term_id	term_name	p_value	term_size	intersection_size	intersection
GSE21546_ELK1_KO_VS_SAP1A_KO_AND_ELK1_KO_DP_THYMOCYTES_DN	GSE21546_ELK1_KO_VS_SAP1A_KO_AND_ELK1_KO_DP_THYMOCYTES_DN	1e-10	187	79	RBM17,ADRA2C,HSP90AA1,OLFM1,NOTUM,RBCK1,RFC4,SLC1A5,CHGA,ANP32B,SNW1,CPAP,ST3GAL4,BRCA1,POLQ,EZH2,MTFP1,KIF4A,DNAJC9,CMTM7,BUD31,EBF3,UTP14A,RUVBL1,DNAJC2,CTNNBL1,CDC26,THAP11,TOR3A,DUS3L,ERLIN1,NRP1,CAMK4,DSCC1,MALSU1,NOM1,DDX23,PGP,HNRNPM,ESF1,PRPF3,INVS,CHERP,NEMP1,TOE1,CCDC59,UBE3D,PINX1,MCM10,MIS18A,NUP88,DIS3L,MRM3,TTLL12,GLA,JMJD6,HADH,CCDC150,MGME1,PSMC3IP,MRPS34,PMS1,RWDD1,ITGB3BP,TCF19,SART3,RSL1D1,SGO2,ZNF394,POLR2H,SLC25A38,DDN,OGFOD1,SIVA1,TICRR,CDCA4,DTYMK,GNL3,FEN1
GSE22589_HEALTHY_VS_SIV_INFECTED_DC_UP	GSE22589_HEALTHY_VS_SIV_INFECTED_DC_UP	1.7834861e-09	182	77	TMEM160,RGS14,JUN,ANTKMT,PPP1R16A,SAPCD2,GADD45GIP1,ATF3,ARHGAP4,MRPL12,NSMF,SUPT3H,HAGHL,CWC22,STUB1,DOHH,RPL13,HSPA1A,CARD11,PTPN18,LMNB2,CHCHD4,CTCF,PARP2,NANS,NSA2,INF2,MLLT1,DVL1,DDX23,DMTF1,DAPK3,EHMT2,VPS51,NOL12,DNAJB1,BAZ1B,CARS1,ARRDC2,SLC7A6OS,POLR2J,BOLA1,LRWD1,TELO2,JMJD6,MPG,ARHGAP45,SIGIRR,BORA,NOCT,EIF4G3,KNSTRN,KMT5C,BATF,RABEP1,USP21,POLD1,RILPL1,HSPB1,ELAC2,IRF1,ZNF862,DALRD3,HK2,VRK3,MRPL17,SLC2A1,SIPA1,NFKBIL1,ARRB2,PRDM2,RNGTT,GPS2,NDUFB10,AGAP3,FKBP15,FERMT3
GSE22886_UNSTIM_VS_IL2_STIM_NKCELL_DN	GSE22886_UNSTIM_VS_IL2_STIM_NKCELL_DN	1.1631873e-09	199	87	DPP4,UBE2S,DCLRE1A,H2AX,HNRNPAB,STIP1,RFC4,CDK2AP2,SQLE,SLC1A5,NUP107,SLCO4A1,CDC25A,CDC6,HSPD1,B3GALNT1,TSEN2,WDR3,CKS2,LTB,DNAJC9,FABP5,RANBP1,TCP1,EXO1,LMNB2,PAK1IP1,GINS2,XPOT,BCCIP,ARHGDIA,CDT1,ERCC6L,JPT2,GINS3,RRS1,IFRD2,MRPL3,MCUR1,CHEK1,MCM10,KLHL2,P4HB,MTHFD1,EBNA1BP2,HSPA9,MCM4,CDK6,NASP,CCT6A,APOO,PRC1,POLR2H,TRIP13,DHCR7,SPOUT1,UBE2M,SMG9,CDCA4,PIGV,FEN1,TP53,MRPL39,MRPL17,PA2G4,POLD2,DONSON,PDSS1,ORC3,EIF2S1,PCNA,TIPIN,FASN,TPM4,HMMR,COPS3,SREBF2,IPO4,PRPF4,CTPS1,BYSL,TEX30,IARS1,SENP3,BLM,ATP1A1,PSMD14
GSE22886_UNSTIM_VS_IL15_STIM_NKCELL_DN	GSE22886_UNSTIM_VS_IL15_STIM_NKCELL_DN	2.4848407e-09	199	74	DPP4,UBE2S,DCLRE1A,MANF,H2AX,HNRNPAB,STIP1,RFC4,CDK2AP2,SMC4,SQLE,SLC1A5,SLCO4A1,CDC6,HSPD1,CKS2,LTB,TUBGCP3,DNAJC9,SLC1A4,RANBP1,TCP1,LMNB2,PAK1IP1,GINS2,XPOT,SLC39A8,EIF3J,CDT1,MSH6,ASCC3,JPT2,MCUR1,RBBP8,MCM10,NSDHL,ELOVL6,TOPBP1,MTHFD1,EBNA1BP2,DTL,MCM4,GRPEL1,NASP,POLD1,CCT6A,APOO,PRC1,POLR2H,TRIP13,CIAO2B,CCT5,RFC5,ALG5,UBE2M,DNMT1,PGRMC1,FEN1,FDX1,NELFE,MRPL39,MRPL17,HDAC2,PA2G4,POLD2,MRPL15,DONSON,EIF2S1,ZZZ3,PCNA,TIPIN,UTP11,TPM4,USP1
GSE24634_TREG_VS_TCONV_POST_DAY3_IL4_CONVERSION_UP	GSE24634_TREG_VS_TCONV_POST_DAY3_IL4_CONVERSION_UP	2.501489e-08	192	79	NOL7,DCLRE1A,HNRNPAB,RBM10,SLC7A5,TAP1,TMEM106C,HSPD1,IFT57,REXO2,LTB,PABPN1,RUVBL1,GGH,PDCD5,MKI67,PLPP1,EXO1,MRPL58,C1QBP,BAG2,NOC4L,EIF2B3,CDT1,ERCC6L,CLPP,GINS3,HNRNPM,POP7,IFRD2,PTBP1,PDCD2,TOE1,NCL,ODC1,MCM10,TARS1,POLR1E,TTI2,ILKAP,MCAT,CFAP20,TSR3,MICAL3,BORA,PFDN2,DTL,TWNK,PMS1,NOLC1,SPDL1,SGTA,IPO5,SLC25A38,ISG20L2,SRM,UBE2M,DUS1L,DTYMK,SUPT16H,MRPL17,POLD2,COX17,UAP1,EIF2S1,TRAF1,LIF,BLMH,IFT56,BZW2,CENPF,NPRL3,RACGAP1,NVL,CTPS1,BYSL,NUDT15,MRE11,UBAP2
GSE21927_SPLEEN_C57BL6_VS_EL4_TUMOR_BALBC_MONOCYTES_DN	GSE21927_SPLEEN_C57BL6_VS_EL4_TUMOR_BALBC_MONOCYTES_DN	1.16703024e-08	198	67	CCDC85B,AATF,UBE2S,FKBP4,SMC4,SLC7A5,HSPA8,KIF15,GADD45GIP1,ETFB,IL18R1,MRPL52,NAT10,NXT1,MRPL34,NUDC,BUD31,NHP2,UTP14A,DNAJC2,EGR2,CLTA,E2F8,EIF3J,MRPS2,PARP2,JPT2,GINS3,IFRD2,GSPT1,BHLHE40,ALG3,NFKB1,ATAD2,TOE1,ODC1,NUP88,MNAT1,TTLL12,TMEM11,CFAP20,HSPA9,NEIL3,MCM4,R3HDM1,PDAP1,ITGB3BP,GRPEL1,NASP,SERBP1,ALDOA,MTREX,MORF4L2,IPO5,DDX49,DNAAF2,PSMG1,POLR2H,UTP18,CLUH,WARS1,HK2,HPF1,DNTTIP2,MRPL40,POLD2,RPP30
GSE24634_TREG_VS_TCONV_POST_DAY10_IL4_CONVERSION_DN	GSE24634_TREG_VS_TCONV_POST_DAY10_IL4_CONVERSION_DN	3.782943144e-07	165	51	GRN,ACVR1B,PIK3IP1,CDKN1A,SLC15A3,VAT1,ITGB2,APLP2,SORT1,GALNT12,SIRPA,PALLD,PLPP3,C2,TNFSF13,MYOF,CD63,EFHD1,RNASE1,PAPSS2,NAGA,CD9,TREM2,RHOQ,CTSB,SPARC,QPRT,PSAP,NPC2,LAMC1,RBM47,ITGB5,LGR4,FCGRT,LAMP2,FKBP9,CAPG,ARHGEF10L,PLXND1,PLAU,GSN,ANPEP,FZD2,SLC7A7,TGFBR1,TIMP2,CCR1,C1S,RAB31,TNS3,TCN2
GSE2405_0H_VS_3H_A_PHAGOCYTOPHILUM_STIM_NEUTROPHIL_UP	GSE2405_0H_VS_3H_A_PHAGOCYTOPHILUM_STIM_NEUTROPHIL_UP	6.41411297e-08	167	64	DUSP4,HFE,SPINT1,CBR3,MMP2,FNDC3B,CACHD1,FXYD6,SHISA4,PXDN,NXN,CLDN7,SWAP70,NKAIN4,ETV6,SLC4A11,CPT1C,KDELR1,APLP2,CYBB,YAP1,ALOX5AP,NCF2,ALAS1,C2,IGDCC4,LARP6,BCAR3,MFGE8,FOXN1,PKP1,RAB11FIP5,TTC39A,COL6A3,GNG11,RRAS,CCL22,THEMIS2,SYNGR2,TIMP1,SERPING1,AMOTL1,LUZP1,SAA2,CSF2RB,GDPD5,LAMC2,IFITM2,LGR4,LAMP2,PLTP,LTBP2,OLFML2A,COL4A1,CTTN,KRT20,ADM,SLC7A7,BGN,SERPINB1,BOC,CDH1,KRT5,CADM4
GSE21063_WT_VS_NFATC1_KO_BCELL_UP	GSE21063_WT_VS_NFATC1_KO_BCELL_UP	7.703650721e-07	146	54	VPS53,ERN2,USP49,NOVA1,FKBP14,RIPK3,PLBD2,FBXO6,SH3PXD2B,NAALADL1,NLRP12,FAM217B,TRAPPC2L,STAT2,TRIP6,MELTF,ARL4C,SLC7A4,HTR1D,NLRC3,CLPTM1L,RPE65,TNS1,HECW1,ANXA6,DUSP2,SELENOP,CXCR6,GPX2,IQGAP2,GPR161,SLC38A3,OAZ2,MPP4,SH3BGRL3,GPNMB,EFNA3,HSD17B14,NT5E,HNF1A,GBA1,CCR5,SLC44A3,ANXA1,NTF4,TPST1,SEMA7A,KYAT3,TIMP1,RASSF2,ECM1,GABARAPL1,EFEMP2,UCP2
GSE15930_NAIVE_VS_24H_IN_VITRO_STIM_INFAB_CD8_TCELL_DN	GSE15930_NAIVE_VS_24H_IN_VITRO_STIM_INFAB_CD8_TCELL_DN	5.31436111e-08	194	91	IL2RA,GZMB,RBM10,RFC4,MRPS22,GTF2E2,RPN1,RIOX2,RNASEH2B,BRCA1,PLK4,EZH2,MRPL18,SPR,MTX2,MKI67,GIT1,CBX1,XPOT,MNS1,RPF2,LMNB1,ESF1,POLD3,CHERP,PDCD2,ZPR1,PLP2,CARS1,AIMP2,SAAL1,JMJD6,PRIM2,MRPL2,NOCT,POLB,PDAP1,RHOT1,CKAP5,TIMM9,POLR3D,NDUFAF4,CCT6A,TRIP13,CCT3,DHCR7,RCC1,RFC5,DHCR24,SRM,GFM1,SIVA1,HASPIN,DNMT1,LUC7L3,HK2,RRP9,CINP,MRPL17,HAX1,COQ5,TOP2A,BLMH,TAMM41,FAM162A,FDFT1,NVL,ERG28,CTPS1,JAGN1,DDX1,RFC2,SLC19A1,MOGS,TACC3,NDUFS6,DDX41,ORC6,ANLN,PREP,MCM2,MRPL37,PSPH,METTL1,IRF8,CSF2,CYP51A1,ENOPH1,INO80E,ACAD9,TGDS
GSE11057_PBMC_VS_MEM_CD4_TCELL_UP	GSE11057_PBMC_VS_MEM_CD4_TCELL_UP	2.5945783961e-06	142	46	BST1,MARCKS,RNASE6,SWAP70,SPRED1,NEXN,PTAFR,CMKLR1,CD8B,STAB1,SLC15A3,FES,ZNF385A,SORT1,RASSF4,ITGA2B,KCNE3,DUSP6,TBC1D8,LILRA6,DOCK5,PLA2G7,VSTM1,MYOF,ARPIN,OAZ2,LILRB3,LGALSL,GNG11,CTSS,RBP7,SPARC,F13A1,ALDH1A1,FCGRT,MTMR11,SOX4,ANPEP,SLC7A7,MYL9,RUBCNL,JUP,TNFAIP2,CCR1,RAB31,PIP5K1B
GSE6259_33D1_POS_DC_VS_CD4_TCELL_DN	GSE6259_33D1_POS_DC_VS_CD4_TCELL_DN	2.5494564408e-06	144	58	TTYH2,ABCA1,INSR,IGF1,RAVER2,LRP6,APOC2,PDGFC,MTUS1,NOVA1,CD72,SCAMP1,MYO7A,SASH1,MACF1,RASGRP1,GNS,FMN1,CMKLR1,GALC,P2RX4,SCAMP5,FOXJ3,SLCO2B1,PGAP1,EVI5,COPZ2,DSE,NCF2,LGALS9,GAS7,GDE1,SELENOP,IKBKE,SERINC3,SNX18,ADAM10,TCF7L2,MIB1,SRC,OLFML3,SEC14L1,GPNMB,SNX27,CPEB4,SEMA4B,CD4,RAB5C,ITGAV,APOE,ITGB5,NCEH1,ACP5,SYPL1,ATP13A3,TIMP2,HPGD,TCN2
GSE24634_TEFF_VS_TCONV_DAY3_IN_CULTURE_UP	GSE24634_TEFF_VS_TCONV_DAY3_IN_CULTURE_UP	1.110644962e-07	189	84	DPP4,GZMB,SMC4,KIF15,MRPL12,TMEM106C,GLRX5,TOMM34,WDR3,EZH2,LTB,DUT,P2RX5,PLPP1,POLRMT,FABP5,TTF2,AVEN,REXO4,RAD51,EIF3J,SMC2,EIF2B2,CDT1,JPT2,CLPP,GINS3,BCL2,MAOA,GFPT2,PTBP1,YBX3,NCL,RGS16,BRIX1,ODC1,TTI2,MNAT1,TTLL12,MTHFD1,MCAT,CTLA4,TSR3,R3HDM1,MRPS34,CKAP2,TAF5,MRPL9,RRP8,RWDD1,KIF20A,PPP1R14B,GRPEL1,MFHAS1,PTS,PRC1,PSMG1,CHN1,NLE1,DTYMK,UBE2C,SUPT16H,MPHOSPH10,SMC6,STK39,COX17,UAP1,PCNA,TOP2A,TIPIN,BLMH,DDX52,CYB5R2,YARS2,SH2D2A,C12orf43,TYMS,PTPRK,EMC6,MYO5C,CTPS1,EED,TTF1,PUM3
GSE2405_HEAT_KILLED_LYSATE_VS_LIVE_A_PHAGOCYTOPHILUM_STIM_NEUTROPHIL_24H_UP	GSE2405_HEAT_KILLED_LYSATE_VS_LIVE_A_PHAGOCYTOPHILUM_STIM_NEUTROPHIL_24H_UP	2.491021779e-07	177	70	TPM2,DUSP4,HFE,SLC6A8,HMGN3,ARNT2,FNDC3B,MMP9,CACHD1,LY6D,CSF1R,SHISA4,GNS,FSCN1,GRN,SWAP70,P2RX4,ITM2C,APLP2,LONRF1,MAGED1,FN1,PRNP,RGS5,CDC42EP3,COPZ2,AHNAK,PALLD,HEXB,NCF2,ALAS1,C2,PFN2,NUAK1,IFITM3,TAGLN,TTC39C,MFGE8,FOXN1,PKP1,TMC4,ANGPTL2,PAPSS2,TTC39A,ANXA2,TP53INP2,ANXA4,GNG11,SLCO2A1,CCL22,SERPINB9,ICAM1,LRP1,SYNGR2,ANXA1,NRP2,PSAP,LAMC2,LITAF,PLTP,PRR13,OGFRL1,AXL,KRT7,WFDC2,TNFAIP2,SERPINB1,HPGD,CDH1,KRT5
GSE21670_UNTREATED_VS_IL6_TREATED_STAT3_KO_CD4_TCELL_UP	GSE21670_UNTREATED_VS_IL6_TREATED_STAT3_KO_CD4_TCELL_UP	5.041791321e-07	170	76	IL13RA1,CLEC2D,NMT2,PLXDC1,ID3,TPP1,TGFBI,MYB,PELI1,PTPRJ,ZYX,TTYH2,ADCY7,PIP4P2,SNRK,FCMR,SFXN3,CREBL2,TMEM144,TXNIP,IL23A,YPEL4,SORBS3,CSF1R,SLC8A1,MINDY1,RNASE6,HAAO,SPPL2A,STAB1,CD109,ITGB2,RAB8B,ACAP2,DYNLT3,CYBB,SLC9A6,NDRG2,AHNAK,SLC16A5,DRC2,CALCOCO1,TMT1A,PDE7A,TNFRSF1A,RNASE1,SH3BGRL3,CORO6,SMIM14,PPFIBP1,CD9,CEMIP2,SDCBP,UTRN,CTSS,RASGRP2,CD4,AQP3,LRP1,SPARC,CD36,ALDH1A1,PSAP,MITF,PRCP,LBH,GPC4,ACP5,CRIM1,GSN,TIMP2,ECM1,TNFAIP2,TMEM63A,GM2A,RRM2B
GSE21546_UNSTIM_VS_ANTI_CD3_STIM_SAP1A_KO_DP_THYMOCYTES_UP	GSE21546_UNSTIM_VS_ANTI_CD3_STIM_SAP1A_KO_DP_THYMOCYTES_UP	5.736723122e-07	175	70	FSD1L,FILIP1L,PLSCR3,ATAD1,SKP1,YPEL5,CTTNBP2NL,AMOTL2,ZNF711,SLC30A9,LANCL1,EVA1A,CYLD,RAB2B,ADAMTS15,TMEM144,PRKCH,IFT52,CREM,ARHGDIB,CYP26A1,ARHGAP12,SERINC1,CPNE3,SMIM3,ANO6,TRAFD1,CAVIN1,RWDD2A,ADGRD1,FN1,CLIP4,TUBB2A,GTF2A1,TRIM33,ATP6V1E1,CCNG2,GBP3,BDH2,ITGB1,VMA22,CCN1,NUAK1,IFITM3,TAGLN,PTPN14,SMIM14,NT5E,SNN,TP53INP2,FSTL1,ANK2,C5orf15,CAP2,ATP2B4,FGD6,MEAK7,PHLDB2,BEX4,CD59,GAB2,IFI35,MLLT11,IFITM1,ADM,TGFB2,TPD52L1,DTX4,GABARAPL1,PRSS23
GSE6269_FLU_VS_STAPH_AUREUS_INF_PBMC_DN	GSE6269_FLU_VS_STAPH_AUREUS_INF_PBMC_DN	4.8467411013e-06	142	52	BST1,FSCN1,GRN,NINJ1,CDKN1A,ELF4,P2RX4,STAB1,SLC15A3,APLP2,SORT1,NEU1,MPP1,FHL3,CDC42EP3,TOLLIP,TOM1,SIRPA,DSE,ABCC6,GAS7,BNIP3L,C2,HIF1A,CD63,RAB1A,PLIN3,LEPROT,MARCHF2,VAMP3,LAPTM4A,PLAUR,SDCBP,MICAL2,SERPINA1,ARF4,ICAM1,SAMD4A,CKAP4,CD36,NPC2,TIMP1,FLVCR2,LAMP2,DAZAP2,SUMO3,ANPEP,ADM,TIMP2,WLS,SERPINB1,NRG1
GSE21379_WT_VS_SAP_KO_TFH_CD4_TCELL_DN	GSE21379_WT_VS_SAP_KO_TFH_CD4_TCELL_DN	2.4127575432e-06	150	41	ANXA9,TRPV2,OSBPL3,NOTCH2,ZBTB4,MLPH,MX2,JADE2,PIK3C2A,BCORL1,HAPSTR1,IGDCC4,AK4,BACH1,TRIB2,PPP6R3,IFFO2,NLGN2,RHOQ,CCDC25,PDP2,HSH2D,ICAM1,MMP11,TOX3,TPST1,LDHB,BAMBI,NECTIN4,RNF217,PRR13,ARHGAP30,MCOLN3,SCUBE3,FZD6,TIMP2,STING1,SHISA5,CAMK1D,RRM2B,HNF4A
GSE24142_EARLY_THYMIC_PROGENITOR_VS_DN2_THYMOCYTE_UP	GSE24142_EARLY_THYMIC_PROGENITOR_VS_DN2_THYMOCYTE_UP	1.827771647e-06	165	64	DENND5A,ADCY7,APOBR,ITIH5,RGS10,MAN2B1,EEIG1,SASH1,TTC3,CSF1R,PTPRE,TJP1,TDRD7,CD44,ANG,ACVR1B,SWAP70,RAP2A,CDH17,FAM91A1,RAMP2,ITGB2,FES,TCEAL1,AHNAK,SIRPA,DAB2IP,TLCD2,DUSP6,ARL5A,DOCK5,NIBAN2,CASD1,IQGAP2,MGST1,GCNT2,EBI3,RHOQ,LGALSL,GGT5,CCR5,RRAS,IL1R2,THEMIS2,LRP1,ANXA1,CD81,TGIF2,MITF,PRCP,SHISA2,TSPAN32,MOB1A,LITAF,PROCR,TGFBR2,RORA,EID1,OGFRL1,STARD8,SOX4,KRT7,TMPRSS3,RAB31
GSE15930_NAIVE_VS_24H_IN_VITRO_STIM_IL12_CD8_TCELL_DN	GSE15930_NAIVE_VS_24H_IN_VITRO_STIM_IL12_CD8_TCELL_DN	1.181135683e-07	195	89	IL2RA,GZMB,RBM10,RFC4,MRPS22,RPN1,RIOX2,RNASEH2B,BRCA1,PLK4,MRPL18,SPR,MTX2,MKI67,GIT1,XPOT,GADD45G,MNS1,RPF2,LMNB1,ESF1,POLD3,CHERP,PDCD2,PLP2,CARS1,AIMP2,SAAL1,JMJD6,MRPL45,PRIM2,MRPL2,NOCT,CKAP2,PDAP1,RHOT1,CKAP5,TIMM9,POLR3D,NDUFAF4,CCT6A,TRIP13,CCT3,DHCR7,RCC1,RFC5,SRM,GFM1,SIVA1,HASPIN,HK2,RRP9,CINP,MRPL17,HAX1,POLD2,COQ5,TOP2A,BLMH,DDX52,TAMM41,FAM162A,NVL,ERG28,CTPS1,JAGN1,DDX1,RFC2,PLSCR1,SLC19A1,MOGS,LRRC59,TACC3,NDUFS6,ORC6,ANLN,PREP,MCM2,MRPL37,PSPH,RNH1,BATF3,METTL1,IRF8,PHB1,ENOPH1,INO80E,ACAD9,TGDS
GSE15930_NAIVE_VS_24H_IN_VITRO_STIM_CD8_TCELL_DN	GSE15930_NAIVE_VS_24H_IN_VITRO_STIM_CD8_TCELL_DN	3.244312552e-07	196	89	IL2RA,GZMB,RBM10,RFC4,MRPS22,GTF2E2,RPN1,RIOX2,RNASEH2B,BRCA1,PLK4,EZH2,MRPL18,SPR,MTX2,MKI67,GIT1,CBX1,XPOT,MNS1,RPF2,LMNB1,ESF1,POLD3,CHERP,PDCD2,PLP2,CARS1,AIMP2,SAAL1,JMJD6,MRPL45,PRIM2,MRPL2,NOCT,CKAP2,PDAP1,RHOT1,CKAP5,TIMM9,NDUFAF4,CCT6A,TRIP13,CCT3,DHCR7,RCC1,RFC5,DHCR24,SRM,GFM1,SIVA1,HASPIN,LUC7L3,HK2,RRP9,CINP,MRPL17,HAX1,POLD2,COQ5,TOP2A,BLMH,DDX52,TAMM41,FAM162A,NVL,ERG28,CTPS1,JAGN1,DDX1,RFC2,SLC19A1,MOGS,TACC3,NDUFS6,DDX41,ORC6,ANLN,PREP,MCM2,MRPL37,PSPH,IRF8,CSF2,CYP51A1,ENOPH1,INO80E,ACAD9,TGDS
GSE9006_TYPE_1_VS_TYPE_2_DIABETES_PBMC_AT_DX_UP	GSE9006_TYPE_1_VS_TYPE_2_DIABETES_PBMC_AT_DX_UP	3.619951094e-07	196	71	CCDC85B,UBE2S,ANTKMT,H2AX,SAFB,CDK2AP2,SLC7A5,GADD45GIP1,ARHGAP4,MRPL12,ABHD17A,MTA1,ATP5F1D,SAFB2,PTMA,DAZAP1,TAF10,NFKBIB,SLC75A1,FABP5,CNOT3,PIN1,SDF2L1,WDR18,SAC3D1,SART1,MRPS2,RBM42,PGLS,SLC2A4RG,SMARCD2,RRS1,DNAJC7,DGKZ,SPINT2,SNRNP70,HNRNPM,SLC25A22,VPS51,TMEM259,APBA3,YJU2,ADRM1,PTBP1,STARD3,PDIA3,CCDC22,CLPTM1,CFDP1,ILKAP,SLC39A4,ZBTB17,TSR3,SIGIRR,HSPA9,HMG20B,RALY,PFDN2,PDAP1,RWDD1,E4F1,SF3A2,WDR74,ERP29,TSSC4,PFDN6,UBE2M,AURKAIP1,NELFB,CDCA4,ATP13A1
GSE39820_TGFBETA3_IL6_VS_TGFBETA3_IL6_IL23A_TREATED_CD4_TCELL_UP	GSE39820_TGFBETA3_IL6_VS_TGFBETA3_IL6_IL23A_TREATED_CD4_TCELL_UP	1.0668139775e-06	179	65	FNBP1L,CTNNA1,MEIS2,AXIN2,PARD6G,LSM14A,SNX13,RGS10,RAP1A,CTNNB1,KLF9,STEEP1,WASHC4,STX1A,RSPRY1,ERN1,TMEM65,MFSD11,PCGF3,VPS26A,MCFD2,GPR160,SERINC1,SLC25A40,CPNE3,MBNL2,GRN,AKAP13,GAPVD1,SPRED1,FBXL5,TMEM127,IGF1R,CORO7,ATXN10,UBE2H,KAT2B,BTBD7,RAB8B,SKIL,SLC25A46,TBC1D15,PIK3R5,SEC24A,EEIG2,TM9SF3,MTHFD2L,LEPROT,QKI,BMPR2,ENPP4,TP53INP1,PPP4R2,PHAF1,PLEKHG2,TGFBR2,IFI35,CTTN,UGCG,GSN,SMAD3,ATL2,CUL4B,TMEM52B,KCNN4
GSE22935_WT_VS_MYD88_KO_MACROPHAGE_48H_MBOVIS_BCG_STIM_DN	GSE22935_WT_VS_MYD88_KO_MACROPHAGE_48H_MBOVIS_BCG_STIM_DN	2.2639523868e-06	180	50	SPRED1,LIX1L,SLC66A3,MAPK3,ITGB2,KDELR1,RAB8B,SKIL,UBASH3B,CYBB,LAT2,ALOX5AP,NCF2,MAPK1IP1L,DENND10,GALNT9,BACH1,SH3BGRL3,PRDM1,ANXA2,CD9,CORO1C,DAP,SDCBP,F2RL1,FSTL1,TRAM1,ANXA1,ACTR3,STARD4,ATP6V1H,NPC2,MOB1A,ITGAV,LUZP1,TMEM128,LITAF,SLC6A20,NSG1,MALT1,TGFBR1,SLC30A7,WLS,CCR1,CAMK1D,PLAT,RAB31,MYO1G,ZNF217,KCNN4
GSE6259_FLT3L_INDUCED_33D1_POS_DC_VS_CD4_TCELL_UP	GSE6259_FLT3L_INDUCED_33D1_POS_DC_VS_CD4_TCELL_UP	1.03537118592e-05	129	51	IMPACT,TTYH2,ETV1,INSR,IGF1,LRP6,PDGFC,MTUS1,SCAMP1,MMP2,MFSD11,RASGRP1,HS1BP3,C1QTNF1,GNG7,DENND6A,TEF,FBXL5,CMKLR1,GALC,P2RX4,IGF1R,STAB1,SERPINF1,SLCO2B1,MPP1,FBLIM1,COPZ2,GPX3,PTGFRN,DSE,NCF2,LGALS9,GAS7,DUSP6,ACOX1,GPX2,SERINC3,ADAM10,TMEM9,TMEM141,SNX27,CDC42BPA,MAPK8,POGLUT3,LAMC1,CLTC,SELENOF,SLC1A3,HPGD,C1S
GSE21546_WT_VS_ELK1_KO_ANTI_CD3_STIM_DP_THYMOCYTES_DN	GSE21546_WT_VS_ELK1_KO_ANTI_CD3_STIM_DP_THYMOCYTES_DN	1.5769111316e-06	182	66	DCLRE1A,OLFM1,CEP83,SLC39A3,ANP32B,NOC3L,ST3GAL4,BRCA1,POLQ,CMTM7,UTP14A,CTNNBL1,TXNDC12,MRPL58,CDC26,THAP11,TOR3A,E2F8,MRPS2,CAMK4,BUD13,DHFR,MALSU1,TEDC2,DDX23,POP7,RIOK1,POLD3,CHERP,CCDC59,UBE3D,ITGA9,MIS18A,NSRP1,TTI2,RBMX2,ASTE1,NUP88,MRM3,MTHFD1,EBNA1BP2,HADH,CCDC150,MCM4,MRPL9,PLD6,ACTR3B,TCF19,FAM111B,NLE1,COPRS,TICRR,CDCA4,DTYMK,GNL3,FEN1,LHFPL1,PIK3CB,JADE1,CLNS1A,DNTTIP2,STK39,POLD2,GPSM2,TBC1D31,MUTYH
GSE24634_TEFF_VS_TCONV_DAY5_IN_CULTURE_UP	GSE24634_TEFF_VS_TCONV_DAY5_IN_CULTURE_UP	8.691766258e-07	194	77	C9orf40,MRPL57,STIP1,RFC4,SMC4,KIF15,CACYBP,CHCHD3,EZH2,PABPN1,NUDC,DUT,GGH,PDCD5,FAF1,RANBP1,EXO1,NDUFAB1,THOC1,EIF3J,SAC3D1,SMC2,DSCC1,CDT1,DHFR,GINS3,VDR,LMNB1,GSPT1,BHLHE40,MCUR1,FOXM1,RBBP8,BRIX1,MCAT,JMJD6,HADH,NFYC,BORA,ITPKA,PFDN2,CKAP2,TAF5,PPP1R14B,UBR7,GRPEL1,CKAP5,SPDL1,NDUFAF4,IPO5,ELAC2,PSMG1,RCC1,RFC5,OGFOD1,UBXN8,DTYMK,GNL3,FEN1,AGPS,EAF2,MRPL40,STK39,COX17,UAP1,EIF2S1,TIPIN,TPM4,SNRNP40,QTMAN,RABIF,CENPF,MPZL1,TYMS,TAF1A,MED6,NUFIP1
GSE24210_RESTING_TREG_VS_TCONV_DN	GSE24210_RESTING_TREG_VS_TCONV_DN	8.666484293e-07	192	61	AHSA1,COMTD1,PPP2CA,ZNF768,NQO1,SQLE,SLC7A5,NSMF,RNASEH2B,TSEN2,CDC34,NCBP1,NAT10,NHP2,RUVBL1,PDCD5,GTF2I,CWC27,MRPS31,USP28,NAP1L4,RBM19,CYBA,EIF3J,EIF2B3,TMEM51,CLPP,CCNQ,IFRD2,FOSL1,PTBP1,SLC25A1,SHQ1,NDUFAF2,MRPL46,EIF2S2,MTHFD1,GEMIN5,MESD,PSMF1,GRPEL1,SSBP1,CKAP5,ABCC4,RSL1D1,MBD3,CCT6A,ELAC2,PSMG1,RCC1,CPTP,SRM,GFM1,CASP4,HMGCS1,TXNL1,CLUH,RRP9,POLR3B,QTRT2,NELFE
GSE39820_CTRL_VS_TGFBETA1_IL6_CD4_TCELL_DN	GSE39820_CTRL_VS_TGFBETA1_IL6_CD4_TCELL_DN	4.0587350848e-06	184	59	RAB11A,HS1BP3,FURIN,ATP6V0E1,ACVR1B,TACC2,SMIM3,SNAPC1,NINJ1,MAPRE1,ETV6,TRAF6,TMEM14C,CORO7,TOX2,KAT2B,TMX4,LIMK2,CCDC6,C6orf120,TSPAN6,CNP,PLD2,HEXB,TLE6,DENND10,PFN2,MAPK9,ABI1,PAFAH1B1,GALNT9,NECAP2,TNFRSF1A,SMPD1,ACAP1,PPME1,CAPZA1,NT5E,ANXA4,RBMS2,ITGA3,PTPN1,SMOX,PSAP,CCNC,LBH,DNASE1L1,CDC50A,PLEKHG2,FEZ2,DAZAP2,B4GALT1,ACP5,GAB2,EID1,ATOSB,PPP1CC,SERPINB1,SGPL1
GSE25677_MPL_VS_R848_STIM_BCELL_UP	GSE25677_MPL_VS_R848_STIM_BCELL_UP	1.53550968834e-05	143	44	PDLIM2,FMNL3,GNS,MARCKS,GRN,PDE8A,SUCO,BID,CDH17,ERO1A,SORBS2,GRAMD1B,CYBB,DSE,PLEKHA1,COPG2,PLA2G7,MYOF,BCAR3,PTPN14,PRDM1,CD9,ID2,ARHGEF12,UTRN,EDEM1,CD36,CD81,NRP2,PSAP,SEMA7A,NDST1,CSF2RB,LY6S,RBM47,MCOLN3,PLXND1,ALPL,CCR1,CARMIL1,TBL1XR1,GM2A,NEBL,ACKR3
GSE45739_NRAS_KO_VS_WT_UNSTIM_CD4_TCELL_UP	GSE45739_NRAS_KO_VS_WT_UNSTIM_CD4_TCELL_UP	1.3972652495e-06	183	72	KLF2,KLF6,ANKRD37,DNAJA1,PFKFB3,NKD2,SLC1A5,NSMF,MRPL41,CDC6,LRFN4,NOC3L,PNP,TRIB1,NUDC,TXLNG,SRFBP1,BCCIP,SIK1,JPT2,GINS3,PLK3,BCL2,SRPRB,ERICH1,GSPT1,NIFK,ALG3,ATAD2,SDF4,NDUFAF2,NCL,PTGS2,MCM10,MCRIP2,POLR1E,EIF2S2,ARHGAP45,GALNT18,MSH2,NETO2,TWNK,PLD6,RSL1D1,DRG1,MTHFD1L,FAM111B,DLX2,HJURP,ICAM2,ISG20L2,GFM1,DCAF13,COPRS,UTP18,TRNT1,QTRT2,MRPL39,TASOR2,NMD3,SLC2A1,PDSS1,EIF2S1,TIPIN,LONRF3,USP1,RBM18,DNAJA3,LTV1,HNRNPF,C2CD2L,IPO4
GSE20715_0H_VS_24H_OZONE_LUNG_UP	GSE20715_0H_VS_24H_OZONE_LUNG_UP	6.4474681499e-06	161	57	CASP8,TANC1,ELK3,TCTA,SEMA4D,HFE,STMP1,MPND,SEPTIN10,ARHGDIB,TMED4,EPHA1,FMNL3,SLC38A5,ALDH7A1,BABAM1,ARHGAP1,TSPAN13,DCTN6,TNFSF10,TRPV2,NIT1,MGLL,MPP1,RAC2,TLCD2,RNF138,PKP2,CAMK2G,SLC6A6,RHPN2,OAZ2,TMOD3,SMIM14,PRDM1,HS2ST1,CORO1A,GNG11,MYO1F,THEMIS2,PLEKHA6,CDC42SE2,SLC40A1,MMP11,CD36,NRP2,EMP2,CYTH3,IRS1,PPP2R3A,LSP1,FZD2,SHISA5,SERPINB1,REEP3,TGFB2,MYO1G
GSE24634_TEFF_VS_TCONV_DAY10_IN_CULTURE_DN	GSE24634_TEFF_VS_TCONV_DAY10_IN_CULTURE_DN	5.0706110634e-06	173	52	CBLC,CLDN7,GRN,ACVR1B,NINJ1,ZDHHC7,DHX58,PI4K2A,CMKLR1,TRPV2,SLC8B1,ITGB2,APLP2,FES,CAVIN1,CLIP4,ST3GAL5,MPP1,NPTN,ATP6V1E1,NCF2,ALAS1,ALDH2,S100A13,CD63,ITGA5,GPNMB,VAMP3,CD9,RHOQ,SDCBP,THEMIS2,LMBR1L,CD81,PSAP,NPC2,PRCP,DAB2,LAMP2,CAPG,ARHGEF10L,CTTN,STARD8,FZD2,SGPL1,COL8A2,TLE2,CCR1,ZNF185,RAB31,TNS3,GABARAPL1
GSE6269_HEALTHY_VS_STAPH_PNEUMO_INF_PBMC_DN	GSE6269_HEALTHY_VS_STAPH_PNEUMO_INF_PBMC_DN	2.56647499042e-05	134	50	LCN2,MCFD2,CHMP3,BST1,FURIN,GNS,ANG,COL17A1,GRN,RAB3D,ANXA9,STAB1,APLP2,SORT1,S100P,ITGA2B,CYBB,CRTAP,GPX3,TOM1,BPI,ABCC6,BNIP3L,CD63,SLC35F6,BCL3,RAB1A,PLIN3,ANGPTL2,CTNNBIP1,MARCHF2,VAMP3,LAPTM4A,PLAUR,SDCBP,MICAL2,NINJ2,CTSS,BAG4,CKAP4,CD36,FLVCR2,CSF2RB,SLC16A1,LAMP2,DAZAP2,ADM,MYL9,TIMP2,SERPINB1
GSE15271_CXCR4_POS_VS_NEG_GC_BCELL_DN	GSE15271_CXCR4_POS_VS_NEG_GC_BCELL_DN	6.0793867646e-06	156	50	TAX1BP1,TXNIP,PPM1H,EIF2AK3,NFATC2,FOXK1,RANBP10,EXT1,COQ10B,FURIN,USP12,VPS37B,TRAF6,DCTN6,TMX4,KLF13,SH3PXD2A,AHNAK,TBC1D15,PIK3R5,SLC16A5,ANXA6,RNF138,ABHD2,MTMR3,ACOX1,TNKS2,RETREG3,PRDM1,ID2,WDR45B,ZNFX1,THEMIS2,RC3H1,CIRBP,LRP1,SUGCT,RARG,FEZ2,ZYG11B,SNX4,B4GALT1,RORA,AHR,ZFAND6,SOX4,TGFBR3,PIK3CD,TREML2,ATP2A3
GSE43955_10H_VS_60H_ACT_CD4_TCELL_WITH_TGFB_IL6_DN	GSE43955_10H_VS_60H_ACT_CD4_TCELL_WITH_TGFB_IL6_DN	3.954347634e-06	179	62	GHITM,RECK,ELK3,S100A6,LANCL1,PSMD2,ESRP2,FKBP7,CD72,PON1,HAL,CDS2,IFI27L2,LPIN2,ANXA7,MATN2,LY6E,C1QTNF1,MAPK6,BMPR1B,HDAC3,STT3B,CCNT1,ADGRE1,MELTF,HSD17B2,MYL2,TSPAN6,TUBB2A,MX2,HAS2,WWTR1,DUSP6,GNGT2,RCAN1,C2,GPX2,GPR162,CCN1,TAGLN,F3,OAZ2,SMAD5,ANXA2,PLAUR,ID2,SLC22A17,KRT6A,PPP4R2,KCNQ2,SLC1A2,NYNRIN,MDM2,CACNB3,WLS,HPGD,TPD52L1,COL1A1,TIMP3,OLR1,FOLR1,KCNN4
GSE36476_CTRL_VS_TSST_ACT_72H_MEMORY_CD4_TCELL_YOUNG_DN	GSE36476_CTRL_VS_TSST_ACT_72H_MEMORY_CD4_TCELL_YOUNG_DN	6.618517952e-07	197	77	IL2RA,NQO1,RFC4,KIF15,AFG2B,CDC25A,TMEM106C,CDC6,TBL2,POLA1,SMC1A,CKS2,POLQ,STT3A,DUT,HSPA1A,GGH,MKI67,SAP30,FABP5,TTF2,LMNB2,GINS2,RAD51,SAC3D1,DHFR,ERCC6L,JPT2,VDR,TJP2,MCUR1,FOXM1,RBBP8,CHEK1,MAP7D3,STIL,MCM10,TARS1,AIMP2,MIS18A,TTI2,FBXO5,ELOVL6,RAD54L,GLA,GRK3,DTL,NEIL3,BATF,KIF20A,CKAP5,POLR2H,SRM,DSN1,ACAA2,DTYMK,CENPE,FEN1,WARS1,UBE2C,UBFD1,TXN,DNAJB6,PCNA,RBM4B,TOP2A,TPM4,CDCA3,HMMR,RAD51D,PFAS,EGR3,TYMS,KIFC1,TRAIP,GLRX2,CTPS1
GSE24814_STAT5_KO_VS_WT_PRE_BCELL_UP	GSE24814_STAT5_KO_VS_WT_PRE_BCELL_UP	4.02164349509e-05	139	59	KDELR3,CTNND1,TGM2,IRF6,MYO10,PCDHB11,SHBG,ARHGEF11,ZNF821,GRINA,HPCA,AQP1,MAP4K4,TMEM8B,TCTA,KCNN1,DOCK9,ATP2B2,PARD3,RIMS3,EPHA1,MCAM,CASP10,LY6E,ANG,BMP7,CLCN5,SERPINA5,KLF5,SORT1,PDE6A,GRAMD1B,MYO1A,CLP1,TNNI1,LGALS9,CAMK2G,LAMA3,ADGRL2,TAGLN,CRACDL,F2RL1,MMP11,LAMC1,BCAM,MMP7,RAB3B,TGFBR2,PADI2,USH1C,MX1,TIMP2,BGN,TLE2,ZNF185,COL1A1,MRC2,CADM4,TIMP3
GSE40068_CXCR5POS_BCL6POS_TFH_VS_CXCR5NEG_BCL6NEG_CD4_TCELL_DN	GSE40068_CXCR5POS_BCL6POS_TFH_VS_CXCR5NEG_BCL6NEG_CD4_TCELL_DN	4.7120586132e-06	179	73	MYO10,NCOA3,HSDL1,AFF1,MYB,SAMD8,EPB41L1,CDC42EP4,ATP6V1D,LARP4B,RGS10,IL6ST,MBTD1,MGAT5,ZBP1,TTC3,CSRNP2,RASGRP1,EXT1,ADCY6,DLG4,MARCKS,XKRX,MBNL2,ACVR1B,CUL3,PIK3IP1,SPRED1,STT3B,TSPAN13,AGO2,TRIP12,ZNF281,PPP1R3B,MPP1,SLFN5,SH3PXD2A,TNS1,HIPK3,SLC16A5,PMEPA1,SELENOP,SPSB1,PACSIN1,PPM1B,UBTD2,PRICKLE1,BCL3,NAB2,TRIB2,OAZ2,ARHGAP29,ZNF629,PLAUR,TUBB2B,CKAP4,CD81,TGIF2,BTF3L4,LDHB,NDST1,TSPAN32,PLEKHG2,CYTH3,MTSS1,SOX4,TGFBR3,PALS1,TIMP2,SMO,CNN3,VANGL2,PDE4B
GSE24634_TREG_VS_TCONV_POST_DAY5_IL4_CONVERSION_DN	GSE24634_TREG_VS_TCONV_POST_DAY5_IL4_CONVERSION_DN	1.18421591548e-05	163	50	ARHGAP12,LRP10,CSF1R,MINDY1,PTPRE,SCML1,FSCN1,MARCKS,GRN,CDKN1A,HLA-E,SLC8B1,TSPAN6,NEU1,FN1,DPYD,CYBB,ST3GAL5,MX2,PIK3C2A,SIRPA,PLEKHA1,TMT1A,TNFSF13,ACP2,ZNF629,VAMP3,RHOQ,CTSS,NAGLU,CCL22,LIMCH1,CTSB,IL1R2,LMBR1L,SYNGR2,CKAP4,CD81,CACNB1,NPC2,LBH,FCGRT,ACP5,PLXND1,SLC1A3,SLC7A7,TIMP2,SGPL1,CCR1,C1S
GSE10325_LUPUS_BCELL_VS_LUPUS_MYELOID_DN	GSE10325_LUPUS_BCELL_VS_LUPUS_MYELOID_DN	9.3925981449e-06	174	50	ZCCHC24,CSF1R,PTPRE,GNS,ACVR1B,ZDHHC7,TMEM127,GALC,STAB1,APLP2,RASSF4,MPP1,SIRPA,HEXB,SLC16A5,NCF2,DUSP6,TBC1D8,ALDH2,MYOF,TCF7L2,TNFRSF1A,ITGA5,OAZ2,PLIN3,ASB13,ALDH3B1,LILRB3,VAMP3,PLAUR,SDCBP,MICAL2,SERPINA1,CTSB,MYO1F,LRP1,CD36,PSAP,TIMP1,FLVCR2,TBC1D2,FEZ2,ATP6V1B2,FCGRT,ARHGEF10L,PLXND1,ANPEP,SLC7A7,TNFAIP2,RAB31
GSE7852_TREG_VS_TCONV_UP	GSE7852_TREG_VS_TCONV_UP	9.819522693e-06	184	52	SP6,SWAP70,ALAD,BID,TSPAN13,SHE,ITM2C,PHTF2,LONRF1,UBASH3B,PRNP,CORO2A,LAPTM4B,ISG20,CD99L2,NCMAP,SH3BGRL,YPEL2,PMEPA1,MTMR3,ARL5A,IKZF4,PLEKHB2,MAGED2,TNFRSF9,H2AZ1,BCL3,MIB1,AK3,C9orf152,EBI3,BMPR2,RALBP1,ANXA4,IL1R2,MAPKAPK2,SYNGR2,SH3BGRL2,CD81,NCKAP5,ARID5B,CISH,CAPG,ATOSB,OGFRL1,SOCS2,TGFBR1,WLS,TMPRSS3,BCL2L15,REEP3,PIP5K1B
GSE4142_PLASMA_CELL_VS_MEMORY_BCELL_DN	GSE4142_PLASMA_CELL_VS_MEMORY_BCELL_DN	1.59973410552e-05	168	58	RAB5IF,CTU1,BOD1,PGBD5,CCDC124,MRPL41,PKNOX1,ZNF777,GLRX5,ENPP3,LSM7,LIN7A,NFKBIB,KLF16,CMSS1,DUT,NHP2,CCDC171,RPAP1,ACOT2,TNRC18,PIN1,TRIM36,C1QBP,GINS2,CNKSR3,TJP2,PCSK5,STOX1,FBXW5,CETN3,YBX3,MLF1,SOX8,COL14A1,COA7,PHF5A,PTK6,FOXA2,DIS3L2,LHX9,MRPL2,CFAP20,ANGPT1,OSBPL6,RAB3IP,PMS1,TIMM9,C2CD2,CFAP298,EEF1AKMT1,SMN1,XRCC2,SUPT16H,KIAA0319,GAS6,MRPL40,POLD2
GSE3982_MAC_VS_TH1_UP	GSE3982_MAC_VS_TH1_UP	9.380098009e-06	170	77	CHD9,CTSH,REPS2,ARAP1,VCL,ACE,TMEM9B,SNX29,IMPACT,MTMR1,DENND5A,GNG12,SNX13,TCTA,KLF9,HOXD3,ENG,TRDMT1,TVP23B,RASAL2,MMP2,CD14,SASH1,IFNAR1,LYSET,GCA,SLC6A12,KLHL24,CHMP3,SIDT2,ACBD3,EFR3A,SWAP70,ZDHHC7,DENND1B,USP12,ZHX3,ANXA9,TMEM127,EEF1AKMT3,GALC,VAT1,APLP2,SGSM2,TMX4,SDHD,COMMD8,TCEAL1,CES3,TUBB2A,EOGT,NDRG2,C11orf71,METTL22,WWTR1,MAPK1IP1L,PXDC1,SERINC3,FAM131A,WSB1,TNFRSF1A,CLN8,ENTPD7,PSG9,DPP8,ANXA4,LRP1,SAMD4A,ITGAV,TMED7,PLEKHO2,SLC25A24,OGFRL1,TXNRD3,PLAU,ARHGEF17,NTM
GSE7764_IL15_TREATED_VS_CTRL_NK_CELL_24H_UP	GSE7764_IL15_TREATED_VS_CTRL_NK_CELL_24H_UP	4.9466273818e-06	196	74	CRLS1,NQO1,SLC7A5,MEMO1,WEE1,CDC25A,CDC6,CPAP,MIS12,FAM174C,BRCA1,PLK4,CMSS1,EZH2,NAT10,MTFP1,BRCC3,E2F8,PARP2,ENKD1,GSTCD,CKAP2L,ALG3,SLC25A1,CETN3,ATAD2,THYN1,RGS16,CLSPN,RBMX2,RAD54L,MID1IP1,L3HYPDH,MRM3,XRCC3,SCARB1,MVD,CTR9,MCM3,MBNL3,WDR74,TIMM9,CHADL,HSD17B7,EME1,TMEM39A,APOO,PLRG1,PIM2,UBE2C,UBFD1,CINP,MPHOSPH10,CCNA2,STK39,UAP1,MOAP1,GOT1,GPSM2,TOP2A,SLC9A2,BZW2,CENPF,FAM111A,TYMS,KIFC1,DPAGT1,ALYREF,TIMM21,URB1,IARS1,SEMA6D,CARNMT1,THUMPD2
GSE39820_TGFBETA1_IL6_VS_TGFBETA1_IL6_IL23A_TREATED_CD4_TCELL_UP	GSE39820_TGFBETA1_IL6_VS_TGFBETA1_IL6_IL23A_TREATED_CD4_TCELL_UP	1.10447838198e-05	188	83	MARCHF7,FBXW11,UBR3,BMP2K,KRAS,BCR,UNC45A,PLSCR3,NUP153,MYB,FNBP1L,SIAH1,CEP85,LRRC39,ARMCX4,ELK3,CTNNB1,KLF9,MGAT5,STX1A,RSPRY1,CDS2,WDR26,EIF2AK3,ZMYM2,POLR2B,BLOC1S6,CPNE3,GRN,GAPVD1,TACC2,SPRED1,FNIP2,TSPAN13,POFUT1,CORO7,ATXN10,UBE2H,OSBPL3,ITGB2,PTBP3,TOX2,KAT2B,TMX4,UBASH3B,DNAJB5,RAB18,ZNF451,ECT2,RTF1,GNA13,VCPIP1,COPG2,BDH2,MAPK9,EEIG2,PIK3R1,CASD1,MAGED2,ACVR1,PAFAH1B1,GCNT2,FBXO2,BMPR2,TUBGCP5,PLCG1,NT5E,ARL8B,ATP6V1H,SEMA7A,TIMP1,CDC50A,GAB2,RORA,PRR13,PXN,MTSS1,CTTN,GSN,TGFBR1,REST,ALPK2,RNF141
GSE15767_MED_VS_SCS_MAC_LN_UP	GSE15767_MED_VS_SCS_MAC_LN_UP	2.28469831696e-05	160	51	SRL,SEPTIN10,SASH1,HYCC1,MTCL2,GPR160,ACSS1,RNASE6,TNFRSF21,NINJ1,MTMR6,TEP1,STAB1,NOTCH2,TSPAN6,GPR35,CYBB,TMEM150B,TENT2,DSE,PGPEP1,ALDH2,ADGRL2,PTPRO,IFITM3,MORF4L1,IQGAP2,TMPRSS4,HYAL2,MYO1C,RAB11FIP5,CLN8,KRT80,ARPC5,NAGLU,LRP1,SELENBP1,NRP2,NPC2,CSF2RB,RBM47,IFITM2,ACP5,NECTIN4,APBA1,STARD8,GSN,SLC7A7,FNIP1,RAB31,TCN2
GSE17974_CTRL_VS_ACT_IL4_AND_ANTI_IL12_12H_CD4_TCELL_DN	GSE17974_CTRL_VS_ACT_IL4_AND_ANTI_IL12_12H_CD4_TCELL_DN	8.4465745283e-06	190	82	FADD,ENDOG,FKBP4,CDK2AP2,RXYLT1,MLKL,TBL2,TSEN2,IL18R1,NPW,IER3,MRPS26,MRPL18,DGAT2,TMEM121,INTS13,PRPF38A,ATP1B3,XPOT,SMKR1,PEMT,FNTB,RRS1,SPINT2,GPR183,POP7,IFRD2,MCUR1,BBS7,NEMP1,BAZ1B,BRIX1,SPRY4,MCAT,LYAR,AIG1,SCFD2,NIF3L1,GRK3,MIPEP,PPP1R14B,TCF19,TP53BP1,EMILIN2,PSMG1,POLR2H,RCC1,SRM,NLE1,SMG9,SEC11C,PIGV,FEN1,FTSJ3,RRP9,TRIB3,CTSL,MRPL17,POLD2,PIGM,SSNA1,KEAP1,RAD51D,HYOU1,SH2D2A,QTMAN,RNGTT,DNAJA3,EGR3,OARD1,FAM162A,DNPH1,EIF4EBP1,ERG28,BYSL,GLS,C17orf100,DESI1,EED,PUM3,SLC19A1,BLM
GSE7460_CD8_TCELL_VS_TREG_ACT_UP	GSE7460_CD8_TCELL_VS_TREG_ACT_UP	1.05925595516e-05	167	48	GPR160,ACSS1,USP32,IGF2,SMIM3,NKAIN4,PTPN22,VPS37B,RPS5,FBXL5,MFAP2,MOSMO,TRAFD1,UBE2H,ARL6IP5,CCDC6,PREX1,BCORL1,DSE,GAS7,GTPBP2,CXCR6,H6PD,PDE7A,MFGE8,HID1,BORCS6,PLCG1,PLAUR,ID2,F2RL1,MYO1F,COX7A2L,PBXIP1,BPNT2,ATP2B4,ITGB5,FCGRT,GRAMD2B,FOXJ2,PXN,EPSTI1,MALT1,ALPL,TMEM63A,CAMK1D,NCALD,PDE4B
GSE7218_UNSTIM_VS_ANTIGEN_STIM_THROUGH_IGG_BCELL_DN	GSE7218_UNSTIM_VS_ANTIGEN_STIM_THROUGH_IGG_BCELL_DN	0.0002465536607896	112	35	PIM1,LCN2,RASGRP1,SEPTIN1,SOCS1,CCRL2,ITGB2,CORO2A,ISG20,RAC2,CXCR6,PLA2G7,VIL1,C19orf12,SV2C,CORO1A,LFNG,SELPLG,DGKA,SLC43A3,RUNX2,ALDH1A1,SERPING1,HAVCR2,EPSTI1,IFITM1,LSP1,AXL,LCK,SHISA5,TREML2,PLAT,MYO1G,IL2RB,NRG1
GSE7218_IGM_VS_IGG_SIGNAL_THGOUGH_ANTIGEN_BCELL_DN	GSE7218_IGM_VS_IGG_SIGNAL_THGOUGH_ANTIGEN_BCELL_DN	5.72778713437e-05	125	36	LCN2,SEPTIN1,SOCS1,PTPN22,STAT2,DHX58,TNFSF10,TRAFD1,MRAS,LONRF1,UBE2L6,ISG20,CD28,CXCR6,VIL1,RYBP,SV2C,SERPINB9,DGKA,SLC43A3,HSH2D,RUNX2,ICAM1,ALDH1A1,SERPING1,HAVCR2,CISH,PROCR,IFI35,BST2,EPSTI1,IFITM1,LCK,TREML2,PLAT,NRG1
GSE10325_CD4_TCELL_VS_MYELOID_DN	GSE10325_CD4_TCELL_VS_MYELOID_DN	1.30736388771e-05	167	52	ATP6V0A1,CSF1R,SLC6A12,SIDT2,MARCKS,RNASE6,CLCN5,ZDHHC7,CDKN1A,FAM114A1,SLC15A3,SERPINF1,APLP2,NOTCH2,CYBB,LAT2,SIRPA,DSE,HEXB,ALDH2,TMT1A,CDK2AP1,TNFSF13,SCRN1,OAZ2,LILRB3,PLAUR,CORO1C,RHOQ,ANXA4,SNX27,SLC43A3,ICAM1,THEMIS2,LRP1,QPRT,PRCP,DENND3,CSF2RB,RBM47,PADI2,GAB2,ENC1,MTMR11,GSN,ADM,SLC7A7,CCR1,RAB31,GM2A,TNS3,RNF141
GSE46606_UNSTIM_VS_CD40L_IL2_IL5_DAY3_STIMULATED_BCELL_DN	GSE46606_UNSTIM_VS_CD40L_IL2_IL5_DAY3_STIMULATED_BCELL_DN	6.6377802916e-06	185	81	JUND,CRLS1,KLF6,CEBPD,GZMB,HNRNPAB,SNX25,CDC6,HSPD1,EGLN1,LRFN4,TSEN2,HSPA5,PLPP1,POLRMT,CHCHD4,NOL8,PALS2,RAD51,EIF3J,ZDHHC9,OTUD5,DDX10,GINS3,NANS,RPF2,ERICH1,LYSMD2,RPS19BP1,EPOP,SURF6,NCL,PLP2,AIMP2,MCRIP2,CHD1L,ZNF664,EBNA1BP2,MSH2,ZNF473,BATF,GRPEL1,TNFRSF1B,MTHFD1L,IL17RB,MRM2,PPP1R15B,CDCA4,GNL3,HEY1,TRNT1,WARS1,SRI,GPR55,TRIB3,RABGGTB,QTRT2,EPHB2,DRC9,PDSS1,RPP30,NDUFAF6,RBM18,RABIF,DNAJA3,TAF1A,WRNIP1,SKI,BYSL,ATG101,RPP38,SPIN4,PUM3,PPAN,DNAAF5,FBXO30,BATF3,METTL1,SFT2D1,RERE,BCS1L
GSE9006_TYPE_1_DIABETES_AT_DX_VS_1MONTH_POST_DX_PBMC_UP	GSE9006_TYPE_1_DIABETES_AT_DX_VS_1MONTH_POST_DX_PBMC_UP	1.08567930968e-05	190	65	TMEM160,KLF2,DUSP1,UBE2S,SAFB,MRPL12,ATP5F1D,REX1BD,EGLN1,RPN1,SAFB2,ODF2,IER3,STT3A,HSP90B1,KIF4A,HSPA5,TSC22D3,GLUL,INTS3,MAFB,CYBA,WDR18,SART1,FKBP5,RBM42,PDK4,CDT1,NFE2L2,TMEM259,TRIM58,PPP4R3A,SLC25A20,PTBP1,RABAC1,JUNB,YBX3,PDIA3,ELMO1,NCL,AGPAT3,CCDC22,CTSD,KLHL2,HMGB2,P4HB,MSL2,EHD4,HNRNPA3,HSPA9,RCL1,MAP3K8,BSG,OSTF1,ALDOA,HNRNPU,DUSP10,SEC31A,RTN3,RRP12,CDCA4,RAB8A,CCL2,AGPS,SVIL
GSE3920_UNTREATED_VS_IFNA_TREATED_ENDOTHELIAL_CELL_UP	GSE3920_UNTREATED_VS_IFNA_TREATED_ENDOTHELIAL_CELL_UP	5.30209388192e-05	153	53	LMBRD2,SNX13,CSF1,SEMA4D,MAP4K3,STOM,TMEM86A,SCAMP1,CALM3,MPI,MCFD2,BCL2L1,CKB,TRAPPC2L,RAP2A,P2RX4,CRYZL1,STAB1,SLC15A3,ITGB2,UBASH3B,SLCO2B1,DYNLT3,FBLIM1,ATP6V1E1,DUSP6,SNX30,PLEKHB2,LEPROT,IL10,OLFML3,RAB14,TREM2,EEA1,ID2,SDCBP,ARL8B,THEMIS2,ATP6V0D1,LRP1,NRP2,TPST1,NPC2,ITGAV,RBM47,DAB2,PLEKHO2,NCEH1,LAMP2,GAB2,IFITM1,PLAU,TIMP2
GSE37532_TREG_VS_TCONV_CD4_TCELL_FROM_LN_UP	GSE37532_TREG_VS_TCONV_CD4_TCELL_FROM_LN_UP	2.23328442811e-05	188	84	RAB5IF,ENDOG,YDJC,SLC7A5,CDC25A,CDC6,HSPD1,TSEN2,WDR3,HSP90B1,DNAJC2,PLPP1,EXO1,CHCHD4,C1QBP,MIX23,RIMKLA,MRPS2,NUDT9,EIF2B3,ZDHHC23,ZC3H15,TRMT61A,NFIL3,SRP68,NIFK,ALG3,SURF6,SHQ1,AIMP2,MCRIP2,POLR1E,CHD1L,TMEM216,EBNA1BP2,RCL1,CHLSN,BSN,ZNF239,NOP14,SF3A2,ATAD3A,WDR74,TIMM9,RSL1D1,NDUFAF4,LZIC,CCT6A,MFHAS1,PSMG1,CCT3,NOP58,CFAP298,AEN,SRM,CLUH,ECI1,HK2,USP39,FTSJ3,CLNS1A,MPHOSPH10,HYOU1,IDH3A,SURF2,TOP1MT,DYM,TSR1,GART,CTPS1,TTC27,PLSCR1,SLC19A1,METTL13,THUMPD1,MRPL37,METTL1,POLR3E,WDR75,PRMT5,TMA16,MTRES1,MAGOHB,HDGF
GSE41867_DAY6_VS_DAY8_LCMV_ARMSTRONG_EFFECTOR_CD8_TCELL_DN	GSE41867_DAY6_VS_DAY8_LCMV_ARMSTRONG_EFFECTOR_CD8_TCELL_DN	7.8881672388e-06	192	64	MANF,DNAJB11,HSPA8,AFG2B,GTF2F2,SUPT3H,LSM7,NOC3L,MRPL52,MRPS26,NUDC,DNAJC2,HSPA5,NDUFS7,RPAP1,PAK1IP1,LARS2,REXO4,DDX10,TEDC2,HNRNPM,POP7,HEMK2,BHLHE40,DPH5,ZPR1,EEFSEC,UBE3D,COA7,PHF5A,AIMP2,ELOVL6,ZNG1B,MED30,RPA2,TRIM44,RWDD1,PPIE,GRPEL1,MCM3,WDR74,MRPL1,IPO5,LZIC,MFHAS1,DDX49,SLC25A38,ZNF213,CCT5,AEN,CEP63,NLE1,UBXN8,DUS1L,MRPL17,NOB1,NCOA5,MSRA,TADA2A,MPHOSPH6,FASN,CHAMP1,BZW2,PCBD2
GSE22886_NAIVE_CD8_TCELL_VS_MONOCYTE_DN	GSE22886_NAIVE_CD8_TCELL_VS_MONOCYTE_DN	2.18792504109e-05	175	57	LAPTM5,GCA,CSF1R,HS1BP3,PTPRE,ARID3A,EXT1,GNS,MARCKS,GRN,ETV6,BID,PTAFR,TMEM127,SLC15A3,APLP2,NOTCH2,DPYD,CYBB,CLCN6,LAT2,CDC42EP3,SIRPA,HEXB,NCF2,DUSP6,TNFSF13,ATP6V1A,BCL3,BACH1,LEPROT,LILRB3,VAMP3,ANXA2,CAPZA1,CORO1C,SDCBP,SERPINA1,CTSS,CTSB,CKAP4,CD36,PSAP,NPC2,FLVCR2,TBC1D2,CSF2RB,FEZ2,GAB2,CAPG,MTMR11,SLC7A7,TIMP2,TNFAIP2,CCR1,RAB31,TNS3
GSE25088_IL4_VS_IL4_AND_ROSIGLITAZONE_STIM_STAT6_KO_MACROPHAGE_DAY10_UP	GSE25088_IL4_VS_IL4_AND_ROSIGLITAZONE_STIM_STAT6_KO_MACROPHAGE_DAY10_UP	2.2590755321e-05	175	67	CDIPT,RAB11FIP1,MED13L,MANSC1,KLF3,LIMD2,MEGF9,H2AC14,AKT1,TNRC6B,FAM174A,RSBN1L,NEDD8,LBR,CDA,MBTD1,NCOA2,HAL,EIF4E3,TMEM65,WDR26,TUBA1C,BAZ2B,CCNY,PPP4R1,NLRP12,TOB2,RAB3D,NTN4,DHTKD1,SMURF2,APLP2,TMX4,EIF4EBP2,WIPI2,RAB11FIP4,MTURN,EXOC6,HIPK3,GNAI2,ABHD2,MTMR3,DOCK5,CALCOCO1,ELAPOR1,H2AZ1,SPTSSA,ACAP1,FHIP2A,C11orf21,SSH2,RALBP1,DPP8,F2RL1,HYCC2,RUNX2,MYO1F,MAP3K2,PRCP,PRDX3,ATP2B4,DSTYK,PADI2,ARHGAP30,PGGHG,ZNF185,MPP7
GSE10325_LUPUS_CD4_TCELL_VS_LUPUS_MYELOID_DN	GSE10325_LUPUS_CD4_TCELL_VS_LUPUS_MYELOID_DN	4.22924855701e-05	168	51	MARCKS,RNASE6,GRN,ZDHHC7,BID,STAB1,SLC15A3,APLP2,RASSF4,CYBB,MPP1,LAT2,SIRPA,DSE,HEXB,NCF2,GAS7,DUSP6,TBC1D8,ALDH2,TNFSF13,MYOF,PLIN3,ALDH3B1,LILRB3,NAGA,PLAUR,CORO1C,RHOQ,SDCBP,SERPINA1,SLC43A3,CTSB,CKAP4,CD36,PSAP,CSF2RB,RBM47,ATP6V1B2,FCGRT,GAB2,OGFRL1,ANPEP,SLC7A7,TIMP2,JUP,TNFAIP2,CCR1,RAB31,GM2A,TNS3
GSE39916_B_CELL_SPLEEN_VS_PLASMA_CELL_BONE_MARROW_UP	GSE39916_B_CELL_SPLEEN_VS_PLASMA_CELL_BONE_MARROW_UP	6.13370552821e-05	172	61	G0S2,SAMD8,CDC42EP4,LARP4B,ZBTB34,GTF2IRD1,GK5,NFKBID,NRM,ARID3B,EIF4E3,ZBP1,TTC3,ADCY6,MARCKS,SUSD1,XKRX,CUL3,DENND6A,USP34,STT3B,CBX2,AGO2,SHE,TRAM2,ZNF281,TUBB2A,PPP1R3B,TKTL1,NLRC3,NDRG2,TNS1,GUCD1,MYL6B,SLC16A5,BNIP3L,PURB,PMEPA1,GDPD3,UBTD2,BCL3,PADI3,RASGRP2,PDLIM1,MMP11,CD81,PODXL,SEMA4G,ZYG11B,CHD3,MTSS1,MX1,SOX4,GSN,PALS1,ECM1,TREML2,FRY,SMO,FRMD6,VANGL2
GSE21546_WT_VS_SAP1A_KO_AND_ELK1_KO_DP_THYMOCYTES_DN	GSE21546_WT_VS_SAP1A_KO_AND_ELK1_KO_DP_THYMOCYTES_DN	4.24073435502e-05	181	75	SIRT3,MTMR12,ESAM,NHLRC3,CSNK1G3,LRRC4C,CERS4,IRF6,ABCG1,TTC28,FNBP1L,NFIA,ATP8B2,PARD6G,SH2D5,LSM14A,ZFHX3,ITIH5,PHACTR4,CAMKK1,TMEM269,IL17RE,RASAL2,MMP2,SASH1,TTC3,NR2C1,AMOT,CCND2,ANKRD50,DDAH2,RHBDF1,PEAR1,GRAMD1B,PHTF2,TAMALIN,DCUN1D1,LAPTM4B,PREX1,LRRC28,IGIP,ACOX1,GTPBP2,SYNE4,NIBAN2,RETREG3,TCF7L2,RAB11FIP5,ARHGAP29,MYOM1,SPOPL,PLCG1,HMGA2,FSTL1,UTRN,SLCO2A1,TEAD2,AGO1,TP53INP1,SPRED3,LUZP1,RBM47,PROCR,MAMDC2,ARHGAP30,ZFAND6,COL4A1,MYLK,AXL,PIANP,ST3GAL1,FRY,TLE2,TSPAN14,VLDLR
GSE5142_HTERT_TRANSDUCED_VS_CTRL_CD8_TCELL_LATE_PASSAGE_CLONE_UP	GSE5142_HTERT_TRANSDUCED_VS_CTRL_CD8_TCELL_LATE_PASSAGE_CLONE_UP	8.8141270143e-06	195	57	HSP90AA1,UBE2S,ZNF367,POGLUT2,NUP107,NR2F6,MRPL41,WEE1,GTF2E2,HSPD1,ZNF296,POLA1,MZT2B,CKS2,HIRIP3,MKI67,FIRRM,PLPP1,FABP5,RANBP1,TCP1,TTF2,SLC25A4,LMNB2,GINS2,E2F8,FKBP5,DSCC1,TJP2,NIFK,BHLHE40,SF3A3,CEP89,PRKCSH,NMNAT1,GTSE1,BORA,KNSTRN,ITGB3BP,PPP1R14B,CDK6,SGO2,NDUFS8,APOO,ECI2,DMWD,PIM2,DSN1,DTYMK,SEC11C,CCDC34,MRPL39,CCNA2,NDUFB7,PDSS1,TOP2A,DCUN1D5
GSE22886_NAIVE_TCELL_VS_MONOCYTE_DN	GSE22886_NAIVE_TCELL_VS_MONOCYTE_DN	2.66463486589e-05	179	53	LAPTM5,GCA,HS1BP3,PTPRE,EXT1,GNS,MARCKS,GRN,BID,PTAFR,TMEM127,SLC15A3,APLP2,NOTCH2,NEU1,DPYD,CYBB,LAT2,CDC42EP3,SIRPA,HEXB,NCF2,DUSP6,LILRA6,TNFSF13,ATP6V1A,BACH1,LILRB3,VAMP3,CORO1C,RHOQ,SDCBP,CTSB,ATP6V0D1,CKAP4,CD36,PSAP,NPC2,FLVCR2,TBC1D2,CSF2RB,FEZ2,RBM47,ATP6V1B2,GAB2,CAPG,ARHGEF10L,MTMR11,SLC7A7,TIMP2,TNFAIP2,CCR1,TNS3
GSE19888_CTRL_VS_TCELL_MEMBRANES_ACT_MAST_CELL_PRETREAT_A3R_INH_UP	GSE19888_CTRL_VS_TCELL_MEMBRANES_ACT_MAST_CELL_PRETREAT_A3R_INH_UP	5.65756235407e-05	157	68	FNDC8,ARHGAP19,SNAP47,INSIG2,TLCD4,WARS2,AGL,BRWD1,GLO1,PLCXD2,REPS2,RPS3,HBS1L,ENPEP,NFIA,DCAF6,LRRC39,ANKMY2,SLC30A9,BMPR1A,CCNG1,PRKACA,IL23A,AKAP12,TTC3,WDR26,MAGEF1,CSF1R,CEP20,ATP5MG,SUCO,NTN4,STAB1,UBE2H,SGSH,CMBL,SLCO2B1,FN1,ZBTB4,PGAP1,FN3K,RGS5,NDUFB5,CDC42EP3,HEXB,BNIP3L,TLE6,SELENOP,ELAPOR1,LYPLA1,UQCRC2,STYX,RHOQ,RCAN2,RBP7,CHODL,COX7A2L,SELENBP1,RHOBTB3,FBLN5,NFE2L3,MRPL42,RAB3B,IRS1,COL26A1,ZFAND6,TGFBR3,VLDLR
GSE22886_NAIVE_CD4_TCELL_VS_MONOCYTE_DN	GSE22886_NAIVE_CD4_TCELL_VS_MONOCYTE_DN	4.52725780304e-05	174	49	PTPRE,GNS,MARCKS,GRN,BID,SLC15A3,NIT1,NOTCH2,NEU1,DPYD,CYBB,CLCN6,NPTN,LAT2,CDC42EP3,SIRPA,HEXB,NCF2,DUSP6,TNFSF13,ATP6V1A,LILRB3,VAMP3,UBA3,ANXA2,CAPZA1,CORO1C,SDCBP,MICAL2,CTSS,CTSB,ATP6V0D1,CKAP4,CD36,PSAP,NPC2,FLVCR2,TBC1D2,CSF2RB,FEZ2,GAB2,CAPG,ARHGEF10L,SLC7A7,TIMP2,TNFAIP2,CCR1,RAB31,TNS3
GSE360_T_GONDII_VS_B_MALAYI_HIGH_DOSE_MAC_DN	GSE360_T_GONDII_VS_B_MALAYI_HIGH_DOSE_MAC_DN	6.83650501982e-05	164	45	BAHD1,BST1,CCT6B,FSCN1,HELZ,CYB5R1,UBA7,PTAFR,FLOT2,STAB1,S100P,NEU1,PSMB5,NDRG2,HOXB2,GAS7,SELENOP,PLEKHB2,RAB40B,VAMP5,OAZ2,F2R,ALDH3B1,TTC39A,NAGA,CD9,PBX2,DAP,IST1,MYO1F,INPP4B,CD4,IQSEC2,COX7A2L,F13A1,PRCP,RASSF2,IFITM1,ARF3,SCN1B,FZD2,AASS,TNFAIP2,ZNF185,ZNF652
GSE24634_TEFF_VS_TCONV_DAY7_IN_CULTURE_DN	GSE24634_TEFF_VS_TCONV_DAY7_IN_CULTURE_DN	4.83160433095e-05	174	57	HEXIM1,FNDC3B,CDS2,ATP6V0A1,PTPRE,CD44,GNS,ANG,RNASE6,PHKG2,PI4K2A,RHBDF1,NRIP3,SLC8B1,APLP2,CLCN6,TNS1,SIRPA,DSE,PLPP3,NCF2,PLEKHA1,LILRA6,TNFSF13,PLA2G7,CHI3L1,CD63,ACP2,F3,BACH1,FBXO2,VAMP3,CD9,CORO1C,CTSS,RRAS,CCL22,SLC46A3,CTSB,CIRBP,CKAP4,CD81,PSAP,ATP6V1H,NPC2,DAB2,GPC4,PLEKHO2,FCGRT,ACP5,ARHGEF10L,PLXND1,GSN,TMEM41B,C1S,CARMIL1,GM2A
GSE3982_BCELL_VS_NKCELL_DN	GSE3982_BCELL_VS_NKCELL_DN	0.0001089983304276	133	55	PDE4A,HDAC11,CDH9,MMRN2,PATJ,USB1,ANOS1,SAMHD1,ALDH1A2,IGF2R,VCL,PCDHB11,PITPNM3,MXRA7,MUC1,SOX13,SYNGR1,ZNF362,MYO7A,SASH1,LPIN2,TIAM2,SCARB2,FNDC4,EEF1AKMT3,SGSH,ARL4C,MPP1,ZMAT3,PALLD,RCAN1,TBC1D8,C2,TSPAN1,LPP,BDNF,MFGE8,EPS8L3,XCR1,DDX6,SPON2,AFF4,SLC43A3,KRT6A,ATP2B4,RORA,SEMA4C,IFITM1,UNC5B,ADM,LCK,MUC5AC,NRG1,GABARAPL1,CYP24A1
GSE37532_TREG_VS_TCONV_PPARG_KO_CD4_TCELL_FROM_LN_DN	GSE37532_TREG_VS_TCONV_PPARG_KO_CD4_TCELL_FROM_LN_DN	2.93923906608e-05	189	74	NEDD9,TAP1,MRPL12,WDR3,PNP,CMSS1,NAT10,NXT1,PRDX4,NHP2,UTP14A,HSPA5,EGR2,HSP90AB1,TYW1,PAK1IP1,CYBA,EIF5B,EIF3J,RPF2,RRS1,SRPRB,TMEM223,IFRD2,NCLN,RUNX3,NIFK,IKBKB,NFKB1,PDIA6,ATP13A2,SHQ1,P4HB,LYAR,CCDC86,SNX9,TM2D2,POLB,RCL1,EIF4G3,LTBP3,TWNK,GRPEL1,NOP14,SSBP1,WDR74,NR4A1,NDUFAF4,MTHFD1L,TGFB1,MIOS,NLE1,RRP12,UBXN8,CLUH,MRRF,CD83,RIOK2,CALR,DCUN1D5,ZNHIT6,SH2D2A,PFAS,EGR3,YIF1A,PLSCR1,PUM3,ZNF317,PPAN,NAMPT,KARS1,MRPL24,ABTB2,DNAAF5
GSE9006_HEALTHY_VS_TYPE_2_DIABETES_PBMC_AT_DX_UP	GSE9006_HEALTHY_VS_TYPE_2_DIABETES_PBMC_AT_DX_UP	1.37235575627e-05	194	63	CCDC85B,PCBP1,FBXL15,UBE2S,RBCK1,SAFB,MRPL12,NSMF,MTA1,ATP5F1D,REX1BD,CHCHD3,RPN1,SAFB2,CBX4,CAPN15,DAZAP1,TAF10,DBI,PABPN1,SLC75A1,CNOT3,ATP1B3,WDR18,SAC3D1,SART1,LTBP4,SMARCD2,DNAJC7,DGKZ,RNF126,HNRNPM,IDUA,DEAF1,VPS51,RDH14,ADRM1,PTBP1,MCUR1,SLC25A1,HSF1,STARD3,PDIA3,SLC52A2,CCDC22,CFDP1,SMIM10L1,ILKAP,BICRAL,TSR3,MAP2K2,HSPA9,HMG20B,RALY,PFDN2,PDAP1,OSTF1,PPP1R14B,SF3A2,ERP29,NDUFS8,HNRNPU,DDX49
GSE6269_HEALTHY_VS_STAPH_AUREUS_INF_PBMC_DN	GSE6269_HEALTHY_VS_STAPH_AUREUS_INF_PBMC_DN	0.0001435179500074	147	45	CMTM6,MAPT,ASPHD1,EFNB2,SLC6A8,MYL11,MATN2,TPSAB1,CD44,FSCN1,ZDHHC7,DOCK6,RAMP2,BTBD7,EIF4EBP2,CHRNA4,WIPI2,MPP1,DNAJB5,PLD2,TOLLIP,METTL22,ABCC6,GAS7,BNIP3L,LRRC41,ETHE1,SLC52A1,SLC38A3,CTNNBIP1,CALD1,VAMP3,ALPG,MICAL2,QARS1,NTRK1,CHP1,KRT3,TNFRSF10D,SMPDL3B,PIAS3,RAB31,NRG1,LZTS1,KRT81
GSE43863_TH1_VS_LY6C_INT_CXCR5POS_MEMORY_CD4_TCELL_UP	GSE43863_TH1_VS_LY6C_INT_CXCR5POS_MEMORY_CD4_TCELL_UP	5.09988491226e-05	186	53	RBM17,AATF,IL15RA,PDF,HSP90AA1,IL2RA,ID1,CEP83,TAP1,ATF3,CACYBP,HSPD1,TSEN2,NOC3L,THOP1,NFKBIB,NAT10,SLC1A4,UTP14A,RUVBL1,DNAJC2,ANKRD28,LMNB2,WDR18,SRFBP1,MRPS2,BCCIP,EIF2B3,MLLT1,IFRD2,SLC25A1,EPOP,SIAH2,BRIX1,AIMP2,GMEB2,SELENOS,EIF2S2,SCARB1,RCL1,CHLSN,NFKB2,RABL6,TRIM44,PDAP1,POLR3D,TMEM39A,CCT6A,MFHAS1,SPOUT1,SRM,WIZ,NLE1
GSE25087_TREG_VS_TCONV_ADULT_UP	GSE25087_TREG_VS_TCONV_ADULT_UP	5.32304696453e-05	170	59	MYB,SAMD8,CTNNA1,PIWIL4,ATP8B2,RNF19A,PLS3,CASP8,SETD7,ELL2,RAP1A,SSH1,MUC6,EPS15,PHACTR2,BARD1,RCHY1,RAB3D,EEF1AKMT3,FAM91A1,KAT2B,SGSH,S1PR2,CORO2A,CDC42EP3,CRTAP,SLC25A46,FAM43A,VCPIP1,PTBP2,SNX30,DENND10,IKZF4,SNTB2,ELAPOR1,TTC39C,PDP1,MIB1,FHIP2A,ANXA2,UCK2,CAPZA1,UTRN,TRAF5,ATP2B4,SLC16A1,SLC25A24,RORA,AHR,ZFAND6,SOCS2,PTPN7,RUBCNL,PIAS3,HPGD,REEP3,GLCE,IL2RB,GABARAPL1
GSE30962_PRIMARY_VS_SECONDARY_ACUTE_LCMV_INF_CD8_TCELL_UP	GSE30962_PRIMARY_VS_SECONDARY_ACUTE_LCMV_INF_CD8_TCELL_UP	3.8436073102e-05	189	73	H2AX,PAQR4,MEMO1,GTF2E2,CDC6,REXO2,CKS2,BRCA1,DBI,PLK4,EZH2,KIF4A,NUF2,MXD3,EXO1,VAV2,PKMYT1,SDF2L1,E2F8,PALS2,RAD51,FKBP5,SMC2,MNS1,DSCC1,FNTB,MGST2,ERCC6L,CKAP2L,KALRN,AKAP1,STIL,MCM10,CLSPN,FBXO5,RAD54L,HMGB2,PARPBP,TTLL12,NEIL3,CASS4,MIPEP,KIF20A,MCM3,SGO2,EME1,NDUFS8,TRIP13,HJURP,EYA1,TAF1,SIVA1,XRCC2,TICRR,CENPE,ZAP70,NDC80,RAB11FIP3,CENPP,CLASP1,CINP,CCNA2,WAS,MOAP1,C12orf75,TOP2A,CDCA3,HYOU1,SPC25,CENPF,ESCO2,SPEF1,GALNS
GSE29614_CTRL_VS_DAY7_TIV_FLU_VACCINE_PBMC_DN	GSE29614_CTRL_VS_DAY7_TIV_FLU_VACCINE_PBMC_DN	8.89322410876e-05	164	61	MANF,CEP128,POU2AF1,DNAJB11,KIF15,MRPL12,CDC6,SCG3,FBH1,ANKRD16,REXO2,STT3A,HSP90B1,PRDX4,KIF4A,NUF2,GGH,MKI67,TPX2,PRPF38A,SDF2L1,E2F8,CENPI,SMC2,PARM1,MAN1A1,SRPRB,USO1,MYDGF,SLC30A5,SEL1L3,FOXM1,B4GALT3,CHEK1,FBXO5,PARPBP,SELENOS,CREB3L2,MTHFD1,BHLHE41,SLC41A2,SLC2A5,DTL,TXNDC15,TRIP13,IFT25,ALG5,DSN1,SEC11C,KIF14,EAF2,ASB3,ALG9,TPM4,HSD17B6,HMMR,CENPF,TYMS,ZCCHC2,XBP1,SPATS2
GSE24142_EARLY_THYMIC_PROGENITOR_VS_DN3_THYMOCYTE_UP	GSE24142_EARLY_THYMIC_PROGENITOR_VS_DN3_THYMOCYTE_UP	6.10898916677e-05	170	51	SASH1,HYCC1,ARHGAP12,CSF1R,PTPRE,TJP1,CD44,ACVR1B,CDH17,P2RX4,RAMP2,FES,TCEAL1,TAGLN2,RIPOR1,SIRPA,TLCD2,DUSP6,ARL5A,DOCK5,IGDCC4,TTC39C,MGST1,GCNT2,UAP1L1,GLIS2,EBI3,CD9,RHOQ,GGT5,RRAS,RASGRP2,THEMIS2,SELENBP1,ANXA1,CKAP4,CD81,PRCP,SHISA2,TSPAN32,LUZP1,LITAF,PROCR,RORA,OGFRL1,GSN,KRT7,SERPINB1,RAB31,GABARAPL1,HNF4A
GSE21360_TERTIARY_VS_QUATERNARY_MEMORY_CD8_TCELL_UP	GSE21360_TERTIARY_VS_QUATERNARY_MEMORY_CD8_TCELL_UP	6.5105028489e-05	162	55	APOC2,RGS10,HPSE,MAN2B1,CTNNB1,HFE,CABLES1,MGAT5,HAL,LY6E,GAL3ST4,FURIN,RAP2A,CYB5R1,TRPV2,STAB1,CD109,SORT1,CMBL,ADAMTSL4,PAQR7,LAT2,GPX3,PTGFRN,HEXB,AP2S1,RCAN1,SOCS6,GDE1,SELENOP,NME4,SPSB1,FZD7,NECAP2,TMEM9,OLFML3,KIFC3,SSH2,LFNG,LRP1,F13A1,TSPAN9,DAB2,ITGB5,FCGRT,NCEH1,GSN,AXL,ECM1,STING1,CCR1,GM2A,TCN2,TSPAN14,CCR3
GSE33292_WT_VS_TCF1_KO_DN3_THYMOCYTE_DN	GSE33292_WT_VS_TCF1_KO_DN3_THYMOCYTE_DN	6.70128626995e-05	188	99	SPRY2,DCLRE1A,FKBP4,H2AX,RFC4,TRIM14,ETFB,TMEM106C,CDC6,SIGMAR1,POLA1,CKS2,PLK4,DUT,GGH,TUBA4A,FABP5,RANBP1,EXO1,TTF2,TPX2,C1QBP,PKMYT1,BAG2,RABEPK,SLC39A8,DHFR,POP7,FOXM1,NEMP1,KAT2A,CHEK1,AKAP1,STIL,MTHFD1,GTSE1,PRIM2,HADH,PRPSAP1,GCLC,SLC27A2,HSPB1,GSS,PSMG1,TRIP13,IFT25,CCT5,RFC5,SIVA1,DTYMK,SACS,CENPE,UBE2C,NDC80,TXN,GPSM2,TOP2A,MPHOSPH6,HMMR,CENPF,COPS3,PRKAR2B,TSR1,GART,NEDD4,IARS1,PRIM1,BLM,TOB1,BUB1,ADK,DLGAP5,FANCG,CENPA,EFCAB11,CHAF1A,LDHA,GMPS,ACAT2,MACIR,CKS1B,TTK,ACOT7,CDC45,MELK,KNTC1,UNG,ZWINT,GNAQ,B4GALT2,SLC7A1,CYP1B1,LIG1,PSCA,MT2A,SPAG5,PHGDH,NME1,ATIC
GSE32034_LY6C_HIGH_VS_LOW_MONOCYTE_UP	GSE32034_LY6C_HIGH_VS_LOW_MONOCYTE_UP	7.35098880692e-05	165	47	ERN1,C5orf22,EEF1A2,CDH3,LCN2,RASGRP1,TFF3,BLOC1S6,TNFRSF21,ARL4D,RAB3D,TNFSF10,TRPV2,ITGB2,TMEM98,CDC42EP3,CRTAP,GAS7,DOCK5,PTPRO,HYAL2,RHPN2,EFHD1,IL10,AK3,PRDM1,ANXA2,PLAUR,CEMIP2,ANXA4,CCL22,RUNX2,PODXL,SEMA7A,SPMIP5,SLC25A24,RORA,FKBP9,MCOLN3,WLS,TMEM41B,ATP2A3,REEP3,NUDT4,GM2A,MYO1G,GABARAPL1
GSE411_100MIN_VS_400MIN_IL6_STIM_MACROPHAGE_DN	GSE411_100MIN_VS_400MIN_IL6_STIM_MACROPHAGE_DN	2.30401885545e-05	194	71	AHSA1,SLC3A2,SLC1A5,SLCO4A1,DOT1L,SUGT1,NR4A2,WEE1,MRPS22,SUPT3H,GLRX5,MFSD12,RIOX2,CREG1,THOP1,HIRIP3,NHP2,PDCD5,NDUFAB1,XPOT,NOL8,EIF5B,CLPP,TRMT61A,IFRD2,MRPL3,ALG3,POGK,AIMP2,TTI2,GLA,LYAR,GTSE1,GEMIN5,MVD,PIGU,GCLC,RWDD1,PPP1R14B,KMT5A,SERBP1,SLC29A2,MTHFD1L,PFDN6,RCC1,CCDC90B,CFAP298,NPM1,WDR70,ALG5,SMN1,UTP18,CLUH,FASTKD1,TRIB3,CINP,HAX1,RIOK2,SIMC1,GOT1,FAM185A,CNOT9,ACTN1,SURF2,CEP170B,FAM162A,DPAGT1,QTRT1,DDX1,NMNAT3,PLSCR1
GSE10325_LUPUS_CD4_TCELL_VS_LUPUS_BCELL_DN	GSE10325_LUPUS_CD4_TCELL_VS_LUPUS_BCELL_DN	0.0003257274513726	144	41	RASGRP3,SIDT2,MARCKS,RNASE6,GNG7,GRN,SWAP70,DDAH2,BTN2A2,VPS37B,TSPAN13,DHTKD1,ITM2C,ORAI2,GGA2,CYBB,LAT2,TMT1A,TAGLN,SCRN1,CORO1C,RHOQ,ZNF532,PTPN1,TPD52,PDLIM1,LAMC1,PRCP,DNMBP,DENND3,CSF2RB,B4GALT1,SLC7A7,RUBCNL,CD24,TLE1,RAB31,GM2A,TNS3,DTX4,PIP5K1B
GSE13547_CTRL_VS_ANTI_IGM_STIM_BCELL_12H_DN	GSE13547_CTRL_VS_ANTI_IGM_STIM_BCELL_12H_DN	7.17240640914e-05	161	51	RBM17,PCBP1,CHORDC1,IL2RA,FKBP4,HSPD1,CDC34,ADAMTS17,CMSS1,RPL13,UTP14A,RUVBL1,WASHC3,CDC26,ACYP1,BCCIP,GPR183,COX10,DPH5,LEF1,RNASEH2C,HS3ST3B1,CPM,ASF1A,UTP25,MTHFD1,IL15,PFDN2,IHH,RPL14,AUP1,UBR7,WDR74,ERP29,ALDOA,CCT6A,RPL36A,PSMG1,RETREG1,NSMCE1,IRF2BP2,PRSS12,EYA2,ACAA2,UQCC3,CLNS1A,ERAP1,HAX1,ATG5,MTLN,PARP8
GSE15735_2H_VS_12H_HDAC_INHIBITOR_TREATED_CD4_TCELL_UP	GSE15735_2H_VS_12H_HDAC_INHIBITOR_TREATED_CD4_TCELL_UP	7.22074837155e-05	182	67	KIF1B,IBTK,FKBP1A,ASAP1,UXS1,SNAP47,BMP2K,ZNRF1,IRF6,NUP153,IGF2R,ZBTB7B,RNF19A,MIF4GD,MYO18A,ITIH5,SSH1,RCAN3,GCAT,LNX2,TMEM65,EPS15,RANBP10,CDH3,FBXO42,CKB,PJA2,FLOT2,P2RX4,ITM2C,DNAJB5,SLFN5,TASP1,RTF1,CD28,NCMAP,TRAPPC1,NCF2,MTMR3,PFN2,SELENOP,SFT2D2,MYOF,HIF1A,SLC5A3,TRIB2,ARHGAP29,CD9,TUBB2B,CD4,CIRBP,CD81,LIMA1,TSPAN32,CISH,SLC25A24,CAPG,ARHGAP31,SYPL1,MTSS1,PLXND1,TGFBR3,TGFBR1,FNIP1,ECM1,TWSG1,UCP2
GSE29617_CTRL_VS_DAY7_TIV_FLU_VACCINE_PBMC_2008_DN	GSE29617_CTRL_VS_DAY7_TIV_FLU_VACCINE_PBMC_2008_DN	0.00016988673422	163	67	HM13,MANF,POU2AF1,TRAPPC12,CACYBP,LMAN2L,FBH1,STT3A,HSP90B1,PRDX4,SPOP,GGH,WASHC3,MEN1,CCT4,RPAP1,NDUFAB1,SDF2L1,PPP1R21,IFI27,MAN1A1,CDCA7,HERC4,MYDGF,SEL1L3,RABAC1,PDIA6,MIS18A,MTRF1,SELENOS,MTHFD1,PIGU,PMS1,PLPP5,MCM3,PABPC1L,TYSND1,NSUN5,CFAP298,AURKAIP1,UBXN8,SEC11C,FASTKD1,EAF2,PPP1R7,HAX1,UQCC1,GNPAT,HYOU1,PSME3IP1,MRI1,NDUFB10,NSMCE4A,SPATS2,NVL,LMAN2,PPIB,IARS1,TTF1,METTL3,BLM,FAM219B,MRPL24,PPP1R3E,METTL8,MRPL37,PRDX1
GSE5542_UNTREATED_VS_IFNA_TREATED_EPITHELIAL_CELLS_6H_UP	GSE5542_UNTREATED_VS_IFNA_TREATED_EPITHELIAL_CELLS_6H_UP	0.0002225240918334	151	49	RUBCN,BMPR1A,ILRUN,NFATC1,STOM,RIPK3,ERN1,PHF12,LPIN2,NFATC2,OGDH,PHACTR2,LLGL2,ETV6,CAPN1,SESN3,PI4K2A,CMIP,SLC4A11,ORAI2,DKK3,ARL6IP1,AHNAK,LGALS9,ITGB1,ZFYVE1,GIPR,USP46,F2R,NBEAL2,SH3BGRL3,SEC14L1,PRDM1,ANXA2,DNAJC22,ANXA4,MYO1F,CACNB1,MAP3K12,ARID5B,ATP2B4,LUZP1,HAVCR2,ATP6V1B2,CRIM1,TGFBR3,ARF3,IL2RB,GABARAPL1
GSE13887_HEALTHY_VS_LUPUS_RESTING_CD4_TCELL_UP	GSE13887_HEALTHY_VS_LUPUS_RESTING_CD4_TCELL_UP	0.0007722418830078	87	29	EXT1,SOSTDC1,MARCKS,SLC2A10,FECH,FLOT2,TMEM45A,FBXO10,COQ8B,KRT6B,S100A16,TPM1,LAMA3,ADGRL2,CUEDC1,ADGRF5,BDKRB2,MAP3K9,ITGA5,LILRB3,PADI3,MFSD2B,PNMA2,QPRT,S100A14,FOXJ2,TUBB4A,KRT5,GM2A
GSE37533_UNTREATED_VS_PIOGLIZATONE_TREATED_CD4_TCELL_PPARG1_AND_FOXP3_TRASDUCED_UP	GSE37533_UNTREATED_VS_PIOGLIZATONE_TREATED_CD4_TCELL_PPARG1_AND_FOXP3_TRASDUCED_UP	9.37241576879e-05	174	45	BID,PTAFR,NRIP3,LRP12,SORT1,BCAT1,DPYD,NDRG2,ZNF207,GPX3,ALOX5AP,NCF2,ALAS1,PSMD11,ABHD2,PMEPA1,ACOX1,ATP6V1A,RIT1,CHI3L1,F3,SRC,EBI3,UCK2,PLAUR,CORO1C,ATP5MC3,PDXK,CCL22,SLC43A3,DLD,IL1R2,CYCS,CD81,ATP6V1H,BTG3,MMP7,SLC1A3,CRIM1,GSN,ATP13A3,HEG1,IL2RB,OLR1,KCNN4
GSE34156_UNTREATED_VS_24H_NOD2_LIGAND_TREATED_MONOCYTE_DN	GSE34156_UNTREATED_VS_24H_NOD2_LIGAND_TREATED_MONOCYTE_DN	4.85573602779e-05	167	61	NR1H3,CTNNA1,GRINA,ABCA1,LY96,HPSE,MAP4K3,DIP2B,CAPZA2,PSMB1,CD14,LYSET,GCA,CSF1R,VPS26A,FBXO42,PTPRE,DOC2B,NLRP12,GRN,SMIM3,SWAP70,PTAFR,TMEM127,ZNF100,CD8B,ZNF385A,TMEM98,BCAT1,CYBB,MPP1,SIRPA,DSE,METTL22,NCF2,LGALS9,ALAS1,BRI3,MYOF,MGST1,SRC,ALDH3B1,LILRB3,CORO1C,SYNGR2,NRP2,RAB12,NPC2,GRTP1,CSF2RB,RBM47,ATP6V1B2,TRPS1,PLAU,ANPEP,ADM,TIMP2,MOB1B,RAB31,GM2A,TNS3
GSE17974_CTRL_VS_ACT_IL4_AND_ANTI_IL12_24H_CD4_TCELL_DN	GSE17974_CTRL_VS_ACT_IL4_AND_ANTI_IL12_24H_CD4_TCELL_DN	2.99809875064e-05	195	82	FADD,ZNF367,ZNF787,SLC25A43,MRPL12,CCDC124,ETFB,TMEM106C,CPAP,TBL2,WDR3,MRPL52,CKS2,EZH2,MRPL18,PRDX4,HIRIP3,SAP30,INTS13,TPX2,SDF2L1,ATP1B3,WDHD1,SMKR1,CLPP,TEDC2,LMNB1,NIFK,SLC25A20,THYN1,RNF8,PRELID1,NUP88,MTHFD1,SCFD2,NIF3L1,MIPEP,ZNF239,PPP1R14B,ACTL6A,RPP25,CCT6A,PSMG1,MLYCD,IMPA2,TUBE1,NLE1,ACAA2,DTYMK,ECI1,FEN1,FTSJ3,SCCPDH,CCDC34,MRPS33,PDHA1,CCNA2,TIPIN,UTP11,SH2D2A,IFT56,RNGTT,DNAJA3,PPIL1,OARD1,DYM,DNPH1,ERG28,CTPS1,DESI1,RFC2,EED,GPANK1,PRIM1,SLC19A1,QDPR,CDK5,CCDC121,PRDX1,MRPS18A,ZW10,SFT2D1
GSE29618_MONOCYTE_VS_MDC_DAY7_FLU_VACCINE_UP	GSE29618_MONOCYTE_VS_MDC_DAY7_FLU_VACCINE_UP	0.0001384414588561	163	53	HAL,CD14,SASH1,FXYD6,SERINC1,EXT1,BST1,CD44,GNS,PIK3IP1,NINJ1,ZDHHC7,ADGRE1,FBXL5,TMEM127,STAB1,APLP2,CLIP4,CYBB,MPP1,CDC42EP3,TOM1,NCF2,BNIP3L,DUSP6,MTMR3,PLA2G7,TCF7L2,CD63,AGFG1,VAMP3,SDCBP,SERPINA1,UTRN,CTSS,PDXK,ICAM1,CTSB,THEMIS2,CKAP4,CD36,ALDH1A1,PSAP,NPC2,ATP6V1B2,ENC1,SYPL1,ARHGEF10L,PLXND1,SLC7A7,FRY,ZNF185,TSPAN14
GSE40273_XBP1_KO_VS_WT_TREG_DN	GSE40273_XBP1_KO_VS_WT_TREG_DN	0.0001611287524242	172	64	KCNMB4,NEK6,ATXN1,REV3L,ASIC1,ATP8B2,TNRC6B,ANKRD33B,B4GALT5,SMG1,EID2,DENND11,BMPR1A,ZNF362,TRABD2B,HMGN3,PLA1A,PIK3R6,NFATC2,FMNL3,CD44,GNS,FSCN1,HELZ,STT3B,LIX1L,BID,CDH17,RHBDF1,ITM2C,VAT1,OSBPL3,RASSF4,TK1,NDRG2,PLD2,SH3PXD2A,AHNAK,KLF12,ZMAT3,TLCD2,ZFYVE1,PACSIN1,SPN,PKP1,NBEAL2,ANXA2,NT5E,ID2,ARHGEF12,ME3,MICALL1,MYO1F,PTPN1,CKAP4,CD81,SEMA7A,NDST1,GAN,ADM,SLC29A4,REEP3,ZNF217,KCNN4
GSE17721_0.5H_VS_8H_LPS_BMDC_DN	GSE17721_0.5H_VS_8H_LPS_BMDC_DN	0.0001062903326393	173	46	DHX58,PI4K2A,FAM91A1,KAT2B,ATXN7L3,TAMALIN,MAGED1,G3BP2,ATL3,TNNI1,TOLLIP,GNA13,RNF34,IGF2BP1,TENT2,DUSP2,GTPBP2,TBC1D13,ABI1,IREB2,PAFAH1B1,CXCL6,OAZ2,C19orf12,VAMP3,MAN1A2,CAPZA1,C5orf15,RUNX2,SLC40A1,ANXA1,MITF,TRAF5,TMED7,PCP4,PHLDB2,STAT5A,CAPN5,BST2,EPSTI1,ATOSB,MMP14,PPP1CB,NECTIN2,MOB1B,RRM2B
GSE31082_DN_VS_CD8_SP_THYMOCYTE_DN	GSE31082_DN_VS_CD8_SP_THYMOCYTE_DN	0.0001863654217724	177	44	CKB,CLCN4,PTPN22,SESN3,DHX58,UBE2H,ATXN7L3,LIMK2,SKIL,TOR1AIP1,TBC1D20,CLCNKA,PAQR7,MTURN,NLRC3,RAC2,NBEAL1,DNAJC5,MTMR10,UHMK1,ASB13,C19orf12,SSH2,CORO1A,PLCG1,LFNG,UTRN,ARPC5,NRSN2,TSPAN32,DOK4,B4GALT1,IFI35,MCOLN3,EPSTI1,TG,GSN,MALT1,ST3GAL1,PIK3CD,MYO1G,MEIS3,TSPAN14,EFEMP2
GSE28237_FOLLICULAR_VS_LATE_GC_BCELL_UP	GSE28237_FOLLICULAR_VS_LATE_GC_BCELL_UP	0.0001528659461034	160	50	PPM1K,MYSM1,CREBL2,FAR1,UBXN7,TMEM86A,NUS1,ZBP1,ATP6V0A1,BAZ2B,MCFD2,GNS,RNASE6,PIK3IP1,LMX1B,DOCK6,ZC3H7A,SELENOW,FZD4,GPR35,DCUN1D1,RIMOC1,GLMN,RPE65,XK,FAM43A,YPEL2,RBM24,VIL1,GIP,PDE7A,ADGRF5,ADRA2B,PCOLCE,PLCG1,IST1,SVIP,TPD52,ATP6V1H,TNRC6A,DSTYK,AVL9,MYLK,ARL15,CNN3,HEG1,CARMIL1,TLE1,TSPAN14,ACKR3
GSE39556_UNTREATED_VS_3H_POLYIC_INJ_MOUSE_NK_CELL_DN	GSE39556_UNTREATED_VS_3H_POLYIC_INJ_MOUSE_NK_CELL_DN	0.000107725629216	179	56	SYNGR1,DENND5A,RECK,MDK,ENG,CTBS,WASHC4,BMI1,CDS2,AKAP12,RIMS3,BAZ2B,CCND2,ZMYM2,PXDN,PTPRE,HMCES,GNS,CKMT2,FOXJ3,DPYD,TNFAIP1,MPP1,SECISBP2L,MTMR3,PFN2,ACVR1,WSB1,IQGAP2,HIF1A,RYBP,RAB11FIP5,ITGA5,CD9,GNG11,H1-2,THEMIS2,EDEM1,RAG1,SERPING1,FBLN5,TSPAN9,ATP2B4,STAT5A,GAB2,MYRF,ATOSB,MYLK,CACNB3,CRIM1,SOCS2,ASB9,ARHGEF17,TLE1,MRC2,PDE4B
GSE21927_SPLENIC_C26GM_TUMOROUS_VS_BONE_MARROW_MONOCYTES_UP	GSE21927_SPLENIC_C26GM_TUMOROUS_VS_BONE_MARROW_MONOCYTES_UP	0.0004907157687793	111	35	MMP2,KISS1,YTHDC2,NF1,ANKRD40CL,STT3B,RAB3D,ETV6,TBKBP1,SCAMP5,PSMB5,KRT31,MYL3,PAGE4,PANK3,HIGD1A,APBB1,TREM2,HYCC2,SNX27,RASD2,CCL22,ARL8B,PBXIP1,RAB5C,AMOTL1,TOM1L2,BEX4,OGFRL1,TRPS1,RGS9,MYL9,KRT7,TMPRSS3,FLNC
GSE45382_UNTREATED_VS_TGFB_TREATED_MACROPHAGES_DN	GSE45382_UNTREATED_VS_TGFB_TREATED_MACROPHAGES_DN	0.0001098575793569	175	58	YPEL5,PPP2R1B,TRIP10,SIAH1,SUZ12,ANKRD33B,TTYH2,LAD1,NXT2,BMAL2,MAP4K4,MRPL49,NFKBID,IL23A,HEXIM1,ZER1,C4orf46,BCL2L1,FSCN1,VCP,SWAP70,RAP2A,CDKN1A,SUCO,TRAF6,GPR132,PI4K2A,KLF5,SGPP2,LONRF1,TAMALIN,TNFAIP1,ISG20,PLD2,APOL1,SYNPO,EBI3,TTC39A,CD70,FSTL1,PRAME,SERPINB9,C5orf15,PTPN1,TPST1,SEMA7A,TSPAN2,SEMA4C,PPP2R3A,ARHGEF17,TNFAIP2,TMEM41B,CNN3,CAMK1D,PLAT,CGN,PDE4B,PIP5K1B
GSE2770_UNTREATED_VS_ACT_CD4_TCELL_2H_DN	GSE2770_UNTREATED_VS_ACT_CD4_TCELL_2H_DN	3.87559898889e-05	192	61	PCBP1,TLNRD1,MANF,TONSL,WEE1,IFT57,FHOD3,TSEN2,CBX4,NHP2,GPHN,MXD3,MRPS31,FABP5,FAF1,C21orf58,PALS2,MRPS2,SATB2,TRMT61A,HNRNPM,PPWD1,YBX2,DCAKD,WDSUB1,PHKA1,TERF1,DPP9,TTLL12,MTHFD1,ANGPTL4,LRRC14,GEMIN5,PDSS2,ARMCX2,CEP290,MESD,PPIE,SAMD1,IFT74,CEP70,DRG1,TUSC1,DNAAF2,CCT3,AHI1,SRM,DCAF13,MTRF1L,USP39,ZNF235,MRPL39,CPT2,HDAC2,TADA2A,ZBTB45,KEAP1,HYOU1,FGFBP3,SRBD1,OXNAD1
GSE13522_WT_VS_IFNAR_KO_SKING_T_CRUZI_Y_STRAIN_INF_UP	GSE13522_WT_VS_IFNAR_KO_SKING_T_CRUZI_Y_STRAIN_INF_UP	0.0002162143349761	172	57	DENND5A,DUSP14,ITIH5,ELK3,RGS10,DUSP4,RNF144A,PRKCH,HMGN3,IFI27L2,ATP6V0A1,ZNF827,GPR160,ANG,PHETA2,NLRP12,SWAP70,TSPAN13,NTN4,OSBPL3,NOTCH2,PRKCA,PRNP,CORO2A,ISG20,MX2,AHNAK,DUSP6,YPEL2,PMEPA1,MTMR3,PTPRU,IKZF4,SNX18,TNFRSF9,H2AZ1,ANGPTL2,IL10,C9orf152,GLIPR2,SV2C,ANXA2,SEPTIN8,ANXA4,IL1R2,AQP3,CD81,CYTH3,CISH,CAPG,ATOSB,SOCS2,FZD6,TIMP2,PRR5L,WLS,IL2RB
GSE3565_CTRL_VS_LPS_INJECTED_SPLENOCYTES_UP	GSE3565_CTRL_VS_LPS_INJECTED_SPLENOCYTES_UP	0.0002281621026186	148	42	BCL2L1,CD44,AAK1,PTPN22,CHIC1,TEF,CMKLR1,OSBPL3,ITGB2,CORO2A,BORCS7,AHNAK,KLRC2,PIK3R5,SH3BGRL,IL12RB2,HDHD5,DOCK5,CXCR6,ITGB1,SPN,TTC39C,H2AZ1,PRDM1,ANXA2,NT5E,EEA1,ID2,STARD10,RUNX2,MYO1F,ANXA1,EMP3,TSPAN2,ATP2B4,HAVCR2,CISH,LITAF,RORA,SMAD3,SMPDL3B,NEBL
GSE20715_0H_VS_48H_OZONE_LUNG_DN	GSE20715_0H_VS_48H_OZONE_LUNG_DN	8.32901736063e-05	184	56	HSPH1,AHSA1,CHORDC1,MANF,DNAJA4,H2AX,ID1,DNAJA1,STIP1,HSPA8,BANP,PKNOX1,CACYBP,HSPD1,POLA1,TOP1,HSPA5,MXD3,CEBPB,RANBP1,HSP90AB1,BAG2,REXO4,PALS2,RAD51,ERLIN1,FKBP5,HSPA4L,GSPT1,GFPT2,YJEFN3,PPP1R10,DNAJB1,DYNLL1,PTGS2,TRMT1L,MRM3,DDIT3,BAG3,GCLC,BATF,KIF20A,TNFRSF1B,NASP,CCT6A,HSPB1,PRC1,ZC3H3,SERPINH1,PIGA,KLF15,ELF3,XPO1,FXR1,FEN1,UBE2C
GSE36476_CTRL_VS_TSST_ACT_40H_MEMORY_CD4_TCELL_YOUNG_DN	GSE36476_CTRL_VS_TSST_ACT_40H_MEMORY_CD4_TCELL_YOUNG_DN	2.57828171141e-05	193	74	IL2RA,NQO1,STIP1,RFC4,SLCO4A1,AFG2B,TMEM106C,POLA1,SMC1A,CKS2,BRCA1,STT3A,PRDX4,KIF4A,DUT,MKI67,FABP5,TPX2,LMNB2,GINS2,RAD51,SAC3D1,DHFR,JPT2,GINS3,VDR,TJP2,MCUR1,RBBP8,ZNF282,MCM10,TARS1,AIMP2,TTI2,RAD54L,INSM1,CTLA4,LIG3,GRK3,DTL,MCM4,BATF,KIF20A,CKAP5,TP53BP1,IPO5,TRIP13,HJURP,DHCR24,DTYMK,CENPE,FEN1,WARS1,UBE2C,TXN,DNAJB6,UQCC1,THOC6,PCNA,RBM4B,TOP2A,CDCA3,HMMR,RAD51D,PFAS,TYMS,RACGAP1,CTPS1,BYSL,CENPU,CEP55,BLM,PXMP4,METTL13
GSE20366_TREG_VS_NAIVE_CD4_TCELL_UP	GSE20366_TREG_VS_NAIVE_CD4_TCELL_UP	0.0001370879343261	182	87	CCS,RBMS1,ITGB8,PHC3,GPX7,ETV5,XTBD1,SDC4,RIN2,DRC1,KHDRBS1,LRRC58,ENO2,FAM221A,GRAMD1C,VRK1,ACER3,USP47,CDC27,IGF2BP3,SAMHD1,NCOA3,PTPRS,HBS1L,PIWIL4,SLC2A3,PARD6G,GNG12,ITIH5,COL15A1,TMEM237,LARP1,FCMR,LCA5,CAMKK1,DUSP4,CBL,CAPZA2,NDFIP2,CD72,SELENOI,ASXL1,SCAMP1,PATL2,PIM1,GFPT1,ATP6V0A1,ATP11B,BCL2L1,ZDHHC20,SLC35D1,SWAP70,BID,P2RX4,N4BP2,PHTF2,UBASH3B,MPP1,NDRG2,SH3PXD2A,NCMAP,SEC24A,GSTM4,ARL5A,IKZF4,TNFRSF9,MIER1,QKI,SYNCRIP,CPEB4,CD81,TPST1,BTF3L4,NTN1,CISH,SYPL1,ITGA6,SOCS2,SLC7A7,TGFBR1,ECM1,SHISA5,WLS,TLE2,FRMD6,IL2RB,TWSG1
GSE17974_0H_VS_24H_IN_VITRO_ACT_CD4_TCELL_DN	GSE17974_0H_VS_24H_IN_VITRO_ACT_CD4_TCELL_DN	8.30758266252e-05	187	83	IL2RA,H2AX,STIP1,CDK2AP2,MRPL12,MLKL,CDC25A,TMEM106C,CPAP,IGFBP4,TSEN2,EXOSC3,CKS2,CMSS1,NCBP1,PRDX4,TRIM69,FABP5,EXO1,TPX2,PRPF38A,LRRCC1,SDF2L1,RAD51,EIF3J,NT5C,SMKR1,EIF2B2,EIF2B3,GINS3,RBM6,NEMP1,RBBP8,BAZ1B,CHEK1,COA7,RAD54L,LRWD1,LYAR,CCDC86,SCFD2,ZNF239,PDAP1,TCF19,POLR3D,STAP2,PFDN6,PRC1,TRIP13,RCC1,UBE2M,SMG9,DTYMK,PIGV,UBE2C,CCNA2,MRPL17,LIF,TIPIN,UTP11,RAD51D,JPH1,PGBD2,PFAS,EGR3,PPIL1,DNPH1,DPAGT1,CTPS1,BYSL,TEX30,ALYREF,MRE11,GFOD1,ZDHHC13,SLC19A1,BLM,CDK5,PDCD2L,SMCO4,WDR12,IRF8,ZW10
GSE21670_STAT3_KO_VS_WT_CD4_TCELL_TGFB_IL6_TREATED_DN	GSE21670_STAT3_KO_VS_WT_CD4_TCELL_TGFB_IL6_TREATED_DN	0.0001484801383242	169	71	IL13RA1,CLEC2D,RHBDD2,NMT2,ID3,CA11,SLC17A5,TPP1,TGFBI,CCPG1,PTPRJ,ZYX,TTYH2,CITED2,PIP4P2,RGS10,ANXA11,ITGB7,PDGFC,CTDSP2,CREBL2,TXNIP,YPEL4,SORBS3,GNS,RNASE6,GRN,TEP1,STAB1,MRAS,ITGB2,MPP1,AHNAK,SLC16A5,BNIP3L,TMT1A,PDE7A,TNFRSF1A,NAB2,ITGA5,RNASE1,XCR1,GPNMB,SMIM14,BMPR2,CD9,CEMIP2,SDCBP,LFNG,ANXA4,UTRN,CTSS,RASGRP2,CTSB,CD4,AQP3,LRP1,SPARC,ALDH1A1,PSAP,MITF,SERPING1,PRCP,LBH,LITAF,NCEH1,ACP5,SLC1A3,TIMP2,TMEM63A,RRM2B
GSE5455_HEALTHY_VS_TUMOR_BEARING_MOUSE_SPLEEN_MONOCYTE_24H_INCUBATION_UP	GSE5455_HEALTHY_VS_TUMOR_BEARING_MOUSE_SPLEEN_MONOCYTE_24H_INCUBATION_UP	0.0001448770215037	183	44	SHE,GET1,N4BP2,RWDD2A,ARHGEF33,TUBB2A,RPS6KB1,PDPR,TNPO2,LAMA3,DDX19B,UHMK1,PANK3,RSBN1,BACH1,FOXRED2,HID1,ZNF629,VWA7,GDA,PLAUR,TUBB2B,PADI3,RO60,F2RL1,CPSF6,SELENBP1,MMP11,TPST1,NPC2,HOXA1,CAP2,TSPAN9,DNASE1L1,PADI2,CLIC5,MLLT11,DLG1,PALS1,SLC30A7,JUP,FRY,VANGL2,DTX4
GSE45365_CTRL_VS_MCMV_INFECTION_NK_CELL_DN	GSE45365_CTRL_VS_MCMV_INFECTION_NK_CELL_DN	7.93726398784e-05	171	50	NOL7,OSR2,PLIN2,SQLE,ETFB,PRKRA,CACYBP,SCRIB,SSB,RDH10,FKBP11,MTHFS,SOBP,HSPA1A,NEK1,PIGH,FABP5,SMARCAL1,NIPAL2,PLAGL1,DSCC1,ASCC3,AP3M2,NSMAF,MYBL1,RAMP1,BHLHE40,ATAD2,TERF1,RIDA,CHD1L,SLC39A4,MTHFD1,GLA,FSTL3,BICRAL,CCDC150,RPS20,TM2D2,TFR2,INTS8,TUSC1,CCT6A,FAM111B,INTS10,EBAG9,MAP7,DCAF13,UBXN8,DTYMK
GSE21063_WT_VS_NFATC1_KO_16H_ANTI_IGM_STIM_BCELL_DN	GSE21063_WT_VS_NFATC1_KO_16H_ANTI_IGM_STIM_BCELL_DN	0.000864339841201	118	34	MAGEF1,SLC8A1,SUSD1,ERBB2,RAP2A,RBFOX2,CMKLR1,TTC38,FAM199X,RASSF4,FRZB,COPZ2,DAB2IP,PALLD,CCDC69,PIGS,RAB27B,SMIM14,CORO1C,ANXA4,TSPAN8,SPON2,RHOBTB3,TSPAN9,HAVCR2,MTSS1,PDGFRB,RGS9,CST4,EPHB3,TLE1,SIGLEC6,LGR6,PRSS23
GSE3982_DC_VS_NKCELL_UP	GSE3982_DC_VS_NKCELL_UP	0.0001744720059946	178	43	MRAS,BEX3,SLCO2B1,FN1,BCAT1,NDRG2,TNS1,EML4,ALAS1,MIEF1,TBC1D8,ACOX1,CHI3L1,AK4,ASB13,MDH1,CLN8,RENBP,CD9,ATP5MC3,CCL22,IQSEC2,SPARC,PODXL,ATP6V1H,MITF,CLTC,PRDX3,MRPL42,RBM47,ENC1,PPP1CC,PPP2R3A,ARHGEF10L,CTTN,GSN,ANPEP,ADM,JUP,TREML2,RAB31,GM2A,DTX4
GSE17974_CTRL_VS_ACT_IL4_AND_ANTI_IL12_48H_CD4_TCELL_DN	GSE17974_CTRL_VS_ACT_IL4_AND_ANTI_IL12_48H_CD4_TCELL_DN	0.0001189576449383	189	63	C9orf40,GNG5,PLIN2,PPID,SAPCD2,SLC25A43,ETFB,MACROD1,CACYBP,TMUB1,TMEM106C,CPAP,TBL2,WDR3,EZH2,MRPS26,PRDX4,HIRIP3,TMEM121,FAF1,KISS1R,ATP1B3,WDHD1,FNTB,CRNKL1,LEO1,SLC25A20,RHOF,NEMP1,THYN1,RNF8,PAAF1,BOLA1,LYAR,SCFD2,CEP152,SACK1D,TXNDC15,POLR3D,TP53BP1,LZIC,NSD2,PRC1,POP4,POLR2H,IFT25,EGLN3,SERPINH1,ECI2,MRM2,ACAA2,DTYMK,ECI1,FEN1,RBKS,CCDC34,PDHA1,MRPL17,POLD2,C12orf75,CDCA3,KEAP1,RAD51D
GSE21670_UNTREATED_VS_TGFB_IL6_TREATED_CD4_TCELL_UP	GSE21670_UNTREATED_VS_TGFB_IL6_TREATED_CD4_TCELL_UP	0.0001102596094375	184	80	ZNF367,PGBD5,H2AX,SAPCD2,CDC25A,SNW1,POLQ,PLK4,FAM110A,NUF2,MAZ,NEK1,CADPS,MXD3,ACYP1,HES6,WDHD1,CENPI,CHTF18,ERCC6L,MYBL1,SCLT1,ATAD2,KTN1,E2F7,STAG1,MPHOSPH9,CHN2,TOPBP1,DIS3L,SLC2A5,DCLRE1C,PSMC3IP,NEIL3,TAF5,SACK1D,KIF20A,TCF19,TCF12,SPDL1,WASF3,EME1,C1orf35,PIDD1,MFHAS1,TMSB15A,NSD2,PRC1,IMPA2,C5,KYAT1,CENPE,LUC7L3,CEP57L1,CCDC34,TASOR2,KANK2,SUGP2,GPSM2,TBC1D31,CDCA3,ZNF831,PBX3,PNMA1,PRKAR2B,LRRC37A2,ERI2,CCDC18,POU4F1,PIF1,WDR5,CENPU,GFOD1,UHRF1,PSRC1,TACC3,BUB1,ORC6,ANLN,FANCG
GSE40274_CTRL_VS_FOXP3_AND_EOS_TRANSDUCED_ACTIVATED_CD4_TCELL_DN	GSE40274_CTRL_VS_FOXP3_AND_EOS_TRANSDUCED_ACTIVATED_CD4_TCELL_DN	0.0005527053289315	136	36	CRLS1,IL15RA,PPP1R16A,ID1,SLC2A6,SUPT3H,ZBTB2,HSPD1,THOP1,KCTD15,DNAJC2,GLT1D1,GIT1,ATP1B3,CCDC9,STEAP1,MRPL11,PLK3,IFRD2,SLC25A1,UBE3D,CEBPZ,FOXO6,VPS8,SLC39A4,INSM1,PIEZO1,NETO2,GABRA3,PFDN2,CHPF,EML5,CCT6A,GOLGA5,DHCR24,SRM
GSE14699_DELETIONAL_TOLERANCE_VS_ACTIVATED_CD8_TCELL_UP	GSE14699_DELETIONAL_TOLERANCE_VS_ACTIVATED_CD8_TCELL_UP	0.0003139126981786	163	43	SWAP70,RAP2A,HAUS4,OSBPL3,RAB8B,HINT3,NPTN,COX8A,AHNAK,SIRPA,KLRC2,IL12RB2,DOCK5,CXCR6,ITGB1,SPN,TTC39C,S100A13,F2R,PRDM1,ID2,STARD10,ANXA4,MTPN,SERPINB9,RUNX2,MYO1F,THEMIS2,ANXA1,LAMC1,ATP2B4,RBM47,SLC25A24,RORA,SUMO3,PRR13,SYPL1,IFITM1,SMPDL3B,NUDT4,NCALD,PTGR1,GABARAPL1
GSE12392_WT_VS_IFNB_KO_CD8A_POS_SPLEEN_DC_DN	GSE12392_WT_VS_IFNB_KO_CD8A_POS_SPLEEN_DC_DN	0.0002913619543918	157	38	PCMTD2,ENPP5,PREB,GCA,DECR2,MR1,CDH17,TSPAN13,BCAS1,TMEM150C,SH3PXD2A,TNS1,STIM1,CIB2,PXDC1,SYNE4,PLA2G7,VILL,DENND2B,PAPSS2,SEPTIN8,ZNF532,RBMS2,TP53INP1,APOE,JAG1,PROCR,NECTIN2,UGCG,MALT1,TNFAIP2,S100A3,PCDH19,ARHGAP42,ALPK2,MYO1G,NCALD,CCR3
GSE41867_NAIVE_VS_EFFECTOR_CD8_TCELL_DN	GSE41867_NAIVE_VS_EFFECTOR_CD8_TCELL_DN	6.8237052609e-05	195	83	FKBP4,HNRNPAB,DNAJA1,MEMO1,ATP5F1D,MRPS22,LSM7,STUB1,WDR3,ST3GAL4,C1orf122,RUVBL1,ELP4,POLRMT,CCT4,RANBP1,NOL8,WDHD1,MRPS2,BCCIP,WBP4,ARHGDIA,EIF2B3,NEK4,HUS1,PLA2G4A,COX10,BHLHE40,EEFSEC,SHQ1,AIMP2,MRPL46,BNIP1,CHD1L,TELO2,LRRC14,ANKRD26,EXOSC8,PPP1R14B,SF3A2,POLD1,C1orf35,ELAC2,CCT3,NOP58,RCC1,CAPRIN2,SMN1,DCAF13,NLE1,PA2G4,POLD2,NCOA5,ZZZ3,TRAF1,DTNBP1,PFAS,PCBD2,RMP64,TSR1,PUS1,TTC27,QTRT1,SNRPA,USP40,FIG4,RALGAPA2,CARNMT1,CLUAP1,THUMPD2,IPO13,SNAPC4,SOD1,DNAAF5,TMA16,ABCD4,CLBA1,PDCD11,HDGF,TP53RK,LUC7L,AFG3L2,MRPL55
GSE20727_H2O2_VS_ROS_INHIBITOR_TREATED_DC_UP	GSE20727_H2O2_VS_ROS_INHIBITOR_TREATED_DC_UP	0.000155644738726	186	56	IL6ST,EEIG1,RCAN3,ADGRL1,MAP4K3,ARID3B,NCOA2,CD2AP,LEMD3,ATP11B,ACSS1,AAK1,STAR,GAPVD1,ACBD3,DENND6A,PIK3IP1,NEXN,NR1D2,USP12,VPS37B,PEX19,RPS16,MOSMO,ZBTB4,CLCN6,MTURN,UQCC5,SH3PXD2A,PIK3R5,IGIP,ALDH2,EEIG2,MECP2,PPM1B,PAG1,PPARGC1B,MIER1,TRIB2,HID1,TMOD3,PMEL,PBX2,LFNG,AGO1,SEMA4B,RC3H1,BTG3,PADI2,BAMBI,ENC1,ITGA6,CNN3,ZNF652,CAMK1D,GM2A
GSE3982_NEUTROPHIL_VS_TH1_DN	GSE3982_NEUTROPHIL_VS_TH1_DN	0.0001678838872715	188	72	FADD,CPT1A,MANF,RCN1,GTF3A,WEE1,SUPT3H,RIOX2,NOC3L,SSB,FKBP11,REXO2,CKS2,BRCA1,NAT10,MRPL34,NUDC,NHP2,RUVBL1,CTNNBL1,LMNB2,SDF2L1,ZC3H14,NOL12,ADRM1,FOXM1,NCL,PAAF1,AKAP1,ODC1,AIMP2,MYC,HTATSF1,ELOVL6,MORC2,ILKAP,INSM1,MPG,BORA,NEIL3,R3HDM1,CKAP2,TRIM44,MAP3K4,ENTREP3,SERBP1,AHI1,XPO1,MRM2,HMGCS1,VGLL4,UTP18,SRI,RABGGTB,ESD,HDAC2,HAX1,ZZZ3,TRAF1,DDX52,EIF3F,PFAS,KIFC1,ZNF32,NKAPD1,CSTPP1,DPAGT1,NENF,GLS,EED,BFAR,GFI1
GSE23114_PERITONEAL_CAVITY_B1A_BCELL_VS_SPLEEN_BCELL_DN	GSE23114_PERITONEAL_CAVITY_B1A_BCELL_VS_SPLEEN_BCELL_DN	7.43363931111e-05	195	55	HSPH1,AATF,FADD,NOL7,PPP2CA,PPID,RFC4,TIPARP,SQLE,SLC1A5,CD47,MTA1,GTF2E2,TMEM243,IL18R1,PNP,DBI,STT3A,NHP2,HSP90AB1,ATP1B3,LPL,EIF3J,FAM216A,SPINT2,LRRFIP1,MYDGF,ALG3,NFKB1,NEMP1,PDCD2,ATP10D,PDIA3,ELMO1,NUP88,CCDC86,HNRNPA3,RPA2,EIF4G3,R3HDM1,BRD8,MTREX,POP4,NCOR2,DHCR24,NPM1,SRM,TM9SF1,TXN,NELFE,PA2G4,JRKL,RIPK2,TRAF1,CANX
GSE17721_LPS_VS_CPG_0.5H_BMDC_DN	GSE17721_LPS_VS_CPG_0.5H_BMDC_DN	0.0003685049369331	163	45	PSMB1,MYH14,PLA1A,ZBP1,IFI27L2,MCFD2,DOC2B,SPPL2A,HAUS4,CMKLR1,NRIP3,ERBIN,SLC15A3,RHOBTB2,COQ8B,CPA5,ARL6IP1,PRSS35,C5orf24,CABP5,VIL1,IQGAP2,RHPN2,RAB1A,TOR1AIP2,XCR1,PPP6R3,PORCN,LAMTOR4,CSMD1,RBMS2,CTSB,TPD52,TMEM106B,PRCP,YWHAZ,DOK4,RAB3B,LAMP2,STAT5A,ACP5,RBM3,PRR13,PALS1,TGFBR1
GSE3982_DC_VS_TH1_DN	GSE3982_DC_VS_TH1_DN	0.0001709797983694	176	68	KLF6,IL2RA,HNRNPAB,RBCK1,STIP1,POGLUT2,SQLE,WEE1,RNASEH2B,PTMA,IL18R1,POLQ,NCBP1,DNAJC9,RPIA,BRD7,HIRIP3,KCNC4,MORC4,SRSF4,CTCF,HSPA4L,RPF1,BCL2,VDR,POLD3,YJU2,COX10,CHST11,ATAD2,THYN1,TRMT9B,CHEK1,MAP7D3,NFKBIA,ABITRAM,NFYC,JAM3,CHL1,UBR7,NASP,SECTM1,CHN1,ABCA2,CDCA4,EAF2,SUPT16H,FAM184A,FASN,HMMR,MXD1,SPC25,CENPF,TYMS,SLC68A1,MYO5C,TSPYL2,GFI1,SF3A1,NAMPT,ZNF142,BUB1,DLGAP5,WNT3,CENPA,DNAH6,R3HCC1L,CSF2
GSE15930_NAIVE_VS_48H_IN_VITRO_STIM_CD8_TCELL_DN	GSE15930_NAIVE_VS_48H_IN_VITRO_STIM_CD8_TCELL_DN	7.35766490799e-05	200	62	UBE2S,MANF,H2AX,MRPL12,REX1BD,CDC6,HSPD1,CDC34,DBI,EZH2,PRDX4,SMC2,MRPL11,CLPP,NANS,IFRD2,GSPT1,YBX3,DNAJB1,PDIA6,OGT,MCM10,PHF5A,HMGB2,TNPO3,PRELID1,TOPBP1,ASF1A,HSPA9,DTL,OXCT1,PDAP1,BSG,HTATIP2,SSBP1,G6PD,NASP,ALDOA,DRG1,POLD1,SEC23B,PLRG1,PRC1,PSMG1,XPO1,UBE2M,SMN1,HMGN5,PGRMC1,DTYMK,UBFD1,FDX1,PPP1R7,MRPS33,PSMD5,POLD2,NDUFB7,COX17,SSNA1,GNPAT,FASN,SNRNP40
GSE10325_CD4_TCELL_VS_BCELL_UP	GSE10325_CD4_TCELL_VS_BCELL_UP	0.0003181304578112	168	56	CYLD,EEIG1,RCAN3,SEMA4D,RNF144A,PRKCH,STOM,DOCK9,PIM1,FHL1,RASGRP1,CCND2,PHACTR2,PRDX2,AAK1,PIK3IP1,CCSER2,TNFSF10,P2RX4,TRPV2,MT1F,BEX3,ARL4C,PRKCA,DPYD,CORO2A,TKTL1,CD28,CAMK2G,PIK3R1,ACVR1,VAMP5,ITPKB,PLCG1,ID2,MICAL2,CCR5,SELPLG,AQP3,ANXA1,LIMA1,TIMP1,LDHB,ATP2B4,CISH,RORA,PXN,SEMA4C,IFITM1,ITGA6,TGFBR3,SOCS2,LCK,HPGD,IL2RB,NCALD
GSE28726_NAIVE_VS_ACTIVATED_CD4_TCELL_DN	GSE28726_NAIVE_VS_ACTIVATED_CD4_TCELL_DN	0.0001894463848782	188	52	HSPH1,EN2,UBE2S,GNG5,GZMB,GPX1,SLC1A5,TMEM106C,CDC6,THOP1,PNP,CKS2,BRCA1,DBI,EZH2,GGH,MKI67,SAP30,FABP5,EXO1,TPX2,LPL,WDHD1,SMC2,PDLIM3,DHFR,NFIL3,BHLHE40,IGFBP2,ATF1,PLP2,RAD54L,EBNA1BP2,MCM4,MCM3,ALDOA,IPO5,PSMG1,CCT5,DHCR24,SRM,HMGCS1,HMGN2,FEN1,WARS1,UBE2C,CCNA2,POLD2,ACTN4,EIF2S1,PCNA,PPP2R5D
GSE7509_DC_VS_MONOCYTE_UP	GSE7509_DC_VS_MONOCYTE_UP	0.0002180331026553	182	39	PCCB,TUBB2A,CNIH1,CRTAP,CD28,ALAS1,DHRS1,SPSB1,WBP1L,MGST1,MFGE8,CD63,SPPL3,ANGPTL2,SMIM14,KPNA6,DAP,CCR5,PDXK,ARL8B,CTSB,H1-2,ANXA1,PSAP,DNASE1L1,CSF2RB,APOE,LITAF,DAB2,ITGB5,PHLDB2,PLTP,COL4A1,GSN,CNN3,GM2A,TIMP3,GABARAPL1,TWSG1
GSE22432_MULTIPOTENT_VS_COMMON_DC_PROGENITOR_UNTREATED_UP	GSE22432_MULTIPOTENT_VS_COMMON_DC_PROGENITOR_UNTREATED_UP	5.87574792887e-05	198	69	TMEM160,RBM17,POGLUT2,SLC7A5,NUP107,GTF2F2,GLRX5,SIGMAR1,STUB1,WDR3,TAF10,REXO2,DOHH,NUDC,GGH,EGR2,PLPP1,PIN1,CHCHD4,C1QBP,PTPN2,EIF5B,NARS2,RRS1,RPS19BP1,NOL12,SF3A3,ZPR1,PDIA6,ODC1,TARS1,LIG3,GEMIN5,RRP8,PPP1R14B,ABCC4,NDUFAF4,TRIP13,CCDC90B,NPM1,SRM,NLE1,UBXN8,PPP1R7,CEBPG,POLD2,MRPL15,NOB1,PDSS1,RPP30,PCNA,UTP11,CHAMP1,CNOT9,DNMT3B,TMEM80,SURF2,HSPA4,RWDD4,TANC2,TSR1,NVL,PIN4,QTRT1,JAGN1,DDX1,IARS1,SENP3,LRRC59
GSE21360_NAIVE_VS_PRIMARY_MEMORY_CD8_TCELL_UP	GSE21360_NAIVE_VS_PRIMARY_MEMORY_CD8_TCELL_UP	0.0003749371083337	141	32	PTGFRN,AP2S1,PMEPA1,NME4,SPSB1,TMEM9,SSH2,NT5E,DAP,CEMIP2,LFNG,PTPN1,PBXIP1,F13A1,C1RL,LDHB,FCGRT,AHR,SEMA4C,IFITM1,NECTIN2,SOX4,PTPN7,SMAD3,ECM1,STING1,TREML2,CCR1,CDH1,TCN2,DTX4,CCR3
GSE22935_WT_VS_MYD88_KO_MACROPHAGE_UP	GSE22935_WT_VS_MYD88_KO_MACROPHAGE_UP	0.0004098413415483	172	43	LIX1L,CMIP,PDCL,TRPV2,SLC15A3,ZC3H7A,FES,RAB8B,SKIL,TRAM2,CYBB,MPP1,PTGFRN,NCF2,ADAR,PLA2G7,NIBAN2,SNX18,HIF1A,ITGA5,SH3BGRL3,ANXA2,GDA,DAP,SDCBP,FSTL1,SELPLG,ADAMTS7,EDEM1,ANXA1,LIMA1,MOB1A,CREB3L1,SIAE,CSF2RB,RBM47,LITAF,TRPS1,SHISA5,CCR1,DTX4,PTGR1,KCNN4
GSE34156_UNTREATED_VS_6H_TLR1_TLR2_LIGAND_TREATED_MONOCYTE_UP	GSE34156_UNTREATED_VS_6H_TLR1_TLR2_LIGAND_TREATED_MONOCYTE_UP	0.0003753561755029	157	50	MAP4K3,DIP2B,STK38L,PSMB1,CD14,GJA5,CACHD1,GCA,CSF1R,GRN,SMIM3,PTAFR,TMEM127,P2RX4,ZNF385A,BCAT1,CYBB,AATK,MPP1,SIRPA,DSE,METTL22,NCF2,ALAS1,LILRA6,BRI3,MYOF,MGST1,CD63,SRC,ALDH3B1,LILRB3,HSD17B14,CORO1C,ATP6V1C1,NRP2,PSAP,NPC2,GRTP1,CSF2RB,RBM47,ATP6V1B2,FCGRT,ALPP,PLAU,ANPEP,ADM,RAB31,GM2A,TNS3
GSE36476_CTRL_VS_TSST_ACT_40H_MEMORY_CD4_TCELL_OLD_DN	GSE36476_CTRL_VS_TSST_ACT_40H_MEMORY_CD4_TCELL_OLD_DN	0.0001070437041623	196	79	IL2RA,STIP1,RFC4,KIF15,GADD45GIP1,MRPL12,SLCO4A1,CDC25A,TMEM106C,CDC6,CREG1,POLA1,CKS2,IER3,NCBP1,MRPL18,KIF4A,NUDC,RANBP1,RAD51C,TPX2,LMNB2,GINS2,RAD51,SMC2,DHFR,MRPL11,JPT2,GINS3,VDR,MCUR1,CHEK1,RIDA,MCM10,AIMP2,MTHFD1,EBNA1BP2,HADH,CSTF2,DTL,MCM4,KIF20A,CKAP5,SPDL1,TP53BP1,PSMG1,POLR2H,MLYCD,TRIP13,CCT3,HJURP,RFC5,TXNL1,FEN1,WARS1,NELFE,CSTA,MRPL15,RBM4B,TOP2A,HMMR,KEAP1,CENPF,TYMS,GART,RACGAP1,SUCLG1,CTPS1,CENPU,PPM1G,IARS1,PRIM1,CEP55,BLM,SNUPN,MCM2,ME2,DLGAP5,FANCG
GSE3720_UNSTIM_VS_LPS_STIM_VD1_GAMMADELTA_TCELL_DN	GSE3720_UNSTIM_VS_LPS_STIM_VD1_GAMMADELTA_TCELL_DN	0.0015738176647985	108	34	FAR1,NDFIP2,ERN1,CAPNS1,HTR2C,DNM1,DLG4,NR1D2,TRAF6,OSBPL3,UBASH3B,RAP2C,KLRC2,BCORL1,MYL6B,GCNT2,KRTAP3-3,DNAJC22,ARHGEF12,STARD10,TPMT,SERPINB9,ANXA1,EMP3,LAMC1,HAVCR2,LAMB3,RORA,CAPG,SYPL1,NOTCH3,ARL15,JUP,GABARAPL1
GSE29949_MICROGLIA_BRAIN_VS_CD8_NEG_DC_SPLEEN_DN	GSE29949_MICROGLIA_BRAIN_VS_CD8_NEG_DC_SPLEEN_DN	0.0004707105823318	148	48	KCNN1,HFE,SLC6A8,KRT16,RHOC,PCGF3,RAB30,TFF3,GPER1,PXDN,EXT1,TJP1,CCT6B,KIF1C,FLT1,KLHL18,ZFP69B,ARL4D,PDE8A,CLCN5,MT1F,SELENOW,TRAM2,CYBB,CDC42EP1,TSPAN1,SCNN1A,KCND1,GPR3,CD70,LFNG,GNG11,PLEKHA6,NTF3,PDLIM1,ITCH,BAMBI,COL13A1,IQSEC3,PXN,MYLK,REST,ST3GAL1,AASS,SMO,CDH1,TIMP3,KRT81
GSE2770_IL12_VS_TGFB_AND_IL12_TREATED_ACT_CD4_TCELL_48H_UP	GSE2770_IL12_VS_TGFB_AND_IL12_TREATED_ACT_CD4_TCELL_48H_UP	0.0002704231698465	174	66	EPPK1,KRAS,VIM,CDYL2,SAMHD1,RHBDD2,GMFG,IL10RA,ATXN1,HECA,TMEM9B,PIP4P2,PRPS2,APOC2,ABHD17B,COL15A1,MAN2B1,GK5,DUSP4,RNF144A,DHX40,CD72,STX1A,MYO7A,SLC30A4,LY6D,SUSD1,CLCN5,USP12,FNIP2,GALC,LMO4,TRAM2,PRNP,DAB2IP,PLEKHA1,ANXA6,FAM43A,PXDC1,YPEL2,SELENOP,CSPG4,SPN,KCTD17,ALDH3B1,AK3,CORO1C,RASGRP2,DGKA,PBXIP1,CHP1,CD36,PSAP,PI4K2B,STAT5A,ACP5,CHD3,KCTD10,TG,GSN,EHD2,SMAD3,TREML2,KDM5B,CARMIL1,PTGR1
GSE360_T_GONDII_VS_B_MALAYI_LOW_DOSE_MAC_DN	GSE360_T_GONDII_VS_B_MALAYI_LOW_DOSE_MAC_DN	0.0002907643969242	182	58	NR1H3,BBS4,LARP4B,MTMR1,DENND5A,PPP1R3D,PTPA,CA5B,MDK,CTDSP2,ERCC1,OXA1L,MUC6,RABGGTA,LRP10,PTPRE,LY6E,BCL2L1,ERBB2,HELZ,CYB5R1,FLOT2,P2RX4,MGLL,TCF25,RAC2,GAS7,ACOX1,SELENOP,PPM1B,ACVR1,SPN,VAMP5,GTF2H3,ZNF629,ALDH3B1,CD9,PBX2,DAP,UTRN,NAGLU,HDDC2,MYO1F,INPP4B,CD4,IQSEC2,SAMD4A,NUDT21,ATP6V1H,KIAA0232,LAMB3,PADI2,ARF3,FZD2,AASS,TNFAIP2,TMEM63A,NRG1
GSE22886_NAIVE_CD8_TCELL_VS_NKCELL_DN	GSE22886_NAIVE_CD8_TCELL_VS_NKCELL_DN	0.0002511649584538	179	60	PPP1R12A,PPP1R3D,TIPRL,SSH1,HIPK1,PPM1A,STOM,SELENOT,NCOA2,LRRC17,ZCCHC24,BAZ2B,CSRNP2,LCN2,YPEL1,PTPRE,TAOK1,ARID3A,FURIN,BIRC2,ELF4,PSME4,MCF2L2,PHIP,TRIP12,NOTCH2,C2CD3,LAT2,RTF1,ALOX5AP,ARIH1,ABHD2,MTMR3,RNF4,PPM1B,TNFRSF1A,CD63,AKR1C3,SMAD5,ENPP4,RAB14,PON2,IST1,RHOQ,ARHGEF12,C5orf15,UBE2W,RHOBTB3,ITCH,ATP2B4,DAB2,PLEKHO2,RFTN1,CRIM1,GSN,PRR5L,HEG1,CAMK1D,IL2RB,EFEMP2
GSE13946_CTRL_VS_DSS_COLITIS_GD_TCELL_FROM_COLON_UP	GSE13946_CTRL_VS_DSS_COLITIS_GD_TCELL_FROM_COLON_UP	0.0005902252658787	149	39	GPR160,COQ10B,CD44,NR1D2,RAP2A,SUB1,CRYBG1,NPTN,COX8A,AHNAK,CD28,KLRC2,GBP3,IL12RB2,CXCR6,ITGB1,S100A13,HIF1A,HOXC11,F2R,PRDM1,STARD10,ANXA4,SERPINB9,RUNX2,MYO1F,H1-2,THEMIS2,ANXA1,SEPTIN4,ATP2B4,RBM47,RORA,SYPL1,SMPDL3B,REEP3,NUDT4,NCALD,GABARAPL1
GSE22886_TH1_VS_TH2_48H_ACT_DN	GSE22886_TH1_VS_TH2_48H_ACT_DN	0.0002706649272475	186	55	PCMTD2,ERN1,LPIN2,CAPNS1,ZDHHC4,ATP6V0E1,AKAP13,WDR37,ELF4,TMEM127,NRIP3,XPNPEP3,TAF5L,MT1F,PHIP,SGSH,PRKCA,PRNP,ACAP2,DPYD,CNIH1,ISG20,RTF1,EML4,SH3BGRL,HEXB,ADAR,GDE1,CAMK2G,APOL1,VPS4B,PIK3R1,CASD1,SSR1,ACTR2,CD164,ZMYM1,PTPN14,RSBN1,PEX11B,LAPTM4A,SDCBP,ARPC5,SLC46A3,INPP4B,LRIG2,TTC9,DNASE1L1,RNF11,RBM47,ACP5,GAB2,SLC35E3,RGS9,ZNF217
GSE36891_POLYIC_TLR3_VS_PAM_TLR2_STIM_PERITONEAL_MACROPHAGE_UP	GSE36891_POLYIC_TLR3_VS_PAM_TLR2_STIM_PERITONEAL_MACROPHAGE_UP	0.0014185091023054	123	30	HSPH1,FOSB,DUSP1,FOS,SPRY2,JUN,CEBPD,KLF4,GDF15,EGR1,ATF3,CYTIP,NR4A2,IER3,TRIB1,HSPA1A,EGR2,CEBPB,SERPINE1,DOK7,SGK1,PLK3,NFIL3,BHLHE40,JUNB,PTGS2,TNFAIP3,SPRY4,ZFP36,CTLA4
GSE4142_NAIVE_VS_MEMORY_BCELL_UP	GSE4142_NAIVE_VS_MEMORY_BCELL_UP	0.0005856478202568	148	51	AQP7,HECA,SCN4B,ACE,FAM163A,SHLD2,KRT14,SOX13,ZC3H12A,RCAN3,STX1A,SSTR3,CPNE1,DNAL1,FMNL3,AKAP13,SMIM3,NINJ1,SDC3,UBA7,RPS16,OSBPL3,SLC6A18,CCDC6,ITGA2B,CFAP263,TCF25,TRIM33,NCMAP,CACNA1H,TBC1D8,ACVR1,DENND2B,NECAP2,F3,GLB1L,CORO6,C19orf12,BMPR2,RENBP,PLCG1,TP53INP2,KRTAP3-1,TSPAN2,RORA,FKBP9,TNNC1,COL5A1,CLRN3,GMFB,LGR6
GSE5542_UNTREATED_VS_IFNG_TREATED_EPITHELIAL_CELLS_24H_UP	GSE5542_UNTREATED_VS_IFNG_TREATED_EPITHELIAL_CELLS_24H_UP	0.0003444880691964	173	51	FOSL2,EPS15,NFATC2,OGDH,PHACTR2,LLGL2,KIF1C,PPP4R1,VCP,NIPA1,SESN3,PI4K2A,GGA2,KATNAL1,ARL6IP1,AHNAK,TOLLIP,TOM1,SNX33,DUSP2,WSB2,IL12RB2,ITGB1,SNTB2,GPR137C,CNOT6L,MYO1C,F2R,SH3BGRL3,SEC14L1,ANXA2,UCK2,SEPTIN8,ARHGEF12,PDXK,MYO1F,MAPKAPK2,TP53INP1,CACNB1,FLVCR2,ARID5B,LUZP1,RFTN1,ARHGAP31,PLXND1,CACNB3,CRIM1,TGFBR3,ARF3,IL2RB,GABARAPL1
GSE7460_CD8_TCELL_VS_CD4_TCELL_ACT_UP	GSE7460_CD8_TCELL_VS_CD4_TCELL_ACT_UP	0.0004923524481861	166	65	SIRT3,DENND4C,CERK,EML2,FNBP4,PRRG2,PLXDC1,POLM,ATXN1,RNPEP,CAMK2N1,RECK,SLC9A5,S100A6,VMP1,TAPBPL,BAIAP3,LPIN2,SH3RF2,GPR160,USP30,ARID3A,PHETA2,SMIM3,PTPN22,USP11,FBXL5,TNFSF10,CD8B,SERPINA5,TRAFD1,SKIL,CCDC6,UCK1,DDHD2,MARCHF5,ALS2,APOOL,PREX1,BCORL1,DSE,TNFRSF13C,RNF138,CAMK2G,CXCR6,PDE7A,TTC39C,CRACDL,NBEAL2,AK3,C1GALT1,PLAUR,RBMS2,CCR5,RUNX2,ICAM1,SLC6A3,MYO1F,F13A1,CLIC5,TENT5B,EPSTI1,ALPL,SMPDL3B,NCALD
GSE21063_WT_VS_NFATC1_KO_8H_ANTI_IGM_STIM_BCELL_UP	GSE21063_WT_VS_NFATC1_KO_8H_ANTI_IGM_STIM_BCELL_UP	0.0001697383360995	187	76	ZNF367,H2AX,POGLUT2,RFC4,KIF15,ATF3,TSPAN5,CDC25A,TMEM106C,CDC6,H1-10,THOP1,CKS2,EZH2,HIRIP3,NUF2,GGH,MKI67,SAP30,TMEM121,FABP5,FAF1,EXO1,TPX2,LMNB2,GINS2,XPOT,E2F8,RAD51,DHFR,CDCA7,RBBP8,E2F7,CHEK1,MCM10,TARS1,FBXO5,ELOVL6,RAD54L,PARPBP,MNAT1,MTHFD1,GMDS,C17orf58,DTL,PLD6,SLC27A2,SACK1D,MAIP1,MTHFD1L,PRC1,AUH,HJURP,DTYMK,SRI,NDC80,SERPINB6,CCNA2,ATG5,DONSON,TOP2A,TIPIN,MBOAT1,TYMS,KIFC1,PIF1,KIF22,IARS1,PRIM1,ENO3,TACC3,PSMD14,BUB1,ORC6,ANLN,DLGAP5
GSE43863_NAIVE_VS_MEMORY_TFH_CD4_TCELL_D150_LCMV_DN	GSE43863_NAIVE_VS_MEMORY_TFH_CD4_TCELL_D150_LCMV_DN	0.0003003398375663	188	62	IL15RA,IL2RA,RCN1,CEP83,ANKRD13B,ATF3,WEE1,CACYBP,HSPD1,NOC3L,THOP1,NFKBIB,KLF16,TRIB1,RUVBL1,HIC1,EGR2,FABP5,AMZ1,CHCHD4,BAG2,SCN1A,WDR18,SRFBP1,EIF2B3,PLK3,IFRD2,GSPT1,FOSL1,CHST11,SLC25A1,EPOP,SOX12,ODC1,AIMP2,CCDC137,EIF2S2,GLA,LYAR,RCL1,CHLSN,LARS1,BATF,POLR3D,ORC2,APOO,RCC1,SPOUT1,SRM,MIOS,NLE1,FTSJ3,RRP9,PRDM4,UAP1,FASN,IDH3A,ST6GALNAC4,SH2D2A,UTP6,ACTN1,DNMT3B
GSE19888_ADENOSINE_A3R_ACT_VS_TCELL_MEMBRANES_ACT_IN_MAST_CELL_UP	GSE19888_ADENOSINE_A3R_ACT_VS_TCELL_MEMBRANES_ACT_IN_MAST_CELL_UP	0.0004966939771235	160	55	APOBR,LY96,HPSE,IL6ST,RNF144A,HFE,CTBS,EIF4E3,GNAS,MYO7A,IFI27L2,ARHGDIB,MPI,CAPNS1,ERGIC3,SDC3,TRPV2,CORO7,SDHD,TCEAL1,GGA2,BAK1,SNX24,GPX3,GNAI2,TENT2,VPS35L,PPIC,AGTRAP,FXN,DENND2A,SMARCA1,PCOLCE,RNASEH1,CTSS,SELPLG,MYO1F,EDEM1,GPSM3,CDC42SE2,NRP2,NRSN2,TIMP1,SERPING1,FEZ2,LAMP2,ARHGAP30,LSP1,LUM,SMPDL3B,LCK,CPXM1,MRC2,MYO1G,EFEMP2
GSE6269_FLU_VS_STREP_PNEUMO_INF_PBMC_DN	GSE6269_FLU_VS_STREP_PNEUMO_INF_PBMC_DN	0.000695670407649	140	43	MAPT,ASPHD1,HFE,MYL11,ELOB,FHL1,CHMP3,CPNE3,IGF2,CD44,COL17A1,TACC2,CES2,HAUS4,RAMP2,ORAI2,CHRNA4,DNAJB5,RBPMS,CRTAP,SH3PXD2A,CRYBB1,PHYHIP,NR2F1,ABCC6,GAS7,BNIP3L,TPM1,LRRC41,ETHE1,SLC52A1,SLC38A3,CTNNBIP1,GPR3,ALPG,MICAL2,QARS1,PRAME,CD24,RAB31,NRG1,LZTS1,KRT81
GSE11973_MIR223_KOVS_WT_BONE_MARROW_NEUTROPHIL_UP	GSE11973_MIR223_KOVS_WT_BONE_MARROW_NEUTROPHIL_UP	0.0001034037230174	185	41	DPP4,BIK,DUSP1,COMTD1,GOLIM4,SLC12A8,GZMB,DDRGK1,TSPAN5,SNW1,CDC6,TP53I13,RIOX2,EPN1,REXO2,PNP,CKS2,EZH2,ERP44,PRDX4,TNFSF8,RPIA,WASHC3,ATP9A,FABP5,SLC25A4,DENND2D,ARID5A,E2F8,SLC39A8,RAD51,PGLS,HPCAL1,VDR,MRPL3,TLE3,KIFC2,POLR1E,CD300A,MED16,CCDC88C
GSE6259_DEC205_POS_DC_VS_CD8_TCELL_DN	GSE6259_DEC205_POS_DC_VS_CD8_TCELL_DN	0.0012831219673079	122	48	AHDC1,NEK6,CUL7,VCL,ACE,ZYX,TM4SF19,ARMCX4,ACY3,RECK,ENG,ADGRL1,PRKCH,RPUSD2,PIK3R6,FHL1,CCND2,BAHD1,ADCY6,MOV10,GNG7,MELTF,VAT1,TSPAN6,AHNAK,ZMAT3,SYNJ1,DOCK5,GLYCTK,KLHL22,SNX18,GCNT2,GLIS2,GLIPR2,PLCG1,SELPLG,MYO1F,USP22,COX6B2,RBM47,RAD54L2,CAPN5,MAP4K2,PPP2R3A,TRPS1,LIN28A,CARMIL1,VANGL2
GSE46468_LUNG_INNATE_LYMPHOID_CELL_VS_SPLEEN_CD4_TCELL_DN	GSE46468_LUNG_INNATE_LYMPHOID_CELL_VS_SPLEEN_CD4_TCELL_DN	0.0002816513689113	189	71	HSPH1,CRLS1,PPP1R15A,HSP90AA1,SLCO4A1,NSMF,CSRNP1,NOC3L,TOP1,CKS2,IER3,NCBP1,NAT10,BUD31,TCP1,MED19,HUS1,NOM1,KLF10,GSPT1,RUNX3,EPOP,PINX1,PHF5A,MRM3,LRWD1,ZFP36,EBNA1BP2,ZNF473,SLC27A2,KMT5A,NOLC1,CDK6,ADAP1,POLR3D,NR4A1,DRG1,IER5,NOP58,MIDN,USP4,METTL16,PPP1R15B,NLE1,RRP12,TRNT1,QTRT2,DNTTIP2,SETMAR,CD83,KLC2,EIF2S1,TRAF1,TRA2B,TIPIN,ZNHIT6,SQSTM1,UTP6,MAP3K14,INTS12,EGR3,LTV1,INAFM1,TTC27,BYSL,ESRRA,POLR3C,DESI1,ZBTB43,IARS1,POLR2D
GSE43863_TH1_VS_LY6C_LOW_CXCR5NEG_EFFECTOR_CD4_TCELL_UP	GSE43863_TH1_VS_LY6C_LOW_CXCR5NEG_EFFECTOR_CD4_TCELL_UP	0.0002698790721599	190	49	TMEM160,NOL7,UBE2S,H2AX,MRPL57,SLCO4A1,ETFB,GTF2F2,TP53I13,RNASEH2B,CDC34,MZT2B,PLK4,MRPL18,RAVER1,NUF2,DNAJC2,MKI67,SLC25A4,TPX2,PALS2,RAD51,OXGR1,ENKD1,MRPL11,CHTF18,LYSMD2,CNTLN,POLD3,CHEK1,STIL,ZCCHC3,RAD54L,LRWD1,GTSE1,GMDS,SMTN,CKAP2,PLCB4,PDAP1,FBXO27,ODR4,ALDOA,ORC2,EME1,MAST2,PIDD1,APOO,MTHFD1L
GSE15330_MEGAKARYOCYTE_ERYTHROID_VS_GRANULOCYTE_MONOCYTE_PROGENITOR_UP	GSE15330_MEGAKARYOCYTE_ERYTHROID_VS_GRANULOCYTE_MONOCYTE_PROGENITOR_UP	0.0009882504623915	152	44	PTPRE,COQ10B,CD44,RAP2A,HAUS4,UNC119,SUB1,CRYBG1,CDC42EP3,AHNAK,KLRC2,GBP3,DOCK5,CXCR6,ITGB1,SSR1,SPN,TTC39C,S100A13,CD63,UAP1L1,LEPROT,F2R,NBEAL2,YAF2,PRDM1,ID2,STARD10,ANXA4,MTPN,SERPINB9,RUNX2,MYO1F,ANXA1,LAMC1,ATP2B4,RBM47,RORA,TMEM167A,PRR13,SYPL1,SMPDL3B,NUDT4,NCALD
GSE21379_WT_VS_SAP_KO_TFH_CD4_TCELL_UP	GSE21379_WT_VS_SAP_KO_TFH_CD4_TCELL_UP	0.0005363611665249	166	55	PROM1,EVC2,TMEM170A,XDH,MTUS1,AJUBA,CBR3,TIE1,CD14,AKAP12,RAPH1,FHL1,SH3RF2,LCN2,PXDN,GNS,FSCN1,TGM1,LAMB2,TRIP6,GALC,SCAMP5,DOCK6,ZNF385A,DMKN,CCDC120,HOXB2,PALLD,AP2S1,TLE6,DOCK5,SH3D19,SHROOM4,RND2,ARPIN,TMC4,ARHGAP29,F2R,MYOM1,GNG11,KRT80,TEAD2,NRP2,LIMA1,SHISA2,DAB2,FUOM,FGFR1,FKBP9,COL4A1,CLSTN3,AXL,PIANP,BGN,SMPDL3B
GSE26488_WT_VS_HDAC7_DELTAP_TG_OT2_THYMOCYTE_WITH_PEPTIDE_INJECTION_UP	GSE26488_WT_VS_HDAC7_DELTAP_TG_OT2_THYMOCYTE_WITH_PEPTIDE_INJECTION_UP	0.0009901400426255	155	61	ENO2,EHD1,SLC12A3,DUSP16,WNT5B,CDH9,FBXW11,ATP1B1,DPP3,LIPC,USP15,IL10RA,CS,ENTPD4,CDK14,ETV1,LARP4B,ACY3,SEPHS2,CLCN1,NFATC1,CCNG1,SDSL,KRT16,PIPOX,SEMA3E,RAB11A,TFF3,ABCC2,MELTF,TMEM45A,RAB8B,FRZB,PAQR7,PSMB10,CLP1,EPB41L4B,HAS2,IKBKE,RRAGC,COL6A3,CCR5,PLA2R1,CCL22,MATN3,CLTC,LDHB,WNT11,TSPAN32,SRP9,SLC1A2,CAPG,ZFAND6,DKK1,TNNC1,S100A3,NUDT4,PLAT,PTGR1,KRT71,CYP24A1
GSE13493_CD4INTCD8POS_VS_CD8POS_THYMOCYTE_UP	GSE13493_CD4INTCD8POS_VS_CD8POS_THYMOCYTE_UP	0.0003879833596205	181	61	NDUFS2,UBE2B,MYB,FNBP1L,NAXE,RPS6KB2,NXT2,SALL2,PPM1K,RCAN3,CAMKK1,UBXN7,GREB1L,ETFRF1,EPS15,MCFD2,CKMT2,TACC2,DENND6A,SCARB2,ELF4,DOCK6,DMKN,NDUFV2,PRNP,AP1M2,ZNF207,RAP2C,CDC42EP1,MYL3,RNF34,MRPS16,LRRC28,H3-5,IRGQ,ADAM10,ELAPOR1,FGFR3,TOR1AIP2,BMPR2,SNN,TAF9B,TP53INP2,CPSF6,NTRK1,AFF4,CD4,NPC1L1,F13A1,BTF3L4,OLFM2,CPA4,NTN1,LDHB,SRP9,TMEM128,RAB3B,FUOM,ARL15,KDM5B,HEG1
GSE24634_IL4_VS_CTRL_TREATED_NAIVE_CD4_TCELL_DAY5_UP	GSE24634_IL4_VS_CTRL_TREATED_NAIVE_CD4_TCELL_DAY5_UP	0.0004348425148155	170	43	FSCN1,MARCKS,NINJ1,TRIP6,BID,VAT1,SERPINF1,RASSF4,MGLL,SLCO2B1,NEU1,GPR35,EOGT,SIRPA,TBC1D8,SELENOP,TNFSF13,PLA2G7,IRGQ,TNFRSF9,RNASE1,EBI3,NAGA,HSD17B14,TREM2,LIMCH1,IL1R2,SYNGR2,F13A1,CD81,QPRT,NPC2,LAMC1,RASSF2,LAMP2,CAPG,PLXND1,SOCS2,TNFAIP2,WLS,SGPL1,ZNF185,C1S
GSE46606_UNSTIM_VS_CD40L_IL2_IL5_DAY1_STIMULATED_BCELL_DN	GSE46606_UNSTIM_VS_CD40L_IL2_IL5_DAY1_STIMULATED_BCELL_DN	0.0002423183826254	184	81	EN2,KLF2,NSMF,PHLDA2,SNX25,CDC6,HSPD1,NCBP1,TRIB1,BUD31,MAN1C1,REXO4,EIF3J,MSH6,DDX10,JPT2,GINS3,SRPRB,IFRD2,LYSMD2,RPS19BP1,EPOP,RNF125,NDUFAF2,MCM10,MCRIP2,PRELID1,SLFN11,EIF2S2,MCM4,MRPS34,TWNK,BATF,GRPEL1,TNFRSF1B,EIF1,RSL1D1,DRG1,RILPL1,PSMG1,CCND1,ISG20L2,SCG2,COPRS,HEY1,LSG1,TRNT1,WARS1,GPR55,QTRT2,GAL,DRC9,MED8,PDSS1,NDUFAF6,MPHOSPH6,RBM18,PFAS,RABIF,DNAJA3,EGR3,HNRNPF,BYSL,ATG101,RPP38,EED,DGKE,UHRF1,BATF3,RERE,BCS1L,UBIAD1,DDX47,ENOPH1,XPO5,LDHA,TP53RK,MAFG,SYBU,PNPT1,SRSF7
GSE9650_EFFECTOR_VS_MEMORY_CD8_TCELL_DN	GSE9650_EFFECTOR_VS_MEMORY_CD8_TCELL_DN	0.0003387873359031	186	74	JUND,FOSB,DUSP1,FOS,KLF6,JUN,SLC3A2,KLF4,NOTCH1,PKD1,TOMM34,TNFSF8,HSP90AB1,IFT172,BCL2,HPCAL1,IDUA,IFRD2,DPH5,RABAC1,SIAH2,ODC1,KANSL2,MYC,EIF2S2,ZFP36,ADRB2,HSPA9,GADD45A,RCL1,RPL14,ENTPD5,EIF1,NDUFAF4,AXIN1,AKAP9,CAPRIN2,MIDN,NPM1,PIM2,GALNT11,RETREG1,PRSS12,EYA2,ATP13A1,GNL3,DALRD3,SSBP2,TP53,PARP8,TRAF1,SLC30A1,RBM39,DYM,RFLNB,IPO4,TSR1,GART,RGS2,SKI,MYPOP,PABPC4,SIPA1L2,MOGS,PNRC1,NEDD4L,TOB1,KCTD12,NUMA1,RPL6,METTL1,SESN1,RERE,LONP1
GSE35543_IN_VIVO_NTREG_VS_CONVERTED_EX_ITREG_UP	GSE35543_IN_VIVO_NTREG_VS_CONVERTED_EX_ITREG_UP	0.0009739862118587	146	45	YDJC,SLC7A5,MRPL12,CDC34,DBI,C1orf122,JOSD2,PDCD5,RANBP1,SLC25A4,NDUFAB1,PAK1IP1,NDUFAF8,NME6,BCCIP,EIF2B3,SEMA3C,PGP,CCNQ,CCDC107,RGS16,MRPL46,ITGB1BP1,GLA,LRRC14,CSTF2,PFDN2,PPP1R14B,PHACTR1,WDR74,ELAC2,NLGN1,METTL16,METRNL,ZNF16,NLE1,COPRS,SACS,ACTR5,B3GAT3,PREPL,SARM1,MRPL17,SETMAR,MRPL15
GSE19941_IL10_KO_VS_IL10_KO_AND_NFKBP50_KO_UNSTIM_MACROPHAGE_DN	GSE19941_IL10_KO_VS_IL10_KO_AND_NFKBP50_KO_UNSTIM_MACROPHAGE_DN	0.0006428970940679	177	66	TCP11L2,SMAD4,STX12,TBCEL,RECK,IPMK,KLF9,ZC3H12A,HOGA1,MFNG,FBXO6,FOSL2,NCS1,LAPTM5,PIGZ,SH3PXD2B,SWAP70,WDR37,VPS39,ETV6,TSPAN13,PI4K2A,TBKBP1,LRP12,BET1L,TOX2,ZNF385A,BTBD7,LONRF1,MAGED1,SKIL,TBC1D20,ZNF451,PTGFRN,TOLLIP,TENT2,PIK3R5,ATXN1L,NBEAL1,PIK3R1,NGEF,MYOF,TNFRSF1A,GLIS2,IFFO2,B9D1,PLAUR,TUBB2B,ID2,CPEB4,SLCO2A1,SMOX,LRP1,USP22,LAMC2,LAMP2,RORA,COL13A1,ARHGAP30,AVL9,SAA1,MTSS1,KRT20,ADM,PALS1,TLE2
GSE6269_E_COLI_VS_STREP_PNEUMO_INF_PBMC_DN	GSE6269_E_COLI_VS_STREP_PNEUMO_INF_PBMC_DN	0.0008406831752681	126	35	LCN2,BST1,NAALADL1,ANG,CHPF2,FLOT2,ERO1A,STAB1,APLP2,S100P,NEU1,SLC9D1,BPI,ALOX5AP,ABHD2,TNFSF13,TMBIM6,SSR1,CHI3L1,AGFG1,GBA1,MYO1F,IL1R2,CKAP4,TSPAN2,NDST1,JAG1,PADI2,CAPG,PLXND1,UGCG,ARF3,CD24,OLR1,TWSG1
GSE22601_DOUBLE_POSITIVE_VS_CD4_SINGLE_POSITIVE_THYMOCYTE_DN	GSE22601_DOUBLE_POSITIVE_VS_CD4_SINGLE_POSITIVE_THYMOCYTE_DN	0.0001671770077462	194	66	H2AX,STIP1,SAPCD2,RFC4,SMC4,PAQR4,PRKRA,SUPT3H,CPAP,PNP,BRCA1,PRDX4,BRCC3,KIF4A,TCOF1,GET4,HIRIP3,FABP5,EXO1,TPX2,LRRCC1,GLT8D1,GINS2,E2F8,CENPI,MSH6,DHFR,ALKBH7,CKAP2L,PGP,CIP2A,SIRT5,ATAD2,RNASEH2C,MPHOSPH9,RAD54L,SAAL1,SAXO6,GTSE1,SPDL1,IFT74,FRA10AC1,EME1,CDCA7L,POP4,HJURP,NPM1,NFYB,CCDC77,NSMCE1,TUBE1,DARS2,UNC93B1,TXN,RPP30,PCNA,DTNBP1,RBL1,SRBD1,ESCO2,DCAF4,TMEM218,FAM162A,RACGAP1,SSRP1,CCDC18
GSE21546_UNSTIM_VS_ANTI_CD3_STIM_DP_THYMOCYTES_DN	GSE21546_UNSTIM_VS_ANTI_CD3_STIM_DP_THYMOCYTES_DN	0.0002247910525272	182	57	ADRA2C,HSP90AA1,SULF2,H2AX,OLFM1,SLC39A3,SLC1A5,ANP32B,GLRX5,RCCD1,BRCA1,EZH2,PCOLCE2,MTFP1,KIF4A,EBF3,FAM110A,UTP14A,MKI67,FIRRM,TPX2,DUS3L,NRP1,DSCC1,TCHP,TEDC2,RNF126,DDX23,PGP,HNRNPM,POP7,PRPF3,NEMP1,CCDC59,NUP88,CEP78,GLA,JMJD6,SCARB1,MGME1,TXNL4B,TCF19,CFAP20DC,OMA1,SART3,RSL1D1,SGO2,POLR2H,AEN,DDN,OGFOD1,DNMT1,NLE1,TICRR,CDCA4,DISP3,GNL3
GSE3982_MEMORY_CD4_TCELL_VS_BCELL_UP	GSE3982_MEMORY_CD4_TCELL_VS_BCELL_UP	0.0007698201914284	147	42	SEMA4D,DUSP4,TMEM144,PRKCH,GBP1,SASH1,LPIN2,PURA,PIM1,ETV3,PHACTR2,NXN,NINJ1,DENND1B,MT1F,SREK1IP1,HOXB2,CD28,MAN2A1,ELAPOR1,CXCL6,ITGA5,DPP8,MICAL2,SELPLG,INPP4B,CD4,ANXA1,CACNB1,LIMA1,CISH,RORA,PXN,SEMA4C,IFITM1,TNNC1,ITGA6,LCK,FRY,TMPRSS3,MRC2,IL2RB
GSE36888_UNTREATED_VS_IL2_TREATED_TCELL_2H_DN	GSE36888_UNTREATED_VS_IL2_TREATED_TCELL_2H_DN	0.0005489814292666	168	56	HSD3B7,DISP1,COXFA4,APOC2,GTF2IRD1,DHRS11,ABL2,ASPHD1,SNAPC5,SPINT1,MTUS1,RPS6KA2,ANKRD34A,TIE1,RASAL2,FHL1,SPOCD1,LYSET,SLC6A12,LY6E,TNFRSF21,EFR3A,SCARB2,PI4K2A,NRIP3,ATP5F1A,MGLL,RAB11FIP4,TOMM40L,DAG1,LGALS9,SEMA3G,DGLUCY,SPSB1,RAB40B,BCAR3,IQGAP2,FABP3,GINS1,GRHL3,MDH1,CD9,ATP5MC3,ME3,IL1R2,NRP2,MITF,TSPAN32,HAVCR2,GPC4,SLC1A2,LSP1,AXL,COL8A2,TLE1,TIMP3
GSE14000_TRANSLATED_RNA_VS_MRNA_4H_LPS_DC_UP	GSE14000_TRANSLATED_RNA_VS_MRNA_4H_LPS_DC_UP	0.0003380204017726	189	65	USP48,MPHOSPH8,RUFY1,ELP4,INTS13,UPF3B,MED19,EIF3J,SART1,BUD13,ETFDH,PPWD1,CIP2A,RASA1,RIOK1,NIFK,YJU2B,HEMK2,UIMC1,KAT2A,SHQ1,ZNF280C,KANSL2,TTI2,HTATSF1,NSDHL,TOPBP1,GFM2,MRPL45,BAG3,GRK5,EXOSC8,ZNF776,SLC4A1AP,INTS8,SPDL1,NASP,SERBP1,NPM1,GTF3C3,DCAF13,LONP2,HMGN5,ARHGEF18,PPM1D,TRNT1,FEN1,FASTKD1,AGPS,RABGGTB,QTRT2,SUPT16H,TASOR2,SMC6,RIOK2,UPRT,TRIM27,MOAP1,MPHOSPH6,UTP11,DDX52,DBR1,YARS2,DCP1B,TTC14
GSE13522_CTRL_VS_T_CRUZI_BRAZIL_STRAIN_INF_SKIN_UP	GSE13522_CTRL_VS_T_CRUZI_BRAZIL_STRAIN_INF_SKIN_UP	0.0018734413516897	115	54	PATL1,KRT72,POU2F1,BMF,ATG12,PTPN12,SLC25A37,SLIT2,H2BC21,ITGAX,DIPK1A,KRT75,TALDO1,IDH3B,ZNRF1,KCNMB4,GMFG,CEACAM19,FKBP1B,ELN,AXIN2,IGF1,MYO15A,TBCEL,HOXD3,KLHL7,MAGEF1,IGF2,NR1D2,MAP3K21,TMEM150A,AGO2,PGAP1,CDC42EP3,NRF1,CCNG2,SCOC,S100A16,CTCFL,EEIG2,WNT5A,LRCH1,GID8,BCAR3,MGST1,TMEM167B,SLC38A3,DCPH1,SCD5,CCL22,PDGFRB,ST3GAL1,KDM5B,NEBL
GSE23502_BM_VS_COLON_TUMOR_HDC_KO_MYELOID_DERIVED_SUPPRESSOR_CELL_UP	GSE23502_BM_VS_COLON_TUMOR_HDC_KO_MYELOID_DERIVED_SUPPRESSOR_CELL_UP	0.0018661112573467	112	38	EIF2S3,PAQR5,HMGN3,TUBG2,HOGA1,ANG,PYGO1,RICTOR,PTPN22,SUCO,NUFIP2,SERPINB5,VAT1,TAMALIN,CD28,RBM24,GPR162,MORF4L1,TCEAL8,HIF1A,DCDC2,CSMD1,CCR5,TSPAN8,SLC6A3,RAPGEF6,ACTR3,SEPTIN4,KRT13,LAMP2,IRS1,PRKCG,SLC29A4,KRT4,CLRN3,VANGL2,NTM,TMEM52B
GSE21670_STAT3_KO_VS_WT_CD4_TCELL_IL6_TREATED_DN	GSE21670_STAT3_KO_VS_WT_CD4_TCELL_IL6_TREATED_DN	0.0004707105823318	173	65	CDKN1C,HSPA12B,PRKAA2,TMEM40,ESAM,LRRC36,CTNND1,NMT2,TGM2,GARRE1,GULP1,VAMP8,ANKRD33B,HSD3B7,SALL2,P2RX1,AJUBA,CBR3,TIE1,TXNIP,MID2,FHL1,NUCB1,GNS,UBA7,GALC,SKIL,ITGA2B,PRKCA,DYNLT3,UBL5,NDRG2,KLF12,PALLD,TLE6,ANKRD63,HAPSTR1,ACOX1,TMT1A,WBP1L,MAGED2,DIP2C,SHROOM4,RND2,BACH1,ARHGAP29,F2R,YAF2,MYOM1,C9orf152,FSTL1,GNG11,SERPINB9,GPRIN2,PODXL,SEMA7A,PHLDB2,FKBP9,FOXJ2,MAMDC2,COL4A1,BGN,ST3GAL1,FRY,MUC13
GSE17974_0H_VS_4H_IN_VITRO_ACT_CD4_TCELL_DN	GSE17974_0H_VS_4H_IN_VITRO_ACT_CD4_TCELL_DN	0.0002370072428249	181	75	FADD,IL2RA,STIP1,POU2AF1,GADD45GIP1,MRPL12,PKNOX1,IL18R1,PNP,CMSS1,NCBP1,MRPL18,PRDX4,EGR2,PRPF38A,DHRS7B,PALS2,EIF2B2,LTBP4,DDX10,RRS1,ANKS3,LEO1,ALG3,EPOP,ZPR1,BAZ1B,AIMP2,TTI2,ZNF165,PRELID1,EIF2S2,LYAR,CCDC86,ZNF239,PPP1R14B,NASP,POLR3D,TP53BP1,PSMG1,MLYCD,SRM,WIZ,COPRS,ZNF71,MRRF,FTSJ3,RRP9,DNAJB6,CTSL,MRPL17,HAX1,POLD2,PIGM,GRB10,UTP11,SH2D2A,EGR3,PPIL1,DNPH1,IPO4,DPAGT1,POGLUT1,BYSL,DESI1,GFOD1,GFI1,PPAN,SLC35A5,AK2,C2orf42,PRDX1,PDCD2L,WDR12,IRF8
GSE21063_CTRL_VS_ANTI_IGM_STIM_BCELL_NFATC1_KO_8H_DN	GSE21063_CTRL_VS_ANTI_IGM_STIM_BCELL_NFATC1_KO_8H_DN	0.0004583637836767	188	92	C9orf40,RXYLT1,KIF15,ATF3,CDC25A,CHCHD3,MAP3K5,PIBF1,ERP44,DUT,HIRIP3,SLC35E4,ELP4,EXO1,RAD51,SAC3D1,SMC2,TMEM79,RPL22L1,HERC4,SEL1L3,E2F7,PCCA,PAAF1,RIDA,MCM10,TARS1,PHF14,FLOT1,MNAT1,TTLL12,SAXO6,GMDS,CCDC14,C17orf58,ZNF512,SLC27A2,MTHFD1L,NSD2,HJURP,AEN,WDR70,PRKCE,GANC,RPS6KC1,SRI,TXN,SERPINB6,CCNA2,DONSON,ORC3,GNPAT,TOP2A,HMMR,NBAS,MRPS9,TYMS,TMEM218,FKBP15,DNPH1,CSTPP1,GATAD1,DPAGT1,SRD5A1,CENPU,NEDD4,IARS1,PRIM1,FIG4,BLM,PSRC1,ANLN,RMDN1,RNF167,TMA16,FUT8,SKA1,MAGOHB,FUCA2,CKS1B,TTK,DMC1,NCAPG,ITPR1,MCM5,SMIM20,KNTC1,GGCT,CCNB2,PLCXD1,HDDC3,ARV1
GSE17974_0H_VS_72H_IN_VITRO_ACT_CD4_TCELL_DN	GSE17974_0H_VS_72H_IN_VITRO_ACT_CD4_TCELL_DN	0.0001408563689322	185	66	FADD,ZNF367,P4HA1,PPID,SAPCD2,CYTIP,SKA3,CDC25A,CPAP,CKS2,DBI,GLE1,MRPL18,PRDX4,LRRFIP2,DUT,DNAJC9,CCT4,FAF1,EXO1,WDHD1,ERLIN1,KLF10,SPINT2,UBAC2,TRIM4,ANKZF1,NGLY1,CRNKL1,STAMBPL1,RBM6,CETN3,KTN1,NEMP1,NUP88,SUPT20H,SPATC1L,GRK3,POLB,PDAP1,INTS6,POLR3D,NSD2,PSMG1,POLR2H,IFT25,EGLN3,NFXL1,DNMT1,PGRMC1,DTYMK,MRRF,CAMK1,FEN1,TRIB3,CCDC34,PDHA1,CCNA2,MRPL17,RECQL4,RPP30,KEAP1,YARS2,RNGTT,CENPF,DCP1B
GSE12392_CD8A_POS_VS_NEG_SPLEEN_DC_UP	GSE12392_CD8A_POS_VS_NEG_SPLEEN_DC_UP	0.0004400030648091	182	47	FBXO6,CACHD1,VPS26A,PITPNB,FMNL3,TMEM168,RBPJ,NINJ1,TBC1D23,GPR132,ERO1A,DDX46,PTK7,S1PR2,CYBB,RPS6KB1,DNAJB5,PSMB5,CNP,PPP2R1A,NODAL,PLEKHA1,ALAS1,SPSB1,GPX2,GPR162,PSMA1,IREB2,AGTRAP,PRDM1,COPS2,EEA1,ID2,ANXA4,C5orf15,DLD,ACP5,SULT2B1,CAPG,TNNC1,CACNB3,MOB1B,SGPL1,OLR1,PTGR1,CXCL14,KCNN4
GSE11057_CD4_CENT_MEM_VS_PBMC_DN	GSE11057_CD4_CENT_MEM_VS_PBMC_DN	0.0005387659029529	170	45	PTPRE,SIDT2,RNASE6,SUSD1,ZDHHC7,NEXN,RAB3D,FBXL5,PTAFR,CMKLR1,SLC15A3,APLP2,ZNF385A,SORT1,CPNE5,ADAMTSL4,XK,CATSPER1,DUSP6,TBC1D8,LILRA6,TNFSF13,ATP6V1A,BACH1,SMIM14,LILRB3,LAPTM4A,CD9,RHOQ,ANXA4,SPARC,PDLIM1,F13A1,PRCP,FEZ2,FCGRT,NCEH1,PLXND1,MTMR11,OGFRL1,SLC7A7,RUBCNL,JUP,ZNF185,PIP5K1B
GSE2706_UNSTIM_VS_2H_LPS_AND_R848_DC_UP	GSE2706_UNSTIM_VS_2H_LPS_AND_R848_DC_UP	0.0002413216674006	166	63	IER5L,FADD,ZNF787,FKBP4,GPR155,NOC3L,RP9,CEP104,CCDC66,TSC22D3,THOC1,PRPF38B,PAN2,PALS2,SCAF4,BUD13,ZFP62,ZC3H15,TCHP,NAIF1,NBPF1,BAZ1B,PAAF1,ZCCHC3,TRMT13,PPFIBP2,ZNF830,ZNF766,DDIT3,CTLA4,ZNF302,ZNF850,MTERF1,ZNF227,CDAN1,BRD1,TAF5,RRP8,HNRNPU,CFAP298,ZNF775,ZNF211,PDCD7,ZNF184,GNL3,LSG1,FRAT2,PIGM,NOB1,BRAT1,ZNF689,CDKN1B,PTCD2,PDIK1L,MRPS11,RPP38,NKTR,DACT1,ZNF319,FKBPL,ZNF420,ZNF3,WNT3
GSE19941_IL10_KO_VS_IL10_KO_AND_NFKBP50_KO_LPS_AND_IL10_STIM_MACROPHAGE_UP	GSE19941_IL10_KO_VS_IL10_KO_AND_NFKBP50_KO_LPS_AND_IL10_STIM_MACROPHAGE_UP	0.0004239032265712	179	48	BAHD1,ASB7,SLC38A5,FURIN,ANG,PIK3IP1,SLC35D1,WDR37,NEXN,TSPAN13,FBXL5,FAM91A1,NRIP3,FAM114A1,LMO4,STAB1,TOX2,TRAM2,GPR35,PRNP,SSX2IP,STK31,ARFGEF2,CD99L2,PLEKHH2,NCMAP,PIK3R5,GNGT2,PIK3R1,GIPR,MYOF,IFFO2,KIFC3,COL6A3,C1GALT1,SELPLG,SLC44A3,CLDN19,LAMC2,PLTP,B4GALT1,GAB2,BST2,OGFRL1,SGPL1,VANGL2,ZNF217,TSPAN14
GSE39820_CTRL_VS_TGFBETA3_IL6_CD4_TCELL_DN	GSE39820_CTRL_VS_TGFBETA3_IL6_CD4_TCELL_DN	0.0004451492411625	182	64	MYO10,PLSCR3,ZBTB7B,YPEL5,PTPRJ,CTNNA1,SUSD3,NDUFAF3,NTPCR,CA5B,ZBED3,TBCEL,RAB2A,KCMF1,KLF9,CAMKK1,STK38L,RBM7,FOSL2,NCS1,RABGGTA,SLC30A4,MCFD2,FURIN,TGM1,AKAP13,ACVR1B,SNAPC1,ETV6,CORO7,UBE2H,CCDC6,TSPAN6,PRNP,PPP1R3B,NDRG2,SEC24A,TLE6,COPG2,DENND10,DHRS1,MAPK9,MAGED2,SMPD1,ACAP1,PEX13,SMIM14,ANXA2,ID2,PRRC1,RBMS2,ITGA3,CTSB,PTPN1,SMOX,TIMP1,PLEKHG2,DAZAP2,RORA,SMAD3,ECM1,TREML2,SERPINB1,RRM2B
GSE43955_1H_VS_60H_ACT_CD4_TCELL_WITH_TGFB_IL6_DN	GSE43955_1H_VS_60H_ACT_CD4_TCELL_WITH_TGFB_IL6_DN	0.0005387659029529	170	62	AMOTL2,ANKRD33B,PLS3,NUDCD2,S100A6,KCMF1,MDK,CSF1,STEEP1,MAP4K3,KPNA3,PIPOX,NF1,ACSS1,PTPRE,LY6E,C1QTNF1,ADCY6,ANG,ARL4D,MAPRE1,LAMB2,RBFOX2,AGO2,CCRL2,MAPRE3,KLF5,SERPINF1,TRIP12,PPP3CB,FN1,NDRG4,CRYBG1,RGS5,MX2,RCAN1,RBBP9,IL12RB2,ARL5A,CNOT6L,NAB2,AK4,ITGA5,TSKU,POLR2M,CCL22,GALE,CAV1,TRAF5,LDHB,EMP2,DNASE1L1,RNF11,CISH,CACNB3,NECTIN2,NSG1,FZD2,CDH1,FRMD6,COL1A1,PLAT
GSE13306_RA_VS_UNTREATED_MEM_CD4_TCELL_DN	GSE13306_RA_VS_UNTREATED_MEM_CD4_TCELL_DN	0.0002655607452183	171	55	TNFSF9,GLO1,NEK6,TPI1,JCAD,IRF6,MXRA7,NAPA,B4GALT5,DENND5A,HPSE,BMPR1A,NIPSNAP3B,FCMR,GCAT,STK38L,SCAMP1,MID2,ANKRD50,LAMB2,CYB5R1,ETV6,FLOT2,ERO1A,ARL6IP5,CRYBG1,TNFAIP1,PPP1R3B,AHNAK,GNA13,ANXA6,PKP2,DGLUCY,IFITM3,FZD7,IL10,PPME1,PRDM1,SV2C,ANXA2,TP53INP2,SMOX,SELENBP1,PHLDB2,ENC1,MAMDC2,PPP2R3A,GYS1,ADM,CNN3,GRIN2B,UACA,TLE1,MYO1G,VLDLR
GSE28726_NAIVE_CD4_TCELL_VS_NAIVE_NKTCELL_DN	GSE28726_NAIVE_CD4_TCELL_VS_NAIVE_NKTCELL_DN	0.000349020304839	167	53	SORBS3,GCA,MATN2,CDH3,CLDN9,PIK3IP1,SDC3,PHKG2,DISC1,FLOT2,CDX2,MAPK3,MAPRE3,SERPINF1,ITGB2,MYL2,ITGA2B,SIRPA,PXDC1,ALDH2,CCDC69,CXCR6,IFITM3,S100A13,MFGE8,FGFR3,TRIB2,CTNNBIP1,PAPSS2,SIT1,CORO1A,LFNG,UTRN,CDC42BPA,RASGRP2,DGKA,GPSM3,GDPD5,LITAF,FCGRT,PADI2,ACP5,GAB2,FGFR1,MAP4K2,IFITM1,MTSS1,ITGA6,KRT20,RGS9,PIAS3,SIGLEC6,RAB31
GSE11961_MARGINAL_ZONE_BCELL_VS_MEMORY_BCELL_DAY7_DN	GSE11961_MARGINAL_ZONE_BCELL_VS_MEMORY_BCELL_DAY7_DN	0.0009691613714517	133	45	KIF12,EFNA1,LIPH,CH25H,AXIN2,THNSL2,PRR15L,CSF1,SNAPC5,HAL,MYOM3,MMP9,ALX4,LLGL2,SORBS1,PYGO1,TSSK3,BIRC7,HES2,ZHX3,TMEM150B,GNAZ,PLEKHH2,HAS2,PAQR6,LIMS2,FAM131C,BRSK1,ADRA2B,HRCT1,TFAP2C,ZNF532,ME3,MAD1L1,JPH2,CLDN19,CACNB1,NTN1,COL6A2,DPEP1,TBC1D2,RGS9,WFDC2,TIMP3,MUC5B
GSE21360_SECONDARY_VS_TERTIARY_MEMORY_CD8_TCELL_UP	GSE21360_SECONDARY_VS_TERTIARY_MEMORY_CD8_TCELL_UP	0.0001866736802908	200	69	RAB5IF,FOSB,NOL7,POGLUT2,GADD45GIP1,MRPL12,LSM7,PNP,MTX2,GGH,MKI67,NDUFS7,TTF2,DHRS7B,PKMYT1,STEAP1,SMC2,MRPL11,ERCC6L,CLPP,HNRNPM,POP7,PTBP1,CCDC59,MIS18A,BNIP1,MNAT1,TMEM11,TRIM24,NFYC,BMS1,NOP14,ALDOA,POLD1,STAP2,SEC23B,POP4,DNAAF2,IFT25,RFC5,UBXN8,GNL3,KIF14,SF3B2,AGPS,TRIB3,MRPL39,PDHA1,RECQL4,COX17,RPP30,GOT1,RPE,TRAF1,TADA2A,UTP6,DNAJA3,INTS12,REEP4,TAF1A,MED6,PUS1,ATG101,MRPL16,ATF6,HTRA2,MRPL48,PRIM1,SENP3
GSE3691_CONVENTIONAL_VS_PLASMACYTOID_DC_SPLEEN_UP	GSE3691_CONVENTIONAL_VS_PLASMACYTOID_DC_SPLEEN_UP	0.0004855990536467	178	51	UBXN4,IL17RE,RAPH1,MFNG,WDR26,PIM1,LY6D,BAZ2B,SDC1,NLRP12,OTUB1,SDC3,VPS37B,SESN3,ATXN10,ARL4C,MGLL,WIPI2,TSPAN6,ADAMTSL4,RAB18,CNP,HIPK3,CD28,GNGT2,VEZF1,MAPK9,CASD1,LCP1,TNFRSF1A,TRIB2,MARCHF2,SSH2,ASB4,GREM1,CTSB,SMOX,PSAP,TIMP1,FEZ2,LAMC2,TGFBR2,DAZAP2,RORA,PPP1CC,SOX4,SERPINB1,ATP2A3,ZNF652,FRMD6,ACKR3
GSE1460_INTRATHYMIC_T_PROGENITOR_VS_THYMIC_STROMAL_CELL_DN	GSE1460_INTRATHYMIC_T_PROGENITOR_VS_THYMIC_STROMAL_CELL_DN	0.0007649428103896	172	52	TVP23B,RPS6KA2,SLC6A8,DLG5,GFPT1,PIP4K2C,ZCCHC24,MCFD2,PDLIM2,ANG,SGPP1,RBFOX2,MT1F,TUBB2A,EOGT,COPZ2,SLC9D1,BRIP1,DIP2C,HIF1A,CXCL6,RAB1A,ITGA5,F3,ARHGAP29,SMARCA1,HS2ST1,TXNDC9,KCNK1,ARHGEF12,ZNF532,SPON2,RRAS,TPST1,BPNT2,TEAD3,COL6A2,CREB3L1,FGD6,JAG1,GPC4,LAMP2,GRAMD2B,OLFML2A,SEMA4C,DKK1,MTMR11,IGFBP5,TGFBR3,ATP13A3,CNN3,LTBP1
GSE25123_WT_VS_PPARG_KO_MACROPHAGE_ROSIGLITAZONE_STIM_UP	GSE25123_WT_VS_PPARG_KO_MACROPHAGE_ROSIGLITAZONE_STIM_UP	0.0004326693989763	180	58	TTC28,TMEM9B,NFIA,CITED2,IGF1,DISP1,SPIN1,SNX13,RUBCN,PPM1K,BMPR1A,DIP2B,MTUS1,TCEAL3,CD14,ARHGAP12,FOXK1,CASP10,ARID3A,GAL3ST4,SLC18B1,DENND5B,UBA7,SCAMP5,ITM2C,UBE2H,BTBD7,SLCO2B1,ZBTB4,CRYBB1,PLEKHA1,HOXB7,CNEP1R1,TMEM245,RHPN2,SPTLC3,OLFML3,SEC14L1,BMPR2,RYR1,ARHGEF12,SELPLG,RAPGEF6,TP53INP1,RHOBTB3,NCKAP5,CLTC,FEZ2,DAB2,FCGRT,MAMDC2,MTSS1,SLC1A3,SCN1B,PALS1,WLS,SKIDA1,GLCE
GSE21927_BALBC_VS_C57BL6_MONOCYTE_TUMOR_UP	GSE21927_BALBC_VS_C57BL6_MONOCYTE_TUMOR_UP	0.0001617262917432	198	79	CCDC85B,GNG5,DDRGK1,SMC4,GADD45GIP1,TACO1,NOC3L,MRPL52,NAT10,NHP2,ELP4,MTIF2,STEAP1,OAS3,MRPS2,MRPL11,IFI27,ERCC6L,CLPP,NFIL3,NCLN,BHLHE40,ALG3,SP110,MIS18A,BNIP1,MNAT1,EHD4,TMEM11,UBR7,POP4,DNAAF2,PSMG1,PGAP2,TRIT1,XPO1,AURKAIP1,ACAA2,GNL3,FASTKD1,TRIB3,NELFE,MRPS33,DNTTIP2,MRPL40,PDHA1,ISG15,PSMD5,COX17,MED8,RPP30,TGS1,SRBD1,PFAS,CNOT9,INTS12,KIFC1,EMC6,TSR1,ESRRA,DYNC1LI1,ATG101,UBAP2,RFC2,MRPL16,ATF6,PPM1G,PRIM1,SENP3,SLC19A1,PPAN,NDUFS6,RMDN1,MRPS18A,METTL1,PWP1,SKA1,TRIM21,ENOPH1
GSE46025_WT_VS_FOXO1_KO_KLRG1_LOW_CD8_EFFECTOR_TCELL_DN	GSE46025_WT_VS_FOXO1_KO_KLRG1_LOW_CD8_EFFECTOR_TCELL_DN	0.0006377687157539	165	58	ANOS1,CSNK1G3,HGD,PSMD12,ATXN1,PLSCR3,MORC3,ZRANB2,RNF19A,SCYL2,RNF25,CASP8,ARFIP1,IMPA1,CMTM6,ELK3,HIPK1,BMI1,PCMTD2,YTHDF3,LLPH,BLOC1S6,TMEM168,DENND6A,FOXN2,ANO6,PDCL,CCRL2,GSKIP,ELMOD2,FAM199X,G3BP2,PRNP,ZNF281,CRYBG1,ARL6IP1,SEC24A,PLEKHA1,TLE6,VPS4B,PPM1B,SSR1,PDE7A,AGFG1,ANP32E,SPCS3,MICALL1,PRKAA1,RC3H1,ACTR3,BNIP2,SHISA2,LAMP2,SUMO3,ZFAND6,PPP1CC,NUDT4,TMEM52B
GSE5503_MLN_DC_VS_SPLEEN_DC_ACTIVATED_ALLOGENIC_TCELL_UP	GSE5503_MLN_DC_VS_SPLEEN_DC_ACTIVATED_ALLOGENIC_TCELL_UP	0.0005752826451069	173	54	SH2D5,LRRC3,EID2,RECK,HPSE,ENG,KLHL7,NRM,PANK2,PRKCH,PAQR5,TAX1BP1,MGAT5,INTS6L,ERN1,TTC3,ZNF148,RBPJ,ALDH7A1,CLDN7,MFAP2,UNC119,SERPINF1,MAGED1,TRPT1,EXOC6,RAC2,DUSP2,CAMK2G,LDB1,FZD7,NBEAL2,REEP2,BMPR2,NAGA,ANXA2,HPN,ANXA4,ICAM1,TSPAN2,PRCP,DNMBP,CREB3L1,SELENOF,CHD3,FKBP9,ENC1,RNF217,OGFRL1,KLHDC10,SHISA5,SMO,ARHGAP42,DTX4
GSE17974_0H_VS_12H_IN_VITRO_ACT_CD4_TCELL_DN	GSE17974_0H_VS_12H_IN_VITRO_ACT_CD4_TCELL_DN	0.0001229442123366	193	73	IL15RA,C9orf40,ZNF787,RXYLT1,ETFB,PKNOX1,TBL2,NHP2,GGH,VTI1B,PRPF38A,SDF2L1,ATP1B3,EIF3J,ERLIN1,FAM216A,PEMT,EIF2B2,LTBP4,FNTB,PGP,TBCCD1,IFRD2,ALG3,RBM6,NEMP1,BAZ1B,MAP7D3,STIL,COA7,TTLL12,MCAT,GRK3,MIPEP,SLC27A2,TCF19,MICA,LZIC,POP4,MLYCD,RCC1,OGFOD1,SRM,TPRA1,NFXL1,NLE1,SEC11C,FEN1,RRP9,TRIB3,PDHA1,METTL2B,MRPL17,POLD2,RECQL4,KEAP1,HYOU1,PGBD2,SH2D2A,QTMAN,RNGTT,DNAJA3,EGR3,TAF1A,DYM,DPAGT1,EIF4EBP1,POGLUT1,GLS,DESI1,GFOD1,PUM3,CNPY3
GSE37605_TREG_VS_TCONV_NOD_FOXP3_FUSION_GFP_UP	GSE37605_TREG_VS_TCONV_NOD_FOXP3_FUSION_GFP_UP	0.0014994321303816	113	18	FOSB,DUSP1,FOS,PPP1R15A,SPRY2,JUN,CEBPD,EGR1,GRM8,ATF3,CYTIP,NR4A2,IER3,TRIB1,HSPA1A,EGR2,CEBPB,SERPINE1
GSE41867_LCMV_ARMSTRONG_VS_CLONE13_DAY15_EFFECTOR_CD8_TCELL_DN	GSE41867_LCMV_ARMSTRONG_VS_CLONE13_DAY15_EFFECTOR_CD8_TCELL_DN	0.0020994501381884	120	37	EIF2AK3,LHX4,LLGL2,KLHL24,CCT6B,SCML1,PYGO1,RICTOR,CLDN7,MTHFR,TUBAL3,SERPINB5,ITM2C,ACAP2,ISG20,EOGT,CIB2,NPY4R,CCNG2,HECW1,PLEKHA1,PAQR6,VCPIP1,PLLP,GLYCTK,CSMD1,PCLAF,RASD2,SCD5,LYPD1,TJP3,COL26A1,SCARA3,PSG5,SMO,SIGLEC6,CGN
GSE369_SOCS3_KO_VS_WT_LIVER_UP	GSE369_SOCS3_KO_VS_WT_LIVER_UP	0.0002252351512526	192	61	TMEM160,CCDC85B,AATF,HSP90AA1,COMTD1,STIP1,RXYLT1,LSM7,TSEN2,MRPL18,DOHH,TFAP4,RPAP2,HSP90AB1,MRM1,C1QBP,MRPS5,MLLT6,XPOT,WDR18,NARS2,ZDHHC23,MRPL11,MALSU1,CLPP,RRS1,LGI2,PDIA3,SHQ1,AKAP1,CARS1,ELOVL6,PIEZO1,CCDC86,PDSS2,GRPEL1,G6PD,ABCC4,RPP25,RAP1GAP2,TRIP13,RRP12,UTP18,ATP13A1,TRNT1,NOB1,PBDC1,COQ5,ORC3,GOT1,TADA2A,ST6GALNAC4,FAM185A,CHAMP1,RSAD1,SUCLG1,QTRT1,DDX1,PNPO,MRPS15,EED
GSE19888_ADENOSINE_A3R_ACT_VS_TCELL_MEMBRANES_ACT_AND_A3R_INH_PRETREAT_IN_MAST_CELL_DN	GSE19888_ADENOSINE_A3R_ACT_VS_TCELL_MEMBRANES_ACT_AND_A3R_INH_PRETREAT_IN_MAST_CELL_DN	0.00045823406828	187	52	METTL17,TCTA,RCAN3,CAMKK1,STX5,AJUBA,SLC6A8,IL17RE,PTPRF,MMP9,TTC3,NCS1,RANBP10,SDC1,ANAPC5,NXN,KLF5,CD109,NDRG2,DAG1,S100A16,PTPRU,SFT2D2,ADGRL2,SH3D19,MFGE8,PTPN14,FGFR3,SPPL3,PKP1,SERTAD4,FAM168B,MTM1,MAST3,RALBP1,ANXA8,MICALL1,ITGA3,AGO1,H1-2,EMP2,TSPAN9,PHAF1,PLEKHG2,NOTCH3,RAPGEFL1,FZD6,TMEM63A,ZNF512B,TLE2,CDH1,KRT5
GSE29615_CTRL_VS_DAY3_LAIV_IFLU_VACCINE_PBMC_UP	GSE29615_CTRL_VS_DAY3_LAIV_IFLU_VACCINE_PBMC_UP	0.0006453849684885	161	43	RAB30,YTHDF3,USP30,COQ10B,ITPRID2,MAPK6,SUCO,VPS37B,MTMR6,PI4K2A,CHMP2B,ERO1A,RAMP2,FAM8A1,LONRF1,LIMK2,RAB11FIP4,PHF13,RAP2C,GNA13,CCNG2,TBC1D15,PCIF1,CNEP1R1,ABHD13,TMEM167B,RAB1A,PEX13,MZT1,LAPTM4A,CRY1,MAP3K2,TGIF2,CRYAB,GRTP1,PRSS33,PPP4R2,SERPING1,SNX4,HNRNPH2,CARMIL1,GABARAPL1,CCR3
GSE17721_ALL_VS_24H_PAM3CSK4_BMDC_UP	GSE17721_ALL_VS_24H_PAM3CSK4_BMDC_UP	0.0003785812438024	176	51	PCSK7,SELENOT,ARID3B,ATP2B2,SLC30A4,CHMP3,TDRD7,MAPK6,CLCN5,TMEM150A,ARHGAP1,AGO2,VAT1,TOR1AIP1,UBE2L6,TUBB2A,LYPLA2,PSMB10,GPX3,TBC1D13,PTPRO,BRI3,MYBPH,VWF,NECAP2,UAP1L1,ANXA2,PLAUR,SEPTIN8,ID2,ANXA4,PRRC1,ARPC5,CTSS,CTSB,ACTR1A,SNX12,ANXA1,PSAP,MITF,EMP3,TRAF5,APOE,CACUL1,CAPG,RBM3,LSP1,ANPEP,TGFBR1,TIMP2,KCNN4
GSE24574_BCL6_HIGH_VS_LOW_TFH_CD4_TCELL_DN	GSE24574_BCL6_HIGH_VS_LOW_TFH_CD4_TCELL_DN	0.0001457415074239	193	65	FADD,H2AX,PPID,ETFB,TMEM106C,CDC6,IGFBP4,IL18R1,THOP1,CKS2,DBI,STT3A,GGH,MKI67,SLC75A1,PLPP1,CCT4,FABP5,HSP90AB1,TPX2,LMNB2,ATP1B3,BAG2,WDHD1,SLC43A1,LTBP4,CDT1,DHFR,POLD3,BHLHE40,IGFBP2,ATF1,PDIA6,PLP2,AIMP2,RAD54L,MNAT1,HADH,HNRNPA3,MCM4,ITGB3BP,CKAP5,IPO5,CCT6A,PLRG1,MYO1B,DHCR24,HMGN2,DNMT1,ECI1,CAMK1,WARS1,CRYZ,POLD2,TRAF1,TOP2A,PYCR1,PFAS,KIFC1,ACTA1,SSRP1,SRD5A1,SNRPA,SNAPC3,MRE11
GSE5679_CTRL_VS_PPARG_LIGAND_ROSIGLITAZONE_TREATED_DC_UP	GSE5679_CTRL_VS_PPARG_LIGAND_ROSIGLITAZONE_TREATED_DC_UP	0.0003499783880394	196	75	AHSA1,H2AX,RFC4,GTF3A,BRCA1,CMSS1,HIRIP3,RUVBL1,MKI67,CTNNBL1,TCP1,LMNB2,CHCHD4,C1QBP,RAD51,NOC4L,MNS1,DSCC1,TEDC1,MRPL3,NIFK,TYW3,PDIA6,STIL,CLSPN,FBXO5,MRPL46,HIKESHI,LYAR,NIF3L1,PSMC3IP,TM2D2,RCL1,CHLSN,MIPEP,MCM3,SGO2,IPO5,APOO,IRF1,TRIP13,CCT5,PLEK,RFC5,PIM2,TUBE1,PPIL3,GNL3,HK2,NELFE,CCNA2,RECQL4,CDCA3,IQGAP3,UTP6,TYMS,GALNS,TSR1,DPAGT1,CTPS1,QTRT1,SNRPA,PIF1,MRE11,PRIM1,LRRC59,PSRC1,IPO13,TACC3,KARS1,BUB1,PREP,YBX1,DLGAP5,ST3GAL6
GSE13484_UNSTIM_VS_3H_YF17D_VACCINE_STIM_PBMC_DN	GSE13484_UNSTIM_VS_3H_YF17D_VACCINE_STIM_PBMC_DN	0.0003954067756876	176	60	EIF2AK2,PSMA6,NAA50,OAT,MYH10,HBS1L,NXT2,DENND5A,CYLD,ELK4,ZC3H12A,KCNN1,GOLT1B,FICD,S100A5,SNRPB,MMP9,SEPTIN10,TMED5,PITPNB,COQ10B,MAGT1,ETV6,VPS37B,AZIN1,SLC26A2,GGA2,UBE2L6,DKK3,CORO2A,RBPMS,MARCHF5,DSE,VCPIP1,IL12RB2,APOL1,IRGQ,CD164,BCL3,AK4,TMOD3,EBI3,ACTR1A,TPST1,MITF,NAPG,IFITM2,PROCR,PLEKHO2,LAMP2,LAMB3,IRS1,RFTN1,BST2,PPP1CB,PRKAG2,PLAU,ADM,SPRING1,SGPL1
GSE3982_EOSINOPHIL_VS_BCELL_UP	GSE3982_EOSINOPHIL_VS_BCELL_UP	0.0011337962597273	148	46	SERINC1,CHMP3,CDHR5,ITPRID2,NXN,DENND1B,TFDP2,CHRD,FOXN2,FBXL5,PTAFR,STAB1,KLF5,ADAM11,LIMK2,NOTCH2,G3BP2,GPR35,ADAMTSL4,MPP1,FHL3,COPZ2,EML4,PDZD7,GSTM4,MTMR3,SLC6A6,TNFRSF9,GCNT2,TNFRSF1A,SMAD5,SEC14L1,LAPTM4A,CRY1,SDCBP,LGALSL,THEMIS2,ANXA1,JAG1,TGFBR2,LAMP2,MCOLN3,IFITM1,MUC5AC,C1S,CAMK1D
GSE41176_UNSTIM_VS_ANTI_IGM_STIM_BCELL_24H_UP	GSE41176_UNSTIM_VS_ANTI_IGM_STIM_BCELL_24H_UP	0.0008191391633524	141	39	IL17RE,PPM1H,ENPP5,CACHD1,TFF3,SLC8A1,MOV10,RTL8B,FBXO41,CPNE5,SLC6A18,POLN,MID1,KLK7,HECW1,SEC24A,PXDC1,FOXN1,SCRN1,ANGPTL2,RAB27B,DCDC2,ANXA8,THEMIS2,AQP3,TEAD3,AMOTL1,TSPAN32,SIAE,TMED7,DAB2,SLC25A24,OLFML2A,MYRF,COL5A1,TIMP2,SERPINB1,FLNC,HNF4A
GSE3565_DUSP1_VS_WT_SPLENOCYTES_UP	GSE3565_DUSP1_VS_WT_SPLENOCYTES_UP	0.0021739291761282	131	42	ERN1,TMEM65,SEPTIN10,BCL2L1,CD44,TOB2,CHIC1,TEF,CMKLR1,ZC3H7A,OSBPL3,ITGB2,ARL4C,CORO2A,AHNAK,KLRC2,PTBP2,IL12RB2,HDHD5,DOCK5,CXCR6,ITGB1,MOSPD1,TTC39C,H2AZ1,PRDM1,EEA1,ID2,ARHGEF12,STARD10,MICAL2,RUNX2,MYO1F,ANXA1,EMP3,TSPAN2,ATP2B4,HAVCR2,RORA,ARL15,SMPDL3B,NEBL
GSE5679_PPARG_LIGAND_ROSIGLITAZONE_VS_ROSIGLITAZONE_AND_RARA_AGONIST_AM580_TREATED_DC_DN	GSE5679_PPARG_LIGAND_ROSIGLITAZONE_VS_ROSIGLITAZONE_AND_RARA_AGONIST_AM580_TREATED_DC_DN	0.0009432486034542	170	43	ETV3,MAGEF1,RASGRP1,ADCY6,TACC2,TRUB1,DCTN6,SHE,GFOD2,RHOBTB2,ORAI2,ATXN7L3,ARHGEF33,RIPOR1,GUCD1,ALDH2,DGLUCY,PIK3R1,PPM1B,DDX19B,UHMK1,HID1,MYOM1,ZNF629,CRY1,LFNG,F2RL1,CPSF6,DGKA,H1-2,MMP11,QPRT,HOXA1,NFE2L3,CISH,FCGRT,CLIC5,ITGA6,TXNRD3,ECM1,FRMD6,PLAT,NMNAT2
GSE557_CIITA_KO_VS_I_AB_KO_DC_DN	GSE557_CIITA_KO_VS_I_AB_KO_DC_DN	0.0002262582729875	185	60	RAB5IF,PDE2A,TTLL5,C9orf40,HNRNPAB,SAPCD2,SNX25,SCRIB,EPN1,CBX4,GET4,SLC1A4,RUVBL1,MAZ,MEN1,FABP5,FAF1,INTS13,TTF2,USP28,HES6,B3GAT1,BAG2,IFT172,CNKSR3,SATB2,ZC3H14,HNRNPM,TMCO4,ENPP1,MRPL3,SURF6,MRPL46,GCLC,ZDHHC6,PLD6,FIZ1,ZFAT,MAST2,IPO5,MTHFD1L,PITPNC1,ELMO2,WDR70,NELFB,TMEM181,HDAC2,ACTN4,FGFBP3,CHAMP1,SMAP1,HIRA,GPD1L,PPIL1,VPS35,SSRP1,LSM1,CYP20A1,UBAP2,RAD18
GSE3982_DC_VS_BCELL_UP	GSE3982_DC_VS_BCELL_UP	0.0007060919692355	169	51	RAB11A,CENPN,PHACTR2,BST1,USP32,FSCN1,TNFRSF21,RAP2A,CDKN1A,PEX19,CCRL2,FAM114A1,ERO1A,MRAS,SORT1,RAB8B,GALNT12,FN1,MPP1,TNS1,EML4,PALLD,ALAS1,MIEF1,ABHD2,RCAN1,ALDH2,SPSB1,SFT2D2,MYOF,CHI3L1,TNFRSF1A,CLN8,MICAL2,CCR5,ANXA1,CD36,ALDH1A1,PODXL,ATP6V1H,MITF,CLTC,ENC1,PPP2R3A,ARHGEF10L,PLXND1,TGFBR3,SOCS2,PLAU,COL8A2,RAB31
GSE2405_0H_VS_24H_A_PHAGOCYTOPHILUM_STIM_NEUTROPHIL_DN	GSE2405_0H_VS_24H_A_PHAGOCYTOPHILUM_STIM_NEUTROPHIL_DN	0.0006983859210811	178	43	CAVIN1,LONRF1,TMEM150C,PRNP,DPYD,PHF13,SNX24,CD99L2,RNF157,ALOX5AP,PGPEP1,C2,NIBAN2,TMPRSS4,FOXN1,PTPN14,PAPSS2,SEPTIN8,IQSEC2,LRP1,SPARC,CRYAB,RAB12,SEPTIN4,SERPING1,FBLN5,SHISA2,GDPD5,PROCR,IRS1,LTBP2,SEMA4C,NOTCH3,STARD8,KLHDC10,MOB1B,TLE2,SYT13,REEP3,TLE1,TPD52L1,TIMP3,VLDLR
GSE5679_CTRL_VS_RARA_AGONIST_AM580_TREATED_DC_UP	GSE5679_CTRL_VS_RARA_AGONIST_AM580_TREATED_DC_UP	0.0003180964350014	195	55	AHSA1,H2AX,ADAT3,RFC4,GTF3A,NXPH3,BRCA1,CMSS1,HIRIP3,NHP2,UTP14A,RUVBL1,MKI67,CTNNBL1,TCP1,LMNB2,CHCHD4,C1QBP,GINS2,RAD51,NOC4L,DHFR,JPT2,TEDC1,MRPL3,NIFK,SF3A3,RBBP8,HS3ST1,STIL,PRKCSH,FBXO5,MNAT1,PSMC3IP,NEIL3,TM2D2,RCL1,CHLSN,MIPEP,RRP8,KMT5A,MCM3,SGO2,APOO,TRIP13,CCT5,PLEK,RFC5,PIM2,TUBE1,RRP12,DTYMK,GNL3,WARS1,HK2
GSE18893_TCONV_VS_TREG_24H_TNF_STIM_UP	GSE18893_TCONV_VS_TREG_24H_TNF_STIM_UP	0.0002242859040946	199	74	H2AX,MRPL57,SAPCD2,RFC4,KIF15,MRPL12,ETFB,MRPL41,CDC25A,CDC6,CPAP,RCCD1,POLA1,CKS2,BRCA1,DUT,RANBP1,C21orf58,CDT1,MSH6,CHTF18,ERCC6L,GINS3,CDCA7,BHLHE40,E2F7,FBXO5,CRIP1,HIKESHI,ARMC10,TTLL12,PRIM2,MSH2,BORA,PSMC3IP,SGO1,MCM4,SLC27A2,ITGB3BP,TCF19,ACTL6A,POLD1,IPO5,APOO,MFHAS1,GSS,DHCR24,DARS2,CCDC15,TICRR,DNAJC19,HPF1,CCDC34,MRPL39,CABLES2,NDUFA2,PCNA,DCUN1D5,FASN,CDCA3,FAM111A,ESCO2,RACGAP1,ERI2,TEX30,FAHD2A,CENPU,RFC2,UHRF1,PSRC1,DDX41,AK2,MCM2,BOLA3
GSE23502_WT_VS_HDC_KO_MYELOID_DERIVED_SUPPRESSOR_CELL_BM_DN	GSE23502_WT_VS_HDC_KO_MYELOID_DERIVED_SUPPRESSOR_CELL_BM_DN	0.000635475026554	180	61	GRINA,NABP1,ANKRD33B,NUDCD2,TRIO,ABHD17B,VMP1,RAP1A,IL6ST,CSF1,UBXN7,EIF2S3,HMGN3,SCAMP1,TMED5,FOSL2,PIM1,UBE2G1,COQ10B,PYGO1,PDE8A,PIK3IP1,CDH17,AZIN1,SUB1,RASSF4,YWHAQ,ZNF281,TUBB2A,HIPK3,SIRPA,GAS7,ALDH2,ADGRL2,BCL3,YAF2,PRDM1,ANXA2,CD9,ID2,CAMK2D,CCR5,IL1R2,PTPN1,TPD52,NRP2,CLTC,CSF2RB,RBM47,LITAF,LAMP2,B4GALT1,GAB2,AHR,TMEM167A,MTSS1,TG,PRKCG,ST3GAL1,TNFAIP2,RAB31
GSE15330_HSC_VS_LYMPHOID_PRIMED_MULTIPOTENT_PROGENITOR_UP	GSE15330_HSC_VS_LYMPHOID_PRIMED_MULTIPOTENT_PROGENITOR_UP	0.0007087321913311	178	50	INTS5,FURIN,PABIR1,COL17A1,RCHY1,ETV6,SESN3,GALC,AGO2,ZNF281,BORCS7,B3GNT3,PUM1,RNF157,SLC6A6,IKZF4,SPSB1,IFITM3,PPP3R1,ACVR1,IQGAP2,HIF1A,NECAP2,ANGPTL2,CTNNBIP1,SEC14L1,PRDM1,DDX6,ID2,SERPINB9,ICAM1,CTSB,PTPN1,LRP1,SYNGR2,SEMA7A,LBH,COX6B2,IFITM2,LAMP2,IFI35,AHR,FGFR1,BST2,MCOLN3,PPP1CC,TRPS1,ECM1,CNN3,TWSG1
GSE1791_CTRL_VS_NEUROMEDINU_IN_T_CELL_LINE_0.8H_UP	GSE1791_CTRL_VS_NEUROMEDINU_IN_T_CELL_LINE_0.8H_UP	0.0013942605177114	163	53	KDM4C,CPT1A,ANP32B,MPHOSPH8,UBTF,IL18R1,EEPD1,DBI,POLRMT,KISS1R,THAP11,SLC47A1,RAD51,NOC4L,PCYOX1L,INF2,SPINT2,MAOA,LEO1,RHOF,EPOP,LHFPL6,ZRSR2,MCRIP2,CEP164,CCDC137,PPFIBP2,PIEZO1,ARHGAP45,TAPT1,MRPL2,C17orf58,SCARB1,GRK3,MGME1,NSUN4,TSSC4,HSPB1,APOO,CHST7,MFHAS1,ZC3H3,DCXR,NFXL1,PPP1R15B,GANC,MMAB,RAB8A,SRI,TP53,PPP1R7,JADE1,MRPS33
GSE21670_IL6_VS_TGFB_AND_IL6_TREATED_CD4_TCELL_DN	GSE21670_IL6_VS_TGFB_AND_IL6_TREATED_CD4_TCELL_DN	0.0016917740446529	152	42	SP5,ADRA2C,UBE2S,TBCK,GDF15,CDK2AP2,HSPA8,NUP107,AKAP6,SIGMAR1,NFKBIB,SHROOM1,NXT1,SAP30,SDF2L1,WBP4,ERCC6L,MAOA,NCLN,STRA6,RBBP8,EPHX4,ZNF830,CCDC88C,TCAP,SAXO6,GTSE1,PRIM2,CFAP69,SNX9,FOXN4,TP73,DTL,CHLSN,MCM4,CREB3L3,IL31RA,KNSTRN,MCM3,SLIT1,WASF3,ERP29
GSE6259_FLT3L_INDUCED_33D1_POS_DC_VS_BCELL_UP	GSE6259_FLT3L_INDUCED_33D1_POS_DC_VS_BCELL_UP	0.0002615604303264	185	67	CRLS1,ZNF428,TPP2,MGAT2,RXYLT1,MRPL12,AFG2B,MRPS22,SERP1,TMEM243,GLRX5,FKBP11,NHP2,CHCHD4,SDF2L1,PIM3,WDR18,NME6,NOC4L,TNK2,DDX10,TRMT61A,TMEM223,CETN3,YBX3,UBE3D,MRPL46,C3orf80,MRM3,ZFP36,BMP8A,MIPEP,PIGU,MRPS34,ADAP1,ORC2,NSUN5,RAP1GAP2,CCT3,MPC1,SEC24D,CLUH,RRP9,ZNF235,CLNS1A,CORIN,UXT,NMD3,POLD2,NDUFAF6,DCUN1D5,HACD1,ST6GALNAC4,FAM185A,RSAD1,GPD1L,MRI1,TOP1MT,EMC6,NUFIP1,NAGPA,GLS,AKNAD1,TIMM21,ENO3,CARNMT1,METTL13
GSE27786_CD8_TCELL_VS_NKCELL_DN	GSE27786_CD8_TCELL_VS_NKCELL_DN	0.0005360669219981	192	65	MAVS,ZBTB7B,RNPEP,PTPRJ,NXT2,IGF1,SLC61A1,SNX13,IPMK,HPSE,CMPK1,PHACTR4,KLF9,SEL1L,NAA60,ILRUN,PTAR1,FAR1,HMGN3,TMEM86A,PRKACA,EIF4E3,PIK3R6,FBXO6,TMED4,ARID3A,MBNL2,CKB,RAP2A,SLC66A3,PEX19,CMIP,TMEM179B,TRAFD1,PHTF2,TOR1AIP1,TRAM2,DYNLT3,MPP1,EXOC6,RNF157,ATXN1L,ALDH2,SLC6A6,SFT2D2,TMBIM6,BRI3,RIT1,GALNT9,FZD7,VAMP3,KIFC3,CAPZA1,ANXA4,SLC46A3,SLC43A3,CHP1,PSAP,YWHAZ,CDC50A,RBM47,DSTYK,PADI2,AXL,TNS3
GSE13522_WT_VS_IFNAR_KO_SKIN_DN	GSE13522_WT_VS_IFNAR_KO_SKIN_DN	0.0009027736160578	156	44	CD44,RBPJ,CHIC1,USP11,DNAJB13,TNFSF10,PEAR1,OSBPL3,MAGED1,PRNP,CORO2A,KATNAL1,PREX1,SH3BGRL,ANXA6,ARL5A,CXCR6,SERINC3,NIBAN2,SLC52A1,TTC39C,S100A13,H2AZ1,MDH1,NBEAL2,RENBP,ID2,F2RL1,TBC1D25,RUNX2,MYO1F,IL1R2,SMOX,LAMC1,ATP2B4,LY6S,RORA,AHR,CAPG,PRR13,AXL,CCR1,GM2A,CCR3
GSE7831_1H_VS_4H_CPG_STIM_PDC_UP	GSE7831_1H_VS_4H_CPG_STIM_PDC_UP	0.0006913615129498	183	62	AQP1,ITGB6,TM2D3,IP6K1,MRPL49,IPMK,LANCL1,KLF9,HCFC2,MTUS1,P2RX1,CBR3,PPM1H,ETV3,FSCN1,SORBS1,BIRC2,OTUB1,PIK3IP1,NINJ1,CHPF2,LIX1L,VPS39,FBXL5,FAM114A1,TBKBP1,LRP12,TRAFD1,DOCK6,ZC3H7A,SSBP3,MAGED1,ADGRD1,TCF25,WTIP,PKP2,GLYCTK,TMBIM6,LDB1,WDFY1,PTPN14,MYO1C,SAR1A,APBB1,POLR2M,CDK9,SEPTIN8,FSTL1,PRRC1,RRAS,AGO1,LRIG2,ITIH3,RARG,TSPAN32,TOM1L2,MEAK7,CAPG,TREML2,TNFAIP2,CPXM1,GABARAPL1
GSE42021_CD24HI_VS_CD24LOW_TCONV_THYMUS_UP	GSE42021_CD24HI_VS_CD24LOW_TCONV_THYMUS_UP	0.0003746712189783	185	66	AHCYL1,TNFSF9,SLC25A11,MLF2,MEGF9,VCL,FAM171A1,BAIAP2,MXRA7,MYH10,EPB41L1,GNB1,IGSF3,BCAT2,ASB1,EEIG1,PDGFC,PRKCH,UCHL3,ARPC1A,CTDSPL,PDLIM2,KIF1C,PLCB2,BARD1,CBX5,CYB5R1,FECH,AGO2,FAM114A1,CAVIN1,MGLL,AP1M2,EPB41L4B,APOOL,SLC9D1,PALLD,MYBL2,ANXA6,MAPK1IP1L,GSTM4,HDHD5,RAB40B,NF2,H2AZ1,ITPKB,FAM168B,SIT1,SDCBP,PADI3,AQP3,USP22,ATP6V1H,KIAA0232,CAP2,ARPP19,OLFML2A,SCARA3,KLHDC10,FZD2,DLG1,GM2A,GYG2,CUL4B,UCP2,PRSS23
GSE36476_CTRL_VS_TSST_ACT_72H_MEMORY_CD4_TCELL_OLD_DN	GSE36476_CTRL_VS_TSST_ACT_72H_MEMORY_CD4_TCELL_OLD_DN	0.0003531152923162	195	84	FADD,IL2RA,HNRNPAB,RFC4,SLCO4A1,TMEM106C,CDC6,PLK4,NCBP1,MRPL18,KIF4A,MKI67,CCT4,RAD51C,TPX2,NAP1L4,DHRS7B,SMARCAL1,GINS2,SLC47A1,RAD51,SMC2,MRPL11,JPT2,VDR,POLD3,FOXM1,RBBP8,RIDA,MCM10,TARS1,MIS18A,MTHFD1,GLA,EBNA1BP2,CSTF2,DTL,MCM4,KIF20A,CKAP5,TP53BP1,PSMG1,MLYCD,TRIP13,CCT3,HJURP,GATB,HMGN2,FEN1,WARS1,UBE2C,CCNA2,MRPL15,MED8,GOT1,RBM4B,TOP2A,CDCA3,HMMR,KEAP1,RAD51D,QTMAN,CENPF,EGR3,TYMS,GSDME,GART,RACGAP1,MACROH2A1,SUCLG1,GLRX2,CTPS1,CENPU,ATF6,NEDD4,IARS1,CEP55,BLM,SNUPN,MCM2,DLGAP5,FANCG,CENPA,SMCO4
GSE21670_UNTREATED_VS_IL6_TREATED_STAT3_KO_CD4_TCELL_DN	GSE21670_UNTREATED_VS_IL6_TREATED_STAT3_KO_CD4_TCELL_DN	0.0004998038255291	183	63	IL2RA,HNRNPAB,NOTCH1,PFKFB3,SLC7A5,TACO1,GTF3A,HSPD1,TSEN2,NOC3L,WDR3,REXO2,CMSS1,RPIA,RUVBL1,RANBP1,HSP90AB1,C1QBP,PAK1IP1,ARID5A,ZDHHC9,DDX10,RPF2,RRS1,SRPRB,LMNB1,UTP20,RIOK1,NIFK,STAMBPL1,JUNB,NARF,KAT2A,SP110,MYC,FLOT1,SBNO2,SCFD2,LARS1,PMS1,NOLC1,NOP14,WDR74,POLR3D,DYRK2,IPO5,MTHFD1L,TAF4B,INTS10,CCT3,SRM,PIM2,RRP12,GNL3,TP53,SFPQ,HDAC2,POLD2,MSL3,FAM184A,CMTM8,DTNBP1,PFAS
GSE22886_NAIVE_CD4_TCELL_VS_NEUTROPHIL_DN	GSE22886_NAIVE_CD4_TCELL_VS_NEUTROPHIL_DN	0.0014643580436439	136	41	ZCCHC24,GCA,MTCL2,TFF3,PPP4R1,S100A2,CLCN5,LAMB2,BID,TNFSF10,S100P,LIMK2,AP1M2,B3GNT3,LAT2,FHL3,NCF2,TNFRSF9,AKR1C4,CHST4,SEC14L1,SDCBP,F2RL1,GPC3,ARPC5,CSF2RB,MMP7,LITAF,PLEKHO2,ATP6V1B2,LAMP2,B4GALT1,BAMBI,ATOSB,APBA1,TXNRD3,GSN,SSH3,RUBCNL,ZNF185,RNF141
GSE24634_TEFF_VS_TCONV_DAY7_IN_CULTURE_UP	GSE24634_TEFF_VS_TCONV_DAY7_IN_CULTURE_UP	0.0005448208506589	179	92	DCLRE1A,RFC4,KIF15,EGR1,TSPAN5,CKS2,POLQ,PLK4,KIF4A,TRIB1,GGH,P2RX5,VIPAS39,FAF1,TPX2,LMNB2,GINS2,RAD51,CDT1,MRPL11,GINS3,VDR,BBS7,RBBP8,STIL,MPHOSPH9,RBMX2,RAD54L,HMGB2,CREB3L2,PIEZO1,CTLA4,THG1L,DTL,NEIL3,MCM4,SLC27A2,KIF20A,CKAP5,CHST7,PRC1,TRIP13,HJURP,DTYMK,CENPE,FEN1,RBKS,UBE2C,NDC80,CCNA2,SMC6,STK39,CBLB,PCNA,TPM4,HMMR,HACD1,CENPF,ZCCHC4,RACGAP1,CTPS1,SNAPC3,DEF6,KIF22,NEDD4,PPM1G,PRIM1,CEP55,BLM,TACC3,ABTB2,MCM2,DLGAP5,FANCG,MANEA,CENPA,CSF2,FUT8,GMPS,TNFRSF4,NCAPG,POLA2,CDC45,STAU2,SNRPD1,PNKP,MELK,KNTC1,ZWINT,CCNB2,PTTG1,RRM2
GSE3982_BASOPHIL_VS_TH2_DN	GSE3982_BASOPHIL_VS_TH2_DN	0.0004420267885416	181	47	DPP4,PPARG,IL2RA,MRPL57,RXYLT1,HSPD1,SIGMAR1,ZNF551,ATP10A,LRRC8D,TOMM34,CKS2,NCBP1,DOHH,HIRIP3,GGH,TTF2,COL10A1,HOOK2,WDR18,EIF3J,RSRC1,MRPL11,ADCK2,TMEM223,PLA2G4A,ADRM1,MCUR1,RNF8,ELOVL6,TOP3A,MTHFD1,WNT16,MSH2,CKAP2,ITGB3BP,ACTL6A,SERBP1,ORC2,MFHAS1,AHI1,XPO1,WIZ,ZAP70,FASTKD1,TP53,MRPL39
GSE23502_WT_VS_HDC_KO_MYELOID_DERIVED_SUPPRESSOR_CELL_COLON_TUMOR_DN	GSE23502_WT_VS_HDC_KO_MYELOID_DERIVED_SUPPRESSOR_CELL_COLON_TUMOR_DN	0.0023829309008676	128	38	GLI2,TMEM125,BMI1,FKBP14,MMP2,BAZ2B,FXYD6,HTR2C,ANG,KRT35,SP6,NR1D2,SUCO,TMEM45A,VAT1,ESRRB,TOR1AIP1,ADAMTSL4,CKM,BCORL1,DUSP6,RNF138,ARPIN,DDX6,KRT86,PADI3,OLFM2,MATN3,CISH,KRT13,RBM3,RAPGEFL1,PLAU,SLC29A4,FNIP1,COL8A2,NRG1,ACKR3
GSE3982_DC_VS_TH1_UP	GSE3982_DC_VS_TH1_UP	0.000781156152223	178	57	NHLRC2,TPP1,VCL,TGFBI,TMEM9B,EPB41L1,ROBO3,SNX13,PDGFC,SEL1L,NAA60,TRDMT1,RASAL2,TTC3,SLC6A12,SIDT2,FLT1,PDE8A,SCARB2,TMEM127,FAM114A1,SLC15A3,MRAS,CLIP4,CES3,CORO2A,SLC9A6,CRTAP,C11orf71,SH3BGRL,GAS7,TBC1D8,SOCS6,MYOF,FBXO21,CHI3L1,AKR1C3,CLN8,GPNMB,C11orf21,RENBP,TREM2,TRAM1,CTSS,PLEKHS1,ANXA1,CD36,ALDH1A1,PSAP,NPC2,DNASE1L1,CAPG,PLXND1,ARL15,PLAU,ANPEP,STAT6
GSE22886_NAIVE_TCELL_VS_NEUTROPHIL_DN	GSE22886_NAIVE_TCELL_VS_NEUTROPHIL_DN	0.0014535309971105	140	36	LY96,EGFR,ITIH5,CTBS,HAL,SASH1,GCA,ENDOU,BST1,CLCN4,S100P,LIMK2,AATK,TNS1,NPY4R,NR5A2,CHST4,ANGPTL2,SMIM14,TTC39A,KCNK1,SDCBP,F2RL1,ARPC5,H1-2,DENND3,LITAF,ATP6V1B2,BAMBI,ADM,SSH3,RUBCNL,TREML2,TNFAIP2,ZNF185,RNF141
GSE24634_TREG_VS_TCONV_POST_DAY5_IL4_CONVERSION_UP	GSE24634_TREG_VS_TCONV_POST_DAY5_IL4_CONVERSION_UP	0.0002070025875999	193	79	CHORDC1,NOL7,PPID,RFC4,SLCO4A1,RIOX2,BRCA1,POLQ,EZH2,DNAJC9,DNAJC2,MKI67,MRPS31,EXO1,C1QBP,AVEN,EIF5B,RAD51,NARS2,EIF2B3,CDT1,MRPL11,DDX10,ERCC6L,NMI,TEDC2,GSPT1,BRIX1,ELOVL6,MRM3,CCDC88C,EBNA1BP2,CCDC86,CSTF2,NFYC,NEIL3,PPP1R14B,UBR7,FSD1,NDUFAF4,ORC2,CCT6A,TRIP13,HJURP,OGFOD1,UBE2M,SUPT16H,DONSON,ORC3,GOT1,TIPIN,UTP11,CDCA3,SNRNP40,IDH3A,PFAS,C12orf43,EMC6,TRAIP,GART,ARPC5L,SSRP1,FAHD2A,RFC2,TTF1,PRIM1,PUM3,POLR2D,ABTB2,DNAAF5,AK2,SMS,CD320,ZW10,TMA16,PHB1,UBIAD1,MAGOHB,GMPS
GSE22229_UNTREATED_VS_IMMUNOSUPP_THERAPY_RENAL_TRANSPLANT_PATIENT_PBMC_UP	GSE22229_UNTREATED_VS_IMMUNOSUPP_THERAPY_RENAL_TRANSPLANT_PATIENT_PBMC_UP	0.0008785694290948	169	49	ADCY7,CA5B,THEM4,TMEM170A,PHACTR4,PRKCH,TXNIP,PADI1,PARD3,FHL1,LYRM9,NUCB1,PABIR1,SORBS1,RASL11A,SPRED1,HDAC3,DNAJB13,TRIP6,TSPAN13,CCRL2,GFOD2,SELENOW,NOTCH2,PRSS22,DYNLT3,SYT6,ISG20,DOCK5,TMT1A,MOB3C,GPR161,RNASE1,KLHDC8B,SERPINB9,AGO1,QPRT,CAP2,OLFML2A,FOXJ2,TXNRD3,CTTN,CRIM1,AXL,ST3GAL1,SMO,KDM5B,SYT13,KCNN4
GSE27786_LIN_NEG_VS_MONO_MAC_UP	GSE27786_LIN_NEG_VS_MONO_MAC_UP	0.0009751563430756	188	63	CTU1,ZNF579,DNAJA4,POU2AF1,SH2D4A,NOC3L,THNSL1,CMTM7,METTL15,REXO4,SRFBP1,REPIN1,MNS1,GOLM1,DHFR,RPL22L1,ZC3H15,ALKBH7,UTP20,RMND1,IK,TMEM178A,DNAJC21,STRBP,PAQR8,NSDHL,EARS2,TELO2,MCAT,ABITRAM,MRPL2,NFYC,BORA,ARFGAP3,STEAP3,CEP290,UBR7,TCF12,MCM3,IFT74,MTREX,DRG1,MFHAS1,HNRNPU,ECI2,UBE3A,COPRS,FXR1,DTYMK,SACS,YRDC,LZTS2,RPL24,ITFG2,TRIM27,MPHOSPH6,ZBTB45,LTV1,COPS3,ARID1B,MYO5C,RDX,TTC27
GSE2706_UNSTIM_VS_2H_R848_DC_UP	GSE2706_UNSTIM_VS_2H_R848_DC_UP	0.000836468202623	170	47	FKBP4,KLF4,USP48,SLC39A3,NR2F6,SUGT1,RNASEH2B,TSHZ3,WDR24,SPOP,CCDC66,MRPS31,THAP11,MAFB,CHCHD4,MRPS5,NOL8,P4HA2,TCHP,POLD3,UNKL,THYN1,RNF8,DROSHA,ZDHHC8,FBXL14,PAAF1,PRR12,COA7,YEATS2,PHF14,ZNF302,ZNF227,TAF5,EFL1,CEP290,MYCL,KDM4B,CCT3,CAPRIN2,ARHGEF18,ZNF862,FASTKD1,POLR3B,FRAT2,CEP295,TMEM181
GSE34156_TLR1_TLR2_LIGAND_VS_NOD2_AND_TLR1_TLR2_LIGAND_24H_TREATED_MONOCYTE_UP	GSE34156_TLR1_TLR2_LIGAND_VS_NOD2_AND_TLR1_TLR2_LIGAND_24H_TREATED_MONOCYTE_UP	0.0010400359792994	156	48	CD14,NCS1,CSF1R,PTPRE,GNS,MARCKS,GRN,ELF4,PTAFR,P2RX4,ZNF385A,BCAT1,CYBB,MPP1,LAT2,CLPTM1L,SIRPA,DSE,NCF2,LGALS9,DUSP6,LILRA6,BRI3,MYOF,ACTR2,MGST1,SRC,LILRB3,CORO1C,LRP1,NRP2,PSAP,TIMP1,CYTH3,CSF2RB,RBM47,PLEKHO2,ATP6V1B2,FCGRT,FUOM,CAPG,PLAU,ANPEP,ATP13A3,CCR1,RAB31,GM2A,TNS3
GSE17721_CTRL_VS_GARDIQUIMOD_4H_BMDC_DN	GSE17721_CTRL_VS_GARDIQUIMOD_4H_BMDC_DN	0.0013141296133982	166	46	WASHC4,CNN1,IL23A,MFSD11,RAB30,PTPRE,RNMT,ACBD3,ZNF212,LAMB1,STAT2,CALB1,SPRTN,NOTCH2,UBE2L6,MTF2,SLC9D1,IGF2BP1,GRPR,DUSP2,TBC1D13,WBP2,PAFAH1B1,ELAPOR1,FABP3,FOXN1,AGFG1,TOR1AIP2,LGALSL,MAPKAPK2,QPRT,BCAM,SHISA2,PCP4,STAT5A,MSLN,SYPL1,PPP1CB,CTTN,RGS9,HPGD,ALPK2,FRMD6,OLR1,PDE4B,MUC13
GSE29617_CTRL_VS_TIV_FLU_VACCINE_PBMC_2008_DN	GSE29617_CTRL_VS_TIV_FLU_VACCINE_PBMC_2008_DN	0.0008373758408802	176	51	HM13,PPID,MGAT2,TRAPPC12,HSD17B4,PLPBP,LMAN2L,SSB,FBH1,STT3A,MRPL18,HSP90B1,PRDX4,SPOP,GGH,WASHC3,MTIF2,NDUFAB1,GLT8D1,SDF2L1,PPP1R21,EIF3J,LRIF1,JPT2,DNAJC7,CDCA7,SHQ1,DYNLL1,PAQR8,ROBO2,TASOR,PMS1,ING4,KRCC1,OMA1,MTIF3,DRG1,GOLGA5,CFAP298,AURKAIP1,UBXN8,FASTKD1,EAF2,PPP1R7,TMEM260,HDAC2,HAX1,EIF2S1,GNPAT,PCNA,ZNF146
GSE9006_HEALTHY_VS_TYPE_1_DIABETES_PBMC_AT_DX_UP	GSE9006_HEALTHY_VS_TYPE_1_DIABETES_PBMC_AT_DX_UP	0.0009686039025822	182	53	TMEM8B,KCMF1,PTP4A2,PSMD2,ABCB7,OXA1L,TAX1BP1,UCHL3,NCOA2,FHL1,CPNE3,SLC25A5,ATP5MG,TEP1,ARL6IP5,MGLL,ALDH6A1,ITGA2B,NDUFB5,GNAZ,NDRG2,ZMAT3,XK,IL12RB2,TPM1,LPP,PSMA1,SERINC3,RRAGC,UQCRC2,LEPROT,HIGD1A,RNASEH1,COPS2,RO60,DPP8,ANXA4,GNG11,F13A1,KYAT3,DMAC2L,DAB2,ITGB5,SNX4,RFTN1,SUMO3,MYLK,ARHGEF10L,CTTN,SOX4,DLG1,MYL9,ZNF185
GSE2585_CD80_HIGH_VS_LOW_AIRE_KO_MTEC_UP	GSE2585_CD80_HIGH_VS_LOW_AIRE_KO_MTEC_UP	0.0021531963310217	154	38	SUCO,ADGRE1,SLC7A6,SPX,ORAI2,ARL4C,MAGED1,SKIL,TAGLN2,IKZF4,SPSB1,FZD7,H2AZ1,SIT1,ZFP91,COL6A3,SV2C,SH3BP4,NT5E,RHOQ,F13A1,CAV1,NCKAP5,SEMA7A,EMP2,BTG3,JAG1,SUSD2,SLC1A2,PLTP,GRAMD2B,MAMDC2,EID1,SAA1,KRT17,TNFAIP2,C1S,CARMIL1
GSE24634_TREG_VS_TCONV_POST_DAY7_IL4_CONVERSION_UP	GSE24634_TREG_VS_TCONV_POST_DAY7_IL4_CONVERSION_UP	0.0009515424950836	178	49	UBE2S,DCLRE1A,IL2RA,H2AX,HNRNPAB,RFC4,KIF15,SLCO4A1,NPDC1,MAOB,TMEM106C,IL18R1,DAZAP1,CKS2,PLK4,EZH2,KIF4A,DUT,P2RX5,FIRRM,PLPP1,EXO1,TPX2,RAD51,WDHD1,CDT1,DHFR,MRPL11,LMNB1,PTPRN2,COG4,COX10,ATAD2,RBBP8,TARS1,WHRN,ELOVL6,TOP3A,CDC25B,CSTF2,DTL,MCM4,NTN3,NSD2,PRC1,DDX49,TRIP13,RCC1,HJURP
GSE17974_IL4_AND_ANTI_IL12_VS_UNTREATED_24H_ACT_CD4_TCELL_DN	GSE17974_IL4_AND_ANTI_IL12_VS_UNTREATED_24H_ACT_CD4_TCELL_DN	0.0019600735342712	126	35	DNAJC28,GAL3ST4,TDRD7,ADGRE1,DHX58,PGM2L1,TNFSF10,TOX2,CPNE5,KRT36,ISG20,MX2,PALLD,WWTR1,LGALS9,FAM43A,IL12RB2,CABP5,IQGAP2,SGK2,TRPC1,SMARCA1,COL6A3,ANXA2,SH3BP4,PLA2R1,HSH2D,PRTFDC1,ITCH,SBSPON,ENC1,BST2,EPSTI1,MX1,PDE4B
GSE5589_LPS_VS_LPS_AND_IL10_STIM_IL10_KO_MACROPHAGE_180MIN_DN	GSE5589_LPS_VS_LPS_AND_IL10_STIM_IL10_KO_MACROPHAGE_180MIN_DN	0.0009363506580383	178	70	MAD2L1BP,KCNK6,PFKFB4,RETSAT,AOC3,EHD1,RNF215,DIPK1A,ATP6AP2,INSIG2,DOCK1,CRTC2,RNF41,NFRKB,KLF3,TGFBI,LIMK1,ZYX,CPNE2,ZSWIM3,EID2,ITGB7,CYLD,PPM1A,HFE,PLBD2,MMP9,RABGGTA,TMED4,SLC17A7,RAB11A,RASGRP1,FEM1B,GNPDA2,USP30,NUCB1,PABIR1,GNG7,PDE8A,CHIC1,VPS37B,A4GALT,POFUT1,PHEX,SGPP2,RHOBTB2,ATXN7L3,RIMOC1,CRTAP,NR5A2,MTMR10,DIP2C,CD164,CRACDL,MAP3K9,ITGA5,FOXRED2,BORCS6,KCTD17,SPCS3,PLCG1,RYR1,ARF4,QPCTL,JAG1,NECTIN4,TIMP2,WLS,FOLR1,KCNN4
GSE14350_IL2RB_KO_VS_WT_TREG_DN	GSE14350_IL2RB_KO_VS_WT_TREG_DN	0.0011672883489454	177	40	APOBEC3B,NTN4,SLC15A3,OSBPL3,BCAS1,SSBP3,TSPAN6,ADAMTSL4,ST3GAL5,NDRG2,NCF2,YPEL2,IKZF4,PPM1B,TTC39C,TNFRSF9,OAZ2,PRDM1,ANXA2,NT5E,TUBB2B,DAP,RHOQ,F2RL1,ANXA4,MYO1F,SMOX,SELENBP1,F13A1,CD81,LAMC1,RGS9,AXL,ECM1,PRR5L,WLS,TCN2,TWSG1,PIP5K1B,KCNN4
GSE2405_S_AUREUS_VS_A_PHAGOCYTOPHILUM_NEUTROPHIL_UP	GSE2405_S_AUREUS_VS_A_PHAGOCYTOPHILUM_NEUTROPHIL_UP	0.0007481539183528	162	51	ITGB7,EEIG1,TPM2,SPINT1,CD72,HAL,FOSL2,NFATC2,SH3PXD2B,SHISA4,SOSTDC1,CLDN7,SWAP70,DHX58,ITM2C,APLP2,AEBP2,MX2,PMEPA1,S100A16,LARP6,IFITM3,BCL3,GDA,DAP,CEMIP2,MICALL1,TIMP1,EMP2,TSPAN9,S100A14,SAA2,PCP4,CSF2RB,CISH,ITGB5,CAPG,PRR13,CACNB3,FZD2,ADM,BGN,ECM1,STING1,WFDC2,TMEM63A,SERPINB1,STAT6,BCL2L15,GM2A,MYO1G
GSE4142_NAIVE_BCELL_VS_PLASMA_CELL_UP	GSE4142_NAIVE_BCELL_VS_PLASMA_CELL_UP	0.000863589446096	180	53	SETD7,USP9X,ABTB1,MAP4K4,GTF2IRD1,TAX1BP1,STX1A,FBXO6,SLC17A7,ZMYM2,KLHL24,FMNL3,ANG,CLDN7,SLC18B1,SDC3,SCARB2,PHKG2,PI4K2A,SLC15A1,OSBPL3,ITGB2,RIMOC1,DNAJB5,CNIH1,PLD2,MIMS2,YPEL2,ACOX1,GTPBP2,CAMK2G,IKZF4,ABI1,LRRC41,MYOF,DNAJB14,PEX13,BMPR2,COPS2,CCNI,RBMS2,USP22,DAZAP2,AHR,RFTN1,FOXJ2,ARHGAP30,ZFAND6,PRR5L,BCL2L15,TBL1XR1,CAMK1D,GM2A
GSE21774_CD56_BRIGHT_VS_DIM_CD62L_POSITIVE_NK_CELL_UP	GSE21774_CD56_BRIGHT_VS_DIM_CD62L_POSITIVE_NK_CELL_UP	0.0011672883489454	177	51	MYL11,INTS6L,HYCC1,FHL1,TJP1,SLC38A5,USP32,ADCY6,RCOR1,CLDN7,NIPA1,STT3B,DENND5B,SESN3,NTN4,OSBPL3,ITGB2,PTBP3,CAVIN1,SLC9A6,EXOC6,SSX2IP,ZMAT3,PKP2,RAB40B,MAGED2,VWF,HIF1A,VAMP5,TRIB2,YAF2,ENPP4,CD9,SEPTIN8,RO60,UTRN,CPEB4,ALDH1A1,STARD4,TPST1,CYTH3,BEX4,SLC25A24,RNF217,ITGA6,TGFBR3,COL5A1,ST3GAL1,MOB1B,CPXM1,PIP5K1B
GSE14769_UNSTIM_VS_20MIN_LPS_BMDM_DN	GSE14769_UNSTIM_VS_20MIN_LPS_BMDM_DN	0.0006822287172054	169	41	UBC,DUSP1,FOS,KDM4C,PPP1R15A,COLGALT2,GOLIM4,GDF15,PKD1,PTDSS1,EGR1,MPHOSPH8,BICRA,ZNF777,GABRG1,BRCA1,IER3,ELP4,CEBPB,INTS13,SOS1,GADD45G,LPL,SGK1,IGSF8,PSD,CCNL1,CPE,JUNB,STAG1,STIL,NFKBIA,RBM22,MSL2,ZNF830,EARS2,ZFP36,LYAR,LRRC14,BRD2,MAP3K8
GSE41176_UNSTIM_VS_ANTI_IGM_STIM_BCELL_1H_DN	GSE41176_UNSTIM_VS_ANTI_IGM_STIM_BCELL_1H_DN	0.0009573529157887	175	47	RNASE6,GRN,DDAH2,SCARB2,DENND1B,HAUS4,TNFSF10,ARL6IP5,SORT1,TMX4,WIPI2,FN1,RNF5,TNS1,RNF34,SH3BGRL,HEXB,SLC16A5,LGALS9,VPS35L,ALDH2,SOCS6,GDE1,TMT1A,SNTB2,MYOF,VAMP5,C1GALT1,ANXA4,RPS29,CTSB,MYO1F,IL1R2,THEMIS2,MAP3K2,CD36,PSAP,NPC2,PRCP,MVP,RASSF2,ACP5,LSP1,ARF3,GSN,TIMP2,RNF141
GSE30971_CTRL_VS_LPS_STIM_MACROPHAGE_WBP7_KO_4H_DN	GSE30971_CTRL_VS_LPS_STIM_MACROPHAGE_WBP7_KO_4H_DN	0.0016822792415274	157	67	DHX32,SRD5A3,CCDC102B,DLC1,CERK,IL13RA1,BRWD1,GAPDH,AHCYL1,FILIP1L,LPAR1,BBS4,NEURL1B,DISP1,IL1RAP,HAT1,ITGB7,KLF9,MAP4K3,NSUN3,P3H2,FAM200B,STK38L,TXNIP,RASAL2,RAPH1,SPOCD1,ADO,SLC25A40,RNASE6,RBPJ,DENND1B,TBC1D23,BID,SERPINB5,ITGB2,YWHAQ,UBASH3B,FN1,PTGFRN,GNA13,EML4,GJC1,NCF2,ABHD2,SNX30,IRGQ,ETHE1,RAB7B,PPARGC1B,AKR1C3,PRDM1,MAN1A2,MBNL1,CPEB4,AGO1,IL1R2,CD36,MITF,PRCP,NCEH1,ENC1,LSP1,TRPS1,SLC1A3,MALT1,GABARAPL1
GSE24142_ADULT_VS_FETAL_DN2_THYMOCYTE_UP	GSE24142_ADULT_VS_FETAL_DN2_THYMOCYTE_UP	0.001455338202184	170	61	TPRG1L,ATP6V1D,ABCA1,TANC1,ABTB1,LANCL1,KLF9,IL6ST,RAB6B,RCAN3,BAIAP3,RPS6KA2,HMGN3,PIPOX,FBXO28,SLC30A4,APCDD1,LY6D,DECR2,KIF17,ENDOU,ADCY6,ANAPC5,GRN,TOB2,INPP5K,SCARB2,PTPN22,SLC66A3,DHX58,ANXA9,TEP1,ADGRD1,MPP1,LAPTM4B,DDHD2,EPB41L4B,CD99L2,CCNG2,SOWAHA,GTPBP2,DGLUCY,AGTRAP,TCF7L2,RAB11FIP5,ARHGAP29,ANXA4,CTSS,SMOX,TP53INP1,DNASE1L1,FEZ2,LAMB3,DSTYK,FOXJ2,ENC1,WLS,TMEM63A,CAMK1D,FRMD6,MUC13
GSE14415_ACT_VS_CTRL_NATURAL_TREG_UP	GSE14415_ACT_VS_CTRL_NATURAL_TREG_UP	0.0010856252458976	170	66	PCBP1,ING1,FADD,ZC3H18,LSM7,NEUROD1,TRIR,CKS2,MRPL18,MDC1,ISOC1,HIRIP3,NHP2,TAF12,MXD3,TUBA4A,RANBP1,C1QBP,NDUFAF2,MAPK8IP1,CARS2,CARS1,CPM,FBXO5,PDE6D,LYAR,MED30,SCARB1,GRK3,SGO1,ZMAT1,KMT5A,OMA1,ERP29,MRPL1,POLD1,C1orf35,MORF4L2,SLC35C1,RFC5,SIVA1,CCL2,CINP,PBDC1,NDUFAF6,SPIRE1,CDCA3,FLNB,DNPH1,ERG28,CYP26B1,CYP20A1,TEX30,ALYREF,MRPL22,ORC6,METTL8,POLG,UBE2I,MRPS18A,PRMT5,MAFF,CHRNA5,MRPS25,LDHA,ACAT2
GSE7509_DC_VS_MONOCYTE_WITH_FCGRIIB_STIM_DN	GSE7509_DC_VS_MONOCYTE_WITH_FCGRIIB_STIM_DN	0.0011307490566014	174	52	CD2AP,GCA,MACF1,CASP10,TDRD7,SOCS1,TGM1,PPP4R1,RBPJ,BIRC2,BARD1,RTCB,STAT2,ELF4,ETV6,MTMR6,CCSER2,TRAFD1,BAK1,ST3GAL5,ISG20,BAZ1A,MX2,NDRG2,ZNF207,LGALS9,ADAR,DUSP6,MYL12A,SFT2D2,IFITM3,AKR1C4,TNFRSF1A,PPFIBP1,BMPR2,RAB14,THEMIS2,CKAP4,IFI35,BST2,IFITM1,NECTIN2,MX1,AMD1,MALT1,FZD2,ADM,AXL,SMAD3,SERPINB1,HEG1,CCR1
GSE8921_UNSTIM_0H_VS_TLR1_2_STIM_MONOCYTE_12H_DN	GSE8921_UNSTIM_0H_VS_TLR1_2_STIM_MONOCYTE_12H_DN	0.0014660186215422	181	57	CAMK2N1,FAM163A,CCPG1,GOLPH3,GRINA,PIP4P2,TBCEL,SPIN1,MAP4K4,ITGB7,ZC3H12A,UBXN4,VAV1,AKAP12,CPNE1,INO80D,FURIN,SLC9A1,NLRP12,SESN3,STAB1,ERBIN,HPS6,ITGB2,PTBP3,SYNRG,ARL4C,SLCO2B1,CFAP263,MTURN,CNIH1,NLRC3,LAT2,HIPK3,ATP6V1E1,SLC6A6,WBP1L,SIT1,C1GALT1,PLCG1,TUBB2B,TP53INP2,SH3BGRL2,PSAP,TIMP1,SIAE,LAMC2,TGFBR2,PPP1CC,SOX4,PRR5L,BCL2L15,ALPK2,FRMD6,DTX4,GABARAPL1,SEMA5A
GSE29618_BCELL_VS_MONOCYTE_DAY7_FLU_VACCINE_DN	GSE29618_BCELL_VS_MONOCYTE_DAY7_FLU_VACCINE_DN	0.0015075881476729	172	48	CSF1R,PHACTR2,EXT1,BST1,GNS,RCOR1,GRN,ZDHHC7,SCARB2,FBXL5,SORT1,MPP1,CDC42EP3,AHNAK,SIRPA,HEXB,AP2S1,GAS7,DUSP6,TBC1D8,ALDH2,DOCK5,TNFSF13,CD63,LEPROT,ALDH3B1,LILRB3,LAPTM4A,NAGA,PLAUR,ID2,SDCBP,MICAL2,ICAM1,MYO1F,CD4,PSAP,FLVCR2,RBM47,FCGRT,LAMP2,PXN,ARHGEF10L,PLXND1,OGFRL1,TIMP2,CCR1,GABARAPL1
GSE21380_NON_TFH_VS_GERMINAL_CENTER_TFH_CD4_TCELL_UP	GSE21380_NON_TFH_VS_GERMINAL_CENTER_TFH_CD4_TCELL_UP	0.0033836040520124	155	34	NRIP3,GFOD2,CPT1C,CAVIN1,LONRF2,CCDC120,KLF12,LRRC28,BDH1,FIBCD1,SH3D19,TCEAL8,HYAL2,DENND2B,SCRN1,ARPIN,TMC4,PORCN,RENBP,CD70,TP53INP2,RBMS2,SCRN2,RASD2,TEAD2,PODXL,PRCP,LAMC2,FUOM,FKBP9,ZNF462,CRIM1,TLE1,LTBP1
GSE9988_ANTI_TREM1_VS_CTRL_TREATED_MONOCYTES_DN	GSE9988_ANTI_TREM1_VS_CTRL_TREATED_MONOCYTES_DN	0.0013422335174774	184	49	ENG,CTDSP2,CREBL2,CBL,ANKRD13A,STX6,CD14,IFNAR1,FOXK1,CSF1R,FBXO42,POLR2B,RICTOR,RTCB,ZDHHC7,MAT2B,ARHGAP1,PTAFR,CMKLR1,ARL6IP5,PHIP,ORAI2,WIPI2,RNF38,KLF13,ACOX1,GDE1,IKBKE,WBP1L,RETREG3,CMTM3,LILRB3,MAST3,PAFAH1B2,DPP8,MYO1F,SEMA4B,THEMIS2,UBE2W,USP22,PHAF1,RASSF2,TGFBR2,ARF3,SMAD3,PIK3CD,TNFAIP2,RRM2B,ZNF217
GSE16385_MONOCYTE_VS_MACROPHAGE_DN	GSE16385_MONOCYTE_VS_MACROPHAGE_DN	0.003107204931525	153	55	CDH26,PPP4R4,ALDH5A1,ACER3,AMMECR1L,THSD1,SRP19,OCA2,DDX3X,BLTP3B,TTC32,CCDC3,NUDT12,RPL26,NIPSNAP3B,TRABD2B,WASHC4,IL17RE,MGAT5,SEMA3E,LYRM9,ENDOU,PTPRE,RASGRP3,PPTC7,TIAM2,MBNL2,GAPVD1,PTAFR,TMEM45A,AZIN2,PHIP,AGFG2,PAN3,BDNF,CNOT6L,TRPC1,ASB4,MTM1,CEMIP2,RBP7,CHODL,MAP3K2,TMPRSS2,CSDC2,AIF1L,TSPAN32,LSAMP,COL4A1,ITGA6,CTTN,ALPL,FBLN1,CAPN6,NMNAT2
GSE42088_UNINF_VS_LEISHMANIA_INF_DC_2H_DN	GSE42088_UNINF_VS_LEISHMANIA_INF_DC_2H_DN	0.0015484777837333	177	45	JUND,FOSB,KLF2,DUSP1,FOS,CEBPD,KLF4,NR4A2,RPL13,NEK1,TSC22D3,TLR4,ZXDC,NSA2,MCUB,GPR183,NOP53,KRT10,JUNB,TOE1,ALOX5,TLE3,PLP2,CD300A,CRIP1,HMGB2,SYF2,MAPRE2,ZFP36,DDIT3,SIGIRR,POLB,RPL14,CPED1,PHACTR1,RPS15,NR4A1,TSSC4,FRAT1,ZNF394,SNAI1,RPL36A,ICAM2,CHMP1B,SECTM1
GSE3982_NEUTROPHIL_VS_EFF_MEMORY_CD4_TCELL_DN	GSE3982_NEUTROPHIL_VS_EFF_MEMORY_CD4_TCELL_DN	0.0009755664355318	175	57	CPT1A,IL2RA,MRPL12,ABHD17A,WEE1,SUPT3H,RIOX2,STUB1,SSB,CAPN15,PIBF1,PCNT,PNP,MDC1,MAZ,NDUFAB1,ACYP1,CAMK4,EIF2B3,DSCC1,ADCK2,ZC3H14,DYNC1I2,KAT2A,PAAF1,AKAP1,AIMP2,MYC,MTRF1,MORC2,HCRTR2,TNPO3,MNAT1,ILKAP,MAPRE2,IL15,TASOR,SERBP1,SH3GL2,NSD2,PCID2,CAPRIN2,OGFOD1,XPO1,MRM2,TAF1,VGLL4,UTP18,ZDHHC24,ECI1,RABGGTB,CRYZ,MRPL40,ESD,CCNA2,ABCC10,ZZZ3
GSE39110_UNTREATED_VS_IL2_TREATED_CD8_TCELL_DAY3_POST_IMMUNIZATION_UP	GSE39110_UNTREATED_VS_IL2_TREATED_CD8_TCELL_DAY3_POST_IMMUNIZATION_UP	0.0016762667279063	172	44	BIRC2,CACNA2D4,ACVR1B,SP6,PDE8A,ACBD3,PIK3IP1,RPL12,CHIC1,NR1D2,SUCO,RPS16,TMEM127,FBXO10,ARL4C,ZBTB4,ZNF281,UQCC5,CDC42EP3,PIK3R5,ATXN1L,PIK3R1,PPM1B,PAG1,MAP3K9,PPARGC1B,TMEM141,SIT1,LFNG,MICALL1,RPS29,RARG,BTG3,PADI2,B4GALT1,CHD3,SLC39A5,CRIM1,ZNF652,MEIS3,MUC5B,DTX4,RRM2B,PIP5K1B
GSE36888_STAT5_AB_KNOCKIN_VS_WT_TCELL_IL2_TREATED_17H_DN	GSE36888_STAT5_AB_KNOCKIN_VS_WT_TCELL_IL2_TREATED_17H_DN	0.0014681939609986	165	45	ARID3A,ZDHHC20,NLRP12,BLOC1S3,VPS37B,MTX1,GALC,TOX2,PRNP,DPYD,EVI5,SNX24,CATSPER1,DUSP6,FGFR1OP2,MTMR3,IKBKE,ITGB1,ACVR1,AGTRAP,TCF7L2,TNFRSF1A,BACH1,ARHGAP29,LAPTM4A,RHOQ,SERPINA1,PRKAA1,CPEB4,PDXK,ARL8B,SLC43A3,RBP7,CD36,KIAA0232,TMEM106B,ITCH,TBC1D2,MDM2,ARHGEF10L,ARL15,OGFRL1,SHISA5,SERPINB1,FRY
GSE23114_WT_VS_SLE2C1_MOUSE_SPLEEN_B1A_BCELL_UP	GSE23114_WT_VS_SLE2C1_MOUSE_SPLEEN_B1A_BCELL_UP	0.0014502656621434	188	34	GNAI1,FADD,NOL7,GNG5,PPP2CA,HNRNPAB,SLC7A5,ATF3,CYTIP,CD47,GTF2E2,TMEM243,IL18R1,PNP,EZH2,EGR2,PLPP1,CCT4,ATP1B3,EIF3J,LTBP4,NFE2L2,RRS1,ZC3H13,NFIL3,LRRFIP1,NFKB1,ATF1,ZPR1,TERF1,DYNLL1,PLP2,TARS1,AIMP2
GSE8921_UNSTIM_0H_VS_TLR1_2_STIM_MONOCYTE_12H_UP	GSE8921_UNSTIM_0H_VS_TLR1_2_STIM_MONOCYTE_12H_UP	0.0009393598461719	187	50	CRLS1,GNAI1,SLC7A5,EGR1,MEMO1,CACYBP,COL9A3,CHCHD3,CPAP,H1-10,MDC1,MTFP1,DUT,RUVBL1,FIRRM,MAN1C1,PTPN18,B3GALT6,APLF,PARP2,DHFR,ZC3H15,ALKBH7,NMI,GPR183,RBBP8,MLF1,MCM10,PRKCSH,GNB1L,LYAR,PRIM2,MSH2,PFDN2,CEP152,ZNF239,IFIH1,RWDD1,BRD8,SPDL1,NR4A1,EME1,CCT6A,DNAAF2,PSMG1,TRIP13,AURKAIP1,UTP18,MKRN2,CENPE
GSE10325_BCELL_VS_MYELOID_DN	GSE10325_BCELL_VS_MYELOID_DN	0.0020697089492321	157	44	CSF1R,PTPRE,GNS,ZDHHC7,ADGRE1,BID,CMKLR1,GALC,GRAMD1B,MPP1,SIRPA,HEXB,NCF2,GAS7,DUSP6,TBC1D8,ALDH2,CDK2AP1,TNFSF13,TCF7L2,OAZ2,LILRB3,NAGA,PLAUR,MICAL2,SERPINA1,SNX27,CCR5,SLC43A3,ICAM1,CTSB,MYO1F,THEMIS2,QPRT,PSAP,FCGRT,LAMP2,GAB2,PLXND1,MTMR11,ADM,SLC7A7,TNFAIP2,CCR1
GSE25085_FETAL_LIVER_VS_ADULT_BM_SP4_THYMIC_IMPLANT_DN	GSE25085_FETAL_LIVER_VS_ADULT_BM_SP4_THYMIC_IMPLANT_DN	0.0014450146257248	190	60	UBE2S,C9orf40,H2AX,CEP128,SERPINI1,CEP83,SMC4,NUP107,ATP5F1D,WEE1,POLA1,PCNT,PLK4,EZH2,CCT4,LMNB2,DHRS7B,GINS2,SLC39A8,WDHD1,ERCC6L,TEDC1,TSGA10,EHMT2,CIP2A,GRK2,GEMIN8,FOXM1,ATAD2,MLF1,TERF1,CHEK1,CEP89,PLP2,STIL,PHF5A,MPHOSPH9,MIS18A,C1orf21,TOPBP1,PARPBP,LRWD1,GTSE1,PRIM2,RPA2,BORA,NEIL3,MCM4,FBXL8,KMT5C,KIF20A,EIF2A,TUBA1A,IMPA2,HASPIN,HMGN5,CEP95,FXR1,CENPE,NHEJ1
GSE9601_UNTREATED_VS_NFKB_INHIBITOR_TREATED_HCMV_INF_MONOCYTE_UP	GSE9601_UNTREATED_VS_NFKB_INHIBITOR_TREATED_HCMV_INF_MONOCYTE_UP	0.0034387860969511	127	39	PTPRF,ARNT2,HYCC1,FHL1,LY6D,PKDCC,IGF2,SUSD1,ABCA4,CDKN1A,SLC66A3,APLP2,TUBB2A,CD164L2,TASP1,PREX1,FAM43A,RBM24,ECEL1,IFITM3,MYOF,TCF7L2,NBEAL2,PAPSS2,ANXA2,UCK2,TUBB2B,TPD52,TOX3,TSPAN2,AHR,MCOLN3,EPSTI1,SOCS2,TGFBR1,ATP13A3,CDH1,NUDT4,NEBL
GSE3982_MAC_VS_TH2_UP	GSE3982_MAC_VS_TH2_UP	0.0012783094573942	174	68	PPFIA1,ATP6AP2,PROC,MARCHF7,MMD,AMIGO2,NRBF2,ANOS1,CTSH,IGFBP7,REPS2,VCL,PLEK2,FMO5,DCAF6,FXR2,TRIO,SNX13,GTF2IRD1,MAN2B1,ENG,TRDMT1,CAPZA2,RASAL2,MID2,FNDC3B,PDHX,KLHL24,GNPDA1,PIK3IP1,SWAP70,SDC3,USP12,CDKN1A,AP5M1,CCSER2,GALC,NRIP3,CCRL2,STAB1,RHOBTB2,MX2,NDRG2,INAVA,MOSPD1,CSPG4,PPM1B,MORF4L1,GCNT2,ACP2,AKR1C3,CLN8,HS2ST1,LAPTM4A,ENPP4,RENBP,NAGLU,CCL22,PRCP,TMED7,LIN7C,SLC25A24,STARD8,PRKAG2,ANPEP,SLC7A7,GMFB,TIMP3
GSE37532_WT_VS_PPARG_KO_LN_TCONV_UP	GSE37532_WT_VS_PPARG_KO_LN_TCONV_UP	0.0019652298378387	170	53	LAD1,RNF111,NT5DC1,IP6K1,ZC3H11A,SNRK,LANCL1,ELK4,CTDSP2,LCOR,PAXBP1,SLC25A36,BMI1,TTC3,ZMYM2,KLHL24,ENDOU,BTBD1,AAK1,ACVR1B,USP34,PJA2,DENND1B,MAPRE1,SESN3,TEF,FAM91A1,SMURF2,ITGB2,KAT2B,ZBTB4,ACADSB,JADE2,CD28,NCF2,PLEKHA1,YPEL2,SYNJ1,IKZF4,AKR1C4,HYCC2,UTRN,CTSS,RAPGEF6,MAP3K2,NPC2,TNRC6A,CYTH3,DCP2,ZFAND6,SHISA5,FRMD6,ZNF217
GSE14000_4H_VS_16H_LPS_DC_UP	GSE14000_4H_VS_16H_LPS_DC_UP	0.0012641295360583	179	81	OASL,APOM,NCOA7,RPS13,TMEM154,RIGI,AMPD2,KLK14,TECR,SYNGR4,IQSEC1,MAP4K1,S100A4,RLIM,AP1B1,FNDC8,RIN3,ATP6AP2,RAB5A,ATP1B1,SAMHD1,TMEM33,UQCRH,DGKH,ATXN1,EIF3K,MEGF9,RPL30,REV3L,RPS12,SNX29,SDHC,NDUFB1,EFCAB14,VAMP8,PARVG,SLC2A3,IL1RAP,COXFA4,KLF9,ABL2,DIP2B,CBL,PON1,ATP5MC1,PCGF3,SLC27A1,AAK1,SLC25A5,FLT1,GAPVD1,CLCN5,VPS37B,NDUFB6,TMED10,UBASH3B,MPP1,UQCC5,METTL22,PLEKHB2,RAB7B,ACTR2,PANK3,FAM168B,SPCS3,MBNL1,DAP,PON2,TPMT,SLC46A3,IL1R2,F13A1,QPRT,CLTC,RARG,TSPAN32,CLCNKB,KRT17,ATP13A3,DTX4,RRM2B
GSE6259_CD4_TCELL_VS_CD8_TCELL_UP	GSE6259_CD4_TCELL_VS_CD8_TCELL_UP	0.0010094410181153	171	43	PRDX2,NXN,RASL11A,LAMB2,LIX1L,TRIP6,SLC7A6,SERPINF1,SORT1,ANKRD1,CAVIN1,TUBB2A,DDR2,PLEKHH2,ZMAT3,WWTR1,S100A16,TAGLN,PTPN14,CALD1,TSKU,PCOLCE,PLCG1,PLAUR,SRGAP1,FSTL1,CCL22,TEAD2,SEMA4B,KYAT3,TIMP1,ATP2B4,LGR4,SLC1A2,FGFR1,LTBP2,CACNB3,SMO,CPXM1,FBLN1,TCN2,FLNC,EFEMP2
GSE360_L_DONOVANI_VS_T_GONDII_MAC_UP	GSE360_L_DONOVANI_VS_T_GONDII_MAC_UP	0.0016335657101771	156	52	TRIO,DENND5A,SLC61A1,CTNNB1,SSH1,TXNIP,PPM1H,KDELR2,MYO7A,PDHX,SERINC1,DOC2B,CCT6B,BCL2L1,ERBB2,ABCA4,PTAFR,CCSER2,TBKBP1,GRAMD1B,S100P,CHRNA4,TRAM2,TKTL1,AHNAK,NRF1,ACOX1,CALCOCO1,SELENOP,GIP,FABP3,ACP2,RAB11FIP5,OAZ2,F2R,CTNNBIP1,ZNF629,ALDH3B1,PCOLCE,LAPTM4A,CD9,KPNA6,AQP3,NUDT21,KIAA0232,PRCP,MOB1A,DAB2,LAMB3,CCR1,ZNF185,DTX4
GSE29618_BCELL_VS_MONOCYTE_DN	GSE29618_BCELL_VS_MONOCYTE_DN	0.0018555843201281	181	85	WDFY3,CPPED1,RAP2B,PGK1,FBP1,ARPC2,RHOG,CNBP,AMPD2,RHOA,FUT4,PILRA,RIN2,STXBP2,AOAH,ADAM9,NDFIP1,ULK2,CAPN2,COTL1,FKBP1A,PAK1,ATP6AP2,VIM,TPI1,GMFG,IGFBP7,CS,TPP1,FZD1,SULT1A2,OAZ1,VAMP8,CDC42EP4,DENND5A,S100A6,HPSE,SFXN3,CAPZA2,CDA,STOM,CD14,EXT1,BST1,CD44,GNS,ZDHHC7,FBXL5,PTAFR,ITGB2,NOTCH2,DPYD,MPP1,CDC42EP3,DUSP6,ATP6V1A,TCF7L2,CD63,PLIN3,ALDH3B1,LILRB3,VAMP3,NAGA,PLAUR,SDCBP,MYL6,CTSS,SELPLG,CTSB,MYO1F,LRP1,NIPSNAP2,CHP1,PSAP,TIMP1,RBM47,ATP6V1B2,GAB2,AHR,PXN,MTMR11,SLC7A7,CCR1,RAB31,TSPAN14
GSE22886_UNSTIM_VS_STIM_MEMORY_TCELL_DN	GSE22886_UNSTIM_VS_STIM_MEMORY_TCELL_DN	0.000412514324091	197	75	FKBP4,CDK2AP2,SMC4,HSPA8,NUP107,PAQR4,WEE1,POLA1,TOP1,SMC1A,THNSL1,NCBP1,EGR2,CLTA,LMNB2,C1QBP,ATP1B3,BAG2,XPOT,LARS2,AVEN,SLC39A8,ERLIN1,CDT1,DHFR,NEK4,VDR,PTBP1,ZNF282,ODC1,STIL,AIMP2,HMGB2,CTR9,NOLC1,TCF12,MCM3,NME7,CCT6A,ELAC2,POP4,TRIP13,MYO1B,TNIP2,IFT25,SRM,DSN1,WARS1,RABGGTB,MRPL39,DNAJB6,PDHA1,HAX1,RPP30,ABHD10,GNPAT,TRAF1,TGS1,IDH3A,SH2D2A,BZW2,TOMM70,KIFC1,TAF1A,HNRNPF,MED6,IPO4,ARPC5L,PRPF4,RDX,CTPS1,TEX30,EED,PRIM1,PUM3
GSE2770_IL12_ACT_VS_ACT_CD4_TCELL_2H_DN	GSE2770_IL12_ACT_VS_ACT_CD4_TCELL_2H_DN	0.0013836950913746	183	40	MGLL,BTBD7,NEU1,PHF13,GTF2A1,UBL5,SIRPA,SLC9D1,EML4,PIK3R5,PSMD11,WSB2,PLEKHB2,ITGB1,MOB3C,ZFYVE1,SFT2D2,TUBD1,PAFAH1B1,SLC5A3,RAB1A,ITGA5,YIPF6,CEMIP2,CCR5,PDXK,ZNFX1,ATP6V1C1,CTSB,CLTC,BTG3,DAB2,RAD54L2,ATP6V1B2,SLC1A3,CRIM1,HEG1,PTGR1,TWSG1,KCNN4
GSE11961_FOLLICULAR_BCELL_VS_MEMORY_BCELL_DAY40_DN	GSE11961_FOLLICULAR_BCELL_VS_MEMORY_BCELL_DAY40_DN	0.0013916019204682	169	56	BMPR1A,HCFC2,ABL2,CSF1,TMEM14A,DLG5,FKBP14,MMP2,NCS1,DOC2B,GAL3ST4,MR1,AAK1,FBXO41,CD8B,GTF3C4,FAM114A1,ATXN10,TCEAL1,TSPAN6,TMEM129,LAPTM4B,CNIH1,COPZ2,PLD2,PMEPA1,S100A16,DCLK1,IREB2,MORF4L1,BRSK1,DENND2B,TMEM9,PEX13,OAZ2,ARHGAP29,SERTAD4,SMAD5,GLIS2,APBB1,TNKS1BP1,HS2ST1,PLCG1,CD81,TGIF2,TEAD3,FLVCR2,LBH,DPEP1,ITGAV,SAA2,SAA1,MTMR11,NPLOC4,UGCG,BOC
GSE22886_CD8_VS_CD4_NAIVE_TCELL_DN	GSE22886_CD8_VS_CD4_NAIVE_TCELL_DN	0.0037618905684155	155	56	LMTK2,CYTH1,ILF3,ZFC3H1,SAMHD1,PODNL1,KLF3,HECA,GARRE1,ENTPD4,PELI1,AKT2,CDC42EP4,DENND5A,SALL2,MAPT,CYLD,ZNF362,SPINT1,SLC6A8,ZNF587,NCOA2,GP1BA,SORBS3,CASP10,CLDN9,SORBS1,P2RX4,UNC119,VAT1,PGAP1,MPP1,LGALS9,SCNN1A,MFGE8,DENND2A,TRIB2,REEP2,PAPSS2,LZTS3,TAF9B,GNG11,RASGRP2,CD4,LMBR1L,RAB5C,HKDC1,SUGCT,S100A14,MAP4K2,NECTIN2,PLAU,CST4,TLE2,SIGLEC6,CADM4
GSE26488_WT_VS_VP16_TRANSGENIC_HDAC7_KO_DOUBLE_POSITIVE_THYMOCYTE_DN	GSE26488_WT_VS_VP16_TRANSGENIC_HDAC7_KO_DOUBLE_POSITIVE_THYMOCYTE_DN	0.0039297873401536	142	38	PDLIM2,GNS,MARCKS,GRN,PDE8A,RPL12,USP11,SUCO,BID,RPS5,FBXL5,ERO1A,SORBS2,GALNT12,CYBB,SIRPA,MYOF,BCAR3,PTPN14,CD9,ARHGEF12,UTRN,PTPN1,EDEM1,CD36,CD81,NRP2,SEMA7A,NDST1,CSF2RB,LY6S,TRPS1,TGFBR1,CARMIL1,TBL1XR1,GM2A,NEBL,ACKR3
GSE16385_IFNG_TNF_VS_IL4_STIM_MACROPHAGE_ROSIGLITAZONE_TREATED_UP	GSE16385_IFNG_TNF_VS_IL4_STIM_MACROPHAGE_ROSIGLITAZONE_TREATED_UP	0.0055492389887804	139	36	SMIM3,SCARB2,ZNF563,FBXO41,AZIN2,PTBP3,GRAMD1B,SSBP3,MYL2,STX1B,FN3K,SH3PXD2A,CIB2,PLEKHH2,ARIH1,CACNA1H,CNOT6L,CSPG4,SNX18,ITPKB,PIK3C2B,AK3,LILRB3,KPNA6,AGO1,KRT6A,HOXA1,BTG3,PCP4,GAB2,CAPN5,EPSTI1,TGFBR1,POC1B,TOMM20,KRT81
GSE28726_NAIVE_VS_ACTIVATED_CD4_TCELL_UP	GSE28726_NAIVE_VS_ACTIVATED_CD4_TCELL_UP	0.0017690503233906	182	56	HMGN3,DLG5,TXNIP,PPM1H,RPL34,PIM1,LAPTM5,GCA,PIK3IP1,PHKG2,UBA7,RPS16,FLOT2,MAPRE3,KLF5,SERPINF1,LIMK2,SPOCK2,TRAM2,SLCO2B1,TUBB2A,ISG20,RPS28,CXCR6,ETHE1,MAP3K9,MFGE8,ACAP1,ITGA5,VAMP5,TRIB2,LEPROT,MARCHF2,SIT1,CORO1A,LFNG,UTRN,RASGRP2,SELPLG,DGKA,PBXIP1,GPSM3,DNASE1L1,GDPD5,LITAF,FCGRT,MAP4K2,IFITM1,MTSS1,ITGA6,MX1,SOX4,ST3GAL1,PIAS3,HPGD,RAB31
GSE41867_LCMV_ARMSTRONG_VS_CLONE13_DAY6_EFFECTOR_CD8_TCELL_DN	GSE41867_LCMV_ARMSTRONG_VS_CLONE13_DAY6_EFFECTOR_CD8_TCELL_DN	0.0006255288095078	194	65	ASCL2,FKBP4,YDJC,STIP1,DOT1L,MRPS22,HSPD1,LSM7,MRPL52,NXT1,TCOF1,ENOX2,PDCD5,FAF1,RANBP1,MRPL58,HSP90AB1,TOR3A,GINS2,LARS2,EIF3J,OAS3,MRPS2,ZNF653,MLLT1,IFRD2,PRPF3,NOL12,COX10,GEMIN8,ALG3,EEFSEC,KAT2A,TTC1,UBE3D,NFKBIA,RBMX2,TELO2,MTHFD1,CDKAL1,TMEM216,TRIM44,EFL1,CTR9,NDUFS4,PPIE,WDR74,OMA1,MFHAS1,NSUN5,POLR2H,DHX37,UPF1,CCT3,RCC1,WDR70,FEN1,CNOT11,MRPL40,MRPL15,ITFG2,MTLN,PCNA,TRAF1,TADA2A
GSE3982_MAC_VS_NKCELL_UP	GSE3982_MAC_VS_NKCELL_UP	0.0017690503233906	182	53	GNG12,CMTM6,SNX13,GTF2IRD1,CSF1,PAQR5,PLA1A,SHCBP1,MMP2,ATP2B2,RAB11A,MCFD2,GPER1,USP32,KIF1C,ITPRID2,RBPJ,CDKN1A,NRIP3,NDUFB6,GALNT12,CCDC6,NDUFB5,TNS1,EML4,WWTR1,MIEF1,SERINC3,ACP2,PLIN3,ASB13,CLN8,PLAUR,SDCBP,PCLAF,PDXK,CCL22,SLC43A3,BAG4,SMOX,QPRT,ATP6V1H,LDHB,PRDX3,JAG1,CISH,BEX4,PPP2R3A,PLAU,GSN,JUP,COL8A2,TIMP3
GSE13484_UNSTIM_VS_12H_YF17D_VACCINE_STIM_PBMC_DN	GSE13484_UNSTIM_VS_12H_YF17D_VACCINE_STIM_PBMC_DN	0.0009782518499709	176	73	ADAM9,MARCKSL1,COQ7,LMBRD1,MCOLN1,TMX1,FBN1,PDE4A,MED28,H2BC4,CTSH,ETNK1,IGF2R,MXRA7,C6orf62,PSMC4,NAPA,NXT2,PPP1R3D,NDP,LNPEP,CENPS,ENG,ZC3H12A,NSUN3,HSPA13,FICD,PLA1A,SNRPB,RAB21,ZBP1,SEMA3E,CSRNP2,NF1,COQ10B,GAL3ST4,FASTKD3,VCP,TRAF6,DHX58,PI4K2A,NRIP3,TRAFD1,TSPAN6,UBE2L6,ZNF207,HAS2,ADAR,WSB2,APOL1,SLC5A3,ACP2,TMOD3,TXNDC9,RENBP,C1GALT1,PLAUR,SDCBP,ARF4,ATP6V1H,ARID5B,MRPL42,BTG3,SRP9,IFITM2,LAMP2,IRS1,OGFRL1,ANPEP,ADM,SGPL1,MRC2,RAB31
GSE16451_IMMATURE_VS_MATURE_NEURON_CELL_LINE_WEST_EQUINE_ENC_VIRUS_DN	GSE16451_IMMATURE_VS_MATURE_NEURON_CELL_LINE_WEST_EQUINE_ENC_VIRUS_DN	0.0017332386025547	188	51	DNAJA4,RXYLT1,EGR1,SLC39A3,SLC1A5,TACO1,TSPAN5,THOP1,TRIB1,HIRIP3,MTIF2,LMNB2,THOC1,CHCHD4,RBM19,GINS2,SMC2,PEMT,EIF2B2,DHFR,TEDC2,RRS1,SPINT2,PPP1R10,YBX3,PDIA6,NFKBIA,CCDC137,CREB3L2,LYAR,CCDC86,LIG3,NETO2,DTL,LAS1L,ZNF239,CDK6,FSD1,MRPL1,TMEM39A,PDGFA,TRIP13,CCT5,SERPINH1,ALG5,SRM,TPK1,MRRF,SEC11C,WARS1,POLR3B
GSE3982_MAST_CELL_VS_BCELL_UP	GSE3982_MAST_CELL_VS_BCELL_UP	0.0011087293545958	171	59	BMP1,SOX13,PPP1R3D,CAVIN2,RGS10,RHOBTB1,BACE2,P2RX1,PPM1H,STX1A,AKAP12,TM6SF2,SLC30A4,LYSET,KRTAP1-1,HOXB6,PHACTR2,CHMP3,BST1,CD44,FSCN1,ITPRID2,SORBS1,DENND1B,HES2,DCTN6,ANXA9,EEF1AKMT3,KPNA2,ERO1A,NDUFB6,TTC38,LRP12,OSBPL3,CORO2A,LAPTM4B,BPI,ALAS1,RCAN1,PIK3R1,SERINC3,MFGE8,PCOLCE,LAPTM4A,CCDC68,TREM2,F13A1,KRT6A,ALDH1A1,QPRT,CLTC,PROCR,SEMA4C,CTTN,SOX4,SOCS2,GSN,SIGLEC6,GABARAPL1
GSE41867_DAY6_EFFECTOR_VS_DAY30_MEMORY_CD8_TCELL_LCMV_ARMSTRONG_UP	GSE41867_DAY6_EFFECTOR_VS_DAY30_MEMORY_CD8_TCELL_LCMV_ARMSTRONG_UP	0.0018090284411285	182	60	EIF3K,LIMD2,TMEM9B,CCPG1,FMO5,VAMP8,GRINA,TCP11L2,ABHD17B,HPSE,RAP1A,MTA3,TXNIP,GSK3B,IFI27L2,CAPNS1,RAB30,GNS,AAK1,GNPDA1,INPP5K,PHKG2,VPS37B,CAPN1,APOBEC3B,FLOT2,P2RX4,TRPV2,HPS6,ITGB2,LIMK2,NEU1,COX8A,WTIP,NCF2,FAM43A,PGGT1B,GTPBP2,DGLUCY,ABI1,ADGRL2,PDE7A,RETREG3,RRAGC,DENND1C,SPPL3,UAP1L1,ACAP1,BORCS6,C19orf12,GLIPR2,RENBP,TP53INP2,UTRN,UBE2W,TJP3,SLC35E3,SHISA5,UCP2,KCNN4
GSE19923_WT_VS_HEB_AND_E2A_KO_DP_THYMOCYTE_DN	GSE19923_WT_VS_HEB_AND_E2A_KO_DP_THYMOCYTE_DN	0.0008839266171169	179	40	DUSP1,FOS,PPP1R15A,KLF6,H2AX,P4HA1,TIPARP,SQLE,EGR1,NEDD9,ADGRB1,ATF3,LHX1,GTF2E2,MZT2B,PCNT,IER3,EGR2,SOS1,ZNF703,SGK1,CLK1,IRS2,RRS1,PLK3,RBM38,NFIL3,FOSL1,BHLHE40,JUNB,DNAJB1,ME1,TARS1,NFKBIA,MYC,YTHDC1,JMJD6,ZFP36,CTLA4,TMEM11
GSE16385_ROSIGLITAZONE_IL4_VS_ROSIGLITAZONE_ALONE_STIM_MACROPHAGE_UP	GSE16385_ROSIGLITAZONE_IL4_VS_ROSIGLITAZONE_ALONE_STIM_MACROPHAGE_UP	0.0039225180097766	152	52	FAM241B,NOSTRIN,SYNPO2L,BLCAP,ABCG1,CH25H,SLCO5A1,NOVA2,ITGB6,BACE2,KCNN1,SFXN3,SPINT1,PRKCH,ERN2,TMEM86A,S100A5,LPIN2,KLHL24,BMP7,NINJ1,CCNE1,SCARB2,AZIN2,SGSH,SKIL,UBASH3B,PRNP,MIMS2,GUCD1,WWTR1,TNFRSF13C,MYO7B,PCSK6,EPS8L3,KCND1,F2R,REEP2,GSTO2,KLHL30,COL6A2,TBC1D2,SLC1A2,NCEH1,TMEM167A,MTSS1,ASB9,TGFBR1,JUP,TBL1XR1,TNS3,KCNN4
GSE24634_TEFF_VS_TCONV_DAY10_IN_CULTURE_UP	GSE24634_TEFF_VS_TCONV_DAY10_IN_CULTURE_UP	0.0011233962988303	184	57	DPP4,DCLRE1A,H2AX,POGLUT2,POU2AF1,SMC4,CDC25A,SUPT3H,CDC6,CKS2,BRCA1,POLQ,MDC1,GGH,AQR,GINS2,E2F8,RAD51,WDHD1,MCTP2,NOC4L,SMC2,P4HA2,DHFR,GPR183,GFPT2,POLD3,FOXM1,CHEK1,MCM10,HTATSF1,HMGB2,TRADD,SUPT20H,CTLA4,GRK5,NETO2,DTL,CTR9,BMERB1,TXNDC15,IFT74,NME7,ELAC2,VGLL4,TRIB3,CCNA2,PSMD5,SUGP2,CBLB,GPSM2,PCNA,TPM4,HACD1,SMC3,SPC25,CENPF
GSE38304_MYC_NEG_VS_POS_GC_BCELL_UP	GSE38304_MYC_NEG_VS_POS_GC_BCELL_UP	0.0017658856537602	177	74	MARCKSL1,LATS1,ZDHHC17,SETX,TMCC3,PAK1,AMIGO2,BRWD1,KCNMB4,LYNX1,ID3,NFRKB,MYO10,PLSCR3,PLEK2,HSDL1,MRGBP,SIAH1,SUOX,PARD6G,ZBTB34,TBCEL,SALL2,GTF2IRD1,IL6ST,ADGRL1,MAP4K3,DHX40,MBTD1,ARID3B,TTC3,IFNAR1,CD2AP,ZCCHC24,BAZ2B,ATP11B,ADCY6,MARCKS,ANKRD50,STT3B,SHE,N4BP2,ARL5B,ZNF281,PPP1R3B,ST3GAL5,SLFN5,RTF1,PIK3C2A,SH3PXD2A,TNS1,CCNG2,PGGT1B,PMEPA1,SELENOP,GDPD3,PACSIN1,DIP2C,NAB2,TRIB2,ARHGAP29,SSH2,TUBB2B,TSPAN32,CHD3,RFTN1,MTSS1,PLXND1,TIMP2,ECM1,CNN3,FRMD6,VANGL2,PDE4B
GSE19401_PAM2CSK4_VS_RETINOIC_ACID_AND_PAM2CSK4_STIM_FOLLICULAR_DC_DN	GSE19401_PAM2CSK4_VS_RETINOIC_ACID_AND_PAM2CSK4_STIM_FOLLICULAR_DC_DN	0.0017168036289468	184	45	NUCB1,PLCB2,KLHL18,ATP5MG,GRN,PTPN22,VPS39,UBA7,GALC,VAT1,HNRNPDL,GGA2,SLCO2B1,FN1,MPP1,NDUFB5,DDHD2,DAG1,MYL6B,LGALS9,ADAR,ANXA6,VPS35L,SELENOP,PTPRO,IQGAP2,QKI,MARCHF2,GPNMB,RENBP,PON2,GBA1,NAGLU,SYNGR2,SNX17,APOE,ITGB5,GPC4,ACP5,FZD2,TIMP2,ECM1,ATP2A3,GM2A,FAM131B
GSE3982_NEUTROPHIL_VS_BASOPHIL_DN	GSE3982_NEUTROPHIL_VS_BASOPHIL_DN	0.001945468805741	188	55	HOXA9,ARL2BP,IL2RA,RFC4,SMC4,ARHGEF3,GTF3A,RIOX2,SSB,PNP,ATP2C1,P2RX5,MAZ,CTNNBL1,RPAP2,NDUFAB1,THAP11,C1QBP,PAN2,DSCC1,SEMA3C,BHLHE40,ATF1,THYN1,ADGRD2,UBB,DYNLL1,TARS1,TRMT1L,MYC,MTRF1,ASTE1,SMIM10L1,MAPRE2,ZFR,CHPT1,SLC10A3,PRPSAP1,RCL1,R3HDM1,GCLC,TRIM44,MAP3K4,BBS9,MAIP1,TCF12,SERBP1,DNAAF2,CAPRIN2,XPO1,DARS2,VGLL4,NFU1,FDX1,CRYZ
GSE18791_CTRL_VS_NEWCASTLE_VIRUS_DC_4H_UP	GSE18791_CTRL_VS_NEWCASTLE_VIRUS_DC_4H_UP	0.0006793941439545	185	81	CRLS1,FOS,TBCK,MRPL12,SUPT3H,TBL2,B3GALNT1,WDR3,THNSL1,MRPS26,MRPS31,CCT4,RELL2,RPAP2,RAD51C,TNRC18,NME6,FAM216A,EIF2B2,DDX23,NAIF1,CETN3,WDR53,PAAF1,FBXL4,TTI2,PHF14,TRMT13,PDE6D,METTL21A,MSH2,EXO5,ZNF302,MGME1,FAHD1,UBR7,INTS8,DNAAF2,MAP7,IRF2BP2,PDCD7,TRIM27,MOAP1,RBL1,DCP1B,DNAJA3,PUS1,ESRRA,ABHD15,TIMM21,CENPU,URB1,METTL3,PRIM1,ZNF544,TRMT10A,ZNF559,TAF4,MTRES1,MRPS25,MAGOHB,TP53RK,RCSD1,MCEE,FLI1,TBCC,GGCT,INPP4A,INTS4,YLPM1,SYT8,ZNF443,ANP32A,ARV1,ISY1,ERC2,TYW2,CAD,HHEX,SRPK1,TMEM120A
GSE22886_UNSTIM_VS_IL15_STIM_NKCELL_UP	GSE22886_UNSTIM_VS_IL15_STIM_NKCELL_UP	0.0029538328416691	157	40	P2RX1,KLRC4,PSPC1,PCMTD2,MMP2,ZBP1,LRRC17,AMOT,MFSD11,SLC17A7,YPEL1,GNS,BIRC2,PIK3IP1,ZNF212,UBA7,CMKLR1,SCAMP5,SPOCK2,CCNG2,PAGE4,DGLUCY,IKBKE,VILL,ELAPOR1,LGALSL,PBXIP1,ATP2B4,MCOLN3,PPP1CC,COL5A1,ARHGEF17,STAT6,TLE1,CAMK1D,TGFB2,CYP24A1,SEMA5A,EFEMP2,PIP5K1B
GSE28726_ACT_CD4_TCELL_VS_ACT_NKTCELL_UP	GSE28726_ACT_CD4_TCELL_VS_ACT_NKTCELL_UP	0.0009029891836937	195	47	AATF,GNAI1,GNG5,IL2RA,PPP2CA,GZMB,RCN1,PPID,RFC4,MTA1,GTF2E2,TMEM243,CAPN15,DBI,TCOF1,NHP2,CCT4,FABP5,HSP90AB1,EIF3J,JPT2,NSMAF,MYDGF,BHLHE40,NFKB1,PDCD2,PDIA3,ELMO1,CFDP1,NUP88,UTP25,MAPRE2,CCDC86,HNRNPA3,RPA2,R3HDM1,BRD8,TNFRSF1B,MTREX,MBD3,IPO5,POP4,CUL1,DHCR24,NPM1,ISG20L2,SRM
GSE15930_NAIVE_VS_24H_IN_VITRO_STIM_INFAB_CD8_TCELL_UP	GSE15930_NAIVE_VS_24H_IN_VITRO_STIM_INFAB_CD8_TCELL_UP	0.0020530712232896	173	50	IP6K1,RECK,SNX13,ADGRL1,MAP4K3,RPS6KA2,PHF1,PCSK7,ARID3B,FBXO6,EEF1A2,FOXK1,RANBP10,EIF4H,INPP5K,RPL12,HES2,PI4K2A,CYP2E1,UNC119,SYNRG,TBC1D20,UCK1,PLEKHB2,SPSB1,MFGE8,DENND2B,F3,PAPSS2,SIT1,NAGA,F2RL1,MYL6,MYO1F,PSAP,WNT11,COL6A2,CYTH3,ZYG11B,STAT5A,B4GALT1,ACTR1B,MX1,SOX4,ARF3,KRT7,TIMP2,ST3GAL1,TCN2,PDE4B
GSE9037_WT_VS_IRAK4_KO_LPS_4H_STIM_BMDM_DN	GSE9037_WT_VS_IRAK4_KO_LPS_4H_STIM_BMDM_DN	0.0010998412532552	176	56	POLE,ILRUN,TPM2,LBR,TXNIP,NCOA2,PPM1H,RAB21,BMP4,NFATC2,SPATA19,PIGZ,CSRNP2,MCAM,SHISA4,BCL2L1,VHL,ATP8B3,CKB,TRAPPC2L,FNIP2,CMIP,APLP2,ARL4C,ACSF2,COPZ2,NR2F1,ANXA6,SNX30,CAMK2G,DHRS1,MAPK9,IFITM3,PAG1,NGEF,VWF,TCF7L2,SH3BGRL3,SKA2,TSPAN17,CORO1C,DAP,DNAJC22,PCLAF,PRRC1,GPR173,CCR5,TGIF2,TOM1L2,RASSF2,CACUL1,EID1,ARL15,PGGHG,TGFB2,VLDLR
GSE21063_3H_VS_16H_ANTI_IGM_STIM_BCELL_DN	GSE21063_3H_VS_16H_ANTI_IGM_STIM_BCELL_DN	0.0012589560444287	183	76	DPP4,EGR1,NUP107,CPAP,RIOX2,TSEN2,RHBDD1,LRFN3,WASHC3,MEN1,PDE3B,ENKD1,AZI2,MYBL1,GSTCD,TMEM131,IFRD2,HSDL2,MZF1,AFG2A,HERC4,DROSHA,PCCA,WWC3,NDUFAF2,STAG1,CARS2,STK3,PHF14,FLOT1,TRADD,SAXO6,TASOR,CCDC14,EHBP1,ZNF512,MIPEP,RAB3IP,PDSS2,ZNF239,RHOT1,TCF12,MTIF3,NME7,KMT5B,WDR70,NFYB,DALRD3,RNF170,GNPAT,PIGG,SPRN,FAM111A,NBAS,EGR3,SPG11,TMEM80,TMEM218,DNPH1,CSTPP1,DPAGT1,CEP41,TIGD7,ATR,FAHD2A,IPO8,FIG4,NELL2,DNAAF5,RALB,PPM1F,CCDC191,KIAA0319L,TMEM161A,NAPEPLD,RNF123
GSE13411_NAIVE_BCELL_VS_PLASMA_CELL_DN	GSE13411_NAIVE_BCELL_VS_PLASMA_CELL_DN	0.004153343279987	155	53	IL15RA,PIR,RRBP1,BTD,DNAJC1,MANF,RCN1,CACNA1S,CDC34,EPHX2,FKBP11,IER3,CBARP,TRIB1,EXO1,TPX2,PKMYT1,RABEPK,GADD45G,CDT1,SCRT1,PACS2,IRF2BP1,RAD54L,GALR2,ANKRD11,ARC,ANKRD26,SMTN,RFX1,SYNM,KIF20A,TXNDC15,PPP1R26,KAZN,PIM2,DARS2,RNF208,UBE2C,GOT1,DNAH17,BLMH,UCHL1,HSD17B6,CDCA3,PYCR1,MGAT1,SPC25,KIFC1,XBP1,XRCC4,ZNF215,NENF
GSE15750_DAY6_VS_DAY10_EFF_CD8_TCELL_UP	GSE15750_DAY6_VS_DAY10_EFF_CD8_TCELL_UP	0.0004965214908957	193	74	HNRNPAB,ANP32B,SKA3,CDC6,RNASEH2B,POLA1,CKS2,BRCA1,POLQ,PRDX4,NUF2,FIRRM,MXD3,TPX2,GINS2,RAD51,CENPI,SMC2,DSCC1,DHFR,MYBL1,CKAP2L,CIP2A,RBBP8,E2F7,STIL,MCM10,FBXO5,RAD54L,PARPBP,RAD51B,ITGB1BP1,GTSE1,NEIL3,SGO1,CKAP2,MRPL9,KNSTRN,SACK1D,KIF20A,TCF19,SPDL1,SGO2,LZIC,NSD2,PRC1,PLEK,HASPIN,CENPE,FEN1,UBE2C,NDC80,TXN,CENPP,ESD,C12orf75,TOP2A,TIPIN,HMMR,IQGAP3,IDH3A,ACADL,SPC25,ESCO2,PPIL1,PTPRK,RACGAP1,KIF22,UHRF1,FAM229B,CEP55,PCYT1B,BUB1,MCM2
GSE18791_CTRL_VS_NEWCASTLE_VIRUS_DC_1H_DN	GSE18791_CTRL_VS_NEWCASTLE_VIRUS_DC_1H_DN	0.0025347818491796	128	50	FOSB,TTLL5,OSR2,TIPARP,NR4A2,ZNF777,ZBTB2,CSRNP1,ELMOD3,SOX1,PDE11A,SERPINE1,DUS3L,C11orf96,ZDHHC23,CLK1,IRS2,DNAJC7,DNAJB1,CHEK1,MYRFL,PTGS2,COL14A1,ZNF165,BNIP1,MSL2,FGF9,GADD45A,MAP3K8,NFKB2,EMILIN1,CREB3L3,SACK1D,EML5,SLC25A38,MFAP4,TMEM44,ECRG4,TRAF1,CDCA3,PCF11,MPZL1,AGAP2,MYO5C,RGS2,NEMP2,ZBTB43,AKAP10,NAMPT,KDM6B
GSE43955_TH0_VS_TGFB_IL6_TH17_ACT_CD4_TCELL_30H_UP	GSE43955_TH0_VS_TGFB_IL6_TH17_ACT_CD4_TCELL_30H_UP	0.0013340734791933	162	47	SASH1,PEX5,SLC30A4,SEMA3E,PIP4K2C,HOXB6,HTR2C,CPNE3,FURIN,SOCS1,SORBS1,NXN,MTR,KLF5,CMBL,LIMK2,ADGRD1,RAB18,FAM3B,EPB41L4B,USF1,MYL6B,RNF138,RCAN1,TNFRSF1A,AGFG1,BACH1,SH3BGRL3,PLCG1,RO60,DPP8,RPS29,PTPN1,UBE2W,DPEP1,SAA2,CSF2RB,LITAF,PROCR,CLCNKB,CACUL1,FGFR1,COL13A1,COL26A1,EHF,KRT17,HNF4A
GSE22611_NOD2_TRANSDUCED_VS_CTRL_HEK293T_STIMULATED_WITH_MDP_2H_UP	GSE22611_NOD2_TRANSDUCED_VS_CTRL_HEK293T_STIMULATED_WITH_MDP_2H_UP	0.0017639405881196	165	44	MTF1,EIF2AK3,PEX5,PIP4K2C,LAPTM5,GNS,PLCB2,SUSD1,SESN3,TMEM127,CORO7,ITGB2,RHOBTB2,FAM8A1,COMMD8,NEU1,RAC2,TOLLIP,HIPK3,FLCN,PFN2,CNOT6L,TMBIM6,ADAM10,BMPR2,DAP,CPEB4,SLC46A3,INPPL1,SEMA4B,RCAN2,ATP6V1B2,GAB2,PXN,LSP1,SOX4,PTPN7,ST3GAL1,STING1,SHISA5,PGGHG,KDM5B,TCN2,PTGR1
GSE9988_ANTI_TREM1_VS_VEHICLE_TREATED_MONOCYTES_DN	GSE9988_ANTI_TREM1_VS_VEHICLE_TREATED_MONOCYTES_DN	0.0023046740246522	182	57	CTNND1,CTSH,IL10RA,HECA,NCOA3,ZNF44,MAVS,TGFBI,KLHDC3,DENND11,PTP4A2,ENG,CTDSP2,ANKRD13A,STX6,CD14,CSF1R,GAL3ST4,MR1,NLRP12,GRN,ZDHHC7,ARHGAP1,PTAFR,ARL6IP5,ORAI2,ATXN7L3,WIPI2,CYBB,KLF13,CCNG2,PIK3R5,IKBKE,WBP1L,CMTM3,BCL3,SEC14L1,CORO1A,MAST3,MYO1F,PSAP,TGIF2,TNRC6A,NDST1,RASSF2,TGFBR2,DSTYK,ACP5,ZNF780A,LTBP2,ARHGAP30,NECTIN2,SMAD3,PIK3CD,TNFAIP2,ZNF652,RRM2B
GSE3565_DUSP1_VS_WT_SPLENOCYTES_POST_LPS_INJECTION_DN	GSE3565_DUSP1_VS_WT_SPLENOCYTES_POST_LPS_INJECTION_DN	0.0030590479066346	119	33	HOXB6,CSF1R,VHL,SUSD1,CES2,RAP2A,SLC15A3,OSBPL3,PTK7,RAB8B,SLC6A18,TAF13,KLF13,AHNAK,MYL6B,DOCK5,FBXO36,STARD10,CCDC25,TPMT,ANXA1,F13A1,EMP3,LAMC1,TSPAN2,HAVCR2,RORA,SYPL1,TGFBR3,FRY,ATP2A3,CNN3,TCN2
GSE15330_HSC_VS_GRANULOCYTE_MONOCYTE_PROGENITOR_IKAROS_KO_UP	GSE15330_HSC_VS_GRANULOCYTE_MONOCYTE_PROGENITOR_IKAROS_KO_UP	0.0027634564039305	188	50	ARHGAP12,ATP6V0A1,ATP11B,PHACTR2,SERINC1,ZDHHC20,FURIN,SOCS1,PABIR1,RBPJ,GRN,B4GALT4,FES,TAMALIN,SKIL,GGA2,CRYBG1,PHF13,PUM1,NCMAP,CXCR6,LPP,SNTB2,WBP1L,ANGPTL2,CTNNBIP1,IL10,YAF2,MARCHF2,SMARCA1,PPME1,GLIPR2,RBM12,MAN1A2,SYNCRIP,HYCC2,ZNFX1,AQP3,SEMA7A,ARID5B,LAMP2,PXN,ATOSB,ARHGEF10L,STARD8,TRPS1,TGFBR1,TIMP2,ALPK2,TSPAN14
GSE46606_DAY1_VS_DAY3_CD40L_IL2_IL5_STIMULATED_BCELL_DN	GSE46606_DAY1_VS_DAY3_CD40L_IL2_IL5_STIMULATED_BCELL_DN	0.0015532529077938	173	64	EN2,DUSP1,COLGALT2,SLC12A8,IL2RA,GZMB,PFKFB3,SLC7A5,GLRX5,SAFB2,TRIM69,DTX3L,SLC16A10,CDC26,GATA2,ARID5A,BAG2,FKBP5,OTUD5,SGK1,RRS1,VDR,IKBKB,NOL12,HOXC10,DPM2,EBF1,CARS1,COA7,TNFAIP8,JMJD6,CEPT1,TAPT1,PLD6,SLC27A2,BATF,NOLC1,NOP14,TNFRSF1B,TARS3,PRKX,STRIP2,TGFB1,PIM2,TNFSF4,SCG2,PIK3CB,TMOD2,GAL,DRC9,HAX1,RPP30,PHRF1,LONRF3,UTP11,SLC39A13,ADIPOR1,DCAF4,WDR7,TANC2,ARPC5L,PUS1,EDF1,CTPS1
GSE29618_MONOCYTE_VS_PDC_UP	GSE29618_MONOCYTE_VS_PDC_UP	0.0030127863125834	160	43	CALM3,CD14,ARHGDIB,CSF1R,BST1,CD44,MARCKS,ZDHHC7,FBXL5,ITGB2,APLP2,DPYD,LAT2,CDC42EP3,SIRPA,NCF2,GAS7,BNIP3L,SLC6A6,PLA2G7,HIF1A,TCF7L2,SEC14L1,ALDH3B1,LILRB3,C11orf21,SDCBP,SERPINA1,CTSS,MYO1F,ANXA1,CKAP4,ALDH1A1,TIMP1,IFITM2,PADI2,PXN,MTMR11,SLC7A7,TIMP2,TNFAIP2,RAB31,TSPAN14
GSE15330_LYMPHOID_MULTIPOTENT_VS_MEGAKARYOCYTE_ERYTHROID_PROGENITOR_IKAROS_KO_DN	GSE15330_LYMPHOID_MULTIPOTENT_VS_MEGAKARYOCYTE_ERYTHROID_PROGENITOR_IKAROS_KO_DN	0.0035352635423092	149	34	OSBPL3,BEX3,SUB1,CRYBG1,NPTN,AHNAK,KLRC2,DOCK5,ITGB1,TTC39C,S100A13,CD63,LEPROT,PRDM1,ID2,STARD10,ANXA4,MYL6,SERPINB9,RUNX2,MYO1F,ANXA1,LAMC1,ATP2B4,LY6S,RBM47,SLC25A24,RORA,PRR13,SYPL1,SMPDL3B,NUDT4,NCALD,GABARAPL1
GSE17974_CTRL_VS_ACT_IL4_AND_ANTI_IL12_4H_CD4_TCELL_DN	GSE17974_CTRL_VS_ACT_IL4_AND_ANTI_IL12_4H_CD4_TCELL_DN	0.0007791191061066	185	70	FADD,IL2RA,GADD45GIP1,MRPL12,PKNOX1,CACYBP,TBL2,CMSS1,NCBP1,ERP44,ACTL10,RANBP1,PRPF38A,XPOT,SLC39A8,SMKR1,EIF2B2,DDX10,RRS1,TMEM223,IFRD2,ANKS3,SETBP1,PPP1R10,STAMBPL1,CHST11,NEMP1,RBBP8,EPOP,ZPR1,ST8SIA4,MAP7D3,BRIX1,CARS1,COA7,RALA,SELENOS,ITGB1BP1,GEMIN5,PPP1R14B,UBR7,TXNDC15,POLR3D,POLR2H,ISG20L2,SRM,WIZ,TUBE1,SMG9,MRRF,FTSJ3,RRP9,ZNF235,MRPL17,POLD2,PIGM,YARS2,RNGTT,DNAJA3,TMEM88,TAF1A,XBP1,VPS35,POGLUT1,BYSL,GLS,TEX30,DESI1,EED,PUM3
GSE43863_LY6C_INT_CXCR5POS_VS_LY6C_LOW_CXCR5NEG_EFFECTOR_CD4_TCELL_UP	GSE43863_LY6C_INT_CXCR5POS_VS_LY6C_LOW_CXCR5NEG_EFFECTOR_CD4_TCELL_UP	0.0030543413315558	160	66	TMCC3,PLXNC1,KCNQ1,PIAS1,CYTH1,PRKAA2,CERK,PPP3CA,TMEM186,RIC1,HECA,UBE2B,DDB2,MXRA7,MYB,PELI1,C6orf62,RPS6KB2,ANKRD33B,MTMR1,DENND5A,LNPEP,NRM,WASHC4,GSK3B,LY6D,CENPH,BAZ2B,LLGL2,PTPRE,CPNE3,CBX5,CBX2,PHIP,RASSF4,MGLL,SKIL,GPR35,PPP1R3B,TAGLN2,RAB18,NODAL,VEZF1,BDH1,ITPKB,EBI3,MBNL1,TPMT,TEAD2,SEMA4B,PBXIP1,LIMA1,TSPAN2,DENND3,B4GALT1,GRAMD2B,PXN,SYPL1,LSP1,UGCG,ALPL,CARMIL1,CAMK1D,TPD52L1,NMNAT2,PDE4B
GSE10239_KLRG1INT_VS_KLRG1HIGH_EFF_CD8_TCELL_DN	GSE10239_KLRG1INT_VS_KLRG1HIGH_EFF_CD8_TCELL_DN	0.0014024116283974	171	45	SEPTIN10,ETFRF1,CSF1R,RASGRP1,GNPDA2,CBX5,DENND6A,PTPN22,MAPRE1,ADGRE1,TTC38,SUB1,TMEM98,GOLT1A,MTURN,ECT2,RTF1,PLEKHH2,ALOX5AP,NCF2,SLC16A4,MAPK9,TNKS2,SNX18,IQGAP2,F2R,TXNDC9,MOB4,RHOQ,TRAM1,AP1G1,MARCHF6,SLC22A17,STARD4,CAV1,MOB1A,ABRACL,ZYG11B,SLC25A24,ITGA6,KRT4,ATL2,REEP3,TBL1XR1,SEMA5A
GSE21063_WT_VS_NFATC1_KO_3H_ANTI_IGM_STIM_BCELL_UP	GSE21063_WT_VS_NFATC1_KO_3H_ANTI_IGM_STIM_BCELL_UP	0.0035921190629357	146	42	ELK4,RSPH14,SLC6A8,TXNIP,KRT16,MAP1B,ARHGDIB,PLEKHA7,RASGRP1,BST1,MOV10,AZIN2,SGSH,ARL4C,UBE2L6,SNX24,CD28,HECW1,DUSP2,SELENOP,DGLUCY,VIL1,GPR161,PTPN14,KCND1,SLC38A3,RNASE1,SH3BGRL3,GPNMB,MBNL1,SCRN2,DGKA,TP53INP1,SEMA7A,TIMP1,PLEKHG2,RFTN1,ARHGEF17,PRR5L,TMEM41B,SKIDA1,UCP2
GSE22229_RENAL_TRANSPLANT_VS_HEALTHY_PBMC_UP	GSE22229_RENAL_TRANSPLANT_VS_HEALTHY_PBMC_UP	0.0014957113625112	180	56	DPP4,AUTS2,CDK2AP2,SMC4,DNAJB11,CYTIP,SNX25,CSRP2,ZBTB2,MAP3K5,PNP,EZH2,NXT1,CEACAM21,NUF2,MKI67,TMEM121,EXO1,RAD51C,VAV2,C19orf38,TMEM132E,TTLL11,TMEM131,DMTF1,FRG1,NKAP,DNAJC21,ELFN1,GMEB2,TNFAIP3,FZD9,SLC7A6OS,PARPBP,ITGB1BP1,GTSE1,CDC25B,CASS4,RAB3IP,CKAP2,KNSTRN,TCF19,DOK3,SH3BP5,GPAT3,GFM1,NSMCE1,NPEPPS,RAB8A,CENPE,UBE2C,NDC80,SUPT16H,PHF2,CCNA2,SPEF2
GSE9006_TYPE_1_DIABETES_AT_DX_VS_4MONTH_POST_DX_PBMC_UP	GSE9006_TYPE_1_DIABETES_AT_DX_VS_4MONTH_POST_DX_PBMC_UP	0.0014193841497643	182	55	JUND,FOSB,DUSP1,PPP1R15A,ID1,PFKFB3,SAFB,MRPL12,NR4A2,REX1BD,RPN1,SAFB2,ODF2,TRIB1,HSPA5,SLC75A1,TSC22D3,GLUL,MAFB,WDR18,SART1,CDT1,SGK1,SIK1,PLK3,NFIL3,BHLHE40,JUNB,PDIA3,ELMO1,CARS2,CCDC22,NFKBIA,CTSD,TNFAIP3,HMGB2,P4HB,ZBTB17,ZFP36,EHD4,TSR3,HNRNPA3,HSPA9,NFKB2,ALDOA,SGTA,ZNF394,HNRNPU,DHCR7,PIGA,WDR70,RTN3,RRP12,RAB8A,SFPQ
GSE29618_MONOCYTE_VS_MDC_UP	GSE29618_MONOCYTE_VS_MDC_UP	0.0013942561356246	162	47	EXT1,BST1,CD44,GNS,MARCKS,PIK3IP1,NINJ1,ZDHHC7,ADGRE1,FBXL5,TMEM127,APLP2,NOTCH2,CYBB,MPP1,CDC42EP3,NCF2,BNIP3L,DUSP6,TBC1D8,LILRA6,TNFSF13,PLA2G7,RIT1,HIF1A,TCF7L2,CD63,BACH1,LILRB3,SDCBP,SERPINA1,CTSS,PDXK,CTSB,LRP1,CKAP4,CD36,ALDH1A1,PSAP,NPC2,GAB2,ARHGEF10L,ADM,SLC7A7,WLS,FRY,CCR1
GSE37416_0H_VS_12H_F_TULARENSIS_LVS_NEUTROPHIL_DN	GSE37416_0H_VS_12H_F_TULARENSIS_LVS_NEUTROPHIL_DN	0.0021509481994729	186	54	SLC35B2,SLC2A3,GRINA,NAPA,SNX8,DENND5A,ZNF395,NFKBID,ZC3H12A,PHF1,MTCH2,STX6,NANOS3,RAB21,RBPJ,MAPK6,GNPDA1,HPS5,SNAPC1,PIK3IP1,NR1D2,AZIN1,ERO1A,SLC15A3,ZC3H7A,ARL5B,SGSH,RAB8B,SKIL,CCNG2,MAPK1IP1L,BNIP3L,NBEAL1,CD63,QKI,PPME1,PLAUR,SNN,WDR45B,ATP6V1C1,SLC43A3,EDEM1,RAPGEF6,TGIF2,LAMB3,VPS18,STARD8,ADM,ATP13A3,PRR5L,KDM5B,OLR1,GABARAPL1,PDE4B
GSE34156_NOD2_LIGAND_VS_TLR1_TLR2_LIGAND_6H_TREATED_MONOCYTE_DN	GSE34156_NOD2_LIGAND_VS_TLR1_TLR2_LIGAND_6H_TREATED_MONOCYTE_DN	0.0060267442503285	151	42	GNS,MARCKS,GRN,ELF4,ANO6,PTAFR,P2RX4,ZNF385A,BCAT1,CYBB,AATK,MPP1,SIRPA,DSE,NCF2,LGALS9,LILRA6,SEMA3F,BRI3,MYOF,MGST1,LILRB3,CORO1C,LRP1,SYNGR2,NRP2,TIMP1,CYTH3,CSF2RB,HAVCR2,RBM47,PLEKHO2,ATP6V1B2,CAPG,TRPS1,PLAU,ANPEP,ATP13A3,CCR1,RAB31,GM2A,TNS3
GSE30971_WBP7_HET_VS_KO_MACROPHAGE_2H_LPS_STIM_UP	GSE30971_WBP7_HET_VS_KO_MACROPHAGE_2H_LPS_STIM_UP	0.001511123608981	171	57	DISP1,IL1RAP,COXFA4,HAT1,KLF9,SEMA4D,P3H2,FAM200B,STK38L,TXNIP,RASAL2,MMP9,RAPH1,SPOCD1,ADO,LAPTM5,CENPN,CEP20,SLC25A40,RNASE6,RBPJ,DENND1B,MRAS,ITGB2,UBASH3B,FN1,ZNF281,MPP1,PTGFRN,GNA13,EML4,NCF2,LGALS9,ABHD2,SNX30,IRGQ,MPLKIP,ETHE1,RAB7B,SPTLC3,AKR1C3,CD9,PON2,GREM1,AGO1,IL1R2,CD36,MITF,PRCP,NCEH1,ENC1,LSP1,TRPS1,SLC1A3,PLAU,MALT1,GABARAPL1
GSE31082_DN_VS_CD4_SP_THYMOCYTE_UP	GSE31082_DN_VS_CD4_SP_THYMOCYTE_UP	0.0006162637965394	199	72	PCBP1,CEP128,ANKRD13B,GTF2F2,GTF2E2,SNW1,WDR3,TXNDC5,DAZAP1,DNAJC2,PDCD5,ALDH16A1,THAP11,RBM19,ENKD1,DHFR,ERCC6L,MALSU1,MGAT4B,RNF126,HNRNPM,EPB41L4A,GDI2,MYDGF,NKAP,SF3A3,ZRANB3,PHF5A,MICOS10,DIPK1B,MTHFD1,ZNG1B,MRPL45,TMEM11,CFAP20,LIG3,NT5M,C9orf78,CKAP5,MTHFD1L,PFDN6,CDCA7L,DDX49,RPL36A,AUH,CFAP298,WDR70,CLASP1,DNTTIP2,NMD3,CCDC40,PTCD3,DCUN1D5,SIN3B,SMC3,PFAS,GPD1L,MRPS9,LTV1,ACSL5,OARD1,RWDD4,SENP8,ZFAND4,TTC27,TEX30,NEDD4,POLR2D,MRPL22,PSRC1,QDPR,NDUFS6
GSE10325_BCELL_VS_LUPUS_BCELL_DN	GSE10325_BCELL_VS_LUPUS_BCELL_DN	0.0020493178938138	178	54	PRKCI,CTBS,HMGN3,GBP1,KPNA3,KDELR2,FNDC3B,CDS2,PIPOX,TMED5,GFPT1,SDC1,SLC25A40,ASB7,MAGT1,PJA2,TRAPPC2L,BID,HLA-E,NEU1,UBE2L6,SRP72,ISG20,SLC25A46,MYL6B,SEC24A,ADAR,WSB2,APOL1,TMPO,BCAR3,VAMP5,IER3IP1,ANP32E,MAN1A2,NAGA,TMEM248,TRAM1,SLC43A3,CYCS,THEMIS2,CAV1,KYAT3,ITCH,MRPL42,CDC50A,BTG3,RBM47,LAMP2,GRAMD2B,IFI35,IFITM1,MX1,CCR1
GSE13547_CTRL_VS_ANTI_IGM_STIM_ZFX_KO_BCELL_2H_DN	GSE13547_CTRL_VS_ANTI_IGM_STIM_ZFX_KO_BCELL_2H_DN	0.0038918244575206	154	57	DUSP1,ANTKMT,SUGT1,GPR155,PNP,BRCA1,ISOC1,UTP14A,TCP1,SLC25A4,TBRG1,SRFBP1,NARS2,EFCAB7,ETFDH,RNF130,DPH5,CETN3,WDR53,TNFAIP8,POLR1E,SLC49A4,BCOR,ASF1A,EIF2S2,IL15,GRK5,GADD45A,RUNDC3B,GTPBP10,EIF2A,MRPL1,NME7,IPO5,INTS10,NOP58,PCGF1,CASP4,PRSS12,USPL1,PIK3CB,CLNS1A,DNTTIP2,MPHOSPH10,ZNHIT6,DDX52,EIF3F,ARHGAP5,GART,TTC27,RFC2,RAD18,IARS1,PRIM1,AIP,PSMD14,CPSF3
GSE21546_SAP1A_KO_VS_SAP1A_KO_AND_ELK1_KO_ANTI_CD3_STIM_DP_THYMOCYTES_DN	GSE21546_SAP1A_KO_VS_SAP1A_KO_AND_ELK1_KO_ANTI_CD3_STIM_DP_THYMOCYTES_DN	0.0025364996617253	177	65	B4GALT5,TRIO,PPP1R3D,ITIH5,SLC9A5,ELK3,IL6ST,TAPBPL,EEIG1,RPS6KA2,AJUBA,MGAT5,VAV1,RAPH1,ARHGDIB,SORBS3,RNASE6,ACVR1B,PTPN22,RAB3D,ETV6,ANO6,SCAMP5,TMED10,RASSF4,TRAM2,CORO2A,TNFAIP1,RAC2,SH3PXD2A,DAB2IP,TBC1D15,NCF2,ALAS1,DUSP2,ANKRD63,CAMK2G,SELENOP,VILL,IQGAP2,DENND1C,TMEM141,SRC,C19orf12,EBI3,KIFC3,TTC39A,CORO1A,LAMTOR4,NUAK2,WDR45B,ICAM1,EDEM1,LRP1,UBE2W,CKAP4,MITF,LITAF,TGFBR2,PADI2,CHD3,SMPDL3B,CCR1,GM2A,MYO1G
GSE22589_HEALTHY_VS_HIV_INFECTED_DC_DN	GSE22589_HEALTHY_VS_HIV_INFECTED_DC_DN	0.0030776125036057	170	49	MATN2,ATP11B,ACSS1,LY6E,DOC2B,TDRD7,SOCS1,MOV10,NAA25,STAT2,UBA7,PTAFR,CCRL2,TRAFD1,ELMOD2,CYBB,PSMB10,SLFN5,MX2,SLC9D1,IL12RB2,TBC1D13,COX18,IFITM3,BRI3,WDFY1,FABP3,ACP2,C19orf12,HRCT1,TMEM248,CD70,CAMK2D,RBMS2,MAPKAPK2,ATP6V1H,NPC2,ITIH3,VEZT,KCNQ2,FGD6,DCP2,BST2,NECTIN4,EPSTI1,MX1,EHD2,PRR5L,TGFB2
GSE12845_PRE_GC_VS_DARKZONE_GC_TONSIL_BCELL_UP	GSE12845_PRE_GC_VS_DARKZONE_GC_TONSIL_BCELL_UP	0.001534682499424	162	54	IL6ST,PDGFC,FCMR,IPP,PHF1,CD72,NCOA2,FNDC3B,CD14,ZBP1,MTF1,RHOC,CSF1R,MTCL2,MACF1,CCND2,WDR55,SCML1,CD44,FLT1,RNASE6,PDE8A,MAPK3,HLA-E,XPNPEP3,SKIL,UBE2L6,ST3GAL5,RGS5,AHNAK,LGALS9,LIMS2,DGLUCY,TNFSF13,PLA2G7,PTPRO,IFITM3,NAB2,GPNMB,RASGRP2,CTSB,SPARC,PSAP,NPC2,LAMC1,RBM47,IFITM2,ACP5,IQSEC3,PLXND1,UGCG,SMAD3,REST,FOLR1
GSE40666_UNTREATED_VS_IFNA_STIM_STAT1_KO_CD8_TCELL_90MIN_UP	GSE40666_UNTREATED_VS_IFNA_STIM_STAT1_KO_CD8_TCELL_90MIN_UP	0.0032544549076446	136	42	ELN,CDC42EP4,TTYH2,RAVER2,MAPT,C1orf105,SEMA4D,RSPRY1,MMP9,NCS1,PIM1,IFNAR1,TPSAB1,TDRD7,MARCKS,GJC2,STAT2,CCDC9B,DHX58,TRAFD1,STX1B,MLPH,G3BP1,ADAR,SH3D19,SLC27A5,KRT83,MYOM1,EBI3,ANO2,NRP2,PSAP,CYTH3,SLC1A2,RFTN1,EPSTI1,MX1,PGGHG,TNFAIP2,SERPINB1,GYG2,MYO1G
GSE6259_FLT3L_INDUCED_33D1_POS_DC_VS_CD8_TCELL_UP	GSE6259_FLT3L_INDUCED_33D1_POS_DC_VS_CD8_TCELL_UP	0.0036916244895714	129	44	CDK14,CTTNBP2NL,SETD7,INSR,EGFR,RHOBTB1,CLPX,LANCL1,STOM,ATP6V0A1,YPEL1,RASGRP3,PPP4R1,GRN,SP6,ADGRE1,CRKL,CDX2,GTF3C4,SERPINF1,EIF4EBP2,AHNAK,NRF1,ABHD2,NME4,MOSPD1,ADAM33,SERINC3,BRI3,IQGAP2,CMTM3,TMEM141,TSPAN17,PRRC1,CDC42BPA,RRAS,F13A1,CD36,EMP3,LAMC1,FGFR1,SYPL1,SLC35E3,RNF141
GSE24574_NAIVE_VS_TCONV_CD4_TCELL_DN	GSE24574_NAIVE_VS_TCONV_CD4_TCELL_DN	0.0012248136388342	192	51	AATF,FADD,GNG5,IL2RA,PPP2CA,SLC3A2,RCN1,RFC4,SQLE,MTA1,GTF2E2,SCRIB,LSM7,IL18R1,PNP,NHP2,CCT4,HSP90AB1,ATP1B3,XPOT,LPL,EIF3J,TFCP2,NSMAF,MYDGF,PDCD2,ATP10D,PDIA3,ELMO1,NUP88,UTP25,MAPRE2,CCDC86,HNRNPA3,R3HDM1,EXOSC8,PMS1,MTREX,IPO5,POP4,TRIP13,SRM,UTP18,TM9SF1,TXN,NELFE,PA2G4,UAP1,CANX,HYOU1,IDH3A
GSE23502_BM_VS_COLON_TUMOR_MYELOID_DERIVED_SUPPRESSOR_CELL_UP	GSE23502_BM_VS_COLON_TUMOR_MYELOID_DERIVED_SUPPRESSOR_CELL_UP	0.0022748042236228	173	57	TRIO,ELL2,PRPS2,ABHD17B,S100A6,IL6ST,CYLD,SCAMP1,KDELR2,FOSL2,PIM1,CCND2,CPNE3,MAPK6,PDE8A,CDH17,FHIP1A,MAPRE3,UBASH3B,PRKCA,ZNF281,TAGLN2,ALS2,AHNAK,HIPK3,SIRPA,PLEKHA1,GAS7,YPEL2,PMEPA1,ADGRL2,H6PD,MGST1,IL10,PRDM1,SPCS3,CD9,ID2,CCR5,TPD52,SH3BGRL2,NPC2,CSF2RB,RBM47,CISH,LITAF,B4GALT1,AHR,SYPL1,ITGA6,TG,ADM,SLC7A7,PRR5L,CCR1,RAB31,TWSG1
GSE35685_CD34POS_CD38NEG_VS_CD34POS_CD10NEG_CD62LPOS_BONE_MARROW_DN	GSE35685_CD34POS_CD38NEG_VS_CD34POS_CD10NEG_CD62LPOS_BONE_MARROW_DN	0.0031374513953184	172	52	TGFBI,RNPEP,MUC1,ARNT,ARFIP2,ABCF3,GRINA,NABP1,MRPL49,ELK3,CLCN1,CLPX,MYL11,FBXO6,RABGGTA,IFNAR1,LRP10,PTPRE,LY6E,MOV10,RAB8B,JAK3,AATK,BAK1,TMT1A,DNAJC5,LPP,PACSIN1,MTMR10,IFITM3,RAB11FIP5,C11orf16,F3,ITPKB,VWA7,ENTPD7,ROR1,NTF3,MAP3K2,ALDH1A1,TIMP1,KRT13,PHLDB2,STAT5A,GRAMD2B,EFNA4,NECTIN2,CNN3,SLC25A48,KRT81,PIP5K1B,MPP7
GSE15735_CTRL_VS_HDAC_INHIBITOR_TREATED_CD4_TCELL_2H_UP	GSE15735_CTRL_VS_HDAC_INHIBITOR_TREATED_CD4_TCELL_2H_UP	0.0021832885762729	174	41	FMNL3,TDRD7,MARCKS,GRN,SWAP70,DENND5B,APOBEC3B,TEP1,UNC119,EXOC6,RNF157,PLPP3,SH3BGRL,FAM43A,COPG2,IRGQ,SERINC3,BCAR3,MGST1,FOXRED2,QKI,TSPAN17,TUBB2B,NUAK2,CAMK2D,ARL8A,INPPL1,NMRAL1,SEMA4B,ANXA1,CKAP4,PSAP,PRCP,DENND3,NDST1,APOE,CAPN5,CAPG,ATP2A3,RAB31,RNF141
GSE18804_SPLEEN_MACROPHAGE_VS_BRAIN_TUMORAL_MACROPHAGE_UP	GSE18804_SPLEEN_MACROPHAGE_VS_BRAIN_TUMORAL_MACROPHAGE_UP	0.0013129851516242	162	37	DUSP1,JUN,ID1,RTN1,GRM8,ATF3,DNER,PRKRA,SNAI2,CSRNP1,LIN7A,TOP1,IER3,CHSY3,SAMD9,KIF4A,MRPS31,ZC3H8,PCSK1,BASP1,CCN3,EIF2B2,ZFP62,SAMD5,RHOF,MAPK8IP1,PTGS2,NFKBIA,TNFAIP3,NLRP11,SAAL1,DHRS2,CCDC150,MAP3K8,EIF4G3,TAF5,ZBTB5
GSE14308_TH2_VS_NATURAL_TREG_UP	GSE14308_TH2_VS_NATURAL_TREG_UP	0.0012744212967801	179	49	ALDH1A3,SPRY2,YDJC,SLC7A5,STXBP5L,GTF2F2,WEE1,SNX25,HAGHL,RAB24,MFSD12,MZT2B,ST3GAL4,AHRR,MTX2,GET4,NHP2,SOX9,BAG2,RMC1,THAP1,STK11,FAM216A,WBP4,ERCC6L,HUS1,FOXM1,YBX3,WDR53,PRKCSH,MIS18A,FOXG1,RALA,DPP7,SAXO6,FSTL3,JMJD6,UBE2J2,BPGM,CCDC86,CFAP20,ARFGAP3,RPL14,PLEKHF1,ZBTB7A,WDR74,TIMM9,G6PD,DRG1
GSE3982_BCELL_VS_CENT_MEMORY_CD4_TCELL_UP	GSE3982_BCELL_VS_CENT_MEMORY_CD4_TCELL_UP	0.0016422445197897	167	43	CD14,C5orf22,EIF2AK3,ADO,PSMD10,ZDHHC4,RASGRP3,SIDT2,HPS5,SWAP70,CDKN1A,FBXO41,UROD,SLC15A3,CYBB,LAT2,ISG20,CNP,ALDH2,DGLUCY,TNFSF13,MAP3K9,SCRN1,SEC14L1,NT5E,SNN,RHOQ,ANXA4,SERPINA1,MICALL1,HDDC2,PDLIM1,CKAP4,USP22,PSAP,RASSF2,CSF2RB,ACP5,SYPL1,MTSS1,RAB31,PIP5K1B,KCNN4
GSE11961_FOLLICULAR_BCELL_VS_MARGINAL_ZONE_BCELL_UP	GSE11961_FOLLICULAR_BCELL_VS_MARGINAL_ZONE_BCELL_UP	0.003760777752578	160	45	GMPR,ABCB7,MAP4K3,RNF144A,RASAL2,ATP2B2,MMP9,SLC30A4,C4orf46,TMEM168,PEX19,SESN3,TSPAN13,TMEM179B,SPRTN,SMURF2,ADGRD1,DDR2,ARFGEF2,HECW1,NCF2,CATSPER1,PURB,ADAM10,FOXN1,RAB1A,RSBN1,TRIB2,PAPSS2,BMPR2,CAPZA1,CEMIP2,KRT80,CTSS,TSPAN2,NAPG,RNF11,DAB2,DCP2,ARL15,SPRING1,BOC,MRC2,NCALD,CXCL14
GSE6674_UNSTIM_VS_ANTI_IGM_AND_CPG_STIM_BCELL_DN	GSE6674_UNSTIM_VS_ANTI_IGM_AND_CPG_STIM_BCELL_DN	0.0025184061761999	190	66	IL15RA,IL2RA,GZMB,YDJC,NEDD9,AFG2B,WDR3,NAT10,TUBA4A,MARK3,B3GALT6,CHCHD4,PIM3,GADD45G,SRFBP1,NOC4L,RRS1,PLK3,AFG2A,USO1,ADRM1,SIAH2,BRIX1,ODC1,KANSL2,TARS1,MYC,CEBPZ,MORC2,SELENOS,UTP25,HSPA9,EIF4G3,TWNK,CDK6,ATAD3A,WDR74,POLR3D,HSD17B7,NDUFAF4,TMEM39A,KRI1,AEN,ELMO2,SRM,DUS1L,UTP18,GNL3,RRP9,TASOR2,MRPL17,NMD3,ZZZ3,RRN3,FAM185A,ZCCHC2,XBP1,TSR1,BYSL,URB1,DGKE,SENP3,ZDHHC13,PPAN,MAFK,RIOX1
GSE24671_CTRL_VS_SENDAI_VIRUS_INFECTED_MOUSE_SPLENOCYTES_UP	GSE24671_CTRL_VS_SENDAI_VIRUS_INFECTED_MOUSE_SPLENOCYTES_UP	0.0040060357287209	133	21	RIT1,GCNT2,ITGA5,F2R,KCNK1,DDX6,CTSS,MYO1F,CD4,DENND3,GDPD5,ARHGEF28,SUSD2,PSD2,ZFAND6,EPSTI1,REST,SHISA5,TNS3,NEBL,PDE4B
GSE34205_RSV_VS_FLU_INF_INFANT_PBMC_UP	GSE34205_RSV_VS_FLU_INF_INFANT_PBMC_UP	0.0036354702870419	130	42	RAB2B,NSUN3,PPM1A,SLC6A8,MATN2,ACSS1,PXDN,BCL2L1,SLC25A5,TMEM177,RASL11A,USP12,RPS5,SESN3,RNF182,PSME4,FECH,ST13,UBE2G2,ELFN2,FRZB,MIMS2,TNS1,GUCD1,BNIP3L,SLC16A4,PMEPA1,LAMA3,GPR161,DDX6,MICAL2,GPC3,CYP2W1,PLEKHS1,IL1R2,SELENBP1,NCKAP5,RNF11,RUBCNL,CAMK1D,MRC2,PIP5K1B
GSE34156_NOD2_LIGAND_VS_TLR1_TLR2_LIGAND_24H_TREATED_MONOCYTE_DN	GSE34156_NOD2_LIGAND_VS_TLR1_TLR2_LIGAND_24H_TREATED_MONOCYTE_DN	0.0017654708538087	169	53	HSPH1,NOL7,NGRN,TMEM243,FBH1,NAT10,RPL13,HIRIP3,CEACAM21,HSP90AB1,SRSF10,MED19,PAN2,BCCIP,FHIT,ERCC6L,NSA2,PPWD1,CCNQ,MLLT3,ZRANB3,UBP1,NUP88,YTHDC1,MED30,PNN,PFDN2,LAS1L,NDUFAF4,CFAP44,RPL36A,SLC25A38,PIM2,METTL16,TUBE1,FTSJ3,MPHOSPH10,COIL,UXT,RIOK2,MBD5,MSL3,NOB1,COQ5,EIF2S1,NDUFAF6,JRKL,ZNHIT6,SNRNP40,SETD6,CDIN1,WRNIP1,SAMD12
GSE20715_0H_VS_48H_OZONE_LUNG_UP	GSE20715_0H_VS_48H_OZONE_LUNG_UP	0.003303671617023	172	48	HFE,RPS6KA2,DHX40,MBTD1,MSTO1,IFI27L2,ARHGDIB,FHL1,IFNAR1,GNPDA2,PDLIM2,PTPRE,RPS21,MRPS17,INPP5K,PTPN22,ARHGAP1,TNFSF10,SORT1,SGSH,ARFGAP1,TLCD2,PLEKHA1,SLC6A6,LAMA3,PTPRO,IFITM3,ACTR2,MYO1C,OAZ2,PRDM1,TSPAN17,PBX2,GNG11,TSPAN8,SLCO2A1,LIMCH1,CIRBP,SLC40A1,MMP11,CD81,CYTH3,IRS1,FZD2,EHD2,SERPINB1,RAB31,MYO1G
GSE22886_TCELL_VS_BCELL_NAIVE_DN	GSE22886_TCELL_VS_BCELL_NAIVE_DN	0.0039503677156814	136	38	SNX13,MYEF2,RHOBTB1,BACE2,NIPSNAP3B,STRN3,DLG5,CD72,MTCL2,RAB30,TIAM2,CLCN4,FOXN2,TSPAN13,COLEC10,SERPINB5,LIMK2,CLCN6,MID1,RIPOR1,PLPP3,PHLPP2,MTMR10,CHST4,PIK3C2B,ZNF532,AP1G1,SAMD4A,LAMC1,DNMBP,FZD10,RUBCNL,TREML2,FBLN1,GM2A,TNS3,DTX4,PIP5K1B
GSE42021_TREG_VS_TCONV_PLN_DN	GSE42021_TREG_VS_TCONV_PLN_DN	0.0018983270777922	191	69	HACL2,CERK,KDELR3,AHCYL1,SLC25A11,PERP,IPO9,NIPSNAP1,FAM171A1,STARD7,PPP1R3C,ENTPD4,MYH10,EPB41L1,IGSF3,TRIO,MTMR1,ZNF395,GNG12,MTCH1,PLXNB1,IDI1,LBR,PIMREG,PEX2,TTC3,TYRO3,CTDSPL,PXDN,PDLIM2,HMCES,MARCKS,USP34,FAM114A1,ADAM11,KRT19,AP1M2,EPB41L4B,AHNAK,SLC9D1,PALLD,WSB2,GDE1,IKBKE,RAB40B,NUAK1,MAP3K9,ARB2A,MAN1A2,GREM1,ROR1,AQP3,USP22,MITF,KIAA0232,CAP2,ITGB5,OLFML2A,ACTR1B,SCARA3,DLG1,JUP,GMFB,ZNF185,GM2A,GYG2,VLDLR,UCP2,PRSS23
GSE3720_UNSTIM_VS_LPS_STIM_VD2_GAMMADELTA_TCELL_DN	GSE3720_UNSTIM_VS_LPS_STIM_VD2_GAMMADELTA_TCELL_DN	0.0037341383992402	119	37	BACE2,XDH,HTR1B,MUC4,SLC6A8,MYOM3,MUC6,ERN1,RIMS3,FXYD6,ANK3,NR1D2,OSBPL3,SMOC1,ITGB2,UBASH3B,AHNAK,KLRC2,USP44,DOCK5,PLEKHB2,ADRA2B,KLHDC8B,STARD10,GNG11,ANXA1,LAMC1,TSPAN2,HAVCR2,RORA,CAPG,COL4A1,SYPL1,ST3GAL1,WLS,FRY,GABARAPL1
GSE19941_UNSTIM_VS_LPS_STIM_IL10_KO_MACROPHAGE_UP	GSE19941_UNSTIM_VS_LPS_STIM_IL10_KO_MACROPHAGE_UP	0.0061238373163764	153	51	IGF1,TBCEL,TCTA,LNPEP,ZC3H12A,CCNG1,TAX1BP1,CD14,MFNG,FOSL2,LY6D,RIMS3,LAPTM5,GNPDA2,SMOC2,SWAP70,ETV6,GPR132,SESN3,LRP12,BET1L,SERPINF1,ZNF385A,TBC1D20,FN3K,GRIK4,CD28,ZMAT3,IL12RB2,HOXB7,COX18,WBP2,GIP,GIPR,RIT1,TNFRSF1A,C19orf12,TTC39A,IL1R2,LRP1,ALDH1A1,TIMP1,CDC50A,LAMP2,MDM2,AVL9,MYL9,SMAD3,SERPINB1,CADM4,RRM2B
GSE27859_MACROPHAGE_VS_CD11C_INT_F480_HI_MACROPHAGE_DN	GSE27859_MACROPHAGE_VS_CD11C_INT_F480_HI_MACROPHAGE_DN	0.0024715825828424	178	50	BRK1,CTDSP2,SNAPC5,SFXN3,ELOF1,INTS6L,TMEM65,MFSD11,ATP6V0A1,RASGRP3,TGM1,BLOC1S3,INPP5K,MAPK3,SGSM2,SEC22C,AGFG2,EIF4EBP2,RIPOR1,NLRC3,LAT2,NCF2,WSB2,CAMK2G,SLC6A6,DHRS1,TPM1,SFT2D2,PDP1,UAP1L1,PLIN3,ANGPTL2,NBEAL2,FAM168B,CORO1C,DAP,LFNG,ARL8B,BAG4,FBXO31,GPSM3,NDST1,TSPAN32,MEAK7,NHSL3,AMD1,GSN,PTPN7,RAB31,TSPAN14
GSE14769_UNSTIM_VS_40MIN_LPS_BMDM_DN	GSE14769_UNSTIM_VS_40MIN_LPS_BMDM_DN	0.0030518186745256	177	44	UBC,DUSP1,FOS,PPP1R15A,KLF6,JUN,GDF15,SLC2A6,TIPARP,EGR1,ATF3,CSRNP1,CPAP,PIBF1,NFKBIB,CKS2,IER3,HSPA1A,TAF7,EGR2,CEBPB,SETDB2,ARID5A,RMC1,MEX3C,SGK1,ZFP62,CCNL1,JUNB,SIAH2,PTGS2,ODC1,NFKBIA,MYC,TNFAIP3,HMGB2,CCDC71L,ZFP36,POLB,ARFGAP3,MAP3K8,CDK17,SACK1D,SLC4A1AP
GSE9988_ANTI_TREM1_AND_LPS_VS_VEHICLE_TREATED_MONOCYTES_DN	GSE9988_ANTI_TREM1_AND_LPS_VS_VEHICLE_TREATED_MONOCYTES_DN	0.0025188885266057	183	51	PTP4A2,ENG,CBL,STX6,CD14,PURA,LAPTM5,CSF1R,CASP10,POLR2B,GAL3ST4,MR1,NLRP12,GRN,YWHAG,ARL6IP5,ATXN7L3,KCTD2,RAB11FIP4,KLF13,GNAI2,PIK3R5,IKBKE,WBP1L,CMTM3,TNFRSF1A,BCL3,PLIN3,CORO1A,CAPZA1,MAST3,LFNG,MYO1F,PSAP,TGIF2,NPC2,EMP3,TNRC6A,RASSF2,TNFRSF10D,PLEKHO2,DSTYK,ACP5,ZNF780A,ENC1,PRR13,ARHGAP30,NECTIN2,KLHDC10,PIK3CD,RAB31
GSE12366_NAIVE_VS_MEMORY_BCELL_DN	GSE12366_NAIVE_VS_MEMORY_BCELL_DN	0.0025188885266057	165	45	BMPR1A,CREBL2,PRKCI,STK38L,PRKCH,TMEM14A,PIK3R6,TMEM65,GFPT1,LPCAT4,PHACTR2,UBE2G1,SLC35D1,DENND1B,SLC66A3,PTAFR,LMO4,OSBPL3,CPNE5,CLIP4,CRYBG1,CDC42EP3,CRTAP,AHNAK,ALOX5AP,ITGB1,PAG1,CCDC126,SMIM14,ANXA2,CDC42SE2,CD81,EMP3,C1RL,ATP2B4,FGD6,RORA,CPXM1,CCR1,ZNF185,NOL4L,IL2RB,FOLR1,TWSG1,KCNN4
GSE7852_TREG_VS_TCONV_LN_UP	GSE7852_TREG_VS_TCONV_LN_UP	0.0031263726035871	177	42	SLC35D1,SWAP70,NTN4,SHE,CCRL2,ITM2C,OSBPL3,PHTF2,UBASH3B,CORO2A,MPP1,ACADSB,AHNAK,NCMAP,SH3BGRL,MTMR3,ATXN1L,SERINC3,SNX18,H2AZ1,F2R,C9orf152,EBI3,SEPTIN8,NT5E,PON2,CEMIP2,ANXA4,CCR5,PBXIP1,CD81,LAMC1,ITGAV,FGD6,CISH,RORA,AHR,SOCS2,AXL,WLS,FRMD6,TWSG1
GSE24142_EARLY_THYMIC_PROGENITOR_VS_DN3_THYMOCYTE_ADULT_UP	GSE24142_EARLY_THYMIC_PROGENITOR_VS_DN3_THYMOCYTE_ADULT_UP	0.0035114470477548	172	58	RPGRIP1,CA9,ZNF821,BMP1,ABCA1,TRIO,DENND5A,ZFHX3,S100A6,MAN2B1,EEIG1,DIP2B,CABLES1,MMP2,SASH1,CSF1R,CTDSPL,PTPRE,HAAO,GRN,ACVR1B,CDH17,CRYZL1,FAM114A1,HLA-E,RAMP2,FES,TCEAL1,ALDH6A1,ST3GAL5,FBLIM1,DDHD2,ARL5A,TSPAN1,DGLUCY,NIBAN2,GLIS2,EBI3,RAB14,PLAUR,MAST3,GGT5,ANXA4,CTSS,AFF4,ICAM1,IL1R2,THEMIS2,SELENBP1,CD81,BNIP2,ITGAV,GDPD5,NHSL3,DSTYK,PDGFRB,TMPRSS3,CAMK1D
GSE5099_MONOCYTE_VS_CLASSICAL_M1_MACROPHAGE_UP	GSE5099_MONOCYTE_VS_CLASSICAL_M1_MACROPHAGE_UP	0.0050519164540331	154	66	KCTD7,ATP5ME,GFRA3,EZR,ALPK3,HNRNPK,NDFIP1,GRAP2,FNDC8,CPLANE1,ZSWIM8,WDR59,CYP2S1,NHLRC3,TGM2,KIF12,FAM163A,KLHDC3,WIPF2,SLCO5A1,BMAL2,DLST,LAMTOR1,DUSP4,RPS6KA2,HOGA1,MTF1,PXDN,GAL3ST4,ANAPC5,NINJ1,A4GALT,FBXO41,PHEX,AZIN2,RAMP2,TAMALIN,LYPLA2,TAGLN2,DOCK5,PCSK6,ADGRL2,SERINC3,ARPIN,EFHD1,OLFML3,IFFO2,NT5E,RAPGEF3,PADI3,PDP2,RPS29,GBA1,RAB5C,RAB12,NPC2,LDHB,ITCH,CISH,CX3CL1,ARHGAP31,MDM2,CXADR,STING1,VLDLR,HNF4A
GSE6092_CTRL_VS_BORRELIA_BIRGDOFERI_INF_ENDOTHELIAL_CELL_DN	GSE6092_CTRL_VS_BORRELIA_BIRGDOFERI_INF_ENDOTHELIAL_CELL_DN	0.0051219810658112	131	42	UBC,IER5L,HSP90AA1,SLC3A2,NPNT,ATF3,NR4A2,CLDN3,DDX50,ARID5A,CCDC9,PWWP2B,IRS2,DMTF1,GPR183,RPS19BP1,PSD,CCNL1,ADRM1,EGR4,APLN,NFKBIA,PRKCSH,CABP1,TNFAIP3,KLHL2,CTLA4,CFAP20,SLC2A5,FAHD1,IER5,PVR,NLE1,CYP27B1,PPP1R11,PER1,ISG15,TRA2B,LONRF3,NKX2-5,SQSTM1,DTNBP1
GSE27786_LIN_NEG_VS_MONO_MAC_DN	GSE27786_LIN_NEG_VS_MONO_MAC_DN	0.0021199126151688	171	52	SNX13,GK5,BMPR1A,SEMA4D,STMP1,TMEM86A,ARID3B,MYO7A,WDR26,GJA5,FOXK1,SLC6A12,CLIC6,GNPDA1,BABAM1,USP12,FAM222B,SERPINA5,CORO7,SLC8B1,FBXO10,MYL2,SPOCK2,GPR35,COX8A,SLC9D1,HAS2,GAS7,ATXN1L,PAFAH1B1,RIT1,RAB1A,ACAP1,SLC38A3,TNKS1BP1,FHIP2A,CEMIP2,CTSS,ATP6V0D1,LDAF1,RARG,YWHAZ,LAMC2,DAZAP2,SLC25A24,DSTYK,MDM2,CXADR,ARHGEF10L,OGFRL1,AXL,PGGHG
GSE11057_NAIVE_VS_EFF_MEMORY_CD4_TCELL_DN	GSE11057_NAIVE_VS_EFF_MEMORY_CD4_TCELL_DN	0.0021199126151688	171	38	OSBPL3,TMX4,PHTF2,EIF4EBP2,CDC42EP3,PREX1,CD28,ALOX5AP,GBP3,ITGB1,IQGAP2,TTC39C,USP46,CD63,MIB1,SH3BGRL3,SPOPL,ANXA2,ANXA4,ZNF532,MICAL2,MYL6,NINJ2,MYO1F,AQP3,TP53INP1,ANXA1,ATP2B4,BTG3,GDPD5,RORA,AHR,RFTN1,CAPG,MTSS1,OGFRL1,PRR5L,REEP3
GSE9988_ANTI_TREM1_AND_LPS_VS_CTRL_TREATED_MONOCYTES_UP	GSE9988_ANTI_TREM1_AND_LPS_VS_CTRL_TREATED_MONOCYTES_UP	0.002434838045206	165	37	SRXN1,HES4,DUSP1,TLNRD1,SPRY2,KLF6,JUN,SLC3A2,EGR1,BANP,SLCO4A1,PHLDA2,NR4A2,CSRNP1,CKS2,IER3,PIM3,C11orf96,SGK1,NSMAF,PLK3,KLF10,FOSL1,TSC22D2,BHLHE40,RBBP8,E2F7,SIAH2,CCDC59,PTGS2,OGT,GLA,SNX9,GADD45A,NOCT,DTL,MAP3K8
GSE3982_EOSINOPHIL_VS_MAST_CELL_UP	GSE3982_EOSINOPHIL_VS_MAST_CELL_UP	0.0044832249657115	158	60	ITGAX,NUP50,RIN3,CYTH1,NLRX1,NADK,HLA-F,USP15,MMP25,IL10RA,UBE2B,PITPNM3,PELI1,CASP8,MTMR1,APOBR,TM2D3,CTDSP2,EPN2,TAX1BP1,FICD,ATP2B2,MTF1,FBXO42,TAOK1,APLP1,GAL3ST4,MTHFR,CKB,CHRD,ELF4,SMPD3,ETV6,CBX2,KLF5,LIMK2,NOTCH2,ZNF281,TCF25,UBL5,MX2,GNAZ,RTF1,CSPG4,TNFRSF1A,DDX6,MTM1,SCD5,TTC9,IQSEC2,TSPAN9,DOK4,CSF2RB,MSLN,SCUBE3,LSP1,GSN,MUC5AC,CAMK1D,ZNF217
GSE41087_WT_VS_FOXP3_MUT_ANTI_CD3_CD28_STIM_CD4_TCELL_UP	GSE41087_WT_VS_FOXP3_MUT_ANTI_CD3_CD28_STIM_CD4_TCELL_UP	0.0031076454915428	159	39	ETV6,BID,HLA-E,S100P,ORAI2,DNAJB5,ISG20,FHL3,PLD2,JADE2,NCF2,DUSP2,PHLPP2,VWF,LCP1,BCL3,BACH1,SRC,CD9,PIGL,LGALSL,GNG11,UTRN,CCR5,CCL22,DGKA,FLVCR2,MOB1A,CSF2RB,AHR,RFTN1,TG,NPLOC4,CRIM1,ANPEP,SMAD3,PLAT,OLR1,PDE4B
GSE20727_ROS_INH_VS_ROS_INH_AND_DNFB_ALLERGEN_TREATED_DC_UP	GSE20727_ROS_INH_VS_ROS_INH_AND_DNFB_ALLERGEN_TREATED_DC_UP	0.0037475595567263	170	51	STOM,CREM,MYO7A,PIM1,RHOC,ARHGAP12,TUBA1C,SH3PXD2B,VPS26A,SLC8A1,COQ10B,SUSD1,NIPA1,DDAH2,TRPV2,FAM114A1,STK35,SLCO2B1,TUBB2A,JAK3,C2CD3,ECT2,SNX24,HIPK3,GNA13,DSE,LILRA6,IL12RB2,CNEP1R1,LRCH1,RRAGC,AGFG1,CDK9,CC2D1B,CPEB4,SERPINB9,SYNGR2,CD36,FLVCR2,RBM47,ITGB5,LAMB3,PLTP,IRS1,KCTD10,NECTIN2,ADM,PRR5L,HPGD,HEG1,MYO1G
GSE32423_MEMORY_VS_NAIVE_CD8_TCELL_DN	GSE32423_MEMORY_VS_NAIVE_CD8_TCELL_DN	0.0031375983579985	186	61	NUP153,MEGF9,ARHGEF11,CCPG1,ZBTB41,TNRC6B,PPP1R12A,ARMCX4,MYO18A,TSPYL1,MAP4K4,SEPHS2,HCFC2,FAR1,NAA40,PTPRF,MGAT5,KPNA3,PCMTD2,EIF2AK3,BAZ2B,XKRX,ANKRD50,ZHX3,SRRM1,FAM199X,SSBP3,RAB11FIP4,MTURN,ZNF451,SECISBP2L,ADAR,ALDH2,PFN2,SELENOP,BRI3,SSR1,ABHD13,PRICKLE1,TCF7L2,BACH1,CCDC126,KPNA6,RAB14,TMEM248,DDX6,PLAUR,TUBB2B,SNN,TP53INP1,LDHB,ZYG11B,TGFBR2,MTSS1,SOX4,GSN,FNIP1,MOB1B,CNN3,TWSG1,MPP7
GSE33513_TCF7_KO_VS_HET_EARLY_THYMIC_PROGENITOR_UP	GSE33513_TCF7_KO_VS_HET_EARLY_THYMIC_PROGENITOR_UP	0.0052784156322841	149	44	MMP9,SASH1,FOSL2,EGFLAM,FURIN,TDRD7,AAK1,TNFRSF21,NAA25,MOSMO,UNC119,OSBPL3,TOX2,SLC6A18,DKK3,TOMM40L,JADE2,ADAR,VCPIP1,CXCR6,IFITM3,RBPMS2,EPS8L3,TMC4,B3GNT7,F2R,CEBPZOS,TNKS1BP1,KCNK1,UCK2,ID2,CTSS,FBXO31,BPNT2,JAG1,CISH,SUSD2,PSD2,IFI35,RFTN1,PRR13,SCARA3,DLG1,TGFBR1
GSE29618_PRE_VS_DAY7_POST_TIV_FLU_VACCINE_BCELL_UP	GSE29618_PRE_VS_DAY7_POST_TIV_FLU_VACCINE_BCELL_UP	0.0071674443409853	131	29	PHEX,FZD4,GPR35,RAB11FIP4,NDRG4,RPS6KB1,AP1M2,NDRG2,KRT6B,NPY4R,ZMAT3,PGPEP1,SFT2D2,CSPG4,GIPR,PTPN14,AKR1C3,TTC39A,KRT3,TEAD3,OLFML2A,CTTN,KRT17,SOCS2,BGN,TBL1XR1,NRG1,CCR3,MUC13
GSE11924_TH1_VS_TH17_CD4_TCELL_DN	GSE11924_TH1_VS_TH17_CD4_TCELL_DN	0.0032050224624536	177	54	LY96,PIP4P2,MAP4K4,REV1,ZNF362,PAXBP1,UBXN4,GNAS,RSPRY1,PATL2,CDS2,EXT1,SLC27A1,ATP6V0E1,RNMT,RTL8B,PHKG2,TBC1D23,TFDP2,ADGRE1,FECH,FAM91A1,TAF5L,SPX,FAM199X,RHOBTB2,AEBP2,SH3PXD2A,SEC24A,FGFR1OP2,DDX19B,PPP3R1,TMEM219,KRTAP3-3,LEPROT,AKR1C3,GPNMB,SIT1,AP1G1,PTPN1,NTF3,CHP1,SELENBP1,PSAP,MITF,ARID5B,WDR6,LAMC2,SUSD2,BAMBI,SYPL1,RAPGEFL1,BCL2L15,CCR3
GSE1925_CTRL_VS_3H_IFNG_STIM_IFNG_PRIMED_MACROPHAGE_DN	GSE1925_CTRL_VS_3H_IFNG_STIM_IFNG_PRIMED_MACROPHAGE_DN	0.0039569183054743	170	45	CACHD1,OGDH,TYRO3,MCAM,HTR2C,BCL2L1,VCP,GNPDA1,INPP5K,CHIC1,RAB3D,USP12,CDKN1A,ADGRE1,SLC66A3,SLC26A2,CDX2,TRPV2,SMOC1,NIT1,LAPTM4B,CRTAP,DAB2IP,IGF2BP1,LTK,MAGED2,TNFRSF9,S100A13,C19orf12,MTM1,TPMT,INPPL1,LDHB,PHAF1,DNASE1L1,BEX4,CAPN5,CXADR,MMP14,ITGA6,CTTN,SLC7A7,WLS,PTGR1,SEMA5A
GSE7768_OVA_ALONE_VS_OVA_WITH_LPS_IMMUNIZED_MOUSE_WHOLE_SPLEEN_6H_DN	GSE7768_OVA_ALONE_VS_OVA_WITH_LPS_IMMUNIZED_MOUSE_WHOLE_SPLEEN_6H_DN	0.0045626481018926	148	41	RBM7,CD14,PIK3R6,PSMD10,PTPRE,CD44,TMEM168,MAPK6,NINJ1,ALPI,PTAFR,CCRL2,LMO4,SDE2,BTBD7,NOTCH2,SKIL,CYBB,MX2,GNA13,DSE,PIK3R5,GBP3,EEIG2,PPFIBP1,PLAUR,ICAM1,RC3H1,MAPKAPK2,NCKAP5,MITF,MVP,AHR,TRPS1,MALT1,PALS1,ST3GAL1,TNFAIP2,FRMD6,OLR1,PDE4B
GSE32034_UNTREATED_VS_ROSIGLIZATONE_TREATED_LY6C_LOW_MONOCYTE_UP	GSE32034_UNTREATED_VS_ROSIGLIZATONE_TREATED_LY6C_LOW_MONOCYTE_UP	0.011235190134022	109	39	F8,WRAP53,SLC12A4,CDYL,DUSP16,CD2BP2,WDR88,EFHB,FZD3,HACL2,ANOS1,CFAP300,NCOA3,NR1H3,PARD6G,OR2T8,HIPK1,AMBRA1,DIP2B,GP1BA,ARID3A,ZNF114,CKB,SWAP70,SKIL,ARFGEF2,TULP4,PAGE4,SH3D19,MFSD2B,TNRC6A,ITGAV,PLEKHG2,CACUL1,FOXJ2,RNF217,SLC6A20,ARF3,GLCE
GSE2770_UNTREATED_VS_IL4_TREATED_ACT_CD4_TCELL_48H_DN	GSE2770_UNTREATED_VS_IL4_TREATED_ACT_CD4_TCELL_48H_DN	0.0018165792959645	191	67	H2AX,SAPCD2,ANP32B,MEMO1,CCDC124,CDKN2A,CKS2,PRDX4,THOC7,HES6,BAG2,GINS2,SUDS3,DHFR,CHTF18,TEDC1,ZC3H14,MCUB,CIP2A,FOXM1,TSTD2,PINX1,MIS18A,NSDHL,TOPBP1,RAD51B,XRCC3,ACYP2,LRWD1,TERF2IP,GMDS,CDC25B,CFAP36,CKAP2,PLPP5,NME7,APOO,MTHFD1L,RCC1,CFAP298,DMWD,UBE2M,DSN1,HMGN5,TICRR,TXNL1,RBKS,DERL3,SCCPDH,CCDC34,PA2G4,RECQL4,MED8,PARP8,NOA1,MSRA,TIPIN,TBC1D31,IQGAP3,IDH3A,CNOT9,CENPF,SPEF1,PPIL1,NSMCE4A,VPS35,TRAIP
GSE3982_EOSINOPHIL_VS_TH2_DN	GSE3982_EOSINOPHIL_VS_TH2_DN	0.003036195526562	190	83	DPP4,AHSA1,IL15RA,MANF,DDRGK1,POU2AF1,SQLE,RXYLT1,HSPA8,EGR1,LSM7,PIBF1,RIBC2,MTX2,RPIA,RUVBL1,BAD,CCT4,CUL4A,NEK4,MCUR1,CETN3,ZFTA,TERF1,MPHOSPH9,HTATSF1,RPS6KA4,HADH,TSR3,EXOSC8,ACTL6A,TXNDC15,CCT6A,MFHAS1,XPO1,DNMT1,VGLL4,UBXN8,NFU1,FDX1,COIL,CCNA2,SETMAR,PA2G4,GOT1,GPSM2,UTP11,CMAS,NGDN,SMC3,PFAS,SLC68A1,DNPH1,CTPS1,TTC27,HGH1,SMARCC1,POLR2D,FANCG,MAPKAP1,ZW10,PRMT5,PWP1,FERRY3,PHB1,PDLIM5,LSM6,MINPP1,LDHA,RNF123,RANGAP1,XPO7,DPH2,PCBP3,NCAPG,DNAJC10,ATP6V0E2,LAMA5,ACOT7,CCT2,CDC45,RAN,NUP37
GSE360_T_GONDII_VS_M_TUBERCULOSIS_MAC_DN	GSE360_T_GONDII_VS_M_TUBERCULOSIS_MAC_DN	0.0045543068804998	157	49	IL1RAP,PPP1R3D,CA5B,NDP,CTDSP2,H2BC11,STOM,TXNIP,PPM1H,MUC6,MTF1,HMBS,BST1,BCL2L1,CDKN1A,ETV6,CCSER2,LIMK2,UBE2L6,ACOX1,ETHE1,PSMB2,IREB2,GIP,ACVR1,FABP3,ACP2,VAMP5,ZNF629,PSG9,PBX2,FSTL1,INPP4B,H1-2,PTPN1,IQSEC2,SLC25A44,TSNAX,CREB3L1,LAMB3,PADI2,IFITM1,CDH11,ARF3,PLAU,SCN1B,TNFAIP2,ZNF185,UCP2
GSE17721_PAM3CSK4_VS_GADIQUIMOD_2H_BMDC_DN	GSE17721_PAM3CSK4_VS_GADIQUIMOD_2H_BMDC_DN	0.002011958662625	183	37	TRIM7,RAB43,MGAT2,LRRK1,ABHD17A,SERP1,CDC25A,MSH3,IGFBP4,EPN1,AKIRIN2,RHBDD1,PIBF1,ST3GAL4,AHRR,BRCC3,TUBGCP3,TRIM25,CEACAM21,PIGH,ANKRD28,CNOT3,SOS1,DHRS7B,TOR3A,CUL4A,NT5C,FNTB,TMEM51,KCNK13,NFIL3,MRPL3,PHKA1,SLC71A1,DNAJC21,IRF2,FOXO3
GSE45365_CD8A_DC_VS_CD11B_DC_IFNAR_KO_MCMV_INFECTION_DN	GSE45365_CD8A_DC_VS_CD11B_DC_IFNAR_KO_MCMV_INFECTION_DN	0.0067104362749879	103	36	BIK,DUSP1,ZFPM1,JUN,MANF,SLC25A43,EGR1,ATF3,CSRNP1,IER3,RGS6,APLF,SLC16A9,UFSP1,C2orf72,PTGS2,WDR27,NFKBIA,TNFAIP3,ARAP3,POU2AF2,MAP3K8,NFKB2,RIN1,CHRNA1,BICC1,AHI1,ADAM21,AK9,PPP1R15B,CCL2,CHRNB2,ZDHHC1,PIP5KL1,TSSK6,DRC9
GSE9316_CD4_TCELL_BALBC_VS_TH17_ENRI_CD4_TCELL_SKG_PMA_IONO_STIM_FR4NEG_DN	GSE9316_CD4_TCELL_BALBC_VS_TH17_ENRI_CD4_TCELL_SKG_PMA_IONO_STIM_FR4NEG_DN	0.0030397651797132	173	70	DDX5,TMEM123,ALDH4A1,ZFP14,GLI3,NDFIP1,PLXNC1,CRK,KIF1B,ESM1,RNF145,IARS2,CYRIB,SRSF1,ARHGEF16,ETNK1,IGF2R,SERAC1,TRIM17,OAT,KIAA1191,CCPG1,GNB1,ADCY7,TSPYL1,CTNNB1,LCOR,BAIAP3,NDFIP2,ZNF286A,CD72,ERN1,SASH1,UBE2G1,ACSS1,RPS21,MARCKS,MAPK6,SMOC2,USP12,ITGB2,YWHAQ,ALDH6A1,ALS2,PALLD,WWTR1,PTBP2,IL12RB2,COX18,DDX19B,SCNN1A,CD164,WSB1,EPS8L3,CORO6,FHIP2A,PAPSS2,DDX6,PLCG1,ID2,RHOQ,HYCC2,MTPN,SLC46A3,ZYG11B,NAA30,SHISA5,C1S,TOMM20,PRSS23
GSE14699_NAIVE_VS_DELETIONAL_TOLERANCE_CD8_TCELL_DN	GSE14699_NAIVE_VS_DELETIONAL_TOLERANCE_CD8_TCELL_DN	0.0044404389213861	166	35	AGO2,LMO4,AGFG2,ARL4C,SLFN5,KLF13,MX2,GUCD1,SLC16A5,DUSP6,SFT2D2,PPIC,TRIB2,ANGPTL2,IL10,FHIP2A,SV2C,ID2,RASGRP2,DGKA,AQP3,PLEKHA6,NRP2,RASSF2,FCGRT,TGFBR2,GRAMD2B,ENC1,MMP14,SOX4,TGFBR3,TIMP2,PRR5L,CNN3,PDE4B
GSE39110_UNTREATED_VS_IL2_TREATED_CD8_TCELL_DAY6_POST_IMMUNIZATION_DN	GSE39110_UNTREATED_VS_IL2_TREATED_CD8_TCELL_DAY6_POST_IMMUNIZATION_DN	0.0039986754127592	182	52	EID2,SALL2,MAP4K4,IL6ST,CYLD,HMGN3,AKAP12,TTC3,RASGRP1,PHACTR2,EXT1,PPTC7,SP6,TSPAN13,IGF1R,PEAR1,TOX2,FAM8A1,SSBP3,SPOCK2,ZNF281,SLC16A5,FAM43A,PFN2,PACSIN1,PPM1B,PPIC,PRICKLE1,TNFRSF9,HIF1A,AGFG1,TRIB2,OAZ2,SYNPO,CCDC126,SNN,CEMIP2,F2RL1,CTSS,TPD52,CD81,SEMA7A,LDHB,TSPAN32,CYTH3,CHD3,ARHGAP31,MTSS1,TGFBR3,TIMP2,ZNF217,TWSG1
GSE4748_CTRL_VS_LPS_STIM_DC_3H_UP	GSE4748_CTRL_VS_LPS_STIM_DC_3H_UP	0.0025639464525535	174	32	AHNAK,HAS2,CACNA1H,WNT5A,KLHL22,CCN1,FZD7,NAB2,TRIB2,ANGPTL2,SYNPO,HMGA2,ZNF532,FSTL1,EDEM1,CAV1,CCNC,SERPING1,TEAD3,CREB3L1,ITGAV,SNX4,IFI35,ENC1,UNC5B,CDH11,MX1,MOB1B,FRMD6,TIMP3,ACKR3,PRSS23
GSE7348_UNSTIM_VS_TOLERIZED_AND_LPS_STIM_MACROPHAGE_UP	GSE7348_UNSTIM_VS_TOLERIZED_AND_LPS_STIM_MACROPHAGE_UP	0.0069986712187159	157	58	PPID,RBM10,SLCO4A1,KLF16,PABPN1,MTIF2,DDX50,B3GALT6,ACYP1,NAP1L4,CNNM3,ACAP3,REPIN1,TANGO6,KLF10,PGP,DEAF1,NARF,ATP10D,ZNF638,METTL21A,FAHD1,R3HDM1,TWNK,RRP8,TCF12,C2CD2,NSD2,INTS10,NCOR2,METTL16,PDCD7,DUS1L,UQCC3,FTSJ3,RABGGTB,PHF2,SIPA1,RBM15,HIRA,GPS2,HNRNPF,URB1,TBXAS1,EHMT1,AKAP10,THUMPD2,SNAPC4,CRAMP1,TRIM47,MTRR,POLG,SESN1,ABCD4,TNRC6C,RIC8B,SCAF8,NCKIPSD
GSE40068_CXCR5POS_BCL6POS_TFH_VS_CXCR5NEG_BCL6NEG_CD4_TCELL_UP	GSE40068_CXCR5POS_BCL6POS_TFH_VS_CXCR5NEG_BCL6NEG_CD4_TCELL_UP	0.0014756715207009	185	77	RNF220,ZDHHC17,KIAA0930,DIPK1A,EPM2AIP1,RPS19,IBTK,PATJ,FNDC10,ATP1B1,DDX3X,BRWD1,LYNX1,NFRKB,FILIP1L,GATAD2B,SERAC1,HSDL1,SAMD8,TNRC6B,LRRC39,TCP11L2,SMAD4,TRIO,INSR,DCUN1D3,DENND11,LARP1,RCAN3,LCOR,CREBL2,TXNIP,TTC3,ACSS1,USP32,AAK1,PLCB2,RTCB,PIK3IP1,WDR37,NEXN,PJA2,NR1D2,CCNT1,USP12,SUCO,VPS37B,PEX19,SHE,NRIP3,MOSMO,ARL4C,SKIL,ZBTB4,ZNF281,CLCN6,PPP1R3B,IGIP,ATXN1L,PCIF1,PPM1B,PAG1,IQGAP2,PPARGC1B,TRIB2,ENPP4,LFNG,MICALL1,RC3H1,LDHB,NFE2L3,PADI2,RFTN1,CNN3,ZNF652,GM2A,PDE4B
GSE5589_IL6_KO_VS_IL10_KO_LPS_AND_IL10_STIM_MACROPHAGE_180MIN_DN	GSE5589_IL6_KO_VS_IL10_KO_LPS_AND_IL10_STIM_MACROPHAGE_180MIN_DN	0.0021511295189395	176	55	CDK8,FOS,COMTD1,SLC3A2,CDK2AP2,RXYLT1,EGR1,SLC1A5,MCF2L,TMEM198,AMZ1,MAP6D1,EIF2B2,ZNF598,ZNF341,KLF10,TRMT61A,DMTF1,SEL1L3,ZPR1,CCL24,ALK,MCRIP2,TOM1L1,UTP25,HSPA1L,WWC1,TMEM11,TDRD3,EXO5,MTERF1,FAHD1,RPL14,ZBTB5,PLEKHF1,WDR74,PDGFA,MFHAS1,AUH,USP4,METRNL,UTP18,ATP13A1,USPL1,HK2,TRIB3,RABGGTB,TMEM181,ITFG2,RIPK2,SPIRE1,SH3KBP1,APTX,ACTN1,MRI1
GSE14415_INDUCED_VS_NATURAL_TREG_DN	GSE14415_INDUCED_VS_NATURAL_TREG_DN	0.0035074383236865	168	55	RBM17,PCBP1,KIF15,HSPD1,RPN1,COX5B,POLA1,ITGA1,BRCA1,PLK4,EZH2,MRPL18,KIF4A,ISOC1,NUF2,MKI67,EXO1,TPX2,E2F8,PALS2,RAD51,WDHD1,SMC2,CKAP2L,CDCA7,LMNB1,NOL12,PDIA3,CLSPN,RAD54L,HADH,PSMC3IP,NEIL3,SGO1,UBR7,MCM3,CKAP5,ADAP1,ALDOA,TRIP13,HASPIN,HMGN2,ACAA2,WARS1,HK2,GPR55,KIF14,ERAP1,CCNA2,CANX,TOP2A,TIPIN,TPM4,CDCA3,HMMR
GSE21670_UNTREATED_VS_TGFB_TREATED_CD4_TCELL_DN	GSE21670_UNTREATED_VS_TGFB_TREATED_CD4_TCELL_DN	0.0036570798366062	181	33	UBASH3B,MTURN,CCDC120,CDC42EP3,JADE2,BCORL1,PALLD,TLE6,ACOX1,TMT1A,WBP1L,RND2,BACH1,FSTL1,PRRC1,RBMS2,SLCO2A1,ZNFX1,AGO1,GPRIN2,PROCR,NHSL3,TGFBR2,NYNRIN,MAMDC2,PRR13,COL4A1,AXL,ST3GAL1,TREML2,FRY,VLDLR,MUC13
GSE17721_LPS_VS_CPG_8H_BMDC_UP	GSE17721_LPS_VS_CPG_8H_BMDC_UP	0.0034802971484868	177	43	IGF2,MAPK6,BABAM1,SP6,GJC2,CCNE1,DDAH2,VPS37B,TSPAN13,PI4K2A,APLP2,KAT2B,RAB8B,STX1B,SKIL,NDRG2,SLC9D1,NCMAP,GAS7,TMT1A,WBP1L,PPM1B,CUEDC1,MYBPH,PRDM1,YTHDF1,GNG11,UTRN,C5orf15,PIP5K1A,PI4K2B,LBH,PCP4,CISH,SLC1A2,ARPP19,IFI35,CAPN5,NYNRIN,CRIM1,PDGFRB,BOC,REEP3
GSE9601_NFKB_INHIBITOR_VS_PI3K_INHIBITOR_TREATED_HCMV_INF_MONOCYTE_DN	GSE9601_NFKB_INHIBITOR_VS_PI3K_INHIBITOR_TREATED_HCMV_INF_MONOCYTE_DN	0.0032781567377396	161	47	CD14,ZBP1,PHYHIPL,EXT1,FURIN,TDRD7,CD44,SOCS1,MAPK6,SMIM3,LIPG,SPRED1,CDKN1A,CDH17,TNFSF10,PRMT6,SLC15A3,PIAS2,CYBB,MX2,ADAR,SPSB1,CCN1,CD164,PRICKLE1,TNFRSF9,HIF1A,IL10,GLIPR2,ASB4,ID2,ARSI,ZNFX1,CIRBP,TPST1,TIMP1,FGD6,CISH,LAMC2,LITAF,STAT5A,IFI35,SAA1,TXNRD3,ADM,ALPL,PLAT
GSE39556_CD8A_DC_VS_NK_CELL_MOUSE_3H_POST_POLYIC_INJ_DN	GSE39556_CD8A_DC_VS_NK_CELL_MOUSE_3H_POST_POLYIC_INJ_DN	0.0019497733879933	176	60	BAZ2A,BLCAP,ABCG1,MORC3,EFCAB14,C6orf62,STX12,ATG14,AKAP11,IMPA1,RHOBTB1,CYLD,AREL1,FCMR,RPS6KA2,DOCK9,HEXIM1,PCMTD2,GCA,LRP10,BAZ2B,SERINC1,YTHDF3,KLHL18,RNASE6,KRT35,CLCN4,TRAF6,FBXL5,GALC,HLA-E,SLC7A6,SERPINF1,ARL6IP5,FAM8A1,MGLL,TOR1AIP1,CLCN6,EVI5,MX2,JADE2,GAS7,MTMR3,TMT1A,MYO1C,TRIB2,VAMP3,KPNA6,MOB4,PBXIP1,F13A1,RAG1,SBSPON,RNF11,FEZ2,FCGRT,MTSS1,CRIM1,STAT6,TLE1
GSE17721_CTRL_VS_LPS_0.5H_BMDC_UP	GSE17721_CTRL_VS_LPS_0.5H_BMDC_UP	0.0042500207244184	170	54	CH25H,CEP85,LY6G6C,TMEM242,SLC61A1,GHITM,HAT1,EEIG1,ABCB7,ILRUN,DIP2B,IPP,LBR,MTF1,CENPH,ETV3,ARHGAP12,EPHA1,MCAM,MFN2,ATP11B,C21orf91,MR1,CKMT2,SMIM3,FLOT2,KDELR1,MGLL,LIMK2,MPP1,ALS2,MTF2,CYSTM1,IL12RB2,CAMK2G,CABP5,ACVR1,RETREG3,KPNA6,MOB4,ARF4,COX7A2L,EMP3,BNIP2,COX6B2,MRPL42,CSF2RB,LAMC2,KRT13,DSTYK,B4GALT1,GRAMD2B,NSG1,ATL2
GSE4590_SMALL_VS_LARGE_PRE_BCELL_DN	GSE4590_SMALL_VS_LARGE_PRE_BCELL_DN	0.0048450621576094	140	42	AQP1,S100A6,ITGB7,TRDMT1,RNF144A,EIF4E3,SEPTIN10,ANXA7,NFATC2,CTDSPL2,TDRD7,PIK3IP1,BTN2A2,MAT2B,FAM114A1,FNDC11,RBPMS,FHL3,CRTAP,AHNAK,CD99L2,KLF12,HEXB,DOCK5,PACSIN1,SPN,PLIN3,EBI3,GLIPR2,SIT1,ANXA2,RCAN2,PDLIM1,CDC42SE2,CKAP4,CACNB1,FCGRT,SLC25A24,CAPN5,SLC29A4,CNN3,PDE4B
GSE27241_WT_VS_RORGT_KO_TH17_POLARIZED_CD4_TCELL_TREATED_WITH_DIGOXIN_DN	GSE27241_WT_VS_RORGT_KO_TH17_POLARIZED_CD4_TCELL_TREATED_WITH_DIGOXIN_DN	0.0023129642189855	162	53	NFKBID,CDKL1,CAMKK1,DUSP4,P2RX1,PRKCH,EIF4E3,AKAP12,SLC30A4,SLC25A30,SOCS1,XKRX,NR1D2,UROD,SMOC1,AGFG2,ARL4C,SLC6A19,LONRF1,FN3K,PPP1R3B,TASP1,SLC16A5,DUSP6,PMEPA1,RBM24,MYOF,TNFRSF1A,NAB2,TRIB2,PAPSS2,GPC3,ARSI,SELPLG,INPP4B,CD4,SEMA7A,TSPAN2,NTN1,LDHB,GRAMD2B,AHR,RFTN1,EPSTI1,MTSS1,CACNB3,LSP1,TIMP2,JUP,SHISA5,S100A3,STAT6,TCN2
GSE2935_UV_INACTIVATED_VS_LIVE_SENDAI_VIRUS_INF_MACROPHAGE_UP	GSE2935_UV_INACTIVATED_VS_LIVE_SENDAI_VIRUS_INF_MACROPHAGE_UP	0.0057851331970851	149	50	PRPS2,MAP4K4,RGS10,GTF2IRD1,ENG,GNAS,ETV3,RASGRP1,EXT1,ADCY6,NAALADL1,XKRX,SPRED1,STT3B,TSPAN13,N4BP2,ADAM11,SLC6A19,TUBB2A,ACSF2,DNAJB5,KLF13,PIK3C2A,SH3PXD2A,USP44,SLC16A5,PMEPA1,SNX30,SELENOP,IKBKE,PACSIN1,PPIC,HIF1A,PTPN14,NAB2,TRIB2,SYNPO,PADI3,DGKA,RAPGEF6,NPC2,LBH,PLEKHG2,CYTH3,MAP4K2,MTSS1,TGFBR3,TIMP2,ST3GAL1,TREML2
GSE15930_NAIVE_VS_48H_IN_VITRO_STIM_IL12_CD8_TCELL_DN	GSE15930_NAIVE_VS_48H_IN_VITRO_STIM_IL12_CD8_TCELL_DN	0.0019170973856573	196	66	UBE2S,RBM10,SQLE,GTF2E2,CDC6,PLPBP,POLA1,MZT2B,THOP1,PRDX4,MTX2,NHP2,EXO1,XPOT,SMC2,MRPL11,RPF2,LMNB1,TMEM223,IFRD2,APBA3,PDIA6,AGPAT3,TARS1,AIMP2,PRELID1,BNIP1,CFAP20,DTL,MESD,PDAP1,BSG,HTATIP2,SSBP1,NASP,ALDOA,DRG1,SEC23B,CCT6A,PLRG1,UBE2M,SIVA1,HMGCS1,DNMT1,PGRMC1,CDCA4,HPF1,NELFE,PPP1R7,ECPAS,CINP,POLD2,MRPL15,SSNA1,GNPAT,TIPIN,SNRNP40,LSM1,ERG28,CTPS1,DDX1,MRE11,DESI1,RER1,ALCAM,PLSCR1
GSE24634_TREG_VS_TCONV_POST_DAY10_IL4_CONVERSION_UP	GSE24634_TREG_VS_TCONV_POST_DAY10_IL4_CONVERSION_UP	0.0034826938514833	186	57	PCBP1,KLF2,IL2RA,POGLUT2,RFC4,SMC4,NUP107,SLCO4A1,POLA1,IL18R1,REXO2,LOXL1,SLC1A4,UTP14A,P2RX5,TPX2,AVEN,SMC2,SLC43A1,P4HA2,DHFR,BCL2,TJP2,POP7,RBM38,POLD3,ATAD2,RBBP8,SP110,ST8SIA4,TAOK3,CARS1,HMGB2,TOPBP1,TRADD,EIF2S2,CREB3L2,PIEZO1,MTHFD1,CSTF2,TAF5,SLC27A2,BATF,UBR7,TXNDC15,NME7,PRC1,RAP1GAP2,RFC5,TMEM43,CENPE,RBKS,ZNF33B,NDC80,SMC6,STK39,PA2G4
GSE3982_DC_VS_TH2_UP	GSE3982_DC_VS_TH2_UP	0.0032869707719119	169	50	SNX13,GTF2IRD1,MAN2B1,ENG,SEL1L,ASPHD1,HFE,PHF1,LRP10,GPER1,KLHL24,BST1,COQ10B,TNFRSF21,CKMT2,PDE8A,WDR37,CDKN1A,BID,SLC15A3,MRAS,SORT1,SLC9A6,MX2,TNS1,BPI,SOCS6,FBXO21,CHI3L1,CLN8,RENBP,DAP,SERPINA1,CCL22,SPARC,ANXA1,CD36,PSAP,ATP6V1H,MITF,LITAF,ENC1,PLXND1,ANPEP,ADM,SLC7A7,JUP,TLE1,MRC2,DTX4
GSE19888_ADENOSINE_A3R_INH_PRETREAT_AND_ACT_BY_A3R_VS_A3R_INH_AND_TCELL_MEMBRANES_ACT_MAST_CELL_UP	GSE19888_ADENOSINE_A3R_INH_PRETREAT_AND_ACT_BY_A3R_VS_A3R_INH_AND_TCELL_MEMBRANES_ACT_MAST_CELL_UP	0.0020804831360505	176	59	CXCR4,MED13L,KCNMB4,ARAP1,RPL30,TRIM23,UBE2B,YPEL5,NAA50,RNF19A,RAB11FIP2,TCP11L2,TSPYL1,CTDSP2,DIP2B,APPBP2,UBXN7,MBTD1,HEXIM1,PCMTD2,RAB21,YPEL4,BAZ2B,ZMYM2,SERINC1,CD44,GNS,MARCKS,PIK3IP1,MAT2B,PI4K2A,SLC26A11,ERBIN,BEX3,APLP2,SKIL,FHL3,NCF2,DUSP2,TULP4,VEZF1,ZFYVE1,TCF7L2,RSBN1,BACH1,PLAUR,THEMIS2,MAP3K2,ARID5B,RNF11,LITAF,DAB2,MTSS1,PLXND1,OGFRL1,SOX4,ADM,CAMK1D,ZNF217
GSE2405_0H_VS_1.5H_A_PHAGOCYTOPHILUM_STIM_NEUTROPHIL_UP	GSE2405_0H_VS_1.5H_A_PHAGOCYTOPHILUM_STIM_NEUTROPHIL_UP	0.0056887726969637	158	52	NR1H3,PTPRJ,AMOTL2,PARD6G,IGSF3,AQP1,LRP6,GNG12,EGFR,S100A6,PSMB3,MYH14,IFI27L2,MCFD2,WDR55,NXN,C20orf96,UNC119,ITM2C,SLC7A4,DNAJB5,PSMB10,GPX3,GRPR,NCF2,PSMB4,SELENOP,ECEL1,MAN2A1,TMEM256,TAGLN,CMTM3,CEBPZOS,EFNA3,CD9,TP53INP2,SCRN2,SPON2,CTSB,NTF3,IFITM2,FCGRT,CAPG,ARHGEF10L,SCUBE3,AXL,CCDC80,EHD2,SERPINB1,GM2A,DTX4,IL2RB
GSE14415_INDUCED_TREG_VS_FOXP3_KO_INDUCED_TREG_DN	GSE14415_INDUCED_TREG_VS_FOXP3_KO_INDUCED_TREG_DN	0.0056887726969637	158	36	SWAP70,RAP2A,TMED10,BEX3,CRYBG1,NPTN,AHNAK,CD28,KLRC2,IL12RB2,DOCK5,CXCR6,SERINC3,SNX18,TTC39C,S100A13,F2R,PRDM1,ID2,TAF9B,STARD10,ANXA4,MTPN,SERPINB9,RUNX2,H1-2,ANXA1,LAMC1,ATP2B4,SLC25A24,RORA,SUMO3,CAPG,SYPL1,SMPDL3B,NCALD
GSE3039_CD4_TCELL_VS_ALPHAALPHA_CD8_TCELL_UP	GSE3039_CD4_TCELL_VS_ALPHAALPHA_CD8_TCELL_UP	0.0027636964895054	180	64	MLF2,RNF128,MAVS,RNPEP,DDA1,DDHD1,SAMD8,GRINA,ZYX,TTYH2,PARD6G,ATG16L1,SLC61A1,CA5B,COL15A1,GK5,KLF9,STMP1,PHF1,STX6,MTF1,CAPNS1,BST1,ACBD3,TMEM150A,GPR132,ARHGAP1,ANO6,FLOT2,ATXN7L3,SLC7A4,TUBB2A,CHMP1A,PGAP1,BAK1,STIM1,GUCD1,SH3BGRL,WSB2,ALDH2,GDE1,PLA2G7,BRI3,BCAR3,SMPD1,TSPAN17,RYR1,PON2,ANXA4,ARF4,CPEB4,ATP6V0D1,ACTR1A,EDEM1,MAPKAPK2,F13A1,CD36,PROCR,PLEKHO2,FUOM,MTSS1,ANPEP,SSH3,FRY
GSE37301_HEMATOPOIETIC_STEM_CELL_VS_PRO_BCELL_UP	GSE37301_HEMATOPOIETIC_STEM_CELL_VS_PRO_BCELL_UP	0.0053126917693083	163	46	SMAD4,KIAA0753,TIPRL,PTP4A2,CENPS,SSH1,PRKCH,HEXIM1,OPCML,DNAJC28,CLDN9,SLC39A1,ANKRD40CL,EEF1AKMT3,SMURF2,SERPINF1,PTK7,TMX4,ANKRD40,FHL3,SYNJ1,H6PD,TNFRSF1A,PPP6R3,SIT1,MC1R,PLAUR,WDR45B,ICAM1,ATP6V0D1,SMOX,RAPGEF6,SNX17,RAG1,GRTP1,WNT11,RBM47,BAIAP2L2,TGFBR2,CD59,TNNC1,LOXL2,ARF3,BGN,CCR1,TSPAN14
GSE30083_SP3_VS_SP4_THYMOCYTE_UP	GSE30083_SP3_VS_SP4_THYMOCYTE_UP	0.0036706506852264	156	44	ZNF286A,PTPRF,STX6,GSK3B,MCAM,ANK3,CTDSPL,VWCE,MARCKS,ALDH7A1,CBLC,ABCC2,TMTC3,DHTKD1,TMEM45A,ZNF385A,CCDC120,BCORL1,HAS2,YPEL2,GPR162,RND2,GINS1,GRHL3,CTNNBIP1,RAB27B,HS2ST1,ETNK2,CRY1,TUBB2B,RBP7,F13A1,TOX3,LDHB,CXADR,NOTCH3,CTTN,SCN1B,ATL2,S100A3,SMO,CNN3,C1S,UACA
GSE24142_EARLY_THYMIC_PROGENITOR_VS_DN2_THYMOCYTE_ADULT_UP	GSE24142_EARLY_THYMIC_PROGENITOR_VS_DN2_THYMOCYTE_ADULT_UP	0.0051044117156195	166	51	ABCA1,TRIO,DENND5A,APOBR,ZFHX3,ITIH5,SPINT1,SLC25A36,MMP2,INTS6L,SASH1,CSF1R,C21orf91,PTPRE,CDH17,SESN3,TEF,FAM91A1,PEAR1,ITGB2,FES,TCEAL1,DDHD2,ZMAT3,DGLUCY,ECEL1,VILL,NIBAN2,CASD1,IQGAP2,TCF7L2,GCNT2,EBI3,ID2,RHOQ,LGALSL,HMGA2,CTSS,IL1R2,ANXA1,CD81,SHISA2,GDPD5,TGFBR2,EID1,MYLK,SOX4,TMPRSS3,CAMK1D,RAB31,HNF4A
GSE43863_NAIVE_VS_MEMORY_TFH_CD4_TCELL_D150_LCMV_UP	GSE43863_NAIVE_VS_MEMORY_TFH_CD4_TCELL_D150_LCMV_UP	0.0050368675152238	172	59	GRINA,TCP11L2,ABCA1,AQP1,HPSE,LNPEP,MTA3,CBL,ANKRD13A,PHF1,TMEM86A,ARID3B,PCMTD2,ARHGDIB,LAPTM5,BAZ2B,PTPRE,RNASE6,SUSD1,UBA7,TSPAN13,CCRL2,SLC8B1,SLCO2B1,PHF13,CYBB,PGAP1,RNF38,TK1,CDC42EP3,CCNG2,GUCD1,HEXB,BNIP3L,H3-5,GTPBP2,PLA2G7,DENND1C,BCL3,ACAP1,LEPROT,SMIM14,SSH2,PLCG1,CEMIP2,RHOQ,SDCBP,SELPLG,DGKA,TRAF5,WNT11,LBH,PLEKHG2,RASSF2,TP53I11,TGFBR2,MAP4K2,PPP1CB,PIANP
GSE27786_CD8_TCELL_VS_NEUTROPHIL_UP	GSE27786_CD8_TCELL_VS_NEUTROPHIL_UP	0.0017259407558071	194	73	GZMB,RBCK1,STIP1,POGLUT2,PDXP,TAP1,MRPL41,GTF2F2,ATP10A,MRPL34,METTL15,SETDB2,PAK1IP1,NOL8,PTPN2,EIF2B3,ZNF598,NMI,AP3M2,ZFP90,POP7,BOP1,MRPL3,IKBKB,SDF4,ZC4H2,CEBPZ,MRPL46,POLR2J,MNAT1,EIF2S2,TTLL12,SUPT20H,TAPT1,TSR3,TRIM44,SYNJ2BP,DRG1,FGF17,TAF4B,DHCR7,CUL1,PIGA,MTRF1L,ACAA2,FEN1,CEP57L1,CRYZ,ERAP1,HELB,TRIM27,TRA2B,FLNB,NGDN,UTP6,ATPAF1,EIF4A2,FAM162A,UBAP2,METTL3,SENP3,SLC25A19,KANSL3,GNPTG,NXF1,IFT46,C10orf88,TNRC6C,SETD2,TRIM35,FCF1,INO80E,ACAD9
GSE13485_DAY1_VS_DAY7_YF17D_VACCINE_PBMC_UP	GSE13485_DAY1_VS_DAY7_YF17D_VACCINE_PBMC_UP	0.0129193191740186	99	42	RPL3,CDH26,OVOL3,NKAIN3,CYGB,ZNF491,NBPF4,ACOT11,KIF12,SYNPO2L,TIMM23B,PKD1L2,ITGB6,HOXD3,CLDN2,MMP2,SPATA19,SLC17A7,SMOC2,NKAIN4,CCNT1,WDR72,ELFN2,SGSH,CHRNA4,GARIN2,S100A16,RFLNA,OXER1,CCN1,PPIC,MYBPH,EPS8L3,CHST4,GPR3,GDA,KRTAP3-1,OLFM2,LAMC2,SUSD2,WFDC2,FBLN1
GSE36476_YOUNG_VS_OLD_DONOR_MEMORY_CD4_TCELL_DN	GSE36476_YOUNG_VS_OLD_DONOR_MEMORY_CD4_TCELL_DN	0.0132922479749181	113	23	UBE2G2,SERPINF1,HTR1D,JAK3,PLPP3,GDPD3,VWF,PMEL,DNAJC22,CCL22,SLC6A3,IL1R2,DAB2,ITGB5,IQSEC3,MYLK,SCARA3,CTTN,ANPEP,RUBCNL,NRG1,SEMA5A,FAM131B
GSE360_L_DONOVANI_VS_L_MAJOR_MAC_DN	GSE360_L_DONOVANI_VS_L_MAJOR_MAC_DN	0.0024315749511058	162	36	SLC35D1,TFDP2,ELF4,ADGRE1,SMURF2,OSBPL3,LIMK2,PPP3CB,PXDC1,ABI1,PLA2G7,PTPRO,CCN1,FAM131A,PLAUR,PBX2,AP1G1,PDXK,MARCHF6,INPP4B,IQSEC2,CIRBP,CELF1,JAG1,LITAF,LAMB3,PADI2,TNFAIP2,CD24,HEG1,CDH1,GYG2,NRG1,NCALD,PDE4B,FAM131B
GSE7460_TCONV_VS_TREG_LN_DN	GSE7460_TCONV_VS_TREG_LN_DN	0.0035180975156483	183	44	BCL2L1,TDRD7,PHETA2,SLC35D1,SHE,CCRL2,IGF1R,ITM2C,OSBPL3,PHTF2,RAB8B,WIPI2,UBASH3B,CORO2A,ACADSB,TK1,AHNAK,NCMAP,SH3BGRL,MTMR3,SERINC3,SNX18,PRICKLE1,TNFRSF9,H2AZ1,F2R,C9orf152,SEPTIN8,NT5E,ANXA4,SH3BGRL2,CD81,CISH,RORA,AHR,SOCS2,AXL,TGFBR1,WLS,PIAS3,FRMD6,IL2RB,GABARAPL1,TWSG1
GSE11057_NAIVE_VS_MEMORY_CD4_TCELL_UP	GSE11057_NAIVE_VS_MEMORY_CD4_TCELL_UP	0.0097182503287867	151	49	ZNF496,SREBF1,ALG10B,NPAS2,MANSC1,EFNA1,TTC28,SFXN2,MYB,NUDT12,SIAH1,ROBO3,RGS10,ADGRL1,DNHD1,PLAG1,GPR160,KLHL24,GAL3ST4,CIAPIN1,SCML1,CLCN5,PIK3IP1,ZNF563,IGF1R,MPP1,USP44,IGIP,BNIP3L,PLLP,PRXL2A,PDE7A,RHPN2,SMPD1,APBB1,EEA1,PIGL,ME3,RAPGEF6,NET1,TOM1L2,FCGRT,TGFBR2,ITGA6,TIMP2,PIK3CD,TMEM41B,TLE2,MPP7
GSE360_CTRL_VS_L_DONOVANI_MAC_DN	GSE360_CTRL_VS_L_DONOVANI_MAC_DN	0.0033557090331995	178	59	C1QL1,CHUK,KRT9,SUSD5,NDP,OTUD4,CTNNB1,EEIG1,UBXN4,CTBS,LETMD1,MUC6,TTC3,FOSL2,CPNE1,MACF1,CTDSPL,PDHX,ZMYM2,CCNF,ADCY6,BCL2L1,TGOLN2,PTPN22,USP12,AZIN1,PTAFR,SRRM1,KDELR1,PHIP,TRIM33,SH3BGRL,WSB2,VPS35L,VEZF1,KCND3,RSBN1,TDG,KIFC3,PSG11,UCK2,CAPZA1,PBX2,UTRN,PRRC1,LRIG2,IQSEC2,NIPSNAP2,CKAP4,TRAF5,PIP5K1A,DENND3,LUZP1,CSF2RB,HNRNPH2,LAMB3,SUMO3,PXN,ATOSB
GSE5542_UNTREATED_VS_IFNG_TREATED_EPITHELIAL_CELLS_6H_DN	GSE5542_UNTREATED_VS_IFNG_TREATED_EPITHELIAL_CELLS_6H_DN	0.0045794225434437	181	54	EIF4E3,GNAS,ENPP5,EPS15,BAZ2B,NF1,PHACTR2,KIF1C,PPP4R1,AKAP13,CUL3,ACBD3,BLOC1S3,PTPN22,DENND1B,CMIP,TMX4,EIF4EBP2,GGA2,UBE2L6,KATNAL1,SNX24,SNX33,ALOX5AP,ARFGAP1,DUSP2,SLC6A6,WDFY1,CMTM3,TCF7L2,LCP1,TNFRSF1A,NBEAL2,YAF2,SMAD5,ZNF532,MICAL2,CCR5,MYO1F,CACNB1,C1RL,CLTC,ITGAV,CYTH3,PLXND1,ARL15,CLSTN3,ARF3,DLG1,ATP2A3,SGPL1,HEG1,NCALD,GABARAPL1
GSE33425_CD161_HIGH_VS_NEG_CD8_TCELL_DN	GSE33425_CD161_HIGH_VS_NEG_CD8_TCELL_DN	0.0026170251646808	179	75	UBL3,SAR1B,FXYD5,TMBIM1,TMEM123,CYP11A1,PHYH,MCOLN2,LRRC58,S100A4,ZBTB20,CAPN2,VBP1,UXS1,SFXN1,SEPTIN2,LIPC,NPAS1,GLO1,OAT,NUDT19,SUCLG2,STRAP,PRPS2,S100A6,VMP1,RAP1A,IL6ST,KLHL7,PSPC1,SCAMP1,ANXA7,PIM1,ARID3A,PRDX2,ALDH7A1,PDE8A,PTPN22,STT3B,FOXN2,SLC66A3,TEP1,IGF1R,ITM2C,FN1,TUBB2A,TAGLN2,SH3BGRL,ARIH1,RBBP9,ALDH2,ACTR2,MGST1,CHI3L1,BACH1,TMOD3,PRDM1,ANXA2,CD9,UCK2,MTM1,FSTL1,MTPN,INPPL1,TPD52,SH3BGRL2,LDAF1,LITAF,TMEM167A,SAA1,ITGA6,TG,SOCS2,ADM,SLC7A7
GSE17721_POLYIC_VS_PAM3CSK4_16H_BMDC_UP	GSE17721_POLYIC_VS_PAM3CSK4_16H_BMDC_UP	0.0045794225434437	181	72	TMCC3,FBN1,PDE4A,TMEM184B,PIAS1,PRR15,PRRG2,CA13,TGM2,IL10RA,MANSC1,AGGF1,MLLT10,MORC3,HDAC7,ZYX,CASP8,SYNGR1,CMTM6,TCTA,TRDMT1,ILRUN,TAX1BP1,RIPK3,CDS2,PIM1,FSCN1,RCOR1,MAT1A,SPPL2A,EFR3A,TMEM229B,CKB,INPP5K,ETV6,PI4K2A,STAB1,ZNF385A,KAT2B,AEBP2,ATL3,GTF2A1,SLC9D1,CCNG2,TBC1D15,PMEPA1,VPS35L,IL12RB2,PIK3R1,TNFRSF9,RRAGC,GCNT2,CLN8,SRC,IFFO2,LAPTM4A,RENBP,RYR1,GREM1,RBMS2,RASD2,INPPL1,TSPAN2,MVP,FOXA3,PLEKHO2,ENC1,AVL9,CTTN,SOCS2,TIMP2,TLE2
GSE4590_LARGE_PRE_BCELL_VS_VPREB_POS_LARGE_PRE_BCELL_DN	GSE4590_LARGE_PRE_BCELL_VS_VPREB_POS_LARGE_PRE_BCELL_DN	0.0048368895046596	164	41	TTC3,ARHGAP12,SDC1,RASGRP1,EXT1,AAK1,MBNL2,BMP7,DENND6A,SESN3,ITGB2,MAGED1,SKIL,CORO2A,TNFAIP1,CD28,CCNG2,TULP4,ACOX1,NBEAL1,HIF1A,PTPN14,AGFG1,TRIB2,SERTAD4,SSH2,RAPGEF6,CD81,LIMA1,SEMA7A,LBH,RBM3,PPP1CC,PDGFRB,SMAD3,TIMP2,SHISA5,HEG1,SYT13,UACA,EFEMP2
GSE19941_LPS_VS_LPS_AND_IL10_STIM_IL10_KO_NFKBP50_KO_MACROPHAGE_DN	GSE19941_LPS_VS_LPS_AND_IL10_STIM_IL10_KO_NFKBP50_KO_MACROPHAGE_DN	0.002758736675106	167	54	DENND5A,AKAP11,AREG,BMPR1A,CSF1,LBR,AJUBA,ARNT2,STX1A,MMP9,PIM1,RHOC,ANAPC5,PHETA2,ACVR1B,SWAP70,CDKN1A,AP5M1,TRAF6,SHE,KAT2B,ARL5B,NOTCH2,SKIL,FN1,PRNP,AHNAK,SH3BGRL,CXCR6,IKZF4,PRXL2A,SFT2D2,SERINC3,IFITM3,NIBAN2,PAG1,IQGAP2,PCMT1,STYX,C9orf152,NAGA,SV2C,SEPTIN8,INPP4B,RAPGEF6,CISH,IFITM2,AHR,CAPG,ITGA6,SOCS2,TGFBR1,ECM1,CCR1
GSE29614_DAY3_VS_DAY7_TIV_FLU_VACCINE_PBMC_DN	GSE29614_DAY3_VS_DAY7_TIV_FLU_VACCINE_PBMC_DN	0.0069661685281473	153	42	MANF,CEP128,POU2AF1,DNAJB11,GADD45GIP1,CDC6,HSPD1,SCG3,NOC3L,HSP90B1,PRDX4,KIF4A,NUF2,GGH,MKI67,SLC25A4,FAIM,SDF2L1,E2F8,NARS2,CENPI,PARM1,MAN1A1,SRPRB,MYDGF,SEL1L3,RNASEH2C,B4GALT3,CHEK1,STIL,SELENOS,BHLHE41,SLC2A5,ZCCHC9,TXNDC15,TRIP13,ALG5,SLC16A14,SEC11C,FASTKD1,DERL3,EAF2
GSE24142_ADULT_VS_FETAL_DN3_THYMOCYTE_UP	GSE24142_ADULT_VS_FETAL_DN3_THYMOCYTE_UP	0.003892801964248	183	52	RAB6B,MAP4K3,HMGN3,EIF4E3,PIPOX,LPIN2,PURA,SLC30A4,LY6D,TACC2,INPP5K,PTPN22,NR1D2,CDKN1A,TRIP6,UBA7,TEF,DHX58,P2RX4,ERBIN,KIF2A,ADGRD1,LAPTM4B,DDHD2,EPB41L4B,TNS1,CD28,PURB,MECP2,CUEDC1,CMTM3,PPARGC1B,MYO1C,BCL3,MPP4,RNASEH1,NLGN2,SYNCRIP,ANXA2,MBNL1,LGALSL,ANXA4,HYCC2,LRP1,RAPGEF6,TP53INP1,HKDC1,DMAC2L,NSG1,REST,WLS,FRMD6
GSE3982_MEMORY_CD4_TCELL_VS_TH2_DN	GSE3982_MEMORY_CD4_TCELL_VS_TH2_DN	0.0040754835892239	186	54	CCDC85B,SLC16A3,H2AX,STIP1,SQLE,SLC7A5,KIF15,EGR1,MRPL12,ALDH3A2,TMEM106C,CKS2,IER3,NCBP1,GGH,ATP9A,PLPP1,INTS13,HSP90AB1,RAD51C,GINS2,SMC2,VDR,ESF1,PLA2G4A,PHKA1,MCUR1,YBX3,ELMO1,PTGS2,STK3,FLOT1,EIF2S2,MTHFD1,MSH2,PFDN2,DTL,MCM4,NDUFS4,FSD1,NASP,SEC23B,TRIP13,FEN1,NDC80,CCNA2,PA2G4,MRPL15,RECQL4,COX17,TOP2A,LIF,TIPIN,PYCR1
GSE28726_NAIVE_VS_ACTIVATED_VA24NEG_NKTCELL_UP	GSE28726_NAIVE_VS_ACTIVATED_VA24NEG_NKTCELL_UP	0.0041595534191994	188	77	GNAI1,NOL7,UBE2S,PPP2CA,POU2AF1,RFC4,SQLE,LSM7,IL18R1,PNP,NHP2,PLPP1,TFAP4,CCT4,HSP90AB1,SOS1,XPOT,NSMAF,RRS1,SPINT2,NCLN,ALG3,NFKB1,DYNLL1,UTP25,CCDC86,RPA2,R3HDM1,NOLC1,CCT6A,PSMG1,POLR2H,NCOR2,CUL1,DHCR24,SRM,UTP18,FEN1,WARS1,SRI,TM9SF1,TXN,HAX1,COX17,GOT1,CANX,TRA2B,MPHOSPH6,PYCR1,HYOU1,PFAS,HNRNPF,NUFIP1,CTPS1,GLS,PUM3,GAD1,METTL13,QDPR,SNUPN,NDUFS6,SNAPC4,MCM2,YBX1,MGA,PRDX1,EIF3G,RNH1,ZW10,PHB1,PNO1,HIVEP2,TNFRSF4,RPN2,MRPL23,HSPBP1,COPS8
GSE11057_NAIVE_CD4_VS_PBMC_CD4_TCELL_DN	GSE11057_NAIVE_CD4_VS_PBMC_CD4_TCELL_DN	0.0048094297673211	184	45	ZDHHC7,CDKN1A,TEP1,GALC,YWHAG,ZNF385A,NOTCH2,ADAMTSL4,DPYD,MPP1,GNAI2,GUCD1,CATSPER1,GNGT2,TBC1D8,LILRA6,SLC6A6,CDK2AP1,TNFSF13,OAZ2,SH3BGRL3,SRC,LILRB3,VAMP3,ZMPSTE24,NAGA,CD9,ANXA4,MYL6,PDLIM1,CHP1,TP53INP1,EMP3,CLTC,DENND3,CSF2RB,FEZ2,AHR,CAPG,PLXND1,LSP1,SLC7A7,PRR5L,SGPL1,PIP5K1B
GSE17974_CTRL_VS_ACT_IL4_AND_ANTI_IL12_1H_CD4_TCELL_UP	GSE17974_CTRL_VS_ACT_IL4_AND_ANTI_IL12_1H_CD4_TCELL_UP	0.0056248468396281	156	55	DUSP1,JUN,KLF4,CCDC124,TMUB1,SCRIB,TRABD2A,CMTM7,ST7L,RPAP1,PTPRN,REPIN1,PGLS,CHRNA3,SSBP4,ALKBH7,CLPP,PACS2,ADCK2,CDCA7,PGP,SLC25A22,KTN1,JUNB,C1orf159,LMNTD2,WDR27,PRR12,MCRIP2,ARRDC3,CCDC71L,TRADD,TTLL12,TMEM145,SUPT20H,GADD45A,ITGB3BP,TUBGCP4,LZIC,RAP1GAP2,TP53AIP1,RNF152,TRIB3,AKTIP,ARRB2,ZBTB45,THAP4,SEMA5B,TAMM41,PTGR3,ROGDI,CEP170B,CHRNB4,THAP10,RGS2
GSE39556_UNTREATED_VS_3H_POLYIC_INJ_MOUSE_CD8A_DC_UP	GSE39556_UNTREATED_VS_3H_POLYIC_INJ_MOUSE_CD8A_DC_UP	0.0083635590173446	154	35	RASGRP1,TJP1,RNASE6,SWAP70,CCNE1,PTPN22,TFDP2,APOBEC3B,ITGB2,SELENOW,GGA2,GNAZ,AHNAK,HOXB7,TMT1A,CCDC69,BDH1,TRIB2,SIT1,NT5E,MAST3,GALE,ROR1,PDLIM1,EMP3,JAG1,TGFBR2,IRS1,MTSS1,SLC7A7,LCK,SIGLEC6,GM2A,DTX4,PIP5K1B
GSE14415_INDUCED_TREG_VS_TCONV_UP	GSE14415_INDUCED_TREG_VS_TCONV_UP	0.0043090134950167	170	40	PCBP1,GZMB,KIF15,ETFB,POLQ,DBI,MRPL18,DUT,HIRIP3,NHP2,NUF2,MKI67,TAF12,MXD3,RANBP1,RAD51,DSCC1,CHTF18,JPT2,CKAP2L,E2F7,MCM10,FBXO5,PRIM2,HADH,CDC25B,SNX9,SCARB1,PSMC3IP,NEIL3,SGO1,ARSB,ADAP1,SPDL1,ERP29,TRIP13,IMPA2,RCC1,RFC5,WIZ
GSE22886_NAIVE_BCELL_VS_MONOCYTE_DN	GSE22886_NAIVE_BCELL_VS_MONOCYTE_DN	0.002951997645543	179	40	NOTCH2,NEU1,DPYD,KLF13,CDC42EP3,HEXB,NCF2,DUSP6,TNFSF13,ATP6V1A,IQGAP2,TCF7L2,TNFRSF1A,BCL3,LILRB3,VAMP3,ANXA2,RAB14,ID2,SDCBP,MICAL2,SERPINA1,CTSB,MYO1F,THEMIS2,ANXA1,CKAP4,PSAP,CLTC,TBC1D2,CSF2RB,FEZ2,RBM47,CAPG,PXN,PLXND1,SLC7A7,TIMP2,TNFAIP2,RAB31
GSE2826_XID_VS_BTK_KO_BCELL_DN	GSE2826_XID_VS_BTK_KO_BCELL_DN	0.0049737734862745	159	46	APCDD1,CD2AP,TUBA1C,TYRO3,LCN2,LY6E,BST1,VHL,PTPN22,RAB3D,CYB5R1,FECH,ITM2C,CMBL,SDHD,SLC39A9,PRKCA,PRNP,PAQR7,AATK,DDHD2,SIRPA,NME4,PLA2G7,ATP6V1A,PPM1B,PPIC,RIT1,MGST1,TM9SF3,PKP1,LEPROT,EBI3,PLAUR,ANXA4,AFF4,ITGA3,SLC6A3,SERPING1,EMP2,MVP,MLLT11,UGCG,WLS,GABARAPL1,KCNN4
GSE22229_UNTREATED_VS_IMMUNOSUPP_THERAPY_RENAL_TRANSPLANT_PATIENT_PBMC_DN	GSE22229_UNTREATED_VS_IMMUNOSUPP_THERAPY_RENAL_TRANSPLANT_PATIENT_PBMC_DN	0.0026405384234664	176	57	TNNI3,SAMHD1,GDF3,MANSC1,SUCLG2,CA9,EFCAB14,FMO5,CDK14,SUOX,ZYX,NTPCR,CAVIN2,TMEM8B,LETMD1,INTS6L,FOSL2,FHL1,ATP6V0E1,NEXN,RAP2A,ANXA9,HLA-E,PEAR1,SORT1,ITGA2B,DYNLT3,SLC7A4,DDHD2,SNX24,CRTAP,TNS1,BCORL1,PALLD,TLE6,IGDCC4,IKBKE,SNX18,WDFY1,TNFRSF1A,ACAP1,BORCS6,IFFO2,NLGN2,STARD10,SERPINB9,POGLUT3,SMOX,SELENBP1,LDHB,MEAK7,NECTIN4,RNF217,COL4A1,UNC13D,KDM5B,RAB31
GSE37301_HEMATOPOIETIC_STEM_CELL_VS_CD4_TCELL_DN	GSE37301_HEMATOPOIETIC_STEM_CELL_VS_CD4_TCELL_DN	0.0123737817040985	103	30	P3H2,TVP23B,PIK3R6,ART5,CDH3,CD44,PDE8A,GET1,LRP12,SGSM2,FZD4,COQ8B,MPP1,SLC16A5,SEMA3F,BDNF,SIT1,TSPAN17,ARSI,RRAS,PDXK,TEAD2,JPH2,TBC1D2,LY6S,FOXA3,DSTYK,EPSTI1,DKK1,LTBP1
GSE24634_TREG_VS_TCONV_POST_DAY7_IL4_CONVERSION_DN	GSE24634_TREG_VS_TCONV_POST_DAY7_IL4_CONVERSION_DN	0.0041659065680697	173	46	CDKN1A,CYB5R1,CMKLR1,LRP12,SLC15A3,ITM2C,SGSH,MGLL,GALNT12,FN1,CRYBG1,CYBB,ST3GAL5,JADE2,SIRPA,HEXB,PLLP,ALDH2,PLA2G7,WNT5A,KANK1,CHI3L1,CD63,LEPROT,RNASE1,CD9,PLAUR,RHOQ,CTSS,CCL22,CTSB,UBE2W,CKAP4,PSAP,FEZ2,RBM47,FCGRT,BEX4,ACP5,SLC1A3,PLAU,GSN,TIMP2,TMEM63A,SGPL1,GM2A
KAECH_DAY15_EFF_VS_MEMORY_CD8_TCELL_UP	KAECH_DAY15_EFF_VS_MEMORY_CD8_TCELL_UP	0.0074217539238543	158	44	PAM16,ANXA7,LAPTM5,RBX1,ADCY6,SORBS1,SWAP70,CDKN1A,IGF1R,KPNA2,CMBL,FAM8A1,PHF13,RPS6KB1,RGS5,LAT2,AHNAK,GNAI2,ALDH2,DOCK5,MAN2A1,IFITM3,AK3,HS2ST1,ANXA2,CD9,RYR1,MTM1,EEA1,ID2,TP53INP2,ANXA4,CD4,ANXA1,CD81,LAMC1,ITGAV,LITAF,FOXA3,ARPP19,RORA,PIAS3,GABARAPL1,TWSG1
GSE17721_4_VS_24H_CPG_BMDC_DN	GSE17721_4_VS_24H_CPG_BMDC_DN	0.0025768529172158	191	39	CDK8,DUSP1,FOS,JUN,PLIN2,DDRGK1,MGAT2,POGLUT2,SLC1A5,MEPCE,DNER,MRPL41,ZBTB2,IFT57,CREG1,POR,AKIRIN2,ABCC5,MNT,HOXC8,EGR2,HGS,DENND2D,DHRS7B,ZNF524,PAK1IP1,RMC1,GDI2,NFIL3,PDLIM7,MYDGF,SLC25A20,DNAJB1,ATP13A2,STAG1,ZNF830,MRPL45,ANKRD24,ARC
GSE9988_ANTI_TREM1_AND_LPS_VS_VEHICLE_TREATED_MONOCYTES_UP	GSE9988_ANTI_TREM1_AND_LPS_VS_VEHICLE_TREATED_MONOCYTES_UP	0.0061826707635396	156	42	PPARG,SRXN1,DUSP1,SPRY2,JUN,SLC3A2,SLC7A5,EGR1,BANP,SLCO4A1,PHLDA2,CSRNP1,MUCL1,CKS2,IER3,ANKRD28,PIM3,C11orf96,NSMAF,PLK3,FOSL1,E2F7,SIAH2,PTGS2,GLA,ADRB2,SNX9,GADD45A,NOCT,DTL,MAP3K8,EID3,EGLN3,HECW2,PLEK,PPP1R15B,TUBE1,YRDC,TXN,CTSL,PDSS1,MOAP1
GSE7459_UNTREATED_VS_IL6_TREATED_ACT_CD4_TCELL_UP	GSE7459_UNTREATED_VS_IL6_TREATED_ACT_CD4_TCELL_UP	0.0104705228088475	106	38	DDHD1,ROBO3,IL1RAP,PPM1K,COMP,ESRP2,CNN1,VAV1,YTHDC2,GFPT1,RANBP10,NF1,CDHR5,MAPK6,EFR3A,PIK3IP1,GALC,CYP2E1,ORAI2,G3BP2,PGAP1,ECEL1,PDE7A,WDFY1,AGFG1,MTHFD2L,ASB13,SMAD5,HNF1A,RASD2,RASGRP2,MARCHF6,CLDN19,PPP4R2,LIN7C,LSAMP,CACNB3,ALPK2
GSE7460_CTRL_VS_TGFB_TREATED_ACT_CD8_TCELL_DN	GSE7460_CTRL_VS_TGFB_TREATED_ACT_CD8_TCELL_DN	0.0041659065680697	173	55	RAB11FIP2,ABCA1,TRIO,ELK3,SNRK,BAIAP3,DIP2B,SELENOT,PPM1H,MEGF10,KLHL24,COQ10B,USP32,RNASE6,ACVR1B,ANKRD50,B4GALT4,TBC1D23,TMEM127,MELTF,MOSMO,COLEC10,SMURF2,TMX4,SKIL,PRNP,C2CD3,PLEKHA1,TNFRSF13C,GNGT2,PHLPP2,MTMR3,IKZF4,SPSB1,PACSIN1,CSPG4,IFITM3,PRICKLE1,HID1,QKI,OLFML3,NT5E,MMP11,QPRT,SUGCT,OLFM2,BPNT2,KIAA0232,LITAF,CACUL1,AHR,TIMP2,MOB1B,CDH1,CDHR2
GSE40274_LEF1_VS_FOXP3_AND_LEF1_TRANSDUCED_ACTIVATED_CD4_TCELL_UP	GSE40274_LEF1_VS_FOXP3_AND_LEF1_TRANSDUCED_ACTIVATED_CD4_TCELL_UP	0.0054554656803394	181	54	RECK,ELK3,KLF9,SSH1,CREBL2,FAR1,LNX2,PTPRF,SEC23A,TMEM65,LPIN2,PIM1,IFNAR1,GPR160,PHACTR2,APLP1,BCL2L1,CD44,GNPDA1,RNF43,ALAD,FHIP1A,RAB8B,LONRF1,TKTL1,PPP2R1A,CD99L2,DAB2IP,CCNG2,METAP2,MAN2A1,PPM1B,SSR1,HIF1A,H2AZ1,MIER1,MYO1C,BCL3,AGFG1,VAMP5,OAZ2,IL10,ANP32E,ANXA4,CAMK2D,MYO1F,CD81,TPST1,NDST1,TSPAN32,CYTH3,STAT5A,KRT7,TWSG1
GSE39820_CTRL_VS_TGFBETA3_IL6_CD4_TCELL_UP	GSE39820_CTRL_VS_TGFBETA3_IL6_CD4_TCELL_UP	0.0043635552920881	184	70	IL15RA,COMTD1,DNAJA1,NUP107,CDC25A,HSPD1,RPN1,WDR3,LIN7A,TRIB1,CMTM7,RPIA,RUVBL1,PLPP1,ERMP1,THOC7,EXO1,CBX1,MIX23,THAP1,NRP1,LRIF1,RPF2,UTP20,SHQ1,DIDO1,C3orf80,ASF1A,MSL2,ABITRAM,RPA2,ATAD3A,NDUFAF4,MTREX,ORC2,HNRNPU,ELP1,BLZF1,CCT3,AEN,SH3BP5,RFC5,ISG20L2,TNFSF4,SEC11C,FEN1,HDAC2,CD83,RIOK2,MOAP1,PTCD3,C12orf75,TIPIN,SNRNP40,DBR1,BZW2,FAM111A,EGR3,TSR1,FKBP3,CTPS1,TTC27,HGH1,ENO3,CARNMT1,PPAN,MTDH,RHOD,MTRR,ADK
GSE7831_CPG_VS_INFLUENZA_STIM_PDC_1H_DN	GSE7831_CPG_VS_INFLUENZA_STIM_PDC_1H_DN	0.006738532788225	164	44	RCAN3,C1orf52,PTPRF,CD14,ART5,GJA5,GNS,TNFRSF21,GRN,ABCC2,UBA7,CDX2,MAPRE3,PHEX,ATXN10,TMED10,TRAFD1,ZNF385A,CMBL,FN1,CYBB,KRT36,GUCD1,TNPO2,HOXB7,VMA22,IFITM3,VWF,LCP1,C19orf12,ENTPD7,TFAP2C,NAGA,ALPG,SH3BGRL2,FCGRT,IFI35,AHR,ENC1,LSP1,GSN,HPGD,CCR1,CDH1
GSE43863_LY6C_INT_CXCR5POS_VS_LY6C_LOW_CXCR5NEG_EFFECTOR_CD4_TCELL_DN	GSE43863_LY6C_INT_CXCR5POS_VS_LY6C_LOW_CXCR5NEG_EFFECTOR_CD4_TCELL_DN	0.0068907432330075	170	55	DUSP4,NFATC1,NDFIP2,RPS6KA2,LNX2,CYP2B6,HYCC1,LRP10,RBPJ,TOB2,LIPG,FAM178B,SLC15A3,TOX2,RAB8B,UBASH3B,PRKCA,TUBB2A,CLCN6,AP1M2,CNIH1,LAT2,TNFRSF13C,PRXL2A,PACSIN1,NGEF,BRI3,RBPMS2,RND2,NAB2,AGFG1,F3,SYNPO,RENBP,EEA1,KRT86,PDXK,SERPINB9,IL1R2,ATP6V0D1,TPD52,SYNGR2,VEZT,FLVCR2,ITGAV,BTG3,SULT2B1,AHR,TRPS1,MALT1,LCK,SERPINB1,EPHB3,GM2A,KRT71
GSE40274_CTRL_VS_EOS_TRANSDUCED_ACTIVATED_CD4_TCELL_UP	GSE40274_CTRL_VS_EOS_TRANSDUCED_ACTIVATED_CD4_TCELL_UP	0.0113537406311344	157	53	SPRY2,NRARP,DCLRE1A,GOLIM4,GZMB,KIF15,LRRK1,ITGA2,ITGA1,ERP44,NUF2,MKI67,TPX2,HSPA4L,CENPI,CASP7,MYBL1,CKAP2L,BHLHE40,ATP13A2,STIL,ADAMTS14,CLSPN,RAD54L,MID1IP1,CREB3L2,GTSE1,ADRB2,DTL,NEIL3,SGO1,MAP3K8,ARSB,SP100,TCF19,NASP,SGO2,POLD1,PRC1,RAP1GAP2,PLEK,IKZF3,KIF14,NDC80,CTU2,CCNA2,KLHL15,TOP2A,TBC1D31,CDCA3,HMMR,SPC25,ESCO2
GSE3982_BCELL_VS_BASOPHIL_DN	GSE3982_BCELL_VS_BASOPHIL_DN	0.0111836298920869	155	48	PDGFC,SEMA4D,CDA,GNAS,ZNF148,RIMS3,C21orf91,SERINC1,BST1,ITPRID2,SLC2A10,ZDHHC7,SDC3,SGPP1,ADGRE1,FBXL5,LRP12,OSBPL3,S100P,MPP1,SIRPA,PALLD,SERINC3,ACVR1,ACTR2,LAPTM4A,CD9,TREM2,TUBB2B,HMGA2,ARPC5,CCR5,SELPLG,SLC25A44,LYPD1,C1RL,DENND3,ATP2B4,RASSF2,DAZAP2,FOXJ2,SEMA4C,CRIM1,PRR5L,PIAS3,FRY,MRC2,RAB31
GSE21927_UNTREATED_VS_GMCSF_GCSF_TREATED_BONE_MARROW_DN	GSE21927_UNTREATED_VS_GMCSF_GCSF_TREATED_BONE_MARROW_DN	0.0068473480574033	166	43	APCDD1,EPS15,UBE2G1,PTPRE,EXT1,AAK1,SUSD1,TNFRSF21,SENP5,MBNL2,STT3B,N4BP2,ARHGEF9,MT1F,UBE2H,BEX3,KIF2A,SSBP3,MAGED1,TOR1AIP1,CFAP263,SH3PXD2A,TMEM256,MTHFD2L,SMAD5,SYNCRIP,ID2,PCLAF,MAPK8,CHP1,CAP2,LUZP1,PLTP,PPP1CC,OGFRL1,SPRING1,ATP13A3,PIK3CD,CD24,TNS3,CUL4B,ZNF385C,PIP5K1B
GSE4142_NAIVE_VS_GC_BCELL_UP	GSE4142_NAIVE_VS_GC_BCELL_UP	0.0068212131411537	164	51	MUC4,UBXN4,NOVA1,IL17RE,UCHL3,MGAT5,RNF39,GP1BA,CDS2,EIF2AK3,BAZ2B,YPEL1,GRN,CHPF2,PHKG2,SLC4A11,TMEM14C,ATXN10,STAB1,ITGB2,APLP2,SKIL,TRPT1,PRNP,CNP,ZFYVE1,AKAP5,CCN1,MYOF,RIT1,USP46,KIFC3,SSH2,NT5E,GREM1,ROR2,SNX12,TSPAN2,NTN1,RAB3B,PLTP,CHD3,PRR13,ATOSB,SOX4,CCDC80,PRR5L,SYT13,CAMK1D,ALPK2,GABARAPL1
GSE15750_DAY6_VS_DAY10_TRAF6KO_EFF_CD8_TCELL_UP	GSE15750_DAY6_VS_DAY10_TRAF6KO_EFF_CD8_TCELL_UP	0.0020494582296559	197	75	SQLE,SKA3,CDC6,RNASEH2B,MIS12,ITGA2,POLA1,TPPP3,KIF4A,DUT,NUF2,MKI67,MXD3,EXO1,TPX2,E2F8,RAD51,FKBP5,CENPI,SMC2,DHFR,CKAP2L,CIP2A,FOXM1,E2F7,MLF1,CHEK1,STIL,MCM10,CLSPN,HMGB2,PARPBP,GTSE1,CTLA4,DTL,CKAP2,KNSTRN,KIF20A,TCF19,MCM3,CKAP5,SPDL1,EME1,NDUFS8,CDCA7L,RFC5,TICRR,IRAK1BP1,CENPE,FEN1,UBE2C,HPF1,CENPP,CCNA2,PCNA,TOP2A,GRB10,CDCA3,HMMR,ACADL,SPC25,CENPF,ESCO2,RACGAP1,PIF1,KIF22,PRIM1,UHRF1,KIF24,CEP55,PSRC1,TACC3,PCYT1B,BUB1,ANLN
GSE25123_WT_VS_PPARG_KO_MACROPHAGE_UP	GSE25123_WT_VS_PPARG_KO_MACROPHAGE_UP	0.0113794522053725	151	48	PTPRJ,ANKRD33B,ABCA1,PPP1R12A,DENND5A,MAP4K4,HSPA13,PRKCH,FNDC3B,FOSL2,LCN2,FMNL3,MARCKS,SNAPC1,ADGRE1,GPR132,ERBIN,MT1F,SGPP2,SKIL,SLFN5,DSE,PLPP3,RCAN1,SLC6A6,CNEP1R1,ADAM33,MYBPH,UBTD2,CHI3L1,TCF7L2,LCP1,ATP6V1C1,SLC43A3,CELF1,RASSF2,IFITM2,STAT5A,MDM2,PLXND1,PRKAG2,PLAU,SCN1B,ADM,SLC7A7,ATP13A3,SMAD3,RUBCNL
GSE39110_UNTREATED_VS_IL2_TREATED_CD8_TCELL_DAY6_POST_IMMUNIZATION_UP	GSE39110_UNTREATED_VS_IL2_TREATED_CD8_TCELL_DAY6_POST_IMMUNIZATION_UP	0.0042404571846416	180	45	HAAO,ARL4D,RASL11A,SWAP70,SLC66A3,CCRL2,FES,TKTL1,NLRC3,MX2,AHNAK,GAS7,IL12RB2,DOCK5,CXCR6,IFITM3,NIBAN2,IQGAP2,HID1,F2R,NBEAL2,PRDM1,SEPTIN8,CCR5,RRAS,SELPLG,MYO1F,ANXA1,LDAF1,IFITM2,PADI2,B4GALT1,GRAMD2B,BST2,EPSTI1,CXADR,SOCS2,SLC30A7,SMPDL3B,SERPINB1,FRY,CDH1,NUDT4,MYO1G,IL2RB
GSE27786_CD4_VS_CD8_TCELL_DN	GSE27786_CD4_VS_CD8_TCELL_DN	0.002396975680244	174	58	KIZ,PDE2A,PDXP,PPP1R37,CHCHD3,LSM7,ZNF414,WASHC3,TUBA4A,ZC3H8,TCP1,SLC25A4,MRM1,DENND2D,SRFBP1,PDE3B,PGLS,SGK1,GSTCD,ZNF341,UBAC2,DCAKD,DYNC1I1,HEMK2,CHST11,KAT2A,YEATS2,ILKAP,LRRC14,ARMCX2,OSTF1,RABEP1,SCAP,MCM3,WDR74,ELAC2,TAF4B,ELMO2,RRP12,PRSS12,MRRF,NHEJ1,CYP2U1,CLNS1A,HDAC2,NOB1,AFDN,KEAP1,CHAMP1,TAMM41,IPO4,MACROH2A1,METTL13,THUMPD1,QDPR,ATP1A1,ORC6,DNAAF5
GSE21774_CD62L_POS_CD56_BRIGHT_VS_CD62L_NEG_CD56_DIM_NK_CELL_UP	GSE21774_CD62L_POS_CD56_BRIGHT_VS_CD62L_NEG_CD56_DIM_NK_CELL_UP	0.0089175776212979	150	47	SH2D5,APOBR,ARHGEF37,EGFR,HPSE,MTUS1,KDELR2,CD14,RAPH1,ARHGDIB,CSF1R,LCN2,GPR160,SLC8B1,RASSF4,ASTL,ARL4C,DMKN,TRAM2,CYBB,LAPTM4B,HOXB2,CD28,DGLUCY,SYNE4,SNX18,BCAR3,GPNMB,ENTPD7,KIFC3,ANXA2,SRGAP1,SELPLG,THEMIS2,SLC44A3,FGFR4,F13A1,TIMP1,SHISA2,ARID5B,LUZP1,DAB2,ENC1,TRPS1,ALPL,STING1,CNN3
GSE28726_NAIVE_CD4_TCELL_VS_NAIVE_VA24NEG_NKTCELL_UP	GSE28726_NAIVE_CD4_TCELL_VS_NAIVE_VA24NEG_NKTCELL_UP	0.0032576037823469	192	63	UBE2S,GNG5,GPX1,SYP,TMEM106C,CDC6,HSPD1,IGFBP4,THOP1,PNP,CKS2,EZH2,SAP30,SLC75A1,FABP5,TTF2,GBE1,HSP90AB1,TPX2,BAG2,XPOT,SMC2,CDT1,DHFR,NFIL3,BHLHE40,IGFBP2,ATF1,MTHFD1,GLA,EBNA1BP2,MCM4,SLC27A2,MCM3,ALDOA,MAST2,PSMG1,DHCR7,CCT5,SRM,UBE2M,HMGCS1,ECI1,TP53,NDC80,CCNA2,HAX1,POLD2,EIF2S1,GNPAT,TRAF1,TOP2A,PYCR1,HMMR,RAD51D,CENPF,TYMS,KIFC1,EIF4EBP1,SNAPC3,MRE11,EED,PRIM1
GSE14908_ATOPIC_VS_NONATOPIC_PATIENT_RESTING_CD4_TCELL_DN	GSE14908_ATOPIC_VS_NONATOPIC_PATIENT_RESTING_CD4_TCELL_DN	0.0032576037823469	192	49	HSPH1,AATF,FKBP4,H2AX,RXYLT1,DNAJB11,HSPA8,RAI14,TBL2,TXNDC5,STT3A,SLC75A1,MXD3,POLRMT,INTS3,CDC26,RBM19,SLC39A8,SAC3D1,MLLT1,ADRM1,TOE1,SLC52A2,NMNAT1,ZNHIT2,BNIP1,UTP25,CHD1L,ITGB1BP1,LRWD1,ZBTB14,TMEM216,GNB1L,OXCT1,BMS1,NDUFS4,SSBP1,NASP,TMEM39A,KIFAP3,ELP1,POLR2H,TNIP2,SPOUT1,WIZ,MRM2,SMN1,AURKAIP1,NELFB
GSE9509_10MIN_VS_30MIN_LPS_AND_IL10_STIM_IL10_KO_MACROPHAGE_DN	GSE9509_10MIN_VS_30MIN_LPS_AND_IL10_STIM_IL10_KO_MACROPHAGE_DN	0.0086795310684108	133	40	CDK14,GRINA,BMP1,LARP4B,IL1RAP,SPIN1,GHITM,SPACA6,SGMS2,SEMA4D,ADCY6,ACVR1B,RAP2A,RBFOX2,CCDC6,PPP1R3B,TAGLN2,FHL3,MYBL2,GTPBP2,RNF4,ITGB1,EEIG2,MECP2,COX18,ITPKB,TMOD3,KLHL5,GLIPR2,CCBE1,ARF4,ICAM1,CDC50A,ITGAV,BAMBI,CAPN5,PDGFRB,LUM,ADM,LCK
GSE12198_CTRL_VS_LOW_IL2_STIM_NK_CELL_DN	GSE12198_CTRL_VS_LOW_IL2_STIM_NK_CELL_DN	0.0066332902455436	190	44	HM13,IL15RA,BIK,C9orf40,ID1,GPX1,HSPA8,SYP,NR2F6,ABHD17A,MRPL41,FANCC,THNSL1,CDKN2A,HIC1,MTIF2,METRN,SLC25A4,INTS3,CDC26,REXO4,UBXN10,SMC2,FAM216A,WBP4,HEMK1,PLK3,LMNB1,IRF2BP1,SNX19,ZPR1,EGR4,C8orf82,TMEM216,TSR3,NT5M,CHPF,SYNJ2BP,MKRN3,CHADL,TMEM39A,BLZF1,IER5,CIAO2B
GSE39556_UNTREATED_VS_3H_POLYIC_INJ_MOUSE_CD8A_DC_DN	GSE39556_UNTREATED_VS_3H_POLYIC_INJ_MOUSE_CD8A_DC_DN	0.0059291033302832	177	48	MAP4K4,RECK,AREL1,FCMR,PRKCI,WASHC4,BMI1,GBP1,VAV1,PCMTD2,CDS2,AKAP12,ANXA7,GJA5,BAZ2B,PXDN,PTPRE,GNS,CKMT2,UBA7,ARL6IP5,JADE2,ALOX5AP,PFN2,LRRC41,IQGAP2,ITGA5,LAPTM4A,GNG11,THEMIS2,EDEM1,PBXIP1,F13A1,SNX17,RAG1,SERPING1,FBLN5,ATP2B4,BEX4,GAB2,MYLK,CACNB3,SOCS2,GSN,ASB9,ARHGEF17,TLE1,PDE4B
GSE3994_WT_VS_PAC1_KO_ACTIVATED_MAST_CELL_UP	GSE3994_WT_VS_PAC1_KO_ACTIVATED_MAST_CELL_UP	0.0087385333982392	149	53	TTC34,CTTNBP2NL,ELN,SLCO5A1,NSUN7,DUSP14,RAP1A,PHACTR4,DUSP4,ADAMTS15,PANK2,LRCH4,IL17RE,FKBP14,PLA1A,STX1A,MFNG,FOXK1,FBXO42,CPNE3,NINJ1,ELF4,FBXO41,SLC4A11,PGM2L1,RHBDF1,DOCK6,SORT1,MYL2,TAMALIN,SKIL,NDRG2,PMEPA1,C2,GPR162,PACSIN1,DENND2B,GCNT2,PCOLCE,BMPR2,ANXA8,MICAL2,SLC44A3,SH3BGRL2,TSPAN2,AIF1L,COL26A1,SAA1,MMP14,PRR5L,CNN3,GMFB,FBLN1
GSE28783_ANTI_MIR33_VS_CTRL_ATHEROSCLEROSIS_MACROPHAGE_UP	GSE28783_ANTI_MIR33_VS_CTRL_ATHEROSCLEROSIS_MACROPHAGE_UP	0.011600680631436	137	44	GJA5,RAB11A,RAB30,PTPRE,TDRD7,SOCS1,STAR,KLHL18,CLDN7,ECHS1,CAPN1,TRAF6,EEF1AKMT3,CD8B,KDELR1,YWHAQ,S100P,PRNP,ISL1,PHYHIP,HOXB7,PLEKHB2,IKBKE,WNT5A,FAIM2,SPN,HOXC11,SAR1A,TRIB2,IL10,EFNA3,PAPSS2,ARHGEF12,ANK2,GALE,PNMA2,ANXA1,DCP2,IQSEC3,PPP2R3A,UNC5B,SLC1A3,CDH1,UCP2
GSE22886_DC_VS_MONOCYTE_UP	GSE22886_DC_VS_MONOCYTE_UP	0.0033707141318143	179	41	SWAP70,SERF2,CCNE1,DENND1B,TRIP6,PI4K2A,TRPV2,PHTF2,SLCO2B1,NDUFV2,PCCB,GPX3,TNS1,PXDC1,GSTM4,LPP,PPIC,BCAR3,FABP3,GINS1,MDH1,DAGLA,PON2,CCL22,CTSB,NET1,CD81,QPRT,FLVCR2,SLC16A1,JAG1,DAB2,ACP5,PLAU,GSN,MYL9,PALS1,ECM1,MRC2,GABARAPL1,TWSG1
GSE30083_SP2_VS_SP4_THYMOCYTE_UP	GSE30083_SP2_VS_SP4_THYMOCYTE_UP	0.0042358303219062	167	39	MCAM,YPEL1,SLC27A1,BCL2L1,DLG4,ALDH7A1,CBLC,TACC2,SLC15A1,CLCNKA,LAPTM4B,YPEL2,S100A16,VILL,MORF4L1,FAM131A,RBPMS2,TNFRSF9,PEX13,AKR1C3,HRCT1,KLHDC8B,KIFC3,HSD17B14,CRY1,ANK2,RBP7,TPD52,F13A1,MCOLN3,USH1C,CTTN,SCN1B,GSN,CNN3,BOC,CAMK1D,VANGL2,KCNN4
GSE21360_SECONDARY_VS_QUATERNARY_MEMORY_CD8_TCELL_UP	GSE21360_SECONDARY_VS_QUATERNARY_MEMORY_CD8_TCELL_UP	0.0132050413359731	139	35	CCRL2,SLC15A3,SERPINB5,DMKN,GPR35,RBPMS,MX2,GNA13,PIK3R5,ALAS1,DUSP2,IKBKE,WDFY1,TTC39C,TNFRSF9,HIF1A,GCNT2,BCL3,IL10,PPME1,EBI3,GLIPR2,GREM1,ANXA8,SMOX,CYTH3,PROCR,MX1,GYS1,MALT1,SMPDL3B,TNFAIP2,KRT5,NRG1,PDE4B
GSE13485_PRE_VS_POST_YF17D_VACCINATION_PBMC_UP	GSE13485_PRE_VS_POST_YF17D_VACCINATION_PBMC_UP	0.0144894576262168	144	51	GPR75,PRKAA2,MMGT1,TEAD1,ZFP30,NACC1,MYO10,MANSC1,IGF2R,EFNA1,SLC6A14,ATP8B1,TPRG1L,KDM4D,TCP11L2,TGFBRAP1,NSUN7,IL1RAP,GJB6,MMP9,SLC30A4,RSPH1,PPP4R1,CRKL,RNF182,NTN4,VAT1,SPOCK2,DDR2,DAB2IP,PLPP3,MTMR3,ACOX1,DCLK1,WNT5A,ELAPOR1,CXCL6,CHI3L1,GPR161,PTPN14,SERTAD4,CCDC68,F2RL1,STK16,CHP1,LITAF,KDM5B,ALPK2,FRMD6,CDHR2,CCR3
KAECH_DAY8_EFF_VS_MEMORY_CD8_TCELL_DN	KAECH_DAY8_EFF_VS_MEMORY_CD8_TCELL_DN	0.0042832620832454	187	70	JUND,HOXA9,FOSB,DUSP1,FOS,KLF6,JUN,SLC3A2,KLF4,NOTCH1,PKD1,EGR1,TNFSF8,GBE1,IFT172,FNTB,BCL2,IDUA,RABAC1,CHERP,MYC,TNFAIP3,ZFP36,BAG3,ADRB2,GADD45A,RPL14,ENTPD5,WDR74,EML5,EIF1,NDUFAF4,TP53BP1,AXIN1,AKAP9,NPM1,SPOUT1,GALNT11,RETREG1,GALNT10,PRSS12,EYA2,ATP13A1,RPS6KC1,DALRD3,SSBP2,TP53,FTL,PER1,PARP8,NCOA5,TRAF1,RBM39,RFLNB,IPO4,TSR1,RGS2,SKI,SIPA1L2,MOGS,ZFP36L1,PNRC1,NEDD4L,KCTD12,NUMA1,RPL6,RALB,SESN1,RERE,LONP1
GSE360_HIGH_DOSE_B_MALAYI_VS_M_TUBERCULOSIS_MAC_UP	GSE360_HIGH_DOSE_B_MALAYI_VS_M_TUBERCULOSIS_MAC_UP	0.0037056878209603	179	60	COMMD4,AOAH,DUSP3,VENTX,ITGAX,PYGB,KIAA0930,TMEM184B,LMTK2,CD37,TEAD1,NMT2,PMPCA,MLF2,PCDHB11,DDB2,SIAH1,RPS6KB2,VAMP2,GNB1,FXR2,TRIM38,STX5,RPS6KA2,CDA,CD72,VAV1,PIM1,USP5,ADO,ATP6V0A1,MFN2,RPL12,CYB5R1,ECHS1,UBA7,PI4K2A,CCRL2,VAT1,NEU1,PRKCA,TCF25,NDRG2,PXDC1,FAM131A,BCAR3,SMPD1,ITPKB,EEA1,DAP,GPC3,ITGA3,PRCP,RASSF2,ITGB5,FCGRT,ACP5,IFITM1,CTTN,JUP
GSE21670_UNTREATED_VS_TGFB_TREATED_STAT3_KO_CD4_TCELL_UP	GSE21670_UNTREATED_VS_TGFB_TREATED_STAT3_KO_CD4_TCELL_UP	0.0077603172782168	166	49	EFCAB14,VAMP8,SUZ12,SUOX,CEP85,WIPF2,FXR2,LBX2,SNAPC5,P3H2,MMP9,PRAP1,RAB30,KIF1C,GNS,GNPDA1,RICTOR,HDAC3,TSPAN13,FHIP1A,NRIP3,SELENOW,SYT6,UBL5,CIB2,PLPP3,PGPEP1,TNPO2,DRC2,MOB3C,TMEM222,NUAK1,HDHD3,KCND3,ELAPOR1,HYAL2,PCMT1,F2R,FBXO36,RBMS2,QPRT,TGIF2,OTOP1,PLEKHO2,PRR13,CTTN,PGGHG,LTBP1,MPP7
GSE16451_CTRL_VS_WEST_EQUINE_ENC_VIRUS_MATURE_NEURON_CELL_LINE_DN	GSE16451_CTRL_VS_WEST_EQUINE_ENC_VIRUS_MATURE_NEURON_CELL_LINE_DN	0.0057423600911429	178	42	GPR160,PHACTR2,BCL2L1,SWAP70,SPRED1,IGF1R,UNC119,PEAR1,KAT2B,PHTF2,RAB8B,LONRF1,PRNP,JAK3,AHNAK,IKZF4,IFITM3,MAGED2,H2AZ1,MYO1C,OAZ2,EBI3,ANXA2,NT5E,EEA1,ARHGEF12,ICAM1,TP53INP1,CD81,LAMC1,NTN1,CYTH3,CISH,IFITM2,CAPG,SYPL1,SOCS2,DLG1,REEP3,NUDT4,FRMD6,TWSG1
GSE2826_WT_VS_XID_BCELL_DN	GSE2826_WT_VS_XID_BCELL_DN	0.0076480172796652	164	39	CPNE3,ADCY6,NXN,CLCN5,TRAPPC2L,SNTA1,GTF3C4,SERPINA5,CMBL,AATK,ST3GAL5,RNF38,MYL3,RNF138,DOCK5,PLA2G7,PTPRO,VWF,OAZ2,ENTPD7,GLIPR2,COL2A1,MAPKAPK2,PSAP,CRYAB,CISH,ITGB5,GPC4,BEX4,LAMP2,ACP5,SUMO3,SOX4,SOCS2,AXL,KDM5B,GLCE,KRT81,SEMA5A
GSE45837_WT_VS_GFI1_KO_PDC_UP	GSE45837_WT_VS_GFI1_KO_PDC_UP	0.0155742198750815	142	42	CEP85,VAMP2,ATG16L1,SUPT6H,C1orf105,STK38L,MYH14,STX1A,ERN1,SASH1,CASP10,ADCY6,FURIN,SLC35D1,SLC66A3,RBFOX2,AGO2,FAM222B,SGSH,PGAP1,SSX2IP,FLCN,DENND2B,SLC5A3,ITGA5,CDK9,PSG11,KPNA6,ASB4,UTRN,CHODL,SAMD4A,RHOBTB3,DAB2,RAD54L2,RORA,FOXJ2,MTMR11,SCUBE3,TNFAIP2,TMEM41B,TPD52L1
GSE4535_BM_DERIVED_DC_VS_FOLLICULAR_DC_UP	GSE4535_BM_DERIVED_DC_VS_FOLLICULAR_DC_UP	0.0058179469130667	169	56	VAMP8,MPP2,ZNF821,ELL2,POLD4,VMP1,ICA1L,IL6ST,AREL1,NFATC1,LNX2,TMEM86A,MGAT5,RAPH1,IFI27L2,NFATC2,PHACTR2,BMP7,RASL11A,CLCN5,PTPN22,SLC66A3,DOCK6,TOX2,GRAMD1B,DYNLT3,BAK1,MPP1,RNF157,ZMAT3,CBR4,ITGB1,HDHD3,S100A13,SLC5A3,MYO1C,BCL3,UAP1L1,VAMP5,CEBPZOS,SEC14L1,PPFIBP1,TP53INP2,ANXA4,PTPN1,POGLUT3,LBH,LUZP1,LITAF,PLEKHO2,LAMP2,RORA,PRR13,MALT1,SMAD3,REST
GSE21033_CTRL_VS_POLYIC_STIM_DC_24H_UP	GSE21033_CTRL_VS_POLYIC_STIM_DC_24H_UP	0.0137586775764584	128	37	TTYH2,ADCY7,TANC1,CYLD,BAIAP3,PRKCH,NCOA2,MFNG,POLR1B,IGFN1,PTPN22,THEM5,HINT3,PGAP1,TAGLN2,ACADSB,SLFN5,DSE,HEXB,IL12RB2,SELENOP,IKBKE,MOB3C,TNFRSF1A,AGFG1,TRIB2,SSH2,PRKAA1,UTRN,MYO1F,LMBR1L,NPC2,CYTH3,SHISA5,GM2A,MYO1G,PDE4B
GSE3720_UNSTIM_VS_PMA_STIM_VD2_GAMMADELTA_TCELL_UP	GSE3720_UNSTIM_VS_PMA_STIM_VD2_GAMMADELTA_TCELL_UP	0.0034255968025128	162	41	DPP4,PCBP1,CMC1,PDE2A,BICDL1,MAP3K5,SMC1A,REXO2,CKS2,LTB,TNFSF8,RUVBL1,CLTA,TCP1,C1QBP,MNS1,DDX10,CDCA7,NOP53,LEF1,RBM6,RPS20,CARMIL2,BATF,PPP1R14B,WDR74,MTHFD1L,RPL36A,PSMG1,NOP58,CCT5,GFM1,GNL3,YRDC,SSBP2,SGMS1,RPL24,ERAP1,ARRB2,EPS8L1,ZNHIT6
GSE40277_GATA1_AND_SATB1_TRANSDUCED_VS_CTRL_CD4_TCELL_UP	GSE40277_GATA1_AND_SATB1_TRANSDUCED_VS_CTRL_CD4_TCELL_UP	0.0065704332462583	181	66	CDIPT,BPNT1,OSTM1,CERS4,MANSC1,KLF3,ACOT11,RNF128,RPSA,PTPRJ,ELL2,DENND5A,LY96,S100A6,RAP1A,BMPR1A,HIPK1,AREL1,LCA5,CCNG1,SEC23A,BTBD19,TMED5,PIM1,GPR160,APLP1,SORBS1,RNF43,FOXN2,ALAD,AP5M1,SHE,SPRTN,TAF5L,SGSH,LYPLA2,TKTL1,TASP1,NCMAP,SCOC,TNFRSF13C,SNX30,RBPMS2,IQGAP2,RAB1A,ANGPTL2,CCDC126,PRDM1,EEA1,CEMIP2,TAF9B,ARHGEF12,F2RL1,CCR5,SLC46A3,ICAM1,MYO1F,EMP3,TRAF5,ITGAV,ARHGAP31,AXL,TIMP2,RAB31,RRM2B,TSPAN14
GSE42021_TCONV_PLN_VS_CD24HI_TCONV_THYMUS_DN	GSE42021_TCONV_PLN_VS_CD24HI_TCONV_THYMUS_DN	0.0067695372840237	183	44	NAE1,SDC1,ANK3,CTDSPL,HS1BP3,LY6E,EXT1,TDRD7,MARCKS,B4GALT4,COL21A1,APOBEC3B,FAM114A1,KRT19,SORT1,CAVIN1,MGLL,SLCO2B1,AP1M2,MX2,EPB41L4B,PALLD,ANXA6,RAB40B,FAM131A,CD9,ROR1,AQP3,ATP6V1H,EMP3,KIAA0232,CAP2,SCARA3,MX1,DLG1,JUP,LIN28A,GMFB,ZNF185,GM2A,GYG2,CUL4B,UCP2,PRSS23
GSE3039_NKT_CELL_VS_ALPHAALPHA_CD8_TCELL_UP	GSE3039_NKT_CELL_VS_ALPHAALPHA_CD8_TCELL_UP	0.0056207828221679	165	47	MAP4K4,CTNNB1,CSF1,NDFIP2,MTUS1,UBXN4,HAL,SCAMP1,CD14,FOSL2,PIM1,LCN2,ZMYM2,YTHDF3,RICTOR,SMIM3,TBC1D23,RAP2A,FBXL5,IGF1R,SGSH,FAM8A1,PRSS22,PPP1R3B,CCNG2,DUSP6,PAN3,ADGRL2,PAG1,DIP2C,CXCL6,CHI3L1,MTHFD2L,SSH2,MTM1,SVIP,MICALL1,IL1R2,SMOX,NDST1,AHR,PLAU,CCDC80,PALS1,CCR1,NUDT4,TCN2
GSE13547_2H_VS_12_H_ANTI_IGM_STIM_ZFX_KO_BCELL_DN	GSE13547_2H_VS_12_H_ANTI_IGM_STIM_ZFX_KO_BCELL_DN	0.0073561381027053	158	47	CPT1A,IL2RA,CEP83,KIF15,CDC6,IL18R1,ITGA1,CKS2,PLK4,MRPL18,KLF11,MKI67,EXO1,TPX2,MIX23,E2F8,PALS2,SMC2,RPF2,DPY19L1,COX10,LEF1,MLF1,CEP89,RIDA,PLP2,MCM10,CRIP1,PRELID1,LRWD1,NEIL3,MAP3K8,RPL14,KMT5A,MRPL1,SGO2,IPO5,NSD2,HMGN2,ACAA2,CENPE,ERAP1,PA2G4,NDUFB7,CDCA3,HMMR,IQGAP3
GSE25088_ROSIGLITAZONE_VS_IL4_AND_ROSIGLITAZONE_STIM_STAT6_KO_MACROPHAGE_DAY10_UP	GSE25088_ROSIGLITAZONE_VS_IL4_AND_ROSIGLITAZONE_STIM_STAT6_KO_MACROPHAGE_DAY10_UP	0.0039150465469008	179	68	MSRB1,TRANK1,HDAC5,AOC3,CELF2,NUP50,COTL1,ARHGAP19,CYTH1,RAB11FIP1,NRBF2,MED13L,REPS2,MANSC1,DOCK8,H2AC14,YPEL5,RPGRIP1,AKT1,TNRC6B,PPP1R12A,ABTB1,HIPK1,FAR1,LRCH4,HAL,GNAS,FOSL2,BAZ2B,FURIN,RCOR1,TOB2,CLCN4,APLP2,TMX4,WIPI2,ZNF641,TAGLN2,MTURN,GNAI2,BNIP3L,MTMR3,GDE1,TMT1A,GDPD3,MTMR10,SNX18,RYBP,FHIP2A,C11orf21,SPOPL,LAMTOR4,MICAL2,HYCC2,ARPC5,GPSM3,MAP3K2,PRCP,IFITM2,TGFBR2,PADI2,FKBP9,ARHGAP30,RUBCNL,TIMP2,PGGHG,CAMK1D,FOLR1
GSE2770_UNTREATED_VS_IL12_TREATED_ACT_CD4_TCELL_2H_UP	GSE2770_UNTREATED_VS_IL12_TREATED_ACT_CD4_TCELL_2H_UP	0.0070156993152364	183	62	AOAH,HDAC5,AOC3,S100A4,CXCR1,KCNQ1,LYZ,VBP1,CDIPT,AGER,PIGB,CS,MEGF9,VCL,OAT,CCPG1,CDK14,MTMR1,PRPS2,HAT1,PCNX1,HAL,GNAS,ZMYM2,CPNE3,SLC9A1,ANAPC5,GRN,ACVR1B,PEX19,UBA7,FBXL5,GRAMD1B,TMX4,ALDH6A1,NEU1,TAGLN2,NPTN,RTF1,STIM1,GAS7,PSMB4,ABHD2,GDE1,CALCOCO1,TMT1A,TMBIM6,IQGAP2,CHI3L1,LCP1,ATP5MC3,GBA1,PBXIP1,F13A1,TPST1,TSPAN2,DSTYK,TIMP2,FRY,ZNF185,CUL4B,UCP2
GSE17974_CTRL_VS_ACT_IL4_AND_ANTI_IL12_2H_CD4_TCELL_UP	GSE17974_CTRL_VS_ACT_IL4_AND_ANTI_IL12_2H_CD4_TCELL_UP	0.0043090134950167	169	57	CCDC85B,DUSP1,FBXL16,FOS,JUN,KLF4,SOX14,THADA,H1-10,FANCC,TRABD2A,EPHX2,PCNT,ABCC5,TNFSF8,NMRK1,KLF11,P2RX5,REPIN1,PGLS,SIK1,FHIT,HEMK1,ALKBH7,IRS2,CDCA7,STK10,KIFC2,SYTL4,ARRDC3,TRADD,CREB3L2,PIEZO1,GADD45A,EIF4G3,ENTREP3,TYSND1,MRPL1,GABBR1,R3HDM2,RAP1GAP2,IRF1,PGAP2,PRKCE,GSAP,RPS6KC1,PPP1R7,MRPL40,KLHL15,WAS,OXNAD1,FAM111A,DHRS7,GPD1L,ROGDI,GALNS,FAM24B
GSE36392_MAC_VS_NEUTROPHIL_IL25_TREATED_LUNG_DN	GSE36392_MAC_VS_NEUTROPHIL_IL25_TREATED_LUNG_DN	0.0063451822896678	156	38	FLT1,MAPK6,GNPDA1,NINJ1,ALPI,SPRED1,PRKAR1A,CDKN1A,CMIP,SCAMP5,STAB1,SLC51A,VAT1,DMKN,PRNP,B3GNT3,COPZ2,WWTR1,CGNL1,NIBAN2,NGEF,EXOC5,GRHL3,PKP1,OTOG,F2RL1,ZNF532,CPEB4,CCL22,SLC6A3,NRP2,LUZP1,LAMB3,SOCS2,CCR1,MUC5B,OLR1,CUL4B
GSE40274_CTRL_VS_LEF1_TRANSDUCED_ACTIVATED_CD4_TCELL_UP	GSE40274_CTRL_VS_LEF1_TRANSDUCED_ACTIVATED_CD4_TCELL_UP	0.0097371942865426	149	37	LAPTM5,CTDSPL,PDLIM2,RASGRP3,PLCB2,XKRX,BARD1,TMEM229B,MAGED1,ACSF2,ARL6IP1,FBLIM1,CD99L2,NCF2,TMPO,LPP,MAN2A1,SERINC3,TMBIM6,PTPN14,SH3BGRL3,SEC14L1,INPPL1,THEMIS2,CDC42SE2,CKAP4,CD81,PRCP,NDST1,WDR6,JAG1,DAB2,GAB2,MALT1,CD24,TCN2,RNF141
GSE13306_TREG_VS_TCONV_SPLEEN_UP	GSE13306_TREG_VS_TCONV_SPLEEN_UP	0.0073578508320171	159	57	DGKH,C1R,ALDH1A2,GPATCH11,TRIM17,BLCAP,USP27X,OAT,PTPRJ,CA5B,IL6ST,DUSP4,ASXL1,MAP1B,MMP9,PARD3,MPI,PIM1,CYP26A1,NFATC2,ZCCHC24,CCND2,BCL2L1,MAP3K21,SMPD3,FBXO41,ITM2C,ADAMTSL4,MPP1,FAM3B,ISG20,SLFN5,PTGFRN,ATP6V1E1,SEC24A,YPEL2,MTMR3,SNX30,IKZF4,CNOT6L,TCEAL8,MSX1,MYOM1,VAMP3,PAPSS2,CAMK2D,SERPINB9,PTPN1,LAMC1,NTN1,TSPAN32,TP53I11,PROCR,SOCS2,ECM1,COL1A1,KIAA1217
GSE10273_HIGH_VS_LOW_IL7_TREATED_IRF4_8_NULL_PRE_BCELL_UP	GSE10273_HIGH_VS_LOW_IL7_TREATED_IRF4_8_NULL_PRE_BCELL_UP	0.0061059563864667	186	70	RIN3,TWF1,ERLIN2,MARCHF7,DOCK1,DENND4C,ZFC3H1,BLTP3B,PLCXD2,ABCB10,GTF2IRD2,TGFBI,WAPL,C6orf62,ADCY7,CMTM6,RECK,NSUN3,MOSPD2,SLC25A36,UGDH,INTS6L,FOSL2,GPR160,KIF17,HS1BP3,TJP1,CPNE3,GNPDA1,MTMR6,DCTN6,PSME4,ANXA9,FAM91A1,FAM114A1,FAM199X,PHIP,LONRF1,ACAP2,HIPK3,SECISBP2L,TBC1D15,SH3BGRL,HEXB,ANKRD63,ACOX1,CAMK2G,IKBKE,IFITM3,CASD1,CMTM3,RAB11FIP5,LEPROT,STYX,QKI,NAGA,ENPP4,MAST3,MICALL1,SLC40A1,CKAP4,LDAF1,CLTC,DNMBP,LDHB,PHLDB2,PXN,FNIP1,KDM5B,CDH1
GSE24142_DN2_VS_DN3_THYMOCYTE_ADULT_UP	GSE24142_DN2_VS_DN3_THYMOCYTE_ADULT_UP	0.0091198667166771	172	44	PIM1,SORBS3,KIF17,PSMD13,ARID3A,HAAO,INPP5K,DDAH2,TEP1,P2RX4,CRYZL1,SLC8B1,SERPINF1,DPYD,CKM,EPB41L4B,CRYBB1,TLE6,ALDH2,CUEDC1,ADRA2B,ARHGAP29,CEBPZOS,SRC,PMEL,RHOQ,RASGRP2,THEMIS2,SMOX,F13A1,LDAF1,DNASE1L1,FEZ2,LITAF,PROCR,ENC1,CLSTN3,CTTN,NECTIN2,ASB9,PIAS3,GM2A,GABARAPL1,MUC13
GSE37605_FOXP3_FUSION_GFP_VS_IRES_GFP_TREG_C57BL6_DN	GSE37605_FOXP3_FUSION_GFP_VS_IRES_GFP_TREG_C57BL6_DN	0.0082504358062872	147	44	CLPX,MAN2B1,MAP4K3,FKBP7,RASAL2,AKAP12,AASDHPPT,EGFLAM,FHL1,KLHL24,UBE4A,TDRD7,USP12,MOSMO,ARHGEF33,TNS1,KLRC2,DSE,DUSP6,PGGT1B,RCAN1,GBP3,IL12RB2,NBEAL1,SNTB2,AGTRAP,TAGLN,SAT2,ARHGAP29,F2R,GGT5,GNG11,SPARC,ANXA1,FBLN5,DPEP1,FEZ2,BAMBI,FKBP9,PPP2R3A,STARD8,CCDC80,ECM1,CAMK1D
GSE32164_RESTING_DIFFERENTIATED_VS_CMYC_INHIBITED_MACROPHAGE_UP	GSE32164_RESTING_DIFFERENTIATED_VS_CMYC_INHIBITED_MACROPHAGE_UP	0.0095146298457073	170	40	MINDY1,MARCKS,STAR,CLCN5,TBC1D23,P2RX4,PDE6A,ANKRD1,PHTF2,WIPI2,GGA2,RIMOC1,LAT2,ALDH2,TMT1A,SMIM14,EBI3,RYR1,MTM1,EEA1,ZNF532,PRRC1,CTSS,RASGRP2,FGFR4,TPD52,CD81,TPST1,SERPING1,FCGRT,LAMP2,LAMB3,PLTP,CAPN5,SYPL1,GSN,TNFAIP2,CNN3,TLE1,CAPN6
GSE14308_TH1_VS_TH17_UP	GSE14308_TH1_VS_TH17_UP	0.0041883717873789	185	43	JUND,CRLS1,DUSP1,BOD1,SPRY2,H2AX,TRIM14,ANP32B,MEMO1,MLKL,CDC6,CPAP,KIF4A,NHP2,DGAT2,FIRRM,VTI1B,MXD3,ERMP1,VSIG10L,C19orf38,E2F8,CACTIN,PDE3B,BUD13,TMEM51,NEK4,FBXO17,RRS1,POP7,DCAKD,BOP1,NFKB1,MRM3,ICOSLG,ZFP36,ANGPTL4,PRIM2,NEB,MRPS34,ACTR3B,MESD,RWDD1
GSE43863_TH1_VS_TFH_MEMORY_CD4_TCELL_UP	GSE43863_TH1_VS_TFH_MEMORY_CD4_TCELL_UP	0.0041730997871737	191	65	HSPH1,HSP90AA1,RCN1,CEP83,ANKRD13B,CACYBP,HSPD1,CDC34,WDR3,THOP1,KLF16,RAVER1,EGR2,FABP5,AMZ1,ATP1B3,XPOT,WDR18,EIF5B,SRFBP1,EIF2B3,ZC3H15,IRS2,MLLT1,SLC25A22,IFRD2,FOSL1,MYDGF,ALG3,CHST11,SLC25A1,EPOP,RGS16,AKAP1,ODC1,AIMP2,CCDC137,GLA,HSPA9,SCARB1,RCL1,CHLSN,RRP8,PDAP1,IFIH1,POLR3D,ORC2,CCT6A,RCC1,PLEK,SRM,MIOS,NLE1,UTP18,FTSJ3,RRP9,ERAP1,EIF2S1,TRA2B,ZNHIT6,FASN,ST6GALNAC4,SH2D2A,CHAMP1,UTP6
GSE2770_IL12_AND_TGFB_ACT_VS_ACT_CD4_TCELL_6H_DN	GSE2770_IL12_AND_TGFB_ACT_VS_ACT_CD4_TCELL_6H_DN	0.00629386457355	182	53	AHSA1,IL15RA,IL2RA,MANF,FKBP4,GZMB,HNRNPAB,STIP1,HSPA8,SLC1A5,CYTIP,PKNOX1,CDC25A,IL18R1,TNFSF8,UTP14A,HSPA5,P2RX5,SLC25A4,RMC1,GADD45G,STEAP1,NRP1,JPT2,HUS1,NANS,PCSK5,FOSL1,NARF,PDIA6,CSTF2,NETO2,PFDN2,MAP3K8,BATF,GRPEL1,NOP14,PRKX,EIF1,TMEM39A,CCT3,HDAC4,SEC24D,YRDC,WARS1,SFPQ,HUNK,DNAJB6,PA2G4,PSMD5,COX17,LIF,TPM4
GSE36891_UNSTIM_VS_POLYIC_TLR3_STIM_PERITONEAL_MACROPHAGE_UP	GSE36891_UNSTIM_VS_POLYIC_TLR3_STIM_PERITONEAL_MACROPHAGE_UP	0.0095557258217785	115	29	FOSB,FOS,PPP1R15A,SPRY2,CEBPD,EGR1,ATF3,CYTIP,MAMDC4,NR4A2,MUCL1,IER3,HSPA1A,MNT,EGR2,CEBPB,SERPINE1,DOK7,CHTF18,IRS2,PLK3,NFIL3,ELFN1,PTGS2,ODC1,TNFAIP3,ZFP36,CTLA4,RASD1
GSE2770_IL12_ACT_VS_ACT_CD4_TCELL_6H_DN	GSE2770_IL12_ACT_VS_ACT_CD4_TCELL_6H_DN	0.0116511378761464	152	32	FAM217B,SPRED1,ETV6,PTAFR,SPC24,N4BP2,SMURF2,SELENOW,H2AZ2,ABCC6,SEMA3G,PRICKLE2,PTBP2,SOCS6,LAMA3,CASD1,MORF4L1,GID8,KLHL42,OLFML3,FSTL1,LRIG2,AQP3,NUDT21,ARID5B,TMEM128,BEX4,MTMR11,KRT38,CGN,LZTS1,MPP7
GSE23321_CD8_STEM_CELL_MEMORY_VS_NAIVE_CD8_TCELL_UP	GSE23321_CD8_STEM_CELL_MEMORY_VS_NAIVE_CD8_TCELL_UP	0.0034334818966703	174	41	HSPH1,RBM17,NOL7,IL17RC,RCN1,NSMF,BICDL1,TOMM34,THOP1,SLX9,CKS2,PRDX4,RPIA,NDUFAB1,SRSF10,MED19,MIX23,RRS1,KLF10,ERICH1,NFIL3,RUNX3,CTXN1,SLC71A1,MLF1,NCL,RGS16,TNFAIP3,DDX27,SELENOS,MCAT,ITPKA,TP73,LAS1L,IKBIP,PHACTR1,TNFRSF1B,ODR4,MAST2,CCT6A,MTHFD1L
GSE3982_MAC_VS_NEUTROPHIL_LPS_STIM_DN	GSE3982_MAC_VS_NEUTROPHIL_LPS_STIM_DN	0.010255609499561	145	43	LIMD2,MEGF9,UBE2B,SLC6A14,MPP2,HDAC7,VAMP2,LRRC3,AREL1,ZNF362,PCNX1,FICD,LRP10,BAZ2B,PSMD13,DOC2B,RCOR1,TMEM177,PRRX2,SLC7A4,TCF25,TRIM33,KLF12,ALOX5AP,MTMR3,CCDC69,CALD1,RALBP1,IST1,F2RL1,HMGA2,ARF4,LMBR1L,BCAM,TSPAN32,TP53I11,GAB2,IGFBP5,RUBCNL,LIN28A,EPHB3,TLE1,NMNAT2
GSE39556_CD8A_DC_VS_NK_CELL_DN	GSE39556_CD8A_DC_VS_NK_CELL_DN	0.0092421637799275	166	43	RPS6KA2,CD72,PEX2,RIMS3,LRP10,RASGRP1,TJP1,RNASE6,GRN,CLCN4,TFDP2,MTMR6,PTAFR,PHEX,SERPINF1,APLP2,TMX4,MGLL,TNFAIP1,EVI5,GNAZ,GAS7,TMT1A,CCDC69,MYO1C,TRIB2,SIT1,KPNA6,NT5E,MAST3,ROR1,PDLIM1,EMP3,BNIP2,DNMBP,SBSPON,TGFBR2,IRS1,MTSS1,STAT6,DTX4,FOLR1,PIP5K1B
GSE3039_ALPHAALPHA_CD8_TCELL_VS_B1_BCELL_UP	GSE3039_ALPHAALPHA_CD8_TCELL_VS_B1_BCELL_UP	0.0073241684943305	177	49	TMEM86A,SELENOI,TMEM65,TMED4,RIMS3,SLC25A30,CCND2,TDRD7,GNS,MAGT1,ITPRID2,TGM1,RAP2A,FAM91A1,LRP12,ITM2C,MRAS,GPR35,CORO2A,ZMAT3,FAM43A,GNGT2,RCAN1,ACOX1,C2,BDH1,PLEKHB2,LPP,MAN2A1,DIP2C,GCNT2,SLC35F6,NAB2,PRDM1,RAB14,CORO1C,CTSS,PTPN1,RAB12,BNIP2,ITCH,MVP,FEZ2,PROCR,FCGRT,CAPN5,ANPEP,SSH3,KCNN4
GSE14908_RESTING_VS_HDM_STIM_CD4_TCELL_ATOPIC_PATIENT_DN	GSE14908_RESTING_VS_HDM_STIM_CD4_TCELL_ATOPIC_PATIENT_DN	0.0052073600372341	191	58	GATAD2B,DOCK8,MLLT10,IGF2R,CA9,FMO5,VAMP8,ZYX,TRIO,SPIN1,CMTM6,ITIH5,SLC41A3,SFXN3,APPBP2,PRKCH,TAX1BP1,MYL11,FOSL2,TM7SF2,LAPTM5,MCAM,RASGRP1,GNPDA2,PLCB2,MOV10,RICTOR,ACVR1B,RAMAC,INPP5K,SESN3,TSPAN13,FAM91A1,ALDH6A1,MTURN,UBL5,ARL6IP1,C5orf24,VPS35L,DNAJC5,INAVA,PACSIN1,WBP2,MSX1,FZD7,SLC35F6,UAP1L1,LGALS7,ANXA2,ACTR1A,TNRC6A,ITCH,NAA30,GLMP,MCOLN3,SOX4,CRIM1,WLS
GSE17721_CTRL_VS_POLYIC_8H_BMDC_DN	GSE17721_CTRL_VS_POLYIC_8H_BMDC_DN	0.005522679586277	167	47	SLC6A8,TUBG2,MMP2,GFPT1,ETV3,GCA,PKDCC,ACSS1,PTPRE,BLOC1S6,BCL2L1,ATP8B3,CCNE1,DHX58,SLC26A2,MELTF,LMO4,KLF5,SELENOW,CCDC6,G3BP2,STK31,PALLD,GTPBP2,TBC1D13,ADORA1,MAGED2,TRIB2,EBI3,CD70,PLCG1,MOB4,PADI3,ARPC5,SERPINB9,LMBR1L,CAV1,TIMP1,BNIP2,DAB2,PROCR,STAT5A,CAPN5,BST2,MSLN,EPSTI1,FLNC
GSE34217_MIR17_92_OVEREXPRESS_VS_WT_ACT_CD8_TCELL_UP	GSE34217_MIR17_92_OVEREXPRESS_VS_WT_ACT_CD8_TCELL_UP	0.015503233236141	98	30	TXNIP,MGAT5,MYL11,ARHGDIB,PREB,PIM1,BAHD1,IGF2,ARL4D,FMN1,INPP5K,GJC2,TOM1,PCSK6,LDB1,FAIM2,FXN,RAB27B,CDK9,SH3BP4,DGKA,NPC1L1,PSAP,LIMA1,CACNB3,KRT4,ECM1,WLS,IL2RB,ACKR3
GSE22140_GERMFREE_VS_SPF_ARTHRITIC_MOUSE_CD4_TCELL_UP	GSE22140_GERMFREE_VS_SPF_ARTHRITIC_MOUSE_CD4_TCELL_UP	0.0064670168150731	173	52	IGF1,ELL2,ELK3,COL15A1,FCMR,RPS6KA2,LETMD1,ARNT2,ABCE1,SCAMP1,MYO7A,FSCN1,ATP8B3,ERGIC3,RTCB,RPL15,BID,TNFSF10,APLP2,MAGED1,FN1,SRP72,MPP1,MX2,RAP2C,SELENOP,PCSK6,TPM1,RAB40B,BCAR3,CXCL6,SAR1A,GTF2H3,AKR1C3,GPNMB,CD4,RAB5C,F13A1,CCNC,DNMBP,FBLN5,DNASE1L1,MMP7,ITGB5,IFITM2,CD59,TUBB4A,MTSS1,ITGA6,MX1,PLAU,EFEMP2
GSE9650_EXHAUSTED_VS_MEMORY_CD8_TCELL_UP	GSE9650_EXHAUSTED_VS_MEMORY_CD8_TCELL_UP	0.0097655047016373	160	38	LRP10,MCAM,WDR55,ADCY6,CKMT2,TMEM150A,CCRL2,GTF3C4,SPOCK2,LAT2,YAP1,EFNB3,TCF7L1,HIF1A,BCL3,NAB2,VAMP5,IL10,XCR1,SEC14L1,PRDM1,EEA1,HMGA2,FSTL1,PRRC1,PLA2R1,LAMC1,ITGAV,CYTH3,CISH,LITAF,AHR,MYRF,SYPL1,MMP14,TG,TWSG1,ACKR3
GSE21380_TFH_VS_GERMINAL_CENTER_TFH_CD4_TCELL_UP	GSE21380_TFH_VS_GERMINAL_CENTER_TFH_CD4_TCELL_UP	0.0092922038497104	168	56	CA5B,EGFR,PLXNB1,ANXA11,TMEM144,P2RX1,VPS53,AJUBA,TIE1,MMP2,SASH1,LCN2,COL5A3,TRIP6,FAM114A1,TBKBP1,NDUFB6,GFOD2,APLP2,BCAS1,ANKRD1,ITGA2B,TAGLN2,CCDC120,SNX33,GNAI2,DAG1,PPP1R14D,TBC1D8,MAMSTR,SYNE4,BDH1,CABP5,NUAK1,CUEDC1,TAGLN,SHROOM4,GRHL3,RAB11FIP5,SAT2,HID1,F2R,SRC,HSD17B14,RBMS2,CD4,LRP1,KIRREL1,APOE,PHLDB2,FKBP9,MAMDC2,MYLK,CTTN,PIANP,ST3GAL1
GSE17974_IL4_AND_ANTI_IL12_VS_UNTREATED_48H_ACT_CD4_TCELL_DN	GSE17974_IL4_AND_ANTI_IL12_VS_UNTREATED_48H_ACT_CD4_TCELL_DN	0.0088360793636696	130	36	LRRC3,SPSB2,LY96,MAP4K4,GBP1,CNN1,SSTR3,ANK3,KIAA1586,SCML1,TSSK3,CDKN1A,MAPK3,DHTKD1,LMO4,KAT2B,PGAP1,RIPOR1,ISG20,PIK3R5,IL12RB2,IQGAP2,AGFG1,POLR2M,ANXA2,F2RL1,APH1A,FZD10,NFE2L3,BST2,EPSTI1,MX1,SOCS2,PLAT,PDE4B,PRSS23
GSE18893_TCONV_VS_TREG_2H_TNF_STIM_DN	GSE18893_TCONV_VS_TREG_2H_TNF_STIM_DN	0.0060331212117181	175	53	TCP11L2,ADCY7,ABTB1,TRIM38,SSH1,LCOR,NBPF10,TCEAL3,MBTD1,PHF12,FOSL2,ZNF148,ETV3,BAZ2B,CSRNP2,SERINC1,PTPRE,SLC27A1,SCML1,AKAP13,EFR3A,PIK3IP1,FNIP2,SLC26A11,ERBIN,APLP2,BTBD7,PRNP,RAB11FIP4,ZNF641,CDC42EP3,FAM43A,PAN3,CUL5,TCF7L2,BACH1,CCDC126,SMIM14,IST1,SERPINA1,AFF4,THEMIS2,MAP3K2,DNMBP,LBH,DAZAP2,PLXND1,OGFRL1,PRKAG2,FRY,CNN3,STAT6,CAMK1D
GSE7568_IL4_VS_IL4_AND_TGFB_TREATED_MACROPHAGE_24H_DN	GSE7568_IL4_VS_IL4_AND_TGFB_TREATED_MACROPHAGE_24H_DN	0.0069612281902671	186	63	GTF2F2,ZC3H18,TSEN2,DAZAP1,MRPL18,DNAJC2,MRPS31,RANBP1,CDC26,C1QBP,BAG2,NOL8,PALS2,ERLIN1,NOC4L,HUS1,PLK3,UTP20,MAOA,SRP68,BOP1,NIFK,ALG3,SLC30A5,HSF1,KAT2A,AKAP1,PLP2,AGPAT3,MCM10,PHF5A,TMEM11,HADH,MICAL3,SCARB1,RCL1,RWDD1,SLC16A6,POLR3D,EIF1,PFDN6,TRIP13,GFM1,HMGCS1,HASPIN,RABGGTB,CRYZ,MRPL17,NMD3,COQ5,CALR,CANX,TADA2A,PHAX,ROGDI,HSPA4,RWDD4,DPAGT1,CDV3,TTC27,QTRT1,ATXN7L2,MRPS15
GSE15330_LYMPHOID_MULTIPOTENT_VS_GRANULOCYTE_MONOCYTE_PROGENITOR_IKAROS_KO_DN	GSE15330_LYMPHOID_MULTIPOTENT_VS_GRANULOCYTE_MONOCYTE_PROGENITOR_IKAROS_KO_DN	0.0080425990586421	184	52	RIPK3,SHCBP1,CDS2,AKAP12,FBXO6,ANXA7,RAB11A,SERINC1,FURIN,SPRED1,SDC3,HAUS4,RPS16,MAPK3,GFOD2,STAB1,PIAS2,PTBP3,FES,AEBP2,PPP3CB,PRNP,CRTAP,AHNAK,MYBL2,PMEPA1,DENND10,TM9SF3,HIF1A,NECAP2,SAR1A,KCTD17,GLIPR2,CRY1,PBX2,DAP,RBMS2,ARF4,GALE,PTPN1,ERCC2,CCNC,EMP3,NDST1,ACP5,PXN,EID1,ATOSB,TRPS1,TLE2,C1S,GM2A
GSE17721_4_VS_24H_GARDIQUIMOD_BMDC_UP	GSE17721_4_VS_24H_GARDIQUIMOD_BMDC_UP	0.0061141014967367	175	49	ANXA11,EVA1A,IL6ST,ANKRD13A,EIF2S3,HMGN3,SELENOT,STX1A,MID2,LSS,IFNAR1,LAPTM5,PHYHIPL,YPEL1,KIF1C,ITPRID2,PPP6C,CDX2,AGO2,PRMT6,UBE2H,ZNF385A,RAB8B,TUBB2A,ST3GAL5,LAPTM4B,RNF38,ZNF207,TBC1D13,S100A13,MPP4,GPR3,TREM2,SNN,PCLAF,TRAM1,STARD4,RARG,ITCH,SNX4,PLTP,FUOM,EHD2,MOB1B,SERPINB1,REEP3,GM2A,SEMA5A,KCNN4
GSE2770_UNTREATED_VS_TGFB_AND_IL4_TREATED_ACT_CD4_TCELL_2H_DN	GSE2770_UNTREATED_VS_TGFB_AND_IL4_TREATED_ACT_CD4_TCELL_2H_DN	0.0073264370284179	178	50	INSR,ANKMY2,TBCEL,SLC9A5,ZC3H12A,NRM,PAXBP1,HMGN3,RAB21,ARHGDIB,ETFRF1,NAE1,ADNP2,VHL,TOB2,TMEM229B,PRKAR1A,PHKG2,BID,PHTF2,LONRF1,CCDC6,AP1M2,BORCS7,KLF12,DSE,PXDC1,GNGT2,COPG2,SLC6A6,PCIF1,EEIG2,MECP2,PAG1,TMEM245,HIF1A,SLC35F6,FAM168B,CDK9,CORO1A,ID2,LFNG,ARPC5,CCR5,DAZAP2,EID1,MTSS1,LCK,ZNF512B,REEP3
GSE27670_BLIMP1_VS_LMP1_TRANSDUCED_GC_BCELL_UP	GSE27670_BLIMP1_VS_LMP1_TRANSDUCED_GC_BCELL_UP	0.0078511096047638	159	41	IFI27L2,LAPTM5,IFITM10,CSF1R,ACSS1,GNS,GRN,MTHFR,TEP1,STAB1,ITGB2,FES,CYBB,PLD2,TOM1,SIRPA,GRPR,C2,ACP2,SKA2,COL6A3,PLAUR,HPN,GBA1,NAGLU,ZNFX1,MYO1F,PSAP,KCNQ2,ITGB5,RAB3B,BEX4,ACP5,CXADR,ARF3,PRKCG,SLC7A7,AXL,PIK3CD,SHISA5,KRT71
GSE43955_TH0_VS_TGFB_IL6_TH17_ACT_CD4_TCELL_42H_DN	GSE43955_TH0_VS_TGFB_IL6_TH17_ACT_CD4_TCELL_42H_DN	0.0078511096047638	159	47	RAP1A,CLPX,GLI2,SELENOT,HAL,SCAMP1,BMP4,NFATC2,ATP6V0A1,ANK3,DNM1,ACADS,MARCKS,INPP5K,MTX1,PIAS2,NDRG4,PAQR7,SSX2IP,H3-5,EFNB3,PCSK6,TMEM222,NGEF,FBXO21,NAB2,GLIPR2,MTM1,GGT5,WDR45B,NTF3,ALDH1A1,SEPTIN4,SAA2,CSF2RB,DAB2,PROCR,CLCNKB,SLC1A2,RAB3B,BEX4,NYNRIN,UGCG,LCK,TMEM41B,CPXM1,TBL1XR1
GSE23398_WT_VS_IL2_KO_CD4_TCELL_SCURFY_MOUSE_UP	GSE23398_WT_VS_IL2_KO_CD4_TCELL_SCURFY_MOUSE_UP	0.0054272593157209	175	65	AHSA1,DUSP1,SPRY2,DIO2,LENG1,TONSL,NUP107,FANCC,POR,CBX4,DNAJC2,LMNB2,BASP1,SMC2,CAMK2N2,TRMT61A,ANKRD9,SYN1,IRF2BP1,COX10,ZRANB3,EEFSEC,KAT2A,ODC1,AIMP2,CCDC137,CHD1L,PPFIBP2,DDIT3,LYAR,CEND1,EXOSC8,MESD,POLD1,BCAN,ZDHHC5,CCND1,KRI1,TPRA1,METRNL,DNMT1,CLUH,SFRP5,DONSON,PCNA,B2M,TIPIN,LONRF3,BZW2,FAM111A,PCBD2,TMEM80,GALNS,GSDME,MOCS2,ARPC5L,CEP41,NR2F2,HGH1,IARS1,PSMD14,BOLA3,KITLG,CCDC167,ENTPD6
GSE17721_LPS_VS_POLYIC_16H_BMDC_DN	GSE17721_LPS_VS_POLYIC_16H_BMDC_DN	0.0089754241730158	183	63	FAM227B,MDM4,USP15,NRROS,PLEKHO1,MYO10,MANSC1,PARVG,DCBLD2,NAXE,NAA80,GRINA,SEZ6L2,SPIN1,IP6K1,SNRK,EFNB2,HMGN3,PTPRF,YPEL1,HS1BP3,BLOC1S3,TOB2,CCNE1,SCARB2,TSPAN13,ZNF385A,KAT2B,RAB8B,NDRG4,BCAT1,CHMP1A,TLE6,TBC1D8,IL12RB2,SOCS6,TBC1D13,TMBIM6,GCNT2,SPPL3,GLIPR2,NLGN2,RYR1,YTHDF1,CAMK2D,UTRN,RBMS2,CCR5,SLC43A3,LRP1,SYNGR2,ACTR3,SNX4,PLEKHO2,ENC1,AVL9,PXN,CDH11,KRT20,SOX4,SCN1B,SERPINB1,IL2RB
GSE41867_NAIVE_VS_DAY15_LCMV_EFFECTOR_CD8_TCELL_UP	GSE41867_NAIVE_VS_DAY15_LCMV_EFFECTOR_CD8_TCELL_UP	0.0029778759313102	193	64	AATF,TRIM14,SEC14L4,LSM7,TSEN2,FAM174C,POR,WDR3,CMSS1,NCBP1,RAVER1,ERP44,PABPN1,VIPAS39,DTX3L,FABP5,FAF1,THOC7,INTS3,BAG2,NANS,DCAKD,NFIL3,POLD3,UFSP1,CETN3,RNASEH2C,ZPR1,PCCA,OGFR,PRKCSH,MID1IP1,UTP25,MSH2,MAP2K2,MED30,TWNK,BMS1,EFL1,ACTR3B,HSD17B7,MBD3,ELAC2,ZNF213,IFT25,CCT5,ALG5,NSMCE1,CCDC34,PPP1R7,CLNS1A,DRC9,MTLN,RECQL4,COX17,MED8,DDX52,PIGG,IFT56,PCBD2,ACTA1,DPAGT1,PIN4,ANAPC7
GSE18791_CTRL_VS_NEWCASTLE_VIRUS_DC_2H_UP	GSE18791_CTRL_VS_NEWCASTLE_VIRUS_DC_2H_UP	0.0117005874887176	152	62	FOS,SLC39A3,TTI1,MRPS26,CCDC66,MRPS31,TNRC18,NAV2,ZFP62,DAAM2,EFCAB7,SALL3,SRP68,NAIF1,CETN3,DROSHA,CHRND,WDR53,PAAF1,FBXL4,PAQR8,NMNAT1,TTI2,PHF14,ASF1A,METTL21A,NCDN,ZNF850,BORA,GEMIN5,RUNDC1,MAIP1,INTS8,MLH3,HJURP,ATF6B,NFE2L1,RIOK2,TRIM27,RPE,DBR1,DCP1B,SEC22A,BTNL9,RMND5B,TIMM21,URB1,PRIM1,PSRC1,ZNF319,ZNF544,C2orf42,ZNF559,PDCD2L,ZNF583,MTRES1,CHST15,PEX1,NAPEPLD,SLC35B3,NEK2,RCSD1
GSE9946_MATURE_STIMULATORY_VS_PROSTAGLANDINE2_TREATED_MATURE_DC_DN	GSE9946_MATURE_STIMULATORY_VS_PROSTAGLANDINE2_TREATED_MATURE_DC_DN	0.0125223508584976	86	33	MANSC1,DRD2,TSPAN15,FNBP1L,PIWIL4,ELN,THNSL2,EGFR,ENG,SSC4D,RASAL2,SSTR3,LCN2,VWCE,SMOC2,RAP2A,DISC1,GPR20,GJC1,TNFRSF13C,RBM24,TCEAL8,MSX1,MGST1,SYNPO,GNG11,ANK2,TPD52,FBLN5,JAG1,UNC5B,ARHGEF17,VLDLR
GSE29615_CTRL_VS_LAIV_FLU_VACCINE_PBMC_UP	GSE29615_CTRL_VS_LAIV_FLU_VACCINE_PBMC_UP	0.0073231582941881	141	26	RAMP2,FAM8A1,LIMK2,NDRG4,PHF13,CCNG2,TNFRSF13C,CYSTM1,PCIF1,CHI3L1,TMEM167B,PEX13,ETNK2,ZFP91,MOB4,CACNB1,CRYAB,PRSS33,SERPING1,DOK4,CISH,BAIAP2L2,ALPL,ATL2,CCR3,MUC13
GSE19198_CTRL_VS_IL21_TREATED_TCELL_1H_UP	GSE19198_CTRL_VS_IL21_TREATED_TCELL_1H_UP	0.0105710076726561	119	46	DNASE2,KCNJ2,MAP4K1,SACK1G,MSN,SMAD6,ADAMTSL5,AMIGO2,PLPPR2,CA13,ID3,SCN4B,BAZ2A,FMO5,LRRC39,DENND11,SPIN1,ZBTB8A,BAIAP3,KLRC4,USP11,CCDC9B,SKIL,CCDC120,CDK15,ALOX5AP,PMEPA1,EFNB3,ALDH2,ACOX1,GPR137C,SLC38A11,ZNF440,TCF7L2,AKR1C3,RENBP,SH3BP4,ID2,HPN,KRT6A,GXYLT2,PADI2,EFNA4,MTMR11,SLC7A7,TMEM92
GSE21033_1H_VS_24H_POLYIC_STIM_DC_UP	GSE21033_1H_VS_24H_POLYIC_STIM_DC_UP	0.0111672032412934	145	52	PLXDC1,ID3,ALG10B,EFCAB8,MYO10,ATAD1,WAPL,CEP85,SEC24B,GTF2IRD1,LCA5,SEMA4D,DUSP4,CBL,P2RX1,STRN3,PTPRF,EIF2AK3,NFATC2,CD2AP,MCAM,PPTC7,SOCS1,MBNL2,SLC35D1,CD8B,SMOC1,AGFG2,BTBD7,RAB11FIP4,TOLLIP,DAB2IP,RNF157,SLC16A5,PAN3,VEZF1,PFN2,H6PD,MYOF,MIER1,BACH1,FHIP2A,PSAP,NTN1,TMC8,ITGAV,ARHGAP31,MTSS1,ITGA6,PTPN7,ATP13A3,WLS
GSE24492_LYVE_NEG_VS_POS_MACROPHAGE_DN	GSE24492_LYVE_NEG_VS_POS_MACROPHAGE_DN	0.009852415938601	147	43	AREL1,HFE,CATSPERG,GREB1L,FBXO6,EIF2AK3,NF1,TFF3,SIDT2,C4orf46,MR1,NIPA1,CKB,USF3,RAP2A,ADGRE1,SLC26A2,GSKIP,ATXN10,ITGB2,CCDC120,RPE65,CRYBB1,SIRPA,PGPEP1,DUSP6,WSB2,IL12RB2,MAN2A1,DDX19B,GALNT9,QKI,RAB27B,LZTS3,MICALL1,CD4,SPRED3,NTF4,CRYAB,FBLN5,LSAMP,DSTYK,TCN2
GSE360_L_MAJOR_VS_M_TUBERCULOSIS_MAC_UP	GSE360_L_MAJOR_VS_M_TUBERCULOSIS_MAC_UP	0.0131176921032697	152	38	RUBCN,C1orf105,TAX1BP1,PON1,KIF5A,AMOT,LYRM9,VHL,COL17A1,ALPI,MFAP2,IGF1R,GPR35,TCF25,ISL1,AHNAK,CIB2,PLPP3,PXDC1,PLLP,MUC2,AKR1C3,DDX6,GPRIN2,MAPK8,PTPN1,PLEKHA6,TRAF5,CAP2,JAG1,LAMB3,CLIC5,RORA,COL13A1,KRT4,CNN3,CDH1,NCALD
GSE9946_IMMATURE_VS_MATURE_STIMULATORY_DC_UP	GSE9946_IMMATURE_VS_MATURE_STIMULATORY_DC_UP	0.0168614425420195	118	36	TMEM9B,CAND1,SLC66A1,AXIN2,ACY3,ZBTB9,XDH,ESRP2,LNX2,VAV1,TTC3,MAPK6,MAT2B,TTC38,CMBL,ATXN7L3,SRP72,MAGEB17,DSE,WSB2,TSPAN1,WDFY1,ARHGAP29,RALBP1,RASGRP2,GPRIN2,ATP6V0D1,SIAE,SNX4,FCGRT,ITGA6,TGFBR3,STAT6,TLE1,OLR1,NEBL
GSE37336_LY6C_POS_VS_NEG_NAIVE_CD4_TCELL_DN	GSE37336_LY6C_POS_VS_NEG_NAIVE_CD4_TCELL_DN	0.0193139695842282	100	20	B4GALT4,CDX2,CPT1C,CYP27C1,ZNF641,CIB2,HAS2,VMA22,PKP1,CHST4,XCR1,FBXO36,SERPINB9,IQSEC2,PRSS33,ECM1,SYT13,CADM4,DTX4,TMEM52B
GSE557_WT_VS_CIITA_KO_DC_DN	GSE557_WT_VS_CIITA_KO_DC_DN	0.0052649354671777	189	51	ITGB7,TMEM237,PAXBP1,APPBP2,EPN2,LNX2,DLG5,ARID3B,HEXIM1,INTS6L,OGDH,UBE2G1,COQ10B,SORBS1,UBE2K,ABCA4,VPS37B,CMIP,AGO2,SKIL,PGAP1,SH3PXD2A,GNA13,ATP6V1E1,GUCD1,ARIH1,PACSIN1,BRI3,MAP3K9,SLC5A3,ARHGAP29,GLIPR2,ANXA2,RYR1,F2RL1,CCL22,AFF4,PDLIM1,CKAP4,QPRT,TGIF2,EMP3,LITAF,PLEKHO2,FCGRT,CACUL1,RFTN1,MTSS1,FNIP1,MYO1G,IL2RB
GSE369_IFNG_KO_VS_WT_LIVER_DN	GSE369_IFNG_KO_VS_WT_LIVER_DN	0.0052193638503555	192	50	TMEM160,AATF,ENDOG,DNAJB11,PDXP,CACYBP,CDC25A,GLRX5,MRPL18,C1orf122,RPIA,UTP14A,RUVBL1,HSPA5,FABP5,HSP90AB1,C1QBP,MLLT6,NOL8,WDR18,MRPL11,BOP1,NIFK,AKAP1,ODC1,CARS1,COA7,AIMP2,CEBPZ,METTL26,EARS2,C8orf82,GEMIN5,MIPEP,PDSS2,PDAP1,SLC16A6,GRPEL1,G6PD,RPP25,ATF6B,GATB,DUS1L,TXNL1,CLUH,TRNT1,TUT1,COQ5,ORC3,NDUFAF6
GSE17721_LPS_VS_PAM3CSK4_16H_BMDC_DN	GSE17721_LPS_VS_PAM3CSK4_16H_BMDC_DN	0.0052041072569402	176	40	TNFRSF21,TIAM2,PDE8A,CLCN5,SERF2,PJA2,RBFOX2,RPS16,MAPK3,NDUFB6,ALDH6A1,FN1,DYNLT3,PCCB,CNIH1,TMEM135,TOMM40L,DDHD2,CIB2,ABCC6,ACOX1,DOCK5,GDPD3,WBP2,SNX18,MGST1,ENTPD7,SYNCRIP,MAST3,PTPN1,KIRREL1,TMED7,SUSD2,TGFBR2,DSTYK,ARHGAP31,DLG1,RAB31,GM2A,UCP2
GSE32533_WT_VS_MIR17_OVEREXPRESS_ACT_CD4_TCELL_DN	GSE32533_WT_VS_MIR17_OVEREXPRESS_ACT_CD4_TCELL_DN	0.0085228601324947	156	48	PDGFRL,AXIN2,LAD1,INSR,ARHGEF37,ITIH5,ARMH4,TMEM8B,PLXNB1,ATP5MC1,TUBG2,SIDT2,IGF2,MYBPHL,NEXN,CCSER2,FHIP1A,ATP5F1A,DOCK6,ESRRB,ALDH6A1,DPYD,MTURN,PXDC1,TMT1A,PCSK6,RBM24,FAM131A,FXN,VAMP5,STARD10,SVIP,LIMCH1,RCAN2,CAV1,SEPTIN4,SERPING1,KLHL30,LDHB,CAP2,ZYG11B,GPC4,PPP2R3A,DKK1,ALPK2,FRMD6,LGR6,PIP5K1B
GSE5589_LPS_VS_LPS_AND_IL6_STIM_IL6_KO_MACROPHAGE_45MIN_UP	GSE5589_LPS_VS_LPS_AND_IL6_STIM_IL6_KO_MACROPHAGE_45MIN_UP	0.0079600689000242	178	50	IL6ST,EEIG1,RAB2B,EPN2,CBL,CD72,CDS2,EPS15,DNAL1,GRN,TACC2,CLCN5,NINJ1,SLC26A11,BEX3,S1PR2,FN1,PRNP,AHNAK,CD99L2,DAB2IP,CD28,DAG1,PPP1R14D,HEXB,PFN2,LPP,PPIC,TCEAL8,TTC39C,VWF,MFGE8,PDP1,UAP1L1,SEPTIN8,ARHGEF12,RASGRP2,CDC42SE2,CD81,PSAP,EMP2,SHISA2,NDST1,BAMBI,CAPG,MAMDC2,MTSS1,ITGA6,PLAU,FRMD6
GSE43955_1H_VS_20H_ACT_CD4_TCELL_WITH_TGFB_IL6_DN	GSE43955_1H_VS_20H_ACT_CD4_TCELL_WITH_TGFB_IL6_DN	0.0081285876308881	169	37	ISG20,UQCC5,DDR2,CLPTM1L,MX2,EPB41L4B,GNA13,KLF12,GNAI2,NR2F1,SCOC,WWTR1,CYSTM1,TAGLN,AGFG1,IL10,C19orf12,PRDM1,SIT1,CTSS,C5orf15,ACTR3,SIAE,CSF2RB,CISH,GPC4,CD59,ACP5,FGFR1,MX1,SGIP1,ECM1,CNN3,FRMD6,TIMP3,OLR1,HNF4A
GSE20198_IL12_VS_IL12_IL18_TREATED_ACT_CD4_TCELL_DN	GSE20198_IL12_VS_IL12_IL18_TREATED_ACT_CD4_TCELL_DN	0.0088360793636696	187	42	CD44,AKAP13,WDR37,ARHGAP1,LMO4,DOCK6,DDX46,SEC22C,RASSF4,ANKRD40,LONRF1,TMEM129,DCUN1D1,CYBB,NRF1,MAPK1IP1L,DUSP2,PGGT1B,MAPK9,GDPD3,ABI1,SERINC3,PAG1,RIT1,QKI,TSPAN17,FSTL1,DGKA,FBXO31,CD81,TSNAX,PI4K2B,PHAF1,ARID5B,LAMB3,NRAS,RFTN1,SUMO3,KCTD10,ATP13A3,HEG1,PIP5K1B
GSE15750_WT_VS_TRAF6KO_DAY10_EFF_CD8_TCELL_DN	GSE15750_WT_VS_TRAF6KO_DAY10_EFF_CD8_TCELL_DN	0.0137856025815004	146	42	SLC24A4,HOGA1,BMP4,PXDN,DOC2B,FLT1,COL5A3,DDAH2,FAM178B,SYT12,SLC4A11,DOCK6,ASTL,CPNE5,SLC7A4,CRABP1,KLRC2,HECW1,TNPO2,CALCOCO1,LTK,IRGQ,DCLK1,H6PD,EPS8L3,ACAP1,GPR3,C1orf210,IFFO2,CACNB1,RAG1,TMPRSS2,COL6A2,S100A14,CREB3L1,CISH,COL13A1,FKBP9,LUM,FBLN1,VANGL2,FLNC
GSE27786_NKCELL_VS_NKTCELL_UP	GSE27786_NKCELL_VS_NKTCELL_UP	0.005573763009781	185	51	SNX13,CMPK1,MAP4K3,FAR1,RPS6KA2,CBR3,FNDC3B,CD2AP,LAPTM5,VPS26A,YTHDF3,MINDY1,ACSS1,EXT1,MBNL2,MTHFR,DENND6A,DHX58,CMKLR1,TMEM179B,YWHAG,HSD17B12,SORT1,NOTCH2,STK35,RWDD2A,SOCS6,DHRS1,TMPO,MYO1C,TMEM167B,SH3BGRL3,VAMP3,EBI3,RENBP,CAPZA1,RASGRP2,PTPN1,F13A1,PSAP,CRYAB,BNIP2,KLHL30,YWHAZ,ITGB5,DSTYK,RNF217,SOX4,TGFBR1,SERPINB1,TNS3
GSE17721_CTRL_VS_PAM3CSK4_24H_BMDC_UP	GSE17721_CTRL_VS_PAM3CSK4_24H_BMDC_UP	0.0097839999756934	183	56	NCOA3,RPL30,NDUFS2,RNPEP,RPS3,MUC1,C6orf62,NAXE,FKBP1B,ANKMY2,APOC2,GMPR,LANCL1,IL6ST,FAR1,NFATC1,EIF4E3,RPL34,EPS15,ARPC1A,LLGL2,CHMP3,PDE8A,RPL12,MAPK3,TMEM14C,ITM2C,BEX3,GPR35,CORO2A,RNF38,PSAPL1,BNIP3L,SELENOP,PAG1,CD164,PLIN3,LEPROT,SYNPO,FHIP2A,RENBP,GNG11,SLC44A3,PDLIM1,STARD4,TSNAX,MITF,DNMBP,IFITM2,EPSTI1,SYPL1,SOX4,DLG1,TGFBR1,RAB31,TSPAN14
GSE17721_POLYIC_VS_CPG_0.5H_BMDC_DN	GSE17721_POLYIC_VS_CPG_0.5H_BMDC_DN	0.0090007639797056	184	51	RNF128,CRIPT,SFXN2,CCPG1,SUOX,NABP1,VPS26B,LCOR,PRKCI,MTCH2,RBM7,HMBS,MCFD2,CEP20,SERINC1,POLR2B,CUL3,CYB5R1,MTMR6,HLA-E,UNC119,ERBIN,FAM8A1,MGLL,PRSS22,C6orf120,PCCB,ZNF451,CCNG2,AP2S1,RCAN1,PCMT1,LYPLA1,RAB1A,ALDH3B1,ANP32E,HS2ST1,PORCN,MOB4,GREM1,ATP6V1C1,TPD52,STARD4,TMEM106B,ACP5,AVL9,MTSS1,PALS1,TGFBR1,CXCL14,PIP5K1B
GSE34205_HEALTHY_VS_RSV_INF_INFANT_PBMC_DN	GSE34205_HEALTHY_VS_RSV_INF_INFANT_PBMC_DN	0.0148606392707184	153	44	PRELID3B,HPSE,GMPR,NSUN3,PPM1A,SLC6A8,CALM3,MMP9,TUBA1C,CENPN,LCN2,GPER1,BST1,CCNE1,FECH,S100P,LIMK2,MPP1,RBPMS,TK1,TNS1,BPI,XK,BNIP3L,CYSTM1,IFITM3,VSTM1,AGFG1,RAB1A,PCLAF,ARF4,ARL8A,H1-2,SELENBP1,CD36,PPP4R2,PIP5K1A,NRAS,BAMBI,TMEM167A,NECTIN2,ADM,TCN2,TMEM52B
GSE2706_R848_VS_LPS_2H_STIM_DC_UP	GSE2706_R848_VS_LPS_2H_STIM_DC_UP	0.016654164699943	117	32	ASCL2,RAI14,ZNF777,TMEM243,MYH7B,POU3F2,IRX5,RHBDF2,CYP1A1,CFAP210,SOX9,TRIM36,REXO1,ZNF134,TEDC2,DKK2,TJP2,MGAT3,CHEK1,TSPAN12,RAB3IP,PRDM13,GOLGA7B,EML5,CHST7,IGFBP1,PDCD7,CDCA4,XKR6,CYP27B1,CCL2,ASTN2
GSE10239_NAIVE_VS_DAY4.5_EFF_CD8_TCELL_DN	GSE10239_NAIVE_VS_DAY4.5_EFF_CD8_TCELL_DN	0.010147802919384	190	62	RRBP1,ZNF503,ZNF367,MANF,PLIN2,RFC4,SQLE,MEMO1,STT3A,MRPL18,DUT,SAP30,FABP5,FAF1,RANBP1,EXO1,GINS2,E2F8,RAD51,WDHD1,SMC2,DHFR,CASP7,LMNB1,YBX3,CHEK1,SIAH2,RAD54L,HMGB2,PARPBP,EHD4,GMDS,DTL,NEIL3,MCM4,CKAP2,MBNL3,TNFRSF1B,APOO,PRC1,TRIP13,RCC1,RFC5,PGRMC1,FEN1,HK2,CCDC34,CCNA2,PDSS1,DIP2A,TIPIN,FAM185A,TYMS,PPIL1,NEDD1,ZFAND4,TEX30,KIF22,GFOD1,PRIM1,PLSCR1,UHRF1
GSE20727_ROS_INH_VS_ROS_INH_AND_DNFB_ALLERGEN_TREATED_DC_DN	GSE20727_ROS_INH_VS_ROS_INH_AND_DNFB_ALLERGEN_TREATED_DC_DN	0.0144952108633425	90	29	KRT14,OR2T8,ADCY7,ACY3,MUC4,PON1,LYSET,TSSK3,ABCA4,SPRED1,GPR132,THAP5,YAP1,PRICKLE2,PLEKHG4,TMC4,SLC38A3,SERTAD4,TSPAN17,PRAME,THEMIS2,CAV1,ATP2B4,SLC1A2,UNC5B,OGFRL1,LUM,TSPAN14,MUC13
GSE41176_WT_VS_TAK1_KO_ANTI_IGM_STIM_BCELL_1H_DN	GSE41176_WT_VS_TAK1_KO_ANTI_IGM_STIM_BCELL_1H_DN	0.0147785453414335	134	36	CCDC85B,PCBP1,IL2RA,CWC22,TMEM200A,PRDM16,KCNC4,CCDC171,TOR3A,CLK1,DNAJC7,SCLT1,LRRN4,NKAP,RBM6,UBE3D,ITGA9,NBEA,TPT1,YTHDC1,MAPK4,RALY,TSPAN12,CDH22,RPL14,ZBTB5,ACTR3B,PABPC1L,SERBP1,FAM174B,SPON1,WDR70,FBXO43,RNF152,HOXD8,CLIC3
GSE11057_CD4_EFF_MEM_VS_PBMC_DN	GSE11057_CD4_EFF_MEM_VS_PBMC_DN	0.0055714865911311	162	44	ZDHHC7,SPRED1,NEXN,RAB3D,FBXL5,YWHAG,SLC15A3,APLP2,ZNF385A,SORT1,NOTCH2,ADAMTSL4,DPYD,MTURN,CATSPER1,GAS7,BNIP3L,DUSP6,GNGT2,TBC1D8,CDK2AP1,TNFSF13,ATP6V1A,MGST1,SPTSSA,OAZ2,LILRB3,LAPTM4A,CD9,CORO1C,SNN,RHOQ,SDCBP,ARPC5,SAMD4A,SPARC,PDLIM1,PSAP,PRCP,ATP6V1B2,SLC7A7,JUP,ZNF185,PIP5K1B
GSE34156_UNTREATED_VS_24H_NOD2_AND_TLR1_TLR2_LIGAND_TREATED_MONOCYTE_UP	GSE34156_UNTREATED_VS_24H_NOD2_AND_TLR1_TLR2_LIGAND_TREATED_MONOCYTE_UP	0.0166504724956154	143	39	DLG5,RASAL2,MMP9,NCS1,TFF3,FURIN,ALDH7A1,GRN,R3HDML,ELF4,PTAFR,MELTF,P2RX4,SLC15A1,RBP5,CLPTM1L,CDC42EP3,EPB41L4B,SIRPA,DAB2IP,DSE,NR2F1,FAM43A,GALNT9,LCP1,FOXRED2,LILRB3,RENBP,CORO1C,LFNG,TEAD2,WNT11,CYTH3,LSAMP,PLEKHO2,ZNF462,STARD8,CRIM1,MUC5AC
GSE3982_EOSINOPHIL_VS_TH1_DN	GSE3982_EOSINOPHIL_VS_TH1_DN	0.0082894544165157	188	82	MANF,DDRGK1,HSPA8,TRIM14,RPN1,SMC1A,PNP,MRPL34,NUDC,MTX2,NHP2,RUVBL1,ATP9A,BAD,CCT4,METRN,NDUFAB1,DDX50,GINS2,SLC39A8,RPF1,POLD3,HEMK2,FOXM1,ELOVL6,DPP6,DYRK4,NEIL3,MFHAS1,NFYB,UBE2M,DNMT1,UBXN8,FXR1,MRPL39,MRPS33,MRPL17,PA2G4,PDSS1,ZNHIT6,CTNNA2,PFAS,TOMM70,DNAJA3,TYMS,SLC68A1,CSTPP1,XBP1,DPAGT1,TTC27,ERI2,MRE11,CENPU,HGH1,EED,METTL3,GFI1,IFI16,MRPL24,SMARCA4,ADK,PRDX1,SMS,METTL1,EPB41L2,PWP1,PHB1,LSM6,MINPP1,RANGAP1,MACIR,DPH2,CBR1,SQOR,DNAJC10,ACOT7,CCT2,RPS27L,RAN,NUP37,KNTC1,ERGIC2
GSE22886_NAIVE_CD4_TCELL_VS_NKCELL_DN	GSE22886_NAIVE_CD4_TCELL_VS_NKCELL_DN	0.009001234961714	187	55	PPP1R3D,TIPRL,SEPHS2,TAPBPL,AREL1,SEL1L,UBXN4,STOM,PSPC1,STX6,KPNA3,BAZ2B,VPS26A,YPEL1,PTPRE,BIRC2,BARD1,PRKAR1A,PTPN22,AP5M1,PSME4,PDCL,MCF2L2,TRIP12,DCUN1D1,C2CD3,LAT2,CDC42EP3,SECISBP2L,RNF34,NRF1,ALOX5AP,ALAS1,ABHD2,RNF4,VPS4B,ATP6V1A,TNFRSF1A,SMAD5,ZMPSTE24,TXNDC9,ENPP4,UCK2,PON2,ARHGEF12,C5orf15,UBE2W,CLTC,TRAF5,ITCH,FEZ2,PLEKHO2,ZFAND6,KLHDC10,GSN
GSE24634_NAIVE_CD4_TCELL_VS_DAY3_IL4_CONV_TREG_DN	GSE24634_NAIVE_CD4_TCELL_VS_DAY3_IL4_CONV_TREG_DN	0.0052583612042358	191	64	AHSA1,H2AX,GPX1,KIF15,HSPD1,TBL2,ODF2,POLQ,TRIB1,HSPA1A,NHP2,MKI67,P2RX5,EXO1,MAFB,C1QBP,BASP1,TFCP2,SMC2,MRPL11,CASP7,RAMP1,SPINT2,POLD3,PTBP1,FOXM1,RAD54L,MTHFD1,MCAT,GLA,PFDN2,DTL,MCM4,TWNK,DRAM1,SPDL1,SEC23B,DDX49,CCDC47,CCT3,CCT5,RFC5,DHCR24,PPM1D,WARS1,FASTKD1,SRI,SUPT16H,MRPL17,POLD2,TRAF1,KEAP1,MUS81,ARPC5L,NPRL3,RDX,GLRX2,MRE11,HTRA2,BLM,LRRC59,PXMP4,TACC3,PSMD14
GSE32901_TH1_VS_TH17_ENRICHED_CD4_TCELL_UP	GSE32901_TH1_VS_TH17_ENRICHED_CD4_TCELL_UP	0.0136588186032638	157	44	TAX1BP1,TXNIP,PPM1H,PIM1,TAOK1,EXT1,TMEM168,CUL3,ACBD3,FMN1,INPP5K,GJC2,PTPN22,STT3B,TBC1D23,TSPAN13,ERBIN,TAF5L,DDX46,PHIP,PREX1,TOM1,SENP2,GNAI2,PTBP2,PAN3,ABI1,IREB2,MIER1,CCDC126,OLFML3,PPP6R3,SSH2,CORO1A,CD9,DDX6,YTHDF1,DGKA,INPP4B,ITCH,CRIM1,LCK,TMEM63A,IL2RB
GSE37301_COMMON_LYMPHOID_PROGENITOR_VS_PRO_BCELL_UP	GSE37301_COMMON_LYMPHOID_PROGENITOR_VS_PRO_BCELL_UP	0.0141259633933557	150	47	PRELID3B,SNX13,MYEF2,SNRK,KCMF1,KLF9,P3H2,GOLT1B,CREM,PADI1,AASDHPPT,CSF1R,CPNE3,DOC2A,SLC2A10,LIPG,RAB3D,ZNF8,S100P,LYPLA2,CACNA1H,WSB2,SOCS6,ECEL1,SLC52A1,SPN,SLC35F6,MTHFD2L,ANGPTL2,SV2C,ID2,GPR173,NTRK1,IL1R2,ANXA1,TSPAN2,PIP5K1A,COL6A2,CDC50A,MTMR11,TXNRD3,TG,SOX4,KRT7,CADM4,TCN2,EFEMP2
GSE24634_TREG_VS_TCONV_POST_DAY3_IL4_CONVERSION_DN	GSE24634_TREG_VS_TCONV_POST_DAY3_IL4_CONVERSION_DN	0.0078146903537112	175	65	TGM2,IGFBP7,MEGF9,BLCAP,TMEM9B,NR1H3,CH25H,ATP6V1D,ABCA1,LY96,RHOBTB1,ENG,CREBL2,CDA,STOM,GBP1,MYO7A,SEPTIN10,SASH1,GCA,BAZ2B,TDRD7,NINJ1,CDKN1A,CYB5R1,BID,CMKLR1,P2RX4,SLC15A3,ITGB2,MGLL,TCEAL1,TRAM2,ST3GAL5,DSE,PLPP3,HEXB,PXDC1,VPS35L,TMT1A,TNFSF13,PLA2G7,SERINC3,RIT1,BACH1,PLIN3,IL10,RNASE1,NAGA,ANXA2,SNX27,ATP6V1C1,CTSB,CD36,SNX17,PSAP,TIMP1,DNASE1L1,MOB1A,TBC1D2,JAG1,DAB2,SNX4,ACP5,PLXND1
GSE17974_CTRL_VS_ACT_IL4_AND_ANTI_IL12_72H_CD4_TCELL_DN	GSE17974_CTRL_VS_ACT_IL4_AND_ANTI_IL12_72H_CD4_TCELL_DN	0.0074842632677354	184	67	CEP128,P4HA1,SLC25A43,CDC25A,DBI,CMSS1,EZH2,GLE1,MRPL18,HIRIP3,EXO1,INTS13,RAD51C,USP28,AGPAT2,SLC39A8,FNTB,LMNB1,GDI2,ANKZF1,POLD3,IGSF8,NEMP1,THYN1,ACADVL,ST8SIA4,C1orf21,MTHFD1,MPG,GMDS,NIF3L1,GRK3,CEP152,SACK1D,PDAP1,NSD2,PSMG1,JAKMIP2,RCC1,SERPINH1,NFXL1,CAMK1,CEP19,ASTN2,TRIB3,DNAJB6,PIGM,RECQL4,ZNF146,C12orf75,KEAP1,RAD51D,MGAT1,JPH1,YARS2,RNGTT,CENPF,DCP1B,PPIL1,DPAGT1,ERG28,NENF,LMAN2,TEX30,GPANK1,PRIM1,STXBP1
GSE14000_UNSTIM_VS_16H_LPS_DC_DN	GSE14000_UNSTIM_VS_16H_LPS_DC_DN	0.0091823174062433	181	47	LSS,PIM1,ETV3,RAB30,LY6E,SLC38A5,COQ10B,C4orf46,RBX1,TDRD7,USP11,DHX58,TNFSF10,SGPP2,AGFG2,RASSF4,RAB8B,TUBB2A,JAK3,TNFAIP1,ST3GAL5,CNP,ADAR,PHLPP2,TBC1D13,MECP2,SFT2D2,PSMB2,TNFRSF9,MIER1,DNAI3,EBI3,ENTPD7,FSTL1,ARL8B,HSH2D,CKAP4,STARD4,TPST1,PI4K2B,BTG3,LAMB3,STAT5A,IFI35,BST2,AMD1,TNFAIP2
GSE19198_1H_VS_24H_IL21_TREATED_TCELL_UP	GSE19198_1H_VS_24H_IL21_TREATED_TCELL_UP	0.0085720902236863	171	73	CBX7,ANTXR1,TECR,ARHGAP9,PILRA,ITGAX,COTL1,STK11IP,PRXL2B,ZNF521,UGP2,SRD5A3,ASAP1,NADK,PPP3CA,NGFR,KCNAB2,ADAMTS10,CTNND1,TGFBI,NR1H3,FMO5,PARVG,ANKMY2,APOBR,CAVIN2,RECK,MAN2B1,ITGB7,NRM,RAB6B,HFE,PTPRF,PRKACA,SDHAF4,MID2,DES,FHL1,APCDD1,CSF1R,PDLIM2,STAR,TGM1,CYB5R1,MTMR6,MAPK3,PTK7,PRRX2,RNF38,METTL22,NCF2,DHRS1,MSX1,ANGPTL2,SMIM14,ALDH3B1,RASD2,SLC46A3,DGKA,LIMCH1,MYO1F,SLC40A1,CAV1,RARG,PRCP,ITCH,SIAE,PLEKHO2,CAV2,TIMP2,LCK,ATP2A3,SEMA5A
GSE29617_DAY3_VS_DAY7_TIV_FLU_VACCINE_PBMC_2008_UP	GSE29617_DAY3_VS_DAY7_TIV_FLU_VACCINE_PBMC_2008_UP	0.0125891404068009	148	46	SLC61A1,CMTM6,IPMK,MAPT,HTR1B,DUSP4,STOM,GBP1,CAPNS1,CSF1R,RAB11A,LIPG,FNIP2,ELF4,ADGRE1,BID,DHX58,ARL6IP5,COMMD8,NOTCH2,NPTN,SH3BGRL,LGALS9,CDK2AP1,EEIG2,SNX18,MYOF,TCF7L2,VAMP5,LEPROT,HIGD1A,ALDH3B1,PAPSS2,RO60,RFC3,CHODL,SAMD4A,PSAP,NPC2,MOB1A,LITAF,CACUL1,IQSEC3,MTSS1,TRPS1,TWSG1
GSE35543_IN_VITRO_ITREG_VS_CONVERTED_EX_ITREG_UP	GSE35543_IN_VITRO_ITREG_VS_CONVERTED_EX_ITREG_UP	0.0084216039725196	186	66	UBE2S,CEP128,RFC4,SMC4,SKA3,RNASEH2B,POLA1,PCNT,BRCA1,GLE1,KIF4A,HIRIP3,TLL2,MKI67,MAZ,SLC75A1,METRN,PKMYT1,GINS2,E2F8,NRP1,CHTF18,HOXD9,PACS2,CKAP2L,FOXM1,RBBP8,CEP89,STIL,FBXO5,CRIP1,TOPBP1,PRIM2,CDC25B,CCDC12,SGO2,NDUFS8,HJURP,LPXN,RFC5,ECI2,DCXR,NSMCE1,HASPIN,UBE2C,SFPQ,HPF1,CENPP,SUGP2,CDCA3,ABCA7,IQGAP3,TAMM41,CENPF,MKX,DBNDD2,TRAIP,RACGAP1,ZBTB8B,CYP20A1,MRPS11,KIF22,KIF24,PSRC1,TACC3,TCIRG1
GSE37605_NOD_VS_C57BL6_IRES_GFP_TREG_UP	GSE37605_NOD_VS_C57BL6_IRES_GFP_TREG_UP	0.0109831076732726	130	31	SOSTDC1,GRN,ALPI,CDKN1A,ELF4,TEP1,PEAR1,APLP2,SPOCK2,GPX3,PIK3C2A,PHLPP2,SYNJ1,CGNL1,ITGB1,FAM131A,MYO1C,STARD10,ANXA1,TSPAN2,NDST1,FKBP9,NYNRIN,PRR13,APBA1,MMP14,SSH3,FRY,CNTNAP1,DTX4,NEBL
GSE44649_WT_VS_MIR155_KO_NAIVE_CD8_TCELL_UP	GSE44649_WT_VS_MIR155_KO_NAIVE_CD8_TCELL_UP	0.0085720902236863	171	59	MYO10,ARAP1,TPP1,ACOT11,KIF7,ABCG1,TTC28,DNAH2,SEZ6L2,SNX8,AQP1,PROM1,PNPLA3,GTF2IRD1,GLI2,MYO7A,RIMS3,TYRO3,BCL2L1,TGM1,SUSD1,SDC3,CYB5R1,TEF,GPR20,SCAMP5,MRAS,MAGED1,SLCO2B1,AATK,FBLIM1,TOLLIP,SIRPA,PRICKLE2,PLEKHG4,LAMA3,NUAK1,AGTRAP,PPARGC1B,ACP2,TMEM141,SYNPO,MYOM1,ZNF629,RENBP,HPN,CCL22,CTSB,LRP1,SAMD4A,GXYLT2,FCGRT,NCEH1,SAA1,CTTN,STARD8,SLC1A3,CDH1,TCN2
GSE39820_IL1B_IL6_VS_IL1B_IL6_IL23A_TREATED_CD4_TCELL_UP	GSE39820_IL1B_IL6_VS_IL1B_IL6_IL23A_TREATED_CD4_TCELL_UP	0.0194671521839978	155	47	CAMK2N1,ATP8B1,DDHD1,NEURL1B,SLC18A2,NDP,ZFHX3,ABHD17B,ADGRL1,AJUBA,PPM1H,ALX4,RASGRP1,FASTKD3,INTS5,RNF43,TRAF6,MAPRE3,AZIN2,ARL4C,MX2,PDPR,KCNE3,EML4,SNTB2,SFT2D2,BDNF,DCLK1,MGST1,SPTLC3,BACH1,F2R,IL10,AKR1C3,C9orf152,MC1R,SV2C,CACNB1,HOXA1,LITAF,NCEH1,CHD3,AHR,ENC1,SEMA4C,CNN3,COL1A1
GSE34156_NOD2_LIGAND_VS_NOD2_AND_TLR1_TLR2_LIGAND_6H_TREATED_MONOCYTE_UP	GSE34156_NOD2_LIGAND_VS_NOD2_AND_TLR1_TLR2_LIGAND_6H_TREATED_MONOCYTE_UP	0.008106823096977	171	53	NOL7,PPDPF,TMEM243,TRABD2A,FBH1,RPL13,CEACAM21,HSP90AB1,ELF2,RPF1,NSA2,PPWD1,MLLT3,ZC3H13,ZRANB3,PARP16,UBP1,STRBP,MTRF1,NBEA,NUP88,YTHDC1,TMEM11,TAPT1,SYCE1L,PNN,LAS1L,CDKN2AIP,SERBP1,MTREX,MFHAS1,CFAP44,SLC25A38,METTL16,TUBE1,ZDHHC24,FTSJ3,JADE1,MPHOSPH10,COIL,UXT,PSMD5,RIOK2,MBD5,NOB1,EIF2S1,NDUFAF6,ZNHIT6,SNRNP40,SETD6,CDIN1,WRNIP1,MED6
GSE360_DC_VS_MAC_T_GONDII_UP	GSE360_DC_VS_MAC_T_GONDII_UP	0.014064747030977	149	40	CPNE1,MATN2,PCGF3,PDHX,CCT6B,SOSTDC1,BCL2L1,FSCN1,SOCS1,ZNF254,CKB,ETV6,ADAM11,FN1,NDUFV2,PALLD,TPM1,WNT5A,KCTD17,REEP2,PCOLCE,TTC39A,PSG11,SAMD4A,F13A1,NRP2,SEMA7A,KIAA0232,TRAF5,MOB1A,CSF2RB,BEX4,LAMB3,RFTN1,PPP2R3A,CDH11,RGS9,TNFAIP2,C1S,TIMP3
GSE10273_LOW_IL7_VS_HIGH_IL7_AND_IRF4_IN_IRF4_8_NULL_PRE_BCELL_UP	GSE10273_LOW_IL7_VS_HIGH_IL7_AND_IRF4_IN_IRF4_8_NULL_PRE_BCELL_UP	0.0071903122775094	172	65	ZNF503,SPNS3,HOXC5,POU2AF1,RFC4,SKA3,CACYBP,KHDRBS3,TMEM106C,MFSD12,CKS2,PRDX4,FAM110A,FIRRM,RANBP1,LMNB2,BAG2,WDR18,TMTC1,PRELID3A,ERCC6L,TEDC1,PHKA1,SLC25A1,RBBP8,SOX12,ZFTA,CHEK1,LHFPL6,WHRN,HMGB2,CCDC86,SMTN,CASS4,ZDHHC6,ATAD3A,EIF2A,NASP,EME1,IPO5,CDCA7L,BLZF1,NLN,EYA1,GNL3,HK2,NDC80,CENPP,PTCD3,CXXC5,LRRC49,MUTYH,HYOU1,RBL1,KIFC1,WDR48,SSRP1,KIF22,SMARCC1,PPM1G,TACC3,CNIH2,SMARCA4,ANLN,PREP
GSE40274_CTRL_VS_FOXP3_AND_XBP1_TRANSDUCED_ACTIVATED_CD4_TCELL_UP	GSE40274_CTRL_VS_FOXP3_AND_XBP1_TRANSDUCED_ACTIVATED_CD4_TCELL_UP	0.0136138139297329	150	64	AHSA1,STIP1,SLC25A43,PDXP,DOT1L,HSPD1,THOP1,DBI,NUDC,MKI67,RANBP1,EXO1,C1QBP,OAS3,CACNA1E,PGP,GPR183,SCLT1,RPS19BP1,TLE3,WHRN,RBMX2,RAD54L,DPP7,HSPA9,CHPF,PDAP1,BATF,EME1,POLD1,IPO5,ELAC2,RSRC2,CASP4,SMN1,RRP12,RRP9,ANO7,NOB1,PDSS1,ZFPM2,FASN,PYCR1,HYOU1,MRI1,DNPH1,SSRP1,BYSL,PRIM1,MAFK,SNAPC4,MCM2,DDX31,ZC2HC1C,CDCA5,NUBP2,PAF1,XYLB,TNFRSF4,MRPL55,USP2,PFKP,ACOT7,PUSL1
GSE27859_DC_VS_CD11C_INT_F480_INT_DC_DN	GSE27859_DC_VS_CD11C_INT_F480_INT_DC_DN	0.0033168140735426	193	67	AATF,CFD,WEE1,ENPP3,ATP10A,HEXD,NHP2,FABP5,ANKRD28,EXO1,C1QBP,WDHD1,CCN3,SMC2,PARP2,TNK2,ERCC6L,RNF126,GSPT1,NOL12,DPH5,HSF1,KAT2A,BAZ1B,ZCCHC3,MIS18A,ASTE1,UTP25,RCL1,ABHD8,MCM4,POT1,NOLC1,SF3A2,TYSND1,MTREX,ORC2,NDUFS8,HNRNPU,TRIP13,CCT3,EEF1AKMT1,GALNT11,UTP18,ATP13A1,DTYMK,GNL3,CLNS1A,ABHD10,PCNA,TADA2A,TPCN1,SPC25,CNOT9,PCBD2,RECQL,CTDP1,SSRP1,BYSL,ALYREF,UBAP2,MRPL16,PABPC4,FIG4,MOGS,MAFK,PSMD14
GSE360_DC_VS_MAC_B_MALAYI_HIGH_DOSE_DN	GSE360_DC_VS_MAC_B_MALAYI_HIGH_DOSE_DN	0.0087385333982392	171	56	VAMP2,AMOTL2,FXR2,IGF1,GMPR,EEIG1,FCMR,UCHL3,CALM3,CD14,MUC6,MMP9,LSS,RHOC,APLP1,FSCN1,SLC9A1,S100A2,RTCB,P2RX4,MT1F,MGLL,NEU1,TUBB2A,BPI,ABCC6,SELENOP,PPP3R1,KANK1,S100A13,RAB11FIP5,SMPD1,F3,GPR3,COL2A1,CDK9,PLAUR,GPC3,SERPINA1,RRAS,ITGA3,MYO1F,IQSEC2,SPARC,EMP3,DENND3,COL6A2,TP53I11,LSAMP,GPC4,CHD3,BST2,CTTN,MX1,AASS,TNFAIP2
GSE7219_WT_VS_NIK_NFKB2_KO_DC_UP	GSE7219_WT_VS_NIK_NFKB2_KO_DC_UP	0.0073116701944753	169	38	UBC,PPP1R15A,HSP90AA1,JUN,UBE2S,IL2RA,DNAJA4,H2AX,GZMB,SLC7A5,EGR1,NEDD9,ATF3,UBALD1,ZBTB2,HSPD1,CBX4,ITGA1,HSPA1A,NMRK1,HSP90AB1,SLC16A10,TRIM36,ARID5A,MEX3C,OAS3,PLK3,KLF10,LMNB1,NFIL3,TSC22D2,ATAD2,DNAJB1,RNF125,NFKBIA,ARRDC3,GLA,ZFP36
GSE6674_ANTI_IGM_VS_ANTI_IGM_AND_CPG_STIM_BCELL_DN	GSE6674_ANTI_IGM_VS_ANTI_IGM_AND_CPG_STIM_BCELL_DN	0.0033168140735426	193	58	RCN1,YDJC,SLC7A5,AFG2B,REXO2,NHP2,NDUFAB1,NAP1L4,CHCHD4,C1QBP,ARID5A,PIM3,XPOT,GADD45G,NOC4L,EIF2B3,HEMK1,IFRD2,BOP1,AFG2A,DPH5,KAT2A,PDIA6,SLC52A2,KANSL2,AGPAT3,TARS1,MYC,UTP25,MTHFD1,EBNA1BP2,CCDC86,HSPA9,CHLSN,LARS1,BMS1,NOLC1,CDK6,ATAD3A,WDR74,HSD17B7,CDCA7L,ELP1,NSUN5,PSMG1,CCT3,AEN,TGFB1,SRM,NLE1,UTP18,HK2,TRIB3,ZNF608,TUT1,SLC2A1,POLD2,EIF2S1
GSE36476_CTRL_VS_TSST_ACT_16H_MEMORY_CD4_TCELL_YOUNG_DN	GSE36476_CTRL_VS_TSST_ACT_16H_MEMORY_CD4_TCELL_YOUNG_DN	0.0075483808554534	187	49	PIR,GNG5,IL2RA,RCN1,NQO1,SQLE,TAP1,SLCO4A1,AFG2B,CREG1,WDR3,IER3,STT3A,NCBP1,PRDX4,HSPA1A,FABP5,HSP90AB1,RAD51C,LMNB2,WDR18,SAC3D1,VDR,TJP2,IFRD2,MCUR1,YBX3,CARS1,TARS1,AIMP2,TTI2,GALR2,CTLA4,NETO2,DRP2,TWNK,BMS1,BATF,NOP14,SERBP1,NDUFAF4,IPO5,TNIP2,SRM,CLUH,PIGV,UBFD1,TXN,DNAJB6
GSE7219_UNSTIM_VS_LPS_AND_ANTI_CD40_STIM_DC_DN	GSE7219_UNSTIM_VS_LPS_AND_ANTI_CD40_STIM_DC_DN	0.0174252036495301	154	38	TJP1,RBPJ,NINJ1,SWAP70,CDKN1A,TNFSF10,OSBPL3,LAT2,ISG20,CD99L2,PFN2,CCDC69,IFITM3,PAG1,DNAJB14,TTC39C,FOXRED2,SV2C,ARHGEF12,RUNX2,INPP4B,LDAF1,SEPTIN4,ATP2B4,ITGAV,CISH,LITAF,ZYG11B,IFITM2,NCEH1,RFTN1,CAPG,IFITM1,LSP1,TGFBR3,PGGHG,CCR1,GABARAPL1
GSE7548_DAY7_VS_DAY28_PCC_IMMUNIZATION_CD4_TCELL_UP	GSE7548_DAY7_VS_DAY28_PCC_IMMUNIZATION_CD4_TCELL_UP	0.0068070003783015	167	43	CSF1R,PCGF3,VPS26A,ARID3A,ATP5MG,RBPJ,PDE8A,CSTF1,SWAP70,GJC2,FBXL5,DDX46,SGSH,NPTN,DDR2,PALLD,PLPP3,TBC1D8,ITGB1,PAFAH1B1,HIF1A,TNFRSF1A,SLC5A3,RAB1A,QKI,ZNF629,SEC14L1,PPFIBP1,CD9,CD70,HMGA2,ME3,THEMIS2,PNMA2,SMOX,CD36,TIMP1,BNIP2,LITAF,LTBP2,USH1C,LUM,ATP13A3
GSE2585_AIRE_KO_VS_WT_CD80_HIGH_MTEC_DN	GSE2585_AIRE_KO_VS_WT_CD80_HIGH_MTEC_DN	0.0085118714934111	180	42	PCBP1,SRXN1,PDE2A,KLF6,TPGS1,SULF2,DIO2,CEP128,SQLE,MFSD12,PLPBP,SSB,CAPN15,STT3A,CADM1,ATG3,EGR2,ANKH,MAP1S,THAP11,EIF3J,SUDS3,EIF2B2,TMEM51,PACS2,INF2,TRMT61A,VPS51,USO1,WDSUB1,MCUR1,PDCD2,MAPK8IP1,TAOK3,NSDHL,CRIP1,DIS3L,PGAP4,BAG3,RAB3IL1,HADH,SCARB1
GSE17721_CTRL_VS_LPS_4H_BMDC_UP	GSE17721_CTRL_VS_LPS_4H_BMDC_UP	0.0066973794666421	192	62	AATF,HM13,SLC16A3,NGRN,CPT1A,H2AX,MGAT2,ANP32B,TBL2,CAPN15,EEPD1,KLF16,BRCC3,PABPN1,DNAJC9,ANKH,LMNB2,C1QBP,MYO9B,MRPL11,ZC3H14,IDUA,SLC30A5,PARP16,STRBP,DIDO1,MPHOSPH9,ELOVL6,TOPBP1,TMEM175,ADRB2,MRPL2,MED30,RPA2,FAM193B,ELOVL5,BSN,CTR9,HTATIP2,INPP5E,ALDOA,NCOR2,MIDN,SEC24D,IRAK1BP1,SSBP2,FASTKD1,SUPT16H,CPT2,RGS19,BRAT1,CANX,PHAX,IDH3A,DTNBP1,CENPF,XBP1,MOCS2,EMC6,LSM1,UFSP2,TMED9
GSE5589_IL6_KO_VS_IL10_KO_LPS_AND_IL10_STIM_MACROPHAGE_45MIN_UP	GSE5589_IL6_KO_VS_IL10_KO_LPS_AND_IL10_STIM_MACROPHAGE_45MIN_UP	0.0104904666618168	169	40	CBX5,TACC2,PDE8A,FAM217B,CLCN5,CDKN1A,TSPAN13,ARL4C,FN1,DPYD,CRTAP,ASPG,MTF2,PLEKHA1,FAM43A,PMEPA1,IFITM3,MYBPH,TTC39C,CRACDL,FABP3,ACAP1,ITGA5,FOXRED2,KCTD17,PLAUR,RYR1,ATP5MC3,NTRK1,INPPL1,SPMIP5,MMP14,CTTN,MALT1,TIMP2,SMPDL3B,FRMD6,CAPN6,FLNC,NANOS1
GSE19825_NAIVE_VS_IL2RAHIGH_DAY3_EFF_CD8_TCELL_DN	GSE19825_NAIVE_VS_IL2RAHIGH_DAY3_EFF_CD8_TCELL_DN	0.0034136536650001	193	51	RRBP1,YDJC,GADD45GIP1,SAFB2,TSEN2,RHBDF2,NMRK1,MAN1C1,GIT1,INTS13,NDUFAB1,APLF,AGPAT2,VPS45,PALS2,REXO1,STK11,VPS50,ENKD1,MGAT4B,INF2,RNF126,SNRNP70,PGP,GRK2,SNX19,PDCD2,ATP13A2,CLPTM1,MPHOSPH9,HIKESHI,LRWD1,DPP7,JMJD6,GTSE1,ANGPTL4,SMTN,CKAP2,EFL1,PMS1,PLEKHF1,CHADL,ORC2,TSSC4,PIDD1,SLC35C1,SLC25A38,TGFB1,HDAC4,IMMP2L,UBXN8
GSE15930_NAIVE_VS_48H_IN_VITRO_STIM_IFNAB_CD8_TCELL_DN	GSE15930_NAIVE_VS_48H_IN_VITRO_STIM_IFNAB_CD8_TCELL_DN	0.0035495856555827	197	68	UBE2S,SQLE,MRPL12,CDC6,RPN1,CDC34,DBI,EZH2,MRPS31,EXO1,MRPS2,SMC2,MRPL11,CLPP,IFRD2,PDCD2,PDIA6,CHEK1,OGT,TARS1,MYC,PRELID1,CFAP20,LARS1,CKAP2,BSG,G6PD,DRG1,SEC23B,PLRG1,PSMG1,TRIP13,CCT3,EEF1AKMT1,UBE2M,HMGN5,DUS1L,CDCA4,LUC7L3,USP39,FDX1,PPP1R7,MRPS33,MRPL17,HAX1,PSMD5,NDUFB7,COX17,SSNA1,TIPIN,BLMH,DNPH1,GART,ERG28,PTCD2,SNRPA,DDX1,MRPS11,KIF22,RER1,IARS1,PLSCR1,PABPC4,SF3A1,BUB1,ORC6,AK2,METAP1
GSE1112_OT1_CD8AB_VS_HY_CD8AA_THYMOCYTE_RTOC_CULTURE_DN	GSE1112_OT1_CD8AB_VS_HY_CD8AA_THYMOCYTE_RTOC_CULTURE_DN	0.013913172767198	136	29	SDC3,PRMT6,SRRM1,GTF3C4,TOX2,RAB8B,SLC6A18,TRIP12,SLC39A9,SYT6,TMEM135,SECISBP2L,FLCN,PGGT1B,KRTAP3-2,DCLK1,GLYCTK,NGEF,S100A13,SAR1A,TRPC1,MZT1,MAN1A2,YWHAZ,SLC16A1,LAMP2,ARPP19,SOCS2,MOB1B
GSE17721_CTRL_VS_GARDIQUIMOD_2H_BMDC_DN	GSE17721_CTRL_VS_GARDIQUIMOD_2H_BMDC_DN	0.0071383119386119	179	43	PCNX1,RPS6KA2,NCOA2,RBM7,HAL,IL23A,RASAL2,POLR1B,SERINC1,LLGL2,PTPRE,FURIN,FLT1,MAPK6,ANXA9,LMO4,SSBP3,TAMALIN,FN1,SECISBP2L,GNA13,CATSPER1,TULP4,ABI1,PAFAH1B1,TM9SF3,DENND2B,TOR1AIP2,OLFML3,PPME1,CD70,DLD,PDLIM1,CAV1,BNIP2,BCAM,TMED7,BTG3,PPP2R3A,ALPK2,FRMD6,PDE4B,MUC13
GSE15750_DAY6_VS_DAY10_EFF_CD8_TCELL_DN	GSE15750_DAY6_VS_DAY10_EFF_CD8_TCELL_DN	0.0100793429851715	180	39	ZCCHC24,ZNF827,STAR,TOB2,PIK3IP1,RPL12,NR1D2,UBA7,TEF,P2RX4,CYP2E1,HLA-E,SLC26A11,SGSM2,SGSH,ZBTB4,PRKCA,CLCN6,JADE2,METTL22,PFN2,IKBKE,MICALL1,RBMS2,AGO1,SEMA4B,LRIG2,QPRT,FEZ2,SUSD2,FOXJ2,ARHGAP31,CRIM1,ARF3,SLC35E3,PIANP,CDH1,TCN2,ZNF217
GSE27786_CD4_TCELL_VS_MONO_MAC_UP	GSE27786_CD4_TCELL_VS_MONO_MAC_UP	0.0080420896304104	184	46	MANF,DNAJA4,SMC4,MEPCE,TAP1,OSBPL5,FAM174C,NHP2,SLC33A2,SAP30L,HES6,CDK13,CTCF,RPL22L1,AZI2,ALKBH7,ZC3H14,TCHP,ZC3H13,SF3A3,SLC52A2,HTATSF1,NSDHL,KBTBD2,RBM22,EARS2,ACYP2,LRWD1,ANGPTL4,CDC5L,NFYC,BRD2,RCL1,TAF3,RAB3IP,RAB10,CCT6A,TAF4B,IRF1,MAP2K7,UBE3A,NELFB,ATF7IP,CEP95,TXNL1,STC1
GSE23114_WT_VS_SLE2C1_MOUSE_PERITONEAL_CAVITY_B1A_BCELL_UP	GSE23114_WT_VS_SLE2C1_MOUSE_PERITONEAL_CAVITY_B1A_BCELL_UP	0.0213977368787054	155	41	PIP4P2,ZNF395,ARHGEF37,HSPA13,RNF144A,CTBS,GOLT1B,WASHC4,CD2AP,LYRM9,PHACTR2,CCNY,MAGT1,PTPN22,LIX1L,TEF,N4BP2,SLC7A6,SGSM2,TMX4,MID1,PGAP1,SNX30,SERINC3,ACVR1,PKP1,STYX,C11orf21,PBX2,ZNF778,SMOX,STARD4,NAPG,BEX4,SLC25A24,SMAD3,TMEM92,REST,ATP2A3,PCDH19,REEP3
GSE17974_1.5H_VS_72H_IL4_AND_ANTI_IL12_ACT_CD4_TCELL_UP	GSE17974_1.5H_VS_72H_IL4_AND_ANTI_IL12_ACT_CD4_TCELL_UP	0.0105710076726561	180	58	CERK,MED13L,CSNK1G3,RBSN,CDC37L1,UBE2B,LEPROTL1,USP27X,ENTPD4,PELI1,RAB11FIP2,ELL2,EEIG1,MTUS1,CREM,IL23A,BTBD19,FBXO28,KLHL24,COQ10B,CCNY,TADA2B,DENND6A,INPP5K,SLC35D1,CHPF2,CLCN4,SCARB2,SESN3,MTMR6,DCTN6,PRMT6,MOSMO,SDE2,UBASH3B,C6orf120,CRYBG1,ZNF641,RNF38,MX2,JADE2,DUSP2,PAG1,PRDM1,RNASEH1,PON2,DPP8,SERPINA1,PBXIP1,RAPGEF6,MAP3K2,TP53INP1,CKAP4,GRAMD2B,ENC1,TRPS1,TSPAN14,MPP7
GSE14000_4H_VS_16H_LPS_DC_TRANSLATED_RNA_UP	GSE14000_4H_VS_16H_LPS_DC_TRANSLATED_RNA_UP	0.0089198423625783	174	57	ABAT,ATP1B1,BPNT1,AGL,CTNND1,GMFG,EIF3K,MEGF9,ACE,SNX29,PARVG,SLC2A3,PLS3,USP9X,STX12,IL1RAP,RGS10,SGMS2,ABL2,TTC3,ARHGDIB,ATP11B,AAK1,RNASE6,NXN,CYB5R1,AGO2,NDUFB6,ALDH6A1,UBASH3B,CDC42EP3,NCF2,GAS7,ABHD2,RAB7B,CMTM3,FAM168B,SPCS3,NAGA,MBNL1,PON2,TPMT,IL1R2,F13A1,QPRT,LAMC1,TSPAN32,DNASE1L1,ITGB5,PLEKHO2,GRAMD2B,KRT17,TRPS1,GSN,ATP13A3,PLAT,DTX4
GSE5589_LPS_VS_LPS_AND_IL10_STIM_IL10_KO_MACROPHAGE_45MIN_UP	GSE5589_LPS_VS_LPS_AND_IL10_STIM_IL10_KO_MACROPHAGE_45MIN_UP	0.009852415938601	192	70	SLC35F5,RNF145,TSPAN31,DDX3X,RNASEL,CHD9,ID3,ATXN1,PLSCR3,OPA1,TMEM9B,CTTNBP2NL,CITED2,ETV1,TCP11L2,SETD7,USP9X,DENND5A,ZFHX3,SEL1L,RAB2B,HFE,PPM1H,STX1A,ARHGAP12,MCFD2,NR1D2,CYB5R1,FNIP2,CBX2,ELMOD2,TOX2,BTBD7,C6orf120,GGA2,PHF13,MTURN,LAPTM4B,PGGT1B,YPEL2,SOCS6,IRGQ,TMEM256,NUAK1,MORF4L1,NECAP2,PIGS,TMEM141,RAB11FIP5,ZNF629,SEC14L1,VAMP3,BMPR2,TSPAN17,LAPTM4A,TREM2,SEPTIN8,EEA1,ARHGEF12,ATP6V0D1,POGLUT3,LRP1,LDAF1,LIMA1,TMEM106B,ITGB5,NHSL3,GLMP,PIAS3,HPGD
GSE18893_CTRL_VS_TNF_TREATED_TREG_24H_UP	GSE18893_CTRL_VS_TNF_TREATED_TREG_24H_UP	0.0102433714644817	173	39	OGDH,SH3PXD2B,MFN2,ADNP2,DOC2B,SOCS4,TMEM127,FHIP1A,SEC22C,SLC7A4,KRT36,CCDC120,NLRC3,RAP2C,MAPK1IP1L,LIMS2,RFLNA,TNKS2,GLYCTK,ETHE1,NIBAN2,TNFRSF1A,ANP32E,COL6A3,ID2,HMGA2,SNX27,ARF4,NDST1,FGD6,TBC1D2,MDM2,PXN,GYS1,ASB9,ATP13A3,ZNF512B,OLR1,KRT71
GSE2706_UNSTIM_VS_2H_LPS_DC_UP	GSE2706_UNSTIM_VS_2H_LPS_DC_UP	0.0110554477795249	159	42	IER5L,FADD,ZNF367,CCDC112,NR2F6,GPR155,RIOX2,WDR24,TSC22D3,PTPRN,ZFP62,TMEM223,NBPF1,CCDC107,ZCCHC3,YEATS2,ASTE1,UTP25,ZNF302,DCLRE1C,TSPAN12,ZNF473,PLD6,WDR74,TIMM29,EML5,FRAT1,NRDE2,PDCD7,ZNF184,WDCP,XKR6,ZNF862,ASTN2,FRAT2,CEP295,PRKAB2,ZNF567,ESCO2,ZNF689,OVOL2,CDKN1B
GSE14000_UNSTIM_VS_4H_LPS_DC_UP	GSE14000_UNSTIM_VS_4H_LPS_DC_UP	0.0065167447507369	191	67	SYK,AATF,FBRSL1,H2AX,MTA1,NUDT16,KAT6B,TBL2,NAT10,NXT1,MDC1,POLRMT,THAP11,ENKD1,MAP1A,GINS3,SATB2,ZC3H14,TCHP,RRS1,TMEM223,POP7,NIFK,SHQ1,ZNF672,AIMP2,ASTE1,SLC7A6OS,MCAT,MRPL45,ZNF630,CSTF2,PLD6,PSMF1,NOP14,SPDL1,YPEL3,KDM4B,CCT6A,SLC25A38,OGFOD1,DCAF13,FEN1,FTSJ3,POLR3B,FRAT2,SPSB3,MOAP1,NOA1,RBM4B,UTP11,MRFAP1L2,EPS15L1,RSAD1,TAMM41,DCP1B,DCAF4,PDIK1L,DEF6,SPHK2,UBAP2,SLC19A1,CLUAP1,TACC3,ZNF544,ZNF420,SMARCA4
GSE11864_UNTREATED_VS_CSF1_PAM3CYS_IN_MAC_UP	GSE11864_UNTREATED_VS_CSF1_PAM3CYS_IN_MAC_UP	0.007633449627704	179	63	GMFG,ID3,SEPTIN7,KLF3,LIMD2,VCL,RPGRIP1,AFF1,NAA80,ZYX,MTMR1,ZNF395,SEC24B,RAP1A,PCSK7,DOP1A,LPCAT4,MINDY1,ACSS1,VHL,SLC25A5,TGOLN2,CACNA2D4,NLRP12,GNG7,TOB2,MTHFR,SCARB2,NR1D2,PEX19,UBA7,ZC3H7A,SGSM2,HNRNPDL,MAGED1,CLIP4,MPP1,ZNF451,RTF1,GNAI2,SH3BGRL,BNIP3L,MIEF1,C2orf69,ABHD2,PKP2,TMC4,SMIM14,IFFO2,SSH2,TAF9B,SLC46A3,MAP3K2,NET1,TP53INP1,CCNC,C1RL,AIFM3,TMEM106B,GAB2,RNF217,POC1B,TCN2
GSE16522_MEMORY_VS_NAIVE_ANTI_CD3CD28_STIM_CD8_TCELL_DN	GSE16522_MEMORY_VS_NAIVE_ANTI_CD3CD28_STIM_CD8_TCELL_DN	0.0103106485487536	177	48	KLHDC3,STX12,CDIP1,SPIN1,HAT1,XDH,ITGB7,STK38L,ZBP1,IFI27L2,RABGGTA,EPS15,CCND2,ETV6,CD8B,N4BP2,TBKBP1,SLC15A3,NIT1,PRKCA,UBE2L6,PSMB10,ISG20,PTGFRN,GNA13,ALDH2,RNF4,AGFG1,TRIB2,IL10,CD9,PLCG1,CTSS,HSH2D,IL1R2,SLC25A17,PTPN1,CELF1,NDST1,AHR,SOCS2,SCN1B,TREML2,WLS,CNN3,CAMK1D,GM2A,GABARAPL1
GSE7460_TCONV_VS_TREG_THYMUS_DN	GSE7460_TCONV_VS_TREG_THYMUS_DN	0.015694952308068	170	40	USP11,TSPAN13,NTN4,OSBPL3,SUB1,RAB8B,NOTCH2,PRNP,CORO2A,PXDC1,MTMR3,ARL5A,CXCR6,IKZF4,ITGB1,TNFRSF9,AK3,EBI3,PRDM1,KCNK1,RRAS,IL1R2,SH3BGRL2,STARD4,NRP2,LIMA1,NTN1,CISH,AHR,PRR13,ATOSB,PRKAG2,CRIM1,SOCS2,WLS,BCL2L15,REEP3,MEIS3,IL2RB,GABARAPL1
GSE29618_PDC_VS_MDC_DAY7_FLU_VACCINE_UP	GSE29618_PDC_VS_MDC_DAY7_FLU_VACCINE_UP	0.015694952308068	170	42	TNFRSF21,GNG7,SCARB2,USP11,SMPD3,TSPAN13,CMKLR1,SCAMP5,PHEX,ITM2C,SERPINF1,PTBP3,GRAMD1B,PTK7,MAGED1,GGA2,CYBB,RIPOR1,CIB2,ALOX5AP,SFT2D2,CUEDC1,CD164,TM9SF3,HIGD1A,MARCHF2,SIT1,TAF9B,RUNX2,AQP3,MAPKAPK2,NPC2,LBH,BTG3,CSF2RB,DAB2,B4GALT1,UGCG,CRIM1,RUBCNL,ATP2A3,KRT5
GSE9960_HEALTHY_VS_GRAM_NEG_SEPSIS_PBMC_DN	GSE9960_HEALTHY_VS_GRAM_NEG_SEPSIS_PBMC_DN	0.0105561401808668	173	53	TRIP10,G0S2,PDGFRL,NABP1,BMP1,BMAL2,ELL2,DCUN1D3,ADAM32,CMTM6,SEMA4D,DUSP4,GP1BA,HEXIM1,CDS2,ETV3,RAB30,FMNL3,CD44,ADGRE1,BID,MELTF,ERO1A,SMURF2,LONRF1,DCUN1D1,TAGLN2,ISG20,IKBKE,PSMA1,ETHE1,IFITM3,TNFRSF9,BCL3,AK4,F3,YIPF6,PLAUR,SERPINA1,ARL8B,SMOX,TPD52,ATP6V1H,ITCH,BTG3,CSF2RB,MMP7,JAG1,AHR,ARF3,SOCS2,ADM,MYO1G
GSE3982_MAST_CELL_VS_MAC_DN	GSE3982_MAST_CELL_VS_MAC_DN	0.0149306330797698	172	60	PSMD12,IL10RA,GNL1,SRSF11,PLEK2,BLCAP,PSMA6,WAPL,CTNNA1,PLS3,KLHDC3,SNX13,GTF2IRD1,NCSTN,MAN2B1,ENG,ASPHD1,CREBL2,CAPZA2,UCHL3,ATP2B2,MTF1,TMED5,SLC6A12,PHACTR2,HMCES,BCL2L1,RNASE6,ZDHHC7,USP12,EEF1AKMT3,KPNA2,KIF2A,GRAMD1B,RAB8B,GGA2,CLIP4,RPS6KB1,EML4,ACOX1,CSPG4,ETHE1,DNAJB14,TNFRSF1A,ACP2,AK4,DCPH1,TREM2,RHOQ,CCR5,CTSS,PDXK,ITGA3,BAG4,LRP1,CD36,MITF,DAB2,PPP2R3A,TGFBR1
GSE39820_TGFBETA1_VS_TGFBETA3_IN_IL6_TREATED_CD4_TCELL_UP	GSE39820_TGFBETA1_VS_TGFBETA3_IN_IL6_TREATED_CD4_TCELL_UP	0.0092922038497104	195	63	ATP6V1D,PARD6G,LSM14A,PIP4P2,TSPYL1,CTNNB1,KLF9,AREL1,STEEP1,FAR1,CAPZA2,HSPA13,STX1A,RSPRY1,CDS2,ERN1,ADO,ADNP2,CPNE3,SPRED1,STT3B,MAPRE1,TMEM127,FAM91A1,POFUT1,CORO7,ATXN10,ERBIN,UBE2H,BTAF1,KAT2B,G3BP2,CLCN6,DNAJB5,ZNF451,SLC25A46,C2orf69,ACOX1,MAPK9,RNF4,CASD1,ACVR1,EXOC5,LYPLA1,TM9SF3,TRPC1,STYX,QKI,YAF2,RBM27,BMPR2,MAN1A2,CAPZA1,GPC3,LIMA1,YWHAZ,ITCH,SLC16A1,TGFBR2,IFI35,PPP1CC,SMAD3,CADM4
GSE25088_ROSIGLITAZONE_VS_IL4_AND_ROSIGLITAZONE_STIM_MACROPHAGE_DAY10_UP	GSE25088_ROSIGLITAZONE_VS_IL4_AND_ROSIGLITAZONE_STIM_MACROPHAGE_DAY10_UP	0.011390291505785	184	63	NFRKB,IPO9,TRIM23,SERAC1,PTPRS,HBS1L,TMEM60,C6orf62,PLS3,NAPA,TMEM242,MTMR1,SPIN1,NFKBID,DMAC2,DFFB,HMGN3,TMEM86A,PEX5,ZCCHC24,MTCL2,MR1,PABIR1,GRN,PIK3IP1,DCTN6,LRP12,ERBIN,RHOBTB2,TMX4,PRRX2,ANKRD40,GALNT12,TRPT1,RIPOR1,COX8A,MIMS2,KRT31,C11orf71,PGPEP1,SERINC3,PAG1,AGTRAP,KLHL42,HIF1A,CCDC126,AK3,PPP6R3,FHIP2A,PON2,LAMTOR4,MTPN,QPCTL,TP53INP1,LDHB,SIAE,NCEH1,MAP4K2,PRKAG2,TMEM63A,CARMIL1,DTX4,GABARAPL1
GSE5589_WT_VS_IL10_KO_LPS_STIM_MACROPHAGE_180MIN_DN	GSE5589_WT_VS_IL10_KO_LPS_STIM_MACROPHAGE_180MIN_DN	0.0170476340125752	117	39	SOX13,RASL10B,SALL2,BCAT2,HOXD3,TPM2,RNF144A,ANKRD34A,TIE1,ALLC,TDRD7,NINJ1,DDAH2,SCARB2,LIX1L,ITM2C,SSBP3,UBASH3B,NFATC4,COPZ2,PREX1,GNA13,EEIG2,H6PD,HDHD3,H1-2,SMOX,NRP2,OLFM2,RARG,KIRREL1,FBLN5,ARHGEF28,SLC25A24,RORA,CXADR,IFITM1,SLC1A3,SOCS2
GSE17721_POLYIC_VS_GARDIQUIMOD_12H_BMDC_DN	GSE17721_POLYIC_VS_GARDIQUIMOD_12H_BMDC_DN	0.0103801164108762	188	51	PDF,CTU1,HSP90AA1,MANF,SMC4,RAI14,GTF2E2,CDC25A,IGFBP4,RDH10,STT3A,NCBP1,HSP90B1,ZC3H8,AQR,SLC35A1,SRFBP1,ARHGDIA,PTGES,DGKZ,MCUB,UTP20,GRK2,BOP1,SLC71A1,CCDC107,RIDA,ARTN,SELENOS,LIG3,SLC41A2,RHOT1,PPP1R14B,ACTL6A,POLR3D,HSD17B7,DRG1,PSMG1,MYO1B,EGLN3,NPM1,RRP9,DNAJB6,PSMD5,SIMC1,TRIM27,RGS19,NOA1,FBXO15,MPHOSPH6,FASN
GSE22432_CONVENTIONAL_CDC_VS_PLASMACYTOID_PDC_UP	GSE22432_CONVENTIONAL_CDC_VS_PLASMACYTOID_PDC_UP	0.0069186585239101	185	57	MANF,FKBP4,YDJC,ANKRD13B,GLRX5,UBTF,RPN1,REXO2,GLE1,MDC1,NUDC,RUVBL1,CCT4,RANBP1,TCP1,PIN1,PAK1IP1,WDR18,SAC3D1,NARS2,RSRC1,FNTB,RRS1,TCF3,CHEK1,NDUFAF2,RAD54L,TOPBP1,P4HB,ANGPTL4,PRIM2,MSH2,MCM4,EMILIN1,MCM3,SERBP1,MORF4L2,PRC1,SH3BP5,TTC21B,METTL16,HMGCS1,GSAP,PPIL3,COPRS,UTP18,LMNA,TIPIN,FASN,MBOAT1,SETD6,COPS3,TOP1MT,SREBF2,EMC6,SUCLG1,CTPS1
GSE32128_INOS_DEPENDENT_VS_INOS_INDEPENDENT_ACTIVATED_TCELL_UP	GSE32128_INOS_DEPENDENT_VS_INOS_INDEPENDENT_ACTIVATED_TCELL_UP	0.0108075588665185	186	59	HBS1L,HDAC7,ARFIP2,RNF19A,PLCD1,MIF4GD,BCAT2,CLCN1,BMPR1A,SEL1L,CBL,PRKACA,SEC23A,INTS6L,MYO7A,DNM1,CIAPIN1,ITPRID2,PPP4R1,RCOR1,MAPK6,TACC2,TBC1D23,APOBEC3B,PI4K2A,TMEM45A,VAT1,RHOBTB2,PPP3CB,CCDC6,NDRG4,RIPOR1,GNA13,PKP2,SOCS6,DOCK5,TBC1D13,DHRS1,WBP2,MTMR10,DDX19B,MFGE8,RAB1A,LGALS7,IFFO2,ANXA2,ARL8B,CKAP4,SNX17,TGIF2,TRAF5,SNX4,STAT5A,MYRF,DKK1,SMO,COL1A1,PIP5K1B,FAM131B
GSE28726_NAIVE_CD4_TCELL_VS_NAIVE_VA24NEG_NKTCELL_DN	GSE28726_NAIVE_CD4_TCELL_VS_NAIVE_VA24NEG_NKTCELL_DN	0.0104029696568683	161	55	ARHGEF11,PRKG2,MUC1,SUOX,PLCD1,SLC2A3,MDK,XDH,AREG,TPM2,P2RX1,DLG5,TXNIP,HEXIM1,PIM1,SORBS3,GCA,CLDN9,PIK3IP1,TFDP2,DISC1,FLOT2,KLF5,ITGB2,ADAM11,ZNF8,MYL2,LIMK2,TRAM2,SLCO2B1,ITGA2B,TUBB2A,RPS28,ALDH2,CCDC69,CXCR6,ACAP1,ITGA5,TRIB2,PCOLCE,PRDM1,SIT1,CORO1A,UTRN,CDC42BPA,RASGRP2,MAD1L1,DGKA,FCGRT,ACP5,FGFR1,MAP4K2,IFITM1,RGS9,PIAS3
GSE21927_SPLEEN_VS_C26GM_TUMOR_MONOCYTE_BALBC_UP	GSE21927_SPLEEN_VS_C26GM_TUMOR_MONOCYTE_BALBC_UP	0.0155178935825857	111	32	PRKCI,IL20RB,PPM1H,ENPP5,SDC1,CASP10,RASGRP3,NUCKS1,ETV6,SPC24,COQ8B,RCC2,FN1,ZNF281,LYPLA2,PURB,MYO7B,SYNE4,ITGA5,IL10,TSKU,PAPSS2,GREM1,CYP2W1,SEMA4B,RASSF2,PTPN7,SLC7A7,GRIN2B,BCL2L15,RAB31,PRSS23
GSE25088_CTRL_VS_ROSIGLITAZONE_STIM_STAT6_KO_MACROPHAGE_UP	GSE25088_CTRL_VS_ROSIGLITAZONE_STIM_STAT6_KO_MACROPHAGE_UP	0.0206992061662517	143	48	ZNF491,ALDH1A2,SKP1,C1D,TTC28,SLC35B4,NABP1,ARFIP1,KCMF1,LANCL1,CTNNB1,ABCB7,HSPA13,RNF144A,DNAH1,MCFD2,MARCKS,FAM98B,DENND1B,USP12,FOXN2,ISM1,ARL4C,MYL2,SRP72,PHF13,MTURN,CNIH1,CACNA1H,MAPK9,WBP1L,CNOT6L,WNT5A,EXOC5,SPTSSA,RAB1A,SH3BP4,AGO1,BAG4,NIPSNAP2,TOM1L2,SRP9,BEX4,CACUL1,EID1,REST,TOMM20,ZNF217
GSE360_L_MAJOR_VS_T_GONDII_DC_DN	GSE360_L_MAJOR_VS_T_GONDII_DC_DN	0.016953099997718	150	43	AKT2,KLHDC3,NOVA2,SMG1,CACNA1C,OTUD3,HFE,PEX2,YTHDC2,TMCC2,CPNE1,AMOT,MATN2,TYRO3,PCGF3,CCT6B,CCNT1,COL21A1,NDUFB6,KRT19,KCTD2,AATK,TAF13,DNAJB5,WWTR1,HYAL2,ITPKB,TTC39A,ME3,NTRK1,RASGRP2,STK16,TPD52,MMP11,USP22,SLC25A24,OLFML2A,MYRF,LUM,ST3GAL1,FLNC,ACKR3,FAM131B
GSE3982_NEUTROPHIL_VS_TH2_DN	GSE3982_NEUTROPHIL_VS_TH2_DN	0.0066965142080273	191	47	TPP2,RCN1,RXYLT1,KIF15,PAQR4,ANP32B,GTF3A,SUPT3H,NOC3L,REXO2,PCNT,CKS2,BRCA1,MDC1,P2RX5,MAZ,CTNNBL1,CENPI,MGST2,ZC3H14,TMEM131,DPY19L1,PLA2G4A,ADRM1,NOP53,STAMBPL1,ATF1,RBBP8,ODC1,MYC,MORC2,CHD1L,MTHFD1,HSPA9,RCL1,EP400,ARMCX2,MAP3K4,PPIE,MBD3,NSD2,DNAAF2,PCID2,OGFOD1,VGLL4,UTP18,ATP13A1
GSE339_EX_VIVO_VS_IN_CULTURE_CD8POS_DC_DN	GSE339_EX_VIVO_VS_IN_CULTURE_CD8POS_DC_DN	0.0113797467371647	181	53	SNRPB,ART5,LPIN2,NCS1,PEX5,GJA5,PLEKHA7,PITPNB,EXT1,VCP,MAPK6,MOV10,CDKN1A,CMIP,NDUFC2,ATP5F1A,AEBP2,ARL4C,RAB8B,C6orf120,GNA13,GJC1,TBC1D15,PSMD11,WSB2,SLC6A6,ATP6V1A,PIK3R1,H2AZ1,TNFRSF1A,BCL3,MDH1,TOR1AIP2,IST1,ARF4,ZNFX1,SERPINB9,MMP11,RAB12,SEMA7A,ITGAV,CSF2RB,LAMC2,LITAF,IFITM2,SNX4,RORA,CAPG,KCTD10,RGS9,JUP,GABARAPL1,TWSG1
GSE13485_DAY7_VS_DAY21_YF17D_VACCINE_PBMC_UP	GSE13485_DAY7_VS_DAY21_YF17D_VACCINE_PBMC_UP	0.0133417479529294	183	55	HPSE,RHOBTB1,GMPR,RUBCN,PPM1A,SDSL,ZBP1,SASH1,FBXO6,NEK3,FXYD6,PHACTR2,LY6E,EXT1,MARCKS,SUSD1,MTHFR,NEXN,SCARB2,STAT2,CDKN1A,FNIP2,ELF4,ETV6,DHX58,CORO7,PEAR1,MGLL,RCC2,ST3GAL5,MX2,ADAR,TBC1D8,LPP,MYOF,RYBP,SAR1A,SAT2,RNASEH1,SNN,UTRN,ZNFX1,SAMD4A,CKAP4,XPNPEP1,SERPING1,DAB2,ARHGAP31,EPSTI1,MYLK,CTTN,MX1,JUP,ZNF185,TNS3
GSE5679_RARA_AGONIST_AM580_VS_AM580_AND_ROSIGLITAZONE_TREATED_DC_UP	GSE5679_RARA_AGONIST_AM580_VS_AM580_AND_ROSIGLITAZONE_TREATED_DC_UP	0.0112519818479454	175	56	MMD,BMP2K,DENND4C,PLEKHO1,NPAS2,FAM241B,PPP2R1B,ZNF821,NAXE,RNF19A,NDUFA1,SNX8,MYO18A,IPMK,NFATC1,TMEM86A,MTCH2,MFSD11,HMCES,SOSTDC1,ALAD,AZIN1,NDUFC2,LMO4,PEAR1,NIT1,RAB11FIP4,TUBB2A,MPP1,ALS2,APOOL,RNF157,PGPEP1,FAM43A,CBR4,GSTM4,LPP,MAN2A1,HDHD3,UAP1L1,AK4,VAMP5,OAZ2,ANGPTL2,DCPH1,TUBB2B,CTSB,POGLUT3,MAPKAPK2,TPD52,CD81,ATP6V1H,COX6B2,LAMP2,SYPL1,LTBP1
GSE24142_EARLY_THYMIC_PROGENITOR_VS_DN3_THYMOCYTE_FETAL_DN	GSE24142_EARLY_THYMIC_PROGENITOR_VS_DN3_THYMOCYTE_FETAL_DN	0.0108490390320072	178	52	SNRK,DLST,HIBADH,RAB6B,RCAN3,ERN2,DHX40,FICD,MYL11,EIF2AK3,TM7SF2,RSPH1,LLGL2,SIDT2,ADCY6,IGF2,ALDH7A1,LIPG,SLC35D1,SLC66A3,GPR132,CD8B,DOCK6,PPP3CB,TUBB2A,MPP1,EVI5,NDRG2,TOLLIP,MTF2,CDC42EP1,PMEPA1,WSB2,PTPRO,PAG1,MYOF,CD164,AGFG1,IL10,ASB4,TUBB2B,EDEM1,SH3BGRL2,RAG1,DNMBP,LDHB,ARHGEF10L,NOTCH3,CRIM1,TGFBR1,SHISA5,EFEMP2
GSE24026_PD1_LIGATION_VS_CTRL_IN_ACT_TCELL_LINE_DN	GSE24026_PD1_LIGATION_VS_CTRL_IN_ACT_TCELL_LINE_DN	0.0094978019109095	189	73	NUP107,CDC25A,HSPD1,POLA1,CAPN15,THOP1,TUBGCP3,FIRRM,MAN1C1,GPHN,LARS2,CTCF,SMC2,PLAGL1,PDE3B,ADCK2,TCF3,GSPT1,MRPL3,INVS,PHKA1,CHEK1,TAOK3,CARS2,MPHOSPH9,GMEB2,TOPBP1,EHBP1,TXNL4B,ZDHHC6,PDSS2,TAF5,ARSB,EFL1,MAP3K4,PLEKHF1,KIF20A,TUBGCP4,MTREX,POLD1,PRC1,CCT5,DIAPH2,PPP6R1,RSRC2,UTP18,USPL1,FTSJ3,SMC6,TRIM27,PTCD3,UQCC1,ZZZ3,BLMH,KDM3A,USP1,PAK4,SIN3B,EPS15L1,PFAS,AKR1C2,KIDINS220,MON1B,DDX1,GLS,IARS1,PABPC4,LRRC59,KANSL3,BUB1,MCM2,ME2,MPRIP
GSE37605_C57BL6_VS_NOD_FOXP3_FUSION_GFP_TREG_DN	GSE37605_C57BL6_VS_NOD_FOXP3_FUSION_GFP_TREG_DN	0.0126531617371107	167	47	FOSB,DUSP1,FOS,SPRY2,JUN,CEBPD,RAB43,KLF4,ATF3,ADAMTSL2,ETFB,IER3,MRPL18,DENND1A,BRD7,CEBPB,SERPINE1,AVEN,CASP7,PLK3,CDCA7,NFIL3,MRPL3,BHLHE40,JUNB,CCL24,PTGS2,CLPTM1,MYC,TNFAIP3,SELENOS,SPRY4,LRP5,ZFP36,DLL1,NFYC,SCARB1,TM4SF1,NR4A1,LACC1,PVR,EEF1AKMT1,EYA1,ABHD12,FADS1,LONP2,SEC24D
GSE22140_GERMFREE_VS_SPF_MOUSE_CD4_TCELL_DN	GSE22140_GERMFREE_VS_SPF_MOUSE_CD4_TCELL_DN	0.0069810853241494	176	42	BID,PI4K2A,P2RX4,STAB1,UBE2H,APLP2,SGSH,GGA2,TUBB2A,AHNAK,ALOX5AP,DUSP2,SELENOP,PIK3R1,KANK1,SAR1A,AKR1C3,RNASE1,ANXA2,PDXK,DGKA,MAPKAPK2,RAB5C,EMP3,TIMP1,DNMBP,YWHAZ,DNASE1L1,DAB2,IFITM2,PLEKHO2,CD59,PLTP,ACP5,LTBP2,TUBB4A,NOTCH3,MX1,ANPEP,ADM,TIMP2,HEG1
GSE13485_CTRL_VS_DAY21_YF17D_VACCINE_PBMC_UP	GSE13485_CTRL_VS_DAY21_YF17D_VACCINE_PBMC_UP	0.0071549487938174	185	43	ACVR1B,ZDHHC7,VPS37B,CAPN1,CORO7,SDE2,ZNF8,RCC2,PIK3R5,SLC36A4,SLC16A5,PURB,MTMR3,ATXN1L,CCDC69,LPP,WBP2,DDX19B,PPP3R1,ABHD13,PIGS,SAR1A,B3GNT7,SAT2,NBEAL2,FHIP2A,RNASEH1,SNN,PAFAH1B2,EDEM1,MAPKAPK2,MAP3K2,CKAP4,USP22,XPNPEP1,NAPG,CACUL1,DAZAP2,DSTYK,PXN,VPS18,ARF3,KDM5B
GSE21360_NAIVE_VS_PRIMARY_MEMORY_CD8_TCELL_DN	GSE21360_NAIVE_VS_PRIMARY_MEMORY_CD8_TCELL_DN	0.0175031051503157	152	61	IQSEC1,COMMD4,HDAC5,SLC22A23,PLXNC1,COTL1,TMEM184B,DCK,CYTH1,CMTM4,MMD,SLC35F5,TBC1D16,CERK,PLXDC1,ABCG1,SLC66A1,TTYH2,ADCY7,MAN2B1,IL6ST,SLC6A8,STOM,HAL,LAPTM5,PHACTR2,MOV10,FMN1,RAP2A,TRPV2,STAB1,LRP12,CD109,VAT1,APLP2,SLCO2B1,UBE2L6,PGAP1,GPX3,AHNAK,HEXB,SOCS6,ATP6V1A,MYOF,VWF,S100A13,RRAGC,PDP1,OLFML3,CTSS,SLC46A3,LRP1,NPC2,LDHB,ITGAV,HAVCR2,LY6S,ATP6V1B2,BST2,TGFBR1,JUP
GSE18281_PERIMEDULLARY_CORTICAL_REGION_VS_WHOLE_MEDULLA_THYMUS_DN	GSE18281_PERIMEDULLARY_CORTICAL_REGION_VS_WHOLE_MEDULLA_THYMUS_DN	0.024344233140886	126	38	TAF7L,LURAP1,APOC2,MTA3,ADAMTS15,MSTO1,SORBS3,DECR2,MINDY1,RAMAC,CDX2,SHE,SERPINA5,TMC2,ANKRD1,MYO1A,ITGA2B,ZNF641,ANKRD65,SOCS6,WSB1,FOXN1,TOR1AIP2,CORO6,HNF1A,ITGA3,MAPK8,RBP7,QPRT,CREB3L1,CAV2,NYNRIN,ATOSB,MYLK,CTTN,GSN,ECM1,EPHB3
GSE18804_BRAIN_VS_COLON_TUMORAL_MACROPHAGE_DN	GSE18804_BRAIN_VS_COLON_TUMORAL_MACROPHAGE_DN	0.0108986328843167	165	56	HOXA9,PLIN2,PRKRA,CACYBP,SCRIB,OPRK1,RDH10,GABRG1,TRIB1,HSPA1A,NRXN3,FABP5,GRIN3B,BAG2,IFT172,AVEN,NIPAL2,SNTB1,PLAGL1,DSCC1,SLC1A1,ZNF696,HOXD13,NSMAF,CRYBA2,MCUR1,ATAD2,NCL,PINX1,RIDA,STK3,BOLA1,SLC39A4,MTHFD1,NIF3L1,MAIP1,INTS8,SGO2,TUSC1,CCT6A,INTS10,CHN1,ZNF775,EBAG9,DCAF13,MMAB,ECI1,GAL,MRPL15,NDUFAF6,TGS1,ZFPM2,PBX3,BZW2,CHMP4C,TOP1MT
GSE45365_WT_VS_IFNAR_KO_CD11B_DC_MCMV_INFECTION_UP	GSE45365_WT_VS_IFNAR_KO_CD11B_DC_MCMV_INFECTION_UP	0.008210412939979	175	50	ZNF503,ZNF628,MANF,YDJC,AMH,OSBPL5,UBTF,FAM174C,CAPN15,TPPP3,SOBP,SHROOM1,SPOP,TCOF1,ENOX2,SLC35E4,PDCD5,EPHB6,RPAP1,CACTIN,SLC16A9,EPB41L4A,IDUA,CCNQ,AFG2A,YJU2,ZNF577,FBXL14,PINX1,DPP9,PRR12,ADCK5,DSEL,EXO5,ZNF329,ZBTB7A,NSUN4,RIN1,HNRNPU,SLC35C1,KRI1,WIZ,CCDC61,IMMP2L,CIC,ARHGEF18,CABIN1,MMAB,RRP9,QTRT2
GSE16385_ROSIGLITAZONE_IL4_VS_IFNG_TNF_STIM_MACROPHAGE_DN	GSE16385_ROSIGLITAZONE_IL4_VS_IFNG_TNF_STIM_MACROPHAGE_DN	0.017106060725546	133	47	ZNF747,FNDC8,DHX32,DOCK1,HAUS5,UNC45A,ANOS1,NGFR,PSG7,OPA1,PRKG2,DCBLD2,CDC42EP4,BMAL2,ELK3,TMEM8B,DHRS11,HFE,RNF39,MMP2,PIPOX,ATP2B2,EPHA1,BST1,FLT1,STAB1,CAVIN1,SLC39A9,DPYD,PLLP,IL12RB2,SOCS6,AKAP5,ITGA5,TRPC1,ASB13,PPME1,F2RL1,RPS29,ALDH1A1,CAV1,TSPAN32,PPP2R3A,CDH11,OGFRL1,ASB9,EHD2
GSE9988_ANTI_TREM1_VS_CTRL_TREATED_MONOCYTES_UP	GSE9988_ANTI_TREM1_VS_CTRL_TREATED_MONOCYTES_UP	0.0128177577135032	177	34	PPARG,SRXN1,HES4,DUSP1,TLNRD1,SPRY2,JUN,SLC3A2,EGR1,BANP,ATF3,SLCO4A1,NR4A2,CSRNP1,LRFN4,PNP,CKS2,TRIB1,HIC1,EGR2,ANKRD28,CEBPB,LPL,SGK1,NSMAF,KLF10,FOSL1,PTGS2,GLA,BAG3,RASD1,SNX9,HSPA9,DTL
GSE40666_WT_VS_STAT4_KO_CD8_TCELL_UP	GSE40666_WT_VS_STAT4_KO_CD8_TCELL_UP	0.0303607483765355	113	34	PKD1L2,CNFN,ZNF395,MAPT,PHOSPHO1,PRRT2,PIM1,WNT9B,TDRD7,MARCKS,COL17A1,DOC2A,CBLC,ALPI,DHX58,SMOC1,KRT19,POLN,MLPH,GRIK4,KLF12,NODAL,PKP2,SEMA3F,NRP2,GREP1,LITAF,SLC1A2,SEMA4C,EPSTI1,MX1,PGGHG,TNFAIP2,CPXM1
GSE7852_TREG_VS_TCONV_DN	GSE7852_TREG_VS_TCONV_DN	0.0149846003839322	168	51	ARFIP1,TANC1,MAP4K4,HIPK1,EEIG1,CTDSP2,LBR,PPM1H,EIF2AK3,PEX5,SLC30A4,IFITM10,RANBP10,SOSTDC1,AAK1,USP12,ORAI2,ARL4C,LIMK2,KCTD2,PCCB,PAQR7,PGAP1,KLF13,CD28,DSE,GUCD1,PIK3R5,DUSP6,VMA22,PAG1,TNFRSF1A,ARHGAP29,PPP6R3,FHIP2A,DAP,CD4,GPSM3,NPC2,DENND3,ITGB5,TGFBR2,GRAMD2B,ENC1,UGCG,TGFBR3,ATP2A3,CDH1,ZNF652,TSPAN14,PDE4B
GSE15930_NAIVE_VS_24H_IN_VITRO_STIM_CD8_TCELL_UP	GSE15930_NAIVE_VS_24H_IN_VITRO_STIM_CD8_TCELL_UP	0.0132553462553482	169	65	DLGAP4,RAB33B,KLC4,LMO2,JARID2,FBXW4,TRIM13,MTFR1L,MCOLN2,ULK2,SPA17,ZBTB20,BSDC1,EXOC7,CXCR4,PMPCA,TGM2,COL6A1,NCOA3,EIF2AK2,ABCG1,SIAH1,GRINA,SOX13,IP6K1,RECK,ADGRL1,MAP4K3,PHF1,PCSK7,ARID3B,FOXK1,RANBP10,INPP5K,RPL12,PI4K2A,CYP2E1,UNC119,TRAFD1,SUB1,SYNRG,PLEKHB2,MFGE8,DENND2B,PAPSS2,SIT1,NAGA,F2RL1,MYL6,PSAP,LDAF1,WNT11,COL6A2,CYTH3,ZYG11B,STAT5A,B4GALT1,ACTR1B,MX1,SOX4,ARF3,TIMP2,SGPL1,TCN2,PDE4B
GSE13306_TREG_VS_TCONV_LAMINA_PROPRIA_DN	GSE13306_TREG_VS_TCONV_LAMINA_PROPRIA_DN	0.0158442074343657	157	35	PI4K2A,RPS16,OSBPL3,ZNF8,COQ8B,GALNT12,CCDC6,GOLT1A,TAF13,NLRC3,RPE65,CRYBB1,DSE,GUCD1,SOWAHA,GNGT2,PRXL2A,PLA2G7,GALNT9,TMEM141,YTHDF1,CCNI,AGO1,PPP4R2,VEZT,FCGRT,TGFBR2,PLTP,EPSTI1,VPS18,SLC30A7,PRR5L,ZNF652,ALPK2,NRG1
GSE6674_ANTI_IGM_VS_PL2_3_STIM_BCELL_DN	GSE6674_ANTI_IGM_VS_PL2_3_STIM_BCELL_DN	0.0067951996805667	194	60	PCBP1,TPP2,GOLIM4,IL2RA,GZMB,YDJC,SQLE,SLC7A5,NEDD9,AFG2B,REXO2,MRPL52,ST3GAL4,STT3A,HSP90B1,TCOF1,DNAJC2,TUBA4A,B3GALT6,PIM3,XPOT,PALS2,NOC4L,AFG2A,DPH5,KAT2A,DNAJC21,SIAH2,BRIX1,ODC1,TARS1,MYC,MORC2,EIF2S2,HSPA9,EIF4G3,LARS1,EFL1,PLPP5,CDK6,HSD17B7,TPR,RPP25,AEN,ELMO2,TGFB1,SRM,UTP18,HK2,RABGGTB,TUT1,MRPL17,CALR,FASN,RRN3,FAM185A,SETD6,MRI1,HSPA4,XBP1
GSE26030_TH1_VS_TH17_DAY15_POST_POLARIZATION_DN	GSE26030_TH1_VS_TH17_DAY15_POST_POLARIZATION_DN	0.0073195581401782	176	57	VCL,TGFBI,RPSA,NFIA,CITED2,NDUFA1,ARFIP1,ZBED3,ARHGEF37,S100A6,RGS10,HPSE,DHX40,STOM,EIF2AK3,ZCCHC24,RANBP10,VPS26A,CTDSPL,SLC39A1,TDRD7,TNFRSF21,INPP5K,PSME4,ANXA9,SUB1,RASSF4,SDHD,TAGLN2,MPP1,COX8A,MX2,MARCHF5,ALOX5AP,ADAR,SOCS6,IFITM3,NIBAN2,FOXRED2,LAMTOR4,ICAM1,IQSEC2,SMOX,ANXA1,F13A1,LDHB,COX6B2,TBC1D2,IFI35,AHR,RNF217,EPSTI1,PLXND1,STARD8,GSN,STING1,RAB31
KAECH_DAY15_EFF_VS_MEMORY_CD8_TCELL_DN	KAECH_DAY15_EFF_VS_MEMORY_CD8_TCELL_DN	0.012019647373814	182	44	JUND,RBM17,HM13,PCBP1,FOSB,DUSP1,PPP1R15A,KLF6,NUDT3,KLF4,EGR1,LDAH,MAP3K5,CMTM7,GBE1,HSP90AB1,NRCAM,MAP2,BCL2,HPCAL1,IFRD2,LYSMD2,IKBKB,RABAC1,UBALD2,NFKBIA,MYC,MRM3,ZFP36,ELOVL5,RPL14,ENTREP3,PPIE,TP53BP1,CCT6A,POLR2H,PIM2,GALNT11,GALNT10,PRSS12,EYA2,ATP13A1,SSBP2,TP53
GSE42021_CD24HI_TREG_VS_CD24HI_TCONV_THYMUS_UP	GSE42021_CD24HI_TREG_VS_CD24HI_TCONV_THYMUS_UP	0.0084525298388524	192	53	HOXC5,RBM10,CDK2AP2,ALDH3A2,CSNK1G2,ETFB,REX1BD,HCN2,LSR,BUD31,CLTA,INTS3,PPP1R21,CYBA,NME6,RBM42,ZDHHC9,PNPLA2,ARHGDIA,CLPP,NMI,TMEM259,HSF1,DYNLL1,CEP89,MCM10,PRKCSH,FOXO3,HIKESHI,DDX27,ARHGAP45,PEX6,ING4,PPP1R14B,SART3,HSD17B7,ERP29,ALDOA,LEMD2,PTS,NLN,TPK1,XRCC2,AURKAIP1,DUS1L,RAB8A,VPS72,TP53,NELFE,PDHA1,SLC38A10,SSNA1,CEP250
GSE3982_CENT_MEMORY_CD4_TCELL_VS_NKCELL_UP	GSE3982_CENT_MEMORY_CD4_TCELL_VS_NKCELL_UP	0.0085234243945186	162	39	SLC18A2,PNPLA3,EEIG1,CSF1,LARP1,TAX1BP1,CBR3,ASXL1,MID2,EPHA1,ADNP2,PHACTR2,RPL12,UBE2G2,SGSM2,ZNF281,AHNAK,CD28,RPS28,PFN2,TUBD1,DIP2C,CRACDL,ITGA3,DGKA,INPP4B,AQP3,EDEM1,RAPGEF6,NET1,TGIF2,KYAT3,LDHB,CISH,AHR,MALT1,TMEM63A,CNTNAP1,PDE4B
GSE2770_TGFB_AND_IL4_ACT_VS_ACT_CD4_TCELL_48H_UP	GSE2770_TGFB_AND_IL4_ACT_VS_ACT_CD4_TCELL_48H_UP	0.0179445128399019	182	42	PIM1,LRP10,CSRNP2,GNPDA2,ATP6V0E1,ZNF513,VCP,CDKN1A,CCRL2,NEU1,GPR35,NDUFV2,GTF2A1,NLRC3,UBL5,EML4,PIK3R5,PSMD11,PLEKHB2,MOB3C,ZFYVE1,PSMA1,PSMB2,PAFAH1B1,CD63,ITGA5,YIPF6,CCR5,PDXK,ATP6V1C1,SLC43A3,CTSB,ACTR3,ATP6V1H,TNFRSF10D,CISH,ATP6V1B2,ARHGAP31,STARD8,SLC1A3,CRIM1,KCNN4
GSE17974_0H_VS_6H_IN_VITRO_ACT_CD4_TCELL_DN	GSE17974_0H_VS_6H_IN_VITRO_ACT_CD4_TCELL_DN	0.0104198909138708	189	58	IL2RA,RFC4,CACYBP,HSPD1,TBL2,FAM174C,WDR3,IL18R1,CMSS1,ERP44,PRDX4,RUVBL1,VTI1B,SLC33A2,CCT4,RANBP1,SDF2L1,ATP1B3,XPOT,EIF2B2,DDX10,NANS,TBCCD1,TMEM223,ALG3,LYAR,CCDC86,SCFD2,GRK3,PPP1R14B,FAM114A2,MLH3,ALDOA,TP53BP1,CCT6A,POP4,PSMG1,POLR2H,MLYCD,ISG20L2,NFXL1,NLE1,COPRS,UTP18,ZNF470,SEC11C,MRPL17,POLD2,PIGM,UTP11,KEAP1,HYOU1,YARS2,SH2D2A,QTMAN,TOP1MT,PPIL1,DNPH1
GSE3982_NKCELL_VS_TH2_UP	GSE3982_NKCELL_VS_TH2_UP	0.0108030838744401	141	38	STOM,KLRC3,ZBP1,DCUN1D2,LRP10,YPEL1,PTPRE,CD44,ERBB2,WDR37,CYB5R1,TMEM127,RBM12B,TBKBP1,MX2,RAC2,JADE2,KLF12,CALCOCO1,TPM1,INAVA,ZNF440,ENPP4,MAST3,SNN,MICALL1,SPON2,ANXA1,CPA4,DENND3,JAG1,PROCR,DAZAP2,LTBP2,ENC1,NRG1,LZTS1,EFEMP2
GSE12392_CD8A_POS_VS_NEG_SPLEEN_IFNB_KO_DC_DN	GSE12392_CD8A_POS_VS_NEG_SPLEEN_IFNB_KO_DC_DN	0.0098031180923115	184	42	FOSB,KLF2,DUSP1,KLF6,JUN,FKBP4,CEBPD,KLF4,SAFB,EGR1,CYTIP,ETFB,SERP1,DHRS7B,MAFB,PPP1R21,IFI27,SMARCD2,LMNB1,TMEM223,MLLT3,SLC30A5,HSF1,JUNB,CEBPZ,MAPRE2,ZFP36,ARHGAP45,ADRB2,RAB3IL1,FHDC1,CSTF2,PFDN2,ELOVL5,MYCL,ST8SIA1,EML5,IPO5,PTS,CCND1,ICAM2,CHMP1B
GSE22886_NAIVE_TCELL_VS_DC_DN	GSE22886_NAIVE_TCELL_VS_DC_DN	0.0160605082093604	188	46	GCA,MFN2,PTPRE,RCOR1,RNASE6,PI4K2A,STAB1,LRP12,FES,SLCO2B1,NEU1,NDUFV2,COX8A,PSMB5,SIRPA,ATP6V1E1,DSE,SYNJ1,ALDH2,SLC6A6,PLEKHB2,PLA2G7,BCAR3,RIT1,PLIN3,MDH1,VAMP3,LAPTM4A,NAGA,TREM2,CORO1C,SDCBP,ARPC5,SYNGR2,F13A1,CD36,MITF,FLVCR2,FEZ2,RBM47,DAB2,LAMP2,CRIM1,PLAU,ANPEP,ZNF185
GSE17974_CTRL_VS_ACT_IL4_AND_ANTI_IL12_2H_CD4_TCELL_DN	GSE17974_CTRL_VS_ACT_IL4_AND_ANTI_IL12_2H_CD4_TCELL_DN	0.0114170029464965	186	60	FADD,GNG5,EGR1,CYTIP,HSPD1,TBL2,TOP1,EZH2,NCBP1,PLPP1,CCT4,DHRS7B,SLC39A8,EIF3J,ERLIN1,EIF2B2,EPC2,NMI,KLF10,SPINT2,GPR183,CRNKL1,LEO1,SLC30A5,NEMP1,RBBP8,ZPR1,ST8SIA4,CARS1,BCOR,NSDHL,NUP88,RALA,TXNDC15,POLR3D,NR4A1,TP53BP1,CCT3,CCT5,NLE1,UTP18,ZNF470,CEP19,PIGV,CTSL,MRPL17,HAX1,PIGM,SH2D2A,RABIF,DNAJA3,PPIL1,OLIG1,VPS35,BYSL,TEX30,ATG101,GFOD1,EED,GFI1
GSE6681_DELETED_FOXP3_VS_WT_TREG_UP	GSE6681_DELETED_FOXP3_VS_WT_TREG_UP	0.0182719674537687	138	39	LURAP1,EVC2,THEM4,MRS2,RAP1A,ZBTB8A,STOM,CD72,PLA1A,C6orf132,BLOC1S6,CBLC,VSIG2,FHIP1A,RAMP2,SMOC1,SLC6A18,UBE2L6,GPX3,DAG1,EFNB3,CXCR6,TCF7L1,SLC27A5,HID1,COL6A3,CSMD1,PDP2,F13A1,SPRED3,RARG,KIRREL1,MAMDC2,NSG1,ANPEP,LYPD5,LIN28A,NCALD,KRT81
GSE9946_LISTERIA_INF_MATURE_VS_PROSTAGLANDINE2_TREATED_MATURE_DC_DN	GSE9946_LISTERIA_INF_MATURE_VS_PROSTAGLANDINE2_TREATED_MATURE_DC_DN	0.0419538709176594	79	35	KCNQ1,ARHGDIG,VBP1,THSD1,CYGB,DERA,CPB2,TPI1,ACE,LIPH,SFXN2,MYO16,PIWIL4,THNSL2,EGFR,TMCC2,PXDN,BMPR1B,DISC1,RAB18,COPZ2,CRYBB1,ASPG,PLEKHH2,PLPP3,SLC38A11,MAP3K9,RAB27B,ALDH3B1,MICAL2,FGFR4,EMP2,MSLN,RGS9,VLDLR
GSE5455_HEALTHY_VS_TUMOR_BEARING_MOUSE_SPLEEN_MONOCYTE_DN	GSE5455_HEALTHY_VS_TUMOR_BEARING_MOUSE_SPLEEN_MONOCYTE_DN	0.0161123037194576	166	46	STX1A,FOSL2,MATN2,CSRNP2,C21orf91,ADCY6,HAAO,TACC2,PDE8A,PIK3IP1,RPS5,GFOD2,ORAI2,ARL4C,CORO2A,CRYBG1,TAGLN2,TKTL1,KLF13,PIK3R5,IKZF4,ITGB1,EEIG2,PIK3R1,BRI3,LDB1,IQGAP2,HID1,GLIPR2,LFNG,CCR5,RASGRP2,SELPLG,USP22,NPC2,CISH,IFITM2,FCGRT,CAPG,BST2,MTSS1,ITGA6,SOCS2,AXL,FRY,FRMD6
GSE2770_IL12_AND_TGFB_ACT_VS_ACT_CD4_TCELL_48H_UP	GSE2770_IL12_AND_TGFB_ACT_VS_ACT_CD4_TCELL_48H_UP	0.0114373840891759	161	49	CPT1A,PLIN2,THADA,UBTF,NCK2,IL18R1,EEPD1,KISS1R,HSP90AB1,CUL4A,SLC47A1,SART1,VPS50,INF2,SPINT2,MAOA,ADRM1,COX10,TYW3,RHOF,ACADVL,EPHX1,LHFPL6,TRMT13,ZNF664,PPFIBP2,PIEZO1,MTHFD1,MRPL2,C17orf58,SCARB1,ATAD3A,ZNF569,ALDOA,APOO,CHST7,MFHAS1,ZC3H3,IL17RB,DCXR,NFXL1,PPP1R15B,FADS1,MMAB,TP53,TXN,RIOK2,COQ5,TRAF1
GSE22103_UNSTIM_VS_LPS_STIM_NEUTROPHIL_DN	GSE22103_UNSTIM_VS_LPS_STIM_NEUTROPHIL_DN	0.0100401165516861	178	44	TMEM160,UBC,DUSP1,FOS,KLF4,CDK2AP2,ATF3,ARHGAP4,RAI14,ETFB,DSCAM,UNC13A,THOP1,HSPA1A,SLC1A4,CARD11,PRR18,NDUFS7,METRN,HOOK2,THAP1,PGLS,NANS,NSA2,NFIL3,DNAJB1,CCDC107,CARS1,TLN2,OGFR,ARRDC2,GLA,EHD4,RASD1,NOCT,CDKN2AIP,BRPF1,PRR22,RWDD1,SLC16A6,NR4A1,HSPB1,SNAI1,IMPA2
GSE32901_TH1_VS_TH17_NEG_CD4_TCELL_DN	GSE32901_TH1_VS_TH17_NEG_CD4_TCELL_DN	0.0173918567890726	86	22	LY6D,FASTKD3,CBX5,SWAP70,BID,PHEX,SSX2IP,CNP,COPZ2,FAM43A,GPR137C,TUBD1,BCAR3,SLC5A3,DNAJC22,SVIP,CAPG,SEMA4C,MX1,CD24,TLE1,MUC5B
GSE5679_RARA_AGONIST_AM580_VS_AM580_AND_ROSIGLITAZONE_TREATED_DC_DN	GSE5679_RARA_AGONIST_AM580_VS_AM580_AND_ROSIGLITAZONE_TREATED_DC_DN	0.0110777243059876	165	46	TXNIP,STX1A,FOSL2,IFNAR1,MATN2,C21orf91,ADCY6,HAAO,TACC2,PDE8A,DCTN6,SHE,RHOBTB2,ORAI2,TAMALIN,CORO2A,TKTL1,SLFN5,MX2,PIK3R5,DGLUCY,IKZF4,EEIG2,PIK3R1,IFITM3,DDX19B,HID1,SIT1,CRY1,LFNG,RASGRP2,RAPGEF6,ANXA1,CISH,IFITM2,FCGRT,ACP5,CAPG,BST2,MTSS1,CACNB3,ITGA6,SOCS2,ZNF652,FRMD6,MYO1G
GSE3691_IFN_PRODUCING_KILLER_DC_VS_CONVENTIONAL_DC_SPLEEN_UP	GSE3691_IFN_PRODUCING_KILLER_DC_VS_CONVENTIONAL_DC_SPLEEN_UP	0.0136256149306513	187	65	NCK1,CFAP418,BSDC1,PATJ,CPLANE1,TEAD1,ATP1B1,MDM4,IRF6,DDB2,PARVG,PARD6G,ARFIP1,MTMR1,IP6K1,MAP4K4,GTF2IRD1,VPS26B,STEEP1,DIP2B,STK38L,IFT52,CABLES1,STX6,FBXO6,TMED4,CAPNS1,SLC17A7,KLHL24,BAHD1,CCT6B,PRDX2,GAPVD1,USF3,SCARB2,PI4K2A,TEP1,MAGED1,CLCN6,RIMOC1,MPP1,CNIH1,RAB18,FHL3,MIMS2,LRRC28,ACOX1,MAPK9,IKZF4,NME4,MYOF,TMEM167B,OAZ2,PLCG1,MICAL2,SMOX,USP22,MEAK7,B4GALT1,MAP4K2,ZFAND6,PRKCG,TGFBR1,TBL1XR1,GM2A
GSE25123_CTRL_VS_ROSIGLITAZONE_STIM_PPARG_KO_MACROPHAGE_DN	GSE25123_CTRL_VS_ROSIGLITAZONE_STIM_PPARG_KO_MACROPHAGE_DN	0.0098718985553287	167	44	PPM1K,PTP4A2,IL6ST,STX5,MOSPD2,LRCH4,STK38L,TMEM86A,CD72,FICD,SASH1,IFNAR1,LY6D,NFATC2,PTPRE,CCNY,TBC1D23,A4GALT,FAM91A1,ARL4C,GPR35,HINT3,CYBB,TAF13,TMEM135,ASPG,SH3BGRL,CNOT6L,MTMR10,MORF4L1,SCRN1,BMPR2,RENBP,ANXA2,MOB4,SDCBP,AIF1L,STAT5A,ACP5,TMEM92,REEP3,CAMK1D,TNS3,MUC5B
GSE6259_33D1_POS_DC_VS_BCELL_UP	GSE6259_33D1_POS_DC_VS_BCELL_UP	0.0214930215695875	122	35	PRR15L,XDH,CLPX,CABLES1,ADO,ATP6V0A1,NUCB1,SUSD1,SP6,DENND6A,LIX1L,SHE,FAM114A1,GFOD2,HSD17B2,TCEAL1,NPTN,DDR2,GPX3,DSE,IKBKE,MTMR10,VAMP3,HS2ST1,ANXA8,GGT5,CDC42BPA,LDAF1,LAMC1,CDC50A,FKBP9,ITGA6,MYL9,SYT13,FRMD6
GSE18791_CTRL_VS_NEWCASTLE_VIRUS_DC_6H_UP	GSE18791_CTRL_VS_NEWCASTLE_VIRUS_DC_6H_UP	0.0118242723458922	188	32	CCDC85B,CRLS1,FOS,ENDOG,SLC39A3,MRPL12,TBL2,STUB1,TSEN2,THNSL1,NXT1,RPAP2,TNRC18,NME6,MRPS2,RRS1,RMND1,SRP68,DPH5,NAIF1,CETN3,THYN1,WNT4,WDR53,BRIX1,POLR1E,ASTE1,PDE6D,MSH2,EXO5,CCDC12,ZNF302
GSE37534_UNTREATED_VS_PIOGLITAZONE_TREATED_CD4_TCELL_PPARG1_AND_FOXP3_TRASDUCED_UP	GSE37534_UNTREATED_VS_PIOGLITAZONE_TREATED_CD4_TCELL_PPARG1_AND_FOXP3_TRASDUCED_UP	0.0136256149306513	187	50	SHROOM2,MMP9,NR2C1,YTHDC2,BAZ2B,MACF1,ADNP2,RASGRP1,CCNF,GPER1,HMCES,CKB,USP12,PEX19,LRP12,BET1L,SORBS2,DPYD,DNAJB5,STIM1,ZMAT3,MYBL2,TULP4,GSTM4,CCDC69,MECP2,ADGRF5,FAM131A,USP46,FXN,TRPC1,ASB13,PIK3C2B,PORCN,HNF1A,GPC3,SCD5,SMOX,LRP1,VGLL3,RASSF2,LIN7C,GPC4,BEX4,EFNA4,TGFBR3,CARMIL1,TGFB2,GLCE,OLR1
GSE7831_CPG_VS_INFLUENZA_STIM_PDC_4H_UP	GSE7831_CPG_VS_INFLUENZA_STIM_PDC_4H_UP	0.0137341429705612	181	60	CCDC39,FAM241B,IRF6,ACOT11,BLCAP,USP27X,VMAC,NAXE,NDUFAF3,SLC61A1,ITGB6,IP6K1,CLPX,IDI1,PRKCH,CBR3,TTC3,IFNAR1,FSCN1,VCP,SORBS1,TMEM229B,LIX1L,RHBDF1,FAM114A1,HSD17B12,HNRNPDL,MAGED1,ADGRD1,MTURN,WTIP,EPB41L4B,NDRG2,TNS1,ZMAT3,PKP2,ACOX1,ABHD13,LDB1,WDFY1,CXCL6,SAR1A,ZNF629,PMEL,C19orf12,POLR2M,CDK9,GDA,STARD10,BAG4,NPC2,BPNT2,MEAK7,SBSPON,CISH,UNC13D,TIMP2,PTGR1,GABARAPL1,FOLR1
GSE29618_BCELL_VS_MDC_DAY7_FLU_VACCINE_DN	GSE29618_BCELL_VS_MDC_DAY7_FLU_VACCINE_DN	0.012296369699666	177	70	TUBA1B,CPQ,AOAH,DUSP3,S100A4,NDFIP1,ITGAX,LDLRAD4,STX3,COTL1,RIN3,FKBP1A,PAK1,VIM,ATP1B1,SEPTIN2,IL13RA1,SAMHD1,TPI1,IGFBP7,VCL,FZD1,TGFBI,INSR,APOBR,RGS10,PRKCI,RHOC,TUBA1C,CSF1R,PTPRE,PLCB2,SLC25A5,RCOR1,GRN,SORT1,NDRG2,AHNAK,SIRPA,HEXB,LGALS9,AP2S1,RCAN1,ALDH2,DOCK5,TNFSF13,ETHE1,SSR1,CD63,LEPROT,NAGA,SH3BP4,PON2,ID2,MYL6,RUNX2,ICAM1,CD4,IL1R2,CHP1,ANXA1,PSAP,TIMP1,FCGRT,PADI2,AHR,OGFRL1,GSN,TNFAIP2,RAB31
GSE9650_NAIVE_VS_MEMORY_CD8_TCELL_DN	GSE9650_NAIVE_VS_MEMORY_CD8_TCELL_DN	0.0137814813704306	177	36	JUND,FOSB,UBC,FOS,KLF6,GZMB,KLF4,ETFB,WEE1,EPN1,TBL2,CDC34,IL18R1,TXNDC5,NFKBIB,SLX9,ST3GAL4,SLC35E4,NRP1,MNS1,FGF19,BCL2,KLF10,LYSMD2,ENPP1,BHLHE40,YBX3,ODC1,CTSD,TNFAIP3,HMGB2,RPS6KA4,MAPRE2,DPP7,CHPT1,CTLA4
GSE1460_CD4_THYMOCYTE_VS_THYMIC_STROMAL_CELL_DN	GSE1460_CD4_THYMOCYTE_VS_THYMIC_STROMAL_CELL_DN	0.0130660788687459	171	34	C6orf120,TUBB2A,TNFAIP1,EOGT,COPZ2,CRTAP,SLC9D1,HAS2,ADGRL2,ARHGAP29,OLFML3,KCNK1,UCK2,PON2,CDC42BPA,RRAS,SAMD4A,TPST1,BPNT2,COL6A2,CREB3L1,SLC16A1,CD59,FKBP9,OLFML2A,MLLT11,PPP2R3A,DKK1,IGFBP5,TGFBR3,TLE1,COL1A1,LTBP1,GYG2
GSE12845_IGD_POS_BLOOD_VS_PRE_GC_TONSIL_BCELL_DN	GSE12845_IGD_POS_BLOOD_VS_PRE_GC_TONSIL_BCELL_DN	0.0049146715425543	193	54	MANF,H2AX,HSPA8,KIF15,LRRK1,PAQR4,ANP32B,CDC6,GLRX5,EZH2,MDC1,KIF4A,SLC1A4,RUVBL1,HSPA5,MKI67,CLTA,FABP5,MAFB,GINS2,MCTP2,SAC3D1,SMC2,DHFR,NANS,ADCK2,FOXM1,RBBP8,NCL,MCM10,CTSD,AIMP2,RAD54L,EHD4,FAM120A,DTL,MAP3K8,KIF20A,SPDL1,ODR4,POLD1,MORF4L2,TRIP13,CCT5,LPXN,MME,HMGN2,DNMT1,VGLL4,CAMK1,CENPE,FEN1,UBE2C,SFPQ
GSE15733_BM_VS_SPLEEN_MEMORY_CD4_TCELL_UP	GSE15733_BM_VS_SPLEEN_MEMORY_CD4_TCELL_UP	0.0279457295106723	142	34	MAPK15,CCRL2,APLP2,SORT1,CORO2A,CYBB,TMEM150B,ALOX5AP,DUSP6,CXCR6,SEMA3F,SERINC3,TUBD1,MGST1,SLC27A5,SMARCA1,GDA,FBXO36,SLCO2A1,ICAM1,FGFR4,ANXA1,APOE,CISH,FAM171B,PADI2,PALS1,GRIN2B,TMPRSS3,CADM4,RAB31,TNS3,CXCL14,EFEMP2
GSE24634_NAIVE_CD4_TCELL_VS_DAY5_IL4_CONV_TREG_DN	GSE24634_NAIVE_CD4_TCELL_VS_DAY5_IL4_CONV_TREG_DN	0.0054518522178546	197	28	AHSA1,UBE2S,MANF,DNAJA1,HSPA8,NEDD9,ALDH3A2,HSPD1,TBL2,NOC3L,BRCA1,NAT10,DOHH,DNAJC9,UTP14A,ATG3,PLPP1,C1QBP,LARS2,AVEN,WDR18,PALS2,ERLIN1,MRPS2,NARS2,P4HA2,CLPP,CASP7
GSE3982_MAST_CELL_VS_TH1_UP	GSE3982_MAST_CELL_VS_TH1_UP	0.007911885975057	176	55	VCL,FAM171A1,C1D,MORC3,CTNNA1,IMPACT,DCAF6,MEIS2,SOX13,DENND5A,TCTA,GMPR,SEL1L,PPM1H,DOP1A,GNAS,DES,EPS15,CSRNP2,BTBD1,TDRD7,SCML1,ACBD3,ZHX3,PTAFR,GALC,ST13,VAT1,DPYD,KRT36,CRTAP,BPI,SH3BGRL,PMEPA1,SERINC3,FAIM2,FAM168B,LAPTM4A,TXNDC9,TREM2,TRAM1,CTSS,ANXA1,CD36,ALDH1A1,LAMC1,S100A14,DAB2,PROCR,DAZAP2,CAPG,ARL15,MUC5AC,PLAT,TIMP3
GSE41176_WT_VS_TAK1_KO_ANTI_IGM_STIM_BCELL_1H_UP	GSE41176_WT_VS_TAK1_KO_ANTI_IGM_STIM_BCELL_1H_UP	0.0250827651298357	160	41	TRIM7,SPNS3,PTDSS1,ANP32B,PRDM16,IER3,EBF3,RUVBL1,KCNC4,RPAP2,MORC4,MARK3,TOR3A,GADD45G,CAMK2N2,SAMD5,SCLT1,NFIL3,RIOK1,UNKL,STK24,TERF1,UBE3D,NBEA,MCAT,SBNO2,SYCE1L,CCDC150,RALY,ANKRD26,MAP3K8,EIF4G3,ZFYVE9,ALKBH8,PDAP1,ZFAT,INPP5E,SERBP1,IRF1,ADRB1,WDR70
GSE15930_NAIVE_VS_48H_IN_VITRO_STIM_IL12_CD8_TCELL_UP	GSE15930_NAIVE_VS_48H_IN_VITRO_STIM_IL12_CD8_TCELL_UP	0.0133989681522677	171	47	TANC1,CACNA1C,IP6K1,RECK,METTL17,ADGRL1,MAP4K3,EFNB2,PHF1,MBTD1,ARID3B,FLG,CD14,FOSL2,EEF1A2,SLC27A1,ADCY6,MOV10,INPP5K,RPL12,SDC3,NR1D2,ELF4,LMX1B,PI4K2A,TBC1D20,LAPTM4B,ADORA1,MFGE8,DENND2B,PBX2,F2RL1,ERCC2,SNX17,PSAP,PIP5K1A,COL6A2,ZYG11B,STAT5A,B4GALT1,SOX4,ST3GAL1,KRT5,LTBP1,TCN2,PDE4B,ACKR3
GSE7831_UNSTIM_VS_INFLUENZA_STIM_PDC_1H_DN	GSE7831_UNSTIM_VS_INFLUENZA_STIM_PDC_1H_DN	0.0083362281587904	185	58	DENND5A,DCUN1D3,FAM174A,SSH1,FCMR,RCAN3,PAXBP1,PRKCH,PPM1H,ASXL1,SCAMP1,FNDC3B,RABGGTA,CD2AP,VPS26A,BST1,TDRD7,CD44,MOV10,PDE8A,TRAF6,GALC,LRP12,SKIL,PRNP,CORO2A,GNAZ,SLC9D1,TLE6,PFN2,DIP2C,TTC39C,S100A13,RYBP,MIER1,GRHL3,YAF2,NT5E,RASGRP2,PTPN1,MAPKAPK2,CHP1,MMP11,CKAP4,LDAF1,SHISA2,CISH,PROCR,FAM171B,GAB2,PPP2R3A,TG,CRIM1,SOCS2,PIK3CD,PRR5L,TLE1,IL2RB
GSE8921_UNSTIM_VS_TLR1_2_STIM_MONOCYTE_24H_UP	GSE8921_UNSTIM_VS_TLR1_2_STIM_MONOCYTE_24H_UP	0.0257943211698544	160	44	PPARG,TRIM7,ADAM22,FBRSL1,MAP3K5,B3GALNT1,CREG1,RUVBL1,PLPP1,ERMP1,DTX3L,VAV2,TXLNG,UNC13B,RAMP1,RMND1,RABEP2,POGK,ATP10D,EBF1,CCDC107,PWWP2A,FBXL4,COL14A1,PPFIBP2,IL15,CCDC12,EPB41L3,MEIS1,PPP1R12B,MYCL,ST8SIA1,CEP70,ICAM2,AKT3,CAMK1,CD83,ISG15,CR2,SUGP2,B2M,SPIRE1,CRLF3,DIPK2A
GSE15324_ELF4_KO_VS_WT_NAIVE_CD8_TCELL_UP	GSE15324_ELF4_KO_VS_WT_NAIVE_CD8_TCELL_UP	0.0081657408969444	176	57	FAM241B,MFSD8,OPLAH,PDX1,UNC5CL,ZBTB39,KIF7,BAIAP2,G0S2,SLC6A14,SLC25A35,SLC66A1,IGF1,BAIAP3,GCAT,ADAT2,RPS6KA2,PATL2,ENPP5,IFI27L2,ALDH7A1,SLC18B1,NKAIN4,OSBPL3,SPOCK2,NDRG4,PLD2,PTGFRN,PHLPP2,IKZF4,PLEKHB2,IRGQ,DCLK1,TCEAL8,DIP2C,WDFY1,HYAL2,CRACDL,GALNT9,ACP2,BMPR2,B9D1,RO60,CCR5,SLC22A17,SPRED3,NTF4,MITF,KYAT3,RARG,TOM1L2,IFITM2,PLTP,COL13A1,MSLN,SMPDL3B,CDH1
GSE29618_BCELL_VS_PDC_DAY7_FLU_VACCINE_DN	GSE29618_BCELL_VS_PDC_DAY7_FLU_VACCINE_DN	0.0129073617654584	177	45	TNFRSF21,GRN,CLCN5,SCARB2,SMPD3,SCAMP5,PHEX,TMED10,ITM2C,SERPINF1,PTBP3,SORT1,GRAMD1B,RNF5,ALOX5AP,HEXB,ALDH2,MYL12A,SFT2D2,CUEDC1,CD164,IQGAP2,LEPROT,HIGD1A,MARCHF2,LAPTM4A,NAGA,SH3BP4,CORO1C,PON2,RUNX2,ICAM1,CD4,MAPKAPK2,PSAP,ATP2B4,CSF2RB,JAG1,DAB2,FCGRT,UGCG,SOX4,CRIM1,GSN,KRT5
GSE360_LOW_DOSE_B_MALAYI_VS_M_TUBERCULOSIS_MAC_DN	GSE360_LOW_DOSE_B_MALAYI_VS_M_TUBERCULOSIS_MAC_DN	0.014719109372902	169	47	CTNNB1,NEDD8,SEMA4D,SPINT1,TAX1BP1,TXNIP,PEX2,MUC6,MTF1,ADCY6,HPS5,NR1D2,MFAP2,EEF1AKMT3,ITGA2B,UBE2L6,TNFAIP1,DDHD2,MX2,RTF1,BNIP3L,HOXB7,SNTB2,GIP,S100A13,PANK3,VAMP5,MDH1,SIT1,PBX2,ID2,GPC3,INPP4B,THEMIS2,IQSEC2,GPSM3,CD36,LDHB,PROCR,LAMB3,PADI2,NOTCH3,PLAU,PTPN7,SLC7A7,ATP13A3,MUC5B
GSE43863_DAY6_EFF_VS_DAY150_MEM_LY6C_INT_CXCR5POS_CD4_TCELL_UP	GSE43863_DAY6_EFF_VS_DAY150_MEM_LY6C_INT_CXCR5POS_CD4_TCELL_UP	0.016733074334941	183	52	FCMR,SFXN3,NFATC1,PHF1,CABLES1,FOSL2,WDR26,CSF1R,LLGL2,KLHL24,RBPJ,SP6,RCHY1,VPS37B,HAUS4,CBX2,SLC8B1,BEX3,SGSH,LAT2,PLD2,KLRC2,DUSP2,SNX30,CAMK2G,SFT2D2,FIBCD1,MYO1C,ACAP1,B3GNT7,BACH1,TRIB2,TNKS1BP1,RENBP,MBNL1,PLCG1,TUBB2B,MAST3,SNN,CTSB,ATP6V0D1,SIAE,ITGAV,DSTYK,B4GALT1,FOXJ2,SMAD3,TIMP2,LIN28A,TBL1XR1,TSPAN14,TWSG1
GSE32164_RESTING_DIFFERENTIATED_VS_ALTERNATIVELY_ACT_M2_MACROPHAGE_DN	GSE32164_RESTING_DIFFERENTIATED_VS_ALTERNATIVELY_ACT_M2_MACROPHAGE_DN	0.0100025479909987	179	44	CUL3,CKB,CLCN4,UBA7,CCRL2,LMO4,TRAFD1,ITM2C,ITGB2,G3BP2,AHNAK,GNA13,CD28,RNF34,ARIH1,TULP4,PLEKHB2,ITGB1,SERINC3,IREB2,ACTR2,VAMP5,SKIC2,F2R,PRDM1,RAB14,EEA1,ID2,HPN,CCR5,AP1G1,MARCHF6,SERPINB9,INPPL1,ICAM1,CDC42SE2,ANXA1,TSPAN32,RASSF2,BTG3,RNF11,HNRNPH2,COL5A1,SOCS2
GSE7764_NKCELL_VS_SPLENOCYTE_UP	GSE7764_NKCELL_VS_SPLENOCYTE_UP	0.0132128579281389	177	51	UGDH,MGAT5,C5orf22,RAPH1,FOSL2,PIM1,FBXO28,RHOC,MCAM,YPEL1,PTPRE,RNF43,ANKRD50,WDR37,RAP2A,DCTN6,CMKLR1,SLC51A,TAMALIN,UBASH3B,PHF13,TAF13,NLRC3,CDC42EP3,PREX1,DAB2IP,KLF12,SNX33,SLC25A46,RNF157,TULP4,SNX18,AGTRAP,IQGAP2,TTC39C,CRACDL,PDP1,RAB27B,BMPR2,KIFC3,ANXA2,LGALSL,RUNX2,GAN,GAB2,SEMA4C,UGCG,SMAD3,PRR5L,CYP24A1,MPP7
GSE3982_EOSINOPHIL_VS_TH1_UP	GSE3982_EOSINOPHIL_VS_TH1_UP	0.0223203529812087	152	55	MARCHF7,NADK,WIPI1,NMT2,NHLRC2,HECA,VCL,PITPNM3,TMEM9B,MEIS2,SUMO1,INSR,DENND5A,CMTM6,HIPK1,EEIG1,CTDSP2,ESRP2,RNF144A,MMP2,KIF5A,BAZ2B,SERINC1,PDLIM2,PTPRE,CD44,NXN,PTPN22,NR1D2,SMPD3,PTAFR,ERBIN,S100P,BTBD7,LIMK2,NOTCH2,PRNP,SH3BGRL,GAS7,MTMR3,NME4,PPM1B,CD164,LAPTM4A,UBA3,CD9,DPP8,CHP1,ANXA1,CKAP4,RNF11,PPP2R3A,LOXL2,TGFB2,ZNF217
GSE29949_CD8_NEG_DC_SPLEEN_VS_MONOCYTE_BONE_MARROW_UP	GSE29949_CD8_NEG_DC_SPLEEN_VS_MONOCYTE_BONE_MARROW_UP	0.0130293369554879	180	60	CAPN2,NAB1,NUP50,DCK,NADK,ATP1B1,AHCYL1,TUBB,CHD9,IL10RA,MEGF9,WAPL,FMO5,PDGFRL,ATP6V1D,MRPL49,CYLD,HIPK1,ILRUN,PRKCI,SPINT1,KLRC4,KDELR2,CSRNP2,SOCS1,KLHL18,USP34,SLC35D1,FLOT2,SLC7A6,VAT1,TSPAN6,RPE65,CCNG2,DAG1,ALOX5AP,MAPK9,NME4,PANK3,PTPN14,SLC5A3,SPTSSA,TRPC1,FAM168B,COL6A3,NT5E,MICAL2,NTRK1,ERCC2,YWHAZ,SLC16A1,FEZ2,FCGRT,CAPG,TUBB4A,ARF3,GSN,LUM,GM2A,IL2RB
GSE11057_NAIVE_VS_MEMORY_CD4_TCELL_DN	GSE11057_NAIVE_VS_MEMORY_CD4_TCELL_DN	0.0148328628926431	181	38	OSBPL3,PHTF2,TAGLN2,ARL6IP1,CDC42EP3,SNX24,AHNAK,PREX1,TOM1,GNAI2,DENND10,SLC6A6,ITGB1,LPP,ACVR1,IQGAP2,ELAPOR1,TTC39C,PDP1,MIB1,NBEAL2,SH3BGRL3,ANXA2,ANXA4,MYL6,MYO1F,AQP3,TP53INP1,ANXA1,TIMP1,ATP2B4,RORA,AHR,RFTN1,TGFBR3,SMAD3,REEP3,IL2RB
GSE29164_CD8_TCELL_VS_CD8_TCELL_AND_IL12_TREATED_MELANOMA_DAY7_DN	GSE29164_CD8_TCELL_VS_CD8_TCELL_AND_IL12_TREATED_MELANOMA_DAY7_DN	0.0173182020651745	140	28	BIK,NOL7,MANF,CEP128,ANKRD37,MGAT2,CYTIP,MRPS22,RPN1,FKBP11,ERP44,HSP90B1,PRDX4,TRIB1,CFAP100,SLC1A4,GGH,HSPA5,EIF5B,NANS,MAN1A1,MYDGF,ELMO1,SELENOS,VSTM2A,EIF2S2,CREB3L2,EHD4
GSE19888_ADENOSINE_A3R_ACT_VS_TCELL_MEMBRANES_ACT_AND_A3R_INH_PRETREAT_IN_MAST_CELL_UP	GSE19888_ADENOSINE_A3R_ACT_VS_TCELL_MEMBRANES_ACT_AND_A3R_INH_PRETREAT_IN_MAST_CELL_UP	0.018794317825339	151	35	HM13,AHSA1,SRXN1,ING1,MANF,ABHD3,HSD17B4,SERP1,TMEM106C,GPR155,HAGHL,PRDM16,HSPA1A,VCF1,PRPF38A,RPF1,ERCC6L,GSTCD,DPY19L1,RMND1,BHLHE40,UNKL,FAM20C,STK3,PARPBP,ILKAP,ICOSLG,CFAP20,HLA-DRA,KNSTRN,BATF,ALDOA,C1orf35,CCND1,GOLGA5
GSE22140_GERMFREE_VS_SPF_ARTHRITIC_MOUSE_CD4_TCELL_DN	GSE22140_GERMFREE_VS_SPF_ARTHRITIC_MOUSE_CD4_TCELL_DN	0.0130293369554879	180	41	EXT1,MR1,SOCS1,ACVR1B,CLCN4,HDAC3,STAT2,CDKN1A,FLOT2,TRAFD1,KIF2A,NDUFV2,UBE2L6,CRYBG1,ST3GAL5,PSMB10,ALAS1,C2,APOL1,ETHE1,CHI3L1,FZD7,VAMP5,SERPINA1,EDEM1,SAMD4A,XPNPEP1,SERPING1,PRCP,TGFBR2,STAT5A,PADI2,IFI35,BST2,IFITM1,ARF3,FZD2,SLC7A7,TNFAIP2,STAT6,C1S
GSE23568_CTRL_TRANSDUCED_VS_WT_CD8_TCELL_DN	GSE23568_CTRL_TRANSDUCED_VS_WT_CD8_TCELL_DN	0.012730158664517	174	40	VPS37B,UBA7,HLA-E,ITM2C,ARL4C,ATXN7L3,SPOCK2,TSPAN6,JAK3,NDRG2,RAC2,STIM1,ATP6V1E1,CD28,DUSP2,PACSIN1,PPIC,AGTRAP,IQGAP2,NAB2,ACAP1,ANGPTL2,NBEAL2,CLN8,SIT1,PBX2,DAP,ID2,LAMTOR4,SELPLG,DGKA,MYO1F,GPSM3,NPC2,TSPAN32,PADI2,RORA,LCK,TLE1,KCNN4
GSE2770_IL12_AND_TGFB_VS_IL4_TREATED_ACT_CD4_TCELL_6H_DN	GSE2770_IL12_AND_TGFB_VS_IL4_TREATED_ACT_CD4_TCELL_6H_DN	0.0193239932060365	124	46	DGKH,COL6A1,OPLAH,TMEM74B,SLC6A14,DNAH2,MEIS2,CPNE2,EGFR,MAN2B1,IL6ST,COMP,HOXD3,HTR1B,ANKS4B,TRABD2B,TMEM269,MYO7A,WDR26,ANK3,STAR,CLCN5,RAB3D,HES2,TMEM127,SERPINA5,SPRTN,TOR1AIP1,CYBB,ACSF2,FNDC11,TOMM40L,PLD2,PSAPL1,HDHD5,ADORA1,NIBAN2,LCP1,SCRN1,SLC27A5,TNKS1BP1,GSTO2,SLC44A3,STING1,RAB31,KRT81
GSE30962_ACUTE_VS_CHRONIC_LCMV_PRIMARY_INF_CD8_TCELL_UP	GSE30962_ACUTE_VS_CHRONIC_LCMV_PRIMARY_INF_CD8_TCELL_UP	0.0087556008462827	176	50	SFXN3,STMP1,MPND,TXNIP,PCMTD2,MFNG,RASGRP1,ACSS1,GNS,CACNA2D4,NR1D2,RAP2A,PGM2L1,UBE2H,ITGB2,ARL6IP5,ORAI2,ARL4C,KCTD2,PHF13,TKTL1,BORCS7,PIK3R5,BNIP3L,HDHD5,DOCK5,SELENOP,IQGAP2,TTC39C,PLCG1,ID2,ANXA4,RRAS,SELPLG,ICAM1,COX7A2L,SMOX,PBXIP1,PDLIM1,TP53INP1,FCGRT,B4GALT1,GRAMD2B,PRR13,SMAD3,LCK,ATP2A3,STAT6,ZNF652,NCALD
GSE21063_CTRL_VS_ANTI_IGM_STIM_BCELL_NFATC1_KO_8H_UP	GSE21063_CTRL_VS_ANTI_IGM_STIM_BCELL_NFATC1_KO_8H_UP	0.0194524209790972	182	53	EEIG1,ZC3H12A,IDI1,HSPA13,STX1A,MID2,MMP9,ETV3,RAB30,PTPRE,PIK3IP1,USF3,NR1D2,TBC1D23,DCTN6,PSME4,NRIP3,GTF3C4,PIAS2,SMURF2,CRYBG1,RPS6KB1,RNF38,DDR2,MIMS2,ARFGEF2,DUSP2,SNX30,CNOT6L,PIK3R1,FBXO21,PDP1,TCF7L2,AGFG1,ITGA5,ITPKB,NBEAL2,DDX6,RBMS2,SPON2,RC3H1,MAPKAPK2,MAP3K2,CKAP4,TNRC6A,DNMBP,COL6A2,LUZP1,CYTH3,BAMBI,ENC1,NOL4L,PDE4B
GSE3982_MEMORY_CD4_TCELL_VS_TH2_UP	GSE3982_MEMORY_CD4_TCELL_VS_TH2_UP	0.0113906176655203	167	40	CTDSP2,ADGRL1,GBP1,DOP1A,ASXL1,SASH1,MACF1,RASGRP1,CD44,ERBB2,BID,SGSM2,FOXJ3,MX2,CRTAP,JADE2,TRIM33,TPM1,INAVA,LTK,DCLK1,RETREG3,DIP2C,PAFAH1B1,ITGA5,MBNL1,PLCG1,SLC46A3,AQP3,PBXIP1,ANXA1,GDPD5,TGFBR2,DAZAP2,RORA,GSN,PRR5L,TLE1,LTBP1,ACKR3
GSE25088_ROSIGLITAZONE_VS_IL4_AND_ROSIGLITAZONE_STIM_MACROPHAGE_DAY10_DN	GSE25088_ROSIGLITAZONE_VS_IL4_AND_ROSIGLITAZONE_STIM_MACROPHAGE_DAY10_DN	0.0118242723458922	172	45	AATF,IL15RA,KLF2,ANKRD37,YDJC,BANP,CD47,GTF2E2,TBL2,NCK2,NOC3L,NCBP1,MDC1,SPOP,SAP30,CHCHD4,PIM3,VPS50,PPP2R5A,RMND1,COX10,FAM149B1,ACADVL,APLN,AKAP1,ZCCHC3,CCDC137,ATP11A,EARS2,CCDC88C,MPG,CFAP96,IL31RA,TRIM44,PRDM8,DNAAF2,CCND1,SPOUT1,DMWD,METTL16,PPP1R15B,ARHGEF18,HK2,POLR3B,KIAA1549
GSE17721_CTRL_VS_GARDIQUIMOD_24H_BMDC_DN	GSE17721_CTRL_VS_GARDIQUIMOD_24H_BMDC_DN	0.0092089412758492	185	72	IL15RA,UBE2S,AUTS2,FKBP4,HNRNPAB,RBM10,NQO1,DNAJB11,SLC7A5,MEMO1,CD47,GTF2E2,GPR155,TP53I13,IFT57,TXNDC5,REXO2,MRPL52,IER3,NCBP1,ERP44,BRCC3,NUDC,NEK1,CWC27,THOC1,RBM19,MRPS2,MGST2,RNF126,GRK2,PRPF3,USO1,ZNF672,CCDC107,ME1,ZCCHC3,EIF2S2,ZNG1B,SLC41A2,HNRNPA3,PFDN2,RAB32,FZD5,TMEM39A,DUSP15,ZDHHC5,TUBA1A,SEC24D,LZTS2,TASOR2,NMD3,PA2G4,PSMD5,PTCD3,ZNF146,RIPK2,VMA12,RRN3,SLC39A13,AP3M1,HSPA4,RWDD4,SPATS2,BBLN,UFSP2,RAD18,PLSCR1,PUM3,BFAR,USP25,LRRC59
GSE16450_IMMATURE_VS_MATURE_NEURON_CELL_LINE_DN	GSE16450_IMMATURE_VS_MATURE_NEURON_CELL_LINE_DN	0.0118051282059916	180	79	C9orf40,IL2RA,SLC3A2,STIP1,SLC1A5,TOMM34,THOP1,EZH2,NUDC,DHRS7B,GINS2,NOC4L,PEMT,EIF2B3,FNTB,GINS3,CDCA7,VDR,UTP20,NCLN,FOSL1,RBBP8,YBX3,EPOP,CHEK1,PINX1,TTLL12,INSM1,GALR2,CCDC86,LIG3,NETO2,C17orf58,DTL,MCM4,MRPS34,KNSTRN,NOP14,CDK6,DDX49,TRIP13,COPRS,CLUH,MMAB,MRRF,CYP27B1,RRP9,PA2G4,POLD2,GOT1,RPE,LIF,EGR3,NPRL3,EIF4EBP1,ALYREF,CENPU,GFOD1,RFC2,UHRF1,POLR2D,BLM,PPAN,SLC25A19,ORC6,CD320,METTL1,IRF8,PDCD11,CHAF1A,ACAD9,TNFRSF4,DPH2,TTK,ALG1,PFKP,TIMM13,PUSL1,CDC45
GSE13547_2H_VS_12_H_ANTI_IGM_STIM_BCELL_DN	GSE13547_2H_VS_12_H_ANTI_IGM_STIM_BCELL_DN	0.0124523391821972	173	54	SLC16A3,UBE2S,H2AX,KIF15,ETFB,CKS2,DBI,MRPL18,ISOC1,DUT,HIRIP3,NHP2,NUF2,MKI67,RANBP1,RAD51,DSCC1,JPT2,NANS,CKAP2L,MCM10,FBXO5,MRPL46,PRELID1,EIF2S2,LYAR,PRIM2,CSTF2,PSMC3IP,SGO1,ARSB,ADAP1,SPDL1,NME7,EME1,TRIP13,IMPA2,RCC1,HMGN2,CENPP,CCDC34,CINP,CCNA2,CDCA3,HMMR,FLNB,ACADL,SPC25,COPS3,DPAGT1,CYP20A1,ALYREF,KIF22,PRIM1
GSE17721_4_VS_24H_CPG_BMDC_UP	GSE17721_4_VS_24H_CPG_BMDC_UP	0.0115593644932045	167	42	ATP5MC1,HAL,PLA1A,IL23A,CYP26A1,IFNAR1,RHOC,MATN2,COL5A3,SYT12,PI4K2A,SUB1,PCCB,TMEM135,MARCHF5,TBC1D15,NODAL,GPR162,COX18,GLYCTK,CMTM3,FABP3,EFHD1,CHST4,MPP4,XCR1,MTM1,SNN,MYL6,SAMD4A,F13A1,MITF,EMP3,TRAF5,PIP5K1A,KCNQ2,RBM3,NECTIN2,CCDC80,CCR1,FRMD6,MRC2
GSE43955_TGFB_IL6_VS_TGFB_IL6_IL23_TH17_ACT_CD4_TCELL_52H_DN	GSE43955_TGFB_IL6_VS_TGFB_IL6_IL23_TH17_ACT_CD4_TCELL_52H_DN	0.010653106323061	179	69	EHD1,KIF5B,DUSP16,SF3B5,CDKN1C,VBP1,BMP2K,CDIPT,IL13RA1,HCCS,CTSH,PSMD12,EIF1AX,GOLPH3,PELI1,NR1H3,NFIA,CDK14,CHUK,CDC42EP4,PLS3,LSM14A,KLHL7,EFNB2,TAX1BP1,CD72,GNAS,IFI27L2,PEX5,FOXK1,BST1,SLC27A1,CD44,MARCKS,NXN,CUL3,PRKAR1A,ATXN10,PTK7,SKIL,GTF2A1,LAT2,RNF38,NR2F1,RNF138,RCAN1,PKP2,TNKS2,PPIC,WSB1,ITGA5,IL10,TOR1AIP2,SMAD5,PRDM1,RHOQ,FSTL1,MTPN,TPD52,ALDH1A1,ARHGEF28,AHR,FGFR1,MMP14,PPP1CB,ECM1,PIK3CD,TBL1XR1,OLR1
GSE21063_CTRL_VS_ANTI_IGM_STIM_BCELL_NFATC1_KO_3H_UP	GSE21063_CTRL_VS_ANTI_IGM_STIM_BCELL_NFATC1_KO_3H_UP	0.0131800317879883	165	53	ELL2,DBNL,ELK3,S100A6,VMP1,SEL1L,IPP,ADAT2,STMP1,GOLT1B,PSPC1,HAL,CDS2,CD14,LCN2,MCFD2,PHETA2,SDC3,ETV6,TMED10,SLC15A3,ARL6IP5,ARL4C,CLCNKA,PAQR7,LAPTM4B,COX8A,RAB18,ISG20,ANXA6,TULP4,CXCR6,GDPD3,COX18,WBP2,TTC39C,SPTSSA,LGALS7,TMOD3,PRDM1,GLIPR2,EFNA3,PAPSS2,CRY1,SELPLG,SERPINB9,FGFR4,LDAF1,CDC50A,TMED7,LTBP2,CACNB3,SERPINB1
GSE19512_NAUTRAL_VS_INDUCED_TREG_DN	GSE19512_NAUTRAL_VS_INDUCED_TREG_DN	0.027471945825783	154	49	ZNF81,PI4KB,UBE2B,PCDHB11,RPLP0,RPS12,CCPG1,ARFIP2,BBS4,NOVA2,DENND5A,BCAT2,ELK3,HFE,AKAP12,FOSL2,KIF17,PTPRE,MARCKS,FLT1,PPP4R1,RBPJ,ABCC2,PHKG2,ELF4,IGF1R,PIAS2,NDRG4,RPE65,HOXB2,TOM1,HEXB,LAMA3,FAM131A,TMEM47,GINS1,F3,SERPINB9,NET1,NAPG,GPC4,SLC25A24,IFI35,SAA1,GSN,CD24,IL2RB,OLR1,CYP24A1
GSE17721_0.5H_VS_4H_GARDIQUIMOD_BMDC_DN	GSE17721_0.5H_VS_4H_GARDIQUIMOD_BMDC_DN	0.014012670630841	180	70	LDLRAD4,DUSP16,MSN,CRK,DACH1,PIAS1,USP47,NADK,ATP1B1,ZNRF1,HCCS,RUSC2,TGM2,SRSF11,KLF3,VCL,LTN1,UBE2B,LPAR1,PELI1,DDHD1,SUOX,SLCO5A1,STX12,MYEF2,CSF1,APPBP2,BMI1,NUS1,SASH1,IFNAR1,IFITM10,C21orf91,SERINC1,PABIR1,PPP6C,PDE8A,CHRD,HSD17B12,INAVA,IKBKE,LPP,MAN2A1,PPM1B,ACP2,TNKS1BP1,EBI3,ADGRF1,MAN1A2,UBA3,SYNCRIP,PLAUR,DPP8,FSTL1,CAMK2D,MAPK8,CLTC,PI4K2B,LBH,ARID5B,ITGAV,BTG3,RNF11,SUSD2,SNX4,RGS9,SLC30A7,CARMIL1,PLAT,ACKR3
GSE15659_RESTING_TREG_VS_NONSUPPRESSIVE_TCELL_UP	GSE15659_RESTING_TREG_VS_NONSUPPRESSIVE_TCELL_UP	0.0205724871280796	138	35	FBXL16,C9orf40,FBRSL1,DNAJA4,ENPP3,DOHH,FBXO46,CDC26,DLL3,CNPY1,CA8,ALKBH7,MCUB,DCAKD,FBXL14,ALK,BCOR,BOLA1,TRMT13,ASF1A,CCDC88C,PRR29,CHPF,CHL1,ATAD3A,ERP29,CHRNA1,EME1,FAM111B,CFAP298,SPOUT1,ECI2,ADAMTSL1,CCDC15,DUS1L
GSE1432_6H_VS_24H_IFNG_MICROGLIA_UP	GSE1432_6H_VS_24H_IFNG_MICROGLIA_UP	0.0145875915627584	177	45	PITPNB,SERINC1,TDRD7,PPP4R1,SWAP70,P2RX4,STAB1,ERBIN,PTBP3,RAB8B,TRIP12,MARCHF5,ADAR,VEZF1,PAFAH1B1,GPR161,SPTSSA,SAR1A,SRC,GPNMB,SMARCA1,PAPSS2,ANXA2,CD9,CEMIP2,MARCHF6,ATP6V1C1,IL1R2,FBXO31,ACTR1A,SLC25A44,SPARC,NRP2,VGLL3,PODXL,EMP3,YWHAZ,ITCH,SYPL1,NECTIN2,MX1,AMD1,S100A3,HEG1,OLR1
GSE37416_0H_VS_3H_F_TULARENSIS_LVS_NEUTROPHIL_DN	GSE37416_0H_VS_3H_F_TULARENSIS_LVS_NEUTROPHIL_DN	0.0145763407748911	184	58	YPEL5,EIF1AX,SPTY2D1,SLC35B2,NABP1,ANKRD33B,NAPA,CCDC134,STRAP,ELL2,DENND5A,GJB6,MAP4K4,TMEM170A,NFKBID,HSPA13,PRKCH,FBXO28,ETV3,MAGT1,MAPK6,HPS5,RNMT,CBX5,SNAPC1,PIK3IP1,CCNT1,CDKN1A,CHMP2B,SUB1,RAB8B,G3BP2,DYNLT3,TAF13,TOM1,PIK3R5,SLC36A4,MAPK1IP1L,ARIH1,DUSP2,PLEKHB2,RBM12,SYNCRIP,PLAUR,ARF4,ATP6V1C1,SLC43A3,IL1R2,MAPKAPK2,TGIF2,EMP3,CYTH3,LAMB3,ADM,ATP13A3,PRR5L,TMEM41B,PDE4B
GSE34515_CD16_NEG_MONOCYTE_VS_DC_UP	GSE34515_CD16_NEG_MONOCYTE_VS_DC_UP	0.0195644670758523	172	47	NFATC1,P2RX1,VPS53,CDS2,RHOC,KNDC1,EXT1,AGA,ZDHHC20,ITPRID2,DENND6A,SWAP70,SPRED1,SCARB2,ADGRE1,MTMR6,UBASH3B,CHMP1A,ST3GAL5,CCNG2,DUSP6,TBC1D8,SLC6A6,ITGB1,CNEP1R1,SNTB2,PIK3R1,CUEDC1,H2AZ1,BACH1,TMOD3,LAPTM4A,SPOPL,RAB14,MAST3,SERPINA1,CPEB4,RRAS,RBP7,TP53INP1,NPC2,KIAA0232,DAZAP2,MDM2,REST,HEG1,REEP3
GSE17721_LPS_VS_CPG_4H_BMDC_UP	GSE17721_LPS_VS_CPG_4H_BMDC_UP	0.0141765596580223	180	65	TNFSF9,RBM25,ETNK1,GNL1,ACOT11,LPAR1,AFF1,ATP6V1D,SMAD4,IL1RAP,APOBR,EGFR,SEC24B,DHRS11,LARP1,PAXBP1,APPBP2,TPM2,PSMB1,WASHC4,TAX1BP1,PCSK7,LETMD1,KPNA3,RBM7,PLA1A,PIM1,PLEKHA7,CCND2,APLP1,CPNE3,SPRED1,SMPD3,PSME4,CCRL2,PRRX2,FAM8A1,ZNF281,LAPTM4B,ACADSB,GNA13,XK,DUSP2,PMEPA1,PPM1B,WSB1,GCNT2,TMEM9,TMEM219,RSBN1,F3,ANGPTL2,TOR1AIP2,C19orf12,TNKS1BP1,CEMIP2,YTHDF1,GNG11,RUNX2,ICAM1,RAG1,BST2,NECTIN4,STARD8,AASS
GSE27241_WT_VS_RORGT_KO_TH17_POLARIZED_CD4_TCELL_UP	GSE27241_WT_VS_RORGT_KO_TH17_POLARIZED_CD4_TCELL_UP	0.0205185208292321	151	53	PODXL2,UBE2S,KIF15,EGR1,PLXNB3,CDC6,CPAP,BRCA1,POLQ,EZH2,KIF4A,MKI67,WSCD1,FAF1,TTF2,TPX2,E2F8,MEX3C,SMC2,MNS1,CHTF18,MYBL1,CKAP2L,ATAD2,ZRANB3,AKAP1,MCM10,BCOR,GTSE1,CDC25B,ARC,NEIL3,CKAP5,NSD2,PRC1,INTS10,HASPIN,XRCC2,RNF152,CENPE,KIF14,CCNA2,TOP2A,FYN,RBL1,CENPF,ESCO2,RACGAP1,PIF1,ALYREF,KIF22,ALCAM,UHRF1
GSE2405_0H_VS_6H_A_PHAGOCYTOPHILUM_STIM_NEUTROPHIL_DN	GSE2405_0H_VS_6H_A_PHAGOCYTOPHILUM_STIM_NEUTROPHIL_DN	0.0191649962014075	140	27	GNAI1,CHORDC1,DNAJC1,BOD1,C9orf40,FKBP4,ABHD17A,BICDL1,CDC25A,GLRX5,MFSD12,TRABD2A,ADAMTS17,DEFA6,DUT,ENOX2,ATG3,DHRS7B,MIX23,CAMK4,EPC2,CASP7,FOSL1,CBX8,ATF1,CEP131,EBF1
GSE4984_UNTREATED_VS_LPS_TREATED_DC_UP	GSE4984_UNTREATED_VS_LPS_TREATED_DC_UP	0.0253516868958549	131	37	ABCG1,MORC3,PELI1,CASP8,SLC18A2,AKAP11,SNRK,CLCN1,HIPK1,CREBL2,PTPRF,MGAT5,MUC6,FBXO28,CD2AP,ZMYM2,PPTC7,KLHL18,SLC25A26,CDX2,SYNRG,PPP1R3B,HDHD5,MOB3C,CASD1,BCAR3,GPR173,LRIG2,THEMIS2,SH3BGRL2,LBH,TOM1L2,NAA30,PADI2,ACTR1B,TIMP2,CCR3
GSE36078_WT_VS_IL1R_KO_LUNG_DC_AFTER_AD5_INF_UP	GSE36078_WT_VS_IL1R_KO_LUNG_DC_AFTER_AD5_INF_UP	0.0120656052314244	167	60	CHAF1B,CYP2S1,VIM,PPP3CA,KCNJ8,SAMHD1,DGKH,CAMK2N1,PTPRJ,CTNNA1,SLC2A3,ZYX,KRT14,DENND5A,APOBR,S100A6,ITGB7,POLE,MPND,EIF4E3,PDHX,NUCB1,HAAO,RASL11A,SWAP70,CDKN1A,ERO1A,SLC8B1,FES,PPP1R3B,TKTL1,ANXA6,GAS7,DOCK5,CXCR6,LTK,IFITM3,NIBAN2,IQGAP2,SMPD1,SPTSSA,HID1,F2R,SEPTIN8,ID2,PRRC1,CCR5,SELPLG,MYO1F,ANXA1,RBM47,IFITM2,GRAMD2B,CAPG,SOCS2,SMAD3,SLC30A7,CDH1,NUDT4,IL2RB
GSE25088_IL4_VS_IL4_AND_ROSIGLITAZONE_STIM_STAT6_KO_MACROPHAGE_DAY10_DN	GSE25088_IL4_VS_IL4_AND_ROSIGLITAZONE_STIM_STAT6_KO_MACROPHAGE_DAY10_DN	0.0202006961114143	172	48	VAV1,FNDC3B,MTF1,BTBD19,ANXA7,LCN2,ADNP2,SOCS1,USF3,RCHY1,NRIP3,P2RX4,TMED10,MT1F,ARL5B,MGLL,G3BP2,RIMOC1,TOMM40L,PIK3R5,FLCN,PSMB4,CYSTM1,GBP3,PSMA1,MYBPH,WSB1,RRAGC,CD63,RAB1A,AK4,F3,SRC,EBI3,DAP,TRAM1,ARF4,CPEB4,C5orf15,SERPING1,ITGAV,PROCR,STAT5A,ARHGEF10L,SLC1A3,SCN1B,SLC7A7,TNFAIP2
GSE37532_VISCERAL_ADIPOSE_TISSUE_VS_LN_DERIVED_TREG_CD4_TCELL_DN	GSE37532_VISCERAL_ADIPOSE_TISSUE_VS_LN_DERIVED_TREG_CD4_TCELL_DN	0.0238866841576926	133	39	AFF1,MXRA7,GARIN5A,VAMP2,GRINA,WIPF2,PARD6G,LY96,TMEM170A,EIF1AD,PLEKHA7,RANBP10,INO80D,CTDSPL,DLG4,ITPRID2,HELZ,CES2,TMEM150A,TRAM2,DAB2IP,MAPK1IP1L,SELENOP,ANGPTL2,SH3BGRL3,NAGA,HNF1A,RBMS2,ARL8A,GPSM3,ANXA1,PRCP,TOM1L2,RASSF2,AHR,NPLOC4,PIAS3,POC1B,OLR1
GSE27786_LIN_NEG_VS_NKCELL_DN	GSE27786_LIN_NEG_VS_NKCELL_DN	0.0167636005156635	187	39	HPS5,ARL4D,MTHFR,CLCN4,RCHY1,PHKG2,RAP2A,USP12,SLC66A3,CMKLR1,ZC3H7A,SORT1,RWDD2A,ZNF281,GAS7,PURB,HAPSTR1,ATXN1L,DHRS1,GALNT9,NAB2,AGFG1,ASB13,ENTPD7,BMPR2,CDK9,GBA1,ICAM1,MAPKAPK2,PSAP,TNRC6A,PLEKHG2,ABRACL,DSTYK,CHD3,IFI35,RNF217,PGGHG,CXCL14
GSE37605_FOXP3_FUSION_GFP_VS_IRES_GFP_TREG_NOD_UP	GSE37605_FOXP3_FUSION_GFP_VS_IRES_GFP_TREG_NOD_UP	0.0061552331952779	193	54	TMEM160,RRBP1,CROCC,MRPL57,MRPL12,ETFB,SCAND1,IFT57,CDC34,CKS2,PRDX4,DUT,FAF1,UPF3B,UBXN10,MYO9B,CDT1,MRPL11,DDX10,SSBP4,KLF10,PYGL,NOP53,RBBP8,EPOP,EMD,RGS16,BRIX1,PTGS2,NFKBIA,MCRIP2,MID1IP1,ASF1A,MED16,BAG3,MPG,ADRB2,HADH,NT5M,RAB32,TCF19,EGLN3,EFHD2,DCXR,MPC1,COPRS,PGRMC1,TCEANC2,UBE2C,TXN,HPF1,ING2,NELFE,RPL24
GSE13522_WT_VS_IFNG_KO_SKING_T_CRUZI_Y_STRAIN_INF_DN	GSE13522_WT_VS_IFNG_KO_SKING_T_CRUZI_Y_STRAIN_INF_DN	0.0310753759392322	101	25	NUCKS1,ANO6,XPNPEP3,SMURF2,TMX4,ORAI2,MYL2,GALNT12,TKTL1,NRF1,ATP6V1A,GLYCTK,LYPLA1,SHROOM4,DENND2B,TNFRSF1A,HNF1A,TAF9B,CC2D1B,CDC42BPA,ANK2,RASGRP2,CACNB3,GSN,ZNF512B
GSE10240_IL17_VS_IL17_AND_IL22_STIM_PRIMARY_BRONCHIAL_EPITHELIAL_CELLS_DN	GSE10240_IL17_VS_IL17_AND_IL22_STIM_PRIMARY_BRONCHIAL_EPITHELIAL_CELLS_DN	0.021316221690596	170	27	TBX15,SORT1,TMEM98,LONRF1,IGF2BP1,PLA2G7,TMPRSS4,FOXRED2,RENBP,RYR1,RBP7,CKAP4,RHOBTB3,TSPAN2,PRCP,CISH,MTSS1,TXNRD3,KLHDC10,RAPGEFL1,SLC7A7,TMPRSS3,CARMIL1,TLE1,TBL1XR1,MUC13,HNF4A
GSE36476_CTRL_VS_TSST_ACT_16H_MEMORY_CD4_TCELL_OLD_DN	GSE36476_CTRL_VS_TSST_ACT_16H_MEMORY_CD4_TCELL_OLD_DN	0.0103634453713617	191	67	IL15RA,IL2RA,SLC3A2,RCN1,STIP1,POGLUT2,GADD45GIP1,LRRK1,TAP1,MRPL12,SLCO4A1,CREG1,WDR3,IER3,STT3A,NCBP1,NAT10,FABP5,RAD51C,C1QBP,EIF2B3,JPT2,VDR,UTP20,PPP1R10,MCUR1,RBBP8,TARS1,AIMP2,GALR2,GLA,EBNA1BP2,CSTF2,MIPEP,BMS1,ZNF239,BATF,CKAP5,POLR3D,NDUFAF4,TP53BP1,ARHGAP22,PSMG1,POLR2H,MLYCD,CCT3,GATB,TXNL1,WARS1,TXN,DNAJB6,MRPL17,CSTA,MRPL15,GOT1,TRAF1,KEAP1,QTMAN,DNAJA3,PTPRK,GART,SSRP1,CTPS1,BYSL,DESI1,ATF6,IARS1
GSE21033_CTRL_VS_POLYIC_STIM_DC_1H_UP	GSE21033_CTRL_VS_POLYIC_STIM_DC_1H_UP	0.0171996370992983	149	44	FOSB,KLF2,DUSP1,AUTS2,CD47,BICDL1,LARGE1,PTMA,STUB1,NEUROD1,PNP,ZNF771,HSPA12A,CRTC1,SAC3D1,HR,GSTCD,HNRNPM,DAPK3,EPB41L4A,YBX3,NKX3-2,B4GALT3,EGR4,PPFIBP2,SPRY4,MPPED2,DPP6,ARC,GADD45A,SARDH,PSMC3IP,JAM3,IRF7,TCF12,TUBA1A,CFAP298,SPOUT1,TMEM43,HBQ1,NLE1,RRP12,ZNF721,KCNJ5
GSE17721_LPS_VS_GARDIQUIMOD_8H_BMDC_DN	GSE17721_LPS_VS_GARDIQUIMOD_8H_BMDC_DN	0.0146399707066103	186	38	MAPK3,YWHAG,SCAMP5,SLC7A6,SLC39A9,PRNP,CNIH1,NCF2,C5orf24,PKP2,DOCK5,H6PD,CXCL6,F3,PLIN3,HID1,YAF2,ZMPSTE24,CD9,PON2,ARL8B,CHODL,LIMA1,TSPAN2,WNT11,DNASE1L1,CAV2,FOXJ2,SAA1,SOX4,SLC7A7,SMPDL3B,TMEM63A,ATL2,CARMIL1,CAMK1D,TSPAN14,CYP24A1
GSE27859_MACROPHAGE_VS_CD11C_INT_F480_INT_DC_UP	GSE27859_MACROPHAGE_VS_CD11C_INT_F480_INT_DC_UP	0.021420998099182	148	50	CPNE2,NDUFA1,SYNGR1,PPP1R12A,RNF111,TANC1,CMTM6,ZFHX3,CSF1,NAA60,RNF144A,TXNIP,PLA1A,CD14,GJA5,NFATC2,RAB30,HS1BP3,TMEM168,RBPJ,BLOC1S3,EFR3A,ETV6,PTAFR,IGF1R,HIPK3,EML4,PALLD,DHRS1,ITGB1,CASD1,AGTRAP,TNFRSF9,AK4,DAP,IQSEC2,SMOX,PPP4R2,ITCH,OTOP1,MOB1A,MVP,PLEKHG2,PROCR,GRAMD2B,IFITM1,PDGFRB,ANPEP,UACA,TWSG1
GSE42724_MEMORY_VS_B1_BCELL_UP	GSE42724_MEMORY_VS_B1_BCELL_UP	0.0167636005156635	187	76	PRKAB1,SH3BP2,YIPF5,FAM204A,FLVCR1,LMBRD1,SLX4,ARHGAP19,SELENOM,MAP7D1,TMEM40,ZFC3H1,PLEKHA8,SEC14L2,RNF41,PIGB,MLF2,TRIM23,SERAC1,LTN1,CRIPT,IMPACT,GRINA,IPMK,SEPHS2,HCFC2,TVP23B,ELOF1,RBM7,BTBD19,RIMS3,BAHD1,BST1,C4orf46,BTBD1,AAK1,RNMT,BMP7,PHKG2,MAP3K21,FOXN2,VPS39,CRYZL1,SGPP2,KIF2A,ATXN7L3,HNRNPDL,ZBTB4,RPS6KB1,TCF25,FBLIM1,CLPTM1L,MTF2,GUCD1,SCOC,MIEF1,SNX30,CAMK2G,PLA2G7,TMEM222,PDP1,ZMYM1,CLN8,C1GALT1,NINJ2,CIRBP,PBXIP1,BNIP2,MEAK7,LSAMP,SUMO3,TNNC1,NPLOC4,TMEM63A,TMEM41B,SMO
GSE339_EX_VIVO_VS_IN_CULTURE_CD4CD8DN_DC_DN	GSE339_EX_VIVO_VS_IN_CULTURE_CD4CD8DN_DC_DN	0.0158803903602835	175	53	CH25H,RNF19A,NAA80,ATP6V1D,NDUFA1,STX12,CDIP1,MIF4GD,MAP4K4,IDI1,ARID3B,LPIN2,WDR26,RPL34,RBX1,SORBS1,CLDN7,ABCC2,CDKN1A,AGO2,RAB8B,CCDC6,KRT31,GNA13,ARIH1,PSMD11,HAPSTR1,WSB2,RNF4,NF2,LCP1,CTNNBIP1,MC1R,CD9,DDX6,CRY1,CORO1C,ID2,RO60,AP1G1,ARF4,CHP1,RAG1,PPP4R2,LITAF,CACUL1,STAT5A,AHR,KCTD10,JUP,AASS,KIAA1217,GABARAPL1
GSE13547_WT_VS_ZFX_KO_BCELL_UP	GSE13547_WT_VS_ZFX_KO_BCELL_UP	0.0269831360188361	139	32	BAZ2B,CCND2,ENDOU,ARID3A,SOSTDC1,TOX2,ARL4C,ZBTB4,PHF13,ISG20,SECISBP2L,SEC24A,PLEKHA1,CALCOCO1,PACSIN1,SCNN1A,IL10,LAPTM4A,SNN,RPS29,INPP4B,SEPTIN4,LBH,CYTH3,CHD3,ARHGAP31,MX1,TRPS1,PRR5L,FRY,LIN28A,MEIS3
GSE24671_BAKIMULC_VS_SENDAI_VIRUS_INFECTED_MOUSE_SPLENOCYTES_DN	GSE24671_BAKIMULC_VS_SENDAI_VIRUS_INFECTED_MOUSE_SPLENOCYTES_DN	0.0132922479749181	187	66	ADRA2C,TRIM14,ATP5F1D,GTF2F2,ZC3H18,SUPT3H,SIGMAR1,POR,WDR3,ZNF764,NUDC,TAF12,THOC7,ZC3H8,THOC1,MRPS5,EIF5B,TANGO6,ENKD1,MALSU1,NFIL3,POLD3,NOL12,PTBP1,RNASEH2C,POGK,PDIA6,OGFR,ZNHIT2,UTP25,RAD51B,MAP2K2,HNRNPA3,BSN,TWNK,OXCT1,BMS1,NOP14,WDR74,TYSND1,TSSC4,EME1,LZIC,ALG5,SMN1,DARS2,DSN1,UBXN8,TXNL1,CCN6,RIOK2,NOB1,COX17,PIGG,RBL1,BZW2,MRPS9,ACSL5,DPAGT1,LSM1,PIN4,SHISA9,RER1,EED,MRNIP,STXBP1
GSE1432_1H_VS_24H_IFNG_MICROGLIA_UP	GSE1432_1H_VS_24H_IFNG_MICROGLIA_UP	0.0158442074343657	178	68	WIPI1,MMD,CERK,VIM,CXCR4,GAPDH,GRIN2C,CDC37L1,COL6A1,HECA,ACOT11,REV3L,OAT,PEX16,WIPF2,GNG12,MAP4K4,SSH1,PDGFC,SEL1L,NBPF10,PAQR5,SCAMP1,MMP2,CD14,FOSL2,NCS1,CTDSPL,ZMYM2,ANG,PPP4R1,RCOR1,TNFRSF21,SLC35D1,RPS5,CRKL,STAB1,ITM2C,ZNF8,SGSM2,ARL4C,AATK,RPS6KB1,DNAJB5,METTL22,ANXA6,BNIP3L,IRGQ,NUAK1,HIF1A,ITPKB,CLN8,GPNMB,PAPSS2,ANXA2,CD9,IL1R2,DNMBP,CISH,DAB2,GAB2,LTBP2,PLXND1,NOTCH3,SGPL1,CADM4,OLR1,GABARAPL1
GSE24634_IL4_VS_CTRL_TREATED_NAIVE_CD4_TCELL_DAY3_UP	GSE24634_IL4_VS_CTRL_TREATED_NAIVE_CD4_TCELL_DAY3_UP	0.0122343522233549	167	36	APLP2,TRAM2,FN1,RNF5,EVI5,AHNAK,DAG1,PGPEP1,PHYHIP,TMT1A,DHRS1,WNT5A,CHST4,IL10,RNASE1,EBI3,NAGA,PDXK,CCL22,IL1R2,LMBR1L,SYNGR2,ANXA1,QPRT,NPC2,DNASE1L1,RASSF2,JAG1,PLEKHO2,BEX4,LAMP2,GAB2,RFTN1,LSP1,GSN,KRT5
GSE19888_CTRL_VS_TCELL_MEMBRANES_ACT_MAST_CELL_PRETREAT_A3R_INH_DN	GSE19888_CTRL_VS_TCELL_MEMBRANES_ACT_MAST_CELL_PRETREAT_A3R_INH_DN	0.0154733656234952	159	49	EIF2AK2,ABCG1,CH25H,AXIN2,POMP,B4GALT5,ATG16L1,ITGB7,AREL1,LARP1,SEMA4D,CD72,EIF4E3,IFI27L2,TDRD7,KLHL18,GRN,STAT2,USP11,ETV6,UBA7,CCRL2,HLA-E,ANKRD1,TOR1AIP1,SLFN5,CNP,MARCHF5,PIK3R5,ADAR,C2,PTPRO,IFITM3,BCL3,TOR1AIP2,OLFML3,ARF4,SERPINB9,HSH2D,SLC25A44,NPC2,BST2,ARHGAP30,RAPGEFL1,STING1,SHISA5,TREML2,TNFAIP2,UACA
GSE18281_CORTICAL_THYMOCYTE_VS_WHOLE_CORTEX_THYMUS_UP	GSE18281_CORTICAL_THYMOCYTE_VS_WHOLE_CORTEX_THYMUS_UP	0.0413729150635078	113	25	SYT12,HSD17B2,SORBS2,FZD4,AATK,PPP1R14D,GJC1,ABCC6,SEMA3F,EPS8L3,NAB2,ANGPTL2,TFAP2C,F2RL1,QPCTL,NRSN2,CAP2,KCNQ2,SLC6A20,COL5A1,TLE2,FBLN1,KRT5,CAPN6,GYG2
GSE40666_NAIVE_VS_EFFECTOR_CD8_TCELL_UP	GSE40666_NAIVE_VS_EFFECTOR_CD8_TCELL_UP	0.0224682438486672	182	45	MMP9,TTC3,MPI,SLC30A4,TM7SF2,BAZ2B,RASGRP1,ENDOU,FMNL3,EXT1,ADCY6,MARCKS,ALDH7A1,CLCN4,ANO6,N4BP2,CORO7,ADAM11,SEC22C,TSPAN6,TUBB2A,MTF2,PTBP2,TULP4,PFN2,CALCOCO1,SELENOP,IKZF4,SPSB1,APBB1,UCK2,CRY1,PBX2,RBMS2,ARSI,LDHB,MTSS1,PLXND1,CACNB3,SHF,SOX4,ARHGEF17,KDM5B,TLE2,VANGL2
GSE26343_WT_VS_NFAT5_KO_MACROPHAGE_LPS_STIM_DN	GSE26343_WT_VS_NFAT5_KO_MACROPHAGE_LPS_STIM_DN	0.014946564179188	186	54	PRPS2,SNX13,XDH,MAN2B1,ABCB7,SLC6A8,TMEM86A,PTPRF,PPM1H,SDHAF4,SASH1,AMOT,CENPN,C4orf46,PLCB2,ECHS1,TEP1,OSBPL3,SGSH,MGLL,RAB8B,GGA2,ZBTB4,MPP1,MTURN,GTF2A1,ALOX5AP,PLPP3,BNIP3L,RBBP9,ARL5A,DOCK5,SELENOP,DGLUCY,GPR162,MTMR10,IQGAP2,MFGE8,PIGS,BORCS6,ZFP91,NAGA,TP53INP2,POGLUT3,RASSF2,CACUL1,BAMBI,MAMDC2,ATOSB,ITGA6,GSN,HPGD,CAMK1D,TSPAN14
GSE17974_0H_VS_72H_IN_VITRO_ACT_CD4_TCELL_UP	GSE17974_0H_VS_72H_IN_VITRO_ACT_CD4_TCELL_UP	0.0164482498007192	159	46	HES4,KLF2,DUSP1,JUN,AUTS2,KLF4,EGR1,NR4A2,MAP3K5,TRIB1,TNFSF8,KLF11,METAP1D,C16orf54,CLASRP,SGK1,SIK1,FHIT,NOM1,IRS2,PCSK5,NOSIP,HABP4,RNF125,WDR53,KANSL2,CCDC86,GADD45A,TWNK,C9orf78,EID3,SYNM,RFX3,TSSC4,SAMD4B,ZNF394,PAIP1,GABBR1,RAP1GAP2,IFT20,GSAP,YRDC,JADE1,CD83,ITFG2,PARP8
GSE22589_HEALTHY_VS_HIV_AND_SIV_INFECTED_DC_UP	GSE22589_HEALTHY_VS_HIV_AND_SIV_INFECTED_DC_UP	0.0092578574415813	194	58	F2RL3,MANF,YDJC,MEPCE,RP9,ZNF764,GLE1,DOHH,NHP2,THOC7,ZC3H8,TTF2,NDUFAB1,UPF3B,PPP1R21,WDR18,NME6,LPL,PLK3,PPWD1,NGLY1,BOP1,TMEM259,COX10,CHST11,NDUFAF2,TARS1,CEBPZ,TOPBP1,ANGPTL4,PRIM2,SCFD2,TWNK,ENTPD5,FRA10AC1,ALG5,PLIN4,COPRS,USP39,FBXL6,RTKN,SVIL,CLNS1A,MPHOSPH10,CCNA2,NOB1,GNPAT,IDH3A,RRN3,TYMS,FKTN,RMND5B,ARPC5L,CDV3,TEX30,ALYREF,PPM1G,PRIM1
GSE3982_NEUTROPHIL_VS_TH1_UP	GSE3982_NEUTROPHIL_VS_TH1_UP	0.0146354780696469	165	47	SEC24B,SNX13,RAB2A,SNRK,TCTA,CTDSP2,TRDMT1,KIF5A,FOSL2,ARHGDIB,WDR26,DCUN1D2,BAZ2B,MINDY1,PDLIM2,SCML1,ERBB2,SORBS1,ZDHHC7,VPS37B,ITGB2,APLP2,PSG4,S100P,BTBD7,LIMK2,ACAP2,RIPOR1,RAC2,ACOX1,CXCL6,TFAP2C,CAPZA1,DPP8,CCNI,PRAME,GPSM3,S100A14,CX3CL1,LTBP2,LOXL2,PLAU,RUBCNL,COL1A1,RNF141,CUL4B,HNF4A
GSE11961_FOLLICULAR_BCELL_VS_MEMORY_BCELL_DAY7_DN	GSE11961_FOLLICULAR_BCELL_VS_MEMORY_BCELL_DAY7_DN	0.0218325417796766	183	57	OPA1,TMEM74B,SCN4B,VMAC,NTPCR,TCP11L2,INSR,MTMR1,DUSP14,MTA3,ABCB7,APPBP2,PRKCI,FAR1,AJUBA,PCGF6,UGDH,GNAS,INTS6L,NUS1,C5orf22,RABGGTA,CD2AP,CTDSPL2,FASTKD3,STT3B,FAM114A1,SMURF2,SLC7A6,DDX46,NIT1,TMX4,PHTF2,SEPTIN3,RIMOC1,RNF38,EXOC6,ARFGEF2,CASD1,BRSK1,CD164,KLHL42,PPARGC1B,FZD7,ARHGAP29,MDH1,ENTPD7,IL17RD,TTC39A,RAB14,MARCHF6,PRCP,PRDX3,GYS1,DLG1,SPRING1,TWSG1
GSE9988_LPS_VS_LPS_AND_ANTI_TREM1_MONOCYTE_UP	GSE9988_LPS_VS_LPS_AND_ANTI_TREM1_MONOCYTE_UP	0.0190724536469814	169	48	RAP1A,PPM1K,LCOR,CREBL2,IL23A,VAV1,MTF1,RAB11A,C1QTNF1,FSCN1,MARCKS,BIRC2,FOXN2,BID,GPR132,PTAFR,CCSER2,NDUFV2,CYBB,RAP2C,PIK3R5,ADAR,ACOX1,MYL12A,IKBKE,WNT5A,SNX18,KCND3,TNFRSF9,OAZ2,QKI,MAST3,MYO1F,UBE2W,TP53INP1,NFE2L3,TMED7,HNRNPH2,TGFBR2,DCP2,ARHGAP31,RUBCNL,SLC30A7,PIK3CD,TNFAIP2,SGPL1,ZNF217,PDE4B
GSE16450_CTRL_VS_IFNA_6H_STIM_IMMATURE_NEURON_CELL_LINE_UP	GSE16450_CTRL_VS_IFNA_6H_STIM_IMMATURE_NEURON_CELL_LINE_UP	0.0151206271819043	165	55	BMP2K,FNDC10,ZFC3H1,ATF7IP2,WARS2,PPP2R1B,AFF1,IMPACT,RNF19A,THNSL2,TGFBRAP1,IL1RAP,NT5DC1,TMEM237,HFE,CCNG1,SLC25A36,DOP1A,YPEL4,TTC3,SLC30A4,EPS15,ETV3,SPPL2A,ETV6,ANO6,STAB1,SDE2,ELMOD2,GRAMD1B,NOTCH2,TSPAN6,ACAP2,MARCHF5,GNA13,PSAPL1,NODAL,FLCN,WSB2,SYNE4,DCLK1,RBPMS2,MIB1,YAF2,PPFIBP1,UTRN,IL1R2,ANXA1,NPC2,LDHB,LITAF,FNIP1,TMPRSS3,GLCE,SEMA5A
GSE22886_NAIVE_TCELL_VS_NKCELL_DN	GSE22886_NAIVE_TCELL_VS_NKCELL_DN	0.0242777406884461	182	46	ZCCHC24,MACF1,LCN2,YPEL1,PTPRE,FURIN,HELZ,BARD1,ELF4,VPS37B,PI4K2A,PSME4,MCF2L2,SMURF2,TRIP12,C2CD3,LAT2,RTF1,ARIH1,ABHD2,MTMR3,RNF4,ATP6V1A,PPM1B,TNFRSF1A,SLC5A3,AKR1C3,SMAD5,YIPF6,PON2,IST1,RHOQ,ARHGEF12,C5orf15,UBE2W,RHOBTB3,CLTC,ITCH,FEZ2,DAB2,PLEKHO2,RFTN1,CRIM1,GSN,PRR5L,HEG1
GSE23321_CENTRAL_VS_EFFECTOR_MEMORY_CD8_TCELL_UP	GSE23321_CENTRAL_VS_EFFECTOR_MEMORY_CD8_TCELL_UP	0.0224699770954778	183	40	CCNT1,TRIP6,SESN3,PEAR1,ITM2C,TRIP12,ZNF207,ALS2,CCNG2,PALLD,SPSB1,TTC39C,TM9SF3,MYO1C,BCL3,NAB2,ANGPTL2,IL10,SRC,MTM1,PAFAH1B2,ARHGEF12,ARSI,EDEM1,SYNGR2,CD81,TGIF2,CACNB1,LIMA1,BTG3,SUSD2,PLEKHO2,AHR,AXL,EHD2,TIMP2,BGN,TBL1XR1,CADM4,FOLR1
GSE37532_WT_VS_PPARG_KO_LN_TREG_UP	GSE37532_WT_VS_PPARG_KO_LN_TREG_UP	0.0206358382249739	163	54	FMO5,PTPRJ,GRINA,CITED2,WIPF2,PARD6G,CASP8,ABCA1,TGFBRAP1,LY96,MTA3,RAB2B,NSUN3,LNX2,RAPH1,FOSL2,PLEKHA7,MFSD11,ATP6V0A1,FEM1B,CD44,DLG4,HELZ,HDAC3,SGPP1,LIX1L,ETV6,FLOT2,ZFAND2B,TRAM2,ARFGEF2,TOM1,CD99L2,PIK3R5,MAPK1IP1L,CALCOCO1,PSMA1,IFITM3,NAB2,ITPKB,FHIP2A,UCK2,F2RL1,RBMS2,ARL8A,HSH2D,CD4,ANXA1,LAMC1,PRCP,ARID5B,AHR,AXL,PIAS3
GSE19888_CTRL_VS_A3R_INHIBITOR_TREATED_MAST_CELL_DN	GSE19888_CTRL_VS_A3R_INHIBITOR_TREATED_MAST_CELL_DN	0.0161995915263515	175	57	ARAP1,KLF3,HECA,TRIM23,YPEL5,NAA50,CCPG1,G0S2,PELI1,RAB11FIP2,TCP11L2,ABTB1,TSPYL1,CTDSP2,LCOR,NBPF10,UBXN7,HEXIM1,PCMTD2,RAB21,YPEL4,LAPTM5,ZNF827,BAZ2B,NF1,ZMYM2,SERINC1,GNS,MARCKS,PIK3IP1,NR1D2,SLC26A11,ERBIN,PIAS2,BEX3,APLP2,NCF2,VEZF1,CALCOCO1,TMT1A,ITGB1,ZFYVE1,TCF7L2,BACH1,F2R,SMIM14,PLAUR,THEMIS2,TP53INP1,ARID5B,RNF11,PLXND1,OGFRL1,ADM,FRY,CAMK1D,ZNF217
GSE20715_0H_VS_6H_OZONE_LUNG_DN	GSE20715_0H_VS_6H_OZONE_LUNG_DN	0.0161518523744952	178	45	PRKCH,STOM,CBR3,CD14,NUS1,SASH1,LPIN2,APCDD1,RHOC,FURIN,MARCKS,MAT1A,RICTOR,ACVR1B,CCNT1,FNDC4,A4GALT,SLC7A6,CLIP4,TMEM135,GPX3,DUSP6,TULP4,ACOX1,GPX2,CXCL6,BCL3,STYX,CEMIP2,FSTL1,MARCHF6,AFF4,SLC43A3,LIMCH1,RCAN2,PI4K2B,PHAF1,ITGA6,STARD8,SLC6A20,GSN,RGS9,BGN,FRMD6,ACKR3
GSE21063_3H_VS_16H_ANTI_IGM_STIM_NFATC1_KOBCELL_DN	GSE21063_3H_VS_16H_ANTI_IGM_STIM_NFATC1_KOBCELL_DN	0.011603487177608	191	63	NUDT3,DDRGK1,SERP1,SMC1A,NXT1,HEXD,FAM110A,HIRIP3,NHP2,MKI67,ELP4,FIRRM,TFAP4,PTPN18,INTS3,TPX2,MRPS5,SMC2,PNPLA2,MNS1,HUS1,CKAP2L,DVL1,GPR183,GRK2,SRP68,STARD3,PCCA,ASF1A,BORA,SGO1,CKAP2,ZFP28,RPL14,IL31RA,KMT5C,PLEKHF1,UBR7,NDUFS8,IPO5,PRC1,HJURP,FRMPD3,GFM1,FEN1,UBE2C,RRP9,KIF14,NDC80,ASB3,FBXL6,PPP1R14C,SSNA1,TBC1D31,CDCA3,CDIN1,CNR1,ZNF689,RPRD2,INAFM1,FKTN,ARPC5L,RACGAP1
GSE45739_NRAS_KO_VS_WT_ACD3_ACD28_STIM_CD4_TCELL_UP	GSE45739_NRAS_KO_VS_WT_ACD3_ACD28_STIM_CD4_TCELL_UP	0.014348570688779	187	59	JUND,KLF6,ZNF367,NRARP,IL2RA,ABHD3,YDJC,STIP1,CDC6,LRPAP1,NUDC,HSPA1A,UTP14A,HSPA5,SRSF10,PIM3,ZDHHC9,BCCIP,RPF2,RRS1,BCL2,SRPRB,ERICH1,FOSL1,ATF1,NCL,PHF5A,MCRIP2,POLR1E,LYAR,NETO2,TWNK,CDK17,DRG1,CCT6A,MTHFD1L,DLX2,PPP1R15B,COPRS,TRNT1,TRIB3,QTRT2,SVIL,DNTTIP2,NMD3,SLC2A1,PDSS1,EIF2S1,LIF,IRX3,JPH1,IDH3A,CRLF3,RBM18,RABIF,DNAJA3,DCAF4,LTV1,HNRNPF
GSE17580_TREG_VS_TEFF_S_MANSONI_INF_UP	GSE17580_TREG_VS_TEFF_S_MANSONI_INF_UP	0.0248809067080068	182	59	PTPRJ,SLC2A3,HSD3B7,DENND5A,ARMCX4,MIF4GD,ITIH5,PRELID3B,AREG,TUBG1,POLE,HMGN3,RIPK3,SCAMP1,EIF4E3,MATN2,TDRD7,PDE8A,B4GALT4,SLC35D1,SWAP70,BID,CCRL2,PHTF2,SSBP3,PRNP,BCAT1,CORO2A,ARL6IP1,NCMAP,PMEPA1,IKZF4,METAP2,NIBAN2,TNFRSF9,H2AZ1,PPP6R3,EBI3,PRDM1,B9D1,ARHGEF12,ANXA4,SCRN2,SERPINB9,CD81,LAMC1,CAPN5,CAPG,PLXND1,SOCS2,RGS9,AXL,TGFBR1,ECM1,WLS,BCL2L15,RAB31,GABARAPL1,PIP5K1B
GSE17721_CTRL_VS_LPS_8H_BMDC_DN	GSE17721_CTRL_VS_LPS_8H_BMDC_DN	0.0232394550730307	170	43	PTPRE,BCL2L1,FURIN,SOCS1,GJC2,DHX58,PI4K2A,TAF5L,PHIP,KAT2B,ATXN7L3,G3BP2,ATL3,PHF13,MPP1,DDR2,PPP2R1A,GNA13,PALLD,DUSP2,TBC1D13,CUEDC1,CXCL6,KRTAP3-3,C19orf12,ARF4,RUNX2,CHODL,PDLIM1,ANXA1,HKDC1,ITIH3,TIMP1,TRAF5,ARID5B,PCP4,STAT5A,CAPN5,USH1C,ATOSB,MMP14,NECTIN2,TMPRSS3
GSE46606_UNSTIM_VS_CD40L_IL2_IL5_3DAY_STIMULATED_IRF4HIGH_SORTED_BCELL_UP	GSE46606_UNSTIM_VS_CD40L_IL2_IL5_3DAY_STIMULATED_IRF4HIGH_SORTED_BCELL_UP	0.0139353398329868	180	48	AATF,HOXA9,FBRSL1,ARHGEF3,RAI14,CSNK1G2,SCRIB,POR,SLX9,MRPS26,TCOF1,ATG3,FIRRM,PIGH,CLASRP,DTX3L,INTS3,LMNB2,RBM42,ADCK2,PPP2R5A,FAM149B1,EBF1,NSRP1,SLC7A6OS,BNIP1,DIS3L,ACYP2,CREB3L2,MCAT,SLC10A3,ABHD8,ABLIM3,CNOT10,VWA2,ZDHHC5,TRIT1,GFM1,MIOS,VPS72,FBXL6,CTU2,CPT2,RPE,ARRB2,DOCK3,ASAP2,GBF1
GSE10325_CD4_TCELL_VS_BCELL_DN	GSE10325_CD4_TCELL_VS_BCELL_DN	0.0352133299890507	142	34	RAB30,RASGRP3,MARCKS,RNASE6,GNG7,SWAP70,DDAH2,TSPAN13,DHTKD1,SLC15A3,RHOBTB2,GGA2,CYBB,CLCN6,LAT2,TMT1A,SYNPO,RHOQ,ANXA4,TPD52,SYNGR2,PDLIM1,LAMC1,DNMBP,DENND3,B4GALT1,MTSS1,SLC7A7,RUBCNL,CD24,TLE1,GM2A,DTX4,RNF141
GSE42021_TREG_PLN_VS_CD24INT_TREG_THYMUS_UP	GSE42021_TREG_PLN_VS_CD24INT_TREG_THYMUS_UP	0.0176038907845786	180	78	DDX5,HNRNPK,MAP2K4,MCOLN2,ADAM9,LRRC58,EHD1,MARCKSL1,DUSP16,ILF3,UBE2N,FBXW11,SEPTIN2,RIOK3,KDELR3,ZNRF1,TNFSF9,NEK6,KLF3,VCL,LPAR1,PSMA6,PELI1,MAP4K4,KCMF1,EFNB2,TAX1BP1,KPNA3,SCAMP1,CD14,PIM1,SLC30A4,IFNAR1,LRP10,LCN2,CCND2,YTHDF3,EXT1,SOCS1,CLCN5,MAPRE1,CDKN1A,CRKL,AEBP2,NOTCH2,RAB18,ZNF207,IGF2BP1,G3BP1,PLEKHA1,DUSP2,SNTB2,PPIC,HIF1A,AGFG1,IL10,GLIPR2,PLAUR,IST1,RHOQ,ICAM1,DLD,SLC25A17,CAV1,LDAF1,RAB12,ABRACL,PROCR,GPC4,STAT5A,MDM2,MMP14,PPP1CB,UGCG,SLC7A7,MOB1B,TNFAIP2,PLAT
GSE28726_ACT_CD4_TCELL_VS_ACT_VA24NEG_NKTCELL_UP	GSE28726_ACT_CD4_TCELL_VS_ACT_VA24NEG_NKTCELL_UP	0.0076820852043275	193	50	AATF,GNG5,PPP2CA,FKBP4,GZMB,RCN1,SQLE,MTA1,GTF2F2,GTF2E2,PNP,DBI,MTX2,NHP2,GBE1,ATP1B3,LPL,LTBP4,JPT2,NSMAF,DNAJC7,UTP20,NFIL3,RBM6,CETN3,PDCD2,PDIA3,ELMO1,NUP88,MAPRE2,CCDC86,HNRNPA3,RPA2,EIF4G3,R3HDM1,PMS1,BRD8,POP4,ISG20L2,SRM,UTP18,CCN6,TM9SF1,TXN,NELFE,PA2G4,RIPK2,TRA2B,HYOU1,IDH3A
GSE19401_RETINOIC_ACID_VS_RETINOIC_ACID_AND_PAM2CSK4_STIM_FOLLICULAR_DC_UP	GSE19401_RETINOIC_ACID_VS_RETINOIC_ACID_AND_PAM2CSK4_STIM_FOLLICULAR_DC_UP	0.0244337753773826	153	38	MAGT1,MARCKS,SOCS1,RCOR1,ACVR1B,NINJ1,FBXO41,FAM114A1,SGSM2,NIT1,BTBD7,PRNP,NDRG4,TNFAIP1,MPP1,MAPK1IP1L,SPSB1,ELMO3,TCIM,ACVR1,PIK3C2B,PIGL,F2RL1,RBMS2,WDR45B,SMOX,LYPD1,CAV1,BTG3,EID1,PPP2R3A,MTMR11,SOCS2,PTPN7,EHD2,KRT4,GMFB,VLDLR
GSE411_UNSTIM_VS_100MIN_IL6_STIM_SOCS3_KO_MACROPHAGE_DN	GSE411_UNSTIM_VS_100MIN_IL6_STIM_SOCS3_KO_MACROPHAGE_DN	0.0254840729066786	182	47	LNX2,ARID3B,HEXIM1,TMED5,RAB30,UBE2G1,COQ10B,SUSD1,LIPG,CKB,SPRED1,GPR132,PI4K2A,UBE2H,VAT1,ARL4C,SKIL,TUBB2A,PHF13,ST3GAL5,SH3PXD2A,GNA13,ATP6V1E1,PLEKHB2,ABI1,ATP6V1A,PACSIN1,IFITM3,SPN,RRAGC,HIF1A,RYBP,KCTD17,GLIPR2,ANXA2,DAP,F2RL1,ATP6V0D1,EDEM1,SYNGR2,EMP3,HNRNPH2,PADI2,ENC1,BST2,ITGA6,IL2RB
GSE42724_MEMORY_VS_B1_BCELL_DN	GSE42724_MEMORY_VS_B1_BCELL_DN	0.0219431693873783	168	60	RNF31,PRRG2,CXCR4,SHD,C1R,H2AC14,COL7A1,TRIP10,NABP1,TTYH2,LAD1,BMAL2,DENND5A,MRPL49,NFKBID,DUSP4,IDI1,GBP1,GP1BA,HEXIM1,TUBA1C,FXYD6,RASGRP1,C1QTNF1,SLC39A1,FSCN1,HAPLN3,CDKN1A,GPR132,LONRF1,TAMALIN,JAK3,TNFAIP1,ISG20,PLD2,DSE,APOL1,VMA22,TNFRSF9,RYBP,AK4,ARLN,EBI3,ZNFX1,C5orf15,PTPN1,EDEM1,ARID5B,MMP7,SLC1A2,LAMB3,RFTN1,EPSTI1,NECTIN2,SCN1B,TNFAIP2,C1S,PLAT,MYO1G,PDE4B
GSE18893_CTRL_VS_TNF_TREATED_TCONV_24H_UP	GSE18893_CTRL_VS_TNF_TREATED_TCONV_24H_UP	0.014348570688779	187	66	DPP4,RRBP1,MEX3D,ANTKMT,SUPT3H,LSM7,MIS12,ELMOD3,WDR24,DENND1A,GABPB2,B3GALT6,METTL15,SETDB2,SCAF4,TANGO6,EIF2B2,ZNF653,NSA2,ETFDH,TJP2,MLLT3,AFG2A,ZFTA,CCDC59,PWWP2A,CEBPZ,CREB3L2,ZBTB14,CEP152,ZNF227,ARMCX2,ZNF438,TMEM87A,BLZF1,TUBE1,NELFB,ACTR5,YRDC,JADE1,PARP8,ZZZ3,EIF3F,SRBD1,ARHGAP5,SETD6,CRYL1,GPD1L,TANC2,TRAIP,DPAGT1,KAT7,TOR1B,CNTRL,DHX9,NXF1,NUMA1,SPPL2B,GOLGA4,NRGN,SCFD1,RPTOR,FERRY3,P2RY2,KIFBP,NAPEPLD
GSE27786_CD4_TCELL_VS_NEUTROPHIL_DN	GSE27786_CD4_TCELL_VS_NEUTROPHIL_DN	0.0222731356878754	168	64	SLC67A2,MSN,CRK,FNDC8,NCK1,RIN3,USP47,FZD3,FUT2,SLC25A11,SLC2A12,PPP1R3C,CH25H,AMOTL2,NDUFA1,EVC2,RECK,BRK1,LAMTOR1,P2RX1,STRN3,CTBS,UGDH,ARID3B,CYP26A1,CCNF,KNDC1,MOV10,ACVR1B,INPP5K,NINJ1,CRYZL1,FAM114A1,PTBP3,COX8A,BAZ1A,SENP2,BDH2,GDE1,RFLNA,VILL,TCIM,PAG1,TNFRSF1A,MYO1C,TMC4,NBEAL2,CCDC126,SMIM14,PCOLCE,CAPZA1,RALBP1,PADI3,HPN,KRT80,PBXIP1,CREB3L1,PCP4,MDM2,KCTD10,TIMP2,PGGHG,TBL1XR1,ZNF217
GSE37416_CTRL_VS_12H_F_TULARENSIS_LVS_NEUTROPHIL_UP	GSE37416_CTRL_VS_12H_F_TULARENSIS_LVS_NEUTROPHIL_UP	0.0185144956764327	177	57	UBE3C,MARCHF7,MMGT1,RAB11FIP1,MED13L,MANSC1,EIF3K,LIMD2,IGF2R,VCL,RPGRIP1,IMPACT,CASP8,STRAP,FAM174A,FAR1,MBTD1,LRP10,HENMT1,CCNY,VCP,CUL3,PPP6C,RAB3D,MAT2B,HAUS4,SLC66A3,ARHGAP1,HSD17B12,SLC8B1,TMX4,FAM8A1,ORAI2,MTURN,ZMAT3,YPEL2,TBC1D13,TMT1A,CCDC69,VPS4B,SNX18,ABHD13,RETREG3,IQGAP2,CXCL6,H2AZ1,ZMPSTE24,MICALL1,CTSS,SELPLG,SLC40A1,TP53INP1,TGFBR2,PXN,OGFRL1,ZNF217,UCP2
GSE27786_LSK_VS_ERYTHROBLAST_DN	GSE27786_LSK_VS_ERYTHROBLAST_DN	0.0367540623969412	142	33	BIK,UROC1,ZNF428,H2AX,NOTUM,FAM222A,AKAP6,GLRX5,ENPP3,FOXL2,NXPH3,ST3GAL4,GET4,PDE11A,E2F8,CTCF,TTLL11,HSPA4L,SPTSSB,CCL24,RGS16,CARS1,WHRN,WDR38,DBH,CEND1,ZNF473,IRF7,SLC16A6,LBX1,GGNBP2,EMILIN2,ZDHHC5
GSE14000_UNSTIM_VS_4H_LPS_DC_TRANSLATED_RNA_UP	GSE14000_UNSTIM_VS_4H_LPS_DC_TRANSLATED_RNA_UP	0.0099768925544259	194	60	BTD,IER5L,C9orf40,HNRNPAB,PAQR4,LDAH,ETFB,MAP3K5,MRPL34,DUT,SAP30,C16orf54,TSC22D3,REXO4,PWWP2B,MSH6,NSMAF,ZFP90,RRS1,WDSUB1,THYN1,NOSIP,SHQ1,AIMP2,ZNF112,PROSER1,MCAT,SAXO6,MSH2,CFAP20,RAB32,MRPL9,MYCL,ACTL6A,KDM4B,MTREX,ELP1,DOK3,SLC25A38,CAPRIN2,RFC5,SPOUT1,TAF1,DCAF13,LONP2,MKRN2,FEN1,FRAT2,MOAP1,RBM4B,UTP11,MRFAP1L2,CMAS,PRDM2,LTV1,ZNF263,RACGAP1,PUS1,ABHD15,MRPS11
GSE37605_FOXP3_FUSION_GFP_VS_IRES_GFP_TREG_C57BL6_UP	GSE37605_FOXP3_FUSION_GFP_VS_IRES_GFP_TREG_C57BL6_UP	0.0150738391713011	173	46	FOSB,DUSP1,FOS,PPP1R15A,SPRY2,JUN,CEBPD,RAB43,ID1,EGR1,ATF3,NR4A2,CSRNP1,RDH10,IER3,TRIM25,EGR2,CEBPB,SERPINE1,CNKSR3,SGK1,SIK1,CASP7,NBL1,PLK3,KCNK13,JUNB,HS3ST1,KALRN,CCL24,PTGS2,MYC,MRM3,SPRY4,LRP5,ZFP36,DLL1,SCARB1,TSPAN12,TM4SF1,ZFYVE9,EID3,OSTF1,USP21,HEATR5A,NR4A1
GSE19923_HEB_KO_VS_HEB_AND_E2A_KO_DP_THYMOCYTE_UP	GSE19923_HEB_KO_VS_HEB_AND_E2A_KO_DP_THYMOCYTE_UP	0.018323005214795	188	46	ING1,FADD,CD47,SLAIN1,AHRR,COL18A1,KIF4A,DNAJC9,CMTM7,RNASET2,FAAP20,SAP30L,INTS3,ACYP1,UPF3B,ISLR,MAP2K5,PGLS,TNK2,HPCAL1,GRK2,RMND1,ATP13A2,STIL,FOXO3,PDE6D,SAAL1,ARHGAP45,MAP3K8,ELOVL5,FAM53A,LTBP3,MEIS1,MAP3K4,PIP4K2A,ING4,ENTREP3,UBR7,CDCA7L,PCID2,IMPA2,ICAM2,TMEM43,PIM2,NSMCE1,ACAA2
GSE7460_CTRL_VS_TGFB_TREATED_ACT_TREG_DN	GSE7460_CTRL_VS_TGFB_TREATED_ACT_TREG_DN	0.023880533462012	170	59	TBC1D16,CERK,ATF7IP2,ZNRF1,ACCS,TMEM186,ATXN1,IGF2R,CAMK2N1,COL7A1,PDGFRL,FKBP1B,ABCA1,CCDC134,ELK3,GTF2IRD1,MTA3,NIPSNAP3B,NDFIP2,MTUS1,GREB1L,TTC3,AMOT,GPER1,HS1BP3,RASGRP3,FMNL3,FURIN,ANKRD50,NINJ1,SLC18B1,RAB3D,SMURF2,SKIL,NDRG4,FNDC11,NCMAP,TNFRSF13C,MTMR3,IKZF4,SPSB1,WBP1L,AKAP5,PTPRO,FOXN1,BORCS6,SRC,C19orf12,PPP1R1C,NT5E,AQP3,SYNGR2,SLC40A1,USP22,PHLDB2,CHD3,PRKAG2,PRKCG,PLAT
GSE3982_NKCELL_VS_TH2_DN	GSE3982_NKCELL_VS_TH2_DN	0.0177489997734792	186	56	DCLRE1A,MANF,PPP2CA,RFC4,SLC7A5,SLCO4A1,CDC25A,TMEM106C,LRFN4,CKS2,NCBP1,PDCD5,FIRRM,MRPL58,C1QBP,PAK1IP1,BAG2,GINS2,RAD51,CENPI,SMC2,HEMK1,UTP20,PLA2G4A,FRG1,MRPL3,ATAD2,RBBP8,SIAH2,PTGS2,STIL,COA7,RAD54L,XRCC3,EHD4,MSH2,DTL,CKAP2,KIF20A,INTS6,SSBP1,NASP,RSL1D1,RPP25,CCT6A,CFAP298,RETREG1,GMEB1,HK2,CLNS1A,ESD,CCNA2,NMD3,MRPL15,PCNA,TIPIN
GSE1460_INTRATHYMIC_T_PROGENITOR_VS_NAIVE_CD4_TCELL_ADULT_BLOOD_UP	GSE1460_INTRATHYMIC_T_PROGENITOR_VS_NAIVE_CD4_TCELL_ADULT_BLOOD_UP	0.018323005214795	188	56	UBE2S,HNRNPAB,NOTCH1,SMC4,NUP107,ETFB,CDC6,CHCHD3,RNASEH2B,POLA1,CKS2,PABPN1,ARHGAP32,SLC1A4,NHP2,MKI67,TTF2,RAD51C,PTPN2,WDHD1,EIF2B3,MSH6,POP7,MCUR1,FOXM1,YBX3,ZNF282,CHEK1,ZC4H2,STIL,FBXO5,YEATS2,STK3,NSDHL,TOPBP1,MCM4,CKAP2,UBR7,TCF12,TP53BP1,CCT6A,IMPA2,CCT5,AHI1,GATB,TNFSF4,PGRMC1,FEN1,UBE2C,EAF2,SCCPDH,DNAJB6,CCNA2,HDAC2,PA2G4,DONSON
GSE17721_LPS_VS_CPG_0.5H_BMDC_UP	GSE17721_LPS_VS_CPG_0.5H_BMDC_UP	0.0087649042751269	179	54	DNAJC1,FBXL15,OSR2,ZNF768,RTN1,HSD17B4,TAF10,SLX9,GET4,JOSD2,FAAP20,CEACAM21,METAP1D,GIT1,COL10A1,SLC35A1,ZNF598,TMEM131,PSD,IKBKB,ADRM1,FAM149B1,MTHFD1,NCDN,PEX6,SLC27A2,RIN1,ST8SIA1,BACE1,DDX49,TPRA1,NCOR1,NELFB,GNL3,TRNT1,CLASP1,SERPINB6,SMC6,RFXAP,AKTIP,ST6GALNAC4,NGDN,TNIP1,TTLL1,PAPSS1,TOP1MT,RMND5B,PROZ,TBX18,GSC,SPHK2,IARS1,METTL3,GPANK1
GSE7460_CTRL_VS_TGFB_TREATED_ACT_TREG_UP	GSE7460_CTRL_VS_TGFB_TREATED_ACT_TREG_UP	0.0186787806529574	188	68	CRLS1,HNRNPAB,SMC4,SKA3,GTF2E2,ZNF777,ATP10A,TBL2,EXOSC3,PLK4,STT3A,ERP44,GGH,FIRRM,PALS2,EIF3J,WBP4,PLAGL1,DHFR,ASCC3,TNK2,MYBL1,EFCAB7,CIP2A,RIOK1,SDF4,CHEK1,PINX1,DPP9,AIMP2,P4HB,HNRNPA3,NEIL3,ABHD8,NOLC1,MCM3,WDR74,SPDL1,MTHFD1L,DNAAF2,TRIP13,COPRS,SEC24D,NHEJ1,SFPQ,TMEM181,DNTTIP2,STK39,DONSON,PDSS1,EIF2S1,THOC6,USP1,ESCO2,FERMT3,GLIPR1,PIF1,TEX30,CENPU,MRPL22,PPP1R3F,CEP55,TACC3,PTCH1,BUB1,ANLN,KCTD12,ADK
GSE17974_IL4_AND_ANTI_IL12_VS_UNTREATED_0.5H_ACT_CD4_TCELL_DN	GSE17974_IL4_AND_ANTI_IL12_VS_UNTREATED_0.5H_ACT_CD4_TCELL_DN	0.0292739485938792	106	27	CLDN9,STAR,DENND5B,WDR72,PRRX2,ADAMTSL4,GLMN,HYAL1,CRYBB1,FAM131C,CCN1,TMPRSS4,CRACDL,FABP3,CXCL6,HOXC11,TNKS1BP1,FBXO36,ZNF778,KRT3,S100A14,DKK1,IGFBP5,TNFAIP2,GYG2,DTX4,EFEMP2
GSE24142_DN2_VS_DN3_THYMOCYTE_DN	GSE24142_DN2_VS_DN3_THYMOCYTE_DN	0.0191165800410343	177	56	SFXN2,CCPG1,PELI1,RNF19A,IL34,THNSL2,RNF111,DENND11,RGS10,HIBADH,CAMKK1,CBL,NFATC1,PTPRF,FICD,AKAP12,EIF2AK3,LLGL2,SIDT2,BST1,C1QTNF1,ADCY6,SLC35D1,STT3B,TCF25,TOLLIP,SENP2,CD28,ZMAT3,PMEPA1,TBC1D8,PFN2,DNAJC5,FAM131A,CD164,TMPRSS4,TRIB2,SIT1,CPEB4,DGKA,CTSB,EDEM1,TJP3,TPST1,RAG1,LDHB,NDST1,SLC16A1,MTSS1,ARHGEF10L,NOTCH3,AXL,LCK,SHISA5,RRM2B,EFEMP2
GSE9988_LPS_VS_LOW_LPS_MONOCYTE_DN	GSE9988_LPS_VS_LOW_LPS_MONOCYTE_DN	0.0342179932452899	122	34	TMTC2,KIF15,POU2AF3,CDC6,RIBC2,NPW,COL18A1,ENOX2,POU3F3,PAN2,ISLR,MYOCD,BMP8B,FAM3A,PARP10,FAM229A,HS3ST1,BAZ1B,CCDC59,MYRFL,STIL,DISP2,NUP62CL,MPG,DLL1,ABHD8,EMILIN1,HSD17B7,DDN,GSDMB,HASPIN,MYO3B,CCDC7,KIF19
GSE41867_DAY6_EFFECTOR_VS_DAY30_EXHAUSTED_CD8_TCELL_LCMV_CLONE13_UP	GSE41867_DAY6_EFFECTOR_VS_DAY30_EXHAUSTED_CD8_TCELL_LCMV_CLONE13_UP	0.0194176223726945	177	45	IP6K1,CLCN1,XDH,TAPBPL,CSF1,ENG,STMP1,ZBP1,DNAL1,MED15,ZNF513,SOCS1,PDE8A,SUCO,FECH,CCRL2,TRAFD1,NIT1,ARL4C,BAK1,ISG20,ALS2,ALOX5AP,ADGRL2,TMBIM6,CUEDC1,IFITM3,DENND2B,FXN,TMEM219,C19orf12,NAGA,ENPP4,LAMTOR4,ZNFX1,SERPINB9,TRAF5,AIF1L,SIAE,B4GALT1,ARHGAP30,EPSTI1,GSN,WLS,IL2RB
GSE45365_CD8A_DC_VS_CD11B_DC_DN	GSE45365_CD8A_DC_VS_CD11B_DC_DN	0.0222229250647317	177	59	HSPH1,HOXA9,ARL2BP,P4HA1,TSEN2,PCOLCE2,TSC22D3,FABP5,CHCHD4,NRCAM,GINS2,FAM216A,SLC1A1,CDT1,MSH6,ERICH1,IKBKB,SLC30A5,RNF8,RIDA,LTAP1,ROBO2,POLR1E,STK3,PIEZO1,PDCD10,TERF2IP,ANKRD11,ANKRD26,CERS1,POLB,ACTA2,INTS10,CIAO2B,AEN,EBAG9,DCAF13,UBXN8,MMAB,MKRN2,TATDN1,AP1S2,DRC9,MRPL15,UAP1,AKTIP,MPHOSPH6,HSD17B6,JPH1,DBR1,ACADM,PPIL1,DNPH1,JPH3,RGS2,JAGN1,NQO2,GFOD1,BFAR
GSE36078_UNTREATED_VS_AD5_INF_IL1R_KO_MOUSE_LUNG_DC_UP	GSE36078_UNTREATED_VS_AD5_INF_IL1R_KO_MOUSE_LUNG_DC_UP	0.0195185929135775	171	66	LDLRAD4,ATG2B,SLC67A2,VRK1,SETD5,GUCA1B,TCEA2,WDR59,ATP1B1,GATAD2B,SERAC1,ABCG1,MYB,RNF19A,RAB11FIP2,ZNF711,ZNF48,AKAP11,ICA1L,AREL1,SLC25A36,MAP1B,CD2AP,ZCCHC24,DNAL1,HS1BP3,ASB7,EXT1,XKRX,MBNL2,KRT35,SESN3,DHX58,SLC26A2,MAPRE3,MTR,TAF5L,TOX2,ZBTB4,UBL5,EVI5,DSE,YPEL2,ACOX1,PFN2,CALCOCO1,SELENOP,FAM131A,TMPRSS4,TTC39C,PPARGC1B,ANGPTL2,CORO6,C19orf12,RENBP,SNN,CTSS,INPPL1,AGO1,QPRT,ARID5B,MEAK7,RASSF2,CYTH3,KDM5B,TGFB2
GSE27786_CD4_TCELL_VS_NEUTROPHIL_UP	GSE27786_CD4_TCELL_VS_NEUTROPHIL_UP	0.0190345562960167	188	51	JUND,ANKRD37,POGLUT2,TAP1,HSPD1,ATP10A,DOHH,ENOX2,PLPP1,NDUFS7,AQR,METTL15,DUS3L,PTPN2,INSYN1,PARP2,AP3M2,RRS1,RABEP2,BOP1,HEMK2,SLC52A2,PWWP2A,ZC4H2,ODC1,TTLL12,EARS2,JMJD6,GNB1L,CDC5L,TSR3,RAB3IP,TARS3,NME7,AKAP9,DHCR7,MAP2K7,UBE3A,DCXR,CYP4V2,LUC7L3,RRP9,KIAA0319,PPP1R7,ERAP1,SPATA13,POLD2,ORC3,KDM3A,UTP11,FLNB
GSE1460_INTRATHYMIC_T_PROGENITOR_VS_NAIVE_CD4_TCELL_CORD_BLOOD_DN	GSE1460_INTRATHYMIC_T_PROGENITOR_VS_NAIVE_CD4_TCELL_CORD_BLOOD_DN	0.01820645059678	161	35	SLC17A7,CSF1R,CASP10,LLGL2,MINDY1,RPS16,TNFSF10,MAPK3,UNC119,ACADSB,STIM1,SIRPA,NPY4R,PLEKHA1,DIP2C,RYBP,SERPINF2,TRIB2,PCOLCE,ALPG,DNAJC22,RAPGEF6,SELENBP1,CKAP4,RBM47,TGFBR2,IFITM1,MALT1,SLC7A7,FRY,EPHB3,HEG1,TSPAN14,PDE4B,PIP5K1B
GSE16385_ROSIGLITAZONE_IFNG_TNF_VS_IL4_STIM_MACROPHAGE_UP	GSE16385_ROSIGLITAZONE_IFNG_TNF_VS_IL4_STIM_MACROPHAGE_UP	0.0234121681748178	164	40	FOSB,DUSP1,FOS,PPP1R15A,PLIN2,DNAJA1,MGAT2,DNAJB11,EGR1,CYTIP,HSPD1,SPNS2,TRIB1,LRFN3,HSPA5,EGR2,AMZ1,PIM3,SRFBP1,ZDHHC9,CLK1,RPF2,PLK3,GPR183,CBX8,JUNB,DNAJB1,TNFAIP3,HCRTR2,KBTBD2,ZNG1B,CDKAL1,ZFP36,CTLA4,ADRB2,TM2D2,MAP3K8,CHL1,PRKX,NR4A1
GSE3982_MAST_CELL_VS_NKCELL_DN	GSE3982_MAST_CELL_VS_NKCELL_DN	0.0245031062720357	148	34	STOM,CD72,ASXL1,CDS2,ERN1,C21orf91,YPEL1,APLP1,BARD1,SMPD3,RBM12B,SPOCK2,ISG20,MX2,ARFGAP1,TSPAN1,NUAK1,ITPKB,CHST4,F2R,SIT1,PIGL,MICAL2,DENND3,RORA,IFITM1,UNC5B,ALPL,PRR5L,PGGHG,TLE2,ZNF185,NRG1,UCP2
GSE13306_LAMINA_PROPRIA_VS_SPLEEN_TREG_DN	GSE13306_LAMINA_PROPRIA_VS_SPLEEN_TREG_DN	0.0113914042851815	162	41	ASCL2,ZNF428,GZMB,TIPARP,LHX1,LMAN2L,MTFP1,ZBTB12,F12,RGS6,MAZ,MAN1C1,SLC75A1,TFAP4,RELL2,TCP1,AMZ1,BASP1,BAG2,LPL,SMKR1,P4HA2,TSGA10,HPCAL1,PGP,NFIL3,PYGL,COX10,NEMP1,SOX12,KIFC2,SPRY4,GMDS,ANGPTL4,TSR3,PLEKHF1,TFR2,ERP29,CDCA7L,EGLN3,HJURP
GSE19772_CTRL_VS_HCMV_INF_MONOCYTES_UP	GSE19772_CTRL_VS_HCMV_INF_MONOCYTES_UP	0.0291030732364501	182	46	ITIH5,XDH,ADGRL1,NDFIP2,PRKCH,PSMB1,NUS1,AKAP12,IFI27L2,VPS26A,PSMD10,RBPJ,ARL4D,SLC35D1,ITM2C,PHTF2,LAT2,RNF5,AHNAK,MTF2,IKZF4,MECP2,MAGED2,TNFRSF9,AGFG1,OAZ2,LAPTM4A,ANXA2,CD9,EEA1,RHOQ,SPARC,ANXA1,CD81,TRAF5,TSPAN32,ITGAV,CYTH3,LITAF,AHR,SAA1,MX1,WLS,TCN2,GABARAPL1,TWSG1
GSE20152_SPHK1_KO_VS_HTNFA_OVEREXPRESS_ANKLE_DN	GSE20152_SPHK1_KO_VS_HTNFA_OVEREXPRESS_ANKLE_DN	0.0164612188701968	187	58	AATF,DCLRE1A,ANP32B,HSD17B4,GTF3A,CPAP,ZNF551,LRFN4,MRPL52,ABCC5,NUDC,LRFN3,RUVBL1,GTF2I,TUBA4A,MORC4,SOS1,THAP11,BAG2,REXO4,NME6,SLC35A1,PCYOX1L,GRK2,TJP2,CHST11,RNF8,PDIA6,UBB,TRMT1L,TNPO3,MID1IP1,SUPT20H,ZBTB14,TSR3,NEIL3,MRPS34,TAF5,SYNE1,NSUN5,XPO1,CLUH,PPM1D,NHEJ1,ZNF33B,TP53,NEK9,CCNA2,TOP2A,BLMH,TBC1D31,HIRA,TMEM80,KAT7,NVL,SSRP1,RDX,NENF
GSE2770_UNTREATED_VS_TGFB_AND_IL4_TREATED_ACT_CD4_TCELL_4H_UP	GSE2770_UNTREATED_VS_TGFB_AND_IL4_TREATED_ACT_CD4_TCELL_4H_UP	0.0204963670101885	173	53	TNRC6B,INSR,IL1RAP,PIP4P2,IP6K1,RECK,MAP4K3,PAXBP1,STX5,TAX1BP1,CDS2,IFI27L2,IFNAR1,BAZ2B,SDC1,PDLIM2,DNAJC28,COQ10B,SUSD1,CLCN5,CKB,TBC1D23,USP12,ETV6,TMEM127,ERO1A,FAM8A1,ATXN7L3,ACAP2,RIMOC1,MPP1,AP1M2,RIPOR1,KLF13,PXDC1,DNAJC5,WBP1L,RRAGC,SLC35F6,TMEM167B,CCR5,PBXIP1,RAPGEF6,CD36,ZYG11B,PROCR,ACP5,GLMP,AVL9,PXN,LSP1,UGCG,RAB31
GSE40274_CTRL_VS_HELIOS_TRANSDUCED_ACTIVATED_CD4_TCELL_DN	GSE40274_CTRL_VS_HELIOS_TRANSDUCED_ACTIVATED_CD4_TCELL_DN	0.0229324106302519	151	43	HSPH1,CRLS1,SRXN1,IL2RA,SLC3A2,NXT1,HSPA1A,EGR2,GIT1,TTF2,AVEN,SUDS3,CAMK4,RPF2,PLK3,SRPRB,JUNB,POGK,AIMP2,DDX27,FOXO6,VPS8,SLC39A4,INSM1,DPP7,LYAR,NETO2,CHPF,MRPS34,EML5,TSSC4,CHST7,ELP1,GOLGA5,SRM,NLE1,EAF2,QTRT2,PIP5KL1,CINP,ISG15,SLC25A25,GOT1
GSE34156_UNTREATED_VS_6H_NOD2_LIGAND_TREATED_MONOCYTE_DN	GSE34156_UNTREATED_VS_6H_NOD2_LIGAND_TREATED_MONOCYTE_DN	0.0232277206512595	157	41	ATP11B,SERINC1,FLT1,MOV10,MTHFR,LIPG,SDC3,HDAC3,TNFSF10,TRAFD1,SLC15A3,ELMOD2,PRNP,CORO2A,CRYBG1,ISG20,CNP,RNF34,CCNG2,LGALS9,DUSP2,GBP3,GTPBP2,SPSB1,PTPRO,DENND1C,TMEM219,RAB1A,LEPROT,ASB13,TOR1AIP2,ZNFX1,TPST1,SEMA7A,LY6S,IFI35,NECTIN4,KCTD10,MTMR11,AXL,TLE1
GSE14415_ACT_VS_CTRL_NATURAL_TREG_DN	GSE14415_ACT_VS_CTRL_NATURAL_TREG_DN	0.021479220371816	158	41	KIZ,DUSP1,GNG5,GPR155,MDC1,TNFSF8,NDUFS7,TANGO6,ZFP62,NFE2L2,HPCAL1,GPR183,NFIL3,DPH5,PARP16,PCCA,EPHX1,SLC49A4,BCOR,ARRDC3,UTP25,IL15,POLB,RUNDC3B,MESD,SLC4A1AP,IRF7,NOP14,RFX3,WDR74,TXNDC15,NR4A1,NDUFAF4,TAF4B,RPL36A,FCHSD2,EBAG9,NSMCE1,PRSS12,AKT3,NFU1
GSE31082_DN_VS_DP_THYMOCYTE_UP	GSE31082_DN_VS_DP_THYMOCYTE_UP	0.009881982662362	199	67	PDF,COMTD1,NUDT3,CDK2AP2,MRPL12,NUP107,ATP5F1D,MRPS22,TMEM106C,SIGMAR1,TXNDC5,ST3GAL4,MRPL34,ZBTB12,PDCD5,MRM1,EIF3J,NUDT9,MRPL11,MGAT4B,GSPT1,MYDGF,DPH5,ALG3,MCRIP2,POLR2J,MRPL45,EHD4,LIG3,LARS1,PDSS2,BMS1,SERBP1,UBXN8,SVIL,MRPS33,NMD3,ATG5,CCDC40,GOT1,TIPIN,BLMH,UTP11,FAM185A,MBOAT1,NBAS,TOMM70,RWDD4,EMC6,FKBP3,QTRT1,MRPL16,MRPL48,CARNMT1,EMC2,KIF16B,ME2,MRPS18A,PRKRIP1,LONP1,MAGOHB,LSM6,LDHA,TMX2,AFG3L2,MRPL23,METTL5
GSE34156_UNTREATED_VS_24H_TLR1_TLR2_LIGAND_TREATED_MONOCYTE_UP	GSE34156_UNTREATED_VS_24H_TLR1_TLR2_LIGAND_TREATED_MONOCYTE_UP	0.0315728893949153	131	37	MUC4,HFE,DLG5,MMP9,ERN1,NCS1,MATN2,PTPRE,FURIN,GRN,DDAH2,ELF4,PTAFR,SLC15A1,ATXN7L3,RBP5,WTIP,CDC42EP3,EPB41L4B,DAB2IP,FAM43A,SCNN1A,GALNT9,FOXRED2,CORO1C,TEAD2,RC3H1,DENND3,TSPAN9,CYTH3,PLXND1,CACNB3,STARD8,CRIM1,SCN1B,MUC5AC,GRIN2B
GSE21927_SPLEEN_VS_C26GM_TUMOR_MONOCYTE_BALBC_DN	GSE21927_SPLEEN_VS_C26GM_TUMOR_MONOCYTE_BALBC_DN	0.0190000724187196	159	48	ABCB10,C1D,MAD2L1,JKAMP,FNBP1L,CHUK,AMOTL2,RHOBTB1,GPATCH2,NSUN3,PAXBP1,CAPZA2,IFT52,LNX2,RNF39,KPNA3,ASXL1,LEMD3,GCA,VPS26A,AAK1,SUSD1,TNFRSF21,FAM98B,MAP3K21,MTMR6,FAM91A1,ARHGEF9,ITM2C,TOR1AIP1,TSPAN6,CFAP263,LAPTM4B,SSX2IP,ALOX5AP,SNX30,LYPLA1,SLC5A3,MTHFD2L,LEPROT,SDCBP,ANXA4,LAMP2,OGFRL1,SOX4,GMFB,TNS3,CUL4B
GSE1448_ANTI_VALPHA2_VS_VBETA5_DP_THYMOCYTE_UP	GSE1448_ANTI_VALPHA2_VS_VBETA5_DP_THYMOCYTE_UP	0.0294046568027143	182	51	TXNIP,CNN1,ASXL1,SEC23A,NUS1,PREB,EIF2AK3,NFATC2,ARPC1A,MINDY1,WDR55,MR1,SLC27A1,BCL2L1,NXN,TMEM229B,ABCA4,NR1D2,TBC1D23,BID,TNFSF10,SRRM1,TMEM179B,HLA-E,SMOC1,TUBB2A,MPP1,NDRG2,COPZ2,TOLLIP,FLCN,PAG1,TMEM245,IL10,GPR3,SIT1,EDEM1,NIPSNAP2,MAP3K2,CDC42SE2,PSAP,TRAF5,PRDX3,ITGAV,BTG3,GRAMD2B,ZFAND6,ATP13A3,PIK3CD,WLS,ATL2
GSE28783_ANTI_MIR33_VS_UNTREATED_ATHEROSCLEROSIS_MACROPHAGE_DN	GSE28783_ANTI_MIR33_VS_UNTREATED_ATHEROSCLEROSIS_MACROPHAGE_DN	0.0247038184040352	145	36	BAZ2B,RASGRP1,SOCS1,STAR,ALDH7A1,ZFP69B,ECHS1,TRAF6,CD8B,TRAFD1,KDELR1,YWHAQ,S100P,PRNP,RGS5,BAZ1A,TRIM33,PALLD,NCF2,HOXB7,PLEKHB2,GIP,TMEM47,TRIB2,KCTD17,RHOQ,CTSS,ANXA1,ATP6V1H,EMP2,CHD3,PPP2R3A,DKK1,ARHGEF17,CD24,CCR1
GSE31082_CD4_VS_CD8_SP_THYMOCYTE_UP	GSE31082_CD4_VS_CD8_SP_THYMOCYTE_UP	0.014724593820434	185	59	MYO10,IGF2R,HECA,ZBTB7B,HSDL1,MRGBP,CITED2,TGFBRAP1,LSM14A,DENND11,SALL2,ITIH5,RAP1A,ZNF362,PCNX1,WASHC4,LNX2,HEXIM1,AKAP12,WDR26,NFATC2,CD2AP,RASGRP1,AAK1,MTHFR,DENND6A,CKB,USP34,SWAP70,CLCN4,NUFIP2,PHEX,CRYBG1,RAP2C,SECISBP2L,ZMAT3,NCMAP,TNPO2,YPEL2,PAN3,ALDH2,IKBKE,WBP1L,PPM1B,CASD1,LDB1,TRIB2,PRDM1,ZFP91,CPEB4,INPP4B,F13A1,CD81,PLEKHG2,CHD3,AVL9,EID1,PLXND1,PTGR1
GSE17721_LPS_VS_CPG_2H_BMDC_DN	GSE17721_LPS_VS_CPG_2H_BMDC_DN	0.0242529352407633	168	38	CSF1R,SDC1,MFN2,CEP20,APLP1,FSCN1,PPP4R1,NINJ1,RPS16,PRMT6,TMEM14C,CD109,ATXN7L3,HNRNPDL,MIMS2,SYNE4,IKBKE,MORF4L1,KCND3,EBI3,NAGA,CD70,CDC42BPA,CCR5,IL1R2,CD36,XPNPEP1,SEPTIN4,PCP4,PADI2,ACP5,COL13A1,ATOSB,SAA1,LUM,RGS9,SMO,CCR1
GSE24210_IL35_TREATED_VS_RESTING_TREG_DN	GSE24210_IL35_TREATED_VS_RESTING_TREG_DN	0.0297065272672263	140	40	TMEM269,DLG5,GP1BA,CCDC169,SORBS3,PLAG1,LCN2,ERBB2,USP12,CDKN1A,GPR20,ARHGEF9,RAMP2,SLC6A18,LRRC31,TRIM33,KRT31,PSAPL1,SH3D19,MFGE8,FABP3,MIER1,KRTAP3-3,IL10,TSKU,CORO6,HNF1A,WDR45B,SCRN2,CD4,RAPGEF6,KRT6A,MITF,TSPAN9,ABRACL,TENT5B,LCK,COL8A2,SYT13,TWSG1
GSE11961_FOLLICULAR_BCELL_VS_GERMINAL_CENTER_BCELL_DAY40_UP	GSE11961_FOLLICULAR_BCELL_VS_GERMINAL_CENTER_BCELL_DAY40_UP	0.0130915985540365	176	60	PTPN12,OVGP1,PRKAB1,MAD2L1BP,FAM204A,EPM2AIP1,GAMT,DCAF17,KRAS,VIM,NRBF2,RNASEL,MDM4,CHD9,MANSC1,TPP1,ABCG1,TMEM9B,DDHD1,FMO5,NUDT12,INSR,LANCL1,ICA1L,ELK4,SNAPC5,SLC25A36,KLRC3,CD72,ETFRF1,BAZ2B,ATP11B,KLHL24,AGA,PIK3IP1,INPP5K,ITGB2,SGSH,ARL4C,KCTD2,CLIP4,PREX1,GNAI2,ACOX1,CAMK2G,LTK,SNTB2,RETREG3,SPPL3,DAP,ADAMTS7,SELENBP1,TSPAN2,SOX4,SOCS2,GYS1,LCK,FRY,ZNF512B,GM2A
GSE10239_NAIVE_VS_KLRG1INT_EFF_CD8_TCELL_DN	GSE10239_NAIVE_VS_KLRG1INT_EFF_CD8_TCELL_DN	0.0135521292864889	191	64	ZFPM1,ZNF503,PLIN2,GTF3A,SKA3,ETFB,WEE1,MRPS22,CSRP2,PLK4,CMSS1,NXT1,RHBDF2,SLC1A4,FAM110A,PDCD5,RANBP1,RAD51C,E2F8,PALS2,RAD51,DHFR,MALSU1,CASP7,CIP2A,RPS19BP1,CHEK1,AKAP1,PLP2,AIMP2,NMNAT1,RAD54L,MAPRE2,EHD4,PDSS2,MBNL3,TNFRSF1B,EME1,LZIC,PRC1,HOXC4,RFC5,HASPIN,NEO1,SCCPDH,CENPP,SERPINB6,CCNA2,MRPL15,DIP2A,SNRNP40,FAM185A,TYMS,PPIL1,ZCCHC4,ZFAND4,PIF1,TEX30,ALYREF,KIF22,RFC2,PLSCR1,PIK3AP1,TACC3
GSE37532_WT_VS_PPARG_KO_VISCERAL_ADIPOSE_TISSUE_TREG_DN	GSE37532_WT_VS_PPARG_KO_VISCERAL_ADIPOSE_TISSUE_TREG_DN	0.021820643586107	184	61	ANKRD33B,PLS3,LAD1,ABCA1,ELL2,MAP4K4,RGS10,AREG,ZBTB8A,HIBADH,TAPBPL,PSMD2,IDI1,EIF2S3,HMGN3,RSPRY1,MPI,ANXA7,RHOC,AMOT,GCA,CPNE3,ADCY6,CD44,GNS,MAGT1,FSCN1,SWAP70,SSBP3,TUBB2A,LAPTM4B,MX2,NDRG2,SECISBP2L,CCNG2,RNF157,TNFRSF13C,PSMD11,PMEPA1,ARL5A,SYNPO,MYOM1,ANP32E,GLIPR2,PAFAH1B2,ANXA4,MYL6,CCL22,SERPINB9,SNX12,NPC2,YWHAZ,SRP9,LITAF,SLC1A2,LAMP2,CACUL1,EPSTI1,MYLK,CDH1,GLCE
GSE3982_CTRL_VS_LPS_1H_NEUTROPHIL_DN	GSE3982_CTRL_VS_LPS_1H_NEUTROPHIL_DN	0.0247949230990497	163	43	AKT2,FARP1,ELN,NAPA,ELL2,POLD4,SLC6A8,ATP5MC1,ASXL1,ZER1,KIF5A,TTC3,SLC9A1,ATP8B3,CSTF1,PI4K2A,PSME4,FZD4,ORAI2,NDUFV2,TCF25,TNNI1,SERINC3,TNFRSF9,ARPIN,MYOM1,OLFML3,ETNK2,IST1,ZNF778,FBXO31,SYNGR2,ITIH3,CSDC2,CELF1,PHAF1,TP53I11,LAMB3,SCN1B,PDGFRB,RGS9,ZNF512B,KRT81
GSE22601_DOUBLE_POSITIVE_VS_CD8_SINGLE_POSITIVE_THYMOCYTE_DN	GSE22601_DOUBLE_POSITIVE_VS_CD8_SINGLE_POSITIVE_THYMOCYTE_DN	0.0146650715993724	195	60	CRLS1,GOLIM4,PLIN2,POGLUT2,CSRP2,CDC6,BRCA1,PLK4,NAT10,ISOC1,CCT4,TPX2,LRRCC1,FKBP5,MSH6,DHFR,CASP7,GSTCD,EHMT2,MLLT3,NGLY1,NFIL3,PPP1R10,SLC25A1,MLF1,MPHOSPH9,CRIP1,CHD1L,TOP3A,GRK5,BORA,NEIL3,CHLSN,ZFP28,KMT5C,UBR7,SPDL1,ALDOA,MTHFD1L,POLR2H,RCC1,CCDC90B,NPM1,CCDC77,TNFSF4,DSN1,RTN3,UNC93B1,IRAK1BP1,LMNA,CD83,C12orf75,TBC1D31,SIN3B,DTNBP1,SRBD1,PFAS,CDIN1,DCAF4,YIF1A
GSE43863_NAIVE_VS_MEMORY_LY6C_INT_CXCR5POS_CD4_TCELL_D150_LCMV_DN	GSE43863_NAIVE_VS_MEMORY_LY6C_INT_CXCR5POS_CD4_TCELL_D150_LCMV_DN	0.0090180841152659	193	57	TMTC2,DNAJA1,YDJC,CEP83,TSPAN5,HSPD1,NOC3L,WDR3,THOP1,NAT10,MRPL34,MTFP1,C1orf122,NUDC,ZNF771,GIT1,NDUFAB1,MAP1S,EIF2B3,ACIN1,TRMT61A,NFIL3,PRPF3,CHERP,ZRSR2,SELENOS,ZNG1B,UBE2J2,LAS1L,ZCCHC9,RABL6,TRIM44,PDAP1,TYSND1,ORC2,ELAC2,APOO,ZNF213,DUSP10,SRM,DUS1L,TESK1,ECI1,NEO1,USPL1,NELFE,ALG9,SLC23A3,RPP30,ZZZ3,THOC6,TADA2A,CHAMP1,TOP1MT,TAF1A,FAM162A,DNPH1
GSE9239_CTRL_VS_TNF_INHIBITOR_TREATED_DC_UP	GSE9239_CTRL_VS_TNF_INHIBITOR_TREATED_DC_UP	0.0132583682691585	176	45	HMCES,NUCB1,RNASE6,ALDH7A1,FAM217B,RTCB,CHPF2,TRIP6,GALC,RHBDF1,CYP2E1,FAM114A1,TTC38,BET1L,SERPINF1,ADGRD1,TCF25,WTIP,EXOC6,NFATC4,NDRG2,CATSPER1,DUSP2,BDH2,MECP2,MYOF,TCEAL8,MFGE8,ITGA5,OAZ2,NBEAL2,APBB1,BMPR2,PORCN,NAGA,ANXA2,SEPTIN8,ITIH3,CISH,BEX4,SLC25A24,LSP1,PGGHG,TNFAIP2,CPXM1
GSE36888_UNTREATED_VS_IL2_TREATED_TCELL_17H_DN	GSE36888_UNTREATED_VS_IL2_TREATED_TCELL_17H_DN	0.0245684090792124	164	48	TRIP10,G0S2,ANKRD33B,BMAL2,DCUN1D3,NDP,SPACA6,GK5,ZC3H12A,STX1A,FNDC3B,ETV3,SH3PXD2B,SOCS1,S100A2,ACVR1B,AZIN1,MT1F,SGPP2,LIMK2,TUBB2A,ZNF207,TOM1,ALOX5AP,CYSTM1,WNT5A,TNFRSF9,CXCL6,ACP2,AK4,PLAUR,TP53INP2,SERPINA1,ICAM1,CKAP4,PI4K2B,DENND3,BTG3,CISH,CD59,LAMB3,RFTN1,SOCS2,ADM,SLC7A7,ATP13A3,NOL4L,ACKR3
GSE4590_SMALL_VS_LARGE_PRE_BCELL_UP	GSE4590_SMALL_VS_LARGE_PRE_BCELL_UP	0.0267940336809004	136	50	ARHGAP11A,GMPR2,RNF145,LIPC,POLM,GPR156,TSPAN15,MYB,PTPRJ,SLC66A1,CCDC134,COXFA4,RGS10,HPSE,KLHL7,TXN2,EPS15,PXDN,ATP6V0E1,MARCKS,CDH17,SESN3,DISC1,FBXL5,PTAFR,SLC15A3,SORBS2,GRAMD1B,CYBB,BAZ1A,ARFGEF2,TRAPPC1,DUSP6,HDHD5,LTK,PLA2G7,CUEDC1,MYOF,PTPN14,ACAP1,PDXK,SEMA4B,NRP2,SEMA7A,PADI2,TRPS1,CD24,ALPK2,SEMA5A,ACKR3
GSE17721_LPS_VS_GARDIQUIMOD_6H_BMDC_UP	GSE17721_LPS_VS_GARDIQUIMOD_6H_BMDC_UP	0.0317997310449191	182	55	ATAD1,BAIAP2,MAD2L1,DCBLD2,NAA80,MSI1,SETD7,TANC1,IL1RAP,GHITM,TSPYL1,EVA1A,ENG,STX5,ZBP1,PURA,PIM1,ANK3,ATP11B,RAB30,GNPDA2,CPNE3,FSCN1,MTHFR,B4GALT4,UBA7,PSME4,SUB1,SSBP3,NOTCH2,MAGED1,FAM3B,MX2,SECISBP2L,TLCD2,GTPBP2,SFT2D2,BRI3,MYBPH,CD164,TMEM219,TMOD3,COPS2,IST1,ICAM1,NTF3,UBE2W,RAB12,ITIH3,ITGAV,FKBP9,PDGFRB,LCK,REEP3,CYP24A1
GSE27786_NKTCELL_VS_MONO_MAC_UP	GSE27786_NKTCELL_VS_MONO_MAC_UP	0.0142918943702914	192	55	CDK8,CHORDC1,SPRY2,MANF,STIP1,TAP1,OSBPL5,THADA,CACYBP,CMSS1,STT3A,CDK13,ARHGDIA,LRIF1,ALKBH7,TCHP,NEMF,NGLY1,SF3A3,ACADVL,PRKCSH,EARS2,PDCD10,ARHGAP45,GMDS,CSTF2,HNRNPA3,BRD2,PRPSAP1,MRPS34,PLEKHF1,ZBTB7A,ITGB3BP,RAB10,FRA10AC1,NME7,IPO5,CCT6A,MTHFD1L,TAF4B,UBE3A,AKNA,NELFB,SACS,SYS1,RRP9,COX17,EPS8L1,ZBTB45,PFAS,PTGR3,ATPAF1,WRNIP1,IPO4,ARPC5L
GSE17721_PAM3CSK4_VS_GADIQUIMOD_8H_BMDC_UP	GSE17721_PAM3CSK4_VS_GADIQUIMOD_8H_BMDC_UP	0.0143879434275058	185	46	PCLO,SRXN1,ASCL2,CHORDC1,COMTD1,ANTKMT,MRPL41,GTF2F2,UBALD1,GPR155,MRPL52,PLEC,NXT1,NUDC,GGH,DNAJC2,TMEM184C,CLPP,RPF2,IFRD2,NOL12,PDCD2,PDIA6,HACD2,ATP13A2,CDHR1,RPS6KA4,ITGB1BP1,EHBP1,NOCT,EMILIN1,RPL14,NR4A1,ODR4,MTREX,KLF7,GSS,UPF1,EEF1AKMT1,RETREG1,TPRA1,FADS1,SEC24D,CEP95,SACS,MRRF
GSE40666_STAT1_KO_VS_STAT4_KO_CD8_TCELL_WITH_IFNA_STIM_90MIN_DN	GSE40666_STAT1_KO_VS_STAT4_KO_CD8_TCELL_WITH_IFNA_STIM_90MIN_DN	0.0309630902959986	127	28	FOSB,PPP1R15A,DIRAS2,JUN,TIPARP,EGR1,CPLX1,NR4A2,CSRNP1,IER3,CEP104,EGR2,PIM3,OTUD7A,SOX18,MYOCD,GPR183,SPAG11B,BHLHE40,CASKIN1,DIPK1B,DBH,ANGPTL4,POU2AF2,NTN3,NR4A1,SLC29A2,C1orf35
GSE15930_NAIVE_VS_72H_IN_VITRO_STIM_TRICHOSTATINA_CD8_TCELL_DN	GSE15930_NAIVE_VS_72H_IN_VITRO_STIM_TRICHOSTATINA_CD8_TCELL_DN	0.0144739542725142	192	75	IL2RA,GZMB,ID1,POU2AF1,RFC4,ETFB,MRPS22,CSRP2,RPN1,RIOX2,RNASEH2B,MZT2B,FKBP11,BRCA1,EZH2,MRPL18,MTX2,MKI67,GIT1,XPOT,GADD45G,MNS1,ENKD1,LMNB1,MLLT3,CHERP,PLP2,CARS1,AIMP2,PRIM2,MRPL2,NOCT,CKAP2,CKAP5,TIMM9,NDUFAF4,DHCR7,RCC1,RFC5,GFM1,SIVA1,HASPIN,DNMT1,MAEA,HK2,CINP,MRPL17,POLD2,TOP2A,BLMH,UCHL1,TAMM41,FAM162A,FDFT1,CTPS1,DDX1,DESI1,RFC2,FDPS,MOGS,TACC3,NFIX,NDUFS6,BUB1,ORC6,PREP,MCM2,RNH1,IRF8,CYP51A1,SKAP2,ENOPH1,INO80E,ACAD9,TGDS
GSE4142_NAIVE_BCELL_VS_PLASMA_CELL_DN	GSE4142_NAIVE_BCELL_VS_PLASMA_CELL_DN	0.0158158192330399	175	53	PPARG,ZFPM1,RCN1,EGR1,ATF3,MTA1,MLKL,CHCHD3,LSR,CFAP210,MAN1C1,DENND2D,IFT172,LRIF1,NEMF,ZNF341,PPWD1,MLLT3,NGLY1,RIOK1,TRIM68,DNAJC21,EGR4,EPHX1,STRBP,ARMC10,CCDC184,RAD51B,INSM1,CEPT1,HADH,CASS4,LHX2,CDK17,PMS1,IFIH1,EML5,MRPL1,POLD1,MTHFD1L,PLRG1,HJURP,SECTM1,PPIL3,TXNL1,CPT2,SLC23A3,ONECUT2,MUTYH,CYB5R2,CMTM8,QTMAN,TTC5
GSE22886_NAIVE_BCELL_VS_DC_DN	GSE22886_NAIVE_BCELL_VS_DC_DN	0.0125287821676012	190	43	GNS,VCP,DENND1B,RAP2A,BID,MTMR6,TRPV2,LRP12,KDELR1,SDHD,SLCO2B1,NEU1,PCCB,DPYD,PSMB5,GPX3,SIRPA,ATP6V1E1,DSE,SYNJ1,TNFSF13,PLEKHB2,PLA2G7,ETHE1,RIT1,TNFRSF1A,CD63,PLIN3,LEPROT,VAMP3,TREM2,SLC25A44,CD36,MITF,FLVCR2,FEZ2,RBM47,FCGRT,LAMP2,PLXND1,PLAU,GSN,GABARAPL1
GSE9650_NAIVE_VS_EXHAUSTED_CD8_TCELL_DN	GSE9650_NAIVE_VS_EXHAUSTED_CD8_TCELL_DN	0.0169592789548812	167	48	SASH1,FHL1,LRP10,HTR2C,LCN2,TJP1,CKMT2,TMEM150A,TNFSF10,CCRL2,GTF3C4,TBX15,SUB1,SPOCK2,TNNI1,UQCC5,AHNAK,YAP1,EFNB3,IKZF4,PRXL2A,TNFRSF9,S100A13,TNFRSF1A,VAMP5,TRPC1,F2R,XCR1,SEC14L1,TNKS1BP1,PRDM1,ENTPD7,EEA1,ID2,F2RL1,HMGA2,PRRC1,CCR5,MYO1F,MITF,LAMC1,BNIP2,CISH,LITAF,PHLDB2,MYRF,SYPL1,MMP14
GSE12392_CD8A_POS_VS_NEG_SPLEEN_DC_DN	GSE12392_CD8A_POS_VS_NEG_SPLEEN_DC_DN	0.0143879434275058	185	67	FKBP4,SMC4,TMEM106C,ATP10A,PLEC,CKS2,BRCA1,KIF4A,TRIM25,HIRIP3,MKI67,C16orf54,SLC43A2,RAD51C,INTS3,C19orf38,HES6,PKMYT1,E2F8,WDHD1,NRP1,CDT1,ERCC6L,PPP2R5A,DEAF1,POLD3,DYNLL1,PLP2,PRKCSH,TTLL12,DPP7,CDC25B,CEP152,TSPO,NELFA,SLC27A2,KMT5C,IRF7,SGO2,POLD1,MAST2,NSD2,ARHGAP22,TRIP13,IMPA2,ELMO2,DMWD,ARHGEF18,CDCA4,CENPE,SSBP2,SYS1,CENPP,TOP2A,KEAP1,HACD1,TPCN1,ACADL,CENPF,KIFC1,LMF2,HIP1R,PIF1,REPS1,KIF22,RFC2,PRIM1
GSE21360_NAIVE_VS_SECONDARY_MEMORY_CD8_TCELL_DN	GSE21360_NAIVE_VS_SECONDARY_MEMORY_CD8_TCELL_DN	0.037732704109518	155	52	SAMD8,C6orf62,ZYX,TTYH2,IGF1,S100A6,IL6ST,SEMA4D,MAP4K3,STMP1,SLC6A8,STOM,CDS2,ZBP1,GNS,ITPRID2,MOV10,MBNL2,MTHFR,NR1D2,STAT2,TRAFD1,APLP2,SLFN5,MX2,AHNAK,CD28,GPR162,CNOT6L,PTPRO,NIBAN2,BRI3,MYOF,RAB7B,TMEM245,VWF,RRAGC,PDP1,CD9,ANXA4,CPEB4,PDXK,ZNFX1,ARL8B,MYO1F,THEMIS2,SLC40A1,DNASE1L1,ATP6V1B2,MX1,FNIP1,GABARAPL1
GSE6259_FLT3L_INDUCED_DEC205_POS_DC_VS_CD4_TCELL_UP	GSE6259_FLT3L_INDUCED_DEC205_POS_DC_VS_CD4_TCELL_UP	0.0256911476794187	151	43	BTD,PPID,PTDSS1,ALDH3A2,SSB,TXNDC5,C16orf54,ST7L,FAF1,B3GALT6,TOR3A,SETDB2,AZI2,TMEM184C,NOM1,DYNC1I2,LRRFIP1,DYNLL1,NCL,TAOK3,STAG1,PKHD1,CPM,NSDHL,SYF2,TMEM175,ANKRD11,EHD4,PPP4R3B,PFDN2,LAS1L,PIGU,AP1M1,ZBTB7A,RFX3,TXNDC15,USP21,NME7,TMEM39A,INTS10,RETREG1,NELFB,GMEB1
GSE15271_CXCR4_POS_VS_NEG_GC_BCELL_UP	GSE15271_CXCR4_POS_VS_NEG_GC_BCELL_UP	0.0179903462288677	169	60	NOL7,PDXP,ANP32B,NSMF,HSPD1,PTMA,THNSL1,EZH2,MTX2,RPIA,NDUFS7,SLC16A10,INTS3,CHCHD4,HSPA4L,SMC2,DCAKD,POLD3,APBA3,ALG3,YBX3,NDUFAF2,MYC,TELO2,PRIM2,SNX9,TCF19,NOLC1,SERBP1,NDUFAF4,IPO5,RFC5,NPM1,OGFOD1,PIM2,DNMT1,GNL3,PPP1R11,NFE2L1,TXN,EIF2S1,TOP2A,TGS1,ST6GALNAC4,CILK1,ATPAF1,RMP64,MUS81,FAM162A,EIF4EBP1,PABPC4,SF3A1,ADK,METAP1,FANCG,WDR12,BCS1L,CASP2,UBIAD1,LDHA
GSE3982_EOSINOPHIL_VS_NKCELL_UP	GSE3982_EOSINOPHIL_VS_NKCELL_UP	0.0253812540092647	157	47	CMTM6,AREG,EEIG1,NAA60,ESRP2,EFNB2,HOXB6,DCUN1D2,CHMP3,ITPRID2,RBPJ,PPP6C,MTHFR,SWAP70,CBX2,TMEM127,UBE2H,FES,S100P,ORAI2,BTBD7,LIMK2,NOTCH2,ZNF281,SLC6A6,FAM131A,ITPKB,SEC14L1,TMEM248,DDX6,MTM1,SNN,SDCBP,MYL6,TTC9,CHP1,CKAP4,USP22,RHOBTB3,TEAD3,JAG1,LGR4,AHR,MSLN,ANPEP,TREML2,CAMK1D
GSE21774_CD62L_POS_CD56_DIM_VS_CD62L_NEG_CD56_DIM_NK_CELL_UP	GSE21774_CD62L_POS_CD56_DIM_VS_CD62L_NEG_CD56_DIM_NK_CELL_UP	0.019659599316469	175	53	ZFHX3,ELK3,PPM1K,CAMKK1,PANK2,FKBP7,MPND,CD72,VAV1,MMP2,INTS6L,MFNG,SORBS3,KLHL24,CPNE3,RNASE6,AKAP13,ACVR1B,PDE8A,ETV6,SESN3,PEAR1,TMEM98,NLRC3,ALOX5AP,HEXB,NCF2,CAMK2G,PCIF1,GDPD3,LPP,VILL,IFITM3,FBXO21,MYOM1,SRC,C9orf152,CORO1A,ASB4,ANXA4,CCNI,FSTL1,RASGRP2,TPD52,RASSF2,MAMDC2,EPSTI1,ITGA6,TRPS1,SLC35E3,STING1,VANGL2,MYO1G
GSE42021_CD24HI_VS_CD24INT_TREG_THYMUS_UP	GSE42021_CD24HI_VS_CD24INT_TREG_THYMUS_UP	0.0140199628585577	189	58	SLC25A11,PERP,IPO9,FAM171A1,MAVS,MXRA7,MYH10,GNB1,IGSF3,TRIO,DUSP14,GNG12,MTCH1,CENPS,PDGFC,GSK3B,TTC3,TYRO3,ARPC1A,CTDSPL,PXDN,PDLIM2,TMEM168,CBX5,USP34,FECH,GET1,FAM114A1,TMX4,CLIP4,PRKCA,AP1M2,EPB41L4B,AHNAK,PALLD,MYBL2,MAPK1IP1L,WSB2,HDHD5,GDE1,RAB40B,DIP2C,MAP3K9,PADI3,CDC42BPA,AQP3,COX7A2L,USP22,KIAA0232,CAP2,RASSF2,ARPP19,OLFML2A,SCARA3,FZD2,GYG2,UCP2,PRSS23
GSE32901_NAIVE_VS_TH17_NEG_CD4_TCELL_DN	GSE32901_NAIVE_VS_TH17_NEG_CD4_TCELL_DN	0.0355307762075991	85	30	CCDC112,HOXC5,POLQ,MKI67,TSC22D3,EXO1,TPX2,SLC38A4,CNTN4,CKAP2L,ADAMTS8,IFRD2,E2F7,RGS16,PLP2,ODC1,BFSP1,DTL,TWNK,DNASE1L2,TCF19,TRIP13,MYO1B,SRM,UBE2M,UNC93B1,CFAP184,CD83,CXXC5,FJX1
GSE23925_DARK_ZONE_VS_NAIVE_BCELL_DN	GSE23925_DARK_ZONE_VS_NAIVE_BCELL_DN	0.0224028684338326	170	33	FOSB,DUSP1,FOS,MEX3D,SLC3A2,EGR1,SLC39A3,NR4A2,SCAND1,TMEM243,CSRNP1,CBX4,TRIB1,F12,HSPA5,EGR2,ARID5A,PIM3,PWWP2B,SRFBP1,PLK3,NPTX2,NOL12,CCNL1,LYPD6,JUNB,DNAJB1,ZRSR2,MAPK8IP1,TNFAIP3,KBTBD2,ZFP36,CCDC86
GSE13485_DAY3_VS_DAY7_YF17D_VACCINE_PBMC_DN	GSE13485_DAY3_VS_DAY7_YF17D_VACCINE_PBMC_DN	0.0383668524011497	155	39	H2BC11,STOM,GBP1,RASAL2,ZBP1,SPOCD1,LY6E,CLIC6,TDRD7,MARCKS,RTCB,NEXN,DHX58,TNFSF10,STX1B,S1PR2,UBE2L6,SLFN5,MX2,ADAR,IFITM3,TNFRSF1A,ACP2,CCR5,ZNFX1,SMOX,SAMD4A,SERPING1,PI4K2B,IFITM2,MSLN,EPSTI1,IFITM1,MX1,AXL,JUP,SHISA5,CCR1,OLR1
GSE17186_NAIVE_VS_CD21HIGH_TRANSITIONAL_BCELL_CORD_BLOOD_UP	GSE17186_NAIVE_VS_CD21HIGH_TRANSITIONAL_BCELL_CORD_BLOOD_UP	0.0095906557011305	193	62	BTD,FKBP4,ARHGEF3,ATP5F1D,CMSS1,LTB,DNAJC9,RUVBL1,TUBA4A,C19orf38,TOR3A,TLR4,EIF2B2,MGST2,TCF3,TMEM223,POP7,MLLT3,ENPP1,RABAC1,KTN1,PDCD2,SP110,CARS1,GREB1,TTI2,AKT1S1,SLC7A6OS,POLR2J,METTL26,EARS2,C12orf57,ABITRAM,TAPT1,HADH,EXO5,CFAP96,C17orf58,TSPO,OXCT1,ZNF239,ACTR3B,CNOT10,SLC16A6,TCF12,YPEL3,MTIF3,TIGD2,ALDOA,PFDN6,POP4,PCID2,ICAM2,HACL1,RECQL5,GNL3,SYS1,MRGPRE,TUT1,SLC2A1,NOB1,PTCD3
GSE18893_TCONV_VS_TREG_24H_CULTURE_UP	GSE18893_TCONV_VS_TREG_24H_CULTURE_UP	0.0137586775764584	176	31	RASSF4,GRAMD1B,TAGLN2,AHNAK,GUCD1,ANXA6,BDH1,PLEKHB2,ITGB1,GLIPR2,ANXA2,PLAUR,SNN,TPD52,PDLIM1,ANXA1,CKAP4,NRP2,LIMA1,EMP3,CYTH3,LITAF,RAB3B,FCGRT,B4GALT1,ACP5,CAPG,TG,SLC29A4,TWSG1,KCNN4
GSE3982_NEUTROPHIL_VS_NKCELL_DN	GSE3982_NEUTROPHIL_VS_NKCELL_DN	0.0124977489904062	174	62	RRBP1,ARL2BP,IL2RA,RCN1,ARHGEF3,MRPL12,RIOX2,SSB,MRPL34,RPL13,HIRIP3,NHP2,RUVBL1,P2RX5,VIPAS39,PIGH,BAG2,PAN2,EIF2B3,MYBL1,TEDC2,DKK2,MLLT3,AKAP1,AIMP2,SMIM10L1,TNPO3,CHD1L,R3HDM1,ARMCX2,TRIM44,MAP3K4,BBS9,TCF12,MBD3,C1orf35,PCID2,ELF3,MRM2,DARS2,CDCA4,ATP13A1,NFU1,ZNF33B,FDX1,PPP1R7,CRYZ,MRPL40,CCNA2,MRPL17,LONRF3,BLMH,EIF3F,WDR7,GPS2,CSTPP1,FDFT1,RASSF1,NENF,POLR3C,IARS1,GFI1
GSE24634_TEFF_VS_TCONV_DAY3_IN_CULTURE_DN	GSE24634_TEFF_VS_TCONV_DAY3_IN_CULTURE_DN	0.0205966810366912	159	33	APLP2,SORT1,TCEAL1,GPR35,CYBB,MPP1,TKTL1,MX2,NCF2,C2,MYOF,MAGED2,KANK1,ACP2,GLB1L,VAMP3,SERPINA1,CCR5,NAGLU,H1-2,THEMIS2,SERPING1,DAB2,ITGB5,FCGRT,LTBP2,ADM,SLC7A7,ST3GAL1,ECM1,CCR1,ZNF185,ZNF652
GSE14415_ACT_TCONV_VS_ACT_NATURAL_TREG_UP	GSE14415_ACT_TCONV_VS_ACT_NATURAL_TREG_UP	0.0272770081179035	148	48	PELI1,HDAC7,ATP6V1D,ABCA1,INSR,TANC1,MAP4K4,RGS10,IL6ST,ADGRL1,ABCE1,PIK3R6,CD2AP,ADCY6,XKRX,STT3B,TFDP2,MTR,SLC6A19,KLF13,MX2,PIK3C2A,SH3PXD2A,ARFGAP1,SLC16A5,PLEKHA1,PMEPA1,SELENOP,ADGRL2,NAB2,AGFG1,PBX2,GGT5,SCRN2,SEMA4B,INPP4B,RAPGEF6,LDHB,LBH,AMOTL1,TSPAN32,TOM1L2,PLEKHG2,MCOLN3,ITGA6,TGFBR3,TGFBR1,TREML2
GSE3039_CD4_TCELL_VS_B1_BCELL_UP	GSE3039_CD4_TCELL_VS_B1_BCELL_UP	0.024456160346938	168	43	JUND,SULF2,ARL2BP,UBE2S,IL2RA,OLFM1,RTN1,TONSL,NUP107,PAQR4,RPN1,IGFBP4,RAB39A,HIC1,BAD,METRN,PIM3,LPL,WDHD1,PKP3,HR,DNAAF11,GDI2,COX10,NOP53,LEF1,PHKA1,EMD,BAZ1B,PDIA6,GGACT,CEP89,AKAP1,MPHOSPH9,C1orf21,CRIP1,P4HB,CREB3L2,ARRDC1,SMTN,ELOVL5,LTBP3,EPB41L3
GSE24210_CTRL_VS_IL35_TREATED_TCONV_CD4_TCELL_DN	GSE24210_CTRL_VS_IL35_TREATED_TCONV_CD4_TCELL_DN	0.0139643717909722	196	62	FBXL15,ZNF768,NQO1,RFC4,SQLE,CDC34,DBI,NAT10,MRPS26,DUT,NHP2,FAF1,EXO1,USP28,PIN1,DLL3,EIF5B,WDHD1,PGLS,TMEM51,CLPP,TRMT61A,IFRD2,BOP1,MNAT1,MTHFD1,PRIM2,LAS1L,GRPEL1,MBD3,CIAO2B,CPTP,NPM1,SRM,CASP4,TXNL1,CLUH,TRNT1,RBKS,FDX1,NELFE,CLNS1A,CTU2,NDUFB7,PCNA,BLMH,IDH3A,CNOT9,BZW2,COPS3,FDFT1,GATAD1,RAB7A,PUM3,PABPC4,MRPL22,CEP55,METTL13,YBX1,MRPL37,PRDX1,EIF3G
GSE2585_CTEC_VS_THYMIC_MACROPHAGE_UP	GSE2585_CTEC_VS_THYMIC_MACROPHAGE_UP	0.0224709201942871	171	47	ABHD17B,SLC30A9,SNAPC5,FKBP7,TMEM125,CD72,FKBP14,MYOM3,EIF4E3,PIGZ,DECR2,PSMD10,CCND2,BST1,ANKRD50,SESN3,TMEM45A,STAB1,AZIN2,SLC15A3,MAGED1,CRABP1,COX8A,GNAZ,CACNA1H,AGTRAP,CXCL6,GCNT2,RHOQ,SRGAP1,FSTL1,MYL6,MFSD2B,SMOX,PBXIP1,F13A1,VGLL3,PI4K2B,SAA2,SLC1A2,COL4A1,TNNC1,ST3GAL1,COL1A1,PLAT,FLNC,PRSS23
GSE13522_CTRL_VS_T_CRUZI_Y_STRAIN_INF_SKIN_IFNAR_KO_DN	GSE13522_CTRL_VS_T_CRUZI_Y_STRAIN_INF_SKIN_IFNAR_KO_DN	0.0199741462484825	175	43	FMNL3,ANG,BMP7,SP6,SLC35D1,LIX1L,ALAD,BID,SHE,UNC119,PEAR1,TRAM2,UBE2L6,PRNP,MX2,CD99L2,NCMAP,MTMR3,PLEKHB2,CUEDC1,MAGED2,CMTM3,OAZ2,ANGPTL2,SYNPO,SRC,NAGA,PBX2,ANXA4,RUNX2,ICAM1,IL1R2,SH3BGRL2,CD81,SUSD2,LITAF,STAT5A,CAPG,CTTN,AXL,STING1,WLS,GABARAPL1
GSE2770_TGFB_AND_IL4_VS_IL12_TREATED_ACT_CD4_TCELL_6H_DN	GSE2770_TGFB_AND_IL4_VS_IL12_TREATED_ACT_CD4_TCELL_6H_DN	0.0148380741664346	192	49	ZNF428,MEMO1,MTA1,BICDL1,SUPT3H,SIGMAR1,KLF16,MDC1,ZNF771,KLF11,HIRIP3,NHP2,DGAT2,SAP30,CCT4,FABP5,THOC7,CDC26,SAC3D1,PGLS,UBAC2,UTP20,KTN1,HACD2,CCDC107,FOXO3,AKT1S1,MID1IP1,TTLL12,NETO2,MESD,SAMD1,SSBP1,RPP25,NDOR1,ASCC2,TRIP13,EGLN3,ATF6B,MKRN2,HPF1,RPL24,CEBPG,MRPL40,METTL2B,MRPL15,MSL3,GNPAT,NDUFAF6
GSE9509_10MIN_VS_30MIN_LPS_STIM_IL10_KO_MACROPHAGE_DN	GSE9509_10MIN_VS_30MIN_LPS_STIM_IL10_KO_MACROPHAGE_DN	0.0383668524011497	155	41	FCMR,IDI1,PRKCH,AKAP12,APCDD1,RIMS3,LAPTM5,ACSS1,PXDN,HMCES,CKMT2,USP34,SLC35D1,SESN3,MPP1,TKTL1,ISG20,FAM43A,SPSB1,RYBP,GRHL3,ITGA5,TRPC1,ZCCHC10,PPFIBP1,CDK9,PLCG1,CEMIP2,EDEM1,TP53INP1,RAG1,TMPRSS2,EMP2,MDM2,MYLK,MTSS1,COL5A1,SOCS2,CD24,CAMK1D,LGR6
GSE11864_CSF1_PAM3CYS_VS_CSF1_IFNG_PAM3CYS_IN_MAC_DN	GSE11864_CSF1_PAM3CYS_VS_CSF1_IFNG_PAM3CYS_IN_MAC_DN	0.0315728893949153	150	40	CENPH,ATP6V0A1,SLC6A12,CENPN,BLOC1S6,ZDHHC20,SPPL2A,DENND1B,SMPD3,ZNF385A,KAT2B,WIPI2,ST3GAL5,ALAS1,GBP3,CAMK2G,CCDC69,PRXL2A,SNTB2,SFT2D2,ATP6V1A,TAGLN,PDP1,TCF7L2,SCRN1,MYO1C,VAMP5,CHST4,CLN8,SMIM14,MBNL1,UTRN,SELPLG,RUNX2,CDC42SE2,STARD4,MITF,CSF2RB,MALT1,TCN2
GSE18804_SPLEEN_MACROPHAGE_VS_BRAIN_TUMORAL_MACROPHAGE_DN	GSE18804_SPLEEN_MACROPHAGE_VS_BRAIN_TUMORAL_MACROPHAGE_DN	0.0164994759405297	181	43	HSPH1,HOXA9,SQLE,ETFB,RFT1,CACYBP,KHDRBS3,PCOLCE2,MDC1,TSC22D3,FABP5,NRCAM,GINS2,CTCF,FAM216A,DSCC1,CDT1,JPT2,PRPF3,IKBKB,TYW3,DNAJB1,TERF1,RIDA,CFDP1,ZNF165,BOLA1,SLC39A4,TERF2IP,ANKRD11,BICRAL,ZNF276,TSPO,MRPS34,PLPP5,ZNF239,MCM3,KRCC1,BACE1,RSL1D1,C2CD2,IER5,HOXC4
GSE16385_MONOCYTE_VS_12H_IFNG_TNF_TREATED_MACROPHAGE_UP	GSE16385_MONOCYTE_VS_12H_IFNG_TNF_TREATED_MACROPHAGE_UP	0.0211692138787849	188	48	RAB5IF,KLF2,FOS,BTD,MGAT2,SAFB,PPDPF,DNAJB11,EGR1,GTF2F2,SERP1,SHROOM1,EGR2,CLTA,HSP90AB1,NDUFAB1,ATP1B3,NT5C,ZDHHC23,DPH5,JUNB,SDF4,TLE3,PRR12,DDX27,RALA,KBTBD2,RBM22,C6orf141,UTP25,SLC38A12,ZFP36,BPGM,RPA2,DTL,EID3,PPP1R14B,UBR7,GRPEL1,NOLC1,LZIC,TMEM43,GALNT11,RETREG1,USP4,HOXA7,SMN1,SEC24D
GSE36826_NORMAL_VS_STAPH_AUREUS_INF_SKIN_DN	GSE36826_NORMAL_VS_STAPH_AUREUS_INF_SKIN_DN	0.0155036657714446	185	40	SDC3,SGPP1,UBA7,FECH,VAT1,OSBPL3,SLC8B1,TCEAL1,ALDH6A1,UBE2L6,CRTAP,JADE2,DAG1,GAS7,DGLUCY,SNTB2,PIK3R1,CASD1,UAP1L1,FOXRED2,MDH1,HS2ST1,RENBP,ANXA4,PBXIP1,F13A1,CD81,NRP2,QPRT,TMEM106B,APOE,CD59,ACP5,MTSS1,TXNRD3,PLAU,TIMP2,ECM1,GM2A,TSPAN14
GSE10239_KLRG1INT_VS_KLRG1HIGH_EFF_CD8_TCELL_UP	GSE10239_KLRG1INT_VS_KLRG1HIGH_EFF_CD8_TCELL_UP	0.0170956983983843	175	73	ZNF428,ANKRD37,GPX1,SLC7A5,RCCD1,CDKN2A,JOSD2,NHP2,LRP3,PDCD5,FABP5,PIN1,COL10A1,HOOK2,GINS2,RABEPK,TMEM132E,FAM216A,EIF2B2,MRPL11,PGP,RABL3,RPS19BP1,YBX3,WNT4,APLN,SURF6,SIAH2,NDUFAF2,ADCK5,TMEM216,DBH,PDSS2,BATF,TYSND1,ALDOA,ELAC2,ALG5,PIM2,SIVA1,ETV4,ALG9,ACSF3,MRPL17,NDUFAF6,HACD1,ESRP1,ZCCHC4,FAM162A,DNPH1,JAGN1,PABPC4,SENP3,POLR2D,MRPL22,FDPS,RIOX1,SLC25A19,KARS1,HS6ST1,ELP3,EIF3D,PPM1F,CYP51A1,DDX47,HSPBP1,RBM15B,GNAO1,TPD52L2,TIMM13,ACOT7,DHRS13,EIF2B5
GSE43863_TFH_VS_LY6C_INT_CXCR5POS_MEMORY_CD4_TCELL_UP	GSE43863_TFH_VS_LY6C_INT_CXCR5POS_MEMORY_CD4_TCELL_UP	0.016193066777007	162	40	USP32,BCL2L1,SOCS1,FAM178B,ERO1A,AEBP2,RAB8B,MX2,RNF157,GJC1,SEC24A,MYBL2,ADAR,TLE6,PMEPA1,PRXL2A,IFITM3,NGEF,BCAR3,MIB1,AGFG1,ASB13,REEP2,OTOG,EBI3,ARF4,SERPINB9,HSH2D,ICAM1,QPRT,SEMA7A,FLVCR2,DPEP1,IFI35,BST2,MDM2,MX1,KRT4,MOB1B,KRT71
GSE14000_UNSTIM_VS_16H_LPS_DC_UP	GSE14000_UNSTIM_VS_16H_LPS_DC_UP	0.0158152946470767	185	53	CHD9,ZMYM3,UQCRH,DGKH,ATXN1,EIF3K,VCL,BLCAP,SNX29,NDUFB1,PARVG,SUOX,ZBTB8A,TXN2,TTC3,ZCCHC24,CCNY,INPP5K,TRAPPC2L,CYB5R1,VPS37B,HAUS4,SLC26A2,AGO2,TMEM14C,ST13,NDUFB6,TMED10,EIF4EBP2,UQCC5,ZMAT3,GAS7,PLEKHG4,MAPK9,MOSPD1,TMEM245,PANK3,TRIB2,CTNNBIP1,FAM168B,HS2ST1,SPCS3,MBNL1,SLC25A44,USP22,QPRT,TSPAN32,TNFRSF10D,FOXJ2,FZD2,ATP2A3,TBL1XR1,RAB31
GSE43955_TH0_VS_TGFB_IL6_TH17_ACT_CD4_TCELL_10H_UP	GSE43955_TH0_VS_TGFB_IL6_TH17_ACT_CD4_TCELL_10H_UP	0.0224709201942871	171	33	PHF13,KRT36,C2CD3,MYL3,SOWAHA,HOXB7,CNOT6L,IREB2,DDX19B,NAB2,IL10,GLIPR2,RHOQ,RBMS2,NTF3,TSNAX,MAP3K12,TRAF5,SAA2,SLC16A1,MMP7,LITAF,DAB2,ITGB5,LAMP2,LCK,SERPINB1,CNN3,CDH1,TBL1XR1,TIMP3,CXCL14,KRT71
GSE37301_HEMATOPOIETIC_STEM_CELL_VS_RAG2_KO_NK_CELL_DN	GSE37301_HEMATOPOIETIC_STEM_CELL_VS_RAG2_KO_NK_CELL_DN	0.0210800803466637	159	43	FOSB,UBC,DUSP1,HSP90AA1,KLF6,DNAJA4,ATF3,ATP10A,IL18R1,PNP,HSPA1A,GGH,SLC35E4,ATP9A,CEBPB,HSP90AB1,THAP11,AGPAT2,CUL4A,NRP1,SIK1,PLK3,GPR183,ENPP1,CHST11,JUNB,DNAJB1,PLP2,TNFAIP3,CRIP1,MID1IP1,GLA,JMJD6,ARC,GADD45A,PLCB4,OSTF1,CDK6,MBNL3,PRKX,NR4A1,TUBA1A,RAP1GAP2
GSE37532_VISCERAL_ADIPOSE_TISSUE_VS_LN_DERIVED_TCONV_CD4_TCELL_UP	GSE37532_VISCERAL_ADIPOSE_TISSUE_VS_LN_DERIVED_TCONV_CD4_TCELL_UP	0.0490442654992891	82	22	CPT1A,PLIN2,B3GALNT1,CDKN2A,GLUL,ERMP1,MRPS5,SCN3B,TMTC1,SLC43A1,TANGO6,CDT1,GPR158,SDF4,SURF6,ODC1,P4HB,PRIM2,FOXN4,SLC27A2,HTATIP2,EIF1
GSE34205_HEALTHY_VS_FLU_INF_INFANT_PBMC_DN	GSE34205_HEALTHY_VS_FLU_INF_INFANT_PBMC_DN	0.0189450489982721	174	45	PSPC1,STX1A,CALM3,ZBP1,WDR26,TUBA1C,FXYD6,CENPN,LY6E,RBX1,KLHL18,MOV10,GRN,NEXN,TRIP6,DHX58,ERO1A,COX8A,MX2,ALAS1,C2,IFITM3,RAB1A,PLIN3,IL10,RNASE1,ARF4,ARL8A,H1-2,STARD4,XPNPEP1,SERPING1,BTG3,IFITM2,BAMBI,IFI35,SUMO3,TMEM167A,EPSTI1,IFITM1,NECTIN2,MX1,ADM,SHISA5,TCN2
GSE339_CD4POS_VS_CD8POS_DC_IN_CULTURE_UP	GSE339_CD4POS_VS_CD8POS_DC_IN_CULTURE_UP	0.0197441779123155	173	41	HSPH1,CHORDC1,FADD,ALDH1A3,HSP90AA1,TPGS1,TPP2,KLF4,ZBTB2,LTB,ABCB1,NUDC,MTX2,GGH,ANKH,FABP5,ANKRD28,GBE1,RMC1,MSH6,CLK1,IRS2,MAN1A1,PLA2G4A,ZNF638,SIAH2,ZRSR2,PDE6D,HSPA9,ABHD8,MVD,PIP4K2A,ST8SIA1,EML5,NDUFAF4,CHRNA1,FRAT1,ICAM2,HOXA4,TNFSF4,RTN3
GSE5142_HTERT_TRANSDUCED_VS_CTRL_CD8_TCELL_LATE_PASSAGE_CLONE_DN	GSE5142_HTERT_TRANSDUCED_VS_CTRL_CD8_TCELL_LATE_PASSAGE_CLONE_DN	0.0182849832607016	191	51	SLC25A35,TTYH2,WIPF2,SMAD4,TRIO,CDIP1,DENND11,TCTA,LNPEP,NDFIP2,TVP23B,RPS6KA2,PATL2,CDS2,BTBD19,RABGGTA,PEX5,ETV3,MINDY1,BAHD1,VWCE,RICTOR,SPPL2A,FLOT2,BET1L,SHOC2,TBC1D20,TUBB2A,PAQR7,SH3PXD2A,NBEAL1,WBP1L,PDE7A,GALNT9,MFGE8,RYBP,BACH1,ITPKB,HID1,LAPTM4A,MICALL1,H1-2,CDC42SE2,CELF1,RASSF2,KCTD10,UGCG,CAMK1D,FRMD6,TCN2,RRM2B
GSE40274_CTRL_VS_IRF4_TRANSDUCED_ACTIVATED_CD4_TCELL_DN	GSE40274_CTRL_VS_IRF4_TRANSDUCED_ACTIVATED_CD4_TCELL_DN	0.0264657568619113	150	41	AHSA1,UBC,FOS,KLF6,UBE2S,FKBP4,SLC3A2,KLF4,DOT1L,NXPH4,KLF11,TCP1,CCDC9,HSPA4L,SIK1,PLK3,PPP1R10,PSD,BHLHE40,EMD,RNF125,PTGS2,ODC1,MAFA,SLC49A4,ARRDC3,EIF2S2,MAP3K8,BATF,TBC1D30,FZD5,PRKX,MORF4L2,CCT6A,TAF4B,SLC25A38,PVR,CCT5,IRF2BP2,IRAK1BP1,YRDC
GSE2770_UNTREATED_VS_ACT_CD4_TCELL_6H_UP	GSE2770_UNTREATED_VS_ACT_CD4_TCELL_6H_UP	0.0145925269062213	176	46	RAB11A,PHACTR2,PDLIM2,VHL,SUSD1,GNPDA1,SMIM3,CLCN5,RTCB,CKB,ADGRE1,SLC15A3,CPT1C,APLP2,SSBP3,BORCS7,COX8A,LAT2,PREX1,MRPS16,TBC1D15,ALOX5AP,RNF138,ALDH2,SELENOP,DHRS1,BDH1,ABI1,BRI3,SSR1,WDFY1,S100A13,RRAGC,SEC14L1,PMEL,EBI3,CCR5,ANK2,ARL8B,EDEM1,SYNGR2,PCP4,PROCR,TG,PTGR1,TWSG1
GSE37301_HEMATOPOIETIC_STEM_CELL_VS_CD4_TCELL_UP	GSE37301_HEMATOPOIETIC_STEM_CELL_VS_CD4_TCELL_UP	0.0260793294825175	149	46	S100A6,XDH,SSH1,KLRC3,MMP9,ZBP1,CSF1R,LCN2,NF1,CCNF,BCL2L1,CD44,GNS,ITPRID2,GRN,PDE8A,ADGRE1,SLC66A3,DENND5B,PTAFR,TEP1,AGO2,SLC15A3,OSBPL3,RASSF4,NOTCH2,ECT2,PREX1,KLRC2,PHLPP2,MGST1,ANXA2,GDA,MBNL1,NUAK2,IL1R2,EDEM1,SEMA7A,CSF2RB,LY6S,RBM47,LITAF,PXN,SMPDL3B,ATP2A3,RAB31
GSE20715_0H_VS_48H_OZONE_TLR4_KO_LUNG_UP	GSE20715_0H_VS_48H_OZONE_TLR4_KO_LUNG_UP	0.0322890986061421	160	45	RPS3,TMEM9B,PEX16,PELI1,HDAC7,SLC2A3,ABCA1,ABTB1,CAVIN2,CAMKK1,HFE,PCMTD2,ADRA1B,LY6D,ADCY6,ATP8B3,MOV10,NXN,NR1D2,TEF,NTN4,TNFSF10,HLA-E,DOCK6,UBE2L6,CNP,C5orf24,MAGED2,FABP3,TSPAN17,DGKA,CIRBP,LMBR1L,CD36,TPST1,SEPTIN4,LAMB3,MTSS1,FZD6,LCK,SERPINB1,ATP2A3,GABARAPL1,TWSG1,UCP2
GSE2405_0H_VS_12H_A_PHAGOCYTOPHILUM_STIM_NEUTROPHIL_DN	GSE2405_0H_VS_12H_A_PHAGOCYTOPHILUM_STIM_NEUTROPHIL_DN	0.0265083933945125	168	67	PPM1L,CEP128,SLCO4A1,WEE1,ATP10A,TBL2,CMSS1,ZNF764,DUT,FIRRM,PIGH,TTF2,RPAP1,TPX2,LMNB2,SLC47A1,SCN1A,WDHD1,MNS1,TEDC1,CKAP2L,MCUB,PPP1R10,GEMIN8,HTRA3,SHQ1,ARVCF,ZC4H2,CLSPN,SAXO6,GNB1L,PRIM2,DCLRE1C,RCL1,BSN,TAF5,KNSTRN,ZNF239,CEP70,SGO2,REEP1,PRC1,TRIP13,SIVA1,TUBE1,CENPE,CENPP,MOAP1,LONRF3,TBC1D31,IFT56,SPC25,CDIN1,DNMT3B,PRKAR2B,MYO5C,ELP6,CCDC18,DESI1,PRIM1,BLM,PTDSS2,VASH1,ORC6,RGS12,PDCD2L,BRMS1L
GSE13547_WT_VS_ZFX_KO_BCELL_ANTI_IGM_STIM_2H_UP	GSE13547_WT_VS_ZFX_KO_BCELL_ANTI_IGM_STIM_2H_UP	0.0201018843458031	172	55	IL2RA,CEP83,MEMO1,WEE1,CDC6,COX5B,NOC3L,IL18R1,ITGA1,DBI,PLK4,KLF11,GGH,TCP1,EXO1,C1QBP,MIX23,E2F8,PALS2,RAD51,FKBP5,RPF2,ETFDH,UTP20,DPY19L1,COX10,THYN1,AKAP1,MCM10,PRELID1,DTL,MCM4,MCM3,EIF2A,MRPL1,IPO5,TRIP13,XPO1,HMGCS1,HMGN2,ACAA2,CENPP,CLNS1A,CINP,PA2G4,BLMH,DDX52,CDCA3,CNOT9,MRPS9,LTV1,RACGAP1,SNRPA,DDX1,ATR
GSE6269_HEALTHY_VS_FLU_INF_PBMC_DN	GSE6269_HEALTHY_VS_FLU_INF_PBMC_DN	0.0206099607130179	141	46	TPP1,EIF2AK2,ARHGEF11,ARNT,GRINA,ZYX,NAPA,HPSE,LARP1,GNAS,CALM3,NEK3,ATP6V0A1,FXYD6,PHACTR2,LY6E,NUCB1,MARCKS,GRN,STAB1,KDELR1,SSBP3,TAGLN2,MX2,GNAI2,ABCC6,LGALS9,C2,WBP2,IFITM3,SH3BGRL3,RENBP,SLC43A3,GPSM3,EMP3,SERPING1,FLVCR2,IFITM2,IFI35,AVL9,IFITM1,MX1,LSP1,ARF3,ADM,CNN3
GSE40274_FOXP3_VS_FOXP3_AND_SATB1_TRANSDUCED_ACTIVATED_CD4_TCELL_UP	GSE40274_FOXP3_VS_FOXP3_AND_SATB1_TRANSDUCED_ACTIVATED_CD4_TCELL_UP	0.0349953752969961	85	21	PHACTR2,DNAJC28,COQ10B,RASL11A,CBX2,TNS1,KLK13,PLLP,IGDCC4,NIBAN2,SYNPO,GPNMB,PPP1R1C,ID2,SLC40A1,SACK1E,CDH24,SEMA4G,OGFRL1,NEBL,SEMA5A
GSE41176_WT_VS_TAK1_KO_ANTI_IGM_STIM_BCELL_3H_UP	GSE41176_WT_VS_TAK1_KO_ANTI_IGM_STIM_BCELL_3H_UP	0.0322953952430616	153	29	FOSB,DUSP1,FOS,KDM4C,PPP1R15A,AUTS2,ADAM22,EGR1,CFD,REX1BD,ASPSCR1,SLX9,IER3,LTB,LRFN3,WDR18,ZNF703,FHIT,DNAAF11,POP7,ANKS3,PKHD1,INSM1,ZFP36,DSEL,RASD1,CEND1,SIGIRR,HMG20B
GSE40685_TREG_VS_FOXP3_KO_TREG_PRECURSOR_DN	GSE40685_TREG_VS_FOXP3_KO_TREG_PRECURSOR_DN	0.0343203552161355	158	41	FBXO6,SLC25A30,CSRNP2,GPR160,PHACTR2,ANKRD29,POLR2B,HAPLN3,BTN2A2,STAT2,FBXL5,TNFSF10,GRAMD1B,ORAI2,DPYD,JAK3,ST3GAL5,TMEM150B,CCDC69,SNTB2,IFITM3,PDE7A,OLFML3,RBM27,ZNF532,SERPINA1,ZNFX1,C5orf15,ALDH1A1,C1RL,SERPING1,CISH,IFITM2,DAZAP2,IFI35,EPSTI1,FZD2,PRR5L,C1S,MYO1G,TCN2
GSE36826_WT_VS_IL1R_KO_SKIN_STAPH_AUREUS_INF_DN	GSE36826_WT_VS_IL1R_KO_SKIN_STAPH_AUREUS_INF_DN	0.027377291235984	181	41	TDRD7,FSCN1,CKB,NINJ1,USP11,DHX58,CCSER2,HLA-E,SELENOW,LIMK2,TUBB2A,MX2,ADAR,APOL1,ABI1,ACP2,AK4,SYNPO,ETNK2,SEPTIN8,FSTL1,RBMS2,ICAM1,PTPN1,XPNPEP1,LAMC1,ATP2B4,IFITM2,SLC1A2,CD59,PLTP,STAT5A,RFTN1,IFITM1,NECTIN2,MX1,SCN1B,ECM1,TNFAIP2,CNTNAP1,PDE4B
GSE43955_1H_VS_60H_ACT_CD4_TCELL_UP	GSE43955_1H_VS_60H_ACT_CD4_TCELL_UP	0.0320315330962447	183	44	PCSK7,MTCH2,CD72,RABGGTA,ARPC1A,FEM1B,UBE2K,MAPRE1,TRAPPC2L,ELF4,PEX19,TRPV2,DKK3,TUBB2A,LAT2,PSMB5,HIPK3,ALAS1,PSMB4,RCAN1,IKBKE,CCN1,CMTM3,LCP1,NAB2,AGFG1,ITGA5,IL10,TOR1AIP2,ENTPD7,PLAUR,HNF1A,GREM1,PADI3,CCR5,TPMT,SELPLG,C5orf15,PLTP,GSN,SMAD3,BGN,CNN3,KCNN4
GSE18203_CTRL_VS_INTRATUMORAL_CPG_INJ_MC38_TUMOR_UP	GSE18203_CTRL_VS_INTRATUMORAL_CPG_INJ_MC38_TUMOR_UP	0.0286886284235483	169	48	PCNX1,ILRUN,PHF1,SLC6A8,MFNG,TTC3,SIDT2,ADCY6,SLC9A1,TMEM229B,VPS39,TRIP6,ARHGAP1,SYT12,ARL4C,TBC1D20,CORO2A,LYPLA2,CRYBG1,UCK1,TOM1,GUCD1,ALDH2,PKP2,C2,CAMK2G,SYNE4,TMPRSS4,SLC27A5,MIB1,SMPD1,SAR1A,GLB1L,C19orf12,ENPP4,GGT5,RASGRP2,SELPLG,TGIF2,EMP3,LDHB,EMP2,FOXA3,ACP5,MTSS1,TXNRD3,WLS,MUC5B
GSE1460_NAIVE_CD4_TCELL_ADULT_BLOOD_VS_THYMIC_STROMAL_CELL_DN	GSE1460_NAIVE_CD4_TCELL_ADULT_BLOOD_VS_THYMIC_STROMAL_CELL_DN	0.0223047786349929	178	52	SMAD4,STRAP,DENND5A,IMPA1,GNG12,RECK,CENPS,ERCC1,PIMREG,ABCE1,ZCCHC24,ARPC1A,CENPN,PDLIM2,SIDT2,HELZ,ZDHHC7,BID,LRP12,PTBP3,TAGLN2,COX8A,ECT2,COPZ2,CRTAP,APOOL,HAS2,WSB2,ALDH2,CXCL6,RAB1A,ARHGAP29,OLFML3,SEC14L1,NAGA,CYCS,PDLIM1,NUDT21,TPST1,BPNT2,TEAD3,COL6A2,MOB1A,JAG1,CD59,SLC25A24,OLFML2A,MYRF,IGFBP5,CNN3,LTBP1,GYG2
GSE12198_CTRL_VS_HIGH_IL2_STIM_NK_CELL_DN	GSE12198_CTRL_VS_HIGH_IL2_STIM_NK_CELL_DN	0.0149260667886825	176	40	CCND2,PDLIM2,CHMP3,FMNL3,CCNE1,PEX19,AZIN1,AGFG2,NOTCH2,NFATC4,TK1,MRPS16,PGPEP1,PMEPA1,IKZF4,NGEF,LDB1,F3,YAF2,VWA7,TSPAN17,STARD10,TP53INP2,GNG11,SLC25A17,PDLIM1,HKDC1,PRCP,DNMBP,MOB1A,FGD6,CISH,B4GALT1,CAPG,ATOSB,KCTD10,DKK1,TIMP2,CPXM1,C1S
GSE28737_FOLLICULAR_VS_MARGINAL_ZONE_BCELL_DN	GSE28737_FOLLICULAR_VS_MARGINAL_ZONE_BCELL_DN	0.0180531222252545	156	45	KCMF1,TAPBPL,HTR1B,DUSP4,NCOA2,ATP2B2,CACHD1,ETV3,ATP6V0A1,CCND2,CTDSPL2,BLOC1S6,BIRC2,SPPL2A,DENND1B,STAT2,CDKN1A,CD8B,CALB1,KAT2B,CES3,DPYD,MLPH,MID1,B3GNT3,APOOL,LIMS2,PSMB4,FGFR3,GRHL3,AK4,ZNFX1,ICAM1,EDEM1,SLC25A44,NET1,TMC8,PI4K2B,BTG3,LITAF,NHSL3,CAPG,TREML2,ALPK2,CXCL14
GSE40274_CTRL_VS_FOXP3_TRANSDUCED_ACTIVATED_CD4_TCELL_DN	GSE40274_CTRL_VS_FOXP3_TRANSDUCED_ACTIVATED_CD4_TCELL_DN	0.0233311798749555	177	29	ANXA6,FAM43A,RCAN1,H6PD,SERINC3,BACH1,TMOD3,SNN,MICALL1,RASGRP2,SELPLG,SEMA4B,LRIG2,CKAP4,CD81,PSAP,EMP3,ARID5B,BTG3,GAN,DSTYK,CAPG,FOXJ2,ADM,ST3GAL1,KDM5B,CNN3,GM2A,TCN2
GSE29618_BCELL_VS_MDC_DAY7_FLU_VACCINE_UP	GSE29618_BCELL_VS_MDC_DAY7_FLU_VACCINE_UP	0.0347245595363305	146	21	SYNPO,PIK3C2B,DDX6,NT5E,CEMIP2,RASGRP2,TTC9,AQP3,TPD52,PDLIM1,CD81,LAMC1,TRAF5,LBH,ARID5B,SYPL1,RUBCNL,CD24,ATP2A3,RNF141,PIP5K1B
GSE16266_CTRL_VS_LPS_STIM_MEF_UP	GSE16266_CTRL_VS_LPS_STIM_MEF_UP	0.0259021379534847	184	54	SPIN1,ELK3,GTF2IRD1,SSH1,ENG,STX6,MMP2,LPIN2,PLEKHA7,TYRO3,FMNL3,GAL3ST4,FURIN,SWAP70,ELF4,CCDC9B,PSME4,SMURF2,SKIL,RCC2,SLCO2B1,ZBTB4,LAT2,FHL3,GNA13,PMEPA1,SOCS6,WNT5A,CRACDL,RYBP,ITGA5,ITPKB,TSKU,PIK3C2B,BMPR2,SH3BP4,MAST3,ID2,LFNG,RUNX2,MYO1F,SEMA4B,MAP3K2,DENND3,ITGAV,HAVCR2,PLEKHO2,KCTD10,SLC7A7,REST,NOL4L,OLR1,TMEM52B,KCNN4
GSE17322_CD103_POS_VS_CD11B_HIGH_LUNG_DC_UP	GSE17322_CD103_POS_VS_CD11B_HIGH_LUNG_DC_UP	0.0150928367593234	176	55	AKT1,ENTPD4,ZMYM6,CTNNA1,SLC35B2,ZYX,SNX8,IL1RAP,CMTM6,HSPA13,CALM3,TMED5,RIMS3,PDLIM2,RBX1,MAGT1,RNASE6,RBPJ,CYB5R1,DHTKD1,EXOC8,TMED10,PTBP3,PHTF2,AHNAK,PLPP3,MAPK1IP1L,SOCS6,PLA2G7,EEIG2,KLHL22,SSR1,CRACDL,RYBP,SMIM14,GLIS2,SPCS3,ID2,GGT5,MYL6,UTRN,SYNGR2,STARD4,NPC2,FLVCR2,CSF2RB,TGFBR2,DAZAP2,SLC25A24,ACP5,SUMO3,GLMP,PRR13,ZFAND6,LSP1
GSE45365_HEALTHY_VS_MCMV_INFECTION_CD11B_DC_IFNAR_KO_UP	GSE45365_HEALTHY_VS_MCMV_INFECTION_CD11B_DC_IFNAR_KO_UP	0.0148538105560579	166	54	TTLL5,YDJC,ATF3,SFI1,MAMDC4,CAPN15,TPPP3,SOBP,SPOP,ZNF444,TCOF1,EGR2,EPHB6,RPAP1,CNNM3,CACTIN,SLC16A9,EPB41L4A,AFG2A,YJU2,EXD2,NOSIP,SOX12,SURF6,PINX1,PRR12,ARRDC2,TELO2,DSEL,ZSCAN12,CASS4,ZNF329,NSUN4,TYSND1,AMDHD1,HNRNPU,SLC35C1,KRI1,WIZ,IMMP2L,CYB5RL,ARHGEF18,CABIN1,MMAB,SF3B2,SARM1,TUT1,NR3C2,MAP3K14,PPIL2,DCAF4,SURF2,FAM24B,SAMD12
GSE6259_CD4_TCELL_VS_CD8_TCELL_DN	GSE6259_CD4_TCELL_VS_CD8_TCELL_DN	0.0341235575443555	153	51	KLF3,CRIPT,TGFBI,SFXN2,NR1H3,SCYL2,CTTNBP2NL,CPNE2,ATP6V1D,CASP8,IGF1,STX12,DBNL,STOM,CDS2,LPIN2,FBXO6,SLC27A1,PPP4R1,STAT2,FNIP2,BID,DHX58,TNFSF10,KAT2B,SREK1IP1,ATL3,CRYBG1,DSE,ADAR,SYNJ1,COPG2,GTPBP2,BCAR3,IQGAP2,IL10,NAGA,SNN,HSH2D,ICAM1,THEMIS2,TPD52,SNX12,F13A1,PRCP,IFI35,RFTN1,MDM2,REEP3,RAB31,MYO1G
GSE33425_CD161_INT_VS_NEG_CD8_TCELL_DN	GSE33425_CD161_INT_VS_NEG_CD8_TCELL_DN	0.0383378193942275	182	46	CCNG1,FICD,PSPC1,ANXA7,LY6D,EPS15,UBE2G1,GNS,PDE8A,FAM91A1,TEP1,ZNF385A,GGA2,AHNAK,GAS7,ARIH1,TULP4,PLEKHB2,VPS4B,MAN2A1,IREB2,ADAM10,MGST1,UBA3,ANXA2,CD9,RAB14,PLAUR,EEA1,IST1,RHOQ,STARD10,AP1G1,MTPN,INPPL1,CDC42SE2,ANXA1,PSAP,CLTC,NDST1,RNF11,SYPL1,ADM,SLC7A7,GLCE,RAB31
GSE411_WT_VS_SOCS3_KO_MACROPHAGE_IL6_STIM_100MIN_DN	GSE411_WT_VS_SOCS3_KO_MACROPHAGE_IL6_STIM_100MIN_DN	0.0173507140430015	185	37	CSTF1,PIK3IP1,ZDHHC7,ZNF563,TRAF6,MAPK3,EXOC8,SREK1IP1,MTURN,CLPTM1L,KLF13,IREB2,PDE7A,RIT1,SMPD1,PMEL,VWA7,BMPR2,SNN,RALBP1,PRRC1,NAGLU,HSH2D,STK16,SLC44A3,MAP3K2,TMEM106B,DSTYK,PPP1CC,STARD8,STING1,WLS,CNN3,FRMD6,TNS3,ZNF217,PIP5K1B
GSE40277_EOS_AND_LEF1_TRANSDUCED_VS_CTRL_CD4_TCELL_UP	GSE40277_EOS_AND_LEF1_TRANSDUCED_VS_CTRL_CD4_TCELL_UP	0.0275050535433784	187	39	SWAP70,SCARB2,LIX1L,N4BP2,HLA-E,PHTF2,CAVIN1,WIPI2,ALDH6A1,AP1M2,SH3BGRL,YPEL2,MTMR3,CALCOCO1,SELENOP,WBP2,PPM1B,HIF1A,BCL3,QKI,YAF2,C9orf152,ICAM1,EDEM1,MAPKAPK2,CDC42SE2,TP53INP1,LAMC1,CYTH3,STAT5A,ZFAND6,CRIM1,PGGHG,POC1B,TLE2,REEP3,VANGL2,IL2RB,PIP5K1B
GSE33162_HDAC3_KO_VS_HDAC3_KO_MACROPHAGE_DN	GSE33162_HDAC3_KO_VS_HDAC3_KO_MACROPHAGE_DN	0.0222064577608425	186	34	CNIH1,ZNF207,TRAPPC1,ARL5A,PLEKHB2,HIF1A,RHPN2,ANP32E,AK3,ZMPSTE24,PRDM1,ANXA2,RHOQ,SDCBP,PCLAF,ANXA4,ARPC5,TRAM1,RUNX2,SEMA4B,H1-2,NUDT21,ANXA1,CDC50A,TMED7,ABRACL,LIN7C,PLTP,RORA,PRR13,MYL9,ATP2A3,NUDT4,GABARAPL1
GSE18281_SUBCAPSULAR_VS_PERIMEDULLARY_CORTICAL_REGION_OF_THYMUS_UP	GSE18281_SUBCAPSULAR_VS_PERIMEDULLARY_CORTICAL_REGION_OF_THYMUS_UP	0.0235353681124448	178	56	PTPRS,SUOX,TPRG1L,ETV1,TRIO,ANKMY2,ADCY7,RECK,LANCL1,HIPK1,RAB6B,PRKCI,TIE1,HEXIM1,SCAMP1,MYO7A,SASH1,TTC3,FHL1,CHMP3,SIDT2,KIF1C,BTBD1,HELZ,SCARB2,MAPK3,UNC119,FAM8A1,MGLL,RIPOR1,NDRG2,NRF1,TNFRSF13C,FAM43A,RCAN1,ALDH2,SELENOP,PPM1B,SH3BGRL3,PCOLCE,MAST3,DAP,RALBP1,SERPINA1,SELENBP1,STARD4,EMP3,SEPTIN4,FBLN5,TSPAN9,DNASE1L1,PLEKHG2,FGFR1,MTSS1,PRKAG2,GM2A
GSE34515_CD16_NEG_VS_POS_MONOCYTE_UP	GSE34515_CD16_NEG_VS_POS_MONOCYTE_UP	0.0209916942655456	169	45	PCLO,IER5L,KLF4,OLFM1,DNAJB11,SLC1A5,ADAMTSL2,SIGMAR1,PTPRZ1,IER3,TRIB1,DUT,MCF2L,ANKH,HEBP2,PTPRN,SCN1A,FKBP5,ZNF703,IL17D,SSBP4,MAN1A1,IFRD2,NFIL3,SLC52A2,FAM20C,CCL24,AGPAT3,MCRIP2,NSDHL,AMBP,SLC27A3,RAB3IL1,MVD,OXCT1,RRP8,PPP1R14B,RAB10,AUH,FCHSD2,RECQL5,EYA2,CLUH,RRP9,EAF2
GSE7219_WT_VS_NIK_NFKB2_KO_LPS_AND_ANTI_CD40_STIM_DC_DN	GSE7219_WT_VS_NIK_NFKB2_KO_LPS_AND_ANTI_CD40_STIM_DC_DN	0.0214514840046171	167	42	ERN1,BMP4,IFNAR1,SEMA3E,RIMS3,FASTKD3,AGA,HAAO,MOV10,INPP5K,TEP1,FAM222B,HLA-E,OSBPL3,SLCO2B1,FRZB,PHF13,SH3PXD2A,KCNE3,PIK3R5,IGIP,GNGT2,IGDCC4,ELMO3,CMTM3,LFNG,RO60,HPN,CTSS,SLC43A3,RUNX2,TSPAN2,ITGB5,ACP5,BST2,LSP1,SOX4,SOCS2,ATP13A3,JUP,SGPL1,RAB31
GSE2770_TGFB_AND_IL4_VS_IL12_TREATED_ACT_CD4_TCELL_6H_UP	GSE2770_TGFB_AND_IL4_VS_IL12_TREATED_ACT_CD4_TCELL_6H_UP	0.0228107059178437	186	54	RGS10,ZC3H11A,SNRK,MAN2B1,IL6ST,EEIG1,DIP2B,STX5,LBR,UGDH,ZBP1,IFI27L2,FOSL2,WDR26,LRP10,BAZ2B,RASGRP1,SIDT2,SLC39A1,AAK1,SOCS1,PABIR1,XKRX,AKAP13,INPP5K,PHKG2,PSME4,FLOT2,UROD,ARL6IP5,ATXN1L,GPR162,PAG1,ACAP1,LGALS7,TRIB2,F2R,SYNPO,PLCG1,TUBB2B,SDCBP,HYCC2,CTSS,ACTR1A,GPSM3,NPC2,NAPG,PLEKHG2,LAMB3,IFI35,ARHGAP30,EPSTI1,ECM1,PDE4B
GSE26030_UNSTIM_VS_RESTIM_TH1_DAY5_POST_POLARIZATION_UP	GSE26030_UNSTIM_VS_RESTIM_TH1_DAY5_POST_POLARIZATION_UP	0.0275050535433784	187	41	DNAJC28,ZDHHC20,AAK1,PJA2,STT3B,RAP2A,ANO6,TSPAN13,PEAR1,UBE2H,FAM8A1,PGAP1,MTURN,NLRC3,SH3PXD2A,AHNAK,KLF12,SNX33,GJC1,ZMAT3,GUCD1,PLPP3,SLC36A4,HEXB,PXDC1,H3-5,PFN2,ADAM10,RAB11FIP5,SMARCA1,TAF9B,ARL8A,H1-2,CKAP4,DNASE1L1,SLC25A24,MTSS1,PRKAG2,FRY,RAB31,TNS3
GSE1925_CTRL_VS_IFNG_PRIMED_MACROPHAGE_UP	GSE1925_CTRL_VS_IFNG_PRIMED_MACROPHAGE_UP	0.0260793294825175	171	57	ATXN1,MYO10,KLF3,AFF1,SUCLG2,HDAC7,CDC42EP4,SYNGR1,DENND5A,TSPYL1,MTCH1,HAT1,ELK3,COL15A1,NAA40,SEMA3E,SDC1,PITPNB,CCNF,CHMP3,BCL2L1,STAR,ANAPC5,TNFRSF21,NXN,CHIC1,RAB3D,ADGRE1,MTR,RAMP2,SMOC1,FES,CAVIN1,SYT6,FAM3B,PPP2R1A,HAPSTR1,IL12RB2,DOCK5,MAPK9,MTMR10,AGTRAP,ACP2,PPP6R3,RENBP,ANXA2,TPMT,RASGRP2,H1-2,EDEM1,SYNGR2,S100A14,PADI2,CAPN5,CTTN,AXL,SMAD3
GSE2197_IMMUNOSUPPRESSIVE_DNA_VS_UNTREATED_IN_DC_UP	GSE2197_IMMUNOSUPPRESSIVE_DNA_VS_UNTREATED_IN_DC_UP	0.029744166487051	172	27	H3-5,SPSB1,COX15,TMPO,MOB3C,MORF4L1,PAFAH1B1,PEX13,ARB2A,TXNDC9,ENPP4,TMEM248,SNN,CEMIP2,YTHDF1,ANXA4,ICAM1,SMOX,SERPING1,PCP4,FEZ2,GRAMD2B,NECTIN4,ANPEP,TNFAIP2,OLR1,PDE4B
GSE40685_NAIVE_CD4_TCELL_VS_FOXP3_KO_TREG_PRECURSOR_DN	GSE40685_NAIVE_CD4_TCELL_VS_FOXP3_KO_TREG_PRECURSOR_DN	0.0340250783848797	150	37	ALLC,CALM3,APCDD1,MINDY1,INTS5,ZDHHC7,MELTF,TMEM14C,ATP5F1A,SERPINB5,TMEM98,HYAL1,DDR2,NRF1,RPS28,TBC1D8,PLEKHB2,ITGB1,TNFRSF9,DNAI3,GDA,GPC3,ITGA3,SLC25A17,LRP1,SPARC,MMP11,CKAP4,PODXL,TPST1,TMPRSS2,COL6A2,PLXND1,JUP,VLDLR,PIP5K1B,PRSS23
GSE3982_NEUTROPHIL_VS_NKCELL_UP	GSE3982_NEUTROPHIL_VS_NKCELL_UP	0.0300622828984893	172	43	MMP9,WDR26,LRP10,EXT1,MARCKS,PPP4R1,PPP6C,VPS37B,BID,FBXL5,NDUFB6,S100P,LIMK2,AATK,VCPIP1,MTMR3,SLC6A6,PCIF1,DGLUCY,SERINC3,ADAM10,FAM131A,BACH1,PLIN3,YIPF6,SEC14L1,CD9,CAPZA1,SDCBP,ARPC5,SLC25A44,CKAP4,ACTR3,PSAP,KYAT3,DENND3,ATP6V1B2,DAZAP2,OGFRL1,ANPEP,CCR1,CAMK1D,RNF141
GSE37534_UNTREATED_VS_ROSIGLITAZONE_TREATED_CD4_TCELL_PPARG1_AND_FOXP3_TRASDUCED_UP	GSE37534_UNTREATED_VS_ROSIGLITAZONE_TREATED_CD4_TCELL_PPARG1_AND_FOXP3_TRASDUCED_UP	0.0238430156308961	178	48	DOCK9,DOP1A,ARNT2,YTHDC2,BAZ2B,MCAM,FXYD6,MACF1,HMCES,SORBS1,CKB,ZNF212,MT1F,SORBS2,PPP1R14D,SLC16A5,MYBL2,PTBP2,TULP4,INAVA,MECP2,IRGQ,CSPG4,ADGRF5,DENND1C,FXN,ASB13,NBEAL2,CLN8,HSD17B14,PBX2,HPN,GPC3,SCD5,LRIG2,NTF3,LRP1,VGLL3,RASSF2,CLCNKB,EFNA4,PPP1CB,TRPS1,TGFBR3,TGFB2,FBLN1,TCN2,OLR1
GSE21380_NON_TFH_VS_TFH_CD4_TCELL_UP	GSE21380_NON_TFH_VS_TFH_CD4_TCELL_UP	0.0260793294825175	171	63	PAK1,DOCK1,CD37,P3H3,MED13L,PLCXD2,FILIP1L,C1R,DOCK8,ACOT11,TGFBI,EFCAB14,CDK14,ANO10,FKBP1B,B4GALT5,APOBR,SALL2,ITIH5,ABHD17B,RECK,CAMKK1,MPND,TXNIP,MGAT5,SEPTIN10,TMCC2,BAZ2B,CTDSPL,PXDN,RNASE6,NXN,PDE8A,MTHFR,INPP5K,SWAP70,ANO6,VSIG2,UBASH3B,WTIP,LPP,IFITM3,FBXO21,IQGAP2,RND2,MYOM1,CORO1A,ANXA2,MAST3,ANXA4,FSTL1,WDR45B,RRAS,RASGRP2,TPD52,MITF,PADI2,MAMDC2,ARHGAP31,LSP1,STING1,FRMD6,PDE4B
GSE43955_TH0_VS_TGFB_IL6_TH17_ACT_CD4_TCELL_60H_DN	GSE43955_TH0_VS_TGFB_IL6_TH17_ACT_CD4_TCELL_60H_DN	0.0240635666595434	165	37	ANK3,KRTAP19-5,ARID3A,CCT6B,DLG4,BMPR1B,LAMB2,TBX15,KDELR1,SLC6A18,NOTCH2,FN1,AATK,S100A16,H6PD,GLIPR2,MYL6,CCR5,SEMA4B,RFC3,ATP6V1H,COL6A2,APOE,ZYG11B,HNRNPH2,CAPN5,LTBP2,ENC1,CXADR,CDH11,TXNRD3,CTTN,MX1,KRT17,FZD2,FRMD6,HNF4A
GSE43863_DAY6_EFF_VS_DAY150_MEM_TFH_CD4_TCELL_UP	GSE43863_DAY6_EFF_VS_DAY150_MEM_TFH_CD4_TCELL_UP	0.0236322232071922	177	48	WDR26,LEMD3,ATP6V0A1,LAPTM5,MARCKS,RBPJ,SDC3,NKAIN4,FOXN2,VPS37B,DHX58,CCRL2,OSBPL3,RAMP2,BEX3,UBE2L6,ST3GAL5,LAT2,ISG20,MX2,CD28,TBC1D15,GUCD1,SEC24A,ADAR,MAPK1IP1L,FAM43A,H3-5,PMEPA1,GTPBP2,PRXL2A,FIBCD1,HIF1A,ACAP1,BACH1,TUBB2B,RHOQ,TP53INP2,ZNFX1,ATP6V0D1,ALDH1A1,STARD4,LITAF,IFI35,AHR,SAA1,PPP1CB,SMAD3
GSE39556_CD8A_DC_VS_NK_CELL_MOUSE_3H_POST_POLYIC_INJ_UP	GSE39556_CD8A_DC_VS_NK_CELL_MOUSE_3H_POST_POLYIC_INJ_UP	0.0250827651298357	188	82	UBE2S,H2AX,ABHD3,RFC4,SMC4,TMEM106C,CDC6,POLA1,CKS2,BRCA1,PLK4,GGH,EXO1,TPX2,PKMYT1,PARP2,DHFR,TJP2,POP7,FOXM1,NEMP1,RBBP8,CHEK1,CEP131,STIL,STK3,MTHFD1,GTSE1,PRIM2,HADH,PRPSAP1,TAF5,SLC27A2,TRIP13,IFT25,RFC5,XRCC2,DTYMK,CENPE,KIF14,NDC80,TXN,CCNA2,GPSM2,TOP2A,MPHOSPH6,TBC1D31,HMMR,PAK4,SMC3,ATP1A3,PRKAR2B,ERI2,KIF22,NEDD4,PRIM1,BLM,TCIRG1,BUB1,DLGAP5,FANCG,CENPA,NRGN,EFCAB11,CHAF1A,GMPS,ACAT2,MACIR,NEK2,CKS1B,TTK,ACOT7,CDC45,STAU2,MELK,KNTC1,ZWINT,LAGE3,CCNB2,GNAQ,RRM2,SLBP
GSE24142_DN2_VS_DN3_THYMOCYTE_FETAL_UP	GSE24142_DN2_VS_DN3_THYMOCYTE_FETAL_UP	0.0275852196380272	173	33	RIPOR1,EPB41L4B,ALOX5AP,PSMD11,TMT1A,IGDCC4,PPIC,SNX18,IQGAP2,BCL3,F2R,GLIS2,NLGN2,SYNCRIP,CD9,HMGA2,THEMIS2,MAPKAPK2,ANXA1,CKAP4,PODXL,BEX4,SLC25A24,TUBB4A,SYPL1,OGFRL1,PRKAG2,GYS1,SERPINB1,LIN28A,TLE1,RAB31,HNF4A
GSE17721_CPG_VS_GARDIQUIMOD_4H_BMDC_DN	GSE17721_CPG_VS_GARDIQUIMOD_4H_BMDC_DN	0.0203601526671624	190	55	DPP4,SRXN1,ENDOG,NUDT3,H2AX,MGAT2,PFKFB3,MEPCE,LRRK1,PKNOX1,EPN1,CDC34,TXNDC5,RNF6,TRIB1,MNT,PLPP1,TSC22D3,ERMP1,CCT4,HGS,INTS3,PIM3,FAM216A,ZDHHC9,RSRC1,NFE2L2,PDLIM7,UBP1,CEBPZ,CD300A,SELENOS,SF3A2,POLR3D,SAMD4B,REEP1,TNIP2,HACL1,MIDN,PIGA,KLF15,SEC24D,SGMS1,TSC2,SVIL,IL17RA,SLC2A1,SPATA13,DONSON,WAS,UAP1,ZNF644,CALR,INPP5D,MPHOSPH6
GSE14000_4H_VS_16H_LPS_DC_DN	GSE14000_4H_VS_16H_LPS_DC_DN	0.0223533543912006	189	68	H2AX,USP48,SUGT1,PKNOX1,RNASEH2B,KAT6B,NXT1,PABPN1,HEXD,DNAJC9,EPDR1,GGH,POLRMT,THAP11,CBX1,SETDB2,GLT8D1,TFCP2,REPIN1,TMEM184C,JPT2,TEDC1,NUB1,CIP2A,NFIL3,APBA3,TTI2,MRPL46,TRADD,CCDC137,MRPL45,ZNF630,CSTF2,RPA2,POT1,NELFA,C9orf78,HSD17B7,NSUN5,MPV17L2,CCDC77,CYP27B1,MKRN2,FEN1,ZNF33B,SUPT16H,SIMC1,MOAP1,ORC3,PTCD1,VMA12,BTN3A1,YARS2,QTMAN,RSAD1,PTGR3,RASSF1,BTN3A2,SNAPC3,ABHD15,POLR2D,ZDHHC13,RALGAPA2,LIN52,LHFPL2,SNUPN,ZNF142,TMEM187
GSE23505_UNTREATED_VS_4DAY_IL6_IL1_TREATED_CD4_TCELL_DN	GSE23505_UNTREATED_VS_4DAY_IL6_IL1_TREATED_CD4_TCELL_DN	0.0281500858507869	157	43	NDP,ITIH5,GTF2IRD1,CTNNB1,S100A5,TUBG2,POLR1B,CD2AP,ATP11B,NF1,KLHL24,BLOC1S6,BST1,BIRC2,UBE2K,CDKN1A,CCSER2,IGF1R,PIAS2,SERPINB5,ESRRB,CRTAP,HAS2,PFN2,DCLK1,PPM1B,KCND3,MFGE8,CHST4,GDA,MICAL2,SERPINA1,GBA1,LIMCH1,CLDN19,ANXA1,CYTH3,CSF2RB,SUSD2,SELENOF,CDH11,OGFRL1,SLC6A20
GSE3982_EFF_MEMORY_CD4_TCELL_VS_TH2_UP	GSE3982_EFF_MEMORY_CD4_TCELL_VS_TH2_UP	0.0366777784952116	160	40	STOM,PCSK7,MMP2,LPIN2,MACF1,RASGRP1,APLP1,CD44,NR1D2,CYB5R1,PSME4,GPR17,DOCK6,ULK4,SGSM2,CORO2A,DDHD2,GRPR,SLC16A5,CACNA1H,PTPRU,INAVA,DCLK1,AKR1C3,RAB27B,PMEL,ENPP4,ZNF532,AQP3,PBXIP1,ANXA1,LUZP1,GDPD5,PROCR,CLIC5,COL13A1,PLXND1,KRT20,MALT1,CNTNAP1
GSE5542_UNTREATED_VS_IFNA_TREATED_EPITHELIAL_CELLS_24H_UP	GSE5542_UNTREATED_VS_IFNA_TREATED_EPITHELIAL_CELLS_24H_UP	0.0188892775366064	189	55	CAMK2N1,AKT1,LIMK1,ZNF821,CTNNA1,RNF19A,NABP1,GNB1,BMPR1A,SFXN3,IDI1,RIPK3,PHF12,LPIN2,FOSL2,EPS15,OGDH,LRP10,NF1,PHACTR2,PPP4R1,ZDHHC7,PI4K2A,CMIP,CCRL2,FAM199X,AGFG2,KATNAL1,SNX24,AHNAK,SNX33,DUSP2,SLC6A6,CDK2AP1,SPN,WDFY1,F2R,GLIPR2,ARHGEF12,ZNF532,MICAL2,MYO1F,MAPKAPK2,TP53INP1,CACNB1,FLVCR2,ATP2B4,ATOSB,CACNB3,CLSTN3,ARF3,PIAS3,ATP2A3,GABARAPL1,PDE4B
GSE17721_CTRL_VS_PAM3CSK4_4H_BMDC_DN	GSE17721_CTRL_VS_PAM3CSK4_4H_BMDC_DN	0.0316528654079408	172	35	LMO4,DPPA2,KLF5,PHTF2,GNA13,CACNA1H,CYSTM1,GDE1,SNTB2,WNT5A,NR5A2,CCN1,PAFAH1B1,TTC39C,FABP3,EBI3,ID2,ARPC5,MTPN,NET1,STARD4,MAP3K12,BTF3L4,MOB1A,IFITM2,BEX4,STAT5A,CAV2,AHR,GLMP,PPP1CB,MYL9,TLE2,FRMD6,OLR1
GSE360_L_DONOVANI_VS_T_GONDII_MAC_DN	GSE360_L_DONOVANI_VS_T_GONDII_MAC_DN	0.0182317786325143	184	49	AATF,IL15RA,FADD,CPT1A,SAFB,RFC4,MRPL12,IGFBP4,NCK2,TOMM34,EZH2,MCF2L,DNAJC9,NHP2,MEN1,TFAP4,CCT4,HGS,NAP1L4,SAC3D1,SLC43A1,CASP7,SPINT2,HPCAL1,TCF3,FAM3A,LRRFIP1,ADRM1,ALG3,SEL1L3,HSF1,CHERP,ZPR1,STAG1,ODC1,AIMP2,PIEZO1,TELO2,NFYC,SCARB1,RALY,IRF7,SCAP,RIN1,SGTA,ARHGAP22,PSMG1,POLR2H,RCC1
GSE24634_IL4_VS_CTRL_TREATED_NAIVE_CD4_TCELL_DAY3_DN	GSE24634_IL4_VS_CTRL_TREATED_NAIVE_CD4_TCELL_DAY3_DN	0.0287653822150822	157	35	UBA7,DHX58,TNFSF10,LIMK2,SPOCK2,UBE2L6,CYBB,PSMB10,TKTL1,LAT2,MX2,ALOX5AP,DUSP6,ALDH2,APOL1,CCDC69,IFITM3,KANK1,CHI3L1,GPR161,VAMP5,DCPH1,SERPINA1,GNG11,RASGRP2,HDDC2,CKAP4,SERPING1,MVP,IFITM2,STAT5A,IFITM1,ADM,PGGHG,ACKR3
GSE19772_CTRL_VS_HCMV_INF_MONOCYTES_DN	GSE19772_CTRL_VS_HCMV_INF_MONOCYTES_DN	0.0308624990416372	138	41	ZBED3,CAVIN2,TM2D3,VMP1,LNPEP,MTA3,GREB1L,ALLC,MAGEF1,DECR2,FBXO42,LLGL2,CTDSPL2,GNS,CBX5,C22orf23,ZDHHC7,LIX1L,FBXO10,ARL6IP5,PSG4,DYNLT3,CYBB,PUM1,SH3BGRL,ADAM33,DNAJB14,SGK2,CTNNBIP1,CORO6,GLIS2,LAPTM4A,SEPTIN8,SLC22A17,SPARC,LDAF1,ASAP3,TMEM106B,PSD2,RBM3,TWSG1
GSE37534_PIOGLITAZONE_VS_ROSIGLITAZONE_TREATED_CD4_TCELL_PPARG1_FOXP3_TRANSDUCED_DN	GSE37534_PIOGLITAZONE_VS_ROSIGLITAZONE_TREATED_CD4_TCELL_PPARG1_FOXP3_TRANSDUCED_DN	0.0330385554403272	132	36	PCGF3,INO80D,EXT1,CPNE3,TMEM168,GNG7,PJA2,CRKL,DCUN1D1,TAF13,AP1M2,NPTN,TKTL1,APOOL,GNA13,LPP,PTPRO,TNFRSF1A,TRPC1,ASB13,ETNK2,NLGN2,TUBB2B,SDCBP,PDP2,MACC1,ANK2,ARF4,CSF2RB,HNRNPH2,COL4A1,EPSTI1,CLSTN3,MALT1,FRY,STAT6
GSE3982_BCELL_VS_NKCELL_UP	GSE3982_BCELL_VS_NKCELL_UP	0.0247010029357957	165	46	BACE2,LARP1,BAIAP3,NFATC1,CBR3,CD72,ASXL1,HMBS,ADO,RASGRP3,MARCKS,ATP8B3,HPS5,CLDN7,PPP6C,SWAP70,RPL15,HDAC3,FBXO41,GFOD2,ATP5F1A,ITM2C,CCDC6,GTF2A1,ISG20,NAXD,DSE,G3BP1,MIEF1,IRGQ,EBI3,LAPTM4A,NT5E,TTC9,AQP3,CIRBP,PDLIM1,LAMC1,DMAC2L,LDHB,GAB2,MX1,RUBCNL,TNS3,PDE4B,PIP5K1B
GSE14026_TH1_VS_TH17_UP	GSE14026_TH1_VS_TH17_UP	0.0246061981404775	149	39	PCBP1,CRLS1,SPNS3,SLC7A5,CBLN1,GRIP2,ZNF777,HSPD1,KLF16,PCOLCE2,HIRIP3,LRP3,P2RX5,VSNL1,B3GALT6,CACTIN,SRPRB,PPP4R3A,HEMK2,ADRM1,SLC30A5,SSTR1,MCRIP2,GMEB2,DLL1,DNASE1,FBXO27,SF3A2,APC2,DPYSL5,NOL4,SRM,CYB5RL,PDCD7,OPRD1,ATP13A1,TRIM65,PRDM4,GPR179
GSE3720_LPS_VS_PMA_STIM_VD2_GAMMADELTA_TCELL_UP	GSE3720_LPS_VS_PMA_STIM_VD2_GAMMADELTA_TCELL_UP	0.0449131174493208	101	36	BMAL1,ESM1,KCNJ8,MMP25,IRF6,DGKH,PPP1R3C,ZBTB41,XRN1,ICA1L,MYSM1,HEXIM1,ERN1,HTR2C,NF1,CUL3,CDH17,TEF,PSME4,ZC3H7A,OSBPL3,GARIN2,SPN,TTC39C,SLC5A3,TAF9B,ARHGEF12,STARD10,ANXA1,HAVCR2,RORA,ARL15,ECM1,TLE2,NEBL,GABARAPL1
GSE360_CTRL_VS_M_TUBERCULOSIS_DC_DN	GSE360_CTRL_VS_M_TUBERCULOSIS_DC_DN	0.038558645533341	160	39	FICD,GBP1,GP1BA,MUC6,MMP9,RASGRP1,CD44,FSCN1,SCARB2,STAT2,TNFSF10,TRAFD1,SMURF2,TUBB2A,TOM1,ATP6V1E1,SNTB2,WBP2,ACP2,AK4,VAMP5,EFHD1,IL10,GREM1,KRT86,ICAM1,IQSEC2,CKAP4,NRP2,CSF2RB,MMP7,LITAF,IFITM2,BST2,AASS,TNFAIP2,CDH1,OLR1,NCALD
GSE2128_CTRL_VS_MIMETOPE_NEGATIVE_SELECTION_DP_THYMOCYTE_C57BL6_UP	GSE2128_CTRL_VS_MIMETOPE_NEGATIVE_SELECTION_DP_THYMOCYTE_C57BL6_UP	0.0413816707682495	137	35	ADCY6,DACT3,SOCS1,NIPA1,CDKN1A,ADGRE1,P2RX4,ITGB2,TCEAL1,TRPT1,NDRG4,CYBB,FBLIM1,CDC42EP1,IKBKE,NIBAN2,GCNT2,GRHL3,MTHFD2L,NBEAL2,ENTPD7,RBMS2,CCR5,SLC43A3,ICAM1,CTSB,RASSF2,LITAF,ATP6V1B2,DSTYK,PXN,NOTCH3,ADM,KRT4,PLAT
GSE3982_MAST_CELL_VS_TH2_UP	GSE3982_MAST_CELL_VS_TH2_UP	0.0335430055256425	172	54	TPP1,VCL,FAM171A1,SHBG,AFF1,FMO5,DCAF6,MEIS2,GMPR,ELK4,EPN2,VPS53,TIE1,ZCCHC24,MCFD2,BST1,GNS,SORBS1,ZDHHC7,CYB5R1,AP5M1,BID,TMEM127,EEF1AKMT3,GALC,DOCK6,TSPAN6,TUBB2A,MID1,NDRG2,COPZ2,CRTAP,PMEPA1,TPM1,SERINC3,FAIM2,FAM168B,PEX11B,LAPTM4A,CCDC68,AP1G1,ANXA1,F13A1,CD36,RHOBTB3,ATP6V1H,XPNPEP1,KIAA0232,DAB2,TGFBR2,COL13A1,ADM,JUP,TIMP3
GSE8621_LPS_PRIMED_UNSTIM_VS_LPS_PRIMED_AND_LPS_STIM_MACROPHAGE_UP	GSE8621_LPS_PRIMED_UNSTIM_VS_LPS_PRIMED_AND_LPS_STIM_MACROPHAGE_UP	0.0193204831073302	184	51	PCLO,BTD,ZNF428,ANTKMT,NQO1,PPDPF,CSNK1G2,SAFB2,TAF10,MRPL52,JOSD2,TSC22D3,CTNNBL1,TAF12,HGS,AGPAT2,TBRG1,SRFBP1,ISLR,FLRT3,NUDT9,BUD13,MAP2K5,OTUD5,SOX18,ZFP90,DAPK3,FZD8,IKBKB,WDSUB1,LMNTD2,RNF125,SYF2,FLOT1,MYCT1,ADRB2,ZNF512,MAP3K8,CHST7,EPB41L5,ICAM2,DMWD,IMMP2L,MAEA,LZTS2,SRI,RRP9,SGMS1,GAS6,RPL24,ZNF608
GSE5589_WT_VS_IL10_KO_LPS_AND_IL10_STIM_MACROPHAGE_45MIN_DN	GSE5589_WT_VS_IL10_KO_LPS_AND_IL10_STIM_MACROPHAGE_45MIN_DN	0.0180307413241813	176	52	HM13,DUSP1,ENDOG,COMTD1,OLFM1,DDRGK1,TIPARP,SLC7A5,MRPS22,AKIRIN2,NFKBIB,ABCC5,IER3,ERP44,HSPA12A,MARK3,GATA2,PTPN2,TBRG1,TTC17,KLF10,LEO1,WDSUB1,HSF1,YBX3,MCRIP2,TNFAIP3,EXO5,HMG20B,PFDN2,ELOVL5,LARS1,NFKB2,RRP8,GRPEL1,WDR74,RSL1D1,ERP29,SAMD4B,MPV17L2,AUH,ALG5,UBE2M,METRNL,MAEA,KCNJ3,ISCU,NFE2L1,ESD,PER1,MRPL17,HAX1
GSE26351_UNSTIM_VS_BMP_PATHWAY_STIM_HEMATOPOIETIC_PROGENITORS_UP	GSE26351_UNSTIM_VS_BMP_PATHWAY_STIM_HEMATOPOIETIC_PROGENITORS_UP	0.023616006654504	180	39	HM13,ARL2BP,RBCK1,CEP83,RFC4,ARHGEF3,MRPL41,SUPT3H,REX1BD,POLA1,REXO2,MRPL52,CKS2,NXT1,BRCC3,CADM1,NHP2,ATG3,PTPN18,ERMP1,MRPL58,PPP2R5A,GDI2,PDLIM7,STK24,MYRFL,CFDP1,RAD54L,LYAR,GRK5,CFAP36,SLC52A3,INTS6,POLD1,ELAC2,POLR2H,IFT25,CCT5,NPM1
GSE36392_TYPE_2_MYELOID_VS_NEUTROPHIL_IL25_TREATED_LUNG_DN	GSE36392_TYPE_2_MYELOID_VS_NEUTROPHIL_IL25_TREATED_LUNG_DN	0.0278700691409714	183	53	PLIN2,DDRGK1,GTF3A,NR4A2,MAOB,MRPL18,RAVER1,PLOD3,AMZ1,TRIM36,FKBP5,ZDHHC9,NUDT9,TMEM51,HEMK1,PACS2,RAMP1,NFIL3,RUNX3,BHLHE40,UBALD2,KAT2A,COA7,HS3ST3B1,CREB3L2,PIEZO1,SLC27A3,SH2B2,NELFA,AUP1,KIF20A,IRF7,G6PD,TYSND1,AUH,PIGA,ATF6B,ALG5,AURKAIP1,NLE1,UNC93B1,CENPE,RPL24,UXT,NCOA5,GNPAT,TOP2A,GBF1,IDH3A,ADGRV1,CENPF,REEP4,NDUFB10
GSE22229_RENAL_TRANSPLANT_VS_HEALTHY_PBMC_DN	GSE22229_RENAL_TRANSPLANT_VS_HEALTHY_PBMC_DN	0.0293557165515857	184	55	ANXA11,CTDSP2,ADGRL1,CREBL2,TIE1,IL17RE,SDSL,MMP2,HYCC1,ZNF827,PDLIM2,PRDX2,GNS,PHETA2,RNASE6,SLC18B1,NEXN,TRIP6,SLC26A2,CCSER2,CAVIN1,SSBP3,ITGA2B,ZBTB4,DYNLT3,MTURN,CCDC120,ISG20,STIM1,SNX33,BCORL1,GTPBP2,TMT1A,PRXL2A,ADGRL2,FZD7,KCND1,VAMP5,BACH1,HID1,F2R,PLCG1,RBMS2,RRAS,AGO1,CD81,MVP,ATP2B4,APOE,CLIC5,CTTN,FZD6,GSN,SMAD3,SHISA5
GSE22611_NOD2_TRANSDUCED_VS_CTRL_HEK293T_STIMULATED_WITH_MDP_2H_DN	GSE22611_NOD2_TRANSDUCED_VS_CTRL_HEK293T_STIMULATED_WITH_MDP_2H_DN	0.025648826671389	173	53	PCBP1,AHSA1,MUC16,CDC6,EGLN1,RPN1,RDH10,THOP1,ST3GAL4,NMRK1,SLC1A4,GPHN,HSP90AB1,AVEN,CCN3,SSBP4,HEMK1,RPF2,CDCA7,PGP,DPH5,PDIA6,AKAP1,ODC1,RAD51B,HSPA9,SCARB1,THG1L,GEMIN5,IPO5,IMPA2,SRM,IMMP2L,SIVA1,DNMT1,NLE1,RRP12,GNL3,HK2,RRP9,SLC2A1,POLD2,GRB10,HYOU1,DTNBP1,FAM185A,PFAS,SETD6,HIRA,EIF4A2,FAM162A,IPO4,PUS1
GSE19772_HCMV_INFL_VS_HCMV_INF_MONOCYTES_AND_PI3K_INHIBITION_UP	GSE19772_HCMV_INFL_VS_HCMV_INF_MONOCYTES_AND_PI3K_INHIBITION_UP	0.0366275533924609	158	41	ELK4,LCOR,C1orf52,ARID3B,ATP5MC1,CDS2,KIF5A,LY6D,PKDCC,FMNL3,ADCY6,FLT1,CLDN7,LAMB1,CD8B,KLF5,RAMP2,ZNF385A,ARL4C,EIF4EBP2,DNAJB5,DDR2,KLF13,DAB2IP,WWTR1,MYBL2,TCF7L1,C11orf16,ANGPTL2,XCR1,PMEL,SIT1,SLC6A3,FGFR4,MMP11,COL26A1,KRT17,PDGFRB,TGFBR1,JUP,KRT81
GSE39820_CTRL_VS_TGFBETA3_IL6_IL23A_CD4_TCELL_UP	GSE39820_CTRL_VS_TGFBETA3_IL6_IL23A_CD4_TCELL_UP	0.0181151574472317	192	56	HSPH1,ZNF367,HNRNPAB,DNAJA1,POGLUT2,PTDSS1,HSPA8,ARHGEF3,NUP107,CDC25A,WDR3,PLK4,HSPA1A,FAF1,WDHD1,CENPI,PLAGL1,ERCC6L,COP1,DVL1,PPWD1,IK,CCNL1,ZNF638,ELMO1,ST8SIA4,OGT,TRMT1L,TNIK,ZNF664,TRIM24,BORA,CDK17,ZBTB5,MBNL3,CEP70,TP53BP1,PTS,CCT3,ISG20L2,PRKCE,CCDC77,SEC11C,CENPE,SF3B2,SGMS1,NEK9,CD83,ZNF644,BLMH,HMMR,FYN,DBR1,SETD6,DNMT3B,GPCPD1
GSE22886_NAIVE_CD4_TCELL_VS_48H_ACT_TH1_UP	GSE22886_NAIVE_CD4_TCELL_VS_48H_ACT_TH1_UP	0.0373047339305821	188	35	TMEM127,CCSER2,FAM169A,UBE2G2,HLA-E,ERBIN,FOXJ3,SREK1IP1,PRKCA,ACAP2,RNF38,PLEKHA1,CAMK2G,PCIF1,VILL,RETREG3,HYAL2,DENND1C,SMPD1,C11orf21,RASGRP2,SLC46A3,ROR1,TTC9,PBXIP1,LMBR1L,LDAF1,BEX4,FOXJ2,PXN,SEMA4C,IFITM1,DLG1,ZNF512B,ZNF652
GSE36392_TYPE_2_MYELOID_VS_MAC_IL25_TREATED_LUNG_DN	GSE36392_TYPE_2_MYELOID_VS_MAC_IL25_TREATED_LUNG_DN	0.0181151574472317	192	48	KLF2,ANTKMT,FKBP4,RAB43,TRIM14,GTF3A,ABHD17A,DSCAM,AHRR,ZNF764,NXT1,MRPL18,GET4,ZNF524,CACTIN,SUDS3,MAP2K5,ALKBH7,ADCK2,MLLT1,IDUA,POLD3,HSF1,NOSIP,SIAH2,FBXL4,PLP2,RPS6KA4,TTLL12,MCAT,SH2B2,EIF4G3,MIPEP,NELFA,BBS9,ALKBH8,WDR74,TYSND1,STRIP2,AXIN1,NCOR2,TNIP2,ELMO2,SEC31A,PRKCE,AKNA,DCXR,HASPIN
GSE6674_ANTI_IGM_VS_CPG_STIM_BCELL_DN	GSE6674_ANTI_IGM_VS_CPG_STIM_BCELL_DN	0.0263420382030481	182	66	IL2RA,RCN1,MGAT2,ATF3,AFG2B,CSRNP1,WDR3,TUBA4A,CHCHD4,ARID5A,GADD45G,NOC4L,HEMK1,RPF2,FBXO17,RRS1,IFRD2,AFG2A,NIFK,DPH5,SURF6,KANSL2,AGPAT3,MYC,CEBPZ,SELENOS,UTP25,CCDC86,LIG3,MAP3K8,LARS1,TWNK,NOLC1,CDK6,ATAD3A,POLR3D,HSD17B7,NDUFAF4,TAF4B,KRI1,AEN,ISG20L2,SRM,DCAF13,NLE1,UTP18,GNL3,YRDC,USPL1,HK2,ZNF608,MPHOSPH10,CTU2,NOB1,LIF,NEDD1,HSPA4,TSR1,ZNF263,CTPS1,BYSL,JAGN1,DGKE,PPAN,RIOX1,THUMPD1
GSE14308_TH1_VS_NATURAL_TREG_UP	GSE14308_TH1_VS_NATURAL_TREG_UP	0.0124411411960334	179	59	BIK,SPRY2,MIB2,OLFM1,YDJC,ANP32B,MEMO1,WEE1,HAGHL,PLXNB3,PLPBP,MRPL34,NHP2,RUVBL1,WASHC3,THOC7,ANKRD28,C19orf38,ARID5A,STK11,FAM216A,NUDT9,PGLS,HUS1,PTGES,BHLHE40,EMD,AKAP1,PRKCSH,MIS18A,VPS8,METTL26,JMJD6,UBE2J2,ANGPTL4,SCFD2,SMTN,ZNF239,ACTR3B,GSS,RAP1GAP2,PPP1R15B,NSMCE1,SEC24D,LSG1,RBKS,RPL24,STX8,PGC,MED8,LONRF3,UTP11,YIF1A,REEP4,PTPRG,XBP1,SPATS2,PIF1,PDIK1L
GSE24210_TCONV_VS_TREG_UP	GSE24210_TCONV_VS_TREG_UP	0.0325972006920786	164	50	SPSB2,LY96,PROM1,DENND11,EGFR,MTA3,ITGB7,SSH1,RCAN3,NFATC1,PHF1,ARID3B,RIPK3,SCAMP1,PIPOX,MYO7A,NCS1,CAPNS1,DES,PDLIM2,PTPRE,FMNL3,RHBDF1,SUB1,DNAJB5,DAB2IP,CDC42EP1,VEZF1,LTK,PPIC,PAG1,PRICKLE1,GRHL3,ACAP1,SH3BGRL3,SIT1,NAGA,F2RL1,MACC1,SLC46A3,CTSB,EDEM1,PCP4,PADI2,B4GALT1,NYNRIN,KCTD10,RAPGEFL1,GSN,TBL1XR1
GSE1460_INTRATHYMIC_T_PROGENITOR_VS_THYMIC_STROMAL_CELL_UP	GSE1460_INTRATHYMIC_T_PROGENITOR_VS_THYMIC_STROMAL_CELL_UP	0.0260178682158165	173	49	BANP,NUP107,ETFB,MRPS22,THADA,FMNL1,RNASEH2B,PTMA,FANCC,TOP1,EZH2,ARHGAP32,THAP11,THOC1,CYBA,CDK13,ZXDC,SOX18,CLK1,NMI,PPWD1,PPP2R5A,RUNX3,DPYSL4,SF3A3,FBXL14,TNFAIP8,BCOR,RAD54L,HMGB2,NUP88,HADH,MSH2,DCLRE1C,DTL,TUBGCP4,HSD17B7,RAP1GAP2,CUL1,GATB,TP53AIP1,FASTKD1,PRDM4,ZNF235,MPHOSPH10,PA2G4,ABHD10,PCNA,TBC1D31
GSE2770_UNTREATED_VS_ACT_CD4_TCELL_48H_UP	GSE2770_UNTREATED_VS_ACT_CD4_TCELL_48H_UP	0.0222299576249582	181	35	CRLS1,TPGS1,ZNF579,PPP2CA,DUSP23,DOT1L,RUFY1,H1-10,PNP,THNSL1,NAT10,TXNDC12,SLC43A2,HSP90AB1,C1QBP,RBM19,MEGF6,EIF2B2,RPL22L1,TRIP11,ERICH1,RABL3,TYW3,KAT2A,ENOX1,BNIP1,ZNF41,ASF1A,SAAL1,METTL21A,ZFP36,TAPT1,LIG3,BRD2,SGO1
GSE31082_DP_VS_CD8_SP_THYMOCYTE_UP	GSE31082_DP_VS_CD8_SP_THYMOCYTE_UP	0.0176746064697956	199	48	STX6,MYL11,EIF4E3,YTHDC2,CPNE1,SLC30A4,CSRNP2,PCGF3,FEM1B,YTHDF3,KLHL24,CTDSPL2,PRDX2,VHL,GPR132,SPRTN,LAPTM4B,RIPOR1,SSX2IP,SECISBP2L,ALDH2,TMPO,ABI1,METAP2,LDB1,H2AZ1,PTPN14,MYO1C,TMEM167B,SKA2,UBA3,PAFAH1B2,TP53INP1,BNIP2,CELF1,NAPG,PPP1CC,CACNB3,NPLOC4,SLC35E3,KLHDC10,PALS1,SSH3,MOB1B,LCK,TLE2,NUDT4,PTGR1
GSE2770_IL12_VS_IL4_TREATED_ACT_CD4_TCELL_2H_DN	GSE2770_IL12_VS_IL4_TREATED_ACT_CD4_TCELL_2H_DN	0.0364576389004763	118	30	WDR36,TXN2,STX1A,SCAMP1,SPATA19,SEPTIN1,TDRD7,TGM1,TNFRSF21,TRAPPC2L,TMEM127,SERPINA5,TNNI1,TOLLIP,STIM1,MIEF1,SLC16A4,YPEL2,TUBD1,SSR1,VWF,TSKU,SELPLG,SLC46A3,SAMD4A,SPRED3,SGIP1,WFDC2,SEMA5A,TWSG1
GSE14769_UNSTIM_VS_360MIN_LPS_BMDM_UP	GSE14769_UNSTIM_VS_360MIN_LPS_BMDM_UP	0.0130268116560389	197	70	UBE2S,KLF4,RFC4,PAQR4,MRPL41,GTF2E2,MFSD12,RDH10,EZH2,NCBP1,MRPL18,NUDC,DUT,PTPN18,FAF1,NAV2,RAD51,NARS2,PGLS,MRPL11,NIFK,THYN1,ZRANB3,MLF1,ZNF219,STIL,AIMP2,HIKESHI,CEP78,ITGB1BP1,TBC1D5,SLC41A2,ZNF227,MCM4,OXCT1,ING4,CNOT10,SAMD1,TXNDC15,SPDL1,ALDOA,ORC2,POLD1,TUSC1,NSD2,CCDC47,EMC3,NPM1,HASPIN,CAMK1,TRIB3,PA2G4,PBDC1,TOP2A,SPTLC1,PNPLA6,ACADM,INAFM1,FAM162A,MEAF6,CTPS1,NQO2,MRE11,FDPS,NDUFAF7,ME2,YBX1,NUMA1,DCAF7,SLF1
GSE43863_TH1_VS_LY6C_INT_CXCR5POS_MEMORY_CD4_TCELL_DN	GSE43863_TH1_VS_LY6C_INT_CXCR5POS_MEMORY_CD4_TCELL_DN	0.032163538397281	145	46	PARD6G,ABCA1,ARMH4,RGS10,ADGRL1,ANKS4B,TPM2,RNF144A,HAL,CSF1R,TGM1,MBNL2,SP6,CKB,FNIP2,SLC8B1,ZNF385A,SGSH,TMEM98,GPR35,LAT2,PRSS35,PLD2,KLRC2,NODAL,PLPP3,CAMK2G,SELENOP,NIBAN2,ACAP1,B3GNT7,TNKS1BP1,PLCG1,PBX2,CTSB,LRP1,SLC40A1,LIMA1,WNT11,SAA2,PCP4,FCGRT,ANPEP,SMO,TBL1XR1,NMNAT2
GSE30962_ACUTE_VS_CHRONIC_LCMV_SECONDARY_INF_CD8_TCELL_UP	GSE30962_ACUTE_VS_CHRONIC_LCMV_SECONDARY_INF_CD8_TCELL_UP	0.0363254962604055	170	38	MBTD1,GSK3B,STX1A,INTS6L,RASGRP1,ACSS1,CPNE3,SORBS1,NR1D2,RAP2A,PGM2L1,ARL4C,NOTCH2,PHF13,TKTL1,BORCS7,DOCK5,SELENOP,IQGAP2,TTC39C,HID1,SSH2,PLCG1,NT5E,TP53INP1,NRP2,FCGRT,B4GALT1,CHD3,GRAMD2B,RORA,PRR13,PIK3CD,FRY,STAT6,ZNF652,MEIS3,NCALD
GSE18893_TCONV_VS_TREG_2H_CULTURE_DN	GSE18893_TCONV_VS_TREG_2H_CULTURE_DN	0.0215211853606979	191	56	CTNNB1,TAPBPL,CSF1,SEL1L,CTBS,ZBP1,ERN1,LPIN2,ARPC1A,PCGF3,SH3RF2,FEM1B,B4GALT4,SCARB2,CDKN1A,UBA7,P2RX4,MOSMO,TRAFD1,SMURF2,SLC8B1,ITGB2,KAT2B,G3BP2,UBE2L6,PSMB10,ISG20,CRTAP,PIK3C2A,SCOC,ARL5A,LPP,MAN2A1,IFITM3,PCMT1,MYO1C,RAB1A,DAGLA,IL10,VAMP3,RAB14,ID2,KRT80,RRAS,SERPINB9,ICAM1,PTPN1,RAB12,SEMA7A,SUSD2,TGFBR2,GRAMD2B,PXN,PPP1CC,CACNB3,ZNF652
GSE16385_IFNG_TNF_VS_IL4_STIM_MACROPHAGE_DN	GSE16385_IFNG_TNF_VS_IL4_STIM_MACROPHAGE_DN	0.0356857219697612	124	27	KLHL24,ZNF513,CLDN7,VPS37B,TRAF6,C1QTNF6,WDR72,TSPAN6,POLN,STK31,PALM3,BDNF,ADAM10,SKIC2,F2R,ANXA2,MOB4,CPSF6,MARCHF6,KRTAP3-1,JPH2,H1-2,ITCH,CLIC5,MDM2,NOL4L,NEBL
GSE34515_CD16_POS_MONOCYTE_VS_DC_UP	GSE34515_CD16_POS_MONOCYTE_VS_DC_UP	0.0238378296364708	192	53	CMPK1,ANXA11,ABL2,BAIAP3,MGAT5,PEX2,GSK3B,KPNA3,INTS6L,LPIN2,BAZ2B,FMNL3,KIF1C,BID,TAF5L,PHTF2,LONRF1,SPOCK2,HNRNPDL,CCDC6,NCMAP,PRICKLE2,VEZF1,BDH2,PFN2,TNKS2,TMPO,VIL1,SERINC3,ACTR2,HIF1A,MIER1,AGFG1,SAR1A,STYX,EBI3,BMPR2,CRY1,MOB4,PON2,PCLAF,MARCHF6,CCNC,CDC50A,WDR6,ABRACL,SNX4,SELENOF,PPP1CB,DLG1,ATL2,ZNF512B,FRMD6
GSE17721_CTRL_VS_LPS_12H_BMDC_DN	GSE17721_CTRL_VS_LPS_12H_BMDC_DN	0.0183741737306447	176	50	AATF,IL15RA,HSP90AA1,UBE2S,SCX,GOLIM4,DNAJB11,CBLN1,TAP1,DNER,CD47,GTF2E2,CACYBP,TMEM243,SPTLC2,RANBP1,SERPINE1,PRPF38A,TOR3A,RBM19,HOOK2,RNF126,GRK2,SOX12,SP110,TTC1,ME1,PARD3B,CCDC71L,ZNG1B,DDIT3,PFDN2,ZDHHC6,NOLC1,TNFRSF1B,TPR,CHST7,SLC25A38,IER5,NOP58,SEC24D,MYORG,ASB3,CFAP184,ESD,EIF2S1,RPE,UTP11,SQSTM1,GRIK2
GSE27241_CTRL_VS_DIGOXIN_TREATED_RORGT_KO_CD4_TCELL_IN_TH17_POLARIZING_CONDITIONS_DN	GSE27241_CTRL_VS_DIGOXIN_TREATED_RORGT_KO_CD4_TCELL_IN_TH17_POLARIZING_CONDITIONS_DN	0.047879100103729	155	48	SMAD4,ACY3,SNX13,ITGB7,PDGFC,ESRP2,TRDMT1,TMEM86A,IL17RE,STX6,NR2C1,EIF2AK3,IFNAR1,ZCCHC24,KLHL24,TMEM229B,PIK3IP1,SLC35D1,TEF,TNFSF10,ERO1A,UNC119,LMO4,FAM199X,COQ8B,FN1,CD28,TLE6,BDH2,ACOX1,ABI1,VIL1,UAP1L1,PAPSS2,TRAM1,RASGRP2,MARCHF6,MYO1F,EDEM1,PBXIP1,TJP3,PRR13,EPSTI1,PDGFRB,MYL9,STAT6,TCN2,PIP5K1B
GSE21360_PRIMARY_VS_SECONDARY_MEMORY_CD8_TCELL_UP	GSE21360_PRIMARY_VS_SECONDARY_MEMORY_CD8_TCELL_UP	0.047879100103729	155	52	FKBP1A,CRCP,CDC27,IL32,PCNP,HCCS,TMEM33,ZBTB7C,OPLAH,ZBTB7B,NAA50,RPGRIP1,CCPG1,CFAP74,EPB41L1,KRT14,ARFIP1,IL1RAP,MRS2,DLST,LCOR,STRN3,ATP2B2,KRTAP1-1,ZBTB6,LLPH,AGA,ALDH7A1,LIPG,PRKAR1A,TMEM45A,MTR,COMMD8,SNX24,CACNA1H,IREB2,ELAPOR1,LYPLA1,FOXN1,PLEKHG6,ANP32E,HNF1A,SPARC,TSNAX,TPST1,CRYAB,GAB2,SLC1A3,REST,VLDLR,ACKR3,FAM131B
GSE29618_PRE_VS_DAY7_FLU_VACCINE_PDC_DN	GSE29618_PRE_VS_DAY7_FLU_VACCINE_PDC_DN	0.0197265379576034	191	44	HSPH1,SYK,KLF6,NOL7,RBM10,RIOX2,TBL2,LRRC8D,SSB,BUD31,HIRIP3,GPHN,TAF12,FAF1,HEBP2,SART1,WBP4,JPT2,RNF40,ZC3H14,RNF130,GSPT1,RNF8,TAOK3,DDX27,TERF2IP,ZFR,MPG,TASOR,ADRB2,NFYC,OXCT1,TRIM44,RBBP6,PIP4K2A,OSTF1,ENTREP3,UBR7,TIMM9,RPS15,TPR,KMT5B,PSMG1,POLR2H
GSE36078_WT_VS_IL1R_KO_LUNG_DC_AFTER_AD5_INF_DN	GSE36078_WT_VS_IL1R_KO_LUNG_DC_AFTER_AD5_INF_DN	0.0338374400849631	181	61	ITGA7,ASAP1,ATP6AP2,MMD,BMP2K,ATP1B1,AGL,CXCR4,KCNMB4,HSDL1,MYB,CHAC2,RNF19A,FARP1,CDC42EP4,ATP6V1D,EID2,SALL2,RGS10,IL6ST,HMGN3,PHACTR2,EXT1,PPTC7,SPRED1,TSPAN13,IGF1R,TOX2,TRIP12,UBASH3B,PRNP,MPP1,NME4,PACSIN1,PPIC,PRICKLE1,TNFRSF9,HIF1A,AGFG1,TRIB2,ARHGAP29,ANGPTL2,CCDC126,SNN,CEMIP2,F2RL1,CTSS,TPD52,CD81,TGIF2,SEMA7A,TRAF5,LDHB,TSPAN32,CYTH3,LITAF,PPP1CB,TGFBR3,TIMP2,PDE4B,TWSG1
GSE27786_BCELL_VS_CD4_TCELL_UP	GSE27786_BCELL_VS_CD4_TCELL_UP	0.0273425734863764	186	40	ENDOU,ACSS1,CTDSPL2,ASB7,VHL,NLRP12,USF3,NUCKS1,FBXL5,SKIL,TOR1AIP1,RCC2,TAF13,TMEM135,PSAPL1,PGPEP1,FAM43A,PRXL2A,PDE7A,SYNPO,SMIM14,AK3,C1GALT1,TPD52,CKAP4,CD81,BTF3L4,TRAF5,NDST1,ATP6V1B2,DCP2,ACP5,CAV2,RFTN1,SUMO3,SYPL1,ST3GAL1,ATP2A3,TNS3,RRM2B
GSE3691_IFN_PRODUCING_KILLER_DC_VS_CONVENTIONAL_DC_SPLEEN_DN	GSE3691_IFN_PRODUCING_KILLER_DC_VS_CONVENTIONAL_DC_SPLEEN_DN	0.0249503352011066	149	39	HSP90AA1,GRIN1,FGF1,NCAM1,MLKL,OPRK1,NEUROD1,CTTNBP2,NAT10,MRPL18,DUT,HOXC8,CDC26,PIN1,SRSF10,MEGF6,PCYOX1L,BCCIP,NUDT9,DHFR,JPT2,KCNK13,PCSK5,ZNF219,TNFAIP8,HIKESHI,L3HYPDH,BHLHE41,RUNX1T1,TSPAN12,CASS4,TM4SF1,MAP3K8,CHPF,EFR3B,CPED1,PMS1,ITGB3BP,BACE1
GSE11057_NAIVE_VS_CENT_MEMORY_CD4_TCELL_UP	GSE11057_NAIVE_VS_CENT_MEMORY_CD4_TCELL_UP	0.0326400892803133	149	46	ZNF496,SREBF1,ALG10B,NPAS2,MANSC1,EFNA1,TTC28,ASIC1,MYB,SIAH1,CDIP1,IL6ST,DNHD1,PLAG1,ATP6V0A1,GPR160,GAL3ST4,CIAPIN1,SCML1,SMOC2,CLCN5,PIK3IP1,ZNF563,IGF1R,DCHS2,MPP1,PSMB5,USP44,BNIP3L,PLLP,PRXL2A,PDE7A,SGK2,HSBP1L1,SMPD1,SAT2,APBB1,EEA1,ME3,RAPGEF6,NET1,TOM1L2,TGFBR2,ITGA6,ASB9,MPP7
GSE4590_LARGE_PRE_BCELL_VS_VPREB_POS_LARGE_PRE_BCELL_UP	GSE4590_LARGE_PRE_BCELL_VS_VPREB_POS_LARGE_PRE_BCELL_UP	0.0240183700699763	156	42	RNASEL,CLEC2D,PLXDC1,CHD9,ETNK1,DOCK8,FNBP1L,CPNE2,PPP1R12A,ARMCX4,MTA3,IDI1,HYCC1,PLEKHA7,LY6D,PLAG1,SUSD1,CDKN1A,SLC66A3,TRAM2,PRKCA,CDC42EP3,PAN3,SNX30,MYOF,TCF7L2,PAPSS2,ANXA2,UCK2,TPD52,TOX3,NCKAP5,TSPAN2,PI4K2B,OGFRL1,PRKAG2,TGFBR3,TGFBR1,PIK3CD,GM2A,NEBL,MUC13
GSE44649_WT_VS_MIR155_KO_NAIVE_CD8_TCELL_DN	GSE44649_WT_VS_MIR155_KO_NAIVE_CD8_TCELL_DN	0.028457734016738	178	43	ETV3,LEMD3,LAPTM5,SDC1,CCND2,FSCN1,MARCKS,BIRC2,CDKN1A,TRIP12,TMEM150C,TAGLN2,LAPTM4B,SLFN5,CDC42EP3,JADE2,PALLD,DUSP2,SPSB1,PIK3R1,TCF7L1,PPARGC1B,C19orf12,GLIPR2,PAPSS2,ANXA2,DDX6,TUBB2B,IST1,MFSD2B,EDEM1,SYNGR2,SEMA7A,PLEKHG2,PCP4,CISH,IFITM2,STAT5A,RFTN1,SAA1,NECTIN2,SOCS2,CNN3
GSE11924_TH1_VS_TH2_CD4_TCELL_DN	GSE11924_TH1_VS_TH2_CD4_TCELL_DN	0.0363254962604055	170	49	TRIO,LY96,FAM219A,FCMR,USP16,MAP4K3,ADAMTS15,HSPA13,TVP23B,NUS1,GFPT1,MCFD2,ARID3A,ATP6V0E1,TMEM168,MARCKS,CLCN4,RAP2A,MTMR6,HSD17B12,SDE2,SELENOW,BTAF1,TSPAN6,SLFN5,PRXL2A,SFT2D2,TCIM,BCAR3,TMEM167B,RAB1A,VAMP5,OAZ2,CCDC126,AKR1C3,RAB27B,LAPTM4A,ARF4,MAP3K2,SUGCT,TMEM106B,DMAC2L,MVP,LAMC2,GSN,DLG1,TMEM63A,BCL2L15,CCR3
GSE6681_DELETED_FOXP3_VS_WT_TREG_DN	GSE6681_DELETED_FOXP3_VS_WT_TREG_DN	0.0285518274072785	186	52	DPP4,CDK8,ZNF503,PPM1L,NOTCH1,SAFB,MAMDC4,HEXD,TAF7,WASHC3,DDX50,ATP1B3,ERLIN1,SCAF4,CLPP,NEMF,ZC3H13,MRPL3,GEMIN8,HACD2,BRIX1,STAG1,SLC49A4,RAD54L,ABITRAM,HMG20B,POLB,RCL1,RAB3IP,OXCT1,TAF5,ACTL6A,ATAD3A,TIMM29,CEP70,MFHAS1,NOP58,AUH,GPAT3,KLF15,ATF7IP,TP53,SFPQ,NELFE,RFXAP,SCML2,MTLN,PDSS1,DOCK3,SRRM2,CIRSR,PRICKLE3
GSE22886_IL2_VS_IL15_STIM_NKCELL_DN	GSE22886_IL2_VS_IL15_STIM_NKCELL_DN	0.0257943211698544	172	44	AATF,DNAJC1,TPP2,GNG5,DCLRE1A,POU2AF1,THADA,ATP10A,FAM174C,EZH2,NUDC,ENOX2,HIRIP3,LRP3,PDCD5,MXD3,MRPS31,MTIF2,NDUFS7,TCP1,PAK1IP1,ZC3H15,CLPP,MCUR1,TRIOBP,SHQ1,NSDHL,TRIM24,MRPS34,ZNF350,NASP,NDUFAF4,CCDC47,MTMR8,DCXR,SIVA1,AURKAIP1,WDCP,TRIB3,NELFE,FGF22,CINP,ORC3,UQCC1
GSE7852_TREG_VS_TCONV_THYMUS_UP	GSE7852_TREG_VS_TCONV_THYMUS_UP	0.0309324092684555	169	43	BCL2L1,CD44,PHETA2,LAMB2,DNAJB13,BID,TSPAN13,NTN4,IGF1R,SLC15A3,OSBPL3,CAVIN1,RAB8B,NOTCH2,PRNP,TASP1,MIMS2,PMEPA1,MTMR3,ARL5A,CXCR6,IKZF4,ITGB1,TTC39C,EBI3,PRDM1,SEPTIN8,IL1R2,SYNGR2,SH3BGRL2,LIMA1,CISH,AHR,PRR13,ATOSB,PPP2R3A,PRKAG2,CRIM1,SOCS2,WLS,BCL2L15,REEP3,GABARAPL1
GSE1460_DP_THYMOCYTE_VS_NAIVE_CD4_TCELL_ADULT_BLOOD_UP	GSE1460_DP_THYMOCYTE_VS_NAIVE_CD4_TCELL_ADULT_BLOOD_UP	0.0222094486762357	184	32	HSPH1,FADD,PPP2CA,HNRNPAB,CDK2AP2,KIF15,EGR1,LDAH,CHCHD3,BRCA1,DBI,NCBP1,KIF4A,ARHGAP32,GGH,FIRRM,SAP30,FABP5,GBE1,FAIM,ATP1B3,E2F8,AVEN,SMC2,DSCC1,CHRNA3,LMNB1,FOXM1,SLC25A1,UBB,STIL,MIS18A
GSE35825_UNTREATED_VS_IFNG_STIM_MACROPHAGE_UP	GSE35825_UNTREATED_VS_IFNG_STIM_MACROPHAGE_UP	0.0197135296821445	179	39	DMKN,ITGA2B,CYBB,SLFN5,MARCHF5,GNA13,CCNG2,TENT2,PLPP3,PIK3R5,PGPEP1,ADAR,RCAN1,PLLP,FABP3,CHI3L1,SPTLC3,BCL3,ITGA5,TOR1AIP2,EBI3,CD70,ID2,ZNFX1,HSH2D,RC3H1,CAV1,SEMA7A,TRAF5,JAG1,PROCR,ACP5,GRAMD2B,SAA1,MMP14,MALT1,ADM,FRMD6,TIMP3
GSE32533_WT_VS_MIR17_KO_ACT_CD4_TCELL_UP	GSE32533_WT_VS_MIR17_KO_ACT_CD4_TCELL_UP	0.0309833311047112	175	38	FHIP1A,DOCK6,SMOC1,FZD4,PHTF2,MGLL,ZNF281,TNFAIP1,DNAJB5,LAPTM4B,CRTAP,JADE2,SH3PXD2A,TNS1,ATXN1L,CAMK2G,KANK1,RND2,SMPD1,FHIP2A,DAP,HYCC2,PBXIP1,PDLIM1,SEPTIN4,BCAM,EMP2,AMOTL1,DCP2,IRS1,MYLK,TXNRD3,EHD2,ARHGEF17,FBLN1,LGR6,TIMP3,SEMA5A
GSE2770_IL12_AND_TGFB_VS_IL4_TREATED_ACT_CD4_TCELL_48H_UP	GSE2770_IL12_AND_TGFB_VS_IL4_TREATED_ACT_CD4_TCELL_48H_UP	0.0244136788768823	185	52	IP6K1,ABHD17B,GPATCH2,AMBRA1,ZC3H12A,ESRP2,PAXBP1,CD72,MGAT5,CDS2,NFATC2,ETV3,COQ10B,RBPJ,ACVR1B,PDE8A,CLCN5,VPS37B,ANXA9,TEP1,NUFIP2,UNC119,ACAP2,MPP1,RIPOR1,KLF13,MX2,MIMS2,PREX1,RNF138,PPARGC1B,PTPN14,MYO1C,GLIPR2,STARD10,ARPC5,PBXIP1,QPRT,EMP3,TSPAN32,TOM1L2,PCP4,FCGRT,BST2,MAP4K2,AVL9,TXNRD3,LSP1,SLC29A4,STAT6,ALPK2,MEIS3
GSE9878_CTRL_VS_EBF_TRANSDUCED_PAX5_KO_PRO_BCELL_UP	GSE9878_CTRL_VS_EBF_TRANSDUCED_PAX5_KO_PRO_BCELL_UP	0.0318911931270207	173	42	ETV6,TMEM150A,CRYZL1,GPR17,DOCK6,SGSH,MAGED1,HEPHL1,COPZ2,GPX3,TNS1,DAG1,ACOX1,SELENOP,VMA22,VILL,MYOF,LDB1,LCP1,DENND1C,F2R,NBEAL2,GLIS2,IFFO2,NAGA,ANXA2,SVIP,HPN,EMP3,COL6A2,APOE,FCGRT,NHSL3,SLC25A24,BAMBI,RNF217,ITGA6,OGFRL1,GYS1,PDGFRB,PGGHG,FLNC
GSE40274_XBP1_VS_FOXP3_AND_XBP1_TRANSDUCED_ACTIVATED_CD4_TCELL_UP	GSE40274_XBP1_VS_FOXP3_AND_XBP1_TRANSDUCED_ACTIVATED_CD4_TCELL_UP	0.0309833311047112	175	41	GPR160,MINDY1,ZDHHC20,SORBS1,AKAP13,SP6,EFR3A,NR1D2,MTMR6,IGF1R,ADAMTSL4,ST3GAL5,TKTL1,TASP1,PIK3C2A,NCMAP,SEC24A,BNIP3L,PLLP,TTC39C,TRIB2,IL10,C19orf12,NAGA,TAF9B,SELPLG,SLC46A3,ICAM1,MYO1F,SEMA4B,PBXIP1,SYNGR2,EMP3,LAMC1,ITGAV,CAPG,ITGA6,CRIM1,STING1,RAB31,RRM2B
GSE3982_DC_VS_TH2_DN	GSE3982_DC_VS_TH2_DN	0.023963632521548	175	57	ADAM22,HNRNPAB,POGLUT2,RFC4,KIF15,PTMA,IL18R1,PNP,POLQ,NCBP1,DNAJC9,RPIA,HIRIP3,PDCD5,TUBA4A,RAD51C,CTCF,FAM216A,GINS3,BCL2,RMND1,COX10,ATAD2,CEP131,WWC3,MAP7D3,PTGS2,MPHOSPH9,ANKRD11,BICRAL,E4F1,KIF20A,UBR7,TXNDC15,NASP,TPR,TMEM39A,PCID2,TRIP13,AHI1,ECI2,B3GAT3,STC1,SUPT16H,MRPL39,GUCY1A2,CCNA2,SPTBN2,GPSM2,HMMR,HYOU1,ARHGAP5,SPC25,CENPF,TYMS,HNRNPF,CHRNB4
GSE37416_12H_VS_48H_F_TULARENSIS_LVS_NEUTROPHIL_UP	GSE37416_12H_VS_48H_F_TULARENSIS_LVS_NEUTROPHIL_UP	0.0247207651535638	185	51	CYLD,NFKBID,AREL1,ZC3H12A,STK38L,STRN3,CREM,STX6,KPNA3,RAB21,WDR26,YTHDC2,IFNAR1,LRP10,MAPRE1,ELF4,AZIN1,PSME4,TMX4,FAM8A1,LIMK2,SKIL,TOR1AIP1,RAB11FIP4,ZNF641,LAT2,ISG20,MX2,SIRPA,DSE,LGALS9,MAPK1IP1L,CNOT6L,SNX18,PDE7A,LCP1,TNFRSF1A,TMEM167B,HIGD1A,LGALSL,SERPINB9,MAPKAPK2,UBE2W,TGIF2,ATP2B4,PADI2,ATOSB,MX1,SERPINB1,OLR1,CUL4B
GSE23925_LIGHT_ZONE_VS_NAIVE_BCELL_UP	GSE23925_LIGHT_ZONE_VS_NAIVE_BCELL_UP	0.0261500993082226	172	38	FOSB,DUSP1,FOS,PPP1R15A,EGR1,ATF3,CYTIP,NR4A2,UBALD1,TMEM243,CSRNP1,SPNS2,CBX4,MRPL52,TRIB1,MNT,BUD31,EGR2,CHGB,DOK7,PTPRN,MEX3C,SRFBP1,SIK1,PLK3,BCL2,CBX8,CCNL1,TSC22D2,JUNB,RNF125,SIAH2,FBXL14,ZNF112,TNFAIP3,KBTBD2,ZFP36,SBNO2
GSE4590_PRE_BCELL_VS_LARGE_PRE_BCELL_UP	GSE4590_PRE_BCELL_VS_LARGE_PRE_BCELL_UP	0.0450599769768062	131	32	FKBP14,TTC3,SLC30A4,CD2AP,PIGZ,GCA,RASGRP1,TAOK1,MARCKS,MRAS,MAGED1,DPYD,ACSF2,MX2,BCORL1,NR2F1,ABI1,MAGED2,TTC39C,RSBN1,RNASEH1,TAF9B,ARHGEF12,CDC42BPA,CPA4,GXYLT2,GRAMD2B,AHR,STARD8,CRIM1,KDM5B,UACA
GSE17721_CTRL_VS_POLYIC_0.5H_BMDC_UP	GSE17721_CTRL_VS_POLYIC_0.5H_BMDC_UP	0.0309324092684555	169	47	CEP85,CITED2,TMEM242,SLC61A1,GPATCH2,EEIG1,NRM,ILRUN,DIP2B,IPP,LBR,LETMD1,ARHGAP12,MFN2,C21orf91,BLOC1S6,SMIM3,NUCKS1,PEX19,FLOT2,FAM222B,KDELR1,MGLL,LIMK2,MPP1,CLPTM1L,ALS2,ATP6V1E1,MTF2,IL12RB2,CAMK2G,ACVR1,RETREG3,PANK3,MOB4,ARF4,C5orf15,BNIP2,NDST1,CSF2RB,FEZ2,KRT13,IFITM2,NSG1,ATL2,CCR1,EFEMP2
GSE13485_DAY1_VS_DAY21_YF17D_VACCINE_PBMC_DN	GSE13485_DAY1_VS_DAY21_YF17D_VACCINE_PBMC_DN	0.0343788113587171	177	48	PPARG,PPID,RFC4,HSPA8,TSPAN5,CACYBP,EXOSC3,REXO2,CMSS1,MRPL34,ISOC1,WASHC3,CCT4,THOC7,RAD51C,CHCHD4,EIF3J,EPC2,RPF2,CETN3,TTC1,CCL24,RIDA,HIKESHI,ARMC10,PARPBP,POT1,ZCCHC9,KRTAP4-1,MESD,IKBIP,OSTF1,KRCC1,NME7,SGO2,IFT25,CCDC90B,CCT5,EEF1AKMT1,RFC5,CEP63,HPF1,GIN1,CLNS1A,NDUFA2,RPP30,ABHD10,EIF2S1
GSE3982_MEMORY_CD4_TCELL_VS_TH1_DN	GSE3982_MEMORY_CD4_TCELL_VS_TH1_DN	0.0265440131082625	187	34	CCDC85B,SLC16A3,H2AX,P4HA1,DNAJA1,STIP1,SQLE,SLC7A5,SLC1A5,MRPL12,ALDH3A2,CDC6,CKS2,IER3,NHP2,GGH,P2RX5,ATP9A,HSP90AB1,RAD51C,TOR3A,GINS2,STEAP1,SMC2,JPT2,VDR,MCUR1,YBX3,STK3,FLOT1,RALA,MTHFD1,MSH2,DTL
GSE3982_BASOPHIL_VS_NKCELL_UP	GSE3982_BASOPHIL_VS_NKCELL_UP	0.038220692963431	170	40	GSK3B,GNAS,PIM1,MCFD2,C21orf91,RASGRP3,EXT1,ITPRID2,SLC2A10,PPP6C,ZDHHC7,ADGRE1,AZIN1,FBXL5,LRP12,S100P,NDUFV2,ACOX1,SERINC3,ACVR1,ADAM10,BCAR3,ACTR2,BACH1,TREM2,SDCBP,MYL6,PBXIP1,ANXA1,C1RL,YWHAZ,MRPL42,DAZAP2,EID1,TREML2,KDM5B,CCR1,RAB31,NTM,KRT81
GSE6259_FLT3L_INDUCED_VS_WT_SPLENIC_DC_33D1_POS_UP	GSE6259_FLT3L_INDUCED_VS_WT_SPLENIC_DC_33D1_POS_UP	0.0216410627530459	162	43	STOM,CD72,CALM3,CD14,LPIN2,PSMD10,BST1,RNASE6,RBPJ,ZDHHC7,SGPP1,TNFSF10,SDE2,CRYBG1,RBPMS,NDRG2,RAC2,TBC1D13,SLC6A6,CDK2AP1,PTPRO,NF2,S100A13,SLC5A3,MDH1,BORCS6,SMIM14,EBI3,CORO1A,RRAS,NRP2,PRCP,LY6S,SUMO3,CAPG,EPSTI1,KCTD10,SMAD3,RUBCNL,MOB1B,HPGD,TBL1XR1,KIAA1217
GSE2405_0H_VS_1.5H_A_PHAGOCYTOPHILUM_STIM_NEUTROPHIL_DN	GSE2405_0H_VS_1.5H_A_PHAGOCYTOPHILUM_STIM_NEUTROPHIL_DN	0.0318425579753971	188	63	RGS14,TRAPPC12,PKNOX1,ZBTB2,TP53I13,TTI1,SMC1A,WDR24,MRPS26,TCOF1,GABPB2,CTNNBL1,EPHB6,RBM19,STK11,RPF1,OTUD5,CDT1,MYBL1,RNF126,DDX23,DNAJB1,ELMO1,HIKESHI,GNB1L,LYAR,TRIM56,ABHD8,ZCCHC9,PIP4K2A,INPP5E,SART3,TYSND1,NSUN5,NDOR1,IMPA2,ICAM2,TBXA2R,KYAT1,CDCA4,ACAA2,ZAP70,CEP57L1,FRAT2,ZNF408,METTL2B,GATD1,ZBTB45,PBX4,DCP1B,ATPAF1,FBRS,GPS2,GATAD1,CWC25,DYNC1LI1,DEF6,RAD18,EHMT1,PXMP4,KARS1,PTP4A3,ABCB8
GSE22886_NAIVE_BCELL_VS_NEUTROPHIL_DN	GSE22886_NAIVE_BCELL_VS_NEUTROPHIL_DN	0.0246462924866053	156	37	BST1,PPP4R1,NINJ1,BID,MTX1,TNFSF10,S100P,LIMK2,BCORL1,NCF2,CUEDC1,IFITM3,CD63,BCL3,SEC14L1,LILRB3,ID2,SERPINA1,NINJ2,ARPC5,MYO1F,IL1R2,H1-2,CKAP4,PRDX3,RASSF2,CSF2RB,LITAF,IFITM2,PLEKHO2,ATP6V1B2,LAMP2,GAB2,IFITM1,ADM,ZNF185,RAB31
GSE4142_NAIVE_VS_GC_BCELL_DN	GSE4142_NAIVE_VS_GC_BCELL_DN	0.0358983017004534	177	59	MRPL57,CEP83,NR4A2,GLRX5,HSPD1,FAM174C,WDR3,EXOSC3,THOP1,MTFP1,NUDC,NUF2,RANBP1,EXO1,CHCHD4,C1QBP,SDF2L1,TMEM151A,RPF1,MRPL11,RRS1,GPR183,HSF1,TTLL12,LYAR,CFAP20,TSR3,MAP2K2,PFDN2,PDSS2,NASP,NDUFAF4,DHX37,MPV17L2,HOXA7,CASP4,DUS1L,SFPQ,NDC80,QTRT2,MPHOSPH10,PTCD3,TIPIN,ZNHIT6,RRN3,CTPS1,PUM3,RIOX1,TACC3,SUGP1,UGGT2,MTRR,CC2D2A,SMS,GTF2F1,C10orf88,PWP1,CDCA5,MAGOHB
GSE22886_DAY0_VS_DAY1_MONOCYTE_IN_CULTURE_DN	GSE22886_DAY0_VS_DAY1_MONOCYTE_IN_CULTURE_DN	0.0319269778741106	175	47	TUBG1,ZC3H12A,FCMR,DUSP4,FICD,MMP9,MTF1,PIM1,PIP4K2C,MAPK6,NINJ1,CDKN1A,PI4K2A,NRIP3,CCRL2,MGLL,BCAT1,LAPTM4B,PSMB5,PXDC1,PSMD11,PLA2G7,WNT5A,PSMB2,RRAGC,CD63,AK4,CLN8,YIPF6,PPME1,EBI3,RHOQ,MICALL1,CCL22,ARL8B,SLC43A3,CTSB,ATP6V1H,MITF,DAB2,RFTN1,UGCG,CRIM1,ATP13A3,ST3GAL1,GM2A,KCNN4
GSE17721_0.5H_VS_8H_GARDIQUIMOD_BMDC_DN	GSE17721_0.5H_VS_8H_GARDIQUIMOD_BMDC_DN	0.0380035299352297	183	51	SLC6A8,TAX1BP1,FICD,RBM7,NUS1,IFITM10,PITPNB,FBXO42,FEM1B,KRTAP19-5,TDRD7,ITPRID2,PABIR1,SPPL2A,SMIM3,EFR3A,CHRD,AZIN1,TNFSF10,PHF13,RIMOC1,RAB18,NDRG2,IGF2BP1,CCNG2,PMEPA1,TBC1D13,IKBKE,LPP,IFITM3,ACVR1,FZD7,NAB2,ITPKB,GLIPR2,NLGN2,SYNCRIP,PLAUR,INPPL1,MAPK8,PIP5K1A,ITGAV,TMEM128,ABRACL,SNX4,COL13A1,KCTD10,PPP1CB,RGS9,SLC30A7,BOC
GSE20366_CD103_POS_VS_CD103_KLRG1_DP_TREG_UP	GSE20366_CD103_POS_VS_CD103_KLRG1_DP_TREG_UP	0.0343209274630857	173	51	PNPLA3,BCAT2,SNRK,XDH,HIBADH,EEIG1,PCNX1,MAP4K3,PRKCI,STX1A,INTS6L,TM7SF2,ZNF827,BST1,B4GALT4,USP34,SGPP1,SLC26A2,FAM91A1,PIAS2,SGPP2,BCAS1,SLC6A18,TUBB2A,EXOC6,TASP1,CDC42EP1,PPP1R14D,PHYHIP,MAPK9,IKZF4,BDH1,SPSB1,ITGB1,AKAP5,DIP2C,HYAL2,SYNPO,INPP4B,PLEKHS1,EDEM1,PDLIM1,MMP11,PPP4R2,SLC16A1,ITGA6,PRKAG2,CRIM1,HEG1,MRC2,PIP5K1B
GSE23321_EFFECTOR_MEMORY_VS_NAIVE_CD8_TCELL_UP	GSE23321_EFFECTOR_MEMORY_VS_NAIVE_CD8_TCELL_UP	0.0452559656741248	152	54	IRF6,ALDH1A2,SHBG,ARHGEF11,NFIA,HPCA,RAB11FIP2,TCTA,POLR1F,CDKL1,DOCK9,RASAL2,KIF5A,SEPTIN10,NEK3,EPHA1,MCAM,BEAN1,LY6E,FURIN,SOCS1,RBPJ,ZHX3,CMKLR1,CDX2,STAB1,VAT1,GRAMD1B,SKIL,NEU1,RGS5,NDRG2,PIK3C2A,MYL3,HECW1,SLC16A5,CXCR6,SEMA3F,NR5A2,FZD7,PLIN3,LEPROT,QKI,ZNF629,EFNA3,MOB4,HMGA2,TSPAN8,ATP2B4,MMP7,KRT13,MUC5AC,GRIN2B,KRT81
GSE28237_EARLY_VS_LATE_GC_BCELL_DN	GSE28237_EARLY_VS_LATE_GC_BCELL_DN	0.0145892175766411	179	43	RRBP1,DNAJC1,CROCC,GZMB,SAFB,TRAPPC12,HSD17B4,NR4A2,ATP10A,RNF6,PLEC,AQR,THOC1,DUS3L,SCN1A,TBRG1,PNPLA2,OTUD5,NFE2L2,TNK2,DGKZ,DDX23,TCF3,TJP2,RIOK1,RDH14,BHLHE40,POGK,PRR12,SUPT20H,EPC1,ANGPT1,CHPF,TSPO,SLC16A6,SSBP1,TMEM87A,DIAPH2,MAP2K7,ATP13A1,B3GAT3,PPP1R11,MYORG
GSE14308_TH1_VS_NATURAL_TREG_DN	GSE14308_TH1_VS_NATURAL_TREG_DN	0.0225983769645949	179	52	AFF1,ARNT,RNF19A,TGFBRAP1,CDIP1,SPIN1,KCMF1,HIBADH,CREBL2,NFATC1,TXN2,GSK3B,LY6D,BAZ2B,VPS26A,MFN2,EXT1,DNAJC28,USP32,CIAPIN1,TDRD7,PHETA2,TIAM2,BMP7,NINJ1,SPRED1,VPS39,TEF,TMTC3,HLA-E,SLC8B1,FBXO10,GGA2,ARFGEF2,SLC36A4,MTMR3,GLYCTK,ARB2A,HSD17B14,PLCG1,TGIF2,DMAC2L,DPEP1,SEMA4C,LSP1,KDM5B,BCL2L15,FRMD6,TCN2,DTX4,IL2RB,PIP5K1B
GSE43955_10H_VS_30H_ACT_CD4_TCELL_WITH_TGFB_IL6_DN	GSE43955_10H_VS_30H_ACT_CD4_TCELL_WITH_TGFB_IL6_DN	0.0271373144513823	174	45	ESRP2,EFNB2,UGDH,TAX1BP1,HAL,CDS2,MATN2,KLHL24,CDHR5,RBPJ,SORBS1,PTPN22,CCNT1,IGF1R,KLF5,SYT6,WWTR1,C2,SPSB1,GPX2,MSX1,SYNPO,RNASE1,CCR5,CTSS,ROR2,ANXA1,ALDH1A1,TMPRSS2,PPP4R2,KCNQ2,PCP4,GDPD5,CLCNKB,SLC1A2,SULT2B1,NYNRIN,TNNC1,UGCG,AASS,WLS,TMEM41B,HPGD,CCR1,COL1A1
GSE23505_IL6_IL1_VS_IL6_IL1_TGFB_TREATED_CD4_TCELL_DN	GSE23505_IL6_IL1_VS_IL6_IL1_TGFB_TREATED_CD4_TCELL_DN	0.0151402437491483	193	34	TMEM160,ANTKMT,GPX1,NQO1,SLC2A6,POGLUT2,CDK2AP2,HSPA8,CSRP2,TMEM106C,AHRR,ERP44,MRPL34,ZNF771,DNAJC9,WASHC3,NEK1,ERMP1,FAF1,MRPL58,ACYP1,SMARCAL1,ETFDH,HSDL2,SIRT5,DNAJB1,CHEK1,DYNLL1,STIL,PHF14,POLR2J,VPS8,METTL26,C12orf57
GSE339_CD4POS_VS_CD4CD8DN_DC_IN_CULTURE_UP	GSE339_CD4POS_VS_CD4CD8DN_DC_IN_CULTURE_UP	0.038293633217178	164	43	DCUN1D2,MATN2,ANK3,FEM1B,KRTAP19-5,APLP1,CDHR5,HMCES,BIRC6,NR1D2,HAUS4,AZIN1,TSPAN13,FBXL5,PTAFR,CMKLR1,GALC,SPRTN,SLC51A,SHOC2,TCF25,TKTL1,HAPSTR1,CNOT6L,ADAM10,CD164,WSB1,TCF7L1,HIF1A,ADRA2B,C11orf16,IL1R2,BPNT2,DPEP1,ITGAV,ZYG11B,NAA30,CX3CL1,ACP5,IRS1,TMEM167A,EHF,SEMA5A
GSE17186_CD21LOW_VS_CD21HIGH_TRANSITIONAL_BCELL_CORD_BLOOD_UP	GSE17186_CD21LOW_VS_CD21HIGH_TRANSITIONAL_BCELL_CORD_BLOOD_UP	0.0269951146090873	192	45	PLBD2,SASH1,FBXO6,GFPT1,NUCB1,B4GALT4,SCARB2,RAP2A,SLC25A26,FAM91A1,FBXO10,AGFG2,SYNRG,DKK3,SSX2IP,CRTAP,PREX1,CD99L2,PIK3R5,SLC36A4,PTBP2,DHRS1,DGLUCY,PLEKHB2,VILL,RAB1A,IER3IP1,NBEAL2,MYOM1,VAMP3,ENPP4,TUBB2B,SDCBP,POGLUT3,CD36,USP22,XPNPEP1,PRCP,ITGAV,IFITM2,PLEKHO2,PADI2,PRR13,SMPDL3B,GLCE
GSE3920_IFNA_VS_IFNG_TREATED_FIBROBLAST_UP	GSE3920_IFNA_VS_IFNG_TREATED_FIBROBLAST_UP	0.0262160994411437	156	55	CRY2,UBR3,PPP3CA,KCNJ8,NEK6,IL10RA,MFSD8,DGKH,KLF3,YPEL5,IMPACT,XRN1,PPP1R12A,DCUN1D3,HPSE,PTP4A2,CSF1,LCOR,AJUBA,ARNT2,ERN1,LPIN2,LPCAT4,PTPRE,APLP1,BCL2L1,RNF43,TMTC3,CMKLR1,ITGB2,JADE2,PREX1,DAB2IP,CDC42EP1,SH3BGRL,GAS7,PHLPP2,DOCK5,SNTB2,DCLK1,PDE7A,TTC39C,F2R,NBEAL2,VAMP3,DDX6,ICAM1,LMBR1L,TRAF5,GDPD5,RAD54L2,CRIM1,SMAD3,ATP2A3,TBL1XR1
GSE24210_IL35_TREATED_VS_UNTREATED_TCONV_CD4_TCELL_UP	GSE24210_IL35_TREATED_VS_UNTREATED_TCONV_CD4_TCELL_UP	0.0407476251847218	170	34	ADO,SLC6A12,LCN2,PABIR1,FAM98B,SLC25A26,FHIP1A,IGF1R,KIF2A,LIMK2,SIRPA,MTF2,DSE,C5orf24,CALCOCO1,ADAM10,ARHGAP29,BMPR2,CRY1,GREM1,TBC1D25,CAMK2D,RAB5C,NPC2,MITF,APOE,RAB3B,GRAMD2B,PPP2R3A,DKK1,ITGA6,LOXL2,ZNF217,TWSG1
GSE24634_IL4_VS_CTRL_TREATED_NAIVE_CD4_TCELL_DAY7_DN	GSE24634_IL4_VS_CTRL_TREATED_NAIVE_CD4_TCELL_DAY7_DN	0.0387147852953401	181	47	SYNC,RPS6KA2,CD72,GBP1,CDS2,CD14,ETV3,SLC6A12,ANG,KLHL18,ACVR1B,VPS39,PEX19,PTAFR,TNFSF10,RHBDF1,LMO4,ST3GAL5,TAGLN2,PSMB10,LAT2,ATP6V1E1,DAG1,NCF2,DUSP6,ALDH2,APOL1,MECP2,MYOF,S100A13,F3,BACH1,CLN8,GREM1,ANXA4,SLC43A3,CKAP4,ATP6V1H,GPC4,ATP6V1B2,MYRF,CTTN,TIMP2,C1S,CARMIL1,SIGLEC6,NRG1
GSE13738_TCR_VS_BYSTANDER_ACTIVATED_CD4_TCELL_UP	GSE13738_TCR_VS_BYSTANDER_ACTIVATED_CD4_TCELL_UP	0.0314928953856326	180	38	ATP8B3,CACNA2D4,ETV6,PI4K2A,DHTKD1,YWHAQ,MPP1,CNIH1,LAT2,TMEM135,PTGFRN,PALLD,SLC16A5,PAQR6,MYO7B,SOCS6,COX15,ZFYVE1,NR5A2,PTPN14,SLC5A3,COL6A3,GSTO2,CPSF6,NTRK1,SPON2,SLC25A44,RHOBTB3,BPNT2,KYAT3,CLTC,ITCH,NRAS,CTTN,SOX4,RUBCNL,MOB1B,SERPINB1
GSE22935_WT_VS_MYD88_KO_MACROPHAGE_DN	GSE22935_WT_VS_MYD88_KO_MACROPHAGE_DN	0.0387785617626186	163	33	LIMK2,FN3K,AATK,EXOC6,EPB41L4B,CDC42EP1,MYL3,LIMS2,CACNA1H,PLLP,MTMR3,KANK1,SHROOM4,SCRN1,TOR1AIP2,FBXO2,SSH2,ZFP91,GPC3,TTC9,TSNAX,KYAT3,LDHB,CLIC5,BAMBI,MYLK,SCARA3,GSN,MYL9,SMAD3,NMNAT2,CXCL14,FLNC
GSE360_T_GONDII_VS_M_TUBERCULOSIS_MAC_UP	GSE360_T_GONDII_VS_M_TUBERCULOSIS_MAC_UP	0.0370379198553377	177	49	PTDSS1,SLC7A5,SLC1A5,WEE1,KHDRBS3,UBTF,TOMM34,EZH2,TRIB1,MCF2L,MNT,DNAJC9,NHP2,TFAP4,FABP5,RANBP1,THAP11,NAP1L4,GATA2,SAC3D1,CDT1,MSH6,PACS2,NBL1,LMNB1,BHLHE40,CHERP,TTC1,STK10,NCL,DDIT3,TMEM11,MSH2,BRD2,GADD45A,PMS1,BMERB1,RIN1,LBX1,C2CD2,PLRG1,POLR2H,NCOR2,IMPA2,PCGF1,CTBP1,FUT1,NEO1,CCL2
GSE27786_LSK_VS_NKCELL_UP	GSE27786_LSK_VS_NKCELL_UP	0.0261257257244992	190	53	UROC1,CHORDC1,BOD1,F2RL3,H2AX,GADD45GIP1,PDXP,MLKL,TMEM106C,HAGHL,GLE1,PRDX4,TUBA4A,TCP1,ACOT2,BASP1,CASP7,RAMP1,NIFK,IRF2BP1,E2F7,PAQR8,RAD54L,FLOT1,TOPBP1,DDX27,TTLL12,EARS2,C8orf82,MTHFD1,EHBP1,PDSS2,IFT74,KIFAP3,CDCA7L,NSUN5,AKAP9,BLZF1,RRP9,RABGGTB,QTRT2,FBXL6,CCDC34,CLNS1A,TIPIN,TBC1D31,DNAJB4,COPS3,INAFM1,IPO4,GART,PUS1,PLXNA3
GSE11057_NAIVE_VS_EFF_MEMORY_CD4_TCELL_UP	GSE11057_NAIVE_VS_EFF_MEMORY_CD4_TCELL_UP	0.0257749595851782	167	54	ZNF496,SREBF1,PLXDC1,NPAS2,MANSC1,EFNA1,UBE2B,CCDC3,TTC28,SFXN2,MYB,NUDT12,ROBO3,AGMAT,RGS10,KPNA5,IL6ST,FCMR,DNHD1,PLAG1,EPHA1,GAL3ST4,CLCN5,PIK3IP1,ZNF563,USP11,RPS5,CD8B,IGF1R,SLC8B1,ELFN2,PRKCA,MPP1,USP44,IGIP,PRICKLE2,BNIP3L,PRXL2A,PDE7A,TMEM245,MTHFD2L,RBM27,LZTS3,SNN,PIGL,ME3,DCAF16,RAPGEF6,TOM1L2,FCGRT,TGFBR2,ITGA6,PIK3CD,TMEM41B
GSE19198_CTRL_VS_IL21_TREATED_TCELL_1H_DN	GSE19198_CTRL_VS_IL21_TREATED_TCELL_1H_DN	0.031149537472904	177	68	PRR15,GPR108,DLC1,TBC1D16,HMGB3,ANOS1,NEK6,ID3,SKP1,ABCG1,ECHDC1,ZMYM6,GRINA,USP9X,ELL2,APOC2,ELK3,TMEM144,STX6,MMP2,FNDC3B,LPIN2,PIP4K2C,LYSET,TYRO3,SLC8A1,GAL3ST4,FURIN,ATP6V0E1,ANG,NLRP12,GRN,STT3B,CCDC9B,PEX19,PSME4,SKIL,RCC2,RWDD2A,SLCO2B1,TRPT1,CLIP4,ZNF281,MLPH,RAB18,TULP4,PMEPA1,SOCS6,ARL5A,MAPK9,WNT5A,PPM1B,MGST1,MFGE8,AKR1C3,OLFML3,SSH2,PLAUR,SH3BP4,MTM1,ID2,MAP3K2,ITGAV,SLC7A7,SPRING1,TGFBR1,OLR1,TMEM52B
GSE45365_NK_CELL_VS_CD11B_DC_MCMV_INFECTION_UP	GSE45365_NK_CELL_VS_CD11B_DC_MCMV_INFECTION_UP	0.0336912238638628	168	60	AATF,PDE2A,ZFPM1,COMTD1,RET,SAPCD2,MEMO1,CACYBP,CHCHD3,EPHX2,CMSS1,EZH2,HIRIP3,RUVBL1,RBM19,MEGF6,PACS2,MAOA,RPS19BP1,TRMT9B,CCDC107,ARVCF,STRBP,AIMP2,CFDP1,CEP164,EIF2S2,LYAR,GTSE1,PSMC3IP,SYT5,RTN4RL2,SH3TC2,NASP,POLD1,RILPL1,CCT3,HDAC4,PA2G4,TIPIN,ZNHIT6,ADGRV1,FAM185A,B3GAT2,GPD1L,MPZL1,SYTL2,PTCD2,CTPS1,CA2,TEX30,ZDHHC13,CARNMT1,MOGS,YBX1,CCDC81,ADK,MRPL37,DDX31,DLGAP5
GSE4142_PLASMA_CELL_VS_MEMORY_BCELL_UP	GSE4142_PLASMA_CELL_VS_MEMORY_BCELL_UP	0.0479846449136276	119	22	PDE6A,RGS5,SYT6,PTPRU,PLEKHG4,INAVA,IGDCC4,MYBPH,PDP1,CXCL6,GRHL3,ADRA2B,SMARCA1,GPR173,MFSD2B,IQSEC2,COL6A2,SAA2,SERPINB1,TOMM20,COL1A1,CDHR2
GSE31622_WT_VS_KLF3_KO_BCELL_UP	GSE31622_WT_VS_KLF3_KO_BCELL_UP	0.0408253878282041	164	31	ALDH6A1,DPYD,ISL1,MIMS2,GRPR,NR2F1,PAQR6,PCSK6,PDE7A,RETREG3,PAFAH1B1,PDP1,ZNF483,VAMP5,SMARCA1,RYR1,STARD10,SVIP,RCAN2,RBP7,RC3H1,ALDH1A1,KYAT3,SERPING1,CAP2,DPEP1,CLIC5,MAP4K2,NOTCH3,FZD2,TPD52L1
GSE28726_NAIVE_VS_ACTIVATED_NKTCELL_DN	GSE28726_NAIVE_VS_ACTIVATED_NKTCELL_DN	0.0307129863540532	189	29	GNAI1,FADD,NOL7,GNG5,PPP2CA,HNRNPAB,SLC7A5,ATF3,CYTIP,CD47,GTF2E2,TMEM243,SAFB2,IL18R1,PNP,IER3,EZH2,EGR2,PLPP1,ATP1B3,NFE2L2,AP3M2,RRS1,LRRFIP1,NFKB1,ZPR1,DYNLL1,PLP2,ZNF165
GSE46242_TH1_VS_ANERGIC_TH1_CD4_TCELL_WITH_EGR2_DELETED_DN	GSE46242_TH1_VS_ANERGIC_TH1_CD4_TCELL_WITH_EGR2_DELETED_DN	0.0341264971100877	156	44	PLIN2,DNAJA1,TIPARP,PAQR4,CD47,UBALD1,CTTNBP2,PCOLCE2,MRPL34,KLF11,SLC35E4,EGR2,AGPAT2,SLC35A1,FKBP5,ZC3H14,RAMP1,DGKZ,INF2,PGP,BMP8B,TMEM223,TYW3,EXD2,SLC25A1,NKX3-2,UBB,ZRSR2,CEP164,SMARCC2,CCDC88C,EHD4,SBNO2,ADRB2,HADH,SH2B2,DOCK11,SCARB1,PIP4K2A,ALDOA,PITPNC1,CAPRIN2,EXD3,SECTM1
GSE24102_GRANULOCYSTIC_MDSC_VS_NEUTROPHIL_DN	GSE24102_GRANULOCYSTIC_MDSC_VS_NEUTROPHIL_DN	0.0206638224642651	174	46	SRXN1,BIK,OLFM1,SQLE,GLRX5,CSRNP1,REXO2,NFKBIB,DBI,CHSY3,NHP2,ANKH,B3GALT6,CHCHD4,RBM19,MIX23,BASP1,VPS50,RRS1,TRMT61A,POP7,NOL12,YBX3,DNAJC21,PDIA6,HS3ST3B1,TARS1,TTLL12,DPP6,BAG3,MYCL,PPIE,NOLC1,WDR74,SEC23B,MFHAS1,EGLN3,SRM,SLC7A8,TXNL1,GNL3,SACS,RRP9,GAS6,MRPL39,PPP1R7
GSE22886_NAIVE_CD8_TCELL_VS_DC_DN	GSE22886_NAIVE_CD8_TCELL_VS_DC_DN	0.030363823114573	186	60	ATP6V1F,VIM,ATP1B1,RAB11FIP1,HCCS,CTSH,TGFBI,ARHGEF11,VAMP8,CTNNA1,SUOX,LY96,SNX13,NCSTN,MAN2B1,CAPZA2,SELENOT,TUBA1C,GCA,ATP6V0E1,ITPRID2,RCOR1,RNASE6,SERF2,BID,PI4K2A,NDUFV2,DPYD,NPTN,PSMB5,ATP6V1E1,DSE,AP2S1,WSB2,GDE1,ATP6V1A,RIT1,CD63,SPTSSA,PLIN3,MDH1,VAMP3,LAPTM4A,NAGA,ANXA2,CORO1C,CTSS,ARL8B,CTSB,DLD,SYNGR2,FLVCR2,FEZ2,DAB2,ATP6V1B2,LAMP2,CRIM1,GSN,CCR1,RAB31
GSE24142_DN2_VS_DN3_THYMOCYTE_UP	GSE24142_DN2_VS_DN3_THYMOCYTE_UP	0.0420110925123169	170	37	P2RX4,CRYZL1,HSD17B12,FES,CAVIN1,ITGA2B,CKM,TAGLN2,RIPOR1,ALOX5AP,DUSP6,IGDCC4,PPIC,IQGAP2,MGST1,UAP1L1,CEBPZOS,GLIS2,CD9,RASGRP2,THEMIS2,LYPD1,SELENBP1,ANXA1,CKAP4,LDAF1,TSPAN2,PI4K2B,LITAF,PROCR,SLC25A24,OGFRL1,SERPINB1,TLE1,MRC2,RAB31,GM2A
GSE9988_ANTI_TREM1_VS_ANTI_TREM1_AND_LPS_MONOCYTE_UP	GSE9988_ANTI_TREM1_VS_ANTI_TREM1_AND_LPS_MONOCYTE_UP	0.0256420242708996	185	41	S100A2,BLOC1S3,SCARB2,PI4K2A,PRMT6,YWHAG,SLC8B1,ATXN7L3,EIF4EBP2,GGA2,G3BP2,PHF13,CNIH1,ARL6IP1,KLF13,MIEF1,CNEP1R1,CMTM3,TNFRSF1A,TSPAN17,LAPTM4A,DDX6,PAFAH1B2,MYL6,SNX12,CKAP4,USP22,KIAA0232,PHAF1,DNASE1L1,TBC1D2,HAVCR2,PLEKHO2,FUOM,PRR13,ARHGAP30,PRKAG2,AMD1,TGFBR1,REST,CCR1
GSE41867_MEMORY_VS_EXHAUSTED_CD8_TCELL_DAY30_LCMV_UP	GSE41867_MEMORY_VS_EXHAUSTED_CD8_TCELL_DAY30_LCMV_UP	0.0277704136372589	167	38	TDRD7,ZNF513,SOCS1,WDR37,STAT2,SUCO,SLC15A3,ADGRD1,BCAT1,HINT3,CORO2A,CYBB,LAT2,ALS2,CD99L2,RNF157,NCF2,ADAR,DUSP2,CXCR6,DENND2B,F2R,LAMTOR4,LFNG,CTSS,SERPINB9,HSH2D,ICAM1,RAB5C,ANXA1,ITGB5,NCEH1,ARHGAP30,MCOLN3,LCK,SERPINB1,CNN3,TSPAN14
GSE17721_POLYIC_VS_CPG_12H_BMDC_DN	GSE17721_POLYIC_VS_CPG_12H_BMDC_DN	0.0321304080842018	183	64	CTU1,TPP2,MANF,ID1,GDF15,MRPL12,ANP32B,GTF3A,MPHOSPH8,MRPL41,GTF2E2,CDC25A,STUB1,REXO2,STT3A,PDCD5,ZC3H8,SRSF10,SLC47A1,RAD51,DDX10,GRK2,BOP1,PDLIM7,IKBKB,SLC71A1,SLC52A2,CCL24,SELENOS,INSM1,JMJD6,RPA2,ZNF276,BSG,MCM3,ATAD3A,RAB10,POLR3D,GSS,PSMG1,HJURP,SRM,DCAF13,TESK1,GNL3,USP39,DNAJB6,PBDC1,MED8,FBXO15,FASN,RRN3,FGF21,LTV1,HSPA4,FDFT1,SSRP1,BYSL,CDKN2B,PUM3,FDPS,PSTPIP2,LRRC59,MTDH
GSE17721_4H_VS_24H_POLYIC_BMDC_UP	GSE17721_4H_VS_24H_POLYIC_BMDC_UP	0.0344066680490092	175	40	PRKCI,ANKRD13A,CDA,MBTD1,SCAMP1,LSS,TMED5,PIM1,FOXK1,SLC38A5,RPS16,UNC119,PTBP3,PCCB,RIPOR1,NDUFB5,CRTAP,GPX3,HIPK3,IKZF4,CMTM3,S100A13,TNFRSF1A,NAB2,ANXA2,CAPZA1,CD70,RYR1,CAMK2D,TRAM1,HDDC2,HKDC1,MITF,TRAF5,LIN7C,PLTP,RBM3,CCDC80,TIMP2,KCNN4
GSE43863_NAIVE_VS_LY6C_LOW_CXCR5NEG_CD4_EFF_TCELL_D6_LCMV_DN	GSE43863_NAIVE_VS_LY6C_LOW_CXCR5NEG_CD4_EFF_TCELL_D6_LCMV_DN	0.0321772271403885	171	52	ENDOG,FBXL15,MEX3D,ACSS3,MZT2A,ANTKMT,NOTCH1,SLC2A6,GADD45GIP1,PHLDA2,MACROD1,ZNF296,SAFB2,TAF10,C16orf54,MALL,JAG2,NRCAM,MLLT6,ENKD1,DNAAF11,NSMAF,MLLT1,RHOF,CTSD,ZNHIT2,BFSP1,MPG,EXO5,MCM4,PEX6,PPP1R14B,ZNF274,RPS15,P3H4,CCT3,PVR,SLC16A14,CEP95,CLUH,RAB11FIP3,PA2G4,HAX1,THOC6,CEP250,MGAT1,MUS81,NDUFB10,DNPH1,CDR2L,EIF4EBP1,ADGRG1
GSE11961_FOLLICULAR_BCELL_VS_PLASMA_CELL_DAY7_UP	GSE11961_FOLLICULAR_BCELL_VS_PLASMA_CELL_DAY7_UP	0.0343979004107224	170	36	AHSA1,JUN,MANF,GZMB,SAPCD2,FAM222A,ANP32B,MLKL,GPR155,CSRNP1,DAZAP1,BRCC3,CADM1,HIRIP3,ANKRD28,RBM19,PKMYT1,BASP1,AVEN,FKBP5,SCAF4,RABL3,GSPT1,TRPV6,TMEM178A,SLC25A20,UBALD2,KAT2A,PRKCSH,SPCS2,EBNA1BP2,RCL1,TM4SF1,IFIH1,TIMM9,RSL1D1
GSE36078_UNTREATED_VS_AD5_T425A_HEXON_INF_MOUSE_LUNG_DC_DN	GSE36078_UNTREATED_VS_AD5_T425A_HEXON_INF_MOUSE_LUNG_DC_DN	0.0491159135559921	174	54	SYK,FBXL15,COLGALT2,DCLRE1A,F2RL3,IL2RA,RCN1,RIOX2,NCK2,ITGA2,POLA1,TXNDC5,ITGA1,ERP44,HIC1,MKI67,TSC22D3,E2F8,JPT2,RIOK1,RNASEH2C,POGK,AARS2,STIL,HMGB2,RALA,COXFA4L2,NEB,SNX9,SGO1,LHX2,PLEKHF1,FBXO27,MCM3,ADAP1,RAP1GAP2,PGRMC1,YRDC,B3GAT3,CENPE,FEN1,HK2,KIF14,PRUNE2,NDC80,TXN,SPSB3,GPR179,SATL1,COIL,CCNA2,RECQL4,PBDC1,GPSM2
GSE9988_LOW_LPS_VS_VEHICLE_TREATED_MONOCYTE_DN	GSE9988_LOW_LPS_VS_VEHICLE_TREATED_MONOCYTE_DN	0.0374363130705248	184	51	KLHDC3,CASP8,APOBR,MTCH1,S100A6,PTP4A2,CTDSP2,STX6,PURA,LAPTM5,FOXK1,ZNF555,RBPJ,NLRP12,GRN,ZDHHC7,YWHAG,ARL6IP5,ORAI2,ATXN7L3,WIPI2,RAB11FIP4,RIPOR1,KLF13,DNAJC5,WBP1L,BRI3,CMTM3,TNFRSF1A,LAPTM4A,CAPZA1,MAST3,LFNG,CTSB,MYO1F,USP22,PSAP,TGIF2,TNRC6A,PHAF1,PLEKHO2,DAZAP2,DSTYK,ZNF780A,ENC1,ARHGAP30,PXN,ATOSB,KLHDC10,CCR1,RAB31
GSE27786_LIN_NEG_VS_BCELL_UP	GSE27786_LIN_NEG_VS_BCELL_UP	0.0282878217833415	175	43	TLNRD1,GZMB,FAM222A,MLKL,TMEM106C,HSPD1,SIGMAR1,ATP10A,SIX5,PNP,ST3GAL4,DBI,VAV3,ZNF771,RUVBL1,METAP1D,ANKH,LMNB2,UBE3B,RIMKLA,REPIN1,MNS1,CCDC102A,ETFDH,MRPL3,TMEM178A,GEMIN8,PAQR8,TTLL12,MYCT1,GLA,GTSE1,CFAP20,BORA,STEAP3,ZNF239,PDAP1,UBR7,MCM3,SGO2,PRC1,ELF3,ECI2
GSE41176_UNSTIM_VS_ANTI_IGM_STIM_BCELL_1H_UP	GSE41176_UNSTIM_VS_ANTI_IGM_STIM_BCELL_1H_UP	0.0452795696429995	158	41	IL23A,VAV1,FNDC3B,MTF1,FOSL2,C1QTNF1,MARCKS,NINJ1,ADGRE1,PTAFR,MT1F,LIMK2,FRZB,DNAJB5,TOM1,DUSP2,WNT5A,TNFRSF9,CXCL6,BCL3,SRC,YIPF6,EBI3,ENTPD7,PLAUR,MICALL1,SLC43A3,C5orf15,ICAM1,TPST1,HOXA1,BTG3,MMP7,PROCR,LAMB3,UGCG,SOCS2,ADM,SERPINB1,PLAT,KCNN4
GSE7764_IL15_NK_CELL_24H_VS_SPLENOCYTE_DN	GSE7764_IL15_NK_CELL_24H_VS_SPLENOCYTE_DN	0.0435921434066937	181	45	SLC25A30,SDC1,SERINC1,ANG,XKRX,CLCN5,MAT2B,APOBEC3B,UROD,SORT1,PHIP,RASSF4,GPR35,DCUN1D1,SIRPA,MOB2,FGFR1OP2,TMT1A,RFLNA,BDH1,PACSIN1,PTPRO,PAG1,PDE7A,MYO1C,TRIB2,ARHGEF12,SDCBP,NUAK2,SLC46A3,HSH2D,CD4,EDEM1,TP53INP1,PPP4R2,CELF1,NDST1,TSPAN32,IFITM2,FUOM,ARHGAP30,MCOLN3,TG,TGFBR3,FRY
GSE2770_UNTREATED_VS_TGFB_AND_IL4_TREATED_ACT_CD4_TCELL_2H_UP	GSE2770_UNTREATED_VS_TGFB_AND_IL4_TREATED_ACT_CD4_TCELL_2H_UP	0.0296667960549351	187	47	DNAJC1,JUN,WNT6,DNAJB11,SIGMAR1,TBL2,FOXL2,TSEN2,CMSS1,LRPAP1,MTFP1,SPR,MRPS31,MRPS2,ASCC3,TRMT61A,GSPT1,SRP68,LEO1,PPP1R10,THYN1,ACADVL,SHQ1,LTAP1,CD300A,NBEA,DIS3L,EIF2S2,SCFD2,LTBP3,TSPO,LARS1,PDSS2,RABL6,ZNF473,ARMCX2,EXOC6B,MESD,CORO2B,TXNDC15,G6PD,TSSC4,MOCOS,DNAAF2,IMPA2,MVB12A,ATF6B
GSE37416_0H_VS_48H_F_TULARENSIS_LVS_NEUTROPHIL_UP	GSE37416_0H_VS_48H_F_TULARENSIS_LVS_NEUTROPHIL_UP	0.0221861312515946	176	39	EIF4E3,ZBP1,TMEM65,LRP10,C21orf91,SLC8A1,PLCB2,ANKRD50,RAMAC,KPNA2,ITGB2,FAM8A1,LIMK2,NOTCH2,TOR1AIP1,EVI5,SH3BGRL,LGALS9,RCAN1,SNX18,CMTM3,LYPLA1,LCP1,ACAP1,OAZ2,LILRB3,FHIP2A,UBA3,MTM1,MICAL2,HYCC2,RUNX2,RC3H1,PRCP,SRP9,PADI2,PXN,TIMP2,CAMK1D
GSE17580_TREG_VS_TEFF_S_MANSONI_INF_DN	GSE17580_TREG_VS_TEFF_S_MANSONI_INF_DN	0.0432745605564745	170	60	ZBTB20,GRAP2,KIF1B,ATP6AP2,UBR3,DENND4C,CYP2S1,KRAS,RNF145,ATP1B1,NRBF2,PLEKHO1,ATE1,KCNMB4,ATP2A1,UBE2B,TMEM9B,G0S2,SIAH1,TANC1,TSPYL1,CMPK1,APPBP2,MYL11,PCMTD2,CD2AP,RANBP10,ANK3,RASGRP1,TAOK1,SOSTDC1,ADCY6,RCHY1,LMO4,ARL6IP5,ARL4C,TUBB2A,PAQR7,MTURN,CD28,SELENOP,TMT1A,CNEP1R1,LPP,PDE7A,SPTSSA,ID2,GGT5,PDLIM1,TSPAN9,ITGB5,NRAS,ACP5,GRAMD2B,ENC1,CACNB3,UGCG,SOX4,KRT81,NANOS1
GSE17580_UNINFECTED_VS_S_MANSONI_INF_TEFF_DN	GSE17580_UNINFECTED_VS_S_MANSONI_INF_TEFF_DN	0.0387785617626186	163	46	COXFA4,RPL26,CMPK1,CSF1,ELK4,SYNC,CDA,RIPK3,GNPDA2,SLC38A5,PRDX2,CD44,BMPR1B,BMP7,MRPS17,SNTA1,PTAFR,KAT2B,ST3GAL5,TASP1,TK1,PLD2,NCMAP,PMEPA1,CXCR6,CDK2AP1,MECP2,SERINC3,PSMB2,WSB1,HIF1A,F2R,MBNL1,ID2,CCR5,SLC22A17,INPPL1,ICAM1,LDAF1,CISH,IFITM2,CLCNKB,RBM3,CTTN,SOCS2,BOC
GSE20715_0H_VS_24H_OZONE_TLR4_KO_LUNG_UP	GSE20715_0H_VS_24H_OZONE_TLR4_KO_LUNG_UP	0.0473354567354979	166	28	LAMA3,PTPRO,CUEDC1,BRI3,FABP3,PLIN3,ANGPTL2,ANP32E,GLIS2,PRDM1,RASD2,HDDC2,CIRBP,PLEKHA6,MMP11,NRP2,TPST1,TMPRSS2,SEPTIN4,FBLN5,WDR6,PLXND1,LSP1,SOX4,ALPL,SMPDL3B,SERPINB1,RRM2B
GSE25123_IL4_VS_IL4_AND_ROSIGLITAZONE_STIM_MACROPHAGE_DAY10_UP	GSE25123_IL4_VS_IL4_AND_ROSIGLITAZONE_STIM_MACROPHAGE_DAY10_UP	0.0221861312515946	176	50	S100A6,VMP1,AREG,NFATC1,ARNT2,KDELR2,WDR26,RHOC,MATN2,ARPC1A,NUCB1,SOSTDC1,TDRD7,ALAD,BID,GPR20,UNC119,SLC15A3,OSBPL3,TOX2,UBASH3B,MIMS2,SNX33,NCMAP,TNFRSF9,GINS1,ANGPTL2,SYNPO,KCTD17,PPFIBP1,EEA1,ID2,ANXA4,RUNX2,MYO1F,IL1R2,POGLUT3,CD81,AMOTL1,ITGAV,GDPD5,LITAF,IFITM2,SLC25A24,AHR,CAPG,ATOSB,MALT1,SERPINB1,KRT5
GSE15750_WT_VS_TRAF6KO_DAY6_EFF_CD8_TCELL_DN	GSE15750_WT_VS_TRAF6KO_DAY6_EFF_CD8_TCELL_DN	0.0373938932092409	168	35	GPR17,HSD17B2,TOX2,AEBP2,SLC6A19,DMKN,CLIP4,CRABP1,ZNF451,TNS1,SENP2,PSMD11,ANKRD63,TAGLN,GALNT9,TM9SF3,GRHL3,CORO6,C9orf152,TFAP2C,KCNK1,NINJ2,ARSI,CCL22,C5orf15,SLC25A17,NPC1L1,STARD4,PIP5K1A,SUSD2,MYL9,CDH1,NUDT4,NANOS1,MUC13
GSE1460_DP_THYMOCYTE_VS_NAIVE_CD4_TCELL_ADULT_BLOOD_DN	GSE1460_DP_THYMOCYTE_VS_NAIVE_CD4_TCELL_ADULT_BLOOD_DN	0.0375889604748151	169	39	CCND2,MINDY1,CD44,PLCB2,B4GALT4,RPL12,SCARB2,RPS5,UBA7,ST13,HLA-E,SLC15A3,ITGB2,ARL6IP5,JADE2,APOL1,GID8,FAIM2,RPS29,RRAS,PDXK,INPP4B,PBXIP1,NET1,TIMP1,ASAP3,MVP,LITAF,IFITM2,FOXJ2,BST2,PXN,ITGA6,SOCS2,PIK3CD,HEG1,TCN2,DTX4,PDE4B
GSE13547_2H_VS_12_H_ANTI_IGM_STIM_BCELL_UP	GSE13547_2H_VS_12_H_ANTI_IGM_STIM_BCELL_UP	0.0216961289523238	162	60	SRXN1,SERPINI1,KIF15,GRM8,MLKL,KIF4A,MNT,NUF2,MKI67,CADPS,TPX2,RAD51,HSPA4L,EPC2,MYBL1,CKAP2L,TJP2,SETBP1,EPHX1,CHEK1,RGS16,CLSPN,RAD54L,HMGB2,EHD4,NEB,NEIL3,SGO1,IFIH1,TCF19,DRAM1,ADAP1,SGO2,PRC1,TNFSF4,CASP4,SRGAP3,OFD1,CENPE,KIF14,NDC80,TXN,HELZ2,CCNA2,MSL3,GPSM2,TOP2A,CDCA3,HMMR,CENPF,ADGRG1,KIF22,ALCAM,PLSCR1,CEP55,GAD1,TACC3,IFI16,BUB1,ANLN
GSE37532_WT_VS_PPARG_KO_VISCERAL_ADIPOSE_TISSUE_TREG_UP	GSE37532_WT_VS_PPARG_KO_VISCERAL_ADIPOSE_TISSUE_TREG_UP	0.0368130897407047	188	49	ZNF367,H2AX,SAPCD2,RFC4,CPAP,H1-10,PLK4,KIF4A,LRRFIP2,DUT,MXD3,TPX2,NAP1L4,PKMYT1,GINS2,CTCF,CENPI,COP1,DGKZ,CKAP2L,TCF3,HNRNPM,SLC25A20,CETN3,TRIOBP,STIL,FBXO5,RAD54L,HMGB2,SYF2,GTSE1,TAPT1,TRIM24,CDC25B,CCDC150,SGO2,EME1,MFHAS1,TMSB15A,NSD2,PRC1,FAM111B,TRIP13,MME,HMGN2,DTYMK,KIF14,NDC80,CCDC34
GSE17186_NAIVE_VS_CD21LOW_TRANSITIONAL_BCELL_DN	GSE17186_NAIVE_VS_CD21LOW_TRANSITIONAL_BCELL_DN	0.0290707710389548	184	50	ING1,ZFPM1,ENDOG,ARL2BP,SMC4,PPDPF,PKNOX1,IRF2BPL,ZBTB2,RP9,CBX4,SLAIN1,CMSS1,SORCS2,POLRMT,EPHB6,PAXX,MLLT6,RPL22L1,TNK2,UTP20,GPR183,PPP2R5A,RBM38,METTL23,EXD2,STK10,ZNF280C,CTSD,PDCD10,ANGPTL4,HADH,CFAP96,RCL1,ABHD8,RUNDC3B,TCF12,DYRK2,MTHFD1L,MFHAS1,RPL36A,ICAM2,MAP7,ABCA2,SMG9,ZAP70,SSBP2,JADE1,PCSK4,SERPINB6
GSE16450_CTRL_VS_IFNA_6H_STIM_MATURE_NEURON_CELL_LINE_UP	GSE16450_CTRL_VS_IFNA_6H_STIM_MATURE_NEURON_CELL_LINE_UP	0.0352356892383468	149	45	RAB11FIP2,APOBR,ITIH5,SSH1,RCAN3,IL17RE,TXNIP,EIF4E3,MMP2,RIMS3,DLG4,INPP5K,SWAP70,ABCA4,CORO7,ITM2C,ADAM11,KAT2B,SPOCK2,PRNP,TBC1D20,CORO2A,CYBB,TNS1,MTMR3,PFN2,A1CF,IKZF4,PIK3R1,TCF7L1,AKR1C4,GRHL3,C19orf12,NT5E,MICALL1,NRP2,TP53I11,CHD3,SOCS2,PIANP,ECM1,WLS,KRT5,GM2A,NTM
GSE34156_UNTREATED_VS_6H_NOD2_AND_TLR1_TLR2_LIGAND_TREATED_MONOCYTE_DN	GSE34156_UNTREATED_VS_6H_NOD2_AND_TLR1_TLR2_LIGAND_TREATED_MONOCYTE_DN	0.0450599769768062	140	36	CD72,ZBP1,OGDH,MFN2,ATP11B,LY6E,TDRD7,MOV10,BIRC2,TMEM229B,SWAP70,HDAC3,SGPP1,STAT2,TNFSF10,COMMD8,UBE2L6,DCUN1D1,CRYBG1,SLFN5,MX2,SH3PXD2A,ADAR,GBP3,COPG2,ABI1,IREB2,RSBN1,TMOD3,MARCHF6,MOB1A,LY6S,DAZAP2,ARHGAP30,MX1,TLE1
GSE17721_PAM3CSK4_VS_CPG_24H_BMDC_DN	GSE17721_PAM3CSK4_VS_CPG_24H_BMDC_DN	0.0430286823714945	183	43	VCP,MOV10,RTCB,RAP2A,YWHAG,TRAFD1,SERPINF1,PRRX2,SSBP3,ANKRD40,TRIP12,PPP3CB,PSMB10,EXOC6,PMEPA1,TNKS2,SPSB1,IGDCC4,LAMA3,WBP1L,ACVR1,AGFG1,TMEM219,TOR1AIP2,C19orf12,TXNDC9,ID2,IST1,RO60,GNG11,AP1G1,LMBR1L,CD81,PSAP,CYTH3,GRAMD2B,SUMO3,MDM2,AVL9,PXN,EPSTI1,MMP14,HPGD
GSE17721_LPS_VS_POLYIC_24H_BMDC_DN	GSE17721_LPS_VS_POLYIC_24H_BMDC_DN	0.0385729728949908	173	52	ZNF395,SEC24B,SNRK,LAMTOR1,CTDSP2,SELENOT,ARNT2,TTC3,GCA,ATP11B,HS1BP3,PLCB2,ITPRID2,BID,MTMR6,STAB1,KIF2A,PTBP3,ADAM11,SUB1,KAT2B,FZD4,ARL4C,NEU1,GPR35,TUBB2A,LAT2,RAP2C,TOM1,VPS35L,MTMR10,IFITM3,PAG1,TCF7L2,TNFRSF1A,CLN8,TREM2,SEPTIN8,GPSM3,ITIH3,EMP3,FEZ2,DAB2,PLEKHO2,ATP6V1B2,LAMP2,DSTYK,CAPG,AVL9,EPSTI1,CACNB3,REEP3
GSE339_CD8POS_VS_CD4CD8DN_DC_DN	GSE339_CD8POS_VS_CD4CD8DN_DC_DN	0.0245559814095786	176	38	RGS14,RFC4,NPNT,ARHGEF3,ADGRB1,NR4A2,STUB1,POLA1,POR,LTB,TUBGCP3,ABCB1,ZBTB12,HIC1,GGH,AQR,CYP2J2,MAN1A1,HPCAL1,BMP8B,LYSMD2,CRNKL1,BHLHE40,NFKB1,KRT10,STARD3,JUNB,B4GALT3,FIP1L1,PTGS2,KANSL2,CLPTM1,RPS6KA4,MNAT1,MRM3,SAXO6,BMP8A,RCL1
GSE37301_HEMATOPOIETIC_STEM_CELL_VS_PRO_BCELL_DN	GSE37301_HEMATOPOIETIC_STEM_CELL_VS_PRO_BCELL_DN	0.0499321852574705	157	45	LRRC45,GLRX5,LSM7,ISOC1,CTNNBL1,MRPL58,GBE1,NAP1L4,PCSK1,NT5C,ZXDC,ARHGDIA,DNAJC7,SPINT2,GPR183,RDH14,CPE,STAMBPL1,SF3A3,EPHX1,CCDC107,POLR1E,RBMX2,SYF2,SLC7A6OS,RBM22,PNN,PLCB4,MESD,YPEL3,EIF1,ICAM2,RSRC2,NLE1,EYA2,NFU1,MRRF,LSG1,NHEJ1,DNTTIP1,CDK11B,CMAS,CLK2,MRI1,REEP4
GSE25088_WT_VS_STAT6_KO_MACROPHAGE_ROSIGLITAZONE_AND_IL4_STIM_DN	GSE25088_WT_VS_STAT6_KO_MACROPHAGE_ROSIGLITAZONE_AND_IL4_STIM_DN	0.0258784102277761	162	48	TXN2,STOM,BMI1,DOCK9,GBP1,PAM16,SLC38A5,NAALADL1,MAPK6,MAP3K21,FAM169A,TBKBP1,PIAS2,MT1F,AGFG2,YWHAQ,EOGT,EVI5,MX2,COPZ2,RNF157,PAQR6,FAM43A,MYOF,IQGAP2,FXN,GLB1L,COL6A3,RENBP,CD70,ARHGEF12,TBC1D25,ARL8A,SLC22A17,RUNX2,CTSB,INPP4B,IL1R2,RCAN2,LIMA1,FLVCR2,CX3CL1,GLMP,PRKAG2,AMD1,RGS9,MYL9,PIP5K1B
GSE19941_UNSTIM_VS_LPS_AND_IL10_STIM_IL10_KO_MACROPHAGE_UP	GSE19941_UNSTIM_VS_LPS_AND_IL10_STIM_IL10_KO_MACROPHAGE_UP	0.0290417546775292	156	28	SCOC,IL12RB2,COX18,GIPR,NF2,RIT1,NECAP2,TNFRSF1A,PTPN14,KRTAP3-3,MPP4,C19orf12,SSH2,ASB4,GREM1,HPN,SLCO2A1,ICAM1,IL1R2,SHISA2,ARID5B,SAA1,CACNB3,PDGFRB,MYL9,SMAD3,RRM2B,GABARAPL1
GSE14415_INDUCED_TREG_VS_FAILED_INDUCED_TREG_UP	GSE14415_INDUCED_TREG_VS_FAILED_INDUCED_TREG_UP	0.0162002776116846	179	43	AHSA1,UBE2S,MRPS22,LSM7,TSEN2,POLQ,MRPL18,MDC1,ISOC1,DUT,HIRIP3,NHP2,TAF12,TUBA4A,RANBP1,MIX23,RAD51,DSCC1,JPT2,NANS,CARS1,MCM10,MYC,FBXO5,SAAL1,LYAR,PRIM2,CFAP20,CSTF2,GEMIN5,PSMC3IP,SGO1,POLB,BATF,PPIE,ADAP1,EME1,POLD1,MORF4L2,IMPA2,RFC5,FADS1,HMGN2
GSE360_DC_VS_MAC_B_MALAYI_LOW_DOSE_UP	GSE360_DC_VS_MAC_B_MALAYI_LOW_DOSE_UP	0.0251626909958485	179	37	CCNE1,ETV6,CRKL,PTAFR,GPR20,ATXN10,GPR35,LAPTM4B,ANXA6,WSB2,EFNB3,TPM1,RNF4,ADGRL2,TMBIM6,TAGLN,ACTR2,H2AZ1,PANK3,SPTSSA,RNASE1,VAMP3,FAM168B,RPS29,ERCC2,CHP1,ANXA1,DMAC2L,LDHB,MOB1A,CX3CL1,LTBP2,PPP1CB,GYS1,PTPN7,STAT6,MRC2
GSE11057_NAIVE_VS_CENT_MEMORY_CD4_TCELL_DN	GSE11057_NAIVE_VS_CENT_MEMORY_CD4_TCELL_DN	0.0366834804493625	178	36	OSBPL3,AGFG2,YWHAQ,EIF4EBP2,TAGLN2,CDC42EP3,AHNAK,TOM1,SLC6A6,SPSB1,ITGB1,LPP,IQGAP2,ELAPOR1,PDP1,CD63,NBEAL2,KLHL5,SH3BGRL3,IFFO2,PRDM1,TSPAN17,RYR1,ANXA4,MICAL2,MYO1F,AQP3,TP53INP1,ANXA1,ARID5B,ATP2B4,RORA,AHR,TGFBR3,ARF3,PRR5L
GSE29618_PDC_VS_MDC_UP	GSE29618_PDC_VS_MDC_UP	0.0329401924258401	174	46	TPM2,P2RX1,RPS6KA2,ERN1,RIMS3,CD2AP,YPEL1,TNFRSF21,SCARB2,USP11,TSPAN13,CMKLR1,SCAMP5,PHEX,SLC7A6,ITM2C,SERPINF1,GRAMD1B,MAGED1,GGA2,RIPOR1,CIB2,ALOX5AP,MYBL2,TULP4,TBC1D8,CCDC69,SFT2D2,CUEDC1,SIT1,RUNX2,CTSB,AQP3,CIRBP,MAPKAPK2,NPC2,CSF2RB,RNF11,DAB2,B4GALT1,UGCG,SOX4,RUBCNL,PIAS3,ATP2A3,KRT5
GSE37533_UNTREATED_VS_PIOGLIZATONE_TREATED_CD4_TCELL_PPARG2_AND_FOXP3_TRASDUCED_DN	GSE37533_UNTREATED_VS_PIOGLIZATONE_TREATED_CD4_TCELL_PPARG2_AND_FOXP3_TRASDUCED_DN	0.0458622149345243	148	47	CHD9,PODNL1,MLF2,ABCB10,PI4KB,MAVS,FMO5,TMEM60,JMJD4,ABTB1,MYO18A,LANCL1,SLC41A3,CCNG1,LETMD1,BTBD19,WDR26,ANXA7,UBE4A,CTDSPL2,HS1BP3,PHETA2,CUL3,PJA2,CYB5R1,FNIP2,VPS39,CAPN1,GPR132,KAT2B,YWHAQ,FAM8A1,GALNT12,WIPI2,STIM1,KLF12,YPEL2,H6PD,STARD10,RO60,HYCC2,KRT80,TSNAX,PADI2,PRKAG2,GYS1,TMEM63A
GSE9006_HEALTHY_VS_TYPE_1_DIABETES_PBMC_1MONTH_POST_DX_UP	GSE9006_HEALTHY_VS_TYPE_1_DIABETES_PBMC_1MONTH_POST_DX_UP	0.0228782482984604	193	42	PTBP3,ORAI2,GALNT12,PPP3CB,G3BP2,CYBB,CLP1,NPTN,RNF38,ARL6IP1,MAPK1IP1L,RAB40B,SNTB2,PIK3R1,ADAM10,ACTR2,DNAJB14,LYPLA1,HIF1A,TMOD3,QKI,CLN8,BMPR2,SPCS3,TMEM248,CORO1C,PRKAA1,CPSF6,TRAM1,LRIG2,BNIP2,YWHAZ,NAPG,RNF11,HNRNPH2,DAZAP2,NRAS,SUMO3,RBM3,PPP1CB,UGCG,SOX4
GSE22935_WT_VS_MYD88_KO_MACROPHAGE_12H_MBOVIS_BCG_STIM_UP	GSE22935_WT_VS_MYD88_KO_MACROPHAGE_12H_MBOVIS_BCG_STIM_UP	0.0291059663376683	169	27	DPP4,JUND,PPP1R15A,DIO2,F2RL3,SLC3A2,NEDD9,TSPAN5,NR4A2,HSP90B1,NUF2,HIC1,CEBPB,ARID5A,STEAP1,SLC38A4,SGK1,ACIN1,ARHGAP10,NFIL3,TRPV6,FRG1,TMEM178A,PDLIM7,SYN1,ELK1,HTRA3
GSE20715_WT_VS_TLR4_KO_48H_OZONE_LUNG_UP	GSE20715_WT_VS_TLR4_KO_48H_OZONE_LUNG_UP	0.0351060311438575	167	27	HSPH1,AHSA1,DUSP1,DCLRE1A,CEBPD,RAB43,MARK1,ID1,DNAJA1,STIP1,NPNT,LHX1,WEE1,CACYBP,SCG3,POLA1,SOBP,CADM1,NEK1,TSC22D3,FKBP5,HSPA4L,LTBP4,NFE2L2,YJEFN3,EXD2,DNAJB1
GSE22196_HEALTHY_VS_OBESE_MOUSE_SKIN_GAMMADELTA_TCELL_UP	GSE22196_HEALTHY_VS_OBESE_MOUSE_SKIN_GAMMADELTA_TCELL_UP	0.0460821314639927	172	53	TGM2,IL10RA,ASH2L,ARAP1,NDUFS2,LEPROTL1,DDB2,NR1H3,NAA80,TRIO,MTMR1,SEPHS2,STOM,PSMB3,GBP1,RABGGTA,PIM1,SORBS3,SLC6A12,NUCB1,MR1,GNS,SOCS1,SDC3,PHKG2,STAT2,TNFSF10,CCRL2,TRAFD1,UBE2L6,ST3GAL5,PSMB10,JADE2,PLPP3,ALAS1,C2,APOL1,CHI3L1,SMPD1,VAMP5,RRAS,SERPING1,CELF1,STAT5A,PADI2,ACP5,IFI35,MX1,SLC1A3,FZD2,TNFAIP2,C1S,GM2A
GSE43863_TFH_VS_LY6C_LOW_CXCR5NEG_EFFECTOR_CD4_TCELL_DN	GSE43863_TFH_VS_LY6C_LOW_CXCR5NEG_EFFECTOR_CD4_TCELL_DN	0.0460821314639927	160	47	VPS26B,IL6ST,SEMA4D,DUSP4,NFATC1,RPS6KA2,FOSL2,HYCC1,ITPRID2,RBPJ,TOB2,LIPG,DNAJB13,ANO6,DHTKD1,SLC15A3,OSBPL3,BEX3,TOX2,SLC6A19,GPR35,PRKCA,LAT2,TNFRSF13C,DUSP6,RBPMS2,NAB2,UAP1L1,RENBP,F2RL1,IL1R2,ATP6V0D1,NRP2,PSAP,LBH,ITGAV,MMP7,IFITM2,CHD3,AHR,CXADR,STARD8,SOX4,MALT1,SMAD3,LCK,GM2A
GSE37301_CD4_TCELL_VS_GRANULOCYTE_MONOCYTE_PROGENITOR_UP	GSE37301_CD4_TCELL_VS_GRANULOCYTE_MONOCYTE_PROGENITOR_UP	0.0492125984251968	134	33	KRT16,IL23A,RABGGTA,RANBP10,ADCY6,XKRX,TACC2,SLC26A11,GFOD2,CMBL,COMMD8,AP1M2,PREX1,DSE,PIK3R5,SLC16A5,SELENOP,PPIC,PAG1,TNFRSF1A,ARHGAP29,CORO1C,SNN,GGT5,RASGRP2,DENND3,PADI2,TGFBR3,ST3GAL1,JUP,ATP2A3,TSPAN14,NANOS1
GSE9960_GRAM_POS_VS_GRAM_NEG_AND_POS_SEPSIS_PBMC_DN	GSE9960_GRAM_POS_VS_GRAM_NEG_AND_POS_SEPSIS_PBMC_DN	0.0302976023618268	156	38	TUBA1C,LRP10,RANBP10,LCN2,FMNL3,CD44,VPS37B,GPR132,FLOT2,ERO1A,RAB8B,RPS6KB1,GNAZ,GRPR,PLEKHA1,GPR162,H2AZ1,BCL3,ITGA5,ITPKB,RNASE1,PRDM1,CAPZA1,EEA1,ID2,WDR45B,KRTAP3-1,H1-2,EMP3,WNT11,CYTH3,SULT2B1,PXN,BGN,WFDC2,GRIN2B,OLR1,KCNN4
GSE2197_IMMUNOSUPPRESSIVE_DNA_VS_UNTREATEDIN_DC_DN	GSE2197_IMMUNOSUPPRESSIVE_DNA_VS_UNTREATEDIN_DC_DN	0.0279858220181475	185	57	HOXA9,CDK8,ING1,TRIM9,POGLUT2,PKD1,WEE1,GPR155,SIGMAR1,WDR3,KCTD15,CTNNBL1,MAP1S,CUL4A,ELF2,ZDHHC9,ZXDC,NANS,KLF10,CEMIP,YBX3,AKAP1,AKT1S1,ILKAP,TRIM24,BORA,ZSCAN12,BRD8,TIMM9,NDUFAF4,IPO5,GGNBP2,MTHFD1L,SH3BP5,OGFOD1,DTYMK,KLC1,MKS1,ZNF408,CCNA2,NOB1,MED8,SSNA1,MOAP1,ZZZ3,TIPIN,LSM14B,SPRYD3,ESCO2,GART,NAGPA,EIF4EBP1,PDIK1L,KIF22,EED,MOGS,SF3A1
GSE22886_DAY0_VS_DAY7_MONOCYTE_IN_CULTURE_DN	GSE22886_DAY0_VS_DAY7_MONOCYTE_IN_CULTURE_DN	0.0298570475742883	194	43	EFR3A,SERF2,TRAPPC2L,TRIP6,PEX19,PI4K2A,TRPV2,NDUFB6,VAT1,PSMB5,DDHD2,SNX24,GPX3,MRPS16,HEXB,MYL6B,ALAS1,PXDC1,MOSPD1,PPIC,CHI3L1,ACP2,MDH1,GPNMB,ANXA2,CORO1C,ATP5MC3,ATP6V1C1,CTSB,SPARC,CD81,MITF,CLTC,APOE,ACP5,MCOLN3,GSN,TIMP2,ECM1,COL8A2,GMFB,GM2A,TNS3
GSE17721_PAM3CSK4_VS_GADIQUIMOD_24H_BMDC_UP	GSE17721_PAM3CSK4_VS_GADIQUIMOD_24H_BMDC_UP	0.0371752154711752	171	52	PELI1,SUOX,ZYX,KRT14,ISYNA1,APOBR,TM2D3,ZFHX3,RPL26,KLF9,SLC41A3,SFXN3,STOM,PSMB3,MBTD1,PCMTD2,EPS15,SLC6A12,LCN2,CTDSPL,RPS21,KIF1C,SLC39A1,ANG,HELZ,RAB3D,RBFOX2,TEP1,NDUFV2,AATK,UBL5,SSX2IP,WSB2,ACOX1,DOCK5,S100A13,UQCRC2,SERPINF2,CEBPZOS,CD9,RALBP1,MYL6,SLC25A17,SLC44A3,STARD4,NDST1,LAMC2,ARPP19,FUOM,PLXND1,RAB31,KIAA1217
GSE17721_LPS_VS_CPG_6H_BMDC_UP	GSE17721_LPS_VS_CPG_6H_BMDC_UP	0.0258037701031485	179	63	FUT2,FNBP4,SAMHD1,TNFSF9,TGM2,NACC1,ALDH1A2,MAD2L1,DCBLD2,CDK14,CDH4,LY96,DBNL,TSPYL1,SEC24B,SNRK,EVA1A,PCNX1,PPM1A,HMGN3,UGDH,BMI1,FICD,RSPRY1,ZBP1,ATP11B,FBXO42,RAB30,PHACTR2,FURIN,PABIR1,MOV10,SP6,PI4K2A,CCRL2,UBE2H,ATL3,TNFAIP1,ISG20,RAP2C,GNA13,TLCD2,GAS7,DUSP2,TBC1D13,ACVR1,CD164,H2AZ1,TMEM219,RSBN1,SAR1A,CRY1,RBMS2,SH3BGRL2,TIMP1,ITGAV,CACUL1,IFI35,STARD8,SERPINB1,PLAT,CAPN6,CYP24A1
GSE24574_BCL6_HIGH_TFH_VS_NAIVE_CD4_TCELL_DN	GSE24574_BCL6_HIGH_TFH_VS_NAIVE_CD4_TCELL_DN	0.032612020196813	190	45	BIK,FADD,SPRY2,NOL7,UBE2S,GNG5,HNRNPAB,GPX1,SLC7A5,ATF3,TMEM243,PLEC,IER3,EZH2,CCT4,ATP1B3,LTBP4,NFE2L2,NSMAF,ZC3H13,LRRFIP1,MYDGF,TSC22D2,NFKB1,ZPR1,DYNLL1,PLP2,ZNF165,EBNA1BP2,CDK17,TP53BP1,IPO5,CCT5,ISG20L2,UTP18,SACS,FEN1,SRI,TM9SF1,NELFE,AP1S2,COX17,UAP1,EIF2S1,TRAF1
GSE21927_SPLENIC_VS_TUMOR_MONOCYTES_FROM_C26GM_TUMOROUS_MICE_BALBC_DN	GSE21927_SPLENIC_VS_TUMOR_MONOCYTES_FROM_C26GM_TUMOROUS_MICE_BALBC_DN	0.0366203294203543	186	63	ATP6AP2,INSIG2,BMAL1,ABAT,RIOK3,PLEKHO1,GMFG,NFRKB,ARAP1,SRSF11,EFNA1,BAZ2A,LPAR1,CITED2,WIPF2,ASB1,ZC3H11A,CMPK1,SNRK,CYLD,HIPK1,CREBL2,CCNG1,CTBS,KLRC3,TXNIP,PIPOX,LSS,LEMD3,EPHA1,MACF1,CPNE3,CES2,NR1D2,ARHGAP1,UBA7,FBXL5,P2RX4,ERBIN,ARL6IP5,FOXJ3,DYNLT3,KLF12,BNIP3L,VEZF1,DHRS1,ABI1,WBP1L,DIP2C,PAFAH1B1,WSB1,TNFRSF1A,ACAP1,BACH1,TRIB2,MAN1A2,IST1,CIRBP,TRAF5,FEZ2,ZFAND6,PIK3CD,PRSS23
GSE2826_WT_VS_XID_BCELL_UP	GSE2826_WT_VS_XID_BCELL_UP	0.0261243097345858	179	53	CDIPT,LIPC,EDN3,TPI1,ID3,ETNK1,ACE,PTPRJ,UBLCP1,MIF4GD,POLD4,CMTM6,BCAT2,GHITM,CMPK1,DFFB,UGDH,NCOA2,CD2AP,ENDOU,CUL3,HDAC3,BID,GTF2A2,KDELR1,MPP1,DNAJB5,GTF2A1,UBL5,TK1,LTK,FABP3,PIGS,ARHGAP29,VWA7,EBI3,CD9,MAST3,PCLAF,CCL22,DGKA,ROR2,EDEM1,WDR6,PCP4,LIN7C,CX3CL1,NHSL3,PDGFRB,SHISA5,CCR1,TBL1XR1,TWSG1
GSE19198_CTRL_VS_IL21_TREATED_TCELL_24H_UP	GSE19198_CTRL_VS_IL21_TREATED_TCELL_24H_UP	0.0399951440924262	168	31	PMEPA1,SPSB1,H6PD,IFITM3,NIBAN2,HIF1A,NECAP2,ITGA5,IL10,CD70,CEMIP2,ANXA4,RBMS2,SERPINB9,ICAM1,TIMP1,ITGAV,SAA2,CYTH3,SUSD2,LITAF,PROCR,CX3CL1,ENC1,TXNRD3,SOCS2,ADM,STING1,TNFAIP2,TIMP3,PDE4B
GSE27786_NKCELL_VS_ERYTHROBLAST_DN	GSE27786_NKCELL_VS_ERYTHROBLAST_DN	0.0431090571574237	158	39	HOXA9,BIK,CEP128,IL17RC,ADGRB1,MEMO1,THADA,IFT57,H1-10,EPHX2,MDC1,KCTD15,FBXO46,SLC1A4,RGS6,FIRRM,UBXN10,HSPA4L,CCN3,NKX2-8,LRRN4,LMNTD2,CCL24,WDR27,HS3ST3B1,ESPN,CFAP69,CEND1,EPB41L3,SLC16A6,ZC3H3,ZNF184,FBF1,CCN6,UBFD1,NDC80,JADE1,FOXA1,TMOD2
GSE1925_3H_VS_24H_IFNG_STIM_IFNG_PRIMED_MACROPHAGE_UP	GSE1925_3H_VS_24H_IFNG_STIM_IFNG_PRIMED_MACROPHAGE_UP	0.0366203294203543	186	37	RAB3D,MAPRE1,CDKN1A,SLC66A3,SLC26A2,CDX2,TRPV2,LMO4,TAGLN2,LAPTM4B,KLF13,DDHD2,SPSB1,LTK,METAP2,DDX19B,MAGED2,S100A13,C19orf12,MTM1,LGALSL,DPP8,TPMT,INPPL1,NIPSNAP2,MMP11,MAP3K12,XPNPEP1,LDHB,DNASE1L1,BEX4,CXADR,MMP14,ITGA6,SLC7A7,WLS,PTGR1
GSE41867_DAY15_EFFECTOR_VS_DAY30_EXHAUSTED_CD8_TCELL_LCMV_CLONE13_UP	GSE41867_DAY15_EFFECTOR_VS_DAY30_EXHAUSTED_CD8_TCELL_LCMV_CLONE13_UP	0.0244868751319459	176	56	MED28,CYTH1,SRD5A3,PAK1,SNAP47,USB1,RNASEL,KCNAB2,SAMHD1,IL10RA,PTPRS,BBS4,SLC35B4,IP6K1,CLCN1,CSF1,ENG,PEX2,ZBP1,ART5,GCA,PDLIM2,PRDX2,TDRD7,ZNF513,SOCS1,SLC9A1,ERGIC3,STAT2,MTX1,DHX58,CCRL2,TRAFD1,ITM2C,FES,NIT1,TMEM98,KCTD2,AP1M2,ISG20,DSE,TRAPPC1,LAMTOR4,HMGA2,PRRC1,ZNFX1,MYO1F,ANXA1,QPRT,NDST1,EPSTI1,SAA1,PIK3CD,IL2RB,PTGR1,PDE4B
GSE16385_IFNG_TNF_VS_ROSIGLITAZONE_STIM_MACROPHAGE_UP	GSE16385_IFNG_TNF_VS_ROSIGLITAZONE_STIM_MACROPHAGE_UP	0.0375411132612458	141	43	SLC16A3,AUTS2,NEDD9,NKD2,TSHZ3,MRPL52,CKS2,ABCB1,GTF2I,PIGH,SRSF10,THAP1,TTLL11,RBM42,TCHP,DVL1,MLF1,TTI2,ZNF165,MSL2,COXFA4L2,TMEM11,PIGU,EP400,IKBIP,NSUN4,TUBGCP4,SERBP1,HNRNPU,PDCD7,ZNF586,FRAT2,JADE1,SPSB3,PBDC1,NCOA5,RBM15,CCSER1,PAPSS1,CCDC142,EML6,GLS,ACTL6B
GSE27786_NKTCELL_VS_NEUTROPHIL_DN	GSE27786_NKTCELL_VS_NEUTROPHIL_DN	0.0473360479286394	172	43	SSC4D,ASPHD1,STRN3,ARID3B,EIF4E3,CAPNS1,SORBS3,ARPC1A,ATP11B,ZDHHC4,WNT9B,PABIR1,SUSD1,HPS5,DOC2A,TIAM2,C22orf23,SERF2,FOXN2,SERPINF1,CPA5,UBL5,MYL3,SEMA3G,RFLNA,VPS4B,RIT1,GALNT9,FZD7,TNFRSF1A,KCND1,TMC4,RAB14,HPN,KRT80,RASGRP2,PTPN1,TP53INP1,CDC50A,MDM2,KCTD10,TMEM63A,ZNF652
GSE22886_NAIVE_VS_IGM_MEMORY_BCELL_DN	GSE22886_NAIVE_VS_IGM_MEMORY_BCELL_DN	0.0346469232508097	174	37	MARCKS,GRN,DDAH2,SGPP1,TRAPPC2L,KPNA2,ERO1A,LMO4,SLC15A3,ATP5F1A,ITM2C,TRAM2,ST3GAL5,CNP,AHNAK,RNF34,PXDC1,DUSP2,ITGB1,SCRN1,ANXA2,CD70,GNG11,CYCS,PBXIP1,CKAP4,LDHB,MVP,ACP5,GAB2,RORA,CAPG,SLC7A7,CD24,RAB31,TNS3,KCNN4
GSE3039_ALPHAALPHA_CD8_TCELL_VS_B2_BCELL_DN	GSE3039_ALPHAALPHA_CD8_TCELL_VS_B2_BCELL_DN	0.0473360479286394	172	59	TPI1,ASH2L,INTS2,CUL7,BAIAP2,UBL4A,FARP1,HSD3B7,APOC2,SLC30A9,ABL2,IDI1,WDR36,CLDN2,HAL,STX1A,ZBP1,BTBD19,LPIN2,IFNAR1,EXT1,RBPJ,NINJ1,FNIP2,ECHS1,TRIP6,AGO2,CCRL2,BEX3,SKIL,FBLIM1,TASP1,CRTAP,HEXB,TLCD2,MAPK1IP1L,DUSP6,LRRC41,GINS1,TMEM9,RAB11FIP5,UAP1L1,F3,PCOLCE,HS2ST1,MAN1A2,FSTL1,NAGLU,SMOX,TIMP1,ARID5B,MEAK7,TP53I11,GLMP,LUM,KRT7,TIMP2,TOMM20,UACA
GSE37605_TREG_VS_TCONV_C57BL6_FOXP3_FUSION_GFP_DN	GSE37605_TREG_VS_TCONV_C57BL6_FOXP3_FUSION_GFP_DN	0.0480427046263345	145	51	NADK,ZBTB42,IL13RA1,SLC25A11,IGF2R,NOSTRIN,RNPEP,AKT1,NXT2,STX12,LANCL1,MAN2B1,BMPR1A,SEL1L,RBM7,FNDC3B,RAB21,SEPTIN10,GFPT1,GCA,SDC1,GPR160,PHACTR2,SOSTDC1,CES2,CHIC1,CYB5R1,OSBPL3,ITGB2,KDELR1,ANKRD40,S1PR2,ACADSB,GNAZ,SEC24A,PFN2,DHRS1,PLEKHB2,TMBIM6,RIT1,ARPIN,GLIPR2,NT5E,ANXA4,QPCTL,POGLUT3,CD81,RARG,CAV2,RAB31,TWSG1
GSE27786_LIN_NEG_VS_CD4_TCELL_UP	GSE27786_LIN_NEG_VS_CD4_TCELL_UP	0.0444464059668422	182	63	SYK,FBXL15,CDC25A,TMEM106C,MFSD12,DBI,NCBP1,NHP2,FIRRM,METTL15,HOOK2,REPIN1,VPS50,DHFR,SLC25A22,ZRANB3,SOX8,TOPBP1,P4HB,CEP78,TTLL12,MYCT1,ARAP3,UBE2J2,BSN,STEAP3,PPIE,SCAP,SAMD1,WDR74,NDUFAF4,IPO5,ELAC2,POLR2H,ECI2,DMWD,FADS1,TICRR,SEC24D,IRAK1BP1,CAMK1,RABGGTB,LMNA,HUNK,CLNS1A,IGFBP3,POLD2,EIF2S1,GPSM2,AFDN,FAM185A,RBL1,GALNS,SLC68A1,PTPRK,MATCAP2,IPO4,DPAGT1,NR2F2,MRPL48,PUM3,ZDHHC13,LRRC59
GSE22886_NAIVE_CD8_TCELL_VS_MEMORY_TCELL_DN	GSE22886_NAIVE_CD8_TCELL_VS_MEMORY_TCELL_DN	0.0372157689179465	186	50	ELK3,CMPK1,RAP1A,CTNNB1,CYLD,ASPHD1,CREBL2,CBR3,FHL1,RASGRP1,CCND2,MINDY1,CD44,ADGRE1,CRKL,TNFSF10,AGFG2,TMX4,PHTF2,EIF4EBP2,PRNP,ACAP2,TAGLN2,TNKS2,MUC2,TMBIM6,ACVR1,MFGE8,PEX13,DENND2A,TRIB2,TMOD3,ANP32E,RAB14,MTM1,TRAM1,TPMT,CTSB,INPP4B,CD4,AQP3,EDEM1,PBXIP1,TIMP1,ARID5B,ACP5,BAMBI,AHR,CAPG,EID1
GSE17721_POLYIC_VS_PAM3CSK4_2H_BMDC_DN	GSE17721_POLYIC_VS_PAM3CSK4_2H_BMDC_DN	0.0287358472401902	161	52	HSP90AA1,TPP2,ARHGEF3,NPDC1,PHLDA2,DSCAM,TMEM243,EPHX2,TOP1,NFKBIB,EBF3,MKI67,POU3F3,SOX9,EIF3J,UBXN10,MAP2,REPIN1,MNS1,GSPT1,BOP1,PARP4,IKBKB,MGAT3,PTBP1,NFKB1,PTGS2,AMBP,MAP3K8,RAB32,PRKD1,DPF1,FZD5,CHRNA1,TSSC4,TMEM39A,KLF7,MYO1B,FOXA1,IL17RA,ACOT1,RBM4B,FJX1,JPH1,SQSTM1,CRYL1,TYMS,PTPRG,ACTA1,DYM,WDR48,PLXNA3
GSE22886_NAIVE_VS_IGM_MEMORY_BCELL_UP	GSE22886_NAIVE_VS_IGM_MEMORY_BCELL_UP	0.0411442487619219	165	54	DCAF17,UXS1,EXOC7,IL13RA1,CXCR4,AGGF1,FAM171A1,MAVS,FMO5,BBS4,FARP1,ASB1,HCFC2,LCOR,P2RX1,STOM,UGDH,RPUSD2,FBXO28,SLC30A4,RHOC,ATP6V0A1,SOCS1,SLC2A10,CLCN4,ZHX3,TSPAN13,SLC26A2,GTF3C4,APLP2,FAM8A1,DPYD,NRF1,ARIH1,DOCK5,TBC1D13,PSMB2,LRCH1,PDP1,TRIB2,PIK3C2B,CEMIP2,UTRN,HKDC1,TPST1,PRCP,DNMBP,TSPAN32,RFTN1,SLC35E3,SMAD3,TREML2,TPD52L1,DTX4
GSE9509_LPS_VS_LPS_AND_IL10_STIM_IL10_KO_MACROPHAGE_10MIN_UP	GSE9509_LPS_VS_LPS_AND_IL10_STIM_IL10_KO_MACROPHAGE_10MIN_UP	0.0476967035319053	170	43	HOXB6,ETV3,EXT1,MARCKS,PPP4R1,SMIM3,CLCN5,CKB,DHX58,TSPAN13,CCRL2,TRAFD1,UBE2H,TOR1AIP1,EXOC6,ISG20,PLPP3,RCAN1,MTMR3,CCN1,MTMR10,MYOF,PRICKLE1,GCNT2,F3,EFHD1,ANGPTL2,IL10,PLAUR,RBMS2,ARF4,THEMIS2,PTPN1,SAMD4A,PDLIM1,TPST1,FGD6,LITAF,DAB2,FOXA3,SOX4,FRMD6,PLAT
GSE411_WT_VS_SOCS3_KO_MACROPHAGE_IL6_STIM_100MIN_UP	GSE411_WT_VS_SOCS3_KO_MACROPHAGE_IL6_STIM_100MIN_UP	0.0368918642821796	189	77	FOSB,DNAJC1,CDK2AP2,DNAJB11,CYTIP,SLCO4A1,LSR,RNASEH2B,BRCA1,PLK4,EZH2,MTX2,TRABD,CEBPB,DDX50,ATOH8,BASP1,DHFR,ASCC3,CHTF18,ETFDH,CACNA1E,IFRD2,PPP1R10,FOXM1,ACADVL,CLPTM1,CD300A,NSDHL,SLC39A4,EHD4,CASS4,TSPO,ZNF473,TCF19,CRIP2,RILPL1,PFDN6,ECI2,SIVA1,GNL3,TM9SF1,RECQL4,SLC38A10,EIF2S1,CANX,PAPSS1,CENPF,ADIPOR1,KIFC1,DYM,LMF2,TRAIP,DPAGT1,EDF1,EIF4EBP1,GLRX2,UHRF2,TOR1B,UQCRB,CDKN2B,PRIM1,UHRF1,HSPA1B,BUB1,NDUFAF7,DLGAP5,RNH1,BATF3,CDK5RAP3,CDCA5,GMPS,ZNHIT1,MRPL55,GOLPH3L,DNAJC13,ALDH18A1
GSE42021_CD24INT_VS_CD24LOW_TCONV_THYMUS_DN	GSE42021_CD24INT_VS_CD24LOW_TCONV_THYMUS_DN	0.047963006345543	172	51	EIF2AK2,LPAR1,PPP1R3C,SUOX,NAPA,CAVIN2,TIPRL,TRIM38,MAP4K3,MUC4,CTBS,SCAMP1,LEMD3,MTCL2,EXT1,BST1,TDRD7,AAK1,SCARB2,HES2,TNFSF10,HTR1D,ISG20,MX2,CDC42EP3,JADE2,PALLD,WWTR1,LGALS9,VEZF1,GTPBP2,NUAK1,CD164,FZD7,KCTD17,SRC,BMPR2,TFAP2C,KRT86,THEMIS2,SMOX,ATP2B4,IFITM2,LAMP2,NRAS,IFITM1,MX1,SOX4,TLE1,CUL4B,VLDLR
GSE42021_TCONV_PLN_VS_TREG_PRECURSORS_THYMUS_UP	GSE42021_TCONV_PLN_VS_TREG_PRECURSORS_THYMUS_UP	0.0316900429733751	189	37	AZIN1,MELTF,AGO2,GET1,FAM114A1,MRAS,C6orf120,PRKCA,ST3GAL5,RAP2C,TOLLIP,PALLD,PHLPP2,GDE1,MYL12A,NUAK1,DIP2C,MAP3K9,PPME1,TFAP2C,RNASEH1,MAN1A2,RHOQ,SMOX,KIAA0232,RASSF2,LAMC2,TGFBR2,BAMBI,MLLT11,DKK1,TG,KRT20,PLAU,PIK3CD,CADM4,PRSS23
GSE37532_TREG_VS_TCONV_PPARG_KO_CD4_TCELL_FROM_VISCERAL_ADIPOSE_TISSUE_DN	GSE37532_TREG_VS_TCONV_PPARG_KO_CD4_TCELL_FROM_VISCERAL_ADIPOSE_TISSUE_DN	0.028047548500228	179	40	INTS6L,CDS2,PIPOX,LPIN2,EIF2AK3,KLHL24,ACSS1,SUSD1,HPS5,SCARB2,RCHY1,STT3B,ZC3H7A,UBE2H,GGA2,TRAM2,ZBTB4,PGAP1,TKTL1,CCNG2,HEXB,GTPBP2,SELENOP,PDE7A,KLHL42,TP53INP2,TRAM1,SLC46A3,TPD52,TP53INP1,CDC50A,DAZAP2,FOXJ2,PRR13,SYPL1,GSN,FRY,RRM2B,ZNF217,PTGR1
GSE20366_EX_VIVO_VS_HOMEOSTATIC_CONVERSION_NAIVE_CD4_TCELL_DN	GSE20366_EX_VIVO_VS_HOMEOSTATIC_CONVERSION_NAIVE_CD4_TCELL_DN	0.0434782608695652	158	37	ARID3B,SNRPB,PIK3R6,LPCAT4,C4orf46,BMP7,CLCN5,KPNA2,AP1S3,SLC15A3,ZNF385A,ESRRB,NDUFV2,BCAT1,DGLUCY,IKZF4,ITGB1,WNT5A,MAP3K9,GCNT2,EBI3,ARHGEF12,MFSD2B,SH3BGRL2,CD81,TMC8,CSDC2,RNF11,TP53I11,IFITM2,FCGRT,NHSL3,FKBP9,EHF,IGFBP5,SMPDL3B,PTGR1
GSE20366_TREG_VS_NAIVE_CD4_TCELL_DEC205_CONVERSION_UP	GSE20366_TREG_VS_NAIVE_CD4_TCELL_DEC205_CONVERSION_UP	0.0417676938164608	184	59	IGF2R,UNC5CL,KIF12,SAMD8,SLC2A3,LAD1,PARD6G,DENND5A,ITIH5,RGS10,HIBADH,FCMR,CAMKK1,PRKCI,CBL,CD72,MGAT5,EIF4E3,CENPH,BCL2L1,TOB2,SLC35D1,SWAP70,FAM98B,NTN4,SEC22C,ZNF281,CYBB,SH3PXD2A,PMEPA1,GSTM4,VEZF1,IKZF4,GPX2,ADORA1,SNX18,MAGED2,TNFRSF9,IL10,SRC,NUAK2,CTSS,ICAM1,INPP4B,CD81,NPC2,PIP5K1A,PI4K2B,COX6B2,CISH,NCEH1,SULT2B1,MCOLN3,ITGA6,SLC7A7,AXL,TREML2,TLE1,FRMD6
GSE19888_ADENOSINE_A3R_INH_VS_INH_PRETREAT_AND_ACT_WITH_TCELL_MEMBRANES_MAST_CELL_DN	GSE19888_ADENOSINE_A3R_INH_VS_INH_PRETREAT_AND_ACT_WITH_TCELL_MEMBRANES_MAST_CELL_DN	0.0461531415404655	127	44	ZFP14,TRANK1,HMGXB3,VTN,PRPH,DACH1,TAGLN3,ATP1B1,CPB2,KCNMB4,FNDC7,CFAP300,MANSC1,ACOT11,PPP1R36,TRIO,CNFN,PNPLA3,TMEM269,ADAT2,AJUBA,KDELR2,POLR1B,SDC1,CDHR5,TMEM177,CSTF1,KLK7,PXDC1,PAN3,GDPD3,SCNN1A,HSD17B14,CD9,MICALL1,TSPAN8,S100A14,CISH,SGIP1,TMPRSS3,CAPN6,SLC25A48,ZNF385C,TMEM52B
GSE34392_ST2_KO_VS_WT_DAY8_LCMV_EFFECTOR_CD8_TCELL_DN	GSE34392_ST2_KO_VS_WT_DAY8_LCMV_EFFECTOR_CD8_TCELL_DN	0.0261302656729131	176	52	ICA1L,NFKBID,CSF1,PCNX1,DUSP4,STX6,KPNA3,FNDC3B,FOSL2,SDC1,PSMD10,RAB30,FEM1B,PTPRE,EXT1,SWAP70,CCRL2,SLC15A3,GRAMD1B,LONRF1,SKIL,UBASH3B,PPP1R3B,TAGLN2,PLPP3,GAS7,ALAS1,RCAN1,FABP3,SLC5A3,BCL3,NAB2,ADRA2B,F3,EBI3,CD70,ID2,ZNFX1,SERPINB9,NRP2,PPP4R2,RNF11,JAG1,PROCR,PLEKHO2,ARHGAP31,SAA1,PLAU,MALT1,ST3GAL1,SMPDL3B,IL2RB
GSE5542_IFNA_VS_IFNA_AND_IFNG_TREATED_EPITHELIAL_CELLS_24H_UP	GSE5542_IFNA_VS_IFNA_AND_IFNG_TREATED_EPITHELIAL_CELLS_24H_UP	0.0441548035493796	168	42	RRBP1,DNAJC1,RGS14,MANF,FMNL2,RPN1,REXO2,VAV3,DKK4,RGS6,KAZALD1,METAP1D,EGR2,PLPP1,BAG2,DUS3L,NOL8,GADD45G,NEMF,GPR183,IDUA,ESF1,CHST11,EPOP,ATP10D,TLE3,STK10,DIS3L2,SELENOS,NEGR1,ICOSLG,LYAR,BRD2,EIF4G3,ZNF329,NSUN4,NDUFAF4,LBX1,TAF4B,DHX37,LPXN,DPYSL5
GSE8921_UNSTIM_0H_VS_TLR1_2_STIM_MONOCYTE_24H_DN	GSE8921_UNSTIM_0H_VS_TLR1_2_STIM_MONOCYTE_24H_DN	0.044883303411131	186	42	HPS5,RICTOR,NXN,CSNK1G1,SNAPC1,SCARB2,ETV6,MAPK3,TRPV2,SERPINF1,COQ8B,BTBD7,TRAM2,TBC1D20,ADAMTSL4,LONRF2,TCF25,EXOC6,LRRC28,ACOX1,DNAJC5,LPP,TMEM167B,OAZ2,PPME1,RALBP1,TAF9B,PADI3,LGALSL,CPSF6,CCR5,IL1R2,ATP6V0D1,NPC2,MEAK7,TGFBR2,PADI2,MAP4K2,ZFAND6,ECM1,KDM5B,GM2A
GSE360_CTRL_VS_L_MAJOR_MAC_DN	GSE360_CTRL_VS_L_MAJOR_MAC_DN	0.0358821976729433	161	43	STOM,UGDH,MUC6,CPNE1,SLC30A4,ZBTB6,ARID3A,CLDN9,ITPRID2,MARCKS,BIRC2,MBNL2,EFR3A,INPP5K,CCNE1,MAPRE1,RAP2A,MTMR6,IGF1R,PPP3CB,G3BP2,DKK3,SECISBP2L,GRPR,MAPK1IP1L,MYOF,ACAP1,TDG,KCTD17,PCOLCE,EFNA3,PBX2,HMGA2,ME3,GPRIN2,IQSEC2,NTF3,TRAF5,SNX4,IRS1,AHR,SAA1,FBLN1
GSE22919_RESTING_VS_IL2_IL12_IL15_STIM_NK_CELL_UP	GSE22919_RESTING_VS_IL2_IL12_IL15_STIM_NK_CELL_UP	0.0224258162824468	193	61	HM13,COMTD1,PPP2CA,SQLE,RXYLT1,SLC7A5,SLC1A5,DOT1L,MFSD12,TSEN2,SLC1A4,RUVBL1,PDCD5,NAP1L4,PIN1,RBM19,EIF2B3,TMEM51,CLPP,TRMT61A,ESF1,IFRD2,PRPF3,AFG2A,NOL12,SLC25A1,POGK,SHQ1,BRIX1,MCRIP2,CEBPZ,MRPL46,TMEM11,SLC10A3,GEMIN5,GRPEL1,RSL1D1,HNRNPU,PSMG1,RCC1,HMGCS1,RTN3,MIOS,DUS1L,TRNT1,TRIB3,NELFE,CLNS1A,NMD3,PBDC1,NCOA5,FASN,SNRNP40,CMAS,UBAP2L,BZW2,DNMT3B,AGAP3,PUS1,CDV3,PRPF4
GSE27786_LIN_NEG_VS_NEUTROPHIL_DN	GSE27786_LIN_NEG_VS_NEUTROPHIL_DN	0.0403214324843992	178	59	HOXD4,KRAS,ATP6V1F,EML2,ZNRF1,OSTM1,SLC25A11,HECA,MORC3,AKT2,CITED2,STX12,IL1RAP,CMTM6,SNAPC5,TRDMT1,MUC4,STX5,PHF1,MPND,S100A5,GSK3B,SLC17A7,LRP10,FBXO42,GPER1,RBPJ,TIAM2,FAM217B,ALPI,MTMR6,HLA-E,NIT1,TMX4,TRAM2,ADAMTSL4,MLPH,CHMP1A,MPP1,C11orf71,HAS2,ATXN1L,KCND1,IER3IP1,CDK9,TXNDC9,KRT80,CPEB4,GALE,INPPL1,RAG1,RARG,CDC50A,ABRACL,ZYG11B,GAB2,PGGHG,SERPINB1,CAMK1D
GSE15930_NAIVE_VS_72H_IN_VITRO_STIM_TRICHOSTATINA_CD8_TCELL_UP	GSE15930_NAIVE_VS_72H_IN_VITRO_STIM_TRICHOSTATINA_CD8_TCELL_UP	0.0440399024589424	173	39	RECK,SNX13,KLHL7,NDFIP2,PHF1,PCSK7,PADI1,NR2C1,FOXK1,USP34,EIF4H,RPL12,SGPP1,NR1D2,VPS37B,PI4K2A,TRAFD1,SYNRG,MYL3,CMTM3,DENND2B,F3,PAPSS2,LGALSL,MYL6,RASGRP2,ERCC2,WNT11,DNASE1L1,ZYG11B,STAT5A,B4GALT1,MX1,TIMP2,ST3GAL1,CAPN6,TCN2,PDE4B,ACKR3
GSE29949_CD8_POS_DC_SPLEEN_VS_MONOCYTE_BONE_MARROW_UP	GSE29949_CD8_POS_DC_SPLEEN_VS_MONOCYTE_BONE_MARROW_UP	0.0355800103296882	156	47	ATP1B1,SEPTIN2,TUBB,AGER,SLC25A11,IRF6,MEGF9,GARRE1,ABCG1,DDB2,VAMP8,SF3B4,ZFHX3,MRPL49,COL15A1,RUBCN,NEDD8,KDELR2,CSRNP2,PITPNB,FLT1,OSBPL3,MRAS,TAF13,AHNAK,NCF2,LGALS9,ADAR,TPM1,DDX19B,CALD1,NBEAL2,KCTD17,NT5E,MYL6,CCL22,TJP3,MITF,LITAF,CHD3,CAPG,TUBB4A,ARF3,GSN,EPHB3,MRC2,GM2A
GSE14000_4H_VS_16H_LPS_DC_TRANSLATED_RNA_DN	GSE14000_4H_VS_16H_LPS_DC_TRANSLATED_RNA_DN	0.0393214134777585	187	62	PPARG,KLF6,C9orf40,SUPT3H,KAT6B,LRRC8D,ZNF444,NMRK1,DNAJC9,EPDR1,GGH,TSC22D3,THAP11,NAP1L4,GLT8D1,AVEN,ERLIN1,REPIN1,HEMK1,JPT2,SEMA3C,NUB1,EPB41L4A,STIL,INSM1,ARHGAP45,TM4SF1,RAB3IP,POT1,NELFA,BRD8,INPP5E,PPP1R26,PRC1,AUH,SPOUT1,OGFOD1,ARHGEF18,OFD1,CYP27B1,MKRN2,FEN1,NFE2L1,CSTA,SIMC1,RBM4B,PTCD1,HMMR,CRACD,MUTYH,SETD6,TTC5,LTV1,PNMA1,PRKAR2B,FAN1,CEP55,USP25,RALGAPA2,LIN52,CLUAP1,CRAMP1
GSE42724_NAIVE_VS_MEMORY_BCELL_DN	GSE42724_NAIVE_VS_MEMORY_BCELL_DN	0.0423336344893788	180	51	ATP8B2,AKT2,ZYX,STX12,SEC24B,PPM1K,PDGFC,FAR1,RANBP2,STX6,FNDC3B,RPL34,ANXA7,PIM1,PEX5,SPRED1,USP12,ZC3H7A,CCDC6,MYO1A,HINT3,MAPK1IP1L,PGGT1B,RCAN1,SELENOP,PRXL2A,SPSB1,COX15,TMPO,MAN2A1,BRIP1,LRCH1,H2AZ1,F3,STYX,GDA,IST1,YTHDF1,C6orf15,CPEB4,IQSEC2,ANXA1,ASAP3,YWHAZ,DCP2,SEMA4C,MTMR11,STING1,REEP3,PDE4B,KCNN4
GSE9988_ANTI_TREM1_VS_LOW_LPS_MONOCYTE_UP	GSE9988_ANTI_TREM1_VS_LOW_LPS_MONOCYTE_UP	0.0436090295965154	177	64	NAA50,TMEM9B,LIMK1,ATP6V1D,HSD3B7,SNX8,DUSP14,GTF2IRD1,COL15A1,MAP4K3,UBXN7,TXNIP,SDSL,STX1A,TMED5,EIF2AK3,PEX5,LYSET,HMCES,S100A2,GNPDA1,BLOC1S3,EFR3A,SCARB2,FNIP2,FBXL5,PI4K2A,MELTF,NRIP3,MT1F,SLC8B1,UBASH3B,NEU1,PHF13,ARL6IP1,TRIM33,GNA13,SNX33,PLPP3,HEXB,MIEF1,BRI3,ACVR1,FAM131A,BCAR3,CD164,RRAGC,CD63,CLN8,GPNMB,CORO1C,SNX12,DNMBP,PHAF1,TBC1D2,HAVCR2,DAB2,PLEKHO2,ATP6V1B2,ATOSB,AMD1,SPRING1,TGFBR1,CCR1
GSE24726_WT_VS_E2_2_KO_PDC_DAY6_POST_DELETION_DN	GSE24726_WT_VS_E2_2_KO_PDC_DAY6_POST_DELETION_DN	0.0448028673835125	182	58	PLEKHO1,ADAMTS10,CHD9,BLTP3B,TPP1,NOSTRIN,ABCG1,BAIAP2,CITED2,SETD7,SYNGR1,ADCY7,APOC2,ZFHX3,MAN2B1,PDGFC,STMP1,PRKCH,MGAT5,CDS2,RAPH1,LPIN2,BAZ2B,CKB,TFDP2,ITM2C,GRAMD1B,ARL4C,MPP1,FBLIM1,GPX3,PUM1,GNA13,CD28,YPEL2,SOCS6,DDX19B,MIER1,TMEM9,RAB11FIP5,SPTSSA,BACH1,SSH2,NAGA,CCR5,ARF4,LRP1,TPD52,MAP3K12,APOE,FCGRT,GAB2,ENC1,ITGA6,WLS,HPGD,NUDT4,CAMK1D
GSE21546_WT_VS_SAP1A_KO_AND_ELK1_KO_ANTI_CD3_STIM_DP_THYMOCYTES_UP	GSE21546_WT_VS_SAP1A_KO_AND_ELK1_KO_ANTI_CD3_STIM_DP_THYMOCYTES_UP	0.0487329434697855	171	48	SUOX,TPRG1L,SCYL2,CTTNBP2NL,ZNF711,SPIN1,RAB2A,CYLD,RAB6B,PRKCH,CREM,KIF5A,CYP26A1,SERINC1,SMIM3,CYB5R1,PGM2L1,TMED10,ARL6IP5,CLIP4,ZNF641,CCNG2,BNIP3L,SNX30,SOCS6,ITGB1,PIK3R1,TAGLN,PDP1,LCP1,RAB27B,OLFML3,GPNMB,SMARCA1,BMPR2,CCDC68,CEMIP2,FSTL1,CDC50A,FGD6,LSAMP,BEX4,AHR,KDM5B,COL1A1,PLAT,LTBP1,KCNN4
GSE17186_BLOOD_VS_CORD_BLOOD_CD21HIGH_TRANSITIONAL_BCELL_DN	GSE17186_BLOOD_VS_CORD_BLOOD_CD21HIGH_TRANSITIONAL_BCELL_DN	0.0478598392366263	181	41	IL6ST,RCAN3,ADGRL1,ZNF280B,CD72,MGAT5,STX1A,AKAP12,ZMYM2,XKRX,CACNA2D4,HELZ,ACVR1B,TACC2,MAT2B,SLC26A2,GRAMD1B,ALDH6A1,RNF38,RTF1,GUCD1,MTMR3,KLHL22,PPARGC1B,C9orf152,DDX6,LFNG,SMOX,LMBR1L,RARG,ARID5B,TP53I11,ITGB5,NCEH1,ACP5,RFTN1,STING1,TREML2,FRMD6,MEIS3,RRM2B
GSE42088_UNINF_VS_LEISHMANIA_INF_DC_4H_UP	GSE42088_UNINF_VS_LEISHMANIA_INF_DC_4H_UP	0.0347666537937751	189	36	ST13,LRP12,RASSF4,MGLL,NEU1,PSMB5,EOGT,ATP6V1E1,PXDC1,WSB2,TBC1D13,BDH1,PLA2G7,LPP,WNT5A,CHI3L1,CD63,PPME1,EBI3,CCL22,C5orf15,CD81,ATP6V1H,MITF,CD59,RFTN1,EHF,NECTIN2,SLC1A3,UGCG,CRIM1,KLHDC10,PALS1,TNS3,TWSG1,KCNN4
GSE2770_IL12_AND_TGFB_ACT_VS_ACT_CD4_TCELL_48H_DN	GSE2770_IL12_AND_TGFB_ACT_VS_ACT_CD4_TCELL_48H_DN	0.0390408392640862	189	69	HSPH1,CTU1,DIO2,H2AX,NQO1,NUP107,ANP32B,ALDH3A2,HSPD1,HIRIP3,GTF2I,EXO1,TPX2,SETDB2,WDHD1,MRPS2,CDT1,JPT2,HUS1,NSMAF,RRS1,BOP1,IK,TOPBP1,DDX27,UBE2J2,CCDC14,HSPA9,CDKN2AIP,ZDHHC6,PDAP1,ATAD3A,CHADL,SERBP1,MORF4L2,TMEM39A,SEC23B,NOP58,ISG20L2,SRM,METTL16,NFXL1,MIOS,CDCA4,GNL3,FTSJ3,QTRT2,HDAC2,PA2G4,NOB1,ZNF644,ZNF146,SPTLC1,PBX4,FAM185A,RBM39,AP3M1,DNMT3B,CEP170B,UBA6,PUS1,CTPS1,DDX1,REPS1,MOGS,BLM,THUMPD1,DDX41,PRPF40A
GSE22025_UNTREATED_VS_PROGESTERONE_TREATED_CD4_TCELL_DN	GSE22025_UNTREATED_VS_PROGESTERONE_TREATED_CD4_TCELL_DN	0.0385902880633541	170	46	GNAI1,HSP90AA1,JUN,NQO1,SLC7A5,CD47,ETFB,RGS6,TUBA4A,BASP1,GADD45G,SLC39A8,RRS1,SPINT2,GPR183,GSPT1,NCLN,ENPP1,IGFBP2,CHERP,ZPR1,UBB,RGS16,FBXL4,PLP2,TARS1,ASF1A,OXCT1,ABLIM3,BATF,ST8SIA1,DYRK2,NDUFS8,AXIN1,RPL36A,CCT3,SCG2,RRP12,OPRD1,CLNS1A,CTSL,POLD2,COX17,UAP1,EIF2S1,GRB10
GSE21927_SPLEEN_C57BL6_VS_EL4_TUMOR_BALBC_MONOCYTES_UP	GSE21927_SPLEEN_C57BL6_VS_EL4_TUMOR_BALBC_MONOCYTES_UP	0.0459822744562972	177	38	NR2C1,WDR26,LEMD3,VPS26A,LYRM9,MACF1,CD44,AAK1,AKAP13,USP34,CES2,CCSER2,P2RX4,UBE2H,ARL4C,C6orf120,DYNLT3,KLF12,PGPEP1,TNKS2,ABI1,PAFAH1B1,WSB1,PDP1,YIPF6,BMPR2,C11orf21,MAN1A2,ENPP4,PBX2,DPP8,SLC46A3,CIRBP,PBXIP1,DAZAP2,ZFAND6,TMEM41B,PRSS23
GSE31082_CD4_VS_CD8_SP_THYMOCYTE_DN	GSE31082_CD4_VS_CD8_SP_THYMOCYTE_DN	0.0286772026539857	176	47	DPP4,RCN1,POU2AF1,RFC4,TRIM14,NUP107,CDC6,RNASEH2B,SSB,SMC1A,WDR24,NXT1,MEN1,MXD3,FAF1,SLC43A2,RANBP1,BASP1,BAG2,GINS2,MCTP2,SAC3D1,CDT1,DHFR,CCDC102A,RUNX3,SHQ1,PLP2,CRIP1,SCARB1,FBXL8,ZNF239,PRR22,SF3A2,EIF2A,PIDD1,REEP1,MTHFD1L,SRM,HDAC4,CABIN1,SEC11C,FEN1,NELFE,CELF5,PA2G4,PDSS1
GSE28726_NAIVE_VS_ACTIVATED_NKTCELL_UP	GSE28726_NAIVE_VS_ACTIVATED_NKTCELL_UP	0.0469754912850378	163	37	PIK3IP1,TFDP2,SNTA1,UBA7,RBFOX2,FLOT2,MAPK3,KLF5,ITGB2,GGA2,TRAM2,CYBB,PXDC1,ALDH2,TPM1,BDH1,ETHE1,TRIB2,CTNNBIP1,PAPSS2,SIT1,LFNG,NAGLU,DGKA,THEMIS2,GDPD5,PADI2,FGFR1,MAP4K2,SAA1,SOX4,RGS9,ST3GAL1,PIAS3,ATP2A3,HPGD,RAB31
GSE24574_BCL6_LOW_TFH_VS_TCONV_CD4_TCELL_DN	GSE24574_BCL6_LOW_TFH_VS_TCONV_CD4_TCELL_DN	0.0281656758411189	194	63	FADD,PPID,GPX1,RFC4,SLC1A5,GTF2E2,THOP1,PNP,DBI,PLK4,EZH2,HIRIP3,FABP5,TTF2,BAG2,XPOT,DHFR,NFIL3,POLD3,BHLHE40,CETN3,RAD54L,MTHFD1,EBNA1BP2,HADH,RPA2,MCM4,SLC27A2,MCM3,HTATIP2,IPO5,CCT6A,SRM,UBE2M,HMGN2,ECI1,TP53,TXN,CRYZ,HAX1,GOT1,EIF2S1,TRAF1,TOP2A,PYCR1,HMMR,PFAS,CENPF,YIF1A,TYMS,KIFC1,ACTA1,TRAIP,PLXNA3,SNRPA,TMED9,MRE11,PRIM1,BLM,PSMD14,MCM2,PRDX1,SMS
GSE24574_BCL6_HIGH_TFH_VS_NAIVE_CD4_TCELL_UP	GSE24574_BCL6_HIGH_TFH_VS_NAIVE_CD4_TCELL_UP	0.038055081132719	156	39	MFNG,PIM1,CDH3,CCT6B,BMPR1B,PHKG2,CAPN1,UBA7,FLOT2,PDCL,MAPK3,KLF5,ITGB2,MYL2,KCTD2,ITGA2B,SIRPA,ALDH2,CXCR6,LRCH1,MAP3K9,MFGE8,TRIB2,PRDM1,PAPSS2,SIT1,ID2,NAGLU,THEMIS2,GPC4,PADI2,FGFR1,MAP4K2,KRT20,SOX4,PIAS3,HPGD,SIGLEC6,GABARAPL1
GSE45365_NK_CELL_VS_CD11B_DC_DN	GSE45365_NK_CELL_VS_CD11B_DC_DN	0.0478927203065134	166	25	CHI3L1,GCNT2,CORO1A,CEMIP2,IST1,NUAK2,SELPLG,ICAM1,MYO1F,GPSM3,TIMP1,CYTH3,CSF2RB,CISH,STAT5A,ENC1,SEMA4C,SAA1,ARHGEF10L,TNFAIP2,RAB31,MYO1G,OLR1,CXCL14,PDE4B
GSE6092_B_BURGDOFERI_VS_B_BURGDORFERI_AND_IFNG_STIM_ENDOTHELIAL_CELL_UP	GSE6092_B_BURGDOFERI_VS_B_BURGDORFERI_AND_IFNG_STIM_ENDOTHELIAL_CELL_UP	0.0495919096089995	169	55	KCNAB2,NRROS,PLEKHO1,PLXDC1,MAVS,FMO5,C6orf62,NAXE,SLC2A3,SHLD2,PTPA,MYO18A,MTA3,CTDSP2,NFATC1,HFE,CBR3,ZCCHC24,DECR2,PHACTR2,SCARB2,CYB5R1,ANXA9,GALC,GET1,TRPV2,SCAMP5,UROD,ARL4C,GGA2,H2AZ2,LAT2,EXOC6,AHNAK,ALOX5AP,TBC1D8,ALDH2,TPM1,GPR162,ATP6V1A,H6PD,ADAM10,CD63,BACH1,MDH1,NBEAL2,SEC14L1,TPMT,FBXO31,POGLUT3,LIMA1,TMEM106B,FCGRT,SUMO3,STAT6
GSE17186_BLOOD_VS_CORD_BLOOD_CD21LOW_TRANSITIONAL_BCELL_DN	GSE17186_BLOOD_VS_CORD_BLOOD_CD21LOW_TRANSITIONAL_BCELL_DN	0.0274845436539468	193	44	PLBD2,LPIN2,FBXO6,SLC8A1,PTPRE,TNFRSF21,HPS5,PDE8A,SDC3,SLC25A26,SLC66A3,FAM91A1,YWHAG,UBE2G2,ITM2C,OSBPL3,LONRF1,CORO2A,CD99L2,SH3BGRL,VAMP3,ANXA2,RAB14,EEA1,RHOQ,PCLAF,PRRC1,ARL8A,INPPL1,POGLUT3,MAPKAPK2,USP22,TPST1,ITGAV,CSF2RB,IFITM2,PLEKHO2,FCGRT,SLC25A24,GYS1,TNFAIP2,SERPINB1,HEG1,RNF141
GSE39864_WT_VS_GATA3_KO_TREG_UP	GSE39864_WT_VS_GATA3_KO_TREG_UP	0.0424005376621648	165	46	ARNT,CH25H,GRINA,NABP1,PSMC4,STX12,ELK3,CSF1,EIF2S3,MYH14,MYL11,PIM1,CACHD1,SOCS1,UBE2K,AZIN1,TSPAN13,CAVIN1,TMEM129,ZNF281,CKM,JAK3,AATK,MX2,ABI1,COX18,IFITM3,GCNT2,SERPINF2,AGFG1,ITPKB,EFNA3,EEA1,IST1,CCL22,ROR1,ALDH1A1,TPST1,TIMP1,PROCR,STAT5A,IFI35,KRT17,CNN3,TIMP3,PIP5K1B
GSE8921_UNSTIM_VS_TLR1_2_STIM_MONOCYTE_3H_DN	GSE8921_UNSTIM_VS_TLR1_2_STIM_MONOCYTE_3H_DN	0.0323800181077826	185	46	PCMTD2,CDS2,AKAP12,RAPH1,RHOC,SORBS3,NFATC2,ARPC1A,ACADS,FURIN,SLC9A1,TSPAN13,FAM91A1,MAPK3,APLP2,SYNRG,AEBP2,ARL4C,BTBD7,PRNP,ADAMTSL4,DNAJB5,RAB18,LAT2,ATP6V1E1,NCMAP,ACOX1,MAPK9,CCN1,IQGAP2,MARCHF2,PPFIBP1,NAGA,PLCG1,IST1,STARD10,ANXA4,RBMS2,XPNPEP1,RNF11,SLC25A24,MTSS1,BCL2L15,ZNF652,ALPK2,TSPAN14
GSE10240_CTRL_VS_IL22_STIM_PRIMARY_BRONCHIAL_EPITHELIAL_CELLS_UP	GSE10240_CTRL_VS_IL22_STIM_PRIMARY_BRONCHIAL_EPITHELIAL_CELLS_UP	0.0438970272267118	168	51	RHBDL3,BMP2K,TBC1D16,MED13L,ZMYM3,OPA1,BAZ2A,ENTPD4,PRR14L,ZYX,SH2D5,ABCA1,INSR,ADCY7,MYO18A,NDP,ITIH5,ELK3,SEMA4D,SLC41A3,RNF144A,SLC25A36,ERN1,TTC3,APCDD1,HS1BP3,TACC2,TFDP2,TEF,IGF1R,TBX15,NOTCH2,TRPT1,RNF38,FLCN,PAN3,DOCK5,TNFRSF1A,F2R,NBEAL2,SELPLG,RUNX2,RC3H1,CIRBP,RHOBTB3,CISH,SHISA5,KDM5B,REEP3,TBL1XR1,MUC13
GSE17721_0.5H_VS_4H_CPG_BMDC_DN	GSE17721_0.5H_VS_4H_CPG_BMDC_DN	0.047168897541173	177	54	RNF19A,PLCD1,ABCA1,ELL2,DENND5A,LY96,DUSP14,GHITM,CSF1,RPS6KA2,CD72,STX6,IL23A,GCA,SERINC1,TJP1,MTHFR,B4GALT4,ADGRE1,UBA7,TNFSF10,LMO4,SLC15A3,KAT2B,ISG20,MTF2,TENT2,TBC1D13,IKBKE,RAB1A,ITGA5,ASB13,TOR1AIP2,ENPP4,CRY1,MOB4,YTHDF1,CPEB4,ICAM1,THEMIS2,MAPKAPK2,ANXA1,NRP2,ITGAV,JAG1,IFITM2,SLC1A2,GRAMD2B,IFI35,MYLK,KCTD10,PDGFRB,PALS1,ALPK2
GSE15930_STIM_VS_STIM_AND_TRICHOSTATINA_24H_CD8_T_CELL_DN	GSE15930_STIM_VS_STIM_AND_TRICHOSTATINA_24H_CD8_T_CELL_DN	0.044432158651192	183	42	FOSB,UBE2S,KLF4,NQO1,TSPAN5,MSH3,RIOX2,SIX5,PTPN18,MORC4,MIX23,NRCAM,SCN1A,WDHD1,SLC38A4,PEMT,DDX10,MLLT1,RMND1,AFG2A,IKBKB,KTN1,PDCD2,SLC71A1,ZNF638,FIP1L1,OGT,POLR2J,TPT1,CHPT1,RUNX1T1,IRF7,PPIE,INTS8,ZNF274,TYSND1,POLR3D,FRAT1,POP4,CCND1,POLR2H,EEF1AKMT1
GSE19198_CTRL_VS_IL21_TREATED_TCELL_24H_DN	GSE19198_CTRL_VS_IL21_TREATED_TCELL_24H_DN	0.047168897541173	177	39	TSPAN13,MAPK3,UNC119,RAMP2,CMBL,CAVIN1,MGLL,DAG1,HEXB,ALDH2,DOCK5,LDB1,UHMK1,MFGE8,ANGPTL2,NBEAL2,SMIM14,AK3,CORO1A,MAST3,DAP,LAMTOR4,SLCO2A1,CDC42SE2,CAV1,PODXL,FBLN5,NDST1,TSPAN32,SIAE,PLEKHG2,CAV2,SUMO3,PPP1CC,MTSS1,ITGA6,GSN,COL1A1,PTGR1
GSE10240_CTRL_VS_IL17_AND_IL22_STIM_PRIMARY_BRONCHIAL_EPITHELIAL_CELLS_UP	GSE10240_CTRL_VS_IL17_AND_IL22_STIM_PRIMARY_BRONCHIAL_EPITHELIAL_CELLS_UP	0.042740584097518	187	42	ZNF428,ZFPM1,JUN,NRARP,SLC7A5,GPR155,TBL2,SMC1A,CKS2,GLE1,RPIA,MRPL58,C19orf38,RBM19,E2F8,BRF1,STK11,SGK1,CKAP2L,C1orf116,MAOA,NCLN,APBA3,LEF1,DNAJC21,LHFPL6,CARS1,CPM,ENOX1,MAX,GADD45A,NEIL3,PDSS2,KNSTRN,HTATIP2,CKAP5,TSSC4,EME1,PIDD1,APOO,MTHFD1L,INTS10
GSE21546_ELK1_KO_VS_SAP1A_KO_AND_ELK1_KO_ANTI_CD3_STIM_DP_THYMOCYTES_DN	GSE21546_ELK1_KO_VS_SAP1A_KO_AND_ELK1_KO_ANTI_CD3_STIM_DP_THYMOCYTES_DN	0.0459403682142734	182	52	HSPH1,AHSA1,CHORDC1,SPRY2,ZNF367,STIP1,HSPA8,EGR1,PDXP,MTA1,ZNF777,SERP1,CDC25A,CSRNP1,TMEM200A,GLE1,ZNF703,EIF2B2,SLC1A1,DHFR,AZI2,PTBP1,ELFN1,CCDC107,RGS16,TNFAIP3,CCDC71L,UTP25,SPRY4,YTHDC1,ANKRD11,BAG3,CDK17,PLEKHF1,TNFRSF1B,NR4A1,DYRK2,MFHAS1,EFHD2,USPL1,LZTS2,KCNT1,JADE1,DNAJB6,CABLES2,ZNF469,PER1,PHRF1,OGA,SLC30A1,SQSTM1,IZUMO1
GSE3982_MAST_CELL_VS_DC_DN	GSE3982_MAST_CELL_VS_DC_DN	0.0478927203065134	166	49	SYNGR1,MTMR1,SNX13,GTF2IRD1,ANXA11,ASPHD1,HFE,RASAL2,CDS2,RAB11A,DOC2B,RNASE6,BARD1,STAT2,PEX19,IGF1R,SORT1,RAB8B,GALNT12,FN1,CLIP4,ACADSB,DUSP2,ACOX1,SFT2D2,KLHL22,MYOF,ADAM10,FBXO21,ITPKB,MDH1,SNX27,RBMS2,CCR5,CCL22,PLEKHS1,IL1R2,IQSEC2,TPD52,CKAP4,CD36,LIMA1,PRDX3,TSPAN9,MCOLN3,PPP2R3A,CTTN,ANPEP,RAB31
GSE17721_POLYIC_VS_CPG_6H_BMDC_UP	GSE17721_POLYIC_VS_CPG_6H_BMDC_UP	0.029410587049813	190	48	BMPR1A,LAMTOR1,CTDSP2,PAXBP1,CDA,STOM,UGDH,RASAL2,HMBS,SPATA19,CD2AP,ASB7,MR1,AAK1,BIRC2,GRN,MTHFR,RPL12,HAUS4,SESN3,CBX2,RPS16,RAP2C,GNA13,HEXB,CAMK2G,SPSB1,SEMA3F,SERINC3,MYOF,ACVR1,WDFY1,RRAGC,UQCRC2,NAGA,UCK2,CORO1C,TSPAN8,COX7A2L,RAB12,TNRC6A,ITCH,MVP,NECTIN4,AVL9,KDM5B,CUL4B,TSPAN14
GSE360_HIGH_DOSE_B_MALAYI_VS_M_TUBERCULOSIS_DC_DN	GSE360_HIGH_DOSE_B_MALAYI_VS_M_TUBERCULOSIS_DC_DN	0.0478927203065134	166	36	MT1F,KAT2B,MGLL,UBE2L6,BCAT1,TUBB2A,CYBB,PSMB10,BAZ1A,MX2,ATP6V1E1,BPI,DUSP6,RCAN1,ABI1,MYOF,LCP1,HOXC11,ACP2,AK4,F3,VAMP5,SERPINA1,ICAM1,IQSEC2,RHOBTB3,TIMP1,SERPING1,DENND3,CSF2RB,MMP7,BST2,AASS,TNFAIP2,CDH1,OLR1
GSE27786_LSK_VS_BCELL_UP	GSE27786_LSK_VS_BCELL_UP	0.0344876207115224	184	34	AATF,NICOL1,BOD1,ADAM22,CEP128,SPNS3,PDXP,MLKL,BICDL1,TMEM106C,HAGHL,LRFN4,ZNF414,RUVBL1,METAP1D,ANKH,ARHGAP39,CNNM3,UBE3B,OAS3,ISLR,PDK4,UTP20,PAQR8,TOM1L1,C8orf82,TELO2,GMDS,PRIM2,EHBP1,ANKRD26,TWNK,MESD,UBR7
GSE29617_CTRL_VS_DAY7_TIV_FLU_VACCINE_PBMC_2008_UP	GSE29617_CTRL_VS_DAY7_TIV_FLU_VACCINE_PBMC_2008_UP	0.0387527734867788	159	27	FOSB,DUSP1,CHORDC1,FOS,TRIM7,NGRN,MARK1,PFKFB3,TIPARP,PITX1,ATF3,CYTIP,CSRNP1,MNT,EGR2,MEX3C,PWWP2B,ZNF703,SGK1,SIK1,NFE2L2,GPR183,NFIL3,TSC22D2,JUNB,ZNF282,PTGS2
GSE15330_MEGAKARYOCYTE_ERYTHROID_PROGENITOR_VS_PRO_BCELL_UP	GSE15330_MEGAKARYOCYTE_ERYTHROID_PROGENITOR_VS_PRO_BCELL_UP	0.0376470240258936	192	58	PTPRJ,SIAH1,CTNNA1,DCBLD2,NABP1,NTPCR,SMAD4,SYNGR1,CA5B,CAMKK1,PIMREG,TAX1BP1,ATP6V0A1,CCNF,ATP6V0E1,SLC9A1,SPRED1,SGPP1,MAPK3,TMEM14C,KPNA2,APLP2,FAM8A1,ARL4C,MGLL,CNIH1,RAB18,ZNF451,KLF13,CDC42EP3,TRAPPC1,MYBL2,PLEKHA1,CXCR6,VPS4B,MYOF,FBXO21,CMTM3,SH3BGRL3,SEC14L1,CDK9,NLGN2,RAB14,LAMTOR4,ARL8A,ACTR1A,COX7A2L,GPSM3,SNX12,USP22,DNMBP,LAMP2,PRR13,EID1,CTTN,GSN,CCR1,EFEMP2
GSE11864_CSF1_VS_CSF1_IFNG_PAM3CYS_IN_MAC_DN	GSE11864_CSF1_VS_CSF1_IFNG_PAM3CYS_IN_MAC_DN	0.0338979184887945	161	45	PIR,BOD1,GZMB,CSRP2,MFSD12,IGFBP4,MRPL52,DBI,MTHFS,CYP1A1,LRRFIP2,FBXO46,BUD31,SLC1A4,ATG3,MAP1S,SERPINE1,SCAF4,NANS,RPF2,SRPRB,IFRD2,LYSMD2,RIOK1,BNIP1,SAXO6,GLA,TMEM11,MICA,MTHFD1L,CCT3,DHCR7,NOP58,FAM81A,ICAM2,DHCR24,MMAB,PPP1R11,CEBPG,COX17,SUGP2,FBXL19,UTP11,ANKRD18A,SPRYD3
GSE1432_1H_VS_6H_IFNG_MICROGLIA_UP	GSE1432_1H_VS_6H_IFNG_MICROGLIA_UP	0.0455165566472963	180	68	SLC4A7,SNRPD2,AMPD2,ALDH4A1,MAP4K1,DESI2,TLCD3A,WRAP53,LDLRAD4,PARL,GIPC2,WIPI1,CERK,KCNAB2,NMT2,TMEM14B,CDC37L1,HECA,BAIAP2,REV3L,OAZ1,PEX16,HBS1L,FARP1,CDC42EP4,MRS2,CLCN1,SSH1,SLC25A36,PPM1H,LRRC17,MYO7A,MPI,CTDSPL,BEAN1,ZMYM2,LLGL2,RASGRP3,RCOR1,BABAM1,RWDD2A,AATK,MPP1,DNAJB5,ZNF451,ZMAT3,MYL6B,MTMR3,HDHD5,TBC1D13,BDH1,TMPO,DIP2C,USP46,ITPKB,FAM168B,HMGA2,NINJ2,NET1,DNMBP,CISH,LGR4,FKBP9,PLXND1,SOCS2,PSG5,CNTNAP1,TPD52L1
GSE15330_LYMPHOID_MULTIPOTENT_VS_PRO_BCELL_DN	GSE15330_LYMPHOID_MULTIPOTENT_VS_PRO_BCELL_DN	0.0448615424301913	184	48	RNF19A,TTYH2,ATG16L1,DENND5A,CMTM6,MDK,EEIG1,ZC3H12A,IPP,CTBS,AKAP12,CCND2,SLC39A1,FURIN,PDE8A,STT3B,RAP2A,KIF2A,APLP2,ARL4C,GPR35,ZNF281,B3GNT3,RAB18,ALS2,AHNAK,RNF157,COX18,HIF1A,BCL3,TOR1AIP2,C19orf12,PRDM1,ADGRF1,SERPINB9,SLC25A17,CDC42SE2,LDAF1,NDST1,MRPL42,NRAS,IFI35,ATOSB,STING1,FRMD6,GM2A,IL2RB,PDE4B
GSE10422_WT_VS_BAFF_TRANSGENIC_LN_BCELL_UP	GSE10422_WT_VS_BAFF_TRANSGENIC_LN_BCELL_UP	0.0498084291187739	166	43	ZBTB34,AKAP11,EEIG1,NAA60,SEMA4D,TUBG2,PCMTD2,ETV3,MATN2,UBE4A,KIF1C,MAPK6,DENND6A,WDR37,RAB3D,CAPN1,POFUT1,ARL4C,LIMK2,SLC39A9,PCCB,PAQR7,ACSF2,PHYHIP,SYNJ1,MTMR3,TCEAL8,SMPD1,ITPKB,ANGPTL2,SMAD5,AK3,PABIR2,IST1,CD81,ARID5B,FGD6,SUSD2,MCOLN3,MTSS1,TGFBR3,FRY,ATP2A3
GSE557_WT_VS_I_AB_KO_DC_DN	GSE557_WT_VS_I_AB_KO_DC_DN	0.0480730409482673	186	55	HSPH1,PPP2CA,MRPL57,TONSL,SUGT1,MRPS22,IFT57,RNASEH2B,CDC34,SLAIN1,CDKN2A,NHP2,NEK1,EGR2,FABP5,INTS13,MAP2,PEMT,WBP4,NFE2L2,PPP2R5A,SCLT1,CPE,ELMO1,PHF5A,TNFAIP8,MIS18A,EIF2S2,RAD51B,ZNF664,GLA,DDIT3,TMEM11,SART3,PIDD1,PFDN6,EMILIN2,CCT3,IMPA2,FCHSD2,FADS1,COPRS,SFPQ,SUPT16H,RECQL4,SLC25A25,TRA2B,MPHOSPH6,PPP2R5D,SMC3,CNOT9,SPEF1,SLC68A1,FDFT1,VPS35
GSE40685_NAIVE_CD4_TCELL_VS_TREG_DN	GSE40685_NAIVE_CD4_TCELL_VS_TREG_DN	0.0467289719626168	175	43	PHACTR2,PTPRE,EXT1,VCP,MBNL2,UBA7,SLC26A2,P2RX4,MAPRE3,TOX2,SPOCK2,ZBTB4,DYNLT3,TUBB2A,UBL5,EVI5,PTGFRN,NPY4R,LRRC28,VCPIP1,DUSP6,SPSB1,LPP,NAB2,ANGPTL2,CCDC126,C19orf12,SSH2,RYR1,UTRN,RBMS2,SLC46A3,TP53INP1,OLFM2,FLVCR2,TSPAN32,LUZP1,RASSF2,CYTH3,LGR4,FAM171B,MX1,KDM5B
GSE25890_CTRL_VS_IL33_IL7_TREATED_NUOCYTES_UP	GSE25890_CTRL_VS_IL33_IL7_TREATED_NUOCYTES_UP	0.0394166325614988	175	50	JUND,SPNS3,IL17RC,ZNF768,POU2AF1,FAM222A,LDAH,MAMDC4,PRKRA,THADA,LARGE1,ATP10A,CDC34,RPAP2,HES6,DOK7,DUS3L,UNC13B,ARHGAP10,UBAC2,YJU2,HOXC10,CCL24,MCRIP2,XRCC3,MTHFD1,WDR38,C12orf57,CHPF,TXNL4B,PDSS2,PPIE,SAMD1,SSBP1,MLH3,TIGD2,SLC25A38,MPV17L2,HJURP,OXCT2,FASTKD1,TRIM65,SVIL,CLNS1A,GPR179,TUT1,NFKBIL1,ZBTB45,RBL1,SRBD1
GSE9988_ANTI_TREM1_AND_LPS_VS_CTRL_TREATED_MONOCYTES_DN	GSE9988_ANTI_TREM1_AND_LPS_VS_CTRL_TREATED_MONOCYTES_DN	0.0323800181077826	185	49	TRIM38,ENG,CTDSP2,CBL,ANKRD13A,STX6,ZNF148,PURA,FOXK1,LRP10,CSF1R,POLR2B,ASB7,GAPVD1,RTCB,ZDHHC7,AP5M1,ARHGAP1,ZC3H7A,ARL6IP5,ORAI2,ATXN7L3,SREK1IP1,WIPI2,RAB11FIP4,RNF38,KLF13,WBP1L,FBXO21,RETREG3,CMTM3,PLIN3,PEX11B,CORO1A,MAST3,PAFAH1B2,DPP8,MYO1F,THEMIS2,USP22,PHAF1,PLEKHO2,TGFBR2,ENC1,PRR13,ARHGAP30,SMAD3,REST,PIK3CD
GSE17186_BLOOD_VS_CORD_BLOOD_NAIVE_BCELL_DN	GSE17186_BLOOD_VS_CORD_BLOOD_NAIVE_BCELL_DN	0.043096015150304	180	51	ENDOG,ARL2BP,SMC4,OSBPL5,ZBTB2,LRFN4,TBL2,RP9,CBX4,CMSS1,LTB,WASHC3,TUBA4A,MRPL58,C19orf38,MLLT6,SAC3D1,SMKR1,RPL22L1,DGKZ,UTP20,ANKRD9,RABAC1,PDCD2,FBXL14,UBE3D,MPHOSPH9,TNIK,MRM3,TTLL12,C12orf57,ANGPTL4,HADH,SIGIRR,TSPO,OXCT1,PPP1R14B,TCF12,WDR74,BACE1,DYRK2,MTHFD1L,CAPRIN2,ICAM2,FASTK,NPM1,DUSP28,GALNT10,SMG9,MKRN2,SSBP2
GSE45365_HEALTHY_VS_MCMV_INFECTION_BCELL_IFNAR_KO_UP	GSE45365_HEALTHY_VS_MCMV_INFECTION_BCELL_IFNAR_KO_UP	0.0454759248844667	187	67	DUSP1,JUN,RTN1,DNER,SNW1,TMEM243,ZBTB2,SNAI2,HSPD1,MZT2B,TOP1,TMEM200A,DBI,IER3,SAMD9,KIF4A,GPHN,PIGH,ZC3H8,MARK3,TPX2,SOX9,EIF2B2,NFE2L2,SAMD5,PLPPR4,APBA3,PYGL,WDSUB1,NCL,FOXG1,MAX,MTHFD1,DHRS2,EIF4G3,KIF20A,CDK6,ORC2,SGO2,TUSC1,CCND1,HJURP,NCOR1,NRDE2,KIF14,CLASP1,PPP1R7,IGFBP3,EIF2S1,BLMH,KDM3A,TTC5,EIF2AK1,MED6,RFC2,METTL3,CDKN2B,USP40,POLR2D,NEDD4L,IL1RL2,ZNF142,ANLN,DLGAP5,EIF3G,RPL6,RALB
GSE7218_IGM_VS_IGG_SIGNAL_THGOUGH_ANTIGEN_BCELL_UP	GSE7218_IGM_VS_IGG_SIGNAL_THGOUGH_ANTIGEN_BCELL_UP	0.0474263117388289	180	56	OCA2,KDELR3,CTNND1,CERS4,RUSC2,IPO9,REV3L,AKT1,PTPRS,ANO10,PTPA,MTCH1,GTF2IRD1,SLC30A9,DUSP4,WDR36,MGAT5,SHCBP1,SCAMP1,POLR1B,MYO7A,ATP6V0A1,MEGF10,FEM1B,CCNF,ANAPC5,HDAC3,FSTL4,TMTC3,RHBDF1,CD109,VAT1,PHTF2,PCCB,MLPH,H2AZ2,RAB18,SH3PXD2A,NRF1,ZMAT3,PTBP2,METAP2,PTPN14,SKA2,ATP5MC3,DPP8,CDC42BPA,VGLL3,TMEM106B,KIRREL1,WDR6,ITGB5,PLXND1,SGIP1,ST3GAL1,POC1B
GSE9878_CTRL_VS_EBF_TRANSDUCED_PAX5_KO_PRO_BCELL_DN	GSE9878_CTRL_VS_EBF_TRANSDUCED_PAX5_KO_PRO_BCELL_DN	0.0495636484695873	186	57	ZNF428,PDE2A,ANKRD37,NUP107,HSPD1,FAM174C,BRCA1,ELP4,TPX2,CBX1,THOC1,WDR18,RAD51,WDHD1,SRFBP1,PDE3B,NANS,GSTCD,NR1D1,CIP2A,HSDL2,BOP1,RIOK1,ENPP1,DNAJC21,LHFPL6,AKAP1,MRPL46,CDC25B,GEMIN5,MIPEP,MAP3K4,TIMM9,NDUFAF4,PAIP1,MTHFD1L,NSD2,PRC1,NLN,NFYB,UBE2M,SACS,TRNT1,CCDC34,PTCD3,GPSM2,GRIK2,SH2D2A,OXNAD1,CENPF,DIPK2A,TOMM70,GPD1L,TRAIP,DPAGT1,CTPS1,BYSL
GSE25123_CTRL_VS_ROSIGLITAZONE_STIM_MACROPHAGE_UP	GSE25123_CTRL_VS_ROSIGLITAZONE_STIM_MACROPHAGE_UP	0.0329936673304997	191	38	CCDC85B,FOS,MGAT2,PPDPF,EGR1,PPP1R37,SCAF1,CREG1,C1orf122,KAZALD1,MAZ,EGR2,CLTA,CNOT3,METRN,CEBPB,MARK3,HSP90AB1,CNNM3,ELF2,SUDS3,IRS2,ZFP90,SNRNP70,LMNB1,LIPE,FRG1,YJU2,JUNB,EPHX1,TLE3,PRR12,MCRIP2,DDX27,KBTBD2,RBM22,MAX,MSL2
GSE15733_BM_VS_SPLEEN_MEMORY_CD4_TCELL_DN	GSE15733_BM_VS_SPLEEN_MEMORY_CD4_TCELL_DN	0.0495636484695873	186	40	TMEM160,AATF,KLF2,POGLUT2,POU2AF1,EGR1,CYTIP,MRPL41,SCRIB,PLPBP,AKIRIN2,C16orf54,C1QBP,ARID5A,AVEN,SLC2A4RG,JPT2,FAM193A,TMEM131,TMEM223,SLC25A22,RPS19BP1,NOSIP,FAM149B1,EPHX1,DYNLL1,KANSL2,MIS18A,SUPT20H,CCDC86,CFAP20,IFIH1,PIP4K2A,GRPEL1,ST8SIA1,MORF4L2,RPL36A,ASCC2,IFT25,SH3BP5
GSE26156_DOUBLE_POSITIVE_VS_CD4_SINGLE_POSITIVE_THYMOCYTE_DN	GSE26156_DOUBLE_POSITIVE_VS_CD4_SINGLE_POSITIVE_THYMOCYTE_DN	0.0265031517416157	193	63	FADD,UBE2S,H2AX,GZMB,HNRNPAB,RFC4,SLC1A5,GTF2E2,TMEM106C,CDC6,POLA1,CKS2,DBI,EZH2,STT3A,NHP2,SLC75A1,FABP5,TTF2,HSP90AB1,TPX2,WDHD1,LTBP4,IGFBP2,CHEK1,DYNLL1,MTHFD1,EBNA1BP2,HADH,RPA2,MCM3,CKAP5,IPO5,CCT6A,PSMG1,CCT5,SRM,HMGN2,ACAA2,ECI1,CENPE,FEN1,WARS1,UBE2C,TP53,TXN,CRYZ,MRPL40,HAX1,ACTN4,EIF2S1,GNPAT,PYCR1,HMMR,TNIP1,CENPF,YIF1A,TYMS,KIFC1,HNRNPF,SRD5A1,RDX,CTPS1
GSE17721_0.5H_VS_4H_LPS_BMDC_DN	GSE17721_0.5H_VS_4H_LPS_BMDC_DN	0.0498084291187739	166	46	ELL2,TANC1,LY96,EGFR,BMPR1A,MOSPD2,MGAT5,IL23A,ZBP1,GCA,PTPRE,SOCS1,STAT2,PI4K2A,LMO4,ATL3,MPP1,TCF25,GNA13,ATP6V1E1,RNF34,PALLD,DRC2,WSB2,CYSTM1,ABI1,ITGB1,CXCL6,F3,C19orf12,EBI3,CD70,AP1G1,SERPINB9,RUNX2,TIMP1,TRAF5,SEMA4G,RBM47,PROCR,LAMB3,STAT5A,MMP14,PPP1CB,FRMD6,OLR1
GSE29618_PRE_VS_DAY7_POST_LAIV_FLU_VACCINE_PDC_DN	GSE29618_PRE_VS_DAY7_POST_LAIV_FLU_VACCINE_PDC_DN	0.044055126322111	189	37	HSPH1,SYK,KLF6,ADAM22,HSD17B4,RIOX2,TBL2,LRRC8D,SSB,ENOX2,BUD31,FIRRM,TAF12,VSNL1,INTS3,RMC1,SIK1,AZI2,JPT2,HUS1,ZC3H14,TBCCD1,GPR183,RNF130,PTPRN2,MRPL3,CCNL1,RNF8,FLOT1,EIF2S2,NFYC,LARS1,OXCT1,ACTA2,CEP290,UBR7,TUBGCP4
GSE11961_GERMINAL_CENTER_BCELL_DAY7_VS_PLASMA_CELL_DAY7_DN	GSE11961_GERMINAL_CENTER_BCELL_DAY7_VS_PLASMA_CELL_DAY7_DN	0.0335904514712042	185	46	EIF2AK3,AMOT,BAZ2B,MCAM,VWCE,TMEM168,NLRP12,DENND6A,SESN3,SPC24,TEP1,SLC51A,TOX2,RASSF4,PHTF2,PRNP,EXOC6,GNAZ,ALOX5AP,SH3BGRL,HEXB,GNGT2,PGGT1B,SERINC3,IFITM3,HIF1A,PTPN14,CEBPZOS,QKI,MYOM1,RAPGEF3,PCLAF,TP53INP2,PRRC1,SPON2,ANXA1,SACK1E,TSPAN2,PCP4,CSF2RB,LITAF,DSTYK,CAPN5,RFTN1,ADM,PTGR1
GSE17721_0.5H_VS_24H_LPS_BMDC_DN	GSE17721_0.5H_VS_24H_LPS_BMDC_DN	0.0491493383742911	172	33	PEX19,SRRM1,NIT1,CPA5,G3BP2,UBE2L6,CYBB,TAGLN2,RNF5,MX2,SLC9D1,GTPBP2,ABI1,LRRC41,IREB2,FABP3,AGFG1,XCR1,AP1G1,ARF4,C5orf15,ADAMTS7,CD81,TNRC6A,WDR6,TMED7,BST2,ATOSB,PPP1CB,COL5A1,ST3GAL1,TLE2,PTGR1
GSE37533_PPARG2_FOXP3_VS_FOXP3_TRANSDUCED_CD4_TCELL_UP	GSE37533_PPARG2_FOXP3_VS_FOXP3_TRANSDUCED_CD4_TCELL_UP	0.0495636484695873	186	50	SPRY2,BMP6,PLIN2,POGLUT2,CEP83,SQLE,ZNF551,LRRC8D,POLQ,IER3,BRCC3,MXD3,CCT4,TCP1,RAD51C,DDX50,FAIM,PRPF38B,HSPA4L,REPIN1,NANS,RRS1,TJP2,RMND1,CAPN7,RBM38,FRG1,DNAJB1,ZFTA,MORC2,TOPBP1,UTP25,ZBTB17,TRAF2,POLB,INTS8,WASF3,PIDD1,DNAAF2,CCT3,GALNT11,GALNT10,MAEA,FASTKD1,PIK3CB,CLNS1A,NDUFA2,ABHD10,MOAP1,ASAP2
GSE3039_CD4_TCELL_VS_NKT_CELL_DN	GSE3039_CD4_TCELL_VS_NKT_CELL_DN	0.0340410757176651	191	63	CEP128,ID1,RFC4,SMC4,RP9,POLA1,MZT2B,DAZAP1,DBI,EZH2,MRPL18,TRIB1,MCF2L,FAAP20,MAZ,HSPA12A,METRN,EXO1,LMNB2,GADD45G,ERCC6L,PGP,TSEN34,DYNC1I2,RIOK1,PYGL,RBBP8,SLC52A2,HACD2,FBXL14,DPP9,PDE6D,MAPK4,CEP152,PSMC3IP,MCM4,TSPO,ZSWIM5,ABCC4,CPTP,DMWD,PPP6R1,DSN1,KCNK12,USP39,CENPP,JADE1,SPSB3,PA2G4,SSNA1,ABHD10,GOT1,USP1,ACADL,SLC2A9,SRBD1,ATP1A3,GPS2,PPIL1,RMND5B,LMF2,CCDC18,MON1B
GSE14769_UNSTIM_VS_240MIN_LPS_BMDM_DN	GSE14769_UNSTIM_VS_240MIN_LPS_BMDM_DN	0.0473366237999855	184	56	CHD9,TNFSF9,TGM2,IL10RA,FILIP1L,GNL1,FZD1,BLCAP,CHAC2,LY96,ABHD17B,TAPBPL,SEMA4D,MIER3,USP49,RANBP2,STX6,FNDC3B,FLT1,MOV10,BIRC2,SPRED1,CDKN1A,PTK7,SKIL,CLP1,EXOC6,SLFN5,RNF34,ADAR,VCPIP1,LRRC41,TMBIM6,LRCH1,PPARGC1B,FZD7,MIER1,AGFG1,RSBN1,TMOD3,IL10,SRC,TXNDC9,CPEB4,MITF,KYAT3,TRAF5,MVP,CSF2RB,FEZ2,DCP2,ARHGAP31,MTMR11,CACNB3,SLC30A7,TNFAIP2
GSE40666_WT_VS_STAT1_KO_CD8_TCELL_UP	GSE40666_WT_VS_STAT1_KO_CD8_TCELL_UP	0.0451720446360692	178	32	FMNL3,ADCY6,KLHL18,CACNA2D4,SLC35D1,N4BP2,LRP12,ZNF281,TUBB2A,KLF13,PIK3C2A,SLC16A5,SELENOP,IKZF4,SPSB1,WBP2,BCL3,TRIB2,ARHGAP29,EDEM1,F13A1,STAT5A,MTSS1,PLXND1,CACNB3,MX1,SOX4,ST3GAL1,FRY,TLE2,VANGL2,KCNN4
GSE30153_LUPUS_VS_HEALTHY_DONOR_BCELL_DN	GSE30153_LUPUS_VS_HEALTHY_DONOR_BCELL_DN	0.0476190476190476	148	33	BEAN1,SLC8A1,FURIN,MBNL2,FSTL4,RCHY1,STAB1,NEU1,SLC7A4,PKP2,CAMK2G,H6PD,NUAK1,SCNN1A,FABP3,FZD7,AK4,AKR1C3,RENBP,MICAL2,PRRC1,RRAS,ICAM1,SLC6A3,CD4,ATP2B4,COL13A1,FKBP9,SLC1A3,SERPINB1,STAT6,KRT5,LTBP1
GSE4984_LPS_VS_VEHICLE_CTRL_TREATED_DC_DN	GSE4984_LPS_VS_VEHICLE_CTRL_TREATED_DC_DN	0.0327038394546889	176	45	EPS15,NFATC2,OGDH,BAZ2B,NF1,PHACTR2,LLGL2,KIF1C,AKAP13,TMX4,GGA2,KATNAL1,ALOX5AP,WSB2,SNX30,SLC6A6,CXCR6,SPSB1,MECP2,TMBIM6,BROX,IQGAP2,TTC39C,TNFRSF9,MYO1C,MIB1,NBEAL2,SMAD5,PRDM1,CORO1C,RO60,MICAL2,CCR5,CPEB4,C1RL,DENND3,FLVCR2,ATP2B4,CYTH3,ARHGAP31,PLXND1,CRIM1,TGFBR3,SLC30A7,CDH1
KAECH_DAY8_EFF_VS_DAY15_EFF_CD8_TCELL_UP	KAECH_DAY8_EFF_VS_DAY15_EFF_CD8_TCELL_UP	0.0335493903446694	192	62	HM13,CPT1A,F2RL3,GZMB,SUGT1,ETFB,MRPL41,RPN1,RNASEH2B,CDC34,DBI,NCBP1,KIF4A,GGH,MKI67,WASHC3,SLC25A4,E2F8,TBRG1,MNS1,CASP7,NANS,LMNB1,SRP68,FRG1,YBX3,PLP2,HMGB2,HIKESHI,PRELID1,PRIM2,CCDC12,BATF,TCF19,HTATIP2,SPDL1,G6PD,ALDOA,PRC1,EEF1AKMT1,EMC3,HK2,TXN,COIL,COX17,SSNA1,TOP2A,IQGAP3,CMAS,SH2D2A,SMAP1,TYMS,ACSL5,ELOA,RACGAP1,ERG28,REPS1,KIF22,PPIB,FDPS,TACC3,AIP
GSE13484_3H_UNSTIM_VS_YF17D_VACCINE_STIM_PBMC_DN	GSE13484_3H_UNSTIM_VS_YF17D_VACCINE_STIM_PBMC_DN	0.0485611510791366	162	39	MAT2B,BID,UBA7,APOBEC3B,CCSER2,TRAFD1,NDUFV2,UBE2L6,BAK1,GTF2A1,RBPMS,BAZ1A,MX2,EML4,LGALS9,IL12RB2,GTPBP2,APOL1,SPSB1,CD164,AGFG1,BACH1,IL10,QKI,SRC,PLAUR,ARL8B,ICAM1,S100A14,B4GALT1,IFI35,CAPN5,IRS1,IFITM1,PLAU,JUP,CUL4B,PDE4B,TWSG1
GSE9988_LPS_VS_VEHICLE_TREATED_MONOCYTE_UP	GSE9988_LPS_VS_VEHICLE_TREATED_MONOCYTE_UP	0.044731411156003	148	43	RBM17,IL15RA,DUSP1,PPP1R15A,JUN,IL2RA,SLC7A5,EGR1,PHLDA2,CSRNP1,MUCL1,IER3,PIM3,C11orf96,PLK3,TJP2,FOSL1,NFKB1,NEMP1,E2F7,SIAH2,PTGS2,NFKBIA,TNFAIP3,ADRB2,SNX9,GADD45A,NOCT,MAP3K8,MAP3K4,DRAM1,HECW2,PLEK,PIM2,PPP1R15B,YRDC,SGMS1,TXN,CD83,PDSS1,UAP1,RIPK2,FJX1
GSE3982_DC_VS_NEUTROPHIL_LPS_STIM_UP	GSE3982_DC_VS_NEUTROPHIL_LPS_STIM_UP	0.0444832259384039	184	53	KDM4C,CEP83,ADGRB1,NUP107,ALDH3A2,BRCC3,UTP14A,DNAJC2,FABP5,RAD51C,SERPINE1,TOR3A,SMARCAL1,IFI27,RMND1,PTBP1,INVS,FAM149B1,SHQ1,PAAF1,STAG1,NSDHL,EIF2S2,TSR3,MICAL3,NIF3L1,RPS20,EFL1,MAIP1,CKAP5,NDUFS8,TMEM87A,ARHGAP22,CCND1,GTF3C3,HMGN5,FDX1,PRDM4,EAF2,MRPL39,PPP1R7,MRPL15,PDSS1,RPL21,PTCD1,KEAP1,TTLL1,CILK1,PRKAR2B,MKKS,SPHK2,MRPS11,FAHD2A
GSE3982_MAC_VS_EFF_MEMORY_CD4_TCELL_UP	GSE3982_MAC_VS_EFF_MEMORY_CD4_TCELL_UP	0.0459558823529411	181	67	FRMD4A,SCPEP1,ITGAX,LDLRAD4,PLXNC1,ZBTB10,ABCB9,NDUFS1,PROC,IL13RA1,AHCYL1,CTSH,IGFBP7,TMEM14B,REPS2,AGGF1,OPA1,RNPEP,IMPACT,AMOTL2,PSMC4,TRIO,GTF2IRD1,CSF1,SEL1L,ASPHD1,TVP23B,PAQR5,MTCH2,ATP5MC1,KDELR2,LYSET,BAZ2B,GPER1,BCL2L1,VCP,GNPDA1,PDE8A,MTMR6,TRPV2,ST13,BTBD7,CCDC6,CLIP4,NDUFV2,ACSF2,EVI5,SNX24,SLC6A6,ETHE1,SERINC3,UQCRC2,GINS1,BACH1,CLN8,PPME1,DCPH1,SDCBP,PDXK,CCL22,QPRT,PRDX3,PPP2R3A,PLAU,ANPEP,RUBCNL,COL8A2
GSE24634_IL4_VS_CTRL_TREATED_NAIVE_CD4_TCELL_DAY10_DN	GSE24634_IL4_VS_CTRL_TREATED_NAIVE_CD4_TCELL_DAY10_DN	0.0479846449136276	180	44	AGA,KLHL18,CLDN7,GRN,CDKN1A,DHX58,PTAFR,TRPV2,LMO4,LRP12,SORT1,CAVIN1,UBE2L6,CRYBG1,CYBB,BAK1,ST3GAL5,ATP6V1E1,DAG1,DSE,ALAS1,SFT2D2,MYOF,IQGAP2,S100A13,SCRN1,F3,LEPROT,PLAUR,RHOQ,GREM1,ANXA4,CKAP4,SERPING1,GPC4,ATP6V1B2,PLXND1,OGFRL1,FZD2,COL8A2,CCR1,ZNF185,RAB31,TNS3
GSE7852_LN_VS_THYMUS_TREG_UP	GSE7852_LN_VS_THYMUS_TREG_UP	0.0457875457875457	173	51	ACOT11,RNPEP,NUDT19,FMO5,PTPRJ,NFIA,SLC2A3,ATP6V1D,ETV1,WIPF2,ADCY7,TANC1,XDH,FCMR,RAB6B,CCNG1,RPS6KA2,CD72,ARNT2,CKB,NR1D2,SHE,HLA-E,PEAR1,UBASH3B,KCTD2,ADGRD1,PRKCA,TASP1,MIMS2,JADE2,PHLPP2,SPN,TNFRSF1A,ACAP1,FOXRED2,SYNPO,SEPTIN8,NT5E,ARHGEF12,NUAK2,TPD52,QPRT,KIAA0232,NDST1,FGD6,ARHGAP31,ITGA6,PGGHG,TMEM63A,TWSG1
GSE3982_BASOPHIL_VS_CENT_MEMORY_CD4_TCELL_UP	GSE3982_BASOPHIL_VS_CENT_MEMORY_CD4_TCELL_UP	0.0485981308411214	175	48	BACE2,AREG,CSF1,PDGFC,CDA,WASHC4,GSK3B,ELOB,HEXIM1,BAZ2B,SERINC1,PTPRE,RASGRP3,BST1,ITPRID2,PPP4R1,ATP5MG,SLC2A10,SWAP70,ZDHHC7,ADGRE1,GALC,NDUFV2,PRNP,AATK,COX8A,LAT2,VEZF1,ALDH2,ACOX1,BCAR3,BACH1,MARCHF2,TREM2,RHOQ,CHP1,ANXA1,C1RL,YWHAZ,LUZP1,IFITM2,DAZAP2,CAV2,GSN,SERPINB1,FRY,KDM5B,KRT81
GSE9006_TYPE_1_VS_TYPE_2_DIABETES_PBMC_AT_DX_DN	GSE9006_TYPE_1_VS_TYPE_2_DIABETES_PBMC_AT_DX_DN	0.0356937645616092	179	45	OXA1L,TAX1BP1,NOVA1,KPNA3,SCAMP1,MTF1,PURA,C21orf91,MR1,RBPJ,PDE8A,RTCB,RPL12,SERF2,DENND1B,COL21A1,ADGRE1,TNFSF10,DHTKD1,FAM114A1,GFOD2,ARL6IP5,ATP6V1E1,XK,SELENOP,LPP,PSMA1,TUBD1,LEPROT,MDH1,YIPF6,PAPSS2,ANXA2,MOB4,ARHGEF12,DPP8,ANXA4,CCNI,PDXK,SPARC,F13A1,CLTC,ATP2B4,DAB2,ITGB5
GSE2128_C57BL6_VS_NOD_THYMOCYTE_MIMETOPE_NEGATIVE_SELECTION_DN	GSE2128_C57BL6_VS_NOD_THYMOCYTE_MIMETOPE_NEGATIVE_SELECTION_DN	0.0486121940946251	180	28	RBM17,DUSP1,FOS,ARL2BP,CEBPD,PLIN2,RCN1,TRIM14,CD47,SERP1,IFT57,EEPD1,KLF11,RPIA,NHP2,TLR4,PDK4,NMI,CASP7,INF2,SEMA3C,MCUB,UTP20,UIMC1,RHOF,TLE3,STK10,SIAH2
GSE43955_1H_VS_60H_ACT_CD4_TCELL_WITH_TGFB_IL6_UP	GSE43955_1H_VS_60H_ACT_CD4_TCELL_WITH_TGFB_IL6_UP	0.0475319926873857	178	44	RGS10,SUPT6H,BRK1,IL6ST,LARP1,IDI1,CAPZA2,STMP1,NAA40,TAX1BP1,LPIN2,ARPC1A,SLC27A1,ATP6V0E1,MARCKS,CLDN7,VPS37B,RAMP2,CCDC6,MPP1,DNAJB5,PSMB10,ISG20,ISL1,RAC2,SIRPA,GNAI2,USF1,SNTB2,VWF,TNFRSF9,PIGS,TOR1AIP2,UCK2,LMBR1L,UBE2W,RASSF2,CYTH3,LITAF,ATP6V1B2,LSP1,ADM,PIK3CD,SGPL1
GSE3982_BASOPHIL_VS_EFF_MEMORY_CD4_TCELL_UP	GSE3982_BASOPHIL_VS_EFF_MEMORY_CD4_TCELL_UP	0.0456204379562043	185	53	CCPG1,MYB,FMO5,IMPACT,SUOX,PSMC4,IL1RAP,COXFA4,BACE2,ANXA11,CSF1,PDGFC,PPM1H,HEXIM1,PIM1,C21orf91,SERINC1,RASGRP3,SCML1,UBE2K,SLC2A10,ZDHHC7,PJA2,LRP12,MT1F,PHTF2,BTBD7,NDUFV2,PRNP,LAT2,RAP2C,ALOX5AP,VEZF1,SERINC3,H2AZ1,FBXO2,VAMP3,MTM1,KRT86,SDCBP,MYL6,C5orf15,RAB5C,C1RL,DENND3,ATP6V1B2,BEX4,CAV2,EID1,PRKAG2,PIAS3,FRY,HPGD
GSE45739_UNSTIM_VS_ACD3_ACD28_STIM_NRAS_KO_CD4_TCELL_DN	GSE45739_UNSTIM_VS_ACD3_ACD28_STIM_NRAS_KO_CD4_TCELL_DN	0.0485611510791366	162	35	PTPN22,USP11,CD8B,TTC38,MT1F,GGA2,DKK3,CLCN6,SSX2IP,PALLD,GAS7,NUAK1,RIT1,TNFRSF9,DENND2B,CD63,F2R,NT5E,ID2,RHOQ,SPON2,ROR1,PDLIM1,DNMBP,ITCH,LITAF,ENC1,PLXND1,CRIM1,TGFBR3,RGS9,SPRING1,TLE1,IL2RB,PRSS23
GSE41867_NAIVE_VS_DAY30_LCMV_CLONE13_EXHAUSTED_CD8_TCELL_UP	GSE41867_NAIVE_VS_DAY30_LCMV_CLONE13_EXHAUSTED_CD8_TCELL_UP	0.0494505494505494	148	33	EGFLAM,FXYD6,C4orf46,TDRD7,SORBS1,BIRC2,ABCC2,NINJ1,P2RX4,SKIL,MYO1A,UBE2L6,BAZ1A,MX2,PIK3R5,ADAR,APOL1,PALM3,DNAI3,SNN,TP53INP2,KRT80,ZNFX1,PI4K2B,SLC1A2,STAT5A,IFI35,EPSTI1,KRT17,SLC1A3,ADM,SERPINB1,PRSS23
GSE32255_WT_UNSTIM_VS_JMJD2D_KNOCKDOWN_4H_LPS_STIM_DC_DN	GSE32255_WT_UNSTIM_VS_JMJD2D_KNOCKDOWN_4H_LPS_STIM_DC_DN	0.0485611510791366	162	49	LACTB2,PLS3,NUDCD2,SPIN1,ITIH5,SNX13,BACE2,FAR1,UBXN7,MOSPD2,RIPK3,SCAMP1,EIF4E3,MID2,ATP6V0A1,FMN1,TSPAN13,FBXL5,SHE,CRYZL1,FAM114A1,UBASH3B,KATNAL1,SLC9A6,NDRG2,CD99L2,CCNG2,YPEL2,ARL5A,RBM24,SSR1,TNFRSF9,LAPTM4A,SH3BP4,PAFAH1B2,ARHGEF12,ANXA4,IL1R2,TPD52,STARD4,YWHAZ,CDC50A,ITGAV,PADI2,CAV2,CASTOR2,TGFBR1,MOB1B,TCN2
GSE40666_NAIVE_VS_EFFECTOR_CD8_TCELL_DN	GSE40666_NAIVE_VS_EFFECTOR_CD8_TCELL_DN	0.0499912406290697	180	41	PDE2A,SPRY2,COMTD1,DNAJA4,RCN1,YDJC,OSBPL5,ABHD17A,MACROD1,MAP3K5,RP9,LIN7A,TSHZ3,HSP90B1,C1orf122,ABCB1,RNASET2,VTI1B,RELL2,AMZ1,AVEN,FKBP5,PKP3,NSMAF,GPR183,DPY19L1,LYSMD2,SLC71A1,MCRIP2,MYC,MID1IP1,DIPK1B,ACYP2,ARAP3,SCARB1,RAB32,ACTR3B,PPIE,CFAP20DC,TNFRSF1B,FZD5
GSE19198_6H_VS_24H_IL21_TREATED_TCELL_DN	GSE19198_6H_VS_24H_IL21_TREATED_TCELL_DN	0.0475319926873857	178	58	RAB42,ETNK1,REPS2,FILIP1L,RIC1,AFF1,PELI1,ZNF395,DENND11,RHOBTB1,DIP2B,GLDN,ADAT2,MYO7A,SORBS3,EPS15,OGDH,SH3PXD2B,RBPJ,HELZ,PIK3IP1,SLC18B1,SPRED1,SDC3,FOXN2,FAM91A1,CMKLR1,CORO7,STAB1,GGA2,RIMOC1,MPP1,ALS2,TNS1,PREX1,PIK3R5,YPEL2,C2,SELENOP,SNTB2,IFITM3,FOXRED2,HS2ST1,SSH2,CEMIP2,ARL8A,H1-2,QPRT,RHOBTB3,SERPING1,ARID5B,RASSF2,STAT5A,GLMP,MTSS1,TRPS1,FZD2,STING1
GSE10239_NAIVE_VS_KLRG1HIGH_EFF_CD8_TCELL_DN	GSE10239_NAIVE_VS_KLRG1HIGH_EFF_CD8_TCELL_DN	0.0385413828982343	192	84	ZNF503,DIO2,MANF,PLIN2,ETFB,CMSS1,PRDX4,KIF4A,SLC1A4,HIRIP3,FIRRM,SAP30,RANBP1,RAD51C,SDF2L1,GINS2,E2F8,PALS2,ERCC6L,CASP7,CIP2A,RPS19BP1,E2F7,CHEK1,RAD54L,MAPRE2,GMDS,NEIL3,CHLSN,MCM4,CKAP2,ACTL6A,MBNL3,TNFRSF1B,SPDL1,EME1,PDGFA,PRC1,RFC5,IKZF3,HASPIN,PGRMC1,DTYMK,HK2,CCDC34,MRPL15,PDSS1,NDUFAF6,DIP2A,TIPIN,HMMR,SNRNP40,FLNB,TYMS,ZCCHC4,XBP1,ZFAND4,GLRX2,POU4F1,PIF1,TEX30,KIF22,PLSCR1,PIK3AP1,TACC3,ANLN,IRF8,CDCA5,CYP51A1,MAGOHB,MYO5A,HLA-A,TSPAN33,NEK2,CKS1B,TTK,ZGRF1,NCAPD2,MCM5,NUP37,EPAS1,MELK,KNTC1,NSMCE2
GSE24210_RESTING_TREG_VS_TCONV_UP	GSE24210_RESTING_TREG_VS_TCONV_UP	0.0492700729927007	185	38	USF3,SGPP1,SLC66A3,MTMR6,SPC24,N4BP2,UNC119,FES,SSBP3,NOTCH2,CNP,KLF13,CDC42EP3,YPEL2,TMT1A,LPP,SERINC3,CD164,ACAP1,SH3BGRL3,PAPSS2,NUAK2,F2RL1,PCLAF,CPEB4,INPP4B,CDC42SE2,SLC40A1,ANXA1,DNMBP,NAPG,PADI2,PRR13,UNC13D,LSP1,FRY,HPGD,CARMIL1
GSE3982_DC_VS_BCELL_DN	GSE3982_DC_VS_BCELL_DN	0.0424948405982029	166	37	BIK,KLF2,DUSP1,RGS14,GOLIM4,GTF3A,RUFY1,WEE1,NCK2,LTB,KIF4A,KCNC4,TPX2,CTCF,PARM1,BCL2,IFRD2,SEL1L3,FBXL7,DIDO1,HCRTR2,TRADD,HSPA1L,WNT16,CDC25B,PPP4R3B,SLC2A5,FAM193B,JAM3,ZNF473,BBS9,SYNE1,E4F1,UBR7,IRF7,NASP,ZNF394
GSE7548_NAIVE_VS_DAY7_PCC_IMMUNIZATION_CD4_TCELL_DN	GSE7548_NAIVE_VS_DAY7_PCC_IMMUNIZATION_CD4_TCELL_DN	0.0476190476190476	179	51	MDK,GMPR,RUBCN,RAD9A,GBP1,ARNT2,SASH1,CD2AP,GCA,CSRNP2,CASP10,TDRD7,SOCS1,TGM1,BIRC2,BARD1,EFR3A,RTCB,ELF4,UBA7,CMKLR1,TRAFD1,SHOC2,PGAP1,BAK1,ST3GAL5,ISG20,BAZ1A,MX2,ADAR,APOL1,MYL12A,SFT2D2,IFITM3,PCMT1,VAMP5,SAMD4A,SEPTIN4,NFE2L3,MVP,CSF2RB,IFITM2,IFI35,BST2,IFITM1,MX1,MALT1,ADM,SMAD3,SERPINB1,HEG1
GSE39110_DAY3_VS_DAY6_POST_IMMUNIZATION_CD8_TCELL_DN	GSE39110_DAY3_VS_DAY6_POST_IMMUNIZATION_CD8_TCELL_DN	0.0480418109133541	184	64	ZFPM1,GZMB,NPNT,AKAP6,SKA3,CDC6,PLXDC2,KIF4A,NUF2,SAP30,EGR2,FABP5,EXO1,INTS13,TPX2,E2F8,CENPI,DHFR,FOXM1,YBX3,E2F7,CHEK1,NDUFAF2,PLP2,STIL,MCM10,CLSPN,PARPBP,EHD4,CTLA4,DTL,SGO1,CKAP2,KIF20A,TARS3,TRIP13,FAM81A,MVB12A,IKZF3,TICRR,CENPE,FEN1,WARS1,UBE2C,SCCPDH,PPP1R14C,ESD,CCNA2,RECQL4,C12orf75,TOP2A,BLMH,SPC25,CENPF,ESCO2,SPATS2,DPAGT1,RACGAP1,CCDC18,SNRPA,PNPO,KIF22,UHRF1,CEP55
GSE41867_DAY8_EFFECTOR_VS_DAY30_MEMORY_CD8_TCELL_LCMV_ARMSTRONG_UP	GSE41867_DAY8_EFFECTOR_VS_DAY30_MEMORY_CD8_TCELL_LCMV_ARMSTRONG_UP	0.0406628689482151	192	52	TRIM14,NPNT,GTF2F2,LSM7,RIOX2,WDR3,CMSS1,NCBP1,NUDC,TAF12,DTX3L,FABP5,FAF1,HOOK2,BAG2,BCCIP,ENKD1,LMNB1,ESF1,POLD3,ZPR1,POGK,PCCA,DDX27,UTP25,MSH2,TSR3,MAP2K2,PFDN2,BMS1,ACTR3B,MESD,WDR74,IFT74,HSD17B7,RSL1D1,SLC29A2,DRG1,TSSC4,MBD3,ALG5,METTL4,UBE2M,NSMCE1,HASPIN,DARS2,CCN6,CCDC34,NDUFA2,HDAC2,RPUSD3,COX17
GSE369_PRE_VS_POST_IL6_INJECTION_IFNG_WT_LIVER_DN	GSE369_PRE_VS_POST_IL6_INJECTION_IFNG_WT_LIVER_DN	0.0455653225129946	190	50	TCP11L2,ABCA1,SLCO5A1,MIF4GD,RAP1A,FCMR,NRM,PPM1A,SFXN3,RNF144A,NF1,ZMYM2,TAOK1,ACBD3,CAPN1,AGO2,VAT1,ASTL,ORAI2,ARL4C,DYNLT3,TAGLN2,MTURN,SH3PXD2A,AHNAK,GUCD1,HEXB,DUSP2,PCIF1,PTPRO,BRI3,LRCH1,MFGE8,MYO1C,SSH2,LFNG,F2RL1,ARPC5,RASGRP2,AFF4,DGKA,GPSM3,CKAP4,QPRT,EMP3,MTSS1,ITGA6,STARD8,PIK3CD,MYO1G
GSE24142_ADULT_VS_FETAL_DN3_THYMOCYTE_DN	GSE24142_ADULT_VS_FETAL_DN3_THYMOCYTE_DN	0.0476190476190476	169	50	SNRK,DLST,BMPR1A,KLHL7,P2RX1,FICD,SCAMP1,TM7SF2,ARID3A,TJP1,HAAO,LIPG,BID,PSME4,IGF1R,UNC119,ARL4C,TASP1,CDC42EP1,IGF2BP1,TLE6,WSB2,PTPRO,TNFRSF9,PTPN14,RND2,AGFG1,TRIB2,IL10,SRC,KIFC3,RYR1,ID2,GALE,SYNGR2,SH3BGRL2,PODXL,SEPTIN4,TRAF5,ARID5B,ITGAV,FGD6,APOE,BEX4,BAMBI,CAPG,SCARA3,CTTN,TIMP2,FBLN1
GSE12845_NAIVE_VS_DARKZONE_GC_TONSIL_BCELL_DN	GSE12845_NAIVE_VS_DARKZONE_GC_TONSIL_BCELL_DN	0.0420771945613602	192	54	ARL2BP,GTF2E2,TOP1,DAZAP1,REXO2,RUVBL1,MEN1,EXO1,PIN1,SART1,MRPS2,CENPI,FAM216A,RBM42,MNS1,PARP2,P4HA2,EIF2B2,JPT2,DDX23,HNRNPM,RMND1,HERC4,POGK,RGS16,CRIP1,HIKESHI,PDCD10,MTHFD1,ZBTB14,GMDS,TMEM11,ANKRD26,RWDD1,NASP,SERBP1,ALDOA,MTREX,KIFAP3,ELAC2,MFHAS1,CFAP298,PLEK,NFYB,DTYMK,ECI1,PIGV,AGPS,DNAJB6,ORC3,MGAT1,TPCN1,CMAS,EIF3F
GSE27786_CD8_TCELL_VS_MONO_MAC_UP	GSE27786_CD8_TCELL_VS_MONO_MAC_UP	0.0450708783118148	191	44	CTU1,ANTKMT,SMC4,ARHGEF3,OSBPL5,GLRX5,RCCD1,IL18R1,TNFSF8,APLF,PAK1IP1,DUS3L,CDK13,NARS2,ALKBH7,ZC3H14,TCHP,NEMF,DVL1,SLC25A22,NGLY1,RABEP2,LMNTD2,HTATSF1,PHF14,EARS2,JMJD6,ANGPTL4,MRPL2,MAP2K2,TAF3,TRIM44,RWDD1,ST8SIA1,NDUFAF4,DRG1,TP53BP1,IPO5,IRF1,MLYCD,UBE3A,NCOR1,ATF7IP,SACS
GSE15330_MEGAKARYOCYTE_ERYTHROID_VS_GRANULOCYTE_MONOCYTE_PROGENITOR_IKAROS_KO_UP	GSE15330_MEGAKARYOCYTE_ERYTHROID_VS_GRANULOCYTE_MONOCYTE_PROGENITOR_IKAROS_KO_UP	0.037356315627505	194	49	HSPH1,IL15RA,ANP32B,TXNDC5,NXT1,BRCC3,RPIA,TXNDC12,MTIF2,TYW1,RBM19,MRPS5,VPS45,NME6,RSRC1,ZC3H15,TMEM184C,MCUB,AFG2A,BHLHE40,PDIA6,CCDC107,MIS18A,HMGB2,MRPL46,NUP88,BNIP1,PDE6D,C8orf82,EHD4,CHPT1,PNN,NEIL3,MAP3K8,PIGU,ZNF239,CEP290,UBR7,SF3A2,ALDOA,HNRNPU,CUL1,XPO1,SMN1,UTP18,LSG1,CEP57L1,ASB3,ZNF235
GSE15930_NAIVE_VS_72H_IN_VITRO_STIM_IFNAB_CD8_TCELL_DN	GSE15930_NAIVE_VS_72H_IN_VITRO_STIM_IFNAB_CD8_TCELL_DN	0.0374137548906909	195	73	GZMB,RBM10,RFC4,MRPS22,GTF2E2,RPN1,RIOX2,RNASEH2B,ELMOD3,BRCA1,PLK4,EZH2,MRPL18,KIF4A,MTX2,MKI67,SAP30,XPOT,LMNB1,ESF1,HSDL2,MLLT3,APBA3,BHLHE40,PDCD2,CHEK1,PLP2,CARS1,SAAL1,JMJD6,MRPL45,PRIM2,NOCT,CKAP2,CKAP5,TIMM9,DHCR7,RCC1,RFC5,GFM1,SIVA1,HASPIN,DNMT1,MAEA,HK2,TRIB3,HPF1,ECPAS,MRPL17,STK39,SLC2A1,HAX1,TOP2A,BLMH,DDX52,TAMM41,FAM162A,FDFT1,NVL,HIP1R,CTPS1,DDX1,DESI1,RFC2,IARS1,CNTRL,FDPS,TACC3,NDUFS6,BUB1,ANLN,PREP,MCM2
GSE17721_POLYIC_VS_PAM3CSK4_2H_BMDC_UP	GSE17721_POLYIC_VS_PAM3CSK4_2H_BMDC_UP	0.0456589940248815	185	59	JUN,MGAT2,NSMF,NUDT16,CDC25A,SCRIB,AKIRIN2,AHRR,BRCC3,ATG3,CLASRP,ANKRD28,ZC3H8,FAIM,TOR3A,MAFB,ELF2,SCAF4,TMEM51,KCNK13,RASA1,NFIL3,AFG2A,SNX19,ATF1,NARF,PHF5A,TRMT1L,RAD54L,ARMC10,TM2D2,BRPF1,ARMCX2,RRP8,ZNF274,INPP5E,PITPNC1,CPTP,HASPIN,DNMT1,VGLL4,ATP13A1,SYS1,NEK9,UQCC1,INPP5D,RAD51D,RBM18,DIPK2A,MAP3K14,DNAJA3,XBP1,ARPC5L,MED1,ATF6,PPM1G,NMNAT3,MED23,AKAP10
GSE17721_0.5H_VS_24H_POLYIC_BMDC_UP	GSE17721_0.5H_VS_24H_POLYIC_BMDC_UP	0.0452586736381141	166	66	H2AX,GDF15,RBM10,DNAJB11,SLC7A5,PITX1,TDO2,ZC3H18,EEPD1,NHP2,CEACAM21,ANKH,DUS3L,MRPS2,CGREF1,SCRT1,CEMIP,STK10,ITGA9,STIL,PHF5A,TNFAIP8,ELOVL6,LYAR,BPGM,ZDHHC6,TIMMDC1,PPIE,ALDOA,CHST7,PCID2,POLR2H,MLYCD,IMPA2,FAM81A,GFM1,NME2,HPF1,CCNA2,UXT,RALGDS,RRN3,SMC3,IPO4,TMED9,PPIB,MRPL48,PABPC4,LRRC59,MTDH,GDAP1,QDPR,TRMT10A,EMC2,MCM2,ADK,WDR12,RPL6,MMP17,SESN1,MAFF,PPP1R18,FERRY3,DDX39B,GAB3,MRPS24
GSE32986_UNSTIM_VS_GMCSF_AND_CURDLAN_LOWDOSE_STIM_DC_UP	GSE32986_UNSTIM_VS_GMCSF_AND_CURDLAN_LOWDOSE_STIM_DC_UP	0.0449058490419296	192	50	STIP1,CYTIP,NUP107,PRKRA,SNX25,CDC25A,B3GALNT1,ODF2,IL18R1,NUF2,CCT4,GBE1,NDUFAB1,LMNB2,EIF5B,WDHD1,HSPA4L,ADRM1,ATAD2,NARF,MAP7D3,MCM10,MIS18A,MNAT1,PDE6D,CCDC150,PFDN2,GEMIN5,EXOSC8,KMT5A,CDK6,DRG1,SGO2,EME1,POLD1,IPO5,MTHFD1L,PSMG1,INTS10,POLR2H,CIAO2B,RFC5,HK2,TXN,EAF2,ING2,MRPL17,PA2G4,GOT1,TIPIN
GSE12366_GC_VS_NAIVE_BCELL_UP	GSE12366_GC_VS_NAIVE_BCELL_UP	0.0485811091827453	185	58	RBM17,BIK,ARL2BP,H2AX,POU2AF1,RFC4,ANP32B,TMEM106C,ENPP3,FHOD3,TOP1,KIF4A,TNFSF8,PRPF38A,SOX9,HES6,MAP2,SMC2,DHFR,MGST2,GINS3,CDCA7,CHEK1,LHFPL6,MPHOSPH9,FBXO5,RAD54L,SYVN1,TERF2IP,SLC2A5,CEP152,DTL,ABHD8,MCM4,MCM3,CKAP5,NSD2,PITPNC1,PLEK,HRK,CDCA4,CENPE,UBE2C,KANK2,PCNA,LIMS1,CHAMP1,RNGTT,TYMS,AKAP19,ZNF215,ZFAND4,UBAP2,KIF22,EED,PABPC4,UHRF1,PXMP4
GSE26343_WT_VS_NFAT5_KO_MACROPHAGE_UP	GSE26343_WT_VS_NFAT5_KO_MACROPHAGE_UP	0.0467289719626168	190	40	FAM217B,NR1D2,RAP2A,TEP1,EXOC8,AP1S3,SLC26A11,KDELR1,TMX4,ARL4C,ANKRD40,CRTAP,ARFGEF2,ZMAT3,C2orf69,PAN3,MTMR3,RBBP9,TNKS2,DNAJB14,GALNT9,RAB11FIP5,BORCS6,SSH2,ZFP91,UCK2,UTRN,MARCHF6,SELPLG,SLC46A3,NET1,ITCH,FGD6,DAB2,ENC1,SLC35E3,KLHDC10,GSN,HPGD,CDH1
GSE2585_AIRE_KO_VS_WT_CD80_HIGH_MTEC_UP	GSE2585_AIRE_KO_VS_WT_CD80_HIGH_MTEC_UP	0.0493116385145881	185	39	DNAJB11,TONSL,PAQR4,TSPAN5,OSBPL5,PLPBP,LRFN4,SMC1A,TRIR,GET4,PPP1R12C,MAN1C1,TFAP4,TUBA4A,AMZ1,ATP1B3,UNC13B,TFCP2,USF2,IDUA,RABL3,TMEM178A,ALG3,FOXM1,BBS7,SIAH2,DPP9,ASTE1,PARPBP,FAM120A,RAB3IL1,HADH,TCF19,FIZ1,TUBGCP4,SPDL1,MOCOS,TMEM87A,PAIP1
GSE22432_PDC_VS_TGFB1_TREATEDCOMMON_DC_PROGENITOR_UP	GSE22432_PDC_VS_TGFB1_TREATEDCOMMON_DC_PROGENITOR_UP	0.0408474627872988	194	46	RBM17,AHSA1,P4HA1,POGLUT2,RFC4,SLC7A5,NUP107,MEMO1,MACROD1,GTF2F2,GLRX5,MRPL52,MRPL34,MTX2,JOSD2,GGH,PIN1,SRFBP1,ZC3H15,JPT2,POP7,PWWP2A,DPP9,PHF5A,POLR1E,P4HB,UTP25,TMEM216,UBE2J2,LIG3,PPP1R14B,SF3A2,RSL1D1,C19orf25,DHX37,CCDC90B,NPM1,NLE1,BCL7C,NDUFA2,PBDC1,MED8,PCNA,TRA2B,MPHOSPH6,BLMH
GSE21927_GMCSF_IL6_VS_GMCSF_GCSF_TREATED_BONE_MARROW_DN	GSE21927_GMCSF_IL6_VS_GMCSF_GCSF_TREATED_BONE_MARROW_DN	0.0365429810599434	197	64	CCDC85B,DDRGK1,MRPL57,SMC4,HSPA8,GTF2F2,IGFBP4,NOC3L,FKBP11,NAT10,SAMD9,MRPL34,KIF4A,NUDC,BUD31,HIRIP3,FAF1,OAS3,SMC2,IFI27,CASP7,LMNB1,NFIL3,FOSL1,INVS,ATAD2,SP110,TOE1,SLC52A2,NUP88,BNIP1,MNAT1,TMEM11,CFAP20,CDC5L,NCDN,ITGB3BP,NASP,DDX49,DNAAF2,CFAP298,RFC5,FASTKD1,NELFE,DNTTIP2,SMC6,ISG15,COX17,RPP30,NGDN,IFT56,SRBD1,SPC25,KIFC1,TSR1,NVL,TTC27,ATF6,PRIM1,SLC19A1,PPAN,NDUFS6,NABP2,YBX1
GSE27859_DC_VS_CD11C_INT_F480_HI_MACROPHAGE_UP	GSE27859_DC_VS_CD11C_INT_F480_HI_MACROPHAGE_UP	0.049856002898752	192	71	C9orf40,PPP2CA,DNAJA1,RBCK1,ATP10A,PNP,NHP2,DNAJC2,EXO1,SAP30L,SRSF10,C1QBP,E2F8,NRP1,PARP2,ERCC6L,WDSUB1,DPH5,KAT2A,PINX1,ZCCHC3,MIS18A,HTATSF1,PDCD10,ABHD8,GCLC,NOLC1,SF3A2,SSBP1,TPR,ORC2,NDUFS8,CDCA7L,TRIP13,DIAPH2,CASP4,CLUH,DTYMK,GNL3,MRRF,FTSJ3,CLNS1A,SSNA1,ABHD10,PPP2R5D,RRN3,FGF21,SPC25,PCBD2,POGLUT1,RDX,ALYREF,PABPC4,FIG4,MOGS,RIOX1,MTRR,PRDX1,WDR75,SFT2D1,PNO1,MYO5A,HSPBP1,PIGP,SAP18,RAI2,MCM5,RAN,GTPBP1,NUP37,ATM
