"TF","Term","Overlap","P.value","Adjusted.P.value","Old.P.value","Old.Adjusted.P.value","Odds.Ratio","Combined.Score","Genes"
"CEBPB","CEBPB myocyte mm9","8/640","0.0001488869952355214","0.1088363935171661","0","0","5.9644952145723993","52.56105813017371275464","PER1;DDIT3;BHLHE40;MAFF;HMOX1;CHAC1;GBP2;NDRG1"
"JUN","JUN endothelial cell of umbilical vein hg19","9/988","0.0005825826042858910","0.2129339418664931","0","0","4.3602655771195096","32.47543056563067409570","RGS2;BHLHE40;MAFF;NLRC5;PLOD2;NR1D1;GBP2;NDRG1;ABCG1"
"ETS1","ETS1 MEL cell line mm9","12/1902","0.0017333384954895772","0.4223568134009603","0","0","3.0992706992706993","19.70425180849457902355","CSRNP1;PER1;DDIT3;MX2;SESN2;BHLHE40;MAFF;HMOX1;SLC2A3;NR1D1;NDRG1;REM2"
"EP300","EP300 HeLa-S3 hg19","11/1770","0.0031495383414285312","0.4699369813718771","0","0","2.9938062894587234","17.24581931965906633764","CSRNP1;SPINK1;SESN2;BHLHE40;PLOD2;CHAC1;RHOV;NR1D1;GBP2;NDRG1;ABCG1"
"CEBPB","CEBPB C2C12 mm9","10/1513","0.0032143432378377371","0.4699369813718771","0","0","3.1472098537966802","18.06540069360081446348","PER1;DDIT3;BHLHE40;MAFF;TNFAIP3;HMOX1;CHAC1;NR1D1;GBP2;NDRG1"
"FOSL2","FOSL2 HepG2 hg19","5/459","0.0051785254786343602","0.6309170208136196","0","0","4.8801061273528230","25.68514498214237917750","CSRNP1;DDIT3;TP53INP2;MAFF;GBP2"
"JUN","JUN HeLa-S3 hg19","5/506","0.0077555919460798439","0.8099053875120523","0","0","4.4116312828887683","21.43762145086115467052","CSRNP1;TP53INP2;NR1D1;GBP2;ABCG1"
"CEBPB","CEBPB ECC-1 hg19","8/1273","0.0115305740909576876","0.9998488441915652","0","0","2.8822520003856167","12.86277920787315842688","PER1;DDIT3;SESN2;BHLHE40;HMOX1;CHAC1;NDRG1;ABCG1"
"FOSL1","FOSL1 K562 hg19","6/849","0.0169890671304275022","0.9998488441915652","0","0","3.1627906976744184","12.88895800564462845728","CSRNP1;DDIT3;TP53INP2;BHLHE40;TNFAIP3;NR1D1"
"CEBPB","CEBPB A549 hg19","13/2860","0.0177353969884155270","0.9998488441915652","0","0","2.1694571283612381","8.74766942708833816766","PLOD2;NDRG1;PER1;RGS2;DDIT3;SESN2;MAFF;SLC19A3;HMOX1;CHAC1;SGK1;GBP2;ABCG1"
"SIN3A","SIN3A H1-hESC hg19","13/2874","0.0184180978517294452","0.9998488441915652","0","0","2.1570740611285877","8.61626304755891858633","CSRNP1;NTRK2;PTPRR;CDKN2B;NDRG1;PER1;RGS2;PCLO;DDIT3;TP53INP2;SLC19A3;HMOX1;CHAC1"
"FOS","FOS endothelial cell of umbilical vein hg19","10/2000","0.0213593580929442722","0.9998488441915652","0","0","2.3142636258214142","8.90127191878536727643","CSRNP1;DDIT3;SESN2;MAFF;NLRC5;PLOD2;NR1D1;GBP2;NDRG1;ABCG1"
"JUN","JUN HepG2 hg19","10/2000","0.0213593580929442722","0.9998488441915652","0","0","2.3142636258214142","8.90127191878536727643","NELL2;CSRNP1;DDIT3;TP53INP2;MAFF;TNFAIP3;NR1D1;GBP2;NDRG1;ABCG1"
"BHLHE40","BHLHE40 MEL cell line mm9","10/2000","0.0213593580929442722","0.9998488441915652","0","0","2.3142636258214142","8.90127191878536727643","PER1;MX2;BHLHE40;MAFF;TNFAIP3;SLC2A3;CHAC1;NR1D1;NDRG1;REM2"
"CEBPB","CEBPB MCF-7 hg19","7/1173","0.0233210545054147907","0.9998488441915652","0","0","2.6851057747284162","10.09169805201053549126","DDIT3;BHLHE40;HMOX1;CHAC1;GBP2;NDRG1;ABCG1"
"JUND","JUND HeLa-S3 hg19","8/1492","0.0274051683211707052","0.9998488441915652","0","0","2.4281112352902503","8.73397355884584136732","CSRNP1;TP53INP2;MAFF;CHAC1;NR1D1;GBP2;NDRG1;ABCG1"
"SREBF1","SREBF1 HepG2 hg19","4/502","0.0341918964481140245","0.9998488441915652","0","0","3.4721999107541275","11.72133651832741563226","NPC1L1;TP53INP2;BHLHE40;NR1D1"
"FOSL1","FOSL1 C2C12 mm9","3/293","0.0349612136584687774","0.9998488441915652","0","0","4.4215142428785610","14.82761881593532038437","TNFAIP3;NR1D1;NDRG1"
"CEBPB","CEBPB HCT116 hg19","3/303","0.0380318672335813318","0.9998488441915652","0","0","4.2719565217391304","13.96643928604041562380","SESN2;CHAC1;ABCG1"
"JUN","JUN CH12.LX mm9","8/1659","0.0470213503264972632","0.9998488441915652","0","0","2.1627690534930788","6.61191702083673771284","RGS2;GPX3;SESN2;BHLHE40;MAFF;TNFAIP3;NR1D1;GBP2"
"STAT3","STAT3 HeLa-S3 hg19","9/1974","0.0481835065772631133","0.9998488441915652","0","0","2.0594656488549616","6.24582077028606086344","SPINK1;BHLHE40;MAFF;PLOD2;SLC2A3;NR1D1;GBP2;NDRG1;ABCG1"
"MXI1","MXI1 CH12.LX mm9","9/2000","0.0516487244015843144","0.9998488441915652","0","0","2.0296333500753390","6.01439176482550141856","AKAP12;PER1;RGS2;MX2;SESN2;SLC19A3;RHOV;GBP2;NDRG1"
"eGFP-FOS","eGFP-FOS K562 hg19","9/2000","0.0516487244015843144","0.9998488441915652","0","0","2.0296333500753390","6.01439176482550141856","CSRNP1;DDIT3;SESN2;BHLHE40;MAFF;TNFAIP3;NR1D1;GBP2;NDRG1"
"JUN","JUN H1-hESC hg19","9/2000","0.0516487244015843144","0.9998488441915652","0","0","2.0296333500753390","6.01439176482550141856","RGS2;CDKN2B;PCLO;P4HA1;MAFF;TNFAIP3;NR1D1;NDRG1;REM2"
"REST","REST GM12878 hg19","6/1149","0.0604901424905041687","0.9998488441915652","0","0","2.2960385765732778","6.44101929934831307634","PTPRR;CDKN2B;PCLO;MX2;BHLHE40;TNFAIP3"
"CEBPB","CEBPB K562 hg19","11/2716","0.0609842368179942668","0.9998488441915652","0","0","1.8455686350812337","5.16231359543941437096","PER1;RGS2;P4HA1;DDIT3;SESN2;MAFF;CHAC1;NR1D1;GBP2;NDRG1;ABCG1"
"REST","REST HeLa-S3 hg19","6/1183","0.0677407214912289085","0.9998488441915652","0","0","2.2256821639564524","5.99168724379961226134","PTPRR;CDKN2B;PCLO;BHLHE40;NDRG1;ABCG1"
"REST","REST HCT116 hg19","3/410","0.0789811192736971784","0.9998488441915652","0","0","3.1317166969340882","7.95000830846490735837","PTPRR;CDKN2B;PCLO"
"SIN3A","SIN3A K562 hg19","4/698","0.0909743513414955629","0.9998488441915652","0","0","2.4664745437079731","5.91257768890719948018","PER1;CHAC1;NR1D1;NDRG1"
"CEBPB","CEBPB HepG2 hg19","13/3621","0.0928349020363841565","0.9998488441915652","0","0","1.6357092264104460","3.88797060133428074025","GPX3;TNFAIP3;NR1D1;NDRG1;PER1;P4HA1;DDIT3;SESN2;MAFF;HMOX1;CHAC1;GBP2;ABCG1"
"TEAD4","TEAD4 A549 hg19","3/447","0.0963087169573422358","0.9998488441915652","0","0","2.8653055229142184","6.70537780001486094505","CSRNP1;PER1;PLOD2"
"PRDM1","PRDM1 HeLa-S3 hg19","7/1625","0.0995281315573813136","0.9998488441915652","0","0","1.8884425216316441","4.35723165398802603221","RGS2;CDKN2B;PLOD2;SLC2A3;CHAC1;RHOV;NR1D1"
"FOSL2","FOSL2 SK-N-SH hg19","3/469","0.1072947348066673606","0.9998488441915652","0","0","2.7269546557193505","6.08704191854791698546","DDIT3;NR1D1;GBP2"
"TFAP2A","TFAP2A HeLa-S3 hg19","8/1995","0.1103996288320601149","0.9998488441915652","0","0","1.7640517019161133","3.88734989950384735025","CSRNP1;CDKN2B;P4HA1;TP53INP2;BHLHE40;PLOD2;RHOV;NR1D1"
"USF1","USF1 myocyte mm9","8/2000","0.1115956245435009986","0.9998488441915652","0","0","1.7591340973650700","3.85755843318259294961","PER1;DDIT3;BHLHE40;MAFF;TNFAIP3;HMOX1;CHAC1;NR1D1"
"CEBPB","CEBPB IMR-90 hg19","8/2000","0.1115956245435009986","0.9998488441915652","0","0","1.7591340973650700","3.85755843318259294961","PER1;RGS2;DDIT3;SESN2;HMOX1;SGK1;GBP2;ABCG1"
"USF1","USF1 C2C12 mm9","8/2000","0.1115956245435009986","0.9998488441915652","0","0","1.7591340973650700","3.85755843318259294961","PER1;DDIT3;BHLHE40;MAFF;TNFAIP3;HMOX1;CHAC1;NR1D1"
"RXRA","RXRA HepG2 hg19","4/761","0.1153032838631062179","0.9998488441915652","0","0","2.2538088947600174","4.86865401890545168584","TP53INP2;BHLHE40;PLOD2;NR1D1"
"JUND","JUND GM12878 hg19","4/809","0.1355980453890267834","0.9998488441915652","0","0","2.1141200828157349","4.22413944520397599547","MX2;BHLHE40;MAFF;RHOV"
"JUND","JUND CH12.LX mm9","6/1454","0.1429522820274911898","0.9998488441915652","0","0","1.7830206861107545","3.46841099854560219740","RGS2;GPX3;SESN2;BHLHE40;NR1D1;GBP2"
"TCF7L2","TCF7L2 HepG2 hg19","3/548","0.1504239320465573515","0.9998488441915652","0","0","2.3222177901874752","4.39897195232087323546","DDIT3;TNFAIP3;NR1D1"
"EP300","EP300 T47D hg19","5/1155","0.1511398475816761733","0.9998488441915652","0","0","1.8578063241106719","3.51041743411752182880","CSRNP1;DDIT3;BHLHE40;PLOD2;NDRG1"
"MAX","MAX myocyte mm9","5/1160","0.1530816067689530491","0.9998488441915652","0","0","1.8492719401810311","3.47068421498043111484","PER1;DDIT3;MAFF;NR1D1;NDRG1"
"USF1","USF1 GM12878 hg19","8/2162","0.1542371245744021402","0.9998488441915652","0","0","1.6121566229589872","3.01354648409930625519","PER1;CDKN2B;DDIT3;BHLHE40;MAFF;TNFAIP3;HMOX1;NR1D1"
"USF1","USF1 H1-hESC hg19","9/2563","0.1688880864724046638","0.9998488441915652","0","0","1.5326252936570086","2.72580319490139277860","AKAP12;PER1;CDKN2B;PCLO;DDIT3;BHLHE40;MAFF;HMOX1;NR1D1"
"CTCF","CTCF fibroblast of gingiva hg19","8/2237","0.1764157308987488459","0.9998488441915652","0","0","1.5513464421319854","2.69144949959106138948","NTRK2;RGS2;CDKN2B;P4HA1;HMOX1;CHAC1;SGK1;NDRG1"
"TCF12","TCF12 myocyte mm9","5/1223","0.1784478027214256857","0.9998488441915652","0","0","1.7477422003284071","3.01216227346037701551","PER1;DDIT3;BHLHE40;NR1D1;NDRG1"
"HNF4A","HNF4A HepG2 hg19","9/2620","0.1851578641695596772","0.9998488441915652","0","0","1.4942550746840291","2.52013066323554157933","CSRNP1;PCLO;DDIT3;TP53INP2;BHLHE40;TNFAIP3;PLOD2;NR1D1;NDRG1"
"FOSL2","FOSL2 MCF-7 hg19","2/329","0.1926981524310419081","0.9998488441915652","0","0","2.5537120176979635","4.20501956387219610889","TNFAIP3;NR1D1"
"NELFE","NELFE K562 hg19","2/334","0.1971460926319583973","0.9998488441915652","0","0","2.5146116380415280","4.08325212274662074918","DDIT3;SESN2"
"RAD21","RAD21 A549 hg19","10/3040","0.2021856488415883502","0.9998488441915652","0","0","1.4319201150884320","2.28902303483350699764","AKAP12;NTRK2;P4HA1;TP53INP2;BHLHE40;TNFAIP3;PLOD2;ESAM;RHOV;SGK1"
"ESR1","ESR1 ECC-1 hg19","3/637","0.2045126953771435885","0.9998488441915652","0","0","1.9870731038266356","3.15373384768254716448","TP53INP2;BHLHE40;ABCG1"
"STAT1","STAT1 K562 hg19","2/345","0.2069777042829243907","0.9998488441915652","0","0","2.4326034365113829","3.83170119464082414851","MX2;MAFF"
"NFIC","NFIC ECC-1 hg19","3/643","0.2083201565560274526","0.9998488441915652","0","0","1.9678328804347829","3.08689844651953038124","CSRNP1;SLC19A3;CHAC1"
"TCF3","TCF3 myocyte mm9","7/1987","0.2098252559072775469","0.9998488441915652","0","0","1.5127104377104377","2.36206741102488315676","CSRNP1;PER1;RGS2;P4HA1;HMOX1;CHAC1;NR1D1"
"TAF1","TAF1 GM12878 hg19","5/1304","0.2132830023730817315","0.9998488441915652","0","0","1.6316747148155923","2.52115827423279137420","CSRNP1;PER1;RGS2;SESN2;RHOV"
"CEBPB","CEBPB HeLa-S3 hg19","7/2000","0.2144879181240191002","0.9998488441915652","0","0","1.5017561465127949","2.31195639278071762845","CSRNP1;PER1;P4HA1;MAFF;HMOX1;SLC2A3;RHOV"
"POLR2A","POLR2A small intestine mm9","7/2000","0.2144879181240191002","0.9998488441915652","0","0","1.5017561465127949","2.31195639278071762845","PER1;THEMIS2;DDIT3;SESN2;RHOV;NR1D1;NDRG1"
"CTCF","CTCF cortical plate mm9","7/2000","0.2144879181240191002","0.9998488441915652","0","0","1.5017561465127949","2.31195639278071762845","NELL2;PTPRR;CDKN2B;P4HA1;TNFAIP3;RHOV;ABCG1"
"POLR2A","POLR2A ES-Bruce4 mm9","7/2000","0.2144879181240191002","0.9998488441915652","0","0","1.5017561465127949","2.31195639278071762845","CSRNP1;RGS2;CDKN2B;DDIT3;SESN2;HMOX1;NDRG1"
"NFE2","NFE2 GM12878 hg19","7/2000","0.2144879181240191002","0.9998488441915652","0","0","1.5017561465127949","2.31195639278071762845","DDIT3;BHLHE40;MAFF;TNFAIP3;HMOX1;SLC2A3;NR1D1"
"TBP","TBP CH12.LX mm9","7/2000","0.2144879181240191002","0.9998488441915652","0","0","1.5017561465127949","2.31195639278071762845","THEMIS2;MX2;BHLHE40;SLC19A3;RHOV;GBP2;NDRG1"
"POLR2A","POLR2A bone marrow macrophage mm9","7/2000","0.2144879181240191002","0.9998488441915652","0","0","1.5017561465127949","2.31195639278071762845","RGS2;THEMIS2;SESN2;BHLHE40;HMOX1;NR1D1;NDRG1"
"EZH2","EZH2 fibroblast of dermis hg19","7/2000","0.2144879181240191002","0.9998488441915652","0","0","1.5017561465127949","2.31195639278071762845","PCLO;GPX3;SLC19A3;CHAC1;SGK1;NDRG1;REM2"
"CTCF","CTCF skeletal muscle myoblast hg19","7/2000","0.2144879181240191002","0.9998488441915652","0","0","1.5017561465127949","2.31195639278071762845","NTRK2;RGS2;P4HA1;HMOX1;PLOD2;SGK1;NDRG1"
"POLR2A","POLR2A testis mm9","7/2000","0.2144879181240191002","0.9998488441915652","0","0","1.5017561465127949","2.31195639278071762845","THEMIS2;MX2;SESN2;HMOX1;RHOV;NR1D1;NDRG1"
"CTCF","CTCF IMR-90 hg19","7/2000","0.2144879181240191002","0.9998488441915652","0","0","1.5017561465127949","2.31195639278071762845","NTRK2;RGS2;P4HA1;HMOX1;CHAC1;SGK1;NDRG1"
"EP300","EP300 MEL cell line mm9","7/2000","0.2144879181240191002","0.9998488441915652","0","0","1.5017561465127949","2.31195639278071762845","PER1;DDIT3;SESN2;BHLHE40;TNFAIP3;SLC2A3;REM2"
"GATA2","GATA2 endothelial cell of umbilical vein hg19","7/2000","0.2144879181240191002","0.9998488441915652","0","0","1.5017561465127949","2.31195639278071762845","RGS2;CDKN2B;BHLHE40;TNFAIP3;ESAM;GBP2;NDRG1"
"CTCF","CTCF ES-Bruce4 mm9","7/2000","0.2144879181240191002","0.9998488441915652","0","0","1.5017561465127949","2.31195639278071762845","NELL2;PTPRR;CDKN2B;P4HA1;TNFAIP3;RHOV;ABCG1"
"TBP","TBP MEL cell line mm9","7/2000","0.2144879181240191002","0.9998488441915652","0","0","1.5017561465127949","2.31195639278071762845","THEMIS2;DDIT3;MAFF;SLC2A3;CHAC1;RHOV;NDRG1"
"EP300","EP300 CH12.LX mm9","7/2000","0.2144879181240191002","0.9998488441915652","0","0","1.5017561465127949","2.31195639278071762845","MX2;SESN2;BHLHE40;TNFAIP3;HMOX1;NR1D1;GBP2"
"MAX","MAX MEL cell line mm9","7/2000","0.2144879181240191002","0.9998488441915652","0","0","1.5017561465127949","2.31195639278071762845","RGS2;BHLHE40;MAFF;TNFAIP3;HMOX1;NDRG1;ABCG1"
"JUND","JUND A549 hg19","3/657","0.2172687217056854525","0.9998488441915652","0","0","1.9243119266055049","2.93769373283521684215","P4HA1;MAFF;HMOX1"
"NFIC","NFIC SK-N-SH hg19","3/663","0.2211300036804370039","0.9998488441915652","0","0","1.9062252964426880","2.87650254742753208603","PER1;BHLHE40;SLC19A3"
"CTCF","CTCF bronchial epithelial cell hg19","7/2023","0.2228363392189151027","0.9998488441915652","0","0","1.4827215608465609","2.22603609649976386109","NTRK2;CDKN2B;PCLO;P4HA1;HMOX1;CHAC1;NDRG1"
"REST","REST HepG2 hg19","4/1002","0.2296099935029225492","0.9998488441915652","0","0","1.6880872856824760","2.48380620534341867156","PTPRR;CDKN2B;PCLO;NPC1L1"
"REST","REST MCF-7 hg19","3/681","0.2328005431565929040","0.9998488441915652","0","0","1.8538861100423241","2.70217476543074441864","PTPRR;CDKN2B;PCLO"
"MYOD1","MYOD1 C2C12 mm9","4/1026","0.2423721448938019329","0.9998488441915652","0","0","1.6463579038921503","2.33335168615673982373","CSRNP1;PER1;CHAC1;NDRG1"
"FOSL2","FOSL2 A549 hg19","5/1375","0.2455465543828382058","0.9998488441915652","0","0","1.5412242866622428","2.16429305447304543009","DDIT3;MAFF;PLOD2;NR1D1;GBP2"
"ESRRA","ESRRA HepG2 hg19","1/115","0.2464072197465133063","0.9998488441915652","0","0","3.6251827485380121","5.07804632089202456768","TP53INP2"
"RXRA","RXRA H1-hESC hg19","1/117","0.2501166914505654759","0.9998488441915652","0","0","3.5623204022988504","4.93676230480996292016","TP53INP2"
"ZMIZ1","ZMIZ1 MEL cell line mm9","5/1392","0.2534740567544170875","0.9998488441915652","0","0","1.5209412073146753","2.08748237934429470286","P4HA1;DDIT3;SESN2;CHAC1;NDRG1"
"USF2","USF2 MEL cell line mm9","7/2106","0.2539390589895125228","0.9998488441915652","0","0","1.4175003970144513","1.94291246346077484120","PER1;DDIT3;BHLHE40;TNFAIP3;HMOX1;CHAC1;NR1D1"
"RAD21","RAD21 ECC-1 hg19","4/1070","0.2661988107088338329","0.9998488441915652","0","0","1.5747342088805505","2.08417937139518816281","NTRK2;CDKN2B;BHLHE40;TNFAIP3"
"SRF","SRF HCT116 hg19","2/413","0.2686280567372927863","0.9998488441915652","0","0","2.0230884712947144","2.65920321240976509358","AKAP12;GBP2"
"GATA3","GATA3 T47D hg19","4/1102","0.2838187811293666485","0.9998488441915652","0","0","1.5262497470147742","1.92218844769429231256","CDKN2B;DDIT3;BHLHE40;PLOD2"
"BATF","BATF GM12878 hg19","3/760","0.2852089373303898778","0.9998488441915652","0","0","1.6536097869163171","2.07450846661126231396","MX2;BHLHE40;MAFF"
"RXRA","RXRA SK-N-SH hg19","1/139","0.2897586249714422801","0.9998488441915652","0","0","2.9910929951690823","3.70508792128728403625","BHLHE40"
"NR3C1","NR3C1 A549 hg19","6/1855","0.3005657675436751441","0.9998488441915652","0","0","1.3660683964933906","1.64213536724452979776","CSRNP1;PER1;BHLHE40;HMOX1;NR1D1;NDRG1"
"EP300","EP300 SK-N-SH hg19","8/2603","0.3024994790652225651","0.9998488441915652","0","0","1.3050237323182481","1.56038519546935994242","PER1;RGS2;P4HA1;BHLHE40;SLC2A3;NR1D1;GBP2;NDRG1"
"REST","REST U-87 MG hg19","2/458","0.3096033563918889064","0.9998488441915652","0","0","1.8192422545726017","2.13299477050304808756","PTPRR;PCLO"
"FOXP2","FOXP2 PFSK-1 hg19","1/163","0.3306641904153248546","0.9998488441915652","0","0","2.5448816872427984","2.81629827930606335684","PER1"
"RAD21","RAD21 GM12878 hg19","8/2690","0.3356281924543548789","0.9998488441915652","0","0","1.2563612884450992","1.37163407218599120441","CSRNP1;NTRK2;CDKN2B;P4HA1;TP53INP2;BHLHE40;TNFAIP3;ESAM"
"JUND","JUND SK-N-SH hg19","5/1565","0.3373025881887977695","0.9998488441915652","0","0","1.3396707459207460","1.45592049228657338666","CSRNP1;DDIT3;MAFF;GBP2;NDRG1"
"BCL3","BCL3 GM12878 hg19","2/503","0.3501778020712042472","0.9998488441915652","0","0","1.6520151186987726","1.73348300125542320593","BHLHE40;REM2"
"TCF12","TCF12 SK-N-SH hg19","3/857","0.3508468868218669878","0.9998488441915652","0","0","1.4583800020364526","1.52751504646277136423","CSRNP1;BHLHE40;GBP2"
"EP300","EP300 HepG2 hg19","9/3119","0.3527204095573043818","0.9998488441915652","0","0","1.2184003215434085","1.26967009143855480424","CSRNP1;P4HA1;DDIT3;BHLHE40;MAFF;TNFAIP3;HMOX1;PLOD2;NR1D1"
"ZBTB7A","ZBTB7A K562 hg19","3/864","0.3555888685609537858","0.9998488441915652","0","0","1.4459930313588851","1.49512798893058640459","SLC2A3;ESAM;NDRG1"
"USF1","USF1 HepG2 hg19","5/1608","0.3587073791127745048","0.9998488441915652","0","0","1.3006862133499688","1.33352635876889880073","PER1;PCLO;TNFAIP3;HMOX1;NR1D1"
"GTF3C2","GTF3C2 HeLa-S3 hg19","4/1236","0.3592046526236324921","0.9998488441915652","0","0","1.3505772005772003","1.38280601067317832076","PER1;CDKN2B;HMOX1;ABCG1"
"HDAC6","HDAC6 H1-hESC hg19","6/2000","0.3653380089429993927","0.9998488441915652","0","0","1.2565837046021786","1.26529472235908513333","PER1;RGS2;PCLO;SESN2;CHAC1;NDRG1"
"MAFK","MAFK H1-hESC hg19","6/2000","0.3653380089429993927","0.9998488441915652","0","0","1.2565837046021786","1.26529472235908513333","RGS2;PCLO;P4HA1;MAFF;TNFAIP3;NR1D1"
"RAD21","RAD21 HeLa-S3 hg19","6/2000","0.3653380089429993927","0.9998488441915652","0","0","1.2565837046021786","1.26529472235908513333","P4HA1;MAFF;SLC2A3;RHOV;NR1D1;GBP2"
"SMC3","SMC3 HepG2 hg19","6/2000","0.3653380089429993927","0.9998488441915652","0","0","1.2565837046021786","1.26529472235908513333","P4HA1;GPX3;HMOX1;PLOD2;NDRG1;ABCG1"
"POLR2A","POLR2A embryonic fibroblast mm9","6/2000","0.3653380089429993927","0.9998488441915652","0","0","1.2565837046021786","1.26529472235908513333","PER1;RGS2;MX2;SESN2;NR1D1;NDRG1"
"CREBBP","CREBBP K562 hg19","6/2000","0.3653380089429993927","0.9998488441915652","0","0","1.2565837046021786","1.26529472235908513333","CSRNP1;RGS2;P4HA1;DDIT3;NLRC5;NR1D1"
"ZNF384","ZNF384 CH12.LX mm9","6/2000","0.3653380089429993927","0.9998488441915652","0","0","1.2565837046021786","1.26529472235908513333","AKAP12;CSRNP1;THEMIS2;HMOX1;SLC2A3;ABCG1"
"TBP","TBP GM12878 hg19","6/2000","0.3653380089429993927","0.9998488441915652","0","0","1.2565837046021786","1.26529472235908513333","CSRNP1;RGS2;DDIT3;CHAC1;RHOV;NDRG1"
"BACH1","BACH1 H1-hESC hg19","6/2000","0.3653380089429993927","0.9998488441915652","0","0","1.2565837046021786","1.26529472235908513333","NTRK2;PCLO;GPX3;TP53INP2;HMOX1;RHOV"
"CEBPB","CEBPB H1-hESC hg19","6/2000","0.3653380089429993927","0.9998488441915652","0","0","1.2565837046021786","1.26529472235908513333","PER1;RGS2;PCLO;P4HA1;MAFF;HMOX1"
"MAFK","MAFK IMR-90 hg19","6/2000","0.3653380089429993927","0.9998488441915652","0","0","1.2565837046021786","1.26529472235908513333","RGS2;HMOX1;SLC2A3;CHAC1;NR1D1;ABCG1"
"USF2","USF2 CH12.LX mm9","6/2000","0.3653380089429993927","0.9998488441915652","0","0","1.2565837046021786","1.26529472235908513333","DDIT3;BHLHE40;MAFF;SLC19A3;TNFAIP3;HMOX1"
"POLR2A","POLR2A limb mm9","6/2000","0.3653380089429993927","0.9998488441915652","0","0","1.2565837046021786","1.26529472235908513333","PER1;RGS2;DDIT3;SESN2;HMOX1;NDRG1"
"CTCF","CTCF bone marrow mm9","6/2000","0.3653380089429993927","0.9998488441915652","0","0","1.2565837046021786","1.26529472235908513333","CDKN2B;P4HA1;SLC2A3;CHAC1;RHOV;ABCG1"
"TBP","TBP HepG2 hg19","6/2000","0.3653380089429993927","0.9998488441915652","0","0","1.2565837046021786","1.26529472235908513333","CDKN2B;P4HA1;GPX3;SESN2;HMOX1;PLOD2"
"CTCF","CTCF embryonic fibroblast mm9","6/2000","0.3653380089429993927","0.9998488441915652","0","0","1.2565837046021786","1.26529472235908513333","AKAP12;NELL2;RGS2;P4HA1;BHLHE40;TNFAIP3"
"TFAP2C","TFAP2C HeLa-S3 hg19","6/2000","0.3653380089429993927","0.9998488441915652","0","0","1.2565837046021786","1.26529472235908513333","RGS2;CDKN2B;P4HA1;BHLHE40;HMOX1;PLOD2"
"SMARCC1","SMARCC1 HeLa-S3 hg19","6/2000","0.3653380089429993927","0.9998488441915652","0","0","1.2565837046021786","1.26529472235908513333","SESN2;PLOD2;CHAC1;NR1D1;NDRG1;ABCG1"
"MYC","MYC NB4 hg19","6/2000","0.3653380089429993927","0.9998488441915652","0","0","1.2565837046021786","1.26529472235908513333","CSRNP1;RGS2;MAFF;HMOX1;GBP2;ABCG1"
"GTF2F1","GTF2F1 H1-hESC hg19","6/2000","0.3653380089429993927","0.9998488441915652","0","0","1.2565837046021786","1.26529472235908513333","CSRNP1;PCLO;P4HA1;GPX3;HMOX1;SLC2A3"
"SIN3A","SIN3A PFSK-1 hg19","5/1632","0.3706968534827002615","0.9998488441915652","0","0","1.2798234340950998","1.27005922201386423076","PER1;RGS2;CDKN2B;NR1D1;NDRG1"
"ZEB1","ZEB1 HepG2 hg19","1/188","0.3708190893544679456","0.9998488441915652","0","0","2.2018716577540105","2.18434688433417401043","HMOX1"
"RAD21","RAD21 MEL cell line mm9","9/3199","0.3823054083180948970","0.9998488441915652","0","0","1.1822021943573668","1.13672936810913283168","CDKN2B;P4HA1;MX2;BHLHE40;MAFF;NLRC5;TNFAIP3;GBP2;ABCG1"
"CTCF","CTCF GM12873 hg19","6/2055","0.3902888097408043211","0.9998488441915652","0","0","1.2191085838809630","1.14702059172445580693","NTRK2;P4HA1;HMOX1;ESAM;CHAC1;NDRG1"
"REST","REST K562 hg19","8/2834","0.3918346628667565001","0.9998488441915652","0","0","1.1824003590354375","1.10780899486983130942","CSRNP1;PTPRR;PCLO;P4HA1;MX2;SESN2;BHLHE40;NR1D1"
"REST","REST H1-hESC hg19","5/1680","0.3947127881677180983","0.9998488441915652","0","0","1.2398914518317503","1.15259924639171629224","AKAP12;PTPRR;CDKN2B;PCLO;MX2"
"TAF1","TAF1 MCF-7 hg19","5/1695","0.4022169367956200947","0.9998488441915652","0","0","1.2278778913394297","1.11830660182351060428","PCLO;P4HA1;DDIT3;SESN2;NDRG1"
"PBX3","PBX3 A549 hg19","6/2098","0.4098364440870702063","0.9998488441915652","0","0","1.1911823558184000","1.06253122570215507992","P4HA1;DDIT3;HMOX1;PLOD2;CHAC1;NDRG1"
"ZC3H11A","ZC3H11A ES-E14 mm9","3/949","0.4127509910179246178","0.9998488441915652","0","0","1.3102077396819560","1.15941697276278965489","SESN2;BHLHE40;GBP2"
"SIN3A","SIN3A HepG2 hg19","3/955","0.4167415382748473340","0.9998488441915652","0","0","1.3015390938984290","1.13922293218211634347","DDIT3;NR1D1;NDRG1"
"RAD21","RAD21 MCF-7 hg19","7/2508","0.4182846894192382980","0.9998488441915652","0","0","1.1628681860589098","1.01354777451766930874","NTRK2;P4HA1;BHLHE40;TNFAIP3;PLOD2;ESAM;RHOV"
"CREB1","CREB1 ECC-1 hg19","5/1739","0.4241911625478584913","0.9998488441915652","0","0","1.1938371605326623","1.02380021150887423609","PER1;TP53INP2;MAFF;CHAC1;REM2"
"CTCF","CTCF brain microvascular endothelial cell hg19","5/1747","0.4281769410711522283","0.9998488441915652","0","0","1.1878326896983613","1.00754196534037210320","NTRK2;P4HA1;HMOX1;CHAC1;SGK1"
"CTCF","CTCF Caco-2 hg19","6/2152","0.4343569902019419060","0.9998488441915652","0","0","1.1576973926613059","0.96539057107959402870","NTRK2;SPINK1;P4HA1;HMOX1;ESAM;CHAC1"
"CTCF","CTCF choroid plexus epithelial cell hg19","4/1381","0.4410800239557688962","0.9998488441915652","0","0","1.1989994351650126","0.98141576044247558208","NTRK2;RGS2;CDKN2B;SGK1"
"JUN","JUN K562 hg19","11/4156","0.4419923971009844244","0.9998488441915652","0","0","1.1038410259666054","0.90124491203988876808","CSRNP1;DDIT3;TP53INP2;SESN2;BHLHE40;MAFF;TNFAIP3;SLC2A3;NR1D1;GBP2;ABCG1"
"NR3C1","NR3C1 ECC-1 hg19","1/237","0.4427954782938846034","0.9998488441915652","0","0","1.7403778248587571","1.41779407828671821790","PER1"
"ATF3","ATF3 H1-hESC hg19","4/1386","0.4438693167181205768","0.9998488441915652","0","0","1.1943399260331242","0.97007285581177360445","DDIT3;TNFAIP3;HMOX1;CHAC1"
"JUND","JUND MCF-7 hg19","1/241","0.4483014539778945040","0.9998488441915652","0","0","1.7110243055555556","1.37273663698837289360","NR1D1"
"ATF3","ATF3 GM12878 hg19","4/1394","0.4483247858928395835","0.9998488441915652","0","0","1.1869544364508391","0.95221917065303518513","PER1;DDIT3;TNFAIP3;HMOX1"
"TEAD4","TEAD4 HepG2 hg19","1/244","0.4523959249797277482","0.9998488441915652","0","0","1.6896433470507544","1.34022095031351939909","DDIT3"
"TAF1","TAF1 H1-hESC hg19","4/1411","0.4577605175368819057","0.9998488441915652","0","0","1.1715391297480851","0.91545135936216914807","CSRNP1;PER1;CDKN2B;RHOV"
"MBD4","MBD4 HepG2 hg19","5/1809","0.4589085307199882724","0.9998488441915652","0","0","1.1431037089296512","0.89036847225669502048","P4HA1;NPC1L1;DDIT3;PLOD2;NDRG1"
"HSF1","HSF1 HepG2 hg19","1/249","0.4591539884440885011","0.9998488441915652","0","0","1.6551579301075270","1.28832467951696050257","RGS2"
"EP300","EP300 ECC-1 hg19","2/635","0.4638130144878803152","0.9998488441915652","0","0","1.2986454236832374","0.99771524670615396868","DDIT3;CHAC1"
"CTCF","CTCF GM12872 hg19","5/1823","0.4657990198631550283","0.9998488441915652","0","0","1.1334258425842585","0.86593850632910174259","NTRK2;RGS2;P4HA1;ESAM;NDRG1"
"CEBPB","CEBPB GM12878 hg19","2/639","0.4670887091960413962","0.9998488441915652","0","0","1.2902234543571929","0.98216464975155259864","DDIT3;TNFAIP3"
"HDAC2","HDAC2 HepG2 hg19","1/255","0.4671558782612061922","0.9998488441915652","0","0","1.6155675853018372","1.22959603408574236205","HMOX1"
"POU2F2","POU2F2 GM12878 hg19","4/1437","0.4720988401081014363","0.9998488441915652","0","0","1.1486702333876095","0.86215386574201480219","PER1;RGS2;DDIT3;HMOX1"
"BHLHE40","BHLHE40 HepG2 hg19","6/2249","0.4780626517493451466","0.9998488441915652","0","0","1.1015977355908304","0.81299398333245098680","PER1;P4HA1;BHLHE40;MAFF;TNFAIP3;NR1D1"
"KAT2A","KAT2A GM12878 hg19","5/1849","0.4785363478950756533","0.9998488441915652","0","0","1.1158425359889568","0.82240173481806366773","P4HA1;DDIT3;SESN2;BHLHE40;SLC2A3"
"REST","REST ECC-1 hg19","3/1057","0.4831629313507896928","0.9998488441915652","0","0","1.1692723372659022","0.85053027690678384420","PTPRR;CDKN2B;PCLO"
"POLR2AphosphoS5","POLR2AphosphoS5 K562 hg19","4/1459","0.4841340978197539724","0.9998488441915652","0","0","1.1299579992363498","0.81966401732807769864","PER1;RGS2;SESN2;NR1D1"
"STAT2","STAT2 K562 hg19","1/271","0.4879315629907542418","0.9998488441915652","0","0","1.5185956790123456","1.08971407373287476616","MX2"
"CTCF","CTCF GM12868 hg19","4/1468","0.4890298310046828911","0.9998488441915652","0","0","1.1224650880388585","0.80293495757320010320","NTRK2;P4HA1;ESAM;NDRG1"
"RAD21","RAD21 HepG2 hg19","7/2685","0.4923478225932728658","0.9998488441915652","0","0","1.0749937764500872","0.76170818513875870881","AKAP12;CSRNP1;NTRK2;P4HA1;HMOX1;ESAM;NDRG1"
"REST","REST Panc1 hg19","2/688","0.5062718633176457317","0.9998488441915652","0","0","1.1950251225110105","0.81343146268672239518","PTPRR;PCLO"
"CEBPD","CEBPD K562 hg19","2/691","0.5086123134560635028","0.9998488441915652","0","0","1.1896365376895284","0.80427664111745311715","DDIT3;SLC2A3"
"USF1","USF1 ECC-1 hg19","6/2318","0.5086695081131263896","0.9998488441915652","0","0","1.0645570129556610","0.71959451969615761957","PER1;CDKN2B;PCLO;DDIT3;HMOX1;NR1D1"
"MYB","MYB MEL cell line mm9","2/692","0.5093909242118729308","0.9998488441915652","0","0","1.1878507554733271","0.80125229413108356447","DDIT3;REM2"
"CREB1","CREB1 A549 hg19","3/1103","0.5120299253694698960","0.9998488441915652","0","0","1.1176482213438734","0.74812265731202143293","PER1;RGS2;MAFF"
"CTCF","CTCF GM12870 hg19","4/1518","0.5159050000617748655","0.9998488441915652","0","0","1.0824600029355644","0.71640736020110540316","NTRK2;P4HA1;ESAM;RHOV"
"JUND","JUND HepG2 hg19","8/3153","0.5171081504756924740","0.9998488441915652","0","0","1.0426771103959052","0.68764893029604534647","CSRNP1;CDKN2B;DDIT3;TP53INP2;MAFF;HMOX1;GBP2;NDRG1"
"KAT2A","KAT2A HeLa-S3 hg19","3/1112","0.5175852357885608601","0.9998488441915652","0","0","1.1080487709256284","0.72973993471671083633","RGS2;BHLHE40;NDRG1"
"RCOR1","RCOR1 IMR-90 hg19","5/1930","0.5176189576058777275","0.9998488441915652","0","0","1.0641086186540731","0.70073245587197507955","CSRNP1;RGS2;NLRC5;ESAM;NDRG1"
"CTCF","CTCF retinal pigment epithelial cell hg19","6/2356","0.5252888234906661902","0.9998488441915652","0","0","1.0450865907966354","0.67283409168881214146","AKAP12;NTRK2;CDKN2B;P4HA1;HMOX1;SGK1"
"GATA1","GATA1 megakaryocyte mm9","2/715","0.5270842588658657402","0.9998488441915652","0","0","1.1481603055713050","0.73527595725396377446","DDIT3;SLC2A3"
"SUPT20H","SUPT20H GM12878 hg19","3/1132","0.5298156025726605822","0.9998488441915652","0","0","1.0872646050756729","0.69065902071933904516","DDIT3;BHLHE40;SLC2A3"
"ZNF217","ZNF217 MCF-7 hg19","4/1562","0.5390533215245237875","0.9998488441915652","0","0","1.0493795464270432","0.64845442194597480157","BHLHE40;ESAM;RHOV;NR1D1"
"RAD21","RAD21 SK-N-SH hg19","8/3228","0.5457500502783099172","0.9998488441915652","0","0","1.0138463869110741","0.61397948291065951310","NTRK2;RGS2;P4HA1;BHLHE40;HMOX1;ESAM;SGK1;NDRG1"
"SP1","SP1 HCT116 hg19","4/1577","0.5468273431784202998","0.9998488441915652","0","0","1.0385251112523839","0.62687678080690867333","PCLO;BHLHE40;NR1D1;ABCG1"
"BRCA1","BRCA1 HeLa-S3 hg19","5/2000","0.5504928980558803087","0.9998488441915652","0","0","1.0227842333105490","0.61054207191595166737","P4HA1;DDIT3;TP53INP2;MAFF;NR1D1"
"RFX5","RFX5 K562 hg19","5/2000","0.5504928980558803087","0.9998488441915652","0","0","1.0227842333105490","0.61054207191595166737","PER1;RGS2;P4HA1;DDIT3;NR1D1"
"SMC3","SMC3 MEL cell line mm9","5/2000","0.5504928980558803087","0.9998488441915652","0","0","1.0227842333105490","0.61054207191595166737","CDKN2B;MX2;BHLHE40;ESAM;ABCG1"
"MYC","MYC endothelial cell of umbilical vein hg19","5/2000","0.5504928980558803087","0.9998488441915652","0","0","1.0227842333105490","0.61054207191595166737","PER1;CDKN2B;MAFF;HMOX1;NR1D1"
"TRIM28","TRIM28 HEK293 hg19","5/2000","0.5504928980558803087","0.9998488441915652","0","0","1.0227842333105490","0.61054207191595166737","AKAP12;NTRK2;HMOX1;NR1D1;GBP2"
"POLR2A","POLR2A cerebellum mm9","5/2000","0.5504928980558803087","0.9998488441915652","0","0","1.0227842333105490","0.61054207191595166737","AKAP12;GPX3;PLOD2;ESAM;NDRG1"
"POLR2A","POLR2A GM18951 hg19","5/2000","0.5504928980558803087","0.9998488441915652","0","0","1.0227842333105490","0.61054207191595166737","PER1;RGS2;SESN2;HMOX1;NR1D1"
"CTCF","CTCF GM10266 hg19","5/2000","0.5504928980558803087","0.9998488441915652","0","0","1.0227842333105490","0.61054207191595166737","P4HA1;TNFAIP3;HMOX1;ESAM;CHAC1"
"RFX5","RFX5 H1-hESC hg19","5/2000","0.5504928980558803087","0.9998488441915652","0","0","1.0227842333105490","0.61054207191595166737","PER1;RGS2;PCLO;SESN2;CHAC1"
"eGFP-JUNB","eGFP-JUNB K562 hg19","5/2000","0.5504928980558803087","0.9998488441915652","0","0","1.0227842333105490","0.61054207191595166737","TP53INP2;SESN2;MAFF;GBP2;ABCG1"
"EZH2","EZH2 skeletal muscle myoblast hg19","5/2000","0.5504928980558803087","0.9998488441915652","0","0","1.0227842333105490","0.61054207191595166737","RGS2;MX2;NLRC5;PLOD2;ESAM"
"CTCF","CTCF HGPS cell hg19","5/2000","0.5504928980558803087","0.9998488441915652","0","0","1.0227842333105490","0.61054207191595166737","CDKN2B;P4HA1;HMOX1;CHAC1;SGK1"
"CTCF","CTCF GM13976 hg19","5/2000","0.5504928980558803087","0.9998488441915652","0","0","1.0227842333105490","0.61054207191595166737","NTRK2;P4HA1;HMOX1;ESAM;CHAC1"
"POLR2A","POLR2A HEK293 hg19","5/2000","0.5504928980558803087","0.9998488441915652","0","0","1.0227842333105490","0.61054207191595166737","PER1;PCLO;P4HA1;DDIT3;PLOD2"
"CTCF","CTCF limb mm9","5/2000","0.5504928980558803087","0.9998488441915652","0","0","1.0227842333105490","0.61054207191595166737","NELL2;NTRK2;RGS2;P4HA1;TNFAIP3"
"POLR2A","POLR2A spleen mm9","5/2000","0.5504928980558803087","0.9998488441915652","0","0","1.0227842333105490","0.61054207191595166737","MX2;BHLHE40;TNFAIP3;NDRG1;ABCG1"
"EP300","EP300 ES-Bruce4 mm9","5/2000","0.5504928980558803087","0.9998488441915652","0","0","1.0227842333105490","0.61054207191595166737","CSRNP1;P4HA1;HMOX1;PLOD2;NDRG1"
"CTCF","CTCF GM19239 hg19","5/2000","0.5504928980558803087","0.9998488441915652","0","0","1.0227842333105490","0.61054207191595166737","CDKN2B;P4HA1;HMOX1;ESAM;CHAC1"
"IKZF1","IKZF1 GM12878 hg19","5/2000","0.5504928980558803087","0.9998488441915652","0","0","1.0227842333105490","0.61054207191595166737","P4HA1;MX2;BHLHE40;TNFAIP3;ESAM"
"NRF1","NRF1 GM12878 hg19","5/2000","0.5504928980558803087","0.9998488441915652","0","0","1.0227842333105490","0.61054207191595166737","RGS2;P4HA1;MX2;MAFF;NR1D1"
"CBX8","CBX8 K562 hg19","5/2000","0.5504928980558803087","0.9998488441915652","0","0","1.0227842333105490","0.61054207191595166737","AKAP12;RGS2;BHLHE40;NLRC5;ABCG1"
"POLR2A","POLR2A liver mm9","5/2000","0.5504928980558803087","0.9998488441915652","0","0","1.0227842333105490","0.61054207191595166737","RGS2;SESN2;HMOX1;NR1D1;NDRG1"
"MAZ","MAZ MEL cell line mm9","5/2000","0.5504928980558803087","0.9998488441915652","0","0","1.0227842333105490","0.61054207191595166737","BHLHE40;MAFF;TNFAIP3;SLC2A3;NDRG1"
"UBTF","UBTF MEL cell line mm9","5/2000","0.5504928980558803087","0.9998488441915652","0","0","1.0227842333105490","0.61054207191595166737","SESN2;BHLHE40;MAFF;HMOX1;RHOV"
"EZH2","EZH2 HeLa-S3 hg19","5/2000","0.5504928980558803087","0.9998488441915652","0","0","1.0227842333105490","0.61054207191595166737","MX2;BHLHE40;MAFF;TNFAIP3;NDRG1"
"RCOR1","RCOR1 GM12878 hg19","5/2000","0.5504928980558803087","0.9998488441915652","0","0","1.0227842333105490","0.61054207191595166737","SESN2;MAFF;HMOX1;SLC2A3;ESAM"
"CTCF","CTCF cardiac fibroblast hg19","5/2000","0.5504928980558803087","0.9998488441915652","0","0","1.0227842333105490","0.61054207191595166737","AKAP12;NTRK2;CDKN2B;P4HA1;NDRG1"
"CHD1","CHD1 IMR-90 hg19","5/2000","0.5504928980558803087","0.9998488441915652","0","0","1.0227842333105490","0.61054207191595166737","CDKN2B;DDIT3;TP53INP2;SESN2;HMOX1"
"CTCF","CTCF GM10248 hg19","5/2000","0.5504928980558803087","0.9998488441915652","0","0","1.0227842333105490","0.61054207191595166737","NTRK2;P4HA1;HMOX1;ESAM;CHAC1"
"CTCF","CTCF testis mm9","5/2000","0.5504928980558803087","0.9998488441915652","0","0","1.0227842333105490","0.61054207191595166737","P4HA1;TNFAIP3;CHAC1;RHOV;SIPA1L2"
"CTCF","CTCF liver mm9","5/2000","0.5504928980558803087","0.9998488441915652","0","0","1.0227842333105490","0.61054207191595166737","PTPRR;CDKN2B;P4HA1;TNFAIP3;ESAM"
"POLR2A","POLR2A olfactory bulb mm9","5/2000","0.5504928980558803087","0.9998488441915652","0","0","1.0227842333105490","0.61054207191595166737","RGS2;DDIT3;SESN2;NR1D1;NDRG1"
"POLR2A","POLR2A heart mm9","5/2000","0.5504928980558803087","0.9998488441915652","0","0","1.0227842333105490","0.61054207191595166737","THEMIS2;MX2;SESN2;NR1D1;NDRG1"
"ZMIZ1","ZMIZ1 K562 hg19","5/2000","0.5504928980558803087","0.9998488441915652","0","0","1.0227842333105490","0.61054207191595166737","PER1;RGS2;P4HA1;CHAC1;NDRG1"
"CTCF","CTCF olfactory bulb mm9","5/2000","0.5504928980558803087","0.9998488441915652","0","0","1.0227842333105490","0.61054207191595166737","NELL2;P4HA1;TNFAIP3;RHOV;ABCG1"
"CTCF","CTCF cerebellum mm9","5/2000","0.5504928980558803087","0.9998488441915652","0","0","1.0227842333105490","0.61054207191595166737","PTPRR;CDKN2B;P4HA1;TNFAIP3;RHOV"
"CTCF","CTCF small intestine mm9","5/2000","0.5504928980558803087","0.9998488441915652","0","0","1.0227842333105490","0.61054207191595166737","RGS2;P4HA1;TNFAIP3;ESAM;RHOV"
"CTCF","CTCF GM19240 hg19","5/2000","0.5504928980558803087","0.9998488441915652","0","0","1.0227842333105490","0.61054207191595166737","CDKN2B;P4HA1;HMOX1;ESAM;CHAC1"
"POLR2A","POLR2A CH12.LX mm9","5/2000","0.5504928980558803087","0.9998488441915652","0","0","1.0227842333105490","0.61054207191595166737","PER1;THEMIS2;MX2;MAFF;RHOV"
"CTCF","CTCF lung mm9","5/2000","0.5504928980558803087","0.9998488441915652","0","0","1.0227842333105490","0.61054207191595166737","PTPRR;CDKN2B;P4HA1;TNFAIP3;GBP2"
"POLR2A","POLR2A kidney mm9","5/2000","0.5504928980558803087","0.9998488441915652","0","0","1.0227842333105490","0.61054207191595166737","DDIT3;SESN2;HMOX1;RHOV;NR1D1"
"MAFK","MAFK CH12.LX mm9","5/2000","0.5504928980558803087","0.9998488441915652","0","0","1.0227842333105490","0.61054207191595166737","THEMIS2;BHLHE40;MAFF;HMOX1;NR1D1"
"MYBL2","MYBL2 HepG2 hg19","4/1595","0.5560730148389034788","0.9998488441915652","0","0","1.0257699560025142","0.60197891654033908182","P4HA1;GPX3;DDIT3;PLOD2"
"CTCF","CTCF fibroblast of pulmonary artery hg19","6/2429","0.5566410978535012433","0.9998488441915652","0","0","1.0093963854149670","0.59133932294085500558","AKAP12;NTRK2;P4HA1;HMOX1;SGK1;NDRG1"
"CEBPD","CEBPD HepG2 hg19","3/1181","0.5590778352608912760","0.9998488441915652","0","0","1.0393260500479811","0.60433335898259876728","NPC1L1;SESN2;HMOX1"
"MAX","MAX SK-N-SH hg19","4/1609","0.5631995337193475004","0.9998488441915652","0","0","1.0160470751124957","0.58333426970944557421","PER1;PCLO;DDIT3;HMOX1"
"CTCF","CTCF GM12867 hg19","4/1619","0.5682544797502214751","0.9998488441915652","0","0","1.0092053663570690","0.57038867643807333874","NTRK2;CDKN2B;P4HA1;NDRG1"
"GTF3C2","GTF3C2 K562 hg19","2/773","0.5698271014821135738","0.9998488441915652","0","0","1.0585865275823054","0.59537266419385348470","CSRNP1;PER1"
"RELA","RELA GM12878 hg19","2/785","0.5783278579597666003","0.9998488441915652","0","0","1.0417108230754599","0.57045578778573113876","BHLHE40;TNFAIP3"
"FOXA2","FOXA2 HepG2 hg19","1/349","0.5783764491519375328","0.9998488441915652","0","0","1.1735512452107280","0.64255489610312421789","PLOD2"
"PBX3","PBX3 SK-N-SH hg19","5/2063","0.5792218150047818703","0.9998488441915652","0","0","0.9879958476897251","0.53951466984606566424","RGS2;DDIT3;SESN2;CHAC1;GBP2"
"TAF7","TAF7 K562 hg19","2/793","0.5839289765425456080","0.9998488441915652","0","0","1.0307448153428196","0.55451588934936846265","P4HA1;DDIT3"
"CTCF","CTCF GM12875 hg19","5/2082","0.5877102791298843831","0.9998488441915652","0","0","0.9779183262572768","0.51978429790393509968","NTRK2;P4HA1;ESAM;CHAC1;NDRG1"
"ZKSCAN1","ZKSCAN1 CH12.LX mm9","3/1240","0.5929020179319925976","0.9998488441915652","0","0","0.9866437032090259","0.51574443951697579447","CSRNP1;SLC19A3;NR1D1"
"TAF1","TAF1 SK-N-SH hg19","3/1241","0.5934614525920398620","0.9998488441915652","0","0","0.9857940577368828","0.51437059693504505464","CSRNP1;RGS2;CHAC1"
"CTCF","CTCF mammary epithelial cell hg19","6/2522","0.5952937109863872811","0.9998488441915652","0","0","0.9669279402521536","0.50154587391572391653","NTRK2;CDKN2B;P4HA1;TNFAIP3;HMOX1;SGK1"
"SPI1","SPI1 HL-60 hg19","3/1245","0.5956944772623848916","0.9998488441915652","0","0","0.9824091577399706","0.50891482772431639869","GPX3;MX2;ABCG1"
"SP1","SP1 K562 hg19","3/1249","0.5979199405221653496","0.9998488441915652","0","0","0.9790459906483356","0.50352179896986637431","RGS2;SESN2;BHLHE40"
"POLR2AphosphoS5","POLR2AphosphoS5 endothelial cell of umbilical vein hg19","3/1276","0.6127422302372880214","0.9998488441915652","0","0","0.9568974350216880","0.46869882907486171142","CSRNP1;PER1;SESN2"
"RELA","RELA GM18526 hg19","2/838","0.6144457286710318655","0.9998488441915652","0","0","0.9729715972717092","0.47387090249230090500","P4HA1;TNFAIP3"
"CTCF","CTCF BJ hg19","5/2158","0.6207825631813559397","0.9998488441915652","0","0","0.9393869019972132","0.44787562484520682116","AKAP12;NTRK2;P4HA1;HMOX1;SGK1"
"CTCF","CTCF astrocyte of the spinal cord hg19","5/2167","0.6246015409814534847","0.9998488441915652","0","0","0.9350033638886552","0.44005126131790761601","AKAP12;NTRK2;CDKN2B;P4HA1;NDRG1"
"CTCF","CTCF MCF-7 hg19","13/5540","0.6259343988766778999","0.9998488441915652","0","0","0.9424039563355648","0.44152540192965528121","NTRK2;CDKN2B;TNFAIP3;PLOD2;NDRG1;PCLO;CEACAM7;P4HA1;BHLHE40;HMOX1;ESAM;CHAC1;RHOV"
"RELA","RELA GM12892 hg19","3/1302","0.6266826399342668719","0.9998488441915652","0","0","0.9364394015463400","0.43761220037274178862","P4HA1;BHLHE40;TNFAIP3"
"CTCF","CTCF BE2C hg19","5/2174","0.6275571086795430631","0.9998488441915652","0","0","0.9316190955195104","0.43406053007018519097","AKAP12;NTRK2;P4HA1;SGK1;NDRG1"
"ZEB1","ZEB1 GM12878 hg19","2/864","0.6313100821145393171","0.9998488441915652","0","0","0.9423409191884288","0.43343736073118721563","CSRNP1;RHOV"
"CTCF","CTCF endothelial cell of umbilical vein hg19","8/3469","0.6332689755225632267","0.9998488441915652","0","0","0.9296622293007096","0.42472550955702120801","CSRNP1;NTRK2;P4HA1;TNFAIP3;HMOX1;ESAM;SGK1;NDRG1"
"FOXA1","FOXA1 T47D hg19","2/889","0.6469968961191734369","0.9998488441915652","0","0","0.9145817841636884","0.39822151344065997991","RHOV;NDRG1"
"CTCF","CTCF kidney epithelial cell hg19","5/2227","0.6495074068887450869","0.9998488441915652","0","0","0.9066872596350544","0.39127276202632615965","NTRK2;P4HA1;CHAC1;SGK1;NDRG1"
"ESR1","ESR1 T47D hg19","1/425","0.6513716491987774360","0.9998488441915652","0","0","0.9594634433962264","0.41129790521051273755","BHLHE40"
"ZNF263","ZNF263 K562 hg19","2/901","0.6543432124132223526","0.9998488441915652","0","0","0.9018057889380636","0.38247682511994640642","CSRNP1;BHLHE40"
"PAX5","PAX5 GM12891 hg19","2/907","0.6579719609744575370","0.9998488441915652","0","0","0.8955448454214177","0.37486876861197082622","P4HA1;BHLHE40"
"FOXA1","FOXA1 ECC-1 hg19","1/435","0.6600027696634215291","0.9998488441915652","0","0","0.9368759600614440","0.38928249892795407927","ESAM"
"PAX5","PAX5 GM12892 hg19","1/436","0.6608542799707862736","0.9998488441915652","0","0","0.9346743295019158","0.38716259285099730025","PER1"
"SP1","SP1 A549 hg19","4/1825","0.6651464757105809422","0.9998488441915652","0","0","0.8849838306180975","0.36085038551058157275","PER1;DDIT3;SLC19A3;HMOX1"
"CTCF","CTCF GM12869 hg19","4/1832","0.6681797249011272033","0.9998488441915652","0","0","0.8812545587162655","0.35532015697519497843","NTRK2;P4HA1;ESAM;NDRG1"
"USF1","USF1 SK-N-SH hg19","6/2726","0.6739163057312882454","0.9998488441915652","0","0","0.8839432284541724","0.34884762165401739242","PER1;PCLO;DDIT3;MAFF;TNFAIP3;HMOX1"
"TAF1","TAF1 HepG2 hg19","4/1849","0.6754719669693235451","0.9998488441915652","0","0","0.8723155676001204","0.34224744942244306189","CSRNP1;NPC1L1;TNFAIP3;HMOX1"
"USF1","USF1 HCT116 hg19","3/1402","0.6771814233067735556","0.9998488441915652","0","0","0.8648413463032600","0.33712904676341587384","MAFF;TNFAIP3;HMOX1"
"POLR2A","POLR2A endothelial cell of umbilical vein hg19","10/4459","0.6787278057425152333","0.9998488441915652","0","0","0.8934303876987626","0.34623564088540342842","CSRNP1;PER1;RGS2;CDKN2B;GPX3;TP53INP2;SESN2;PLOD2;RHOV;NDRG1"
"STAT1","STAT1 HeLa-S3 hg19","2/945","0.6802714526707438480","0.9998488441915652","0","0","0.8577423794589473","0.33045671572663692928","MAFF;SLC2A3"
"TCF3","TCF3 GM12878 hg19","3/1413","0.6824303240810807303","0.9998488441915652","0","0","0.8575855689176688","0.32767902622442879323","DDIT3;SESN2;CHAC1"
"USF1","USF1 A549 hg19","6/2753","0.6836126981437773420","0.9998488441915652","0","0","0.8738835600782249","0.33239363017053591420","PER1;PCLO;DDIT3;MAFF;HMOX1;NR1D1"
"GATA2","GATA2 K562 hg19","2/951","0.6836854548890538563","0.9998488441915652","0","0","0.8520503105172298","0.32399837474096920831","BHLHE40;TNFAIP3"
"MYOG","MYOG myocyte mm9","8/3623","0.6845268061355881395","0.9998488441915652","0","0","0.8817461120669298","0.33420600102875258619","PER1;RGS2;PCLO;P4HA1;HMOX1;PLOD2;CHAC1;NDRG1"
"CTCF","CTCF fibroblast of skin of abdomen hg19","5/2317","0.6849858078515034254","0.9998488441915652","0","0","0.8669687794904057","0.32802384469604195516","NTRK2;P4HA1;HMOX1;SGK1;NDRG1"
"ZBTB7A","ZBTB7A HepG2 hg19","4/1881","0.6889115209681055951","0.9998488441915652","0","0","0.8559284910909845","0.31895527522863037495","NPC1L1;TNFAIP3;PLOD2;NDRG1"
"CTCF","CTCF fibroblast of the aortic adventitia hg19","5/2332","0.6906723038362099221","0.9998488441915652","0","0","0.8606477321561120","0.31851694911173378255","AKAP12;NTRK2;P4HA1;HMOX1;NDRG1"
"MEF2A","MEF2A GM12878 hg19","2/970","0.6943060764266674179","0.9998488441915652","0","0","0.8344909442588360","0.30445766501777432600","PER1;BHLHE40"
"SIN3A","SIN3A SK-N-SH hg19","2/970","0.6943060764266674179","0.9998488441915652","0","0","0.8344909442588360","0.30445766501777432600","RGS2;SESN2"
"CTCF","CTCF SK-N-SH hg19","8/3657","0.6952759245726913839","0.9998488441915652","0","0","0.8717122632996678","0.31682076973719835999","NTRK2;RGS2;CDKN2B;P4HA1;TNFAIP3;HMOX1;CHAC1;SGK1"
"EGR1","EGR1 K562 hg19","4/1915","0.7027773595032188458","0.9998488441915652","0","0","0.8391185534042677","0.29596981627516055768","PER1;SESN2;ESAM;NDRG1"
"TEAD4","TEAD4 SK-N-SH hg19","1/493","0.7060869557497594373","0.9998488441915652","0","0","0.8239752710027101","0.28675730489754658326","BHLHE40"
"USF1","USF1 K562 hg19","4/1928","0.7079658305971064935","0.9998488441915652","0","0","0.8328482328482328","0.28763200623204548956","PER1;DDIT3;MAFF;NR1D1"
"CTCF","CTCF HeLa-S3 hg19","7/3275","0.7119240490078886374","0.9998488441915652","0","0","0.8508261933904528","0.28909716643454547169","RGS2;CDKN2B;P4HA1;DDIT3;HMOX1;ESAM;NDRG1"
"JUND","JUND H1-hESC hg19","5/2394","0.7134742979585905198","0.9998488441915652","0","0","0.8353628372464705","0.28202589951033951721","PER1;RGS2;PCLO;TP53INP2;MAFF"
"RFX5","RFX5 SK-N-SH hg19","2/1018","0.7198672220360627927","0.9998488441915652","0","0","0.7930557882392361","0.26066831572155868546","PER1;CHAC1"
"ESRRA","ESRRA GM12878 hg19","2/1023","0.7224268935969214711","0.9998488441915652","0","0","0.7889636776627004","0.25652290020433676787","TP53INP2;RHOV"
"RAD21","RAD21 HCT116 hg19","4/1973","0.7254411948722387926","0.9998488441915652","0","0","0.8117826307770442","0.26056214468237248738","NTRK2;CDKN2B;TP53INP2;TNFAIP3"
"TAF1","TAF1 GM12891 hg19","4/1993","0.7329665324178258334","0.9998488441915652","0","0","0.8027261046868890","0.24937106789921448247","RGS2;DDIT3;HMOX1;RHOV"
"CTCF","CTCF GM12871 hg19","4/1993","0.7329665324178258334","0.9998488441915652","0","0","0.8027261046868890","0.24937106789921448247","NTRK2;P4HA1;HMOX1;NDRG1"
"REST","REST A549 hg19","3/1527","0.7332508643709904073","0.9998488441915652","0","0","0.7885570010270455","0.24466352439140878761","RGS2;HMOX1;NR1D1"
"POLR2AphosphoS5","POLR2AphosphoS5 U-87 MG hg19","3/1532","0.7353315830271810460","0.9998488441915652","0","0","0.7857650638382575","0.24157069872465791738","PER1;RGS2;PCLO"
"TRIM28","TRIM28 U2OS hg19","4/2000","0.7355653310477361373","0.9998488441915652","0","0","0.7995991983967936","0.24556964147313189994","P4HA1;HMOX1;PLOD2;SGK1"
"EZH2","EZH2 keratinocyte hg19","4/2000","0.7355653310477361373","0.9998488441915652","0","0","0.7995991983967936","0.24556964147313189994","PTPRR;MX2;HMOX1;GBP2"
"KDM5A","KDM5A H1-hESC hg19","4/2000","0.7355653310477361373","0.9998488441915652","0","0","0.7995991983967936","0.24556964147313189994","NTRK2;P4HA1;DDIT3;NR1D1"
"CTCF","CTCF astrocyte hg19","4/2000","0.7355653310477361373","0.9998488441915652","0","0","0.7995991983967936","0.24556964147313189994","NTRK2;P4HA1;TNFAIP3;HMOX1"
"IRF3","IRF3 GM12878 hg19","4/2000","0.7355653310477361373","0.9998488441915652","0","0","0.7995991983967936","0.24556964147313189994","PER1;DDIT3;SESN2;CHAC1"
"POLR2AphosphoS2","POLR2AphosphoS2 A549 hg19","4/2000","0.7355653310477361373","0.9998488441915652","0","0","0.7995991983967936","0.24556964147313189994","PER1;BHLHE40;NR1D1;REM2"
"CTCF","CTCF myotube hg19","4/2000","0.7355653310477361373","0.9998488441915652","0","0","0.7995991983967936","0.24556964147313189994","P4HA1;HMOX1;CHAC1;SGK1"
"POLR2A","POLR2A cortical plate mm9","4/2000","0.7355653310477361373","0.9998488441915652","0","0","0.7995991983967936","0.24556964147313189994","MX2;HMOX1;RHOV;NDRG1"
"EZH2","EZH2 mammary epithelial cell hg19","4/2000","0.7355653310477361373","0.9998488441915652","0","0","0.7995991983967936","0.24556964147313189994","PTPRR;SLC19A3;CHAC1;SGK1"
"CTCF","CTCF lung hg19","4/2000","0.7355653310477361373","0.9998488441915652","0","0","0.7995991983967936","0.24556964147313189994","PER1;RGS2;CDKN2B;HMOX1"
"CTCF","CTCF GM12801 hg19","4/2000","0.7355653310477361373","0.9998488441915652","0","0","0.7995991983967936","0.24556964147313189994","NTRK2;CDKN2B;P4HA1;TNFAIP3"
"EZH2","EZH2 myotube hg19","4/2000","0.7355653310477361373","0.9998488441915652","0","0","0.7995991983967936","0.24556964147313189994","NTRK2;PCLO;NPC1L1;SLC19A3"
"CTCF","CTCF GM19238 hg19","4/2000","0.7355653310477361373","0.9998488441915652","0","0","0.7995991983967936","0.24556964147313189994","CDKN2B;TNFAIP3;HMOX1;CHAC1"
"RELA","RELA GM19099 hg19","4/2000","0.7355653310477361373","0.9998488441915652","0","0","0.7995991983967936","0.24556964147313189994","DDIT3;SESN2;TNFAIP3;ESAM"
"ETS1","ETS1 CH12.LX mm9","4/2000","0.7355653310477361373","0.9998488441915652","0","0","0.7995991983967936","0.24556964147313189994","RGS2;MAFF;NDRG1;REM2"
"MAFK","MAFK K562 hg19","4/2000","0.7355653310477361373","0.9998488441915652","0","0","0.7995991983967936","0.24556964147313189994","P4HA1;MAFF;GBP2;ABCG1"
"CTCF","CTCF HL-60 hg19","4/2000","0.7355653310477361373","0.9998488441915652","0","0","0.7995991983967936","0.24556964147313189994","NTRK2;RGS2;P4HA1;TNFAIP3"
"FOS","FOS K562 hg19","4/2000","0.7355653310477361373","0.9998488441915652","0","0","0.7995991983967936","0.24556964147313189994","PER1;DDIT3;SESN2;CHAC1"
"ZNF384","ZNF384 ES-E14 mm9","4/2000","0.7355653310477361373","0.9998488441915652","0","0","0.7995991983967936","0.24556964147313189994","AKAP12;CSRNP1;THEMIS2;SLC2A3"
"CTCF","CTCF medulloblastoma hg19","4/2000","0.7355653310477361373","0.9998488441915652","0","0","0.7995991983967936","0.24556964147313189994","AKAP12;NTRK2;P4HA1;ESAM"
"NCOR1","NCOR1 K562 hg19","4/2000","0.7355653310477361373","0.9998488441915652","0","0","0.7995991983967936","0.24556964147313189994","CSRNP1;P4HA1;BHLHE40;NR1D1"
"eGFP-JUND","eGFP-JUND K562 hg19","4/2000","0.7355653310477361373","0.9998488441915652","0","0","0.7995991983967936","0.24556964147313189994","PER1;CNGA1;GBP2;ABCG1"
"EZH2","EZH2 K562 hg19","4/2000","0.7355653310477361373","0.9998488441915652","0","0","0.7995991983967936","0.24556964147313189994","DDIT3;SESN2;SLC19A3;PLOD2"
"CTCF","CTCF spleen hg19","4/2000","0.7355653310477361373","0.9998488441915652","0","0","0.7995991983967936","0.24556964147313189994","RGS2;CDKN2B;MX2;SESN2"
"SAP30","SAP30 K562 hg19","4/2000","0.7355653310477361373","0.9998488441915652","0","0","0.7995991983967936","0.24556964147313189994","RGS2;TP53INP2;CHAC1;REM2"
"CHD1","CHD1 CH12.LX mm9","4/2000","0.7355653310477361373","0.9998488441915652","0","0","0.7995991983967936","0.24556964147313189994","DDIT3;SESN2;CHAC1;GBP2"
"KDM1A","KDM1A K562 hg19","4/2000","0.7355653310477361373","0.9998488441915652","0","0","0.7995991983967936","0.24556964147313189994","DDIT3;SLC2A3;NR1D1;GBP2"
"CTCF","CTCF bone marrow macrophage mm9","4/2000","0.7355653310477361373","0.9998488441915652","0","0","0.7995991983967936","0.24556964147313189994","CDKN2B;P4HA1;TNFAIP3;NR1D1"
"POLR2A","POLR2A brain mm9","4/2000","0.7355653310477361373","0.9998488441915652","0","0","0.7995991983967936","0.24556964147313189994","PER1;RGS2;SESN2;RHOV"
"ZKSCAN1","ZKSCAN1 HeLa-S3 hg19","4/2000","0.7355653310477361373","0.9998488441915652","0","0","0.7995991983967936","0.24556964147313189994","CSRNP1;PER1;RGS2;MAFF"
"POLR2A","POLR2A bone marrow mm9","4/2000","0.7355653310477361373","0.9998488441915652","0","0","0.7995991983967936","0.24556964147313189994","THEMIS2;TNFAIP3;HMOX1;ABCG1"
"EZH2","EZH2 fibroblast of lung hg19","4/2000","0.7355653310477361373","0.9998488441915652","0","0","0.7995991983967936","0.24556964147313189994","PTPRR;RGS2;SLC19A3;SGK1"
"EZH2","EZH2 endothelial cell of umbilical vein hg19","4/2000","0.7355653310477361373","0.9998488441915652","0","0","0.7995991983967936","0.24556964147313189994","GPX3;SLC19A3;CHAC1;RHOV"
"CTCF","CTCF C2C12 mm9","4/2000","0.7355653310477361373","0.9998488441915652","0","0","0.7995991983967936","0.24556964147313189994","PER1;P4HA1;TNFAIP3;RHOV"
"TCF7L2","TCF7L2 HEK293 hg19","4/2000","0.7355653310477361373","0.9998488441915652","0","0","0.7995991983967936","0.24556964147313189994","DDIT3;TP53INP2;BHLHE40;NR1D1"
"RELA","RELA GM10847 hg19","4/2000","0.7355653310477361373","0.9998488441915652","0","0","0.7995991983967936","0.24556964147313189994","P4HA1;MX2;TNFAIP3;ESAM"
"GATA3","GATA3 SH-SY5Y hg19","4/2000","0.7355653310477361373","0.9998488441915652","0","0","0.7995991983967936","0.24556964147313189994","CDKN2B;P4HA1;GBP2;NDRG1"
"CTCF","CTCF GM12892 hg19","4/2000","0.7355653310477361373","0.9998488441915652","0","0","0.7995991983967936","0.24556964147313189994","CDKN2B;MX2;HMOX1;CHAC1"
"CTCF","CTCF GM20000 hg19","4/2000","0.7355653310477361373","0.9998488441915652","0","0","0.7995991983967936","0.24556964147313189994","NTRK2;RGS2;P4HA1;ESAM"
"ZMIZ1","ZMIZ1 CH12.LX mm9","4/2000","0.7355653310477361373","0.9998488441915652","0","0","0.7995991983967936","0.24556964147313189994","P4HA1;MX2;HMOX1;NDRG1"
"EZH2","EZH2 H1-hESC hg19","4/2000","0.7355653310477361373","0.9998488441915652","0","0","0.7995991983967936","0.24556964147313189994","RGS2;P4HA1;GPX3;GBP2"
"CTCF","CTCF heart mm9","4/2000","0.7355653310477361373","0.9998488441915652","0","0","0.7995991983967936","0.24556964147313189994","PTPRR;CDKN2B;P4HA1;TNFAIP3"
"CHD2","CHD2 HeLa-S3 hg19","4/2000","0.7355653310477361373","0.9998488441915652","0","0","0.7995991983967936","0.24556964147313189994","PER1;SLC2A3;GBP2;ABCG1"
"E2F4","E2F4 K562 hg19","4/2000","0.7355653310477361373","0.9998488441915652","0","0","0.7995991983967936","0.24556964147313189994","RGS2;DDIT3;TP53INP2;SESN2"
"RELA","RELA GM12891 hg19","4/2000","0.7355653310477361373","0.9998488441915652","0","0","0.7995991983967936","0.24556964147313189994","P4HA1;MX2;TNFAIP3;ESAM"
"USF2","USF2 GM12878 hg19","4/2000","0.7355653310477361373","0.9998488441915652","0","0","0.7995991983967936","0.24556964147313189994","PER1;RGS2;P4HA1;HMOX1"
"MAZ","MAZ HepG2 hg19","4/2000","0.7355653310477361373","0.9998488441915652","0","0","0.7995991983967936","0.24556964147313189994","PER1;SESN2;HMOX1;SLC2A3"
"CTCF","CTCF brain mm9","4/2000","0.7355653310477361373","0.9998488441915652","0","0","0.7995991983967936","0.24556964147313189994","NELL2;P4HA1;TNFAIP3;HMOX1"
"POLR2A","POLR2A thymus mm9","4/2000","0.7355653310477361373","0.9998488441915652","0","0","0.7995991983967936","0.24556964147313189994","RGS2;THEMIS2;SESN2;NDRG1"
"RFX5","RFX5 HepG2 hg19","4/2000","0.7355653310477361373","0.9998488441915652","0","0","0.7995991983967936","0.24556964147313189994","CSRNP1;RGS2;P4HA1;MAFF"
"SMC3","SMC3 SK-N-SH hg19","4/2000","0.7355653310477361373","0.9998488441915652","0","0","0.7995991983967936","0.24556964147313189994","NTRK2;CDKN2B;BHLHE40;ESAM"
"POLR2A","POLR2A erythroblast hg19","4/2000","0.7355653310477361373","0.9998488441915652","0","0","0.7995991983967936","0.24556964147313189994","CDKN2B;TP53INP2;SESN2;CHAC1"
"EZH2","EZH2 GM12878 hg19","4/2000","0.7355653310477361373","0.9998488441915652","0","0","0.7995991983967936","0.24556964147313189994","PLOD2;SLC2A3;SGK1;NDRG1"
"ELK1","ELK1 K562 hg19","4/2000","0.7355653310477361373","0.9998488441915652","0","0","0.7995991983967936","0.24556964147313189994","RGS2;DDIT3;SESN2;NR1D1"
"NFYB","NFYB HeLa-S3 hg19","4/2000","0.7355653310477361373","0.9998488441915652","0","0","0.7995991983967936","0.24556964147313189994","PER1;RGS2;DDIT3;CHAC1"
"RELA","RELA GM18951 hg19","4/2000","0.7355653310477361373","0.9998488441915652","0","0","0.7995991983967936","0.24556964147313189994","DDIT3;MX2;TNFAIP3;CHAC1"
"CUX1","CUX1 GM12878 hg19","4/2000","0.7355653310477361373","0.9998488441915652","0","0","0.7995991983967936","0.24556964147313189994","NTRK2;TP53INP2;HMOX1;ABCG1"
"EZH2","EZH2 B cell hg19","4/2000","0.7355653310477361373","0.9998488441915652","0","0","0.7995991983967936","0.24556964147313189994","AKAP12;PLOD2;ESAM;SGK1"
"POLR2A","POLR2A GM19099 hg19","4/2000","0.7355653310477361373","0.9998488441915652","0","0","0.7995991983967936","0.24556964147313189994","PER1;SESN2;MAFF;HMOX1"
"ARID3A","ARID3A HepG2 hg19","4/2000","0.7355653310477361373","0.9998488441915652","0","0","0.7995991983967936","0.24556964147313189994","CSRNP1;MAFF;HMOX1;PLOD2"
"WRNIP1","WRNIP1 GM12878 hg19","4/2000","0.7355653310477361373","0.9998488441915652","0","0","0.7995991983967936","0.24556964147313189994","NTRK2;PER1;MX2;CHAC1"
"HA-E2F1","HA-E2F1 MCF-7 hg19","4/2000","0.7355653310477361373","0.9998488441915652","0","0","0.7995991983967936","0.24556964147313189994","PER1;RGS2;HMOX1;NDRG1"
"RELA","RELA GM18505 hg19","4/2000","0.7355653310477361373","0.9998488441915652","0","0","0.7995991983967936","0.24556964147313189994","P4HA1;MX2;BHLHE40;TNFAIP3"
"POLR2A","POLR2A GM15510 hg19","4/2000","0.7355653310477361373","0.9998488441915652","0","0","0.7995991983967936","0.24556964147313189994","PER1;SESN2;MAFF;NR1D1"
"MAX","MAX NB4 hg19","4/2000","0.7355653310477361373","0.9998488441915652","0","0","0.7995991983967936","0.24556964147313189994","RGS2;MAFF;GBP2;ABCG1"
"CTCF","CTCF osteoblast hg19","4/2000","0.7355653310477361373","0.9998488441915652","0","0","0.7995991983967936","0.24556964147313189994","MAFF;HMOX1;PLOD2;SGK1"
"BHLHE40","BHLHE40 CH12.LX mm9","4/2000","0.7355653310477361373","0.9998488441915652","0","0","0.7995991983967936","0.24556964147313189994","MX2;BHLHE40;MAFF;ABCG1"
"CTCF","CTCF skin fibroblast hg19","4/2000","0.7355653310477361373","0.9998488441915652","0","0","0.7995991983967936","0.24556964147313189994","PCLO;TNFAIP3;HMOX1;SGK1"
"BACH1","BACH1 K562 hg19","4/2000","0.7355653310477361373","0.9998488441915652","0","0","0.7995991983967936","0.24556964147313189994","RGS2;P4HA1;DDIT3;NR1D1"
"BRCA1","BRCA1 HepG2 hg19","4/2000","0.7355653310477361373","0.9998488441915652","0","0","0.7995991983967936","0.24556964147313189994","RGS2;NPC1L1;TP53INP2;NDRG1"
"SUZ12","SUZ12 K562 hg19","4/2000","0.7355653310477361373","0.9998488441915652","0","0","0.7995991983967936","0.24556964147313189994","AKAP12;P4HA1;PLOD2;NDRG1"
"REST","REST myocyte mm9","4/2000","0.7355653310477361373","0.9998488441915652","0","0","0.7995991983967936","0.24556964147313189994","PCLO;DDIT3;SESN2;CHAC1"
"SAP30","SAP30 H1-hESC hg19","4/2000","0.7355653310477361373","0.9998488441915652","0","0","0.7995991983967936","0.24556964147313189994","SLC19A3;CHAC1;NDRG1;REM2"
"SMC3","SMC3 HeLa-S3 hg19","4/2000","0.7355653310477361373","0.9998488441915652","0","0","0.7995991983967936","0.24556964147313189994","PER1;P4HA1;SESN2;GBP2"
"USF2","USF2 K562 hg19","4/2000","0.7355653310477361373","0.9998488441915652","0","0","0.7995991983967936","0.24556964147313189994","DDIT3;BHLHE40;MAFF;NR1D1"
"ZNF384","ZNF384 K562 hg19","4/2000","0.7355653310477361373","0.9998488441915652","0","0","0.7995991983967936","0.24556964147313189994","DDIT3;SESN2;CNGA1;ESAM"
"MAFF","MAFF HepG2 hg19","4/2000","0.7355653310477361373","0.9998488441915652","0","0","0.7995991983967936","0.24556964147313189994","P4HA1;GPX3;TP53INP2;HMOX1"
"CTCF","CTCF GM13977 hg19","4/2000","0.7355653310477361373","0.9998488441915652","0","0","0.7995991983967936","0.24556964147313189994","NTRK2;P4HA1;HMOX1;ESAM"
"CTCF","CTCF keratinocyte hg19","7/3361","0.7384086821778726994","0.9998488441915652","0","0","0.8247366328761677","0.25010784801318841630","NTRK2;CDKN2B;PCLO;P4HA1;HMOX1;CHAC1;SGK1"
"MAX","MAX ECC-1 hg19","3/1558","0.7459532645155425579","0.9998488441915652","0","0","0.7715364182860338","0.22613140562290329205","NTRK2;PCLO;HMOX1"
"POLR3A","POLR3A HeLa-S3 hg19","1/556","0.7492184728607327315","0.9998488441915652","0","0","0.7280780780780781","0.21021408967432972381","HMOX1"
"EP300","EP300 GM12878 hg19","10/4724","0.7524690691250742747","0.9998488441915652","0","0","0.8287914885284423","0.23570447641792460769","CSRNP1;RGS2;DDIT3;TP53INP2;BHLHE40;MAFF;TNFAIP3;HMOX1;SLC2A3;RHOV"
"SUZ12","SUZ12 NT2-D1 hg19","1/563","0.7536097018178674611","0.9998488441915652","0","0","0.7187500000000000","0.20332049007301328247","NTRK2"
"CTCF","CTCF epithelial cell of proximal tubule hg19","4/2051","0.7539523255372513333","0.9998488441915652","0","0","0.7774629539163003","0.21957586239209347934","NTRK2;P4HA1;HMOX1;SGK1"
"CTCF","CTCF fibroblast of pedal digit skin hg19","4/2060","0.7570975984896777256","0.9998488441915652","0","0","0.7736705577172504","0.21528397230557869135","NTRK2;P4HA1;SGK1;NDRG1"
"CTCF","CTCF GM12874 hg19","4/2065","0.7588321352882084758","0.9998488441915652","0","0","0.7715779826405736","0.21293599586277114910","NTRK2;P4HA1;ESAM;CHAC1"
"FOXM1","FOXM1 ECC-1 hg19","1/578","0.7627673737086893002","0.9998488441915652","0","0","0.6995233968804160","0.18943245938201683232","BHLHE40"
"SIN3A","SIN3A A549 hg19","3/1628","0.7729223694538591705","0.9998488441915652","0","0","0.7354916387959867","0.18944548202414135396","PER1;NR1D1;NDRG1"
"HNF4G","HNF4G HepG2 hg19","1/605","0.7784183385669294353","0.9998488441915652","0","0","0.6673220198675497","0.16715828625443865385","CSRNP1"
"REST","REST SK-N-SH hg19","3/1645","0.7791204061389974678","0.9998488441915652","0","0","0.7272017158290526","0.18150204358572746832","RGS2;SESN2;NR1D1"
"POLR2AphosphoS5","POLR2AphosphoS5 SK-N-MC hg19","2/1154","0.7829079536496860170","0.9998488441915652","0","0","0.6944075059101655","0.16994939431366004601","SESN2;NR1D1"
"CTCF","CTCF A549 hg19","11/5283","0.7830894370587359044","0.9998488441915652","0","0","0.8059909352288156","0.19707152653522941321","AKAP12;NTRK2;PCLO;P4HA1;BHLHE40;TNFAIP3;HMOX1;ESAM;RHOV;NR1D1;SGK1"
"EP300","EP300 H1-hESC hg19","5/2611","0.7842515795643865140","0.9998488441915652","0","0","0.7563402637270634","0.18380990859511839308","AKAP12;NTRK2;PCLO;DDIT3;NDRG1"
"NR2F2","NR2F2 MCF-7 hg19","1/616","0.7845005469636391338","0.9998488441915652","0","0","0.6550135501355013","0.15897703501195517561","DDIT3"
"POLR2AphosphoS5","POLR2AphosphoS5 HepG2 hg19","3/1668","0.7872918190793211091","0.9998488441915652","0","0","0.7162553858206032","0.17129698789599642761","RGS2;SLC19A3;HMOX1"
"TAF1","TAF1 HeLa-S3 hg19","2/1173","0.7906774364799664667","0.9998488441915652","0","0","0.6824499881897632","0.16028374371557818634","CSRNP1;RHOV"
"PML","PML GM12878 hg19","2/1179","0.7930809977308690417","0.9998488441915652","0","0","0.6787541351072869","0.15735551797299671128","RGS2;HMOX1"
"FOS","FOS MCF 10A hg19","8/4017","0.7953458970753672919","0.9998488441915652","0","0","0.7759127329362593","0.17766707634176662212","CSRNP1;RGS2;P4HA1;DDIT3;MAFF;HMOX1;NR1D1;GBP2"
"GATA3","GATA3 SK-N-SH hg19","2/1185","0.7954608554763072936","0.9998488441915652","0","0","0.6750957716587831","0.15448462268380366846","BHLHE40;GBP2"
"BCL11A","BCL11A GM12878 hg19","2/1186","0.7958552052571266078","0.9998488441915652","0","0","0.6744896492236918","0.15401162604149620794","MX2;BHLHE40"
"MAFK","MAFK HepG2 hg19","6/3120","0.7973903074238493094","0.9998488441915652","0","0","0.7544472823408164","0.17081516313917186056","P4HA1;GPX3;SESN2;MAFF;HMOX1;PLOD2"
"CTCF","CTCF LNCaP clone FGC hg19","5/2661","0.7985796101983665407","0.9998488441915652","0","0","0.7399626916757941","0.16643286488151040614","NTRK2;P4HA1;ESAM;CHAC1;NDRG1"
"POLR2AphosphoS5","POLR2AphosphoS5 GM12892 hg19","3/1702","0.7989272720666874550","0.9998488441915652","0","0","0.7006167310694270","0.15727819983531618475","RGS2;SESN2;HMOX1"
"eGFP-NR4A1","eGFP-NR4A1 K562 hg19","2/1199","0.8009225858009890731","0.9998488441915652","0","0","0.6667022165342434","0.14800188076638942647","BHLHE40;NR1D1"
"POLR2A","POLR2A GM12892 hg19","5/2690","0.8065575276001624161","0.9998488441915652","0","0","0.7307431860504486","0.15709520960918926802","PER1;RGS2;SESN2;HMOX1;ESAM"
"SP1","SP1 H1-hESC hg19","3/1727","0.8071511418993174702","0.9998488441915652","0","0","0.6895112478563502","0.14772388197795677245","PER1;DDIT3;SESN2"
"CTCF","CTCF T47D hg19","2/1219","0.8085068118208675880","0.9998488441915652","0","0","0.6550464168954002","0.13924071111839769754","NTRK2;CDKN2B"
"CTCF","CTCF ECC-1 hg19","2/1220","0.8088793757288543773","0.9998488441915652","0","0","0.6544736750165950","0.13881745035024520285","CDKN2B;ESAM"
"CTCF","CTCF GM06990 hg19","4/2240","0.8138849435536147370","0.9998488441915652","0","0","0.7042337507453786","0.14502727180545393892","NTRK2;P4HA1;HMOX1;CHAC1"
"HDAC2","HDAC2 H1-hESC hg19","5/2723","0.8153430636715884861","0.9998488441915652","0","0","0.7204913372131915","0.14708565313145954834","P4HA1;DDIT3;CHAC1;SGK1;NDRG1"
"CTCF","CTCF fibroblast of foreskin  hg19","4/2261","0.8197734057686734133","0.9998488441915652","0","0","0.6968542312804608","0.13848396777804455882","NTRK2;CDKN2B;P4HA1;TNFAIP3"
"SIN3A","SIN3A HCT116 hg19","1/689","0.8209172242556579402","0.9998488441915652","0","0","0.5833030523255814","0.11510493987562489537","BHLHE40"
"EGR1","EGR1 HCT116 hg19","3/1772","0.8212640791649922223","0.9998488441915652","0","0","0.6703123847912109","0.13199159091871506821","PCLO;TNFAIP3;NR1D1"
"CHD1","CHD1 MEL cell line mm9","1/691","0.8218249007945649387","0.9998488441915652","0","0","0.5815519323671497","0.11411672762017140148","DDIT3"
"SIX5","SIX5 H1-hESC hg19","2/1258","0.8225787325281395113","0.9998488441915652","0","0","0.6333852825586123","0.12370716199987820405","PCLO;SESN2"
"FOXA1","FOXA1 HepG2 hg19","4/2272","0.8227986482819475977","0.9998488441915652","0","0","0.6930433078581226","0.13517377540161495952","TP53INP2;PLOD2;NR1D1;NDRG1"
"SIN3A","SIN3A MCF-7 hg19","2/1259","0.8229273848252701695","0.9998488441915652","0","0","0.6328475431202288","0.12333395815892728153","CHAC1;NDRG1"
"MAX","MAX MCF-7 hg19","2/1275","0.8284250214064317053","0.9998488441915652","0","0","0.6243586100850730","0.11752236273927771371","PER1;NDRG1"
"CTCF","CTCF GM12864 hg19","3/1804","0.8307748013732974002","0.9998488441915652","0","0","0.6572435603408734","0.12185066756321263903","NTRK2;P4HA1;NDRG1"
"REST","REST neural cell hg19","1/712","0.8310875330216528356","0.9998488441915652","0","0","0.5637599624941397","0.10430695570616425882","TP53INP2"
"POLR2AphosphoS5","POLR2AphosphoS5 GM12891 hg19","3/1809","0.8322223321738781987","0.9998488441915652","0","0","0.6552433915932400","0.12033914947696427999","HMOX1;CHAC1;GBP2"
"CTCF","CTCF GM12866 hg19","3/1812","0.8330859121982387983","0.9998488441915652","0","0","0.6540485975917514","0.11944137790135171684","NTRK2;P4HA1;NDRG1"
"GATA1","GATA1 K562 hg19","1/727","0.8374131927508313700","0.9998488441915652","0","0","0.5516815886134068","0.09788909627328369611","TNFAIP3"
"CTCF","CTCF WERI-Rb-1 hg19","3/1833","0.8390281695175273446","0.9998488441915652","0","0","0.6457947255880256","0.11334407677060552577","NTRK2;P4HA1;NDRG1"
"UBTF","UBTF K562 hg19","6/3293","0.8393384639124855662","0.9998488441915652","0","0","0.7073955893901982","0.12389414096583112324","RGS2;TP53INP2;ESAM;CHAC1;NR1D1;NDRG1"
"CTCF","CTCF K562 hg19","9/4670","0.8401834534455384640","0.9998488441915652","0","0","0.7380926839733962","0.12852777987984703723","AKAP12;RGS2;P4HA1;TNFAIP3;ESAM;CHAC1;RHOV;NR1D1;NDRG1"
"CTCF","CTCF fibroblast of villous mesenchyme hg19","4/2341","0.8408665387858882401","0.9998488441915652","0","0","0.6699567346550659","0.11611845895293647357","NTRK2;CDKN2B;P4HA1;SGK1"
"TCF7L2","TCF7L2 HeLa-S3 hg19","5/2827","0.8410413681635140470","0.9998488441915652","0","0","0.6897509825397848","0.11940584884914544339","DDIT3;SESN2;RHOV;NR1D1;NDRG1"
"EGR1","EGR1 MCF-7 hg19","1/741","0.8431074421939624974","0.9998488441915652","0","0","0.5408502252252252","0.09230197371620124658","PCLO"
"STAT3","STAT3 MCF 10A hg19","7/3788","0.8457151089923780063","0.9998488441915652","0","0","0.7127743983073261","0.11944154943858087403","PER1;RGS2;DDIT3;MAFF;HMOX1;RHOV;ABCG1"
"POLR2AphosphoS5","POLR2AphosphoS5 SK-N-SH hg19","2/1331","0.8465061425531977823","0.9998488441915652","0","0","0.5962569841346077","0.09935896460579052292","CSRNP1;HMOX1"
"CREB1","CREB1 H1-hESC hg19","3/1863","0.8472101886672256388","0.9998488441915652","0","0","0.6343267882187938","0.10517547827604989408","P4HA1;MAFF;NR1D1"
"SIX5","SIX5 GM12878 hg19","2/1334","0.8474254933139174772","0.9998488441915652","0","0","0.5948182224777969","0.09847355876893504334","SESN2;NR1D1"
"CTCF","CTCF fibroblast of lung hg19","7/3799","0.8479592200140457781","0.9998488441915652","0","0","0.7102232770745429","0.11713196457194707811","AKAP12;NTRK2;P4HA1;HMOX1;CHAC1;SGK1;NDRG1"
"ZBTB33","ZBTB33 HepG2 hg19","2/1336","0.8480356857735158460","0.9998488441915652","0","0","0.5938626431465118","0.09788790082453320551","MAFF;PLOD2"
"SP1","SP1 GM12878 hg19","2/1356","0.8540198223740387284","0.9998488441915652","0","0","0.5844621138313586","0.09222863252983337645","PER1;CHAC1"
"ZBTB7A","ZBTB7A ECC-1 hg19","3/1896","0.8558043996917605867","0.9998488441915652","0","0","0.6221318817611796","0.09687429170035789794","TNFAIP3;CHAC1;NDRG1"
"EP300","EP300 A549 hg19","2/1363","0.8560643519770889664","0.9998488441915652","0","0","0.5812372004314724","0.09032991529388731400","DDIT3;HMOX1"
"SMARCC2","SMARCC2 HeLa-S3 hg19","1/779","0.8575966090611190085","0.9998488441915652","0","0","0.5134158097686375","0.07887167738110245629","NR1D1"
"MYC","MYC MCF 10A hg19","6/3382","0.8581543040162512570","0.9998488441915652","0","0","0.6850683346191998","0.10479583083399723886","NTRK2;DDIT3;SESN2;MAFF;HMOX1;RHOV"
"ATF2","ATF2 H1-hESC hg19","3/1906","0.8583267355066157567","0.9998488441915652","0","0","0.6185199570472252","0.09449156683448227401","AKAP12;RGS2;MAFF"
"NR2F2","NR2F2 K562 hg19","2/1392","0.8642659769382242674","0.9998488441915652","0","0","0.5682228685136996","0.08288934836094263847","PER1;DDIT3"
"CREB1","CREB1 GM12878 hg19","1/800","0.8650326390522694586","0.9998488441915652","0","0","0.4993742177722153","0.07240328893834366286","TP53INP2"
"TAL1","TAL1 G1E-ER4 mm9","1/810","0.8684385746240196324","0.9998488441915652","0","0","0.4929439637412443","0.06953389747425803291","DDIT3"
"FOXA2","FOXA2 A549 hg19","2/1410","0.8691445516844928942","0.9998488441915652","0","0","0.5604146518375241","0.07859581518360747587","PLOD2;NDRG1"
"ATF3","ATF3 HepG2 hg19","1/825","0.8733901669687096359","0.9998488441915652","0","0","0.4835912216828479","0.06546514431934306877","HMOX1"
"ZC3H11A","ZC3H11A CH12.LX mm9","2/1429","0.8741234862705484776","0.9998488441915652","0","0","0.5523863483874816","0.07431453766559452390","TNFAIP3;GBP2"
"POLR2AphosphoS5","POLR2AphosphoS5 GM12878 hg19","2/1431","0.8746375823034893138","0.9998488441915652","0","0","0.5515536828313208","0.07387822763123443048","RGS2;HMOX1"
"ATF3","ATF3 K562 hg19","2/1433","0.8751497947775560560","0.9998488441915652","0","0","0.5507233447819558","0.07344458269915213333","CSRNP1;NR1D1"
"MAFK","MAFK ES-E14 mm9","2/1433","0.8751497947775560560","0.9998488441915652","0","0","0.5507233447819558","0.07344458269915213333","AKAP12;MAFF"
"CTCF","CTCF MEL cell line mm9","9/4882","0.8779047746927514106","0.9998488441915652","0","0","0.6961933100759286","0.09065630750270116389","NELL2;CDKN2B;P4HA1;BHLHE40;MAFF;TNFAIP3;RHOV;GBP2;ABCG1"
"ATF3","ATF3 A549 hg19","3/1991","0.8782939279157245815","0.9998488441915652","0","0","0.5892857142857143","0.07647394751126140866","DDIT3;NR1D1;NDRG1"
"POLR2A","POLR2A GM18505 hg19","3/2000","0.8802595080814030748","0.9998488441915652","0","0","0.5863360257777971","0.07478042861967759691","PER1;RGS2;SESN2"
"RFX5","RFX5 GM12878 hg19","3/2000","0.8802595080814030748","0.9998488441915652","0","0","0.5863360257777971","0.07478042861967759691","CSRNP1;MAFF;RHOV"
"TCF7L2","TCF7L2 HCT116 hg19","3/2000","0.8802595080814030748","0.9998488441915652","0","0","0.5863360257777971","0.07478042861967759691","TP53INP2;SESN2;HMOX1"
"MAZ","MAZ GM12878 hg19","3/2000","0.8802595080814030748","0.9998488441915652","0","0","0.5863360257777971","0.07478042861967759691","PER1;SESN2;SLC2A3"
"ATF1","ATF1 K562 hg19","3/2000","0.8802595080814030748","0.9998488441915652","0","0","0.5863360257777971","0.07478042861967759691","MAFF;GBP2;ABCG1"
"ARID3A","ARID3A K562 hg19","3/2000","0.8802595080814030748","0.9998488441915652","0","0","0.5863360257777971","0.07478042861967759691","P4HA1;NR1D1;GBP2"
"EZH2","EZH2 astrocyte hg19","3/2000","0.8802595080814030748","0.9998488441915652","0","0","0.5863360257777971","0.07478042861967759691","AKAP12;SLC19A3;SGK1"
"CHD2","CHD2 CH12.LX mm9","3/2000","0.8802595080814030748","0.9998488441915652","0","0","0.5863360257777971","0.07478042861967759691","MX2;MAFF;NDRG1"
"KAT2B","KAT2B K562 hg19","3/2000","0.8802595080814030748","0.9998488441915652","0","0","0.5863360257777971","0.07478042861967759691","P4HA1;SESN2;BHLHE40"
"BHLHE40","BHLHE40 A549 hg19","3/2000","0.8802595080814030748","0.9998488441915652","0","0","0.5863360257777971","0.07478042861967759691","RGS2;TNFAIP3;NR1D1"
"POLR2AphosphoS2","POLR2AphosphoS2 myocyte mm9","3/2000","0.8802595080814030748","0.9998488441915652","0","0","0.5863360257777971","0.07478042861967759691","PER1;P4HA1;BHLHE40"
"TBL1XR1","TBL1XR1 GM12878 hg19","3/2000","0.8802595080814030748","0.9998488441915652","0","0","0.5863360257777971","0.07478042861967759691","CSRNP1;RGS2;ESAM"
"RAD21","RAD21 CH12.LX mm9","3/2000","0.8802595080814030748","0.9998488441915652","0","0","0.5863360257777971","0.07478042861967759691","RGS2;BHLHE40;ABCG1"
"CTCF","CTCF NB4 hg19","3/2000","0.8802595080814030748","0.9998488441915652","0","0","0.5863360257777971","0.07478042861967759691","NTRK2;P4HA1;ESAM"
"GTF2F1","GTF2F1 K562 hg19","3/2000","0.8802595080814030748","0.9998488441915652","0","0","0.5863360257777971","0.07478042861967759691","PER1;RGS2;DDIT3"
"POLR2A","POLR2A Raji hg19","3/2000","0.8802595080814030748","0.9998488441915652","0","0","0.5863360257777971","0.07478042861967759691","PER1;SESN2;MAFF"
"CTCF","CTCF fibroblast of dermis hg19","3/2000","0.8802595080814030748","0.9998488441915652","0","0","0.5863360257777971","0.07478042861967759691","RGS2;CDKN2B;SGK1"
"CHD2","CHD2 GM12878 hg19","3/2000","0.8802595080814030748","0.9998488441915652","0","0","0.5863360257777971","0.07478042861967759691","RGS2;HMOX1;NDRG1"
"MXI1","MXI1 K562 hg19","3/2000","0.8802595080814030748","0.9998488441915652","0","0","0.5863360257777971","0.07478042861967759691","RGS2;SESN2;CHAC1"
"CTCF","CTCF B cell hg19","3/2000","0.8802595080814030748","0.9998488441915652","0","0","0.5863360257777971","0.07478042861967759691","NTRK2;DDIT3;HMOX1"
"CHD7","CHD7 H1-hESC hg19","3/2000","0.8802595080814030748","0.9998488441915652","0","0","0.5863360257777971","0.07478042861967759691","P4HA1;DDIT3;HMOX1"
"CHD4","CHD4 K562 hg19","3/2000","0.8802595080814030748","0.9998488441915652","0","0","0.5863360257777971","0.07478042861967759691","P4HA1;DDIT3;NR1D1"
"SIN3A","SIN3A MEL cell line mm9","3/2000","0.8802595080814030748","0.9998488441915652","0","0","0.5863360257777971","0.07478042861967759691","MAFF;HMOX1;CHAC1"
"MXI1","MXI1 HepG2 hg19","3/2000","0.8802595080814030748","0.9998488441915652","0","0","0.5863360257777971","0.07478042861967759691","PCLO;DDIT3;ESAM"
"KDM5B","KDM5B K562 hg19","3/2000","0.8802595080814030748","0.9998488441915652","0","0","0.5863360257777971","0.07478042861967759691","TP53INP2;ESAM;NR1D1"
"CTCF","CTCF GM12891 hg19","3/2000","0.8802595080814030748","0.9998488441915652","0","0","0.5863360257777971","0.07478042861967759691","CDKN2B;HMOX1;CHAC1"
"CHD2","CHD2 HepG2 hg19","3/2000","0.8802595080814030748","0.9998488441915652","0","0","0.5863360257777971","0.07478042861967759691","RGS2;P4HA1;TP53INP2"
"USF2","USF2 HepG2 hg19","3/2000","0.8802595080814030748","0.9998488441915652","0","0","0.5863360257777971","0.07478042861967759691","PER1;RGS2;HMOX1"
"ZNF143","ZNF143 K562 hg19","3/2000","0.8802595080814030748","0.9998488441915652","0","0","0.5863360257777971","0.07478042861967759691","P4HA1;DDIT3;CHAC1"
"KDM5B","KDM5B H1-hESC hg19","3/2000","0.8802595080814030748","0.9998488441915652","0","0","0.5863360257777971","0.07478042861967759691","P4HA1;DDIT3;PLOD2"
"CTBP2","CTBP2 H1-hESC hg19","3/2000","0.8802595080814030748","0.9998488441915652","0","0","0.5863360257777971","0.07478042861967759691","ESAM;CHAC1;NDRG1"
"PHF8","PHF8 K562 hg19","3/2000","0.8802595080814030748","0.9998488441915652","0","0","0.5863360257777971","0.07478042861967759691","TP53INP2;NR1D1;NDRG1"
"CTCF","CTCF thymus mm9","3/2000","0.8802595080814030748","0.9998488441915652","0","0","0.5863360257777971","0.07478042861967759691","P4HA1;THEMIS2;ABCG1"
"RCOR1","RCOR1 CH12.LX mm9","3/2000","0.8802595080814030748","0.9998488441915652","0","0","0.5863360257777971","0.07478042861967759691","MX2;TNFAIP3;ABCG1"
"CTCF","CTCF T-cell acute lymphoblastic leukemia hg19","3/2000","0.8802595080814030748","0.9998488441915652","0","0","0.5863360257777971","0.07478042861967759691","MX2;SESN2;SGK1"
"POLR2A","POLR2A GM10847 hg19","3/2000","0.8802595080814030748","0.9998488441915652","0","0","0.5863360257777971","0.07478042861967759691","DDIT3;TNFAIP3;HMOX1"
"NFYA","NFYA GM12878 hg19","3/2000","0.8802595080814030748","0.9998488441915652","0","0","0.5863360257777971","0.07478042861967759691","PER1;DDIT3;CHAC1"
"NFYA","NFYA K562 hg19","3/2000","0.8802595080814030748","0.9998488441915652","0","0","0.5863360257777971","0.07478042861967759691","PER1;DDIT3;CHAC1"
"BRCA1","BRCA1 H1-hESC hg19","3/2000","0.8802595080814030748","0.9998488441915652","0","0","0.5863360257777971","0.07478042861967759691","P4HA1;TP53INP2;NDRG1"
"NRF1","NRF1 HepG2 hg19","3/2000","0.8802595080814030748","0.9998488441915652","0","0","0.5863360257777971","0.07478042861967759691","CDKN2B;P4HA1;NR1D1"
"TBP","TBP HeLa-S3 hg19","3/2000","0.8802595080814030748","0.9998488441915652","0","0","0.5863360257777971","0.07478042861967759691","MAFF;RHOV;GBP2"
"CUX1","CUX1 K562 hg19","3/2000","0.8802595080814030748","0.9998488441915652","0","0","0.5863360257777971","0.07478042861967759691","P4HA1;CHAC1;NR1D1"
"ZNF384","ZNF384 MEL cell line mm9","3/2000","0.8802595080814030748","0.9998488441915652","0","0","0.5863360257777971","0.07478042861967759691","CSRNP1;THEMIS2;SLC2A3"
"NRF1","NRF1 SK-N-SH hg19","3/2000","0.8802595080814030748","0.9998488441915652","0","0","0.5863360257777971","0.07478042861967759691","P4HA1;DDIT3;NR1D1"
"USF2","USF2 H1-hESC hg19","3/2000","0.8802595080814030748","0.9998488441915652","0","0","0.5863360257777971","0.07478042861967759691","PCLO;SESN2;HMOX1"
"NELFE","NELFE CH12.LX mm9","3/2000","0.8802595080814030748","0.9998488441915652","0","0","0.5863360257777971","0.07478042861967759691","PER1;THEMIS2;MX2"
"ELK1","ELK1 HeLa-S3 hg19","3/2000","0.8802595080814030748","0.9998488441915652","0","0","0.5863360257777971","0.07478042861967759691","CSRNP1;PER1;GPX3"
"CTCF","CTCF kidney mm9","3/2000","0.8802595080814030748","0.9998488441915652","0","0","0.5863360257777971","0.07478042861967759691","P4HA1;TNFAIP3;RHOV"
"UBTF","UBTF CH12.LX mm9","3/2000","0.8802595080814030748","0.9998488441915652","0","0","0.5863360257777971","0.07478042861967759691","SESN2;MAFF;NDRG1"
"ELK4","ELK4 HeLa-S3 hg19","3/2000","0.8802595080814030748","0.9998488441915652","0","0","0.5863360257777971","0.07478042861967759691","RGS2;SESN2;GBP2"
"RELA","RELA GM19193 hg19","3/2000","0.8802595080814030748","0.9998488441915652","0","0","0.5863360257777971","0.07478042861967759691","P4HA1;DDIT3;TNFAIP3"
"SETDB1","SETDB1 U2OS hg19","3/2000","0.8802595080814030748","0.9998488441915652","0","0","0.5863360257777971","0.07478042861967759691","RGS2;PLOD2;NR1D1"
"JUND","JUND K562 hg19","3/2000","0.8802595080814030748","0.9998488441915652","0","0","0.5863360257777971","0.07478042861967759691","ESAM;RHOV;ABCG1"
"GTF2B","GTF2B K562 hg19","3/2000","0.8802595080814030748","0.9998488441915652","0","0","0.5863360257777971","0.07478042861967759691","CSRNP1;CHAC1;NDRG1"
"MXI1","MXI1 GM12878 hg19","3/2000","0.8802595080814030748","0.9998488441915652","0","0","0.5863360257777971","0.07478042861967759691","SESN2;HMOX1;NR1D1"
"NRF1","NRF1 HeLa-S3 hg19","3/2000","0.8802595080814030748","0.9998488441915652","0","0","0.5863360257777971","0.07478042861967759691","CDKN2B;P4HA1;NR1D1"
"E2F4","E2F4 GM12878 hg19","3/2000","0.8802595080814030748","0.9998488441915652","0","0","0.5863360257777971","0.07478042861967759691","CSRNP1;P4HA1;ESAM"
"POLR2AphosphoS2","POLR2AphosphoS2 CH12.LX mm9","3/2000","0.8802595080814030748","0.9998488441915652","0","0","0.5863360257777971","0.07478042861967759691","RGS2;P4HA1;HMOX1"
"BHLHE40","BHLHE40 GM12878 hg19","3/2000","0.8802595080814030748","0.9998488441915652","0","0","0.5863360257777971","0.07478042861967759691","NTRK2;RGS2;MAFF"
"POLR2AphosphoS5","POLR2AphosphoS5 G1E mm9","4/2517","0.8802789440090682538","0.9998488441915652","0","0","0.6168103638855728","0.07865346170198629638","PER1;P4HA1;SESN2;HMOX1"
"RCOR1","RCOR1 K562 hg19","6/3501","0.8805617420493444536","0.9998488441915652","0","0","0.6569917157400939","0.08356621365726837891","P4HA1;DDIT3;SLC2A3;CHAC1;RHOV;NR1D1"
"TAF7","TAF7 H1-hESC hg19","2/1466","0.8833343437656210329","0.9998488441915652","0","0","0.5373503081037089","0.06665911431696155964","PER1;PCLO"
"FOS","FOS HeLa-S3 hg19","1/860","0.8842447506839017368","0.9998488441915652","0","0","0.4630384167636787","0.05696362843850932139","TP53INP2"
"CEBPZ","CEBPZ HepG2 hg19","1/867","0.8863035767554479083","0.9998488441915652","0","0","0.4591272132409546","0.05541470318332170075","NR1D1"
"TEAD4","TEAD4 ECC-1 hg19","3/2051","0.8908889927574568102","0.9998488441915652","0","0","0.5701108186141305","0.06586800799794348404","CDKN2B;MAFF;CHAC1"
"TAL1","TAL1 erythroblast mm9","1/885","0.8914343944829326016","0.9998488441915652","0","0","0.4493542609351433","0.05164133493918195150","DDIT3"
"E2F6","E2F6 A549 hg19","2/1503","0.8919337286449803281","0.9998488441915652","0","0","0.5230555516180703","0.05981843449726312323","PER1;PCLO"
"TAF1","TAF1 PFSK-1 hg19","2/1503","0.8919337286449803281","0.9998488441915652","0","0","0.5230555516180703","0.05981843449726312323","RGS2;SESN2"
"PML","PML MCF-7 hg19","1/887","0.8919902874345578825","0.9998488441915652","0","0","0.4482928893905192","0.05123989294206832135","PCLO"
"CTCF","CTCF HepG2 hg19","5/3081","0.8920250893779252399","0.9998488441915652","0","0","0.6234114552547583","0.07123162856532540277","NTRK2;P4HA1;TNFAIP3;HMOX1;ESAM"
"SRF","SRF HepG2 hg19","1/888","0.8922671873075854743","0.9998488441915652","0","0","0.4477639984968057","0.05104046322386145834","GBP2"
"SPI1","SPI1 GM12878 hg19","3/2068","0.8942456495343360512","0.9998488441915652","0","0","0.5648805137382883","0.06313938712078998039","RGS2;MX2;ABCG1"
"SRF","SRF K562 hg19","1/897","0.8947281958415009839","0.9998488441915652","0","0","0.4430571056547619","0.04928358945684437747","GBP2"
"MYC","MYC MCF-7 hg19","9/5003","0.8961329615899578105","0.9998488441915652","0","0","0.6738736483780536","0.07390135258953478559","CSRNP1;RGS2;PCLO;P4HA1;GPX3;PLOD2;ESAM;NR1D1;NDRG1"
"HDAC2","HDAC2 MCF-7 hg19","1/913","0.8989680522129764872","0.9998488441915652","0","0","0.4349186769005848","0.04632222370042424903","PCLO"
"GATA3","GATA3 MCF-7 hg19","3/2095","0.8993923273750147329","0.9998488441915652","0","0","0.5567482750020784","0.05903532418231488554","BHLHE40;SLC2A3;GBP2"
"HDAC2","HDAC2 K562 hg19","4/2623","0.8998218863913824972","0.9998488441915652","0","0","0.5882482711806881","0.06209456939909945711","CSRNP1;DDIT3;BHLHE40;SGK1"
"RAD21","RAD21 K562 hg19","3/2100","0.9003210643618151376","0.9998488441915652","0","0","0.5552652858120296","0.05830498783640258864","CSRNP1;P4HA1;BHLHE40"
"YY1","YY1 HepG2 hg19","1/920","0.9007699564646132195","0.9998488441915652","0","0","0.4314472252448313","0.04508855372720486920","GPX3"
"TAF1","TAF1 neural cell hg19","2/1546","0.9012044443033844221","0.9998488441915652","0","0","0.5073034946532907","0.05277130188711183501","P4HA1;TP53INP2"
"CTCF","CTCF epithelial cell of esophagus hg19","2/1548","0.9016175243882692536","0.9998488441915652","0","0","0.5065921664694063","0.05246515665456345096","NTRK2;P4HA1"
"CTCF","CTCF HCT116 hg19","5/3149","0.9031125417076971695","0.9998488441915652","0","0","0.6074702174415915","0.06190613713941990615","NTRK2;CDKN2B;P4HA1;TNFAIP3;ESAM"
"POLR2A","POLR2A MCF 10A hg19","5/3155","0.9040434936177543790","0.9998488441915652","0","0","0.6060966810966811","0.06114170422405711819","SESN2;TNFAIP3;HMOX1;NR1D1;NDRG1"
"MAX","MAX HepG2 hg19","5/3158","0.9045061571775168119","0.9998488441915652","0","0","0.6054118732520255","0.06076286911282214459","P4HA1;GPX3;SESN2;MAFF;SLC19A3"
"MYOD1","MYOD1 myocyte mm9","5/3164","0.9054258857772148339","0.9998488441915652","0","0","0.6040461596017151","0.06001189773964885066","RGS2;PCLO;HMOX1;CHAC1;NDRG1"
"RCOR1","RCOR1 MEL cell line mm9","2/1567","0.9054641846495533608","0.9998488441915652","0","0","0.4999252260213446","0.04964635215957555192","ESAM;ABCG1"
"POLR2AphosphoS5","POLR2AphosphoS5 MEL cell line mm9","4/2661","0.9061349613529839919","0.9998488441915652","0","0","0.5785639610253837","0.05702732555667588965","RGS2;P4HA1;SESN2;NDRG1"
"SRF","SRF ECC-1 hg19","2/1602","0.9121935089290194032","0.9998488441915652","0","0","0.4880585106382979","0.04485410502984731040","AKAP12;GBP2"
"ZNF274","ZNF274 K562 hg19","1/974","0.9136514042792928114","0.9998488441915652","0","0","0.4063463514902364","0.03669558514826543744","BHLHE40"
"SIN3A","SIN3A Panc1 hg19","1/976","0.9140956018390475890","0.9998488441915652","0","0","0.4054700854700855","0.03641937003028181824","NDRG1"
"TAF1","TAF1 GM12892 hg19","2/1619","0.9153016010431256344","0.9998488441915652","0","0","0.4824800326320083","0.04270027868689631884","RGS2;DDIT3"
"TAL1","TAL1 G1E mm9","1/983","0.9156327355657087885","0.9998488441915652","0","0","0.4024312627291242","0.03547026671240425394","DDIT3"
"CTCF","CTCF GM12878 hg19","7/4238","0.9186948414776315852","0.9998488441915652","0","0","0.6192389506026944","0.05251224742850966326","NTRK2;CDKN2B;P4HA1;HMOX1;ESAM;CHAC1;NDRG1"
"CTCF","CTCF foreskin fibroblast hg19","4/2745","0.9188927611722788047","0.9998488441915652","0","0","0.5581093680327537","0.04720815764118622970","NTRK2;P4HA1;HMOX1;CHAC1"
"CTCF","CTCF GM12865 hg19","2/1640","0.9190019378945988304","0.9998488441915652","0","0","0.4757488374509651","0.04018509985534426260","NTRK2;P4HA1"
"RAD21","RAD21 H1-hESC hg19","4/2750","0.9196025531655231955","0.9998488441915652","0","0","0.5569312940033989","0.04667847780397281487","RGS2;P4HA1;HMOX1;NR1D1"
"BCLAF1","BCLAF1 K562 hg19","1/1007","0.9207011064706419612","0.9998488441915652","0","0","0.3923334990059642","0.03241452578199423284","BHLHE40"
"CTCF","CTCF HEK293 hg19","2/1654","0.9213858892071657980","0.9998488441915652","0","0","0.4713564473751996","0.03859294127025157672","NTRK2;P4HA1"
"CTCF","CTCF CH12.LX mm9","6/3777","0.9216651942404120446","0.9998488441915652","0","0","0.5986938262011804","0.04883740191507061901","PER1;P4HA1;BHLHE40;TNFAIP3;GBP2;ABCG1"
"POLR2AphosphoS5","POLR2AphosphoS5 Panc1 hg19","2/1656","0.9217211494042075737","0.9998488441915652","0","0","0.4707350330597648","0.03837080923003174937","RGS2;NR1D1"
"CTCF","CTCF astrocyte of the cerebellum hg19","2/1663","0.9228842528295492231","0.9998488441915652","0","0","0.4685718677546210","0.03760357442233026870","NTRK2;P4HA1"
"CTCF","CTCF fibroblast of upper leg skin hg19","2/1665","0.9232136415444728295","0.9998488441915652","0","0","0.4679571653382121","0.03738725380246626928","HMOX1;PLOD2"
"SRF","SRF myocyte mm9","2/1668","0.9237053024472855478","0.9998488441915652","0","0","0.4670378789813798","0.03706515120400318691","PER1;NR1D1"
"PAX5","PAX5 GM12878 hg19","3/2247","0.9244716419864088541","0.9998488441915652","0","0","0.5146186933271332","0.04041449967694049628","P4HA1;DDIT3;RHOV"
"RUNX3","RUNX3 GM12878 hg19","2/1674","0.9246799589629012273","0.9998488441915652","0","0","0.4652092028911738","0.03642941229114769058","TP53INP2;SLC2A3"
"GATA1","GATA1 erythroblast hg19","3/2266","0.9271801741038909750","0.9998488441915652","0","0","0.5097504274817960","0.03854088904095787083","PER1;P4HA1;NDRG1"
"EGR1","EGR1 H1-hESC hg19","1/1046","0.9283079622358429983","0.9998488441915652","0","0","0.3769138755980861","0.02803928106757267585","NDRG1"
"ZBTB33","ZBTB33 K562 hg19","1/1048","0.9286781600784196344","0.9998488441915652","0","0","0.3761540910538045","0.02783278362823652513","MAFF"
"POLR2AphosphoS5","POLR2AphosphoS5 neural cell hg19","2/1709","0.9301409003225263872","0.9998488441915652","0","0","0.4547981403233245","0.03293611684131036998","TP53INP2;MAFF"
"TAL1","TAL1 MEL cell line mm9","3/2290","0.9304777026766628545","0.9998488441915652","0","0","0.5037166593790993","0.03629639490167089338","DDIT3;MX2;SESN2"
"POLR2A","POLR2A GM12878 hg19","9/5311","0.9329385475121868554","0.9998488441915652","0","0","0.6216569219162580","0.04315290318464962138","PER1;RGS2;CDKN2B;GPX3;SESN2;HMOX1;SLC2A3;CHAC1;RHOV"
"SRF","SRF H1-hESC hg19","1/1073","0.9331505757863903794","0.9998488441915652","0","0","0.3668959888059702","0.02538505735116302828","AKAP12"
"ZBTB33","ZBTB33 HCT116 hg19","1/1074","0.9333236367105167686","0.9998488441915652","0","0","0.3665346380863622","0.02529208521664865969","PLOD2"
"SPI1","SPI1 GM12891 hg19","1/1074","0.9333236367105167686","0.9998488441915652","0","0","0.3665346380863622","0.02529208521664865969","ABCG1"
"CTCF","CTCF H1-hESC hg19","6/3890","0.9346800916107868007","0.9998488441915652","0","0","0.5772160084305319","0.03899149333187998390","AKAP12;NTRK2;SPINK1;P4HA1;TNFAIP3;HMOX1"
"TEAD4","TEAD4 H1-hESC hg19","2/1752","0.9363500065900142166","0.9998488441915652","0","0","0.4425775075987842","0.02910652303851057887","PTPRR;PCLO"
"POLR2A","POLR2A HepG2 hg19","11/6264","0.9363507716915587809","0.9998488441915652","0","0","0.6341293021454965","0.04170358751241295958","RGS2;CDKN2B;PCLO;P4HA1;GPX3;NPC1L1;TP53INP2;MX2;MAFF;TNFAIP3;NDRG1"
"TCF12","TCF12 A549 hg19","1/1098","0.9373478980407807803","0.9998488441915652","0","0","0.3580598602248556","0.02316675095067041723","RGS2"
"TBL1XR1","TBL1XR1 K562 hg19","5/3414","0.9376456419218972549","0.9998488441915652","0","0","0.5514147043921171","0.03550183317109407294","CSRNP1;PER1;SESN2;SLC2A3;CHAC1"
"THAP1","THAP1 K562 hg19","2/1775","0.9394578609029979877","0.9998488441915652","0","0","0.4362842159580469","0.02724695876926110094","CSRNP1;BHLHE40"
"CTCF","CTCF cardiac muscle cell hg19","2/1777","0.9397213623558695605","0.9998488441915652","0","0","0.4357446808510638","0.02709106194987440791","NTRK2;P4HA1"
"CTCFL","CTCFL K562 hg19","3/2365","0.9399400758390323851","0.9998488441915652","0","0","0.4856514376173471","0.03008083960137776514","CSRNP1;MAFF;TNFAIP3"
"EBF1","EBF1 GM12878 hg19","4/2924","0.9411686569764800003","0.9998488441915652","0","0","0.5184474885844749","0.03143498707658400060","MX2;SESN2;HMOX1;SLC2A3"
"REST","REST PFSK-1 hg19","3/2387","0.9424873443696252240","0.9998488441915652","0","0","0.4805679165450832","0.02846537726785475578","RGS2;CDKN2B;PCLO"
"IRF3","IRF3 HeLa-S3 hg19","2/1809","0.9437954890927582330","0.9998488441915652","0","0","0.4272745469745317","0.02471602910946714762","CHAC1;NR1D1"
"MTA3","MTA3 GM12878 hg19","1/1150","0.9452682666219267560","0.9998488441915652","0","0","0.3409123875834059","0.01918876910994564769","MX2"
"TCF12","TCF12 H1-hESC hg19","1/1158","0.9463963179506071910","0.9998488441915652","0","0","0.3384111207144915","0.01864437386148596124","CHAC1"
"ELF1","ELF1 GM12878 hg19","1/1161","0.9468134383279116495","0.9998488441915652","0","0","0.3374820402298850","0.01844447614948614700","HMOX1"
"GATA1","GATA1 MEL cell line mm9","4/2994","0.9482929466135795460","0.9998488441915652","0","0","0.5042289111854329","0.02677042506882362782","THEMIS2;DDIT3;TNFAIP3;SLC2A3"
"CTCF","CTCF WI38 hg19","3/2447","0.9489473587852500502","0.9998488441915652","0","0","0.4671689319006618","0.02448056399459677332","CDKN2B;P4HA1;TNFAIP3"
"CREB1","CREB1 K562 hg19","2/1865","0.9503162329296418465","0.9998488441915652","0","0","0.4131519740523749","0.02105442002300764864","RGS2;NDRG1"
"POLR2A","POLR2A GM12891 hg19","4/3050","0.9534304332960336081","0.9998488441915652","0","0","0.4933245786824250","0.02352606501927737015","RGS2;SESN2;HMOX1;CHAC1"
"IRF4","IRF4 GM12878 hg19","2/1912","0.9552380479269555469","0.9998488441915652","0","0","0.4019382867327615","0.01840664515568397538","MX2;BHLHE40"
"ZBTB33","ZBTB33 SK-N-SH hg19","1/1234","0.9560378140362963961","0.9998488441915652","0","0","0.3162679102460124","0.01421871333957190446","MAFF"
"SREBF1","SREBF1 GM12878 hg19","1/1234","0.9560378140362963961","0.9998488441915652","0","0","0.3162679102460124","0.01421871333957190446","SESN2"
"CTCF","CTCF fibroblast of mammary gland hg19","2/1929","0.9569033714172555660","0.9998488441915652","0","0","0.3980169815278959","0.01753378753222507164","NTRK2;P4HA1"
"CHD1","CHD1 H1-hESC hg19","5/3635","0.9577455366068031717","0.9998488441915652","0","0","0.5109253693964437","0.02205826052541571061","PTPRR;CDKN2B;GPX3;PLOD2;NDRG1"
"GATA2","GATA2 G1E-ER4 mm9","1/1261","0.9590360530364463454","0.9998488441915652","0","0","0.3090443121693122","0.01292627604088913279","HMOX1"
"MAX","MAX A549 hg19","4/3133","0.9602096180928025859","0.9998488441915652","0","0","0.4778807570753880","0.01940371073204164715","DDIT3;MAFF;SLC19A3;HMOX1"
"GATA1","GATA1 erythroblast mm9","2/1971","0.9607728374980744057","0.9998488441915652","0","0","0.3886193445209254","0.01555148886269581976","DDIT3;NR1D1"
"MAX","MAX H1-hESC hg19","4/3145","0.9611128755476644470","0.9998488441915652","0","0","0.4757154480172627","0.01886850188358442024","AKAP12;NTRK2;MAFF;HMOX1"
"YY1","YY1 GM12891 hg19","1/1281","0.9611268917612160179","0.9998488441915652","0","0","0.3038899739583333","0.01204888415089564943","ESAM"
"TCF12","TCF12 ECC-1 hg19","1/1285","0.9615323327164402301","0.9998488441915652","0","0","0.3028783748701973","0.01188103640642847007","PER1"
"SRF","SRF GM12878 hg19","2/1986","0.9620741707551864197","0.9998488441915652","0","0","0.3853594715168154","0.01489943483381763259","BHLHE40;GBP2"
"POLR2AphosphoS2","POLR2AphosphoS2 MEL cell line mm9","2/2000","0.9632521670049255524","0.9998488441915652","0","0","0.3823610844887441","0.01431561651452046766","SESN2;ESAM"
"POLR2AphosphoS2","POLR2AphosphoS2 GM12878 hg19","2/2000","0.9632521670049255524","0.9998488441915652","0","0","0.3823610844887441","0.01431561651452046766","RGS2;ESAM"
"NRF1","NRF1 K562 hg19","2/2000","0.9632521670049255524","0.9998488441915652","0","0","0.3823610844887441","0.01431561651452046766","CSRNP1;NR1D1"
"EP300","EP300 heart mm9","2/2000","0.9632521670049255524","0.9998488441915652","0","0","0.3823610844887441","0.01431561651452046766","TNFAIP3;NDRG1"
"GATA2","GATA2 SH-SY5Y hg19","2/2000","0.9632521670049255524","0.9998488441915652","0","0","0.3823610844887441","0.01431561651452046766","CDKN2B;P4HA1"
"POLR2A","POLR2A GM19193 hg19","2/2000","0.9632521670049255524","0.9998488441915652","0","0","0.3823610844887441","0.01431561651452046766","RGS2;SESN2"
"NFYB","NFYB GM12878 hg19","2/2000","0.9632521670049255524","0.9998488441915652","0","0","0.3823610844887441","0.01431561651452046766","RGS2;P4HA1"
"ELK1","ELK1 GM12878 hg19","2/2000","0.9632521670049255524","0.9998488441915652","0","0","0.3823610844887441","0.01431561651452046766","CSRNP1;SESN2"
"WHSC1","WHSC1 K562 hg19","2/2000","0.9632521670049255524","0.9998488441915652","0","0","0.3823610844887441","0.01431561651452046766","RGS2;NR1D1"
"POLR2AphosphoS2","POLR2AphosphoS2 HepG2 hg19","2/2000","0.9632521670049255524","0.9998488441915652","0","0","0.3823610844887441","0.01431561651452046766","RGS2;MX2"
"MAX","MAX endothelial cell of umbilical vein hg19","2/2000","0.9632521670049255524","0.9998488441915652","0","0","0.3823610844887441","0.01431561651452046766","HMOX1;NR1D1"
"EZH2","EZH2 T-cell acute lymphoblastic leukemia hg19","2/2000","0.9632521670049255524","0.9998488441915652","0","0","0.3823610844887441","0.01431561651452046766","P4HA1;PLOD2"
"TAL1","TAL1 K562 hg19","2/2000","0.9632521670049255524","0.9998488441915652","0","0","0.3823610844887441","0.01431561651452046766","RGS2;SESN2"
"SIN3A","SIN3A CH12.LX mm9","2/2000","0.9632521670049255524","0.9998488441915652","0","0","0.3823610844887441","0.01431561651452046766","MX2;CHAC1"
"TBP","TBP H1-hESC hg19","2/2000","0.9632521670049255524","0.9998488441915652","0","0","0.3823610844887441","0.01431561651452046766","PER1;RGS2"
"GABPA","GABPA CH12.LX mm9","2/2000","0.9632521670049255524","0.9998488441915652","0","0","0.3823610844887441","0.01431561651452046766","SESN2;NR1D1"
"MYC","MYC GM12878 hg19","2/2000","0.9632521670049255524","0.9998488441915652","0","0","0.3823610844887441","0.01431561651452046766","P4HA1;NR1D1"
"GTF2F1","GTF2F1 HeLa-S3 hg19","2/2000","0.9632521670049255524","0.9998488441915652","0","0","0.3823610844887441","0.01431561651452046766","P4HA1;RHOV"
"BHLHE40","BHLHE40 K562 hg19","2/2000","0.9632521670049255524","0.9998488441915652","0","0","0.3823610844887441","0.01431561651452046766","DDIT3;CHAC1"
"HCFC1","HCFC1 K562 hg19","2/2000","0.9632521670049255524","0.9998488441915652","0","0","0.3823610844887441","0.01431561651452046766","PER1;DDIT3"
"HCFC1","HCFC1 CH12.LX mm9","2/2000","0.9632521670049255524","0.9998488441915652","0","0","0.3823610844887441","0.01431561651452046766","DDIT3;HMOX1"
"MAFF","MAFF K562 hg19","2/2000","0.9632521670049255524","0.9998488441915652","0","0","0.3823610844887441","0.01431561651452046766","RGS2;MAFF"
"MXI1","MXI1 SK-N-SH hg19","2/2000","0.9632521670049255524","0.9998488441915652","0","0","0.3823610844887441","0.01431561651452046766","RGS2;CDKN2B"
"CHD7","CHD7 K562 hg19","2/2000","0.9632521670049255524","0.9998488441915652","0","0","0.3823610844887441","0.01431561651452046766","RGS2;P4HA1"
"RBBP5","RBBP5 H1-hESC hg19","2/2000","0.9632521670049255524","0.9998488441915652","0","0","0.3823610844887441","0.01431561651452046766","SLC19A3;HMOX1"
"MAX","MAX CH12.LX mm9","2/2000","0.9632521670049255524","0.9998488441915652","0","0","0.3823610844887441","0.01431561651452046766","MAFF;ABCG1"
"CBX2","CBX2 K562 hg19","2/2000","0.9632521670049255524","0.9998488441915652","0","0","0.3823610844887441","0.01431561651452046766","NLRC5;ABCG1"
"USF2","USF2 HeLa-S3 hg19","2/2000","0.9632521670049255524","0.9998488441915652","0","0","0.3823610844887441","0.01431561651452046766","HMOX1;GBP2"
"CHD2","CHD2 H1-hESC hg19","2/2000","0.9632521670049255524","0.9998488441915652","0","0","0.3823610844887441","0.01431561651452046766","MAFF;NR1D1"
"CTCF","CTCF H54 hg19","2/2000","0.9632521670049255524","0.9998488441915652","0","0","0.3823610844887441","0.01431561651452046766","P4HA1;SGK1"
"TCF7L2","TCF7L2 Panc1 hg19","2/2000","0.9632521670049255524","0.9998488441915652","0","0","0.3823610844887441","0.01431561651452046766","GPX3;DDIT3"
"SIN3A","SIN3A GM12878 hg19","2/2000","0.9632521670049255524","0.9998488441915652","0","0","0.3823610844887441","0.01431561651452046766","CSRNP1;ESAM"
"POLR2A","POLR2A lung mm9","2/2000","0.9632521670049255524","0.9998488441915652","0","0","0.3823610844887441","0.01431561651452046766","THEMIS2;RHOV"
"CTCF","CTCF CD14-positive monocyte hg19","2/2000","0.9632521670049255524","0.9998488441915652","0","0","0.3823610844887441","0.01431561651452046766","SESN2;CHAC1"
"HCFC1","HCFC1 HeLa-S3 hg19","2/2000","0.9632521670049255524","0.9998488441915652","0","0","0.3823610844887441","0.01431561651452046766","SESN2;NDRG1"
"ZNF143","ZNF143 H1-hESC hg19","2/2000","0.9632521670049255524","0.9998488441915652","0","0","0.3823610844887441","0.01431561651452046766","HMOX1;RHOV"
"SMC3","SMC3 GM12878 hg19","2/2000","0.9632521670049255524","0.9998488441915652","0","0","0.3823610844887441","0.01431561651452046766","P4HA1;ESAM"
"E2F4","E2F4 MCF 10A hg19","2/2000","0.9632521670049255524","0.9998488441915652","0","0","0.3823610844887441","0.01431561651452046766","NELL2;NR1D1"
"NRF1","NRF1 H1-hESC hg19","2/2000","0.9632521670049255524","0.9998488441915652","0","0","0.3823610844887441","0.01431561651452046766","PTPRR;NR1D1"
"eGFP-GATA2","eGFP-GATA2 K562 hg19","2/2000","0.9632521670049255524","0.9998488441915652","0","0","0.3823610844887441","0.01431561651452046766","P4HA1;GBP2"
"EZH2","EZH2 HepG2 hg19","2/2000","0.9632521670049255524","0.9998488441915652","0","0","0.3823610844887441","0.01431561651452046766","RGS2;CDKN2B"
"MAZ","MAZ HeLa-S3 hg19","2/2000","0.9632521670049255524","0.9998488441915652","0","0","0.3823610844887441","0.01431561651452046766","PER1;SLC2A3"
"MAZ","MAZ CH12.LX mm9","2/2000","0.9632521670049255524","0.9998488441915652","0","0","0.3823610844887441","0.01431561651452046766","MX2;GBP2"
"MYC","MYC HepG2 hg19","2/2000","0.9632521670049255524","0.9998488441915652","0","0","0.3823610844887441","0.01431561651452046766","PER1;HMOX1"
"HCFC1","HCFC1 MEL cell line mm9","2/2000","0.9632521670049255524","0.9998488441915652","0","0","0.3823610844887441","0.01431561651452046766","TNFAIP3;SLC2A3"
"CHD1","CHD1 K562 hg19","2/2000","0.9632521670049255524","0.9998488441915652","0","0","0.3823610844887441","0.01431561651452046766","TP53INP2;RHOV"
"HDAC6","HDAC6 K562 hg19","2/2000","0.9632521670049255524","0.9998488441915652","0","0","0.3823610844887441","0.01431561651452046766","RGS2;NDRG1"
"NELFE","NELFE MEL cell line mm9","2/2000","0.9632521670049255524","0.9998488441915652","0","0","0.3823610844887441","0.01431561651452046766","MAFF;HMOX1"
"STAT1","STAT1 GM12878 hg19","2/2000","0.9632521670049255524","0.9998488441915652","0","0","0.3823610844887441","0.01431561651452046766","DDIT3;MAFF"
"RAD21","RAD21 IMR-90 hg19","2/2000","0.9632521670049255524","0.9998488441915652","0","0","0.3823610844887441","0.01431561651452046766","SESN2;TNFAIP3"
"CTCF","CTCF pancreas hg19","2/2000","0.9632521670049255524","0.9998488441915652","0","0","0.3823610844887441","0.01431561651452046766","CDKN2B;HMOX1"
"CHD1","CHD1 GM12878 hg19","2/2000","0.9632521670049255524","0.9998488441915652","0","0","0.3823610844887441","0.01431561651452046766","TP53INP2;RHOV"
"RELA","RELA GM15510 hg19","2/2000","0.9632521670049255524","0.9998488441915652","0","0","0.3823610844887441","0.01431561651452046766","MX2;TNFAIP3"
"RCOR1","RCOR1 HepG2 hg19","2/2000","0.9632521670049255524","0.9998488441915652","0","0","0.3823610844887441","0.01431561651452046766","MAFF;SLC19A3"
"MAFK","MAFK HeLa-S3 hg19","2/2000","0.9632521670049255524","0.9998488441915652","0","0","0.3823610844887441","0.01431561651452046766","MAFF;GBP2"
"ZNF143","ZNF143 GM12878 hg19","2/2000","0.9632521670049255524","0.9998488441915652","0","0","0.3823610844887441","0.01431561651452046766","PER1;GBP2"
"RCOR1","RCOR1 HeLa-S3 hg19","2/2000","0.9632521670049255524","0.9998488441915652","0","0","0.3823610844887441","0.01431561651452046766","PER1;MAFF"
"CTCF","CTCF spleen mm9","2/2000","0.9632521670049255524","0.9998488441915652","0","0","0.3823610844887441","0.01431561651452046766","P4HA1;NDRG1"
"MAX","MAX C2C12 mm9","2/2000","0.9632521670049255524","0.9998488441915652","0","0","0.3823610844887441","0.01431561651452046766","PER1;HMOX1"
"SMC3","SMC3 K562 hg19","2/2000","0.9632521670049255524","0.9998488441915652","0","0","0.3823610844887441","0.01431561651452046766","CSRNP1;RHOV"
"TCF7L2","TCF7L2 MCF-7 hg19","2/2000","0.9632521670049255524","0.9998488441915652","0","0","0.3823610844887441","0.01431561651452046766","PLOD2;NR1D1"
"MAX","MAX GM12878 hg19","2/2000","0.9632521670049255524","0.9998488441915652","0","0","0.3823610844887441","0.01431561651452046766","DDIT3;HMOX1"
"POLR2A","POLR2A NB4 hg19","2/2000","0.9632521670049255524","0.9998488441915652","0","0","0.3823610844887441","0.01431561651452046766","PER1;SESN2"
"KAT2A","KAT2A CH12.LX mm9","2/2000","0.9632521670049255524","0.9998488441915652","0","0","0.3823610844887441","0.01431561651452046766","TNFAIP3;HMOX1"
"POLR2A","POLR2A ECC-1 hg19","1/1329","0.9657276364412984426","0.9998488441915652","0","0","0.2921529869477912","0.01018837801885925064","NR1D1"
"E2F6","E2F6 K562 hg19","3/2645","0.9658733763352451707","0.9998488441915652","0","0","0.4272701839844650","0.01483590338791475685","PER1;DDIT3;NDRG1"
"TAF1","TAF1 ECC-1 hg19","1/1346","0.9672255332563052255","0.9998488441915652","0","0","0.2881970260223048","0.00960375690650060003","RGS2"
"POLR2AphosphoS5","POLR2AphosphoS5 H1-hESC hg19","1/1347","0.9673116188036455787","0.9998488441915652","0","0","0.2879674343734522","0.00957047739261958873","HMOX1"
"TRIM28","TRIM28 K562 hg19","2/2061","0.9679956660309575467","0.9998488441915652","0","0","0.3697725605282466","0.01202783943799702084","P4HA1;TNFAIP3"
"CBX3","CBX3 K562 hg19","3/2682","0.9683977089108983805","0.9998488441915652","0","0","0.4204683772335557","0.01350225703015196961","RGS2;P4HA1;SESN2"
"SIX5","SIX5 K562 hg19","2/2086","0.9697682805377756399","0.9998488441915652","0","0","0.3648262343284191","0.01119948027431287227","SESN2;NR1D1"
"MAX","MAX K562 hg19","5/3845","0.9713086624004115821","0.9998488441915652","0","0","0.4767696496212121","0.01387923185695258757","PER1;DDIT3;BHLHE40;NR1D1;ABCG1"
"POLR2A","POLR2A MEL cell line mm9","7/4890","0.9721371359407739998","0.9998488441915652","0","0","0.5143013174960748","0.01453333138067832223","RGS2;THEMIS2;DDIT3;SESN2;MAFF;NR1D1;NDRG1"
"CREB1","CREB1 HepG2 hg19","1/1423","0.9732449716983907484","0.9998488441915652","0","0","0.2714633145804032","0.00736193823263219665","DDIT3"
"POLR2AphosphoS5","POLR2AphosphoS5 PFSK-1 hg19","1/1427","0.9735261395005350149","0.9998488441915652","0","0","0.2706434081346424","0.00726152596730126731","CDKN2B"
"ETS1","ETS1 A549 hg19","1/1449","0.9750215837688651632","0.9998488441915652","0","0","0.2662148941068140","0.00673408438473949763","NR1D1"
"POLR2AphosphoS5","POLR2AphosphoS5 HL-60 hg19","1/1459","0.9756736651688695527","0.9998488441915652","0","0","0.2642461133973480","0.00650761755676918484","RGS2"
"SP4","SP4 H1-hESC hg19","1/1478","0.9768669952501035647","0.9998488441915652","0","0","0.2605788761002031","0.00609878920443225007","DDIT3"
"BCLAF1","BCLAF1 GM12878 hg19","1/1490","0.9775909246174971923","0.9998488441915652","0","0","0.2583109469442579","0.00585435256917885873","MX2"
"NFIC","NFIC HepG2 hg19","1/1493","0.9777684104083431693","0.9998488441915652","0","0","0.2577496648793566","0.00579484038646414096","NPC1L1"
"ZBTB33","ZBTB33 GM12878 hg19","1/1493","0.9777684104083431693","0.9998488441915652","0","0","0.2577496648793566","0.00579484038646414096","MAFF"
"CTCF","CTCF G1E mm9","2/2246","0.9791006944740662243","0.9998488441915652","0","0","0.3357795729510373","0.00709192894802900160","BHLHE40;TNFAIP3"
"IRF1","IRF1 K562 hg19","6/4551","0.9795623429024186146","0.9998488441915652","0","0","0.4729756696599893","0.00976666187426841574","CSRNP1;RGS2;P4HA1;MX2;SESN2;SLC2A3"
"NFATC1","NFATC1 GM12878 hg19","1/1532","0.9799541136984032397","0.9998488441915652","0","0","0.2506531678641411","0.00507560913564208526","MX2"
"TAF1","TAF1 K562 hg19","1/1543","0.9805315526615387967","0.9998488441915652","0","0","0.2487164937310852","0.00488987910658011862","PER1"
"SPI1","SPI1 K562 hg19","1/1543","0.9805315526615387967","0.9998488441915652","0","0","0.2487164937310852","0.00488987910658011862","ABCG1"
"POLR2AphosphoS5","POLR2AphosphoS5 HCT116 hg19","1/1588","0.9827287779912757815","0.9998488441915652","0","0","0.2410733039277463","0.00420000548105996848","HMOX1"
"YY1","YY1 H1-hESC hg19","1/1595","0.9830479768502103921","0.9998488441915652","0","0","0.2399231493099122","0.00410205088799839995","P4HA1"
"EGR1","EGR1 ECC-1 hg19","2/2345","0.9834314727275900170","0.9998488441915652","0","0","0.3197936814958092","0.00534289553782922935","PCLO;BHLHE40"
"MAX","MAX HeLa-S3 hg19","4/3575","0.9835037711364349455","0.9998488441915652","0","0","0.4077289274712966","0.00678208418849957258","PER1;RGS2;DDIT3;NDRG1"
"SRF","SRF MCF-7 hg19","1/1640","0.9849662590589189914","0.9998488441915652","0","0","0.2327638804148871","0.00352588239186291163","GBP2"
"ATF2","ATF2 GM12878 hg19","1/1641","0.9850063754418567630","0.9998488441915652","0","0","0.2326092479674797","0.00351406635963046098","MAFF"
"FOXM1","FOXM1 GM12878 hg19","1/1648","0.9852842680809792419","0.9998488441915652","0","0","0.2315320785266140","0.00343248214463119389","MX2"
"SETDB1","SETDB1 K562 hg19","3/3067","0.9861852782273096141","0.9998488441915652","0","0","0.3594406289022590","0.00500019047878669676","RGS2;TP53INP2;NR1D1"
"POU2F2","POU2F2 GM12891 hg19","1/1684","0.9866356227845147764","0.9998488441915652","0","0","0.2261338878985938","0.00304251482660945153","RGS2"
"BCL3","BCL3 A549 hg19","1/1712","0.9876018920011712110","0.9998488441915652","0","0","0.2220923436586791","0.00277073652099952107","NDRG1"
"MYC","MYC K562 hg19","10/6800","0.9876278663706712369","0.9998488441915652","0","0","0.4969978475133114","0.00618727811455692823","PER1;P4HA1;DDIT3;SESN2;BHLHE40;TNFAIP3;SLC2A3;ESAM;CHAC1;NR1D1"
"CTCF","CTCF G1E-ER4 mm9","2/2540","0.9895976820227307957","0.9998488441915652","0","0","0.2919537917274450","0.00305290248062543889","P4HA1;TNFAIP3"
"YY1","YY1 ECC-1 hg19","1/1791","0.9899739791747873552","0.9998488441915652","0","0","0.2113710428305400","0.00212990564817448031","GPX3"
"POLR2A","POLR2A K562 hg19","10/6920","0.9901055068370040457","0.9998488441915652","0","0","0.4839140598909050","0.00481192961256244646","CSRNP1;PER1;RGS2;P4HA1;DDIT3;SESN2;MAFF;TNFAIP3;NR1D1;NDRG1"
"POLR2AphosphoS5","POLR2AphosphoS5 G1E-ER4 mm9","1/1944","0.9933719875792039744","0.9998488441915652","0","0","0.1930862926745582","0.00128403837363011875","DDIT3"
"E2F6","E2F6 H1-hESC hg19","1/1994","0.9942148008758542321","0.9998488441915652","0","0","0.1877195183140994","0.00108914830936024712","NDRG1"
"MYC","MYC MEL cell line mm9","1/2000","0.9943085919417847807","0.9998488441915652","0","0","0.1870935467733867","0.00106786744521145311","PER1"
"MXI1","MXI1 MEL cell line mm9","1/2000","0.9943085919417847807","0.9998488441915652","0","0","0.1870935467733867","0.00106786744521145311","CHAC1"
"ELK4","ELK4 HEK293 hg19","1/2000","0.9943085919417847807","0.9998488441915652","0","0","0.1870935467733867","0.00106786744521145311","PER1"
"NFYA","NFYA HeLa-S3 hg19","1/2000","0.9943085919417847807","0.9998488441915652","0","0","0.1870935467733867","0.00106786744521145311","NR1D1"
"EP300","EP300 osteoblast hg19","1/2000","0.9943085919417847807","0.9998488441915652","0","0","0.1870935467733867","0.00106786744521145311","CHAC1"
"MYC","MYC A549 hg19","1/2000","0.9943085919417847807","0.9998488441915652","0","0","0.1870935467733867","0.00106786744521145311","NDRG1"
"ZNF143","ZNF143 HeLa-S3 hg19","1/2000","0.9943085919417847807","0.9998488441915652","0","0","0.1870935467733867","0.00106786744521145311","TP53INP2"
"STAT3","STAT3 GM12878 hg19","1/2000","0.9943085919417847807","0.9998488441915652","0","0","0.1870935467733867","0.00106786744521145311","MX2"
"RFX5","RFX5 HeLa-S3 hg19","1/2000","0.9943085919417847807","0.9998488441915652","0","0","0.1870935467733867","0.00106786744521145311","SLC2A3"
"POLR2A","POLR2A HCT116 hg19","1/2000","0.9943085919417847807","0.9998488441915652","0","0","0.1870935467733867","0.00106786744521145311","DDIT3"
"NFYB","NFYB K562 hg19","1/2000","0.9943085919417847807","0.9998488441915652","0","0","0.1870935467733867","0.00106786744521145311","RGS2"
"HCFC1","HCFC1 ES-E14 mm9","1/2000","0.9943085919417847807","0.9998488441915652","0","0","0.1870935467733867","0.00106786744521145311","MAFF"
"eGFP-HDAC8","eGFP-HDAC8 K562 hg19","1/2000","0.9943085919417847807","0.9998488441915652","0","0","0.1870935467733867","0.00106786744521145311","P4HA1"
"ZNF384","ZNF384 GM12878 hg19","1/2000","0.9943085919417847807","0.9998488441915652","0","0","0.1870935467733867","0.00106786744521145311","SLC2A3"
"RBBP5","RBBP5 K562 hg19","1/2000","0.9943085919417847807","0.9998488441915652","0","0","0.1870935467733867","0.00106786744521145311","RGS2"
"POLR2A","POLR2A H54 hg19","1/2000","0.9943085919417847807","0.9998488441915652","0","0","0.1870935467733867","0.00106786744521145311","MX2"
"ZC3H11A","ZC3H11A K562 hg19","1/2000","0.9943085919417847807","0.9998488441915652","0","0","0.1870935467733867","0.00106786744521145311","RHOV"
"POLR2AphosphoS2","POLR2AphosphoS2 HeLa-S3 hg19","1/2000","0.9943085919417847807","0.9998488441915652","0","0","0.1870935467733867","0.00106786744521145311","PER1"
"POLR2A","POLR2A GM18526 hg19","1/2000","0.9943085919417847807","0.9998488441915652","0","0","0.1870935467733867","0.00106786744521145311","SESN2"
"YY1","YY1 GM12878 hg19","1/2000","0.9943085919417847807","0.9998488441915652","0","0","0.1870935467733867","0.00106786744521145311","DDIT3"
"MXI1","MXI1 IMR-90 hg19","1/2000","0.9943085919417847807","0.9998488441915652","0","0","0.1870935467733867","0.00106786744521145311","HMOX1"
"PHF8","PHF8 H1-hESC hg19","1/2000","0.9943085919417847807","0.9998488441915652","0","0","0.1870935467733867","0.00106786744521145311","SGK1"
"SIRT6","SIRT6 H1-hESC hg19","1/2000","0.9943085919417847807","0.9998488441915652","0","0","0.1870935467733867","0.00106786744521145311","RGS2"
"SMC3","SMC3 CH12.LX mm9","1/2000","0.9943085919417847807","0.9998488441915652","0","0","0.1870935467733867","0.00106786744521145311","TNFAIP3"
"POLR2A","POLR2A HGPS cell hg19","1/2000","0.9943085919417847807","0.9998488441915652","0","0","0.1870935467733867","0.00106786744521145311","TP53INP2"
"MAZ","MAZ K562 hg19","1/2000","0.9943085919417847807","0.9998488441915652","0","0","0.1870935467733867","0.00106786744521145311","DDIT3"
"BRCA1","BRCA1 GM12878 hg19","1/2000","0.9943085919417847807","0.9998488441915652","0","0","0.1870935467733867","0.00106786744521145311","TP53INP2"
"RNF2","RNF2 K562 hg19","1/2000","0.9943085919417847807","0.9998488441915652","0","0","0.1870935467733867","0.00106786744521145311","P4HA1"
"POLR2A","POLR2A myocyte mm9","1/2000","0.9943085919417847807","0.9998488441915652","0","0","0.1870935467733867","0.00106786744521145311","TNFAIP3"
"MXI1","MXI1 HeLa-S3 hg19","1/2000","0.9943085919417847807","0.9998488441915652","0","0","0.1870935467733867","0.00106786744521145311","ABCG1"
"MYC","MYC CH12.LX mm9","1/2000","0.9943085919417847807","0.9998488441915652","0","0","0.1870935467733867","0.00106786744521145311","PER1"
"E2F4","E2F4 myocyte mm9","1/2000","0.9943085919417847807","0.9998488441915652","0","0","0.1870935467733867","0.00106786744521145311","HMOX1"
"KAT2A","KAT2A MEL cell line mm9","1/2000","0.9943085919417847807","0.9998488441915652","0","0","0.1870935467733867","0.00106786744521145311","SESN2"
"CHD2","CHD2 K562 hg19","1/2000","0.9943085919417847807","0.9998488441915652","0","0","0.1870935467733867","0.00106786744521145311","PER1"
"MXI1","MXI1 H1-hESC hg19","1/2000","0.9943085919417847807","0.9998488441915652","0","0","0.1870935467733867","0.00106786744521145311","RGS2"
"E2F1","E2F1 HeLa-S3 hg19","1/2000","0.9943085919417847807","0.9998488441915652","0","0","0.1870935467733867","0.00106786744521145311","CHAC1"
"SMARCB1","SMARCB1 HeLa-S3 hg19","1/2000","0.9943085919417847807","0.9998488441915652","0","0","0.1870935467733867","0.00106786744521145311","RGS2"
"HA-E2F1","HA-E2F1 HeLa-S3 hg19","1/2000","0.9943085919417847807","0.9998488441915652","0","0","0.1870935467733867","0.00106786744521145311","HMOX1"
"ZNF263","ZNF263 HEK293 hg19","1/2000","0.9943085919417847807","0.9998488441915652","0","0","0.1870935467733867","0.00106786744521145311","CEACAM7"
"HMGN3","HMGN3 K562 hg19","1/2000","0.9943085919417847807","0.9998488441915652","0","0","0.1870935467733867","0.00106786744521145311","PER1"
"KDM4A","KDM4A H1-hESC hg19","1/2000","0.9943085919417847807","0.9998488441915652","0","0","0.1870935467733867","0.00106786744521145311","CSRNP1"
"POLR2A","POLR2A A549 hg19","3/3474","0.9945305959468440093","0.9998488441915652","0","0","0.3096463868325129","0.00169822960019085935","CSRNP1;TP53INP2;SLC19A3"
"ELF1","ELF1 HepG2 hg19","1/2019","0.9945958724993824163","0.9998488441915652","0","0","0.1851358605880410","0.00100321098373801687","SESN2"
"POLR2A","POLR2A H1-hESC hg19","2/2809","0.9946177905557900267","0.9998488441915652","0","0","0.2598973690394076","0.00140260001272694704","PER1;TNFAIP3"
"ELF1","ELF1 SK-N-SH hg19","1/2030","0.9947556452799027893","0.9998488441915652","0","0","0.1840192212912765","0.00096760151807906219","DDIT3"
"SUZ12","SUZ12 H1-hESC hg19","2/2827","0.9948534033103307861","0.9998488441915652","0","0","0.2579702504236490","0.00133109709250867005","NTRK2;ESAM"
"POLR2A","POLR2A MCF-7 hg19","4/4137","0.9951121623869235711","0.9998488441915652","0","0","0.3401994784525634","0.00166691694321841164","RGS2;CDKN2B;TP53INP2;REM2"
"MAX","MAX HCT116 hg19","1/2066","0.9952468401108481855","0.9998488441915652","0","0","0.1804479418886198","0.00085974278944131585","PER1"
"FLI1","FLI1 megakaryocyte mm9","1/2119","0.9958889536130332010","0.9998488441915652","0","0","0.1754111583254643","0.00072260976962398795","DDIT3"
"SP2","SP2 K562 hg19","1/2237","0.9970285346026620532","0.9998488441915652","0","0","0.1650547853309481","0.00049118471441921485","DDIT3"
"ZBTB33","ZBTB33 A549 hg19","1/2245","0.9970934345305719759","0.9998488441915652","0","0","0.1643920825906120","0.00047851210144853642","P4HA1"
"MYC","MYC HeLa-S3 hg19","2/3080","0.9972801772009032284","0.9998488441915652","0","0","0.2332683560753736","0.00063531295466505043","NR1D1;NDRG1"
"POLR2AphosphoS2","POLR2AphosphoS2 K562 hg19","3/3782","0.9973750095989896147","0.9998488441915652","0","0","0.2790938481539860","0.00073358191691759325","PER1;SESN2;CHAC1"
"GATA1","GATA1 G1E-ER4 mm9","3/3942","0.9982262553948714201","0.9998488441915652","0","0","0.2651081161627868","0.00047065162221283252","THEMIS2;DDIT3;SLC2A3"
"EP300","EP300 K562 hg19","4/4840","0.9990719366676288349","0.9998488441915652","0","0","0.2778237294366326","0.00025795773523397864","P4HA1;DDIT3;MAFF;CHAC1"
"YY1","YY1 SK-N-SH hg19","1/2871","0.9994982334409343583","0.9998488441915652","0","0","0.1239909988385598","0.00006223015065258410","SESN2"
"EGR1","EGR1 GM12878 hg19","1/2910","0.9995510254540590500","0.9998488441915652","0","0","0.1220493869600092","0.00005480937302032835","ESAM"
"POLR2A","POLR2A HeLa-S3 hg19","2/4163","0.9998488441915651670","0.9998488441915652","0","0","0.1614791861612644","0.00002441036186009433","TP53INP2;NDRG1"
