"Query Name","Rank","TF","Score","Library","Overlapping_Genes"
"DEG_MVL_CRC29","1","ZNF474","4.66700000000000","ARCHS4 Coexpression,5;Enrichr Queries,1;GTEx Coexpression,8","ABCA1,CFAP73,PLPPR3,GPR68,LRRIQ1,DNAH6,FBXO15,FOXJ1,TFPI,DNALI1,CTSS,CFAP221,PXDN,HAS3,EFHC1,NEK10,CDHR4,TSNAXIP1,KCNN3,ZMYND10,CFAP65,FILIP1L,ZMYND12,MDH1B"
"DEG_MVL_CRC29","2","FOXJ1","7.66700000000000","ARCHS4 Coexpression,7;Enrichr Queries,15;GTEx Coexpression,1","PLPPR3,DNAH6,DNALI1,SOX2,DZANK1,NNAT,CCDC30,CYP1B1,TSNAXIP1,CFAP65,MDH1B,MYH7B,TTC34,CFAP73,LRRIQ1,FBXO15,SYT13,ANK1,RGMA,GPR162,CFAP221,TUBB2B,PXDN,NEK10,EFHC1,CDHR4,ZMYND10,ZMYND12"
"DEG_MVL_CRC29","3","CCDC17","8.00000000000000","ARCHS4 Coexpression,4;GTEx Coexpression,12","TTC34,CFAP73,DNAH6,LRRIQ1,FOXJ1,DNALI1,GPR162,CFAP221,EFHC1,NEK10,CDHR4,TSNAXIP1,ZMYND10,CFAP65,REM2,ARMH1,MDH1B"
"DEG_MVL_CRC29","4","HIC1","12.33000000000000","ARCHS4 Coexpression,21;Enrichr Queries,3;GTEx Coexpression,13","COL16A1,CAVIN2,PLPPR3,ADCY4,IER5L,ANO9,SSC5D,PLAT,LRRC32,PLXDC1,ANK1,VASN,ADAM19,RCN3,EFEMP2,COL3A1,TMEM204,PXDN,COL5A2,CYP1B1,JCAD"
"DEG_MVL_CRC29","5","OSR1","13.50000000000000","ARCHS4 Coexpression,12;GTEx Coexpression,15","COL16A1,COL13A1,PRUNE2,IER5L,SSC5D,PCDHB10,VASN,SH3RF3,RCN3,EFEMP2,COL3A1,HAUS7,PXDN,COL5A2,HOXA2,FILIP1L,JCAD"
"DEG_MVL_CRC29","6","FOXC2","19.00000000000000","ARCHS4 Coexpression,13;Enrichr Queries,26;GTEx Coexpression,18","COL16A1,COL13A1,CAVIN2,AMIGO2,IER5L,PLAT,SSC5D,LRRC32,TFPI,PCDHB10,VASN,SH3RF3,ADAM19,RCN3,SPOCD1,COL3A1,EFEMP2,HAUS7,PXDN,COL5A2,CYP1B1,FILIP1L,JCAD"
"DEG_MVL_CRC29","7","AEBP1","22.50000000000000","ARCHS4 Coexpression,22;GTEx Coexpression,23","COL16A1,IER5L,SSC5D,LRRC32,PCDHB10,VASN,SH3RF3,RCN3,EFEMP2,COL3A1,HAUS7,P4HA3,PXDN,COL5A2,FILIP1L,JCAD"
"DEG_MVL_CRC29","8","FOXS1","34.00000000000000","ARCHS4 Coexpression,45;Enrichr Queries,8;GTEx Coexpression,49","COL16A1,PLPPR3,CAVIN2,AMIGO2,IER5L,PLAT,SSC5D,LRRC32,PCDHB10,PLXDC1,VASN,SH3RF3,ADAM19,RCN3,COL3A1,EFEMP2,HAUS7,PXDN,COL5A2,CYP1B1,FILIP1L"
"DEG_MVL_CRC29","9","SOX7","44.00000000000000","ARCHS4 Coexpression,50;Enrichr Queries,65;GTEx Coexpression,17","ABCA1,S100A2,PLPPR3,CAVIN2,SPNS2,ADCY4,SLC52A1,ALOX12,A2ML1,PLAT,PKD1L2,LRRC32,TFPI,COL3A1,NUAK2,FABP4,HECW2,PXDN,CYP1B1,CARD14,OR7D2,JCAD"
"DEG_MVL_CRC29","10","MEOX1","46.33000000000000","ARCHS4 Coexpression,67;Enrichr Queries,42;GTEx Coexpression,30","CAVIN2,KCNIP2,ADCY4,PKD1L2,PLAT,LRRC32,TFPI,ADAM19,CALB2,INPP4B,COL3A1,FABP4,ABLIM3,PXDN,COL5A2,CYP1B1,JCAD"
"DEG_MVL_CRC29","11","BCL6B","47.33000000000000","ARCHS4 Coexpression,69;Enrichr Queries,57;GTEx Coexpression,16","CAVIN2,PLPPR3,SPNS2,ADCY4,LRRC32,TFPI,RCN3,FAM167B,COL3A1,ABLIM3,TMEM204,HECW2,PXDN,COL5A2,CYP1B1,JCAD"
"DEG_MVL_CRC29","12","PRRX2","53.33000000000000","ARCHS4 Coexpression,19;Enrichr Queries,136;GTEx Coexpression,5","COL16A1,COL13A1,IER5L,SSC5D,EMP3,VASN,NAALADL2,SH3RF3,RCN3,EFEMP2,COL3A1,HAUS7,P4HA3,PXDN,COL5A2,CYP1B1,JCAD"
"DEG_MVL_CRC29","13","PRRX1","58.00000000000000","ARCHS4 Coexpression,9;Enrichr Queries,114;GTEx Coexpression,51","ABCA1,COL16A1,PLAT,SSC5D,EMP3,LRRC32,VASN,NAALADL2,ADAM19,RCN3,INPP4B,EFEMP2,COL3A1,PXDN,COL5A2,CYP1B1,FILIP1L,JCAD"
"DEG_MVL_CRC29","14","HNF4G","60.00000000000000","ARCHS4 Coexpression,60;ENCODE ChIP-seq,12;Enrichr Queries,72;ReMap ChIP-seq,122;GTEx Coexpression,34","PNMT,NRSN2,CDKN1B,MAOB,PLPPR3,SLC5A1,TMEM92,CTSS,FTCD,MUC2,GNG4,KYNU,PCK1,HOXA4,SLC34A3,ABCA1,TLE4,BATF2,LAG3,STPG3,PRRT2,REG4,SERPINF2,LMNTD2,ANO9,SLC52A1,B3GALT5,SYN3,VASN,SPSB2,IQCN,INPP4B,COL3A1,SMOC1,PXDN,COL5A2,LY6G5C,NPTXR"
"DEG_MVL_CRC29","15","TWIST2","63.50000000000000","ARCHS4 Coexpression,14;GTEx Coexpression,113","RCN3,COL3A1,EFEMP2,COL16A1,PXDN,COL5A2,SSC5D,LRRC32,VASN,JCAD"
"DEG_MVL_CRC29","16","ZNF469","66.50000000000000","ARCHS4 Coexpression,27;GTEx Coexpression,106","RCN3,COL3A1,EFEMP2,COL16A1,PXDN,COL5A2,SSC5D,VASN,JCAD"
"DEG_MVL_CRC29","17","MYRFL","67.00000000000000","ARCHS4 Coexpression,105;GTEx Coexpression,29","MUC2,REG4,ANO9,SLC52A1,SLC5A1,B3GALT5,PCK1,TMEM92"
"DEG_MVL_CRC29","18","TCF21","75.25000000000000","Literature ChIP-seq,17;ARCHS4 Coexpression,30;Enrichr Queries,213;GTEx Coexpression,41","COL16A1,PLPPR3,GPR68,DNAH6,PLAT,LRRC32,TFPI,IFIT1,TMEM92,CTSS,EFEMP2,TMEM204,CARNS1,CYP1B1,FILIP1L,SH2D6,TGM4,TLE4,S100A2,CAVIN2,MAMSTR,SSC5D,EMP3,PLXDC1,VASN,ADAM19,SH3RF3,IQCN,COL3A1,HECW2,PXDN,COL5A2,EFHC1,ZNF878,JCAD"
"DEG_MVL_CRC29","19","ERG","85.40000000000001","Literature ChIP-seq,111;ARCHS4 Coexpression,143;Enrichr Queries,39;ReMap ChIP-seq,81;GTEx Coexpression,53","NRSN2,LIN37,PLPPR3,ADCY4,MPL,NOXO1,GPT,PLAT,LRRC32,TFPI,LIN7B,DNALI1,DCST2,EFEMP2,TMEM223,DEPTOR,NUAK2,HAUS7,TMEM204,CARNS1,CYP1B1,FILIP1L,HOXA4,HES7,SLC34A3,ABCA1,STPG3,SPINK2,CAVIN2,OSM,ANO9,SSC5D,B3GALT5,SH3RF3,RCN3,SPSB2,COL3A1,FABP4,PXDN,ZMYND10,ZMYND12,JCAD"
"DEG_MVL_CRC29","20","SOX18","88.00000000000000","ARCHS4 Coexpression,41;Enrichr Queries,159;GTEx Coexpression,64","CAVIN2,PLPPR3,KCNIP2,SPNS2,ADCY4,LRRC32,PLXDC1,COL3A1,ABLIM3,TMEM204,HECW2,PXDN,COL5A2,CYP1B1,JCAD"
"DEG_MVL_CRC29","21","CREB3L1","88.25000000000000","ARCHS4 Coexpression,24;Enrichr Queries,10;ReMap ChIP-seq,21;GTEx Coexpression,298","NRSN2,COL16A1,LIN37,PLPPR3,NOXO1,GPT,PLAT,LIN7B,TMEM92,EFEMP2,TMEM223,CARNS1,CYP1B1,CA9,HES7,SLC34A3,ABCA1,PDIA2,BATF2,STPG3,PRRT2,MAMSTR,LMNTD2,SSC5D,EMP3,MRPS6,ANK1,POU5F1,VASN,ADAM19,RCN3,IQCN,TUBB2B,COL3A1,ZGLP1,PXDN,COL5A2,S100A5,ZMYND10,LY6G5C,JCAD"
"DEG_MVL_CRC29","22","HOXB2","89.00000000000000","ARCHS4 Coexpression,37;Enrichr Queries,12;GTEx Coexpression,218","SPINK2,TAS2R20,PLPPR3,PRUNE2,SSC5D,PLAT,EMP3,LRRC32,TFPI,ADAM19,EFEMP2,COL3A1,CLEC2B,PXDN,COL5A2,RAC2,HOXA2,CYP1B1,ANKRD63,HOXA4"
"DEG_MVL_CRC29","23","SNAI2","92.50000000000000","ARCHS4 Coexpression,40;Enrichr Queries,113;ReMap ChIP-seq,95;GTEx Coexpression,122","COL16A1,NOXO1,GPT,PLAT,TFPI,DCST2,EFEMP2,NUAK2,CARNS1,TNNI2,CYP1B1,HES7,SLC34A3,PDIA2,STPG3,S100A2,CAVIN2,OSM,ANO9,EMP3,SYT8,VASN,RCN3,IQCN,COL3A1,PXDN,COL5A2,S100A5,PLCH2,IL17C,JCAD"
"DEG_MVL_CRC29","24","HOXA5","92.67000000000000","ARCHS4 Coexpression,84;Enrichr Queries,85;GTEx Coexpression,109","ABCA1,IFITM10,SPINK2,CDKN1B,PRRT2,PLPPR3,CAVIN2,ERV3-1,TRAPPC5,RPL36A,PLAT,NAALADL2,SOX2,COL3A1,PXDN,HOXA2,CYP1B1,HOXA4"
"DEG_MVL_CRC29","25","FOXF1","97.33000000000000","ARCHS4 Coexpression,25;Enrichr Queries,230;GTEx Coexpression,37","COL13A1,CAVIN2,PRUNE2,SSC5D,PLAT,LRRC32,VASN,RGMA,SH3RF3,RCN3,COL3A1,EFEMP2,PXDN,COL5A2,HOXA2,CYP1B1,FILIP1L,JCAD,HOXA4"
"DEG_MVL_CRC29","26","ATOH8","103.30000000000000","ARCHS4 Coexpression,10;Enrichr Queries,64;GTEx Coexpression,236","ABCA1,COL16A1,PLPPR3,CAVIN2,IER5L,ADCY4,SSC5D,ISM1,LRRC32,MRPS6,ANK1,VASN,RCN3,TPO,COL3A1,EFEMP2,PAX8,ABLIM3,TMEM204,PXDN,COL5A2,CYP1B1,JCAD"
"DEG_MVL_CRC29","27","HOXB3","106.00000000000000","ARCHS4 Coexpression,219;Enrichr Queries,11;GTEx Coexpression,88","ABCA1,STPG3,BCL11B,CAVIN2,PLPPR3,PRUNE2,SSC5D,TFPI,ANK1,ADAM19,COL3A1,EFEMP2,PXDN,COL5A2,HOXA2,CYP1B1,JCAD,HOXA4"
"DEG_MVL_CRC29","28","ELK3","109.80000000000000","Literature ChIP-seq,26;ARCHS4 Coexpression,118;Enrichr Queries,245;GTEx Coexpression,50","NRSN2,COL13A1,AMIGO2,ADCY4,IER5L,PLAT,ALOX12,LRRC32,EFEMP2,MUC2,ABLIM3,THPO,RAC2,HAS3,CYP1B1,SH2D6,HOXA4,ABCA1,BATF2,LAG3,S100A2,CAVIN2,MAMSTR,SSC5D,EMP3,B3GALT5,PLXDC1,RCN3,ADAM19,SPOCD1,SH3RF3,FAM167B,COL3A1,PXDN,COL5A2,S100A5,JCAD,COX20"
"DEG_MVL_CRC29","29","RARB","110.80000000000000","Literature ChIP-seq,51;ARCHS4 Coexpression,163;Enrichr Queries,104;GTEx Coexpression,125","PLPPR3,PRUNE2,PLAT,PKD1L2,IFIT1,LRRC32,NUDT6,THPO,CARNS1,RAB24,RAC2,CYP1B1,REM2,HOXA4,ABCA1,PKDREJ,PCDHB10,ANK1,ARHGAP24,WDR54,SPOCD1,INPP4B,FAM167B,COL3A1,TUBB2B,ARHGAP30,PAX8,ZGLP1,HECW2,PXDN,COL5A2,NEK10,ANKRD63,JCAD,COX20"
"DEG_MVL_CRC29","30","GLIS2","114.30000000000000","ARCHS4 Coexpression,78;Enrichr Queries,240;GTEx Coexpression,25","COL16A1,PLPPR3,IER5L,SSC5D,LRRC32,PCDHB10,VASN,SH3RF3,RCN3,EFEMP2,COL3A1,HAUS7,PXDN,COL5A2,CYP1B1,FILIP1L"
"DEG_MVL_CRC29","31","GLIS1","114.70000000000000","ARCHS4 Coexpression,20;Enrichr Queries,303;GTEx Coexpression,21","PRRT2,COL16A1,COL13A1,PLPPR3,SSC5D,LRRC32,ANK1,VASN,RCN3,EFEMP2,P4HA3,COL5A2,PXDN,CYP1B1,PLCH2,KCNN3,JCAD"
"DEG_MVL_CRC29","32","MEIS3","114.70000000000000","ARCHS4 Coexpression,80;Enrichr Queries,5;GTEx Coexpression,259","ABCA1,NRSN2,PRRT2,PLPPR3,PRUNE2,SYT13,EMP3,ANK1,RGMA,ADAM19,RCN3,ARHGAP33,TUBB2B,COL3A1,EFEMP2,PXDN,COL5A2,CYP1B1,NPTXR"
"DEG_MVL_CRC29","33","PPARG","115.40000000000001","Literature ChIP-seq,8;ARCHS4 Coexpression,257;Enrichr Queries,152;ReMap ChIP-seq,48;GTEx Coexpression,112","NRSN2,COL16A1,PLPPR3,AMIGO2,ADCY4,MPL,PKD1L2,PLAT,GPT,TFPI,CALB2,ABLIM3,EPSTI1,TNNI1,HOXA2,CYP1B1,PCK1,HOXA4,ABCA1,IFITM10,S100A2,CAVIN2,KCNIP2,RARRES1,NAALADL2,RCN3,SBK3,CFAP221,COL3A1,FABP4,SMOC1,PXDN,S100A5,PLIN2"
"DEG_MVL_CRC29","34","SOX17","123.80000000000000","Literature ChIP-seq,116;ARCHS4 Coexpression,145;Enrichr Queries,83;GTEx Coexpression,151","CDKN1B,ADCY4,IER5L,SLCO5A1,PLAT,LRRC32,TFPI,SOX2,DEPTOR,ABLIM3,TMEM204,RAB24,CYP1B1,CAVIN2,FBXO15,ANK1,POU5F1,CHFR,TMEM154,ADAM19,COL3A1,FABP4,PAX8,SMOC1,PXDN,COL5A2,VAMP1,PLIN2,JCAD"
"DEG_MVL_CRC29","35","NR2F1","127.50000000000000","ARCHS4 Coexpression,168;Enrichr Queries,24;ReMap ChIP-seq,14;GTEx Coexpression,304","NRSN2,LIN37,PLPPR3,IER5L,NOXO1,GPT,PLAT,TFPI,DCST2,SOX2,EFEMP2,HAUS7,TMEM204,CARNS1,TNNI2,CYP1B1,CCDC183,SLC34A3,ABCA1,PDIA2,SLC35A4,IFITM10,STPG3,PRRT2,CAVIN2,OSM,ANO9,SSC5D,COX6B2,SYT8,RGMA,ARHGAP33,GPR162,IQCN,TUBB2B,COL3A1,ZGLP1,PXDN,COL5A2,PLCH2,IL17C"
"DEG_MVL_CRC29","36","HOXB5","132.30000000000001","ARCHS4 Coexpression,54;Enrichr Queries,131;GTEx Coexpression,212","COL13A1,PLPPR3,CAVIN2,ANO9,B3GALT5,VASN,COL3A1,EFEMP2,MUC2,PXDN,COL5A2,NNAT,HOXA2,CYP1B1,SH2D6,JCAD,HOXA4"
"DEG_MVL_CRC29","37","DMRTA1","134.69999999999999","ARCHS4 Coexpression,170;Enrichr Queries,79;GTEx Coexpression,155","ABCA1,PLPPR3,SERPINF2,AMIGO2,RPL36A,GPT,EMP3,FTCD,DNALI1,SOX2,ACTR3C,COL3A1,NUAK2,THPO,SMOC1,PXDN,COL5A2,RAC2,CYP1B1,FILIP1L"
"DEG_MVL_CRC29","38","HEYL","138.00000000000000","ARCHS4 Coexpression,11;Enrichr Queries,272;GTEx Coexpression,131","ABCA1,COL16A1,AMIGO2,PRUNE2,PLAT,SSC5D,LRRC32,PLXDC1,SH3RF3,EFEMP2,COL3A1,ABLIM3,HAUS7,TMEM204,PXDN,COL5A2,TNNI1,CYP1B1,JCAD"
"DEG_MVL_CRC29","39","EBF3","138.69999999999999","ARCHS4 Coexpression,358;Enrichr Queries,27;GTEx Coexpression,31","PRRT2,BCL11B,CAVIN2,PLPPR3,ADCY4,PKD1L2,LRRC32,ANK1,RGMA,ARHGAP33,INPP4B,COL3A1,TUBB2B,FABP4,ABLIM3,SMOC1,PXDN,COL5A2,NNAT,CYP1B1"
"DEG_MVL_CRC29","40","EPAS1","138.80000000000001","ARCHS4 Coexpression,177;Enrichr Queries,133;ReMap ChIP-seq,159;GTEx Coexpression,86","GPR68,PLPPR3,AVIL,ADCY4,PLAT,LRRC32,TFPI,EFEMP2,NUAK2,ABLIM3,TMEM204,RAC2,TNNI2,CYP1B1,CA9,ABCA1,PDIA2,CFAP73,CAVIN2,SPNS2,OSM,SSC5D,SYT8,COL3A1,ZGLP1,HECW2,PXDN,COL5A2,PLIN2,JCAD"
"DEG_MVL_CRC29","41","DMBX1","150.30000000000001","ARCHS4 Coexpression,98;Enrichr Queries,299;GTEx Coexpression,54","ZNF396,COL13A1,BCL11B,PLPPR3,FBXO15,SLC52A1,PKD1L2,COX6B2,DNALI1,SMC1B,RGMA,SOX2,CFAP221,NNAT,PXDN,CYP1B1,TSNAXIP1,SH2D6,OR7D2,MDH1B"
"DEG_MVL_CRC29","42","FOXL1","153.00000000000000","ARCHS4 Coexpression,26;Enrichr Queries,427;GTEx Coexpression,6","COL16A1,COL13A1,PLPPR3,AMIGO2,IER5L,PLAT,ANK1,VASN,NAALADL2,SH3RF3,RCN3,EFEMP2,ABLIM3,HAUS7,P4HA3,SMOC1,PXDN,COL5A2,CYP1B1,FILIP1L,JCAD"
"DEG_MVL_CRC29","43","KDM5B","157.19999999999999","Literature ChIP-seq,154;ARCHS4 Coexpression,400;ENCODE ChIP-seq,83;ReMap ChIP-seq,71;GTEx Coexpression,78","NRSN2,GPT,PLAT,NUDT6,DNALI1,EFEMP2,TMEM223,DEPTOR,RAC2,HOXA2,ZNF564,HOXA4,HES7,SLC34A3,TLE4,SPINK2,STPG3,LAG3,MAMSTR,FBXO15,EMP3,COX6B2,ANK1,SMC1B,PCDHGA9,IQCN,TUBB2B,PAX8,ZNF878,ZMYND10,LIN37,PLPPR3,IER5L,NOXO1,PKD1L2,LIN7B,DCST2,HAUS7,CARNS1,HAS3,CCDC183,PRRT2,BCL11B,PKDREJ,SSC5D,PLXDC1,FAM167B,FAM167A,CLEC2B,ARHGAP30,KIF4B,ZGLP1,NEK10,IL17C,COX20"
"DEG_MVL_CRC29","44","NKX61","158.00000000000000","ARCHS4 Coexpression,127;GTEx Coexpression,189","SOX2,TUBB2B,FAM167A,GNG4,PRUNE2,NNAT,HOXA2,SYT13,HOXA4,RGMA,COX20"
"DEG_MVL_CRC29","45","EBF1","162.80000000000001","ARCHS4 Coexpression,331;ENCODE ChIP-seq,111;Enrichr Queries,48;ReMap ChIP-seq,70;GTEx Coexpression,254","PLPPR3,ERV3-1,ADCY4,IER5L,RPL36A,NOXO1,SLCO5A1,LRRC32,DCST2,EFEMP2,ACTR3C,TMEM223,CARNS1,RAC2,EPSTI1,TNNI2,CYP1B1,CA9,KCNN3,TSNAXIP1,REM2,SLC34A3,ABCA1,BATF2,STPG3,PRRT2,CAVIN2,KCNIP2,TRAPPC5,ANO9,SYT8,ANK1,PLXDC1,ARHGAP24,ADAM19,INPP4B,IQCN,FAM167B,FAM167A,COL3A1,TUBB2B,ARHGAP30,FABP4,PXDN,COL5A2,VAMP1,IL17C,ZMYND12"
"DEG_MVL_CRC29","46","TBX10","165.30000000000001","ARCHS4 Coexpression,62;Enrichr Queries,368;GTEx Coexpression,66","SLC34A3,MYH7B,PLPPR3,REG4,PRUNE2,ANO9,SLC52A1,FOXJ1,GPT,SLC5A1,B3GALT5,DHRS2,MUC2,PXDN,PCK1"
"DEG_MVL_CRC29","47","MKX","165.69999999999999","ARCHS4 Coexpression,28;Enrichr Queries,365;GTEx Coexpression,104","ABCA1,COL16A1,PLPPR3,PRUNE2,SSC5D,PCDHB10,VASN,RCN3,EFEMP2,COL3A1,P4HA3,PXDN,COL5A2,CYP1B1,FILIP1L,JCAD"
"DEG_MVL_CRC29","48","C11ORF95","168.00000000000000","GTEx Coexpression,168","EFEMP2,SSC5D,PCDHB10,CHFR,TMEM154"
"DEG_MVL_CRC29","49","MYOD1","170.19999999999999","ARCHS4 Coexpression,36;ENCODE ChIP-seq,8;Enrichr Queries,323;ReMap ChIP-seq,136;GTEx Coexpression,348","PLPPR3,AVIL,PRUNE2,NOXO1,NTN5,ATP2A1,PLAT,SOX2,THPO,ABLIM3,GNG4,CARNS1,RAB24,TNNI1,TNNI2,ARMH1,SLC34A3,TLE4,STPG3,S100A2,MAMSTR,SSC5D,EMP3,SYT8,ANK1,VASN,ARHGAP24,IQCN,SBK3,SPSB2,TUBB2B,PAX8,PXDN,COL5A2"
"DEG_MVL_CRC29","50","MYOG","170.50000000000000","ARCHS4 Coexpression,226;ENCODE ChIP-seq,98;Enrichr Queries,143;GTEx Coexpression,215","COL16A1,PLPPR3,GPR68,PRUNE2,ATP2A1,EFEMP2,DEPTOR,ABLIM3,NNAT,TNNI1,CCDC30,TNNI2,SLC35A4,CHKB,MAMSTR,PKDREJ,ANK1,MRPS6,PLXDC1,ARHGAP24,CHFR,SH3RF3,COL3A1,TUBB2B,HECW2,PXDN,COL5A2,PLIN2,ZMYND10,COX20"
"DEG_MVL_CRC29","51","GLI2","170.69999999999999","ARCHS4 Coexpression,349;Enrichr Queries,43;GTEx Coexpression,120","ABCA1,COL16A1,SSC5D,ANK1,VASN,POU5F1,RGMA,SOX2,ADAM19,EFEMP2,COL3A1,PXDN,COL5A2,RAC2,CYP1B1"
"DEG_MVL_CRC29","52","MYF6","171.00000000000000","ARCHS4 Coexpression,61;Enrichr Queries,126;GTEx Coexpression,326","MYH7B,PLPPR3,MAMSTR,ATP2A1,ANK1,MYLK4,COL3A1,DEPTOR,FABP4,PXDN,COL5A2,TNNI1,TNNI2,FILIP1L"
"DEG_MVL_CRC29","53","GATA5","173.00000000000000","ARCHS4 Coexpression,166;Enrichr Queries,101;GTEx Coexpression,252","SLC34A3,COL13A1,PLPPR3,REG4,ANO9,SLC5A1,ANK1,TMEM92,SMC1B,SOX2,COL3A1,SMOC1,PXDN,NNAT,CYP1B1,TFF1,CA9,PCK1"
"DEG_MVL_CRC29","54","CDX2","173.40000000000001","Literature ChIP-seq,4;ARCHS4 Coexpression,121;Enrichr Queries,182;ReMap ChIP-seq,183;GTEx Coexpression,377","CDKN1B,COL13A1,PLPPR3,GPT,SLC5A1,SOX2,EFEMP2,MUC2,NUAK2,NNAT,HOXA2,CYP1B1,SH2D6,PCK1,HOXA4,PRRT2,S100A2,BCL11B,KCNIP2,REG4,ANO9,B3GALT5,ANK1,NAALADL2,POU5F1,IQCN,HECW2,PXDN,COL5A2,S100A5,TFF1,COX20"
"DEG_MVL_CRC29","55","ZNF792","174.69999999999999","ARCHS4 Coexpression,104;Enrichr Queries,78;GTEx Coexpression,342","ABCA1,BCL11B,CAVIN2,PLPPR3,AMIGO2,ADCY4,MPL,ALOX12,LRRC32,IFIT1,TFPI,ARHGAP33,ADAM19,ARHGAP30,LPAR5,TMEM204,PXDN,EPSTI1,RAC2,CYP1B1"
"DEG_MVL_CRC29","56","SOX21","175.30000000000001","ARCHS4 Coexpression,64;Enrichr Queries,63;GTEx Coexpression,399","ABCA1,TLE4,MYH7B,BCL11B,PLPPR3,RPL36A,FOXJ1,SYT8,DNALI1,TMEM154,RGMA,SOX2,TUBB2B,SMOC1,PXDN,CYP1B1,CARD14"
"DEG_MVL_CRC29","57","INSM1","182.00000000000000","ARCHS4 Coexpression,126;Enrichr Queries,76;GTEx Coexpression,344","SLC34A3,PRRT2,BCL11B,PLPPR3,NTN5,SYT13,ANK1,SOX2,ARHGAP33,TUBB2B,GNG4,NNAT,PXDN,CYP1B1"
"DEG_MVL_CRC29","58","ZEB1","184.59999999999999","ARCHS4 Coexpression,580;ENCODE ChIP-seq,57;Enrichr Queries,140;ReMap ChIP-seq,98;GTEx Coexpression,48","LIN37,PLPPR3,PRUNE2,IER5L,NOXO1,GPT,TFPI,DCST2,EFEMP2,CARNS1,CYP1B1,MROH6,FILIP1L,HES7,SLC34A3,ABCA1,STPG3,PRRT2,LMNTD2,OSM,ANO9,SSC5D,EMP3,COX6B2,RGMA,ADAM19,IQCN,FAM167B,SPSB2,COL3A1,TUBB2B,PXDN,COL5A2,RUBCNL,ZNF337,IL17C,JCAD"
"DEG_MVL_CRC29","59","CREB3L3","185.30000000000001","ARCHS4 Coexpression,111;Enrichr Queries,249;GTEx Coexpression,196","MAOB,PLPPR3,REG4,SERPINF2,ANO9,GPT,SLC5A1,FTCD,ACTR3C,HAL,COL3A1,THPO,PLIN2,PCK1"
"DEG_MVL_CRC29","60","TBX4","186.69999999999999","ARCHS4 Coexpression,215;Enrichr Queries,187;GTEx Coexpression,158","ZNF396,COL13A1,BCL11B,PLPPR3,SLC52A1,PKD1L2,LRRC32,TFPI,ANK1,RGMA,SOX2,CFAP221,TMEM204,HECW2,PXDN,CDHR4,CYP1B1,SH2D6,OR7D2"
"DEG_MVL_CRC29","61","POU5F2","187.50000000000000","ARCHS4 Coexpression,52;GTEx Coexpression,323","SPINK2,TTC34,CFAP221,KIF4B,KYNU,CCDC30,EFHC1,FBXO15,PKDREJ,PKD1L2,ZMYND10,OR7D2"
"DEG_MVL_CRC29","62","ZNF385C","188.30000000000001","ARCHS4 Coexpression,83;Enrichr Queries,89;GTEx Coexpression,393","TLE4,ABCA1,MYH7B,ZNF396,STPG3,ANKRD24,PLPPR3,PRUNE2,FOXJ1,FBXO15,SLC52A1,PKD1L2,IFIT1,RGMA,IQCN,CFAP221,GNG4,PXDN,CCDC30,OR7D2,CCDC183"
"DEG_MVL_CRC29","63","LBX1","192.00000000000000","ARCHS4 Coexpression,125;Enrichr Queries,285;GTEx Coexpression,166","MYH7B,BCL11B,MAMSTR,PLPPR3,ATP2A1,ANK1,MYLK4,SOX2,DEPTOR,PXDN,TNNI1,TNNI2,HOXA2,HOXA4"
"DEG_MVL_CRC29","64","SOX3","192.30000000000001","ARCHS4 Coexpression,392;Enrichr Queries,68;GTEx Coexpression,117","PLPPR3,RPL36A,RGMA,SOX2,ARHGAP33,CALB2,TUBB2B,COL3A1,GNG4,SMOC1,PXDN,NNAT,CYP1B1"
"DEG_MVL_CRC29","65","RUNX2","194.80000000000001","Literature ChIP-seq,32;ARCHS4 Coexpression,615;Enrichr Queries,221;ReMap ChIP-seq,30;GTEx Coexpression,76","CDKN1B,COL16A1,GPR68,PLPPR3,AMIGO2,IER5L,PLAT,LRRC32,TMEM92,CTSS,EFEMP2,DEPTOR,ABLIM3,TMEM204,NNAT,RAC2,CYP1B1,HOXA2,CA9,HOXA4,HES7,SLC34A3,ABCA1,PRRT2,S100A2,RARRES1,SPNS2,SSC5D,EMP3,ANK1,ARHGAP24,VASN,TMEM154,SPOCD1,RCN3,ADAM19,SH3RF3,SPSB2,FAM167A,COL3A1,ARHGAP30,CLEC2B,HECW2,P4HA3,COL5A2,PXDN,S100A5,COX20"
"DEG_MVL_CRC29","66","TSHZ3","196.69999999999999","ARCHS4 Coexpression,34;Enrichr Queries,6;GTEx Coexpression,550","ABCA1,COL16A1,BCL11B,PLPPR3,SSC5D,ANK1,ARHGAP24,VASN,RGMA,ADAM19,RCN3,EFEMP2,COL3A1,PXDN,COL5A2,CYP1B1,JCAD"
"DEG_MVL_CRC29","67","ZNF556","198.00000000000000","ARCHS4 Coexpression,135;Enrichr Queries,363;GTEx Coexpression,96","ABCA1,ZNF396,BCL11B,MAMSTR,PLPPR3,SLC52A1,SLCO5A1,ATP2A1,PKD1L2,ANK1,DHRS2,ABLIM3,PXDN,TNNI1,CCDC30,TNNI2,CDHR4,KCNN3,OR7D2"
"DEG_MVL_CRC29","68","HNF4A","198.50000000000000","Literature ChIP-seq,53;ARCHS4 Coexpression,120;ENCODE ChIP-seq,16;Enrichr Queries,389;ReMap ChIP-seq,215;GTEx Coexpression,398","PNMT,NRSN2,CDKN1B,AVIL,GPT,NUDT6,FTCD,SOX2,KYNU,ZNF564,HOXA4,ARMH1,HES7,SLC34A3,BATF2,LAG3,STPG3,MAMSTR,SERPINF2,ANO9,SYN3,POU5F1,IQCN,PXDN,NPTXR,MAOB,LIN37,COL13A1,PLPPR3,AMIGO2,SLC5A1,ACTR3C,MUC2,NUAK2,THPO,GNG4,TSNAXIP1,PCK1,OR7D2,MDH1B,ABCA1,MYH7B,PRRT2,REG4,PLXDC1,WDR54,VASN,ARHGAP24,ARHGAP33,HAL,SMOC1,ANKRD63,COX20"
"DEG_MVL_CRC29","69","CDX1","200.30000000000001","ARCHS4 Coexpression,124;Enrichr Queries,73;GTEx Coexpression,404","MYH7B,COL13A1,PLPPR3,REG4,ANO9,GPT,B3GALT5,SLC5A1,ANK1,POU5F1,SOX2,MUC2,PAX8,PXDN,HOXA2,SH2D6,PCK1"
"DEG_MVL_CRC29","70","LEF1","200.80000000000001","ARCHS4 Coexpression,308;Enrichr Queries,109;ReMap ChIP-seq,238;GTEx Coexpression,148","ABCA1,SPINK2,CDKN1B,BCL11B,PLPPR3,PRUNE2,NOXO1,GPT,CTSS,SOX2,ADAM19,COL3A1,ARHGAP30,NUAK2,TMEM204,PXDN,COL5A2,RUBCNL,RAC2,HAS3,HOXA2,CYP1B1,ARMH1,HOXA4"
"DEG_MVL_CRC29","71","HOXA10","201.69999999999999","ARCHS4 Coexpression,179;Enrichr Queries,262;GTEx Coexpression,164","SPINK2,CDKN1B,MAMSTR,ATP2A1,TFPI,SOX2,COL3A1,DEPTOR,PXDN,TNNI1,TNNI2,CYP1B1,HOXA2,HOXA4"
"DEG_MVL_CRC29","72","TWIST1","205.00000000000000","ARCHS4 Coexpression,18;Enrichr Queries,396;ReMap ChIP-seq,151;GTEx Coexpression,255","COL16A1,NOXO1,PLAT,EFEMP2,HAUS7,CARNS1,CYP1B1,CCDC183,HES7,TLE4,LAG3,PRRT2,S100A2,SSC5D,EMP3,COX6B2,PLXDC1,VASN,RCN3,SH3RF3,IQCN,COL3A1,PXDN,COL5A2,S100A5,CDHR4"
"DEG_MVL_CRC29","73","ZNF763","205.30000000000001","ARCHS4 Coexpression,119;Enrichr Queries,163;GTEx Coexpression,334","DHRS12,ABCA1,ZNF396,PLPPR3,PKD1L2,IFIT1,EFEMP2,CFAP221,ZMAT1,PXDN,EPSTI1,EFHC1,CCDC30,SH2D6,OR7D2,REM2,ZNF564"
"DEG_MVL_CRC29","74","TBX18","206.69999999999999","ARCHS4 Coexpression,6;Enrichr Queries,495;GTEx Coexpression,119","COL16A1,CAVIN2,AMIGO2,SSC5D,TFPI,LRRC32,PLXDC1,VASN,NAALADL2,SH3RF3,RCN3,COL3A1,EFEMP2,HAUS7,PXDN,COL5A2,CYP1B1,JCAD"
"DEG_MVL_CRC29","75","SIX4","208.69999999999999","ARCHS4 Coexpression,212;Enrichr Queries,67;GTEx Coexpression,347","ABCA1,CFAP73,PLPPR3,ATP2A1,ANK1,RGMA,SOX2,TUBB2B,COL3A1,DEPTOR,ARHGAP30,PXDN,COL5A2,TNNI1,RAC2,NEK10,TNNI2,CYP1B1"
"DEG_MVL_CRC29","76","SNAI1","209.00000000000000","ARCHS4 Coexpression,353;Enrichr Queries,128;GTEx Coexpression,146","ABCA1,IFITM10,ADCY4,IER5L,PLAT,LRRC32,VASN,ADAM19,RCN3,COL3A1,FABP4,TMEM204,PXDN,COL5A2,CYP1B1"
"DEG_MVL_CRC29","77","LHX6","209.30000000000001","ARCHS4 Coexpression,368;Enrichr Queries,208;GTEx Coexpression,52","ABCA1,NRSN2,PRRT2,BCL11B,CAVIN2,PLPPR3,ERV3-1,ADCY4,PKD1L2,LRRC32,ANK1,RGMA,ADAM19,TUBB2B,FABP4,ABLIM3,PXDN,CYP1B1,REM2"
"DEG_MVL_CRC29","78","HOXB7","211.40000000000001","Literature ChIP-seq,86;ARCHS4 Coexpression,450;Enrichr Queries,29;ReMap ChIP-seq,267;GTEx Coexpression,225","COL13A1,PLPPR3,AMIGO2,SLCO5A1,ALOX12,TFPI,CTSS,TMEM92,DCST2,MUC2,GNG4,HOXA2,CYP1B1,IL12A,TGM4,HOXA4,SLC35A4,CFAP73,BCL11B,CAVIN2,B3GALT5,EMP3,PLXDC1,NAALADL2,CHFR,COL3A1,FABP4,ARHGAP30,HECW2,P4HA3,PXDN,COL5A2,EFHC1,PLIN2,COX20"
"DEG_MVL_CRC29","79","PRDM16","211.50000000000000","Literature ChIP-seq,160;ARCHS4 Coexpression,65;Enrichr Queries,500;GTEx Coexpression,121","ABCA1,BCL11B,PLPPR3,AMIGO2,PCDHB10,ANK1,RGMA,SH3RF3,SOX2,CFAP221,HAUS7,DZANK1,SMOC1,PXDN,CCDC30,KCNN3,FILIP1L,OR7D2"
"DEG_MVL_CRC29","80","ZSCAN30","212.00000000000000","ARCHS4 Coexpression,55;GTEx Coexpression,369","TTC34,CFAP221,PRRT2,ZMAT1,KYNU,CCDC30,EFHC1,FBXO15,ZNF337,PKD1L2,OR7D2,COX20"
"DEG_MVL_CRC29","81","MEIS1","212.00000000000000","Literature ChIP-seq,97;ARCHS4 Coexpression,512;Enrichr Queries,110;ReMap ChIP-seq,141;GTEx Coexpression,200","NRSN2,CDKN1B,PLPPR3,PRUNE2,ERV3-1,ADCY4,MPL,RPL36A,ALOX12,TFPI,LIN7B,MYLK4,SOX2,CARNS1,RAC2,HOXA2,CYP1B1,FILIP1L,SH2D6,HOXA4,TLE4,SLC34A3,SPINK2,CAVIN2,TRAPPC5,SSC5D,TAS2R38,EMP3,CHFR,RCN3,INPP4B,CFAP221,COL3A1,LPAR5,PXDN,COL5A2,CDHR4,PLIN2,COX20"
"DEG_MVL_CRC29","82","MLXIPL","213.69999999999999","ARCHS4 Coexpression,411;Enrichr Queries,14;GTEx Coexpression,216","ABCA1,MYH7B,MAOB,PLPPR3,SERPINF2,GPT,ANK1,FTCD,CTSS,FABP4,DEPTOR,THPO,SMOC1,PXDN,PLIN2,PCK1"
"DEG_MVL_CRC29","83","FLI1","213.69999999999999","Literature ChIP-seq,118;ARCHS4 Coexpression,328;ENCODE ChIP-seq,116;Enrichr Queries,53;ReMap ChIP-seq,58;GTEx Coexpression,609","NRSN2,GPR68,GPT,PLAT,LRRC32,CTSS,TMEM92,EFEMP2,TMEM223,RAC2,EPSTI1,CYP1B1,SH2D6,HES7,SLC34A3,TLE4,STPG3,FGFBP2,MAMSTR,FBXO15,EMP3,SYN3,RCN3,ADAM19,SPOCD1,IQCN,INPP4B,PAX8,HECW2,PXDN,EFHC1,VAMP1,PLIN2,ZMYND10,CCDC194,JCAD,PLPPR3,AMIGO2,DNAH6,IER5L,RPL36A,NOXO1,ALOX12,PKD1L2,DCST2,ACTR3C,TPO,NUAK2,THPO,CARNS1,RAB24,CCDC30,KCNN3,CFAP65,ABCA1,SLC35A4,CHKB,PRRT2,ANKRD24,CAVIN2,KCNIP2,TRAPPC5,RARRES1,OSM,DHRS2,WDR54,ARHGAP24,TMEM154,SH3RF3,COL3A1,ARHGAP30,ZGLP1,NEK10,SERHL2,ANKRD63"
"DEG_MVL_CRC29","84","LHX2","214.50000000000000","ARCHS4 Coexpression,507;Enrichr Queries,46;ReMap ChIP-seq,189;GTEx Coexpression,116","NRSN2,PLPPR3,LSMEM1,AMIGO2,IER5L,NUDT6,SOX2,EFEMP2,GNG4,NNAT,EBLN2,CYP1B1,TLE4,ABCA1,ANKRD24,BCL11B,CAVIN2,RARRES1,LRRIQ1,OSM,MRPS6,ANK1,RGMA,ARHGAP33,TUBB2B,COL3A1,COL5A2,PXDN,COX20"
"DEG_MVL_CRC29","85","SHOX2","214.69999999999999","ARCHS4 Coexpression,59;Enrichr Queries,307;GTEx Coexpression,278","STPG3,COL16A1,COL13A1,PLPPR3,SSC5D,ANK1,VASN,NAALADL2,SOX2,RCN3,COL3A1,EFEMP2,PXDN,COL5A2,CYP1B1"
"DEG_MVL_CRC29","86","NR1H4","215.69999999999999","ARCHS4 Coexpression,217;Enrichr Queries,13;GTEx Coexpression,417","ABCA1,MAOB,PLPPR3,SERPINF2,SLC5A1,FTCD,CTSS,HAL,FABP4,THPO,KYNU,PXDN,CYP1B1,PLIN2,PCK1"
"DEG_MVL_CRC29","87","SIX2","217.30000000000001","ARCHS4 Coexpression,86;Enrichr Queries,229;ReMap ChIP-seq,233;GTEx Coexpression,321","CDKN1B,COL13A1,PLPPR3,ATP2A1,ISM1,MYLK4,SOX2,DEPTOR,NNAT,TNNI1,TNNI2,HOXA2,CYP1B1,CFAP65,HOXA4,TLE4,CFAP73,BCL11B,FBXO15,FOXJ1,ANK1,RGMA,SBK3,COL3A1,DCHS2,PXDN,COL5A2,ZMYND10,CCDC194"
"DEG_MVL_CRC29","88","PCGF2","217.50000000000000","ARCHS4 Coexpression,203;ReMap ChIP-seq,232","BCL11B,LRRIQ1,IER5L,RPL36A,ISM1,ANK1,RGMA,SOX2,TUBB2B,ARHGAP30,PAX8,GNG4,RAC2,HOXA2,CFAP65,JCAD,HOXA4"
"DEG_MVL_CRC29","89","DMRT3","218.69999999999999","ARCHS4 Coexpression,181;Enrichr Queries,466;GTEx Coexpression,9","SPINK2,STPG3,BCL11B,PLPPR3,SLCO5A1,COX6B2,ANK1,WDR54,SMC1B,SOX2,IQCN,TPO,PAX8,HECW2,PXDN,EBLN2,CCDC30,EFHC1,CYP1B1,ZMYND10,MDH1B"
"DEG_MVL_CRC29","90","SCML4","221.00000000000000","ARCHS4 Coexpression,286;Enrichr Queries,169;GTEx Coexpression,208","ABCA1,BCL11B,PLPPR3,ANK1,CTSS,TMEM154,ADAM19,INPP4B,ARHGAP30,CLEC2B,TMEM204,PXDN,RUBCNL,RAC2,EPSTI1,REM2"
"DEG_MVL_CRC29","91","TIGD3","228.30000000000001","ARCHS4 Coexpression,112;Enrichr Queries,278;GTEx Coexpression,295","LIN37,PLPPR3,IER5L,SYT13,CTSS,TMEM154,ARHGAP30,NUAK2,PXDN,NNAT,RAB24,HAS3,RAC2,LY6G5C,REM2"
"DEG_MVL_CRC29","92","ZNF486","231.00000000000000","ARCHS4 Coexpression,189;Enrichr Queries,291;GTEx Coexpression,213","ABCA1,ZNF396,PLPPR3,FBXO15,SLC52A1,PKD1L2,ISM1,IFIT1,ADAM19,TPO,CFAP221,PAX8,PXDN,EPSTI1,CCDC30,S100A5,CYP1B1,OR7D2"
"DEG_MVL_CRC29","93","SALL1","234.00000000000000","Literature ChIP-seq,43;ARCHS4 Coexpression,380;Enrichr Queries,130;GTEx Coexpression,383","ABCA1,TLE4,ANK1,POU5F1,RGMA,SOX2,SPSB2,TPO,FAM167A,TUBB2B,PAX8,SMOC1,CARNS1,PXDN,RAC2,CYP1B1"
"DEG_MVL_CRC29","94","NFATC4","236.69999999999999","ARCHS4 Coexpression,33;Enrichr Queries,33;GTEx Coexpression,644","ABCA1,COL16A1,PLPPR3,SSC5D,EMP3,VASN,SOX2,RCN3,EFEMP2,COL3A1,PXDN,COL5A2,CYP1B1,JCAD"
"DEG_MVL_CRC29","95","IRF1","238.30000000000001","Literature ChIP-seq,89;ARCHS4 Coexpression,211;ENCODE ChIP-seq,107;Enrichr Queries,481;ReMap ChIP-seq,116;GTEx Coexpression,426","NRSN2,CDKN1B,LIN37,AMIGO2,ERV3-1,IER5L,NOXO1,IFIT1,FBXO43,LIN7B,NUDT6,CTSS,EFEMP2,TMEM223,NUAK2,DEPTOR,ABLIM3,RAB24,RAC2,EPSTI1,ZNF564,SLC34A3,ABCA1,BATF2,SLC35A4,PRRT2,CAVIN2,TRAPPC5,OSM,FOXJ1,SSC5D,VASN,TMEM154,ADAM19,ARHGAP33,IQCN,SPSB2,ARHGAP30,CLEC2B,P4HA3,PXDN,EFHC1,ZNF878,MTCP1,PLIN2,SERHL2,ZMYND10"
"DEG_MVL_CRC29","96","SIX1","239.00000000000000","ARCHS4 Coexpression,117;Enrichr Queries,151;GTEx Coexpression,449","MAMSTR,PLPPR3,ATP2A1,IFIT1,TFPI,ANK1,SOX2,COL3A1,EFEMP2,PXDN,COL5A2,TNNI1,TNNI2,CYP1B1,FILIP1L"
"DEG_MVL_CRC29","97","BNC2","239.00000000000000","ARCHS4 Coexpression,51;Enrichr Queries,18;GTEx Coexpression,648","ABCA1,COL16A1,PLPPR3,PRUNE2,SSC5D,TFPI,ARHGAP24,ADAM19,EFEMP2,COL3A1,PXDN,COL5A2,CYP1B1,FILIP1L,JCAD"
"DEG_MVL_CRC29","98","RFX4","239.30000000000001","ARCHS4 Coexpression,330;Enrichr Queries,350;GTEx Coexpression,38","ABCA1,SPINK2,PLPPR3,FBXO15,FOXJ1,COX6B2,ANK1,DNALI1,SMC1B,RGMA,SOX2,TUBB2B,PXDN,TSNAXIP1,ZMYND10,KCNN3,ZMYND12"
"DEG_MVL_CRC29","99","HES2","240.00000000000000","ARCHS4 Coexpression,231;Enrichr Queries,270;GTEx Coexpression,219","ABCA1,S100A2,BCL11B,PLPPR3,SLC52A1,A2ML1,PKD1L2,ANK1,TMEM154,CFAP221,LPAR5,ABLIM3,PXDN,CYP1B1,CARD14,OR7D2"
"DEG_MVL_CRC29","100","ETS1","240.19999999999999","Literature ChIP-seq,148;ARCHS4 Coexpression,523;ENCODE ChIP-seq,23;Enrichr Queries,403;ReMap ChIP-seq,50;GTEx Coexpression,294","NRSN2,CDKN1B,GPT,LRRC32,IFIT1,NUDT6,EFEMP2,TMEM223,EPSTI1,RAC2,HOXA2,CYP1B1,CA9,HOXA4,HES7,SLC34A3,STPG3,LAG3,MAMSTR,EMP3,RCN3,ADAM19,IQCN,TUBB2B,PXDN,PLIN2,ZMYND10,ZMYND12,LIN37,PLPPR3,ADCY4,IER5L,NOXO1,DCST2,ZMAT1,CARNS1,RAB24,REM2,ABCA1,SLC35A4,PRRT2,CHKB,BCL11B,SYT13,PCDHB10,CLEC2B,ARHGAP30,ZNF337,IL17C"
"DEG_MVL_CRC29","101","BARX2","241.00000000000000","ARCHS4 Coexpression,210;Enrichr Queries,266;GTEx Coexpression,247","MYH7B,S100A2,BCL11B,PLPPR3,SPNS2,SLC52A1,A2ML1,PKD1L2,ANK1,RGMA,SOX2,NUAK2,LPAR5,PXDN,CYP1B1,CARD14,OR7D2"
"DEG_MVL_CRC29","102","PHF1","241.00000000000000","ARCHS4 Coexpression,475;GTEx Coexpression,7","MYH7B,SPINK2,STPG3,LMNTD2,FBXO15,COX6B2,DNALI1,SMC1B,IQCN,ARHGAP30,TSNAXIP1,ZMYND10,MDH1B"
"DEG_MVL_CRC29","103","ZNF488","241.50000000000000","ARCHS4 Coexpression,446;Enrichr Queries,37","ABCA1,S100A2,PLPPR3,CAVIN2,SLC5A1,IFIT1,ANK1,CALB2,SMOC1,PXDN,CARNS1,HAS3,CYP1B1,NPTXR"
"DEG_MVL_CRC29","104","HHEX","241.80000000000001","ARCHS4 Coexpression,480;Enrichr Queries,260;ReMap ChIP-seq,47;GTEx Coexpression,180","PNMT,ZNF396,NRSN2,PLPPR3,MPL,IFIT1,ISM1,TFPI,CTSS,TPO,ZMAT1,DEPTOR,UPK1A,GNG4,RAC2,CYP1B1,CFAP65,PCK1,REM2,ARMH1,ABCA1,LAG3,SPINK2,CHKB,SERPINF2,EMP3,ARHGAP24,HAL,ARHGAP30,PAX8,PXDN,PLIN2,TFF1,ZNF337,LY6G5C"
"DEG_MVL_CRC29","105","IKZF1","245.69999999999999","Literature ChIP-seq,18;ARCHS4 Coexpression,267;ENCODE ChIP-seq,76;Enrichr Queries,614;ReMap ChIP-seq,86;GTEx Coexpression,413","PNMT,NRSN2,CDKN1B,PLPPR3,AVIL,IER5L,NTN5,SLCO5A1,IFIT1,CTSS,TMEM92,DCST2,DZANK1,RAC2,EPSTI1,IL12A,KCNN3,HES7,TLE4,LAG3,S100A2,CAVIN2,MAMSTR,EMP3,ARHGAP24,TMEM154,ADAM19,SPOCD1,GPR162,SBK3,TUBB2B,ARHGAP30,LPAR5,DCHS2,PXDN,RUBCNL,ZNF878,S100A5,LY6G5C,COX20"
"DEG_MVL_CRC29","106","HES5","245.69999999999999","ARCHS4 Coexpression,366;Enrichr Queries,81;GTEx Coexpression,290","PLPPR3,RPL36A,LIN7B,RGMA,SOX2,CALB2,TUBB2B,NUAK2,SMOC1,PXDN,NNAT,CYP1B1,PLCH2"
"DEG_MVL_CRC29","107","RAX","245.69999999999999","ARCHS4 Coexpression,263;Enrichr Queries,464;GTEx Coexpression,10","TLE4,PLPPR3,RPL36A,ANK1,DNALI1,RGMA,SOX2,ZMAT1,NUAK2,PAX8,DZANK1,NNAT,PXDN,CCDC30,EFHC1,CYP1B1,MDH1B"
"DEG_MVL_CRC29","108","NR3C2","246.30000000000001","ARCHS4 Coexpression,327;Enrichr Queries,44;GTEx Coexpression,368","ABCA1,MAOB,PLPPR3,CAVIN2,REG4,PRUNE2,B3GALT5,SLC5A1,SYN3,ANK1,CHFR,ARHGAP24,TMEM154,INPP4B,MUC2,DEPTOR,PXDN,PCK1"
"DEG_MVL_CRC29","109","PBX1","247.30000000000001","Literature ChIP-seq,99;ARCHS4 Coexpression,365;Enrichr Queries,212;GTEx Coexpression,313","MAOB,LIN37,PLPPR3,PRUNE2,ERV3-1,NOXO1,PLAT,TPO,RAC2,HOXA2,CYP1B1,TSNAXIP1,ZNF564,HOXA4,ABCA1,TLE4,SLC35A4,CAVIN2,REG4,SSC5D,EMP3,SYT13,TAS2R38,B3GALT5,ANK1,PCDHB10,ARHGAP24,RGMA,ADAM19,COL3A1,TUBB2B,HAL,PXDN,COL5A2,CARD14"
"DEG_MVL_CRC29","110","ZNF658","248.00000000000000","ARCHS4 Coexpression,416;Enrichr Queries,80","ABCA1,PLPPR3,CAVIN2,AMIGO2,FBXO15,IFIT1,COL3A1,FAM167A,CFAP221,PXDN,COL5A2,CCDC30,EFHC1,CYP1B1"
"DEG_MVL_CRC29","111","MEF2C","248.80000000000001","ARCHS4 Coexpression,679;ENCODE ChIP-seq,118;Enrichr Queries,20;ReMap ChIP-seq,289;GTEx Coexpression,138","ABCA1,PRRT2,MAMSTR,PLPPR3,CAVIN2,TRAPPC5,NOXO1,SLCO5A1,ATP2A1,TFPI,ANK1,CTSS,INPP4B,COL3A1,PXDN,COL5A2,TNNI1,TNNI2,CDHR4,CYP1B1,KCNN3"
"DEG_MVL_CRC29","112","HOXC6","251.30000000000001","ARCHS4 Coexpression,201;Enrichr Queries,268;GTEx Coexpression,285","COL16A1,AMIGO2,IER5L,PLAT,VASN,RCN3,COL3A1,EFEMP2,PXDN,COL5A2,CYP1B1,HOXA2,HOXA4"
"DEG_MVL_CRC29","113","ZNF80","252.00000000000000","ARCHS4 Coexpression,225;Enrichr Queries,348;GTEx Coexpression,183","LAG3,BCL11B,GPR68,OSM,FBXO15,PKD1L2,TAS2R38,LRRC32,CTSS,CLEC2B,LPAR5,PXDN,RUBCNL,RAC2,EPSTI1"
"DEG_MVL_CRC29","114","NR2E3","252.50000000000000","ARCHS4 Coexpression,136;Enrichr Queries,369","TLE4,BCL11B,PLPPR3,FBXO15,SYT13,ISM1,COX6B2,PLXDC1,CHFR,SOX2,PAX8,PXDN,LY6G5C"
"DEG_MVL_CRC29","115","NFE2","252.59999999999999","ARCHS4 Coexpression,113;ENCODE ChIP-seq,84;Enrichr Queries,167;ReMap ChIP-seq,130;GTEx Coexpression,769","NRSN2,PLPPR3,MPL,NOXO1,ALOX12,IFIT1,LIN7B,CTSS,DCST2,EFEMP2,CARNS1,RAC2,CYP1B1,SH2D6,REM2,HES7,SLC34A3,ABCA1,STPG3,SPINK2,CAVIN2,OSM,EMP3,ANK1,IQCN,ARHGAP30,LPAR5,ZGLP1,PXDN,S100A5,ZMYND10,COX20"
"DEG_MVL_CRC29","116","CEBPA","253.00000000000000","Literature ChIP-seq,95;ARCHS4 Coexpression,92;Enrichr Queries,419;ReMap ChIP-seq,231;GTEx Coexpression,428","CDKN1B,PLPPR3,GPT,IFIT1,CTSS,ABLIM3,KYNU,RAC2,CYP1B1,PCK1,FILIP1L,SH2D6,ARMH1,ABCA1,KCNIP2,REG4,TRAPPC5,SERPINF2,ARHGAP24,TMEM154,HAL,FABP4,PXDN,VAMP1,PLIN2,COX20"
"DEG_MVL_CRC29","117","JUN","254.50000000000000","Literature ChIP-seq,58;ARCHS4 Coexpression,264;ENCODE ChIP-seq,27;Enrichr Queries,854;ReMap ChIP-seq,54;GTEx Coexpression,270","NRSN2,COL16A1,CDKN1B,GPR68,PLAT,LRRC32,IFIT1,SOX2,EFEMP2,KYNU,CYP1B1,IL12A,HES7,SLC34A3,S100A2,EMP3,NAALADL2,IQCN,TUBB2B,HECW2,PXDN,EFHC1,S100A5,PLIN2,ZMYND10,LIN37,MAOB,LSMEM1,AMIGO2,ADCY4,IER5L,RPL36A,SLCO5A1,PKD1L2,TFPI,LIN7B,TPO,ABLIM3,MDH1B,ABCA1,SLC35A4,ANKRD24,CAVIN2,RARRES1,OSM,SSC5D,B3GALT5,PLXDC1,ARHGAP24,TMEM154,SBK3,SPSB2,FAM167B,ARHGAP30,ZNF337,IL17C"
"DEG_MVL_CRC29","118","LHX1","256.00000000000000","ARCHS4 Coexpression,332;Enrichr Queries,180","SOX2,ARHGAP33,TUBB2B,PRRT2,COL13A1,BCL11B,PLPPR3,PXDN,CYP1B1,SERHL2,ANK1,RGMA"
"DEG_MVL_CRC29","119","ISX","256.30000000000001","ARCHS4 Coexpression,66;Enrichr Queries,624;GTEx Coexpression,79","SLC34A3,MUC2,PLPPR3,REG4,PXDN,PRUNE2,ANO9,GPT,SLC5A1,B3GALT5,SH2D6,PCK1"
"DEG_MVL_CRC29","120","ZBTB49","256.50000000000000","ARCHS4 Coexpression,269;GTEx Coexpression,244","ARHGAP30,CLEC2B,LIN37,NNAT,RAC2,EPSTI1,EMP3,REM2,ZNF564"
"DEG_MVL_CRC29","121","MAF","257.00000000000000","ARCHS4 Coexpression,252;Enrichr Queries,349;ReMap ChIP-seq,38;GTEx Coexpression,389","PNMT,NRSN2,LIN37,GPR68,PLPPR3,NOXO1,GPT,SLC5A1,CTSS,DCST2,EFEMP2,TMEM223,CARNS1,RAC2,CYP1B1,REM2,HES7,SLC34A3,ABCA1,LAG3,STPG3,PRRT2,BCL11B,OSM,ANO9,SLC52A1,SYT8,ADAM19,GPR162,IQCN,COL3A1,PXDN,VAMP1,ZMYND10,CARD14"
"DEG_MVL_CRC29","122","GATA2","257.69999999999999","Literature ChIP-seq,48;ARCHS4 Coexpression,705;ENCODE ChIP-seq,49;Enrichr Queries,406;ReMap ChIP-seq,281;GTEx Coexpression,57","PLPPR3,PRUNE2,ADCY4,MPL,PLAT,LRRC32,TFPI,FBXO43,MYLK4,SOX2,NUAK2,DEPTOR,ABLIM3,TMEM204,RAC2,CYP1B1,FILIP1L,TGM4,HOXA4,HES7,SLC34A3,ABCA1,LAG3,TTC34,SPINK2,CAVIN2,SPNS2,ANK1,FABP4,LPAR5,PXDN,JCAD"
"DEG_MVL_CRC29","123","EOMES","259.00000000000000","Literature ChIP-seq,112;ARCHS4 Coexpression,394;Enrichr Queries,71;ReMap ChIP-seq,279;GTEx Coexpression,439","PNMT,ZNF396,CDKN1B,PLPPR3,TFPI,CTSS,TMEM92,SOX2,CALB2,GNG4,RAC2,EPSTI1,CYP1B1,KCNN3,FILIP1L,REM2,LAG3,BCL11B,LRRIQ1,OSM,ANK1,TMEM154,RGMA,SH3RF3,ADAM19,CFAP221,TUBB2B,PXDN,RUBCNL,SERHL2"
"DEG_MVL_CRC29","124","RFX3","259.69999999999999","ARCHS4 Coexpression,3;Enrichr Queries,774;GTEx Coexpression,2","PLPPR3,DNAH6,DNALI1,SOX2,DZANK1,CCDC30,TSNAXIP1,CFAP65,MDH1B,ABCA1,TLE4,TTC34,CFAP73,LRRIQ1,FBXO15,FOXJ1,ANK1,WDR54,ARHGAP33,TUBB2B,CFAP221,PXDN,NEK10,EFHC1,CDHR4,ZMYND10"
"DEG_MVL_CRC29","125","ZNF423","262.30000000000001","ARCHS4 Coexpression,185;Enrichr Queries,183;GTEx Coexpression,419","ABCA1,PLPPR3,ATP2A1,CHFR,RGMA,SOX2,ARHGAP33,COL3A1,TUBB2B,SMOC1,PXDN,COL5A2,TNNI1,TNNI2,CYP1B1"
"DEG_MVL_CRC29","126","PRDM1","263.00000000000000","ARCHS4 Coexpression,409;ENCODE ChIP-seq,75;Enrichr Queries,523;ReMap ChIP-seq,269;GTEx Coexpression,39","PLPPR3,AMIGO2,IFIT1,TFPI,CTSS,CALB2,TMEM223,NUAK2,ABLIM3,EBLN2,RAC2,CYP1B1,CA9,MROH6,ABCA1,BATF2,SLC35A4,LAG3,S100A2,SPNS2,SERPINF2,A2ML1,TMEM154,ADAM19,TUBB2B,CLEC2B,LPAR5,SMOC1,PXDN,S100A5,PLIN2"
"DEG_MVL_CRC29","127","TSHZ2","263.69999999999999","ARCHS4 Coexpression,518;Enrichr Queries,138;GTEx Coexpression,135","ABCA1,PLPPR3,CAVIN2,ERV3-1,RARRES1,ADCY4,FBXO15,PKD1L2,ANK1,ARHGAP24,COL3A1,FABP4,PXDN,COL5A2,CCDC30,EFHC1,CYP1B1"
"DEG_MVL_CRC29","128","IRF9","264.50000000000000","ARCHS4 Coexpression,346;Enrichr Queries,95;ReMap ChIP-seq,284;GTEx Coexpression,333","ABCA1,BATF2,NRSN2,EMP3,IFIT1,CTSS,SBK3,ACTR3C,ARHGAP30,ZGLP1,PXDN,EPSTI1,RAC2,CYP1B1,PLIN2,SH2D6,IL17C"
"DEG_MVL_CRC29","129","GLI1","264.80000000000001","Literature ChIP-seq,74;ARCHS4 Coexpression,356;Enrichr Queries,55;GTEx Coexpression,574","ABCA1,FGFBP2,COL16A1,BCL11B,PLPPR3,AVIL,NTN5,PLAT,POU5F1,TMEM154,RGMA,SOX2,COL3A1,EFEMP2,ZMAT1,PXDN,COL5A2,CYP1B1"
"DEG_MVL_CRC29","130","FEZF2","266.30000000000001","ARCHS4 Coexpression,188;Enrichr Queries,108;GTEx Coexpression,503","TLE4,NRSN2,BCL11B,PLPPR3,LRRIQ1,RPL36A,ANK1,RGMA,SOX2,CALB2,NUAK2,SMOC1,PXDN,NNAT,CYP1B1,NPTXR"
"DEG_MVL_CRC29","131","SOX11","267.60000000000002","Literature ChIP-seq,25;ARCHS4 Coexpression,457;Enrichr Queries,135;ReMap ChIP-seq,228;GTEx Coexpression,493","CDKN1B,LIN37,PLPPR3,ERV3-1,AMIGO2,MPL,IER5L,PKD1L2,SLCO5A1,SOX2,GNG4,NNAT,CYP1B1,IL12A,ARMH1,HOXA4,ABCA1,HES7,PRRT2,FGFBP2,BCL11B,OSM,FOXJ1,TAS2R38,PLXDC1,ANK1,SMC1B,PCDHGA9,ADAM19,IQCN,TUBB2B,COL3A1,COL5A2,PXDN"
"DEG_MVL_CRC29","132","ZFHX2","268.69999999999999","ARCHS4 Coexpression,360;Enrichr Queries,432;GTEx Coexpression,14","TLE4,ABCA1,PRRT2,BCL11B,PLPPR3,PRUNE2,LRRIQ1,FBXO15,ANK1,DNALI1,ARHGAP33,CFAP221,TUBB2B,GNG4,PXDN,TSNAXIP1,ZMYND10,ZMYND12,MDH1B"
"DEG_MVL_CRC29","133","OTX1","269.30000000000001","ARCHS4 Coexpression,38;Enrichr Queries,296;GTEx Coexpression,474","TLE4,BCL11B,PLPPR3,LRRIQ1,RPL36A,SYT8,WDR54,DNALI1,TMEM154,RGMA,SOX2,NUAK2,SMOC1,PXDN,NNAT,CYP1B1,CARD14"
"DEG_MVL_CRC29","134","MECOM","270.00000000000000","Literature ChIP-seq,137;ARCHS4 Coexpression,382;GTEx Coexpression,291","SLC34A3,CHKB,CDKN1B,SPNS2,OSM,MPL,TFPI,TMEM92,POU5F1,TMEM154,GPR162,CFAP221,NUAK2,ARHGAP30,KYNU,CCDC30,EFHC1,RAC2,TFF1,CA9,IL12A"
"DEG_MVL_CRC29","135","SOX9","271.00000000000000","Literature ChIP-seq,22;ARCHS4 Coexpression,57;Enrichr Queries,402;ReMap ChIP-seq,8;GTEx Coexpression,866","PNMT,AVIL,GPT,PLAT,IFIT1,SOX2,CALB2,EFEMP2,TMEM223,DEPTOR,UPK1A,RAC2,HOXA2,CYP1B1,CA9,HOXA4,SLC34A3,HES7,STPG3,MAMSTR,ANO9,EMP3,COX6B2,POU5F1,RGMA,RCN3,TUBB2B,PXDN,S100A5,ZMYND10,CARD14,LIN37,COL13A1,MAOB,IER5L,NOXO1,SLCO5A1,LIN7B,ABLIM3,TNNI1,TNNI2,KCNN3,ABCA1,PRRT2,ANKRD24,OSM,FOXJ1,SSC5D,SYT8,DHRS2,PLXDC1,TMEM154,ARHGAP33,SPSB2,COL3A1,ARHGAP30,SMOC1,COL5A2,PLCH2"
"DEG_MVL_CRC29","136","FOXP2","272.19999999999999","Literature ChIP-seq,83;ARCHS4 Coexpression,1017;ENCODE ChIP-seq,117;Enrichr Queries,232;ReMap ChIP-seq,100;GTEx Coexpression,84","NRSN2,PLPPR3,PRUNE2,NOXO1,GPT,TFPI,LIN7B,CALB2,EFEMP2,DEPTOR,MUC2,GNG4,CARNS1,HOXA2,CYP1B1,MROH6,HOXA4,HES7,SLC34A3,ABCA1,STPG3,PRRT2,BCL11B,MAMSTR,SERPINF2,LMNTD2,SSC5D,COX6B2,ANK1,ARHGAP24,RGMA,IQCN,COL3A1,TUBB2B,FAM167A,HECW2,PXDN,JCAD"
"DEG_MVL_CRC29","137","TP63","275.19999999999999","Literature ChIP-seq,56;ARCHS4 Coexpression,397;Enrichr Queries,70;ReMap ChIP-seq,140;GTEx Coexpression,713","COL16A1,PLPPR3,NOXO1,GPT,TFPI,SOX2,EFEMP2,HAUS7,TMEM204,HAS3,TNNI2,CYP1B1,SLC34A3,ABCA1,STPG3,S100A2,OSM,ANO9,A2ML1,COX6B2,SYT8,TMEM154,INPP4B,COL3A1,HAL,ARHGAP30,PXDN,COL5A2,S100A5,PLCH2,CARD14"
"DEG_MVL_CRC29","138","MEIS2","278.00000000000000","ARCHS4 Coexpression,721;Enrichr Queries,28;ReMap ChIP-seq,240;GTEx Coexpression,123","NRSN2,PLPPR3,PRUNE2,AMIGO2,SLCO5A1,TFPI,SOX2,ACTR3C,NNAT,RAC2,CYP1B1,KCNN3,PCK1,SH2D6,ABCA1,TLE4,PRRT2,BCL11B,CAVIN2,SSC5D,EMP3,MRPS6,IQCN,TUBB2B,COL3A1,DCHS2,PXDN,COL5A2,ANKRD63"
"DEG_MVL_CRC29","139","IRF8","278.50000000000000","Literature ChIP-seq,1;ARCHS4 Coexpression,381;Enrichr Queries,325;GTEx Coexpression,407","HES7,ANKRD24,PLPPR3,AMIGO2,RPL36A,SLCO5A1,EMP3,IFIT1,SYN3,FBXO43,CTSS,ARHGAP30,KYNU,PXDN,EPSTI1,RUBCNL,RAC2,TFF1"
"DEG_MVL_CRC29","140","ZBTB7C","281.69999999999999","ARCHS4 Coexpression,220;Enrichr Queries,225;GTEx Coexpression,400","ABCA1,CFAP73,BCL11B,PLPPR3,SPNS2,FOXJ1,A2ML1,ANK1,TMEM154,RGMA,LPAR5,PXDN,EFHC1,CYP1B1,ZMYND10,CFAP65,CARD14"
"DEG_MVL_CRC29","141","TBX5","282.00000000000000","Literature ChIP-seq,136;ARCHS4 Coexpression,251;Enrichr Queries,400;GTEx Coexpression,341","PNMT,COL16A1,CDKN1B,PLPPR3,FBXO43,SOX2,EFEMP2,RAB24,HAS3,CYP1B1,ABCA1,MYH7B,BCL11B,KCNIP2,COX6B2,ANK1,VASN,WDR54,ARHGAP24,ARHGAP33,SBK3,COL3A1,SMOC1,P4HA3,PXDN,MTCP1,ZMYND12,JCAD"
"DEG_MVL_CRC29","142","FEZF1","282.69999999999999","ARCHS4 Coexpression,363;Enrichr Queries,335;GTEx Coexpression,150","TLE4,BCL11B,PLPPR3,ANK1,WDR54,DNALI1,RGMA,SOX2,CALB2,TUBB2B,GNG4,PXDN,CYP1B1"
"DEG_MVL_CRC29","143","GRHL3","282.69999999999999","ARCHS4 Coexpression,339;Enrichr Queries,264;GTEx Coexpression,245","ABCA1,S100A2,BCL11B,PLPPR3,SPNS2,A2ML1,ANK1,TMEM154,SOX2,UPK1A,LPAR5,PXDN,HAS3,CYP1B1,PLCH2,CARD14"
"DEG_MVL_CRC29","144","BACH1","282.80000000000001","Literature ChIP-seq,64;ARCHS4 Coexpression,304;ENCODE ChIP-seq,61;Enrichr Queries,693;ReMap ChIP-seq,34;GTEx Coexpression,541","DHRS12,NRSN2,COL16A1,GPT,PLAT,LRRC32,CTSS,EFEMP2,EPSTI1,CYP1B1,IL12A,SH2D6,TGM4,HES7,SLC34A3,BATF2,STPG3,MAMSTR,SERPINF2,LMNTD2,ANK1,SMC1B,RCN3,IQCN,PXDN,RUBCNL,EFHC1,ZNF878,PLIN2,NPTXR,ZMYND12,CARD14,PLPPR3,PRUNE2,IER5L,ALOX12,TFPI,LIN7B,DCST2,TPO,GNG4,CFAP65,ABCA1,IFITM10,PRRT2,CFAP73,BCL11B,RARRES1,TRAPPC5,FOXJ1,TSPEAR,TMEM154,SPSB2,COL3A1,CLEC2B,ARHGAP30,ZGLP1,SMOC1,COL5A2,COX20"
"DEG_MVL_CRC29","145","ZSCAN1","284.00000000000000","ARCHS4 Coexpression,538;Enrichr Queries,279;GTEx Coexpression,35","MYH7B,NRSN2,BCL11B,PLPPR3,LRRIQ1,SYT13,ANK1,DNALI1,ARHGAP33,SOX2,SH3RF3,TUBB2B,DZANK1,GNG4,NNAT,PXDN,CCDC30,CYP1B1"
"DEG_MVL_CRC29","146","SOX1","285.00000000000000","ARCHS4 Coexpression,216;Enrichr Queries,287;GTEx Coexpression,352","SOX2,ARHGAP33,NRSN2,TUBB2B,BCL11B,PLPPR3,GNG4,SMOC1,PXDN,NNAT,RGMA"
"DEG_MVL_CRC29","147","TFAP2B","285.00000000000000","ARCHS4 Coexpression,213;Enrichr Queries,192;GTEx Coexpression,450","PRRT2,BCL11B,PLPPR3,SYT8,ANK1,TMEM154,SOX2,ARHGAP33,CALB2,COL3A1,TUBB2B,GNG4,SMOC1,PXDN,CYP1B1,PLCH2,CARD14"
"DEG_MVL_CRC29","148","VDR","285.19999999999999","Literature ChIP-seq,6;ARCHS4 Coexpression,572;Enrichr Queries,743;ReMap ChIP-seq,10;GTEx Coexpression,95","NRSN2,CDKN1B,COL16A1,PLPPR3,AMIGO2,NOXO1,SLC5A1,IFIT1,CTSS,DCST2,EFEMP2,TMEM223,MUC2,NUAK2,ABLIM3,CARNS1,EPSTI1,RAC2,CYP1B1,ZNF564,HES7,SLC34A3,ABCA1,STPG3,PRRT2,S100A2,REG4,RARRES1,OSM,ANO9,SLC52A1,B3GALT5,COX6B2,PLXDC1,MRPS6,TMEM154,IQCN,COL3A1,PXDN,S100A5,ANKRD63,CARD14"
"DEG_MVL_CRC29","149","IRF7","286.30000000000001","ARCHS4 Coexpression,343;Enrichr Queries,274;GTEx Coexpression,242","ABCA1,BATF2,ARHGAP30,KYNU,PXDN,EPSTI1,RUBCNL,RAC2,PLIN2,IFIT1,CTSS"
"DEG_MVL_CRC29","150","RUNX3","286.39999999999998","ARCHS4 Coexpression,836;ENCODE ChIP-seq,86;Enrichr Queries,92;ReMap ChIP-seq,192;GTEx Coexpression,226","CDKN1B,GPR68,PLPPR3,LRRC32,FBXO43,IFIT1,CTSS,EFEMP2,DZANK1,CARNS1,RAC2,EPSTI1,CYP1B1,IL12A,KCNN3,ZNF564,HES7,BATF2,LAG3,STPG3,PRRT2,BCL11B,TRAPPC5,OSM,ANO9,EMP3,TMEM154,ADAM19,SPSB2,FAM167A,ARHGAP30,PXDN,RUBCNL,PLIN2"
"DEG_MVL_CRC29","151","ZNF83","287.80000000000001","ARCHS4 Coexpression,321;Enrichr Queries,318;ReMap ChIP-seq,167;GTEx Coexpression,345","NRSN2,COL16A1,PLPPR3,NTN5,ALOX12,PKD1L2,IFIT1,ACTR3C,ZMAT1,ABLIM3,CCDC30,CYP1B1,TSNAXIP1,OR7D2,ABCA1,PRRT2,MAMSTR,FBXO15,LPAR5,PXDN,EFHC1,PLIN2,ZNF337,ZMYND10,NPTXR,COX20"
"DEG_MVL_CRC29","152","HOXA3","289.30000000000001","ARCHS4 Coexpression,376;Enrichr Queries,338;GTEx Coexpression,154","SPINK2,PLPPR3,CAVIN2,PRUNE2,IER5L,SSC5D,COL3A1,ARHGAP30,PXDN,HOXA2,CYP1B1,FILIP1L,HOXA4"
"DEG_MVL_CRC29","153","STAT1","290.00000000000000","Literature ChIP-seq,55;ARCHS4 Coexpression,228;ENCODE ChIP-seq,5;Enrichr Queries,370;ReMap ChIP-seq,9;GTEx Coexpression,1073","CDKN1B,LIN37,AVIL,ADCY4,IER5L,NOXO1,IFIT1,CTSS,DCST2,EFEMP2,ACTR3C,THPO,KYNU,NNAT,EPSTI1,RAC2,CYP1B1,SH2D6,ARMH1,HES7,ABCA1,BATF2,LAG3,SLC35A4,PRRT2,CFAP73,S100A2,TRAPPC5,OSM,EMP3,ADAM19,RCN3,IQCN,ARHGAP30,ZGLP1,PXDN,ZNF878,S100A5,ZNF337,ZMYND10,NPTXR"
"DEG_MVL_CRC29","154","SP140","290.30000000000001","ARCHS4 Coexpression,180;Enrichr Queries,282;GTEx Coexpression,409","ADAM19,BATF2,ARHGAP30,KYNU,EPSTI1,RUBCNL,RAC2,IFIT1,CTSS,TMEM154"
"DEG_MVL_CRC29","155","ASCL2","291.30000000000001","ARCHS4 Coexpression,197;Enrichr Queries,607;GTEx Coexpression,70","BATF2,CHKB,BCL11B,PLPPR3,ANO9,IFIT1,ANK1,CTSS,TMEM154,ARHGAP30,PXDN,RAC2,CYP1B1,MROH6,CARD14"
"DEG_MVL_CRC29","156","LMX1B","292.30000000000001","ARCHS4 Coexpression,108;Enrichr Queries,336;GTEx Coexpression,433","BCL11B,PLPPR3,PKD1L2,SYT13,SYT8,ANK1,DCST2,RGMA,SOX2,TUBB2B,PXDN,CYP1B1,SERHL2,CARD14,OR7D2"
"DEG_MVL_CRC29","157","NR5A2","292.80000000000001","ARCHS4 Coexpression,190;Enrichr Queries,356;ReMap ChIP-seq,223;GTEx Coexpression,402","DHRS12,AMY2B,PLPPR3,LSMEM1,AMIGO2,PKD1L2,TFPI,TMEM92,SOX2,ACTR3C,NUAK2,DEPTOR,RAB24,CYP1B1,OR7D2,SLC34A3,ABCA1,PDIA2,IFITM10,SLC52A1,PKDREJ,A2ML1,TSPEAR,ANK1,CFAP221,PXDN,TFF1"
"DEG_MVL_CRC29","158","DMRT1","292.80000000000001","Literature ChIP-seq,103;ARCHS4 Coexpression,204;Enrichr Queries,300;GTEx Coexpression,564","SPINK2,BCL11B,PLPPR3,PKD1L2,ALOX12,COX6B2,IFIT1,LRRC32,ANK1,POU5F1,NAALADL2,SMC1B,SOX2,HECW2,PXDN,CYP1B1"
"DEG_MVL_CRC29","159","GLIS3","293.00000000000000","ARCHS4 Coexpression,161;Enrichr Queries,66;GTEx Coexpression,652","ABCA1,PLPPR3,PLAT,ANK1,DNALI1,ADAM19,EFEMP2,TPO,COL3A1,FAM167A,PAX8,KYNU,PXDN,COL5A2,RAC2,EFHC1,CYP1B1,FILIP1L"
"DEG_MVL_CRC29","160","HEY2","295.00000000000000","ARCHS4 Coexpression,357;Enrichr Queries,395;GTEx Coexpression,133","ABCA1,AMIGO2,TFPI,PCDHB10,PLXDC1,SH3RF3,SOX2,COL3A1,ARHGAP30,HAUS7,PXDN,COL5A2,RAC2,CYP1B1,FILIP1L"
"DEG_MVL_CRC29","161","ZNF117","295.69999999999999","ARCHS4 Coexpression,355;Enrichr Queries,476;GTEx Coexpression,56","ABCA1,PLPPR3,ERV3-1,ADCY4,FBXO15,PKD1L2,IFIT1,LIN7B,FABP4,ZMAT1,PXDN,EFHC1,CYP1B1"
"DEG_MVL_CRC29","162","RFX2","296.00000000000000","ARCHS4 Coexpression,2;Enrichr Queries,736;ReMap ChIP-seq,186;GTEx Coexpression,260","LIN37,PLPPR3,DNAH6,PKD1L2,DNALI1,TMEM223,DZANK1,NNAT,CCDC30,CYP1B1,CFAP65,OR7D2,ARMH1,MDH1B,ABCA1,SPINK2,CFAP73,FBXO15,FOXJ1,COX6B2,ANK1,SPOCD1,ARHGAP33,IQCN,CFAP221,KIF4B,PXDN,NEK10,EFHC1,CDHR4,ZMYND10,ZMYND12"
"DEG_MVL_CRC29","163","ZIM3","298.00000000000000","ARCHS4 Coexpression,550;Enrichr Queries,259;GTEx Coexpression,85","ZNF396,SPINK2,PLPPR3,SLC52A1,PKDREJ,PKD1L2,COX6B2,ANK1,SMC1B,COL3A1,THPO,KIF4B,DCHS2,PXDN,NNAT,NEK10,ZMYND10,OR7D2"
"DEG_MVL_CRC29","164","OLIG2","299.30000000000001","Literature ChIP-seq,40;ARCHS4 Coexpression,426;Enrichr Queries,185;GTEx Coexpression,546","PLPPR3,TFPI,SOX2,NUAK2,DEPTOR,GNG4,CARNS1,NNAT,CYP1B1,HOXA2,HOXA4,HES7,TLE4,LAG3,SPINK2,TTC34,BCL11B,SYT13,ANK1,SYT8,VASN,RGMA,SPSB2,TUBB2B,PAX8,SMOC1,HECW2,PXDN,COL5A2"
"DEG_MVL_CRC29","165","GBX1","300.00000000000000","ARCHS4 Coexpression,115;Enrichr Queries,643;GTEx Coexpression,142","MYH7B,COL13A1,BCL11B,MAMSTR,PLPPR3,ATP2A1,ANK1,SMC1B,DEPTOR,PXDN,NEK10,TNNI1,TNNI2"
"DEG_MVL_CRC29","166","BHLHE22","300.00000000000000","ARCHS4 Coexpression,184;ReMap ChIP-seq,11;GTEx Coexpression,705","PLPPR3,NOXO1,NTN5,GPT,SLCO5A1,LRRC32,DCST2,CARNS1,RAB24,RAC2,TNNI2,CCDC183,ARMH1,LAG3,STPG3,PRRT2,S100A2,MAMSTR,OSM,EMP3,PLXDC1,SYT8,ARHGAP33,GPR162,IQCN,FAM167A,TUBB2B,S100A5,NPTXR,IL17C"
"DEG_MVL_CRC29","167","PAX4","301.69999999999999","ARCHS4 Coexpression,276;Enrichr Queries,408;GTEx Coexpression,221","PLPPR3,REG4,AVIL,PRUNE2,ANO9,SLC52A1,PKD1L2,B3GALT5,SOX2,CFAP221,MUC2,GNG4,PXDN,CCDC30,SH2D6,PCK1,OR7D2"
"DEG_MVL_CRC29","168","PAX9","303.30000000000001","ARCHS4 Coexpression,333;Enrichr Queries,496;GTEx Coexpression,81","CFAP73,S100A2,BCL11B,PLPPR3,SPNS2,FOXJ1,A2ML1,ANK1,SOX2,LPAR5,PXDN,CYP1B1,IL12A,MROH6,ZMYND10,CFAP65"
"DEG_MVL_CRC29","169","STAT4","304.30000000000001","Literature ChIP-seq,87;ARCHS4 Coexpression,602;Enrichr Queries,86;GTEx Coexpression,442","PLPPR3,AMIGO2,IFIT1,TFPI,CTSS,UPK1A,KYNU,RAC2,EPSTI1,CYP1B1,ARMH1,ABCA1,HES7,LAG3,CHKB,BCL11B,OSM,EMP3,ADAM19,SPSB2,CLEC2B,ARHGAP30,P4HA3,PXDN,RUBCNL"
"DEG_MVL_CRC29","170","ONECUT3","305.30000000000001","ARCHS4 Coexpression,320;Enrichr Queries,503;GTEx Coexpression,93","SPINK2,BCL11B,PLPPR3,SLC52A1,PKDREJ,PKD1L2,COX6B2,ANK1,SMC1B,RGMA,SOX2,KIF4B,DZANK1,PXDN,CCDC30,ZMYND10,OR7D2"
"DEG_MVL_CRC29","171","NFIX","305.69999999999999","ARCHS4 Coexpression,131;Enrichr Queries,359;GTEx Coexpression,427","ABCA1,PRRT2,COL16A1,COL13A1,PLPPR3,PRUNE2,ATP2A1,ANK1,PCDHGA9,COL3A1,EFEMP2,PXDN,COL5A2,CARNS1,CYP1B1,TNNI2"
"DEG_MVL_CRC29","172","GLI3","307.30000000000001","ARCHS4 Coexpression,375;Enrichr Queries,482;GTEx Coexpression,65","ABCA1,TLE4,COL16A1,SSC5D,PLAT,RGMA,SOX2,EFEMP2,COL3A1,PXDN,COL5A2,RAC2,CYP1B1,JCAD"
"DEG_MVL_CRC29","173","PRDM5","307.80000000000001","Literature ChIP-seq,152;ARCHS4 Coexpression,77;Enrichr Queries,107;GTEx Coexpression,895","ABCA1,TTC34,COL16A1,PLPPR3,FBXO15,PKD1L2,TFPI,ANK1,INPP4B,EFEMP2,COL3A1,CFAP221,PXDN,COL5A2,CCDC30,EFHC1,SMN2,CYP1B1,HOXA2,OR7D2"
"DEG_MVL_CRC29","174","PDX1","308.00000000000000","Literature ChIP-seq,139;ARCHS4 Coexpression,338;Enrichr Queries,94;ReMap ChIP-seq,237;GTEx Coexpression,732","DHRS12,AMY2B,PLPPR3,PRUNE2,SOX2,NUAK2,GNG4,HOXA2,TSNAXIP1,PCK1,FILIP1L,HES7,SLC34A3,PDIA2,MYH7B,BCL11B,B3GALT5,SYT13,ANK1,CFAP221,FAM167A,PAX8,PXDN,VAMP1,ZMYND10,COX20"
"DEG_MVL_CRC29","175","ZNF532","308.00000000000000","ARCHS4 Coexpression,348;Enrichr Queries,382;GTEx Coexpression,194","ABCA1,TLE4,PRRT2,COL13A1,PLPPR3,AMIGO2,PCDHB10,RGMA,SOX2,TUBB2B,ARHGAP30,PXDN,COL5A2,RAC2,CYP1B1,ZNF337,COX20"
"DEG_MVL_CRC29","176","POU3F1","309.50000000000000","Literature ChIP-seq,70;ARCHS4 Coexpression,222;Enrichr Queries,178;GTEx Coexpression,768","PLPPR3,GPR68,IER5L,RPL36A,NOXO1,PLAT,ISM1,NUDT6,SOX2,ABLIM3,KYNU,CARNS1,TNNI1,CYP1B1,TLE4,LAG3,BCL11B,RARRES1,SYT8,ANK1,PLXDC1,WDR54,RGMA,ARHGAP33,INPP4B,SPSB2,TUBB2B,ARHGAP30,PXDN,VAMP1,CARD14"
"DEG_MVL_CRC29","177","FOXF2","309.69999999999999","ARCHS4 Coexpression,775;Enrichr Queries,60;GTEx Coexpression,94","PLPPR3,CAVIN2,PRUNE2,SSC5D,PLAT,LRRC32,TFPI,PLXDC1,VASN,RGMA,SOX2,COL3A1,EFEMP2,PXDN,COL5A2,HOXA2,CYP1B1,HOXA4,COX20"
"DEG_MVL_CRC29","178","HOXB1","310.00000000000000","ARCHS4 Coexpression,771;Enrichr Queries,116;GTEx Coexpression,43","S100A2,BCL11B,PLPPR3,A2ML1,POU5F1,TMEM154,RGMA,SOX2,TUBB2B,NUAK2,LPAR5,PXDN,CYP1B1,HOXA2,MROH6,CARD14,HOXA4"
"DEG_MVL_CRC29","179","RFX8","311.00000000000000","ARCHS4 Coexpression,341;GTEx Coexpression,281","SPOCD1,RCN3,EFEMP2,PXDN,COL5A2,EMP3,VASN"
"DEG_MVL_CRC29","180","L3MBTL4","312.00000000000000","ARCHS4 Coexpression,148;GTEx Coexpression,476","STPG3,CFAP221,DZANK1,LMNTD2,CCDC30,FBXO15,PKD1L2,CARD14,OR7D2,DCST2"
"DEG_MVL_CRC29","181","FOXD4L1","312.69999999999999","ARCHS4 Coexpression,473;Enrichr Queries,49;GTEx Coexpression,416","PRRT2,PLPPR3,LSMEM1,PRUNE2,ANK1,ARHGAP24,CHFR,RGMA,TMEM154,GPR162,IQCN,ZGLP1,PXDN,SMN2,CYP1B1,PLCH2,LY6G5C,OR7D2"
"DEG_MVL_CRC29","182","FOXE1","313.00000000000000","ARCHS4 Coexpression,232;Enrichr Queries,519;GTEx Coexpression,188","BCL11B,PLPPR3,ISM1,ANK1,SOX2,TPO,FAM167A,ZMAT1,DEPTOR,PAX8,PXDN,HAS3,CYP1B1"
"DEG_MVL_CRC29","183","TBX15","313.69999999999999","ARCHS4 Coexpression,110;Enrichr Queries,216;GTEx Coexpression,615","MYH7B,COL16A1,PLPPR3,CAVIN2,MAMSTR,ATP2A1,ANK1,COL3A1,DEPTOR,PXDN,COL5A2,TNNI1,TNNI2,CYP1B1,FILIP1L"
"DEG_MVL_CRC29","184","ZNF233","315.00000000000000","ARCHS4 Coexpression,99;Enrichr Queries,575;GTEx Coexpression,271","ABCA1,TTC34,AMIGO2,PRUNE2,FBXO15,PKD1L2,ARHGAP24,CFAP221,KIF4B,PXDN,NEK10,CCDC30,EFHC1,CYP1B1,TSNAXIP1,ZMYND12,OR7D2"
"DEG_MVL_CRC29","185","DACH1","317.00000000000000","Literature ChIP-seq,150;ARCHS4 Coexpression,596;Enrichr Queries,205","ABCA1,TLE4,BCL11B,PLPPR3,TRAPPC5,TMEM92,WDR54,SOX2,INPP4B,COL3A1,TUBB2B,GNG4,PXDN,CYP1B1,SH2D6,COX20"
"DEG_MVL_CRC29","186","NKX32","317.00000000000000","ARCHS4 Coexpression,551;GTEx Coexpression,83","COL13A1,DCHS2,PRUNE2,PXDN,IER5L,HOXA2,SSC5D,KCNN3,PLXDC1,JCAD"
"DEG_MVL_CRC29","187","MEOX2","319.00000000000000","ARCHS4 Coexpression,39;Enrichr Queries,319;GTEx Coexpression,599","COL16A1,CAVIN2,KCNIP2,ADCY4,SSC5D,LRRC32,TFPI,INPP4B,COL3A1,FABP4,PXDN,COL5A2,CYP1B1,JCAD"
"DEG_MVL_CRC29","188","NFE2L2","319.80000000000001","Literature ChIP-seq,67;ARCHS4 Coexpression,764;Enrichr Queries,527;ReMap ChIP-seq,59;GTEx Coexpression,182","NRSN2,LIN37,PLPPR3,IER5L,RPL36A,NOXO1,GPT,FBXO43,LIN7B,CTSS,DCST2,EFEMP2,CYP1B1,IL12A,SH2D6,REM2,HES7,SLC34A3,ABCA1,TLE4,STPG3,SPINK2,PRRT2,S100A2,MAMSTR,SERPINF2,A2ML1,SSC5D,EMP3,TMEM154,IQCN,INPP4B,TUBB2B,LPAR5,ZGLP1,PXDN,PLIN2,LY6G5C,CARD14"
"DEG_MVL_CRC29","189","MSC","320.00000000000000","ARCHS4 Coexpression,383;Enrichr Queries,30;GTEx Coexpression,547","ABCA1,COL16A1,PLPPR3,GPR68,EMP3,LRRC32,SH3RF3,ADAM19,COL3A1,HAUS7,KYNU,PXDN,COL5A2,ZNF878,EPSTI1,CYP1B1"
"DEG_MVL_CRC29","190","NKX26","321.00000000000000","ARCHS4 Coexpression,16;GTEx Coexpression,626","COL16A1,COL13A1,KCNIP2,VASN,RCN3,SBK3,EFEMP2,PXDN,TNNI1,MTCP1,ANKRD63,JCAD,CCDC183"
"DEG_MVL_CRC29","191","ZBTB8B","321.50000000000000","ARCHS4 Coexpression,300;GTEx Coexpression,343","SOX2,ZNF396,NRSN2,GNG4,CCDC30,SLC52A1,PKD1L2,SYT13,OR7D2"
"DEG_MVL_CRC29","192","NR0B1","322.30000000000001","Literature ChIP-seq,41;ARCHS4 Coexpression,757;Enrichr Queries,7;GTEx Coexpression,484","NRSN2,CDKN1B,COL13A1,PLPPR3,ADCY4,NOXO1,SLCO5A1,TFPI,SOX2,CALB2,GNG4,NNAT,RAC2,HAS3,CYP1B1,HOXA2,ABCA1,IFITM10,BCL11B,TRAPPC5,FBXO15,SYT13,POU5F1,SMC1B,ADAM19,TUBB2B,COL3A1,FAM167A,SMOC1,COL5A2,PLIN2,ZMYND12"
"DEG_MVL_CRC29","193","ZBED2","322.30000000000001","ARCHS4 Coexpression,534;Enrichr Queries,25;GTEx Coexpression,408","LAG3,S100A2,CAVIN2,AMIGO2,PLAT,A2ML1,ISM1,IFIT1,ADAM19,INPP4B,TPO,ZMAT1,PAX8,PXDN,COL5A2,EPSTI1,HAS3,RAC2,CYP1B1"
"DEG_MVL_CRC29","194","PAX2","326.00000000000000","ARCHS4 Coexpression,398;Enrichr Queries,184;GTEx Coexpression,396","SLC34A3,STPG3,BCL11B,COL13A1,PLPPR3,LMNTD2,MRPS6,ANK1,ARHGAP24,RGMA,SOX2,ARHGAP33,PAX8,PXDN,CYP1B1,PCK1"
"DEG_MVL_CRC29","195","HIF1A","326.19999999999999","Literature ChIP-seq,11;ARCHS4 Coexpression,284;Enrichr Queries,897;ReMap ChIP-seq,160;GTEx Coexpression,279","PNMT,NRSN2,COL16A1,CDKN1B,AMIGO2,GPT,DCST2,SOX2,EFEMP2,THPO,CARNS1,TNNI2,CYP1B1,CA9,SLC34A3,ABCA1,SPNS2,OSM,EMP3,SYT8,NAALADL2,WDR54,SPOCD1,RCN3,PXDN,COL5A2,TFF1,ZMYND10,COX20"
"DEG_MVL_CRC29","196","NHLH1","326.30000000000001","ARCHS4 Coexpression,739;Enrichr Queries,59;GTEx Coexpression,181","LIN37,BCL11B,PLPPR3,FOXJ1,SYT13,SOX2,TUBB2B,COL3A1,ARHGAP30,PXDN,NNAT,RAC2,PLCH2,LY6G5C,REM2"
"DEG_MVL_CRC29","197","ZNF114","326.69999999999999","ARCHS4 Coexpression,706;Enrichr Queries,82;GTEx Coexpression,192","ABCA1,PLPPR3,SLC52A1,PKD1L2,EMP3,IFIT1,TFPI,SOX2,TPO,FAM167A,ZMAT1,PAX8,DZANK1,GNG4,PXDN,CYP1B1,PLIN2,OR7D2"
"DEG_MVL_CRC29","198","HOXA4","326.69999999999999","ARCHS4 Coexpression,371;Enrichr Queries,316;GTEx Coexpression,293","PLPPR3,CAVIN2,PRUNE2,SSC5D,ANK1,RGMA,EFEMP2,PXDN,NNAT,HOXA2,CYP1B1,TNNI2,IL12A,CA9"
"DEG_MVL_CRC29","199","SP8","327.00000000000000","ARCHS4 Coexpression,412;Enrichr Queries,197;GTEx Coexpression,372","ABCA1,TLE4,BCL11B,PLPPR3,SYT8,RGMA,SOX2,TUBB2B,SMOC1,PXDN,CYP1B1,PLCH2,CARD14"
"DEG_MVL_CRC29","200","ZNF101","327.30000000000001","ARCHS4 Coexpression,160;Enrichr Queries,635;GTEx Coexpression,187","BCL11B,PLPPR3,SLC52A1,PKD1L2,CTSS,CHFR,ARHGAP30,PXDN,RUBCNL,RAC2,EPSTI1,CCDC30,OR7D2,CARD14"
"DEG_MVL_CRC29","201","TBR1","327.69999999999999","ARCHS4 Coexpression,295;Enrichr Queries,411;GTEx Coexpression,277","NRSN2,PRRT2,ANKRD24,BCL11B,PLPPR3,SYT13,SYN3,ANK1,SOX2,CALB2,GPR162,TUBB2B,GNG4,PXDN,NNAT,NPTXR"
"DEG_MVL_CRC29","202","ELF1","328.39999999999998","Literature ChIP-seq,13;ARCHS4 Coexpression,109;ENCODE ChIP-seq,87;ReMap ChIP-seq,80;GTEx Coexpression,1353","NRSN2,CDKN1B,COL16A1,LIN37,PLPPR3,IER5L,RPL36A,NOXO1,GPT,ATP2A1,CTSS,DCST2,EFEMP2,TMEM223,DZANK1,HAUS7,CARNS1,RAB24,EPSTI1,RAC2,MROH6,KCNN3,CFAP65,ZNF564,HES7,SLC34A3,MYH7B,STPG3,LAG3,PRRT2,MAMSTR,CAVIN2,LMNTD2,SPNS2,SSC5D,EMP3,VASN,IQCN,GPR162,ARHGAP30,CLEC2B,ZMYND10,IL17C,ZMYND12,COX20"
"DEG_MVL_CRC29","203","SOX13","328.80000000000001","ARCHS4 Coexpression,202;Enrichr Queries,405;ReMap ChIP-seq,118;GTEx Coexpression,590","NRSN2,PLPPR3,ADCY4,NOXO1,GPT,PKD1L2,LRRC32,SOX2,NUAK2,TMEM204,KYNU,RAC2,CYP1B1,PCK1,CCDC183,HOXA4,HES7,SLC34A3,ABCA1,LAG3,STPG3,CAVIN2,SERPINF2,DHRS2,ANK1,POU5F1,RGMA,IQCN,HAL,ARHGAP30,SMOC1,PXDN,PLIN2"
"DEG_MVL_CRC29","204","TCF7","330.60000000000002","Literature ChIP-seq,79;ARCHS4 Coexpression,483;Enrichr Queries,442;ReMap ChIP-seq,254;GTEx Coexpression,395","PNMT,CDKN1B,COL13A1,PLPPR3,NOXO1,GPT,PKD1L2,LIN7B,CTSS,DCST2,EFEMP2,TMEM223,RAC2,TNNI1,KCNN3,FILIP1L,SLC34A3,MYH7B,PRRT2,BCL11B,TRAPPC5,SPNS2,ANK1,ADAM19,FAM167A,ARHGAP30,PXDN,RUBCNL,VAMP1,PLCH2,LY6G5C,NPTXR"
"DEG_MVL_CRC29","205","FOXP1","330.80000000000001","Literature ChIP-seq,44;ARCHS4 Coexpression,677;Enrichr Queries,576;ReMap ChIP-seq,164;GTEx Coexpression,193","NRSN2,CDKN1B,PLPPR3,PRUNE2,AMIGO2,PKD1L2,LIN7B,EFEMP2,TMEM223,HOXA2,FILIP1L,HOXA4,HES7,SLC34A3,TLE4,ABCA1,LAG3,STPG3,PRRT2,BCL11B,FBXO15,SSC5D,EMP3,ANK1,ARHGAP24,NAALADL2,SPSB2,PXDN,COX20"
"DEG_MVL_CRC29","206","POU4F2","331.30000000000001","ARCHS4 Coexpression,536;Enrichr Queries,298;ReMap ChIP-seq,258;GTEx Coexpression,233","ABCA1,SPINK2,PRRT2,CDKN1B,LIN37,BCL11B,PLPPR3,PKDREJ,EMP3,COX6B2,IFIT1,DHRS2,SOX2,ARHGAP33,TMEM223,TUBB2B,NUAK2,PAX8,KIF4B,PXDN,CYP1B1,HOXA2,ZMYND10"
"DEG_MVL_CRC29","207","ZNF471","332.69999999999999","ARCHS4 Coexpression,32;Enrichr Queries,544;GTEx Coexpression,422","ABCA1,TTC34,COL16A1,PLPPR3,CAVIN2,FBXO15,PKD1L2,TFPI,ARHGAP33,COL3A1,CFAP221,ZMAT1,KYNU,PXDN,CCDC30,EFHC1,CYP1B1,OR7D2,COX20"
"DEG_MVL_CRC29","208","BNC1","332.69999999999999","ARCHS4 Coexpression,230;Enrichr Queries,23;GTEx Coexpression,745","COL16A1,S100A2,PLPPR3,CAVIN2,AMIGO2,PLAT,TFPI,DCST2,SMC1B,COL3A1,PXDN,COL5A2,HAS3,CYP1B1,PLCH2,CARD14"
"DEG_MVL_CRC29","209","SOX8","333.00000000000000","ARCHS4 Coexpression,417;Enrichr Queries,87;GTEx Coexpression,495","SOX2,ABCA1,TUBB2B,BCL11B,PLPPR3,SMOC1,CARNS1,PXDN,NNAT,CYP1B1,ANK1,RGMA"
"DEG_MVL_CRC29","210","PRDM6","334.69999999999999","ARCHS4 Coexpression,630;Enrichr Queries,203;GTEx Coexpression,171","BCL11B,PLPPR3,AMIGO2,PCDHB10,ANK1,RGMA,SH3RF3,COL3A1,HAUS7,PXDN,COL5A2,EFHC1,CYP1B1,FILIP1L,JCAD"
"DEG_MVL_CRC29","211","BATF","335.19999999999999","ARCHS4 Coexpression,116;ENCODE ChIP-seq,92;Enrichr Queries,454;ReMap ChIP-seq,256;GTEx Coexpression,758","LAG3,CDKN1B,PLPPR3,GPR68,TRAPPC5,EMP3,IFIT1,POU5F1,CTSS,TMEM154,ADAM19,IQCN,FAM167A,ARHGAP30,CLEC2B,KYNU,PXDN,RUBCNL,RAC2,EPSTI1,TFF1,KCNN3"
"DEG_MVL_CRC29","212","NR1H3","335.39999999999998","Literature ChIP-seq,127;ARCHS4 Coexpression,781;Enrichr Queries,277;ReMap ChIP-seq,195;GTEx Coexpression,297","ABCA1,PLPPR3,GPR68,REG4,ADCY4,PKD1L2,IFIT1,MRPS6,NAALADL2,CTSS,ADAM19,RCN3,FAM167B,FABP4,ABLIM3,KYNU,PXDN,CCDC30,EFHC1,EPSTI1,CYP1B1,PLIN2,ZMYND12,CCDC194"
"DEG_MVL_CRC29","213","STAT2","336.19999999999999","ARCHS4 Coexpression,410;ENCODE ChIP-seq,35;Enrichr Queries,485;ReMap ChIP-seq,252;GTEx Coexpression,499","ABCA1,BATF2,CHKB,LIN37,CAVIN2,PLAT,IFIT1,CTSS,ZMAT1,ARHGAP30,DCHS2,PXDN,EFHC1,EPSTI1,MROH6,ZNF564,CCDC194"
"DEG_MVL_CRC29","214","MTERF4","337.50000000000000","ARCHS4 Coexpression,393;GTEx Coexpression,282","PRRT2,PAX8,ZGLP1,CAVIN2,TMEM204,ZNF337,ALOX12,OR7D2,ZMYND12"
"DEG_MVL_CRC29","215","ZNF385D","338.00000000000000","ARCHS4 Coexpression,478;Enrichr Queries,456;GTEx Coexpression,80","COL13A1,PLPPR3,CAVIN2,PRUNE2,IER5L,FBXO15,ALOX12,PCDHB10,SH3RF3,INPP4B,HAUS7,PXDN,COL5A2,CCDC30,CYP1B1,FILIP1L"
"DEG_MVL_CRC29","216","BCL11A","338.80000000000001","ARCHS4 Coexpression,301;ENCODE ChIP-seq,78;Enrichr Queries,711;ReMap ChIP-seq,198;GTEx Coexpression,406","CDKN1B,PLPPR3,NOXO1,GPT,SLCO5A1,LRRC32,EFEMP2,CARNS1,CYP1B1,SH2D6,HES7,SLC34A3,ABCA1,STPG3,PRRT2,BCL11B,TRAPPC5,SYN3,SYT8,ANK1,TMEM154,ADAM19,IQCN,FAM167A,ARHGAP30,LPAR5,PXDN,SERHL2,LY6G5C,CARD14,COX20"
"DEG_MVL_CRC29","217","NRF1","339.39999999999998","ARCHS4 Coexpression,489;ENCODE ChIP-seq,99;Enrichr Queries,1008;ReMap ChIP-seq,55;GTEx Coexpression,46","NRSN2,CDKN1B,LIN37,PLPPR3,AVIL,LSMEM1,IER5L,NOXO1,GPT,LIN7B,DCST2,EFEMP2,NNAT,RAC2,CA9,MROH6,REM2,ZNF564,CCDC183,MDH1B,HES7,SLC34A3,TLE4,STPG3,PRRT2,MAMSTR,TRAPPC5,EMP3,ANK1,TMEM154,ARHGAP33,SPSB2,IQCN,ARHGAP30,ZGLP1,PXDN,EFHC1,ZNF337,ZMYND10,LY6G5C"
"DEG_MVL_CRC29","218","EN1","340.30000000000001","ARCHS4 Coexpression,223;Enrichr Queries,36;GTEx Coexpression,762","BCL11B,PLPPR3,CAVIN2,ATP2A1,SYT13,IFIT1,ANK1,RGMA,SOX2,COL3A1,TUBB2B,CFAP221,PXDN,COL5A2,NNAT,TNNI1,TNNI2,CYP1B1"
"DEG_MVL_CRC29","219","LHX3","342.69999999999999","ARCHS4 Coexpression,789;Enrichr Queries,98;GTEx Coexpression,141","PLPPR3,KCNIP2,NTN5,FOXJ1,SYT13,ANK1,SOX2,ZMAT1,NNAT,PXDN,CCDC30,EFHC1,HOXA2,PLCH2,HOXA4"
"DEG_MVL_CRC29","220","TET2","343.50000000000000","ARCHS4 Coexpression,290;GTEx Coexpression,397","ARHGAP30,KYNU,RUBCNL,RAC2,FBXO15,CTSS,TMEM154"
"DEG_MVL_CRC29","221","HOXB6","346.30000000000001","ARCHS4 Coexpression,370;Enrichr Queries,210;GTEx Coexpression,459","COL13A1,PLPPR3,ANO9,PLAT,B3GALT5,COL3A1,EFEMP2,MUC2,PXDN,COL5A2,HOXA2,CYP1B1,MROH6,HOXA4"
"DEG_MVL_CRC29","222","KLF2","346.50000000000000","Literature ChIP-seq,102;ARCHS4 Coexpression,700;Enrichr Queries,269;GTEx Coexpression,315","ABCA1,FGFBP2,PLPPR3,CAVIN2,ADCY4,OSM,EMP3,CTSS,SOX2,COL3A1,ARHGAP30,PXDN,RAC2,CYP1B1"
"DEG_MVL_CRC29","223","FOXA2","348.30000000000001","Literature ChIP-seq,107;ARCHS4 Coexpression,776;ENCODE ChIP-seq,6;Enrichr Queries,814;ReMap ChIP-seq,213;GTEx Coexpression,174","NRSN2,CDKN1B,PLPPR3,AMIGO2,ADCY4,MPL,PLAT,TFPI,LRRC32,TMEM92,SOX2,ACTR3C,NUAK2,DEPTOR,THPO,GNG4,KYNU,RAB24,CCDC30,HOXA2,CYP1B1,CA9,FILIP1L,PCK1,HOXA4,ABCA1,TLE4,PDIA2,MYH7B,PRRT2,SERPINF2,FOXJ1,SYT13,SYN3,DHRS2,PLXDC1,VASN,NAALADL2,SMC1B,SBK3,INPP4B,HAL,SMOC1,PXDN,COL5A2,NEK10,TFF1"
"DEG_MVL_CRC29","224","RUNX1","348.39999999999998","Literature ChIP-seq,66;ARCHS4 Coexpression,1287;Enrichr Queries,127;ReMap ChIP-seq,40;GTEx Coexpression,222","NRSN2,CDKN1B,LIN37,GPR68,PLPPR3,ADCY4,IER5L,NOXO1,GPT,IFIT1,LRRC32,CTSS,DCST2,EFEMP2,ABLIM3,CARNS1,RAB24,RAC2,CYP1B1,HES7,ABCA1,STPG3,TRAPPC5,OSM,EMP3,B3GALT5,ANK1,NAALADL2,RCN3,ADAM19,IQCN,COL3A1,CLEC2B,ARHGAP30,LPAR5,PAX8,ZGLP1,PXDN,COL5A2,S100A5,CDHR4,ZMYND10,CCDC194"
"DEG_MVL_CRC29","225","ZMAT1","349.00000000000000","ARCHS4 Coexpression,539;Enrichr Queries,434;GTEx Coexpression,74","ABCA1,CHKB,PLPPR3,NTN5,FBXO15,IFIT1,ANK1,INPP4B,CFAP221,PAX8,DZANK1,PXDN,CCDC30,EFHC1,CYP1B1"
"DEG_MVL_CRC29","226","MXI1","349.39999999999998","ARCHS4 Coexpression,710;ENCODE ChIP-seq,52;Enrichr Queries,685;ReMap ChIP-seq,39;GTEx Coexpression,261","NRSN2,CDKN1B,LIN37,PLPPR3,PRUNE2,DNAH6,IER5L,NOXO1,GPT,LIN7B,DNALI1,DCST2,CALB2,EFEMP2,TMEM223,ABLIM3,RAB24,IL12A,MROH6,CFAP65,CCDC183,HES7,SLC34A3,ABCA1,BATF2,LAG3,STPG3,PRRT2,LMNTD2,TRAPPC5,ANO9,PCDHB10,ANK1,VASN,SMC1B,TMEM154,ARHGAP33,SPSB2,GPR162,ZGLP1,PXDN,NEK10,PLIN2,ZMYND10,LY6G5C,COX20"
"DEG_MVL_CRC29","227","ZNF667","349.69999999999999","ARCHS4 Coexpression,165;Enrichr Queries,811;GTEx Coexpression,73","ABCA1,NRSN2,PLPPR3,FBXO15,PKD1L2,ARHGAP33,CFAP221,DZANK1,GNG4,NNAT,PXDN,CCDC30,EFHC1,CYP1B1,OR7D2"
"DEG_MVL_CRC29","228","TERB1","351.00000000000000","ARCHS4 Coexpression,261;GTEx Coexpression,441","ZNF396,SPINK2,CFAP221,SLC52A1,PKD1L2,ZMYND10,COX6B2,OR7D2,SMC1B"
"DEG_MVL_CRC29","229","PAX8","351.50000000000000","ARCHS4 Coexpression,278;Enrichr Queries,440;ReMap ChIP-seq,259;GTEx Coexpression,429","ABCA1,BCL11B,PLPPR3,SPNS2,ERV3-1,IER5L,SLC52A1,ISM1,IFIT1,ANK1,SPOCD1,SOX2,IQCN,TPO,FAM167A,COL3A1,ZMAT1,DEPTOR,PXDN,CYP1B1,SH2D6,CARD14,COX20"
"DEG_MVL_CRC29","230","ZNF442","352.30000000000001","ARCHS4 Coexpression,141;Enrichr Queries,62;GTEx Coexpression,854","ABCA1,TAS2R20,PLPPR3,AMIGO2,FBXO15,SLC52A1,PKD1L2,IFIT1,CTSS,CFAP221,PXDN,COL5A2,EPSTI1,ZNF878,CCDC30,CYP1B1,OR7D2,ZNF564"
"DEG_MVL_CRC29","231","MYF5","354.00000000000000","ARCHS4 Coexpression,369;Enrichr Queries,357;GTEx Coexpression,336","MAMSTR,PLPPR3,CAVIN2,PRUNE2,ATP2A1,TFPI,ANK1,ARHGAP24,SOX2,ADAM19,COL3A1,FABP4,COL5A2,TNNI1,TNNI2,CYP1B1"
"DEG_MVL_CRC29","232","POU2F2","354.00000000000000","ARCHS4 Coexpression,563;ENCODE ChIP-seq,108;Enrichr Queries,281;ReMap ChIP-seq,162;GTEx Coexpression,656","DHRS12,CDKN1B,LIN37,PLPPR3,NOXO1,CTSS,EFEMP2,CARNS1,RAC2,EPSTI1,KCNN3,ZNF564,HES7,ABCA1,PRRT2,TRAPPC5,ADAM19,IQCN,FAM167A,ARHGAP30,LPAR5,PXDN,RUBCNL,VAMP1,ZNF337,IL17C,CCDC194"
"DEG_MVL_CRC29","233","ESR1","354.00000000000000","Literature ChIP-seq,7;ARCHS4 Coexpression,1192;ENCODE ChIP-seq,20;Enrichr Queries,231;ReMap ChIP-seq,177;GTEx Coexpression,497","COL16A1,CDKN1B,PLPPR3,IER5L,NOXO1,ALOX12,GPT,PLAT,DCST2,SOX2,NUAK2,DEPTOR,ABLIM3,TNNI2,CYP1B1,FILIP1L,SLC34A3,ABCA1,IFITM10,CAVIN2,SPNS2,OSM,SSC5D,SYT8,ANK1,DHRS2,ARHGAP24,VASN,INPP4B,IQCN,TUBB2B,PXDN,TFF1"
"DEG_MVL_CRC29","234","FOXD1","355.00000000000000","ARCHS4 Coexpression,158;GTEx Coexpression,552","RCN3,EFEMP2,COL13A1,COL5A2,PXDN,VASN,JCAD"
"DEG_MVL_CRC29","235","BARHL1","355.69999999999999","ARCHS4 Coexpression,440;Enrichr Queries,179;GTEx Coexpression,448","PRRT2,COL13A1,BCL11B,PLPPR3,FOXJ1,SYT13,ANK1,SOX2,GPR162,TUBB2B,PXDN,NNAT,ZNF337"
"DEG_MVL_CRC29","236","TRERF1","356.00000000000000","ARCHS4 Coexpression,544;Enrichr Queries,447;GTEx Coexpression,77","ABCA1,BCL11B,PLPPR3,A2ML1,ANK1,CTSS,TMEM154,ADAM19,NUAK2,ARHGAP30,LPAR5,PXDN,RAC2,CYP1B1,MROH6,CARD14"
"DEG_MVL_CRC29","237","ZNF19","356.30000000000001","ARCHS4 Coexpression,48;Enrichr Queries,1017;GTEx Coexpression,4","ABCA1,SPINK2,STPG3,TTC34,PLPPR3,LRRIQ1,FBXO15,PKD1L2,COX6B2,DNALI1,SMC1B,IQCN,CFAP221,DZANK1,PXDN,CCDC30,EFHC1,TSNAXIP1,ZMYND10,OR7D2,MDH1B"
"DEG_MVL_CRC29","238","ZNF366","356.69999999999999","ARCHS4 Coexpression,810;Enrichr Queries,199;GTEx Coexpression,61","ABCA1,CAVIN2,PLPPR3,ADCY4,PKD1L2,LRRC32,ADAM19,FABP4,ABLIM3,TMEM204,KYNU,PXDN,CYP1B1,OR7D2"
"DEG_MVL_CRC29","239","CTCFL","357.19999999999999","ARCHS4 Coexpression,462;ENCODE ChIP-seq,80;Enrichr Queries,510;ReMap ChIP-seq,121;GTEx Coexpression,613","PNMT,COL13A1,PLPPR3,RPL36A,NOXO1,GPT,PKD1L2,LIN7B,DCST2,SOX2,CALB2,EFEMP2,ACTR3C,NUAK2,THPO,CARNS1,RAB24,CCDC30,IL12A,PCK1,OR7D2,HOXA4,HES7,SLC34A3,BATF2,SPINK2,STPG3,PRRT2,TRAPPC5,FBXO15,SSC5D,COX6B2,ANK1,PCDHB10,SMC1B,ADAM19,SPOCD1,IQCN,TUBB2B,PXDN,ANKRD63,ZMYND10,NPTXR,CCDC194"
"DEG_MVL_CRC29","240","NFIB","357.50000000000000","Literature ChIP-seq,30;ARCHS4 Coexpression,692;Enrichr Queries,376;GTEx Coexpression,332","ABCA1,BCL11B,COL13A1,PLPPR3,CAVIN2,TRAPPC5,ADCY4,SLCO5A1,SYN3,LRRC32,FBXO43,WDR54,NAALADL2,COL3A1,FAM167A,GNG4,PXDN,COL5A2,NNAT,CYP1B1,FILIP1L,NPTXR"
"DEG_MVL_CRC29","241","TBX3","357.80000000000001","Literature ChIP-seq,38;ARCHS4 Coexpression,164;Enrichr Queries,404;GTEx Coexpression,825","ABCA1,IFITM10,COL16A1,COL13A1,OSM,PLAT,TFPI,ANK1,PLXDC1,VASN,POU5F1,RGMA,SOX2,RCN3,ADAM19,INPP4B,COL3A1,EFEMP2,UPK1A,PXDN,HAS3,CYP1B1,TSNAXIP1,JCAD"
"DEG_MVL_CRC29","242","PAX7","359.00000000000000","ARCHS4 Coexpression,236;Enrichr Queries,490;GTEx Coexpression,351","BCL11B,MAMSTR,PLPPR3,ATP2A1,ANK1,RGMA,SOX2,ARHGAP33,TUBB2B,SMOC1,PXDN,TNNI1,TNNI2"
"DEG_MVL_CRC29","243","HOXA7","359.69999999999999","ARCHS4 Coexpression,474;Enrichr Queries,371;GTEx Coexpression,234","SPINK2,MAMSTR,PLPPR3,CAVIN2,MPL,ATP2A1,COL3A1,DEPTOR,PXDN,TNNI1,TNNI2,CYP1B1,HOXA2,HOXA4"
"DEG_MVL_CRC29","244","SOX15","360.69999999999999","ARCHS4 Coexpression,599;Enrichr Queries,244;GTEx Coexpression,239","S100A2,PLPPR3,A2ML1,TFPI,POU5F1,TMEM92,TMEM154,RGMA,SOX2,LPAR5,PXDN,NNAT,HAS3,CYP1B1,PLCH2,CARD14"
"DEG_MVL_CRC29","245","SMAD9","362.30000000000001","ARCHS4 Coexpression,680;Enrichr Queries,317;GTEx Coexpression,90","ABCA1,PLPPR3,PRUNE2,ISM1,PCDHB10,TPO,COL3A1,PAX8,DZANK1,PXDN,COL5A2,RAC2,CYP1B1,CDHR4,COX20"
"DEG_MVL_CRC29","246","NOTO","362.69999999999999","ARCHS4 Coexpression,404;Enrichr Queries,629;GTEx Coexpression,55","PRRT2,COL13A1,BCL11B,PLPPR3,SLC52A1,PKD1L2,ANK1,TMEM92,SOX2,MUC2,PXDN,TFF1,CA9,SH2D6,OR7D2,CARD14"
"DEG_MVL_CRC29","247","SOX6","363.00000000000000","ARCHS4 Coexpression,296;Enrichr Queries,418;ReMap ChIP-seq,185;GTEx Coexpression,553","NRSN2,PLPPR3,ERV3-1,NOXO1,ATP2A1,SOX2,EFEMP2,TNNI1,CCDC30,TNNI2,SH2D6,HES7,SLC34A3,ABCA1,TLE4,STPG3,PRRT2,CAVIN2,FBXO15,SSC5D,ANK1,RGMA,IQCN,TUBB2B,COL3A1,SMOC1,PXDN,LY6G5C"
"DEG_MVL_CRC29","248","MAFF","363.39999999999998","ARCHS4 Coexpression,623;ENCODE ChIP-seq,89;Enrichr Queries,413;ReMap ChIP-seq,149;GTEx Coexpression,543","NRSN2,CDKN1B,LIN37,PLPPR3,IER5L,NOXO1,PLAT,LRRC32,IFIT1,LIN7B,DCST2,EFEMP2,THPO,ABLIM3,EPSTI1,CYP1B1,SH2D6,HES7,SLC34A3,ABCA1,MYH7B,BATF2,STPG3,PRRT2,S100A2,MAMSTR,DHRS2,NAALADL2,SPSB2,IQCN,CLEC2B,PXDN,EFHC1,VAMP1,PLIN2,ZNF337,LY6G5C,COX20"
"DEG_MVL_CRC29","249","SP110","364.00000000000000","ARCHS4 Coexpression,292;Enrichr Queries,96;GTEx Coexpression,704","ABCA1,BATF2,ARHGAP30,PXDN,RUBCNL,RAC2,EPSTI1,EMP3,IFIT1,CTSS,TMEM154"
"DEG_MVL_CRC29","250","ZNF503","364.30000000000001","ARCHS4 Coexpression,566;Enrichr Queries,374;GTEx Coexpression,153","ABCA1,PLPPR3,PRUNE2,IER5L,RPL36A,SSC5D,TFPI,VASN,EFEMP2,COL3A1,PXDN,COL5A2,HOXA2,CYP1B1,HOXA4"
"DEG_MVL_CRC29","251","TAL2","365.69999999999999","ARCHS4 Coexpression,485;Enrichr Queries,572;GTEx Coexpression,40","ABCA1,TTC34,MAMSTR,PLPPR3,LSMEM1,FOXJ1,SLCO5A1,ATP2A1,TFPI,ANK1,COL3A1,TNNI1,TNNI2,CYP1B1"
"DEG_MVL_CRC29","252","ZNF606","366.00000000000000","ARCHS4 Coexpression,159;Enrichr Queries,776;GTEx Coexpression,163","ABCA1,TUBB2B,CFAP221,ZMAT1,DZANK1,PLPPR3,PXDN,ERV3-1,CCDC30,EFHC1,NTN5,IFIT1"
"DEG_MVL_CRC29","253","TBX1","368.00000000000000","ARCHS4 Coexpression,608;Enrichr Queries,196;GTEx Coexpression,300","MYH7B,STPG3,BCL11B,PLPPR3,ATP2A1,ANK1,RGMA,SOX2,COL3A1,DEPTOR,PXDN,TNNI1,TNNI2,CYP1B1"
"DEG_MVL_CRC29","254","PROX2","369.30000000000001","ARCHS4 Coexpression,102;Enrichr Queries,34;GTEx Coexpression,972","TTC34,TAS2R20,BCL11B,PLPPR3,GPR68,AVIL,FOXJ1,FBXO15,PKD1L2,ANK1,RGMA,CFAP221,PXDN,NNAT,ZNF878,CCDC30,KCNN3,FILIP1L,SH2D6,OR7D2"
"DEG_MVL_CRC29","255","STAT5A","370.50000000000000","Literature ChIP-seq,90;ARCHS4 Coexpression,577;ENCODE ChIP-seq,109;Enrichr Queries,742;ReMap ChIP-seq,262;GTEx Coexpression,443","COL16A1,PLPPR3,ERV3-1,ADCY4,SLC5A1,NUDT6,CTSS,EFEMP2,DEPTOR,TMEM204,RAC2,EPSTI1,TNNI2,CYP1B1,TSNAXIP1,ABCA1,HES7,IFITM10,STPG3,TRAPPC5,B3GALT5,SYT8,ADAM19,IQCN,INPP4B,FAM167B,FABP4,ARHGAP30,PXDN,NEK10,EFHC1,PLIN2,LY6G5C,COX20"
"DEG_MVL_CRC29","256","ESR2","372.00000000000000","Literature ChIP-seq,16;ARCHS4 Coexpression,132;Enrichr Queries,707;ReMap ChIP-seq,166;GTEx Coexpression,839","CDKN1B,COL16A1,PLPPR3,ERV3-1,IER5L,NOXO1,ATP2A1,PKD1L2,SOX2,EFEMP2,DEPTOR,KYNU,HOXA2,CYP1B1,CA9,KCNN3,FILIP1L,OR7D2,HOXA4,ABCA1,PRRT2,FBXO15,COX6B2,PLXDC1,DHRS2,VASN,IQCN,TUBB2B,CFAP221,PXDN,ZNF878,MTCP1,PLIN2,TFF1,CARD14"
"DEG_MVL_CRC29","257","ASCL1","373.50000000000000","ARCHS4 Coexpression,794;Enrichr Queries,100;ReMap ChIP-seq,5;GTEx Coexpression,595","NRSN2,PLPPR3,AVIL,NOXO1,IFIT1,DCST2,SOX2,NUAK2,GNG4,NNAT,CYP1B1,CCDC183,ARMH1,SLC34A3,STPG3,S100A2,ANKRD24,BCL11B,MAMSTR,ANO9,FOXJ1,SLC52A1,SSC5D,EMP3,TSPEAR,SYT13,COX6B2,GPR162,IQCN,FAM167B,SBK3,TUBB2B,FAM167A,PXDN,S100A5,NPTXR,IL17C"
"DEG_MVL_CRC29","258","ZSCAN10","374.00000000000000","ARCHS4 Coexpression,784;Enrichr Queries,237;GTEx Coexpression,101","HES7,PLPPR3,FOXJ1,ATP2A1,ANK1,POU5F1,SOX2,TUBB2B,PXDN,NNAT,TNNI1,HAS3,TNNI2,LY6G5C"
"DEG_MVL_CRC29","259","POU3F3","374.69999999999999","ARCHS4 Coexpression,95;Enrichr Queries,176;GTEx Coexpression,853","SOX2,ARHGAP33,TUBB2B,PRRT2,BCL11B,PLPPR3,SMOC1,PXDN,NNAT,CYP1B1,RGMA"
"DEG_MVL_CRC29","260","SPI1","374.80000000000001","Literature ChIP-seq,3;ARCHS4 Coexpression,798;ENCODE ChIP-seq,42;Enrichr Queries,621;ReMap ChIP-seq,99;GTEx Coexpression,686","GPR68,CTSS,DNALI1,MYLK4,EFEMP2,KYNU,RAC2,CYP1B1,ZNF564,ARMH1,TLE4,LAG3,S100A2,EMP3,SYN3,ANK1,ADAM19,RCN3,PAX8,HECW2,PXDN,ZNF878,S100A5,ZMYND10,ZMYND12,ZNF396,PLPPR3,RPL36A,IER5L,SLCO5A1,LIN7B,DCST2,CARNS1,TNNI2,FILIP1L,REM2,SLC35A4,PRRT2,ANKRD24,CAVIN2,TRAPPC5,OSM,DHRS2,PLXDC1,WDR54,ARHGAP24,TMEM154,FAM167A,ARHGAP30,LPAR5,DCHS2,P4HA3,SERHL2,COX20"
"DEG_MVL_CRC29","261","IRX1","375.69999999999999","ARCHS4 Coexpression,123;Enrichr Queries,431;GTEx Coexpression,573","BCL11B,PLPPR3,RPL36A,TAS2R38,SYT8,ANK1,NAALADL2,RGMA,SOX2,ARHGAP33,TUBB2B,SMOC1,PXDN,CYP1B1"
"DEG_MVL_CRC29","262","HOXA11","379.00000000000000","ARCHS4 Coexpression,391;Enrichr Queries,261;GTEx Coexpression,485","PLPPR3,AMIGO2,SSC5D,LRRC32,ANK1,VASN,RCN3,COL3A1,EFEMP2,PXDN,CYP1B1,HOXA2,JCAD,HOXA4"
"DEG_MVL_CRC29","263","EMX1","379.00000000000000","ARCHS4 Coexpression,684;Enrichr Queries,188;GTEx Coexpression,265","NRSN2,PRRT2,ANKRD24,BCL11B,PLPPR3,SYT13,ANK1,RGMA,SOX2,GNG4,PXDN,CYP1B1,NPTXR"
"DEG_MVL_CRC29","264","PITX2","379.00000000000000","ARCHS4 Coexpression,402;Enrichr Queries,263;GTEx Coexpression,472","BCL11B,PLPPR3,ATP2A1,ANK1,SOX2,COL3A1,DEPTOR,PXDN,COL5A2,TNNI1,TNNI2,CYP1B1"
"DEG_MVL_CRC29","265","ZIC3","379.30000000000001","Literature ChIP-seq,9;ARCHS4 Coexpression,755;Enrichr Queries,4;GTEx Coexpression,749","HES7,TLE4,PRRT2,COL13A1,BCL11B,PLPPR3,FOXJ1,SYT13,SLC5A1,TFPI,ANK1,POU5F1,RGMA,SOX2,GPR162,TUBB2B,DEPTOR,THPO,GNG4,PXDN,NNAT,CYP1B1"
"DEG_MVL_CRC29","266","IRX6","380.30000000000001","ARCHS4 Coexpression,71;Enrichr Queries,102;GTEx Coexpression,968","MYH7B,STPG3,BCL11B,PLPPR3,KCNIP2,ADCY4,PKD1L2,ISM1,ANK1,RGMA,SOX2,CALB2,FABP4,ABLIM3,SMOC1,PXDN,CYP1B1"
"DEG_MVL_CRC29","267","HOXA2","381.50000000000000","Literature ChIP-seq,162;ARCHS4 Coexpression,510;Enrichr Queries,346;GTEx Coexpression,508","SOX2,COL3A1,EFEMP2,PLPPR3,CAVIN2,PRUNE2,PXDN,CYP1B1,FILIP1L,HOXA4,RGMA"
"DEG_MVL_CRC29","268","SP140L","381.50000000000000","ARCHS4 Coexpression,408;GTEx Coexpression,355","ARHGAP30,CLEC2B,EPSTI1,RUBCNL,RAC2,OR7D2,CHFR"
"DEG_MVL_CRC29","269","GTF2IRD1","382.50000000000000","ARCHS4 Coexpression,200;GTEx Coexpression,565","DEPTOR,ARHGAP30,RAC2,TNNI2,ATP2A1,PKD1L2,CARD14,CTSS,RGMA"
"DEG_MVL_CRC29","270","RXRG","383.00000000000000","ARCHS4 Coexpression,825;Enrichr Queries,233;GTEx Coexpression,91","MAMSTR,PLPPR3,KCNIP2,ATP2A1,LIN7B,ANK1,COL3A1,GNG4,NNAT,PXDN,COL5A2,TNNI1,TNNI2"
"DEG_MVL_CRC29","271","GATA4","383.60000000000002","Literature ChIP-seq,121;ARCHS4 Coexpression,619;Enrichr Queries,206;ReMap ChIP-seq,49;GTEx Coexpression,923","NRSN2,CDKN1B,PLPPR3,DNAH6,MPL,IER5L,NOXO1,NTN5,GPT,PKD1L2,FTCD,DCST2,SOX2,EFEMP2,ABLIM3,KYNU,TNNI1,CYP1B1,CFAP65,SH2D6,FILIP1L,CCDC183,HES7,SLC34A3,TLE4,MYH7B,BATF2,LAG3,STPG3,PRRT2,BCL11B,MAMSTR,REG4,SERPINF2,RARRES1,OSM,EMP3,ANK1,PLXDC1,SYT8,POU5F1,NAALADL2,COL3A1,HAL,PXDN,MTCP1,S100A5"
"DEG_MVL_CRC29","272","ONECUT1","385.00000000000000","ARCHS4 Coexpression,803;Enrichr Queries,330;ReMap ChIP-seq,184;GTEx Coexpression,223","AMY2B,PLPPR3,TFPI,FTCD,SOX2,ACTR3C,THPO,ABLIM3,GNG4,CYP1B1,HOXA2,PCK1,HOXA4,ABCA1,TLE4,PDIA2,BCL11B,REG4,SERPINF2,ANK1,TUBB2B,COL5A2,PXDN,NEK10,EFHC1,PLIN2"
"DEG_MVL_CRC29","273","NANOG","386.00000000000000","Literature ChIP-seq,19;ARCHS4 Coexpression,698;ENCODE ChIP-seq,47;Enrichr Queries,585;ReMap ChIP-seq,97;GTEx Coexpression,870","PNMT,CDKN1B,LIN37,PLPPR3,IER5L,NOXO1,GPT,PKD1L2,PLAT,SLC5A1,TFPI,SOX2,EFEMP2,TMEM223,HAS3,CYP1B1,HOXA2,OR7D2,HOXA4,MDH1B,ABCA1,HES7,TLE4,IFITM10,BCL11B,KCNIP2,TRAPPC5,FOXJ1,FBXO15,SYN3,POU5F1,RGMA,PCDHGA9,ARHGAP33,ADAM19,SPSB2,TUBB2B,PXDN"
"DEG_MVL_CRC29","274","ZNF814","386.00000000000000","ARCHS4 Coexpression,240;GTEx Coexpression,532","PRRT2,ZGLP1,CCDC30,FBXO15,PKD1L2,LY6G5C,NUDT6,OR7D2"
"DEG_MVL_CRC29","275","PITX3","386.30000000000001","ARCHS4 Coexpression,329;Enrichr Queries,306;GTEx Coexpression,524","DEPTOR,COL13A1,PAX8,PLPPR3,MAMSTR,PXDN,TNNI1,TNNI2,CYP1B1,ATP2A1,ANK1,HOXA4"
"DEG_MVL_CRC29","276","KLF5","386.60000000000002","Literature ChIP-seq,73;ARCHS4 Coexpression,528;Enrichr Queries,884;ReMap ChIP-seq,33;GTEx Coexpression,415","PNMT,NRSN2,LIN37,PLPPR3,IER5L,NOXO1,NTN5,GPT,SLCO5A1,SLC5A1,ISM1,LIN7B,CTSS,DCST2,SOX2,EFEMP2,HAS3,CYP1B1,IL12A,KCNN3,SH2D6,HES7,SLC34A3,ABCA1,TLE4,STPG3,PRRT2,S100A2,MAMSTR,REG4,SPNS2,OSM,ANO9,FOXJ1,SSC5D,SYT8,NAALADL2,TMEM154,IQCN,INPP4B,DCHS2,PXDN,S100A5,VAMP1,ZMYND10,LY6G5C,CARD14,COX20"
"DEG_MVL_CRC29","277","TCF7L2","387.50000000000000","Literature ChIP-seq,146;ARCHS4 Coexpression,638;ENCODE ChIP-seq,72;Enrichr Queries,847;ReMap ChIP-seq,103;GTEx Coexpression,519","NRSN2,CDKN1B,LIN37,PLPPR3,AMIGO2,IER5L,NOXO1,CTSS,DCST2,SOX2,EFEMP2,NUAK2,KYNU,RAC2,HOXA2,HOXA4,HES7,ABCA1,TLE4,PRRT2,S100A2,EMP3,NAALADL2,WDR54,IQCN,PXDN,S100A5,NPTXR,COX20"
"DEG_MVL_CRC29","278","PBX4","387.69999999999999","ARCHS4 Coexpression,607;Enrichr Queries,459;GTEx Coexpression,97","ABCA1,CHKB,BCL11B,PLPPR3,CAVIN2,ALOX12,EMP3,ISM1,ANK1,PLXDC1,ADAM19,TPO,ZMAT1,PAX8,DZANK1,PXDN"
"DEG_MVL_CRC29","279","NR2F2","388.00000000000000","ARCHS4 Coexpression,44;ENCODE ChIP-seq,26;Enrichr Queries,351;ReMap ChIP-seq,236;GTEx Coexpression,1283","COL16A1,COL13A1,IER5L,NOXO1,GPT,TFPI,LIN7B,DCST2,EFEMP2,RAC2,CYP1B1,FILIP1L,SLC34A3,ABCA1,STPG3,SERPINF2,LMNTD2,VASN,IQCN,COL3A1,HAL,ARHGAP30,ZGLP1,PXDN,COL5A2"
"DEG_MVL_CRC29","280","ALX4","388.69999999999999","ARCHS4 Coexpression,465;Enrichr Queries,103;GTEx Coexpression,598","COL16A1,COL13A1,BCL11B,PLPPR3,RPL36A,ANK1,NAALADL2,RGMA,SOX2,COL3A1,PXDN,COL5A2,CYP1B1,SERHL2"
"DEG_MVL_CRC29","281","FOXN4","389.69999999999999","ARCHS4 Coexpression,831;Enrichr Queries,31;GTEx Coexpression,307","SPINK2,STPG3,COL13A1,BCL11B,PLPPR3,LRRIQ1,FOXJ1,COX6B2,ANK1,SOX2,FAM167A,GNG4,SMOC1,PXDN,CYP1B1,ZMYND10,TSNAXIP1"
"DEG_MVL_CRC29","282","HOXD3","389.69999999999999","ARCHS4 Coexpression,171;Enrichr Queries,119;GTEx Coexpression,879","PLPPR3,ADCY4,ANK1,SOX2,COL3A1,TUBB2B,EFEMP2,PAX8,PXDN,RAC2,CYP1B1,HOXA2,HOXA4"
"DEG_MVL_CRC29","283","AR","390.39999999999998","Literature ChIP-seq,113;ARCHS4 Coexpression,882;Enrichr Queries,194;ReMap ChIP-seq,247;GTEx Coexpression,516","PNMT,DHRS12,NRSN2,PLAT,IFIT1,FTCD,SOX2,CALB2,EPSTI1,CYP1B1,SH2D6,TGM4,HOXA4,SLC34A3,TLE4,STPG3,MAMSTR,SERPINF2,FBXO15,SYN3,ANK1,NAALADL2,ADAM19,PXDN,EFHC1,ZNF396,MAOB,LIN37,PLPPR3,PRUNE2,SLCO5A1,PKD1L2,TFPI,DCST2,TPO,THPO,ABLIM3,CCDC183,ABCA1,BCL11B,ARHGAP24,TMEM154,COL3A1,SMOC1,P4HA3,COL5A2,NEK10,ZNF337,COX20"
"DEG_MVL_CRC29","284","CARF","390.50000000000000","ARCHS4 Coexpression,169;GTEx Coexpression,612","CFAP221,COL16A1,ZMAT1,EFHC1,CCDC30,FBXO15,PKD1L2,OR7D2"
"DEG_MVL_CRC29","285","KLF8","391.00000000000000","ARCHS4 Coexpression,53;Enrichr Queries,381;GTEx Coexpression,739","ABCA1,TTC34,PLPPR3,PRUNE2,FBXO15,PKD1L2,SYT8,ANK1,TMEM154,ADAM19,CFAP221,KYNU,PXDN,CCDC30,EFHC1,CYP1B1,CARD14,OR7D2"
"DEG_MVL_CRC29","286","ZFP2","391.69999999999999","ARCHS4 Coexpression,506;Enrichr Queries,61;GTEx Coexpression,608","ABCA1,PRRT2,PLPPR3,CAVIN2,PRUNE2,PKD1L2,ANK1,COL3A1,CFAP221,ZMAT1,DZANK1,PXDN,NNAT,CYP1B1,ZNF337,OR7D2,COX20"
"DEG_MVL_CRC29","287","CREB3L2","392.30000000000001","ARCHS4 Coexpression,151;Enrichr Queries,538;GTEx Coexpression,488","ABCA1,PLPPR3,SSC5D,TFPI,NAALADL2,VASN,ADAM19,RCN3,EFEMP2,FAM167A,PAX8,PXDN,COL5A2"
"DEG_MVL_CRC29","288","NR1I2","393.00000000000000","Literature ChIP-seq,100;ARCHS4 Coexpression,128;Enrichr Queries,578;GTEx Coexpression,766","ABCA1,HES7,MAOB,PLPPR3,REG4,SERPINF2,RARRES1,ANO9,GPT,SLC5A1,ANK1,FTCD,ARHGAP24,HAL,ABLIM3,PXDN,TFF1,PLCH2,PCK1"
"DEG_MVL_CRC29","289","ZNF483","396.30000000000001","ARCHS4 Coexpression,547;Enrichr Queries,436;GTEx Coexpression,206","ABCA1,SLC35A4,PRRT2,PLPPR3,PRUNE2,FBXO15,PKD1L2,SYT13,PCDHB10,ARHGAP33,SOX2,GNG4,PXDN,CCDC30,OR7D2"
"DEG_MVL_CRC29","290","USF1","396.80000000000001","ARCHS4 Coexpression,741;ENCODE ChIP-seq,33;Enrichr Queries,771;ReMap ChIP-seq,28;GTEx Coexpression,411","DHRS12,NRSN2,CDKN1B,COL16A1,GPT,NUDT6,CTSS,SOX2,EFEMP2,RAC2,HOXA2,HOXA4,HES7,SLC34A3,BATF2,STPG3,SERPINF2,ANO9,EMP3,SYN3,RCN3,SPOCD1,PXDN,S100A5,PLIN2,ZMYND12,PLPPR3,PRUNE2,IER5L,NOXO1,LIN7B,NUAK2,ZMAT1,RAB24,MROH6,ABCA1,SLC35A4,PRRT2,OSM,SSC5D,SYT13,VASN,CHFR,SPSB2,ARHGAP30,FABP4,ZGLP1,SMOC1,NEK10"
"DEG_MVL_CRC29","291","AKNA","397.00000000000000","ARCHS4 Coexpression,598;Enrichr Queries,168;GTEx Coexpression,425","ABCA1,ADAM19,ARHGAP30,PLPPR3,PXDN,RUBCNL,RAC2,EPSTI1,EMP3,CTSS,TMEM154"
"DEG_MVL_CRC29","292","ZNF610","397.00000000000000","ARCHS4 Coexpression,704;Enrichr Queries,283;GTEx Coexpression,204","ABCA1,AMIGO2,PRUNE2,FBXO15,PKD1L2,IFIT1,DNALI1,ARHGAP33,ZMAT1,DZANK1,PXDN,CYP1B1,TSNAXIP1,FILIP1L,ZMYND12,OR7D2"
"DEG_MVL_CRC29","293","ZFPM2","397.30000000000001","ARCHS4 Coexpression,588;Enrichr Queries,201;GTEx Coexpression,403","ABCA1,TTC34,PRRT2,COL16A1,COL13A1,CAVIN2,PRUNE2,FBXO15,PKD1L2,ANK1,COL3A1,PXDN,COL5A2,CCDC30,CYP1B1,ZNF337"
"DEG_MVL_CRC29","294","HOXD8","398.69999999999999","ARCHS4 Coexpression,140;Enrichr Queries,193;GTEx Coexpression,863","PLPPR3,CAVIN2,ARHGAP24,INPP4B,COL3A1,FABP4,PAX8,PXDN,COL5A2,CYP1B1,HOXA2,ZMYND12,JCAD,HOXA4"
"DEG_MVL_CRC29","295","MAX","401.00000000000000","ARCHS4 Coexpression,258;ENCODE ChIP-seq,28;Enrichr Queries,1227;ReMap ChIP-seq,52;GTEx Coexpression,440","ZNF396,NRSN2,LIN37,PLPPR3,LSMEM1,IER5L,NOXO1,GPT,PLAT,ALOX12,SLC5A1,ISM1,LIN7B,DCST2,EFEMP2,ABLIM3,RAB24,CARNS1,RAC2,MROH6,CCDC183,HES7,SLC34A3,ABCA1,STPG3,PRRT2,S100A2,CAVIN2,SPNS2,OSM,SSC5D,EMP3,SYT13,WDR54,SPSB2,IQCN,FAM167A,ARHGAP30,LPAR5,ZGLP1,PXDN,NEK10,EFHC1,ZNF878,S100A5,ZNF337,ZMYND10"
"DEG_MVL_CRC29","296","ZFPM1","401.30000000000001","ARCHS4 Coexpression,501;Enrichr Queries,611;GTEx Coexpression,92","DHRS12,PDIA2,BCL11B,AMY2B,PLPPR3,LMNTD2,SPNS2,IER5L,ANK1,SPSB2,ACTR3C,PXDN,CA9,MROH6"
"DEG_MVL_CRC29","297","PRDM14","401.39999999999998","Literature ChIP-seq,31;ARCHS4 Coexpression,953;Enrichr Queries,40;ReMap ChIP-seq,26;GTEx Coexpression,957","COL16A1,CDKN1B,COL13A1,PLPPR3,PRUNE2,GPT,SLCO5A1,SLC5A1,DCST2,SOX2,EFEMP2,THPO,ABLIM3,CARNS1,RAC2,HAS3,TNNI1,KCNN3,TLE4,HES7,MYH7B,LAG3,TTC34,BCL11B,RARRES1,FOXJ1,FBXO15,TSPEAR,SYT13,ANK1,PLXDC1,POU5F1,SMC1B,RGMA,SPOCD1,ADAM19,ARHGAP33,GPR162,IQCN,FAM167B,INPP4B,TUBB2B,LPAR5,PAX8,PXDN,S100A5,PLCH2,ANKRD63"
"DEG_MVL_CRC29","298","SP7","401.69999999999999","ARCHS4 Coexpression,75;Enrichr Queries,220;GTEx Coexpression,910","ABCA1,COL16A1,COL13A1,PLPPR3,SYN3,ISM1,ANK1,VASN,ARHGAP33,RCN3,COL3A1,PXDN,COL5A2,KCNN3"
"DEG_MVL_CRC29","299","VAX1","402.69999999999999","ARCHS4 Coexpression,63;Enrichr Queries,641;GTEx Coexpression,504","SOX2,TLE4,TUBB2B,NUAK2,BCL11B,PLPPR3,GNG4,SMOC1,PXDN,CCDC30,ANK1,RGMA"
"DEG_MVL_CRC29","300","OLIG1","402.69999999999999","ARCHS4 Coexpression,238;Enrichr Queries,118;GTEx Coexpression,852","IFITM10,PLPPR3,CTSS,RGMA,PCDHGA9,SOX2,CALB2,TUBB2B,SMOC1,PXDN,NNAT,CARNS1,CYP1B1"
"DEG_MVL_CRC29","301","HOXA9","403.50000000000000","ARCHS4 Coexpression,435;Enrichr Queries,111;ReMap ChIP-seq,273;GTEx Coexpression,795","ABCA1,SPINK2,PLPPR3,MPL,ANO9,TAS2R38,IFIT1,SYT8,LIN7B,TMEM154,SOX2,FAM167B,COL3A1,NUAK2,CLEC2B,DEPTOR,PXDN,COL5A2,CYP1B1,HOXA2,CARD14,COX20,HOXA4"
"DEG_MVL_CRC29","302","TCF4","404.39999999999998","Literature ChIP-seq,80;ARCHS4 Coexpression,1185;Enrichr Queries,546;ReMap ChIP-seq,42;GTEx Coexpression,169","PNMT,CDKN1B,COL16A1,PLPPR3,AMIGO2,ADCY4,IER5L,GPT,SLCO5A1,LRRC32,TFPI,DCST2,TPO,NUAK2,ABLIM3,RAB24,HOXA2,TNNI2,HOXA4,SLC34A3,ABCA1,TLE4,PRRT2,S100A2,CAVIN2,SYT8,NAALADL2,COL3A1,ARHGAP30,HECW2,PXDN,COL5A2,VAMP1,S100A5,PLCH2,COX20"
"DEG_MVL_CRC29","303","TAL1","404.69999999999999","Literature ChIP-seq,104;ARCHS4 Coexpression,524;ENCODE ChIP-seq,55;Enrichr Queries,581;ReMap ChIP-seq,20;GTEx Coexpression,1144","DHRS12,GPR68,PLPPR3,AMY2B,ADCY4,MPL,IER5L,PKD1L2,ALOX12,LRRC32,IFIT1,CTSS,MYLK4,EFEMP2,TMEM204,CARNS1,RAC2,CYP1B1,KCNN3,PCK1,HOXA4,SLC34A3,ABCA1,PDIA2,LAG3,S100A2,CAVIN2,MAMSTR,REG4,SPNS2,OSM,PKDREJ,EMP3,SYT13,ANK1,MRPS6,TMEM154,ADAM19,SPOCD1,IQCN,FAM167B,LPAR5,PAX8,ZGLP1,PXDN,S100A5,PLIN2"
"DEG_MVL_CRC29","304","DBX1","404.69999999999999","ARCHS4 Coexpression,852;Enrichr Queries,302;GTEx Coexpression,60","BCL11B,PLPPR3,FBXO15,ANK1,DNALI1,SMC1B,RGMA,SOX2,TUBB2B,NNAT,PXDN,HOXA2,TSNAXIP1,REM2,MDH1B"
"DEG_MVL_CRC29","305","TCF15","404.69999999999999","ARCHS4 Coexpression,806;Enrichr Queries,160;GTEx Coexpression,248","MYH7B,PLPPR3,CAVIN2,ADCY4,RPL36A,TFPI,PLXDC1,ANK1,SOX2,TUBB2B,ABLIM3,PXDN,NNAT,CYP1B1,TNNI2"
"DEG_MVL_CRC29","306","DLX1","405.69999999999999","ARCHS4 Coexpression,477;Enrichr Queries,223;GTEx Coexpression,517","NRSN2,BCL11B,PLPPR3,ERV3-1,SYT13,ANK1,PCDHB10,SOX2,CALB2,TUBB2B,GNG4,PXDN,CYP1B1,REM2"
"DEG_MVL_CRC29","307","HAND2","405.69999999999999","ARCHS4 Coexpression,1003;Enrichr Queries,47;GTEx Coexpression,167","PLPPR3,CAVIN2,PRUNE2,SSC5D,PLAT,LRRC32,RGMA,SOX2,EFEMP2,COL3A1,FAM167A,PXDN,COL5A2,HOXA2,CYP1B1,JCAD"
"DEG_MVL_CRC29","308","TCF7L1","406.00000000000000","ARCHS4 Coexpression,590;Enrichr Queries,141;GTEx Coexpression,487","ABCA1,ADCY4,TFPI,POU5F1,RGMA,SOX2,EFEMP2,TUBB2B,COL3A1,ARHGAP30,PXDN,COL5A2,RAC2,CYP1B1,FILIP1L"
"DEG_MVL_CRC29","309","NR4A1","406.50000000000000","ARCHS4 Coexpression,492;Enrichr Queries,552;ReMap ChIP-seq,82;GTEx Coexpression,500","NRSN2,COL16A1,PLPPR3,AVIL,IER5L,RPL36A,PLAT,DCST2,ZMAT1,KYNU,RAB24,RAC2,TNNI2,CYP1B1,FILIP1L,HOXA4,ARMH1,ABCA1,IFITM10,PRRT2,CAVIN2,KCNIP2,TRAPPC5,OSM,TAS2R38,SYT8,PLXDC1,COL3A1,PXDN,CDHR4,CCDC194,COX20"
"DEG_MVL_CRC29","310","FOXA3","407.00000000000000","ARCHS4 Coexpression,568;Enrichr Queries,439;GTEx Coexpression,214","PDIA2,ACTR3C,PLPPR3,SMOC1,SERPINF2,PXDN,CYP1B1,GPT,PCK1,TMEM92,POU5F1,FTCD"
"DEG_MVL_CRC29","311","TIGD4","408.30000000000001","ARCHS4 Coexpression,72;Enrichr Queries,2;GTEx Coexpression,1151","ABCA1,PLPPR3,LRRIQ1,DNAH6,SLCO5A1,ANK1,WDR54,DNALI1,TMEM154,MYLK4,INPP4B,ZMAT1,PXDN,NEK10,EFHC1,KCNN3,ZMYND10,ZMYND12,MDH1B"
"DEG_MVL_CRC29","312","GFI1B","408.60000000000002","Literature ChIP-seq,135;ARCHS4 Coexpression,15;Enrichr Queries,786;ReMap ChIP-seq,83;GTEx Coexpression,1024","PNMT,NRSN2,PLPPR3,LSMEM1,MPL,NOXO1,NTN5,GPT,ALOX12,FBXO43,LIN7B,DCST2,EFEMP2,NUAK2,ABLIM3,RAC2,MROH6,SH2D6,ARMH1,HES7,SLC34A3,STPG3,LAG3,PRRT2,MAMSTR,CAVIN2,TRAPPC5,SLC52A1,SSC5D,EMP3,ANK1,SPOCD1,RCN3,IQCN,SPSB2,ARHGAP30,LPAR5,ZGLP1,PXDN,VAMP1,CDHR4,ZMYND10,LY6G5C,COX20"
"DEG_MVL_CRC29","313","HNF1A","409.00000000000000","ARCHS4 Coexpression,594;Enrichr Queries,239;GTEx Coexpression,394","ABCA1,MYH7B,PLPPR3,SERPINF2,GPT,FTCD,POU5F1,SOX2,ACTR3C,PAX8,THPO,PXDN,PCK1"
"DEG_MVL_CRC29","314","RXRA","410.19999999999999","Literature ChIP-seq,46;ARCHS4 Coexpression,995;ENCODE ChIP-seq,36;Enrichr Queries,781;ReMap ChIP-seq,27;GTEx Coexpression,576","NRSN2,GPT,IFIT1,NUDT6,CTSS,EFEMP2,CYP1B1,HES7,SLC34A3,LAG3,STPG3,MAMSTR,SERPINF2,LMNTD2,SPNS2,ANK1,IQCN,GPR162,TUBB2B,PAX8,HECW2,PXDN,EFHC1,VAMP1,CDHR4,PLIN2,LIN37,MAOB,PLPPR3,NOXO1,LIN7B,DCST2,NUAK2,ABLIM3,CARNS1,PCK1,REM2,ABCA1,SLC35A4,PRRT2,ANKRD24,REG4,TRAPPC5,OSM,FOXJ1,PKDREJ,DHRS2,PLXDC1,VASN,TMEM154,HAL,ARHGAP30"
"DEG_MVL_CRC29","315","NFATC1","410.19999999999999","ARCHS4 Coexpression,610;ENCODE ChIP-seq,94;Enrichr Queries,692;ReMap ChIP-seq,276;GTEx Coexpression,379","PLPPR3,RPL36A,SLCO5A1,ATP2A1,EFEMP2,TMEM223,TNNI1,RAC2,TNNI2,SLC34A3,ABCA1,TLE4,SLC35A4,BCL11B,MRPS6,ANK1,SPSB2,IQCN,ARHGAP30,LPAR5,PXDN,NEK10,RUBCNL,VAMP1,ZMYND12,COX20"
"DEG_MVL_CRC29","316","TP73","410.30000000000001","ARCHS4 Coexpression,548;Enrichr Queries,372;GTEx Coexpression,311","CFAP73,BCL11B,PLPPR3,FOXJ1,SYT8,ANK1,TMEM154,SOX2,PXDN,CYP1B1,PLCH2,ZMYND10,CFAP65,CARD14"
"DEG_MVL_CRC29","317","ZNF788P","410.69999999999999","ARCHS4 Coexpression,298;Enrichr Queries,489;GTEx Coexpression,445","HES7,ABCA1,PRRT2,COL13A1,PLPPR3,FBXO15,PKD1L2,IFIT1,ADAM19,PXDN,CCDC30,CYP1B1,CDHR4,ZNF337,OR7D2"
"DEG_MVL_CRC29","318","DPF3","411.30000000000001","ARCHS4 Coexpression,364;Enrichr Queries,227;GTEx Coexpression,643","ABCA1,INPP4B,MYH7B,BCL11B,PLPPR3,PXDN,TNNI1,TNNI2,ATP2A1,ANK1,ARHGAP24,RGMA"
"DEG_MVL_CRC29","319","ZNF154","411.30000000000001","ARCHS4 Coexpression,174;Enrichr Queries,768;GTEx Coexpression,292","ABCA1,CAVIN2,PRUNE2,FBXO15,PKD1L2,CFAP221,PAX8,PXDN,CCDC30,CYP1B1,ZNF337,FILIP1L,OR7D2,CARD14,COX20"
"DEG_MVL_CRC29","320","RELB","411.80000000000001","ARCHS4 Coexpression,205;Enrichr Queries,415;ReMap ChIP-seq,211;GTEx Coexpression,816","SLC34A3,ABCA1,STPG3,CDKN1B,PLPPR3,GPR68,PLAT,EMP3,LRRC32,IFIT1,CTSS,IQCN,FAM167A,ARHGAP30,CARNS1,PXDN,RUBCNL,RAC2,EPSTI1,CYP1B1,IL17C,COX20"
"DEG_MVL_CRC29","321","TBX21","414.80000000000001","ARCHS4 Coexpression,952;Enrichr Queries,284;ReMap ChIP-seq,199;GTEx Coexpression,224","LAG3,PRRT2,CDKN1B,BCL11B,GPR68,PLPPR3,TRAPPC5,OSM,IFIT1,CTSS,ADAM19,IQCN,FAM167B,EFEMP2,FAM167A,ARHGAP30,CARNS1,PXDN,RUBCNL,RAC2,EPSTI1,VAMP1"
"DEG_MVL_CRC29","322","SP100","416.00000000000000","ARCHS4 Coexpression,89;Enrichr Queries,157;GTEx Coexpression,1002","ABCA1,BATF2,PLPPR3,EMP3,IFIT1,LIN7B,CTSS,TMEM154,ARHGAP30,CLEC2B,PXDN,EPSTI1,RAC2"
"DEG_MVL_CRC29","323","ZNF521","416.69999999999999","ARCHS4 Coexpression,209;Enrichr Queries,331;GTEx Coexpression,710","ABCA1,TLE4,PRRT2,COL13A1,PLPPR3,TFPI,RGMA,SOX2,COL3A1,TUBB2B,PXDN,COL5A2,CYP1B1,ZNF337"
"DEG_MVL_CRC29","324","IRX2","417.00000000000000","ARCHS4 Coexpression,214;Enrichr Queries,45;GTEx Coexpression,992","BCL11B,PLPPR3,SYT13,EMP3,SYT8,RGMA,SOX2,COL3A1,TUBB2B,ARHGAP30,SMOC1,PXDN,COL5A2,RAC2,CYP1B1,TFF1,CARD14"
"DEG_MVL_CRC29","325","HES4","418.00000000000000","ARCHS4 Coexpression,972;Enrichr Queries,172;GTEx Coexpression,110","ABCA1,PLPPR3,AMIGO2,IER5L,RPL36A,EMP3,IFIT1,PCDHB10,SOX2,EFEMP2,HAUS7,PXDN,EPSTI1,CYP1B1"
"DEG_MVL_CRC29","326","CUX1","418.69999999999999","Literature ChIP-seq,105;ARCHS4 Coexpression,1026;ENCODE ChIP-seq,100;Enrichr Queries,916;ReMap ChIP-seq,138;GTEx Coexpression,227","PNMT,NRSN2,GPT,NUDT6,EFEMP2,DEPTOR,UPK1A,KYNU,RAC2,HOXA2,ZNF564,HES7,SLC34A3,TLE4,BATF2,STPG3,FGFBP2,SERPINF2,LRRIQ1,EMP3,SYN3,COX6B2,ANK1,POU5F1,PXDN,ZNF878,VAMP1,ZMYND12,COL13A1,LIN37,PLPPR3,LSMEM1,PRUNE2,DNAH6,RPL36A,NOXO1,ALOX12,ZMAT1,DZANK1,KCNN3,TSNAXIP1,PCK1,ABCA1,SLC35A4,PRRT2,CAVIN2,PCDHB10,DHRS2,WDR54,CHFR,TMEM154,SPSB2,DCHS2,ZNF337,LY6G5C,IL17C,COX20"
"DEG_MVL_CRC29","327","ZNF462","418.69999999999999","ARCHS4 Coexpression,155;Enrichr Queries,896;GTEx Coexpression,205","ABCA1,TLE4,PRRT2,PLPPR3,EMP3,CTSS,SOX2,TUBB2B,ARHGAP30,KYNU,PXDN,RUBCNL,RAC2"
"DEG_MVL_CRC29","328","HLF","419.00000000000000","ARCHS4 Coexpression,288;Enrichr Queries,670;GTEx Coexpression,299","ABCA1,NRSN2,PLPPR3,CAVIN2,PRUNE2,SERPINF2,ANK1,DHRS2,FTCD,PXDN,NPTXR,CCDC183,HOXA4,COX20"
"DEG_MVL_CRC29","329","FERD3L","420.30000000000001","ARCHS4 Coexpression,351;Enrichr Queries,636;GTEx Coexpression,274","PLPPR3,SLCO5A1,SYT13,ANK1,VASN,ARHGAP24,NAALADL2,TUBB2B,PAX8,GNG4,COL5A2,PXDN,S100A5,CYP1B1"
"DEG_MVL_CRC29","330","JAZF1","421.69999999999999","ARCHS4 Coexpression,481;Enrichr Queries,528;GTEx Coexpression,256","ABCA1,PLPPR3,AMIGO2,PRUNE2,EMP3,PCDHB10,ANK1,CTSS,TMEM154,ADAM19,ARHGAP30,PXDN,CYP1B1"
"DEG_MVL_CRC29","331","ZNF182","422.30000000000001","ARCHS4 Coexpression,187;Enrichr Queries,591;GTEx Coexpression,489","ABCA1,CHKB,CDKN1B,PLPPR3,CTSS,TMEM154,IQCN,ZMAT1,ARHGAP30,PXDN,EBLN2,ZNF337,FILIP1L"
"DEG_MVL_CRC29","332","LYL1","424.00000000000000","Literature ChIP-seq,131;ARCHS4 Coexpression,529;Enrichr Queries,280;ReMap ChIP-seq,139;GTEx Coexpression,1041","DHRS12,GPR68,PLPPR3,ALOX12,CTSS,MYLK4,CARNS1,RAB24,RAC2,ARMH1,ABCA1,CAVIN2,SPNS2,OSM,TAS2R38,EMP3,PLXDC1,ANK1,RCN3,ARHGAP30,LPAR5,ZGLP1,PXDN,CDHR4,MTCP1,PLIN2,CARD14"
"DEG_MVL_CRC29","333","TCF12","425.00000000000000","ARCHS4 Coexpression,505;ENCODE ChIP-seq,18;Enrichr Queries,1097;ReMap ChIP-seq,25;GTEx Coexpression,480","NRSN2,LIN37,PLPPR3,IER5L,NOXO1,GPT,DCST2,SOX2,EFEMP2,NUAK2,CARNS1,HOXA2,MROH6,HOXA4,HES7,SLC34A3,ABCA1,STPG3,PRRT2,S100A2,OSM,EMP3,SYT8,NAALADL2,VASN,RGMA,IQCN,TUBB2B,SMOC1,PXDN,COL5A2,S100A5,TFF1,IL17C"
"DEG_MVL_CRC29","334","RORC","426.69999999999999","ARCHS4 Coexpression,237;Enrichr Queries,582;GTEx Coexpression,461","ABCA1,MYH7B,MAOB,PLPPR3,SERPINF2,ATP2A1,GPT,ANK1,FTCD,DEPTOR,PXDN,TNNI1,TNNI2,PCK1"
"DEG_MVL_CRC29","335","MITF","427.19999999999999","Literature ChIP-seq,125;ARCHS4 Coexpression,268;Enrichr Queries,200;ReMap ChIP-seq,180;GTEx Coexpression,1363","NRSN2,CDKN1B,GPR68,PLAT,ISM1,NUDT6,EFEMP2,TMEM223,DEPTOR,CYP1B1,SH2D6,BATF2,LAG3,S100A2,ANO9,EMP3,SYN3,ANK1,SPOCD1,RCN3,INPP4B,PXDN,PLIN2,NPTXR,CARD14,ZMYND12,COL13A1,PLPPR3,LSMEM1,PRUNE2,IER5L,NOXO1,NTN5,ALOX12,SLCO5A1,PKD1L2,SLC5A1,TFPI,GNG4,TMEM204,NNAT,KCNN3,CFAP65,PCK1,ABCA1,MYH7B,IFITM10,SLC35A4,PRRT2,CHKB,CAVIN2,REG4,RARRES1,B3GALT5,SYT13,DHRS2,PLXDC1,SYT8,ARHGAP24,SPSB2,FAM167B,ZGLP1,DCHS2,COX20"
"DEG_MVL_CRC29","336","FOXB1","429.00000000000000","ARCHS4 Coexpression,837;Enrichr Queries,288;GTEx Coexpression,162","BCL11B,PLPPR3,RPL36A,WDR54,RGMA,SOX2,CALB2,TUBB2B,CARNS1,PXDN,VAMP1,CYP1B1,HOXA2"
"DEG_MVL_CRC29","337","HOXC9","431.50000000000000","Literature ChIP-seq,143;ARCHS4 Coexpression,750;Enrichr Queries,56;GTEx Coexpression,777","MYH7B,PDIA2,COL16A1,TAS2R20,PLPPR3,LRRIQ1,DNAH6,RPL36A,IER5L,ATP2A1,PLAT,IFIT1,SOX2,COL3A1,TMEM223,NUAK2,PXDN,COL5A2,TNNI1,TNNI2,CYP1B1,HOXA2,CFAP65,HOXA4"
"DEG_MVL_CRC29","338","FOXO6","432.69999999999999","ARCHS4 Coexpression,845;Enrichr Queries,425;GTEx Coexpression,28","MYH7B,STPG3,BCL11B,PLPPR3,SPNS2,LMNTD2,NTN5,SYT13,ANK1,ARHGAP33,ZMAT1,DZANK1,NNAT,PXDN,CCDC30,EFHC1,CYP1B1"
"DEG_MVL_CRC29","339","EVX1","433.30000000000001","ARCHS4 Coexpression,732;Enrichr Queries,461;GTEx Coexpression,107","MYH7B,IFITM10,STPG3,COL16A1,PLPPR3,LMNTD2,PLAT,DHRS2,SOX2,UPK1A,PXDN,CYP1B1,HOXA2,HOXA4"
"DEG_MVL_CRC29","340","NR3C1","433.80000000000001","Literature ChIP-seq,124;ARCHS4 Coexpression,342;ENCODE ChIP-seq,7;Enrichr Queries,839;ReMap ChIP-seq,69;GTEx Coexpression,1222","PNMT,NRSN2,CDKN1B,TAS2R20,PLPPR3,AMIGO2,NOXO1,LIN7B,DCST2,NUAK2,ABLIM3,KYNU,TNNI2,CA9,KCNN3,SH2D6,HES7,SLC34A3,ABCA1,STPG3,CFAP73,S100A2,CAVIN2,EMP3,PLXDC1,SYT8,SPSB2,IQCN,TUBB2B,CLEC2B,DCHS2,PXDN,COL5A2,VAMP1,S100A5,NPTXR,JCAD"
"DEG_MVL_CRC29","341","ZNF781","434.00000000000000","ARCHS4 Coexpression,305;Enrichr Queries,606;GTEx Coexpression,391","ABCA1,TLE4,PRRT2,COL13A1,FBXO15,RGMA,GPR162,CFAP221,PXDN,EPSTI1,EFHC1,CYP1B1,ZNF337,SH2D6,OR7D2"
"DEG_MVL_CRC29","342","ETV1","434.50000000000000","ARCHS4 Coexpression,139;Enrichr Queries,566;ReMap ChIP-seq,53;GTEx Coexpression,980","PNMT,NRSN2,COL13A1,LIN37,PLPPR3,PRUNE2,NOXO1,GPT,TFPI,LIN7B,DCST2,SOX2,EFEMP2,TMEM223,TMEM204,CARNS1,HOXA2,HOXA4,HES7,SLC34A3,ABCA1,LAG3,STPG3,SLC35A4,PRRT2,SSC5D,ANK1,WDR54,RGMA,SMOC1,PXDN"
"DEG_MVL_CRC29","343","HAND1","434.69999999999999","ARCHS4 Coexpression,1019;Enrichr Queries,106;GTEx Coexpression,179","COL13A1,CAVIN2,PLPPR3,PRUNE2,SSC5D,LRRC32,RGMA,SOX2,COL3A1,DCHS2,PXDN,COL5A2,NNAT,CYP1B1,JCAD"
"DEG_MVL_CRC29","344","PBX3","435.60000000000002","ARCHS4 Coexpression,546;ENCODE ChIP-seq,66;Enrichr Queries,513;ReMap ChIP-seq,117;GTEx Coexpression,936","NRSN2,CDKN1B,LIN37,PLPPR3,ERV3-1,IER5L,NOXO1,GPT,CALB2,EFEMP2,CARNS1,SMN2,CYP1B1,MROH6,CCDC183,ZNF564,HES7,SLC34A3,ABCA1,TLE4,STPG3,PRRT2,TRAPPC5,LMNTD2,SSC5D,EMP3,CHFR,ARHGAP33,SPSB2,IQCN,TUBB2B,SMOC1,PXDN,COL5A2,ZNF878,VAMP1,COX20"
"DEG_MVL_CRC29","345","BARHL2","435.69999999999999","ARCHS4 Coexpression,472;Enrichr Queries,465;GTEx Coexpression,370","SOX2,GPR162,TUBB2B,PRRT2,COL13A1,BCL11B,PLPPR3,GNG4,PXDN,LRRIQ1,ZNF337,ANK1"
"DEG_MVL_CRC29","346","SOX2","436.60000000000002","Literature ChIP-seq,12;ARCHS4 Coexpression,229;Enrichr Queries,514;ReMap ChIP-seq,274;GTEx Coexpression,1154","DHRS12,CDKN1B,COL16A1,MAOB,RPL36A,IER5L,NOXO1,IFIT1,TFPI,DNALI1,TMEM92,CTSS,SOX2,CALB2,NUAK2,ABLIM3,GNG4,HAS3,CYP1B1,HOXA2,TLE4,ABCA1,MYH7B,S100A2,CAVIN2,REG4,RARRES1,EMP3,DHRS2,POU5F1,CHFR,RGMA,TMEM154,INPP4B,TUBB2B,LPAR5,SMOC1,COL5A2,PXDN,NEK10,VAMP1,PLIN2,TFF1,JCAD,COX20"
"DEG_MVL_CRC29","347","DMRT2","439.69999999999999","ARCHS4 Coexpression,537;Enrichr Queries,145;GTEx Coexpression,637","SLC34A3,BCL11B,PLPPR3,ATP2A1,LRRC32,ANK1,RGMA,SOX2,COL3A1,FABP4,PXDN,NNAT,CARNS1,TNNI1,CYP1B1,TNNI2"
"DEG_MVL_CRC29","348","NHLH2","440.30000000000001","ARCHS4 Coexpression,575;Enrichr Queries,51;GTEx Coexpression,695","PRRT2,BCL11B,PLPPR3,SYT13,ANK1,RGMA,SOX2,CALB2,GPR162,TUBB2B,GNG4,PXDN,NNAT,PLCH2,REM2"
"DEG_MVL_CRC29","349","TCF23","441.69999999999999","ARCHS4 Coexpression,144;Enrichr Queries,364;GTEx Coexpression,817","ZNF396,MAOB,PLPPR3,SLC52A1,SSC5D,PLAT,PKD1L2,ANK1,COL3A1,CFAP221,PXDN,CCDC30,CYP1B1,PCK1,OR7D2"
"DEG_MVL_CRC29","350","ZNF571","443.69999999999999","ARCHS4 Coexpression,274;Enrichr Queries,430;GTEx Coexpression,627","ABCA1,TTC34,PLPPR3,FBXO15,IFIT1,ZMAT1,NNAT,PXDN,CCDC30,EPSTI1,CYP1B1,SERHL2,FILIP1L"
"DEG_MVL_CRC29","351","TET1","443.69999999999999","Literature ChIP-seq,14;ARCHS4 Coexpression,957;GTEx Coexpression,360","COL16A1,TAS2R20,COL13A1,AMIGO2,GPT,ALOX12,FTCD,CALB2,EFEMP2,HAUS7,KCNN3,HOXA4,HES7,SLC34A3,CHKB,BCL11B,KCNIP2,TRAPPC5,OSM,SYT13,NAALADL2,POU5F1,VASN,WDR54,SPOCD1,INPP4B,TUBB2B,LY6G5C"
"DEG_MVL_CRC29","352","MXD1","444.30000000000001","ARCHS4 Coexpression,494;Enrichr Queries,421;GTEx Coexpression,418","ABCA1,ARHGAP30,PLPPR3,PXDN,RUBCNL,RAC2,OSM,CYP1B1,PLIN2,IFIT1,CTSS,TMEM154"
"DEG_MVL_CRC29","353","TEAD4","444.69999999999999","Literature ChIP-seq,144;ARCHS4 Coexpression,772;ENCODE ChIP-seq,25;Enrichr Queries,855;ReMap ChIP-seq,179;GTEx Coexpression,693","NRSN2,CDKN1B,COL13A1,PLPPR3,AMIGO2,IER5L,NOXO1,ATP2A1,GPT,ISM1,EFEMP2,TPO,NUAK2,DEPTOR,TNNI1,CCDC30,TNNI2,CYP1B1,HES7,PRRT2,S100A2,CAVIN2,TRAPPC5,SYN3,PLXDC1,ANK1,POU5F1,ARHGAP24,SH3RF3,IQCN,PXDN,COL5A2,TFF1,COX20"
"DEG_MVL_CRC29","354","GATA3","444.80000000000001","Literature ChIP-seq,92;ARCHS4 Coexpression,1298;ENCODE ChIP-seq,46;Enrichr Queries,215;ReMap ChIP-seq,261;GTEx Coexpression,757","CDKN1B,PLPPR3,AMIGO2,IER5L,FBXO43,IFIT1,TFPI,SOX2,NUAK2,ABLIM3,NNAT,RAC2,CYP1B1,SLC34A3,TLE4,LAG3,BCL11B,RARRES1,SYT8,ARHGAP24,VASN,TMEM154,INPP4B,COL3A1,ARHGAP30,HECW2,SMOC1,PXDN,TFF1,CARD14,JCAD"
"DEG_MVL_CRC29","355","TRAFD1","445.30000000000001","ARCHS4 Coexpression,325;Enrichr Queries,610;GTEx Coexpression,401","ABCA1,BATF2,ARHGAP30,PXDN,RAC2,EPSTI1,IFIT1,CHFR,CTSS,TMEM154"
"DEG_MVL_CRC29","356","ZNF528","447.30000000000001","ARCHS4 Coexpression,233;Enrichr Queries,147;GTEx Coexpression,962","ABCA1,PRRT2,AMIGO2,FBXO15,PKD1L2,IFIT1,TFPI,CFAP221,ZMAT1,PXDN,COL5A2,EPSTI1,CCDC30,EFHC1,CYP1B1,ZNF337,OR7D2"
"DEG_MVL_CRC29","357","PAX3","447.69999999999999","ARCHS4 Coexpression,754;Enrichr Queries,137;GTEx Coexpression,452","BCL11B,PLPPR3,ATP2A1,ANK1,RGMA,SOX2,COL3A1,TUBB2B,PXDN,COL5A2,TNNI1,TNNI2,CYP1B1,HOXA2"
"DEG_MVL_CRC29","358","MAFA","448.30000000000001","ARCHS4 Coexpression,557;Enrichr Queries,142;GTEx Coexpression,646","ABCA1,MYH7B,BCL11B,PLPPR3,IER5L,ATP2A1,SYT13,ANK1,GNG4,PXDN,TNNI1,TNNI2,CYP1B1"
"DEG_MVL_CRC29","359","ZNF454","449.00000000000000","ARCHS4 Coexpression,399;Enrichr Queries,620;GTEx Coexpression,328","PLPPR3,SLC52A1,PKD1L2,SYN3,PCDHB10,RGMA,EFEMP2,CFAP221,PXDN,NNAT,CCDC30,CYP1B1,ZNF337,OR7D2"
"DEG_MVL_CRC29","360","DBX2","450.00000000000000","ARCHS4 Coexpression,239;Enrichr Queries,250;GTEx Coexpression,861","SOX2,SPOCD1,TUBB2B,PLPPR3,DCHS2,SMOC1,PXDN,NNAT,KCNN3,ANK1,RGMA"
"DEG_MVL_CRC29","361","L3MBTL1","450.50000000000000","ARCHS4 Coexpression,176;GTEx Coexpression,725","ARHGAP33,GPR162,CFAP221,PRRT2,CCDC30,EFHC1,FBXO15,PKD1L2,OR7D2"
"DEG_MVL_CRC29","362","ZNF774","450.69999999999999","ARCHS4 Coexpression,74;Enrichr Queries,925;GTEx Coexpression,353","ABCA1,ZNF396,FBXO15,SLC52A1,SLCO5A1,ATP2A1,PKD1L2,NAALADL2,RGMA,CFAP221,PXDN,TNNI1,CCDC30,TNNI2,OR7D2"
"DEG_MVL_CRC29","363","HOXB8","451.69999999999999","ARCHS4 Coexpression,587;Enrichr Queries,241;GTEx Coexpression,527","SOX2,ARHGAP33,COL3A1,PLPPR3,CARNS1,PXDN,COL5A2,HOXA2,CYP1B1,HOXA4,RGMA"
"DEG_MVL_CRC29","364","ELF4","452.30000000000001","ARCHS4 Coexpression,818;Enrichr Queries,84;GTEx Coexpression,455","ABCA1,PLPPR3,EMP3,CTSS,ADAM19,COL3A1,ARHGAP30,PXDN,RUBCNL,RAC2,EPSTI1,CYP1B1"
"DEG_MVL_CRC29","365","TBX20","454.00000000000000","ARCHS4 Coexpression,620;Enrichr Queries,295;GTEx Coexpression,447","MYH7B,BCL11B,KCNIP2,PLPPR3,ANK1,SOX2,SBK3,COL3A1,PXDN,TNNI1,MTCP1,CYP1B1,ANKRD63"
"DEG_MVL_CRC29","366","TBP","454.19999999999999","Literature ChIP-seq,101;ARCHS4 Coexpression,1577;ENCODE ChIP-seq,54;ReMap ChIP-seq,88;GTEx Coexpression,451","ZNF396,NRSN2,CDKN1B,LIN37,ERV3-1,IER5L,NOXO1,GPT,FBXO43,IFIT1,LIN7B,DNALI1,EFEMP2,TMEM223,NUAK2,CARNS1,HAS3,HOXA2,SH2D6,ZNF564,HES7,SLC34A3,TLE4,BATF2,SPINK2,STPG3,PRRT2,ANKRD24,MAMSTR,CAVIN2,PKDREJ,EMP3,PLXDC1,ARHGAP24,SPSB2,IQCN,FABP4,KIF4B,ZGLP1,SMOC1,ZNF878,S100A5,SERHL2,ZNF337,ZMYND10,NPTXR"
"DEG_MVL_CRC29","367","DMRTA2","454.30000000000001","ARCHS4 Coexpression,562;Enrichr Queries,328;GTEx Coexpression,473","S100A2,BCL11B,PLPPR3,LRRIQ1,RPL36A,A2ML1,ANK1,RGMA,SOX2,TUBB2B,LPAR5,NNAT,PXDN,CYP1B1"
"DEG_MVL_CRC29","368","ZNF618","454.30000000000001","ARCHS4 Coexpression,336;Enrichr Queries,505;GTEx Coexpression,522","ABCA1,TLE4,PLPPR3,IFIT1,VASN,NAALADL2,SOX2,EFEMP2,TUBB2B,PXDN,EPSTI1,RAC2,CYP1B1"
"DEG_MVL_CRC29","369","EBF4","455.30000000000001","ARCHS4 Coexpression,632;Enrichr Queries,134;GTEx Coexpression,600","ABCA1,COL16A1,PLPPR3,NTN5,ANK1,RGMA,SOX2,ARHGAP33,PAX8,GNG4,SMOC1,PXDN,CYP1B1"
"DEG_MVL_CRC29","370","ZNF274","455.30000000000001","Literature ChIP-seq,123;ARCHS4 Coexpression,569;ENCODE ChIP-seq,65;Enrichr Queries,933;ReMap ChIP-seq,152;GTEx Coexpression,890","NRSN2,PLPPR3,ERV3-1,IER5L,NOXO1,ALOX12,PKD1L2,MYLK4,ACTR3C,EFEMP2,EBLN2,MROH6,OR7D2,ZNF564,HES7,ABCA1,MYH7B,SLC52A1,EMP3,PLXDC1,CHFR,TMEM154,FAM167B,ARHGAP30,LPAR5,PXDN,ZNF878,PLIN2"
"DEG_MVL_CRC29","371","NKX23","455.50000000000000","ARCHS4 Coexpression,254;GTEx Coexpression,657","ADAM19,SPINK2,DEPTOR,RAC2,MPL,SSC5D,SLC5A1,JCAD"
"DEG_MVL_CRC29","372","ZNF267","455.69999999999999","ARCHS4 Coexpression,178;Enrichr Queries,529;GTEx Coexpression,660","ARHGAP30,CLEC2B,KYNU,PXDN,RUBCNL,RAC2,EPSTI1,OSM,CYP1B1,EMP3,IFIT1,CTSS"
"DEG_MVL_CRC29","373","RARG","455.80000000000001","Literature ChIP-seq,81;ARCHS4 Coexpression,817;Enrichr Queries,256;GTEx Coexpression,669","ABCA1,COL16A1,ANKRD24,PLPPR3,EMP3,SYT8,ANK1,NUDT6,VASN,TMEM154,ADAM19,SPSB2,PXDN,CYP1B1,MROH6,CARD14"
"DEG_MVL_CRC29","374","GATA6","457.00000000000000","Literature ChIP-seq,122;ARCHS4 Coexpression,578;Enrichr Queries,242;ReMap ChIP-seq,193;GTEx Coexpression,1150","PLPPR3,AMIGO2,IER5L,NTN5,GPT,PLAT,SLC5A1,TFPI,TMEM92,DCST2,EFEMP2,NUAK2,MUC2,CYP1B1,CA9,CFAP65,HOXA4,SLC34A3,HES7,STPG3,PRRT2,BCL11B,S100A2,MAMSTR,REG4,TAS2R38,COX6B2,PLXDC1,CHFR,COL3A1,PXDN,COL5A2,S100A5,TFF1,LY6G5C,JCAD,COX20"
"DEG_MVL_CRC29","375","POU3F2","459.00000000000000","Literature ChIP-seq,71;ARCHS4 Coexpression,609;Enrichr Queries,337;GTEx Coexpression,819","TLE4,BCL11B,TAS2R20,PLPPR3,AMY2B,LRRIQ1,TFPI,NUDT6,PCDHB10,NAALADL2,ARHGAP24,RGMA,SOX2,ARHGAP33,INPP4B,TUBB2B,COL3A1,FABP4,CLEC2B,ABLIM3,PXDN,COL5A2,NEK10,ZNF337"
"DEG_MVL_CRC29","376","SRY","459.80000000000001","Literature ChIP-seq,2;ARCHS4 Coexpression,208;Enrichr Queries,313;GTEx Coexpression,1316","PNMT,GPR68,AVIL,GPT,ATP2A1,IFIT1,DNALI1,FTCD,SOX2,EFEMP2,TMEM223,UPK1A,EPSTI1,CYP1B1,HES7,SLC34A3,LAG3,EMP3,ANK1,POU5F1,RCN3,TUBB2B,PAX8,PXDN,S100A5,ZMYND10,CARD14,ZMYND12,PLPPR3,ADCY4,NTN5,SLC5A1,LIN7B,NUAK2,THPO,HAUS7,NNAT,TNNI1,TNNI2,TSNAXIP1,ABCA1,CHKB,BCL11B,OSM,FOXJ1,SYT13,PLXDC1,SYT8,WDR54,TMEM154,HAL,SMOC1,IL17C,COX20"
"DEG_MVL_CRC29","377","KCNIP3","460.00000000000000","ARCHS4 Coexpression,418;GTEx Coexpression,502","NRSN2,PRRT2,ANKRD24,PLPPR3,NPTXR"
"DEG_MVL_CRC29","378","ZIC1","461.30000000000001","ARCHS4 Coexpression,425;Enrichr Queries,198;GTEx Coexpression,761","PRRT2,COL13A1,BCL11B,PLPPR3,SOX2,GPR162,COL3A1,TUBB2B,PXDN,COL5A2,NNAT,CYP1B1,ZNF337"
"DEG_MVL_CRC29","379","NPAS2","464.00000000000000","ARCHS4 Coexpression,407;Enrichr Queries,191;GTEx Coexpression,794","ABCA1,COL13A1,PLPPR3,SPNS2,AMIGO2,A2ML1,PLAT,ANK1,ADAM19,ARHGAP30,PXDN,COL5A2,RAC2,CYP1B1,CDHR4,CARD14"
"DEG_MVL_CRC29","380","GATA1","464.00000000000000","Literature ChIP-seq,93;ARCHS4 Coexpression,555;ENCODE ChIP-seq,37;Enrichr Queries,798;ReMap ChIP-seq,234;GTEx Coexpression,1067","PNMT,PLPPR3,MPL,RPL36A,ADCY4,ALOX12,PKD1L2,ATP2A1,IFIT1,CTSS,MYLK4,SOX2,RAC2,TSNAXIP1,KCNN3,SH2D6,PCK1,ARMH1,ABCA1,PDIA2,LAG3,CAVIN2,RARRES1,ANK1,POU5F1,TMEM154,ADAM19,CFAP221,LPAR5,KIF4B,S100A5,PLIN2,LY6G5C,ZMYND12"
"DEG_MVL_CRC29","381","ZNF208","464.30000000000001","ARCHS4 Coexpression,527;Enrichr Queries,598;GTEx Coexpression,268","MYH7B,PRUNE2,SLC52A1,PKD1L2,EFEMP2,COL3A1,CFAP221,PXDN,COL5A2,MTCP1,CYP1B1,KCNN3,OR7D2,COX20"
"DEG_MVL_CRC29","382","THRB","464.69999999999999","ARCHS4 Coexpression,711;Enrichr Queries,329;GTEx Coexpression,354","ABCA1,PRRT2,PLPPR3,CAVIN2,PRUNE2,ALOX12,PCDHB10,ANK1,INPP4B,DEPTOR,HAUS7,PXDN,CYP1B1,FILIP1L"
"DEG_MVL_CRC29","383","HOXC4","467.00000000000000","ARCHS4 Coexpression,1277;Enrichr Queries,16;GTEx Coexpression,108","COL16A1,BCL11B,PLPPR3,ANK1,VASN,NAALADL2,RGMA,RCN3,COL3A1,SMOC1,PXDN,COL5A2,CYP1B1,HOXA2,HOXA4"
"DEG_MVL_CRC29","384","FOXP3","468.00000000000000","Literature ChIP-seq,153;ARCHS4 Coexpression,460;Enrichr Queries,794;GTEx Coexpression,465","SOX2,LAG3,ARHGAP30,CDKN1B,BCL11B,PLPPR3,PXDN,RUBCNL,RAC2,NUDT6,ARMH1,MDH1B"
"DEG_MVL_CRC29","385","HOXA6","468.30000000000001","ARCHS4 Coexpression,479;Enrichr Queries,190;GTEx Coexpression,736","SPINK2,DEPTOR,PLPPR3,PXDN,COL5A2,MPL,HOXA2,CYP1B1,LRRC32,ANK1,HOXA4,RGMA"
"DEG_MVL_CRC29","386","PHOX2B","468.30000000000001","ARCHS4 Coexpression,565;Enrichr Queries,663;GTEx Coexpression,177","PNMT,ABCA1,BCL11B,PLPPR3,PRUNE2,SSC5D,SOX2,TUBB2B,FAM167A,GNG4,CYP1B1,HOXA2,JCAD"
"DEG_MVL_CRC29","387","POU4F3","469.00000000000000","ARCHS4 Coexpression,833;Enrichr Queries,286;GTEx Coexpression,288","BCL11B,PLPPR3,AMIGO2,FOXJ1,SYT13,ANK1,VASN,SH3RF3,SOX2,HAUS7,PXDN,HOXA2,MTCP1,SERHL2"
"DEG_MVL_CRC29","388","MYT1","470.00000000000000","ARCHS4 Coexpression,303;Enrichr Queries,91;GTEx Coexpression,1016","PRRT2,BCL11B,PLPPR3,SYT13,ANK1,SOX2,ARHGAP33,GPR162,TUBB2B,GNG4,PXDN,NNAT,PLCH2"
"DEG_MVL_CRC29","389","ZNF396","470.00000000000000","ARCHS4 Coexpression,299;Enrichr Queries,32;GTEx Coexpression,1079","DHRS12,ABCA1,PLPPR3,PRUNE2,FBXO15,SLC52A1,PKD1L2,IFIT1,SOX2,IQCN,CFAP221,ZMAT1,PXDN,EPSTI1,EFHC1,CCDC30,OR7D2,REM2"
"DEG_MVL_CRC29","390","NFIC","471.19999999999999","ARCHS4 Coexpression,421;ENCODE ChIP-seq,56;Enrichr Queries,1007;ReMap ChIP-seq,280;GTEx Coexpression,592","CDKN1B,COL16A1,PLPPR3,PLAT,SSC5D,SLC5A1,ANK1,VASN,ARHGAP24,RGMA,ADAM19,FAM167A,EFEMP2,DEPTOR,NUAK2,KYNU,PXDN,TNNI2,PCK1"
"DEG_MVL_CRC29","391","RFX6","471.30000000000001","ARCHS4 Coexpression,1036;Enrichr Queries,254;GTEx Coexpression,124","PNMT,PDIA2,MAOB,AMY2B,SYT13,TFPI,TMEM92,FAM167A,GNG4,PXDN,COL5A2,NNAT,CA9,PCK1"
"DEG_MVL_CRC29","392","EN2","472.69999999999999","ARCHS4 Coexpression,385;Enrichr Queries,305;GTEx Coexpression,728","PRRT2,COL13A1,BCL11B,PLPPR3,RPL36A,ANK1,RGMA,SOX2,CALB2,TUBB2B,PXDN,CYP1B1,ZNF337"
"DEG_MVL_CRC29","393","NEUROG2","472.69999999999999","ARCHS4 Coexpression,167;Enrichr Queries,177;GTEx Coexpression,1074","BCL11B,COL13A1,PLPPR3,SLCO5A1,ANK1,WDR54,RGMA,SOX2,TUBB2B,HECW2,PXDN,NNAT,ZNF878,CYP1B1"
"DEG_MVL_CRC29","394","LMX1A","473.30000000000001","ARCHS4 Coexpression,829;Enrichr Queries,522;GTEx Coexpression,69","BCL11B,PLPPR3,LRRIQ1,SSC5D,TSPEAR,SYT13,ANK1,RGMA,SOX2,NNAT,PXDN,CCDC30,EFHC1,MDH1B"
"DEG_MVL_CRC29","395","ZNF577","473.69999999999999","ARCHS4 Coexpression,154;Enrichr Queries,704;GTEx Coexpression,563","ABCA1,COL16A1,TAS2R20,PLPPR3,FBXO15,PKD1L2,DCST2,CFAP221,ZMAT1,PXDN,EFHC1,CCDC30,CYP1B1,SH2D6"
"DEG_MVL_CRC29","396","ZNF835","473.69999999999999","ARCHS4 Coexpression,259;Enrichr Queries,243;GTEx Coexpression,919","MYH7B,PRRT2,PLPPR3,SLC52A1,PKD1L2,ANK1,RGMA,SH3RF3,GPR162,CFAP221,GNG4,DZANK1,PXDN,CYP1B1,OR7D2"
"DEG_MVL_CRC29","397","MAFB","474.50000000000000","ARCHS4 Coexpression,834;Enrichr Queries,407;ReMap ChIP-seq,275;GTEx Coexpression,382","HES7,DHRS12,ABCA1,CDKN1B,BCL11B,GPR68,SLC5A1,IFIT1,SYT8,CTSS,TMEM154,SBK3,COL3A1,NUAK2,PXDN,EPSTI1,CYP1B1,PLIN2,CARD14,COX20,ARMH1"
"DEG_MVL_CRC29","398","FOXQ1","477.00000000000000","ARCHS4 Coexpression,350;Enrichr Queries,750;GTEx Coexpression,331","ABCA1,SERPINF2,PLAT,SYT8,DHRS2,COL3A1,PXDN,HAS3,CYP1B1,TFF1,CA9,MROH6,CARD14"
"DEG_MVL_CRC29","399","SIM2","477.00000000000000","ARCHS4 Coexpression,94;Enrichr Queries,877;GTEx Coexpression,460","TTC34,S100A2,PLPPR3,SPNS2,A2ML1,PKD1L2,ANK1,NAALADL2,CFAP221,LPAR5,PXDN,CCDC30,CYP1B1,OR7D2,CARD14"
"DEG_MVL_CRC29","400","AHR","477.80000000000001","Literature ChIP-seq,47;ARCHS4 Coexpression,1048;Enrichr Queries,255;ReMap ChIP-seq,248;GTEx Coexpression,791","PLPPR3,AMIGO2,TFPI,LIN7B,CTSS,SOX2,DEPTOR,ABLIM3,NNAT,EBLN2,TNNI1,CYP1B1,FILIP1L,ABCA1,RARRES1,TSPEAR,DHRS2,NAALADL2,ARHGAP24,ADAM19,TUBB2B,COL3A1,HECW2,PXDN,TFF1"
"DEG_MVL_CRC29","401","MYCL","479.00000000000000","ARCHS4 Coexpression,218;GTEx Coexpression,740","SOX2,NUAK2,ARHGAP30,UPK1A,CARD14,SYT8,CTSS,POU5F1,TMEM154"
"DEG_MVL_CRC29","402","ZNF382","480.30000000000001","ARCHS4 Coexpression,183;Enrichr Queries,507;GTEx Coexpression,751","ABCA1,ZNF396,PRRT2,BCL11B,FBXO15,PKD1L2,IFIT1,GPR162,CFAP221,ZMAT1,PXDN,CCDC30,CYP1B1,ZNF337,OR7D2"
"DEG_MVL_CRC29","403","BHLHA9","480.50000000000000","ARCHS4 Coexpression,695;GTEx Coexpression,266","CALB2,SPSB2,NRSN2,ANKRD24,MPL,SYT13,SYN3"
"DEG_MVL_CRC29","404","ISL1","480.69999999999999","ARCHS4 Coexpression,1031;Enrichr Queries,124;GTEx Coexpression,287","COL16A1,BCL11B,PLPPR3,SSC5D,SYT13,SOX2,COL3A1,FAM167A,GNG4,PXDN,NNAT,CYP1B1,TFF1,CA9"
"DEG_MVL_CRC29","405","SIX3","482.00000000000000","ARCHS4 Coexpression,1116;Enrichr Queries,186;GTEx Coexpression,144","SOX2,BCL11B,PLPPR3,GNG4,NNAT,PXDN,CYP1B1,ANKRD63,ANK1,RGMA,COX20"
"DEG_MVL_CRC29","406","ZNF250","484.69999999999999","ARCHS4 Coexpression,312;Enrichr Queries,879;GTEx Coexpression,263","ABCA1,CFAP221,CDKN1B,COL13A1,PLPPR3,PXDN,CCDC30,SLC52A1,ZNF337,PKD1L2,PLCH2,OR7D2"
"DEG_MVL_CRC29","407","BCL11B","484.80000000000001","Literature ChIP-seq,21;ARCHS4 Coexpression,509;Enrichr Queries,710;GTEx Coexpression,699","ABCA1,CDKN1B,BCL11B,PLPPR3,SYT8,ANK1,TMEM154,SH3RF3,INPP4B,ARHGAP30,PXDN,RAC2,CARD14"
"DEG_MVL_CRC29","408","IRX4","485.30000000000001","ARCHS4 Coexpression,378;Enrichr Queries,384;GTEx Coexpression,694","BCL11B,S100A2,PLPPR3,SYT8,ANK1,TMEM154,RGMA,SOX2,PXDN,HAS3,CYP1B1,PLCH2,MROH6,CARD14"
"DEG_MVL_CRC29","409","HOXC10","485.69999999999999","ARCHS4 Coexpression,603;Enrichr Queries,132;GTEx Coexpression,722","PLPPR3,MAMSTR,AMIGO2,ATP2A1,SOX2,COL3A1,PXDN,COL5A2,TNNI1,TNNI2,CYP1B1,HOXA2,HOXA4"
"DEG_MVL_CRC29","410","NR2E1","486.00000000000000","ARCHS4 Coexpression,626;Enrichr Queries,311;GTEx Coexpression,521","SOX2,TUBB2B,BCL11B,PLPPR3,AVIL,PXDN,CYP1B1,KCNN3,ANK1"
"DEG_MVL_CRC29","411","ZNF99","486.00000000000000","ARCHS4 Coexpression,146;Enrichr Queries,1121;GTEx Coexpression,191","ZNF396,SPINK2,SLC52A1,PKDREJ,PKD1L2,SYT13,COX6B2,SMC1B,CFAP221,KIF4B,DCHS2,PXDN,CCDC30,OR7D2"
"DEG_MVL_CRC29","412","MYB","487.30000000000001","Literature ChIP-seq,63;ARCHS4 Coexpression,1258;ENCODE ChIP-seq,29;Enrichr Queries,714;ReMap ChIP-seq,106;GTEx Coexpression,754","CDKN1B,LIN37,GPR68,PLPPR3,ERV3-1,AMIGO2,FBXO43,DCST2,SOX2,EFEMP2,TMEM223,MUC2,ZMAT1,CARNS1,RAC2,CYP1B1,IL12A,REM2,HES7,ABCA1,LAG3,SPINK2,PRRT2,BCL11B,OSM,ANO9,B3GALT5,EMP3,PLXDC1,MRPS6,ARHGAP24,TMEM154,ARHGAP33,IQCN,FAM167B,FAM167A,PXDN,PLIN2,ZMYND10,COX20"
"DEG_MVL_CRC29","413","CXXC4","488.00000000000000","ARCHS4 Coexpression,843;ReMap ChIP-seq,7;GTEx Coexpression,614","NRSN2,CDKN1B,LIN37,IER5L,NOXO1,GPT,LIN7B,DCST2,SOX2,EFEMP2,TMEM223,GNG4,CARNS1,HOXA2,REM2,CCDC183,HOXA4,HES7,SLC34A3,LAG3,PRRT2,SYT13,EMP3,WDR54,ARHGAP33,SPSB2,IQCN,TUBB2B,ZGLP1"
"DEG_MVL_CRC29","414","TFAP2A","490.30000000000001","Literature ChIP-seq,129;ARCHS4 Coexpression,1002;ENCODE ChIP-seq,82;Enrichr Queries,865;ReMap ChIP-seq,191;GTEx Coexpression,673","CDKN1B,LIN37,PLPPR3,AMIGO2,IER5L,RPL36A,GPT,PLAT,LIN7B,DCST2,SOX2,EFEMP2,MUC2,ZMAT1,CARNS1,RAB24,CYP1B1,SH2D6,SLC34A3,HES7,STPG3,PRRT2,S100A2,ANKRD24,FOXJ1,A2ML1,SYT8,WDR54,TMEM154,RGMA,SPSB2,IQCN,PXDN,MTCP1,VAMP1,TFF1,ZNF337,CARD14,IL17C"
"DEG_MVL_CRC29","415","TBX2","491.00000000000000","ARCHS4 Coexpression,1054;Enrichr Queries,258;GTEx Coexpression,161","PLPPR3,CAVIN2,ADCY4,PLAT,LRRC32,TFPI,SOX2,COL3A1,EFEMP2,TMEM204,HECW2,PXDN,COL5A2,CYP1B1,TFF1"
"DEG_MVL_CRC29","416","NKX21","491.00000000000000","ARCHS4 Coexpression,520;GTEx Coexpression,462","TPO,TUBB2B,ZMAT1,PAX8,ERV3-1,ISM1"
"DEG_MVL_CRC29","417","SALL4","491.00000000000000","Literature ChIP-seq,27;ARCHS4 Coexpression,984;Enrichr Queries,360;GTEx Coexpression,593","LIN37,RPL36A,TFPI,SOX2,TPO,ZMAT1,NUAK2,GNG4,CYP1B1,PCK1,CCDC183,FBXO15,TAS2R38,EMP3,ANK1,PLXDC1,POU5F1,TMEM154,SMC1B,TUBB2B,FABP4,PAX8,SMOC1,PXDN,COL5A2,NEK10,S100A5"
"DEG_MVL_CRC29","418","FEV","491.69999999999999","ARCHS4 Coexpression,614;Enrichr Queries,304;GTEx Coexpression,557","PNMT,FAM167A,PAX8,MAOB,GNG4,PLPPR3,SMOC1,NNAT,PXDN,SYT13,CFAP65"
"DEG_MVL_CRC29","419","CRX","493.00000000000000","Literature ChIP-seq,94;ARCHS4 Coexpression,634;Enrichr Queries,491;GTEx Coexpression,753","ABCA1,HES7,PLPPR3,SERPINF2,SLC52A1,PKD1L2,SYN3,ANK1,FTCD,POU5F1,CTSS,SOX2,CALB2,THPO,ABLIM3,PXDN,KCNN3,OR7D2"
"DEG_MVL_CRC29","420","SREBF1","495.69999999999999","Literature ChIP-seq,140;ARCHS4 Coexpression,1356;ENCODE ChIP-seq,4;Enrichr Queries,910;ReMap ChIP-seq,29;GTEx Coexpression,535","NRSN2,LIN37,PLPPR3,ERV3-1,NOXO1,GPT,LIN7B,EFEMP2,GNG4,CARNS1,TSNAXIP1,MROH6,SH2D6,PCK1,ABCA1,HES7,SLC34A3,IFITM10,STPG3,PRRT2,ANKRD24,MAMSTR,LMNTD2,ANO9,FOXJ1,SSC5D,EMP3,COX6B2,WDR54,IQCN,CFAP221,ZGLP1,PXDN,NEK10,EFHC1,PLIN2,LY6G5C"
"DEG_MVL_CRC29","421","HMGA2","495.69999999999999","ARCHS4 Coexpression,690;Enrichr Queries,252;GTEx Coexpression,545","SPOCD1,RCN3,SOX2,ABCA1,ADAM19,COL3A1,ARHGAP30,COL13A1,COL5A2,PXDN,CYP1B1,PLAT"
"DEG_MVL_CRC29","422","FOXN1","497.00000000000000","ARCHS4 Coexpression,796;Enrichr Queries,226;GTEx Coexpression,469","MYH7B,BCL11B,PLPPR3,ANO9,A2ML1,SYT8,ANK1,TMEM154,PXDN,CYP1B1,TNNI2,KCNN3,PLCH2,CARD14"
"DEG_MVL_CRC29","423","HINFP","497.30000000000001","ARCHS4 Coexpression,314;ReMap ChIP-seq,250;GTEx Coexpression,928","PNMT,HES7,NRSN2,PRRT2,AMIGO2,FBXO15,SLC52A1,ALOX12,PKD1L2,EMP3,MYLK4,ACTR3C,ZGLP1,RAC2,CCDC30,OR7D2,COX20"
"DEG_MVL_CRC29","424","HOXB4","497.50000000000000","Literature ChIP-seq,145;ARCHS4 Coexpression,1268;Enrichr Queries,154;GTEx Coexpression,423","HES7,TLE4,CHKB,PLPPR3,PRUNE2,RPL36A,SSC5D,PLAT,ADAM19,COL3A1,TUBB2B,DEPTOR,PXDN,COL5A2,HOXA2,CYP1B1,VAMP1,HOXA4"
"DEG_MVL_CRC29","425","ZFP14","498.00000000000000","ARCHS4 Coexpression,307;Enrichr Queries,414;GTEx Coexpression,773","ABCA1,SLC35A4,CDKN1B,BCL11B,PLPPR3,PKD1L2,CFAP221,ZMAT1,DZANK1,HECW2,PXDN,CCDC30,CYP1B1,OR7D2"
"DEG_MVL_CRC29","426","ZNF440","498.30000000000001","ARCHS4 Coexpression,1;Enrichr Queries,1027;GTEx Coexpression,467","ABCA1,CFAP73,LRRIQ1,DNAH6,ANO9,FBXO15,SLC52A1,FOXJ1,PKD1L2,SYT8,TMEM154,CFAP221,ZMAT1,PXDN,NEK10,CCDC30,EFHC1,CDHR4,ZMYND10,CFAP65,CARD14,OR7D2,MDH1B"
"DEG_MVL_CRC29","427","BACH2","500.30000000000001","ARCHS4 Coexpression,1011;Enrichr Queries,373;ReMap ChIP-seq,207;GTEx Coexpression,410","DHRS12,NRSN2,PLPPR3,LSMEM1,IER5L,ATP2A1,DCST2,TNNI1,TNNI2,ABCA1,TLE4,BATF2,STPG3,CFAP73,BCL11B,ANK1,TMEM154,SPOCD1,ADAM19,SPSB2,IQCN,FAM167B,FAM167A,PXDN,RUBCNL"
"DEG_MVL_CRC29","428","LIN28B","501.69999999999999","ARCHS4 Coexpression,1264;Enrichr Queries,217;GTEx Coexpression,24","TLE4,SPINK2,BCL11B,FBXO15,SYT13,COX6B2,POU5F1,SMC1B,SOX2,TUBB2B,COL3A1,GNG4,PXDN,COL5A2,TSNAXIP1,ZMYND10"
"DEG_MVL_CRC29","429","ATOH1","502.30000000000001","ARCHS4 Coexpression,354;Enrichr Queries,983;GTEx Coexpression,170","SOX2,RCN3,MUC2,BCL11B,PLPPR3,REG4,ANO9,SSC5D,SLC5A1,B3GALT5,VASN"
"DEG_MVL_CRC29","430","REST","503.30000000000001","Literature ChIP-seq,110;ARCHS4 Coexpression,1107;ENCODE ChIP-seq,40;Enrichr Queries,862;ReMap ChIP-seq,127;GTEx Coexpression,774","NRSN2,CDKN1B,COL16A1,PLPPR3,AMY2B,PRUNE2,NOXO1,GPT,PLAT,SLC5A1,LIN7B,SOX2,EFEMP2,ABLIM3,GNG4,HAUS7,KYNU,RAC2,CYP1B1,CFAP65,TGM4,HES7,SLC34A3,ABCA1,BATF2,STPG3,CHKB,PRRT2,ANKRD24,BCL11B,KCNIP2,CAVIN2,SSC5D,SYT13,ANK1,TMEM154,SH3RF3,GPR162,IQCN,PAX8,PXDN,ANKRD63,PLCH2,NPTXR"
"DEG_MVL_CRC29","431","KLF4","503.39999999999998","Literature ChIP-seq,49;ARCHS4 Coexpression,1271;Enrichr Queries,412;ReMap ChIP-seq,108;GTEx Coexpression,677","NRSN2,COL16A1,LIN37,COL13A1,IER5L,NOXO1,GPT,LRRC32,CTSS,DCST2,EFEMP2,TMEM223,NUAK2,CYP1B1,KCNN3,FILIP1L,HES7,SLC34A3,ABCA1,TLE4,LAG3,STPG3,PRRT2,S100A2,ANKRD24,MAMSTR,CAVIN2,ANO9,SYT8,RGMA,SH3RF3,SPSB2,COL3A1,ARHGAP30,PXDN,S100A5,PLIN2,ZMYND10,CARD14"
"DEG_MVL_CRC29","432","TET3","505.00000000000000","ARCHS4 Coexpression,987;ReMap ChIP-seq,296;GTEx Coexpression,232","CDKN1B,BCL11B,ANO9,CARD14,SYT8,ANK1,TMEM154"
"DEG_MVL_CRC29","433","KLF6","505.50000000000000","ARCHS4 Coexpression,387;Enrichr Queries,540;ReMap ChIP-seq,24;GTEx Coexpression,1071","NRSN2,CDKN1B,GPR68,AMIGO2,ADCY4,NOXO1,CTSS,DCST2,SOX2,EFEMP2,NUAK2,RAC2,CYP1B1,SH2D6,HOXA4,HES7,SLC34A3,ABCA1,BATF2,PRRT2,SPNS2,OSM,EMP3,ADAM19,TUBB2B,CLEC2B,ARHGAP30,PXDN,S100A5,TFF1,PLIN2"
"DEG_MVL_CRC29","434","POU2F3","506.00000000000000","ARCHS4 Coexpression,441;Enrichr Queries,397;GTEx Coexpression,680","BCL11B,PLPPR3,PKD1L2,SLC5A1,SYT8,ANK1,NAALADL2,SOX2,PXDN,CYP1B1,SH2D6,CARD14,OR7D2"
"DEG_MVL_CRC29","435","NFKB2","506.80000000000001","ARCHS4 Coexpression,1339;Enrichr Queries,251;ReMap ChIP-seq,230;GTEx Coexpression,207","ABCA1,LAG3,PRRT2,CDKN1B,COL16A1,PLPPR3,RARRES1,PLAT,EMP3,LRRC32,IFIT1,CTSS,NUAK2,ARHGAP30,PXDN,EPSTI1,RUBCNL,RAC2,ZNF878,EFHC1,CYP1B1,PLIN2,KCNN3"
"DEG_MVL_CRC29","436","FOXI3","507.00000000000000","ARCHS4 Coexpression,318;GTEx Coexpression,696","BCL11B,DZANK1,ANO9,SLC52A1,PKD1L2,CARD14,OR7D2,POU5F1"
"DEG_MVL_CRC29","437","VENTX","508.30000000000001","ARCHS4 Coexpression,294;Enrichr Queries,115;GTEx Coexpression,1116","ABCA1,ZNF396,PLPPR3,SLC52A1,PKD1L2,LRRC32,POU5F1,SOX2,RCN3,ARHGAP30,GNG4,PXDN,CYP1B1,OR7D2,CARD14,REM2"
"DEG_MVL_CRC29","438","ZNF438","508.69999999999999","ARCHS4 Coexpression,42;Enrichr Queries,146;GTEx Coexpression,1338","ABCA1,TLE4,PLPPR3,CAVIN2,LSMEM1,ALOX12,IFIT1,LRRC32,ARHGAP24,CTSS,ABLIM3,ZGLP1,PXDN,EPSTI1,CYP1B1,PLIN2,LY6G5C,REM2"
"DEG_MVL_CRC29","439","HIF3A","509.69999999999999","ARCHS4 Coexpression,838;Enrichr Queries,375;GTEx Coexpression,316","ABCA1,CAVIN2,PLPPR3,GPR68,PRUNE2,TRAPPC5,EMP3,ANK1,COL3A1,TMEM204,SMOC1,PXDN,HOXA2,CYP1B1"
"DEG_MVL_CRC29","440","ATF3","509.80000000000001","Literature ChIP-seq,10;ARCHS4 Coexpression,1498;ENCODE ChIP-seq,39;Enrichr Queries,587;ReMap ChIP-seq,18;GTEx Coexpression,907","DHRS12,NRSN2,CDKN1B,GPT,PLAT,IFIT1,CTSS,FTCD,SOX2,EFEMP2,TMEM223,KYNU,CYP1B1,TGM4,HOXA4,HES7,SLC34A3,S100A2,MAMSTR,FBXO15,EMP3,PCDHGA9,SPOCD1,IQCN,TUBB2B,PAX8,PXDN,EFHC1,S100A5,MTCP1,PLIN2,ZMYND10,ZMYND12,AMIGO2,IER5L,NOXO1,TFPI,DCST2,NUAK2,ZMAT1,ABLIM3,DZANK1,HAUS7,CARNS1,RAB24,TSNAXIP1,PCK1,ABCA1,SLC35A4,REG4,TRAPPC5,OSM,SSC5D,SYT13,PLXDC1,TMEM154,SH3RF3,SPSB2,CLEC2B,ZNF337"
"DEG_MVL_CRC29","441","DZIP1","510.30000000000001","ARCHS4 Coexpression,340;Enrichr Queries,77;GTEx Coexpression,1114","ABCA1,NRSN2,COL16A1,PLPPR3,AMIGO2,PLAT,EMP3,ANK1,CTSS,ARHGAP33,SOX2,COL3A1,ARHGAP30,PXDN,COL5A2,RAC2,CYP1B1"
"DEG_MVL_CRC29","442","MYRF","511.50000000000000","ARCHS4 Coexpression,511;GTEx Coexpression,512","PRRT2,CARNS1,SPNS2,TFF1,CA9,NPTXR"
"DEG_MVL_CRC29","443","PROX1","512.50000000000000","ARCHS4 Coexpression,727;Enrichr Queries,524;ReMap ChIP-seq,66;GTEx Coexpression,733","CDKN1B,PLPPR3,NTN5,FTCD,SOX2,NUAK2,THPO,TNNI1,HOXA2,PCK1,REM2,HOXA4,HES7,TLE4,ABCA1,MYH7B,BATF2,S100A2,BCL11B,SERPINF2,SPNS2,OSM,EMP3,COX6B2,ANK1,ADAM19,PAX8,PXDN,S100A5,PLIN2"
"DEG_MVL_CRC29","444","ZNF224","512.70000000000005","ARCHS4 Coexpression,91;Enrichr Queries,713;GTEx Coexpression,734","ABCA1,TTC34,PLPPR3,FBXO15,PKD1L2,KYNU,PXDN,EBLN2,ZNF878,EFHC1,CCDC30,CYP1B1,ZNF337,OR7D2"
"DEG_MVL_CRC29","445","TBX19","512.70000000000005","ARCHS4 Coexpression,503;Enrichr Queries,875;GTEx Coexpression,160","PLPPR3,NTN5,SLC52A1,PKD1L2,IFIT1,ZMAT1,KYNU,NNAT,PXDN,CCDC30,EFHC1,SH2D6,OR7D2"
"DEG_MVL_CRC29","446","TFAP2C","513.20000000000005","Literature ChIP-seq,85;ARCHS4 Coexpression,1384;ENCODE ChIP-seq,105;Enrichr Queries,686;ReMap ChIP-seq,119;GTEx Coexpression,700","PNMT,NRSN2,PLPPR3,AMIGO2,IER5L,RPL36A,NOXO1,GPT,LIN7B,DCST2,SOX2,NUAK2,DEPTOR,KYNU,CARNS1,CYP1B1,SH2D6,CCDC183,SLC34A3,ABCA1,STPG3,PRRT2,S100A2,BCL11B,SPNS2,EMP3,COX6B2,SYN3,SYT8,WDR54,VASN,NAALADL2,POU5F1,TMEM154,SH3RF3,IQCN,SPSB2,PXDN,S100A5,MTCP1,TFF1,ZNF337,CARD14"
"DEG_MVL_CRC29","447","PGR","513.29999999999995","ARCHS4 Coexpression,1176;Enrichr Queries,673;ReMap ChIP-seq,145;GTEx Coexpression,59","NRSN2,COL16A1,GPR68,PLPPR3,AVIL,AMIGO2,IER5L,NOXO1,GPT,DCST2,SOX2,EFEMP2,ABLIM3,CYP1B1,CA9,FILIP1L,SH2D6,SLC34A3,S100A2,SPNS2,SSC5D,PCDHB10,SYT8,INPP4B,COL3A1,PXDN,NEK10,S100A5"
"DEG_MVL_CRC29","448","ZNF135","513.29999999999995","ARCHS4 Coexpression,593;Enrichr Queries,915;GTEx Coexpression,32","COL16A1,PLPPR3,NTN5,PKD1L2,RGMA,ARHGAP33,CFAP221,ZMAT1,DZANK1,PXDN,CCDC30,EFHC1,SH2D6,OR7D2"
"DEG_MVL_CRC29","449","NEUROD4","513.70000000000005","ARCHS4 Coexpression,655;Enrichr Queries,727;GTEx Coexpression,159","SOX2,COL3A1,ZMAT1,PLPPR3,KCNIP2,SMOC1,NNAT,CCDC30,EFHC1,NTN5,TFF1,PLCH2"
"DEG_MVL_CRC29","450","ZHX3","513.70000000000005","ARCHS4 Coexpression,463;Enrichr Queries,921;GTEx Coexpression,157","ABCA1,EFEMP2,DEPTOR,COL16A1,PLPPR3,PRUNE2,PXDN,PCDHB10,JCAD,RGMA,COX20,PCDHGA9"
"DEG_MVL_CRC29","451","ZNF229","514.00000000000000","ARCHS4 Coexpression,420;Enrichr Queries,608","ABCA1,COL3A1,TUBB2B,ARHGAP30,PLPPR3,PXDN,PRUNE2,RAC2,CYP1B1,EMP3"
"DEG_MVL_CRC29","452","HOXD13","514.00000000000000","Literature ChIP-seq,50;ARCHS4 Coexpression,1290;Enrichr Queries,292;GTEx Coexpression,424","HES7,COL16A1,BCL11B,PRUNE2,RPL36A,SSC5D,ANK1,NAALADL2,SOX2,COL3A1,PXDN,CYP1B1,HOXA2,JCAD,HOXA4"
"DEG_MVL_CRC29","453","BATF2","514.29999999999995","ARCHS4 Coexpression,542;Enrichr Queries,829;GTEx Coexpression,172","DHRS12,LAG3,ARHGAP30,RAB24,EPSTI1,IFIT1,CTSS"
"DEG_MVL_CRC29","454","ZBTB32","514.29999999999995","ARCHS4 Coexpression,540;Enrichr Queries,619;GTEx Coexpression,384","SPINK2,LAG3,PLPPR3,COX6B2,FBXO43,IFIT1,ADAM19,ARHGAP30,PXDN,EPSTI1,RUBCNL,RAC2,ZMYND10"
"DEG_MVL_CRC29","455","OTX2","515.00000000000000","ARCHS4 Coexpression,967;Enrichr Queries,19;ReMap ChIP-seq,268;GTEx Coexpression,806","PRRT2,CDKN1B,COL13A1,BCL11B,PLPPR3,AMIGO2,SPNS2,FOXJ1,NUDT6,MRPS6,POU5F1,RGMA,SOX2,CALB2,GPR162,TUBB2B,PXDN,NNAT,EPSTI1,EFHC1,CYP1B1,PLIN2,SERHL2,COX20"
"DEG_MVL_CRC29","456","DUX4","515.50000000000000","ARCHS4 Coexpression,743;ReMap ChIP-seq,288","COL3A1,P4HA3,KYNU,EFHC1,FBXO15,EMP3,COX6B2,CTSS,CHFR"
"DEG_MVL_CRC29","457","SPIB","515.79999999999995","ARCHS4 Coexpression,281;Enrichr Queries,795;ReMap ChIP-seq,188;GTEx Coexpression,799","PLPPR3,PRUNE2,RPL36A,SLC52A1,PKD1L2,CTSS,CHFR,TMEM154,ADAM19,FAM167A,NUAK2,ARHGAP30,LPAR5,KYNU,CARNS1,PXDN,EPSTI1,RUBCNL,ZNF878,RAC2,TNNI2,OR7D2,REM2,ARMH1"
"DEG_MVL_CRC29","458","ZNF429","516.00000000000000","ARCHS4 Coexpression,101;Enrichr Queries,777;GTEx Coexpression,670","ABCA1,ZNF396,TTC34,PLPPR3,PRUNE2,FBXO15,PKD1L2,CFAP221,ZMAT1,PXDN,CCDC30,EFHC1,LY6G5C,OR7D2,REM2"
"DEG_MVL_CRC29","459","ZNF341","517.29999999999995","ARCHS4 Coexpression,206;Enrichr Queries,1135;GTEx Coexpression,211","TLE4,LIN37,PLPPR3,PKD1L2,CHFR,TMEM154,ARHGAP30,RAB24,PXDN,RAC2,SH2D6,OR7D2,CARD14,REM2"
"DEG_MVL_CRC29","460","ZNF517","518.00000000000000","ARCHS4 Coexpression,47;Enrichr Queries,569;GTEx Coexpression,938","ZNF396,PRRT2,ANKRD24,PLPPR3,IER5L,SLC52A1,PKD1L2,ARHGAP33,GPR162,CFAP221,DZANK1,PXDN,MROH6,SH2D6,OR7D2,CARD14"
"DEG_MVL_CRC29","461","HOXA1","518.00000000000000","ARCHS4 Coexpression,989;Enrichr Queries,379;GTEx Coexpression,186","S100A2,PLPPR3,A2ML1,TMEM154,SOX2,COL3A1,LPAR5,PXDN,CYP1B1,HOXA2,CARD14,HOXA4"
"DEG_MVL_CRC29","462","ZNF44","518.29999999999995","ARCHS4 Coexpression,156;Enrichr Queries,1082;GTEx Coexpression,317","NRSN2,CFAP221,PLPPR3,LMNTD2,PXDN,CCDC30,FBXO15,SLC52A1,PKD1L2,OR7D2,ZNF564,DCST2"
"DEG_MVL_CRC29","463","ARID3A","519.60000000000002","ARCHS4 Coexpression,1302;ENCODE ChIP-seq,110;Enrichr Queries,577;ReMap ChIP-seq,165;GTEx Coexpression,444","NRSN2,CDKN1B,LIN37,PLPPR3,ERV3-1,RPL36A,NOXO1,ALOX12,DCST2,CALB2,EFEMP2,ABLIM3,RAC2,CYP1B1,PCK1,REM2,ZNF564,HES7,ABCA1,PRRT2,CAVIN2,TRAPPC5,EMP3,CHFR,VASN,ARHGAP24,ADAM19,IQCN,CFAP221,ARHGAP30,PXDN,RUBCNL,PLIN2,ZMYND10,LY6G5C,COX20"
"DEG_MVL_CRC29","464","NCOA2","521.00000000000000","ARCHS4 Coexpression,467;Enrichr Queries,941;ReMap ChIP-seq,246;GTEx Coexpression,430","SLC34A3,ABCA1,TLE4,IFITM10,CDKN1B,PLPPR3,SPNS2,RARRES1,A2ML1,EMP3,SYT8,CTSS,TMEM154,NUAK2,ARHGAP30,LPAR5,ABLIM3,PXDN,TNNI2,TFF1,MROH6"
"DEG_MVL_CRC29","465","ZNF599","522.00000000000000","ARCHS4 Coexpression,573;Enrichr Queries,935;GTEx Coexpression,58","STPG3,BCL11B,PLPPR3,SLC52A1,PKD1L2,ANK1,DNALI1,IQCN,CFAP221,PXDN,EFHC1,TSNAXIP1,OR7D2,MDH1B"
"DEG_MVL_CRC29","466","AIRE","522.00000000000000","ARCHS4 Coexpression,535;Enrichr Queries,498;GTEx Coexpression,533","SOX2,ABCA1,PLPPR3,GNG4,PXDN,LRRIQ1,SLC52A1,SYT13,IFIT1,LRRC32,ANK1,POU5F1"
"DEG_MVL_CRC29","467","IRF2","523.29999999999995","ARCHS4 Coexpression,401;Enrichr Queries,761;ReMap ChIP-seq,123;GTEx Coexpression,808","NRSN2,CDKN1B,LIN37,PLPPR3,IER5L,NOXO1,GPT,IFIT1,CTSS,DCST2,EFEMP2,TMEM223,RAC2,EPSTI1,HES7,SLC34A3,ABCA1,STPG3,PRRT2,MAMSTR,SSC5D,TMEM154,IQCN,ARHGAP30,ZGLP1,PXDN,CCDC194"
"DEG_MVL_CRC29","468","NFATC2","523.29999999999995","ARCHS4 Coexpression,969;Enrichr Queries,234;GTEx Coexpression,367","ABCA1,LAG3,BCL11B,PLPPR3,OSM,ANK1,CTSS,ADAM19,INPP4B,ARHGAP30,PXDN,RUBCNL,RAC2"
"DEG_MVL_CRC29","469","SOX4","523.29999999999995","ARCHS4 Coexpression,468;Enrichr Queries,551;GTEx Coexpression,551","ABCA1,TUBB2B,COL3A1,COL16A1,BCL11B,PXDN,COL5A2,NNAT,RPL36A,CYP1B1,NAALADL2"
"DEG_MVL_CRC29","470","ZNF329","523.70000000000005","ARCHS4 Coexpression,46;Enrichr Queries,153;GTEx Coexpression,1372","ABCA1,ZNF396,PRRT2,BCL11B,PLPPR3,SLC52A1,PKD1L2,IFIT1,INPP4B,CFAP221,DEPTOR,DZANK1,PXDN,COL5A2,CCDC30,CYP1B1,OR7D2,CARD14"
"DEG_MVL_CRC29","471","ASCL3","523.70000000000005","ARCHS4 Coexpression,23;Enrichr Queries,554;GTEx Coexpression,994","CFAP73,PLPPR3,RARRES1,DNAH6,FOXJ1,PLAT,NAALADL2,DNALI1,FABP4,MUC2,PXDN,NEK10,EFHC1,CDHR4,TSNAXIP1,ZMYND10,CFAP65"
"DEG_MVL_CRC29","472","GCM2","524.29999999999995","ARCHS4 Coexpression,532;Enrichr Queries,474;GTEx Coexpression,567","PLPPR3,PRUNE2,PLAT,ANK1,NAALADL2,DNALI1,SOX2,ACTR3C,PAX8,PXDN,HOXA2,CYP1B1,SH2D6"
"DEG_MVL_CRC29","473","FOXD4L5","525.00000000000000","ARCHS4 Coexpression,107;Enrichr Queries,640;GTEx Coexpression,828","TTC34,PLPPR3,FBXO15,SLCO5A1,PKD1L2,FABP4,ABLIM3,PAX8,KYNU,PXDN,CARNS1,CCDC30,EFHC1,OR7D2"
"DEG_MVL_CRC29","474","ZNF365","525.00000000000000","ARCHS4 Coexpression,558;Enrichr Queries,429;GTEx Coexpression,588","ABCA1,NRSN2,PRRT2,ANKRD24,PLPPR3,AMIGO2,PRUNE2,SYT13,SYN3,ADAM19,INPP4B,PXDN,CARNS1,NPTXR"
"DEG_MVL_CRC29","475","SRF","525.29999999999995","Literature ChIP-seq,147;ARCHS4 Coexpression,1450;ENCODE ChIP-seq,32;Enrichr Queries,1330;ReMap ChIP-seq,67;GTEx Coexpression,126","CDKN1B,LIN37,PRUNE2,ERV3-1,IER5L,NOXO1,GPT,FBXO43,LIN7B,NUDT6,DCST2,EFEMP2,TMEM223,NUAK2,DZANK1,GNG4,CARNS1,HOXA2,CA9,TSNAXIP1,FILIP1L,REM2,HOXA4,HES7,SLC34A3,TLE4,BATF2,LAG3,STPG3,PRRT2,SSC5D,MRPS6,DHRS2,IQCN,PXDN,LY6G5C"
"DEG_MVL_CRC29","476","PAX1","526.70000000000005","ARCHS4 Coexpression,932;Enrichr Queries,463;GTEx Coexpression,185","SLC35A4,PLPPR3,FBXO15,PLAT,ANK1,NAALADL2,SOX2,ACTR3C,PAX8,PXDN,TNNI1,TNNI2,CYP1B1"
"DEG_MVL_CRC29","477","LHX5","527.29999999999995","ARCHS4 Coexpression,604;Enrichr Queries,310;GTEx Coexpression,668","CALB2,SOX2,GPR162,TUBB2B,PRRT2,BCL11B,PLPPR3,PXDN,LRRIQ1,ANK1,RGMA"
"DEG_MVL_CRC29","478","ELK1","528.00000000000000","Literature ChIP-seq,65;ARCHS4 Coexpression,1561;ENCODE ChIP-seq,91;ReMap ChIP-seq,217;GTEx Coexpression,706","NRSN2,LIN37,PLPPR3,ERV3-1,IER5L,RPL36A,NOXO1,GPT,EFEMP2,TMEM223,ABLIM3,CARNS1,RAB24,HAS3,IL12A,ZNF564,SLC34A3,HES7,TLE4,BATF2,STPG3,SLC35A4,TRAPPC5,FBXO15,SSC5D,SMC1B,RGMA,GPR162,SPSB2,INPP4B,DCHS2,EFHC1,ZMYND10,COX20"
"DEG_MVL_CRC29","479","VSX1","528.00000000000000","ARCHS4 Coexpression,122;Enrichr Queries,483;GTEx Coexpression,979","ZNF396,PRRT2,PLPPR3,SLC52A1,PKD1L2,ANK1,SOX2,GPR162,ACTR3C,PAX8,PXDN,CCDC30,HOXA2,SH2D6,OR7D2"
"DEG_MVL_CRC29","480","PKNOX1","530.29999999999995","ARCHS4 Coexpression,860;Enrichr Queries,911;ReMap ChIP-seq,109;GTEx Coexpression,241","NRSN2,PLPPR3,AVIL,IER5L,ALOX12,PKD1L2,LIN7B,EFEMP2,UPK1A,RAC2,KCNN3,PCK1,SH2D6,OR7D2,ABCA1,TLE4,PRRT2,EMP3,TSPEAR,RCN3,IQCN,PAX8,LPAR5,ZGLP1,PXDN,LY6G5C,CCDC194"
"DEG_MVL_CRC29","481","KLF9","530.50000000000000","ARCHS4 Coexpression,70;Enrichr Queries,556;ReMap ChIP-seq,13;GTEx Coexpression,1483","CDKN1B,COL16A1,LIN37,MAOB,PLPPR3,IER5L,NOXO1,GPT,ATP2A1,LRRC32,LIN7B,DCST2,SOX2,EFEMP2,ABLIM3,HAUS7,CARNS1,TNNI2,CYP1B1,FILIP1L,CCDC183,HES7,SLC34A3,ABCA1,STPG3,PRRT2,CAVIN2,EMP3,COX6B2,GPR162,TUBB2B,ZGLP1,PXDN,PLIN2,IL17C,JCAD"
"DEG_MVL_CRC29","482","TBX6","530.70000000000005","ARCHS4 Coexpression,576;Enrichr Queries,971;GTEx Coexpression,45","ABCA1,ZNF396,S100A2,PLPPR3,SLC52A1,A2ML1,PKD1L2,ANK1,TMEM154,NUAK2,LPAR5,PXDN,MROH6,CARD14,OR7D2"
"DEG_MVL_CRC29","483","DLX6","530.70000000000005","ARCHS4 Coexpression,674;Enrichr Queries,308;GTEx Coexpression,610","SOX2,TUBB2B,BCL11B,PLPPR3,KCNIP2,GNG4,PXDN,CYP1B1,SLCO5A1,ANKRD63,ANK1,REM2"
"DEG_MVL_CRC29","484","ZNF334","531.00000000000000","ARCHS4 Coexpression,1143;Enrichr Queries,417;GTEx Coexpression,33","PRRT2,MAOB,PLPPR3,PRUNE2,NTN5,TFPI,RGMA,ARHGAP33,TUBB2B,ZMAT1,DZANK1,ZGLP1,PXDN,COL5A2,CCDC30"
"DEG_MVL_CRC29","485","ZNF786","531.29999999999995","ARCHS4 Coexpression,227;Enrichr Queries,975;GTEx Coexpression,392","ZNF396,BCL11B,PLPPR3,DZANK1,PXDN,SLC52A1,PKD1L2,PLCH2,IFIT1,CARD14,OR7D2,TMEM154"
"DEG_MVL_CRC29","486","ZNF214","531.70000000000005","ARCHS4 Coexpression,134;Enrichr Queries,209;GTEx Coexpression,1252","ABCA1,PLPPR3,LRRIQ1,DNAH6,PLAT,DNALI1,RGMA,EFEMP2,TUBB2B,PXDN,NEK10,EFHC1,CFAP65"
"DEG_MVL_CRC29","487","THRA","533.00000000000000","Literature ChIP-seq,158;ARCHS4 Coexpression,618;Enrichr Queries,842;GTEx Coexpression,514","SOX2,ABCA1,NRSN2,PRRT2,PLPPR3,PXDN,CARNS1,NPTXR,ANK1"
"DEG_MVL_CRC29","488","DLX5","534.00000000000000","ARCHS4 Coexpression,709;Enrichr Queries,122;GTEx Coexpression,771","BCL11B,PLPPR3,ERV3-1,SYT8,SOX2,COL3A1,TUBB2B,GNG4,PXDN,COL5A2,NNAT,CYP1B1,CARD14,REM2"
"DEG_MVL_CRC29","489","SOX12","535.00000000000000","ARCHS4 Coexpression,525;Enrichr Queries,597;GTEx Coexpression,483","ARHGAP33,SOX2,TUBB2B,PRRT2,ZGLP1,PLPPR3,PXDN,IER5L,ANK1"
"DEG_MVL_CRC29","490","GSC","535.00000000000000","ARCHS4 Coexpression,981;Enrichr Queries,472;GTEx Coexpression,152","PLPPR3,ADCY4,PKD1L2,ANK1,RGMA,SOX2,INPP4B,FABP4,ABLIM3,THPO,PXDN,CYP1B1,SERHL2"
"DEG_MVL_CRC29","491","ETV7","535.29999999999995","ARCHS4 Coexpression,337;Enrichr Queries,460;GTEx Coexpression,809","BATF2,LAG3,PXDN,EPSTI1,RAC2,ANO9,IFIT1,CARD14,CTSS,TMEM154"
"DEG_MVL_CRC29","492","PRDM8","535.70000000000005","ARCHS4 Coexpression,909;Enrichr Queries,219;GTEx Coexpression,479","ABCA1,ADAM19,ARHGAP33,BCL11B,PLPPR3,CAVIN2,PRUNE2,PXDN,VAMP1,CYP1B1,NPTXR,ANK1"
"DEG_MVL_CRC29","493","SOX10","536.50000000000000","ARCHS4 Coexpression,646;Enrichr Queries,50;ReMap ChIP-seq,271;GTEx Coexpression,1179","TLE4,NRSN2,FGFBP2,PLPPR3,AMIGO2,PRUNE2,IER5L,SLC52A1,PLAT,NAALADL2,RGMA,SOX2,FAM167B,TUBB2B,COL3A1,SMOC1,PXDN,NNAT,CARNS1,CYP1B1,CARD14,MDH1B"
"DEG_MVL_CRC29","494","ZBTB16","537.00000000000000","ARCHS4 Coexpression,352;Enrichr Queries,334;ReMap ChIP-seq,239;GTEx Coexpression,1223","SLC34A3,ABCA1,MYH7B,STPG3,LIN37,PLPPR3,CAVIN2,MPL,NOXO1,FBXO15,ATP2A1,ANK1,MYLK4,SMC1B,SH3RF3,ARHGAP33,FABP4,DEPTOR,PXDN,EFHC1,CYP1B1,TNNI2,CARD14,MDH1B"
"DEG_MVL_CRC29","495","ZNF200","537.29999999999995","ARCHS4 Coexpression,173;Enrichr Queries,1110;GTEx Coexpression,329","TLE4,ABCA1,TTC34,FBXO15,PKD1L2,COX6B2,IFIT1,SMC1B,IQCN,KYNU,PXDN,CCDC30,OR7D2"
"DEG_MVL_CRC29","496","DPF1","538.00000000000000","ARCHS4 Coexpression,313;Enrichr Queries,235;GTEx Coexpression,1066","ARHGAP33,NRSN2,TUBB2B,PRRT2,BCL11B,PLPPR3,GNG4,PXDN,NNAT,NPTXR,ANK1,RGMA"
"DEG_MVL_CRC29","497","EGR1","538.20000000000005","Literature ChIP-seq,28;ARCHS4 Coexpression,1229;ENCODE ChIP-seq,50;Enrichr Queries,702;ReMap ChIP-seq,64;GTEx Coexpression,1156","NRSN2,CDKN1B,LIN37,MAOB,PLPPR3,PRUNE2,IER5L,NOXO1,GPT,LIN7B,CTSS,DNALI1,DCST2,EFEMP2,CARNS1,CYP1B1,HOXA2,MROH6,HES7,SLC34A3,ABCA1,TLE4,LAG3,STPG3,PRRT2,CAVIN2,KCNIP2,LMNTD2,TRAPPC5,OSM,SYN3,SPOCD1,IQCN,SPSB2,COL3A1,CFAP221,LPAR5,ZGLP1,PXDN,COX20"
"DEG_MVL_CRC29","498","DMRTB1","538.29999999999995","ARCHS4 Coexpression,1363;Enrichr Queries,9;GTEx Coexpression,243","ABCA1,SPINK2,STPG3,BCL11B,PLPPR3,FOXJ1,SYT13,COX6B2,ANK1,SMC1B,SOX2,COL3A1,GNG4,PXDN,NNAT,ZMYND10,KCNN3"
"DEG_MVL_CRC29","499","ZNF497","538.29999999999995","ARCHS4 Coexpression,192;Enrichr Queries,502;GTEx Coexpression,921","PRRT2,PLPPR3,TRAPPC5,PKD1L2,ANK1,ARHGAP33,IQCN,CFAP221,ZGLP1,DZANK1,PXDN,SH2D6,CARD14"
"DEG_MVL_CRC29","500","NKX24","538.50000000000000","ARCHS4 Coexpression,1050;GTEx Coexpression,27","FBXO15,MTCP1,SERHL2,TSNAXIP1,COX6B2,ZMYND12,DNALI1,SMC1B,MDH1B"
"DEG_MVL_CRC29","501","ZNF439","538.70000000000005","ARCHS4 Coexpression,90;Enrichr Queries,321;GTEx Coexpression,1205","ABCA1,PLPPR3,FBXO15,SLC52A1,PKD1L2,IFIT1,CFAP221,ZMAT1,PXDN,EPSTI1,CCDC30,CYP1B1,ZNF337,SH2D6,OR7D2"
"DEG_MVL_CRC29","502","ETV3L","539.00000000000000","ARCHS4 Coexpression,362;Enrichr Queries,246;GTEx Coexpression,1009","ABCA1,BATF2,PLPPR3,KCNIP2,OSM,IFIT1,LRRC32,WDR54,SPOCD1,KYNU,PXDN,ZNF878,CYP1B1,PLCH2"
"DEG_MVL_CRC29","503","RFX1","539.00000000000000","ARCHS4 Coexpression,759;Enrichr Queries,1233;ReMap ChIP-seq,96;GTEx Coexpression,68","ZNF396,NRSN2,LIN37,PLPPR3,DNAH6,DNALI1,MYLK4,DZANK1,TSNAXIP1,CCDC183,TLE4,STPG3,LMNTD2,LRRIQ1,FOXJ1,WDR54,SPOCD1,ARHGAP33,IQCN,SPSB2,CFAP221,ARHGAP30,PXDN,ZMYND10,LY6G5C"
"DEG_MVL_CRC29","504","ESRRG","539.70000000000005","ARCHS4 Coexpression,334;Enrichr Queries,757;GTEx Coexpression,528","BCL11B,PLPPR3,PRUNE2,FBXO15,SYN3,ANK1,TMEM92,CFAP221,PXDN,CCDC30,EFHC1,TFF1,CA9"
"DEG_MVL_CRC29","505","MYBL1","540.50000000000000","Literature ChIP-seq,159;ARCHS4 Coexpression,637;Enrichr Queries,1163;GTEx Coexpression,203","CDKN1B,FGFBP2,ARHGAP30,AMIGO2,PXDN,RUBCNL,RAC2,OSM,CYP1B1,EMP3"
"DEG_MVL_CRC29","506","MYCN","541.00000000000000","Literature ChIP-seq,20;ARCHS4 Coexpression,1365;Enrichr Queries,22;ReMap ChIP-seq,16;GTEx Coexpression,1282","DHRS12,NRSN2,LIN37,PLPPR3,IER5L,MPL,NOXO1,GPT,SLCO5A1,LIN7B,DCST2,SOX2,EFEMP2,HAUS7,CARNS1,CYP1B1,CCDC183,HOXA4,HES7,SLC34A3,ABCA1,TLE4,LAG3,PRRT2,S100A2,BCL11B,RARRES1,OSM,SSC5D,ANK1,PCDHB10,RGMA,GPR162,SPSB2,IQCN,TUBB2B,COL3A1,FAM167A,HAL,DCHS2,PXDN,S100A5,ZMYND10"
"DEG_MVL_CRC29","507","TSC22D1","542.00000000000000","ARCHS4 Coexpression,297;Enrichr Queries,1019;GTEx Coexpression,310","SOX2,ABCA1,NRSN2,TUBB2B,PRRT2,PLPPR3,CAVIN2,PXDN,ALOX12,PCDHB10"
"DEG_MVL_CRC29","508","ARNTL","542.29999999999995","ARCHS4 Coexpression,152;Enrichr Queries,506;ReMap ChIP-seq,272;GTEx Coexpression,1239","ABCA1,CHKB,LIN37,PLPPR3,NTN5,PLAT,EMP3,SYN3,DHRS2,ANK1,CTSS,TMEM154,SBK3,CLEC2B,ARHGAP30,PXDN,RAC2,CDHR4,CYP1B1,SERHL2,ARMH1"
"DEG_MVL_CRC29","509","ELF5","542.79999999999995","Literature ChIP-seq,141;ARCHS4 Coexpression,43;Enrichr Queries,845;ReMap ChIP-seq,263;GTEx Coexpression,1422","PLPPR3,RPL36A,SLC52A1,PKD1L2,SYT8,NAALADL2,VASN,CHFR,SOX2,EFEMP2,CFAP221,DEPTOR,KYNU,RAB24,PXDN,CCDC30,NEK10,CYP1B1,OR7D2,CARD14"
"DEG_MVL_CRC29","510","UNCX","543.70000000000005","ARCHS4 Coexpression,476;Enrichr Queries,480;GTEx Coexpression,675","PRRT2,COL13A1,BCL11B,PLPPR3,LRRIQ1,ANK1,RGMA,SOX2,GPR162,TUBB2B,PXDN,HOXA2,REM2"
"DEG_MVL_CRC29","511","SOX14","546.29999999999995","ARCHS4 Coexpression,198;Enrichr Queries,803;GTEx Coexpression,638","PLPPR3,SLC52A1,SYT13,TAS2R38,ANK1,NAALADL2,CALB2,SOX2,TUBB2B,GNG4,PXDN,NNAT,CDHR4"
"DEG_MVL_CRC29","512","HES1","546.50000000000000","ARCHS4 Coexpression,323;Enrichr Queries,675;ReMap ChIP-seq,202;GTEx Coexpression,986","ABCA1,SLC35A4,CHKB,LRRIQ1,RPL36A,PLAT,TAS2R38,B3GALT5,SYT8,PCDHB10,PLXDC1,DNALI1,SPOCD1,SOX2,ACTR3C,PXDN,CYP1B1,CARD14"
"DEG_MVL_CRC29","513","FOSL1","546.60000000000002","ARCHS4 Coexpression,930;ENCODE ChIP-seq,2;Enrichr Queries,724;ReMap ChIP-seq,146;GTEx Coexpression,931","NRSN2,COL16A1,COL13A1,LSMEM1,MPL,PLAT,TFPI,IFIT1,ISM1,LRRC32,ABLIM3,HAS3,CYP1B1,ARMH1,HES7,PRRT2,S100A2,RARRES1,EMP3,DHRS2,VASN,IQCN,FAM167B,SBK3,FAM167A,PXDN,EFHC1,S100A5"
"DEG_MVL_CRC29","514","HOXD9","546.70000000000005","ARCHS4 Coexpression,719;Enrichr Queries,41;GTEx Coexpression,880","COL16A1,PLPPR3,SSC5D,ANK1,RGMA,SOX2,COL3A1,PAX8,PXDN,COL5A2,CYP1B1,HOXA2,HOXA4"
"DEG_MVL_CRC29","515","PAX6","546.79999999999995","Literature ChIP-seq,82;ARCHS4 Coexpression,1001;Enrichr Queries,339;ReMap ChIP-seq,172;GTEx Coexpression,1140","PLPPR3,IER5L,RPL36A,NOXO1,GPT,TFPI,LRRC32,DNALI1,SOX2,EFEMP2,TMEM223,GNG4,CYP1B1,CA9,SLC34A3,IFITM10,STPG3,PRRT2,OSM,SYT13,MRPS6,ANK1,POU5F1,ARHGAP24,GPR162,SPSB2,FAM167A,PXDN,MTCP1,PLIN2,TFF1"
"DEG_MVL_CRC29","516","ZNF487","548.00000000000000","ARCHS4 Coexpression,103;Enrichr Queries,712;GTEx Coexpression,829","TLE4,ABCA1,ZNF396,PLPPR3,SLC52A1,PKD1L2,IQCN,CFAP221,PXDN,EFHC1,CCDC30,CYP1B1,OR7D2"
"DEG_MVL_CRC29","517","ZNF419","548.00000000000000","ARCHS4 Coexpression,487;Enrichr Queries,838;GTEx Coexpression,319","ABCA1,PRRT2,ZGLP1,PLPPR3,PXDN,CCDC30,NTN5,SLC52A1,ZNF337,PKD1L2,IFIT1,OR7D2"
"DEG_MVL_CRC29","518","SNAI3","548.29999999999995","ARCHS4 Coexpression,526;Enrichr Queries,733;GTEx Coexpression,386","ABCA1,ARHGAP30,PLPPR3,LSMEM1,PXDN,RAC2,CYP1B1,EMP3,ANK1,REM2,CTSS"
"DEG_MVL_CRC29","519","FOXA1","549.20000000000005","Literature ChIP-seq,98;ARCHS4 Coexpression,1327;ENCODE ChIP-seq,13;Enrichr Queries,682;ReMap ChIP-seq,210;GTEx Coexpression,965","NRSN2,CDKN1B,COL16A1,LRRC32,TMEM92,MYLK4,SOX2,DEPTOR,KYNU,CYP1B1,CA9,ZNF564,HOXA4,SERPINF2,NAALADL2,SMC1B,CFAP221,HECW2,PXDN,TFF1,PLIN2,ZNF396,MAOB,PLPPR3,AMIGO2,PRUNE2,NTN5,TFPI,FBXO43,DCST2,ACTR3C,NUAK2,ABLIM3,THPO,GNG4,CARNS1,NNAT,FILIP1L,PCK1,CCDC183,ABCA1,CFAP73,FOXJ1,SSC5D,ARHGAP24,TMEM154,FAM167B,COL3A1,HAL,FABP4,LPAR5,P4HA3,NEK10,COX20"
"DEG_MVL_CRC29","520","PKNOX2","549.29999999999995","ARCHS4 Coexpression,1066;Enrichr Queries,324;GTEx Coexpression,258","GPR162,NRSN2,COL3A1,ANKRD24,PLPPR3,KYNU,PXDN,PRUNE2,CYP1B1,SYT13,ANK1,RGMA"
"DEG_MVL_CRC29","521","ANHX","550.50000000000000","ARCHS4 Coexpression,736;GTEx Coexpression,365","SPINK2,ZGLP1,HECW2,ZMYND10,COX6B2,SMC1B"
"DEG_MVL_CRC29","522","ZNF671","550.70000000000005","ARCHS4 Coexpression,821;Enrichr Queries,426;GTEx Coexpression,405","TLE4,PRRT2,PLPPR3,AMIGO2,IFIT1,ARHGAP30,ZGLP1,PXDN,RAC2,CYP1B1,ZNF337,LY6G5C,FILIP1L"
"DEG_MVL_CRC29","523","YBX2","551.70000000000005","ARCHS4 Coexpression,921;Enrichr Queries,420;GTEx Coexpression,314","SOX2,MYH7B,SPINK2,STPG3,TUBB2B,PLPPR3,PXDN,CYP1B1,ANO9,ZMYND10,COX6B2,ANK1"
"DEG_MVL_CRC29","524","ZNF875","552.29999999999995","ARCHS4 Coexpression,395;Enrichr Queries,960;GTEx Coexpression,302","ABCA1,ZNF396,CHKB,PLPPR3,NTN5,SLC52A1,PKD1L2,INPP4B,ZMAT1,DZANK1,PXDN,EFHC1,OR7D2"
"DEG_MVL_CRC29","525","RARA","553.60000000000002","Literature ChIP-seq,35;ARCHS4 Coexpression,783;Enrichr Queries,871;ReMap ChIP-seq,15;GTEx Coexpression,1064","NRSN2,CDKN1B,GPT,IFIT1,LRRC32,CTSS,TMEM92,EFEMP2,TMEM223,RAC2,CA9,HOXA4,HES7,SLC34A3,STPG3,LAG3,SPNS2,EMP3,RCN3,SPOCD1,IQCN,INPP4B,TUBB2B,HECW2,PXDN,EFHC1,VAMP1,S100A5,ZMYND10,NPTXR,LIN37,PLPPR3,NOXO1,THPO,CARNS1,TNNI2,REM2,CCDC183,ABCA1,IFITM10,ANKRD24,OSM,PLXDC1,WDR54,VASN,SPSB2,ARHGAP30,ZGLP1,ANKRD63"
"DEG_MVL_CRC29","526","KLF12","553.70000000000005","ARCHS4 Coexpression,516;Enrichr Queries,267;GTEx Coexpression,878","ABCA1,TLE4,CDKN1B,BCL11B,PLPPR3,PCDHB10,ANK1,ARHGAP24,INPP4B,TUBB2B,ARHGAP30,PXDN,FILIP1L"
"DEG_MVL_CRC29","527","GTF2B","554.29999999999995","ARCHS4 Coexpression,933;ENCODE ChIP-seq,101;ReMap ChIP-seq,200;GTEx Coexpression,983","NRSN2,CDKN1B,ERV3-1,IER5L,RPL36A,NOXO1,FBXO43,TFPI,NUDT6,EFEMP2,TMEM223,CARNS1,RAC2,CA9,ZNF564,HES7,PRRT2,CAVIN2,EMP3,MRPS6,VASN,SPSB2,FAM167B,ARHGAP30,CLEC2B,EFHC1,ZNF878,VAMP1,ZMYND10"
"DEG_MVL_CRC29","528","OSR2","554.70000000000005","ARCHS4 Coexpression,191;Enrichr Queries,309;GTEx Coexpression,1164","RCN3,COL3A1,EFEMP2,COL16A1,PLPPR3,CAVIN2,PXDN,CYP1B1,PLAT,SSC5D,IFIT1,VASN"
"DEG_MVL_CRC29","529","ZNF273","554.70000000000005","ARCHS4 Coexpression,96;Enrichr Queries,1384;GTEx Coexpression,184","BCL11B,PKD1L2,SYT8,DCST2,CFAP221,DZANK1,PXDN,CCDC30,EFHC1,CDHR4,PLCH2,CARD14,OR7D2"
"DEG_MVL_CRC29","530","KAT7","555.00000000000000","ARCHS4 Coexpression,935;GTEx Coexpression,175","TLE4,SPINK2,PRRT2,KIF4B,PKDREJ,NAALADL2,SMC1B"
"DEG_MVL_CRC29","531","TLX3","556.00000000000000","ARCHS4 Coexpression,552;Enrichr Queries,639;GTEx Coexpression,477","SOX2,GPR162,TUBB2B,PRRT2,COL13A1,BCL11B,PLPPR3,GNG4,IER5L,CYP1B1,ZNF337,ANK1"
"DEG_MVL_CRC29","532","KLF7","556.29999999999995","ARCHS4 Coexpression,802;Enrichr Queries,739;GTEx Coexpression,128","ABCA1,TLE4,ADAM19,TUBB2B,CAVIN2,PLPPR3,PXDN,ERV3-1,ADCY4,LRRC32,LIN7B,REM2"
"DEG_MVL_CRC29","533","OTP","556.29999999999995","ARCHS4 Coexpression,760;Enrichr Queries,293;GTEx Coexpression,616","BCL11B,PLPPR3,SYT13,ANK1,RGMA,CALB2,SOX2,TUBB2B,GNG4,NNAT,HOXA2,REM2,HOXA4"
"DEG_MVL_CRC29","534","ESX1","556.29999999999995","ARCHS4 Coexpression,414;Enrichr Queries,652;GTEx Coexpression,603","SOX2,SPINK2,PLPPR3,PXDN,NEK10,HOXA2,COX6B2,ANK1,SMC1B,RGMA"
"DEG_MVL_CRC29","535","MNX1","558.00000000000000","Literature ChIP-seq,59;ARCHS4 Coexpression,1408;Enrichr Queries,38;GTEx Coexpression,727","DHRS12,PNMT,COL13A1,AMY2B,PLPPR3,IER5L,MPL,SLCO5A1,ALOX12,SOX2,CALB2,HAS3,CYP1B1,HOXA4,HES7,PDIA2,TTC34,BCL11B,REG4,SPNS2,FOXJ1,SYT13,ANK1,DHRS2,HAL,TUBB2B,PAX8,HECW2,PXDN,CARD14"
"DEG_MVL_CRC29","536","ZNF683","558.29999999999995","ARCHS4 Coexpression,379;Enrichr Queries,93;GTEx Coexpression,1203","MYH7B,STPG3,LAG3,FGFBP2,BCL11B,PLPPR3,EMP3,CTSS,SPOCD1,ARHGAP30,CLEC2B,PXDN,EPSTI1,RAC2"
"DEG_MVL_CRC29","537","POU4F1","559.00000000000000","ARCHS4 Coexpression,738;Enrichr Queries,332;GTEx Coexpression,607","SOX2,ARHGAP33,TUBB2B,BCL11B,PLPPR3,GNG4,PXDN,TNNI2,SLCO5A1,SYT13,FBXO43,ANK1"
"DEG_MVL_CRC29","538","BCL6","559.60000000000002","Literature ChIP-seq,126;ARCHS4 Coexpression,824;Enrichr Queries,399;ReMap ChIP-seq,102;GTEx Coexpression,1347","DHRS12,CDKN1B,COL16A1,PLPPR3,NOXO1,NTN5,GPT,LRRC32,IFIT1,CTSS,DCST2,MYLK4,EFEMP2,NUAK2,CARNS1,RAB24,RAC2,CYP1B1,KCNN3,SH2D6,REM2,HES7,SLC34A3,ABCA1,STPG3,CFAP73,S100A2,PLXDC1,VASN,TMEM154,IQCN,FAM167B,FAM167A,ARHGAP30,SMOC1,PXDN,COL5A2,NEK10,VAMP1,PLIN2,IL17C,ZMYND12"
"DEG_MVL_CRC29","539","TEAD2","559.79999999999995","ARCHS4 Coexpression,779;Enrichr Queries,139;ReMap ChIP-seq,251;GTEx Coexpression,1070","LIN37,CAVIN2,GPR68,A2ML1,PLAT,TAS2R38,TFPI,POU5F1,ARHGAP33,RCN3,SOX2,IQCN,EFEMP2,ACTR3C,TUBB2B,COL3A1,UPK1A,NNAT,PXDN,COL5A2,CYP1B1,PLIN2"
"DEG_MVL_CRC29","540","YY1","559.79999999999995","Literature ChIP-seq,61;ARCHS4 Coexpression,1361;ENCODE ChIP-seq,88;Enrichr Queries,1381;ReMap ChIP-seq,131;GTEx Coexpression,337","NRSN2,CDKN1B,LIN37,IER5L,RPL36A,NOXO1,GPT,LIN7B,TPO,EFEMP2,TMEM223,DEPTOR,GNG4,CARNS1,RAB24,IL12A,MROH6,CFAP65,CCDC183,HES7,SLC34A3,LAG3,STPG3,PRRT2,MRPS6,CHFR,IQCN,FAM167A,ARHGAP30,PAX8,PXDN,ZNF337,ZMYND10,COX20"
"DEG_MVL_CRC29","541","PROP1","560.00000000000000","ARCHS4 Coexpression,899;Enrichr Queries,638;GTEx Coexpression,143","SOX2,COL3A1,TTC34,ZMAT1,PAX8,PLPPR3,NNAT,PXDN,CCDC30,EFHC1,NTN5,KCNN3"
"DEG_MVL_CRC29","542","EGR2","560.70000000000005","ARCHS4 Coexpression,1056;Enrichr Queries,265;GTEx Coexpression,361","ABCA1,FGFBP2,PLPPR3,OSM,PLAT,IFIT1,CTSS,COL3A1,ZMAT1,LPAR5,PXDN,EBLN2,CYP1B1"
"DEG_MVL_CRC29","543","MESP2","561.29999999999995","ARCHS4 Coexpression,271;Enrichr Queries,435;GTEx Coexpression,978","ABCA1,ZNF396,NRSN2,COL16A1,BCL11B,PLPPR3,SLC52A1,PKD1L2,ANK1,COL3A1,CFAP221,PXDN,SH2D6"
"DEG_MVL_CRC29","544","FOXI2","562.70000000000005","ARCHS4 Coexpression,966;Enrichr Queries,487;GTEx Coexpression,235","SLC34A3,S100A2,COL13A1,PLPPR3,SPNS2,A2ML1,RGMA,SOX2,FAM167A,LPAR5,PXDN,EFHC1,CYP1B1"
"DEG_MVL_CRC29","545","ZNF519","563.70000000000005","ARCHS4 Coexpression,82;Enrichr Queries,1143;GTEx Coexpression,466","HES7,TTC34,PRRT2,COL13A1,PLPPR3,FBXO15,PKD1L2,KYNU,PXDN,CCDC30,EFHC1,ZNF337,OR7D2"
"DEG_MVL_CRC29","546","HSF1","564.00000000000000","Literature ChIP-seq,120;ARCHS4 Coexpression,1557;ENCODE ChIP-seq,1;ReMap ChIP-seq,115;GTEx Coexpression,1027","LIN37,GPR68,IER5L,NOXO1,NTN5,LIN7B,EFEMP2,DEPTOR,HAUS7,TMEM204,CARNS1,TNNI2,HES7,SLC34A3,SPINK2,STPG3,FBXO15,FOXJ1,SSC5D,COX6B2,SYT8,MRPS6,PLXDC1,WDR54,SPSB2,IQCN,NEK10,ZNF337,ZMYND10"
"DEG_MVL_CRC29","547","SALL2","564.70000000000005","ARCHS4 Coexpression,326;Enrichr Queries,380;GTEx Coexpression,988","SOX2,ABCA1,GPR162,TUBB2B,PRRT2,PLPPR3,PXDN,COL5A2,CYP1B1,POU5F1,RGMA"
"DEG_MVL_CRC29","548","PAX5","567.39999999999998","ARCHS4 Coexpression,809;ENCODE ChIP-seq,34;Enrichr Queries,562;ReMap ChIP-seq,56;GTEx Coexpression,1376","NRSN2,CDKN1B,LIN37,PLPPR3,NOXO1,GPT,LRRC32,FBXO43,MYLK4,SOX2,EFEMP2,ACTR3C,ABLIM3,CARNS1,RAC2,TNNI2,CYP1B1,KCNN3,MROH6,HES7,SLC34A3,ABCA1,MYH7B,STPG3,PRRT2,BCL11B,ANKRD24,TRAPPC5,LMNTD2,ANK1,IQCN,FAM167B,FAM167A,ARHGAP30,PXDN,ZNF878,RUBCNL,IL17C"
"DEG_MVL_CRC29","549","CASZ1","568.00000000000000","ARCHS4 Coexpression,373;Enrichr Queries,617;GTEx Coexpression,714","ABCA1,MYH7B,CFAP73,BCL11B,PLPPR3,ANO9,FOXJ1,SYT8,ANK1,PXDN,TNNI2,PLCH2,CARD14"
"DEG_MVL_CRC29","550","ZNF831","568.00000000000000","ARCHS4 Coexpression,513;Enrichr Queries,810;GTEx Coexpression,381","SPSB2,ARHGAP30,CDKN1B,BCL11B,PXDN,RUBCNL,RAC2,PLCH2,CTSS"
"DEG_MVL_CRC29","551","ZNF785","568.00000000000000","ARCHS4 Coexpression,137;GTEx Coexpression,999","ZNF396,PRRT2,CCDC30,SLC52A1,ZNF337,PKD1L2,OR7D2,CARD14"
"DEG_MVL_CRC29","552","ZNF133","569.00000000000000","ARCHS4 Coexpression,543;Enrichr Queries,888;GTEx Coexpression,276","CFAP221,PRRT2,PLPPR3,PXDN,CCDC30,NTN5,ZNF337,PKD1L2,PLCH2,TFPI,OR7D2"
"DEG_MVL_CRC29","553","NEUROG3","569.29999999999995","ARCHS4 Coexpression,1244;Enrichr Queries,202;GTEx Coexpression,262","BCL11B,PLPPR3,REG4,B3GALT5,SYT13,ANK1,SOX2,MUC2,PAX8,PXDN,CYP1B1,NPTXR"
"DEG_MVL_CRC29","554","KLF3","569.50000000000000","ARCHS4 Coexpression,500;Enrichr Queries,775;ReMap ChIP-seq,253;GTEx Coexpression,750","HES7,TLE4,ABCA1,CDKN1B,PLPPR3,PRUNE2,RARRES1,ANO9,TAS2R38,ANK1,CTSS,TMEM154,MYLK4,ARHGAP30,SMOC1,PXDN,HOXA2,CARD14,HOXA4"
"DEG_MVL_CRC29","555","STAT3","569.79999999999995","Literature ChIP-seq,34;ARCHS4 Coexpression,840;ENCODE ChIP-seq,59;Enrichr Queries,1010;ReMap ChIP-seq,90;GTEx Coexpression,1386","NRSN2,CDKN1B,LIN37,AMIGO2,IER5L,NOXO1,ALOX12,IFIT1,FBXO43,TFPI,CTSS,DCST2,EFEMP2,ACTR3C,NUAK2,THPO,KYNU,CARNS1,RAC2,HOXA2,CYP1B1,MROH6,HOXA4,HES7,SLC34A3,ABCA1,STPG3,SLC35A4,PRRT2,S100A2,ANKRD24,SERPINF2,FBXO15,COX6B2,SYN3,ARHGAP24,TMEM154,ARHGAP33,IQCN,HAL,CLEC2B,ARHGAP30,PXDN,S100A5,CARD14"
"DEG_MVL_CRC29","556","VAX2","570.00000000000000","ARCHS4 Coexpression,959;Enrichr Queries,294;GTEx Coexpression,457","PRRT2,COL13A1,BCL11B,PLPPR3,IER5L,RGMA,SOX2,GPR162,SMOC1,PXDN,CYP1B1,HOXA2,ZNF337"
"DEG_MVL_CRC29","557","ZNF311","571.00000000000000","ARCHS4 Coexpression,869;Enrichr Queries,17;GTEx Coexpression,827","BCL11B,PLPPR3,IFIT1,LIN7B,ANK1,NUDT6,RGMA,SOX2,INPP4B,TUBB2B,SMOC1,COL5A2,PXDN,EPSTI1,CYP1B1"
"DEG_MVL_CRC29","558","ZNF331","572.29999999999995","ARCHS4 Coexpression,199;Enrichr Queries,637;GTEx Coexpression,881","ABCA1,PLPPR3,AMIGO2,OSM,SLC52A1,PKD1L2,COX6B2,NNAT,PXDN,CYP1B1,PLIN2,SH2D6,OR7D2"
"DEG_MVL_CRC29","559","ZNF585A","573.29999999999995","ARCHS4 Coexpression,162;Enrichr Queries,511;GTEx Coexpression,1047","ABCA1,TTC34,PLPPR3,FBXO15,PKD1L2,IFIT1,TFPI,ZMAT1,PXDN,CCDC30,EFHC1,ZNF337,OR7D2,COX20"
"DEG_MVL_CRC29","560","NPAS3","573.29999999999995","ARCHS4 Coexpression,600;Enrichr Queries,253;GTEx Coexpression,867","SOX2,ABCA1,TLE4,TUBB2B,BCL11B,PLPPR3,PXDN,KCNN3,ANK1,RGMA"
"DEG_MVL_CRC29","561","ALX3","574.00000000000000","ARCHS4 Coexpression,1369;Enrichr Queries,175;GTEx Coexpression,178","NUTM2A,NRSN2,BCL11B,PLPPR3,NTN5,ANK1,ARHGAP33,SOX2,PAX8,GNG4,NNAT,PXDN,CYP1B1,HOXA2"
"DEG_MVL_CRC29","562","ZGLP1","574.50000000000000","ARCHS4 Coexpression,17;GTEx Coexpression,1132","SPOCD1,GPR162,PRRT2,LPAR5,ABLIM3,CAVIN2,LSMEM1,MPL,ALOX12,LRRC32,LY6G5C,ZMYND12"
"DEG_MVL_CRC29","563","TFAP2E","575.00000000000000","ARCHS4 Coexpression,437;Enrichr Queries,276;GTEx Coexpression,1012","SPINK2,PRRT2,COL16A1,COL13A1,PLPPR3,ANK1,GPR162,PXDN,RAC2,CYP1B1,VAMP1,KCNN3,PLCH2,LY6G5C"
"DEG_MVL_CRC29","564","RBPJL","575.29999999999995","ARCHS4 Coexpression,712;Enrichr Queries,312;GTEx Coexpression,702","DHRS12,PDIA2,MYH7B,BCL11B,AMY2B,PLPPR3,PXDN,CYP1B1,ANK1,PLXDC1"
"DEG_MVL_CRC29","565","HNF1B","575.70000000000005","ARCHS4 Coexpression,1006;Enrichr Queries,494;ReMap ChIP-seq,227","ABCA1,MAOB,PLPPR3,AMIGO2,SYT13,TFPI,ANK1,SOX2,SPSB2,ACTR3C,CFAP221,ABLIM3,PAX8,KYNU,PXDN,CYP1B1,HOXA2,HOXA4"
"DEG_MVL_CRC29","566","KLF15","576.00000000000000","ARCHS4 Coexpression,193;Enrichr Queries,383;GTEx Coexpression,1152","ABCA1,HES7,PLPPR3,CAVIN2,SERPINF2,GPT,IFIT1,ANK1,FTCD,RGMA,PXDN,MTCP1,CYP1B1,PCK1"
"DEG_MVL_CRC29","567","ZNF296","576.00000000000000","ARCHS4 Coexpression,1284;Enrichr Queries,341;GTEx Coexpression,103","ABCA1,PLPPR3,IER5L,EMP3,CHFR,TMEM154,ARHGAP30,LPAR5,PXDN,RAC2,CYP1B1,MROH6"
"DEG_MVL_CRC29","568","ETV2","577.79999999999995","Literature ChIP-seq,96;ARCHS4 Coexpression,592;Enrichr Queries,672;GTEx Coexpression,951","MYH7B,SPINK2,STPG3,BCL11B,PLPPR3,LMNTD2,FBXO15,LRRC32,NUDT6,DNALI1,SOX2,THPO,LPAR5,ABLIM3,SMOC1,PXDN,CYP1B1,JCAD"
"DEG_MVL_CRC29","569","NEUROD1","578.29999999999995","ARCHS4 Coexpression,1350;Enrichr Queries,214;ReMap ChIP-seq,51;GTEx Coexpression,698","NRSN2,COL13A1,PLPPR3,IER5L,NOXO1,GPT,LIN7B,DCST2,SOX2,CALB2,EFEMP2,GNG4,CARNS1,NNAT,MROH6,SH2D6,HES7,SLC34A3,STPG3,PRRT2,BCL11B,MAMSTR,SSC5D,SYT13,IQCN,LPAR5,ZGLP1,PXDN,ZNF337,LY6G5C,CCDC194"
"DEG_MVL_CRC29","570","HOXD12","578.29999999999995","ARCHS4 Coexpression,872;Enrichr Queries,632;GTEx Coexpression,231","SOX2,COL16A1,PLPPR3,AMIGO2,PRUNE2,PXDN,COL5A2,HOXA2,SSC5D,JCAD,HOXA4"
"DEG_MVL_CRC29","571","ZFP92","578.70000000000005","ARCHS4 Coexpression,1503;Enrichr Queries,162;GTEx Coexpression,71","HES7,ABCA1,BCL11B,PLPPR3,SYT13,IFIT1,ANK1,DCST2,FAM167A,HECW2,PXDN,ZNF878,CYP1B1,ZNF337,CCDC194"
"DEG_MVL_CRC29","572","ZNF562","578.70000000000005","ARCHS4 Coexpression,88;Enrichr Queries,1258;GTEx Coexpression,390","TTC34,S100A2,PLPPR3,FBXO15,A2ML1,PKD1L2,TMEM154,LPAR5,KYNU,PXDN,CCDC30,EFHC1,OR7D2"
"DEG_MVL_CRC29","573","GRHL2","578.79999999999995","Literature ChIP-seq,115;ARCHS4 Coexpression,1416;Enrichr Queries,560;ReMap ChIP-seq,120;GTEx Coexpression,683","PNMT,DHRS12,LIN37,PLPPR3,MPL,ALOX12,LRRC32,DCST2,SOX2,NUAK2,ABLIM3,TNNI1,EPSTI1,TNNI2,CYP1B1,SH2D6,ZNF564,SLC34A3,MYH7B,S100A2,BCL11B,SPNS2,OSM,SYT8,POU5F1,TMEM154,SH3RF3,ARHGAP30,PXDN,S100A5,CARD14"
"DEG_MVL_CRC29","574","ZNF175","579.50000000000000","ARCHS4 Coexpression,689;Enrichr Queries,561;ReMap ChIP-seq,94;GTEx Coexpression,974","PNMT,NRSN2,PLPPR3,NOXO1,GPT,TFPI,EFEMP2,NUAK2,CYP1B1,PCK1,SH2D6,ZNF564,HOXA4,HES7,SLC34A3,ABCA1,PRRT2,MAMSTR,CAVIN2,SERPINF2,LMNTD2,ANK1,IQCN,ZGLP1,PXDN,ZNF337,PLIN2,ZMYND10"
"DEG_MVL_CRC29","575","RAX2","580.29999999999995","ARCHS4 Coexpression,612;Enrichr Queries,992;GTEx Coexpression,137","CFAP221,ZMAT1,PLPPR3,NNAT,PXDN,CCDC30,EFHC1,NTN5,CYP1B1,SLC52A1,PKD1L2,OR7D2"
"DEG_MVL_CRC29","576","ZIC5","580.70000000000005","ARCHS4 Coexpression,735;Enrichr Queries,222;GTEx Coexpression,785","PRRT2,COL13A1,BCL11B,PLPPR3,RPL36A,SYT13,POU5F1,RGMA,SOX2,GPR162,TUBB2B,GNG4,PXDN"
"DEG_MVL_CRC29","577","MSX1","581.00000000000000","ARCHS4 Coexpression,1092;Enrichr Queries,394;GTEx Coexpression,257","SOX2,ABCA1,COL3A1,FABP4,PLPPR3,PXDN,COL5A2,ADCY4,RPL36A,CYP1B1,LRRC32"
"DEG_MVL_CRC29","578","SP5","581.29999999999995","ARCHS4 Coexpression,519;Enrichr Queries,144;GTEx Coexpression,1081","COL13A1,PLPPR3,SERPINF2,SYT8,DHRS2,FTCD,RGMA,SOX2,TUBB2B,COL3A1,SMOC1,PXDN,CYP1B1,CARD14,CCDC183"
"DEG_MVL_CRC29","579","CEBPB","581.70000000000005","Literature ChIP-seq,54;ARCHS4 Coexpression,1355;ENCODE ChIP-seq,30;Enrichr Queries,509;ReMap ChIP-seq,137;GTEx Coexpression,1405","DHRS12,NRSN2,LIN37,AMIGO2,IER5L,NOXO1,GPT,ALOX12,TFPI,CTSS,CALB2,EFEMP2,NUAK2,ZMAT1,MUC2,ABLIM3,KYNU,CARNS1,EPSTI1,CYP1B1,TSNAXIP1,KCNN3,PCK1,HOXA4,HES7,ABCA1,BATF2,SLC35A4,CAVIN2,TRAPPC5,OSM,FOXJ1,EMP3,ANK1,DHRS2,NAALADL2,ARHGAP24,VASN,IQCN,INPP4B,FAM167A,PXDN,VAMP1,PLIN2,COX20"
"DEG_MVL_CRC29","580","ZNF20","582.29999999999995","ARCHS4 Coexpression,195;Enrichr Queries,605;GTEx Coexpression,947","ABCA1,ZNF396,STPG3,CDKN1B,PLPPR3,SLC52A1,PKD1L2,IQCN,DZANK1,PXDN,COL5A2,CDHR4,OR7D2,ZNF564"
"DEG_MVL_CRC29","581","ZIM2","583.00000000000000","ARCHS4 Coexpression,811;Enrichr Queries,457;GTEx Coexpression,481","TLE4,IQCN,MYH7B,STPG3,COL3A1,ABLIM3,PLPPR3,PXDN,PRUNE2,COL5A2,LMNTD2,ANK1"
"DEG_MVL_CRC29","582","ZNF280A","583.00000000000000","ARCHS4 Coexpression,1164;Enrichr Queries,54;GTEx Coexpression,531","ABCA1,IFITM10,S100A2,PLPPR3,ERV3-1,PLAT,IFIT1,DHRS2,TMEM92,INPP4B,TUBB2B,PXDN,COL5A2,RAC2"
"DEG_MVL_CRC29","583","HOXD10","585.70000000000005","ARCHS4 Coexpression,1118;Enrichr Queries,58;GTEx Coexpression,581","COL16A1,PLPPR3,SSC5D,PLAT,ANK1,SOX2,COL3A1,PXDN,COL5A2,CYP1B1,HOXA2,JCAD,HOXA4"
"DEG_MVL_CRC29","584","NEUROD2","586.00000000000000","Literature ChIP-seq,119;ARCHS4 Coexpression,1095;Enrichr Queries,69;GTEx Coexpression,1061","COL13A1,PLPPR3,GPR68,ALOX12,SOX2,CALB2,THPO,GNG4,NNAT,RAC2,KCNN3,FILIP1L,REM2,PRRT2,BCL11B,FOXJ1,SYT13,ANK1,NAALADL2,WDR54,SMC1B,GPR162,PXDN,PLCH2,ZMYND10,LY6G5C"
"DEG_MVL_CRC29","585","JUNB","586.29999999999995","ARCHS4 Coexpression,676;Enrichr Queries,725;ReMap ChIP-seq,155;GTEx Coexpression,789","PNMT,HES7,CDKN1B,LIN37,S100A2,AMIGO2,IER5L,PLAT,EMP3,POU5F1,CTSS,ADAM19,IQCN,EFEMP2,ARHGAP30,HAUS7,ZGLP1,PXDN,RAC2,CYP1B1,PLIN2,MROH6,LY6G5C"
"DEG_MVL_CRC29","586","CREB1","586.29999999999995","Literature ChIP-seq,149;ARCHS4 Coexpression,1125;ENCODE ChIP-seq,95;Enrichr Queries,895;ReMap ChIP-seq,72;GTEx Coexpression,1182","NRSN2,CDKN1B,LIN37,PLPPR3,ERV3-1,IER5L,RPL36A,NOXO1,GPT,ISM1,LIN7B,SOX2,EFEMP2,TMEM223,RAB24,CCDC183,ZNF564,HOXA4,HES7,SLC34A3,LAG3,STPG3,PRRT2,MAMSTR,SSC5D,EMP3,TMEM154,ARHGAP33,SPSB2,IQCN,PXDN,ZNF337,ZMYND10"
"DEG_MVL_CRC29","587","MAFK","586.79999999999995","ARCHS4 Coexpression,1218;ENCODE ChIP-seq,38;Enrichr Queries,1071;ReMap ChIP-seq,249;GTEx Coexpression,358","HES7,ABCA1,NRSN2,COL16A1,PLPPR3,IER5L,NUDT6,MYLK4,SH3RF3,EFEMP2,HAL,DEPTOR,ABLIM3,HAUS7,PXDN,EFHC1,MROH6,FILIP1L,SH2D6,COX20"
"DEG_MVL_CRC29","588","FOXG1","587.70000000000005","ARCHS4 Coexpression,453;Enrichr Queries,211;GTEx Coexpression,1099","SOX2,NRSN2,TUBB2B,BCL11B,PLPPR3,PXDN,NNAT,CYP1B1,SLCO5A1,ANK1"
"DEG_MVL_CRC29","589","FOXO1","588.20000000000005","Literature ChIP-seq,62;ARCHS4 Coexpression,1196;Enrichr Queries,539;ReMap ChIP-seq,110;GTEx Coexpression,1034","DHRS12,CDKN1B,PLPPR3,GPR68,IER5L,NOXO1,PLAT,TFPI,EFEMP2,DEPTOR,NUAK2,KYNU,RAC2,CCDC30,TNNI2,CYP1B1,CA9,FILIP1L,REM2,HES7,ABCA1,TLE4,BCL11B,ANKRD24,KCNIP2,REG4,FBXO15,SSC5D,EMP3,TMEM154,ADAM19,SPOCD1,IQCN,INPP4B,FAM167B,COL3A1,TUBB2B,PXDN"
"DEG_MVL_CRC29","590","ZNF516","588.29999999999995","ARCHS4 Coexpression,265;Enrichr Queries,914;GTEx Coexpression,586","TLE4,ABCA1,IQCN,PLPPR3,PXDN,CCDC30,SYT13,CTSS,SMC1B,TMEM154"
"DEG_MVL_CRC29","591","MEF2A","588.50000000000000","Literature ChIP-seq,130;ARCHS4 Coexpression,1200;ENCODE ChIP-seq,64;Enrichr Queries,905;ReMap ChIP-seq,255;GTEx Coexpression,977","CDKN1B,PLPPR3,LSMEM1,PLAT,IFIT1,LRRC32,HAUS7,TNNI1,CYP1B1,IL12A,KCNN3,FILIP1L,HES7,ABCA1,TLE4,SPINK2,PRRT2,KCNIP2,WDR54,VASN,RGMA,ADAM19,IQCN,FAM167A,PXDN"
"DEG_MVL_CRC29","592","SOHLH1","590.00000000000000","ARCHS4 Coexpression,714;Enrichr Queries,770;GTEx Coexpression,286","NRSN2,PRRT2,ANKRD24,PLPPR3,PXDN,SYT13,PLCH2,SYN3,NPTXR,ANK1"
"DEG_MVL_CRC29","593","EGR3","590.29999999999995","ARCHS4 Coexpression,742;Enrichr Queries,257;GTEx Coexpression,772","ABCA1,MYH7B,BCL11B,PLPPR3,OSM,PLAT,IFIT1,SYT8,ADAM19,LPAR5,PXDN,CYP1B1,CARD14"
"DEG_MVL_CRC29","594","HOXD11","590.29999999999995","ARCHS4 Coexpression,819;Enrichr Queries,477;GTEx Coexpression,475","SOX2,COL16A1,DCHS2,PLPPR3,PXDN,RPL36A,CYP1B1,HOXA2,SSC5D,JCAD,HOXA4"
"DEG_MVL_CRC29","595","ZNF605","590.70000000000005","ARCHS4 Coexpression,514;Enrichr Queries,729;GTEx Coexpression,529","INPP4B,FAM167A,PRRT2,ZGLP1,PLPPR3,PXDN,EFHC1,CCDC30,FBXO15,ZNF337,PKD1L2,OR7D2"
"DEG_MVL_CRC29","596","SMAD3","590.79999999999995","Literature ChIP-seq,42;ARCHS4 Coexpression,659;Enrichr Queries,696;ReMap ChIP-seq,126;GTEx Coexpression,1431","CDKN1B,PLPPR3,AMIGO2,IER5L,NOXO1,TMEM92,DCST2,SOX2,EFEMP2,TMEM223,NUAK2,ABLIM3,GNG4,NNAT,EPSTI1,TNNI2,CYP1B1,FILIP1L,ABCA1,SLC35A4,PRRT2,S100A2,KCNIP2,OSM,B3GALT5,SYT8,MRPS6,VASN,POU5F1,ARHGAP24,IQCN,FAM167A,ARHGAP30,PXDN,COL5A2,S100A5"
"DEG_MVL_CRC29","597","ZNF385A","591.00000000000000","ARCHS4 Coexpression,961;Enrichr Queries,603;GTEx Coexpression,209","ABCA1,ARHGAP30,BCL11B,PLPPR3,PXDN,CYP1B1,PLCH2,EMP3,CARD14,SYT8,CTSS,TMEM154"
"DEG_MVL_CRC29","598","ZNF821","591.00000000000000","ARCHS4 Coexpression,762;Enrichr Queries,969;GTEx Coexpression,42","TLE4,ABCA1,SPINK2,PRRT2,PLPPR3,FBXO15,IQCN,TUBB2B,PXDN,TSNAXIP1,ZMYND10,CCDC183,REM2"
"DEG_MVL_CRC29","599","JUND","591.20000000000005","Literature ChIP-seq,77;ARCHS4 Coexpression,927;ENCODE ChIP-seq,3;Enrichr Queries,1159;ReMap ChIP-seq,101;GTEx Coexpression,1280","DHRS12,NRSN2,CDKN1B,COL16A1,MAOB,IER5L,NTN5,NOXO1,GPT,PLAT,TFPI,LIN7B,FTCD,DCST2,EFEMP2,TPO,ABLIM3,KYNU,RAB24,EPSTI1,CCDC30,MROH6,FILIP1L,OR7D2,TGM4,HES7,SLC34A3,STPG3,PRRT2,S100A2,SERPINF2,ANO9,FBXO15,EMP3,SYT13,SH3RF3,SPSB2,IQCN,TUBB2B,PXDN,S100A5,JCAD"
"DEG_MVL_CRC29","600","CUX2","591.29999999999995","ARCHS4 Coexpression,777;Enrichr Queries,868;GTEx Coexpression,129","PRRT2,THPO,ANKRD24,BCL11B,PLPPR3,SERPINF2,PXDN,SYT13,NPTXR,ANK1,FTCD"
"DEG_MVL_CRC29","601","ZNF432","591.70000000000005","ARCHS4 Coexpression,58;Enrichr Queries,709;GTEx Coexpression,1008","ABCA1,PDIA2,ZNF396,AMY2B,AMIGO2,SLC52A1,PKD1L2,IFIT1,CFAP221,DZANK1,PXDN,CCDC30,EFHC1,PLIN2,OR7D2"
"DEG_MVL_CRC29","602","HEY1","592.29999999999995","ARCHS4 Coexpression,249;Enrichr Queries,366;GTEx Coexpression,1162","ABCA1,KCNIP2,CAVIN2,PLAT,RGMA,SOX2,COL3A1,TUBB2B,SMOC1,PXDN,COL5A2,CYP1B1,KCNN3"
"DEG_MVL_CRC29","603","CEBPD","592.79999999999995","Literature ChIP-seq,109;ARCHS4 Coexpression,1338;ENCODE ChIP-seq,70;ReMap ChIP-seq,91;GTEx Coexpression,1356","NRSN2,LIN37,PLPPR3,AMY2B,PRUNE2,IER5L,NOXO1,GPT,LIN7B,CTSS,EFEMP2,TMEM223,DZANK1,MROH6,PCK1,CCDC183,SLC34A3,TLE4,MYH7B,STPG3,PRRT2,SERPINF2,LMNTD2,SYN3,ARHGAP24,RGMA,ARHGAP33,SPSB2,IQCN,ZGLP1,ZNF878,LY6G5C,COX20"
"DEG_MVL_CRC29","604","DLX2","593.70000000000005","ARCHS4 Coexpression,471;Enrichr Queries,564;GTEx Coexpression,746","SOX2,NRSN2,FAM167A,TUBB2B,BCL11B,PLPPR3,PXDN,ERV3-1,CYP1B1,ANK1,PCDHB10,REM2"
"DEG_MVL_CRC29","605","ZNF662","593.70000000000005","ARCHS4 Coexpression,250;Enrichr Queries,99;GTEx Coexpression,1432","ABCA1,ZNF396,PLPPR3,CAVIN2,AMIGO2,PRUNE2,SLC52A1,PKD1L2,RGMA,CFAP221,ZMAT1,PXDN,CYP1B1,OR7D2"
"DEG_MVL_CRC29","606","NFYA","594.20000000000005","ARCHS4 Coexpression,1437;ENCODE ChIP-seq,85;Enrichr Queries,1205;ReMap ChIP-seq,45;GTEx Coexpression,199","LIN37,ERV3-1,DNAH6,IER5L,NOXO1,NTN5,GPT,FBXO43,LIN7B,DCST2,EFEMP2,TMEM223,UPK1A,NUAK2,DZANK1,CARNS1,CCDC183,ZNF564,TLE4,SLC34A3,ABCA1,SPINK2,STPG3,PRRT2,MAMSTR,LRRIQ1,FOXJ1,SSC5D,EMP3,COX6B2,PLXDC1,SMC1B,ARHGAP33,SPSB2,PXDN,NEK10,ZNF878,VAMP1,CCDC194"
"DEG_MVL_CRC29","607","NFIL3","596.29999999999995","ARCHS4 Coexpression,359;Enrichr Queries,741;GTEx Coexpression,689","ABCA1,HAL,CLEC2B,ARHGAP30,PLPPR3,PXDN,EBLN2,OSM,CYP1B1,PLIN2,CTSS"
"DEG_MVL_CRC29","608","ZNF546","596.70000000000005","ARCHS4 Coexpression,687;Enrichr Queries,791;GTEx Coexpression,312","TLE4,SPINK2,STPG3,ZMAT1,PLPPR3,PXDN,EFHC1,CCDC30,PKD1L2,ZMYND10,COX6B2,OR7D2"
"DEG_MVL_CRC29","609","ZNF230","598.00000000000000","ARCHS4 Coexpression,583;Enrichr Queries,446;GTEx Coexpression,765","ABCA1,PLPPR3,SLC52A1,PKD1L2,IFIT1,ARHGAP30,KYNU,PXDN,RAC2,CCDC30,CYP1B1,OR7D2,REM2,ZNF564"
"DEG_MVL_CRC29","610","ZNF385B","598.00000000000000","ARCHS4 Coexpression,854;Enrichr Queries,433;GTEx Coexpression,507","ABCA1,SBK3,INPP4B,PRRT2,THPO,ANKRD24,PLPPR3,PXDN,PRUNE2,TFPI,ANK1"
"DEG_MVL_CRC29","611","TEAD1","598.79999999999995","ARCHS4 Coexpression,262;Enrichr Queries,1015;ReMap ChIP-seq,158;GTEx Coexpression,960","ABCA1,CDKN1B,S100A2,CAVIN2,PLPPR3,AMIGO2,TFPI,ARHGAP24,TUBB2B,FAM167A,EFEMP2,NUAK2,ABLIM3,KYNU,PXDN,COL5A2,TNNI1,RAC2,HOXA2,S100A5,JCAD,HOXA4"
"DEG_MVL_CRC29","612","LTF","599.50000000000000","ARCHS4 Coexpression,1059;GTEx Coexpression,140","LAG3,ARHGAP30,MAOB,RUBCNL,RAC2,OSM,ARMH1"
"DEG_MVL_CRC29","613","ZNF426","600.00000000000000","ARCHS4 Coexpression,266;Enrichr Queries,752;GTEx Coexpression,782","ABCA1,S100A2,PLPPR3,FBXO15,A2ML1,PKD1L2,IFIT1,CFAP221,PXDN,CCDC30,CYP1B1,IL12A,OR7D2"
"DEG_MVL_CRC29","614","BHLHE40","600.29999999999995","ARCHS4 Coexpression,1438;ENCODE ChIP-seq,60;ReMap ChIP-seq,89;GTEx Coexpression,814","NRSN2,CDKN1B,ERV3-1,IER5L,NOXO1,GPT,PLAT,LIN7B,NUDT6,DCST2,EFEMP2,CARNS1,RAB24,HAS3,MROH6,CCDC183,REM2,HES7,SLC34A3,TLE4,BATF2,STPG3,PRRT2,CHKB,SERPINF2,TRAPPC5,LMNTD2,SPNS2,EMP3,IQCN,SPSB2,ARHGAP30,ZGLP1,CARD14,IL17C"
"DEG_MVL_CRC29","615","ZNF808","600.70000000000005","ARCHS4 Coexpression,317;Enrichr Queries,850;GTEx Coexpression,635","ABCA1,NRSN2,PLPPR3,PXDN,EBLN2,CCDC30,FBXO15,S100A5,PKD1L2,IFIT1,OR7D2,ZNF564"
"DEG_MVL_CRC29","616","ZNF217","600.79999999999995","Literature ChIP-seq,36;ARCHS4 Coexpression,1052;ENCODE ChIP-seq,63;Enrichr Queries,822;ReMap ChIP-seq,168;GTEx Coexpression,1464","NRSN2,CDKN1B,AMIGO2,IER5L,PKD1L2,TFPI,SOX2,UPK1A,DEPTOR,ABLIM3,KYNU,RAB24,CYP1B1,FILIP1L,HES7,SLC34A3,ABCA1,TLE4,S100A2,SPNS2,RARRES1,A2ML1,B3GALT5,SYN3,SYT8,PLXDC1,VASN,POU5F1,NAALADL2,ARHGAP24,INPP4B,ARHGAP30,HECW2,COL5A2,PXDN,TFF1,JCAD"
"DEG_MVL_CRC29","617","ZNF621","601.00000000000000","ARCHS4 Coexpression,56;Enrichr Queries,1118;GTEx Coexpression,629","ABCA1,TTC34,PLPPR3,FBXO15,PKD1L2,VASN,CFAP221,KYNU,PXDN,COL5A2,CCDC30,EFHC1,OR7D2"
"DEG_MVL_CRC29","618","ZNF513","602.70000000000005","ARCHS4 Coexpression,768;Enrichr Queries,1018;GTEx Coexpression,22","IQCN,MYH7B,STPG3,EFEMP2,LMNTD2,PXDN,RAB24,TSNAXIP1,COX6B2,CCDC183,CHFR"
"DEG_MVL_CRC29","619","ZSCAN18","603.00000000000000","ARCHS4 Coexpression,76;Enrichr Queries,958;GTEx Coexpression,775","ABCA1,NRSN2,PRRT2,PLPPR3,RGMA,ARHGAP33,SOX2,GPR162,TUBB2B,PXDN,CCDC30,CYP1B1,NPTXR"
"DEG_MVL_CRC29","620","ZNF428","603.29999999999995","ARCHS4 Coexpression,133;Enrichr Queries,832;GTEx Coexpression,845","SOX2,ARHGAP33,NRSN2,TUBB2B,PLPPR3,PXDN,RPL36A,EMP3,RGMA"
"DEG_MVL_CRC29","621","POU1F1","603.70000000000005","ARCHS4 Coexpression,1129;Enrichr Queries,526;GTEx Coexpression,156","SOX2,ZMAT1,FABP4,PAX8,PLPPR3,HECW2,NNAT,CCDC30,EFHC1,NTN5,CYP1B1,POU5F1"
"DEG_MVL_CRC29","622","ZNF780A","604.29999999999995","ARCHS4 Coexpression,87;Enrichr Queries,1146;GTEx Coexpression,580","ABCA1,ZNF396,TTC34,ARHGAP30,KYNU,PXDN,CCDC30,EFHC1,FBXO15,PKD1L2,TFPI,ZNF564"
"DEG_MVL_CRC29","623","ZBTB33","604.39999999999998","ARCHS4 Coexpression,944;ENCODE ChIP-seq,90;Enrichr Queries,1189;ReMap ChIP-seq,157;GTEx Coexpression,642","CDKN1B,LIN37,PLPPR3,NOXO1,GPT,EFEMP2,TMEM223,SMN2,MDH1B,HES7,SLC34A3,STPG3,PRRT2,BCL11B,TRAPPC5,EMP3,DHRS2,CHFR,TMEM154,SMC1B,ARHGAP33,SPSB2,IQCN,PXDN,EFHC1,S100A5,CARD14"
"DEG_MVL_CRC29","624","USF2","604.60000000000002","ARCHS4 Coexpression,1197;ENCODE ChIP-seq,62;Enrichr Queries,1200;ReMap ChIP-seq,68;GTEx Coexpression,496","NRSN2,LIN37,PLPPR3,ERV3-1,IER5L,GPT,IFIT1,LIN7B,SOX2,EFEMP2,NUAK2,ZMAT1,DZANK1,KYNU,RAB24,HOXA2,KCNN3,CFAP65,CCDC183,HOXA4,HES7,SLC34A3,BATF2,STPG3,SLC35A4,PRRT2,SERPINF2,LRRIQ1,ANO9,SPOCD1,FAM167B,TUBB2B,FABP4,ZGLP1,PXDN,S100A5,PLIN2,CARD14,ZMYND12"
"DEG_MVL_CRC29","625","ZNF226","605.00000000000000","ARCHS4 Coexpression,881;Enrichr Queries,785;GTEx Coexpression,149","ABCA1,ZMAT1,DZANK1,PXDN,CCDC30,EFHC1,NTN5,IFIT1,TFPI"
"DEG_MVL_CRC29","626","TEAD3","605.00000000000000","ARCHS4 Coexpression,452;Enrichr Queries,1014;GTEx Coexpression,349","EFEMP2,COL16A1,PRUNE2,PXDN,HOXA2,CYP1B1,SSC5D,VASN,HOXA4"
"DEG_MVL_CRC29","627","ZNF579","607.00000000000000","ARCHS4 Coexpression,863;Enrichr Queries,813;GTEx Coexpression,145","DEPTOR,PLPPR3,PXDN,TRAPPC5,TNNI1,IER5L,RPL36A,TNNI2,ATP2A1,EMP3,ANK1"
"DEG_MVL_CRC29","628","ELF3","607.29999999999995","ARCHS4 Coexpression,372;Enrichr Queries,899;ReMap ChIP-seq,114;GTEx Coexpression,1044","NRSN2,CDKN1B,PLPPR3,AMIGO2,ADCY4,DCST2,SOX2,EFEMP2,NUAK2,ABLIM3,KYNU,CYP1B1,CFAP65,ARMH1,MYH7B,SLC35A4,CFAP73,S100A2,OSM,ANO9,FOXJ1,B3GALT5,PLXDC1,TMEM154,ARHGAP30,LPAR5,PXDN,S100A5,ZMYND10"
"DEG_MVL_CRC29","629","BARX1","607.29999999999995","ARCHS4 Coexpression,905;Enrichr Queries,799;GTEx Coexpression,118","SOX2,PLPPR3,PRUNE2,PXDN,HOXA2,CYP1B1,SSC5D,CA9,ANK1,HOXA4,RGMA"
"DEG_MVL_CRC29","630","ARX","607.70000000000005","ARCHS4 Coexpression,1061;Enrichr Queries,218;GTEx Coexpression,544","SOX2,TUBB2B,MAOB,BCL11B,GNG4,PLPPR3,SMOC1,PXDN,CYP1B1,ANK1,CCDC194"
"DEG_MVL_CRC29","631","CBX2","608.20000000000005","ARCHS4 Coexpression,1371;ENCODE ChIP-seq,17;Enrichr Queries,1105;ReMap ChIP-seq,170;GTEx Coexpression,378","LIN37,MAOB,PKD1L2,FBXO43,LRRC32,MYLK4,ACTR3C,NUAK2,DEPTOR,THPO,GNG4,TNNI1,EPSTI1,HAS3,HOXA2,CFAP65,TGM4,HOXA4,SPINK2,STPG3,IFITM10,BCL11B,TSPEAR,COX6B2,ANK1,SYT8,WDR54,ARHGAP24,POU5F1,SMC1B,RGMA,TUBB2B,HAL,FAM167A,PAX8,PXDN,TFF1,CARD14,JCAD,COX20"
"DEG_MVL_CRC29","632","EBF2","608.50000000000000","ARCHS4 Coexpression,597;GTEx Coexpression,620","TUBB2B,ABLIM3,PLPPR3,ADCY4,CYP1B1,REM2,RGMA"
"DEG_MVL_CRC29","633","ARID3B","609.50000000000000","ARCHS4 Coexpression,1046;GTEx Coexpression,173","SOX2,ARHGAP30,RUBCNL,RAC2,CHFR,POU5F1,ARMH1"
"DEG_MVL_CRC29","634","ZNF98","610.29999999999995","ARCHS4 Coexpression,306;Enrichr Queries,769;GTEx Coexpression,756","DHRS12,PDIA2,AMY2B,PXDN,CYP1B1,PKD1L2,KCNN3,OR7D2,NAALADL2,RGMA,SMC1B"
"DEG_MVL_CRC29","635","NPAS4","610.29999999999995","ARCHS4 Coexpression,403;Enrichr Queries,392;GTEx Coexpression,1036","NRSN2,PRRT2,BCL11B,ANKRD24,PLPPR3,ANK1,CALB2,GPR162,FAM167A,GNG4,PXDN,NNAT,NPTXR"
"DEG_MVL_CRC29","636","ZNF552","610.70000000000005","ARCHS4 Coexpression,241;Enrichr Queries,780;GTEx Coexpression,811","ABCA1,PKD1L2,TMEM154,INPP4B,ARHGAP30,DEPTOR,PXDN,RAC2,CDHR4,TFF1,OR7D2,REM2,CCDC183"
"DEG_MVL_CRC29","637","IKZF4","610.70000000000005","ARCHS4 Coexpression,850;Enrichr Queries,568;GTEx Coexpression,414","ABCA1,BCL11B,MAMSTR,PLPPR3,TMEM154,RGMA,ADAM19,SOX2,TUBB2B,DEPTOR,LPAR5,PXDN,KCNN3"
"DEG_MVL_CRC29","638","MBD6","611.50000000000000","ARCHS4 Coexpression,1203;GTEx Coexpression,20","TPO,CHKB,ZMAT1,ARHGAP30,PAX8,CCDC30,EFHC1,MDH1B"
"DEG_MVL_CRC29","639","IRF4","612.00000000000000","ARCHS4 Coexpression,1065;ENCODE ChIP-seq,113;Enrichr Queries,455;ReMap ChIP-seq,128;GTEx Coexpression,1299","CDKN1B,LIN37,PLPPR3,CTSS,DCST2,EFEMP2,TMEM223,NUAK2,RAB24,RAC2,EPSTI1,SMN2,CYP1B1,IL12A,HES7,ABCA1,PRRT2,EMP3,TMEM154,ADAM19,IQCN,FAM167A,ARHGAP30,PXDN,ZNF878,VAMP1,TFF1,ZMYND12,CCDC194"
"DEG_MVL_CRC29","640","SCRT1","612.50000000000000","ARCHS4 Coexpression,436;Enrichr Queries,789","ARHGAP33,GPR162,PRRT2,BCL11B,PLPPR3,GNG4,PXDN,NPTXR,ANK1"
"DEG_MVL_CRC29","641","HOXB13","612.79999999999995","ARCHS4 Coexpression,723;Enrichr Queries,653;ReMap ChIP-seq,243;GTEx Coexpression,832","HES7,CDKN1B,AMIGO2,DNAH6,PRUNE2,TFPI,RGMA,SOX2,COL3A1,NUAK2,DEPTOR,KYNU,PXDN,HOXA2,CYP1B1,FILIP1L,TGM4,CCDC183,HOXA4"
"DEG_MVL_CRC29","642","ZSCAN9","613.00000000000000","ARCHS4 Coexpression,256;GTEx Coexpression,970","TUBB2B,BCL11B,ERV3-1,NNAT,PKDREJ,CCDC183,REM2"
"DEG_MVL_CRC29","643","E2F6","613.20000000000005","ARCHS4 Coexpression,943;ENCODE ChIP-seq,58;Enrichr Queries,1178;ReMap ChIP-seq,19;GTEx Coexpression,868","DHRS12,NRSN2,LIN37,PLPPR3,IER5L,NOXO1,ATP2A1,GPT,LIN7B,DCST2,EFEMP2,ACTR3C,ZMAT1,ABLIM3,RAC2,TNNI2,MROH6,SH2D6,CCDC183,HES7,SLC34A3,STPG3,SLC35A4,PRRT2,MAMSTR,LMNTD2,RARRES1,SSC5D,COX6B2,ANK1,SMC1B,IQCN,TUBB2B,ARHGAP30,ZGLP1,PXDN,ZMYND10"
"DEG_MVL_CRC29","644","ASCL5","614.00000000000000","ARCHS4 Coexpression,853;GTEx Coexpression,375","HES7,PDIA2,AMY2B,MAMSTR,IER5L,TNNI2,CFAP65"
"DEG_MVL_CRC29","645","SMAD1","615.20000000000005","Literature ChIP-seq,76;ARCHS4 Coexpression,466;Enrichr Queries,856;ReMap ChIP-seq,182;GTEx Coexpression,1496","NRSN2,CDKN1B,PLPPR3,NOXO1,GPT,LIN7B,DCST2,SOX2,EFEMP2,CARNS1,RAC2,KCNN3,SLC34A3,ABCA1,STPG3,PRRT2,CHKB,FBXO15,SSC5D,EMP3,POU5F1,TMEM154,IQCN,TUBB2B,ARHGAP30,ZGLP1,PXDN"
"DEG_MVL_CRC29","646","ZNF346","616.29999999999995","ARCHS4 Coexpression,688;Enrichr Queries,1089;GTEx Coexpression,72","ABCA1,TUBB2B,LIN37,ZGLP1,PLPPR3,RAB24,PXDN,RAC2,PKD1L2,LY6G5C,OR7D2,ARMH1"
"DEG_MVL_CRC29","647","FOS","616.39999999999998","ARCHS4 Coexpression,866;ENCODE ChIP-seq,51;Enrichr Queries,422;ReMap ChIP-seq,197;GTEx Coexpression,1546","NRSN2,LIN37,AMIGO2,IER5L,PLAT,PKD1L2,TFPI,IFIT1,CTSS,NUAK2,ABLIM3,KYNU,HOXA2,CYP1B1,OR7D2,ZNF564,HES7,ABCA1,S100A2,RARRES1,EMP3,IQCN,COL3A1,SMOC1,PXDN,S100A5,PLIN2"
"DEG_MVL_CRC29","648","NKX11","617.50000000000000","ARCHS4 Coexpression,1232;GTEx Coexpression,3","TLE4,IQCN,SPINK2,STPG3,NNAT,FBXO15,PKD1L2,TSNAXIP1,ZMYND10,ZMYND12,DNALI1,MDH1B"
"DEG_MVL_CRC29","649","ZNF660","617.70000000000005","ARCHS4 Coexpression,406;Enrichr Queries,550;GTEx Coexpression,897","ABCA1,TLE4,BCL11B,PKD1L2,PCDHB10,RGMA,ZMAT1,PXDN,EFHC1,MTCP1,ZNF337,SERHL2,OR7D2"
"DEG_MVL_CRC29","650","FOXD4L4","619.50000000000000","ARCHS4 Coexpression,345;GTEx Coexpression,894","SPSB2,FABP4,ABLIM3,DCHS2,SMN2,OR7D2,CARD14"
"DEG_MVL_CRC29","651","NR1I3","620.70000000000005","ARCHS4 Coexpression,591;Enrichr Queries,574;GTEx Coexpression,697","HAL,THPO,MAOB,PLPPR3,SERPINF2,SLC52A1,PKD1L2,PCK1,OR7D2,FTCD"
"DEG_MVL_CRC29","652","TPRX1","621.00000000000000","ARCHS4 Coexpression,685;Enrichr Queries,700;GTEx Coexpression,478","ABCA1,SPINK2,MUC2,PLPPR3,PXDN,ZNF878,ZMYND10,TSPEAR,COX6B2,TMEM92,NAALADL2,SMC1B"
"DEG_MVL_CRC29","653","SREBF2","621.70000000000005","Literature ChIP-seq,132;ARCHS4 Coexpression,1574;ENCODE ChIP-seq,10;Enrichr Queries,928;ReMap ChIP-seq,76;GTEx Coexpression,1010","PLPPR3,DNAH6,IER5L,NOXO1,GPT,FBXO43,DNALI1,DCST2,CALB2,EFEMP2,DEPTOR,THPO,TMEM204,CARNS1,MROH6,CCDC183,HES7,SLC34A3,ABCA1,STPG3,ANKRD24,SERPINF2,SSC5D,SYT13,COX6B2,ANK1,PLXDC1,VASN,GPR162,IQCN,ZGLP1,PXDN,ZMYND10,IL17C,CARD14"
"DEG_MVL_CRC29","654","ZNF630","622.00000000000000","ARCHS4 Coexpression,389;GTEx Coexpression,855","CFAP221,SLC52A1,ZNF337,PKD1L2,SH2D6,OR7D2,ZNF564"
"DEG_MVL_CRC29","655","SP1","622.39999999999998","ARCHS4 Coexpression,792;ENCODE ChIP-seq,48;Enrichr Queries,1222;ReMap ChIP-seq,4;GTEx Coexpression,1046","NRSN2,CDKN1B,LIN37,IER5L,NOXO1,GPT,LIN7B,NUDT6,CTSS,DCST2,EFEMP2,TMEM223,NUAK2,DEPTOR,DZANK1,CARNS1,RAC2,HOXA2,MROH6,ZNF564,HOXA4,HES7,SLC34A3,LAG3,STPG3,PRRT2,MAMSTR,LMNTD2,FOXJ1,SSC5D,EMP3,TMEM154,SPSB2,IQCN,ARHGAP30,PXDN,NEK10,EFHC1,ZNF878,S100A5,ZMYND10,ZMYND12"
"DEG_MVL_CRC29","656","MSANTD1","622.50000000000000","ARCHS4 Coexpression,624;GTEx Coexpression,621","ARHGAP33,PLPPR3,PKD1L2,SYN3,NUDT6,OR7D2"
"DEG_MVL_CRC29","657","PLSCR1","623.00000000000000","ARCHS4 Coexpression,221;GTEx Coexpression,1025","BATF2,KYNU,EPSTI1,OSM,IFIT1,LIN7B,CTSS"
"DEG_MVL_CRC29","658","BATF3","624.00000000000000","ARCHS4 Coexpression,996;Enrichr Queries,155;GTEx Coexpression,721","ADAM19,PLPPR3,PXDN,EPSTI1,ZNF878,RAC2,CYP1B1,TFF1,EMP3,LRRC32,IFIT1,CTSS"
"DEG_MVL_CRC29","659","SETBP1","625.00000000000000","ARCHS4 Coexpression,1047;Enrichr Queries,273;GTEx Coexpression,555","ABCA1,TLE4,PLPPR3,AMIGO2,PRUNE2,SLCO5A1,ANK1,ARHGAP24,INPP4B,TUBB2B,PXDN,CYP1B1,FILIP1L"
"DEG_MVL_CRC29","660","ZNF585B","625.29999999999995","ARCHS4 Coexpression,224;Enrichr Queries,1055;GTEx Coexpression,597","ABCA1,MYH7B,TTC34,ZMAT1,PLPPR3,KYNU,PXDN,CCDC30,FBXO15,ZNF337,PKD1L2"
"DEG_MVL_CRC29","661","FOXC1","626.00000000000000","ARCHS4 Coexpression,1304;Enrichr Queries,555;GTEx Coexpression,19","AMIGO2,IER5L,PLAT,TFPI,PCDHB10,NAALADL2,SH3RF3,COL3A1,HAUS7,PXDN,COL5A2,CYP1B1,FILIP1L"
"DEG_MVL_CRC29","662","SIX6","626.29999999999995","ARCHS4 Coexpression,1072;Enrichr Queries,642;GTEx Coexpression,165","SOX2,ZMAT1,BCL11B,PLPPR3,NNAT,PXDN,CCDC30,EFHC1,NTN5,CYP1B1,REM2"
"DEG_MVL_CRC29","663","SIX5","626.60000000000002","ARCHS4 Coexpression,1316;ENCODE ChIP-seq,77;Enrichr Queries,532;ReMap ChIP-seq,23;GTEx Coexpression,1185","COL16A1,LIN37,PLPPR3,AMIGO2,IER5L,NOXO1,GPT,LIN7B,DCST2,EFEMP2,TMEM223,CYP1B1,TSNAXIP1,MROH6,SLC34A3,ABCA1,TLE4,STPG3,PRRT2,MAMSTR,LMNTD2,FBXO15,EMP3,COX6B2,ARHGAP33,RCN3,SPSB2,PXDN,ZNF337,ZMYND10,LY6G5C"
"DEG_MVL_CRC29","664","ZNF467","627.00000000000000","ARCHS4 Coexpression,564;Enrichr Queries,517;GTEx Coexpression,800","ABCA1,ARHGAP30,PLPPR3,PXDN,RAB24,RAC2,CYP1B1,IFIT1,ANK1,REM2,CTSS"
"DEG_MVL_CRC29","665","ZNF750","627.00000000000000","ARCHS4 Coexpression,1035;Enrichr Queries,579;ReMap ChIP-seq,218;GTEx Coexpression,676","SLC34A3,ABCA1,NRSN2,PRRT2,PLPPR3,SPNS2,OSM,NOXO1,GPT,A2ML1,SLC5A1,SYT8,TMEM154,SOX2,TUBB2B,TMEM223,ARHGAP30,ABLIM3,PXDN,VAMP1,CYP1B1,CARD14,IL17C"
"DEG_MVL_CRC29","666","NPAS1","627.70000000000005","ARCHS4 Coexpression,919;Enrichr Queries,123;GTEx Coexpression,841","MYH7B,NRSN2,BCL11B,PLPPR3,ANK1,RGMA,SOX2,CALB2,FAM167A,GNG4,PXDN,CYP1B1,NPTXR"
"DEG_MVL_CRC29","667","LHX8","627.70000000000005","ARCHS4 Coexpression,665;Enrichr Queries,347;GTEx Coexpression,871","SOX2,COL3A1,TUBB2B,BCL11B,PLPPR3,PXDN,ERV3-1,CYP1B1,ANKRD63,ANK1,REM2"
"DEG_MVL_CRC29","668","MYC","627.70000000000005","Literature ChIP-seq,75;ARCHS4 Coexpression,1357;ENCODE ChIP-seq,67;Enrichr Queries,1155;ReMap ChIP-seq,107;GTEx Coexpression,1005","ZNF396,NRSN2,LIN37,RPL36A,IER5L,NOXO1,GPT,SLCO5A1,SLC5A1,IFIT1,LIN7B,DCST2,EFEMP2,CARNS1,RAB24,SMN2,CYP1B1,SH2D6,CCDC183,ZNF564,HOXA4,MDH1B,HES7,SLC34A3,BATF2,STPG3,SLC35A4,PRRT2,SPNS2,OSM,SSC5D,EMP3,WDR54,ARHGAP33,SPOCD1,IQCN,ZGLP1,PXDN,ZNF878,CDHR4,PLIN2,ZMYND10,CARD14"
"DEG_MVL_CRC29","669","CREM","628.20000000000005","Literature ChIP-seq,156;ARCHS4 Coexpression,857;Enrichr Queries,837;ReMap ChIP-seq,113;GTEx Coexpression,1178","NRSN2,CDKN1B,LIN37,PLPPR3,NOXO1,NTN5,LIN7B,NUDT6,SOX2,EFEMP2,ABLIM3,GNG4,CARNS1,RAB24,CCDC30,CYP1B1,MROH6,FILIP1L,HES7,SLC34A3,ABCA1,TLE4,SPINK2,PRRT2,CHKB,MAMSTR,TRAPPC5,OSM,FOXJ1,PKDREJ,EMP3,B3GALT5,MRPS6,RGMA,ARHGAP33,IQCN,SPSB2,FAM167A,CLEC2B,ZGLP1,PXDN,PLIN2,ZMYND10,LY6G5C,NPTXR,CCDC194,COX20"
"DEG_MVL_CRC29","670","ZNF23","629.70000000000005","ARCHS4 Coexpression,975;Enrichr Queries,867;GTEx Coexpression,47","ABCA1,PLPPR3,ANK1,DNALI1,ARHGAP33,CFAP221,ZMAT1,DZANK1,PXDN,CCDC30,EFHC1,LY6G5C,MDH1B"
"DEG_MVL_CRC29","671","NEUROD6","630.70000000000005","ARCHS4 Coexpression,968;Enrichr Queries,390;GTEx Coexpression,534","SOX2,CALB2,NRSN2,BCL11B,PLPPR3,PXDN,NNAT,SLCO5A1,SYT13,NPTXR"
"DEG_MVL_CRC29","672","ZNF736","631.50000000000000","ARCHS4 Coexpression,405;GTEx Coexpression,858","TTC34,KYNU,CCDC30,EFHC1,FBXO15,FBXO43,DCST2"
"DEG_MVL_CRC29","673","SP2","633.20000000000005","ARCHS4 Coexpression,1044;ENCODE ChIP-seq,103;Enrichr Queries,1190;ReMap ChIP-seq,163;GTEx Coexpression,666","SLC34A3,STPG3,PRRT2,LIN37,MAMSTR,PLPPR3,OSM,RPL36A,IER5L,NOXO1,GPT,SSC5D,ATP2A1,LIN7B,DCST2,ARHGAP33,EFEMP2,TMEM223,ARHGAP30,SMOC1,PXDN,RAC2,VAMP1"
"DEG_MVL_CRC29","674","ONECUT2","633.29999999999995","ARCHS4 Coexpression,1060;Enrichr Queries,129;GTEx Coexpression,711","ABCA1,BCL11B,PLPPR3,SERPINF2,SYT13,ANK1,FTCD,TUBB2B,THPO,GNG4,SMOC1,PXDN,CYP1B1"
"DEG_MVL_CRC29","675","POU5F1","633.39999999999998","Literature ChIP-seq,39;ARCHS4 Coexpression,1311;Enrichr Queries,878;ReMap ChIP-seq,41;GTEx Coexpression,898","NRSN2,CDKN1B,LIN37,PLPPR3,IER5L,NOXO1,GPT,LIN7B,TMEM92,SOX2,EFEMP2,NNAT,HOXA2,CA9,HOXA4,HES7,TLE4,LAG3,SLC35A4,PRRT2,BCL11B,FOXJ1,SSC5D,EMP3,PCDHGA9,RCN3,SPSB2,IQCN,TUBB2B,PXDN,PLIN2,ZMYND10,CCDC194"
"DEG_MVL_CRC29","676","SALL3","634.00000000000000","ARCHS4 Coexpression,906;Enrichr Queries,121;GTEx Coexpression,875","SOX2,ABCA1,TUBB2B,BCL11B,PLPPR3,PXDN,SYT13,ANK1,RGMA"
"DEG_MVL_CRC29","677","ZNF177","634.00000000000000","ARCHS4 Coexpression,977;Enrichr Queries,342;GTEx Coexpression,583","ARHGAP33,TUBB2B,PRRT2,PLPPR3,PXDN,AMIGO2,PRUNE2,COL5A2,CCDC30,CYP1B1,IFIT1,SMC1B"
"DEG_MVL_CRC29","678","ARID3C","634.50000000000000","ARCHS4 Coexpression,585;GTEx Coexpression,684","THPO,SERPINF2,GPT,PCK1,FTCD"
"DEG_MVL_CRC29","679","TSHZ1","635.29999999999995","ARCHS4 Coexpression,1156;Enrichr Queries,388;GTEx Coexpression,362","ABCA1,TLE4,PRRT2,BCL11B,PLPPR3,PXDN,CYP1B1,SSC5D,NPTXR,PCDHB10,ANK1,PCDHGA9"
"DEG_MVL_CRC29","680","ZNF707","636.00000000000000","ARCHS4 Coexpression,114;Enrichr Queries,1256;GTEx Coexpression,538","IQCN,PLPPR3,PXDN,CCDC30,SLC52A1,PKD1L2,COX6B2,OR7D2,CARD14,CHFR"
"DEG_MVL_CRC29","681","PLAGL1","636.29999999999995","ARCHS4 Coexpression,785;Enrichr Queries,224;GTEx Coexpression,900","ABCA1,SLC34A3,COL3A1,FAM167A,PLPPR3,NNAT,PXDN,COL5A2,EFHC1,CYP1B1,PLAT,TFPI"
"DEG_MVL_CRC29","682","ZNF286B","636.50000000000000","ARCHS4 Coexpression,907;GTEx Coexpression,366","HES7,PRRT2,COL13A1,ZNF337,PKD1L2,OR7D2"
"DEG_MVL_CRC29","683","CDX4","638.70000000000005","ARCHS4 Coexpression,1255;Enrichr Queries,207;GTEx Coexpression,454","BCL11B,PLPPR3,SYT8,ANK1,POU5F1,TMEM154,SOX2,HAS3,CYP1B1,HOXA2,CARD14,HOXA4"
"DEG_MVL_CRC29","684","ZNF394","639.00000000000000","ARCHS4 Coexpression,499;Enrichr Queries,972;GTEx Coexpression,446","ABCA1,ARHGAP30,CDKN1B,CLEC2B,PLPPR3,PXDN,RUBCNL,RAC2,OSM,EMP3"
"DEG_MVL_CRC29","685","ZNF771","642.00000000000000","ARCHS4 Coexpression,344;Enrichr Queries,980;GTEx Coexpression,602","NRSN2,TMEM223,PLPPR3,PXDN,RAB24,TRAPPC5,ATP2A1,IL12A,PKD1L2,LIN7B,OR7D2"
"DEG_MVL_CRC29","686","ZNF729","642.50000000000000","ARCHS4 Coexpression,1222;GTEx Coexpression,63","SPINK2,KIF4B,PKDREJ,ZMYND10,COX6B2,POU5F1,SMC1B"
"DEG_MVL_CRC29","687","GBX2","642.50000000000000","Literature ChIP-seq,134;ARCHS4 Coexpression,613;Enrichr Queries,657;GTEx Coexpression,1166","SOX2,TUBB2B,PLPPR3,PXDN,CYP1B1,KCNN3,RGMA"
"DEG_MVL_CRC29","688","ZNF74","642.70000000000005","ARCHS4 Coexpression,541;Enrichr Queries,1052;GTEx Coexpression,335","GPR162,TUBB2B,PRRT2,BCL11B,GNG4,ZGLP1,PLPPR3,DZANK1,PXDN,RGMA"
"DEG_MVL_CRC29","689","ZNF425","644.29999999999995","ARCHS4 Coexpression,29;Enrichr Queries,428;GTEx Coexpression,1476","ABCA1,ZNF396,PLPPR3,LSMEM1,AMIGO2,FBXO15,SLC52A1,PKD1L2,IFIT1,IQCN,CFAP221,DZANK1,PXDN,CCDC30,SH2D6,OR7D2"
"DEG_MVL_CRC29","690","ZNF8","644.50000000000000","ARCHS4 Coexpression,522;Enrichr Queries,767","ABCA1,BCL11B,PLPPR3,PXDN,CCDC30,SLC52A1,PKD1L2,ANK1,OR7D2"
"DEG_MVL_CRC29","691","TCF3","645.00000000000000","Literature ChIP-seq,45;ARCHS4 Coexpression,1442;ENCODE ChIP-seq,43;Enrichr Queries,1176;ReMap ChIP-seq,63;GTEx Coexpression,1101","COL16A1,GPT,ATP2A1,SOX2,EFEMP2,DEPTOR,RAC2,CYP1B1,HES7,SLC34A3,TLE4,PDIA2,STPG3,MAMSTR,ANO9,FBXO15,COX6B2,ANK1,POU5F1,SMC1B,RGMA,PCDHGA9,ADAM19,IQCN,TUBB2B,PXDN,PLIN2,ZMYND10,CCDC194,COL13A1,PLPPR3,PRUNE2,IER5L,NOXO1,SLCO5A1,SLC5A1,FBXO43,TFPI,THPO,CARNS1,RAB24,HAS3,TNNI2,TSNAXIP1,PRRT2,KCNIP2,TRAPPC5,OSM,ARHGAP24,ARHGAP33,SPSB2,FAM167A,LPAR5,P4HA3,IL17C"
"DEG_MVL_CRC29","692","LHX9","645.00000000000000","ARCHS4 Coexpression,990;Enrichr Queries,386;GTEx Coexpression,559","SOX2,COL3A1,TUBB2B,COL16A1,MAOB,BCL11B,PLPPR3,PXDN,CYP1B1,ANK1,CCDC194,REM2"
"DEG_MVL_CRC29","693","ZNF575","645.70000000000005","ARCHS4 Coexpression,253;Enrichr Queries,508;GTEx Coexpression,1176","SPSB2,PRRT2,COL16A1,ABLIM3,PLPPR3,MAMSTR,PXDN,TRAPPC5,RAC2,S100A5,EMP3"
"DEG_MVL_CRC29","694","NKX12","646.50000000000000","ARCHS4 Coexpression,1076;GTEx Coexpression,217","BCL11B,S100A2,SPNS2,HAS3,A2ML1,CARD14,POU5F1"
"DEG_MVL_CRC29","695","ZSCAN2","646.70000000000005","ARCHS4 Coexpression,449;Enrichr Queries,890;GTEx Coexpression,601","DHRS12,ABCA1,PDIA2,ZNF396,AMY2B,PLPPR3,PXDN,SLC52A1,PKD1L2,ANK1,OR7D2"
"DEG_MVL_CRC29","696","FOXH1","647.00000000000000","ARCHS4 Coexpression,1021;Enrichr Queries,602;GTEx Coexpression,318","SOX2,TUBB2B,MUC2,PLPPR3,PXDN,ANO9,B3GALT5,SH2D6,ANK1,POU5F1"
"DEG_MVL_CRC29","697","REL","647.00000000000000","ARCHS4 Coexpression,310;Enrichr Queries,959;GTEx Coexpression,672","ABCA1,TTC34,ARHGAP30,PLPPR3,KYNU,PXDN,RUBCNL,RAC2,CCDC30,FBXO15,PKD1L2,CTSS"
"DEG_MVL_CRC29","698","ESRRB","647.29999999999995","Literature ChIP-seq,60;ARCHS4 Coexpression,1073;Enrichr Queries,120;GTEx Coexpression,1336","NRSN2,COL13A1,PLPPR3,ALOX12,FBXO43,TFPI,LIN7B,SOX2,NUAK2,KYNU,TNNI1,RAC2,CYP1B1,ABCA1,CHKB,BCL11B,SYT13,ANK1,PLXDC1,POU5F1,NAALADL2,PCDHGA9,GPR162,PXDN,LY6G5C"
"DEG_MVL_CRC29","699","HOXC5","647.29999999999995","ARCHS4 Coexpression,1334;Enrichr Queries,117;GTEx Coexpression,491","SOX2,COL3A1,BCL11B,PLPPR3,PXDN,COL5A2,CYP1B1,HOXA2,VASN,HOXA4,RGMA"
"DEG_MVL_CRC29","700","ZNF276","648.00000000000000","ARCHS4 Coexpression,686;Enrichr Queries,1119;GTEx Coexpression,139","SPSB2,ARHGAP30,PLPPR3,RAB24,PXDN,RUBCNL,RAC2,ANK1,CHFR"
"DEG_MVL_CRC29","701","HES6","649.29999999999995","ARCHS4 Coexpression,172;Enrichr Queries,827;GTEx Coexpression,949","ARHGAP33,SOX2,TUBB2B,PLPPR3,SMOC1,NNAT,PXDN,NOXO1,DNALI1,RGMA"
"DEG_MVL_CRC29","702","ZNF431","649.70000000000005","ARCHS4 Coexpression,491;Enrichr Queries,1359;GTEx Coexpression,99","NUAK2,LPAR5,PXDN,CCDC30,FBXO15,A2ML1,PKD1L2,MROH6,CARD14,OR7D2,TMEM154"
"DEG_MVL_CRC29","703","SP4","650.60000000000002","ARCHS4 Coexpression,1242;ENCODE ChIP-seq,73;Enrichr Queries,744;ReMap ChIP-seq,85;GTEx Coexpression,1109","CDKN1B,LIN37,PLPPR3,IER5L,NOXO1,GPT,LIN7B,NUDT6,SOX2,EFEMP2,TMEM223,NUAK2,DZANK1,RAB24,MROH6,CCDC183,ZNF564,HES7,ABCA1,TLE4,BCL11B,MAMSTR,KCNIP2,LMNTD2,TRAPPC5,EMP3,ANK1,VASN,RCN3,SPSB2,IQCN,PXDN,ZNF878,VAMP1,ZMYND10,COX20"
"DEG_MVL_CRC29","704","DUXA","650.70000000000005","ARCHS4 Coexpression,960;Enrichr Queries,887;GTEx Coexpression,105","SH3RF3,SOX2,HAUS7,PLPPR3,AMIGO2,PRUNE2,ZNF878,FILIP1L,PCDHB10,POU5F1,TMEM92"
"DEG_MVL_CRC29","705","CENPT","651.29999999999995","ARCHS4 Coexpression,693;Enrichr Queries,994;GTEx Coexpression,267","TUBB2B,ABLIM3,CAVIN2,LMNTD2,PXDN,ALOX12,PLCH2,EMP3,CCDC183,DCST2"
"DEG_MVL_CRC29","706","TRPS1","651.70000000000005","ARCHS4 Coexpression,1142;Enrichr Queries,247;GTEx Coexpression,566","ABCA1,TLE4,INPP4B,COL3A1,PLPPR3,PXDN,COL5A2,CYP1B1,SERHL2,CARD14,NAALADL2"
"DEG_MVL_CRC29","707","GTF2IRD2","651.70000000000005","ARCHS4 Coexpression,275;Enrichr Queries,452;GTEx Coexpression,1228","ABCA1,ZNF396,PLPPR3,IER5L,SLC52A1,PKD1L2,TFPI,ANK1,INPP4B,DEPTOR,PXDN,CCDC30,OR7D2"
"DEG_MVL_CRC29","708","PITX1","652.29999999999995","ARCHS4 Coexpression,1028;Enrichr Queries,731;GTEx Coexpression,198","COL3A1,NUAK2,LPAR5,S100A2,PLPPR3,PXDN,COL5A2,IER5L,CYP1B1,A2ML1,MROH6"
"DEG_MVL_CRC29","709","ZNF853","652.50000000000000","ARCHS4 Coexpression,422;GTEx Coexpression,883","SOX2,PRRT2,CARNS1,NPTXR,LIN7B,RGMA"
"DEG_MVL_CRC29","710","ZHX2","654.50000000000000","ARCHS4 Coexpression,856;Enrichr Queries,953;ReMap ChIP-seq,78;GTEx Coexpression,731","NRSN2,CDKN1B,LIN37,PLPPR3,NOXO1,ATP2A1,EFEMP2,CARNS1,TNNI1,TNNI2,MROH6,HOXA4,SLC34A3,ABCA1,STPG3,CHKB,PRRT2,SERPINF2,LMNTD2,EMP3,ANK1,WDR54,IQCN,FAM167B,ARHGAP30,ZGLP1,SMOC1,PXDN,RUBCNL"
"DEG_MVL_CRC29","711","TIGD1","654.50000000000000","ARCHS4 Coexpression,49;GTEx Coexpression,1260","TTC34,CFAP221,ZGLP1,KYNU,CCDC30,EFHC1,FBXO15,PKD1L2,OR7D2"
"DEG_MVL_CRC29","712","E2F1","654.79999999999995","Literature ChIP-seq,114;ARCHS4 Coexpression,1447;ENCODE ChIP-seq,106;Enrichr Queries,1378;ReMap ChIP-seq,129;GTEx Coexpression,755","DHRS12,NRSN2,CDKN1B,LIN37,AMIGO2,ADCY4,NOXO1,GPT,ALOX12,ATP2A1,FBXO43,LIN7B,DCST2,EFEMP2,TMEM223,ZMAT1,MUC2,RAC2,HAS3,CA9,HOXA4,HES7,SLC34A3,STPG3,PRRT2,BCL11B,RARRES1,FBXO15,FOXJ1,A2ML1,SYT13,MRPS6,PLXDC1,WDR54,SMC1B,SPSB2,IQCN,PXDN,MTCP1,ZMYND10,CARD14,COX20"
"DEG_MVL_CRC29","713","ATF5","655.00000000000000","ARCHS4 Coexpression,855;Enrichr Queries,401;GTEx Coexpression,709","ABCA1,THPO,PLPPR3,SERPINF2,PXDN,CYP1B1,PLIN2,GPT,EMP3,FTCD,CTSS"
"DEG_MVL_CRC29","714","CTCF","655.70000000000005","Literature ChIP-seq,117;ARCHS4 Coexpression,1454;ENCODE ChIP-seq,9;Enrichr Queries,1199;ReMap ChIP-seq,37;GTEx Coexpression,1118","PNMT,COL16A1,CDKN1B,ADCY4,RPL36A,NOXO1,GPT,ISM1,FBXO43,LIN7B,DNALI1,DCST2,CALB2,EFEMP2,ACTR3C,TMEM223,ABLIM3,HAUS7,KYNU,RAB24,TNNI2,CYP1B1,IL12A,ZNF564,CCDC183,HES7,SLC34A3,MYH7B,STPG3,PRRT2,FGFBP2,BCL11B,KCNIP2,RARRES1,TRAPPC5,EMP3,SYN3,PCDHB10,SYT8,ARHGAP24,PCDHGA9,ADAM19,SPOCD1,IQCN,PXDN,ANKRD63,ZMYND10,CCDC194"
"DEG_MVL_CRC29","715","E2F4","657.29999999999995","Literature ChIP-seq,142;ARCHS4 Coexpression,1246;ENCODE ChIP-seq,15;Enrichr Queries,1347;ReMap ChIP-seq,3;GTEx Coexpression,1191","NRSN2,CDKN1B,GPT,PLAT,IFIT1,NUDT6,SOX2,CALB2,EFEMP2,DEPTOR,CA9,HES7,SLC34A3,TLE4,STPG3,MAMSTR,LMNTD2,LRRIQ1,EMP3,COX6B2,ANK1,IQCN,PXDN,EFHC1,MTCP1,ZMYND10,ZNF396,LIN37,COL13A1,PLPPR3,IER5L,RPL36A,NOXO1,FBXO43,LIN7B,DCST2,CARNS1,HAS3,MROH6,MDH1B,PRRT2,CAVIN2,TRAPPC5,SSC5D,SYT8,PLXDC1,CHFR,ARHGAP33,SPSB2,FAM167A,ZGLP1,SMOC1,P4HA3,NEK10"
"DEG_MVL_CRC29","716","DEAF1","657.79999999999995","ARCHS4 Coexpression,415;Enrichr Queries,1161;ReMap ChIP-seq,12;GTEx Coexpression,1043","NRSN2,CDKN1B,LIN37,PLPPR3,IER5L,DCST2,EFEMP2,UPK1A,TSNAXIP1,SH2D6,ZNF564,ARMH1,HES7,SLC34A3,TLE4,STPG3,CHKB,PRRT2,MAMSTR,SSC5D,COX6B2,PLXDC1,WDR54,CHFR,ARHGAP33,GPR162,PXDN,ZMYND10,NPTXR"
"DEG_MVL_CRC29","717","ZNF280D","658.00000000000000","ARCHS4 Coexpression,81;Enrichr Queries,1029;GTEx Coexpression,864","ABCA1,TTC34,PLPPR3,KYNU,TRAPPC5,PXDN,CCDC30,EFHC1,FBXO15,PKD1L2,OR7D2,COX20"
"DEG_MVL_CRC29","718","NFYB","659.39999999999998","ARCHS4 Coexpression,1533;ENCODE ChIP-seq,45;Enrichr Queries,1345;ReMap ChIP-seq,124;GTEx Coexpression,250","CDKN1B,LIN37,PRUNE2,ERV3-1,DNAH6,NOXO1,GPT,LIN7B,DNALI1,SOX2,EFEMP2,UPK1A,NUAK2,DEPTOR,THPO,RAC2,KCNN3,ZNF564,SLC34A3,PRRT2,MAMSTR,CAVIN2,LMNTD2,FOXJ1,SSC5D,EMP3,COX6B2,PCDHB10,DHRS2,POU5F1,ARHGAP33,SPOCD1,SPSB2,PXDN,NEK10,ZNF878,JCAD,CCDC194"
"DEG_MVL_CRC29","719","ZNF555","661.00000000000000","ARCHS4 Coexpression,235;Enrichr Queries,787;GTEx Coexpression,961","ABCA1,PLPPR3,FBXO15,SLC52A1,PKDREJ,PKD1L2,IFIT1,CFAP221,PXDN,NEK10,CCDC30,OR7D2,ZNF564"
"DEG_MVL_CRC29","720","KLF17","661.29999999999995","ARCHS4 Coexpression,662;Enrichr Queries,125;GTEx Coexpression,1197","STPG3,COL16A1,PLPPR3,AMIGO2,PLAT,ANK1,TMEM92,NAALADL2,SPOCD1,PXDN,CYP1B1,KCNN3,OR7D2"
"DEG_MVL_CRC29","721","GSX1","661.70000000000005","ARCHS4 Coexpression,924;Enrichr Queries,467;GTEx Coexpression,594","CALB2,SOX2,BCL11B,PLPPR3,GNG4,SMOC1,PXDN,HOXA2,SLC52A1,ANK1"
"DEG_MVL_CRC29","722","ZSCAN4","662.70000000000005","ARCHS4 Coexpression,949;Enrichr Queries,659;GTEx Coexpression,380","S100A2,PLPPR3,PXDN,ZNF878,ANO9,CYP1B1,PLAT,PLCH2,CARD14,SYT8,TMEM92"
"DEG_MVL_CRC29","723","GRHL1","663.00000000000000","ARCHS4 Coexpression,443;Enrichr Queries,872;GTEx Coexpression,674","ABCA1,PLPPR3,CAVIN2,LSMEM1,PXDN,CYP1B1,A2ML1,ALOX12,CARD14,TMEM154"
"DEG_MVL_CRC29","724","ZNF716","664.00000000000000","ARCHS4 Coexpression,243;Enrichr Queries,1124;GTEx Coexpression,625","TLE4,ZNF396,SPINK2,KIF4B,PXDN,CCDC30,SLC52A1,PKD1L2,OR7D2,SMC1B"
"DEG_MVL_CRC29","725","RFX5","664.20000000000005","ARCHS4 Coexpression,1331;ENCODE ChIP-seq,31;Enrichr Queries,790;ReMap ChIP-seq,57;GTEx Coexpression,1112","ZNF396,NRSN2,CDKN1B,LIN37,MAOB,ERV3-1,DNAH6,IER5L,NOXO1,NTN5,GPT,IFIT1,DCST2,SOX2,CALB2,EFEMP2,TMEM223,UPK1A,NUAK2,THPO,ABLIM3,EPSTI1,RAC2,PCK1,ZNF564,HES7,SLC34A3,ABCA1,BATF2,LAG3,STPG3,PRRT2,S100A2,MAMSTR,CAVIN2,SERPINF2,LRRIQ1,SSC5D,COX6B2,POU5F1,ARHGAP33,SBK3,ARHGAP30,SMOC1,PXDN,ZNF878,ZNF337"
"DEG_MVL_CRC29","726","STAT6","666.29999999999995","Literature ChIP-seq,15;ARCHS4 Coexpression,737;Enrichr Queries,583;GTEx Coexpression,1330","ABCA1,HES7,ARHGAP30,PLPPR3,PXDN,RAC2,HAS3,EMP3,LIN7B,CTSS"
"DEG_MVL_CRC29","727","TFEB","666.29999999999995","Literature ChIP-seq,128;ARCHS4 Coexpression,846;Enrichr Queries,913;GTEx Coexpression,778","ABCA1,SLC35A4,PLPPR3,ANK1,CTSS,SOX2,SPOCD1,FAM167B,EFEMP2,ARHGAP30,PXDN,RAC2,REM2"
"DEG_MVL_CRC29","728","IRF3","666.39999999999998","ARCHS4 Coexpression,691;ENCODE ChIP-seq,41;Enrichr Queries,1216;ReMap ChIP-seq,174;GTEx Coexpression,1210","LIN37,PLPPR3,IER5L,NTN5,GPT,UPK1A,RAC2,ZNF564,ARMH1,SLC34A3,MYH7B,STPG3,CHKB,MAMSTR,SERPINF2,LMNTD2,ANO9,SSC5D,COX6B2,DHRS2,ARHGAP33,ARHGAP30,PXDN,NEK10,CDHR4"
"DEG_MVL_CRC29","729","SATB1","667.50000000000000","ARCHS4 Coexpression,553;Enrichr Queries,438;ReMap ChIP-seq,169;GTEx Coexpression,1510","ABCA1,TLE4,CDKN1B,BCL11B,AMY2B,PLPPR3,DNAH6,RPL36A,TAS2R38,FBXO43,ANK1,DNALI1,ARHGAP30,DCHS2,PXDN,COL5A2,RAC2,VAMP1,CFAP65,FILIP1L,SH2D6,CCDC194"
"DEG_MVL_CRC29","730","ZFP42","668.00000000000000","Literature ChIP-seq,108;ARCHS4 Coexpression,1238;Enrichr Queries,156;GTEx Coexpression,1170","STPG3,PLPPR3,FBXO15,TFPI,POU5F1,PCDHGA9,SOX2,CALB2,TUBB2B,NUAK2,DEPTOR,GNG4,SMOC1,PXDN,NNAT,RAB24,CYP1B1,HOXA2,ZMYND10,MDH1B"
"DEG_MVL_CRC29","731","ZNF665","669.00000000000000","ARCHS4 Coexpression,302;Enrichr Queries,533;GTEx Coexpression,1172","ABCA1,ZNF396,EFEMP2,PLPPR3,PXDN,CCDC30,CYP1B1,SLC52A1,PKD1L2,IFIT1,OR7D2,CTSS"
"DEG_MVL_CRC29","732","FOXL2","669.29999999999995","ARCHS4 Coexpression,991;Enrichr Queries,468;GTEx Coexpression,549","SOX2,COL16A1,THPO,PLPPR3,PXDN,NTN5,CYP1B1,ANK1,CCDC194,VASN,RGMA"
"DEG_MVL_CRC29","733","TBPL1","669.50000000000000","ARCHS4 Coexpression,1067;GTEx Coexpression,272","SPINK2,KIF4B,CAVIN2,ALOX12,ZMYND10,ZMYND12"
"DEG_MVL_CRC29","734","TFCP2L1","670.70000000000005","ARCHS4 Coexpression,797;Enrichr Queries,537;GTEx Coexpression,678","ABCA1,MYH7B,TPO,DEPTOR,PAX8,PLPPR3,PXDN,CYP1B1,ISM1,SYT8"
"DEG_MVL_CRC29","735","PRDM12","671.00000000000000","ARCHS4 Coexpression,826;Enrichr Queries,516;GTEx Coexpression,671","SOX2,GPR162,NRSN2,BCL11B,PLPPR3,MAMSTR,PXDN,IER5L,CYP1B1,NTN5,SYT13,ANK1"
"DEG_MVL_CRC29","736","ZNF711","671.29999999999995","ARCHS4 Coexpression,875;Enrichr Queries,833;GTEx Coexpression,306","TLE4,TUBB2B,BCL11B,PLPPR3,PXDN,FBXO15,CYP1B1,TSNAXIP1,EMP3,SMC1B"
"DEG_MVL_CRC29","737","SCX","672.00000000000000","ARCHS4 Coexpression,672","PAX8,IER5L,MROH6"
"DEG_MVL_CRC29","738","NFIA","672.29999999999995","ARCHS4 Coexpression,697;Enrichr Queries,690;GTEx Coexpression,630","ABCA1,BCL11B,PLPPR3,PRUNE2,PXDN,CYP1B1,SLCO5A1,KCNN3,PCDHB10,ANK1,COX20"
"DEG_MVL_CRC29","739","ATOH7","672.29999999999995","ARCHS4 Coexpression,549;Enrichr Queries,333;GTEx Coexpression,1135","IFITM10,BCL11B,PLPPR3,IER5L,SYT13,ANK1,CALB2,GPR162,TUBB2B,GNG4,SMOC1,PXDN,NNAT"
"DEG_MVL_CRC29","740","ZNF157","672.70000000000005","ARCHS4 Coexpression,106;Enrichr Queries,601;GTEx Coexpression,1311","ABCA1,ZNF396,PRRT2,PLPPR3,SLC52A1,PKD1L2,IFIT1,COX6B2,SOX2,CFAP221,GNG4,PXDN,CCDC30,OR7D2"
"DEG_MVL_CRC29","741","DPRX","672.70000000000005","ARCHS4 Coexpression,874;Enrichr Queries,662;GTEx Coexpression,482","SOX2,PAX8,PXDN,TNNI1,ZNF878,TNNI2,HOXA2,SLCO5A1,POU5F1,TMEM92"
"DEG_MVL_CRC29","742","DMRTC2","673.29999999999995","ARCHS4 Coexpression,1286;Enrichr Queries,504;GTEx Coexpression,230","SOX2,SPINK2,STPG3,PAX8,PLPPR3,PXDN,ZMYND10,COX6B2,POU5F1,SMC1B"
"DEG_MVL_CRC29","743","FOSL2","673.79999999999995","ARCHS4 Coexpression,1272;ENCODE ChIP-seq,24;Enrichr Queries,746;ReMap ChIP-seq,17;GTEx Coexpression,1310","NRSN2,PLPPR3,ERV3-1,AMIGO2,IER5L,PLAT,TFPI,CTSS,DCST2,EFEMP2,ABLIM3,KYNU,RAB24,CYP1B1,CA9,MROH6,HES7,SLC34A3,ABCA1,STPG3,PRRT2,S100A2,SERPINF2,RARRES1,EMP3,COX6B2,SPSB2,IQCN,SBK3,PXDN,S100A5,TFF1"
"DEG_MVL_CRC29","744","MSANTD3","674.00000000000000","ARCHS4 Coexpression,149;GTEx Coexpression,1199","SPOCD1,ABLIM3,CAVIN2,ZGLP1,LSMEM1,MTCP1,ALOX12"
"DEG_MVL_CRC29","745","ZKSCAN1","674.39999999999998","ARCHS4 Coexpression,561;ENCODE ChIP-seq,44;Enrichr Queries,1241;ReMap ChIP-seq,144;GTEx Coexpression,1382","NRSN2,PLPPR3,AVIL,IER5L,NOXO1,GPT,LIN7B,ACTR3C,EFEMP2,CARNS1,RAC2,HES7,SLC34A3,ABCA1,STPG3,PRRT2,ANKRD24,MAMSTR,OSM,SSC5D,EMP3,IQCN,TUBB2B,ZGLP1,PXDN,EFHC1"
"DEG_MVL_CRC29","746","HOXC8","674.70000000000005","ARCHS4 Coexpression,827;Enrichr Queries,361;GTEx Coexpression,836","SOX2,RCN3,COL3A1,EFEMP2,PLPPR3,COL5A2,PXDN,CYP1B1,HOXA2,VASN"
"DEG_MVL_CRC29","747","ZFHX4","675.29999999999995","ARCHS4 Coexpression,1014;Enrichr Queries,520;GTEx Coexpression,492","ABCA1,TLE4,COL3A1,TUBB2B,PXDN,COL5A2,PRUNE2,ANO9,CYP1B1"
"DEG_MVL_CRC29","748","WT1","676.79999999999995","Literature ChIP-seq,88;ARCHS4 Coexpression,956;Enrichr Queries,387;GTEx Coexpression,1276","COL13A1,PLPPR3,AMIGO2,PRUNE2,PLAT,MYLK4,SOX2,TPO,NUAK2,ABLIM3,RAC2,TNNI1,CYP1B1,HOXA2,KCNN3,CFAP65,PCK1,HES7,TLE4,MYH7B,BCL11B,REG4,SPNS2,SYN3,MRPS6,DHRS2,PLXDC1,VASN,SMC1B,PCDHGA9,SH3RF3,COL3A1,PAX8,SMOC1,PXDN,COL5A2,NEK10,NPTXR"
"DEG_MVL_CRC29","749","DRGX","677.29999999999995","ARCHS4 Coexpression,1075;Enrichr Queries,843;GTEx Coexpression,114","PNMT,NRSN2,BCL11B,PLPPR3,HECW2,PXDN,VAMP1,SYT13,SYN3,ANK1"
"DEG_MVL_CRC29","750","SGSM2","677.50000000000000","ARCHS4 Coexpression,1126;GTEx Coexpression,229","ARHGAP33,NRSN2,PLPPR3,GNG4,NNAT,NPTXR"
"DEG_MVL_CRC29","751","NR4A2","678.00000000000000","Literature ChIP-seq,78;ARCHS4 Coexpression,787;Enrichr Queries,907;GTEx Coexpression,940","SOX2,ABCA1,NRSN2,TUBB2B,PLPPR3,PXDN,OSM,CYP1B1,PKD1L2,OR7D2"
"DEG_MVL_CRC29","752","DBP","678.00000000000000","ARCHS4 Coexpression,606;Enrichr Queries,681;GTEx Coexpression,747","ABCA1,HES7,SPSB2,COL3A1,BCL11B,PLPPR3,PXDN,PKD1L2,PLCH2,LIN7B,ANK1,CARD14"
"DEG_MVL_CRC29","753","ARNT2","679.29999999999995","ARCHS4 Coexpression,879;Enrichr Queries,352;GTEx Coexpression,807","SOX2,ABCA1,NRSN2,TUBB2B,PRRT2,PLPPR3,PXDN,CYP1B1,PLAT,NPTXR,ANK1"
"DEG_MVL_CRC29","754","SOX5","680.00000000000000","ARCHS4 Coexpression,974;Enrichr Queries,248;GTEx Coexpression,818","SOX2,ABCA1,TLE4,STPG3,BCL11B,PLPPR3,PXDN,SLCO5A1,ZMYND12,ANK1,ARHGAP24"
"DEG_MVL_CRC29","755","ISL2","681.00000000000000","ARCHS4 Coexpression,1509;Enrichr Queries,297;GTEx Coexpression,237","ABCA1,BCL11B,PLPPR3,ANK1,CHFR,ADAM19,SOX2,ARHGAP30,PXDN,RAC2,CYP1B1,REM2"
"DEG_MVL_CRC29","756","ZNF76","681.00000000000000","ARCHS4 Coexpression,715;Enrichr Queries,1079;GTEx Coexpression,249","CHKB,ZMAT1,ARHGAP30,PAX8,PLPPR3,PXDN,EFHC1,RAC2,EBLN2,ANK1"
"DEG_MVL_CRC29","757","INSM2","681.70000000000005","ARCHS4 Coexpression,559;Enrichr Queries,766;GTEx Coexpression,720","GPR162,NRSN2,TUBB2B,BCL11B,PLPPR3,GNG4,PXDN,NNAT,LRRIQ1,SYT13,ANK1"
"DEG_MVL_CRC29","758","RBPJ","681.79999999999995","Literature ChIP-seq,84;ARCHS4 Coexpression,1599;Enrichr Queries,1068;ReMap ChIP-seq,104;GTEx Coexpression,554","CDKN1B,COL16A1,LIN37,GPR68,PLPPR3,NOXO1,LIN7B,EFEMP2,CARNS1,EBLN2,RAC2,CA9,KCNN3,SH2D6,CCDC183,HES7,ABCA1,MYH7B,PRRT2,MAMSTR,TRAPPC5,LRRIQ1,ANO9,SSC5D,EMP3,WDR54,ADAM19,FAM167B,GPR162,IQCN,FAM167A,CLEC2B,LPAR5,SMOC1,PXDN,NEK10,VAMP1,ZMYND10,ANKRD63,CARD14,ZMYND12"
"DEG_MVL_CRC29","759","ZNF846","682.29999999999995","ARCHS4 Coexpression,322;Enrichr Queries,722;GTEx Coexpression,1003","ABCA1,SPINK2,CFAP221,ZMAT1,PLPPR3,PXDN,CCDC30,CYP1B1,SLC52A1,PKDREJ,PKD1L2,OR7D2"
"DEG_MVL_CRC29","760","ETS2","682.79999999999995","Literature ChIP-seq,157;ARCHS4 Coexpression,1094;Enrichr Queries,701;GTEx Coexpression,779","ABCA1,CLEC2B,PLPPR3,PXDN,OSM,ANO9,CYP1B1,PLIN2,PCK1,CARD14"
"DEG_MVL_CRC29","761","ZNF493","683.00000000000000","ARCHS4 Coexpression,498;Enrichr Queries,836;GTEx Coexpression,715","ABCA1,PRRT2,ZMAT1,COL13A1,PLPPR3,PXDN,CCDC30,FBXO15,ZNF337,PKD1L2,NAALADL2"
"DEG_MVL_CRC29","762","IRX3","684.00000000000000","ARCHS4 Coexpression,377;Enrichr Queries,580;GTEx Coexpression,1095","COL3A1,CFAP73,BCL11B,PLPPR3,PXDN,COL5A2,IER5L,CYP1B1,FOXJ1,ZMYND10,CARD14,SYT8"
"DEG_MVL_CRC29","763","ZNF596","685.00000000000000","ARCHS4 Coexpression,1042;Enrichr Queries,275;GTEx Coexpression,738","ABCA1,PRRT2,PLPPR3,AMIGO2,PKD1L2,IFIT1,ARHGAP24,ZMAT1,PXDN,CYP1B1,ZNF337,OR7D2,CCDC183"
"DEG_MVL_CRC29","764","ZNF283","685.29999999999995","ARCHS4 Coexpression,248;Enrichr Queries,1185;GTEx Coexpression,623","ZNF396,TAS2R20,PLPPR3,PXDN,SLC52A1,CDHR4,ZNF337,PKD1L2,NUDT6,OR7D2"
"DEG_MVL_CRC29","765","TBPL2","685.50000000000000","ARCHS4 Coexpression,647;GTEx Coexpression,724","CAVIN2,ANO9,ALOX12,PKD1L2,SYT8,DCST2"
"DEG_MVL_CRC29","766","ZBTB5","686.70000000000005","ARCHS4 Coexpression,1113;Enrichr Queries,515;GTEx Coexpression,432","ABCA1,TLE4,CDKN1B,PLPPR3,PXDN,CYP1B1,A2ML1,MROH6,CARD14,TMEM154"
"DEG_MVL_CRC29","767","EGR4","686.70000000000005","ARCHS4 Coexpression,800;Enrichr Queries,238;GTEx Coexpression,1022","CALB2,GPR162,NRSN2,FAM167A,PRRT2,BCL11B,PLPPR3,GNG4,PXDN,IER5L,SYT13,ANK1"
"DEG_MVL_CRC29","768","MAZ","687.00000000000000","ARCHS4 Coexpression,1446;ENCODE ChIP-seq,21;Enrichr Queries,1311;ReMap ChIP-seq,6;GTEx Coexpression,651","PNMT,NRSN2,LIN37,PLPPR3,ERV3-1,IER5L,NOXO1,GPT,PLAT,LIN7B,DNALI1,DCST2,EFEMP2,THPO,DZANK1,CARNS1,RAC2,CA9,MROH6,CCDC183,HES7,SLC34A3,ABCA1,STPG3,SPINK2,PRRT2,CAVIN2,LMNTD2,ANO9,SSC5D,EMP3,COX6B2,SYN3,MRPS6,VASN,SPOCD1,SPSB2,IQCN,TUBB2B,FAM167A,P4HA3,PXDN,EFHC1,S100A5,ZMYND10,LY6G5C"
"DEG_MVL_CRC29","769","ZNF473","687.00000000000000","ARCHS4 Coexpression,8;Enrichr Queries,1142;GTEx Coexpression,911","SPINK2,CFAP73,PLPPR3,LRRIQ1,DNAH6,FOXJ1,DNALI1,SMC1B,PXDN,NEK10,EFHC1,ZMYND10,TSNAXIP1,CFAP65,MDH1B"
"DEG_MVL_CRC29","770","IRF5","688.00000000000000","ARCHS4 Coexpression,813;Enrichr Queries,458;GTEx Coexpression,793","ARHGAP30,PLPPR3,PXDN,RAC2,ZNF878,EPSTI1,EMP3,CTSS"
"DEG_MVL_CRC29","771","FOXD3","688.00000000000000","ARCHS4 Coexpression,1015;Enrichr Queries,97;GTEx Coexpression,952","SOX2,FGFBP2,ZMAT1,BCL11B,PLPPR3,PXDN,CYP1B1,SYT13,ANK1,POU5F1,RGMA"
"DEG_MVL_CRC29","772","PPARD","689.00000000000000","Literature ChIP-seq,91;ARCHS4 Coexpression,1551;Enrichr Queries,1032;GTEx Coexpression,82","ABCA1,PLPPR3,REG4,SPNS2,A2ML1,ISM1,INPP4B,TPO,NUAK2,PAX8,PXDN,HAS3,PLIN2,JCAD"
"DEG_MVL_CRC29","773","FBXL19","690.00000000000000","ARCHS4 Coexpression,1160;GTEx Coexpression,220","ARHGAP33,NRSN2,ANKRD24,PLPPR3,SYN3"
"DEG_MVL_CRC29","774","OVOL3","691.00000000000000","ARCHS4 Coexpression,918;GTEx Coexpression,464","IQCN,SPINK2,SMOC1,ZMYND10,COX6B2,SMC1B"
"DEG_MVL_CRC29","775","CREB5","691.29999999999995","ARCHS4 Coexpression,545;Enrichr Queries,204;GTEx Coexpression,1325","ABCA1,PLPPR3,PLAT,IFIT1,CTSS,TMEM154,ADAM19,NUAK2,ARHGAP30,PXDN,CYP1B1,FILIP1L,REM2"
"DEG_MVL_CRC29","776","CPEB1","692.50000000000000","ARCHS4 Coexpression,1009;GTEx Coexpression,376","ARHGAP33,PRRT2,FBXO15,TSNAXIP1,SYN3,NAALADL2"
"DEG_MVL_CRC29","777","ZIC2","694.29999999999995","ARCHS4 Coexpression,1263;Enrichr Queries,161;GTEx Coexpression,659","PRRT2,COL13A1,PLPPR3,SOX2,GPR162,TUBB2B,COL3A1,GNG4,PXDN,COL5A2,NNAT,CYP1B1"
"DEG_MVL_CRC29","778","CC2D1A","695.00000000000000","ARCHS4 Coexpression,1137;GTEx Coexpression,253","PXDN,ANO9,PLCH2,B3GALT5"
"DEG_MVL_CRC29","779","ZEB2","695.50000000000000","ARCHS4 Coexpression,1295;Enrichr Queries,52;ReMap ChIP-seq,226;GTEx Coexpression,1209","HES7,ABCA1,TLE4,NRSN2,CAVIN2,MAMSTR,PLPPR3,NTN5,EMP3,CTSS,IQCN,ACTR3C,TUBB2B,COL3A1,CARNS1,PXDN,COL5A2,CYP1B1,PLIN2,LY6G5C,SH2D6,FILIP1L"
"DEG_MVL_CRC29","780","SCRT2","697.29999999999995","ARCHS4 Coexpression,157;Enrichr Queries,904;GTEx Coexpression,1031","ARHGAP33,GPR162,TUBB2B,PRRT2,BCL11B,PLPPR3,PXDN,ANK1,REM2,RGMA"
"DEG_MVL_CRC29","781","ZNF804B","697.70000000000005","ARCHS4 Coexpression,749;Enrichr Queries,1154;GTEx Coexpression,190","INPP4B,TPO,FAM167A,ZMAT1,PAX8,FBXO15,ISM1,NAALADL2"
"DEG_MVL_CRC29","782","DLX4","697.79999999999995","Literature ChIP-seq,164;ARCHS4 Coexpression,1397;Enrichr Queries,181;GTEx Coexpression,1049","SOX2,ABCA1,COL13A1,BCL11B,PLPPR3,PXDN,CYP1B1,CARD14,SYT8,RGMA"
"DEG_MVL_CRC29","783","JDP2","698.00000000000000","ARCHS4 Coexpression,832;Enrichr Queries,874;GTEx Coexpression,388","RCN3,ABCA1,COL16A1,PLPPR3,PXDN,CYP1B1,EMP3,ARHGAP24,CTSS"
"DEG_MVL_CRC29","784","RBCK1","698.00000000000000","ARCHS4 Coexpression,902;GTEx Coexpression,494","CHKB,ARHGAP30,ZGLP1,RAB24,RAC2"
"DEG_MVL_CRC29","785","BAZ2B","698.00000000000000","ARCHS4 Coexpression,605;Enrichr Queries,918;GTEx Coexpression,571","ABCA1,TLE4,TMEM223,ZMAT1,PLPPR3,PXDN,EFHC1,CCDC30,FBXO15,PKD1L2"
"DEG_MVL_CRC29","786","ZNF615","698.70000000000005","ARCHS4 Coexpression,920;Enrichr Queries,723;GTEx Coexpression,453","ABCA1,PLPPR3,PRUNE2,PXDN,CYP1B1,ZNF337,PKD1L2,IFIT1,PCDHB10,OR7D2,COX20"
"DEG_MVL_CRC29","787","ZNF583","699.00000000000000","ARCHS4 Coexpression,556;Enrichr Queries,512;GTEx Coexpression,1029","ABCA1,TLE4,COL3A1,PLPPR3,PXDN,CCDC30,ANO9,CYP1B1,CDHR4,PKD1L2,OR7D2,TMEM154"
"DEG_MVL_CRC29","788","ZNF704","699.29999999999995","ARCHS4 Coexpression,1074;Enrichr Queries,343;GTEx Coexpression,681","ABCA1,INPP4B,DEPTOR,COL13A1,PLPPR3,PXDN,RAC2,CYP1B1,EMP3,PCDHB10,COX20,RGMA"
"DEG_MVL_CRC29","789","XPA","699.29999999999995","ARCHS4 Coexpression,1025;Enrichr Queries,716;GTEx Coexpression,357","ABCA1,CDKN1B,PLPPR3,PRUNE2,PXDN,TRAPPC5,HOXA2,CYP1B1,PCDHB10,COX20"
"DEG_MVL_CRC29","790","ZNF541","699.70000000000005","ARCHS4 Coexpression,858;Enrichr Queries,1046;GTEx Coexpression,195","MYH7B,SPINK2,STPG3,PLPPR3,PXDN,ZMYND10,COX6B2,SMC1B"
"DEG_MVL_CRC29","791","HSF5","700.00000000000000","ARCHS4 Coexpression,1310;Enrichr Queries,228;GTEx Coexpression,562","SH3RF3,SPINK2,STPG3,BCL11B,KIF4B,PLPPR3,PXDN,FOXJ1,ZMYND10,IFIT1,ANK1,SMC1B"
"DEG_MVL_CRC29","792","MSGN1","700.29999999999995","ARCHS4 Coexpression,1151;Enrichr Queries,158;GTEx Coexpression,792","HES7,TLE4,S100A2,BCL11B,PLPPR3,CAVIN2,A2ML1,ISM1,RGMA,SOX2,MUC2,LPAR5,PXDN"
"DEG_MVL_CRC29","793","IKZF3","700.70000000000005","ARCHS4 Coexpression,455;Enrichr Queries,353;GTEx Coexpression,1294","ADAM19,ARHGAP30,BCL11B,PLPPR3,ZNF878,EPSTI1,RAC2,CTSS,TMEM154"
"DEG_MVL_CRC29","794","ZNF345","702.70000000000005","ARCHS4 Coexpression,285;Enrichr Queries,553;GTEx Coexpression,1270","ABCA1,ZNF396,ZMAT1,PLPPR3,PXDN,EFHC1,CCDC30,SLC52A1,PKD1L2,IFIT1,OR7D2,DCST2"
"DEG_MVL_CRC29","795","MBD4","704.79999999999995","ARCHS4 Coexpression,1199;ENCODE ChIP-seq,112;Enrichr Queries,1059;ReMap ChIP-seq,242;GTEx Coexpression,912","ABCA1,LAG3,CDKN1B,REG4,SERPINF2,PKD1L2,TFPI,DHRS2,WDR54,ARHGAP24,SPSB2,HAL,ARHGAP30,KYNU,PXDN,RAC2,NEK10,ZNF878,VAMP1,PLIN2,ZNF337,PCK1,COX20"
"DEG_MVL_CRC29","796","ZNF860","705.00000000000000","ARCHS4 Coexpression,1209;GTEx Coexpression,201","LPAR5,S100A2,RUBCNL,A2ML1,CARD14,TMEM154"
"DEG_MVL_CRC29","797","PTF1A","705.29999999999995","ARCHS4 Coexpression,713;Enrichr Queries,644;GTEx Coexpression,759","DHRS12,SOX2,PDIA2,BCL11B,AMY2B,PLPPR3,PXDN,ANK1"
"DEG_MVL_CRC29","798","NKX63","706.00000000000000","ARCHS4 Coexpression,622;GTEx Coexpression,790","SLC34A3,GPR162,FAM167A,PRRT2,COL13A1,SYT13"
"DEG_MVL_CRC29","799","ZFP57","706.70000000000005","ARCHS4 Coexpression,844;Enrichr Queries,21;GTEx Coexpression,1255","SPINK2,PLPPR3,MPL,PLAT,ANK1,SOX2,ADAM19,TUBB2B,COL3A1,CARNS1,PXDN,COL5A2,NNAT,RAC2,CYP1B1"
"DEG_MVL_CRC29","800","ZBED1","706.79999999999995","ARCHS4 Coexpression,1243;Enrichr Queries,170;ReMap ChIP-seq,206;GTEx Coexpression,1208","SLC34A3,ABCA1,STPG3,PLPPR3,NOXO1,GPT,EMP3,IFIT1,TFPI,IQCN,EFEMP2,TMEM223,ARHGAP30,ZGLP1,KYNU,CARNS1,PXDN,TNNI2,CYP1B1,MROH6,LY6G5C,COX20"
"DEG_MVL_CRC29","801","ZNF717","707.70000000000005","ARCHS4 Coexpression,147;Enrichr Queries,470;GTEx Coexpression,1506","ABCA1,TTC34,ZMAT1,PLPPR3,KYNU,PXDN,CCDC30,EFHC1,FBXO15,PKD1L2,NAALADL2"
"DEG_MVL_CRC29","802","HOXD4","710.70000000000005","ARCHS4 Coexpression,936;Enrichr Queries,320;GTEx Coexpression,876","SOX2,EFEMP2,COL3A1,PAX8,COL13A1,PLPPR3,PXDN,CYP1B1,HOXA2,HOXA4"
"DEG_MVL_CRC29","803","OVOL1","711.29999999999995","ARCHS4 Coexpression,1288;Enrichr Queries,600;GTEx Coexpression,246","MYH7B,NUAK2,BCL11B,PLPPR3,PXDN,HAS3,CYP1B1,A2ML1,MROH6,CARD14,DCST2,TMEM154"
"DEG_MVL_CRC29","804","ZNF506","711.70000000000005","ARCHS4 Coexpression,182;Enrichr Queries,1054;GTEx Coexpression,899","ABCA1,ZMAT1,ZGLP1,PXDN,CCDC30,NTN5,SLC52A1,CDHR4,PKD1L2,OR7D2,NAALADL2"
"DEG_MVL_CRC29","805","ZFP37","711.70000000000005","ARCHS4 Coexpression,1101;Enrichr Queries,344;GTEx Coexpression,690","ABCA1,COL3A1,TUBB2B,PRRT2,PLPPR3,CAVIN2,PXDN,PRUNE2,CYP1B1,ZNF337,PCDHGA9"
"DEG_MVL_CRC29","806","ZSCAN31","712.00000000000000","ARCHS4 Coexpression,694;GTEx Coexpression,730","ARHGAP30,PRUNE2,CCDC30,EFHC1,DNALI1,COX20"
"DEG_MVL_CRC29","807","ZNF391","712.29999999999995","ARCHS4 Coexpression,948;Enrichr Queries,534;GTEx Coexpression,655","ARHGAP33,ABCA1,TLE4,NRSN2,DZANK1,PXDN,PRUNE2,CYP1B1,SH2D6,ARHGAP24"
"DEG_MVL_CRC29","808","ZNF641","713.29999999999995","ARCHS4 Coexpression,745;Enrichr Queries,818;GTEx Coexpression,577","ABCA1,ZNF396,ARHGAP30,PLPPR3,AVIL,PXDN,CYP1B1,REM2,CTSS,TMEM154"
"DEG_MVL_CRC29","809","MEF2B","713.50000000000000","ARCHS4 Coexpression,731;Enrichr Queries,1042;ReMap ChIP-seq,277;GTEx Coexpression,804","ABCA1,DHRS12,STPG3,PLPPR3,ANK1,ADAM19,FAM167B,FAM167A,ARHGAP30,PXDN,RUBCNL,RAC2,KCNN3,REM2"
"DEG_MVL_CRC29","810","ZNF793","713.70000000000005","ARCHS4 Coexpression,138;Enrichr Queries,1087;GTEx Coexpression,916","ARHGAP33,ZNF396,PRRT2,BCL11B,PXDN,CCDC30,CYP1B1,SLC52A1,CDHR4,PKD1L2,OR7D2"
"DEG_MVL_CRC29","811","THAP11","714.60000000000002","Literature ChIP-seq,151;ARCHS4 Coexpression,448;Enrichr Queries,1388;ReMap ChIP-seq,73;GTEx Coexpression,1513","ABCA1,TLE4,LIN37,MAMSTR,CAVIN2,LSMEM1,NTN5,ATP2A1,ALOX12,EMP3,COX6B2,CHFR,ARHGAP33,GPR162,SPSB2,TMEM204,RAB24,PXDN,RAC2,ZNF337,TSNAXIP1,ZMYND10,SH2D6"
"DEG_MVL_CRC29","812","ZNF347","714.70000000000005","ARCHS4 Coexpression,517;Enrichr Queries,966;GTEx Coexpression,661","ABCA1,TAS2R20,PLPPR3,TRAPPC5,PXDN,CCDC30,SLC52A1,ZNF337,PKD1L2,IFIT1,OR7D2"
"DEG_MVL_CRC29","813","ZHX1","714.79999999999995","ARCHS4 Coexpression,740;Enrichr Queries,1081;ReMap ChIP-seq,105;GTEx Coexpression,933","PLPPR3,IER5L,NOXO1,GPT,LIN7B,DCST2,SOX2,EFEMP2,TMEM223,CARNS1,RAC2,MROH6,CCDC183,HES7,SLC34A3,ABCA1,STPG3,PRRT2,S100A2,A2ML1,SSC5D,PKDREJ,IQCN,ARHGAP30,PXDN,S100A5"
"DEG_MVL_CRC29","814","ZNF705A","715.00000000000000","ARCHS4 Coexpression,1346;Enrichr Queries,290;GTEx Coexpression,509","TLE4,IQCN,STPG3,PLPPR3,PXDN,RAC2,CYP1B1,FBXO15,PLIN2,EMP3,CTSS"
"DEG_MVL_CRC29","815","EMX2","715.29999999999995","ARCHS4 Coexpression,1256;Enrichr Queries,563;GTEx Coexpression,327","SOX2,ABCA1,HES7,TUBB2B,BCL11B,DCHS2,PLPPR3,PXDN,CYP1B1,PCDHGA9"
"DEG_MVL_CRC29","816","ARNTL2","716.00000000000000","ARCHS4 Coexpression,782;Enrichr Queries,565;GTEx Coexpression,801","ABCA1,ADAM19,LPAR5,S100A2,PLPPR3,KYNU,PXDN,HAS3,A2ML1,PLAT"
"DEG_MVL_CRC29","817","ZNF549","716.00000000000000","ARCHS4 Coexpression,129;Enrichr Queries,977;GTEx Coexpression,1042","CFAP221,PRRT2,PLPPR3,DZANK1,PXDN,CCDC30,CYP1B1,FBXO15,ZNF337,PKD1L2,SH2D6,OR7D2"
"DEG_MVL_CRC29","818","ZNF257","716.70000000000005","ARCHS4 Coexpression,486;Enrichr Queries,443;GTEx Coexpression,1221","TUBB2B,CFAP221,PLPPR3,PXDN,AMIGO2,ZNF878,CYP1B1,SLC52A1,PLAT,PKD1L2,IFIT1,OR7D2"
"DEG_MVL_CRC29","819","ZNF607","717.70000000000005","ARCHS4 Coexpression,1084;Enrichr Queries,1043;GTEx Coexpression,26","ARHGAP33,TUBB2B,DZANK1,PLPPR3,PXDN,FBXO15,CYP1B1,TSNAXIP1,EMP3,DNALI1,CCDC183,MDH1B"
"DEG_MVL_CRC29","820","MBNL2","718.00000000000000","ARCHS4 Coexpression,1039;Enrichr Queries,846;GTEx Coexpression,269","ABCA1,ARHGAP30,PLPPR3,PXDN,PRUNE2,FILIP1L,PCDHB10,CHFR,JCAD,TMEM154"
"DEG_MVL_CRC29","821","IRF6","720.29999999999995","ARCHS4 Coexpression,581;Enrichr Queries,893;GTEx Coexpression,687","MYH7B,COL3A1,S100A2,PLPPR3,PXDN,HAS3,A2ML1,PLCH2,CARD14,SYT8,TMEM154"
"DEG_MVL_CRC29","822","ZNF43","720.70000000000005","ARCHS4 Coexpression,423;Enrichr Queries,486;GTEx Coexpression,1253","ABCA1,PLPPR3,CAVIN2,PXDN,COL5A2,CCDC30,CYP1B1,FBXO15,PKD1L2,FBXO43,OR7D2"
"DEG_MVL_CRC29","823","GCM1","721.70000000000005","ARCHS4 Coexpression,993;Enrichr Queries,484;GTEx Coexpression,688","ABCA1,HAL,COL3A1,ARHGAP30,PLPPR3,PXDN,RAC2,CYP1B1,SLC52A1,REM2,NAALADL2"
"DEG_MVL_CRC29","824","TBXT","722.29999999999995","ARCHS4 Coexpression,1328;Enrichr Queries,174;ReMap ChIP-seq,154;GTEx Coexpression,1233","PNMT,HES7,LAG3,BCL11B,PLPPR3,AMIGO2,NTN5,FOXJ1,GPT,ANK1,RGMA,SOX2,IQCN,NUAK2,PAX8,PXDN,COL5A2,NNAT,ZNF878,CYP1B1,HOXA2"
"DEG_MVL_CRC29","825","MYBL2","724.00000000000000","Literature ChIP-seq,24;ARCHS4 Coexpression,1472;ENCODE ChIP-seq,74;Enrichr Queries,1356;ReMap ChIP-seq,84;GTEx Coexpression,1334","CDKN1B,COL16A1,MPL,CTSS,SOX2,DEPTOR,KYNU,HOXA2,CA9,SH2D6,HOXA4,ARMH1,HES7,SLC34A3,BATF2,LAG3,LRRIQ1,FBXO15,EMP3,COX6B2,PCDHGA9,GPR162,TUBB2B,PXDN,ZNF878,VAMP1,PLIN2,ZMYND12,ERV3-1,IER5L,RPL36A,TFPI,FBXO43,LIN7B,ABLIM3,DZANK1,RAB24,NNAT,PCK1,ABCA1,PRRT2,CAVIN2,KCNIP2,DHRS2,PLXDC1,ARHGAP24,CHFR,SPSB2,HAL,NEK10,COX20"
"DEG_MVL_CRC29","826","ARID5A","725.00000000000000","ARCHS4 Coexpression,758;GTEx Coexpression,692","ADAM19,ARHGAP30,RAC2,EMP3"
"DEG_MVL_CRC29","827","E2F5","725.29999999999995","ARCHS4 Coexpression,955;Enrichr Queries,821;ReMap ChIP-seq,150;GTEx Coexpression,975","ABCA1,NRSN2,PRRT2,CDKN1B,TAS2R20,LIN37,PLPPR3,MAMSTR,NOXO1,TFPI,SOX2,ACTR3C,EFEMP2,LPAR5,THPO,PXDN,ZNF878,ZNF337,TSNAXIP1,ZMYND10,LY6G5C,NPTXR,COX20"
"DEG_MVL_CRC29","828","ZNF433","725.29999999999995","ARCHS4 Coexpression,629;Enrichr Queries,358;GTEx Coexpression,1189","ABCA1,IQCN,STPG3,DEPTOR,PXDN,ZNF878,CCDC30,EFHC1,CYP1B1,PKD1L2,DHRS2"
"DEG_MVL_CRC29","829","SNAPC4","725.79999999999995","ARCHS4 Coexpression,1489;Enrichr Queries,1310;ReMap ChIP-seq,93;GTEx Coexpression,11","NTN5,LIN7B,UPK1A,DZANK1,TNNI1,CA9,TSNAXIP1,CCDC183,SLC34A3,TLE4,SPINK2,STPG3,LAG3,SLC35A4,CAVIN2,FBXO15,SSC5D,COX6B2,SMC1B,RCN3,IQCN,SBK3,LPAR5,PXDN,S100A5,ZNF337,ZMYND10,CCDC194"
"DEG_MVL_CRC29","830","GFI1","726.00000000000000","ARCHS4 Coexpression,747;Enrichr Queries,626;GTEx Coexpression,805","LAG3,ARHGAP30,BCL11B,PLPPR3,PXDN,RUBCNL,RAC2,CYP1B1,ANK1"
"DEG_MVL_CRC29","831","AHRR","726.50000000000000","ARCHS4 Coexpression,388;GTEx Coexpression,1065","RCN3,EFEMP2,GPR68,CYP1B1,FBXO43,WDR54,VASN"
"DEG_MVL_CRC29","832","HOXB9","726.70000000000005","ARCHS4 Coexpression,1444;Enrichr Queries,362;GTEx Coexpression,374","COL3A1,MUC2,PLPPR3,PXDN,ANO9,CYP1B1,HOXA2,PLAT,B3GALT5,SH2D6,HOXA4"
"DEG_MVL_CRC29","833","GTF2IRD2B","727.00000000000000","ARCHS4 Coexpression,100;Enrichr Queries,536;GTEx Coexpression,1545","ABCA1,MYH7B,PLPPR3,FBXO15,PKD1L2,IQCN,TUBB2B,CFAP221,ZMAT1,PXDN,CCDC30,EFHC1,OR7D2"
"DEG_MVL_CRC29","834","ZNF684","727.29999999999995","ARCHS4 Coexpression,488;Enrichr Queries,1066;GTEx Coexpression,628","THPO,SERPINF2,PXDN,CYP1B1,SLC52A1,PKD1L2,IFIT1,COX6B2,OR7D2,FTCD"
"DEG_MVL_CRC29","835","TFAP4","727.79999999999995","ARCHS4 Coexpression,484;Enrichr Queries,1264;ReMap ChIP-seq,125;GTEx Coexpression,1038","NRSN2,LIN37,PLPPR3,RPL36A,NOXO1,GPT,PKD1L2,EFEMP2,CARNS1,RAB24,CCDC30,TSNAXIP1,OR7D2,CCDC183,SLC34A3,STPG3,PRRT2,LMNTD2,OSM,FBXO15,IQCN,ARHGAP30,PXDN,CDHR4,PLCH2,ZMYND10"
"DEG_MVL_CRC29","836","ZNF713","728.00000000000000","ARCHS4 Coexpression,247;Enrichr Queries,558;GTEx Coexpression,1379","ABCA1,ZNF396,PLPPR3,CARNS1,PXDN,CCDC30,CYP1B1,SLC52A1,PKD1L2,IFIT1,OR7D2,NAALADL2"
"DEG_MVL_CRC29","837","ZNF263","728.00000000000000","Literature ChIP-seq,33;ARCHS4 Coexpression,1379;ENCODE ChIP-seq,53;Enrichr Queries,1365;ReMap ChIP-seq,2;GTEx Coexpression,1536","PNMT,COL16A1,LIN37,PLPPR3,AMIGO2,IER5L,NOXO1,GPT,FTCD,DCST2,EFEMP2,TMEM223,ZMAT1,THPO,ABLIM3,HAUS7,CARNS1,HAS3,IL12A,MROH6,KCNN3,CCDC183,ZNF564,MDH1B,SLC34A3,ABCA1,BATF2,STPG3,CFAP73,PRRT2,LMNTD2,ANO9,SSC5D,SYT13,COX6B2,DHRS2,WDR54,ARHGAP33,ADAM19,IQCN,PXDN,ZNF878,PLCH2,ANKRD63,IL17C,COX20"
"DEG_MVL_CRC29","838","ZNF221","728.00000000000000","ARCHS4 Coexpression,260;Enrichr Queries,1038;GTEx Coexpression,886","ABCA1,DZANK1,PXDN,EPSTI1,SLC52A1,ZNF337,PKD1L2,SH2D6,NUDT6,OR7D2"
"DEG_MVL_CRC29","839","ZNF362","729.00000000000000","ARCHS4 Coexpression,880;Enrichr Queries,1011;GTEx Coexpression,296","ABCA1,ARHGAP33,TUBB2B,HAUS7,AMIGO2,PXDN,CYP1B1,FILIP1L,PCDHB10"
"DEG_MVL_CRC29","840","KLF1","729.60000000000002","Literature ChIP-seq,68;ARCHS4 Coexpression,1045;Enrichr Queries,1112;ReMap ChIP-seq,32;GTEx Coexpression,1391","PNMT,NRSN2,PLPPR3,NOXO1,GPT,LIN7B,CTSS,DCST2,EFEMP2,TPO,CARNS1,RAC2,TSNAXIP1,SH2D6,HES7,SLC34A3,TLE4,MYH7B,LAG3,STPG3,PRRT2,S100A2,KCNIP2,OSM,EMP3,B3GALT5,ANK1,PLXDC1,TMEM154,IQCN,LPAR5,ZGLP1,PXDN,COL5A2,S100A5,ZMYND10"
"DEG_MVL_CRC29","841","NR4A3","730.00000000000000","ARCHS4 Coexpression,1008;Enrichr Queries,398;GTEx Coexpression,784","ABCA1,ADAM19,IFITM10,PLPPR3,PXDN,TNNI1,OSM,MTCP1,CYP1B1,SLCO5A1,PLAT,IFIT1"
"DEG_MVL_CRC29","842","RELA","732.29999999999995","Literature ChIP-seq,57;ARCHS4 Coexpression,1491;ENCODE ChIP-seq,68;Enrichr Queries,1237;ReMap ChIP-seq,147;GTEx Coexpression,1394","NRSN2,CDKN1B,LIN37,NOXO1,ALOX12,CTSS,DCST2,EFEMP2,NUAK2,MUC2,CARNS1,RAC2,CA9,IL12A,KCNN3,SLC34A3,ABCA1,STPG3,PRRT2,S100A2,LRRIQ1,RARRES1,ANO9,FBXO15,EMP3,ADAM19,IQCN,PAX8,ZGLP1,PXDN,RUBCNL,VAMP1,TFF1,ZMYND10,CARD14"
"DEG_MVL_CRC29","843","ZNF69","733.00000000000000","ARCHS4 Coexpression,642;Enrichr Queries,633;GTEx Coexpression,924","ABCA1,ADAM19,ACTR3C,PLPPR3,PXDN,CCDC30,CYP1B1,CA9,PKD1L2,OR7D2"
"DEG_MVL_CRC29","844","SAFB2","733.00000000000000","ARCHS4 Coexpression,1202;GTEx Coexpression,264","ARHGAP33,PRRT2,ARHGAP30,ZGLP1,NTN5"
"DEG_MVL_CRC29","845","ZNF558","733.70000000000005","ARCHS4 Coexpression,35;Enrichr Queries,706;GTEx Coexpression,1460","ABCA1,ZNF396,PLPPR3,SLC52A1,PKD1L2,IFIT1,CFAP221,ZMAT1,PXDN,CCDC30,CYP1B1,SH2D6,OR7D2,CARD14"
"DEG_MVL_CRC29","846","ZBTB37","733.70000000000005","ARCHS4 Coexpression,482;Enrichr Queries,1085;GTEx Coexpression,634","ABCA1,FGFBP2,ZMAT1,PLPPR3,PXDN,EBLN2,CCDC30,EFHC1,FBXO15,TMEM154"
"DEG_MVL_CRC29","847","RAG1","733.70000000000005","ARCHS4 Coexpression,980;Enrichr Queries,88;GTEx Coexpression,1133","ABCA1,BCL11B,PLPPR3,IFIT1,ANK1,CTSS,ARHGAP24,INPP4B,TPO,PAX8,PXDN,EPSTI1,RUBCNL"
"DEG_MVL_CRC29","848","SKOR2","735.00000000000000","ARCHS4 Coexpression,718;GTEx Coexpression,752","ARHGAP33,TUBB2B,PRRT2,PLPPR3,CCDC183,SMC1B"
"DEG_MVL_CRC29","849","ZNF132","735.29999999999995","ARCHS4 Coexpression,287;Enrichr Queries,782;GTEx Coexpression,1137","PLPPR3,PXDN,DNAH6,EFHC1,CYP1B1,ZNF337,ZMYND10,IFIT1,FILIP1L,CFAP65,NUDT6,DNALI1"
"DEG_MVL_CRC29","850","ZBTB46","736.00000000000000","ARCHS4 Coexpression,720;Enrichr Queries,596;GTEx Coexpression,892","ABCA1,ADAM19,TUBB2B,PRRT2,PLPPR3,PXDN,IER5L,ZNF337,LRRC32,ANK1"
"DEG_MVL_CRC29","851","ZNF568","736.00000000000000","ARCHS4 Coexpression,335;Enrichr Queries,873;GTEx Coexpression,1000","ABCA1,TLE4,CFAP221,PLPPR3,PXDN,CCDC30,FBXO15,PKD1L2,PCDHB10,OR7D2,PCDHGA9"
"DEG_MVL_CRC29","852","ZNF285","736.50000000000000","ARCHS4 Coexpression,447;GTEx Coexpression,1026","GPR162,PRRT2,CCDC30,FBXO15,PKD1L2,OR7D2"
"DEG_MVL_CRC29","853","ZKSCAN7","736.50000000000000","ARCHS4 Coexpression,560;GTEx Coexpression,913","ZNF396,SLC52A1,ZNF337,PKD1L2,OR7D2"
"DEG_MVL_CRC29","854","ESRRA","736.60000000000002","ARCHS4 Coexpression,931;ENCODE ChIP-seq,19;Enrichr Queries,1132;ReMap ChIP-seq,194;GTEx Coexpression,1407","PNMT,SLC34A3,SLC35A4,NRSN2,CDKN1B,PLPPR3,SPNS2,RARRES1,NOXO1,ANO9,GPT,PLXDC1,DCST2,ARHGAP30,ABLIM3,CARNS1,PXDN,S100A5,TFF1"
"DEG_MVL_CRC29","855","PATZ1","738.70000000000005","ARCHS4 Coexpression,791;Enrichr Queries,1174;GTEx Coexpression,251","SOX2,TPO,TUBB2B,ZMAT1,CDKN1B,PAX8,PLPPR3,PXDN,NTN5"
"DEG_MVL_CRC29","856","FOXM1","739.20000000000005","Literature ChIP-seq,23;ARCHS4 Coexpression,1396;ENCODE ChIP-seq,14;Enrichr Queries,1376;ReMap ChIP-seq,214;GTEx Coexpression,1412","CDKN1B,GPR68,AMIGO2,IER5L,FBXO43,TFPI,DNALI1,SOX2,EFEMP2,NUAK2,DEPTOR,ABLIM3,KYNU,CYP1B1,CA9,IL12A,CFAP65,FILIP1L,TGM4,SLC34A3,ABCA1,TLE4,LAG3,STPG3,PRRT2,S100A2,CAVIN2,RARRES1,SYN3,SYT8,DHRS2,NAALADL2,INPP4B,PXDN,COL5A2,NEK10,VAMP1,TFF1"
"DEG_MVL_CRC29","857","ZBTB7B","740.29999999999995","ARCHS4 Coexpression,839;Enrichr Queries,961;GTEx Coexpression,421","ARHGAP30,PLPPR3,PXDN,RAC2,ANO9,MROH6,EMP3,CARD14,ANK1,CTSS,TMEM154"
"DEG_MVL_CRC29","858","HOXC11","740.79999999999995","ARCHS4 Coexpression,1340;Enrichr Queries,315;ReMap ChIP-seq,294;GTEx Coexpression,1014","SOX2,BCL11B,PLPPR3,COL5A2,PXDN,IER5L,CYP1B1,HOXA2,VASN,HOXA4"
"DEG_MVL_CRC29","859","ZNF746","742.70000000000005","ARCHS4 Coexpression,729;Enrichr Queries,687;GTEx Coexpression,812","ABCA1,ARHGAP30,PLPPR3,PXDN,RAC2,CYP1B1,PLIN2,REM2,CTSS,TMEM154"
"DEG_MVL_CRC29","860","THAP8","744.70000000000005","ARCHS4 Coexpression,1280;Enrichr Queries,453;GTEx Coexpression,501","ARHGAP33,SPSB2,TUBB2B,PLPPR3,TRAPPC5,PXDN,IER5L,LIN7B,VASN,HOXA4,RGMA"
"DEG_MVL_CRC29","861","TFEC","745.00000000000000","ARCHS4 Coexpression,815;Enrichr Queries,449;GTEx Coexpression,971","ABCA1,ARHGAP30,PLPPR3,KYNU,EPSTI1,RAC2,IFIT1,CTSS"
"DEG_MVL_CRC29","862","PBX2","745.79999999999995","ARCHS4 Coexpression,1299;Enrichr Queries,1078;ReMap ChIP-seq,36;GTEx Coexpression,570","PNMT,NRSN2,CDKN1B,LIN37,PLPPR3,IER5L,NTN5,LIN7B,MYLK4,ACTR3C,EFEMP2,RAC2,KCNN3,SH2D6,CCDC183,SLC34A3,ABCA1,STPG3,CHKB,MAMSTR,SSC5D,EMP3,IQCN,TUBB2B,ARHGAP30,LPAR5,ZGLP1,PXDN,LY6G5C"
"DEG_MVL_CRC29","863","RORA","746.00000000000000","ARCHS4 Coexpression,661;Enrichr Queries,542;GTEx Coexpression,1035","ABCA1,INPP4B,HAL,CLEC2B,BCL11B,PLPPR3,PXDN,CARD14,SYT8,ANK1"
"DEG_MVL_CRC29","864","MNT","746.50000000000000","ARCHS4 Coexpression,1335;Enrichr Queries,944;ReMap ChIP-seq,43;GTEx Coexpression,664","NRSN2,CDKN1B,LIN37,PLPPR3,IER5L,NOXO1,GPT,LIN7B,DCST2,EFEMP2,REM2,CCDC183,HES7,SLC34A3,ABCA1,IFITM10,STPG3,PRRT2,OSM,EMP3,CHFR,VASN,SPSB2,ARHGAP30,PXDN,TFF1,ZMYND10,IL17C"
"DEG_MVL_CRC29","865","HDX","747.00000000000000","ARCHS4 Coexpression,1112;Enrichr Queries,592;GTEx Coexpression,537","SH3RF3,ABCA1,TUBB2B,AMIGO2,PXDN,EPSTI1,CYP1B1,IFIT1,FILIP1L,PCDHB10"
"DEG_MVL_CRC29","866","ZNF727","747.00000000000000","ARCHS4 Coexpression,876;GTEx Coexpression,618","SMOC1,PRUNE2,PCDHB10,COX20,SMC1B"
"DEG_MVL_CRC29","867","GABPA","747.29999999999995","Literature ChIP-seq,138;ARCHS4 Coexpression,1166;ENCODE ChIP-seq,93;Enrichr Queries,1333;ReMap ChIP-seq,148;GTEx Coexpression,1606","LIN37,ERV3-1,IER5L,RPL36A,NOXO1,GPT,TFPI,DCST2,EFEMP2,TMEM223,THPO,CARNS1,RAB24,RAC2,CYP1B1,HES7,SLC34A3,BATF2,STPG3,PRRT2,MAMSTR,CAVIN2,TRAPPC5,SSC5D,VASN,RGMA,SPSB2,PXDN,EFHC1,ZNF337,PLCH2,ZMYND10"
"DEG_MVL_CRC29","868","ZNF143","747.60000000000002","ARCHS4 Coexpression,1128;ENCODE ChIP-seq,11;Enrichr Queries,1165;ReMap ChIP-seq,35;GTEx Coexpression,1399","NRSN2,LIN37,PLPPR3,IER5L,NOXO1,GPT,IFIT1,ISM1,FBXO43,LIN7B,DCST2,EFEMP2,ACTR3C,UPK1A,NUAK2,ZMAT1,ABLIM3,RAB24,TSNAXIP1,CCDC183,ZNF564,HES7,SLC34A3,STPG3,PRRT2,ANKRD24,MAMSTR,LRRIQ1,TRAPPC5,ANO9,SSC5D,EMP3,ARHGAP24,SMC1B,ARHGAP33,IQCN,TUBB2B,ARHGAP30,PXDN,RUBCNL,NEK10,EFHC1,MTCP1,ZNF337,ZMYND10,ANKRD63,ZMYND12,CCDC194"
"DEG_MVL_CRC29","869","FOXR2","747.70000000000005","ARCHS4 Coexpression,965;Enrichr Queries,645;GTEx Coexpression,633","SOX2,CALB2,SPINK2,PLPPR3,PXDN,COX6B2,IFIT1,DHRS2,SMC1B"
"DEG_MVL_CRC29","870","HES7","747.70000000000005","ARCHS4 Coexpression,1394;Enrichr Queries,391;GTEx Coexpression,458","GPR162,PRRT2,COL13A1,PLPPR3,PXDN,IER5L,CYP1B1,ZNF337,ANK1,PLXDC1"
"DEG_MVL_CRC29","871","ELF2","747.70000000000005","ARCHS4 Coexpression,315;Enrichr Queries,937;GTEx Coexpression,991","ABCA1,TLE4,NRSN2,PLPPR3,PXDN,CCDC30,FBXO15,PKD1L2,OR7D2,TMEM154"
"DEG_MVL_CRC29","872","HLX","748.00000000000000","ARCHS4 Coexpression,835;Enrichr Queries,74;GTEx Coexpression,1335","ABCA1,ADAM19,BATF2,COL3A1,ARHGAP30,PLPPR3,CAVIN2,PXDN,CYP1B1,EMP3,LRRC32,CTSS"
"DEG_MVL_CRC29","873","ZIC4","749.70000000000005","ARCHS4 Coexpression,998;Enrichr Queries,475;GTEx Coexpression,776","SOX2,TUBB2B,PRRT2,COL13A1,BCL11B,PLPPR3,PXDN,CYP1B1,ZNF337,RGMA"
"DEG_MVL_CRC29","874","ZNF559","750.29999999999995","ARCHS4 Coexpression,579;Enrichr Queries,1322;GTEx Coexpression,350","EFEMP2,COL16A1,ZMAT1,DZANK1,PXDN,EFHC1,FBXO15,PKD1L2,OR7D2"
"DEG_MVL_CRC29","875","CREB3","751.00000000000000","ARCHS4 Coexpression,1419;Enrichr Queries,1153;ReMap ChIP-seq,204;GTEx Coexpression,228","NRSN2,CAVIN2,PRUNE2,SERPINF2,RARRES1,EMP3,MRPS6,DNALI1,TMEM154,ADAM19,ACTR3C,LPAR5,PXDN,PLIN2,CA9,TSNAXIP1,ZMYND10,PCK1,SH2D6,CARD14"
"DEG_MVL_CRC29","876","NKX25","751.50000000000000","ARCHS4 Coexpression,657;GTEx Coexpression,846","MYH7B,KCNIP2,TNNI1,ANKRD63"
"DEG_MVL_CRC29","877","BRF2","751.70000000000005","ARCHS4 Coexpression,1070;ReMap ChIP-seq,203;GTEx Coexpression,982","DHRS12,BATF2,CAVIN2,TRAPPC5,RPL36A,ATP2A1,PKD1L2,IFIT1,RCN3,SBK3,FAM167A,TMEM223,ARHGAP30,NEK10,TNNI2,CA9,PLCH2"
"DEG_MVL_CRC29","878","SIM1","752.00000000000000","ARCHS4 Coexpression,1319;Enrichr Queries,826;GTEx Coexpression,111","RCN3,FAM167A,PLPPR3,PXDN,COL5A2,CYP1B1,ANK1,VASN,ARHGAP24"
"DEG_MVL_CRC29","879","TFAP2D","752.29999999999995","ARCHS4 Coexpression,1467;Enrichr Queries,660;GTEx Coexpression,130","SOX2,NRSN2,BCL11B,PLPPR3,GNG4,PXDN,SYT13,NPTXR,ANK1"
"DEG_MVL_CRC29","880","ZNF354C","752.70000000000005","ARCHS4 Coexpression,1178;Enrichr Queries,734;GTEx Coexpression,346","SOX2,ABCA1,EFEMP2,TUBB2B,PLPPR3,PXDN,COL5A2,CYP1B1,ZNF337"
"DEG_MVL_CRC29","881","KDM2B","753.00000000000000","ARCHS4 Coexpression,780;GTEx Coexpression,726","ARHGAP30,PLCH2,CARD14,POU5F1,CHFR,TMEM154"
"DEG_MVL_CRC29","882","ZNF547","753.29999999999995","ARCHS4 Coexpression,1211;Enrichr Queries,618;GTEx Coexpression,431","GPR162,PRRT2,ZGLP1,PLPPR3,PXDN,PRUNE2,ZNF337,PLIN2,IFIT1,COX20"
"DEG_MVL_CRC29","883","ZNF554","754.00000000000000","ARCHS4 Coexpression,272;Enrichr Queries,922;GTEx Coexpression,1068","ZNF396,DEPTOR,PLPPR3,PXDN,SLC52A1,CDHR4,PKD1L2,IFIT1,ANK1,LIN7B,OR7D2"
"DEG_MVL_CRC29","884","ZBTB14","754.00000000000000","ARCHS4 Coexpression,68;GTEx Coexpression,1440","CDKN1B,ARHGAP30,BCL11B,LPAR5,CAVIN2,LSMEM1,ALOX12"
"DEG_MVL_CRC29","885","ZNF480","754.70000000000005","ARCHS4 Coexpression,73;Enrichr Queries,1064;GTEx Coexpression,1127","ARHGAP33,ABCA1,TTC34,KYNU,PXDN,CCDC30,EFHC1,MTCP1,CYP1B1,FBXO15,PKD1L2,OR7D2"
"DEG_MVL_CRC29","886","ZNF608","757.70000000000005","ARCHS4 Coexpression,361;Enrichr Queries,501;GTEx Coexpression,1411","ABCA1,TLE4,SOX2,TUBB2B,PLPPR3,HECW2,PXDN,RAC2,CYP1B1,EMP3,ARHGAP24"
"DEG_MVL_CRC29","887","TERF2","758.29999999999995","ARCHS4 Coexpression,279;Enrichr Queries,1191;ReMap ChIP-seq,209;GTEx Coexpression,1354","ZNF396,GPR68,PLPPR3,TRAPPC5,NOXO1,SLC52A1,PKD1L2,LIN7B,CTSS,TMEM154,FAM167A,DZANK1,PXDN,RAC2,VAMP1,IL12A,PLIN2,OR7D2,CCDC194,COX20,ARMH1"
"DEG_MVL_CRC29","888","TP53","758.79999999999995","Literature ChIP-seq,5;ARCHS4 Coexpression,1436;Enrichr Queries,995;ReMap ChIP-seq,111;GTEx Coexpression,1247","CDKN1B,COL13A1,RPL36A,NOXO1,GPT,DCST2,SOX2,EFEMP2,NUAK2,GNG4,TNNI1,TNNI2,CA9,REM2,HOXA4,SLC34A3,LAG3,STPG3,SLC35A4,S100A2,CAVIN2,RARRES1,OSM,FBXO15,COX6B2,DHRS2,SYT8,PLXDC1,WDR54,ADAM19,ARHGAP30,SMOC1,PXDN,S100A5,ZNF337"
"DEG_MVL_CRC29","889","AHDC1","759.00000000000000","ARCHS4 Coexpression,645;Enrichr Queries,891;GTEx Coexpression,741","ARHGAP33,PRRT2,PLPPR3,PXDN,PLCH2,CARD14,SYT8,ANK1,RGMA"
"DEG_MVL_CRC29","890","ZNF34","759.29999999999995","ARCHS4 Coexpression,1032;Enrichr Queries,1171;GTEx Coexpression,75","NRSN2,TUBB2B,PRRT2,CDKN1B,COL13A1,PLPPR3,PRUNE2,PXDN,ZNF337,PCDHB10"
"DEG_MVL_CRC29","891","MLXIP","759.70000000000005","ARCHS4 Coexpression,667;Enrichr Queries,947;GTEx Coexpression,665","ABCA1,DEPTOR,PLPPR3,PXDN,TNNI2,ANO9,ATP2A1,ANK1"
"DEG_MVL_CRC29","892","SETDB1","760.70000000000005","Literature ChIP-seq,52;ARCHS4 Coexpression,1485;ENCODE ChIP-seq,104;Enrichr Queries,1203;ReMap ChIP-seq,178;GTEx Coexpression,1542","CDKN1B,PLPPR3,ERV3-1,RPL36A,ADCY4,IER5L,NOXO1,GPT,FTCD,SOX2,EFEMP2,ZMAT1,ABLIM3,GNG4,NNAT,MROH6,ZNF564,MDH1B,TLE4,SLC35A4,BCL11B,ANKRD24,LRRIQ1,ANO9,FBXO15,FOXJ1,PKDREJ,COX6B2,DHRS2,ANK1,MRPS6,CHFR,WDR54,PCDHGA9,SMC1B,RGMA,SPOCD1,SH3RF3,RCN3,GPR162,TUBB2B,ZGLP1,PXDN,ZNF878,PLCH2,IL17C"
"DEG_MVL_CRC29","893","ZNF619","761.00000000000000","ARCHS4 Coexpression,175;Enrichr Queries,737;GTEx Coexpression,1371","ADAM19,CFAP221,NUAK2,PLPPR3,PXDN,AMIGO2,CCDC30,FBXO15,SLC52A1,PKD1L2,OR7D2,ZNF564"
"DEG_MVL_CRC29","894","POU6F2","761.29999999999995","ARCHS4 Coexpression,786;Enrichr Queries,962;GTEx Coexpression,536","NRSN2,ANKRD24,SMOC1,PXDN,CCDC30,PKD1L2,SYT13,SYN3,ANK1,OR7D2"
"DEG_MVL_CRC29","895","ZFP3","762.00000000000000","ARCHS4 Coexpression,347;Enrichr Queries,409;GTEx Coexpression,1530","ABCA1,TTC34,CFAP221,BCL11B,PLPPR3,PXDN,AMIGO2,DNAH6,EFHC1,CYP1B1,IFIT1,CFAP65"
"DEG_MVL_CRC29","896","TCF24","762.70000000000005","ARCHS4 Coexpression,910;Enrichr Queries,75;GTEx Coexpression,1303","MYH7B,MAOB,PLPPR3,SLCO5A1,PKD1L2,SYT13,IFIT1,ANK1,GNG4,PXDN,EPSTI1,CYP1B1,OR7D2"
"DEG_MVL_CRC29","897","ZNF26","764.29999999999995","ARCHS4 Coexpression,277;Enrichr Queries,679;GTEx Coexpression,1337","ABCA1,TLE4,PXDN,ZNF878,CCDC30,FBXO15,ZNF337,PKD1L2,OR7D2,CHFR,NAALADL2"
"DEG_MVL_CRC29","898","ZNF639","765.50000000000000","ARCHS4 Coexpression,496;Enrichr Queries,1348;ReMap ChIP-seq,61;GTEx Coexpression,1157","PNMT,NRSN2,PLPPR3,NOXO1,GPT,PKD1L2,MYLK4,ACTR3C,EFEMP2,TMEM223,CCDC30,OR7D2,SLC34A3,STPG3,PRRT2,S100A2,MAMSTR,ANO9,SLC52A1,IQCN,LPAR5,PXDN,MTCP1,S100A5,PLIN2,LY6G5C,COX20"
"DEG_MVL_CRC29","899","ZBTB18","765.50000000000000","ARCHS4 Coexpression,438;GTEx Coexpression,1093","GPR162,PRRT2,CDKN1B,NPTXR"
"DEG_MVL_CRC29","900","ZNF124","767.00000000000000","ARCHS4 Coexpression,319;Enrichr Queries,927;GTEx Coexpression,1055","PLPPR3,PXDN,AMIGO2,ZNF878,CCDC30,EFHC1,CYP1B1,FBXO15,PKD1L2,FBXO43,OR7D2"
"DEG_MVL_CRC29","901","ZBTB10","767.29999999999995","ARCHS4 Coexpression,1190;Enrichr Queries,1045;GTEx Coexpression,67","ABCA1,LPAR5,PLPPR3,AMIGO2,PXDN,RAC2,FILIP1L,PCDHB10,TMEM154,COX20"
"DEG_MVL_CRC29","902","TLX2","768.29999999999995","ARCHS4 Coexpression,1351;Enrichr Queries,634;GTEx Coexpression,320","PNMT,SOX2,FAM167A,MUC2,DCHS2,PLPPR3,PRUNE2,PXDN,CYP1B1,ANK1"
"DEG_MVL_CRC29","903","ZNF211","769.00000000000000","ARCHS4 Coexpression,1579;Enrichr Queries,448;GTEx Coexpression,280","ABCA1,CHKB,ZMAT1,ZGLP1,PLPPR3,PXDN,EFHC1,NTN5,CYP1B1,ZNF337,IFIT1"
"DEG_MVL_CRC29","904","ZNF784","769.70000000000005","ARCHS4 Coexpression,946;Enrichr Queries,976;GTEx Coexpression,387","MAMSTR,PLPPR3,PXDN,TNNI1,IER5L,TNNI2,ATP2A1"
"DEG_MVL_CRC29","905","ZNF799","770.00000000000000","ARCHS4 Coexpression,419;Enrichr Queries,677;GTEx Coexpression,1214","ABCA1,ZNF396,ACTR3C,PLPPR3,PXDN,CCDC30,CYP1B1,OR7D2,ZNF564"
"DEG_MVL_CRC29","906","TFDP2","770.00000000000000","ARCHS4 Coexpression,938;Enrichr Queries,548;GTEx Coexpression,824","ABCA1,TLE4,SOX2,DEPTOR,PLPPR3,PXDN,NEK10,PKDREJ,PKD1L2,ANK1"
"DEG_MVL_CRC29","907","KLF13","770.29999999999995","ARCHS4 Coexpression,459;Enrichr Queries,1086;ReMap ChIP-seq,62;GTEx Coexpression,1474","NRSN2,CDKN1B,LIN37,PLPPR3,NOXO1,GPT,LIN7B,FTCD,CTSS,DCST2,EFEMP2,TMEM223,CARNS1,RAC2,MROH6,SH2D6,HES7,SLC34A3,ABCA1,STPG3,SSC5D,IQCN,ARHGAP30,LPAR5,ZGLP1,PXDN,ZMYND10,IL17C"
"DEG_MVL_CRC29","908","HBP1","770.50000000000000","ARCHS4 Coexpression,770;Enrichr Queries,863;ReMap ChIP-seq,31;GTEx Coexpression,1418","PNMT,NRSN2,CDKN1B,LIN37,PLPPR3,IER5L,NOXO1,GPT,LIN7B,EFEMP2,TMEM223,UPK1A,KYNU,PCK1,CCDC183,HES7,SLC34A3,ABCA1,STPG3,PRRT2,SERPINF2,LMNTD2,EMP3,WDR54,SPSB2,IQCN,CLEC2B,PXDN"
"DEG_MVL_CRC29","909","POU2F1","770.79999999999995","ARCHS4 Coexpression,848;Enrichr Queries,1268;ReMap ChIP-seq,260;GTEx Coexpression,707","TLE4,ABCA1,BATF2,PRRT2,COL13A1,AMY2B,A2ML1,EMP3,SPOCD1,SOX2,TUBB2B,P4HA3,NNAT,PXDN,ZNF337,TSNAXIP1,REM2,CCDC183"
"DEG_MVL_CRC29","910","PHOX2A","771.29999999999995","ARCHS4 Coexpression,988;Enrichr Queries,478;GTEx Coexpression,848","PNMT,SOX2,FAM167A,PAX8,GPR68,PLPPR3,GNG4,PXDN,CYP1B1,HOXA2"
"DEG_MVL_CRC29","911","ZNF737","771.50000000000000","ARCHS4 Coexpression,658;GTEx Coexpression,885","TPO,TUBB2B,PAX8,PKD1L2,OR7D2"
"DEG_MVL_CRC29","912","ZFHX3","772.29999999999995","ARCHS4 Coexpression,1455;Enrichr Queries,559;GTEx Coexpression,303","SH3RF3,ABCA1,BCL11B,HAUS7,PLPPR3,AMIGO2,PXDN,CYP1B1,FILIP1L,ANK1"
"DEG_MVL_CRC29","913","ZNF492","772.50000000000000","ARCHS4 Coexpression,150;GTEx Coexpression,1395","ZNF396,ZNF878,CCDC30,SLC52A1,PKD1L2,SH2D6,OR7D2"
"DEG_MVL_CRC29","914","ZNF10","773.29999999999995","ARCHS4 Coexpression,1499;Enrichr Queries,689;GTEx Coexpression,132","ZMAT1,PLPPR3,NNAT,PXDN,CCDC30,EFHC1,NTN5,VAMP1"
"DEG_MVL_CRC29","915","ZNF500","774.00000000000000","ARCHS4 Coexpression,79;Enrichr Queries,1193;GTEx Coexpression,1050","ZNF396,COL16A1,PLPPR3,PXDN,CCDC30,SLC52A1,ZNF337,PKD1L2,SH2D6,OR7D2,CARD14"
"DEG_MVL_CRC29","916","ZNF584","774.50000000000000","ARCHS4 Coexpression,207;Enrichr Queries,1276;ReMap ChIP-seq,173;GTEx Coexpression,1442","ZNF396,NRSN2,S100A2,SERPINF2,ERV3-1,IER5L,NOXO1,SLC52A1,PKD1L2,TMEM154,CFAP221,NUAK2,ABLIM3,HAUS7,PXDN,S100A5,TSNAXIP1,ZMYND10,MROH6,SH2D6,OR7D2,CARD14,ZNF564"
"DEG_MVL_CRC29","917","ZNF652","775.00000000000000","Literature ChIP-seq,106;ARCHS4 Coexpression,1049;Enrichr Queries,892;GTEx Coexpression,1053","ABCA1,PLPPR3,PXDN,CYP1B1,NUDT6,NAALADL2,CCDC183,DCST2,TMEM154"
"DEG_MVL_CRC29","918","ZNF514","775.70000000000005","ARCHS4 Coexpression,1306;Enrichr Queries,112;GTEx Coexpression,909","ABCA1,INPP4B,COL16A1,ZMAT1,BCL11B,PLPPR3,DZANK1,PXDN,EFHC1,ZNF337,IFIT1"
"DEG_MVL_CRC29","919","ATF1","776.60000000000002","ARCHS4 Coexpression,971;ENCODE ChIP-seq,115;Enrichr Queries,1287;ReMap ChIP-seq,112;GTEx Coexpression,1398","PNMT,NRSN2,CDKN1B,LIN37,RPL36A,NOXO1,GPT,ALOX12,LIN7B,EFEMP2,TMEM223,TNNI2,MROH6,ZNF564,HES7,SLC34A3,SLC35A4,PRRT2,MAMSTR,CAVIN2,SSC5D,TUBB2B,LPAR5,PXDN,ZMYND10,LY6G5C"
"DEG_MVL_CRC29","920","TEF","777.00000000000000","ARCHS4 Coexpression,424;Enrichr Queries,853;GTEx Coexpression,1054","ABCA1,GPR162,PRRT2,PLPPR3,KCNIP2,PXDN,CARNS1,NPTXR,ANK1"
"DEG_MVL_CRC29","921","ZNF544","777.00000000000000","ARCHS4 Coexpression,958;Enrichr Queries,754;GTEx Coexpression,619","INPP4B,DZANK1,PLPPR3,PXDN,CYP1B1,PKD1L2,FBXO43,IFIT1,OR7D2,MDH1B"
"DEG_MVL_CRC29","922","ZNF280B","777.00000000000000","ARCHS4 Coexpression,1109;Enrichr Queries,445","ABCA1,INPP4B,BCL11B,PLPPR3,PXDN,AMIGO2,CYP1B1,SMC1B"
"DEG_MVL_CRC29","923","NEUROG1","777.29999999999995","ARCHS4 Coexpression,316;Enrichr Queries,473;GTEx Coexpression,1543","SOX2,TUBB2B,BCL11B,PLPPR3,DCHS2,PXDN,HOXA2,PLCH2,ANK1,REM2"
"DEG_MVL_CRC29","924","GPBP1","777.50000000000000","ARCHS4 Coexpression,1519;GTEx Coexpression,36","TLE4,ARHGAP33,FBXO15,TSNAXIP1,ZMYND12,DNALI1,SMC1B"
"DEG_MVL_CRC29","925","SMAD5","777.50000000000000","ARCHS4 Coexpression,640;Enrichr Queries,688;ReMap ChIP-seq,244;GTEx Coexpression,1538","ABCA1,TLE4,PRRT2,LIN37,BCL11B,PLPPR3,NOXO1,EMP3,IQCN,EFEMP2,TMEM223,ARHGAP30,LPAR5,ZGLP1,CARNS1,PXDN,RAC2,COX20"
"DEG_MVL_CRC29","926","ZNF248","779.00000000000000","ARCHS4 Coexpression,1252;Enrichr Queries,377;GTEx Coexpression,708","ABCA1,TLE4,GPR162,TUBB2B,PRRT2,PLPPR3,PXDN,AMIGO2,CYP1B1,ZNF337,IFIT1"
"DEG_MVL_CRC29","927","KMT2A","781.00000000000000","ARCHS4 Coexpression,1462;ReMap ChIP-seq,290;GTEx Coexpression,591","TMEM223,FAM167A,PRRT2,CDKN1B,CLEC2B,COL13A1,ZNF337,HOXA4,COX20"
"DEG_MVL_CRC29","928","ZNF90","782.00000000000000","ARCHS4 Coexpression,724;Enrichr Queries,667;GTEx Coexpression,955","SOX2,TUBB2B,PAX8,GNG4,PXDN,ZNF878,SLC52A1,PKD1L2,OR7D2,POU5F1"
"DEG_MVL_CRC29","929","EHF","782.50000000000000","ARCHS4 Coexpression,1345;Enrichr Queries,753;ReMap ChIP-seq,219;GTEx Coexpression,813","PNMT,LPAR5,S100A2,THPO,PLPPR3,KYNU,PXDN,CYP1B1,A2ML1,PLAT"
"DEG_MVL_CRC29","930","OVOL2","782.79999999999995","ARCHS4 Coexpression,1403;Enrichr Queries,355;ReMap ChIP-seq,295;GTEx Coexpression,1078","SOX2,MYH7B,BCL11B,PLPPR3,PXDN,NNAT,ANO9,CYP1B1,CARD14"
"DEG_MVL_CRC29","931","CREBL2","783.00000000000000","ARCHS4 Coexpression,871;Enrichr Queries,594;GTEx Coexpression,884","ABCA1,IFITM10,CDKN1B,PLPPR3,PXDN,ANK1,CTSS"
"DEG_MVL_CRC29","932","TGIF2LY","783.70000000000005","ARCHS4 Coexpression,521;Enrichr Queries,974;GTEx Coexpression,856","SPINK2,FGFBP2,CCDC30,ZMYND10,SYN3,IFIT1,LRRC32,ZMYND12,SMC1B"
"DEG_MVL_CRC29","933","ZNF141","784.00000000000000","ARCHS4 Coexpression,627;Enrichr Queries,942;GTEx Coexpression,783","HES7,ABCA1,INPP4B,TAS2R20,PXDN,CCDC30,CYP1B1,ZNF337,PKD1L2,OR7D2"
"DEG_MVL_CRC29","934","KDM2A","784.50000000000000","ARCHS4 Coexpression,916;GTEx Coexpression,653","CDKN1B,ARHGAP30,COX6B2,DCST2,SMC1B"
"DEG_MVL_CRC29","935","ZNF780B","785.00000000000000","ARCHS4 Coexpression,458;Enrichr Queries,1372;GTEx Coexpression,525","ZMAT1,AVIL,PXDN,EFHC1,FBXO15,ZNF337,PKD1L2,COX20"
"DEG_MVL_CRC29","936","DDIT3","785.29999999999995","ARCHS4 Coexpression,1235;Enrichr Queries,748;GTEx Coexpression,373","ABCA1,CLEC2B,PXDN,OSM,IER5L,CYP1B1,PLIN2,IFIT1,MRPS6,OR7D2"
"DEG_MVL_CRC29","937","MZF1","785.70000000000005","ARCHS4 Coexpression,1216;Enrichr Queries,1026;GTEx Coexpression,115","ARHGAP33,CHKB,ZMAT1,ZGLP1,PLPPR3,PXDN,EFHC1,NTN5,MROH6"
"DEG_MVL_CRC29","938","ATF7","786.79999999999995","ARCHS4 Coexpression,311;Enrichr Queries,1262;ReMap ChIP-seq,22;GTEx Coexpression,1552","NRSN2,CDKN1B,PLPPR3,IER5L,ADCY4,NOXO1,NTN5,ALOX12,LRRC32,LIN7B,DCST2,EFEMP2,RAC2,MROH6,SH2D6,FILIP1L,HES7,PRRT2,CAVIN2,MAMSTR,OSM,SSC5D,IQCN,LPAR5,ZGLP1,PXDN,ZMYND10,JCAD"
"DEG_MVL_CRC29","939","ETV4","787.00000000000000","ARCHS4 Coexpression,722;Enrichr Queries,720;ReMap ChIP-seq,143;GTEx Coexpression,1563","HES7,SLC34A3,STPG3,LIN37,PLPPR3,SERPINF2,LMNTD2,IER5L,NOXO1,GPT,SSC5D,PLAT,DHRS2,POU5F1,IQCN,EFEMP2,TUBB2B,PXDN,CYP1B1,PLIN2,PCK1,CCDC183,ARMH1"
"DEG_MVL_CRC29","940","ZNF613","788.00000000000000","ARCHS4 Coexpression,432;Enrichr Queries,612;GTEx Coexpression,1320","ABCA1,ZNF396,PLPPR3,PXDN,CYP1B1,PKD1L2,IFIT1,TFPI,SH2D6,OR7D2,ZNF564"
"DEG_MVL_CRC29","941","ZNF611","788.29999999999995","ARCHS4 Coexpression,289;Enrichr Queries,934;GTEx Coexpression,1142","ABCA1,CFAP221,PLPPR3,PXDN,RAC2,CCDC30,CYP1B1,FBXO15,PKD1L2,OR7D2,ZNF564"
"DEG_MVL_CRC29","942","ZNF7","788.70000000000005","ARCHS4 Coexpression,451;Enrichr Queries,885;GTEx Coexpression,1030","ABCA1,PLPPR3,PXDN,SLC52A1,ZNF337,PLIN2,PKD1L2,OR7D2,CARD14,ZNF564"
"DEG_MVL_CRC29","943","VSX2","789.29999999999995","ARCHS4 Coexpression,1007;Enrichr Queries,171;GTEx Coexpression,1190","SOX2,ARHGAP33,BCL11B,PAX8,PLPPR3,PXDN,CYP1B1,PLCH2,SYN3,ANK1,RGMA"
"DEG_MVL_CRC29","944","ZBTB34","790.70000000000005","ARCHS4 Coexpression,390;Enrichr Queries,931;GTEx Coexpression,1051","ABCA1,TLE4,ARHGAP30,PLPPR3,CAVIN2,PXDN,ALOX12,REM2,CTSS,TMEM154"
"DEG_MVL_CRC29","945","ZBED9","791.00000000000000","ARCHS4 Coexpression,1342;GTEx Coexpression,240","HES7,SPINK2,KIF4B,ZMYND10,COX6B2,SMC1B"
"DEG_MVL_CRC29","946","ZNF112","791.00000000000000","ARCHS4 Coexpression,444;GTEx Coexpression,1138","TUBB2B,ARHGAP30,HECW2,RAC2,ZNF337"
"DEG_MVL_CRC29","947","ZNF16","792.29999999999995","ARCHS4 Coexpression,234;Enrichr Queries,678;GTEx Coexpression,1465","ZNF396,CFAP221,PLPPR3,PXDN,AMIGO2,CCDC30,CYP1B1,SLC52A1,PKD1L2,TFPI,OR7D2"
"DEG_MVL_CRC29","948","ARNT","792.60000000000002","Literature ChIP-seq,37;ARCHS4 Coexpression,1386;Enrichr Queries,1024;ReMap ChIP-seq,161;GTEx Coexpression,1355","PNMT,NRSN2,CDKN1B,AMIGO2,PRUNE2,IER5L,NOXO1,LIN7B,DCST2,SOX2,EFEMP2,NUAK2,DEPTOR,ABLIM3,CYP1B1,FILIP1L,HES7,SLC34A3,ABCA1,TLE4,SPNS2,RARRES1,SSC5D,TSPEAR,DHRS2,NAALADL2,ARHGAP24,IQCN,HECW2,PXDN,TFF1,CARD14"
"DEG_MVL_CRC29","949","ZNF710","793.00000000000000","ARCHS4 Coexpression,992;Enrichr Queries,1240;GTEx Coexpression,147","DHRS12,PDIA2,ARHGAP30,AMY2B,PLPPR3,RAB24,PXDN,POU5F1,CTSS"
"DEG_MVL_CRC29","950","ZSCAN23","793.29999999999995","ARCHS4 Coexpression,891;Enrichr Queries,588;GTEx Coexpression,901","ABCA1,EFEMP2,TUBB2B,PLPPR3,COL5A2,PXDN,PRUNE2,ERV3-1,IFIT1,RGMA"
"DEG_MVL_CRC29","951","BORCS8MEF2B","795.00000000000000","ARCHS4 Coexpression,795","ARHGAP30,RAC2,EMP3"
"DEG_MVL_CRC29","952","ZNF775","795.29999999999995","ARCHS4 Coexpression,911;Enrichr Queries,531;GTEx Coexpression,944","ABCA1,ARHGAP33,TUBB2B,ARHGAP30,ZGLP1,PLPPR3,PXDN,IER5L,RAC2,VAMP1"
"DEG_MVL_CRC29","953","ZNF318","796.00000000000000","ARCHS4 Coexpression,1248;Enrichr Queries,1127;ReMap ChIP-seq,241;GTEx Coexpression,568","ABCA1,IFITM10,NRSN2,SLC35A4,CDKN1B,RPL36A,EMP3,FBXO43,WDR54,TMEM154,SMC1B,IQCN,ARHGAP30,PXDN,ZNF878,RAC2,S100A5,PLIN2"
"DEG_MVL_CRC29","954","ZNF843","797.70000000000005","ARCHS4 Coexpression,454;Enrichr Queries,416;GTEx Coexpression,1523","ZNF396,NRSN2,PLPPR3,PXDN,CYP1B1,S100A5,SLC52A1,PKD1L2,IFIT1,CFAP65,OR7D2"
"DEG_MVL_CRC29","955","HMGN3","798.00000000000000","ARCHS4 Coexpression,1477;ENCODE ChIP-seq,97;ReMap ChIP-seq,46;GTEx Coexpression,1572","NRSN2,PLPPR3,IER5L,NOXO1,GPT,LIN7B,DNALI1,DCST2,CALB2,EFEMP2,CARNS1,RAC2,MROH6,PCK1,CCDC183,SLC34A3,STPG3,PRRT2,LMNTD2,ANO9,SSC5D,VASN,TUBB2B,ZGLP1,PLCH2,ANKRD63,ZMYND10,IL17C,CCDC194,JCAD,COX20"
"DEG_MVL_CRC29","956","CLOCK","798.39999999999998","Literature ChIP-seq,29;ARCHS4 Coexpression,1168;Enrichr Queries,1130;ReMap ChIP-seq,79;GTEx Coexpression,1586","NRSN2,CDKN1B,COL13A1,GPR68,PLPPR3,IER5L,NTN5,PLAT,NUAK2,DEPTOR,TMEM204,CCDC30,RAC2,PCK1,HOXA4,HES7,SLC34A3,ABCA1,TLE4,STPG3,TRAPPC5,CHFR,SH3RF3,ADAM19,GPR162,SBK3,PXDN,VAMP1,S100A5,ZMYND12"
"DEG_MVL_CRC29","957","RREB1","799.29999999999995","ARCHS4 Coexpression,1022;Enrichr Queries,590;GTEx Coexpression,786","ABCA1,TLE4,NRSN2,SLC35A4,TUBB2B,BCL11B,PLPPR3,KYNU,PXDN,CARD14,ANK1"
"DEG_MVL_CRC29","958","HSF4","799.70000000000005","ARCHS4 Coexpression,1149;Enrichr Queries,760;GTEx Coexpression,490","ABCA1,PRRT2,COL16A1,ZGLP1,PLPPR3,PXDN,NTN5,PLCH2,ANK1"
"DEG_MVL_CRC29","959","ZNF470","800.00000000000000","ARCHS4 Coexpression,273;Enrichr Queries,557;GTEx Coexpression,1570","ABCA1,CFAP221,PLPPR3,GNG4,PXDN,CCDC30,FBXO15,PKD1L2,IFIT1,TFPI,OR7D2"
"DEG_MVL_CRC29","960","SP9","800.00000000000000","ARCHS4 Coexpression,384;GTEx Coexpression,1216","TUBB2B,BCL11B,PLPPR3,ERV3-1,NNAT"
"DEG_MVL_CRC29","961","ZNF524","801.70000000000005","ARCHS4 Coexpression,668;Enrichr Queries,807;GTEx Coexpression,930","DHRS12,ARHGAP30,RAB24,PXDN,TRAPPC5,IER5L,RAC2,EMP3"
"DEG_MVL_CRC29","962","ZNF14","801.70000000000005","ARCHS4 Coexpression,914;Enrichr Queries,649;GTEx Coexpression,842","ABCA1,PLPPR3,PXDN,EFHC1,CYP1B1,ZNF337,IFIT1,OR7D2,ZNF564"
"DEG_MVL_CRC29","963","BHLHE41","802.50000000000000","ARCHS4 Coexpression,386;GTEx Coexpression,1219","LPAR5,CARNS1,TNNI2,ATP2A1,ARHGAP24"
"DEG_MVL_CRC29","964","POU6F1","803.29999999999995","ARCHS4 Coexpression,650;Enrichr Queries,747;GTEx Coexpression,1013","ABCA1,GPR162,PRRT2,PLPPR3,PXDN,CARNS1,NPTXR,ANK1,PLXDC1"
"DEG_MVL_CRC29","965","SEBOX","804.50000000000000","ARCHS4 Coexpression,671;Enrichr Queries,938","MYH7B,STPG3,PLPPR3,SERPINF2,PXDN,NNAT,LMNTD2"
"DEG_MVL_CRC29","966","ZNF384","808.60000000000002","ARCHS4 Coexpression,1558;ENCODE ChIP-seq,81;Enrichr Queries,1252;ReMap ChIP-seq,196;GTEx Coexpression,956","PNMT,NRSN2,CDKN1B,PLPPR3,GPR68,ADCY4,IER5L,DNALI1,SOX2,TMEM223,ZMAT1,HES7,SLC34A3,TLE4,CHKB,PRRT2,BCL11B,LRRIQ1,TRAPPC5,FBXO15,CHFR,SMC1B,IQCN,ZGLP1,PXDN,PLIN2,LY6G5C"
"DEG_MVL_CRC29","967","TCFL5","808.70000000000005","ARCHS4 Coexpression,1626;Enrichr Queries,698;GTEx Coexpression,102","TLE4,ABCA1,SPINK2,KIF4B,PLPPR3,PXDN,COL5A2,FBXO15,CYP1B1,ZMYND10,ZMYND12"
"DEG_MVL_CRC29","968","ASCL4","808.70000000000005","ARCHS4 Coexpression,282;Enrichr Queries,654;GTEx Coexpression,1490","CFAP221,PLPPR3,PXDN,EFHC1,FBXO15,SLCO5A1,SH2D6,ANK1,OR7D2,RGMA"
"DEG_MVL_CRC29","969","SKOR1","809.00000000000000","ARCHS4 Coexpression,851;GTEx Coexpression,767","ARHGAP33,TUBB2B,PRRT2,COL13A1,PLPPR3,ZNF337"
"DEG_MVL_CRC29","970","FOXJ2","809.29999999999995","ARCHS4 Coexpression,1236;Enrichr Queries,616;ReMap ChIP-seq,278;GTEx Coexpression,1107","HES7,SLC34A3,ABCA1,TLE4,STPG3,CDKN1B,ANKRD24,PLPPR3,FOXJ1,COX6B2,ANK1,SOX2,SPSB2,IQCN,ARHGAP30,PXDN,EFHC1"
"DEG_MVL_CRC29","971","ZNF266","810.00000000000000","ARCHS4 Coexpression,430;Enrichr Queries,648;GTEx Coexpression,1352","ABCA1,TLE4,CHKB,PLPPR3,PXDN,CYP1B1,PKD1L2,SH2D6,OR7D2,CHFR"
"DEG_MVL_CRC29","972","ZNF37A","810.00000000000000","ARCHS4 Coexpression,97;Enrichr Queries,1261;GTEx Coexpression,1072","PDIA2,TTC34,KYNU,PXDN,CCDC30,EFHC1,FBXO15,ZNF337,PKD1L2,IFIT1,OR7D2"
"DEG_MVL_CRC29","973","FOXB2","810.70000000000005","ARCHS4 Coexpression,1257;Enrichr Queries,627;GTEx Coexpression,548","CALB2,SOX2,BCL11B,GNG4,PXDN,CYP1B1,SYT13,CFAP65,HOXA4"
"DEG_MVL_CRC29","974","ZBTB8A","811.00000000000000","ARCHS4 Coexpression,442;GTEx Coexpression,1180","TMEM204,SLC52A1,PKD1L2,OR7D2,NAALADL2"
"DEG_MVL_CRC29","975","ZNF692","812.00000000000000","ARCHS4 Coexpression,716;Enrichr Queries,1207;GTEx Coexpression,513","ARHGAP33,CHKB,ZGLP1,PLPPR3,PXDN,LMNTD2,ANO9,MROH6"
"DEG_MVL_CRC29","976","HMG20A","813.29999999999995","ARCHS4 Coexpression,1359;Enrichr Queries,717;GTEx Coexpression,364","ABCA1,TLE4,TUBB2B,TAS2R20,MAMSTR,PLPPR3,PXDN,SLCO5A1,NUDT6,ANK1"
"DEG_MVL_CRC29","977","ZNF646","814.00000000000000","ARCHS4 Coexpression,1037;Enrichr Queries,1318;GTEx Coexpression,87","TLE4,IQCN,SPINK2,STPG3,ARHGAP30,PXDN,ZMYND10,COX6B2"
"DEG_MVL_CRC29","978","ZNF75A","814.29999999999995","ARCHS4 Coexpression,1262;Enrichr Queries,857;GTEx Coexpression,324","HES7,ZMAT1,PAX8,ZGLP1,PLPPR3,PXDN,CYP1B1,ZNF337,IFIT1"
"DEG_MVL_CRC29","979","ZBTB7A","814.60000000000002","ARCHS4 Coexpression,1581;ENCODE ChIP-seq,22;Enrichr Queries,1065;ReMap ChIP-seq,1;GTEx Coexpression,1404","PNMT,DHRS12,CDKN1B,COL16A1,GPT,LRRC32,EFEMP2,IL12A,HES7,SLC34A3,PDIA2,STPG3,MAMSTR,SERPINF2,LMNTD2,ANO9,COX6B2,ANK1,ADAM19,IQCN,TUBB2B,PXDN,LIN37,PLPPR3,AMIGO2,IER5L,NOXO1,FBXO43,LIN7B,DCST2,CARNS1,RAB24,TNNI2,MROH6,CCDC183,PRRT2,CFAP73,KCNIP2,OSM,FOXJ1,A2ML1,SSC5D,SYT13,SYT8,VASN,SBK3,ZGLP1,SERHL2,IL17C,COX20"
"DEG_MVL_CRC29","980","STAT5B","814.79999999999995","ARCHS4 Coexpression,703;Enrichr Queries,956;ReMap ChIP-seq,216;GTEx Coexpression,1384","ABCA1,SLC35A4,PRRT2,CDKN1B,GPR68,PLPPR3,OSM,NOXO1,PKDREJ,CTSS,RCN3,IQCN,EFEMP2,ARHGAP30,CARNS1,PXDN,RAC2,VAMP1,ZMYND10,REM2"
"DEG_MVL_CRC29","981","E2F7","815.20000000000005","Literature ChIP-seq,161;ARCHS4 Coexpression,1195;Enrichr Queries,1319;ReMap ChIP-seq,92;GTEx Coexpression,1309","HES7,IFITM10,NRSN2,LAG3,STPG3,COL16A1,S100A2,COL13A1,KCNIP2,SSC5D,ATP2A1,RCN3,GPR162,IQCN,EFEMP2,NUAK2,PXDN,ZNF878,HOXA2,S100A5,CA9,HOXA4"
"DEG_MVL_CRC29","982","HIVEP3","815.70000000000005","ARCHS4 Coexpression,1387;Enrichr Queries,751;GTEx Coexpression,309","ABCA1,ADAM19,BCL11B,PLPPR3,PXDN,PLCH2,CARD14,ANK1,TMEM154"
"DEG_MVL_CRC29","983","ZNF697","815.70000000000005","ARCHS4 Coexpression,1433;Enrichr Queries,880;GTEx Coexpression,134","RCN3,ABCA1,PLPPR3,PXDN,CYP1B1,TFPI,NUDT6,ARHGAP24"
"DEG_MVL_CRC29","984","ZNF740","816.29999999999995","ARCHS4 Coexpression,963;Enrichr Queries,1224;ReMap ChIP-seq,205;GTEx Coexpression,873","PRRT2,CDKN1B,GPT,SSC5D,ATP2A1,LIN7B,DCST2,MYLK4,IQCN,EFEMP2,ARHGAP30,LPAR5,CARNS1,PXDN,NEK10,ZNF337,REM2,CCDC194"
"DEG_MVL_CRC29","985","ZNF679","816.29999999999995","ARCHS4 Coexpression,929;Enrichr Queries,322;GTEx Coexpression,1198","ABCA1,SPINK2,COL3A1,PLPPR3,KYNU,PXDN,ZNF878,CYP1B1,TMEM92,TMEM154"
"DEG_MVL_CRC29","986","MBD1","816.29999999999995","ARCHS4 Coexpression,1186;Enrichr Queries,900;GTEx Coexpression,363","ABCA1,SPINK2,STPG3,ARHGAP30,PLPPR3,PXDN,PLIN2,ZMYND10,COX6B2"
"DEG_MVL_CRC29","987","GSX2","816.29999999999995","ARCHS4 Coexpression,941;Enrichr Queries,631;GTEx Coexpression,877","SOX2,TUBB2B,PLPPR3,HOXA2,KCNN3,ANK1,RGMA"
"DEG_MVL_CRC29","988","ATMIN","817.70000000000005","ARCHS4 Coexpression,1224;Enrichr Queries,1053;GTEx Coexpression,176","TLE4,CFAP221,CDKN1B,PLPPR3,PXDN,FBXO15,TSNAXIP1,EMP3,ZMYND12"
"DEG_MVL_CRC29","989","TGIF2","818.50000000000000","ARCHS4 Coexpression,1312;Enrichr Queries,984;ReMap ChIP-seq,181;GTEx Coexpression,797","PNMT,SLC34A3,ABCA1,LAG3,NRSN2,STPG3,PRRT2,CDKN1B,PLPPR3,SERPINF2,NOXO1,GPT,LIN7B,EFEMP2,TMEM223,THPO,ABLIM3,PXDN,ZNF878,TSNAXIP1,LY6G5C"
"DEG_MVL_CRC29","990","ZNF594","818.70000000000005","ARCHS4 Coexpression,621;Enrichr Queries,796;GTEx Coexpression,1039","ABCA1,ZMAT1,PLPPR3,PXDN,CCDC30,ZNF337,PKD1L2,IFIT1,OR7D2"
"DEG_MVL_CRC29","991","ZNF699","818.70000000000005","ARCHS4 Coexpression,571;Enrichr Queries,683;GTEx Coexpression,1202","ABCA1,TLE4,COL5A2,PXDN,AMIGO2,CYP1B1,SLC52A1,PKD1L2,SH2D6,OR7D2"
"DEG_MVL_CRC29","992","ZNF701","820.00000000000000","ARCHS4 Coexpression,625;Enrichr Queries,929;GTEx Coexpression,906","ABCA1,ZNF396,PLPPR3,PXDN,SMN2,CYP1B1,PKD1L2,OR7D2,ZNF564"
"DEG_MVL_CRC29","993","NKX31","820.50000000000000","ARCHS4 Coexpression,767;GTEx Coexpression,874","PRUNE2,TGM4,CCDC183,NAALADL2"
"DEG_MVL_CRC29","994","NFE2L3","820.70000000000005","ARCHS4 Coexpression,1038;Enrichr Queries,149;GTEx Coexpression,1275","ABCA1,ADAM19,COL13A1,PLPPR3,PXDN,EPSTI1,ANO9,CYP1B1,PLAT,IFIT1,CTSS,POU5F1"
"DEG_MVL_CRC29","995","PEG3","822.00000000000000","ARCHS4 Coexpression,678;GTEx Coexpression,966","NRSN2,GNG4,SERPINF2,NPTXR,DHRS2"
"DEG_MVL_CRC29","996","NFYC","823.00000000000000","ARCHS4 Coexpression,761;Enrichr Queries,1245;GTEx Coexpression,463","ARHGAP30,PLPPR3,PXDN,RAB24,RAC2,REM2,ZNF564"
"DEG_MVL_CRC29","997","MLX","824.29999999999995","ARCHS4 Coexpression,804;Enrichr Queries,1090;GTEx Coexpression,579","ARHGAP33,TMEM223,SLC35A4,CDKN1B,PRRT2,PXDN,RAC2,PLIN2,EMP3"
"DEG_MVL_CRC29","998","HOXD1","825.29999999999995","ARCHS4 Coexpression,1083;Enrichr Queries,105;GTEx Coexpression,1288","SOX2,COL3A1,THPO,PLPPR3,CAVIN2,CARNS1,PXDN,COL5A2,CYP1B1,HOXA2,HOXA4,SMC1B"
"DEG_MVL_CRC29","999","ZNF529","825.29999999999995","ARCHS4 Coexpression,283;Enrichr Queries,952;GTEx Coexpression,1241","ABCA1,PRRT2,PLPPR3,DZANK1,PXDN,CCDC30,CYP1B1,FBXO15,PKD1L2,OR7D2"
"DEG_MVL_CRC29","1000","ZSCAN5A","826.29999999999995","ARCHS4 Coexpression,495;Enrichr Queries,695;GTEx Coexpression,1289","TLE4,ZNF396,STPG3,DEPTOR,BCL11B,PLPPR3,PXDN,CCDC30,PKD1L2,OR7D2"
"DEG_MVL_CRC29","1001","ETV3","827.00000000000000","ARCHS4 Coexpression,567;Enrichr Queries,1126;GTEx Coexpression,788","ABCA1,PLPPR3,KYNU,PXDN,EPSTI1,CYP1B1,CARD14,SYT8,CTSS,TMEM154"
"DEG_MVL_CRC29","1002","ELK4","830.60000000000002","ARCHS4 Coexpression,1201;ENCODE ChIP-seq,96;Enrichr Queries,1223;ReMap ChIP-seq,225;GTEx Coexpression,1408","DHRS12,NRSN2,CDKN1B,LIN37,AMIGO2,RPL36A,NOXO1,GPT,TFPI,EFEMP2,TMEM223,RAB24,HES7,SLC34A3,ABCA1,BATF2,STPG3,SLC35A4,LPAR5,PXDN,S100A5,VAMP1,ZNF337,ZMYND10,LY6G5C"
"DEG_MVL_CRC29","1003","ATF2","830.79999999999995","ARCHS4 Coexpression,1198;ENCODE ChIP-seq,114;Enrichr Queries,1266;ReMap ChIP-seq,235;GTEx Coexpression,1341","HES7,DHRS12,SLC35A4,CDKN1B,PLPPR3,RPL36A,NOXO1,GPT,NUDT6,POU5F1,SMC1B,SOX2,IQCN,EFEMP2,TUBB2B,NUAK2,DZANK1,RAB24,PXDN,COX20"
"DEG_MVL_CRC29","1004","ZBTB25","831.29999999999995","ARCHS4 Coexpression,429;Enrichr Queries,721;GTEx Coexpression,1344","ABCA1,ZNF396,CDKN1B,TAS2R20,BCL11B,PLPPR3,PXDN,SLC52A1,PKD1L2,OR7D2"
"DEG_MVL_CRC29","1005","PLAG1","832.29999999999995","ARCHS4 Coexpression,707;Enrichr Queries,664;GTEx Coexpression,1126","ABCA1,HES7,ZMAT1,PRRT2,TAS2R20,PLPPR3,PXDN,CYP1B1,IFIT1,NAALADL2"
"DEG_MVL_CRC29","1006","ZNF461","832.29999999999995","ARCHS4 Coexpression,194;Enrichr Queries,1173;GTEx Coexpression,1130","ZNF396,CFAP221,PRRT2,DZANK1,PXDN,SLC52A1,ZNF337,PKD1L2,IFIT1,OR7D2"
"DEG_MVL_CRC29","1007","NR1D1","833.00000000000000","ARCHS4 Coexpression,887;Enrichr Queries,521;GTEx Coexpression,1091","ABCA1,PDIA2,COL3A1,PLPPR3,AMY2B,PXDN,PLIN2,CARD14,SYT8,ANK1"
"DEG_MVL_CRC29","1008","ZNF169","833.29999999999995","ARCHS4 Coexpression,413;Enrichr Queries,1003;GTEx Coexpression,1084","ZNF396,FAM167A,CFAP221,PLPPR3,PXDN,VAMP1,SLC52A1,ZNF337,PKD1L2,OR7D2"
"DEG_MVL_CRC29","1009","DACH2","834.29999999999995","ARCHS4 Coexpression,765;Enrichr Queries,788;GTEx Coexpression,950","NRSN2,TUBB2B,PLPPR3,GNG4,PXDN,PRUNE2,SYT13,ANK1"
"DEG_MVL_CRC29","1010","ZBTB43","834.70000000000005","ARCHS4 Coexpression,631;Enrichr Queries,1050;GTEx Coexpression,823","ABCA1,CFAP221,PLPPR3,PXDN,TNNI2,ATP2A1,PKD1L2,OR7D2"
"DEG_MVL_CRC29","1011","TERF1","835.29999999999995","ARCHS4 Coexpression,1283;Enrichr Queries,1160;ReMap ChIP-seq,257;GTEx Coexpression,641","SLC35A4,NRSN2,CDKN1B,LIN37,GPR68,TRAPPC5,ADCY4,PCDHB10,PLXDC1,POU5F1,ADAM19,RCN3,SOX2,ARHGAP30,PXDN,VAMP1"
"DEG_MVL_CRC29","1012","ALX1","835.29999999999995","ARCHS4 Coexpression,1259;Enrichr Queries,658;GTEx Coexpression,589","SOX2,COL3A1,PLPPR3,COL5A2,PXDN,RPL36A,CYP1B1,VASN,NAALADL2"
"DEG_MVL_CRC29","1013","MTF1","835.50000000000000","ARCHS4 Coexpression,367;GTEx Coexpression,1304","KYNU,RAC2,EPSTI1,OSM,CYP1B1,CTSS"
"DEG_MVL_CRC29","1014","ZNF844","839.50000000000000","ARCHS4 Coexpression,291;GTEx Coexpression,1388","ZNF396,CCDC30,SLC52A1,PKD1L2,OR7D2,ZNF564"
"DEG_MVL_CRC29","1015","IRX5","840.00000000000000","ARCHS4 Coexpression,1033;Enrichr Queries,410;GTEx Coexpression,1077","SOX2,BCL11B,PLPPR3,PXDN,IER5L,CYP1B1,CARD14,SYT8,ANK1,RGMA"
"DEG_MVL_CRC29","1016","HSFX2","841.00000000000000","ARCHS4 Coexpression,841","MYH7B,STPG3,LMNTD2"
"DEG_MVL_CRC29","1017","PIN1","841.00000000000000","ARCHS4 Coexpression,997;GTEx Coexpression,685","NRSN2,PRRT2,ANKRD24,TRAPPC5,SYN3"
"DEG_MVL_CRC29","1018","ZKSCAN4","841.29999999999995","ARCHS4 Coexpression,748;Enrichr Queries,549;GTEx Coexpression,1227","ABCA1,SPINK2,CDKN1B,ARHGAP30,PLPPR3,PXDN,RAC2,FBXO43,IFIT1,ANK1"
"DEG_MVL_CRC29","1019","POU2AF1","843.00000000000000","ARCHS4 Coexpression,309;GTEx Coexpression,1377","MYH7B,STPG3,TTC34,KYNU,LMNTD2,ZNF878"
"DEG_MVL_CRC29","1020","ZNF764","843.00000000000000","ARCHS4 Coexpression,196;Enrichr Queries,1314;GTEx Coexpression,1019","TMEM223,DZANK1,PXDN,TRAPPC5,SLCO5A1,PKD1L2,OR7D2,ZNF564,CHFR"
"DEG_MVL_CRC29","1021","KLF10","843.70000000000005","ARCHS4 Coexpression,1163;Enrichr Queries,912;GTEx Coexpression,456","ARHGAP33,ABCA1,NRSN2,SPINK2,PXDN,TNNI1,TNNI2,CYP1B1,PLIN2"
"DEG_MVL_CRC29","1022","ZZZ3","844.79999999999995","ARCHS4 Coexpression,1622;ENCODE ChIP-seq,69;Enrichr Queries,1363;ReMap ChIP-seq,283;GTEx Coexpression,887","ARHGAP30,COL5A2,PXDN,VASN,SMC1B"
"DEG_MVL_CRC29","1023","ZNF648","845.70000000000005","ARCHS4 Coexpression,917;Enrichr Queries,957;GTEx Coexpression,663","COL16A1,TAS2R20,PLPPR3,DZANK1,SERPINF2,PXDN,GPT,FTCD,RGMA"
"DEG_MVL_CRC29","1024","ZNF578","846.29999999999995","ARCHS4 Coexpression,893;Enrichr Queries,1106;GTEx Coexpression,540","DCHS2,PXDN,COL5A2,PRUNE2,PKD1L2,OR7D2,VASN"
"DEG_MVL_CRC29","1025","ZBTB3","846.29999999999995","ARCHS4 Coexpression,374;Enrichr Queries,852;GTEx Coexpression,1313","ZNF396,ARHGAP30,PLPPR3,DZANK1,PXDN,CYP1B1,SLC52A1,PKD1L2,IFIT1,OR7D2"
"DEG_MVL_CRC29","1026","ZNF813","846.50000000000000","ARCHS4 Coexpression,255;GTEx Coexpression,1438","ZNF396,CCDC30,FBXO15,PKD1L2,OR7D2"
"DEG_MVL_CRC29","1027","GSC2","847.00000000000000","ARCHS4 Coexpression,1018;Enrichr Queries,630;GTEx Coexpression,893","SOX2,LAG3,STPG3,PLPPR3,HOXA2,COX6B2,ANK1,SMC1B,HOXA4"
"DEG_MVL_CRC29","1028","HOMEZ","847.29999999999995","ARCHS4 Coexpression,601;Enrichr Queries,1094;GTEx Coexpression,847","ABCA1,MYH7B,STPG3,PLPPR3,PXDN,LMNTD2,RPL36A,PKDREJ"
"DEG_MVL_CRC29","1029","KMT2B","848.00000000000000","ARCHS4 Coexpression,1525;ReMap ChIP-seq,171","PRRT2,LIN37,MAMSTR,NOXO1,GPT,ATP2A1,CHFR,TMEM154,FAM167B,EFEMP2,TMEM223,ARHGAP30,ZGLP1,TSNAXIP1,ZMYND10"
"DEG_MVL_CRC29","1030","PHF21A","848.00000000000000","ARCHS4 Coexpression,589;Enrichr Queries,948;GTEx Coexpression,1007","ABCA1,CDKN1B,ARHGAP30,PLPPR3,PXDN,RAC2,REM2,CTSS,TMEM154"
"DEG_MVL_CRC29","1031","ZBTB4","848.29999999999995","ARCHS4 Coexpression,1136;Enrichr Queries,708;GTEx Coexpression,701","ABCA1,CDKN1B,PLPPR3,PRUNE2,PXDN,NPTXR,PCDHB10,ANK1,COX20"
"DEG_MVL_CRC29","1032","ZNF18","849.29999999999995","ARCHS4 Coexpression,1177;Enrichr Queries,901;GTEx Coexpression,470","ABCA1,TLE4,ARHGAP30,PLPPR3,PXDN,RAC2,OR7D2,REM2,ARMH1"
"DEG_MVL_CRC29","1033","NR2F6","850.79999999999995","ARCHS4 Coexpression,1448;Enrichr Queries,1036;ReMap ChIP-seq,156;GTEx Coexpression,763","HES7,SLC34A3,STPG3,PLPPR3,SERPINF2,LMNTD2,FOXJ1,GPT,DHRS2,VASN,CTSS,IQCN,SBK3,ACTR3C,ARHGAP30,GNG4,PXDN,PLIN2,PCK1,SH2D6,ARMH1"
"DEG_MVL_CRC29","1034","ZNF445","851.29999999999995","ARCHS4 Coexpression,85;Enrichr Queries,1375;GTEx Coexpression,1094","PRRT2,KYNU,PXDN,CCDC30,EFHC1,FBXO15,ZNF337,PKD1L2,OR7D2,NAALADL2"
"DEG_MVL_CRC29","1035","BHLHA15","851.50000000000000","ARCHS4 Coexpression,985;GTEx Coexpression,718","DHRS12,HES7,PDIA2,AMY2B"
"DEG_MVL_CRC29","1036","NR6A1","852.29999999999995","ARCHS4 Coexpression,1486;Enrichr Queries,1009;GTEx Coexpression,62","SOX2,IQCN,SPINK2,STPG3,PLPPR3,PXDN,ZMYND10,COX6B2,SMC1B"
"DEG_MVL_CRC29","1037","ZNF33B","853.70000000000005","ARCHS4 Coexpression,1162;Enrichr Queries,378;GTEx Coexpression,1021","ABCA1,TLE4,PDIA2,CDKN1B,AMY2B,PLPPR3,PXDN,EFHC1,CYP1B1,IFIT1"
"DEG_MVL_CRC29","1038","HES3","854.29999999999995","ARCHS4 Coexpression,1000;Enrichr Queries,236;GTEx Coexpression,1327","SOX2,GPR162,PLPPR3,PXDN,HAS3,FOXJ1,ANK1,POU5F1,RGMA"
"DEG_MVL_CRC29","1039","RORB","854.29999999999995","ARCHS4 Coexpression,1330;Enrichr Queries,728;GTEx Coexpression,505","SOX2,ABCA1,NRSN2,PRRT2,ANKRD24,PLPPR3,PXDN,SYT13,ANK1"
"DEG_MVL_CRC29","1040","ZKSCAN2","856.00000000000000","ARCHS4 Coexpression,753;Enrichr Queries,623;GTEx Coexpression,1192","ABCA1,TLE4,TUBB2B,BCL11B,PLPPR3,PXDN,NEK10,RAC2,EMP3,ANK1"
"DEG_MVL_CRC29","1041","VEZF1","857.29999999999995","ARCHS4 Coexpression,865;Enrichr Queries,965;GTEx Coexpression,742","ABCA1,SOX2,TUBB2B,DEPTOR,CDKN1B,PLPPR3,PXDN,DNALI1,HOXA4,RGMA"
"DEG_MVL_CRC29","1042","ZNF436","857.70000000000005","ARCHS4 Coexpression,1093;Enrichr Queries,835;GTEx Coexpression,645","ABCA1,TUBB2B,COL3A1,PLPPR3,ERV3-1,PXDN,CYP1B1,A2ML1,CARD14"
"DEG_MVL_CRC29","1043","ZNF530","858.00000000000000","ARCHS4 Coexpression,130;Enrichr Queries,1308;GTEx Coexpression,1136","ZNF396,PXDN,SLC52A1,ZNF337,PKD1L2,COX6B2,FBXO43,ANK1,OR7D2"
"DEG_MVL_CRC29","1044","ETV6","859.00000000000000","ARCHS4 Coexpression,763;Enrichr Queries,955;ReMap ChIP-seq,245;GTEx Coexpression,1473","ABCA1,STPG3,PLPPR3,NOXO1,CTSS,TMEM154,ADAM19,IQCN,FAM167B,FAM167A,ARHGAP30,PXDN,RAC2,PLIN2,KCNN3,PCK1"
"DEG_MVL_CRC29","1045","SMAD4","859.00000000000000","Literature ChIP-seq,69;ARCHS4 Coexpression,1250;Enrichr Queries,1257;ReMap ChIP-seq,221;GTEx Coexpression,1498","NRSN2,CDKN1B,AMIGO2,LIN7B,TMEM92,NUAK2,GNG4,NNAT,EPSTI1,CYP1B1,HOXA2,KCNN3,SH2D6,FILIP1L,HES7,SLC34A3,SLC35A4,BCL11B,S100A2,KCNIP2,SYN3,MRPS6,WDR54,POU5F1,ARHGAP24,SPSB2,IQCN,INPP4B,FAM167A,HECW2,PXDN,COL5A2,SERHL2,LY6G5C,CCDC194"
"DEG_MVL_CRC29","1046","CCDC169SOHLH2","859.00000000000000","ARCHS4 Coexpression,859","MYH7B,STPG3,LMNTD2"
"DEG_MVL_CRC29","1047","ZNF560","860.00000000000000","ARCHS4 Coexpression,1228;Enrichr Queries,615;GTEx Coexpression,737","SOX2,SPINK2,COL3A1,SMOC1,PXDN,CYP1B1,FOXJ1,COX6B2,POU5F1,SMC1B"
"DEG_MVL_CRC29","1048","THAP1","860.39999999999998","ARCHS4 Coexpression,1470;ENCODE ChIP-seq,102;Enrichr Queries,1169;ReMap ChIP-seq,75;GTEx Coexpression,1486","CDKN1B,LIN37,PLPPR3,NOXO1,GPT,LIN7B,FTCD,EFEMP2,DEPTOR,CARNS1,MROH6,CCDC183,HES7,SLC34A3,BATF2,PDIA2,STPG3,SLC35A4,PRRT2,LMNTD2,FOXJ1,WDR54,CHFR,RCN3,IQCN,SPSB2,ZGLP1,PXDN,EFHC1,PLCH2,IL17C"
"DEG_MVL_CRC29","1049","ZNF773","860.70000000000005","ARCHS4 Coexpression,186;Enrichr Queries,951;GTEx Coexpression,1445","ABCA1,CFAP221,PLPPR3,PXDN,CCDC30,EFHC1,FBXO15,PKD1L2,IFIT1,OR7D2"
"DEG_MVL_CRC29","1050","MSX2","861.70000000000005","ARCHS4 Coexpression,1445;Enrichr Queries,571;GTEx Coexpression,569","SH3RF3,SOX2,ABCA1,PLPPR3,AMIGO2,PXDN,CYP1B1,ANK1,VASN"
"DEG_MVL_CRC29","1051","MTF2","863.70000000000005","Literature ChIP-seq,72;ARCHS4 Coexpression,1594;GTEx Coexpression,925","COL13A1,AMIGO2,SLCO5A1,SLC5A1,FBXO43,LRRC32,FTCD,THPO,ABLIM3,GNG4,HAS3,CYP1B1,HOXA2,CFAP65,HOXA4,HES7,PDIA2,BCL11B,PKDREJ,B3GALT5,ANK1,WDR54,ARHGAP24,RGMA,PCDHGA9,SH3RF3,PAX8,HECW2,PXDN,NPTXR"
"DEG_MVL_CRC29","1052","ZNF726","864.00000000000000","ARCHS4 Coexpression,246;GTEx Coexpression,1482","ZNF396,SLC52A1,PKD1L2,LY6G5C,OR7D2"
"DEG_MVL_CRC29","1053","NANOGP8","864.00000000000000","ARCHS4 Coexpression,1308;GTEx Coexpression,420","ARHGAP30,RUBCNL,RAC2,CTSS,POU5F1"
"DEG_MVL_CRC29","1054","ZKSCAN3","865.00000000000000","ARCHS4 Coexpression,142;Enrichr Queries,1131;GTEx Coexpression,1322","ABCA1,ZNF396,PLPPR3,PXDN,CCDC30,FBXO15,PKD1L2,OR7D2,ZNF564,NAALADL2"
"DEG_MVL_CRC29","1055","RHOXF1","865.00000000000000","ARCHS4 Coexpression,1081;Enrichr Queries,164;GTEx Coexpression,1350","PRRT2,FGFBP2,MAOB,THPO,PLPPR3,PXDN,NNAT,HAS3,SYT13,TFPI,IFIT1,LRRC32"
"DEG_MVL_CRC29","1056","ARID2","865.50000000000000","ARCHS4 Coexpression,1572;Enrichr Queries,1250;ReMap ChIP-seq,142;GTEx Coexpression,498","HES7,SLC34A3,TLE4,NRSN2,LAG3,STPG3,PRRT2,CDKN1B,LIN37,MAMSTR,NOXO1,PKDREJ,GPT,DHRS2,LIN7B,SMC1B,IQCN,SPSB2,EFEMP2,PXDN,SH2D6,HOXA4"
"DEG_MVL_CRC29","1057","ZNF836","867.00000000000000","ARCHS4 Coexpression,861;Enrichr Queries,881;GTEx Coexpression,859","ABCA1,ZNF396,IFITM10,PLPPR3,PXDN,PKD1L2,IFIT1,OR7D2,ZNF564"
"DEG_MVL_CRC29","1058","TIGD5","867.29999999999995","ARCHS4 Coexpression,270;Enrichr Queries,1084;GTEx Coexpression,1248","SLC34A3,SPSB2,TMEM223,PLPPR3,PXDN,IER5L,MROH6,CARD14"
"DEG_MVL_CRC29","1059","HIC2","867.70000000000005","ARCHS4 Coexpression,1349;Enrichr Queries,1210;GTEx Coexpression,44","TLE4,ABCA1,STPG3,PXDN,RPL36A,FBXO15,TSNAXIP1,ZMYND10,COX6B2,SMC1B"
"DEG_MVL_CRC29","1060","E4F1","868.00000000000000","Literature ChIP-seq,163;ARCHS4 Coexpression,1097;Enrichr Queries,1386;GTEx Coexpression,826","SPSB2,CHKB,PXDN,IER5L,PLCH2"
"DEG_MVL_CRC29","1061","ZNF219","869.29999999999995","ARCHS4 Coexpression,1254;Enrichr Queries,886;GTEx Coexpression,468","ABCA1,SOX2,PRUNE2,PXDN,HOXA2,SSC5D,EMP3,VASN,HOXA4"
"DEG_MVL_CRC29","1062","ZFP30","869.29999999999995","ARCHS4 Coexpression,983;Enrichr Queries,567;GTEx Coexpression,1058","ABCA1,PRRT2,CDKN1B,PLPPR3,PXDN,CYP1B1,ZNF337,PKD1L2,ANK1,OR7D2"
"DEG_MVL_CRC29","1063","POU3F4","869.70000000000005","ARCHS4 Coexpression,769;Enrichr Queries,908;GTEx Coexpression,932","SOX2,TUBB2B,PLPPR3,NNAT,ANKRD63,RGMA"
"DEG_MVL_CRC29","1064","SATB2","870.00000000000000","ARCHS4 Coexpression,1513;Enrichr Queries,327;GTEx Coexpression,770","ABCA1,MUC2,BCL11B,PLPPR3,HECW2,PXDN,COL5A2,B3GALT5,SH2D6,ANK1"
"DEG_MVL_CRC29","1065","BBX","870.00000000000000","ARCHS4 Coexpression,1098;Enrichr Queries,1006;GTEx Coexpression,506","TLE4,ABCA1,PLPPR3,PXDN,FBXO15,ZNF564,SMC1B"
"DEG_MVL_CRC29","1066","ZNF383","870.29999999999995","ARCHS4 Coexpression,470;Enrichr Queries,593;GTEx Coexpression,1548","ABCA1,PLPPR3,PXDN,CCDC30,CYP1B1,SLC52A1,PKD1L2,IFIT1,OR7D2,CTSS"
"DEG_MVL_CRC29","1067","ZNF300","870.70000000000005","ARCHS4 Coexpression,1208;Enrichr Queries,535;GTEx Coexpression,869","ABCA1,TUBB2B,COL16A1,PLPPR3,PXDN,AMIGO2,CYP1B1,IFIT1,LIN7B"
"DEG_MVL_CRC29","1068","FOXR1","870.70000000000005","ARCHS4 Coexpression,1221;Enrichr Queries,647;GTEx Coexpression,744","SPINK2,ARHGAP30,ZGLP1,REG4,RAB24,PLCH2,COX6B2,TMEM92,SMC1B"
"DEG_MVL_CRC29","1069","YBX3","873.00000000000000","ARCHS4 Coexpression,533;GTEx Coexpression,1213","TNNI1,TNNI2,ATP2A1,ANK1"
"DEG_MVL_CRC29","1070","ZNF827","874.00000000000000","ARCHS4 Coexpression,862;Enrichr Queries,518;GTEx Coexpression,1242","ABCA1,ADAM19,SOX2,INPP4B,BCL11B,PLPPR3,PXDN,ZNF337,EMP3,CTSS"
"DEG_MVL_CRC29","1071","ZSCAN16","874.29999999999995","ARCHS4 Coexpression,1152;Enrichr Queries,656;GTEx Coexpression,815","TUBB2B,ARHGAP30,PLPPR3,PXDN,RAC2,EPSTI1,CYP1B1,IFIT1,ZNF564"
"DEG_MVL_CRC29","1072","ZNF747","874.70000000000005","ARCHS4 Coexpression,93;Enrichr Queries,1295;GTEx Coexpression,1236","ZNF396,CFAP221,PXDN,TRAPPC5,MTCP1,SLC52A1,PKD1L2,OR7D2,CARD14"
"DEG_MVL_CRC29","1073","ZNF415","875.29999999999995","ARCHS4 Coexpression,1476;Enrichr Queries,165;GTEx Coexpression,985","ARHGAP33,NRSN2,COL3A1,PLPPR3,PXDN,PRUNE2,COL5A2,CYP1B1,PLAT,IFIT1,TFPI"
"DEG_MVL_CRC29","1074","EVX2","876.00000000000000","ARCHS4 Coexpression,670;Enrichr Queries,800;GTEx Coexpression,1158","SOX2,MYH7B,STPG3,PAX8,PLPPR3,LMNTD2,HOXA2"
"DEG_MVL_CRC29","1075","ZNF563","876.29999999999995","ARCHS4 Coexpression,1068;Enrichr Queries,393;GTEx Coexpression,1168","ABCA1,INPP4B,STPG3,ZMAT1,PLPPR3,PXDN,EPSTI1,CCDC30,IFIT1,ZMYND12"
"DEG_MVL_CRC29","1076","ZNF548","877.00000000000000","ARCHS4 Coexpression,945;Enrichr Queries,1062;GTEx Coexpression,624","ABCA1,CLEC2B,ZMAT1,CAVIN2,PXDN,ADCY4,SLC52A1,OR7D2"
"DEG_MVL_CRC29","1077","MBD2","878.50000000000000","ARCHS4 Coexpression,951;Enrichr Queries,1219;ReMap ChIP-seq,60;GTEx Coexpression,1284","NRSN2,LIN37,PLPPR3,NOXO1,GPT,LIN7B,CTSS,THPO,TMEM204,NNAT,SLC34A3,PDIA2,STPG3,CHKB,ANO9,SSC5D,ANK1,PCDHGA9,ARHGAP33,SBK3,ARHGAP30,ZGLP1,PXDN,ANKRD63,IL17C"
"DEG_MVL_CRC29","1078","TFDP3","879.29999999999995","ARCHS4 Coexpression,1303;Enrichr Queries,444;GTEx Coexpression,891","SOX2,ABCA1,FABP4,BCL11B,PLPPR3,KYNU,PXDN,COX6B2,SMC1B"
"DEG_MVL_CRC29","1079","HSFY2","880.00000000000000","ARCHS4 Coexpression,728;GTEx Coexpression,1032","GPR162,MYH7B,STPG3,PRRT2,LMNTD2"
"DEG_MVL_CRC29","1080","NR1H2","880.00000000000000","ARCHS4 Coexpression,663;Enrichr Queries,1253;ReMap ChIP-seq,44;GTEx Coexpression,1560","NRSN2,CDKN1B,LIN37,AMIGO2,NOXO1,GPT,TFPI,LIN7B,EFEMP2,ABLIM3,CARNS1,RAC2,CYP1B1,HOXA2,SH2D6,HOXA4,HES7,SLC34A3,STPG3,PRRT2,S100A2,ANO9,EMP3,ARHGAP30,PXDN,S100A5"
"DEG_MVL_CRC29","1081","ZNF417","880.00000000000000","ARCHS4 Coexpression,746;Enrichr Queries,1215;GTEx Coexpression,679","PLPPR3,PXDN,EBLN2,CCDC30,ZNF337,PKD1L2,OR7D2,ZNF564"
"DEG_MVL_CRC29","1082","LBX2","882.29999999999995","ARCHS4 Coexpression,805;Enrichr Queries,740;GTEx Coexpression,1102","SPSB2,PLPPR3,SERPINF2,PXDN,CYP1B1,HOXA2,ANK1,FTCD"
"DEG_MVL_CRC29","1083","ZNF766","882.79999999999995","ARCHS4 Coexpression,923;Enrichr Queries,1269;ReMap ChIP-seq,264;GTEx Coexpression,1075","IQCN,NRSN2,LPAR5,LIN37,GPR68,KIF4B,PLPPR3,PXDN,ALOX12,PKD1L2,FBXO43,OR7D2"
"DEG_MVL_CRC29","1084","NR5A1","883.29999999999995","ARCHS4 Coexpression,469;Enrichr Queries,997;GTEx Coexpression,1184","IFITM10,PLPPR3,PXDN,SERPINF2,ANK1,DHRS2,FTCD,CCDC183"
"DEG_MVL_CRC29","1085","XBP1","883.79999999999995","ARCHS4 Coexpression,1296;Enrichr Queries,1340;ReMap ChIP-seq,208;GTEx Coexpression,691","PDIA2,BATF2,ANKRD24,AMY2B,MAMSTR,TAS2R38,EMP3,PCDHGA9,RCN3,IQCN,FAM167B,SBK3,ACTR3C,TUBB2B,UPK1A,PXDN,TFF1,CCDC194"
"DEG_MVL_CRC29","1086","CEBPZ","884.00000000000000","ARCHS4 Coexpression,1297;ENCODE ChIP-seq,79;Enrichr Queries,1357;ReMap ChIP-seq,176;GTEx Coexpression,1511","SLC34A3,BATF2,STPG3,PRRT2,LIN37,LMNTD2,IER5L,NOXO1,COX6B2,POU5F1,ARHGAP33,GPR162,IQCN,TMEM223,UPK1A,DZANK1,PXDN,PCK1,ZNF564,ARMH1"
"DEG_MVL_CRC29","1087","MBD3","885.29999999999995","ARCHS4 Coexpression,1494;Enrichr Queries,1323;ReMap ChIP-seq,74;GTEx Coexpression,650","HES7,SLC34A3,PDIA2,NRSN2,STPG3,PRRT2,ANKRD24,S100A2,AMIGO2,IER5L,NOXO1,GPT,COX6B2,LIN7B,IQCN,EFEMP2,ZGLP1,CARNS1,PXDN,TFF1,SH2D6,IL17C,CCDC183"
"DEG_MVL_CRC29","1088","HOXA13","886.00000000000000","ARCHS4 Coexpression,1422;Enrichr Queries,314;GTEx Coexpression,922","SOX2,COL3A1,COL16A1,PLPPR3,PXDN,CYP1B1,HOXA2,SSC5D,HOXA4"
"DEG_MVL_CRC29","1089","DMTF1","886.00000000000000","ARCHS4 Coexpression,1392;Enrichr Queries,705;GTEx Coexpression,561","ABCA1,TMEM223,ZMAT1,CDKN1B,PLPPR3,PXDN,EFHC1,CYP1B1"
"DEG_MVL_CRC29","1090","ZNF184","886.70000000000005","ARCHS4 Coexpression,1220;Enrichr Queries,930;GTEx Coexpression,510","CDKN1B,ANKRD24,BCL11B,PLPPR3,PXDN,SYN3,FBXO43,ZNF564"
"DEG_MVL_CRC29","1091","ZNF675","887.00000000000000","ARCHS4 Coexpression,464;Enrichr Queries,1271;GTEx Coexpression,926","PXDN,CCDC30,CYP1B1,FBXO15,PKD1L2,CARD14,OR7D2,TMEM154"
"DEG_MVL_CRC29","1092","CENPS","887.50000000000000","ARCHS4 Coexpression,1390;GTEx Coexpression,385","SPINK2,STPG3,ZMYND10,ZMYND12"
"DEG_MVL_CRC29","1093","ZNF333","887.70000000000005","ARCHS4 Coexpression,493;Enrichr Queries,778;GTEx Coexpression,1392","ABCA1,TLE4,PLPPR3,PXDN,CCDC30,FBXO15,ZNF337,PKD1L2,EMP3,OR7D2"
"DEG_MVL_CRC29","1094","FOXP4","888.00000000000000","ARCHS4 Coexpression,1240;Enrichr Queries,898;GTEx Coexpression,526","ADAM19,PLPPR3,PXDN,TFF1,CA9,MROH6,ANK1,TMEM92"
"DEG_MVL_CRC29","1095","MESP1","888.00000000000000","ARCHS4 Coexpression,1241;Enrichr Queries,189;GTEx Coexpression,1234","CALB2,COL13A1,PLPPR3,PXDN,NNAT,CYP1B1,TFPI,LIN7B,RGMA,COX20"
"DEG_MVL_CRC29","1096","FIGLA","888.70000000000005","ARCHS4 Coexpression,1520;Enrichr Queries,806;GTEx Coexpression,340","DHRS12,SOX2,PDIA2,PAX8,AMY2B,PLPPR3,PXDN,ADCY4"
"DEG_MVL_CRC29","1097","ZNF573","889.00000000000000","ARCHS4 Coexpression,653;Enrichr Queries,488;GTEx Coexpression,1526","ABCA1,PLPPR3,DZANK1,PXDN,CYP1B1,PKD1L2,IFIT1,TFPI,OR7D2"
"DEG_MVL_CRC29","1098","ZKSCAN5","889.00000000000000","ARCHS4 Coexpression,439;Enrichr Queries,1002;GTEx Coexpression,1226","CDKN1B,PLPPR3,DZANK1,PXDN,CCDC30,PKD1L2,LY6G5C,OR7D2"
"DEG_MVL_CRC29","1099","KLF11","889.29999999999995","ARCHS4 Coexpression,1281;Enrichr Queries,367;GTEx Coexpression,1020","SOX2,ABCA1,NRSN2,CDKN1B,PLPPR3,PXDN,CYP1B1,PLIN2,ANK1,CTSS"
"DEG_MVL_CRC29","1100","ZBTB22","889.29999999999995","ARCHS4 Coexpression,1521;Enrichr Queries,735;GTEx Coexpression,412","ABCA1,SPSB2,TUBB2B,BCL11B,PLPPR3,PXDN,EMP3,CARD14,TMEM154"
"DEG_MVL_CRC29","1101","ZSCAN26","889.50000000000000","ARCHS4 Coexpression,976;GTEx Coexpression,803","TUBB2B,PRRT2,CHKB,ZNF337,COX20"
"DEG_MVL_CRC29","1102","ARHGAP35","890.00000000000000","ARCHS4 Coexpression,1496;GTEx Coexpression,284","CFAP221,FBXO15,TSNAXIP1,ZMYND12"
"DEG_MVL_CRC29","1103","FLYWCH1","890.50000000000000","ARCHS4 Coexpression,1159;GTEx Coexpression,622","PRRT2,NTN5,ZNF337,PLCH2"
"DEG_MVL_CRC29","1104","HMX2","892.29999999999995","ARCHS4 Coexpression,1091;Enrichr Queries,173;GTEx Coexpression,1413","SOX2,BCL11B,PLPPR3,PXDN,ZNF878,RPL36A,CYP1B1,HOXA2,ANK1,HOXA4"
"DEG_MVL_CRC29","1105","ZNF446","892.29999999999995","ARCHS4 Coexpression,1030;Enrichr Queries,1325;GTEx Coexpression,322","SPSB2,PRRT2,LIN37,PXDN,IER5L,NTN5,ZNF337"
"DEG_MVL_CRC29","1106","PRDM13","892.70000000000005","ARCHS4 Coexpression,773;Enrichr Queries,499;GTEx Coexpression,1406","SOX2,BCL11B,PLPPR3,PXDN,ZNF878,RPL36A,CFAP65,ANK1,RGMA"
"DEG_MVL_CRC29","1107","ZNF441","893.00000000000000","ARCHS4 Coexpression,808;Enrichr Queries,758;GTEx Coexpression,1113","ABCA1,INPP4B,PRRT2,PXDN,CCDC30,EFHC1,CYP1B1,FBXO15,ZNF337,IFIT1"
"DEG_MVL_CRC29","1108","MXD3","893.29999999999995","ARCHS4 Coexpression,847;Enrichr Queries,1397;GTEx Coexpression,436","TMEM223,ARHGAP30,RAB24,RAC2,RPL36A,REM2"
"DEG_MVL_CRC29","1109","OLIG3","893.29999999999995","ARCHS4 Coexpression,570;Enrichr Queries,979;GTEx Coexpression,1131","SOX2,PDIA2,TUBB2B,AMY2B,PLPPR3,NNAT,HOXA2,RGMA"
"DEG_MVL_CRC29","1110","ZNF414","894.00000000000000","ARCHS4 Coexpression,1265;Enrichr Queries,902;GTEx Coexpression,515","ARHGAP33,LIN37,PLPPR3,TRAPPC5,RAB24,PXDN,IER5L,NAALADL2"
"DEG_MVL_CRC29","1111","ZNF32","895.00000000000000","ARCHS4 Coexpression,1463;Enrichr Queries,340;GTEx Coexpression,882","ABCA1,PLPPR3,PXDN,COL5A2,MTCP1,CYP1B1,PLIN2,EMP3,CHFR"
"DEG_MVL_CRC29","1112","ZNF728","896.00000000000000","ARCHS4 Coexpression,1205;GTEx Coexpression,587","SPINK2,PKDREJ,SMC1B"
"DEG_MVL_CRC29","1113","ZNF674","896.29999999999995","ARCHS4 Coexpression,245;Enrichr Queries,978;GTEx Coexpression,1466","ABCA1,ZNF396,PLPPR3,CCDC30,CYP1B1,SLC52A1,PKD1L2,OR7D2"
"DEG_MVL_CRC29","1114","ZNF254","896.29999999999995","ARCHS4 Coexpression,877;Enrichr Queries,1180;GTEx Coexpression,632","TUBB2B,CHKB,ZMAT1,PAX8,PXDN,ERV3-1,CYP1B1"
"DEG_MVL_CRC29","1115","CEBPE","897.00000000000000","ARCHS4 Coexpression,1069;Enrichr Queries,964;GTEx Coexpression,658","ARHGAP30,PLPPR3,PXDN,RAC2,ANK1,ARMH1"
"DEG_MVL_CRC29","1116","ZNF587B","897.00000000000000","ARCHS4 Coexpression,1127;GTEx Coexpression,667","ADAM19,NRSN2,ARHGAP30,CHFR"
"DEG_MVL_CRC29","1117","ZNF816","897.50000000000000","ARCHS4 Coexpression,868;GTEx Coexpression,927","ZNF878,SLC52A1,ZNF337,OR7D2"
"DEG_MVL_CRC29","1118","NR2C2","900.00000000000000","ARCHS4 Coexpression,1411;ENCODE ChIP-seq,71;Enrichr Queries,1349;ReMap ChIP-seq,201;GTEx Coexpression,1468","PNMT,SLC34A3,BATF2,NRSN2,CHKB,LIN37,ANO9,NOXO1,NUDT6,ARHGAP33,ACTR3C,EFEMP2,TMEM223,ZGLP1,PXDN,LY6G5C"
"DEG_MVL_CRC29","1119","FAM170A","901.00000000000000","ARCHS4 Coexpression,978;Enrichr Queries,1202;GTEx Coexpression,523","SPINK2,KIF4B,PLPPR3,ZMYND10,PCK1,LY6G5C"
"DEG_MVL_CRC29","1120","ZC3H8","901.29999999999995","ARCHS4 Coexpression,699;Enrichr Queries,1312;ReMap ChIP-seq,224;GTEx Coexpression,1370","LAG3,COL16A1,S100A2,OSM,PKD1L2,LIN7B,PLXDC1,CALB2,ARHGAP30,PXDN,HAS3,CCDC30,S100A5,ZMYND10,OR7D2,HOXA4"
"DEG_MVL_CRC29","1121","ZNF3","901.29999999999995","ARCHS4 Coexpression,1085;Enrichr Queries,1041;GTEx Coexpression,578","ABCA1,NRSN2,PLPPR3,PXDN,RPL36A,SYN3,ZNF564,HOXA4"
"DEG_MVL_CRC29","1122","SP3","903.00000000000000","ARCHS4 Coexpression,926;Enrichr Queries,1198;GTEx Coexpression,585","NRSN2,CLEC2B,CDKN1B,PXDN,EBLN2,CTSS"
"DEG_MVL_CRC29","1123","ZBTB48","903.29999999999995","ARCHS4 Coexpression,814;Enrichr Queries,1292;GTEx Coexpression,604","ARHGAP30,PLPPR3,RAB24,PXDN,RAC2,CTSS,ARMH1"
"DEG_MVL_CRC29","1124","NCOA1","904.00000000000000","ARCHS4 Coexpression,994;Enrichr Queries,1109;ReMap ChIP-seq,270;GTEx Coexpression,1243","PNMT,ABCA1,STPG3,CDKN1B,CTSS,DCST2,TMEM154,SOX2,IQCN,ACTR3C,TMEM223,ZGLP1,PXDN,TFF1"
"DEG_MVL_CRC29","1125","ZMAT4","904.00000000000000","ARCHS4 Coexpression,1314;Enrichr Queries,669;GTEx Coexpression,729","SOX2,NRSN2,ANKRD24,BCL11B,PLPPR3,PXDN,SYT13,ANK1"
"DEG_MVL_CRC29","1126","GMEB1","905.00000000000000","ARCHS4 Coexpression,696;Enrichr Queries,1217;GTEx Coexpression,802","ARHGAP30,LIN37,PLPPR3,PXDN,RAC2,SLC52A1,PKD1L2,OR7D2"
"DEG_MVL_CRC29","1127","NKX28","909.50000000000000","ARCHS4 Coexpression,1071;GTEx Coexpression,748","TLE4,IER5L,FBXO15,MROH6,SMC1B"
"DEG_MVL_CRC29","1128","ANKZF1","909.70000000000005","ARCHS4 Coexpression,428;Enrichr Queries,1136;GTEx Coexpression,1165","ABCA1,CHKB,ARHGAP30,PLPPR3,PXDN,RAC2,ANO9,ZNF564"
"DEG_MVL_CRC29","1129","HSF2","910.00000000000000","ARCHS4 Coexpression,962;Enrichr Queries,903;GTEx Coexpression,865","ABCA1,TLE4,TUBB2B,PLPPR3,PXDN,TNNI2,ATP2A1,SMC1B"
"DEG_MVL_CRC29","1130","NKX22","910.00000000000000","ARCHS4 Coexpression,595;GTEx Coexpression,1225","FAM167A,GNG4,SMOC1,CARNS1,SYT13"
"DEG_MVL_CRC29","1131","SETDB2","911.00000000000000","ARCHS4 Coexpression,940;Enrichr Queries,622;GTEx Coexpression,1171","ABCA1,PLPPR3,PXDN,EPSTI1,PKD1L2,IFIT1,LIN7B,OR7D2,CTSS"
"DEG_MVL_CRC29","1132","ZBTB47","911.00000000000000","ARCHS4 Coexpression,456;Enrichr Queries,684;GTEx Coexpression,1593","ABCA1,MYH7B,COL16A1,PLPPR3,PXDN,CARNS1,CYP1B1,TNNI2,ATP2A1"
"DEG_MVL_CRC29","1133","ZNF91","911.29999999999995","ARCHS4 Coexpression,937;Enrichr Queries,668;GTEx Coexpression,1129","ABCA1,COL3A1,TUBB2B,PRRT2,PLPPR3,PXDN,FBXO15,EMP3,IFIT1"
"DEG_MVL_CRC29","1134","GZF1","912.00000000000000","ARCHS4 Coexpression,1300;Enrichr Queries,1111;GTEx Coexpression,325","ABCA1,CDKN1B,PLPPR3,PXDN,RUBCNL,OSM,RPL36A,ARMH1"
"DEG_MVL_CRC29","1135","ZNF264","913.29999999999995","ARCHS4 Coexpression,280;Enrichr Queries,932;GTEx Coexpression,1528","ABCA1,BCL11B,PLPPR3,PXDN,CCDC30,EFHC1,FBXO15,PKD1L2,OR7D2"
"DEG_MVL_CRC29","1136","TIGD2","914.29999999999995","ARCHS4 Coexpression,1518;Enrichr Queries,543;GTEx Coexpression,682","ABCA1,DEPTOR,THPO,PLPPR3,SERPINF2,PXDN,PLIN2,IFIT1,FTCD"
"DEG_MVL_CRC29","1137","ZNF778","914.29999999999995","ARCHS4 Coexpression,242;Enrichr Queries,1073;GTEx Coexpression,1428","ABCA1,PLPPR3,DZANK1,PXDN,EBLN2,PKD1L2,OR7D2,CARD14"
"DEG_MVL_CRC29","1138","ZNF580","914.70000000000005","ARCHS4 Coexpression,1184;Enrichr Queries,1021;GTEx Coexpression,539","CHKB,ZMAT1,PLPPR3,PXDN,IER5L,NTN5,EMP3"
"DEG_MVL_CRC29","1139","FOXO3","915.00000000000000","Literature ChIP-seq,133;ARCHS4 Coexpression,1305;Enrichr Queries,738;GTEx Coexpression,1484","ABCA1,ADAM19,CDKN1B,PLPPR3,CAVIN2,PXDN,AMIGO2,ANK1,MRPS6"
"DEG_MVL_CRC29","1140","ZFP82","915.00000000000000","ARCHS4 Coexpression,651;Enrichr Queries,671;GTEx Coexpression,1423","TLE4,PLPPR3,CAVIN2,PXDN,CCDC30,CYP1B1,ZNF337,PKD1L2,OR7D2"
"DEG_MVL_CRC29","1141","JRKL","917.00000000000000","ARCHS4 Coexpression,807;Enrichr Queries,784;GTEx Coexpression,1160","ABCA1,TLE4,MYH7B,STPG3,CDKN1B,PLPPR3,PXDN,LMNTD2,FBXO43"
"DEG_MVL_CRC29","1142","IKZF2","918.29999999999995","ARCHS4 Coexpression,1260;Enrichr Queries,166;GTEx Coexpression,1329","ABCA1,ADAM19,INPP4B,ARHGAP30,BCL11B,PLPPR3,PXDN,ZNF878,CYP1B1,IFIT1,ANK1"
"DEG_MVL_CRC29","1143","PRDM9","919.00000000000000","ARCHS4 Coexpression,1537;Enrichr Queries,609;GTEx Coexpression,611","ABCA1,TLE4,INPP4B,SPINK2,PLPPR3,PXDN,COX6B2,ANK1,SMC1B"
"DEG_MVL_CRC29","1144","ZSCAN5B","919.29999999999995","ARCHS4 Coexpression,950;Enrichr Queries,756;GTEx Coexpression,1052","SOX2,CALB2,PLPPR3,ZNF878,FBXO15,ANO9,TMEM92,SMC1B"
"DEG_MVL_CRC29","1145","NKX62","919.50000000000000","ARCHS4 Coexpression,652;GTEx Coexpression,1187","GPR162,PRRT2,CARNS1"
"DEG_MVL_CRC29","1146","PRDM10","921.70000000000005","ARCHS4 Coexpression,1522;Enrichr Queries,772;GTEx Coexpression,471","ABCA1,BCL11B,PLPPR3,AVIL,LSMEM1,PXDN,TNNI2,ANK1"
"DEG_MVL_CRC29","1147","ZNF490","922.00000000000000","ARCHS4 Coexpression,431;Enrichr Queries,1220;GTEx Coexpression,1115","ZNF396,ARHGAP30,PXDN,RAC2,SLC52A1,PKD1L2,OR7D2,ZNF564"
"DEG_MVL_CRC29","1148","ZNF48","922.70000000000005","ARCHS4 Coexpression,574;Enrichr Queries,1332;GTEx Coexpression,862","SOX2,GPR162,TUBB2B,PLPPR3,PRUNE2,PXDN,RPL36A"
"DEG_MVL_CRC29","1149","NFX1","922.70000000000005","ARCHS4 Coexpression,31;Enrichr Queries,1288;GTEx Coexpression,1449","TTC34,CFAP221,PLPPR3,KYNU,PXDN,CCDC30,EFHC1,FBXO15,A2ML1,PKD1L2,OR7D2"
"DEG_MVL_CRC29","1150","ZNF776","923.29999999999995","ARCHS4 Coexpression,324;Enrichr Queries,1324;GTEx Coexpression,1122","TTC34,AVIL,PXDN,CCDC30,EFHC1,FBXO15,ZNF337,MRPS6"
"DEG_MVL_CRC29","1151","ZNF25","923.29999999999995","ARCHS4 Coexpression,1051;Enrichr Queries,354;GTEx Coexpression,1365","ABCA1,COL3A1,TUBB2B,PRRT2,CAVIN2,PXDN,COL5A2,CYP1B1,PLAT,SYT13"
"DEG_MVL_CRC29","1152","ZNF789","924.70000000000005","ARCHS4 Coexpression,701;Enrichr Queries,869;GTEx Coexpression,1204","ABCA1,PLPPR3,PXDN,VAMP1,SLC52A1,PKD1L2,OR7D2,CCDC183"
"DEG_MVL_CRC29","1153","ZNF397","927.50000000000000","ARCHS4 Coexpression,1219;GTEx Coexpression,636","TAS2R20,EBLN2,PKD1L2,ZNF564"
"DEG_MVL_CRC29","1154","ZNF586","927.70000000000005","ARCHS4 Coexpression,889;Enrichr Queries,1098;GTEx Coexpression,796","ARHGAP30,CDKN1B,CLEC2B,PXDN,RUBCNL,RAC2,TMEM154"
"DEG_MVL_CRC29","1155","ZBTB39","928.00000000000000","ARCHS4 Coexpression,1405;Enrichr Queries,945;GTEx Coexpression,434","ABCA1,STPG3,PLPPR3,PXDN,PKDREJ,FBXO43,ANK1,SMC1B"
"DEG_MVL_CRC29","1156","ZNF335","929.50000000000000","ARCHS4 Coexpression,1182;Enrichr Queries,1382;ReMap ChIP-seq,297;GTEx Coexpression,857","CHKB,ARHGAP30,PXDN,CHFR"
"DEG_MVL_CRC29","1157","ZNF197","930.50000000000000","ARCHS4 Coexpression,886;Enrichr Queries,1150;ReMap ChIP-seq,187;GTEx Coexpression,1499","TLE4,NRSN2,PRRT2,PLPPR3,GPR68,MAMSTR,ANO9,NOXO1,EMP3,DCST2,GPR162,SPSB2,IQCN,TUBB2B,LPAR5,PXDN,TSNAXIP1,LY6G5C"
"DEG_MVL_CRC29","1158","YY2","930.70000000000005","ARCHS4 Coexpression,1106;Enrichr Queries,1037;GTEx Coexpression,649","ABCA1,PLPPR3,PXDN,COL5A2,VASN,SMC1B"
"DEG_MVL_CRC29","1159","ZNF501","931.00000000000000","ARCHS4 Coexpression,1132;Enrichr Queries,759;GTEx Coexpression,902","PLPPR3,COL5A2,PXDN,AMIGO2,CYP1B1,FBXO15,IFIT1,VASN"
"DEG_MVL_CRC29","1160","ZFX","931.20000000000005","Literature ChIP-seq,155;ARCHS4 Coexpression,1620;Enrichr Queries,1380;ReMap ChIP-seq,135;GTEx Coexpression,1366","TAS2R20,LIN37,PLPPR3,NOXO1,GPT,LIN7B,EFEMP2,TMEM223,CARNS1,RAB24,RAC2,SH2D6,SLC34A3,STPG3,PRRT2,S100A2,PKDREJ,EMP3,MRPS6,POU5F1,SMC1B,ADAM19,IQCN,PXDN,MTCP1,ZMYND10,ZMYND12"
"DEG_MVL_CRC29","1161","ZFAT","932.00000000000000","ARCHS4 Coexpression,778;Enrichr Queries,783;GTEx Coexpression,1235","TLE4,INPP4B,PLPPR3,KYNU,PXDN,ZNF878,FBXO15,ANK1,CHFR"
"DEG_MVL_CRC29","1162","ZNF525","932.00000000000000","ARCHS4 Coexpression,922;GTEx Coexpression,942","PKD1L2,FBXO43,OR7D2,CCDC183"
"DEG_MVL_CRC29","1163","ZNF536","932.70000000000005","ARCHS4 Coexpression,820;Enrichr Queries,732;GTEx Coexpression,1246","TUBB2B,PRRT2,BCL11B,PLPPR3,CARNS1,PXDN,PRUNE2,ANK1"
"DEG_MVL_CRC29","1164","ZNF672","932.70000000000005","ARCHS4 Coexpression,1062;Enrichr Queries,1218;GTEx Coexpression,518","SLC35A4,ARHGAP30,PLPPR3,PXDN,RAC2,TNNI2,SLCO5A1"
"DEG_MVL_CRC29","1165","SOX30","933.00000000000000","ARCHS4 Coexpression,586;Enrichr Queries,646;GTEx Coexpression,1567","MYH7B,STPG3,PAX8,PLPPR3,PXDN,LMNTD2,CYP1B1,ANK1,MDH1B"
"DEG_MVL_CRC29","1166","ZNF343","933.29999999999995","ARCHS4 Coexpression,584;Enrichr Queries,792;GTEx Coexpression,1424","ABCA1,ZNF396,TAS2R20,PLPPR3,PXDN,AMIGO2,TFF1,PKD1L2,TFPI,OR7D2"
"DEG_MVL_CRC29","1167","MECP2","933.70000000000005","ARCHS4 Coexpression,1608;Enrichr Queries,1095;GTEx Coexpression,98","ABCA1,SLC35A4,PRRT2,PLPPR3,PRUNE2,PXDN,ZNF337,PCDHB10,COX20"
"DEG_MVL_CRC29","1168","ZNF236","933.70000000000005","ARCHS4 Coexpression,1404;Enrichr Queries,1096;GTEx Coexpression,301","ARHGAP33,TLE4,DZANK1,PLPPR3,PXDN,FBXO43,SMC1B"
"DEG_MVL_CRC29","1169","FOXD4","934.70000000000005","ARCHS4 Coexpression,1332;Enrichr Queries,479;GTEx Coexpression,993","GPR162,PRRT2,PLPPR3,AVIL,PXDN,RPL36A,CYP1B1,HOXA2,IFIT1"
"DEG_MVL_CRC29","1170","DOT1L","935.00000000000000","ARCHS4 Coexpression,1426;Enrichr Queries,1279;GTEx Coexpression,100","SPINK2,STPG3,KIF4B,PLPPR3,PXDN,ZMYND10,COX6B2,SMC1B"
"DEG_MVL_CRC29","1171","ZNF595","935.00000000000000","ARCHS4 Coexpression,1215;Enrichr Queries,655","ABCA1,TLE4,PLPPR3,PXDN,CYP1B1,OR7D2"
"DEG_MVL_CRC29","1172","ST18","935.70000000000005","ARCHS4 Coexpression,1078;Enrichr Queries,424;GTEx Coexpression,1305","FAM167A,BCL11B,PLPPR3,GNG4,CARNS1,PXDN,PRUNE2,SYT13,ANK1"
"DEG_MVL_CRC29","1173","ZNF624","935.70000000000005","ARCHS4 Coexpression,644;Enrichr Queries,990;GTEx Coexpression,1173","ABCA1,CFAP221,PXDN,CYP1B1,PKD1L2,FBXO43,OR7D2"
"DEG_MVL_CRC29","1174","KLF14","936.00000000000000","ARCHS4 Coexpression,1013;Enrichr Queries,859","HES7,FAM167B,BCL11B,PLPPR3,CYP1B1,ANK1"
"DEG_MVL_CRC29","1175","ZNF540","936.29999999999995","ARCHS4 Coexpression,1362;Enrichr Queries,441;GTEx Coexpression,1006","ABCA1,GPR162,PRRT2,ZMAT1,BCL11B,PLPPR3,PXDN,CYP1B1,PKD1L2,SYT13"
"DEG_MVL_CRC29","1176","ZNF251","937.00000000000000","ARCHS4 Coexpression,979;Enrichr Queries,1192;GTEx Coexpression,640","PRRT2,ZMAT1,PLPPR3,PXDN,ZNF337,EMP3,CTSS"
"DEG_MVL_CRC29","1177","ZNF600","939.29999999999995","ARCHS4 Coexpression,812;Enrichr Queries,469;GTEx Coexpression,1537","ABCA1,CLEC2B,PLPPR3,PXDN,EPSTI1,CYP1B1,PKD1L2,IFIT1,OR7D2"
"DEG_MVL_CRC29","1178","SCMH1","940.00000000000000","ARCHS4 Coexpression,1029;GTEx Coexpression,851","MYH7B,STPG3,PRUNE2,FILIP1L"
"DEG_MVL_CRC29","1179","ZNF620","940.70000000000005","ARCHS4 Coexpression,702;Enrichr Queries,1103;GTEx Coexpression,1017","PXDN,EPSTI1,SLC52A1,ZNF337,PKD1L2,IFIT1,CARD14,OR7D2"
"DEG_MVL_CRC29","1180","ZBED3","941.29999999999995","ARCHS4 Coexpression,1111;Enrichr Queries,864;GTEx Coexpression,849","ABCA1,FABP4,PLPPR3,PXDN,CYP1B1,PKD1L2,EMP3"
"DEG_MVL_CRC29","1181","ZNF589","941.50000000000000","ARCHS4 Coexpression,1270;Enrichr Queries,851;ReMap ChIP-seq,265;GTEx Coexpression,1380","NRSN2,CHKB,PLPPR3,NOXO1,ALOX12,PKD1L2,POU5F1,SOX2,LPAR5,ABLIM3,PXDN,KCNN3,SH2D6"
"DEG_MVL_CRC29","1182","SOHLH2","942.70000000000005","ARCHS4 Coexpression,1492;Enrichr Queries,148;GTEx Coexpression,1188","SOX2,ABCA1,SPINK2,DEPTOR,PLPPR3,PXDN,CYP1B1,SYT13,TFPI,ANK1"
"DEG_MVL_CRC29","1183","MAFG","943.00000000000000","ARCHS4 Coexpression,1482;Enrichr Queries,1035;ReMap ChIP-seq,286;GTEx Coexpression,969","ABCA1,NRSN2,PLPPR3,LSMEM1,ALOX12,PKD1L2,LIN7B,ABLIM3,PXDN,TNNI2,SH2D6,COX20"
"DEG_MVL_CRC29","1184","FOXN2","943.29999999999995","ARCHS4 Coexpression,648;Enrichr Queries,1137;GTEx Coexpression,1045","ABCA1,CDKN1B,ARHGAP30,PLPPR3,PXDN,RAC2,CTSS,TMEM154"
"DEG_MVL_CRC29","1185","ZNF350","944.00000000000000","ARCHS4 Coexpression,1086;Enrichr Queries,661;GTEx Coexpression,1085","ABCA1,CLEC2B,PXDN,CYP1B1,PLIN2,PKD1L2,IFIT1,REM2,ZNF564"
"DEG_MVL_CRC29","1186","ZNF561","944.00000000000000","ARCHS4 Coexpression,1528;Enrichr Queries,999;GTEx Coexpression,305","ABCA1,PXDN,A2ML1,ZNF337,SYN3,CARD14,TMEM154"
"DEG_MVL_CRC29","1187","CEBPG","944.29999999999995","ARCHS4 Coexpression,1366;Enrichr Queries,824;ReMap ChIP-seq,220;GTEx Coexpression,1367","ABCA1,NRSN2,SLC35A4,CDKN1B,LIN37,CAVIN2,PLPPR3,AVIL,LSMEM1,AMIGO2,PKD1L2,NUAK2,ABLIM3,PXDN,EBLN2,TNNI2,PLIN2,COX20"
"DEG_MVL_CRC29","1188","NR1D2","944.70000000000005","ARCHS4 Coexpression,1360;Enrichr Queries,676;GTEx Coexpression,798","ABCA1,PRRT2,CDKN1B,PLPPR3,PXDN,ANK1,CHFR"
"DEG_MVL_CRC29","1189","ZNF626","945.00000000000000","ARCHS4 Coexpression,751;Enrichr Queries,493;GTEx Coexpression,1591","ABCA1,INPP4B,PLPPR3,DZANK1,PXDN,CYP1B1,PKD1L2,IFIT1,OR7D2"
"DEG_MVL_CRC29","1190","HMX1","947.00000000000000","ARCHS4 Coexpression,1549;Enrichr Queries,462;GTEx Coexpression,830","SOX2,TUBB2B,BCL11B,PLPPR3,PXDN,CYP1B1,ANK1"
"DEG_MVL_CRC29","1191","NFKB1","947.00000000000000","ARCHS4 Coexpression,1088;Enrichr Queries,1226;ReMap ChIP-seq,87;GTEx Coexpression,1387","NRSN2,LIN37,NOXO1,LRRC32,LIN7B,CTSS,EFEMP2,NUAK2,RAB24,EPSTI1,CYP1B1,KCNN3,CCDC183,HES7,SLC34A3,ABCA1,STPG3,PRRT2,EMP3,SPSB2,IQCN,PXDN,ZNF878,VAMP1,ZMYND10"
"DEG_MVL_CRC29","1192","ZNF703","947.00000000000000","ARCHS4 Coexpression,1378;Enrichr Queries,699;GTEx Coexpression,764","ABCA1,PLPPR3,PXDN,TNNI1,IER5L,TNNI2,CYP1B1,ATP2A1"
"DEG_MVL_CRC29","1193","PPARA","948.00000000000000","ARCHS4 Coexpression,1213;Enrichr Queries,697;GTEx Coexpression,934","ABCA1,PLPPR3,SERPINF2,PXDN,GPT,PCK1,ANK1,NAALADL2"
"DEG_MVL_CRC29","1194","LEUTX","948.29999999999995","ARCHS4 Coexpression,708;Enrichr Queries,870;GTEx Coexpression,1267","ABCA1,COL3A1,PXDN,ZNF878,ISM1,TMEM92,HOXA4"
"DEG_MVL_CRC29","1195","ZNF24","949.29999999999995","ARCHS4 Coexpression,1233;Enrichr Queries,1234;ReMap ChIP-seq,153;GTEx Coexpression,1177","PNMT,ZNF396,NRSN2,PRRT2,CDKN1B,ANKRD24,PLPPR3,CAVIN2,MPL,IER5L,ALOX12,EMP3,TMEM92,DCST2,ADAM19,IQCN,ACTR3C,CARNS1,PXDN"
"DEG_MVL_CRC29","1196","ZNF581","949.29999999999995","ARCHS4 Coexpression,1382;Enrichr Queries,804;GTEx Coexpression,662","ARHGAP30,RAB24,PXDN,RAC2,CYP1B1,EMP3,WDR54"
"DEG_MVL_CRC29","1197","BSX","950.00000000000000","ARCHS4 Coexpression,1373;Enrichr Queries,1138;GTEx Coexpression,339","CALB2,MAOB,GNG4,PLPPR3,PXDN,SYT13,TFPI"
"DEG_MVL_CRC29","1198","ZBTB9","951.29999999999995","ARCHS4 Coexpression,1550;Enrichr Queries,1177;GTEx Coexpression,127","DZANK1,PLPPR3,NNAT,PXDN,TSNAXIP1,WDR54,MDH1B"
"DEG_MVL_CRC29","1199","NCOA3","951.50000000000000","ARCHS4 Coexpression,1223;Enrichr Queries,996;ReMap ChIP-seq,291;GTEx Coexpression,1296","ABCA1,INPP4B,PLPPR3,REG4,PXDN,ZNF878,TFF1,B3GALT5,FILIP1L,FBXO43,CTSS"
"DEG_MVL_CRC29","1200","ZNF444","952.00000000000000","ARCHS4 Coexpression,427;Enrichr Queries,1309;GTEx Coexpression,1120","ARHGAP33,STPG3,CLEC2B,ZGLP1,PXDN,SERPINF2,LMNTD2"
"DEG_MVL_CRC29","1201","TLX1","952.29999999999995","ARCHS4 Coexpression,1041;Enrichr Queries,471;GTEx Coexpression,1345","SOX2,BATF2,BCL11B,THPO,PLPPR3,PXDN,HOXA2,IL12A,ANK1"
"DEG_MVL_CRC29","1202","E2F8","953.00000000000000","ARCHS4 Coexpression,1313;Enrichr Queries,1344;GTEx Coexpression,202","MAMSTR,PXDN,TNNI1,TNNI2,SLCO5A1,ATP2A1,ANK1"
"DEG_MVL_CRC29","1203","HMX3","953.29999999999995","ARCHS4 Coexpression,1276;Enrichr Queries,289;GTEx Coexpression,1295","SOX2,BCL11B,PLPPR3,PXDN,ZNF878,CYP1B1,HOXA2,ANK1"
"DEG_MVL_CRC29","1204","ZNF79","954.29999999999995","ARCHS4 Coexpression,730;Enrichr Queries,584;GTEx Coexpression,1549","ABCA1,TLE4,HES7,SPSB2,S100A2,PLPPR3,PXDN,IER5L,ZNF337"
"DEG_MVL_CRC29","1205","ZNF395","956.00000000000000","ARCHS4 Coexpression,928;Enrichr Queries,745;GTEx Coexpression,1195","ABCA1,PDIA2,PLPPR3,PXDN,RPL36A,CYP1B1,PLIN2,CA9"
"DEG_MVL_CRC29","1206","LIN28A","957.50000000000000","ARCHS4 Coexpression,986;GTEx Coexpression,929","SOX2,STPG3,COX6B2,POU5F1"
"DEG_MVL_CRC29","1207","GLYR1","957.70000000000005","ARCHS4 Coexpression,1497;ReMap ChIP-seq,293;GTEx Coexpression,1083","LSMEM1,PRUNE2,DNALI1,RGMA,COX20"
"DEG_MVL_CRC29","1208","BHLHE23","958.00000000000000","ARCHS4 Coexpression,554;GTEx Coexpression,1362","CALB2,TUBB2B,BCL11B,PLPPR3,ZNF878"
"DEG_MVL_CRC29","1209","ZNF676","958.00000000000000","ARCHS4 Coexpression,1145;Enrichr Queries,1209;GTEx Coexpression,520","EFEMP2,ZMAT1,PAX8,PXDN,PRUNE2,POU5F1"
"DEG_MVL_CRC29","1210","ZNF2","959.00000000000000","ARCHS4 Coexpression,982;Enrichr Queries,936","ABCA1,TLE4,PLPPR3,PXDN,PKD1L2,OR7D2"
"DEG_MVL_CRC29","1211","HESX1","959.29999999999995","ARCHS4 Coexpression,1368;Enrichr Queries,90;GTEx Coexpression,1420","SOX2,BATF2,TUBB2B,LAG3,PLPPR3,ZNF878,EPSTI1,CYP1B1,FBXO15,IFIT1,POU5F1"
"DEG_MVL_CRC29","1212","ZNF526","960.00000000000000","ARCHS4 Coexpression,244;Enrichr Queries,1122;GTEx Coexpression,1514","PLPPR3,PXDN,IER5L,SLC52A1,PKD1L2,SH2D6,OR7D2,CARD14"
"DEG_MVL_CRC29","1213","ETV5","961.29999999999995","ARCHS4 Coexpression,1024;Enrichr Queries,715;GTEx Coexpression,1145","ABCA1,ADAM19,NRSN2,ARHGAP30,PLPPR3,PXDN,RAC2,CYP1B1,SYT13"
"DEG_MVL_CRC29","1214","ZNF790","961.29999999999995","ARCHS4 Coexpression,611;Enrichr Queries,954;GTEx Coexpression,1319","ZNF396,ZMAT1,PLPPR3,DZANK1,PXDN,PKD1L2,IFIT1,NUDT6,OR7D2"
"DEG_MVL_CRC29","1215","ZSCAN22","961.70000000000005","ARCHS4 Coexpression,293;Enrichr Queries,1031;GTEx Coexpression,1561","ZNF396,PLPPR3,PXDN,CCDC30,SLC52A1,PKD1L2,ANK1,OR7D2"
"DEG_MVL_CRC29","1216","ZNF275","963.70000000000005","ARCHS4 Coexpression,1189;Enrichr Queries,830;GTEx Coexpression,872","ABCA1,IFITM10,COL3A1,CDKN1B,PLPPR3,PXDN"
"DEG_MVL_CRC29","1217","ZNF404","963.70000000000005","ARCHS4 Coexpression,1193;Enrichr Queries,195;GTEx Coexpression,1503","ABCA1,TUBB2B,ZMAT1,PLPPR3,PXDN,AMIGO2,PRUNE2,CYP1B1,IFIT1"
"DEG_MVL_CRC29","1218","ZNF592","964.29999999999995","ARCHS4 Coexpression,1274;Enrichr Queries,1364;ReMap ChIP-seq,282;GTEx Coexpression,937","EFEMP2,ARHGAP30,LSMEM1,PXDN,EFHC1,TNNI2"
"DEG_MVL_CRC29","1219","E2F2","964.70000000000005","ARCHS4 Coexpression,1322;Enrichr Queries,1362;GTEx Coexpression,210","ARHGAP30,PXDN,RAC2,MROH6,ANK1,CHFR,TMEM154"
"DEG_MVL_CRC29","1220","ZFP28","964.70000000000005","ARCHS4 Coexpression,1354;Enrichr Queries,423;GTEx Coexpression,1117","ARHGAP33,ABCA1,TUBB2B,PLPPR3,PXDN,CYP1B1,TFPI,PCDHB10,ANK1,ARHGAP24"
"DEG_MVL_CRC29","1221","ZNF527","965.00000000000000","ARCHS4 Coexpression,633;Enrichr Queries,1156;GTEx Coexpression,1106","ZNF396,PLPPR3,MTCP1,ZNF337,PKD1L2,KCNN3,OR7D2"
"DEG_MVL_CRC29","1222","SPZ1","965.50000000000000","ARCHS4 Coexpression,756;GTEx Coexpression,1175","MYH7B,STPG3,LMNTD2"
"DEG_MVL_CRC29","1223","ZNF418","965.70000000000005","ARCHS4 Coexpression,1110;Enrichr Queries,823;GTEx Coexpression,964","ABCA1,INPP4B,TUBB2B,PRRT2,PLPPR3,PXDN,ZNF337"
"DEG_MVL_CRC29","1224","ZNF791","966.00000000000000","ARCHS4 Coexpression,490;Enrichr Queries,1012;GTEx Coexpression,1396","ABCA1,ZNF396,CDKN1B,PXDN,EBLN2,SLC52A1,PKD1L2,OR7D2"
"DEG_MVL_CRC29","1225","ZNF227","967.00000000000000","ARCHS4 Coexpression,1582;Enrichr Queries,981;GTEx Coexpression,338","HES7,CDKN1B,TAS2R20,PLPPR3,PXDN,EFHC1,ZNF337"
"DEG_MVL_CRC29","1226","ZNF730","968.00000000000000","ARCHS4 Coexpression,896;GTEx Coexpression,1040","KIF4B,EFHC1,FBXO43,WDR54"
"DEG_MVL_CRC29","1227","ZNF669","969.00000000000000","ARCHS4 Coexpression,445;Enrichr Queries,1025;GTEx Coexpression,1437","CFAP221,PLPPR3,DZANK1,PXDN,PLIN2,PKD1L2,OR7D2"
"DEG_MVL_CRC29","1228","ZNF724","971.00000000000000","ARCHS4 Coexpression,582;GTEx Coexpression,1360","ZNF396,ZNF878,SLC52A1,PKD1L2,OR7D2"
"DEG_MVL_CRC29","1229","ATF4","971.50000000000000","ARCHS4 Coexpression,1391;Enrichr Queries,1400;ReMap ChIP-seq,175;GTEx Coexpression,920","NRSN2,CHKB,LIN37,SERPINF2,COX6B2,DCST2,ARHGAP33,TUBB2B,SMOC1,NNAT,NEK10,HOXA2,IL12A,TFF1,FILIP1L,SH2D6,HOXA4"
"DEG_MVL_CRC29","1230","ZNF222","972.00000000000000","ARCHS4 Coexpression,1589;Enrichr Queries,547;GTEx Coexpression,780","ABCA1,LIN37,PXDN,AMIGO2,RAC2,CYP1B1,LY6G5C,IFIT1,TFPI"
"DEG_MVL_CRC29","1231","FOXE3","972.00000000000000","ARCHS4 Coexpression,1325;Enrichr Queries,628;GTEx Coexpression,963","HES7,SOX2,PRRT2,BCL11B,PLPPR3,PXDN,RPL36A,ANK1"
"DEG_MVL_CRC29","1232","ZFP41","972.00000000000000","ARCHS4 Coexpression,1508;Enrichr Queries,973;GTEx Coexpression,435","ARHGAP33,NRSN2,ANKRD24,PLPPR3,PXDN,IER5L,SYT13,ANK1"
"DEG_MVL_CRC29","1233","ZNF829","972.29999999999995","ARCHS4 Coexpression,153;Enrichr Queries,1188;GTEx Coexpression,1576","ABCA1,ZNF396,CFAP221,PXDN,CCDC30,SLC52A1,PKD1L2,OR7D2"
"DEG_MVL_CRC29","1234","ZFY","972.70000000000005","ARCHS4 Coexpression,1326;Enrichr Queries,35;GTEx Coexpression,1557","ABCA1,TLE4,CLEC2B,PLPPR3,CAVIN2,PXDN,PRUNE2,EPSTI1,CYP1B1,PLAT,IFIT1"
"DEG_MVL_CRC29","1235","ZFP64","972.70000000000005","ARCHS4 Coexpression,434;Enrichr Queries,949;GTEx Coexpression,1535","TLE4,BCL11B,PLPPR3,PXDN,CCDC30,SLC52A1,PKD1L2,OR7D2"
"DEG_MVL_CRC29","1236","ZXDB","973.00000000000000","ARCHS4 Coexpression,1122;Enrichr Queries,909;GTEx Coexpression,888","ABCA1,CDKN1B,THPO,PLPPR3,SERPINF2,PXDN,CYP1B1"
"DEG_MVL_CRC29","1237","ZNF677","974.00000000000000","ARCHS4 Coexpression,734;Enrichr Queries,613;GTEx Coexpression,1575","PLPPR3,CAVIN2,DZANK1,PXDN,CYP1B1,PKD1L2,TFPI,OR7D2,RGMA"
"DEG_MVL_CRC29","1238","ZNF35","975.00000000000000","ARCHS4 Coexpression,1165;Enrichr Queries,271;GTEx Coexpression,1489","SOX2,ABCA1,TUBB2B,PLPPR3,PXDN,COL5A2,RAC2,CYP1B1,TFPI"
"DEG_MVL_CRC29","1239","ZNF165","976.00000000000000","ARCHS4 Coexpression,1380;Enrichr Queries,1211;ReMap ChIP-seq,132;GTEx Coexpression,1181","BATF2,IQCN,STPG3,TMEM223,PXDN,CYP1B1,SH2D6,IFIT1"
"DEG_MVL_CRC29","1240","SLC2A4RG","976.00000000000000","ARCHS4 Coexpression,1181;Enrichr Queries,1141;GTEx Coexpression,606","SERPINF2,PXDN,GPT,EMP3,MROH6,FTCD"
"DEG_MVL_CRC29","1241","ZNF668","977.29999999999995","ARCHS4 Coexpression,1413;Enrichr Queries,1230;GTEx Coexpression,289","LIN37,TRAPPC5,PXDN,RAC2,IER5L,EMP3"
"DEG_MVL_CRC29","1242","NME2","977.70000000000005","ARCHS4 Coexpression,1460;ReMap ChIP-seq,287;GTEx Coexpression,1186","HES7,GPR162,SBK3,RPL36A,CYP1B1,HOXA2,SH2D6,HOXA4"
"DEG_MVL_CRC29","1243","ZNF700","978.29999999999995","ARCHS4 Coexpression,885;Enrichr Queries,773;GTEx Coexpression,1277","ABCA1,TLE4,ZMAT1,PLPPR3,PXDN,ANO9,ZNF564,TMEM154"
"DEG_MVL_CRC29","1244","DLX3","978.29999999999995","ARCHS4 Coexpression,1381;Enrichr Queries,573;GTEx Coexpression,981","SOX2,COL13A1,BCL11B,PLPPR3,PXDN,CYP1B1,CARD14,SYT8"
"DEG_MVL_CRC29","1245","ZBTB17","978.70000000000005","ARCHS4 Coexpression,1370;Enrichr Queries,1291;GTEx Coexpression,275","CHKB,ARHGAP30,PLPPR3,RAB24,PXDN,CHFR,ARMH1"
"DEG_MVL_CRC29","1246","SKIL","978.70000000000005","ARCHS4 Coexpression,1596;Enrichr Queries,1067;GTEx Coexpression,273","ABCA1,TMEM204,PXDN,IER5L,CYP1B1,LRRC32,TFPI"
"DEG_MVL_CRC29","1247","ZNF212","979.29999999999995","ARCHS4 Coexpression,1348;Enrichr Queries,1393;GTEx Coexpression,197","NUAK2,LPAR5,PXDN,RAC2,MROH6,CARD14,TMEM154"
"DEG_MVL_CRC29","1248","CSRNP2","979.50000000000000","ARCHS4 Coexpression,1247;GTEx Coexpression,712","ARHGAP33,TUBB2B,FBXO15,TSNAXIP1"
"DEG_MVL_CRC29","1249","ZNF319","979.70000000000005","ARCHS4 Coexpression,675;Enrichr Queries,963;GTEx Coexpression,1301","ARHGAP30,PLPPR3,PXDN,IER5L,RAC2,ANK1,REM2,CTSS"
"DEG_MVL_CRC29","1250","ATF6B","980.50000000000000","ARCHS4 Coexpression,717;GTEx Coexpression,1244","CHKB,ARHGAP30,RAC2,CDHR4"
"DEG_MVL_CRC29","1251","ZNF213","980.70000000000005","ARCHS4 Coexpression,531;Enrichr Queries,1355;GTEx Coexpression,1056","TLE4,MYH7B,SPINK2,STPG3,PXDN,CARD14,CHFR"
"DEG_MVL_CRC29","1252","FOSB","980.70000000000005","ARCHS4 Coexpression,1234;Enrichr Queries,150;GTEx Coexpression,1558","ABCA1,IQCN,COL3A1,PLPPR3,PXDN,CYP1B1,PLAT,EMP3,IFIT1,CTSS"
"DEG_MVL_CRC29","1253","ZSCAN12","981.29999999999995","ARCHS4 Coexpression,649;Enrichr Queries,1101;GTEx Coexpression,1194","ABCA1,ZNF396,PLPPR3,PXDN,ZNF337,PKD1L2,OR7D2"
"DEG_MVL_CRC29","1254","MIXL1","983.00000000000000","ARCHS4 Coexpression,1089;Enrichr Queries,492;GTEx Coexpression,1368","SOX2,COL13A1,BCL11B,PLPPR3,PXDN,ZNF878,SLCO5A1,PKD1L2,OR7D2"
"DEG_MVL_CRC29","1255","CXXC5","983.50000000000000","ARCHS4 Coexpression,870;GTEx Coexpression,1097","GPR162,SPINK2,PRRT2"
"DEG_MVL_CRC29","1256","NACC2","983.50000000000000","ARCHS4 Coexpression,1147;GTEx Coexpression,820","SOX2,TUBB2B,CARNS1"
"DEG_MVL_CRC29","1257","CAMTA1","983.70000000000005","ARCHS4 Coexpression,904;Enrichr Queries,924;GTEx Coexpression,1123","GPR162,PRRT2,BCL11B,PLPPR3,CAVIN2,PXDN,SYT13,ANK1"
"DEG_MVL_CRC29","1258","ZNF688","986.29999999999995","ARCHS4 Coexpression,1364;Enrichr Queries,808;GTEx Coexpression,787","IQCN,STPG3,CDKN1B,PLPPR3,TRAPPC5,PXDN,RAB24,NAALADL2"
"DEG_MVL_CRC29","1259","ZNF782","988.70000000000005","ARCHS4 Coexpression,1174;Enrichr Queries,844;GTEx Coexpression,948","PDIA2,PLPPR3,PXDN,CYP1B1,FBXO15,ZNF337,IFIT1"
"DEG_MVL_CRC29","1260","ZXDC","989.29999999999995","ARCHS4 Coexpression,1096;Enrichr Queries,926;GTEx Coexpression,946","ABCA1,NRSN2,ARHGAP30,PLPPR3,PXDN,RAC2,ANK1,ZNF564"
"DEG_MVL_CRC29","1261","ZNF850","990.50000000000000","ARCHS4 Coexpression,664;GTEx Coexpression,1317","ZNF878,SLC52A1,PKD1L2,OR7D2"
"DEG_MVL_CRC29","1262","ZNF841","991.00000000000000","ARCHS4 Coexpression,669;Enrichr Queries,1030;GTEx Coexpression,1274","ABCA1,PLPPR3,PXDN,CCDC30,ZNF337,PKD1L2,OR7D2"
"DEG_MVL_CRC29","1263","TIGD6","992.00000000000000","ARCHS4 Coexpression,617;Enrichr Queries,779;GTEx Coexpression,1580","TLE4,ABLIM3,PLPPR3,PXDN,TFPI,LIN7B,CCDC183,COX20"
"DEG_MVL_CRC29","1264","LHX4","993.00000000000000","ARCHS4 Coexpression,1514;Enrichr Queries,385;GTEx Coexpression,1080","SOX2,ZNF396,BCL11B,PLPPR3,PXDN,CYP1B1,ANK1,REM2,RGMA"
"DEG_MVL_CRC29","1265","ZNF324","993.70000000000005","ARCHS4 Coexpression,939;Enrichr Queries,1282;GTEx Coexpression,760","SPSB2,LIN37,PLPPR3,PXDN,IER5L,PLCH2,TMEM154"
"DEG_MVL_CRC29","1266","ZNF891","994.00000000000000","ARCHS4 Coexpression,497;GTEx Coexpression,1491","CCDC30,FBXO15,PKD1L2,OR7D2"
"DEG_MVL_CRC29","1267","ZNF85","994.00000000000000","ARCHS4 Coexpression,895;Enrichr Queries,1133;GTEx Coexpression,954","STPG3,PXDN,CYP1B1,PKD1L2,FBXO43,IFIT1,OR7D2"
"DEG_MVL_CRC29","1268","CIC","994.29999999999995","ARCHS4 Coexpression,1609;Enrichr Queries,1285;GTEx Coexpression,89","ARHGAP33,IQCN,PRRT2,PLPPR3,PXDN,TSNAXIP1,CCDC183,SMC1B"
"DEG_MVL_CRC29","1269","ZNF574","995.00000000000000","ARCHS4 Coexpression,1434;Enrichr Queries,1313;GTEx Coexpression,238","SPINK2,PXDN,PKDREJ,ZMYND10,COX6B2,SMC1B"
"DEG_MVL_CRC29","1270","TBX22","996.29999999999995","ARCHS4 Coexpression,1261;Enrichr Queries,820;GTEx Coexpression,908","TPO,THPO,PLPPR3,SMOC1,COX6B2,ANK1,SMC1B"
"DEG_MVL_CRC29","1271","FOXK1","996.79999999999995","ARCHS4 Coexpression,1488;Enrichr Queries,1114;ReMap ChIP-seq,285;GTEx Coexpression,1100","HES7,LIN37,PLPPR3,PRUNE2,COX6B2,ANK1,SMC1B,ARHGAP33,PXDN,HOXA2,TSNAXIP1,HOXA4"
"DEG_MVL_CRC29","1272","ZNF92","998.50000000000000","ARCHS4 Coexpression,1187;Enrichr Queries,1331;ReMap ChIP-seq,133;GTEx Coexpression,1343","IFITM10,CFAP73,COL16A1,ANKRD24,SPNS2,OSM,IER5L,NOXO1,SSC5D,EMP3,SYT8,SPOCD1,IQCN,PXDN,ZNF878,RAC2,TNNI2,NPTXR,IL17C,HOXA4"
"DEG_MVL_CRC29","1273","PURG","998.50000000000000","ARCHS4 Coexpression,901;GTEx Coexpression,1096","SOX2,GPR162,TUBB2B,PRRT2"
"DEG_MVL_CRC29","1274","ZGPAT","999.29999999999995","ARCHS4 Coexpression,733;Enrichr Queries,1289;GTEx Coexpression,976","ARHGAP30,SERPINF2,PXDN,RAB24,RAC2,EMP3,FTCD"
"DEG_MVL_CRC29","1275","ZNF689","1001.00000000000000","ARCHS4 Coexpression,1427;Enrichr Queries,1246;GTEx Coexpression,330","SPINK2,CDKN1B,KIF4B,PXDN,PKDREJ,ZMYND10"
"DEG_MVL_CRC29","1276","ZNF322","1002.00000000000000","ARCHS4 Coexpression,433;GTEx Coexpression,1571","SOX2,TUBB2B,RAC2,EMP3"
"DEG_MVL_CRC29","1277","ZNF518A","1003.00000000000000","ARCHS4 Coexpression,1157;Enrichr Queries,1016;GTEx Coexpression,837","ABCA1,ZMAT1,PLPPR3,PXDN,EFHC1,EMP3"
"DEG_MVL_CRC29","1278","ZNF134","1004.00000000000000","ARCHS4 Coexpression,892;Enrichr Queries,674;GTEx Coexpression,1446","ABCA1,TUBB2B,PLPPR3,PXDN,CYP1B1,IFIT1,POU5F1"
"DEG_MVL_CRC29","1279","NOBOX","1006.00000000000000","ARCHS4 Coexpression,1317;Enrichr Queries,345;GTEx Coexpression,1357","SOX2,ABCA1,PLPPR3,CAVIN2,PXDN,FBXO15,POU5F1,SMC1B"
"DEG_MVL_CRC29","1280","ZBTB1","1007.00000000000000","ARCHS4 Coexpression,504;Enrichr Queries,1247;GTEx Coexpression,1269","ABCA1,TLE4,CDKN1B,ARHGAP30,CLEC2B,TAS2R20,PXDN"
"DEG_MVL_CRC29","1281","CGGBP1","1010.00000000000000","ARCHS4 Coexpression,864;GTEx Coexpression,1155","CDKN1B,CAVIN2,ALOX12,LIN7B"
"DEG_MVL_CRC29","1282","HSFY1","1010.00000000000000","ARCHS4 Coexpression,752;GTEx Coexpression,1268","PDIA2,MYH7B,STPG3,LMNTD2"
"DEG_MVL_CRC29","1283","ZFP90","1011.00000000000000","ARCHS4 Coexpression,1172;Enrichr Queries,919;GTEx Coexpression,941","ARHGAP33,ABCA1,SLC35A4,TUBB2B,CDKN1B,PLPPR3,PXDN"
"DEG_MVL_CRC29","1284","ZNF215","1011.00000000000000","ARCHS4 Coexpression,934;Enrichr Queries,595;GTEx Coexpression,1505","INPP4B,PLPPR3,PXDN,EPSTI1,CYP1B1,IFIT1,FBXO43,OR7D2"
"DEG_MVL_CRC29","1285","CAMTA2","1011.00000000000000","ARCHS4 Coexpression,883;Enrichr Queries,1128;GTEx Coexpression,1023","GPR162,PRRT2,PLPPR3,PXDN,NPTXR,ANK1"
"DEG_MVL_CRC29","1286","THAP3","1012.00000000000000","ARCHS4 Coexpression,1291;Enrichr Queries,1186;GTEx Coexpression,558","TMEM223,LIN37,PLPPR3,LSMEM1,PXDN,ZNF564"
"DEG_MVL_CRC29","1287","ZNF160","1012.00000000000000","ARCHS4 Coexpression,1399;Enrichr Queries,1005;GTEx Coexpression,631","ABCA1,CHKB,PLPPR3,PXDN,ADCY4,LIN7B"
"DEG_MVL_CRC29","1288","RHOXF2B","1012.00000000000000","ARCHS4 Coexpression,1341;Enrichr Queries,793;GTEx Coexpression,903","ABCA1,MAOB,PLPPR3,PXDN,FBXO15,DHRS2,NAALADL2,SMC1B"
"DEG_MVL_CRC29","1289","ZNF75D","1013.00000000000000","ARCHS4 Coexpression,947;Enrichr Queries,815;GTEx Coexpression,1278","ABCA1,CHKB,ARHGAP30,PXDN,CYP1B1,IFIT1,CTSS"
"DEG_MVL_CRC29","1290","ZNF696","1013.00000000000000","ARCHS4 Coexpression,396;Enrichr Queries,1129;GTEx Coexpression,1515","SOX2,TUBB2B,PLPPR3,PXDN,TRAPPC5,IER5L,RPL36A"
"DEG_MVL_CRC29","1291","ZNF100","1015.00000000000000","ARCHS4 Coexpression,639;Enrichr Queries,1145;GTEx Coexpression,1261","PXDN,PKD1L2,FBXO43,IFIT1,COX6B2,OR7D2"
"DEG_MVL_CRC29","1292","FOXI1","1015.00000000000000","ARCHS4 Coexpression,828;Enrichr Queries,828;GTEx Coexpression,1389","SLC34A3,SOX2,THPO,PLPPR3,PXDN,FOXJ1,MTCP1,IL12A"
"DEG_MVL_CRC29","1293","SHOX","1016.00000000000000","ARCHS4 Coexpression,942;Enrichr Queries,840;GTEx Coexpression,1266","INPP4B,THPO,PLPPR3,PXDN,CYP1B1,PKD1L2,NAALADL2"
"DEG_MVL_CRC29","1294","ZNF709","1016.00000000000000","ARCHS4 Coexpression,1506;Enrichr Queries,967;GTEx Coexpression,575","BCL11B,PLPPR3,PXDN,FBXO15,TSNAXIP1,ZMYND10,ZNF564"
"DEG_MVL_CRC29","1295","ZNF320","1016.00000000000000","ARCHS4 Coexpression,912;Enrichr Queries,906;GTEx Coexpression,1231","TLE4,PLPPR3,PXDN,ZNF337,PKD1L2,IFIT1,OR7D2"
"DEG_MVL_CRC29","1296","MTERF2","1018.00000000000000","ARCHS4 Coexpression,1493;GTEx Coexpression,542","ZMAT1,ZNF337,COX20"
"DEG_MVL_CRC29","1297","AHCTF1","1018.00000000000000","ARCHS4 Coexpression,1552;Enrichr Queries,1366;GTEx Coexpression,136","IQCN,SPINK2,KIF4B,PXDN,PKDREJ,SMC1B"
"DEG_MVL_CRC29","1298","GATAD2B","1018.00000000000000","ARCHS4 Coexpression,1292;Enrichr Queries,1392;GTEx Coexpression,371","CDKN1B,PXDN,RUBCNL,RAC2,OSM"
"DEG_MVL_CRC29","1299","ZNF28","1019.00000000000000","ARCHS4 Coexpression,635;Enrichr Queries,1260;GTEx Coexpression,1163","ZNF396,PXDN,EPSTI1,PKD1L2,LIN7B,OR7D2"
"DEG_MVL_CRC29","1300","FOXN3","1019.00000000000000","ARCHS4 Coexpression,788;Enrichr Queries,762;GTEx Coexpression,1508","ABCA1,TLE4,ARHGAP30,PLPPR3,PXDN,TNNI2,ATP2A1,ANK1"
"DEG_MVL_CRC29","1301","HSFX1","1020.00000000000000","ARCHS4 Coexpression,1043;GTEx Coexpression,997","MYH7B,STPG3,LMNTD2,ANK1"
"DEG_MVL_CRC29","1302","LCOR","1020.00000000000000","ARCHS4 Coexpression,898;Enrichr Queries,1244;GTEx Coexpression,918","ABCA1,MUC2,BCL11B,PXDN,SLCO5A1,B3GALT5"
"DEG_MVL_CRC29","1303","CXXC1","1021.00000000000000","ARCHS4 Coexpression,973;Enrichr Queries,1267;GTEx Coexpression,822","PDIA2,CHKB,ARHGAP30,PLPPR3,PXDN,RAC2"
"DEG_MVL_CRC29","1304","ZNF430","1022.00000000000000","ARCHS4 Coexpression,683;Enrichr Queries,1294;GTEx Coexpression,1088","PXDN,SLC52A1,PKD1L2,CARD14,OR7D2,TMEM154"
"DEG_MVL_CRC29","1305","ZBTB20","1022.00000000000000","ARCHS4 Coexpression,1227;Enrichr Queries,680;GTEx Coexpression,1159","ABCA1,STPG3,COL3A1,PLPPR3,PXDN,ANK1,NAALADL2"
"DEG_MVL_CRC29","1306","KIN","1022.00000000000000","ARCHS4 Coexpression,654;Enrichr Queries,1274;GTEx Coexpression,1139","PLPPR3,AVIL,PXDN,SLC52A1,PKD1L2,OR7D2,ZNF564"
"DEG_MVL_CRC29","1307","SNAPC2","1023.00000000000000","ARCHS4 Coexpression,1429;GTEx Coexpression,617","PRUNE2,SSC5D,EMP3"
"DEG_MVL_CRC29","1308","FOXD4L6","1024.00000000000000","ARCHS4 Coexpression,908;Enrichr Queries,1140","PAX8,NTN5,RGMA,SMC1B"
"DEG_MVL_CRC29","1309","NANOGNB","1025.00000000000000","ARCHS4 Coexpression,793;GTEx Coexpression,1256","SLC52A1,PKD1L2,OR7D2,SMC1B"
"DEG_MVL_CRC29","1310","ZXDA","1027.00000000000000","ARCHS4 Coexpression,725;Enrichr Queries,1040;GTEx Coexpression,1315","INPP4B,SPSB2,CDKN1B,TAS2R20,PLPPR3,PXDN,CYP1B1"
"DEG_MVL_CRC29","1311","HOXC13","1027.00000000000000","ARCHS4 Coexpression,1458;Enrichr Queries,326;GTEx Coexpression,1297","SOX2,PLPPR3,PXDN,COL5A2,CYP1B1,SYT13,CARD14,HOXA4"
"DEG_MVL_CRC29","1312","ZBTB38","1027.00000000000000","ARCHS4 Coexpression,1377;Enrichr Queries,866;GTEx Coexpression,838","ABCA1,PLPPR3,COL5A2,PXDN,ANK1,VASN"
"DEG_MVL_CRC29","1313","HMBOX1","1028.00000000000000","ARCHS4 Coexpression,1226;Enrichr Queries,1051;ReMap ChIP-seq,292;GTEx Coexpression,1544","ABCA1,CDKN1B,CAVIN2,PLPPR3,PXDN,EFHC1,SLC52A1,SH2D6"
"DEG_MVL_CRC29","1314","KCMF1","1030.00000000000000","ARCHS4 Coexpression,1027;Enrichr Queries,1243;GTEx Coexpression,821","PLPPR3,PXDN,TNNI2,ATP2A1"
"DEG_MVL_CRC29","1315","ZNF569","1031.00000000000000","ARCHS4 Coexpression,1121;Enrichr Queries,1004;GTEx Coexpression,967","ABCA1,TLE4,TUBB2B,PXDN,FBXO15,ZMYND12"
"DEG_MVL_CRC29","1316","TCF20","1032.00000000000000","ARCHS4 Coexpression,1452;Enrichr Queries,940;GTEx Coexpression,703","TLE4,LPAR5,BCL11B,PLPPR3,PXDN,CARD14,TMEM154"
"DEG_MVL_CRC29","1317","NFATC3","1033.00000000000000","ARCHS4 Coexpression,660;Enrichr Queries,920;GTEx Coexpression,1519","CDKN1B,ARHGAP30,PLPPR3,PXDN,RAC2,CHFR"
"DEG_MVL_CRC29","1318","ZNF564","1034.00000000000000","ARCHS4 Coexpression,830;Enrichr Queries,755;GTEx Coexpression,1518","ABCA1,CDKN1B,PLPPR3,PXDN,CCDC30,CYP1B1,SLC52A1,OR7D2"
"DEG_MVL_CRC29","1319","ZNF732","1035.00000000000000","ARCHS4 Coexpression,1353;GTEx Coexpression,716","PRRT2,COL13A1,ZNF337,POU5F1"
"DEG_MVL_CRC29","1320","ZNF268","1036.00000000000000","ARCHS4 Coexpression,508;Enrichr Queries,998;GTEx Coexpression,1601","INPP4B,PXDN,CCDC30,CYP1B1,PKD1L2,OR7D2,NAALADL2"
"DEG_MVL_CRC29","1321","GLI4","1036.00000000000000","ARCHS4 Coexpression,1239;GTEx Coexpression,833","ZGLP1,RAB24,MROH6"
"DEG_MVL_CRC29","1322","ZNF57","1038.00000000000000","ARCHS4 Coexpression,1567;Enrichr Queries,812;GTEx Coexpression,735","PLPPR3,PXDN,CYP1B1,IFIT1,CARD14,SYT8,DCST2"
"DEG_MVL_CRC29","1323","ZNF627","1038.00000000000000","ARCHS4 Coexpression,1158;Enrichr Queries,691;GTEx Coexpression,1265","ABCA1,TUBB2B,CDKN1B,PXDN,CYP1B1,ZNF564"
"DEG_MVL_CRC29","1324","THAP2","1039.00000000000000","ARCHS4 Coexpression,888;Enrichr Queries,718;GTEx Coexpression,1512","ABCA1,TUBB2B,PLPPR3,PXDN,CYP1B1,SLCO5A1,IFIT1"
"DEG_MVL_CRC29","1325","ZNF22","1041.00000000000000","ARCHS4 Coexpression,1553;Enrichr Queries,665;GTEx Coexpression,905","ABCA1,CDKN1B,PLPPR3,PXDN,TFPI,CARD14"
"DEG_MVL_CRC29","1326","NAIF1","1042.00000000000000","ARCHS4 Coexpression,1367;GTEx Coexpression,717","ZNF396,ARHGAP30,RAC2,REM2"
"DEG_MVL_CRC29","1327","ZNF567","1044.00000000000000","ARCHS4 Coexpression,790;Enrichr Queries,1148;GTEx Coexpression,1193","PXDN,SLC52A1,PKD1L2,FBXO43,IFIT1,OR7D2"
"DEG_MVL_CRC29","1328","MXD4","1046.00000000000000","ARCHS4 Coexpression,1591;Enrichr Queries,894;GTEx Coexpression,654","ABCA1,GPR162,PRRT2,COL13A1,PLPPR3,PXDN,CYP1B1"
"DEG_MVL_CRC29","1329","ZNF823","1046.00000000000000","ARCHS4 Coexpression,1590;Enrichr Queries,451;GTEx Coexpression,1098","ABCA1,LPAR5,PLPPR3,PXDN,IER5L,CYP1B1,A2ML1,IFIT1,ZNF564"
"DEG_MVL_CRC29","1330","LIN54","1047.00000000000000","ARCHS4 Coexpression,1134;GTEx Coexpression,959","RAC2,OR7D2,TMEM154"
"DEG_MVL_CRC29","1331","ZBTB45","1047.00000000000000","ARCHS4 Coexpression,1040;Enrichr Queries,1204;GTEx Coexpression,896","SPSB2,LIN37,PXDN,IER5L,DNALI1"
"DEG_MVL_CRC29","1332","AEBP2","1048.00000000000000","ARCHS4 Coexpression,1570;Enrichr Queries,1001;GTEx Coexpression,572","ABCA1,TLE4,HAUS7,AMIGO2,PXDN,FILIP1L"
"DEG_MVL_CRC29","1333","TIGD7","1048.00000000000000","ARCHS4 Coexpression,1120;Enrichr Queries,651;GTEx Coexpression,1373","ABCA1,TUBB2B,DEPTOR,PXDN,MTCP1,CYP1B1,VASN"
"DEG_MVL_CRC29","1334","ZNF804A","1048.00000000000000","ARCHS4 Coexpression,1293;Enrichr Queries,437;GTEx Coexpression,1415","ABCA1,GPR162,TUBB2B,PLPPR3,PXDN,AMIGO2,CYP1B1,TFPI,ARHGAP24"
"DEG_MVL_CRC29","1335","AKAP8L","1049.00000000000000","ARCHS4 Coexpression,1535;Enrichr Queries,1102;GTEx Coexpression,511","ARHGAP33,CHKB,CDKN1B,PLPPR3,PXDN,CCDC183"
"DEG_MVL_CRC29","1336","ZSCAN25","1051.00000000000000","ARCHS4 Coexpression,799;GTEx Coexpression,1302","NRSN2,PKD1L2,OR7D2,CHFR"
"DEG_MVL_CRC29","1337","TFDP1","1051.00000000000000","ARCHS4 Coexpression,1269;Enrichr Queries,1358;ReMap ChIP-seq,77;GTEx Coexpression,1501","PNMT,HES7,SLC34A3,NRSN2,STPG3,PRRT2,CDKN1B,PLPPR3,LMNTD2,NOXO1,GPT,SSC5D,PLXDC1,LIN7B,ANK1,TUBB2B,EFEMP2,TMEM223,ZGLP1,PXDN,LY6G5C,COX20"
"DEG_MVL_CRC29","1338","ZNF234","1056.00000000000000","ARCHS4 Coexpression,673;Enrichr Queries,1077;GTEx Coexpression,1417","TAS2R20,PLPPR3,PXDN,CCDC30,PKD1L2,IFIT1,OR7D2"
"DEG_MVL_CRC29","1339","WIZ","1056.00000000000000","ARCHS4 Coexpression,1516;Enrichr Queries,1343;GTEx Coexpression,308","SPINK2,PXDN,ZMYND10,COX6B2,SMC1B"
"DEG_MVL_CRC29","1340","ZNF628","1057.00000000000000","ARCHS4 Coexpression,842;Enrichr Queries,1113;GTEx Coexpression,1215","STPG3,PLPPR3,PXDN,LMNTD2,IER5L,MROH6"
"DEG_MVL_CRC29","1341","DRAP1","1057.00000000000000","ARCHS4 Coexpression,774;Enrichr Queries,1168;GTEx Coexpression,1230","RCN3,COL13A1,TRAPPC5,PXDN,EMP3"
"DEG_MVL_CRC29","1342","ZNF225","1058.00000000000000","ARCHS4 Coexpression,823;GTEx Coexpression,1292","SOX2,PKD1L2,NUDT6,OR7D2"
"DEG_MVL_CRC29","1343","ZNF512","1058.00000000000000","ARCHS4 Coexpression,1171;Enrichr Queries,1049;GTEx Coexpression,953","TUBB2B,COL16A1,ZMAT1,CDKN1B,PLPPR3,PXDN"
"DEG_MVL_CRC29","1344","ZNF512B","1058.00000000000000","ARCHS4 Coexpression,1505;Enrichr Queries,1385;GTEx Coexpression,283","ZMAT1,PAX8,PXDN,EFHC1,NTN5"
"DEG_MVL_CRC29","1345","ZBTB44","1058.00000000000000","ARCHS4 Coexpression,1554;Enrichr Queries,1265;GTEx Coexpression,356","PLPPR3,PXDN,NEK10,TNNI1,TNNI2,ATP2A1"
"DEG_MVL_CRC29","1346","ZNF70","1059.00000000000000","ARCHS4 Coexpression,641;Enrichr Queries,1092;GTEx Coexpression,1443","ABCA1,TLE4,PXDN,SLC52A1,PKD1L2,OR7D2"
"DEG_MVL_CRC29","1347","ZNF551","1059.00000000000000","ARCHS4 Coexpression,1225;Enrichr Queries,1013;GTEx Coexpression,939","PAX8,BCL11B,PLPPR3,PXDN,ZNF337,SH2D6"
"DEG_MVL_CRC29","1348","USF3","1061.00000000000000","ARCHS4 Coexpression,1540;GTEx Coexpression,582","TNNI1,TNNI2,ATP2A1"
"DEG_MVL_CRC29","1349","ZNF189","1062.00000000000000","ARCHS4 Coexpression,1058;Enrichr Queries,987;GTEx Coexpression,1141","ABCA1,PDIA2,CARNS1,PXDN,PRUNE2,TRAPPC5"
"DEG_MVL_CRC29","1350","ZNF287","1063.00000000000000","ARCHS4 Coexpression,1206;Enrichr Queries,1039;GTEx Coexpression,943","ABCA1,TUBB2B,PLPPR3,PXDN,MTCP1,NUDT6"
"DEG_MVL_CRC29","1351","CSRNP3","1064.00000000000000","ARCHS4 Coexpression,1079;GTEx Coexpression,1048","NRSN2,TUBB2B,PLPPR3,SYT13"
"DEG_MVL_CRC29","1352","THAP6","1066.00000000000000","ARCHS4 Coexpression,502;Enrichr Queries,1201;GTEx Coexpression,1495","ABCA1,CFAP221,PXDN,CCDC30,PKD1L2,OR7D2"
"DEG_MVL_CRC29","1353","GPBP1L1","1067.00000000000000","ARCHS4 Coexpression,1352;GTEx Coexpression,781","NRSN2,TRAPPC5,ANO9,DCST2"
"DEG_MVL_CRC29","1354","ZNF570","1067.00000000000000","ARCHS4 Coexpression,636;Enrichr Queries,1181;GTEx Coexpression,1383","CFAP221,PXDN,PKD1L2,FBXO43,IFIT1,OR7D2"
"DEG_MVL_CRC29","1355","ZNF71","1068.00000000000000","ARCHS4 Coexpression,1343;Enrichr Queries,946;GTEx Coexpression,915","ABCA1,NRSN2,TUBB2B,PRUNE2,PXDN,MTCP1,RGMA"
"DEG_MVL_CRC29","1356","ZNF66","1070.00000000000000","ARCHS4 Coexpression,1082;GTEx Coexpression,1057","ZNF878,RPL36A,PKD1L2,OR7D2"
"DEG_MVL_CRC29","1357","ZNF649","1071.00000000000000","ARCHS4 Coexpression,1123;Enrichr Queries,525;GTEx Coexpression,1564","SOX2,GNG4,PXDN,CYP1B1,TFPI,POU5F1"
"DEG_MVL_CRC29","1358","ZNF81","1073.00000000000000","ARCHS4 Coexpression,894;Enrichr Queries,1214;GTEx Coexpression,1110","ABCA1,DCHS2,PXDN,EBLN2,FBXO15,ZNF564"
"DEG_MVL_CRC29","1359","ZNF765","1073.00000000000000","ARCHS4 Coexpression,461;Enrichr Queries,1263;GTEx Coexpression,1494","PLPPR3,PXDN,CCDC30,FBXO15,PKD1L2,OR7D2"
"DEG_MVL_CRC29","1360","ADNP","1074.00000000000000","ARCHS4 Coexpression,1161;Enrichr Queries,1346;ReMap ChIP-seq,222;GTEx Coexpression,1566","PNMT,HES7,ANKRD24,PLPPR3,ATP2A1,EMP3,LRRC32,TFPI,SPOCD1,SBK3,PXDN,KCNN3,NPTXR,CCDC194"
"DEG_MVL_CRC29","1361","SPDEF","1074.00000000000000","ARCHS4 Coexpression,1285;Enrichr Queries,726;GTEx Coexpression,1211","SOX2,PLPPR3,PXDN,CYP1B1,TFF1,NAALADL2"
"DEG_MVL_CRC29","1362","ZNF687","1074.00000000000000","ARCHS4 Coexpression,1468;Enrichr Queries,1395;GTEx Coexpression,359","ARHGAP30,PXDN,RAC2,REM2,CHFR"
"DEG_MVL_CRC29","1363","FOXD4L3","1074.00000000000000","ARCHS4 Coexpression,1279;Enrichr Queries,809;GTEx Coexpression,1134","GPR162,SPSB2,PAX8,PLPPR3,PXDN,SYT13,RGMA"
"DEG_MVL_CRC29","1364","FOXO4","1075.00000000000000","ARCHS4 Coexpression,954;Enrichr Queries,694;GTEx Coexpression,1577","ABCA1,CDKN1B,ARHGAP30,PLPPR3,PXDN,ANK1,CTSS"
"DEG_MVL_CRC29","1365","ZNF655","1075.00000000000000","ARCHS4 Coexpression,515;Enrichr Queries,1164;GTEx Coexpression,1547","ABCA1,ARHGAP30,CLEC2B,KYNU,PXDN,CTSS"
"DEG_MVL_CRC29","1366","CSRNP1","1077.00000000000000","ARCHS4 Coexpression,726;GTEx Coexpression,1427","ARHGAP30,OSM,CTSS"
"DEG_MVL_CRC29","1367","ZNF644","1078.00000000000000","ARCHS4 Coexpression,1613;Enrichr Queries,1296;ReMap ChIP-seq,229;GTEx Coexpression,1174","PNMT,NRSN2,TAS2R20,LIN37,PLPPR3,CAVIN2,MAMSTR,ANO9,ALOX12,ACTR3C,EFEMP2,LPAR5,PXDN,ZMYND10"
"DEG_MVL_CRC29","1368","PRDM15","1079.00000000000000","ARCHS4 Coexpression,681;Enrichr Queries,1120;GTEx Coexpression,1435","PLPPR3,PXDN,FBXO15,PKD1L2,TSPEAR,ANK1"
"DEG_MVL_CRC29","1369","ZNF543","1080.00000000000000","ARCHS4 Coexpression,616;Enrichr Queries,1187;GTEx Coexpression,1436","PLPPR3,PXDN,SLC52A1,PKD1L2,OR7D2"
"DEG_MVL_CRC29","1370","ZSCAN32","1080.00000000000000","ARCHS4 Coexpression,1564;GTEx Coexpression,596","ZNF396,LIN37,REM2"
"DEG_MVL_CRC29","1371","CHCHD3","1081.00000000000000","ARCHS4 Coexpression,816;GTEx Coexpression,1346","SOX2,RPL36A,SLCO5A1,WDR54"
"DEG_MVL_CRC29","1372","ZNF680","1083.00000000000000","ARCHS4 Coexpression,1595;Enrichr Queries,1070;GTEx Coexpression,584","SOX2,ABCA1,TUBB2B,PLPPR3,PXDN,CHFR"
"DEG_MVL_CRC29","1373","ZFP91","1084.00000000000000","ARCHS4 Coexpression,1417;Enrichr Queries,1278;GTEx Coexpression,556","SPINK2,KIF4B,PLPPR3,PXDN,PKDREJ"
"DEG_MVL_CRC29","1374","PRDM2","1084.00000000000000","ARCHS4 Coexpression,1005;Enrichr Queries,939;GTEx Coexpression,1307","TLE4,ARHGAP30,PLPPR3,PXDN,RUBCNL,ZNF337,ANK1"
"DEG_MVL_CRC29","1375","PLAGL2","1085.00000000000000","ARCHS4 Coexpression,1420;Enrichr Queries,1117;GTEx Coexpression,719","TLE4,ABCA1,IQCN,PLPPR3,PXDN,COX6B2"
"DEG_MVL_CRC29","1376","MYPOP","1086.00000000000000","ARCHS4 Coexpression,1612;GTEx Coexpression,560","GPR162,SYT13,LIN7B"
"DEG_MVL_CRC29","1377","ZFP62","1087.00000000000000","ARCHS4 Coexpression,890;Enrichr Queries,1339;GTEx Coexpression,1033","ZMAT1,PAX8,PXDN,SLCO5A1,EMP3"
"DEG_MVL_CRC29","1378","SMYD3","1089.00000000000000","ARCHS4 Coexpression,1179;GTEx Coexpression,998","NRSN2,FAM167A,CAVIN2"
"DEG_MVL_CRC29","1379","ZNF140","1091.00000000000000","ARCHS4 Coexpression,1592;Enrichr Queries,1194;GTEx Coexpression,486","ZMAT1,PXDN,EFHC1,NTN5,IFIT1"
"DEG_MVL_CRC29","1380","ZNF107","1091.00000000000000","ARCHS4 Coexpression,1146;Enrichr Queries,1182;GTEx Coexpression,945","ARHGAP30,PXDN,RUBCNL,IFIT1"
"DEG_MVL_CRC29","1381","ZNF33A","1092.00000000000000","ARCHS4 Coexpression,1138;Enrichr Queries,1303;GTEx Coexpression,834","DHRS12,TUBB2B,PXDN,ZNF564"
"DEG_MVL_CRC29","1382","ZNF597","1092.00000000000000","ARCHS4 Coexpression,1542;Enrichr Queries,301;GTEx Coexpression,1434","ABCA1,PLPPR3,PXDN,AMIGO2,CYP1B1,IFIT1,VASN"
"DEG_MVL_CRC29","1383","ZNF587","1095.00000000000000","ARCHS4 Coexpression,682;Enrichr Queries,1317;GTEx Coexpression,1286","CHKB,PXDN,CCDC30,PKD1L2,OR7D2"
"DEG_MVL_CRC29","1384","RXRB","1098.00000000000000","ARCHS4 Coexpression,1230;Enrichr Queries,1228;GTEx Coexpression,835","CHKB,ZMAT1,ARHGAP30,PLPPR3,PXDN"
"DEG_MVL_CRC29","1385","ZNF557","1101.00000000000000","ARCHS4 Coexpression,666;Enrichr Queries,1107;GTEx Coexpression,1531","ABCA1,PLPPR3,PXDN,SLC52A1,PKD1L2,OR7D2"
"DEG_MVL_CRC29","1386","ZNF616","1102.00000000000000","ARCHS4 Coexpression,897;Enrichr Queries,825;GTEx Coexpression,1583","PLPPR3,PXDN,CYP1B1,PKD1L2,TFPI,OR7D2"
"DEG_MVL_CRC29","1387","NFE2L1","1102.00000000000000","ARCHS4 Coexpression,1563;Enrichr Queries,1321;ReMap ChIP-seq,266;GTEx Coexpression,1257","ABCA1,SPSB2,IFITM10,PXDN,EFHC1,IER5L,TNNI2,FBXO15,ALOX12,LIN7B,COX20"
"DEG_MVL_CRC29","1388","THAP10","1103.00000000000000","ARCHS4 Coexpression,849;Enrichr Queries,1020;GTEx Coexpression,1439","ARHGAP30,AMIGO2,RAC2,CYP1B1,IFIT1,PCDHB10"
"DEG_MVL_CRC29","1389","ZNF708","1103.00000000000000","ARCHS4 Coexpression,643;Enrichr Queries,1304;GTEx Coexpression,1361","TUBB2B,CARNS1,PXDN,PKD1L2,OR7D2"
"DEG_MVL_CRC29","1390","ZIK1","1103.00000000000000","ARCHS4 Coexpression,1130;Enrichr Queries,848;GTEx Coexpression,1332","TUBB2B,PLPPR3,PXDN,NNAT,CYP1B1,ZNF337"
"DEG_MVL_CRC29","1391","ZNF852","1105.00000000000000","ARCHS4 Coexpression,1104;GTEx Coexpression,1105","SPINK2,EBLN2,ZNF878"
"DEG_MVL_CRC29","1392","ZNF518B","1106.00000000000000","ARCHS4 Coexpression,1148;Enrichr Queries,586;GTEx Coexpression,1584","ABCA1,BCL11B,PLPPR3,PXDN,COL5A2,CYP1B1"
"DEG_MVL_CRC29","1393","ZNF566","1108.00000000000000","ARCHS4 Coexpression,964;Enrichr Queries,1047;GTEx Coexpression,1312","ABCA1,PLPPR3,PXDN,ZNF337,PKD1L2,OR7D2"
"DEG_MVL_CRC29","1394","SON","1109.00000000000000","ARCHS4 Coexpression,1034;GTEx Coexpression,1183","SOX2,TSPEAR,LIN7B"
"DEG_MVL_CRC29","1395","ZNF706","1109.00000000000000","ARCHS4 Coexpression,1538;Enrichr Queries,1350;GTEx Coexpression,438","PDIA2,AMY2B,PXDN,PLCH2,SYT8"
"DEG_MVL_CRC29","1396","GTF3A","1110.00000000000000","ARCHS4 Coexpression,530;Enrichr Queries,1399;GTEx Coexpression,1402","SPINK2,TRAPPC5,RAC2,MTCP1,EMP3"
"DEG_MVL_CRC29","1397","FOXD2","1111.00000000000000","ARCHS4 Coexpression,1337;Enrichr Queries,570;GTEx Coexpression,1425","SOX2,FGFBP2,BCL11B,PLPPR3,PXDN,CYP1B1,ANK1,NAALADL2"
"DEG_MVL_CRC29","1398","ZNF316","1112.00000000000000","ARCHS4 Coexpression,1490;Enrichr Queries,1242;GTEx Coexpression,605","CHKB,ARHGAP30,PXDN,IER5L,CHFR"
"DEG_MVL_CRC29","1399","ZBTB24","1113.00000000000000","ARCHS4 Coexpression,628;Enrichr Queries,1170;GTEx Coexpression,1541","NRSN2,PRRT2,ABLIM3,PLPPR3,PXDN"
"DEG_MVL_CRC29","1400","ZNF367","1116.00000000000000","ARCHS4 Coexpression,656;Enrichr Queries,1298;GTEx Coexpression,1393","CAVIN2,LSMEM1,PXDN,ALOX12,FBXO43"
"DEG_MVL_CRC29","1401","FIZ1","1117.00000000000000","ARCHS4 Coexpression,1237;Enrichr Queries,1284;GTEx Coexpression,831","GPR162,ZGLP1,PLPPR3,PXDN,IER5L"
"DEG_MVL_CRC29","1402","SP6","1118.00000000000000","ARCHS4 Coexpression,1545;Enrichr Queries,719;GTEx Coexpression,1090","MYH7B,PLPPR3,PXDN,CYP1B1,CARD14,SYT8,ANK1"
"DEG_MVL_CRC29","1403","ZNF787","1118.00000000000000","ARCHS4 Coexpression,1465;Enrichr Queries,1166;GTEx Coexpression,723","LIN37,RAB24,PXDN,RAC2,IER5L"
"DEG_MVL_CRC29","1404","HELT","1119.00000000000000","ARCHS4 Coexpression,1430;Enrichr Queries,802;GTEx Coexpression,1124","BCL11B,PLPPR3,PXDN,CARD14,SYT8,ANK1"
"DEG_MVL_CRC29","1405","NRL","1120.00000000000000","ARCHS4 Coexpression,1169;Enrichr Queries,650;GTEx Coexpression,1540","SOX2,PAX8,PLPPR3,PXDN,PLCH2,ANK1"
"DEG_MVL_CRC29","1406","FOXK2","1121.00000000000000","ARCHS4 Coexpression,1471;Enrichr Queries,1283;ReMap ChIP-seq,212;GTEx Coexpression,1516","HES7,SLC34A3,NRSN2,PRRT2,CAVIN2,MAMSTR,PLPPR3,SERPINF2,LIN7B,IQCN,ACTR3C,EFEMP2,ZGLP1,PXDN,LY6G5C"
"DEG_MVL_CRC29","1407","GATAD2A","1122.00000000000000","ARCHS4 Coexpression,1374;Enrichr Queries,1352;GTEx Coexpression,639","PXDN,CHFR,TMEM154,COX20"
"DEG_MVL_CRC29","1408","SKI","1124.00000000000000","ARCHS4 Coexpression,1600;GTEx Coexpression,647","PRRT2,COL13A1,ZNF337"
"DEG_MVL_CRC29","1409","MYT1L","1124.00000000000000","ARCHS4 Coexpression,1004;Enrichr Queries,943;GTEx Coexpression,1426","NRSN2,PRRT2,BCL11B,PLPPR3,PXDN,NPTXR,ANK1"
"DEG_MVL_CRC29","1410","MYNN","1127.00000000000000","ARCHS4 Coexpression,1605;Enrichr Queries,1270;ReMap ChIP-seq,134;GTEx Coexpression,1497","PNMT,SLC34A3,ABCA1,STPG3,PRRT2,PLPPR3,LMNTD2,NOXO1,GPT,VASN,DCST2,IQCN,EFEMP2,ZGLP1,CARNS1,PXDN,MROH6,LY6G5C,CCDC183"
"DEG_MVL_CRC29","1411","ZNF772","1127.00000000000000","ARCHS4 Coexpression,1153;Enrichr Queries,1108;GTEx Coexpression,1119","ABCA1,TUBB2B,PLPPR3,PXDN,NUDT6,ANK1"
"DEG_MVL_CRC29","1412","HIVEP1","1128.00000000000000","ARCHS4 Coexpression,1204;Enrichr Queries,882;GTEx Coexpression,1298","ABCA1,ADAM19,PLPPR3,KYNU,PXDN,ZNF878"
"DEG_MVL_CRC29","1413","ZNF761","1129.00000000000000","ARCHS4 Coexpression,970;Enrichr Queries,819;GTEx Coexpression,1598","ABCA1,PLPPR3,PXDN,PLIN2,PKD1L2,OR7D2"
"DEG_MVL_CRC29","1414","ZNF714","1131.00000000000000","ARCHS4 Coexpression,1102;Enrichr Queries,1306;GTEx Coexpression,984","PXDN,IL12A,ZNF337,PKD1L2"
"DEG_MVL_CRC29","1415","ZNF705G","1131.00000000000000","ARCHS4 Coexpression,1055;GTEx Coexpression,1207","STPG3,TTC34,FBXO15"
"DEG_MVL_CRC29","1416","ZBTB12","1132.00000000000000","ARCHS4 Coexpression,1253;Enrichr Queries,545;GTEx Coexpression,1599","TUBB2B,PLPPR3,PXDN,NNAT,CYP1B1,ANK1"
"DEG_MVL_CRC29","1417","BPTF","1135.00000000000000","ARCHS4 Coexpression,1057;GTEx Coexpression,1212","SOX2,ZNF337,EMP3"
"DEG_MVL_CRC29","1418","ZSCAN29","1137.00000000000000","ARCHS4 Coexpression,1183;Enrichr Queries,1125;GTEx Coexpression,1103","ABCA1,STPG3,PLPPR3,PXDN,PKDREJ,EMP3"
"DEG_MVL_CRC29","1419","ZNF207","1138.00000000000000","ARCHS4 Coexpression,1565;Enrichr Queries,1396;ReMap ChIP-seq,65;GTEx Coexpression,1527","HES7,SLC34A3,STPG3,PRRT2,CDKN1B,LIN37,TRAPPC5,NOXO1,ALOX12,EMP3,WDR54,IQCN,EFEMP2,TMEM223,NUAK2,LPAR5,CARNS1,RAC2,VAMP1,ZMYND10,MROH6"
"DEG_MVL_CRC29","1420","ZNF317","1140.00000000000000","ARCHS4 Coexpression,766;Enrichr Queries,1206;GTEx Coexpression,1448","ARHGAP30,PLPPR3,PXDN,RAC2,PKDREJ"
"DEG_MVL_CRC29","1421","ZBED6","1140.00000000000000","ARCHS4 Coexpression,1140","KYNU"
"DEG_MVL_CRC29","1422","ZNF550","1140.00000000000000","ARCHS4 Coexpression,1510;Enrichr Queries,883;GTEx Coexpression,1028","TAS2R20,PLPPR3,PXDN,RPL36A,CYP1B1,IFIT1"
"DEG_MVL_CRC29","1423","ZNF625","1141.00000000000000","ARCHS4 Coexpression,1175;Enrichr Queries,1028;GTEx Coexpression,1220","SOX2,PLPPR3,PXDN,ZNF878,ZNF564"
"DEG_MVL_CRC29","1424","ZNF572","1141.00000000000000","ARCHS4 Coexpression,1372;Enrichr Queries,450;GTEx Coexpression,1602","ABCA1,DEPTOR,PLPPR3,GNG4,PXDN,SLCO5A1,IFIT1,DHRS2"
"DEG_MVL_CRC29","1425","ZBTB11","1142.00000000000000","ARCHS4 Coexpression,1543;Enrichr Queries,1371;ReMap ChIP-seq,190;GTEx Coexpression,1463","PNMT,SLC34A3,STPG3,LIN37,MAMSTR,ANO9,WDR54,ARHGAP33,EFEMP2,CARNS1,PXDN,CA9,TSNAXIP1,ZMYND10,LY6G5C"
"DEG_MVL_CRC29","1426","ZNF77","1143.00000000000000","ARCHS4 Coexpression,1131;Enrichr Queries,923;GTEx Coexpression,1375","ABCA1,PLPPR3,PXDN,IER5L,ZNF337,SLCO5A1"
"DEG_MVL_CRC29","1427","ZNF155","1143.00000000000000","ARCHS4 Coexpression,1133;Enrichr Queries,816;GTEx Coexpression,1481","PLPPR3,PXDN,EPSTI1,CYP1B1,IFIT1"
"DEG_MVL_CRC29","1428","THAP9","1146.00000000000000","ARCHS4 Coexpression,1602;Enrichr Queries,1305;GTEx Coexpression,530","PXDN,NEK10,PKDREJ,ZMYND12"
"DEG_MVL_CRC29","1429","ZNF398","1146.00000000000000","ARCHS4 Coexpression,1321;Enrichr Queries,1099;GTEx Coexpression,1018","PLPPR3,PXDN,CYP1B1,MROH6,POU5F1,TMEM154"
"DEG_MVL_CRC29","1430","RLF","1149.00000000000000","ARCHS4 Coexpression,1621;Enrichr Queries,1389;GTEx Coexpression,437","CLEC2B,PXDN,RUBCNL,EBLN2,OSM"
"DEG_MVL_CRC29","1431","ZNF582","1149.00000000000000","ARCHS4 Coexpression,1464;Enrichr Queries,765;GTEx Coexpression,1218","ABCA1,PLPPR3,PXDN,EPSTI1,ANO9,CYP1B1"
"DEG_MVL_CRC29","1432","ZNF284","1149.00000000000000","ARCHS4 Coexpression,878;Enrichr Queries,1196;GTEx Coexpression,1374","PXDN,PKD1L2,IFIT1,OR7D2,ZNF564"
"DEG_MVL_CRC29","1433","MEF2D","1151.00000000000000","ARCHS4 Coexpression,1217;Enrichr Queries,950;GTEx Coexpression,1287","ABCA1,ARHGAP30,PLPPR3,PXDN,TNNI2,ANK1"
"DEG_MVL_CRC29","1434","ZNF830","1152.00000000000000","ARCHS4 Coexpression,1526;Enrichr Queries,1080;GTEx Coexpression,850","ARHGAP30,CDKN1B,PLPPR3,PXDN,ZNF564"
"DEG_MVL_CRC29","1435","HIVEP2","1155.00000000000000","ARCHS4 Coexpression,1188;Enrichr Queries,861;GTEx Coexpression,1416","ABCA1,CDKN1B,PLPPR3,PXDN,ANK1,PCDHGA9"
"DEG_MVL_CRC29","1436","ZNF491","1155.00000000000000","ARCHS4 Coexpression,1344;Enrichr Queries,764;GTEx Coexpression,1358","TLE4,IQCN,TUBB2B,BCL11B,PXDN,ZNF878,ZNF337"
"DEG_MVL_CRC29","1437","ZNF223","1156.00000000000000","ARCHS4 Coexpression,1598;Enrichr Queries,541;GTEx Coexpression,1328","ABCA1,PLPPR3,PXDN,EPSTI1,CYP1B1,ZNF337,IFIT1"
"DEG_MVL_CRC29","1438","ZNF837","1156.00000000000000","ARCHS4 Coexpression,1064;Enrichr Queries,1139;GTEx Coexpression,1264","ACTR3C,SPINK2,LMNTD2,IER5L,MPL"
"DEG_MVL_CRC29","1439","GMEB2","1156.00000000000000","ARCHS4 Coexpression,1210;Enrichr Queries,1353;GTEx Coexpression,904","ARHGAP30,PXDN,RAC2,CHFR"
"DEG_MVL_CRC29","1440","ZNF93","1156.00000000000000","ARCHS4 Coexpression,1616;Enrichr Queries,763;GTEx Coexpression,1089","ABCA1,PXDN,RAC2,ZNF878,CYP1B1,IFIT1,TFPI"
"DEG_MVL_CRC29","1441","IKZF5","1156.00000000000000","ARCHS4 Coexpression,900;Enrichr Queries,1251;GTEx Coexpression,1318","ABCA1,CDKN1B,CLEC2B,PXDN"
"DEG_MVL_CRC29","1442","RHOXF2","1157.00000000000000","ARCHS4 Coexpression,1478;Enrichr Queries,703;GTEx Coexpression,1291","BATF2,PLPPR3,PXDN,KCNN3,DHRS2,SMC1B"
"DEG_MVL_CRC29","1443","SPIC","1163.00000000000000","ARCHS4 Coexpression,1483;Enrichr Queries,604;GTEx Coexpression,1403","ABCA1,ARHGAP30,FABP4,PLPPR3,RAC2,IFIT1,CTSS"
"DEG_MVL_CRC29","1444","ZNF865","1164.00000000000000","ARCHS4 Coexpression,1517;GTEx Coexpression,810","TNNI1,TNNI2,ATP2A1"
"DEG_MVL_CRC29","1445","ARID5B","1164.00000000000000","ARCHS4 Coexpression,1507;Enrichr Queries,530;GTEx Coexpression,1454","ABCA1,TLE4,PLPPR3,PXDN,CYP1B1,FILIP1L"
"DEG_MVL_CRC29","1446","DNTTIP1","1164.00000000000000","ARCHS4 Coexpression,1333;GTEx Coexpression,995","RAB24,RAC2,REM2"
"DEG_MVL_CRC29","1447","ZNF354B","1165.00000000000000","ARCHS4 Coexpression,1376;Enrichr Queries,834;GTEx Coexpression,1285","ABCA1,PLPPR3,PXDN,COL5A2,ADCY4"
"DEG_MVL_CRC29","1448","TGIF2LX","1165.00000000000000","ARCHS4 Coexpression,822;Enrichr Queries,1069;GTEx Coexpression,1604","SOX2,PAX8,CCDC30,IFIT1,ZMYND12,NAALADL2"
"DEG_MVL_CRC29","1449","ZNF302","1165.00000000000000","ARCHS4 Coexpression,1324;Enrichr Queries,1157;GTEx Coexpression,1015","PXDN,IFIT1,NAALADL2,TMEM154,COX20"
"DEG_MVL_CRC29","1450","ZNF337","1166.00000000000000","ARCHS4 Coexpression,1301;Enrichr Queries,1134;GTEx Coexpression,1062","ABCA1,TLE4,GPR162,PRRT2,COL13A1,PXDN"
"DEG_MVL_CRC29","1451","PRDM4","1166.00000000000000","ARCHS4 Coexpression,1124;Enrichr Queries,1061;GTEx Coexpression,1314","TLE4,PLPPR3,PXDN,ISM1,VASN"
"DEG_MVL_CRC29","1452","ZNF705B","1167.00000000000000","ARCHS4 Coexpression,744;GTEx Coexpression,1590","ACTR3C,CFAP221,FBXO15"
"DEG_MVL_CRC29","1453","MTERF1","1167.00000000000000","ARCHS4 Coexpression,1105;GTEx Coexpression,1229","FBXO15,NUDT6"
"DEG_MVL_CRC29","1454","ERF","1167.00000000000000","ARCHS4 Coexpression,1457;Enrichr Queries,1058;GTEx Coexpression,987","PLPPR3,PXDN,OSM,IER5L,EMP3"
"DEG_MVL_CRC29","1455","ZNF253","1171.00000000000000","ARCHS4 Coexpression,1135;Enrichr Queries,1229;GTEx Coexpression,1148","ABCA1,PXDN,ZNF337,ANK1,OR7D2"
"DEG_MVL_CRC29","1456","ZNF138","1171.00000000000000","ARCHS4 Coexpression,1144;Enrichr Queries,1307;GTEx Coexpression,1063","TUBB2B,TMEM204,PXDN,PLCH2"
"DEG_MVL_CRC29","1457","ZNF678","1172.00000000000000","ARCHS4 Coexpression,1139;Enrichr Queries,1367;GTEx Coexpression,1011","TAS2R20,PXDN,EBLN2,EMP3"
"DEG_MVL_CRC29","1458","ZNF468","1175.00000000000000","ARCHS4 Coexpression,1584;Enrichr Queries,497;GTEx Coexpression,1444","PLPPR3,PXDN,AMIGO2,EPSTI1,CYP1B1,IFIT1"
"DEG_MVL_CRC29","1459","ZNF783","1178.00000000000000","ARCHS4 Coexpression,1090;Enrichr Queries,1034;GTEx Coexpression,1409","ADAM19,ARHGAP30,BCL11B,PLPPR3,PXDN,ZNF337"
"DEG_MVL_CRC29","1460","ZNF41","1178.00000000000000","ARCHS4 Coexpression,1023;Enrichr Queries,1231;GTEx Coexpression,1279","ABCA1,PXDN,TNNI2,ATP2A1"
"DEG_MVL_CRC29","1461","ZNF292","1179.00000000000000","ARCHS4 Coexpression,1053;Enrichr Queries,1221;GTEx Coexpression,1263","ABCA1,PXDN,ZNF878,FBXO15,SLCO5A1"
"DEG_MVL_CRC29","1462","ARGFX","1179.00000000000000","ARCHS4 Coexpression,925;Enrichr Queries,1361;GTEx Coexpression,1251","HES7,MYH7B,BCL11B,TMEM92"
"DEG_MVL_CRC29","1463","ZNF502","1182.00000000000000","ARCHS4 Coexpression,1456;Enrichr Queries,841;GTEx Coexpression,1250","ABCA1,PLPPR3,PXDN,CYP1B1,ZNF337"
"DEG_MVL_CRC29","1464","RBSN","1185.00000000000000","ARCHS4 Coexpression,801;GTEx Coexpression,1569","TUBB2B,PKD1L2,RGMA"
"DEG_MVL_CRC29","1465","ZNF681","1186.00000000000000","ARCHS4 Coexpression,867;Enrichr Queries,1238;GTEx Coexpression,1453","GNG4,PXDN,SLC52A1,PKD1L2,OR7D2"
"DEG_MVL_CRC29","1466","POGK","1186.00000000000000","ARCHS4 Coexpression,1524;Enrichr Queries,1175;GTEx Coexpression,860","SOX2,PLPPR3,CARNS1,PXDN"
"DEG_MVL_CRC29","1467","ZNF235","1187.00000000000000","ARCHS4 Coexpression,1624;Enrichr Queries,599;GTEx Coexpression,1339","ABCA1,ZMAT1,PLPPR3,PXDN,ZNF337,IFIT1,ANK1"
"DEG_MVL_CRC29","1468","TGIF1","1189.00000000000000","ARCHS4 Coexpression,1500;Enrichr Queries,589;GTEx Coexpression,1479","ABCA1,PLPPR3,PXDN,CYP1B1,PLIN2,EMP3"
"DEG_MVL_CRC29","1469","ZNF443","1190.00000000000000","ARCHS4 Coexpression,1578;Enrichr Queries,849;GTEx Coexpression,1143","ABCA1,ZNF396,PXDN,EPSTI1,CYP1B1,ZNF564"
"DEG_MVL_CRC29","1470","ZNF629","1193.00000000000000","ARCHS4 Coexpression,1439;Enrichr Queries,858;GTEx Coexpression,1281","ABCA1,PLPPR3,PXDN,CYP1B1,NUDT6"
"DEG_MVL_CRC29","1471","ZNF181","1194.00000000000000","ARCHS4 Coexpression,1114;Enrichr Queries,988;GTEx Coexpression,1480","ABCA1,PXDN,CYP1B1,FBXO15"
"DEG_MVL_CRC29","1472","ZNF30","1194.00000000000000","ARCHS4 Coexpression,1523;Enrichr Queries,968;GTEx Coexpression,1092","GPR162,INPP4B,PRRT2,BCL11B,PXDN,IFIT1"
"DEG_MVL_CRC29","1473","ZNF735","1197.00000000000000","ARCHS4 Coexpression,915;GTEx Coexpression,1478","ZNF878,TMEM92"
"DEG_MVL_CRC29","1474","ZSCAN20","1198.00000000000000","ARCHS4 Coexpression,1418;Enrichr Queries,625;GTEx Coexpression,1550","ABCA1,TLE4,PLPPR3,PXDN,ANK1,ARHGAP24"
"DEG_MVL_CRC29","1475","ZNF174","1198.00000000000000","ARCHS4 Coexpression,1410;Enrichr Queries,1057;GTEx Coexpression,1128","LIN37,PLPPR3,PXDN,IFIT1,ZNF564"
"DEG_MVL_CRC29","1476","ZNF653","1203.00000000000000","ARCHS4 Coexpression,1530;Enrichr Queries,1337;GTEx Coexpression,743","GPR162,PRRT2,PXDN,LY6G5C"
"DEG_MVL_CRC29","1477","ASH1L","1204.00000000000000","ARCHS4 Coexpression,1249;Enrichr Queries,1373;GTEx Coexpression,990","ZMAT1,TRAPPC5,PXDN,PCDHGA9"
"DEG_MVL_CRC29","1478","GLMP","1205.00000000000000","ARCHS4 Coexpression,1414;GTEx Coexpression,996","RCN3,EMP3"
"DEG_MVL_CRC29","1479","ZNF205","1205.00000000000000","ARCHS4 Coexpression,1428;Enrichr Queries,1183;GTEx Coexpression,1004","PXDN,RUBCNL,RAC2,IER5L"
"DEG_MVL_CRC29","1480","ZNF407","1207.00000000000000","ARCHS4 Coexpression,1099;Enrichr Queries,1091;GTEx Coexpression,1430","PLPPR3,KYNU,PXDN,ARHGAP24"
"DEG_MVL_CRC29","1481","ZNF479","1207.00000000000000","ARCHS4 Coexpression,873;Enrichr Queries,1151;GTEx Coexpression,1596","CFAP221,KIF4B,PCK1,ISM1"
"DEG_MVL_CRC29","1482","ZNF718","1208.00000000000000","ARCHS4 Coexpression,1627;Enrichr Queries,797;GTEx Coexpression,1201","INPP4B,TAS2R20,PLPPR3,PXDN,CYP1B1,ANK1"
"DEG_MVL_CRC29","1483","ZNF358","1209.00000000000000","ARCHS4 Coexpression,1606;Enrichr Queries,860;GTEx Coexpression,1161","ABCA1,PXDN,CYP1B1,EMP3,COX20"
"DEG_MVL_CRC29","1484","FOXJ3","1209.00000000000000","ARCHS4 Coexpression,1323;Enrichr Queries,1236;GTEx Coexpression,1069","CDKN1B,PXDN,TNNI2,ATP2A1"
"DEG_MVL_CRC29","1485","ZNF354A","1209.00000000000000","ARCHS4 Coexpression,1583;Enrichr Queries,986;GTEx Coexpression,1059","ABCA1,ZNF396,PXDN,CYP1B1,REM2"
"DEG_MVL_CRC29","1486","TFE3","1211.00000000000000","ARCHS4 Coexpression,1406;Enrichr Queries,1115;GTEx Coexpression,1111","LIN37,PLPPR3,PXDN,EMP3"
"DEG_MVL_CRC29","1487","AKAP8","1211.00000000000000","ARCHS4 Coexpression,1318;Enrichr Queries,1277;GTEx Coexpression,1037","SOX2,NRSN2,CDKN1B,ARHGAP30,PXDN"
"DEG_MVL_CRC29","1488","EEA1","1212.00000000000000","ARCHS4 Coexpression,913;Enrichr Queries,1254;GTEx Coexpression,1469","ABCA1,PXDN,RAC2,FILIP1L"
"DEG_MVL_CRC29","1489","ZBTB21","1213.00000000000000","ARCHS4 Coexpression,1194;GTEx Coexpression,1232","EBLN2,TSPEAR"
"DEG_MVL_CRC29","1490","ZNF682","1213.00000000000000","ARCHS4 Coexpression,1580;Enrichr Queries,805;GTEx Coexpression,1254","PAX8,PLPPR3,PXDN,CYP1B1,IFIT1"
"DEG_MVL_CRC29","1491","ZNF705E","1214.00000000000000","ARCHS4 Coexpression,1077;GTEx Coexpression,1351","CAVIN2,RPL36A,FBXO15"
"DEG_MVL_CRC29","1492","ZNF800","1214.00000000000000","ARCHS4 Coexpression,1117;Enrichr Queries,1255;GTEx Coexpression,1271","TLE4,NRSN2,CLEC2B,PXDN"
"DEG_MVL_CRC29","1493","TOPORS","1216.00000000000000","ARCHS4 Coexpression,1588;GTEx Coexpression,843","TLE4,IQCN"
"DEG_MVL_CRC29","1494","ZNF304","1220.00000000000000","ARCHS4 Coexpression,1336;Enrichr Queries,1000;GTEx Coexpression,1323","ABCA1,TUBB2B,PXDN,CYP1B1,ZNF337"
"DEG_MVL_CRC29","1495","CENPBD1","1221.00000000000000","ARCHS4 Coexpression,903;GTEx Coexpression,1539","TRAPPC5,OR7D2"
"DEG_MVL_CRC29","1496","ZNF496","1223.00000000000000","ARCHS4 Coexpression,1358;Enrichr Queries,1074;GTEx Coexpression,1237","ABCA1,BCL11B,PLPPR3,PXDN,POU5F1"
"DEG_MVL_CRC29","1497","PRR12","1224.00000000000000","ARCHS4 Coexpression,1515;Enrichr Queries,1239;GTEx Coexpression,917","ARHGAP33,PXDN,NTN5,PLCH2"
"DEG_MVL_CRC29","1498","ZNF654","1225.00000000000000","ARCHS4 Coexpression,1618;Enrichr Queries,1167;GTEx Coexpression,889","ABCA1,CLEC2B,PXDN,EBLN2"
"DEG_MVL_CRC29","1499","ZNF451","1226.00000000000000","ARCHS4 Coexpression,1568;Enrichr Queries,1195;GTEx Coexpression,914","STPG3,CDKN1B,PXDN,CCDC183"
"DEG_MVL_CRC29","1500","LCORL","1226.00000000000000","ARCHS4 Coexpression,1108;Enrichr Queries,1123;GTEx Coexpression,1447","TLE4,TUBB2B,PLPPR3,PXDN"
"DEG_MVL_CRC29","1501","ZNF45","1228.00000000000000","ARCHS4 Coexpression,1383;Enrichr Queries,831;GTEx Coexpression,1471","PLPPR3,PXDN,CYP1B1,IFIT1"
"DEG_MVL_CRC29","1502","ZSCAN21","1232.00000000000000","ARCHS4 Coexpression,1191;Enrichr Queries,1063;GTEx Coexpression,1441","ABCA1,TUBB2B,PLPPR3,PXDN"
"DEG_MVL_CRC29","1503","THAP7","1235.00000000000000","ARCHS4 Coexpression,1016;Enrichr Queries,1232;GTEx Coexpression,1458","SPSB2,TMEM223,PXDN,TRAPPC5"
"DEG_MVL_CRC29","1504","YBX1","1237.00000000000000","ARCHS4 Coexpression,1474;Enrichr Queries,1398;GTEx Coexpression,840","SPINK2,KIF4B"
"DEG_MVL_CRC29","1505","ZBTB40","1238.00000000000000","ARCHS4 Coexpression,1307;Enrichr Queries,1044;GTEx Coexpression,1364","ABCA1,CHKB,ARHGAP30,PLPPR3,PXDN"
"DEG_MVL_CRC29","1506","ZNF420","1246.00000000000000","ARCHS4 Coexpression,1571;Enrichr Queries,817;GTEx Coexpression,1349","INPP4B,PLPPR3,PXDN,CYP1B1,ZNF337"
"DEG_MVL_CRC29","1507","ZNF131","1246.00000000000000","ARCHS4 Coexpression,884;Enrichr Queries,1379;GTEx Coexpression,1475","PXDN,SLC52A1,PKD1L2"
"DEG_MVL_CRC29","1508","ZFP1","1246.00000000000000","ARCHS4 Coexpression,1167;Enrichr Queries,1048;GTEx Coexpression,1524","TUBB2B,CDKN1B,PLPPR3,PXDN"
"DEG_MVL_CRC29","1509","ZNF609","1247.00000000000000","ARCHS4 Coexpression,1385;Enrichr Queries,1383;GTEx Coexpression,973","PXDN,FBXO43,SMC1B"
"DEG_MVL_CRC29","1510","ZNF136","1247.00000000000000","ARCHS4 Coexpression,1020;Enrichr Queries,1147;GTEx Coexpression,1574","PXDN,PKD1L2,IFIT1,OR7D2"
"DEG_MVL_CRC29","1511","CENPB","1248.00000000000000","ARCHS4 Coexpression,1601;Enrichr Queries,989;GTEx Coexpression,1153","PLPPR3,CARNS1,PXDN,EMP3"
"DEG_MVL_CRC29","1512","ZNF17","1250.00000000000000","ARCHS4 Coexpression,1611;Enrichr Queries,876;GTEx Coexpression,1262","TAS2R20,PLPPR3,PXDN,CYP1B1,ZNF564"
"DEG_MVL_CRC29","1513","ZNF260","1250.00000000000000","ARCHS4 Coexpression,1115;Enrichr Queries,1056;GTEx Coexpression,1578","ABCA1,TUBB2B,PLPPR3,PXDN"
"DEG_MVL_CRC29","1514","ZNF84","1252.00000000000000","ARCHS4 Coexpression,1214;Enrichr Queries,991;GTEx Coexpression,1551","TUBB2B,BCL11B,PXDN,EFHC1"
"DEG_MVL_CRC29","1515","ZNF460","1253.00000000000000","ARCHS4 Coexpression,1615;Enrichr Queries,1208;GTEx Coexpression,935","ABCA1,PXDN,EBLN2,ZNF878"
"DEG_MVL_CRC29","1516","ZNF12","1253.00000000000000","ARCHS4 Coexpression,1212;Enrichr Queries,1301;GTEx Coexpression,1245","TRAPPC5,PXDN,EMP3"
"DEG_MVL_CRC29","1517","ZFP69B","1253.00000000000000","ARCHS4 Coexpression,1180;GTEx Coexpression,1326","TUBB2B,ZNF878"
"DEG_MVL_CRC29","1518","ZNF485","1253.00000000000000","ARCHS4 Coexpression,1560;Enrichr Queries,666;GTEx Coexpression,1534","PLPPR3,PXDN,AMIGO2,CYP1B1,IFIT1"
"DEG_MVL_CRC29","1519","CBLL2","1253.00000000000000","ARCHS4 Coexpression,1080;Enrichr Queries,1075;GTEx Coexpression,1605","CAVIN2,HECW2,CCDC30,CYP1B1,RGMA"
"DEG_MVL_CRC29","1520","ZNF256","1254.00000000000000","ARCHS4 Coexpression,1575;Enrichr Queries,730;GTEx Coexpression,1456","PLPPR3,PXDN,EPSTI1,CYP1B1,IFIT1"
"DEG_MVL_CRC29","1521","PURB","1256.00000000000000","ARCHS4 Coexpression,1407;GTEx Coexpression,1104","PRRT2,ZNF337"
"DEG_MVL_CRC29","1522","ADNP2","1257.00000000000000","ARCHS4 Coexpression,1415;Enrichr Queries,1083;GTEx Coexpression,1272","ABCA1,PLPPR3,PXDN,DCST2"
"DEG_MVL_CRC29","1523","ZNF484","1257.00000000000000","ARCHS4 Coexpression,1625;Enrichr Queries,1060;GTEx Coexpression,1087","ABCA1,TLE4,PRRT2,PXDN,ZNF337"
"DEG_MVL_CRC29","1524","NR2C1","1257.00000000000000","ARCHS4 Coexpression,1614;Enrichr Queries,1076;GTEx Coexpression,1082","ABCA1,PLPPR3,PXDN,ZNF337,COX20"
"DEG_MVL_CRC29","1525","ZNF879","1258.00000000000000","ARCHS4 Coexpression,1119;GTEx Coexpression,1397","ZNF337,PKD1L2"
"DEG_MVL_CRC29","1526","HOXC12","1259.00000000000000","ARCHS4 Coexpression,1555;Enrichr Queries,801;GTEx Coexpression,1421","SOX2,HAS3,HOXA2,CARD14,HOXA4"
"DEG_MVL_CRC29","1527","ZNF416","1259.00000000000000","ARCHS4 Coexpression,1527;Enrichr Queries,1033;GTEx Coexpression,1217","ABCA1,PLPPR3,PXDN,TMEM154"
"DEG_MVL_CRC29","1528","CREB3L4","1259.00000000000000","ARCHS4 Coexpression,1294;Enrichr Queries,889;GTEx Coexpression,1595","DEPTOR,PLPPR3,PXDN,CYP1B1,SERHL2"
"DEG_MVL_CRC29","1529","ZNF280C","1260.00000000000000","ARCHS4 Coexpression,1593;Enrichr Queries,1342;GTEx Coexpression,844","PXDN,FBXO43,SMC1B"
"DEG_MVL_CRC29","1530","SNAPC5","1260.00000000000000","ARCHS4 Coexpression,1320;GTEx Coexpression,1200","THPO,LIN7B"
"DEG_MVL_CRC29","1531","POU5F1B","1260.00000000000000","ARCHS4 Coexpression,999;GTEx Coexpression,1521","SOX2,RPL36A"
"DEG_MVL_CRC29","1532","UBP1","1261.00000000000000","ARCHS4 Coexpression,1435;Enrichr Queries,1360;GTEx Coexpression,989","PRUNE2,TRAPPC5,PXDN"
"DEG_MVL_CRC29","1533","ZBTB2","1270.00000000000000","ARCHS4 Coexpression,1170;Enrichr Queries,1212;GTEx Coexpression,1429","PRRT2,PLPPR3,PXDN"
"DEG_MVL_CRC29","1534","ZNF282","1273.00000000000000","ARCHS4 Coexpression,1423;Enrichr Queries,1249;GTEx Coexpression,1147","RAB24,PXDN,CYP1B1,ZNF564"
"DEG_MVL_CRC29","1535","ZNF232","1274.00000000000000","ARCHS4 Coexpression,1329;Enrichr Queries,985;GTEx Coexpression,1509","PLPPR3,PXDN,CYP1B1,COX20"
"DEG_MVL_CRC29","1536","ZNF449","1276.00000000000000","ARCHS4 Coexpression,1619;Enrichr Queries,917;GTEx Coexpression,1293","ABCA1,COL3A1,ZMAT1,TAS2R20,PXDN"
"DEG_MVL_CRC29","1537","ZNF180","1276.00000000000000","ARCHS4 Coexpression,1103;Enrichr Queries,1316;GTEx Coexpression,1410","PXDN,FBXO43,ZNF564"
"DEG_MVL_CRC29","1538","DR1","1278.00000000000000","ARCHS4 Coexpression,1100;Enrichr Queries,1374;GTEx Coexpression,1359","CAVIN2,PXDN,TMEM154"
"DEG_MVL_CRC29","1539","DNMT1","1278.00000000000000","ARCHS4 Coexpression,1431;GTEx Coexpression,1125","FBXO43,WDR54"
"DEG_MVL_CRC29","1540","PHF20","1278.00000000000000","ARCHS4 Coexpression,1587;Enrichr Queries,1290;GTEx Coexpression,958","PLPPR3,PXDN,TNNI2,ATP2A1"
"DEG_MVL_CRC29","1541","ZSCAN5C","1279.00000000000000","ARCHS4 Coexpression,1466;Enrichr Queries,1072;GTEx Coexpression,1300","MYH7B,TMEM223,LRRIQ1,PXDN"
"DEG_MVL_CRC29","1542","HMG20B","1280.00000000000000","ARCHS4 Coexpression,1421;Enrichr Queries,1088;GTEx Coexpression,1331","GPR162,PXDN,RAC2,EMP3"
"DEG_MVL_CRC29","1543","ZNF511","1281.00000000000000","ARCHS4 Coexpression,1475;Enrichr Queries,1293;GTEx Coexpression,1076","LSMEM1,PXDN,MTCP1"
"DEG_MVL_CRC29","1544","ZNF510","1281.00000000000000","ARCHS4 Coexpression,1440;Enrichr Queries,1403;GTEx Coexpression,1001","PRRT2,ZNF337"
"DEG_MVL_CRC29","1545","TFCP2","1289.00000000000000","ARCHS4 Coexpression,1347;Enrichr Queries,1272;GTEx Coexpression,1249","PLPPR3,LMNTD2,PXDN,TRAPPC5"
"DEG_MVL_CRC29","1546","ZNF721","1290.00000000000000","ARCHS4 Coexpression,1604;Enrichr Queries,1158;GTEx Coexpression,1108","GPR162,PRRT2,PXDN,CYP1B1"
"DEG_MVL_CRC29","1547","ZFP69","1292.00000000000000","ARCHS4 Coexpression,1010;GTEx Coexpression,1573","ZMAT1,PLPPR3"
"DEG_MVL_CRC29","1548","CPXCR1","1296.00000000000000","ARCHS4 Coexpression,1012;Enrichr Queries,1280;GTEx Coexpression,1597","PXDN,DNAH6,SLC52A1,LY6G5C"
"DEG_MVL_CRC29","1549","PURA","1297.00000000000000","ARCHS4 Coexpression,1245;GTEx Coexpression,1348","PRUNE2,MTCP1"
"DEG_MVL_CRC29","1550","KLF16","1300.00000000000000","ARCHS4 Coexpression,1541;Enrichr Queries,1100;GTEx Coexpression,1259","PLPPR3,PXDN,IER5L"
"DEG_MVL_CRC29","1551","PREB","1301.00000000000000","ARCHS4 Coexpression,1393;Enrichr Queries,1390;GTEx Coexpression,1121","SLC35A4,PXDN,TNNI2"
"DEG_MVL_CRC29","1552","ZNF277","1304.00000000000000","ARCHS4 Coexpression,1597;Enrichr Queries,749;GTEx Coexpression,1565","ABCA1,CDKN1B,PLPPR3,PXDN,TFPI"
"DEG_MVL_CRC29","1553","ZUP1","1304.00000000000000","ARCHS4 Coexpression,1603;Enrichr Queries,970;GTEx Coexpression,1340","ABCA1,PXDN,ZNF878,EPSTI1,IFIT1"
"DEG_MVL_CRC29","1554","HMGA1","1307.00000000000000","ARCHS4 Coexpression,1087;Enrichr Queries,1329;GTEx Coexpression,1504","COL13A1,PXDN,POU5F1"
"DEG_MVL_CRC29","1555","ZNF146","1311.00000000000000","ARCHS4 Coexpression,1388;Enrichr Queries,1320;GTEx Coexpression,1224","TAS2R20,PXDN"
"DEG_MVL_CRC29","1556","MYSM1","1313.00000000000000","ARCHS4 Coexpression,1544;Enrichr Queries,1334;GTEx Coexpression,1060","TRAPPC5,PXDN,EBLN2"
"DEG_MVL_CRC29","1557","ZNF202","1315.00000000000000","ARCHS4 Coexpression,1266;Enrichr Queries,1149;GTEx Coexpression,1529","PLPPR3,PXDN,POU5F1"
"DEG_MVL_CRC29","1558","TTF1","1316.00000000000000","ARCHS4 Coexpression,1231;GTEx Coexpression,1401","MTCP1,COX20"
"DEG_MVL_CRC29","1559","ZBTB41","1318.00000000000000","ARCHS4 Coexpression,1610;Enrichr Queries,1259;GTEx Coexpression,1086","ABCA1,GPR162,PRRT2,PXDN"
"DEG_MVL_CRC29","1560","ZNF805","1322.00000000000000","ARCHS4 Coexpression,1309;Enrichr Queries,1179;GTEx Coexpression,1477","ABCA1,PXDN,REM2"
"DEG_MVL_CRC29","1561","NFAT5","1323.00000000000000","ARCHS4 Coexpression,1251;Enrichr Queries,1197;GTEx Coexpression,1522","ABCA1,KYNU,PXDN"
"DEG_MVL_CRC29","1562","ZNF565","1325.00000000000000","ARCHS4 Coexpression,1501;Enrichr Queries,1022;GTEx Coexpression,1451","PLPPR3,PXDN,CYP1B1"
"DEG_MVL_CRC29","1563","ZNF534","1332.00000000000000","ARCHS4 Coexpression,1273;GTEx Coexpression,1390","PRRT2,SMC1B"
"DEG_MVL_CRC29","1564","MSANTD4","1332.00000000000000","ARCHS4 Coexpression,1063;GTEx Coexpression,1600","TUBB2B,FAM167A"
"DEG_MVL_CRC29","1565","ATF6","1336.00000000000000","ARCHS4 Coexpression,1400;Enrichr Queries,1286;GTEx Coexpression,1321","DHRS12,ABCA1,PXDN"
"DEG_MVL_CRC29","1566","ZNF576","1336.00000000000000","ARCHS4 Coexpression,1443;Enrichr Queries,1326;GTEx Coexpression,1240","PRRT2,PXDN"
"DEG_MVL_CRC29","1567","JRK","1338.00000000000000","ARCHS4 Coexpression,1402;GTEx Coexpression,1273","ZNF337"
"DEG_MVL_CRC29","1568","ZNF880","1339.00000000000000","ARCHS4 Coexpression,1511;GTEx Coexpression,1167","EFEMP2"
"DEG_MVL_CRC29","1569","CREBZF","1339.00000000000000","ARCHS4 Coexpression,1282;Enrichr Queries,1275;GTEx Coexpression,1461","CDKN1B,PXDN"
"DEG_MVL_CRC29","1570","E2F3","1340.00000000000000","ARCHS4 Coexpression,1398;Enrichr Queries,1162;GTEx Coexpression,1459","CDKN1B,PXDN"
"DEG_MVL_CRC29","1571","CDC5L","1341.00000000000000","ARCHS4 Coexpression,1155;Enrichr Queries,1401;GTEx Coexpression,1467","HES7"
"DEG_MVL_CRC29","1572","ZNF142","1344.00000000000000","ARCHS4 Coexpression,1532;Enrichr Queries,1351;GTEx Coexpression,1149","PRUNE2,PXDN,ZNF337"
"DEG_MVL_CRC29","1573","ZNF768","1344.00000000000000","ARCHS4 Coexpression,1459;Enrichr Queries,982;GTEx Coexpression,1592","PLPPR3,PXDN,RAB24"
"DEG_MVL_CRC29","1574","ZNF705D","1345.00000000000000","ARCHS4 Coexpression,1529;Enrichr Queries,1336;GTEx Coexpression,1169","STPG3,POU5F1"
"DEG_MVL_CRC29","1575","THAP12","1346.00000000000000","ARCHS4 Coexpression,1546;GTEx Coexpression,1146","PDIA2,AMY2B"
"DEG_MVL_CRC29","1576","ZNF691","1348.00000000000000","ARCHS4 Coexpression,1453;Enrichr Queries,1248;GTEx Coexpression,1342","PLPPR3,PXDN,ZNF564"
"DEG_MVL_CRC29","1577","THAP5","1348.00000000000000","ARCHS4 Coexpression,1207;Enrichr Queries,1404;GTEx Coexpression,1433","OR7D2"
"DEG_MVL_CRC29","1578","ZNF408","1354.00000000000000","ARCHS4 Coexpression,1432;Enrichr Queries,1341;GTEx Coexpression,1290","LIN37,PXDN"
"DEG_MVL_CRC29","1579","ZNF148","1354.00000000000000","ARCHS4 Coexpression,1141;Enrichr Queries,1354;GTEx Coexpression,1568","PXDN,IFIT1"
"DEG_MVL_CRC29","1580","ZNF410","1356.00000000000000","ARCHS4 Coexpression,1154;Enrichr Queries,1328;GTEx Coexpression,1585","CLEC2B,PXDN"
"DEG_MVL_CRC29","1581","ZNF281","1359.00000000000000","ARCHS4 Coexpression,1566;Enrichr Queries,1023;GTEx Coexpression,1487","ABCA1,PLPPR3,PXDN"
"DEG_MVL_CRC29","1582","ZNF324B","1360.00000000000000","ARCHS4 Coexpression,1267;GTEx Coexpression,1452","HES7"
"DEG_MVL_CRC29","1583","ZBTB42","1360.00000000000000","ARCHS4 Coexpression,1412;GTEx Coexpression,1308","SLC35A4"
"DEG_MVL_CRC29","1584","SPEN","1366.00000000000000","ARCHS4 Coexpression,1173;GTEx Coexpression,1559","NUTM2A"
"DEG_MVL_CRC29","1585","ZNF845","1367.00000000000000","ARCHS4 Coexpression,1617;Enrichr Queries,993;GTEx Coexpression,1492","PLPPR3,PXDN,IFIT1"
"DEG_MVL_CRC29","1586","ZNF195","1373.00000000000000","ARCHS4 Coexpression,1585;Enrichr Queries,1152;GTEx Coexpression,1381","GPR162,PLPPR3,PXDN"
"DEG_MVL_CRC29","1587","RBAK","1374.00000000000000","ARCHS4 Coexpression,1573;Enrichr Queries,1225;GTEx Coexpression,1324","ABCA1,PXDN,ZNF337"
"DEG_MVL_CRC29","1588","ZNF598","1374.00000000000000","ARCHS4 Coexpression,1449;Enrichr Queries,1368;GTEx Coexpression,1306","PXDN,CARD14"
"DEG_MVL_CRC29","1589","ZNF883","1377.00000000000000","ARCHS4 Coexpression,1150;GTEx Coexpression,1603","TUBB2B"
"DEG_MVL_CRC29","1590","MGA","1377.00000000000000","ARCHS4 Coexpression,1607;Enrichr Queries,1327;GTEx Coexpression,1196","PXDN,SMC1B"
"DEG_MVL_CRC29","1591","ZNF770","1377.00000000000000","ARCHS4 Coexpression,1502;Enrichr Queries,1144;GTEx Coexpression,1485","PLPPR3,PXDN"
"DEG_MVL_CRC29","1592","ZNF777","1378.00000000000000","ARCHS4 Coexpression,1562;Enrichr Queries,1116;GTEx Coexpression,1455","PLPPR3,PXDN,IER5L"
"DEG_MVL_CRC29","1593","ZNF286A","1379.00000000000000","ARCHS4 Coexpression,1576;Enrichr Queries,1302;GTEx Coexpression,1258","PXDN,ZNF337"
"DEG_MVL_CRC29","1594","ZNF664","1381.00000000000000","ARCHS4 Coexpression,1547;Enrichr Queries,1391;GTEx Coexpression,1206","CARNS1,PXDN"
"DEG_MVL_CRC29","1595","ZBED5","1382.00000000000000","ARCHS4 Coexpression,1275;GTEx Coexpression,1488","OR7D2"
"DEG_MVL_CRC29","1596","ZBTB6","1383.00000000000000","ARCHS4 Coexpression,1278;Enrichr Queries,1315;GTEx Coexpression,1555","CDKN1B,PXDN"
"DEG_MVL_CRC29","1597","NKRF","1394.00000000000000","ARCHS4 Coexpression,1469;Enrichr Queries,1335;GTEx Coexpression,1378","PXDN,SYT13"
"DEG_MVL_CRC29","1598","NFXL1","1397.00000000000000","ARCHS4 Coexpression,1531;Enrichr Queries,1104;GTEx Coexpression,1556","ABCA1,PLPPR3,PXDN"
"DEG_MVL_CRC29","1599","THYN1","1397.00000000000000","ARCHS4 Coexpression,1461;GTEx Coexpression,1333","NRSN2"
"DEG_MVL_CRC29","1600","NFE4","1400.00000000000000","GTEx Coexpression,1400","REM2"
"DEG_MVL_CRC29","1601","REPIN1","1400.00000000000000","ARCHS4 Coexpression,1512;Enrichr Queries,1172;GTEx Coexpression,1517","PLPPR3,PXDN"
"DEG_MVL_CRC29","1602","ZNF326","1401.00000000000000","ARCHS4 Coexpression,1536;Enrichr Queries,1281;GTEx Coexpression,1385","PLPPR3,CARNS1,PXDN"
"DEG_MVL_CRC29","1603","ZBTB26","1402.00000000000000","ARCHS4 Coexpression,1534;Enrichr Queries,1093;GTEx Coexpression,1579","ABCA1,CDKN1B,PXDN"
"DEG_MVL_CRC29","1604","ZNF614","1404.00000000000000","ARCHS4 Coexpression,1569;GTEx Coexpression,1238","ZNF337"
"DEG_MVL_CRC29","1605","ZBED4","1406.00000000000000","ARCHS4 Coexpression,1487;Enrichr Queries,1273;GTEx Coexpression,1457","PLPPR3,PXDN"
"DEG_MVL_CRC29","1606","RFX7","1407.00000000000000","ARCHS4 Coexpression,1480;Enrichr Queries,1235;GTEx Coexpression,1507","ABCA1,PXDN"
"DEG_MVL_CRC29","1607","ZNF239","1414.00000000000000","ARCHS4 Coexpression,1441;Enrichr Queries,1213;GTEx Coexpression,1587","PXDN,CYP1B1"
"DEG_MVL_CRC29","1608","THAP4","1417.00000000000000","ARCHS4 Coexpression,1479;Enrichr Queries,1184;GTEx Coexpression,1588","PLPPR3,PXDN"
"DEG_MVL_CRC29","1609","FAM200B","1422.00000000000000","ARCHS4 Coexpression,1289;GTEx Coexpression,1554","COX20"
"DEG_MVL_CRC29","1610","GTF2I","1424.00000000000000","ARCHS4 Coexpression,1424",""
"DEG_MVL_CRC29","1611","ZNF623","1425.00000000000000","ARCHS4 Coexpression,1315;Enrichr Queries,1377;GTEx Coexpression,1582","PXDN,PKD1L2"
"DEG_MVL_CRC29","1612","ZNF670","1429.00000000000000","ARCHS4 Coexpression,1559;Enrichr Queries,1299","PXDN"
"DEG_MVL_CRC29","1613","ZNF121","1432.00000000000000","ARCHS4 Coexpression,1628;Enrichr Queries,1300;GTEx Coexpression,1369","PXDN,CARD14"
"DEG_MVL_CRC29","1614","BAZ2A","1436.00000000000000","ARCHS4 Coexpression,1389;Enrichr Queries,1387;GTEx Coexpression,1532","PXDN"
"DEG_MVL_CRC29","1615","CENPA","1438.00000000000000","ARCHS4 Coexpression,1425;GTEx Coexpression,1450",""
"DEG_MVL_CRC29","1616","ZNF749","1451.00000000000000","ARCHS4 Coexpression,1495;Enrichr Queries,1338;GTEx Coexpression,1520","PXDN"
"DEG_MVL_CRC29","1617","ZNF878","1452.00000000000000","ARCHS4 Coexpression,1401;GTEx Coexpression,1502",""
"DEG_MVL_CRC29","1618","ZNF507","1454.00000000000000","ARCHS4 Coexpression,1539;Enrichr Queries,1297;GTEx Coexpression,1525","PXDN"
"DEG_MVL_CRC29","1619","SRCAP","1461.00000000000000","ARCHS4 Coexpression,1395;Enrichr Queries,1394;GTEx Coexpression,1594","PXDN"
"DEG_MVL_CRC29","1620","ZNF695","1467.00000000000000","ARCHS4 Coexpression,1586;Enrichr Queries,1402;GTEx Coexpression,1414","ZNF878"
"DEG_MVL_CRC29","1621","SAFB","1469.00000000000000","ARCHS4 Coexpression,1375;GTEx Coexpression,1562",""
"DEG_MVL_CRC29","1622","PRMT3","1469.00000000000000","ARCHS4 Coexpression,1504;Enrichr Queries,1369;GTEx Coexpression,1533","PXDN"
"DEG_MVL_CRC29","1623","CENPX","1470.00000000000000","GTEx Coexpression,1470",""
"DEG_MVL_CRC29","1624","PCGF6","1470.00000000000000","ARCHS4 Coexpression,1548;Enrichr Queries,1370;GTEx Coexpression,1493","PXDN"
"DEG_MVL_CRC29","1625","ZNF888","1472.00000000000000","GTEx Coexpression,1472",""
"DEG_MVL_CRC29","1626","PA2G4","1473.00000000000000","ARCHS4 Coexpression,1484;GTEx Coexpression,1462",""
"DEG_MVL_CRC29","1627","MTERF3","1488.00000000000000","ARCHS4 Coexpression,1556;GTEx Coexpression,1419","MTCP1"
"DEG_MVL_CRC29","1628","ZKSCAN8","1491.00000000000000","ARCHS4 Coexpression,1481;GTEx Coexpression,1500",""
"DEG_MVL_CRC29","1629","REXO4","1495.00000000000000","ARCHS4 Coexpression,1409;GTEx Coexpression,1581",""
"DEG_MVL_CRC29","1630","CHAMP1","1513.00000000000000","ARCHS4 Coexpression,1473;GTEx Coexpression,1553",""
"DEG_MVL_CRC29","1631","TMF1","1529.00000000000000","ARCHS4 Coexpression,1451;GTEx Coexpression,1607",""
"DEG_MVL_CRC29","1632","L3MBTL3","1606.00000000000000","ARCHS4 Coexpression,1623;GTEx Coexpression,1589",""
