"ID","Description","setSize","enrichmentScore","NES","pvalue","p.adjust","qvalue","rank","leading_edge","core_enrichment","log2err"
"HP_COLON_PERFORATION","HP_COLON_PERFORATION","13","-0.7784686127970321","-2.146713408380347","0.0000918029284611464254122","0.016928949621711712054","0.010749013091619553928","123","tags=38%, list=1%, signal=38%","SEMA3D/ATP7A/SEMA3C/SREBF1/ERBB3","0.5384340963099162"
"HP_CLONIC_SEIZURE","HP_CLONIC_SEIZURE","64","-0.5283786628657439","-2.073691686458647","0.0000150742686779516978611","0.005983407931669827706","0.003799156570678966904","2158","tags=36%, list=15%, signal=31%","CACNA2D1/PEX3/PSAP/SMARCAL1/TRIM8/PLCB1/ATP6V1A/KIF5A/TBC1D24/CDKL5/KIF5C/SATB1/ASNS/DNM1/CACNA1E/KCNT1/DMXL2/ADAM22/CASK/GRIK2/PCDH19/GNAO1/SCN3A","0.5933254763964051"
"HP_GENERALIZED_TONIC_SEIZURE","HP_GENERALIZED_TONIC_SEIZURE","54","-0.5460054102106542","-2.072395874131246","0.0000119174104877672713013","0.005094234621578670914","0.003234577210206976590","1398","tags=33%, list=10%, signal=30%","HCN2/CACNB4/EEF1A2/CDKL5/ADGRV1/SLC6A19/DOCK7/SATB1/CHD2/STXBP1/DNM1/CACNA1E/TUBA1A/KCNT1/DMXL2/CASK/PCDH19/GNAO1","0.5933254763964051"
"HP_RIDGED_FINGERNAIL","HP_RIDGED_FINGERNAIL","9","0.8992782684203899","2.071215710427042","0.0000092393085455384831663","0.004849173240662413634","0.003078975826152951026","48","tags=33%, list=0%, signal=33%","WNT5A/MSX1/EFNB1","0.5933254763964051"
"HP_ABNORMAL_SECOND_TOE_MORPHOLOGY","HP_ABNORMAL_SECOND_TOE_MORPHOLOGY","14","-0.7506623734830191","-2.066702576163685","0.0001396261823039949331177","0.022649604632599535520","0.014381335059534698650","1677","tags=50%, list=12%, signal=44%","IPO8/KCNN3/TBC1D24/CEP295/BMP2/BCOR/MAP3K20","0.5188480777437918"
"HP_TONIC_SEIZURE","HP_TONIC_SEIZURE","126","-0.4587657222476704","-2.050635922855848","0.0000003264726981179252281","0.000302368130573551716","0.000191988225297524972","3027","tags=38%, list=21%, signal=30%","COG3/PCDH12/GNB1/CLCN4/KCNQ2/PURA/SCN9A/LNPK/ADNP/PHACTR1/TBL1XR1/CENPE/PPP3CA/PAFAH1B1/PIK3CA/PSAP/RUSC2/SLC38A3/TRIM8/CNTNAP2/PLCB1/ATP6V1A/ARFGEF1/HCN2/CACNB4/EEF1A2/CDKL5/ADGRV1/SLC6A19/PPFIBP1/DOCK7/SATB1/CHD2/STXBP1/DNM1/SLC25A12/CACNA1E/CLCN3/HID1/TUBA1A/KCNT1/SV2A/DMXL2/CASK/GRIK2/AKT3/PCDH19/GNAO1","0.6749628600110250"
"HP_LIPOATROPHY","HP_LIPOATROPHY","65","0.5602494076321684","2.042334784014283","0.0000203713952364699783240","0.007406509502322067111","0.004702752939943758391","1151","tags=23%, list=8%, signal=21%","ANKRD1/TNNC1/ACTB/TPM1/PDGFRB/LMNA/FHL2/FLNA/JPH2/BANF1/TXNRD2/VCL/PIK3R1/PPARG/FUCA1","0.5756102610711286"
"HP_SELF_INJURIOUS_BEHAVIOR","HP_SELF_INJURIOUS_BEHAVIOR","192","-0.4281853159971181","-2.034814308551980","0.0000000339150116932166972","0.000094232859989602590","0.000059833023803787176","3079","tags=38%, list=22%, signal=30%","RPS6KA3/MAOA/NDST1/VAMP2/CLCN4/NAT8L/H4C5/SATB2/KCNAB2/SOX5/MADD/OPHN1/CDC42BPB/DNM1L/SPOP/POGZ/ASXL3/MAPK1/AP1G1/RBL2/OCRL/FMR1/NMNAT1/IFT140/TRIM8/CNTNAP2/PRDM16/CHD7/TCF4/CEP152/GATAD2B/GUCY2D/CHD8/HNRNPH2/WASF1/PPFIA3/EEF1A2/NIPA1/CDKL5/RLIM/KIF5C/WAC/CASZ1/NFIX/GJA5/KMT2C/GRIA1/CTNNB1/SMARCC2/VPS13A/ATP1A1/WASHC4/AP1S2/DNM1/NIPBL/CACNA1E/FBXW11/CLCN3/CAMK2G/ATRX/BCL11A/THOC2/BCOR/MBD5/DMXL2/TBC1D23/CASK/TAOK1/RFX7/RERE/GNAO1/KMT2E","0.7195128263389107"
"HP_ST_SEGMENT_DEPRESSION","HP_ST_SEGMENT_DEPRESSION","9","0.8697656601512174","2.003242336612327","0.0000658031282189561975843","0.013543258648619984838","0.008599273302255032794","35","tags=22%, list=0%, signal=22%","CITED2/TNNC1","0.5384340963099162"
"HP_SHORT_FOOT","HP_SHORT_FOOT","130","-0.4495936972413557","-1.994465302269162","0.0000006095424095752429917","0.000423403396251203167","0.000268839399433465191","2292","tags=34%, list=16%, signal=29%","WDR26/BPNT2/TBL1XR1/CENPE/FBXL4/ADAMTSL2/MAP3K7/FMR1/IFT140/SMC3/INPPL1/PRDM16/FBN1/IFT80/RAD21/CERT1/ARL6/USP9X/DYNC2LI1/CEP120/CCBE1/GPC3/CDKL5/GJA1/WDR19/CCDC28B/KIF5C/CASZ1/BMP2/FBXO11/SATB1/GALNT2/SIN3A/DYNC2H1/NIPBL/SLC26A2/CAMK2G/LMBR1/MBD5/ZMYM2/CHD6/RERE/GPC4/KCNJ5","0.6594443980379349"
"HP_INTESTINAL_PERFORATION","HP_INTESTINAL_PERFORATION","18","-0.6868935060328388","-1.994383498682611","0.0005428414857744716078350","0.052922283095591909907","0.033602930278871914749","1156","tags=39%, list=8%, signal=36%","C1R/STAT3/SEMA3D/ATP7A/SEMA3C/SREBF1/ERBB3","0.4772708153628621"
"HP_VISUALLY_INDUCED_SEIZURE","HP_VISUALLY_INDUCED_SEIZURE","13","-0.7156297297452695","-1.973428229508229","0.0013605555116728228724765","0.082420908453370508862","0.052333041552218718950","1354","tags=46%, list=9%, signal=42%","CACNB4/KCTD7/SLC9A6/CHD2/CILK1/PCDH19","0.4550598673872295"
"HP_LIPODYSTROPHY","HP_LIPODYSTROPHY","109","0.4876775441570616","1.959581366131819","0.0000213252028139559236016","0.007406509502322067111","0.004702752939943758391","1151","tags=19%, list=8%, signal=18%","ANKRD1/CAV1/CAVIN1/TNNC1/ACTB/TPM1/PDGFRB/LMNA/FHL2/FLNA/JPH2/BANF1/TXNRD2/VCL/TMEM43/PIK3R1/PMM2/ALG3/ATP6V0A2/PPARG/FUCA1","0.5756102610711286"
"HP_MULTIPLE_LENTIGINES","HP_MULTIPLE_LENTIGINES","15","-0.6954475453236191","-1.950802831326039","0.0019917911155965693434378","0.096897130003574402646","0.061524698355353159285","2314","tags=53%, list=16%, signal=45%","MAPK1/KITLG/PTPN11/SMARCAL1/SHOC2/MAP2K1/BRAF/KRAS","0.4317076958033464"
"HP_EXPRESSIVE_APHASIA","HP_EXPRESSIVE_APHASIA","13","-0.7041562851858657","-1.941788935552003","0.0021204885629016187800766","0.099451057996820982354","0.063146311393840401371","1960","tags=54%, list=14%, signal=47%","GRN/MAPT/GJB1/TMEM106B/CHMP2B/FA2H/SCN3A","0.4317076958033464"
"HP_APLASIA_HYPOPLASIA_OF_THE_ABDOMINAL_WALL_MUSCULATURE","HP_APLASIA_HYPOPLASIA_OF_THE_ABDOMINAL_WALL_MUSCULATURE","32","-0.5594268748814246","-1.925235324985998","0.0008640985637498514813221","0.069470659152624653077","0.044110298713234519230","2116","tags=38%, list=15%, signal=32%","RIT1/PTPN11/FBN1/SOS2/GPC3/CBL/BRAF/SPRED2/CSGALNACT1/GPC4/ATP7A/KRAS","0.4772708153628621"
"HP_JUVENILE_MYELOMONOCYTIC_LEUKEMIA","HP_JUVENILE_MYELOMONOCYTIC_LEUKEMIA","18","-0.6612253318608361","-1.919856395776056","0.0011964687761685827583485","0.080105746857455598087","0.050863032906685992640","2369","tags=56%, list=17%, signal=46%","ARHGAP26/RIT1/PTPN11/SOS2/MAP2K1/NF1/CBL/BRAF/SPRED2/KRAS","0.4550598673872295"
"HP_ABSENT_FINGERNAIL","HP_ABSENT_FINGERNAIL","35","-0.5392751493578718","-1.913230716694031","0.0010856714265188379016369","0.076368052116014967234","0.048489788812634479487","2314","tags=43%, list=16%, signal=36%","MAPK1/CRKL/TRIM8/KCNN3/TBC1D24/NOTCH1/CDKL5/DOCK6/APC/DLL4/CACNA1E/RBPJ/DMXL2/CASK/GNAO1","0.4550598673872295"
"HP_PERSONALITY_DISORDER","HP_PERSONALITY_DISORDER","15","-0.6809392916388713","-1.910105667958194","0.0033177093802588555025712","0.127148351904127321355","0.080732669760117323210","1887","tags=53%, list=13%, signal=46%","CYP27A1/XK/FRYL/WAC/RORA/CHD2/DNM1/KCNT1","0.4317076958033464"
"HP_PURE_RED_CELL_APLASIA","HP_PURE_RED_CELL_APLASIA","27","0.6317660149519317","1.909534057670358","0.0007555623781927560704205","0.062666569188315604522","0.039790051223743787279","4051","tags=81%, list=28%, signal=58%","RPS26/RPL35/RPL8/RPL26/RPS19/RPS7/RPL27/RPS10/RPS28/RPL11/TSR2/TP53/PNP/RPL18/RPS24/RPS27/RPL35A/RPL15/RPS20/RPS29/RPL5/RPS15A","0.4772708153628621"
"HP_ABNORMAL_PULMONARY_VALVE_MORPHOLOGY","HP_ABNORMAL_PULMONARY_VALVE_MORPHOLOGY","54","-0.5025877021068581","-1.907601391410228","0.0001560728577521183215674","0.022823601856013724098","0.014491814355307773218","1282","tags=31%, list=9%, signal=29%","NOTCH1/SOS2/SEC24C/DDX3X/POLA1/SNX10/DOCK6/CBL/TGFBR1/DLL4/BRAF/SPRED2/ATRX/RBPJ/DACT1/JMJD1C/KRAS","0.5188480777437918"
"HP_BROAD_FOOT","HP_BROAD_FOOT","35","-0.5370359901068711","-1.905286667605759","0.0011837307673827981730624","0.080105746857455598087","0.050863032906685992640","2647","tags=40%, list=19%, signal=33%","CDC42BPB/POGZ/TBL1XR1/NSD1/ARL6/GPC3/DYM/CCDC28B/SUZ12/FBXO11/SLC26A2/LMBR1/PHF6/GPC4","0.4550598673872295"
"HP_ABNORMAL_ERYTHROCYTE_ADENOSINE_DEAMINASE_ACTIVITY","HP_ABNORMAL_ERYTHROCYTE_ADENOSINE_DEAMINASE_ACTIVITY","25","0.6288192502847252","1.904058670852271","0.0019055587936634874827307","0.094546341217750004549","0.060032068274981760514","4051","tags=80%, list=28%, signal=57%","RPS26/RPL35/RPL8/RPL26/RPS19/RPS7/RPL27/RPS10/RPS28/RPL11/TSR2/RPL18/RPS24/RPS27/RPL35A/RPL15/RPS20/RPS29/RPL5/RPS15A","0.4550598673872295"
"HP_EURYBLEPHARON","HP_EURYBLEPHARON","9","0.8260192293099199","1.902485654264424","0.0006636399140195868443307","0.056736107726259137063","0.036024512940539619998","46","tags=33%, list=0%, signal=33%","WNT5A/ACTB/ACTG1","0.4772708153628621"
"HP_ABNORMALITY_OF_SECONDARY_SEXUAL_HAIR","HP_ABNORMALITY_OF_SECONDARY_SEXUAL_HAIR","52","0.5412548735349569","1.892350734756680","0.0010266214889073539684450","0.075064942287607447358","0.047662381033748653369","2550","tags=37%, list=18%, signal=30%","TBX3/AXL/HR/GLI2/DHX37/ZFPM2/DUSP6/MRPS22/SRA1/ITGB4/KRT74/SPRY4/POLR3H/AXIN2/SNRPE/PPP2R3C/ORC6/RPL21/FOXL2","0.4550598673872295"
"HP_GENERALIZED_CLONIC_SEIZURE","HP_GENERALIZED_CLONIC_SEIZURE","26","-0.5861679605965491","-1.884439239159424","0.0012934090136995221240190","0.082420908453370508862","0.052333041552218718950","1954","tags=38%, list=14%, signal=33%","PSAP/TRIM8/CDKL5/SATB1/CACNA1E/KCNT1/DMXL2/CASK/PCDH19/GNAO1","0.4550598673872295"
"HP_CALCIFICATION_OF_CARTILAGE","HP_CALCIFICATION_OF_CARTILAGE","11","-0.7456394320103713","-1.880082168037347","0.0017552684585642513905718","0.092229497087837022939","0.058560991306819680513","3421","tags=73%, list=24%, signal=55%","PEX5/ANKH/ABCC6/LBR/PEX2/ENPP1/SLC26A2/TNFRSF11B","0.4550598673872295"
"HP_ABSENT_THUMBNAIL","HP_ABSENT_THUMBNAIL","15","-0.6676163143985918","-1.872733328524692","0.0048878973809237816552931","0.150066551081731780481","0.095284548553617245958","1698","tags=40%, list=12%, signal=35%","TRIM8/CDKL5/CACNA1E/DMXL2/CASK/GNAO1","0.4070179189239539"
"HP_CORNEAL_STROMAL_EDEMA","HP_CORNEAL_STROMAL_EDEMA","11","0.7658180299903645","1.871307538373010","0.0014395561915504923033993","0.082420908453370508862","0.052333041552218718950","1355","tags=36%, list=9%, signal=33%","LTBP2/PDGFRB/SLC4A11/CYP1B1","0.4550598673872295"
"HP_DECREASED_ACTIVITY_OF_MITOCHONDRIAL_COMPLEX_I","HP_DECREASED_ACTIVITY_OF_MITOCHONDRIAL_COMPLEX_I","97","0.4850329452169043","1.870952664762703","0.0000856908414218303106065","0.016420138130383139102","0.010425943940628467493","4216","tags=49%, list=30%, signal=35%","FLAD1/IBA57/NDUFA12/PUS1/NDUFAF8/MRPS22/MRPS23/ISCU/CARS2/C1QBP/ELAC2/NDUFV1/TRMU/TXN2/GFM1/MRPL39/EARS2/NDUFS6/GTPBP3/FOXRED1/NDUFAF4/YARS2/MGME1/NDUFS3/ACAD9/UQCC2/TIMM22/TMEM126B/POLG/NDUFA8/NDUFB7/NDUFB9/TRMT5/NDUFAF3/SLC25A26/NDUFB11/BOLA3/ISCA2/MECR/MPV17/MTFMT/NDUFS8/NDUFB3/NDUFC2/NDUFAF2/SFXN4/NDUFA10/NDUFS2","0.5384340963099162"
"HP_FACIAL_ERYTHEMA","HP_FACIAL_ERYTHEMA","12","-0.7018458734223839","-1.869612701675635","0.0024139249365244482871395","0.105009472732550304674","0.066675619123977306058","1545","tags=42%, list=11%, signal=37%","ANAPC1/GJA1/USP8/LRP1/SAT1","0.4317076958033464"
"HP_LIMITED_KNEE_EXTENSION","HP_LIMITED_KNEE_EXTENSION","19","-0.6426587021260795","-1.865514430893257","0.0017044730811009332297618","0.091958804967746457515","0.058389115720461973180","2076","tags=42%, list=15%, signal=36%","FGF13/GPC6/DYM/ADGRV1/CSGALNACT1/PCDH19/ATP7A/DPYSL5","0.4550598673872295"
"HP_EQUINOVARUS_DEFORMITY","HP_EQUINOVARUS_DEFORMITY","13","-0.6754090452536319","-1.862515237933390","0.0049990878816837495957071","0.152636985486354931352","0.096916642315123133211","1283","tags=46%, list=9%, signal=42%","TBC1D24/LMX1B/SCYL2/VPS13A/ERGIC1/SLC26A2","0.4070179189239539"
"HP_VOLVULUS","HP_VOLVULUS","17","-0.6499094389181146","-1.860269913169464","0.0026349617201544515976419","0.111630375570427556320","0.070879552201515025334","1767","tags=29%, list=12%, signal=26%","SMC3/RAD21/NIPBL/ATRX/ZMYM3","0.4317076958033464"
"HP_ABNORMALITY_OF_THE_AXILLARY_HAIR","HP_ABNORMALITY_OF_THE_AXILLARY_HAIR","39","0.5622519116102314","1.858122332360947","0.0011056255482375105646947","0.076799514644448077516","0.048763745346873478559","2395","tags=38%, list=17%, signal=32%","TBX3/AXL/HR/DHX37/ZFPM2/DUSP6/SRA1/ITGB4/KRT74/SPRY4/AXIN2/SNRPE/PPP2R3C/ORC6/RPL21","0.4550598673872295"
"HP_ABNORMAL_MORPHOLOGY_OF_THE_OLFACTORY_BULB","HP_ABNORMAL_MORPHOLOGY_OF_THE_OLFACTORY_BULB","27","-0.5721820832388285","-1.855449922632052","0.0018994209406685618954369","0.094546341217750004549","0.060032068274981760514","2730","tags=56%, list=19%, signal=45%","KIF21A/FOXP2/CDON/SMCHD1/KIAA0586/DLL1/POU3F3/CRIPTO/PTCH1/SHH/CILK1/SEMA3A/STAG2/TUBA1A/ERBB3","0.4550598673872295"
"HP_ATTENTION_DEFICIT_HYPERACTIVITY_DISORDER","HP_ATTENTION_DEFICIT_HYPERACTIVITY_DISORDER","363","-0.3705350802040069","-1.853123914456971","0.0000000007206112172910678","0.000004004436534486464","0.000002542611425728989","3014","tags=36%, list=21%, signal=29%","MED12/TRAK1/AARS1/PPM1D/TLK2/GNB1/PRKD1/METTL5/H4C5/CLIP2/SATB2/GTF2IRD1/TMEM67/SOX5/MADD/OPHN1/SYNGAP1/CDC42BPB/ADNP/YWHAG/RIC1/SOX6/DNAJC12/SETD5/KDM3B/CDON/YME1L1/METTL27/POGZ/CHEK2/KCNA2/MAPK1/CACNA2D1/CRKL/WBP11/AGO1/DLL1/SMC5/PPP3CA/OCRL/CTSH/PIK3CA/NFIA/FMR1/CELF2/CYP27A1/YY1/NBEA/CYFIP2/SLC38A3/PHIP/SMC3/CNTNAP2/CSNK2A1/CHD7/MCTP2/MSH6/SHOC2/ANAPC1/ATP6V1A/SEMA3E/NSD1/UBE4A/EPCAM/GABRB2/PPP1R12A/GNE/CRIPTO/CHD3/MED12L/GTF2I/CHD8/RAD21/GNAQ/HNRNPH2/PPFIA3/EEF1A2/PMS1/NIPA1/SEC24C/POLA1/MSH2/PTCH1/SPRED1/FRYL/SHH/SLC6A19/WAC/NF1/ANKRD17/NPAT/TANC2/DHTKD1/SLC25A36/GRIA1/SCAPER/PCGF2/BMPR1A/PDZD8/TNRC6B/KPNA3/CHD2/SIN3A/DNM1/NIPBL/MLXIPL/PLAG1/CDK19/CSGALNACT1/STAG2/TUBA1A/KCNT1/ARID2/ZNF292/TBC1D23/DLG3/TAOK1/TNIK/GRIK2/ZMYM2/MED13/RFX7/PCDH19/RERE/JMJD1C/KRAS/SCN3A/PHF21A/ADGRL1/ZMYM3/BCORL1","0.8012155746177786"
"HP_LARGE_FACE","HP_LARGE_FACE","268","-0.3753958728620975","-1.851702618814238","0.0000000963536827994369367","0.000176177533393751629","0.000111863680571765986","3102","tags=37%, list=22%, signal=29%","EMILIN1/SPEG/COG3/MED12/TLK2/SLC2A10/CLCN4/PDE6D/TOGARAM1/PURA/PHF8/SATB2/ERCC8/TMEM67/OPHN1/MEIS2/SYNGAP1/CDC42BPB/ADNP/SELENON/RIC1/SOX6/SETD2/TSPAN7/MAPK1/KAT6A/TBL1XR1/KIAA0586/TCTN2/HERC1/CRKL/AHI1/SMC5/OCRL/NFIA/RUSC2/FMR1/PIBF1/POU4F1/NPHP1/SCN4A/CRLF1/DOCK3/FAM149B1/PPP2R5D/ASXL1/TCF20/CEP57/NBAS/NSD1/PPP1R12A/FBN1/ASPH/ZNF711/SNAP25/PPFIA3/EXTL3/KANSL1/PRKACB/CEP120/NHS/SEC24C/TOPORS/DDX3X/POLA1/MAP2K1/PTCH1/FRYL/BCAS3/TNNT1/NF1/APC/ASXL2/NFIX/RAB39B/FBXO11/SLC9A6/SLC12A6/PCGF2/GALNT2/SIN3A/BRAF/AP1S2/DNM1/PBX1/GFPT1/CUX1/SUFU/CLCN3/SYNE1/BCOR/PAK1/MAP3K20/ATP7A/JMJD1C/BRWD3/KRAS/SLC16A2/BCORL1","0.7049757151672383"
"HP_CUBITUS_VALGUS","HP_CUBITUS_VALGUS","53","-0.4941030962674862","-1.849673987461812","0.0005988701662328066444019","0.053676153447672680930","0.034081599213742347354","2342","tags=43%, list=16%, signal=36%","LMBRD2/MAPK1/VPS13B/PTPN11/PEX1/SHOC2/KLC4/ASPH/PEX2/PRKACB/DYNC2LI1/LMX1B/GJA1/MAP2K1/NF1/CBL/POP1/FBXO11/IDH1/BRAF/SPRED2/BCOR/KRAS","0.4772708153628621"
"HP_ABDOMINAL_PAIN","HP_ABDOMINAL_PAIN","285","-0.3713242105976201","-1.845807922643660","0.0000001268148521819338694","0.000176177533393751629","0.000111863680571765986","2658","tags=32%, list=19%, signal=27%","SPTB/PRSS1/SYK/MNX1/HLA-B/TRPM4/RUNX1/METTL27/MEN1/BRCA1/ALDH4A1/CHEK2/NUP133/TBL1XR1/GFI1/HFE/JAK2/FGF13/MCM6/PIK3CA/SCN5A/NRTN/TRPV6/NUP205/VHL/CDC73/CTLA4/TBK1/ASXL1/MSH6/MVK/NNT/TCF4/EPCAM/ALAD/GNE/PALLD/GTF2I/NOD2/RAD21/PTPN3/ALK/APOL1/ERAP1/COL4A5/PMS1/PKHD1/CARD8/GPC3/ZNRF3/MSH2/EPOR/TLR4/EPAS1/OPLAH/LPL/NF1/CDKN1B/APC/NPAT/ABCB4/CBL/CD46/BMP2/GAPVD1/CTNNB1/TBC1D8B/STAT3/BMPR1A/KLRC4/KIF1B/PTPRO/SEMA4D/ABCA1/EPB41/ATRX/CD2AP/BCL11A/BCOR/CASK/TET2/SCARB2/SEMA3D/ATP7A/SEMA3C/KRAS/SREBF1/ERBB3/ABCB1/PRSS2/SAT1","0.6901324587967956"
"HP_SHORT_STERNUM","HP_SHORT_STERNUM","13","-0.6676259702444038","-1.841052546687936","0.0059512686139819200026313","0.166186933105012729639","0.105520162769629929911","1074","tags=46%, list=8%, signal=43%","GPC3/LRP2/NFIX/PCGF2/NIPBL/GPC4","0.4070179189239539"
"HP_MULTIFOCAL_EPILEPTIFORM_DISCHARGES","HP_MULTIFOCAL_EPILEPTIFORM_DISCHARGES","58","-0.4656193170966835","-1.840097423495326","0.0009653601141892871086159","0.072876791609345500933","0.046273017794288807958","1698","tags=28%, list=12%, signal=24%","TRIM8/PLCB1/ARFGEF1/TBC1D24/CDKL5/DOCK7/SATB1/CHD2/STXBP1/CACNA1E/KCNT1/DMXL2/CASK/PCDH19/GNAO1/SCN3A","0.4772708153628621"
"HP_INCREASED_CIRCULATING_FREE_FATTY_ACID_LEVEL","HP_INCREASED_CIRCULATING_FREE_FATTY_ACID_LEVEL","7","0.8847651056084274","1.839694060969559","0.0006922114954450874933431","0.058282110305884114732","0.037006145135058850226","757","tags=57%, list=5%, signal=54%","HMGCS2/ACADVL/LMNA/GLYCTK","0.4772708153628621"
"HP_ABNORMAL_CORNEAL_ENDOTHELIUM_MORPHOLOGY","HP_ABNORMAL_CORNEAL_ENDOTHELIUM_MORPHOLOGY","17","0.6649954320955379","1.837178835930725","0.0032155854560365982122705","0.124958100553813816758","0.079341972701850754790","1501","tags=35%, list=11%, signal=32%","LTBP2/SLC4A11/FAS/CYP1B1/PAX6/FOXC1","0.4317076958033464"
"HP_RETICULOCYTOPENIA","HP_RETICULOCYTOPENIA","34","0.5754615370906260","1.833021309166431","0.0014492257945234762565867","0.082420908453370508862","0.052333041552218718950","4051","tags=71%, list=28%, signal=51%","PRF1/RPS26/RPL35/SBDS/RPL8/RPL26/RPS19/RPS7/RPL27/RPS10/RPS28/RPL11/TSR2/TERT/RPL18/RPS24/RPS27/RPL35A/RPL15/RPS20/STEAP3/RPS29/RPL5/RPS15A","0.4550598673872295"
"HP_FOCAL_TONIC_SEIZURE","HP_FOCAL_TONIC_SEIZURE","31","-0.5484430580254258","-1.829574111040735","0.0024187893665226630965370","0.105009472732550304674","0.066675619123977306058","2928","tags=39%, list=20%, signal=31%","CLCN4/KCNQ2/PURA/PIK3CA/TRIM8/CDKL5/CACNA1E/KCNT1/DMXL2/CASK/AKT3/GNAO1","0.4317076958033464"
"HP_ABNORMAL_INTERPRETATION_OF_EXTERNAL_STIMULI","HP_ABNORMAL_INTERPRETATION_OF_EXTERNAL_STIMULI","35","-0.5144055061874686","-1.824998642059234","0.0034008371570728849510312","0.127692243796310972437","0.081078013162995052343","3306","tags=57%, list=23%, signal=44%","ABCD1/PMS2/ATM/EPRS1/CHEK2/PIK3CA/GRN/ATP6AP2/MAPT/MSH6/TMEM106B/EPCAM/TRANK1/PMS1/CHMP2B/MSH2/NPAT/BMPR1A/APP/KRAS","0.4317076958033464"
"HP_STEREOTYPIC_UPPER_EXTREMITY_MOVEMENTS","HP_STEREOTYPIC_UPPER_EXTREMITY_MOVEMENTS","54","-0.4808194490788507","-1.824978697717719","0.0004998722695112638387052","0.050505276394074420654","0.032068255224737232667","1935","tags=35%, list=14%, signal=31%","FMR1/CELF2/CNTNAP2/CSNK2A1/AFF2/CHD8/HNRNPH2/NOVA2/CDKL5/PUM1/SATB1/PDZD8/AP1S2/CDK19/BCL11A/MBD5/CASK/GRIK2/ZBTB18","0.4772708153628621"
"HP_FEBRILE_SEIZURE_WITHIN_THE_AGE_RANGE_OF_3_MONTHS_TO_6_YEARS","HP_FEBRILE_SEIZURE_WITHIN_THE_AGE_RANGE_OF_3_MONTHS_TO_6_YEARS","125","-0.4091523229516209","-1.822651000736555","0.0000545760066149471025033","0.011931925723299614123","0.007576159695312005733","2955","tags=35%, list=21%, signal=28%","GNB1/KCNQ2/SATB2/SCN9A/SYNGAP1/AASS/SEPSECS/MAF/ALDH4A1/POGZ/KCNA2/WDR26/AGO1/FGF13/TRIM8/MVK/ATP6V1A/HCN2/CHD8/CACNB4/FAR1/TBC1D24/MBOAT7/KCTD7/CDKL5/ADGRV1/WAC/ASXL2/NFIX/RFX5/SLC44A1/GPT2/CHD2/CILK1/SLC25A12/CACNA1E/APP/MBD5/DMXL2/CASK/RFX7/PCDH19/GNAO1/SCN3A","0.5573322387586460"
"HP_CYTOCHROME_C_OXIDASE_NEGATIVE_MUSCLE_FIBERS","HP_CYTOCHROME_C_OXIDASE_NEGATIVE_MUSCLE_FIBERS","33","0.5811537280951690","1.820068980547697","0.0010743054812952230851752","0.076368052116014967234","0.048489788812634479487","3447","tags=52%, list=24%, signal=39%","PUS1/COX10/TRMU/TOP3A/GTPBP3/RRM2B/TWNK/COX6B1/COA3/YARS2/BRAT1/ETHE1/COA8/SURF1/POLG/TRMT5/MRPL44","0.4550598673872295"
"HP_REFLEX_SEIZURE","HP_REFLEX_SEIZURE","17","-0.6352486696395523","-1.818305623439761","0.0043915603821229349384980","0.143552359079159697064","0.091148371373010142471","1354","tags=41%, list=9%, signal=37%","CACNB4/KCTD7/SLC9A6/CHD2/CILK1/TUBA1A/PCDH19","0.4070179189239539"
"HP_OSTEOLYTIC_DEFECTS_OF_THE_DISTAL_PHALANGES_OF_THE_HAND","HP_OSTEOLYTIC_DEFECTS_OF_THE_DISTAL_PHALANGES_OF_THE_HAND","5","0.9298146364456938","1.817295580774153","0.0002562274571083494748361","0.033112929747699956784","0.021025008834772387911","381","tags=60%, list=3%, signal=58%","PDGFRB/LMNA/BANF1","0.4984931087665903"
"HP_ABNORMAL_ACTIVITY_OF_MITOCHONDRIAL_RESPIRATORY_CHAIN","HP_ABNORMAL_ACTIVITY_OF_MITOCHONDRIAL_RESPIRATORY_CHAIN","144","0.4418629927816835","1.816208135681227","0.0000389323447679822899257","0.009819882559695508953","0.006235120816766943387","5057","tags=58%, list=35%, signal=38%","FLAD1/BCS1L/IBA57/NDUFA12/PUS1/NDUFAF8/COQ4/MRPS22/MRPS23/ISCU/CARS2/C1QBP/ELAC2/NDUFV1/TIMM50/TRMU/TXN2/GFM1/MRPL39/EARS2/NDUFS6/GTPBP3/ATP5F1D/RRM2B/FOXRED1/NDUFAF4/COX4I1/COA3/YARS2/MGME1/NDUFS3/ACAD9/UQCC2/COA8/TIMM22/KARS1/TMEM126B/COX16/POLG/PET100/NDUFA8/NDUFB7/NDUFB9/TRMT5/CHCHD10/TTC19/NDUFAF3/MTO1/SLC25A26/MRPS25/NDUFB11/BOLA3/NFS1/ISCA2/NFU1/MECR/MPV17/MTFMT/NDUFS8/NDUFB3/AIFM1/NDUFC2/NDUFAF2/UQCRH/SFXN4/NDUFA10/NDUFS2/NDUFV2/NDUFB10/SLC25A10/COA6/MRM2/CYC1/HACD1/ATPAF2/UQCRQ/SDHD/AFG3L2/COX5A/ATP5F1E/TAMM41/NDUFB8/SDHB","0.5573322387586460"
"HP_EPIDERMAL_ACANTHOSIS","HP_EPIDERMAL_ACANTHOSIS","43","0.5437682386759904","1.813435656204065","0.0015867247769956866181723","0.088174295857650311636","0.055986146907937149597","1937","tags=33%, list=14%, signal=28%","EGFR/GJB3/NIPAL4/SERPINB8/KRT13/TGM1/KRT16/CIB1/CLDN1/KRT74/ELOVL1/ALOXE3/AKT1/KRT10","0.4550598673872295"
"HP_PERSISTENT_BLEEDING_AFTER_TRAUMA","HP_PERSISTENT_BLEEDING_AFTER_TRAUMA","8","0.8312734462402662","1.812861907201605","0.0014616361885442092066051","0.082420908453370508862","0.052333041552218718950","432","tags=38%, list=3%, signal=36%","SERPINE1/F13A1/FGA","0.4550598673872295"
"HP_NEONATAL_INSULIN_DEPENDENT_DIABETES_MELLITUS","HP_NEONATAL_INSULIN_DEPENDENT_DIABETES_MELLITUS","15","-0.6456797260529656","-1.811198912389299","0.0080360983473841633012436","0.196725103596536554651","0.124910331784398906385","1812","tags=47%, list=13%, signal=41%","KCNJ11/EIF2AK3/APPL1/NEUROD1/ABCC8/STAT3/CNOT1","0.3807304007227924"
"HP_FEMALE_HYPOGONADISM","HP_FEMALE_HYPOGONADISM","19","0.6528857598912902","1.811032068075416","0.0035031738792142210099645","0.129780914978622846645","0.082404212034422080757","1313","tags=37%, list=9%, signal=34%","BMP4/LMNA/DUSP6/KISS1/SPRY4/NSMF/HS6ST1","0.4317076958033464"
"HP_MALIGNANT_NEOPLASM_OF_THE_CENTRAL_NERVOUS_SYSTEM","HP_MALIGNANT_NEOPLASM_OF_THE_CENTRAL_NERVOUS_SYSTEM","87","-0.4353484352463679","-1.810361084862170","0.0001508071569922949045975","0.022649604632599535520","0.014381335059534698650","3078","tags=43%, list=22%, signal=34%","ATM/LBX1/HACE1/KCNAB2/PDCD10/RUNX1/MEN1/CHEK2/PTPN11/PIK3CA/YY1/ASXL1/PRDM16/MSH6/NSD1/EPCAM/ALK/PMS1/GPC3/MSH2/PTCH1/SPRED1/CASZ1/NF1/CDKN1B/APC/NPAT/GPR161/CTNNB1/IDH1/BMPR1A/KIF1B/BRAF/SUFU/RERE/GPC4/KRAS","0.5188480777437918"
"HP_TRUNCAL_OBESITY","HP_TRUNCAL_OBESITY","76","-0.4447351160482496","-1.807436680479271","0.0002808039643418173253973","0.033200587869095292415","0.021080667237421114868","4120","tags=49%, list=29%, signal=35%","IGF1R/BPTF/GNAS/SMC1A/MKKS/RAI1/IFT74/PCSK1/SDCCAG8/USP48/CREBBP/BBS7/BBS12/CFAP418/ADNP/VPS13B/FMR1/DYRK1B/NPHP1/SMC3/RAD21/ARL6/BBS10/CCDC28B/USP8/WAC/BBS4/BBS9/GJA5/SCAPER/BBS2/BRAF/NIPBL/ATRX/TRIM32/THOC2/PHF6","0.4984931087665903"
"HP_APLASIA_OF_THE_SEMICIRCULAR_CANAL","HP_APLASIA_OF_THE_SEMICIRCULAR_CANAL","18","-0.6222281764583295","-1.806628824766523","0.0045490307966735057249030","0.146016427730311676436","0.092712928346817477521","2116","tags=50%, list=15%, signal=43%","RIT1/PTPN11/KDM6A/CHD7/SOS2/CBL/BRAF/SPRED2/KRAS","0.4070179189239539"
"HP_PROXIMAL_HYPERREFLEXIA","HP_PROXIMAL_HYPERREFLEXIA","21","0.6388664408533431","1.806307850889851","0.0022923495646273942677462","0.105009472732550304674","0.066675619123977306058","2114","tags=43%, list=15%, signal=37%","HARS1/IBA57/SPTAN1/FLRT1/ARL6IP1/HEXB/SIGMAR1/MTPAP/COX4I1","0.4317076958033464"
"HP_DIABETES_INSIPIDUS","HP_DIABETES_INSIPIDUS","47","-0.4869445990441490","-1.804588041530131","0.0014487507183801862347544","0.082420908453370508862","0.052333041552218718950","2548","tags=36%, list=18%, signal=30%","HLA-B/CDON/DLL1/OCRL/CTLA4/CRIPTO/ARL6/MAP2K1/PTCH1/CCDC28B/SHH/ROBO1/GPR161/CTNNB1/BRAF/CNOT1/STAG2","0.4550598673872295"
"HP_RESTRICTED_OR_REPETITIVE_BEHAVIORS_OR_INTERESTS","HP_RESTRICTED_OR_REPETITIVE_BEHAVIORS_OR_INTERESTS","265","-0.3661301297964071","-1.801365351702026","0.0000003151286026038695357","0.000302368130573551716","0.000191988225297524972","2714","tags=34%, list=19%, signal=28%","KCNAB2/TMEM67/SOX5/MADD/OPHN1/SYNGAP1/ADNP/AFF3/ZNF526/SETD5/NLGN3/YME1L1/POGZ/ASXL3/KMT2A/MAPK1/KAT6A/WDR26/NARS1/CACNA2D1/RBL2/AGO1/DLL1/OCRL/GRN/FMR1/CELF2/NMNAT1/IFT140/MAPT/CAMK2B/TRIM8/CNTNAP2/PPP2R5D/CSNK2A1/TCF20/PRDM16/AFF2/TMEM106B/PGAP1/TCF4/TRANK1/GUCY2D/CHD3/CHD8/HNRNPH2/CERT1/PPFIA3/EXTL3/EEF1A2/NOVA2/CHMP2B/POLA1/CDKL5/KIF5C/CASZ1/FGFRL1/PUM1/DOCK7/GJA5/TANC2/RAB39B/SLC9A6/SATB1/TPR/PDZD8/VPS13A/BRAF/AP1S2/NIPBL/CDK19/FBXW11/CLCN3/ATRX/BCL11A/THOC2/KCNT1/ARID2/MBD5/TBC1D23/CASK/TAOK1/GRIK2/ZMYM2/RFX7/RERE/ZBTB18/DPYSL5/ADGRL1/BCORL1","0.6749628600110250"
"HP_GENERALIZED_ONSET_MOTOR_SEIZURE","HP_GENERALIZED_ONSET_MOTOR_SEIZURE","168","-0.3856419164556094","-1.798547552362183","0.0000110929997077484224569","0.005094234621578670914","0.003234577210206976590","2988","tags=35%, list=21%, signal=28%","HACE1/PCDH12/GNB1/KCNQ2/PURA/SCN9A/LNPK/OPHN1/SYNGAP1/IER3IP1/SEPSECS/SETD5/DNM1L/POGZ/GLB1/NARS1/FGF13/FBXL4/PAFAH1B1/GRN/PSAP/MTHFR/SLC38A3/KCNJ11/ASAH1/TRIM8/CNTNAP2/NSD1/HCN2/CACNB4/TBC1D24/EEF1A2/MBOAT7/GAD1/KCTD7/ABCC8/CDKL5/SAMD12/ADGRV1/SLC6A19/DOCK7/SLC9A6/OGDHL/STAT3/SATB1/CHD2/CILK1/STXBP1/IREB2/DNM1/CACNA1E/TUBA1A/KCNT1/DMXL2/CASK/MED13/PCDH19/GNAO1","0.5933254763964051"
"HP_SPERMATOGENESIS_MATURATION_ARREST","HP_SPERMATOGENESIS_MATURATION_ARREST","9","-0.7550550762127286","-1.798527245980146","0.0037731874609862057004528","0.133733728111608801692","0.084914045252940190123","2213","tags=56%, list=15%, signal=47%","STAG3/KASH5/XRCC2/TEX15/SHOC1","0.4317076958033464"
"HP_PARTIAL_DUPLICATION_OF_THE_PHALANX_OF_HAND","HP_PARTIAL_DUPLICATION_OF_THE_PHALANX_OF_HAND","38","0.5440403442671459","1.796803852900743","0.0024446608808698171676210","0.105309926472818393695","0.066866391809804540114","4051","tags=66%, list=28%, signal=47%","RPS26/RPL35/RPL8/RPL26/RPS19/RPS7/RPL27/RPS10/RPS28/PPP2R3C/FGFR2/RPL11/TSR2/RPL18/RPS24/SF3B2/RPS27/RPL35A/KIF7/RPL15/RPS20/RPS29/RPL5/NUP107/RPS15A","0.4317076958033464"
"HP_ABNORMALITY_OF_THE_PUBIC_HAIR","HP_ABNORMALITY_OF_THE_PUBIC_HAIR","39","0.5433785273178845","1.795749833278808","0.0023332862141190497014265","0.105009472732550304674","0.066675619123977306058","2550","tags=38%, list=18%, signal=32%","AXL/HR/DHX37/ZFPM2/DUSP6/MRPS22/SRA1/ITGB4/KRT74/SPRY4/POLR3H/PPP2R3C/ORC6/RPL21/FOXL2","0.4317076958033464"
"HP_EEG_WITH_FOCAL_SHARP_SLOW_WAVES","HP_EEG_WITH_FOCAL_SHARP_SLOW_WAVES","10","-0.7307428531504295","-1.794497054079606","0.0023884615933121651661086","0.105009472732550304674","0.066675619123977306058","483","tags=40%, list=3%, signal=39%","CHD2/DNM1/HID1/AKT3","0.4317076958033464"
"HP_PERSISTENCE_OF_HEMOGLOBIN_F","HP_PERSISTENCE_OF_HEMOGLOBIN_F","32","0.5487814341698602","1.792133987799073","0.0048013115845700104003524","0.149055242879639920917","0.094642419812800013257","4051","tags=66%, list=28%, signal=47%","RPS26/RPL35/SBDS/RPL8/RPL26/RPS19/RPS7/RPL27/RPS10/RPS28/RPL11/TSR2/RPL18/RPS24/RPS27/RPL35A/RPL15/RPS20/RPS29/RPL5/RPS15A","0.4070179189239539"
"HP_LACTIC_ACIDOSIS","HP_LACTIC_ACIDOSIS","170","0.4226044504208479","1.791342145791591","0.0000558268973917203518488","0.011931925723299614123","0.007576159695312005733","4216","tags=45%, list=30%, signal=32%","TUFM/PDP1/BCS1L/OGDH/EEFSEC/IBA57/SLC25A3/PMPCA/PUS1/NDUFAF8/COX8A/MRPS22/ISCU/COX10/MRPS34/C1QBP/ELAC2/FARS2/NDUFV1/SLC25A19/TRMU/COQ2/GFM1/EARS2/NDUFS6/GTPBP3/ATP5F1D/RRM2B/PDHA1/FOXRED1/COQ9/NDUFAF4/COX6B1/YARS2/TRNT1/NDUFS3/ACAD9/ETHE1/UQCC2/MLYCD/MRPS7/COA8/WARS2/DAP3/TMEM126B/COX16/SLC25A13/SURF1/HLCS/POLG/PET100/NDUFA8/MICOS13/NDUFB7/NDUFB9/TRMT5/NDUFAF3/MTO1/SLC25A26/COQ8A/NDUFB11/PC/LIPT2/LIG3/BOLA3/LYRM4/NFU1/LONP1/MPV17/HSD17B10/NDUFS8/NDUFB3/NDUFAF2/PLPBP/SFXN4/NDUFA10/NDUFS2","0.5573322387586460"
"HP_FRAGILE_NAILS","HP_FRAGILE_NAILS","31","0.5720662865921783","1.791308781471048","0.0032559967633835570390011","0.125649819542516860693","0.079781178714712588929","1061","tags=29%, list=7%, signal=27%","MSX1/EFNB1/FOSL2/COL7A1/LMNA/FTL/LAMB3/ATP6V0A2/HRAS","0.4317076958033464"
"HP_RIDGED_NAIL","HP_RIDGED_NAIL","33","0.5719395192814244","1.791211735327652","0.0013919191407263204959821","0.082420908453370508862","0.052333041552218718950","308","tags=12%, list=2%, signal=12%","WNT5A/MSX1/EFNB1/DKC1","0.4550598673872295"
"HP_ABNORMAL_DESCEMET_MEMBRANE_MORPHOLOGY","HP_ABNORMAL_DESCEMET_MEMBRANE_MORPHOLOGY","11","0.7330236442007769","1.791173121395206","0.0040275467153784915916304","0.137366761904013978679","0.087220835022505993628","1501","tags=45%, list=11%, signal=41%","LTBP2/SLC4A11/CYP1B1/PAX6/FOXC1","0.4070179189239539"
"HP_SHORT_HARD_PALATE","HP_SHORT_HARD_PALATE","5","0.9152881131646021","1.788903914814093","0.0005863972269113051785996","0.053419826064690541234","0.033918844497296034290","786","tags=80%, list=6%, signal=76%","WNT5A/BMP4/GLI2/SNRPB","0.4772708153628621"
"HP_MADELUNG_DEFORMITY","HP_MADELUNG_DEFORMITY","7","-0.7836249177725120","-1.786646658503151","0.0126081104379177546398472","0.226037768841860886582","0.143522367942162276666","1018","tags=57%, list=7%, signal=53%","NIN/GJA1/IDH1/ZMYM3","0.3807304007227924"
"HP_ABNORMAL_ORAL_GLUCOSE_TOLERANCE","HP_ABNORMAL_ORAL_GLUCOSE_TOLERANCE","12","-0.6691645869705727","-1.782554630137136","0.0081754005180601357904990","0.198387339208996399398","0.125965765981968486065","1812","tags=42%, list=13%, signal=36%","KCNJ11/APPL1/NEUROD1/ABCC8/SLC5A1","0.3807304007227924"
"HP_ABNORMAL_SWEAT_GLAND_MORPHOLOGY","HP_ABNORMAL_SWEAT_GLAND_MORPHOLOGY","19","0.6418000371597521","1.780281513234166","0.0046393786474850182838248","0.146016427730311676436","0.092712928346817477521","2395","tags=37%, list=17%, signal=31%","MSX1/TBX3/LMNA/KRT74/NTRK1/NFKBIA/RPL21","0.4070179189239539"
"HP_ABNORMAL_RIGHT_VENTRICULAR_FUNCTION","HP_ABNORMAL_RIGHT_VENTRICULAR_FUNCTION","15","0.6688522487749758","1.778633426217216","0.0067504627517081059601134","0.180013938598927780710","0.114299600737911899451","232","tags=20%, list=2%, signal=20%","WNT5A/CITED2/CAPNS1","0.4070179189239539"
"HP_EPISODIC_PAIN","HP_EPISODIC_PAIN","36","-0.5028813669204635","-1.774831182013371","0.0040292931780374803552025","0.137366761904013978679","0.087220835022505993628","1741","tags=33%, list=12%, signal=29%","VHL/CDC73/NNT/GNE/ALK/EPAS1/LPL/NF1/CDKN1B/KIF1B/ATRX/ERBB3","0.4070179189239539"
"HP_MALE_URETHRAL_MEATUS_STENOSIS","HP_MALE_URETHRAL_MEATUS_STENOSIS","5","-0.8762758619014716","-1.773181037025672","0.0038562454646221843747311","0.135627569917123297349","0.086116537481685656585","941","tags=60%, list=7%, signal=56%","SPRED1/SIN3A/PTPRF","0.4317076958033464"
"HP_ABNORMAL_CSF_LACTATE_CONCENTRATION","HP_ABNORMAL_CSF_LACTATE_CONCENTRATION","98","0.4554958515100315","1.772834319230380","0.0004347523741087087477582","0.046085215655164026016","0.029261743786640249249","4216","tags=52%, list=30%, signal=37%","SLC2A1/IBA57/NDUFA12/NDUFAF8/COX8A/COX10/MRPS34/HMBS/FARS2/NDUFV1/TIMM50/SLC25A19/TXN2/GFM1/NDUFS6/GLRX5/RRM2B/PDHA1/FOXRED1/NDUFAF4/COX4I1/COX6B1/NDUFS3/UQCC2/COA8/TMEM126B/TRAPPC12/ECHS1/SURF1/CLPB/PNPT1/HTRA2/PET100/NDUFA8/NDUFB9/NDUFAF3/COQ8A/NDUFB11/LYRM4/NFU1/LONP1/MPV17/MTFMT/HSD17B10/NDUFS8/COX14/NDUFB3/AIFM1/NDUFAF2/NDUFA10/NDUFS2","0.4984931087665903"
"HP_NASAL_DYSARTHRIA","HP_NASAL_DYSARTHRIA","34","-0.5119054983710393","-1.769088705762909","0.0039856417099156087741063","0.137366761904013978679","0.087220835022505993628","5110","tags=68%, list=36%, signal=44%","IFT172/CEP290/BBS5/WDPCP/RILPL1/MKS1/MKKS/IFT74/SDCCAG8/BBS7/SELENOI/BBS12/CFAP418/ABCD3/LRP12/NPHP1/ARL6/BBS10/BBS4/BBS9/SCAPER/BBS2/TRIM32","0.4070179189239539"
"HP_BROAD_ALVEOLAR_RIDGES","HP_BROAD_ALVEOLAR_RIDGES","14","-0.6420310115289448","-1.767621759629681","0.0075203977978615214883273","0.192584564805145047606","0.122281302419343360088","3746","tags=64%, list=26%, signal=47%","SETBP1/FIG4/GNS/ZC4H2/ASXL1/TBC1D24/GJA1/RERE/SH3PXD2B","0.4070179189239539"
"HP_ATRIAL_FLUTTER","HP_ATRIAL_FLUTTER","14","0.6820004380864630","1.767500851167783","0.0074464809177007314916485","0.191574511387328533241","0.121639970402062147503","681","tags=29%, list=5%, signal=27%","CITED2/CAPNS1/LMNA/DMPK","0.4070179189239539"
"HP_MACROVESICULAR_HEPATIC_STEATOSIS","HP_MACROVESICULAR_HEPATIC_STEATOSIS","15","0.6635597939154880","1.764559559923021","0.0077420462759702794383609","0.194252626644374148945","0.123340435971522499603","3831","tags=73%, list=27%, signal=54%","NAA10/VPS33A/TRMU/EARS2/RRM2B/SLC25A13/POLG/MICOS13/LIG3/LYRM4/MPV17","0.4070179189239539"
"HP_ABNORMAL_CIRCULATING_FREE_FATTY_ACID_CONCENTRATION","HP_ABNORMAL_CIRCULATING_FREE_FATTY_ACID_CONCENTRATION","11","0.7221214702573650","1.764533215456693","0.0053569915705860299964813","0.156677906093402985466","0.099482419252142767485","921","tags=45%, list=6%, signal=43%","HMGCS2/ACADVL/LMNA/GLYCTK/UCP2","0.4070179189239539"
"HP_MYOCARDIAL_FIBROSIS","HP_MYOCARDIAL_FIBROSIS","17","0.6384645255898439","1.763882061881132","0.0068751549441011510638289","0.180013938598927780710","0.114299600737911899451","339","tags=18%, list=2%, signal=17%","SERPINE1/LMNA/JPH2","0.4070179189239539"
"HP_LOSS_OF_SUBCUTANEOUS_ADIPOSE_TISSUE_IN_LIMBS","HP_LOSS_OF_SUBCUTANEOUS_ADIPOSE_TISSUE_IN_LIMBS","8","0.8082136928929017","1.762572620779699","0.0036161451784464037836897","0.131339338278605666233","0.083393730748112154805","1086","tags=38%, list=8%, signal=35%","CAV1/LMNA/PPARG","0.4317076958033464"
"HP_ORTHOPNEA","HP_ORTHOPNEA","93","0.4555375316082902","1.758847461198552","0.0005677400878104430078860","0.053419826064690541234","0.033918844497296034290","556","tags=14%, list=4%, signal=14%","ANKRD1/CITED2/TNNC1/TPM1/PON2/LMNA/FHL2/PFN1/SQSTM1/JPH2/TXNRD2/VCL/FUS","0.4772708153628621"
"HP_MICROVESICULAR_HEPATIC_STEATOSIS","HP_MICROVESICULAR_HEPATIC_STEATOSIS","22","0.6137502823379377","1.756768175451774","0.0039284714786979382794563","0.137298842812103416566","0.087177709889261975618","3831","tags=64%, list=27%, signal=47%","BCS1L/NAA10/CARS2/SLC22A5/TRMU/DNAJC19/ACAD9/SLC25A13/VPS4A/TOMM7/POLG/MRPL44/LYRM4/MPV17","0.4070179189239539"
"HP_MEDIAL_FLARING_OF_THE_EYEBROW","HP_MEDIAL_FLARING_OF_THE_EYEBROW","36","-0.4972811931113261","-1.755066355247134","0.0046323079507788423800352","0.146016427730311676436","0.092712928346817477521","4126","tags=56%, list=29%, signal=40%","FRA10AC1/MKKS/IFT74/NRCAM/SDCCAG8/BBS7/BBS12/ABL1/PRKD1/CFAP418/NPHP1/ARL6/BBS10/BBS4/BBS9/SCAPER/BBS2/SIN3A/MLXIPL/TRIM32","0.4070179189239539"
"HP_ONYCHOGRYPHOSIS_OF_FINGERNAIL","HP_ONYCHOGRYPHOSIS_OF_FINGERNAIL","9","0.7616363456064723","1.754199139520314","0.0054054870090233927623635","0.157268540885565411003","0.099857441994556581100","739","tags=44%, list=5%, signal=42%","WNT5A/COL7A1/KRT17/KRT16","0.4070179189239539"
"HP_INTERVERTEBRAL_DISK_DEGENERATION","HP_INTERVERTEBRAL_DISK_DEGENERATION","6","0.8720172004954484","1.753216799516087","0.0029324279088199507563306","0.117414585260122425470","0.074552228124625044559","840","tags=50%, list=6%, signal=47%","LMNA/MATN3/SMAD3","0.4317076958033464"
"HP_ANTERIOR_CREASES_OF_EARLOBE","HP_ANTERIOR_CREASES_OF_EARLOBE","6","-0.8439781149645174","-1.752803235892911","0.0035616132792348599925281","0.130947986798355758831","0.083145242668306196254","1074","tags=67%, list=8%, signal=62%","GPC3/BRAF/RERE/GPC4","0.4317076958033464"
"HP_SPRENGEL_ANOMALY","HP_SPRENGEL_ANOMALY","46","0.5227463575643835","1.749448983892885","0.0036514550158931935106010","0.131760620281288820532","0.083661223171640736185","3879","tags=61%, list=27%, signal=44%","TBX3/EFNB1/LMNA/FLNA/RPS26/RPL35/TMEM43/SEPTIN9/RPL8/RPL26/SF3B4/RPS19/RPS7/RPL27/RPS10/RPS28/RPL11/TSR2/RPL18/RPS24/RPS27/RPL35A/RPL15/RPS20/EMD/NPR2/RPS29/RPL5","0.4317076958033464"
"HP_MUSCLE_ABNORMALITY_RELATED_TO_MITOCHONDRIAL_DYSFUNCTION","HP_MUSCLE_ABNORMALITY_RELATED_TO_MITOCHONDRIAL_DYSFUNCTION","75","0.4692936249820133","1.748907443285983","0.0009582860028036136032167","0.072876791609345500933","0.046273017794288807958","4579","tags=55%, list=32%, signal=37%","PUS1/NDUFAF8/ISCU/COX10/FARS2/NDUFV1/TRMU/TOP3A/NDUFS6/GTPBP3/RRM2B/FOXRED1/NDUFAF4/TWNK/COX6B1/COA3/YARS2/BRAT1/MGME1/NDUFS3/ETHE1/COA8/TMEM126B/SURF1/PNPT1/POLG/NDUFB9/TRMT5/MSTO1/NDUFAF3/MRPL44/NDUFB11/LIG3/MPV17/NDUFS8/NDUFB3/NDUFAF2/NDUFS2/NDUFV2/NDUFB10/SLC25A10","0.4772708153628621"
"HP_PROTRUSIO_ACETABULI","HP_PROTRUSIO_ACETABULI","13","0.6889633206631853","1.748073002681452","0.0086636635527465189615670","0.200035209933640267810","0.127012079213935147326","840","tags=38%, list=6%, signal=36%","BMP4/COL1A1/CRTAP/TGFB2/SMAD3","0.3807304007227924"
"HP_ENLARGED_THORAX","HP_ENLARGED_THORAX","60","-0.4476477935176344","-1.746781810182912","0.0035818056493341870853697","0.130947986798355758831","0.083145242668306196254","2314","tags=38%, list=16%, signal=32%","MAPK1/KAT6A/LBR/RIT1/PTPN11/RAB33B/EIF2AK3/FBN1/SOS2/PRKACB/TRPV4/DYM/MAP2K1/CBL/POP1/PCGF2/IDH1/CILK1/BRAF/SPRED2/BCOR/KRAS/TNFRSF11B","0.4317076958033464"
"HP_TAPERED_FINGER","HP_TAPERED_FINGER","141","-0.3871276001632158","-1.746314325251829","0.0001493633081334680813915","0.022649604632599535520","0.014381335059534698650","2842","tags=38%, list=20%, signal=30%","H4C5/RUNX2/SCN9A/PIGB/WNK1/CDC42BPB/ADNP/SETD5/MAF/SPOP/PRIM1/KMT2A/MAPK1/VPS13B/DLX5/IARS2/RUSC2/PHIP/CCDC88A/CRLF1/DOCK3/ASXL1/INPPL1/TCF20/KIFBP/TCF4/WASF1/USP9X/CDKL5/EXOC6B/GJA1/RETREG1/TRPM3/PUM1/KMT2C/KIF1A/FBXO11/KDM1A/SLC12A6/PCGF2/AMMECR1/CNOT1/SLC25A12/COPB1/ATRX/ACSL4/HIVEP2/ZMYM2/PHF6/DPYSL5/PHF21A/KMT2E/BCORL1","0.5188480777437918"
"HP_PRIMITIVE_NEUROECTODERMAL_TUMOR","HP_PRIMITIVE_NEUROECTODERMAL_TUMOR","58","-0.4412532738951190","-1.743804396832377","0.0033489794420728338265880","0.127467662736977654925","0.080935415730735732476","3218","tags=47%, list=23%, signal=36%","PMS2/ATM/LBX1/HACE1/KCNAB2/RUNX1/CHEK2/PTPN11/PIK3CA/YY1/PRDM16/MSH6/NSD1/EPCAM/ALK/PMS1/GPC3/MSH2/CASZ1/NF1/NPAT/BMPR1A/KIF1B/BRAF/RERE/GPC4/KRAS","0.4317076958033464"
"HP_FOCAL_MOTOR_SEIZURE","HP_FOCAL_MOTOR_SEIZURE","92","-0.4069822455985987","-1.736148246274581","0.0010542232227959658866917","0.076082057780223158461","0.048308197105632610935","2988","tags=35%, list=21%, signal=28%","HACE1/PCDH12/GNB1/CLCN4/KCNQ2/PURA/SCN9A/YWHAG/CACNA2D1/PEX3/PPP3CA/PAFAH1B1/PIK3CA/SMARCAL1/POU4F1/TRIM8/PLCB1/FAR1/TBC1D24/EXTL3/KCTD7/CDKL5/SATB1/STXBP1/CACNA1E/KCNT1/DMXL2/ADAM22/CASK/AKT3/PCDH19/GNAO1","0.4550598673872295"
"HP_POTTER_FACIES","HP_POTTER_FACIES","9","-0.7288315817622895","-1.736063366536421","0.0067897556599483526590388","0.180013938598927780710","0.114299600737911899451","2307","tags=56%, list=16%, signal=47%","UBA1/ACE/PKHD1/PBX1/FGF20","0.4070179189239539"
"HP_FIFTH_FINGER_DISTAL_PHALANX_CLINODACTYLY","HP_FIFTH_FINGER_DISTAL_PHALANX_CLINODACTYLY","28","-0.5201715790087895","-1.732292719779355","0.0076487569004170356812278","0.193200645889170297131","0.122672482249496186957","3887","tags=54%, list=27%, signal=39%","MKKS/IFT74/SDCCAG8/BBS7/BBS12/CFAP418/NPHP1/ARL6/BBS10/GJA1/BBS4/BBS9/SCAPER/BBS2/TRIM32","0.4070179189239539"
"HP_THICKENED_HELICES","HP_THICKENED_HELICES","46","-0.4737531954102425","-1.731852159893756","0.0028217927467668701795034","0.116153350324322210407","0.073751408750743902010","2389","tags=39%, list=17%, signal=33%","SPOP/RIT1/PTPN11/ADAMTSL2/TCF4/FBN1/SOS2/GDF11/DDX3X/MAP2K1/RB1/CBL/BMP2/SIN3A/BRAF/SPRED2/PBX1/KRAS","0.4317076958033464"
"HP_PROMINENT_NASAL_TIP","HP_PROMINENT_NASAL_TIP","26","-0.5379609317839381","-1.729461105238012","0.0060816209449343402310140","0.168137152194030498054","0.106758451676373031236","2700","tags=46%, list=19%, signal=38%","MADD/WDR26/PPP3CA/PGM2L1/PPFIA3/PRKACB/SC5D/PCGF2/ASNS/CSGALNACT1/BCL11A/RFX7","0.4070179189239539"
"HP_ATLANTOAXIAL_ABNORMALITY","HP_ATLANTOAXIAL_ABNORMALITY","13","-0.6265158327135303","-1.727686789858256","0.0175465739605395083799966","0.271605324508963907881","0.172455424237078935867","1130","tags=38%, list=8%, signal=35%","FKBP14/TRPV4/DYM/NFIX/GNPTAB","0.3524878575836192"
"HP_FOCAL_IMPAIRED_AWARENESS_SEIZURE","HP_FOCAL_IMPAIRED_AWARENESS_SEIZURE","108","-0.3965971293188523","-1.724503464761561","0.0003286979103687731780525","0.036531485758385454088","0.023195616234192226873","2955","tags=33%, list=21%, signal=27%","GNB1/CLCN4/KCNQ2/SCN9A/OPHN1/TICAM1/DNM1L/POGZ/CACNA2D1/AGO1/FGF13/FBXL4/PAFAH1B1/KDM6A/CAMK2B/TBK1/TRIM8/CNTNAP2/ZNFX1/PLCB1/NSD1/PNPLA8/TBC1D24/ADGRV1/PPFIBP1/DOCK7/STXBP1/CNOT1/DNM1/HID1/KCNT1/GRIK2/PCDH19/RERE/GNAO1/SCN3A","0.4984931087665903"
"HP_BIFID_RIBS","HP_BIFID_RIBS","15","-0.6146417276108127","-1.724134092552356","0.0166249198776295993573715","0.266238270201693605355","0.169047620545685589599","1604","tags=33%, list=11%, signal=30%","PRDM16/PTCH1/CASZ1/SUFU/RERE","0.3524878575836192"
"HP_PATCHY_ALOPECIA","HP_PATCHY_ALOPECIA","25","0.5693840813649008","1.724089548271944","0.0124491176816776943220288","0.226037768841860886582","0.143522367942162276666","1670","tags=32%, list=12%, signal=28%","KRT81/HR/LMNA/EXOSC2/LAMB3/ITGB4/HRAS/PADI3","0.3807304007227924"
"HP_POSTERIOR_FOSSA_CYST","HP_POSTERIOR_FOSSA_CYST","15","0.6482165711630321","1.723758368174922","0.0110492398267727325034127","0.211726295577158885042","0.134435317834496442790","2336","tags=47%, list=16%, signal=39%","PDGFRB/DPH2/PUF60/DPH1/FKRP/POMT2/FGFR2","0.3807304007227924"
"HP_ABNORMAL_DERMOEPIDERMAL_JUNCTION_MORPHOLOGY","HP_ABNORMAL_DERMOEPIDERMAL_JUNCTION_MORPHOLOGY","12","0.6889666046484815","1.722031267327380","0.0116146007974064126994085","0.216585022252306830248","0.137520359600630887043","2054","tags=50%, list=14%, signal=43%","ZAP70/PLEC/LAMB3/ITGB4/LAMA3/LAMC2","0.3807304007227924"
"HP_ANGIOID_STREAKS","HP_ANGIOID_STREAKS","9","-0.7225587608076831","-1.721121622878988","0.0078982712973237976378238","0.196725103596536554651","0.124910331784398906385","2457","tags=56%, list=17%, signal=46%","ABCC6/PIK3CA/GALNT3/ENPP1/TNFRSF11B","0.3807304007227924"
"HP_ABNORMAL_SYNOVIAL_MEMBRANE_MORPHOLOGY","HP_ABNORMAL_SYNOVIAL_MEMBRANE_MORPHOLOGY","15","-0.6129580191773703","-1.719411114951567","0.0170184045664277562581734","0.267985460294302590967","0.170156996472643012863","3535","tags=60%, list=25%, signal=45%","HYAL1/F8/ANKH/IL2RA/PTPN11/NOD2/MAP2K1/BRAF/TNFRSF11B","0.3524878575836192"
"HP_FRAGILE_SKIN","HP_FRAGILE_SKIN","33","0.5487558612156291","1.718604686863070","0.0027432649481458279416835","0.113763606842137057762","0.072234044439925940151","2054","tags=33%, list=14%, signal=29%","ITGA3/COL7A1/COL1A1/PDGFRB/PLEC/UROD/LAMB3/ITGB4/TUFT1/LAMA3/LAMC2","0.4317076958033464"
"HP_PITUITARY_ADENOMA","HP_PITUITARY_ADENOMA","48","-0.4646554830914419","-1.715895142290274","0.0017968942810928317885960","0.093320948785353893817","0.059254007048944193348","2393","tags=40%, list=17%, signal=33%","MEN1/CHEK2/PIK3CA/YY1/IFT140/MSH6/EPCAM/PMS1/MSH2/USP8/BICC1/CDKN1B/NPAT/KDM1A/IDH1/BMPR1A/BRAF/ATRX/KRAS","0.4550598673872295"
"HP_BILIARY_TRACT_NEOPLASM","HP_BILIARY_TRACT_NEOPLASM","15","-0.6116101651763316","-1.715630244030214","0.0178053742414137974869881","0.273108862460784695969","0.173410093575047857817","3496","tags=80%, list=24%, signal=60%","GPR35/BMP6/MST1/ARSA/BRCA1/HFE/PSAP/TCF4/PTPN3/PKHD1/SEMA4D/RNF43","0.3524878575836192"
"HP_OSTEOSARCOMA","HP_OSTEOSARCOMA","35","0.5383297653069030","1.715180740677415","0.0045281391628123300596709","0.146016427730311676436","0.092712928346817477521","4051","tags=69%, list=28%, signal=49%","LMNA/SQSTM1/RPS26/RPL35/RPL8/RPL26/RPS19/CDKN2A/RPS7/RPL27/RPS10/RPS28/RPL11/TSR2/TP53/RPL18/RPS24/RPS27/RPL35A/RPL15/RPS20/RPS29/RPL5/RPS15A","0.4070179189239539"
"HP_FACIAL_SHAPE_DEFORMATION","HP_FACIAL_SHAPE_DEFORMATION","12","-0.6435489728017472","-1.714318455465725","0.0170227956333592229942742","0.267985460294302590967","0.170156996472643012863","2307","tags=42%, list=16%, signal=35%","UBA1/ACE/PKHD1/PBX1/FGF20","0.3524878575836192"
"HP_X_LINKED_INHERITANCE","HP_X_LINKED_INHERITANCE","204","-0.3547751100727823","-1.713341883524071","0.0000251333233454423416451","0.008215639872389593132","0.005216509146621122611","2090","tags=28%, list=15%, signal=25%","SPIN4/FGF13/OCRL/FANCB/MAGT1/FMR1/ATP6AP2/EDA/LAMP2/KDM6A/USP27X/MAGED2/AFF2/KLHL15/GJB1/AMER1/HNRNPH2/ZNF711/GPRASP2/ARL6/USP9X/COL4A5/XK/GPC3/AR/NHS/DDX3X/POLA1/CDKL5/RLIM/POF1B/ATP11C/UBQLN2/CHM/RP2/RAB39B/SLC9A6/AMMECR1/TBC1D8B/DIAPH2/AP1S2/ATRX/STAG2/THOC2/BCOR/ACSL4/CASK/DLG3/PDK3/PCDH19/PHF6/GPC4/ATP7A/DOCK11/BRWD3/SLC16A2/ZMYM3/BCORL1","0.5756102610711286"
"HP_ABNORMALITY_OF_TASTE_SENSATION","HP_ABNORMALITY_OF_TASTE_SENSATION","7","-0.7512081354428376","-1.712737145781976","0.0251914398631146972673545","0.321444043899313414148","0.204100450016431067546","2757","tags=71%, list=19%, signal=58%","SCN9A/WNK1/TRANK1/RETREG1/KIF1A","0.3524878575836192"
"HP_ABNORMAL_MORPHOLOGY_OF_THE_VESTIBULE_OF_THE_INNER_EAR","HP_ABNORMAL_MORPHOLOGY_OF_THE_VESTIBULE_OF_THE_INNER_EAR","31","-0.5133714554322919","-1.712577286670078","0.0068638699536180429114363","0.180013938598927780710","0.114299600737911899451","2116","tags=42%, list=15%, signal=36%","RIT1/PTPN11/MAP3K7/KDM6A/CHD7/SEMA3E/SOS2/CBL/ESRP1/KCNJ10/BRAF/SPRED2/KRAS","0.4070179189239539"
"HP_SHORT_GREATER_SCIATIC_NOTCH","HP_SHORT_GREATER_SCIATIC_NOTCH","6","-0.8245920536284405","-1.712541586403905","0.0072983212602188065470932","0.188636145316446096620","0.119774258939173844363","1074","tags=67%, list=8%, signal=62%","GPC3/TRPV4/SLC26A2/GPC4","0.4070179189239539"
"HP_FAILURE_TO_THRIVE_IN_INFANCY","HP_FAILURE_TO_THRIVE_IN_INFANCY","109","-0.3881153244414935","-1.712413485912860","0.0008751027786006343759870","0.069470659152624653077","0.044110298713234519230","2785","tags=31%, list=19%, signal=25%","CLIP2/GTF2IRD1/SP110/SETD2/ABCC6/METTL27/SPOP/VPS13B/IL2RA/PTPN11/SLC30A9/JAK3/NRTN/ITCH/FDFT1/MVK/NSD1/GTF2I/COPB2/ACADSB/ENPP1/POLA1/MAP2K1/TRAPPC11/BRAF/MLXIPL/SLC39A8/SEMA3D/ATP7A/SEMA3C/KRAS/SLC16A2/SREBF1/ERBB3","0.4772708153628621"
"HP_HYPOKALEMIA","HP_HYPOKALEMIA","58","-0.4332750143094168","-1.712274831007730","0.0046656446784155564122543","0.146016427730311676436","0.092712928346817477521","2007","tags=29%, list=14%, signal=25%","OCRL/SCN5A/INSR/SCN4A/RRAGD/MAGED2/EHHADH/AKAP9/ZNRF3/KCNH2/USP8/SCN4B/CTNNB1/KCNJ10/BMPR1A/ATP1A1/KCNJ5","0.4070179189239539"
"HP_ABNORMAL_COCCYX_MORPHOLOGY","HP_ABNORMAL_COCCYX_MORPHOLOGY","7","-0.7509287703074512","-1.712100199745269","0.0251914398631146972673545","0.321444043899313414148","0.204100450016431067546","1070","tags=29%, list=7%, signal=26%","TRPV4/SH3PXD2B","0.3524878575836192"
"HP_HEMIMEGALENCEPHALY","HP_HEMIMEGALENCEPHALY","14","-0.6217862863732888","-1.711884550584839","0.0122115301738145356352794","0.224700242304262831627","0.142673107321492048660","149","tags=21%, list=1%, signal=21%","AKT3/KRAS/SCN3A","0.3807304007227924"
"HP_LIMITED_ELBOW_FLEXION","HP_LIMITED_ELBOW_FLEXION","10","-0.6965691921995739","-1.710576241663804","0.0065353302630145561000208","0.176295292580446044672","0.111938451604093547331","1982","tags=60%, list=14%, signal=52%","GPC6/ASXL1/LMX1B/STXBP1/SLC26A2/THOC2","0.4070179189239539"
"HP_BROAD_CLAVICLES","HP_BROAD_CLAVICLES","10","-0.6964744766775870","-1.710343647223162","0.0065353302630145561000208","0.176295292580446044672","0.111938451604093547331","1883","tags=40%, list=13%, signal=35%","ARSK/MYSM1/ATP7A/SH3PXD2B","0.4070179189239539"
"HP_URETHROVESICAL_OCCLUSION","HP_URETHROVESICAL_OCCLUSION","10","0.7291024003163407","1.710166450975833","0.0057028365991569742246559","0.160866309550839137188","0.102141840220542637341","896","tags=40%, list=6%, signal=38%","MID1/PLEC/IGF2/ITGB4","0.4070179189239539"
"HP_POST_PARTUM_HEMORRHAGE","HP_POST_PARTUM_HEMORRHAGE","13","0.6739129873228387","1.709886526559194","0.0114734336775263456864593","0.216128376088182722059","0.137230412751825042728","951","tags=31%, list=7%, signal=29%","SERPINE1/F13A1/TPM4/KIF23","0.3807304007227924"
"HP_FINGERNAIL_DYSPLASIA","HP_FINGERNAIL_DYSPLASIA","14","0.6595675658204754","1.709362881439316","0.0113797467371647368500343","0.215092695981035531005","0.136572809103682746290","739","tags=29%, list=5%, signal=27%","WNT5A/NXN/KRT17/KRT16","0.3807304007227924"
"HP_ABNORMALITY_OF_THE_MITOCHONDRION","HP_ABNORMALITY_OF_THE_MITOCHONDRION","213","0.3912663814267761","1.708251592060940","0.0001494666725549702204594","0.022649604632599535520","0.014381335059534698650","4216","tags=43%, list=30%, signal=31%","COL7A1/FLAD1/ACADVL/PDP1/BCS1L/SPG7/SQSTM1/IBA57/NDUFA12/SLC25A3/SLC25A20/PUS1/NDUFAF8/FUS/COQ4/MRPS22/MRPS23/ISCU/CARS2/C1QBP/CTNS/ELAC2/NDUFV1/ETFB/SLC22A5/TIMM50/TRMU/TXN2/TOP3A/GFM1/MRPL39/EARS2/NDUFS6/FXN/GLRX5/GTPBP3/ATP5F1D/RRM2B/PDHA1/FOXRED1/VCP/NDUFAF4/TWNK/COX4I1/COA3/YARS2/MGME1/NDUFS3/ACAD9/UQCC2/COA8/TIMM22/SCO1/KARS1/TMEM126B/COX16/ECHS1/PNPT1/POLG/DNAJC30/PET100/NDUFA8/NDUFB7/NDUFB9/TRMT5/CHCHD10/TTC19/NDUFAF3/MTO1/SLC25A26/MRPS25/NDUFB11/LIG3/BOLA3/NFS1/ISCA2/LYRM4/NFU1/MECR/MPV17/MTFMT/HSD17B10/NDUFS8/NDUFB3/AIFM1/NDUFC2/NDUFAF2/UQCRH/SFXN4/NEB/NDUFA10/NDUFS2","0.5188480777437918"
"HP_PLAGIOCEPHALY","HP_PLAGIOCEPHALY","143","-0.3785153582121510","-1.707829054579544","0.0002718362720361562059543","0.033200587869095292415","0.021080667237421114868","2730","tags=36%, list=19%, signal=30%","KIF21A/MADD/FOXP2/CDC42BPB/ADNP/FAM20C/MAF/POGZ/MAPK1/KAT6A/MN1/RAB23/CACNA2D1/WBP11/FBXL4/PPP3CA/CYFIP2/SMC3/PPP2R5D/IFIH1/PRUNE1/TCF20/BLTP1/TBC1D24/PPFIA3/MAFB/LMX1B/ATP2B1/CHN1/FOCAD/SCYL2/NFIX/TRPM3/KMT2C/GRIA1/FBXO11/PCGF2/ERGIC1/TCF12/STXBP1/CUX1/CLCN3/SLC26A2/GNPTAB/TUBA1A/ARID2/ZNF292/CASK/RFX7/KRAS/DPYSL5/PHF21A","0.4984931087665903"
"HP_APLASIA_HYPOPLASIA_INVOLVING_BONES_OF_THE_FEET","HP_APLASIA_HYPOPLASIA_INVOLVING_BONES_OF_THE_FEET","263","-0.3489356726675890","-1.707332382726730","0.0000052071257096036241199","0.003215110840918593196","0.002041430170937420362","2331","tags=29%, list=16%, signal=24%","KMT2A/VPS13B/KAT6A/WDR26/RAB23/DLX5/BPNT2/TBL1XR1/LBR/CENPE/FBXL4/RAB33B/ADA/ADAMTSL2/MAP3K7/FMR1/SOX9/IFT140/SMC3/ASAH1/ASXL1/INPPL1/PRDM16/CHD7/TCF4/KCNN3/FBN1/IFT80/RAD21/WASF1/CERT1/TBC1D24/NOTCH1/ARL6/USP9X/DYNC2LI1/CEP120/CCBE1/GPC3/TRPV4/CDKL5/DYM/GJA1/WDR19/CCDC28B/KIF5C/DOCK6/CASZ1/APC/FGFRL1/ROBO1/BMP2/FBXO11/CHST11/SATB1/TPR/GALNT2/DLL4/SIN3A/DYNC2H1/NIPBL/HOXA13/SLC26A2/CAMK2G/LMBR1/RBPJ/MBD5/MAP3K20/DACT1/ZMYM2/CHD6/RERE/PHF6/GPC4/KCNJ5","0.6105268783859310"
"HP_INCREASED_CIRCULATING_LACTATE_CONCENTRATION","HP_INCREASED_CIRCULATING_LACTATE_CONCENTRATION","201","0.3923426929747285","1.707033734454573","0.0001068918275311126625526","0.018178223157306629826","0.011542237591023895085","4142","tags=45%, list=29%, signal=33%","TUFM/PDP1/BCS1L/OGDH/NDUFA12/SLC25A3/PUS1/COQ4/COX8A/MRPS22/ISCU/COX10/CARS2/MRPS34/HSPD1/DTYMK/C1QBP/MRPS2/SLC7A7/PITRM1/FARS2/NDUFV1/TIMM50/TARS2/TRMU/TXN2/FASTKD2/GFM1/MRPL39/EARS2/SARS2/GLRX5/NAXD/GTPBP3/RRM2B/LETM1/PDHA1/DNAJC19/COQ9/NDUFAF4/TWNK/ATAD3A/COX4I1/RARS1/COX6B1/YARS2/NDUFS3/ACAD9/UQCC2/MRPL3/MRPS7/WARS2/AMPD3/TIMM22/SCO1/KARS1/TMEM126B/ECHS1/SURF1/ISCA1/CLPB/PNPT1/POLG/HTRA2/POLRMT/PET100/NDUFA8/MICOS13/NDUFB9/TRMT5/CHCHD10/MTO1/SLC25A26/COQ8A/MRPL44/PC/LIPT2/NFS1/NFU1/LONP1/MPV17/MTFMT/HSD17B10/NDUFS8/COX14/AIFM1/NDUFC2/UQCRH/PPCS/PLPBP/SFXN4","0.5384340963099162"
"HP_ABNORMAL_CARDIAC_TEST","HP_ABNORMAL_CARDIAC_TEST","18","-0.5879253517881113","-1.707031162422027","0.0125120376277562811440092","0.226037768841860886582","0.143522367942162276666","1897","tags=39%, list=13%, signal=34%","SCN5A/AKAP9/KCNH2/SCN4B/DSG2/HMGCR/KCNJ5","0.3807304007227924"
"HP_FOCAL_CORTICAL_DYSPLASIA","HP_FOCAL_CORTICAL_DYSPLASIA","16","-0.6094694143377932","-1.706239327212455","0.0103184888585502385072168","0.209510909528131228363","0.133028661534128650468","2224","tags=38%, list=16%, signal=32%","NUP133/PIK3CA/CNTNAP2/COPB2/AKT3/SCN3A","0.3807304007227924"
"HP_APLASIA_HYPOPLASIA_OF_THE_BREASTS","HP_APLASIA_HYPOPLASIA_OF_THE_BREASTS","49","0.4944878091005827","1.705356523911086","0.0039885697150996097040676","0.137366761904013978679","0.087220835022505993628","1313","tags=27%, list=9%, signal=24%","TBX3/ACTB/EFNB1/PLXND1/LMNA/GLI2/DUSP6/MRPS22/KISS1/SPRY4/POLR3H/NSMF/HS6ST1","0.4070179189239539"
"HP_HAIR_PULLING","HP_HAIR_PULLING","5","-0.8419031070399063","-1.703626322853125","0.0119291316535335319148903","0.220233171424205453892","0.139836746859449745362","1157","tags=60%, list=8%, signal=55%","EEF1A2/VPS13A/RFX7","0.3807304007227924"
"HP_ENTEROCOLITIS","HP_ENTEROCOLITIS","27","-0.5251410561142118","-1.702907099821449","0.0086336127680302927195344","0.200035209933640267810","0.127012079213935147326","971","tags=30%, list=7%, signal=28%","IL10RA/OPLAH/PLCG2/SEMA3D/ATP7A/SEMA3C/SREBF1/ERBB3","0.3807304007227924"
"HP_ACUTE_CORONARY_SYNDROME","HP_ACUTE_CORONARY_SYNDROME","90","-0.4009627986896144","-1.702841947137813","0.0013732599294924577662536","0.082420908453370508862","0.052333041552218718950","3603","tags=48%, list=25%, signal=36%","KCNJ2/VPS37D/USP48/SCN3B/TTN/LDLR/PITX2/SH2B3/SLC2A10/CLIP2/GTF2IRD1/HLA-B/KCNE2/ABCC6/METTL27/JAK2/PTPN11/DYRK1B/SCN5A/CYP27A1/MEF2A/VHL/ADAMTS13/GTF2I/ERAP1/ENPP1/EPOR/USP8/TLR4/LPL/BCHE/SCN4B/GJA5/CTNNB1/KLRC4/BRAF/ABCA1/ATRX/THOC2/LRP6/PCSK9/TET2/KCNJ5","0.4550598673872295"
"HP_THROMBOEMBOLISM","HP_THROMBOEMBOLISM","76","0.4507583085609012","1.701348280252810","0.0026302880952827970006958","0.111630375570427556320","0.070879552201515025334","512","tags=13%, list=4%, signal=13%","ANKRD1/CITED2/TNNC1/TPM1/F13A1/LMNA/FHL2/JPH2/TXNRD2/VCL","0.4317076958033464"
"HP_ADENOCARCINOMA_OF_THE_COLON","HP_ADENOCARCINOMA_OF_THE_COLON","34","0.5340823993806363","1.701216077559095","0.0066385111800087116470936","0.178213558586030967890","0.113156451944811456412","4051","tags=68%, list=28%, signal=49%","GREM1/RPS26/RPL35/RPL8/RPL26/RPS19/RPS7/RPL27/RPS10/RPS28/RPL11/TSR2/RPL18/POLE/RPS24/RPS27/RPL35A/RPL15/MAD1L1/RPS20/RPS29/RPL5/RPS15A","0.4070179189239539"
"HP_EPILEPTIC_ENCEPHALOPATHY","HP_EPILEPTIC_ENCEPHALOPATHY","109","-0.3850116288256106","-1.698719591613647","0.0009895990671689987392551","0.073322693550108342109","0.046556142613367441918","2983","tags=34%, list=21%, signal=27%","AARS1/CLCN4/KCNQ2/GUF1/SYNGAP1/NRXN1/AFF3/PHACTR1/DNM1L/KCNA2/PPP3CA/PAFAH1B1/CELF2/CYFIP2/SLC38A3/TRIM8/CACNA2D2/PLCB1/ATP6V1A/GABRB2/TBC1D24/EEF1A2/CDKL5/DOCK7/SLC9A6/CHD2/STXBP1/DNM1/SLC25A12/CACNA1E/KCNT1/DMXL2/ADAM22/CASK/GNAO1/SCN3A/KMT2E","0.4550598673872295"
"HP_ABNORMAL_SEMICIRCULAR_CANAL_MORPHOLOGY","HP_ABNORMAL_SEMICIRCULAR_CANAL_MORPHOLOGY","25","-0.5442874464113551","-1.698617076233746","0.0082640287017944069614117","0.198801764051391854915","0.126228904461079344257","2116","tags=44%, list=15%, signal=38%","RIT1/PTPN11/KDM6A/CHD7/SEMA3E/SOS2/CBL/ESRP1/BRAF/SPRED2/KRAS","0.3807304007227924"
"HP_RENAL_FANCONI_SYNDROME","HP_RENAL_FANCONI_SYNDROME","15","0.6384150120823990","1.697693746815292","0.0152584180749965898221676","0.249385380125753092218","0.158346901357202723970","2909","tags=53%, list=20%, signal=43%","BCS1L/CTNS/RRM2B/FAH/COA8/SURF1/VPS33B/POLRMT","0.3807304007227924"
"HP_SPERMATOCYTE_MATURATION_ARREST","HP_SPERMATOCYTE_MATURATION_ARREST","5","-0.8375063886634030","-1.694729378421219","0.0131848071882498148188478","0.232596741413029300949","0.147686978482714781347","2213","tags=80%, list=15%, signal=68%","STAG3/KASH5/TEX15/SHOC1","0.3807304007227924"
"HP_TRIANGULAR_MOUTH","HP_TRIANGULAR_MOUTH","17","0.6129275151847376","1.693331118544030","0.0143068748468047120953051","0.242388120499066411773","0.153904001058400213831","1448","tags=24%, list=10%, signal=21%","WNT5A/NXN/INPP5E/BAP1","0.3807304007227924"
"HP_ABSENCE_OF_PUBERTAL_DEVELOPMENT","HP_ABSENCE_OF_PUBERTAL_DEVELOPMENT","18","0.6089288616139080","1.691478291294660","0.0134619347315051221536386","0.235245192776647710220","0.149368609004170233012","1313","tags=39%, list=9%, signal=35%","LMNA/DHX37/DUSP6/KISS1/SPRY4/NSMF/HS6ST1","0.3807304007227924"
"HP_DUPLICATION_OF_THUMB_PHALANX","HP_DUPLICATION_OF_THUMB_PHALANX","53","0.4784329445447643","1.690033491685333","0.0046771502854049806091608","0.146016427730311676436","0.092712928346817477521","4051","tags=55%, list=28%, signal=39%","ACTB/ACTG1/RPS26/RPL35/NAA10/RPL8/RPL26/GLI3/RPS19/RPS7/RPL27/RPS10/RPS28/PPP2R3C/FGFR2/RPL11/TSR2/RPL18/RPS24/SF3B2/RPS27/RPL35A/KIF7/RPL15/RPS20/RPS29/RPL5/NUP107/RPS15A","0.4070179189239539"
"HP_EEG_WITH_BURST_SUPPRESSION","HP_EEG_WITH_BURST_SUPPRESSION","55","-0.4490277677761962","-1.689058915286867","0.0021296879434266145075805","0.099451057996820982354","0.063146311393840401371","2076","tags=29%, list=15%, signal=25%","FGF13/PIK3CA/CYFIP2/TRIM8/ALG11/GAD1/ZNF148/CDKL5/ASNS/STXBP1/CACNA1E/SV2A/DMXL2/CASK/AKT3/GNAO1","0.4317076958033464"
"HP_HEAD_BANGING","HP_HEAD_BANGING","10","-0.6876480057342964","-1.688668339640792","0.0086375742369847151314044","0.200035209933640267810","0.127012079213935147326","489","tags=30%, list=3%, signal=29%","VPS13A/TAOK1/RERE","0.3807304007227924"
"HP_ORAL_PHARYNGEAL_DYSPHAGIA","HP_ORAL_PHARYNGEAL_DYSPHAGIA","44","0.4903634416412699","1.686272140911470","0.0082209810860695235051887","0.198626051718644974775","0.126117336159013326835","1331","tags=20%, list=9%, signal=19%","MSX1/SLC2A3/BMP4/ARHGAP29/SLC2A1/TSEN54/SLC1A3/DLG1/ZNF699","0.3807304007227924"
"HP_RENAL_MAGNESIUM_WASTING","HP_RENAL_MAGNESIUM_WASTING","6","-0.8117410754450244","-1.685852225927741","0.0088788299607522186418507","0.201393257864898922449","0.127874369865058845619","556","tags=33%, list=4%, signal=32%","KCNJ10/ATP1A1","0.3807304007227924"
"HP_INCREASED_FEMALE_LIBIDO","HP_INCREASED_FEMALE_LIBIDO","11","0.6897435132630778","1.685416359196089","0.0110202098323118405365229","0.211726295577158885042","0.134435317834496442790","1313","tags=45%, list=9%, signal=41%","DUSP6/KISS1/SPRY4/NSMF/HS6ST1","0.3807304007227924"
"HP_MINIMAL_SUBCUTANEOUS_FAT","HP_MINIMAL_SUBCUTANEOUS_FAT","4","0.9320322849010499","1.683012093753823","0.0018910537939693277450365","0.094546341217750004549","0.060032068274981760514","534","tags=75%, list=4%, signal=72%","CAV1/LMNA/NAA10","0.4550598673872295"
"HP_PROMINENT_COCCYX","HP_PROMINENT_COCCYX","5","-0.8309375033532722","-1.681436962901470","0.0146198671933988055826603","0.243882154833298558927","0.154852636087557254951","46","tags=20%, list=0%, signal=20%","SH3PXD2B","0.3807304007227924"
"HP_INCREASED_HEMATOCRIT","HP_INCREASED_HEMATOCRIT","7","-0.7364066999042184","-1.678990215654621","0.0361390018799692194773066","0.375993658762674265450","0.238736652345077543513","2986","tags=86%, list=21%, signal=68%","SH2B3/BPGM/JAK2/VHL/EPOR/EPAS1","0.3217759180753611"
"HP_BIRTH_LENGTH_GREATER_THAN_97TH_PERCENTILE","HP_BIRTH_LENGTH_GREATER_THAN_97TH_PERCENTILE","5","-0.8297143882931004","-1.678961938168858","0.0151580151825446343000214","0.248475192830090063634","0.157768979195726161135","1074","tags=60%, list=8%, signal=56%","GPC3/SUZ12/GPC4","0.3807304007227924"
"HP_ABSENT_AXILLARY_HAIR","HP_ABSENT_AXILLARY_HAIR","11","0.6869974919435383","1.678706344291045","0.0117908417257900303282137","0.218405691567383986040","0.138676391058021181157","2266","tags=45%, list=16%, signal=38%","TBX3/HR/ITGB4/SNRPE/PPP2R3C","0.3807304007227924"
"HP_MITOCHONDRIAL_MYOPATHY","HP_MITOCHONDRIAL_MYOPATHY","44","0.4877098993181189","1.677147083628891","0.0086354748122547658056858","0.200035209933640267810","0.127012079213935147326","4520","tags=55%, list=32%, signal=37%","PUS1/NDUFAF8/ISCU/NDUFV1/TOP3A/NDUFS6/RRM2B/FOXRED1/NDUFAF4/TWNK/YARS2/NDUFS3/TMEM126B/POLG/NDUFB9/MSTO1/NDUFAF3/NDUFB11/NDUFS8/NDUFB3/NDUFAF2/NDUFS2/NDUFV2/NDUFB10","0.3807304007227924"
"HP_ONYCHOGRYPHOSIS","HP_ONYCHOGRYPHOSIS","25","0.5536264832745484","1.676375692084883","0.0179124117435872469428215","0.273459538623940456858","0.173632754918658094301","896","tags=32%, list=6%, signal=30%","WNT5A/COL7A1/LMNA/HPGD/PLEC/KRT17/KRT16/ITGB4","0.3524878575836192"
"HP_ABNORMAL_NAIL_ATTACHMENT","HP_ABNORMAL_NAIL_ATTACHMENT","21","0.5926093348932739","1.675522183789367","0.0085996604155476052966378","0.200035209933640267810","0.127012079213935147326","1085","tags=29%, list=8%, signal=26%","ITGA3/COL7A1/DKC1/UROD/ITGB4/KRT74","0.3807304007227924"
"HP_ABNORMALITY_OF_LYSOSOMAL_METABOLISM","HP_ABNORMALITY_OF_LYSOSOMAL_METABOLISM","9","-0.7033239591129552","-1.675304680501069","0.0101045287065082006749961","0.209510909528131228363","0.133028661534128650468","2007","tags=56%, list=14%, signal=48%","OCRL/PSAP/ASAH1/GNPTAB/TNFRSF11B","0.3807304007227924"
"HP_INCREASED_HEAD_CIRCUMFERENCE","HP_INCREASED_HEAD_CIRCUMFERENCE","435","-0.3212862113575788","-1.673422204359582","0.0000004517309969369917594","0.000358609878568409018","0.000227698845212002764","2290","tags=26%, list=16%, signal=23%","DHCR24/DAG1/GPRC5B/RAB23/ZBTB42/LBR/HERC1/PEX3/CCND2/RIT1/PTPN11/SPIN4/DLL1/LARGE1/B4GAT1/PIK3CA/NFIA/PSAP/FMR1/HES7/PIBF1/POU4F1/SOX9/ITCH/PEX1/IFT81/CNTNAP2/DOCK3/FAM149B1/PPP2R5D/INPPL1/TCF20/SHOC2/AFF2/BLTP1/NSD1/PPP1R12A/GNE/CRIPTO/CHD3/FBN1/AMER1/HSD17B4/CHD8/IFT80/L2HGDH/FAR1/GNAQ/ARL6/USP9X/PPFIA3/PEX2/CEP120/GAD1/GPC3/LRP2/GJA1/MAP2K1/SNX10/PTCH1/SPRED1/FOCAD/CCDC28B/SHH/OPLAH/DOCK6/NF1/APC/ASXL2/NFIX/ANKRD17/SUZ12/RAB39B/BMP2/POP1/FBXO11/MSX2/CTNNB1/KDM1A/PCGF2/SEC24D/IDH1/DNMT3B/BMPR1A/TNRC6B/DYNC2H1/BRAF/AP1S2/PLAG1/CACNA1E/SUFU/CLCN3/SLC26A2/CSGALNACT1/CAMK2G/STAG2/TUBA1A/THOC2/PAK1/THRA/TAOK1/AKT3/RFX7/RERE/PHF6/GPC4/BRWD3/KRAS/SLC16A2/DPYSL5/PHF21A/KMT2E/ADGRL1/TNFRSF11B","0.6749628600110250"
"HP_PROMINENT_UMBILICUS","HP_PROMINENT_UMBILICUS","7","0.8036486878371788","1.671028512255055","0.0102765904017110693002834","0.209510909528131228363","0.133028661534128650468","264","tags=29%, list=2%, signal=28%","CAVIN1/LMNA","0.3807304007227924"
"HP_PODOCYTE_FOOT_PROCESS_EFFACEMENT","HP_PODOCYTE_FOOT_PROCESS_EFFACEMENT","10","0.7120219126088945","1.670102837098131","0.0094605694488567558531056","0.206251072880901137330","0.130958832774482641925","505","tags=40%, list=4%, signal=39%","ZAP70/YRDC/SGPL1/KIRREL1","0.3807304007227924"
"HP_ERYTHROID_HYPOPLASIA","HP_ERYTHROID_HYPOPLASIA","29","0.5457638243977723","1.669893093925644","0.0101579010144578919111469","0.209510909528131228363","0.133028661534128650468","4051","tags=79%, list=28%, signal=57%","RPS26/RPL35/RPL8/RPL26/RPS14/RPS19/RPS7/RPL27/RPS10/RPS28/RPL11/TSR2/TP53/RPL18/RPS24/G6PC3/RPS27/RPL35A/RPL15/RPS20/RPS29/RPL5/RPS15A","0.3807304007227924"
"HP_ABNORMAL_CIRCULATING_CARNITINE_CONCENTRATION","HP_ABNORMAL_CIRCULATING_CARNITINE_CONCENTRATION","19","0.6019883336080173","1.669848300800633","0.0133192325450223782168369","0.233485726349177774575","0.148251438235413035560","2523","tags=42%, list=18%, signal=35%","COL7A1/ACADVL/SLC25A20/CTNS/SLC22A5/TRMU/ACAD9/SCO1","0.3807304007227924"
"HP_BLISTERING_BY_HISTOLOGICAL_LOCATION","HP_BLISTERING_BY_HISTOLOGICAL_LOCATION","10","0.7112609234533198","1.668317877779858","0.0094605694488567558531056","0.206251072880901137330","0.130958832774482641925","2054","tags=60%, list=14%, signal=51%","COL7A1/PLEC/LAMB3/ITGB4/LAMA3/LAMC2","0.3807304007227924"
"HP_LAMINA_LUCIDA_CLEAVAGE","HP_LAMINA_LUCIDA_CLEAVAGE","10","0.7112609234533198","1.668317877779858","0.0094605694488567558531056","0.206251072880901137330","0.130958832774482641925","2054","tags=60%, list=14%, signal=51%","COL7A1/PLEC/LAMB3/ITGB4/LAMA3/LAMC2","0.3807304007227924"
"HP_ATONIC_SEIZURE","HP_ATONIC_SEIZURE","80","-0.4161367915136499","-1.666177744430197","0.0013560833438944440692414","0.082420908453370508862","0.052333041552218718950","2076","tags=31%, list=15%, signal=27%","FGF13/PAFAH1B1/PIK3CA/RUSC2/ATP6AP2/CAMK2B/ASAH1/TRIM8/CNTNAP2/CSNK2A1/ARFGEF1/HCN2/CDKL5/ADGRV1/DOCK7/CHD2/STXBP1/DNM1/CACNA1E/DMXL2/CASK/GRIK2/AKT3/PCDH19/GNAO1","0.4550598673872295"
"HP_SPARSE_AXILLARY_HAIR","HP_SPARSE_AXILLARY_HAIR","30","0.5414977811837820","1.665813987085796","0.0110104705642226508716108","0.211726295577158885042","0.134435317834496442790","1577","tags=30%, list=11%, signal=27%","TBX3/AXL/DHX37/ZFPM2/DUSP6/SRA1/ITGB4/SPRY4/AXIN2","0.3807304007227924"
"HP_ABNORMAL_INTERNAL_CAROTID_ARTERY_MORPHOLOGY","HP_ABNORMAL_INTERNAL_CAROTID_ARTERY_MORPHOLOGY","7","-0.7301480407771859","-1.664720617837583","0.0408673397266828969387475","0.396334741468022444533","0.251652194607492052381","1111","tags=43%, list=8%, signal=40%","LMX1B/NF1/PCSK9","0.3217759180753611"
"HP_RENAL_AMYLOIDOSIS","HP_RENAL_AMYLOIDOSIS","9","0.7219863952059559","1.662877461824871","0.0141777860802300304660095","0.240935649075958047138","0.152981756342037422680","1100","tags=44%, list=8%, signal=41%","COL7A1/SAA1/FGA/SLC7A7","0.3807304007227924"
"HP_ABNORMAL_URINE_HORMONE_LEVEL","HP_ABNORMAL_URINE_HORMONE_LEVEL","17","-0.5807311006562901","-1.662257123070955","0.0205555824840545874054865","0.294201178756013204119","0.186802630563829286103","985","tags=41%, list=7%, signal=38%","ZNRF3/USP8/CDKN1B/CTNNB1/KDM1A/BRAF/ATRX","0.3524878575836192"
"HP_INCREASED_URINARY_CORTISOL_LEVEL","HP_INCREASED_URINARY_CORTISOL_LEVEL","16","-0.5936329657998591","-1.661904417759848","0.0165662389711426667748828","0.266065288909363539815","0.168937786313945903505","985","tags=44%, list=7%, signal=41%","ZNRF3/USP8/CDKN1B/CTNNB1/KDM1A/BRAF/ATRX","0.3524878575836192"
"HP_ORAL_MUCOSAL_BLISTERS","HP_ORAL_MUCOSAL_BLISTERS","11","0.6801146836758376","1.661887922039108","0.0139486144779306635993477","0.238938133020868276324","0.151713436292260528404","2054","tags=55%, list=14%, signal=47%","COL7A1/PLEC/LAMB3/ITGB4/LAMA3/LAMC2","0.3807304007227924"
"HP_GENERALIZED_LIPODYSTROPHY","HP_GENERALIZED_LIPODYSTROPHY","9","0.7206908175832997","1.659893490321994","0.0146583839687460370376781","0.243882154833298558927","0.154852636087557254951","264","tags=22%, list=2%, signal=22%","CAV1/LMNA","0.3807304007227924"
"HP_ABNORMALITY_OF_FIBRINOLYSIS","HP_ABNORMALITY_OF_FIBRINOLYSIS","5","0.8490516876272760","1.659446753464827","0.0064658131316767380319943","0.176130017513370734639","0.111833510429395238672","17","tags=20%, list=0%, signal=20%","SERPINE1","0.4070179189239539"
"HP_CROHN_S_DISEASE","HP_CROHN_S_DISEASE","14","-0.6025657403896095","-1.658967082888370","0.0183638046758883809184137","0.278059026114200913415","0.176553193123763385586","3241","tags=64%, list=23%, signal=50%","XIAP/PSTPIP1/SYK/PI4KA/CTLA4/NOD2/IL10RA/BACH2/DOCK11","0.3524878575836192"
"HP_PAROXYSMAL_DYSKINESIA","HP_PAROXYSMAL_DYSKINESIA","14","0.6400250087049769","1.658715573304803","0.0202623779816120987151695","0.291704752445125448101","0.185217528138834186535","1036","tags=29%, list=7%, signal=27%","SLC2A1/SPTAN1/SLC1A3/PNKD","0.3524878575836192"
"HP_INCREASED_MEAN_CORPUSCULAR_VOLUME","HP_INCREASED_MEAN_CORPUSCULAR_VOLUME","45","0.4903529948265848","1.656766631719393","0.0096428979648397541990512","0.207801773340629380993","0.131943447881460201865","4077","tags=58%, list=29%, signal=41%","RPS26/RPL35/SBDS/RPL8/RPL26/KIF23/PIEZO1/RPS19/RPS7/RPL27/RPS10/RPS28/RPL11/KCNN4/TSR2/TERT/RPL18/RPS24/RPS27/RPL35A/RPL15/RPS20/RPS29/RPL5/RPS15A/MMADHC","0.3807304007227924"
"HP_PROGEROID_FACIAL_APPEARANCE","HP_PROGEROID_FACIAL_APPEARANCE","28","0.5425718115237461","1.656642788728967","0.0097973843108232674253832","0.207801773340629380993","0.131943447881460201865","2199","tags=32%, list=15%, signal=27%","CAV1/LMNA/BANF1/EXOSC2/ATP6V0A2/ELN/ERCC1/B4GALT7/ERCC4","0.3807304007227924"
"HP_DIALEPTIC_SEIZURE","HP_DIALEPTIC_SEIZURE","219","-0.3493338102757849","-1.655029765978608","0.0000305052468235673865913","0.008921981926240208499","0.005665000054424653049","2775","tags=30%, list=19%, signal=25%","SATB2/SCN9A/OPHN1/SYNGAP1/ADNP/AFF3/YWHAG/TICAM1/SETD5/DNM1L/ALDH4A1/POGZ/WDR26/CACNA2D1/AGO1/FGF13/FBXL4/PPP3CA/PAFAH1B1/MTHFR/NBEA/KDM6A/CAMK2B/ASAH1/TBK1/TRIM8/CNTNAP2/ZNFX1/PLCB1/PGAP1/NSD1/PNPLA8/GATAD2B/CACNB4/FAR1/TBC1D24/PPFIA3/EEF1A2/CDKL5/ADGRV1/WAC/TRPM3/PPFIBP1/PUM1/DOCK7/GJA5/GPT2/SATB1/CHD2/CILK1/STXBP1/CNOT1/DNM1/CACNA1E/HID1/TUBA1A/KCNT1/DMXL2/CASK/GRIK2/RFX7/PCDH19/RERE/ZBTB18/GNAO1/SCN3A","0.5756102610711286"
"HP_SHIELD_CHEST","HP_SHIELD_CHEST","17","-0.5781726157179337","-1.654933837288178","0.0220924052802201863199283","0.303879940945998960888","0.192948147197501557182","1070","tags=41%, list=7%, signal=38%","TRPV4/DYM/MAP2K1/POP1/IDH1/BRAF/KRAS","0.3524878575836192"
"HP_ABNORMAL_BOWMAN_CAPSULE_MORPHOLOGY","HP_ABNORMAL_BOWMAN_CAPSULE_MORPHOLOGY","11","0.6772074202565685","1.654783905498021","0.0145651216851946877645085","0.243882154833298558927","0.154852636087557254951","505","tags=36%, list=4%, signal=35%","ZAP70/YRDC/SGPL1/KIRREL1","0.3807304007227924"
"HP_NON_MOTOR_SEIZURE","HP_NON_MOTOR_SEIZURE","171","-0.3555932310077204","-1.654416532113066","0.0002413649807886016085152","0.031934885672434736026","0.020277011382450225302","2955","tags=32%, list=21%, signal=26%","GNB1/CLCN4/KCNQ2/SATB2/SCN9A/SYNGAP1/ADNP/AFF3/YWHAG/SETD5/ALDH4A1/WDR26/CACNA2D1/FGF13/PPP3CA/PAFAH1B1/MTHFR/NBEA/SLC38A3/PI4KA/ASAH1/TRIM8/CNTNAP2/PLCB1/PGAP1/NSD1/GATAD2B/CACNB4/FAR1/TBC1D24/PPFIA3/EEF1A2/CDKL5/ADGRV1/WAC/TRPM3/PUM1/DOCK7/GJA5/KCNJ10/GPT2/SATB1/CHD2/CILK1/DNM1/CACNA1E/TUBA1A/KCNT1/DMXL2/CASK/RFX7/PCDH19/ZBTB18/GNAO1/SCN3A","0.5188480777437918"
"HP_THUMB_CONTRACTURE","HP_THUMB_CONTRACTURE","3","0.9824729544170990","1.654392811478380","0.0002774623890017573679331","0.033200587869095292415","0.021080667237421114868","138","tags=67%, list=1%, signal=66%","BMP4/L1CAM","0.4984931087665903"
"HP_TENDON_XANTHOMATOSIS","HP_TENDON_XANTHOMATOSIS","7","-0.7254523548962573","-1.654014562812701","0.0455956901947515633177765","0.417422158833994083604","0.265041621027933882448","3243","tags=71%, list=23%, signal=55%","LDLR/EPHX2/CYP27A1/TTPA/PCSK9","0.3217759180753611"
"HP_TRIANGULAR_SHAPED_PHALANGES_OF_THE_HAND","HP_TRIANGULAR_SHAPED_PHALANGES_OF_THE_HAND","5","-0.8164182933203374","-1.652056731147594","0.0192681241570703022658595","0.285527909175572469636","0.181295550068549443656","645","tags=40%, list=5%, signal=38%","BMP2/CHST11","0.3524878575836192"
"HP_PANCREATIC_ADENOCARCINOMA","HP_PANCREATIC_ADENOCARCINOMA","31","-0.4951768956268461","-1.651881294452263","0.0116088808700362984549503","0.216585022252306830248","0.137520359600630887043","2365","tags=42%, list=17%, signal=35%","BRCA1/CHEK2/PIK3CA/CDC73/MSH6/EPCAM/PALLD/PMS1/MSH2/NPAT/BMPR1A/RNF43/KRAS","0.3807304007227924"
"HP_APLASIA_OF_THE_OLFACTORY_BULB","HP_APLASIA_OF_THE_OLFACTORY_BULB","10","-0.6720743575856338","-1.650423879768813","0.0112589101982562139747657","0.214266314971608834439","0.136048099627460949979","465","tags=40%, list=3%, signal=39%","CILK1/SEMA3A/TUBA1A/ERBB3","0.3807304007227924"
"HP_PHOTOSENSITIVE_TONIC_CLONIC_SEIZURE","HP_PHOTOSENSITIVE_TONIC_CLONIC_SEIZURE","11","-0.6537214959841808","-1.648316967557399","0.0178207391786729361926600","0.273108862460784695969","0.173410093575047857817","1354","tags=36%, list=9%, signal=33%","CACNB4/SLC9A6/CILK1/PCDH19","0.3524878575836192"
"HP_RESPIRATORY_ALKALOSIS","HP_RESPIRATORY_ALKALOSIS","4","-0.8933272232960978","-1.646739608534707","0.0042820821606728582536805","0.141640062897970653299","0.089934161564015721591","35","tags=25%, list=0%, signal=25%","ASS1","0.4070179189239539"
"HP_ABSENT_TOE","HP_ABSENT_TOE","64","-0.4194348012947768","-1.646127146276185","0.0041008796050584512410397","0.138297632076670257151","0.087811889748054219873","1433","tags=28%, list=10%, signal=25%","KCNN3/NOTCH1/TRPV4/GJA1/DOCK6/APC/FGFRL1/ROBO1/BMP2/CHST11/TPR/DLL4/HOXA13/LMBR1/RBPJ/MAP3K20/DACT1/GPC4","0.4070179189239539"
"HP_MYOTONIA","HP_MYOTONIA","26","0.5496718595648928","1.645475695581898","0.0139819459755612524043400","0.238938133020868276324","0.151713436292260528404","1688","tags=27%, list=12%, signal=24%","CAVIN1/LMNA/TMEM43/DMPK/DNAJB6/KCNE3/CNBP","0.3807304007227924"
"HP_NODULAR_CHANGES_AFFECTING_THE_EYELIDS","HP_NODULAR_CHANGES_AFFECTING_THE_EYELIDS","21","-0.5406791377413631","-1.645337187675529","0.0150056970073331394366356","0.247586014042308205640","0.157204396357202041967","1200","tags=43%, list=8%, signal=39%","EXTL3/POU2AF1/SPRED1/LPL/TTPA/TNFSF15/STAT3/ABCA1/PCSK9","0.3807304007227924"
"HP_PULMONIC_STENOSIS","HP_PULMONIC_STENOSIS","129","-0.3648582338302274","-1.643423389629849","0.0008990505920330980893507","0.070366537182083466195","0.044679135225973429235","2471","tags=35%, list=17%, signal=29%","SETD5/METTL27/PRDM5/KAT6A/RAB23/RIT1/PTPN11/SMC5/ADAMTSL2/MAP3K7/KDM6A/SMC3/CHD7/SHOC2/PGAP1/CHD3/FBN1/GTF2I/RAD21/NOTCH1/SOS2/KANSL1/ENPP1/GPC3/DDX3X/MAP2K1/SPRED1/FRYL/STRA6/WAC/SARDH/NF1/BMP2/ADAMTS19/BRAF/NIPBL/SPRED2/MLXIPL/FBXW11/SKIC3/BCOR/HIVEP2/GPC4/KRAS/DPYSL5","0.4772708153628621"
"HP_INFLAMMATION_OF_THE_LARGE_INTESTINE","HP_INFLAMMATION_OF_THE_LARGE_INTESTINE","119","-0.3733121790016006","-1.642752484711328","0.0005848072682665210984820","0.053419826064690541234","0.033918844497296034290","1941","tags=29%, list=14%, signal=25%","MAP3K7/NRTN/NPHP1/PI4KA/CTLA4/JAK1/TCF4/NOD2/CHD8/ARL6/CASP10/COG6/CARD8/BBS10/POLA1/IL10RA/OPLAH/BBS4/BBS9/BACH2/SCAPER/PLCG2/LRBA/BBS2/SEMA4D/TRIM32/SKIC3/SEMA3D/ATP7A/SEMA3C/DOCK11/SREBF1/ERBB3/ABCB1","0.4772708153628621"
"HP_AUTISM","HP_AUTISM","236","-0.3377336843052424","-1.640591008447755","0.0000406437464230694072711","0.009819882559695508953","0.006235120816766943387","3069","tags=33%, list=21%, signal=26%","BBS12/MAOA/MED12/TRAK1/AARS1/GNB1/TMLHE/H4C5/CLIP2/SATB2/CFAP418/GTF2IRD1/KCNAB2/MEIS2/SYNGAP1/ADNP/YWHAG/SETD2/NLGN3/METTL27/ASXL3/KMT2A/KCNA2/LHX1/CACNA2D1/PPP3CA/PIK3CA/FMR1/CELF2/CYP27A1/YY1/CYFIP2/NPHP1/SLC38A3/SMC3/CNTNAP2/PRDM16/CHD7/ATP6V1A/SEMA3E/GABRB2/ALAD/GTF2I/CHD8/RAD21/ARL6/PPFIA3/ACADSB/EEF1A2/NIPA1/NHS/SEC24C/BBS10/FRYL/CASZ1/BBS4/BBS9/DOCK7/GJA5/DHTKD1/SCAPER/SLC9A6/REV3L/SATB1/BBS2/SIN3A/TCF12/BRAF/DNM1/NIPBL/CDK19/ATRX/TRIM32/TAOK1/RERE/JMJD1C/SCN3A","0.5573322387586460"
"HP_SCLEROSING_CHOLANGITIS","HP_SCLEROSING_CHOLANGITIS","13","-0.5949230572653905","-1.640566212936353","0.0382694317524249413842163","0.386660422269500703152","0.245509499045090007208","2236","tags=54%, list=16%, signal=45%","DOCK8/RFXAP/REL/MAP2K1/RFX5/ABCB4/BRAF","0.3217759180753611"
"HP_CEREBRAL_CORTICAL_HEMIATROPHY","HP_CEREBRAL_CORTICAL_HEMIATROPHY","6","0.8158929197395295","1.640377245633287","0.0161693684078322089114899","0.260444000702387212787","0.165368557160409879181","46","tags=33%, list=0%, signal=33%","ACTB/ACTG1","0.3524878575836192"
"HP_ACQUIRED_ABNORMAL_HAIR_PATTERN","HP_ACQUIRED_ABNORMAL_HAIR_PATTERN","40","0.5080880179669380","1.639456603186443","0.0083784898674820612596292","0.200035209933640267810","0.127012079213935147326","1688","tags=32%, list=12%, signal=29%","KRT81/SLC2A1/HR/LMNA/EXOSC2/DMPK/LAMB3/ITGB4/AP2M1/HRAS/PQBP1/PADI3/CNBP","0.3807304007227924"
"HP_MULTIPLE_RIB_FRACTURES","HP_MULTIPLE_RIB_FRACTURES","10","0.6987139985334597","1.638888088423044","0.0139886128443743283644718","0.238938133020868276324","0.151713436292260528404","441","tags=30%, list=3%, signal=29%","COL1A1/SERPINH1/CRTAP","0.3807304007227924"
"HP_NAEVUS_FLAMMEUS_OF_THE_EYELID","HP_NAEVUS_FLAMMEUS_OF_THE_EYELID","7","0.7881165133465411","1.638732427132304","0.0169604333984306500371364","0.267985460294302590967","0.170156996472643012863","292","tags=29%, list=2%, signal=28%","WNT5A/PUF60","0.3524878575836192"
"HP_LOSS_OF_EYELASHES","HP_LOSS_OF_EYELASHES","4","0.9070429810487247","1.637887797869140","0.0055193957390985981525944","0.159746261052973487216","0.101430666979683933859","673","tags=50%, list=5%, signal=48%","LMNA/UROD","0.4070179189239539"
"HP_BROAD_FOREHEAD","HP_BROAD_FOREHEAD","182","-0.3547313819420775","-1.637550353634304","0.0001079505784040163277136","0.018178223157306629826","0.011542237591023895085","2801","tags=36%, list=20%, signal=29%","DLL3/CLIP2/SATB2/RUNX2/GTF2IRD1/MADD/CDC42BPB/PSPH/METTL27/PRIM1/POGZ/NARS1/TCTN2/PEX3/WBP11/PTPN11/PIK3CA/NFIA/HES7/YY1/CNTNAP2/IFIH1/SHOC2/NSD1/GATAD2B/FBN1/GTF2I/CHD8/KANSL1/PRKACB/NIPA1/CCBE1/GPC3/CDKL5/LRP2/MAP2K1/RLIM/PYCR1/WAC/NF1/NFIX/TRPM3/ROBO1/GJA5/CBL/SUZ12/BMP2/FBXO11/PCGF2/AMMECR1/IDH1/SIN3A/TCF12/BRAF/CUX1/SLC26A2/THOC2/SKIC3/PAK1/MBD5/CASK/GPC4/KRAS/SH3PXD2B/KCNJ5","0.5384340963099162"
"HP_PULMONARY_ARTERY_DILATATION","HP_PULMONARY_ARTERY_DILATATION","12","-0.6144995815770896","-1.636935210986807","0.0310376961914661901598134","0.344264426618717811479","0.218590220385411815318","1677","tags=33%, list=12%, signal=29%","IPO8/FBN1/ADAMTS19/TGFBR1","0.3524878575836192"
"HP_RIGHT_ATRIAL_ENLARGEMENT","HP_RIGHT_ATRIAL_ENLARGEMENT","17","0.5919792350440234","1.635457432400967","0.0207373492236762185791932","0.294201178756013204119","0.186802630563829286103","381","tags=18%, list=3%, signal=17%","CITED2/FLNA/BANF1","0.3524878575836192"
"HP_RECURRENT_HAND_FLAPPING","HP_RECURRENT_HAND_FLAPPING","30","-0.4958363305164888","-1.635275018392366","0.0091764733667170916842082","0.204793825296573805961","0.130033555441175674439","2664","tags=43%, list=19%, signal=35%","SYNGAP1/ASXL3/FMR1/CSNK2A1/AFF2/CHD8/HNRNPH2/NOVA2/PDZD8/CDK19/BCL11A/MBD5/GRIK2","0.3807304007227924"
"HP_ATRIAL_FIBRILLATION","HP_ATRIAL_FIBRILLATION","63","0.4495625341821874","1.635234814827954","0.0084853039152087798846491","0.200035209933640267810","0.127012079213935147326","853","tags=17%, list=6%, signal=16%","CAVIN1/CITED2/TNNC1/TPM1/LMNA/JPH2/TMEM43/DMPK/APRT/SMAD3/CALM2","0.3807304007227924"
"HP_PECTUS_EXCAVATUM_OF_INFERIOR_STERNUM","HP_PECTUS_EXCAVATUM_OF_INFERIOR_STERNUM","6","-0.7859231894858584","-1.632232738347731","0.0204038439818988760754426","0.292982328184527296422","0.186028723083306868347","2093","tags=83%, list=15%, signal=71%","PTPN11/MAP2K1/NF1/FBXO11/BRAF","0.3524878575836192"
"HP_CONSPICUOUSLY_HAPPY_DISPOSITION","HP_CONSPICUOUSLY_HAPPY_DISPOSITION","5","-0.8061603080154007","-1.631299266732983","0.0213893289752749675425303","0.298644475164831668668","0.189623895458319924323","2775","tags=100%, list=19%, signal=81%","SATB2/HNRNPH2/KANSL1/SLC9A6/SIN3A","0.3524878575836192"
"HP_OROPHARYNGEAL_SQUAMOUS_CELL_CARCINOMA","HP_OROPHARYNGEAL_SQUAMOUS_CELL_CARCINOMA","5","0.8345817708365935","1.631165723238849","0.0099835317400653166702851","0.209510909528131228363","0.133028661534128650468","1690","tags=40%, list=12%, signal=35%","DKC1/CDKN2A","0.3807304007227924"
"HP_AMAUROSIS_FUGAX","HP_AMAUROSIS_FUGAX","36","-0.4615990403079372","-1.629132483756451","0.0145861307570111994880158","0.243882154833298558927","0.154852636087557254951","3218","tags=47%, list=23%, signal=37%","PMS2/ATM/SH2B3/HLA-B/CHEK2/JAK2/MARCHF6/PIK3CA/MSH6/EPCAM/PMS1/MSH2/SAMD12/NPAT/BMPR1A/TET2/KRAS","0.3807304007227924"
"HP_HYPOPLASTIC_DERMOEPIDERMAL_HEMIDESMOSOMES","HP_HYPOPLASTIC_DERMOEPIDERMAL_HEMIDESMOSOMES","7","0.7831496455522655","1.628404807829929","0.0202536263857649306840969","0.291704752445125448101","0.185217528138834186535","2054","tags=71%, list=14%, signal=61%","PLEC/LAMB3/ITGB4/LAMA3/LAMC2","0.3524878575836192"
"HP_HYDRANENCEPHALY","HP_HYDRANENCEPHALY","9","0.7063278217560396","1.626812670234487","0.0194176418069903974905621","0.286978285961291601502","0.182216464797806010356","3655","tags=67%, list=26%, signal=50%","SNRPB/ESAM/WDR81/PHGDH/FLVCR2/CEP55","0.3524878575836192"
"HP_LEFT_TO_RIGHT_SHUNT","HP_LEFT_TO_RIGHT_SHUNT","7","0.7819339867651794","1.625877085797730","0.0209122666202312783301220","0.294201178756013204119","0.186802630563829286103","33","tags=14%, list=0%, signal=14%","CITED2","0.3524878575836192"
"HP_CHILDHOOD_ONSET_TRUNCAL_OBESITY","HP_CHILDHOOD_ONSET_TRUNCAL_OBESITY","29","-0.4924259738909531","-1.625641817584459","0.0160944222729296204654759","0.259990420263575328086","0.165080556889640628349","3887","tags=55%, list=27%, signal=40%","MKKS/IFT74/PCSK1/SDCCAG8/BBS7/BBS12/CFAP418/VPS13B/NPHP1/ARL6/BBS10/BBS4/BBS9/SCAPER/BBS2/TRIM32","0.3524878575836192"
"HP_THROMBOEMBOLIC_STROKE","HP_THROMBOEMBOLIC_STROKE","58","0.4535671685134094","1.625541967664121","0.0094644634847273322736383","0.206251072880901137330","0.130958832774482641925","512","tags=14%, list=4%, signal=13%","ANKRD1/TNNC1/TPM1/LMNA/FHL2/JPH2/TXNRD2/VCL","0.3807304007227924"
"HP_INCREASED_INTERVERTEBRAL_SPACE","HP_INCREASED_INTERVERTEBRAL_SPACE","6","-0.7807852253767831","-1.621562034976865","0.0243761785425245999792132","0.321444043899313414148","0.204100450016431067546","1271","tags=67%, list=9%, signal=61%","PLCB3/EXTL3/TRPV4/SLC26A2","0.3524878575836192"
"HP_DELAYED_ABILITY_TO_SIT","HP_DELAYED_ABILITY_TO_SIT","84","-0.3883181593865950","-1.621041630520947","0.0041063720159529590661429","0.138297632076670257151","0.087811889748054219873","2293","tags=31%, list=16%, signal=26%","KAT6A/WDR26/DAG1/NARS1/RBL2/LARGE1/PAFAH1B1/HK1/CELF2/SLC25A42/TRIM8/PGAP1/WASF1/PPFIA3/EXTL3/CTNNB1/SATB1/GALNT2/MBD5/CASK/HIVEP2/SLC39A8/GRIK2/CHRND/DPYSL5/ADGRL1","0.4070179189239539"
"HP_NARROW_FORAMEN_OBTURATORIUM","HP_NARROW_FORAMEN_OBTURATORIUM","4","0.8975977408885929","1.620832108194615","0.0077603172782168550192239","0.194252626644374148945","0.123340435971522499603","224","tags=50%, list=2%, signal=49%","CAV1/CCN2","0.4070179189239539"
"HP_GASTROINTESTINAL_INFLAMMATION","HP_GASTROINTESTINAL_INFLAMMATION","163","-0.3534543389511617","-1.620460727705924","0.0004756943648046639918671","0.048952473800361440137","0.031082305370700512998","1946","tags=29%, list=14%, signal=26%","ADAMTSL2/MAP3K7/NRTN/NPHP1/PI4KA/CTLA4/IPO8/JAK1/IARS1/TCF4/NOD2/CHD8/ARL6/PPFIA3/CASP10/POU2AF1/COG6/REL/LMX1B/CARD8/BBS10/POLA1/IL10RA/OPLAH/TRAPPC11/CDKN1B/BBS4/BBS9/BACH2/TNFSF15/SCAPER/PLCG2/STAT3/TGFBR1/LRBA/BBS2/STXBP1/SEMA4D/DNASE2/TRIM32/SKIC3/SEMA3D/ATP7A/SEMA3C/DOCK11/SREBF1/ERBB3/ABCB1","0.4984931087665903"
"HP_INCREASED_PULMONARY_VASCULAR_RESISTANCE","HP_INCREASED_PULMONARY_VASCULAR_RESISTANCE","7","0.7789763674342987","1.619727301314662","0.0219002277643110566940354","0.302735238025563568875","0.192221319665213608019","33","tags=29%, list=0%, signal=29%","CAV1/CITED2","0.3524878575836192"
"HP_TYPICALLY_DE_NOVO","HP_TYPICALLY_DE_NOVO","11","-0.6418876828057394","-1.618478764021560","0.0208480115092592593883936","0.294201178756013204119","0.186802630563829286103","2314","tags=45%, list=16%, signal=38%","MAPK1/PIK3CA/CHD8/KMT2C/SEMA6B","0.3524878575836192"
"HP_DIABETIC_KETOACIDOSIS","HP_DIABETIC_KETOACIDOSIS","14","-0.5872208378729542","-1.616719927999009","0.0248019633205599637770788","0.321444043899313414148","0.204100450016431067546","1834","tags=36%, list=13%, signal=31%","INSR/KCNJ11/APPL1/NEUROD1/ABCC8","0.3524878575836192"
"HP_MELANOCYTIC_NEVUS","HP_MELANOCYTIC_NEVUS","63","-0.4126366166500952","-1.615339361352291","0.0048749997774174399708946","0.150066551081731780481","0.095284548553617245958","2116","tags=27%, list=15%, signal=23%","RIT1/PTPN11/PIK3CA/FBN1/ALK/SOS2/PTCH1/CDH3/NFIX/CBL/SUZ12/PCGF2/BRAF/SPRED2/SUFU/KRAS/TNFRSF11B","0.4070179189239539"
"HP_PROLONGED_BLEEDING_FOLLOWING_PROCEDURE","HP_PROLONGED_BLEEDING_FOLLOWING_PROCEDURE","27","0.5342713003344256","1.614852999178877","0.0210357091373967984571092","0.294887878816073756294","0.187238649814907953672","988","tags=22%, list=7%, signal=21%","SERPINE1/F13A1/TPM4/FGA/KIF23/ACTN1","0.3524878575836192"
"HP_NONIMMUNE_HYDROPS_FETALIS","HP_NONIMMUNE_HYDROPS_FETALIS","60","0.4440432839638891","1.612724457404932","0.0107445671130588712993692","0.211726295577158885042","0.134435317834496442790","3879","tags=50%, list=27%, signal=37%","COL1A1/RPS26/RPL35/UROD/PMM2/RPL8/LZTR1/CTSA/RPL26/CARS2/ALG1/PIEZO1/RPS19/RPS7/RPL27/RPS10/RPS28/THSD1/RPL11/TSR2/RPL18/RPS24/NEK8/RPS27/COL1A2/RPL35A/RPL15/RPS20/RPS29/RPL5","0.3807304007227924"
"HP_REDUCED_SUBCUTANEOUS_ADIPOSE_TISSUE","HP_REDUCED_SUBCUTANEOUS_ADIPOSE_TISSUE","29","0.5269997980188388","1.612480131278302","0.0185144956764327038578610","0.278067709389017647670","0.176558706557069594600","1961","tags=31%, list=14%, signal=27%","CAV1/LMNA/NAA10/PIK3R1/LEMD2/PPARG/TOP3A/RBM28/SLC25A24","0.3524878575836192"
"HP_ABNORMAL_CARDIAC_EXERCISE_STRESS_TEST","HP_ABNORMAL_CARDIAC_EXERCISE_STRESS_TEST","14","-0.5853292052012025","-1.611511938023802","0.0255368230614702804159855","0.322518467619523518941","0.204782653867972619377","2539","tags=43%, list=18%, signal=35%","KCNE2/SCN5A/AKAP9/KCNH2/SCN4B/KCNJ5","0.3524878575836192"
"HP_DECREASED_ACTIVITY_OF_MITOCHONDRIAL_COMPLEX_IV","HP_DECREASED_ACTIVITY_OF_MITOCHONDRIAL_COMPLEX_IV","70","0.4389887604104605","1.611462078089905","0.0056947916866466477894826","0.160866309550839137188","0.102141840220542637341","3944","tags=43%, list=28%, signal=31%","FLAD1/PUS1/MRPS22/MRPS23/ISCU/CARS2/C1QBP/GFM1/MRPL39/EARS2/GTPBP3/RRM2B/COX4I1/COA3/YARS2/MGME1/UQCC2/COA8/TIMM22/COX16/POLG/PET100/TRMT5/CHCHD10/SLC25A26/MRPS25/MECR/MPV17/MTFMT/AIFM1","0.4070179189239539"
"HP_SPLENIC_INFARCTION","HP_SPLENIC_INFARCTION","4","-0.8738018140879171","-1.610746901856269","0.0081685665396082143829837","0.198387339208996399398","0.125965765981968486065","279","tags=50%, list=2%, signal=49%","BCL11A/SCARB2","0.3807304007227924"
"HP_LARYNGEAL_CARCINOMA","HP_LARYNGEAL_CARCINOMA","9","-0.6761729334397842","-1.610631438815920","0.0173869161696843799180812","0.271450893024371808782","0.172357368180044573380","1966","tags=67%, list=14%, signal=58%","PIK3CA/MSH6/EPCAM/PMS1/MSH2/KRAS","0.3524878575836192"
"HP_ABNORMAL_3RD_FINGER_MORPHOLOGY","HP_ABNORMAL_3RD_FINGER_MORPHOLOGY","22","0.5623460379313077","1.609631231884570","0.0149685344846253263334512","0.247586014042308205640","0.157204396357202041967","2534","tags=36%, list=18%, signal=30%","TBX3/COL1A1/PLOD3/PTRH2/GLI3/FGFR2/NEDD4L/KNSTRN","0.3807304007227924"
"HP_NOCTURNAL_SEIZURES","HP_NOCTURNAL_SEIZURES","14","-0.5841610003478720","-1.608295669212216","0.0255368230614702804159855","0.322518467619523518941","0.204782653867972619377","521","tags=21%, list=4%, signal=21%","SATB1/KCNT1/SCN3A","0.3524878575836192"
"HP_LOWER_LIMB_HYPERREFLEXIA","HP_LOWER_LIMB_HYPERREFLEXIA","89","0.4074549525235689","1.607814664566427","0.0088308968383856312894808","0.201393257864898922449","0.127874369865058845619","2141","tags=29%, list=15%, signal=25%","HARS1/CLDN11/PLXNA1/SPG7/FTL/IFRD1/IBA57/COQ4/SPTAN1/VLDLR/U2AF2/VPS11/KIF1C/FARS2/ARL6IP1/HEXB/SIGMAR1/MTPAP/IMPDH2/TH/ZFYVE26/OCA2/VCP/COX4I1/RARS1/UFC1","0.3807304007227924"
"HP_DECREASED_THALAMIC_VOLUME","HP_DECREASED_THALAMIC_VOLUME","9","0.6977088404196811","1.606961451564319","0.0251007430103780682095760","0.321444043899313414148","0.204100450016431067546","3181","tags=67%, list=22%, signal=52%","SLC2A1/FKRP/POMT2/POMGNT1/MED17/POMK","0.3524878575836192"
"HP_HYPOPLASTIC_HELICES","HP_HYPOPLASTIC_HELICES","10","-0.6541293698725349","-1.606356082940122","0.0170233700708815570423749","0.267985460294302590967","0.170156996472643012863","2707","tags=40%, list=19%, signal=32%","GNAI3/AASS/PLCB4/PBX1","0.3524878575836192"
"HP_HYPEROPIC_ASTIGMATISM","HP_HYPEROPIC_ASTIGMATISM","5","-0.7931716379850220","-1.605016147003912","0.0252782161569191955730052","0.321444043899313414148","0.204100450016431067546","1441","tags=60%, list=10%, signal=54%","GATAD2B/GNPTAB/CHST6","0.3524878575836192"
"HP_ABNORMALITY_OF_ENDOCRINE_PANCREAS_PHYSIOLOGY","HP_ABNORMALITY_OF_ENDOCRINE_PANCREAS_PHYSIOLOGY","22","-0.5259946278662286","-1.604909874340535","0.0220801634897119340716909","0.303879940945998960888","0.192948147197501557182","2393","tags=55%, list=17%, signal=45%","MEN1/LBR/YY1/INSR/KCNJ11/VHL/EIF2AK3/GPC3/ABCC8/CDKN1B/STAT3/GPC4","0.3524878575836192"
"HP_DECREASED_DISTAL_SENSORY_NERVE_ACTION_POTENTIAL","HP_DECREASED_DISTAL_SENSORY_NERVE_ACTION_POTENTIAL","9","-0.6732852775847996","-1.603753095903170","0.0184792781803796643536053","0.278067709389017647670","0.176558706557069594600","1950","tags=56%, list=14%, signal=48%","HK1/GDAP1/RFC1/TRPV4/SBF2","0.3524878575836192"
"HP_DUODENITIS","HP_DUODENITIS","4","-0.8697163977811764","-1.603215935963569","0.0091614214265648297869093","0.204793825296573805961","0.130033555441175674439","1677","tags=75%, list=12%, signal=66%","IPO8/ADAM17/CARD8","0.3807304007227924"
"HP_CARDIAC_DIVERTICULUM","HP_CARDIAC_DIVERTICULUM","18","-0.5517040671183909","-1.601863284414861","0.0280476064151148271608172","0.329510219694365835696","0.209222057154367396814","3218","tags=61%, list=23%, signal=47%","PMS2/ATM/CHEK2/PIK3CA/MSH6/EPCAM/PMS1/MSH2/NPAT/BMPR1A/KRAS","0.3524878575836192"
"HP_ADRENAL_HYPERPLASIA","HP_ADRENAL_HYPERPLASIA","22","-0.5249009701094228","-1.601572916052259","0.0224779936065363505903747","0.307660616924932295291","0.195348682168708903673","1283","tags=27%, list=9%, signal=25%","TBC1D24/USP8/KDM1A/BRAF/ATRX/KCNJ5","0.3524878575836192"
"HP_REDUCED_PANCREATIC_BETA_CELLS","HP_REDUCED_PANCREATIC_BETA_CELLS","5","-0.7909962191206052","-1.600614095497437","0.0252782161569191955730052","0.321444043899313414148","0.204100450016431067546","1812","tags=80%, list=13%, signal=70%","KCNJ11/EIF2AK3/ABCC8/STAT3","0.3524878575836192"
"HP_ABNORMALITY_OF_LIPOPROTEIN_CHOLESTEROL_CONCENTRATION","HP_ABNORMALITY_OF_LIPOPROTEIN_CHOLESTEROL_CONCENTRATION","72","-0.3944746754706201","-1.600117199669596","0.0068999404213733340346382","0.180013938598927780710","0.114299600737911899451","1923","tags=29%, list=13%, signal=25%","DYRK1B/NPHP1/FDFT1/ALB/ARL6/MSMO1/BBS10/UBR1/LPL/TTPA/BBS4/BBS9/SCAPER/GALNT2/BBS2/ABCA1/SYNE1/TRIM32/LRP6/PCSK9/SCARB2","0.4070179189239539"
"HP_HYPERKINETIC_MOVEMENTS","HP_HYPERKINETIC_MOVEMENTS","38","-0.4628112917959449","-1.600055464542164","0.0086752718362438918653368","0.200035209933640267810","0.127012079213935147326","2426","tags=39%, list=17%, signal=33%","YME1L1/IARS2/FBXL4/SLC6A3/PSAP/CAMK2B/RRAGD/GNE/GAD1/TRAPPC11/SLC9A6/VPS13A/CACNA1E/THOC2/GNAO1","0.3807304007227924"
"HP_PERCUSSION_MYOTONIA","HP_PERCUSSION_MYOTONIA","9","0.6946672529664878","1.599956074097835","0.0257322000199954152577231","0.323515464957272680380","0.205415695945316362225","711","tags=22%, list=5%, signal=21%","CAVIN1/DNAJB6","0.3524878575836192"
"HP_HEPATIC_FIBROSIS","HP_HEPATIC_FIBROSIS","141","-0.3543969974703217","-1.598668121951860","0.0014395509209694876823216","0.082420908453370508862","0.052333041552218718950","3132","tags=35%, list=22%, signal=27%","LIPA/MST1/BBS12/PHKA2/MED12/MPI/CFAP418/TMEM67/ABCD3/INVS/PRIM1/TCTN2/TULP3/TMEM107/INSR/NPHP1/IFT140/PEX1/ASAH1/IARS1/TCF4/IFT80/NOTCH1/ARL6/AGL/POU2AF1/PKHD1/BBS10/PHKB/WDR19/CCDC28B/UBR1/DOCK6/USP53/BBS4/BBS9/SC5D/TNFSF15/ABCB4/SCAPER/CTNNB1/BBS2/DLL4/DYNC2H1/SEMA4D/DNASE2/TRIM32/RBPJ/SKIC3","0.4550598673872295"
"HP_ABNORMALITY_OF_THE_THENAR_EMINENCE","HP_ABNORMALITY_OF_THE_THENAR_EMINENCE","32","0.4894604321083598","1.598411719942963","0.0265790810330046797793635","0.326051829293988071345","0.207026156964439767005","4051","tags=69%, list=28%, signal=49%","RPS26/RPL35/RPL8/RPL26/EIF4A3/RPS19/RPS7/RPL27/RPS10/RPS28/FGFR2/RPL11/TSR2/RPL18/RPS24/RPS27/RPL35A/RPL15/RPS20/RPS29/RPL5/RPS15A","0.3524878575836192"
"HP_APLASIA_HYPOPLASIA_OF_THE_3RD_METACARPAL","HP_APLASIA_HYPOPLASIA_OF_THE_3RD_METACARPAL","5","0.8176590199996058","1.598090700427681","0.0153404513566499194066051","0.249990874454262768101","0.158731359141618622033","307","tags=40%, list=2%, signal=39%","TBX3/FLNA","0.3807304007227924"
"HP_TRICHORRHEXIS_NODOSA","HP_TRICHORRHEXIS_NODOSA","11","-0.6334640364642539","-1.597239078194081","0.0257312099546189616827707","0.323515464957272680380","0.205415695945316362225","2983","tags=45%, list=21%, signal=36%","AARS1/MPLKIP/CLCN6/GJA1/SKIC3","0.3524878575836192"
"HP_SUPRAVENTRICULAR_ARRHYTHMIA","HP_SUPRAVENTRICULAR_ARRHYTHMIA","105","0.4002183574232160","1.597224286406656","0.0033988895279974153107450","0.127692243796310972437","0.081078013162995052343","853","tags=16%, list=6%, signal=15%","CAVIN1/CITED2/TNNC1/TPM1/PKP2/FLAD1/CAPNS1/LMNA/JPH2/SCNN1A/TMEM43/NAA10/KCND3/DMPK/APRT/SMAD3/CALM2","0.4317076958033464"
"HP_2_3_TOE_SYNDACTYLY","HP_2_3_TOE_SYNDACTYLY","87","-0.3839769710156329","-1.596737026093976","0.0026516482949966594176439","0.111630375570427556320","0.070879552201515025334","2923","tags=31%, list=20%, signal=25%","PDE6D/LRRC8C/SOX5/MEIS2/ADNP/SLC12A2/MYRF/KMT2A/AP1G1/PHIP/SMC3/FDFT1/NSD1/GNE/RAD21/CERT1/KDM5A/BMP2/SLC12A6/SATB1/NIPBL/FBXW11/CSGALNACT1/LMBR1/RBPJ/BCOR/KCNJ5","0.4317076958033464"
"HP_CELIAC_DISEASE","HP_CELIAC_DISEASE","56","-0.4132371051066929","-1.595103440034214","0.0059079955721250991193538","0.165811774718682691798","0.105281956472357940413","3966","tags=52%, list=28%, signal=38%","HLA-DQB1/MKKS/IFT74/SDCCAG8/GPR35/BBS7/MST1/BBS12/MED12/AIRE/SATB2/CFAP418/NPHP1/TBK1/IPO8/TCF4/ARL6/POU2AF1/BBS10/WAC/BBS4/BBS9/TNFSF15/SCAPER/STAT3/BBS2/SEMA4D/MLXIPL/TRIM32","0.4070179189239539"
"HP_INCREASED_MEAN_PLATELET_VOLUME","HP_INCREASED_MEAN_PLATELET_VOLUME","21","0.5641468450323704","1.595048370165738","0.0202483051707958369713758","0.291704752445125448101","0.185217528138834186535","1506","tags=33%, list=11%, signal=30%","ACTB/MYH9/TPM4/FLNA/COG1/ACTN1/GALE","0.3524878575836192"
"HP_AGANGLIONIC_MEGACOLON","HP_AGANGLIONIC_MEGACOLON","138","-0.3544673931126975","-1.594586833826850","0.0012620208459650208900754","0.082420908453370508862","0.052333041552218718950","2208","tags=25%, list=15%, signal=21%","KIAA0586/TCTN2/KITLG/AHI1/XRCC2/FANCB/PIBF1/NRTN/NPHP1/KIFBP/TCF4/NSD1/ARL6/CEP120/SEC24C/BBS10/DDX3X/CCDC28B/BBS4/BBS9/SCAPER/BBS2/SUFU/ATRX/TUBA1A/TRIM32/BCOR/SEMA3D/ATP7A/JMJD1C/SEMA3C/KRAS/SREBF1/ERBB3","0.4550598673872295"
"HP_CARDIAC_SHUNT","HP_CARDIAC_SHUNT","11","0.6522421274679362","1.593780196048081","0.0265793555281944558765783","0.326051829293988071345","0.207026156964439767005","33","tags=9%, list=0%, signal=9%","CITED2","0.3524878575836192"
"HP_ABNORMALITY_OF_CYTOKINE_SECRETION","HP_ABNORMALITY_OF_CYTOKINE_SECRETION","7","0.7663509538071631","1.593475250550123","0.0284866526688799283351106","0.330808323477099708310","0.210046286351493222133","205","tags=29%, list=1%, signal=28%","UNC13D/PRF1","0.3524878575836192"
"HP_ABNORMALITY_OF_THE_HEPATIC_VASCULATURE","HP_ABNORMALITY_OF_THE_HEPATIC_VASCULATURE","79","-0.3894505131405175","-1.593412579438312","0.0068439721528390203356129","0.180013938598927780710","0.114299600737911899451","3357","tags=42%, list=23%, signal=32%","KIF12/BMP6/LIPA/MST1/MED12/ACVRL1/GBE1/MPI/SP110/TMEM67/ABCD3/RUNX1/PRIM1/HFE/JAK2/TULP3/ITCH/ASXL1/TCF4/NOTCH1/POU2AF1/PKHD1/UBR1/DOCK6/TNFSF15/CBL/CTNNB1/DLL4/SEMA4D/MLXIPL/RBPJ/TET2/SCARB2","0.4070179189239539"
"HP_DIASTEMA","HP_DIASTEMA","24","-0.4953907420071266","-1.593362857206418","0.0228793721173727766793338","0.310857385956578302633","0.197378466233278204722","2030","tags=29%, list=14%, signal=25%","SMC5/ARSK/GATAD2B/NHS/RDH11/TCF12/ATRX","0.3524878575836192"
"HP_PAROXYSMAL_INVOLUNTARY_EYE_MOVEMENTS","HP_PAROXYSMAL_INVOLUNTARY_EYE_MOVEMENTS","31","0.5085487666890678","1.592416635846644","0.0261340745310550126578875","0.324167527163108704080","0.205829721938877857612","4520","tags=58%, list=32%, signal=40%","SLC2A1/NDUFAF8/NDUFV1/NDUFS6/FOXRED1/NDUFAF4/NDUFS3/SLC35A2/TMEM126B/NDUFB9/NDUFAF3/NDUFB11/NDUFS8/NDUFB3/NDUFAF2/NDUFS2/NDUFV2/NDUFB10","0.3524878575836192"
"HP_CHRONIC_COLITIS","HP_CHRONIC_COLITIS","15","-0.5673650200876290","-1.591518001644906","0.0393569888540304044233231","0.391246488482731580305","0.248421415428952935267","1941","tags=47%, list=14%, signal=40%","MAP3K7/TCF4/NOD2/BACH2/PLCG2/SEMA4D/DOCK11","0.3217759180753611"
"HP_HYPOPLASIA_OF_THE_ODONTOID_PROCESS","HP_HYPOPLASIA_OF_THE_ODONTOID_PROCESS","26","-0.4949729872114980","-1.591261519097764","0.0183255334088126935199181","0.278059026114200913415","0.176553193123763385586","2321","tags=38%, list=16%, signal=32%","GLB1/IARS2/RAB33B/EIF2AK3/INPPL1/EXTL3/TRPV4/DYM/NFIX/GNPTAB","0.3524878575836192"
"HP_BILATERAL_TONIC_CLONIC_SEIZURE","HP_BILATERAL_TONIC_CLONIC_SEIZURE","340","-0.3139972022280386","-1.591164878376427","0.0000267588268287185328037","0.008261044482621604512","0.005245338740937939039","2775","tags=30%, list=19%, signal=25%","SATB2/SCN9A/LNPK/SP110/SYNGAP1/AFF3/IER3IP1/SEPSECS/ZNF526/PSPH/SETD5/DNM1L/POGZ/WDR26/NARS1/SUOX/LBR/HERC1/AGO1/FGF13/FBXL4/PPP3CA/MARCHF6/GRN/PSAP/ATP6AP2/MTHFR/NBEA/SLC38A3/KCNJ11/KDM6A/CCDC88A/MAPT/CAMK2B/CTLA4/ASAH1/TRIM8/RRAGD/CNTNAP2/PLCB1/TMEM106B/ATP6V1A/PGAP1/NSD1/UBE4A/ARFGEF1/HCN2/ACO2/HSD17B4/CACNB4/FAR1/CERT1/TBC1D24/SEL1L/EEF1A2/CDC40/NIPA1/GAD1/CHMP2B/KCTD7/ABCC8/CDKL5/FA2H/SAMD12/ADGRV1/TRAPPC11/WAC/SARDH/TRPM3/PPFIBP1/PUM1/DOCK7/GJA5/SLC9A6/OGDHL/STAT3/GPT2/VPS13A/CHD2/CILK1/STXBP1/IREB2/DNM1/CACNA1E/TSPOAP1/CLCN3/ATRX/HID1/TUBA1A/THOC2/KCNT1/SV2A/DMXL2/ADAM22/CASK/GRIK2/RFX7/PCDH19/GNAO1/DPYSL5/SCN3A","0.5756102610711286"
"HP_CONSTIPATION","HP_CONSTIPATION","393","-0.3111564886352784","-1.590989243622152","0.0000095988673110107168904","0.004849173240662413634","0.003078975826152951026","3078","tags=32%, list=22%, signal=26%","ATM/LBX1/PACS1/LIG4/CUBN/MED12/ABL1/PPM1D/TLK2/VPS35/ATXN2/H4C5/CLIP2/SCN9A/GTF2IRD1/KCNAB2/MADD/NRXN1/ADNP/AFF3/MNX1/PLCB4/SLC12A2/PCCA/CDON/YME1L1/METTL27/MEN1/SPOP/BRCA1/POGZ/CHEK2/KMT2A/WDR26/FGF13/DLL1/SLC6A3/OCRL/CTSH/PIK3CA/POU4F1/EDA/DNAJC13/NRTN/SLC38A3/PHIP/MAPT/CDC73/CAMK2B/TRIM8/IPO8/CNTNAP2/CSNK2A1/FDFT1/TCF20/PRDM16/MSH6/NNT/TCF4/NSD1/EPCAM/ALAD/GATAD2B/CRIPTO/MED12L/GTF2I/CHD8/FAR1/HNRNPH2/WASF1/USP9X/PPFIA3/PMS1/LMX1B/SEC24C/CDKL5/DES/MSH2/PTCH1/SHH/WAC/CASZ1/CDKN1B/NFIX/HS2ST1/NPAT/TANC2/SLC25A36/GRIA1/FBXO11/SLC9A6/KDM1A/PCGF2/STAT3/RORA/BMPR1A/DNAJC6/SATB1/VPS13C/GALNT2/SIN3A/BRAF/STXBP1/DNM1/MLXIPL/TSPOAP1/ATRX/STAG2/ARID2/MBD5/DDHD2/ZNF292/THRA/DACT1/HIVEP2/TAOK1/MED13/RFX7/SEMA3D/RERE/ATP7A/JMJD1C/SEMA3C/KRAS/SREBF1/ERBB3/ZMYM3","0.5933254763964051"
"HP_ABNORMAL_U_WAVE","HP_ABNORMAL_U_WAVE","4","-0.8629421519892364","-1.590728441378576","0.0107623999732628181785765","0.211726295577158885042","0.134435317834496442790","13","tags=25%, list=0%, signal=25%","KCNJ5","0.3807304007227924"
"HP_ABNORMAL_ANTERIOR_CHAMBER_MORPHOLOGY","HP_ABNORMAL_ANTERIOR_CHAMBER_MORPHOLOGY","49","0.4610709339092393","1.590110637020701","0.0110339971555535095587564","0.211726295577158885042","0.134435317834496442790","2719","tags=29%, list=19%, signal=23%","LTBP2/JAG1/PIGW/PIK3R1/FAS/CYP1B1/ADAMTS17/PAX6/FOXC1/PTPN2/PIGO/PGAP3/RPE65/NDP","0.3807304007227924"
"HP_IRIDODONESIS","HP_IRIDODONESIS","6","0.7908643849835056","1.590056624002657","0.0296696784576509046960080","0.337166468689501175326","0.214083381839028336069","1356","tags=50%, list=9%, signal=45%","LTBP2/CYP1B1/ADAMTS17","0.3524878575836192"
"HP_RENAL_POTASSIUM_WASTING","HP_RENAL_POTASSIUM_WASTING","5","-0.7856241925493177","-1.589743573940521","0.0281065042532174548528534","0.329510219694365835696","0.209222057154367396814","556","tags=40%, list=4%, signal=38%","KCNJ10/ATP1A1","0.3524878575836192"
"HP_PLATELET_ANISOCYTOSIS","HP_PLATELET_ANISOCYTOSIS","8","0.7286765453904005","1.589116021670332","0.0267442306443188768105834","0.326341208495822376889","0.207209897887442456854","988","tags=38%, list=7%, signal=35%","ACTB/TPM4/ACTN1","0.3524878575836192"
"HP_SHORT_LINGUAL_FRENULUM","HP_SHORT_LINGUAL_FRENULUM","11","0.6496066553080738","1.587340312515978","0.0277943988454521333231195","0.329008506704579817281","0.208903495187089255358","1392","tags=27%, list=10%, signal=25%","WNT5A/LMNA/WDR35","0.3524878575836192"
"HP_DEVELOPMENTAL_GLAUCOMA","HP_DEVELOPMENTAL_GLAUCOMA","64","0.4294623671289695","1.586771079677521","0.0115862548012281834503012","0.216585022252306830248","0.137520359600630887043","4051","tags=56%, list=28%, signal=40%","LTBP2/FLNA/RPS26/RPL35/RPL8/FKRP/RPL26/FUT8/CYP1B1/PAX6/FOXC1/RPS19/POMT2/RPS7/AKT1/RPL27/POMGNT1/RPS10/RPS28/FGFR2/RPL11/CHST3/TSR2/RNASEH2C/NDP/RPL18/RPS24/RPS27/RPL35A/RPL15/RPS20/RNASEH2B/RPS29/RPL5/B3GAT3/RPS15A","0.3807304007227924"
"HP_ABSENT_THUMB","HP_ABSENT_THUMB","54","0.4517499227094479","1.586717128124769","0.0102264593753781576207507","0.209510909528131228363","0.133028661534128650468","5034","tags=61%, list=35%, signal=40%","RPS26/RPL35/RPL8/RPL26/SF3B4/RPS19/RPS7/RPL27/RPS10/RPS28/ERCC4/FGFR2/RPL11/TSR2/PSMD12/RPL18/RPS24/RBM8A/RPS27/RPL35A/RPL15/RPS20/FANCF/RPS29/RPL5/RPS15A/SLX4/PALB2/FGFR3/RPL9/RPL31/FANCA/RECQL4","0.3807304007227924"
"HP_CLEFT_SOFT_PALATE","HP_CLEFT_SOFT_PALATE","56","0.4420720455587173","1.586692825317998","0.0116979030709715315500263","0.217408854064845502574","0.138043450467822848005","3879","tags=54%, list=27%, signal=39%","NXN/RPS26/RPL35/ZPR1/RPL8/SNRPB/TCOF1/RPL26/SCNM1/SLC25A19/SMARCD1/SF3B4/RPS19/RPS7/RPL27/RPS10/RPS28/RPL11/TSR2/RPL18/RPS24/DYRK1A/TAF4/RPS27/RPL35A/RPL15/RPS20/DDX59/RPS29/RPL5","0.3807304007227924"
"HP_HYPERPHOSPHATEMIA","HP_HYPERPHOSPHATEMIA","14","-0.5761987013365473","-1.586374091069785","0.0292111266911168308835212","0.335599046524980570982","0.213088149308776231283","271","tags=14%, list=2%, signal=14%","LPIN1/TNFRSF11B","0.3524878575836192"
"HP_ABNORMAL_NAIL_SURFACE","HP_ABNORMAL_NAIL_SURFACE","40","0.4910326397377038","1.584423712291583","0.0137697566784946365259223","0.237635210752778547327","0.150886147604538445322","308","tags=10%, list=2%, signal=10%","WNT5A/MSX1/EFNB1/DKC1","0.3807304007227924"
"HP_DYSKINESIA","HP_DYSKINESIA","174","-0.3399934712569535","-1.584053663005404","0.0011551863254352639099470","0.079251486548688410139","0.050320621508000464017","2352","tags=29%, list=16%, signal=25%","CHEK2/KCNA2/SUOX/CACNA2D1/IARS2/SLC30A9/SLC6A3/PPP3CA/PIK3CA/CELF2/CYP27A1/DNAJC13/NMNAT1/CYFIP2/SLC38A3/CAMK2B/TRIM8/B4GALNT1/MSH6/ATP6V1A/PGAP1/EPCAM/XPR1/GABRB2/MYORG/EEF1A2/PMS1/XK/CHMP2B/DDX3X/CDKL5/MSH2/BCAS3/NPAT/RAB39B/KCNJ10/BMPR1A/DNAJC6/VPS13C/VPS13A/STXBP1/IREB2/DNM1/CDK19/CACNA1E/DMXL2/CASK/KRAS/GNAO1/SLC16A2/SCN3A","0.4550598673872295"
"HP_GIANT_SOMATOSENSORY_EVOKED_POTENTIALS","HP_GIANT_SOMATOSENSORY_EVOKED_POTENTIALS","6","-0.7623361078174565","-1.583246263058163","0.0326820030727718521812442","0.355408788797246910640","0.225666317699868057556","1968","tags=50%, list=14%, signal=43%","MARCHF6/SAMD12/SEMA6B","0.3217759180753611"
"HP_SUNKEN_CHEEKS","HP_SUNKEN_CHEEKS","5","0.8100039764409802","1.583129141118503","0.0199959802933668169544479","0.291704752445125448101","0.185217528138834186535","590","tags=40%, list=4%, signal=38%","CAV1/PSMC3","0.3524878575836192"
"HP_GENERALIZED_MYOCLONIC_SEIZURE","HP_GENERALIZED_MYOCLONIC_SEIZURE","117","-0.3625851607440295","-1.582508731505729","0.0028819711309088524332778","0.117160239556103704106","0.074390731672489107673","2988","tags=33%, list=21%, signal=27%","HACE1/PCDH12/KCNQ2/SCN9A/LNPK/OPHN1/SYNGAP1/IER3IP1/SEPSECS/SETD5/DNM1L/GLB1/FGF13/PAFAH1B1/GRN/PSAP/MTHFR/SLC38A3/KCNJ11/ASAH1/TRIM8/NSD1/TBC1D24/MBOAT7/KCTD7/ABCC8/CDKL5/SAMD12/ADGRV1/STAT3/CHD2/CILK1/STXBP1/DNM1/CACNA1E/DMXL2/CASK/PCDH19/GNAO1","0.4317076958033464"
"HP_BREAST_HYPOPLASIA","HP_BREAST_HYPOPLASIA","32","0.4844283979109044","1.581978803390914","0.0298096564793179641394971","0.337377313758798202947","0.214217257623458057214","1313","tags=25%, list=9%, signal=23%","TBX3/ACTB/EFNB1/DUSP6/KISS1/SPRY4/NSMF/HS6ST1","0.3524878575836192"
"HP_DELAYED_ABILITY_TO_CRAWL","HP_DELAYED_ABILITY_TO_CRAWL","11","-0.6273297951029949","-1.581771980690069","0.0294875285107600235146030","0.336472681589924937917","0.213642862682034834210","3461","tags=64%, list=24%, signal=48%","SON/MAN2B2/RBL2/CELF2/PGAP1/CTNNB1/HIVEP2","0.3524878575836192"
"HP_VELOPHARYNGEAL_INSUFFICIENCY","HP_VELOPHARYNGEAL_INSUFFICIENCY","32","0.4841454568631632","1.581054813917824","0.0298096564793179641394971","0.337377313758798202947","0.214217257623458057214","1527","tags=22%, list=11%, signal=20%","MSX1/BMP4/TUBB6/ARHGAP29/ESS2/DLG1/SF3B4","0.3524878575836192"
"HP_ATLANTOAXIAL_INSTABILITY","HP_ATLANTOAXIAL_INSTABILITY","6","-0.7610103865949982","-1.580492958905585","0.0334042500153555743658274","0.359743056851416498354","0.228418355191733840615","1130","tags=50%, list=8%, signal=46%","FKBP14/TRPV4/DYM","0.3217759180753611"
"HP_PANIC_ATTACK","HP_PANIC_ATTACK","49","-0.4289396195529288","-1.580115422154598","0.0075554793772412177921272","0.192595407795089185177","0.122288187160775455031","1028","tags=22%, list=7%, signal=21%","CDKL5/ZNRF3/USP8/EPAS1/NF1/CTNNB1/DNAJC6/KIF1B/VPS13C/BRAF/ATRX","0.4070179189239539"
"HP_ABNORMAL_SMALL_INTESTINE_MORPHOLOGY","HP_ABNORMAL_SMALL_INTESTINE_MORPHOLOGY","201","-0.3291227570974879","-1.577670885067303","0.0004395386772941682921798","0.046085215655164026016","0.029261743786640249249","3241","tags=34%, list=23%, signal=27%","XIAP/BUB1B/FANCI/MST1/BBS12/MED12/MYO5B/AIRE/DGAT1/MPI/SATB2/CFAP418/SYK/KDM3B/CDON/MEN1/PIK3C2A/BRCA1/IL2RA/WBP11/DLL1/MCM6/XRCC2/FANCB/NPHP1/PI4KA/TBK1/IPO8/ADAM17/CHD7/CEP57/TCF4/EPCAM/PPP1R12A/CRIPTO/RAD21/ARL6/POU2AF1/PKHD1/CCBE1/CARD8/GPC3/BBS10/PTCH1/FOCAD/FRYL/SHH/STRA6/WAC/CDKN1B/BBS4/BBS9/FGFRL1/TNFSF15/SCAPER/STAT3/BMPR1A/LRBA/BBS2/SLC25A12/SEMA4D/MLXIPL/SUFU/STAG2/TRIM32/SKIC3/RERE/GPC4/DOCK11","0.4984931087665903"
"HP_CONTINUOUS_SPIKE_AND_WAVES_DURING_SLOW_SLEEP","HP_CONTINUOUS_SPIKE_AND_WAVES_DURING_SLOW_SLEEP","5","-0.7784037593126903","-1.575132723806505","0.0298741863065686286127232","0.337420433547971299060","0.214244636473811200794","2893","tags=80%, list=20%, signal=64%","KCNQ2/CACNA2D1/TRIM8/TRPM3","0.3524878575836192"
"HP_HIGH_NARROW_PALATE","HP_HIGH_NARROW_PALATE","148","-0.3490383571398465","-1.574721045598116","0.0008273348174847765853362","0.067610287952395639599","0.042929058598910663225","2842","tags=32%, list=20%, signal=26%","H4C5/RUNX2/FOXP2/ADNP/ABCD3/MPLKIP/SETD5/ABCC6/NOTCH3/ASXL3/MAPK1/VPS13B/KIF26A/ORC4/CRKL/PTPN11/LRP12/MAP3K7/KDM6A/PEX1/IPO8/MYLK/NSD1/GNE/FBN1/MED12L/AMER1/ARL6/GPC3/MAP2K1/SPRED1/CCDC28B/APC/CTNNB1/BMPR1A/TGFBR1/SIN3A/BRAF/SLC25A12/SPRED2/COPB1/BCOR/ARID2/TAOK1/CHD6/GPC4/ATP7A/DPYSL5","0.4772708153628621"
"HP_ESOPHAGITIS","HP_ESOPHAGITIS","38","-0.4550619439345708","-1.573264012794922","0.0104205741344813238025147","0.209808443714901149413","0.133217580453509953919","2943","tags=53%, list=21%, signal=42%","SLC2A10/FERMT1/ADAMTS2/PSPH/MEN1/DOCK8/ADAMTSL2/IPO8/IARS1/TCF4/PPFIA3/REL/LMX1B/CARD8/TRAPPC11/CDKN1B/STAT3/TGFBR1/STXBP1/ATP7A","0.3807304007227924"
"HP_ABNORMAL_MORPHOLOGY_OF_THE_ABDOMINAL_MUSCULATURE","HP_ABNORMAL_MORPHOLOGY_OF_THE_ABDOMINAL_MUSCULATURE","51","-0.4167667729809507","-1.572634724401286","0.0101091609588413715997701","0.209510909528131228363","0.133028661534128650468","1396","tags=22%, list=10%, signal=20%","FBN1/SOS2/GPC3/CBL/BRAF/SPRED2/GNPTAB/CSGALNACT1/GPC4/ATP7A/KRAS","0.3807304007227924"
"HP_SEVERE_INTELLECTUAL_DISABILITY","HP_SEVERE_INTELLECTUAL_DISABILITY","349","-0.3116877884141142","-1.572532319939883","0.0000338753394849173336892","0.009412263075884282071","0.005976303390654059966","2357","tags=25%, list=16%, signal=22%","POGZ/ASXL3/KAT6A/DAG1/SUOX/HERC1/CCND2/CENPE/FGF13/LARGE1/PAFAH1B1/PIK3CA/TMEM107/TMEM163/ARFGEF2/YY1/TBC1D20/KCNJ11/PRSS12/SMC3/PDHX/PEX1/TRIM8/CNTNAP2/PPP2R5D/ASXL1/PRUNE1/PGAP1/TCF4/NSD1/UBE4A/CEP152/GATAD2B/KLC4/ACO2/CHD8/RAD21/L2HGDH/WASF1/TRAPPC10/PHC1/SEL1L/COPB2/EEF1A2/CDC40/LMX1B/NCAPD3/ABCC8/NIN/DYM/KIF5C/BCAS3/NFIX/FGFRL1/GRIA1/SLC9A6/AMMECR1/STAT3/SEMA6B/SATB1/TPR/SMARCC2/GALNT2/SIN3A/BRAF/STXBP1/AP1S2/COG5/NIPBL/COPB1/CAMK2G/ATRX/TUBA1A/THOC2/PAK1/ARID2/MBD5/ACSL4/TBC1D23/AKT3/PCDH19/LINGO1/PHF6/ZBTB18/GNAO1/SLC16A2/DPYSL5/BCORL1","0.5573322387586460"
"HP_BROAD_PHALANX_OF_THE_TOES","HP_BROAD_PHALANX_OF_THE_TOES","38","-0.4547320734321412","-1.572123567197850","0.0104205741344813238025147","0.209808443714901149413","0.133217580453509953919","1028","tags=29%, list=7%, signal=27%","CDKL5/WDR19/HS2ST1/BMP2/BMPR1A/CACNA1E/DMXL2/CASK/DACT1/GPC4/GNAO1","0.3807304007227924"
"HP_MIDLINE_HAND_MOVEMENTS","HP_MIDLINE_HAND_MOVEMENTS","26","-0.4886934700852928","-1.571073843770795","0.0216703228680931482552641","0.300304199945121252924","0.190677735406484083480","1919","tags=35%, list=13%, signal=30%","CELF2/CNTNAP2/CHD8/CDKL5/PUM1/SATB1/AP1S2/CASK/ZBTB18","0.3524878575836192"
"HP_ANONYCHIA","HP_ANONYCHIA","56","-0.4069899661474196","-1.570989359470863","0.0076248118898698752712861","0.193200645889170297131","0.122672482249496186957","2314","tags=32%, list=16%, signal=27%","MAPK1/CRKL/RBBP8/TRIM8/KCNN3/TBC1D24/NOTCH1/LMX1B/CDKL5/DOCK6/APC/DLL4/CACNA1E/RBPJ/DMXL2/CASK/GPC4/GNAO1","0.4070179189239539"
"HP_PROLONGED_BLEEDING_AFTER_DENTAL_EXTRACTION","HP_PROLONGED_BLEEDING_AFTER_DENTAL_EXTRACTION","19","0.5663340446786389","1.570947291493458","0.0276691374298728871850006","0.329008506704579817281","0.208903495187089255358","988","tags=26%, list=7%, signal=25%","SERPINE1/F13A1/TPM4/FGA/ACTN1","0.3524878575836192"
"HP_WIDELY_SPACED_MAXILLARY_CENTRAL_INCISORS","HP_WIDELY_SPACED_MAXILLARY_CENTRAL_INCISORS","8","-0.6908893447385994","-1.570640684899612","0.0425306126062025002809719","0.403315041386804296053","0.256084326363273717675","1441","tags=25%, list=10%, signal=22%","GATAD2B/ATRX","0.3217759180753611"
"HP_APLASIA_HYPOPLASIA_INVOLVING_BONES_OF_THE_LOWER_LIMBS","HP_APLASIA_HYPOPLASIA_INVOLVING_BONES_OF_THE_LOWER_LIMBS","352","-0.3078400839410247","-1.570609282423117","0.0000375656192748092385343","0.009819882559695508953","0.006235120816766943387","2367","tags=26%, list=17%, signal=22%","PIK3C2A/KMT2A/VPS13B/KAT6A/WDR26/CTC1/RAB23/DLX5/BPNT2/TBL1XR1/LBR/CHUK/ORC4/CENPE/FBXL4/MBTPS1/RAB33B/ADA/GPC6/ADAMTSL2/MAP3K7/FMR1/SOX9/TRPV6/IFT140/SMC3/ASAH1/ARL6IP6/ASXL1/INPPL1/PRDM16/CHD7/ANAPC1/TCF4/KCNN3/FBN1/AMER1/IFT80/RAD21/WASF1/CERT1/TBC1D24/NOTCH1/ARL6/USP9X/DYNC2LI1/LMX1B/CEP120/CCBE1/GPC3/TRPV4/CDKL5/DYM/EXOC6B/GJA1/WDR19/CCDC28B/KIF5C/SHH/DOCK6/CASZ1/APC/FGFRL1/ROBO1/BMP2/POP1/FBXO11/CHST11/AMMECR1/SATB1/TPR/GALNT2/DLL4/SIN3A/DYNC2H1/STXBP1/NIPBL/HOXA13/SLC26A2/CAMK2G/LMBR1/RBPJ/MBD5/MAP3K20/DACT1/ZMYM2/CHD6/RERE/PHF6/GPC4/ATP7A/KCNJ5","0.5573322387586460"
"HP_CONGENITAL_NYSTAGMUS","HP_CONGENITAL_NYSTAGMUS","20","-0.5227828555337406","-1.569706432364782","0.0251660584977100067194389","0.321444043899313414148","0.204100450016431067546","1931","tags=40%, list=14%, signal=35%","KRT5/TRPV6/TMEM106B/PGAP1/ARHGEF2/TBC1D24/ROBO1/GRIK2","0.3524878575836192"
"HP_NEOPLASM_OF_THE_GALLBLADDER","HP_NEOPLASM_OF_THE_GALLBLADDER","6","-0.7557406888826659","-1.569548666584994","0.0387895033889955609396338","0.388080583429574799137","0.246411228404734811148","3496","tags=100%, list=24%, signal=76%","GPR35/MST1/ARSA/PSAP/TCF4/SEMA4D","0.3217759180753611"
"HP_IMMUNOLOGIC_HYPERSENSITIVITY","HP_IMMUNOLOGIC_HYPERSENSITIVITY","204","-0.3247262860510355","-1.568224857877765","0.0003516193995754268459414","0.038312725557659743636","0.024326611975189486176","3099","tags=34%, list=22%, signal=27%","MST1/BBS12/LIG4/MED12/GNB1/AIRE/PSTPIP1/SATB2/CFAP418/FOXP2/CDC42BPB/RIC1/HLA-B/SOX6/CDON/RUNX1/CIROZ/DOCK8/HFE/DLL1/ADA/ADAMTSL2/BCL11B/NPHP1/SCN4A/CAMK2B/CTLA4/TBK1/IPO8/JAK1/ASXL1/TCF4/CRIPTO/FBN1/NOD2/ARL6/ERAP1/POU2AF1/LMX1B/SEC24C/BBS10/PTCH1/FOCAD/CCDC28B/TLR4/SHH/WAC/CDH3/BBS4/BBS9/TNFSF15/CBL/FBXO11/SCAPER/PLCG2/STAT3/KLRC4/TGFBR1/LRBA/BBS2/STXBP1/SEMA4D/MLXIPL/PLAG1/SUFU/TRIM32/RFX7/TET2/JMJD1C","0.4984931087665903"
"HP_ABNORMAL_LABIA_MINORA_MORPHOLOGY","HP_ABNORMAL_LABIA_MINORA_MORPHOLOGY","30","0.5095980899639685","1.567680709971502","0.0249475661086432723423378","0.321444043899313414148","0.204100450016431067546","2379","tags=30%, list=17%, signal=25%","WNT5A/ACTB/ZFPM2/GMNN/ATIC/OCA2/POR/FGFR2/ORC6","0.3524878575836192"
"HP_MYELOID_LEUKEMIA","HP_MYELOID_LEUKEMIA","28","-0.4707130228590143","-1.567584188582178","0.0263856005998473683304972","0.325481689332844881246","0.206664147386567076392","2369","tags=46%, list=17%, signal=39%","ARHGAP26/RIT1/PTPN11/ASXL1/SOS2/MAP2K1/NF1/CBL/IDH1/BRAF/SPRED2/TET2/KRAS","0.3524878575836192"
"HP_CYSTIC_HYGROMA","HP_CYSTIC_HYGROMA","48","-0.4244331330612817","-1.567360717238264","0.0080135876624510739979490","0.196725103596536554651","0.124910331784398906385","2801","tags=40%, list=20%, signal=32%","DLL3/KIF21A/CHRNA1/CDC42BPB/CIROZ/LBR/RIT1/PTPN11/MCTP2/BLTP1/SOS2/MAP2K1/CBL/BRAF/SPRED2/SLC26A2/TUBA1A/CHRND/KRAS","0.3807304007227924"
"HP_ABNORMAL_ADRENAL_MORPHOLOGY","HP_ABNORMAL_ADRENAL_MORPHOLOGY","105","-0.3541981332996048","-1.565794499352466","0.0037783327899086885034996","0.133733728111608801692","0.084914045252940190123","1984","tags=27%, list=14%, signal=23%","ADA/PIK3CA/YY1/MTHFR/SCN4A/VHL/PEX1/ALK/TBC1D24/ZNRF3/USP8/EPAS1/NF1/CDKN1B/APC/ROBO1/GPR161/CTNNB1/KDM1A/IDH1/KIF1B/VANGL2/CILK1/BRAF/SAMD9/ATRX/DPYSL5/KCNJ5","0.4317076958033464"
"HP_HYDROMETROCOLPOS","HP_HYDROMETROCOLPOS","29","-0.4740447399687477","-1.564960001215941","0.0245021465154317621970570","0.321444043899313414148","0.204100450016431067546","3887","tags=52%, list=27%, signal=38%","MKKS/IFT74/SDCCAG8/BBS7/BBS12/CFAP418/NPHP1/ARL6/DYNC2LI1/BBS10/BBS4/BBS9/SCAPER/BBS2/TRIM32","0.3524878575836192"
"HP_THICKENED_EARS","HP_THICKENED_EARS","9","-0.6569305524357331","-1.564796442663181","0.0278083785716421519329522","0.329008506704579817281","0.208903495187089255358","1812","tags=44%, list=13%, signal=39%","KCNJ11/KCNN3/ABCC8/PTCH1","0.3524878575836192"
"HP_AMEGAKARYOCYTIC_THROMBOCYTOPENIA","HP_AMEGAKARYOCYTIC_THROMBOCYTOPENIA","6","-0.7533399557117737","-1.564562740059361","0.0402129321777786111202779","0.395510201967992469640","0.251128654395108619202","3178","tags=83%, list=22%, signal=65%","MECOM/HOXA11/PTPN11/MAP2K1/BRAF","0.3217759180753611"
"HP_APLASIA_HYPOPLASIA_OF_THE_4TH_FINGER","HP_APLASIA_HYPOPLASIA_OF_THE_4TH_FINGER","5","0.8004563921524612","1.564468666165216","0.0247949230990497510029869","0.321444043899313414148","0.204100450016431067546","23","tags=20%, list=0%, signal=20%","TBX3","0.3524878575836192"
"HP_APLASIA_HYPOPLASIA_OF_THE_STERNUM","HP_APLASIA_HYPOPLASIA_OF_THE_STERNUM","19","-0.5387896756525461","-1.564002653073751","0.0306534964976927330748691","0.342739396454081524102","0.217621904596713017233","4337","tags=68%, list=30%, signal=48%","ORC1/FRA10AC1/ARID1B/SETBP1/FIG4/BUB1B/SOX9/GPC3/LRP2/NFIX/PCGF2/NIPBL/GPC4","0.3524878575836192"
"HP_MITTEN_DEFORMITY","HP_MITTEN_DEFORMITY","8","0.7169345411512783","1.563508765363059","0.0304977667210308972522981","0.341685664654775567151","0.216952839051661794390","2054","tags=62%, list=14%, signal=54%","COL7A1/LAMB3/ITGB4/LAMA3/LAMC2","0.3524878575836192"
"HP_INFERIOR_CEREBELLAR_VERMIS_HYPOPLASIA","HP_INFERIOR_CEREBELLAR_VERMIS_HYPOPLASIA","14","0.6030900508755976","1.562993392268612","0.0429824730873432162003844","0.405738673530865956440","0.257623208232966194320","707","tags=21%, list=5%, signal=20%","BMP4/L1CAM/VLDLR","0.3217759180753611"
"HP_ABDOMINAL_WALL_MUSCLE_WEAKNESS","HP_ABDOMINAL_WALL_MUSCLE_WEAKNESS","15","-0.5571718591358219","-1.562925123032194","0.0492914820782925713893441","0.425922876900541591549","0.270439140178696524330","864","tags=33%, list=6%, signal=31%","VDR/NF1/DNMT3B/GNPTAB/GYG1","0.3217759180753611"
"HP_LATTICE_RETINAL_DEGENERATION","HP_LATTICE_RETINAL_DEGENERATION","6","0.7771733929680903","1.562530472924640","0.0361987776566548014045566","0.375993658762674265450","0.238736652345077543513","1323","tags=50%, list=9%, signal=45%","BMP4/LOXL3/P3H2","0.3217759180753611"
"HP_PERIPHERAL_RETINAL_DEGENERATION","HP_PERIPHERAL_RETINAL_DEGENERATION","6","0.7771733929680903","1.562530472924640","0.0361987776566548014045566","0.375993658762674265450","0.238736652345077543513","1323","tags=50%, list=9%, signal=45%","BMP4/LOXL3/P3H2","0.3217759180753611"
"HP_UPPER_LIMB_HYPERTONIA","HP_UPPER_LIMB_HYPERTONIA","11","0.6390936423804336","1.561651337365114","0.0451263537906137213173707","0.414491153742876761168","0.263180583408941959345","2244","tags=45%, list=16%, signal=38%","CLDN11/SPG7/TSEN54/MTPAP/TSEN2","0.2878571172551493"
"HP_TOENAIL_DYSPLASIA","HP_TOENAIL_DYSPLASIA","11","-0.6188681811894918","-1.560436562056559","0.0347463850606153992761627","0.367083007189809407134","0.233078846482819956876","1283","tags=36%, list=9%, signal=33%","TBC1D24/LMX1B/BMP2/CTNNB1","0.3217759180753611"
"HP_SEMILOBAR_HOLOPROSENCEPHALY","HP_SEMILOBAR_HOLOPROSENCEPHALY","8","-0.6861136896971310","-1.559783898407972","0.0496784585876420548000709","0.426574444656205642445","0.270852852221806883470","949","tags=38%, list=7%, signal=35%","PTCH1/CNOT1/STAG2","0.3217759180753611"
"HP_MACROTHROMBOCYTOPENIA","HP_MACROTHROMBOCYTOPENIA","11","0.6382131369177988","1.559499786415305","0.0469314079422382679496195","0.418198034980140742611","0.265534262511237129090","1506","tags=36%, list=11%, signal=33%","MYH9/TPM4/ACTN1/GALE","0.2820133500117251"
"HP_THIN_CLAVICLES","HP_THIN_CLAVICLES","5","0.7976319507747769","1.558948377892016","0.0260746437464972544151287","0.324153904472673948245","0.205821072230473078868","1820","tags=60%, list=13%, signal=52%","LMNA/HHAT/PCNT","0.3524878575836192"
"HP_SKIN_EROSION","HP_SKIN_EROSION","25","0.5148035682886071","1.558820277117432","0.0459822744562972049453542","0.418198034980140742611","0.265534262511237129090","2054","tags=36%, list=14%, signal=31%","COL7A1/LMNA/PLEC/UROD/LAMB3/ITGB4/LAMA3/KRT10/LAMC2","0.3217759180753611"
"HP_SPLIT_NAIL","HP_SPLIT_NAIL","11","0.6379241067490694","1.558793529429468","0.0469314079422382679496195","0.418198034980140742611","0.265534262511237129090","308","tags=18%, list=2%, signal=18%","EFNB1/DKC1","0.2820133500117251"
"HP_OPTIC_DISC_COLOBOMA","HP_OPTIC_DISC_COLOBOMA","28","0.5103125137000933","1.558144982588009","0.0249468114445147992608298","0.321444043899313414148","0.204100450016431067546","1363","tags=29%, list=10%, signal=26%","ACTB/ACTG1/C2CD3/DDX11/NAA10/HHAT/INPP5E/PAX6","0.3524878575836192"
"HP_GASTROINTESTINAL_HEMORRHAGE","HP_GASTROINTESTINAL_HEMORRHAGE","140","-0.3444870844142370","-1.556220155382787","0.0029478447567581975846673","0.117414585260122425470","0.074552228124625044559","2457","tags=32%, list=17%, signal=27%","ABCC6/RUNX1/MEN1/CHEK2/CTC1/LBR/JAK2/PIK3CA/CTLA4/IFIH1/ASXL1/MSH6/MVK/EPCAM/ALK/NOTCH1/EPHB2/CASP10/ERAP1/PMS1/PKHD1/ENPP1/SEC24C/MSH2/IL10RA/TLR4/DOCK6/CDKN1B/APC/NPAT/CBL/CTNNB1/BMPR1A/KLRC4/LMAN1/DLL4/ATRX/RBPJ/F10/TAOK1/TET2/ATP7A/JMJD1C/KRAS/SREBF1","0.4317076958033464"
"HP_ABNORMAL_MEAN_CORPUSCULAR_VOLUME","HP_ABNORMAL_MEAN_CORPUSCULAR_VOLUME","57","0.4344946383535743","1.555566565544662","0.0208652291045499684030151","0.294201178756013204119","0.186802630563829286103","4077","tags=51%, list=29%, signal=37%","RPS26/RPL35/SBDS/RPL8/RPL26/KIF23/PIEZO1/RPS19/RPS7/GLRX5/RPL27/RPS10/RPS28/TRNT1/RPL11/KCNN4/TSR2/TERT/RPL18/RPS24/RPS27/RPL35A/RPL15/RPS20/STEAP3/RPS29/RPL5/RPS15A/MMADHC","0.3524878575836192"
"HP_MICROSPHEROPHAKIA","HP_MICROSPHEROPHAKIA","8","0.7131388040272677","1.555230926977878","0.0335983430841485727902374","0.361133447811631813629","0.229301182004252396274","1501","tags=50%, list=11%, signal=45%","LTBP2/ADAMTS17/PAX6/FOXC1","0.3217759180753611"
"HP_DECREASED_CORNEAL_REFLEX","HP_DECREASED_CORNEAL_REFLEX","9","-0.6528188273050165","-1.555002389343696","0.0296024433754110936900528","0.337091757863031638021","0.214035944303342356987","2757","tags=67%, list=19%, signal=54%","SCN9A/WNK1/ZFHX2/ALG11/RETREG1/KIF1A","0.3524878575836192"
"HP_MYOCLONIC_SEIZURE","HP_MYOCLONIC_SEIZURE","226","-0.3200713949642212","-1.554357447992820","0.0006431212899891322869877","0.055841015757337623959","0.035456175535849059066","3027","tags=30%, list=21%, signal=24%","COG3/HACE1/AARS1/PCDH12/GNB1/KCNQ2/SCN9A/LNPK/ATP5F1A/OPHN1/SYNGAP1/IER3IP1/YWHAG/SEPSECS/ZNF526/SETD5/DNM1L/GLB1/KCNA2/NARS1/RBL2/FGF13/PPP3CA/PAFAH1B1/GRN/PSAP/POU4F1/MTHFR/NBEA/SLC38A3/KCNJ11/ASAH1/TRIM8/PRUNE1/PLCB1/ATP6V1A/NSD1/ARFGEF1/CHD3/TBC1D24/EXTL3/EEF1A2/CDC40/MBOAT7/GAD1/KCTD7/ABCC8/CDKL5/SAMD12/ADGRV1/PPFIBP1/STAT3/SATB1/CHD2/CILK1/STXBP1/DNM1/CACNA1E/CLCN3/HID1/KCNT1/SV2A/DMXL2/CASK/GRIK2/RFX7/PCDH19/GNAO1","0.4772708153628621"
"HP_SUDDEN_LOSS_OF_VISUAL_ACUITY","HP_SUDDEN_LOSS_OF_VISUAL_ACUITY","5","-0.7679138583927649","-1.553905968397395","0.0414584122883990754959704","0.398588922295213976543","0.253083483598468994558","2393","tags=60%, list=17%, signal=50%","MEN1/CTNNB1/BRAF","0.3217759180753611"
"HP_ABNORMAL_ST_SEGMENT","HP_ABNORMAL_ST_SEGMENT","32","0.4757148332211421","1.553523257224286","0.0408070948682630121884252","0.396334741468022444533","0.251652194607492052381","658","tags=16%, list=5%, signal=15%","CITED2/TNNC1/PKP2/SCNN1A/KCND3","0.3217759180753611"
"HP_PECTORAL_MUSCLE_HYPOPLASIA_APLASIA","HP_PECTORAL_MUSCLE_HYPOPLASIA_APLASIA","6","0.7706526410845586","1.549420305210989","0.0430052328072125303326523","0.405738673530865956440","0.257623208232966194320","212","tags=33%, list=1%, signal=33%","TBX3/PLXND1","0.3217759180753611"
"HP_INCREASED_CIRCULATING_PYRUVATE_CONCENTRATION","HP_INCREASED_CIRCULATING_PYRUVATE_CONCENTRATION","51","0.4499514410898364","1.548901835290643","0.0135160425688406315297696","0.235450308949991832241","0.149498847234057263833","4520","tags=59%, list=32%, signal=40%","BCS1L/NDUFAF8/COX10/PITRM1/NDUFV1/NDUFS6/PDHA1/FOXRED1/NDUFAF4/TWNK/NDUFS3/KARS1/TMEM126B/COX16/POLG/NDUFB9/NDUFAF3/SLC25A26/NDUFB11/PC/LIPT2/LONP1/MPV17/NDUFS8/NDUFB3/AIFM1/NDUFAF2/NDUFS2/NDUFV2/NDUFB10","0.3807304007227924"
"HP_CONTRACTURE_OF_THE_PROXIMAL_INTERPHALANGEAL_JOINT_OF_THE_2ND_FINGER","HP_CONTRACTURE_OF_THE_PROXIMAL_INTERPHALANGEAL_JOINT_OF_THE_2ND_FINGER","5","0.7918630809108338","1.547673290042377","0.0292739485938792454167157","0.335599046524980570982","0.213088149308776231283","2431","tags=80%, list=17%, signal=66%","COL1A1/PLOD3/RPL10/NEDD4L","0.3524878575836192"
"HP_EPISODIC_HYPERHIDROSIS","HP_EPISODIC_HYPERHIDROSIS","26","-0.4812374176897609","-1.547103789711426","0.0251843408499681474521648","0.321444043899313414148","0.204100450016431067546","2757","tags=38%, list=19%, signal=31%","SCN9A/WNK1/KCNJ11/VHL/ABCC8/RETREG1/EPAS1/NF1/KIF1A/KIF1B","0.3524878575836192"
"HP_WIDELY_SPACED_TEETH","HP_WIDELY_SPACED_TEETH","124","-0.3447511645808903","-1.546283947170893","0.0043395780674016816436112","0.142692516689651743844","0.090602415639897404542","3320","tags=42%, list=23%, signal=32%","GUSB/IRF6/MAN2B1/PAX9/RPS6KA3/NDST1/MED12/PRKD1/H4C5/ERCC8/CDC42BPB/ADNP/AFF3/SUMO1/ZNF526/LMBRD2/GLB1/MAPK1/WDR26/NARS1/TBL1XR1/HK1/ARSK/EDA/KDM6A/IFT140/SMC3/CAMK2B/CNTNAP2/TCF4/CHD3/RAD21/CERT1/TBC1D24/PPFIA3/KANSL1/RLIM/BCAS3/CDH3/GJA5/CEP295/TANC2/RDH11/KDM1A/PCGF2/SATB1/NIPBL/PTPRF/CDK19/DLX3/MBD5/LRP6","0.4070179189239539"
"HP_FOCAL_CLONIC_SEIZURE","HP_FOCAL_CLONIC_SEIZURE","31","-0.4631686117168612","-1.545103522861187","0.0236356980546313377722356","0.318023181814979072346","0.201928378378745082555","2966","tags=42%, list=21%, signal=33%","PCDH12/GNB1/KCNQ2/SCN9A/CACNA2D1/PEX3/SMARCAL1/PLCB1/TBC1D24/KCNT1/DMXL2/ADAM22/PCDH19","0.3524878575836192"
"HP_HYPOMETRIC_SACCADES","HP_HYPOMETRIC_SACCADES","16","-0.5518626638100204","-1.544966421712842","0.0341421218633713580148381","0.363897414758132031753","0.231056158984905224418","3185","tags=50%, list=22%, signal=39%","MRE11/TUBB4A/NPHP1/MAPT/MYORG/MME/DNAJC6/TSPOAP1","0.3217759180753611"
"HP_BLISTERING_BY_ANATOMICAL_LOCATION","HP_BLISTERING_BY_ANATOMICAL_LOCATION","21","0.5463468961627467","1.544721439006711","0.0292474126486891687626279","0.335599046524980570982","0.213088149308776231283","2417","tags=48%, list=17%, signal=40%","COL7A1/PLEC/KRT17/LAMB3/KRT16/ITGB4/CD151/LAMA3/LAMC2/KRT6A","0.3524878575836192"
"HP_PRENATAL_MOVEMENT_ABNORMALITY","HP_PRENATAL_MOVEMENT_ABNORMALITY","204","-0.3198421525884239","-1.544637548090172","0.0005208772215834539445062","0.051687762863200960306","0.032819073368882609176","2730","tags=28%, list=19%, signal=23%","KIF21A/CHRNA1/SYNGAP1/CDC42BPB/SELENON/YWHAG/DNM1L/ZC4H2/KCNA2/PREPL/UBA1/VPS13B/PAX7/ZBTB42/CHUK/CACNA2D1/PEX3/SNUPN/PPP3CA/MAP3K7/DNA2/CELF2/ADCY6/GGPS1/CYFIP2/SLC38A3/SCN4A/SMC3/PRUNE1/ATP6V1A/NSD1/GABRB2/RAD21/SNAP25/EEF1A2/FKBP14/TRPV4/NFASC/KIF5C/DOCK6/SCYL2/FGFRL1/ASNS/ERGIC1/DNM1/NIPBL/GFPT1/CDK19/SYNE1/TUBA1A/THOC2/MAP3K20/CHRND/SLC16A2/DPYSL5/SCN3A/ERBB3","0.4772708153628621"
"HP_CONGENITAL_HYPOPLASTIC_ANEMIA","HP_CONGENITAL_HYPOPLASTIC_ANEMIA","4","0.8553594140722893","1.544560485415676","0.0201492061959979811003318","0.291704752445125448101","0.185217528138834186535","1555","tags=75%, list=11%, signal=67%","KIF23/ZNF699/RPS19","0.3524878575836192"
"HP_ABNORMAL_PULMONARY_VALVE_PHYSIOLOGY","HP_ABNORMAL_PULMONARY_VALVE_PHYSIOLOGY","151","-0.3383250599466832","-1.544477438331583","0.0024004687845679277720390","0.105009472732550304674","0.066675619123977306058","2487","tags=34%, list=17%, signal=28%","INVS/SETD5/METTL27/PARN/PRDM5/CIROZ/KAT6A/RAB23/RIT1/PTPN11/SMC5/ADA/ADAMTSL2/MAP3K7/KDM6A/SMC3/CHD7/ABCA3/SHOC2/PGAP1/CHD3/FBN1/GTF2I/RAD21/NOTCH1/SOS2/KANSL1/ENPP1/GPC3/DDX3X/MAP2K1/SPRED1/FRYL/STRA6/WAC/SARDH/NF1/BMP2/ADAMTS19/BRAF/NIPBL/SPRED2/MLXIPL/FBXW11/GNPTAB/SKIC3/BCOR/HIVEP2/GPC4/KRAS/DPYSL5","0.4317076958033464"
"HP_HYPSARRHYTHMIA","HP_HYPSARRHYTHMIA","163","-0.3367878833398970","-1.544051036801436","0.0017460109319552110165863","0.092229497087837022939","0.058560991306819680513","2989","tags=33%, list=21%, signal=27%","TRAK1/AARS1/PCDH12/GNB1/KCNQ2/GUF1/SYNGAP1/IER3IP1/PHACTR1/YWHAG/ZNF526/KCNA2/TBL1XR1/CACNA2D1/IARS2/FGF13/PPP3CA/PAFAH1B1/RUSC2/CELF2/ARFGEF2/CYFIP2/SLC38A3/KCNJ11/CCDC88A/TRIM8/GOLGA2/PLCB1/ATP6V1A/GABRB2/ARFGEF1/TBC1D24/EEF1A2/GAD1/ABCC8/CDKL5/NF1/PPFIBP1/DOCK7/OGDHL/SATB1/ASNS/STXBP1/DNM1/CDK19/CACNA1E/HID1/KCNT1/DMXL2/CASK/SLC39A8/ATP7A/GNAO1/SCN3A","0.4550598673872295"
"HP_CORTICAL_DYSPLASIA","HP_CORTICAL_DYSPLASIA","52","-0.4078027469371071","-1.543161831643995","0.0140172451619224504998362","0.238938133020868276324","0.151713436292260528404","2224","tags=35%, list=16%, signal=29%","NUP133/FGF13/DLL1/B4GAT1/PIK3CA/YY1/CNTNAP2/HSD17B4/COPB2/DDX3X/ADGRV1/KIF5C/FRYL/ASNS/SIN3A/KIF2A/AKT3/SCN3A","0.3807304007227924"
"HP_FIXED_ELBOW_FLEXION","HP_FIXED_ELBOW_FLEXION","5","-0.7624880655049519","-1.542926648439155","0.0435487043850761243457548","0.406722941626668943460","0.258248167895784308534","1626","tags=80%, list=11%, signal=71%","ASXL1/LMX1B/STXBP1/THOC2","0.3217759180753611"
"HP_ABSENCE_OF_THE_SACRUM","HP_ABSENCE_OF_THE_SACRUM","10","-0.6280447612883187","-1.542299687370340","0.0292901813144890374451812","0.335599046524980570982","0.213088149308776231283","4380","tags=60%, list=31%, signal=42%","FUZ/NODAL/PTH1R/MNX1/FANCB/VANGL2","0.3524878575836192"
"HP_ANKLE_CLONUS","HP_ANKLE_CLONUS","56","-0.3993984814036044","-1.541686077456291","0.0097455928653509184961257","0.207801773340629380993","0.131943447881460201865","3381","tags=39%, list=24%, signal=30%","ADGRG1/ABCD1/TCEAL1/SELENOI/RTN2/AARS1/SPG11/SLC52A3/CCDC88C/FGF13/PSAP/ATP6AP2/CYP27A1/PI4KA/KIF5A/FA2H/KIF1A/KPNA3/SPAST/SYNE1/SV2A/SLC16A2","0.3807304007227924"
"HP_EEG_WITH_FOCAL_EPILEPTIFORM_DISCHARGES","HP_EEG_WITH_FOCAL_EPILEPTIFORM_DISCHARGES","96","-0.3676407608888168","-1.541408642212250","0.0109846668228698284008882","0.211726295577158885042","0.134435317834496442790","2955","tags=33%, list=21%, signal=27%","GNB1/CLCN4/KCNQ2/SCN9A/SYNGAP1/YME1L1/DAG1/SUOX/PPP3CA/PIK3CA/PI4KA/TRIM8/CNTNAP2/PLCB1/ARFGEF1/TBC1D24/KCTD7/CDKL5/DOCK7/SATB1/CHD2/STXBP1/DNM1/CACNA1E/HID1/KCNT1/DMXL2/CASK/AKT3/PCDH19/GNAO1/SCN3A","0.3807304007227924"
"HP_FOCAL_NON_MOTOR_SEIZURE","HP_FOCAL_NON_MOTOR_SEIZURE","33","-0.4464814952416800","-1.541406757144104","0.0251390631906935439754402","0.321444043899313414148","0.204100450016431067546","1822","tags=27%, list=13%, signal=24%","SLC38A3/PI4KA/CNTNAP2/PLCB1/TBC1D24/KCNJ10/KCNT1/PCDH19/SCN3A","0.3524878575836192"
"HP_CHORIORETINAL_HYPOPIGMENTATION","HP_CHORIORETINAL_HYPOPIGMENTATION","9","0.6687205406758472","1.540195663980615","0.0407582801994273366541499","0.396334741468022444533","0.251652194607492052381","3402","tags=67%, list=24%, signal=51%","FAS/VPS33A/PAX6/TSC2/TSC1/WT1","0.3217759180753611"
"HP_DISTAL_JOINT_HYPERMOBILITY","HP_DISTAL_JOINT_HYPERMOBILITY","9","0.6686739964919020","1.540088463519533","0.0469043151969981211846239","0.418198034980140742611","0.265534262511237129090","3336","tags=56%, list=23%, signal=43%","COL6A1/COL6A3/COL13A1/ALG2/COMP","0.2878571172551493"
"HP_FIRST_DEGREE_ATRIOVENTRICULAR_BLOCK","HP_FIRST_DEGREE_ATRIOVENTRICULAR_BLOCK","32","0.4714459092596799","1.539582399814926","0.0442799831706671559450328","0.409377935269255477380","0.259933952428200165663","681","tags=19%, list=5%, signal=18%","CITED2/PKP2/LMNA/SCNN1A/KCND3/DMPK","0.3217759180753611"
"HP_HYPOPLASIA_OF_THE_FEMORAL_HEAD","HP_HYPOPLASIA_OF_THE_FEMORAL_HEAD","5","-0.7600657672779449","-1.538025026165971","0.0463357638003495317380320","0.418198034980140742611","0.265534262511237129090","641","tags=40%, list=4%, signal=38%","POP1/SLC26A2","0.3217759180753611"
"HP_HEPATOBLASTOMA","HP_HEPATOBLASTOMA","22","-0.5040240666194808","-1.537873503963999","0.0364021204737127249129180","0.376697548365775791712","0.239183586072678117107","1129","tags=32%, list=8%, signal=29%","PKHD1/GPC3/APC/SMARCC2/SKIC3/ARID2/GPC4","0.3217759180753611"
"HP_ABSENCE_OF_SUBCUTANEOUS_FAT","HP_ABSENCE_OF_SUBCUTANEOUS_FAT","17","0.5566227262782353","1.537778220662301","0.0461626818168878669257360","0.418198034980140742611","0.265534262511237129090","705","tags=18%, list=5%, signal=17%","CAV1/LMNA/PIK3R1","0.3217759180753611"
"HP_NEOPLASM_OF_THE_ANTERIOR_PITUITARY","HP_NEOPLASM_OF_THE_ANTERIOR_PITUITARY","61","-0.3975306752702345","-1.536145029914037","0.0129408825621667566280193","0.229072936326752740754","0.145449543328668162712","2393","tags=34%, list=17%, signal=29%","MEN1/CHEK2/PIK3CA/YY1/IFT140/MSH6/EPCAM/PMS1/MSH2/USP8/BICC1/CDKN1B/NPAT/CTNNB1/KDM1A/IDH1/BMPR1A/BRAF/SUFU/ATRX/KRAS","0.3807304007227924"
"HP_SHAWL_SCROTUM","HP_SHAWL_SCROTUM","23","0.5213206994704475","1.535976228298315","0.0275081539714160626386441","0.329008506704579817281","0.208903495187089255358","57","tags=13%, list=0%, signal=13%","TBX3/EFNB1/MID1","0.3524878575836192"
"HP_APLASIA_HYPOPLASIA_INVOLVING_THE_CARPAL_BONES","HP_APLASIA_HYPOPLASIA_INVOLVING_THE_CARPAL_BONES","17","-0.5361246677879163","-1.534577788028548","0.0495985464527277861157550","0.426574444656205642445","0.270852852221806883470","2006","tags=41%, list=14%, signal=35%","XRCC2/EIF2AK3/TRPV4/DYM/EXOC6B/GNPTAB/LMBR1","0.3217759180753611"
"HP_ABNORMAL_ERYTHROCYTE_ENZYME_CONCENTRATION_OR_ACTIVITY","HP_ABNORMAL_ERYTHROCYTE_ENZYME_CONCENTRATION_OR_ACTIVITY","45","0.4539805951376230","1.533874391321139","0.0271287311580172170455416","0.327726867489351481044","0.208089720144274126223","4051","tags=56%, list=28%, signal=40%","RPS26/RPL35/ITPA/RPL8/RPL26/HMBS/GALE/RPS19/RPS7/RPL27/GSR/RPS10/RPS28/RPL11/TSR2/CYB5R3/RPL18/RPS24/RPS27/RPL35A/RPL15/RPS20/RPS29/RPL5/RPS15A","0.3524878575836192"
"HP_SPEECH_ARTICULATION_DIFFICULTIES","HP_SPEECH_ARTICULATION_DIFFICULTIES","27","0.5070021644425328","1.532431117538453","0.0476190476190476164042309","0.418198034980140742611","0.265534262511237129090","112","tags=15%, list=1%, signal=15%","MSX1/SLC2A3/BMP4/ARHGAP29","0.2712885546889530"
"HP_ABNORMAL_HELIX_MORPHOLOGY","HP_ABNORMAL_HELIX_MORPHOLOGY","176","-0.3311772903639933","-1.531840900593248","0.0016289655158338940590251","0.089625360113751967317","0.056907498145559953784","2389","tags=31%, list=17%, signal=26%","SPOP/POGZ/NARS1/KIAA0586/CHUK/TASP1/RIT1/PTPN11/FANCB/NFIA/ADAMTSL2/ACBD5/KDM6A/PEX1/CSNK2A1/CHD7/AFF2/PGM2L1/SEMA3E/TCF4/FBN1/AMER1/SOS2/KANSL1/GDF11/PEX2/GPC3/SEC24C/DDX3X/MAP2K1/PYCR1/RB1/NF1/ASXL2/NFIX/HS2ST1/DOCK7/CBL/BMP2/AMMECR1/SIN3A/BRAF/NIPBL/SLC25A12/SPRED2/PBX1/SLC26A2/BCL11A/BCOR/DACT1/GPC4/JMJD1C/KRAS/SLC16A2","0.4550598673872295"
"HP_RAGGED_RED_MUSCLE_FIBERS","HP_RAGGED_RED_MUSCLE_FIBERS","47","0.4413985905586106","1.531125397432532","0.0259699523150259785342353","0.323576289270402162046","0.205454316258609687162","4301","tags=47%, list=30%, signal=33%","BCS1L/SPG7/PUS1/CARS2/TRMU/COQ2/TOP3A/EARS2/RRM2B/TWNK/YARS2/MGME1/POLG/NEFH/CHCHD10/ALG2/SLC25A26/LIG3/MPV17/AIFM1/PABPN1/ALG14","0.3524878575836192"
"HP_ABNORMAL_SPLEEN_PHYSIOLOGY","HP_ABNORMAL_SPLEEN_PHYSIOLOGY","19","-0.5269390684492762","-1.529602622887572","0.0392939639402676565982375","0.391246488482731580305","0.248421415428952935267","3132","tags=68%, list=22%, signal=53%","LIPA/MED12/RUNX1/TULP3/PSAP/ITCH/ASXL1/NOTCH1/CASP10/PKHD1/CBL/TET2/SCARB2","0.3217759180753611"
"HP_FOCAL_ONSET_SEIZURE","HP_FOCAL_ONSET_SEIZURE","298","-0.3098485882438505","-1.529579497987199","0.0000803818637328345921749","0.015952929170120064978","0.010129290259058709375","3071","tags=31%, list=21%, signal=24%","PACS1/SYN1/VAMP2/HACE1/PCDH12/GNB1/CLCN4/KCNQ2/PURA/CSF1R/H4C5/SCN9A/OPHN1/SYNGAP1/AFF3/IER3IP1/YWHAG/TICAM1/DNM1L/POGZ/NARS1/CACNA2D1/PEX3/AGO1/FGF13/FBXL4/PPP3CA/PAFAH1B1/MARCHF6/PIK3CA/PSAP/SMARCAL1/POU4F1/ARFGEF2/MTHFR/NBEA/SLC38A3/KCNJ11/KDM6A/CAMK2B/PI4KA/TBK1/TRIM8/CNTNAP2/PPP2R5D/ZNFX1/GOLGA2/PLCB1/ATP6V1A/NSD1/PNPLA8/ACO2/FAR1/TBC1D24/TMTC3/EXTL3/CDC40/MBOAT7/KCTD7/CDKL5/FA2H/SAMD12/ADGRV1/FRYL/NF1/PPFIBP1/DOCK7/KCNJ10/SATB1/GALNT2/CHD2/STXBP1/CNOT1/DNM1/COPB1/CACNA1E/SUFU/CLCN3/HID1/TUBA1A/KCNT1/DMXL2/ADAM22/CASK/GRIK2/AKT3/PCDH19/RERE/GNAO1/DPYSL5/SCN3A","0.5384340963099162"
"HP_SCAPHOCEPHALY","HP_SCAPHOCEPHALY","39","-0.4352965400266822","-1.527742509726620","0.0159112746808179016111406","0.257781205251618350527","0.163677818880705205906","2545","tags=38%, list=18%, signal=32%","SOX6/PRIM1/ASXL3/SCN4A/IFT140/FBN1/HSD17B4/EXTL3/SCYL2/NFIX/OGDHL/ERGIC1/RFX7/KRAS/KCNJ5","0.3524878575836192"
"HP_LEG_DYSTONIA","HP_LEG_DYSTONIA","8","0.7001094651043498","1.526816219018410","0.0397630171412248628604047","0.393828179181241577744","0.250060656358656319131","2253","tags=50%, list=16%, signal=42%","ACTB/FTL/AOPEP/PARK7","0.3217759180753611"
"HP_FLUSHING","HP_FLUSHING","48","-0.4129056616482121","-1.524791689387831","0.0123292410194896246561358","0.226037768841860886582","0.143522367942162276666","1741","tags=27%, list=12%, signal=24%","VHL/ALDH2/ASXL1/NSD1/USP8/EPAS1/NF1/CBL/KIF1B/BRAF/ATRX/TET2/SCN3A","0.3807304007227924"
"HP_THICK_VERMILION_BORDER","HP_THICK_VERMILION_BORDER","266","-0.3120940837624540","-1.522884962169776","0.0002640326824002037090292","0.033200587869095292415","0.021080667237421114868","2413","tags=26%, list=17%, signal=22%","METTL27/PRIM1/BRCA1/VPS13B/WDR26/TASP1/ORC4/RIT1/RBL2/PTPN11/SMC5/PPP3CA/POU4F1/YY1/EDA/INSR/KDM6A/CNTNAP2/SHOC2/KIFBP/AFF2/TCF4/KCNN3/FBN1/GTF2I/AMER1/HNRNPH2/TBC1D24/USP9X/SOS2/COG6/GPC3/CDKL5/BCAS3/EDAR/NF1/APC/NFIX/SC5D/DOCK7/GJA5/CBL/KMT2C/GRIA1/FBXO11/AMMECR1/SMARCC2/GALNT2/CHD2/SIN3A/CILK1/BRAF/AP1S2/SPRED2/MLXIPL/GNPTAB/ATRX/STAG2/ARID2/LRP6/ACSL4/ADAM22/ZMYM2/GPC4/KRAS/SH3PXD2B/DPYSL5/KREMEN1","0.4984931087665903"
"HP_NARROW_FOREHEAD","HP_NARROW_FOREHEAD","176","-0.3292214184238809","-1.522794131018880","0.0017592813912741991477090","0.092229497087837022939","0.058560991306819680513","2753","tags=32%, list=19%, signal=26%","PIGB/MADD/MEIS2/IER3IP1/SOX6/PLCB4/SLC12A2/PSPH/SETD5/SPOP/POGZ/MAPK1/KAT6A/WDR26/DHCR24/MN1/KIF26A/NUP133/SUOX/CACNA2D1/RBBP8/ATP6AP2/CCDC88A/IFT140/SMC3/CAMK2B/CNTNAP2/PPP2R5D/ASXL1/SHOC2/GOLGA2/NBAS/TCF4/AMER1/TBC1D24/USP9X/ZNF148/CDKL5/FRYL/NF1/SC5D/HS2ST1/PUM1/DOCK7/BMP2/SLC12A6/GPT2/BRAF/DNM1/NIPBL/SPRED2/MLXIPL/GNPTAB/CAMK2G/ATRX/ADAM22/SLC16A2","0.4550598673872295"
"HP_OLIVOPONTOCEREBELLAR_HYPOPLASIA","HP_OLIVOPONTOCEREBELLAR_HYPOPLASIA","13","0.6001437146349780","1.522715351918190","0.0493601462522851933134582","0.425922876900541591549","0.270439140178696524330","1880","tags=46%, list=13%, signal=40%","PMM2/FKRP/TSEN54/TOE1/POMT2/POMGNT1","0.2765005992544716"
"HP_LIMITATION_OF_KNEE_MOBILITY","HP_LIMITATION_OF_KNEE_MOBILITY","32","-0.4424157837364239","-1.522548403419599","0.0405887912525719068979058","0.396334741468022444533","0.251652194607492052381","2076","tags=38%, list=15%, signal=32%","FGF13/GPC6/MAP3K7/ASAH1/DYSF/DYM/ADGRV1/ECEL1/CSGALNACT1/PCDH19/ATP7A/DPYSL5","0.3217759180753611"
"HP_APLASIA_OF_THE_PECTORALIS_MAJOR_MUSCLE","HP_APLASIA_OF_THE_PECTORALIS_MAJOR_MUSCLE","5","0.7789551925417518","1.522445198796226","0.0349953752969961104368757","0.368313069176907925684","0.233859872636141802316","212","tags=40%, list=1%, signal=39%","TBX3/PLXND1","0.3217759180753611"
"HP_ABNORMAL_CARDIAC_VENTRICULAR_FUNCTION","HP_ABNORMAL_CARDIAC_VENTRICULAR_FUNCTION","134","0.3721348830807727","1.522198428353443","0.0060460979391480573416628","0.167990831239228782801","0.106665545388984414621","840","tags=14%, list=6%, signal=13%","ANKRD1/WNT5A/CITED2/TNNC1/TPM1/CAPNS1/ACADVL/LMNA/FHL2/JPH2/CCND1/SAA1/TXNRD2/VCL/HEY2/COQ4/TGFB2/FKRP/SMAD3","0.4070179189239539"
"HP_LARYNGEAL_HYPOPLASIA","HP_LARYNGEAL_HYPOPLASIA","9","-0.6388396494119137","-1.521704245792026","0.0406628689482151223222317","0.396334741468022444533","0.251652194607492052381","1570","tags=44%, list=11%, signal=40%","FREM2/PRRX1/CILK1/KRAS","0.3217759180753611"
"HP_ABNORMAL_MITOCHONDRIA_IN_MUSCLE_TISSUE","HP_ABNORMAL_MITOCHONDRIA_IN_MUSCLE_TISSUE","28","0.4983592138891623","1.521647789934963","0.0302779038178759320187883","0.340498538453871901766","0.216199074916257172330","4520","tags=57%, list=32%, signal=39%","NDUFAF8/NDUFV1/NDUFS6/FOXRED1/NDUFAF4/NDUFS3/TMEM126B/NDUFB9/NDUFAF3/NDUFB11/NDUFS8/NDUFB3/NDUFAF2/NDUFS2/NDUFV2/NDUFB10","0.3524878575836192"
"HP_PORPHYRINURIA","HP_PORPHYRINURIA","5","0.7781757424046460","1.520921786242719","0.0349953752969961104368757","0.368313069176907925684","0.233859872636141802316","1117","tags=40%, list=8%, signal=37%","UROD/HMBS","0.3217759180753611"
"HP_APLASIA_HYPOPLASIA_OF_THE_SWEAT_GLANDS","HP_APLASIA_HYPOPLASIA_OF_THE_SWEAT_GLANDS","8","0.6964035971384044","1.518734369539197","0.0422288927363366414780010","0.402514505893349416876","0.255576027461585475464","2252","tags=50%, list=16%, signal=42%","TBX3/LMNA/NTRK1/NFKBIA","0.3217759180753611"
"HP_JUNCTIONAL_ECTOPIC_TACHYCARDIA","HP_JUNCTIONAL_ECTOPIC_TACHYCARDIA","4","0.8409433362162115","1.518528733330123","0.0282087413077006313177897","0.330012579888194546029","0.209541030062955158098","33","tags=25%, list=0%, signal=25%","CITED2","0.3524878575836192"
"HP_VENTRICULAR_TACHYCARDIA","HP_VENTRICULAR_TACHYCARDIA","51","0.4410500891214786","1.518260038995997","0.0198729445668548235226503","0.291382461630639189032","0.185012890033007526558","853","tags=22%, list=6%, signal=20%","TPM1/PKP2/ACADVL/LMNA/JPH2/SCNN1A/SLC25A20/TMEM43/NAA10/KCND3/CALM2","0.3524878575836192"
"HP_DEEP_ANTERIOR_CHAMBER","HP_DEEP_ANTERIOR_CHAMBER","3","0.9012015420320745","1.517539333910388","0.0195567151653618584439265","0.287504407867502254081","0.182550525172726935130","1355","tags=67%, list=9%, signal=60%","LTBP2/CYP1B1","0.3524878575836192"
"HP_GENERALIZED_ONSET_SEIZURE","HP_GENERALIZED_ONSET_SEIZURE","310","-0.3038881998330146","-1.517371497916479","0.0000944389847531155378303","0.016928949621711712054","0.010749013091619553928","2988","tags=30%, list=21%, signal=24%","HACE1/AARS1/PCDH12/GNB1/CLCN4/KCNQ2/PURA/SATB2/SCN9A/LNPK/OPHN1/SYNGAP1/ADNP/AFF3/IER3IP1/YWHAG/SEPSECS/MPLKIP/SETD5/DNM1L/ALDH4A1/POGZ/GLB1/MAPK1/WDR26/NARS1/CACNA2D1/FGF13/FBXL4/PPP3CA/PAFAH1B1/MARCHF6/GRN/PSAP/MTHFR/NBEA/SLC38A3/KCNJ11/ASAH1/TRIM8/CNTNAP2/PGAP1/NSD1/GATAD2B/HCN2/CACNB4/FAR1/TBC1D24/PPFIA3/EXTL3/PEX2/EEF1A2/XK/MBOAT7/GAD1/KCTD7/ABCC8/CDKL5/SAMD12/ADGRV1/FRYL/SLC6A19/WAC/TRPM3/PPFIBP1/PUM1/DOCK7/GJA5/SLC9A6/OGDHL/STAT3/KCNJ10/GPT2/SATB1/CHD2/ATP1A1/CILK1/STXBP1/IREB2/DNM1/SLC25A12/CACNA1E/TUBA1A/KCNT1/DMXL2/CASK/MED13/RFX7/PCDH19/SCARB2/ZBTB18/GNAO1","0.5384340963099162"
"HP_SPLANCHNIC_VEIN_THROMBOSIS","HP_SPLANCHNIC_VEIN_THROMBOSIS","20","-0.5052972819216035","-1.517204294848170","0.0386133549653360774733812","0.388080583429574799137","0.246411228404734811148","2986","tags=45%, list=21%, signal=36%","SH2B3/PRSS1/JAK2/TRPV6/NOTCH1/EPAS1/CTNNB1/TET2/PRSS2","0.3217759180753611"
"HP_IMPULSIVITY","HP_IMPULSIVITY","122","-0.3412122569097027","-1.516441808776428","0.0056105616071662955599009","0.160362255369251582859","0.101821791716775980619","3853","tags=42%, list=27%, signal=31%","GABRA2/SZT2/RAI1/UCHL1/USP7/RAB32/KNL1/GIGYF2/GRIN2D/ADAT3/CREBBP/MAOA/TRAK1/AARS1/VPS35/H4C5/SCN9A/SYNGAP1/YWHAG/CDON/KCNA2/CACNA2D1/DLL1/PPP3CA/CELF2/DNAJC13/CYFIP2/SLC38A3/PHIP/MAPT/AFF2/ATP6V1A/GABRB2/CEP152/CRIPTO/KANSL1/EEF1A2/POLA1/PTCH1/SHH/DNAJC6/VPS13C/DNM1/CDK19/FBXW11/HIVEP2/GRIK2/PCDH19/DPYSL5/SCN3A/BCORL1","0.4070179189239539"
"HP_PITUITARY_CORTICOTROPIC_CELL_ADENOMA","HP_PITUITARY_CORTICOTROPIC_CELL_ADENOMA","11","-0.6012319398249443","-1.515967906729024","0.0433092518392119915637828","0.406536338632603133636","0.258129684583412899457","906","tags=36%, list=6%, signal=34%","USP8/CDKN1B/BRAF/ATRX","0.3217759180753611"
"HP_ANGULATION_OF_PENIS","HP_ANGULATION_OF_PENIS","22","-0.4965782286571255","-1.515154833020532","0.0403804566492888747375467","0.395850220827008214552","0.251344548898230657485","1468","tags=32%, list=10%, signal=29%","PPP1R12A/FRYL/KDM1A/BBS2/HOXA13/ZMYM2/RERE","0.3217759180753611"
"HP_CENTRAL_HYPOTHYROIDISM","HP_CENTRAL_HYPOTHYROIDISM","55","-0.4027138696206882","-1.514844961952385","0.0155996337007746187913737","0.253471241155568904890","0.160941213153352274956","2437","tags=36%, list=17%, signal=30%","CDON/MEN1/DLL1/PIK3CA/INSR/EIF2AK3/LEPR/CRIPTO/GNAQ/SEL1L/NIN/PTCH1/SHH/ROBO1/CTNNB1/BRAF/SUFU/HID1/STAG2/DMXL2","0.3807304007227924"
"HP_PALMOPLANTAR_ERYTHEMA","HP_PALMOPLANTAR_ERYTHEMA","4","-0.8215485789207881","-1.514424446008230","0.0341829135331554664900544","0.363897414758132031753","0.231056158984905224418","979","tags=50%, list=7%, signal=47%","GJA1/GJA5","0.3217759180753611"
"HP_HIGHLY_ARCHED_EYEBROW","HP_HIGHLY_ARCHED_EYEBROW","203","-0.3171415870165354","-1.514273416660930","0.0009704665429353188975739","0.072876791609345500933","0.046273017794288807958","2710","tags=30%, list=19%, signal=25%","TMEM67/MADD/SLC45A1/MEIS2/CDC42BPB/FAM20C/SETD2/SPOP/POGZ/ASXL3/KMT2A/MAPK1/KAT6A/MN1/KIAA0586/TCTN2/CLCN6/TASP1/CRKL/AHI1/RUSC2/PIBF1/CYFIP2/NPHP1/KDM6A/SMC3/FAM149B1/CSNK2A1/CHD7/KIFBP/SEMA3E/PGAP1/CHD8/RAD21/FAR1/LMX1B/CEP120/GAD1/TOPORS/ASXL2/NFIX/FGFRL1/ROBO1/GJA5/CBL/CEP295/FBXO11/KDM1A/WASHC4/STXBP1/NIPBL/PTPRF/ECEL1/SUFU/CAMK2G/STAG2/SV2A/BCOR/MBD5/CASK/ZBTB18","0.4772708153628621"
"HP_GLIOBLASTOMA_MULTIFORME","HP_GLIOBLASTOMA_MULTIFORME","23","-0.4906713498716553","-1.514053096585146","0.0303305338374422542302433","0.340498538453871901766","0.216199074916257172330","2352","tags=43%, list=16%, signal=36%","CHEK2/PIK3CA/MSH6/EPCAM/PMS1/MSH2/NPAT/IDH1/BMPR1A/KRAS","0.3524878575836192"
"HP_ABNORMALITY_OF_THYROID_PHYSIOLOGY","HP_ABNORMALITY_OF_THYROID_PHYSIOLOGY","344","-0.2995496585279063","-1.513675321424850","0.0001709442306482719881391","0.024357361274678138857","0.015465672771749301370","2437","tags=27%, list=17%, signal=23%","CDON/METTL27/DNM1L/MEN1/SPOP/PRIM1/PIK3C2A/IL2RA/HFE/FGF13/DLL1/ADA/PIK3CA/ADAMTSL2/FMR1/DNA2/SMARCAL1/CYP27A1/YY1/INSR/NPHP1/KCNJ11/KDM6A/SCN4A/ITCH/EIF2AK3/ARL6IP6/IPO8/JAK1/IFIH1/PRDM16/CHD7/NNT/CEP57/ANAPC1/NSD1/CBLB/ALB/LEPR/GNE/CRIPTO/FBN1/GTF2I/CHD8/GNAQ/TBC1D24/ARL6/SEL1L/USP9X/PPFIA3/SEC24C/BBS10/ABCC8/NIN/PTCH1/FOCAD/UBR1/SHH/CASZ1/CDKN1B/APC/BBS4/BBS9/ROBO1/ABCB4/GPR161/SLC25A36/GRIA1/SCAPER/CTNNB1/STAT3/KCNJ10/LRBA/BBS2/BRAF/MLXIPL/PLAG1/SUFU/HID1/STAG2/TRIM32/SKIC3/BCOR/DMXL2/THRA/DACT1/CHD6/RERE/JMJD1C/GYG1/SLC16A2/PHF21A","0.5188480777437918"
"HP_LEFT_ANTERIOR_FASCICULAR_BLOCK","HP_LEFT_ANTERIOR_FASCICULAR_BLOCK","5","0.7744347519231035","1.513610129485181","0.0475285171102661566089331","0.418198034980140742611","0.265534262511237129090","264","tags=40%, list=2%, signal=39%","TNNC1/LMNA","0.2878571172551493"
"HP_IMPACTED_TOOTH","HP_IMPACTED_TOOTH","8","0.6938072164620145","1.513072117669959","0.0440783011398539412151187","0.408920065833336121575","0.259643228864663955235","2069","tags=50%, list=14%, signal=43%","LMNA/FLNA/SH3BP2/CDH11","0.3217759180753611"
"HP_ABNORMAL_EOSINOPHIL_MORPHOLOGY","HP_ABNORMAL_EOSINOPHIL_MORPHOLOGY","62","-0.3819734426337453","-1.513023010694080","0.0251784035899645999845298","0.321444043899313414148","0.204100450016431067546","2236","tags=29%, list=16%, signal=25%","DOCK8/GFI1/ADA/BCL11B/IPO8/JAK1/ASXL1/CHD7/TCF4/EXTL3/CASP10/USP8/STAT3/BRAF/SEMA4D/ATRX/TET2/SREBF1","0.3524878575836192"
"HP_BONE_MARROW_FOAM_CELLS","HP_BONE_MARROW_FOAM_CELLS","5","0.7739415878522407","1.512646254696114","0.0475285171102661566089331","0.418198034980140742611","0.265534262511237129090","1623","tags=60%, list=11%, signal=53%","NPC2/SMPD1/NEU1","0.2878571172551493"
"HP_STRIAE_DISTENSAE","HP_STRIAE_DISTENSAE","39","-0.4307849288683708","-1.511908292083891","0.0188760733416249437688350","0.281218068523886921550","0.178559022722024257623","1677","tags=36%, list=12%, signal=32%","IPO8/FBN1/CHD8/ENPP1/ZNRF3/USP8/FBXO11/CTNNB1/KDM1A/TGFBR1/BRAF/COPB1/ATRX/DLG4","0.3524878575836192"
"HP_ABNORMAL_DRINKING_BEHAVIOR","HP_ABNORMAL_DRINKING_BEHAVIOR","38","-0.4372875155830555","-1.511813327132969","0.0177046771942780643838145","0.273108862460784695969","0.173410093575047857817","1834","tags=24%, list=13%, signal=21%","INSR/NPHP1/CDC73/TRANK1/PKHD1/BBS9/KCNJ10/BBS2/KCNJ5","0.3524878575836192"
"HP_AV_NODAL_TACHYCARDIA","HP_AV_NODAL_TACHYCARDIA","5","0.7733070572891452","1.511406083222166","0.0475285171102661566089331","0.418198034980140742611","0.265534262511237129090","33","tags=20%, list=0%, signal=20%","CITED2","0.2878571172551493"
"HP_EEG_WITH_GENERALIZED_EPILEPTIFORM_DISCHARGES","HP_EEG_WITH_GENERALIZED_EPILEPTIFORM_DISCHARGES","238","-0.3107432809341500","-1.509957355265587","0.0005794519052990822595775","0.053419826064690541234","0.033918844497296034290","2989","tags=31%, list=21%, signal=25%","TRAK1/AARS1/PCDH12/GNB1/KCNQ2/SCN9A/GUF1/SYNGAP1/AASS/IER3IP1/PHACTR1/YWHAG/ZNF526/ALDH4A1/KCNA2/TBL1XR1/CACNA2D1/IARS2/FGF13/PPP3CA/PAFAH1B1/PIK3CA/GRN/RUSC2/CELF2/ARFGEF2/CYFIP2/SLC38A3/KCNJ11/CCDC88A/PI4KA/TRIM8/CNTNAP2/GOLGA2/PLCB1/ATP6V1A/ALG11/GABRB2/ARFGEF1/CACNB4/TBC1D24/SNAP25/EEF1A2/GAD1/ZNF148/ABCC8/CDKL5/SAMD12/ADGRV1/NF1/PPFIBP1/DOCK7/OGDHL/SATB1/ASNS/CHD2/CILK1/STXBP1/DNM1/CDK19/CACNA1E/HID1/KCNT1/SV2A/DMXL2/CASK/SLC39A8/AKT3/PCDH19/SCARB2/ATP7A/GNAO1/SCN3A","0.4772708153628621"
"HP_EEG_WITH_MULTIFOCAL_SLOW_ACTIVITY","HP_EEG_WITH_MULTIFOCAL_SLOW_ACTIVITY","42","-0.4225140982062753","-1.509718009571770","0.0174877487318202441690662","0.271450893024371808782","0.172357368180044573380","2989","tags=38%, list=21%, signal=30%","TRAK1/AARS1/SYNGAP1/YWHAG/KCNA2/CACNA2D1/PPP3CA/CELF2/CYFIP2/SLC38A3/ATP6V1A/GABRB2/EEF1A2/DNM1/CDK19/SCN3A","0.3524878575836192"
"HP_OSTEOCHONDROMA","HP_OSTEOCHONDROMA","8","0.6922050950652939","1.509578171286896","0.0464684014869888445398161","0.418198034980140742611","0.265534262511237129090","1990","tags=50%, list=14%, signal=43%","NFATC2/EXT1/GLI3/ACVR1","0.2878571172551493"
"HP_MOTOR_SEIZURE","HP_MOTOR_SEIZURE","396","-0.2944569815792289","-1.509540382801962","0.0000495655270867062554686","0.011476484750867776280","0.007286978081300281122","2988","tags=29%, list=21%, signal=24%","HACE1/AARS1/PCDH12/GNB1/CLCN4/KCNQ2/PURA/SCN9A/LNPK/ATP5F1A/GUF1/OPHN1/SYNGAP1/ADNP/IER3IP1/PHACTR1/YWHAG/SEPSECS/ZNF526/SETD5/DNM1L/ALDH4A1/POGZ/GLB1/KCNA2/MAPK1/NARS1/TBL1XR1/CACNA2D1/IARS2/PEX3/CENPE/RBL2/FGF13/FBXL4/PPP3CA/PAFAH1B1/PIK3CA/GRN/PSAP/HK1/RUSC2/CELF2/ATP6AP2/SMARCAL1/POU4F1/MTHFR/NBEA/SLC38A3/KCNJ11/CAMK2B/PI4KA/ASAH1/TRIM8/CNTNAP2/CSNK2A1/PRUNE1/GOLGA2/PLCB1/ATP6V1A/NSD1/ARFGEF1/CHD3/HCN2/KIF5A/CACNB4/FAR1/GNAQ/TBC1D24/SEL1L/EXTL3/EEF1A2/CDC40/MBOAT7/GAD1/ATP2B1/KCTD7/ABCC8/CDKL5/SAMD12/ADGRV1/KIF5C/SLC6A19/TRPM3/PPFIBP1/DOCK7/SLC9A6/OGDHL/STAT3/RALGAPA1/SATB1/ASNS/CHD2/CILK1/STXBP1/IREB2/DNM1/SLC25A12/CDK19/CACNA1E/CLCN3/HID1/TUBA1A/KCNT1/SV2A/DMXL2/ADAM22/CASK/GRIK2/AKT3/MED13/RFX7/PCDH19/ATP7A/GNAO1/SCN3A","0.5573322387586460"
"HP_MALNUTRITION","HP_MALNUTRITION","33","0.4819039634502315","1.509236563539906","0.0207185878941194556723815","0.294201178756013204119","0.186802630563829286103","1256","tags=30%, list=9%, signal=28%","MSX1/BMP4/COL7A1/ARHGAP29/SAA1/SBDS/LAMB3/SLC7A7/DLG1/LMNB1","0.3524878575836192"
"HP_ANHYDRAMNIOS","HP_ANHYDRAMNIOS","4","-0.8178657500206588","-1.507635600820100","0.0362762321819861399685436","0.376095190737494367017","0.238801119931723315748","2198","tags=75%, list=15%, signal=63%","TCTN2/ROBO1/FGF20","0.3217759180753611"
"HP_PULMONARY_ARTERIOVENOUS_MALFORMATION","HP_PULMONARY_ARTERIOVENOUS_MALFORMATION","4","0.8339609694659240","1.505920363562110","0.0314325641684188167301883","0.347949719290644166048","0.220930191858076691025","12","tags=25%, list=0%, signal=25%","CAV1","0.3217759180753611"
"HP_SUPRAVENTRICULAR_TACHYCARDIA","HP_SUPRAVENTRICULAR_TACHYCARDIA","46","0.4498177735016395","1.505382553894661","0.0293635606194828785442397","0.335747543955692118178","0.213182437546526215577","853","tags=17%, list=6%, signal=16%","CITED2/PKP2/FLAD1/LMNA/SCNN1A/NAA10/KCND3/CALM2","0.3524878575836192"
"HP_ABNORMAL_PANCREAS_MORPHOLOGY","HP_ABNORMAL_PANCREAS_MORPHOLOGY","92","-0.3527347954218166","-1.504733690706527","0.0125570521941085339046040","0.226037768841860886582","0.143522367942162276666","2714","tags=29%, list=19%, signal=24%","KCNAB2/TMEM67/PRSS1/LHX1/TCTN2/TMEM107/TRPV6/KCNJ11/IFT140/VHL/ASXL1/PRDM16/APPL1/EFL1/PKHD1/NEUROD1/ABCC8/WDR19/FOCAD/STRA6/CASZ1/BICC1/STAT3/CNOT1/RERE/ZMYM3/PRSS2","0.3807304007227924"
"HP_CURLY_HAIR","HP_CURLY_HAIR","34","-0.4351864867299302","-1.503956298622392","0.0365754839322954619640349","0.377702747023757223754","0.239821835566932789474","1589","tags=35%, list=11%, signal=31%","SHOC2/HNRNPH2/CERT1/USP9X/SOS2/GJA1/MAP2K1/BRAF/SPRED2/SKIC3/KRAS/DPYSL5","0.3217759180753611"
"HP_ABNORMALITY_OF_THE_AUTONOMIC_NERVOUS_SYSTEM","HP_ABNORMALITY_OF_THE_AUTONOMIC_NERVOUS_SYSTEM","258","-0.3070370985833294","-1.503415788666529","0.0006321465239483621155123","0.055759337040969018939","0.035404313748132069939","2208","tags=25%, list=15%, signal=21%","KIAA0586/TCTN2/KITLG/AHI1/DLL1/XRCC2/FANCB/PSAP/FMR1/PIBF1/SCN5A/DNAJC13/NRTN/NPHP1/MAPT/KIFBP/TCF4/GSN/NSD1/LEPR/CRIPTO/RFC1/RAD21/ALK/ARL6/AKAP9/POU2AF1/CEP120/SEC24C/BBS10/DDX3X/PTCH1/TSPYL1/CCDC28B/KCNH2/SHH/BBS4/BBS9/TNFSF15/SCN4B/SCAPER/DNAJC6/KIF1B/VPS13C/VPS13A/BBS2/SUFU/SYNE1/ATRX/STAG2/TUBA1A/TRIM32/CHRNA3/BCOR/DBH/SEMA3D/ATP7A/JMJD1C/SEMA3C/KRAS/SCN3A/SREBF1/ERBB3/KCNJ5","0.4772708153628621"
"HP_PROTUBERANT_ABDOMEN","HP_PROTUBERANT_ABDOMEN","39","-0.4282383585111916","-1.502970697982100","0.0200619941356436660984119","0.291704752445125448101","0.185217528138834186535","4088","tags=51%, list=29%, signal=37%","PTH1R/KIAA0753/TRIP11/GNPNAT1/GUSB/LIPA/DLL3/NKX3-2/SMCHD1/KAT6A/LBR/SMARCAL1/INPPL1/GNE/FBN1/DYM/VDR/DNMT3B/SLC26A2/GNPTAB","0.3524878575836192"
"HP_NEOPLASM_OF_THE_NERVOUS_SYSTEM","HP_NEOPLASM_OF_THE_NERVOUS_SYSTEM","178","-0.3209340913091349","-1.502481440631738","0.0023875523145288611061299","0.105009472732550304674","0.066675619123977306058","2447","tags=29%, list=17%, signal=25%","NOTCH3/RUNX1/MEN1/CHEK2/MN1/PTPN11/OCRL/PIK3CA/GRN/YY1/KCNJ11/MAPT/VHL/FAM149B1/ASXL1/PRDM16/MSH6/TMEM106B/NSD1/EPCAM/L2HGDH/ALK/EPHB2/PMS1/CCBE1/GPC3/CHMP2B/TOPORS/MSH2/PTCH1/SPRED1/EPAS1/RB1/CASZ1/NF1/CDKN1B/APC/NPAT/GPR161/CTNNB1/KDM1A/IDH1/BMPR1A/KIF1B/BRAF/SUFU/ATRX/RNF43/LRP1/RERE/GPC4/KRAS","0.4317076958033464"
"HP_TACHYCARDIA","HP_TACHYCARDIA","130","0.3679561581490930","1.501355231036283","0.0101340158962234527795232","0.209510909528131228363","0.133028661534128650468","1828","tags=22%, list=13%, signal=19%","CAVIN1/CITED2/TPM1/PKP2/FLAD1/PLXND1/ACADVL/LMNA/JPH2/SCNN1A/BANF1/SLC25A20/TMEM43/NAA10/KCND3/TPM3/CALM2/UCP2/HMBS/VPS33A/ZNF699/MAX/SRSF2/KCNE3/PYGM/CNBP/NAXD/PRNP","0.3807304007227924"
"HP_EPILEPTIC_SPASM","HP_EPILEPTIC_SPASM","186","-0.3185208557646263","-1.501243055014736","0.0014106501570746044632587","0.082420908453370508862","0.052333041552218718950","2966","tags=31%, list=21%, signal=25%","PCDH12/GNB1/CLCN4/KCNQ2/PURA/GUF1/SYNGAP1/PHACTR1/SEPSECS/ZNF526/MAPK1/TBL1XR1/IARS2/FBXL4/PPP3CA/PAFAH1B1/PIK3CA/HK1/RUSC2/CELF2/PI4KA/ASAH1/TRIM8/CNTNAP2/PRUNE1/GOLGA2/PLCB1/ATP6V1A/ARFGEF1/CHD3/GNAQ/TBC1D24/SEL1L/EEF1A2/CDC40/GAD1/ATP2B1/CDKL5/TRPM3/PPFIBP1/DOCK7/OGDHL/RALGAPA1/CHD2/STXBP1/DNM1/CDK19/CACNA1E/TUBA1A/KCNT1/DMXL2/CASK/GRIK2/AKT3/ATP7A/GNAO1/SCN3A","0.4550598673872295"
"HP_SMOOTH_PHILTRUM","HP_SMOOTH_PHILTRUM","188","-0.3172270347035616","-1.500631497631598","0.0023825908347401784231900","0.105009472732550304674","0.066675619123977306058","2775","tags=34%, list=19%, signal=27%","SATB2/PIGB/SLC45A1/MEIS2/AASS/CDC42BPB/ADNP/AFF3/SETD5/NOTCH3/MAF/SPOP/PRIM1/ZC4H2/MAPK1/KIF26A/TBL1XR1/TASP1/ORC4/CRKL/FBXL4/PIK3CA/ADAMTSL2/KDM6A/IFT140/SMC3/TRIM8/CNTNAP2/IFIH1/GOLGA2/PGM2L1/ATP6V1A/GNE/FBN1/CHD8/RAD21/FAR1/CERT1/USP9X/AP3B1/GAD1/CCBE1/ZNF148/DYM/WDR19/ANKRD17/GJA5/CEP295/KDM5A/FBXO11/CTNNB1/SATB1/TPR/BBS2/SIN3A/NIPBL/PTPRF/STAG2/ZNF292/CASK/MED13/RERE/ZBTB18","0.4317076958033464"
"HP_PLEURAL_EFFUSION","HP_PLEURAL_EFFUSION","68","-0.3791421967646174","-1.500614063500453","0.0091361861841394598898747","0.204793825296573805961","0.130033555441175674439","2196","tags=37%, list=15%, signal=31%","HFE/RIT1/PTPN11/SCN4A/CTLA4/IFIH1/ZNFX1/BLTP1/TCF4/BCL6/ERAP1/CCBE1/MAP2K1/TLR4/CBL/CD46/BMP2/EPHB4/STAT3/KLRC4/BRAF/SEMA4D/SCARB2/PRSS2/SAT1","0.3807304007227924"
"HP_BROAD_NASAL_TIP","HP_BROAD_NASAL_TIP","157","-0.3300711280287529","-1.499588103369879","0.0030775544821637574113837","0.120436410263267609788","0.076470931720844181889","3117","tags=39%, list=22%, signal=31%","RAB3GAP1/EMILIN1/RPS6KA3/TLK2/PDE6D/METTL5/PURA/PHF8/H4C5/SATB2/CDC42BPB/ADNP/RAB3GAP2/SETD2/KDM3B/POGZ/ASXL3/KMT2A/GLB1/KAT6A/WDR26/TBL1XR1/MAP3K7/SMARCAL1/YY1/KDM6A/PHIP/SMC3/FAM149B1/MCTP2/ATP6V1A/NSD1/GATAD2B/KCNN3/TBC1D24/EXTL3/AGL/COG6/TOPORS/LRP2/WAC/APC/ASXL2/HS2ST1/DOCK7/KDM5A/FBXO11/CTNNB1/TPR/SMARCC2/WASHC4/NIPBL/PTPRF/MLXIPL/BCOR/ARID2/CASK/ZMYM2/RFX7/SH3PXD2B/PHF21A","0.4317076958033464"
"HP_CHRONIC_ACIDOSIS","HP_CHRONIC_ACIDOSIS","4","0.8294802277771345","1.497829289279184","0.0323997116375808469346254","0.354986819765966188367","0.225398389048483971386","1928","tags=50%, list=13%, signal=43%","BCS1L/PDHA1","0.3217759180753611"
"HP_MENORRHAGIA","HP_MENORRHAGIA","30","0.4868615335457819","1.497736058274535","0.0473684210526315804812292","0.418198034980140742611","0.265534262511237129090","235","tags=13%, list=2%, signal=13%","SERPINE1/MYH9/F13A1/TPM4","0.2765005992544716"
"HP_SKIN_NODULE","HP_SKIN_NODULE","107","-0.3427442507322878","-1.497343391498910","0.0088791340969768279417496","0.201393257864898922449","0.127874369865058845619","2153","tags=30%, list=15%, signal=26%","IARS2/PTPN11/OCRL/PIK3CA/CYP27A1/INSR/ASAH1/FBN1/BCL6/ALK/EXTL3/ERAP1/POU2AF1/ENPP1/MYSM1/SPRED1/TLR4/LPL/TTPA/APC/TNFSF15/CTNNB1/STAT3/IDH1/KLRC4/KIF1B/BRAF/ABCA1/DACT1/PCSK9/KRAS/TNFRSF11B","0.3807304007227924"
"HP_ABNORMAL_DEMEANOR","HP_ABNORMAL_DEMEANOR","40","-0.4175143934981544","-1.497328735664102","0.0337784358183967139965809","0.361828237671504460149","0.229742337862505863200","3902","tags=50%, list=27%, signal=36%","SMC1A/KIF15/ZEB2/ZSWIM6/TBC1D2B/SATB2/ADNP/WDR26/TASP1/PSAP/ASXL1/TCF4/HNRNPH2/KANSL1/CDKL5/FOCAD/SLC9A6/SIN3A/TBC1D23/GRIK2","0.3217759180753611"
"HP_EBSTEIN_ANOMALY_OF_THE_TRICUSPID_VALVE","HP_EBSTEIN_ANOMALY_OF_THE_TRICUSPID_VALVE","4","0.8286433034875961","1.496318017916949","0.0333574548799872583337844","0.359743056851416498354","0.228418355191733840615","339","tags=50%, list=2%, signal=49%","TPM1/JPH2","0.3217759180753611"
"HP_MISCARRIAGE","HP_MISCARRIAGE","19","0.5390624453633520","1.495298925512996","0.0427865604667660714977018","0.405050965100202775560","0.257186548718371488231","432","tags=16%, list=3%, signal=15%","SERPINE1/PLXND1/FGA","0.3217759180753611"
"HP_ABNORMAL_INTERMAMILLARY_DISTANCE","HP_ABNORMAL_INTERMAMILLARY_DISTANCE","111","-0.3423496683791341","-1.491077172253944","0.0086293158512505130364190","0.200035209933640267810","0.127012079213935147326","2318","tags=29%, list=16%, signal=24%","ZC4H2/KAT6A/TBL1XR1/KIAA0586/LBR/RIT1/PTPN11/SPIN4/ASXL1/CHD7/KIFBP/FREM2/ARHGEF2/AMER1/WASF1/CERT1/SOS2/EXTL3/KANSL1/GPC3/ZNF148/MAP2K1/NF1/CBL/AMMECR1/IDH1/CILK1/BRAF/SPRED2/GNPTAB/GPC4/KRAS","0.3807304007227924"
"HP_ABNORMAL_CIRCULATING_POTASSIUM_CONCENTRATION","HP_ABNORMAL_CIRCULATING_POTASSIUM_CONCENTRATION","86","-0.3554099693123539","-1.490109922371347","0.0112212898039589972082331","0.214266314971608834439","0.136048099627460949979","2047","tags=27%, list=14%, signal=23%","SLC30A9/OCRL/SCN5A/INSR/SCN4A/RRAGD/NR3C2/MAGED2/NNT/EHHADH/AKAP9/ZNRF3/KCNH2/USP8/SCN4B/CTNNB1/KCNJ10/BMPR1A/ATP1A1/SAMD9/PBX1/LPIN1/KCNJ5","0.3807304007227924"
"HP_MULTIPLE_LIPOMAS","HP_MULTIPLE_LIPOMAS","27","-0.4595010829269596","-1.490052334285176","0.0436616149257776156589195","0.407093278762661436865","0.258483312946838794666","2457","tags=37%, list=17%, signal=31%","ABCC6/MEN1/PIK3CA/ENPP1/SPRED1/CDKN1B/APC/BMPR1A/VANGL2/KRAS","0.3217759180753611"
"HP_FURROWED_TONGUE","HP_FURROWED_TONGUE","42","-0.4168858746851011","-1.489607366050323","0.0206026204302423576741887","0.294201178756013204119","0.186802630563829286103","3117","tags=33%, list=22%, signal=26%","RAB3GAP1/RPS6KA3/TMEM67/SOX5/RAB3GAP2/TCTN2/PIK3CA/TMEM107/INSR/GPC3/ECEL1/RERE/GPC4/SREBF1","0.3524878575836192"
"HP_EXPRESSIVE_LANGUAGE_DELAY","HP_EXPRESSIVE_LANGUAGE_DELAY","53","-0.3977538915489743","-1.488990925512355","0.0276843736863683562154925","0.329008506704579817281","0.208903495187089255358","2694","tags=36%, list=19%, signal=29%","FOXP2/CDON/YME1L1/POGZ/HERC1/DLL1/SCN4A/ASXL1/NSD1/GNE/CRIPTO/PTCH1/SHH/MED23/TNNT1/KMT2C/SLC25A36/GNPTAB/STAG2","0.3524878575836192"
"HP_INTRAMUSCULAR_HEMATOMA","HP_INTRAMUSCULAR_HEMATOMA","6","0.7405716402592000","1.488941548641380","0.0466417910447761221992558","0.418198034980140742611","0.265534262511237129090","181","tags=33%, list=1%, signal=33%","SERPINE1/F13A1","0.2878571172551493"
"HP_ABNORMAL_NASAL_TIP_MORPHOLOGY","HP_ABNORMAL_NASAL_TIP_MORPHOLOGY","357","-0.2962909077178760","-1.488811215006597","0.0002160277687800426203463","0.029279666124651142906","0.018591083411842661971","2389","tags=28%, list=17%, signal=24%","SPOP/PRIM1/POGZ/ASXL3/KMT2A/GLB1/KAT6A/WDR26/TBL1XR1/AGO1/SMC5/PPP3CA/HK1/MAP3K7/RUSC2/FMR1/SMARCAL1/POU4F1/YY1/KDM6A/PHIP/SMC3/CNTNAP2/FAM149B1/TCF20/MCTP2/KIFBP/CEP57/PGM2L1/ATP6V1A/TCF4/NSD1/GATAD2B/KCNN3/FBN1/MED12L/RAD21/DLX4/TBC1D24/USP9X/PPFIA3/EXTL3/KANSL1/AGL/PRKACB/COG6/LMX1B/SEC24C/TOPORS/DDX3X/LRP2/PTCH1/PYCR1/DOCK6/SCYL2/WAC/APC/ASXL2/SC5D/TRPM3/HS2ST1/DOCK7/GJA5/KDM5A/FBXO11/CTNNB1/KDM1A/PCGF2/TPR/ASNS/SMARCC2/BBS2/SIN3A/CILK1/WASHC4/BRAF/STXBP1/NIPBL/PTPRF/MLXIPL/CDK19/ECEL1/CUX1/CLCN3/CSGALNACT1/ATRX/STAG2/BCL11A/BCOR/ARID2/MBD5/ZNF292/TBC1D23/CASK/ZMYM2/RFX7/RERE/JMJD1C/SH3PXD2B/PHF21A/KCNJ5","0.5188480777437918"
"HP_DEPRESSED_NASAL_RIDGE","HP_DEPRESSED_NASAL_RIDGE","112","-0.3448830179092651","-1.488214713549921","0.0042744691160212094915849","0.141640062897970653299","0.089934161564015721591","2714","tags=35%, list=19%, signal=28%","KCNAB2/TMEM67/CHRNA1/AASS/FAM20C/CDON/GLB1/MN1/RAB23/PAX7/TCTN2/LBR/PTPN11/DLL1/WNT9B/TMEM107/SOX9/EDA/KDM6A/PRDM16/CEP57/CRIPTO/PKHD1/TRIM33/GJA1/PTCH1/SHH/CASZ1/EDAR/FBXO11/ATRX/STAG2/LMBR1/SKIC3/MBD5/LRP6/CHRND/RERE/FGF20","0.4070179189239539"
"HP_SENSORY_AXONAL_NEUROPATHY","HP_SENSORY_AXONAL_NEUROPATHY","40","0.4609507596011037","1.487357977060209","0.0251279231444022678465533","0.321444043899313414148","0.204100450016431067546","3406","tags=45%, list=24%, signal=34%","LMNA/EEFSEC/PTRHD1/TOP3A/HEXB/FXN/VCP/TWNK/MFN2/XRCC4/GAN/PRICKLE1/POLG/HINT1/NEFH/HNRNPA1/CCT5/KLC2","0.3524878575836192"
"HP_OPEN_MOUTH","HP_OPEN_MOUTH","109","-0.3370266770397076","-1.487003966425944","0.0103303921559668807766963","0.209510909528131228363","0.133028661534128650468","3079","tags=32%, list=22%, signal=25%","RPS6KA3/MED12/PURA/H4C5/TUBB4A/SOX5/POGZ/ASXL3/VPS13B/AHI1/OCRL/SCN4A/CCDC88A/FAM149B1/PPP2R5D/TCF20/TCF4/MED12L/CHD8/TBC1D24/EXTL3/KANSL1/BCAS3/NFIX/SLC9A6/REV3L/PDZD8/SIN3A/BRAF/AP1S2/MLXIPL/ECEL1/ATRX/MBD5/ADAM22","0.3807304007227924"
"HP_ABNORMAL_PLATELET_VOLUME","HP_ABNORMAL_PLATELET_VOLUME","26","0.4964859053674450","1.486260350180173","0.0437828371278458847171144","0.407307965077293276934","0.258619627724668177393","1506","tags=27%, list=11%, signal=24%","ACTB/MYH9/TPM4/FLNA/COG1/ACTN1/GALE","0.2878571172551493"
"HP_LEFT_VENTRICULAR_SYSTOLIC_DYSFUNCTION","HP_LEFT_VENTRICULAR_SYSTOLIC_DYSFUNCTION","77","0.3939189530530173","1.485793829827454","0.0268852271561589202530929","0.326874110791341321303","0.207548263461154125498","1838","tags=22%, list=13%, signal=19%","ANKRD1/TNNC1/TPM1/ACADVL/LMNA/FHL2/JPH2/TXNRD2/VCL/COQ4/GET3/FLII/TOP3A/POMT2/MRPL39/GTPBP3/RRM2B","0.3524878575836192"
"HP_GLIOMA","HP_GLIOMA","46","-0.4064136535529332","-1.485685733700369","0.0240703075884502668002618","0.320764266832177791233","0.203668826510111894423","2655","tags=37%, list=19%, signal=30%","PDCD10/MEN1/CHEK2/PIK3CA/MSH6/NSD1/EPCAM/PMS1/MSH2/SPRED1/NF1/CDKN1B/APC/NPAT/IDH1/BMPR1A/KRAS","0.3524878575836192"
"HP_MESOMELIC_LEG_SHORTENING","HP_MESOMELIC_LEG_SHORTENING","6","0.7386829618507904","1.485144303916591","0.0466417910447761221992558","0.418198034980140742611","0.265534262511237129090","1404","tags=50%, list=10%, signal=45%","FLNA/EIF4A3/GLI3","0.2878571172551493"
"HP_DELAYED_ABILITY_TO_WALK","HP_DELAYED_ABILITY_TO_WALK","296","-0.2997142271213723","-1.484993297639986","0.0003086954275664824344158","0.035737926895561308860","0.022691747134450351853","2626","tags=29%, list=18%, signal=24%","SELENON/RAB3GAP2/SPG11/CCDC134/SLC12A2/SETD5/KDM3B/HYCC1/SPOP/ASXL3/ZC4H2/VPS13B/KAT6A/WDR26/DAG1/NARS1/GPRC5B/LBR/RBL2/AGO1/AHI1/FLVCR1/LARGE1/TMEM163/HK1/RUSC2/CELF2/BCL11B/YY1/SLC25A42/NMNAT1/NBEA/TRIM2/TRIM8/CNTNAP2/CYP2U1/DOCK3/PPP2R5D/CSNK2A1/TCF20/SHOC2/KLHL15/PGM2L1/TMEM106B/ATP6V1A/PGAP1/CHD3/FAR1/WASF1/SNAP25/TRAPPC10/TMTC3/PPFIA3/FKBP14/MBOAT7/ZNF148/EXOC6B/NFASC/RETREG1/NFIX/TRPM3/PUM1/FBXO11/CTNNB1/KDM1A/SEMA6B/RORA/SATB1/GALNT2/KPNA3/WASHC4/AP1S2/SLC25A12/COPB1/CLCN3/GNPTAB/SYNE1/STAG2/BCL11A/PAK1/CASK/HIVEP2/GRIK2/SLC16A2/DPYSL5/KMT2E/ADGRL1","0.4984931087665903"
"HP_X_LINKED_DOMINANT_INHERITANCE","HP_X_LINKED_DOMINANT_INHERITANCE","56","-0.3844266410658341","-1.483894476142430","0.0168186835125670071378057","0.267985460294302590967","0.170156996472643012863","1935","tags=38%, list=14%, signal=33%","FMR1/EDA/LAMP2/KDM6A/GJB1/AMER1/HNRNPH2/USP9X/COL4A5/NHS/DDX3X/CDKL5/UBQLN2/SLC9A6/DIAPH2/ATRX/BCOR/ACSL4/CASK/PDK3/ZMYM3","0.3524878575836192"
"HP_POLYPHAGIA","HP_POLYPHAGIA","60","-0.3800908616292662","-1.483165588941069","0.0424898834891771007282735","0.403315041386804296053","0.256084326363273717675","2775","tags=38%, list=19%, signal=31%","SATB2/KCNAB2/ADNP/SETD2/MEN1/PREPL/MN1/GRN/YY1/KCNJ11/MAPT/PRDM16/TRANK1/LEPR/CHD8/ABCC8/CASZ1/BBS9/CTNNB1/BRAF/MBD5/RFX7/RERE","0.3217759180753611"
"HP_DECREASED_ACTIVITY_OF_MITOCHONDRIAL_COMPLEX_III","HP_DECREASED_ACTIVITY_OF_MITOCHONDRIAL_COMPLEX_III","47","0.4272754511180441","1.482134988420202","0.0377292825784461618998655","0.383669844436988427550","0.243610635796542435161","3831","tags=40%, list=27%, signal=30%","BCS1L/COQ4/MRPS22/ISCU/CARS2/C1QBP/TXN2/GFM1/EARS2/YARS2/UQCC2/TIMM22/TRMT5/CHCHD10/TTC19/MTO1/BOLA3/NFS1/MPV17","0.3217759180753611"
"HP_BLOODY_DIARRHEA","HP_BLOODY_DIARRHEA","39","-0.4220688702460509","-1.481317896686374","0.0235678717412751981274965","0.317880250646277340287","0.201837624431340983966","1732","tags=31%, list=12%, signal=27%","PI4KA/IFIH1/ADAM17/CARD8/IL10RA/CDKN1B/APC/BMPR1A/ATRX/SKIC3/TAOK1/SREBF1","0.3524878575836192"
"HP_BRACHYCEPHALY","HP_BRACHYCEPHALY","231","-0.3065132265567714","-1.481162102525124","0.0012609806160842470731942","0.082420908453370508862","0.052333041552218718950","3049","tags=30%, list=21%, signal=24%","ACOX1/LIG4/MED12/KIDINS220/PRKD1/H4C5/SATB2/RUNX2/KCNAB2/ADNP/FAM20C/RAB3GAP2/SETD5/MAF/SPOP/POGZ/ZC4H2/WDR26/MN1/RAB23/TBL1XR1/PTPN11/TBC1D20/TRPV6/SMC3/PEX1/IPO8/TCF20/PRDM16/GOLGA2/NBAS/FBN1/AMER1/RAD21/TBC1D24/USP9X/NOVA2/LMX1B/ATP2B1/DDX3X/GJA1/PTCH1/WAC/CASZ1/ANKRD17/GJA5/KMT2C/FBXO11/MSX2/CTNNB1/KDM1A/SLC12A6/PCGF2/RALGAPA1/SATB1/GALNT2/TCF12/BRAF/STXBP1/NIPBL/SUFU/CLCN3/MBD5/CHD6/RFX7/RERE/ATP7A/SH3PXD2B/DPYSL5/PHF21A","0.4550598673872295"
"HP_SIMPLE_EAR","HP_SIMPLE_EAR","23","-0.4799624101329165","-1.481008771953553","0.0377663136417190348215200","0.383669844436988427550","0.243610635796542435161","3488","tags=48%, list=24%, signal=36%","CREBBP/DDB1/MED12/SMARCD2/YY1/ATP6V1A/EXTL3/GJA5/ASNS/RERE/SH3PXD2B","0.3217759180753611"
"HP_BILATERAL_TONIC_CLONIC_SEIZURE_WITH_FOCAL_ONSET","HP_BILATERAL_TONIC_CLONIC_SEIZURE_WITH_FOCAL_ONSET","43","-0.4034398463257619","-1.480597851283194","0.0344407580893456716220058","0.365242925004759355634","0.231910488850554763474","1954","tags=30%, list=14%, signal=26%","PSAP/SLC38A3/KCNJ11/KDM6A/TRIM8/CNTNAP2/PLCB1/TBC1D24/KCTD7/PPFIBP1/STXBP1/KCNT1/ADAM22","0.3217759180753611"
"HP_LOW_SELF_ESTEEM","HP_LOW_SELF_ESTEEM","6","0.7364177379788206","1.480590003216162","0.0485074626865671654218914","0.421181203358209022003","0.267428421136957972237","13","tags=17%, list=0%, signal=17%","MSX1","0.2820133500117251"
"HP_BULBOUS_NOSE","HP_BULBOUS_NOSE","189","-0.3160483441299402","-1.479940938028642","0.0028884205181188061552222","0.117160239556103704106","0.074390731672489107673","2092","tags=28%, list=15%, signal=24%","AGO1/SMC5/HK1/MAP3K7/RUSC2/FMR1/SMARCAL1/POU4F1/YY1/SMC3/CNTNAP2/TCF20/KIFBP/CEP57/PGM2L1/ATP6V1A/KCNN3/FBN1/MED12L/RAD21/DLX4/TBC1D24/USP9X/EXTL3/KANSL1/LMX1B/SEC24C/DDX3X/PYCR1/DOCK6/SCYL2/WAC/SC5D/TRPM3/DOCK7/GJA5/FBXO11/BBS2/BRAF/STXBP1/CDK19/ECEL1/CUX1/CLCN3/STAG2/MBD5/ZNF292/TBC1D23/ZMYM2/RERE/JMJD1C/KCNJ5","0.4317076958033464"
"HP_ACNE","HP_ACNE","58","-0.3738719796094002","-1.477517880241860","0.0400992108343241754342401","0.395090983344573487557","0.250862472111383072448","1159","tags=19%, list=8%, signal=17%","ERAP1/AR/SEC24C/USP8/TLR4/KDM1A/KLRC4/BRAF/ATRX/JMJD1C/SH3PXD2B","0.3217759180753611"
"HP_WIDE_ANTERIOR_FONTANEL","HP_WIDE_ANTERIOR_FONTANEL","87","0.3886229185429633","1.477380773536061","0.0126943715253992808061900","0.226825152947407737702","0.144022316388331739212","2336","tags=26%, list=16%, signal=22%","WNT5A/MID1/COL1A1/FLNA/CRTAP/MPDU1/GLI2/NAA10/SMG9/ATP6V0A2/HRAS/ETFB/GLI3/P3H1/PEX12/SLC25A24/SUPT7L/PEX6/CDH11/POR/ZFX/EBP/FGFR2","0.3807304007227924"
"HP_INCREASED_BODY_WEIGHT","HP_INCREASED_BODY_WEIGHT","352","-0.2895428456436062","-1.477256227340990","0.0003259177423698870839329","0.036531485758385454088","0.023195616234192226873","1967","tags=21%, list=14%, signal=19%","CTSH/PIK3CA/FMR1/DYRK1B/ATP6AP2/YY1/NPHP1/KCNJ11/KDM6A/PHIP/SMC3/MEF2A/CNTNAP2/TCF20/PRDM16/CHD7/SHOC2/PGM2L1/NSD1/ALB/LEPR/GTF2I/CHD8/RAD21/ZNF711/APPL1/ARL6/ENPP1/SEC24C/NEUROD1/BBS10/ABCC8/NIN/ZNRF3/EXOC6B/PHKB/PTCH1/CCDC28B/USP8/WAC/CASZ1/BBS4/BBS9/ABCB4/GJA5/CD46/KMT2C/FBXO11/SCAPER/CTNNB1/CNNM2/KDM1A/IL17RD/SATB1/BBS2/SIN3A/BRAF/SEMA3A/NIPBL/MLXIPL/COPB1/SUFU/SYNE1/ATRX/TRIM32/THOC2/FLRT3/THRA/TAOK1/RERE/PHF6/JMJD1C/PHF21A/ADGRL1","0.4984931087665903"
"HP_ABNORMAL_ALVEOLAR_RIDGE_MORPHOLOGY","HP_ABNORMAL_ALVEOLAR_RIDGE_MORPHOLOGY","45","-0.4021320727520333","-1.475596385868004","0.0340957253237998969552791","0.363897414758132031753","0.231056158984905224418","3879","tags=49%, list=27%, signal=36%","KIAA0753/CD96/SETBP1/FIG4/GNS/IRF6/ANKH/PDE6D/ZC4H2/DHCR24/CTSC/FAM149B1/ASXL1/TBC1D24/C1R/TOPORS/GJA1/C1S/SC5D/GNPTAB/RERE/SH3PXD2B","0.3217759180753611"
"HP_GENERALIZED_HIRSUTISM","HP_GENERALIZED_HIRSUTISM","84","-0.3534547789495014","-1.475503777852682","0.0224260987417007721933526","0.307660616924932295291","0.195348682168708903673","2751","tags=32%, list=19%, signal=26%","CFAP418/KCNAB2/RAB3GAP2/KMT2A/MAPK1/CTSC/TBC1D20/INSR/NPHP1/SMC3/PRDM16/GNE/RAD21/ARL6/BBS10/GJA1/CASZ1/NFIX/BBS4/BBS9/SCAPER/BBS2/NIPBL/SLC25A12/TRIM32/MBD5/RERE","0.3524878575836192"
"HP_ABNORMAL_CARPAL_MORPHOLOGY","HP_ABNORMAL_CARPAL_MORPHOLOGY","83","-0.3519162790513973","-1.475021231193721","0.0168788793697355991862974","0.267985460294302590967","0.170156996472643012863","2538","tags=31%, list=18%, signal=26%","SETD2/ABCC6/BPNT2/MBTPS1/XRCC2/MAP3K7/EIF2AK3/COL27A1/EXTL3/MAFB/PRKACB/DYNC2LI1/ENPP1/GPC3/TRPV4/NIN/DYM/EXOC6B/SHH/APC/IDH1/HOXA13/GNPTAB/LMBR1/GPC4/ATP7A","0.3524878575836192"
"HP_MUTISM","HP_MUTISM","53","0.4174934121676436","1.474768527473947","0.0331128628037944822137817","0.358629803532690583090","0.227711496540448837811","556","tags=15%, list=4%, signal=15%","ACTB/ACTG1/SLC2A3/COL1A1/FTL/SQSTM1/PLEC/FUS","0.3217759180753611"
"HP_EEG_WITH_SPIKE_WAVE_COMPLEXES","HP_EEG_WITH_SPIKE_WAVE_COMPLEXES","69","-0.3632284183484908","-1.474624390517956","0.0195479123147691870310272","0.287504407867502254081","0.182550525172726935130","2757","tags=35%, list=19%, signal=28%","SCN9A/SYNGAP1/AASS/YWHAG/KCNA2/FGF13/PAFAH1B1/PIK3CA/PI4KA/TRIM8/CACNB4/TBC1D24/SNAP25/CDKL5/SAMD12/ADGRV1/CHD2/CILK1/CACNA1E/DMXL2/CASK/AKT3/SCARB2/GNAO1","0.3524878575836192"
"HP_CEREBELLAR_VERMIS_ATROPHY","HP_CEREBELLAR_VERMIS_ATROPHY","52","-0.3894160921386643","-1.473585096053867","0.0259388548449270180118464","0.323576289270402162046","0.205454316258609687162","1890","tags=31%, list=13%, signal=27%","SETX/CNTNAP2/CACNA2D2/GJB1/RFC1/CHD8/FAR1/PEX2/LMX1B/MME/FA2H/KIF1A/STXBP1/BCL11A/DLG4/SLC39A8","0.3524878575836192"
"HP_EPISODIC_ATAXIA","HP_EPISODIC_ATAXIA","24","-0.4575807667587025","-1.471751763005012","0.0480730409482673648469131","0.419375021270834758003","0.266281588324712270577","1698","tags=38%, list=12%, signal=33%","TRIM8/CACNB4/CDKL5/SLC6A19/NFIX/CACNA1E/DMXL2/CASK/GNAO1","0.3217759180753611"
"HP_PNEUMOTHORAX","HP_PNEUMOTHORAX","66","0.3961008879733561","1.470063425003266","0.0277287876017032371145365","0.329008506704579817281","0.208903495187089255358","3248","tags=39%, list=23%, signal=31%","CAV1/EXT1/HEY2/LAMB3/ZFPM2/TGFB2/SMAD3/HRAS/ELN/LAMA3/TGFBR2/FLCN/SLC25A24/LAMC2/TSC2/KCNN4/WARS2/DZIP1L/TSC1/MAT2A/CLPB/HMOX1/CHST14/THSD4/DCTN4/LTBP1","0.3524878575836192"
"HP_ABNORMAL_RENAL_ECHOGENICITY","HP_ABNORMAL_RENAL_ECHOGENICITY","36","-0.4161831166559555","-1.468844983046121","0.0442499998081418641215912","0.409377935269255477380","0.259933952428200165663","2710","tags=39%, list=19%, signal=32%","TMEM67/INVS/KIAA0586/TCTN2/SLC30A9/TULP3/TBX18/COG6/PKHD1/FOCAD/BICC1/ROBO1/CILK1/PBX1","0.3217759180753611"
"HP_POLYDACTYLY","HP_POLYDACTYLY","251","-0.3003358984685794","-1.468790828731738","0.0018482101372144451884721","0.094224804885327265169","0.059827909226495341877","2230","tags=27%, list=16%, signal=23%","RAB23/KIAA0586/TCTN2/LBR/TASP1/CCND2/AHI1/RBBP8/FANCB/PIK3CA/TMEM107/PIBF1/INSR/NPHP1/IFT140/IFT81/CNTNAP2/FAM149B1/PRDM16/CHD7/SEMA3E/IFT80/ARL6/USP9X/EXTL3/MAFB/PRKACB/COG6/DYNC2LI1/CEP120/GPC3/SEC24C/TOPORS/BBS10/CHN1/GJA1/WDR19/PTCH1/SPRED1/CCDC28B/SHH/CASZ1/BBS4/BBS9/FGFRL1/SC5D/GJA5/SCAPER/CHST11/CTNNB1/TGFBR1/BBS2/CILK1/DYNC2H1/PLAG1/HOXA13/SUFU/STAG2/LMBR1/TRIM32/MAP3K20/DACT1/AKT3/RERE/GPC4/JMJD1C/DPYSL5","0.4550598673872295"
"HP_GENERALIZED_JOINT_HYPERMOBILITY","HP_GENERALIZED_JOINT_HYPERMOBILITY","42","0.4332844562380655","1.468246757588263","0.0477876106194690258854862","0.418198034980140742611","0.265534262511237129090","1313","tags=24%, list=9%, signal=22%","COL1A1/SERPINH1/PUF60/DUSP6/KIF22/ATP6V0A2/KISS1/SPRY4/NSMF/HS6ST1","0.2765005992544716"
"HP_MESOMELIA","HP_MESOMELIA","33","0.4674618416681052","1.464006434921277","0.0469011725293132300529386","0.418198034980140742611","0.265534262511237129090","1867","tags=21%, list=13%, signal=18%","WNT5A/NXN/FLNA/EIF4A3/WDR35/GLI3/SIK3","0.2712885546889530"
"HP_SHORT_PHILTRUM","HP_SHORT_PHILTRUM","230","-0.3029067030479878","-1.463609585042857","0.0020052492262751585132274","0.096897130003574402646","0.061524698355353159285","3117","tags=30%, list=22%, signal=24%","RAB3GAP1/PITX2/MED12/KIDINS220/GNB1/TMLHE/TMEM70/H4C5/SATB2/RUNX2/MADD/OPHN1/MEIS2/CDC42BPB/AFF3/RAB3GAP2/TSPAN7/SETD5/CDON/POGZ/VPS13B/KAT6A/WDR26/KIF26A/DLL1/PPP3CA/MAP3K7/BCL11B/TBC1D20/SCN4A/PHIP/ITCH/CNTNAP2/MCTP2/KIFBP/TCF4/GATAD2B/CRIPTO/MED12L/HNRNPH2/PRKACB/CCBE1/SEC24C/PTCH1/FRYL/SHH/BCAS3/APC/NFIX/FGFRL1/TRPM3/ANKRD17/DOCK7/FBXO11/GALNT2/SIN3A/IREB2/AP1S2/SUFU/CLCN3/STAG2/ARID2/ZNF292/HIVEP2/TAOK1/JMJD1C/ZBTB18/SH3PXD2B/DPYSL5/PHF21A","0.4317076958033464"
"HP_ABSENCE_OF_SECONDARY_SEX_CHARACTERISTICS","HP_ABSENCE_OF_SECONDARY_SEX_CHARACTERISTICS","26","0.4886299882685117","1.462743190937142","0.0472854640980735554944836","0.418198034980140742611","0.265534262511237129090","1313","tags=31%, list=9%, signal=28%","GLI2/DHX37/ZFPM2/DUSP6/KISS1/SPRY4/NSMF/HS6ST1","0.2765005992544716"
"HP_APLASIA_INVOLVING_BONES_OF_THE_EXTREMITIES","HP_APLASIA_INVOLVING_BONES_OF_THE_EXTREMITIES","29","-0.4420683074698247","-1.459396467601593","0.0490387434453606538276027","0.424467752844032930604","0.269515211176433955309","2193","tags=41%, list=15%, signal=35%","LBR/CHUK/XRCC2/IFT140/CHD7/KCNN3/GJA1/SHH/DOCK6/DYNC2H1/LMBR1/ATP7A","0.3217759180753611"
"HP_IRREGULAR_MENSTRUATION","HP_IRREGULAR_MENSTRUATION","52","-0.3855041781419730","-1.458782065878843","0.0284694215559309869723048","0.330808323477099708310","0.210046286351493222133","3950","tags=44%, list=28%, signal=32%","GNAS/MKKS/IFT74/FANCM/SDCCAG8/BBS7/BBS12/PHKA2/CFAP418/ERCC8/SETD2/MEN1/FMR1/NPHP1/ARL6/BBS10/PHKB/BBS4/BBS9/SCAPER/KDM1A/BBS2/TRIM32","0.3524878575836192"
"HP_ABNORMAL_CSF_METABOLITE_CONCENTRATION","HP_ABNORMAL_CSF_METABOLITE_CONCENTRATION","147","0.3513933717108316","1.457637753278423","0.0126096289978363997746902","0.226037768841860886582","0.143522367942162276666","4370","tags=44%, list=31%, signal=31%","SLC2A1/IBA57/NDUFA12/NDUFAF8/COX8A/GLYCTK/COX10/MRPS34/HMBS/PTS/FARS2/NDUFV1/RPIA/TIMM50/SLC25A19/TXN2/GFM1/NDUFS6/GLRX5/PEX12/IMPDH2/RRM2B/TH/PDHA1/FOXRED1/NDUFAF4/COX4I1/COX6B1/NDUFS3/UQCC2/COA8/RNASEH2C/KARS1/TMEM126B/TRAPPC12/ECHS1/SURF1/CLPB/PNPT1/HTRA2/PET100/NDUFA8/NDUFB9/NDUFAF3/COQ8A/NDUFB11/BOLA3/RNASEH2B/LYRM4/NFU1/LONP1/MPV17/MTFMT/HSD17B10/NDUFS8/COX14/NDUFB3/AIFM1/NDUFAF2/NDUFA10/NDUFS2/DHFR/NDUFV2/GCSH","0.3807304007227924"
"HP_HAPPY_DEMEANOR","HP_HAPPY_DEMEANOR","23","-0.4723212201720682","-1.457430530988712","0.0412656974954997354809727","0.398113682261270918072","0.252781730597800569083","2775","tags=52%, list=19%, signal=42%","SATB2/ADNP/WDR26/TASP1/ASXL1/TCF4/HNRNPH2/KANSL1/SLC9A6/SIN3A/TBC1D23/GRIK2","0.3217759180753611"
"HP_ABDOMINAL_DISTENTION","HP_ABDOMINAL_DISTENTION","137","-0.3196577897024634","-1.457214880684908","0.0091724388269069940388123","0.204793825296573805961","0.130033555441175674439","2801","tags=32%, list=20%, signal=26%","DLL3/ARSA/NKX3-2/SPTB/MNX1/SMCHD1/BRCA1/KAT6A/TCTN2/LBR/PSAP/SMARCAL1/NRTN/INSR/PI4KA/IPO8/C2orf69/INPPL1/FREM2/MYLK/EPCAM/ALAD/GNE/FBN1/CHD8/IFT80/ALK/POU2AF1/DYM/FOCAD/VDR/TNFSF15/EPHB4/DNMT3B/DYNC2H1/SLC26A2/GNPTAB/SEMA3D/ATP7A/SEMA3C/SLC5A1/SREBF1/ERBB3/SAT1","0.3807304007227924"
"HP_X_LINKED_RECESSIVE_INHERITANCE","HP_X_LINKED_RECESSIVE_INHERITANCE","146","-0.3198686169616378","-1.453932734798964","0.0093693930348467142216196","0.206251072880901137330","0.130958832774482641925","3346","tags=36%, list=23%, signal=28%","PGK1/ABCD1/XIAP/PHKA1/DMD/MAOA/SYN1/PHKA2/MED12/TMLHE/SYP/PHF8/CFAP418/GK/OPHN1/TSPAN7/ZC4H2/UBA1/FGF13/OCRL/FANCB/MAGT1/ATP6AP2/EDA/USP27X/MAGED2/AFF2/KLHL15/GPRASP2/ARL6/USP9X/GPC3/AR/DDX3X/POLA1/RLIM/POF1B/ATP11C/RAB39B/SLC9A6/AMMECR1/AP1S2/ATRX/STAG2/THOC2/DLG3/PHF6/GPC4/ATP7A/DOCK11/BRWD3/SLC16A2/BCORL1","0.3807304007227924"
"HP_ABNORMAL_CONSUMPTION_BEHAVIOR","HP_ABNORMAL_CONSUMPTION_BEHAVIOR","132","-0.3275395834458242","-1.453536876467803","0.0108312550831721095268012","0.211726295577158885042","0.134435317834496442790","2775","tags=30%, list=19%, signal=25%","SATB2/KCNAB2/TMEM67/MEIS2/SYNGAP1/ADNP/SETD2/MEN1/PREPL/MN1/GRN/YY1/INSR/NPHP1/KCNJ11/SCN4A/MAPT/CDC73/PRDM16/PGM2L1/TRANK1/LEPR/CHD8/SNAP25/PKHD1/ABCC8/CASZ1/BBS9/CTNNB1/KCNJ10/SMARCC2/BBS2/BRAF/DNM1/ARID2/MBD5/RFX7/PCDH19/RERE/KCNJ5","0.3807304007227924"
"HP_NAIL_DYSPLASIA","HP_NAIL_DYSPLASIA","143","0.3491096463520633","1.452485533487173","0.0210672103455067996624628","0.294887878816073756294","0.187238649814907953672","1404","tags=17%, list=10%, signal=15%","WNT5A/MSX1/EFNB1/KRT81/BMP4/COL7A1/NXN/FLNA/DKC1/EEFSEC/HPGD/PLEC/KRT17/TGM1/LAMB3/KRT16/HHAT/ALG3/PLOD3/ITGB4/HRAS/H3-3B/WDR35/GLI3","0.3524878575836192"
"HP_VERTIGO","HP_VERTIGO","126","-0.3243179928450721","-1.449668304114428","0.0097510517448219820313415","0.207801773340629380993","0.131943447881460201865","1592","tags=21%, list=11%, signal=18%","MVK/XPR1/MYORG/CACNB4/ERAP1/EPOR/TLR4/EPAS1/NF1/SCN4B/GJA5/CTNNB1/CNNM2/STAT3/KCNJ10/KLRC4/KIF1B/CHD2/BRAF/DNM1/SUFU/BCOR/DBH/TET2/GYG1/KCNJ5","0.3807304007227924"
"HP_MACROCYTIC_ANEMIA","HP_MACROCYTIC_ANEMIA","67","0.3941624708922090","1.448618824809339","0.0438312332402773716100164","0.407307965077293276934","0.258619627724668177393","4142","tags=49%, list=29%, signal=35%","UMPS/RPS26/RPL35/SBDS/RPL8/COX10/RPL26/KIF23/SLC19A1/RPS14/PIEZO1/RPS19/RPS7/RPL27/RPS10/RPS28/RPL11/KCNN4/TSR2/PHGDH/PRDX1/RPL18/RPS24/RPS27/RPL35A/RPL15/RPS20/TPI1/RPS29/RPL5/RPS15A/MMADHC/SFXN4","0.3217759180753611"
"HP_JUVENILE_ASEPTIC_NECROSIS","HP_JUVENILE_ASEPTIC_NECROSIS","40","0.4487987698710547","1.448146936649335","0.0331101447507968771333253","0.358629803532690583090","0.227711496540448837811","840","tags=18%, list=6%, signal=17%","WNT5A/ACTB/ACTG1/COL1A1/EXT1/MATN3/SMAD3","0.3217759180753611"
"HP_SUPERNUMERARY_TOOTH","HP_SUPERNUMERARY_TOOTH","48","0.4279709761259698","1.445466738741424","0.0497427101200686103132931","0.426574444656205642445","0.270852852221806883470","292","tags=12%, list=2%, signal=12%","WNT5A/MSX1/C2CD3/NXN/EXT1/PUF60","0.2663506570885256"
"HP_LARGE_FONTANELLES","HP_LARGE_FONTANELLES","149","0.3471707562184703","1.442091070857191","0.0187403289500094570596556","0.279946257997856329247","0.177751488391788586840","2336","tags=23%, list=16%, signal=19%","WNT5A/CAV1/ACTB/ACTG1/MID1/COL1A1/LMNA/FLNA/ALPL/HPGD/CRTAP/GPX4/MPDU1/GLI2/NAA10/SMG9/IGF2/ALG1/ATP6V0A2/HRAS/ETFB/GLI3/P3H1/PEX12/SLC25A24/SUPT7L/PAX8/PEX6/CDH11/POR/ZFX/PAM16/EBP/FGFR2","0.3524878575836192"
"HP_PERIORBITAL_FULLNESS","HP_PERIORBITAL_FULLNESS","43","-0.3925736744918814","-1.440719711294199","0.0467423665115512046441815","0.418198034980140742611","0.265534262511237129090","2538","tags=37%, list=18%, signal=31%","SETD2/ASXL3/TASP1/RBL2/MAP3K7/YY1/GNE/GATAD2B/HS2ST1/ANKRD17/DOCK7/FBXO11/PCGF2/MLXIPL/MED13/KMT2E","0.3217759180753611"
"HP_SYNOSTOSIS_OF_JOINTS","HP_SYNOSTOSIS_OF_JOINTS","172","-0.3138975618586441","-1.438919986354345","0.0053280724038220119570530","0.156656605016078948056","0.099468894162628149203","2801","tags=30%, list=20%, signal=25%","DLL3/CLIP2/GTF2IRD1/CHRNA1/SOX5/ABCC6/NOTCH3/MAF/HOXA11/METTL27/BPNT2/RIT1/WBP11/PTPN11/MAP3K7/HES7/SMC3/ANAPC1/GTF2I/RAD21/COL27A1/SOS2/MAFB/KANSL1/PRKACB/DYNC2LI1/ENPP1/GPC3/CHN1/PTCH1/SHH/APC/ASXL2/FGFRL1/CBL/PLOD2/TCF12/BRAF/NIPBL/SPRED2/MLXIPL/HOXA13/SUFU/SLC26A2/CSGALNACT1/LMBR1/BCOR/MAP3K20/CHRND/GPC4/ATP7A/KRAS","0.4070179189239539"
"HP_MACROTIA","HP_MACROTIA","258","-0.2938000799617239","-1.438600354693186","0.0022270108773395783444138","0.103129162044800298803","0.065481718459696552914","3117","tags=35%, list=22%, signal=28%","RAB3GAP1/EMILIN1/PACS1/BBS12/MINPP1/COG3/SLC2A10/METTL5/CLIP2/CFAP418/ERCC8/GTF2IRD1/CHRNA1/OPHN1/SYNGAP1/RAB3GAP2/SOX6/ZNF526/MPLKIP/YME1L1/METTL27/LMBRD2/GLB1/NARS1/NUP133/TBL1XR1/SUOX/CACNA2D1/IARS2/HERC1/CENPE/AGO1/MBTPS1/FMR1/TBC1D20/INSR/NPHP1/KDM6A/PHIP/SMC3/IPO8/CNTNAP2/FDFT1/PRUNE1/SHOC2/KIFBP/ATP6V1A/PGAP1/NSD1/KCNN3/GTF2I/CHD8/RAD21/FAR1/ZNF711/ARL6/SEL1L/KANSL1/CEP120/NHS/BBS10/MAP2K1/PTCH1/BBS4/BBS9/CBL/SUZ12/FBXO11/SCAPER/SLC9A6/RDH11/SLC12A6/IDH1/ASNS/BBS2/SIN3A/BRAF/AP1S2/NIPBL/CLCN3/SYNE1/TRIM32/THOC2/TBC1D23/CASK/PHF6/BRWD3/KRAS/SLC16A2/DPYSL5","0.4317076958033464"
"HP_APLASIA_HYPOPLASIA_OF_THE_RIBS","HP_APLASIA_HYPOPLASIA_OF_THE_RIBS","121","-0.3313471506434256","-1.438301202123065","0.0102368696053871943707492","0.209510909528131228363","0.133028661534128650468","2371","tags=30%, list=17%, signal=25%","PRIM1/KMT2A/UBA1/DHCR24/KIAA0586/LBR/PTPN11/B4GAT1/HES7/SOX9/TRPV6/IFT140/IFT81/INPPL1/PRDM16/CEP152/FBN1/IFT80/TBC1D24/PLCB3/DYNC2LI1/LMX1B/CEP120/GPC3/TRPV4/NFASC/PTCH1/CASZ1/BMP2/DYNC2H1/SLC26A2/GNPTAB/CHD6/RERE/GPC4/DPYSL5","0.3807304007227924"
"HP_NATAL_TOOTH","HP_NATAL_TOOTH","38","0.4354642436111364","1.438209204457061","0.0431034482758620718367837","0.405976037405026302096","0.257773922095777541230","2464","tags=37%, list=17%, signal=31%","C2CD3/MID1/LMNA/FLNA/DPH1/KRT17/KRT16/GLI3/EHMT1/SUPT7L/SPECC1L/FGFR2/KRT6A/KMT2D","0.2878571172551493"
"HP_AGGRESSIVE_BEHAVIOR","HP_AGGRESSIVE_BEHAVIOR","275","-0.2933290882788243","-1.437497966980862","0.0013393512118795723904452","0.082420908453370508862","0.052333041552218718950","3071","tags=29%, list=21%, signal=23%","PACS1/MAOA/SYN1/NDST1/COG3/MED12/ABCA2/GNB1/CLCN4/METTL5/SATB2/TMEM67/SOX5/CDC42BPB/ADNP/SETD2/KDM3B/ALDH4A1/POGZ/KMT2A/MAPK1/AP1G1/AGO1/RBBP8/OCRL/GRN/RUSC2/POU4F1/CYP27A1/NBEA/PHIP/MAPT/CAMK2B/CNTNAP2/PPP2R5D/TCF20/AFF2/PGM2L1/TMEM106B/TCF4/NSD1/UBE4A/LEPR/CEP152/MED12L/CHD8/CACNB4/HNRNPH2/TRAPPC10/USP9X/PPFIA3/EEF1A2/CHMP2B/DDX3X/RLIM/NFASC/WAC/CTNNB1/SMARCC2/VPS13A/CHD2/SIN3A/CILK1/AP1S2/DNM1/NIPBL/SPAST/FBXW11/KCNT1/BCOR/ARID2/MBD5/HIVEP2/GRIK2/RFX7/PCDH19/LINGO1/DPYSL5/KMT2E/BCORL1","0.4550598673872295"
"HP_DEGENERATIVE_VITREORETINOPATHY","HP_DEGENERATIVE_VITREORETINOPATHY","3","-0.8698549962322959","-1.437380772113020","0.0269600260669805892599360","0.326874110791341321303","0.207548263461154125498","25","tags=33%, list=0%, signal=33%","ERBB3","0.3524878575836192"
"HP_ABSENT_SPEECH","HP_ABSENT_SPEECH","413","-0.2821424194775403","-1.437221958737728","0.0002017729682977317557258","0.028031309620762386720","0.017798441180448751342","2516","tags=27%, list=18%, signal=23%","SLC12A2/SHROOM4/SETD5/CDON/YME1L1/DNM1L/POGZ/ASXL3/ZC4H2/KCNA2/KAT6A/WDR26/DAG1/TBL1XR1/KIAA0586/SUOX/TCTN2/CACNA2D1/HERC1/CCND2/FGF13/DLL1/SLC6A3/PPP3CA/LARGE1/BCL11B/YY1/TBC1D20/CYFIP2/SLC38A3/TRPV6/CCDC88A/CAMK2B/USP27X/TRIM8/CNTNAP2/DOCK3/PPP2R5D/CACNA2D2/IFIH1/CSNK2A1/PRUNE1/PRDM16/KLHL15/TMEM106B/BLTP1/ATP6V1A/IARS1/PGAP1/TCF4/NSD1/ALG11/GABRB2/ARFGEF1/CRIPTO/HNRNPH2/TRAPPC10/TMTC3/SEL1L/PPFIA3/EXTL3/EEF1A2/MBOAT7/KCTD7/DYM/PTCH1/KIF5C/SHH/MED23/TRAPPC11/BCAS3/WAC/CASZ1/NFIX/TRPM3/PPFIBP1/DOCK7/KDM5A/KIF1A/GRIA1/SLC9A6/CNNM2/SLC12A6/PCGF2/KCNJ10/GPT2/RALGAPA1/SATB1/SMARCC2/EIF2AK2/STXBP1/IREB2/AP1S2/DNM1/SLC25A12/COPB1/CACNA1E/CLCN3/IRF2BPL/MAST1/HID1/STAG2/KCNT1/ARID2/CASK/HIVEP2/GRIK2/RERE/LINGO1/ZBTB18/GNAO1/DPYSL5/SCN3A","0.5188480777437918"
"HP_ALOPECIA","HP_ALOPECIA","230","0.3255794503083301","1.436969142325412","0.0107913241095878957576115","0.211726295577158885042","0.134435317834496442790","1085","tags=16%, list=8%, signal=15%","WNT5A/KRT81/COL7A1/NXN/RIN2/HR/LMNA/GJB3/TTC7A/BCS1L/ETS1/FLNA/DKC1/FTL/ODC1/BANF1/NIPAL4/PLEC/EXOSC2/ZPR1/TNFRSF1B/ARMC5/KRT17/UROD/TGM1/LAMB3/NFKB1/PIK3R1/KRT16/FAS/ITGB4/NPM1/WRAP53/GJB4/CLDN1/HRAS/KRT74","0.3807304007227924"
"HP_MEGALENCEPHALY","HP_MEGALENCEPHALY","37","-0.4110236663623270","-1.436693044620879","0.0370062160254615857279958","0.378717389417108696303","0.240466081347867677298","2437","tags=32%, list=17%, signal=27%","CDON/HERC1/CCND2/DLL1/PIK3CA/CRIPTO/PTCH1/SHH/RAB39B/AKT3/KRAS/SCN3A","0.3217759180753611"
"HP_APLASIA_HYPOPLASIA_OF_THE_PHALANGES_OF_THE_THUMB","HP_APLASIA_HYPOPLASIA_OF_THE_PHALANGES_OF_THE_THUMB","38","-0.4155349962570683","-1.436609376771164","0.0325006223001363878100101","0.354986819765966188367","0.225398389048483971386","2006","tags=32%, list=14%, signal=27%","XRCC2/MAP3K7/SOX9/SMC3/RAD21/PTCH1/SHH/ROBO1/CNOT1/NIPBL/HOXA13/LMBR1","0.3217759180753611"
"HP_ABNORMAL_LARGE_INTESTINE_PHYSIOLOGY","HP_ABNORMAL_LARGE_INTESTINE_PHYSIOLOGY","51","-0.3804985281216846","-1.435779521548113","0.0346958748159334195992898","0.367083007189809407134","0.233078846482819956876","3306","tags=43%, list=23%, signal=33%","ABCD1/GABBR1/RTN2/MST1/ARSA/MAPK1/CRKL/FLVCR1/PSAP/FMR1/SCN4A/TCF4/SEC24C/FA2H/SLC9A6/SLC44A1/EIF2AK2/SEMA4D/ATRX/DDHD2/DACT1/JMJD1C","0.3217759180753611"
"HP_ABNORMAL_BLOOD_MONOVALENT_INORGANIC_CATION_CONCENTRATION","HP_ABNORMAL_BLOOD_MONOVALENT_INORGANIC_CATION_CONCENTRATION","119","-0.3257722214688843","-1.433553889667350","0.0105270049656495841283732","0.210754743540612521358","0.133818432215873472924","2602","tags=29%, list=18%, signal=24%","SYK/KCNE2/SETD2/TICAM1/INVS/SLC30A9/OCRL/SCN5A/INSR/SCN4A/EIF2AK3/TBK1/RRAGD/NR3C2/MAGED2/NNT/EHHADH/ALAD/AKAP9/PKHD1/ZNRF3/FOCAD/KCNH2/USP8/SCN4B/CTNNB1/KCNJ10/BMPR1A/ATP1A1/SAMD9/PBX1/LPIN1/SLC5A1/KCNJ5","0.3807304007227924"
"HP_ABNORMAL_ORAL_FRENULUM_MORPHOLOGY","HP_ABNORMAL_ORAL_FRENULUM_MORPHOLOGY","67","0.3897111634434866","1.432259459721543","0.0477397001647601459950465","0.418198034980140742611","0.265534262511237129090","307","tags=10%, list=2%, signal=10%","WNT5A/C2CD3/MID1/COL7A1/NXN/LMNA/FLNA","0.3217759180753611"
"HP_COLITIS","HP_COLITIS","74","-0.3505585525898967","-1.431169046978901","0.0421828850220182585695206","0.402514505893349416876","0.255576027461585475464","1530","tags=24%, list=11%, signal=22%","TCF4/NOD2/CASP10/CARD8/POLA1/IL10RA/OPLAH/BACH2/PLCG2/LRBA/SEMA4D/SKIC3/SEMA3D/ATP7A/SEMA3C/DOCK11/SREBF1/ERBB3","0.3217759180753611"
"HP_CHEST_PAIN","HP_CHEST_PAIN","105","-0.3227347770330952","-1.426705256520133","0.0246215382573808580501940","0.321444043899313414148","0.204100450016431067546","1897","tags=24%, list=13%, signal=21%","SCN5A/SCN4A/MEF2A/VHL/CTLA4/CRLF1/MYLK/FBN1/NOD2/COL4A5/EPAS1/NF1/APC/SCN4B/GJA5/CTNNB1/ADAMTS19/STAT3/TGFBR1/KIF1B/DSG2/DBH/TET2/KCNJ5/SAT1","0.3524878575836192"
"HP_OBESITY","HP_OBESITY","294","-0.2876748599975522","-1.425151777875491","0.0020905461630489870564209","0.099292008786865129655","0.063045323318488430409","1967","tags=21%, list=14%, signal=19%","CTSH/PIK3CA/FMR1/DYRK1B/ATP6AP2/NPHP1/KCNJ11/KDM6A/PHIP/SMC3/MEF2A/CNTNAP2/TCF20/PRDM16/CHD7/PGM2L1/ALB/LEPR/GTF2I/CHD8/RAD21/ZNF711/APPL1/ARL6/ENPP1/SEC24C/NEUROD1/BBS10/ABCC8/NIN/EXOC6B/CCDC28B/USP8/WAC/CASZ1/BBS4/BBS9/ABCB4/GJA5/FBXO11/SCAPER/CTNNB1/CNNM2/KDM1A/IL17RD/SATB1/BBS2/SIN3A/BRAF/SEMA3A/NIPBL/MLXIPL/COPB1/SUFU/SYNE1/ATRX/TRIM32/THOC2/FLRT3/RERE/PHF6/JMJD1C/PHF21A","0.4317076958033464"
"HP_ABNORMAL_OCCIPITAL_BONE_MORPHOLOGY","HP_ABNORMAL_OCCIPITAL_BONE_MORPHOLOGY","111","-0.3270934648485297","-1.424629972443744","0.0184145562078755174739708","0.278067709389017647670","0.176558706557069594600","2189","tags=25%, list=15%, signal=22%","CHUK/PEX3/OCRL/HK1/HES7/ITCH/PEX1/IFT81/INPPL1/MCTP2/AMER1/TBC1D24/GDF11/PEX2/WDR19/PTCH1/VDR/NFIX/GJA5/CTNNB1/RALGAPA1/CNOT1/SLC25A12/SYNE1/ATP7A/KRAS/SH3PXD2B/DPYSL5","0.3524878575836192"
"HP_DELAYED_CRANIAL_SUTURE_CLOSURE","HP_DELAYED_CRANIAL_SUTURE_CLOSURE","85","0.3716739025516813","1.424247912143718","0.0368210744056199912321858","0.378195451628443923831","0.240134677672581620111","1555","tags=19%, list=11%, signal=17%","ACTB/ACTG1/COL1A1/PDGFRB/CCN2/LMNA/FLNA/BANF1/CRTAP/NAA10/IGF2/ATP6V0A2/ELN/GLI3/GRB10/RPS19","0.3217759180753611"
"HP_ASTIGMATISM","HP_ASTIGMATISM","205","-0.3037575130039429","-1.422484356330111","0.0029580784481585639146550","0.117414585260122425470","0.074552228124625044559","3764","tags=36%, list=26%, signal=27%","RAP1B/IFT74/FANCM/SETBP1/ZEB2/ARCN1/DNAJC21/SDCCAG8/KIF11/BBS7/MAN2B1/TCEAL1/CAMTA1/FANCI/EMILIN1/PITX2/BBS12/LIG4/KIDINS220/TRIM37/AARS1/SLC2A10/LRRC8C/CFAP418/ADNP/MPLKIP/SETD5/BRCA1/POGZ/LMBRD2/KAT6A/XRCC2/FANCB/HK1/ADAMTSL2/MAP3K7/SMARCAL1/YY1/NPHP1/CAMK2B/PPP2R5D/SHOC2/TCF4/NSD1/PPP1R12A/GATAD2B/CHD3/ARHGEF2/FBN1/ARL6/USP9X/PPFIA3/LMX1B/BBS10/CCDC28B/WAC/NFIX/BBS4/BBS9/GRIA1/SCAPER/GALNT2/PDZD8/BBS2/STXBP1/NIPBL/PBX1/GNPTAB/TRIM32/MBD5/CHST6/SLC39A8/RERE/KRAS","0.4317076958033464"
"HP_ABNORMAL_ADIPOSE_TISSUE_MORPHOLOGY","HP_ABNORMAL_ADIPOSE_TISSUE_MORPHOLOGY","220","0.3228117918162284","1.421616739449407","0.0079898297422957963859202","0.196725103596536554651","0.124910331784398906385","1151","tags=13%, list=8%, signal=12%","ANKRD1/CAV1/CAVIN1/TNNC1/ACTB/TPM1/COL1A1/PDGFRB/LMNA/FHL2/FLNA/JPH2/BANF1/TXNRD2/VCL/TMEM43/NAA10/ARMC5/PIK3R1/PMM2/LZTR1/FAS/LEMD2/ALG3/ATP6V0A2/PPARG/RPL10/FUCA1","0.3807304007227924"
"HP_EARLY_ONSET_OF_SEXUAL_MATURATION","HP_EARLY_ONSET_OF_SEXUAL_MATURATION","136","-0.3219042131499743","-1.420906753795675","0.0097607361353691853705916","0.207801773340629380993","0.131943447881460201865","2893","tags=31%, list=20%, signal=25%","KCNQ2/H4C5/CLIP2/GTF2IRD1/SOX5/SOX6/ZNF526/CDON/METTL27/MEN1/ASXL3/RAB23/DLL1/CTSH/INSR/KDM6A/TRIM8/CNTNAP2/NNT/PLCB1/CRIPTO/GTF2I/ALK/TBC1D24/DDX3X/CDKL5/PTCH1/SHH/NF1/NFIX/FGFRL1/KMT2C/GRIA1/TNRC6B/BRAF/MLXIPL/CACNA1E/KCNT1/DMXL2/CASK/KRAS/GNAO1","0.3807304007227924"
"HP_BROAD_FINGER","HP_BROAD_FINGER","126","-0.3173109280834828","-1.418347440289874","0.0136942488172263222151459","0.237635210752778547327","0.150886147604538445322","1698","tags=25%, list=12%, signal=23%","TRIM8/IFIH1/INPPL1/NSD1/GATAD2B/ARHGEF2/FBN1/USP9X/EXTL3/GPC3/NHS/CDKL5/WDR19/RLIM/TRPM3/HS2ST1/GJA5/SUZ12/BMP2/FBXO11/MSX2/CTNNB1/AMMECR1/BMPR1A/CACNA1E/LMBR1/DMXL2/CASK/DACT1/RERE/GPC4/GNAO1","0.3807304007227924"
"HP_EEG_WITH_ABNORMALLY_SLOW_FREQUENCIES","HP_EEG_WITH_ABNORMALLY_SLOW_FREQUENCIES","73","-0.3535756514444801","-1.417837829138448","0.0280476767605588386822468","0.329510219694365835696","0.209222057154367396814","2989","tags=37%, list=21%, signal=29%","TRAK1/AARS1/GNB1/SYNGAP1/YWHAG/KCNA2/CACNA2D1/PPP3CA/GRN/CELF2/CYP27A1/CYFIP2/SLC38A3/MAPT/CNTNAP2/TMEM106B/ATP6V1A/GABRB2/EEF1A2/CHMP2B/CDKL5/CHD2/STXBP1/DNM1/CDK19/HID1/SCN3A","0.3524878575836192"
"HP_ABNORMAL_ATRIOVENTRICULAR_CONDUCTION","HP_ABNORMAL_ATRIOVENTRICULAR_CONDUCTION","78","0.3797272174515947","1.417537493912244","0.0278644912930655699878635","0.329008506704579817281","0.208903495187089255358","853","tags=15%, list=6%, signal=15%","CITED2/PKP2/CAPNS1/ACADVL/LMNA/SCNN1A/SLC25A20/GPX4/TMEM43/KCND3/DMPK/CALM2","0.3524878575836192"
"HP_HAND_POLYDACTYLY","HP_HAND_POLYDACTYLY","168","-0.3038348277635937","-1.417017607471358","0.0113604777940219114906739","0.215092695981035531005","0.136572809103682746290","2230","tags=27%, list=16%, signal=23%","RAB23/KIAA0586/TCTN2/LBR/CCND2/AHI1/FANCB/PIK3CA/TMEM107/PIBF1/NPHP1/IFT140/FAM149B1/CHD7/IFT80/ARL6/EXTL3/MAFB/PRKACB/DYNC2LI1/CEP120/GPC3/SEC24C/TOPORS/CHN1/GJA1/WDR19/CCDC28B/SHH/BBS9/FGFRL1/SC5D/CTNNB1/TGFBR1/BBS2/DYNC2H1/HOXA13/SUFU/LMBR1/MAP3K20/DACT1/AKT3/GPC4/JMJD1C/DPYSL5","0.3807304007227924"
"HP_ABNORMAL_EPIDERMAL_MORPHOLOGY","HP_ABNORMAL_EPIDERMAL_MORPHOLOGY","78","0.3794982387349329","1.416682706840739","0.0278644912930655699878635","0.329008506704579817281","0.208903495187089255358","2270","tags=26%, list=16%, signal=22%","EGFR/LMNA/GJB3/NIPAL4/SERPINB8/KRT13/MPDU1/TGM1/KRT16/CIB1/CLDN1/KRT74/ELOVL1/TUFT1/ALOXE3/AKT1/KRT10/IL7R/PPP2R3C/EBP","0.3524878575836192"
"HP_ORAL_ULCER","HP_ORAL_ULCER","56","-0.3667585298348775","-1.415695215584427","0.0284398925718907548410019","0.330808323477099708310","0.210046286351493222133","2602","tags=32%, list=18%, signal=26%","SYK/HLA-B/CR2/GFI1/CTLA4/MVK/NOD2/EFL1/ERAP1/PXK/MAP2K1/IL10RA/TLR4/KLRC4/BRAF/CAT/DOCK11/SAT1","0.3524878575836192"
"HP_LIMB_HYPERTONIA","HP_LIMB_HYPERTONIA","150","-0.3087013401441462","-1.414625015705872","0.0129438369635775357008312","0.229072936326752740754","0.145449543328668162712","3031","tags=33%, list=21%, signal=26%","MINPP1/KIDINS220/TRAK1/AARS1/GNB1/H4C5/ERCC8/SYNGAP1/CDC42BPB/YWHAG/SEPSECS/DNAJC12/PCCA/KCNA2/KAT6A/LBR/CACNA2D1/FGF13/SLC30A9/SLC6A3/PPP3CA/HK1/CELF2/CYFIP2/SLC38A3/PI4KA/IFIH1/ASXL1/KIFBP/ATP6V1A/ALG11/GABRB2/KIF5A/EEF1A2/NCAPD3/FA2H/USP8/DOCK6/ASXL2/WDR48/KDM1A/DNAJC6/ASNS/DNM1/CDK19/ATRX/GRIK2/SLC16A2/SCN3A","0.3807304007227924"
"HP_AUTOIMMUNE_THROMBOCYTOPENIA","HP_AUTOIMMUNE_THROMBOCYTOPENIA","38","-0.4091622130893396","-1.414577056660093","0.0368871575998950193553405","0.378195451628443923831","0.240134677672581620111","1987","tags=29%, list=14%, signal=25%","RFXAP/ADA/MAGT1/KDM6A/CTLA4/CASP10/RFX5/STAT3/LRBA/DOCK11/KRAS","0.3217759180753611"
"HP_HIGH_FOREHEAD","HP_HIGH_FOREHEAD","290","-0.2856714506804970","-1.414499669694190","0.0014460879410007391153437","0.082420908453370508862","0.052333041552218718950","2785","tags=30%, list=19%, signal=24%","CLIP2/SATB2/GTF2IRD1/MADD/SYNGAP1/CDC42BPB/YWHAG/SOX6/SETD2/SETD5/MAF/METTL27/KMT2A/ZC4H2/KCNA2/MAPK1/BPNT2/TBL1XR1/LBR/CACNA2D1/IARS2/PEX3/CCND2/RIT1/PTPN11/AGO1/PPP3CA/PAFAH1B1/PIK3CA/CELF2/CDH1/SOX9/CYFIP2/SLC38A3/TRPV6/KDM6A/PHIP/IFT140/PEX1/INPPL1/TCF20/CEP57/ATP6V1A/NSD1/ALG11/GABRB2/FBN1/MED12L/GTF2I/HSD17B4/SOS2/PPFIA3/KANSL1/PEX2/EEF1A2/LMX1B/TRPV4/CDKL5/GJA1/MAP2K1/FOCAD/APC/NFIX/FGFRL1/CBL/FBXO11/SATB1/GALNT2/SIN3A/BRAF/AP1S2/DNM1/SPRED2/CDK19/GNPTAB/CAMK2G/THOC2/ARID2/HIVEP2/TAOK1/AKT3/ATP7A/KRAS/SH3PXD2B/SCN3A/BCORL1","0.4550598673872295"
"HP_NEUROGENIC_BLADDER","HP_NEUROGENIC_BLADDER","65","-0.3614627466604635","-1.412839896743699","0.0276603264217272666602998","0.329008506704579817281","0.208903495187089255358","3887","tags=43%, list=27%, signal=32%","MKKS/WFS1/IFT74/ATXN3/SDCCAG8/BBS7/BBS12/GNB1/GBE1/CFAP418/ERCC8/MNX1/NOTCH3/CLCN6/PEX3/MAP3K7/HES7/NPHP1/ARL6/BBS10/GJA1/BBS4/BBS9/SCAPER/BBS2/COG5/TRIM32/CHRNA3","0.3524878575836192"
"HP_CARDIAC_CONDUCTION_ABNORMALITY","HP_CARDIAC_CONDUCTION_ABNORMALITY","118","0.3458052964108713","1.412595322492021","0.0201071731701986146367833","0.291704752445125448101","0.185217528138834186535","957","tags=15%, list=7%, signal=14%","CITED2/TNNC1/PKP2/SLC2A1/CAPNS1/ACADVL/LMNA/SCNN1A/BANF1/PLEC/SLC25A20/GPX4/TMEM43/KCND3/DMPK/LEMD2/CALM2/SLC1A3","0.3524878575836192"
"HP_ABNORMAL_RENAL_PELVIS_MORPHOLOGY","HP_ABNORMAL_RENAL_PELVIS_MORPHOLOGY","282","-0.2877193366864117","-1.410964938274919","0.0020833153890262553001311","0.099292008786865129655","0.063045323318488430409","2305","tags=27%, list=16%, signal=23%","CIROZ/KAT6A/RAB23/PAX7/TASP1/PEX3/RIT1/PTPN11/FGF13/FBXL4/PPP3CA/TBX18/FANCB/B4GAT1/NFIA/MAP3K7/SOX9/YY1/TBC1D20/NPHP1/KDM6A/PI4KA/CTLA4/PEX1/IPO8/PRDM16/CHD7/IARS1/SEMA3E/NSD1/IFT80/TBC1D24/ARL6/USP9X/SOS2/PPFIA3/KANSL1/PEX2/CCBE1/GPC3/BBS10/MAP2K1/FOCAD/UBR1/SHH/STRA6/CASZ1/NF1/APC/BBS4/BBS9/CBL/SCAPER/CTNNB1/RORA/BBS2/DYNC2H1/BRAF/NIPBL/SPRED2/CLCN3/ATRX/TRIM32/CHRNA3/BCOR/ZMYM2/RFX7/RERE/GPC4/ATP7A/ZBTB18/KRAS/DPYSL5/ERBB3/ZMYM3","0.4317076958033464"
"HP_CAFE_AU_LAIT_SPOT","HP_CAFE_AU_LAIT_SPOT","125","-0.3155571325405429","-1.405712472229041","0.0178402945965925596727431","0.273108862460784695969","0.173410093575047857817","2393","tags=28%, list=17%, signal=24%","MEN1/BRCA1/MAPK1/KITLG/WBP11/PTPN11/RBBP8/XRCC2/FANCB/PIK3CA/KDM6A/PHIP/VHL/ARL6IP6/MSH6/SHOC2/CEP57/ANAPC1/CHD8/WASF1/MSH2/MAP2K1/SPRED1/UBR1/NF1/CBL/REV3L/BRAF/COPB1/PLAG1/SKIC3/RFX7/RERE/KRAS/SH3PXD2B","0.3524878575836192"
"HP_EMBRYONAL_NEOPLASM","HP_EMBRYONAL_NEOPLASM","72","-0.3461931392663677","-1.404271632613293","0.0367734479811736708620984","0.378195451628443923831","0.240134677672581620111","1966","tags=26%, list=14%, signal=23%","PIK3CA/SOX9/CDC73/ASXL1/CEP57/NSD1/PKHD1/GPC3/C1S/PTCH1/SPRED1/RB1/NF1/APC/SMARCC2/SKIC3/ARID2/GPC4/PHF21A","0.3217759180753611"
"HP_ABNORMAL_CRANIAL_NERVE_MORPHOLOGY","HP_ABNORMAL_CRANIAL_NERVE_MORPHOLOGY","69","-0.3457430158031934","-1.403637651130780","0.0366351953654499087886798","0.377702747023757223754","0.239821835566932789474","2393","tags=29%, list=17%, signal=24%","MEN1/SLC52A3/PIK3CA/VHL/CHD7/EGR2/SEMA3E/NOD2/GNAQ/GJA1/SNX10/PRRX1/SPRED1/USP8/EPAS1/NF1/CDKN1B/KIF1B/BRAF/ATRX","0.3217759180753611"
"HP_DILATED_CARDIOMYOPATHY","HP_DILATED_CARDIOMYOPATHY","142","0.3354984815304902","1.401341053955287","0.0267791238211436029292845","0.326341208495822376889","0.207209897887442456854","2327","tags=23%, list=16%, signal=20%","ANKRD1/TNNC1/TPM1/COL7A1/ACADVL/LMNA/FHL2/JPH2/TXNRD2/LIMS2/VCL/TMEM43/LAMB3/TPM3/MLX/FKRP/RNF220/GET3/FLII/TOP3A/POMT2/SLC5A6/LAMA3/NAXD/GTPBP3/ATP5F1D/RRM2B/DNAJC19/LAMC2/TWNK/MGME1/ACAD9/MLYCD","0.3524878575836192"
"HP_INTERICTAL_EEG_ABNORMALITY","HP_INTERICTAL_EEG_ABNORMALITY","288","-0.2844549357886821","-1.400925357589660","0.0014683588153470723131067","0.082420908453370508862","0.052333041552218718950","2989","tags=29%, list=21%, signal=23%","TRAK1/AARS1/PCDH12/GNB1/CLCN4/KCNQ2/SCN9A/GUF1/SYNGAP1/AASS/IER3IP1/PHACTR1/YWHAG/ZNF526/YME1L1/ALDH4A1/KCNA2/DAG1/TBL1XR1/SUOX/CACNA2D1/IARS2/FGF13/PPP3CA/PAFAH1B1/PIK3CA/GRN/RUSC2/CELF2/ARFGEF2/NBEA/CYFIP2/SLC38A3/KCNJ11/CCDC88A/PI4KA/TRIM8/CNTNAP2/GOLGA2/PLCB1/ATP6V1A/ALG11/GABRB2/ARFGEF1/CACNB4/TBC1D24/SNAP25/EEF1A2/GAD1/ZNF148/KCTD7/ABCC8/CDKL5/SAMD12/ADGRV1/NF1/TRPM3/PPFIBP1/DOCK7/GRIA1/SLC9A6/OGDHL/SLC12A6/SATB1/ASNS/CHD2/CILK1/STXBP1/DNM1/CDK19/CACNA1E/HID1/KCNT1/SV2A/DMXL2/CASK/SLC39A8/AKT3/PCDH19/SCARB2/ATP7A/GNAO1/SCN3A","0.4550598673872295"
"HP_OVARIAN_NEOPLASM","HP_OVARIAN_NEOPLASM","68","-0.3538014825763585","-1.400317572066516","0.0234351810314294001225122","0.316859613118377569929","0.201189572048036446894","2365","tags=29%, list=17%, signal=25%","BRCA1/CHEK2/STAG3/PIK3CA/CDH1/SOX9/MSH6/EPCAM/PALLD/PMS1/MSH2/PTCH1/SPRED1/NPAT/CTNNB1/IDH1/BMPR1A/SUFU/RNF43/KRAS","0.3524878575836192"
"HP_INABILITY_TO_WALK","HP_INABILITY_TO_WALK","359","-0.2779888785827297","-1.399844786074746","0.0019680132922742818273043","0.096780972258125513852","0.061450944155924183687","2098","tags=23%, list=15%, signal=20%","SNUPN/LRP12/BAG3/DLL1/LARGE1/ADSS1/TMEM107/PSAP/HK1/CELF2/ATP6AP2/GGPS1/TBC1D20/GDAP1/SLC38A3/MAPT/TRIM2/CAMK2B/PEX1/ASAH1/CACNA2D2/ASXL1/PRUNE1/PLCB1/ATP6V1A/UBE4A/LYRM7/GABRB2/CRIPTO/KLC4/FAR1/TBC1D24/COPB2/PPFIA3/EXTL3/MAFB/SGCB/LMX1B/MBOAT7/DYSF/CDKL5/DES/DYM/FA2H/PTCH1/KLHL9/SHH/TRAPPC11/BCAS3/SBF2/TRPM3/DOCK7/KIF1A/SLC9A6/OGDHL/SLC12A6/KCNJ10/DNAJC6/SATB1/VPS13C/EIF2AK2/VPS13A/STXBP1/DNM1/HMGCR/CRAT/COPB1/CACNA1E/IRF2BPL/MAST1/GNPTAB/SYNE1/STAG2/TRIM32/KCNT1/ADAM22/TBC1D23/SLC39A8/GRIK2/CHRND/GNAO1/SLC16A2/SCN3A","0.4317076958033464"
"HP_ABNORMAL_ILIUM_MORPHOLOGY","HP_ABNORMAL_ILIUM_MORPHOLOGY","95","-0.3312110494026982","-1.399615274288336","0.0397153238196675598126184","0.393828179181241577744","0.250060656358656319131","3488","tags=39%, list=24%, signal=30%","CREBBP/PEX5/GUSB/SEC23A/MAN2B1/RPS6KA3/RIPK4/RUNX2/ERCC8/TMEM67/NKX3-2/HLA-B/GLB1/RAB23/SOX9/EIF2AK3/IFT81/INPPL1/AMER1/PLCB3/EXTL3/ENPP1/LMX1B/CEP120/CCBE1/GPC3/TRPV4/DYM/WDR19/POP1/CTNNB1/SEC24D/IDH1/SLC26A2/GNPTAB/GPC4/ATP7A","0.3217759180753611"
"HP_PROMINENT_NASAL_BRIDGE","HP_PROMINENT_NASAL_BRIDGE","225","-0.2896089232056189","-1.399309052459958","0.0051832734578932644978200","0.154627889580614130693","0.098180764109537646545","3014","tags=31%, list=21%, signal=25%","MED12/TLK2/PDE6D/LEMD3/PRKD1/TOGARAM1/SATB2/CFAP418/TMEM67/MEIS2/CDC42BPB/RAB3GAP2/ZNF526/SPOP/BRCA1/ASXL3/MAPK1/VPS13B/KAT6A/KIAA0586/TCTN2/HERC1/CRKL/AHI1/PIBF1/TBC1D20/INSR/NPHP1/SMC3/IPO8/FAM149B1/KIFBP/AFF2/TCF4/CEP152/FBN1/MED12L/ASPH/ARL6/KANSL1/CEP120/NHS/SEC24C/TOPORS/BBS10/RLIM/NFASC/RB1/BBS4/BBS9/PUM1/DOCK7/GJA5/CEP295/FBXO11/SCAPER/GALNT2/BBS2/SIN3A/SPRED2/SUFU/TRIM32/BCOR/CASK/HIVEP2/MED13/GPC4/JMJD1C/PHF21A","0.4070179189239539"
"HP_ABNORMAL_DUODENUM_MORPHOLOGY","HP_ABNORMAL_DUODENUM_MORPHOLOGY","77","-0.3424599235764439","-1.396970485851387","0.0464998469394762720119374","0.418198034980140742611","0.265534262511237129090","2602","tags=31%, list=18%, signal=26%","SYK/KDM3B/CDON/MEN1/BRCA1/WBP11/DLL1/XRCC2/FANCB/IPO8/ADAM17/CHD7/CEP57/CRIPTO/RAD21/CARD8/PTCH1/SHH/STRA6/CDKN1B/STAT3/SUFU/STAG2/RERE","0.3217759180753611"
"HP_FULL_CHEEKS","HP_FULL_CHEEKS","142","-0.3135603287080159","-1.395906183869581","0.0150146637992186193777400","0.247586014042308205640","0.157204396357202041967","2780","tags=33%, list=19%, signal=27%","LARS1/PIGB/TMEM67/GNAI3/CDC42BPB/IER3IP1/PLCB4/PSPH/WDR26/TBL1XR1/TCTN2/OCRL/PIK3CA/TMEM107/MAP3K7/CCDC88A/IFT140/CRLF1/ASXL1/IARS1/TCF4/FBN1/SEL1L/EXTL3/AGL/EEF1A2/LMX1B/DDX3X/MAP2K1/WDR19/WAC/KLHL7/SC5D/BMP2/FBXO11/BRAF/STXBP1/MLXIPL/CLCN3/SLC26A2/GNPTAB/STAG2/HDAC9/ATP7A/KRAS/SH3PXD2B/KMT2E","0.3807304007227924"
"HP_APLASIA_HYPOPLASIA_INVOLVING_THE_VERTEBRAL_COLUMN","HP_APLASIA_HYPOPLASIA_INVOLVING_THE_VERTEBRAL_COLUMN","68","-0.3524758567378206","-1.395070852515844","0.0238815520637026754147136","0.319782614019266886451","0.203045527417540228043","2572","tags=28%, list=18%, signal=23%","MNX1/POGZ/GLB1/KIAA0586/LBR/IARS2/RAB33B/FANCB/SOX9/EIF2AK3/INPPL1/EXTL3/TRPV4/DYM/NFIX/VANGL2/CLCN3/SLC26A2/GNPTAB","0.3524878575836192"
"HP_CHOANAL_ATRESIA","HP_CHOANAL_ATRESIA","111","-0.3202476461346093","-1.394813545110707","0.0251967777438611637008670","0.321444043899313414148","0.204100450016431067546","2627","tags=30%, list=18%, signal=24%","FAM20C/SLC12A2/CDON/SMCHD1/BRCA1/MAPK1/CRKL/WBP11/DLL1/XRCC2/FANCB/CDH1/SOX9/KDM6A/SMC3/ITCH/PI4KA/CHD7/SEMA3E/EPCAM/CRIPTO/RAD21/USP9X/SEC24C/PTCH1/SHH/WAC/NFIX/NIPBL/SUFU/CHD6/RERE/JMJD1C","0.3524878575836192"
"HP_HYPOTELORISM","HP_HYPOTELORISM","136","-0.3159822035881387","-1.394766607010661","0.0132798053227243927770784","0.233485726349177774575","0.148251438235413035560","2767","tags=30%, list=19%, signal=25%","LRRC8C/OPHN1/AASS/RAB3GAP2/MPLKIP/CDON/NARS1/KIF26A/NUP133/DLL1/ACBD5/KDM6A/CEP57/BLTP1/CRIPTO/RAD21/HNRNPH2/USP9X/KANSL1/FKBP14/NIN/GJA1/WDR19/RLIM/PTCH1/PYCR1/SHH/NF1/GJA5/MSX2/GPT2/CILK1/CNOT1/MLXIPL/CDK19/CUX1/SUFU/CLCN3/STAG2/RERE/DPYSL5","0.3807304007227924"
"HP_ASCITES","HP_ASCITES","123","-0.3155492624998892","-1.394473600019894","0.0185785022127819103576751","0.278276918588757637973","0.176691543648392040966","2196","tags=28%, list=15%, signal=24%","HFE/LBR/JAK2/PIK3CA/ATP6AP2/SCN4A/ASAH1/EIF2AK3/ARL6IP6/ASXL1/CEP57/TCF4/HSD17B4/BCL6/NOTCH1/POU2AF1/PKHD1/ENPP1/CCBE1/FOCAD/UBR1/DOCK6/TNFSF15/ABCB4/CBL/BMP2/EPHB4/DLL4/SEMA4D/THOC2/RBPJ/TET2/SCARB2/SAT1","0.3524878575836192"
"HP_RHINITIS","HP_RHINITIS","97","-0.3230582846235701","-1.391223190264015","0.0479760189939024139782475","0.419186694259615910685","0.266162010350039779372","3986","tags=37%, list=28%, signal=27%","PGM3/ODAD4/MKKS/DNAAF19/RSPH9/IFT74/DNAH11/DNAAF3/NLRP1/SDCCAG8/EDARADD/BBS7/CFAP300/BBS12/FOXJ1/CFAP418/RSPH1/DNAH7/CFAP74/DOCK8/GFI1/RFXAP/EDA/NPHP1/ARL6/BBS10/SNX10/BBS4/BBS9/RFX5/SCAPER/PLCG2/BRWD1/BBS2/TRIM32/DBH","0.3217759180753611"
"HP_INFANTILE_SPASMS","HP_INFANTILE_SPASMS","137","-0.3051137671436310","-1.390913458412438","0.0191031658742246424065314","0.283840354981460762929","0.180224039872662333828","2153","tags=24%, list=15%, signal=21%","IARS2/FBXL4/PAFAH1B1/HK1/RUSC2/PI4KA/ASAH1/TRIM8/CNTNAP2/GOLGA2/PLCB1/ATP6V1A/ARFGEF1/CHD3/GNAQ/SEL1L/EEF1A2/CDC40/ATP2B1/CDKL5/TRPM3/DOCK7/OGDHL/RALGAPA1/STXBP1/DNM1/CDK19/CACNA1E/TUBA1A/DMXL2/CASK/GNAO1/SCN3A","0.3524878575836192"
"HP_GENERALIZED_MUSCLE_WEAKNESS","HP_GENERALIZED_MUSCLE_WEAKNESS","116","0.3442472529746652","1.390911752990686","0.0308231394866379446173532","0.343254882018531215504","0.217949211441179263593","3094","tags=30%, list=22%, signal=24%","CAVIN1/SLC2A3/PON2/PFN1/SQSTM1/IBA57/CCND1/PLEC/FUS/COL6A1/TPM3/DNAJB6/FKRP/COL6A3/PNKD/PON1/POMT2/COL13A1/POMGNT1/VCP/TWNK/ACAD9/ANXA11/COA8/TAF15/TPM2/CRPPA/ACY1/POLG/CCNF/NEFH/CAPN3/HNRNPA1/CHCHD10/AGRN","0.3524878575836192"
"HP_MACULAR_HYPERPIGMENTATION","HP_MACULAR_HYPERPIGMENTATION","2","-0.9182448472136402","-1.390664583793315","0.0381596772539029849280467","0.386312789849295457056","0.245288770321846288924","786","tags=50%, list=6%, signal=47%","CDH3","0.3217759180753611"
"HP_EXERTIONAL_DYSPNEA","HP_EXERTIONAL_DYSPNEA","123","0.3427574388107428","1.389775973771911","0.0351920683735357439636537","0.369683032044873571831","0.234729728659808511981","956","tags=12%, list=7%, signal=11%","ANKRD1/CITED2/TNNC1/TPM1/LMNA/FHL2/JPH2/PLEC/TXNRD2/NABP1/VCL/HEY2/TGFB2/SMAD3/NPM1","0.3217759180753611"
"HP_ABNORMALITY_OF_ACID_BASE_HOMEOSTASIS","HP_ABNORMALITY_OF_ACID_BASE_HOMEOSTASIS","392","0.2993767817657739","1.389635272173709","0.0064067671011235373390580","0.175381304339623150801","0.111358116037757415295","3072","tags=28%, list=21%, signal=22%","ITGA3/HMGCS2/JAG1/TUFM/ACADVL/PDP1/BCS1L/OGDH/EEFSEC/IBA57/SCNN1A/NDUFA12/SLC25A3/PMPCA/PUS1/NDUFAF8/COQ4/COX8A/GATA3/MRPS22/GLYCTK/APRT/ISCU/COX10/CARS2/MRPS34/GCDH/HSPD1/DTYMK/C1QBP/MRPS2/SLC7A7/PITRM1/CTNS/ELAC2/FARS2/NDUFV1/ETFB/TIMM50/SLC25A19/TARS2/TRMU/COQ2/TXN2/FASTKD2/GFM1/MRPL39/EARS2/SARS2/NDUFS6/GLRX5/HSD11B2/NAXD/GTPBP3/ATP5F1D/RRM2B/LETM1/CPT1A/PDHA1/DNAJC19/FOXRED1/COQ9/NDUFAF4/TWNK/ATAD3A/COX4I1/RARS1/COX6B1/YARS2/TRNT1/NDUFS3/ACAD9/CD320/ETHE1/UQCC2/MLYCD/MRPL3/MRPS7/FAH/COA8/WARS2/AMPD3/TIMM22/SCO1/KARS1/DAP3/TMEM126B/COX16/ECHS1/SLC25A13/SURF1/ISCA1/CLPB/PNPT1/VPS33B/HLCS/SUGCT/PRDX1/POLG/HTRA2/POLRMT/PET100/NDUFA8/CYP27B1/MICOS13/NDUFB7/NDUFB9/TRMT5/CHCHD10","0.4070179189239539"
"HP_ABNORMAL_SOCIAL_BEHAVIOR","HP_ABNORMAL_SOCIAL_BEHAVIOR","156","-0.3023754504535682","-1.388070350565131","0.0174841111030280445259866","0.271450893024371808782","0.172357368180044573380","2843","tags=30%, list=20%, signal=24%","CSF1R/ARSA/CLIP2/LNPK/GTF2IRD1/FOXP2/OPHN1/SYNGAP1/ADNP/DCTN1/MPLKIP/METTL27/POGZ/HERC1/GRN/PSAP/POU4F1/MAPT/CNTNAP2/TMEM106B/PGAP1/ALG11/TRANK1/GATAD2B/GTF2I/CHD8/TMTC3/NOVA2/CDC40/COG6/CHMP2B/POLA1/ABCC8/CDKL5/FRYL/NF1/SLC9A6/DNAJC6/VPS13C/VPS13A/CHD2/APP/ATRX/MBD5/GRIK2/PCDH19/LINGO1","0.3524878575836192"
"HP_LONG_FINGERS","HP_LONG_FINGERS","288","-0.2817703208976566","-1.387703772716215","0.0018378747180321530242664","0.094224804885327265169","0.059827909226495341877","3102","tags=33%, list=22%, signal=26%","EMILIN1/RPS6KA3/SPEG/MED12/ABL1/GNB1/SLC2A10/PHF8/H4C5/LARS1/SATB2/RUNX2/SCN9A/PIGB/WNK1/SOX5/CDC42BPB/ADNP/SOX6/SETD5/MAF/SPOP/PRIM1/PRDM5/ASXL3/KMT2A/MAPK1/VPS13B/NARS1/DLX5/IARS2/HERC1/CRKL/MAP3K7/RUSC2/CTSC/YY1/PHIP/CCDC88A/CRLF1/IPO8/DOCK3/ASXL1/INPPL1/TCF20/KIFBP/MYLK/TCF4/GATAD2B/FBN1/MED12L/AMER1/ASPH/HNRNPH2/WASF1/USP9X/C1R/ATP2B1/SEC24C/CDKL5/EXOC6B/GJA1/PTCH1/RETREG1/NFIX/TRPM3/PUM1/KMT2C/KIF1A/FBXO11/KDM1A/SLC12A6/PCGF2/AMMECR1/TPR/TGFBR1/SIN3A/CNOT1/SLC25A12/COPB1/SUFU/CLCN3/ATRX/DLG4/ACSL4/HIVEP2/ZMYM2/RFX7/PHF6/JMJD1C/DPYSL5/PHF21A/KMT2E/BCORL1","0.4550598673872295"
"HP_RETINOPATHY","HP_RETINOPATHY","114","-0.3186922423329551","-1.386607841930941","0.0214667027972063120810908","0.298973602616730504966","0.189832874477593199769","1962","tags=21%, list=14%, signal=18%","TMEM107/INSR/KCNJ11/CTLA4/PRUNE1/NOD2/APPL1/ERAP1/ENPP1/NEUROD1/PXK/ABCC8/PTCH1/TLR4/CDH3/STAT3/KLRC4/GNPTAB/PROS1/TRIM32/BCL11A/KRAS/ZMYM3/TNFRSF11B","0.3524878575836192"
"HP_LATE_ONSET","HP_LATE_ONSET","110","0.3446959490011222","1.386058376646174","0.0413962017623185421499876","0.398588922295213976543","0.253083483598468994558","1800","tags=21%, list=13%, signal=18%","CAV1/TNNC1/TPM1/KRT18/PDGFRB/LMNA/HMGA1/IRS2/SEC61A1/VCL/TMEM43/IRS1/EIF4G1/KCND3/C1QBP/NOL3/PPARG/HSPB1/RPS14/BAP1/TOP3A/TUBA4A/CLN6","0.3217759180753611"
"HP_ABNORMAL_EATING_BEHAVIOR","HP_ABNORMAL_EATING_BEHAVIOR","103","-0.3246535835118659","-1.383300076351560","0.0240375214318484971276479","0.320764266832177791233","0.203668826510111894423","2775","tags=32%, list=19%, signal=26%","SATB2/KCNAB2/MEIS2/SYNGAP1/ADNP/SETD2/MEN1/PREPL/MN1/GRN/YY1/KCNJ11/SCN4A/MAPT/PRDM16/PGM2L1/TRANK1/LEPR/CHD8/SNAP25/ABCC8/CASZ1/BBS9/CTNNB1/KCNJ10/SMARCC2/BRAF/DNM1/ARID2/MBD5/RFX7/PCDH19/RERE","0.3524878575836192"
"HP_MICRODONTIA","HP_MICRODONTIA","161","-0.2961903581630367","-1.383008733840063","0.0174233047339783717055717","0.271450893024371808782","0.172357368180044573380","3138","tags=35%, list=22%, signal=28%","PAX9/PITX2/BBS12/MED12/PRKD1/H4C5/CLIP2/SATB2/CFAP418/GTF2IRD1/ADNP/FAM20C/SUMO1/METTL27/PRIM1/PIK3C2A/LMBRD2/MAPK1/RBBP8/SMARCAL1/BCL11B/EDA/NPHP1/KDM6A/IFT140/SMC3/CNTNAP2/ANAPC1/GTF2I/ARL6/C1R/PRKACB/DYNC2LI1/BBS10/GJA1/C1S/WDR19/PYCR1/UBR1/EDAR/CDH3/NFIX/BBS4/BBS9/HS2ST1/GJA5/SCAPER/SMOC2/REV3L/PCGF2/BBS2/TCF12/MLXIPL/DLX3/TRIM32/MBD5/LRP6","0.3524878575836192"
"HP_TYPE_II_DIABETES_MELLITUS","HP_TYPE_II_DIABETES_MELLITUS","103","-0.3245639129652365","-1.382918003642991","0.0242766987859889711576233","0.321444043899313414148","0.204100450016431067546","3887","tags=44%, list=27%, signal=32%","MKKS/WFS1/CPE/IFT74/VPS37D/MAPK8IP1/SDCCAG8/BBS7/PEX10/BMP6/ATM/BBS12/LIG4/PLCD1/LIPC/CLIP2/CFAP418/GTF2IRD1/LMF1/METTL27/MEN1/DYRK1B/INSR/NPHP1/TCF7L2/FBN1/GTF2I/ARL6/ENPP1/AR/NEUROD1/BBS10/POLA1/ABCC8/BBS4/BBS9/SCAPER/CTNNB1/BBS2/SIN3A/BRAF/CAT/TRIM32/LRP6/DMXL2","0.3524878575836192"
"HP_ASTHMA","HP_ASTHMA","144","-0.3063595584378023","-1.377632100589806","0.0173521179839414597945169","0.271450893024371808782","0.172357368180044573380","2751","tags=29%, list=19%, signal=24%","CFAP418/FOXP2/CDC42BPB/RIC1/CDON/CIROZ/DOCK8/HFE/DLL1/ADA/ADAMTSL2/BCL11B/NPHP1/SCN4A/IPO8/JAK1/CRIPTO/FBN1/NOD2/ARL6/LMX1B/SEC24C/BBS10/PTCH1/FOCAD/CCDC28B/SHH/WAC/BBS4/BBS9/FBXO11/SCAPER/PLCG2/TGFBR1/LRBA/BBS2/STXBP1/PLAG1/SUFU/TRIM32/RFX7/JMJD1C","0.3524878575836192"
"HP_URINARY_TRACT_NEOPLASM","HP_URINARY_TRACT_NEOPLASM","132","-0.3104167028129666","-1.377549912787331","0.0258335182714879672827291","0.323576289270402162046","0.205454316258609687162","1966","tags=25%, list=14%, signal=22%","PIK3CA/PTPN12/SOX9/VHL/CDC73/ASXL1/MSH6/MVK/CEP57/EPCAM/PTPRJ/NOD2/PMS1/GPC3/MSH2/C1S/PTCH1/SPRED1/RB1/NF1/CDKN1B/APC/NPAT/CTNNB1/KDM1A/BMPR1A/KIF1B/BRAF/RNF43/GPC4/ATP7A/KRAS/PHF21A","0.3524878575836192"
"HP_DEEPLY_SET_EYE","HP_DEEPLY_SET_EYE","250","-0.2836184451787037","-1.376948442440034","0.0102703360768292093624376","0.209510909528131228363","0.133028661534128650468","3012","tags=32%, list=21%, signal=26%","KIDINS220/ABL1/HACE1/BRCC3/LEMD3/TOGARAM1/H4C5/SATB2/LRRC8C/ERCC8/KCNAB2/TMEM67/OPHN1/MEIS2/SYNGAP1/RAB3GAP2/DNM1L/SPOP/ASXL3/ZC4H2/MAPK1/KAT6A/WDR26/TBL1XR1/SUOX/IARS2/CRKL/SPIN4/OCRL/PIK3CA/FMR1/DNA2/POU4F1/TBC1D20/SCN4A/PHIP/CAMK2B/TRIM8/IPO8/PPP2R5D/TCF20/PRDM16/CEP57/PGAP1/TCF4/GATAD2B/FBN1/MED12L/WASF1/EXTL3/MAFB/AGL/EEF1A2/NOVA2/CHN1/CDKL5/GJA1/PYCR1/FRYL/WAC/CASZ1/NF1/NFIX/TRPM3/ANKRD17/GJA5/FBXO11/SLC9A6/STAT3/RALGAPA1/TPR/BBS2/SIN3A/CILK1/AP1S2/PAK1/RERE/PHF6/SH3PXD2B/DPYSL5/KMT2E","0.3807304007227924"
"HP_ABNORMAL_EKG","HP_ABNORMAL_EKG","119","0.3433344714691212","1.376597342240038","0.0377359869109166606859773","0.383669844436988427550","0.243610635796542435161","957","tags=14%, list=7%, signal=13%","LTBP2/CAVIN1/CITED2/TNNC1/PKP2/SLC2A1/PLXND1/ACADVL/LMNA/SCNN1A/SAA1/TMEM43/KCND3/COL6A1/LZTR1/CALM2/SLC1A3","0.3217759180753611"
"HP_SEPSIS","HP_SEPSIS","99","-0.3245418016465120","-1.374959242285325","0.0359604646857746707011572","0.375624628306108709896","0.238502336968313577437","3047","tags=33%, list=21%, signal=26%","LIG4/ALOX12B/SMARCD2/AIRE/SERAC1/MNX1/HLA-B/STK4/DOCK8/ADA/KRT5/NRTN/PKP1/CTLA4/CHD7/ABCA3/MYLK/EFL1/SEL1L/EXTL3/FOCAD/APC/RFX5/CTNNB1/IDH1/LRBA/SAMD9/TFRC/SEMA3D/ATP7A/SEMA3C/SREBF1/ERBB3","0.3217759180753611"
"HP_ABNORMALLY_FOLDED_HELIX","HP_ABNORMALLY_FOLDED_HELIX","90","-0.3236147239577740","-1.374353751688823","0.0477632790174681923223154","0.418198034980140742611","0.265534262511237129090","3014","tags=34%, list=21%, signal=27%","MED12/GNB1/PIGB/GNAI3/FOXP2/PLCB4/POGZ/NARS1/KIAA0586/CHUK/TASP1/FANCB/NFIA/KDM6A/CSNK2A1/CHD7/PGM2L1/SEMA3E/AMER1/KANSL1/SEC24C/ASXL2/NFIX/CBL/AMMECR1/SLC26A2/BCL11A/BCOR/DACT1/JMJD1C/SLC16A2","0.3217759180753611"
"HP_ABNORMALITY_OF_URINE_CALCIUM_CONCENTRATION","HP_ABNORMALITY_OF_URINE_CALCIUM_CONCENTRATION","55","-0.3653585841487018","-1.374329647560976","0.0487479393490793597165656","0.422608890737650566560","0.268334929259155696712","2785","tags=33%, list=19%, signal=26%","CLIP2/GTF2IRD1/METTL27/MEN1/PIK3C2A/OCRL/INSR/CDC73/RRAGD/MAGED2/EHHADH/GTF2I/CDKN1B/AMMECR1/KCNJ10/MLXIPL/KCNJ5/TNFRSF11B","0.3217759180753611"
"HP_HYPOPLASIA_OF_PENIS","HP_HYPOPLASIA_OF_PENIS","355","-0.2713783119967604","-1.372714663169295","0.0034472095301375385925646","0.128564720530028875345","0.081631991055447369887","2785","tags=30%, list=19%, signal=25%","CLIP2/SATB2/CFAP418/ERCC8/GTF2IRD1/KCNAB2/MADD/OPHN1/CDC42BPB/RAB3GAP2/CYB5A/MYRF/CDON/SMCHD1/METTL27/POGZ/UBA1/DAG1/TBL1XR1/KIAA0586/ORC4/HERC1/PTPN11/DLL1/LARGE1/FANCB/PAFAH1B1/B4GAT1/DNA2/SOX9/TBC1D20/NPHP1/KDM6A/SMC3/TRIM8/IFIH1/PRDM16/CHD7/MCTP2/FREM2/KLHL15/BLTP1/ATP6V1A/SEMA3E/TCF4/NSD1/PPP1R12A/CRIPTO/GTF2I/IFT80/RAD21/ARL6/SEL1L/LMX1B/GPC3/AR/BBS10/CDKL5/RLIM/PRRX1/PTCH1/TSPYL1/CCDC28B/UBR1/SHH/CASZ1/BBS4/BBS9/SC5D/TRPM3/ROBO1/SUZ12/GPR161/SCAPER/IL17RD/BBS2/SIN3A/CILK1/TCF12/DYNC2H1/STXBP1/SAMD9/SEMA3A/COG5/NIPBL/PBX1/MLXIPL/PLAG1/CACNA1E/HOXA13/SUFU/ATRX/HID1/TRIM32/THOC2/MBD5/DMXL2/FLRT3/CASK/DACT1/RERE/PHF6/GPC4/GNAO1/DPYSL5/PHF21A","0.4317076958033464"
"HP_SYNOSTOSIS_INVOLVING_BONES_OF_THE_UPPER_LIMBS","HP_SYNOSTOSIS_INVOLVING_BONES_OF_THE_UPPER_LIMBS","111","-0.3151212087905798","-1.372485748694654","0.0307445505152828327255499","0.343067203239812656967","0.217830045060834115445","2445","tags=27%, list=17%, signal=23%","MAF/HOXA11/METTL27/BPNT2/RIT1/PTPN11/MAP3K7/SMC3/ANAPC1/GTF2I/RAD21/COL27A1/SOS2/PRKACB/DYNC2LI1/SHH/APC/FGFRL1/CBL/TCF12/BRAF/NIPBL/SPRED2/MLXIPL/HOXA13/CSGALNACT1/LMBR1/BCOR/ATP7A/KRAS","0.3524878575836192"
"HP_ABNORMAL_FONTANELLE_MORPHOLOGY","HP_ABNORMAL_FONTANELLE_MORPHOLOGY","182","0.3188483654058170","1.372077236053357","0.0309587600896946077422278","0.344075659636865871516","0.218470363051995825066","2336","tags=22%, list=16%, signal=19%","WNT5A/CAV1/ACTB/ACTG1/MID1/COL1A1/CCN2/LMNA/FLNA/ALPL/BANF1/HPGD/CRTAP/GPX4/MPDU1/GLI2/NAA10/SMG9/IGF2/ALG1/ATP6V0A2/HRAS/MYCN/ETFB/GLI3/SLC25A19/GRB10/P3H1/ERCC1/PEX12/SLC25A24/SUPT7L/PAX8/PEX6/CDH11/POR/ZFX/PAM16/EBP/FGFR2","0.3524878575836192"
"HP_NEOPLASM_OF_THE_LIVER","HP_NEOPLASM_OF_THE_LIVER","122","-0.3085702764568385","-1.371371803588761","0.0318990096804124892426735","0.351711898400897227113","0.223318982268159965665","2365","tags=29%, list=17%, signal=24%","BRCA1/CHEK2/HFE/JAK2/TULP3/PIK3CA/KCNJ11/VHL/MSH6/TCF4/EPCAM/PALLD/APPL1/CASP10/PMS1/POU2AF1/PKHD1/GPC3/NEUROD1/ABCC8/MSH2/PHKB/APC/TNFSF15/NPAT/ABCB4/BMP2/CTNNB1/BMPR1A/SMARCC2/SEMA4D/SKIC3/ARID2/GPC4/KRAS","0.3217759180753611"
"HP_HEPATOCELLULAR_CARCINOMA","HP_HEPATOCELLULAR_CARCINOMA","65","-0.3496729821762222","-1.366757555505379","0.0462551541458583598265264","0.418198034980140742611","0.265534262511237129090","2352","tags=34%, list=16%, signal=28%","CHEK2/HFE/JAK2/TULP3/PIK3CA/MSH6/TCF4/EPCAM/CASP10/PMS1/POU2AF1/MSH2/PHKB/APC/TNFSF15/NPAT/ABCB4/BMP2/CTNNB1/BMPR1A/SEMA4D/KRAS","0.3217759180753611"
"HP_ABNORMAL_FETAL_PHYSIOLOGY","HP_ABNORMAL_FETAL_PHYSIOLOGY","261","-0.2779333767871500","-1.365854600504044","0.0051241490072325380708551","0.153959834410452134357","0.097756583405450389601","2730","tags=26%, list=19%, signal=21%","KIF21A/CHRNA1/NDUFS1/SYNGAP1/CDC42BPB/SELENON/YWHAG/ABCC6/DNM1L/ZC4H2/KCNA2/PREPL/UBA1/VPS13B/PAX7/ZBTB42/CHUK/CACNA2D1/PEX3/SNUPN/PPP3CA/MAP3K7/DNA2/CELF2/ADCY6/GGPS1/CYFIP2/SLC38A3/SCN4A/SMC3/CAMK2B/IPO8/PRUNE1/AFF2/ATP6V1A/NSD1/GABRB2/RAD21/SNAP25/EXTL3/PEX2/EEF1A2/FKBP14/ENPP1/TRPV4/NFASC/KIF5C/DOCK6/SCYL2/FGFRL1/ABCB4/ASNS/ERGIC1/AP1S2/DNM1/NIPBL/GFPT1/CDK19/SYNE1/TUBA1A/THOC2/MAP3K20/CHRND/SLC16A2/DPYSL5/SCN3A/ERBB3","0.4070179189239539"
"HP_BILIARY_TRACT_ABNORMALITY","HP_BILIARY_TRACT_ABNORMALITY","100","-0.3151499767572265","-1.358727067333056","0.0470710575824324212179661","0.418198034980140742611","0.265534262511237129090","3496","tags=43%, list=24%, signal=33%","GPR35/STX5/PEX5/KIF12/ABCD1/BMP6/XIAP/LMBRD1/MST1/MED12/ARSA/TMEM67/BRCA1/DOCK8/HFE/LBR/RFXAP/PSAP/IFT140/ITCH/PI4KA/PEX1/TCF4/HSD17B4/PTPN3/ARL6/USP9X/PEX2/POU2AF1/REL/PKHD1/MAP2K1/WDR19/FOCAD/CCDC28B/FGFRL1/TNFSF15/RFX5/ABCB4/BRAF/SEMA4D/RNF43/SCARB2","0.3217759180753611"
"HP_NARROW_PALATE","HP_NARROW_PALATE","195","-0.2904304583215710","-1.358568753064603","0.0101092090379279568590487","0.209510909528131228363","0.133028661534128650468","2773","tags=29%, list=19%, signal=23%","RUNX2/SOX5/MADD/FOXP2/ADNP/ABCD3/MPLKIP/SETD5/ABCC6/NOTCH3/BRCA1/ASXL3/MAPK1/VPS13B/KIF26A/ORC4/CRKL/PTPN11/LRP12/OCRL/MAP3K7/KDM6A/PEX1/IPO8/ASXL1/PRUNE1/MYLK/NSD1/GNE/FBN1/MED12L/AMER1/TBC1D24/ARL6/KANSL1/CCBE1/GPC3/MAP2K1/SPRED1/CCDC28B/APC/CTNNB1/BMPR1A/TGFBR1/SIN3A/BRAF/SLC25A12/SPRED2/COPB1/BCOR/ARID2/TAOK1/CHD6/GPC4/ATP7A/DPYSL5","0.3807304007227924"
"HP_ABNORMALITY_OF_THE_PULMONARY_ARTERY","HP_ABNORMALITY_OF_THE_PULMONARY_ARTERY","128","-0.3074534149912377","-1.358232833364936","0.0180863637510285633902551","0.275358694149221150393","0.174838621086402024041","2413","tags=27%, list=17%, signal=22%","METTL27/CIROZ/KITLG/RIT1/PTPN11/GPC6/PIK3CA/BCL11B/IPO8/CHD7/ACVR2B/FBN1/GTF2I/NOTCH1/SOS2/BMPR2/POLA1/SNX10/FRYL/STRA6/DOCK6/CBL/CEP295/ADAMTS19/TGFBR1/DLL4/BRAF/SPRED2/MLXIPL/RBPJ/SKIC3/BCOR/TAOK1/KRAS","0.3524878575836192"
"HP_NARROW_PALPEBRAL_FISSURE","HP_NARROW_PALPEBRAL_FISSURE","68","-0.3430213564207240","-1.357650707092113","0.0381655068611234868369841","0.386312789849295457056","0.245288770321846288924","2647","tags=28%, list=19%, signal=23%","CDC42BPB/ADNP/SPOP/KMT2A/KIF26A/TBL1XR1/GPC6/PIK3CA/ADAMTSL2/GATAD2B/PYCR1/DOCK6/FBXO11/PCGF2/ARID2/ZMYM2/MED13/RFX7/PHF6","0.3217759180753611"
"HP_BRACHYDACTYLY","HP_BRACHYDACTYLY","359","-0.2695735789542287","-1.357468582507638","0.0045212719179569373431637","0.146016427730311676436","0.092712928346817477521","2253","tags=27%, list=16%, signal=23%","KIF26A/RAB23/BPNT2/KIAA0586/LBR/TASP1/IARS2/RIT1/PTPN11/RBBP8/PPP3CA/MBTPS1/PIK3CA/ADAMTSL2/MAP3K7/NPHP1/KDM6A/IFT140/SMC3/IFT81/FAM149B1/CSNK2A1/INPPL1/PRDM16/CHD7/SHOC2/NBAS/SEMA3E/FBN1/IFT80/RAD21/NOTCH1/PLCB3/ARL6/SOS2/EXTL3/MAFB/PRKACB/DYNC2LI1/CEP120/TRPV4/TOPORS/BBS10/CHN1/DDX3X/MYSM1/NIN/DYM/GJA1/MAP2K1/WDR19/RLIM/PTCH1/CCDC28B/DOCK6/RB1/WAC/CASZ1/BBS4/BBS9/PUM1/GJA5/CBL/BMP2/POP1/SCAPER/REV3L/RDH11/MSX2/CHST11/KDM1A/BBS2/DLL4/SIN3A/CILK1/TCF12/DYNC2H1/BRAF/NIPBL/SPRED2/HOXA13/SUFU/FBXW11/SLC26A2/CSGALNACT1/CAMK2G/ATRX/TRIM32/RBPJ/ARID2/DBH/RERE/GPC4/ATP7A/KRAS/SH3PXD2B/DPYSL5","0.4070179189239539"
"HP_HEADACHE","HP_HEADACHE","287","-0.2748892036391636","-1.356769906418646","0.0046260545840318030574867","0.146016427730311676436","0.092712928346817477521","1968","tags=21%, list=14%, signal=18%","MARCHF6/CTSH/PIK3CA/SMARCAL1/SCN5A/MTHFR/NUP205/VHL/CDC73/CTLA4/TBK1/IFIH1/ASXL1/MSH6/MVK/ZFHX2/EPCAM/XPR1/TRANK1/MYORG/AMER1/GNAQ/ALK/APOL1/CASP10/ERAP1/PMS1/MSH2/SAMD12/EPOR/USP8/TLR4/EPAS1/SLC6A19/NF1/CDKN1B/NFIX/NPAT/CD46/GAPVD1/MSX2/CTNNB1/CNNM2/TBC1D8B/KCNJ10/BMPR1A/KLRC4/KIF1B/PTPRO/BRAF/COPB1/SUFU/APP/ATRX/CD2AP/MAP3K20/TET2/KRAS/KCNJ5/SAT1","0.4070179189239539"
"HP_PRURITUS","HP_PRURITUS","123","-0.3067687178418664","-1.355670664394548","0.0278860908148024291830502","0.329008506704579817281","0.208903495187089255358","3132","tags=34%, list=22%, signal=27%","LIPA/MST1/LIG4/ALOX12B/MED12/MYO5B/SCN9A/SOX5/TRPM4/RUNX1/FECH/BRCA1/LBR/JAK2/ADA/KRT5/PKP1/CTLA4/ASXL1/CHD7/MVK/TCF4/GSN/PTPN3/ALK/IL31RA/POU2AF1/PKHD1/EPOR/EPAS1/USP53/TNFSF15/ABCB4/CBL/PLCG2/CTNNB1/STAT3/BRAF/SEMA4D/LRP1/TET2/SAT1","0.3524878575836192"
"HP_SEROSITIS","HP_SEROSITIS","78","-0.3337553233830874","-1.355338296710737","0.0434772480072421682595341","0.406722941626668943460","0.258248167895784308534","2548","tags=28%, list=18%, signal=23%","HLA-B/MAF/BRCA1/CR2/NUP133/JAK2/NUP205/CTLA4/MVK/NOD2/APOL1/ERAP1/PXK/FOCAD/TLR4/NF1/GAPVD1/TBC1D8B/KLRC4/PTPRO/CD2AP/DOCK11","0.3217759180753611"
"HP_BROAD_BASED_GAIT","HP_BROAD_BASED_GAIT","108","-0.3114985633650518","-1.354473625953564","0.0388521450201048251793523","0.388080583429574799137","0.246411228404734811148","3515","tags=36%, list=25%, signal=27%","ZSWIM6/PEX5/ADGRG1/CAMTA1/UROC1/MED12/HACE1/PPM1D/NAT8L/PURA/SATB2/NRXN1/YWHAG/DNAJC12/KMT2A/CCDC88C/WDR26/FLVCR1/NBEA/TRIM2/EGR2/TMEM106B/CHD3/WASF1/CERT1/SEL1L/COPB2/PPFIA3/SGCB/TRPV4/DDX3X/RLIM/GPT2/TPR/BCL11A/THRA/TBC1D23/RFX7/BCORL1","0.3217759180753611"
"HP_PROFOUND_INTELLECTUAL_DISABILITY","HP_PROFOUND_INTELLECTUAL_DISABILITY","104","-0.3103420909788704","-1.352542990660986","0.0443486624135489976294977","0.409377935269255477380","0.259933952428200165663","2723","tags=27%, list=19%, signal=22%","GUF1/IER3IP1/SEPSECS/ASXL3/NUP133/CACNA2D1/LARGE1/PAFAH1B1/TBC1D20/CCDC88A/IFIH1/ASXL1/PRUNE1/ATP6V1A/CHD8/FAR1/GAD1/CDKL5/MED23/STRA6/SLC9A6/WASHC4/STXBP1/AP1S2/DMXL2/ADAM22/SLC39A8/PCDH19","0.3217759180753611"
"HP_ABNORMAL_EARLOBE_MORPHOLOGY","HP_ABNORMAL_EARLOBE_MORPHOLOGY","137","-0.2962238426130229","-1.350387212121910","0.0255135400683234002394695","0.322518467619523518941","0.204782653867972619377","2314","tags=27%, list=16%, signal=23%","MAPK1/VPS13B/KAT6A/DHCR24/TBL1XR1/CENPE/CRKL/RBBP8/PIK3CA/DNA2/KDM6A/PHIP/CNTNAP2/CHD7/PGM2L1/SEMA3E/CEP152/GPC3/SEC24C/NIN/GJA1/HS2ST1/DOCK7/CEP295/KMT2C/RDH11/SIN3A/BRAF/PTPRF/MLXIPL/SLC26A2/HIVEP2/ZMYM2/RERE/PHF6/GPC4/JMJD1C","0.3524878575836192"
"HP_FINGER_CLINODACTYLY","HP_FINGER_CLINODACTYLY","426","-0.2641862464094912","-1.348934212419373","0.0016637938684444929671874","0.090644142421039672342","0.057554372559108987750","2445","tags=26%, list=17%, signal=22%","MAF/HOXA11/METTL27/SPOP/BRCA1/KMT2A/ZC4H2/MAPK1/VPS13B/WDR26/RAB23/AP1G1/ORC4/CENPE/CRKL/RIT1/PTPN11/RBBP8/XRCC2/FANCB/PAFAH1B1/MAP3K7/DNA2/NPHP1/KCNJ11/KDM6A/PHIP/IFT140/SMC3/FAM149B1/CSNK2A1/TCF20/PRDM16/CHD7/MCTP2/KIFBP/AFF2/CEP57/SEMA3E/TCF4/CEP152/GTF2I/AMER1/CHD8/RAD21/TBC1D24/ARL6/COL27A1/SOS2/PPFIA3/PRKACB/LMX1B/ATP2B1/GPC3/TRPV4/TOPORS/BBS10/POLA1/ABCC8/NIN/DYM/GJA1/WDR19/SPRED1/UBR1/RB1/CASZ1/NFIX/BBS4/BBS9/TRPM3/GJA5/CBL/CEP295/KDM5A/BMP2/SCAPER/REV3L/CTNNB1/KDM1A/AMMECR1/TPR/BBS2/SIN3A/BRAF/COG5/NIPBL/SPRED2/MLXIPL/PLAG1/HOXA13/DLX3/CLCN3/SLC26A2/CSGALNACT1/ATRX/STAG2/TRIM32/BCOR/MBD5/ZNF292/DACT1/ZMYM2/CHD6/RERE/GPC4/KRAS/SH3PXD2B/PHF21A","0.4550598673872295"
"HP_SPARSE_SCALP_HAIR","HP_SPARSE_SCALP_HAIR","137","0.3238255476885944","1.348460407605621","0.0388639760837070219468004","0.388080583429574799137","0.246411228404734811148","2427","tags=23%, list=17%, signal=19%","CAV1/ITGA3/EXT1/RIN2/EIF5A/DPH2/HR/LMNA/DKC1/ODC1/BANF1/ATRIP/DPH1/KRT17/FAS/SOX4/TRAIP/CLDN1/KRT74/LTV1/SMARCD1/AXIN2/PCNT/SLC25A24/TRPS1/B4GALT7/SNRPE/NTRK1/NFKBIA/RPL21/TP53","0.2820133500117251"
"HP_FETAL_ULTRASOUND_SOFT_MARKER","HP_FETAL_ULTRASOUND_SOFT_MARKER","124","-0.3003163359383952","-1.346984077339538","0.0419500850541718872666053","0.401925211458677933418","0.255201855777302144546","2253","tags=27%, list=16%, signal=23%","KIF26A/ZBTB42/LBR/PEX3/RIT1/PTPN11/FGF13/SLC30A9/FBXL4/FANCB/GRN/ADAMTSL2/MAPT/PI4KA/PEX1/MCTP2/TMEM106B/FBN1/TBC1D24/SOS2/PEX2/ENPP1/CHMP2B/ASXL2/CBL/BRAF/SPRED2/CLCN3/SLC26A2/THOC2/ZBTB18/DOCK11/KRAS/DPYSL5","0.3217759180753611"
"HP_ATHETOSIS","HP_ATHETOSIS","160","-0.2923650049421248","-1.346952056409350","0.0225432041174201958089185","0.307795049829248212880","0.195434040154923410748","2569","tags=26%, list=18%, signal=22%","CYB5A/SEPSECS/EPRS1/YME1L1/DNM1L/TMEM151A/SUOX/IARS2/SLC30A9/FBXL4/SETX/SLC25A42/POU3F3/TRIM8/TMEM106B/XPR1/MYORG/ACO2/KIF5A/PPFIA3/PEX2/ABCC8/CDKL5/PYCR1/MED23/TRAPPC11/UBQLN2/TRPM3/KCNJ10/EIF2AK2/VPS13A/STXBP1/IREB2/AP1S2/CACNA1E/IRF2BPL/DMXL2/CASK/GRIK2/GNAO1/SLC16A2/DPYSL5","0.3524878575836192"
"HP_STATUS_EPILEPTICUS","HP_STATUS_EPILEPTICUS","186","-0.2857298657919096","-1.346693533146141","0.0126095042411290877287788","0.226037768841860886582","0.143522367942162276666","3034","tags=30%, list=21%, signal=24%","VAMP2/TRAK1/AARS1/GNB1/KCNQ2/SCN9A/SYNGAP1/YWHAG/TICAM1/DNM1L/MEN1/ALDH4A1/KCNA2/DHCR24/CACNA2D1/IARS2/AGO1/FGF13/PPP3CA/PIK3CA/PSAP/CELF2/SMARCAL1/TBC1D20/CYFIP2/SLC38A3/KCNJ11/CCDC88A/ASAH1/TBK1/CNTNAP2/PGM2L1/ATP6V1A/GABRB2/CACNB4/TBC1D24/EEF1A2/KCTD7/ABCC8/ADGRV1/CDKN1B/PUM1/OGDHL/SATB1/CHD2/ATP1A1/CILK1/STXBP1/DNM1/SLC25A12/CDK19/CACNA1E/KCNT1/AKT3/PCDH19/SCN3A","0.3807304007227924"
"HP_CONGENITAL_ABNORMAL_HAIR_PATTERN","HP_CONGENITAL_ABNORMAL_HAIR_PATTERN","298","-0.2725539459923088","-1.345473059109927","0.0037115239221529247592990","0.133064118938089059885","0.084488877836575423941","2700","tags=29%, list=19%, signal=24%","MADD/MEIS2/CDC42BPB/ADNP/RAB3GAP2/SETD2/SETD5/NOTCH3/SPOP/PIK3C2A/BRCA1/KMT2A/ZC4H2/MAPK1/VPS13B/TBL1XR1/RIT1/WBP11/RBL2/PTPN11/MAP3K7/CDH1/YY1/TBC1D20/INSR/KDM6A/IFT140/SMC3/PEX1/CNTNAP2/IFIH1/ASXL1/SHOC2/FREM2/PGAP1/TCF4/NSD1/ALG11/GNE/KCNN3/ARHGEF2/RAD21/DLX4/TBC1D24/SOS2/MAFB/GDF11/NOVA2/LMX1B/CHN1/POLA1/LRP2/MAP2K1/SPRED1/UBR1/DOCK6/NF1/APC/NFIX/FGFRL1/TRPM3/HS2ST1/ANKRD17/DOCK7/CBL/FBXO11/KDM1A/SLC12A6/RALGAPA1/SATB1/SMARCC2/SIN3A/TCF12/BRAF/COG5/NIPBL/SPRED2/CLCN3/SLC26A2/STAG2/ARID2/MBD5/RERE/KRAS/KREMEN1","0.4317076958033464"
"HP_UNSTEADY_GAIT","HP_UNSTEADY_GAIT","179","-0.2918552324980933","-1.345299309086776","0.0144973161221375618917806","0.243882154833298558927","0.154852636087557254951","2989","tags=31%, list=21%, signal=25%","TRAK1/HACE1/AARS1/CLCN4/NAT8L/ATXN2/ERCC8/SYNGAP1/YWHAG/ALDH4A1/KCNA2/CCDC88C/DAG1/CACNA2D1/SNUPN/PPP3CA/ADSS1/RUSC2/CELF2/ATP6AP2/POU4F1/BCL11B/GDAP1/CYFIP2/SLC38A3/MAPT/PDHX/PEX1/CYP2U1/DOCK3/PPP2R5D/VPS13D/GJB1/ATP6V1A/XPR1/GABRB2/CHD3/MYORG/MATR3/RNF170/PEX2/EEF1A2/MME/KIF1A/KPNA3/CHD2/DNM1/CRAT/CDK19/MAST1/STAG2/PAK1/CASK/SCARB2/ATP7A/SCN3A","0.3807304007227924"
"HP_HEART_BLOCK","HP_HEART_BLOCK","106","0.3425051620632384","1.345213412161809","0.0432766615146831512550563","0.406536338632603133636","0.258129684583412899457","853","tags=15%, list=6%, signal=14%","CITED2/TNNC1/PKP2/CAPNS1/ACADVL/LMNA/SCNN1A/BANF1/PLEC/SLC25A20/GPX4/TMEM43/KCND3/DMPK/LEMD2/CALM2","0.2712885546889530"
"HP_ABNORMAL_SCAPULA_MORPHOLOGY","HP_ABNORMAL_SCAPULA_MORPHOLOGY","154","0.3217875401596874","1.343162612075870","0.0398293029871977233291602","0.393828179181241577744","0.250060656358656319131","3022","tags=31%, list=21%, signal=25%","TBX3/ACTB/EFNB1/EXT1/LMNA/FLNA/SQSTM1/RPS26/RPL35/GPX4/PUS1/TMEM43/SEPTIN9/COL6A1/TPM3/RPL8/FLNB/COL6A3/RPL26/ATP6V0A2/WDR35/SF3B4/RPS19/TOP3A/POMT2/RPS7/PCNT/RPL27/TRPS1/VCP/TWNK/RYR3/RPS10/RPS28/POR/ANXA11/FGFR2/RPL11/TSR2/HSPB8/TPM2/CRPPA/RPL18/BIN1/POLG/RPS24/PSMB8/CAPN3","0.2712885546889530"
"HP_MEMORY_IMPAIRMENT","HP_MEMORY_IMPAIRMENT","133","-0.2989984462153904","-1.343091572506547","0.0323247320293166620630565","0.354986819765966188367","0.225398389048483971386","1967","tags=29%, list=14%, signal=25%","CTSH/PIK3CA/GRN/PSAP/FMR1/POU4F1/YY1/MAPT/MSH6/TMEM106B/GSN/EPCAM/XPR1/TRANK1/GNE/MYORG/ABCA7/ERAP1/PMS1/NIPA1/TIA1/CHMP2B/MSH2/USP8/TLR4/TTPA/NF1/NPAT/KDM1A/ATXN1/BMPR1A/KLRC4/BRAF/SPAST/SUFU/APP/ATRX/KRAS","0.3217759180753611"
"HP_LONG_PHILTRUM","HP_LONG_PHILTRUM","396","-0.2615317446976139","-1.340748410475283","0.0029976548556996359187754","0.118141617256190614715","0.075013856082554605798","2801","tags=30%, list=20%, signal=25%","DLL3/CLIP2/SATB2/PIGB/CFAP418/GTF2IRD1/KCNAB2/MADD/FOXP2/MEIS2/SYNGAP1/ADNP/RAB3GAP2/RIC1/SETD5/NOTCH3/MAF/METTL27/KMT2A/GLB1/ZC4H2/MAPK1/KIF26A/CLCN6/AP1G1/TASP1/IARS2/FBXL4/OCRL/GPC6/ADAMTSL2/MAP3K7/HES7/POU4F1/BCL11B/ARSK/SOX9/TBC1D20/NPHP1/KCNJ11/PHIP/SMC3/IFT81/TRIM8/CRLF1/PPP2R5D/INPPL1/PRDM16/NBAS/PGM2L1/ATP6V1A/NSD1/ALG11/PPP1R12A/GNE/ARHGEF2/FBN1/GTF2I/HSD17B4/CHD8/IFT80/RAD21/FAR1/TBC1D24/ARL6/USP9X/EXTL3/AP3B1/GAD1/SEC24C/BBS10/ABCC8/GJA1/MAP2K1/PTCH1/PYCR1/FRYL/UBR1/CASZ1/NF1/APC/BBS4/BBS9/SC5D/GJA5/CBL/CEP295/SUZ12/BMP2/FBXO11/SCAPER/CTNNB1/IDH1/BBS2/CHD2/SIN3A/DYNC2H1/BRAF/CNOT1/NIPBL/SPRED2/MLXIPL/CLCN3/SLC26A2/GNPTAB/CSGALNACT1/CAMK2G/SYNE1/STAG2/TRIM32/SKIC3/BCOR/CASK/RFX7/RERE/ATP7A/JMJD1C/KRAS","0.4317076958033464"
"HP_SYNDACTYLY","HP_SYNDACTYLY","392","-0.2623622859585609","-1.337335282726462","0.0052034218735963365040642","0.154627889580614130693","0.098180764109537646545","2471","tags=25%, list=17%, signal=21%","SETD5/MYRF/DLX6/HOXA11/BRCA1/POGZ/KMT2A/MAPK1/VPS13B/KAT6A/NARS1/RAB23/DLX5/CHUK/AP1G1/CCND2/CRKL/RBBP8/XRCC2/FANCB/PIK3CA/HES7/PIBF1/CDH1/NPHP1/PHIP/BTRC/IFT140/SMC3/IFT81/ARL6IP6/FAM149B1/ASXL1/FDFT1/MCTP2/KIFBP/NBAS/FREM2/BLTP1/NSD1/PPP1R12A/GNE/IFT80/RAD21/CERT1/TBC1D24/NOTCH1/ARL6/DYNC2LI1/CEP120/CCBE1/GPC3/TOPORS/BBS10/GJA1/WDR19/CCDC28B/SHH/DOCK6/RB1/CDH3/APC/BBS4/BBS9/SC5D/PUM1/CEP295/SUZ12/KDM5A/BMP2/FBXO11/SCAPER/REV3L/SLC12A6/SATB1/BBS2/DLL4/CHD2/SIN3A/CILK1/DYNC2H1/NIPBL/PLAG1/FBXW11/CSGALNACT1/LMBR1/TRIM32/RBPJ/BCOR/MAP3K20/DACT1/SLC39A8/RFX7/RERE/GPC4/DPYSL5/PHF21A/KCNJ5","0.4070179189239539"
"HP_APLASIA_HYPOPLASIA_OF_TOE","HP_APLASIA_HYPOPLASIA_OF_TOE","126","-0.2990184614870278","-1.336581982887020","0.0337932077292623367359425","0.361828237671504460149","0.229742337862505863200","2645","tags=29%, list=19%, signal=23%","ADNP/RAB3GAP2/ADAMTS2/KMT2A/KAT6A/DLX5/BPNT2/TBL1XR1/ADA/SOX9/IFT140/ASAH1/ASXL1/CHD7/KCNN3/WASF1/NOTCH1/GPC3/TRPV4/GJA1/DOCK6/APC/FGFRL1/ROBO1/BMP2/CHST11/TPR/DLL4/HOXA13/SLC26A2/LMBR1/RBPJ/MAP3K20/DACT1/PHF6/GPC4","0.3217759180753611"
"HP_IMPAIRED_PROPRIOCEPTION","HP_IMPAIRED_PROPRIOCEPTION","139","-0.2976467220577711","-1.336301035842174","0.0259085511264561113575766","0.323576289270402162046","0.205454316258609687162","2163","tags=26%, list=15%, signal=22%","DNAJC3/BAG3/FLVCR1/HK1/FMR1/POU4F1/SETX/PLD3/GDAP1/PI4KA/B4GALNT1/VPS13D/EGR2/CPT1C/RFC1/KIF5A/PLS1/LRSAM1/RNF170/XK/NIPA1/KLHL9/TTPA/WDR48/KIF1A/DHTKD1/ATXN1/SLC12A6/KPNA3/VPS13A/ATP1A1/SPAST/IRF2BPL/SYNE1/PDK3/ERBB3","0.3524878575836192"
"HP_ABNORMALITY_OF_MOUTH_SIZE","HP_ABNORMALITY_OF_MOUTH_SIZE","392","-0.2617569198103900","-1.334249559083068","0.0056272520779204714125310","0.160362255369251582859","0.101821791716775980619","3079","tags=33%, list=22%, signal=27%","RPS6KA3/SPEG/PACS1/LIG4/RIPK4/MED12/PPM1D/TLK2/TMLHE/TMEM70/H4C5/CLIP2/SATB2/PIGB/GTF2IRD1/KCNAB2/TMEM67/GNAI3/MADD/FOXP2/SYNGAP1/NRXN1/CDC42BPB/ADNP/AFF3/PHACTR1/FAM20C/SOX6/PLCB4/SLC12A2/ZNF526/PSPH/KDM3B/MAF/METTL27/POGZ/ASXL3/GLB1/MAPK1/KAT6A/WDR26/DHCR24/BPNT2/TASP1/ORC4/IARS2/CCND2/CRKL/PAFAH1B1/PIK3CA/NFIA/ADAMTSL2/MAP3K7/POU4F1/BCL11B/SOX9/TBC1D20/NMNAT1/INSR/IFT140/CRLF1/CNTNAP2/ASXL1/PRDM16/CHD7/CEP57/FREM2/KLHL15/SEMA3E/PGAP1/TCF4/GATAD2B/KCNN3/FBN1/MED12L/GTF2I/HNRNPH2/PPFIA3/EXTL3/LMX1B/CCBE1/GPC3/SEC24C/ZNF148/POLA1/DYM/TRIM33/GJA1/MAP2K1/RLIM/PRRX1/PTCH1/SCYL2/WAC/CASZ1/APC/NFIX/TRPM3/HS2ST1/BMP2/FBXO11/PCGF2/AMMECR1/BMPR1A/RALGAPA1/SMARCC2/CHD2/SIN3A/STXBP1/AP1S2/SPRED2/CDK19/ECEL1/CLCN3/SLC26A2/GNPTAB/ATRX/SKIC3/ARID2/MBD5/DACT1/HIVEP2/AKT3/CHD6/MED13/RERE/GPC4/HDAC9/JMJD1C/SH3PXD2B/DPYSL5","0.4070179189239539"
"HP_ABNORMAL_NIPPLE_MORPHOLOGY","HP_ABNORMAL_NIPPLE_MORPHOLOGY","236","-0.2746486532124673","-1.334146198267335","0.0137647100500756357915888","0.237635210752778547327","0.150886147604538445322","2335","tags=25%, list=16%, signal=21%","ASXL3/ZC4H2/KAT6A/TBL1XR1/KIAA0586/LBR/PEX3/RIT1/PTPN11/SPIN4/EDA/INSR/KDM6A/SMC3/PPP2R5D/ASXL1/TCF20/CHD7/KIFBP/FREM2/TCF4/NSD1/ALG11/GNE/ARHGEF2/AMER1/RAD21/WASF1/CERT1/USP9X/SOS2/EXTL3/KANSL1/GDF11/PEX2/GPC3/ZNF148/MAP2K1/WDR19/UBR1/WAC/NF1/NFIX/HS2ST1/CBL/KDM1A/AMMECR1/IDH1/TNRC6B/CILK1/BRAF/NIPBL/PTPRF/SPRED2/GNPTAB/RERE/GPC4/KRAS/DPYSL5","0.3807304007227924"
"HP_CHRONIC_DIARRHEA","HP_CHRONIC_DIARRHEA","98","-0.3110950482555489","-1.332119932821289","0.0495649439191756663314337","0.426574444656205642445","0.270852852221806883470","3078","tags=34%, list=22%, signal=27%","ATM/LIG4/HACE1/MAN2B2/ATP5F1A/MADD/ADNP/CR2/IL2RA/ADA/JAK3/CYP27A1/PKP1/ITCH/ASAH1/IPO8/PPP2R5D/CHD7/MVK/EPCAM/ALK/COG6/REL/CARD8/POLA1/BACH2/LRBA/SAMD9/DNASE2/TFRC/ATP7A/SLC5A1/SREBF1","0.3217759180753611"
"HP_THIN_UPPER_LIP_VERMILION","HP_THIN_UPPER_LIP_VERMILION","305","-0.2676360421330450","-1.331757881558358","0.0063191296069848136920943","0.173838629831755492328","0.110378596997786390665","2686","tags=30%, list=19%, signal=25%","OPHN1/MEIS2/SYNGAP1/CDC42BPB/ADNP/AFF3/ZNF526/SETD5/KDM3B/MAF/POGZ/ASXL3/KMT2A/MAPK1/KAT6A/WDR26/TBL1XR1/CLCN6/TASP1/CENPE/CRKL/AGO1/OCRL/NFIA/HK1/ADAMTSL2/BCL11B/KDM6A/SMC3/CNTNAP2/PPP2R5D/IFIH1/CSNK2A1/TCF20/MCTP2/PGM2L1/GNE/CEP152/GATAD2B/ARHGEF2/FBN1/MED12L/RAD21/FAR1/TBC1D24/TRAPPC10/PHC1/SEL1L/USP9X/COPB2/PPFIA3/AGL/AP3B1/GAD1/NCAPD3/WDR19/WAC/ASXL2/HS2ST1/ANKRD17/GJA5/CEP295/BMP2/FBXO11/CTNNB1/KDM1A/PCGF2/AMMECR1/TPR/SMARCC2/TNRC6B/CHD2/SIN3A/WASHC4/NIPBL/PBX1/CUX1/CLCN3/SLC26A2/ATRX/STAG2/BCL11A/ARID2/MBD5/ZNF292/HIVEP2/MED13/RFX7/ZBTB18/SH3PXD2B/KCNJ5","0.4070179189239539"
"HP_ABNORMAL_URINE_CYTOLOGY","HP_ABNORMAL_URINE_CYTOLOGY","155","-0.2878935203552275","-1.331137611251841","0.0325797812284700713525432","0.354991851542369007966","0.225401583967934721064","2007","tags=20%, list=14%, signal=17%","OCRL/PIK3CA/HOGA1/SMARCAL1/IFT140/VHL/CTLA4/ADAMTS13/PPFIA3/COL4A5/LMX1B/GPC3/PXK/EPAS1/BICC1/NF1/CD46/AMMECR1/STAT3/KIF1B/LMAN1/PBX1/SPRY2/CD2AP/BCOR/F10/ACSL4/SCARB2/SLC5A1/SREBF1/SAT1","0.3217759180753611"
"HP_NEOPLASM_OF_THE_ENDOCRINE_SYSTEM","HP_NEOPLASM_OF_THE_ENDOCRINE_SYSTEM","128","-0.3007089123621491","-1.328437734436517","0.0230077554813990677040625","0.311839261488133179245","0.198001906740744110236","1966","tags=26%, list=14%, signal=22%","PIK3CA/YY1/KCNJ11/SCN4A/IFT140/VHL/CDC73/MSH6/EPCAM/ALK/CASP10/PMS1/ZNRF3/MSH2/USP8/EPAS1/BICC1/NF1/CDKN1B/APC/NPAT/CTNNB1/KDM1A/KCNJ10/IDH1/BMPR1A/KIF1B/SMARCC2/BRAF/SUFU/ATRX/ARID2/KRAS","0.3524878575836192"
"HP_ABNORMAL_ELBOW_MORPHOLOGY","HP_ABNORMAL_ELBOW_MORPHOLOGY","106","-0.3075671133145104","-1.325779826485282","0.0424268448517263821462286","0.403315041386804296053","0.256084326363273717675","2457","tags=33%, list=17%, signal=28%","ABCC6/LMBRD2/MAPK1/VPS13B/PTPN11/GPC6/MAP3K7/SOX9/PEX1/ASXL1/SHOC2/KLC4/ASPH/COL27A1/PPFIA3/EXTL3/PEX2/PRKACB/DYNC2LI1/ENPP1/LMX1B/EXOC6B/GJA1/MAP2K1/NF1/CBL/POP1/FBXO11/IDH1/BRAF/NIPBL/SPRED2/CLCN3/BCOR/KRAS","0.3217759180753611"
"HP_ABNORMAL_SHAPE_OF_THE_FRONTAL_REGION","HP_ABNORMAL_SHAPE_OF_THE_FRONTAL_REGION","406","-0.2610767046114705","-1.323613899591155","0.0027075277471389895024567","0.113125802186852350562","0.071829071258320012494","2393","tags=25%, list=17%, signal=21%","MEN1/SPOP/PRIM1/BRCA1/GLB1/PREPL/KAT6A/WDR26/DHCR24/DLX5/KIAA0586/LBR/AP1G1/HERC1/FBXL4/SMC5/OCRL/XRCC2/FANCB/GPC6/PAFAH1B1/PIK3CA/NFIA/HK1/FMR1/DNA2/SOX9/EDA/MTHFR/TRPV6/SCN4A/IFT140/SMC3/ITCH/IPO8/CNTNAP2/FAM149B1/PPP2R5D/INPPL1/TCF20/PRDM16/CEP57/NSD1/GNE/GATAD2B/CHD3/FBN1/AMER1/HSD17B4/IFT80/TBC1D24/EXTL3/TOPORS/ZNF148/GJA1/MAP2K1/WDR19/SNX10/PTCH1/PYCR1/FRYL/VDR/CASZ1/EDAR/APC/NFIX/GJA5/CBL/KDM5A/RAB39B/FBXO11/MSX2/CTNNB1/KDM1A/PCGF2/SEC24D/STAT3/BMPR1A/SIN3A/VANGL2/DYNC2H1/BRAF/PLAG1/CUX1/SUFU/DLX3/CLCN3/SLC26A2/CSGALNACT1/EPB41/STAG2/SKIC3/PAK1/ARID2/MBD5/CHD6/RFX7/RERE/BRWD3/KRAS/DPYSL5","0.4317076958033464"
"HP_POSITIONAL_FOOT_DEFORMITY","HP_POSITIONAL_FOOT_DEFORMITY","442","-0.2556960836869600","-1.322008515272240","0.0051255298481075479283264","0.153959834410452134357","0.097756583405450389601","1962","tags=21%, list=14%, signal=19%","TMEM107/HK1/MAP3K7/RUSC2/SMARCAL1/SOX9/VWA1/GDAP1/NPHP1/SCN4A/SMC3/TRIM2/PI4KA/PEX1/CRLF1/IPO8/IFIH1/PRUNE1/CHD7/MCTP2/BLTP1/ATP6V1A/SEMA3E/NSD1/FBN1/AMER1/HSD17B4/RAD21/NOTCH1/ARL6/TMTC3/SEL1L/PPFIA3/MAFB/KANSL1/PEX2/EEF1A2/FKBP14/LMX1B/GAD1/CCBE1/GPC3/TRPV4/SEC24C/BBS10/CHN1/ZNF148/DES/DYM/FA2H/PYCR1/USP8/DOCK6/SBF2/BBS4/BBS9/FGFRL1/SC5D/TRPM3/ROBO1/GJA5/PLOD2/SUZ12/KIF1A/SCAPER/REV3L/AMMECR1/TGFBR1/BBS2/DLL4/CILK1/ERGIC1/DYNC2H1/STXBP1/SAMD9/NIPBL/TSPOAP1/ECEL1/CLCN3/SLC26A2/GNPTAB/SYNE1/ATRX/LMBR1/TRIM32/THOC2/RBPJ/BCOR/MAP3K20/TBC1D23/GPC4/JMJD1C/SH3PXD2B","0.4070179189239539"
"HP_CONGESTIVE_HEART_FAILURE","HP_CONGESTIVE_HEART_FAILURE","216","0.3027209106127818","1.317740702272719","0.0403899721448467974305174","0.395850220827008214552","0.251344548898230657485","1794","tags=16%, list=13%, signal=14%","ANKRD1/CAV1/CITED2/TNNC1/TPM1/COL1A1/CCN2/SLC17A5/LMNA/FHL2/FLNA/JPH2/TUBB/SLC25A3/TXNRD2/VCL/TMEM43/MYD88/MLX/PPARG/ELN/ELAC2/VPS33A/BUD23/SLC22A5/GET3/MAX/RPS19/FLII/MRPL39/FXN/LIMK1/GTPBP3/TRIP4","0.2663506570885256"
"HP_ABNORMAL_UPPER_LIMB_BONE_MORPHOLOGY","HP_ABNORMAL_UPPER_LIMB_BONE_MORPHOLOGY","418","-0.2560591196015609","-1.311756818872735","0.0050575767885557305209021","0.153578984775979199284","0.097514763458060510493","2839","tags=29%, list=20%, signal=24%","FERMT1/SIL1/CLIP2/SATB2/RUNX2/SCN9A/GTF2IRD1/WNK1/TMEM67/MEIS2/ADNP/AFF3/RAB3GAP2/SETD5/MAF/HOXA11/METTL27/DNM1L/BRCA1/POGZ/GLB1/VPS13B/RAB23/BPNT2/IL2RA/KIAA0586/HFE/LBR/RIT1/PTPN11/XRCC2/RAB33B/FANCB/GPC6/ADAMTSL2/MAP3K7/FMR1/DNA2/CTSC/SOX9/IFT140/SMC3/ASAH1/IFT81/FAM149B1/IFIH1/ASXL1/INPPL1/CHD7/ANAPC1/NSD1/GATAD2B/FBN1/GTF2I/IFT80/RAD21/NOTCH1/COL27A1/USP9X/SOS2/PPFIA3/EXTL3/MAFB/LMX1B/GPC3/TRPV4/NHS/TOPORS/CHN1/CDKL5/MYSM1/DYM/EXOC6B/MAP2K1/WDR19/RLIM/PTCH1/RETREG1/SHH/DOCK6/APC/ASXL2/NFIX/FGFRL1/TRPM3/HS2ST1/ROBO1/GJA5/CBL/SUZ12/KIF1A/BMP2/FBXO11/REV3L/MSX2/AMMECR1/BMPR1A/DLL4/CILK1/TCF12/DYNC2H1/BRAF/SAMD9/NIPBL/SPRED2/MLXIPL/HOXA13/CLCN3/SLC26A2/GNPTAB/CSGALNACT1/LMBR1/RBPJ/BCOR/DACT1/RERE/GPC4/ATP7A/KRAS/SH3PXD2B/TNFRSF11B","0.4070179189239539"
"HP_FLOPPY_INFANT","HP_FLOPPY_INFANT","160","-0.2835094072648013","-1.306153515884413","0.0325154384129704501771307","0.354986819765966188367","0.225398389048483971386","3071","tags=32%, list=21%, signal=26%","PACS1/MED12/GNB1/CLCN4/H4C5/GAA/SATB2/SCN9A/AASS/ADNP/MAF/CDON/POGZ/ASXL3/GLB1/UBA1/DAG1/SUOX/IARS2/DLL1/LARGE1/KCNJ11/KDM6A/ITCH/PI4KA/ASAH1/TRIM8/ATP6V1A/ALG11/GATAD2B/CRIPTO/KCNN3/TBC1D24/USP9X/CDKL5/PTCH1/SHH/OPLAH/TRAPPC11/TNNT1/SARDH/BMP2/SMARCC2/COG5/CACNA1E/ATRX/STAG2/ARID2/DMXL2/CASK/PCDH19/GNAO1","0.3217759180753611"
"HP_HYPERMETROPIA","HP_HYPERMETROPIA","251","-0.2670380540349598","-1.305947929264783","0.0285148797814523576044099","0.330808323477099708310","0.210046286351493222133","3014","tags=32%, list=21%, signal=26%","MED12/KIDINS220/PPM1D/ATF6/H4C5/CLIP2/SATB2/ERCC8/GTF2IRD1/KCNAB2/MADD/ADNP/CNNM4/EPRS1/YME1L1/METTL27/POGZ/LMBRD2/ASXL3/ZC4H2/WDR26/TCTN2/TASP1/IARS2/GNAT2/ADAMTSL2/KRT5/BCL11B/YY1/NMNAT1/PHIP/IFT140/PRDM16/SHOC2/KIFBP/NBAS/PGM2L1/BLTP1/ATP6V1A/NSD1/PPP1R12A/GATAD2B/GUCY2D/PRSS56/CHD3/FBN1/MED12L/GTF2I/USP9X/PPFIA3/KANSL1/TRPV4/ZNF148/GJA1/WDR19/WAC/CASZ1/NFIX/ROBO1/GJA5/KMT2C/FBXO11/MSX2/CTNNB1/RORA/SATB1/SIN3A/BRAF/PBX1/CLCN3/CSGALNACT1/SYNE1/MBD5/TBC1D23/HIVEP2/SLC39A8/TAOK1/ZMYM2/RERE/ADGRL1","0.3524878575836192"
"HP_WEIGHT_LOSS","HP_WEIGHT_LOSS","338","-0.2600484414371623","-1.305788843032633","0.0052741557240060920469515","0.155896188076073693995","0.098986068480831398975","2626","tags=27%, list=18%, signal=23%","SELENON/SPG11/ABCD3/SYK/DCTN1/HLA-B/RUNX1/MEN1/BRCA1/CHEK2/CR2/TBL1XR1/IL2RA/HFE/CENPE/JAK2/LRP12/RBBP8/XRCC2/FANCB/PIK3CA/PSAP/DNA2/DNAJC13/NRTN/KCNJ11/VHL/CDC73/CTLA4/TBK1/CRLF1/PPARGC1A/IFIH1/ASXL1/MSH6/NNT/EHHADH/TCF4/EPCAM/CEP152/PALLD/NOD2/MATR3/BCL6/ALK/MAFB/ERAP1/COL4A5/PMS1/PKHD1/GPC3/TRPV4/CHMP2B/PXK/ABCC8/NIN/ZNRF3/MSH2/GJA1/MAP2K1/TLR4/EPAS1/TRAPPC11/RB1/NF1/CDKN1B/UBQLN2/NPAT/CBL/CEP295/SLC9A6/CTNNB1/STAT3/BMPR1A/KLRC4/KIF1B/VPS13C/VPS13A/BRAF/SEMA4D/GNPTAB/ATRX/BCOR/MAP3K20/TET2/SEMA3D/ATP7A/SEMA3C/KRAS/SLC5A1/SREBF1/ERBB3","0.4070179189239539"
"HP_DECREASED_FACIAL_EXPRESSION","HP_DECREASED_FACIAL_EXPRESSION","136","-0.2955584410730020","-1.304614751551235","0.0300860554742031389985346","0.339124158762975302928","0.215326414436994101331","2921","tags=30%, list=20%, signal=24%","VPS35/PURA/ATXN2/CC2D1A/SELENON/ABCD3/DCTN1/SMCHD1/SLC52A3/ASXL3/UBA1/LRP12/SLC6A3/LARGE1/FMR1/DNA2/ATP6AP2/BCL11B/DNAJC13/MAPT/ATP6V1A/XPR1/MYORG/CERT1/PPFIA3/SGCB/FA2H/SCYL2/TNNT1/OGDHL/REV3L/DNMT3B/DNAJC6/EIF2AK2/ERGIC1/TRIM32/MAP3K20/DMXL2/DDHD2/ATP7A/SLC16A2","0.3524878575836192"
"HP_DEVELOPMENTAL_REGRESSION","HP_DEVELOPMENTAL_REGRESSION","382","-0.2558210674420668","-1.303762616853677","0.0042185046173161926119644","0.141218253966422208068","0.089666334567734637395","3103","tags=27%, list=22%, signal=22%","TBC1D2B/ATM/ACOX1/CUBN/TRAK1/HACE1/AARS1/GNB1/TMLHE/KCNQ2/SERAC1/TUBB4A/ARSA/CLIP2/SCN9A/PTCD3/LNPK/GTF2IRD1/GUF1/NDUFS1/SYNGAP1/NRXN1/ADNP/PHACTR1/YWHAG/HLA-B/EPRS1/METTL27/DNM1L/CHEK2/CAMLG/GLB1/KCNA2/CACNA2D1/IARS2/PEX3/FGF13/SLC30A9/PPP3CA/PAFAH1B1/PIK3CA/PSAP/CELF2/SMARCAL1/SLC25A42/NBEA/CYFIP2/SLC38A3/CAMK2B/PEX1/ASAH1/TRIM8/IPO8/IFIH1/MSH6/PLCB1/ATP6V1A/EPCAM/LYRM7/GABRB2/GTF2I/HSD17B4/CHD8/L2HGDH/FAR1/HNRNPH2/WASF1/TBC1D24/PEX2/ERAP1/EEF1A2/PMS1/KCTD7/CDKL5/MSH2/ADGRV1/TLR4/TRAPPC11/TTPA/NPAT/TANC2/FBXO11/SLC9A6/CTNNB1/SEMA6B/BMPR1A/KLRC4/SATB1/CHD2/SIN3A/STXBP1/DNM1/CDK19/CACNA1E/IRF2BPL/KCNT1/SV2A/DMXL2/CASK/PCDH19/ATP7A/ZBTB18/KRAS/GNAO1/SCN3A","0.4070179189239539"
"HP_ABNORMAL_RIB_CAGE_MORPHOLOGY","HP_ABNORMAL_RIB_CAGE_MORPHOLOGY","349","-0.2583761863015930","-1.303563754388219","0.0093199901085970066061392","0.206251072880901137330","0.130958832774482641925","2445","tags=27%, list=17%, signal=23%","MAF/CDON/PRIM1/KMT2A/GLB1/MAPK1/UBA1/KAT6A/DHCR24/PAX7/KIAA0586/LBR/ORC4/HERC1/RIT1/PTPN11/DLL1/PPP3CA/OCRL/RAB33B/ADA/B4GAT1/MAP3K7/HES7/ARSK/SOX9/TRPV6/SCN4A/IFT140/PEX1/EIF2AK3/IFT81/INPPL1/PRDM16/CHD7/FREM2/SEMA3E/CEP152/CRIPTO/FBN1/AMER1/IFT80/TBC1D24/PLCB3/EFL1/SOS2/GDF11/PRKACB/DYNC2LI1/LMX1B/CEP120/GPC3/AR/TRPV4/DYM/EXOC6B/MAP2K1/WDR19/SNX10/NFASC/PTCH1/SHH/VDR/CASZ1/APC/FGFRL1/CBL/BMP2/POP1/CTNNB1/PCGF2/SEC24D/IDH1/TGFBR1/CILK1/DYNC2H1/BRAF/NIPBL/SPRED2/SUFU/SLC26A2/GNPTAB/CSGALNACT1/BCOR/DACT1/CHRND/CHD6/RERE/GPC4/ATP7A/KRAS/DPYSL5/TNFRSF11B","0.3807304007227924"
"HP_PECTUS_EXCAVATUM","HP_PECTUS_EXCAVATUM","308","-0.2612969075379085","-1.302476665695701","0.0088079027399927765223930","0.201393257864898922449","0.127874369865058845619","2647","tags=28%, list=19%, signal=24%","CDC42BPB/ADNP/FAM20C/SELENON/RAB3GAP2/NOTCH3/MAF/SMCHD1/METTL27/LMBRD2/KMT2A/CIROZ/VPS13B/KAT6A/NARS1/AP1G1/RIT1/WBP11/PTPN11/PIK3CA/ADAMTSL2/MAP3K7/FMR1/HES7/SCN4A/SMC3/ITCH/PDHX/PI4KA/IPO8/ASXL1/INPPL1/SHOC2/NSD1/FBN1/GTF2I/AMER1/HSD17B4/ASPH/RAD21/SEL1L/SOS2/EXTL3/KANSL1/GDF11/LMX1B/CCBE1/ATP2B1/GPC3/MAP2K1/WDR19/PTCH1/SPRED1/PYCR1/NF1/NFIX/TRPM3/HS2ST1/PUM1/GJA5/CBL/KDM5A/BMP2/FBXO11/SLC9A6/CHST11/PCGF2/SEC24D/DNMT3B/TGFBR1/BRAF/NIPBL/SPRED2/MLXIPL/CUX1/GNPTAB/CSGALNACT1/SYNE1/BCOR/ARID2/MAP3K20/GPC4/ATP7A/KRAS/SLC16A2/SH3PXD2B/BCORL1","0.3807304007227924"
"HP_ABNORMAL_HEART_VALVE_MORPHOLOGY","HP_ABNORMAL_HEART_VALVE_MORPHOLOGY","340","-0.2569209027561301","-1.301933628980008","0.0096579546540149479455506","0.207801773340629380993","0.131943447881460201865","2470","tags=25%, list=17%, signal=21%","MYRF/ABCC6/NOTCH3/METTL27/BRCA1/PRDM5/GLB1/MAPK1/CIROZ/VPS13B/RIT1/PTPN11/XRCC2/FANCB/PIK3CA/MAP3K7/FMR1/ARFGEF2/ARSK/YY1/KDM6A/IFT140/SMC3/IPO8/PPP2R5D/IFIH1/FDFT1/PRDM16/CHD7/MCTP2/MYLK/SEMA3E/FBN1/GTF2I/HNRNPH2/NOTCH1/TMTC3/SOS2/EXTL3/KANSL1/PRKACB/DYNC2LI1/ENPP1/SEC24C/DDX3X/POLA1/TRIM33/GJA1/MAP2K1/SNX10/SPRED1/DOCK6/BCAS3/WAC/CASZ1/BICC1/NF1/NFIX/ROBO1/GJA5/CBL/ADAMTS19/PCGF2/AMMECR1/TGFBR1/BBS2/DLL4/BRAF/NIPBL/SPRED2/MLXIPL/GNPTAB/ATRX/RBPJ/SKIC3/BCOR/ACSL4/DACT1/TAB2/RERE/JMJD1C/KRAS/SH3PXD2B/DPYSL5/ZMYM3","0.3807304007227924"
"HP_POSTERIORLY_ROTATED_EARS","HP_POSTERIORLY_ROTATED_EARS","434","-0.2517087284609425","-1.301460926724578","0.0055947887662074454254157","0.160362255369251582859","0.101821791716775980619","2979","tags=32%, list=21%, signal=26%","SMARCD2/PPM1D/TLK2/GNB1/PDE6D/TOGARAM1/METTL5/DLL3/CLIP2/SATB2/PIGB/CFAP418/KIF21A/GTF2IRD1/KCNAB2/TMEM67/SOX5/GNAI3/ADNP/FAM20C/RAB3GAP2/PLCB4/NOTCH3/MAF/METTL27/SPOP/POGZ/ASXL3/ZC4H2/MAPK1/PREPL/CIROZ/KAT6A/DHCR24/DAG1/MN1/PAX7/TBL1XR1/KIAA0586/TCTN2/AP1G1/ORC4/HERC1/PEX3/RIT1/PTPN11/AHI1/MBTPS1/LARGE1/OCRL/GPC6/B4GAT1/TMEM107/MAP3K7/RUSC2/HES7/BCL11B/YY1/TBC1D20/NPHP1/KDM6A/IFT140/SMC3/ITCH/PEX1/IPO8/FAM149B1/ASXL1/INPPL1/FDFT1/TCF20/PRDM16/CHD7/MVK/SHOC2/CEP57/FREM2/BLTP1/SEMA3E/NSD1/FBN1/GTF2I/AMER1/CHD8/RAD21/GPRASP2/ARL6/USP9X/TMEM165/SOS2/PEX2/AP3B1/CEP120/GPC3/TRPV4/TOPORS/BBS10/ZNF148/LRP2/MAP2K1/PRRX1/SPRED1/PYCR1/FRYL/WAC/CASZ1/NF1/ASXL2/NFIX/BBS4/BBS9/HS2ST1/CBL/SUZ12/BMP2/FBXO11/SCAPER/CTNNB1/GPT2/SATB1/GALNT2/BBS2/BRAF/COG5/NIPBL/SPRED2/CLCN3/SLC26A2/CSGALNACT1/ATRX/TUBA1A/TRIM32/BCOR/ARID2/ZMYM2/RFX7/RERE/GPC4/KRAS","0.4070179189239539"
"HP_ABNORMAL_VESTIBULAR_FUNCTION","HP_ABNORMAL_VESTIBULAR_FUNCTION","179","-0.2818557911813047","-1.299207137363189","0.0269993192105858655083228","0.326874110791341321303","0.207548263461154125498","1475","tags=19%, list=10%, signal=17%","XPR1/RFC1/MYORG/PLS1/CACNB4/TBC1D24/RNF170/ERAP1/EPOR/ADGRV1/TLR4/EPAS1/NF1/SCN4B/GJA5/USH1C/ESRP1/CTNNB1/CNNM2/STAT3/KCNJ10/KLRC4/KIF1B/CHD2/BRAF/DNM1/SUFU/MYO6/BCOR/DMXL2/DBH/TET2/GYG1/KCNJ5","0.3524878575836192"
"HP_EXCESSIVE_SALIVATION","HP_EXCESSIVE_SALIVATION","150","-0.2831396429070570","-1.297488445004231","0.0435041154812787420058662","0.406722941626668943460","0.258248167895784308534","2844","tags=28%, list=20%, signal=23%","ATXN2/SATB2/SCN9A/LNPK/FOXP2/SYNGAP1/NRXN1/DCTN1/HLA-B/SETD5/DNM1L/ZC4H2/TASP1/HERC1/CTSH/ATP6AP2/POU3F3/PI4KA/TBK1/PPARGC1A/HNRNPH2/MATR3/CERT1/PPFIA3/EXTL3/CHMP2B/UBQLN2/NFIX/SLC9A6/PCGF2/GPT2/SATB1/VPS13A/SLC25A12/TSPOAP1/ATRX/MBD5/HIVEP2/GRIK2/PCDH19/SLC16A2/BCORL1","0.3217759180753611"
"HP_POSTNATAL_GROWTH_RETARDATION","HP_POSTNATAL_GROWTH_RETARDATION","227","-0.2675686077620268","-1.296974512664764","0.0387280296760045966708574","0.388080583429574799137","0.246411228404734811148","2775","tags=28%, list=19%, signal=23%","SATB2/ERCC8/FOXP2/SPTB/RAB3GAP2/ADAMTS2/PLCB4/PSPH/MAF/PRIM1/KMT2A/CTC1/NAE1/IL2RA/RIT1/PTPN11/OCRL/RFXAP/TBC1D20/INSR/KDM6A/SMC3/CHD7/MCTP2/NBAS/ATP6V1A/IARS1/SEMA3E/TCF4/NSD1/RAD21/SOS2/CCBE1/DDX3X/NIN/DYM/MAP2K1/PHKB/FGFRL1/ANKRD17/ROBO1/CBL/CEP295/CTNNB1/SEC24D/SMARCC2/SIN3A/BRAF/NIPBL/SPRED2/PLAG1/GNPTAB/EPB41/SYNE1/ATRX/SV2A/ARID2/MBD5/DMXL2/CASK/RERE/DOCK11/KRAS/DPYSL5","0.3217759180753611"
"HP_IMPAIRMENT_OF_ACTIVITIES_OF_DAILY_LIVING","HP_IMPAIRMENT_OF_ACTIVITIES_OF_DAILY_LIVING","164","-0.2810308797502581","-1.295322380659673","0.0420713577014035430834404","0.402393347240446619395","0.255499097942901987057","2988","tags=29%, list=21%, signal=23%","HACE1/GBE1/ATXN2/GAA/ARSA/SCN9A/ADNP/SPG11/MNX1/NOTCH3/MEN1/ZC4H2/MAPK1/CRKL/FLVCR1/PIK3CA/PSAP/FMR1/SCN4A/CPT1C/KIF5A/RNF170/PPFIA3/NIPA1/TRPV4/SEC24C/CHMP2B/FA2H/RETREG1/FRYL/CDKN1B/SLC9A6/SLC44A1/VPS13C/GALNT2/EIF2AK2/VANGL2/COG5/COPB1/SPAST/SUFU/SYNE1/KCNT1/DDHD2/DACT1/ZMYM2/JMJD1C/DPYSL5","0.3217759180753611"
"HP_ABNORMALITY_OF_UPPER_LIP_VERMILLION","HP_ABNORMALITY_OF_UPPER_LIP_VERMILLION","431","-0.2500726882887369","-1.295116841961315","0.0128944153302941594274600","0.229072936326752740754","0.145449543328668162712","2686","tags=27%, list=19%, signal=23%","OPHN1/MEIS2/SYNGAP1/CDC42BPB/ADNP/AFF3/IER3IP1/ZNF526/SETD5/KDM3B/MAF/CDON/BRCA1/POGZ/ASXL3/KMT2A/ZC4H2/MAPK1/PREPL/KAT6A/WDR26/TBL1XR1/CLCN6/TASP1/CACNA2D1/CENPE/CRKL/AGO1/DLL1/OCRL/NFIA/HK1/ADAMTSL2/BCL11B/YY1/EDA/CYFIP2/KDM6A/SCN4A/SMC3/CNTNAP2/PPP2R5D/IFIH1/CSNK2A1/TCF20/MCTP2/GOLGA2/PGM2L1/GNE/CEP152/GATAD2B/CRIPTO/ARHGEF2/FBN1/MED12L/CHD8/RAD21/FAR1/TBC1D24/TRAPPC10/PHC1/SEL1L/USP9X/COPB2/PPFIA3/AGL/AP3B1/EEF1A2/PRKACB/GAD1/NCAPD3/WDR19/PTCH1/SHH/WAC/EDAR/APC/ASXL2/SC5D/HS2ST1/ANKRD17/GJA5/CEP295/BMP2/FBXO11/CTNNB1/KDM1A/PCGF2/AMMECR1/TPR/SMARCC2/GALNT2/TNRC6B/CHD2/SIN3A/CILK1/WASHC4/NIPBL/PBX1/CDK19/CUX1/SUFU/CLCN3/SLC26A2/ATRX/STAG2/BCL11A/ARID2/MBD5/ZNF292/HIVEP2/MED13/RFX7/GPC4/ZBTB18/SH3PXD2B/KCNJ5","0.3807304007227924"
"HP_ABNORMAL_CONNECTION_OF_THE_CARDIAC_SEGMENTS","HP_ABNORMAL_CONNECTION_OF_THE_CARDIAC_SEGMENTS","253","-0.2697805253303132","-1.294822465848394","0.0151386561351812467396405","0.248475192830090063634","0.157768979195726161135","2470","tags=23%, list=17%, signal=20%","MYRF/CDON/METTL27/DNAH7/BRCA1/CFAP74/CIROZ/RAB23/CHUK/DLL1/FBXL4/XRCC2/FANCB/KDM6A/EIF2AK3/IPO8/PRDM16/CHD7/MCTP2/ACVR2B/SEMA3E/CRIPTO/GTF2I/RAD21/TBC1D24/NOTCH1/NIPA1/ATP2B1/GPC3/SEC24C/DDX3X/GJA1/PTCH1/FRYL/SHH/STRA6/DOCK6/CASZ1/ROBO1/GJA5/BMP2/BRWD1/SMARCC2/DLL4/BRAF/NIPBL/SUFU/STAG2/RBPJ/SKIC3/BCOR/ARID2/DACT1/TAB2/RERE/GPC4/JMJD1C/SH3PXD2B/DPYSL5","0.3807304007227924"
"HP_ABNORMAL_HEART_VALVE_PHYSIOLOGY","HP_ABNORMAL_HEART_VALVE_PHYSIOLOGY","357","-0.2571869511821415","-1.292320511022637","0.0079462027755851059873660","0.196725103596536554651","0.124910331784398906385","2487","tags=26%, list=17%, signal=22%","INVS/SETD5/ABCC6/METTL27/PARN/FHOD3/PRDM5/GLB1/MAPK1/CIROZ/KAT6A/RAB23/CCND2/CRKL/RIT1/PTPN11/BAG3/SMC5/ADA/ADAMTSL2/MAP3K7/SCN5A/ARFGEF2/ARSK/KDM6A/SCN4A/SMC3/IPO8/IFIH1/PRDM16/CHD7/MCTP2/ABCA3/SHOC2/KIFBP/CEP57/MYLK/PGAP1/CHD3/FBN1/GTF2I/AMER1/RAD21/NOTCH1/ARL6/TMTC3/SOS2/KANSL1/PEX2/ERAP1/FKBP14/ENPP1/GPC3/ZNF148/DDX3X/MYSM1/GJA1/MAP2K1/SPRED1/FRYL/TLR4/STRA6/WAC/SARDH/NF1/DOCK7/GJA5/CBL/BMP2/CTNNB1/ADAMTS19/PCGF2/KLRC4/TGFBR1/DLL4/BRAF/NIPBL/SPRED2/MLXIPL/FBXW11/GNPTAB/CSGALNACT1/KLHL24/ATRX/SKIC3/BCOR/HIVEP2/PCSK9/TAB2/AKT3/GPC4/KRAS/DPYSL5","0.3807304007227924"
"HP_TOOTH_MALPOSITION","HP_TOOTH_MALPOSITION","398","-0.2536028795479716","-1.289633131016804","0.0071660217533296727970837","0.186082163005855116822","0.118152611411964106325","3079","tags=31%, list=22%, signal=25%","RPS6KA3/PACS1/BBS12/LIG4/NDST1/MED12/KIDINS220/ABL1/TRIM37/SMARCD2/PRKD1/H4C5/CLIP2/SATB2/RUNX2/CFAP418/ERCC8/GTF2IRD1/SOX5/GNAI3/MADD/CDC42BPB/ADNP/AFF3/SELENON/RAB3GAP2/RIC1/ADAMTS2/SUMO1/PLCB4/ZNF526/TSPAN7/SETD5/NOTCH3/SMCHD1/METTL27/BRCA1/LMBRD2/ASXL3/GLB1/MAPK1/WDR26/NARS1/TBL1XR1/PTPN11/SMC5/OCRL/KLK4/PIK3CA/HK1/MAP3K7/CDH1/ARSK/EDA/INSR/NPHP1/KDM6A/SCN4A/IFT140/SMC3/CAMK2B/CNTNAP2/DOCK3/FREM2/TCF4/GATAD2B/KCNN3/CHD3/FBN1/GTF2I/AMER1/ASPH/RAD21/GNAQ/DLX4/CERT1/TBC1D24/ARL6/SEL1L/USP9X/PPFIA3/KANSL1/GPC3/NHS/BBS10/GJA1/MAP2K1/RLIM/ARHGEF38/CCDC28B/BCAS3/CDH3/BBS4/BBS9/DOCK7/GJA5/CEP295/TANC2/BMP2/SCAPER/RDH11/KDM1A/PCGF2/AMMECR1/SATB1/BBS2/COBLL1/TCF12/BRAF/NIPBL/PTPRF/GFPT1/MLXIPL/CDK19/DLX3/ATRX/TRIM32/BCOR/MBD5/LRP6/MAP3K20/HIVEP2/GPC4/SH3PXD2B/KCNJ5","0.4070179189239539"
"HP_POLYHYDRAMNIOS","HP_POLYHYDRAMNIOS","274","-0.2606089222071153","-1.284797621040477","0.0145648754478371177806251","0.243882154833298558927","0.154852636087557254951","1985","tags=23%, list=14%, signal=20%","FANCB/PAFAH1B1/ADAMTSL2/ADCY6/SOX9/MTHFR/NRTN/INSR/TRPV6/KDM6A/SCN4A/PI4KA/IPO8/MAGED2/ASXL1/CSNK2A1/INPPL1/CHD7/SHOC2/CEP57/MYLK/SEMA3E/FBN1/AMER1/HSD17B4/CHD8/TBC1D24/SNAP25/EXTL3/MAFB/FKBP14/DYNC2LI1/ENPP1/GPC3/SEC24C/PRRX1/SCYL2/CBL/PCGF2/AMMECR1/SIN3A/VANGL2/CILK1/BRAF/SLC25A12/SPRED2/SLC26A2/SYNE1/TUBA1A/THOC2/SKIC3/MAP3K20/CHRND/SEMA3D/RERE/GPC4/ATP7A/JMJD1C/SEMA3C/KRAS/SLC16A2/SREBF1/ERBB3","0.3807304007227924"
"HP_IMPAIRMENT_IN_PERSONALITY_FUNCTIONING","HP_IMPAIRMENT_IN_PERSONALITY_FUNCTIONING","206","-0.2704188361541783","-1.283279951163114","0.0331718047536085913762349","0.358629803532690583090","0.227711496540448837811","1966","tags=23%, list=14%, signal=20%","PIK3CA/GRN/PSAP/CYP27A1/DNAJC13/NPHP1/MAPT/TBK1/B4GALNT1/CNTNAP2/PPARGC1A/PPP2R5D/TMEM106B/XPR1/LEPR/GATAD2B/MYORG/MATR3/ARL6/XK/TIA1/CHMP2B/BBS10/USP8/FRYL/SLC6A19/WAC/SARDH/UBQLN2/BBS4/BBS9/SCAPER/SLC9A6/KDM1A/RORA/VPS13A/BBS2/CHD2/BRAF/DNM1/SUFU/ATRX/TRIM32/KCNT1/TNIK/GRIK2/RFX7","0.3217759180753611"
"HP_NARROW_MOUTH","HP_NARROW_MOUTH","214","-0.2627703607777988","-1.281447506799949","0.0343840633990893027038815","0.365242925004759355634","0.231910488850554763474","2714","tags=30%, list=19%, signal=25%","KCNAB2/GNAI3/MADD/SYNGAP1/PHACTR1/FAM20C/SOX6/PLCB4/MAF/POGZ/GLB1/MAPK1/KAT6A/DHCR24/BPNT2/ORC4/IARS2/CCND2/CRKL/PAFAH1B1/PIK3CA/NFIA/POU4F1/BCL11B/SOX9/TBC1D20/CRLF1/ASXL1/PRDM16/CHD7/CEP57/FREM2/SEMA3E/FBN1/MED12L/EXTL3/LMX1B/CCBE1/SEC24C/TRIM33/GJA1/RLIM/PRRX1/PTCH1/SCYL2/CASZ1/APC/NFIX/BMP2/FBXO11/PCGF2/AMMECR1/BMPR1A/SIN3A/STXBP1/ECEL1/CLCN3/SLC26A2/SKIC3/HIVEP2/AKT3/CHD6/RERE/HDAC9/JMJD1C","0.3217759180753611"
"HP_MANDIBULAR_PROGNATHIA","HP_MANDIBULAR_PROGNATHIA","195","-0.2734698030937890","-1.279230599769215","0.0286121532757262278523491","0.331245282819188802126","0.210323733079942232216","2773","tags=28%, list=19%, signal=23%","RUNX2/ERCC8/OPHN1/CDC42BPB/AFF3/FAM20C/SELENON/SETD2/SLC12A2/SETD5/MAF/MEN1/POGZ/GLB1/KAT6A/IARS2/HERC1/PTPN11/OCRL/RAB33B/RUSC2/FMR1/INSR/CNTNAP2/DOCK3/NSD1/FBN1/CHD8/PRKACB/GPC3/NHS/DYM/GJA1/PTCH1/PYCR1/APC/NFIX/GJA5/SUZ12/FBXO11/SLC9A6/PCGF2/STAT3/AP1S2/GFPT1/SUFU/FBXW11/CLCN3/GNPTAB/ATRX/STAG2/MBD5/RFX7/GPC4/SH3PXD2B","0.3524878575836192"
"HP_SPARSE_HAIR","HP_SPARSE_HAIR","350","0.2787683636204216","1.278475411707100","0.0318877551020408170345810","0.351711898400897227113","0.223318982268159965665","1603","tags=17%, list=11%, signal=16%","CAV1/MSX1/TBX3/AXL/ITGA3/KRT81/FOSL2/EXT1/RIN2/PDGFRB/EIF5A/DPH2/HR/LMNA/TTC7A/BCS1L/FLNA/DKC1/ODC1/EEFSEC/BANF1/NIPAL4/EXOSC2/ATRIP/DPH1/DHX37/KRT17/TGM1/LAMB3/ZFPM2/PIK3R1/DUSP6/MRPS22/FAS/SOX4/SRA1/TCOF1/ITGB4/NPM1/WRAP53/TRAIP/CLDN1/ATP6V0A2/HRAS/KISS1/KRT74/SLC7A7/PQBP1/SPRY4/POLR3H/NSMF/HS6ST1/H3-3B/WDR35/ALOXE3/LTV1/SMARCD1/SF3B4/TMEM147/AXIN2/CKAP2L","0.2878571172551493"
"HP_CHOREOATHETOSIS","HP_CHOREOATHETOSIS","118","-0.2913316394694694","-1.277847473292173","0.0451199434990020228908314","0.414491153742876761168","0.263180583408941959345","2204","tags=23%, list=15%, signal=20%","SUOX/IARS2/SLC30A9/FBXL4/SETX/SLC25A42/POU3F3/TRIM8/TMEM106B/XPR1/MYORG/PPFIA3/CDKL5/MED23/TRPM3/EIF2AK2/VPS13A/STXBP1/IREB2/AP1S2/CACNA1E/IRF2BPL/DMXL2/CASK/GRIK2/GNAO1/SLC16A2","0.3217759180753611"
"HP_ABNORMALITY_OF_THE_ELBOW","HP_ABNORMALITY_OF_THE_ELBOW","257","-0.2626016111900741","-1.274856929544995","0.0228217026240251294466610","0.310833827161048126264","0.197363507608718763420","2457","tags=28%, list=17%, signal=24%","ABCC6/HOXA11/PIK3C2A/LMBRD2/KMT2A/MAPK1/UBA1/VPS13B/BPNT2/LBR/ORC4/PTPN11/LARGE1/RAB33B/GPC6/MAP3K7/CYP27A1/SOX9/SCN4A/SMC3/ITCH/PEX1/ASAH1/CRLF1/ASXL1/FDFT1/SHOC2/KLC4/FBN1/ASPH/RAD21/COL27A1/PPFIA3/EXTL3/MAFB/PEX2/PRKACB/DYNC2LI1/ENPP1/LMX1B/TRPV4/DYSF/DYM/EXOC6B/GJA1/MAP2K1/PYCR1/SCYL2/NF1/APC/HS2ST1/CBL/PLOD2/POP1/FBXO11/IDH1/ERGIC1/BRAF/STXBP1/NIPBL/SPRED2/ECEL1/CLCN3/SLC26A2/CSGALNACT1/SYNE1/THOC2/BCOR/MAP3K20/SLC39A8/ATP7A/KRAS","0.3524878575836192"
"HP_ABNORMALITY_OF_THE_CHIN","HP_ABNORMALITY_OF_THE_CHIN","374","-0.2494853229989752","-1.274661717486555","0.0096579546540149479455506","0.207801773340629380993","0.131943447881460201865","2805","tags=29%, list=20%, signal=24%","TUBGCP4/CLIP2/RUNX2/PIGB/ERCC8/GTF2IRD1/KCNAB2/MADD/OPHN1/MEIS2/CDC42BPB/ADNP/AFF3/FAM20C/SELENON/SETD2/SLC12A2/ZNF526/SETD5/KDM3B/MAF/METTL27/DNM1L/MEN1/SPOP/POGZ/ASXL3/GLB1/MAPK1/KAT6A/IARS2/HERC1/CRKL/PTPN11/FBXL4/OCRL/RAB33B/PIK3CA/NFIA/MAP3K7/RUSC2/FMR1/POU4F1/YY1/EDA/INSR/KDM6A/SMC3/ITCH/CAMK2B/CNTNAP2/DOCK3/PRDM16/CHD7/KIFBP/PGM2L1/SEMA3E/NSD1/FBN1/MED12L/GTF2I/CHD8/SEL1L/EXTL3/KANSL1/PRKACB/LMX1B/GPC3/NHS/ZNF148/DYM/GJA1/PTCH1/PYCR1/WAC/CASZ1/APC/NFIX/HS2ST1/PUM1/GJA5/SUZ12/FBXO11/SLC9A6/PCGF2/STAT3/BMPR1A/SIN3A/BRAF/STXBP1/AP1S2/SPRED2/GFPT1/SUFU/FBXW11/CLCN3/SLC26A2/GNPTAB/ATRX/STAG2/MBD5/LRP1/ZNF292/RFX7/RERE/GPC4/SH3PXD2B","0.3807304007227924"
"HP_SMALL_FOR_GESTATIONAL_AGE","HP_SMALL_FOR_GESTATIONAL_AGE","248","0.2864406640371473","1.270924552463537","0.0455172413793103469714652","0.417391601229088415881","0.265022218519064767239","3379","tags=32%, list=24%, signal=25%","CAV1/MSX1/ACTB/COL1A1/HMGA2/TRMT1/ACADVL/PUF60/RPS26/RPL35/SEC61A1/FLT1/IGF2/CCNQ/SBDS/PIK3R1/MAMLD1/RPL8/ZNF335/RPL26/SLC35C1/KIF22/TRAIP/DTYMK/ESAM/PQBP1/PTS/EMG1/ZNF699/GRB10/RPS19/RPS7/HSD11B2/GMNN/CTBP1/RPL27/LETM1/EHMT1/PDHA1/FLCN/OCA2/SLC25A24/SUPT7L/RPS10/RPS28/POR/PAM16/PPP2R3C/RPL11/TSR2/TAF13/CYB5R3/TIMM22/POC1A/KARS1/WDR73/WDR4/NDP/VPS33B/COG7/PRDX1/RPL18/ALG8/RPS24/PET100/DYRK1A/NDUFB7/CARS1/CORIN/IGF1/RPS27/COQ7/MTO1/MYH3/COL1A2/TRMT10A/NSUN2/STAMBP/RPL35A","0.2489111144347025"
"HP_ABNORMAL_METAPHYSIS_MORPHOLOGY","HP_ABNORMAL_METAPHYSIS_MORPHOLOGY","217","-0.2656804308306391","-1.269692048396353","0.0291662309679904148407292","0.335599046524980570982","0.213088149308776231283","2380","tags=26%, list=17%, signal=22%","PARN/PIK3C2A/CHEK2/GLB1/WDR26/CTC1/KIAA0586/LBR/IARS2/CENPE/PTPN11/OCRL/RAB33B/ADA/GPC6/MAP3K7/DNA2/TRPV6/IFT140/EIF2AK3/INPPL1/CHD7/ANAPC1/NSD1/FBN1/AMER1/IFT80/PLCB3/EFL1/TMEM165/EXTL3/DYNC2LI1/CEP120/TRPV4/DYM/EXOC6B/GJA1/WDR19/SNX10/VDR/RB1/PLOD2/SUZ12/POP1/CTNNB1/AMMECR1/SEC24D/IDH1/DYNC2H1/SLC26A2/GNPTAB/CSGALNACT1/LMBR1/ACSL4/ATP7A/SH3PXD2B/TNFRSF11B","0.3524878575836192"
"HP_LIMB_UNDERGROWTH","HP_LIMB_UNDERGROWTH","227","0.2894710463191970","1.269088289327331","0.0471428571428571460688595","0.418198034980140742611","0.265534262511237129090","2882","tags=24%, list=20%, signal=19%","WNT5A/TBX3/ACTB/EFNB1/JAG1/NXN/COL1A1/EXT1/CCN2/SERPINH1/PUF60/FLNA/ALPL/CRTAP/GPX4/CCNQ/MATN3/LTBP3/HHAT/COG1/FLNB/RPL26/SLC35C1/HRAS/FUT8/ZNF699/EIF4A3/WDR35/GLI3/SF3B4/RPS19/BRCA2/PCNT/SIK3/PDHA1/DDRGK1/FAAP100/ERCC4/PAM16/EBP/FGFR2/CHST3/POC1A/FN1/XRCC4/DYNC2I2/PSMD12/PHGDH/RBM10/CLPB/GNA11/BRPF1/DHODH/POLE","0.2489111144347025"
"HP_TOE_SYNDACTYLY","HP_TOE_SYNDACTYLY","229","-0.2629239365008683","-1.268877637096712","0.0322944616153713545680937","0.354986819765966188367","0.225398389048483971386","2365","tags=22%, list=17%, signal=19%","BRCA1/KMT2A/MAPK1/RAB23/AP1G1/CRKL/RBBP8/XRCC2/FANCB/PIK3CA/PHIP/IFT140/SMC3/ARL6IP6/FDFT1/MCTP2/FREM2/NSD1/GNE/IFT80/RAD21/CERT1/DYNC2LI1/CEP120/GPC3/GJA1/WDR19/SHH/CDH3/APC/SC5D/PUM1/KDM5A/BMP2/FBXO11/SLC12A6/SATB1/DLL4/SIN3A/DYNC2H1/NIPBL/FBXW11/CSGALNACT1/LMBR1/RBPJ/BCOR/MAP3K20/DACT1/SLC39A8/GPC4/KCNJ5","0.3217759180753611"
"HP_ABNORMAL_STERNUM_MORPHOLOGY","HP_ABNORMAL_STERNUM_MORPHOLOGY","444","-0.2440142186622462","-1.267720807833039","0.0107310607266832766515385","0.211726295577158885042","0.134435317834496442790","2457","tags=25%, list=17%, signal=22%","ABCC6/NOTCH3/MAF/SMCHD1/METTL27/PIK3C2A/LMBRD2/KMT2A/GLB1/CIROZ/VPS13B/KAT6A/NARS1/LBR/AP1G1/RIT1/WBP11/PTPN11/MBTPS1/RAB33B/PIK3CA/ADAMTSL2/MAP3K7/FMR1/HES7/KRT5/SOX9/SCN4A/IFT140/SMC3/ITCH/PDHX/PI4KA/ASAH1/IPO8/FAM149B1/ASXL1/INPPL1/SHOC2/MYLK/NSD1/FBN1/GTF2I/AMER1/HSD17B4/ASPH/IFT80/RAD21/HNRNPH2/SNAP25/SEL1L/SOS2/EXTL3/KANSL1/GDF11/DYNC2LI1/LMX1B/CEP120/CCBE1/ATP2B1/GPC3/TRPV4/DYM/MME/LRP2/MAP2K1/WDR19/PTCH1/SPRED1/PYCR1/FRYL/VDR/TNNT1/NF1/NFIX/FGFRL1/TRPM3/HS2ST1/PUM1/GJA5/CBL/PLOD2/KDM5A/BMP2/FBXO11/SLC9A6/CHST11/PCGF2/SEC24D/DNMT3B/TGFBR1/DYNC2H1/BRAF/NIPBL/SPRED2/MLXIPL/CUX1/GNPTAB/CSGALNACT1/SYNE1/SV2A/BCOR/ARID2/MAP3K20/DACT1/GPC4/ATP7A/KRAS/SLC16A2/SH3PXD2B/BCORL1/TNFRSF11B","0.3807304007227924"
"HP_ABNORMALITY_OF_FACIAL_MUSCULATURE","HP_ABNORMALITY_OF_FACIAL_MUSCULATURE","294","-0.2557241170640169","-1.266866628813254","0.0266617400656639878808729","0.326341208495822376889","0.207209897887442456854","2426","tags=26%, list=17%, signal=22%","YME1L1/SMCHD1/DNM1L/POGZ/SLC52A3/ZC4H2/UBA1/VPS13B/PAX7/HERC1/PEX3/SNUPN/LRP12/BAG3/SLC30A9/SLC6A3/LARGE1/XRCC2/ADSS1/PIK3CA/HK1/ATP6AP2/ADCY6/YY1/DNAJC13/SLC25A42/GDAP1/SCN4A/POU3F3/PI4KA/PEX1/ASAH1/CRLF1/PPP2R5D/ASXL1/CHD7/SEMA3E/GSN/GNE/NOD2/AMER1/SNAP25/PPFIA3/PEX2/GPC3/TRPV4/DES/GJA1/SNX10/TNNT1/SBF2/OGDHL/REV3L/CTNNB1/ATXN1/SLC12A6/PCGF2/DNMT3B/DNAJC6/KIF1B/DLL4/GFPT1/ABCA1/SUFU/IRF2BPL/CAMK2G/SYNE1/STAG2/TRIM32/LPIN1/MAP3K20/DDHD2/CHRND/DBH/GPC4","0.3524878575836192"
"HP_PES_PLANUS","HP_PES_PLANUS","334","-0.2529887638129629","-1.265400637466096","0.0105813520690716013350485","0.210754743540612521358","0.133818432215873472924","3167","tags=31%, list=22%, signal=24%","RTN2/DMD/EMILIN1/RPS6KA3/PACS1/NDST1/MED12/ABL1/TLK2/GNB1/CLCN4/PHF8/H4C5/SIL1/CLIP2/SCN9A/GTF2IRD1/SOX5/CDC42BPB/ADNP/AFF3/SELENON/RAB3GAP2/METTL27/BRCA1/PRDM5/ASXL3/KMT2A/MAPK1/VPS13B/KAT6A/TBL1XR1/AP1G1/IARS2/HERC1/CRKL/SPIN4/FGF13/SMC5/XRCC2/RAB33B/FANCB/HK1/FMR1/ATP6AP2/CTSC/SOX9/CRLF1/IPO8/CHD7/EGR2/MYLK/TCF4/NSD1/CEP152/KCNN3/FBN1/MED12L/GTF2I/CHD8/ASPH/HNRNPH2/WASF1/COL27A1/USP9X/GDF11/FKBP14/LMX1B/TRPV4/ZNF148/DYM/EXOC6B/RLIM/PYCR1/ADGRV1/WAC/SBF2/TRPM3/GJA5/FBXO11/AMMECR1/IL17RD/TPR/TGFBR1/SEMA3A/SPRED2/GFPT1/COPB1/SLC26A2/CSGALNACT1/ATRX/STAG2/DLG4/FLRT3/TBC1D23/DACT1/HIVEP2/TAOK1/PCDH19/ATP7A/BRWD3/SLC16A2","0.3807304007227924"
"HP_POOR_HEAD_CONTROL","HP_POOR_HEAD_CONTROL","213","-0.2631144510465783","-1.265242399838397","0.0388988455947945205304350","0.388080583429574799137","0.246411228404734811148","2683","tags=22%, list=19%, signal=18%","NDUFS1/SYNGAP1/ADNP/PHACTR1/SELENON/YWHAG/ZNF526/CAMLG/KCNA2/DAG1/CACNA2D1/FBXL4/PPP3CA/PAFAH1B1/PSAP/CELF2/CYFIP2/SLC38A3/IFT140/CAMK2B/TRIM8/IFIH1/ATP6V1A/GABRB2/SNAP25/EEF1A2/FKBP14/CDKL5/TNNT1/RALGAPA1/IREB2/DNM1/SLC25A12/GFPT1/CDK19/CACNA1E/GNPTAB/MAP3K20/DMXL2/CASK/HIVEP2/SLC39A8/CHRND/ATP7A/GNAO1/SLC16A2/SCN3A","0.3217759180753611"
"HP_ABNORMALITY_OF_THE_KNEE","HP_ABNORMALITY_OF_THE_KNEE","388","-0.2493499476037807","-1.265112427543675","0.0084994525740722352835643","0.200035209933640267810","0.127012079213935147326","2342","tags=23%, list=16%, signal=19%","LMBRD2/GLB1/UBA1/VPS13B/KAT6A/CTC1/RAB23/BPNT2/IL2RA/LBR/ORC4/IARS2/FGF13/BAG3/OCRL/RAB33B/GPC6/PIK3CA/MAP3K7/KRT5/ARFGEF2/ARSK/SOX9/YY1/SCN4A/TRIM2/PI4KA/ASAH1/EIF2AK3/IPO8/IFIH1/FDFT1/MCTP2/ANAPC1/NSD1/KLC4/FBN1/GTF2I/RAD21/WASF1/EFL1/SNAP25/TMTC3/USP9X/PRKACB/DYNC2LI1/ENPP1/LMX1B/TRPV4/SEC24C/DYSF/DYM/TRIM33/EXOC6B/MAP2K1/RETREG1/ADGRV1/SHH/VDR/SCYL2/NF1/HS2ST1/PLOD2/KIF1A/CHST11/IDH1/ERGIC1/BRAF/STXBP1/COG5/GFPT1/ECEL1/SLC26A2/GNPTAB/CSGALNACT1/SYNE1/ATRX/LMBR1/THOC2/BCOR/MAP3K20/SLC39A8/PCDH19/ATP7A/JMJD1C/KRAS/SH3PXD2B/DPYSL5","0.3807304007227924"
"HP_POSTAXIAL_POLYDACTYLY","HP_POSTAXIAL_POLYDACTYLY","144","-0.2813275672998828","-1.265068697283170","0.0499442490135941358220251","0.427642822447677373177","0.271531217219278198094","2230","tags=26%, list=16%, signal=22%","RAB23/KIAA0586/TCTN2/LBR/CCND2/RBBP8/TMEM107/NPHP1/IFT140/IFT81/IFT80/ARL6/USP9X/EXTL3/PRKACB/COG6/DYNC2LI1/CEP120/GPC3/BBS10/WDR19/CCDC28B/BBS4/BBS9/SC5D/SCAPER/CHST11/CTNNB1/TGFBR1/BBS2/CILK1/DYNC2H1/HOXA13/SUFU/LMBR1/TRIM32/AKT3/GPC4","0.3217759180753611"
"HP_PES_CAVUS","HP_PES_CAVUS","276","-0.2575168314503699","-1.262935142329315","0.0264157354488236510714483","0.325481689332844881246","0.206664147386567076392","1950","tags=22%, list=14%, signal=20%","HK1/MAP3K7/RUSC2/ADCY6/SETX/CYP27A1/VWA1/GDAP1/LAMP2/TRIM2/PI4KA/B4GALNT1/CNTNAP2/IFIH1/VPS13D/CHD7/EGR2/GJB1/CPT1C/NSD1/KCNN3/FBN1/KIF5A/HSD17B4/SNAP25/LRSAM1/COL27A1/SEL1L/USP9X/MAFB/PEX2/NIPA1/TRPV4/DYSF/MME/TRAPPC11/TTPA/TNNT1/SBF2/NF1/NFIX/SUZ12/DHTKD1/OGDHL/PCGF2/IL17RD/DNAJC6/KIF1B/EIF2AK2/KPNA3/VPS13A/ATP1A1/SEMA3A/TSPOAP1/SPAST/SYNE1/MAP3K20/DMXL2/DDHD2/FLRT3/PDK3/ATP7A","0.3524878575836192"
"HP_SOMATIC_SENSORY_DYSFUNCTION","HP_SOMATIC_SENSORY_DYSFUNCTION","384","-0.2477945984770855","-1.262568010040544","0.0110196960888768163283613","0.211726295577158885042","0.134435317834496442790","2163","tags=22%, list=15%, signal=20%","DNAJC3/CACNA2D1/IARS2/PLEKHG5/JAK2/SNUPN/BAG3/FLVCR1/ADSS1/PIK3CA/PSAP/HK1/FMR1/KRT5/ADCY6/POU4F1/SETX/CYP27A1/YY1/VWA1/PLD3/MTHFR/GDAP1/SCN4A/MAPT/PI4KA/B4GALNT1/VPS13D/MSH6/EGR2/GJB1/CPT1C/ZFHX2/EPCAM/ALAD/RFC1/FBN1/MYORG/KIF5A/PLS1/MATR3/LRSAM1/RNF170/ERAP1/PMS1/XK/NIPA1/LMX1B/TRPV4/DYSF/CDKL5/MME/MSH2/RETREG1/KLHL9/TLR4/TTPA/SBF2/WDR48/TRPM3/NPAT/KIF1A/DHTKD1/ATXN1/SLC12A6/BMPR1A/KLRC4/KIF1B/KPNA3/VPS13A/ATP1A1/ABCA1/SPAST/SLC26A2/IRF2BPL/APP/SYNE1/TRIM32/RFX7/PDK3/TET2/ATP7A/KRAS/SCN3A/ERBB3/SERPINI1","0.3807304007227924"
"HP_THICKENED_SKIN","HP_THICKENED_SKIN","366","0.2744975985406629","1.262025589299981","0.0372836218375499350852209","0.380854938513354779328","0.241823315182981751770","1426","tags=14%, list=10%, signal=13%","LTBP2/CAV1/CAVIN1/KRT81/COL7A1/COL1A1/RIN2/PDGFRB/LMNA/GJB3/TTC7A/DKC1/NIPAL4/HPGD/PLEC/SERPINB8/SGPL1/TUBB/KRT13/MPDU1/TMEM43/TNFRSF1B/SBDS/KRT17/UROD/TGM1/COL6A1/LAMB3/LTBP3/DUSP6/KRT16/LZTR1/TFE3/COL6A3/SLC17A9/ITGB4/NPM1/WRAP53/GJB4/CLDN1/HRAS/KRT74/PPARG/FUCA1/SPRY4/ELOVL1/VPS33A/HS6ST1/ADAMTS17/TUFT1/CUL4B/ALOXE3/LTV1","0.2712885546889530"
"HP_ABNORMALITY_OF_THE_BREAST","HP_ABNORMALITY_OF_THE_BREAST","405","-0.2448235668953012","-1.257936741196175","0.0105649768659185731844996","0.210754743540612521358","0.133818432215873472924","2480","tags=24%, list=17%, signal=21%","MPLKIP/MAF/SMCHD1/MEN1/BRCA1/CHEK2/ASXL3/ZC4H2/KAT6A/TBL1XR1/KIAA0586/HFE/LBR/ORC4/PEX3/RIT1/PTPN11/SPIN4/SMC5/PIK3CA/FMR1/CDH1/SOX9/YY1/EDA/INSR/KDM6A/SCN4A/SMC3/PPP2R5D/ASXL1/TCF20/CHD7/MSH6/KIFBP/FREM2/SEMA3E/TCF4/NSD1/ALG11/EPCAM/LEPR/GNE/ARHGEF2/PALLD/AMER1/RAD21/WASF1/CERT1/USP9X/SOS2/EXTL3/CASP10/KANSL1/GDF11/PEX2/PMS1/RB1CC1/GPC3/AR/ZNF148/DES/NIN/MSH2/MAP2K1/WDR19/UBR1/WAC/NF1/CDKN1B/APC/NFIX/HS2ST1/NPAT/CBL/REV3L/CTNNB1/KDM1A/AMMECR1/IDH1/IL17RD/BMPR1A/TNRC6B/CILK1/BRAF/SEMA3A/NIPBL/PTPRF/SPRED2/GNPTAB/RNF43/FLRT3/RERE/PHF6/GPC4/KRAS/SH3PXD2B/DPYSL5","0.3807304007227924"
"HP_AGE_OF_DEATH","HP_AGE_OF_DEATH","394","0.2708919366058491","1.257615465068922","0.0408163265306122416409274","0.396334741468022444533","0.251652194607492052381","3036","tags=27%, list=21%, signal=22%","SERPINE1/ACTB/NPC2/NXN/PLXND1/TUFM/SERPINH1/ACADVL/SLC17A5/LMNA/TTC7A/BCS1L/OGDH/FLNA/DKC1/JPH2/ALPL/PLEC/FGA/CRTAP/MPDU1/DPH1/COX8A/ITPA/LAMB3/MRPS22/PMM2/FLNB/SNRPB/FKRP/COX10/TSEN54/ITGB4/ALG1/MRPS34/DTYMK/SMPD4/FTO/ELN/PQBP1/EMG1/ELAC2/FARS2/VPS33A/NDUFV1/BUD23/ETFB/DPM2/GLI3/SLC25A19/GET3/TARS2/TRMU/ERCC1/POMT2/HEXB/NDUFS6/CLCF1/LIMK1/LAMA3/PEX12/NAXD/PPIL1/TGFBR2/LAT/SLC25A24/PEX6/LAMC2/CST3/NDUFAF4/ATAD3A/POR/BRAT1/ERCC4/THSD1/TSEN2/PAM16/ACAD9/ETHE1/MRPL3/EIF4H/RNASEH2C/TOR1A/KARS1/NUP214/COX16/PHGDH/ECHS1/RBM10/SURF1/DYNLT2B/VPS4A/VPS33B/COG7/AIMP2/PIP5K1C/CRPPA/BIN1/POLG/NADSYN1/HTRA2/ALG8/RBM8A/DNAJC30/PET100/PSMB8/ATP6AP1/LHX4","0.2529611230696109"
"HP_ABNORMALITY_OF_BLOOD_CIRCULATION","HP_ABNORMALITY_OF_BLOOD_CIRCULATION","315","-0.2507520416899824","-1.255938625741493","0.0246636742032574386718213","0.321444043899313414148","0.204100450016431067546","1741","tags=20%, list=12%, signal=18%","VHL/CTLA4/IPO8/CNTNAP2/IFIH1/ASXL1/ZNFX1/MSH6/MVK/ATP6V1A/MYLK/EPCAM/FBN1/GNAQ/ALK/NOTCH1/EPHB2/CASP10/ERAP1/PMS1/PKHD1/ENPP1/SEC24C/COPA/ABCC8/MSH2/IL10RA/EPOR/FRYL/TLR4/EPAS1/DOCK6/RB1/NF1/CDKN1B/TSPAN12/APC/NPAT/CBL/CD46/CTNNB1/STAT3/BMPR1A/KLRC4/TGFBR1/KIF1B/LMAN1/DLL4/SIN3A/SAMD9/SUFU/APP/PROS1/ATRX/RBPJ/BCOR/F10/TAOK1/TET2/ATP7A/JMJD1C/KRAS/SREBF1/KCNJ5","0.3524878575836192"
"HP_ABNORMALITY_OF_THE_URETER","HP_ABNORMALITY_OF_THE_URETER","347","-0.2453629411920971","-1.252991225955798","0.0208304515611538419717075","0.294201178756013204119","0.186802630563829286103","2026","tags=20%, list=14%, signal=18%","PPP3CA/XRCC2/TBX18/FANCB/TMEM107/NFIA/MAP3K7/HES7/YY1/NPHP1/KDM6A/IFT140/SMC3/CTLA4/TRIM8/ROBO2/ASXL1/CHD7/KIFBP/FREM2/MYLK/SEMA3E/GSN/NSD1/CEP152/GTF2I/RAD21/TRAPPC10/ARL6/PHC1/COPB2/SOS2/KANSL1/PRKACB/DYNC2LI1/CCBE1/GPC3/SEC24C/NCAPD3/BBS10/CDKL5/STRA6/BICC1/BBS4/BBS9/HS2ST1/KMT2C/SCAPER/RALGAPA1/BBS2/NIPBL/PBX1/MLXIPL/CACNA1E/HOXA13/ATRX/TRIM32/CHRNA3/BCOR/DMXL2/CASK/DACT1/ZMYM2/RERE/GPC4/ATP7A/JMJD1C/KRAS/GNAO1/ZMYM3","0.3524878575836192"
"HP_HYPOPLASIA_OF_THE_CORPUS_CALLOSUM","HP_HYPOPLASIA_OF_THE_CORPUS_CALLOSUM","443","-0.2412339548092858","-1.251754115381568","0.0125013225410078691879345","0.226037768841860886582","0.143522367942162276666","2645","tags=24%, list=19%, signal=21%","ADNP/IER3IP1/RAB3GAP2/SPG11/SETD2/GPSM2/PLCB4/SEPSECS/EPRS1/MAF/POGZ/ASXL3/WDR26/DAG1/NARS1/KIF26A/NAE1/KIAA0586/CACNA2D1/IARS2/FBXL4/LARGE1/FANCB/PAFAH1B1/NFIA/PSAP/HK1/RUSC2/DNA2/ATP6AP2/ARFGEF2/YY1/TBC1D20/NMNAT1/KDM6A/CCDC88A/IFT140/POU3F3/PDHX/TRIM8/CYP2U1/IFIH1/ASXL1/FDFT1/PRUNE1/SHOC2/KIFBP/TMEM106B/ATP6V1A/PGAP1/TCF4/MED12L/ACO2/KIF5A/HSD17B4/TMTC3/USP9X/COPB2/EXTL3/KANSL1/NOVA2/COG6/CEP120/GAD1/ZNF148/KCTD7/DDX3X/CDKL5/FA2H/KIF5C/RB1/WAC/NF1/NFIX/HS2ST1/PPFIBP1/DOCK7/KDM5A/KMT2C/OGDHL/CTNNB1/KDM1A/PCGF2/RORA/GPT2/RALGAPA1/ASNS/EIF2AK2/SIN3A/STXBP1/CNOT1/CACNA1E/FBXW11/STAG2/KIF2A/TUBA1A/KCNT1/BCOR/DMXL2/DDHD2/TBC1D23/CASK/HIVEP2/AKT3/RERE/GNAO1/SH3PXD2B/SCN3A","0.3807304007227924"
"HP_LOWER_LIMB_MUSCLE_WEAKNESS","HP_LOWER_LIMB_MUSCLE_WEAKNESS","214","-0.2559874980146909","-1.248369641583252","0.0472428992755038815176682","0.418198034980140742611","0.265534262511237129090","2098","tags=26%, list=15%, signal=23%","SNUPN/LRP12/BAG3/ADSS1/RFXAP/PIK3CA/HK1/FMR1/CYP27A1/VWA1/MTHFR/GDAP1/MAPT/VHL/PI4KA/ASAH1/TBK1/B4GALNT1/PPARGC1A/VPS13D/EGR2/GJB1/CPT1C/GNE/KLC4/KIF5A/MATR3/SNAP25/RNF170/EXTL3/NIPA1/TRPV4/DYSF/CHMP2B/DES/MME/RETREG1/SCYL2/TNNT1/SARDH/SBF2/NF1/UBQLN2/KIF1A/DHTKD1/SLC12A6/KCNJ10/KPNA3/ERGIC1/SPAST/SUFU/SYNE1/LPIN1/DDHD2/PDK3/GYG1","0.3217759180753611"
"HP_AXIAL_HYPOTONIA","HP_AXIAL_HYPOTONIA","316","-0.2481073136876695","-1.246694354899497","0.0215867136282894798993137","0.299893419081011580740","0.190416910666333705215","3103","tags=28%, list=22%, signal=23%","TBC1D2B/SPEG/VAMP2/MINPP1/COG3/KIDINS220/HACE1/AARS1/PCDH12/GNB1/KCNQ2/H4C5/TUBB4A/ERCC8/GUF1/FOXP2/NDUFS1/IER3IP1/RAB3GAP2/SEPSECS/DNAJC12/ZNF526/PCCA/HYCC1/CDON/DNM1L/POGZ/CAMLG/KAT6A/PAX7/SUOX/CLCN6/CACNA2D1/PEX3/DLL1/SLC30A9/SLC6A3/PAFAH1B1/PSAP/HK1/RUSC2/NMNAT1/INSR/SLC38A3/KCNJ11/PDHX/CAMK2B/CACNA2D2/IFIH1/ASXL1/VPS13D/PRUNE1/PLCB1/PGAP1/ALG11/LYRM7/ARFGEF1/CRIPTO/FAR1/CERT1/TMTC3/SEL1L/EXTL3/LMX1B/MBOAT7/GAD1/ABCC8/PTCH1/SHH/MED23/DOCK6/NFIX/PUM1/GJA5/KIF1A/CTNNB1/PCGF2/SATB1/ASNS/EIF2AK2/STXBP1/IREB2/SLC25A12/CACNA1E/GNPTAB/STAG2/KCNT1/CASK/GRIK2/SLC16A2","0.3524878575836192"
"HP_WEAKNESS_OF_FACIAL_MUSCULATURE","HP_WEAKNESS_OF_FACIAL_MUSCULATURE","209","-0.2621125320158149","-1.244859602783962","0.0386531155399666148664295","0.388080583429574799137","0.246411228404734811148","2709","tags=28%, list=19%, signal=23%","CHRNA1/ADNP/SELENON/ABCD3/DCTN1/YME1L1/SMCHD1/DNM1L/SLC52A3/ZC4H2/UBA1/PEX3/SNUPN/LRP12/BAG3/LARGE1/XRCC2/ADSS1/PIK3CA/HK1/ADCY6/SLC25A42/GDAP1/SCN4A/PI4KA/PEX1/ASAH1/CRLF1/CHD7/SEMA3E/GSN/GNE/NOD2/AMER1/SNAP25/PEX2/TRPV4/DES/GJA1/SNX10/TNNT1/SBF2/REV3L/CTNNB1/SLC12A6/DNMT3B/KIF1B/DLL4/GFPT1/ABCA1/SUFU/IRF2BPL/SYNE1/STAG2/TRIM32/MAP3K20/CHRND/DBH","0.3217759180753611"
"HP_MIDDLE_AGE_ONSET","HP_MIDDLE_AGE_ONSET","221","-0.2562071971468125","-1.242152889996983","0.0469310649568536811249153","0.418198034980140742611","0.265534262511237129090","2610","tags=28%, list=18%, signal=23%","SPG11/DNAJB4/KCNE2/GBF1/NOTCH3/DNM1L/NPTX1/BRCA1/UBA1/CCDC88C/RPA1/DSC2/PLEKHG5/JAK2/LRP12/BAG3/TBX18/MARCHF6/PSAP/UNC119/DYRK1B/ATP6AP2/SCN5A/MOCOS/MAPT/TBK1/EPCAM/FBN1/MYORG/KIF5A/TRPM7/MATR3/APPL1/RNF170/BMPR2/PKHD1/LMX1B/TIA1/CHMP2B/DES/MME/MSH2/NF1/APC/UBQLN2/KLHL7/TRPM3/GJA5/RAB39B/SLC9A6/KIF1B/VPS13C/VPS13A/BBS2/DSG2/HMGCR/TSPOAP1/APP/ITM2B/CASK/PDK3/GYG1","0.3217759180753611"
"HP_HYPERLORDOSIS","HP_HYPERLORDOSIS","205","-0.2635080858996822","-1.233997889474173","0.0400815807649065186657467","0.395090983344573487557","0.250862472111383072448","3167","tags=35%, list=22%, signal=27%","RTN2/DMD/RAB3GAP1/SPEG/MED12/HACE1/PPM1D/TOGARAM1/H4C5/CLIP2/SATB2/SCN9A/GTF2IRD1/WNK1/SOX5/ADNP/SELENON/RAB3GAP2/SETD5/NOTCH3/SMCHD1/METTL27/PIK3C2A/GLB1/ZC4H2/MAPK1/VPS13B/DAG1/LBR/AP1G1/IARS2/HERC1/PLEKHG5/CRKL/SNUPN/RAB33B/DNA2/SMARCAL1/ARSK/SCN4A/ITCH/EIF2AK3/FBN1/GTF2I/AMER1/HNRNPH2/COL27A1/EXTL3/LMX1B/TRPV4/DYSF/DYM/RETREG1/TRAPPC11/TNNT1/NF1/KIF1A/POP1/CHST11/CTNNB1/PCGF2/DNMT3B/GFPT1/ECEL1/SLC26A2/GNPTAB/CSGALNACT1/SYNE1/BCOR/MAP3K20/RERE","0.3217759180753611"
"HP_HYPOREFLEXIA","HP_HYPOREFLEXIA","356","-0.2416406611378702","-1.231782072718400","0.0272325612355305141099038","0.328267554849984988241","0.208433028834286965258","2844","tags=25%, list=20%, signal=20%","ATXN2/GAA/SIL1/ARSA/SCN9A/PIGB/WNK1/SYNGAP1/SELENON/YWHAG/GBF1/MPLKIP/PARN/KCNA2/DAG1/NARS1/KIAA0586/CACNA2D1/IARS2/BAG3/PPP3CA/LARGE1/ADSS1/B4GAT1/PSAP/HK1/FMR1/CELF2/ATP6AP2/SETX/VWA1/GDAP1/CYFIP2/SLC38A3/PEX1/TBK1/TRIM8/B4GALNT1/CNTNAP2/DOCK3/EGR2/GJB1/ATP6V1A/GABRB2/ARHGEF2/RFC1/FBN1/ACO2/HSD17B4/TBC1D24/SNAP25/LRSAM1/RNF170/EXTL3/PEX2/EEF1A2/AR/TRPV4/DYSF/DES/MME/NFASC/RETREG1/TSPYL1/TRAPPC11/SBF2/PUM1/KIF1A/DHTKD1/ATXN1/DNAJC6/KIF1B/VPS13A/ATP1A1/DNM1/HMGCR/CDK19/ABCA1/GNPTAB/SYNE1/TRIM32/LPIN1/TBC1D23/TAOK1/DBH/PDK3/ATP7A/SCN3A","0.3524878575836192"
"HP_PATENT_DUCTUS_ARTERIOSUS","HP_PATENT_DUCTUS_ARTERIOSUS","366","-0.2400442747678752","-1.227301151575981","0.0263645911563104157204762","0.325481689332844881246","0.206664147386567076392","2471","tags=25%, list=17%, signal=21%","SETD5/MYRF/NOTCH3/MAF/METTL27/PRIM1/BRCA1/POGZ/KMT2A/GLB1/CIROZ/KAT6A/DHCR24/RAB23/RIT1/PTPN11/FBXL4/SMC5/XRCC2/FANCB/PIK3CA/MAP3K7/ARFGEF2/TRPV6/KDM6A/SMC3/PEX1/ARL6IP6/IPO8/PRDM16/CHD7/MCTP2/MYLK/SEMA3E/NSD1/ALB/KCNN3/FBN1/GTF2I/AMER1/TBC1D24/PLCB3/TMTC3/USP9X/SOS2/KANSL1/COG6/FKBP14/DYNC2LI1/LMX1B/CEP120/GPC3/SEC24C/ZNF148/DDX3X/TRIM33/GJA1/MAP2K1/FOCAD/FRYL/STRA6/WAC/CASZ1/ASXL2/NFIX/PPFIBP1/GJA5/CBL/CEP295/PCGF2/AMMECR1/BMPR1A/TGFBR1/SMARCC2/BRAF/STXBP1/SAMD9/NIPBL/SPRED2/CUX1/CSGALNACT1/STAG2/SKIC3/BCOR/ARID2/ACSL4/DACT1/ZMYM2/RERE/GPC4/JMJD1C/KRAS","0.3524878575836192"
"HP_DOLICHOCEPHALY","HP_DOLICHOCEPHALY","199","-0.2625135721334315","-1.225557216733391","0.0357540459666547960626559","0.374171814381733913724","0.237579874781246563886","2371","tags=24%, list=17%, signal=20%","PRIM1/BRCA1/ASXL3/KMT2A/PREPL/DHCR24/MN1/ORC4/PEX3/XRCC2/FANCB/RUSC2/YY1/SCN4A/IFT140/ITCH/PI4KA/PEX1/IFT81/IPO8/PPP2R5D/INPPL1/MVK/CEP57/NSD1/FBN1/HSD17B4/EXTL3/PEX2/DYM/EXOC6B/WDR19/VDR/SCYL2/NFIX/GJA5/RAB39B/OGDHL/CILK1/ERGIC1/BRAF/DLX3/ATRX/DMXL2/RFX7/KRAS/KMT2E/KCNJ5","0.3217759180753611"
"HP_LIMB_MUSCLE_WEAKNESS","HP_LIMB_MUSCLE_WEAKNESS","327","-0.2410954510039653","-1.224547401583578","0.0411699359273903359168756","0.398113682261270918072","0.252781730597800569083","2098","tags=22%, list=15%, signal=19%","SNUPN/LRP12/BAG3/ADSS1/RFXAP/PIK3CA/HK1/FMR1/CYP27A1/VWA1/MTHFR/GDAP1/LAMP2/SCN4A/MAPT/VHL/PI4KA/ASAH1/TBK1/B4GALNT1/PPARGC1A/VPS13D/EGR2/GJB1/CPT1C/ALAD/GNE/KLC4/KIF5A/MATR3/SNAP25/LRSAM1/RNF170/EXTL3/NIPA1/TIA1/AR/TRPV4/DYSF/CHMP2B/DES/DYM/MME/FA2H/RETREG1/SCYL2/TNNT1/SARDH/SBF2/NF1/UBQLN2/KIF1A/DHTKD1/SLC12A6/KCNJ10/DNMT3B/KIF1B/KPNA3/VPS13A/ATP1A1/ERGIC1/HMGCR/SPAST/SUFU/SYNE1/TRIM32/LPIN1/MAP3K20/DMXL2/DDHD2/CHRND/PDK3/GYG1","0.3217759180753611"
"HP_ABNORMALITY_OF_THE_AMNIOTIC_FLUID","HP_ABNORMALITY_OF_THE_AMNIOTIC_FLUID","427","-0.2343991496277193","-1.220046304294494","0.0418863052668056179417277","0.401925211458677933418","0.255201855777302144546","2208","tags=22%, list=15%, signal=19%","KIAA0586/ZBTB42/TCTN2/LBR/RIT1/WNT9B/XRCC2/FANCB/PAFAH1B1/TMEM107/ADAMTSL2/ADCY6/SOX9/MTHFR/NRTN/INSR/TRPV6/KDM6A/SCN4A/PHIP/PI4KA/IPO8/MAGED2/IFIH1/ASXL1/CSNK2A1/INPPL1/CHD7/SHOC2/CEP57/FREM2/IARS1/MYLK/SEMA3E/ALB/FBN1/AMER1/HSD17B4/CHD8/ACE/CERT1/TBC1D24/SNAP25/EXTL3/MAFB/FKBP14/PKHD1/DYNC2LI1/ENPP1/GPC3/SEC24C/PRRX1/DOCK6/SCYL2/HS2ST1/ROBO1/ABCB4/CBL/PCGF2/AMMECR1/SEC24D/SATB1/SIN3A/VANGL2/CILK1/ERGIC1/BRAF/COG5/SLC25A12/SPRED2/PBX1/PLAG1/SLC26A2/GNPTAB/SYNE1/TUBA1A/THOC2/SKIC3/SV2A/MAP3K20/CHRND/SEMA3D/RERE/GPC4/ATP7A/JMJD1C/SEMA3C/KRAS/SLC16A2/SREBF1/ERBB3/FGF20","0.3217759180753611"
"HP_ABNORMAL_BLOOD_ION_CONCENTRATION","HP_ABNORMAL_BLOOD_ION_CONCENTRATION","317","-0.2417246715822364","-1.219176438153228","0.0468187972400526744576332","0.418198034980140742611","0.265534262511237129090","2862","tags=27%, list=20%, signal=22%","AIRE/CSF1R/PSTPIP1/CLIP2/GTF2IRD1/WNK1/SOX5/FAM20C/ABCD3/SYK/KCNE2/SETD2/CCDC134/TICAM1/INVS/ABCC6/NOTCH3/METTL27/MEN1/PIK3C2A/PREPL/HFE/SLC30A9/OCRL/SCN5A/GALNT3/INSR/SCN4A/VHL/CDC73/EIF2AK3/TBK1/RRAGD/NR3C2/MAGED2/INPPL1/CHD7/NNT/IARS1/EHHADH/NSD1/ALAD/GTF2I/BCL6/ALK/AKAP9/PKHD1/ENPP1/CCBE1/GPC3/SEC24C/ZNRF3/SNX10/FOCAD/KCNH2/USP8/UBR1/SLC11A2/EPAS1/VDR/USP53/NF1/CDKN1B/SCN4B/BMP2/CTNNB1/CNNM2/KCNJ10/BMPR1A/KIF1B/ATP1A1/BRAF/SAMD9/PBX1/MLXIPL/SKIC3/LPIN1/SLC39A8/DBH/RFX7/ATP7A/JMJD1C/KRAS/SLC5A1/KCNJ5/TNFRSF11B","0.3217759180753611"
"HP_LOWER_EXTREMITY_JOINT_DISLOCATION","HP_LOWER_EXTREMITY_JOINT_DISLOCATION","292","-0.2423318860368212","-1.212055907871178","0.0482131853022645592843354","0.419938355367843518806","0.266639276528588597959","2824","tags=27%, list=20%, signal=22%","SIL1/CLIP2/RUNX2/GTF2IRD1/NKX3-2/AFF3/SELENON/ADAMTS2/SLC12A2/SHROOM4/CDON/HOXA11/METTL27/BRCA1/ZC4H2/BPNT2/IARS2/DLL1/LARGE1/OCRL/XRCC2/FANCB/PAFAH1B1/PIK3CA/HK1/ADAMTSL2/MAP3K7/ARFGEF2/SOX9/YY1/KDM6A/SMC3/EIF2AK3/TRIM8/IPO8/PPP2R5D/IFIH1/MCTP2/ATP6V1A/CRIPTO/GTF2I/RAD21/SNAP25/TMTC3/COL27A1/USP9X/KANSL1/PRKACB/LMX1B/GPC3/SEC24C/TRIM33/EXOC6B/GJA1/PTCH1/PYCR1/SHH/SCYL2/APC/NFIX/FGFRL1/CHST11/ERGIC1/STXBP1/NIPBL/ECEL1/CLCN3/SLC26A2/GNPTAB/CSGALNACT1/SYNE1/STAG2/LRP1/MAP3K20/THRA/GPC4/ATP7A/JMJD1C/DPYSL5","0.3217759180753611"
"HP_ABNORMALITY_OF_THE_PANCREAS","HP_ABNORMALITY_OF_THE_PANCREAS","273","-0.2462096777736004","-1.210201920146979","0.0355489422432769958115628","0.372727305746962722655","0.236662686026298724196","2749","tags=26%, list=19%, signal=21%","GK/KCNAB2/TMEM67/MADD/PRSS1/LMF1/HLA-B/PCCA/NOTCH3/MEN1/PARN/PRIM1/BRCA1/CHEK2/LHX1/CTC1/TCTN2/HFE/LBR/PIK3CA/TMEM107/SMARCAL1/YY1/INSR/TRPV6/KCNJ11/IFT140/VHL/CDC73/CTLA4/EIF2AK3/ASXL1/PRDM16/MSH6/TCF4/EPCAM/PALLD/APPL1/EFL1/ERAP1/PMS1/PKHD1/GPC3/NEUROD1/ABCC8/MSH2/WDR19/FOCAD/TLR4/UBR1/STRA6/LPL/CASZ1/BICC1/CDKN1B/APC/NPAT/ABCB4/ACVR1B/STAT3/BMPR1A/KLRC4/CNOT1/SEMA4D/SKIC3/RNF43/RERE/GPC4/KRAS/ZMYM3/PRSS2","0.3217759180753611"
"HP_JOINT_DISLOCATION","HP_JOINT_DISLOCATION","361","-0.2361060691942516","-1.208755520379599","0.0412334784188282052475039","0.398113682261270918072","0.252781730597800569083","2785","tags=26%, list=19%, signal=22%","CLIP2/RUNX2/GTF2IRD1/CHRNA1/NKX3-2/AFF3/SELENON/ADAMTS2/SLC12A2/SHROOM4/MPLKIP/CDON/HOXA11/METTL27/BRCA1/ZC4H2/BPNT2/NAE1/LBR/ORC4/IARS2/DLL1/LARGE1/OCRL/XRCC2/FANCB/GPC6/PAFAH1B1/PIK3CA/HK1/ADAMTSL2/MAP3K7/ARFGEF2/SOX9/YY1/KDM6A/SMC3/EIF2AK3/TRIM8/IPO8/PPP2R5D/IFIH1/ASXL1/MCTP2/ATP6V1A/CRIPTO/FBN1/GTF2I/RAD21/SNAP25/TMTC3/COL27A1/USP9X/PPFIA3/EXTL3/MAFB/KANSL1/C1R/PRKACB/LMX1B/GPC3/SEC24C/TRIM33/EXOC6B/GJA1/C1S/PTCH1/PYCR1/SHH/VDR/SCYL2/APC/NFIX/FGFRL1/CHST11/TGFBR1/ERGIC1/STXBP1/NIPBL/ECEL1/CLCN3/SLC26A2/GNPTAB/CSGALNACT1/SYNE1/STAG2/LRP1/MAP3K20/THRA/CHRND/GPC4/ATP7A/JMJD1C/DPYSL5/TNFRSF11B","0.3217759180753611"
"HP_ABNORMAL_LARGE_INTESTINE_MORPHOLOGY","HP_ABNORMAL_LARGE_INTESTINE_MORPHOLOGY","401","-0.2347359379082223","-1.201322251024462","0.0446885605557327605930062","0.411831394706810849371","0.261491773096543256294","2006","tags=20%, list=14%, signal=18%","XRCC2/FANCB/JAK3/PIK3CA/PTPN12/MAP3K7/PIBF1/NRTN/INSR/NPHP1/PI4KA/CTLA4/JAK1/MSH6/KIFBP/CEP57/FREM2/MYLK/TCF4/NSD1/EPCAM/PTPRJ/PALLD/GTF2I/NOD2/CHD8/ALK/ARL6/CASP10/PMS1/COG6/CEP120/CCBE1/CARD8/SEC24C/BBS10/DDX3X/POLA1/DYM/MSH2/C1S/IL10RA/CCDC28B/FRYL/UBR1/OPLAH/NF1/APC/BBS4/BBS9/BACH2/NPAT/SCAPER/PLCG2/CTNNB1/STAT3/BMPR1A/LRBA/BBS2/BRAF/NIPBL/SEMA4D/MLXIPL/SUFU/ATRX/TUBA1A/TRIM32/SKIC3/RNF43/BCOR/DACT1/SEMA3D/ATP7A/JMJD1C/SEMA3C/DOCK11/KRAS/SREBF1/ERBB3/ABCB1","0.3217759180753611"
"HP_KYPHOSIS","HP_KYPHOSIS","435","-0.2298906654247026","-1.197387657786958","0.0483453229034955384024741","0.420430296361071542677","0.266951633780200370261","2848","tags=26%, list=20%, signal=21%","PHF8/CSF1R/SIL1/TUBB4A/DLL3/CLIP2/RUNX2/ERCC8/GTF2IRD1/KCNAB2/MADD/MEIS2/NKX3-2/SELENON/RAB3GAP2/SPG11/HLA-B/SHROOM4/MPLKIP/SETD5/ABCC6/NOTCH3/METTL27/PIK3C2A/SLC52A3/GLB1/ZC4H2/UBA1/VPS13B/NARS1/RAB23/LBR/AP1G1/HERC1/PTPN11/SMC5/MBTPS1/FLVCR1/OCRL/PIK3CA/PSAP/HES7/DNA2/SMARCAL1/CYP27A1/SOX9/TBC1D20/GDAP1/SCN4A/MAPT/PI4KA/CRLF1/IPO8/PRDM16/MVK/EGR2/GJB1/ATP6V1A/NSD1/PPP1R12A/KCNN3/FBN1/MED12L/GTF2I/AMER1/CHD8/SNAP25/TMEM165/EXTL3/KANSL1/FKBP14/TRPV4/CDKL5/DYM/FA2H/MAP2K1/PTCH1/USP8/CASZ1/TNNT1/SBF2/NF1/ASXL2/NFIX/FGFRL1/HS2ST1/PLOD2/KMT2C/POP1/SEC24D/SIN3A/TCF12/BRAF/SPRED2/MLXIPL/COPB1/SLC26A2/GNPTAB/SYNE1/ATRX/BCOR/ARID2/MAP3K20/RERE/PHF6/ATP7A/KRAS/SLC16A2/SH3PXD2B/DPYSL5/KMT2E/ZMYM3/TNFRSF11B","0.3217759180753611"
"HP_DIARRHEA","HP_DIARRHEA","353","-0.2375639219337672","-1.195478228602574","0.0237012509846886848530190","0.318134907540857547747","0.201999318473492478487","3078","tags=29%, list=22%, signal=23%","ATM/MAOA/PHKA2/LIG4/MYO5B/HACE1/SMARCD2/TLK2/ACVRL1/MAN2B2/SERPING1/AIRE/DGAT1/PSTPIP1/MPI/SCN9A/ERCC8/ATP5F1A/SP110/MADD/ADNP/SYK/HLA-B/RUNX1/MEN1/BRCA1/ALDH4A1/CR2/IL2RA/GFI1/MCM6/RFXAP/ADA/JAK3/CYP27A1/NRTN/PKP1/ITCH/PI4KA/CTLA4/ASAH1/IPO8/NR3C2/PPP2R5D/IFIH1/ASXL1/ZNFX1/ADAM17/CHD7/MVK/NNT/ANAPC1/EPCAM/ALAD/PALLD/NOD2/CHD8/ALK/EFL1/ERAP1/COG6/REL/TCN2/CARD8/POLA1/DES/IL10RA/PHKB/FOCAD/TLR4/OPLAH/CDKN1B/APC/BACH2/RFX5/ABCB4/CBL/STAT3/DNMT3B/BMPR1A/DNAJC6/KLRC4/KIF1B/VPS13C/LRBA/SAMD9/DNASE2/TFRC/ATRX/SKIC3/TAOK1/DBH/TET2/SEMA3D/ATP7A/SEMA3C/DOCK11/KRAS/SLC5A1/SREBF1/ERBB3/SAT1","0.3524878575836192"
"HP_ABNORMAL_NUMBER_OF_TEETH","HP_ABNORMAL_NUMBER_OF_TEETH","375","-0.2301790992864737","-1.179790832303284","0.0467460872461582868653274","0.418198034980140742611","0.265534262511237129090","2785","tags=29%, list=19%, signal=24%","CLIP2/SATB2/RUNX2/CFAP418/ERCC8/GTF2IRD1/SYNGAP1/CDC42BPB/ADNP/YWHAG/RIC1/ADAMTS2/SUMO1/MAF/CDON/METTL27/PARN/PIK3C2A/KMT2A/KCNA2/VPS13B/CTC1/RAB23/CACNA2D1/CENPE/RBBP8/DLL1/PPP3CA/OCRL/MAP3K7/DNA2/CELF2/CDH1/SMARCAL1/CTSC/POU4F1/BCL11B/EDA/CYFIP2/NPHP1/SLC38A3/KDM6A/DPP6/CHD7/KIFBP/ANAPC1/ATP6V1A/NSD1/GABRB2/CEP152/CRIPTO/KCNN3/GTF2I/RAD21/DLX4/ARL6/EEF1A2/C1R/PRKACB/DYNC2LI1/CCBE1/NHS/BBS10/NIN/GJA1/C1S/WDR19/PTCH1/ARHGEF38/CCDC28B/UBR1/SHH/EDAR/CDH3/APC/BBS4/BBS9/FGFRL1/PUM1/CEP295/POP1/SCAPER/SMOC2/REV3L/MSX2/CTNNB1/AMMECR1/IL17RD/BBS2/COBLL1/TCF12/SEMA3A/CNOT1/DNM1/MLXIPL/CDK19/CUX1/SUFU/DLX3/STAG2/TRIM32/BCOR/LRP6/ACSL4/FLRT3/CHD6/SCN3A/KCNJ5/KREMEN1","0.3217759180753611"
NA,NA,NA,NA,NA,NA,NA,NA,NA,NA,"",NA
NA,NA,NA,NA,NA,NA,NA,NA,NA,NA,"",NA
