"Query Name","Rank","Scaled Rank","Set_name","TF","Intersect","Set length","FET p-value","FDR","Odds Ratio","Library","Overlapping_Genes"
"DEG_MVL_TOR10","1","0.00336700000000000","FOXM1","FOXM1","166","1452","0.00000000000000000001435","0.00000000000000000426","2.4500000000000002","ReMap--ChIP-seq","MDC1,GTSE1,PIF1,CDCA2,PARPBP,CDCA5,CDCA8,NCAPH,HEXIM1,PRRT2,GPR19,DUSP5,INCENP,CKS2,CENPA,NEURL1B,CENPU,CENPF,CENPL,CENPN,NCAPD2,CDKN3,HR,NEK2,KMT5A,KPNA2,UBALD2,CDC25C,INO80B,TROAP,BMF,NDC80,FOXM1,ITGB6,BIRC5,RNFT2,PBXIP1,PARD6B,PRC1,CCNF,CDC20,FBXO5,TMPO,KIF20A,KIF20B,EPHA2,ANLN,KIF14,KIF11,MIS18BP1,TNFRSF12A,KIF23,KIF22,KIF2C,PCNT,PAK4,TFAP4,CFAP161,TACC3,BUB1B,TTF2,BORA,GEM,PLD1,CCNB2,CCNB1,ECT2,UBE2C,ARHGEF39,UBE2S,AMOTL2,MXD3,PHF19,HP1BP3,HMGB2,LMNB2,LMNB1,CIP2A,CCNA2,SFPQ,PSRC1,MVP,AURKB,AURKA,RRM2,NUP37,SMC4,MYC,JUNB,IER3,DKK1,KNSTRN,PRR11,RHNO1,SKA2,RAD21,CDK19,PLK1,FOSL1,C1QTNF6,PBK,TK1,CEP55,CIT,BRD8,CDKN2D,CDKN2C,TUBB4B,MZT1,HJURP,OIP5,THOC6,LBHD1,HMMR,ITPRIPL1,AKIRIN2,REEP4,BCL3,CDK1,RAD9B,LBR,PLEKHG2,CKAP2L,ASPM,ESPL1,SAPCD2,MTFR2,SEMA3B,TTK,FZR1,RNF26,KIAA0586,ARL6IP1,MKI67,CHEK2,PIMREG,GADD45B,TPX2,ANP32E,KLLN,TOP2A,TNFAIP8L1,TUBB,TFF1,DTYMK,METTL4,ZWILCH,NUCKS1,PTTG1,CSKMT,NUSAP1,GAS2L3,TEDC1,FAM83D,MARK4,STIL,KIF18A,KIF18B,GPSM2,CKS1B,DBP,CKAP2,CKAP5,HSH2D,BUB1,TICRR"
"DEG_MVL_TOR10","2","0.00673400000000000","IRF3","IRF3","108","1442","0.00005995000000000000030","0.00889999999999999993","1.5369999999999999","ReMap--ChIP-seq","MDC1,DDX39A,CDCA2,CDCA3,CDCA8,RNF215,HEXIM1,FERMT3,JAK3,DLGAP5,INCENP,CENPA,UNG,CNPY4,CENPF,CENPM,CDKN3,ZNF695,TOM1,KMT5A,UBALD2,MSH5,IGFALS,INO80B,BLM,TROAP,BCL2L12,BMF,SP2,PBXIP1,CDC45,CDC20,FBXO5,TMPO,THAP8,TNFSF13,TMEM150A,TNFRSF12A,SERTAD1,PCNT,SPC24,CCDC163,ECT2,UBE2C,ACTL10,MXD4,PHTF2,HMGB2,SFPQ,TMEM45A,AURKB,RRM2,EPOR,RSPH1,RBM42,JUNB,ZC2HC1C,PRR11,ASF1B,WDR62,SKA2,PHF1,ING1,TCF19,CIT,KIFC1,TUBB4B,MORN4,ADM5,RAB3A,ERF,MRI1,HMMR,FANCM,FANCG,CNOT3,DRC3,PLEKHG2,CKAP2L,ASPM,MCM5,MTFR2,DCAF15,RNF26,KCNJ14,CCDC61,RPS6KA5,PCLAF,WDPCP,GADD45B,ZWINT,TPX2,ANP32E,TOP2A,TUBB,BBS12,RAD54L,EMC9,NRL,TEDC1,ARHGAP19,STIL,ARHGAP33,DIAPH3,CKS1B,DBP,TICRR,CDK2AP2"
"DEG_MVL_TOR10","3","0.01010000000000000","E2F4","E2F4","107","1452","0.00011610000000000000311","0.01149999999999999981","1.5100000000000000","ReMap--ChIP-seq","MDC1,DDX39A,CDCA2,CDCA3,CDCA5,CDCA8,HEXIM1,PRRT2,FERMT3,GPR19,CENPA,RECQL4,CNPY4,CENPU,CENPM,NCAPD2,NAB2,FADS2,SLC16A3,UBALD2,CDC25C,MSH5,INO80B,LRRC56,TROAP,FBXO43,PKMYT1,LIN7B,BCL2L12,TNFRSF14,FOXM1,BIRC5,PBXIP1,CCNF,CDC20,RASSF1,FBXO5,TMPO,CCDC78,KIF20A,TSPAN4,SUV39H1,KIF11,PCSK4,IL11,TNFRSF12A,KIF22,SERTAD1,PCNT,CD72,TFAP4,TACC3,SPC24,ARHGEF39,UBE2S,MXD4,LMNB2,LMNB1,MYBL2,VGF,MVP,AURKB,TAS1R3,RRM2,EPOR,NAA80,MYC,JUNB,IER3,PRR19,ASF1B,FOSL1,PHF1,ING1,TK1,BRD8,CDKN2D,CDKN2C,TUBB4B,ADM5,RAB3A,THOC6,ERF,FANCG,WRAP53,PLEKHG2,ESPL1,SAPCD2,SEMA3B,TGFBR3L,RNF26,GADD45B,ANP32E,TUBB,GP1BA,DTYMK,TYMP,TRIP13,DSCC1,NRM,TMEM145,CSKMT,TEDC1,EFNB3,ARHGAP33,CKS1B,DBP"
"DEG_MVL_TOR10","4","0.01347000000000000","NFYB","NFYB","100","1452","0.00154199999999999996791","0.11400000000000000411","1.4039999999999999","ReMap--ChIP-seq","RFX5,PIF1,CDCA3,CDCA8,HEXIM1,PRRT2,FERMT3,INCENP,PKN3,RECQL4,CNPY4,CENPU,FADS2,KPNA2,UBALD2,PKMYT1,LIN7B,PORCN,ODF2,PPP1R15A,PBXIP1,CDC20,RASSF1,TMPO,KIF20A,NUMBL,TSPAN4,XRCC4,SUV39H1,PCSK4,CD37,IL11,KIF22,SERTAD1,TFAP4,TACC3,TBC1D31,LMTK3,MR1,CCNB1,UBE2S,SUN2,ARHGEF19,VGF,GALT,MVP,AURKB,RRM2,EPOR,RBM42,MYC,PRR19,HOXC9,FZD2,FOSL1,TNFSF9,PHF1,ING1,C1QTNF6,TCF19,GCNT2,BRD8,CDKN2D,TUBB4B,RAB3A,USP2,VRK1,LBHD1,ERF,NATD1,ZNF546,FANCM,FANCG,CNOT3,RAD9B,DRC3,CALCOCO1,LBR,PLEKHG2,DCAF15,FBXL20,FZR1,TNNI3,KCNJ14,RPS6KA5,KNL1,SMTN,TNFAIP8L1,BTN3A3,EMC9,MPHOSPH9,NRL,CSKMT,IL11RA,ACBD7,ARHGAP33,CKS1B,DBP,KLF10,CDK2AP2"
"DEG_MVL_TOR10","5","0.01684000000000000","E2F1","E2F1","93","1453","0.01342999999999999923006","0.71299999999999996714","1.2980000000000000","ReMap--ChIP-seq","DDX39A,CDCA3,RNF215,HEXIM1,PRRT2,MLLT11,PKN3,RECQL4,CNPY4,CENPT,NAB2,HR,SLC16A3,ACAP1,INO80B,DLX2,PKMYT1,LIN7B,BCL2L12,BMF,PBXIP1,PARD6B,CDC45,SLC23A3,RASSF1,FBXO5,TMPO,CCDC78,TSPAN4,TNFSF13,PCSK4,TMEM150A,TNFRSF12A,KIF22,SERTAD1,CAMK2N2,CD72,TFAP4,TACC3,ARHGEF39,UBE2S,ACTL10,HMGB2,LMNB2,LMNB1,VGF,GALT,MVP,AURKB,TAS1R3,RRM2,RBM42,SERPINE1,NAA80,MYC,STMN1,HOXA6,JUNB,ZC2HC1C,PRR19,HMOX1,HOXC9,FOSL1,ING1,PDF,CDKN2D,CDKN2C,TUBB4B,THOC6,LBHD1,ERF,FANCG,REEP4,PLEKHG2,SAPCD2,SEMA3B,TGFBR3L,HIRIP3,GADD45B,ANP32E,TUBB,GP1BA,TYMP,EMC9,NRL,CSKMT,IL11RA,TEDC1,ALDH3B1,MARK4,CKS1B,DBP,KLF10"
"DEG_MVL_TOR10","6","0.02020000000000000","E2F5","E2F5","92","1440","0.01440999999999999919842","0.71299999999999996714","1.2949999999999999","ReMap--ChIP-seq","CDCA2,PARPBP,CDCA3,CDCA5,CDCA8,IQGAP3,NCAPH,PRRT2,ABCA5,SASS6,GPR19,NCAPG2,SMPD3,CENPA,CENPT,CENPU,CENPF,CENPO,FADS2,NPTXR,BLM,FBXO48,NDC80,BIRC5,PPP1R15A,CDC45,SLC25A37,PRC1,PPP1R14D,RASSF1,RACGAP1,OTUD7A,BRCA2,PTPRH,KIF15,KIF22,DEPDC1,KIF2C,PCNT,MIS18A,TFAP4,AUNIP,SPC24,SPC25,BUB1B,TBC1D31,CCDC163,GEN1,GRK4,UBE2S,PHF19,HP1BP3,HMGB2,LMNB1,CCNA2,VGF,AURKB,AURKA,NUP37,SERPINE1,NAA80,CDK5RAP2,SKA1,REN,TK1,ZNF331,VRK1,MELK,ERF,AKIRIN2,CDK1,WIPI1,RANGAP1,ESPL1,MTFR2,MKI67,CHEK2,KNL1,ZWINT,TPX2,SLC44A4,METTL4,RAD54L,TMEM145,EME1,LIG1,SGO1,FANCD2,STIL,KIF18B,MNS1,DBF4B"
"DEG_MVL_TOR10","7","0.02357000000000000","TFDP1","TFDP1","88","1445","0.04254000000000000142331","1.00000000000000000000","1.2310000000000001","ReMap--ChIP-seq","MDC1,ZFYVE28,DDX39A,NCAPH,HEXIM1,PRRT2,GPR19,TUBA1B,PKN3,UNG,RECQL4,CNPY4,CENPU,NCAPD2,FADS2,KMT5A,SLC16A3,MSH5,LRRC56,TROAP,PKMYT1,LIN7B,BCL2L12,BMF,TNFRSF14,TNFRSF1B,BIRC5,PPP1R15A,PBXIP1,PARD6B,CDC45,FBXO6,FBXO5,TMPO,CCDC78,EGR1,PCSK4,KIF22,KIF2C,SERTAD1,PCNT,GRIN1,TFAP4,TACC3,AUNIP,SPC24,GRK6,UBE2S,PHF19,LMNB1,MYBL2,VGF,MVP,AURKB,RRM2,STMN1,JUNB,IER3,FOSL1,EHD2,PHF1,TK1,KIFC1,PLCB2,CDKN2D,CDKN2C,TUBB4B,ADM5,STKLD1,USP2,ERF,ITPRIPL1,AKIRIN2,FANCG,DNMT3B,CKAP2L,HIRIP3,RNF26,RHEBL1,PCLAF,ANP32E,TUBB,NRM,CCDC28B,CSKMT,CKS1B,DBP,KLF10"
"DEG_MVL_TOR10","8","0.02694000000000000","CTCF","CTCF","88","1453","0.04710999999999999909850","1.00000000000000000000","1.2240000000000000","ReMap--ChIP-seq","LIPE,CDCA3,HEXIM1,PRRT2,FOXL2NB,DYNLL1,RECQL4,CENPM,LGR6,NAB2,HR,FADS2,ACAP1,TROAP,PKMYT1,LIN7B,BCL2L12,PBXIP1,SLC23A3,RASSF1,CCDC78,ADGRB2,TSPAN4,TNFSF13,CCDC9B,TH,TNFRSF12A,CRYBA2,CD72,TFAP4,PCDHB16,TACC3,PDGFRB,GPD1,NXPH3,GRK6,MXD3,TNFAIP2,LTB4R,PITPNC1,VGF,GALT,MVP,TAS1R3,EPOR,NAA80,HOXA6,JUNB,PRR19,HOXB4,HOXC9,FOSL1,PYGM,C1QTNF6,PLCB2,HBEGF,ADCY4,CKB,CDKN2D,TUBB4B,ADM5,STKLD1,THOC6,LTB4R2,REEP4,ESAM,PLEKHG2,SAPCD2,SEMA3B,TGFBR3L,TNNI3,RNF26,RHEBL1,SMIM5,TOP2A,TNFAIP8L1,ALOX12B,TMEM145,PCDHA10,TEDC1,CDH24,NR4A1,CKS1B,PCDHGA6,PCDHGA1,RNF207,PALM3,FMNL1"
"DEG_MVL_TOR10","9","0.03030000000000000","RFX5","RFX5","87","1453","0.05888000000000000178080","1.00000000000000000000","1.2090000000000001","ReMap--ChIP-seq","MDC1,TESK1,RFX5,HEXIM1,PRRT2,CKS2,UNG,RECQL4,CNPY4,PSMB8,SESN3,KMT5A,SLC16A3,UBALD2,INO80B,DLX2,PKMYT1,BCL2L12,PPP1R15A,PBXIP1,PARD6B,RILP,ERRFI1,TMPO,XRCC1,MC1R,SECTM1,PTPRH,IL11,TMEM150A,TNFRSF12A,SERTAD1,TFAP4,MR1,GPD1,ISG20,PROC,TNFAIP1,VGF,MVP,AURKB,MAPK10,RBM42,SERPINE1,NAA80,MYC,JUNB,IER3,PRR19,ASF1B,FOSL1,TNFSF9,PHF1,TCF19,KIFC1,CDKN2D,TUBB4B,RAB3A,USP2,THOC6,ERF,FANCG,CNOT3,DRC3,PLEKHG2,WIPI1,SAPCD2,CDNF,SEMA3B,RNF26,SRRM5,SLC44A4,BTN3A1,TUBB,BTN3A3,EMC9,NRL,TEDC1,ALDH3B1,CDH24,ARHGAP33,CKS1B,DBP,KLF10,CKAP2,PPP2R5D,CDK2AP2"
"DEG_MVL_TOR10","10","0.03367000000000000","CEBPZ","CEBPZ","86","1443","0.06490999999999999547917","1.00000000000000000000","1.2030000000000001","ReMap--ChIP-seq","STARD5,DDX39A,CDCA3,CDCA5,HEXIM1,PRRT2,JAK3,INCENP,UNG,CNPY4,CENPK,ZNF695,NAB2,TOM1,UBALD2,MSH5,IGFALS,INO80B,BLM,LRRC56,TROAP,BCL2L12,MED30,BCL2L15,SP2,RNFT2,PBXIP1,CCNF,CDC20,XRCC4,TNFSF13,KIF22,KIF2C,SPC24,CCDC163,MXD4,PHTF2,SUN2,SFPQ,EPOR,RBM42,ZNF165,ZC2HC1C,PRR11,ASF1B,SKA2,ING1,TCF19,CIT,TUBB4B,ADM5,RAB3A,LBHD1,ERF,MRI1,FANCG,CNOT3,DRC3,PLEKHG2,CKAP2L,MCM5,MTFR2,DCAF15,POLR2A,TNNI3,CEP152,KCNJ14,CCDC61,HDAC11,PCLAF,TPX2,ANP32E,TOP2A,PCF11,BBS12,RAD54L,EMC9,NRL,CSKMT,TEDC1,MARK4,ARHGAP33,DIAPH3,CKS1B,BRD3OS,CDK2AP2"
"DEG_MVL_TOR10","11","0.03704000000000000","MYBL2","MYBL2","85","1451","0.08748000000000000220268","1.00000000000000000000","1.1810000000000000","ReMap--ChIP-seq","MDC1,CDCA3,IQGAP3,HEXIM1,PRRT2,LYZ,GPR37,CKS2,NCAPD2,CDKN3,NEK2,KPNA2,SLC16A3,CDC25C,INO80B,ATP7B,BIRC5,ERRFI1,CDC20,RASSF4,FBXO5,TMPO,KIF20B,ZHX2,KIF22,KIF2C,CCDC163,PLD1,CCNB1,UBE2C,CLK1,MXD3,PHF19,HMGB2,LMNB2,LMNB1,SFPQ,VGF,SHANK2,MVP,AURKB,TCIM,SERPINE1,NAA80,MYC,CDK5RAP2,IER3,DEPDC1B,PRR11,SKA2,RAD21,COL21A1,CCL20,NDE1,DEPTOR,HMMR,AKIRIN2,CCDC18,CDK1,LBR,PLEKHG2,APOA1,RANGAP1,ASPM,RNF26,CHEK2,ESCO2,WDPCP,LIAS,GADD45B,TPX2,TOP2A,TUBB,MTSS1,DSCC1,NRL,NUCKS1,HGD,ARHGAP19,NID1,FAM83D,STIL,KIF18A,CKS1B,CKAP2"
"DEG_MVL_TOR10","12","0.04040000000000000","MAZ","MAZ","84","1453","0.10860000000000000208722","1.00000000000000000000","1.1650000000000000","ReMap--ChIP-seq","MDC1,CDCA3,HEXIM1,PRRT2,FERMT3,RECQL4,CNPY4,NAB2,HR,SLC16A3,ACAP1,MSH5,INO80B,LRRC56,PKMYT1,LIN7B,BCL2L12,TNFRSF14,PBXIP1,RASSF1,CCDC78,ENTPD8,EPHA2,TSPAN4,TNFSF13,CCDC9B,MC1R,CSRNP1,PCSK4,IL11,TNFRSF12A,KIF22,SERTAD1,TFAP4,PDGFRB,TNFAIP2,LMNB2,VGF,GALT,MVP,AURKB,TAS1R3,EPOR,SERPINE1,NAA80,JUNB,IER3,PRR19,HOXB4,S100A14,HOXC9,FOSL1,EHD2,PHF1,CKB,TUBB4B,RAB3A,THOC6,ERF,REEP4,BCL3,PLEKHG2,SAPCD2,SEMA3B,TGFBR3L,TNNI3,RNF26,AHNAK2,GADD45B,VASN,TUBB,TYMP,NRM,TMEM145,IL11RA,TEDC1,ALDH3B1,MARK4,NR4A1,CKS1B,DBP,DNLZ,PALM3,FMNL1"
"DEG_MVL_TOR10","13","0.04377000000000000","MBD3","MBD3","83","1441","0.11609999999999999487077","1.00000000000000000000","1.1599999999999999","ReMap--ChIP-seq","PRRT2,NEBL,MLLT11,FERMT3,RECQL4,CNPY4,NAB2,SLC16A3,DLX2,TROAP,PKMYT1,LIN7B,SP2,PARD6B,CCDC78,ENTPD8,EPHA2,SLC45A3,PEX11B,MC1R,CSRNP1,SECTM1,IL11,TNFRSF12A,KIF22,PCNT,PAK4,GRIN1,CFAP161,SPC24,KLHL35,SPINK4,LMTK3,NXPH3,CACNA1G,GRK6,TNFAIP2,PITPNC1,PSRC1,VGF,SHANK2,MVP,ATOH8,SERPINE1,MYC,HOXA6,JUNB,PRR19,S100A14,HOXC9,FOSL1,REN,MESP2,PRSS36,TUBB4B,RAB3A,THOC6,ERF,RASAL1,BCL3,PLEKHG2,SAPCD2,SEMA3B,AHNAK2,HDAC11,OVOL1,NECAB2,SMIM5,NTSR1,ANP32E,TFF1,TUBD1,TMEM145,TEDC1,ALDH3B1,MARK4,NR4A1,CHTF18,CKS1B,DBP,DNLZ,PALM3,PCED1B"
"DEG_MVL_TOR10","14","0.04714000000000000","FOXP1","FOXP1","83","1451","0.12820000000000000839329","1.00000000000000000000","1.1519999999999999","ReMap--ChIP-seq","CDCA3,CDCA7,NCAPG,NCAPH,HEXIM1,PRRT2,FERMT3,GPR19,BHLHE41,DYNLL1,PKN3,CNPY4,NCAPD2,NAB2,CDC25C,INO80B,DLX2,LIN7B,BCL2L12,BMF,SP8,PBXIP1,PRC1,SLC23A3,TMPO,ID4,KIF11,MIS18BP1,TNFRSF12A,KIF22,KIF2C,CD72,TACC3,PRDM1,ACTL10,PHTF2,TNFAIP1,LMNB2,PITPNC1,LMNB1,MASTL,MVP,AURKB,RSPH1,SMC4,MYC,HOXA6,JUNB,HOXC9,FOSL1,ING1,RASSF10,RPL17,CDKN2C,TUBB4B,ADM5,THOC6,LBHD1,ERF,HMMR,RAD51AP1,ITPRIPL1,FANCG,WRAP53,LBR,PLEKHG2,SEMA3B,GADD45B,TPX2,ANP32E,TOP2A,PCF11,IZUMO4,EMC9,NRL,CCDC28B,CSKMT,CDH24,NR4A1,CKS1B,DBP,CKAP2,PCED1B"
"DEG_MVL_TOR10","15","0.05051000000000000","TCF7L2","TCF7L2","83","1451","0.12820000000000000839329","1.00000000000000000000","1.1519999999999999","ReMap--ChIP-seq","MDC1,LIPH,CDCA5,PDGFB,RNF215,HEXIM1,PRRT2,BHLHE41,DUSP5,CENPA,CNPY4,NAB2,SLC16A3,MSH5,INO80B,DLX2,PKMYT1,SOCS2,BMF,SP8,PBXIP1,PARD6B,ERRFI1,CDC20,RASSF1,TMPO,CCDC78,EPHA2,TSPAN4,MC1R,SECTM1,TNFRSF12A,KIF22,TFAP4,SPC24,IL6R,PLD1,AMOTL2,TNFAIP2,PITPNC1,VGF,MVP,AURKB,ATOH8,TAS1R3,EPOR,SERPINE1,NAA80,MYC,HOXA6,JUNB,IER3,DKK1,HOXB4,HOXC9,FOSL1,ING1,CDKN2C,THOC6,LBHD1,ERF,NATD1,BCL3,LHX4,LBR,PLEKHG2,SAPCD2,SEMA3B,RHEBL1,TNS4,YOD1,NTSR1,IGFL4,TUBB,CSKMT,TEDC1,ALDH3B1,MARK4,CKS1B,DBP,KLF10,RNF207,PCED1B"
"DEG_MVL_TOR10","16","0.05387000000000000","NFYA","NFYA","82","1445","0.14480000000000001203482","1.00000000000000000000","1.1419999999999999","ReMap--ChIP-seq","DDX39A,RFX5,PIF1,CDCA3,CDCA8,HEXIM1,PRRT2,FERMT3,TUBA1B,PKN3,RECQL4,CNPY4,CENPM,NAB2,FADS2,CDC25C,INO80B,TROAP,PKMYT1,LIN7B,BCL2L12,PORCN,PPP1R15A,PBXIP1,CDC20,RASSF1,PCSK4,CD37,TMEM150A,SERTAD1,PCNT,TFAP4,SPC24,TBC1D31,LMTK3,CCNB1,MXD3,PITPNC1,ARHGEF19,GALT,AURKB,RRM2,EPOR,RBM42,NAA80,PRR19,ASF1B,HOXC9,FOSL1,TNFSF9,PHF1,ING1,CDKN2D,TUBB4B,RAB3A,HJURP,LBHD1,ERF,FANCG,PLEKHG2,SAPCD2,SEMA3B,DCAF15,TNNI3,RHEBL1,HDAC11,KNL1,STAG3,TNFAIP8L1,BTN3A1,EMC9,NRL,TMEM145,CSKMT,IL11RA,TEDC1,ACBD7,ARHGAP33,NR4A1,CKS1B,DBP,CDK2AP2"
"DEG_MVL_TOR10","17","0.05724000000000000","CTCFL","CTCFL","82","1450","0.15170000000000000150990","1.00000000000000000000","1.1379999999999999","ReMap--ChIP-seq","LIPE,CDCA3,CDCA5,HEXIM1,PRRT2,MLLT11,RECQL4,CENPM,NAB2,FADS2,SLC16A3,ACAP1,IGFALS,PKMYT1,LIN7B,NPAS1,BCL2L12,SP8,RASSF1,FBXO6,CCDC78,ENTPD8,ADGRB2,TSPAN4,CCDC9B,PCSK4,TNFRSF12A,KIF22,CRYBA2,CAMK2N2,GRIN1,TFAP4,TACC3,NXPH3,GRK6,ACTL10,MXD3,LMNB2,VGF,MVP,TAS1R3,EPOR,NAA80,HOXA6,JUNB,CLEC11A,PRR19,HOXB4,FOSL1,PYGM,ING1,PLCB2,CKB,CDKN2D,CARD9,TUBB4B,ADM5,STKLD1,THOC6,ERF,REEP4,ESAM,HGFAC,PLEKHG2,SAPCD2,SEMA3B,TGFBR3L,TNNI3,RNF26,GADD45B,ALOX12B,TYMP,TMEM145,TEDC1,CDH24,MARK4,CHTF18,CKS1B,DBP,RNF207,DNLZ,PALM3"
"DEG_MVL_TOR10","18","0.06061000000000000","BHLHE40","BHLHE40","82","1453","0.15590000000000001079137","1.00000000000000000000","1.1350000000000000","ReMap--ChIP-seq","MDC1,DDX39A,CDCA5,HEXIM1,PRRT2,FERMT3,RILPL2,RECQL4,CNPY4,CENPT,CENPM,NAB2,SLC16A3,UBALD2,ACAP1,MSH5,INO80B,LRRC56,PKMYT1,LIN7B,BCL2L12,BMF,TNFRSF14,TNFRSF1B,PPP1R15A,RASSF1,RASSF4,CCDC78,ENTPD8,EPHA2,TSPAN4,EGR1,TNFSF13,MC1R,CSRNP1,SECTM1,PCSK4,TNFRSF12A,KIF22,SERTAD1,MGAT3,CD72,TFAP4,TACC3,GRK6,ISG20,TNFAIP2,LMNB2,ARHGEF19,VGF,MVP,AURKB,TAS1R3,SERPINE1,NAA80,JUNB,IER3,PRR19,FOSL1,TNFSF9,PHF1,TUBB4B,ADM5,RAB3A,THOC6,ERF,BCL3,PLEKHG2,SAPCD2,SEMA3B,TNNI3,GADD45B,IZUMO4,TUBB,GP1BA,TYMP,NRM,ALDH3B1,MARK4,CKS1B,DBP,KLF10"
"DEG_MVL_TOR10","19","0.06397000000000000","NR1H2","NR1H2","81","1445","0.17180000000000000826006","1.00000000000000000000","1.1270000000000000","ReMap--ChIP-seq","LIPE,LIPH,ZC3H12A,PADI1,RNF215,HEXIM1,PRRT2,BHLHE41,TCP11L2,DUSP5,TMC5,HAP1,RECQL4,CNPY4,NAB2,SLC16A3,IGFALS,PKMYT1,LIN7B,BCL2L12,BMF,ITGB6,MUC5AC,PBXIP1,PARD6B,PPP1R14D,ERRFI1,CDC20,CCDC78,EPHA2,TSPAN4,PTPRH,TNFRSF12A,ISG20,PROC,AMOTL2,MVP,AURKB,TAS1R3,NAA80,MYC,HOXA6,JUNB,HOXB4,MAML3,HOXC9,ST3GAL1,PLK2,FOSL1,CCL20,TUBB4B,ADM5,FGF9,THOC6,LBHD1,ERF,BCL3,ESAM,PLEKHG2,SEMA3B,TGFBR3L,TNNI3,PPIL6,YOD1,SMIM5,KLK7,KLK6,NTSR1,TPX2,IGFL4,PCF11,GP1BA,CEACAM6,SCEL,CCDC28B,CSKMT,DPP4,ALDH3B1,CKS1B,DBP,PCED1B"
"DEG_MVL_TOR10","20","0.06734000000000000","ZNF143","ZNF143","81","1452","0.18260000000000001230127","1.00000000000000000000","1.1210000000000000","ReMap--ChIP-seq","CDCA3,CDCA5,HEXIM1,PRRT2,RECQL4,CNPY4,CENPT,FADS2,SLC16A3,ACAP1,INO80B,PKMYT1,LIN7B,BCL2L12,BIRC5,PPP1R15A,RASSF1,FBXO6,CCDC78,EPHA2,TSPAN4,CCDC9B,KIF11,PTPRH,PCSK4,CD37,TMEM150A,TNFRSF12A,KIF2C,SERTAD1,CAMK2N2,PAK4,TFAP4,TACC3,LMTK3,GRK6,LMNB2,VGF,MVP,TAS1R3,EPOR,RBM42,NAA80,JUNB,PRR19,FOSL1,PYGM,TK1,CKB,CDKN2D,TUBB4B,ADM5,RAB3A,THOC6,ERF,FANCG,BCL3,WRAP53,PLEKHG2,SAPCD2,SEMA3B,HIRIP3,TNNI3,KCNJ14,RHEBL1,SRRM5,SMIM5,GADD45B,ALOX12B,NRL,TMEM145,TEDC1,EFNB3,ALDH3B1,CDH24,ARHGAP33,NR4A1,CKS1B,DBP,RNF207,PALM3"
"DEG_MVL_TOR10","21","0.07071000000000000","SP1","SP1","81","1453","0.18420000000000000262013","1.00000000000000000000","1.1210000000000000","ReMap--ChIP-seq","MDC1,CDCA3,CDCA5,HEXIM1,PRRT2,FERMT3,RECQL4,CNPY4,NAB2,SLC16A3,ACAP1,MSH5,INO80B,LRRC56,PKMYT1,LIN7B,BCL2L12,PPP1R15A,PBXIP1,RASSF1,CCDC78,ENTPD8,EPHA2,TSPAN4,CSRNP1,PTPRH,PCSK4,TMEM150A,TNFRSF12A,KIF22,SERTAD1,TFAP4,LMTK3,TNFAIP2,LMNB2,VGF,GALT,MVP,AURKB,EPOR,RBM42,SERPINE1,NAA80,MYC,HOXA6,JUNB,IER3,PRR19,HOXB4,HOXC9,FOSL1,TNFSF9,PHF1,ING1,TUBB4B,ADM5,RAB3A,THOC6,LBHD1,ERF,BCL3,PLEKHG2,SAPCD2,SEMA3B,TGFBR3L,TNNI3,GADD45B,IZUMO4,TUBB,TYMP,EMC9,NRM,NRL,TMEM145,CSKMT,IL11RA,TEDC1,ALDH3B1,MARK4,CKS1B,DBP"
"DEG_MVL_TOR10","22","0.07407000000000000","MXI1","MXI1","81","1453","0.18420000000000000262013","1.00000000000000000000","1.1210000000000000","ReMap--ChIP-seq","MDC1,CDCA3,HEXIM1,PRRT2,FERMT3,RECQL4,CNPY4,CENPT,NAB2,KMT5A,SLC16A3,ACAP1,MSH5,INO80B,LRRC56,PKMYT1,LIN7B,BCL2L12,PBXIP1,RILP,RASSF1,CCDC78,EPHA2,NUMBL,TSPAN4,TNFSF13,MC1R,PTPRH,TMEM150A,TNFRSF12A,KIF22,SERTAD1,TFAP4,TACC3,GRK6,TNFAIP1,RND2,VGF,GALT,MVP,AURKB,TAS1R3,EPOR,SERPINE1,NAA80,JUNB,IER3,PRR19,FOSL1,PHF1,ING1,PDF,CKB,CDKN2D,TUBB4B,ADM5,RAB3A,STKLD1,THOC6,LBHD1,ERF,MRI1,FANCG,PLEKHG2,SAPCD2,SEMA3B,TGFBR3L,VASN,TUBB,GP1BA,EMC9,NRM,NRL,CSKMT,IL11RA,TEDC1,ALDH3B1,CDH24,ARHGAP33,CKS1B,DBP"
"DEG_MVL_TOR10","23","0.07743999999999999","KLF4","KLF4","81","1454","0.18579999999999999293898","1.00000000000000000000","1.1200000000000001","ReMap--ChIP-seq","DDX39A,PADI1,HEXIM1,PRRT2,FERMT3,RECQL4,CNPY4,CENPT,NAB2,HR,SLC16A3,ACAP1,INO80B,FOXO6,PKMYT1,PBXIP1,PARD6B,PPP1R14D,CDC20,RASSF1,CCDC78,ENTPD8,EPHA2,NUMBL,TSPAN4,TNFSF13,MC1R,PCSK4,TNFRSF12A,KIF22,SERTAD1,PAK4,GRIN1,GRK6,UBE2C,ISG20,AMOTL2,TNFAIP2,RND2,LMNB2,ARHGEF19,PSRC1,VGF,MVP,AURKB,TAS1R3,SERPINE1,NAA80,STMN1,JUNB,PRR19,S100A14,FOSL1,EHD2,CEP55,CKB,PRSS36,TUBB4B,THOC6,LTB4R2,ERF,FANCG,REEP4,BCL3,PLEKHG2,SEMA3B,TGFBR3L,TNNI3,AHNAK2,TNS4,GADD45B,TYMP,NRL,CSKMT,TEDC1,ALDH3B1,MARK4,ARHGAP30,CKS1B,DBP,STN1"
"DEG_MVL_TOR10","24","0.08081000000000001","ZNF92","ZNF92","80","1442","0.19700000000000000843769","1.00000000000000000000","1.1150000000000000","ReMap--ChIP-seq","LIPE,ZC3H12A,EML1,DDX39A,PADI2,HPD,PADI1,PDGFB,RNF215,CFAP73,NEBL,JAK3,TMC5,TCOF1,SH2D5,NPTXR,FOXO6,NPAS1,ADORA2A,TTC39A,ERFE,FBXO6,MYO7A,ADGRB2,EPHA2,IFITM10,TH,CSRNP1,KIF12,PTPRJ,PCSK4,TNFRSF12A,CAMK2N1,PAK4,SPC24,PDGFRB,LMTK3,CCDC150,CACNA1G,PROC,MXD4,PHF19,LMNB2,CA7,ARHGEF19,NAV1,DNAH1,ATOH8,EPOR,MAP1S,DKK3,FOSL1,EHD2,SLC6A7,C1QTNF6,CDKN2D,ADM5,LPCAT2,RAB3A,COL27A1,PGF,THOC6,NATD1,RASAL1,AKIRIN2,BCL3,NLRC5,TGFBR3L,HIRIP3,RNF26,HDAC11,SYNPO,TNS4,NECAB2,GADD45B,TNFAIP8L1,TLDC2,ALDH3B1,HSH2D,CAMK2A"
"DEG_MVL_TOR10","25","0.08418000000000000","KLF9","KLF9","80","1447","0.20539999999999999924505","1.00000000000000000000","1.1110000000000000","ReMap--ChIP-seq","EML1,CDCA3,PDGFB,HEXIM1,PRRT2,FERMT3,PKN3,RECQL4,CNPY4,NAB2,HR,SLC16A3,ACAP1,DLX2,FOXO6,PKMYT1,LIN7B,NPAS1,BCL2L12,PPP1R15A,PBXIP1,CCDC78,ENTPD8,ADGRB2,EPHA2,TSPAN4,EGR1,CCDC9B,MC1R,CSRNP1,SECTM1,IL11,TNFRSF12A,SERTAD1,TACC3,CACNA1G,ACTL10,TNFAIP2,LMNB2,ARHGEF19,PSRC1,VGF,GALT,MVP,AURKB,TAS1R3,SERPINE1,NAA80,JUNB,PRR19,TIMP2,CKB,CDKN2C,TUBB4B,ADM5,THOC6,LBHD1,ERF,REEP4,BCL3,WRAP53,PLEKHG2,SAPCD2,SEMA3B,TGFBR3L,RNF26,HDAC11,NTSR1,CARMIL2,GADD45B,GP1BA,EMC9,TMEM145,CSKMT,IL11RA,TEDC1,EFNB3,NR4A1,CKS1B,DBP"
"DEG_MVL_TOR10","26","0.08754000000000001","KLF6","KLF6","80","1449","0.20880000000000001336709","1.00000000000000000000","1.1090000000000000","ReMap--ChIP-seq","ZFYVE28,ZC3H12A,PADI1,PDGFB,NCAPG,HEXIM1,PRRT2,BHLHE41,DUSP5,SLC16A3,UBALD2,COL17A1,INO80B,PKMYT1,PORCN,PBXIP1,MLLT3,PARD6B,SLC25A37,PPP1R14D,ERRFI1,RASSF4,CCDC78,EPHA2,SLC45A3,TSPAN4,SECTM1,TNFRSF12A,SERTAD1,PAK4,TACC3,AUNIP,IL6R,ISG20,AMOTL2,TNFAIP2,ARHGEF19,VGF,MVP,AURKB,TAS1R3,CDA,SERPINE1,STMN1,HOXA6,JUNB,HOXB4,FOSL1,CEP55,ADCY4,CKB,PRSS36,TUBB4B,DHRS9,THOC6,ERF,BCL3,ESAM,LBR,PLEKHG2,RANGAP1,SEMA3B,PI16,TNS4,KLK7,KLK6,NTSR1,GADD45B,TPX2,TFF1,TYMP,TEDC1,ALDH3B1,MARK4,ARHGAP30,CKS1B,DBP,PCED1B,STN1,ARID3B"
"DEG_MVL_TOR10","27","0.09091000000000000","TFAP2C","TFAP2C","79","1450","0.24449999999999999511502","1.00000000000000000000","1.0940000000000001","ReMap--ChIP-seq","ZC3H12A,HEXIM1,PRRT2,FERMT3,FLVCR2,CENPA,RECQL4,CNPY4,CENPT,NAB2,HR,SLC16A3,INO80B,FOXO6,PKMYT1,LIN7B,SP2,BCAS1,PARD6B,CDC20,CCDC78,EPHA2,TSPAN4,TH,CSRNP1,IL11,TMEM150A,TNFRSF12A,KIF22,SERTAD1,PAK4,TACC3,ISG20,AMOTL2,ACTL10,TNFAIP2,ARHGEF19,PSRC1,VGF,MVP,ATOH8,TAS1R3,SERPINE1,NAA80,JUNB,PRR19,S100A14,HOXC9,FOSL1,MESP2,TK1,TUBB4B,THOC6,ERF,REEP4,BCL3,PLEKHG2,WIPI1,SAPCD2,SEMA3B,HDAC11,OVOL1,SMIM5,GADD45B,TFF1,TYMP,EMC9,NRL,TEDC1,ALDH3B1,MARK4,NR4A1,CHTF18,CKS1B,DBP,KLF10,DNLZ,RGS16,PALM3"
"DEG_MVL_TOR10","28","0.09428000000000000","SP2","SP2","79","1451","0.24640000000000000790479","1.00000000000000000000","1.0930000000000000","ReMap--ChIP-seq","DDX39A,CDCA2,CDCA3,HEXIM1,PRRT2,FERMT3,JAK3,INCENP,RECQL4,CNPY4,NCAPD2,NAB2,TOM1,CDC25C,ACAP1,INO80B,TROAP,PKMYT1,LIN7B,BCL2L12,PBXIP1,CDC20,RASSF1,EGR1,TNFSF13,PCSK4,TMEM150A,TNFRSF12A,KIF22,SERTAD1,TFAP4,SPC24,LMTK3,GPD1,CACNA1G,VGF,GALT,MVP,AURKB,EPOR,RBM42,JUNB,MAP1S,PRR19,ZSCAN23,ASF1B,FOSL1,ING1,PDF,TUBB4B,ADM5,RAB3A,THOC6,LBHD1,ERF,MRI1,HMMR,FANCM,FANCG,WIPI1,DCAF15,TGFBR3L,TNNI3,CCDC61,RPS6KA5,PCLAF,TPX2,ANP32E,TOP2A,EMC9,NRL,TMEM145,CSKMT,IL11RA,ARHGAP33,CKS1B,DBP,POLQ,CDK2AP2"
"DEG_MVL_TOR10","29","0.09764000000000000","MAX","MAX","79","1452","0.24829999999999999293898","1.00000000000000000000","1.0920000000000001","ReMap--ChIP-seq","CDCA3,PDGFB,HEXIM1,PRRT2,FERMT3,RECQL4,CNPY4,CENPM,NAB2,HR,SLC16A3,ACAP1,INO80B,PKMYT1,LIN7B,BCL2L12,PBXIP1,RASSF1,CCDC78,ENTPD8,EPHA2,TSPAN4,TNFSF13,CCDC9B,MC1R,CSRNP1,SECTM1,PCSK4,IL11,TMEM150A,TNFRSF12A,KIF22,SERTAD1,CAMK2N2,TFAP4,TACC3,TNFAIP2,LMNB2,VGF,MVP,AURKB,ATOH8,TAS1R3,EPOR,SERPINE1,NAA80,HOXA6,JUNB,PRR19,HOXC9,FOSL1,TIMP2,CKB,CDKN2D,TUBB4B,RAB3A,THOC6,LBHD1,ERF,REEP4,BCL3,PLEKHG2,SAPCD2,SEMA3B,TGFBR3L,TNNI3,GADD45B,TUBB,TYMP,EMC9,NRL,CSKMT,TEDC1,ALDH3B1,CDH24,MARK4,NR4A1,CKS1B,DBP"
"DEG_MVL_TOR10","30","0.10100000000000001","SOX9","SOX9","78","1448","0.27750000000000002442491","1.00000000000000000000","1.0810000000000000","ReMap--ChIP-seq","LIPE,CDCA3,PDGFB,HEXIM1,PRRT3,PRRT2,BHLHE41,TUBA1B,DYNLL1,PKN3,RECQL4,CNPY4,FABP6,INO80B,PKMYT1,LIN7B,BCL2L12,SP2,PARD6B,PPP1R14D,RASSF1,EPHA2,TSPAN4,CSRNP1,PTPRH,PCSK4,DMBX1,IL11,ZHX2,TNFRSF12A,KIF22,SERTAD1,CAMK2N1,TACC3,GRK6,ARHGEF39,UBE2S,ACTL10,ARHGEF19,VGF,MVP,TAS1R3,NAA80,MYC,HOXA6,JUNB,SYTL2,PRR19,HOXB4,ST3GAL1,FOSL1,ING1,RASSF10,PRSS36,TUBB4B,ADM5,DEPTOR,FGF9,THOC6,LBHD1,ERF,BCL3,ESAM,PLEKHG2,SAPCD2,TNNI3,OVOL1,TPX2,TYMP,SCEL,TMEM145,CSKMT,ALDH3B1,MARK4,ARHGAP33,CKS1B,DBP,KLF10"
"DEG_MVL_TOR10","31","0.10440000000000001","ELF3","ELF3","78","1449","0.27950000000000002620126","1.00000000000000000000","1.0800000000000001","ReMap--ChIP-seq","PADI1,RNF215,HEXIM1,TCP11L2,DUSP5,TMC5,UBALD2,ZNF438,COL17A1,BMF,ITGB6,PBXIP1,MLLT3,PARD6B,SLC25A37,PPP1R14D,ERRFI1,CDC20,RASSF4,EPHA2,CCDC9B,PTPRJ,ZHX2,TNFRSF12A,SERTAD1,CAMK2N1,TACC3,AUNIP,IL6R,PLD1,GRK6,AMOTL2,MXD3,TNFAIP2,LTB4R,PITPNC1,GALNT6,RSPH1,TCIM,MYC,JUNB,DEPDC1B,HOXB4,MAML3,PRR11,SKA2,PROM1,ST3GAL1,PLK2,FOSL1,CEP55,COL21A1,ADCY4,DHRS9,PGF,THOC6,LTB4R2,CLIP4,BCL3,LBR,PLEKHG2,RPS6KA5,TNS4,YOD1,TPX2,TOP2A,RAB7B,GABRE,TEDC1,SUCNR1,ALDH3B1,CDH24,ARHGAP30,CKS1B,RNF207,PCED1B,STN1,FMNL1"
"DEG_MVL_TOR10","32","0.10770000000000000","USF1","USF1","77","1450","0.32119999999999998552269","1.00000000000000000000","1.0640000000000001","ReMap--ChIP-seq","MDC1,DDX39A,CDCA3,CDCA5,RNF215,HEXIM1,PRRT2,BHLHE41,CENPA,CNPY4,CENPM,NAB2,SLC16A3,LIN7B,BCL2L12,TNFRSF14,TMEM120B,PBXIP1,CCDC78,ENTPD8,EPHA2,TSPAN4,TNFSF13,MC1R,PCSK4,CD37,TMEM150A,TNFRSF12A,KIF22,SERTAD1,TFAP4,TACC3,LMTK3,CACNA1G,GRK6,PROC,TNFAIP2,TNFAIP1,LMNB2,VGF,MVP,AURKB,EPOR,SERPINE1,HOXA6,JUNB,IER3,PRR19,HOXB4,HOXC9,FOSL1,PHF1,C1QTNF6,TIMP2,TK1,CDKN2D,PRSS36,TUBB4B,THOC6,LBHD1,ERF,NATD1,BCL3,PLEKHG2,TNS4,GADD45B,TUBB,GP1BA,DTYMK,EMC9,NRL,CSKMT,ALDH3B1,MARK4,CKS1B,DBP,KLF10"
"DEG_MVL_TOR10","33","0.11110000000000000","REST","REST","77","1452","0.32540000000000002255973","1.00000000000000000000","1.0629999999999999","ReMap--ChIP-seq","MDC1,UNC5A,ASPHD1,HEXIM1,PRRT2,CYP4F3,GPR19,SMPD3,DLGAP3,RECQL4,CNPY4,NAB2,SLC16A3,ACAP1,MSH5,NPTXR,PKMYT1,LIN7B,BCL2L12,FBXO6,CCDC78,EPHA2,EPHA10,TSPAN4,MC1R,PTPRH,IL11,TNFRSF12A,KIF22,CRYBA2,SERTAD1,CAMK2N2,GRIN1,TFAP4,SYT2,UBE2S,PHF19,LMNB2,NAV1,VGF,MVP,TAS1R3,CHGA,EPOR,SERPINE1,JUNB,IER3,PRR19,FOSL1,PYGM,CKB,TUBB4B,RAB3A,ERF,CYP4F12,PLEKHG2,SAPCD2,TGFBR3L,HIRIP3,TNNI3,CARMIL2,GADD45B,TUBB,GP1BA,CEACAM5,KPTN,AMER3,TYMP,EMC9,CDK5R2,TMEM145,CSKMT,TEDC1,NR4A1,CKS1B,DBP,RNF207"
"DEG_MVL_TOR10","34","0.11450000000000000","E2F7","E2F7","76","1443","0.34779999999999999804601","1.00000000000000000000","1.0549999999999999","ReMap--ChIP-seq","ZC3H11A,RFX5,CDCA7,HEXIM1,INCA1,TUBA1C,DUSP5,UNG,CNPY4,CENPT,NAB2,KMT5A,SLC16A3,CDC25C,PKMYT1,BCL2L12,SOCS2,BMF,PPP1R15A,PBXIP1,SPON2,THAP8,EPHA2,ZBTB2,TSPAN4,EGR1,IFITM10,TNFSF13,CCDC9B,CSRNP1,TNFRSF12A,SERTAD1,CAMK2N1,GPC1,SPC24,ARHGEF39,AMOTL2,TNFAIP2,VGF,SERPINE1,HOXA6,JUNB,KNSTRN,PRR19,HOXB4,WDR62,HMOX1,FZD2,PLK2,FOSL1,EHD2,TK1,OLFML3,TUBB4B,ADM5,THOC6,ERF,AKIRIN2,REEP4,BCL3,PLEKHG2,MCM5,SEMA3B,FBXL20,POLR2A,RNF26,AHNAK2,IFIT3,TPX2,GP1BA,TYMP,TEDC1,HSPA8,CKS1B,BRD3OS,ARID3B"
"DEG_MVL_TOR10","35","0.11780000000000000","GRHL2","GRHL2","76","1450","0.36320000000000002282619","1.00000000000000000000","1.0500000000000000","ReMap--ChIP-seq","LIPH,ZC3H12A,PADI1,HEXIM1,MLLT11,BHLHE41,JMJD7-PLA2G4B,CENPA,CENPU,SLC16A3,UBALD2,INO80B,BCL2L12,BMF,SP2,PBXIP1,PARD6B,PPP1R14D,ERRFI1,CDC20,RASSF4,MYO7A,EPHA2,TSPAN1,CCDC9B,CSRNP1,NRP2,TNFRSF12A,KIF2C,SERTAD1,PAK4,SPC24,CCNE1,UBE2C,AMOTL2,TNFAIP2,ARHGEF19,PSRC1,TAS1R3,SERPINE1,JUNB,S100A14,CDK19,FOSL1,MESP2,TIMP2,TK1,PRSS36,TUBB4B,USP2,THOC6,RASAL1,AKIRIN2,BCL3,LBR,PLEKHG2,RANGAP1,ESPL1,SAPCD2,AHNAK2,YOD1,OVOL1,SMIM5,KLK7,KLK6,GADD45B,SCEL,EMC9,TEDC1,ALDH3B1,ARHGAP30,CKS1B,BLNK,KLF10,FMNL1,CDK2AP2"
"DEG_MVL_TOR10","36","0.12120000000000000","USF2","USF2","76","1451","0.36540000000000000257572","1.00000000000000000000","1.0489999999999999","ReMap--ChIP-seq","MDC1,DDX39A,CDCA3,HEXIM1,PRRT2,BHLHE41,PKN3,CENPA,UNG,CNPY4,CENPM,NAB2,SLC16A3,DLX2,LRRC56,LIN7B,TNFRSF14,PPP1R15A,PBXIP1,ENTPD8,TSPAN4,EGR1,TNFSF13,SECTM1,PCSK4,CD37,TMEM150A,TNFRSF12A,TFAP4,SPINK4,ISG20,UBE2S,AMOTL2,MXD3,TNFAIP1,VGF,GALT,MVP,AURKB,EPOR,TEF,SERPINE1,HOXA6,JUNB,IER3,ARMC9,HOXB4,HOXC9,FOSL1,TNFSF9,PHF1,C1QTNF6,TUBB4B,USP2,THOC6,LBHD1,ERF,NATD1,PLEKHG2,SAPCD2,FZR1,RHEBL1,TNS4,KLLN,SLC44A4,TUBB,TYMP,EMC9,NRL,CSKMT,IL11RA,ALDH3B1,MARK4,CKS1B,DBP,CDK2AP2"
"DEG_MVL_TOR10","37","0.12460000000000000","BACH1","BACH1","76","1452","0.36759999999999998232525","1.00000000000000000000","1.0480000000000000","ReMap--ChIP-seq","MDC1,GABARAPL1,HEXIM1,PRRT3,PRRT2,MLLT11,BHLHE41,TUBA1B,TCP11L2,RECQL4,CENPT,LRRC27,NAB2,SLC16A3,IGFALS,INO80B,LRRC56,PKMYT1,LIN7B,PPP1R15A,PBXIP1,SLC25A37,RASSF1,CCDC78,NUMBL,TSPAN4,IFITM10,MC1R,SECTM1,PTPRH,KIF22,KIF2C,CRYBA2,SERTAD1,TACC3,PRDM1,CCDC163,GRK6,PROC,TNFAIP2,LMNB2,VGF,MVP,TAS1R3,SERPINE1,NAA80,JUNB,IER3,GPLD1,SKA3,HMOX1,FOSL1,TNFSF9,MESP2,TUBB2A,TUBB4B,LBHD1,AKIRIN2,FANCG,COL14A1,LBR,PLEKHG2,SAPCD2,MCM5,SEMA3B,TGFBR3L,GADD45B,TUBB,TYMP,CDK5R2,NRM,CSKMT,HGD,SHISA4,ACYP2,CKS1B"
"DEG_MVL_TOR10","38","0.12790000000000001","MAFF","MAFF","76","1453","0.36980000000000001758593","1.00000000000000000000","1.0480000000000000","ReMap--ChIP-seq","MDC1,ZC3H12A,RNF215,HEXIM1,PRRT2,FERMT3,CNPY4,CENPT,LRRC27,CENPE,NAB2,SLC16A3,INO80B,PKMYT1,LIN7B,BCL2L12,PBXIP1,CYP4B1,SLC25A37,PRC1,PPP1R14D,CDC20,TMPO,CCDC78,EPHA2,NUMBL,SECTM1,TNFRSF12A,KIF22,TFAP4,GPD1,PLD1,ACTL10,MXD3,TNFAIP2,LMNB2,MVP,AURKB,RRM2,TCIM,NAA80,MYC,JUNB,IER3,HMOX1,S100A14,HOXC9,FOSL1,CDKN2C,TUBB4B,THOC6,LBHD1,ERF,PLEKHG2,CCDC34,SEMA3B,FZR1,YOD1,GADD45B,TPX2,KLLN,TUBB,GP1BA,TYMP,EMC9,NRM,NRL,CSKMT,ARHGAP19,ALDH3B1,CDH24,STIL,NR4A1,KIF18B,CKS1B,DBP"
"DEG_MVL_TOR10","39","0.13130000000000000","EGR1","EGR1","75","1444","0.39350000000000001643130","1.00000000000000000000","1.0400000000000000","ReMap--ChIP-seq","MDC1,CDCA3,RNF215,HEXIM1,PRRT2,FERMT3,RECQL4,CNPY4,NAB2,SLC16A3,ACAP1,INO80B,LRRC56,TROAP,PKMYT1,LIN7B,BCL2L12,TNFRSF14,PBXIP1,CCDC78,ENTPD8,EPHA2,NUMBL,TSPAN4,EGR1,CSRNP1,PCSK4,DMBX1,TNFRSF12A,KIF22,SERTAD1,CAMK2N2,TFAP4,LMNB2,VGF,MVP,AURKB,TAS1R3,MAPK15,SERPINE1,NAA80,JUNB,IER3,PRR19,HOXB4,HOXC9,FOSL1,PHF1,PYGM,ING1,TUBB4B,ADM5,THOC6,LBHD1,ERF,CNOT3,PLEKHG2,SAPCD2,SEMA3B,TGFBR3L,TNNI3,GADD45B,TUBB,TYMP,EMC9,NRM,NRL,CCDC28B,CSKMT,TEDC1,NR4A1,CKS1B,DBP,KLF10,DNLZ"
"DEG_MVL_TOR10","40","0.13469999999999999","CXXC4","CXXC4","75","1446","0.39800000000000002042810","1.00000000000000000000","1.0380000000000000","ReMap--ChIP-seq","CDCA3,CDCA5,HEXIM1,PRRT2,BHLHE41,PKN3,RECQL4,CNPY4,CENPT,NAB2,CDC25C,ACAP1,INO80B,DLX2,TROAP,PKMYT1,LIN7B,BCL2L12,SP8,PBXIP1,CDC20,RASSF1,CCDC78,L3MBTL3,NRN1,TSPAN4,TNFSF13,SECTM1,PCSK4,TNFRSF12A,KIF22,SERTAD1,TFAP4,NXPH3,GRK6,VGF,GALT,MVP,AURKB,EPOR,NAA80,MYC,HOXA6,JUNB,PRR19,HOXB4,MAML3,HOXC9,FOSL1,ING1,PDF,CKB,TUBB4B,ADM5,FGF9,THOC6,LBHD1,ERF,FANCG,WRAP53,PLEKHG2,SEMA3B,TGFBR3L,HIRIP3,TNNI3,SRRM5,TYMP,EMC9,CSKMT,IL11RA,ARHGAP33,CKS1B,DBP,PALM3,DLK2"
"DEG_MVL_TOR10","41","0.13800000000000001","NFKB1","NFKB1","75","1452","0.41160000000000002140510","1.00000000000000000000","1.0340000000000000","ReMap--ChIP-seq","ZC3H12A,DDX39A,CDCA3,CDCA5,HEXIM1,PRRT3,PRRT2,INCA1,FERMT3,CNPY4,NAB2,LY75,SLC16A4,UBALD2,ACAP1,DLX2,PKMYT1,LIN7B,BCL2L12,PBXIP1,RASSF1,RASSF4,CCDC78,EPHA2,SLC45A3,TSPAN4,EGR1,TNFSF13,NRP2,PCSK4,ZHX2,KIF22,GRIN1,CACNA1G,ACTL10,MXD3,LMNB2,VGF,MVP,AURKB,ATOH8,GALNT6,NAA80,JUNB,PRR19,HOXC9,ST3GAL1,FOSL1,TNFSF9,ING1,CKB,TUBB4B,RAB3A,STKLD1,USP2,ERF,TPPP,BCL3,PLEKHG2,SAPCD2,SEMA3B,TGFBR3L,GADD45B,IZUMO4,GP1BA,ALOX12B,TYMP,TMEM145,TEDC1,CKS1B,DBP,RGS16,PALM3,FMNL1,CDK2AP2"
"DEG_MVL_TOR10","42","0.14140000000000000","YY1","YY1","75","1454","0.41620000000000001438849","1.00000000000000000000","1.0320000000000000","ReMap--ChIP-seq","MDC1,CDCA3,CDCA5,HEXIM1,PRRT2,MLLT11,FERMT3,GPR19,PKN3,RECQL4,CNPY4,CENPT,NAB2,FADS2,SLC16A3,UBALD2,ACAP1,MSH5,INO80B,PKMYT1,BCL2L12,TNFRSF14,PPP1R15A,PBXIP1,RASSF1,CCDC78,TSPAN4,TNFSF13,TNFRSF12A,KIF22,SERTAD1,CD72,TFAP4,GRK6,ACTL10,LMNB2,GALT,MVP,AURKB,EPOR,HOXA6,JUNB,IER3,HOXB4,FOSL1,ING1,TK1,CDKN2D,CDKN2C,TUBB4B,ADM5,THOC6,LBHD1,ERF,BCL3,PLEKHG2,SAPCD2,SEMA3B,TGFBR3L,POLR2A,RNF26,GADD45B,TUBB,GP1BA,TYMP,EMC9,NRM,NRL,CSKMT,TEDC1,CKS1B,DBP,RNF207,PALM3,FMNL1"
"DEG_MVL_TOR10","43","0.14480000000000001","GLYR1","GLYR1","74","1442","0.43390000000000000790479","1.00000000000000000000","1.0269999999999999","ReMap--ChIP-seq","NUP107,ZC3H11A,CDCA2,CDCA8,NCAPH,SASS6,NCAPG2,TCOF1,WTIP,CENPF,CENPN,NCAPD2,NCAPD3,CENPP,TOM1,SH2D5,NAAA,TSACC,NDC80,EXO1,PRC1,PAQR6,THAP2,KIF20A,KIF20B,ANLN,TMEM150A,KIF23,KIF2C,PCNT,BUB1B,TTF2,CCNB2,CALHM2,GRK4,ECT2,ANKRD40CL,CLK1,HP1BP3,TENT4A,TTC36,MASTL,AURKA,SMC4,RAD21,ARPC1B,PYGM,NDC1,BRD8,OIP5,MELK,ITPRIPL1,FANCI,CNIH3,RANGAP1,MCM6,MTFR2,FBXL20,SPAG5,CTH,ARL6IP1,DNA2,TPX2,TOP2A,ZDHHC11,METTL4,RAD54L,TRIP13,NUSAP1,MKRN2OS,SHISA4,STIL,BUB1,TICRR"
"DEG_MVL_TOR10","44","0.14810000000000001","DEAF1","DEAF1","74","1445","0.44090000000000001412204","1.00000000000000000000","1.0240000000000000","ReMap--ChIP-seq","DDX39A,CDCA5,CDCA8,HEXIM1,PRRT2,SASS6,GPR19,SMPD3,DLGAP5,CENPT,CENPO,ZNF695,TOM1,INO80B,FHIT,BCL2L12,BIRC5,PPP1R15A,PBXIP1,IL2RG,CDC45,RASSF1,FBXO6,TMPO,KIF20A,CSRNP2,PTPRH,IL11,KIF22,KIF2C,SERTAD1,BUB1B,CCDC163,LMTK3,GRK6,HMGB2,TNFAIP1,LMNB2,DNAH2,MVP,AURKB,EPOR,RBM42,ZC2HC1C,PRR19,FOSL1,C1QTNF6,TCF19,TUBB4B,ADM5,RAB3A,ERF,MRI1,CNOT3,RAD9B,WRAP53,PLEKHG2,POLR2A,TNNI3,KCNJ14,CHEK2,GADD45B,ANP32E,SLC44A4,ALOX12B,NRL,CSKMT,LIG1,EFNB3,STIL,ARHGAP33,CKS1B,DBP,PPP2R5D"
"DEG_MVL_TOR10","45","0.15150000000000000","ELK4","ELK4","74","1445","0.44090000000000001412204","1.00000000000000000000","1.0240000000000000","ReMap--ChIP-seq","MDC1,LIPH,CDCA5,HEXIM1,FERMT3,TUBA1B,JAK3,CKS2,UNG,RECQL4,CNPY4,CENPT,NAB2,SLC16A3,INO80B,BCL2L12,PPP1R15A,PBXIP1,RASSF1,TMPO,CCDC78,THAP2,TSPAN4,EGR1,TNFSF13,CSRNP1,PCSK4,TMEM150A,KIF2C,SERTAD1,CD72,TFAP4,GEN1,ISG20,LMNB2,LMNB1,PSRC1,AURKB,TCIM,TAF3,SERPINE1,JUNB,IER3,ZNF165,HOXC9,FOSL1,TNFSF9,ING1,CDKN2C,TUBB4B,ADM5,LBHD1,ERF,MRI1,FANCG,WRAP53,PLEKHG2,SEMA3B,CCDC77,AHNAK2,KNL1,GADD45B,TUBB,GP1BA,NRM,NRL,CSKMT,TEDC1,NR4A1,CKS1B,PCED1B,ARID3B,FMNL1,CDK2AP2"
"DEG_MVL_TOR10","46","0.15490000000000001","TCF12","TCF12","74","1449","0.45010000000000000008882","1.00000000000000000000","1.0209999999999999","ReMap--ChIP-seq","MDC1,HEXIM1,PRRT2,FERMT3,DUSP5,RECQL4,NAB2,SLC16A3,ACAP1,INO80B,DLX2,PKMYT1,BCL2L12,BMF,PBXIP1,RASSF4,CCDC78,ENTPD8,EPHA2,TSPAN4,TNFSF13,MC1R,CSRNP1,SECTM1,IL11,TNFRSF12A,SERTAD1,TFAP4,TACC3,AMOTL2,MXD3,PHF19,TNFAIP2,LMNB2,VGF,MVP,AURKB,ATOH8,TAS1R3,SERPINE1,NAA80,HOXA6,JUNB,IER3,PRR19,HOXB4,HOXC9,FOSL1,TK1,CDKN2D,CDKN2C,TUBB4B,THOC6,ERF,BCL3,PLEKHG2,SAPCD2,SEMA3B,TNS4,GADD45B,VASN,IZUMO4,TUBB,GP1BA,TYMP,EMC9,TEDC1,ALDH3B1,MARK4,NR4A1,CHTF18,CKS1B,DBP,FMNL1"
"DEG_MVL_TOR10","47","0.15820000000000001","ZBTB7A","ZBTB7A","74","1450","0.45240000000000002433609","1.00000000000000000000","1.0209999999999999","ReMap--ChIP-seq","PDGFB,HEXIM1,PRRT2,RECQL4,CNPY4,NAB2,HR,SLC16A3,MSH5,LRRC56,PKMYT1,LIN7B,NPAS1,BCL2L12,TNFRSF14,PPP1R15A,FBXO6,CCDC78,ENTPD8,EPHA2,NEU4,TSPAN4,TH,SECTM1,PCSK4,IL11,TNFRSF12A,SERTAD1,MGAT3,GRIN1,TACC3,LMTK3,TNFAIP2,LMNB2,VGF,MVP,TAS1R3,SERPINE1,NAA80,JUNB,PRR19,HOXB4,HOXC9,FOSL1,PHF1,CDKN2D,CARD9,TUBB4B,ADM5,RAB3A,THOC6,ERF,REEP4,BCL3,HGFAC,PLEKHG2,SAPCD2,SEMA3B,TGFBR3L,FZR1,TNNI3,GADD45B,VASN,TNFAIP8L1,TMEM145,TEDC1,ALDH3B1,CHTF18,CKS1B,DBP,DNLZ,PALM3,FMNL1,CDK2AP2"
"DEG_MVL_TOR10","48","0.16159999999999999","ARNT","ARNT","74","1450","0.45240000000000002433609","1.00000000000000000000","1.0209999999999999","ReMap--ChIP-seq","ZC3H12A,HEXIM1,PRRT3,MLLT11,FERMT3,CENPA,PTGS1,CNPY4,NAB2,SLC16A3,PKMYT1,LIN7B,TMEM120B,SP2,BCAS1,PPP1R15A,PBXIP1,PARD6B,CCDC78,EPHA2,CCDC9B,CSRNP1,SECTM1,TNFRSF12A,SATB1,SERTAD1,CAMK2N2,PAK4,LMTK3,GRK6,ACTL10,PHF19,PHTF2,TNFAIP2,VGF,SHANK2,AURKB,AURKA,SERPINE1,JUNB,CDK5RAP2,HOXC9,PLK1,FOSL1,MESP2,TUBB4B,STKLD1,THOC6,LBHD1,ERF,LBR,PLEKHG2,WIPI1,ESPL1,TNNI3,RNF26,HDAC11,DLEC1,SLC51A,GADD45B,GP1BA,TFF1,CSKMT,TEDC1,ALDH3B1,CDH24,MARK4,HSPA8,NR4A1,CKS1B,DBP,RGS16,PALM3,PCED1B"
"DEG_MVL_TOR10","49","0.16500000000000001","FOSL2","FOSL2","74","1451","0.45469999999999999307221","1.00000000000000000000","1.0200000000000000","ReMap--ChIP-seq","MDC1,ZC3H12A,HEXIM1,PRRT2,DUSP5,CENPA,RECQL4,NAB2,SLC16A3,UBALD2,MSH5,BCL2L12,ITGB6,PBXIP1,PARD6B,ERRFI1,TMPO,CCDC78,ENTPD8,EPHA2,TSPAN4,MC1R,CSRNP1,NRP2,PTPRH,IL11,TNFRSF12A,SERTAD1,TFAP4,SPC24,PLAT,IL6R,PLD1,ARHGEF39,ISG20,PROC,TNFAIP2,VGF,MVP,AURKB,TAS1R3,TCIM,SERPINE1,MYC,JUNB,IER3,DKK3,HMOX1,S100A14,FOSL1,C1QTNF6,TIMP2,TUBB4B,THOC6,ERF,AKIRIN2,BCL3,PLEKHG2,SAPCD2,SEMA3B,AHNAK2,TNS4,GADD45B,AKR1B10,TUBB,GP1BA,ALOX12B,TYMP,SHISA4,TEDC1,DPP4,ALDH3B1,CKS1B,PCED1B"
"DEG_MVL_TOR10","50","0.16839999999999999","SMAD3","SMAD3","74","1452","0.45700000000000001731948","1.00000000000000000000","1.0189999999999999","ReMap--ChIP-seq","ZC3H12A,PADI1,PDGFB,RNF215,HEXIM1,PRRT2,GPR19,DUSP5,TMC5,CNPY4,SLC16A3,INO80B,BMF,ITGB6,PBXIP1,PARD6B,SLC25A37,PPP1R14D,ERRFI1,EPHA2,TSPAN4,CSRNP1,NRP2,PTPRJ,SPTLC3,IL11,TNFRSF12A,KIF22,KIF2C,SERTAD1,TFAP4,PROC,AMOTL2,LMNB2,ARHGEF19,VGF,MVP,TAS1R3,CDA,SERPINE1,MYC,JUNB,DKK1,DKK3,MAML3,HMOX1,S100A14,FZD2,FOSL1,FGF9,THOC6,LBHD1,MRI1,BCL3,WRAP53,DNMT3B,LBR,PLEKHG2,SEMA3B,TNS4,YOD1,GADD45B,TPX2,GP1BA,TYMP,SCEL,GABRE,CSKMT,CDH24,ARHGAP30,CKS1B,DBP,KLF10,PCED1B"
"DEG_MVL_TOR10","51","0.17169999999999999","KDM5B","KDM5B","74","1452","0.45700000000000001731948","1.00000000000000000000","1.0189999999999999","ReMap--ChIP-seq","DDX39A,PDGFB,HEXIM1,PRRT2,FERMT3,RECQL4,CNPY4,NAB2,HR,SLC16A3,IGFALS,INO80B,DLX2,PKMYT1,LIN7B,BCL2L12,PBXIP1,SPON2,RASSF1,CCDC78,ENTPD8,EPHA2,TSPAN4,CCDC9B,SECTM1,PCSK4,IL11,TNFRSF12A,KIF22,SERTAD1,GRIN1,TACC3,UBE2S,TNFAIP2,LMNB2,VGF,MVP,TAS1R3,SERPINE1,NAA80,MYC,HOXA6,JUNB,PRR19,HOXB4,HOXC9,FOSL1,PYGM,CKB,CARD9,TUBB4B,THOC6,LBHD1,ERF,REEP4,BCL3,PLEKHG2,SAPCD2,SEMA3B,TGFBR3L,TNNI3,RNF26,AHNAK2,GADD45B,GP1BA,TYMP,TEDC1,ALDH3B1,MARK4,CHTF18,CKS1B,DBP,DNLZ,CDK2AP2"
"DEG_MVL_TOR10","52","0.17510000000000001","VDR","VDR","74","1453","0.45939999999999997504219","1.00000000000000000000","1.0189999999999999","ReMap--ChIP-seq","ZC3H12A,CDCA5,CFAP69,HEXIM1,PRRT2,FERMT3,CNPY4,HR,FADS2,SLC16A3,UBALD2,INO80B,PKMYT1,BMF,PBXIP1,SLC25A37,CDC20,TMPO,CCDC78,EPHA2,TSPAN4,TSPAN1,TNFSF13,CSRNP1,SECTM1,IL11,TNFRSF12A,KIF22,KIF2C,SERTAD1,TACC3,ACTL10,PHF19,TNFAIP2,TNFAIP1,LMNB2,MVP,AURKB,SERPINE1,NAA80,MYC,HOXA6,JUNB,ST3GAL1,FOSL1,TK1,HBEGF,CDKN2C,TUBB4B,RAB3A,THOC6,LBHD1,ERF,MRI1,REEP4,BCL3,PLEKHG2,SAPCD2,SEMA3B,GADD45B,TPX2,KLLN,GP1BA,TYMP,EMC9,NRL,CSKMT,TEDC1,DPP4,HSPA8,CKS1B,DBP,PCED1B,CDK2AP2"
"DEG_MVL_TOR10","53","0.17849999999999999","MNT","MNT","73","1442","0.47999999999999998223643","1.00000000000000000000","1.0120000000000000","ReMap--ChIP-seq","MDC1,ZC3H12A,UNC5A,CDCA3,CDCA5,PDGFB,HEXIM1,PRRT2,NEBL,MLLT11,CENPA,RECQL4,CNPY4,CENPT,SH2D5,SLC16A3,MSH5,INO80B,LRRC56,PKMYT1,LIN7B,PBXIP1,PARD6B,RASSF1,CCDC78,EPHA2,IFITM10,MC1R,CSRNP1,TMEM150A,TNFRSF12A,KIF22,GRIN1,TFAP4,TACC3,LMTK3,AMOTL2,ACTL10,PSRC1,VGF,MVP,AURKB,TAS1R3,SERPINE1,NAA80,JUNB,IER3,FOSL1,ARPC1B,TUBB4B,THOC6,ERF,NATD1,MRI1,PLEKHG2,SEMA3B,HDAC11,OVOL1,SMIM5,VASN,TUBB,TFF1,EMC9,NRM,NRL,TEDC1,ALDH3B1,CDH24,MARK4,NR4A1,ARHGAP30,CKS1B,DBP"
"DEG_MVL_TOR10","54","0.18179999999999999","ZZZ3","ZZZ3","22","430","0.48990000000000000213163","1.00000000000000000000","1.0229999999999999","ReMap--ChIP-seq","CDCA5,IL20RB,TUBA1C,TMEM120B,TMEM19,THAP2,TMEM176A,MR1,MTBP,CEP70,LBHD1,KIAA0586,CCDC61,IFIT3,ZNF827,IGFL4,TOP2A,TSC22D3,GDPD1,CSKMT,SUCNR1,ARHGAP30"
"DEG_MVL_TOR10","55","0.18520000000000000","IRF1","IRF1","73","1449","0.49630000000000001891820","1.00000000000000000000","1.0069999999999999","ReMap--ChIP-seq","MDC1,ZC3H12A,PADI1,HEXIM1,PRRT2,FERMT3,DUSP5,CNPY4,PSMB8,NAB2,KMT5A,SLC16A3,INO80B,LIN7B,BCL2L12,TNFRSF1B,PPP1R15A,PBXIP1,PARD6B,SLC25A37,ERRFI1,RASSF1,RASSF4,EPHA2,TSPAN4,CSRNP1,SECTM1,PTPRJ,TMEM150A,TNFRSF12A,SERTAD1,PLD1,ISG20,AMOTL2,MXD3,TNFAIP2,RND2,ARHGEF19,MVP,SERPINE1,NAA80,JUNB,DEPDC1B,PRR19,HOXB4,PRR11,SKA2,FOSL1,DHRS9,RAB3A,THOC6,LBHD1,ERF,BCL3,PLEKHG2,TNNI3,IFIT5,IFIT3,GADD45B,TUBB,BTN3A3,TYMP,EMC9,NRL,CSKMT,TEDC1,ALDH3B1,THRB,CKS1B,DBP,RGS16,PCED1B,FMNL1"
"DEG_MVL_TOR10","56","0.18859999999999999","RFX1","RFX1","73","1449","0.49630000000000001891820","1.00000000000000000000","1.0069999999999999","ReMap--ChIP-seq","CFAP69,HEXIM1,TCP11L2,HAP1,CNPY4,LRRC27,NAB2,ACAP1,MSH5,INO80B,LRRC56,TMEM120B,FOXM1,PBXIP1,RASSF1,CCDC78,ADGRB2,NUMBL,TSPAN4,TNFSF13,CSRNP1,KIF14,PCSK4,SERTAD1,CAMK2N1,PAK4,CACNA1G,CCNB1,RND2,SUN2,VGF,DNAH2,DNAH7,MAPK15,EPOR,MAPK10,RSPH1,SERPINE1,JUNB,ARMC9,RHNO1,TCN2,PHF1,MORN4,USP2,TTC21A,TRAIP,ERF,FANCI,FANCG,WRAP53,TNNI3,KCNJ14,KNL1,SMIM5,CARMIL2,KRT20,PCF11,TNFAIP8L1,IZUMO4,LRRIQ1,BBS12,CCDC28B,LIG1,TEDC1,EFNB3,ARHGAP33,KIF18A,KIF18B,BRD3OS,MNS1,CAMK2A,CDK2AP2"
"DEG_MVL_TOR10","57","0.19189999999999999","RARA","RARA","73","1450","0.49859999999999998765432","1.00000000000000000000","1.0060000000000000","ReMap--ChIP-seq","DDX39A,HEXIM1,FERMT3,JAK3,RECQL4,CNPY4,CENPT,NCAPD2,NAB2,SLC16A3,ACAP1,NPTXR,INO80B,PKMYT1,TNFRSF1B,RASSF1,FBXO6,CCDC78,MYO7A,TSPAN4,IFITM10,TNFSF13,CCDC9B,SECTM1,PCSK4,TNFRSF12A,SERTAD1,CAMK2N2,PCNT,TFAP4,TACC3,ARHGEF39,ACTL10,MXD3,MXD4,PHF19,LMNB2,VGF,NAA80,HOXA6,JUNB,KNSTRN,PRR19,MAML3,HOXC9,FOSL1,ING1,PLCB2,CDKN2C,CARD9,TUBB4B,THOC6,LBHD1,ERF,MRI1,REEP4,BCL3,ESAM,PLEKHG2,SAPCD2,SEMA3B,HIRIP3,POLR2A,RNF26,GADD45B,IZUMO4,GP1BA,CSKMT,TEDC1,ALDH3B1,DBP,DNLZ,FMNL1"
"DEG_MVL_TOR10","58","0.19530000000000000","MYCN","MYCN","73","1450","0.49859999999999998765432","1.00000000000000000000","1.0060000000000000","ReMap--ChIP-seq","DDX39A,CDCA3,HEXIM1,PRRT2,FERMT3,RECQL4,CNPY4,CENPT,HR,SLC16A3,INO80B,DLX2,PKMYT1,LIN7B,BCL2L12,PBXIP1,RASSF1,CCDC78,EPHA2,TSPAN4,TNFSF13,CCDC9B,MC1R,TH,SECTM1,PCSK4,TNFRSF12A,KIF22,SERTAD1,GRIN1,TACC3,PDGFRB,TNFAIP2,LMNB2,VGF,GALT,MVP,AURKB,TAS1R3,SERPINE1,JUNB,PRR19,HOXB4,MAML3,FOSL1,TIMP2,TK1,CKB,CDKN2D,CARD9,TUBB4B,ADM5,STKLD1,THOC6,ERF,REEP4,PLEKHG2,SAPCD2,SEMA3B,TGFBR3L,AHNAK2,GADD45B,ANP32E,GP1BA,EMC9,NRL,TMEM145,TEDC1,ALDH3B1,CDH24,CKS1B,DBP,DNLZ"
"DEG_MVL_TOR10","59","0.19869999999999999","GTF2B","GTF2B","73","1451","0.50090000000000001190159","1.00000000000000000000","1.0049999999999999","ReMap--ChIP-seq","CDCA3,CDCA5,NCAPH,HEXIM1,PRRT3,PRRT2,MLLT11,FERMT3,GPR19,TUBA1B,RILPL2,CKS2,PKN3,CNPY4,LRRC27,NAB2,KMT5A,ACAP1,INO80B,FBXO43,BCL2L12,PBXIP1,CDC20,RASSF1,FBXO5,TMPO,CCDC78,TNFSF13,TMEM150A,KIF22,KIF2C,SERTAD1,CD72,TFAP4,GPD1,UBE2C,ARHGEF39,ACTL10,HMGB2,PITPNC1,LMNB1,GALT,MVP,AURKB,SERPINE1,NAA80,MYC,JUNB,FOSL1,TNFSF9,ING1,CDKN2D,CDKN2C,GLYCTK,LBHD1,ERF,MRI1,HMMR,ITPRIPL1,FANCG,BCL3,PLEKHG2,SAPCD2,SEMA3B,NLRC5,SPAG5,PCF11,TUBG1,TYMP,NRL,CSKMT,MARK4,CKS1B"
"DEG_MVL_TOR10","60","0.20200000000000001","IRF2","IRF2","73","1451","0.50090000000000001190159","1.00000000000000000000","1.0049999999999999","ReMap--ChIP-seq","MDC1,CDCA5,HEXIM1,PRRT2,FERMT3,GPR19,RECQL4,CNPY4,CENPN,NAB2,KMT5A,SLC16A3,MSH5,INO80B,PKMYT1,BCL2L12,SOCS2,TNFRSF14,TNFRSF1B,PPP1R15A,PBXIP1,TMPO,RACGAP1,EGR1,CSRNP1,SECTM1,TMEM150A,TNFRSF12A,KIF22,SERTAD1,TFAP4,TACC3,TBC1D31,GRK6,ARHGEF19,MVP,AURKB,JUNB,IER3,HOXB4,MAML3,HOXC9,FOSL1,TNFSF9,PHF1,ING1,PDF,CDKN2D,CDKN2C,TUBB4B,ADM5,RAB3A,THOC6,LBHD1,ERF,PLEKHG2,RANGAP1,HIRIP3,POLR2A,TNNI3,RHEBL1,IFIT3,ANP32E,PCF11,BTN3A1,TUBB,BTN3A3,EMC9,NRL,CSKMT,CKS1B,DBP,FMNL1"
"DEG_MVL_TOR10","61","0.20540000000000000","ZHX1","ZHX1","73","1452","0.50319999999999998063771","1.00000000000000000000","1.0049999999999999","ReMap--ChIP-seq","MDC1,ZC3H12A,CDCA5,HEXIM1,PRRT2,FERMT3,TUBA1B,JAK3,PKN3,RECQL4,CNPY4,CENPT,SLC16A3,MSH5,TROAP,PKMYT1,LIN7B,BCL2L12,PBXIP1,CCDC78,ENTPD8,EPHA2,PTPRH,PCSK4,IL11,TNFRSF12A,KIF22,SERTAD1,CAMK2N2,GRIN1,TFAP4,ACTL10,TNFAIP2,LMNB2,ARHGEF19,MVP,AURKB,TAS1R3,EPOR,NAA80,HOXA6,JUNB,IER3,ASF1B,HOXC9,FOSL1,CDKN2D,CARD9,TUBB4B,ADM5,THOC6,LBHD1,PLEKHG2,SAPCD2,SEMA3B,TGFBR3L,FZR1,TNNI3,AHNAK2,GADD45B,TUBB,TYMP,NRM,CSKMT,TEDC1,ALDH3B1,NR4A1,CKS1B,DBP,DNLZ,PALM3,FMNL1,CDK2AP2"
"DEG_MVL_TOR10","62","0.20880000000000001","FOXK1","FOXK1","72","1445","0.53339999999999998525624","1.00000000000000000000","0.9953000000000000","ReMap--ChIP-seq","CDCA5,HEXIM1,TCP11L2,UNG,LRRC27,NAB2,UBALD2,CDC25C,INO80B,BMF,TMEM19,EXO1,PPP1R15A,RNFT2,THAP2,KIF20A,XRCC1,PTPRH,KIF15,CAMK2N2,PCNT,TFAP4,BUB1B,CCDC163,CCNE1,ACACB,ECT2,MXD4,HMGB2,AURKB,RBM42,HOXA6,CDK5RAP2,HOXB4,MAML3,RAD21,HMOX1,HOXC9,CDK19,CEP55,BRD8,CKB,CARD9,ZNF331,USP2,ERF,NATD1,AK9,RAD51AP1,KLC4,AKIRIN2,DRC3,PLEKHG2,CKAP2L,TNNI3,CCDC77,RNF26,KCNJ14,CBLB,SRRM5,BEX4,MTTP,LIAS,SMTN,TUBD1,RAD54L,NRL,FANCD2,DNAJC12,ARHGAP33,DNLZ,ATP13A4"
"DEG_MVL_TOR10","63","0.21210000000000001","TFAP2A","TFAP2A","72","1445","0.53339999999999998525624","1.00000000000000000000","0.9953000000000000","ReMap--ChIP-seq","UNC5A,RFX5,HEXIM1,PRRT2,MLLT11,CENPA,RECQL4,CNPY4,NAB2,INO80B,FOXO6,PKMYT1,LIN7B,BCAS1,PARD6B,TTC39A,CDC20,CCDC78,ENTPD8,TSPAN4,MC1R,TH,CSRNP1,PTPRH,TMEM150A,TNFRSF12A,KIF22,SERTAD1,PAK4,TFAP4,TACC3,IL6R,PRLR,NXPH3,GRK6,PROC,AMOTL2,MXD3,PSRC1,VGF,MVP,EPOR,SERPINE1,NAA80,JUNB,PRR19,S100A14,FOSL1,REN,ARPC1B,PRSS36,TUBB4B,STKLD1,THOC6,ERF,HGFAC,PLEKHG2,SAPCD2,TNNI3,OVOL1,NECAB2,IGSF3,TFF1,TUBD1,EMC9,NRL,HGD,TEDC1,NR4A1,CKS1B,PALM3,DLK2"
"DEG_MVL_TOR10","64","0.21550000000000000","PPARG","PPARG","72","1448","0.54039999999999999147349","1.00000000000000000000","0.9931000000000000","ReMap--ChIP-seq","LIPE,LIPH,EPSTI1,PADI1,HEXIM1,LYZ,BHLHE41,FLVCR2,TCP11L2,TMC1,UNG,UBALD2,SDCBP2,SP2,ITGB6,MUC5AC,PBXIP1,PARD6B,PPP1R14D,ERRFI1,CDC20,ARL14,EPHA2,TSPAN4,IFITM10,TNFRSF12A,SPC24,TBC1D31,GEM,PLD1,ACACB,AMOTL2,PITPNC1,VGF,SERPINE1,MYC,HOXA6,JUNB,PRKCH,HOXB4,MAML3,HMOX1,ST3GAL1,FOSL1,COL21A1,CCL20,DHRS9,THOC6,LBHD1,CLIP4,BCL3,LBR,PLEKHG2,MCM5,AQP7,TMTC2,GADD45B,TPX2,AKR1B10,NAALADL2,SCEL,GABRE,CSKMT,DPP4,CKS1B,DBP,KLF10,LATS2,OAS1,PCED1B,STN1,ALOX5AP"
"DEG_MVL_TOR10","65","0.21890000000000001","SIX5","SIX5","72","1449","0.54269999999999996020961","1.00000000000000000000","0.9923999999999999","ReMap--ChIP-seq","MDC1,CDCA3,CDCA5,CDCA8,HEXIM1,PRRT2,RECQL4,CNPY4,CENPT,FADS2,SLC16A3,INO80B,FHIT,LIN7B,BCL2L12,PPP1R15A,PBXIP1,RASSF1,CCDC78,TSPAN4,TNFSF13,PTPRH,CD37,IL11,TMEM150A,TNFRSF12A,SERTAD1,TFAP4,CCDC163,LMTK3,TNFAIP2,LMNB2,MVP,AURKB,RBM42,NAA80,MYC,JUNB,IER3,PRR19,FOSL1,EHD2,TUBB4B,ADM5,THOC6,LBHD1,ERF,ZNF790,FANCG,BCL3,WRAP53,PLEKHG2,ESPL1,TNNI3,KCNJ14,RHEBL1,TNS4,GADD45B,TUBB,GP1BA,TYMP,TMEM145,CSKMT,TEDC1,EFNB3,ALDH3B1,MARK4,DNAJC12,ARHGAP33,CKS1B,DBP,PCED1B"
"DEG_MVL_TOR10","66","0.22220000000000001","SREBF1","SREBF1","72","1450","0.54500000000000003996803","1.00000000000000000000","0.9917000000000000","ReMap--ChIP-seq","MDC1,CDCA5,HEXIM1,PRRT2,FERMT3,RECQL4,CNPY4,CENPT,FADS2,SLC16A3,MSH5,INO80B,LRRC56,LIN7B,BCL2L12,TNFRSF14,TMEM120B,PBXIP1,PARD6B,RASSF1,FBXO6,CCDC78,EGR1,CSRNP1,SECTM1,PTPRH,PCSK4,IL11,TNFRSF12A,KIF22,SERTAD1,TFAP4,TACC3,LMTK3,ISG20,UBE2S,TNFAIP1,RND2,MVP,AURKB,TAS1R3,EPOR,NAA80,JUNB,IER3,PRR19,FOSL1,PHF1,PRSS36,TUBB4B,ADM5,RAB3A,THOC6,LBHD1,ERF,BCL3,WRAP53,PLEKHG2,ESPL1,SAPCD2,SEMA3B,FZR1,POLR2A,TNNI3,SLC22A11,TUBB,NRL,TMEM145,CSKMT,CKS1B,DBP,PALM3"
"DEG_MVL_TOR10","67","0.22559999999999999","KLF1","KLF1","72","1451","0.54730000000000000870415","1.00000000000000000000","0.9910000000000000","ReMap--ChIP-seq","CDCA3,CDCA5,RNF215,HEXIM1,PRRT2,FERMT3,TCP11L2,CENPA,RECQL4,CNPY4,CENPT,NAB2,FADS2,SLC16A3,ACAP1,LIN7B,BCL2L12,PPP1R15A,PBXIP1,RASSF1,CCDC78,NUMBL,TSPAN4,CCDC9B,SECTM1,PCSK4,TNFRSF12A,MST1,KIF22,SERTAD1,MGAT3,PCNT,TFAP4,TACC3,GRK6,PHF19,LTB4R,VGF,MVP,TAS1R3,EPOR,SERPINE1,NAA80,JUNB,PRR19,LDHD,FOSL1,ING1,TUBB2A,PLCB2,CDKN2D,GLYCTK,TUBB4B,ADM5,THOC6,ERF,FANCG,PLEKHG2,SEMA3B,TGFBR3L,POLR2A,IZUMO4,GP1BA,KPTN,TYMP,NRL,TMEM145,NR4A1,CKS1B,DBP,KLF10,FMNL1"
"DEG_MVL_TOR10","68","0.22900000000000001","GFI1B","GFI1B","72","1451","0.54730000000000000870415","1.00000000000000000000","0.9910000000000000","ReMap--ChIP-seq","MDC1,DDX39A,CDCA3,HEXIM1,PRRT2,FERMT3,TUBA1B,CENPA,RECQL4,CNPY4,CENPT,NAB2,FADS2,SLC16A3,MSH5,PKMYT1,LIN7B,TNFRSF14,TNFRSF1B,PPP1R15A,PBXIP1,RASSF1,FBXO6,ENTPD8,EPHA2,EGR1,CSRNP1,PTPRH,PCSK4,TNFRSF12A,KIF22,SERTAD1,TFAP4,TACC3,LMTK3,ACTL10,PHF19,TNFAIP2,ARHGEF19,MVP,AURKB,TAS1R3,EPOR,SERPINE1,NAA80,JUNB,IER3,HOXB4,HOXC9,FOSL1,PHF1,TUBB2A,KIFC1,CDKN2D,TUBB4B,RAB3A,THOC6,ERF,PLEKHG2,TGFBR3L,TNNI3,RNF26,SLC51A,STAG3,TMCC2,TUBB,NRM,ALDH3B1,CKS1B,DBP,PALM3,FMNL1"
"DEG_MVL_TOR10","69","0.23230000000000001","TFAP4","TFAP4","72","1452","0.54959999999999997744027","1.00000000000000000000","0.9903000000000000","ReMap--ChIP-seq","CDCA3,PDGFB,RNF215,HEXIM1,PRRT2,FERMT3,CENPT,SLC16A3,UBALD2,INO80B,PKMYT1,BMF,TNFRSF14,PBXIP1,PPP1R14D,RASSF1,RASSF4,EPHA2,TSPAN4,TNFSF13,MC1R,SECTM1,PTPRH,TMEM150A,TNFRSF12A,SERTAD1,TFAP4,TACC3,CCDC163,IL6R,GRK6,ISG20,PROC,MXD3,TNFAIP2,RND2,VGF,MVP,AURKB,EPOR,SERPINE1,NAA80,JUNB,LDHD,HMOX1,FOSL1,TIMP2,TK1,TUBB4B,STKLD1,USP2,PGF,THOC6,BCL3,PLEKHG2,APOA1,WIPI1,RANGAP1,SAPCD2,MCM5,SEMA3B,SMIM5,GADD45B,GP1BA,NRL,TEDC1,MARK4,NR4A1,ARHGAP30,CKS1B,DBP,FMNL1"
"DEG_MVL_TOR10","70","0.23569999999999999","STAT3","STAT3","72","1454","0.55420000000000002593481","1.00000000000000000000","0.9888000000000000","ReMap--ChIP-seq","ZC3H12A,HEXIM1,PRRT2,FERMT3,JAK3,SLC16A3,UBALD2,SDCBP2,ACAP1,INO80B,BCL2L12,BMF,TNFRSF1B,PPP1R15A,PBXIP1,CCDC78,EPHA2,TSPAN4,TNFSF13,CSRNP1,SECTM1,PTPRH,PCSK4,CD37,TNFRSF12A,KIF22,KIF2C,SERTAD1,TACC3,PRDM1,IL6R,SPINK4,PLD1,ISG20,PHF19,LMNB2,LTB4R,VGF,MVP,AURKB,SERPINE1,MYC,HOXA6,JUNB,IER3,PRR19,FOSL1,EHD2,ING1,TUBB4B,ADM5,RAB3A,THOC6,LTB4R2,ERF,NATD1,BCL3,PLEKHG2,SAPCD2,TNS4,SRRM5,GADD45B,IZUMO4,GP1BA,RAB7B,TYMP,TMEM145,CKS1B,DBP,RGS16,STN1,CDK2AP2"
"DEG_MVL_TOR10","71","0.23910000000000001","SOX11","SOX11","71","1448","0.58650000000000002131628","1.00000000000000000000","0.9786000000000000","ReMap--ChIP-seq","EML1,PRRT2,MLLT11,NCAPG2,TUBA1C,JAK3,LRRC49,CENPA,TCOF1,CENPU,NAB2,FADS2,KMT5A,TROAP,FBXO48,UST,TNFRSF1B,NRG4,SLC23A3,CPNE8,CDC20,FAM53A,PEX11B,RIMKLA,KIF14,CCDC110,KIF22,MIS18A,TMEM266,LMTK3,GPD1,SLC1A1,PHF19,HMGB2,RND2,NAV1,MVP,MAP1S,ZC2HC1C,PRR19,ASF1B,TCN2,TNFSF9,HBEGF,GRAMD1C,CKB,FMO1,HJURP,HMMR,AKIRIN2,CCDC34,ASPM,NLRC5,CCDC77,BCO1,IFIT3,KNL1,OVOL1,MTTP,CARMIL2,ZWINT,ANP32E,PCF11,CEACAM6,MYEF2,TMEM145,DPP4,KIF18B,HSH2D,ARID3B,DLK2"
"DEG_MVL_TOR10","72","0.24240000000000000","PBX3","PBX3","71","1449","0.58870000000000000106581","1.00000000000000000000","0.9779000000000000","ReMap--ChIP-seq","MDC1,ZC3H12A,DDX39A,CDCA3,HEXIM1,PRRT2,FERMT3,DUSP5,RECQL4,CNPY4,CENPM,NCAPD2,NAB2,SLC16A3,UBALD2,ACAP1,MSH5,IGFALS,INO80B,LRRC56,PKMYT1,BCL2L12,TNFRSF14,CCDC78,NUMBL,TSPAN4,IL11,KIF22,SERTAD1,PLD1,UBE2S,PHF19,LMNB2,VGF,MVP,AURKB,TAS1R3,RRM2,SERPINE1,MYC,JUNB,IER3,PRR19,FOSL1,TNFSF9,ARPC1B,TK1,CARD9,TUBB4B,ADM5,LBHD1,ERF,BCL3,PLEKHG2,TGFBR3L,TNS4,GADD45B,IZUMO4,TUBB,GP1BA,TYMP,EMC9,NRM,CSKMT,ALDH3B1,MARK4,CHTF18,CKS1B,DBP,KLF10,DNLZ"
"DEG_MVL_TOR10","73","0.24579999999999999","JUND","JUND","71","1451","0.59319999999999994955147","1.00000000000000000000","0.9765000000000000","ReMap--ChIP-seq","MDC1,ZC3H12A,RNF215,HEXIM1,PRRT2,RECQL4,CNPY4,NAB2,SLC16A3,MSH5,INO80B,PKMYT1,LIN7B,BCL2L12,BMF,PPP1R15A,PBXIP1,PARD6B,SLC25A37,ERRFI1,RASSF1,CCDC78,ENTPD8,EPHA2,TSPAN4,MC1R,CSRNP1,PTPRH,IL11,TMEM150A,TNFRSF12A,KIF22,SERTAD1,TFAP4,PLD1,ISG20,PROC,TNFAIP2,LMNB2,VGF,MVP,AURKB,TAS1R3,EPOR,SERPINE1,NAA80,MYC,JUNB,IER3,PRR19,FOSL1,PHF1,TUBB4B,RAB3A,THOC6,LBHD1,ERF,BCL3,PLEKHG2,SEMA3B,TGFBR3L,TNNI3,TNS4,GADD45B,TPX2,TUBB,GP1BA,NRM,CSKMT,CKS1B,DBP"
"DEG_MVL_TOR10","74","0.24920000000000000","PAX5","PAX5","71","1453","0.59770000000000000905942","1.00000000000000000000","0.9751000000000000","ReMap--ChIP-seq","MDC1,DDX39A,HEXIM1,PRRT2,FERMT3,JAK3,DUSP5,RECQL4,CNPY4,CENPM,NAB2,SLC16A3,UBALD2,ACAP1,LRRC56,PKMYT1,BCL2L12,TNFRSF14,TNFRSF1B,SPON2,RASSF4,CCDC78,ENTPD8,TSPAN4,EGR1,TNFSF13,SERTAD1,CD72,GRIN1,TACC3,GRK6,ACTL10,PHF19,TNFAIP2,LMNB2,MVP,AURKB,TAS1R3,RSPH1,JUNB,IER3,PRR19,FOSL1,TNFSF9,PHF1,PYGM,ING1,C1QTNF6,TK1,CDKN2D,TUBB4B,RAB3A,ERF,BCL3,PLEKHG2,SAPCD2,NLRC5,GADD45B,IZUMO4,TUBB,GP1BA,TYMP,EMC9,NRM,CSKMT,TEDC1,MARK4,DBP,HSH2D,RGS16,FMNL1"
"DEG_MVL_TOR10","75","0.25250000000000000","ZBTB16","ZBTB16","70","1440","0.61399999999999999023004","1.00000000000000000000","0.9698000000000000","ReMap--ChIP-seq","NCAPG,CFAP70,FERMT3,NCAPG2,CENPA,UNG,CENPT,KMT5A,KPNA2,UBALD2,INO80B,TROAP,SP2,TMEM19,SPDL1,ZNF850,CDC20,FBXO5,TMPO,PAQR6,HASPIN,THAP2,ZBTB2,EGR1,HSPA12A,SUV39H1,KIF24,SERTAD1,CAPS,BUB1B,CCDC163,ACACB,GRK4,UBE2C,CIP2A,MDH1B,SMC4,CLEC11A,PRR11,ASF1B,SKA3,SKA2,PYGM,RPL17,TUBB4B,RAB3A,CEP128,ERF,ZNF790,DRC3,WRAP53,PLEKHG2,CCDC77,KCNJ14,ARL6IP1,YOD1,ESCO2,ANP32E,TOP2A,GP1BA,TYMP,MYEF2,ZWILCH,PTTG1,TEDC1,EFNB3,ACBD7,DNAJC12,ARHGAP33,CDK2AP2"
"DEG_MVL_TOR10","76","0.25590000000000002","NR5A2","NR5A2","70","1442","0.61850000000000004973799","1.00000000000000000000","0.9684000000000000","ReMap--ChIP-seq","UNC5A,RFX5,PDGFB,NCAPH,HEXIM1,PRRT3,MLLT11,FERMT3,CENPA,PTGS1,RECQL4,HR,TSACC,BMF,BCAS1,PARD6B,TTC39A,PPP1R14D,ADGRB2,PEX11B,TSPAN1,EGR1,IFITM10,TNFSF13,CSRNP1,KIF12,ZHX2,CAP2,SPINK4,PRLR,NXPH3,ACACB,CALHM2,GRK6,TREH,ATOH8,TEF,TAF3,NAA80,JUNB,LDHD,S100A14,REN,MESP2,C1QTNF6,ZNF331,DEPTOR,ITPRIPL1,REEP4,BCL3,HGFAC,APOA1,HDAC11,AQP7,CHEK2,NEIL2,NECAB2,IGSF3,TMTC2,NTSR1,SIGLEC15,CEACAM5,TFF1,TUBD1,ZWILCH,TDRD5,CHTF18,BDKRB2,PCED1B,ARID3B"
"DEG_MVL_TOR10","77","0.25929999999999997","RFX2","RFX2","70","1442","0.61850000000000004973799","1.00000000000000000000","0.9684000000000000","ReMap--ChIP-seq","CFAP69,SMPD3,TUBA1C,ARG2,CNPY4,NAB2,NEK2,SDCBP2,FAM227A,INO80B,NEK5,ODF2,E2F8,CCDC78,ADGRB2,HSPA12A,KIF14,PCSK4,KIF24,KIF23,G2E3,CAMK2N1,CFAP300,LMTK3,CACNA1G,UBE2C,TMEM237,NAV1,VGF,DNAH2,DNAH7,EPOR,MAPK10,RSPH1,TCIM,MTBP,STMN1,CDK20,ZNF165,DNAAF4,TCN2,PYGM,ING1,ING2,MORN4,TTC21A,TPPP,FANCI,DRC3,WRAP53,DCAF15,FZR1,TNNI3,CEP152,KCNJ14,SLC51A,PCF11,BBS12,CCDC28B,TEDC1,EFNB3,MARK4,ACBD7,ARHGAP33,KIF18A,DBP,BLNK,PPP2R5D,DBF4B,CDK2AP2"
"DEG_MVL_TOR10","78","0.26260000000000000","SNAI2","SNAI2","70","1449","0.63380000000000003002043","1.00000000000000000000","0.9635000000000000","ReMap--ChIP-seq","ZC3H12A,CCBE1,PDGFB,HEXIM1,FERMT3,HAP1,RECQL4,HR,SH2D5,SLC16A3,ACAP1,IGFALS,PKMYT1,RASSF1,CCDC78,ENTPD8,EPHA2,TSPAN4,CCDC9B,TH,SECTM1,PCSK4,TNFRSF12A,CAMK2N1,GPC1,GRIN1,TACC3,IL6R,LMTK3,VGF,TAS1R3,SERPINE1,NAA80,JUNB,PRR19,FOSL1,TNFSF9,PLCB2,HBEGF,CKB,CDKN2D,TUBB4B,THOC6,ERF,REEP4,HGFAC,PLEKHG2,RANGAP1,SAPCD2,SEMA3B,TGFBR3L,FZR1,TNNI3,AHNAK2,CCDC61,TNS4,NTSR1,GADD45B,TNFAIP8L1,IZUMO4,ALOX12B,TYMP,EMC9,TEDC1,ALDH3B1,CHTF18,CKS1B,DBP,RNF207,FMNL1"
"DEG_MVL_TOR10","79","0.26600000000000001","ELF1","ELF1","70","1451","0.63810000000000000053291","1.00000000000000000000","0.9621000000000000","ReMap--ChIP-seq","MDC1,DDX39A,CDCA3,CDCA5,HEXIM1,PRRT2,FERMT3,RECQL4,CNPY4,NAB2,SLC16A3,ACAP1,MSH5,INO80B,LRRC56,PKMYT1,BCL2L12,PBXIP1,RASSF1,CCDC78,EPHA2,TSPAN4,TNFSF13,PCSK4,TMEM150A,TNFRSF12A,KIF22,SERTAD1,TFAP4,TACC3,GRK6,TNFAIP2,LMNB2,VGF,MVP,AURKB,TAS1R3,SERPINE1,JUNB,IER3,FOSL1,ARPC1B,ING1,CARD9,TUBB4B,ADM5,STKLD1,THOC6,LBHD1,ERF,BCL3,PLEKHG2,SAPCD2,SEMA3B,TGFBR3L,TNNI3,GADD45B,TUBB,GP1BA,TYMP,EMC9,NRM,NRL,CSKMT,TEDC1,ALDH3B1,NR4A1,CKS1B,DBP,DNLZ"
"DEG_MVL_TOR10","80","0.26939999999999997","FOXP2","FOXP2","70","1451","0.63810000000000000053291","1.00000000000000000000","0.9621000000000000","ReMap--ChIP-seq","MDC1,DDX39A,HEXIM1,PRRT2,FERMT3,JAK3,RECQL4,CNPY4,NAB2,SLC16A3,UBALD2,INO80B,DLX2,LRRC56,PKMYT1,LIN7B,BCL2L12,RILP,SPON2,CCDC78,ENTPD8,NUMBL,TSPAN4,MC1R,CSRNP1,PCSK4,IL11,TNFRSF12A,SERTAD1,TFAP4,TACC3,SPC24,PDGFRB,LMTK3,ISG20,LMNB2,VGF,MVP,TAS1R3,SERPINE1,NAA80,JUNB,MAP1S,PRR19,ASF1B,FOSL1,PHF1,CKB,TUBB4B,ADM5,RAB3A,THOC6,ERF,BCL3,PLEKHG2,SAPCD2,SEMA3B,TGFBR3L,AHNAK2,CARMIL2,GADD45B,TUBB,GP1BA,TYMP,TMEM145,TEDC1,DBP,DNLZ,PALM3,CDK2AP2"
"DEG_MVL_TOR10","81","0.27270000000000000","NRF1","NRF1","70","1453","0.64249999999999996003197","1.00000000000000000000","0.9607000000000000","ReMap--ChIP-seq","CDCA3,HEXIM1,PRRT2,GPR19,DYNLL1,RECQL4,CNPY4,CENPT,KMT5A,INO80B,PKMYT1,LIN7B,BCL2L12,PBXIP1,RASSF1,CCDC78,ENTPD8,TSPAN4,SECTM1,KIF11,PCSK4,TMEM150A,TNFRSF12A,KIF22,SERTAD1,CD72,GRIN1,TFAP4,TACC3,LMTK3,CACNA1G,ARHGEF39,LMNB2,VGF,MVP,AURKB,TAS1R3,NAA80,JUNB,PRR19,FOSL1,ING1,CDKN2D,TUBB4B,ADM5,RAB3A,THOC6,ERF,MRI1,PLEKHG2,SAPCD2,TGFBR3L,HIRIP3,POLR2A,TNNI3,RHEBL1,SRRM5,GADD45B,TUBB,TYMP,EMC9,NRL,TMEM145,ARHGAP33,CKS1B,DBP,PPP2R5D,RNF207,PALM3,CDK2AP2"
"DEG_MVL_TOR10","82","0.27610000000000001","E2F6","E2F6","70","1453","0.64249999999999996003197","1.00000000000000000000","0.9607000000000000","ReMap--ChIP-seq","MDC1,DDX39A,CDCA3,HEXIM1,PRRT2,FOXL2NB,CENPA,RECQL4,CNPY4,LRRC27,CENPM,NAB2,HR,SLC16A3,MSH5,IGFALS,INO80B,DLX2,LRRC56,PKMYT1,LIN7B,TNFRSF14,PBXIP1,RASSF1,CCDC78,EPHA2,TSPAN4,TNFSF13,SECTM1,PCSK4,IL11,TNFRSF12A,KIF22,SERTAD1,GRIN1,TFAP4,GRK6,UBE2S,TNFAIP2,VGF,GALT,MVP,AURKB,TAS1R3,SERPINE1,NAA80,JUNB,IER3,PRR19,HOXB4,HOXC9,FOSL1,TUBB4B,RAB3A,THOC6,LBHD1,ERF,REEP4,PLEKHG2,SAPCD2,SEMA3B,TGFBR3L,TNNI3,RNF26,TUBB,CSKMT,TEDC1,ALDH3B1,CKS1B,DBP"
"DEG_MVL_TOR10","83","0.27950000000000003","ESR2","ESR2","69","1439","0.65629999999999999449329","1.00000000000000000000","0.9559000000000000","ReMap--ChIP-seq","ZFYVE28,UNC5A,ASPHD1,NCAPH,RNF215,NEBL,TUBA1C,DYNLL1,NAB2,KMT5A,KPNA2,SLC16A3,IGFALS,DSC2,DLX2,FOXO6,SP8,E2F8,TTC39A,PRC1,FBXO6,CCDC78,HASPIN,TSPAN4,ACER2,TH,PTPRH,TMEM150A,MGAT3,CAP2,TACC3,GEN1,SPINK4,GRK6,ARHGEF39,ISG20,PITPNC1,SUN2,SHANK2,RRM2,HOXA6,JUNB,ZC2HC1C,HOXB4,HOXC9,FOSL1,CYP1A1,ARPC1B,RPS6KL1,AHRR,CKB,CDKN2C,MORN4,ITPRIPL1,BCL3,LHX4,LBR,APOA1,TGFBR3L,POLR2A,HDAC11,VRTN,SRRM5,PIMREG,ANP32E,CCDC28B,NID1,LONRF2,KLF10"
"DEG_MVL_TOR10","84","0.28280000000000000","ZC3H8","ZC3H8","69","1443","0.66479999999999994653166","1.00000000000000000000","0.9530999999999999","ReMap--ChIP-seq","ZC3H12A,CDCA3,HEXIM1,BTBD16,DUSP5,CENPA,NAB2,SLC16A3,CDC25C,INO80B,NPAS1,BCL2L12,BMF,SP2,CNTROB,TNFRSF1B,PBXIP1,PARD6B,SLC25A37,ERRFI1,RASSF1,TMPO,PAQR6,EPHA2,TNFSF13,SECTM1,IL11,KIF2C,CALHM2,CALHM3,CLK1,UBE2S,AMOTL2,PHF19,AURKB,ATOH8,MYC,HOXA6,HOXB4,LDHD,HMOX1,S100A14,TCN2,HBEGF,RAB3A,LBHD1,BCL3,CALCOCO1,PLEKHG2,WIPI1,MCM5,CBLN3,ARL6IP1,AQP7,TNS4,KLK7,NTSR1,TPX2,SMTN,CCDC28B,CSKMT,SHISA4,ARHGAP30,CKS1B,DBP,KLF10,RNF207,STN1,FMNL1"
"DEG_MVL_TOR10","85","0.28620000000000001","ZNF207","ZNF207","69","1445","0.66900000000000003907985","1.00000000000000000000","0.9518000000000000","ReMap--ChIP-seq","MDC1,ZC3H12A,DDX39A,CDCA5,PRRT2,MLLT11,FERMT3,DUSP5,RECQL4,CNPY4,PSMB8,CENPM,SLC16A3,UBALD2,MSH5,INO80B,LRRC56,TNFRSF14,TNFRSF1B,PBXIP1,RILP,SPON2,RASSF1,CCDC78,ENTPD8,EGR1,TNFSF13,CSRNP1,KIF2C,SERTAD1,CALHM2,GRK6,CALHM3,PHF19,LMNB2,MVP,AURKB,RSPH1,NAA80,JUNB,IER3,HMOX1,FOSL1,TNFSF9,C1QTNF6,ASCL1,CKB,CDKN2D,GLYCTK,TUBB4B,LBHD1,ERF,PLEKHG2,SAPCD2,NLRC5,GADD45B,IZUMO4,TUBB,GP1BA,TYMP,EMC9,NRM,NRL,CSKMT,CKS1B,DBP,RNF207,PALM3,FMNL1"
"DEG_MVL_TOR10","86","0.28960000000000002","ATF7","ATF7","69","1448","0.67520000000000002238210","1.00000000000000000000","0.9497000000000000","ReMap--ChIP-seq","MDC1,ZFYVE28,ZC3H12A,DDX39A,HEXIM1,PRRT2,MLLT11,DUSP5,CNPY4,NAB2,KMT5A,UBALD2,MSH5,LRRC56,FOXO6,PKMYT1,LIN7B,RASSF1,EPHA2,TSPAN4,CCDC9B,CSRNP1,SECTM1,PCSK4,DMBX1,TNFRSF12A,KIF22,SERTAD1,ACTL10,TNFAIP2,ARHGEF19,PSRC1,MVP,AURKB,NAA80,JUNB,IER3,CLEC11A,PRR19,HOXB4,FOSL1,PHF1,PYGM,TUBB2A,KIFC1,PLCB2,USP2,THOC6,LBHD1,ERF,BCL3,PLEKHG2,TGFBR3L,POLR2A,TNNI3,RNF26,YOD1,TMCC2,TUBB,TLDC2,NRM,CSKMT,CDH24,NR4A1,THRB,CKS1B,DBP,RGS16,PALM3"
"DEG_MVL_TOR10","87","0.29289999999999999","ZFX","ZFX","69","1448","0.67520000000000002238210","1.00000000000000000000","0.9497000000000000","ReMap--ChIP-seq","CDCA3,CDCA5,HEXIM1,PRRT2,INCA1,FERMT3,RECQL4,CNPY4,CENPT,NAB2,SLC16A3,CDC25C,ACAP1,PKMYT1,LIN7B,TNFRSF14,FOXM1,PBXIP1,CDC20,RASSF1,FBXO6,FBXO5,ENTPD8,TSPAN4,EGR1,CCDC9B,KIF11,TMEM150A,SERTAD1,PCNT,TACC3,GRK6,MXD3,MXD4,TNFAIP2,TENT4A,GALT,MVP,AURKB,TAS1R3,RRM2,NAA80,JUNB,HOXB4,RHNO1,HOXC9,ST3GAL1,FOSL1,ING1,TUBB4B,STKLD1,LBHD1,ERF,FANCG,PLEKHG2,SAPCD2,TGFBR3L,POLR2A,SRRM5,TYMP,NRL,CCDC28B,CSKMT,IL11RA,TEDC1,ALDH3B1,HSPA8,CKS1B,RNF207"
"DEG_MVL_TOR10","88","0.29630000000000001","ZNF175","ZNF175","69","1448","0.67520000000000002238210","1.00000000000000000000","0.9497000000000000","ReMap--ChIP-seq","MDC1,HEXIM1,PRRT2,LYZ,TCP11L2,CENPA,CENPT,NAB2,SLC16A3,UBALD2,MSH5,INO80B,DLX2,PKMYT1,BMF,PBXIP1,PARD6B,ERRFI1,RASSF1,RASSF4,EPHA2,TSPAN4,TNFSF13,SECTM1,KIF12,PTPRH,TMEM150A,TNFRSF12A,KIF22,SERTAD1,CAMK2N1,TFAP4,IL6R,GPD1,PLD1,VGF,MVP,AURKB,TAS1R3,SERPINE1,NAA80,HOXA6,JUNB,IER3,HMOX1,FOSL1,MYOM3,TUBB4B,RAB43,PGF,THOC6,ERF,BCL3,LBR,PLEKHG2,APOA1,WIPI1,SAPCD2,SEMA3B,YOD1,TPX2,TUBB,GP1BA,TYMP,TEDC1,DPP4,THRB,CKS1B,DBP"
"DEG_MVL_TOR10","89","0.29970000000000002","CLOCK","CLOCK","69","1449","0.67730000000000001314504","1.00000000000000000000","0.9490000000000000","ReMap--ChIP-seq","GTSE1,UNC5A,CDIP1,CDCA3,MLLT11,BHLHE41,ARG2,CENPA,WTIP,NAB2,SLC16A3,MSH6,INO80B,SP2,FOXM1,BIRC5,PBXIP1,EPHA2,SEC31B,MC1R,ZHX2,CAMK2N1,MGAT3,SGSM1,MIS18A,GRK1,CCNB2,RND2,VGF,GALT,TEF,SERPINE1,NAA80,STMN1,HOXA6,JUNB,PRKCH,RHNO1,HMOX1,S100A14,ST3GAL1,MESP2,ING1,TK1,TUBB4B,ZNF331,RAB3A,DEPTOR,FANCG,MCM5,SEMA3B,NLRC5,SPAG5,AQP7,TNS4,SLC6A12,GADD45B,ZDHHC11,RAB7B,TUBD1,DSCC1,NRL,IL11RA,FAM83D,DBP,KLF10,RNF207,RGS16,CAMK2A"
"DEG_MVL_TOR10","90","0.30299999999999999","HIF1A","HIF1A","69","1450","0.67940000000000000390799","1.00000000000000000000","0.9483000000000000","ReMap--ChIP-seq","UNC5A,HPD,CDCA3,PDGFB,RNF215,HEXIM1,BHLHE41,LRRC31,DYNLL1,PTGS1,NAB2,HR,SLC16A3,PKMYT1,BMF,PBXIP1,PARD6B,RASSF1,CCDC78,EPHA2,TSPAN4,TH,CSRNP1,SECTM1,PTPRJ,TNFRSF12A,CAMK2N2,PAK4,GRIN1,TNFAIP2,VGF,SHANK2,MVP,TAS1R3,SERPINE1,NAA80,JUNB,HOXC9,ST3GAL1,FOSL1,MESP2,TK1,RPS6KL1,CKB,TUBB4B,CCL28,LAMP3,PGF,THOC6,BCL3,SAPCD2,BCO1,AHNAK2,HDAC11,SYNPO,SLC51A,NTSR1,GADD45B,KLLN,NAALADL2,TYMP,TEDC1,ALDH3B2,ALDH3B1,MARK4,HSPA8,CHTF18,CKS1B,ATP13A4"
"DEG_MVL_TOR10","91","0.30640000000000001","KLF5","KLF5","69","1451","0.68140000000000000568434","1.00000000000000000000","0.9476000000000000","ReMap--ChIP-seq","HEXIM1,PRRT2,INCA1,PKN3,RECQL4,CNPY4,NAB2,HR,SLC16A3,INO80B,PKMYT1,LIN7B,BCL2L12,PPP1R15A,PBXIP1,CDC20,RASSF1,CCDC78,ENTPD8,EPHA2,TSPAN4,TNFSF13,SECTM1,PCSK4,TNFRSF12A,KIF22,SERTAD1,TFAP4,ISG20,ACTL10,LMNB2,VGF,GALT,MVP,AURKB,TAS1R3,NAA80,JUNB,HOXB4,S100A14,HOXC9,FOSL1,EHD2,PRSS36,TUBB4B,THOC6,LBHD1,ERF,FANCG,REEP4,BCL3,PLEKHG2,SAPCD2,SEMA3B,TNNI3,GADD45B,TPX2,GP1BA,TYMP,EMC9,NRL,CSKMT,IL11RA,TEDC1,ALDH3B1,MARK4,CKS1B,DBP,RNF207"
"DEG_MVL_TOR10","92","0.30980000000000002","HNF4G","HNF4G","69","1451","0.68140000000000000568434","1.00000000000000000000","0.9476000000000000","ReMap--ChIP-seq","RNF215,HEXIM1,PRRT2,OAF,UNG,NAB2,HR,SLC16A3,MSH5,IGFALS,INO80B,PKMYT1,BMF,ATP7B,BOK,RASSF4,TRIM29,EPHA2,SLC45A3,TSPAN4,SECTM1,KIF12,PTPRH,PCSK4,ZHX2,TMEM150A,TNFRSF12A,KIF22,SERTAD1,CAMK2N1,GPD1,PROC,MVP,AURKB,TAS1R3,SERPINE1,NAA80,JUNB,IER3,HMOX1,CYP1A1,MYOM3,C1QTNF6,CCL20,GLYCTK,TUBB4B,COL27A1,USP2,PGF,THOC6,ERF,REEP4,BCL3,PLEKHG2,APOA1,MCM5,SEMA3B,RNF26,CBLN3,SLC6A12,VASN,GP1BA,MTSS1,TYMP,EMC9,NRL,TEDC1,ALDH3B1,CKS1B"
"DEG_MVL_TOR10","93","0.31309999999999999","NR3C1","NR3C1","69","1452","0.68349999999999999644729","1.00000000000000000000","0.9469000000000000","ReMap--ChIP-seq","ZC3H12A,HPD,RNF215,HEXIM1,DUSP5,DYNLL1,CNPY4,SLC16A3,UBALD2,INO80B,LIN7B,ITGB6,PBXIP1,PARD6B,ERRFI1,RASSF4,TMPO,CCDC78,EPHA2,TSPAN4,TNFSF13,CSRNP1,PTPRJ,TMEM150A,TNFRSF12A,KIF2C,SERTAD1,PAK4,CD72,TFAP4,SPC24,PRDM1,IL6R,SPINK4,PLD1,ARHGEF39,AMOTL2,LMNB2,VGF,AURKB,ATOH8,SERPINE1,JUNB,IER3,DKK3,PRR19,S100A14,ST3GAL1,FOSL1,EHD2,TK1,TUBB4B,THOC6,LBHD1,ERF,REEP4,BCL3,PLEKHG2,TNS4,GADD45B,TPX2,CSKMT,HGD,TEDC1,ALDH3B1,MARK4,NR4A1,CKS1B,PCED1B"
"DEG_MVL_TOR10","94","0.31650000000000000","BHLHE22","BHLHE22","68","1440","0.70099999999999995647926","1.00000000000000000000","0.9407000000000000","ReMap--ChIP-seq","TESK1,CDCA3,PDGFB,FERMT3,KDM8,NCAPG2,OLFML2B,NEK2,UBALD2,FOXO6,BMF,TNFRSF1B,ADORA2A,SPON2,RASSF4,ENTPD8,TSPAN1,CSRNP1,SECTM1,PCSK4,TNFRSF12A,KIF2C,MGAT3,CD72,GRIN1,TACC3,IL6R,SPINK4,CALHM2,GRK6,PACSIN1,CALHM3,ISG20,PROC,MXD3,PHF19,TNFAIP2,LMNB2,MYBL2,ATOH8,LDHD,HMOX1,FOSL1,PYGM,TK1,RPS6KL1,ADCY7,CDKN2D,TUBB4B,TTC21A,THOC6,SAPCD2,AHNAK2,OVOL1,NEIL1,NTSR1,GADD45B,IZUMO4,KPTN,ALDH3B1,MARK4,NR4A1,DBP,BLNK,HSH2D,RGS16,FMNL1,ALOX5AP"
"DEG_MVL_TOR10","95","0.31990000000000002","PRDM1","PRDM1","68","1444","0.70889999999999997459810","1.00000000000000000000","0.9379999999999999","ReMap--ChIP-seq","MDC1,BHLHE41,CKS2,PSMB8,TOM1,BLM,BMF,UST,NRG4,SLC25A37,SRGAP2C,TNFSF13,HSPA12A,SECTM1,TNFRSF12A,KIF24,IL33,TMEM266,GEN1,ECT2,CLK1,HMGB2,PLA2G4A,SSTR1,FAM72B,FAM72A,TMEM45A,RSPH1,TCIM,SERPINE1,MYC,SYTL4,ABCA10,PRR11,SKA2,RAD21,CEP70,S100A14,PLK2,COL21A1,CCL20,NDE1,DHRS9,THOC6,NATD1,SRGAP2,DAB2,DRC3,CBLB,GADD45B,KRT20,TUBB,BTN3A3,EMC9,GSTA1,NRL,NUCKS1,IL11RA,ACBD7,KIF18A,DIAPH3,CASP5,MNS1,ITGB3BP,RGS16,PCED1B,TRAT1,FMNL1"
"DEG_MVL_TOR10","96","0.32319999999999999","CUX1","CUX1","68","1449","0.71870000000000000550671","1.00000000000000000000","0.9346000000000000","ReMap--ChIP-seq","MDC1,ASPHD1,CDCA3,CDCA5,HEXIM1,PRRT2,MLLT11,CNPY4,CENPT,SLC16A3,MSH5,INO80B,DLX2,PKMYT1,BCL2L12,BMF,PARD6B,RASSF1,ENTPD8,EPHA2,NEU4,TSPAN4,EGR1,MC1R,SECTM1,PTPRH,PCSK4,TMEM150A,TNFRSF12A,KIF22,TFAP4,NXPH3,CACNA1G,ISG20,PROC,ACTL10,RND2,MVP,AURKB,SERPINE1,NAA80,MYC,JUNB,IER3,PRR19,FOSL1,PHF1,PDF,GLYCTK,PRSS36,TUBB4B,THOC6,ERF,AKIRIN2,FANCG,BCL3,PLEKHG2,APOA1,SAPCD2,TGFBR3L,SMIM5,TPX2,TUBB,GP1BA,EMC9,NRL,TEDC1,DBP"
"DEG_MVL_TOR10","97","0.32660000000000000","PRDM14","PRDM14","68","1449","0.71870000000000000550671","1.00000000000000000000","0.9346000000000000","ReMap--ChIP-seq","UNC5A,PADI1,PIF1,CDCA3,HEXIM1,FERMT3,JAK3,RECQL4,NEURL1B,SH2D5,SLC16A3,DLX2,FOXO6,BMF,TNFRSF1B,PBXIP1,RASSF1,RASSF4,FBXO6,PAQR6,ADGRB2,EPHA2,SLC45A3,TSPAN4,CCDC9B,SECTM1,PCSK4,DMBX1,TNFRSF12A,CAMK2N2,GPC1,PDGFRB,CACNA1G,GRK6,ACTL10,ARHGEF19,PSRC1,DNAH2,ATOH8,TAS1R3,NAA80,JUNB,KNSTRN,HOXB4,HOXC9,FOSL1,PYGM,TK1,PLCB2,RAB3A,THOC6,LBHD1,NATD1,LHX4,WRAP53,SEMA3B,RNF26,SLC51A,OVOL1,SMIM5,NTSR1,CCDC28B,EFNB3,ALDH3B1,NR4A1,CKS1B,RNF207,CDK2AP2"
"DEG_MVL_TOR10","98","0.33000000000000002","ZNF384","ZNF384","68","1450","0.72060000000000001829648","1.00000000000000000000","0.9339000000000000","ReMap--ChIP-seq","MDC1,DDX39A,HPD,HEXIM1,PRRT2,MLLT11,FERMT3,GPR19,PKN3,CNPY4,KMT5A,SLC16A3,MSH5,INO80B,PKMYT1,BIRC5,PPP1R15A,PARD6B,RASSF1,PTPRH,TMEM150A,TNFRSF12A,KIF22,KIF2C,SERTAD1,PCNT,TFAP4,CCDC163,LMTK3,RND2,LMNB2,VGF,MVP,AURKB,SERPINE1,NAA80,JUNB,IER3,HMOX1,FOSL1,EHD2,TK1,ADCY4,CDKN2D,NDE1,ADM5,RAB3A,THOC6,LBHD1,ERF,BCL3,DNMT3B,PLEKHG2,SAPCD2,MCM5,SEMA3B,TGFBR3L,FZR1,GADD45B,TPX2,SLC44A4,TUBB,EMC9,NRM,CSKMT,CKS1B,DBP,DLK2"
"DEG_MVL_TOR10","99","0.33329999999999999","ETV4","ETV4","68","1451","0.72260000000000002007283","1.00000000000000000000","0.9332000000000000","ReMap--ChIP-seq","MDC1,PDGFB,HEXIM1,LYZ,FERMT3,RECQL4,CNPY4,SLC16A3,MSH5,INO80B,LRRC56,PKMYT1,TNFRSF14,PBXIP1,ERRFI1,RASSF1,RASSF4,EPHA2,MC1R,SECTM1,KIF12,PTPRH,ZHX2,TMEM150A,TNFRSF12A,SERTAD1,CAMK2N1,TFAP4,TACC3,CAPS,PLD1,TNFAIP2,LMNB2,AURKB,EPOR,TCIM,SERPINE1,NAA80,JUNB,IER3,HMOX1,FOSL1,PHF1,CCL20,NDE1,TUBB4B,STKLD1,THOC6,LBHD1,ERF,BCL3,PLEKHG2,APOA1,SEMA3B,HDAC11,GADD45B,TPX2,TUBB,GP1BA,MTSS1,TYMP,EMC9,NRM,NRL,CSKMT,TEDC1,ALDH3B1,CKS1B"
"DEG_MVL_TOR10","100","0.33670000000000000","TGIF2","TGIF2","68","1451","0.72260000000000002007283","1.00000000000000000000","0.9332000000000000","ReMap--ChIP-seq","MDC1,CDCA5,HEXIM1,PRRT3,PRRT2,TUBA1B,CKS2,RECQL4,CNPY4,CENPT,NCAPD2,NAB2,HR,TOM1,SLC16A3,MSH5,IGFALS,INO80B,LIN7B,BMF,ERRFI1,CDC20,RASSF1,RASSF4,KIF20B,EPHA2,ZBTB2,TSPAN4,MC1R,KIF12,PCSK4,ZHX2,TMEM150A,KIF22,PCNT,TFAP4,TACC3,CCDC163,PLD1,MVP,AURKB,RBM42,SERPINE1,JUNB,IER3,FOSL1,TK1,TUBB2A,CDKN2C,CCL20,GLYCTK,TUBB4B,STKLD1,LBHD1,HMMR,KLC4,REEP4,APOA1,RANGAP1,TPX2,SLC44A4,TUBB,DTYMK,NRM,NRL,CSKMT,CKS1B,KLF10"
"DEG_MVL_TOR10","101","0.34010000000000001","ERG","ERG","68","1451","0.72260000000000002007283","1.00000000000000000000","0.9332000000000000","ReMap--ChIP-seq","AR,CDCA5,HEXIM1,FERMT3,RECQL4,CNPY4,NAB2,KMT5A,SLC16A3,CDC25C,INO80B,LIN7B,BCL2L12,PBXIP1,RASSF1,CCDC78,EPHA2,TSPAN4,EGR1,TNFSF13,CCDC9B,TMEM150A,TNFRSF12A,SERTAD1,CAMK2N2,CD72,TFAP4,TACC3,GRK6,TNFAIP2,LMNB2,VGF,TAS1R3,EPOR,RSPH1,HOXA6,JUNB,PRR19,FOSL1,PYGM,ING1,CKB,TUBB4B,STKLD1,THOC6,LBHD1,ERF,FANCG,BCL3,PLEKHG2,RANGAP1,SAPCD2,TGFBR3L,TNNI3,KCNJ14,OVOL1,GADD45B,GP1BA,TYMP,EMC9,NRL,TMEM145,CSKMT,TEDC1,NR4A1,CKS1B,DBP,CDK2AP2"
"DEG_MVL_TOR10","102","0.34339999999999998","ZKSCAN1","ZKSCAN1","68","1451","0.72260000000000002007283","1.00000000000000000000","0.9332000000000000","ReMap--ChIP-seq","MDC1,DDX39A,HEXIM1,PRRT2,CYP4F3,PKN3,RECQL4,CNPY4,CENPT,NAB2,HR,SLC16A3,MSH5,PKMYT1,LIN7B,BCL2L12,TNFRSF14,TNFRSF1B,PARD6B,FBXO6,CCDC78,EPHA2,TSPAN4,EGR1,MC1R,SECTM1,PTPRH,PCSK4,TMEM150A,TNFRSF12A,KIF22,SERTAD1,TFAP4,LMTK3,LMNB2,ARHGEF19,MVP,AURKB,TAS1R3,EPOR,NAA80,JUNB,IER3,PRR19,SDSL,FOSL1,EHD2,TK1,CDKN2D,TUBB4B,ADM5,THOC6,ERF,REEP4,BCL3,PLEKHG2,SAPCD2,TGFBR3L,TNNI3,SMIM5,GADD45B,TNFAIP8L1,TUBB,NRM,TEDC1,ALDH3B1,DBP,PALM3"
"DEG_MVL_TOR10","103","0.34680000000000000","SP4","SP4","68","1452","0.72450000000000003286260","1.00000000000000000000","0.9325000000000000","ReMap--ChIP-seq","MDC1,CDIP1,CDCA3,CDCA5,HEXIM1,FERMT3,JAK3,PKN3,RECQL4,CNPY4,NAB2,FADS2,ACAP1,INO80B,LRRC56,PKMYT1,LIN7B,BCL2L12,PPP1R15A,PBXIP1,RASSF1,FBXO6,CCDC78,ZBTB2,TSPAN4,TNFRSF12A,CRYBA2,SERTAD1,TFAP4,CACNA1G,ALPG,LMNB2,ARHGEF19,SSTR1,VGF,GALT,AURKB,NAA80,JUNB,IER3,FOSL1,PHF1,PYGM,CDKN2D,CARD6,ADM5,RAB3A,THOC6,LBHD1,ERF,FANCG,WRAP53,PLEKHG2,SEMA3B,TNNI3,RNF26,GADD45B,SLC44A4,TUBB,GP1BA,NRM,CSKMT,IL11RA,EFNB3,MARK4,NR4A1,CKS1B,DBP"
"DEG_MVL_TOR10","104","0.35020000000000001","CDX2","CDX2","68","1452","0.72450000000000003286260","1.00000000000000000000","0.9325000000000000","ReMap--ChIP-seq","LIPE,LIPH,HEXIM1,PRRT2,NEBL,GPR19,KDM8,TMC5,NEURL1B,CNPY4,DSC2,INO80B,SP2,ITGB6,BCAS1,PBXIP1,MLLT3,PARD6B,ERRFI1,ARL14,EPHA2,CCDC9B,PTPRJ,TNFRSF12A,CAMK2N1,PRLR,PLD1,AMOTL2,PHTF2,MVP,AURKB,RSPH1,MYC,HOXA6,SYTL2,PLEKHS1,HOXB4,MAML3,S100A14,HOXC9,COL21A1,HBEGF,CCL20,MROH2A,THOC6,ERF,BCL3,LBR,PLEKHG2,APOA1,UGT1A3,CBLB,SYNPO,TNS4,MTTP,SLC6A20,TPX2,KLLN,NAALADL2,CEACAM6,CEACAM5,TFF1,SGO2,DPP4,DNAJC12,THRB,CKS1B,DBP"
"DEG_MVL_TOR10","105","0.35349999999999998","IRF4","IRF4","68","1452","0.72450000000000003286260","1.00000000000000000000","0.9325000000000000","ReMap--ChIP-seq","LIPE,CDCA5,HEXIM1,PRRT2,GPR19,DUSP5,CNPY4,CENPM,NAB2,LY75,UBALD2,ACAP1,BCL2L12,BMF,TNFRSF1B,PBXIP1,RASSF1,RASSF4,TMPO,HASPIN,TNFSF13,CD37,SERTAD1,MGAT3,PRDM1,TBC1D31,CCDC163,IL6R,GRK6,CALHM3,ISG20,MXD3,PHF19,LMNB2,LMNB1,MVP,AURKB,RSPH1,JUNB,HMOX1,FOSL1,TNFSF9,ING1,C1QTNF6,TK1,PLEKHO1,CEP128,ERF,HMMR,AKIRIN2,BCL3,PLEKHG2,WIPI1,MCM5,IFIT3,GADD45B,IZUMO4,TYMP,NRL,MARK4,HSPA8,ARHGAP30,CKS1B,DBP,BLNK,HSH2D,RGS16,FMNL1"
"DEG_MVL_TOR10","106","0.35690000000000000","ZNF750","ZNF750","68","1454","0.72829999999999994741984","1.00000000000000000000","0.9312000000000000","ReMap--ChIP-seq","LIPE,ZC3H12A,GABARAPL1,STARD5,PDGFB,ZBTB7C,HEXIM1,PRRT2,MLLT11,FLVCR2,DYNLL1,JMJD7-PLA2G4B,RECQL4,CENPT,NCAPD2,HR,COL17A1,INO80B,DLX2,FOXO6,BMF,PBXIP1,ERRFI1,TMPO,EPHA2,CSRNP1,TMEM150A,KIF22,GPC1,TACC3,CAPS,AMOTL2,TNFAIP1,LMNB2,LTB4R,MVP,AURKB,TAS1R3,GALNT6,ABAT,NAA80,ZC2HC1C,PRR19,HOXC9,EHD2,REN,COL21A1,ZNF575,STKLD1,LBHD1,LTB4R2,ERF,MRI1,REEP4,RANGAP1,ESPL1,SEMA3B,TNS4,KLK7,KLK6,GADD45B,TUBG1,NRL,CSKMT,DPP4,ARHGAP30,CKS1B,FMNL1"
"DEG_MVL_TOR10","107","0.36030000000000001","TCF4","TCF4","67","1440","0.74109999999999998099298","1.00000000000000000000","0.9262000000000000","ReMap--ChIP-seq","LIPH,MEF2C,HEXIM1,PRRT2,NEBL,MLLT11,RECQL4,LGR6,SLC16A3,UBALD2,BMF,E2F8,CDC20,EPHA2,CCDC9B,TH,CSRNP1,KIF22,KIF2C,SERTAD1,IL33,BUB1B,SPINK4,ECT2,AMOTL2,MXD3,MVP,ATOH8,HOXA6,JUNB,SYTL2,HOXB4,HOXC9,MESP2,TK1,ADCY4,CCL20,PRSS36,MROH2A,ERF,BCL3,RNF186,PLEKHG2,SAPCD2,SEMA3B,UGT1A3,CEP152,SYNPO,TNS4,OVOL1,SMIM5,TMTC2,SLC6A20,KLK7,KLK6,TPX2,IGFL4,NAALADL2,CEACAM6,DPP4,MARK4,STIL,ARHGAP30,THRB,CKS1B,BDKRB2,PCED1B"
"DEG_MVL_TOR10","108","0.36359999999999998","SREBF2","SREBF2","67","1445","0.75029999999999996695976","1.00000000000000000000","0.9228000000000000","ReMap--ChIP-seq","DDX39A,HEXIM1,FERMT3,PKN3,RECQL4,CNPY4,HR,FADS2,SLC16A3,IGFALS,PKMYT1,BCL2L12,TNFRSF14,ODF2,RASSF1,CCDC78,ENTPD8,MYO7A,EPHA2,MC1R,PCSK4,IL11,TNFRSF12A,MST1,GRIN1,ACTL10,TNFAIP2,AURKB,TAS1R3,NAA80,JUNB,ASF1B,S100A14,HOXC9,FOSL1,PYGM,CKB,CARD9,PRSS36,TUBB4B,STKLD1,THOC6,OSBPL5,REEP4,PLEKHG2,SAPCD2,SEMA3B,DCAF15,TGFBR3L,FZR1,TNNI3,AHNAK2,NTSR1,GADD45B,VASN,IZUMO4,TRIP13,TEDC1,ALDH3B1,CHTF18,CKS1B,DBP,BRD3OS,HSH2D,DNLZ,PALM3,CDK2AP2"
"DEG_MVL_TOR10","109","0.36699999999999999","HMGN3","HMGN3","67","1446","0.75209999999999999076294","1.00000000000000000000","0.9222000000000000","ReMap--ChIP-seq","MDC1,ZFYVE28,DDX39A,HEXIM1,PRRT2,FOXL2NB,FERMT3,RECQL4,CNPY4,NAB2,KMT5A,SLC16A3,IGFALS,LRRC56,PKMYT1,LIN7B,SOCS2,TNFRSF14,CCDC78,ENTPD8,TSPAN4,EGR1,MC1R,SECTM1,PCSK4,TNFRSF12A,SERTAD1,CAMK2N2,PCNT,GRIN1,TFAP4,TACC3,CAPS,ACTL10,MXD4,TNFAIP2,LMNB2,VGF,TAS1R3,JUNB,MAP1S,PRR19,HOXB4,HOXC9,FOSL1,PHF1,ING1,CARD9,TUBB4B,RAB3A,STKLD1,THOC6,ERF,PLEKHG2,SAPCD2,TGFBR3L,GADD45B,VASN,TUBB,NRM,TEDC1,CHTF18,DBP,KLF10,RNF207,DNLZ,CDK2AP2"
"DEG_MVL_TOR10","110","0.37040000000000001","ESR1","ESR1","67","1446","0.75209999999999999076294","1.00000000000000000000","0.9222000000000000","ReMap--ChIP-seq","ZFYVE28,ZC3H12A,UNC5A,EML1,PDGFB,HEXIM1,CENPA,RECQL4,HR,SLC16A3,BCAS1,PARD6B,TTC39A,PPP1R14D,CCDC78,TSPAN1,IFITM10,TH,CSRNP1,KIF12,PTPRH,TNFRSF12A,ALS2CL,MGAT3,CAP2,PAK4,KLK13,SPINK4,PRLR,ISG20,AMOTL2,ACTL10,MXD3,PSRC1,SHANK2,ABAT,JUNB,LDHD,S100A14,HOXC9,REN,MESP2,ARPC1B,C1QTNF6,TUBB4B,CCL28,PGF,THOC6,REEP4,BCL3,HGFAC,PLEKHG2,APOA1,WIPI1,SEMA3B,HDAC11,IGSF3,GADD45B,TFF1,TUBD1,TEDC1,ALDH3B1,MARK4,CKS1B,KLF10,HSH2D,STN1"
"DEG_MVL_TOR10","111","0.37369999999999998","HNF1B","HNF1B","67","1448","0.75570000000000003836931","1.00000000000000000000","0.9208000000000000","ReMap--ChIP-seq","LIPH,PADI1,BHLHE41,LRRC31,DUSP5,TMC5,CENPF,UBALD2,ZNF438,COL17A1,INO80B,PORCN,ITGB6,MLLT3,PARD6B,CPNE8,ERRFI1,TMPO,ARL14,EPHA2,HSPA12A,ID4,KIF12,SPTLC3,NR5A2,CAMK2N1,IL6R,SPINK5,PLD1,ECT2,AMOTL2,SHANK2,HOXA6,DKK1,SYTL2,DEPDC1B,MAML3,PRR11,SKA2,PLK2,CEP55,COL21A1,GLYCTK,CARD6,DHRS9,CCL28,ANKRD31,CLIP4,ESAM,RNF186,LBR,AHNAK2,IFIT3,RPS6KA5,TNS4,YOD1,LIAS,TPX2,KLLN,SCEL,HGD,ANXA10,SUCNR1,DPP4,PCED1B,ARID3B,SGPP2"
"DEG_MVL_TOR10","112","0.37709999999999999","MYOD1","MYOD1","67","1448","0.75570000000000003836931","1.00000000000000000000","0.9208000000000000","ReMap--ChIP-seq","ZC3H12A,SAMD12,PDGFB,HEXIM1,BTBD16,FERMT3,KDM8,CENPA,FABP6,OLFML2B,INO80B,FOXO6,BMF,BOK,TNFRSF1B,ERFE,RASSF4,CCDC78,ENTPD8,MYO7A,EPHA2,SLC45A3,TSPAN4,CCDC9B,CSRNP1,ZHX2,TNFRSF12A,CRYBA2,SERTAD1,GPC1,TFAP4,SPC24,PLAT,CALHM2,CALHM3,ACTL10,LMNB2,ARHGEF19,PSRC1,AURKA,ATOH8,SERPINE1,JUNB,PRKCH,LDHD,HMOX1,HOXC9,FOSL1,TIMP2,CEP55,RPS6KL1,CKB,TUBB4B,USP2,PGF,THOC6,ERF,PLEKHG2,AHNAK2,RHEBL1,GADD45B,TNFAIP8L1,MTSS1,TEDC1,TRPV1,NR4A1,RGS16"
"DEG_MVL_TOR10","113","0.38050000000000000","STAT1","STAT1","67","1452","0.76290000000000002255973","1.00000000000000000000","0.9182000000000000","ReMap--ChIP-seq","ZC3H12A,HEXIM1,PRRT2,LYZ,FERMT3,DUSP5,NAB2,SLC16A3,BMF,TNFRSF1B,PPP1R15A,SLC25A37,RASSF1,RASSF4,TNFSF13,CSRNP1,NRP2,SECTM1,PTPRJ,TMEM150A,SERTAD1,CD72,PRDM1,IL6R,MR1,PLD1,ISG20,PHF19,TNFAIP2,LTB4R,MVP,AURKB,JUNB,HMOX1,FOSL1,TNFSF9,C1QTNF6,TK1,PLEKHO1,ADCY4,TUBB4B,THOC6,LTB4R2,ERF,AKIRIN2,FANCG,BCL3,PLEKHG2,MCM5,SEMA3B,NLRC5,IFIT3,GADD45B,IZUMO4,GP1BA,RAB7B,TYMP,EMC9,NRL,ALDH3B1,NR4A1,CKS1B,DBP,KLF10,LATS2,RGS16,FMNL1"
"DEG_MVL_TOR10","114","0.38379999999999997","CREB1","CREB1","67","1454","0.76639999999999997015721","1.00000000000000000000","0.9167999999999999","ReMap--ChIP-seq","CDCA3,CDCA5,HEXIM1,PRRT3,PRRT2,RECQL4,CNPY4,CENPT,NAB2,SLC16A3,ACAP1,INO80B,PKMYT1,LIN7B,BCL2L12,PBXIP1,RASSF1,TMPO,CCDC78,TSPAN4,CSRNP1,PTPRH,PCSK4,TMEM150A,TNFRSF12A,KIF22,SERTAD1,TFAP4,GRK6,LMNB2,VGF,GALT,MVP,AURKB,TAS1R3,RBM42,SERPINE1,NAA80,HOXA6,JUNB,PRR19,HOXC9,FOSL1,TK1,CKB,TUBB4B,THOC6,LBHD1,ERF,FANCG,PLEKHG2,SAPCD2,SEMA3B,TGFBR3L,TNNI3,RNF26,GADD45B,GP1BA,TYMP,EMC9,NRL,CSKMT,IL11RA,ARHGAP33,CKS1B,DBP,CDK2AP2"
"DEG_MVL_TOR10","115","0.38719999999999999","ADNP","ADNP","66","1440","0.77839999999999998081535","1.00000000000000000000","0.9117000000000000","ReMap--ChIP-seq","DDX39A,HPD,PDGFB,RNF215,PPARGC1B,PRRT3,NEBL,JAK3,PKN3,NPTXR,FOXO6,NPAS1,TNFRSF14,BCAS1,TNFRSF1B,PARD6B,TMPO,ADGRB2,EPHA2,XRCC1,KIF14,PTPRJ,PCSK4,SERTAD1,CAMK2N1,PAK4,SGSM1,SPC24,LMTK3,NXPH3,PLD1,PACSIN1,PHF19,LMNB2,SUN2,AURKB,GALNT6,MAP1S,SDSL,PLK4,EHD2,PYGM,C1QTNF6,TK1,CDKN2D,NDE1,RAB3A,SLCO2B1,LBHD1,NATD1,DCAF15,CHEK2,TNS4,SRRM5,NECAB2,GADD45B,TNFAIP8L1,MTSS1,TLDC2,NUCKS1,CSKMT,ALDH3B1,CDH23,GPSM2,HSH2D,PALM3"
"DEG_MVL_TOR10","116","0.39060000000000000","ZHX2","ZHX2","66","1448","0.79179999999999994830802","1.00000000000000000000","0.9064000000000000","ReMap--ChIP-seq","MDC1,HEXIM1,PRRT2,FERMT3,CNPY4,CENPT,TOM1,SLC16A3,MSH5,INO80B,LRRC56,PKMYT1,TNFRSF14,BOK,RILP,CCDC78,EPHA2,NEU4,TSPAN4,MC1R,SECTM1,PCSK4,ZHX2,TMEM150A,TNFRSF12A,KIF22,TFAP4,TACC3,CAPS,GRK6,PROC,TNFAIP2,RND2,LMNB2,MVP,TAS1R3,SERPINE1,NAA80,JUNB,IER3,ASF1B,HMOX1,FOSL1,TUBB2A,TUBB4B,THOC6,ERF,PLEKHG2,APOA1,SAPCD2,SEMA3B,TGFBR3L,POLR2A,CBLN3,HDAC11,GADD45B,TPX2,SLC44A4,TUBB,DTYMK,TYMP,TLDC2,EMC9,NRL,TEDC1,CKS1B"
"DEG_MVL_TOR10","117","0.39389999999999997","TP63","TP63","66","1450","0.79510000000000002895462","1.00000000000000000000","0.9051000000000000","ReMap--ChIP-seq","HEXIM1,JMJD7-PLA2G4B,RECQL4,NAB2,HR,IGFALS,FOXO6,SPON2,ERFE,CCDC78,EPHA2,TSPAN4,EGR1,CCDC9B,TH,NRP2,SECTM1,PCSK4,IL11,TNFRSF12A,ALS2CL,GPC1,CAPS,IL6R,MR1,GRK6,AMOTL2,LTB4R,ARHGEF19,TAS1R3,SERPINE1,HOXA6,JUNB,PRR19,FOSL1,EHD2,CKB,TUBB4B,PGF,THOC6,LTB4R2,ERF,REEP4,BCL3,HGFAC,RANGAP1,SAPCD2,SEMA3B,TGFBR3L,AHNAK2,HDAC11,TNS4,OVOL1,IZUMO4,RAB7B,TYMP,TEDC1,ARHGAP30,CHTF18,DBP,BDKRB2,CAMK2A,STN1,ARID3B,DLK2,CDK2AP2"
"DEG_MVL_TOR10","118","0.39729999999999999","FOXK2","FOXK2","66","1451","0.79669999999999996376232","1.00000000000000000000","0.9045000000000000","ReMap--ChIP-seq","MDC1,HEXIM1,PRRT2,MLLT11,CENPA,CNPY4,LRRC27,NAB2,UBALD2,CDC25C,MSH5,INO80B,LIN7B,BCL2L12,BMF,PPP1R15A,PBXIP1,EPHA2,NUMBL,CSRNP1,SECTM1,PTPRH,PCSK4,TMEM150A,KIF22,SERTAD1,TBC1D31,CCDC163,PLD1,PSRC1,GALT,MVP,AURKB,AURKA,EPOR,SERPINE1,JUNB,IER3,PRR19,HOXB4,HMOX1,FOSL1,TCN2,TNFSF9,PHF1,KIFC1,CDKN2D,CDKN2C,RAB3A,LBHD1,ERF,FANCG,PLEKHG2,TNNI3,CBLN3,HDAC11,STAG3,PCF11,TUBB,NRM,NRL,TMEM145,CSKMT,IL11RA,CKS1B,DBP"
"DEG_MVL_TOR10","119","0.40070000000000000","ETS1","ETS1","66","1451","0.79669999999999996376232","1.00000000000000000000","0.9045000000000000","ReMap--ChIP-seq","DDX39A,CDCA3,PDGFB,HEXIM1,PRRT2,FERMT3,DUSP5,RECQL4,CNPY4,CENPT,NAB2,SLC16A3,INO80B,BCL2L12,PPP1R15A,PBXIP1,RASSF1,CCDC78,EPHA2,TSPAN4,TNFSF13,CSRNP1,PTPRH,TMEM150A,TNFRSF12A,KIF22,SERTAD1,TFAP4,TACC3,ARHGEF39,AMOTL2,TNFAIP2,LMNB2,VGF,MVP,AURKB,SERPINE1,NAA80,MYC,HOXA6,JUNB,PRR19,HOXB4,FOSL1,ING1,TUBB4B,ADM5,PGF,THOC6,LBHD1,ERF,FANCG,BCL3,ESAM,PLEKHG2,SAPCD2,SEMA3B,TNNI3,RNF26,GADD45B,GP1BA,CSKMT,TEDC1,NR4A1,CKS1B,DBP"
"DEG_MVL_TOR10","120","0.40400000000000003","NEUROD1","NEUROD1","66","1452","0.79830000000000000959233","1.00000000000000000000","0.9038000000000000","ReMap--ChIP-seq","MDC1,ZFYVE28,DDX39A,HEXIM1,PRRT2,FERMT3,RECQL4,CNPY4,NAB2,SLC16A3,MSH5,PKMYT1,LIN7B,BCL2L12,TNFRSF14,PPP1R15A,PBXIP1,RASSF1,FBXO6,CCDC78,EPHA2,TSPAN4,EGR1,CSRNP1,SECTM1,PTPRH,DMBX1,TNFRSF12A,SERTAD1,ACTL10,TNFAIP2,ARHGEF19,PSRC1,VGF,MVP,AURKB,TAS1R3,SERPINE1,NAA80,MYC,JUNB,IER3,PRR19,HOXB4,HOXC9,FOSL1,PHF1,PYGM,KIFC1,PLCB2,TUBB4B,RAB3A,THOC6,ERF,PLEKHG2,SEMA3B,TGFBR3L,FZR1,TNNI3,RNF26,TUBB,NRM,CDH24,CKS1B,DBP,PALM3"
"DEG_MVL_TOR10","121","0.40739999999999998","HNF4A","HNF4A","66","1452","0.79830000000000000959233","1.00000000000000000000","0.9038000000000000","ReMap--ChIP-seq","LIPE,RNF215,HEXIM1,PRRT2,OAF,CNPY4,NAB2,SLC16A3,INO80B,BMF,ATP7B,PBXIP1,PARD6B,RASSF4,TRIM29,TMPO,EPHA2,SECTM1,KIF12,PTPRH,TMEM150A,TNFRSF12A,KIF22,SERTAD1,CAMK2N1,AUNIP,CCDC163,GPD1,ANKRD40CL,PROC,MVP,AURKB,TEF,SERPINE1,NAA80,JUNB,HMOX1,CCL20,TUBB4B,RAB43,COL27A1,USP2,THOC6,ERF,BCL3,PLEKHG2,CCDC34,APOA1,SAPCD2,MCM5,SEMA3B,TGFBR3L,CBLN3,SYNPO,TPX2,GP1BA,MTSS1,TYMP,EMC9,NRL,IL11RA,DPP4,ALDH3B1,CKS1B,DBP,PALM3"
"DEG_MVL_TOR10","122","0.41080000000000000","TWIST1","TWIST1","65","1441","0.81420000000000003481659","1.00000000000000000000","0.8966000000000000","ReMap--ChIP-seq","UNC5A,HEXIM1,PRRT3,PRRT2,HR,SLC16A3,PKMYT1,BMF,ADORA2A,SPON2,RASSF1,CCDC78,ENTPD8,ADGRB2,EPHA2,NUMBL,TSPAN4,CCDC9B,MC1R,TH,CSRNP1,SECTM1,PTPRH,CRYBA2,SERTAD1,TFAP4,TACC3,SPC24,PDGFRB,PLD1,CACNA1G,TNFAIP2,LMNB2,ARHGEF19,PSRC1,MVP,ATOH8,SERPINE1,JUNB,PRR19,HOXC9,TIMP2,TK1,PLCB2,CARD9,LPCAT2,USP2,ERF,OSBPL5,REEP4,BCL3,LBR,PLEKHG2,SAPCD2,SYNPO,GADD45B,TOP2A,TMEM145,TEDC1,ALDH3B1,CKS1B,DBP,KLF10,DNLZ,RGS16"
"DEG_MVL_TOR10","123","0.41410000000000002","THAP1","THAP1","65","1442","0.81569999999999998063771","1.00000000000000000000","0.8959000000000000","ReMap--ChIP-seq","CDCA5,CDCA8,HEXIM1,PRRT2,FERMT3,RECQL4,CNPY4,HR,SLC16A3,IGFALS,LRRC56,PKMYT1,LIN7B,NPAS1,TNFRSF14,PBXIP1,CDC45,RILP,FBXO6,CCDC78,ENTPD8,EPHA2,TSPAN4,MC1R,PCSK4,IL11,TNFRSF12A,KIF22,PCNT,GRIN1,TFAP4,TACC3,ACTL10,MXD4,VGF,MVP,AURKB,TAS1R3,EPOR,JUNB,FOSL1,PYGM,CARD9,TUBB4B,RAB3A,STKLD1,THOC6,ERF,MRI1,REEP4,PLEKHG2,SAPCD2,TGFBR3L,FZR1,TNNI3,KCNJ14,HDAC11,CARMIL2,IZUMO4,CCDC28B,CHTF18,DBP,DNLZ,PALM3,CDK2AP2"
"DEG_MVL_TOR10","124","0.41749999999999998","KLF13","KLF13","65","1443","0.81720000000000003748113","1.00000000000000000000","0.8953000000000000","ReMap--ChIP-seq","MDC1,HEXIM1,MLLT11,FERMT3,RECQL4,CNPY4,CENPT,NAB2,HR,SLC16A3,MSH5,PKMYT1,LIN7B,BCL2L12,PPP1R15A,PBXIP1,RASSF1,CCDC78,EPHA2,TSPAN4,TSPAN1,MC1R,PTPRH,PCSK4,DMBX1,TNFRSF12A,SERTAD1,PCNT,CCDC163,TAS1R3,MAPK15,EPOR,NAA80,STMN1,JUNB,IER3,PRR19,HOXB4,S100A14,FOSL1,PHF1,TUBB2A,KIFC1,TUBB4B,RAB3A,THOC6,LBHD1,ERF,REEP4,BCL3,PLEKHG2,TNNI3,TUBB,GP1BA,EMC9,NRM,CCDC28B,TMEM145,CSKMT,MARK4,NR4A1,CKS1B,DBP,RNF207,PALM3"
"DEG_MVL_TOR10","125","0.42090000000000000","RELB","RELB","65","1449","0.82609999999999994546585","1.00000000000000000000","0.8914000000000000","ReMap--ChIP-seq","DDX39A,BTBD16,GPR19,FLVCR2,CCSAP,NAB2,LY75,SLC16A4,UBALD2,ACAP1,DLX2,BMF,BCAS1,TNFRSF1B,ADORA2A,PPP1R15A,PARD6B,RASSF4,PTPRJ,GRIN1,PLAT,CCNE1,CACNA1G,MUC17,HMGB2,TNFAIP2,LMNB2,TMEM220,SUN2,ATOH8,PLA2G2F,GALNT6,JUNB,PRR11,SKA2,HOXC9,ST3GAL1,FOSL1,TNFSF9,F10,TUBB4B,USP2,BCL3,PLEKHG2,CKAP2L,ESPL1,SAPCD2,SYNPO,SLC51A,TMTC2,GADD45B,TPX2,KLLN,TNFAIP8L1,IZUMO4,GP1BA,TYMP,EMC9,NUCKS1,TEDC1,PDZD2,CKS1B,HSH2D,RGS16,FMNL1"
"DEG_MVL_TOR10","126","0.42420000000000002","NCOA2","NCOA2","65","1449","0.82609999999999994546585","1.00000000000000000000","0.8914000000000000","ReMap--ChIP-seq","ABCA5,LYZ,MLLT11,FLVCR2,CENPA,FABP6,KPNA2,SLC16A3,SOCS2,BCL2L15,TMEM120B,BCAS1,PARD6B,ENTPD8,TSPAN4,ARSG,IFITM10,TH,CSRNP1,PTPRH,TMEM150A,TNFRSF12A,PAK4,TTF2,RGS3,SPINK4,MR1,PRLR,ACACB,KCNV1,ISG20,AMOTL2,TNFAIP2,PITPNC1,MYBL2,VGF,ATOH8,SERPINE1,JUNB,SYTL2,PRR11,SKA2,S100A14,CYP1A1,ARPC1B,C1QTNF6,AHRR,OLFML3,TUBB4B,THOC6,BCL3,APOA1,WIPI1,HDAC11,AQP7,SMIM5,TFF1,GDPD1,TUBD1,TEDC1,MARK4,KLF10,HSH2D,PALM3,STN1"
"DEG_MVL_TOR10","127","0.42759999999999998","NFKB2","NFKB2","65","1449","0.82609999999999994546585","1.00000000000000000000","0.8914000000000000","ReMap--ChIP-seq","ZC3H12A,RNASE6,PDGFB,NCAPH,PRRT3,PRRT2,INCA1,GPR19,CNPY4,CENPO,LY75,SLC16A4,UBALD2,ACAP1,DLX2,BMF,BCAS1,RASSF4,NRN1,ARSG,KIF14,ZHX2,CD72,PLAT,PRDM1,GEN1,CACNA1G,GRK6,LMNB2,PLA2G4A,VGF,MVP,ATOH8,GALNT6,JUNB,PRR11,SKA2,RAD21,HOXC9,ST3GAL1,MEX3C,FOSL1,TNFSF9,USP2,ITPRIPL1,AKIRIN2,BCL3,PLEKHG2,WIPI1,SYNPO,SLC51A,ZNF827,GADD45B,TPX2,IZUMO4,GP1BA,TYMP,EMC9,CAMK4,NRL,DPP4,CDH24,CKS1B,RGS16,FMNL1"
"DEG_MVL_TOR10","128","0.43099999999999999","RELA","RELA","65","1452","0.83050000000000001598721","1.00000000000000000000","0.8895000000000000","ReMap--ChIP-seq","ZC3H12A,CDCA5,HEXIM1,PRRT2,DUSP5,CNPY4,CENPT,NAB2,SLC16A3,ACAP1,INO80B,BCL2L12,BMF,ITGB6,TNFRSF1B,PPP1R15A,PBXIP1,RASSF1,RASSF4,EGR1,TNFSF13,CSRNP1,KIF22,KIF2C,SERTAD1,CD72,CCDC163,PLD1,ISG20,PHF19,TNFAIP2,TNFAIP1,LMNB2,VGF,MVP,AURKB,SERPINE1,JUNB,FOSL1,TNFSF9,ARPC1B,TK1,GLYCTK,TUBB4B,LBHD1,ERF,FANCG,BCL3,WRAP53,PLEKHG2,RANGAP1,SEMA3B,POLR2A,CBLN3,GADD45B,ANP32E,IZUMO4,GP1BA,TYMP,EMC9,CSKMT,CKS1B,DBP,KLF10,FMNL1"
"DEG_MVL_TOR10","129","0.43430000000000002","MYC","MYC","65","1453","0.83189999999999997282174","1.00000000000000000000","0.8888000000000000","ReMap--ChIP-seq","DDX39A,CDCA3,HEXIM1,PRRT2,FERMT3,PKN3,RECQL4,CNPY4,CENPT,NAB2,SLC16A3,ACAP1,IGFALS,INO80B,PKMYT1,LIN7B,BCL2L12,PBXIP1,RASSF1,CCDC78,ENTPD8,TSPAN4,TNFSF13,MC1R,TNFRSF12A,KIF22,TFAP4,TACC3,GRK6,LMNB2,VGF,MVP,AURKB,TAS1R3,SERPINE1,NAA80,JUNB,PRR19,FOSL1,CKB,CDKN2D,CARD9,TUBB4B,STKLD1,THOC6,LBHD1,ERF,PLEKHG2,SAPCD2,SEMA3B,TGFBR3L,HIRIP3,GADD45B,GP1BA,TYMP,EMC9,NRL,TMEM145,CSKMT,TEDC1,ALDH3B1,MARK4,CKS1B,DBP,DNLZ"
"DEG_MVL_TOR10","130","0.43769999999999998","KMT2B","KMT2B","64","1441","0.84489999999999998436806","1.00000000000000000000","0.8822000000000000","ReMap--ChIP-seq","PARPBP,CDCA5,CDCA8,HEXIM1,PRRT2,RECQL4,CNPY4,CENPT,CENPE,CENPP,SLC16A4,CDC25C,ACAP1,INO80B,BCL2L15,NDC80,RNFT2,CDC45,RASSF1,KIF20A,PEX11B,TNFSF13,XRCC1,KIF15,TMEM150A,KIF22,MIS18A,CCDC150,ISG20,PHF19,TNFAIP1,MYBL1,TTC36,CCNA2,DNAH2,MVP,RBM42,NAA80,BRD8,LBHD1,ERF,FANCG,WRAP53,CALCOCO1,PLEKHG2,MTFR2,HIRIP3,CCDC77,PPIL6,SRRM5,IZUMO4,PARP2,KPTN,DTYMK,METTL4,ZWILCH,CSKMT,FANCD2,EFNB3,MARK4,ARHGAP30,BLNK,DBF4B,BUB1"
"DEG_MVL_TOR10","131","0.44109999999999999","ZNF740","ZNF740","64","1442","0.84619999999999995221600","1.00000000000000000000","0.8815000000000000","ReMap--ChIP-seq","MDC1,ZC3H11A,RFX5,CDCA5,HEXIM1,PRRT2,MLLT11,FERMT3,CENPT,LRRC27,NAB2,HR,SLC16A3,UBALD2,CDC25C,LIN7B,CCDC78,NUMBL,TSPAN4,KIF22,CRYBA2,SERTAD1,CAMK2N1,TFAP4,CCDC163,LMTK3,PHF19,RND2,MVP,TAS1R3,STMN1,IER3,PRR19,HOXB4,HOXC9,FZD2,FOSL1,ARPC1B,PHF1,KIFC1,CDKN2C,RAB3A,THOC6,ERF,REEP4,BCL3,PLEKHG2,TGFBR3L,FZR1,POLR2A,TNNI3,ANP32E,TMCC2,SLC44A4,PCF11,TUBB,GP1BA,CDK5R2,NRM,NR4A1,CKS1B,DBP,PALM3,LIN9"
"DEG_MVL_TOR10","132","0.44440000000000002","PKNOX1","PKNOX1","64","1443","0.84760000000000002007283","1.00000000000000000000","0.8809000000000000","ReMap--ChIP-seq","MDC1,ZFYVE28,DDX39A,PDGFB,PRRT2,MLLT11,NCAPG2,CNPY4,NAB2,UBALD2,MSH5,PKMYT1,LIN7B,PORCN,SP2,PPP1R15A,PBXIP1,PARD6B,PRC1,ADGRB2,EPHA2,NUMBL,CSRNP1,PTPRJ,PTPRH,DMBX1,TNFRSF12A,KIF22,SERTAD1,MGAT3,AUNIP,TBC1D31,SUN2,ARHGEF19,MVP,AURKB,STMN1,JUNB,IER3,HOXB4,HOXC9,FOSL1,TNFSF9,PHF1,C1QTNF6,ADCY7,CDKN2D,CDKN2C,RAB3A,USP2,THOC6,PLEKHG2,WIPI1,TNNI3,RNF26,CBLN3,NECAB2,TMCC2,PCF11,TUBB,BBS12,CKS1B,DBP,CDK2AP2"
"DEG_MVL_TOR10","133","0.44779999999999998","PROX1","PROX1","64","1445","0.85029999999999994475530","1.00000000000000000000","0.8796000000000000","ReMap--ChIP-seq","GABARAPL1,PADI1,PDGFB,ZBTB7C,HEXIM1,NEBL,BTBD16,DUSP5,HAS2,LGR6,PKMYT1,BCL2L15,TNFRSF1B,PARD6B,ZNF860,PAQR6,EPHA2,HIVEP3,ANLN,NRP2,SECTM1,TNFRSF12A,KIF2C,CAMK2N1,MGAT3,PRDM1,ANKRD40CL,PHF19,FAM178B,SSTR1,VGF,RSPH1,SERPINE1,NAA80,MYC,HOXA6,HOXB4,S100A14,FOSL1,CEP55,HBEGF,CCL20,FGF9,THOC6,CLIP4,BCL3,LBR,PLEKHG2,SEMA3B,UGT1A3,TNS4,YOD1,SMIM5,KLK6,NTSR1,TPX2,IGFL4,PROX1,MTSS1,NRL,CKS1B,DBP,SGPP2,FMNL1"
"DEG_MVL_TOR10","134","0.45119999999999999","MYNN","MYNN","64","1445","0.85029999999999994475530","1.00000000000000000000","0.8796000000000000","ReMap--ChIP-seq","MDC1,ZC3H12A,DDX39A,HEXIM1,PRRT2,FERMT3,DYNLL1,PKN3,RECQL4,CENPM,FADS2,SLC16A3,MSH5,IGFALS,LRRC56,PKMYT1,BCL2L12,CDC45,FBXO6,CCDC78,ENTPD8,TSPAN4,MC1R,CSRNP1,SECTM1,PTPRH,PCSK4,TMEM150A,TNFRSF12A,MST1,KIF22,SERTAD1,TACC3,SPC24,GRK6,ACTL10,RND2,VGF,MVP,TAS1R3,JUNB,FOSL1,ARPC1B,PYGM,CKB,CARD9,TUBB4B,ADM5,STKLD1,THOC6,LBHD1,ERF,FANCG,CNOT3,PLEKHG2,MTFR2,PPIL6,NEIL1,VASN,IZUMO4,TUBB,CSKMT,CKS1B,DNLZ"
"DEG_MVL_TOR10","135","0.45450000000000002","THAP11","THAP11","50","1147","0.85340000000000004742873","1.00000000000000000000","0.8651000000000000","ReMap--ChIP-seq","CDCA3,CDCA8,HEXIM1,JAK3,PKN3,CENPT,FADS2,SH2D5,CDC25C,TSACC,FBXO48,PKMYT1,PORCN,EXO1,PPP1R14D,PLEKHB1,RASSF1,CSRNP2,PTPRH,TNFRSF12A,KLK13,TFAP4,BUB1B,TBC1D31,CCDC163,GRK4,MXD3,TNFAIP1,TAS1R3,NAA80,CDK19,NDC1,CEP128,THOC6,ERF,MAP2K6,CALCOCO1,PLEKHG2,RANGAP1,SEMA3B,TGFBR3L,POLR2A,TNNI3,TXNRD3,VSIG1,NEIL2,TMCC2,TRPV1,ARHGAP33,DBP"
"DEG_MVL_TOR10","136","0.45789999999999997","TP53","TP53","64","1448","0.85419999999999995932143","1.00000000000000000000","0.8777000000000000","ReMap--ChIP-seq","HEXIM1,MLLT11,DYNLL1,RECQL4,NEURL1B,CENPT,NAB2,FADS2,SLC16A3,ACAP1,INO80B,PBXIP1,ADGRB2,EPHA2,TSPAN4,CCDC9B,CSRNP1,NRP2,SERTAD1,GPC1,PRDM1,PDGFRB,ISG20,AMOTL2,LMNB2,VGF,DNAH2,AURKB,TAS1R3,SERPINE1,NAA80,MTBP,PRR19,HOXB4,PLK2,FOSL1,EHD2,PLCB2,CDKN2C,TUBB4B,RAB3A,PGF,LBHD1,ERF,REEP4,BCL3,WRAP53,HGFAC,PLEKHG2,RANGAP1,SEMA3B,AHNAK2,TNS4,TRANK1,GADD45B,TPX2,KLLN,IZUMO4,EME1,CSKMT,EFNB3,ZMAT3,ARHGAP30,CKS1B"
"DEG_MVL_TOR10","137","0.46129999999999999","ZBTB33","ZBTB33","64","1448","0.85419999999999995932143","1.00000000000000000000","0.8777000000000000","ReMap--ChIP-seq","MDC1,CDCA3,HEXIM1,PRRT2,RECQL4,CENPT,KPNA2,MSH5,INO80B,BCL2L12,PPP1R15A,PBXIP1,ERRFI1,CDC20,TMPO,CCDC78,PEX11B,TSPAN4,EGR1,TNFSF13,IL11,TNFRSF12A,KIF22,KIF2C,TFAP4,LMNB2,MVP,AURKB,SERPINE1,SMC4,MYC,JUNB,IER3,FOSL1,ARPC1B,RPL17,TUBB4B,THOC6,LBHD1,ERF,ZNF790,FANCG,BCL3,WRAP53,PLEKHG2,KCNJ14,ARL6IP1,TNS4,YOD1,GADD45B,TUBB,GP1BA,TYMP,EMC9,ZWILCH,NRM,NRL,CSKMT,EFNB3,ALDH3B1,ARHGAP33,CKS1B,DBP,RNF207"
"DEG_MVL_TOR10","138","0.46460000000000001","ATF1","ATF1","64","1448","0.85419999999999995932143","1.00000000000000000000","0.8777000000000000","ReMap--ChIP-seq","ZFYVE28,DDX39A,CDCA3,CDCA5,RNF215,HEXIM1,MLLT11,KDM8,CKS2,RECQL4,PSMB8,MSH5,TROAP,LIN7B,BCL2L12,PPP1R15A,PBXIP1,SLC25A37,RASSF1,CCDC78,ENTPD8,EPHA2,TNFSF13,CCDC9B,CSRNP1,SECTM1,PTPRH,IL11,TNFRSF12A,SERTAD1,UBE2S,TNFAIP2,TNFAIP1,VGF,AURKB,AURKA,TAS1R3,RBM42,NAA80,JUNB,HOXB4,FOSL1,TNFSF9,PHF1,KIFC1,CDKN2D,TUBB4B,RAB3A,USP2,THOC6,LTB4R2,ERF,PLEKHG2,WIPI1,SEMA3B,TGFBR3L,FZR1,TNNI3,RNF26,SRRM5,BTN3A1,IL11RA,CKS1B,DBP"
"DEG_MVL_TOR10","139","0.46800000000000003","CREM","CREM","64","1448","0.85419999999999995932143","1.00000000000000000000","0.8777000000000000","ReMap--ChIP-seq","MDC1,CDCA3,HEXIM1,PRRT2,GPR19,CNPY4,NAB2,SLC16A3,ACAP1,MSH5,PKMYT1,LIN7B,BCL2L12,TNFRSF14,TNFRSF1B,PPP1R15A,PBXIP1,RASSF1,CCDC78,ENTPD8,TSPAN4,TNFSF13,CSRNP1,TNFRSF12A,KIF22,SERTAD1,CD72,GRIN1,TFAP4,GRK6,ACTL10,MXD3,PHF19,TNFAIP2,LMNB1,VGF,MVP,AURKB,JUNB,IER3,PRR19,HOXB4,FOSL1,TNFSF9,PHF1,TUBB4B,RAB3A,THOC6,LBHD1,ERF,PLEKHG2,SAPCD2,TNNI3,RNF26,GADD45B,IZUMO4,TUBB,GP1BA,TYMP,NRM,CSKMT,MARK4,CKS1B,DBP"
"DEG_MVL_TOR10","140","0.47139999999999999","SRF","SRF","64","1450","0.85680000000000000603961","1.00000000000000000000","0.8764000000000000","ReMap--ChIP-seq","MDC1,CDCA5,HEXIM1,PRRT3,PRRT2,INCA1,DUSP5,CKS2,RECQL4,CENPT,SLC16A3,CDC25C,MSH5,INO80B,PKMYT1,LIN7B,BCL2L12,PBXIP1,CCDC78,EGR1,TNFSF13,TNFRSF12A,KIF22,KIF2C,SERTAD1,CD72,TFAP4,ARHGEF39,TNFAIP1,LMNB2,SUN2,ARHGEF19,VGF,MVP,AURKB,RBM42,NAA80,MYC,JUNB,IER3,FOSL1,PHF1,ING1,TUBB4B,ADM5,THOC6,LBHD1,ERF,PLEKHG2,SEMA3B,TNNI3,PARP2,TUBB,GP1BA,KPTN,EMC9,NRM,NRL,CSKMT,TEDC1,MARK4,CKS1B,DBP,RNF207"
"DEG_MVL_TOR10","141","0.47470000000000001","HBP1","HBP1","64","1451","0.85809999999999997388755","1.00000000000000000000","0.8758000000000000","ReMap--ChIP-seq","MDC1,CDCA3,HEXIM1,PRRT2,FERMT3,OAF,RECQL4,CENPT,SLC16A3,ACAP1,MSH5,INO80B,LRRC56,PKMYT1,LIN7B,BMF,PBXIP1,CDC20,RASSF1,RASSF4,TRIM29,TMPO,EPHA2,TSPAN4,TNFSF13,SECTM1,PTPRH,TMEM150A,TNFRSF12A,SERTAD1,CAMK2N1,TFAP4,TACC3,PROC,RND2,GALT,MVP,AURKB,TAS1R3,RBM42,SERPINE1,NAA80,JUNB,IER3,FOSL1,ING1,PDF,NDE1,TUBB4B,THOC6,ERF,PLEKHG2,APOA1,RANGAP1,TPX2,TUBB,GP1BA,TYMP,EMC9,NRM,NRL,IL11RA,TEDC1,CKS1B"
"DEG_MVL_TOR10","142","0.47810000000000002","BCL6","BCL6","64","1451","0.85809999999999997388755","1.00000000000000000000","0.8758000000000000","ReMap--ChIP-seq","CDCA3,HEXIM1,CFAP73,FERMT3,BHLHE41,DUSP5,RECQL4,CNPY4,CENPM,NAB2,SLC16A3,UBALD2,MSH6,ACAP1,PKMYT1,BCL2L12,BMF,TNFRSF1B,ADORA2A,PBXIP1,ZNF860,SPON2,CCDC78,ENTPD8,ADGRB2,TSPAN4,MC1R,CSRNP1,ZHX2,TNFRSF12A,SERTAD1,MGAT3,CD72,TACC3,GRK6,ISG20,ACTL10,PHF19,LMNB2,MYC,HOXA6,JUNB,ST3GAL1,FOSL1,TNFSF9,TK1,TUBB4B,THOC6,ERF,RASAL1,AMN,PLEKHG2,GADD45B,STAG3,IZUMO4,TYMP,TEDC1,MARK4,NR4A1,CKS1B,DBP,KLF10,RGS16,FMNL1"
"DEG_MVL_TOR10","143","0.48149999999999998","ETV1","ETV1","64","1452","0.85929999999999995274891","1.00000000000000000000","0.8752000000000000","ReMap--ChIP-seq","PRRT2,MLLT11,FERMT3,TUBA1B,DUSP5,DYNLL1,RECQL4,CNPY4,CENPT,NAB2,SLC16A3,INO80B,PKMYT1,LIN7B,SOCS2,SP2,PBXIP1,CCDC78,TSPAN4,TNFSF13,CSRNP1,PCSK4,TNFRSF12A,SERTAD1,CAMK2N2,TFAP4,SPC24,ACTL10,LMNB2,VGF,MVP,AURKB,SERPINE1,HOXA6,JUNB,MAML3,HOXC9,ST3GAL1,FOSL1,ING1,CDKN2C,CARD9,TUBB4B,THOC6,LBHD1,ERF,BCL3,WRAP53,PLEKHG2,RANGAP1,SAPCD2,POLR2A,GADD45B,GP1BA,NRL,CSKMT,TEDC1,NR4A1,TSGA10,CKS1B,DBP,BRD3OS,KLF10,DNLZ"
"DEG_MVL_TOR10","144","0.48480000000000001","EBF1","EBF1","64","1452","0.85929999999999995274891","1.00000000000000000000","0.8752000000000000","ReMap--ChIP-seq","PIF1,PDGFB,HEXIM1,PRRT2,FERMT3,DUSP5,RECQL4,CENPM,LY75,SLC16A3,UBALD2,BMF,TNFRSF14,TNFRSF1B,ADORA2A,PBXIP1,RASSF4,ENTPD8,SLC45A3,TSPAN4,CSRNP1,CD37,ZHX2,SERTAD1,MGAT3,CD72,GRIN1,PLD1,GRK6,ARHGEF39,CALHM3,PHF19,TNFAIP2,LMNB2,MVP,AURKB,TAS1R3,RSPH1,JUNB,PRR19,HMOX1,FOSL1,TCN2,TNFSF9,C1QTNF6,CDKN2D,TUBB4B,ERF,BCL3,PLEKHG2,SAPCD2,NLRC5,GADD45B,IZUMO4,TYMP,PTTG1,TEDC1,MARK4,NR4A1,CKS1B,KLF10,HSH2D,RGS16,FMNL1"
"DEG_MVL_TOR10","145","0.48820000000000002","FOXO1","FOXO1","63","1447","0.87919999999999998152589","1.00000000000000000000","0.8640000000000000","ReMap--ChIP-seq","LIPE,CCBE1,GABARAPL1,STARD5,NCAPH,HEXIM1,GPR19,TUBA1B,PLSCR4,CNPY4,CENPU,CENPM,UBALD2,BMF,UST,TMEM19,ADORA2A,PBXIP1,ZNF860,ERRFI1,SPON2,HASPIN,NRP2,TMEM150A,KIF23,TAGLN,CD72,TFAP4,CFAP161,SPC24,PLAT,PRDM1,TBC1D31,PLD1,ARHGEF39,ISG20,PHF19,PHTF2,PKD1L1,AURKB,TCIM,SERPINE1,JUNB,MAML3,HMOX1,EHD2,TIMP2,LPCAT2,LBHD1,MRI1,ITPRIPL1,LBR,PLEKHG2,CBLB,TNS4,YOD1,WDPCP,SHISA4,NID1,SLC40A1,PDE4D,STN1,ALOX5AP"
"DEG_MVL_TOR10","146","0.49159999999999998","POU4F2","POU4F2","63","1449","0.88139999999999996127542","1.00000000000000000000","0.8627000000000000","ReMap--ChIP-seq","RFX5,CDCA8,HEXIM1,PRRT2,NEBL,GPR19,BHLHE41,TUBA1C,CNPY4,CENPP,NEK2,INO80B,BCL2L12,E2F8,RASSF1,TMPO,CCDC78,ENTPD8,PEX11B,SEC31B,KIF11,KIF22,TFAP4,CAPS,TBC1D31,KCNV1,RND2,MASTL,MVP,AURKB,EPOR,RSPH1,NAA80,PRR19,ASF1B,SKA3,PLK4,MEX3C,ING1,TIMP2,ASCL1,RPL17,ERF,ZNF790,KLC4,AKIRIN2,FANCG,DRC3,PLEKHG2,RHEBL1,CCDC61,IFIT5,TMTC2,GADD45B,TOP2A,TNFAIP8L1,EMC9,TMEM145,PTTG1,TRPV1,DBP,CAMK2A,STN1"
"DEG_MVL_TOR10","147","0.49490000000000001","ESRRA","ESRRA","63","1449","0.88139999999999996127542","1.00000000000000000000","0.8627000000000000","ReMap--ChIP-seq","LIPE,ZC3H12A,GABARAPL1,PDGFB,RNF215,HEXIM1,NEBL,FERMT3,CENPA,RECQL4,CNPY4,SLC16A3,FOXO6,PKMYT1,SOCS2,BMF,ITGB6,BCAS1,PARD6B,TTC39A,PPP1R14D,CCDC78,ADGRB2,EPHA2,SLC45A3,TSPAN1,CSRNP1,PTPRJ,TNFRSF12A,SERTAD1,CAMK2N1,PAK4,PRLR,NXPH3,CACNA1G,AMOTL2,TNFAIP2,TNFAIP1,LMNB2,ATOH8,TAS1R3,GALNT6,JUNB,FOSL1,REN,MESP2,PYGM,C1QTNF6,RAB3A,THOC6,BCL3,PLEKHG2,HDAC11,TNS4,YOD1,IGSF3,ZNF827,GADD45B,TFF1,HGD,ALDH3B1,ARHGAP30,STN1"
"DEG_MVL_TOR10","148","0.49830000000000002","NR2F1","NR2F1","63","1449","0.88139999999999996127542","1.00000000000000000000","0.8627000000000000","ReMap--ChIP-seq","ZFYVE28,HEXIM1,FERMT3,RECQL4,LGR6,HR,FADS2,SLC16A3,UBALD2,IGFALS,PKMYT1,BCL2L12,SPON2,CCDC78,ENTPD8,MYO7A,EPHA2,TSPAN4,IFITM10,MC1R,TH,SECTM1,PCSK4,IL11,TNFRSF12A,GPC1,GRIN1,TACC3,MXD4,TNFAIP2,PSRC1,TAS1R3,JUNB,PRR19,HOXC9,FOSL1,PYGM,CKB,CARD9,TUBB4B,ADM5,THOC6,ERF,OSBPL5,REEP4,BCL3,HGFAC,AMN,SAPCD2,DCAF15,TGFBR3L,FZR1,HIRIP3,AHNAK2,SLC51A,SMIM5,NTSR1,TEDC1,ALDH3B1,CHTF18,CKS1B,DBP,DNLZ"
"DEG_MVL_TOR10","149","0.50170000000000003","GATA4","GATA4","63","1450","0.88260000000000005115908","1.00000000000000000000","0.8621000000000000","ReMap--ChIP-seq","CDCA3,PDGFB,HEXIM1,PRRT2,LYZ,TMC5,RECQL4,CNPY4,CENPT,SLC16A3,INO80B,PKMYT1,BCL2L12,PPP1R15A,PBXIP1,PARD6B,ERRFI1,CDC20,RASSF1,RASSF4,EPHA2,TSPAN4,CSRNP1,SECTM1,TMEM150A,TNFRSF12A,KIF22,SERTAD1,CAMK2N1,PLD1,AMOTL2,TNFAIP2,MVP,AURKB,SERPINE1,NAA80,MYC,JUNB,SYTL2,HMOX1,S100A14,FOSL1,ING1,TUBB4B,ZNF575,THOC6,BCL3,PLEKHG2,APOA1,SAPCD2,SEMA3B,TNS4,YOD1,NEIL2,TPX2,TYMP,EMC9,NRL,TEDC1,CDH24,MARK4,CKS1B,DBP"
"DEG_MVL_TOR10","150","0.50509999999999999","ARID2","ARID2","63","1451","0.88370000000000004103384","1.00000000000000000000","0.8615000000000000","ReMap--ChIP-seq","HEXIM1,PRRT2,LYZ,GPR19,TCP11L2,OAF,CKS2,RECQL4,CNPY4,FADS2,SLC16A3,INO80B,DLX2,LIN7B,PBXIP1,PARD6B,RASSF4,TRIM29,TMPO,EPHA2,TSPAN4,TNFSF13,MC1R,SECTM1,PCSK4,TMEM150A,TNFRSF12A,KIF22,SERTAD1,CAMK2N1,CCDC163,PLD1,CLK1,PROC,TNFAIP2,SHANK2,GALT,MVP,AURKB,TAS1R3,NAA80,MYC,JUNB,HMOX1,S100A14,FOSL1,ING2,TUBB4B,USP2,THOC6,ERF,PLEKHG2,APOA1,SEMA3B,TPX2,MTSS1,EMC9,NRL,TEDC1,FAM83D,THRB,CKS1B,DBP"
"DEG_MVL_TOR10","151","0.50839999999999996","PGR","PGR","63","1451","0.88370000000000004103384","1.00000000000000000000","0.8615000000000000","ReMap--ChIP-seq","ZC3H12A,PDGFB,RNF215,HEXIM1,PRRT3,RECQL4,CENPT,HR,SLC16A3,UBALD2,BMF,SP2,ITGB6,BCAS1,BIRC5,PBXIP1,PARD6B,PPP1R14D,ERRFI1,CCDC78,TSPAN4,CSRNP1,PTPRJ,TMEM150A,TNFRSF12A,KIF23,PAK4,TACC3,PRDM1,PRLR,NXPH3,ARHGEF39,AMOTL2,ATOH8,GALNT6,JUNB,S100A14,HOXC9,ST3GAL1,REN,MESP2,TK1,CKB,TUBB4B,THOC6,REEP4,CNIH3,PLEKHG2,WIPI1,ESPL1,AHNAK2,HDAC11,SMIM5,NTSR1,TPX2,TUBD1,TEDC1,ALDH3B1,MARK4,HSPA8,NR4A1,THRB,CKS1B"
"DEG_MVL_TOR10","152","0.51180000000000003","ELK1","ELK1","63","1453","0.88590000000000002078338","1.00000000000000000000","0.8602000000000000","ReMap--ChIP-seq","MDC1,CDCA5,HEXIM1,MLLT11,FERMT3,DUSP5,CKS2,RECQL4,CNPY4,CENPT,FADS2,INO80B,BCL2L12,PBXIP1,PARD6B,CDC45,RASSF1,CCDC78,EGR1,TMEM150A,TNFRSF12A,SERTAD1,TFAP4,LMNB2,PITPNC1,PSRC1,TAS1R3,MAPK15,JUNB,IER3,ZNF165,FOSL1,PHF1,ING1,KIFC1,PDF,CARD9,TUBB4B,ADM5,STKLD1,THOC6,LBHD1,ERF,MRI1,FANCG,PLEKHG2,CCDC77,KCNJ14,GADD45B,TPX2,TUBB,GP1BA,DTYMK,TRIP13,TMEM145,EME1,CSKMT,FANCD2,MARK4,NR4A1,CKS1B,ARID3B,CDK2AP2"
"DEG_MVL_TOR10","153","0.51519999999999999","MAF","MAF","63","1453","0.88590000000000002078338","1.00000000000000000000","0.8602000000000000","ReMap--ChIP-seq","DDX39A,CDCA3,PRRT2,FERMT3,RECQL4,CENPM,NAB2,SLC16A3,UBALD2,ACAP1,IGFALS,BCL2L12,TNFRSF1B,PBXIP1,IL2RG,SPON2,RASSF1,PAQR6,CCDC78,TSPAN4,TNFSF13,MC1R,CSRNP1,TNFRSF12A,KIF22,TAGLN,TACC3,ISG20,ACTL10,PHF19,MVP,AURKB,TAS1R3,NAA80,JUNB,FOSL1,ARPC1B,PYGM,C1QTNF6,CARD9,TUBB4B,STKLD1,THOC6,ERF,PLEKHG2,SAPCD2,SEMA3B,NLRC5,POLR2A,IZUMO4,GP1BA,TYMP,EMC9,CCDC28B,TEDC1,NR4A1,CKS1B,DBP,DNLZ,RGS16,PALM3,FMNL1,CDK2AP2"
"DEG_MVL_TOR10","154","0.51849999999999996","NFE2L2","NFE2L2","63","1454","0.88700000000000001065814","1.00000000000000000000","0.8596000000000000","ReMap--ChIP-seq","MDC1,CDCA3,HEXIM1,PRRT2,MLLT11,FERMT3,CNPY4,CENPT,NAB2,FADS2,SLC16A3,UBALD2,MSH5,INO80B,LIN7B,BCL2L12,PPP1R15A,PBXIP1,CCDC78,NUMBL,EGR1,MC1R,SECTM1,PTPRH,TMEM150A,TNFRSF12A,KIF22,KIF2C,SERTAD1,TFAP4,ACTL10,TNFAIP2,RND2,VGF,MVP,AURKB,SERPINE1,NAA80,JUNB,IER3,HOXB4,FOSL1,TUBB2A,CDKN2D,TUBB4B,ADM5,THOC6,LBHD1,ERF,MRI1,FANCG,BCL3,PLEKHG2,SEMA3B,TNNI3,RNF26,TUBB,GP1BA,NRL,CSKMT,CDH24,CKS1B,DBP"
"DEG_MVL_TOR10","155","0.52190000000000003","CEBPD","CEBPD","63","1454","0.88700000000000001065814","1.00000000000000000000","0.8596000000000000","ReMap--ChIP-seq","MDC1,DDX39A,CDCA3,CDCA5,HEXIM1,PRRT2,FERMT3,RECQL4,CNPY4,NAB2,FADS2,SLC16A3,UBALD2,MSH5,IGFALS,INO80B,LRRC56,PKMYT1,LIN7B,TNFRSF14,PBXIP1,CCDC78,ENTPD8,EPHA2,TSPAN4,TNFSF13,MC1R,PCSK4,TMEM150A,TNFRSF12A,KIF22,SERTAD1,CAMK2N1,TACC3,CAPS,SPC24,PLD1,ACTL10,RND2,MVP,TAS1R3,RRM2,SERPINE1,NAA80,JUNB,IER3,FOSL1,PHF1,TUBB4B,THOC6,LBHD1,ERF,BCL3,PLEKHG2,SAPCD2,TGFBR3L,TUBB,TYMP,CSKMT,CKS1B,DBP,RNF207,PALM3"
"DEG_MVL_TOR10","156","0.52529999999999999","SMAD5","SMAD5","62","1444","0.89910000000000001030287","1.00000000000000000000","0.8515000000000000","ReMap--ChIP-seq","MDC1,DDX39A,HEXIM1,PRRT2,MLLT11,FERMT3,DYNLL1,PKN3,RECQL4,CNPY4,NAB2,FADS2,UBALD2,MSH5,PKMYT1,BCL2L12,CDC45,FBXO5,TSPAN4,IL11,KIF2C,SERTAD1,TACC3,SPC24,UBE2S,PHF19,SFPQ,MVP,AURKB,TAS1R3,RRM2,MYC,IER3,HOXB4,FOSL1,ARPC1B,PHF1,PYGM,TK1,CARD6,TUBB4B,ADM5,HJURP,STKLD1,LBHD1,ERF,CNOT3,PLEKHG2,MCM5,LIAS,TUBB,GP1BA,TYMP,EMC9,ZWILCH,NRM,CCDC28B,CSKMT,FAM83D,HSPA8,CKS1B,DBP"
"DEG_MVL_TOR10","157","0.52859999999999996","HSF1","HSF1","62","1449","0.90400000000000002575717","1.00000000000000000000","0.8484000000000000","ReMap--ChIP-seq","ZFYVE28,CDCA3,HEXIM1,FERMT3,CNPY4,NAB2,ACAP1,IGFALS,PKMYT1,LIN7B,BCL2L12,PPP1R15A,PBXIP1,PARD6B,SPON2,CCDC78,ENTPD8,MYO7A,TSPAN4,SECTM1,PCSK4,SERTAD1,GPC1,MGAT3,TACC3,LMNB2,VGF,AURKB,SERPINE1,JUNB,PRR19,HMOX1,FOSL1,EHD2,C1QTNF6,ADCY7,CARD9,TUBB4B,ADM5,STKLD1,LBHD1,ERF,BCL3,HGFAC,PLEKHG2,RANGAP1,MCM5,SEMA3B,TGFBR3L,FZR1,HIRIP3,TNNI3,NTSR1,GADD45B,IZUMO4,CSKMT,TEDC1,ALDH3B1,CHTF18,CKS1B,DBP,DNLZ"
"DEG_MVL_TOR10","158","0.53200000000000003","TEAD4","TEAD4","62","1449","0.90400000000000002575717","1.00000000000000000000","0.8484000000000000","ReMap--ChIP-seq","MDC1,HEXIM1,PRRT2,GPR19,RECQL4,CNPY4,NAB2,FADS2,UBALD2,PKMYT1,SOCS2,BCAS1,PPP1R15A,PBXIP1,PARD6B,ERRFI1,TMPO,EPHA2,TSPAN4,ANLN,CSRNP1,TMEM150A,TNFRSF12A,KIF22,SERTAD1,TFAP4,SPC24,PLD1,AMOTL2,TNFAIP2,TNFAIP1,LMNB2,VGF,AURKB,SERPINE1,MYC,STMN1,JUNB,IER3,DKK3,HOXB4,S100A14,FOSL1,CEP55,USP2,THOC6,LBHD1,BCL3,LBR,PLEKHG2,TNS4,YOD1,GADD45B,TPX2,TUBB,GP1BA,CSKMT,CKS1B,DBP,LATS2,RNF207,PCED1B"
"DEG_MVL_TOR10","159","0.53539999999999999","HOXA9","HOXA9","62","1451","0.90590000000000003854694","1.00000000000000000000","0.8472000000000000","ReMap--ChIP-seq","RNASE6,ZC3H11A,CDCA7,IQGAP3,KDM8,CKS2,NCAPD2,NAB2,LIN7B,CPNE8,SPON2,ARSG,SECTM1,PCSK4,SPTLC3,KIF2C,GEN1,SPINK4,PLD1,CALHM3,PHF19,TNFAIP2,CIP2A,DNAH7,AURKB,RRM2,MYC,ZSCAN23,ASF1B,PROM1,ST3GAL1,PLK2,COL21A1,GRAMD1C,PDF,RPL17,RAB43,OIP5,OSBPL5,CNIH3,LBR,DCAF15,KIAA0586,RHEBL1,CBLB,PCLAF,SYNPO,NEIL2,NRL,NUSAP1,ACYP2,ARHGAP19,STIL,DNAJC12,TMEM117,CASP5,CKAP5,HSH2D,OAS1,DBF4B,ARID3B,ALOX5AP"
"DEG_MVL_TOR10","160","0.53869999999999996","FOS","FOS","62","1451","0.90590000000000003854694","1.00000000000000000000","0.8472000000000000","ReMap--ChIP-seq","MDC1,ZC3H12A,PADI1,HEXIM1,TMC1,DUSP5,CENPF,SLC16A3,SDCBP2,COL17A1,ITGB6,PPP1R15A,PARD6B,SLC25A37,ERRFI1,ENTPD8,EPHA2,ANLN,CSRNP1,PTPRH,TNFRSF12A,PLAT,IL6R,SPINK4,PLD1,ISG20,PROC,LTB4R,VGF,RRM2,SERPINE1,MYC,IER3,DKK3,HMOX1,S100A14,FOSL1,CCL20,THOC6,LTB4R2,ERF,NATD1,AKIRIN2,BCL3,LBR,PLEKHG2,RANGAP1,AHNAK2,PI16,TNS4,YOD1,KRT20,TUBB,RAB7B,NUCKS1,SHISA4,DPP4,KIF18A,CKS1B,PCED1B,STN1,ARID3B"
"DEG_MVL_TOR10","161","0.54210000000000003","ZEB1","ZEB1","62","1451","0.90590000000000003854694","1.00000000000000000000","0.8472000000000000","ReMap--ChIP-seq","DDX39A,PDGFB,HEXIM1,PRRT2,FERMT3,RECQL4,CNPY4,CENPM,SLC16A3,ACAP1,INO80B,LRRC56,PKMYT1,BMF,TNFRSF14,RASSF4,CCDC78,ENTPD8,EPHA2,TSPAN4,TNFSF13,SECTM1,IL11,TNFRSF12A,KIF22,SERTAD1,TFAP4,TACC3,IL6R,GRK6,ACTL10,TNFAIP2,LMNB2,MVP,TAS1R3,JUNB,IER3,PRR19,FOSL1,PYGM,C1QTNF6,TK1,TUBB4B,THOC6,ERF,BCL3,PLEKHG2,SAPCD2,GADD45B,TPX2,IZUMO4,GP1BA,TYMP,EMC9,NRL,TMEM145,TEDC1,ALDH3B1,CKS1B,DBP,PALM3,FMNL1"
"DEG_MVL_TOR10","162","0.54549999999999998","FLI1","FLI1","62","1453","0.90780000000000005133671","1.00000000000000000000","0.8460000000000000","ReMap--ChIP-seq","DDX39A,HEXIM1,FERMT3,JAK3,RECQL4,CNPY4,CENPM,HR,SLC16A3,ACAP1,INO80B,BCL2L12,TNFRSF1B,PBXIP1,RASSF1,CCDC78,ENTPD8,TSPAN4,TNFSF13,CCDC9B,SECTM1,PCSK4,TMEM150A,TNFRSF12A,SERTAD1,CAMK2N2,TFAP4,TACC3,GRK6,ACTL10,LMNB2,PITPNC1,EPOR,HOXA6,JUNB,CLEC11A,PRR19,HOXC9,FOSL1,PLCB2,TUBB4B,THOC6,LBHD1,ERF,MRI1,REEP4,PLEKHG2,SAPCD2,SEMA3B,DCAF15,TNNI3,KCNJ14,NTSR1,GADD45B,GP1BA,CSKMT,TEDC1,ALDH3B1,MARK4,NR4A1,CKS1B,DBP"
"DEG_MVL_TOR10","163","0.54879999999999995","SPIB","SPIB","61","1443","0.91839999999999999413802","1.00000000000000000000","0.8378000000000000","ReMap--ChIP-seq","LIPE,STARD5,RNASE6,PADI2,ABCB4,BHLHE41,DUSP5,VWA3B,LY75,SESN3,SLC16A4,INO80B,BMF,BCL2L15,TNFRSF1B,ADORA2A,ZNF860,RASSF4,TNFSF13,APOBEC3B,NRP2,KIF14,PTPRJ,CD37,ZHX2,TMEM150A,KIF2C,IL6R,GRK6,ISG20,RSPH1,MYC,HMOX1,TNFSF9,PLEKHO1,DHRS9,TTC21A,ERF,ESAM,LBR,AMN,CKAP2L,WIPI1,MCM5,CBLB,SLC6A12,IZUMO4,RAB7B,SCEL,CAMK4,SGO1,STEAP2,DPP4,ALDH3B1,MARK4,NR4A1,ARHGAP30,BLNK,HSH2D,OAS1,ALOX5AP"
"DEG_MVL_TOR10","164","0.55220000000000002","TCF3","TCF3","61","1443","0.91839999999999999413802","1.00000000000000000000","0.8378000000000000","ReMap--ChIP-seq","DDX39A,HEXIM1,PRRT2,FERMT3,RECQL4,CENPM,NAB2,SLC16A3,UBALD2,ACAP1,IGFALS,INO80B,PKMYT1,TNFRSF1B,RASSF1,RASSF4,CCDC78,ENTPD8,TSPAN4,SECTM1,PCSK4,TNFRSF12A,SERTAD1,TFAP4,TACC3,GRK6,ACTL10,MXD3,PHF19,LMNB2,VGF,MVP,AURKB,TAS1R3,RRM2,JUNB,FOSL1,TNFSF9,ARPC1B,TK1,CDKN2D,TUBB4B,ADM5,THOC6,ERF,AMN,PLEKHG2,SAPCD2,TGFBR3L,FZR1,GADD45B,IZUMO4,GP1BA,TYMP,EMC9,TEDC1,ALDH3B1,MARK4,DBP,HSH2D,FMNL1"
"DEG_MVL_TOR10","165","0.55559999999999998","TBXT","TBXT","61","1446","0.92090000000000005186962","1.00000000000000000000","0.8359000000000000","ReMap--ChIP-seq","ZFYVE28,CCBE1,UNC5A,CDCA3,HEXIM1,BHLHE41,DUSP5,OAF,UNG,RECQL4,HAS2,NEK2,IGFALS,PKMYT1,BCL2L12,SP2,SP8,SLC25A37,TRIM29,EPHA2,SLC45A3,NRP2,DMBX1,TMEM150A,TNFRSF12A,CRYBA2,GPC4,PRDM1,PDGFRB,AMOTL2,LMNB1,DNAH7,PKD1L1,ATOH8,NAA80,MYC,CHGB,DKK1,DKK3,HOXB4,FZD2,MESP2,TK1,RPL17,THOC6,LHX4,DNMT3B,SEMA3B,CHEK2,TNS4,PROX1,NEUROG3,NUCKS1,MARK4,NR4A1,DIAPH3,DBP,RNF207,CAMK2A,PCED1B,BUB1"
"DEG_MVL_TOR10","166","0.55889999999999995","BACH2","BACH2","61","1446","0.92090000000000005186962","1.00000000000000000000","0.8359000000000000","ReMap--ChIP-seq","GABARAPL1,STARD5,CFAP73,MLLT11,BHLHE41,TUBA1B,NAB2,KMT5A,UBALD2,MSH6,PPP1R15A,PBXIP1,SPON2,CCDC78,NUMBL,ARSG,APOBEC3B,KIF14,SECTM1,CNTRL,ZHX2,KIF2C,CFAP161,PRDM1,GRK6,ISG20,PROC,ACTL10,PHF19,TENT4A,ARMC9,GPLD1,HMOX1,CDK19,TNFSF9,ARPC1B,CDKN2C,TUBB4B,CEP128,RASAL1,RAD51AP1,AKIRIN2,BCL3,CNIH3,COL14A1,LBR,AMN,PLEKHG2,MCM5,RHEBL1,GADD45B,TPX2,STAG3,TMCC2,IZUMO4,ACYP2,ALDH3B2,CKS1B,BLNK,PDE4D,OAS1"
"DEG_MVL_TOR10","167","0.56230000000000002","NR2F6","NR2F6","61","1448","0.92249999999999998667732","1.00000000000000000000","0.8347000000000000","ReMap--ChIP-seq","MDC1,LIPE,RNF215,HEXIM1,LYZ,OAF,SLC16A3,MSH5,INO80B,BMF,PBXIP1,PARD6B,RASSF4,TRIM29,MYO7A,EPHA2,EGR1,SECTM1,KIF12,ZHX2,TMEM150A,TNFRSF12A,CAMK2N1,SPC24,CCDC163,PDGFRB,TNFAIP2,RND2,GALT,AURKB,TCIM,SERPINE1,NAA80,IER3,HMOX1,ST3GAL1,MYOM3,C1QTNF6,CCL20,TUBB4B,COL27A1,USP2,THOC6,NATD1,BCL3,PLEKHG2,APOA1,RANGAP1,SEMA3B,HDAC11,VASN,TPX2,PARP2,TUBB,MTSS1,NRL,IL11RA,DPP4,ARHGAP30,CKS1B,DBP"
"DEG_MVL_TOR10","168","0.56569999999999998","RXRA","RXRA","61","1450","0.92420000000000002149392","1.00000000000000000000","0.8335000000000000","ReMap--ChIP-seq","MDC1,HEXIM1,PRRT2,PKN3,RECQL4,CNPY4,CENPT,CENPM,SLC16A3,UBALD2,MSH5,INO80B,LIN7B,BCL2L12,BMF,RASSF4,TMPO,ENTPD8,EPHA2,TSPAN4,SECTM1,TMEM150A,TNFRSF12A,KIF22,SERTAD1,TFAP4,PHF19,TNFAIP2,LMNB2,MVP,AURKB,ATOH8,SERPINE1,JUNB,IER3,PRR19,FOSL1,CDKN2D,TUBB4B,THOC6,LBHD1,ERF,BCL3,PLEKHG2,APOA1,SEMA3B,ZNF827,GADD45B,VASN,TPX2,IZUMO4,TUBB,GP1BA,MTSS1,TYMP,NRM,CSKMT,TEDC1,DPP4,CKS1B,DBP"
"DEG_MVL_TOR10","169","0.56899999999999995","POU2F2","POU2F2","61","1450","0.92420000000000002149392","1.00000000000000000000","0.8335000000000000","ReMap--ChIP-seq","ZC3H12A,DDX39A,CDCA5,HEXIM1,PRRT2,FERMT3,JAK3,DUSP5,CNPY4,CENPM,NAB2,SLC16A3,UBALD2,INO80B,BCL2L12,BMF,TNFRSF1B,BIRC5,PPP1R15A,PBXIP1,TSPAN4,CSRNP1,KIF22,SERTAD1,TACC3,ISG20,UBE2S,PHF19,LMNB2,MVP,AURKB,TAS1R3,RRM2,JUNB,PRR19,FOSL1,TNFSF9,ARPC1B,PYGM,ING1,TK1,CDKN2D,ADM5,STKLD1,LBHD1,ERF,KLC4,BCL3,AMN,PLEKHG2,NLRC5,TGFBR3L,GADD45B,IZUMO4,TYMP,EMC9,CSKMT,CKS1B,DBP,PPP2R5D,HSH2D"
"DEG_MVL_TOR10","170","0.57240000000000002","ARID3A","ARID3A","61","1451","0.92500000000000004440892","1.00000000000000000000","0.8329000000000000","ReMap--ChIP-seq","MDC1,RNF215,HEXIM1,PRRT2,FERMT3,CENPT,CENPM,CENPN,FADS2,SLC16A3,UBALD2,MSH5,INO80B,LRRC56,PKMYT1,BCL2L12,BMF,PBXIP1,PARD6B,RASSF1,TMPO,TNFRSF12A,TFAP4,PLD1,GRK6,ISG20,LMNB2,LMNB1,MVP,AURKB,SERPINE1,NAA80,MYC,JUNB,IER3,PRR19,HOXB4,HMOX1,FOSL1,ING1,NDE1,FMO5,ADM5,RAB3A,THOC6,LBHD1,ERF,AKIRIN2,PLEKHG2,YOD1,GADD45B,TPX2,TUBB,GP1BA,TYMP,EMC9,NRM,NRL,CSKMT,CKS1B,DBP"
"DEG_MVL_TOR10","171","0.57579999999999998","PBX2","PBX2","61","1452","0.92569999999999996731503","1.00000000000000000000","0.8323000000000000","ReMap--ChIP-seq","MDC1,ZFYVE28,HEXIM1,FERMT3,CNPY4,NAB2,SLC16A3,MSH5,LRRC56,PKMYT1,LIN7B,BMF,SP2,PPP1R15A,PBXIP1,FBXO6,ADGRB2,NUMBL,TSPAN4,CCDC9B,CSRNP1,PTPRJ,DMBX1,TMEM150A,TNFRSF12A,SERTAD1,MGAT3,TBC1D31,TNFAIP2,ARHGEF19,NAV1,VGF,AURKB,EPOR,STMN1,JUNB,IER3,CLEC11A,HOXB4,ASF1B,HOXC9,FOSL1,PHF1,C1QTNF6,TUBB2A,KIFC1,PLCB2,TUBB4B,THOC6,ERF,BCL3,CALCOCO1,PLEKHG2,TNNI3,NECAB2,STAG3,TMCC2,TUBB,EMC9,CKS1B,DBP"
"DEG_MVL_TOR10","172","0.57909999999999995","GABPA","GABPA","61","1453","0.92649999999999999023004","1.00000000000000000000","0.8317000000000000","ReMap--ChIP-seq","CDCA3,CDCA5,HEXIM1,PRRT2,FERMT3,RECQL4,CNPY4,CENPT,NAB2,SLC16A3,INO80B,BCL2L12,PPP1R15A,PBXIP1,RASSF1,CCDC78,TSPAN4,TNFSF13,PCSK4,TMEM150A,TNFRSF12A,SERTAD1,CD72,TFAP4,TACC3,MXD3,LMNB2,VGF,GALT,AURKB,TAS1R3,SERPINE1,JUNB,FOSL1,ING1,CARD9,TUBB4B,ADM5,STKLD1,THOC6,LBHD1,ERF,FANCG,WRAP53,PLEKHG2,SAPCD2,SEMA3B,TNNI3,KCNJ14,RHEBL1,GADD45B,GP1BA,EMC9,NRL,CSKMT,IL11RA,TEDC1,EFNB3,CKS1B,DBP,DNLZ"
"DEG_MVL_TOR10","173","0.58250000000000002","POU5F1","POU5F1","61","1454","0.92730000000000001314504","1.00000000000000000000","0.8310999999999999","ReMap--ChIP-seq","HEXIM1,PRRT2,GPR19,JAK3,RECQL4,CNPY4,CENPT,CDC25C,INO80B,DLX2,PKMYT1,LIN7B,BCL2L12,SOCS2,SP8,PBXIP1,RASSF1,FBXO6,CCDC78,NRN1,TSPAN4,PCSK4,TNFRSF12A,SERTAD1,TFAP4,LMTK3,RND2,LMNB2,VGF,AURKB,EPOR,NAA80,HOXA6,JUNB,PRR19,HOXB4,HOXC9,FZD2,FOSL1,TUBB4B,RAB3A,THOC6,LBHD1,ERF,WRAP53,DNMT3B,PLEKHG2,SAPCD2,SEMA3B,TNNI3,RNF26,GADD45B,FEZF1,TMEM145,CSKMT,TEDC1,MARK4,NR4A1,CKS1B,DBP,RNF207"
"DEG_MVL_TOR10","174","0.58589999999999998","ZNF592","ZNF592","23","605","0.92930000000000001492140","1.00000000000000000000","0.7501000000000000","ReMap--ChIP-seq","CENPA,KMT5A,TMEM120B,SP2,BCAS1,PARD6B,CCDC78,KLK13,PRR19,REN,MESP2,AHRR,TPPP,PLEKHG2,OVOL1,ZDHHC11,RAB7B,TUBD1,TRIP13,TMEM145,LIG1,CHTF18,HSH2D"
"DEG_MVL_TOR10","175","0.58919999999999995","SMAD4","SMAD4","60","1440","0.93330000000000001847411","1.00000000000000000000","0.8252000000000000","ReMap--ChIP-seq","CCBE1,MLLT11,BHLHE41,NEURL1B,WTIP,ACAP1,INO80B,LIN7B,SOCS2,SP8,ITGB6,FBXO6,CCDC78,MYO7B,EPHA2,ID4,NRP2,IL11,TMEM150A,TNFRSF12A,CRYBA2,GPC4,TFAP4,TACC3,PRDM1,CD8A,SLC1A1,PROC,AMOTL2,RND2,LMNB2,ARHGEF19,CCDC192,DNAH2,MYC,FZD2,FOSL1,RASSF10,TUBB4B,FGF9,USP2,THOC6,MRI1,LHX4,LBR,PLEKHG2,SEMA3B,ARL6IP1,ZNF827,GADD45B,TMCC2,ANKRD6,CDK5R2,NRL,EFNB3,CDH24,MARK4,DIAPH3,KLF10,PCED1B"
"DEG_MVL_TOR10","176","0.59260000000000002","ZNF83","ZNF83","60","1440","0.93330000000000001847411","1.00000000000000000000","0.8252000000000000","ReMap--ChIP-seq","RNASE6,PARPBP,CDCA3,PRRT3,PRRT2,ABCA5,SMPD3,UBALD2,NPTXR,INO80B,MED30,TMEM120B,TRIM67,PPP1R15A,CDC45,RASSF1,SLC45A3,EPHA10,TSPAN1,OTUD7A,PTPRH,KIF22,KIF2C,PCNT,GIMAP2,TBC1D31,CCDC163,PLD1,PITPNC1,SUN2,MVP,GALNT6,NUP37,CDK5RAP2,CHGB,ZNF165,KNSTRN,PRR19,PRR11,SKA2,RAD21,HMOX1,CDK19,NDC1,ZNF331,RAB3A,HJURP,MELK,ERF,CALCOCO1,CKAP2L,WIPI1,RANGAP1,MCM5,CHEK2,IGSF3,TMEM145,LIG1,TEDC1,ATP13A4"
"DEG_MVL_TOR10","177","0.59599999999999997","STAT2","STAT2","60","1444","0.93620000000000003215206","1.00000000000000000000","0.8228000000000000","ReMap--ChIP-seq","MDC1,EPSTI1,STARD5,RNF215,PSMB8,KMT5A,MAK,TRIM67,PPP1R15A,PARD6B,RILP,SLC25A37,FBXO6,LGALS9,TMPO,PEX11B,TNFSF13,ANLN,APOBEC3B,CSRNP1,SECTM1,BRCA2,DMBX1,SERTAD1,MGAT3,SAMD9L,PLAT,TBC1D31,ISG20,PHF19,RND2,CCNA2,AURKA,SDSL,HMOX1,FOSL1,PHF1,ZNF575,VRK1,BCL3,DNMT3B,NLRC5,RHEBL1,IFIT5,IFIT3,SYNPO,TNS4,IGSF3,TRANK1,TMCC2,TUBB,BBS12,TYMP,EMC9,CKS1B,KLF10,HSH2D,OAS1,DBF4B,SCLT1"
"DEG_MVL_TOR10","178","0.59930000000000005","CREB3L1","CREB3L1","60","1444","0.93620000000000003215206","1.00000000000000000000","0.8228000000000000","ReMap--ChIP-seq","MDC1,ZFYVE28,IQGAP3,SLC5A3,HEXIM1,PRRT2,MLLT11,RECQL4,CNPY4,CENPT,SLC16A3,MSH5,INO80B,DLX2,LRRC56,LIN7B,BCL2L12,PPP1R15A,PBXIP1,CCNF,RASSF1,TMPO,CCDC78,TSPAN4,CCDC9B,KIF11,SERTAD1,GRIN1,CCDC163,GRK6,RND2,AURKB,NAA80,JUNB,IER3,HOXB4,FOSL1,PHF1,TUBB2A,CDKN2C,TUBB4B,ADM5,ERF,FANCG,PLEKHG2,HIRIP3,TNNI3,KCNJ14,RHEBL1,SRRM5,STAG3,TUBB,KPTN,TYMP,NRM,CKS1B,DBP,RNF207,PALM3,ARID3B"
"DEG_MVL_TOR10","179","0.60270000000000001","TERF2","TERF2","60","1447","0.93830000000000002291500","1.00000000000000000000","0.8211000000000001","ReMap--ChIP-seq","LIPH,STARD5,PIF1,PDGFB,CDCA8,KDM8,BHLHE41,FLVCR2,CENPM,NCAPD3,NEK2,PKMYT1,BMF,BCL2L15,IGSF10,CNTROB,ADORA2A,SPON2,THAP8,PEX11B,XRCC1,CD37,TMEM150A,KIF2C,PAK4,CCDC163,CCNE1,LMNB1,GALT,MAPK10,RBM42,MAP1S,KNSTRN,WDR62,RAD21,MEX3C,TNFSF9,CIT,PDF,MRI1,ITPRIPL1,CALCOCO1,ESPL1,CEP152,PCLAF,VAV3,IZUMO4,TUBG1,GDPD1,TLDC2,NRL,IL11RA,FBLN5,TMEM117,DBP,PPP2R5D,HSH2D,STN1,ALOX5AP,ATP13A4"
"DEG_MVL_TOR10","180","0.60609999999999997","GATA6","GATA6","60","1448","0.93899999999999994582112","1.00000000000000000000","0.8205000000000000","ReMap--ChIP-seq","LIPH,CDCA3,HEXIM1,PRRT2,LYZ,BHLHE41,TMC5,RECQL4,FABP6,NEK2,UBALD2,INO80B,TNFRSF1B,PPP1R15A,PBXIP1,MLLT3,PARD6B,ERRFI1,TMPO,ARL14,THAP2,EPHA2,TSPAN4,PTPRH,TNFRSF12A,NR5A2,PAK4,AMOTL2,VGF,MYC,HOXA6,JUNB,DKK1,SYTL2,PLEKHS1,HOXB4,HMOX1,S100A14,HOXC9,EHD2,ING1,RASSF10,TUBB4B,THOC6,BCL3,LBR,PLEKHG2,CCDC34,APOA1,TNS4,YOD1,SMIM5,TPX2,IGFL4,CEACAM6,TFF1,MARK4,PSAPL1,SLC40A1,CKS1B"
"DEG_MVL_TOR10","181","0.60940000000000005","SOX10","SOX10","60","1448","0.93899999999999994582112","1.00000000000000000000","0.8205000000000000","ReMap--ChIP-seq","PADI2,BTBD16,BHLHE41,INCENP,PLSCR4,HAS2,CENPN,FADS2,SLC16A4,ZNF438,BCAS1,PARD6B,ZNF860,ERRFI1,PLEKHB1,EGR2,NRP2,KIF23,CFAP161,PLAT,CCDC163,PLD1,SLC52A1,ISG20,AMOTL2,TREH,HP1BP3,FAM178B,MDH1B,STMN1,CDK5RAP2,PRKCH,DKK3,ABCA10,NHLRC1,PROM1,ARPC1B,CIT,COL21A1,NMNAT2,MORN4,RAB6B,DAB2,COL14A1,WIPI1,PI16,IFIT3,IGSF3,MAP2,IGFL4,TMCC2,NAALADL2,GSTA2,GAS2L3,NID1,FBLN5,CDH23,PDE4D,PCED1B,POLQ"
"DEG_MVL_TOR10","182","0.61280000000000001","AR","AR","60","1449","0.93959999999999999076294","1.00000000000000000000","0.8199000000000000","ReMap--ChIP-seq","ZC3H12A,SAMD12,RNF215,CFAP69,HEXIM1,NEBL,CENPN,HR,KMT5A,SLC16A3,SP2,ATP7B,BCAS1,BIRC5,MLLT3,PPP1R14D,ERRFI1,SPON2,CCDC78,SLC45A3,TSPAN4,CCDC9B,CSRNP1,ACADL,PAK4,PRDM1,IL6R,NXPH3,ISG20,ACTL10,PHF19,PHTF2,PITPNC1,CCDC192,ATOH8,MAPK10,RSPH1,TCIM,HOXA6,JUNB,KNSTRN,HOXC9,ST3GAL1,MESP2,TK1,CKB,TUBB4B,REEP4,LBR,PLEKHG2,WIPI1,SAPCD2,YOD1,TMTC2,GADD45B,HGD,TEDC1,DPP4,ALDH3B2,CKS1B"
"DEG_MVL_TOR10","183","0.61619999999999997","NANOG","NANOG","60","1450","0.94030000000000002469136","1.00000000000000000000","0.8193000000000000","ReMap--ChIP-seq","CCBE1,RNASE6,PIF1,FOXL2NB,GPR19,BHLHE41,DUSP5,RECQL4,CENPT,SLC16A3,MSH6,DLX2,PKMYT1,SOCS2,SP8,IL2RG,FBXO6,TMPO,CCDC78,PCDH18,TSPAN4,MKX,PCSK4,TNFRSF12A,NR5A2,CRYBA2,SERTAD1,GPC4,TFAP4,AMOTL2,LMNB2,LMNB1,VGF,HOXA6,JUNB,PRR19,HOXB4,HOXC9,FZD2,FOSL1,ING1,TERF1,ASCL1,THOC6,ERF,LHX4,WRAP53,DNMT3B,PLEKHG2,TGFBR3L,WDPCP,GADD45B,FEZF1,GP1BA,PROX1,MARK4,ARHGAP33,THRB,CKS1B,DBP"
"DEG_MVL_TOR10","184","0.61950000000000005","ASCL1","ASCL1","60","1450","0.94030000000000002469136","1.00000000000000000000","0.8193000000000000","ReMap--ChIP-seq","DDX39A,CDCA3,FERMT3,TUBA1C,BMP8B,CENPM,OLFML2B,SH2D5,NPTXR,FOXO6,PKMYT1,ADORA2A,RASSF4,CCDC78,ENTPD8,MYO7A,TSPAN4,XRCC1,CCDC9B,SECTM1,TNFRSF12A,CRYBA2,SERTAD1,CAMK2N2,GRIN1,TFAP4,KLHL35,GRK1,ACTL10,TNFAIP2,ARHGEF19,MVP,ATOH8,TEF,MYC,STMN1,JUNB,FOSL1,TIMP2,AHRR,CDKN2D,TUBB4B,USP2,THOC6,ERF,RASAL1,SAPCD2,FZR1,RNF26,CCDC61,SRRM5,SLC51A,SMIM5,NTSR1,TPX2,PROX1,CDK5R2,TEDC1,NR4A1,RGS16"
"DEG_MVL_TOR10","185","0.62290000000000001","SOX2","SOX2","60","1451","0.94099999999999994759747","1.00000000000000000000","0.8187000000000000","ReMap--ChIP-seq","PIF1,NCAPG,HEXIM1,NEBL,GPR19,TUBA1C,NAB2,FADS2,SESN3,COL17A1,SP8,TMEM19,PPP1R15A,PBXIP1,MLLT3,TMPO,THAP2,PCDH18,NRP2,MIS18BP1,G2E3,KIF2C,CCDC163,AMOTL2,HMGB2,RND2,SFPQ,AURKB,TCIM,SMC4,MTBP,STMN1,FREM1,PRR11,SKA2,FZD2,ING1,ASCL1,OLFML3,CKB,RPL17,GSN,ERF,HMMR,AKIRIN2,CCDC18,FANCM,WRAP53,CCDC34,SEMA3B,CBLB,MAP2,TPX2,ANKRD6,PTTG1,ACYP2,EFNB3,KIF18A,CKS1B,DBP"
"DEG_MVL_TOR10","186","0.62629999999999997","FOXA2","FOXA2","60","1451","0.94099999999999994759747","1.00000000000000000000","0.8187000000000000","ReMap--ChIP-seq","HEXIM1,PRRT2,LYZ,GPR19,TCP11L2,DUSP5,NAB2,HR,UBALD2,INO80B,BMF,ATP7B,PARD6B,ZNF860,PPP1R14D,ERRFI1,RASSF4,SLC45A3,KIF12,TMEM150A,NR5A2,TFAP4,CCDC163,IL6R,PLD1,PROC,PHTF2,AURKB,TCIM,SERPINE1,MYC,HOXA6,JUNB,HOXB4,MAML3,HMOX1,C1QTNF6,COL21A1,RASSF10,STKLD1,ERF,AKIRIN2,REEP4,BCL3,CNIH3,LBR,PLEKHG2,CCDC34,APOA1,WIPI1,YOD1,TPX2,PROX1,HGD,ARHGAP19,DPP4,SLC40A1,CKS1B,DBP,PCED1B"
"DEG_MVL_TOR10","187","0.62960000000000005","TBP","TBP","60","1453","0.94230000000000002646772","1.00000000000000000000","0.8175000000000000","ReMap--ChIP-seq","MDC1,CDCA3,HEXIM1,PRRT2,FERMT3,GPR19,CNPY4,CENPT,NAB2,SLC16A3,ACAP1,MSH5,INO80B,PKMYT1,LIN7B,BCL2L12,PBXIP1,RASSF1,TMPO,CCDC78,EPHA2,TSPAN4,TMEM150A,TNFRSF12A,KIF22,SERTAD1,TFAP4,GALT,MVP,AURKB,NAA80,JUNB,IER3,S100A14,FOSL1,ING1,CDKN2C,TUBB4B,RAB3A,THOC6,LBHD1,ERF,FANCG,BCL3,PLEKHG2,SAPCD2,SEMA3B,TGFBR3L,TUBB,GP1BA,TYMP,EMC9,NRM,NRL,CSKMT,IL11RA,TEDC1,MARK4,CKS1B,DBP"
"DEG_MVL_TOR10","188","0.63300000000000001","HOXB7","HOXB7","10","306","0.94330000000000002735590","1.00000000000000000000","0.6412000000000000","ReMap--ChIP-seq","BCAS1,RASSF4,PLD1,TNFAIP2,SHANK2,PLA2G2F,ASF1B,CEACAM6,EMC9,NRL"
"DEG_MVL_TOR10","189","0.63639999999999997","ZNF24","ZNF24","59","1445","0.95089999999999996749267","1.00000000000000000000","0.8080000000000001","ReMap--ChIP-seq","PDGFB,RNF215,PRRT3,PRRT2,NEBL,MLLT11,DYNLL1,PTGS1,LGR6,UBALD2,MSH5,SOCS2,TNFRSF14,TNFRSF1B,MUC5AC,PPP1R15A,SLC25A37,CDC20,FBXO6,EPHA2,PTPRJ,PCSK4,DMBX1,TNFRSF12A,KIF2C,SERTAD1,MGAT3,PAK4,PLD1,PHF19,RND2,ARHGEF19,MVP,AURKB,NAA80,JUNB,MAP1S,CLEC11A,SDSL,EHD2,PHF1,KIFC1,ADCY7,CDKN2D,SLCO2B1,THOC6,LBHD1,DNMT3B,LBR,SAPCD2,FZR1,TLDC2,NRM,EME1,CSKMT,ALDH3B1,DBP,HSH2D,PALM3"
"DEG_MVL_TOR10","190","0.63970000000000005","TEAD1","TEAD1","59","1448","0.95260000000000000230926","1.00000000000000000000","0.8062000000000000","ReMap--ChIP-seq","GABARAPL1,PADI1,HEXIM1,GPR19,LRRC49,CENPF,FABP6,DLX2,BCL2L12,ITGB6,PPP1R15A,MLLT3,PARD6B,E2F8,ZNF860,SLC25A37,ERRFI1,RASSF4,EPHA2,TSPAN4,ANLN,CSRNP1,NRP2,SPTLC3,TNFRSF12A,SERTAD1,SAMD9L,PRDM1,PDGFRB,PLD1,AMOTL2,TNFAIP2,TNFAIP1,LMNB2,GALNT6,MAPK10,SERPINE1,PRKCH,DKK1,DKK3,FOSL1,ING1,C1QTNF6,CEP55,HBEGF,LPCAT2,USP2,THOC6,CLIP4,HMMR,DRC3,LBR,IFIT3,TNS4,YOD1,GADD45B,PARP2,LATS2,PCED1B"
"DEG_MVL_TOR10","191","0.64310000000000000","EPAS1","EPAS1","59","1448","0.95260000000000000230926","1.00000000000000000000","0.8062000000000000","ReMap--ChIP-seq","STARD5,PDGFB,RNF215,CFAP73,BTBD16,NCAPG2,BHLHE41,DYNLL1,PTGS1,CENPO,SLC16A3,UBALD2,OLFM2,PORCN,BMF,BOK,TNFRSF1B,SLC25A37,ENTPD8,EPHA2,CSRNP1,PTPRJ,ZHX2,SERTAD1,CD72,MAD2L1,ARHGEF39,PHF19,LMNB2,TMEM45A,GALT,PKD1L1,ATOH8,RRM2,SERPINE1,JUNB,KNSTRN,ZSCAN23,HMOX1,CLIP4,RASAL1,AKIRIN2,BCL3,PLEKHG2,RANGAP1,TTK,SYNPO,KNL1,NECAB2,GADD45B,SLC22A11,IZUMO4,TRIP13,CDK5R2,CCDC28B,PTTG1,IL11RA,CDH23,DLK2"
"DEG_MVL_TOR10","192","0.64649999999999996","IKZF1","IKZF1","59","1452","0.95479999999999998205880","1.00000000000000000000","0.8038999999999999","ReMap--ChIP-seq","MDC1,ZFYVE28,HEXIM1,MLLT11,DUSP5,NAB2,UBALD2,MSH5,SOCS2,PORCN,BMF,SP2,TNFRSF1B,PPP1R15A,PBXIP1,PARD6B,SLC25A37,CDC20,EPHA2,SLC45A3,TSPAN1,EGR1,CSRNP1,PTPRJ,SERTAD1,MGAT3,KLK13,AUNIP,LMTK3,PLD1,TNFAIP2,NAV1,SERPINE1,MYC,JUNB,IER3,HOXB4,HOXC9,TNFSF9,PHF1,PYGM,PLEKHO1,CDKN2C,SLCO2B1,LBHD1,ERF,BCL3,PLEKHG2,TNNI3,RNF26,YOD1,GADD45B,TMCC2,TUBB,BBS12,GABRE,CSKMT,CKS1B,DBP"
"DEG_MVL_TOR10","193","0.64980000000000004","NFE2","NFE2","59","1454","0.95579999999999998294697","1.00000000000000000000","0.8027000000000000","ReMap--ChIP-seq","DDX39A,CDCA3,RNF215,HEXIM1,MLLT11,FERMT3,CNPY4,LRRC27,NAB2,SLC16A3,LIN7B,PPP1R15A,PBXIP1,SLC25A37,RASSF1,CCDC78,NUMBL,TSPAN4,CCDC9B,PTPRJ,TNFRSF12A,SERTAD1,MGAT3,PCNT,TFAP4,PLD1,GRK6,PROC,MXD3,LTB4R,GALT,AURKB,NAA80,JUNB,PRR19,FOSL1,TCN2,TNFSF9,TUBB2A,PLCB2,CDKN2D,GLYCTK,TUBB4B,RAB3A,THOC6,ERF,AKIRIN2,FANCG,BCL3,PLEKHG2,SAPCD2,FZR1,TUBG1,TYMP,NRL,NR4A1,CKS1B,DBP,KLF10"
"DEG_MVL_TOR10","194","0.65320000000000000","EHF","EHF","8","266","0.95730000000000003979039","1.00000000000000000000","0.5885000000000000","ReMap--ChIP-seq","LIPH,TMC5,ARL14,ITPRID1,HOXB4,PCLAF,TNS4,TPX2"
"DEG_MVL_TOR10","195","0.65659999999999996","KMT2A","KMT2A","58","1448","0.96379999999999999005240","1.00000000000000000000","0.7920000000000000","ReMap--ChIP-seq","MEF2C,NCAPH,HEXIM1,MLLT11,GPR19,TUBA1B,DYNLL1,CCSAP,CNPY4,CENPP,CDKN3,SOCS2,UST,TMEM19,DBF4,KIAA1328,CPNE8,FBXO5,TMPO,THAP2,KIF20B,L3MBTL3,NRN1,KIF11,ZHX2,KIF23,SATB1,PCNT,TBC1D31,HMGB2,PITPNC1,LMNB1,TTC36,SMC4,MYC,HOXA6,GPLD1,PROM1,CDK19,ING1,PLEKHO1,HBEGF,PDF,CDKN2C,FGF9,OIP5,ITPRIPL1,CNIH3,RANGAP1,IFIT5,GNG10,ANP32E,KLLN,PTTG1,NUSAP1,HSPA8,KIF18A,ITGB3BP"
"DEG_MVL_TOR10","196","0.65990000000000004","MITF","MITF","58","1449","0.96419999999999994599875","1.00000000000000000000","0.7914000000000000","ReMap--ChIP-seq","HEXIM1,PRRT2,FERMT3,BHLHE41,CENPA,CNPY4,CENPP,NAB2,HR,FADS2,TOM1,SOCS2,BMF,TRIM67,TNFRSF1B,PPP1R15A,PARD6B,SLC25A37,SLC23A3,CCDC78,IFITM10,TNFSF13,MC1R,NRP2,PTPRH,PCSK4,SERTAD1,PCNT,CFAP161,IL6R,AMOTL2,PSRC1,VGF,MVP,SERPINE1,NAA80,STMN1,HMOX1,FOSL1,ING1,TUBB2A,LBHD1,ERF,ITPRIPL1,REEP4,PLEKHG2,WIPI1,SEMA3B,TNNI3,TMCC2,DTYMK,EMC9,NRL,EME1,MARK4,CKS1B,DBP,KLF10"
"DEG_MVL_TOR10","197","0.66330000000000000","ZNF263","ZNF263","58","1450","0.96460000000000001296740","1.00000000000000000000","0.7907999999999999","ReMap--ChIP-seq","UNC5A,CFAP73,PRRT2,RECQL4,CENPM,HR,SLC16A3,MSH5,IGFALS,LRRC56,TNFRSF14,TNFRSF1B,CCDC78,ENTPD8,ADGRB2,EPHA2,TSPAN4,MC1R,SECTM1,PCSK4,DMBX1,IL11,TNFRSF12A,MGAT3,PCNT,GRIN1,TACC3,PDGFRB,CACNA1G,GRK6,ARHGEF19,MVP,TAS1R3,HOXA6,JUNB,PRR19,HOXB4,HOXC9,FOSL1,PLCB2,CKB,CARD9,TUBB4B,STKLD1,THOC6,ERF,REEP4,PLEKHG2,SAPCD2,HIRIP3,TNNI3,SMIM5,SLC44A4,TEDC1,ARHGAP33,CHTF18,DBP,DNLZ"
"DEG_MVL_TOR10","198","0.66669999999999996","POU2F1","POU2F1","58","1450","0.96460000000000001296740","1.00000000000000000000","0.7907999999999999","ReMap--ChIP-seq","NUP107,GABARAPL1,LRRC31,CKS2,CENPK,MSH6,ZNF438,BLM,BCL2L12,SP2,BCAS1,PRC1,PPP1R14D,ADGRB2,PEX11B,CSRNP2,PTPRH,KIF2C,SERTAD1,TACC3,IL6R,CCNB2,UBE2S,HP1BP3,HMGB3,TTC36,SFPQ,TEF,CDA,MYC,CDK20,ZNF165,DNAAF4,TNFSF9,NDC1,LPCAT2,CCL28,MAP2K6,DAB2,DRC3,PLEKHG2,CCDC34,POLR2A,CBLB,IFIT3,DNA2,PARP2,DSCC1,CSKMT,SGO1,STIL,KIF18A,DBP,CASP5,PCDHGA6,CKAP2,CKAP5,RNF207"
"DEG_MVL_TOR10","199","0.67000000000000004","GATA3","GATA3","58","1450","0.96460000000000001296740","1.00000000000000000000","0.7907999999999999","ReMap--ChIP-seq","HEXIM1,PRRT3,BHLHE41,CENPA,FOXO6,FBXO43,ITGB6,BCAS1,ADORA2A,MLLT3,PARD6B,ERRFI1,EPHA2,CSRNP1,CAP2,PAK4,SPINK4,PRLR,GEM,PLD1,AMOTL2,PITPNC1,AURKB,GALNT6,SERPINE1,ABAT,MYC,JUNB,IER3,DKK1,SYTL2,MAML3,S100A14,ST3GAL1,MESP2,C1QTNF6,CEP55,LBHD1,AKIRIN2,BCL3,DRC3,LBR,WIPI1,ASPM,IGSF3,TMTC2,TFF1,TUBD1,CSKMT,TEDC1,SUCNR1,HSPA8,SLC40A1,CKS1B,KLF10,RGS16,PCED1B,STN1"
"DEG_MVL_TOR10","200","0.67340000000000000","RUNX2","RUNX2","58","1450","0.96460000000000001296740","1.00000000000000000000","0.7907999999999999","ReMap--ChIP-seq","CCBE1,GABARAPL1,EML1,RNF215,PRRT2,DUSP5,LRRC49,CENPT,SLC16A3,SDCBP2,DLX2,PBXIP1,SLC25A37,EPHA2,TSPAN1,CCDC9B,NRP2,PTPRJ,TFAP4,SPC24,PLAT,PRDM1,PDGFRB,PLD1,AMOTL2,NAV1,MVP,ATOH8,SERPINE1,HOXA6,JUNB,ARMC9,DKK3,HOXB4,HOXC9,ST3GAL1,FZD2,FOSL1,CEP55,ADCY7,LPCAT2,ERF,OSBPL5,DAB2,BCL3,PLEKHG2,APOA1,SEMA3B,PI16,SYNPO,TNS4,TPX2,TYMP,SHISA4,CKS1B,LATS2,PCED1B,ALOX5AP"
"DEG_MVL_TOR10","201","0.67679999999999996","JUN","JUN","58","1452","0.96550000000000002486900","1.00000000000000000000","0.7897000000000000","ReMap--ChIP-seq","LIPH,ZC3H12A,HEXIM1,TCP11L2,DUSP5,SLC16A3,CDC25C,MSH5,LIN7B,BCL2L12,TMEM120B,ITGB6,TNFRSF1B,PPP1R15A,PARD6B,SLC25A37,ERRFI1,RASSF1,ENTPD8,EPHA2,NUMBL,CSRNP1,PTPRH,TMEM150A,TNFRSF12A,SERTAD1,PLAT,PLD1,ISG20,PROC,TNFAIP2,TNFAIP1,RND2,VGF,TAS1R3,SERPINE1,NAA80,JUNB,IER3,PRR19,FOSL1,TUBB2A,GLYCTK,THOC6,ERF,AKIRIN2,BCL3,PLEKHG2,RANGAP1,SEMA3B,TNNI3,TNS4,YOD1,GADD45B,SHISA4,CKS1B,PCED1B,ARID3B"
"DEG_MVL_TOR10","202","0.68010000000000004","ATF3","ATF3","58","1453","0.96589999999999998081535","1.00000000000000000000","0.7891000000000000","ReMap--ChIP-seq","CDCA5,RNF215,HEXIM1,PRRT3,CKS2,CENPA,RECQL4,CNPY4,CENPT,SLC16A3,ACAP1,INO80B,BCL2L12,SOCS2,TMEM120B,PPP1R15A,PBXIP1,PARD6B,ERRFI1,RASSF1,EPHA2,TSPAN4,CSRNP1,PTPRH,TNFRSF12A,SERTAD1,TFAP4,SPC24,ISG20,TNFAIP1,LMNB2,VGF,AURKB,RBM42,SERPINE1,NAA80,MYC,HOXA6,JUNB,PRR19,HMOX1,S100A14,FOSL1,THOC6,LBHD1,ERF,BCL3,PLEKHG2,SEMA3B,TNNI3,MTTP,LIAS,GADD45B,GP1BA,NRL,ALDH3B1,CKS1B,DBP"
"DEG_MVL_TOR10","203","0.68350000000000000","CEBPG","CEBPG","57","1438","0.96899999999999997246647","1.00000000000000000000","0.7834000000000000","ReMap--ChIP-seq","ZFYVE28,GABARAPL1,PPARGC1B,MLLT11,KDM8,NCAPG2,CENPK,CENPP,SESN3,UBALD2,DLX2,FBXO48,PARD6B,ERRFI1,THAP8,CNTRL,ZHX2,CAP2,GEN1,NXPH3,PLD1,RND2,LMNB1,CCNA2,AURKB,AURKA,SMC2,IER3,WDR62,MOCS1,CCL24,DHRS9,MORN4,VRK1,AKIRIN2,LBR,PLEKHG2,WIPI1,MTFR2,BCO1,ERVMER34-1,CCDC61,HDAC11,PCF11,BBS12,GDPD1,TYMP,SUCNR1,CDH23,HSPA8,DIAPH3,THRB,SLC40A1,LATS2,RGS16,PCED1B,POLQ"
"DEG_MVL_TOR10","204","0.68689999999999996","NFIC","NFIC","57","1446","0.97199999999999997513100","1.00000000000000000000","0.7789000000000000","ReMap--ChIP-seq","MDC1,PADI1,PDGFB,HEXIM1,DUSP5,LY75,HR,SLC16A3,MSH5,NREP,BMF,ITGB6,ERRFI1,EPHA2,TSPAN4,TSPAN1,CSRNP1,NRP2,PTPRJ,TNFRSF12A,SPC24,PLAT,PRDM1,PLD1,AMOTL2,ACTL10,PHF19,TNFAIP2,LMNB2,AURKB,ATOH8,TCIM,SERPINE1,MYC,JUNB,IER3,FOSL1,CEP55,CCL20,THOC6,AKIRIN2,REEP4,BCL3,PLEKHG2,AHNAK2,SYNPO,TNS4,GADD45B,VASN,TUBB,GP1BA,SCEL,TEDC1,DPP4,HSPA8,CKS1B,KLF10"
"DEG_MVL_TOR10","205","0.69020000000000004","MEIS1","MEIS1","57","1450","0.97340000000000004298784","1.00000000000000000000","0.7766000000000000","ReMap--ChIP-seq","TESK1,MEF2C,GPR19,KDM8,FABP6,NAB2,MSH6,INO80B,LIN7B,BMF,TNFSF13B,PPP1R15A,SLC25A37,CPNE8,RASSF4,RACGAP1,APOBEC1,MGAT3,CD72,SPINK4,PLD1,PHF19,LTB4R,LMNB1,AURKB,RSPH1,MYC,MAP1S,PRR19,HOXB4,LDHD,ST3GAL1,CDK19,TCN2,TNFSF9,PLEKHO1,ADCY4,CDKN2C,DHRS9,CEP128,OIP5,LTB4R2,ERF,RAD51AP1,AKIRIN2,BCL3,DCAF15,RHEBL1,IFIT3,ANKRD6,MTSS1,GUCY2C,NUSAP1,ACYP2,ARHGAP19,HSH2D,ALOX5AP"
"DEG_MVL_TOR10","206","0.69359999999999999","TBX21","TBX21","57","1451","0.97370000000000000994760","1.00000000000000000000","0.7761000000000000","ReMap--ChIP-seq","MDC1,DDX39A,NCAPH,CFAP69,PRRT2,FERMT3,GPR19,DUSP5,RILPL2,CENPM,UBALD2,ACAP1,BMF,TNFRSF1B,PBXIP1,SPON2,HASPIN,CD37,KIF22,SERTAD1,CD72,PRDM1,IL6R,PLD1,RASGRP1,ISG20,PHF19,LMNB1,MVP,AURKB,JUNB,IER3,ST3GAL1,FOSL1,TNFSF9,C1QTNF6,ASCL1,CDKN2D,ERF,ITPRIPL1,AKIRIN2,BCL3,PLEKHG2,NLRC5,GADD45B,IZUMO4,TUBB,GP1BA,TYMP,CAMK4,PTTG1,CKS1B,DBP,BLNK,KLF10,HSH2D,RGS16"
"DEG_MVL_TOR10","207","0.69699999999999995","NR2F2","NR2F2","57","1452","0.97409999999999996589395","1.00000000000000000000","0.7755000000000000","ReMap--ChIP-seq","MDC1,DDX39A,HEXIM1,CENPA,CNPY4,SLC16A3,UBALD2,MSH5,PKMYT1,LIN7B,BCL2L12,BMF,SP2,PPP1R15A,PBXIP1,PARD6B,TMPO,CCDC78,EPHA2,TSPAN4,CSRNP1,SECTM1,PCSK4,TNFRSF12A,SERTAD1,SPC24,PDGFRB,PLD1,ACTL10,PHF19,TNFAIP2,VGF,AURKB,SERPINE1,MYC,JUNB,IER3,HOXB4,HOXC9,FOSL1,ARPC1B,TUBB4B,RAB3A,THOC6,LBHD1,ERF,PLEKHG2,APOA1,SEMA3B,TGFBR3L,TUBB,NRM,CSKMT,TEDC1,CKS1B,DBP,PALM3"
"DEG_MVL_TOR10","208","0.70030000000000003","FOXJ2","FOXJ2","56","1440","0.97750000000000003552714","1.00000000000000000000","0.7680000000000000","ReMap--ChIP-seq","ZFYVE28,CFAP69,HEXIM1,TUBA1C,TCP11L2,ARG2,CNPY4,CENPT,LRRC27,CENPF,MAK,FOXO6,PPP1R15A,PPP1R14D,CSRNP1,PTPRH,MIS18A,TFAP4,SPC25,CLGN,SPINK4,PLD1,CACNA1G,CCNB1,GRK4,ECT2,TNFAIP1,SUN2,CCDC192,DNAH7,TAF3,SERPINE1,SYTL2,ZC2HC1C,MAML3,HMOX1,TCN2,TUBB4B,HJURP,USP2,ZNF546,TPPP,COL14A1,PLEKHG2,REXO5,MCM5,TGFBR3L,RNF26,KCNJ14,PPIL6,RPS6KA5,SLC6A12,TEDC1,HSPA8,MNS1,PALM3"
"DEG_MVL_TOR10","209","0.70369999999999999","ZBTB11","ZBTB11","56","1444","0.97860000000000002540190","1.00000000000000000000","0.7658000000000000","ReMap--ChIP-seq","ZFYVE28,CDCA3,CDCA5,RNF215,FERMT3,CENPA,CNPY4,CENPT,FADS2,SLC16A3,INO80B,PKMYT1,BCL2L12,PPP1R15A,PARD6B,RASSF1,CCDC78,TSPAN4,PTPRH,TNFRSF12A,MST1,KIF22,CAMK2N2,CD72,TFAP4,TACC3,TBC1D31,ARHGEF39,AURKA,FOSL1,PHF1,KIFC1,PDF,TUBB4B,THOC6,LBHD1,ERF,ZNF790,FANCG,WRAP53,PLEKHG2,TNNI3,KCNJ14,KIAA0586,RHEBL1,PCLAF,GP1BA,NRM,EME1,CSKMT,MKRN2OS,MARK4,ARHGAP33,KIF18A,ARID3B,ATP13A4"
"DEG_MVL_TOR10","210","0.70709999999999995","TCF7","TCF7","56","1446","0.97919999999999995932143","1.00000000000000000000","0.7647000000000000","ReMap--ChIP-seq","MDC1,CDCA5,PRRT2,RECQL4,SLC16A3,CDC25C,MSH5,INO80B,PKMYT1,SOCS2,TNFRSF1B,PARD6B,TMPO,CCDC78,ENTPD8,EPHA2,ZBTB2,TSPAN4,EGR1,MC1R,SECTM1,KIF22,KIF2C,CD72,TFAP4,GRK6,PHF19,LMNB1,VGF,MVP,STMN1,IER3,HOXB4,HMOX1,FOSL1,TK1,NDE1,FMO5,ERF,LHX4,PLEKHG2,POLR2A,RHEBL1,ARL6IP1,CBLB,TNS4,NEIL1,KLLN,TUBB,CAMK4,HSPA8,CKS1B,BLNK,PDE4D,RGS16,ARID3B"
"DEG_MVL_TOR10","211","0.71040000000000003","ZNF766","ZNF766","37","1008","0.97980000000000000426326","1.00000000000000000000","0.7232000000000000","ReMap--ChIP-seq","ASPHD1,RDH16,DLGAP3,ARG2,CENPU,CENPF,KPNA2,TNFRSF14,BCL2L15,IL2RG,SLC25A37,SPON2,EPHA10,PEX11B,SPC25,SYT2,ARHGEF19,JUNB,CDK5RAP2,RNF125,HOXB4,RAD21,ST3GAL1,CDK19,MOCS1,RASSF10,SAPCD2,MCM6,CBLN3,YOD1,TRANK1,IGFL4,CDH23,FAM83D,NR4A1,BRD3OS,POC1A"
"DEG_MVL_TOR10","212","0.71379999999999999","NCOA3","NCOA3","56","1449","0.97999999999999998223643","1.00000000000000000000","0.7630000000000000","ReMap--ChIP-seq","SAMD12,ABCA5,MLLT11,NCAPG2,FLVCR2,CNPY4,CENPN,CENPP,KPNA2,FBXO43,BCL2L15,TMEM120B,B3GALT5,BCAS1,PARD6B,PEX11B,ARSG,CNTRL,TFAP4,TTF2,RGS3,TBC1D31,MR1,GEM,KCNV1,PITPNC1,MYBL2,SERPINE1,MYC,SYTL2,ABCA10,PRR11,SKA2,LDHD,MESP2,CIT,PDF,OLFML3,FMO5,LBHD1,BCL3,WIPI1,REXO5,ESPL1,HDAC11,TMTC2,TMCC2,VAV3,MTSS1,TFF1,GDPD1,TUBD1,CSKMT,MKRN2OS,KLF10,ERICH5"
"DEG_MVL_TOR10","213","0.71719999999999995","SMAD1","SMAD1","56","1451","0.98060000000000002717826","1.00000000000000000000","0.7619000000000000","ReMap--ChIP-seq","MDC1,DDX39A,CDCA3,CDCA5,HEXIM1,PRRT2,MLLT11,FERMT3,RECQL4,CNPY4,NAB2,FADS2,UBALD2,MSH5,PKMYT1,LIN7B,BCL2L12,PPP1R15A,FBXO6,CCDC78,TSPAN4,TNFSF13,PCSK4,TNFRSF12A,SERTAD1,TACC3,GRK6,UBE2S,ACTL10,RND2,TAS1R3,MYC,JUNB,HOXB4,FOSL1,PHF1,TK1,TUBB2A,CDKN2D,TUBB4B,ADM5,STKLD1,THOC6,ERF,FANCG,PLEKHG2,TGFBR3L,RNF26,TUBB,GP1BA,NRM,NR4A1,CKS1B,DBP,FMNL1,CDK2AP2"
"DEG_MVL_TOR10","214","0.72050000000000003","HOXC11","HOXC11","1","77","0.98070000000000001616485","1.00000000000000000000","0.2497000000000000","ReMap--ChIP-seq","HOXC9"
"DEG_MVL_TOR10","215","0.72389999999999999","ATF4","ATF4","55","1442","0.98389999999999999680256","1.00000000000000000000","0.7526000000000000","ReMap--ChIP-seq","LIPE,ABCB4,MMP28,TCP11L2,DLGAP3,LRRC49,CKS2,CENPP,KMT5A,FBXO48,BMF,NDC80,ATP7B,PPP1R15A,ERFE,TMPO,EPHA10,TSPAN1,EGR2,MKX,CSRNP2,PTPRH,CLGN,TBC1D31,SPINK4,NAV1,TCIM,TEF,SERPINE1,PLEKHS1,ASF1B,RAD21,MEX3C,ARPC1B,F10,CARD9,RAB43,CKAP2L,CEP152,CTH,IFIT3,KNL1,WDPCP,SLC22A11,TFF1,TYMP,METTL4,NRL,HGD,LRIF1,STEAP2,ARHGAP33,THRB,DNLZ,DLK2"
"DEG_MVL_TOR10","216","0.72729999999999995","NCOA1","NCOA1","55","1446","0.98480000000000000870415","1.00000000000000000000","0.7504999999999999","ReMap--ChIP-seq","HEXIM1,MLLT11,RILPL2,CNPY4,NAB2,KPNA2,SLC16A3,SOCS2,BCL2L15,TMEM120B,BCAS1,TNFRSF1B,PPP1R15A,PARD6B,TMPO,EPHA2,NUMBL,ARSG,MC1R,TH,CSRNP1,PTPRH,SERTAD1,SPINK4,PHF19,TNFAIP2,PITPNC1,VGF,SERPINE1,JUNB,SYTL2,DEPDC1B,HOXB4,PRR11,SKA2,PHF1,C1QTNF6,OLFML3,LBHD1,BCL3,PLEKHG2,WIPI1,MTFR2,POLR2A,TNNI3,HDAC11,SMIM5,PCF11,TFF1,GDPD1,TUBD1,CSKMT,CKS1B,DBP,HSH2D"
"DEG_MVL_TOR10","217","0.73060000000000003","ZNF165","ZNF165","10","357","0.98489999999999999769074","1.00000000000000000000","0.5470000000000000","ReMap--ChIP-seq","CDCA5,OAF,OLFM2,DLX2,ERFE,TRIM29,SPC24,CDA,TNNI3,IZUMO4"
"DEG_MVL_TOR10","218","0.73399999999999999","MYB","MYB","55","1453","0.98619999999999996553868","1.00000000000000000000","0.7467000000000000","ReMap--ChIP-seq","CDCA3,HEXIM1,PRRT2,FERMT3,GPR19,CNPY4,NAB2,SLC16A3,UBALD2,ACAP1,INO80B,TNFRSF1B,PBXIP1,RASSF1,CCDC78,HASPIN,TSPAN4,SEC31B,SECTM1,KIF22,CD72,GRK6,PHF19,RND2,LMNB2,PITPNC1,MVP,AURKB,GALNT6,JUNB,RAD21,ST3GAL1,FOSL1,C1QTNF6,CDKN2D,CEP128,LBHD1,ERF,PLEKHG2,TNS4,NTSR1,GADD45B,STAG3,IZUMO4,KPTN,TYMP,EMC9,CAMK4,CSKMT,TEDC1,NR4A1,CKS1B,DBP,FMNL1,CDK2AP2"
"DEG_MVL_TOR10","219","0.73740000000000006","CBX2","CBX2","54","1441","0.98829999999999995630162","1.00000000000000000000","0.7389000000000000","ReMap--ChIP-seq","EML1,CDIP1,LRRC3,MMP28,LRRC27,FBXO43,NRG4,ERRFI1,EPHA10,IFITM10,CCDC110,PAK4,TMEM176A,TMEM266,IL6R,CCNE1,ACACB,CALHM3,TENT4A,PITPNC1,FAM178B,MYBL1,DNAH2,RBM42,CDA,CHGB,RNF125,HOXB4,HOXC9,CYP1A1,TIMP2,F10,FGF9,LHX4,RNF186,CALCOCO1,WIPI1,NLRC5,BCO1,AHNAK2,PI16,MKI67,SYNPO,VRTN,NEIL2,SLC6A20,NTSR1,SLC22A11,FBLN5,ALDH3B2,EFNB3,MYH11,RGS16,ERICH5"
"DEG_MVL_TOR10","220","0.74070000000000003","MBD2","MBD2","54","1442","0.98839999999999994528821","1.00000000000000000000","0.7383999999999999","ReMap--ChIP-seq","FOXL2NB,RECQL4,SLC16A3,IGFALS,TROAP,LIN7B,ERFE,FBXO6,CCDC78,ADGRB2,TSPAN4,ID4,PCSK4,CRYBA2,MGAT3,GRIN1,KLHL35,GRK6,TNFAIP2,LMNB2,VGF,TAS1R3,HOXA6,MAP1S,HOXB4,EHD2,RASSF10,F10,CARD9,TUBB4B,TPPP,LHX4,AMN,SEMA3B,DCAF15,FZR1,KCNJ14,DLEC1,OVOL1,NTSR1,CARMIL2,STAG3,IZUMO4,CDK5R2,TEDC1,NID1,ALDH3B1,ARHGAP33,NR4A1,CHTF18,DBP,PCDHGA6,DNLZ,CDK2AP2"
"DEG_MVL_TOR10","221","0.74409999999999998","ELF5","ELF5","23","706","0.98950000000000004618528","1.00000000000000000000","0.6392000000000000","ReMap--ChIP-seq","ZC3H12A,CDCA5,DUSP5,WTIP,FBXO5,SPINK4,CACNA1G,ECT2,MXD3,KNSTRN,MAML3,FOSL1,ING1,CARD9,DEPTOR,RASAL1,MTFR2,CCDC77,PCLAF,DSCC1,ARHGAP19,HSPA8,DNLZ"
"DEG_MVL_TOR10","222","0.74750000000000005","ZNF217","ZNF217","53","1440","0.99160000000000003694822","1.00000000000000000000","0.7252999999999999","ReMap--ChIP-seq","LIPH,UNC5A,PRRT3,NEBL,TMC1,UBALD2,SOCS2,B3GALT5,ITGB6,BCAS1,MLLT3,PARD6B,E2F8,ERRFI1,PEX11B,CSRNP1,KIF23,CAP2,KLK13,BUB1B,IL6R,SPINK4,LMTK3,PRLR,AMOTL2,PITPNC1,PSRC1,AURKB,ABAT,DKK1,SYTL2,ZSCAN23,S100A14,MESP2,CEP55,CLIP4,FANCM,SEMA3B,SMIM5,IGSF3,TMTC2,SLC6A20,VASN,TFF1,ALOX12B,HGD,ACYP2,SUCNR1,PSAPL1,ARHGAP30,SLC40A1,KLF10,PCED1B"
"DEG_MVL_TOR10","223","0.75080000000000002","ZNF318","ZNF318","53","1440","0.99160000000000003694822","1.00000000000000000000","0.7252999999999999","ReMap--ChIP-seq","MDC1,GABARAPL1,HEXIM1,TUBA1B,DUSP5,ARG2,DYNLL1,CENPA,PSMB8,CENPP,MSH5,SOCS2,TMEM120B,PPP1R15A,SLC25A37,THAP8,IFITM10,SECTM1,PTPRJ,PTPRH,TMEM150A,KIF2C,SERTAD1,TBC1D31,CALHM3,CLK1,RND2,SERPINE1,WDR62,SDSL,HMOX1,TCN2,TNFSF9,PHF1,TUBB2A,RPL17,CCL24,USP2,BCL3,LBR,PLEKHG2,YOD1,KNL1,TRANK1,SIGLEC15,ANP32E,SLC44A4,TNFAIP8L1,BTN3A1,NRM,ARHGAP30,ARID3B,FMNL1"
"DEG_MVL_TOR10","224","0.75419999999999998","ZBED1","ZBED1","53","1445","0.99219999999999997086775","1.00000000000000000000","0.7227000000000000","ReMap--ChIP-seq","MDC1,DDX39A,CDCA5,HEXIM1,FERMT3,TUBA1B,CKS2,RECQL4,CNPY4,NAB2,UBALD2,MSH5,INO80B,PKMYT1,SOCS2,PPP1R15A,CCDC78,TSPAN4,EGR1,PCSK4,TNFRSF12A,KIF2C,SERTAD1,SPC24,PHF19,LMNB1,SFPQ,AURKB,RRM2,MYC,JUNB,IER3,FOSL1,TNFSF9,PYGM,TK1,CARD6,TUBB4B,STKLD1,THOC6,LBHD1,PLEKHG2,MTFR2,IZUMO4,TUBB,GP1BA,TYMP,ZWILCH,NRM,CSKMT,HSPA8,CKS1B,HSH2D"
"DEG_MVL_TOR10","225","0.75760000000000005","ZEB2","ZEB2","53","1446","0.99229999999999995985434","1.00000000000000000000","0.7221000000000000","ReMap--ChIP-seq","MDC1,ZFYVE28,DDX39A,HEXIM1,MLLT11,DUSP5,CENPA,CNPY4,SLC16A3,MSH5,BMF,SP2,PPP1R15A,PBXIP1,PARD6B,SLC25A37,PPP1R14D,EPHA2,NUMBL,SECTM1,PTPRH,TNFRSF12A,SERTAD1,PRDM1,PLD1,PHF19,VGF,AURKB,SERPINE1,MYC,JUNB,IER3,HOXB4,PHF1,TUBB2A,THOC6,ERF,PLEKHG2,TNNI3,TNS4,TRANK1,TPX2,STAG3,TMCC2,TUBB,TUBG1,BBS12,NRM,CDH24,THRB,SLC40A1,CKS1B,DBP"
"DEG_MVL_TOR10","226","0.76090000000000002","XBP1","XBP1","53","1447","0.99239999999999994884092","1.00000000000000000000","0.7216000000000000","ReMap--ChIP-seq","DDX39A,NCAPG2,CNPY4,MAK,ODF2,BCAS1,BIRC5,PPP1R15A,FAM53A,ID4,PTPRJ,SPC24,CFAP300,TBC1D31,PACSIN1,UBE2C,ZNF670-ZNF695,MYBL2,AURKB,EPOR,SERPINE1,MYC,ZNF165,NHLRC1,GPLD1,FOSL1,TNFSF9,ARPC1B,ING1,TK1,TUBB2A,COL21A1,CDKN2D,CCL28,LBHD1,MRI1,KLC4,WRAP53,DNMT3B,POLR2A,TNNI3,PI16,SLC51A,GADD45B,CLIC5,TNFAIP8L1,TRIP13,CSKMT,HSPA8,PCDHGA1,PPP2R5D,PALM3,DLK2"
"DEG_MVL_TOR10","227","0.76429999999999998","FOXA1","FOXA1","53","1448","0.99250000000000004884981","1.00000000000000000000","0.7211000000000000","ReMap--ChIP-seq","LIPH,ZC3H12A,CDCA5,CFAP69,HEXIM1,ABCA5,NEBL,LYZ,GPR19,TCP11L2,BCAS1,DBF4,MLLT3,PARD6B,PPP1R14D,ERRFI1,SLC45A3,G2E3,PAK4,PRDM1,PLD1,PHTF2,PITPNC1,MAPK10,TCIM,MTBP,MYC,HOXA6,SYTL2,DEPDC1B,PLEKHS1,MAML3,RAD21,HOXC9,MESP2,RASSF10,FMO5,CDK1,CNIH3,CCDC34,WIPI1,CBLB,YOD1,TMTC2,TPX2,KLLN,PCF11,TFF1,TUBD1,HGD,DNAJC12,THRB,PCED1B"
"DEG_MVL_TOR10","228","0.76770000000000005","LYL1","LYL1","53","1449","0.99260000000000003783640","1.00000000000000000000","0.7206000000000000","ReMap--ChIP-seq","ZFYVE28,PDGFB,CYP4F3,FERMT3,KDM8,CENPA,VWA3B,TNFRSF1B,ADORA2A,PPP1R15A,SLC45A3,RACGAP1,APOBEC1,TMEM150A,AUNIP,IL6R,PLD1,CALHM3,MXD3,PHF19,RND2,LTB4R,TTC36,GALNT6,RSPH1,MAP1S,LDHD,PLEKHO1,GLYCTK,DHRS9,ZNF575,LTB4R2,OSBPL5,BCL3,LBR,APOA1,WIPI1,PI16,SLC51A,OVOL1,NTSR1,TMCC2,VAV3,IZUMO4,MTSS1,SUCNR1,ARHGAP30,HSH2D,RGS16,STN1,ARID3B,FMNL1,ALOX5AP"
"DEG_MVL_TOR10","229","0.77100000000000002","MAFK","MAFK","53","1451","0.99290000000000000479616","1.00000000000000000000","0.7196000000000000","ReMap--ChIP-seq","MDC1,ZC3H12A,RNF215,SLC16A3,BMF,EXO1,TRIM67,PBXIP1,CYP4B1,SLC25A37,NUMBL,SECTM1,PRDM1,GEN1,MR1,GPD1,PLD1,ISG20,PROC,PLA2G4A,AURKB,AURKA,TCIM,IER3,HMOX1,FOSL1,TCN2,RPL17,CDKN2C,DEPTOR,LBHD1,AKIRIN2,FANCG,BCL3,LBR,PLEKHG2,CKAP2L,ASPM,FZR1,RHEBL1,IFIT3,KLLN,BTN3A1,TUBB,BTN3A3,RAB7B,CDK5R2,NRL,STIL,KIF18A,KIF18B,CKS1B,DBP"
"DEG_MVL_TOR10","230","0.77439999999999998","ATF2","ATF2","53","1451","0.99290000000000000479616","1.00000000000000000000","0.7196000000000000","ReMap--ChIP-seq","MDC1,HEXIM1,GPR19,JAK3,PKN3,RECQL4,CNPY4,UBALD2,BCL2L12,SP8,SNURF,PBXIP1,FBXO6,TMPO,TNFSF13,CD37,TNFRSF12A,TAGLN,ISG20,AMOTL2,ALPG,PHF19,RND2,LMNB1,SSTR1,SFPQ,AURKB,JUNB,IER3,FOSL1,PHF1,TCF19,TERF1,CKB,CARD6,ADM5,THOC6,AKIRIN2,WRAP53,DNMT3B,PLEKHG2,SEMA3B,WDPCP,LIAS,GADD45B,TUBB,GP1BA,GUCY2C,ZWILCH,NUCKS1,CKS1B,DBP,RGS16"
"DEG_MVL_TOR10","231","0.77780000000000005","RBPJ","RBPJ","53","1452","0.99299999999999999378275","1.00000000000000000000","0.7190000000000000","ReMap--ChIP-seq","CDCA3,PRRT2,FERMT3,GPR19,DUSP5,RILPL2,CKS2,CNPY4,CENPM,NAB2,FADS2,UBALD2,INO80B,BMF,PBXIP1,RASSF1,HASPIN,KIF2C,CD72,PLD1,GRK6,ARHGEF39,ISG20,LMNB2,MVP,AURKB,RRM2,MYC,JUNB,TNFSF9,PYGM,C1QTNF6,CDKN2D,RAB3A,ERF,BCL3,PLEKHG2,NLRC5,IFIT3,SLC51A,GADD45B,TPX2,IZUMO4,EMC9,NRL,PTTG1,CKS1B,DBP,BLNK,KLF10,PDE4D,HSH2D,RGS16"
"DEG_MVL_TOR10","232","0.78110000000000002","FOSL1","FOSL1","53","1452","0.99299999999999999378275","1.00000000000000000000","0.7190000000000000","ReMap--ChIP-seq","LIPH,ZC3H12A,PADI1,RNF215,PRRT2,NEBL,TMC1,NAB2,MSH5,PORCN,ITGB6,TNFRSF1B,PPP1R15A,PARD6B,SLC25A37,ERRFI1,ENTPD8,EPHA2,CSRNP1,PTPRH,TNFRSF12A,KIF2C,SERTAD1,PLAT,IL6R,PLD1,CALHM3,ISG20,PROC,PHF19,ARHGEF19,VGF,MVP,SERPINE1,JUNB,FOSL1,TUBB2A,DHRS9,FGF9,SLCO2B1,THOC6,AKIRIN2,BCL3,PLEKHG2,RANGAP1,AHNAK2,TNS4,NTSR1,GADD45B,SHISA4,CDH24,CKS1B,ARID3B"
"DEG_MVL_TOR10","233","0.78449999999999998","STAT5B","STAT5B","53","1453","0.99309999999999998276934","1.00000000000000000000","0.7185000000000000","ReMap--ChIP-seq","NCAPH,PRRT2,DUSP5,CNPY4,NAB2,UBALD2,ACAP1,INO80B,CNTROB,FOXM1,TNFRSF1B,RASSF1,HASPIN,ARSG,TNFSF13,KIF22,CD72,PRDM1,MR1,CD8A,ISG20,TNFAIP1,PITPNC1,LMNB1,MVP,AURKB,NAA80,JUNB,RNF125,RHNO1,CEP70,FOSL1,PYGM,C1QTNF6,GLYCTK,LBHD1,ITPRIPL1,AKIRIN2,FANCG,BCL3,PLEKHG2,SAPCD2,NLRC5,IFIT3,RPS6KA5,TPX2,TYMP,EMC9,CAMK4,NRL,CSKMT,RGS16,ALOX5AP"
"DEG_MVL_TOR10","234","0.78790000000000004","MEIS2","MEIS2","52","1440","0.99409999999999998365752","1.00000000000000000000","0.7111000000000000","ReMap--ChIP-seq","MDC1,ZFYVE28,SLC5A3,NCAPH,HEXIM1,PRRT2,NCAPG2,DUSP5,CNPY4,NAB2,UBALD2,MSH5,PKMYT1,BCAS1,PPP1R15A,PARD6B,SLC25A37,ADGRB2,NUMBL,CSRNP1,KIF22,TBC1D31,SPINK4,PLD1,NAV1,CCNA2,GALNT6,TAF3,STMN1,JUNB,IER3,HOXB4,TCN2,PHF1,TUBB2A,KIFC1,RPL17,CDKN2C,DHRS9,SLCO2B1,ERF,AKIRIN2,WIPI1,NEIL3,NEIL2,TRANK1,TUBB,TUBG1,BBS12,THRB,KLF10,PCED1B"
"DEG_MVL_TOR10","235","0.79120000000000001","SOX6","SOX6","52","1440","0.99409999999999998365752","1.00000000000000000000","0.7111000000000000","ReMap--ChIP-seq","MDC1,DDX39A,ZC3H11A,HEXIM1,PRRT2,MLLT11,CNPY4,NAB2,SLC16A3,UBALD2,MSH5,SOCS2,ATP7B,PPP1R15A,PARD6B,TMPO,EGR1,DMBX1,TNFRSF12A,SERTAD1,CFAP161,PRDM1,PLD1,ACTL10,TNFAIP2,RND2,PSRC1,AURKB,MYC,JUNB,IER3,HOXB4,ASF1B,FOSL1,PHF1,KIFC1,CDKN2C,TUBB4B,SLCO2B1,USP2,THOC6,DNMT3B,PLEKHG2,TNNI3,RNF26,TRANK1,TPX2,TMCC2,PCF11,TUBB,CKS1B,DBP"
"DEG_MVL_TOR10","236","0.79459999999999997","PAX6","PAX6","52","1442","0.99429999999999996163069","1.00000000000000000000","0.7100000000000000","ReMap--ChIP-seq","CDCA3,SLC5A3,HEXIM1,PRRT2,FOXL2NB,TUBA1C,TUBA1B,RECQL4,IGFALS,INO80B,DLX2,SP2,SP8,ITGB6,CCDC78,NRN1,TSPAN4,IFITM10,CCDC9B,ID4,IL11,TNFRSF12A,KIF2C,GEM,ARHGEF39,CLK1,UBE2S,SFPQ,SERPINE1,DKK1,HOXB4,PLK2,FOSL1,ING1,RPL17,CARD6,TUBB4B,THOC6,LBHD1,ERF,HMMR,AKIRIN2,FANCG,BCL3,LIAS,GADD45B,PCF11,EMC9,CSKMT,HSPA8,DBP,DNLZ"
"DEG_MVL_TOR10","237","0.79800000000000004","ZNF274","ZNF274","52","1444","0.99450000000000005062617","1.00000000000000000000","0.7090000000000000","ReMap--ChIP-seq","ZNF10,HACE1,TCP11L2,CENPU,ZNF699,CENPP,ZNF695,ZNF676,SOCS2,ZNF404,TRIM67,PPP1R15A,RILP,ZNF860,SLC25A37,ZNF850,TMPO,CCDC78,SLC45A3,TSPAN1,EGR1,SUV39H1,KIF15,PCNT,PCDHB14,SPC25,ZNF83,CCDC150,GRK4,ZNF670-ZNF695,LMNB1,CCNA2,AURKB,AURKA,JUNB,IER3,MAML3,ASF1B,SKA3,PCDHA2,FOSL1,CEP55,NDC1,OIP5,ZNF790,ZNF546,LBR,ARL6IP1,YOD1,KNL1,NUSAP1,ARHGAP30"
"DEG_MVL_TOR10","238","0.80130000000000001","RUNX3","RUNX3","52","1446","0.99460000000000003961276","1.00000000000000000000","0.7080000000000000","ReMap--ChIP-seq","MDC1,STARD5,CDCA5,HEXIM1,PRRT2,FERMT3,GPR19,DUSP5,CENPM,SESN3,UBALD2,BMF,TNFRSF1B,PBXIP1,MLLT3,RASSF4,PRDM1,GRK6,ISG20,PHF19,PITPNC1,LMNB1,MVP,AURKB,RSPH1,MYC,JUNB,IER3,ST3GAL1,TNFSF9,C1QTNF6,TK1,PLEKHO1,CCL20,TUBB4B,ITPRIPL1,AKIRIN2,PLEKHG2,IFIT3,NEIL2,IZUMO4,TUBB,GP1BA,TYMP,EMC9,CAMK4,NRL,ZMAT3,HSPA8,CKS1B,HSH2D,RGS16"
"DEG_MVL_TOR10","239","0.80469999999999997","BATF","BATF","52","1447","0.99470000000000002859935","1.00000000000000000000","0.7075000000000000","ReMap--ChIP-seq","MDC1,STARD5,RNASE6,CDCA5,GPR19,DUSP5,RILPL2,CENPM,LY75,UBALD2,NREP,BMF,TNFRSF1B,PPP1R15A,RASSF4,FBXO5,CSRNP1,CD72,PRDM1,TBC1D31,CCDC163,MR1,ISG20,PHF19,LMNB1,DNAH1,AURKB,RSPH1,JUNB,IER3,TNFSF9,PLEKHO1,GLYCTK,ERF,AKIRIN2,PLEKHG2,WIPI1,CBLB,IFIT3,GADD45B,IZUMO4,PARP2,TUBB,GP1BA,TYMP,CAMK4,NUCKS1,ZMAT3,BLNK,PDE4D,HSH2D,RGS16"
"DEG_MVL_TOR10","240","0.80810000000000004","HHEX","HHEX","52","1448","0.99480000000000001758593","1.00000000000000000000","0.7070000000000000","ReMap--ChIP-seq","MDC1,HEXIM1,SULT1B1,KDM8,TCP11L2,CENPU,CENPO,NEK2,UBALD2,SDCBP2,MSH5,INO80B,SOCS2,BMF,BCAS1,CPNE8,ERRFI1,RASSF4,SLC45A3,EPHA10,KIF12,MIS18BP1,ZHX2,PLD1,GALT,AURKA,TCIM,RBM42,SERPINE1,CHGB,ZNF165,TK1,RASSF10,F10,CCL20,NDE1,MROH2A,DEPTOR,DAB2,APOA1,WIPI1,UGT1A3,AQP7,PCLAF,WDPCP,TPX2,PARP2,TFF1,NRL,EME1,IL11RA,DNAJC12"
"DEG_MVL_TOR10","241","0.81140000000000001","ARNTL","ARNTL","52","1449","0.99490000000000000657252","1.00000000000000000000","0.7065000000000000","ReMap--ChIP-seq","BHLHE41,CKS2,CENPA,HAS2,VWA3B,NAB2,TOM1,KPNA2,ZNF438,LRRC66,SP2,BCAS1,RETNLB,THAP8,NUMBL,MC1R,APOBEC1,GRIN1,SGSM1,TFAP4,ANKRD40CL,KLHL28,TENT4A,MYBL2,CCNA2,SERPINE1,CLEC11A,WDR62,HMOX1,ING1,CLIP4,ZNF790,CNIH3,LBR,PLEKHG2,DCAF15,TNNI3,PCLAF,SLC22A3,STAG3,ZDHHC11,TUBG1,GUCY2C,GDPD1,TUBD1,NID1,ALDH3B1,TSGA10,THRB,DBP,RNF207,KDM4D"
"DEG_MVL_TOR10","242","0.81479999999999997","SOX13","SOX13","52","1450","0.99499999999999999555911","1.00000000000000000000","0.7060000000000000","ReMap--ChIP-seq","MDC1,HPD,LYZ,TCP11L2,OAF,NAB2,NEK2,SLC16A3,MSH5,DLX2,TSACC,BMF,ERRFI1,RASSF4,TRIM29,EPHA2,NEU4,TNFSF13,MC1R,TH,KIF12,ZHX2,CAPS,PLD1,SHANK2,AURKB,TCIM,SERPINE1,NAA80,HOXA6,IER3,DKK1,HMOX1,CCL20,GLYCTK,NDE1,TUBB4B,COL27A1,APOA1,WIPI1,MCM5,SEMA3B,POLR2A,ARL6IP1,WDPCP,TPX2,TUBB,TYMP,NRM,NRL,TEDC1,NID1"
"DEG_MVL_TOR10","243","0.81820000000000004","SPI1","SPI1","52","1451","0.99509999999999998454570","1.00000000000000000000","0.7055000000000000","ReMap--ChIP-seq","RNASE6,HEXIM1,PRRT2,FERMT3,DUSP5,DYNLL1,NAB2,UBALD2,BMF,BCL2L15,TNFRSF1B,ADORA2A,PBXIP1,RASSF1,RASSF4,CCDC9B,CSRNP1,PTPRJ,TMEM150A,KIF2C,PRDM1,IL6R,MR1,GRK6,CALHM3,LTB4R,MVP,JUNB,HMOX1,FOSL1,TNFSF9,PLEKHO1,PLCB2,PRSS36,DHRS9,LTB4R2,ERF,AKIRIN2,BCL3,ESAM,PLEKHG2,CKAP2L,SEMA3B,STAG3,IZUMO4,NRL,ALDH3B1,ARHGAP30,CKS1B,HSH2D,FMNL1,ALOX5AP"
"DEG_MVL_TOR10","244","0.82150000000000001","NR2C2","NR2C2","52","1451","0.99509999999999998454570","1.00000000000000000000","0.7055000000000000","ReMap--ChIP-seq","NUP107,PARPBP,CDCA5,HEXIM1,CENPA,NEK2,KMT5A,SLC16A3,ACAP1,MSH5,INO80B,BCL2L12,SP2,PPP1R15A,PBXIP1,CDC45,SLC25A37,KIF20A,PEX11B,PAK4,TACC3,TBC1D31,TNFAIP1,MASTL,AURKA,EPOR,NUP37,JUNB,CDK5RAP2,IER3,FOSL1,MOCS1,BRD8,PRSS36,ADM5,TTC21A,LBHD1,ERF,FANCG,WRAP53,CCDC77,ARL6IP1,TYMP,RAD54L,TRIP13,CSKMT,LRIF1,ARHGAP33,CKS1B,DBP,KDM4D,ATP13A4"
"DEG_MVL_TOR10","245","0.82489999999999997","ZNF197","ZNF197","51","1443","0.99619999999999997442046","1.00000000000000000000","0.6954000000000000","ReMap--ChIP-seq","MEF2C,UNC5A,CDCA3,PRRT2,DLGAP3,JAK3,CENPT,KPNA2,NPAS1,BCL2L12,TNFRSF14,SP2,TRIM67,CDC45,SLC25A37,SPON2,EPHA10,RACGAP1,OTUD7A,PTPRH,KIF22,KIF2C,SPC25,CCDC163,LMTK3,UBE2S,PHF19,HP1BP3,SUN2,ARHGEF19,MVP,NAA80,JUNB,CDK5RAP2,ST3GAL1,CDK19,MESP2,GSN,ZNF331,RAB3A,ERF,NATD1,AKIRIN2,CALCOCO1,SAPCD2,SEMA3B,TNNI3,YOD1,IGSF3,SLC44A4,IZUMO4"
"DEG_MVL_TOR10","246","0.82830000000000004","MBD4","MBD4","51","1443","0.99619999999999997442046","1.00000000000000000000","0.6954000000000000","ReMap--ChIP-seq","MDC1,LYZ,TUBA1B,PKN3,CENPL,SLC16A3,INO80B,CPNE8,ERRFI1,RASSF4,FBXO5,XRCC4,ACER2,TH,KIF2C,CAMK2N1,KLHL35,PLD1,ANKRD40CL,CLK1,SFPQ,VGF,AURKA,TCIM,SERPINE1,MYC,IER3,DKK1,DEPDC1B,RPL17,CCL20,NDE1,CARD6,PRSS36,FMO5,MROH2A,ZNF331,FANCM,CCDC34,APOA1,MTFR2,UGT1A3,ARL6IP1,LIAS,TPX2,KRT20,PCF11,TUBB,ZWILCH,NUCKS1,NAP1L5"
"DEG_MVL_TOR10","247","0.83160000000000001","OTX2","OTX2","51","1443","0.99619999999999997442046","1.00000000000000000000","0.6954000000000000","ReMap--ChIP-seq","EPSTI1,SLC5A3,RNF215,NEBL,GPR19,TMC1,COL11A1,TCOF1,ZNF438,CPB1,NREP,ITGB6,SPDL1,MLLT3,PARD6B,PPP1R14D,ERRFI1,KIF14,KIF23,IL33,ENPP2,GEM,ECT2,BMP2,CCNA2,GALNT6,ARMC9,DKK1,FZD2,PLK2,MEX3C,COL21A1,GRAMD1C,RPL17,DHRS9,RTKN2,AKIRIN2,ASPM,CCDC77,CTH,AKR1B10,VAV3,BTN3A1,BBS12,SCEL,ANXA10,DPP4,KIF18A,THRB,CAMK2A,PCED1B"
"DEG_MVL_TOR10","248","0.83499999999999996","HMBOX1","HMBOX1","51","1443","0.99619999999999997442046","1.00000000000000000000","0.6954000000000000","ReMap--ChIP-seq","RNF215,HEXIM1,GPR19,NCAPG2,DUSP5,CENPT,LRRC27,MSH5,FBXO48,PORCN,TMEM19,SPDL1,PPP1R15A,IL2RG,PARD6B,SLC25A37,THAP2,ANLN,KIF11,TNFRSF12A,AUNIP,PLD1,CLK1,LMNB1,AURKB,SMC4,ZSCAN23,PHF1,KIFC1,CDKN2C,GSN,CARD6,DHRS9,MORN4,SLCO2B1,VRK1,THOC6,AKIRIN2,CCDC34,MTFR2,VSIG1,YOD1,TRANK1,TPX2,KLLN,TOP2A,TUBG1,BBS12,ARHGAP19,SLC40A1,PDE11A"
"DEG_MVL_TOR10","249","0.83840000000000003","TERF1","TERF1","51","1447","0.99639999999999995239364","1.00000000000000000000","0.6934000000000000","ReMap--ChIP-seq","DDX39A,PIF1,NCAPH,KDM8,TCP11L2,DUSP5,RILPL2,CNPY4,CENPM,LGR6,UBALD2,ACAP1,NRF1,BCL2L15,BCAS1,ADORA2A,PBXIP1,TNFSF13,CD37,ZHX2,CFAP161,CCDC163,GRK6,ISG20,LMNB1,GALT,AURKB,MAPK10,RSPH1,RNF125,LDHD,TNFSF9,ADCY4,RAB3A,MRI1,ITPRIPL1,AMN,PLEKHG2,TRANK1,ANP32E,IZUMO4,GP1BA,TUBG1,TLDC2,HGD,ARHGAP30,DBP,HSH2D,OAS1,ARID3B,FMNL1"
"DEG_MVL_TOR10","250","0.84179999999999999","CEBPB","CEBPB","51","1449","0.99650000000000005240253","1.00000000000000000000","0.6924000000000000","ReMap--ChIP-seq","LIPH,ZC3H12A,EPSTI1,GABARAPL1,PPARGC1B,HEXIM1,CNPY4,NAB2,SLC16A3,UBALD2,DLX2,FBXO48,BMF,PARD6B,SLC25A37,ERRFI1,EPHA2,CSRNP2,ZHX2,SPC24,PLD1,RND2,AURKB,AURKA,TCIM,SERPINE1,MYC,HOXA6,JUNB,IER3,HMOX1,ST3GAL1,CCL20,CLIP4,AKIRIN2,BCL3,PLEKHG2,WIPI1,TNS4,OVOL1,WDPCP,GADD45B,TPX2,KLLN,GP1BA,TYMP,THRB,CKS1B,DBP,PCED1B,FMNL1"
"DEG_MVL_TOR10","251","0.84509999999999996","CEBPA","CEBPA","51","1450","0.99660000000000004138911","1.00000000000000000000","0.6919000000000000","ReMap--ChIP-seq","ZC3H12A,HPD,PPARGC1B,HEXIM1,CYP4F3,LYZ,OAF,NAB2,UBALD2,INO80B,FBXO48,TNFRSF1B,PARD6B,SLC25A37,ERRFI1,RASSF4,SLC45A3,CSRNP2,ZHX2,SPC24,CCDC163,IL6R,PLD1,ACACB,AURKB,AURKA,TCIM,HMOX1,ST3GAL1,TK1,CCL20,DHRS9,RAB43,AKIRIN2,BCL3,LBR,PLEKHG2,APOA1,WIPI1,HDAC11,OVOL1,LIAS,KLLN,PROX1,MTSS1,NRL,HGD,NID1,LATS2,ITGB3BP,FMNL1"
"DEG_MVL_TOR10","252","0.84850000000000003","PDX1","PDX1","51","1453","0.99670000000000003037570","1.00000000000000000000","0.6904000000000000","ReMap--ChIP-seq","LIPH,GABARAPL1,HEXIM1,ABCA5,BHLHE41,TCP11L2,TMC1,CNPY4,INO80B,BMF,B3GALT5,PBXIP1,ERRFI1,TMPO,XRCC4,ID4,PTPRJ,TMEM150A,CAMK2N1,SGSM1,ENPP2,IL6R,PLD1,ACACB,RSPH1,TCIM,JUNB,TUBB2A,COL21A1,ASCL1,CEP128,AKIRIN2,CNIH3,DRC3,YOD1,TPX2,KLLN,ANKRD6,VAV3,MTSS1,NRL,SUCNR1,MARK4,DNAJC12,NR4A1,CKS1B,DBP,RGS16,ERICH5,STN1,SGPP2"
"DEG_MVL_TOR10","253","0.85189999999999999","RUNX1","RUNX1","51","1453","0.99670000000000003037570","1.00000000000000000000","0.6904000000000000","ReMap--ChIP-seq","HEXIM1,FERMT3,RECQL4,CNPY4,NAB2,SLC16A3,UBALD2,ACAP1,INO80B,TNFRSF1B,BIRC5,PBXIP1,SPON2,RASSF1,RASSF4,EPHA2,TSPAN4,TNFSF13,TMEM150A,TNFRSF12A,SERTAD1,IL6R,GRK6,MXD3,PHF19,LTB4R,RSPH1,HOXA6,JUNB,FOSL1,PYGM,ADCY4,CDKN2D,TUBB4B,THOC6,LBHD1,ERF,BCL3,LBR,PLEKHG2,IZUMO4,GP1BA,EMC9,CSKMT,ALDH3B1,MARK4,NR4A1,CKS1B,DBP,HSH2D,FMNL1"
"DEG_MVL_TOR10","254","0.85519999999999996","HINFP","HINFP","50","1440","0.99729999999999996429523","1.00000000000000000000","0.6827000000000000","ReMap--ChIP-seq","ZNF10,DDX39A,CDCA3,PRRT3,NEBL,DUSP5,PKN3,CENPA,NCAPD2,BMF,TMEM120B,PPP1R15A,RNFT2,KATNA1,EPHA10,ZHX2,KIF2C,CAMK2N1,TBC1D31,GRK6,TNFAIP2,TENT4A,NAV1,AURKA,EPOR,SERPINE1,CDK5RAP2,IER3,CLEC11A,HMOX1,MESP2,NDC1,MOCS1,RAB43,CNOT3,WRAP53,CALCOCO1,HIRIP3,CBLB,YOD1,SLC51A,IGSF3,TSC22D3,EMC9,FANCD2,ZMAT3,ALDH3B1,CDH24,PCED1B,CDK2AP2"
"DEG_MVL_TOR10","255","0.85860000000000003","BRF2","BRF2","50","1441","0.99729999999999996429523","1.00000000000000000000","0.6822000000000000","ReMap--ChIP-seq","DDX39A,PIF1,ZBTB7C,LYZ,FAM227A,PPP1R15A,RETNLB,ERRFI1,FAM53A,TMPO,PAQR6,KIF20B,CD72,GRIN1,RGS3,CCDC163,BORA,GRK1,ARHGEF39,TMEM237,MYBL2,TTC36,PKD1L1,AURKB,EPOR,RSPH1,SERPINE1,MAP1S,PRR19,ING2,CARD6,MZT1,RAB43,SLCO2B1,ZNF790,FANCI,RANGAP1,HIRIP3,BCO1,IFIT3,PCLAF,KLK7,KLK6,ANP32E,PARP2,MYEF2,TMEM145,ARHGAP30,HSH2D,STN1"
"DEG_MVL_TOR10","256","0.86199999999999999","TEAD2","TEAD2","50","1443","0.99739999999999995328182","1.00000000000000000000","0.6813000000000000","ReMap--ChIP-seq","PRRT3,FLVCR2,HAP1,CENPA,PSMB8,CENPF,CENPO,NAB2,PPP1R15A,ERRFI1,EPHA2,SLC45A3,CD37,TNFRSF12A,KIF2C,SERTAD1,ESYT3,SAMD9L,RGS3,GRK6,MYBL2,CDK5RAP2,MAP1S,CLEC11A,ARMC9,PRR11,SKA2,CDK19,PHF1,TK1,KIFC1,HBEGF,CCL24,GSN,ZNF331,THOC6,SAPCD2,MTFR2,NLRC5,WDPCP,ZWINT,TPX2,KPTN,ARHGAP33,DBP,LATS2,RNF207,POC1A,STN1,ATP13A4"
"DEG_MVL_TOR10","257","0.86529999999999996","SNAPC4","SNAPC4","50","1447","0.99760000000000004227729","1.00000000000000000000","0.6793000000000000","ReMap--ChIP-seq","ZC3H11A,HPD,IQGAP3,MLLT11,VWA3B,CENPF,ZNF695,LIN7B,SP8,TRIM67,FAM53A,DDIAS,KIF2C,CD72,TBC1D31,BORA,UBE2C,ARHGEF39,ISG20,ZNF670-ZNF695,PITPNC1,MYBL1,PLA2G2F,STMN1,PRR19,CEP70,MESP2,NDC1,ADCY7,TUBB4B,MZT1,ZNF546,MAP2K6,CNIH3,TGFBR3L,TNS4,OVOL1,LIAS,ANP32E,TNFAIP8L1,PARP2,TUBD1,TMEM145,TDRD5,PCDHGA1,PPP2R5D,CKAP5,DBF4B,LIN9,DLK2"
"DEG_MVL_TOR10","258","0.86870000000000003","JUNB","JUNB","50","1447","0.99760000000000004227729","1.00000000000000000000","0.6793000000000000","ReMap--ChIP-seq","MDC1,LIPH,PDGFB,RNF215,HEXIM1,GPR19,DUSP5,NAB2,KMT5A,MSH5,BMF,TNFRSF1B,PPP1R15A,CCDC78,EPHA2,CSRNP1,PTPRJ,TMEM150A,TNFRSF12A,SERTAD1,PLAT,CCDC163,MR1,ISG20,PHF19,LMNB1,VGF,TAS1R3,NAA80,JUNB,IER3,HOXB4,FOSL1,TNFSF9,TUBB2A,GSN,RAB3A,THOC6,LBHD1,ERF,AKIRIN2,BCL3,PLEKHG2,SEMA3B,TNNI3,TUBB,NRM,CSKMT,DBP,ARID3B"
"DEG_MVL_TOR10","259","0.87209999999999999","ZNF644","ZNF644","50","1449","0.99770000000000003126388","1.00000000000000000000","0.6783000000000000","ReMap--ChIP-seq","UNC5A,DDX39A,NEBL,DLGAP3,CENPA,CENPO,FADS2,KMT5A,SLC16A3,BCL2L12,BCL2L15,BIRC5,PPP1R15A,CDC45,SLC25A37,PPP1R14D,RASSF1,TMPO,CCDC78,SECTM1,PTPRH,TMEM150A,KIF22,KIF2C,MGAT3,TMEM176A,GRK4,SYT2,ACTL10,TNFAIP2,SUN2,NAV1,VGF,REN,KIFC1,MOCS1,CCL24,AOC1,MORN4,ZNF331,ERF,AKIRIN2,WIPI1,IFIT3,CHEK2,IGSF3,TMCC2,PROX1,RAB7B,THRB"
"DEG_MVL_TOR10","260","0.87539999999999996","PCGF2","PCGF2","50","1450","0.99770000000000003126388","1.00000000000000000000","0.6778999999999999","ReMap--ChIP-seq","ZFYVE28,ZBTB7C,LYZ,FOXL2NB,STUM,VWA3B,SESN3,MAK,DLX2,TROAP,SP8,NRG4,NRN1,TH,ACADL,CCDC110,TNFRSF12A,NR5A2,SATB1,CRYBA2,CLGN,TMEM266,CD8A,GRK6,VGF,TCIM,HOXA6,RNF125,HOXB4,ZSCAN23,HOXC9,PROM1,RASSF10,NMNAT2,CCL28,CEP128,FGF9,LAMP3,THOC6,LHX4,CALCOCO1,HDAC9,SLC6A20,IGFL4,FEZF1,LRRIQ1,ALOX12B,CDK5R2,LONRF2,SGPP2"
"DEG_MVL_TOR10","261","0.87880000000000003","MAFB","MAFB","50","1452","0.99780000000000002025047","1.00000000000000000000","0.6768999999999999","ReMap--ChIP-seq","EPSTI1,ZC3H11A,CDCA5,GPR19,TUBA1C,TMC1,HR,SESN3,SDCBP2,PBXIP1,RASSF4,EPHA2,NUMBL,EGR1,TH,CSRNP3,PTPRJ,IL6R,GPD1,PLD1,ISG20,TCIM,JUNB,CHGB,ZC2HC1C,PLK2,RPL17,STKLD1,COL27A1,LBHD1,CLIP4,REEP4,PLEKHG2,WIPI1,FZR1,POLR2A,YOD1,LIAS,MAP2,GADD45B,MTSS1,AMER3,EMC9,NRL,CSKMT,HGD,BLNK,RGS16,STN1,SGPP2"
"DEG_MVL_TOR10","262","0.88219999999999998","NFE2L1","NFE2L1","49","1438","0.99819999999999997619682","1.00000000000000000000","0.6696000000000000","ReMap--ChIP-seq","PARPBP,ABCA5,NEBL,CFAP70,NCAPG2,STUM,CENPO,SLC16A4,LIN7B,PARD6B,TTC39A,SLC25A37,FAM53A,PAQR6,NUMBL,RIMKLA,IFITM10,KIF2C,SAMD9L,PLD1,PROC,UBE2S,TNFAIP2,NUP37,ZC2HC1C,HMOX1,CDK19,TCN2,ING2,NUF2,CARD6,IYD,SLCO2B1,RAB6B,AKIRIN2,COL14A1,LBR,PLEKHG2,SAPCD2,MCM5,RHEBL1,ARL6IP1,CDK5R2,HGD,ACYP2,ARHGAP19,MYH11,DBF4B,ATP13A4"
"DEG_MVL_TOR10","263","0.88549999999999995","HES1","HES1","23","787","0.99829999999999996518341","1.00000000000000000000","0.5714000000000000","ReMap--ChIP-seq","IL20RB,CFAP69,WTIP,SDCBP2,B3GALT5,RETNLB,KIAA1328,KIF14,NXPE1,PCDHB14,NXPH3,MGAM,SYTL2,CNIH3,HGFAC,CTH,PCF11,RAB7B,ADH1C,KIF18B,CASP5,USP13,RGS16"
"DEG_MVL_TOR10","264","0.88890000000000002","ZNF584","ZNF584","49","1442","0.99829999999999996518341","1.00000000000000000000","0.6676000000000000","ReMap--ChIP-seq","LIPE,CDCA3,DLGAP3,CENPA,KMT5A,SLC16A3,TMEM120B,TRIM67,BIRC5,PPP1R15A,CDC45,PPP1R14D,ERFE,RASSF1,SLC45A3,SECTM1,PTPRH,PLD1,CLK1,PHF19,NAV1,VGF,TMEM45A,SERPINE1,NAA80,CDK5RAP2,IER3,ASF1B,RAD21,CDK19,FOSL1,REN,ADCY7,GLYCTK,ZNF331,RAB43,RAD9B,LBR,CKAP2L,WIPI1,SAPCD2,PI16,IGSF3,KLLN,ALDH3B1,THRB,STN1,ARID3B,ATP13A4"
"DEG_MVL_TOR10","265","0.89229999999999998","PAX8","PAX8","49","1450","0.99850000000000005417888","1.00000000000000000000","0.6637999999999999","ReMap--ChIP-seq","UNC5A,ZC3H11A,CYP4F3,MLLT11,DYNLL1,CNPY4,CENPL,ZNF699,LGR6,SLC16A3,UBALD2,FOXO6,SP8,PARD6B,ZNF860,EPHA10,EGR2,TH,IL11,DEPDC1,KIF2C,PAK4,SPC24,TBC1D31,CCDC163,SLC52A1,CLK1,UBE2S,TREH,TMEM220,SFPQ,JUNB,ZSCAN23,HMOX1,TK1,RAB3A,MRI1,PLEKHG2,ESCO2,NEIL2,DNA2,PTTG1,TEDC1,STIL,PSAPL1,BRD3OS,LATS2,PALM3,ARID3B"
"DEG_MVL_TOR10","266","0.89559999999999995","NR4A1","NR4A1","49","1451","0.99850000000000005417888","1.00000000000000000000","0.6634000000000000","ReMap--ChIP-seq","ZC3H12A,DDX39A,NCAPG,HEXIM1,PRRT3,PRRT2,FERMT3,DUSP5,PTGS1,KMT5A,SLC16A3,UBALD2,PLA2R1,SOCS2,TNFRSF1B,PBXIP1,SLC45A3,TNFSF13,CCDC9B,TMEM150A,KIF2C,MXD3,PHF19,PHTF2,LTB4R,PITPNC1,AURKA,MYC,HOXA6,RNF125,MAML3,LDHD,CDK19,CDKN2D,CDKN2C,PGF,LBHD1,LTB4R2,LBR,PLEKHG2,KIAA0586,ZNF827,NTSR1,SIGLEC15,KLLN,CSKMT,CKS1B,PDE4D,STN1"
"DEG_MVL_TOR10","267","0.89900000000000002","EOMES","EOMES","48","1443","0.99890000000000001012523","1.00000000000000000000","0.6531000000000000","ReMap--ChIP-seq","GPR19,BHLHE41,DUSP5,PKN3,HAS2,NEK2,SP8,ITGB6,SLC5A12,ARL14,EPHA2,SLC45A3,HSPA12A,NRP2,PTPRJ,DMBX1,GPC4,AUNIP,PRDM1,CD8A,SLC1A1,BMP2,LMNB1,MAPK10,MYC,DKK3,FREM1,FZD2,MESP2,NUF2,RPL17,MAP2K6,WRAP53,DNMT3B,LBR,CCDC34,TNS4,VRTN,GNG10,STAG3,PROX1,PTTG1,DPP4,DIAPH3,SLC40A1,CKS1B,CAMK2A,BUB1"
"DEG_MVL_TOR10","268","0.90239999999999998","HOXB13","HOXB13","48","1443","0.99890000000000001012523","1.00000000000000000000","0.6531000000000000","ReMap--ChIP-seq","LIPH,ZC3H12A,CDCA2,CFAP69,HEXIM1,KDM8,DUSP5,GPR37,TMC5,MLLT3,SLC45A3,XRCC4,ACER2,ACADL,CNTRL,DEPDC1,RND2,AURKB,MAPK10,HOXA6,ABCA10,PLEKHS1,HOXC9,MESP2,HBEGF,DHRS9,LPCAT2,RTKN2,DEPTOR,CNIH3,DRC3,LBR,PLEKHG2,ASPM,PPIL6,PCLAF,YOD1,ANP32E,KLLN,PCF11,TUBG1,HGD,STEAP2,SUCNR1,DPP4,THRB,PDE4D,PCED1B"
"DEG_MVL_TOR10","269","0.90569999999999995","AHR","AHR","48","1450","0.99899999999999999911182","1.00000000000000000000","0.6498000000000000","ReMap--ChIP-seq","SAMD12,STARD5,RFX5,CDCA5,PRRT3,NEBL,FLVCR2,CNPY4,NAB2,TROAP,BCL2L12,BMF,BCAS1,PARD6B,ZNF860,ZHX2,PAK4,CFAP161,TBC1D31,CD8A,GPD1,PLD1,PITPNC1,AURKB,ATOH8,ABAT,HOXB4,PRR11,SKA2,S100A14,CYP1A1,TIMP2,CEP55,MOCS1,OLFML3,BCL3,LHX4,WIPI1,ESPL1,YOD1,TPX2,PCF11,PARP2,TFF1,TUBD1,KLF10,OAS1,PCED1B"
"DEG_MVL_TOR10","270","0.90910000000000002","NME2","NME2","46","1448","0.99960000000000004405365","1.00000000000000000000","0.6227000000000000","ReMap--ChIP-seq","CDCA8,ABCA5,FOXL2NB,FERMT3,GPR37,CCSAP,COL11A1,LY75,COL17A1,FBXO48,BMF,ITGB6,ARL14,NUMBL,ZHX2,CRYBA2,SERTAD1,SLC1A1,KIF4A,TNFAIP2,TMEM220,PLA2G2F,TCIM,HOXA6,PRKCH,ST3GAL1,PLK1,REN,MYOM3,NUF2,PAX4,CEP128,LAMP3,SLCO2A1,TNS4,MTTP,SLC6A20,TPX2,KPTN,TLDC2,CDK5R2,HGD,TMEM117,THRB,PDE4D,STN1"
"DEG_MVL_TOR10","271","0.91249999999999998","GATA2","GATA2","46","1448","0.99960000000000004405365","1.00000000000000000000","0.6227000000000000","ReMap--ChIP-seq","LIPH,ZC3H12A,NCAPH,CFAP69,HEXIM1,PRRT3,BHLHE41,TCP11L2,CENPN,PPP1R15A,PBXIP1,SLC25A37,PPP1R14D,ERRFI1,THAP2,SLC45A3,CCDC9B,TMEM150A,PRDM1,IL6R,PLD1,UBE2C,ACTL10,PHTF2,PITPNC1,PSRC1,AURKB,MYC,HOXA6,JUNB,MAML3,ST3GAL1,RASSF10,TUBB4B,LBHD1,LBR,WIPI1,YOD1,TMCC2,TUBG1,CSKMT,HGD,THRB,SLC40A1,CKS1B,ARID3B"
"DEG_MVL_TOR10","272","0.91579999999999995","BCL11A","BCL11A","46","1451","0.99960000000000004405365","1.00000000000000000000","0.6214000000000000","ReMap--ChIP-seq","MDC1,PRRT2,GPR19,DUSP5,RECQL4,PSMB8,CENPM,NAB2,SLC16A3,UBALD2,ACAP1,BCL2L12,TNFRSF14,TNFRSF1B,PBXIP1,SPON2,EGR1,KIF22,PRDM1,GRK6,ACTL10,PHF19,LMNB2,MVP,TAS1R3,RSPH1,JUNB,IER3,FOSL1,TNFSF9,TK1,CDKN2D,TUBB4B,ERF,AKIRIN2,PLEKHG2,GADD45B,IZUMO4,TUBB,GP1BA,TYMP,TEDC1,CKS1B,KLF10,RGS16,CDK2AP2"
"DEG_MVL_TOR10","273","0.91920000000000002","NFATC1","NFATC1","46","1452","0.99960000000000004405365","1.00000000000000000000","0.6210000000000000","ReMap--ChIP-seq","MEF2C,SLC5A3,HEXIM1,PRRT3,MLLT11,FERMT3,DUSP5,DYNLL1,WTIP,NAB2,SLC16A3,BCL2L12,PBXIP1,ZBTB2,TMEM150A,SERTAD1,TACC3,PHF19,HMGB2,GALT,AURKB,SERPINE1,FOSL1,ARPC1B,ING1,CARD6,ADM5,STKLD1,LBHD1,ERF,FANCG,PLEKHG2,CBLN3,CBLB,SLC6A20,KLLN,PCF11,EMC9,NUCKS1,EME1,CSKMT,IL11RA,CDH24,NR4A1,CKS1B,RNF207"
"DEG_MVL_TOR10","274","0.92259999999999998","STAT5A","STAT5A","46","1452","0.99960000000000004405365","1.00000000000000000000","0.6210000000000000","ReMap--ChIP-seq","MDC1,DDX39A,HEXIM1,TUBA1B,DUSP5,UBALD2,MSH5,SOCS2,TNFRSF1B,PPP1R15A,TMPO,NUMBL,TSPAN4,IFITM10,TNFSF13,MC1R,SUV39H1,SECTM1,IL6R,PHF19,PHTF2,LMNB1,SFPQ,AURKB,AURKA,SERPINE1,JUNB,IER3,TNFSF9,ARPC1B,TK1,CCL24,CARD6,TUBB4B,VRK1,PLEKHG2,TUBB,ZDHHC11,TRIP13,ZWILCH,NUCKS1,MARK4,HSPA8,HSH2D,RGS16,ARID3B"
"DEG_MVL_TOR10","275","0.92589999999999995","IRF9","IRF9","45","1442","0.99970000000000003304024","1.00000000000000000000","0.6114000000000001","ReMap--ChIP-seq","CDCA5,PRRT3,NEBL,MLLT11,TCP11L2,CENPA,KMT5A,SLC16A3,FBXO48,TMEM120B,ATP7B,PPP1R15A,IL2RG,SLC25A37,TMPO,SECTM1,PTPRH,KIF2C,AUNIP,SAMD9L,MR1,PLD1,TNFAIP2,NAV1,PSRC1,SERPINE1,CLEC11A,KIFC1,MOCS1,GSN,BCL3,RAD9B,PLEKHG2,CKAP2L,WIPI1,HDAC11,KNL1,SLC51A,IGSF3,IZUMO4,TYMP,EMC9,NRL,THRB,SLC40A1"
"DEG_MVL_TOR10","276","0.92930000000000001","KLF3","KLF3","45","1445","0.99970000000000003304024","1.00000000000000000000","0.6101000000000000","ReMap--ChIP-seq","CCBE1,GABARAPL1,CDCA2,CDCA3,CDCA5,CDCA7,PDGFB,HEXIM1,GPR19,TUBA1B,DUSP5,CENPU,BLM,SOCS2,BMF,ERRFI1,MKX,KIF2C,TACC3,CAPS,SPINK5,PROC,HOXA6,ZNF165,RNF125,HOXB4,WDR62,HOXC9,PLCB2,OLFML3,CARD6,FGF9,ERF,APOA1,KIAA0586,RHEBL1,KLLN,GDPD1,ZWILCH,KIF18A,RNF207,USP13,ARID3B,SGPP2,ATP13A4"
"DEG_MVL_TOR10","277","0.93269999999999997","TAL1","TAL1","45","1454","0.99980000000000002202682","1.00000000000000000000","0.6062000000000000","ReMap--ChIP-seq","PDGFB,RNF215,HEXIM1,DUSP5,PTGS1,SLC16A3,TNFRSF1B,ADORA2A,PPP1R15A,PBXIP1,SLC25A37,CDC20,RASSF4,EPHA2,TMEM150A,SERTAD1,MGAT3,PCNT,PLD1,UBE2C,PHF19,LTB4R,PITPNC1,GALNT6,SERPINE1,HOXA6,JUNB,HOXB4,ST3GAL1,FOSL1,C1QTNF6,LBHD1,LTB4R2,DNMT3B,LBR,WIPI1,PI16,CBLN3,TMCC2,TUBG1,MTSS1,CSKMT,SUCNR1,SLC40A1,CKS1B"
"DEG_MVL_TOR10","278","0.93600000000000005","CREB3","CREB3","44","1441","0.99980000000000002202682","1.00000000000000000000","0.5978000000000000","ReMap--ChIP-seq","TESK1,ZFYVE28,SLC5A3,NEBL,PKN3,FADS2,KMT5A,SLC16A3,UBALD2,MSH5,BMF,TNFRSF14,PPP1R15A,SLC25A37,RASSF1,SECTM1,PTPRJ,TNFRSF12A,CD72,BUB1B,PLD1,ARHGEF39,PHF19,TNFAIP2,PSRC1,AURKB,CLEC11A,HOXB4,HMOX1,FOSL1,PHF1,PBK,KIFC1,MOCS1,CCL24,CARD6,ERF,HMMR,RAD9B,WIPI1,MTFR2,TRANK1,TYMP,THRB"
"DEG_MVL_TOR10","279","0.93940000000000001","MEF2A","MEF2A","44","1446","0.99980000000000002202682","1.00000000000000000000","0.5957000000000000","ReMap--ChIP-seq","MDC1,PDGFB,HEXIM1,PRRT2,GPR19,DUSP5,RILPL2,PSMB8,NAB2,UBALD2,BCAS1,PPP1R15A,PARD6B,ZBTB2,EGR1,KIF2C,CD72,PLAT,PRDM1,PHF19,PHTF2,LMNB1,MVP,PKD1L1,AURKB,RSPH1,SERPINE1,JUNB,IER3,FOSL1,TNFSF9,C1QTNF6,PLEKHO1,AKIRIN2,PLEKHG2,ZNF827,TUBB,NRM,HSPA8,BLNK,PDE4D,HSH2D,RGS16,ARID3B"
"DEG_MVL_TOR10","280","0.94279999999999997","LEF1","LEF1","33","1161","0.99990000000000001101341","1.00000000000000000000","0.5553000000000000","ReMap--ChIP-seq","CCBE1,NEBL,SMPD3,STUM,RILPL2,HAP1,RECQL4,CENPN,CDKN3,KMT5A,PKMYT1,SP8,IL2RG,PCDH18,SEC31B,MKX,SUV39H1,CCDC110,TNFRSF12A,CAPS,PDGFRB,SLC6A7,TUBB2A,FMO1,THOC6,FBXL20,PCLAF,DNA2,FEZF1,MYEF2,THRB,BLNK,ARID3B"
"DEG_MVL_TOR10","281","0.94610000000000005","MEF2B","MEF2B","44","1453","0.99990000000000001101341","1.00000000000000000000","0.5927000000000000","ReMap--ChIP-seq","GABARAPL1,FERMT3,CKS2,SLC16A4,UBALD2,MSH6,FBXO48,BMF,SP2,TMEM19,TNFRSF1B,ADORA2A,PPP1R15A,ZNF860,SPON2,MC1R,ID4,CD37,KIF2C,MGAT3,ANKRD40CL,ISG20,PHF19,MYBL1,EPOR,MAML3,TNFSF9,TUBB4B,DHRS9,LAMP3,USP2,RAD51AP1,AMN,RNF26,ZNF827,IZUMO4,MPHOSPH9,ALDH3B2,MARK4,NR4A1,BLNK,PDE4D,USP13,SHCBP1"
"DEG_MVL_TOR10","282","0.94950000000000001","SETDB1","SETDB1","43","1447","0.99990000000000001101341","1.00000000000000000000","0.5813000000000000","ReMap--ChIP-seq","ZNF10,CDCA7,FOXL2NB,RECQL4,ZNF699,ZNF695,SLC16A3,IGFALS,DLX2,LRRC56,PKMYT1,TNFRSF14,ZNF404,CDC45,ZNF850,CCDC78,ENTPD8,TSPAN4,SECTM1,PCSK4,KIF15,TFAP4,TACC3,PLD1,PROC,ZNF670-ZNF695,TAS1R3,MAPK15,JUNB,ZNF165,LDHD,TUBB4B,ZNF331,ZNF790,TGFBR3L,ERVMER34-1,TRANK1,TRIP13,LONRF2,CHTF18,DBP,PCDHGA1,RNF207"
"DEG_MVL_TOR10","283","0.95289999999999997","SATB1","SATB1","39","1343","0.99990000000000001101341","1.00000000000000000000","0.5677000000000000","ReMap--ChIP-seq","ACCS,SAMD12,PRRT3,CYP4F3,CENPE,NCAPD2,UBALD2,FBXO43,LRRC66,ITGB6,KIAA1328,ERRFI1,MYO7A,KIF12,CRYBA2,SERTAD1,SLC1A1,GRK6,MGAM,ACTL10,PLA2G4A,KNSTRN,ADH7,SDSL,HMOX1,LAMP3,USP2,ZNF519,MCM5,MKI67,TRANK1,TMTC2,IGFL4,ZDHHC11,DRP2,TRIP13,CDK5R2,PCDHGA6,PCDHGA1"
"DEG_MVL_TOR10","284","0.95620000000000005","GATA1","GATA1","43","1451","0.99990000000000001101341","1.00000000000000000000","0.5796000000000000","ReMap--ChIP-seq","RNF215,HEXIM1,CNPY4,SOCS2,TMEM19,ATP7B,PPP1R15A,PBXIP1,IL2RG,SLC25A37,CDC20,THAP2,DMBX1,MGAT3,AUNIP,IL6R,PLD1,UBE2C,PHTF2,LTB4R,AURKB,AURKA,GALNT6,SMC4,STMN1,JUNB,HOXB4,CARD6,LTB4R2,CCDC34,WIPI1,CBLN3,YOD1,IGSF3,TRANK1,TMCC2,PCF11,TUBG1,MTSS1,EMC9,NRL,SLC40A1,CKS1B"
"DEG_MVL_TOR10","285","0.95960000000000001","ZNF639","ZNF639","42","1442","0.99990000000000001101341","1.00000000000000000000","0.5694000000000000","ReMap--ChIP-seq","MDC1,RNF215,HEXIM1,PRRT2,FERMT3,RECQL4,FADS2,KMT5A,SLC16A3,ACAP1,MSH5,PPP1R15A,SLC25A37,CCDC78,EGR1,KIF22,KIF2C,CAMK2N2,PCNT,TACC3,ACTL10,TNFAIP2,MVP,AURKA,SERPINE1,FOSL1,REN,PHF1,KIFC1,PDF,CDKN2D,CDKN2C,TUBB4B,LBHD1,ERF,BCL3,PLEKHG2,POLR2A,TRANK1,TUBB,CSKMT,DBP"
"DEG_MVL_TOR10","286","0.96299999999999997","MEF2C","MEF2C","42","1446","0.99990000000000001101341","1.00000000000000000000","0.5678000000000000","ReMap--ChIP-seq","MDC1,PDGFB,HEXIM1,PRRT2,DUSP5,CKS2,PSMB8,NAB2,UBALD2,UST,PPP1R15A,SPON2,KIF2C,IL6R,GRK4,ALPG,PHF19,LMNB2,LMNB1,MYBL1,PKD1L1,SERPINE1,IER3,PLEKHO1,AKIRIN2,BCL3,PLEKHG2,WIPI1,IFIT3,SLC51A,GADD45B,KLLN,VAV3,PARP2,TUBB,MKRN2OS,MARK4,NR4A1,BLNK,CKAP2,RGS16,ARID3B"
"DEG_MVL_TOR10","287","0.96630000000000005","ETV6","ETV6","42","1447","0.99990000000000001101341","1.00000000000000000000","0.5674000000000000","ReMap--ChIP-seq","MDC1,FERMT3,DUSP5,UBALD2,MSH5,TNFRSF14,BCL2L15,BCAS1,TNFRSF1B,PPP1R15A,PARD6B,EGR1,TMEM150A,SERTAD1,IL6R,PHF19,AURKB,RBM42,SERPINE1,IER3,TNFSF9,ARPC1B,OLFML3,ITPRIPL1,BCL3,PLEKHG2,TNNI3,RHEBL1,NTSR1,STAG3,KLLN,IZUMO4,TUBB,GP1BA,TUBD1,NRM,KLF10,HSH2D,RGS16,ARID3B,FMNL1,ALOX5AP"
"DEG_MVL_TOR10","288","0.96970000000000001","ONECUT1","ONECUT1","42","1452","1.00000000000000000000000","1.00000000000000000000","0.5654000000000000","ReMap--ChIP-seq","ABCB4,RNF215,CFAP69,HEXIM1,LYZ,PLSCR4,CENPN,SESN3,SDCBP2,INO80B,SLCO1B3,ATP7B,CPNE8,TMPO,XRCC4,DDIAS,CSRNP1,CSRNP3,KIF12,NR5A2,PLD1,PROC,TCIM,SMC4,DEPDC1B,RNF125,PLK2,CEP55,CCDC18,LBR,APOA1,UGT1A3,TRANK1,PARP2,PROX1,MTSS1,ADH1C,HGD,SUCNR1,SLC40A1,BLNK,ERICH5"
"DEG_MVL_TOR10","289","0.97309999999999997","NR1H3","NR1H3","41","1450","1.00000000000000000000000","1.00000000000000000000","0.5523000000000000","ReMap--ChIP-seq","RFX5,FLVCR2,ARG2,LRRC49,UNG,LRRC27,BMP8B,CENPO,UST,RASSF4,KIF20B,NRN1,PCDH18,TSPAN4,SEC31B,EGR2,DDIAS,ENPP2,ACACB,MTBP,RPS6KL1,FMO1,CCL28,RTKN2,CEP128,LBR,WIPI1,PI16,IFIT5,TMTC2,SIGLEC15,GP1BA,NAALADL2,BBS12,ADH1C,CCDC28B,GAS2L3,ARHGAP19,TSGA10,HSH2D,FMNL1"
"DEG_MVL_TOR10","290","0.97640000000000005","SIX2","SIX2","41","1451","1.00000000000000000000000","1.00000000000000000000","0.5518999999999999","ReMap--ChIP-seq","IQGAP3,ABCA5,NEBL,KDM8,STUM,TMC1,HAS2,OLFML2B,SESN3,MAK,BMF,RNFT2,SPON2,ARL14,NRP2,PTPRJ,TAGLN,CAPS,ACACB,RND2,ATOH8,TCIM,HOXA6,PRKCH,HOXB4,MAML3,FREM1,HOXC9,FZD2,ARPC1B,PBK,RASSF10,DEPTOR,COL14A1,SEMA3B,MTSS1,DSCC1,CDH24,PDE11A,STN1,SGPP2"
"DEG_MVL_TOR10","291","0.97980000000000000","DUX4","DUX4","40","1441","1.00000000000000000000000","1.00000000000000000000","0.5419000000000000","ReMap--ChIP-seq","ZFYVE28,STARD5,CDCA2,SULT1B1,HAP1,CNPY4,CDKN3,NEK2,CPB1,FBXO48,NRF1,PRC1,ERRFI1,KIF24,MR1,ECT2,KLHL28,CLK1,CCNA2,CCDC192,PRKCH,HOXB4,PLK4,PLK2,PDF,CARD6,TUBB4B,SLCO2B1,HMMR,CDK1,RAD9B,HIRIP3,TOP2A,PROX1,PTTG1,SGO2,LIN9,POC1A,BUB1,KDM4D"
"DEG_MVL_TOR10","292","0.98319999999999996","MAFG","MAFG","40","1446","1.00000000000000000000000","1.00000000000000000000","0.5400000000000000","ReMap--ChIP-seq","ZFYVE28,RNF215,PPARGC1B,NEBL,SESN3,KMT5A,LIN7B,TRIM67,PPP1R15A,PARD6B,KIAA1328,CYP4B1,SLC25A37,ZBTB2,RACGAP1,PTPRJ,PRDM1,PLD1,AURKA,ARMC9,DKK3,MOCS1,RPL17,CDKN2C,CARD6,FMO5,BCL3,PLEKHG2,CCDC34,ASPM,BCO1,RHEBL1,IFIT3,KLLN,BTN3A1,BTN3A3,CDK5R2,STIL,SLC40A1,CKS1B"
"DEG_MVL_TOR10","293","0.98650000000000004","LHX2","LHX2","39","1443","1.00000000000000000000000","1.00000000000000000000","0.5272000000000000","ReMap--ChIP-seq","SLC5A3,NEBL,COL11A1,COL17A1,NREP,SPDL1,MLLT3,ERRFI1,ARL14,TSPAN4,G2E3,GEM,PLD1,ECT2,TTC28,SFPQ,VGF,GALNT6,SERPINE1,MYC,DKK1,PLK2,FOSL1,COL21A1,CCL20,CARD6,DHRS9,RTKN2,CLIP4,ASPM,IFIT5,YOD1,WDPCP,VAV3,ANXA10,DPP4,HSPA8,THRB,PCED1B"
"DEG_MVL_TOR10","294","0.98990000000000000","ZNF589","ZNF589","38","1438","1.00000000000000000000000","1.00000000000000000000","0.5152000000000000","ReMap--ChIP-seq","HEXIM1,TCP11L2,ARG2,CENPA,KMT5A,UBALD2,MSH5,TNFRSF14,TMEM120B,TNFRSF1B,PPP1R15A,TTC39A,SLC25A37,ERFE,SECTM1,PTPRH,KIF2C,CAP2,TBC1D31,MSN,PHF19,VGF,AURKA,SERPINE1,IER3,MEX3C,REN,MOCS1,ADCY7,ZNF331,BCL3,WIPI1,MTFR2,YOD1,IGSF3,TYMP,LONRF2,THRB"
"DEG_MVL_TOR10","295","0.99329999999999996","OVOL2","OVOL2","0","39","1.00000000000000000000000","1.00000000000000000000","0.0000000000000000","ReMap--ChIP-seq",""
"DEG_MVL_TOR10","296","0.99660000000000004","TET3","TET3","0","37","1.00000000000000000000000","1.00000000000000000000","0.0000000000000000","ReMap--ChIP-seq",""
"DEG_MVL_TOR10","297","1.00000000000000000","ZNF335","ZNF335","0","5","1.00000000000000000000000","1.00000000000000000000","0.0000000000000000","ReMap--ChIP-seq",""
