"TF","Term","Overlap","P.value","Adjusted.P.value","Old.P.value","Old.Adjusted.P.value","Odds.Ratio","Combined.Score","Genes"
"SUZ12","SUZ12 20075857 ChIP-Seq MESCs Mouse","170/3611","0.0000000000000000000001009279590642146","0.00000000000000000007529225746190407","0","0","2.77180181192769703","140.3852071450222922521789","PGAP1;ATP8A1;RASEF;IL1RAP;NR3C1;CLDN1;BACH2;ZDBF2;GRIP1;HOXA9;ALCAM;CCND2;TUBB3;HOXA3;ADORA1;SLC16A8;SOX8;PHLDA2;SYNPO;PCDHAC2;GAMT;ENDOG;PRKCH;UNC5B;LIMCH1;HPCAL1;EBF2;KRT7;HIC1;FRMD3;BCAN;CLDN3;HOXB9;LTB4R2;CLDN7;DOK7;HOXB4;SIDT1;HOXB3;PRKD1;HOXB8;RIN1;HOXB6;DSC2;HOXB5;KHDRBS3;COL13A1;TMEM59L;TACSTD2;DNAJC22;ILDR2;EFNA5;PCDH18;EFNB2;KLC3;COBLL1;PCDHA4;IGFBP7;RIMKLB;NTSR1;ANKRD34A;JAG1;EGR3;EGR4;NEBL;PLK2;TRAPPC5;KLHDC1;FZD9;FZD8;HMGA2;NFATC1;INHBA;L1CAM;SMAD6;BMP7;GFAP;GULP1;FOSL1;NR4A3;NBEA;SP5;MAP6D1;COL9A3;LHX4;CD200;SDK2;PHF19;HRK;SLC44A5;ACHE;SNED1;DOCK4;RASGRF1;KIF12;N4BP2L1;CXCL1;LAMC2;AREG;CALB2;PANX2;PPP3CA;SLC22A15;PMEPA1;CCIN;ABCC3;TNFRSF12A;SLC2A13;TESC;RIPK4;ITGA1;GAB1;FOXL1;RGMB;PARP8;TGFBR3;C2CD4D;VGF;ALDH1A2;CDC42EP3;PLSCR4;CDH13;FAM20A;SHANK2;CHST3;GRAMD1B;FOXC2;SLFN5;SEMA3C;SATB1;SYNPO2;NTN4;PPM1H;IER5L;NEXN;NRXN2;ALOX12B;ZDHHC21;FSTL1;NCALD;DLL4;NT5E;PDE11A;RAB20;NPW;CCDC85B;MGAT5B;SLC25A21;RHBG;NTRK2;EGLN3;KCNJ9;SMOX;SYT16;ARID3C;PCDHB10;DHRS3;MARCKS;TMEM158;TMEM54;CLCF1;CAMK4;KIF26B;COL7A1;SPRY1;NOTUM;INHA;SSBP2;MDGA1;LIMS2"
"MTF2","MTF2 20144788 ChIP-Seq MESCs Mouse","133/2488","0.0000000000000000000006479639768075168","0.00000000000000000024169056334920377","0","0","2.99599486251998659","146.1692179082369023035426","RASEF;NR3C1;BACH2;GRIP1;HOXA9;ALCAM;CCND2;TUBB3;HOXA3;ADORA1;SLC16A8;SOX8;PHLDA2;SYNPO;PCDHAC2;SEMA6B;PDGFRB;PRKCH;UNC5B;LIMCH1;HPCAL1;EBF2;HIC1;FRMD3;BCAN;CLDN3;HOXB9;LTB4R2;DOK7;HOXB4;SIDT1;HOXB3;PRKD1;HOXB8;HOXB6;HOXB5;COL13A1;TMEM59L;TACSTD2;DNAJC22;EFNA5;PCDH18;EFNB2;COBLL1;PCDHA4;IGFBP7;NTSR1;ANKRD34A;JAG1;EGR3;EGR4;NEBL;PLK2;KLHDC1;FZD9;FZD8;HMGA2;NFATC1;INHBA;SMAD6;BMP7;FOSL1;NR4A3;NBEA;GIPC2;SP5;MAP6D1;COL9A3;LHX4;SDK2;PHF19;HRK;SLC44A5;ACHE;SNED1;RASGRF1;KIF12;N4BP2L1;CXCL1;LAMC2;AREG;RND3;PANX2;PPP3CA;PMEPA1;CCIN;ABCC3;SLC2A13;TESC;RIPK4;ITGA1;GAB1;SHROOM3;FOXL1;RGMB;PARP8;TGFBR3;VGF;ALDH1A2;CDC42EP3;PLSCR4;CDH13;SHANK2;CHST3;GRAMD1B;FOXC2;SEMA3C;PTGER1;SATB1;NTN4;PPM1H;NEXN;NRXN2;NCALD;DLL4;NT5E;PDE11A;RAB20;SLC25A21;NTRK2;SYT16;ARID3C;DHRS3;MARCKS;TMEM158;TMEM54;CLCF1;CAMK4;SPRY1;NOTUM;INHA;SSBP2;MDGA1"
"NFKB1","NFKB1 27076634 ChIP-Seq BEAS2B Human Lung Inflammation","160/3823","0.0000000000000004246041730423567375060","0.00000000000010558490436319936461206","0","0","2.33548516376799187","82.6653715354876936771689","EHF;SAMD9L;MAML2;EXOC3L4;RASEF;NR3C1;CLDN1;BACH2;MYLK;ZDBF2;GRIP1;ALCAM;CCND2;LURAP1L;HOXA3;PDK4;TNFSF10;PIM3;SYNPO;PCDHAC2;TRIM22;TLE4;PDGFRB;PRKCH;UNC13A;UNC5B;ARL15;LIMCH1;HPCAL1;RFX3;ACSL5;CACNA2D4;FRMD3;LGSN;TXNIP;PRKD1;ALPK2;RIN1;HOXB6;KHDRBS3;NNMT;DNAJC22;NEDD4L;IQGAP2;EFNA5;PCDH18;LPP;RASGRP3;SOCS2;EFNB2;SOCS3;ZNF827;MAP2;CHST13;IGFBP7;KIAA0319;SLC38A4;JAG1;NEBL;PLK2;TMEM132B;FN1;FZD8;HMGA2;NFATC1;INHBA;SMAD6;BMP7;NFATC4;GULP1;NR4A3;NBEA;GJB3;GIPC2;DMXL2;COL5A2;NABP1;CCSER1;LHX4;CD200;CNTNAP3;ACHE;SNED1;DOCK4;SERPINA1;TINAGL1;CXCL8;RASGRF1;HSPB1;CXCL1;LAMC2;AREG;RND3;CTSS;SYNE1;PPP3CA;TRIM2;HORMAD2;JARID2;OXGR1;ABCC3;SRGN;SLC2A13;TESC;MYEOV;RIPK4;ITGA1;GAB1;ARAP2;SHROOM3;EMP3;FOXL1;RGMB;PARP8;TGFBR3;CDC42EP3;DPYD;NME9;ALDH1A1;NCOA7;RHOU;MYZAP;SHANK2;CHST3;CAPS2;TMEM45A;TOR4A;DDC;SEMA3C;SATB1;DNAH5;PPM1H;NRXN2;TFPI;FSTL1;NCALD;NT5E;SH3TC2;ABI3BP;MGAT5B;CCL2;NTRK2;EGLN3;SMOX;EGF;SYT16;OXR1;DHRS3;MPP7;DCBLD2;MARCKS;TMEM158;DLC1;COL7A1;SPRY1;NOTUM;SSBP2;ZNF730;LGR4;LIMS2"
"RNF2","RNF2 27304074 Chip-Seq ESCs Mouse","74/1205","0.0000000000000052976118950925658914382","0.00000000000088941453529231243761315","0","0","3.14536686266226218","103.3929905565719593596441","HRK;SAMD9L;GAL3ST1;RASGRF1;RASEF;HSPB1;NR3C1;BACH2;ZDBF2;GRIP1;ALCAM;CCND2;TRIM2;AKT3;ADORA1;SOX8;PHLDA2;PCDHAC2;PRKCH;UNC5B;LIMCH1;TESC;EBF2;SHROOM3;FOXL1;HIC1;PARP8;BCAN;LTB4R2;C2CD4D;VGF;CDC42EP3;HOXB3;RBM20;RHOU;CHST3;FOXC2;SLFN5;COL13A1;SATB1;TACSTD2;NTN4;PPM1H;DNAJC22;ILDR2;NRXN2;EFNA5;PCDH18;NCALD;STK31;EFNB2;DLL4;SOCS3;ANKRD34A;NTRK2;EGLN3;JAG1;EGR3;KCNJ9;FZD9;FZD8;HMGA2;NFATC1;BMP7;MARCKS;TMEM158;NR4A3;NBEA;CAMK4;KIF26B;NOTUM;LHX4;SSBP2;SDK2"
"ZNF217","ZNF217 24962896 ChIP-Seq MCF-7 Human","77/1289","0.0000000000000059612234268921748193803","0.00000000000088941453529231243761315","0","0","3.06471903769324294","100.3802770297167938906568","EHF;DOCK4;MAML2;RASEF;HSPB1;MSI2;NR3C1;AREG;RND3;MYLK;SYNE1;PPP3CA;GRIP1;ALCAM;SLC22A15;PSD3;JARID2;TLE4;ABCC3;PRKCH;LIMCH1;MYEOV;ARAP2;KRT7;SHROOM3;FOXL1;CDYL2;CLDN4;CDC42EP3;SIDT1;NCOA7;RAPGEF5;SHANK2;DDC;KRT80;SEMA3C;SATB1;DNAH5;NTN4;PPM1H;IQGAP2;EFNA5;TFPI;HIF1A;LPP;NCALD;SOCS2;EFNB2;LIMA1;MAP2;COBLL1;TP53INP1;FLNB;SLC25A21;SRGAP3;SLC38A4;PAK4;NTRK2;TM4SF18;EGLN3;JAG1;NEBL;PLK2;FN1;HMGA2;OXR1;MPP7;GULP1;MARCKS;KITLG;IL6;NR4A3;NBEA;DLC1;DMXL2;COL5A2;SSBP2"
"SUZ12","SUZ12 18555785 ChIP-Seq MESCs Mouse","60/866","0.0000000000000154053021861294406378097","0.00000000000191539257180876047367063","0","0","3.51338512791344515","111.7399277377826791735060","SLC44A5;ACHE;SNED1;RASGRF1;RASEF;KIF12;BACH2;PANX2;HOXA9;HOXA3;ADORA1;PHLDA2;PCDHAC2;PRKCH;UNC5B;SLC2A13;TESC;HPCAL1;GAB1;FOXL1;HIC1;PARP8;FRMD3;TGFBR3;BCAN;LTB4R2;HOXB4;SIDT1;HOXB3;CDH13;HOXB6;COL13A1;SATB1;TMEM59L;TACSTD2;PPM1H;NEXN;NRXN2;EFNA5;PCDH18;EFNB2;DLL4;RAB20;SLC25A21;NTSR1;EGLN3;EGR3;PLK2;HMGA2;NFATC1;SMAD6;DHRS3;TMEM158;NR4A3;TMEM54;CLCF1;CAMK4;COL9A3;SSBP2;MDGA1"
"RNF2","RNF2 18974828 ChIP-Seq MESCs Mouse","67/1066","0.0000000000000418301631821590514708283","0.00000000000390066271673633120255594","0","0","3.18895305561972231","98.2362049919535849085150","HRK;RASGRF1;BACH2;PANX2;GRIP1;HOXA9;CCND2;HOXA3;ADORA1;SOX8;PCDHAC2;PRKCH;UNC5B;TESC;RIPK4;EBF2;FOXL1;PRAP1;HIC1;PARP8;TGFBR3;BCAN;CLDN3;HOXB9;VGF;ALDH1A2;HOXB4;SIDT1;HOXB3;HOXB8;HOXB6;HOXB5;GRAMD1B;FOXC2;COL13A1;TACSTD2;NTN4;PPM1H;NEXN;NRXN2;EFNA5;PCDH18;NCALD;EFNB2;DLL4;NT5E;RAB20;GPC3;NTRK2;EGLN3;JAG1;EGR3;EGR4;NEBL;KLHDC1;FZD8;HMGA2;NFATC1;SMAD6;BMP7;DHRS3;CLCF1;CAMK4;SP5;SSBP2;MDGA1;SDK2"
"EZH2","EZH2 18974828 ChIP-Seq MESCs Mouse","67/1066","0.0000000000000418301631821590514708283","0.00000000000390066271673633120255594","0","0","3.18895305561972231","98.2362049919535849085150","HRK;RASGRF1;BACH2;PANX2;GRIP1;HOXA9;CCND2;HOXA3;ADORA1;SOX8;PCDHAC2;PRKCH;UNC5B;TESC;RIPK4;EBF2;FOXL1;PRAP1;HIC1;PARP8;TGFBR3;BCAN;CLDN3;HOXB9;VGF;ALDH1A2;HOXB4;SIDT1;HOXB3;HOXB8;HOXB6;HOXB5;GRAMD1B;FOXC2;COL13A1;TACSTD2;NTN4;PPM1H;NEXN;NRXN2;EFNA5;PCDH18;NCALD;EFNB2;DLL4;NT5E;RAB20;GPC3;NTRK2;EGLN3;JAG1;EGR3;EGR4;NEBL;KLHDC1;FZD8;HMGA2;NFATC1;SMAD6;BMP7;DHRS3;CLCF1;CAMK4;SP5;SSBP2;MDGA1;SDK2"
"SOX2","SOX2 20726797 ChIP-Seq SW620 Human","97/1931","0.0000000000000573176660265544018103818","0.00000000000475099765064550915976447","0","0","2.60174027626317717","79.3274968436093388390873","EHF;ANKRD37;RASEF;MSI2;NR3C1;CLDN1;MYLK;PDK4;TNFSF10;PDK3;SOX8;TLE4;PRKCH;ACSL5;KRT7;CACNA2D4;CLDN4;CLDN3;HOXB9;CLDN7;MALL;HOXB3;EPHA1;DSC2;NNMT;TACSTD2;IQGAP2;PLAC8;SOCS2;COBLL1;CHST13;JAG1;EGR3;NEBL;PLK2;KLRC4;FN1;HMGA2;L1CAM;SMAD6;BMP7;GULP1;MLLT11;SMTN;GJB3;GIPC2;SP5;COL9A3;CD24;DOCK4;SERPINA1;CXCL1;SLC2A3;AREG;RND3;CTSS;CALB2;PPP3CA;SLC22A15;ABCC3;TNFRSF12A;TESC;MYEOV;GAB1;EMP3;TGFBR3;DPYD;ALDH1A1;CDH13;RBM20;RHOU;RAPGEF5;SHANK2;TMEM45A;SLFN5;SEMA3C;SATB1;NTN4;IER5L;TFPI;CYP3A5;LIMA1;NT5E;NPW;SERTAD1;SH3TC2;HSD17B2;STYK1;DHRS3;DCBLD2;TMEM154;KITLG;TMEM54;NOTUM;SSBP2;LGR4;LIMS2"
"JARID2","JARID2 20064375 ChIP-Seq MESCs Mouse","62/951","0.0000000000000836671736484543635551409","0.00000000000624157115417469481186979","0","0","3.29355412851874529","99.1752703314413253110615","HRK;SLC44A5;GAL3ST1;RASGRF1;RASEF;HOXA9;HOXA3;ADORA1;PCDHAC2;UNC5B;SLC2A13;TESC;RIPK4;EBF2;FOXL1;HIC1;PARP8;TGFBR3;BCAN;HOXB9;LTB4R2;ALDH1A2;HOXB4;SIDT1;HOXB3;CDH13;PRKD1;HOXB8;HOXB6;HOXB5;FOXC2;SATB1;TMEM59L;TACSTD2;NTN4;PPM1H;DNAJC22;NEXN;NRXN2;EFNA5;DLL4;NT5E;COBLL1;PCDHA4;SLC25A21;NTRK2;JAG1;EGR3;EGR4;FZD9;HMGA2;NFATC1;BMP7;NR4A3;TMEM54;NBEA;CAMK4;SP5;LHX4;SSBP2;MDGA1;SDK2"
"NR3C1","NR3C1 27076634 ChIP-Seq BEAS2B Human Lung Inflammation","131/3084","0.0000000000002495197771675146153013042","0.00000000001692197761517871818050427","0","0","2.25754613692221096","65.5122691301798738550133","EHF;MIDN;EXOC3L4;RASEF;HSF2BP;IL1RAP;IFI44L;MYLK;GRIP1;ALCAM;LURAP1L;TNFSF10;PIM3;SYNPO;TRIM22;GAMT;TLE4;PRKCH;UNC13A;UNC5B;ARL15;LIMCH1;HPCAL1;EBF2;KRT7;FRMD3;BCAN;CLDN7;DOK7;TXNIP;ALPK2;NNMT;TACSTD2;NEDD4L;BAZ2B;IQGAP2;EFNA5;HIF1A;LPP;STK31;EFNB2;SOCS3;MAP2;SLC38A4;JAG1;EGR3;NEBL;PLK2;CCDC14;FN1;HMGA1;HMGA2;NFATC1;INHBA;NFATC4;IL6;NABP1;SDK2;CNTNAP3;DOCK4;SERPINA1;TINAGL1;CXCL8;HSPB1;CXCL1;AREG;CXCL2;RND3;CTSS;NAT16;FHAD1;TRIM2;PSD3;PMEPA1;CA9;HORMAD2;JARID2;ABCC3;KDM6B;SRGN;MYEOV;ITGA1;GAB1;ARAP2;SHROOM3;FOXL1;RGMB;CDYL2;TGFBR3;ALDH1A2;CDC42EP3;DPYD;ALDH1A1;NCOA7;RHOU;RAPGEF5;SHANK2;CHST3;TMEM45A;FOXC2;KRT80;C1S;SEMA3C;DNAH5;PPM1H;TFPI;FSTL1;ZNF69;LIMA1;NT5E;SH3TC2;CCDC85B;ABI3BP;MGAT5B;CCL2;FLNB;NTRK2;EGLN3;MPP7;DCBLD2;MARCKS;KITLG;TMEM158;DLC1;KIF26B;COL7A1;SPRY1;NOTUM;SSBP2;MDGA1;LGR4"
"EZH2","EZH2 27294783 Chip-Seq ESCs Mouse","85/1649","0.0000000000007510599557689746905075472","0.00000000004669089391697125635879760","0","0","2.62666549789621318","73.3293848326356538791515","HRK;SNED1;TINAGL1;GAL3ST1;HSPB1;N4BP2L1;IL1RAP;BACH2;CALB2;PANX2;GRIP1;HOXA9;ALCAM;CCND2;ADORA1;SLC16A8;SOX8;SYNPO;SEMA6B;ABCC3;UNC5B;SLC2A13;HPCAL1;GAB1;EBF2;FOXL1;RGMB;HIC1;PARP8;HOXB9;C2CD4D;VGF;CLDN7;DOK7;HOXB4;SIDT1;HOXB3;PRKD1;FAM20A;HOXB8;HOXB6;HOXB5;CHST3;FOXC2;SLFN5;COL13A1;SATB1;TMEM59L;TACSTD2;NTN4;PPM1H;DNAJC22;NEXN;EFNA5;EFNB2;DLL4;KLC3;RHBG;RIMKLB;ANKRD34A;NTRK2;EGLN3;EGR3;NEBL;KCNJ9;SMOX;CCDC14;STYK1;FZD9;NFATC1;INHBA;BMP7;GFAP;COL3A1;MARCKS;NR4A3;TMEM54;CAMK4;KIF26B;SP5;MAP6D1;LHX4;MDGA1;LIMS2;PHF19"
"SUZ12","SUZ12 18974828 ChIP-Seq MESCs Mouse","81/1564","0.0000000000022934702182580204424913763","0.00000000013160990637080638825710627","0","0","2.62345590450639099","70.3111238149345894044018","HRK;SLC44A5;ACHE;RASGRF1;RASEF;CLDN1;LIPA;BACH2;HOXA9;ALCAM;CCND2;HOXA3;ADORA1;PHLDA2;PCDHAC2;PRKCH;UNC5B;SLC2A13;TESC;RIPK4;GAB1;EBF2;FOXL1;RGMB;HIC1;PARP8;FRMD3;TGFBR3;BCAN;CLDN3;HOXB9;ALDH1A2;CDC42EP3;HOXB4;SIDT1;HOXB3;CDH13;HOXB8;HOXB6;HOXB5;CHST3;GRAMD1B;FOXC2;COL13A1;SATB1;TACSTD2;NTN4;PPM1H;NEXN;EFNA5;PCDH18;NCALD;EFNB2;DLL4;NT5E;RAB20;COBLL1;GPC3;IGFBP7;SLC25A21;NTSR1;NTRK2;EGR3;EGR4;NEBL;SYT16;FZD8;HMGA2;NFATC1;SMAD6;BMP7;DHRS3;GULP1;FOSL1;NR4A3;TMEM54;CLCF1;CAMK4;SP5;MDGA1;SDK2"
"SUZ12","SUZ12 27294783 Chip-Seq ESCs Mouse","84/1657","0.0000000000025630452236126268063186389","0.00000000013657369548678709893314261","0","0","2.57270392293546069","68.6650175414642376381380","HRK;SLC44A5;SNED1;DOCK4;TINAGL1;KIF12;LAMC2;NR3C1;BACH2;ZDBF2;GRIP1;ALCAM;CCND2;AKT3;HOXA3;ADORA1;SLC16A8;SOX8;SYNPO;PCDHAC2;GAMT;SEMA6B;PRKCH;UNC5B;HPCAL1;GAB1;EBF2;RGMB;HIC1;BCAN;HOXB9;VGF;CLDN7;CDC42EP3;HOXB4;SIDT1;HOXB3;PRKD1;HOXB8;HOXB6;HOXB5;CHST3;FOXC2;SLFN5;TPH1;PTGER1;SATB1;TMEM59L;TACSTD2;NTN4;PPM1H;DNAJC22;ILDR2;ALOX12B;EFNA5;SOCS2;DLL4;KLC3;RAB20;NPW;MGAT5B;JAG1;EGR3;KCNJ9;FZD9;NFATC1;INHBA;BMP7;NFATC4;GFAP;GULP1;FOSL1;TMEM158;NR4A3;CLCF1;SP5;NOTUM;LHX4;INHA;SSBP2;MDGA1;LIMS2;CD200;SDK2"
"TCF3","TCF3 18347094 ChIP-ChIP MESCs Mouse","81/1613","0.0000000000110705015793726316465053357","0.00000000055057294521413212125920302","0","0","2.53265617187933989","63.8906513125125528063109","RTP4;EHF;MIDN;ATP8A1;HSPB1;KLHDC7A;LAMC2;SLC2A3;NUDT3;CDC20;HOXA9;ALCAM;CCND2;TMSB4X;TRIM2;HOXA3;PDK4;HORMAD2;JARID2;PDGFRB;TNFRSF12A;UNC5B;ITGA1;RFX3;TMC8;EBF2;SHROOM3;RHOF;RGMB;PRAP1;TGFBR3;CLDN4;MTNR1A;CLDN3;CLDN7;CDC42EP3;HOXB4;HOXB3;CDH13;RHOU;HOXB8;RAPGEF5;EPHA1;HOXB6;DDC;COL13A1;SATB1;IER5L;NRXN2;BAZ2B;TFPI;FSTL1;LPP;RHOBTB2;SOCS2;SLC25A27;DLL4;SOCS3;LIMA1;NT5E;MGAT5B;GCNT2;SLC25A21;SRGAP3;TBL1X;SLC38A4;EGLN3;JAG1;FN1;FZD8;HMGA2;DHRS3;MLLT11;MARCKS;XKR9;NR4A3;GJB3;DLC1;TCEA3;SPRY1;LHX4"
"SUZ12","SUZ12 18692474 ChIP-Seq MESCs Mouse","78/1531","0.0000000000142724700749443152686677640","0.00000000066545391724427870626787981","0","0","2.56229037547645033","63.9872796592046881869464","HRK;SLC44A5;ACHE;RASGRF1;RASEF;AREG;BACH2;GRIP1;HOXA9;ALCAM;CCND2;TRIM2;HOXA3;ADORA1;SOX8;PHLDA2;PCDHAC2;PRKCH;UNC5B;SLC2A13;TESC;RIPK4;ITGA1;GAB1;EBF2;FOXL1;HIC1;PARP8;FRMD3;TGFBR3;BCAN;HOXB9;VGF;ALDH1A2;CDC42EP3;HOXB4;SIDT1;HOXB3;CDH13;HOXB8;HOXB6;HOXB5;GRAMD1B;FOXC2;COL13A1;SEMA3C;SATB1;TACSTD2;NTN4;PPM1H;NRXN2;EFNA5;PCDH18;EFNB2;DLL4;NT5E;RAB20;COBLL1;SLC25A21;NTSR1;NTRK2;EGR3;EGR4;NEBL;HMGA2;NFATC1;SMAD6;BMP7;FOSL1;TMEM158;NR4A3;CAMK4;SP5;MAP6D1;LHX4;MDGA1;SDK2;PHF19"
"WT1","WT1 25993318 ChIP-Seq PODOCYTE Human","120/2909","0.0000000000272121502418270721134588979","0.00000000119413318120017619406114709","0","0","2.13905199847216654","52.0374827684041747488664","MIDN;ATP8A1;EXOC3L4;KLHDC7A;IL1RAP;MSI2;NR3C1;BACH2;MYLK;HOXA9;ALCAM;CCND2;AKT3;HOXA3;ADORA1;TNFSF10;PDK3;PIM3;SOX8;SYNPO;TLE4;ARRDC4;PDGFRB;UNC5B;ARL15;HPCAL1;RFX3;EBF2;HIC1;HOXB9;HOXB8;HOXB5;PLA1A;KHDRBS3;COL13A1;CFI;DNAJC22;NEDD4L;ILDR2;BAZ2B;EFNA5;LPP;PLAC8;EFNB2;SOCS3;KLC3;COBLL1;MAP7;IGFBP7;SRGAP3;NTSR1;JAG1;EGR3;NEBL;PLK2;HMGA2;NFATC1;SMAD6;BMP7;NFATC4;GULP1;SMTN;REEP4;DMXL2;SP5;SPINK13;SDK2;SLC44A5;SNED1;GRIK5;WFDC1;LAMC2;SYNE1;FHAD1;PPP3CA;SLC22A15;TMSB4X;TRIM2;PSD3;PMEPA1;JARID2;OXGR1;ABCC3;GAB1;SHROOM3;FOXL1;RGMB;PARP8;TGFBR3;TMEM37;DPYD;NCOA7;MYZAP;FAM20A;RAPGEF5;GRAMD1B;DDC;PTGER1;DNAH5;PPM1H;NRXN2;ALOX12B;NCALD;LIMA1;PDE11A;SERTAD1;MGAT5B;GCNT2;FLNB;RHBG;NTRK2;CENPW;SYT16;LCA5;DCBLD2;GFI1B;TMEM54;KIF26B;PI15;SPRY1"
"RING1B","RING1B 27294783 Chip-Seq ESCs Mouse","81/1651","0.0000000000354874696384624943527666681","0.00000000147075846390516802184191207","0","0","2.46614209242444771","59.3399200203130874342605","HRK;PGAP1;RASGRF1;LAMC2;NR3C1;ZDBF2;PANX2;GRIP1;HOXA9;ALCAM;CCND2;ADORA1;PIM3;SEMA6B;LRRC46;UNC5B;ITGA1;HPCAL1;GAB1;TMC8;EBF2;EMP3;FOXL1;RHOF;RGMB;HIC1;KLF16;PARP8;BCAN;CLDN3;HOXB9;VGF;CLDN7;HOXB4;HOXB3;PRKD1;FAM20A;HOXB8;HOXB6;HOXB5;CHST3;FOXC2;TPH1;KHDRBS3;COL13A1;SATB1;TMEM59L;TACSTD2;NTN4;PPM1H;DNAJC22;ILDR2;IQGAP2;SOCS2;SOCS3;NT5E;RIMKLB;ANKRD34A;EGLN3;JAG1;EGR3;KCNJ9;FN1;FZD8;HMGA2;NFATC1;INHBA;SMAD6;BMP7;NFATC4;GFAP;MARCKS;SMTN;NR4A3;KIF26B;SP5;SPRY1;LHX4;SSBP2;MDGA1;SDK2"
"JARID2","JARID2 20075857 ChIP-Seq MESCs Mouse","57/1055","0.0000000013920566634566422572164545509","0.00000005465654057571870220239823699","0","0","2.64795841683366717","53.9984485076197060493541","HRK;TINAGL1;RASGRF1;RASEF;HOXA9;CCND2;HOXA3;ADORA1;SOX8;PCDHAC2;PRKCH;UNC5B;TESC;ITGA1;EBF2;FOXL1;RGMB;HIC1;PARP8;TGFBR3;BCAN;CLDN3;C2CD4D;ALDH1A2;HOXB4;SIDT1;HOXB3;CDH13;HOXB8;HOXB6;HOXB5;GRAMD1B;FOXC2;TMEM59L;PPM1H;DNAJC22;EFNA5;DLL4;NT5E;SLC25A21;NTRK2;EGLN3;EGR3;EGR4;PLK2;FZD9;FZD8;HMGA2;NFATC1;SMAD6;BMP7;NR4A3;KIF26B;SP5;LHX4;MDGA1;SDK2"
"AR","AR 22383394 ChIP-Seq PROSTATE CANCER Human","73/1540","0.0000000017877407891112615109099407066","0.00000006668273143385006968046163590","0","0","2.34241507611906385","47.1816579746306246079257","EHF;MAML2;ATP8A1;CXCL1;IL1RAP;NR3C1;CLDN1;AREG;RND3;MYLK;SLC22A15;TRIM2;ANKRD31;PDK4;TNFSF10;TLE4;SLC2A13;MYH15;GAB1;ARAP2;RFX3;EBF2;SHROOM3;RGMB;CDYL2;PARP8;TGFBR3;CDC42EP3;DPYD;ALDH1A1;SIDT1;CDH13;RBM20;RHOU;PRKD1;RAPGEF5;EPHA1;TLR3;TMEM45A;DDC;NNMT;DNAH5;PPM1H;NEDD4L;IQGAP2;EFNA5;TFPI;HIF1A;PCDH18;LPP;NCALD;STK31;SH3BGRL;PDE11A;SH3TC2;COBLL1;FLNB;IGFBP7;SRGAP3;SLC38A4;NIPSNAP3B;TM4SF18;JAG1;NEBL;FN1;FZD8;NFATC1;KITLG;XKR9;NBEA;GIPC2;DMXL2;LGR4"
"SUZ12","SUZ12 18692474 ChIP-Seq MEFs Mouse","54/1019","0.0000000076966447423080403199069905273","0.00000027338187720784987753836208120","0","0","2.57964746268272949","48.1942156132205354879261","HRK;ACHE;RASGRF1;AREG;BACH2;HOXA9;ALCAM;CCND2;HOXA3;ADORA1;SOX8;PHLDA2;PRKCH;TESC;GAB1;EBF2;FOXL1;HIC1;PARP8;TGFBR3;BCAN;HOXB9;ALDH1A2;HOXB4;HOXB3;CDH13;HOXB8;HOXB6;HOXB5;FOXC2;COL13A1;SEMA3C;SATB1;TACSTD2;NTN4;NRXN2;EFNA5;EFNB2;DLL4;NT5E;RAB20;NTSR1;NTRK2;EGR3;EGR4;HMGA2;NFATC1;SMAD6;BMP7;FOSL1;NR4A3;CAMK4;SP5;LHX4"
"CJUN","CJUN 26792858 Chip-Seq BT549 Human","72/1564","0.0000000080622001321349830369284654007","0.00000027338187720784987753836208120","0","0","2.26258138644197615","42.1656462500127204862110","CNTNAP3;EHF;MIDN;SERPINA1;CXCL1;LAMC2;NR3C1;CXCL2;RND3;BACH2;GRIP1;TUBB3;TRIM2;TNFSF10;PMEPA1;SEMA6B;TNFRSF12A;RIPK4;GAB1;EMP3;RGMB;TGFBR3;DPYD;PLSCR4;MALL;ALDH1A1;TMEM217;TXNIP;NCOA7;ALPK2;TLR3;CHST3;TMEM45A;SLFN5;DDC;KRT80;NNMT;COL13A1;SEMA3C;DNAH5;NTN4;NEXN;BAZ2B;FSTL1;PCDH18;CLCN1;RASGRP3;SOCS3;NT5E;MAP2;ABI3BP;FLNB;IGFBP7;SRGAP3;NTSR1;HES4;TM4SF18;EGLN3;JAG1;SMOX;FN1;HMGA1;LCA5;INHBA;DCBLD2;SMTN;IL6;TMEM158;NR4A3;CLCF1;COL5A2;PI15"
"CEBPD","CEBPD 21427703 ChIP-Seq 3T3-L1 Mouse","64/1349","0.0000000202601209852693356691198526328","0.00000065713261978308363371153707003","0","0","2.31386223898773258","40.9891703193137360017317","SNED1;SAMD9L;DOCK4;PGAP1;CDKN1B;CXCL1;IL1RAP;NR3C1;RND3;MYLK;SYNE1;PPP3CA;CCND2;AKT3;PSD3;PDK4;JARID2;KDM6B;EBF2;RHOF;RGMB;HIC1;TGFBR3;CDC42EP3;TXNIP;CDH13;RBM20;FAM20A;KRT80;SEMA3C;IER5L;EFNA5;HIF1A;FSTL1;PCDH18;LPP;PLAC8;EFNB2;SOCS3;LIMA1;NT5E;SERTAD1;COBLL1;CCL2;SLC38A4;BTBD19;JAG1;PLK2;TRAPPC5;FN1;INHBA;SMAD6;OXR1;DCBLD2;IGSF10;COL3A1;MARCKS;IL6;COL1A2;NBEA;KIF26B;GIPC2;COL5A2;SPINK13"
"KDM2B","KDM2B 26808549 Chip-Seq SUP-B15 Human","74/1666","0.0000000216722706499055970417980148323","0.00000067364641270123232707437571642","0","0","2.17860516682629868","38.4463513464861890156499","HRK;SNED1;MIDN;CDKN1B;RASGRF1;HSPB1;MSI2;NR3C1;BACH2;PPP3CA;ALCAM;CCND2;TUBB3;TRIM2;AKT3;TNFAIP8L1;PMEPA1;PIM3;JARID2;KDM6B;SUN2;TESC;MYEOV;TMC8;EMP3;RHOF;RGMB;HIC1;KLF16;TGFBR3;HOXB9;TUBB2A;VGF;DPYD;HOXB8;CHST3;KHDRBS3;SATB1;TMEM59L;DNAJC22;IER5L;NRXN2;EFNA5;SOCS2;EFNB2;DLL4;SOCS3;RAB20;SERTAD1;CCDC85B;RAB26;MGAT5B;CHST13;SFN;NTSR1;EGR3;KLHDC1;HMGA1;FZD8;HMGA2;NFATC1;SMAD6;DHRS3;FOSL1;NR4A3;TMEM54;CLCF1;KIF26B;PAEP;SPRY1;NOTUM;LHX4;MDGA1;SDK2"
"NFE2L2","NFE2L2 20460467 ChIP-Seq MEFs Mouse","47/870","0.0000000439925381586006730644151398440","0.00000126168384441920907304611563365","0","0","2.60747414278517020","44.1686454340745342506125","RTP4;EHF;ECM1;DDC;PGAP1;KHDRBS3;MAML2;SRXN1;SYNPO2;PPM1H;LAMC2;EFNA5;TFPI;AREG;LPP;RND3;CLCN1;SYNE1;RASGRP3;EFNB2;SOCS3;TUBB3;AKT3;IGFBP7;ENPP5;ARRDC4;GSTM2;EGLN3;JAG1;UNC5B;STYK1;FN1;ARAP2;RGMB;OXR1;CLDN4;MARCKS;CLDN3;COL1A2;KIF26B;GIPC2;CDC42EP3;DPYD;ALDH1A1;PI15;NCOA7;RHOU"
"NRF2","NRF2 20460467 ChIP-Seq MEFs Mouse","47/870","0.0000000439925381586006730644151398440","0.00000126168384441920907304611563365","0","0","2.60747414278517020","44.1686454340745342506125","RTP4;EHF;ECM1;DDC;PGAP1;KHDRBS3;MAML2;SRXN1;SYNPO2;PPM1H;LAMC2;EFNA5;TFPI;AREG;LPP;RND3;CLCN1;SYNE1;RASGRP3;EFNB2;SOCS3;TUBB3;AKT3;IGFBP7;ENPP5;ARRDC4;GSTM2;EGLN3;JAG1;UNC5B;STYK1;FN1;ARAP2;RGMB;OXR1;CLDN4;MARCKS;CLDN3;COL1A2;KIF26B;GIPC2;CDC42EP3;DPYD;ALDH1A1;PI15;NCOA7;RHOU"
"RING1B","RING1B 27294783 Chip-Seq NPCs Mouse","72/1632","0.0000000456641605888989841018481296610","0.00000126168384441920907304611563365","0","0","2.15580419580419580","36.4372992089904030876824","HRK;SNED1;DOCK4;MAML2;RASGRF1;HSPB1;HSF2BP;MSI2;NR3C1;RND3;ZDBF2;ALCAM;CCND2;AKT3;ADORA1;PIM3;KDM6B;UNC5B;TESC;EBF2;EMP3;FOXL1;KLF16;PARP8;BCAN;HOXB9;VGF;ALDH1A2;HOXB4;HOXB3;HOXB8;RAPGEF5;HOXB6;HOXB5;CHST3;SLFN5;SATB1;TMEM59L;NTN4;PPM1H;DNAJC22;IER5L;ILDR2;EFNA5;FSTL1;SOCS2;DLL4;SOCS3;RAB20;GCNT2;CCL2;NTSR1;ANKRD34A;BTBD19;JAG1;EGR3;HMGA1;FZD8;HMGA2;NFATC1;INHBA;SMAD6;BMP7;MARCKS;NR4A3;TMEM54;KIF26B;SP5;SPRY1;LHX4;MDGA1;SDK2"
"SMAD3","SMAD3 22036565 ChIP-Seq ESCs Mouse","46/844","0.0000000476674124150485048470619268545","0.00000126999605934379237057673360523","0","0","2.62904828982431749","44.3231720477276596170668","DDC;PGAP1;MAML2;COL13A1;ATP8A1;SATB1;KLHDC7A;BAZ2B;MSI2;SYNE1;SOCS3;LIMA1;TRIM2;MGAT5B;GCNT2;GPC3;REPS2;PMEPA1;SRGAP3;JARID2;NTRK2;BTBD19;PRKCH;UNC5B;ARL15;HPCAL1;FN1;RFX3;ACSL5;CACNA2D4;RHOF;CDYL2;NFATC4;CLDN4;DLC1;ALDH1A2;GIPC2;CDC42EP3;DPYD;MALL;TCEA3;HOXB3;TXNIP;CDH13;RAPGEF5;LGR4"
"FOXM1","FOXM1 26100407 CHIP-SEQ Hek293 Flp-In Human","70/1577","0.0000000571989319721730350833615403802","0.00000147139321556003728484523975645","0","0","2.16478140769432592","36.1014763668457803191814","HRK;SLC44A5;SNED1;MIDN;PGAP1;CDKN1B;MAML2;RASEF;HSPB1;SLC2A3;MSI2;NR3C1;ZDBF2;GRIP1;AKT3;TNFAIP8L1;ZNF524;JARID2;ARRDC4;KDM6B;SRGN;UNC5B;ARL15;GAB1;EBF2;EMP3;RGMB;CDYL2;CLDN4;TUBB2A;TXNIP;NCOA7;RHOU;PRKD1;CHST3;SEMA3C;CCDC146;PPM1H;NEDD4L;TMEM160;EFNA5;TFPI;PCDH18;SOCS2;EFNB2;SOCS3;PDE11A;SERTAD1;MGAT5B;COBLL1;GCNT2;GPC3;POC1A;SRGAP3;PAK4;HES4;BTBD19;TMEM132B;FN1;LCA5;FZD8;HMGA2;NFATC4;DCBLD2;MARCKS;NR4A3;UBE2S;DLC1;SPRY1;SSBP2"
"FOXM1","FOXM1 26456572 ChIP-Seq MCF-7 Human","70/1595","0.0000000888427299318516037280053895993","0.00000220922255097204295771085719169","0","0","2.13709492947007229","34.6987240732217543381921","SNED1;EHF;DOCK4;MAML2;ATP8A1;RASEF;HSPB1;HSF2BP;MSI2;NR3C1;CLDN1;AREG;CDC20;FHAD1;ALCAM;HMGN5;SLC22A15;AKT3;TNFSF10;PMEPA1;JARID2;TLE4;PRKCH;LIMCH1;SPINK6;RIPK4;GAB1;KRT7;SHROOM3;RGMB;PARP8;FRMD3;HSH2D;CDC42EP3;MALL;SIDT1;NCOA7;PRKD1;KRT80;SEMA3C;SATB1;DNAH5;NTN4;PPM1H;PLA2G3;EFNA5;TFPI;RASGRP3;SOCS2;STK31;NWD1;MAP2;GCNT2;MAP7;NTSR1;NIPSNAP3B;TM4SF18;EGLN3;EGR3;HMGA2;MPP7;NFATC4;IGSF10;MARCKS;KITLG;NBEA;REEP4;DMXL2;COL5A2;SSBP2"
"EP300","EP300 20729851 ChIP-Seq FORBRAIN MIDBRAIN LIMB HEART Mouse","61/1313","0.0000000956389387413238313935336760638","0.00000230150478390411533934382590227","0","0","2.25044171749443311","36.3731823703869991959436","MIDN;TINAGL1;LAMC2;MSI2;RND3;BACH2;HOXA9;ALCAM;CCND2;TUBB3;AKT3;PSD3;CCIN;JARID2;PDGFRB;UNC13A;UNC5B;RFX3;EBF2;SHROOM3;RHOF;RGMB;TGFBR3;CDH13;RBM20;NCOA7;GRAMD1B;FOXC2;DDC;PTGER1;IER5L;NEDD4L;NRXN2;BAZ2B;IQGAP2;EFNA5;LPP;NCALD;RHOBTB2;EFNB2;KLC3;NWD1;SERTAD1;GCNT2;TBL1X;JAG1;ANKRD24;SMOX;FN1;FZD9;FZD8;NFATC1;SMAD6;BMP7;DHRS3;GULP1;NR4A3;DLC1;KIF26B;COL5A2;INHA"
"RNF2","RNF2 27304074 Chip-Seq NSC Mouse","43/782","0.0000001050995769333972523647936043664","0.00000245013388725982338785160802308","0","0","2.64285854366456840","42.4663961247042962554588","FOXC2;MIDN;SAMD9L;SATB1;RASGRF1;PPM1H;IER5L;SLC2A3;ZDBF2;SOCS2;STK31;EFNB2;DLL4;ALCAM;CCND2;TRIM2;GPC3;RIMKLB;PCDHAC2;CCDC73;TLE4;JAG1;RIPK4;FZD8;EBF2;DHRS3;PARP8;FRMD3;HOXB9;DLC1;KIF26B;ALDH1A2;HOXB4;HOXB3;SP5;SPINK13;RBM20;LHX4;FAM20A;HOXB8;MDGA1;HOXB6;HOXB5"
"NR3C1","NR3C1 34362910 ChIP-Seq WistarRat Hippocampus Stress","40/709","0.0000001535489510404885735548886340970","0.00000347113689321831723409413419934","0","0","2.70621171224455415","42.4584224220735038102248","DDC;TINAGL1;PPM1H;NEDD4L;NRXN2;MSI2;LPP;BACH2;PPP3CA;MAP2;GCNT2;FLNB;SRGAP3;JARID2;SYNPO;NTRK2;PRKCH;UNC5B;SMOX;ARL15;SLC2A13;TESC;INCA1;ITGA1;GAB1;ARAP2;HMGA2;CACNA2D4;SMAD6;TGFBR3;BCAN;CAMK4;KIF26B;CDC42EP3;DMXL2;TXNIP;CDH13;RBM20;LIMS2;SDK2"
"TP53","TP53 20018659 ChIP-ChIP R1E Mouse","47/909","0.0000001613360268048768830162151017432","0.00000353990223518935753877303652948","0","0","2.48431611114255002","38.8541487931570159730654","HRK;FOXC2;COL13A1;SATB1;RASGRF1;TMEM59L;NTN4;IER5L;KLHDC7A;CXCL1;EFNA5;MYLK;DLL4;HOXA9;ALCAM;CCND2;MGAT5B;GCNT2;SLC25A21;NTRK2;EGR3;UNC5B;PLK2;HPCAL1;GAB1;FZD8;TMC8;EBF2;HMGA2;NFATC1;FOXL1;RHOF;SMAD6;PARP8;FOSL1;TGFBR3;BCAN;CLDN4;HOXB9;VGF;DPYD;HOXB4;SIDT1;HOXB3;RIN1;HOXB6;HOXB5"
"TP53","TP53 18474530 ChIP-ChIP U2OS Human","39/687","0.0000001886525531316597656042574268631","0.00000402099441817766261410066128135","0","0","2.72057194754563181","42.1235917599518074894149","EHF;KRT80;KHDRBS3;NNMT;SEMA3C;DNAH5;NR3C1;EFNA5;CLDN1;PLAC8;ALCAM;CCND2;COBLL1;PSD3;TP53INP1;GCNT2;TNFSF10;GPC3;IGFBP7;TRIM22;NTRK2;JAG1;PLK2;SLC2A13;SYT16;FZD8;FOXL1;BMP7;DHRS3;MPP7;KITLG;REEP4;CDC42EP3;ALDH1A1;MAP6D1;CDH13;FAM20A;CD200;TLR3"
"LEF1","LEF1 29337183 ChIP-Seq mESC Mouse Stem","91/2335","0.0000001970323596873695848950526965035","0.00000408294834241049136691181081771","0","0","1.91671902243261916","29.5939459313860062650292","PIWIL1;EHF;DOCK4;MAML2;HSPB1;TXNDC12;LAMC2;IL1RAP;MSI2;CLDN1;RND3;BACH2;NUDT3;CYSRT1;TRIM2;PSD3;HOXA3;JARID2;TLE4;KDM6B;SUN2;PRKCH;UNC5B;ARL15;SLC2A13;TESC;RIPK4;GAB1;ARAP2;TMC8;ACSL5;EBF2;SHROOM3;RGMB;MIF4GD;CDYL2;TGFBR3;LGSN;DPYD;HOXB4;HOXB3;TXNIP;RBM20;MYZAP;RAPGEF5;RIN1;TLR3;KDM7A;SHANK2;TMEM45A;COL13A1;TACSTD2;NEDD4L;ZDHHC21;BAZ2B;EFNA5;HIF1A;LPP;EFNB2;LIMA1;MAP2;COBLL1;GCNT2;MAP7;SFN;SRGAP3;TBL1X;RHBG;PAK4;EGLN3;JAG1;EGR3;NEBL;PLK2;FZD8;TSPEAR;SMAD6;OXR1;BMP7;DHRS3;MPP7;NFATC4;TMEM154;GULP1;MLLT11;REEP4;KIF26B;GIPC2;CCSER1;LGR4;SDK2"
"TP63","TP63 30713093 ChIP-Seq Epithelial Human Tongue SCC","84/2100","0.0000002189563932202954966737862589274","0.00000441463430654974109336625975875","0","0","1.95788650580875756","30.0230016085083200039207","SLC44A5;ANKRD37;CDKN1B;TINAGL1;RASGRF1;KLHDC7A;IL1RAP;MYLK;SYNE1;FHAD1;HOXA9;CYSRT1;TUBB3;PMEPA1;SYNPO;CCDC163;KDM6B;SUN2;ACSL5;KRT7;CACNA2D4;IL17RE;PRAP1;TMEM37;HSH2D;LTB4R2;CLDN7;MALL;NME9;DOK7;RAPGEF5;RIN1;ZNF233;DNAH3;SLFN5;KRT80;COL13A1;DNAH5;CCDC146;TMEM59L;NTN4;NEDD4L;ALOX12B;TFPI;LPP;DEPP1;RHOBTB2;RASGRP3;NT5E;NWD1;SH3TC2;MAP2;MGAT5B;COBLL1;PRRG2;TP53INP1;GCNT2;MAP7;SFN;IGFBP7;SRGAP3;TBL1X;H4C8;CENPW;EGR3;SMOX;CAVIN2;STYK1;HMGA2;NFATC1;INHBA;TSPEAR;TUBB4B;DHRS3;NFATC4;TMEM154;H1-4;NBEA;CLCF1;DLC1;COL7A1;DMXL2;MAP6D1;LIMS2"
"SMAD2","SMAD2 18955504 ChIP-ChIP HaCaT Human","66/1513","0.0000002737242379301540995079967174414","0.00000523585337168961406661450708189","0","0","2.11096598129651802","31.8991123331509989213828","CNTNAP3;PIWIL1;EHF;TINAGL1;MAML2;RASGRF1;RASEF;HSPB1;LAMC2;CLDN1;MYLK;PPP3CA;HOXA9;MRPL2;ALCAM;HOXA3;JARID2;PHLDA2;SYNPO;ARRDC4;PRKCH;TNFRSF12A;LIMCH1;RIPK4;KRT7;RHOF;PARP8;CLDN4;CLDN3;TUBB2A;CLDN7;CDC42EP3;CDH13;NCOA7;RHOU;FAM20A;RIN1;DSC2;CAPS2;DDC;KRT80;SEMA3C;PTGER1;DNAH5;TACSTD2;NEDD4L;BAZ2B;EFNA5;PBLD;LIMA1;KLC3;NT5E;COBLL1;CCL2;SFN;NEBL;SMOX;CCDC14;FZD9;SMAD6;DHRS3;FOSL1;NR4A3;CLCF1;COL7A1;PHF19"
"SMAD3","SMAD3 18955504 ChIP-ChIP HaCaT Human","66/1513","0.0000002737242379301540995079967174414","0.00000523585337168961406661450708189","0","0","2.11096598129651802","31.8991123331509989213828","CNTNAP3;PIWIL1;EHF;TINAGL1;MAML2;RASGRF1;RASEF;HSPB1;LAMC2;CLDN1;MYLK;PPP3CA;HOXA9;MRPL2;ALCAM;HOXA3;JARID2;PHLDA2;SYNPO;ARRDC4;PRKCH;TNFRSF12A;LIMCH1;RIPK4;KRT7;RHOF;PARP8;CLDN4;CLDN3;TUBB2A;CLDN7;CDC42EP3;CDH13;NCOA7;RHOU;FAM20A;RIN1;DSC2;CAPS2;DDC;KRT80;SEMA3C;PTGER1;DNAH5;TACSTD2;NEDD4L;BAZ2B;EFNA5;PBLD;LIMA1;KLC3;NT5E;COBLL1;CCL2;SFN;NEBL;SMOX;CCDC14;FZD9;SMAD6;DHRS3;FOSL1;NR4A3;CLCF1;COL7A1;PHF19"
"ISL1","ISL1 27105846 Chip-Seq CPCs Mouse","59/1293","0.0000002920173035684359237825239666991","0.00000544612271155132882181470338478","0","0","2.19947183241979749","33.0942490622490694818225","CDKN1B;ATP8A1;TXNDC12;SLC2A3;MSI2;BACH2;PPP3CA;CCND2;PSD3;JARID2;SYNPO;SEMA6B;TLE4;ARRDC4;KDM6B;UNC5B;LIMCH1;TESC;RIPK4;ITGA1;ACSL5;SHROOM3;TGFBR3;CLDN3;CDC42EP3;RBM20;PRKD1;RAPGEF5;CAPS2;GRAMD1B;KHDRBS3;C1S;SATB1;PPM1H;EFNA5;RASGRP3;EFNB2;RAB20;MGAT5B;COBLL1;GPC3;SLC25A21;TBL1X;PAK4;TRAPPC5;FZD8;HMGA2;SMAD6;OXR1;BMP7;NFATC4;GULP1;COL1A2;DLC1;KIF26B;SP5;SPINK13;SPRY1;SSBP2"
"PHC1","PHC1 16625203 ChIP-ChIP MESCs Mouse","39/700","0.0000003044243595609026819226417773928","0.00000553903834713252096408082209011","0","0","2.66523101868272683","39.9913734986512210412002","FOXC2;RASGRF1;TACSTD2;EFNA5;PCDH18;BACH2;EFNB2;DLL4;GRIP1;HOXA9;ALCAM;RAB20;CCND2;HOXA3;PHLDA2;NTRK2;EGR3;EGR4;NEBL;TESC;RIPK4;KLHDC1;GAB1;HMGA1;EBF2;HMGA2;NFATC1;BMP7;BCAN;MARCKS;CLDN3;ALDH1A2;HOXB4;SIDT1;HOXB3;CDH13;SPRY1;HOXB8;HOXB6"
"POU5F1","POU5F1 18347094 ChIP-ChIP MESCs Mouse","67/1555","0.0000003436000858438885726277962299330","0.00000610299200094144963846037529875","0","0","2.08451371657016837","31.0254589835599681180156","RTP4;EHF;MIDN;ATP8A1;KLHDC7A;TXNDC12;LAMC2;RND3;NUDT3;PPP3CA;GRIP1;HOXA9;HOXA3;HORMAD2;JARID2;TLE4;PDGFRB;UNC5B;RIPK4;ITGA1;SHROOM3;RHOF;RGMB;CLDN4;CLDN3;CLDN7;CDC42EP3;DPYD;HOXB4;RAPGEF5;EPHA1;HOXB6;HOXB5;GRAMD1B;DDC;SEMA3C;SATB1;IER5L;NEDD4L;NRXN2;EFNA5;FSTL1;RHOBTB2;SOCS2;DLL4;SOCS3;LIMA1;NT5E;MGAT5B;GCNT2;SLC25A21;SRGAP3;TBL1X;SLC38A4;NTRK2;EGLN3;JAG1;FN1;FZD8;HMGA2;DHRS3;MLLT11;XKR9;NR4A3;GJB3;TCEA3;LGR4"
"NANOG","NANOG 18347094 ChIP-ChIP MESCs Mouse","62/1399","0.0000003863081136560417946713464915770","0.00000670199657645132946187172331975","0","0","2.13736023403993469","31.5616089582189758289132","CNTNAP3;RTP4;EHF;MIDN;CDKN1B;ATP8A1;HSPB1;KLHDC7A;MSI2;HOXA9;CCND2;TUBB3;TMSB4X;TRIM2;HORMAD2;JARID2;GAMT;TLE4;ARL15;RIPK4;ITGA1;TMC8;SHROOM3;RHOF;RGMB;TGFBR3;CLDN4;HSH2D;CLDN3;VGF;CDC42EP3;HOXB4;RAPGEF5;EPHA1;HOXB6;TLR3;DDC;SATB1;IER5L;TFPI;FSTL1;LPP;SOCS2;DLL4;SOCS3;LIMA1;RAB20;SRGAP3;SLC38A4;PAK4;NTRK2;EGLN3;JAG1;EGF;FZD8;SMAD6;DHRS3;MPP7;GJB3;TCEA3;SPRY1;LGR4"
"SMAD4","SMAD4 21741376 ChIP-Seq HESCs Human","76/1862","0.0000004270582860782232181578608933709","0.00000724057912305350997984008942776","0","0","1.98324677500418800","29.0869820801502996232557","HRK;SLC44A5;ACHE;EHF;PGAP1;RASGRF1;WFDC1;KLHDC7A;SLC2A3;NR3C1;CLDN1;SYNE1;GRIP1;ALCAM;TRIM2;ADORA1;PMEPA1;SYNPO;PCDHAC2;ABCC3;LIMCH1;TESC;ARAP2;EBF2;SHROOM3;CACNA2D4;RGMB;DEXI;MUC3A;HIC1;TMEM37;CDC42EP3;RHOU;ALPK2;SHANK2;DDC;KHDRBS3;NTN4;PPM1H;NEDD4L;NRXN2;TMEM160;IQGAP2;EFNA5;PDE11A;RAB20;SH3TC2;COBLL1;TP53INP1;GCNT2;MAP7;REPS2;CCL2;FLNB;SLC25A21;SRGAP3;NTRK2;JAG1;NEBL;SMOX;TMEM132B;FN1;FZD8;HMGA2;NFATC1;SMAD6;BMP7;DHRS3;DCBLD2;GJB3;DLC1;KIF26B;COL5A2;SPRY1;MDGA1;CD200"
"EED","EED 16625203 ChIP-ChIP MESCs Mouse","36/628","0.0000004510324914742451902249548330304","0.00000747711641421748798066451366373","0","0","2.73735314887333869","39.9974554271576892006124","FOXC2;RASGRF1;TACSTD2;EFNA5;PCDH18;BACH2;EFNB2;DLL4;NT5E;RAB20;CCND2;HOXA3;SLC25A21;PHLDA2;NTRK2;EGR3;EGR4;UNC5B;NEBL;TESC;GAB1;EBF2;HMGA2;NFATC1;BMP7;HIC1;BCAN;CLDN3;ALDH1A2;HOXB4;SIDT1;HOXB3;CDH13;HOXB8;HOXB6;SDK2"
"EZH2","EZH2 27304074 Chip-Seq ESCs Mouse","39/722","0.0000006624437920702218229244799541089","0.00001074311019313881400709300567575","0","0","2.57637638619375542","36.6549573722298163147570","HRK;FOXC2;GAL3ST1;RASGRF1;TACSTD2;DNAJC22;EFNA5;EFNB2;DLL4;NT5E;RAB20;CCND2;NTRK2;EGLN3;PRKCH;EGR3;UNC5B;LIMCH1;FZD8;EBF2;HMGA2;NFATC1;SMAD6;BMP7;HIC1;HOXB9;NR4A3;C2CD4D;KIF26B;HOXB4;HOXB3;RBM20;RHOU;LHX4;HOXB8;MDGA1;SDK2;HOXB5;PHF19"
"SMAD3","SMAD3 21741376 ChIP-Seq ESCs Human","66/1552","0.0000006775114189961508661338182406275","0.00001075369188449209548728326135691","0","0","2.05113368420690279","29.1360246330649133028601","CNTNAP3;DOCK4;RASEF;KLHDC7A;MSI2;RND3;NUDT3;FHAD1;CCND2;CCIN;CA9;JARID2;PCDHAC2;OXGR1;TLE4;UNC5B;MYEOV;RIPK4;EBF2;DEXI;ALDH1A2;CDC42EP3;TMEM217;SIDT1;CDH13;NCOA7;PRKD1;FAM20A;SHANK2;CHST3;KHDRBS3;TACSTD2;NEDD4L;TMEM160;ZDHHC21;EFNA5;TFPI;LPP;MAP2;GCNT2;MAP7;GPC3;CCL2;TBL1X;EGLN3;TMEM132B;FZD9;HMGA1;FZD8;HMGA2;INHBA;SMAD6;BMP7;IGSF10;COL3A1;MARCKS;IL6;TMEM54;NBEA;CLCF1;MAP6D1;SPRY1;LHX4;SSBP2;MDGA1;SDK2"
"CTNNB1","CTNNB1 20460455 ChIP-Seq HCT116 Human","42/824","0.0000011085864619692731186423491351878","0.00001722928126310578663261778575855","0","0","2.42800973715835200","33.2939009632518789771893","EHF;PGAP1;SATB1;PPM1H;ILDR2;MSI2;SLC25A27;FHAD1;PPP3CA;LIMA1;PDE11A;RAB20;ZNF827;AKT3;PSD3;HOXA3;FLNB;JARID2;NTSR1;ABCC3;EGLN3;ANKRD24;TESC;MYEOV;FN1;ARAP2;ACSL5;EBF2;OXR1;DHRS3;MPP7;GULP1;TGFBR3;BCAN;MARCKS;HSH2D;MALL;SP5;ALPK2;RAPGEF5;LGR4;SDK2"
"SUZ12","SUZ12 16625203 ChIP-ChIP MESCs Mouse","46/944","0.0000011555387338549130992376755625028","0.00001759248766236255894792293863471","0","0","2.32381772958561594","31.7687817836189374531841","FOXC2;SLFN5;SEMA3C;RASGRF1;TACSTD2;NTN4;ALOX12B;EFNA5;PCDH18;BACH2;EFNB2;DLL4;NT5E;RAB20;CCND2;HOXA3;ADORA1;PCDHA4;SLC25A21;SOX8;PHLDA2;NTRK2;EGR3;EGR4;UNC5B;NEBL;TESC;RIPK4;GAB1;FZD8;EBF2;HMGA2;NFATC1;BMP7;HIC1;BCAN;LTB4R2;ALDH1A2;HOXB4;SIDT1;HOXB3;CDH13;HOXB8;HOXB6;SDK2;PHF19"
"BMI1","BMI1 23680149 ChIP-Seq NPCS Mouse","43/860","0.0000013573918248260518414440890799799","0.00002025228602640469452466666366863","0","0","2.38062547673531677","32.1621203879616359699867","HRK;FOXC2;SLFN5;SEMA3C;SATB1;RASGRF1;TMEM59L;EFNA5;PCDH18;ZDBF2;SOCS2;STK31;DLL4;HOXA9;ALCAM;CCND2;HOXA3;GCNT2;PHLDA2;RIMKLB;PCDHAC2;CCDC73;SRGN;PRKCH;RIPK4;EBF2;HMGA2;NFATC1;FOXL1;DHRS3;CLDN3;HOXB9;VGF;ALDH1A2;CLDN7;HOXB4;HOXB3;TXNIP;NOTUM;LHX4;HOXB8;HOXB6;HOXB5"
"SMAD3","SMAD3 21741376 ChIP-Seq HESCs Human","47/984","0.0000015257601507883923667953027236699","0.00002231798181349295328505626112570","0","0","2.27628914282739414","30.4863810364269873787180","HRK;SLC44A5;EHF;PGAP1;KHDRBS3;ATP8A1;PPM1H;NEDD4L;NRXN2;NR3C1;EFNA5;CLDN1;SYNE1;GRIP1;RAB20;TRIM2;COBLL1;GCNT2;MAP7;REPS2;PMEPA1;CCL2;FLNB;SYNPO;NEBL;TESC;TMEM132B;FN1;ARAP2;HMGA2;CACNA2D4;RGMB;SMAD6;PRAP1;DEXI;BMP7;DHRS3;HIC1;NR4A3;GJB3;DLC1;KIF26B;CDC42EP3;COL5A2;RHOU;ALPK2;SDK2"
"STAT3","STAT3 24763339 ChIP-Seq IMN-ESCs Mouse","60/1398","0.0000017352837522552449775004122095590","0.00002489464767658486544403897977595","0","0","2.05634184635890271","27.2760166084082626980489","SLC44A5;EHF;SAMD9L;MAML2;ATP8A1;HSPB1;KLHDC7A;LAMC2;SLC2A3;MSI2;RND3;ALCAM;SLC22A15;TRIM2;PMEPA1;CCIN;JARID2;PCDHAC2;TLE4;ARRDC4;UNC5B;ARL15;MYH15;HPCAL1;ARAP2;RFX3;ACSL5;SHROOM3;RGMB;TMEM37;CLDN4;ALDH1A2;CDC42EP3;DPYD;SIDT1;RBM20;NCOA7;RAPGEF5;EPHA1;DDC;KHDRBS3;NEDD4L;ZDHHC21;EFNA5;EFNB2;NWD1;MGAT5B;GCNT2;SLC25A21;EGLN3;NEBL;FN1;INHBA;OXR1;NFATC4;DLC1;DMXL2;SPRY1;SDK2;PHF19"
"NR3C1","NR3C1 34362910 ChIP-Seq WistarRat Hippocampus","35/647","0.0000024480484592642783319045574064177","0.00003445743680398399350810548225077","0","0","2.56553371743642167","33.1472585023965393702383","DDC;TINAGL1;PPM1H;NEDD4L;NRXN2;MSI2;LPP;PPP3CA;FLNB;JARID2;SYNPO;SRGN;NTRK2;PRKCH;UNC5B;SMOX;LIMCH1;SLC2A13;TESC;INCA1;ITGA1;GAB1;ARAP2;CACNA2D4;TGFBR3;BCAN;CAMK4;KIF26B;CDC42EP3;DMXL2;TXNIP;CDH13;RBM20;LIMS2;SDK2"
"RAD21","RAD21 21589869 ChIP-Seq MESCs Mouse","64/1546","0.0000025279854299310537014283412765581","0.00003492365056904751731588210095225","0","0","1.98463667487371809","25.5781718065243488524629","ACHE;PIWIL1;MIDN;MPL;CXCL2;HOXA9;TNFAIP8L1;PMEPA1;CCIN;PHLDA2;SYNPO;ENPP5;ABCC3;KDM6B;UNC5B;TMC8;RHOF;RGMB;BCAN;MTNR1A;LTB4R2;C2CD4D;ALDH1A2;TMEM217;SIDT1;RHOU;FAM20A;HOXB8;HOXB5;FOXC2;DDC;KHDRBS3;COL13A1;NEDD4L;PBLD;STK31;SOCS3;LIMA1;NWD1;PDE11A;PCDHA4;FLNB;IGFBP7;SRGAP3;TBL1X;RHBG;CCDC73;PLK2;TRAPPC5;NFATC1;PRSS35;PCDHB10;DHRS3;NFATC4;IGSF10;COL3A1;IL6;COL1A2;GJB3;REEP4;UBE2S;KIF26B;GIPC2;NOTUM"
"RNF2","RNF2 16625203 ChIP-ChIP MESCs Mouse","42/854","0.0000027510444462464451662302850065700","0.00003729380374001950280591841102584","0","0","2.33456584960531766","29.8906837050622016249690","FOXC2;SATB1;RASGRF1;TACSTD2;NTN4;NEXN;EFNA5;PCDH18;BACH2;STK31;EFNB2;DLL4;NT5E;ALCAM;RAB20;CCND2;HOXA3;PHLDA2;SLC38A4;EGR3;UNC5B;NEBL;TESC;RIPK4;KLHDC1;GAB1;FZD8;EBF2;HMGA2;NFATC1;BMP7;DCBLD2;BCAN;MARCKS;ALDH1A2;PLSCR4;HOXB4;SIDT1;HOXB3;CDH13;HOXB8;HOXB6"
"PPAR","PPAR 26484153 Chip-Seq NCI-H1993 Human","45/945","0.0000027995348652025363718693143355587","0.00003729380374001950280591841102584","0","0","2.26250000000000018","28.9284545827712165078083","EHF;TINAGL1;MAML2;SEMA3C;DNAH5;MPL;HSPB1;HSF2BP;IL1RAP;NR3C1;EFNA5;LIPA;AREG;FSTL1;LPP;RND3;MYLK;PPP3CA;SH3TC2;PDK4;MAP7;JARID2;ABCC3;SRGN;TM4SF18;PRKCH;PLK2;RIPK4;SYT16;ARAP2;ACSL5;EBF2;KRT7;RHOF;INHBA;SMAD6;MPP7;TMEM154;FRMD3;KITLG;DMXL2;ALDH1A1;NCOA7;PRKD1;EPHA1"
"NANOG","NANOG 18692474 ChIP-Seq MESCs Mouse","82/2172","0.0000032069755959902633034373613252210","0.00004197199639664450215035054747581","0","0","1.82602360446570966","23.0995313836128133289094","RTP4;EHF;CDKN1B;GAL3ST1;ATP8A1;KLHDC7A;LAMC2;SLC2A3;RND3;BACH2;NUDT3;PPP3CA;TUBB3;TMSB4X;TRIM2;JARID2;TLE4;UNC13A;UNC5B;ARL15;ITGA1;EBF2;SHROOM3;RHOF;RGMB;PRAP1;TGFBR3;CLDN4;HSH2D;CLDN3;ALDH1A2;CDC42EP3;HOXB3;CDH13;RHOU;RAPGEF5;EPHA1;RIN1;HOXB6;TLR3;DDC;KHDRBS3;NNMT;SATB1;IER5L;NEDD4L;ZDHHC21;BAZ2B;LPP;SOCS2;EFNB2;DLL4;SOCS3;LIMA1;NT5E;RAB20;MGAT5B;GCNT2;SFN;SRGAP3;TBL1X;SLC38A4;PAK4;NTRK2;EGLN3;JAG1;KCNJ9;EGF;CCDC14;FN1;FZD8;OXR1;DHRS3;GFI1B;XKR9;GJB3;UBE2S;DLC1;TCEA3;INHA;MDGA1;LGR4"
"KDM2B","KDM2B 26808549 Chip-Seq JURKAT Human","67/1660","0.0000033840786424757057230443355738680","0.00004352625288425649352410523595935","0","0","1.93579281149902638","24.3840764706322232768798","HRK;SLC44A5;ECM1;MIDN;CDKN1B;TXNDC12;MSI2;CDC20;PPP3CA;ALCAM;CCND2;TMEM88;TUBB3;AKT3;PMEPA1;PIM3;SLC16A8;ZNF524;JARID2;TLE4;KDM6B;MYEOV;ITGA1;HPCAL1;ARAP2;TMC8;CACNA2D4;EMP3;RHOF;RGMB;HIC1;TGFBR3;VGF;DPYD;HOXB8;TMEM59L;IER5L;ALOX12B;EFNA5;RHOBTB2;SOCS2;EFNB2;DLL4;KLC3;NT5E;CCDC85B;SFN;HES4;BTBD19;JAG1;EGR3;EGR4;STYK1;FZD8;NFATC1;SMAD6;DHRS3;NFATC4;DCBLD2;MARCKS;NR4A3;NBEA;KIF26B;SPRY1;NOTUM;LHX4;SSBP2"
"ATF3","ATF3 27146783 Chip-Seq COLON Human","66/1628","0.0000034921581181485586800085363368140","0.00004415508400235296573854704149653","0","0","1.94312164547386645","24.4153052895108153563797","HRK;SNED1;TINAGL1;HSPB1;TXNDC12;LAMC2;MSI2;BACH2;CTSS;CALB2;PPP3CA;MRPL2;ALCAM;SLC22A15;TUBB3;TRIM2;HOXA3;ANKRD31;JARID2;PHLDA2;SYNPO;TRIM22;KDM6B;UNC13A;TNFRSF12A;KRT7;EMP3;FOXL1;RGMB;MIF4GD;CLDN4;HOXB9;VGF;CLDN7;MALL;RBM20;FOXC2;SLFN5;KRT80;KHDRBS3;SEMA3C;PTGER1;SYNPO2;NEDD4L;SOCS2;MAP7;POC1A;SFN;FLNB;TBL1X;RHBG;NTSR1;HES4;JAG1;PLK2;KLRC4;DHRS3;NFATC4;DCBLD2;FOSL1;KITLG;GJB3;REEP4;SPRY1;NOTUM;PHF19"
"CBX2","CBX2 27304074 Chip-Seq ESCs Mouse","33/609","0.0000046111698562146888889009405110286","0.00005733221187893596529827275332103","0","0","2.56285623034591215","31.4898887437023091706578","HRK;FOXC2;KRT80;SEMA3C;RASGRF1;DNAJC22;EFNA5;MYLK;EFNB2;DLL4;ALCAM;RAB20;CCND2;PMEPA1;EGR3;EGR4;FZD8;EBF2;HMGA2;NFATC1;FOXL1;BMP7;BCAN;HOXB9;NR4A3;NBEA;ALDH1A2;HOXB3;SP5;RHOU;LHX4;HOXB8;HOXB6"
"SMC3","SMC3 22415368 ChIP-Seq MEFs Mouse","63/1546","0.0000050891590958546628847922882465937","0.00006223791287717342411798387979971","0","0","1.94724645816718089","23.7338147352697212966177","ACHE;MIDN;SLC2A3;RND3;TMEM88;TUBB3;HOXA3;TNFAIP8L1;CCIN;ENPP5;UNC5B;GAB1;HIC1;KLF16;TGFBR3;C2CD4D;VGF;CDH13;HOXB8;RIN1;HOXB6;HOXB5;FOXC2;KHDRBS3;SEMA3C;PTGER1;CCDC146;NEDD4L;IQGAP2;EFNA5;PCDH18;PBLD;SOCS2;EFNB2;SOCS3;NPW;MGAT5B;CCL2;CHST13;TBL1X;NTRK2;JAG1;EGR3;KCNJ9;PLK2;TRAPPC5;FN1;FZD8;INHBA;SMAD6;DHRS3;NFATC4;GULP1;COL3A1;SMTN;TMEM158;CLCF1;KIF26B;COL5A2;SPRY1;NOTUM;MDGA1;CD200"
"SMC1","SMC1 22415368 ChIP-Seq MEFs Mouse","64/1583","0.0000054765336156127627609095653848925","0.00006589506576205033793348225801267","0","0","1.93232791762358724","23.4102265544144785280878","SNED1;MIDN;DOCK4;SLC2A3;NR3C1;RND3;PPP3CA;ALCAM;CCND2;TMEM88;HOXA3;TNFAIP8L1;PIM3;SOX8;SYNPO;UNC5B;ARL15;SLC2A13;ITGA1;FOXL1;RHOF;HIC1;KLF16;MTNR1A;C2CD4D;HOXB8;RIN1;HOXB5;SEMA3C;DNAJC22;IER5L;NEDD4L;EFNA5;FSTL1;SOCS2;SOCS3;SERTAD1;CCL2;CHST13;HBQ1;TBL1X;CCDC73;NTRK2;EGLN3;JAG1;EGR3;PLK2;FN1;NFATC1;INHBA;SMAD6;NFATC4;DCBLD2;GULP1;COL3A1;MARCKS;IL6;COL1A2;DLC1;KIF26B;COL5A2;SPRY1;NOTUM;SSBP2"
"PIAS1","PIAS1 25552417 ChIP-Seq VCAP Human","32/589","0.0000061084283003837334464136352152330","0.00007233154781089310629386968098942","0","0","2.56648854155665873","30.8128534913257610128312","KHDRBS3;NNMT;MAML2;SATB1;DNAH5;NTN4;CXCL1;NR3C1;EFNA5;LPP;RND3;NWD1;RAB20;TP53INP1;PDK4;MAP7;IGFBP7;SRGAP3;OXGR1;TLE4;EGLN3;HMGA2;SHROOM3;XKR9;COL5A2;ALDH1A1;PI15;MAP6D1;PRKD1;ALPK2;CD200;SHANK2"
"BRD4","BRD4 25478319 ChIP-Seq HGPS Human","69/1770","0.0000077432892127733896612575004159140","0.00009025771488638981794507681888362","0","0","1.86533391516209357","21.9525253978157586232101","HRK;RTP4;EHF;SAMD9L;DOCK4;TXNDC12;LAMC2;SLC2A3;NR3C1;AREG;RND3;MYLK;ALCAM;AKT3;PSD3;CCIN;JARID2;TIGD1;TLE4;PDGFRB;SRGN;HPCAL1;CACNA2D4;FOXL1;RHOF;RGMB;HIC1;MTNR1A;CDC42EP3;DPYD;TMEM217;RBM20;TMEM45A;COL13A1;SEMA3C;CCDC146;IER5L;EFNA5;HIF1A;LPP;RASGRP3;SOCS3;ZNF827;SH3TC2;MAP2;ABI3BP;FLNB;TBL1X;NTSR1;SLC38A4;TM4SF18;BTBD19;SMOX;PLK2;KLHDC1;HMGA2;INHBA;SMAD6;BMP7;NFATC4;MLLT11;MARCKS;KITLG;IL6;COL1A2;NBEA;DLC1;KIF26B;GIPC2"
"FOXA2","FOXA2 19822575 ChIP-Seq HepG2 Human","91/2553","0.0000088211866000545514828476770241572","0.00010124008005601070267487351372893","0","0","1.72498590598962154","20.0759968980914500491508","SNED1;DOCK4;SERPINA1;TINAGL1;MAML2;MPL;HSF2BP;TXNDC12;IL1RAP;MSI2;CLDN1;LIPA;CXCL2;BACH2;MYLK;SYNE1;FHAD1;PPP3CA;ALCAM;AKT3;PSD3;PDK4;SYNPO;GAMT;TLE4;ABCC3;PRKCH;UNC5B;ARL15;TESC;HPCAL1;GAB1;ACSL5;KRT7;SHROOM3;IL17RE;KLF16;FRMD3;TMEM37;CLDN3;TXNIP;RBM20;PRKD1;ALPK2;RAPGEF5;EPHA1;RIN1;CHST3;DNAH3;GRAMD1B;NTN4;PPM1H;NEDD4L;IQGAP2;TFPI;HIF1A;CYP3A5;LPP;PBLD;SOCS2;LIMA1;MAP2;MGAT5B;COBLL1;HSD17B2;GCNT2;FLNB;IGFBP7;SLC25A21;SRGAP3;TBL1X;SLC38A4;ZNF585A;JAG1;NEBL;KLHDC1;FN1;OXR1;BMP7;DHRS3;SMTN;NBEA;REEP4;DLC1;COL5A2;SP5;COL9A3;SPRY1;LHX4;INHA;LGR4"
"ISL1","ISL1 30127528 ChIP-Seq BE2C Human Brain Neuroblastoma","38/776","0.0000092193951998621163115539903221141","0.00010420710331965360060865743996317","0","0","2.31092871787906429","26.7933723269742678496641","DOCK4;DDC;PGAP1;KHDRBS3;SEMA3C;BAZ2B;NR3C1;LPP;ZDBF2;EFNB2;PPP3CA;LIMA1;PDE11A;ALCAM;SH3TC2;MAP2;MAP7;TBL1X;JARID2;SYNPO;RHBG;KIAA0319;PCDHAC2;TLE4;ARRDC4;PRKCH;LIMCH1;SHROOM3;L1CAM;RGMB;OXR1;GULP1;NBEA;DLC1;DMXL2;CCSER1;NCOA7;SSBP2"
"ZFP281","ZFP281 27345836 Chip-Seq ESCs Mouse","65/1646","0.0000098019486217251645943353971501821","0.00010913811450458167661738129172733","0","0","1.88386644980572870","21.7264986762886280757812","HRK;MIDN;PGAP1;WFDC1;LAMC2;MSI2;NR3C1;RND3;NUDT3;GRIP1;HOXA9;CCND2;ADORA1;PIM3;JARID2;PHLDA2;KDM6B;UNC13A;UNC5B;TMC8;ACSL5;FOXL1;RHOF;MIF4GD;KLF16;CLDN4;HOXB9;CLDN7;HOXB4;HOXB3;RIN1;HOXB6;HOXB5;SLFN5;COL13A1;SATB1;ILDR2;NRXN2;BAZ2B;PLAC8;SOCS2;EFNB2;SOCS3;RAB20;PRRG2;SFN;SRGAP3;TBL1X;EGR3;FN1;FZD9;HMGA1;FZD8;HMGA2;NFATC1;NFATC4;MLLT11;MARCKS;SMTN;CLCF1;KIF26B;TCEA3;SP5;MAP6D1;SSBP2"
"TP63","TP63 23658742 ChIP-Seq EP156T Human","101/2937","0.0000116179239107057833123868087477071","0.00012745545937333110052269713463602","0","0","1.67133543842411370","18.9913202197990322872556","EHF;MAML2;RASEF;MSI2;NR3C1;BACH2;ALCAM;ANKRD31;TNFSF10;PCDHAC2;SEMA6B;TLE4;PRKCH;UNC13A;UNC5B;MYH15;HPCAL1;RFX3;MALL;DOK7;ALPK2;RIN1;TACSTD2;EFNA5;HIF1A;RHOBTB2;RASGRP3;SOCS2;EFNB2;ZNF827;MAP2;COBLL1;MAP7;SFN;SRGAP3;SLC38A4;JAG1;EGR3;PLK2;CCDC14;TMEM132B;FN1;INHBA;BMP7;GFAP;FOSL1;IGSF10;COL1A2;NBEA;REEP4;GIPC2;COL5A2;SDK2;SERPINA1;TINAGL1;N4BP2L1;CXCL1;LAMC2;RND3;CTSS;PPP3CA;SLC22A15;PSD3;ZNF524;HORMAD2;SRGN;SLC2A13;RIPK4;GAB1;FOXL1;TGFBR3;CDC42EP3;ALDH1A1;NCOA7;RAPGEF5;TLR3;CHST3;KRT80;C1S;NRXN2;CLCN1;LIMA1;NT5E;NWD1;SH3TC2;ABI3BP;HSD17B2;NTRK2;SYT16;LCA5;PRSS35;DCBLD2;TMEM154;GFI1B;KITLG;TMEM158;CAMK4;DLC1;KIF26B;COL7A1;SSBP2"
"AR","AR 19668381 ChIP-Seq PC3 Human","97/2803","0.0000141337804397260317267265641860696","0.00015258203111212078413767845308513","0","0","1.67651001888806750","18.7214915683898404097363","EHF;PGAP1;MAML2;KLHDC7A;MSI2;BACH2;MYLK;CCND2;AKT3;ADORA1;PIM3;SOX8;TLE4;ARRDC4;PRKCH;HPCAL1;EBF2;CACNA2D4;DEXI;FRMD3;CLDN3;HOXB3;PRKD1;PPEF1;EPHA1;NNMT;NEDD4L;BAZ2B;EFNA5;LPP;RHOBTB2;RASGRP3;SOCS3;MAP7;NEBL;TMEM132B;FZD8;HMGA2;NFATC1;NEB;SMAD6;GULP1;NBEA;DMXL2;COL5A2;PAEP;CD24;SDK2;RTP4;PIWIL1;SERPINA1;GRIK5;RASGRF1;HSPB1;SYNE1;CALB2;PPP3CA;PSD3;HORMAD2;JARID2;ABCC3;SLC2A13;RIPK4;GAB1;SHROOM3;FOXL1;IL17RE;RHOF;RGMB;CDYL2;TGFBR3;ALDH1A2;PLSCR4;ALDH1A1;CDH13;NCOA7;RHOU;CAPS2;KRT80;NRXN2;TMEM160;NCALD;NT5E;SH3BGRL;PDE11A;ABI3BP;MGAT5B;SLC25A21;ZNF585A;NTRK2;EGF;DHRS3;MPP7;TMEM154;MARCKS;SSBP2;MDGA1"
"TCF3","TCF3 18692474 ChIP-Seq MESCs Mouse","44/976","0.0000143173487638719239441447567129373","0.00015258203111212078413767845308513","0","0","2.12743559633790236","23.7294986664501266204752","RTP4;DDC;SATB1;HSPB1;BAZ2B;LPP;RHOBTB2;SOCS3;LIMA1;GRIP1;NT5E;GCNT2;SRGAP3;TBL1X;JARID2;SLC38A4;PAK4;JAG1;UNC5B;KCNJ9;ARL15;FN1;FZD8;SHROOM3;RHOF;RGMB;OXR1;TGFBR3;CLDN4;CLDN3;XKR9;GJB3;DLC1;CDC42EP3;TCEA3;SIDT1;SP5;CDH13;LHX4;RAPGEF5;EPHA1;MDGA1;HOXB6;LGR4"
"NANOG","NANOG 18692474 ChIP-Seq MEFs Mouse","61/1533","0.0000151582277797663497314337513466320","0.00015926813977050276898740632791629","0","0","1.89107618302591129","20.9852101595033673220314","RTP4;EHF;CDKN1B;GAL3ST1;ATP8A1;LAMC2;SLC2A3;RND3;BACH2;NUDT3;PPP3CA;TUBB3;TMSB4X;TRIM2;JARID2;TLE4;EBF2;SHROOM3;RHOF;RGMB;PRAP1;TGFBR3;CLDN4;CLDN3;ALDH1A2;HOXB3;CDH13;RHOU;EPHA1;HOXB6;DDC;KHDRBS3;NNMT;SATB1;IER5L;ZDHHC21;EFNB2;DLL4;SOCS3;LIMA1;NT5E;RAB20;GCNT2;SFN;TBL1X;SLC38A4;PAK4;NTRK2;JAG1;KCNJ9;EGF;FN1;FZD8;DHRS3;GFI1B;GJB3;UBE2S;DLC1;TCEA3;INHA;MDGA1"
"FOXA1","FOXA1 27270436 ChIP-Seq VCaP Human Prostate Carcinoma","111/3331","0.0000155125189239694413376961096284745","0.00016072693218446113829454835464361","0","0","1.62626377769001551","18.0090225809535375844916","EHF;ANKRD37;MAML2;ATP8A1;RASEF;IL1RAP;MSI2;NUDT3;GRIP1;HOXA9;ALCAM;LURAP1L;AKT3;HOXA3;TNFSF10;CCDC163;TLE4;ARL15;LIMCH1;RFX3;ACSL5;CLDN4;MTNR1A;TXNIP;PRKD1;PLA1A;KHDRBS3;CCDC146;NEDD4L;BAZ2B;EFNA5;HIF1A;LPP;ZNF827;MAP2;COBLL1;SRGAP3;KIAA0319;ITPRID2;JAG1;NEBL;CCDC14;HMGA2;NFATC1;NEB;SMAD6;BMP7;NFATC4;GULP1;MLLT11;XKR9;NR4A3;GJB3;REEP4;DMXL2;CCSER1;PHF19;RND3;SYNE1;PPP3CA;TRIM2;H2BC21;PMEPA1;TIGD1;GRAMD2B;SLC2A13;RIPK4;ARAP2;SHROOM3;RGMB;CDC42EP3;DPYD;ALDH1A1;NCOA7;RAPGEF5;TLR3;KDM7A;ZNF233;CAPS2;SLFN5;C1S;SEMA3C;SATB1;SYNPO2;DNAH5;NTN4;PPM1H;IER5L;TMEM160;DEPP1;PBLD;DLL4;LIMA1;NWD1;TP53INP1;POC1A;CCL2;FLNB;FAM47E;TBL1X;ZNF585A;NIPSNAP3B;NTRK2;CENPW;SMOX;H2BC6;STYK1;OXR1;DHRS3;MARCKS;SPRY1"
"WT1","WT1 20215353 ChIP-ChIP NEPHRON PROGENITOR Mouse","54/1307","0.0000176729514314918116039011125595337","0.00018060303791634095722795638749858","0","0","1.95592117379826891","21.4045749660668001013164","MIDN;DOCK4;RASGRF1;MSI2;RND3;BACH2;PPP3CA;ALCAM;CCND2;TMSB4X;ADORA1;PIM3;PRKCH;UNC13A;TNFRSF12A;GAB1;FOXL1;MIF4GD;HIC1;KLF16;TGFBR3;HOXB9;VGF;HOXB4;NCOA7;HOXB6;COL13A1;PTGER1;SATB1;NTN4;BAZ2B;EFNA5;LPP;SOCS2;SOCS3;SERTAD1;SH3TC2;COBLL1;TBL1X;JAG1;EGR3;TRAPPC5;HMGA1;FZD8;HMGA2;L1CAM;SMAD6;OXR1;BMP7;DHRS3;NFATC4;DCBLD2;COL1A2;CLCF1"
"SA1","SA1 22415368 ChIP-Seq MEFs Mouse","61/1549","0.0000206871210941139405104210319263913","0.00020854854508390539011633557642256","0","0","1.86908568208971437","20.1599567104170844800137","MIDN;PGAP1;SLC2A3;NR3C1;CLDN1;RND3;MRPL2;ALCAM;TMEM88;TMSB4X;CCIN;UNC5B;SLC2A13;TMC8;FOXL1;RHOF;RGMB;HIC1;KLF16;MTNR1A;LTB4R2;CDC42EP3;FAM20A;HOXB8;RIN1;COL13A1;C1S;SYNPO2;IER5L;NEDD4L;EFNA5;FSTL1;PCDH18;SOCS2;STK31;EFNB2;MGAT5B;NTRK2;EGLN3;JAG1;EGR3;PLK2;FN1;HMGA2;PRSS35;INHBA;DCBLD2;GULP1;COL3A1;MARCKS;SMTN;GFI1B;IL6;COL1A2;KIF26B;COL5A2;SPRY1;NOTUM;SSBP2;MDGA1;SDK2"
"BACH1","BACH1 22875853 ChIP-PCR HELA AND SCP4 Human","48/1127","0.0000250549799021546148287357264061725","0.00024921353342676459295332302978920","0","0","2.00827081128727825","21.2765005003972973440796","SNED1;EHF;PGAP1;GAL3ST1;NNMT;ATP8A1;C1S;SYNPO2;CXCL1;IL1RAP;TFPI;CLDN1;HIF1A;CYP3A5;EFNB2;ALCAM;CCND2;MAP2;AKT3;PDK4;TNFSF10;KIAA0319;HLA-DQA1;NTRK2;PRKCH;EGR3;EGR4;KLRC4;ZFP2;GAB1;RFX3;NFATC1;DHRS3;HIC1;COL3A1;KITLG;CLDN3;GJB3;DLC1;DPYD;COL5A2;HOXB3;TXNIP;SPRY1;EPHA1;HOXB6;TLR3;PLA1A"
"PPARG","PPARG 20887899 ChIP-Seq 3T3-L1 Mouse","95/2774","0.0000269195626000104502753649399204861","0.00026423675920536572516578166514023","0","0","1.65197288507503592","17.3831445409520846112628","HRK;SNED1;MIDN;SAMD9L;MAML2;SRXN1;KLHDC7A;TXNDC12;N4BP2L1;CXCL1;LAMC2;LIPA;RND3;MYLK;SYNE1;ALCAM;HMGN5;CCND2;TRIM2;AKT3;ADORA1;PDK4;PMEPA1;PIM3;JARID2;SYNPO;PCDHAC2;SRGN;SLC2A13;ACSL5;EBF2;RHOF;RGMB;HIC1;TGFBR3;CLDN4;VGF;ALDH1A2;CDH13;RHOU;GRAMD1B;KRT80;NNMT;SEMA3C;SYNPO2;CFI;PPM1H;NEDD4L;EFNA5;HIF1A;FSTL1;PCDH18;LPP;NCALD;PLAC8;EFNB2;NT5E;SH3BGRL;RAB20;SH3TC2;RAB26;COBLL1;GCNT2;CHST13;IGFBP7;SRGAP3;TBL1X;SLC38A4;CCDC73;ANKRD34A;EGLN3;JAG1;ANKRD24;TRAPPC5;STYK1;NFATC1;PRSS35;NEB;INHBA;SMAD6;BMP7;DHRS3;MPP7;FOSL1;IGSF10;COL3A1;MARCKS;COL1A2;NR4A3;DLC1;COL5A2;SSBP2;LGR4;LIMS2;CD200"
"TRIM28","TRIM28 17542650 ChIP-ChIP NTERA2 Human","33/668","0.0000304352873712466236351143616944981","0.00029403939594485319292474501118306","0","0","2.31750111424751148","24.1017980395595614595550","HRK;NNMT;ZNF20;WFDC1;HSPB1;EFNA5;HIF1A;FSTL1;BACH2;EFNB2;RAB20;CCND2;GPC3;SOX8;TBL1X;EGLN3;JAG1;UNC5B;NEBL;MYEOV;FZD8;FOXL1;INHBA;BMP7;DHRS3;NR4A3;VGF;LHX4;INHA;EPHA1;SSBP2;TLR3;CHST3"
"HAND2","HAND2 30127528 ChIP-Seq KELLY Human Brain Neuroblastoma","111/3383","0.0000307440655277460464078059798609388","0.00029403939594485319292474501118306","0","0","1.59532007433893463","16.5750781621318203917781","MIDN;PGAP1;ATP8A1;RASEF;KLHDC7A;NR3C1;LIPA;MYLK;ZDBF2;ALCAM;LURAP1L;TUBB3;PIM3;SYNPO;PCDHAC2;ARRDC4;PDGFRB;ENDOG;PRKCH;LIMCH1;HPCAL1;RFX3;CACNA2D4;FRMD3;BCAN;LGSN;DOK7;TXNIP;ALPK2;KHDRBS3;BAZ2B;EFNA5;HIF1A;PCDH18;LPP;RHOBTB2;EFNB2;ZNF827;MAP2;MAP7;KIAA0319;FN1;HMGA1;L1CAM;SMAD6;BMP7;NFATC4;GULP1;MLLT11;NR4A3;NBEA;CCSER1;COL9A3;SDK2;PHF19;DOCK4;TINAGL1;GRIK5;HSPB1;CTSS;SYNE1;FHAD1;PANX2;PPP3CA;TRIM2;TNFAIP8L1;JARID2;KDM6B;SHROOM3;RGMB;KLF16;SAPCD2;VGF;CDC42EP3;DPYD;NME9;NCOA7;RHOU;RAPGEF5;KDM7A;SHANK2;CAPS2;TMEM45A;GRAMD1B;DDC;KRT80;SEMA3C;PTGER1;SYNPO2;DEPP1;NCALD;PBLD;LIMA1;PDE11A;SERTAD1;SH3TC2;RAB26;FAM47E;TBL1X;RHBG;KCNJ9;OXR1;DHRS3;MARCKS;DLC1;KIF26B;COL7A1;TCEA3;INHA;SSBP2;MDGA1"
"SMAD3","SMAD3 21741376 ChIP-Seq EPCs Human","52/1272","0.0000338910269500096588703684508114833","0.00032003425448996465716572368265247","0","0","1.92834648856506807","19.8472367863857499514779","EHF;PGAP1;CDKN1B;MAML2;MSI2;NR3C1;BACH2;SYNE1;FHAD1;AKT3;SYNPO;TLE4;ARAP2;RGMB;DEXI;CDYL2;FRMD3;C2CD4D;ALDH1A2;CDC42EP3;TMEM217;CDH13;RBM20;PRKD1;FAM20A;CHST3;KHDRBS3;SATB1;DNAH5;PPM1H;EFNA5;TFPI;MAP7;REPS2;CCL2;FLNB;IGFBP7;SRGAP3;JAG1;NEBL;PLK2;TMEM132B;FZD8;SMAD6;BMP7;IGSF10;COL3A1;IL6;NBEA;DLC1;KIF26B;COL5A2"
"RUNX2","RUNX2 22187159 ChIP-Seq PCA Human","93/2722","0.0000366644083893344008219690455252504","0.00034189560823054328817308111787554","0","0","1.64375582576419399","16.7888355711761896316148","PIWIL1;SNED1;EHF;PGAP1;SERPINA1;ATP8A1;RASEF;HSF2BP;KLHDC7A;KIF12;LAMC2;NR3C1;CXCL2;RND3;NUDT3;MYLK;SYNE1;CALB2;PPP3CA;GRIP1;ALCAM;PSD3;CCIN;ZNF524;SOX8;JARID2;ENPP5;TRIM22;OXGR1;TLE4;ENDOG;UNC5B;GAB1;ARAP2;RFX3;EBF2;SHROOM3;FOXL1;CDYL2;TGFBR3;LGSN;CDC42EP3;CDH13;PRKD1;RAPGEF5;TLR3;KHDRBS3;SATB1;TMEM59L;PPM1H;IQGAP2;EFNA5;FSTL1;PCDH18;LPP;NCALD;RHOBTB2;RASGRP3;STK31;NT5E;SH3BGRL;NWD1;PDE11A;RAB20;MAP2;MGAT5B;FLNB;IGFBP7;SLC25A21;SRGAP3;TBL1X;NTRK2;JAG1;CENPW;PLK2;CCDC14;FN1;FZD9;FZD8;HMGA2;INHBA;TMEM154;MARCKS;GFI1B;KITLG;XKR9;NBEA;DLC1;COL5A2;PI15;COL9A3;SPRY1;SDK2"
"LMO2","LMO2 26923725 Chip-Seq HEMOGENIC-ENDOTHELIUM Mouse","59/1517","0.0000409308790864932115004075352526769","0.00037696834319165352161426496557795","0","0","1.83878066601870804","18.5783517591325910700562","SLC44A5;PIWIL1;PGAP1;MAML2;KLHDC7A;KIF12;N4BP2L1;MSI2;SYNE1;GRIP1;ALCAM;PSD3;JARID2;OXGR1;ARL15;TESC;SHROOM3;FOXL1;KLF16;MTNR1A;CDH13;RBM20;PRKD1;RAPGEF5;CHST3;CAPS2;GRAMD1B;DDC;COL13A1;PPM1H;ZDHHC21;IQGAP2;FSTL1;EFNB2;SOCS3;LIMA1;PDE11A;RAB20;SH3TC2;MGAT5B;HSD17B2;SLC25A21;FAM47E;SRGAP3;RIMKLB;SLC38A4;ANKRD24;FZD9;SMAD6;BMP7;GULP1;NR4A3;KIF26B;SP5;COL9A3;SSBP2;MDGA1;CD200;SDK2"
"KDM2B","KDM2B 26808549 Chip-Seq DND41 Human","63/1657","0.0000429587802750645015160795014974582","0.00039082012299022098273174052884826","0","0","1.80051302791559720","18.1046437344459931750862","SLC44A5;MIDN;CDKN1B;TINAGL1;GAL3ST1;HSPB1;PPP3CA;CCND2;TMEM88;TUBB3;AKT3;PIM3;ZNF524;JARID2;TRIM22;SEMA6B;KDM6B;UNC5B;TESC;HPCAL1;TMC8;EMP3;RHOF;HIC1;KLF16;TGFBR3;TUBB2A;VGF;DPYD;SIDT1;RHOU;GRAMD1B;SATB1;PPM1H;IER5L;ILDR2;ALOX12B;RHOBTB2;SOCS2;DLL4;SOCS3;ZNF827;NPW;CCDC85B;SFN;TBL1X;RIMKLB;HES4;ANKRD34A;EGLN3;EGR4;SMOX;NFATC1;SMAD6;BMP7;DHRS3;MPP7;SMTN;NR4A3;CLCF1;COL9A3;SPRY1;MDGA1"
"AR","AR 27270436 ChIP-Seq VCaP Human Prostate Carcinoma","115/3565","0.0000445738116209667994309720495671456","0.00040062727071374978210505091169580","0","0","1.56851851851851842","15.7139895451894915368030","EHF;ANKRD37;PGAP1;TLNRD1;MAML2;ATP8A1;RASEF;PJVK;TXNDC12;NUDT3;MYLK;GRIP1;HOXA9;HOXA3;PDK4;TNFSF10;GAMT;TLE4;PRKCH;UNC5B;ARL15;LIMCH1;RFX3;ACSL5;KRT7;LBHD1;CLDN4;MTNR1A;CLDN3;HOXB9;HOXB3;TXNIP;PLA1A;ZNF20;TACSTD2;NEDD4L;BAZ2B;IQGAP2;EFNA5;ZNF827;COBLL1;MAP7;JAG1;NEBL;CCDC14;HMGA2;INHBA;SMAD6;BMP7;NFATC4;GULP1;MLLT11;H1-4;NR4A3;DMXL2;CCSER1;PHF19;PIWIL1;DOCK4;CDKN1B;CXCL8;SLC2A3;RND3;SYNE1;PPP3CA;TRIM2;PSD3;PMEPA1;OXGR1;SUN2;RIPK4;ARAP2;SHROOM3;RGMB;PARP8;VGF;CDC42EP3;NME9;NCOA7;RAPGEF5;TLR3;KDM7A;ZNF233;SLFN5;KRT80;C1S;SEMA3C;DNAH5;NTN4;PPM1H;NEXN;FSTL1;ZNF69;NCALD;DLL4;NWD1;TP53INP1;HSD17B2;FLNB;FAM47E;TBL1X;PAK4;NTRK2;TM4SF18;SMOX;EGF;STYK1;OXR1;DHRS3;TMEM154;MARCKS;KITLG;KIF26B;SPRY1;SSBP2"
"WT1","WT1 19549856 ChIP-ChIP CCG9911 Human","14/173","0.0000457293121266741454445693693120489","0.00040611984341070133785328577502582","0","0","3.85274784559251504","38.4996271824141089723526","NEBL;SMOX;SLC2A3;IQGAP2;RGMB;FSTL1;MYLK;HOXA9;MARCKS;CCND2;DLC1;HBQ1;TBL1X;SSBP2"
"CEBPB","CEBPB 21427703 ChIP-Seq 3T3-L1 Mouse","59/1531","0.0000530194135272183970225556848276938","0.00046532332342711686537853332801262","0","0","1.81988236017041727","17.9164732549358980406851","SNED1;SAMD9L;CDKN1B;TINAGL1;RASGRF1;HSF2BP;TXNDC12;IL1RAP;RND3;HOXA3;PMEPA1;PIM3;ENPP5;ARRDC4;PDGFRB;KDM6B;UNC5B;ARL15;ITGA1;ACSL5;SHROOM3;RHOF;MTNR1A;CLDN3;ALDH1A1;TXNIP;CDH13;RHOU;KRT80;NNMT;C1S;SEMA3C;HIF1A;PCDH18;LPP;EFNB2;LIMA1;SH3BGRL;RAB20;COBLL1;GCNT2;CCL2;SFN;FLNB;IGFBP7;TBL1X;GSTM2;JAG1;TRAPPC5;FN1;PRSS35;MPP7;NFATC4;COL3A1;GFI1B;IL6;DLC1;SPINK13;LGR4"
"ZFP281","ZFP281 18757296 ChIP-ChIP E14 Mouse","57/1466","0.0000563954608207649813280716577512663","0.00048919783456151941843786934427385","0","0","1.83399219304471250","17.9421691599620700685591","MIDN;GRIK5;HSPB1;LAMC2;SLC2A3;MSI2;PPP3CA;GRIP1;CCND2;TMEM88;TUBB3;JARID2;PHLDA2;UNC13A;LRRC46;TNFRSF12A;TESC;GAB1;ACSL5;RHOF;MIF4GD;CDYL2;HIC1;KLF16;TGFBR3;TMEM37;CLDN4;MTNR1A;CLDN3;VGF;HOXB3;TXNIP;RIN1;HOXB6;SLFN5;IER5L;NRXN2;LPP;SOCS2;DLL4;SOCS3;RAB20;PRRG2;GCNT2;SFN;TBL1X;SLC38A4;EGR3;HMGA1;HMGA2;NFATC1;BMP7;NFATC4;MLLT11;TMEM54;GJB3;TCEA3"
"KLF4","KLF4 26769127 Chip-Seq PDAC-Cell Line Human","63/1678","0.0000620911150892803492817861865660234","0.00053241346961612812972719499526875","0","0","1.77502160896418393","17.1944704090165814136526","PIWIL1;ECM1;CDKN1B;SERPINA1;TINAGL1;MAML2;RASGRF1;KLHDC7A;MSI2;LIPA;CTSS;CDC20;CALB2;FHAD1;SLC22A15;TUBB3;AKT3;HOXA3;PIM3;PHLDA2;SLC2A13;TESC;HPCAL1;ACSL5;DEXI;KLF16;BCAN;LTB4R2;C2CD4D;DPYD;TXNIP;EPHA1;RIN1;HOXB6;DSC2;CHST3;FOXC2;KRT80;TACSTD2;DNAJC22;NEXN;SOCS2;EFNB2;DLL4;CCDC85B;RAB26;SFN;FLNB;KIAA0319;NTSR1;HES4;TM4SF18;BTBD19;FZD8;DHRS3;NFATC4;FOSL1;GJB3;CLCF1;KIF26B;TCEA3;COL9A3;SPRY1"
"SCL","SCL 21571218 ChIP-Seq MEGAKARYOCYTES Human","57/1478","0.0000703886178577566202921658722324594","0.00059352557549198676784679706841530","0","0","1.81730119634060516","17.3760872000950854499024","SNED1;DOCK4;CDKN1B;SRXN1;WFDC1;SLC2A3;IL1RAP;MSI2;AREG;MYLK;PPP3CA;GRIP1;TRIM2;TNFSF10;TNFAIP8L1;JARID2;SEMA6B;TLE4;ABCC3;UNC5B;ARL15;TESC;HPCAL1;SHROOM3;KLF16;CLDN3;CDC42EP3;DOK7;ALDH1A1;NCOA7;PPEF1;GRAMD1B;C1S;PPM1H;NRXN2;IQGAP2;PCDH18;RASGRP3;PLAC8;EFNB2;SH3BGRL;MGAT5B;HBQ1;TM4SF18;EGLN3;EGR3;SMOX;TMEM132B;KLHDC1;LCA5;NFATC1;SMAD6;MPP7;GFI1B;NR4A3;PAEP;SPRY1"
"MYC","MYC 27129775 Chip-Seq CORNEA Mouse","59/1547","0.0000708093514997142422931833416477332","0.00059352557549198676784679706841530","0","0","1.79871974117901368","17.1877015306767866320570","HRK;PIWIL1;EHF;MIDN;GAL3ST1;MAML2;GRIK5;RASEF;HSPB1;HSF2BP;MSI2;NR3C1;CXCL2;RND3;CALB2;PPP3CA;TMSB4X;PHLDA2;ENPP5;TLE4;PDGFRB;KDM6B;UNC13A;TESC;RIPK4;HPCAL1;CACNA2D4;BCAN;CLDN4;CLDN3;HOXB9;CDH13;FAM20A;HOXB8;DSC2;SATB1;CFI;PPM1H;LPP;RASGRP3;PLAC8;SOCS3;RAB20;SERTAD1;SH3TC2;MGAT5B;CCL2;IGFBP7;SRGAP3;NTSR1;JAG1;INCA1;HMGA1;LCA5;HMGA2;MARCKS;CLCF1;COL9A3;INHA"
"NR0B1","NR0B1 18358816 ChIP-ChIP MESCs Mouse","49/1210","0.0000731332772198639460663194267198151","0.00060619360895576123848121907755626","0","0","1.90150056577325155","18.1084216541150517798542","RTP4;ANKRD37;MIDN;CDKN1B;KLHDC7A;TXNDC12;LAMC2;SLC2A3;MSI2;RND3;HOXA9;TUBB3;JARID2;PDGFRB;UNC13A;ARL15;TMC8;EBF2;SHROOM3;RHOF;TMEM37;MTNR1A;CDC42EP3;MALL;HOXB4;TLR3;KHDRBS3;PTGER1;SATB1;TFPI;LPP;SOCS2;DLL4;SOCS3;RAB20;COBLL1;TBL1X;PAK4;TRAPPC5;FN1;HMGA1;DHRS3;NFATC4;MLLT11;GJB3;CLCF1;GIPC2;TCEA3;INHA"
"AR","AR 21915096 ChIP-Seq LNCaP-1F5 Human","61/1619","0.0000744692524225179004358429746268655","0.00061048420117800383973005740045892","0","0","1.77818784766795046","16.9018964086858503037547","RTP4;EHF;SERPINA1;RASEF;IL1RAP;SLC22A15;HOXA3;PDK4;TNFSF10;PMEPA1;PIM3;ABCC3;LIMCH1;MYEOV;ACSL5;CACNA2D4;RGMB;KLF16;PARP8;CLDN3;TUBB2A;ALDH1A2;CDC42EP3;RHOU;PRKD1;RAPGEF5;EPHA1;TLR3;PLA1A;TPH1;DDC;NNMT;DNAH5;PPM1H;NEDD4L;ZDHHC21;IQGAP2;EFNA5;TFPI;HIF1A;LPP;NCALD;PBLD;SOCS2;NWD1;RAB20;SH3TC2;MAP2;COBLL1;TP53INP1;GCNT2;PAK4;NIPSNAP3B;TM4SF18;JAG1;NEBL;SMOX;HMGA1;SSBP2;LGR4;PHF19"
"TCF3","TCF3 18692474 ChIP-Seq MEFs Mouse","30/611","0.0000780120035105852122504083157039645","0.00063257559368365824485624937523198","0","0","2.29298592832353165","21.6885464254966642272393","RTP4;DDC;SATB1;HSPB1;SOCS3;LIMA1;NT5E;GCNT2;TBL1X;JARID2;SLC38A4;PAK4;JAG1;KCNJ9;FN1;FZD8;SHROOM3;RHOF;RGMB;TGFBR3;CLDN4;CLDN3;GJB3;DLC1;TCEA3;SP5;CDH13;LHX4;EPHA1;HOXB6"
"PRDM14","PRDM14 21183938 ChIP-Seq MESCs Mouse","58/1520","0.0000808763783183130268317900801733344","0.00064875030349958616102123976077110","0","0","1.79775361797105648","16.9394930388201601090259","MIDN;CDKN1B;HSPB1;LAMC2;SLC2A3;NUDT3;ZDBF2;CDC20;TUBB3;TMSB4X;TRIM2;ADORA1;PIM3;JARID2;OXGR1;TLE4;PDGFRB;SRGN;UNC5B;ARL15;LIMCH1;TESC;GAB1;SHROOM3;RHOF;CLDN4;MTNR1A;ALDH1A2;CDC42EP3;NCOA7;RHOU;RIN1;CHST3;COL13A1;NTN4;NEDD4L;LPP;NCALD;SOCS2;SOCS3;NT5E;SERTAD1;MGAT5B;GPC3;PAK4;NIPSNAP3B;INCA1;FN1;FZD8;SMAD6;OXR1;BMP7;NFATC4;GULP1;GFI1B;DLC1;TCEA3;MDGA1"
"ESR1","ESR1 22446102 ChIP-Seq UTERUS Mouse","48/1183","0.0000829780704836357777117936129762654","0.00065852809128502437421154303009985","0","0","1.90339390153269505","17.8860672419952209111216","GRAMD1B;SNED1;MAML2;ATP8A1;SEMA3C;RASGRF1;RASEF;PPM1H;NEDD4L;NR3C1;HIF1A;FSTL1;LPP;SYNE1;PLAC8;LIMA1;SH3BGRL;PDE11A;ALCAM;PDK4;TNFSF10;FLNB;IGFBP7;TBL1X;JARID2;SYNPO;ABCC3;SRGN;JAG1;EGR3;SMOX;FN1;RFX3;FZD8;ACSL5;BMP7;PARP8;GULP1;TGFBR3;IGSF10;COL3A1;SMTN;NBEA;DLC1;PLSCR4;PI15;CDH13;NCOA7"
"SOX2","SOX2 21211035 ChIP-Seq LN229 Gbm","90/2673","0.0000862652233445156672213618986866379","0.00067740901700009145767339413524155","0","0","1.61019282438834499","15.0683197311090140146916","DOCK4;PGAP1;MAML2;ATP8A1;RASGRF1;HSF2BP;TXNDC12;LAMC2;IL1RAP;MSI2;NR3C1;NUDT3;MYLK;CDC20;ALCAM;TRIM2;AKT3;PSD3;CA9;PHLDA2;PCDHAC2;OXGR1;TLE4;ARRDC4;UNC5B;SLC2A13;MYEOV;HPCAL1;GAB1;TMC8;ACSL5;CDYL2;PARP8;DPYD;ALDH1A1;CDH13;RHOU;FAM20A;SHANK2;TMEM45A;KHDRBS3;SEMA3C;SYNPO2;TACSTD2;NEDD4L;NEXN;ZDHHC21;BAZ2B;IQGAP2;EFNA5;PCDH18;LPP;RASGRP3;SOCS2;STK31;SH3BGRL;PDE11A;RAB20;SH3TC2;MAP2;ABI3BP;MGAT5B;COBLL1;HSD17B2;FLNB;IGFBP7;SRGAP3;TBL1X;SLC38A4;NTRK2;EGLN3;JAG1;EGR3;EGR4;TMEM132B;FZD9;FZD8;SMAD6;OXR1;BMP7;MARCKS;IL6;COL1A2;NBEA;DLC1;GIPC2;SPRY1;LHX4;MDGA1;SDK2"
"TCF21","TCF21 26020271 ChIP-Seq SMOOTH MUSCLE Human","61/1629","0.0000885188502301083996164771106052171","0.00068786523199646735365897498581944","0","0","1.76586496340960619","16.4795728246463859534288","SNED1;EHF;GAL3ST1;WFDC1;HSPB1;HSF2BP;CXCL2;RND3;CTSS;PPP3CA;HMGN5;SLC22A15;TNFAIP8L1;CCIN;PHLDA2;TLE4;PDGFRB;KDM6B;SUN2;ENDOG;SLC2A13;MYEOV;ITGA1;ACSL5;EBF2;KRT7;EMP3;RGMB;TGFBR3;TUBB2A;TMEM217;EPHA1;PLA1A;TMEM45A;SLFN5;KRT80;NNMT;ZNF20;BAZ2B;TFPI;HIF1A;SOCS3;LIMA1;NT5E;SERTAD1;HSD17B2;CCL2;IGFBP7;ANKRD34A;JAG1;FN1;LCA5;SMAD6;MPP7;NFATC4;COL3A1;KITLG;IL6;NR4A3;COL7A1;NOTUM"
"CDX2","CDX2 20551321 ChIP-Seq CACO-2 Human","21/360","0.0000910313023435816245530413648445744","0.00070009640771455557139990588666478","0","0","2.72850531785337358","25.3868514798663902354292","ABCC3;COL13A1;UNC5B;MYEOV;MSI2;NR3C1;DHRS3;TMEM37;CLDN4;HOXB9;TRIM2;DLC1;MALL;COL5A2;HOXA3;HOXB4;RHOU;SPRY1;HOXB6;HOXB5;CHST3"
"CTCF","CTCF 33576154 ChIP-Seq Human HilarLN ProstateCancer","115/3649","0.0001209343385883544612358075909241961","0.00092058180190726960571284687162574","0","0","1.52324371105087741","13.7400586064270022745859","MIDN;IL1RAP;NR3C1;CLDN1;NUDT3;MYLK;ALCAM;ANKRD31;PHLDA2;GAMT;SEMA6B;ARRDC4;ENDOG;PRKCH;UNC5B;LIMCH1;HPCAL1;DEXI;HIC1;CLDN3;PRKD1;RIN1;HOXB5;COL13A1;ZNF20;DNAJC22;NEDD4L;BAZ2B;IQGAP2;SOCS2;STK31;EFNB2;SOCS3;SYCE2;KLC3;MAP2;COBLL1;MAP7;PCDHA4;CHST13;HBQ1;KIAA0319;RIMKLB;JAG1;ANKRD24;PLK2;CCDC14;TRAPPC5;NFATC1;SMAD6;NFATC4;MLLT11;SMTN;COL1A2;NR4A3;REEP4;CREBRF;NABP1;ACHE;PIWIL1;DOCK4;SRXN1;HSPB1;RND3;CALB2;PSD3;PMEPA1;JARID2;TNFRSF12A;SLC2A13;MYEOV;ITGA1;ARAP2;TMC8;RHOF;RGMB;CDYL2;KLF16;TUBB2A;ALDH1A2;RHOU;KDM7A;SLFN5;C1S;IER5L;NRXN2;DEPP1;NCALD;PBLD;DLL4;SERTAD1;CCDC85B;MGAT5B;POC1A;FLNB;CCDC73;PAK4;HES4;SMOX;STYK1;PRSS35;TUBB4B;OXR1;PCDHB10;MPP7;MARCKS;GFI1B;TMEM158;CLCF1;DLC1;KIF26B;NOTUM;SSBP2;MDGA1;LIMS2"
"RELA","RELA 24523406 ChIP-Seq FIBROSARCOMA Human","45/1104","0.0001258901791646597004281638021438994","0.00094862700663470836317386902791782","0","0","1.90640556670975569","17.1197138211193085055584","ACHE;SERPINA1;NNMT;MAML2;C1S;NRXN2;ALOX12B;CXCL1;NR3C1;HIF1A;CYP3A5;CXCL2;CTSS;IFI44L;MYLK;SH3BGRL;ALCAM;CCND2;PSD3;HOXA3;ADORA1;TNFSF10;MAP7;CCL2;TBL1X;SYNPO;KDM6B;SRGN;BTBD19;PRKCH;FN1;RHOF;INHBA;FOSL1;MLLT11;CLDN4;MARCKS;KITLG;IL6;COL1A2;NR4A3;CLCF1;DPYD;NCOA7;EPHA1"
"SETDB1","SETDB1 19884255 ChIP-Seq MESCs Mouse","56/1478","0.0001303995045818516799671082928568921","0.00097278030418061355207026696945150","0","0","1.77961565846284420","15.9184978201241094097895","SLC44A5;SRXN1;RASGRF1;WFDC1;HSPB1;SLC2A3;MSI2;NR3C1;LIPA;ALCAM;TMEM88;TNFAIP8L1;SLC16A8;CCIN;HORMAD2;SYNPO;GAMT;TLE4;PRKCH;UNC13A;TNFRSF12A;TESC;GAB1;RFX3;EBF2;SHROOM3;FOXL1;MIF4GD;CDYL2;LTB4R2;VGF;ALDH1A2;CLDN7;PLSCR4;RHOU;FOXC2;PPM1H;IER5L;SOCS2;STK31;DLL4;COBLL1;HSD17B2;SRGAP3;TBL1X;ANKRD24;HMGA1;NFATC1;SMAD6;OXR1;TMEM158;TMEM54;REEP4;CLCF1;TCEA3;SPRY1"
"EP300","EP300 21415370 ChIP-Seq HL-1 Mouse","29/600","0.0001342984154360261906096390971399046","0.00099194671203243112329872577248580","0","0","2.25128893399021246","20.0712454914001376948818","DDC;NTN4;NEDD4L;HSF2BP;HIF1A;FSTL1;RND3;BACH2;RASGRP3;COBLL1;HOXA3;GCNT2;PDK4;NTSR1;FZD8;HMGA2;SHROOM3;FOXL1;OXR1;TGFBR3;NBEA;DLC1;KIF26B;ALDH1A2;CDC42EP3;COL5A2;CDH13;RHOU;RAPGEF5"
"SOX2","SOX2 18692474 ChIP-Seq MESCs Mouse","79/2302","0.0001390543446033088608500966065761872","0.00101700530464772943145534966902233","0","0","1.62833484470911349","14.4606648903538754780129","RTP4;EHF;MIDN;CDKN1B;ATP8A1;HSPB1;KLHDC7A;TXNDC12;LAMC2;SLC2A3;TUBB3;TRIM2;PIM3;JARID2;PHLDA2;TLE4;UNC5B;ARL15;ITGA1;EBF2;SHROOM3;RHOF;RGMB;PRAP1;TMEM37;CLDN4;MTNR1A;ALDH1A2;CDC42EP3;TXNIP;CDH13;NCOA7;RHOU;RAPGEF5;EPHA1;TLR3;DDC;KHDRBS3;NNMT;SATB1;IER5L;NEDD4L;PLA2G3;BAZ2B;TFPI;FSTL1;LPP;SOCS2;EFNB2;DLL4;SOCS3;LIMA1;NT5E;RAB20;CCDC85B;MGAT5B;GCNT2;SRGAP3;TBL1X;SLC38A4;EGLN3;JAG1;EGR3;KCNJ9;EGF;CCDC14;FN1;FZD8;SMAD6;OXR1;MLLT11;MARCKS;GJB3;DLC1;TCEA3;INHA;MDGA1;LGR4;PHF19"
"KLF5","KLF5 25053715 ChIP-Seq YYC3 Human","59/1591","0.0001516442356089300305850564587473173","0.00109831650256564860787533710606567","0","0","1.74280180274741858","15.3261525827763804841197","EHF;MIDN;RASEF;KIF12;LAMC2;NR3C1;CTSS;SYNE1;CDC20;TRIM2;PDK4;PIM3;HORMAD2;OXGR1;SEMA6B;TLE4;ABCC3;KDM6B;UNC5B;MYEOV;RIPK4;CACNA2D4;HOXB9;TUBB2A;CLDN7;DOK7;TXNIP;PRKD1;SHANK2;CAPS2;KRT80;SATB1;DNAH5;IER5L;PCDH18;LPP;EFNB2;SOCS3;NT5E;RAB20;NPW;SERTAD1;ABI3BP;MGAT5B;SFN;FLNB;EGLN3;FN1;SMAD6;OXR1;TMEM154;FOSL1;KITLG;COL1A2;KIF26B;DMXL2;PI15;SSBP2;PHF19"
"KLF6","KLF6 26769127 Chip-Seq PDAC-Cell Line Human","61/1666","0.0001642971312388072455817900063834713","0.00117851596061682890870248030523726","0","0","1.72160546272695791","15.0017842046429095148596","PIWIL1;EHF;MIDN;CDKN1B;TINAGL1;MAML2;RASGRF1;KLHDC7A;TXNDC12;RND3;CTSS;CDC20;CALB2;SLC22A15;HOXA3;ADORA1;PIM3;PHLDA2;LIMCH1;MYEOV;HPCAL1;ACSL5;KRT7;FOXL1;DEXI;KLF16;TGFBR3;TUBB2A;LTB4R2;C2CD4D;CDC42EP3;DPYD;TXNIP;RHOU;PRKD1;CHST3;NNMT;COL13A1;PTGER1;TACSTD2;NEXN;EFNA5;HIF1A;SOCS2;SOCS3;LIMA1;CCDC85B;IGFBP7;HES4;ANKRD34A;STYK1;FZD8;SMAD6;DHRS3;NFATC4;FOSL1;GJB3;UBE2S;CLCF1;KIF26B;SPRY1"
"FOXA1","FOXA1 27197147 Chip-Seq ENDOMETRIOID-ADENOCARCINOMA Human","24/462","0.0001755178948776312322643811114630807","0.00124701285313059896837917239764693","0","0","2.41766585466164718","20.9074171724487172241425","ACHE;PRKCH;JAG1;DNAH5;GAB1;ACSL5;KRT7;KIF12;FOXL1;IL17RE;AREG;DHRS3;NCALD;FHAD1;NT5E;TUBB2A;TRIM2;CDC42EP3;PDK4;TNFSF10;REPS2;RHOU;TBL1X;JARID2"
"SMAD2/3","SMAD2/3 21741376 ChIP-Seq EPCs Human","58/1567","0.0001821075190418380027133210541379071","0.00128162461514350111205229332256295","0","0","1.73723241171185094","14.9591576468076485895153","EHF;MAML2;KLHDC7A;MSI2;NR3C1;BACH2;SYNE1;FHAD1;PPP3CA;AKT3;ANKRD31;SYNPO;TLE4;ARL15;TESC;ARAP2;EBF2;RGMB;DEXI;CDYL2;FRMD3;C2CD4D;CDC42EP3;TMEM217;CDH13;RBM20;NCOA7;PRKD1;FAM20A;SHANK2;KHDRBS3;SATB1;PPM1H;IQGAP2;EFNA5;TFPI;LPP;SYCE2;MAP2;MAP7;REPS2;CCL2;FLNB;JAG1;NEBL;PLK2;FZD8;BMP7;DHRS3;COL3A1;MARCKS;IL6;NBEA;DLC1;KIF26B;COL5A2;SPRY1;SDK2"
"RACK7","RACK7 27058665 Chip-Seq MCF-7 Human","61/1679","0.0002026162713490402961496322786771884","0.00141263306940545832132705150741003","0","0","1.70653537850694836","14.5127124604292045972898","ACHE;SNED1;HSPB1;KLHDC7A;N4BP2L1;SLC2A3;IFI44L;PPP3CA;ADORA1;PIM3;PHLDA2;KDM6B;TNFRSF12A;UNC5B;SLC2A13;HPCAL1;TMC8;KRT7;RHOF;RGMB;HIC1;CLDN3;HOXB9;C2CD4D;VGF;HOXB4;TXNIP;NCOA7;RHOU;KRT80;DNAH5;NEDD4L;SOCS3;ZNF827;CCDC85B;RAB26;SFN;FLNB;HBQ1;TBL1X;RHBG;PAK4;HES4;ANKRD34A;BTBD19;JAG1;EGR3;ANKRD24;KCNJ9;SMAD6;BMP7;DHRS3;NFATC4;FOSL1;SMTN;KITLG;NR4A3;CLCF1;KIF26B;COL9A3;SPRY1"
"PPARG","PPARG 20176806 ChIP-Seq 3T3-L1 Mouse","52/1369","0.0002168074117979381558798945839328098","0.00149757712223390609257434036294399","0","0","1.77686286640981650","14.9905055300776215432279","PIWIL1;PGAP1;HSF2BP;NR3C1;LIPA;NUDT3;CALB2;CCND2;PDK4;PIM3;JARID2;KDM6B;PRKCH;ARL15;LIMCH1;TESC;SHROOM3;IL17RE;TGFBR3;CDC42EP3;TXNIP;CDH13;NCOA7;CHST3;NNMT;SEMA3C;BAZ2B;FSTL1;LPP;LIMA1;RAB20;SH3TC2;COBLL1;HSD17B2;SLC38A4;EGLN3;JAG1;SMOX;HMGA1;FZD8;SMAD6;OXR1;DHRS3;MPP7;TMEM154;GULP1;MARCKS;DLC1;SP5;MAP6D1;LHX4;LGR4"
"UBF1/2","UBF1/2 26484160 Chip-Seq HMECs Human","59/1614","0.0002214963593061277464992681052180501","0.00151592921139790184903439751451515","0","0","1.71483139168511367","14.4304851982680766298017","MIDN;CXCL1;LIPA;RND3;BACH2;ALCAM;SLC22A15;HOXA3;PHLDA2;TIGD1;SRGN;UNC5B;MYEOV;KRT7;EMP3;FOXL1;RGMB;TGFBR3;MTNR1A;HOXB9;DOK7;CDH13;RBM20;CHST3;NNMT;TACSTD2;NTN4;PPM1H;NEXN;ALOX12B;HIF1A;PBLD;EFNB2;DLL4;SOCS3;NT5E;RAB20;COBLL1;GCNT2;SFN;FLNB;SRGAP3;JAG1;EGR3;FN1;FZD8;INHBA;OXR1;DHRS3;TMEM154;GFAP;FOSL1;MARCKS;KITLG;TMEM158;NR4A3;KIF26B;MDGA1;LGR4"
"FOSL1","FOSL1 28411283 ChIP-Seq MDA231-LM2-4175 Human BreastCancer","48/1238","0.0002408909747360590716640238451162759","0.00162482295082267921317031866834668","0","0","1.80999773992726642","15.0793918369706396731544","TOR4A;ECM1;MIDN;DOCK4;KRT80;TINAGL1;CXCL8;TMEM160;IQGAP2;NUDT3;SOCS2;FHAD1;LIMA1;ALCAM;SERTAD1;SH3TC2;TUBB3;CCDC85B;MGAT5B;AKT3;SFN;TBL1X;PHLDA2;SYNPO;TIGD1;H4C8;SUN2;TNFRSF12A;CAVIN3;HMGA1;CACNA2D4;RHOF;SMAD6;DHRS3;TMEM154;GFAP;H1-4;SBK3;SMTN;IL6;CLCF1;DLC1;COL7A1;TCEA3;SPINK13;SPRY1;RIN1;CAPS2"
"AF4","AF4 28076791 ChIP-Seq SEM Human Blood Leukemia","30/652","0.0002417632004575300333232973359898210","0.00162482295082267921317031866834668","0","0","2.13720942491170751","17.7977222390674896246310","CDKN1B;ATP8A1;SLC2A3;MSI2;NR3C1;HIF1A;BACH2;NUDT3;PBLD;PLAC8;HOXA9;TMSB4X;TRIM2;PSD3;IGFBP7;JARID2;RIMKLB;PAK4;TLE4;NIPSNAP3B;HPCAL1;GAB1;ARAP2;DHRS3;KLF16;PARP8;HSH2D;DPYD;RAPGEF5;CD200"
"PPARA","PPARA 22158963 ChIP-Seq LIVER Mouse","57/1552","0.0002534808232342435161538185539598089","0.00168836334047094312194037257768287","0","0","1.72029431438127101","14.2444194920795599301755","HRK;RTP4;DOCK4;KLHDC7A;N4BP2L1;NR3C1;CLDN1;CXCL2;TMEM88;ADORA1;PDK4;PIM3;SYNPO;TLE4;ARRDC4;PDGFRB;ABCC3;KDM6B;ARL15;ACSL5;RHOF;TMEM37;MTNR1A;CLDN3;TUBB2A;C2CD4D;DPYD;TXNIP;FAM20A;EPHA1;DSC2;TLR3;NNMT;DNAJC22;NEDD4L;IQGAP2;HIF1A;PBLD;SOCS2;SOCS3;COBLL1;GCNT2;POC1A;FLNB;NIPSNAP3B;EGLN3;INCA1;FN1;HMGA1;NFATC1;DHRS3;GFAP;TMEM54;REEP4;UBE2S;DLC1;LIMS2"
"FOXA1","FOXA1 33576154 ChIP-Seq Human HilarLN ProstateCancer","34/781","0.0002652744161000256052813928153710776","0.00175128065850105405637515687544692","0","0","2.02247603495146855","16.6545759036014828780026","DOCK4;CXCL8;ATP8A1;C1S;SEMA3C;SYNPO2;HSPB1;HIF1A;LPP;SOCS2;LIMA1;GRIP1;NWD1;PDE11A;TRIM2;COBLL1;H2BC21;PDK4;MAP7;REPS2;FLNB;PIM3;TBL1X;TLE4;PRKCH;RFX3;ACSL5;DHRS3;NFATC4;XKR9;DOK7;TXNIP;CCSER1;SPRY1"
"MYCN","MYCN 27167114 Chip-Seq NEUROBLASTOMA Human","58/1594","0.0002830640631117268082340976409483346","0.00185233150071358087032646899672272","0","0","1.70413990705931506","13.9225458018552394889866","PIWIL1;RASEF;MPL;SLC2A3;CTSS;FHAD1;TUBB3;ADORA1;PMEPA1;SOX8;JARID2;PHLDA2;ABCC3;SLC2A13;TESC;MYEOV;TMC8;RHOF;HIC1;BCAN;VGF;SIDT1;TXNIP;RHOU;RIN1;HOXB6;CHST3;TMEM59L;NTN4;DNAJC22;NEXN;EFNA5;PBLD;SOCS2;DLL4;SFN;HBQ1;SRGAP3;HES4;ANKRD34A;NTRK2;GSTM2;JAG1;EGR3;FZD9;LCA5;FZD8;PCDHB10;NFATC4;IGSF10;MARCKS;KITLG;NBEA;TCEA3;SP5;COL9A3;MDGA1;LGR4"
"NRF2","NRF2 31884422 ChIP-Seq A549 Human Lung Carcinoma","57/1563","0.0003029947988405241182663374388539523","0.00196551408639157381905149257761423","0","0","1.70668824701195221","13.8272381664993311289891","SRXN1;RASEF;MSI2;NR3C1;RND3;SYNE1;LURAP1L;PSD3;PIM3;HORMAD2;JARID2;PCDHAC2;ABCC3;SUN2;MYEOV;HPCAL1;ARAP2;RFX3;FOXL1;BCAN;MALL;ALDH1A1;RBM20;FAM20A;PPEF1;GRAMD1B;SLFN5;SEMA3C;NTN4;PPM1H;IER5L;NEDD4L;EFNA5;HIF1A;LPP;NCALD;SH3TC2;MAP2;ABI3BP;GCNT2;SFN;FLNB;TBL1X;CCDC73;EGLN3;SMOX;PLK2;OXR1;FOSL1;MLLT11;MARCKS;NBEA;CLCF1;DLC1;COL7A1;DMXL2;TCEA3"
"RUNX1","RUNX1 27514584 Chip-Seq MCF-7 Human","57/1568","0.0003282680349017663679576928270620328","0.00211110305204066997508682845818839","0","0","1.70056915949702181","13.6414217917218287823289","CNTNAP3;PIWIL1;EHF;ZNF296;MIDN;RASEF;HSPB1;LAMC2;RND3;SYNE1;FHAD1;PMEPA1;SOX8;JARID2;PHLDA2;SEMA6B;TLE4;ARRDC4;KDM6B;PRKCH;MYEOV;RIPK4;KRT7;EMP3;FRMD3;BCAN;CLDN4;C2CD4D;CDC42EP3;DOK7;HOXB4;RHOU;SHANK2;CHST3;CAPS2;KRT80;IQGAP2;EFNA5;HIF1A;NPW;SERTAD1;COBLL1;TBL1X;NTSR1;PAK4;EGR3;SMOX;PLK2;SMAD6;BMP7;DHRS3;NFATC4;NR4A3;CAMK4;DMXL2;TCEA3;SPRY1"
"RARB","RARB 27405468 Chip-Seq BRAIN Mouse","58/1611","0.0003703019922906567785482467858315658","0.00236107082263957261669684584148854","0","0","1.68389421719140087","13.3047709954628192718928","SLC44A5;ANKRD37;MIDN;PGAP1;GRIK5;HSPB1;MSI2;NR3C1;LIPA;RND3;CTSS;PPP3CA;CCND2;TUBB3;ADORA1;PMEPA1;SOX8;SEMA6B;KDM6B;SUN2;ARAP2;RHOF;HIC1;KLF16;TGFBR3;CDC42EP3;RIN1;DDC;SEMA3C;SATB1;PPM1H;IER5L;NEDD4L;BAZ2B;EFNA5;RHOBTB2;PBLD;SOCS2;CCDC85B;MGAT5B;GCNT2;POC1A;SFN;BTBD19;EGR3;NEBL;PLK2;LCA5;INHBA;TMEM158;NR4A3;KIF26B;GIPC2;MAP6D1;COL9A3;LHX4;SSBP2;SDK2"
"AR","AR 21909140 ChIP-Seq LNCAP Human","15/238","0.0004020481808511097059424810318262189","0.00252585324875661924870495766981549","0","0","2.94016192196091941","22.9889456114451675716737","EHF;DDC;JAG1;NNMT;TMEM59L;SHROOM3;FSTL1;DHRS3;GULP1;EFNB2;COBLL1;MALL;CDC42EP3;SPRY1;DSC2"
"ATF3","ATF3 23680149 ChIP-Seq GBM1-GSC Human","59/1652","0.0004029176093861095309806019670872956","0.00252585324875661924870495766981549","0","0","1.67038898194677099","13.0570606141193295002267","MIDN;CDKN1B;TINAGL1;HSPB1;TXNDC12;AREG;MYLK;TMSB4X;PMEPA1;SYNPO;PDGFRB;ABCC3;KDM6B;TNFRSF12A;MYEOV;RIPK4;EMP3;RGMB;BCAN;CLDN4;HOXB9;LGSN;CDC42EP3;TMEM217;RIN1;CHST3;PLA1A;KRT80;NNMT;SYNPO2;NEDD4L;PCDH18;SOCS2;EFNB2;NT5E;MGAT5B;POC1A;CCL2;FLNB;TBL1X;BTBD19;JAG1;PLK2;FN1;HMGA1;INHBA;DHRS3;DCBLD2;TMEM154;FOSL1;MLLT11;IGSF10;IL6;NR4A3;CLCF1;COL7A1;TCEA3;SPRY1;MDGA1"
"POU5F1","POU5F1 16153702 ChIP-ChIP HESCs Human","22/433","0.0004377514568506418474874708479660512","0.00272135489008815687275721906246417","0","0","2.35424672092177767","18.2074128000092407830834","CNTNAP3;NEBL;IER5L;BMP7;DHRS3;HOXA9;NT5E;KITLG;NR4A3;HOXA3;HOXB4;GCNT2;GPC3;HOXB3;CCL2;JARID2;INHA;EPHA1;SSBP2;HOXB6;TRIM22;HOXB5"
"SRY","SRY 25088423 ChIP-ChIP EMBRYONIC GONADS Mouse","85/2614","0.0004448609026572396913865037326729635","0.00274269614365537858780008662051841","0","0","1.53721135898842243","11.8638112794492442958472","HRK;ACHE;ECM1;MIDN;TINAGL1;ATP8A1;SRXN1;GRIK5;WFDC1;KLHDC7A;NR3C1;LIPA;BACH2;CCND2;TMEM88;PDK4;TNFSF10;SOX8;SEMA6B;PDGFRB;KDM6B;SRGN;ENDOG;PRKCH;UNC13A;TNFRSF12A;LIMCH1;EBF2;KRT7;CACNA2D4;EMP3;FOXL1;RGMB;DEXI;BCAN;CLDN4;CLDN3;TUBB2A;LTB4R2;VGF;CLDN7;CDC42EP3;DPYD;HOXB4;SIDT1;RIN1;TLR3;SATB1;CFI;TMEM59L;DNAJC22;BAZ2B;EFNA5;PLAC8;DLL4;KLC3;NT5E;RAB20;SH3TC2;GCNT2;SFN;NTSR1;NIPSNAP3B;NTRK2;EGR4;FN1;SYT16;HMGA1;FZD8;HMGA2;NFATC1;L1CAM;BMP7;NFATC4;TMEM154;GFAP;MARCKS;XKR9;TMEM54;REEP4;UBE2S;CLCF1;INHA;SDK2;PHF19"
"PHOX2B","PHOX2B 30127528 ChIP-Seq KELLY Human BrainNeuroblastoma","65/1877","0.0004624515995802704775886893262537569","0.00282777781382690003575408610458908","0","0","1.62256583096814877","12.4596321583725835324685","SLC44A5;SAMD9L;PJVK;NR3C1;CTSS;SYNE1;GRIP1;ALCAM;LURAP1L;JARID2;SYNPO;HLA-DPA1;SEMA6B;ARRDC4;PRKCH;LIMCH1;SPINK6;ARAP2;RFX3;SHROOM3;RGMB;NME9;H2BC11;HOXB3;NCOA7;MYZAP;RAPGEF5;KDM7A;CAPS2;DDC;SATB1;NEXN;NRXN2;BAZ2B;EFNA5;TFPI;HIF1A;LPP;STK31;LIMA1;PDE11A;MAP2;POC1A;TBL1X;RHBG;KIAA0319;TM4SF18;H2BC8;CCDC14;HMGA1;NEB;L1CAM;OXR1;GULP1;MLLT11;TRMT9B;MARCKS;KITLG;COL1A2;NBEA;TCIM;DLC1;DMXL2;SDK2;PHF19"
"EGR1","EGR1 20690147 ChIP-Seq ERYTHROLEUKEMIA Human","144/4931","0.0004764647446652345427406394229308262","0.00288977804488020325116015563082783","0","0","1.41815393260901623","10.8476251073777874012194","ANKRD37;MIDN;MAML2;MPL;HSF2BP;MSI2;BACH2;NUDT3;TUBB3;AKT3;ADORA1;PDK3;PIM3;SOX8;PHLDA2;SYNPO;SEMA6B;PDGFRB;UNC5B;ARL15;HPCAL1;RFX3;CACNA2D4;PRAP1;MIF4GD;HIC1;FRMD3;BCAN;MTNR1A;CLDN3;HOXB9;CLDN7;DOK7;HOXB4;HOXB3;EPHA1;RIN1;NEDD4L;BAZ2B;EFNA5;LPP;SOCS2;SOCS3;KLC3;MAP7;IGFBP7;NTSR1;EGR3;EGR4;TMEM132B;TRAPPC5;FZD9;HMGA1;FZD8;HMGA2;NFATC1;NEB;SMAD6;BMP7;GFAP;FOSL1;SMTN;NR4A3;UBE2S;GIPC2;MAP6D1;LHX4;SDK2;PHF19;SLC44A5;ACHE;DOCK4;SERPINA1;TINAGL1;SRXN1;GRIK5;RASGRF1;WFDC1;HSPB1;RND3;CALB2;PANX2;PPP3CA;TRIM2;TNFAIP8L1;ZNF524;JARID2;ABCC3;TNFRSF12A;TESC;MYEOV;GAB1;TMC8;EMP3;IL17RE;CDYL2;KLF16;PARP8;TGFBR3;TUBB2A;VGF;DPYD;CDH13;SHANK2;CHST3;DNAH3;FOXC2;SEMA3C;PTGER1;DNAH5;IER5L;NRXN2;FSTL1;CLCN1;NCALD;DLL4;NT5E;SH3BGRL;RAB20;SERTAD1;RAB26;MGAT5B;PRRG2;HSD17B2;GCNT2;REPS2;TBL1X;RHBG;PAK4;HES4;KCNJ9;ARID3C;DHRS3;GFI1B;TMEM158;CLCF1;DLC1;COL7A1;TCEA3;NOTUM;INHA;SSBP2;MDGA1;LIMS2"
"GTF3C2","GTF3C2 35216376 ChIP-Seq H9 Human BoneMarrow Lymphoma","48/1277","0.0004826282998001618293471004506045574","0.00290355412621710277237818687012805","0","0","1.74883669112980722","13.3545782574939675413361","HRK;SLFN5;RASEF;HSPB1;IQGAP2;ZNF69;SOCS2;CDC20;SLC22A15;ZNF827;SERTAD1;RAB26;MGAT5B;GCNT2;PDK4;PDK3;FLNB;GYG2;GAMT;TLE4;H4C8;NIPSNAP3B;ANKRD34A;GSTM2;PRKCH;ANKRD24;CCDC14;RIPK4;KLHDC1;FZD9;SYT16;GAB1;ARAP2;NFATC1;DNAAF4;RHOF;DEXI;MUC3A;H2BC17;TMEM37;SMTN;SAPCD2;C2CD4D;CLDN7;H2BC11;SPRY1;PPEF1;ZNF730"
"HNF1A","HNF1A 26855178 ChIP-Seq Caco2 Human Colon Adenocarcinoma","21/411","0.0005455738253618574616285452627550967","0.00324754723058465980672915307536641","0","0","2.36540225829216677","17.7728577260165998552566","TLE4;PDGFRB;GRAMD2B;DOCK4;DDC;SERPINA1;GAL3ST1;EXOC3L4;ACSL5;KLHDC7A;KIF12;LPP;SYNE1;PBLD;STK31;ARSL;CLCF1;HSD17B2;HOXA3;RHBG;PLA1A"
"SOX2","SOX2 30713093 ChIP-Seq Epithelial Human Tongue SCC","38/945","0.0005511115736526624436092403058751188","0.00324754723058465980672915307536641","0","0","1.86343817510584597","13.9824448927479885185221","SLFN5;EHF;KRT80;TINAGL1;MAML2;DNAH5;ZNF20;BAZ2B;RND3;MYLK;RHOBTB2;PBLD;RASGRP3;HOXA9;NWD1;RAB20;TMSB4X;GCNT2;TNFSF10;ZNF524;SYNPO;TRIM22;H4C8;NTRK2;CENPW;H2AC6;STYK1;INHBA;H2BC17;DHRS3;TMEM154;MARCKS;LTB4R2;TCIM;GJB3;COL5A2;NCOA7;RAPGEF5"
"KDM2B","KDM2B 26808549 Chip-Seq K562 Human","59/1673","0.0005528666196839836536811030320848204","0.00324754723058465980672915307536641","0","0","1.64672650738201543","12.3510972526629565493295","HRK;SLC44A5;ACHE;SNED1;MIDN;HSPB1;MSI2;NR3C1;BACH2;FHAD1;PPP3CA;SLC22A15;TUBB3;AKT3;PIM3;SOX8;JARID2;PHLDA2;SYNPO;SEMA6B;UNC5B;SLC2A13;TESC;HPCAL1;KRT7;TGFBR3;TUBB2A;VGF;ALDH1A2;CDC42EP3;SATB1;DNAH5;TMEM59L;DNAJC22;IER5L;ILDR2;NRXN2;RHOBTB2;SOCS2;DLL4;SOCS3;SFN;HES4;EGLN3;EGR3;FZD9;FZD8;NFATC1;L1CAM;SMAD6;TMEM54;CLCF1;DLC1;KIF26B;DMXL2;LHX4;SSBP2;MDGA1;PHF19"
"CEBPB","CEBPB 26923725 Chip-Seq HEMOGENIC-ENDOTHELIUM Mouse","53/1461","0.0005641764963765042448576303435459067","0.00328481111457304018538816414718440","0","0","1.68969924336183608","12.6391926746176483931094","RASGRF1;HSF2BP;LAMC2;NR3C1;CTSS;MYLK;FHAD1;GRIP1;HMGN5;AKT3;PSD3;ADORA1;ARRDC4;SRGN;TESC;SHROOM3;FOXL1;CDYL2;ALDH1A2;CDH13;PRKD1;ALPK2;DDC;COL13A1;C1S;NEDD4L;ZDHHC21;RHOBTB2;PBLD;STK31;EFNB2;LIMA1;SERTAD1;RAB26;MGAT5B;HSD17B2;GCNT2;FAM47E;SLC38A4;ANKRD34A;NTRK2;GSTM2;EGLN3;ANKRD24;EGF;FZD9;NFATC1;SMAD6;BMP7;IGSF10;NR4A3;NBEA;SSBP2"
"SOX2","SOX2 21211035 ChIP-Seq GBM Human Brain Glioblastoma","8/82","0.0005680169353618259343863261534579578","0.00328481111457304018538816414718440","0","0","4.68765424667429098","35.0325245716484090507947","SOCS2;STK31;COL1A2;SLC2A13;PHLDA2;IQGAP2;BMP7;SLC38A4"
"CEBPD","CEBPD 23245923 ChIP-Seq MEFs Mouse","21/413","0.0005808909581229555708567491301153041","0.00333212579241713756708631599678938","0","0","2.35308813892529489","17.5327361821861842372527","TLE4;PGAP1;MAML2;LCA5;RFX3;BAZ2B;LIPA;PCDH18;LPP;MYLK;EFNB2;PPP3CA;MARCKS;NT5E;COL1A2;NBEA;SH3TC2;DLC1;AKT3;PSD3;GCNT2"
"FOXA1","FOXA1 21915096 ChIP-Seq LNCaP-1F5 Human","58/1641","0.0005851320091241889610050863623769146","0.00333212579241713756708631599678938","0","0","1.64922730072179791","12.2763088604689727389996","PIWIL1;SERPINA1;ATP8A1;RASEF;HSPB1;IL1RAP;NUDT3;PPP3CA;TMEM88;PDK4;TNFSF10;PMEPA1;JARID2;TLE4;UNC5B;ARAP2;KRT7;RGMB;FRMD3;CLDN4;CLDN7;SIDT1;TXNIP;RHOU;PRKD1;RAPGEF5;CHST3;GRAMD1B;SEMA3C;SATB1;DNAH5;PPM1H;NEDD4L;EFNA5;LPP;PBLD;PDE11A;RAB20;COBLL1;TP53INP1;HSD17B2;REPS2;FLNB;PAK4;NIPSNAP3B;TM4SF18;EGLN3;INHBA;BMP7;DHRS3;NFATC4;GULP1;GJB3;REEP4;PI15;SPRY1;LGR4;PHF19"
"TCF3/E2A","TCF3/E2A 22897851 ChIP-Seq JUKARTE6-1 Human","54/1501","0.0006070538508643480305262962737344878","0.00343077403594548198395575155927872","0","0","1.67572508192701242","12.4119164704494675532942","RTP4;PIWIL1;EHF;PGAP1;RASGRF1;KLHDC7A;CXCL1;NR3C1;AREG;BACH2;SYNE1;GRIP1;JARID2;TLE4;ARRDC4;MYH15;ITGA1;HPCAL1;ARAP2;HIC1;DPYD;RBM20;PRKD1;SHANK2;CHST3;PLA1A;DDC;KHDRBS3;SATB1;TACSTD2;IQGAP2;LPP;RHOBTB2;LIMA1;NT5E;MAP2;CCL2;FLNB;NTRK2;SMOX;TMEM132B;FN1;HMGA2;BMP7;COL1A2;TMEM158;UBE2S;KIF26B;TCEA3;MAP6D1;SPRY1;LHX4;SSBP2;SDK2"
"RUNX1","RUNX1 26923725 Chip-Seq HPCs Mouse","28/629","0.0006493369990043508467245092496966663","0.00364214587411462948143836548808849","0","0","2.05708434660181760","15.0980913480387233249758","ACHE;DDC;MPL;NRXN2;N4BP2L1;BAZ2B;STK31;FHAD1;GRIP1;HMGN5;MGAT5B;PSD3;TNFSF10;TBL1X;EGLN3;PLK2;RIPK4;KRT7;SHROOM3;FOXL1;MIF4GD;KLF16;GULP1;MTNR1A;XKR9;KIF26B;CDH13;PRKD1"
"ERA","ERA 27197147 Chip-Seq ENDOMETRIOID-ADENOCARCINOMA Human","34/822","0.0006605289279441403258938403375566395","0.00367095217152180229927549426349742","0","0","1.91306356577984160","14.0083498758379505488847","ACHE;PIWIL1;EHF;SERPINA1;ZNF493;GAL3ST1;NNMT;RASGRF1;RASEF;IER5L;HSPB1;MSI2;HIF1A;SYCE2;ALCAM;HSD17B2;ADORA1;REPS2;SRGAP3;JARID2;JAG1;EGR3;FOXL1;RHOF;CDYL2;DHRS3;TGFBR3;TMEM37;COL1A2;DLC1;DOK7;RHOU;SDK2;SHANK2"
"LXR","LXR 22158963 ChIP-Seq LIVER Mouse","56/1578","0.0006643144010126586767456258186825835","0.00367095217152180229927549426349742","0","0","1.65351404668355384","12.0983572100634297896704","KLHDC7A;N4BP2L1;CXCL1;NR3C1;CLDN1;AREG;FHAD1;SLC22A15;PDK4;TNFSF10;PIM3;SYNPO;ARRDC4;ABCC3;UNC5B;RIPK4;ACSL5;DEXI;TGFBR3;TMEM37;CLDN3;LGSN;DPYD;ALDH1A1;TXNIP;RHOU;FAM20A;DDC;KHDRBS3;NNMT;NEDD4L;ILDR2;IQGAP2;LPP;SOCS2;RAB20;COBLL1;HSD17B2;GCNT2;POC1A;FLNB;FAM47E;SRGAP3;SLC38A4;NIPSNAP3B;EGLN3;EGR3;FN1;NEB;INHBA;SMAD6;DHRS3;TMEM154;GFI1B;TMEM54;DLC1"
"STAT5A","STAT5A 24692510 ChIP-Seq Epithelium Mouse Mammary","67/1977","0.0006722281719764030367622598127752553","0.00368736923745879895467081333038095","0","0","1.58599946301516992","11.5855876726097655193826","EHF;MIDN;DOCK4;RASEF;MPL;KLHDC7A;LIPA;NUDT3;FHAD1;LURAP1L;PSD3;PDK4;JARID2;SUN2;PRKCH;ARL15;ITGA1;GAB1;SHROOM3;IL17RE;RHOF;RGMB;PARP8;TMEM37;LTB4R2;SAPCD2;C2CD4D;CLDN7;RBM20;NCOA7;RHOU;FAM20A;TLR3;GRAMD1B;SEMA3C;NEDD4L;BAZ2B;EFNA5;HIF1A;LPP;NCALD;RASGRP3;SOCS2;SLC25A27;SOCS3;KLC3;NWD1;COBLL1;HSD17B2;GCNT2;MAP7;CCL2;FLNB;IGFBP7;TBL1X;PAK4;TCEAL9;ANKRD24;PLK2;STYK1;GULP1;SBK3;MARCKS;NR4A3;DLC1;CREBRF;PHF19"
"SOX9","SOX9 25088423 ChIP-ChIP EMBRYONIC GONADS Mouse","57/1619","0.0007181813537496329127862715324681631","0.00391068094815493535326700325072125","0","0","1.64039212548015367","11.8744515533285337482994","HRK;RTP4;ACHE;EHF;MIDN;DOCK4;WFDC1;CXCL2;HOXA9;CCND2;TMEM88;PDK4;TNFAIP8L1;PDK3;SLC16A8;SOX8;SEMA6B;ARRDC4;PDGFRB;SRGN;UNC13A;TNFRSF12A;CACNA2D4;EMP3;FOXL1;RHOF;MIF4GD;CLDN4;TUBB2A;VGF;DPYD;DOK7;RIN1;DSC2;KHDRBS3;COL13A1;CFI;PCDH18;DLL4;SOCS3;NT5E;ANKRD24;NEBL;SMOX;HMGA1;FZD8;NFATC1;OTOP2;BMP7;TMEM154;FOSL1;COL1A2;TMEM54;PI15;INHA;SDK2;PHF19"
"PHOX2B","PHOX2B 30127528 ChIP-Seq BE2C Human Brain Neuroblastoma","33/794","0.0007288465935308448143473136759951103","0.00392514642201916962721552906145916","0","0","1.92090223886147848","13.8766885980461420757592","DOCK4;DDC;KHDRBS3;NRXN2;BAZ2B;EFNA5;LPP;LIMA1;PDE11A;ALCAM;LURAP1L;MAP2;JARID2;KIAA0319;PCDHAC2;ARRDC4;PRKCH;LIMCH1;HMGA1;RFX3;L1CAM;OXR1;GULP1;MLLT11;MARCKS;NBEA;TCIM;DLC1;DMXL2;NCOA7;MYZAP;SDK2;CAPS2"
"Nerf2","Nerf2 26677805 Chip-Seq MACROPHAGESS Mouse","39/993","0.0007313610625478076786992742697179892","0.00392514642201916962721552906145916","0","0","1.81800878697601642","13.1271202294762243667492","GRAMD1B;SAMD9L;DOCK4;PGAP1;ATP8A1;SRXN1;RASGRF1;PPM1H;NEDD4L;HSPB1;NR3C1;LIPA;HIF1A;LPP;RND3;BACH2;CTSS;CLCN1;SYNE1;LIMA1;ALCAM;SFN;TLE4;ABCC3;BTBD19;JAG1;UNC5B;SMOX;PLK2;HPCAL1;HMGA1;ARAP2;RHOF;INHBA;OXR1;CLDN4;GIPC2;DPYD;RAPGEF5"
"AR","AR 25329375 ChIP-Seq VCAP Human","53/1481","0.0007706821542284110395509832969196395","0.00410663490753138994693305363625768","0","0","1.66419661924175610","11.9293516553224314691306","RTP4;PIWIL1;EHF;SRXN1;RASGRF1;KLHDC7A;NR3C1;CXCL2;RND3;BACH2;NUDT3;PPP3CA;PDK4;ARRDC4;UNC5B;TESC;MYH15;MYEOV;ARAP2;SHROOM3;HIC1;DPYD;ALDH1A1;SHANK2;GRAMD1B;KHDRBS3;SEMA3C;DNAH5;PPM1H;IER5L;NRXN2;EFNA5;TFPI;CYP3A5;NCALD;EFNB2;CCL2;FLNB;NTRK2;JAG1;NEBL;PLK2;FN1;HMGA1;FZD8;SMAD6;BMP7;DCBLD2;GULP1;COL3A1;COL1A2;PI15;SDK2"
"NANOG","NANOG 18358816 ChIP-ChIP MESCs Mouse","35/865","0.0008141652054774621343966045650120122","0.00430756910132047352024464714759233","0","0","1.86991092331410957","13.3013257379804645808008","RTP4;CDKN1B;ATP8A1;SATB1;KLHDC7A;LAMC2;NR3C1;TFPI;LPP;BACH2;DLL4;SOCS3;ALCAM;RAB20;TUBB3;TRIM2;PRRG2;SLC25A21;TBL1X;JARID2;PAK4;TLE4;EGF;TRAPPC5;ITGA1;FN1;FZD8;SHROOM3;RHOF;PRAP1;DHRS3;GJB3;ALDH1A2;GIPC2;TCEA3"
"POU5F1","POU5F1 18692474 ChIP-Seq MESCs Mouse","94/3012","0.0008361116496019838084663433619425632","0.00439253021551464731958569487346722","0","0","1.47535860820177600","10.4554952585217915128624","RTP4;EHF;HSPB1;KLHDC7A;TXNDC12;SLC2A3;RND3;NUDT3;CTSS;MYLK;CALB2;TUBB3;TRIM2;PIM3;HORMAD2;JARID2;TLE4;UNC13A;LRRC46;UNC5B;ARL15;ITGA1;EBF2;SHROOM3;IL17RE;RHOF;RGMB;PRAP1;TGFBR3;TMEM37;CLDN4;MTNR1A;CLDN3;VGF;ALDH1A2;CDC42EP3;HOXB4;HOXB3;TXNIP;CDH13;RHOU;RAPGEF5;EPHA1;HOXB6;DDC;NNMT;PTGER1;SATB1;IER5L;NEDD4L;NRXN2;LPP;RHOBTB2;PLAC8;SOCS2;EFNB2;DLL4;SOCS3;LIMA1;NT5E;NWD1;SERTAD1;CCDC85B;MGAT5B;GCNT2;SFN;FLNB;SRGAP3;TBL1X;SLC38A4;NTRK2;EGLN3;JAG1;EGR3;ANKRD24;KCNJ9;CCDC14;TRAPPC5;FN1;FZD8;SMAD6;NFATC4;MLLT11;SMTN;XKR9;TMEM54;GJB3;UBE2S;DLC1;GIPC2;TCEA3;SPRY1;INHA;LGR4"
"P300","P300 19829295 ChIP-Seq ESCs Human","56/1594","0.0008425487462871404133191166607730338","0.00439539415895249478000161857949024","0","0","1.63485953516728344","11.5732998659953914000198","SAMD9L;N4BP2L1;CXCL1;MSI2;RND3;FHAD1;PPP3CA;PSD3;JARID2;PCDHAC2;TLE4;TESC;EBF2;RGMB;TMEM37;MTNR1A;ALDH1A2;CDC42EP3;DPYD;ALDH1A1;TMEM217;NCOA7;PRKD1;FAM20A;TLR3;CHST3;SATB1;NEDD4L;EFNA5;HIF1A;PCDH18;RASGRP3;EFNB2;MAP2;GCNT2;MAP7;GPC3;POC1A;REPS2;CCL2;TBL1X;JAG1;CENPW;FZD8;NEB;SMAD6;OXR1;DCBLD2;GULP1;MARCKS;KITLG;TMEM158;NBEA;KIF26B;TCEA3;SSBP2"
"SMAD4","SMAD4 21741376 ChIP-Seq ESCs Human","56/1595","0.0008549883364095609006305664934188826","0.00442931457612175290272649164080576","0","0","1.63370650696196473","11.5411933831510697956446","ACHE;PIWIL1;SNED1;KLHDC7A;N4BP2L1;NUDT3;MYLK;CALB2;TRIM2;HOXA3;PCDHAC2;GAMT;KDM6B;UNC5B;TMC8;EBF2;CACNA2D4;DEXI;TMEM37;TUBB2A;SIDT1;NCOA7;RHOU;TLR3;CHST3;COL13A1;C1S;SATB1;TACSTD2;TMEM160;ALOX12B;IQGAP2;PLAC8;LIMA1;ZNF827;GCNT2;MAP7;CHST13;SFN;CCDC73;HES4;EGLN3;SMOX;EGF;FZD9;FZD8;HMGA2;TMEM54;NBEA;REEP4;UBE2S;TCEA3;PAEP;MAP6D1;SSBP2;SDK2"
"CEBPB","CEBPB 26923725 Chip-Seq HEMANGIOBLAST Mouse","23/486","0.0008663334875415549260826986177619347","0.00445713642555862089161822225946707","0","0","2.18391376616138011","15.3993014890870032473913","GSTM2;PGAP1;TESC;WFDC1;SHROOM3;FOXL1;SMAD6;OXR1;BMP7;RND3;PBLD;EFNB2;FHAD1;BCAN;SERTAD1;RAB26;MGAT5B;KIF26B;HSD17B2;PRKD1;ALPK2;MDGA1;OXGR1"
"HNF4A","HNF4A 19761587 ChIP-ChIP CACO-2 Human","32/771","0.0008943038322841103835922349496456718","0.00456952506084894790466810476914361","0","0","1.91587359707076321","13.4484076272359356352126","ACHE;PGAP1;CDKN1B;GAL3ST1;COL13A1;SEMA3C;NTN4;LAMC2;CXCL2;STK31;MRPL2;PDE11A;TRIM2;PRRG2;MAP7;PDK3;CHST13;PIM3;TBL1X;PHLDA2;LRRC46;UNC5B;RIPK4;FN1;INHBA;SMAD6;DHRS3;GULP1;CLDN4;LTB4R2;GIPC2;CHST3"
"SOX2","SOX2 18692474 ChIP-Seq MEFs Mouse","55/1566","0.0009455157694663572382626215429013428","0.00479833172804015276741163020801650","0","0","1.63273638426003664","11.3700169642076645004636","RTP4;EHF;MIDN;CDKN1B;ATP8A1;HSPB1;TXNDC12;LAMC2;SLC2A3;TUBB3;JARID2;PHLDA2;TLE4;EBF2;SHROOM3;RHOF;RGMB;PRAP1;CLDN4;MTNR1A;ALDH1A2;TXNIP;CDH13;RHOU;EPHA1;DDC;KHDRBS3;NNMT;SATB1;IER5L;TFPI;FSTL1;EFNB2;DLL4;SOCS3;LIMA1;NT5E;RAB20;GCNT2;TBL1X;SLC38A4;JAG1;EGR3;KCNJ9;EGF;FN1;FZD8;SMAD6;MLLT11;MARCKS;GJB3;DLC1;TCEA3;INHA;PHF19"
"TCF4","TCF4 18268006 ChIP-ChIP LS174T Human","19/372","0.0009917473605070815066697687001351369","0.00499894277661001862345102608742309","0","0","2.35819524751962950","16.3093777534122352790291","PGAP1;TACSTD2;NEB;LAMC2;BAZ2B;TFPI;RND3;DHRS3;RASGRP3;TGFBR3;MAP2;KIF26B;MALL;CDC42EP3;TXNIP;SP5;SFN;SRGAP3;RHBG"
"EZH2","EZH2 23942234 ChIP-Seq MYOBLASTS AND MYOTUBES Mouse","32/777","0.0010152410005367484401722633080566993","0.00508301870067392157215291348393293","0","0","1.89983734701934481","13.0948744791751803262514","HRK;ACHE;MIDN;NRXN2;SYNE1;PANX2;PPP3CA;LIMA1;MGAT5B;FLNB;SRGAP3;JARID2;SEMA6B;KDM6B;PRKCH;EGR4;KCNJ9;TESC;SYT16;ARID3C;DHRS3;TGFBR3;BCAN;HOXB9;LTB4R2;CAMK4;HOXB3;NOTUM;LHX4;HOXB8;HOXB6;HOXB5"
"TOP2B","TOP2B 26459242 ChIP-Seq MCF-7 Human","55/1575","0.0010777611377201536373843238081349227","0.00536006539159489779622358440747121","0","0","1.62225877192982448","11.0846823380780445944538","DOCK4;KLHDC7A;CXCL1;RND3;BACH2;NUDT3;MYLK;ALCAM;CCND2;HLA-DPA1;TLE4;PRKCH;LIMCH1;TESC;EBF2;PARP8;FRMD3;MTNR1A;LGSN;PRKD1;FAM20A;TLR3;SEMA3C;NRXN2;EFNA5;FSTL1;LPP;NCALD;MAP2;ABI3BP;GPC3;REPS2;TBL1X;SLC38A4;NTRK2;EGLN3;JAG1;CENPW;EGR3;TMEM132B;FN1;LCA5;HMGA2;INHBA;SMAD6;OXR1;MPP7;NFATC4;KITLG;IL6;NR4A3;NBEA;DMXL2;SSBP2;MDGA1"
"SMARCA4","SMARCA4 23332759 ChIP-Seq OLIGODENDROCYTES Mouse","69/2089","0.0011032766318302678325985466400993573","0.00544778169755279467051378716746513","0","0","1.54267505358783308","10.5048006860515723559502","PIWIL1;EHF;PGAP1;HSPB1;LAMC2;IL1RAP;NR3C1;LIPA;RND3;NUDT3;MYLK;PPP3CA;GRIP1;ALCAM;CCND2;TRIM2;AKT3;ADORA1;PDK4;HORMAD2;ENPP5;OXGR1;TLE4;ARRDC4;PRKCH;LIMCH1;ITGA1;HPCAL1;GAB1;RFX3;TGFBR3;DPYD;PLSCR4;CDH13;RAPGEF5;TLR3;KHDRBS3;NNMT;SEMA3C;SATB1;SYNPO2;NEDD4L;PLA2G3;HIF1A;NCALD;RASGRP3;MAP2;MAP7;IGFBP7;NTSR1;NTRK2;EGLN3;JAG1;EGR3;SMOX;TMEM132B;LCA5;FZD8;OXR1;DCBLD2;GULP1;COL3A1;KITLG;GIPC2;COL5A2;SPRY1;LGR4;CD200;SDK2"
"YAP1","YAP1 20516196 ChIP-Seq MESCs Mouse","63/1868","0.0011118388014612200654501750207714394","0.00544778169755279467051378716746513","0","0","1.57134581042507415","10.6878857411877579153270","CNTNAP3;MAML2;RASGRF1;SLC2A3;MSI2;BACH2;MYLK;PPP3CA;GRIP1;ALCAM;CCND2;TUBB3;TMSB4X;PSD3;PDK4;HORMAD2;JARID2;TLE4;ARRDC4;ARL15;LIMCH1;GAB1;RFX3;KRT7;SHROOM3;RGMB;CDYL2;TGFBR3;CLDN3;DPYD;HOXB3;CDH13;NCOA7;TMEM45A;TACSTD2;PPM1H;PLA2G3;PCDH18;LPP;NCALD;PLAC8;LIMA1;NWD1;MGAT5B;HSD17B2;IGFBP7;TBL1X;SLC38A4;NTRK2;EGF;FN1;SYT16;HMGA2;INHBA;SMAD6;OXR1;BMP7;MARCKS;SMTN;NR4A3;DLC1;SSBP2;SDK2"
"TP53","TP53 23651856 ChIP-Seq MEFs Mouse","81/2541","0.0011183715636757754919444751706691932","0.00544778169755279467051378716746513","0","0","1.49598144784639331","10.1665128143684295736193","MIDN;GAL3ST1;MPL;KLHDC7A;N4BP2L1;LAMC2;MSI2;RND3;BACH2;SYNE1;CDC20;FHAD1;PPP3CA;GRIP1;PSD3;PDK4;PMEPA1;PIM3;CCIN;SYNPO;GAMT;ARRDC4;KDM6B;PRKCH;LRRC46;TNFRSF12A;UNC5B;ARL15;SPINK6;HPCAL1;ARAP2;TMC8;KRT7;EMP3;FOXL1;RHOF;HIC1;PARP8;TGFBR3;BCAN;CLDN4;LTB4R2;TXNIP;CDH13;ALPK2;RIN1;GRAMD1B;DDC;SEMA3C;TMEM59L;PPM1H;NEDD4L;IQGAP2;LPP;RASGRP3;SOCS3;LIMA1;SERTAD1;CCDC85B;GCNT2;FLNB;SRGAP3;PAK4;NTRK2;JAG1;SMOX;PLK2;KLHDC1;BMP7;DHRS3;MPP7;FOSL1;MLLT11;SMTN;XKR9;NBEA;CAMK4;GIPC2;COL5A2;COL9A3;SSBP2"
"LXR","LXR 22292898 ChIP-Seq THP-1 Human","56/1614","0.0011246090903795312714724685676515037","0.00544778169755279467051378716746513","0","0","1.61208019745245368","10.9465400499786635890587","ECM1;SERPINA1;TINAGL1;GAL3ST1;GRIK5;CDC20;TUBB3;ADORA1;TNFSF10;PMEPA1;PIM3;ZNF524;SYNPO;PCDHAC2;PDGFRB;ABCC3;RIPK4;TMC8;KRT7;IL17RE;FRMD3;BCAN;CLDN4;HSH2D;RIN1;HOXB5;GRAMD1B;PTGER1;IER5L;NRXN2;CLCN1;RHOBTB2;SLC25A27;EFNB2;DLL4;KLC3;CCDC85B;CCL2;FAM47E;NTSR1;SLC38A4;NTRK2;BTBD19;EGLN3;EGR3;TRAPPC5;FZD9;HMGA2;NFATC1;SMAD6;OXR1;PAEP;COL9A3;NOTUM;LIMS2;PHF19"
"ELK3","ELK3 25401928 ChIP-Seq HUVEC Human","58/1689","0.0011663249427941904234201642154289402","0.00561340907951268352354956547856091","0","0","1.59641285924805887","10.7820088960489712803792","SNED1;ECM1;MIDN;TINAGL1;SRXN1;HSPB1;RND3;HOXA9;TMEM88;TUBB3;AKT3;PIM3;ZNF524;PHLDA2;ABCC3;KDM6B;TNFRSF12A;UNC5B;MYEOV;HPCAL1;GAB1;FOXL1;RHOF;RGMB;HIC1;TGFBR3;CDC42EP3;MALL;HOXB3;CDH13;HOXB8;RIN1;HOXB6;CHST3;FOXC2;SLFN5;IER5L;EFNA5;ZNF827;SERTAD1;CCDC85B;SFN;FLNB;NTSR1;BTBD19;JAG1;SMOX;FZD8;INHBA;SMAD6;OXR1;NFATC4;FOSL1;SMTN;NR4A3;CLCF1;LHX4;PHF19"
"GATA1","GATA1 21571218 ChIP-Seq MEGAKARYOCYTES Human","70/2132","0.0011855212128462501008224760923326357","0.00566225453594654173222755488836810","0","0","1.53343258219986622","10.3316135936432402786522","TINAGL1;MAML2;ATP8A1;MPL;SLC2A3;IL1RAP;MSI2;NR3C1;LIPA;BACH2;PPP3CA;TNFSF10;TNFAIP8L1;JARID2;TLE4;ARRDC4;ABCC3;UNC5B;ARL15;MYH15;MYEOV;HPCAL1;GAB1;ACSL5;CACNA2D4;FOXL1;RHOF;HIC1;FRMD3;CLDN7;HOXB3;RBM20;NCOA7;RAPGEF5;C1S;PPM1H;ILDR2;NRXN2;IQGAP2;HIF1A;LPP;DLL4;SOCS3;SH3TC2;MGAT5B;GCNT2;FLNB;TBL1X;PAK4;EGLN3;EGR3;SMOX;TMEM132B;KLHDC1;LCA5;FZD8;NFATC1;OXR1;DHRS3;DCBLD2;SMTN;GFI1B;TMEM54;DLC1;TCEA3;SPRY1;INHA;SSBP2;MDGA1;SDK2"
"RXR","RXR 22158963 ChIP-Seq LIVER Mouse","54/1546","0.0011916541047501431286465001235796990","0.00566225453594654173222755488836810","0","0","1.62114237055861210","10.9141998618288713629454","HRK;KLHDC7A;N4BP2L1;CXCL1;CLDN1;LIPA;AREG;TRIM2;PDK4;TNFAIP8L1;PIM3;SYNPO;GAMT;ABCC3;KDM6B;RIPK4;ACSL5;DEXI;TGFBR3;TMEM37;CLDN3;TUBB2A;DPYD;TXNIP;RHOU;FAM20A;EPHA1;DSC2;TLR3;DDC;NNMT;IQGAP2;HIF1A;LPP;PBLD;SOCS2;SOCS3;RAB20;CHST13;FLNB;TBL1X;SLC38A4;GSTM2;EGLN3;INCA1;FN1;HMGA1;INHBA;DHRS3;XKR9;TMEM54;REEP4;NOTUM;LIMS2"
"OCT4","OCT4 18692474 ChIP-Seq MEFs Mouse","57/1655","0.0012037731796206267449039772898800038","0.00568363792403156747184977959364005","0","0","1.60022684605757193","10.7571958681483863529138","EHF;HSPB1;TXNDC12;SLC2A3;NUDT3;CTSS;CALB2;TUBB3;JARID2;TLE4;EBF2;SHROOM3;IL17RE;RHOF;PRAP1;TGFBR3;CLDN4;MTNR1A;CLDN3;ALDH1A2;HOXB4;HOXB3;TXNIP;CDH13;EPHA1;HOXB6;DDC;NNMT;PTGER1;SATB1;NRXN2;EFNB2;DLL4;SOCS3;LIMA1;NT5E;SERTAD1;GCNT2;SFN;TBL1X;NTRK2;JAG1;EGR3;KCNJ9;TRAPPC5;FN1;FZD8;SMAD6;MLLT11;SMTN;TMEM54;GJB3;DLC1;GIPC2;TCEA3;SPRY1;INHA"
"SOX9","SOX9 26525672 Chip-Seq HEART Mouse","47/1299","0.0012310609754218608709319671135062890","0.00577110061900723472078089670844747","0","0","1.67473895425855224","11.2205481822493204902003","DOCK4;DDC;KHDRBS3;SRXN1;NTN4;IER5L;NEDD4L;ZDHHC21;MSI2;EFNA5;FSTL1;PCDH18;LPP;CDC20;PPP3CA;GRIP1;ALCAM;AKT3;JARID2;SYNPO;CCDC163;OXGR1;KDM6B;NTRK2;NEBL;ARL15;PLK2;ITGA1;ARAP2;FZD8;HMGA2;NEB;INHBA;RGMB;OXR1;NFATC4;PARP8;GULP1;FOSL1;ALDH1A1;PI15;TXNIP;SPINK13;SSBP2;MDGA1;SDK2;CHST3"
"NANOG","NANOG 16518401 ChIP-PET MESCs Mouse","57/1657","0.0012377695697602649014396059001796857","0.00577110061900723472078089670844747","0","0","1.59804843749999992","10.6980461785879317204717","ACHE;DOCK4;LAMC2;SLC2A3;BACH2;MRPL2;TMSB4X;TRIM2;ADORA1;PDK4;HORMAD2;JARID2;SYNPO;TLE4;TNFRSF12A;ZFP2;GAB1;RFX3;RHOF;CDYL2;PARP8;CLDN4;CLDN3;ALDH1A2;DPYD;NCOA7;RIN1;TLR3;CHST3;PLA1A;TMEM45A;DDC;COL13A1;NEDD4L;NRXN2;LPP;SOCS2;STK31;SOCS3;NT5E;RAB20;GPC3;SRGAP3;TBL1X;EGLN3;KCNJ9;FZD8;INHBA;SMAD6;OXR1;NFATC4;COL3A1;MARCKS;GJB3;TCEA3;SDK2;PHF19"
"FOXA1","FOXA1 26769127 Chip-Seq PDAC-Cell Line Human","57/1658","0.0012550849978192315983122062661436757","0.00581548700852886190498791663117117","0","0","1.59696127420362277","10.6685828045134964980889","PIWIL1;EHF;PGAP1;SERPINA1;GAL3ST1;RASGRF1;RASEF;HSPB1;KLHDC7A;N4BP2L1;LAMC2;MSI2;NUDT3;FHAD1;ALCAM;SLC22A15;AKT3;HOXA3;PHLDA2;ARRDC4;TNFRSF12A;ACSL5;LTB4R2;C2CD4D;CDC42EP3;DPYD;TXNIP;RBM20;RHOU;PRKD1;RAPGEF5;RIN1;DSC2;SLFN5;KRT80;NNMT;DNAH5;TACSTD2;PPM1H;NEXN;HIF1A;PLAC8;SOCS2;NT5E;RAB20;NTSR1;EGLN3;KLHDC1;SMAD6;DHRS3;GULP1;FOSL1;KITLG;GJB3;CLCF1;CAMK4;KIF26B"
"OLIG2","OLIG2 26023283 ChIP-Seq AINV15 Mouse","55/1588","0.0012977791359696504592396992805447553","0.00597619281131703261600307541812072","0","0","1.60734163494335247","10.6841619195298775935044","DOCK4;TINAGL1;ATP8A1;KLHDC7A;IL1RAP;CXCL2;NUDT3;SLC22A15;TUBB3;SYNPO;SEMA6B;TLE4;KDM6B;ARL15;LIMCH1;RIPK4;ZFP2;TMC8;EBF2;SHROOM3;RGMB;CLDN3;TUBB2A;HOXB3;TXNIP;NCOA7;EPHA1;HOXB5;SATB1;NTN4;NEXN;BAZ2B;IQGAP2;TFPI;EFNB2;DLL4;SOCS3;SH3BGRL;GCNT2;SRGAP3;NTSR1;PAK4;EGLN3;FN1;FZD9;FZD8;HMGA2;BMP7;DHRS3;MARCKS;DLC1;COL5A2;NOTUM;MDGA1;SDK2"
"CTCF","CTCF 33576154 ChIP-Seq Human PerigastricLN ProstateCancer","75/2328","0.0013141233162338500275317931809127003","0.00601433125098436906913468291691061","0","0","1.50671704742716517","9.9964430985945007535065","ACHE;PIWIL1;MIDN;DOCK4;SRXN1;CLDN1;RND3;NUDT3;MYLK;CALB2;ALCAM;PSD3;ANKRD31;PMEPA1;PHLDA2;GAMT;SEMA6B;KDM6B;PRKCH;LIMCH1;SLC2A13;MYEOV;ITGA1;HPCAL1;TMC8;RHOF;RGMB;HIC1;RHOU;KDM7A;HOXB5;COL13A1;C1S;SEMA3C;ZNF20;DNAJC22;NEDD4L;NRXN2;PLAC8;SOCS2;EFNB2;SOCS3;KLC3;SERTAD1;MAP2;MGAT5B;MAP7;POC1A;PCDHA4;CHST13;FLNB;HBQ1;KIAA0319;CCDC73;JAG1;ANKRD24;SMOX;TRAPPC5;STYK1;NFATC1;PCDHB10;NFATC4;MLLT11;IGSF10;MARCKS;SMTN;COL1A2;TMEM158;REEP4;CLCF1;KIF26B;SPRY1;NOTUM;MDGA1;LIMS2"
"STAT3","STAT3 23295773 ChIP-Seq U87 Human","83/2637","0.0013964340150655425634024231484886513","0.00635207180023716292543989325736220","0","0","1.47622791552728438","9.7044764124125304505242","SLC44A5;RTP4;SNED1;DOCK4;SERPINA1;MAML2;ATP8A1;KIF12;IL1RAP;MSI2;NR3C1;CLDN1;CXCL2;BACH2;CTSS;SYNE1;ZDBF2;PPP3CA;GRIP1;ALCAM;SLC22A15;TRIM2;PSD3;TLE4;PRKCH;UNC5B;ARL15;LIMCH1;SLC2A13;TESC;MYH15;MYEOV;SHROOM3;PARP8;FRMD3;ALDH1A1;CDH13;RBM20;PRKD1;EPHA1;SHANK2;CHST3;DDC;COL13A1;SEMA3C;SATB1;DNAH5;NEDD4L;BAZ2B;EFNA5;ZNF69;LPP;NCALD;RHOBTB2;RASGRP3;SOCS2;NT5E;PDE11A;MAP2;ABI3BP;IGFBP7;NTSR1;SLC38A4;CCDC73;PLK2;CCDC14;TMEM132B;STYK1;FN1;LCA5;HMGA2;MARCKS;IL6;XKR9;NBEA;CAMK4;DLC1;KIF26B;DMXL2;SP5;SSBP2;CD200;SDK2"
"SOX9","SOX9 24532713 ChIP-Seq HFSC Mouse","44/1203","0.0014280184703470265999980526316903706","0.00643848717236236017802397668674530","0","0","1.68989297361213531","11.0712788625369107364804","ECM1;CDKN1B;SEMA3C;PPM1H;NEDD4L;IL1RAP;IQGAP2;CLDN1;HIF1A;LPP;NCALD;EFNB2;FHAD1;PPP3CA;PDE11A;ALCAM;TMEM88;GCNT2;GPC3;CHST13;FLNB;IGFBP7;TLE4;SUN2;PRKCH;ARL15;ITGA1;FZD9;GAB1;RFX3;SHROOM3;NFATC1;RHOF;MPP7;PARP8;SMTN;DPYD;ALDH1A1;HOXB3;TXNIP;NABP1;RBM20;LGR4;SDK2"
"VDR","VDR 24787735 ChIP-Seq THP-1 Human","28/663","0.0014326928560484608003028350609042718","0.00643848717236236017802397668674530","0","0","1.94344657966705192","12.7260759007158856803699","COL13A1;RASEF;LAMC2;NR3C1;EFNA5;LPP;RND3;NUDT3;RAB20;HSD17B2;FLNB;IGFBP7;SEMA6B;TLE4;SRGN;PRKCH;EGF;RFX3;INHBA;TMEM37;MARCKS;IL6;LGSN;CDC42EP3;DMXL2;TXNIP;RHOU;CHST3"
"JUN","JUN 21703547 ChIP-Seq K562 Human","44/1206","0.0014986498328324673878775286084419349","0.00669456751672467542668698570196284","0","0","1.68525502910986735","10.9595348116437776297971","PIWIL1;FOXC2;SLFN5;PGAP1;CDKN1B;KHDRBS3;SATB1;GRIK5;NTN4;NEDD4L;EFNA5;CLDN1;LPP;MYLK;RASGRP3;STK31;EFNB2;NT5E;RAB20;HSD17B2;GPC3;CCL2;HBQ1;OXGR1;PDGFRB;NTRK2;PLK2;CCDC14;TMEM132B;MYEOV;HPCAL1;RFX3;FOXL1;INHBA;DEXI;CDYL2;TMEM154;IL6;TUBB2A;VGF;CDC42EP3;PRKD1;LHX4;MDGA1"
"TFAP2C","TFAP2C 20629094 ChIP-Seq MCF-7 Human","39/1034","0.0015381345875286047894525687240729894","0.00683005001366868581130775694987278","0","0","1.73925128032507037","11.2654521364559272456063","GRAMD1B;SNED1;TINAGL1;SEMA3C;CCDC146;NR3C1;EFNA5;LPP;RHOBTB2;PDE11A;NPW;TUBB3;RAB26;PMEPA1;FLNB;SLC25A21;PAK4;ABCC3;NTRK2;PRKCH;RIPK4;HPCAL1;GAB1;KRT7;SMAD6;CDYL2;FRMD3;BCAN;CLDN4;HSH2D;REEP4;DOK7;SIDT1;NCOA7;LHX4;SDK2;SHANK2;CHST3;ZNF233"
"KLF4","KLF4 25985364 ChIP-Seq ATHEROSCLEROSIS LESION Mouse","34/865","0.0015648184885469974998717379577328757","0.00690742362400035680297660789506153","0","0","1.80991314688219207","11.6920125828139518375792","SAMD9L;TINAGL1;COL13A1;GRIK5;DNAJC22;FSTL1;PCDH18;LPP;RND3;BACH2;STK31;LIMA1;NT5E;HMGN5;MGAT5B;TBL1X;JARID2;TLE4;ABCC3;PRKCH;JAG1;EGR3;ANKRD24;RIPK4;INHBA;COL3A1;MTNR1A;MARCKS;SPINK13;SPRY1;PRKD1;FAM20A;CD200;PHF19"
"TEAD4","TEAD4 22529382 ChIP-Seq TROPHECTODERM Mouse","59/1748","0.0015822202829525447084768607908245031","0.00694315488872116783058974220921300","0","0","1.56702101389124415","10.1056028348210631406801","SLC44A5;DOCK4;TINAGL1;ATP8A1;RASGRF1;HSF2BP;CXCL1;RND3;GRIP1;TRIM2;PDK4;JARID2;PHLDA2;ARL15;LIMCH1;SLC2A13;ITGA1;ARAP2;ACSL5;SHROOM3;FRMD3;TGFBR3;HOXB9;DOK7;CDH13;RBM20;PRKD1;ALPK2;FAM20A;CHST3;PLA1A;GRAMD1B;COL13A1;CFI;NEDD4L;BAZ2B;IQGAP2;FSTL1;LPP;SOCS2;DLL4;PDE11A;COBLL1;PRRG2;GCNT2;GPC3;FLNB;SLC38A4;NIPSNAP3B;CENPW;TMEM132B;TRAPPC5;FZD8;DCBLD2;GULP1;GJB3;COL5A2;LHX4;SSBP2"
"TP53","TP53 22127205 ChIP-Seq IMR90 Human","31/766","0.0015938288394192515976671709054812709","0.00695319481992258230096393134544996","0","0","1.86211874421129964","11.9950540500688624945269","COL13A1;SRXN1;DNAJC22;HSF2BP;MSI2;CLDN1;RHOBTB2;SYNE1;LIMA1;CCND2;SERTAD1;CCDC85B;TP53INP1;HOXA3;GPC3;CA9;TRIM22;BTBD19;JAG1;UNC5B;PLK2;SHROOM3;FOSL1;TGFBR3;SMTN;KITLG;CAMK4;CDC42EP3;TMEM217;INHA;SDK2"
"ZFP281","ZFP281 18358816 ChIP-ChIP MESCs Mouse","20/419","0.0016662577350952600344774490181976034","0.00720934929479210510200326567087359","0","0","2.19587871280030722","14.0474205017576032616944","HRK;LRRC46;TNFRSF12A;HMGA1;FZD8;HMGA2;RHOF;NR3C1;KLF16;SOCS2;SOCS3;CLDN4;CCND2;TMEM54;VGF;DPYD;TCEA3;HOXB4;TBL1X;SLC38A4"
"OLIG2","OLIG2 23332759 ChIP-Seq OLIGODENDROCYTES Mouse","57/1679","0.0016718732278807430739059336488594454","0.00720934929479210510200326567087359","0","0","1.57444050554870540","10.0666743743009181599746","PGAP1;IL1RAP;NR3C1;RND3;PPP3CA;GRIP1;ALCAM;CCND2;TUBB3;TMSB4X;TRIM2;AKT3;PDK4;OXGR1;TLE4;LIMCH1;ITGA1;ARAP2;RFX3;FRMD3;TGFBR3;DPYD;PLSCR4;RAPGEF5;SHANK2;TPH1;KHDRBS3;NNMT;SEMA3C;SYNPO2;NEDD4L;ZDHHC21;EFNA5;PCDH18;NCALD;RASGRP3;SOCS2;EFNB2;MAP2;FLNB;IGFBP7;TBL1X;EGLN3;JAG1;PLK2;LCA5;FZD8;HMGA2;INHBA;OXR1;DCBLD2;GULP1;COL5A2;SPINK13;SPRY1;CD24;LGR4"
"STAT3","STAT3 19079543 ChIP-ChIP MESCs Mouse","28/672","0.0017436071238794163731217201629419833","0.00747546502536807280780983830936748","0","0","1.91537448059187199","12.1660741928897522257103","FOXC2;KHDRBS3;SRXN1;RASEF;NTN4;IER5L;BAZ2B;LPP;RND3;SOCS3;HOXA3;ADORA1;PAK4;LRRC46;ANKRD24;UNC5B;STYK1;EBF2;NFATC1;FOXL1;DHRS3;HOXB9;TMEM54;HOXB4;HOXB8;HOXB6;SDK2;PHF19"
"SMAD4","SMAD4 21799915 ChIP-Seq A2780 Human","70/2167","0.0018075541083214595027700566376438474","0.00770534494175890635747627754881250","0","0","1.50481985462189738","9.5041121480458219394905","SLC44A5;TINAGL1;MAML2;RASEF;MSI2;CLDN1;AREG;CXCL2;RND3;BACH2;SYNE1;CALB2;PPP3CA;ALCAM;PSD3;JARID2;SYNPO;PRKCH;ARL15;LIMCH1;SPINK6;GAB1;RFX3;SHROOM3;MIF4GD;CDYL2;PARP8;FRMD3;MTNR1A;DPYD;PLSCR4;CDH13;RBM20;PRKD1;SHANK2;CHST3;DNAH5;TACSTD2;PPM1H;ILDR2;HIF1A;FSTL1;LPP;ABI3BP;GPC3;REPS2;FLNB;IGFBP7;SLC25A21;SRGAP3;SLC38A4;TM4SF18;BTBD19;JAG1;NEBL;TMEM132B;SYT16;FZD8;HMGA2;OXR1;TMEM154;GULP1;COL3A1;XKR9;TMEM158;NBEA;DLC1;GIPC2;COL5A2;SSBP2"
"EVI1","EVI1 22308434 ChIP-Seq SKOV3 Human Ovary OvarianCancer","38/1010","0.0018408444395246724174103336579833012","0.00779242010142700437108631561500260","0","0","1.73276073740141623","10.9121142481710879934553","ACHE;SLFN5;ECM1;ZNF20;NEDD4L;KLHDC7A;BAZ2B;HIF1A;RND3;NCALD;SYNE1;PBLD;PPP3CA;NT5E;PDE11A;ALCAM;TUBB3;RAB26;TRIM2;MGAT5B;H4C8;ANKRD34A;GSTM2;ITGA1;ARAP2;SMAD6;TMEM154;GULP1;HOXB9;NR4A3;NABP1;SPINK13;CCSER1;LHX4;SSBP2;HOXB6;ZNF233;TMEM45A"
"FOXA1","FOXA1 25552417 ChIP-Seq VCAP Human","56/1650","0.0018488717935021175067800136559981183","0.00779242010142700437108631561500260","0","0","1.57251788971736284","9.8961376099891822377685","EHF;ANKRD37;TINAGL1;ATP8A1;RASEF;SLC2A3;RND3;NUDT3;ALCAM;PDK4;TLE4;ARRDC4;LIMCH1;RIPK4;ARAP2;RFX3;RGMB;TGFBR3;CLDN4;MTNR1A;TXNIP;PRKD1;RAPGEF5;ZNF233;SEMA3C;DNAH5;PPM1H;NEDD4L;EFNA5;HIF1A;LPP;PBLD;RASGRP3;PLAC8;RAB20;MAP2;COBLL1;TP53INP1;CCL2;FLNB;IGFBP7;TBL1X;NIPSNAP3B;EGLN3;JAG1;NEBL;INHBA;BMP7;DHRS3;MARCKS;XKR9;REEP4;KIF26B;DMXL2;SPRY1;PHF19"
"TRP63","TRP63 18441228 ChIP-ChIP KERATINOCYTES Mouse","8/99","0.0019503326951647460135719214235905383","0.00817386623928595748567182965871325","0","0","3.80861009814239182","23.7647950761928576923765","EFNB2;FOSL1;EHF;ALCAM;RIPK4;CDC42EP3;CLDN1;DSC2"
"SMRT","SMRT 27268052 Chip-Seq Bcells Human","55/1621","0.0020441776935031887897642466356273871","0.00849499340013409182104098249510571","0","0","1.57058735695723151","9.7262700521457325919528","PIWIL1;SNED1;PGAP1;RASGRF1;WFDC1;MSI2;NR3C1;CLDN1;BACH2;NUDT3;MYLK;PPP3CA;TMSB4X;AKT3;PMEPA1;JARID2;SUN2;ARL15;HPCAL1;GAB1;HIC1;PARP8;CLDN4;HSH2D;LGSN;CDC42EP3;SIDT1;RBM20;TLR3;CHST3;GRAMD1B;PTGER1;SATB1;CCDC146;PPM1H;NEDD4L;IQGAP2;EFNA5;LPP;NCALD;SOCS3;MAP7;GPC3;FLNB;TBL1X;KIAA0319;JAG1;EGR3;KLHDC1;TMEM154;MARCKS;KITLG;CAMK4;SSBP2;SDK2"
"LMO2","LMO2 26923725 Chip-Seq HEMANGIOBLAST Mouse","49/1404","0.0020497303110243113820343463515882831","0.00849499340013409182104098249510571","0","0","1.61206135590767663","9.9787356406905871608615","KLHDC7A;N4BP2L1;LAMC2;MSI2;RND3;BACH2;PPP3CA;GRIP1;HMGN5;PSD3;JARID2;TLE4;ARRDC4;TESC;GAB1;RFX3;SHROOM3;KLF16;CDH13;PRKD1;CAPS2;DDC;KHDRBS3;NRXN2;EFNA5;FSTL1;EFNB2;SOCS3;LIMA1;PDE11A;SH3TC2;MGAT5B;HSD17B2;SLC38A4;PAK4;EGLN3;ANKRD24;FN1;FZD9;INHBA;SMAD6;OXR1;GULP1;MARCKS;KIF26B;SP5;SPINK13;COL9A3;SDK2"
"MYC","MYC 19915707 ChIP-ChIP AK7 Human","58/1732","0.0020746306398373923207678615199256456","0.00855068760949555077555128690391939","0","0","1.55167189179639631","9.5861857273142323521142","MIDN;ATP8A1;SRXN1;HSPB1;MSI2;NUDT3;MYLK;CALB2;PPP3CA;SLC22A15;TRIM2;TNFSF10;CCIN;SYNPO;ARRDC4;UNC13A;UNC5B;EBF2;FOXL1;RHOF;PRAP1;HIC1;HSH2D;DPYD;MALL;SIDT1;HOXB3;NCOA7;HOXB8;TMEM45A;FOXC2;DDC;COL13A1;NEDD4L;NRXN2;HIF1A;LPP;NCALD;SOCS2;LIMA1;MGAT5B;GCNT2;CCL2;SFN;EGLN3;STYK1;FN1;SYT16;HMGA1;OTOP2;OXR1;IL6;TMEM54;CLCF1;GIPC2;PI15;LHX4;SDK2"
"CTBP1","CTBP1 25329375 ChIP-Seq LNCAP Human","34/885","0.0022677158415746424477421605558902229","0.00929514295502573140161928222369170","0","0","1.76548796715309209","10.7500247909092276898946","ZNF493;KHDRBS3;NNMT;MAML2;RASEF;NEDD4L;EFNA5;LIPA;ABI3BP;HSD17B2;HORMAD2;SLC38A4;TLE4;PRKCH;NEBL;ARL15;SLC2A13;TMEM132B;MYH15;RIPK4;ARAP2;RFX3;FZD8;EBF2;BMP7;BCAN;COL1A2;NBEA;KIF26B;CDC42EP3;DPYD;TMEM217;PRKD1;ALPK2"
"KLF4","KLF4 18358816 ChIP-ChIP MESCs Mouse","44/1238","0.0024650383711042572580651732749856819","0.01004413397233018361009992958088333","0","0","1.63723378798755692","9.8324859458331275163800","HRK;ANKRD37;CDKN1B;LAMC2;SLC2A3;EFNA5;SOCS2;DLL4;HOXA9;RAB20;TUBB3;ADORA1;SFN;TBL1X;JARID2;PHLDA2;SLC38A4;PAK4;SEMA6B;UNC13A;ARL15;FN1;TMC8;HMGA2;SHROOM3;RHOF;L1CAM;KLF16;NFATC4;FOSL1;MLLT11;TMEM37;CLDN4;MTNR1A;TUBB2A;CLDN7;GIPC2;CDC42EP3;MALL;TCEA3;HOXB4;TXNIP;SP5;CHST3"
"SOX2","SOX2 18358816 ChIP-ChIP MESCs Mouse","25/591","0.0024773735266873375682195046465494670","0.01004413397233018361009992958088333","0","0","1.94029331893731194","11.6428393799540472741683","ANKRD37;CDKN1B;TXNDC12;TFPI;LPP;SLC25A27;CALB2;DLL4;SOCS3;RAB20;TUBB3;JARID2;NTRK2;UNC13A;JAG1;TNFRSF12A;ITGA1;FN1;SHROOM3;RHOF;SMAD6;MLLT11;GJB3;TCEA3;TLR3"
"SMAD1","SMAD1 18555785 ChIP-Seq MESCs Mouse","20/436","0.0026397892431932507180392111223454776","0.01061870091923043137038806804639535","0","0","2.10427301531420508","12.4931871460339642965209","EHF;DDC;ENDOG;CDKN1B;ARL15;SLC2A3;RHOF;SMAD6;CLDN1;TMEM154;TMEM37;SOCS3;CLDN4;CLDN3;TUBB2A;DLC1;CDC42EP3;TXNIP;JARID2;PAK4"
"AR","AR 35413990 ChIP-Seq Human ARposCRProstateCancer","25/594","0.0026475581380386871942211879371598116","0.01061870091923043137038806804639535","0","0","1.92975818525027631","11.4514118586390392096064","DOCK4;PGAP1;NNMT;CXCL8;SEMA3C;NTN4;MYLK;SOCS2;FHAD1;RAB20;ADORA1;SFN;JARID2;SYNPO;GRAMD2B;HPCAL1;HMGA2;NEB;RGMB;OXR1;GFAP;GULP1;TXNIP;COL9A3;TLR3"
"SALL4","SALL4 22934838 ChIP-ChIP CD34+ Human","39/1067","0.0026712145521093438003956688220341675","0.01063290207416476076951461493536044","0","0","1.68042419898348649","9.9568864693958953893116","ANKRD37;C1S;NTN4;SLC2A3;IQGAP2;NR3C1;CLDN1;CYP3A5;MYLK;MAP2;ABI3BP;PSD3;HOXA3;GCNT2;CCL2;IGFBP7;SRGAP3;SYNPO;ENPP5;PCDHAC2;HLA-DPA1;ARL15;STYK1;RFX3;EMP3;INHBA;RGMB;OXR1;DCBLD2;FRMD3;BCAN;MTNR1A;NR4A3;NBEA;GIPC2;CDC42EP3;PLSCR4;COL5A2;MDGA1"
"CTCF","CTCF 33576154 ChIP-Seq Human Liver ProstateCancer","108/3679","0.0026796053484490281459962091048510047","0.01063290207416476076951461493536044","0","0","1.38410099183248692","8.1967647649208981164293","MIDN;MAML2;ATP8A1;IL1RAP;MSI2;CLDN1;NUDT3;HOXA9;ALCAM;ANKRD31;PDK4;PIM3;PHLDA2;ENPP5;GAMT;SEMA6B;ARRDC4;ENDOG;PRKCH;LIMCH1;HPCAL1;RFX3;MIF4GD;DEXI;HIC1;FRMD3;LBHD1;CLDN3;SIDT1;PRKD1;HOXB8;HOXB6;HOXB5;ZNF20;DNAJC22;IQGAP2;HIF1A;SOCS2;EFNB2;SOCS3;SYCE2;KLC3;ZNF827;MAP2;COBLL1;MAP7;PCDHA4;CHST13;HBQ1;KIAA0319;ITPRID2;JAG1;ANKRD24;PLK2;INCA1;TRAPPC5;HMGA1;NFATC1;INHBA;SMAD6;NFATC4;MLLT11;COL1A2;XKR9;NR4A3;REEP4;ACHE;SRXN1;HSPB1;CALB2;PMEPA1;JARID2;KDM6B;SUN2;SLC2A13;TESC;GAB1;TMC8;RHOF;RGMB;KLF16;TUBB2A;RHOU;KDM7A;C1S;SEMA3C;PPM1H;IER5L;NRXN2;NCALD;RAB20;SERTAD1;CCDC85B;MGAT5B;POC1A;FLNB;HES4;SMOX;OXR1;MPP7;MARCKS;TMEM158;CLCF1;KIF26B;SPRY1;NOTUM;MDGA1;NECTIN3"
"ELF3","ELF3 26769127 Chip-Seq PDAC-Cell Line Human","56/1680","0.0027385750854035033167999113601354111","0.01080940218894715920683324839046691","0","0","1.54088915641929658","9.0917353101512237145698","PIWIL1;EHF;ECM1;PGAP1;CDKN1B;SERPINA1;TINAGL1;RASEF;KLHDC7A;N4BP2L1;CXCL1;LAMC2;CTSS;IFI44L;CDC20;FHAD1;SLC22A15;TUBB3;ADORA1;PMEPA1;PIM3;PHLDA2;ARRDC4;SLC2A13;TESC;TMC8;ACSL5;KRT7;BCAN;HOXB9;LTB4R2;CDC42EP3;DPYD;MALL;RHOU;CHST3;KRT80;COL13A1;TACSTD2;PPM1H;EFNB2;SH3TC2;SFN;TBL1X;PLK2;STYK1;FZD8;DHRS3;GFAP;FOSL1;IGSF10;GJB3;KIF26B;TCEA3;LHX4;MDGA1"
"FOXM1","FOXM1 32153563 ChIP-Seq SKOV3 Human Ovary OvarianCancer","10/154","0.0029019713473790419155928788086384884","0.01139405592181455539879664229374612","0","0","3.01376460352970410","17.6075128317942173339361","EGLN3;TNFRSF12A;C1S;UNC5B;DLC1;DOK7;KRT7;TXNDC12;CA9;PHLDA2"
"NR1I2","NR1I2 20693526 ChIP-Seq LIVER Mouse","26/631","0.0029183239525827023991277897607687919","0.01139827051637013616280924566126487","0","0","1.88831661904853210","11.0216241261533127726580","NNMT;PPM1H;HSF2BP;KIF12;CXCL1;MSI2;IQGAP2;EFNA5;CLDN1;AREG;LPP;NCALD;MYLK;SLC22A15;ABI3BP;COBLL1;HSD17B2;PDK4;TNFAIP8L1;FLNB;PIM3;ABCC3;GSTM2;NEBL;MIF4GD;CLCF1"
"TP53","TP53 22573176 ChIP-Seq HFKS Human","38/1039","0.0029874368479024457356807431551715126","0.01154846286154072830532069104947368","0","0","1.67993343172340781","9.7660233772267943663792","SLC44A5;ANKRD37;NNMT;TMEM59L;DNAJC22;NEXN;BAZ2B;IL1RAP;NR3C1;SYCE2;CCND2;SERTAD1;PRRG2;TP53INP1;HOXA3;GPC3;PIM3;IGFBP7;CA9;HORMAD2;HBQ1;TRIM22;PDGFRB;SRGN;CENPW;ARL15;LIMCH1;MYEOV;STYK1;HMGA2;DCBLD2;FRMD3;KITLG;MAP6D1;INHA;PPEF1;TLR3;SHANK2"
"UBF1/2","UBF1/2 26484160 Chip-Seq HMEC-DERIVED Human","55/1650","0.0029877390513101341994184334538431358","0.01154846286154072830532069104947368","0","0","1.53954366100531792","8.9497342481927297797029","HRK;PGAP1;SERPINA1;TINAGL1;MAML2;HSPB1;KLHDC7A;TXNDC12;CDC20;FHAD1;SLC22A15;CCND2;TUBB3;HOXA3;SLC16A8;CA9;JARID2;ABCC3;UNC13A;MYEOV;TMC8;KRT7;RHOF;HIC1;TGFBR3;C2CD4D;CDH13;CHST3;FOXC2;TMEM59L;TACSTD2;NEDD4L;FSTL1;CLCN1;RHOBTB2;SOCS2;ZNF827;NPW;MGAT5B;SRGAP3;HES4;ANKRD34A;FN1;NFATC4;DCBLD2;GFAP;FOSL1;IGSF10;TMEM54;GJB3;GIPC2;TCEA3;COL9A3;SPRY1;LGR4"
"MYB","MYB 21317192 ChIP-Seq ERMYB Mouse","30/767","0.0031186872696304852349558078827840291","0.01199247785125949657125676850455420","0","0","1.79276070149571498","10.3448443664388154417111","MIDN;SAMD9L;MAML2;SEMA3C;PPM1H;IL1RAP;LPP;RND3;PLAC8;SOCS2;PPP3CA;NT5E;ALCAM;SERTAD1;GCNT2;TBL1X;SRGN;EGLN3;PRKCH;SMOX;HPCAL1;NFATC1;EMP3;OXR1;CDYL2;TMEM154;PARP8;GFI1B;CDC42EP3;RHOU"
"KLF5","KLF5 18264089 ChIP-ChIP MESCs Mouse","7/85","0.0033126959252996971555527139230434841","0.01254452365621103529513824526020471","0","0","3.88190883190883218","22.1656720323027229824220","SOCS3;HOXB9;HOXB4;SLC2A3;JARID2;BMP7;HOXB5"
"KLF2","KLF2 18264089 ChIP-ChIP MESCs Mouse","7/85","0.0033126959252996971555527139230434841","0.01254452365621103529513824526020471","0","0","3.88190883190883218","22.1656720323027229824220","SOCS3;HOXB9;HOXB4;SLC2A3;JARID2;BMP7;HOXB5"
"KLF4","KLF4 18264089 ChIP-ChIP MESCs Mouse","7/85","0.0033126959252996971555527139230434841","0.01254452365621103529513824526020471","0","0","3.88190883190883218","22.1656720323027229824220","SOCS3;HOXB9;HOXB4;SLC2A3;JARID2;BMP7;HOXB5"
"AHR","AHR 22903824 ChIP-Seq MCF-7 Human","24/577","0.0037031092914759900468213427160435458","0.01395211884566206414493017007316666","0","0","1.90336981987813680","10.6561728945157447867587","PRKCH;SEMA3C;DNAH5;FN1;NTN4;WFDC1;SHROOM3;HSF2BP;MSI2;NR3C1;EFNA5;SMAD6;AREG;RND3;CDYL2;GULP1;SOCS2;LIMA1;IL6;NBEA;SIDT1;JARID2;SSBP2;LGR4"
"GF1","GF1 26923725 Chip-Seq HPCs Mouse","39/1089","0.0037771100712247654244968497749823655","0.01415941765393806568706924764455835","0","0","1.64326042378673964","9.1674148322919553066868","DDC;NNMT;PLA2G3;KLHDC7A;ZDHHC21;LAMC2;MSI2;EFNA5;FSTL1;PCDH18;BACH2;EFNB2;SOCS3;LIMA1;GRIP1;PDE11A;HMGN5;CCND2;PSD3;GCNT2;ADORA1;TNFSF10;JARID2;SYNPO;RIMKLB;SLC38A4;RIPK4;FZD9;SHROOM3;FOXL1;BMP7;KLF16;TMEM154;GULP1;IGSF10;KIF26B;CDH13;PRKD1;CAPS2"
"TCF7","TCF7 22412390 ChIP-Seq EML Mouse","54/1635","0.0039378575301913486261806696120402194","0.01468820858761372971645897678172332","0","0","1.52233956898215950","8.4293745566447046968506","ACHE;MIDN;CDKN1B;HSF2BP;NR3C1;PPP3CA;CCND2;PMEPA1;PIM3;SLC16A8;CCIN;JARID2;TLE4;KDM6B;SUN2;ENDOG;PRKCH;UNC13A;TESC;EMP3;RHOF;PARP8;BCAN;CLDN4;TUBB2A;VGF;DOK7;TXNIP;ALPK2;TMEM59L;BAZ2B;SOCS3;LIMA1;RAB20;SERTAD1;SH3TC2;GCNT2;SFN;FLNB;BTBD19;GSTM2;EGLN3;EGR3;ANKRD24;CCDC14;HMGA1;HMGA2;NFATC1;SMAD6;SMTN;TMEM158;NR4A3;COL9A3;SSBP2"
"RUNX2","RUNX2 24764292 ChIP-Seq MC3T3 Mouse","53/1600","0.0040341336926204302698595327569819347","0.01497245639151662324750624577518465","0","0","1.52609010092993791","8.4132793271379480160022","SAMD9L;CDKN1B;RASGRF1;RND3;NUDT3;CTSS;PPP3CA;TMSB4X;TNFSF10;PIM3;SYNPO;GAMT;PDGFRB;TNFRSF12A;ARL15;RIPK4;EMP3;RGMB;PARP8;CDC42EP3;MALL;FAM20A;RIN1;GRAMD1B;NNMT;C1S;TACSTD2;IER5L;PLA2G3;TMEM160;BAZ2B;NCALD;SOCS3;LIMA1;SERTAD1;FLNB;TBL1X;RIMKLB;BTBD19;JAG1;FN1;NFATC4;GULP1;FOSL1;COL3A1;SMTN;COL1A2;NR4A3;UBE2S;CLCF1;DLC1;NOTUM;SSBP2"
"DMRT1","DMRT1 23473982 ChIP-Seq TESTES Mouse","55/1678","0.0042379896164163452162987333338151075","0.01565118937547818611655259246617788","0","0","1.51062310137543943","8.2535404845395774486860","MIDN;KLHDC7A;MSI2;NR3C1;RND3;BACH2;NUDT3;PANX2;PPP3CA;GRIP1;MRPL2;PSD3;PMEPA1;JARID2;SYNPO;SEMA6B;TLE4;PDGFRB;KDM6B;TESC;KLF16;PARP8;TGFBR3;HOXB9;CDH13;RAPGEF5;RIN1;COL13A1;SATB1;TACSTD2;PPM1H;NEDD4L;BAZ2B;IQGAP2;EFNA5;TFPI;HIF1A;LPP;PLAC8;PDE11A;PRRG2;IGFBP7;SRGAP3;SLC38A4;NTRK2;HMGA1;HMGA2;OTOP2;SMAD6;OXR1;NFATC4;TMEM158;NBEA;CLCF1;SDK2"
"HOXB13","HOXB13 26457646 ChIP-Seq LNCaP Human Prostate Carcinoma","48/1424","0.0044460046085460077844309090266960993","0.01632583955205511166974829961873183","0","0","1.54946835730937615","8.3915323680678994833215","EHF;TLNRD1;NNMT;SEMA3C;DNAH5;TACSTD2;NEDD4L;HSPB1;PJVK;EFNA5;LIPA;HIF1A;LPP;CXCL2;RND3;NUDT3;PBLD;STK31;LIMA1;HOXA9;NWD1;TRIM2;GCNT2;PMEPA1;FLNB;KIAA0319;TLE4;ARRDC4;NTRK2;ENDOG;SLC2A13;CCDC14;FN1;GAB1;ARAP2;RFX3;INHBA;TUBB4B;SMAD6;OXR1;ALDH1A2;DMXL2;PAEP;SPRY1;HOXB8;HOXB6;TLR3;CAPS2"
"EOMES","EOMES 20176728 ChIP-ChIP TSCs Mouse","43/1243","0.0044644386978810223290392578121554834","0.01632583955205511166974829961873183","0","0","1.58765901771336559","8.5917942494170098655104","TPH1;ANKRD37;DOCK4;DDC;CDKN1B;RASEF;TACSTD2;NTN4;NEDD4L;HSPB1;TXNDC12;SLC2A3;MSI2;LPP;RHOBTB2;EFNB2;SYCE2;HSD17B2;HOXA3;GCNT2;ADORA1;JARID2;SLC38A4;UNC5B;ARL15;PLK2;STYK1;RFX3;NFATC1;RHOF;SMAD6;TGFBR3;TMEM37;MARCKS;SMTN;CLDN3;HOXB9;GJB3;DLC1;CLDN7;GIPC2;CDC42EP3;TXNIP"
"KDM2B","KDM2B 26808549 Chip-Seq REH Human","47/1389","0.0045338849712823620086155074204725679","0.01649891799305679140896785384029499","0","0","1.55473628730326041","8.3896307914143921635741","PIWIL1;SLFN5;SAMD9L;PGAP1;KHDRBS3;GAL3ST1;IER5L;NRXN2;ZDHHC21;LAMC2;EFNA5;AREG;RASGRP3;SOCS2;PPP3CA;GRIP1;RAB20;SERTAD1;ABI3BP;AKT3;PCDHA4;SLC25A21;HORMAD2;JARID2;TLE4;ARRDC4;JAG1;ANKRD24;ARL15;PLK2;SLC2A13;RGMB;HIC1;DCBLD2;GULP1;COL3A1;COL1A2;CAMK4;DLC1;KIF26B;CDC42EP3;COL5A2;CDH13;SPRY1;PRKD1;SHANK2;TMEM45A"
"SOX2","SOX2 27498859 Chip-Seq STOMACH Mouse","52/1573","0.0045671177707564750147817278502770932","0.01653917406303073017737048644448805","0","0","1.52132531391790660","8.1982288441542738866019","SNED1;MIDN;DOCK4;PGAP1;RASGRF1;WFDC1;KIF12;RND3;FHAD1;ALCAM;CCND2;TRIM2;PDK4;PIM3;CCIN;JARID2;SYNPO;GAMT;UNC5B;ITGA1;ARAP2;ACSL5;RHOF;TGFBR3;TUBB2A;C2CD4D;MALL;ALDH1A1;TLR3;KRT80;SEMA3C;CFI;NTN4;IQGAP2;CLCN1;RHOBTB2;PBLD;PLAC8;SOCS2;RAB20;COBLL1;FLNB;TBL1X;BTBD19;STYK1;SMAD6;OXR1;DHRS3;MPP7;MARCKS;NR4A3;REEP4"
"GBX2","GBX2 23144817 ChIP-Seq PC3 Human","11/191","0.0045981595828323510583013344898972719","0.01657114516325088743320392836722021","0","0","2.65312655705032396","14.2793901775495513106762","CNTNAP3;ABCC3;PDE11A;SLC22A15;PI15;CDH13;NEB;IL1RAP;SRGAP3;HIF1A;MYLK"
"RELB","RELB 30642670 ChIP-Seq CTB1 Human Placenta Inflammation","9/139","0.0047112691030078059778452015393668262","0.01689714784059530641724400368275383","0","0","2.99994848901098887","16.0731178904090974413066","SRGN;SOCS3;ANKRD37;MARCKS;CXCL8;CLCF1;CXCL1;SLC2A3;CXCL2"
"RCOR3","RCOR3 21632747 ChIP-Seq MESCs Mouse","67/2142","0.0048781975028330025814793380334322137","0.01741213079958574272421145678890753","0","0","1.44622304603027496","7.6982156141862017051380","HRK;ANKRD37;MIDN;GRIK5;HSPB1;KLHDC7A;SLC2A3;MSI2;RND3;ZDBF2;GRIP1;CCND2;TUBB3;PDK4;PMEPA1;JARID2;UNC5B;ARL15;TESC;ZFP2;ARAP2;SHROOM3;CACNA2D4;EMP3;RHOF;PRAP1;HIC1;BCAN;CLDN3;VGF;TMEM217;SIDT1;NCOA7;RIN1;SHANK2;CHST3;DDC;COL13A1;NEDD4L;ILDR2;NRXN2;RASGRP3;SOCS2;SOCS3;MGAT5B;CCL2;FLNB;SRGAP3;RHBG;SLC38A4;CCDC73;NTRK2;EGLN3;ANKRD24;EGR4;TMEM132B;HMGA1;L1CAM;BMP7;NFATC4;IGSF10;SMTN;GJB3;DLC1;TCEA3;NOTUM;MDGA1"
"RUNX1","RUNX1 26923725 Chip-Seq MACROPHAGESS Mouse","5/49","0.0050846893953776783892095636474550702","0.01806275375691308512915433936996124","0","0","4.90220233306516473","25.8910862050251893151653","MTNR1A;PDE11A;EGLN3;HMGN5;CDH13"
"POU2F1","POU2F1 35413990 ChIP-Seq Human ARposCRProstateCancer","28/732","0.0056946749344405911408273368579102680","0.02013377962603166149158084863302065","0","0","1.74656971816062723","9.0266631208317686940745","SNED1;SEMA3C;MYLK;GRIP1;SERTAD1;TRIM2;COBLL1;H2BC21;KIAA0319;TLE4;H4C8;PRKCH;JAG1;H2AC6;H2BC6;FN1;FZD8;SHROOM3;RHOF;UBE2S;INAFM1;COL7A1;DMXL2;ALDH1A1;CREBRF;TXNIP;LGR4;KDM7A"
"GATA3","GATA3 24758297 ChIP-Seq MCF-7 Human","53/1629","0.0057543579084461463080124588032049360","0.02024882547028691165413860630906129","0","0","1.49559449917072929","7.7139740386189252774329","SNED1;TINAGL1;ATP8A1;RASEF;HSF2BP;SLC2A3;MSI2;NUDT3;SLC22A15;JARID2;ABCC3;ARL15;SLC2A13;IL17RE;MIF4GD;TGFBR3;CLDN4;SIDT1;TXNIP;RHOU;RAPGEF5;PPEF1;HOXB5;CAPS2;KRT80;CFI;TACSTD2;PPM1H;IQGAP2;HIF1A;LPP;PLAC8;SOCS2;EFNB2;RAB20;NPW;COBLL1;TP53INP1;IGFBP7;SRGAP3;TBL1X;RHBG;NTSR1;PAK4;HES4;JAG1;BMP7;MPP7;TMEM154;CLCF1;CAMK4;DLC1;COL9A3"
"GATA1","GATA1 19941827 ChIP-Seq MEL86 Mouse","50/1519","0.0058469326216127473841432937717854657","0.02047798936959206381192011292569077","0","0","1.51149974158823719","7.7718869495194340402122","SLC44A5;EHF;ECM1;PGAP1;MAML2;ATP8A1;SLC2A3;CTSS;MYLK;HMGN5;SLC22A15;CCIN;SOX8;OXGR1;RIPK4;HPCAL1;GAB1;TMC8;ACSL5;SHROOM3;TXNIP;CDH13;RBM20;RHOU;RAPGEF5;KRT80;KHDRBS3;CCDC146;NTN4;NEDD4L;IQGAP2;NWD1;PDE11A;SH3TC2;GCNT2;GPC3;SFN;SRGAP3;NFATC1;SMAD6;OXR1;BMP7;DCBLD2;TMEM154;IGSF10;MARCKS;IL6;KIF26B;SPRY1;MDGA1"
"FOXM1","FOXM1 23109430 ChIP-Seq U2OS Human","12/226","0.0059889296660743081626709916065465222","0.02087729687332445446812378975209867","0","0","2.43566103118765076","12.4653297105769844677070","CDC20;SUN2;TUBB2A;REEP4;UBE2S;TNFAIP8L1;IER5L;TXNIP;PIM3;SMAD6;PAK4;PHF19"
"CEBPB","CEBPB 26923725 Chip-Seq MACROPHAGESS Mouse","48/1450","0.0062091296520290027022292989045126888","0.02154423590890063369696072470560466","0","0","1.51855714330558156","7.7169042944690557916942","HRK;RTP4;SLFN5;EHF;MIDN;C1S;DNAJC22;WFDC1;ZDHHC21;CLDN1;LPP;NUDT3;STK31;EFNB2;FHAD1;SOCS3;RAB20;SH3TC2;CCDC85B;RAB26;ABI3BP;ADORA1;TNFSF10;SFN;FAM47E;SYNPO;PAK4;SEMA6B;TLE4;ANKRD34A;GSTM2;UNC5B;TESC;TRAPPC5;HMGA2;MPP7;FOSL1;BCAN;XKR9;GJB3;CLCF1;COL7A1;CLDN7;NOTUM;MDGA1;CD200;PLA1A;PHF19"
"CTCF","CTCF 21964334 ChIP-Seq BJAB-B Human","53/1638","0.0064019498928151357189375580958312639","0.02208680805805305485955969402311894","0","0","1.48635724771215294","7.5078173718335907693699","ACHE;PIWIL1;ECM1;MPL;NR3C1;IFI44L;TMEM88;ENDOG;SLC2A13;MYEOV;RHOF;RGMB;HIC1;LTB4R2;TXNIP;RAPGEF5;HOXB6;HOXB5;COL13A1;PTGER1;CFI;ZNF20;NRXN2;EFNA5;CYP3A5;SLC25A27;EFNB2;SOCS3;ZNF827;NPW;SERTAD1;CCDC85B;MGAT5B;SFN;HBQ1;CCDC73;ANKRD34A;EGR4;KCNJ9;PLK2;KLRC4;TRAPPC5;HMGA1;PRSS35;DHRS3;NFATC4;MLLT11;SMTN;COL1A2;CLCF1;KIF26B;NOTUM;SDK2"
"PBX","PBX 27287812 Chip-Seq EMBYONIC-LIMB Mouse","49/1490","0.0064513596486901747528719397450913675","0.02208680805805305485955969402311894","0","0","1.50868473690655991","7.6089977193837876612292","PGAP1;TINAGL1;LAMC2;FHAD1;HMGN5;TUBB3;TMSB4X;TNFAIP8L1;PMEPA1;SYNPO;ABCC3;SUN2;ENDOG;CACNA2D4;PRAP1;MALL;DOK7;HOXB3;PRKD1;HOXB6;HOXB5;KHDRBS3;NNMT;SYNPO2;PPM1H;DNAJC22;NEDD4L;TFPI;FSTL1;NCALD;RHOBTB2;ABI3BP;MGAT5B;PRRG2;GPC3;POC1A;CCL2;RIMKLB;EGF;PRSS35;BMP7;TMEM154;COL1A2;DLC1;GIPC2;MAP6D1;COL9A3;SDK2;PHF19"
"ESR1","ESR1 21235772 ChIP-Seq MCF-7 Human","11/200","0.0064543219258117500228277840790269693","0.02208680805805305485955969402311894","0","0","2.52561273637506778","12.7366784318325905189795","MIDN;TNFRSF12A;RAB26;CLCF1;MYEOV;MALL;RASEF;DOK7;ADORA1;BMP7;DHRS3"
"TBX2","TBX2 30127528 ChIP-Seq BE2C Human Brain Neuroblastoma","32/878","0.0065326903231495772605974536872963654","0.02225290858935883089864127271084726","0","0","1.66403560005562512","8.3716573147858284187350","ANKRD37;MIDN;PGAP1;KHDRBS3;RASEF;CCDC146;BAZ2B;EFNA5;SYNE1;EFNB2;LIMA1;ALCAM;TUBB3;MAP2;PIM3;JARID2;SYNPO;KIAA0319;PCDHAC2;TLE4;ARRDC4;PRKCH;LIMCH1;SHROOM3;L1CAM;RGMB;OXR1;MLLT11;NBEA;DLC1;CAPS2;PHF19"
"TAL1","TAL1 26923725 Chip-Seq HPCs Mouse","47/1420","0.0067656992821674309321333673494791583","0.02294187120225865336720083575983153","0","0","1.51704474801485079","7.5789881628541282410083","ACHE;SNED1;ATP8A1;LAMC2;IQGAP2;EFNA5;PCDH18;RND3;PLAC8;CALB2;SOCS3;LIMA1;ALCAM;SH3TC2;HSD17B2;GCNT2;REPS2;FAM47E;RIMKLB;PCDHAC2;JAG1;ANKRD24;TESC;MYH15;ITGA1;STYK1;FZD9;RFX3;NEB;SMAD6;KLF16;DCBLD2;GULP1;IGSF10;COL3A1;MTNR1A;NBEA;DLC1;DPYD;PLSCR4;COL5A2;MAP6D1;NCOA7;SSBP2;CD200;PLA1A;CAPS2"
"SOX3","SOX3 22085726 ChIP-Seq MUSCLE Mouse","48/1459","0.0069441274787847779084715149622297758","0.02344035791481196423502453285436786","0","0","1.50812252317193418","7.4951562099402284644611","RTP4;MIDN;DDC;CXCL1;BAZ2B;IQGAP2;LIPA;AREG;SOCS2;CALB2;KLC3;HMGN5;NPW;RAB26;TRIM2;ABI3BP;MGAT5B;GCNT2;TNFSF10;FLNB;PIM3;SYNPO;RHBG;PAK4;KDM6B;JAG1;EGR4;NEBL;TRAPPC5;FZD9;ACSL5;IL17RE;INHBA;RGMB;DCBLD2;PARP8;MLLT11;CLDN4;SMTN;GFI1B;UBE2S;MAP6D1;SPINK13;RBM20;NCOA7;RHOU;RIN1;HOXB6"
"CEBPB","CEBPB 26923725 Chip-Seq MESODERM Mouse","30/814","0.0071614962124463884401981417227034399","0.02398253543083081126829902984809451","0","0","1.68107465468623030","8.3028888292850719921034","COL13A1;RASGRF1;AREG;RND3;CTSS;PBLD;EFNB2;FHAD1;LIMA1;SERTAD1;MGAT5B;HSD17B2;OXGR1;TLE4;GSTM2;EGLN3;UNC13A;ARL15;SLC2A13;TESC;SHROOM3;PRSS35;SMAD6;OXR1;TMEM154;BCAN;CDH13;RHOU;PRKD1;ALPK2"
"JUND","JUND 26020271 ChIP-Seq SMOOTH MUSCLE Human","51/1573","0.0071690420925941966689975970439263619","0.02398253543083081126829902984809451","0","0","1.48733355773774489","7.3444281694741571087093","SNED1;SAMD9L;PGAP1;TINAGL1;ATP8A1;RASEF;HSPB1;LAMC2;IL1RAP;CXCL2;FHAD1;ALCAM;PMEPA1;PIM3;HORMAD2;PDGFRB;KDM6B;UNC13A;TNFRSF12A;TESC;MYEOV;KRT7;EMP3;TGFBR3;CLDN3;CDC42EP3;DPYD;MALL;CDH13;RIN1;CHST3;SLFN5;IER5L;PLA2G3;RHOBTB2;ZNF827;SERTAD1;MGAT5B;SFN;HES4;TM4SF18;SMOX;LCA5;FZD8;INHBA;MPP7;MLLT11;TMEM158;COL7A1;PI15;CD200"
"FOXM1","FOXM1 26456572 ChIP-Seq MCF-7 Human BreastCancer","20/478","0.0072285036871646800304969104900010279","0.02407349888671808657569783918006578","0","0","1.90710781129775286","9.4015136663648615211741","H4C8;SUN2;EHF;DOCK4;SEMA3C;LIMCH1;PPM1H;TUBB4B;NFATC4;MLLT11;CDC20;LIMA1;CYSRT1;REEP4;UBE2S;DLC1;DOK7;TNFAIP8L1;TBL1X;PAK4"
"MITF","MITF 21258399 ChIP-Seq MELANOMA Human","128/4614","0.0074533817528876829955342131484030688","0.02471210127846315898758611240282335","0","0","1.30584987810777742","6.3974727141927010265476","ANKRD37;MIDN;MAML2;RASEF;HSF2BP;IL1RAP;MSI2;BACH2;NUDT3;IFI44L;MYLK;TUBB3;AKT3;HOXA3;PDK4;PDK3;PIM3;GYG2;SEMA6B;PRKCH;UNC13A;LIMCH1;HPCAL1;CACNA2D4;DEXI;FRMD3;BCAN;MALL;DOK7;SIDT1;TXNIP;PRKD1;PPEF1;KHDRBS3;COL13A1;CCDC146;NEDD4L;BAZ2B;EFNA5;HIF1A;LPP;RHOBTB2;RASGRP3;SOCS2;SOCS3;ZNF827;MAP2;SFN;IGFBP7;RIMKLB;NTSR1;JAG1;HMGA1;HMGA2;NFATC1;SMAD6;BMP7;NFATC4;SMTN;NR4A3;NBEA;REEP4;DMXL2;MAP6D1;COL9A3;CD200;SDK2;DOCK4;CDKN1B;TINAGL1;RASGRF1;HSPB1;FHAD1;MRPL2;TMSB4X;TRIM2;PSD3;ZNF524;HORMAD2;JARID2;KDM6B;MYEOV;RIPK4;GAB1;ARAP2;RHOF;RGMB;KLF16;PARP8;TGFBR3;TUBB2A;C2CD4D;VGF;CDC42EP3;DPYD;RBM20;NCOA7;SHANK2;CHST3;DNAH3;SLFN5;DDC;SEMA3C;SYNPO2;NTN4;PPM1H;IER5L;NRXN2;FSTL1;NCALD;LIMA1;SERTAD1;SH3TC2;RAB26;MGAT5B;GCNT2;REPS2;FLNB;PAK4;NTRK2;SMOX;DHRS3;CAMK4;DLC1;PI15;NOTUM;MDGA1;LGR4"
"NR3C1","NR3C1 21868756 ChIP-Seq MCF10A Human","32/887","0.0075385140586801523826521176374626521","0.02488376764502386526145549794364342","0","0","1.64572686618507058","8.0438688897121473075913","ACHE;EHF;DDC;KHDRBS3;RASGRF1;NEDD4L;ILDR2;MSI2;NR3C1;EFNA5;CXCL2;SOCS3;PPP3CA;NWD1;SH3TC2;REPS2;NTRK2;JAG1;NEBL;HPCAL1;FN1;ACSL5;EBF2;GULP1;SMTN;COL1A2;CDC42EP3;DOK7;COL5A2;ALDH1A1;RHOU;CHST3"
"GF1B","GF1B 26923725 Chip-Seq HPCs Mouse","43/1284","0.0077702045191936136223076481144289573","0.02553556198818694028540576823615993","0","0","1.53177467135355250","7.4405323467242823198831","GRAMD1B;DDC;KLHDC7A;ZDHHC21;MSI2;EFNA5;LPP;RND3;BACH2;EFNB2;SOCS3;LIMA1;GRIP1;PDE11A;HMGN5;CCND2;PSD3;HSD17B2;GCNT2;TNFSF10;PIM3;FAM47E;SEMA6B;TLE4;ARRDC4;PLK2;RIPK4;FZD9;RFX3;SHROOM3;FOXL1;KLF16;TMEM154;GULP1;TGFBR3;MTNR1A;MARCKS;SMTN;KIF26B;CDH13;PRKD1;CHST3;CAPS2"
"PPARD","PPARD 23208498 ChIP-Seq MDA-MB-231 Human","16/357","0.0083704482610997086450277393510077673","0.02738751931044027670969498444719648","0","0","2.04302405224064199","9.7718817806031843531400","ABCC3;DOCK4;GAL3ST1;MAML2;LIMCH1;ACSL5;KRT7;NEXN;IL1RAP;FOXL1;MPP7;ZNF827;TXNIP;SOX8;FLNB;SLC38A4"
"TCFCP2L1","TCFCP2L1 18555785 Chip-Seq ESCs Mouse","49/1513","0.0085116727136870257847123255601218261","0.02767389968461466537297255285920983","0","0","1.48309593646201643","7.0689050736872305336078","SLC44A5;SNED1;EHF;PGAP1;KLHDC7A;LAMC2;RND3;BACH2;ZDBF2;PPP3CA;TRIM2;AKT3;ADORA1;PMEPA1;FRMD3;TMEM37;LGSN;DPYD;MALL;SYNPO2;ILDR2;BAZ2B;TFPI;PCDH18;PDE11A;COBLL1;CCDC73;JAG1;NEBL;KCNJ9;SMOX;EGF;FN1;NEB;BMP7;TMEM154;GULP1;IGSF10;COL3A1;XKR9;NR4A3;NBEA;KIF26B;COL5A2;PI15;SP5;SPRY1;LHX4;LGR4"
"TCF4","TCF4 23295773 ChIP-Seq U87 Human","92/3177","0.0085321674630849490827966263850612449","0.02767389968461466537297255285920983","0","0","1.34467351968206739","6.4059061160297794401686","SLC44A5;ACHE;EHF;ZNF296;PGAP1;MAML2;ATP8A1;IL1RAP;MSI2;NR3C1;RND3;BACH2;MYLK;SYNE1;ZDBF2;FHAD1;GRIP1;TUBB3;AKT3;PSD3;TNFAIP8L1;HORMAD2;TLE4;PRKCH;UNC13A;UNC5B;ARL15;LIMCH1;SLC2A13;ITGA1;ZFP2;HPCAL1;ARAP2;FOXL1;RGMB;PARP8;FRMD3;TGFBR3;DPYD;ALDH1A1;SIDT1;CDH13;FAM20A;RAPGEF5;DSC2;SHANK2;TMEM45A;DNAH3;KHDRBS3;COL13A1;SATB1;CCDC146;TACSTD2;NTN4;PPM1H;BAZ2B;IQGAP2;EFNA5;HIF1A;FSTL1;LPP;RASGRP3;SOCS2;SLC25A27;PDE11A;SH3TC2;MAP2;ABI3BP;MGAT5B;COBLL1;TP53INP1;SFN;FLNB;EGR3;NEBL;FN1;SYT16;OTOP2;OXR1;BMP7;MPP7;TMEM154;GFI1B;KITLG;COL1A2;NR4A3;NBEA;DLC1;KIF26B;SPRY1;SSBP2;SDK2"
"NACC1","NACC1 18358816 ChIP-ChIP MESCs Mouse","22/554","0.0089552409882556419790100576960867329","0.02892038864605501677362831003392785","0","0","1.80728545501685245","8.5222840811702962326990","HRK;RTP4;SRXN1;ARL15;LAMC2;SLC2A3;RHOF;NR3C1;FSTL1;DHRS3;NUDT3;KLF16;NFATC4;MLLT11;CLDN4;GJB3;TUBB3;TRIM2;TCEA3;GCNT2;JARID2;PHF19"
"SALL4","SALL4 18804426 ChIP-ChIP MESCs Mouse","28/761","0.0093977665522858994107124885886150878","0.03021868037933311476606057510707615","0","0","1.67488718648336632","7.8171728587872442162165","SRXN1;SATB1;GRIK5;IER5L;NRXN2;BAZ2B;LPP;BACH2;NUDT3;SOCS2;GCNT2;JARID2;ENDOG;UNC5B;SLC2A13;TESC;FN1;RHOF;DHRS3;KLF16;TMEM37;CLDN4;GJB3;TCEA3;MAP6D1;CDH13;RHOU;SPRY1"
"GATA4","GATA4 25053715 ChIP-Seq YYC3 Human","51/1602","0.0100130425029359513416915561379028077","0.03205892578193227787641816917130200","0","0","1.45717525321340435","6.7086407489073085486098","SAMD9L;TINAGL1;MAML2;SRXN1;RASEF;LAMC2;IL1RAP;CLDN1;LIPA;CXCL2;PANX2;PPP3CA;GYG2;SYNPO;TLE4;ARRDC4;KDM6B;MYEOV;ACSL5;IL17RE;RHOF;HIC1;CLDN4;DNAH5;CFI;IQGAP2;EFNA5;RHOBTB2;PLAC8;STK31;EFNB2;LIMA1;NT5E;COBLL1;HSD17B2;CHST13;FLNB;NTSR1;PAK4;NIPSNAP3B;TM4SF18;JAG1;NEBL;BMP7;DHRS3;GULP1;MARCKS;DLC1;SP5;SPRY1;INHA"
"POU5F1","POU5F1 16518401 ChIP-PET MESCs Mouse","30/836","0.0101961010765956351653560574277435080","0.03250551881683908655995551839623658","0","0","1.63327154072791303","7.4897747705279282826041","NRXN2;LAMC2;SLC2A3;IL1RAP;LPP;SOCS2;PDK4;IGFBP7;TBL1X;JARID2;RHBG;TLE4;EGLN3;JAG1;HMGA2;OXR1;BMP7;TGFBR3;BCAN;CLDN4;CLDN3;HOXB9;TCEA3;HOXB4;RHOU;HOXB8;HOXB6;HOXB5;CHST3;PLA1A"
"STAT6","STAT6 20620947 ChIP-Seq CD4 POS T Human","15/334","0.0102991086359427684582268369695157162","0.03269419166984385144436586756455654","0","0","2.04513539199137595","9.3579217749826604233476","TLE4;SLFN5;PRKCH;MAML2;HMGA1;RFX3;IL1RAP;MSI2;CLDN1;BACH2;RASGRP3;SOCS3;PRRG2;CDH13;SSBP2"
"STAT1","STAT1 17558387 ChIP-Seq HELA Human","44/1349","0.0110483364643833952001283904564843397","0.03492397882385599172661017064456246","0","0","1.48891300919354697","6.7082609484084416706651","CNTNAP3;RTP4;ACHE;DDC;CDKN1B;SEMA3C;SYNPO2;IER5L;NEXN;LAMC2;IL1RAP;IQGAP2;LPP;RASGRP3;EFNB2;LIMA1;ALCAM;SLC22A15;ABI3BP;PIM3;SLC16A8;SLC25A21;SOX8;FAM47E;PHLDA2;SLC38A4;KDM6B;EGLN3;ZFP2;KLHDC1;SYT16;HMGA1;DHRS3;GULP1;CLDN4;GFI1B;IL6;TMEM158;VGF;COL5A2;SP5;RBM20;RHOU;PRKD1"
"TCF21","TCF21 26020271 ChIP-Seq HCASMC Human CoronaryArtery","38/1129","0.0111378839990042208252241096033685608","0.03505848718673901937004089290894626","0","0","1.53386899540392307","6.8984270349648344478055","GRAMD1B;ECM1;KHDRBS3;NNMT;ZNF20;NEXN;HSF2BP;BAZ2B;IQGAP2;HIF1A;DEPP1;SYNE1;RASGRP3;LIMA1;SYCE2;ALCAM;HMGN5;SLC22A15;TLE4;ARL15;SLC2A13;CAVIN3;FN1;SMAD6;DHRS3;NFATC4;IL6;COL1A2;TUBB2A;NR4A3;DLC1;COL7A1;NME9;TCEA3;COL5A2;NABP1;NCOA7;TMEM45A"
"P300","P300 27058665 Chip-Seq ZR-75-30cells Human","53/1689","0.0113603459170858525628666768625407713","0.03560847921910103436315964131608780","0","0","1.43593254496598810","6.4295694945102725981201","EHF;SERPINA1;MAML2;ATP8A1;SLC2A3;RND3;IFI44L;SLC22A15;TUBB3;AKT3;ADORA1;PMEPA1;SLC16A8;UNC13A;SLC2A13;KRT7;TGFBR3;BCAN;CDC42EP3;PRKD1;FOXC2;KRT80;NNMT;COL13A1;SEMA3C;CFI;ZNF20;NTN4;NEDD4L;ILDR2;HIF1A;EFNB2;MGAT5B;SFN;CCDC73;HES4;BTBD19;EGLN3;KLRC4;HMGA1;INHBA;SMAD6;DHRS3;NFATC4;GFAP;MLLT11;IGSF10;KITLG;TMEM54;GJB3;KIF26B;DMXL2;PI15"
"GATA1","GATA1 26923725 Chip-Seq HPCs Mouse","9/160","0.0114384421794630642549295274079668161","0.03570325466895165472669404493899492","0","0","2.57994323557237459","11.5343469455900979880880","STK31;GRIP1;SOCS3;LIMA1;HMGN5;GAL3ST1;KIF26B;KLF16;CAPS2"
"ESR2","ESR2 21235772 ChIP-Seq MCF-7 Human","16/370","0.0115068599582714911622183251438400475","0.03576715637029388716872091436016490","0","0","1.96666538555158410","8.7807910233143253719845","MIDN;TNFRSF12A;MYEOV;RIPK4;RASEF;BMP7;DHRS3;SOCS3;MARCKS;NBEA;RAB26;CLCF1;DOK7;ADORA1;FLNB;SHANK2"
"ARNT","ARNT 22903824 ChIP-Seq MCF-7 Human","30/846","0.0118881873888264204264242351882785442","0.03679911946914733722469037502378342","0","0","1.61239495798319310","7.1464731023138767795899","SEMA3C;DNAH5;NTN4;WFDC1;HSF2BP;MSI2;NR3C1;EFNA5;AREG;PCDH18;RND3;SOCS2;PPP3CA;LIMA1;JARID2;TLE4;PRKCH;FN1;SHROOM3;FOXL1;SMAD6;BMP7;CDYL2;GULP1;IL6;NBEA;SIDT1;RBM20;SSBP2;LGR4"
"HIF1A","HIF1A 21447827 ChIP-Seq MCF-7 Human","12/248","0.0120372961625855260520134848434281594","0.03710670635243307202699725166894495","0","0","2.20609407731860596","9.7503742285901022768257","EGLN3;ANKRD37;KRT80;TMEM88;RASEF;SLC2A3;CA9;SPRY1;EMP3;INHBA;INHA;TMEM45A"
"TAL1","TAL1 21186366 ChIP-Seq BM-HSCs Mouse","47/1477","0.0133080444000010511551579384104115888","0.04085514865185508465161845492730208","0","0","1.45200579907897009","6.2717743691467964239905","MIDN;DOCK4;DDC;KHDRBS3;COL13A1;NTN4;PPM1H;MSI2;IQGAP2;HIF1A;SYNE1;PBLD;SOCS2;GRIP1;MGAT5B;GCNT2;FLNB;SLC25A21;HORMAD2;HBQ1;JARID2;OXGR1;GAMT;ABCC3;KDM6B;SRGN;NTRK2;EGLN3;PRKCH;UNC5B;ARL15;HPCAL1;SYT16;HMGA2;INHBA;HIC1;PARP8;MARCKS;SMTN;NCOA7;PRKD1;FAM20A;RAPGEF5;SSBP2;SDK2;CHST3;CAPS2"
"FOXO1","FOXO1 25302145 ChIP-Seq T-LYMPHOCYTE Mouse","50/1599","0.0146418983166039153726023513968357292","0.04476580386961689916880402506649261","0","0","1.42709174342486156","6.0278473085504842288174","SLC44A5;CDKN1B;ATP8A1;HSPB1;HSF2BP;N4BP2L1;NR3C1;BACH2;FHAD1;PPP3CA;TMSB4X;AKT3;PDK3;TLE4;ARRDC4;KDM6B;PRKCH;ARAP2;EMP3;RHOF;KLF16;PARP8;TXNIP;FAM20A;FOXC2;SLFN5;CCDC146;IER5L;BAZ2B;IQGAP2;TFPI;SOCS3;NT5E;SH3BGRL;RAB20;COBLL1;BTBD19;ANKRD24;SMOX;KLHDC1;FZD9;TMEM154;MARCKS;COL1A2;NR4A3;CLCF1;CAMK4;KIF26B;SPINK13;SSBP2"
"RARG","RARG 19884340 ChIP-ChIP MEFs Mouse","14/317","0.0147578395547532919412914154122518084","0.04493611554222839282735080246311554","0","0","2.00671985934485075","8.4602924825645775541716","MIDN;TNFRSF12A;ANKRD24;GRIK5;FN1;HMGA1;RHOF;SMAD6;FSTL1;RND3;DHRS3;RHOBTB2;CLCF1;FAM20A"
"PPARG","PPARG 20176806 ChIP-Seq MACROPHAGES Mouse","36/1083","0.0158302674519881815540234271111330600","0.04796704099505398610769901779349311","0","0","1.51060716400438300","6.2627227797165847533734","KRT80;RASGRF1;PLA2G3;LIPA;LPP;RND3;SOCS3;RAB20;CCND2;AKT3;HSD17B2;GCNT2;CCL2;PIM3;JARID2;ENPP5;TLE4;EGLN3;PRKCH;UNC5B;ARL15;KLHDC1;HPCAL1;FZD9;LCA5;IL17RE;DHRS3;TMEM154;IGSF10;MARCKS;IL6;DLC1;DMXL2;NCOA7;ALPK2;CHST3"
"NR3C2","NR3C2 34362910 ChIP-Seq WistarRat Hippocampus Stress","33/974","0.0159158779065719339917972519060640479","0.04796704099505398610769901779349311","0","0","1.53857297535740778","6.3703661015023245184352","SLC44A5;DDC;TINAGL1;ATP8A1;TMEM59L;PPM1H;NEDD4L;MSI2;EFNA5;LPP;FHAD1;PPP3CA;TRIM2;SRGAP3;SYNPO;LRRC46;SMOX;ARL15;LIMCH1;SLC2A13;TESC;INCA1;SYT16;OXR1;TGFBR3;BCAN;CAMK4;CDC42EP3;DMXL2;RBM20;LHX4;SDK2;SHANK2"
"SALL4","SALL4 28974232 ChIP-Seq Mouse BoneMarrow Leukemia","15/352","0.0159461476766399289084485957346259966","0.04796704099505398610769901779349311","0","0","1.93408703358083711","8.0042926913219769602392","EHF;EGR4;GRIK5;RASEF;PPM1H;LPP;BMP7;STK31;HOXA9;MARCKS;IGFBP7;FAM20A;SRGAP3;MDGA1;SDK2"
"FOXA1","FOXA1 33576154 ChIP-Seq Human Lung ProstateCancer","106/3825","0.0162656073018342499370003650938087958","0.04873149818139899808189241525724356","0","0","1.28495773991875084","5.2923585039145493169599","EHF;MIDN;PGAP1;RASEF;MSI2;LIPA;NUDT3;MYLK;GRIP1;HOXA9;ALCAM;PDK4;TNFSF10;PIM3;ENPP5;TRIM22;TLE4;PDGFRB;PRKCH;LIMCH1;HPCAL1;RFX3;ACSL5;CLDN4;CLDN3;HOXB9;MALL;SIDT1;TXNIP;PPEF1;NNMT;TACSTD2;NEDD4L;BAZ2B;HIF1A;PCDH18;LPP;RHOBTB2;SOCS2;EFNB2;SOCS3;SYCE2;COBLL1;MAP7;KIAA0319;H4C8;PLK2;HMGA1;SMAD6;NFATC4;GULP1;NR4A3;NBEA;REEP4;DMXL2;CREBRF;NABP1;CCSER1;COL9A3;DOCK4;CDKN1B;SERPINA1;CXCL8;HSPB1;TRIM2;H2BC21;PMEPA1;JARID2;ABCC3;SUN2;RIPK4;GAB1;ARAP2;SHROOM3;HSH2D;TUBB2A;PLSCR4;H2BC11;NCOA7;MYZAP;KRT80;C1S;SEMA3C;DNAH5;PPM1H;DEPP1;LIMA1;NWD1;PDE11A;RAB26;TP53INP1;GCNT2;POC1A;REPS2;FLNB;FAM47E;TBL1X;SMOX;STYK1;OXR1;DHRS3;TCIM;CLCF1;KIF26B;SPRY1;SSBP2"
"NR3C2","NR3C2 34362910 ChIP-Seq WistarRat Hippocampus","47/1496","0.0164058227205750480071078101218517986","0.04880378441342338863284666672370804","0","0","1.43146324630948163","5.8834842338200354916466","MIDN;DOCK4;DDC;KHDRBS3;SEMA3C;TMEM59L;PPM1H;NEDD4L;NRXN2;TXNDC12;MSI2;IQGAP2;LPP;NCALD;RHOBTB2;FHAD1;PPP3CA;NT5E;MAP2;MAP7;IGFBP7;SRGAP3;JARID2;SYNPO;ARRDC4;PRKCH;LRRC46;UNC5B;SMOX;LIMCH1;SLC2A13;TESC;INCA1;SYT16;ARAP2;RFX3;OXR1;TGFBR3;BCAN;DLC1;KIF26B;DMXL2;DOK7;RBM20;LIMS2;SDK2;SHANK2"
"ESR1","ESR1 30970003 ChIP-Seq MCF-7 Human BreastCancer","30/868","0.0164205762570633663488539610852967598","0.04880378441342338863284666672370804","0","0","1.56822030819448566","6.4441623814671187275849","SNED1;SLFN5;EHF;MIDN;TINAGL1;SEMA3C;NTN4;IER5L;RND3;MYLK;FHAD1;PIM3;ABCC3;PRKCH;JAG1;LIMCH1;FN1;DHRS3;CLDN4;HSH2D;DLC1;DOK7;MAP6D1;RBM20;RHOU;MYZAP;INHA;SDK2;SHANK2;PLA1A"
"HOXB7","HOXB7 26014856 ChIP-Seq BT474 Human","49/1573","0.0166171815399604565210989193246859941","0.04919213265400992213249864448698645","0","0","1.41997806340383925","5.8181018014314185293756","SNED1;EHF;HSPB1;LAMC2;SLC2A3;FHAD1;HOXA3;ANKRD31;PMEPA1;SSX5;JARID2;GYG2;ENPP5;SEMA6B;ABCC3;TESC;MYEOV;RIPK4;MIF4GD;CDYL2;FRMD3;MTNR1A;CLDN3;HOXB9;ALDH1A2;CLDN7;SIDT1;HOXB3;NCOA7;PRKD1;FAM20A;COL13A1;SEMA3C;IQGAP2;STK31;SH3TC2;REPS2;FLNB;TBL1X;NIPSNAP3B;TM4SF18;JAG1;STYK1;L1CAM;BMP7;IGSF10;COL1A2;TCEA3;CD24"
"GATA2","GATA2 21666600 ChIP-Seq HMVEC Human","22/588","0.0168141446246466465253011079994394095","0.04957846596832568564217069706501206","0","0","1.69568254741886992","6.9277700654801979140984","SLFN5;KRT80;NNMT;LIMCH1;KRT7;KIF12;NR3C1;TFPI;FSTL1;MUC3A;CXCL2;LIMA1;RAB20;CCND2;TMEM88;PLSCR4;GCNT2;TNFSF10;TNFAIP8L1;TXNIP;JARID2;SYNPO"
"KDM2B","KDM2B 26808549 Chip-Seq SIL-ALL Human","51/1652","0.0171132187340058382341023701656013145","0.05026165817152895842756521460614749","0","0","1.40774392851758301","5.7265672826920699378661","SLC44A5;MIDN;TINAGL1;HSPB1;PANX2;ALCAM;CCND2;TUBB3;AKT3;JARID2;KDM6B;TNFRSF12A;SLC2A13;TESC;ITGA1;HPCAL1;TMC8;RHOF;RGMB;HIC1;KLF16;TUBB2A;C2CD4D;VGF;DPYD;NCOA7;IER5L;ILDR2;ALOX12B;IQGAP2;RHOBTB2;PBLD;DLL4;SOCS3;SFN;NTSR1;HES4;BTBD19;EGR4;HMGA1;NFATC1;SMAD6;OXR1;DHRS3;NFATC4;GFI1B;NR4A3;CLCF1;SPRY1;NOTUM;LHX4"
"NR3C1","NR3C1 23031785 ChIP-Seq PC12 Mouse","26/730","0.0175293447326238804873099752512644045","0.05128192615897025213866911030891060","0","0","1.61428891584054002","6.5279889829651205346295","DDC;KRT80;RASGRF1;N4BP2L1;FSTL1;LIMA1;MAP7;NTSR1;OXGR1;EGLN3;UNC5B;LIMCH1;TMEM132B;ITGA1;LCA5;SMAD6;OXR1;DCBLD2;KIF26B;GIPC2;CDC42EP3;DPYD;PLSCR4;RAPGEF5;SDK2;SHANK2"
"GATA2","GATA2 19941826 ChIP-Seq K562 Human","50/1618","0.0178587006824428747020494512298682821","0.05204136995743118693225071069718979","0","0","1.40831056009627442","5.6688224410204046677109","ACHE;EHF;MAML2;KLHDC7A;LIPA;CXCL2;NUDT3;GRIP1;TNFSF10;JARID2;SYNPO;ARL15;TESC;HPCAL1;CACNA2D4;MIF4GD;CLDN3;ALDH1A1;TMEM217;NCOA7;RAPGEF5;SHANK2;DDC;NNMT;PPM1H;IQGAP2;CYP3A5;STK31;RAB20;GCNT2;TBL1X;EGLN3;NEBL;FN1;LCA5;NFATC1;L1CAM;SMAD6;DHRS3;IGSF10;GFI1B;IL6;TMEM158;DLC1;KIF26B;DMXL2;SP5;SPRY1;INHA;SDK2"
"ESR1","ESR1 26153859 ChIP-Seq MCF-7 Human BreastCancer","100/3597","0.0181958344965954706140554009152765502","0.05281748067883354491591774149128469","0","0","1.28529535920745208","5.1496162967570198176759","EHF;EXOC3L4;RASEF;HSF2BP;LIPA;NUDT3;ALCAM;CYSRT1;TUBB3;ADORA1;PDK4;PIM3;CCDC163;ARRDC4;PDGFRB;ENDOG;PRKCH;ZFP2;HPCAL1;FRMD3;LBHD1;CLDN4;CLDN3;DOK7;HOXB3;PPEF1;EPHA1;RIN1;CCDC146;TACSTD2;DNAJC22;BAZ2B;RHOBTB2;RASGRP3;H3C1;MAP7;KIAA0319;H4C8;ANKRD34A;PLK2;KLHDC1;NFATC4;GULP1;MLLT11;H1-4;NR4A3;DMXL2;CREBRF;LHX4;ACHE;CDKN1B;SERPINA1;CXCL8;HSPB1;KIF12;ZNRD2;TMSB4X;PMEPA1;JARID2;TIGD1;ABCC3;SUN2;GRAMD2B;MYEOV;RIPK4;GAB1;TMC8;IL17RE;RHOF;PARP8;TMEM37;HSH2D;SAPCD2;C2CD4D;VGF;TMEM217;MYZAP;CAPS2;DNAH3;KRT80;SEMA3C;PPM1H;IER5L;DEPP1;RAB26;GCNT2;FLNB;TBL1X;RHBG;PAK4;HES4;NTRK2;TSPEAR;DHRS3;MPP7;SBK3;CLCF1;DLC1;TCEA3;SSBP2"
"TRIM28","TRIM28 19339689 ChIP-ChIP MESCs Mouse","66/2241","0.0185009819182326007425132274875068106","0.05349508725194387220858160958414373","0","0","1.34790016756327713","5.3780292991964939730565","SNED1;ANKRD37;DOCK4;CDKN1B;RASGRF1;RASEF;HSPB1;LAMC2;IL1RAP;MSI2;RND3;NUDT3;PPP3CA;HOXA9;TLE4;ENDOG;UNC13A;UNC5B;GAB1;SHROOM3;FOXL1;HIC1;KLF16;BCAN;CLDN4;HOXB9;LTB4R2;ALDH1A2;RHOU;FOXC2;CFI;IER5L;NRXN2;TMEM160;HIF1A;SOCS2;EFNB2;DLL4;SOCS3;RAB20;SERTAD1;CCDC85B;GPC3;IGFBP7;NTRK2;JAG1;NEBL;SMOX;KLHDC1;FN1;HMGA1;FZD8;HMGA2;SMAD6;BMP7;GULP1;MLLT11;IL6;TMEM158;TMEM54;CLCF1;SP5;MAP6D1;SPRY1;INHA;SDK2"
"JUN","JUN 26020271 ChIP-Seq SMOOTH MUSCLE Human","49/1587","0.0192172939776841487924397000597309670","0.05535174249943002056095764373822021","0","0","1.40595916520054032","5.5562728394942482168517","SNED1;SAMD9L;PGAP1;RASEF;MPL;HSPB1;HSF2BP;CXCL2;BACH2;FHAD1;ALCAM;TRIM2;PMEPA1;PIM3;HORMAD2;KDM6B;TNFRSF12A;KRT7;EMP3;CLDN4;CDC42EP3;DPYD;PLSCR4;MALL;CDH13;RIN1;CHST3;SLFN5;IER5L;BAZ2B;TFPI;RHOBTB2;STK31;NT5E;MGAT5B;SFN;HES4;TM4SF18;SMOX;HMGA1;LCA5;FZD8;INHBA;MPP7;TMEM158;UBE2S;COL7A1;PI15;CD200"
"CREB1","CREB1 26743006 Chip-Seq LNCaP-abl Human","50/1626","0.0193751745263414203168661487097779172","0.05559184691019498913977514575890382","0","0","1.40053817084273913","5.5233901924546326966947","ATP8A1;RASGRF1;LAMC2;NUDT3;CDC20;PANX2;TMEM88;TUBB3;HOXA3;CCIN;PHLDA2;KDM6B;PRKCH;UNC5B;RHOF;CLDN4;CLDN3;CLDN7;MALL;DOK7;CDH13;RHOU;HOXB6;FOXC2;PTGER1;DNAH5;DNAJC22;IER5L;BAZ2B;EFNA5;SOCS2;EFNB2;SOCS3;RAB20;NPW;SFN;FLNB;TBL1X;HES4;NIPSNAP3B;EGR3;KCNJ9;FZD8;DHRS3;MARCKS;COL1A2;TMEM54;CLCF1;KIF26B;SPRY1"
"RUNX2","RUNX2 22187159 ChIP-Seq C42B Human ProstateCancer","7/119","0.0195377061499886865714170625096812728","0.05563026254920443169904586966367788","0","0","2.69874999999999998","10.6206851245358908641947","PLAC8;TGFBR3;CLDN4;DOK7;RASGRF1;IGFBP7;IQGAP2"
"ARID1A","ARID1A 32646524 ChIP-Seq H9 Human BoneMarrow Lymphoma","7/119","0.0195377061499886865714170625096812728","0.05563026254920443169904586966367788","0","0","2.69874999999999998","10.6206851245358908641947","PLAC8;TGFBR3;CLDN4;DOK7;RASGRF1;IGFBP7;IQGAP2"
"PAX3-FKHR","PAX3-FKHR 20663909 ChIP-Seq RHABDOMYOSARCOMA Human","31/918","0.0198945944324150705839748809466982493","0.05643105492996822181162031029089121","0","0","1.53054818955068250","5.9956274745770778977771","RTP4;KHDRBS3;SEMA3C;PPM1H;NEDD4L;HSF2BP;MSI2;EFNA5;EFNB2;GRIP1;ALCAM;ABI3BP;FLNB;NTSR1;NEBL;LIMCH1;PLK2;FZD8;HMGA2;FOXL1;RGMB;BMP7;NFATC4;TGFBR3;MARCKS;KIF26B;DPYD;TXNIP;CDH13;SPRY1;FAM20A"
"RXR","RXR 22108803 ChIP-Seq LS180 Human","17/428","0.0200222686360126723992269859309089952","0.05657807728206611097565570389633649","0","0","1.79851802698518037","7.0338424840898792211874","EGLN3;RASEF;ILDR2;ACSL5;MSI2;AREG;BMP7;FHAD1;GRIP1;TMEM54;CDC42EP3;TCEA3;HORMAD2;JARID2;ENPP5;SDK2;SHANK2"
"POU2F1","POU2F1 27270436 ChIP-Seq LNCaP Human Prostate Carcinoma","19/498","0.0210624020098964769009963760026948876","0.05929264867691611679001439938474505","0","0","1.72646590594941896","6.6646171590609206702993","TLE4;KDM6B;ITPRID2;JAG1;H2AC6;CCDC14;NTN4;LCA5;FZD8;NEB;MPP7;RHOBTB2;PBLD;LIMA1;IL6;H2BC21;H2BC11;TMEM217;FLNB"
"SOX2","SOX2 18555785 ChIP-Seq MESCs Mouse","15/365","0.0213258781016029790034149726807299885","0.05979753636632439972586894327832852","0","0","1.86098901098901104","7.1607768075188920064988","MIDN;SHROOM3;RHOF;TFPI;LPP;KLF16;TMEM154;DLL4;SOCS3;CLDN4;VGF;SRGAP3;JARID2;LGR4;SLC38A4"
"TP53","TP53 16413492 ChIP-PET HCT116 Human","12/269","0.0214020673053734768187528203498004586","0.05979753636632439972586894327832852","0","0","2.02362610938661325","7.7793606077058345960040","EHF;KITLG;CDC42EP3;GPC3;RFX3;NEDD4L;SLC25A21;FAM20A;MSI2;TRIM22;TLR3;SYNE1"
"CEBPB","CEBPB 20513432 ChIP-Seq MACROPHAGES Mouse","46/1484","0.0215946955932922526888440017955872463","0.06011060788282097250290192391730670","0","0","1.40914489914012764","5.4045040972573117343813","SLFN5;ECM1;SAMD9L;KRT80;CDKN1B;NEDD4L;PLA2G3;ILDR2;NR3C1;CTSS;RAB20;SLC22A15;TMEM88;CCDC85B;HSD17B2;PIM3;HORMAD2;ENPP5;SLC38A4;KDM6B;EGLN3;ENDOG;LRRC46;KCNJ9;PLK2;TRAPPC5;TMC8;IL17RE;OXR1;MIF4GD;DHRS3;FOSL1;CLDN4;SMTN;HOXB9;TUBB2A;NR4A3;CLCF1;COL7A1;DMXL2;PI15;LHX4;ALPK2;EPHA1;LGR4;PHF19"
"STAT3","STAT3 18555785 ChIP-Seq MESCs Mouse","46/1485","0.0218199617515110223797680788493380533","0.06051186418820528323259111402876442","0","0","1.40808786853536105","5.3858376034971744417135","SLC44A5;EHF;DOCK4;DDC;KHDRBS3;MAML2;COL13A1;PPM1H;MPL;HSPB1;LAMC2;SLC2A3;MSI2;PCDH18;LPP;RND3;NUDT3;SOCS2;FHAD1;SOCS3;NWD1;TRIM2;GCNT2;PDK4;PIM3;CCIN;JARID2;SYNPO;RHBG;NIPSNAP3B;EGLN3;EGR4;NEBL;EGF;TRAPPC5;HPCAL1;ARAP2;FZD8;SHROOM3;SMAD6;OXR1;PARP8;IGSF10;DLC1;KIF26B;SSBP2"
"E2A","E2A 27217539 Chip-Seq RAMOS-Cell Line Human","49/1603","0.0225828240845772111600187059821109870","0.06239550654479481678338359529334411","0","0","1.39024686451157042","5.2698220206278101329644","ZNF296;TINAGL1;ATP8A1;RASGRF1;HSF2BP;KLHDC7A;BACH2;GRIP1;TMEM88;TUBB3;PMEPA1;JARID2;KDM6B;MYEOV;HPCAL1;GAB1;EMP3;RHOF;KLF16;HSH2D;TUBB2A;VGF;CDC42EP3;TMEM217;COL13A1;TMEM160;LPP;RHOBTB2;RASGRP3;PLAC8;SOCS3;CCDC85B;MGAT5B;TP53INP1;SFN;RIMKLB;PAK4;NFATC1;BMP7;NFATC4;TMEM154;GFI1B;CAMK4;PAEP;MAP6D1;SPRY1;NOTUM;SSBP2;PHF19"
"EGR1","EGR1 19032775 ChIP-ChIP M12 Human","10/210","0.0229745143827793825430649832242124830","0.06324349715702368146530432113650022","0","0","2.16364653243847860","8.1642383702858261074198","TLE4;NT5E;CLDN3;CDKN1B;MAP2;HSD17B2;PSD3;MAP7;CLDN1;HOXB6"
"CTCF","CTCF 18555785 ChIP-Seq MESCs Mouse","36/1123","0.0257588827495060512795532758900662884","0.07064752401151291882896998686192092","0","0","1.45187237641135680","5.3123658176917398776595","CNTNAP3;MIDN;NNMT;SEMA3C;PPM1H;SLC2A3;IQGAP2;CLDN1;CXCL2;RND3;CALB2;SOCS3;SYCE2;MGAT5B;PCDHA4;CCIN;SOX8;NTRK2;PLK2;TRAPPC5;ZFP2;GAB1;RHOF;PCDHB10;GULP1;MTNR1A;SMTN;GFI1B;HSH2D;DLC1;ALDH1A2;DOK7;RHOU;EPHA1;RIN1;HOXB5"
"DNAJC2","DNAJC2 21179169 ChIP-ChIP NT2 Human","26/758","0.0264885173304347590339524742830690229","0.07238254186265322132065591631544521","0","0","1.55023265249198072","5.6289628911029714330994","ATP8A1;GRIK5;RASGRF1;TMEM59L;NRXN2;RHOBTB2;SOCS3;KLC3;ZNF827;HOXA3;JARID2;ANKRD34A;NTRK2;EGR4;HPCAL1;CDYL2;DHRS3;NFATC4;FRMD3;BCAN;VGF;REEP4;COL7A1;TXNIP;LHX4;EPHA1"
"UBF1/2","UBF1/2 26484160 Chip-Seq FIBROBLAST Human","48/1583","0.0270522505987171764385568195621090126","0.07365320783446355212831235803605523","0","0","1.37681323319767768","4.9702752238965555164896","HRK;CCDC120;MAML2;SEMA3C;RASEF;LAMC2;BAZ2B;IQGAP2;NR3C1;EFNA5;HIF1A;AREG;PCDH18;RND3;RASGRP3;SOCS2;ALCAM;RAB20;CCND2;SH3TC2;MGAT5B;PSD3;MAP7;JARID2;SYNPO;KIAA0319;UNC5B;SPINK6;ITGA1;RFX3;HMGA2;NEB;CDYL2;DHRS3;TGFBR3;KITLG;TUBB2A;NR4A3;CAMK4;DLC1;ALDH1A2;ALDH1A1;RBM20;NCOA7;NOTUM;LHX4;HOXB8;SSBP2"
"SMAD","SMAD 19615063 ChIP-ChIP OVARY Human","6/100","0.0271834039470705453311882848765890230","0.07370347993837376987524834248688421","0","0","2.75260650091994163","9.9235555857284367675675","IL6;KITLG;NTN4;GCNT2;HSF2BP;SSBP2"
"MBD3","MBD3 35695185 ChIP-Seq nicBasalRootGanglia Mouse Embryo","100/3656","0.0272683116125886880476425488950553699","0.07370347993837376987524834248688421","0","0","1.25932262668847073","4.5361178782038455992165","ANKRD37;MIDN;ATP8A1;RASEF;TXNDC12;IL1RAP;NR3C1;BACH2;MYLK;GRIP1;ALCAM;CCND2;AKT3;PDK3;PIM3;SOX8;CCDC163;GAMT;SEMA6B;TLE4;ENDOG;UNC13A;UNC5B;LIMCH1;HPCAL1;RFX3;KHDRBS3;NEDD4L;EFNA5;PCDH18;LPP;CBARP;SOCS2;EFNB2;COBLL1;IGFBP7;SRGAP3;RIMKLB;ITPRID2;CFAP74;JAG1;NEBL;PLK2;KLHDC1;FZD9;NFATC1;NFATC4;GULP1;IGSF10;GIPC2;DMXL2;CREBRF;MAP6D1;SDK2;SLC44A5;ACHE;SNED1;CDKN1B;SRXN1;SLC2A3;SYNE1;PPP3CA;SLC22A15;TRIM2;PMEPA1;JARID2;SLC2A13;TESC;SHROOM3;RGMB;CDYL2;TGFBR3;SAPCD2;CDC42EP3;DPYD;RBM20;NCOA7;RAPGEF5;SATB1;IER5L;TMEM160;ZDHHC21;FSTL1;SLC25A27;NWD1;RAB26;MGAT5B;NIPSNAP3B;NTRK2;SMOX;SYT16;LCA5;OXR1;CAMK4;DLC1;SPRY1;SSBP2;MDGA1;NECTIN3;LGR4"
"CTCF","CTCF 27219007 Chip-Seq ERYTHROID Human","50/1663","0.0278007449281574142707640362459642347","0.07487132027583189020081277931240038","0","0","1.36559374005127232","4.8925023995478413851856","HRK;PIWIL1;MAML2;RASGRF1;SLC2A3;CDC20;SOX8;JARID2;PHLDA2;KDM6B;TNFRSF12A;UNC5B;SLC2A13;TESC;MYEOV;CACNA2D4;TGFBR3;BCAN;LTB4R2;CLDN7;HOXB4;RBM20;RHOU;HOXB8;HOXB6;TLR3;COL13A1;CFI;NRXN2;EFNA5;EFNB2;KLC3;MAP2;CHST13;SFN;HBQ1;CCDC73;HES4;TM4SF18;BTBD19;ANKRD24;EGR4;KCNJ9;FZD8;DHRS3;NFATC4;FOSL1;MLLT11;CLCF1;KIF26B"
"GATA3","GATA3 22897851 ChIP-Seq JUKARTE6-1 Human","48/1587","0.0281167086984662160931147667497498333","0.07544987298221510207962836602746393","0","0","1.37292974353841690","4.9032692918190177167048","HRK;SNED1;DOCK4;PGAP1;ZNF493;NNMT;KLHDC7A;NR3C1;LIPA;FSTL1;BACH2;RHOBTB2;DLL4;SOCS3;GRIP1;CCND2;SH3TC2;COBLL1;TP53INP1;ANKRD31;PDK4;ZNF547;FLNB;GYG2;SYNPO;TIGD1;HLA-DPA1;KDM6B;SRGN;EGR3;LIMCH1;MYH15;MYEOV;TRAPPC5;TMC8;EBF2;KRT7;TMEM154;SMTN;HSH2D;TMEM54;NBEA;KIF26B;TCEA3;TXNIP;CDH13;SPRY1;CHST3"
"NANOG","NANOG 16153702 ChIP-ChIP HESCs Human","34/1057","0.0284723958497999918293430710036773235","0.07600047273286829330185554454146768","0","0","1.45513704882270423","5.1785711634914255441231","CNTNAP3;SERPINA1;SEMA3C;IER5L;NEDD4L;CLDN1;SOCS3;ALCAM;GCNT2;ZNF547;CCL2;TBL1X;JARID2;HLA-DQA1;TRIM22;EGLN3;TNFRSF12A;NEBL;FZD8;BMP7;DHRS3;PARP8;KITLG;HOXB9;UBE2S;COL7A1;HOXB3;SPRY1;LHX4;INHA;EPHA1;SSBP2;HOXB6;HOXB5"
"TRIM28","TRIM28 21343339 ChIP-Seq HEK293 Human","5/75","0.0285256466021489608897443446267061518","0.07600047273286829330185554454146768","0","0","3.07727560050568894","10.9457207265322402633956","NNMT;TRIM2;COBLL1;NRXN2;IGFBP7"
"TCFAP2C","TCFAP2C 20176728 ChIP-ChIP TROPHOBLAST STEM CELLS Mouse","58/1980","0.0291885943698455309347483677129275748","0.07749000498186749130713479871701566","0","0","1.33269959498120949","4.7097300494623963729168","SNED1;MIDN;DOCK4;CDKN1B;CCDC120;RASEF;HSPB1;HOXA3;TNFAIP8L1;SOX8;JARID2;TLE4;PDGFRB;ABCC3;UNC5B;ARL15;RFX3;EBF2;SHROOM3;FOXL1;RHOF;CDYL2;HIC1;KLF16;TMEM37;MTNR1A;CLDN3;TUBB2A;CLDN7;HOXB6;GRAMD1B;DDC;NTN4;NRXN2;LPP;RHOBTB2;SYCE2;NT5E;RAB20;COBLL1;PRRG2;GCNT2;SLC38A4;EGR3;ANKRD24;TRAPPC5;FN1;HMGA1;NFATC1;SMAD6;MARCKS;SMTN;NR4A3;GJB3;REEP4;CLCF1;GIPC2;PHF19"
"ERG","ERG 21242973 ChIP-ChIP JURKAT Human","12/283","0.0301153083026007920008915164089557948","0.07966673756645457904479457056368119","0","0","1.91769144657738710","6.7171393575910443018984","PIWIL1;NTRK2;TINAGL1;KIF26B;COL7A1;CLDN7;CDC42EP3;TACSTD2;FZD8;SLC25A21;PCDHB10;GULP1"
"ESET","ESET 19884257 ChIP-Seq ESCs Mouse","42/1369","0.0317195828627703860225217624702054309","0.08361416542624278136486282164696604","0","0","1.38925922226963650","4.7940849443697350906746","MAML2;ATP8A1;RASGRF1;TACSTD2;IER5L;HSPB1;N4BP2L1;MSI2;NR3C1;EFNA5;PBLD;STK31;CDC20;CALB2;PDK3;CHST13;CCIN;HBQ1;RHBG;ENPP5;TLE4;SRGN;ARAP2;RGMB;PCDHB10;BMP7;FRMD3;SMTN;HOXB9;TMEM54;LGSN;PLSCR4;TXNIP;SP5;MAP6D1;CDH13;RBM20;ALPK2;HOXB6;TLR3;HOXB5;CHST3"
"SMAD4","SMAD4 21741376 ChIP-Seq EPCs Human","48/1603","0.0327095444796737452874957341464323690","0.08592014148534019013503382211638382","0","0","1.35759557858159230","4.6430968407210233550586","EHF;KHDRBS3;C1S;PPM1H;KLHDC7A;IQGAP2;BACH2;SYNE1;FHAD1;PPP3CA;SYCE2;ZNF827;SH3TC2;ANKRD31;MAP7;REPS2;FLNB;SRGAP3;SYNPO;PCDHAC2;OXGR1;NEBL;SMOX;ARL15;FZD8;EBF2;RGMB;DEXI;CDYL2;DHRS3;COL3A1;MARCKS;IL6;HSH2D;C2CD4D;DLC1;KIF26B;CDC42EP3;TCEA3;COL5A2;TMEM217;MAP6D1;CDH13;RBM20;FAM20A;SHANK2;CHST3;PLA1A"
"SMARCD1","SMARCD1 25818293 ChIP-Seq ESCs Mouse","50/1683","0.0334377248474900662378317406364658382","0.08752471135518452571844250087451655","0","0","1.34736417651298246","4.5784385013024122557113","SLC44A5;HSF2BP;IL1RAP;MSI2;LIPA;PPP3CA;AKT3;PSD3;TNFSF10;HORMAD2;TLE4;PRKCH;UNC13A;ARL15;GAB1;ACSL5;CACNA2D4;ALDH1A2;DPYD;CDH13;NCOA7;PRKD1;TLR3;SHANK2;SEMA3C;PTGER1;TMEM59L;PPM1H;NEDD4L;BAZ2B;LPP;NCALD;LIMA1;PDE11A;HSD17B2;GPC3;REPS2;PCDHA4;FLNB;SRGAP3;GSTM2;TMEM132B;KLHDC1;HMGA2;OXR1;MPP7;GULP1;NBEA;DLC1;SDK2"
"TBX2","TBX2 33478486 ChIP-Seq IMR90 Human Lung","67/2354","0.0338411567661673906570740655297413468","0.08827098932713592360776999612426152","0","0","1.29623625172378998","4.3891564862753149611763","ACHE;SNED1;DOCK4;TINAGL1;RASEF;HSPB1;HSF2BP;KLHDC7A;CLDN1;CCND2;TMSB4X;PDK4;GYG2;OXGR1;PDGFRB;PRKCH;TESC;RFX3;CACNA2D4;PRAP1;HIC1;PARP8;FRMD3;BCAN;CLDN3;HOXB9;DOK7;HOXB3;RIN1;DSC2;SHANK2;HOXB5;CHST3;CCDC187;SOCS2;EFNB2;DLL4;SOCS3;PDE11A;SERTAD1;FLNB;RHBG;NTSR1;NIPSNAP3B;CFAP74;EGLN3;PLK2;CCDC14;HMGA1;NFATC1;L1CAM;ARID3C;DHRS3;NFATC4;FOSL1;SBK3;SMTN;GJB3;DLC1;DMXL2;TCEA3;PAEP;NABP1;SSBP2;MDGA1;SDK2;PHF19"
"CTCF","CTCF 21964334 Chip-Seq Bcells Human","49/1646","0.0340071570554554905574384804367582547","0.08839490997689823659211327822049498","0","0","1.34958009503112430","4.5631789950201344652214","HRK;PIWIL1;EHF;SRXN1;TXNDC12;SLC2A3;NUDT3;IFI44L;CDC20;PHLDA2;PDGFRB;TNFRSF12A;SLC2A13;MYEOV;RHOF;RGMB;KLF16;LTB4R2;TXNIP;COL13A1;PTGER1;ZNF20;PPM1H;DNAJC22;NRXN2;EFNA5;RASGRP3;EFNB2;DLL4;PDE11A;RAB20;NPW;CCDC85B;MGAT5B;SFN;HBQ1;JAG1;KCNJ9;PLK2;KLRC4;TRAPPC5;PRSS35;DHRS3;NFATC4;MLLT11;MARCKS;IL6;KIF26B;SDK2"
"ZFP57","ZFP57 27257070 Chip-Seq ESCs Mouse","25/744","0.0359530742478587211907736786997702438","0.09312844926702291969977665075930418","0","0","1.51509297893164407","5.0385033413696191928466","CNTNAP3;KHDRBS3;SYNPO2;RASGRF1;CLDN1;RND3;NCALD;EFNB2;ALCAM;PSD3;SLC25A21;TLE4;ITGA1;SYT16;NEB;RGMB;OXR1;GULP1;MARCKS;XKR9;NBEA;KIF26B;ALDH1A1;PI15;CDH13"
"MEIS1","MEIS1 26253404 ChIP-Seq OPTIC CUPS Mouse","44/1461","0.0368224316416936592322173282809671946","0.09505029067371444095879695623807493","0","0","1.36280823825529152","4.4995131814796192060157","RTP4;DOCK4;DDC;MAML2;SRXN1;RASGRF1;RASEF;NEDD4L;WFDC1;HSF2BP;KLHDC7A;BAZ2B;NR3C1;CLDN1;MYLK;SYNE1;RASGRP3;STK31;EFNB2;PDE11A;ALCAM;SLC22A15;FLNB;IGFBP7;SOX8;NTSR1;TLE4;ARRDC4;JAG1;SMOX;SYT16;RFX3;NFATC1;NEB;GULP1;COL1A2;XKR9;NBEA;LGSN;ALDH1A2;DPYD;ALDH1A1;SPINK13;SDK2"
"RARB","RARB 24833708 ChIP-Seq LIVER Mouse","43/1424","0.0373711712036927171110001211218332173","0.09587973989155454401789313578774454","0","0","1.36596039416931658","4.4897147010332991712289","SLFN5;PGAP1;SRXN1;C1S;SATB1;DNAJC22;PLA2G3;ALOX12B;IL1RAP;LPP;CXCL2;RHOBTB2;STK31;EFNB2;PANX2;SOCS3;LIMA1;ALCAM;RAB20;RAB26;PSD3;HSD17B2;GCNT2;PDK4;TNFAIP8L1;PMEPA1;HBQ1;SYNPO;RHBG;SEMA6B;ARL15;FZD8;ACSL5;KRT7;DEXI;KLF16;MTNR1A;XKR9;VGF;ALDH1A1;TXNIP;NOTUM;RIN1"
"TCF4","TCF4 22108803 ChIP-Seq LS180 Human","47/1579","0.0374804459903866071801559201048803516","0.09587973989155454401789313578774454","0","0","1.34769948417499830","4.4257587484927114473976","HRK;ACHE;GRAMD1B;SNED1;EHF;TPH1;KRT80;COL13A1;ATP8A1;SATB1;MPL;MSI2;NR3C1;EFNA5;AREG;RND3;PPP3CA;HMGN5;MAP2;MGAT5B;PSD3;GCNT2;GPC3;FLNB;TBL1X;SRGN;EGLN3;EGR3;UNC5B;CCDC14;MYEOV;RIPK4;LCA5;ACSL5;HMGA2;SHROOM3;FOXL1;RGMB;OXR1;PARP8;FRMD3;KITLG;KIF26B;RHOU;LIMS2;SHANK2;TMEM45A"
"TET1","TET1 21490601 ChIP-Seq MESCs Mouse","48/1618","0.0375293351854342135953679360227397410","0.09587973989155454401789313578774454","0","0","1.34350365190849197","4.4102285906840625884229","GRAMD1B;PIWIL1;ANKRD37;TINAGL1;SRXN1;GRIK5;PPM1H;KLHDC7A;KIF12;ZDHHC21;SOCS2;SOCS3;MRPL2;NPW;HOXA3;GCNT2;PIM3;SOX8;PHLDA2;SYNPO;RIMKLB;NTSR1;ABCC3;KDM6B;ENDOG;EGR3;EGR4;SMOX;FZD9;GAB1;SHROOM3;SMAD6;BMP7;FOSL1;MLLT11;BCAN;CLDN3;NR4A3;GJB3;COL7A1;MALL;SPRY1;EPHA1;RIN1;SSBP2;SHANK2;CHST3;PHF19"
"SMRT","SMRT 22465074 ChIP-Seq MACROPHAGES Mouse","47/1580","0.0378239896368101069512590584054123610","0.09630271764184415717036102932979702","0","0","1.34674558095874497","4.4103382274426241593801","RTP4;SLFN5;MIDN;DOCK4;ATP8A1;TACSTD2;IER5L;N4BP2L1;CXCL1;BAZ2B;CXCL2;CTSS;RASGRP3;PLAC8;SOCS2;SLC25A27;ALCAM;TMSB4X;COBLL1;CCL2;PIM3;JARID2;TLE4;KDM6B;SRGN;BTBD19;PRKCH;JAG1;UNC5B;PLK2;KLHDC1;HPCAL1;HMGA1;NFATC1;EMP3;SMAD6;KLF16;TMEM37;MARCKS;CLDN3;TUBB2A;LTB4R2;HOXB4;TXNIP;SPINK13;NCOA7;ALPK2"
"FOXA1","FOXA1 26743006 Chip-Seq LNCaP-abl Human","48/1620","0.0382114179869946571366234877586975927","0.09695822387176196432978514394562808","0","0","1.34164504749995328","4.3799624729794217614653","PIWIL1;EHF;CDKN1B;COL13A1;ATP8A1;SYNPO2;TACSTD2;PPM1H;DNAJC22;IER5L;HSPB1;ZDHHC21;LAMC2;SLC2A3;EFNA5;RND3;PBLD;LIMA1;PDE11A;ALCAM;RAB20;SLC22A15;CCDC85B;RAB26;MAP2;COBLL1;SYNPO;NIPSNAP3B;JAG1;UNC5B;NEBL;SLC2A13;CCDC14;FZD8;PRSS35;BMP7;DHRS3;MPP7;NFATC4;CLDN4;MARCKS;IL6;SPRY1;PRKD1;LHX4;EPHA1;ZNF233;TMEM45A"
"STAT6","STAT6 21828071 ChIP-Seq BEAS2B Human","3/33","0.0389734785423693150252510974951292155","0.09855666099188988005241895962171839","0","0","4.29801762114537489","13.9465252072907421876380","KDM6B;CCL2;CDH13"
"FOXH1","FOXH1 21741376 ChIP-Seq EPCs Human","47/1586","0.0399365458067249268214737867310759611","0.10065088909397564009839953769187559","0","0","1.34104819410767218","4.3187966794539125459096","SNED1;EHF;CDKN1B;KHDRBS3;MAML2;COL13A1;C1S;PLA2G3;EFNA5;CLDN1;NCALD;ABI3BP;DCDC2B;ADORA1;ANKRD31;SFN;ZNF524;ENPP5;HES4;TM4SF18;BTBD19;PRKCH;NEBL;ARL15;TESC;RIPK4;ITGA1;FN1;ACSL5;EBF2;PRSS35;CACNA2D4;DEXI;CDYL2;C2CD4D;CLCF1;KIF26B;DMXL2;TCEA3;SIDT1;MAP6D1;NCOA7;SSBP2;TLR3;SHANK2;PHF19;TMEM45A"
"PU.1","PU.1 20513432 ChIP-Seq MACROPHAGES Mouse","45/1509","0.0401825926055390733604433251002774341","0.10093001374993987306893927780038211","0","0","1.34880331847843382","4.3354873667949576088176","ACHE;EHF;SAMD9L;KRT80;NNMT;PLA2G3;ILDR2;KIF12;NR3C1;NCALD;SOCS3;LIMA1;HOXA9;SLC22A15;TMEM88;ADORA1;CCL2;PIM3;CCIN;GAMT;KDM6B;LRRC46;KCNJ9;TRAPPC5;KLHDC1;FN1;TMC8;IL17RE;OXR1;MIF4GD;DHRS3;MPP7;BCAN;HOXB9;TUBB2A;NR4A3;CAMK4;PI15;MAP6D1;SPINK13;RHOU;ALPK2;RIN1;CHST3;PHF19"
"POU3F2","POU3F2 20337985 ChIP-ChIP 501MEL Human","40/1319","0.0413350263186175945206990434144245228","0.10347627393855275690359718510080711","0","0","1.36977517282499250","4.3641654001742073987202","SATB1;NEXN;NR3C1;TFPI;HIF1A;NUDT3;SYNE1;PLAC8;STK31;SLC25A27;ALCAM;MAP2;TRIM2;COBLL1;AKT3;ENPP5;TM4SF18;NEBL;ARL15;CCDC14;SPINK6;KLRC4;FN1;RFX3;HMGA2;SHROOM3;PCDHB10;DCBLD2;GULP1;COL3A1;KITLG;IL6;COL1A2;NBEA;DLC1;ALDH1A2;PLSCR4;COL5A2;SPRY1;LGR4"
"SCL","SCL 19346495 ChIP-Seq HPC-7 Human","9/201","0.0419323292655987833743580495138303377","0.10391125865113351456336943101632642","0","0","2.02472795758928559","6.4218259538899378213728","EGLN3;GFI1B;MAML2;PSD3;HPCAL1;GCNT2;HMGA2;JARID2;MDGA1"
"TP63","TP63 17297297 ChIP-ChIP HaCaT Human","3/34","0.0420430861583332982078786699275951833","0.10391125865113351456336943101632642","0","0","4.15915873241438128","13.1806249268578099531624","JAG1;SFN;BMP7"
"EZH2","EZH2 22144423 ChIP-Seq EOC Human","3/34","0.0420430861583332982078786699275951833","0.10391125865113351456336943101632642","0","0","4.15915873241438128","13.1806249268578099531624","KIF26B;EBF2;SDK2"
"CDX2","CDX2 21402776 ChIP-Seq INTESTINAL-VILLUS Mouse","45/1514","0.0420659518936224233187637366881972412","0.10391125865113351456336943101632642","0","0","1.34384066831012450","4.2579814775552771166645","SNED1;DOCK4;DDC;PGAP1;COL13A1;PPM1H;ILDR2;LAMC2;MSI2;IQGAP2;SYNE1;ZDBF2;SOCS2;GRIP1;MGAT5B;AKT3;ADORA1;HORMAD2;ABCC3;KDM6B;SRGN;EGLN3;PRKCH;ANKRD24;UNC5B;HPCAL1;FN1;HMGA2;GULP1;TMEM37;COL3A1;MARCKS;XKR9;LGSN;KIF26B;COL5A2;PI15;NCOA7;PRKD1;LHX4;FAM20A;INHA;SDK2;CHST3;CAPS2"
"SMARCA4","SMARCA4 20176728 ChIP-ChIP TSCs Mouse","27/830","0.0422690808243611423899999124387250049","0.10406843001641387369549107688726508","0","0","1.46537692953749032","4.6360121273799324015386","EHF;DOCK4;HSPB1;TXNDC12;LAMC2;EFNA5;HIF1A;LPP;RHOBTB2;KLC3;RAB20;GCNT2;SRGAP3;UNC5B;NEBL;RIPK4;TRAPPC5;NFATC1;RHOF;ARID3C;TMEM37;CLDN4;CLDN3;GJB3;GIPC2;TXNIP;PHF19"
"KLF4","KLF4 19829295 ChIP-Seq ESCs Human","47/1593","0.0425144572818930630009326421259174822","0.10432609621187559356680907285408466","0","0","1.33445713564509516","4.2140969871937938862061","PIWIL1;ZNF296;MPL;IER5L;PLA2G3;WFDC1;TMEM160;HSF2BP;ALOX12B;EFNA5;LPP;NUDT3;NCALD;FHAD1;LIMA1;NWD1;RAB26;MAP7;TNFAIP8L1;PMEPA1;PDK3;TBL1X;JARID2;GAMT;SRGN;NTRK2;UNC13A;SMOX;TESC;TMEM132B;HPCAL1;FZD9;EMP3;FOXL1;MPP7;CLDN4;HSH2D;NBEA;UBE2S;KIF26B;TCEA3;LHX4;SSBP2;MDGA1;LGR4;SDK2;PHF19"
"KLF1","KLF1 20508144 ChIP-Seq FETAL-LIVER-ERYTHROID Mouse","28/868","0.0427397342555338732861258677075966261","0.10432609621187559356680907285408466","0","0","1.45322455322455313","4.5814738690040552882010","ACHE;SAMD9L;KHDRBS3;ATP8A1;SRXN1;NEDD4L;EFNA5;CTSS;SERTAD1;SH3TC2;HORMAD2;JARID2;TLE4;NTRK2;SMOX;ARL15;PLK2;SLC2A13;TMC8;OXR1;TMEM154;GFI1B;IL6;TUBB2A;GIPC2;COL5A2;PI15;SIDT1"
"STAT3","STAT3 1855785 ChIP-Seq MESCs Mouse","16/435","0.0429009222193769204634072877979633631","0.10432609621187559356680907285408466","0","0","1.65594575141114531","5.2143445783549964289705","MIDN;ENDOG;UNC13A;ARL15;TRAPPC5;FN1;SMAD6;PCDH18;LPP;SOCS2;SOCS3;CLDN4;GJB3;DLC1;TCEA3;PDK4"
"TET1","TET1 21451524 ChIP-Seq MESCs Mouse","42/1400","0.0429331253847799049205846699805988465","0.10432609621187559356680907285408466","0","0","1.35523537448764131","4.2664321997856786694570","FOXC2;MIDN;GAL3ST1;NNMT;COL13A1;TMEM59L;DNAJC22;NRXN2;HSF2BP;KLHDC7A;NUDT3;CALB2;HOXA9;MRPL2;CCND2;SERTAD1;HOXA3;GCNT2;RHBG;KDM6B;ENDOG;LRRC46;INCA1;TRAPPC5;FZD8;SHROOM3;IL17RE;FOSL1;HOXB9;COL1A2;NR4A3;CLCF1;MALL;HOXB4;TXNIP;SPRY1;RIN1;HOXB6;LIMS2;HOXB5;PLA1A;PHF19"
"GATA2","GATA2 20887958 ChIP-Seq HPC-7 Mouse","40/1324","0.0433947250212914151235032989006867865","0.10510540540871232684239089394395705","0","0","1.36406762440514884","4.2796494839681384902974","ACHE;FOXC2;DDC;KRT80;CDKN1B;TINAGL1;IER5L;NR3C1;FSTL1;CTSS;PLAC8;EFNB2;DLL4;NWD1;RAB20;NPW;TMSB4X;GCNT2;TNFAIP8L1;PMEPA1;HBQ1;ENPP5;PAK4;PDGFRB;EGLN3;UNC13A;TRAPPC5;FZD9;GAB1;HMGA2;SHROOM3;NFATC1;DHRS3;TGFBR3;GFI1B;CLDN7;TMEM217;TXNIP;EPHA1;PLA1A"
"P300","P300 27268052 Chip-Seq Bcells Human","47/1596","0.0436574087188257090041965113869082415","0.10539943981955980645270898321541608","0","0","1.33165063219386237","4.1699071941342413794018","ACHE;SERPINA1;TINAGL1;CCDC120;COL13A1;PTGER1;CCDC146;TACSTD2;NTN4;IER5L;NRXN2;ALOX12B;ZDHHC21;CXCL1;PLAC8;DLL4;SOCS3;HOXA9;RAB26;TMSB4X;HOXA3;IGFBP7;CCIN;RHBG;PAK4;SUN2;LRRC46;ANKRD24;RIPK4;HPCAL1;RFX3;TMC8;NEB;CACNA2D4;EMP3;ARID3C;IGSF10;HSH2D;TMEM54;CLCF1;TCEA3;TXNIP;RBM20;NCOA7;HOXB8;SDK2;PHF19"
"MYC","MYC 30127528 ChIP-Seq KELLY Human Brain Neuroblastoma","111/4188","0.0443379427362000783086060096138680819","0.10641094911167987835387549466759083","0","0","1.21698205497922229","3.7920119989047158526319","ZNF296;ANKRD37;PGAP1;ATP8A1;HSF2BP;PJVK;NR3C1;BACH2;NUDT3;ZDBF2;ALCAM;ANKRD31;PDK3;PIM3;TLE4;PDGFRB;ENDOG;UNC13A;H2AC6;ARL15;LIMCH1;HPCAL1;RFX3;MTNR1A;KHDRBS3;CCDC146;BAZ2B;IQGAP2;EFNA5;RHOBTB2;PLAC8;MAP2;H3C1;MAP7;SRGAP3;KIAA0319;H4C8;ITPRID2;JAG1;EGR4;PLK2;FZD9;HMGA1;BMP7;GULP1;H1-4;SMTN;XKR9;NR4A3;REEP4;UBE2S;CREBRF;MAP6D1;NABP1;CD200;PHF19;SRXN1;HSPB1;RND3;SYNE1;PANX2;PPP3CA;TMSB4X;TRIM2;PSD3;PMEPA1;ZNF524;JARID2;TIGD1;SUN2;ITGA1;GAB1;SHROOM3;SAPCD2;CDC42EP3;NME9;TMEM217;NCOA7;RAPGEF5;ZNF233;TMEM45A;DDC;SEMA3C;PTGER1;SYNPO2;IER5L;TMEM160;ZDHHC21;NCALD;PDE11A;SERTAD1;TP53INP1;POC1A;FLNB;FAM47E;TBL1X;PAK4;ZNF585A;NIPSNAP3B;CENPW;LCA5;TUBB4B;OXR1;DCBLD2;MARCKS;CAMK4;DLC1;SPRY1;INHA;SSBP2;NECTIN3"
"NEUROD2","NEUROD2 26341353 ChIP-Seq CORTEX Mouse","44/1481","0.0443616691336896074027151826157933101","0.10641094911167987835387549466759083","0","0","1.34235805358554017","4.1819547486566399641106","HRK;MIDN;COL13A1;NRXN2;KIF12;ZDHHC21;MSI2;IQGAP2;CLCN1;NCALD;EFNB2;PANX2;SOCS3;LIMA1;ALCAM;TMEM88;RAB26;COBLL1;HSD17B2;ADORA1;SRGAP3;NTRK2;EGLN3;LRRC46;FZD8;KRT7;NEB;ARID3C;MIF4GD;DEXI;HIC1;KLF16;DCBLD2;GFAP;SMTN;CLDN3;COL7A1;DOK7;SP5;SPINK13;NOTUM;FAM20A;INHA;SDK2"
"GATA6","GATA6 25053715 ChIP-Seq YYC3 Human","48/1639","0.0451774608019910456357948191907780711","0.10802046717399139963422527443981380","0","0","1.32422136129419910","4.1013214207254646836986","PIWIL1;SLFN5;EHF;KRT80;TINAGL1;MAML2;SRXN1;PTGER1;RASEF;NTN4;PPM1H;IER5L;LAMC2;IQGAP2;EFNA5;TFPI;HIF1A;RND3;RASGRP3;CDC20;EFNB2;PANX2;ALCAM;COBLL1;GCNT2;POC1A;SFN;PIM3;TBL1X;SLC38A4;HES4;GAMT;JAG1;NEBL;STYK1;IL17RE;RHOF;DHRS3;HIC1;GULP1;TGFBR3;CLDN4;MARCKS;SMTN;KITLG;KIF26B;CLDN7;SHANK2"
"POU5F1","POU5F1 26923725 Chip-Seq MESODERM Mouse","15/406","0.0473340351161431402426948977790743811","0.11245601973453116240175830853331718","0","0","1.66228836606450558","5.0708533544977214546634","TLE4;SLC44A5;EHF;SATB1;TESC;HPCAL1;NEB;MSI2;MARCKS;KIF26B;PSD3;SP5;PMEPA1;JARID2;OXGR1"
"TEAD4","TEAD4 26923725 Chip-Seq HEMANGIOBLAST Mouse","15/406","0.0473340351161431402426948977790743811","0.11245601973453116240175830853331718","0","0","1.66228836606450558","5.0708533544977214546634","TLE4;SLC44A5;EHF;SATB1;TESC;HPCAL1;NEB;MSI2;MARCKS;KIF26B;PSD3;SP5;PMEPA1;JARID2;OXGR1"
"SMAD1","SMAD1 26771354 ChIP-Seq mESC Mouse Stem","31/994","0.0498350224572371922060476379101601196","0.11766348618850636098542850049852859","0","0","1.40401425513969969","4.2106910927185001725093","RTP4;ANKRD37;DDC;SATB1;SLC2A3;TFPI;LPP;NWD1;LURAP1L;PSD3;SLC25A21;JARID2;CFAP44;ARL15;TMEM132B;FN1;RHOF;MPP7;NFATC4;TMEM154;CLDN4;HSH2D;TCIM;GIPC2;COL9A3;NCOA7;RHOU;EPHA1;LGR4;CAPS2;TMEM45A"
"MNX1","MNX1 26342078 ChIP-Seq MIN6-4N Mouse","45/1533","0.0498413694846756155643063834759232122","0.11766348618850636098542850049852859","0","0","1.32528676010021917","3.9744156213288546197759","SNED1;SLFN5;COL13A1;MPL;IER5L;PLA2G3;MSI2;IQGAP2;EFNA5;PBLD;ZDBF2;SOCS2;CALB2;SOCS3;GRIP1;CCND2;MGAT5B;COBLL1;PMEPA1;SLC16A8;HORMAD2;ENDOG;EGR3;TNFRSF12A;ARL15;PLK2;FN1;HMGA1;FZD8;EBF2;HMGA2;INHBA;RGMB;OTOP2;MARCKS;HOXB9;C2CD4D;KIF26B;CLDN7;GIPC2;SIDT1;SSBP2;MDGA1;CD200;HOXB5"
"THRA","THRA 23701648 ChIP-Seq CEREBELLUM Mouse","7/146","0.0506423377357576726121024535132164601","0.11893962087125303783707863658491988","0","0","2.17151079136690628","6.4775457656164014963451","PDGFRB;CCDC120;TMEM54;TMC8;COL9A3;RHBG;LIMS2"
"FLI1","FLI1 21867929 ChIP-Seq TH2 Mouse","44/1496","0.0507443677700793460694228542706696317","0.11893962087125303783707863658491988","0","0","1.32739012400029344","3.9568897586783808861810","MIDN;DOCK4;DDC;COL13A1;NTN4;PPM1H;MSI2;IQGAP2;HIF1A;LPP;SYNE1;PBLD;SOCS2;SOCS3;GRIP1;MGAT5B;FLNB;SLC25A21;HORMAD2;JARID2;OXGR1;KDM6B;SRGN;NTRK2;EGLN3;PRKCH;UNC5B;SLC2A13;ITGA1;HPCAL1;SYT16;HMGA2;INHBA;HIC1;PARP8;MARCKS;SMTN;NCOA7;PRKD1;RAPGEF5;SSBP2;SDK2;CHST3;CAPS2"
"EGR1","EGR1 23403033 ChIP-Seq LIVER Mouse","18/516","0.0508602400240344768023170729520643363","0.11893962087125303783707863658491988","0","0","1.56804896122073711","4.6707063574204550349123","NIPSNAP3B;GSTM2;SAMD9L;DDC;CCDC120;NNMT;MAML2;ATP8A1;C1S;TNFRSF12A;TXNDC12;RAB20;RAB26;HSD17B2;ALDH1A1;CREBRF;FAM20A;PLA1A"
"FOXA1","FOXA1 21572438 ChIP-Seq LNCaP Human","46/1578","0.0524294974929100376925816817674785852","0.12222626603034651704415836093176040","0","0","1.31581572042969763","3.8794009576289858465259","SNED1;EHF;SAMD9L;DDC;PGAP1;SATB1;PPM1H;LAMC2;SLC2A3;IQGAP2;CLDN1;LIPA;AREG;CXCL2;IFI44L;SYCE2;KLC3;SLC22A15;MAP2;TP53INP1;TNFSF10;MAP7;REPS2;CCL2;KIAA0319;ENPP5;HLA-DPA1;ZNF585A;ARRDC4;GSTM2;MYH15;KLRC4;EBF2;SHROOM3;MIF4GD;HIC1;TMEM154;FOSL1;TMEM158;GJB3;REEP4;ALDH1A2;DMXL2;SIDT1;HOXB3;NCOA7"
"STAT5B","STAT5B 24692510 ChIP-Seq Epithelium Mouse Mammary","17/484","0.0537591272757568031104291605970502133","0.12493554189319182323725243577428046","0","0","1.57821685808837842","4.6135095152410494634410","H4C8;SUN2;MPL;SHROOM3;HIF1A;LPP;NUDT3;GULP1;SOCS2;SOCS3;MARCKS;PSD3;GCNT2;IGFBP7;FAM20A;TLR3;PAK4"
"TP63","TP63 22573176 ChIP-Seq HFKS Human","89/3315","0.0544986798051744769644244570372393355","0.12626091656726759482332056450104574","0","0","1.22325820776840355","3.5591661499182065675484","PIWIL1;MIDN;PGAP1;TINAGL1;MAML2;RASGRF1;RASEF;HSPB1;KIF12;N4BP2L1;LAMC2;CXCL2;BACH2;MYLK;CALB2;FHAD1;SLC22A15;TMEM88;PSD3;TNFSF10;PMEPA1;SYNPO;GAMT;SEMA6B;TLE4;ABCC3;KDM6B;SUN2;UNC13A;MYH15;RIPK4;HPCAL1;TMC8;KRT7;RHOF;LTB4R2;ALDH1A2;DOK7;TXNIP;RBM20;FAM20A;RAPGEF5;EPHA1;DSC2;CHST3;TMEM45A;DNAH3;SYNPO2;CCDC146;TACSTD2;NTN4;NEDD4L;PLA2G3;NRXN2;CYP3A5;LPP;CLCN1;NCALD;EFNB2;SOCS3;ZNF827;RAB26;ABI3BP;HSD17B2;POC1A;SFN;FLNB;SRGAP3;RIMKLB;NTSR1;SLC38A4;CCDC73;ANKRD34A;KCNJ9;CCDC14;NEB;INHBA;OTOP2;SMAD6;OXR1;MPP7;NFATC4;TMEM154;GFAP;MLLT11;GFI1B;KIF26B;COL7A1;LGR4"
"PPARD","PPARD 21283829 ChIP-Seq MYOFIBROBLAST Human","75/2749","0.0566651327651301259247240693639469100","0.13060021059138701704505081124807475","0","0","1.23858505601741808","3.5554775549537240841858","TINAGL1;MAML2;RASEF;HSF2BP;IL1RAP;MSI2;NR3C1;RND3;BACH2;MYLK;HOXA9;TUBB3;PSD3;PDK4;PIM3;JARID2;SYNPO;TLE4;ARRDC4;ABCC3;KDM6B;TNFRSF12A;GAB1;ARAP2;ACSL5;EBF2;KRT7;FOXL1;RHOF;DEXI;BCAN;DPYD;TXNIP;PRKD1;RAPGEF5;CHST3;SEMA3C;CFI;NTN4;IER5L;NEDD4L;NEXN;ZDHHC21;EFNA5;HIF1A;PCDH18;NCALD;EFNB2;SOCS3;ZNF827;CCDC85B;MAP2;TP53INP1;REPS2;CCL2;FLNB;IGFBP7;SLC38A4;BTBD19;CENPW;SMOX;CCDC14;TRAPPC5;NEB;INHBA;OXR1;DHRS3;TMEM154;FOSL1;MARCKS;SMTN;NR4A3;TCEA3;COL9A3;SPRY1"
"JARID1B-DAIN","JARID1B-DAIN 22020125 ChIP-Seq ESCs Mouse","43/1470","0.0568864422989868723234962999413255602","0.13060021059138701704505081124807475","0","0","1.31857990649617962","3.7799706954939980008135","MIDN;CCDC120;ATP8A1;PTGER1;NTN4;IER5L;HSPB1;N4BP2L1;IQGAP2;TFPI;FSTL1;NCALD;GRIP1;HOXA9;TUBB3;RAB26;HSD17B2;GCNT2;TNFAIP8L1;PMEPA1;SLC16A8;PCDHAC2;PAK4;SEMA6B;TLE4;ARRDC4;JAG1;EGR3;SLC2A13;TESC;HPCAL1;OXR1;CDYL2;NFATC4;FOSL1;CLDN4;NBEA;UBE2S;ALDH1A2;MAP6D1;HOXB8;HOXB6;SDK2"
"FOXA1","FOXA1 33576154 ChIP-Seq Human Liver ProstateCancer","55/1944","0.0568968745874005032980846863210899755","0.13060021059138701704505081124807475","0","0","1.27863856998754244","3.6652364710584719453834","EHF;DOCK4;CXCL8;ATP8A1;RASEF;HSPB1;NUDT3;GRIP1;MRPL2;ALCAM;H2BC21;PSD3;PDK4;TNFSF10;ENPP5;TLE4;ARRDC4;SUN2;PRKCH;LIMCH1;GAB1;RFX3;ACSL5;CLDN3;HOXB9;MALL;TXNIP;KRT80;C1S;SEMA3C;SYNPO2;DNAH5;PPM1H;HIF1A;LPP;SOCS2;LIMA1;NWD1;PDE11A;COBLL1;TP53INP1;MAP7;REPS2;FLNB;TBL1X;NIPSNAP3B;SMOX;SYT16;OXR1;XKR9;TCIM;REEP4;CLCF1;CREBRF;CCSER1"
"TCF4","TCF4 32651957 ChIP-Seq PLC/PRF/5 Human Liver Heptoma","19/561","0.0580146987786625753513725101129239192","0.13256209682609562672261915849958314","0","0","1.52074592663734864","4.3296531845051813292002","SLC44A5;CXCL8;ARL15;RIPK4;IER5L;ACSL5;SMAD6;NFATC4;RASGRP3;ZDBF2;SOCS2;TGFBR3;ZNF827;UBE2S;PSD3;TNFSF10;SP5;LHX4;TBL1X"
"AR","AR 27270436 ChIP-Seq LNCaP Human Prostate Carcinoma","8/182","0.0581069780993743595365330634194833692","0.13256209682609562672261915849958314","0","0","1.98336021298927356","5.6435910279970302738661","NEBL;SLC2A13;DNAH5;RASEF;ARAP2;NEXN;FLNB;PBLD"
"POU2F1","POU2F1 27270436 ChIP-Seq VCaP Human Prostate Carcinoma","29/933","0.0584240098385447326201358464459190145","0.13287899798644625670718255605606828","0","0","1.39703860309320982","3.9676292336116150138992","SNED1;EHF;DNAH5;DNAJC22;NUDT3;KLC3;NWD1;RAB20;ZNRD2;SERTAD1;H2BC21;TP53INP1;FLNB;PAK4;ARRDC4;H4C8;EGLN3;JAG1;H2BC8;H2AC6;H2BC6;HMGA1;OXR1;NFATC4;H1-4;MARCKS;UBE2S;SPRY1;LGR4"
"ETS2","ETS2 20176728 ChIP-ChIP TROPHOBLAST STEM CELLS Mouse","7/151","0.0586280913322115501684628213752148440","0.13293786058914836001321191361057572","0","0","2.09557098765432093","5.9441737017456599545540","LIMA1;CDC42EP3;NEDD4L;NFATC1;SPRY1;NFATC4;CAPS2"
"BRD4","BRD4 27068464 Chip-Seq AML-cells Mouse","46/1597","0.0614495897300922008787971151377860224","0.13891331496560241354210063491336768","0","0","1.29832570149389537","3.6217290358124158977660","ACHE;SLFN5;MIDN;COL13A1;ATP8A1;PPM1H;HSF2BP;N4BP2L1;IQGAP2;TFPI;CTSS;SYNE1;RASGRP3;SOCS2;SOCS3;HOXA9;ALCAM;PIM3;CCIN;HORMAD2;JARID2;GAMT;PDGFRB;KDM6B;SRGN;SUN2;EGLN3;EGR3;TNFRSF12A;UNC5B;ITGA1;KLHDC1;HPCAL1;HMGA2;NFATC1;EMP3;INHBA;HIC1;KLF16;SMTN;LTB4R2;KIF26B;HOXB4;TXNIP;NOTUM;SSBP2"
"SMAD3","SMAD3 30307970 ChIP-Seq HCASMC Human CoronaryArtery","50/1759","0.0632874905944099674925951148907188326","0.14245380428619006107915367920213612","0","0","1.28198308420660689","3.5383599620353223258462","HRK;SNED1;ANKRD37;FCMR;PGAP1;SRXN1;IL1RAP;NR3C1;IFI44L;TUBB3;PSD3;PMEPA1;PDK3;PIM3;ARRDC4;SUN2;ENDOG;SLC2A13;SHROOM3;PRAP1;CDYL2;KLF16;FRMD3;TGFBR3;TUBB2A;CDC42EP3;PRKD1;RAPGEF5;RIN1;SEMA3C;BAZ2B;LPP;PBLD;LIMA1;NPW;CCDC85B;TP53INP1;FLNB;TBL1X;HES4;NTRK2;NEBL;FZD9;FZD8;DHRS3;KITLG;TMEM158;NABP1;NECTIN3;SDK2"
"NANOG","NANOG 18555785 Chip-Seq ESCs Mouse","44/1522","0.0633976716126207762158628611359745264","0.14245380428619006107915367920213612","0","0","1.30216541560318078","3.5917995134370048759820","SLC44A5;SNED1;EHF;PGAP1;SYNPO2;ILDR2;KLHDC7A;LAMC2;BAZ2B;TFPI;RND3;ZDBF2;PPP3CA;PDE11A;TRIM2;COBLL1;AKT3;ADORA1;PMEPA1;CCDC73;JAG1;NEBL;KCNJ9;SMOX;LIMCH1;FN1;NEB;BMP7;TMEM154;GULP1;TMEM37;IGSF10;COL3A1;COL1A2;XKR9;NBEA;LGSN;KIF26B;GIPC2;COL5A2;PI15;SP5;LHX4;LGR4"
"CDX2","CDX2 19796622 ChIP-Seq MESCs Mouse","10/252","0.0647879900631751631800980817388335709","0.14514066242380982418858081928192405","0","0","1.78425499657958464","4.8828547284696757202482","HOXA9;ATP8A1;SATB1;COBLL1;CLDN7;PSD3;HOXA3;GCNT2;HOXB8;GULP1"
"NUCKS1","NUCKS1 24931609 ChIP-Seq HEPATOCYTES Mouse","19/570","0.0656752285432258969821717187187459785","0.14668778590792372340523286311508855","0","0","1.49519760667611390","4.0714731175309086808056","TLE4;EGLN3;DOCK4;CDKN1B;ITGA1;FN1;HMGA1;ARAP2;NEDD4L;HSPB1;NFATC1;NR3C1;SMAD6;HIF1A;BMP7;HIC1;TGFBR3;SOCS3;PPP3CA"
"REST","REST 21632747 ChIP-Seq MESCs Mouse","50/1765","0.0662851493196602858937183100351830944","0.14760812355960170605406744925858220","0","0","1.27706821584372610","3.4656941860105652253310","PIWIL1;GRIK5;KLHDC7A;MSI2;PPP3CA;GRIP1;TUBB3;ARRDC4;ZFP2;ARAP2;RFX3;CACNA2D4;FOXL1;BCAN;VGF;DPYD;CDH13;PRKD1;SHANK2;TPH1;KHDRBS3;SATB1;PPM1H;NEDD4L;NRXN2;EFNA5;NCALD;NWD1;MGAT5B;CCL2;SFN;SLC25A21;SRGAP3;NTRK2;BTBD19;EGLN3;EGR4;TMEM132B;L1CAM;OTOP2;DHRS3;TMEM154;IGSF10;MARCKS;GFI1B;DLC1;KIF26B;TCEA3;LHX4;MDGA1"
"PRDM14","PRDM14 20953172 ChIP-Seq ESCs Human","40/1374","0.0684539724465365040373399097006767988","0.15198411739617925797496411632891977","0","0","1.30934532733633180","3.5111321739052976376172","SLC44A5;RTP4;SNED1;EHF;DOCK4;PGAP1;ZNF493;KHDRBS3;SATB1;RASEF;IQGAP2;BACH2;MYLK;RHOBTB2;LIMA1;GRIP1;NWD1;SH3TC2;COBLL1;ANKRD31;FLNB;JARID2;TLE4;UNC13A;NEBL;TMEM132B;ARAP2;BMP7;HIC1;KIF26B;DPYD;TCEA3;COL5A2;CDH13;NCOA7;SPRY1;FAM20A;SSBP2;MDGA1;SHANK2"
"SMAD2/3","SMAD2/3 21741376 ChIP-Seq ESCs Human","46/1612","0.0693364141114806292742755999825021718","0.15348654281057727555293013210757636","0","0","1.28481758039606841","3.4289019564944887008551","PIWIL1;FOXC2;SNED1;COL13A1;C1S;SATB1;TACSTD2;PLA2G3;NRXN2;N4BP2L1;ALOX12B;ZDHHC21;PLAC8;FHAD1;SYCE2;SLC22A15;RAB26;DCDC2B;HOXA3;MAP7;SFN;CA9;HORMAD2;RHBG;SRGN;EGLN3;LRRC46;EGF;RIPK4;HMGA1;TMC8;EBF2;KRT7;CACNA2D4;DEXI;IGSF10;REEP4;UBE2S;CLCF1;CLDN7;TCEA3;TMEM217;NCOA7;TLR3;SDK2;CHST3"
"CTNNB1","CTNNB1 24651522 ChIP-Seq LGR5+ INTESTINAL STEM Human","6/127","0.0714427172778531183183758912491612136","0.15768126357774681078893763697124086","0","0","2.13541991167469902","5.6350727089870380481784","SP5;CHST13;LHX4;NOTUM;BMP7;OXGR1"
"GATA3","GATA3 27048872 Chip-Seq THYMUS Human","46/1617","0.0721207467421446229982606723751814570","0.15864395847736295630525660271814559","0","0","1.28037219617736930","3.3666279716330742566299","SNED1;KRT80;HSPB1;NRXN2;IL1RAP;MSI2;IQGAP2;NR3C1;LIPA;CYP3A5;CXCL2;PBLD;RASGRP3;PLAC8;RAB20;CCND2;TUBB3;TMSB4X;TNFSF10;TNFAIP8L1;SFN;FLNB;TBL1X;JARID2;ENPP5;TRIM22;NTSR1;HES4;ARRDC4;KDM6B;SRGN;EGLN3;RIPK4;ARAP2;HMGA2;EMP3;IL17RE;TMEM154;MARCKS;NR4A3;UBE2S;CAMK4;SIDT1;TXNIP;SPRY1;PHF19"
"SMAD4","SMAD4 19686287 ChIP-ChIP HaCaT Human","12/326","0.0723042170004067064059682934384909458","0.15864395847736295630525660271814559","0","0","1.65138481356902611","4.3379778905390606880133","ALCAM;TINAGL1;SMOX;CLCF1;CDC42EP3;MAP7;KRT7;PMEPA1;SFN;LAMC2;DHRS3;DSC2"
"CMYC","CMYC 18555785 Chip-Seq ESCs Mouse","43/1499","0.0725498953242530303375801281617896166","0.15871619329000807852025900501757860","0","0","1.29024824812868300","3.3849414319600898970464","SLC44A5;SNED1;EHF;PGAP1;IER5L;ILDR2;LAMC2;TFPI;RND3;ZDBF2;PPP3CA;COBLL1;AKT3;ADORA1;TNFSF10;PMEPA1;NTSR1;CCDC73;JAG1;NEBL;KCNJ9;SMOX;FN1;NEB;BMP7;TMEM154;GULP1;TMEM37;IGSF10;COL3A1;XKR9;NBEA;LGSN;KIF26B;GIPC2;DPYD;MALL;COL5A2;PI15;SP5;SPRY1;LHX4;LGR4"
"TAL1","TAL1 26923725 Chip-Seq HEMANGIOBLAST Mouse","32/1070","0.0731879722680387340139063212518522050","0.15922486191837284530414819982979679","0","0","1.34230987192564877","3.5097700856116444967370","PIWIL1;NRXN2;KLHDC7A;LAMC2;NR3C1;FSTL1;PCDH18;LPP;EFNB2;LIMA1;GRIP1;PDE11A;HMGN5;MGAT5B;PSD3;HSD17B2;JARID2;PAK4;ARRDC4;EGLN3;JAG1;ANKRD24;PLK2;TESC;RFX3;SHROOM3;INHBA;GULP1;MARCKS;KIF26B;DPYD;CAPS2"
"CDX2","CDX2 22108803 ChIP-Seq LS180 Human","46/1619","0.0732566177951144564817198556738730986","0.15922486191837284530414819982979679","0","0","1.27860195544336230","3.3419927727413329954231","HRK;SNED1;EHF;SERPINA1;PPM1H;ILDR2;NRXN2;LAMC2;NR3C1;AREG;RND3;MYLK;SYNE1;DLL4;PPP3CA;GRIP1;NT5E;SLC22A15;TRIM2;HOXA3;GCNT2;POC1A;PMEPA1;FLNB;FAM47E;RHBG;TIGD1;SRGN;JAG1;FZD9;ACSL5;HMGA2;SHROOM3;PRSS35;RGMB;PARP8;GULP1;MARCKS;KITLG;COL1A2;LGSN;GIPC2;TCEA3;SIDT1;RAPGEF5;CHST3"
"KAP1","KAP1 27257070 Chip-Seq ESCs Mouse","42/1461","0.0734227245307242093463884202719782479","0.15922486191837284530414819982979679","0","0","1.29262589469930456","3.3757206939010990787153","HRK;KHDRBS3;COL13A1;C1S;PTGER1;WFDC1;HSPB1;LAMC2;TFPI;RND3;SOCS2;CDC20;FHAD1;SOCS3;FLNB;PIM3;CCIN;SRGAP3;PAK4;KDM6B;SUN2;ENDOG;JAG1;KCNJ9;EGF;TRAPPC5;FN1;TMC8;RHOF;TMEM154;MLLT11;CLDN4;SMTN;HSH2D;CLDN3;NR4A3;GJB3;TCEA3;CDH13;RAPGEF5;INHA;LGR4"
"ZIC3","ZIC3 20872845 ChIP-ChIP MESCs Mouse","10/259","0.0747370470912009227104633168892178219","0.16160532501459679011190928576979786","0","0","1.73346630369352139","4.4962291280746180532901","TLE4;SOCS2;TGFBR3;ITGA1;TXNIP;FZD8;JARID2;SMAD6;LPP;SYNE1"
"VDR","VDR 24763502 ChIP-Seq THP-1 Human","31/1034","0.0750424254980040089657578050719166640","0.16179667462864447124992750559613341","0","0","1.34511957086487022","3.4834583749030549881809","MIDN;COL13A1;SATB1;RASEF;LAMC2;EFNA5;LPP;NUDT3;PPP3CA;HOXA9;RAB20;SLC22A15;TMSB4X;AKT3;PIM3;IGFBP7;PHLDA2;SEMA6B;TLE4;SRGN;PRKCH;EGF;MYEOV;HPCAL1;INHBA;KLF16;TMEM37;MARCKS;HSH2D;CDC42EP3;CHST3"
"SALL4","SALL4 18804426 ChIP-ChIP XEN Mouse","22/693","0.0763347179910972978289507295812654775","0.16410864444195558120576095006981632","0","0","1.42242321462219712","3.6593649713804672352069","CDKN1B;UNC5B;EGF;PLK2;KLHDC1;ACSL5;NEXN;NRXN2;RHOF;TFPI;OXR1;BACH2;DHRS3;EFNB2;FHAD1;SOCS3;IL6;COL1A2;GIPC2;ALDH1A1;GCNT2;TBL1X"
"P53","P53 22127205 ChIP-Seq FIBROBLAST Human","18/545","0.0767623992748205363767510789330117404","0.16455387890521874783011924137099413","0","0","1.47950534464649230","3.7979499199585262658729","JAG1;LRRC46;MYEOV;PPM1H;NEDD4L;SHROOM3;HSF2BP;CACNA2D4;LPP;SYNE1;FRMD3;KITLG;CCND2;CLDN7;CDC42EP3;CA9;PRKD1;CHST3"
"CTCF","CTCF 31629814 ChIP-Seq Hepatocytes Mouse Tyrosinemia","82/3086","0.0770744038483564125607827577368880156","0.16474929877041227799239209161896724","0","0","1.20390412782956058","3.0855870652392458630686","SAMD9L;PGAP1;SRXN1;CXCL1;IL1RAP;NR3C1;CLDN1;RND3;BACH2;CALB2;FHAD1;GRIP1;ALCAM;SLC22A15;TMSB4X;TRIM2;PMEPA1;ARRDC4;ENDOG;PRKCH;UNC13A;UNC5B;ARL15;LIMCH1;TESC;RIPK4;ZFP2;GAB1;ARAP2;MIF4GD;DEXI;FRMD3;TGFBR3;TUBB2A;CDC42EP3;TXNIP;RHOU;RAPGEF5;EPHA1;TLR3;KDM7A;HOXB5;KHDRBS3;SATB1;NEDD4L;ILDR2;IQGAP2;HIF1A;PCDH18;NCALD;RHOBTB2;STK31;NT5E;CCDC85B;MAP2;MGAT5B;COBLL1;MAP7;GPC3;REPS2;SFN;FLNB;IGFBP7;RHBG;RIMKLB;NTRK2;EGR4;NEBL;SMOX;CAVIN3;TRAPPC5;KLHDC1;SYT16;TUBB4B;ARID3C;OXR1;MPP7;GULP1;NBEA;DLC1;NOTUM;NECTIN3"
"P63","P63 26484246 Chip-Seq KERATINOCYTES Human","46/1627","0.0779279985402813735184679444500943646","0.16609796260299972137097768154490041","0","0","1.27156578038169199","3.2449976918116361090938","RTP4;SLFN5;CDKN1B;TINAGL1;SEMA3C;NTN4;CXCL1;CLCN1;RHOBTB2;FHAD1;SH3TC2;COBLL1;PRRG2;ANKRD31;PDK4;PMEPA1;SFN;ZNF524;TRIM22;HES4;GAMT;KDM6B;PRKCH;PLK2;RIPK4;HMGA1;IL17RE;SMAD6;BMP7;DHRS3;MPP7;GFAP;FOSL1;TMEM37;SMTN;TMEM54;LTB4R2;CLCF1;HOXB3;NCOA7;ALPK2;RAPGEF5;RIN1;LGR4;TLR3;CHST3"
"SOX2","SOX2 22085726 ChIP-Seq NPCs Mouse","41/1430","0.0786730702329794667759799153827771079","0.16704596815203312520914380456815707","0","0","1.28813271861328049","3.2750186527136646574832","ACHE;KRT80;TINAGL1;GAL3ST1;CCDC120;ATP8A1;PTGER1;PPM1H;CXCL1;LAMC2;PBLD;EFNB2;LIMA1;HMGN5;HSD17B2;ADORA1;TNFSF10;JARID2;ENPP5;PCDHAC2;SEMA6B;SUN2;EGR4;SYT16;LCA5;PRSS35;EMP3;MIF4GD;IGSF10;CLDN3;LGSN;UBE2S;COL7A1;CDC42EP3;HOXB3;TXNIP;NOTUM;FAM20A;PPEF1;CD200;SDK2"
"NFI","NFI 21473784 ChIP-Seq ESCs Mouse","44/1549","0.0788206176803159103139151397954265121","0.16704596815203312520914380456815707","0","0","1.27689300394970751","3.2440496843257515813264","SLC44A5;TINAGL1;ILDR2;TMEM160;ZDHHC21;BAZ2B;EFNA5;PCDH18;RND3;BACH2;SOCS2;CDC20;EFNB2;RAB20;CCND2;TMSB4X;HOXA3;CCL2;CHST13;IGFBP7;JARID2;PAK4;PDGFRB;JAG1;PLK2;FN1;HMGA1;ARAP2;LCA5;HMGA2;RHOF;DHRS3;GULP1;FOSL1;MLLT11;IGSF10;CLDN4;COL3A1;IL6;COL1A2;CLCF1;RHOU;HOXB6;LGR4"
"KLF4","KLF4 19030024 ChIP-ChIP MESCs Mouse","34/1157","0.0798313488125568238018558986368589103","0.16870874281633818636549904113053344","0","0","1.31840371850981719","3.3327123497951434138997","FOXC2;MIDN;TMEM59L;TACSTD2;PPM1H;SLC2A3;EFNA5;CDC20;EFNB2;DLL4;PANX2;HOXA9;CCND2;TUBB3;TBL1X;JARID2;PRKCH;EGR3;FN1;HMGA1;TMC8;EBF2;NFATC1;EMP3;RHOF;NFATC4;XKR9;VGF;GJB3;HOXB4;HOXB3;TXNIP;HOXB6;HOXB5"
"OCT1","OCT1 27270436 Chip-Seq PROSTATE Human","45/1591","0.0802203343981346406188492892397334799","0.16905189113279220358698751169868046","0","0","1.27146943568746162","3.2078897319517105657383","RTP4;DNAH3;PIWIL1;SLFN5;EHF;TINAGL1;KHDRBS3;GAL3ST1;C1S;DNAH5;PPM1H;NRXN2;KLHDC7A;ALOX12B;CXCL1;CYP3A5;NUDT3;NCALD;RASGRP3;DLL4;LIMA1;GRIP1;SERTAD1;MGAT5B;ADORA1;CCL2;UNC13A;JAG1;EGF;RIPK4;FZD9;RFX3;FZD8;KRT7;SHROOM3;RGMB;BMP7;HIC1;NBEA;CLCF1;TCEA3;PI15;LGR4;TLR3;SHANK2"
"NANOG","NANOG 18700969 ChIP-ChIP MESCs Mouse","8/196","0.0814520676759448170045629922242369503","0.17116406334156289426040586931776488","0","0","1.83433635028195030","4.6000396633956581737834","SOCS3;UNC5B;GJB3;FN1;HMGA2;HSPB1;SLC2A3;JARID2"
"PPARD","PPARD 23176727 ChIP-Seq KERATINOCYTES Mouse","7/164","0.0828405373041485038054787537475931458","0.17359281131712017698376371299673337","0","0","1.92076433121019119","4.7843123173796850977624","TINAGL1;UNC5B;SMOX;CDC42EP3;SHROOM3;FAM20A;PHLDA2"
"POU3F1","POU3F1 26484290 ChIP-Seq ESCss Mouse","44/1557","0.0838597300448202381817353057158470619","0.17523629863707534948247257489128970","0","0","1.26957810357050849","3.1467886739734756140763","GRAMD1B;ANKRD37;PGAP1;LAMC2;NR3C1;EFNA5;ZDBF2;PLAC8;SOCS3;PPP3CA;LIMA1;GRIP1;SH3TC2;AKT3;ADORA1;JARID2;NTSR1;CCDC73;SEMA6B;TLE4;ARRDC4;KDM6B;BTBD19;JAG1;EGR3;GAB1;HMGA1;FZD8;EBF2;RHOF;RGMB;SMAD6;NFATC4;DCBLD2;MLLT11;TMEM37;NR4A3;REEP4;DPYD;HOXB4;LHX4;RIN1;SHANK2;PHF19"
"PGR","PGR 26153859 ChIP-Seq MCF-7 Human BreastCancer","25/816","0.0848845583968542566344339661554840859","0.17688234794428286944523165402642917","0","0","1.37191553120756660","3.3837790094867763457387","ACHE;FCMR;KRT80;SERPINA1;RASGRF1;IER5L;HSPB1;BAZ2B;NUDT3;SOCS2;TUBB3;H2BC21;PMEPA1;H4C8;NTRK2;GSTM2;UNC5B;KRT7;MLLT11;CLDN4;C2CD4D;VGF;TXNIP;COL9A3;NCOA7"
"WDR5","WDR5 24793694 ChIP-Seq LNCAP Human","19/592","0.0872438117378059319051430975378025323","0.18129215475321230899297120231494773","0","0","1.43612485755496611","3.5027783893869997022819","SLC44A5;EGLN3;ARL15;GRIK5;RASEF;HPCAL1;FZD9;ARAP2;NEDD4L;FZD8;LPP;PLAC8;NPW;CDH13;PRKD1;SDK2;SHANK2;CHST3;PAK4"
"BCAT","BCAT 22108803 ChIP-Seq LS180 Human","16/482","0.0882731060510726223133914913887565490","0.18292149198361162820702929820981808","0","0","1.48527050305100583","3.6052264892685230712743","SRGN;EGLN3;SEMA3C;PLK2;TMEM132B;DNAH5;ARAP2;ACSL5;RGMB;MARCKS;MGAT5B;KIF26B;TBL1X;JARID2;SSBP2;MDGA1"
"ESR1","ESR1 15608294 ChIP-ChIP MCF-7 Human","4/74","0.0892066227283817986259961685391317587","0.18434387965477230797439744947041618","0","0","2.45638599810785241","5.9365936711835836092632","BCAN;COL1A2;HSF2BP;EFNA5"
"SA1","SA1 27219007 Chip-Seq ERYTHROID Human","46/1646","0.0898584238955705688622899174333724659","0.18517785697816477319399552925460739","0","0","1.25513686131386870","3.0242772634480292737180","HRK;MIDN;SERPINA1;NNMT;RASGRF1;TACSTD2;NTN4;MPL;NEXN;HSPB1;ALOX12B;SLC2A3;EFNA5;CDC20;EFNB2;CCND2;TUBB3;CHST13;SFN;SLC16A8;HES4;SEMA6B;TLE4;JAG1;EGR4;ARL15;MYEOV;STYK1;TMC8;FOXL1;MIF4GD;DHRS3;NFATC4;IGSF10;SMTN;KIF26B;CLDN7;TCEA3;SIDT1;SP5;RHOU;LHX4;HOXB8;RIN1;HOXB6;LGR4"
"E2F1","E2F1 18555785 Chip-Seq ESCs Mouse","43/1528","0.0910722119035618643545504369285481516","0.18716217652908306856573972254409455","0","0","1.26302314611493349","3.0263329807965404505410","SLC44A5;SNED1;EHF;PGAP1;ATP8A1;IER5L;ILDR2;LAMC2;BAZ2B;PCDH18;RND3;BACH2;ZDBF2;PPP3CA;PDE11A;SLC22A15;COBLL1;AKT3;ADORA1;CCDC73;JAG1;NEBL;KCNJ9;SMOX;EGF;FN1;NEB;BMP7;TMEM154;GULP1;TMEM37;IGSF10;COL3A1;XKR9;LGSN;KIF26B;DPYD;MALL;COL5A2;PI15;SP5;LHX4;LGR4"
"GATA4","GATA4 21415370 ChIP-Seq HL-1 Mouse","39/1374","0.0947068077580050793340404879927518778","0.19409691919635105317176737571571721","0","0","1.27253373474544351","2.9993230653090945381223","TPH1;MIDN;DDC;CDKN1B;SRXN1;RASGRF1;IER5L;NEXN;TXNDC12;NR3C1;LPP;NCALD;MYLK;RHOBTB2;SYNE1;RASGRP3;SLC25A27;EFNB2;LIMA1;TRIM2;HOXA3;GCNT2;PDK4;NEBL;ARL15;SHROOM3;RGMB;OXR1;DEXI;DHRS3;KLF16;TGFBR3;NBEA;DLC1;PLSCR4;CDH13;RHOU;SPRY1;INHA"
"CTBP2","CTBP2 25329375 ChIP-Seq LNCAP Human","24/790","0.0964325057816317054992794055578997359","0.19709218989889656925562633205117891","0","0","1.35869126080113856","3.1778592089913990648142","GRAMD1B;BTBD19;EGLN3;PRKCH;KHDRBS3;SEMA3C;SATB1;TMEM132B;DNAH5;RASEF;ARAP2;FZD8;ZDHHC21;EFNA5;HIF1A;DHRS3;SMTN;NBEA;ABI3BP;KIF26B;PDK4;PMEPA1;SHANK2;SLC38A4"
"P300","P300 18555785 Chip-Seq ESCs Mouse","42/1499","0.0988544753302225548408088684482208919","0.20149026938892358740140764439274790","0","0","1.25627341211103860","2.9071504140171287033922","SLC44A5;PIWIL1;SNED1;EHF;PGAP1;SRXN1;IER5L;ILDR2;LAMC2;BAZ2B;RND3;ZDBF2;PPP3CA;PDE11A;SLC22A15;TRIM2;COBLL1;AKT3;ADORA1;PMEPA1;CCDC73;JAG1;NEBL;KCNJ9;SMOX;FN1;NEB;BMP7;TMEM154;GULP1;TMEM37;COL3A1;XKR9;LGSN;KIF26B;MALL;COL5A2;PI15;SP5;LHX4;INHA;LGR4"
"VDR","VDR 21846776 ChIP-Seq THP-1 Human","20/641","0.0999161679065861535464776466142211575","0.20280541668690377221651033323723823","0","0","1.39451758992103247","3.2121649580537661172741","TLE4;ARRDC4;SRGN;MIDN;COL13A1;EGR4;SATB1;TESC;HPCAL1;NFATC1;CDC20;HOXA9;HSH2D;SLC22A15;REEP4;RAB26;AKT3;CDC42EP3;PIM3;CHST3"
"FOXA1","FOXA1 27270436 ChIP-Seq LNCaP Human Prostate Carcinoma","50/1822","0.1000434227088211613931889587547630072","0.20280541668690377221651033323723823","0","0","1.23203698260131689","2.8363351224422546081883","EHF;CXCL8;ATP8A1;RASEF;MSI2;CXCL2;NUDT3;LURAP1L;H2BC21;HOXA3;PMEPA1;CA9;CCDC163;TLE4;LIMCH1;ARAP2;RFX3;MTNR1A;SIDT1;TXNIP;PRKD1;KHDRBS3;C1S;DNAH5;CCDC146;PPM1H;NEDD4L;BAZ2B;DEPP1;STK31;LIMA1;COBLL1;TP53INP1;FLNB;TBL1X;ZNF585A;NIPSNAP3B;NTRK2;TM4SF18;ITPRID2;NEBL;TRAPPC5;OXR1;DHRS3;NFATC4;TMEM154;REEP4;SPRY1;SSBP2;SDK2"
"SOX2","SOX2 19829295 ChIP-Seq ESCs Human","44/1584","0.1025118352626914336456209753123403061","0.20668602461072382858731089072534814","0","0","1.24545140089934270","2.8368605818552130592991","FOXC2;KHDRBS3;MAML2;RASGRF1;KLHDC7A;KIF12;EFNA5;CYP3A5;LPP;FHAD1;DLL4;PSD3;DCDC2B;MAP7;CHST13;SFN;FLNB;JARID2;RHBG;PCDHAC2;OXGR1;UNC5B;NEBL;TESC;PRSS35;NEB;INHBA;DHRS3;IGSF10;TMEM158;CLCF1;GIPC2;DMXL2;TCEA3;TMEM217;NCOA7;SPRY1;LHX4;INHA;PPEF1;RIN1;SSBP2;DSC2;SDK2"
"NANOG","NANOG 19829295 ChIP-Seq ESCs Human","44/1584","0.1025118352626914336456209753123403061","0.20668602461072382858731089072534814","0","0","1.24545140089934270","2.8368605818552130592991","FOXC2;KHDRBS3;MAML2;RASGRF1;KLHDC7A;KIF12;EFNA5;CYP3A5;LPP;FHAD1;DLL4;PSD3;DCDC2B;MAP7;CHST13;SFN;FLNB;JARID2;RHBG;PCDHAC2;OXGR1;UNC5B;NEBL;TESC;PRSS35;NEB;INHBA;DHRS3;IGSF10;TMEM158;CLCF1;GIPC2;DMXL2;TCEA3;TMEM217;NCOA7;SPRY1;LHX4;INHA;PPEF1;RIN1;SSBP2;DSC2;SDK2"
"PPARG","PPARG 20176806 ChIP-Seq THIOMACROPHAGE Mouse","20/645","0.1045282998783099992490264185107662342","0.21018358951272039791824397525488166","0","0","1.38529977116704806","3.1284189157873347753025","KRT80;PRKCH;ARL15;KLHDC1;HPCAL1;PLA2G3;BAZ2B;IL17RE;LIPA;MIF4GD;DHRS3;SOCS3;RAB20;AKT3;HSD17B2;GCNT2;CCL2;PIM3;ENPP5;CHST3"
"SOX9","SOX9 26525672 Chip-Seq Limbbuds Mouse","29/993","0.1055724775642420398824583571695256978","0.21171254909388320664120897163229529","0","0","1.30586875169659122","2.9360598943562008500408","SNED1;MIDN;DDC;COL13A1;PPM1H;MSI2;SYNE1;GRIP1;AKT3;ADORA1;SLC25A21;HORMAD2;ABCC3;KDM6B;PRKCH;CENPW;UNC5B;HPCAL1;FN1;HMGA2;GULP1;COL3A1;MARCKS;SMTN;KIF26B;COL5A2;RAPGEF5;SDK2;CHST3"
"SPI1","SPI1 26923725 Chip-Seq MACROPHAGESS Mouse","41/1469","0.1064569924536029194017672239169769455","0.21248558524668051394890255778591381","0","0","1.25026092167636294","2.8006022209098953013040","HRK;RTP4;SLFN5;EHF;KRT80;GAL3ST1;MAML2;TMEM59L;DNAJC22;PLA2G3;LPP;MYLK;RHOBTB2;PBLD;SOCS3;MRPL2;RAB20;RAB26;ADORA1;TNFSF10;REPS2;FAM47E;ARRDC4;EGLN3;UNC5B;SLC2A13;TRAPPC5;HMGA1;FZD8;RHOF;MIF4GD;FOSL1;XKR9;REEP4;COL7A1;CLDN7;CDH13;NOTUM;ALPK2;RIN1;TLR3"
"AR","AR 35650195 ChIP-Seq DSRCT Human Mesenchymal Sarcoma","27/916","0.1065276258475315179774511875621101353","0.21248558524668051394890255778591381","0","0","1.31754519057210873","2.9504460476151912473597","RTP4;PPM1H;IQGAP2;EFNA5;PBLD;KLC3;MGAT5B;HOXA3;H3C1;PIM3;PDGFRB;EGF;SMAD6;GULP1;FOSL1;FRMD3;SBK3;CLCF1;KIF26B;COL7A1;NME9;DOK7;NCOA7;RHOU;FAM20A;RIN1;LGR4"
"ELK4","ELK4 26923725 Chip-Seq MESODERM Mouse","12/350","0.1073195205896552012481137694521748926","0.21318227809517056869914597427850822","0","0","1.53221195399242083","3.4198123814702707790047","EFNB2;ABCC3;LIMA1;SOCS3;NTRK2;EGLN3;JAG1;CDH13;LAMC2;TBL1X;KLF16;SLC38A4"
"SRY","SRY 22984422 ChIP-ChIP TESTIS Rat","6/142","0.1074484404340269594335666170081822202","0.21318227809517056869914597427850822","0","0","1.89842832920307791","4.2349079281785568795726","CDC20;UNC13A;NR4A3;GIPC2;HMGA1;RHOBTB2"
"P53","P53 22387025 ChIP-Seq ESCs Mouse","42/1511","0.1079905849156480024397808392677688971","0.21368959243255547519879655737895519","0","0","1.24518441362454579","2.7714209357699655100760","SLC44A5;SNED1;EHF;PGAP1;SEMA3C;SYNPO2;IER5L;ILDR2;LAMC2;BAZ2B;TFPI;PCDH18;RND3;ZDBF2;PPP3CA;PDE11A;TRIM2;COBLL1;AKT3;ADORA1;PMEPA1;JAG1;NEBL;KCNJ9;SMOX;EGF;FN1;NEB;BMP7;TMEM154;GULP1;TMEM37;COL3A1;XKR9;LGSN;KIF26B;DPYD;COL5A2;PI15;SP5;LHX4;INHA"
"CHD4","CHD4 35695185 ChIP-Seq nicBasalRootGanglia Mouse Embryo","57/2119","0.1087205425922174867325864511258259881","0.21456488035395304692087847797665745","0","0","1.20807104752667316","2.6806788709041247109610","ACHE;MIDN;ATP8A1;TXNDC12;SLC2A3;NR3C1;PPP3CA;SLC22A15;AKT3;PIM3;JARID2;SEMA6B;TLE4;UNC13A;ARL15;HPCAL1;GAB1;RHOF;RGMB;DEXI;NCOA7;KHDRBS3;PPM1H;DNAJC22;NEDD4L;NRXN2;BAZ2B;IQGAP2;EFNA5;FSTL1;LPP;NCALD;CBARP;EFNB2;NWD1;SERTAD1;RAB26;MAP2;NIPSNAP3B;JAG1;SMOX;PLK2;CCDC14;FZD8;HMGA2;OXR1;NFATC4;MARCKS;SMTN;NR4A3;NBEA;INAFM1;CAMK4;KIF26B;GIPC2;NECTIN3;LGR4"
"HSF1","HSF1 23293686 ChIP-Seq STHDH STRIATAL Mouse","20/649","0.1092725879729783411420385164092294872","0.21508535785710247711932652237010188","0","0","1.37619919017146097","3.0467807520458425329934","GRAMD1B;GAL3ST1;SRXN1;TMEM59L;PLA2G3;WFDC1;HSPB1;LAMC2;RHOF;MIF4GD;FHAD1;PPP3CA;GCNT2;TXNIP;SFN;FLNB;NCOA7;JARID2;HOXB6;HOXB5"
"SETDB1","SETDB1 19884257 ChIP-Seq MESCs Mouse","45/1634","0.1098793913761957619090736670841579325","0.21571059464905800728828921819513198","0","0","1.23410644784837498","2.7253660710808644829228","HRK;SLC44A5;ANKRD37;C1S;PTGER1;RASGRF1;TACSTD2;IER5L;WFDC1;MSI2;NR3C1;LPP;STK31;LIMA1;GRIP1;HOXA9;TUBB3;SLC16A8;HBQ1;TLE4;EGLN3;ENDOG;EGR3;KCNJ9;ARL15;HMGA1;EBF2;HMGA2;NFATC4;GFAP;BCAN;MTNR1A;SMTN;TMEM54;TCEA3;HOXB4;HOXB3;SP5;NOTUM;LHX4;HOXB8;MDGA1;HOXB6;SHANK2;CHST3"
"ZNF274","ZNF274 21170338 ChIP-Seq K562 Hela","9/245","0.1103803408340298802814416490036819596","0.21583118520723768019031751919101225","0","0","1.64349084443099280","3.6219633064286314017011","EGLN3;ZNF493;KIF26B;ZFP2;ZNF20;HMGA1;SLC25A21;PRKD1;ZNF69"
"NFE2L2","NFE2L2 22581777 ChIP-Seq LYMPHOBLASTOID Human","14/425","0.1105194540873522812685081362360506319","0.21583118520723768019031751919101225","0","0","1.47110225019634977","3.2401964423847529062073","TLE4;KHDRBS3;MAML2;IER5L;ILDR2;SHROOM3;NFATC1;NR3C1;BACH2;KITLG;TMSB4X;TMEM217;NCOA7;ALPK2"
"ETV2","ETV2 25802403 ChIP-Seq MESCs Mouse","24/804","0.1110408703792053752845703229468199424","0.21628326188743396407687669125152752","0","0","1.33330964647361871","2.9304238647707920861762","NIPSNAP3B;TPH1;NEBL;MYEOV;TMEM59L;ILDR2;SMAD6;RND3;TMEM37;PPP3CA;KLC3;HSH2D;ALCAM;CCND2;MAP7;POC1A;SP5;SPRY1;ALPK2;HOXB8;JARID2;MDGA1;PCDHAC2;TMEM45A"
"KDM2B","KDM2B 26808549 Chip-Seq HPB-ALL Human","45/1636","0.1114153430994589827340845999970042612","0.21644751550051144484143605950521305","0","0","1.23241778694476789","2.7045287941768210160376","SLC44A5;ECM1;MIDN;DDC;CDKN1B;ILDR2;HSPB1;TMEM160;N4BP2L1;BAZ2B;BACH2;RHOBTB2;CDC20;DLL4;ALCAM;ZNF827;CCDC85B;AKT3;SFN;PIM3;JARID2;HES4;TLE4;BTBD19;EGR3;SMOX;SLC2A13;MYEOV;HMGA1;TMC8;EMP3;RHOF;RGMB;OXR1;KLF16;MLLT11;NR4A3;VGF;DPYD;TCEA3;SIDT1;RHOU;SPRY1;NOTUM;RIN1"
"NOTCH1","NOTCH1 21737748 ChIP-Seq TLL Human","8/211","0.1118183401372747770574633818796428386","0.21666618634391424103036172255087877","0","0","1.69747770085685756","3.7189694148818639440890","EGR3;TUBB2A;TMEM158;ZNF547;PMEPA1;NR3C1;TIGD1;HES4"
"FOXO3","FOXO3 23340844 ChIP-Seq DLD1 Human","18/576","0.1128334538502588357822276066144695505","0.21770759191779801011712436320522102","0","0","1.39503269894922477","3.0437415020004032761847","ARRDC4;SLFN5;EHF;JAG1;HSPB1;HSF2BP;KLHDC7A;BACH2;TGFBR3;TMEM37;CLDN4;MAP2;TRIM2;HOXA3;MAP7;POC1A;TXNIP;FLNB"
"RARA","RARA 24833708 ChIP-Seq LIVER Mouse","40/1437","0.1129394612227718752706095983739942312","0.21770759191779801011712436320522102","0","0","1.24597244180317879","2.7173454663828411348447","RTP4;ACHE;SLFN5;MIDN;DDC;DNAJC22;PLA2G3;ALOX12B;ZDHHC21;IQGAP2;RHOBTB2;SLC25A27;EFNB2;FHAD1;PANX2;RAB20;SH3TC2;HSD17B2;FAM47E;SYNPO;SEMA6B;NIPSNAP3B;EGLN3;ANKRD24;INCA1;HPCAL1;FZD8;KRT7;FOXL1;MIF4GD;HIC1;KLF16;DCBLD2;XKR9;UBE2S;TXNIP;NOTUM;FAM20A;PLA1A;PHF19"
"NANOG","NANOG 21062744 ChIP-ChIP HESCs Human","20/654","0.1153888445691129971404365051057538949","0.22185587125917088924254017001658212","0","0","1.36498494899984846","2.9476134681855090668989","CDKN1B;CCDC14;ITGA1;LCA5;FZD8;HMGA2;TMEM160;SLC2A3;RHOF;LPP;SLC25A27;SOCS3;MARCKS;RAB20;TCEA3;GCNT2;NOTUM;TLR3;PAK4;TMEM45A"
"SOX3","SOX3 22085726 ChIP-Seq NPCs Mouse","43/1565","0.1190935485294323387117643164856417570","0.22839019846518388012768241424055304","0","0","1.22979394008646170","2.6168120825490657210821","SLC44A5;PIWIL1;MIDN;TINAGL1;SEMA3C;PPM1H;WFDC1;HSF2BP;KIF12;ZDHHC21;RHOBTB2;KLC3;SH3BGRL;TMEM88;TUBB3;TRIM2;TNFAIP8L1;GPC3;HBQ1;JARID2;PHLDA2;ENPP5;KDM6B;JAG1;SMOX;LIMCH1;PLK2;ZFP2;HMGA1;LCA5;FOXL1;HIC1;GULP1;MLLT11;CLDN3;TUBB2A;NBEA;GJB3;GIPC2;SPRY1;PRKD1;NOTUM;LIMS2"
"SOX11","SOX11 23321250 ChIP-ChIP Z138-A519-JVM2 Human","23/773","0.1197333091399487570161142002689302899","0.22902832979077375474830091661715414","0","0","1.32792319508448542","2.8185016218547382926829","CNTNAP3;NTRK2;PRKCH;CDKN1B;SERF1B;GAB1;RFX3;NRXN2;ALOX12B;MSI2;MIF4GD;MLLT11;FRMD3;MARCKS;COL1A2;CLDN7;HOXB4;ADORA1;NCOA7;SRGAP3;EPHA1;DSC2;PHF19"
"PU","PU 27001747 Chip-Seq BMDM Mouse","43/1573","0.1258155970817640412207083500106818974","0.24004714941942703609889520066644764","0","0","1.22282056139686168","2.5348311590577399243784","RTP4;SNED1;MIDN;DDC;PPM1H;PLA2G3;ILDR2;MSI2;NR3C1;HIF1A;RHOBTB2;SYNE1;SOCS2;CCDC85B;AKT3;GCNT2;CCL2;PIM3;HBQ1;CCDC163;GAMT;SRGN;EGLN3;PRKCH;JAG1;UNC5B;KCNJ9;HPCAL1;RFX3;HMGA2;INHBA;MIF4GD;HIC1;MPP7;NFATC4;TMEM154;GFAP;TMEM37;MARCKS;XKR9;NCOA7;LHX4;CHST3"
"MEIS1","MEIS1 26923725 Chip-Seq HEMOGENIC-ENDOTHELIUM Mouse","26/899","0.1301649862034026938761854808035423048","0.24771193802994492805247261912882095","0","0","1.29010824875153807","2.6304694500838849968716","SLC44A5;SATB1;KLHDC7A;LAMC2;EFNA5;NCALD;STK31;GRIP1;PDE11A;HMGN5;AKT3;PSD3;HSD17B2;FAM47E;SRGAP3;JARID2;JAG1;ANKRD24;UNC5B;FN1;RFX3;FOXL1;OXR1;MALL;CDH13;RHOU"
"GATA3","GATA3 30127528 ChIP-Seq BE2C Human Brain Neuroblastoma","23/782","0.1305680474419456671419936810707440600","0.24784672618751008021931170333118644","0","0","1.31154866638737611","2.6701304539518231351281","TLE4;PRKCH;KHDRBS3;LIMCH1;SHROOM3;OXR1;LPP;MLLT11;EFNB2;PPP3CA;PDE11A;ALCAM;NBEA;SH3TC2;MAP2;TRIM2;DLC1;KIF26B;PI15;JARID2;SYNPO;RHBG;KIAA0319"
"JUND","JUND 26020271 ChIP-Seq HCASMC Human CoronaryArtery","19/629","0.1329584882465482398306022560063865967","0.25128550954975781284161939765908755","0","0","1.34638445991466438","2.7166245877413808251788","H4C8;SAMD9L;CXCL8;ATP8A1;SRXN1;TNFRSF12A;CAVIN3;EMP3;OXR1;RHOBTB2;LIMA1;SBK3;ZNF827;SERTAD1;MGAT5B;COL7A1;RIN1;CAPS2;HES4"
"FOXM1","FOXM1 25889361 ChIP-Seq OE33 AND U2OS Human","23/784","0.1330533193996706886608194508880842477","0.25128550954975781284161939765908755","0","0","1.30796247963811862","2.6381672972603138482839","SUN2;SLFN5;EHF;CDKN1B;HMGA2;TUBB4B;GULP1;CDC20;SAPCD2;SERTAD1;REEP4;UBE2S;MGAT5B;COBLL1;TNFAIP8L1;TXNIP;PMEPA1;NABP1;PIM3;JARID2;HOXB6;PAK4;PHF19"
"ISL1","ISL1 30127528 ChIP-Seq KELLY Human Brain Neuroblastoma","6/152","0.1357715782313501096112418053962755948","0.25577171050653330075519420461205300","0","0","1.76748777450414596","3.5292866724462883531999","LIMA1;PRKCH;NBEA;SATB1;KIAA0319;RHBG"
"POU5F1","POU5F1 18700969 ChIP-ChIP MESCs Mouse","11/330","0.1369810045300847989313552943713148125","0.25740007400363540401855289019295014","0","0","1.48631513839492801","2.9546652092438807635233","TLE4;CLDN4;GJB3;TMSB4X;TCEA3;GCNT2;TXNIP;HMGA2;HSPB1;LPP;NFATC4"
"CUX1","CUX1 19635798 ChIP-ChIP MULTIPLE CANCER TYPES Human","45/1669","0.1388033330675225163197694655536906794","0.26016906147832108420203667265013792","0","0","1.20515537567554643","2.3798169672944951003046","ACHE;EHF;NNMT;MAML2;C1S;ZNF20;CXCL1;SLC2A3;CYP3A5;CXCL2;BACH2;CLCN1;NCALD;MYLK;RASGRP3;PLAC8;PDE11A;ALCAM;TRIM2;PRRG2;GCNT2;TNFSF10;CCL2;SOX8;SSX5;TBL1X;GYG2;SYNPO;SMOX;EGF;KLRC4;RFX3;NEB;EMP3;L1CAM;CLDN4;MARCKS;KITLG;ALDH1A2;NCOA7;SPRY1;RIN1;DSC2;HOXB5;CAPS2"
"FOXH1","FOXH1 21741376 ChIP-Seq ESCs Human","43/1589","0.1399719714121875069334777208496234380","0.26170198163782432132506983180064708","0","0","1.20909031254101285","2.3774500971943073324155","PIWIL1;FOXC2;SNED1;EHF;TINAGL1;KHDRBS3;C1S;MPL;PLA2G3;N4BP2L1;NCALD;CALB2;FHAD1;PPP3CA;NWD1;SERTAD1;TP53INP1;CHST13;FLNB;GYG2;PCDHAC2;PDGFRB;SRGN;EGLN3;SMOX;RIPK4;SYT16;TMC8;EBF2;HMGA2;DEXI;TMEM158;TMEM54;CLCF1;DMXL2;TCEA3;TMEM217;MAP6D1;NCOA7;LHX4;FAM20A;INHA;SDK2"
"NCOR1","NCOR1 26117541 ChIP-Seq K562 Human","44/1631","0.1412109759615900461682258537621237338","0.26335847016836544387530238964245655","0","0","1.20541140104755495","2.3595930869661358997291","ZNF296;MIDN;CDKN1B;TINAGL1;COL13A1;PPM1H;IER5L;SOCS2;DLL4;CCND2;SERTAD1;TUBB3;PIM3;JARID2;SYNPO;PAK4;HES4;SEMA6B;ABCC3;KDM6B;SRGN;EGR3;TNFRSF12A;UNC5B;MYEOV;KLHDC1;HMGA1;EMP3;L1CAM;SMAD6;DHRS3;KLF16;MLLT11;HOXB9;TUBB2A;NR4A3;VGF;CLCF1;DMXL2;NOTUM;HOXB8;DSC2;CHST3;PHF19"
"RUNX1","RUNX1 20887958 ChIP-Seq HPC-7 Mouse","25/870","0.1425149318024651334813057701467187144","0.26512752898912467225400746428931598","0","0","1.28054459785229025","2.4948959248606388250380","DDC;IER5L;IQGAP2;DLL4;NWD1;TMSB4X;GCNT2;HORMAD2;TBL1X;PAK4;PDGFRB;BTBD19;EGLN3;UNC13A;HMGA1;HMGA2;SHROOM3;EMP3;DEXI;DHRS3;NFATC4;GFI1B;TUBB2A;TXNIP;EPHA1"
"STAT1","STAT1 20625510 ChIP-Seq HELA Human","16/523","0.1465792080615715420321976125705987215","0.27201017217396111780303158411697950","0","0","1.36222588969841718","2.6157316147321916233182","PDGFRB;EHF;GSTM2;ENDOG;UNC13A;STYK1;SYT16;IER5L;KLF16;CLDN3;SERTAD1;CDC42EP3;DPYD;TMEM217;FAM47E;NTSR1"
"PBX1","PBX1 22567123 ChIP-ChIP OVCAR3 Human","44/1640","0.1495334935856339475535037308873143047","0.27680393601707919959409309740294702","0","0","1.19801319278826601","2.2765064483068848666392","SLFN5;EHF;ECM1;DOCK4;KHDRBS3;DNAH5;TXNDC12;KIF12;ZDHHC21;LAMC2;MSI2;BACH2;IFI44L;CLCN1;MYLK;ADORA1;HLA-DPA1;CCDC73;TLE4;TM4SF18;PRKCH;EGR4;CCDC14;INCA1;SYT16;ACSL5;L1CAM;PRAP1;OXR1;PCDHB10;PARP8;SMTN;GFI1B;HOXB9;NR4A3;HOXB3;TXNIP;PAEP;MAP6D1;RHOU;SPRY1;PRKD1;LGR4;TLR3"
"GATA3","GATA3 21867929 ChIP-Seq CD8 Mouse","38/1397","0.1503487615997536608336559993404080160","0.27762419839954516342928059202677105","0","0","1.21349932650885717","2.2993356191933140841854","SLFN5;PGAP1;RASGRF1;TACSTD2;PPM1H;NEXN;MSI2;NR3C1;RASGRP3;GRIP1;HOXA9;ALCAM;RAB20;ADORA1;TNFAIP8L1;CCL2;CCIN;SYNPO;GAMT;SEMA6B;PDGFRB;ABCC3;KDM6B;EGR3;ZFP2;KLHDC1;CACNA2D4;FOXL1;ARID3C;HIC1;IGSF10;MARCKS;TMEM54;VGF;COL7A1;TCEA3;HOXB8;RAPGEF5"
"POU5F1","POU5F1 18358816 ChIP-ChIP MESCs Mouse","16/526","0.1515320898427487128490298573524341919","0.27911836795726058246813749974535313","0","0","1.35399937752878929","2.5549397710024472907264","TLE4;ANKRD37;TRAPPC5;FN1;LAMC2;RHOF;NUDT3;SOCS2;CDC20;CLDN4;GJB3;ALDH1A2;TCEA3;HOXB4;GPC3;JARID2"
"LUZP1","LUZP1 20508642 ChIP-Seq ESCs Mouse","40/1480","0.1522530993675167698686578887645737268","0.27975569489696433533865160825371277","0","0","1.20590194511057791","2.2697619247067923886618","SLFN5;MIDN;DDC;GAL3ST1;COL13A1;NTN4;PPM1H;PLA2G3;ALOX12B;MSI2;SYNE1;PBLD;SOCS2;GRIP1;MGAT5B;CCL2;HORMAD2;HBQ1;GAMT;ABCC3;KDM6B;SRGN;EGLN3;PRKCH;ANKRD24;UNC5B;PLK2;INCA1;ZFP2;HPCAL1;HMGA2;HIC1;KLF16;MARCKS;SMTN;NCOA7;PRKD1;FAM20A;CHST3;CAPS2"
"CREB1","CREB1 26743006 Chip-Seq LNCaP Human","44/1645","0.1542829642792515887350646153208799660","0.28278892224157659018857202681829222","0","0","1.19393901813787684","2.2314325439558624353253","FOXC2;IER5L;NEDD4L;TMEM160;MSI2;EFNA5;IFI44L;SOCS2;CDC20;EFNB2;ALCAM;CCND2;NPW;SERTAD1;TMEM88;HBQ1;TBL1X;JARID2;PHLDA2;HES4;KDM6B;NIPSNAP3B;PRKCH;EGR3;KCNJ9;SMOX;FZD8;KRT7;NFATC1;RHOF;RGMB;SMAD6;NFATC4;CLDN4;COL1A2;NR4A3;C2CD4D;CDC42EP3;TXNIP;SPRY1;PRKD1;NOTUM;LHX4;LGR4"
"SREBP1","SREBP1 19666523 ChIP-Seq LIVER Mouse","17/567","0.1556907119112187487530718499328941107","0.28466978207296367298084760477649979","0","0","1.33421900826446271","2.4814923934003640937362","NTRK2;ANKRD24;FN1;NEDD4L;NFATC1;TXNDC12;SMAD6;LIPA;LPP;SOCS3;CLDN3;XKR9;TMEM158;TMEM88;HSD17B2;TCEA3;NOTUM"
"FOXO1","FOXO1 32281255 ChIP-Seq Chondrocytes Human Osteoarthritis","16/531","0.1599871874509898039828925675465143286","0.29181037124312564356998223047412466","0","0","1.34050150804658430","2.4566855653290140537592","NTRK2;PRKCH;NNMT;CXCL8;C1S;LIMCH1;DHRS3;DEPP1;SYNE1;GULP1;DPYD;PDK4;POC1A;TXNIP;CCL2;ZNF585A"
"ESR1","ESR1 26153859 ChIP-Seq T47D Human Breast Carcinoma","39/1452","0.1653290671067997597010190702349063940","0.30081825380895760302379926542926114","0","0","1.19713731346315999","2.1546286208886042956578","GRAMD1B;SLFN5;EHF;KRT80;SERPINA1;RASEF;NEDD4L;HSPB1;EFNA5;NUDT3;FHAD1;LIMA1;CCDC85B;TMSB4X;TP53INP1;HOXA3;PMEPA1;FLNB;SRGAP3;TBL1X;RHBG;TIGD1;ANKRD34A;NTRK2;ENDOG;KRT7;TUBB4B;DHRS3;MPP7;BCAN;LBHD1;CLDN3;NR4A3;C2CD4D;DOK7;PAEP;MAP6D1;MYZAP;LHX4"
"GATA2","GATA2 21186366 ChIP-Seq BM-HSCs Mouse","40/1495","0.1676855634113312565336428860973683186","0.30436357738407082695886174406041391","0","0","1.19248106669303722","2.1293713458050143039202","CNTNAP3;MIDN;DOCK4;DDC;GAL3ST1;COL13A1;NTN4;PPM1H;PLA2G3;MSI2;SYNE1;PBLD;SOCS2;SOCS3;GRIP1;MGAT5B;CCL2;HORMAD2;HBQ1;GAMT;KDM6B;SRGN;EGLN3;UNC5B;HPCAL1;SYT16;HMGA2;INHBA;HIC1;KLF16;MARCKS;SMTN;NCOA7;PRKD1;FAM20A;RAPGEF5;SSBP2;SDK2;CHST3;CAPS2"
"CHD7","CHD7 19251738 ChIP-ChIP MESCs Mouse","5/128","0.1696302909366507738475604583072708920","0.30675863179747181463952188096300233","0","0","1.74652852723217489","3.0985755886031642880596","HOXA9;HOXA3;IER5L;HBQ1;INHA"
"JUN","JUN 26020271 ChIP-Seq HCASMC Human CoronaryArtery","15/498","0.1698274999093242199066366993065457791","0.30675863179747181463952188096300233","0","0","1.33919788651246430","2.3743604402991622670527","H4C8;SAMD9L;CXCL8;TNFRSF12A;HMGA1;EMP3;INHBA;RHOBTB2;LIMA1;ZNF827;SERTAD1;MGAT5B;COL7A1;RIN1;HES4"
"ER","ER 23166858 ChIP-Seq MCF-7 Human","20/695","0.1732096918196611434748177771325572394","0.31211214999388214863529356080107391","0","0","1.27929485549622846","2.2429266823575684242087","ACHE;SAMD9L;DOCK4;PRKCH;SERPINA1;SEMA3C;SATB1;TMEM132B;LAMC2;MSI2;CYP3A5;BMP7;CDYL2;NCALD;COL1A2;SLC22A15;DMXL2;PDK4;PMEPA1;CDH13"
"EWS","EWS 26573619 Chip-Seq HEK293 Human","19/656","0.1737396723374292073494018495694035664","0.31231276039451127957136122859083116","0","0","1.28747768865185686","2.2533398922039995504463","ARRDC4;DNAH3;ARAP2;IQGAP2;EFNA5;AREG;PCDH18;NCALD;DCBLD2;SYNE1;PARP8;GRIP1;MARCKS;HMGN5;MAP2;CDC42EP3;TP53INP1;CD200;HES4"
"EBF1","EBF1 22473956 ChIP-Seq BONE MARROW Mouse","40/1502","0.1751851085036932875738102666218765080","0.31415406476864232709900193185603712","0","0","1.18631223612081604","2.0664516399210572927814","SNED1;EHF;PGAP1;IER5L;ILDR2;LAMC2;BAZ2B;TFPI;RND3;BACH2;ZDBF2;PDE11A;TRIM2;COBLL1;AKT3;ADORA1;TNFSF10;PMEPA1;CCDC73;JAG1;NEBL;KCNJ9;SMOX;EGF;FN1;NEB;BMP7;GULP1;TMEM37;IGSF10;COL3A1;XKR9;LGSN;KIF26B;COL5A2;PI15;SP5;SPRY1;LHX4;LGR4"
"SOX6","SOX6 21985497 ChIP-Seq MYOTUBES Mouse","40/1504","0.1773621827046775178970960951119195670","0.31729541558198903761223164110560901","0","0","1.18456054828268531","2.0487702087011969709351","SNED1;MIDN;DDC;PGAP1;GAL3ST1;COL13A1;NTN4;ILDR2;ALOX12B;LAMC2;SYNE1;PBLD;ZDBF2;SOCS2;GRIP1;AKT3;ADORA1;HORMAD2;HBQ1;SRGN;ANKRD24;UNC5B;KCNJ9;FN1;HMGA2;INHBA;PARP8;GULP1;TMEM37;COL3A1;MARCKS;XKR9;LGSN;KIF26B;COL5A2;PI15;NCOA7;LHX4;INHA;CHST3"
"TBX20","TBX20 22080862 ChIP-Seq HEART Mouse","42/1589","0.1806209167492328904192078198320814408","0.32158282552488720584804582358628977","0","0","1.17729924221773952","2.0147767405260728068583","GRAMD1B;FOXC2;EHF;MIDN;IER5L;NR3C1;CLCN1;PBLD;EFNB2;LIMA1;NT5E;RAB20;COBLL1;PSD3;ADORA1;PDK4;PIM3;IGFBP7;SYNPO;BTBD19;JAG1;EGR3;NEBL;SMOX;LIMCH1;CCDC14;KLHDC1;FN1;RHOF;MPP7;TMEM154;MTNR1A;IL6;LGSN;KIF26B;CDC42EP3;ALDH1A1;RBM20;PRKD1;ALPK2;RAPGEF5;LGR4"
"TBX20","TBX20 22328084 ChIP-Seq HEART Mouse","42/1589","0.1806209167492328904192078198320814408","0.32158282552488720584804582358628977","0","0","1.17729924221773952","2.0147767405260728068583","GRAMD1B;FOXC2;EHF;MIDN;IER5L;NR3C1;CLCN1;PBLD;EFNB2;LIMA1;NT5E;RAB20;COBLL1;PSD3;ADORA1;PDK4;PIM3;IGFBP7;SYNPO;BTBD19;JAG1;EGR3;NEBL;SMOX;LIMCH1;CCDC14;KLHDC1;FN1;RHOF;MPP7;TMEM154;MTNR1A;IL6;LGSN;KIF26B;CDC42EP3;ALDH1A1;RBM20;PRKD1;ALPK2;RAPGEF5;LGR4"
"IRF1","IRF1 21803131 ChIP-Seq MONOCYTES Human","9/276","0.1823893418529989318699335854034870863","0.32395821195794571867310196466860361","0","0","1.45034109149277679","2.4679172772683353187517","PDGFRB;ZNF493;NR4A3;GRIK5;ACSL5;PCDH18;MDGA1;TLR3;LIMS2"
"CTCF","CTCF 27219007 Chip-Seq Bcells Human","43/1633","0.1837406796897619321029537786671426147","0.32447316438930101645254922004824039","0","0","1.17275696533284712","1.9869198749979031237700","PIWIL1;SLFN5;MIDN;COL13A1;PTGER1;TMEM59L;ZNF20;NTN4;WFDC1;NRXN2;CDC20;EFNB2;DLL4;ZNF827;TMEM88;TUBB3;DCDC2B;ADORA1;SFN;PHLDA2;SYNPO;RHBG;HES4;EGLN3;FZD8;TMC8;FOXL1;SMAD6;DHRS3;NFATC4;GFAP;FOSL1;TMEM54;LTB4R2;C2CD4D;GJB3;UBE2S;KIF26B;GIPC2;CDH13;HOXB8;LGR4;CHST3"
"SA1","SA1 27219007 Chip-Seq Bcells Human","43/1633","0.1837406796897619321029537786671426147","0.32447316438930101645254922004824039","0","0","1.17275696533284712","1.9869198749979031237700","HRK;GRAMD1B;FOXC2;ECM1;KRT80;SERPINA1;MAML2;PTGER1;RASGRF1;TACSTD2;ILDR2;KLHDC7A;TXNDC12;N4BP2L1;LIPA;CDC20;FHAD1;CCND2;CCDC85B;DCDC2B;ADORA1;CHST13;SFN;RHBG;HES4;ABCC3;GSTM2;TNFRSF12A;UNC5B;KCNJ9;SMOX;INCA1;KLHDC1;KRT7;EMP3;DHRS3;NFATC4;TMEM54;GJB3;KIF26B;TCEA3;RHOU;CHST3"
"PU1","PU1 27457419 Chip-Seq LIVER Mouse","40/1510","0.1839841133199387468444285786972614005","0.32447316438930101645254922004824039","0","0","1.17933408375340543","1.9965015880688472549309","SNED1;EHF;PGAP1;IER5L;ILDR2;LAMC2;BAZ2B;TFPI;RND3;ZDBF2;DLL4;SLC22A15;COBLL1;AKT3;ADORA1;PMEPA1;RHBG;ENDOG;JAG1;NEBL;SMOX;FN1;BMP7;DHRS3;GULP1;TMEM37;COL3A1;GFI1B;XKR9;NR4A3;LGSN;KIF26B;MALL;COL5A2;PI15;SP5;SPRY1;LHX4;INHA;PHF19"
"ESR1","ESR1 17901129 ChIP-ChIP LIVER Mouse","11/354","0.1890149058362944889388757019332842901","0.33235643085907595750683185542584397","0","0","1.38059067316869100","2.2999665920372129868099","ARRDC4;NT5E;DDC;NNMT;HSD17B2;PDK4;ACSL5;PIM3;CXCL1;LIMS2;DSC2"
"CEBPA","CEBPA 26348894 ChIP-Seq LIVER Mouse","42/1597","0.1893451516288301716972597432686598040","0.33235643085907595750683185542584397","0","0","1.17072172936117469","1.9482960547143228779987","DDC;ZNF493;PTGER1;NEDD4L;ILDR2;BAZ2B;EFNA5;NUDT3;NT5E;RAB20;CCND2;ABI3BP;COBLL1;PSD3;SYNPO;RIMKLB;PCDHAC2;SEMA6B;SRGN;NIPSNAP3B;ANKRD34A;PRKCH;CENPW;MYH15;SPINK6;HPCAL1;SYT16;FZD8;KRT7;SMAD6;OXR1;PCDHB10;TMEM37;ALDH1A2;CLDN7;GIPC2;CDH13;NCOA7;ALPK2;HOXB8;HOXB6;SDK2"
"LYL1","LYL1 20887958 ChIP-Seq HPC-7 Mouse","17/587","0.1901308158155183558601919457942130975","0.33295208591168234946167103771585971","0","0","1.28604864433811805","2.1348959718096103266305","PDGFRB;SUN2;EGLN3;KRT80;SATB1;SHROOM3;LPP;DHRS3;ZDBF2;EFNB2;TMEM88;TMSB4X;CLDN7;GCNT2;TXNIP;EPHA1;ENPP5"
"STAT4","STAT4 19710469 ChIP-ChIP TH1 Mouse","28/1027","0.1912922424907058382981261956956586801","0.33420143535846968951830149308079854","0","0","1.21154254487587831","2.0038343720803530878527","SNED1;MIDN;C1S;SATB1;HSF2BP;EFNA5;TFPI;HIF1A;LPP;NCALD;SYNE1;PLAC8;CDC20;SOCS3;NT5E;PDE11A;RAB20;CCND2;TRIM2;TNFSF10;SEMA6B;STYK1;CDYL2;FOSL1;TGFBR3;IL6;CLCF1;EPHA1"
"CTCF","CTCF 26484167 Chip-Seq Bcells Mouse","40/1521","0.1964727878973155927866400816128589213","0.34245023311074168637091474920453038","0","0","1.16986221960986247","1.9036364686884750252460","ACHE;SNED1;TPH1;MIDN;PGAP1;COL13A1;DNAJC22;WFDC1;STK31;SYCE2;ALCAM;CCND2;TMEM88;MGAT5B;CCIN;HBQ1;ENPP5;PAK4;EGLN3;EGR4;PLK2;INCA1;NFATC1;PRSS35;EMP3;RHOF;MIF4GD;DHRS3;HIC1;KLF16;COL3A1;MARCKS;GFI1B;NR4A3;LTB4R2;CAMK4;KIF26B;NOTUM;HOXB8;RIN1"
"ENL","ENL 26711339 ChIP-Seq SEM Human Blood Leukemia","40/1523","0.1987911612897848012693202690570615232","0.34568346462046495304321069852449000","0","0","1.16815515894769018","1.8871551803484589715509","CDKN1B;ZNF493;ATP8A1;SATB1;PPM1H;TXNDC12;BAZ2B;MSI2;NR3C1;HIF1A;BACH2;NUDT3;RASGRP3;PLAC8;PPP3CA;NT5E;ALCAM;TMSB4X;PSD3;HOXA3;IGFBP7;JARID2;TLE4;SRGN;NTRK2;PRKCH;ARL15;HPCAL1;GAB1;ARAP2;RFX3;HMGA2;RGMB;TMEM154;HSH2D;CDC42EP3;DPYD;SSBP2;ZNF730;PHF19"
"PRDM5","PRDM5 23873026 ChIP-Seq MEFs Mouse","24/873","0.2020797142419566705395794770083739422","0.35058480656860391277973576507065445","0","0","1.22044410350990296","1.9516036648762031813220","DDC;ENDOG;SEMA3C;LCA5;PRSS35;KIF12;IQGAP2;OXR1;RHOBTB2;STK31;MARCKS;SH3BGRL;LGSN;PSD3;TP53INP1;ALDH1A1;HOXA3;GCNT2;MAP7;GPC3;NCOA7;TBL1X;GYG2;PHF19"
"ELK1","ELK1 22589737 ChIP-Seq MCF10A Human","21/755","0.2061091338924607718752213258994743228","0.35674573986954927207193577487487346","0","0","1.23424805639577051","1.9493090190212696288796","TLE4;ABCC3;ACHE;JAG1;EGR3;MAML2;HIF1A;OXR1;RND3;BACH2;EFNB2;LIMA1;SERTAD1;KIF26B;GIPC2;CDC42EP3;FLNB;IGFBP7;JARID2;NTSR1;ZNF585A"
"TAL1","TAL1 30185409 ChIP-Seq HPC Mouse BoneMarrow Leukemia","55/2154","0.2081107241926853923530416068388149142","0.35937638946236877268702869514527265","0","0","1.13702568624244194","1.7847721791676387503855","PIWIL1;SAMD9L;ATP8A1;RASEF;HSF2BP;NR3C1;AREG;ALCAM;TUBB3;AKT3;HORMAD2;JARID2;OXGR1;TLE4;KDM6B;HPCAL1;RFX3;RHOF;HIC1;PARP8;MTNR1A;ALDH1A1;PRKD1;MYZAP;PLA1A;KRT80;SEMA3C;IQGAP2;PCDH18;PLAC8;EFNB2;NT5E;MAP2;MAP7;CCDC73;EGLN3;CENPW;SMOX;TMEM132B;STYK1;NFATC1;SMAD6;DHRS3;DCBLD2;GULP1;COL3A1;COL1A2;NBEA;CAMK4;DLC1;KIF26B;CCSER1;MDGA1;LGR4;CD200"
"GATA2","GATA2 26923725 Chip-Seq HEMANGIOBLAST Mouse","3/69","0.2091461406504353526258910278556868434","0.36033030236772461973870917972817551","0","0","1.95004004805766917","3.0512706300040761675518","EFNB2;ECM1;HMGN5"
"MYBL1","MYBL1 21750041 ChIP-ChIP SPERMATOCYTES Mouse","4/103","0.2097029780789813335761806456503109075","0.36045719273483889377729383340920322","0","0","1.73425201239770765","2.7090111432717809414328","CDC20;PIWIL1;UBE2S;TXNDC12"
"GATA3","GATA3 21878914 ChIP-Seq MCF-7 Human","41/1574","0.2102143340653756797831164249146240763","0.36050550163855232810306006285827607","0","0","1.15787608510211260","1.8058555348529568007621","SNED1;EHF;TPH1;SAMD9L;PGAP1;CDKN1B;SERPINA1;GAL3ST1;PLA2G3;SLC2A3;MSI2;IQGAP2;TFPI;CLDN1;LIPA;BACH2;SYNE1;ZDBF2;EFNB2;SYCE2;ZNF547;FLNB;SLC25A21;PCDHAC2;ZNF585A;SRGN;BTBD19;EGR4;ARL15;TRAPPC5;FZD9;GAB1;KRT7;GULP1;HSH2D;TMEM54;DLC1;EPHA1;CHST3;PHF19;TMEM45A"
"DPY","DPY 21335234 ChIP-Seq ESCs Mouse","41/1575","0.2113984934498386036860750891719362698","0.36170476172839360895494564829277806","0","0","1.15705702788085429","1.7980785761667890110260","HRK;DOCK4;PGAP1;SATB1;HSF2BP;MSI2;NR3C1;RND3;FHAD1;PPP3CA;SH3TC2;ADORA1;PIM3;SLC16A8;HBQ1;PHLDA2;SYNPO;SLC38A4;SEMA6B;TLE4;ANKRD34A;EGLN3;PRKCH;EGR3;ANKRD24;KCNJ9;TESC;TRAPPC5;ZFP2;FN1;FZD9;EMP3;PCDHB10;HIC1;GFAP;GULP1;SMTN;KIF26B;SPRY1;FAM20A;CHST3"
"GATA1","GATA1 19941827 ChIP-Seq MEL Mouse","38/1453","0.2137210871985100735237494973262073472","0.36484194748304010769146543680108152","0","0","1.16188468252696553","1.7928850184701736747428","ACHE;EHF;TPH1;ECM1;DDC;KHDRBS3;ATP8A1;NTN4;NEDD4L;N4BP2L1;SLC2A3;BAZ2B;IQGAP2;EFNA5;BACH2;NUDT3;CTSS;MYLK;SH3TC2;TUBB3;SLC25A21;SRGAP3;GAMT;ANKRD34A;HPCAL1;GAB1;ACSL5;NFATC1;RHOF;TMEM154;GFAP;MLLT11;TGFBR3;LTB4R2;SIDT1;TXNIP;MDGA1;SDK2"
"VDR","VDR 23401126 ChIP-Seq LCL-AND-THP1 Human","7/213","0.2158804866247816534041703562252223492","0.36768685621481078662498021003557369","0","0","1.46018338727076591","2.2385054157982469114074","SEMA6B;TLE4;GFI1B;PRKCH;HSD17B2;IGFBP7;EFNA5"
"STAT3","STAT3 20064451 ChIP-Seq CD4+T Mouse","23/843","0.2184967105264373488093809783094911836","0.37129509351417372409187578341516200","0","0","1.21003990109025517","1.8404517153566672948983","NTRK2;SLFN5;PRKCH;EGR3;ATP8A1;RASGRF1;STYK1;IER5L;EMP3;INHBA;NR3C1;BACH2;CTSS;PLAC8;ALCAM;TMEM158;CAMK4;PSD3;TXNIP;ALPK2;JARID2;RAPGEF5;SSBP2"
"OCT4","OCT4 19829295 ChIP-Seq ESCs Human","41/1583","0.2209941016025326332439249199524056166","0.37468545408065762059024450536526274","0","0","1.15054281402773650","1.7368816000270230759384","ACHE;ZNF296;SATB1;PPM1H;NRXN2;TMEM160;SLC2A3;IQGAP2;EFNA5;LPP;FHAD1;CCND2;TP53INP1;HOXA3;MAP7;SFN;FLNB;CCIN;TBL1X;PCDHAC2;PDGFRB;SRGN;SUN2;ANKRD24;FZD9;CACNA2D4;EMP3;BMP7;HIC1;TMEM37;IGSF10;CLDN3;TUBB2A;UBE2S;TCEA3;DOK7;TMEM217;ALPK2;RAPGEF5;SSBP2;SDK2"
"MEIS1","MEIS1 20887958 ChIP-Seq HPC-7 Mouse","29/1092","0.2258427125852323080756889339681947604","0.38127953500134653674891183072759304","0","0","1.17793935344334910","1.7526753811596069709822","ACHE;CDKN1B;NUDT3;RASGRP3;FHAD1;DLL4;PPP3CA;NWD1;GCNT2;PIM3;JARID2;CCDC163;ENPP5;PAK4;PDGFRB;UNC13A;STYK1;TMC8;HMGA2;EMP3;ARID3C;DHRS3;MLLT11;TUBB2A;C2CD4D;TXNIP;EPHA1;SSBP2;MDGA1"
"TCF7L2","TCF7L2 21901280 ChIP-Seq H4IIE Rat","22/807","0.2259055689954358736581951916377875023","0.38127953500134653674891183072759304","0","0","1.20851013983454125","1.7978258531309270207288","GAMT;ABCC3;NTRK2;EGLN3;DDC;CDKN1B;HPCAL1;IL17RE;LIPA;BACH2;NCALD;PBLD;PPP3CA;SH3BGRL;ALCAM;DLC1;KIF26B;DPYD;ADORA1;PDK4;RHBG;SHANK2"
"MYB","MYB 26560356 Chip-Seq TH2 Human","42/1629","0.2264561975990211639686577882457640953","0.38134610250309208812069527994026430","0","0","1.14507481722732130","1.7006694020931092392601","FOXC2;SLFN5;DOCK4;CDKN1B;SATB1;TXNDC12;IQGAP2;CLCN1;RHOBTB2;RASGRP3;PLAC8;CDC20;ALCAM;CCND2;SERTAD1;TP53INP1;TNFSF10;MAP7;TNFAIP8L1;TBL1X;JARID2;TLE4;KDM6B;SRGN;SUN2;BTBD19;PRKCH;EGR3;KCNJ9;RFX3;EMP3;RGMB;DHRS3;PARP8;HSH2D;NR4A3;C2CD4D;UBE2S;CAMK4;SPRY1;SSBP2;PHF19"
"DROSHA","DROSHA 22980978 ChIP-Seq HELA Human","12/409","0.2279282754917893172308396287917275913","0.38296057098395230866572092054411769","0","0","1.30049528769139311","1.9230739588388183758383","SEMA6B;SLC44A5;NWD1;UNC13A;COL13A1;ANKRD24;TMEM132B;NFATC1;HSF2BP;SRGAP3;KIAA0319;DHRS3"
"FLI1","FLI1 27457419 Chip-Seq LIVER Mouse","9/294","0.2318636371379079463839190111684729345","0.38755091364973087708634125192475040","0","0","1.35747180451127791","1.9840887321473474891320","ZDBF2;COL3A1;PGAP1;XKR9;LGSN;COL5A2;FN1;PI15;GULP1"
"GATA3","GATA3 20176728 ChIP-ChIP TSCs Mouse","17/609","0.2319258198161354422861535340416594408","0.38755091364973087708634125192475040","0","0","1.23682048525798516","1.8074124040017736092523","DDC;CDKN1B;NNMT;KRT7;NFATC1;TXNDC12;CACNA2D4;TMEM154;TGFBR3;CLDN3;CLDN7;HOXB4;REPS2;CDH13;JARID2;SLC38A4;OXGR1"
"SOX9","SOX9 22984422 ChIP-ChIP TESTIS Rat","2/40","0.2322188450421309724447382905054837465","0.38755091364973087708634125192475040","0","0","2.25621746674378265","3.2942468403723776937397","DDC;CFI"
"TCF12/HEB","TCF12/HEB 22897851 ChIP-Seq JUKARTE6-1 Human","41/1593","0.2332875968980240022343508599078631960","0.38846550733465601279448264904203825","0","0","1.14249448602299752","1.6628816048916552627901","SNED1;PGAP1;ZNF493;KHDRBS3;NNMT;SATB1;CFI;RASGRF1;HSPB1;KLHDC7A;CXCL1;IQGAP2;BACH2;RHOBTB2;SOCS3;LIMA1;GRIP1;NT5E;NWD1;TMSB4X;COBLL1;MAP7;FLNB;KIAA0319;ARRDC4;UNC13A;MYH15;MYEOV;BMP7;PARP8;UBE2S;CAMK4;TCEA3;SIDT1;CDH13;FAM20A;SSBP2;SDK2;SHANK2;CHST3;PLA1A"
"FOXP3","FOXP3 17237761 ChIP-ChIP TREG Mouse","4/108","0.2339151949820677534042090428556548432","0.38864306337777848598946661695663352","0","0","1.65044999150959448","2.3977682086213270018504","NR4A3;SATB1;RFX3;HIF1A"
"PKCTHETA","PKCTHETA 26484144 Chip-Seq BREAST Human","12/412","0.2351951174546695333411605588480597362","0.38990123915818547528644444355450105","0","0","1.29053932584269671","1.8678489585291571106751","EFNB2;ECM1;ALCAM;PRKCH;JAG1;PLK2;TMSB4X;ARAP2;IER5L;JARID2;RGMB;OXR1"
"FOXP2","FOXP2 23625967 ChIP-Seq PFSK-1 AND SK-N-MC Human","20/733","0.2381067358509297571256269065997912548","0.39358380278241650307435861577687319","0","0","1.20867446988102589","1.7344916616639780571063","PDGFRB;SUN2;PGAP1;SMOX;FZD9;KRT7;HSF2BP;INHBA;NR3C1;TFPI;BACH2;DHRS3;SOCS2;TGFBR3;PDK4;NABP1;PIM3;SPRY1;TBL1X;SDK2"
"NFIB","NFIB 24661679 ChIP-Seq LUNG Mouse","13/453","0.2389288234533534505121821212014765479","0.39358380278241650307435861577687319","0","0","1.27118652743652749","1.8198173884696628999080","SRGN;EHF;ANKRD37;COL13A1;HMGA1;RHOF;IGSF10;TMEM217;HOXB3;CCL2;CCIN;PHLDA2;SSBP2"
"CDH4","CDH4 35650610 ChIP-Seq mESC Mouse Stem Autism","21/774","0.2389992797056764983754106879132450558","0.39358380278241650307435861577687319","0","0","1.20188968895061965","1.7202583908635811216215","TLE4;TOR4A;ARL15;SYNPO2;TMC8;ACSL5;SHROOM3;NRXN2;KLHDC7A;OXR1;BMP7;ZDBF2;SOCS3;HOXA9;TCIM;TNFAIP8L1;PMEPA1;RBM20;NCOA7;JARID2;MDGA1"
"TCF3","TCF3 18467660 ChIP-ChIP MESCs Mouse","26/982","0.2457697274366789641497632601385703310","0.40384188693339750919619746127864346","0","0","1.17286353619586636","1.6459500639231867680223","HRK;NRXN2;EFNA5;HIF1A;BACH2;SOCS2;DLL4;COBLL1;GPC3;JARID2;PHLDA2;UNC5B;SLC2A13;TESC;FZD8;RHOF;BMP7;KLF16;BCAN;MARCKS;CLDN3;CLCF1;TCEA3;NCOA7;RHOU;SPRY1"
"TAF15","TAF15 26573619 Chip-Seq HEK293 Human","6/185","0.2492212554924614353879519512702245265","0.40861331120302474273486836864321958","0","0","1.43918542283442141","1.9996246640599544264205","HMGN5;ITGA1;PPM1H;NEB;NR3C1;PCDH18"
"GATA3","GATA3 30127528 ChIP-Seq KELLY Human Brain Neuroblastoma","33/1277","0.2551061871780791467934079719270812348","0.41734477112905055129488118836889043","0","0","1.14486706000121341","1.5639747271628237079710","DDC;SEMA3C;SATB1;HSPB1;NRXN2;NR3C1;SYNE1;PPP3CA;LIMA1;SYCE2;PDE11A;RAB20;MAP2;POC1A;PMEPA1;CHST13;JARID2;SYNPO;CCDC163;RHBG;KIAA0319;PCDHAC2;PRKCH;UNC5B;PLK2;L1CAM;MLLT11;NBEA;LGSN;DLC1;TXNIP;NCOA7;RHOU"
"CLOCK","CLOCK 20551151 ChIP-Seq 293T Human","11/382","0.2592210788027489720697360553458565846","0.42314863191871054937109875027090311","0","0","1.27453374107067319","1.7207148599124875154587","TLE4;MIDN;MARCKS;CDKN1B;TUBB2A;COL13A1;ACSL5;PIM3;SMAD6;DHRS3;RHOBTB2"
"GATA2","GATA2 21571218 ChIP-Seq MEGAKARYOCYTES Human","24/911","0.2644350848301081913227505992836086079","0.42996040096679949416014210328285117","0","0","1.16578445131238762","1.5506792439550272089122","KDM6B;SNED1;SRXN1;UNC5B;KCNJ9;RFX3;NRXN2;KLHDC7A;SLC2A3;MSI2;EFNA5;LIPA;CXCL2;BACH2;SOCS3;CAMK4;DLC1;HOXB4;GCNT2;TNFSF10;TXNIP;SOX8;RAPGEF5;SHANK2"
"OCT4","OCT4 18555785 Chip-Seq ESCs Mouse","38/1492","0.2646957682772383413372097038518404588","0.42996040096679949416014210328285117","0","0","1.12828736790616291","1.4996904107974597941677","SNED1;EHF;PGAP1;IER5L;ILDR2;LAMC2;BAZ2B;RND3;ZDBF2;FHAD1;DLL4;COBLL1;AKT3;ADORA1;PMEPA1;NTSR1;CCDC73;JAG1;NEBL;KCNJ9;SMOX;FN1;NEB;BMP7;GULP1;FRMD3;TMEM37;COL3A1;XKR9;LGSN;KIF26B;GIPC2;MALL;COL5A2;PI15;SP5;LHX4;LGR4"
"CEBPA","CEBPA 20513432 ChIP-Seq MACROPHAGES Mouse","38/1493","0.2660677979469442955284819163352949545","0.42996040096679949416014210328285117","0","0","1.12744958131371531","1.4927478943334389072106","ECM1;KRT80;NEDD4L;PLA2G3;ILDR2;KIF12;NR3C1;LIPA;FSTL1;NUDT3;CTSS;TMEM88;TRIM2;HSD17B2;PIM3;CCIN;HORMAD2;ENPP5;KDM6B;SRGN;LRRC46;KCNJ9;PLK2;TMC8;IL17RE;OXR1;MIF4GD;DHRS3;MPP7;FOSL1;HOXB9;NR4A3;CLCF1;PI15;SIDT1;MAP6D1;LHX4;ALPK2"
"TAL1","TAL1 26923725 Chip-Seq MACROPHAGESS Mouse","2/44","0.2662264985192669408675669728836510330","0.42996040096679949416014210328285117","0","0","2.04092098377812681","2.7009708191735857241156","RHOU;CDYL2"
"RUNX1","RUNX1 22343733 ChIP-Seq PBMC Human BoneMarrow","20/748","0.2662757442984736711011350962508004159","0.42996040096679949416014210328285117","0","0","1.18282747001282473","1.5651443648275611408849","ENDOG;ZNF493;CCDC120;ANKRD24;PTGER1;HPCAL1;FZD9;NUDT3;MYLK;TMEM154;PLAC8;MGAM2;SMTN;HSH2D;LURAP1L;SH3TC2;TMEM217;HOXA3;MAP7;HORMAD2"
"STAT5A","STAT5A 28732065 ChIP-Seq J2E Mouse Blood","3/79","0.2700203528754260284827637406124267727","0.43392497774915184116650834766915068","0","0","1.69258636679805230","2.2160321429206657484201","SOCS2;SOCS3;CREBRF"
"IRF1","IRF1 21803131 ChIP-Seq PrimaryMonocytes Human Connective","3/79","0.2700203528754260284827637406124267727","0.43392497774915184116650834766915068","0","0","1.69258636679805230","2.2160321429206657484201","HOXB4;ACSL5;N4BP2L1"
"FOXP1","FOXP1 21924763 ChIP-Seq HESCs Human","80/3273","0.2704760250044981328976234635774744675","0.43392497774915184116650834766915068","0","0","1.08659443195119287","1.4208002554782552806500","CNTNAP3;ZNF296;MIDN;DOCK4;MAML2;SRXN1;HSPB1;HSF2BP;KIF12;CLDN1;CXCL2;BACH2;NUDT3;CALB2;ALCAM;TMEM88;AKT3;ADORA1;PMEPA1;PDK3;CA9;PHLDA2;TIGD1;GAMT;KDM6B;TNFRSF12A;UNC5B;HPCAL1;EMP3;FOXL1;RHOF;RGMB;MIF4GD;DEXI;HIC1;BCAN;MTNR1A;TXNIP;RIN1;FOXC2;COL13A1;SEMA3C;CFI;TMEM59L;ALOX12B;IQGAP2;EFNA5;PBLD;EFNB2;DLL4;SOCS3;LIMA1;NPW;CCDC85B;RAB26;MGAT5B;MAP7;TBL1X;RHBG;ANKRD34A;BTBD19;EGR4;PLK2;CCDC14;TRAPPC5;FZD8;HMGA2;PRSS35;INHBA;DHRS3;NFATC4;FOSL1;MLLT11;MARCKS;TMEM54;KIF26B;SP5;MAP6D1;NOTUM;SSBP2"
"RUNX1","RUNX1 21571218 ChIP-Seq MEGAKARYOCYTES Human","101/4172","0.2712810853487584439314161954825976864","0.43428259585874201542665673514420632","0","0","1.07824320557298958","1.4066758491322997048911","MIDN;HSF2BP;NR3C1;BACH2;NUDT3;MYLK;GRIP1;CCND2;TNFSF10;SOX8;TLE4;UNC13A;HPCAL1;ACSL5;CACNA2D4;PRAP1;MIF4GD;HIC1;FRMD3;BCAN;LTB4R2;ALPK2;EPHA1;RIN1;IQGAP2;RHOBTB2;PLAC8;SOCS2;EFNB2;SOCS3;ZNF547;CHST13;IGFBP7;BTBD19;JAG1;EGR3;TRAPPC5;KLHDC1;HMGA1;FZD8;NFATC1;NEB;NFATC4;FOSL1;MLLT11;XKR9;NR4A3;NBEA;UBE2S;SP5;PAEP;DOCK4;CDKN1B;RASGRF1;HSPB1;SLC2A3;SYNE1;CALB2;PPP3CA;TRIM2;CCIN;JARID2;TIGD1;KDM6B;TNFRSF12A;TESC;MYEOV;ITGA1;TMC8;EMP3;RHOF;KLF16;TMEM37;TUBB2A;CDC42EP3;GRAMD1B;SYNPO2;PPM1H;ZNF69;SERTAD1;SH3TC2;GCNT2;CCL2;FLNB;TBL1X;NTRK2;STYK1;PRSS35;OTOP2;OXR1;DHRS3;MPP7;GFI1B;TMEM158;DLC1;TCEA3;SPRY1;INHA;SSBP2;MDGA1;LGR4"
"PPARG","PPARG 19300518 ChIP-PET 3T3-L1 Mouse","6/191","0.2723007770509889291510319253575289622","0.43498154107074465946070063182560261","0","0","1.39207766524839704","1.8108814823881755895485","EFNB2;UBE2S;PIM3;RIN1;EFNA5;SMAD6"
"SOX2","SOX2 16153702 ChIP-ChIP HESCs Human","21/797","0.2815776829917502332989442948019132018","0.44862627392339898824147326195088681","0","0","1.16483909486427684","1.4762552258673617977536","EGLN3;SERPINA1;EGR3;NEBL;IER5L;NEDD4L;INHBA;BMP7;DHRS3;SOCS3;KITLG;ALCAM;NR4A3;GCNT2;HOXB3;ZNF547;CCL2;JARID2;INHA;EPHA1;TRIM22"
"ASH2L","ASH2L 23239880 ChIP-Seq MESCs Mouse","64/2603","0.2820452043834774102926132854918250814","0.44862627392339898824147326195088681","0","0","1.09062593014620779","1.3803920668334948018696","PGAP1;MAML2;HSPB1;LAMC2;RND3;BACH2;TRIM2;TNFSF10;PDK3;JARID2;OXGR1;TLE4;UNC5B;ARL15;LIMCH1;RFX3;RHOF;CDYL2;CLDN3;CDC42EP3;CDH13;RBM20;RHOU;CHST3;PLA1A;GRAMD1B;DDC;CCDC146;TACSTD2;PPM1H;IER5L;NRXN2;IQGAP2;PLAC8;EFNB2;SOCS3;GCNT2;SFN;SRGAP3;TBL1X;NIPSNAP3B;ANKRD34A;NTRK2;BTBD19;EGLN3;JAG1;TRAPPC5;FZD8;HMGA2;SMAD6;MPP7;NFATC4;TMEM154;MARCKS;SMTN;GJB3;REEP4;UBE2S;DLC1;SPRY1;INHA;SSBP2;MDGA1;LGR4"
"EBF1","EBF1 22473956 ChIP-Seq LYMPHODE Mouse","38/1505","0.2827618522853991844812071576598100364","0.44880923788278254127348532165342476","0","0","1.11748523198513672","1.4115517467644012050698","SNED1;EHF;PGAP1;IER5L;ILDR2;LAMC2;BAZ2B;TFPI;RND3;ZDBF2;PDE11A;TRIM2;COBLL1;AKT3;ADORA1;TNFSF10;CCDC73;ENDOG;NEBL;KCNJ9;SMOX;EGF;FN1;NEB;GULP1;TMEM37;COL3A1;GFI1B;XKR9;NBEA;LGSN;KIF26B;COL5A2;PI15;SP5;LHX4;INHA;LGR4"
"CBP","CBP 21632823 ChIP-Seq H3396 Human","40/1593","0.2883400194881787226286462555435718969","0.45669141090908987878904667923052330","0","0","1.11117802474054250","1.3818775170190180645591","HRK;EHF;TPH1;SERPINA1;NNMT;COL13A1;C1S;PPM1H;NRXN2;LIPA;HIF1A;PBLD;SOCS2;LIMA1;GRIP1;CCND2;PHLDA2;RIMKLB;TRIM22;SLC38A4;CCDC73;SRGN;EGLN3;UNC5B;NEBL;SLC2A13;TMEM132B;MYEOV;FZD8;ACSL5;KRT7;CACNA2D4;MPP7;FOSL1;KITLG;RBM20;LGR4;SHANK2;CHST3;CAPS2"
"RUNX1","RUNX1 22897851 ChIP-Seq JUKARTE6-1 Human","40/1594","0.2897249677432087722195319656748324633","0.45694466371339059751477407189668156","0","0","1.11040125428614633","1.3755908274543220404240","PIWIL1;EHF;ANKRD37;DDC;CCDC120;NNMT;C1S;IER5L;NRXN2;ALOX12B;MSI2;CLDN1;MYLK;PLAC8;DLL4;GRIP1;TMEM88;COBLL1;TP53INP1;FLNB;CCIN;HORMAD2;KIAA0319;SRGN;EGR3;HMGA1;SHROOM3;CACNA2D4;SMAD6;BMP7;PARP8;BCAN;GFI1B;UBE2S;CLCF1;KIF26B;SPRY1;LGR4;CHST3;PLA1A"
"CSB","CSB 26484114 Chip-Seq FIBROBLAST Human","40/1594","0.2897249677432087722195319656748324633","0.45694466371339059751477407189668156","0","0","1.11040125428614633","1.3755908274543220404240","CDKN1B;TINAGL1;NNMT;MAML2;C1S;SYNPO2;DNAH5;RASGRF1;IER5L;WFDC1;N4BP2L1;CXCL1;ZNF827;CCDC85B;PSD3;ZNF547;FLNB;IGFBP7;CCIN;ZNF524;CA9;PHLDA2;PAK4;EGLN3;UNC13A;EGR3;KLRC4;ZFP2;KRT7;CACNA2D4;FOXL1;TMEM154;GFAP;FOSL1;NR4A3;REEP4;UBE2S;DLC1;TCEA3;PLA1A"
"TAF2","TAF2 19829295 ChIP-Seq ESCs Human","40/1595","0.2911124871849919970578923766879597679","0.45816437856540936923721574203227647","0","0","1.10962548289342799","1.3693283700271252634195","TPH1;ANKRD37;SAMD9L;ZNF493;DNAH5;TMEM59L;DNAJC22;ILDR2;NRXN2;KLHDC7A;N4BP2L1;PLAC8;SOCS2;CDC20;KLC3;SERTAD1;CCDC85B;POC1A;CCL2;CHST13;JARID2;TRIM22;GAMT;SRGN;NEBL;RIPK4;FN1;FOXL1;IL17RE;RGMB;IL6;C2CD4D;GJB3;GIPC2;TCEA3;DOK7;HOXB3;FAM20A;TLR3;CAPS2"
"FOXA1","FOXA1 26457646 ChIP-Seq LHSAR Human ProstateCancer","50/2020","0.2948215424001123796671208765474148095","0.46302499080101860995384299712895881","0","0","1.09586051210416691","1.3384676427634762951868","SNED1;EHF;CDKN1B;CXCL8;HSPB1;BACH2;NUDT3;FHAD1;PDK4;PHLDA2;CCDC163;TLE4;ARRDC4;SUN2;GRAMD2B;UNC5B;RIPK4;ARAP2;RFX3;CLDN4;H2BC11;TXNIP;ZNF233;SLFN5;NNMT;C1S;DNAH5;TACSTD2;NEDD4L;HIF1A;DEPP1;RASGRP3;SOCS2;LIMA1;NWD1;SERTAD1;MAP7;POC1A;FLNB;TBL1X;ZNF585A;HES4;H4C8;NTRK2;H2BC8;TUBB4B;SMAD6;DHRS3;INAFM1;CREBRF"
"REST","REST 19997604 ChIP-ChIP NEURONS Mouse","28/1095","0.2955475454885057584597518598457099870","0.46319006078660773795263594365678728","0","0","1.13017129699416485","1.3775946772877165624749","HRK;FOXC2;CDKN1B;KHDRBS3;SRXN1;PTGER1;NR3C1;RND3;STK31;FHAD1;ALCAM;MGAT5B;PSD3;GPC3;PIM3;HBQ1;NTSR1;ARRDC4;JAG1;ZFP2;KLHDC1;PCDHB10;FRMD3;XKR9;MAP6D1;HOXB8;SSBP2;DSC2"
"FOXO1","FOXO1 23066095 ChIP-Seq LIVER Mouse","8/276","0.2973071883727537723096645549958338961","0.46486254556079492639142358711978886","0","0","1.28145464215669991","1.5543908596091438045761","SOCS2;MIDN;KHDRBS3;RAB20;PDK4;PIM3;NCALD;PBLD"
"ZFP42","ZFP42 18358816 ChIP-ChIP MESCs Mouse","26/1013","0.2978609876381501098130399896035669371","0.46486254556079492639142358711978886","0","0","1.13413117628944260","1.3735784607683894087415","RTP4;ANKRD37;DOCK4;ATP8A1;SATB1;GRIK5;NEDD4L;HSPB1;NR3C1;CALB2;SOCS3;MRPL2;TUBB3;GCNT2;PCDHA4;SLC38A4;PAK4;UNC13A;HMGA2;RHOF;MIF4GD;KLF16;COL1A2;TUBB2A;HOXB6;HOXB5"
"TBX3","TBX3 20139965 ChIP-Seq ESCs Mouse","20/767","0.3036470996524375798308881257980829105","0.47290341616016373649244997068308294","0","0","1.15157808962777120","1.3725533823820450507469","NTRK2;COL13A1;KCNJ9;EGF;ITGA1;RASEF;RFX3;NEDD4L;FZD8;ACSL5;KLHDC7A;RND3;NFATC4;STK31;NT5E;CCND2;IGFBP7;NCOA7;JARID2;CHST3"
"FOXP2","FOXP2 21765815 ChIP-ChIP NEURO2A Mouse","19/726","0.3043440227534317532587238019914366305","0.47300133536262517486292722423968371","0","0","1.15570970012852570","1.3748282878142885632400","NTRK2;PLK2;RASGRF1;HPCAL1;NTN4;EBF2;SLC2A3;BAZ2B;INHBA;LPP;BMP7;CDYL2;CLCN1;RASGRP3;EFNB2;COL3A1;ALCAM;REPS2;OXGR1"
"FOXP1","FOXP1 22492998 ChIP-Seq STRATIUM Mouse","1/16","0.3092527937863173703725294672040035948","0.47932443203553021238150222416152246","0","0","2.85497076023391827","3.3505829314764743465105","IGFBP7"
"TBX3","TBX3 20139965 ChIP-Seq MESCs Mouse","20/770","0.3096975552830101285906039265682920814","0.47932443203553021238150222416152246","0","0","1.14678871090770396","1.3442188070488831908023","NTRK2;COL13A1;KCNJ9;EGF;ITGA1;RASEF;RFX3;NEDD4L;FZD8;ACSL5;KLHDC7A;RND3;NFATC4;STK31;NT5E;CCND2;IGFBP7;NCOA7;JARID2;CHST3"
"STAT5","STAT5 23275557 ChIP-Seq MAMMARY-EPITHELIUM Mouse","23/897","0.3141570746240112121938636846607550979","0.48506747772926839257223718959721737","0","0","1.13200339558573848","1.3107039199405825513622","GRAMD1B;PRKCH;SEMA3C;PLK2;ITGA1;RASEF;GAB1;KLHDC7A;IL17RE;RGMB;LPP;PARP8;GULP1;SOCS2;SLC25A27;TMEM37;SOCS3;NWD1;CLDN7;CCL2;FLNB;FAM20A;TLR3"
"ZFX","ZFX 18555785 Chip-Seq ESCs Mouse","37/1485","0.3147086584731446090579254359909100458","0.48506747772926839257223718959721737","0","0","1.10088627992633525","1.2727433933370240204397","SNED1;EHF;PGAP1;SYNPO2;IER5L;ILDR2;LAMC2;BAZ2B;RND3;ZDBF2;TRIM2;COBLL1;AKT3;ADORA1;TNFSF10;PMEPA1;NTSR1;JAG1;KCNJ9;SMOX;FN1;NEB;BMP7;DHRS3;GULP1;TMEM37;IGSF10;COL3A1;XKR9;LGSN;KIF26B;MALL;COL5A2;PI15;SP5;LHX4;LGR4"
"TCFCP2L1","TCFCP2L1 18555785 ChIP-Seq MESCs Mouse","37/1486","0.3161942952767226588939308840053854510","0.48635246242563939800263028701010626","0","0","1.10006572677380121","1.2666139131617872859437","SNED1;CDKN1B;KHDRBS3;SRXN1;PPM1H;NEDD4L;HSPB1;HIF1A;RASGRP3;SOCS2;SLC25A27;CDC20;SOCS3;NWD1;COBLL1;PRRG2;GCNT2;PDK3;SFN;OXGR1;PAK4;GAMT;GSTM2;PRKCH;EGR4;ARL15;CCDC14;HMGA1;OXR1;TMEM154;GULP1;HSH2D;CLDN3;VGF;GJB3;REEP4;RIN1"
"IKZF1","IKZF1 21737484 ChIP-ChIP HCT116 Human","4/125","0.3200966691202289937656644269736716524","0.49134180074833505580400583312439267","0","0","1.41732800612993270","1.6145240233306676902458","PDGFRB;INCA1;KRT7;L1CAM"
"SUZ12","SUZ12 18555785 Chip-Seq ESCs Mouse","37/1491","0.3236572004619837072958432599989464507","0.49560298155704252121012132192845456","0","0","1.09597989126874951","1.2363424157630493738225","SLC44A5;SNED1;EHF;PGAP1;IER5L;ILDR2;LAMC2;BAZ2B;RND3;ZDBF2;PPP3CA;PDE11A;COBLL1;AKT3;ADORA1;PMEPA1;CCDC73;JAG1;NEBL;KCNJ9;SMOX;FN1;NEB;BMP7;GULP1;TMEM37;COL3A1;XKR9;NBEA;LGSN;KIF26B;MALL;COL5A2;PI15;SP5;LHX4;LGR4"
"P68","P68 20966046 ChIP-Seq HELA Human","39/1576","0.3242014142088964212540247444849228486","0.49560298155704252121012132192845456","0","0","1.09302904745153850","1.2311773249096245042011","CCDC120;COL13A1;TACSTD2;DNAJC22;NRXN2;ALOX12B;MSI2;LIPA;DLL4;RAB26;HOXA3;SOX8;CA9;NTSR1;CCDC73;PAK4;HES4;GAMT;KDM6B;EGLN3;LRRC46;ANKRD24;EGF;RIPK4;TMC8;KRT7;IL17RE;ARID3C;KLF16;GFI1B;REEP4;CLCF1;KIF26B;TCEA3;PAEP;COL9A3;HOXB8;LGR4;SDK2"
"DMRT1","DMRT1 21621532 ChIP-ChIP FETAL Ovary","3/88","0.3262602139162424919049954041838645935","0.49773030589267258649854852592397947","0","0","1.51267167660015556","1.6942830589862805101831","MRPL2;BTBD19;MARCKS"
"SIN3B","SIN3B 21632747 ChIP-Seq MESCs Mouse","80/3329","0.3274740762182231645915919671097071841","0.49856257318121321997494987954269163","0","0","1.06420828934918155","1.1880250752391920965323","HRK;SNED1;ANKRD37;GAL3ST1;GRIK5;RASGRF1;WFDC1;KLHDC7A;LAMC2;GRIP1;MRPL2;CCND2;TUBB3;HOXA3;PIM3;CCIN;SOX8;SRGN;UNC13A;ZFP2;ARAP2;RFX3;TMC8;EBF2;SHROOM3;CACNA2D4;PRAP1;KLF16;BCAN;CLDN4;CLDN3;TUBB2A;VGF;DPYD;HOXB4;HOXB3;HOXB8;RIN1;CHST3;CAPS2;CFI;PPM1H;DNAJC22;ILDR2;NRXN2;SOCS2;SOCS3;NWD1;GCNT2;POC1A;CCL2;FLNB;IGFBP7;SLC25A21;TBL1X;ANKRD34A;EGLN3;CENPW;EGR3;ANKRD24;EGR4;TMEM132B;TRAPPC5;STYK1;FZD8;L1CAM;SMAD6;BMP7;NFATC4;TMEM154;FOSL1;MLLT11;IGSF10;NR4A3;TMEM54;GIPC2;SPRY1;SSBP2;MDGA1;SDK2"
"ESRRB","ESRRB 18555785 Chip-Seq ESCs Mouse","37/1496","0.3311758385895240408558493072632700205","0.50166934322760059483670147528755479","0","0","1.09192206011945570","1.2066894129789043077494","SNED1;EHF;PGAP1;IER5L;ILDR2;LAMC2;BAZ2B;TFPI;RND3;ZDBF2;PDE11A;SLC22A15;COBLL1;AKT3;ADORA1;CCDC73;JAG1;NEBL;KCNJ9;SMOX;FN1;NEB;BMP7;GULP1;TMEM37;COL3A1;XKR9;LGSN;KIF26B;DPYD;MALL;COL5A2;PI15;SPRY1;LHX4;INHA;LGR4"
"SPI1","SPI1 20517297 ChIP-Seq HL60 Human","25/990","0.3315321069214634541744146645214641467","0.50166934322760059483670147528755479","0","0","1.11410957589714088","1.2300110864805327004490","FOXC2;RASEF;LAMC2;SLC2A3;CLDN1;CXCL2;SOCS3;SLC22A15;SERTAD1;TMEM88;PRRG2;TNFAIP8L1;HORMAD2;TIGD1;EGLN3;MYEOV;HPCAL1;ARAP2;PRSS35;CACNA2D4;KLF16;MARCKS;HOXB9;HOXB8;CHST3"
"EZH2","EZH2 27294783 Chip-Seq NPCs Mouse","26/1032","0.3315321530981328312925882073614047840","0.50166934322760059483670147528755479","0","0","1.11157186809537190","1.2272092245386143627428","SNED1;PGAP1;COL13A1;ILDR2;LAMC2;SYNE1;ZDBF2;SOCS2;AKT3;ADORA1;ANKRD24;UNC5B;FN1;GULP1;TMEM37;COL3A1;MARCKS;XKR9;LGSN;KIF26B;COL5A2;PI15;NCOA7;LHX4;INHA;CHST3"
"ESR1","ESR1 20079471 ChIP-ChIP T-47D Human","5/167","0.3346592602873150190667672632116591558","0.50445462078998526411766079036169685","0","0","1.32340489457008648","1.4486551076599651910470","GAL3ST1;SERPINA1;SEMA3C;HOXB3;MAP6D1"
"GATA3","GATA3 21867929 ChIP-Seq TH1 Mouse","34/1372","0.3358309190267794730466732744389446452","0.50445462078998526411766079036169685","0","0","1.09363681017149195","1.1933190307060779211668","ANKRD37;KLHDC7A;ZDHHC21;IQGAP2;NCALD;CALB2;TMEM88;MGAT5B;PSD3;SLC25A21;SOX8;NTSR1;SLC38A4;PAK4;TNFRSF12A;PLK2;ZFP2;HPCAL1;ACSL5;EBF2;PARP8;GULP1;NR4A3;GJB3;REEP4;CLDN7;DMXL2;ALDH1A1;FAM20A;HOXB8;RIN1;LGR4;DSC2;PLA1A"
"P53","P53 21459846 ChIP-Seq SAOS-2 Human","39/1584","0.3359553490561982269646534859930397943","0.50445462078998526411766079036169685","0","0","1.08688623588981281","1.1855505268144359565241","FOXC2;KRT80;SERPINA1;RASEF;MPL;IER5L;ILDR2;NR3C1;TFPI;CLDN1;LIPA;NCALD;FHAD1;PPP3CA;NT5E;ZNF827;PMEPA1;SFN;HORMAD2;ENPP5;HES4;ARRDC4;PLK2;SLC2A13;MYEOV;RIPK4;STYK1;KLHDC1;FZD9;NEB;ARID3C;OXR1;DEXI;FRMD3;TMEM54;UBE2S;GIPC2;TCEA3;HOXB8"
"PAX6","PAX6 23342162 ChIP-ChIP BETA-FORBRAIN-LENS Mouse","17/658","0.3365572196723700670872858609072864056","0.50445462078998526411766079036169685","0","0","1.13932066373564034","1.2407055064263214916309","SEMA6B;ARRDC4;PDGFRB;PRKCH;KHDRBS3;SLC2A3;RHOF;GFAP;PBLD;EFNB2;TMEM37;SH3TC2;ALDH1A2;ALDH1A1;PCDHA4;PMEPA1;SDK2"
"MAF","MAF 26560356 Chip-Seq TH2 Human","40/1627","0.3367538889455933825978206641593715176","0.50445462078998526411766079036169685","0","0","1.08531700159721001","1.1812621885558223233659","ANKRD37;MIDN;MAML2;SLC2A3;MSI2;RASGRP3;SOCS2;CDC20;FHAD1;SYCE2;ALCAM;CCND2;CCDC85B;TP53INP1;DCDC2B;SFN;PIM3;HBQ1;TRIM22;HES4;KDM6B;SRGN;ANKRD34A;BTBD19;TNFRSF12A;HPCAL1;ARAP2;FZD8;ACSL5;SMAD6;DHRS3;HIC1;NFATC4;BCAN;LTB4R2;COL7A1;GIPC2;DPYD;TCEA3;TXNIP"
"NR1H3","NR1H3 23393188 ChIP-Seq ATHEROSCLEROTIC-FOAM Human","14/537","0.3452616214154094476107559330557705835","0.51616266448075243111759391467785463","0","0","1.14929927618488570","1.2222255636257963740121","PDGFRB;ECM1;MIDN;JAG1;TNFRSF12A;PPM1H;SLC2A3;DHRS3;MLLT11;TMEM37;MRPL2;TMEM158;COL7A1;CHST13"
"EWS-ERG","EWS-ERG 20517297 ChIP-Seq CADO-ES1 Human","21/830","0.3468078730869318393459366234310436994","0.51738353750355137172789454780286178","0","0","1.11535931776686592","1.1811480423300244613216","MAML2;PTGER1;SLC2A13;CCDC146;TMC8;SHROOM3;IL17RE;IQGAP2;OTOP2;ARID3C;DCBLD2;ZDBF2;CLDN4;MTNR1A;COBLL1;HOXA3;PI15;HOXB8;RAPGEF5;GYG2;DSC2"
"CNOT3","CNOT3 19339689 ChIP-ChIP MESCs Mouse","27/1083","0.3474653515942081050127399066695943475","0.51738353750355137172789454780286178","0","0","1.09925343551797039","1.1620101731579639547931","FOXC2;ANKRD37;DOCK4;CDKN1B;NRXN2;MSI2;FSTL1;SOCS2;SOCS3;RAB20;SERTAD1;TUBB3;HOXA3;SFN;TLE4;UNC5B;NEBL;TRAPPC5;HMGA1;HMGA2;OTOP2;CLDN3;TMEM54;SP5;MAP6D1;INHA;SDK2"
"CBX2","CBX2 22325352 ChIP-Seq 293T-Rex Human","39/1595","0.3523188972206791613750453961984021589","0.52356553252316062607718549770652317","0","0","1.07854300685108417","1.1251560776550697529075","SLC44A5;PGAP1;TINAGL1;TACSTD2;MPL;ILDR2;NEXN;KLHDC7A;LAMC2;BAZ2B;TFPI;IFI44L;RASGRP3;FHAD1;SLC22A15;MAP2;AKT3;DCDC2B;SFN;FLNB;SRGAP3;RHBG;HES4;BTBD19;EGR4;LIMCH1;HPCAL1;DHRS3;TGFBR3;BCAN;TMEM54;GJB3;KIF26B;GIPC2;CDC42EP3;DPYD;TCEA3;RHOU;LHX4"
"FLI1","FLI1 21867929 ChIP-Seq CD8 Mouse","35/1426","0.3541363346518379695559985975705785677","0.52522009075600628591473650885745883","0","0","1.08231317780859371","1.1235204271169856315993","FOXC2;SLFN5;EHF;MIDN;BAZ2B;ZDBF2;SOCS3;NWD1;ALCAM;CCND2;TMEM88;PRRG2;PSD3;HSD17B2;REPS2;SFN;RIMKLB;KDM6B;ENDOG;PRKCH;UNC5B;TMC8;ACSL5;NFATC1;NEB;PCDHB10;MPP7;GULP1;FRMD3;BCAN;NBEA;CLCF1;SPRY1;FAM20A;RIN1"
"POU2F1","POU2F1 35413990 ChIP-Seq Human ARnegCRProstateCancer","11/418","0.3597312565805794726259136950829997659","0.53245935993871484903650070918956771","0","0","1.15961701611925849","1.1855901595690931937810","FHAD1;ABCC3;DOCK4;KHDRBS3;SEMA3C;ARSL;IL17RE;OXR1;NCALD;SYNE1;RASGRP3"
"ZNF652","ZNF652 21678463 ChIP-ChIP ZR75-1 Human","3/94","0.3638161799110115057764858192967949435","0.53743934695765271936096496574464254","0","0","1.41249939487824960","1.4281873747003734909100","PPP3CA;FOXC2;HSPB1"
"RUNX1","RUNX1 30185409 ChIP-Seq K562 Mouse BoneMarrow Leukemia","8/296","0.3653997171413170264031577971763908863","0.53871183594352267665072986346785910","0","0","1.19122741895570394","1.1992841773754272516328","STK31;TGFBR3;CDC42EP3;SPRY1;CYP3A5;MDGA1;DHRS3;PHF19"
"BCL6","BCL6 25482012 ChIP-Seq CML-JURL-MK1 Human","39/1605","0.3673748025626443758362427161046070978","0.54047477561228818299099430078058504","0","0","1.07105996443564511","1.0725301995274356681165","RTP4;ACHE;SNED1;CCDC120;C1S;SYNPO2;GRIK5;TACSTD2;NRXN2;ALOX12B;SLC2A3;EFNA5;PLAC8;LIMA1;SERTAD1;HOXA3;GCNT2;ANKRD31;POC1A;SRGAP3;TBL1X;HES4;KDM6B;GSTM2;ENDOG;LRRC46;ARL15;HPCAL1;SMAD6;KLF16;IGSF10;GFI1B;TUBB2A;TMEM54;COL5A2;TMEM217;NCOA7;CD24;CHST3"
"TBX2","TBX2 35687133 ChIP-Seq MCF-7 Human BreastCancer","19/756","0.3680444852694937929449281455163145438","0.54047477561228818299099430078058504","0","0","1.10690011957646384","1.1064036352840864729785","KRT80;H2BC8;EGR4;RIPK4;DNAJC22;CACNA2D4;IL1RAP;SMAD6;HIF1A;MUC3A;NUDT3;H1-4;CLDN3;TUBB3;H2BC21;TP53INP1;PMEPA1;NABP1;SFN"
"RCOR2","RCOR2 21632747 ChIP-Seq MESCs Mouse","8/298","0.3723141058814071757687713670748053119","0.54567057561400744702950760256499052","0","0","1.18288917901850832","1.1687151033735505567535","ENDOG;UNC13A;SIDT1;L1CAM;JARID2;SMAD6;HIC1;SDK2"
"TAL1","TAL1 22897851 ChIP-Seq JUKARTE6-1 Human","38/1569","0.3776636841589819382214443521661451086","0.55242570271098134782050692592747509","0","0","1.06698010410155120","1.0389731608522556616236","PIWIL1;DDC;PGAP1;ZNF493;NNMT;RASGRF1;ALOX12B;NUDT3;MYLK;RHOBTB2;LIMA1;GRIP1;NT5E;NWD1;SH3TC2;TMSB4X;COBLL1;ANKRD31;CCL2;FLNB;KIAA0319;KDM6B;UNC13A;EGR3;MYH15;MYEOV;RHOF;BMP7;SMTN;CAMK4;GIPC2;DPYD;TCEA3;CDH13;SSBP2;MDGA1;CHST3;PLA1A"
"SOX11","SOX11 22085726 ChIP-Seq ESNs Mouse","36/1484","0.3784610282470842745894401559780817479","0.55250866354662397927910433281795122","0","0","1.06858833873571224","1.0382854977205442370547","SLC44A5;DDC;KRT80;GAL3ST1;CLDN1;NCALD;PBLD;STK31;DLL4;SOCS3;SERTAD1;CCDC85B;COBLL1;HSD17B2;IGFBP7;RIMKLB;CCDC73;PAK4;JAG1;TRAPPC5;HMGA1;HMGA2;SHROOM3;NEB;RHOF;MARCKS;IL6;TMEM158;REEP4;CLCF1;KIF26B;DPYD;MALL;SIDT1;TXNIP;RBM20"
"REST","REST 18959480 ChIP-ChIP MESCs Mouse","41/1701","0.3830561784949191861393558156123617664","0.55810156124844345626456743048038334","0","0","1.06175133225208529","1.0188285698691363911905","PIWIL1;SNED1;DOCK4;KHDRBS3;COL13A1;SRXN1;GRIK5;TACSTD2;NEDD4L;NRXN2;KIF12;BACH2;NUDT3;NCALD;SLC25A27;PPP3CA;GRIP1;CCND2;TUBB3;MGAT5B;AKT3;TNFSF10;PIM3;SLC25A21;RHBG;NTRK2;UNC13A;EGR4;UNC5B;NEBL;ZFP2;L1CAM;RGMB;BMP7;HIC1;BCAN;GFI1B;UBE2S;COL7A1;CDH13;LHX4"
"LMO2","LMO2 20887958 ChIP-Seq HPC-7 Mouse","32/1317","0.3848662661701829912352934570662910119","0.55810156124844345626456743048038334","0","0","1.06982101167315169","1.0215286125491624957817","ACHE;TINAGL1;CXCL1;IQGAP2;LPP;EFNB2;DLL4;NWD1;TMEM88;TMSB4X;GCNT2;HORMAD2;HBQ1;SRGAP3;SYNPO;ENPP5;PAK4;PDGFRB;EGLN3;HMGA1;SHROOM3;DEXI;DHRS3;GFAP;TGFBR3;GFI1B;CLCF1;CLDN7;TMEM217;TXNIP;EPHA1;MDGA1"
"CEBPB","CEBPB 20176806 ChIP-Seq THIOMACROPHAGE Mouse","29/1189","0.3849948602163746347315509410691447556","0.55810156124844345626456743048038334","0","0","1.07377336448598126","1.0249438373603971808024","ACHE;C1S;PLA2G3;NR3C1;CALB2;RAB20;HSD17B2;GCNT2;GPC3;CCL2;PIM3;IGFBP7;ABCC3;KDM6B;GSTM2;TMC8;IL17RE;OXR1;MIF4GD;FOSL1;MLLT11;TGFBR3;NR4A3;CLCF1;DLC1;COL7A1;PI15;SDK2;CHST3"
"PCGF2","PCGF2 27294783 Chip-Seq ESCs Mouse","10/385","0.3852845898699039928203546878648921847","0.55810156124844345626456743048038334","0","0","1.14350484712900791","1.0906440752007111605337","ZDBF2;SNED1;COL3A1;PGAP1;XKR9;LGSN;COL5A2;FN1;PI15;GULP1"
"GATA6","GATA6 21074721 ChIP-Seq CACO-2 Mouse","38/1575","0.3869381754026036124294307683157967404","0.55922377892496710760639189174980856","0","0","1.06246088915734860","1.0087963638404291444317","SLC44A5;ECM1;TINAGL1;TACSTD2;MPL;ILDR2;NEXN;KLHDC7A;TXNDC12;LAMC2;CTSS;IFI44L;PBLD;CDC20;FHAD1;SLC22A15;AKT3;DCDC2B;SFN;RHBG;HES4;BTBD19;NEBL;ACSL5;DHRS3;MPP7;TGFBR3;BCAN;TMEM54;C2CD4D;GJB3;GIPC2;DPYD;TCEA3;TXNIP;RHOU;LHX4;CHST3"
"HOXD13","HOXD13 18407260 ChIP-ChIP DEVELOPING-LIMBS Mouse","4/138","0.3875585706490723425510225297330180183","0.55922377892496710760639189174980856","0","0","1.27896939145332911","1.2123201114076909146178","DLC1;CDC42EP3;NTN4;JARID2"
"AUTS2","AUTS2 25519132 ChIP-Seq 293T-REX Human","20/809","0.3910486512506832212920926394872367382","0.55978352264688624462252164448727854","0","0","1.08784111046337939","1.0213993642090370972397","ABCC3;NNMT;ANKRD24;SYNPO2;MYH15;TACSTD2;BAZ2B;HIF1A;PCDHB10;PPP3CA;KLC3;TRIM2;TMEM217;PCDHA4;IGFBP7;SPRY1;PRKD1;SYNPO;SDK2;ZNF585A"
"CEBPB","CEBPB 20176806 ChIP-Seq MACROPHAGES Mouse","36/1492","0.3911685427374553269963541879405966029","0.55978352264688624462252164448727854","0","0","1.06224713528751535","0.9970429604913215726469","SLFN5;ECM1;KRT80;NEDD4L;PLA2G3;KIF12;NR3C1;BACH2;NUDT3;CLCN1;LIMA1;RAB20;SLC22A15;HSD17B2;CCL2;SFN;CCIN;JARID2;KDM6B;SRGN;GSTM2;EGLN3;LRRC46;KCNJ9;TMC8;IL17RE;MPP7;TMEM154;IL6;NR4A3;CLCF1;COL7A1;PI15;SIDT1;MAP6D1;PHF19"
"TAL1","TAL1 20566737 ChIP-Seq PRIMARY FETAL LIVER ERYTHROID Mouse","36/1492","0.3911685427374553269963541879405966029","0.55978352264688624462252164448727854","0","0","1.06224713528751535","0.9970429604913215726469","SLC44A5;SLFN5;DDC;NNMT;NTN4;IER5L;NEDD4L;HSPB1;N4BP2L1;SLC2A3;IL1RAP;MSI2;IQGAP2;EFNB2;SERTAD1;TUBB3;TRIM2;REPS2;JARID2;EGLN3;SMOX;RIPK4;HMGA2;RHOF;DHRS3;KLF16;TMEM154;GFAP;TGFBR3;GFI1B;IL6;CLDN3;TUBB2A;CDC42EP3;TXNIP;SPRY1"
"CTCF","CTCF 18555785 Chip-Seq ESCs Mouse","36/1492","0.3911685427374553269963541879405966029","0.55978352264688624462252164448727854","0","0","1.06224713528751535","0.9970429604913215726469","SNED1;EHF;PGAP1;SRXN1;ILDR2;LAMC2;BAZ2B;TFPI;RND3;ZDBF2;DLL4;PDE11A;AKT3;ADORA1;PMEPA1;CCDC73;JAG1;NEBL;KCNJ9;SMOX;FN1;BMP7;TMEM154;GULP1;TMEM37;COL3A1;XKR9;NBEA;LGSN;KIF26B;MALL;COL5A2;PI15;COL9A3;LHX4;LGR4"
"UTX","UTX 26944678 Chip-Seq JUKART Human","39/1621","0.3917613366860683843384549618349410594","0.55978352264688624462252164448727854","0","0","1.05928386936770735","0.9926575193900534221925","FOXC2;MIDN;SERPINA1;ATP8A1;SATB1;SLC2A3;PLAC8;SOCS2;EFNB2;FHAD1;SYCE2;CCND2;TNFAIP8L1;CHST13;SFN;PIM3;IGFBP7;ZNF524;JARID2;ENPP5;HES4;PDGFRB;KDM6B;SUN2;BTBD19;MYEOV;TRAPPC5;HMGA1;NFATC1;CACNA2D4;EMP3;IL17RE;RHOF;RGMB;DHRS3;NFATC4;HSH2D;EPHA1;CAPS2"
"CEBPB","CEBPB 23403033 ChIP-Seq LIVER Mouse","8/304","0.3931078671377691291510814153298269957","0.55978352264688624462252164448727854","0","0","1.15855053271534336","1.0817053051664045071334","MLLT11;ABCC3;HMGN5;CCDC85B;SYNPO2;SMAD6;LGR4;TMEM154"
"LMO2","LMO2 26923725 Chip-Seq MACROPHAGESS Mouse","9/346","0.3940400469250529003062410993152298033","0.55978352264688624462252164448727854","0","0","1.14491044934294184","1.0662582304075924888309","GRAMD1B;EGLN3;HMGN5;KIF26B;MGAT5B;PSD3;POC1A;CDH13;OXR1"
"FOXA1","FOXA1 25329375 ChIP-Seq VCAP Human","38/1580","0.3946999100700565032973088364087743685","0.55978352264688624462252164448727854","0","0","1.05872174190293111","0.9842189891400512369302","SNED1;EHF;TPH1;SAMD9L;DDC;PGAP1;SATB1;PPM1H;ZDHHC21;CXCL1;IQGAP2;CLDN1;IFI44L;RHOBTB2;PLAC8;SOCS3;SYCE2;KLC3;TNFSF10;REPS2;ZNF524;KIAA0319;ENPP5;HLA-DPA1;ZNF585A;NIPSNAP3B;GSTM2;MYH15;KLRC4;ARAP2;TMEM154;VGF;COL7A1;TCEA3;ALDH1A1;PI15;NCOA7;HOXB8"
"FOXA1","FOXA1 27270436 Chip-Seq PROSTATE Human","38/1580","0.3946999100700565032973088364087743685","0.55978352264688624462252164448727854","0","0","1.05872174190293111","0.9842189891400512369302","SNED1;EHF;TPH1;SAMD9L;DDC;PGAP1;SATB1;PPM1H;ZDHHC21;CXCL1;IQGAP2;CLDN1;IFI44L;RHOBTB2;PLAC8;SOCS3;SYCE2;KLC3;TNFSF10;REPS2;ZNF524;KIAA0319;ENPP5;HLA-DPA1;ZNF585A;NIPSNAP3B;GSTM2;MYH15;KLRC4;ARAP2;TMEM154;VGF;COL7A1;TCEA3;ALDH1A1;PI15;NCOA7;HOXB8"
"E2F2","E2F2 33952803 ChIP-Seq Patient Human Synovium","1/22","0.3987844005843759753737742812518263236","0.56450315528642214246701769297942519","0","0","2.03863826232247281","1.8741901971613736943567","SOCS2"
"GATA6","GATA6 21074721 ChIP-Seq CACO-2 Human","38/1585","0.4024883354685416803064867963257711381","0.56840078816384875803890963652520441","0","0","1.05500676496043622","0.9601502234140344427260","SLC44A5;ECM1;TINAGL1;TACSTD2;MPL;ILDR2;NEXN;KLHDC7A;TXNDC12;LAMC2;CTSS;IFI44L;CDC20;FHAD1;SLC22A15;AKT3;ADORA1;SFN;RHBG;HES4;BTBD19;GSTM2;UNC5B;NEBL;DHRS3;MPP7;TGFBR3;BCAN;TMEM54;GJB3;KIF26B;GIPC2;DPYD;TCEA3;TXNIP;RBM20;RHOU;LHX4"
"AR","AR 21572438 ChIP-Seq LNCaP Human","4/141","0.4030616849043914262651355784328188747","0.56840078816384875803890963652520441","0","0","1.25076940429577355","1.1365312118528008156204","NWD1;MAML2;ANKRD24;TFPI"
"IRF8","IRF8 27001747 Chip-Seq BMDM Mouse","36/1500","0.4039503227381069927481860304396832362","0.56857913351439204330262100484105758","0","0","1.05597523460924392","0.9572028720192063966365","SLFN5;EHF;SAMD9L;PGAP1;PPM1H;IER5L;N4BP2L1;NR3C1;LIPA;HIF1A;CTSS;CLCN1;SOCS3;ALCAM;RAB20;CCND2;COBLL1;PSD3;CCL2;SFN;FLNB;JARID2;PCDHAC2;PAK4;TLE4;ARRDC4;KDM6B;MYH15;HPCAL1;INHBA;DHRS3;PARP8;ALDH1A2;DPYD;TCEA3;SPINK13"
"SOX4","SOX4 29892750 ChIP-Seq EML Mouse BoneMarrow","4/142","0.4082142764742858753734822130354586989","0.57349877636500423694343453462352045","0","0","1.24164187222062261","1.1124652450552470206446","GRIP1;GIPC2;NEDD4L;SP5"
"TBX4","TBX4 33478486 ChIP-Seq IMR90 Human Lung","6/226","0.4132738681995631879750874304590979591","0.57951561217457547847686782915843651","0","0","1.16849425519048578","1.0325338568414335060908","BCAN;SNED1;RAB20;NTSR1;DSC2;OXGR1"
"EOMES","EOMES 21245162 ChIP-Seq HESCs Human","20/820","0.4145885238523518423470193283719709143","0.58026836546689397611231697737821378","0","0","1.07225400457665909","0.9440861531830320174663","ANKRD34A;SLFN5;PRKCH;TESC;FN1;NTN4;FZD8;RHOF;TFPI;NCALD;CALB2;RAB20;SLC22A15;NBEA;MAP2;ALDH1A2;TCEA3;CCL2;LHX4;FAM20A"
"EGR1","EGR1 19374776 ChIP-ChIP THP-1 Human","2/62","0.4157822187557850268646575386810582131","0.58084931683860607787295293746865354","0","0","1.42732600732600723","1.2526122667829870938050","MLLT11;KITLG"
"SOX2","SOX2 18555785 Chip-Seq ESCs Mouse","36/1508","0.4167925998628008166235758835682645440","0.58117248504233531836149495575227775","0","0","1.04977150676443243","0.9187249008806556149764","SLC44A5;SNED1;EHF;PGAP1;SYNPO2;ILDR2;LAMC2;BAZ2B;RND3;ZDBF2;PLAC8;PDE11A;AKT3;ADORA1;PMEPA1;NTSR1;CCDC73;JAG1;NEBL;KCNJ9;SMOX;FN1;BMP7;GULP1;TMEM37;COL3A1;XKR9;LGSN;KIF26B;DPYD;MALL;COL5A2;PI15;SP5;LHX4;LGR4"
"AR","AR 27623747 ChIP-Seq 22Rv1 Mouse Prostate Carcinoma","66/2805","0.4181781313190013338321193714364198968","0.58155730442574671279487574793165550","0","0","1.03558993005269162","0.9028767874648228053402","SLC44A5;SAMD9L;DOCK4;GAL3ST1;LIPA;RND3;CALB2;MRPL2;ALCAM;CCND2;TMEM88;PSD3;HOXA3;SYNPO;UNC13A;LIMCH1;TESC;RFX3;ACSL5;EBF2;KRT7;RGMB;HIC1;FRMD3;CLDN4;C2CD4D;CDC42EP3;DOK7;TXNIP;NCOA7;DSC2;TLR3;DDC;SYNPO2;NEDD4L;PLA2G3;ILDR2;NRXN2;ZNF69;LPP;RHOBTB2;PDE11A;MGAT5B;GCNT2;MAP7;SRGAP3;RHBG;HLA-DQA1;SLC38A4;EGR4;KCNJ9;SMOX;EGF;TMEM132B;INCA1;LCA5;TUBB4B;OXR1;TMEM154;GULP1;KITLG;IL6;COL5A2;PAEP;MAP6D1;SPINK13"
"E2F1","E2F1 17053090 ChIP-ChIP MCF-7 Human","33/1380","0.4186810394935045476216828319593332708","0.58155730442574671279487574793165550","0","0","1.05137202168340571","0.9153727308128120077058","DNAH3;PIWIL1;CDKN1B;MAML2;SRXN1;ZNF20;NTN4;NEDD4L;NRXN2;MSI2;TMEM88;GPC3;CCL2;PDK3;HORMAD2;OXGR1;ZNF585A;PRKCH;JAG1;SMOX;SLC2A13;RIPK4;SYT16;RHOF;L1CAM;SMTN;KITLG;UBE2S;CDH13;ALPK2;HOXB6;LGR4;CAPS2"
"VDR","VDR 22108803 ChIP-Seq LS180 Human","3/103","0.4194072785268790348744971652195090428","0.58155730442574671279487574793165550","0","0","1.28477973568281945","1.1163615652840872538576","PIWIL1;MALL;TCEA3"
"DACH1","DACH1 20351289 ChIP-Seq MDA-MB-231 Human","32/1338","0.4204385435447952623633227631216868758","0.58190566509168317743672105279983953","0","0","1.05140798126294910","0.9109997643785684440232","ZNF296;KHDRBS3;CLDN1;LIPA;NUDT3;DLL4;SOCS3;SYCE2;NT5E;ALCAM;SLC22A15;CCDC85B;MGAT5B;LRRC46;ARL15;PLK2;TRAPPC5;ZFP2;HMGA1;HMGA2;RHOF;MIF4GD;KLF16;DCBLD2;GFAP;FOSL1;TUBB2A;NR4A3;TXNIP;INHA;SSBP2;MDGA1"
"P63","P63 20808887 ChIP-Seq KERATINOCYTES Human","38/1598","0.4228408079652702933337593549367738888","0.58306699212955948041781084612011909","0","0","1.04545927421822404","0.8998890139364571494340","ACHE;ECM1;ZNF493;CCDC120;COL13A1;SEMA3C;TACSTD2;MPL;IER5L;NEDD4L;NEXN;HSPB1;NRXN2;TMEM160;SLC2A3;CTSS;MYLK;CDC20;ZNF827;HOXA3;CCL2;CHST13;SOX8;JARID2;CCDC73;HES4;JAG1;TRAPPC5;KRT7;HMGA2;EMP3;MPP7;TMEM54;C2CD4D;TCEA3;LGR4;SDK2;CHST3"
"RBPJ","RBPJ 21746931 ChIP-Seq IB4 Human","38/1598","0.4228408079652702933337593549367738888","0.58306699212955948041781084612011909","0","0","1.04545927421822404","0.8998890139364571494340","SLC44A5;ECM1;TINAGL1;TACSTD2;MPL;ILDR2;NEXN;KLHDC7A;TXNDC12;LAMC2;CTSS;IFI44L;RASGRP3;CDC20;FHAD1;PDE11A;SLC22A15;MAP2;AKT3;DCDC2B;ADORA1;SFN;HES4;BTBD19;KCNJ9;HPCAL1;FN1;DHRS3;TGFBR3;TMEM54;GJB3;KIF26B;GIPC2;CDC42EP3;DPYD;TCEA3;RHOU;LHX4"
"MYCN","MYCN 21190229 ChIP-Seq SHEP-21N Human","7/271","0.4250972501774570866395208668109262362","0.58509695319627852416743962749023922","0","0","1.13596801346801368","0.9717494242850444052806","KHDRBS3;HSD17B2;MPL;ZNF524;IQGAP2;PCDHB10;PHF19"
"GATA1","GATA1 19941826 ChIP-Seq K562 Human","16/654","0.4259445176956581091687326079409103841","0.58518344420066470412677972490200773","0","0","1.07507161694353792","0.9175157661537052256051","ACHE;NNMT;ARL15;TESC;IQGAP2;SMAD6;LIPA;CYP3A5;NUDT3;GFI1B;DLC1;SPRY1;JARID2;RAPGEF5;SDK2;SHANK2"
"ESR1","ESR1 20056654 ChIP-Seq MCF-7 Human BreastCancer","20/827","0.4296273741636107978969505438726628199","0.58915812706995163150480721014901064","0","0","1.06255618033284271","0.8976867945283245608934","ABCC3;SERPINA1;RASEF;NTN4;IER5L;BMP7;DHRS3;MYLK;CLDN4;HSH2D;NR4A3;ZNF827;NPW;RAB26;DOK7;POC1A;MAP6D1;RBM20;NOTUM;LHX4"
"OCT4","OCT4 21477851 ChIP-Seq ESCs Mouse","36/1517","0.4312952576561902007235005385155091062","0.58984395389106336615725467709125951","0","0","1.04287242522465884","0.8770164672143794248882","SNED1;DDC;PGAP1;COL13A1;PLA2G3;ILDR2;LAMC2;SYNE1;PBLD;ZDBF2;SOCS2;SOCS3;GRIP1;AKT3;ADORA1;HORMAD2;ABCC3;SRGN;UNC5B;FN1;HMGA2;KLF16;GULP1;TMEM37;COL3A1;MARCKS;XKR9;LGSN;KIF26B;COL5A2;PI15;NCOA7;LHX4;INHA;CHST3;CAPS2"
"MYC","MYC 20876797 ChIP-ChIP MEDULLOBLASTOMA Human","26/1086","0.4317088456092769699345979006466222927","0.58984395389106336615725467709125951","0","0","1.05187147047235485","0.8835761232467950199165","SLC44A5;SATB1;RASEF;NTN4;SH3BGRL;ALCAM;TRIM2;AKT3;PSD3;SOX8;JARID2;NTRK2;EGLN3;JAG1;NFATC1;RHOF;SMAD6;TGFBR3;NBEA;COL5A2;HOXB3;CDH13;NCOA7;PRKD1;PPEF1;TMEM45A"
"SUZ12","SUZ12 27294783 Chip-Seq NPCs Mouse","16/658","0.4355745509477585430957446988031733781","0.59403768739858842096168700663838536","0","0","1.06814730045704676","0.8877258057083767806006","SNED1;PGAP1;FN1;ILDR2;LAMC2;GULP1;ZDBF2;TMEM37;COL3A1;XKR9;LGSN;KIF26B;AKT3;COL5A2;PI15;LHX4"
"RXRA","RXRA 24833708 ChIP-Seq LIVER Mouse","34/1434","0.4368348599870049420168527376517886296","0.59466935319398850356975572140072472","0","0","1.04164471462343800","0.8626902048097683239902","SLFN5;PGAP1;NTN4;DNAJC22;PLA2G3;LAMC2;IQGAP2;CLDN1;CXCL2;SLC25A27;PANX2;SOCS3;CCDC85B;RAB26;HORMAD2;KDM6B;ANKRD34A;GSTM2;EGLN3;ANKRD24;HPCAL1;FOXL1;OTOP2;MIF4GD;DEXI;KLF16;IGSF10;CLDN3;XKR9;UBE2S;TCEA3;FAM20A;PLA1A;CAPS2"
"ETS1","ETS1 21867929 ChIP-Seq TH2 Mouse","35/1483","0.4463188201049385073204689433623570949","0.60647329653603654353588581216172315","0","0","1.03644346835641898","0.8361214772259525362941","HRK;ACHE;SNED1;SLFN5;EHF;ANKRD37;KHDRBS3;PTGER1;NR3C1;PLAC8;SOCS3;RAB20;TMEM88;RAB26;CCL2;SFN;PIM3;CCIN;HORMAD2;JARID2;GAMT;KDM6B;EGLN3;KLHDC1;TMC8;IL17RE;OTOP2;DEXI;FOSL1;HOXB9;NR4A3;CLCF1;DOK7;TXNIP;ALPK2"
"KLF4","KLF4 18555785 Chip-Seq ESCs Mouse","35/1486","0.4512366261651919452368986185319954529","0.61204095112587852955954303979524411","0","0","1.03412910200842045","0.8229220975761395440173","SNED1;EHF;PGAP1;ILDR2;LAMC2;BAZ2B;ZDBF2;DLL4;PPP3CA;TRIM2;COBLL1;AKT3;ADORA1;PMEPA1;NTSR1;CCDC73;JAG1;NEBL;KCNJ9;SMOX;EGF;FN1;BMP7;GULP1;TMEM37;COL3A1;XKR9;LGSN;KIF26B;MALL;COL5A2;PI15;SPRY1;LHX4;LGR4"
"PHF8","PHF8 20622853 ChIP-Seq HELA Human","37/1574","0.4533405183075441824414042457647155970","0.61377863277210154002716535615036264","0","0","1.03203829352170273","0.8164576099673208631202","SLC44A5;GRAMD1B;ECM1;TINAGL1;COL13A1;TACSTD2;MPL;ILDR2;NEXN;KLHDC7A;TXNDC12;LAMC2;IFI44L;CDC20;FHAD1;SLC22A15;AKT3;DCDC2B;SFN;CCDC73;HES4;BTBD19;NEBL;FZD8;DHRS3;MPP7;TGFBR3;KITLG;TMEM54;GJB3;KIF26B;GIPC2;DPYD;TCEA3;RHOU;LHX4;CHST3"
"ZFP322A","ZFP322A 24550733 ChIP-Seq MESCs Mouse","2/67","0.4547956659854698879819068224605871364","0.61457043013058776370627356300246902","0","0","1.31719357565511408","1.0378261000563100413530","KIF26B;NEDD4L"
"PITX1","PITX1 30713093 ChIP-Seq Epithelial Human Tongue SCC","3/109","0.4555729864104758886078627710958244279","0.61457043013058776370627356300246902","0","0","1.21168232067159831","0.9526238426261057767874","H4C8;RIMKLB;MYLK"
"OCT4","OCT4 20526341 ChIP-Seq ESCs Human","37/1578","0.4597308448899321553504648818488931283","0.61905994636803141073500000857166015","0","0","1.02913074379654512","0.7997519917341625594887","PIWIL1;FOXC2;SYNPO2;NEDD4L;HSPB1;BAZ2B;FSTL1;CYP3A5;LPP;RASGRP3;PLAC8;SYCE2;PSD3;DCDC2B;FLNB;CCIN;RHBG;RIMKLB;HLA-DQA1;PCDHAC2;NTSR1;OXGR1;PAK4;HES4;FZD8;EBF2;KRT7;HMGA2;MIF4GD;IGSF10;CLDN3;CLCF1;TCEA3;TXNIP;NCOA7;TLR3;SDK2"
"CRX","CRX 20693478 ChIP-Seq RETINA Mouse","35/1492","0.4610754125926656010747706204710993916","0.61975181584527661016181809827685356","0","0","1.02952896134692140","0.7970547993602654646139","SNED1;DDC;PGAP1;GAL3ST1;COL13A1;PPM1H;ILDR2;LAMC2;SYNE1;PBLD;ZDBF2;AKT3;ADORA1;ABCC3;SRGN;ANKRD24;UNC5B;KCNJ9;FN1;HIC1;GULP1;TMEM37;COL3A1;MARCKS;SMTN;XKR9;LGSN;KIF26B;COL5A2;PI15;NCOA7;PRKD1;LHX4;INHA;CHST3"
"GATA1","GATA1 22025678 ChIP-Seq K562 Human","1/27","0.4644802235043963278826595342252403498","0.62299675516529728902526130696060136","0","0","1.64617071524966230","1.2623434563567228483549","SDK2"
"TP53","TP53 32428506 ChIP-Seq Human Liver Heptoma","14/584","0.4657174448410765221773033317731460556","0.62299675516529728902526130696060136","0","0","1.05192665637004490","0.8038572836998927328978","C1S;HSF2BP;SMAD6;DHRS3;SERTAD1;TP53INP1;SFN;IGFBP7;ZNF524;RIN1;SSBP2;TIGD1;TLR3;CAPS2"
"STAT3","STAT3 18555785 Chip-Seq ESCs Mouse","35/1495","0.4659948919332920769242889491579262540","0.62299675516529728902526130696060136","0","0","1.02724306953190969","0.7843828859873844816519","SLC44A5;SNED1;EHF;PGAP1;IER5L;ILDR2;LAMC2;BAZ2B;RND3;ZDBF2;DLL4;PDE11A;SLC22A15;COBLL1;AKT3;ADORA1;CCDC73;ENDOG;JAG1;KCNJ9;SMOX;EGF;FN1;BMP7;GULP1;TMEM37;COL3A1;XKR9;LGSN;KIF26B;MALL;COL5A2;PI15;SP5;LHX4"
"NELFA","NELFA 20434984 ChIP-Seq ESCs Mouse","34/1454","0.4700714837652226196773597166611580178","0.62732258835215759518177947029471397","0","0","1.02584157426830491","0.7743775448846577091899","ACHE;MIDN;IER5L;SLC2A3;HIF1A;CDC20;EFNB2;SOCS3;LIMA1;MRPL2;SERTAD1;CCDC85B;TMSB4X;PRRG2;PIM3;TLE4;UNC13A;JAG1;ANKRD24;TNFRSF12A;ARL15;FN1;GAB1;HMGA1;RFX3;RGMB;MIF4GD;DEXI;MPP7;MLLT11;CLDN4;SMTN;DLC1;TXNIP"
"CDX2","CDX2 21074721 ChIP-Seq CACO-2 Mouse","37/1587","0.4741080082220476832333133643260225654","0.63076059873294376689756290943478234","0","0","1.02264362519201235","0.7632195108177463049870","SLC44A5;ECM1;TINAGL1;COL13A1;TACSTD2;MPL;ILDR2;NEXN;KLHDC7A;TXNDC12;LAMC2;CTSS;IFI44L;CDC20;FHAD1;SLC22A15;AKT3;DCDC2B;SFN;HES4;BTBD19;UNC5B;NEBL;FZD8;DHRS3;MPP7;TGFBR3;TMEM54;GJB3;KIF26B;GIPC2;DPYD;TCEA3;RHOU;LHX4;LGR4;CHST3"
"CRX","CRX 20693478 ChIP-Seq ADULT RETINA Mouse","13/544","0.4743387344359000223903422011062502861","0.63076059873294376689756290943478234","0","0","1.04831950594662460","0.7818718931458171761406","KDM6B;MAML2;PPM1H;MSI2;EFNA5;DHRS3;CTSS;GRIP1;SMTN;CAMK4;TBL1X;PPEF1;PCDHAC2"
"ADNP","ADNP 35650610 ChIP-Seq mESC Mouse Stem Autism","11/458","0.4762723099980025187605292558146174997","0.63220488124290019626982939371373504","0","0","1.05364111515735193","0.7815546375593698247286","RTP4;LIMA1;HOXA9;COL13A1;TCIM;ALDH1A2;SLC2A3;OXR1;MDGA1;BMP7;NUDT3"
"SPI1","SPI1 23127762 ChIP-Seq K562 Human","27/1157","0.4835239533846973913888689367013284937","0.64069070910299152910027942198212259","0","0","1.02315497015846879","0.7434800851679514988035","SLC44A5;DNAH3;IER5L;BAZ2B;IQGAP2;BACH2;NUDT3;CTSS;EFNB2;RAB20;PSD3;TBL1X;JARID2;KDM6B;PRKCH;UNC5B;GAB1;EMP3;SMAD6;KLF16;UBE2S;KIF26B;TCEA3;TMEM217;RBM20;DSC2;PHF19"
"PCGF4","PCGF4 22325352 ChIP-Seq 293T-Rex Human","37/1594","0.4852797059144046132317384945054072887","0.64187705782295367828993448711116798","0","0","1.01764993730311648","0.7357912724171289386987","SLC44A5;TINAGL1;TACSTD2;MPL;ILDR2;NEXN;KLHDC7A;LAMC2;IL1RAP;TFPI;RND3;CTSS;IFI44L;RASGRP3;CDC20;FHAD1;PDE11A;ALCAM;SLC22A15;AKT3;DCDC2B;SFN;HES4;BTBD19;HPCAL1;DHRS3;TGFBR3;TMEM54;GJB3;KIF26B;GIPC2;CDC42EP3;DPYD;TCEA3;COL5A2;RHOU;LHX4"
"RUNX1","RUNX1 17652178 ChIP-ChIP JURKAT Human","17/724","0.4893574229054100666047588674700818956","0.64612502210165645433193049029796384","0","0","1.02935579272212929","0.7356416036807172931233","TLE4;CDKN1B;STYK1;HPCAL1;RFX3;NFATC1;IQGAP2;RGMB;EFNA5;SOCS2;HOXA9;CLDN3;NBEA;IGFBP7;TBL1X;JARID2;ZNF233"
"IRF8","IRF8 22096565 ChIP-ChIP GC-B Mouse","11/463","0.4907088229280513469454660935298306867","0.64676463233979919476013265011715703","0","0","1.04171296480019038","0.7415999970912895422614","RTP4;MARCKS;ANKRD24;TUBB3;PRRG2;TNFSF10;ACSL5;BAZ2B;EMP3;CTSS;PARP8"
"PU.1","PU.1 20176806 ChIP-Seq MACROPHAGES Mouse","34/1469","0.4949617211761369039990654528082814068","0.65121947794955570287811497109942138","0","0","1.01427830083771964","0.7133164202459945091306","EHF;ECM1;ILDR2;HSPB1;SLC2A3;NR3C1;RAB20;SLC22A15;TMEM88;AKT3;ADORA1;POC1A;CCIN;GAMT;KDM6B;ENDOG;KCNJ9;KLHDC1;FN1;SHROOM3;SMAD6;OXR1;MIF4GD;DHRS3;BCAN;MARCKS;CLDN3;TUBB2A;NR4A3;COL7A1;PI15;ALPK2;EPHA1;PHF19"
"RUNX1","RUNX1 27457419 Chip-Seq LIVER Mouse","34/1475","0.5048844446670779362307257542852312326","0.66310527415781705951047797498176806","0","0","1.00972039708437311","0.6900688674975088421348","SNED1;ECM1;PGAP1;IER5L;ILDR2;LAMC2;BAZ2B;TFPI;RND3;ZDBF2;PDE11A;AKT3;ADORA1;CCDC73;ENDOG;NEBL;KCNJ9;SMOX;FN1;NEB;BMP7;GULP1;TMEM37;COL3A1;XKR9;LGSN;KIF26B;COL5A2;PI15;SP5;LHX4;INHA;LGR4;PHF19"
"YY1","YY1 21170310 ChIP-Seq MESCs Mouse","8/337","0.5065110925322009460813887926633469760","0.66407253959406309373747490099049173","0","0","1.04055618361641189","0.7077957385126447675816","MLLT11;SOCS2;GRAMD1B;MAML2;GAB1;FZD8;NR3C1;MDGA1"
"BRD4","BRD4 28847988 ChIP-Seq BCBL1 Human Blood Lymphoma","5/206","0.5088745379678552005486835696501657367","0.66600071109477188002756520290859044","0","0","1.06447849249328552","0.7191124694470949485492","TLNRD1;CDKN1B;TP53INP1;MSI2;PHF19"
"MYB","MYB 26560356 Chip-Seq TH1 Human","37/1610","0.5107310869783120432785494813288096339","0.66725987895940597205424182902788743","0","0","1.00640268822087009","0.6762141194041808578419","SLFN5;DDC;CDKN1B;TACSTD2;IER5L;TXNDC12;SLC2A3;ZNF69;SOCS2;CDC20;FHAD1;SOCS3;ALCAM;CCND2;ZNF827;TMSB4X;TP53INP1;FLNB;CCIN;RIMKLB;TLE4;KDM6B;SUN2;BTBD19;EGLN3;MYEOV;TMC8;ACSL5;NFATC1;RHOF;RGMB;MIF4GD;CDYL2;DHRS3;TCEA3;SPRY1;SSBP2"
"E2F1","E2F1 20622854 ChIP-Seq HELA Human","36/1567","0.5120433855755299745737829653080552816","0.66780483503382059851105623238254339","0","0","1.00602124579746222","0.6733762163887702101306","SLC44A5;CCDC120;COL13A1;WFDC1;NEXN;HSPB1;NRXN2;ALOX12B;PLAC8;SOCS3;SYCE2;SERTAD1;PRRG2;TNFAIP8L1;PMEPA1;SFN;HORMAD2;CCDC73;PAK4;GAMT;EGLN3;CCDC14;TMC8;KRT7;IL17RE;ARID3C;KLF16;GULP1;IGSF10;TMEM54;CLCF1;TCEA3;SPINK13;NCOA7;HOXB8;CHST3"
"NFE2","NFE2 27457419 Chip-Seq LIVER Mouse","17/735","0.5147054592605666556437427061609923840","0.67010518779822469959128738992149010","0","0","1.01299379589769556","0.6727904312296330013865","SNED1;PGAP1;FN1;ILDR2;LAMC2;GULP1;ZDBF2;TMEM37;COL3A1;XKR9;LGSN;KIF26B;AKT3;COL5A2;ADORA1;PI15;LHX4"
"FUS","FUS 26573619 Chip-Seq HEK293 Human","10/428","0.5164432268922100055519308625662233680","0.67119624958464918496048312590573914","0","0","1.02357021290260430","0.6763648743449446332221","TLE4;ARRDC4;HMGN5;KHDRBS3;SEMA3C;UNC5B;ABI3BP;NCOA7;FSTL1;CXCL2"
"MECOM","MECOM 23826213 ChIP-Seq KASUMI Mouse","35/1527","0.5182636751987339529534892790252342820","0.67239078556218345728012764084269293","0","0","1.00343220715855819","0.6595270314663977950786","ACHE;SLFN5;CDKN1B;ATP8A1;SRXN1;MPL;N4BP2L1;CXCL2;NUDT3;SYNE1;PLAC8;PPP3CA;NWD1;HMGN5;SERTAD1;GCNT2;TNFSF10;FLNB;SRGN;BTBD19;UNC13A;CENPW;ARL15;TESC;RFX3;TMC8;ACSL5;NFATC1;L1CAM;TMEM154;MLLT11;GFI1B;IL6;TMEM217;TXNIP"
"TAL1","TAL1 30185409 ChIP-Seq K562 Mouse BoneMarrow Leukemia","22/957","0.5197375111598415697855557482398580760","0.67313226271743364925725927605526522","0","0","1.00651791751183239","0.6586969108442662923508","ARL15;TESC;HPCAL1;NEDD4L;HSPB1;L1CAM;TUBB4B;SMAD6;CYP3A5;DHRS3;MYLK;STK31;TGFBR3;IGSF10;RAB20;CDC42EP3;ALDH1A1;NABP1;SPRY1;MDGA1;NTSR1;PHF19"
"STAT3","STAT3 22323479 ChIP-Seq MACROPHAGE Mouse","1/32","0.5230113175409014658612250059377402067","0.67619834122272526322205976612167433","0","0","1.38030560271646863","0.8946480792469500009645","SOCS3"
"TBP","TBP 23326641 ChIP-Seq C3H10T1-2 Mouse","14/607","0.5241957223608870730657827152754180133","0.67655710879104113963933286868268624","0","0","1.00990106547798031","0.6522851490962584541933","GAMT;ACHE;MIDN;ANKRD24;TNFRSF12A;GRIK5;NEDD4L;NFATC1;HSF2BP;RHOF;NR3C1;SMAD6;RND3;NFATC4"
"LYL1","LYL1 30185409 ChIP-Seq K562 Mouse BoneMarrow Leukemia","22/960","0.5257831352925582679702642963093239814","0.67743388415932381807493811720632948","0","0","1.00313702423841411","0.6448831291870712467684","ARL15;TESC;HPCAL1;NEDD4L;HSPB1;L1CAM;TUBB4B;SMAD6;CYP3A5;DHRS3;MYLK;STK31;TGFBR3;IGSF10;RAB20;CDC42EP3;ALDH1A1;NABP1;SPRY1;MDGA1;NTSR1;PHF19"
"SALL1","SALL1 21062744 ChIP-ChIP HESCs Human","2/77","0.5280833446813401055308645482000429183","0.67922443988324088248731413841596805","0","0","1.14098168498168495","0.7285181270691910571102","TLE4;MTNR1A"
"HNFA","HNFA 21074721 ChIP-Seq CACO-2 Human","36/1578","0.5296428615659973804241644756984896958","0.68005778782828585349307104479521513","0","0","0.99823470151667804","0.6344304060822977264777","SLC44A5;TINAGL1;COL13A1;TACSTD2;MPL;ILDR2;NEXN;KLHDC7A;TXNDC12;LAMC2;CTSS;IFI44L;CDC20;FHAD1;SLC22A15;AKT3;DCDC2B;SFN;HES4;BTBD19;UNC5B;NEBL;MYEOV;FZD8;DHRS3;MPP7;TGFBR3;TMEM54;KIF26B;GIPC2;DPYD;TCEA3;RBM20;RHOU;LHX4;CHST3"
"TBL1","TBL1 22424771 ChIP-Seq 293T Human","36/1579","0.5312367141159249905868477981130126864","0.68093228304206199208437055858667009","0","0","0.99753233898242477","0.6309866548044277267948","SLC44A5;GRAMD1B;TINAGL1;NNMT;MAML2;COL13A1;TACSTD2;PPM1H;NEXN;KLHDC7A;LAMC2;FHAD1;RAB20;SLC22A15;CCND2;AKT3;SLC38A4;CCDC73;HES4;UNC5B;NEBL;MYEOV;FZD8;DHRS3;MPP7;TGFBR3;TMEM54;KIF26B;GIPC2;DPYD;TCEA3;RBM20;RHOU;LHX4;SHANK2;CHST3"
"TP63","TP63 19390658 ChIP-ChIP HaCaT Human","4/167","0.5323819612095120890060684359923470765","0.68122974796277191433802045139600523","0","0","1.04985170438386222","0.6618202941361732705161","GRIP1;NCOA7;JARID2;NFATC4"
"ILF3","ILF3 29590119 ChIP-Seq K562 Human BoneMarrow Leukemia","16/700","0.5356435709328793981498506582283880562","0.68422962999302749942387436021817848","0","0","1.00033151662224351","0.6244932800028665242920","ARRDC4;MPP7;FOSL1;SOCS2;CDC20;TGFBR3;HOXB9;CCND2;REEP4;UBE2S;INAFM1;DLC1;ALDH1A2;MAP7;NCOA7;PAK4"
"TFAP2A","TFAP2A 35110662 ChIP-Seq HEPM Human Embryo","26/1144","0.5406220421812863996535725163994356990","0.68940862131152069736117482534609735","0","0","0.99417255706037877","0.6114507917958100779998","MIDN;CXCL8;RHOBTB2;TUBB3;MGAT5B;PSD3;PIM3;FAM47E;SYNPO;KIAA0319;HES4;CCDC14;CAVIN3;TUBB4B;RGMB;SMAD6;NFATC4;BCAN;NBEA;DLC1;COL7A1;PLSCR4;NME9;RIN1;MDGA1;NECTIN3"
"HTT","HTT 18923047 ChIP-ChIP STHdh Human","7/304","0.5449898655981829653782710920495446771","0.69379255927686778182561511130188592","0","0","1.00802095024317251","0.6118567009101470999255","SNED1;MPL;TACSTD2;OXR1;RASGRP3;TMEM45A;CCDC73"
"EBNA1","EBNA1 20929547 Chip-Seq RAJI-cells Human","35/1553","0.5600511243203036837456920693512074649","0.71175151404249847875149725950905122","0","0","0.98482506915434997","0.5709298857305673546847","ACHE;TPH1;C1S;RASGRF1;TMEM59L;PLA2G3;NEXN;ZDHHC21;CLDN1;LIPA;CXCL2;BACH2;CTSS;NCALD;RASGRP3;NPW;HSD17B2;CCL2;HORMAD2;GYG2;ARRDC4;ACSL5;EMP3;PCDHB10;DEXI;HIC1;GFAP;TGFBR3;TUBB2A;HOXB3;TXNIP;MAP6D1;COL9A3;CD200;SDK2"
"NMYC","NMYC 18555785 Chip-Seq ESCs Mouse","34/1510","0.5620234323443035195921879676461685449","0.71282886992814120663553012491320260","0","0","0.98387117440914362","0.5669181168112346069776","SNED1;EHF;PGAP1;IER5L;ILDR2;LAMC2;BAZ2B;RND3;ZDBF2;PDE11A;SLC22A15;COBLL1;AKT3;ADORA1;PMEPA1;CCDC73;JAG1;NEBL;KCNJ9;SMOX;FN1;BMP7;GULP1;TMEM37;COL3A1;XKR9;NR4A3;LGSN;KIF26B;MALL;COL5A2;PI15;LHX4;LGR4"
"RUNX1","RUNX1 22343733 ChIP-Seq Kasumi1 Human PeriphBlood AML","9/399","0.5628099254526477412952090162434615195","0.71282886992814120663553012491320260","0","0","0.98658997252747238","0.5671050556673649101214","HSH2D;ENDOG;CCDC120;NEBL;PTGER1;UBE2S;HPCAL1;NUDT3;TMEM154"
"CHD1","CHD1 26751641 Chip-Seq LNCaP Human","37/1647","0.5686668109837090812064275269221980125","0.71781922382420160211324855481507257","0","0","0.98124963028689738","0.5538767411446726685043","MIDN;SATB1;TACSTD2;IER5L;NEDD4L;HSPB1;EFNA5;TFPI;PBLD;PPP3CA;SLC22A15;SH3TC2;PMEPA1;SFN;FLNB;HBQ1;TBL1X;PHLDA2;RIMKLB;ANKRD34A;JAG1;CENPW;HMGA1;RGMB;DHRS3;KLF16;NFATC4;FOSL1;TGFBR3;CLDN4;KIF26B;CLDN7;CDC42EP3;TXNIP;SPRY1;PRKD1;LHX4"
"SOX2","SOX2 19030024 ChIP-ChIP MESCs Mouse","14/625","0.5686744789277522471593329100869596004","0.71781922382420160211324855481507257","0","0","0.97921846656297440","0.5527170255161998335680","RTP4;ITGA1;NEXN;SHROOM3;BAZ2B;RHOF;DEXI;NFATC4;EFNB2;CALB2;TGFBR3;MTNR1A;PRRG2;JARID2"
"AR","AR 20517297 ChIP-Seq VCAP Human","36/1604","0.5706570552374845561871552490629255772","0.71845086472296959545502659238991328","0","0","0.98026443356439963","0.5498958549417063412790","EHF;TPH1;DOCK4;NNMT;ATP8A1;SRXN1;RASGRF1;ZDHHC21;CXCL1;BAZ2B;IQGAP2;CXCL2;RND3;FHAD1;SOCS3;NWD1;SLC22A15;TRIM2;MGAT5B;TP53INP1;POC1A;CHST13;FAM47E;GSTM2;EGLN3;HPCAL1;RFX3;HMGA2;NEB;CDYL2;FRMD3;TMEM37;PI15;TXNIP;SPRY1;PRKD1"
"CHD1","CHD1 19587682 ChIP-ChIP MESCs Mouse","14/626","0.5711010224942640878253996561397798359","0.71845086472296959545502659238991328","0","0","0.97756679797577417","0.5476223262549513304265","TLE4;TMEM160;TXNDC12;SLC2A3;EMP3;MIF4GD;NFATC4;GJB3;UBE2S;TMSB4X;PRRG2;GCNT2;TXNIP;TMEM45A"
"SPI1","SPI1 26923725 Chip-Seq HPCs Mouse","33/1473","0.5737979232294899700761448002594988793","0.71941722811630171019459112358163111","0","0","0.97844437893081759","0.5435043216020801759569","HRK;KRT80;COL13A1;CCDC146;PLA2G3;N4BP2L1;SOCS3;GRIP1;RAB20;CCND2;ADORA1;TNFSF10;TNFAIP8L1;REPS2;SLC16A8;FAM47E;HORMAD2;JARID2;NTSR1;ARRDC4;EGLN3;RHOF;MIF4GD;KLF16;TUBB2A;VGF;CLCF1;COL9A3;NOTUM;RIN1;LIMS2;CHST3;CAPS2"
"FLI1","FLI1 26923725 Chip-Seq MACROPHAGESS Mouse","33/1473","0.5737979232294899700761448002594988793","0.71941722811630171019459112358163111","0","0","0.97844437893081759","0.5435043216020801759569","SLFN5;COL13A1;C1S;PTGER1;MPL;IQGAP2;CLDN1;FHAD1;SOCS3;PPP3CA;SYCE2;RAB20;MGAT5B;PSD3;GCNT2;ADORA1;SFN;SYNPO;ARRDC4;SRGN;NTRK2;GSTM2;EGR4;RIPK4;HPCAL1;CACNA2D4;MIF4GD;MPP7;GFI1B;VGF;CDH13;ALPK2;PHF19"
"SPI1","SPI1 20176806 ChIP-Seq THIOMACROPHAGE Mouse","27/1209","0.5780058785801323040232091443613171577","0.72347715674627299797805335401790217","0","0","0.97538071065989840","0.5346756534468712906971","HSPB1;CALB2;HSD17B2;GCNT2;CCL2;PIM3;CCIN;GAMT;ABCC3;KDM6B;ENDOG;INCA1;TRAPPC5;KLHDC1;TMC8;OXR1;MIF4GD;TUBB2A;NR4A3;COL7A1;PI15;NCOA7;RHOU;ALPK2;SDK2;CHST3;PLA1A"
"GATA1","GATA1 30185409 ChIP-Seq K562 Mouse BoneMarrow Leukemia","18/810","0.5825745358002364371330372705415356904","0.72797421056444955311803823860827833","0","0","0.97074963760612965","0.5244942267814564074158","ARL15;TESC;HPCAL1;NEDD4L;L1CAM;TUBB4B;SMAD6;CYP3A5;DHRS3;STK31;TGFBR3;IGSF10;RAB20;CDC42EP3;ALDH1A1;NABP1;SPRY1;MDGA1"
"ESR1","ESR1 22217937 ChIP-Seq MCF-7 Human BreastCancer","3/133","0.5889155501791888402962626969383563846","0.73466722480547641538350944756530225","0","0","0.98676719756014919","0.5224660791368179735272","HSPB1;DHRS3;PAK4"
"BCOR","BCOR 27268052 Chip-Seq Bcells Human","35/1573","0.5914837087232295287364536306995432824","0.73542533909832974448050890714512207","0","0","0.97093997867606718","0.5098611067783778150186","SERPINA1;CCDC120;SATB1;WFDC1;NRXN2;ALOX12B;BAZ2B;SOCS3;SYCE2;HOXA9;SERTAD1;RAB26;HOXA3;SFN;CA9;HORMAD2;GAMT;EGLN3;LRRC46;RIPK4;HPCAL1;TMC8;SHROOM3;IL17RE;ARID3C;KLF16;IGSF10;GFI1B;CLCF1;TCEA3;PAEP;NCOA7;HOXB8;CD24;CHST3"
"CEBPA","CEBPA 23403033 ChIP-Seq LIVER Mouse","10/454","0.5916780450236855948276115668704733253","0.73542533909832974448050890714512207","0","0","0.96232138178446902","0.5050191735669886661242","ABCC3;CDKN1B;NNMT;CCDC85B;SYNPO2;ITGA1;FZD8;SMAD6;LGR4;TMEM154"
"STAT1","STAT1 19122651 ChIP-Seq HeLaS3 Human CervicalCancer","77/3434","0.5926595087877669643106059993442613631","0.73542533909832974448050890714512207","0","0","0.97700170891930438","0.5111040127878012651053","ACHE;SRXN1;SLC2A3;IL1RAP;NR3C1;CXCL2;IFI44L;CDC20;HMGN5;ZNRD2;TUBB3;PSD3;ADORA1;PMEPA1;PHLDA2;SYNPO;TRIM22;GRAMD2B;H2AC6;UNC5B;LIMCH1;RFX3;KRT7;SHROOM3;RHOF;TMEM37;CLDN4;VGF;DPYD;PLSCR4;TXNIP;NCOA7;RIN1;HOXB6;KDM7A;TOR4A;SLFN5;NNMT;C1S;PPM1H;IER5L;PLA2G3;BAZ2B;DEPP1;RHOBTB2;SOCS2;SOCS3;LIMA1;PDE11A;RAB20;GCNT2;H3C1;POC1A;CCL2;TBL1X;RIMKLB;ZNF585A;H4C8;CAVIN2;PLK2;STYK1;KLHDC1;SMAD6;OXR1;DHRS3;NFATC4;FOSL1;MLLT11;IL6;XKR9;NR4A3;TCIM;CREBRF;MAP6D1;NABP1;CD24;SSBP2"
"ELF5","ELF5 23300383 ChIP-Seq T47D Human","19/860","0.5934665605056226311830869235564023256","0.73542533909832974448050890714512207","0","0","0.96465395077614724","0.5033317454333752216655","EHF;PRKCH;SRXN1;KCNJ9;ARL15;MYEOV;NTN4;FZD8;OXR1;BMP7;HIC1;PLAC8;LIMA1;HSH2D;RAB26;DMXL2;TNFSF10;PIM3;SSBP2"
"NFYA","NFYA 21822215 ChIP-Seq K562 Human","35/1579","0.6007620571901512995793837035307660699","0.74323133443425015709493663962348364","0","0","0.96684459641971365","0.4926617884259685276049","SLC44A5;EHF;TINAGL1;COL13A1;TACSTD2;NTN4;MPL;NEXN;KLHDC7A;LAMC2;IFI44L;FHAD1;GRIP1;SLC22A15;AKT3;SFN;SLC38A4;HES4;BTBD19;UNC5B;NEBL;MYEOV;DHRS3;MPP7;TGFBR3;TMEM54;GJB3;KIF26B;GIPC2;DPYD;TCEA3;RHOU;PRKD1;LHX4;SHANK2"
"TTF2","TTF2 22483619 ChIP-Seq HELA Human","28/1272","0.6097625489502908058270236324460711330","0.75311732039224654755571464193053544","0","0","0.96008064818354200","0.4749381306490902954209","NEXN;RND3;HOXA9;SERTAD1;TMEM88;CCDC85B;RAB26;TBL1X;ZNF585A;TLE4;KDM6B;NIPSNAP3B;FZD8;L1CAM;SMAD6;FOSL1;BCAN;TMEM37;HOXB9;TUBB2A;VGF;UBE2S;HOXB3;TXNIP;RHOU;SSBP2;DSC2;HOXB5"
"SOX2","SOX2 21211035 ChIP-Seq LN229 Human","35/1590","0.6175666362836339517983219593588728458","0.76149538953320816681014093774138018","0","0","0.95941847884061504","0.4624092963940534817269","DDC;CCDC120;DNAH5;IER5L;CXCL1;RND3;CDC20;EFNB2;MGAT5B;SFN;SRGAP3;RHBG;PCDHAC2;HLA-DPA1;GAMT;SUN2;ENDOG;STYK1;HMGA1;ARAP2;TMC8;KRT7;OXR1;NFATC4;TMEM37;GFI1B;TUBB2A;GIPC2;MAP6D1;RBM20;PRKD1;ALPK2;INHA;HOXB6;PHF19"
"RUNX1","RUNX1 27514584 ChIP-Seq MCF-7 Human BreastCancer","31/1413","0.6206606472785192174512758356286212802","0.76396054814014113798492644491489045","0","0","0.95627721951584077","0.4561163181816882961073","DOCK4;KRT80;TLNRD1;RASEF;LAMC2;BAZ2B;RND3;SYNE1;LIMA1;ALCAM;COBLL1;TBL1X;EGLN3;ENDOG;PRKCH;TNFRSF12A;CCDC14;SMAD6;OXR1;DHRS3;NFATC4;FOSL1;BCAN;CLDN3;C2CD4D;DMXL2;DOK7;HOXB4;SSBP2;KDM7A;CAPS2"
"CIITA","CIITA 18437201 ChIP-ChIP Raji B And iDC Human","1/42","0.6216140116904365076067051631980575621","0.76396054814014113798492644491489045","0","0","1.04311082584510051","0.4959323748136232890005","MYLK"
"EWS-FLI1","EWS-FLI1 20517297 ChIP-Seq SK-N-MC Human","10/470","0.6351926436275728837799192660895641893","0.77936465813514699263464535761158913","0","0","0.92807119929967918","0.4211837220460468711458","TGFBR3;IGSF10;PI15;SHROOM3;KLHDC7A;KIF12;GYG2;SYNPO;MDGA1;NCALD"
"NCOR","NCOR 22465074 ChIP-Seq MACROPHAGES Mouse","35/1604","0.6385340854633813068019776437722612172","0.78115324522304618870549575149198063","0","0","0.95011765274467697","0.4262039869101713063237","SNED1;SLFN5;ECM1;PGAP1;COL13A1;ATP8A1;PPM1H;PLA2G3;N4BP2L1;IQGAP2;LIPA;HIF1A;SYNE1;PLAC8;SOCS2;MRPL2;ALCAM;CCND2;CCL2;GAMT;SUN2;JAG1;EGR3;EGR4;SMOX;PLK2;HPCAL1;NFATC1;INHBA;GFAP;PARP8;TMEM37;MARCKS;CLCF1;LHX4"
"GLI1","GLI1 17442700 ChIP-ChIP MESCs Mouse","1/44","0.6387446107051718557912067808501888067","0.78115324522304618870549575149198063","0","0","0.99449204406364744","0.4457816303378150935011","GPC3"
"RUNX1","RUNX1 22412390 ChIP-Seq EML Mouse","34/1561","0.6413544121236540718200558330863714218","0.78306119712642541230707138311117887","0","0","0.94832649813212455","0.4212210918746138732516","ANKRD37;SYNPO2;IQGAP2;NUDT3;CTSS;PPP3CA;GRIP1;CCND2;TUBB3;TMSB4X;FLNB;SRGAP3;TBL1X;GAMT;PDGFRB;KDM6B;SUN2;BTBD19;EGLN3;PRKCH;LRRC46;EGR3;TNFRSF12A;HMGA1;SHROOM3;EMP3;RHOF;DHRS3;NFATC4;TUBB2A;TMEM158;CDC42EP3;DOK7;NOTUM"
"IRF4","IRF4 20064451 ChIP-Seq CD4+T Mouse","17/795","0.6454616093380608488061511707201134413","0.78467427592610405895356961991637945","0","0","0.93189121290021038","0.4079722298671150659821","SLFN5;TESC;MYEOV;SYT16;NEB;LAMC2;NR3C1;SMAD6;BACH2;PPP3CA;COBLL1;GIPC2;MAP7;CCL2;SPRY1;KIAA0319;TMEM45A"
"CBP","CBP 20019798 ChIP-Seq JUKART Human","17/795","0.6454616093380608488061511707201134413","0.78467427592610405895356961991637945","0","0","0.93189121290021038","0.4079722298671150659821","SLFN5;TESC;MYEOV;SYT16;NEB;LAMC2;NR3C1;SMAD6;BACH2;PPP3CA;COBLL1;GIPC2;MAP7;CCL2;SPRY1;KIAA0319;TMEM45A"
"PU.1","PU.1 20513432 ChIP-Seq Bcells Mouse","33/1520","0.6472833774719162214239531749626621604","0.78467427592610405895356961991637945","0","0","0.94505843092969255","0.4110730991705418002624","SLFN5;KRT80;PGAP1;ILDR2;NRXN2;NR3C1;SOCS3;HOXA9;NWD1;SLC22A15;TMEM88;RAB26;AKT3;PIM3;CCIN;GAMT;KDM6B;SUN2;ENDOG;KLHDC1;ARAP2;FOXL1;HIC1;FOSL1;TUBB2A;NR4A3;CLCF1;CAMK4;COL7A1;CLDN7;TXNIP;CHST3;PHF19"
"CEBPB","CEBPB 22108803 ChIP-Seq LS180 Human","34/1565","0.6473071985247177417832631363125983626","0.78467427592610405895356961991637945","0","0","0.94563883059790321","0.4112907558835609544978","SNED1;EHF;GAL3ST1;SATB1;TACSTD2;PPM1H;ILDR2;HSPB1;NRXN2;ALOX12B;LIPA;CXCL2;LIMA1;SLC22A15;SERTAD1;MAP7;JARID2;CCDC73;SRGN;TRAPPC5;FZD9;ACSL5;EBF2;HMGA2;SHROOM3;PRSS35;FRMD3;IGSF10;CLDN4;SMTN;KIF26B;COL7A1;TCEA3;CAPS2"
"CDKN2AIP","CDKN2AIP 20523734 ChIP-Seq CORTICAL Neurons","2/96","0.6479347908451474902236100206209812313","0.78467427592610405895356961991637945","0","0","0.90946925415010516","0.3946780241468315075792","MAML2;SHROOM3"
"NKX2-5","NKX2-5 21415370 ChIP-Seq HL-1 Mouse","21/980","0.6511440015275390402749167151341680437","0.78728269876749445987940134727978148","0","0","0.93336904841625923","0.4004381526604081087406","TPH1;DDC;JAG1;SEMA3C;RASGRF1;NEXN;TXNDC12;CXCL1;FSTL1;DEXI;BCAN;NT5E;IL6;CCDC85B;DLC1;PDK4;CDH13;JARID2;PHLDA2;RIN1;LIMS2"
"LDB1","LDB1 21186366 ChIP-Seq BM-HSCs Mouse","31/1435","0.6550321730746310189275050106516573578","0.79070226717423097717585278587648645","0","0","0.94015254872062382","0.3977512087623625847144","ACHE;ECM1;DDC;KIF12;ZDHHC21;HIF1A;SLC25A27;NT5E;TMEM88;CCDC85B;TMSB4X;PDK4;SLC38A4;ABCC3;KDM6B;PRKCH;KLHDC1;PRSS35;EMP3;MIF4GD;COL3A1;SMTN;GFI1B;IL6;TUBB2A;REEP4;CAMK4;KIF26B;ALDH1A1;PPEF1;RIN1"
"SMAD1","SMAD1 18555785 Chip-Seq ESCs Mouse","32/1483","0.6593824330212286755070749677543062717","0.79466768179941282834732874107430689","0","0","0.93881542141322416","0.3909711745442565056230","SNED1;EHF;PGAP1;SRXN1;CFI;IER5L;ILDR2;LAMC2;RND3;ZDBF2;AKT3;ADORA1;PMEPA1;CCDC73;JAG1;KCNJ9;SMOX;EGF;FN1;NEB;GULP1;TMEM37;COL3A1;XKR9;LGSN;KIF26B;MALL;COL5A2;PI15;TXNIP;LHX4;LGR4"
"AF4","AF4 26711339 ChIP-Seq SEM Human Blood Leukemia","65/2966","0.6640676156574775168550672788114752620","0.79880287082811263221771014286787249","0","0","0.95122899211390877","0.3894058527907511280119","ANKRD37;MIDN;PGAP1;CDKN1B;ZNF493;ATP8A1;TXNDC12;N4BP2L1;SLC2A3;MSI2;NR3C1;BACH2;NUDT3;CTSS;MYLK;ZDBF2;PPP3CA;ALCAM;TUBB3;TMSB4X;AKT3;PSD3;HOXA3;PIM3;JARID2;TLE4;SRGN;PRKCH;UNC5B;ARL15;SLC2A13;GAB1;ARAP2;RFX3;CACNA2D4;RHOF;RGMB;KLF16;PARP8;HSH2D;CDC42EP3;DPYD;SATB1;NEXN;BAZ2B;HIF1A;PCDH18;LPP;PBLD;RASGRP3;LIMA1;NT5E;GCNT2;IGFBP7;SLC25A21;NIPSNAP3B;CCDC14;HMGA2;TMEM154;MARCKS;DMXL2;SSBP2;ZNF730;LIMS2;PHF19"
"NANOG","NANOG 18555785 ChIP-Seq MESCs Mouse","8/388","0.6649552048046353247556794485717546195","0.79880287082811263221771014286787249","0","0","0.89851131168678933","0.3666246037803080892736","TLE4;TGFBR3;ANKRD37;GJB3;SLC2A13;FZD8;LPP;DHRS3"
"IRF8","IRF8 22096565 ChIP-ChIP GC-B Human","3/150","0.6696976177645370675861613563029095531","0.80320646760827119070569324321695603","0","0","0.87188708082351885","0.3495648025589091489884","RTP4;INHBA;LIPA"
"MAF","MAF 26560356 Chip-Seq TH1 Human","35/1631","0.6774738783420723997608092759037390351","0.81122875319933551718776243433239870","0","0","0.93264114076660842","0.3631558018230525153314","SLFN5;MIDN;CDKN1B;MAML2;SATB1;IQGAP2;HIF1A;SOCS2;CDC20;FHAD1;ALCAM;CCND2;TMEM88;CCDC85B;RAB26;TMSB4X;TNFSF10;SFN;CCIN;JARID2;HES4;KDM6B;SRGN;ANKRD34A;BTBD19;TMC8;ACSL5;RHOF;L1CAM;DHRS3;KLF16;C2CD4D;CLCF1;COL7A1;TXNIP"
"PCGF2","PCGF2 27294783 Chip-Seq NPCs Mouse","7/346","0.6798517173184618345160856733855325729","0.81239870606403952191243433844647370","0","0","0.88120616191412648","0.3400403337188721564210","ZDBF2;SNED1;COL3A1;PGAP1;COL5A2;FN1;GULP1"
"ETV1","ETV1 20927104 ChIP-Seq GIST48 Human","34/1588","0.6806289427480224363264937892381567508","0.81239870606403952191243433844647370","0","0","0.93045324960218578","0.3579807153457673640773","SLC44A5;TINAGL1;TACSTD2;MPL;ILDR2;NEXN;KLHDC7A;LAMC2;BAZ2B;RND3;IFI44L;RASGRP3;FHAD1;SLC22A15;COBLL1;AKT3;SFN;HES4;BTBD19;HPCAL1;NEB;DHRS3;TGFBR3;TMEM37;TMEM54;GJB3;KIF26B;GIPC2;CDC42EP3;DPYD;TCEA3;COL5A2;RHOU;LHX4"
"SMC4","SMC4 20622854 ChIP-Seq HELA Human","33/1544","0.6824648895556214567292840911250095814","0.81293326496283757620631149620749056","0","0","0.92881135821585104","0.3548469896263020117999","DOCK4;DNAH5;IER5L;NRXN2;KLHDC7A;ALOX12B;EFNA5;CTSS;FHAD1;SOCS3;LIMA1;NPW;MGAT5B;POC1A;CCIN;SOX8;CA9;SYNPO;RHBG;NTSR1;SUN2;ENDOG;RFX3;IL17RE;BMP7;GFI1B;TMEM158;KIF26B;CLDN7;TCEA3;COL9A3;HOXB8;RIN1"
"SOX17","SOX17 20123909 ChIP-Seq XEN Mouse","29/1363","0.6832562428038861934709302659030072391","0.81293326496283757620631149620749056","0","0","0.92487809833401058","0.3522724879393324126653","EHF;DDC;CDKN1B;IER5L;TMEM160;KIF12;LPP;CDC20;EFNB2;FHAD1;MRPL2;RAB20;CCND2;SH3TC2;GCNT2;SLC38A4;EGF;STYK1;GAB1;TMEM154;TGFBR3;MARCKS;IL6;GIPC2;CDC42EP3;DPYD;SP5;LIMS2;TLR3"
"JUN","JUN 27471255 ChIP-Seq Chondrocytes Mouse Rib","91/4145","0.6856372071370738785489606925693806261","0.81446712822333944270525307729258202","0","0","0.94994823974702181","0.3585167768687064770994","ANKRD37;ECM1;DOCK4;PGAP1;CDKN1B;N4BP2L1;NUDT3;MYLK;SYNE1;CDC20;GRIP1;MRPL2;HMGN5;CCND2;TMEM88;TMSB4X;AKT3;PSD3;PMEPA1;SOX8;JARID2;SYNPO;ENPP5;SEMA6B;SUN2;ENDOG;UNC13A;LRRC46;UNC5B;LIMCH1;SLC2A13;RFX3;MIF4GD;CDYL2;TUBB2A;VGF;ALDH1A2;TXNIP;CDH13;NCOA7;TOR4A;GRAMD1B;FOXC2;SATB1;IER5L;IQGAP2;HIF1A;FSTL1;NCALD;RASGRP3;SOCS2;SLC25A27;LIMA1;SYCE2;RAB20;ABI3BP;PRRG2;H3C1;MAP7;FLNB;IGFBP7;TBL1X;TCEAL9;H4C8;NTRK2;CENPW;NEBL;H2BC6;PLK2;TRAPPC5;FN1;FZD9;LCA5;NFATC1;OXR1;BMP7;DHRS3;TMEM154;GULP1;TRMT9B;MARCKS;IL6;TMEM54;NBEA;UBE2S;CLCF1;DMXL2;CREBRF;SPRY1;NOTUM;LIMS2"
"NFYB","NFYB 21822215 ChIP-Seq K562 Human","34/1594","0.6890529541498882082350974087603390217","0.81722337646393738985750587744405493","0","0","0.92656543613990439","0.3450873943927681986032","SLC44A5;GRAMD1B;TINAGL1;COL13A1;TACSTD2;MPL;ILDR2;NEXN;KLHDC7A;LAMC2;CTSS;IFI44L;FHAD1;SLC22A15;CCND2;AKT3;SFN;SLC38A4;HES4;UNC5B;NEBL;MYEOV;DHRS3;MPP7;TGFBR3;KITLG;TMEM54;KIF26B;GIPC2;DPYD;TCEA3;RHOU;LHX4;SHANK2"
"TDRD3","TDRD3 21172665 ChIP-Seq MCF-7 Human","10/493","0.6931657694812404235662484097701963037","0.82079629211588156501022695010760799","0","0","0.88281202958763505","0.3235383402256142293396","PLAC8;EGLN3;CDC42EP3;DOK7;FZD9;CDH13;HSF2BP;MSI2;HOXB8;NTSR1"
"ELF1","ELF1 20517297 ChIP-Seq JURKAT Human","17/821","0.6962787828077351415245743737614247948","0.82317586683767096644714911235496402","0","0","0.90050599276345544","0.3259878059374541892090","HRK;LRRC46;GRIK5;TMC8;CTSS;TMEM54;SERTAD1;RAB26;CLCF1;KIF26B;PRRG2;CLDN7;HORMAD2;HOXB8;RHBG;CHST3;PAK4"
"KAP1","KAP1 22055183 ChIP-Seq ESCs Mouse","21/1009","0.7021684120151262531450697679247241467","0.82882537241025988627995957358507439","0","0","0.90455883445381280","0.3198357223221926504131","SEMA6B;ACHE;TPH1;SAMD9L;ENDOG;C1S;PTGER1;EGF;FZD9;GAB1;SHROOM3;LAMC2;IL17RE;PBLD;STK31;NWD1;TCEA3;IGFBP7;ALPK2;JARID2;PLA1A"
"POU5F1","POU5F1 18555785 ChIP-Seq MESCs Mouse","8/403","0.7053101618089164803748758458823431283","0.83121861091540549804079773821285926","0","0","0.86371401990358321","0.3015377891125936571370","TLE4;TGFBR3;DLL4;GCNT2;PPM1H;FZD8;SHROOM3;HORMAD2"
"BCL6","BCL6 27268052 Chip-Seq Bcells Human","33/1563","0.7089882118953630962820966487925034016","0.83423534081063233092123709866427816","0","0","0.91631058083610795","0.3151342169730020348339","RTP4;SERPINA1;CCDC120;COL13A1;MPL;WFDC1;HSF2BP;BAZ2B;LIPA;BACH2;SYCE2;HOXA9;RAB26;HOXA3;CHST13;HORMAD2;SYNPO;HES4;SEMA6B;LRRC46;RIPK4;HPCAL1;SHROOM3;NEB;ARID3C;GFI1B;CLCF1;PAEP;RBM20;NCOA7;HOXB8;CHST3;PHF19"
"ELK1","ELK1 19687146 ChIP-ChIP HELA Human","14/691","0.7148907374376081147460126885562203825","0.83853536183719445951112447801278904","0","0","0.88067460013137233","0.2955769082582188067576","LRRC46;LAMC2;TFPI;NCALD;FOSL1;MLLT11;HOXA9;RAB20;SLC22A15;SERTAD1;PRRG2;PI15;ZNF547;ZNF585A"
"MEF2A","MEF2A 21415370 ChIP-Seq HL-1 Mouse","14/691","0.7148907374376081147460126885562203825","0.83853536183719445951112447801278904","0","0","0.88067460013137233","0.2955769082582188067576","KLHDC1;NTN4;NEDD4L;WFDC1;SHROOM3;FOXL1;LPP;DHRS3;RASGRP3;LIMA1;KIF26B;PDK4;CDH13;RHOU"
"RUNX","RUNX 20019798 ChIP-Seq JUKART Human","10/505","0.7210614324542719000277202212600968778","0.84338416069938337837896824566996656","0","0","0.86086818972725010","0.2815305340027735581110","TLE4;TGFBR3;PPP3CA;PRKCH;SP5;MSI2;IQGAP2;NR3C1;SSBP2;BACH2"
"GRHL2","GRHL2 25758223 ChIP-Seq PLACENTA Mouse","16/788","0.7212856494989364763981143369164783508","0.84338416069938337837896824566996656","0","0","0.88216841140601321","0.2882220942502725091749","PRKCH;RASGRF1;FZD9;NEXN;NEB;BAZ2B;IQGAP2;OXR1;CLCN1;FOSL1;MGAT5B;ANKRD31;CHST13;SPRY1;SRGAP3;ZNF585A"
"TAF7L","TAF7L 23326641 ChIP-Seq C3H10T1-2 Mouse","11/554","0.7241830574716210389141224368358962238","0.84544688712649340711635659317835234","0","0","0.86300159386897246","0.2785001735891522445243","NR4A3;TNFRSF12A;SH3TC2;COBLL1;PDK4;TXNIP;FZD8;NABP1;PIM3;TXNDC12;SSBP2"
"GATA3","GATA3 26560356 Chip-Seq TH1 Human","32/1539","0.7379458141276884486359222137252800167","0.86016808959258683753290597451268695","0","0","0.90113119169366485","0.2738401437533100057919","PIWIL1;TINAGL1;DNAH5;CCDC146;N4BP2L1;ZDHHC21;LAMC2;MSI2;HIF1A;SYNE1;PBLD;AKT3;ANKRD31;TNFSF10;POC1A;PHLDA2;ENPP5;ZNF585A;TLE4;TMEM132B;HMGA1;RFX3;RGMB;SMAD6;DHRS3;VGF;GIPC2;SIDT1;NCOA7;ALPK2;RAPGEF5;LIMS2"
"IRF8","IRF8 21731497 ChIP-ChIP J774 Mouse","4/219","0.7403364237027879601882318638672586530","0.86160838078358781277898970074602403","0","0","0.79379844961240309","0.2386559559202973690439","RTP4;SH3BGRL;CTSS;PARP8"
"ERG","ERG 20517297 ChIP-Seq VCAP Human","17/853","0.7526847434501284794805542333051562309","0.87461498226447953463491558068199083","0","0","0.86455795998260110","0.2456285299401094746052","HRK;LCA5;SHROOM3;NRXN2;LAMC2;SLC2A3;IQGAP2;OXR1;CXCL2;KLF16;FOSL1;SOCS3;SYCE2;CHST13;FAM47E;PHLDA2;DSC2"
"MYC","MYC 22102868 ChIP-Seq BL Human","11/569","0.7551501661088656502940352766017895192","0.87611512273283642660004488789127208","0","0","0.83913962421846122","0.2356628425850640085049","KDM6B;NR4A3;TUBB3;HMGA1;TMC8;NFATC1;PIM3;ZNF524;EMP3;RHOF;KLF16"
"TBX2","TBX2 30127528 ChIP-Seq KELLY Human Brain Neuroblastoma","51/2425","0.7590720677664178905885705717082601041","0.87929776794060199307523362222127616","0","0","0.90846547781591203","0.2504262810185391430196","HRK;MIDN;TLNRD1;PJVK;SYNE1;ZNRD2;PSD3;PIM3;JARID2;SYNPO;TIGD1;SUN2;PRKCH;SHROOM3;RGMB;KLF16;CDC42EP3;NCOA7;KDM7A;TMEM45A;DDC;SEMA3C;SATB1;CCDC146;IER5L;LPP;DEPP1;SOCS2;EFNB2;LIMA1;PDE11A;MAP2;MGAT5B;SFN;FAM47E;HBQ1;TBL1X;RHBG;KIAA0319;L1CAM;TUBB4B;SMAD6;OXR1;MLLT11;H1-4;MARCKS;NBEA;CAMK4;TCEA3;NABP1;PHF19"
"MYBL2","MYBL2 22936984 ChIP-ChIP MESCs Mouse","29/1419","0.7615336901036394712249943950155284256","0.88078160126715510092054728374932893","0","0","0.88488704363611914","0.2410616946166156127074","TMEM59L;MPL;TXNDC12;EFNA5;CTSS;CDC20;HOXA9;RAB26;TRIM2;HOXA3;GCNT2;SFN;HORMAD2;JARID2;SLC38A4;PAK4;NTRK2;CCDC14;STYK1;GAB1;ACSL5;EMP3;RHOF;DHRS3;NFATC4;MLLT11;MARCKS;TXNIP;CAPS2"
"ERA","ERA 21632823 ChIP-Seq H3396 Human","32/1574","0.7810900220893717271763989629107527435","0.90200179021466142526008979984908365","0","0","0.87896849011978329","0.2171622362955308027654","EHF;DOCK4;KRT80;WFDC1;SLC2A3;IL1RAP;MSI2;LIPA;FSTL1;PLAC8;SOCS3;SYCE2;SLC22A15;RAB26;ADORA1;MAP7;CCIN;ZNF524;HBQ1;ARRDC4;INCA1;FZD8;KRT7;CDYL2;PARP8;TMEM37;HSH2D;UBE2S;CLDN7;TMEM217;MAP6D1;PRKD1"
"CREB1","CREB1 20920259 ChIP-Seq GC1-SPG Mouse","51/2451","0.7846840705284284789300386364629957825","0.90460936472160902166450568984146230","0","0","0.89726293103448274","0.2175630217854851999881","HRK;EHF;MIDN;LIPA;BACH2;MRPL2;ALCAM;TNFAIP8L1;PMEPA1;SLC16A8;CCIN;JARID2;ENPP5;TLE4;KDM6B;UNC13A;TNFRSF12A;UNC5B;TESC;RIPK4;RFX3;EMP3;HIC1;HOXB9;TUBB2A;VGF;DOK7;HOXB4;CDH13;COL13A1;SATB1;IQGAP2;LPP;SOCS3;LIMA1;FLNB;EGR3;SMOX;EGF;PLK2;FN1;L1CAM;OTOP2;OXR1;BMP7;SMTN;UBE2S;CLCF1;COL9A3;MDGA1;SDK2"
"GATA1","GATA1 30185409 ChIP-Seq HPC Mouse BoneMarrow Leukemia","17/874","0.7857732819565719228904754345421679318","0.90460936472160902166450568984146230","0","0","0.84242601039567200","0.2030979372516921732661","ABCC3;EGLN3;ATP8A1;SMOX;TESC;TMEM132B;GAB1;RFX3;EBF2;NFATC1;NEB;SMAD6;HIC1;GFAP;TUBB3;MDGA1;SHANK2"
"SIN3A","SIN3A 21632747 ChIP-Seq MESCs Mouse","18/923","0.7878344441562933342382279988669324666","0.90465149276443634906996749123209156","0","0","0.84442039290703386","0.2013666574489705596296","BTBD19;DOCK4;UNC13A;GAL3ST1;CFI;FN1;GAB1;NRXN2;KLF16;FOSL1;MLLT11;NR4A3;VGF;TUBB3;POC1A;TXNIP;CCIN;RIN1"
"ETS1","ETS1 22383799 ChIP-Seq G1ME Mouse","28/1394","0.7882352148751791132141875095840077847","0.90465149276443634906996749123209156","0","0","0.86850484800704419","0.2066683172580247862538","RTP4;CDKN1B;SRXN1;MPL;HSF2BP;MSI2;PCDH18;LPP;SOCS2;SOCS3;ALCAM;SERTAD1;TMSB4X;ABI3BP;GAMT;KDM6B;ANKRD24;TMC8;RHOF;KLF16;BCAN;IGSF10;COL3A1;VGF;LGSN;ALDH1A1;PI15;DSC2"
"GATA3","GATA3 26560356 Chip-Seq TH2 Human","32/1583","0.7913976971429428353133062046254053712","0.90688584035120645143734918747213669","0","0","0.87343118291804145","0.2043432953345347968810","SLFN5;PGAP1;SEMA3C;SATB1;PLA2G3;N4BP2L1;LAMC2;SLC2A3;IL1RAP;NR3C1;CTSS;PLAC8;SOCS3;NWD1;RAB20;CCND2;GCNT2;TNFSF10;TNFAIP8L1;PHLDA2;ENPP5;PAK4;SRGN;JAG1;RFX3;DHRS3;DCBLD2;GFI1B;CAMK4;TXNIP;NCOA7;SHANK2"
"NR4A2","NR4A2 19515692 ChIP-ChIP MN9D Mouse","2/128","0.7937752290774194863232082752801943570","0.90768479068754837069121776949032210","0","0","0.67737659166230590","0.1564434732114694803773","MARCKS;TUBB2A"
"FLI1","FLI1 26923725 Chip-Seq HEMOGENIC-ENDOTHELIUM Mouse","29/1446","0.7945283757626933063278329427703283727","0.90768479068754837069121776949032210","0","0","0.86673503980371858","0.1993547608824395023230","GRAMD1B;SLFN5;WFDC1;ZDHHC21;NCALD;MYLK;CDC20;EFNB2;PANX2;SOCS3;SERTAD1;CCDC85B;GCNT2;ADORA1;FAM47E;SEMA6B;CCDC14;TRAPPC5;KRT7;MIF4GD;DCBLD2;FOSL1;MTNR1A;COL1A2;DOK7;SPINK13;CDH13;NOTUM;INHA"
"GATA1","GATA1 22383799 ChIP-Seq G1ME Mouse","32/1606","0.8162581996093586367280181548267137259","0.93006312699877635719047930251690559","0","0","0.85956797966963150","0.1745134048272527493850","ACHE;PLA2G3;IL1RAP;TFPI;PLAC8;STK31;TMSB4X;GCNT2;TNFSF10;CCIN;TBL1X;ENPP5;GAMT;PDGFRB;KDM6B;SRGN;TESC;KLHDC1;HMGA1;NFATC1;RHOF;OTOP2;MIF4GD;DHRS3;HIC1;KLF16;GFAP;GFI1B;KIF26B;HOXB4;EPHA1;PHF19"
"GABPA","GABPA 29892750 ChIP-Seq EML Mouse BoneMarrow","4/246","0.8166103863058962186727285370579920709","0.93006312699877635719047930251690559","0","0","0.70424899202743874","0.1426760436613642990533","LRRC46;ARL15;RFX3;TXNDC12"
"IRF1","IRF1 19129219 ChIP-ChIP H3396 Human","2/136","0.8207143862055398253474436387477908283","0.93331239650812924946166049267048948","0","0","0.63667377398720681","0.1257940776798501247846","TUBB2A;HLA-DQA1"
"CCND1","CCND1 20090754 ChIP-ChIP RETINA Mouse","29/1472","0.8232755100188808849992483374080620706","0.93479989417668962747853811379172839","0","0","0.84989734522444804","0.1652747528583116409795","MIDN;COL13A1;GRIK5;TXNDC12;EFNA5;PCDH18;SOCS2;SOCS3;GRIP1;CCND2;SERTAD1;PIM3;TBL1X;JARID2;PAK4;GAMT;ARRDC4;TNFRSF12A;FN1;ACSL5;EMP3;RGMB;SMAD6;KLF16;NFATC4;MLLT11;MARCKS;COL1A2;HOXB3"
"RCOR1","RCOR1 19997604 ChIP-ChIP NEURONS Mouse","21/1095","0.8258455448881532046101483501843176782","0.93629297338383321580579377041431144","0","0","0.82826995028445494","0.1584873964106857102685","ARRDC4;DOCK4;JAG1;RASEF;RFX3;NEXN;NFATC1;HIF1A;PCDH18;PCDHB10;BACH2;GULP1;STK31;FHAD1;COL3A1;MTNR1A;MGAT5B;ALDH1A2;CDC42EP3;COL5A2;PHLDA2"
"RBPJ","RBPJ 21746931 ChIP-Seq IB4-LCL Human","30/1523","0.8273517617539025703621291540912352502","0.93657725989136775268661949667148292","0","0","0.84939710844205041","0.1609822652848382495971","PGAP1;ZNF493;PTGER1;RASGRF1;TACSTD2;WFDC1;IQGAP2;LIPA;FSTL1;MYLK;ZNF827;SERTAD1;PRRG2;FLNB;HORMAD2;SYNPO;SLC38A4;RIPK4;TRAPPC5;FN1;SHROOM3;TMEM54;C2CD4D;UBE2S;TMEM217;TXNIP;PAEP;HOXB8;RIN1;CHST3"
"E2F1","E2F1 21310950 ChIP-Seq MCF-7 Human","16/858","0.8308014053179433311413504270603880286","0.93886354872755195533073901970055886","0","0","0.80581274473368125","0.1493690728610610474192","DDC;CDKN1B;HMGA1;IER5L;MSI2;EFNA5;HIF1A;ALCAM;COBLL1;PRRG2;DMXL2;TCEA3;SP5;SFN;ZNF524;LHX4"
"ZBTB16","ZBTB16 27035670 ChIP-Seq hESC Human Endometrial","10/563","0.8318884795025629497189356698072515428","0.93886354872755195533073901970055886","0","0","0.76823185310144781","0.1413983627648774110686","CDC20;ARRDC4;EFNB2;EGR3;EGR4;ALDH1A2;SHROOM3;TMEM160;BAZ2B;MYLK"
"BCL3","BCL3 23251550 ChIP-Seq MUSCLE Mouse","13/725","0.8494662010105862304243373728240840137","0.95725345310256404474102964741177857","0","0","0.77437936532037654","0.1263377675625745599763","CDKN1B;ARL15;PLK2;CXCL1;LIPA;DCBLD2;RASGRP3;MRPL2;MARCKS;NWD1;TMEM88;TXNIP;PIM3"
"CEBPB","CEBPB 24764292 ChIP-Seq MC3T3 Mouse","28/1461","0.8587798865463053266111614902911242098","0.96571288752886597084312825245433487","0","0","0.82484624005908025","0.1255767639579714878284","GRAMD1B;ECM1;MIDN;SRXN1;BACH2;CDC20;SERTAD1;CCDC85B;TMSB4X;TRIM2;PRRG2;CCL2;PAK4;ANKRD34A;EGR3;ARL15;TRAPPC5;RFX3;FZD8;ACSL5;OXR1;SMTN;REEP4;UBE2S;NCOA7;RIN1;LGR4;TMEM45A"
"IGF1R","IGF1R 20145208 ChIP-Seq DFB Human","1/85","0.8603981719459229404733946466876659542","0.96571288752886597084312825245433487","0","0","0.50801482873851300","0.0763851128226318426551","ACHE"
"RAC3","RAC3 21632823 ChIP-Seq H3396 Human","30/1559","0.8612667556429990378674688145110849291","0.96571288752886597084312825245433487","0","0","0.82774402151687210","0.1236243988602195031934","ACHE;DOCK4;TINAGL1;NTN4;NEXN;MSI2;CYP3A5;SYCE2;HOXA9;TP53INP1;PCDHA4;PAK4;GAMT;GSTM2;ANKRD24;ARL15;EGF;PLK2;KLHDC1;FN1;FZD9;IL17RE;SMAD6;MIF4GD;TMEM37;GFI1B;REEP4;CAMK4;ALDH1A2;SSBP2"
"TBX5","TBX5 21415370 ChIP-Seq HL-1 Mouse","30/1561","0.8629948341162385627711728375288657844","0.96571288752886597084312825245433487","0","0","0.82657092989994452","0.1217923945870423990678","SLC44A5;ANKRD37;CDKN1B;PPM1H;TXNDC12;CXCL1;NR3C1;RHOBTB2;RASGRP3;SOCS2;STK31;KLC3;NWD1;COBLL1;GAMT;ARRDC4;UNC13A;EGR4;TNFRSF12A;PRSS35;OTOP2;OXR1;DCBLD2;FOSL1;IL6;MALL;TCEA3;RIN1;LGR4;SHANK2"
"ESRRB","ESRRB 18555785 ChIP-Seq MESCs Mouse","20/1081","0.8634457050693746804626016455586068332","0.96571288752886597084312825245433487","0","0","0.79722726066898586","0.1170523034882717944294","HRK;MIDN;KRT80;ENDOG;SRXN1;TESC;FZD8;SHROOM3;KLHDC7A;LAMC2;TFPI;HIC1;RHOBTB2;BCAN;PDE11A;NR4A3;TUBB3;COBLL1;GIPC2;ADORA1"
"MYC","MYC 18940864 ChIP-ChIP HL60 Human","10/587","0.8664676682829715037570394997601397336","0.96693434714675463581556869030464441","0","0","0.73534714387075006","0.1053976616901207141730","PPP3CA;FOXC2;ZNF493;CCDC85B;RAB26;STYK1;TXNIP;CDH13;OXR1;GULP1"
"YY1","YY1 22570637 ChIP-Seq MALME-3M Human","15/839","0.8671301316905882794472404384578112513","0.96693434714675463581556869030464441","0","0","0.77094682159645034","0.1099109735920081598604","HRK;KDM6B;LRRC46;GAL3ST1;GRIK5;IER5L;SLC2A3;SMTN;IL6;TUBB2A;SERTAD1;PRRG2;HORMAD2;NTSR1;CHST3"
"VDR","VDR 20736230 ChIP-Seq LYMPHOBLASTOID Human","6/381","0.8706139404532802217318021575920283794","0.96797359419328155016870596227818169","0","0","0.68001773835920176","0.0942209712848827984910","PGAP1;RASGRF1;HMGA2;ALOX12B;MSI2;LPP"
"EBNA2","EBNA2 21746931 ChIP-Seq IB4-LCL Human","21/1137","0.8706572140800160619633629721647594124","0.96797359419328155016870596227818169","0","0","0.79528583407319720","0.1101526025594704027988","CCDC120;ANKRD24;PTGER1;RIPK4;RASGRF1;TACSTD2;WFDC1;SHROOM3;IQGAP2;GFI1B;TMEM54;SERTAD1;CCDC85B;PRRG2;HOXA3;REPS2;PAEP;FLNB;HOXB8;SYNPO;CHST3"
"NCOR","NCOR 22424771 ChIP-Seq 293T Human","30/1572","0.8722132717920002553668723521695937961","0.96826056660242876272803869142080657","0","0","0.82017332033278967","0.1121351685145938331667","EHF;TPH1;TINAGL1;C1S;PTGER1;ILDR2;NRXN2;N4BP2L1;LAMC2;HIF1A;AREG;ZNF69;CXCL2;MYLK;PPP3CA;CCND2;ZNF827;TRIM2;COBLL1;MAP7;TM4SF18;MYEOV;LCA5;FOXL1;SMAD6;MIF4GD;XKR9;UBE2S;HOXB8;EPHA1"
"SREBP2","SREBP2 21459322 ChIP-Seq LIVER Mouse","14/801","0.8800243541765279120525633516081143171","0.97398817004348836601224093101336621","0","0","0.75316442988633003","0.0962587046854333633350","KHDRBS3;CCDC120;SLC2A13;TMEM132B;HIC1;MPP7;CLCN1;EFNB2;CALB2;SMTN;TCEA3;HOXA3;NOTUM;RHBG"
"SRF","SRF 21415370 ChIP-Seq HL-1 Mouse","18/1001","0.8810477569652831464352971124753821641","0.97398817004348836601224093101336621","0","0","0.77416304975007932","0.0980426770334547614816","TPH1;CDKN1B;SRXN1;TNFRSF12A;ARL15;ITGA1;NEDD4L;FZD8;TMEM160;RHOF;OXR1;DEXI;SYNE1;RASGRP3;IL6;UBE2S;ADORA1;SIDT1"
"FLI1","FLI1 21571218 ChIP-Seq MEGAKARYOCYTES Human","99/4775","0.8812895640473921154978143022162839770","0.97398817004348836601224093101336621","0","0","0.87922698099411711","0.1111070611693145554488","MIDN;ATP8A1;TXNDC12;LIPA;MYLK;ZDBF2;PIM3;PHLDA2;TRIM22;TLE4;UNC13A;UNC5B;HPCAL1;RFX3;EBF2;CACNA2D4;HIC1;FRMD3;BCAN;DOK7;TXNIP;EPHA1;IQGAP2;EFNA5;RASGRP3;PLAC8;EFNB2;SOCS3;SYCE2;ZNF827;MAP7;ZNF547;CHST13;IGFBP7;NTSR1;BTBD19;EGR3;NEBL;TMEM132B;NFATC1;SMAD6;FOSL1;MLLT11;IGSF10;SMTN;NR4A3;SNED1;SRXN1;SLC2A3;CXCL2;SYNE1;PPP3CA;MRPL2;TMSB4X;TRIM2;TNFAIP8L1;ZNF524;JARID2;TIGD1;KDM6B;LRRC46;TESC;MYEOV;GAB1;TMC8;IL17RE;RHOF;CDYL2;KLF16;CDC42EP3;CDH13;NCOA7;RHOU;RAPGEF5;SHANK2;C1S;PPM1H;NRXN2;ALOX12B;DLL4;PDE11A;NPW;SERTAD1;PRRG2;HSD17B2;RHBG;ZNF585A;TM4SF18;SMOX;EGF;DHRS3;MPP7;TMEM154;GFI1B;DLC1;KIF26B;SPRY1;SSBP2;MDGA1"
"PADI4","PADI4 21655091 ChIP-ChIP MCF-7 Human","15/857","0.8859929780961516287973722683091182262","0.97675179179664362028034929608111270","0","0","0.75374028654034242","0.0912374380297560766406","DOCK4;CCDC146;LCA5;NEDD4L;TXNDC12;OXR1;BMP7;PARP8;CLDN4;MRPL2;NR4A3;CCDC85B;DMXL2;SSBP2;ENPP5"
"CIITA","CIITA 25753668 ChIP-Seq RAJI Human","6/392","0.8868863553708503655315098512801341712","0.97675179179664362028034929608111270","0","0","0.66025987155773580","0.0792565566234301466242","SMTN;NR3C1;HLA-DQA1;HLA-DPA1;PBLD;ZNF585A"
"RUNX1","RUNX1 30185409 ChIP-Seq HPC Mouse BoneMarrow Leukemia","54/2724","0.8877181164049924300130101073591504246","0.97675179179664362028034929608111270","0","0","0.84677837566565362","0.1008521706812817997356","DOCK4;SLC2A3;NR3C1;NUDT3;CDC20;FHAD1;TMEM88;TUBB3;PIM3;SYNPO;KDM6B;UNC13A;RFX3;CACNA2D4;FOXL1;RHOF;HIC1;KLF16;PARP8;BCAN;MTNR1A;TUBB2A;EPHA1;NRXN2;IQGAP2;PCDH18;EFNB2;DLL4;RAB20;SERTAD1;RAB26;PRRG2;TBL1X;RHBG;PAK4;EGLN3;CENPW;EGR3;EGR4;TMEM132B;STYK1;FN1;LCA5;TUBB4B;SMAD6;ARID3C;DHRS3;GULP1;XKR9;NR4A3;KIF26B;LHX4;SSBP2;MDGA1"
"TFAP2A","TFAP2A 17053090 ChIP-ChIP MCF-7 Human","29/1549","0.8914720021145031703113659204973373562","0.97943757522447638663720681506674737","0","0","0.80341090752582389","0.0922968473438234987549","DNAH3;FOXC2;CDKN1B;GRIK5;NTN4;NEDD4L;WFDC1;NRXN2;SH3BGRL;TMEM88;CCL2;PIM3;HORMAD2;SLC38A4;ARRDC4;SMOX;SYT16;KRT7;CACNA2D4;RHOF;GFAP;UBE2S;ALDH1A2;HOXB3;RIN1;HOXB6;DSC2;SDK2;HOXB5"
"PRDM16","PRDM16 22522345 ChIP-ChIP PALATE MESENCHYMAL Mouse","1/99","0.8991450807283887236565078637795522809","0.98641504444614402924429441554821096","0","0","0.43512799856784817","0.0462588393135451719784","NR3C1"
"MYCN","MYCN 19997598 ChIP-ChIP NEUROBLASTOMA Human","2/169","0.9013768867420267616452633774315472692","0.98741139135029643014718203630764037","0","0","0.50999539382772918","0.0529537451210920911970","ADORA1;NRXN2"
"BMI1","BMI1 19503595 ChIP-Seq MEFsC Mouse","8/521","0.9116926874245614431657713794265873730","0.99568505239729376832258367358008400","0","0","0.66094461593230791","0.0611058573423917394951","PANX2;PDE11A;PRKCH;RAB20;HSD17B2;PI15;EBF2;CLCN1"
"NOTCH1","NOTCH1 17114293 ChIP-ChIP T-ALL Human","1/105","0.9122686323816719955459575430722907186","0.99568505239729376832258367358008400","0","0","0.40989794197031038","0.0376371484364706743175","ZNF547"
"PHF8","PHF8 20622854 ChIP-Seq HELA Human","29/1581","0.9129337477744623452480254854890517890","0.99568505239729376832258367358008400","0","0","0.78544868243568744","0.0715480650183899224981","DDC;COL13A1;SRXN1;PLA2G3;HSPB1;NRXN2;ALOX12B;ZDHHC21;MSI2;PLAC8;SERTAD1;RAB26;PRRG2;CA9;HORMAD2;EGLN3;LRRC46;RIPK4;ZFP2;TMC8;SHROOM3;ARID3C;GFI1B;TMEM54;KIF26B;CLDN7;PAEP;HOXB8;LGR4"
"STAT3","STAT3 29892750 ChIP-Seq EML Mouse BoneMarrow","5/358","0.9146731280247397677385379211045801640","0.99612577154227122111507242152583785","0","0","0.60135626363157768","0.0536340719362505685686","CENPW;EGF;RFX3;TXNIP;EMP3"
"CTCF","CTCF 20526341 ChIP-Seq ESCs Human","29/1591","0.9188962337208872455107666610274463892","0.99926616669939061221583642691257410","0","0","0.77998641808369329","0.0659728698427672899385","DDC;COL13A1;TACSTD2;NEXN;NRXN2;TMEM160;KLHDC7A;SLC2A3;CCDC85B;PCDHA4;PAK4;SEMA6B;LRRC46;ANKRD24;MYEOV;INCA1;FZD8;KRT7;PRAP1;MPP7;GFI1B;TMEM54;UBE2S;CLCF1;KIF26B;PAEP;SPRY1;RIN1;DSC2"
"MYCN","MYCN 28898695 ChIP-Seq NB1643 Human Nerve Neuroblastoma","41/2184","0.9263328965073518439510280586546286941","0.99999575369443682859582622768357396","0","0","0.80023511253095947","0.0612352787672168011324","HRK;ACHE;DDC;PGAP1;HSPB1;NRXN2;HSF2BP;TXNDC12;EFNA5;RND3;NUDT3;PLAC8;ZNF827;TRIM2;TNFAIP8L1;POC1A;TBL1X;JARID2;SYNPO;KIAA0319;HES4;NTRK2;EGR3;SLC2A13;MYH15;HMGA1;RFX3;SMAD6;KLF16;MLLT11;NR4A3;NBEA;VGF;UBE2S;KIF26B;CDC42EP3;NCOA7;PPEF1;RIN1;NECTIN3;SHANK2"
"ASXL1","ASXL1 24218140 ChIP-Seq BMDM Mouse","9/593","0.9281887743253284250855017489811871201","0.99999575369443682859582622768357396","0","0","0.65217939701565553","0.0486005040624391537740","TLE4;GRAMD1B;UBE2S;PPM1H;RFX3;HMGA2;NABP1;NFATC1;LIPA"
"MYC","MYC 19829295 ChIP-Seq ESCs Human","28/1572","0.9349007475445013648496228597650770098","0.99999575369443682859582622768357396","0","0","0.76085486189113127","0.0512168747912791974541","DNAH3;FOXC2;MIDN;C1S;SLC2A3;RASGRP3;EFNB2;DLL4;GRIP1;CCND2;TNFSF10;HORMAD2;JARID2;KIAA0319;CCDC73;PAK4;SEMA6B;ARL15;EGF;ZFP2;HMGA1;RGMB;GULP1;KIF26B;FAM20A;MDGA1;HOXB6;DSC2"
"KLF4","KLF4 18555785 ChIP-Seq MESCs Mouse","33/1830","0.9408244389118766148882855304691474885","0.99999575369443682859582622768357396","0","0","0.76860018269442787","0.0468836315177734649917","ANKRD37;MIDN;HSPB1;MSI2;SOCS2;SLC25A27;EFNB2;DLL4;SOCS3;PDE11A;SERTAD1;TMSB4X;TNFAIP8L1;PDK3;GAMT;TLE4;UNC13A;TNFRSF12A;SMOX;ARL15;TRAPPC5;RFX3;MIF4GD;KLF16;MLLT11;CLDN4;CLDN3;TUBB2A;TMEM54;VGF;TCEA3;TXNIP;SPRY1"
"SPI1","SPI1 22096565 ChIP-ChIP GC-B Mouse","17/1032","0.9409397795724554480756296470644883811","0.99999575369443682859582622768357396","0","0","0.70527541424093143","0.0429344431971912382506","GAMT;DOCK4;UNC13A;ANKRD24;GRIK5;EMP3;INHBA;CTSS;PARP8;MLLT11;GFI1B;TUBB3;UBE2S;TMSB4X;ALDH1A2;PRRG2;TBL1X"
"KDM5B","KDM5B 21448134 ChIP-Seq MESCs Mouse","58/3030","0.9419806460854656116055139136733487248","0.99999575369443682859582622768357396","0","0","0.81050371554728007","0.0484442529960625520302","SLC2A3;MSI2;HOXA9;TUBB3;AKT3;PSD3;HOXA3;HORMAD2;JARID2;TLE4;LIMCH1;ITGA1;GAB1;EBF2;IL17RE;RHOF;RGMB;CDYL2;HIC1;FRMD3;CLDN3;HOXB9;HOXB4;HOXB3;CDH13;RBM20;FAM20A;HOXB8;HOXB6;HOXB5;FOXC2;DDC;DNAJC22;NEDD4L;BAZ2B;IQGAP2;HIF1A;LPP;EFNB2;RAB26;ABI3BP;FLNB;SLC25A21;SRGAP3;RIMKLB;SLC38A4;PAK4;NEBL;CCDC14;FN1;SYT16;DHRS3;DLC1;SP5;LHX4;LGR4;SDK2;PHF19"
"KLF5","KLF5 20875108 ChIP-Seq MESCs Mouse","28/1593","0.9445490476945701541211519725038670003","0.99999575369443682859582622768357396","0","0","0.74976950631902706","0.0427725985669015068558","SEMA3C;SYNPO2;RASGRF1;NR3C1;BACH2;CLCN1;NT5E;ZNF827;SH3TC2;TRIM2;PSD3;FLNB;IGFBP7;SYNPO;SEMA6B;EGLN3;MYH15;HPCAL1;HMGA2;PRSS35;DHRS3;TMEM154;CLDN4;CAMK4;ALDH1A1;NCOA7;SPRY1;LHX4"
"XRN2","XRN2 22483619 ChIP-Seq HELA Human","22/1296","0.9457431944587419980763343119178898633","0.99999575369443682859582622768357396","0","0","0.72523502769808190","0.0404566641105300189851","GAMT;TLE4;ARRDC4;ACHE;ANKRD34A;EGLN3;LRRC46;TNFRSF12A;ARL15;HMGA1;SMAD6;RND3;CDC20;SYCE2;HOXA9;CCND2;RAB26;UBE2S;HOXB3;SFN;HBQ1;HOXB5"
"HNF1A","HNF1A 27111144 ChIP-Seq CD8+TCells Mouse Blood Lymphoma","59/3109","0.9520002296387556350865111198800150305","0.99999575369443682859582622768357396","0","0","0.80162039706730370","0.0394317097154556414629","ANKRD37;MIDN;DOCK4;PGAP1;CDKN1B;ATP8A1;NR3C1;BACH2;PPP3CA;MRPL2;ALCAM;CCND2;TMSB4X;H2BC21;PIM3;JARID2;TLE4;SRGN;PRKCH;TNFRSF12A;ARL15;TESC;ARAP2;RFX3;RHOF;MIF4GD;CDYL2;KLF16;TUBB2A;CLDN7;CDC42EP3;SIDT1;TXNIP;KDM7A;SLFN5;TMEM59L;ZDHHC21;IQGAP2;HIF1A;NCALD;EFNB2;SERTAD1;PRRG2;H4C8;BTBD19;EGR3;EGF;INCA1;HMGA1;NEB;TUBB4B;BMP7;MLLT11;NR4A3;REEP4;UBE2S;CAMK4;NABP1;SSBP2"
"CREB1","CREB1 23762244 ChIP-Seq HIPPOCAMPUS Rat","36/2006","0.9521664931387238128834837880276609212","0.99999575369443682859582622768357396","0","0","0.76278138828267239","0.0373880132962330913315","GRAMD1B;MIDN;DOCK4;DDC;SRXN1;IER5L;NRXN2;MSI2;EFNB2;SOCS3;MRPL2;SERTAD1;TUBB3;CCDC85B;POC1A;PIM3;JARID2;ENPP5;TLE4;ARRDC4;KDM6B;ANKRD34A;EGLN3;EGF;PLK2;RFX3;RHOF;OXR1;HIC1;MLLT11;TUBB2A;NR4A3;VGF;KIF26B;TXNIP;SSBP2"
"MYC","MYC 19079543 ChIP-ChIP MESCs Mouse","16/1013","0.9568569376846024487903719091264065355","0.99999575369443682859582622768357396","0","0","0.67489543460312906","0.0297638261677686810636","STYK1;HMGA1;SLC2A3;RHOF;RND3;NUDT3;NFATC4;TMEM54;DLC1;PRRG2;ADORA1;REPS2;TXNIP;PIM3;SRGAP3;TBL1X"
"NANOG","NANOG 20526341 ChIP-Seq ESCs Human","27/1579","0.9583107027398194421863308889442123473","0.99999575369443682859582622768357396","0","0","0.72787850635339246","0.0309954172876261216385","CNTNAP3;PIWIL1;FOXC2;COL13A1;TACSTD2;MPL;SLC2A3;CYP3A5;SERTAD1;DCDC2B;GCNT2;HORMAD2;RHBG;HLA-DQA1;PCDHAC2;GSTM2;TESC;HMGA1;CACNA2D4;BMP7;FOSL1;TMEM54;CLCF1;CLDN7;NCOA7;SHANK2;PLA1A"
"MYC","MYC 18358816 ChIP-ChIP MESCs Mouse","43/2369","0.9592151282141592183450029551750048995","0.99999575369443682859582622768357396","0","0","0.76880444128752479","0.0320129428945056943023","ANKRD37;MIDN;DOCK4;GRIK5;CFI;RASEF;IER5L;NRXN2;SLC2A3;NR3C1;SOCS2;STK31;CDC20;SYCE2;MRPL2;TMEM88;CCDC85B;GPC3;HORMAD2;TBL1X;PHLDA2;SLC38A4;GAMT;NTRK2;ENDOG;ARL15;TRAPPC5;ZFP2;FN1;HMGA1;FZD8;TMC8;ACSL5;EMP3;RHOF;KLF16;NFATC4;MLLT11;DLC1;TCEA3;SPRY1;INHA;RIN1"
"FOXI1","FOXI1 33610681 ChIP-Seq GES1 Human Gastric Carcinoma","2/216","0.9596711139805895740551022754516452551","0.99999575369443682859582622768357396","0","0","0.39702166991886617","0.0163432552344199150118","CCND2;ZNF233"
"FLI1","FLI1 20887958 ChIP-Seq HPC-7 Mouse","26/1534","0.9600754500131659652240045943472068757","0.99999575369443682859582622768357396","0","0","0.72145771661732938","0.0293946431051365468512","SLFN5;MIDN;TXNDC12;LPP;CXCL2;NWD1;SERTAD1;TMEM88;RAB26;TMSB4X;PRRG2;PIM3;CCDC163;ENPP5;BTBD19;UNC13A;ANKRD24;TNFRSF12A;TMC8;ARID3C;OXR1;TMEM154;MLLT11;GFI1B;TUBB2A;TXNIP"
"VDR","VDR 33458620 ChIP-Seq PrimaryEpithelial Human Prostate","18/1154","0.9697924111049032180886797505081631243","0.99999575369443682859582622768357396","0","0","0.66437405755718826","0.0203785046236661174235","ZNF296;BTBD19;MIDN;PRKCH;TINAGL1;TNFRSF12A;TACSTD2;KRT7;H1-4;LBHD1;SOCS3;SH3TC2;REEP4;CCDC85B;CLCF1;CLDN7;ZNF524;MDGA1"
"MYCN","MYCN 18555785 ChIP-Seq MESCs Mouse","28/1668","0.9697924925169696397375673768692649901","0.99999575369443682859582622768357396","0","0","0.71249644664278811","0.0218545143795988612567","ANKRD37;PPM1H;IER5L;ZDHHC21;MSI2;HIF1A;NUDT3;SOCS2;STK31;SLC25A27;CDC20;DLL4;SOCS3;TRIM2;TNFAIP8L1;PIM3;TBL1X;ANKRD24;CCDC14;TRAPPC5;FN1;OXR1;KLF16;MLLT11;UBE2S;DLC1;ALDH1A2;CDC42EP3"
"GATA2","GATA2 22383799 ChIP-Seq G1ME Mouse","25/1522","0.9713876259434953697180503695562947541","0.99999575369443682859582622768357396","0","0","0.69761436453153225","0.0202515270157395364803","ATP8A1;PTGER1;DNAJC22;TFPI;CXCL2;PPP3CA;TMEM88;GCNT2;SRGAP3;GAMT;PDGFRB;SRGN;SUN2;STYK1;NFATC1;NEB;DHRS3;GULP1;MLLT11;SMTN;REEP4;KIF26B;HOXB4;EPHA1;PHF19"
"OLIG2","OLIG2 29049317 ChIP-Seq Mouse SpinalCord","24/1472","0.9716815548245240075075912500324193388","0.99999575369443682859582622768357396","0","0","0.69264925420744394","0.0198978367328637439915","ARRDC4;H4C8;SRXN1;LCA5;PLA2G3;EMP3;TUBB4B;DCBLD2;SMTN;NWD1;ALCAM;ZNRD2;SAPCD2;SERTAD1;TUBB3;LGSN;UBE2S;TRIM2;DOK7;ADORA1;CREBRF;NABP1;PIM3;NECTIN3"
"CTNNB1","CTNNB1 20615089 ChIP-ChIP FETAL BRAIN Human","4/376","0.9739863293140176292439491589902900159","0.99999575369443682859582622768357396","0","0","0.45505471290559946","0.0119943371511174144695","ANKRD24;PTGER1;GRIK5;DOK7"
"E2F1","E2F1 26619117 ChIP-Seq Hepatocytes Mouse Liver","48/2717","0.9807624746215125588477690143918152899","0.99999575369443682859582622768357396","0","0","0.74197180156849307","0.0144127833266940764967","MIDN;DOCK4;KHDRBS3;SRXN1;C1S;DNAJC22;NEDD4L;ILDR2;HSF2BP;RND3;SOCS3;HMGN5;PDK4;TNFAIP8L1;POC1A;SFN;FLNB;PIM3;SYNPO;PAK4;GAMT;TLE4;NIPSNAP3B;PRKCH;LRRC46;CENPW;ANKRD24;CCDC14;TRAPPC5;ITGA1;HMGA1;ARAP2;LCA5;RFX3;HMGA2;RGMB;MIF4GD;DEXI;KLF16;DCBLD2;MLLT11;MARCKS;SMTN;NR4A3;REEP4;SP5;RHOU;PHF19"
"E2F1","E2F1 18555785 ChIP-Seq MESCs Mouse","54/3015","0.9815987615297652180146315004094503820","0.99999575369443682859582622768357396","0","0","0.75039030975887533","0.0139367345390842035935","SNED1;ANKRD37;MIDN;KLHDC7A;SLC2A3;RND3;NUDT3;MRPL2;TMEM88;TUBB3;TMSB4X;PIM3;HORMAD2;JARID2;PHLDA2;ARRDC4;ENDOG;TNFRSF12A;ZFP2;HPCAL1;TMC8;ACSL5;RGMB;CDYL2;KLF16;CLDN4;TUBB2A;TXNIP;IER5L;TMEM160;BAZ2B;TFPI;HIF1A;FSTL1;RHOBTB2;SOCS2;STK31;SLC25A27;SOCS3;SYCE2;NWD1;SFN;IGFBP7;SLC38A4;PLK2;TRAPPC5;KLHDC1;FN1;FZD8;DCBLD2;GULP1;SMTN;DLC1;MAP6D1"
"MYC","MYC 19030024 ChIP-ChIP MESCs Mouse","50/2842","0.9842963040603871505140887165907770395","0.99999575369443682859582622768357396","0","0","0.73705673634040392","0.0116663590059955888517","MIDN;GRIK5;HSPB1;TXNDC12;SLC2A3;MSI2;RND3;NUDT3;CDC20;MRPL2;CCND2;PIM3;JARID2;PHLDA2;LRRC46;TNFRSF12A;ZFP2;RFX3;TMC8;ACSL5;SHROOM3;EMP3;RHOF;MIF4GD;KLF16;MTNR1A;LTB4R2;FOXC2;CFI;TMEM160;HIF1A;RHOBTB2;SOCS2;SOCS3;NWD1;GCNT2;TBL1X;SLC38A4;JAG1;TRAPPC5;FN1;HMGA1;SMAD6;BMP7;NFATC4;MLLT11;MARCKS;XKR9;GJB3;UBE2S"
"PDX1","PDX1 19855005 ChIP-ChIP MIN6 Mouse","5/476","0.9853038490290946249672288104193285108","0.99999575369443682859582622768357396","0","0","0.44792664825357459","0.0066316477369503827252","GAMT;LRRC46;EBF2;DHRS3;KLF16"
"YY1","YY1 23942234 ChIP-Seq MYOBLASTS AND MYOTUBES Mouse","17/1173","0.9857785390549643755875308670511003584","0.99999575369443682859582622768357396","0","0","0.61453877005347590","0.0088023798897037801997","GRAMD1B;ANKRD37;DDC;SEMA3C;SYNPO2;RFX3;BAZ2B;MSI2;INHBA;MRPL2;UBE2S;DLC1;DPYD;SPINK13;SRGAP3;JARID2;PAK4"
"TFEB","TFEB 21752829 ChIP-Seq HELA Human","8/668","0.9865654349342511952869472224847413599","0.99999575369443682859582622768357396","0","0","0.50976580954309236","0.0068949013431980222394","SOCS2;LIMA1;TRIM2;MGAT5B;TP53INP1;PPM1H;TXNIP;RIMKLB"
"YY1","YY1 26981420 ChIP-Seq C2C12 Mouse Muscle","29/1811","0.9865708891301003813367742623086087406","0.99999575369443682859582622768357396","0","0","0.67532673568499113","0.0091304828863861282190","TOR4A;ANKRD37;MIDN;SRXN1;IER5L;NR3C1;NUDT3;SOCS2;SOCS3;MRPL2;TRIM2;SRGAP3;PAK4;H4C8;ITPRID2;TNFRSF12A;H2BC6;FN1;RFX3;HMGA2;EMP3;MARCKS;COL1A2;NR4A3;CLCF1;CREBRF;TXNIP;LIMS2;HOXB5"
"E2F4","E2F4 17652178 ChIP-ChIP JURKAT Human","7/608","0.9866865309220690383185115024389233440","0.99999575369443682859582622768357396","0","0","0.49027176927343319","0.0065710575364131985215","TLE4;ARL15;UBE2S;CAMK4;RGMB;HIF1A;DHRS3"
"TAL1","TAL1 20887958 ChIP-Seq HPC-7 Mouse","24/1584","0.9902716440936389918903159923502244055","0.99999575369443682859582622768357396","0","0","0.63894119737075861","0.0062462798921098707655","PDGFRB;ACHE;ANKRD37;MIDN;TNFRSF12A;ARL15;KLHDC1;HMGA1;TMC8;SHROOM3;EMP3;HIF1A;DHRS3;MLLT11;CDC20;PPP3CA;MRPL2;SERTAD1;RAB26;UBE2S;TMSB4X;TNFAIP8L1;EPHA1;PAK4"
"FOXP3","FOXP3 21729870 ChIP-Seq TREG Human","17/1210","0.9905707665735405953455483540892601013","0.99999575369443682859582622768357396","0","0","0.59428103330031246","0.0056302007355503594713","SRGN;PGAP1;CDKN1B;ATP8A1;RFX3;SLC2A3;OXR1;MUC3A;BACH2;MRPL2;POC1A;TXNIP;ZNF524;TBL1X;JARID2;SSBP2;CAPS2"
"EKLF","EKLF 21900194 ChIP-Seq ERYTHROCYTE Mouse","14/1055","0.9918379622149058327806869783671572804","0.99999575369443682859582622768357396","0","0","0.56168426348167566","0.0046032999964689671688","ACHE;SRXN1;SMOX;HMGA1;ACSL5;EMP3;NUDT3;GFAP;CDC20;SYCE2;CCND2;SH3TC2;NCOA7;TBL1X"
"HCFC1","HCFC1 20581084 ChIP-Seq MESCs Mouse","1/209","0.9922211492801004117936258808185812086","0.99999575369443682859582622768357396","0","0","0.20385247975708501","0.0015919377909190070199","PRRG2"
"PPARG","PPARG 23326641 ChIP-Seq C3H10T1-2 Mouse","5/534","0.9943013384634757922952985609299503267","0.99999575369443682859582622768357396","0","0","0.39760275691319402","0.0022722841938102983882","PPP3CA;ANKRD37;EGF;NABP1;NR3C1"
"MYC","MYC 28411283 ChIP-Seq MDA231-LM2-4175 Human BreastCancer","39/2441","0.9954026049640910533966575712838675827","0.99999575369443682859582622768357396","0","0","0.66581178364122406","0.0030680577420194271414","TOR4A;MIDN;HSPB1;BAZ2B;EFNA5;LPP;MRPL2;ALCAM;ANKRD31;PIM3;TBL1X;JARID2;PHLDA2;TIGD1;HES4;H4C8;ENDOG;TNFRSF12A;PLK2;CAVIN3;HMGA1;RFX3;HMGA2;RHOF;TUBB4B;SMAD6;OXR1;DHRS3;KLF16;LBHD1;IL6;HOXB9;UBE2S;CLCF1;COL7A1;MAP6D1;NCOA7;RIN1;PHF19"
"SPI1","SPI1 23547873 ChIP-Seq NB4 Human","44/2723","0.9964179923587348497449056594632565975","0.99999575369443682859582622768357396","0","0","0.67064162389384929","0.0024065561503830374193","TOR4A;MAML2;HSPB1;IQGAP2;NR3C1;LPP;NUDT3;CTSS;ALCAM;RAB20;SLC22A15;TUBB3;MGAT5B;TNFSF10;MAP7;TNFAIP8L1;PIM3;IGFBP7;JARID2;PHLDA2;NTSR1;SUN2;LRRC46;ANKRD24;MYH15;TRAPPC5;KLHDC1;ARAP2;TMC8;ACSL5;EMP3;OTOP2;OXR1;KLF16;NFATC4;TMEM154;PARP8;BCAN;TMEM37;UBE2S;DMXL2;DOK7;TXNIP;SPRY1"
"E2F4","E2F4 21247883 ChIP-Seq LYMPHOBLASTOID Human","38/2422","0.9965951775366409526313304922950919718","0.99999575369443682859582622768357396","0","0","0.65276264996556199","0.0022263332229875277928","HRK;DNAH3;CDKN1B;TACSTD2;PPM1H;NRXN2;N4BP2L1;HIF1A;PBLD;SOCS2;CDC20;EFNB2;CCND2;CCDC85B;SFN;PHLDA2;RIMKLB;EGLN3;PRKCH;TNFRSF12A;SLC2A13;KLHDC1;RHOF;SMAD6;DEXI;HIC1;FOSL1;MLLT11;TGFBR3;KITLG;TMEM54;LTB4R2;KIF26B;DPYD;DMXL2;RHOU;PRKD1;LHX4"
"DCP1A","DCP1A 22483619 ChIP-Seq HELA Human","6/636","0.9967917036342446301944164588348940015","0.99999575369443682859582622768357396","0","0","0.39938760426565306","0.0012834136876635311112","SUN2;HOXB9;SERF1B;PLK2;INCA1;GULP1"
"MYC","MYC 22102868 ChIP-Seq CA46 Human Blood BurkittsLymphoma","35/2314","0.9978611218611860289584569727594498545","0.99999575369443682859582622768357396","0","0","0.62827921949637011","0.0013452518659595698921","HRK;TOR4A;ZNF296;ANKRD37;FCMR;HSF2BP;BAZ2B;NUDT3;PLAC8;CCDC85B;TNFAIP8L1;POC1A;PIM3;TBL1X;JARID2;TLE4;ARRDC4;H4C8;ENDOG;H2BC8;HMGA1;RFX3;TMC8;NFATC1;RHOF;TUBB4B;BMP7;KLF16;LBHD1;NR4A3;CREBRF;TXNIP;NCOA7;RAPGEF5;CD24"
"HOXB4","HOXB4 20404135 ChIP-ChIP EML Mouse","14/1180","0.9983527991674899793039799078542273492","0.99999575369443682859582622768357396","0","0","0.49808145770495105","0.0008211166496161907994","TLE4;TNFRSF12A;KLHDC1;BAZ2B;DHRS3;KLF16;SH3BGRL;IL6;CCND2;UBE2S;TMSB4X;PDK3;TBL1X;RAPGEF5"
"GFI1B","GFI1B 20887958 ChIP-Seq HPC-7 Mouse","19/1475","0.9984569240125318323464398417854681611","0.99999575369443682859582622768357396","0","0","0.53887080385368058","0.0008321608067014353355","BTBD19;DOCK4;PRKCH;UNC13A;TNFRSF12A;ARL15;TRAPPC5;HMGA1;SHROOM3;DHRS3;MLLT11;PPP3CA;SERTAD1;TMEM88;TUBB3;RAB26;PRRG2;GCNT2;INHA"
"RUNX2","RUNX2 24655370 ChIP-Seq MC3T3E1 Mouse Bone","75/4374","0.9986506074962605561395889708364848047","0.99999575369443682859582622768357396","0","0","0.69619258831653286","0.0009400714652686083684","ANKRD37;TLNRD1;CDKN1B;TINAGL1;EXOC3L4;SRXN1;RND3;BACH2;IFI44L;CDC20;SLC22A15;CCND2;TMEM88;TUBB3;TRIM2;H2BC21;HOXA3;PDK4;PMEPA1;JARID2;ARRDC4;ENDOG;UNC13A;H2AC6;HPCAL1;GAB1;ACSL5;EMP3;MIF4GD;HIC1;TGFBR3;TUBB2A;SAPCD2;VGF;TXNIP;RHOU;FAM20A;KDM7A;FOXC2;SEMA3C;IER5L;TMEM160;ZDHHC21;SOCS3;NWD1;SERTAD1;COBLL1;PRRG2;GCNT2;H3C1;CCL2;IGFBP7;SRGAP3;H4C8;NIPSNAP3B;ITPRID2;BTBD19;SMOX;EGF;CAVIN3;INCA1;TRAPPC5;TUBB4B;SMAD6;DHRS3;MLLT11;IL6;COL1A2;TMEM158;NR4A3;TCIM;UBE2S;DLC1;GIPC2;LGR4"
"ERG","ERG 20887958 ChIP-Seq HPC-7 Mouse","19/1486","0.9986528646134084086227744592179078609","0.99999575369443682859582622768357396","0","0","0.53450492260476290","0.0007205359343164246958","NIPSNAP3B;ENDOG;CCDC14;TRAPPC5;KLHDC1;HPCAL1;ACSL5;TMEM160;HIF1A;HIC1;TMEM154;PPP3CA;IL6;SERTAD1;RAB26;PLSCR4;POC1A;CCL2;SSBP2"
"KDM6A","KDM6A 18722178 ChIP-ChIP U937 AND SAOS2 Human","2/384","0.9986962923028736005548466891923453659","0.99999575369443682859582622768357396","0","0","0.22048213566538177","0.0002876317920025029122","CDC20;HOXB9"
"CREM","CREM 20920259 ChIP-Seq GC1-SPG Mouse","80/4643","0.9989142547458373933011444023577496409","0.99999575369443682859582622768357396","0","0","0.69664252484085176","0.0007567872286495851359","ANKRD37;MIDN;DOCK4;ATP8A1;SRXN1;RASEF;MSI2;AREG;BACH2;NUDT3;CDC20;FHAD1;PPP3CA;GRIP1;MRPL2;SLC22A15;TMEM88;PMEPA1;PIM3;CCIN;JARID2;ENPP5;TLE4;KDM6B;UNC13A;LRRC46;RIPK4;GAB1;ARAP2;RFX3;CACNA2D4;RHOF;RGMB;MIF4GD;CDYL2;HIC1;KLF16;TUBB2A;VGF;CDH13;NCOA7;RHOU;TMEM59L;NRXN2;ZDHHC21;BAZ2B;EFNA5;HIF1A;LPP;STK31;EFNB2;SOCS3;SYCE2;KLC3;SERTAD1;SLC25A21;RIMKLB;PAK4;EGR4;KCNJ9;EGF;PLK2;CCDC14;INCA1;TRAPPC5;KLHDC1;FN1;HMGA1;NFATC1;OXR1;FOSL1;MLLT11;MARCKS;NBEA;UBE2S;GIPC2;DMXL2;SP5;SPRY1;SDK2"
"SPI1","SPI1 22790984 ChIP-Seq ERYTHROLEUKEMIA Mouse","20/1572","0.9990595172958401937179928609111811966","0.99999575369443682859582622768357396","0","0","0.53053268536648657","0.0004991915919199823876","SEMA6B;KDM6B;ANKRD37;LRRC46;ATP8A1;ARL15;KLHDC1;SLC2A3;EMP3;IQGAP2;CTSS;SYCE2;GFI1B;IL6;NWD1;RAB20;SLC22A15;UBE2S;PIM3;PHLDA2"
"MYC","MYC 18555785 ChIP-Seq MESCs Mouse","8/852","0.9991583791319256224738865057588554919","0.99999575369443682859582622768357396","0","0","0.39474767519184289","0.0003323677645155258351","HRK;SYCE2;CLDN4;MIDN;CCDC85B;DLC1;RGMB;HIF1A"
"THAP11","THAP11 20581084 ChIP-Seq MESCs Mouse","4/577","0.9992638147872507925484342194977216423","0.99999575369443682859582622768357396","0","0","0.29233074827887767","0.0002152888300683012063","TLE4;GAB1;TXNDC12;JARID2"
"CREB1","CREB1 15753290 ChIP-ChIP HEK293T Human","2/440","0.9996033048925020425556908776343334466","0.99999575369443682859582622768357396","0","0","0.19173064378543830","0.0000760736983769168452","MRPL2;NR4A3"
"KDM5A","KDM5A 27292631 Chip-Seq BREAST Human","7/830","0.9996037370753849682358804784598760307","0.99999575369443682859582622768357396","0","0","0.35382746051032810","0.0001402364914074521822","HRK;KDM6B;EHF;MARCKS;ITGA1;PIM3;TMEM154"
"HOXC9","HOXC9 25013753 ChIP-Seq NEUROBLASTOMA BE2-C Human","19/1639","0.9998127320811516227649917709641158581","0.99999575369443682859582622768357396","0","0","0.47992699701223296","0.0000898833463258849689","ZNF493;MAML2;ARL15;TESC;IER5L;RFX3;HSPB1;SLC2A3;BAZ2B;SMAD6;LIPA;CYP3A5;BACH2;MLLT11;MRPL2;SERTAD1;SRGAP3;INHA;ZNF233"
"SFPI1","SFPI1 20887958 ChIP-Seq HPC-7 Mouse","21/1861","0.9999509226385183691121483207098208368","0.99999575369443682859582622768357396","0","0","0.46340621260470682","0.0000227433123042793635","NIPSNAP3B;ENDOG;CDKN1B;TRAPPC5;KLHDC1;HPCAL1;PPM1H;HIC1;TMEM154;PPP3CA;SYCE2;IL6;TUBB2A;REEP4;CLCF1;PRRG2;POC1A;CCL2;SYNPO;SSBP2;RHBG"
"FOXO3","FOXO3 22982991 ChIP-Seq MACROPHAGES Mouse","17/1639","0.9999626923014147683588248582964297384","0.99999575369443682859582622768357396","0","0","0.42688179576280688","0.0000159262744560120075","NIPSNAP3B;ATP8A1;SMOX;PLK2;KLHDC1;ZDHHC21;TUBB4B;OXR1;MIF4GD;NUDT3;KLF16;SLC22A15;UBE2S;POC1A;NABP1;PIM3;NCOA7"
"ZFX","ZFX 18555785 ChIP-Seq MESCs Mouse","28/2372","0.9999833351061632180645233347604516894","0.99999575369443682859582622768357396","0","0","0.47890164443065469","0.0000079809115633506494","SRXN1;LAMC2;IQGAP2;HIF1A;LPP;NUDT3;STK31;SOCS3;SYCE2;PIM3;SLC25A21;PAK4;ENDOG;SMOX;ZFP2;GAB1;RGMB;DEXI;KLF16;DCBLD2;MLLT11;CLDN4;CLDN3;LTB4R2;UBE2S;SPRY1;LGR4;TMEM45A"
"EST1","EST1 17652178 ChIP-ChIP JURKAT Human","2/597","0.9999836538458000134710346173960715532","0.99999575369443682859582622768357396","0","0","0.13997968418136486","0.0000022881482037410986","ARL15;ZNF547"
"VDR","VDR 23849224 ChIP-Seq CD4+ Human","18/1811","0.9999886761735498064140870155824813992","0.99999575369443682859582622768357396","0","0","0.40590654367084344","0.0000045964412802273449","TLE4;ANKRD37;ENDOG;HMGA1;RFX3;SLC2A3;BACH2;MLLT11;SYCE2;XKR9;ZNF827;SERTAD1;CCDC85B;TNFSF10;PMEPA1;PDK3;PIM3;TIGD1"
"YY1","YY1 33199912 ChIP-Seq 293T Human KidneyEmbryo","47/3612","0.9999927564812940428140564108616672456","0.99999575369443682859582622768357396","0","0","0.51377963260698523","0.0000037215858582902111","ZNF296;KHDRBS3;SRXN1;TMEM160;HSF2BP;TXNDC12;ZDHHC21;BAZ2B;IQGAP2;NR3C1;NUDT3;PPP3CA;SYCE2;MRPL2;PDE11A;ALCAM;CCND2;ZNRD2;ANKRD31;H3C1;POC1A;PIM3;FAM47E;JARID2;CCDC163;TIGD1;PAK4;ZNF585A;EGR4;UNC5B;TRAPPC5;TUBB4B;OXR1;DCBLD2;GULP1;MLLT11;LBHD1;XKR9;NR4A3;NBEA;SAPCD2;VGF;TMEM217;CREBRF;NABP1;KDM7A;ZNF233"
"GABP","GABP 19822575 ChIP-Seq HepG2 Human","21/2155","0.9999940288235927843274453152844216675","0.99999575369443682859582622768357396","0","0","0.39292731055948688","0.0000023462452914927497","ZNF296;ANKRD37;MIDN;PGAP1;ENDOG;UNC13A;JAG1;CCDC14;MPL;RFX3;DEXI;PBLD;PDE11A;VGF;REEP4;ZNF547;PIM3;SLC25A21;KIAA0319;TIGD1;HES4"
"JARID1A","JARID1A 20064375 ChIP-Seq MESCs Mouse","8/1695","0.9999949102801267697415710244968067855","0.99999575369443682859582622768357396","0","0","0.18858742935298489","0.0000009598596297506208","MRPL2;LRRC46;PRRG2;TRAPPC5;DMXL2;TXNDC12;JARID2;ARID3C"
"ETS1","ETS1 20019798 ChIP-Seq JURKAT Human","5/1332","0.9999952426170591879284188507881481200","0.99999575369443682859582622768357396","0","0","0.15184960420403998","0.0000007224084350143686","CCDC146;IER5L;NRXN2;TMEM160;EMP3"
"GABP","GABP 17652178 ChIP-ChIP JURKAT Human","1/617","0.9999957536944368285958262276835739613","0.99999575369443682859582622768357396","0","0","0.06738080997949419","0.0000002861201157515518","CCND2"
