"statistic","source","condition","score","p_value"
"viper","ABL1","RKO","4.244692712147804414","0.000021889317852517824875262925088393"
"viper","ABL1","SW948","1.240598101533500586","0.214754253633784503163539625347766560"
"viper","AHR","RKO","1.540788752323502875","0.123368207783740219118939762665831950"
"viper","AHR","SW948","-0.714654083614536861","0.474822816744874309780044541184906848"
"viper","AIP","RKO","2.310817436205566455","0.020842940999412248176403394950284564"
"viper","AIP","SW948","1.043257880547452832","0.296828872825805001323118403888656758"
"viper","AIRE","RKO","2.427817921109720611","0.015189967096704157234476895155239617"
"viper","AIRE","SW948","1.472397400574031456","0.140913594713129530777706577282515354"
"viper","APEX1","RKO","-1.890497308400266974","0.058691480220872303819046322814756422"
"viper","APEX1","SW948","-1.089624621979093932","0.275878532487013383711627056982251815"
"viper","AR","RKO","1.702941235437942957","0.088579066180936888441621590573049616"
"viper","AR","SW948","0.796323213639487770","0.425844196346429226807117629505228251"
"viper","ARID1A","RKO","2.826095418214572330","0.004711922573295455711483992189414494"
"viper","ARID1A","SW948","1.280085903264473801","0.200514925833220225559472282839124091"
"viper","ARID3A","RKO","-1.536348935209443045","0.124452823680202953604556626032717759"
"viper","ARID3A","SW948","1.610427770986112339","0.107304501966174525851016596789122559"
"viper","ARID3B","RKO","-2.094795438215049543","0.036189180815858527917594500422637793"
"viper","ARID3B","SW948","0.430551045781236985","0.666794843007448623239952212315984070"
"viper","ARID4A","RKO","-0.096756698368194699","0.922919612220376328615145666844910011"
"viper","ARID4A","SW948","1.510280616084170635","0.130971835690955829001325128047028556"
"viper","ARID4B","RKO","1.516464530335765115","0.129401932625651888697504432457208168"
"viper","ARID4B","SW948","-2.534426545706957246","0.011263153788011182054873415836482309"
"viper","ARID5B","RKO","0.019238702680735985","0.984650683034853035913158691982971504"
"viper","ARID5B","SW948","-2.020731299443440765","0.043307587932839612665514295031243819"
"viper","ARNT","RKO","0.590725414930313164","0.554704416290155988278343102138023823"
"viper","ARNT","SW948","2.586678904238151944","0.009690584942730853801329260477359639"
"viper","ARX","RKO","-1.179126888761042435","0.238347653062410819169159026387205813"
"viper","ARX","SW948","0.894249549467820537","0.371188386515001578214167921032640152"
"viper","ASCL1","RKO","1.727739331126064481","0.084034968699091092125819102420791751"
"viper","ASCL1","SW948","-0.317366917488284495","0.750965206698256615425179916201159358"
"viper","ASCL2","RKO","1.392341636366341229","0.163818968915189322466119392629479989"
"viper","ASCL2","SW948","-1.173601231516817833","0.240554787706667549951333739954861812"
"viper","ATF1","RKO","-1.014092346801583444","0.310538689537124268369439050729852170"
"viper","ATF1","SW948","2.026406864430641441","0.042723108097659195925288599937630352"
"viper","ATF2","RKO","1.161549377371071223","0.245418555087846407269935866679588798"
"viper","ATF2","SW948","1.510942465483436692","0.130803110197763555744288055393553805"
"viper","ATF3","RKO","1.585446761747771882","0.112864863828284742175434018918167567"
"viper","ATF3","SW948","5.716137266154182939","0.000000010897272250444983299806988946"
"viper","ATF4","RKO","0.795950988797005321","0.426060523008621516716232235921779647"
"viper","ATF4","SW948","3.818800106314115261","0.000134102371384144179299741095334753"
"viper","ATF5","RKO","-1.084574934534347612","0.278109961572652941708128082609619014"
"viper","ATF5","SW948","0.570560421367146797","0.568297653794007429084444993350189179"
"viper","ATF6","RKO","1.093881446237067179","0.274006977084024883062340904871234670"
"viper","ATF6","SW948","3.791602863502513632","0.000149678129708900100333993088419504"
"viper","ATOH1","RKO","0.820066643011522656","0.412178116847051190241302265349077061"
"viper","ATOH1","SW948","-1.038705617312513763","0.298941667882576367354374724527588114"
"viper","ATOH7","RKO","0.713584155448214852","0.475484358005841323269180520583176985"
"viper","ATOH7","SW948","-0.198362322245955347","0.842761594168045746755524305626749992"
"viper","BACH1","RKO","1.274965817959161862","0.202321340936946397759399474125530105"
"viper","BACH1","SW948","0.976866765672191106","0.328635116996009890577568057778989896"
"viper","BACH2","RKO","3.158850724973305990","0.001583925970165849048815198685247196"
"viper","BACH2","SW948","1.918253805245352606","0.055078836768806795076702798041878850"
"viper","BARX1","RKO","2.369075160523330670","0.017832629143019029793748586598667316"
"viper","BARX1","SW948","1.167456989603621098","0.243025867946771195748922878010489512"
"viper","BARX2","RKO","0.843408664300722588","0.398999927867100423473090131665230729"
"viper","BARX2","SW948","1.237444610753981600","0.215922065656322242910292175110953394"
"viper","BATF","RKO","1.168631497665042041","0.242552132205419934685153293685289100"
"viper","BATF","SW948","1.554567007856047844","0.120049226355139732058674439940659795"
"viper","BCL11B","RKO","3.704603326603666424","0.000211721792682015731018596582657665"
"viper","BCL11B","SW948","3.007713333225556340","0.002632213041251969722761350212181242"
"viper","BCL3","RKO","3.320093276786664216","0.000899873760954518400051460602639963"
"viper","BCL3","SW948","-0.146338574665091564","0.883654115440900445044292155216680840"
"viper","BCL6","RKO","0.604205776944424566","0.545706840628557454664360193419270217"
"viper","BCL6","SW948","-0.317713359128693973","0.750702376772823587458560723462142050"
"viper","BCLAF1","RKO","0.485875944018042238","0.627055125199094787191711475315969437"
"viper","BCLAF1","SW948","-0.102780455620726338","0.918137217258923721274754825572017580"
"viper","BCOR","RKO","-1.743157555381081858","0.081306097271712243768071459726343164"
"viper","BCOR","SW948","0.956023458284456451","0.339060383003266296864097739671706222"
"viper","BHLHA15","RKO","1.061122444306367374","0.288634259106661128502224755720817484"
"viper","BHLHA15","SW948","1.413900256229389196","0.157391190713496970099427585410012398"
"viper","BHLHE40","RKO","1.452964540946068084","0.146233599446024237211716467754740734"
"viper","BHLHE40","SW948","1.907748771749189443","0.056423694772969719413158173892952618"
"viper","BHLHE41","RKO","-0.091252589420876704","0.927291888906785821689027216052636504"
"viper","BHLHE41","SW948","0.970826829749899201","0.331634519727004084543864337319973856"
"viper","BMAL1","RKO","0.523462823829103918","0.600652215241656239896883562323637307"
"viper","BMAL1","SW948","2.823040640948235147","0.004757054100111536391881639218581768"
"viper","BMAL2","RKO","-0.473010113871055404","0.636205963547820108061614519101567566"
"viper","BMAL2","SW948","4.494039353273903359","0.000006988470479950433058332747576769"
"viper","BRCA1","RKO","1.454304715088841959","0.145861843806079999330549412661639508"
"viper","BRCA1","SW948","1.979143971406258196","0.047799798986160088598573736362595810"
"viper","BRD4","RKO","-0.418555616946179265","0.675540931874352379438164462044369429"
"viper","BRD4","SW948","0.080825526467505293","0.935580707294425995002029594616033137"
"viper","BTG2","RKO","-1.597825033226838443","0.110081921786311265343272225436521694"
"viper","BTG2","SW948","-0.498101843773225139","0.618412261079129388363639918679837137"
"viper","CDX1","RKO","-0.091314739893299912","0.927242506179510872499349716235883534"
"viper","CDX1","SW948","-0.688845471592458236","0.490920517015459356713336092070676386"
"viper","CDX2","RKO","1.538792641260406269","0.123854926941269011253510257120069582"
"viper","CDX2","SW948","-0.551599332796401942","0.581222893655605532536867485760012642"
"viper","CEBPA","RKO","0.472560403563648257","0.636526837798685130032083634432638064"
"viper","CEBPA","SW948","0.901439144044059337","0.367354876727119639134855333395535126"
"viper","CEBPB","RKO","-0.346196455749965937","0.729195078134496132982178551174001768"
"viper","CEBPB","SW948","0.969876668820608412","0.332107970884855607796026788491872139"
"viper","CEBPD","RKO","0.499197941750953555","0.617639944446973898628527877008309588"
"viper","CEBPD","SW948","1.339153675007254574","0.180520649786657327862116062533459626"
"viper","CEBPE","RKO","-0.866717207213037022","0.386096974984894425464432288208627142"
"viper","CEBPE","SW948","-0.513993425567368822","0.607256587191959518179373844759538770"
"viper","CEBPG","RKO","1.247558589645728189","0.212192751413936619986344567223568447"
"viper","CEBPG","SW948","0.333652838503221472","0.738641541424160275042254397703800350"
"viper","CEBPZ","RKO","1.928542587383895945","0.053787672387814851326925946750634466"
"viper","CEBPZ","SW948","0.246731236944483900","0.805116230190129678057076034747296944"
"viper","CIITA","RKO","2.445056134551059746","0.014482959805764000771333144257368986"
"viper","CIITA","SW948","2.149231795949143820","0.031616029989072938488625652553309919"
"viper","CLOCK","RKO","0.372749732526381106","0.709334718396703034493100403778953478"
"viper","CLOCK","SW948","2.902934245280687886","0.003696842474832887949498516633184408"
"viper","CREB1","RKO","1.145652572029998373","0.251938935326400992309459070384036750"
"viper","CREB1","SW948","2.944264301982949750","0.003237234156893862343368217793226904"
"viper","CREB3","RKO","1.059185421880285194","0.289515342894579030819102172245038673"
"viper","CREB3","SW948","2.646303250137089336","0.008137682864892952644408907758588612"
"viper","CREB3L1","RKO","0.563930812977671669","0.572801218977963100265071716421516612"
"viper","CREB3L1","SW948","0.571787136808513341","0.567466192817709935702907841914566234"
"viper","CREB5","RKO","2.562770428715558158","0.010384068449900462141610724131624011"
"viper","CREB5","SW948","2.696408640256835465","0.007009162172471129596817984719336891"
"viper","CREBBP","RKO","-1.553393194627287199","0.120329227740016322933946923967596376"
"viper","CREBBP","SW948","1.430363974964798501","0.152612582129569213096331736778665800"
"viper","CREBZF","RKO","0.215118390167626378","0.829675016256519404223013225418981165"
"viper","CREBZF","SW948","-1.184328356410325966","0.236283108123983287551794774117297493"
"viper","CREM","RKO","-0.965232356925415647","0.334428443654101792414934379849000834"
"viper","CREM","SW948","-0.374455842520802218","0.708065203389286579316319603094598278"
"viper","CRX","RKO","-0.003968176185040417","0.996833861796637688001965216244570911"
"viper","CRX","SW948","0.561593881620223945","0.574392749976555538893308039405383170"
"viper","CTBP1","RKO","0.394975447844663263","0.692861007688823526962096366332843900"
"viper","CTBP1","SW948","0.300590582143460183","0.763726713885797270364719224744476378"
"viper","CTBP2","RKO","1.973061447224236042","0.048488561973681072736486186158799683"
"viper","CTBP2","SW948","0.190992993226283991","0.848531082706424744088735678815282881"
"viper","CTCF","RKO","1.264695019298255563","0.205980676096967268984272436682658736"
"viper","CTCF","SW948","-0.441786894320289558","0.658643423116224147051411819120403379"
"viper","CTCFL","RKO","-1.334827863370888990","0.181932691791801381953064264962449670"
"viper","CTCFL","SW948","-0.840583539731080465","0.400581283210706962094604932644870132"
"viper","CTNNB1","RKO","1.964348573201419867","0.049489682340530583015691945547587238"
"viper","CTNNB1","SW948","2.519138779552121399","0.011764227870927686236957043774964404"
"viper","CUX1","RKO","1.304972464254952058","0.191902224217988109922217176972480956"
"viper","CUX1","SW948","0.965955655817887449","0.334066370854329941497695699581527151"
"viper","CXXC1","RKO","-0.029834957629854438","0.976198679011241465808268458204111084"
"viper","CXXC1","SW948","0.996461854570965366","0.319025792186425183327713739345199428"
"viper","DBP","RKO","1.150372423498509988","0.249990513109512590972371981479227543"
"viper","DBP","SW948","-1.377842848664394992","0.168251813387913895514458317848038860"
"viper","DDIT3","RKO","1.393153731171800747","0.163573307873445233928677566836995538"
"viper","DDIT3","SW948","3.764846069425152209","0.000166651713520341417454351251592470"
"viper","DEAF1","RKO","-0.753122561823106440","0.451376267744220516231479223279166035"
"viper","DEAF1","SW948","0.119055999555547368","0.905230989996701262967349066457245499"
"viper","DLX2","RKO","2.508157179350170018","0.012136266887178472767550019284499285"
"viper","DLX2","SW948","-0.174152782204442330","0.861745392728598846865395444183377549"
"viper","DLX3","RKO","0.556265499427420984","0.578029368591662207066406153899151832"
"viper","DLX3","SW948","1.302205909476685353","0.192846005596754382915847259027941618"
"viper","DLX4","RKO","-0.117144692383874788","0.906745394118212866274575389979872853"
"viper","DLX4","SW948","1.613281473159836166","0.106683369750558559863051755201013293"
"viper","DLX5","RKO","-0.038235332274984171","0.969500050400903812253261548903537914"
"viper","DLX5","SW948","0.498937122371016395","0.617823680931413043992961320327594876"
"viper","DMAP1","RKO","1.557361891247525110","0.119384588648571460245406683498003986"
"viper","DMAP1","SW948","-0.570395242590801654","0.568409655549873216173750734014902264"
"viper","DMTF1","RKO","0.597797327915847720","0.549975173836832809115549025591462851"
"viper","DMTF1","SW948","0.935129472478566814","0.349721579480048616606069344925344922"
"viper","DNMT1","RKO","0.417122572904566224","0.676588754901413458320291738345986232"
"viper","DNMT1","SW948","1.898663772115279480","0.057608697729971701517737159292664728"
"viper","DNMT3A","RKO","0.195794128130608730","0.844771306197440341456683654541848227"
"viper","DNMT3A","SW948","1.781303513024388607","0.074862880909008319707531597941851942"
"viper","DNMT3B","RKO","-0.855191131653191161","0.392445344957149055975520468564354815"
"viper","DNMT3B","SW948","-0.507837305652403814","0.611567445036712564743197617644909769"
"viper","DOT1L","RKO","0.549359249826646967","0.582758933664432210441930237720953301"
"viper","DOT1L","SW948","1.577576693634149541","0.114662890133716194318580505751015153"
"viper","E2F1","RKO","-1.426704609228378828","0.153665056518281606390274873774615116"
"viper","E2F1","SW948","2.544697993419037019","0.010937228688165158765888129721588484"
"viper","E2F2","RKO","-1.048495293223739022","0.294410469718229261815167774329893291"
"viper","E2F2","SW948","0.284743129361191560","0.775840945342122001449070012313313782"
"viper","E2F3","RKO","-1.843400862099559001","0.065270504313528862616600179080705857"
"viper","E2F3","SW948","1.478630259773265898","0.139239160727297944797342665879114065"
"viper","E2F4","RKO","-9.458883933493373419","0.000000000000000000003112474390980495"
"viper","E2F4","SW948","0.181552991461417762","0.855933542995143348264264204772189260"
"viper","E2F5","RKO","-1.692593419012858202","0.090532884599250212920296121410501655"
"viper","E2F5","SW948","-0.177570926994550293","0.859059958538299084374045833101263270"
"viper","E2F6","RKO","-0.890050140496232434","0.373438963494765074901948764818371274"
"viper","E2F6","SW948","0.936652074154780356","0.348937556253714531440124346772790886"
"viper","E2F7","RKO","-0.757447192371702105","0.448781991939656565993033154882141389"
"viper","E2F7","SW948","1.576584066202568080","0.114891261440970504636993609892670065"
"viper","E4F1","RKO","-0.408993489144297007","0.682544439235800215470817420282401145"
"viper","E4F1","SW948","-0.987710659569177585","0.323294372484151659730144956483854912"
"viper","EBF1","RKO","2.296289264723025969","0.021659347508638897294996894515861641"
"viper","EBF1","SW948","0.750164192150177822","0.453155822037748734487649926450103521"
"viper","EGR1","RKO","2.980805949781842212","0.002874909016492272536419383399675098"
"viper","EGR1","SW948","1.968970429471496697","0.048956486868514857702106013448428712"
"viper","EGR2","RKO","0.218280361511731191","0.827210674793729006104570089519256726"
"viper","EGR2","SW948","0.158179786277835938","0.874315131431330994082884444651426747"
"viper","EGR3","RKO","2.396300480815358291","0.016561507243022487168015999259296223"
"viper","EGR3","SW948","0.782708140603511127","0.433798520713714663710192098733386956"
"viper","EGR4","RKO","4.065550796387542576","0.000047919155398891657613412442540124"
"viper","EGR4","SW948","0.662848249553549373","0.507427748353263874392382604128215462"
"viper","EHF","RKO","1.631138330778018730","0.102861134270239504284738529804599239"
"viper","EHF","SW948","0.302225835976072388","0.762479910314325604048235618392936885"
"viper","ELF1","RKO","0.881289796201040421","0.378160987483405541809133865172043443"
"viper","ELF1","SW948","0.433932363825305811","0.664337557221835517395902570569887757"
"viper","ELF2","RKO","2.006256246014815225","0.044828915630252819113366058445535600"
"viper","ELF2","SW948","-0.876863561174841544","0.380560750285109050672360808675875887"
"viper","ELF3","RKO","0.437059667686516773","0.662068076214051615124844829551875591"
"viper","ELF3","SW948","0.595916596202159421","0.551230945615215017774346506485017017"
"viper","ELF4","RKO","0.553788652133276216","0.579723495385392362244658670533681288"
"viper","ELF4","SW948","1.354936754137894273","0.175437708326913605061392331663228106"
"viper","ELF5","RKO","2.258371459093587053","0.023922510563439639691418747702300607"
"viper","ELF5","SW948","0.579884397699749754","0.561992577964722794803265060181729496"
"viper","ELK1","RKO","-0.273892003698824493","0.784167616828113978044711984694004059"
"viper","ELK1","SW948","0.437518231925799583","0.661735556809872393912996813014615327"
"viper","ELK3","RKO","1.781505105670550870","0.074829971551090584958032536633254495"
"viper","ELK3","SW948","0.984503057280620375","0.324868228980999207422541985579300672"
"viper","ELK4","RKO","-1.060895814326835218","0.288737251702725405966276639446732588"
"viper","ELK4","SW948","1.567753759959092275","0.116938610018844937887827484246372478"
"viper","EMX2","RKO","-0.776951307536807856","0.437187498763350168573538212513085455"
"viper","EMX2","SW948","1.423493742047458488","0.154593074945456904201179781921382528"
"viper","EN1","RKO","1.829304677730616779","0.067353978303301656471724356833874481"
"viper","EN1","SW948","0.303204309074763700","0.761734165330059220799796548817539588"
"viper","ENO1","RKO","0.896372820894247080","0.370053678257674101281793355155969039"
"viper","ENO1","SW948","-0.608669886274477601","0.542743271238539382039789416012354195"
"viper","EOMES","RKO","2.187497463265809738","0.028706228201000799638009652881009970"
"viper","EOMES","SW948","0.187545852777476985","0.851232676099885177123383073194418103"
"viper","EP300","RKO","0.235036969360867903","0.814180039414518330609382701368303970"
"viper","EP300","SW948","1.155129004280350813","0.248037602382515792731609849397500511"
"viper","EPAS1","RKO","0.974552502916614549","0.329782283697015898837889835704118013"
"viper","EPAS1","SW948","1.865316138796921042","0.062137104296554508675587413790708524"
"viper","ERF","RKO","0.374545147446587290","0.707998773972449813030038967553991824"
"viper","ERF","SW948","-0.387128026964543126","0.698661429672236766741377778089372441"
"viper","ERG","RKO","1.750680357044425151","0.080000984834619925933907325088512152"
"viper","ERG","SW948","1.767049702594133631","0.077219904847152520677155962403048761"
"viper","ESR1","RKO","-0.130541098240800429","0.896138340617721573799769885226851329"
"viper","ESR1","SW948","1.472631240172905365","0.140850496349036929943920881669328082"
"viper","ESR2","RKO","0.986794679620340620","0.323743303485533095997794816867099144"
"viper","ESR2","SW948","1.684247030408466905","0.092133937594112161328929744286142522"
"viper","ESRRA","RKO","0.054096639084898188","0.956858169950275949666718133812537417"
"viper","ESRRA","SW948","1.098076453450410384","0.272171106273581264733962825630442239"
"viper","ESRRB","RKO","1.045660611128147011","0.295717754572420055136916516858036630"
"viper","ESRRB","SW948","1.697664598720704854","0.089571082963081749550582344454596750"
"viper","ESRRG","RKO","0.213088592436801227","0.831257862235364131109349727921653539"
"viper","ESRRG","SW948","1.236544314163151581","0.216256304309932007035044421172642615"
"viper","ETS1","RKO","0.300602222572022959","0.763717836440636177464114098256686702"
"viper","ETS1","SW948","1.478737320253760368","0.139210533745701969809971387803670950"
"viper","ETS2","RKO","1.828819528536168360","0.067426648477580633511685448411299149"
"viper","ETS2","SW948","1.132604288085447219","0.257380467088428654953702334751142189"
"viper","ETV1","RKO","1.402872380243037620","0.160654898373915305809234155276499223"
"viper","ETV1","SW948","0.134523472704736469","0.892988651247986542358603401225991547"
"viper","ETV3","RKO","0.635716759203544202","0.524961050976070930929040514456573874"
"viper","ETV3","SW948","-0.906535162502200786","0.364652662277852535055444604950025678"
"viper","ETV4","RKO","2.858233377337658698","0.004260069477593933159886852024555992"
"viper","ETV4","SW948","2.274902354119638481","0.022911788104283715983289226869601407"
"viper","ETV5","RKO","2.160750978219085905","0.030714580687620840482310313745983876"
"viper","ETV5","SW948","2.572204419074044512","0.010105320493876839699209924106071412"
"viper","ETV6","RKO","1.647035203093747180","0.099550810263953432022177025828568731"
"viper","ETV6","SW948","0.482424917911286555","0.629504123432482076694327588484156877"
"viper","ETV7","RKO","0.528730948595270922","0.596992104839149884121241029788507149"
"viper","ETV7","SW948","1.425541848735581318","0.154000632084492827811317283703829162"
"viper","EWSR1","RKO","1.782712561454202094","0.074633105491101650597052241664641770"
"viper","EWSR1","SW948","2.310497966602422792","0.020860600983422256798904825814133801"
"viper","EZH2","RKO","-0.193639721265564085","0.846457993737264047240387299098074436"
"viper","EZH2","SW948","-0.725477888117227465","0.468158905313600492981152001448208466"
"viper","FEV","RKO","-0.650418528955069353","0.515421911820926559322231241822009906"
"viper","FEV","SW948","-2.507762247481823970","0.012149838644751824456857747236426803"
"viper","FEZF1","RKO","-0.264328139538270113","0.791527078908650816302383645961526781"
"viper","FEZF1","SW948","0.908377116258776374","0.363679011776134597511145329917781055"
"viper","FEZF2","RKO","1.440394255899188902","0.149755887877001114816266635898500681"
"viper","FEZF2","SW948","-0.383282643698255987","0.701510206801071012350234923360403627"
"viper","FGF2","RKO","2.246038709799882405","0.024701528547369601407357464495362365"
"viper","FGF2","SW948","-0.580467339112797576","0.561599505765542295065984035318251699"
"viper","FHL2","RKO","-0.304673631637638387","0.760614734274815407211178808211116120"
"viper","FHL2","SW948","-0.919117218701720917","0.358034263871452484995216991592315026"
"viper","FLI1","RKO","1.296227862594937053","0.194896992963456971992286526074167341"
"viper","FLI1","SW948","1.524886298028774512","0.127287460037008193225460672692861408"
"viper","FOS","RKO","1.856045129450626607","0.063447125745887525405386497823201353"
"viper","FOS","SW948","2.993458148224060977","0.002758353368780675982097072562737594"
"viper","FOS_JUN","RKO","1.660472606419523878","0.096819414295003444759224464633007301"
"viper","FOS_JUN","SW948","1.082688086932851013","0.278946893575000798293217485479544848"
"viper","FOS_JUNB","RKO","1.660472606419523878","0.096819414295003444759224464633007301"
"viper","FOS_JUNB","SW948","1.082688086932851013","0.278946893575000798293217485479544848"
"viper","FOS_JUND","RKO","1.660472606419523878","0.096819414295003444759224464633007301"
"viper","FOS_JUND","SW948","1.082688086932851013","0.278946893575000798293217485479544848"
"viper","FOSB","RKO","1.536297420562702021","0.124465451854386330299284679767879425"
"viper","FOSB","SW948","0.533659558400438105","0.593577093943132405584606203774455935"
"viper","FOSB_JUN","RKO","1.660472606419523878","0.096819414295003444759224464633007301"
"viper","FOSB_JUN","SW948","1.082688086932851013","0.278946893575000798293217485479544848"
"viper","FOSB_JUNB","RKO","1.660472606419523878","0.096819414295003444759224464633007301"
"viper","FOSB_JUNB","SW948","1.082688086932851013","0.278946893575000798293217485479544848"
"viper","FOSB_JUND","RKO","1.660472606419523878","0.096819414295003444759224464633007301"
"viper","FOSB_JUND","SW948","1.082688086932851013","0.278946893575000798293217485479544848"
"viper","FOSL1","RKO","1.661201106456713594","0.096673063443546342066170495854748879"
"viper","FOSL1","SW948","2.834197336597853223","0.004594095306601521377931618417278514"
"viper","FOSL1_JUN","RKO","1.660472606419523878","0.096819414295003444759224464633007301"
"viper","FOSL1_JUN","SW948","1.082688086932851013","0.278946893575000798293217485479544848"
"viper","FOSL1_JUNB","RKO","1.660472606419523878","0.096819414295003444759224464633007301"
"viper","FOSL1_JUNB","SW948","1.082688086932851013","0.278946893575000798293217485479544848"
"viper","FOSL1_JUND","RKO","1.660472606419523878","0.096819414295003444759224464633007301"
"viper","FOSL1_JUND","SW948","1.082688086932851013","0.278946893575000798293217485479544848"
"viper","FOSL2","RKO","0.824952360856118228","0.409398637545166421691789082615287043"
"viper","FOSL2","SW948","1.321597666905243607","0.186302160714308773226122184496489353"
"viper","FOSL2_JUN","RKO","1.660472606419523878","0.096819414295003444759224464633007301"
"viper","FOSL2_JUN","SW948","1.082688086932851013","0.278946893575000798293217485479544848"
"viper","FOSL2_JUNB","RKO","1.660472606419523878","0.096819414295003444759224464633007301"
"viper","FOSL2_JUNB","SW948","1.082688086932851013","0.278946893575000798293217485479544848"
"viper","FOSL2_JUND","RKO","1.660472606419523878","0.096819414295003444759224464633007301"
"viper","FOSL2_JUND","SW948","1.082688086932851013","0.278946893575000798293217485479544848"
"viper","FOXA1","RKO","1.950489398333166591","0.051117815770585196821773621422835276"
"viper","FOXA1","SW948","0.043475575337014211","0.965322434169985643670486297196475789"
"viper","FOXA2","RKO","1.700496230172361622","0.089037624900488637758044774273002986"
"viper","FOXA2","SW948","0.990223325106018404","0.322064974086489541615918597017298453"
"viper","FOXA3","RKO","-0.110107660830991522","0.912323992637865344157432900829007849"
"viper","FOXA3","SW948","0.082800860130488971","0.934009885192786826202393513085553423"
"viper","FOXC1","RKO","0.313695943884456874","0.753751981700042206213652207225095481"
"viper","FOXC1","SW948","3.270097382787673368","0.001075104658176466790320269240055495"
"viper","FOXC2","RKO","0.196875718615082740","0.843924795526850179960831610515015200"
"viper","FOXC2","SW948","2.079862229638910875","0.037538171274670142918417070632131072"
"viper","FOXD3","RKO","0.681892094377222091","0.495307184688082768886374651629012078"
"viper","FOXD3","SW948","2.509675182975792396","0.012084225968851988741725733689236222"
"viper","FOXF2","RKO","0.500320036976765081","0.616849747639166334778337841271422803"
"viper","FOXF2","SW948","1.456414455829291965","0.145278081762416660938086465648666490"
"viper","FOXG1","RKO","1.593904442144926659","0.110957439351999434529183474751334870"
"viper","FOXG1","SW948","1.697618978218970565","0.089579698541783450704834024236333789"
"viper","FOXH1","RKO","0.363184610788003071","0.716466982727504086980729880451690406"
"viper","FOXH1","SW948","1.156048792281245685","0.247661199894416789168971604340185877"
"viper","FOXI1","RKO","2.462443377079824636","0.013799396010911011908883772036915616"
"viper","FOXI1","SW948","0.858738551013710327","0.390484776349952378282637255324516445"
"viper","FOXJ1","RKO","-0.978651057221149534","0.327752422531290332763376227376284078"
"viper","FOXJ1","SW948","-0.359965677677597740","0.718872800683278634359396619402104989"
"viper","FOXL2","RKO","2.444078833157560027","0.014522252902466906143708058607444400"
"viper","FOXL2","SW948","1.296254656113324577","0.194887764911661043321089437085902318"
"viper","FOXM1","RKO","-1.198558735431806133","0.230699571535999486959767068583460059"
"viper","FOXM1","SW948","1.830280377799133218","0.067208023993596974210440464503335534"
"viper","FOXN1","RKO","1.900014341184424582","0.057431237640642576747218583932408364"
"viper","FOXN1","SW948","-0.022901521167145236","0.981728826998930381719787874317262322"
"viper","FOXO1","RKO","-0.164879048081589874","0.869039183891582744934112270129844546"
"viper","FOXO1","SW948","2.673259871398673049","0.007511803396813798890108149208799659"
"viper","FOXO3","RKO","5.874341711888769524","0.000000004245268882519972791093924917"
"viper","FOXO3","SW948","6.372907343690368265","0.000000000185477952744906820852840772"
"viper","FOXO4","RKO","0.481069595108234549","0.630467036673153846670913935668068007"
"viper","FOXO4","SW948","2.672540110227615617","0.007527937432359386310531945696311595"
"viper","FOXP1","RKO","-0.648315564813896850","0.516780868972510853964763555268291384"
"viper","FOXP1","SW948","0.260092734568783901","0.794792242097074330686723442340735346"
"viper","FOXP2","RKO","-0.482432113335662827","0.629499012993373630031612719903932884"
"viper","FOXP2","SW948","1.346748604241570835","0.178061212655093364931602195611048955"
"viper","FOXP3","RKO","-0.236257030306629284","0.813233228006557729017345081956591457"
"viper","FOXP3","SW948","1.461088544014791379","0.143991143692095591166690837781061418"
"viper","FOXQ1","RKO","2.571254499015132922","0.010133083113158178334423098476690939"
"viper","FOXQ1","SW948","2.558526095549801482","0.010511693038963897117721302265636041"
"viper","GABPA","RKO","0.786454500576723725","0.431601264968930198318020075021195225"
"viper","GABPA","SW948","-1.130168571825429957","0.258405199949086228361494477212545462"
"viper","GATA1","RKO","1.239358188109096259","0.215212878512904409733508259705558885"
"viper","GATA1","SW948","0.212504481177292148","0.831713482144021298836378264240920544"
"viper","GATA2","RKO","0.449628043517032339","0.652978663698622896482959276909241453"
"viper","GATA2","SW948","1.750140137899790060","0.080094135248095943424573306401725858"
"viper","GATA3","RKO","1.232020432276081712","0.217941451739275315890864703760598786"
"viper","GATA3","SW948","2.754581674068852681","0.005876722028711268627776398432160931"
"viper","GATA4","RKO","0.962192635507208571","0.335952847792385544956061949051218107"
"viper","GATA4","SW948","0.897142054332831895","0.369643120682101367080463205638807267"
"viper","GATA5","RKO","-0.664348629060709683","0.506467203661895570832029989105649292"
"viper","GATA5","SW948","1.086416535966266750","0.277294748928372747354131888641859405"
"viper","GATA6","RKO","1.766575143327107078","0.077299406841916426524896621685911668"
"viper","GATA6","SW948","1.978681818860085428","0.047851841219738996957566712353582261"
"viper","GCM1","RKO","-0.300087615681409847","0.764110325393824507678175450564594939"
"viper","GCM1","SW948","1.987542226239548793","0.046862341367431809002752629567112308"
"viper","GFI1","RKO","1.587645294924445505","0.112366569719799400117743459759367397"
"viper","GFI1","SW948","1.545817744901802682","0.122148590233399953475235122368758311"
"viper","GFI1B","RKO","1.632066490324661112","0.102665480007258905215117295028903754"
"viper","GFI1B","SW948","1.548173015516263851","0.121580646401331135542100980728719151"
"viper","GLI1","RKO","2.065090159436552941","0.038914470351324774444190524036457646"
"viper","GLI1","SW948","3.838258631768285412","0.000123909932929094852892618061623864"
"viper","GLI2","RKO","1.488705113552456938","0.136565037877145245559518116351682693"
"viper","GLI2","SW948","3.619749716425566977","0.000294888107701175763292189557773781"
"viper","GLI3","RKO","2.995179576137807498","0.002742833108046092115139824585412498"
"viper","GLI3","SW948","0.031230564799406703","0.975085664612489355640434496308444068"
"viper","GLIS3","RKO","0.491496116540913297","0.623075598115894635498079878743737936"
"viper","GLIS3","SW948","0.742745608071268881","0.457635711564947644802714421530254185"
"viper","GRHL2","RKO","0.344588023041049352","0.730404111156862434484082768904045224"
"viper","GRHL2","SW948","-0.755636866896857939","0.449866945643838389568003321983269416"
"viper","GRHL3","RKO","0.930024703388175777","0.352358294184166809248637264317949302"
"viper","GRHL3","SW948","0.977535590123610687","0.328304067070383343018846744598704390"
"viper","GSC","RKO","1.090569724220596060","0.275462257593113712950128046941244975"
"viper","GSC","SW948","1.121353824676541100","0.262137282887635159056571865221485496"
"viper","GTF2I","RKO","-0.038836967651190948","0.969020371132704783079248045396525413"
"viper","GTF2I","SW948","-0.621979931505032946","0.533955064146781399614383190055377781"
"viper","GTF2IRD1","RKO","0.939477324303740757","0.347485729162035128503305259073385969"
"viper","GTF2IRD1","SW948","1.482585152954347896","0.138184664201237428216018088278360665"
"viper","GTF3A","RKO","-0.465346354446735277","0.641683444313450035423329609329812229"
"viper","GTF3A","SW948","1.237618152827888895","0.215857680265392537499735681194579229"
"viper","HAND2","RKO","2.184448696658430666","0.028929293233466924634145200911916618"
"viper","HAND2","SW948","1.397955030548054811","0.162126571667068258841837291583942715"
"viper","HBP1","RKO","1.173761142685966652","0.240490712124910910318931200890801847"
"viper","HBP1","SW948","1.540298747049849037","0.123487549064295848433303603997046594"
"viper","HCFC1","RKO","-3.755036597093086570","0.000173316151768956904551804987235641"
"viper","HCFC1","SW948","1.197243574028590052","0.231211630492394376590326032783195842"
"viper","HDAC1","RKO","1.613437435815658239","0.106649505466983429702310104403295554"
"viper","HDAC1","SW948","-0.125538966373652111","0.900096878327834692967712726385798305"
"viper","HDAC3","RKO","1.544078419511298872","0.122569336156843927687631889966723975"
"viper","HDAC3","SW948","1.760239508217868565","0.078367205862825889406408919057867024"
"viper","HDAC4","RKO","0.359212269618621072","0.719436298525251705093808141100453213"
"viper","HDAC4","SW948","1.948922937016200230","0.051304628427461855533220358438484254"
"viper","HDAC5","RKO","-0.134070340714322028","0.893346952551369311024132002785336226"
"viper","HDAC5","SW948","2.701253265902846756","0.006907871351885843703988232533674818"
"viper","HDAC7","RKO","0.961359734141363442","0.336371322794962623881076524412492290"
"viper","HDAC7","SW948","3.303501724562821096","0.000954853821051668467424777819729798"
"viper","HDAC9","RKO","2.599467648303176226","0.009336847893227865485821226343432500"
"viper","HDAC9","SW948","1.083169834470783854","0.278733046473932433162445931884576567"
"viper","HDGF","RKO","1.803845076707261796","0.071255597091721509239725662609998835"
"viper","HDGF","SW948","0.293072674477479089","0.769466602789862674782739304646383971"
"viper","HES1","RKO","1.458210179097651826","0.144782618921520167543093293716083281"
"viper","HES1","SW948","1.874786080566987145","0.060822158875394230492794633846642682"
"viper","HESX1","RKO","-0.834550511854560306","0.403970835868944500024468879928463139"
"viper","HESX1","SW948","0.348517366259719741","0.727451673988036451312666486046509817"
"viper","HEY1","RKO","3.101766960638760562","0.001923693311841311861729031384982136"
"viper","HEY1","SW948","1.958648275185560061","0.050153991873125192135773886548122391"
"viper","HEY2","RKO","3.234280238161021170","0.001219497317906521579103373831287627"
"viper","HEY2","SW948","0.668157854080029701","0.504032835157881553556080689304508269"
"viper","HHEX","RKO","0.946445021283749077","0.343921651544045803294835650376626290"
"viper","HHEX","SW948","-1.075809222657909681","0.282012586758391914365518005070043728"
"viper","HIC1","RKO","-0.943657171046653809","0.345344866833111607817841104406397790"
"viper","HIC1","SW948","0.477882015904495305","0.632734182183344207039965567673789337"
"viper","HIF1A","RKO","1.711123227792197055","0.087058367099327987892465330332925078"
"viper","HIF1A","SW948","3.686100784152457344","0.000227716201088614062300607976396805"
"viper","HIF3A","RKO","0.534912491781538546","0.592710369924689395304540084907785058"
"viper","HIF3A","SW948","3.346642073482873680","0.000817967515419678790032642634599824"
"viper","HINFP","RKO","-1.756216827399031954","0.079051392500245690198035219964367570"
"viper","HINFP","SW948","1.003022641135767445","0.315849937259895907626372490994981490"
"viper","HIPK2","RKO","1.319736546272315181","0.186922993654071945002215215936303139"
"viper","HIPK2","SW948","1.809212557239401775","0.070417987522541219957972202792007010"
"viper","HIVEP1","RKO","1.994051071368923012","0.046146473541207363999738788606919115"
"viper","HIVEP1","SW948","-1.010045991992309933","0.312473255689800777368247963750036433"
"viper","HIVEP2","RKO","1.754800734723082289","0.079293397891141773059509034737857291"
"viper","HIVEP2","SW948","1.248896477086298917","0.211702940310560194792088850590516813"
"viper","HLF","RKO","0.483674679736079582","0.628616765603904559256420725432690233"
"viper","HLF","SW948","1.947492698566858360","0.051475694264122469345767996173890424"
"viper","HLX","RKO","0.471104171609111000","0.637566346263438887831398460548371077"
"viper","HLX","SW948","0.166740169903547009","0.867574496947216222686449782486306503"
"viper","HMGA1","RKO","0.808041328759885213","0.419066790875317507492070490116020665"
"viper","HMGA1","SW948","-0.257754932437753659","0.796596048114773691573020641953917220"
"viper","HMGA2","RKO","-1.272385406766976645","0.203236216518201395775378159669344313"
"viper","HMGA2","SW948","0.247844722127250311","0.804254550936250756087986246711807325"
"viper","HMGB2","RKO","2.038402730060379309","0.041509673501540375606388977303140564"
"viper","HMGB2","SW948","-0.789576694602282081","0.429775023212053186583148089994210750"
"viper","HNF1A","RKO","1.051706623083275671","0.292934171400348997149620799973490648"
"viper","HNF1A","SW948","-1.722083243621094217","0.085054440045790644098211430446099257"
"viper","HNF1B","RKO","1.610805959589259206","0.107222021760379968013943141613708576"
"viper","HNF1B","SW948","1.243178240662226264","0.213802159142570752381473653258581180"
"viper","HNF4A","RKO","-0.433439917656258111","0.664695206185894393868807128455955535"
"viper","HNF4A","SW948","-0.553695034060516011","0.579787574410091544052647805074229836"
"viper","HNF4G","RKO","-1.816220718506689868","0.069336521135483400457566460772795836"
"viper","HNF4G","SW948","0.285672747801771099","0.775128779325835237656860954302828759"
"viper","HOPX","RKO","0.267628314392445776","0.788985434007686392554603571625193581"
"viper","HOPX","SW948","-0.664510923648098162","0.506363359814087754529055018792860210"
"viper","HOXA1","RKO","0.486760925816220769","0.626427763723797936812331954570254311"
"viper","HOXA1","SW948","-0.001360206085722016","0.998914712899351520114521463256096467"
"viper","HOXA10","RKO","0.464676219842642735","0.642163340344250599400766077451407909"
"viper","HOXA10","SW948","1.377880917497223079","0.168240057515750551786481992166955024"
"viper","HOXA13","RKO","0.832493215530552666","0.405130606091612943675528413223219104"
"viper","HOXA13","SW948","0.211109492894780981","0.832801832903425354182047612994210795"
"viper","HOXA5","RKO","1.198993458105574117","0.230530489353802159335771193582331762"
"viper","HOXA5","SW948","-0.227699198486793514","0.819880095587725010730650865298230201"
"viper","HOXA7","RKO","-1.058395232090486138","0.289875292245298177284951179899508134"
"viper","HOXA7","SW948","1.213363640634680829","0.224990821101656773839394531933066901"
"viper","HOXA9","RKO","0.184512613834309197","0.853611332632425945377008247305639088"
"viper","HOXA9","SW948","-0.046043462652405602","0.963275608436430119674298566678771749"
"viper","HOXB1","RKO","-0.682930062487161926","0.494651036589145776112275143532315269"
"viper","HOXB1","SW948","0.695823374464299538","0.486539448982387101594326850317884237"
"viper","HOXB13","RKO","0.332583731594186416","0.739448525248253663022524051484651864"
"viper","HOXB13","SW948","-1.262835988880788518","0.206648128084258780878812444825598504"
"viper","HOXB2","RKO","1.051126155412451135","0.293200652826234309245023723633494228"
"viper","HOXB2","SW948","-0.403212333630422914","0.686792027164893514878940550261177123"
"viper","HOXB3","RKO","-1.091846039601418905","0.274900778838541359760938576073385775"
"viper","HOXB3","SW948","0.006618812211922989","0.994718990484286358366716740420088172"
"viper","HOXB4","RKO","0.464629168704757400","0.642197040168913768631853145052446052"
"viper","HOXB4","SW948","0.243560818442060290","0.807570976856736399973613060865318403"
"viper","HOXB7","RKO","0.403263695804923217","0.686754246018864478173782117664813995"
"viper","HOXB7","SW948","-0.909597499114082719","0.363034817998283299012030056474031880"
"viper","HOXB9","RKO","1.213824402244490175","0.224814785858365367987588001597032417"
"viper","HOXB9","SW948","1.997238202653585981","0.045799312885179035981231265850510681"
"viper","HOXC6","RKO","1.275107655877003587","0.202271139969936036839825987954100128"
"viper","HOXC6","SW948","1.852629679621982772","0.063935455406804037048473787763214204"
"viper","HOXC8","RKO","-0.100467905911920341","0.919972861262646213198479472339386120"
"viper","HOXC8","SW948","-0.472929682234000337","0.636263347574250404115048240782925859"
"viper","HOXD1","RKO","0.220027371496402752","0.825849837640588058107482538616750389"
"viper","HOXD1","SW948","1.100769981802174335","0.270996779536328724624638653040165082"
"viper","HOXD13","RKO","0.833706732889425761","0.404446263145668782890140846575377509"
"viper","HOXD13","SW948","0.826229274249356993","0.408674044949456971576040587024181150"
"viper","HOXD3","RKO","2.111760661015307239","0.034706983054888750073185832434319309"
"viper","HOXD3","SW948","2.866901517183712222","0.004145119797137396082387095219701223"
"viper","HR","RKO","0.705593558945247890","0.480440930966415602476615731575293466"
"viper","HR","SW948","1.670210751597560384","0.094877673541156337666535591779393144"
"viper","HSF1","RKO","-0.216470485391776768","0.828621028997061581655714235239429399"
"viper","HSF1","SW948","2.014129157265421632","0.043995975020883149042560944508295506"
"viper","HSF2","RKO","-0.361294093028147856","0.717879609008489572019584556983318180"
"viper","HSF2","SW948","2.299274745048826674","0.021489342977264104528334343058304512"
"viper","HSF4","RKO","-2.674710249620376512","0.007479386143898416813846630191164877"
"viper","HSF4","SW948","0.750258890917125054","0.453098796400206726975312676586327143"
"viper","HTATIP2","RKO","0.841387649976798824","0.400130801879777620033706853064359166"
"viper","HTATIP2","SW948","-0.601289929615774654","0.547646895759785867774382950301514938"
"viper","ID1","RKO","1.549995110724319725","0.121142689522741708874065125201013871"
"viper","ID1","SW948","0.785858100759881939","0.431950623621716989219976312597282231"
"viper","ID2","RKO","1.281512750537907142","0.200013624276710183513827701062837150"
"viper","ID2","SW948","0.466879201787608888","0.640586306256690329874459166603628546"
"viper","ID3","RKO","0.830596094664105000","0.406201841690779996696392117883078754"
"viper","ID3","SW948","-0.409357411652137404","0.682277388857712052683268666442018002"
"viper","ID4","RKO","1.919097477960885367","0.054971998598812833736193539380110451"
"viper","ID4","SW948","1.047780927604640366","0.294739551666632959570080174671602435"
"viper","IKZF1","RKO","2.087552489376845788","0.036838221529306401647030355661627254"
"viper","IKZF1","SW948","-0.730819010220459031","0.464889710338869110994863831365364604"
"viper","IKZF4","RKO","2.172272572016507919","0.029835109576109353213269059779122472"
"viper","IKZF4","SW948","-0.172240442975415714","0.863248504068053645887914626655401662"
"viper","ING4","RKO","2.831574597520366776","0.004631942760514098748891864687493580"
"viper","ING4","SW948","0.387970241820180139","0.698038055702521864631648895738180727"
"viper","IRF1","RKO","1.888492635172552614","0.058959845705828066442233392763228039"
"viper","IRF1","SW948","0.163050660577983481","0.870478546968330268995828191691543907"
"viper","IRF2","RKO","1.134302959209266826","0.256667488310425573327933079781359993"
"viper","IRF2","SW948","1.244936905627940016","0.213154943617657383070351784226659220"
"viper","IRF3","RKO","1.681449259980427602","0.092675684217832052236296647151903016"
"viper","IRF3","SW948","2.046320688786305908","0.040724829502811185633071033862506738"
"viper","IRF4","RKO","0.923331542438535990","0.355834454973064151506179086936754175"
"viper","IRF4","SW948","1.304575797015856242","0.192037334132198145297820701671298593"
"viper","IRF5","RKO","1.960241855067562877","0.049967528518714297847136407426660298"
"viper","IRF5","SW948","0.884703843072374818","0.376316382410330996233227551783784293"
"viper","IRF6","RKO","1.014597857649012669","0.310297560997317034559017656647483818"
"viper","IRF6","SW948","0.418160591020481809","0.675829707004202084874577849404886365"
"viper","IRF7","RKO","-0.509012100567207693","0.610743742359557417742621510114986449"
"viper","IRF7","SW948","1.104125890490731177","0.269538531700896089038366199019947089"
"viper","IRF8","RKO","2.005499828174784227","0.044909639094465846065329373004715308"
"viper","IRF8","SW948","-0.050360791573016900","0.959834880509709775786575391975929961"
"viper","IRF9","RKO","4.007507945679791739","0.000061362797810225489522975572675989"
"viper","IRF9","SW948","1.827233349448404098","0.067664691607574420362247735738492338"
"viper","IRX1","RKO","0.116975402466465164","0.906879545630727812444149549264693633"
"viper","IRX1","SW948","0.250587082685382989","0.802133369663716955244581185979768634"
"viper","ISL1","RKO","0.235983000214266186","0.813445861551996718397106178599642590"
"viper","ISL1","SW948","-1.631085170346137536","0.102872349360701831333386735423118807"
"viper","JARID2","RKO","0.092277499845365082","0.926477564607072201496862362546380609"
"viper","JARID2","SW948","-1.000642523816026364","0.316999663850770552198099494489724748"
"viper","JDP2","RKO","1.783753616457867341","0.074463709600126923304763693067798158"
"viper","JDP2","SW948","-0.298646656183334691","0.765209662576909477316178254113765433"
"viper","JUN","RKO","1.864956235730105494","0.062187538868870226305141102329798741"
"viper","JUN","SW948","1.760459615292127245","0.078329909064360686565819946736155543"
"viper","JUN_JUNB","RKO","1.660472606419523878","0.096819414295003444759224464633007301"
"viper","JUN_JUNB","SW948","1.082688086932850569","0.278946893575001020337822410510852933"
"viper","JUN_JUND","RKO","1.660472606419523878","0.096819414295003444759224464633007301"
"viper","JUN_JUND","SW948","1.082688086932850569","0.278946893575001020337822410510852933"
"viper","JUNB","RKO","0.037984941726450679","0.969699688125403080896091978502226993"
"viper","JUNB","SW948","1.632742251864668592","0.102523217082834947055935970183782047"
"viper","JUNB_JUND","RKO","1.660472606419523878","0.096819414295003444759224464633007301"
"viper","JUNB_JUND","SW948","1.082688086932851235","0.278946893575000687270915022963890806"
"viper","JUND","RKO","1.917445515459060390","0.055181356543215057119944333408056991"
"viper","JUND","SW948","1.462966603793134812","0.143476517399805436614457221367047168"
"viper","KAT2B","RKO","0.030391771994033090","0.975754606823819536920439077221089974"
"viper","KAT2B","SW948","2.236680297854870769","0.025307242596586607130682011757016880"
"viper","KAT5","RKO","1.854023740041688351","0.063735763676115247955422660197655205"
"viper","KAT5","SW948","0.837976540262818981","0.402043879302652784613059111507027410"
"viper","KAT6A","RKO","0.419411210825617609","0.674915632274087684550067933741956949"
"viper","KAT6A","SW948","1.531752295936469777","0.125583571992542164519335301520186476"
"viper","KAT7","RKO","1.637843320687705218","0.101454382045713026316846594454545993"
"viper","KAT7","SW948","2.068439687386697479","0.038598696512679574188720010852193809"
"viper","KCNIP3","RKO","0.548643304520628150","0.583250261309625428474134878342738375"
"viper","KCNIP3","SW948","1.608668563811337604","0.107688833180662107968927898582478520"
"viper","KDM2A","RKO","2.020107846939207974","0.043372202097734624537395120569271967"
"viper","KDM2A","SW948","0.554617063832446133","0.579156614912297085240311389497946948"
"viper","KDM5A","RKO","1.066897345350612536","0.286018193731317316164108888187911361"
"viper","KDM5A","SW948","2.143270927469540066","0.032091349864945911685154555925691966"
"viper","KDM5B","RKO","1.194520071270296135","0.232274594185906763099680460982199293"
"viper","KDM5B","SW948","1.321022662572587159","0.186493807871375844031902602182526607"
"viper","KDM5C","RKO","1.048287575069575039","0.294506132419940225286580925967427902"
"viper","KDM5C","SW948","-1.044956804811279172","0.296042933865753532529652147786691785"
"viper","KDM5D","RKO","-0.810154655396409851","0.417851295009396273005819466561661102"
"viper","KDM5D","SW948","1.960705779432353468","0.049913354501256071427128802042716416"
"viper","KLF1","RKO","-1.053320107033806075","0.292194306552345239857970682351151481"
"viper","KLF1","SW948","0.175012244041029719","0.861070012717049415584824600955471396"
"viper","KLF10","RKO","0.461145127164390267","0.644694487084244260977072826790390536"
"viper","KLF10","SW948","2.201238096896962038","0.027719172606753508802945873412681976"
"viper","KLF11","RKO","2.464940566524103094","0.013703597987257985085784994794266822"
"viper","KLF11","SW948","0.373901290577648704","0.708477756237548161877271013509016484"
"viper","KLF12","RKO","0.772709934241409546","0.439694066068234912236789568851236254"
"viper","KLF12","SW948","0.133079550022305648","0.894130467998639377746883383224485442"
"viper","KLF13","RKO","1.370838333073161941","0.170425358355020040157512539735762402"
"viper","KLF13","SW948","1.003257531401145819","0.315736621066781297795245109227835201"
"viper","KLF15","RKO","0.031868359800457491","0.974577031038749264091336499404860660"
"viper","KLF15","SW948","0.434442330416166200","0.663967264242694588105564434954430908"
"viper","KLF2","RKO","0.268427293532616629","0.788370432936959963932110895257210359"
"viper","KLF2","SW948","2.955154205283430091","0.003125128062525090594236942820316472"
"viper","KLF3","RKO","0.634026180556249930","0.526063736455848474093954791896976531"
"viper","KLF3","SW948","-0.700903534689876317","0.483363218404975869546547073696274310"
"viper","KLF4","RKO","0.380804027649518928","0.703348670420014476789560831093695015"
"viper","KLF4","SW948","1.274640495172305599","0.202436517350735561970864750946930144"
"viper","KLF5","RKO","-0.248842404841974174","0.803482688262605271312111199222272262"
"viper","KLF5","SW948","1.802684844435794354","0.071437723684995638184780375468108105"
"viper","KLF6","RKO","3.236763420907168953","0.001208935908804069933944469461550852"
"viper","KLF6","SW948","0.767534168693644103","0.442763985956502403862344863227917813"
"viper","KLF7","RKO","1.870036276782647944","0.061478780395496833433011119041111670"
"viper","KLF7","SW948","2.433104134981673994","0.014969994822757516986233561340213782"
"viper","KLF8","RKO","1.068573357199519513","0.285261959147322163854454402098781429"
"viper","KLF8","SW948","1.375921154418106696","0.168846045056611743229169064761663321"
"viper","KLF9","RKO","-0.665510711109007502","0.505723894968487464041118073510006070"
"viper","KLF9","SW948","1.044358292845872116","0.296319652289575075077010524182696827"
"viper","KMT2A","RKO","-1.917014094881551056","0.055236141028431426369671441989339655"
"viper","KMT2A","SW948","0.433078023402161616","0.664958087861564628440191881963983178"
"viper","KMT2B","RKO","-0.643908202816415920","0.519634962292900404179363249568268657"
"viper","KMT2B","SW948","-0.986203249514390978","0.324033385025506048826571259269258007"
"viper","LEF1","RKO","1.516159070512939522","0.129479134688034180911131443281192333"
"viper","LEF1","SW948","0.755037621063120112","0.450226409411129679938312619924545288"
"viper","LHX2","RKO","1.898708491151742672","0.057602814514761249697905043376522372"
"viper","LHX2","SW948","2.244052091215258393","0.024829049942479440582498995127025410"
"viper","LHX8","RKO","1.215685046752213117","0.224104922561525976565377504812204279"
"viper","LHX8","SW948","0.564842331765909145","0.572181011087787627644729582243598998"
"viper","LITAF","RKO","1.420202995531224088","0.155548591834441168879621386622602586"
"viper","LITAF","SW948","3.024369909835707304","0.002491515974272569874242710952216839"
"viper","LMO2","RKO","1.153458439936672519","0.248722266560018667735931785500724800"
"viper","LMO2","SW948","0.414731509429964951","0.678338463106337163921466526517178863"
"viper","LMX1B","RKO","2.008926036538052351","0.044544978243493557612531219547236105"
"viper","LMX1B","SW948","1.429558624003313128","0.152843737983645089340001277378178202"
"viper","LRRFIP1","RKO","-0.700191320390884497","0.483807831358052831127736226335400715"
"viper","LRRFIP1","SW948","2.177432338454335703","0.029448325042432225290278680063238426"
"viper","LYL1","RKO","-1.821085897899809902","0.068593800585511732759158576300251298"
"viper","LYL1","SW948","-1.475962474522328982","0.139953966338252966394861687149386853"
"viper","MAF","RKO","1.336162009877156720","0.181496325334892572023193224595161155"
"viper","MAF","SW948","1.403716143352293555","0.160403393325522253265447147896338720"
"viper","MAFA","RKO","-1.861888171993862029","0.062618854609558474710873099411401199"
"viper","MAFA","SW948","-1.160999721196280365","0.245642012826715244733222220929746982"
"viper","MAFB","RKO","1.815560117156288955","0.069437876240470000621662904904951574"
"viper","MAFB","SW948","-0.917604095959502875","0.358826172739429183344839202618459240"
"viper","MAFG","RKO","1.121479311263845036","0.262083893074268103884350011867354624"
"viper","MAFG","SW948","-0.296229043502715894","0.767055170147659115542637664475478232"
"viper","MAFK","RKO","1.122999297626082083","0.261437792754363684810670065417070873"
"viper","MAFK","SW948","1.505280194223555412","0.132252054976323085710987470520194620"
"viper","MAML1","RKO","1.985225801216564667","0.047119354946097737057986165609690943"
"viper","MAML1","SW948","0.566110294480863141","0.571318805622218373052589868166251108"
"viper","MAX","RKO","-1.150825710291516923","0.249803945336719457337437688693171367"
"viper","MAX","SW948","-1.706504476869226794","0.087914193495694167856946421579777962"
"viper","MAZ","RKO","2.098802006264616882","0.035834357918524697983464477601955878"
"viper","MAZ","SW948","0.663035225557757957","0.507307993943337254272307745850412175"
"viper","MBD1","RKO","-1.331261337411275614","0.183103035071587427751182985957711935"
"viper","MBD1","SW948","1.352221839234496681","0.176304359307163205361490554423653521"
"viper","MBD2","RKO","1.131893182946387633","0.257679345053808850352083936741109937"
"viper","MBD2","SW948","0.587771585435076127","0.556685618773204549114552719402126968"
"viper","MECOM","RKO","-0.405412288842082302","0.685174479430825211778710581711493433"
"viper","MECOM","SW948","1.204433296242793938","0.228422149200427804238699991401517764"
"viper","MECP2","RKO","-0.099789488280444760","0.920511453530524992316941279568709433"
"viper","MECP2","SW948","1.758392216849345768","0.078680796525455176659846756592742167"
"viper","MED1","RKO","0.208614769679198259","0.834748979719389994080813721666345373"
"viper","MED1","SW948","2.214879968688254763","0.026768304368355859412798025687152403"
"viper","MEF2A","RKO","0.563792157234924707","0.572895589895603074559460310410941020"
"viper","MEF2A","SW948","0.984961920482872011","0.324642775974327835175614609397598542"
"viper","MEF2B","RKO","-1.156266029701928044","0.247572358781291967932958186793257482"
"viper","MEF2B","SW948","-0.400854442047482384","0.688527293403613294131559996458236128"
"viper","MEF2C","RKO","1.092153517533535512","0.274765629522886134505910149528062902"
"viper","MEF2C","SW948","0.530273782077628097","0.595922121745542821003027711412869394"
"viper","MEF2D","RKO","0.779993820475487709","0.435394512510523523651784216781379655"
"viper","MEF2D","SW948","-0.511060140591662493","0.609308945402186719064729913952760398"
"viper","MEIS1","RKO","1.675353382403104385","0.093864917381262027995525443202495808"
"viper","MEIS1","SW948","1.259887760115076194","0.207709854782929859151607843159581535"
"viper","MEIS2","RKO","2.162614139739142072","0.030570869807916942195724629982578335"
"viper","MEIS2","SW948","2.119599863606113299","0.034039803998879507307417924266701448"
"viper","MEOX2","RKO","2.266674988660509538","0.023410087405652781761267178239904752"
"viper","MEOX2","SW948","-0.140495410875242005","0.888268578120662288810649442893918604"
"viper","MITF","RKO","1.186775181404061685","0.235316310885651303053123228892218322"
"viper","MITF","SW948","1.622929616036778766","0.104604451688215430160688867999851936"
"viper","MLXIP","RKO","0.908922901603243294","0.363390824082385655025007054064190015"
"viper","MLXIP","SW948","1.545896132874184925","0.122129654660594305637388856666802894"
"viper","MLXIPL","RKO","1.366404117138209973","0.171812157257720865555228328958037309"
"viper","MLXIPL","SW948","-0.690316678901413128","0.489995061364659867386706082470482215"
"viper","MNT","RKO","0.184033441192918978","0.853987220666261759305371015216223896"
"viper","MNT","SW948","-1.020559502168269184","0.307463184779334319784993567736819386"
"viper","MSC","RKO","-3.287116330539360476","0.001012190110616852968539181034657304"
"viper","MSC","SW948","-0.403464998242841766","0.686606178897873897781778396165464073"
"viper","MSX1","RKO","1.331090248148592226","0.183159317342233618486346813369891606"
"viper","MSX1","SW948","1.504383875829276906","0.132482553547466519461295320070348680"
"viper","MSX2","RKO","1.400762039147317450","0.161285243792050198008425354601058643"
"viper","MSX2","SW948","1.181837157265879457","0.237270321106185788639919564957381226"
"viper","MTA1","RKO","0.871140106509709633","0.383677657733466015432810536367469467"
"viper","MTA1","SW948","1.517737326201297865","0.129080630349391101141520721284905449"
"viper","MTA3","RKO","1.654694489639600974","0.097986485401017994756323048477497650"
"viper","MTA3","SW948","2.048307719708152064","0.040529857055752377403834429969720077"
"viper","MTF1","RKO","-0.713432618453888390","0.475578094849423149703682156541617587"
"viper","MTF1","SW948","1.348051365218245534","0.177641862415353429804909524136746768"
"viper","MTF2","RKO","-0.208537930545504402","0.834808969286397140052713439217768610"
"viper","MTF2","SW948","0.548742852392252178","0.583181933609478009294946332374820486"
"viper","MXD1","RKO","0.408973405043612404","0.682559178329641191851351322839036584"
"viper","MXD1","SW948","0.522933567150580925","0.601020484367744245446374407038092613"
"viper","MXI1","RKO","-1.793996978136054965","0.072813651159506803667298413529351819"
"viper","MXI1","SW948","-0.733077268716237018","0.463511303388700390826215880224481225"
"viper","MYB","RKO","0.277582760747609680","0.781332667196933949860238044493598863"
"viper","MYB","SW948","1.742834301009996922","0.081362562825979048430902196287206607"
"viper","MYBL1","RKO","-0.470916565559973410","0.637700317824089868423698135302402079"
"viper","MYBL1","SW948","-1.425270751448260542","0.154078951445590750513048305947449990"
"viper","MYBL2","RKO","0.976644852901305871","0.328745005590199590450595223956042901"
"viper","MYBL2","SW948","0.917935112784317053","0.358652837533268709080402913969010115"
"viper","MYC","RKO","-4.500007043266648132","0.000006795121097526900382792235111307"
"viper","MYC","SW948","-3.245612190051334611","0.001171983748483528767897476896564513"
"viper","MYCN","RKO","1.053848934962958506","0.291952085298528618562130532154696994"
"viper","MYCN","SW948","0.927140879043546695","0.353853393909115354620809057450969703"
"viper","MYF5","RKO","1.142222618968419479","0.253361496319986834180326695786789060"
"viper","MYF5","SW948","1.433274021042437951","0.151779543187179261076735770075174514"
"viper","MYF6","RKO","0.455267470092819981","0.648916826039725558317172726674471051"
"viper","MYF6","SW948","-0.932750740030161340","0.350948680284174197030466757496469654"
"viper","MYOD1","RKO","0.914096838390493160","0.360665963666055078284955470735440031"
"viper","MYOD1","SW948","1.627500143199026361","0.103630918219960149739833354942675214"
"viper","MYOG","RKO","1.414678784503262010","0.157162697488973379655874396121362224"
"viper","MYOG","SW948","-1.581654190255715076","0.113728535820281584367563709747628309"
"viper","MYRF","RKO","-0.554290573727324154","0.579380000365279146379293706559110433"
"viper","MYRF","SW948","0.257042797458313654","0.797145735106952857407236479048151523"
"viper","MYT1","RKO","0.754922112249040489","0.450295717261935124486882386918296106"
"viper","MYT1","SW948","1.080657361293809293","0.279849556501004903541485191453830339"
"viper","MZF1","RKO","1.393234930111831860","0.163548760235896262216215291118714958"
"viper","MZF1","SW948","-1.169076630428635521","0.242372758508544089428582424261549022"
"viper","NAB2","RKO","1.396512787571222214","0.162560132551601371764249392981582787"
"viper","NAB2","SW948","0.040207885252541875","0.967927391192872077496645033534150571"
"viper","NANOG","RKO","0.069236239592534971","0.944801577283085447511723486968548968"
"viper","NANOG","SW948","1.244980616303499099","0.213138875454777138029882621594879311"
"viper","NCOA1","RKO","1.400108309043549326","0.161480887249291465979084136961319018"
"viper","NCOA1","SW948","2.955839041396523204","0.003118197727113989747155242682197240"
"viper","NCOA2","RKO","0.904646034059989224","0.365652939352012151807969075889559463"
"viper","NCOA2","SW948","0.120153859632031138","0.904361267573182137091691856767283753"
"viper","NCOA3","RKO","1.200040408903282119","0.230123647132884412425113396238884889"
"viper","NCOA3","SW948","0.644733050239210015","0.519100194552226001931671817146707326"
"viper","NCOR1","RKO","0.966243978813073556","0.333922111091736140142671729336143471"
"viper","NCOR1","SW948","-0.204549490453007410","0.837924121640404195865414749277988449"
"viper","NCOR2","RKO","1.581223256814970446","0.113826999533754955051811919020110508"
"viper","NCOR2","SW948","0.635897956115166751","0.524842934939984573361471120733767748"
"viper","NEUROD1","RKO","1.461244749652873320","0.143948286306236628018240253368276171"
"viper","NEUROD1","SW948","1.495822278970929009","0.134699974009492684512423466003383510"
"viper","NEUROD2","RKO","0.239478843303262440","0.810734299843451244882430728466715664"
"viper","NEUROD2","SW948","0.032365906960031748","0.974180250540302550277260706934612244"
"viper","NEUROD6","RKO","-0.762102248941459504","0.445998980715318849021855385217349976"
"viper","NEUROD6","SW948","-0.722315794939195399","0.470100344092665267670128059762646444"
"viper","NEUROG1","RKO","0.318496833512098176","0.750108096193028317522077941248426214"
"viper","NEUROG1","SW948","-0.337632261067016604","0.735640327568014562586995452875271440"
"viper","NEUROG2","RKO","0.472854066159704267","0.636317297923667979375750292092561722"
"viper","NEUROG2","SW948","0.570162775802708577","0.568567300750070003800828999374061823"
"viper","NEUROG3","RKO","2.046429379171210705","0.040714144014440123431342044568737037"
"viper","NEUROG3","SW948","-0.225825919183558210","0.821336817160552734584655354410642758"
"viper","NFAT5","RKO","1.155222298628820310","0.247999405542622314291278939890617039"
"viper","NFAT5","SW948","0.947688875830733690","0.343287865719618445758953839686000720"
"viper","NFATC1","RKO","1.191777092084994161","0.233348660387929368598136647960927803"
"viper","NFATC1","SW948","1.697335995182716273","0.089633155707798339850711499821045436"
"viper","NFATC2","RKO","0.229935025370012674","0.818142259095353430176089659653371200"
"viper","NFATC2","SW948","0.772945405439890876","0.439554691373868655634993274361477233"
"viper","NFATC3","RKO","1.590207241436609298","0.111788098771512300899644287710543722"
"viper","NFATC3","SW948","1.285008976435471961","0.198789147261357129758962969390267972"
"viper","NFATC4","RKO","1.530201747799586398","0.125966798893833775707662425702437758"
"viper","NFATC4","SW948","1.449452677158444613","0.147211206859153009851581828115740791"
"viper","NFE2","RKO","-0.592968469233373097","0.553202254032887585921685058565344661"
"viper","NFE2","SW948","-2.612126597308753517","0.008998092714212060222456202041030338"
"viper","NFE2L1","RKO","-0.712032866181704804","0.476444424225125118255164125002920628"
"viper","NFE2L1","SW948","-2.271000038743568261","0.023146975602867631005565840496274177"
"viper","NFE2L2","RKO","0.046522444961111097","0.962893844960138189925658025458687916"
"viper","NFE2L2","SW948","-0.302640839688280316","0.762163587535515829607390969613334164"
"viper","NFE2L3","RKO","0.160677499616514591","0.872347411855127541358001508342567831"
"viper","NFE2L3","SW948","-0.434585637285450965","0.663863222133254327061990807123947889"
"viper","NFIA","RKO","0.653362074510822621","0.513522882668633107172695417830254883"
"viper","NFIA","SW948","-1.618590780467318524","0.105535340091455653865892827525385655"
"viper","NFIB","RKO","1.796758219654075228","0.072374011834299700751671480247750878"
"viper","NFIB","SW948","-1.204846489702475765","0.228262569111146340627982453952427022"
"viper","NFIC","RKO","-0.383358548962555890","0.701453933097579529487575200619176030"
"viper","NFIC","SW948","-0.815681991602693945","0.414682041367205711512866628254414536"
"viper","NFIL3","RKO","2.016969285111061883","0.043698718732268077014069262986595277"
"viper","NFIL3","SW948","0.840215665546252488","0.400787476471936243704874414106598124"
"viper","NFIX","RKO","1.602531885589407068","0.109038042419904654400930610336217796"
"viper","NFIX","SW948","-0.951026943255239288","0.341590698694063776841289836738724262"
"viper","NFKB1","RKO","0.771147642564195657","0.440619424008594384734038840178982355"
"viper","NFKB1","SW948","1.443018938665023621","0.149015136298633166234139935113489628"
"viper","NFKB1_NFKB2","RKO","-0.506742943413851288","0.612335194927520864993653049168642610"
"viper","NFKB1_NFKB2","SW948","1.259142343275893694","0.207978922519253345280176858977938537"
"viper","NFKB1_REL","RKO","-0.506742943413851288","0.612335194927520864993653049168642610"
"viper","NFKB1_REL","SW948","1.259142343275893694","0.207978922519253345280176858977938537"
"viper","NFKB1_RELA","RKO","-0.506742943413851288","0.612335194927520864993653049168642610"
"viper","NFKB1_RELA","SW948","1.259142343275893694","0.207978922519253345280176858977938537"
"viper","NFKB1_RELB","RKO","-0.506742943413851288","0.612335194927520864993653049168642610"
"viper","NFKB1_RELB","SW948","1.259142343275893694","0.207978922519253345280176858977938537"
"viper","NFKB2","RKO","-0.405822679916138074","0.684872893069537025390047801920445636"
"viper","NFKB2","SW948","1.405294063694373374","0.159933852863899578222728337095759343"
"viper","NFKB2_REL","RKO","-0.506742943413851288","0.612335194927520864993653049168642610"
"viper","NFKB2_REL","SW948","1.259142343275893694","0.207978922519253345280176858977938537"
"viper","NFKB2_RELA","RKO","-0.506742943413851288","0.612335194927520864993653049168642610"
"viper","NFKB2_RELA","SW948","1.259142343275893694","0.207978922519253345280176858977938537"
"viper","NFKB2_RELB","RKO","-0.506742943413851288","0.612335194927520864993653049168642610"
"viper","NFKB2_RELB","SW948","1.259142343275893694","0.207978922519253345280176858977938537"
"viper","NFKBIB","RKO","0.702140172059286027","0.482591751838007565478250171508989297"
"viper","NFKBIB","SW948","0.354314866944169415","0.723102927305855791573208080080803484"
"viper","NFYA","RKO","-3.829855596711297050","0.000128218477722790076024639294161034"
"viper","NFYA","SW948","0.080952242507030592","0.935479932747337872278592385555384681"
"viper","NFYB","RKO","-0.680005703589237176","0.496500849482342576646232146231341176"
"viper","NFYB","SW948","-0.655099788830158625","0.512403508042854616277850254846271127"
"viper","NFYC","RKO","-0.294072473599895523","0.768702524267076525710251644341042265"
"viper","NFYC","SW948","1.143483754607113267","0.252837795870835879696869596955366433"
"viper","NKRF","RKO","1.778668909603819070","0.075294059239063959587667795858578756"
"viper","NKRF","SW948","0.479098569357259196","0.631868507467846729497296109911985695"
"viper","NKX2-1","RKO","0.930591874725473001","0.352064719129497494254366074528661557"
"viper","NKX2-1","SW948","0.004113571217005855","0.996717854292644589442318192595848814"
"viper","NKX2-2","RKO","1.026353878253845053","0.304724809660653683796027735297684558"
"viper","NKX2-2","SW948","0.184754166815274817","0.853421858458002668967878889816347510"
"viper","NKX2-5","RKO","1.489741568544348027","0.136292200172515420852903389459243044"
"viper","NKX2-5","SW948","0.082640286828070883","0.934137566561158871891734634118620306"
"viper","NKX3-1","RKO","1.703848678757360124","0.088409361012361034615203436715091811"
"viper","NKX3-1","SW948","2.466885422938767114","0.013629396111483628103999699021642300"
"viper","NKX6-1","RKO","-1.013403366175626319","0.310867532210898467326387617504224181"
"viper","NKX6-1","SW948","-1.786793636762916471","0.073970848198300576115116200526244938"
"viper","NONO","RKO","-1.298572717387439956","0.194090605940648280869353925481846090"
"viper","NONO","SW948","1.413138481255200585","0.157615010537530353396107329899678007"
"viper","NOTCH1","RKO","0.588750771873903456","0.556028473522034882847719927667640150"
"viper","NOTCH1","SW948","1.053187266745604589","0.292255173150203051424256273094215430"
"viper","NOTO","RKO","-1.092888323903675740","0.274442835411759733510450587345985696"
"viper","NOTO","SW948","-1.299016958446793879","0.193938109389697299622667969742906280"
"viper","NPAS2","RKO","0.498796009679763286","0.617923098964967110191537358332425356"
"viper","NPAS2","SW948","2.916902214829321771","0.003535265864424596681664381137011333"
"viper","NPM1","RKO","-0.730063473582693190","0.465351386967318148002448197075864300"
"viper","NPM1","SW948","-1.104776864999340580","0.269256287484290257605579199662315659"
"viper","NR0B1","RKO","0.503263243454503240","0.614779205288881192004168951825704426"
"viper","NR0B1","SW948","1.875094399942270007","0.060779737838874935140776045727761812"
"viper","NR0B2","RKO","1.859787416317856490","0.062915608414907661649628778377518756"
"viper","NR0B2","SW948","1.392614973083371455","0.163736252740417309592402261841925792"
"viper","NR1D1","RKO","1.032704806531262065","0.301742063512825897664271224130061455"
"viper","NR1D1","SW948","3.211175183682777323","0.001321933208091517070181808435336279"
"viper","NR1H2","RKO","0.110280716485527869","0.912186749989957301743004336458398029"
"viper","NR1H2","SW948","0.537743468233564781","0.590754165169693479242596367839723825"
"viper","NR1H3","RKO","0.268693620222105467","0.788165461631432973099720129539491609"
"viper","NR1H3","SW948","1.833230351237522315","0.066768322053266590532238922151009319"
"viper","NR1H4","RKO","-0.073225462221851445","0.941626704850719753459031835518544540"
"viper","NR1H4","SW948","0.247809782584018423","0.804281585568108470241099894337821752"
"viper","NR1I2","RKO","-0.287943003893150584","0.773390367918070031905131145322229713"
"viper","NR1I2","SW948","-0.370797966015470548","0.710788016428852142958305648789973930"
"viper","NR1I3","RKO","1.822584645093215272","0.068366322974619322949685340518044541"
"viper","NR1I3","SW948","1.313189331737067533","0.189119157911249086145843989470449742"
"viper","NR2C1","RKO","-1.317690423422462231","0.187607301673688525722738518197729718"
"viper","NR2C1","SW948","-0.875206035407960492","0.381461809885333069658486238040495664"
"viper","NR2C2","RKO","1.804526595613402451","0.071148793728379053358246153493382735"
"viper","NR2C2","SW948","1.856277039857945788","0.063414080001720524171204829144699033"
"viper","NR2E1","RKO","1.384929800797741306","0.166073933610047047571001144206093159"
"viper","NR2E1","SW948","2.367462301102784217","0.017910544625127949869280996608722489"
"viper","NR2E3","RKO","1.089108590918502983","0.276106001905795095385798276765854098"
"viper","NR2E3","SW948","0.736692041990481328","0.461309647389320620636254943747189827"
"viper","NR2F1","RKO","0.727833271524070735","0.466715654769316201644357988698175177"
"viper","NR2F1","SW948","0.462990222886352609","0.643371375232465902982426086964551359"
"viper","NR2F2","RKO","1.644496705412379134","0.100073644276994583313111775169090834"
"viper","NR2F2","SW948","1.349470737538255971","0.177185813281234783023165846316260286"
"viper","NR3C1","RKO","1.573526919586221373","0.115596860098970619090685829633002868"
"viper","NR3C1","SW948","4.128372722355271307","0.000036533957297754810487119131456879"
"viper","NR3C2","RKO","1.131141248101733776","0.257995645558808384123494761297479272"
"viper","NR3C2","SW948","1.983902706488495760","0.047266687158517152467229749390753568"
"viper","NR4A1","RKO","-0.427900817368104647","0.668723331995170644503900803101714700"
"viper","NR4A1","SW948","1.884723351790995149","0.059467197927541855240196611021019635"
"viper","NR4A2","RKO","2.182291876660535479","0.029087998159330413772138967942737509"
"viper","NR4A2","SW948","1.365874907008540973","0.171978229958299394519727343322301749"
"viper","NR4A3","RKO","1.455567005905598510","0.145512354487170675332308178440143820"
"viper","NR4A3","SW948","-0.030530434079948827","0.975644021803038219431414290738757700"
"viper","NR5A1","RKO","1.794353773917636286","0.072756720182926601370176911132148234"
"viper","NR5A1","SW948","0.506304461392429905","0.612642931558098569055914595082867891"
"viper","NR5A2","RKO","-0.315481379987445743","0.752396186405550171372169643291272223"
"viper","NR5A2","SW948","-1.807505348828360336","0.070683521465751089629669934311095858"
"viper","NR6A1","RKO","-0.546863333093477011","0.584472628156633366991457023686962202"
"viper","NR6A1","SW948","0.231392310262268863","0.817010038603827370984333811065880582"
"viper","NRF1","RKO","-1.286577218942989820","0.198241688236402785472378695885709021"
"viper","NRF1","SW948","0.462875818364105962","0.643453381507113286730259460455272347"
"viper","NRG1","RKO","-0.419404319997207231","0.674920667450294997635751315101515502"
"viper","NRG1","SW948","-1.485587689851893378","0.137388213137145553943696540954988450"
"viper","NRL","RKO","-0.125810080436847993","0.899882262146179279227453662315383554"
"viper","NRL","SW948","-0.684222896006998482","0.493834426426167372170539238140918314"
"viper","NSD2","RKO","1.699551065068633848","0.089215401577959596579603385180234909"
"viper","NSD2","SW948","-0.735848383793639704","0.461822972379188401159666454987018369"
"viper","NUPR1","RKO","3.592663859785871772","0.000327314700412795135837928928168594"
"viper","NUPR1","SW948","1.359621376775801638","0.173949769905223705634966790967155248"
"viper","OLIG1","RKO","-0.689564915577617676","0.490467837045632404358030953517300077"
"viper","OLIG1","SW948","0.936484451787889860","0.349023814203643534259668967933976091"
"viper","OLIG2","RKO","-0.489565622068155959","0.624441308110761594818427511199843138"
"viper","OLIG2","SW948","0.484394345582879526","0.628106030571200735224124400701839477"
"viper","ONECUT1","RKO","1.667904389500661777","0.095334708172857468566618877048313152"
"viper","ONECUT1","SW948","2.077329504630530010","0.037771157708027490451652141700833454"
"viper","OTX2","RKO","1.776879665633112282","0.075588040690080293693142721167532727"
"viper","OTX2","SW948","2.222144860999424321","0.026273517373119122109148548815937829"
"viper","OVOL1","RKO","-0.287208175105709174","0.773952927075155172609299825126072392"
"viper","OVOL1","SW948","1.018637073074777355","0.308375297096830369714126618418958969"
"viper","PARK7","RKO","0.957642596540269175","0.338243011863790798976481255522230640"
"viper","PARK7","SW948","0.012866853054132552","0.989734019868379499840216340089682490"
"viper","PATZ1","RKO","1.896036212390886710","0.057955256263300967967122545587699278"
"viper","PATZ1","SW948","-0.583833618209353533","0.559332257781853803280114334484096617"
"viper","PAWR","RKO","0.479597960257983735","0.631513297022677999592588093946687877"
"viper","PAWR","SW948","1.159612563633270810","0.246206583468822931548558585745922755"
"viper","PAX2","RKO","2.823972029267254769","0.004743252408346422532847697084434913"
"viper","PAX2","SW948","1.023768286710778241","0.305944732815145226112463205936364830"
"viper","PAX3","RKO","1.792251727795762140","0.073092651985324469388061174868198577"
"viper","PAX3","SW948","0.848176345652752017","0.396339768604832831666584525009966455"
"viper","PAX5","RKO","0.572120485162104009","0.567240351839952694490420981310307980"
"viper","PAX5","SW948","1.035707092526306550","0.300338812499018670276740294866613112"
"viper","PAX6","RKO","3.717622575026196863","0.000201106418205737586370543401592670"
"viper","PAX6","SW948","2.220355202537770190","0.026394665428720768401982255113580322"
"viper","PAX7","RKO","0.191246710631867850","0.848332309140524154500440090487245470"
"viper","PAX7","SW948","-2.337865377154837443","0.019394232837845176015134640579162806"
"viper","PAX8","RKO","1.098812386573579047","0.271849908249804150806028246734058484"
"viper","PAX8","SW948","1.154259670561595286","0.248393725401159115584448500158032402"
"viper","PAX9","RKO","-0.045037133138681781","0.964077711005535298305346714187180623"
"viper","PAX9","SW948","0.951921182643014507","0.341136955807320563227591492250212468"
"viper","PBRM1","RKO","1.542571209916197228","0.122934847862931059814251000261720037"
"viper","PBRM1","SW948","0.580821866601266668","0.561360516066453207884023868246003985"
"viper","PBX1","RKO","1.550644389352175523","0.120986928184669162433806377521250397"
"viper","PBX1","SW948","1.662044763173603723","0.096503799551384605859283283280092292"
"viper","PDX1","RKO","0.920493203842620122","0.357315082888014001749610315528116189"
"viper","PDX1","SW948","1.682992200739965805","0.092376601257375595688259295457100961"
"viper","PEG3","RKO","0.662742927932009396","0.507495211291349779259007846121676266"
"viper","PEG3","SW948","1.835359027553865374","0.066452510334971487404587264791189227"
"viper","PGR","RKO","0.228085565749232749","0.819579721232719382584264167235232890"
"viper","PGR","SW948","3.903360787420161238","0.000094866125587630040260148089892311"
"viper","PHF20","RKO","1.001576944892497600","0.316547960588291987793496673475601710"
"viper","PHF20","SW948","1.081218786876473770","0.279599803028374116475873734088963829"
"viper","PHOX2A","RKO","1.470562758569232686","0.141409401668058154477591870090691373"
"viper","PHOX2A","SW948","0.777980230996866196","0.436580667681366163535017221875023097"
"viper","PHOX2B","RKO","0.647832330845900750","0.517093401847290801143230964953545481"
"viper","PHOX2B","SW948","0.750081784281031783","0.453205449647655800315959595536696725"
"viper","PIN1","RKO","-0.542711175105351606","0.587328678759243771878573170397430658"
"viper","PIN1","SW948","-0.045562309175196630","0.963659110876798008504806603014003485"
"viper","PITX1","RKO","0.952276054668325767","0.340956998437332181595138536067679524"
"viper","PITX1","SW948","0.642027599945266925","0.520855262745918534683653433603467420"
"viper","PITX2","RKO","0.032926584926431725","0.973733132580780869069769778434420004"
"viper","PITX2","SW948","-0.227762920459750717","0.819830554252460874664620860130526125"
"viper","PITX3","RKO","1.949948457199639718","0.051182262708089371061603856105648447"
"viper","PITX3","SW948","0.839504209314236638","0.401186428103121606181247216227347963"
"viper","PKNOX1","RKO","1.510509530734726713","0.130913459317705094253625475175795145"
"viper","PKNOX1","SW948","0.549080509927100890","0.582950199925479140006245870608836412"
"viper","PLAG1","RKO","-0.398036442810261404","0.690603322916286233024152352300006896"
"viper","PLAG1","SW948","-0.181995444519142735","0.855586300947336342304083700582850724"
"viper","PLAGL1","RKO","1.492813929495459435","0.135485900036130840762282900868740398"
"viper","PLAGL1","SW948","0.128247127952063639","0.897953405255906167425905550771858543"
"viper","PML","RKO","3.494799771158011659","0.000474417517407206904000993574754830"
"viper","PML","SW948","2.520863362216498427","0.011706730054134282387190424401524069"
"viper","POU1F1","RKO","0.837873184178871022","0.402101930757028547258613571102614515"
"viper","POU1F1","SW948","-1.200441114001287835","0.229968069407586045427294152432295959"
"viper","POU2F1","RKO","0.671092031902850938","0.502161902689326922200052649714052677"
"viper","POU2F1","SW948","0.711536734413181216","0.476751695624810123419479168660473078"
"viper","POU2F2","RKO","-0.555512830296418514","0.578543936728394214696891140192747116"
"viper","POU2F2","SW948","-0.131194436299986950","0.895621497107464525910813790687825531"
"viper","POU2F3","RKO","1.322828207871098449","0.185892514321918722597359874271205626"
"viper","POU2F3","SW948","1.236984189722629246","0.216092952272343902242468516305962112"
"viper","POU3F1","RKO","0.614220383041564788","0.539069705803679299904729305126238614"
"viper","POU3F1","SW948","0.345092747511997144","0.730024645585891418519963735889177769"
"viper","POU3F2","RKO","2.819456294750952274","0.004810508143294532287792542035731458"
"viper","POU3F2","SW948","2.650429791205227481","0.008038943359697976048794387793350325"
"viper","POU4F1","RKO","1.656522013936661208","0.097616150759015765658865859677462140"
"viper","POU4F1","SW948","0.887570118900097071","0.374772032942232991015174548010691069"
"viper","POU4F2","RKO","0.557104722329181401","0.577455881276826787917855199339101091"
"viper","POU4F2","SW948","-0.989673611612809645","0.322333677140964725005289892578730360"
"viper","POU5F1","RKO","0.633407121361088010","0.526467815753239309906064136157510802"
"viper","POU5F1","SW948","1.636849611640839974","0.101661896593245176800834883579227608"
"viper","PPARA","RKO","1.132766578134216884","0.257312290197733606333940770127810538"
"viper","PPARA","SW948","1.147093231813913983","0.251343090824421744322592076059663668"
"viper","PPARD","RKO","1.332277090647870033","0.182769152355401531817591376238851808"
"viper","PPARD","SW948","2.889384028248295877","0.003859973568881945073238970422835337"
"viper","PPARG","RKO","0.446873062250518704","0.654966714691685769622608859208412468"
"viper","PPARG","SW948","1.843221379747207678","0.065296694573735589162133408080990193"
"viper","PPARGC1A","RKO","0.447909548992521445","0.654218476577303698071830240223789588"
"viper","PPARGC1A","SW948","0.475891999185648396","0.634151322459563404621007975947577506"
"viper","PPARGC1B","RKO","-0.154347710988860354","0.877335580076067267363271184876793995"
"viper","PPARGC1B","SW948","0.475836208762913104","0.634191071573248388304477884958032519"
"viper","PRDM1","RKO","-0.616680382640507396","0.537445563130606873691874625365016982"
"viper","PRDM1","SW948","-0.443527190226320367","0.657384456703384523201805222925031558"
"viper","PRDM2","RKO","-0.998364255039838944","0.318102760080672397613454904785612598"
"viper","PRDM2","SW948","-0.842380576967977301","0.399574961401790273995970892428886145"
"viper","PRDM4","RKO","2.954622810511474906","0.003130515290090785107679494103649631"
"viper","PRDM4","SW948","1.283958686530917159","0.199156411220839241194013879976409953"
"viper","PREB","RKO","0.492991976034128254","0.622018256942882152848994792293524370"
"viper","PREB","SW948","-0.064914613132841872","0.948241985537522369398288901720661670"
"viper","PROP1","RKO","0.983416654955473479","0.325402416557212248449104663450270891"
"viper","PROP1","SW948","2.577923261622053097","0.009939606869877078490493893525581370"
"viper","PROX1","RKO","0.748219879333321680","0.454327542128432848578256653127027676"
"viper","PROX1","SW948","-0.813156350140119222","0.416128422027968625229732424486428499"
"viper","PRRX1","RKO","2.661820682263970728","0.007771926972761467912464983243125971"
"viper","PRRX1","SW948","0.084349697524438619","0.932778400245350303165992045251186937"
"viper","PTF1A","RKO","0.374959921202914714","0.707690273888243126521047088317573071"
"viper","PTF1A","SW948","-0.092480525776881123","0.926316263085706137481167843361617997"
"viper","PURA","RKO","1.466885145000719204","0.142407302206198765892608548710995819"
"viper","PURA","SW948","0.526505807915801816","0.598536817730584536079163626709487289"
"viper","RARA","RKO","1.250366046504318263","0.211165861805031829234735596401151270"
"viper","RARA","SW948","0.766653667431873909","0.443287457910812421335577937497873791"
"viper","RARB","RKO","1.721583106861261259","0.085145065534592861977714051135990303"
"viper","RARB","SW948","0.688254350124196779","0.491292623356400615097783202145365067"
"viper","RARG","RKO","3.658508664878403760","0.000253687165395388247810665172110589"
"viper","RARG","SW948","1.512445671159172500","0.130420523796229287372128169408824760"
"viper","RB1","RKO","-1.321994361978977794","0.186170028346087257364871447862242348"
"viper","RB1","SW948","1.260898382101535820","0.207345461193165853108766327750345226"
"viper","RBPJ","RKO","1.161282595791026218","0.245526994908721346577706867719825823"
"viper","RBPJ","SW948","0.311642162950304002","0.755312487458467574086284912482369691"
"viper","RCOR2","RKO","-1.117583397960510538","0.263744962642995184332050939701730385"
"viper","RCOR2","SW948","-0.551288475197907468","0.581435937583691164753929569997126237"
"viper","REL","RKO","-0.396907928050451997","0.691435357668045869061757002782542259"
"viper","REL","SW948","1.166246118778554886","0.243514951071651691849595522398885805"
"viper","REL_RELA","RKO","-0.506742943413851288","0.612335194927520864993653049168642610"
"viper","REL_RELA","SW948","1.259142343275893694","0.207978922519253345280176858977938537"
"viper","REL_RELB","RKO","-0.506742943413851288","0.612335194927520864993653049168642610"
"viper","REL_RELB","SW948","1.259142343275893694","0.207978922519253345280176858977938537"
"viper","RELA","RKO","0.293324746126288449","0.769273940421379309739791096944827586"
"viper","RELA","SW948","1.788770841913101650","0.073651728608031249989629429819615325"
"viper","RELA_RELB","RKO","-0.506742943413851288","0.612335194927520864993653049168642610"
"viper","RELA_RELB","SW948","1.259142343275893694","0.207978922519253345280176858977938537"
"viper","RELB","RKO","-0.361935883544276138","0.717399944037000913965584913967177272"
"viper","RELB","SW948","0.633231938397884941","0.526582191924595433007993960927706212"
"viper","REST","RKO","4.494565285851368941","0.000006971221370732691622836875444680"
"viper","REST","SW948","1.363310628058423735","0.172784633895684491822208883604616858"
"viper","RFX1","RKO","-0.420257258888959317","0.674297529712554744030228448536945507"
"viper","RFX1","SW948","-1.204671248267174644","0.228330239678554175464242348425614182"
"viper","RFX5","RKO","1.150483871575872508","0.249944633306681457396436485396407079"
"viper","RFX5","SW948","1.376830731366734950","0.168564587148321648468751732252712827"
"viper","RFXANK","RKO","1.745785121050209776","0.080848297364133542286523947950627189"
"viper","RFXANK","SW948","1.287674735850437013","0.197859211592496669895879790601611603"
"viper","RFXAP","RKO","0.638223846394776362","0.523327976359184265930934998323209584"
"viper","RFXAP","SW948","-0.404575756313426071","0.685789382073147102403254393720999360"
"viper","RORA","RKO","1.067923350343663147","0.285555088587694627655366730323294178"
"viper","RORA","SW948","1.975727235900581968","0.048185678477978256817326752070584917"
"viper","RORC","RKO","2.457046735368647816","0.014008446132372696923962251958073466"
"viper","RORC","SW948","2.321691882056728939","0.020249532381829492277969251290414832"
"viper","RREB1","RKO","-0.122606098001301636","0.902419025374061156696825491962954402"
"viper","RREB1","SW948","-0.348252501388121916","0.727650562095226938197356503224000335"
"viper","RUNX1","RKO","3.307433507809486528","0.000941550611651225093784445263622729"
"viper","RUNX1","SW948","1.372653876961371422","0.169859974186220424874349532728956547"
"viper","RUNX2","RKO","1.394400275695746094","0.163196764906700042541132233964162879"
"viper","RUNX2","SW948","0.859713555502963911","0.389946960611970872001563748199259862"
"viper","RUNX3","RKO","1.412671787474161000","0.157752250579597713686652582509850617"
"viper","RUNX3","SW948","0.878383339833462728","0.379735722430676658767367825930705294"
"viper","RXRA","RKO","0.068636371998313961","0.945279066453484029253218068333808333"
"viper","RXRA","SW948","2.520989058244250458","0.011702549094966267079209742973944230"
"viper","RXRB","RKO","1.949557205313176000","0.051228918271429384201365309081666055"
"viper","RXRB","SW948","0.894522023778531294","0.371042651498659503683796856421395205"
"viper","RXRG","RKO","0.859108710807684584","0.390280541913564316125473396823508665"
"viper","RXRG","SW948","-1.255610025789985151","0.209257394604873692145474706194363534"
"viper","SALL2","RKO","2.344490349038663268","0.019053103615801987580358201057606493"
"viper","SALL2","SW948","-0.152035549764200723","0.879158896901895525743952930497471243"
"viper","SALL3","RKO","-0.619184466844814207","0.535794843511434137894866580609232187"
"viper","SALL3","SW948","-0.699516252812852124","0.484229459513691673500090928428107873"
"viper","SALL4","RKO","0.198099345061536786","0.842967337244773240456652274588122964"
"viper","SALL4","SW948","2.575519537354480359","0.010008961853874023817390082058409462"
"viper","SATB1","RKO","1.224388674842800562","0.220805639538923764719768882969219703"
"viper","SATB1","SW948","-0.900872003558402579","0.367656378230923508443339642326463945"
"viper","SATB2","RKO","1.480548080897198915","0.138727039298551180213081579495337792"
"viper","SATB2","SW948","0.428912929884410765","0.667986590252624523600388783961534500"
"viper","SCX","RKO","0.510560373560635550","0.609658929294754625693997240887256339"
"viper","SCX","SW948","0.192343540905010935","0.847473114364972635037531745183514431"
"viper","SETBP1","RKO","-0.946635588527157568","0.343824502679428878337830610689707100"
"viper","SETBP1","SW948","0.015937585469547270","0.987284184936540909482971528632333502"
"viper","SF1","RKO","-2.428981812806207063","0.015141291853557618113379490409897699"
"viper","SF1","SW948","-0.954777531348443009","0.339690212188304141438521810414385982"
"viper","SFPQ","RKO","-0.806456362421320350","0.419979759678213049323147743052686565"
"viper","SFPQ","SW948","0.055299249547942256","0.955900060027200626500132329965708777"
"viper","SIM2","RKO","1.498810224868482255","0.133922871268251919563141427715891041"
"viper","SIM2","SW948","1.275164787692425916","0.202250921761529339759633216999645811"
"viper","SIN3A","RKO","-1.535501907113212550","0.124660588985736148215366370095580351"
"viper","SIN3A","SW948","-0.941332106364238363","0.346534694417129252030917996307834983"
"viper","SIRT1","RKO","1.284193772820180879","0.199074163522779068458135043329093605"
"viper","SIRT1","SW948","0.344541492388398707","0.730439097489996691514591020677471533"
"viper","SIX1","RKO","0.313140978504760137","0.754173557165964569826144270336953923"
"viper","SIX1","SW948","-0.318746639726780689","0.749918644473184681231714421301148832"
"viper","SIX3","RKO","0.948934278690452992","0.342654039030709400837082512225606479"
"viper","SIX3","SW948","0.444289369748989582","0.656833385807032099634739097382407635"
"viper","SKIL","RKO","0.445328762456701166","0.656082185042763721405378873896552250"
"viper","SKIL","SW948","1.269071902887536574","0.204415420329826819090257572497648653"
"viper","SMAD1","RKO","1.650796012878251062","0.098780234561788166081086615122330841"
"viper","SMAD1","SW948","0.467132791287160287","0.640404874758684128366326149262022227"
"viper","SMAD2","RKO","1.721508767397082806","0.085158542613693974376865014619397698"
"viper","SMAD2","SW948","3.081921612019059786","0.002056689901718719223899789483311906"
"viper","SMAD3","RKO","2.020901244067208502","0.043289989108685048013747120876359986"
"viper","SMAD3","SW948","2.292812426489474475","0.021858806290987423115446119936677860"
"viper","SMAD4","RKO","2.208823604318236544","0.027186912566015221381920952126165503"
"viper","SMAD4","SW948","2.470045805002884176","0.013509575259280983197673897677759669"
"viper","SMAD5","RKO","1.297628794131953756","0.194414922720075405981887683992681559"
"viper","SMAD5","SW948","0.705807622242544452","0.480307781309222803223235587211092934"
"viper","SMAD6","RKO","-0.008786688856645158","0.992989326831710150678134141344344243"
"viper","SMAD6","SW948","0.384683927759621458","0.700471604364235833628526961547322571"
"viper","SMAD7","RKO","1.778050664391518154","0.075395534200045286055136273262178292"
"viper","SMAD7","SW948","4.157151580432950411","0.000032224019390641356786354060348643"
"viper","SMAD9","RKO","0.645347591780589203","0.518701957809687197453740736818872392"
"viper","SMAD9","SW948","-0.756019057713419040","0.449637769546023913225241130930953659"
"viper","SMARCA1","RKO","-1.668856189947454549","0.095145883728566221781974832083506044"
"viper","SMARCA1","SW948","-1.686581746713474050","0.091683804231260171424544580531801330"
"viper","SMARCA4","RKO","3.093745238378605933","0.001976471272519706931514171799335600"
"viper","SMARCA4","SW948","1.078825394284192996","0.280665572112334005261402580799767748"
"viper","SMARCA5","RKO","1.164379382011045516","0.244270299349150149526010977751866449"
"viper","SMARCA5","SW948","0.211787009928641995","0.832273203226951530098176590399816632"
"viper","SMARCB1","RKO","2.582036130550634745","0.009821930159958355138760666136477084"
"viper","SMARCB1","SW948","0.500657415873525191","0.616612246888857074011980330396909267"
"viper","SNAI1","RKO","1.271975662446246602","0.203381766617520692852494335056690034"
"viper","SNAI1","SW948","0.832592658867517543","0.405074500651457169997371465797186829"
"viper","SNAI2","RKO","1.990265614072459943","0.046561683769140438382549973539425991"
"viper","SNAI2","SW948","2.696987805888085177","0.006996983252538651470997521641947969"
"viper","SOX10","RKO","2.393480271209366350","0.016689378857627956004305858073166746"
"viper","SOX10","SW948","1.894725214639160438","0.058128815433049083050143224227213068"
"viper","SOX11","RKO","1.480945058481857091","0.138621214670606840435596041061216965"
"viper","SOX11","SW948","1.410732515784424379","0.158323499518322086121457914487109520"
"viper","SOX17","RKO","-0.006211007289611304","0.995044365038539768697489762416807935"
"viper","SOX17","SW948","1.930152122481995081","0.053587991807668836075073670599522302"
"viper","SOX2","RKO","1.909204529804949368","0.056235712181148693467047650074164267"
"viper","SOX2","SW948","0.357100964609199434","0.721016222373294768388518605206627399"
"viper","SOX4","RKO","2.760428989955670431","0.005772550564125778632673657853047189"
"viper","SOX4","SW948","-0.298235794279510968","0.765523204230039500117754869279451668"
"viper","SOX5","RKO","-0.045059406870507336","0.964059957162293978960576623649103567"
"viper","SOX5","SW948","2.437921702108438282","0.014771973213490829923699720893637277"
"viper","SOX6","RKO","0.486759174304861708","0.626429005099278235491055966122075915"
"viper","SOX6","SW948","0.670659471250830586","0.502437487123693071744412463885964826"
"viper","SOX9","RKO","0.606291041291616706","0.544321506516603603742510131269227713"
"viper","SOX9","SW948","1.902941185207625008","0.057048220119477972833710310851529357"
"viper","SP1","RKO","0.979010458770525061","0.327574811826035705575321799187804572"
"viper","SP1","SW948","-0.145177993318839377","0.884570340628885287692639849410625175"
"viper","SP2","RKO","0.043017706204063359","0.965687419408389757791155716404318810"
"viper","SP2","SW948","0.276635407855594706","0.782060073760870833048386430164100602"
"viper","SP3","RKO","1.247745304471725936","0.212124344533149850056119589680747595"
"viper","SP3","SW948","1.906288881658179557","0.056612735959702925603309608959534671"
"viper","SP4","RKO","0.626171303825753256","0.531202587196901832022888356732437387"
"viper","SP4","SW948","-0.634668908116078012","0.525644375857515555594545730855315924"
"viper","SP7","RKO","0.986961069819557224","0.323661723797874278929498359502758831"
"viper","SP7","SW948","-0.296415009029957766","0.766913164533444491333114001463400200"
"viper","SPDEF","RKO","-0.431755651179695776","0.665919015365933342209814327361527830"
"viper","SPDEF","SW948","1.333250882188806941","0.182449486575130437326919263796298765"
"viper","SPI1","RKO","1.901860820550635101","0.057189352440227068929967657595625496"
"viper","SPI1","SW948","1.477093123300668775","0.139650676646602883712589004971960094"
"viper","SPIB","RKO","0.113652316710730145","0.909513413256289204866789077641442418"
"viper","SPIB","SW948","0.480362447249725377","0.630969691881185568149703613016754389"
"viper","SREBF1","RKO","-1.347535489343094639","0.177807831457788667606223498296458274"
"viper","SREBF1","SW948","0.872575874702838039","0.382894295070353662957529650157084689"
"viper","SREBF2","RKO","-2.897486229521451406","0.003761662516642821224577275529554754"
"viper","SREBF2","SW948","0.201290025395818362","0.840471801530177975436686210741754621"
"viper","SRF","RKO","1.198547214726429999","0.230704053628055821834053062957536895"
"viper","SRF","SW948","2.778018311441318389","0.005469153600586289937224293566941924"
"viper","SRSF2","RKO","-4.176709500681745624","0.000029575634514495237136584224191260"
"viper","SRSF2","SW948","0.310654113480911209","0.756063584451592718416179650375852361"
"viper","SRY","RKO","0.125577310075987270","0.900066524685447122422488064330536872"
"viper","SRY","SW948","0.977200145159126121","0.328470076165292890202351827610982582"
"viper","SSRP1","RKO","3.242759756904115331","0.001183779839491015152541653066009530"
"viper","SSRP1","SW948","1.623649712975348880","0.104450589109953251298890108955674805"
"viper","STAT1","RKO","3.759263137622971040","0.000170414529618495596456975715859983"
"viper","STAT1","SW948","2.809801310439958844","0.004957209283155826658184839317300430"
"viper","STAT2","RKO","2.849105387998068561","0.004384235517034745094333558768084913"
"viper","STAT2","SW948","1.402314721211825876","0.160821286313291872405173421611834783"
"viper","STAT3","RKO","1.606400688638168317","0.108185899682986086389746560598723590"
"viper","STAT3","SW948","1.932415966303085320","0.053308184926931644065373205876312568"
"viper","STAT4","RKO","0.613856742751364370","0.539309997150179132319181007915176451"
"viper","STAT4","SW948","-0.303584256516188311","0.761444647313746170169679317041300237"
"viper","STAT5A","RKO","1.674124594171950031","0.094106115148106808665495748300600098"
"viper","STAT5A","SW948","1.537485937690335591","0.124174356058446538897399591405701358"
"viper","STAT5B","RKO","1.065335397118997163","0.286724180001670825301829381714924239"
"viper","STAT5B","SW948","1.646793760524609906","0.099600444291222847703615173031721497"
"viper","STAT6","RKO","1.374774626772837127","0.169201326758364772873122205965046305"
"viper","STAT6","SW948","2.002699162787143994","0.045209588719998680672595980922778836"
"viper","TADA2A","RKO","-2.385018181521497915","0.017078277283286889820512755022718920"
"viper","TADA2A","SW948","0.357631116405590310","0.720619388885096689989495644113048911"
"viper","TAF1","RKO","1.303844514431633739","0.192286601616741742448724039604712743"
"viper","TAF1","SW948","1.983000644751643948","0.047367357520271109738718706694271532"
"viper","TAL1","RKO","1.286544780919349984","0.198253000872593926340314851586299483"
"viper","TAL1","SW948","0.819698472652565013","0.412388020935388344145877681512502022"
"viper","TBP","RKO","-1.859151318911215656","0.063005692834931625867511684191413224"
"viper","TBP","SW948","-0.660422388226097445","0.508982808943721831695938817574642599"
"viper","TBPL1","RKO","2.332540611092825067","0.019672269074798010707327833301860665"
"viper","TBPL1","SW948","3.679039086034352923","0.000234114389643771134488781093807575"
"viper","TBPL2","RKO","1.242759809762421952","0.213956356668252939412511182126763742"
"viper","TBPL2","SW948","2.579562400387018339","0.009892558405603272403405767931872106"
"viper","TBX1","RKO","1.206924320542933637","0.227461290522802173086347465869039297"
"viper","TBX1","SW948","-0.013918166228451136","0.988895268578946273763108365528751165"
"viper","TBX15","RKO","-0.010223404254986001","0.991843045677765822176752408267930150"
"viper","TBX15","SW948","1.059266871779876995","0.289478257740326538893782526429276913"
"viper","TBX18","RKO","1.218499392992634434","0.223034255299405598238493553253647406"
"viper","TBX18","SW948","-0.268444089197913349","0.788357506163504861973478909931145608"
"viper","TBX2","RKO","0.653916318929225859","0.513165719647926565905038387427339330"
"viper","TBX2","SW948","1.428211996272715556","0.153230848753948351026465957147593144"
"viper","TBX21","RKO","0.301149344836287636","0.763300614708300573241217534814495593"
"viper","TBX21","SW948","-1.511870420425019956","0.130566830289824103994433812658826355"
"viper","TBX3","RKO","2.643212974753153865","0.008212336094246455026057773807224294"
"viper","TBX3","SW948","1.560208001804992861","0.118710735302578682115459685064706719"
"viper","TBX5","RKO","0.579180851869259050","0.562467149621931117309259207104332745"
"viper","TBX5","SW948","-0.284551613027098804","0.775987686423630473875334701006067917"
"viper","TBX6","RKO","-0.494365099941822816","0.621048356930509859452627097198273987"
"viper","TBX6","SW948","1.075515353408656782","0.282144062045991184106696891831234097"
"viper","TBXT","RKO","0.946707178849502062","0.343788011331296161632309349442948587"
"viper","TBXT","SW948","1.936638241808935845","0.052789579878708733917669349011703162"
"viper","TCF12","RKO","1.181471636683047555","0.237415414507841981972546818724367768"
"viper","TCF12","SW948","-0.302166239637740086","0.762525338900548854681460397841874510"
"viper","TCF21","RKO","2.198782148291354765","0.027893416448175330918379799527428986"
"viper","TCF21","SW948","2.152468235970009580","0.031360494428549413881146534777144552"
"viper","TCF3","RKO","1.840408687054706949","0.065708259046121209046020794630749151"
"viper","TCF3","SW948","1.013988047221017208","0.310588455796278084530825935871689580"
"viper","TCF4","RKO","1.832314349966936096","0.066904600369434977236160477787052514"
"viper","TCF4","SW948","1.838978188408228576","0.065918394269543906238695285537687596"
"viper","TCF7","RKO","1.957376835128075143","0.050303179938794170822369267170870444"
"viper","TCF7","SW948","1.186220847528555833","0.235535095347344070049189213023055345"
"viper","TCF7L2","RKO","-0.683587767766320242","0.494235511002752314624331120285205543"
"viper","TCF7L2","SW948","1.667255586587501837","0.095463593898391499448230490543210180"
"viper","TEAD1","RKO","0.536893838220271258","0.591340947500463398611714183061849326"
"viper","TEAD1","SW948","0.105268232408873952","0.916162969753826272878427516843657941"
"viper","TEAD2","RKO","1.975484661928854635","0.048213173526197194984632687919656746"
"viper","TEAD2","SW948","0.280665636249958050","0.778966868005833701360529630619566888"
"viper","TEAD4","RKO","-1.128614816973691815","0.259060357433398391613366129604401067"
"viper","TEAD4","SW948","0.759161237079737483","0.447756110834451936941746907905326225"
"viper","TEF","RKO","1.117356264740159588","0.263842027167169590473605467195739038"
"viper","TEF","SW948","0.567100970734151888","0.570645583419793434032385448517743498"
"viper","TET1","RKO","0.145868657356512360","0.884025074700833579655068206193391234"
"viper","TET1","SW948","1.422121466993892636","0.154990991870537775376703848451143131"
"viper","TFAM","RKO","-0.493675762228203863","0.621535185399128553562775323371170089"
"viper","TFAM","SW948","-1.670865724970858945","0.094748202885277216234172215081343893"
"viper","TFAP2A","RKO","1.415340220775809899","0.156968767665206204720007576725038234"
"viper","TFAP2A","SW948","1.858534452260119041","0.063093155596923522487884383735945448"
"viper","TFAP2B","RKO","0.990533046619150204","0.321913644867644843650111852184636518"
"viper","TFAP2B","SW948","0.584795814386557256","0.558685019098429158646013092948123813"
"viper","TFAP2C","RKO","3.010033389122375613","0.002612189721947506121368931530923874"
"viper","TFAP2C","SW948","1.495921333632556749","0.134674156207522460748648995831899811"
"viper","TFAP4","RKO","0.272618237645903039","0.785146691185128364764977959566749632"
"viper","TFAP4","SW948","1.024883634638373398","0.305418097403319432903145980162662454"
"viper","TFCP2","RKO","0.334701435753617105","0.737850318285315331934270943747833371"
"viper","TFCP2","SW948","1.336795388924013839","0.181289434754442202457624944145209156"
"viper","TFDP1","RKO","-0.291701506357131268","0.770514857383787665767727048660162836"
"viper","TFDP1","SW948","0.092310564122697170","0.926451295252929241108574842655798420"
"viper","TFDP2","RKO","-1.736984227660586244","0.082389954888949776257156543124438031"
"viper","TFDP2","SW948","0.019907954925653646","0.984116799290596921956364440120523795"
"viper","TFDP3","RKO","-2.123589300911508104","0.033704500979937046523104982043150812"
"viper","TFDP3","SW948","-0.346932775751824962","0.728641822634348512721658153168391436"
"viper","TFE3","RKO","1.564283839362558215","0.117750925611366991097028744661656674"
"viper","TFE3","SW948","2.881050714276182756","0.003963518609460994768234343155199895"
"viper","TFEB","RKO","0.177401916527901549","0.859192702022685939056145798531360924"
"viper","TFEB","SW948","2.317965081946047334","0.020451218850309576396950816956632480"
"viper","TGFB1I1","RKO","1.559375501460308344","0.118907531206382033328594616250484250"
"viper","TGFB1I1","SW948","-0.700892786637482779","0.483369926426797269503055076711461879"
"viper","TGIF1","RKO","0.006848782896863153","0.994535504585781771069719070510473102"
"viper","TGIF1","SW948","1.469103834118717034","0.141804627985446962679105809002066962"
"viper","THAP11","RKO","0.247806948214645995","0.804283778684677819192927472613519058"
"viper","THAP11","SW948","-0.453422995050325239","0.650244181313931024490671006788033992"
"viper","THRA","RKO","-0.721068262554920292","0.470867516617548331758769109001150355"
"viper","THRA","SW948","1.695708299310981326","0.089941136024703383089473618383635767"
"viper","THRB","RKO","-1.226365393584452956","0.220061202828616825355467767622030806"
"viper","THRB","SW948","0.521484319990713319","0.602029425820677310809969640104100108"
"viper","TLX1","RKO","-0.444207100292594803","0.656892859276008489466391893074614927"
"viper","TLX1","SW948","-1.531833011409296175","0.125563647603319977763547399263188709"
"viper","TOX3","RKO","0.832385204649212507","0.405191550560482449672150551123195328"
"viper","TOX3","SW948","0.157757493151093220","0.874647894682800131072042404412059113"
"viper","TP53","RKO","-0.671297825337435539","0.502030819749507584148773275956045836"
"viper","TP53","SW948","1.854404834222460163","0.063681263720404987505041560780227883"
"viper","TP63","RKO","0.741141603915227654","0.458607586201498274025567525313817896"
"viper","TP63","SW948","0.851308029166597313","0.394598265898147448904609291275846772"
"viper","TP73","RKO","1.271834599560428991","0.203431892781474915610218090478156228"
"viper","TP73","SW948","0.124496136541190974","0.900922459177129653085103200282901525"
"viper","TRERF1","RKO","1.997789690796837769","0.045739465482077988622844344490658841"
"viper","TRERF1","SW948","1.043661631025763148","0.296641967618375246296125169465085492"
"viper","TRIM28","RKO","-0.421550692473394828","0.673353002813408929583260942308697850"
"viper","TRIM28","SW948","-0.819738396665317448","0.412365256090446496983759061549790204"
"viper","TRPS1","RKO","1.782518121267918421","0.074664778805630424574069081700145034"
"viper","TRPS1","SW948","1.414301731756083313","0.157273328716825783191168852681585122"
"viper","TSC22D1","RKO","1.813335756979861157","0.069780051497697254125895938159374055"
"viper","TSC22D1","SW948","0.991327274960509874","0.321525798865721024188957244405173697"
"viper","TTF1","RKO","1.096845518994193691","0.272708928048851717562683916185051203"
"viper","TTF1","SW948","1.441921358829819644","0.149324559994486405489766411847085692"
"viper","TWIST1","RKO","1.189680048836350590","0.234172169911586819379678559016610961"
"viper","TWIST1","SW948","1.753293341473030953","0.079551667865889214015240327171341050"
"viper","TWIST2","RKO","3.115858063051093030","0.001834105296198951370531537996555471"
"viper","TWIST2","SW948","1.082550872280177767","0.279007823393546461332448416214901954"
"viper","UBTF","RKO","0.684724258168720290","0.493517938427948610335960211159544997"
"viper","UBTF","SW948","0.101797761167070427","0.918917202749791162119663567864336073"
"viper","USF1","RKO","0.659276284146391167","0.509718368680749822630104972631670535"
"viper","USF1","SW948","0.842860955332696227","0.399306212412134931000196047534700483"
"viper","USF2","RKO","-0.373065541142781787","0.709099664466795953643440952873788774"
"viper","USF2","SW948","-0.195412198245786040","0.845070267872154112787086432945216075"
"viper","VDR","RKO","0.744759195064377377","0.456417306767917918541854760405840352"
"viper","VDR","SW948","1.654155726125289494","0.098095875914835942155356462990312139"
"viper","VEZF1","RKO","0.218325376158470641","0.827175604007038267617701876588398591"
"viper","VEZF1","SW948","2.688701420529629349","0.007173054654521252189447455549498045"
"viper","VHL","RKO","1.865422919994927042","0.062122147156666231160304647573866532"
"viper","VHL","SW948","1.712851818419461658","0.086739804201389311688608074746298371"
"viper","VSX2","RKO","1.296400293812415505","0.194837610914699643771541559544857591"
"viper","VSX2","SW948","0.104919344348977608","0.916439809115339176770476115052588284"
"viper","WT1","RKO","0.384875894154481479","0.700329366438893319291025818529305980"
"viper","WT1","SW948","-0.215419935592002038","0.829439928493614253568466665456071496"
"viper","WWTR1","RKO","3.075021160541372200","0.002104876192048167615755716042258427"
"viper","WWTR1","SW948","-0.251937237752786147","0.801089576145709081345103186322376132"
"viper","XBP1","RKO","1.412273776233360811","0.157869364743896456459992805321235210"
"viper","XBP1","SW948","1.782381439440152260","0.074687050149838965507065324800350936"
"viper","YAP1","RKO","1.916052305574442061","0.055358438260214894166555410492946976"
"viper","YAP1","SW948","-0.343207129752672313","0.731442641317013864110663234896492213"
"viper","YBX1","RKO","0.115369492164290557","0.908152259193764965772288633161224425"
"viper","YBX1","SW948","1.796339162639205789","0.072440593020500640419889748500281712"
"viper","YBX3","RKO","1.223868657708507168","0.221001778799243125961382361310825218"
"viper","YBX3","SW948","-0.257699768565705811","0.796638624731556443947511070291511714"
"viper","YY1","RKO","-1.015611667212835467","0.309814346731923595523738867996144108"
"viper","YY1","SW948","0.609920968299306088","0.541914161746867462099430667876731604"
"viper","ZBED1","RKO","-0.417299751286990928","0.676459170410903087855558624141849577"
"viper","ZBED1","SW948","-0.557299025799362191","0.577323141201104172992586427426431328"
"viper","ZBTB14","RKO","-2.989449954035630075","0.002794802272804334988126617744796931"
"viper","ZBTB14","SW948","-1.500045984396894516","0.133602491371473064418751164339482784"
"viper","ZBTB16","RKO","1.346496176173158421","0.178142552748527666084399356805079151"
"viper","ZBTB16","SW948","0.772298326339685093","0.439937756459230056016451726463856176"
"viper","ZBTB17","RKO","-0.843786882188879539","0.398788507059256391862334112374810502"
"viper","ZBTB17","SW948","1.099217302371572558","0.271673293470287235962246086273808032"
"viper","ZBTB18","RKO","0.867490978475092489","0.385673052682188488571313200736767612"
"viper","ZBTB18","SW948","-2.564398260314278755","0.010335487522310790944879421715540957"
"viper","ZBTB32","RKO","-1.226276063842106412","0.220094805711927632430047196976374835"
"viper","ZBTB32","SW948","-0.553426548816962405","0.579971363679066764795777544350130484"
"viper","ZBTB33","RKO","2.905451910024442697","0.003667231976952631603006160787572298"
"viper","ZBTB33","SW948","0.618853569532547554","0.536012828121550821691698729409836233"
"viper","ZBTB4","RKO","1.170218564462198518","0.241913023828373902057720101765880827"
"viper","ZBTB4","SW948","-0.196111167294304833","0.844523155742766928888443089817883447"
"viper","ZBTB7A","RKO","1.248051422576806013","0.212012226242721035784910554866655730"
"viper","ZBTB7A","SW948","1.377202554744955787","0.168449632212782529627759231516392902"
"viper","ZBTB7B","RKO","0.427174765268955203","0.669252039903960760369727722718380392"
"viper","ZBTB7B","SW948","2.015035300183790401","0.043900950496090627994671962142092525"
"viper","ZEB1","RKO","0.912197150085024555","0.361664943915143310970705670115421526"
"viper","ZEB1","SW948","1.078242493837264115","0.280925552794061006434134242226718925"
"viper","ZEB2","RKO","1.384681429047204926","0.166149900073462364336052132784971036"
"viper","ZEB2","SW948","1.142747753198562810","0.253143336839536325921784509773715399"
"viper","ZFHX3","RKO","2.981080510813632234","0.002872332673431178887146764111548691"
"viper","ZFHX3","SW948","0.274379074754126040","0.783793322108357171096315596514614299"
"viper","ZFP42","RKO","-1.169242169040255241","0.242306075760648442773970145935891196"
"viper","ZFP42","SW948","-0.799863778833094452","0.423789725709886211379995302195311524"
"viper","ZFPM1","RKO","-0.598456094356742185","0.549535646501461361168594521586783230"
"viper","ZFPM1","SW948","0.612381517330779723","0.540285367399263805054943077266216278"
"viper","ZFPM2","RKO","0.819999255299180385","0.412216531705375255345558116459869780"
"viper","ZFPM2","SW948","-0.564880610804216921","0.572154972571171427375702478457242250"
"viper","ZFX","RKO","2.129537688722634492","0.033209800149346949127426853465294698"
"viper","ZFX","SW948","0.643952905154977495","0.519605973445454338843774166889488697"
"viper","ZGLP1","RKO","0.517985217104333318","0.604468583527653202658314057771349326"
"viper","ZGLP1","SW948","0.947002895048328797","0.343637303718117570472401212100521661"
"viper","ZGPAT","RKO","2.082037577015892538","0.037339037526912019493430250349774724"
"viper","ZGPAT","SW948","-0.246883958109001739","0.804998031685238757404476928059011698"
"viper","ZHX2","RKO","-0.477317523941018895","0.633136034244553447258851974766002968"
"viper","ZHX2","SW948","0.471423216610278417","0.637338539880239363100145055796019733"
"viper","ZIC1","RKO","0.922032049170516399","0.356511858713668028375565199894481339"
"viper","ZIC1","SW948","-0.790069662016587126","0.429487086302478116017766751610906795"
"viper","ZKSCAN7","RKO","-0.764342701071991648","0.444663044973728882602870271512074396"
"viper","ZKSCAN7","SW948","-0.478973580517067288","0.631957423753919389497468728222884238"
"viper","ZMYND8","RKO","2.491535754819144799","0.012719216449403211027791016363153176"
"viper","ZMYND8","SW948","0.200246461504218459","0.841287831933168250841958979435730726"
"viper","ZNF143","RKO","-2.110042360537794703","0.034854707320406519421851498918840662"
"viper","ZNF143","SW948","-0.429210867977550703","0.667769774633356849591336867888458073"
"viper","ZNF148","RKO","2.874656077583850333","0.004044678070275780322473391237281248"
"viper","ZNF148","SW948","0.682344556144557690","0.495021105342210998578877934050979093"
"viper","ZNF160","RKO","0.173235640331581231","0.862466210202430083597846532939001918"
"viper","ZNF160","SW948","0.335196822545198614","0.737476618772321623751508923305664212"
"viper","ZNF202","RKO","1.068565426452669387","0.285265534399047504532376251518144272"
"viper","ZNF202","SW948","3.045822692983752855","0.002320446288177700332883146572271471"
"viper","ZNF236","RKO","0.165811945595125160","0.868304945034476416410029742110054940"
"viper","ZNF236","SW948","-0.060869417228477517","0.951463205783106946711313867126591504"
"viper","ZNF24","RKO","0.017315537351561796","0.986184890447694750825746723421616480"
"viper","ZNF24","SW948","1.178614045129029897","0.238551896346124336911742602751473896"
"viper","ZNF263","RKO","1.295785287449417122","0.195049468230880568286877974060189445"
"viper","ZNF263","SW948","1.614007618150038459","0.106525773871553139371393115197861334"
"viper","ZNF300","RKO","1.163004291703759963","0.244827761168571023109308271159534343"
"viper","ZNF300","SW948","0.863013752384041988","0.388129905744476422224664702298468910"
"viper","ZNF331","RKO","-2.092453706922796641","0.036397948755454989644420038530370221"
"viper","ZNF331","SW948","-0.935071130639431591","0.349751643281808854979431089304853231"
"viper","ZNF335","RKO","1.655840397516693763","0.097754144406799803324048525610123761"
"viper","ZNF335","SW948","1.812452323152895506","0.069916334375809074952456967366742902"
"viper","ZNF350","RKO","-0.599430230379540241","0.548886022904333858996039907651720569"
"viper","ZNF350","SW948","1.305791501664983922","0.191623470860690287009830967690504622"
"viper","ZNF354C","RKO","2.210234966621545283","0.027088859401427464040912340692557336"
"viper","ZNF354C","SW948","0.435788714755340645","0.662990032484231273102182058210019022"
"viper","ZNF362","RKO","0.093260399491880280","0.925696691552572392680531265796162188"
"viper","ZNF362","SW948","-0.359287642997069445","0.719379917508282451521495204360689968"
"viper","ZNF382","RKO","-0.189202854856797942","0.849933830224819386600643156270962209"
"viper","ZNF382","SW948","-2.094372883023225107","0.036226776427781166856068040260652197"
"viper","ZNF384","RKO","2.654964241428097615","0.007931681598383878359359577814302611"
"viper","ZNF384","SW948","0.557506423404215634","0.577181471614026220251503218605648726"
"viper","ZNF395","RKO","1.216504934198742172","0.223792632569313781898401316539093386"
"viper","ZNF395","SW948","0.025706885300150171","0.979491131997784703067111422569723800"
"viper","ZNF436","RKO","-1.048994891910986826","0.294180469406459588199709287437144667"
"viper","ZNF436","SW948","-1.080934119847093422","0.279726419888628563548138572514289990"
"viper","ZNF699","RKO","1.811721503120191201","0.070029239340445997852313553266867530"
"viper","ZNF699","SW948","0.118986299266061135","0.905286210266988744521654552954714745"
"viper","ZNF76","RKO","-0.763653901542322378","0.445073518816812507825630973457009532"
"viper","ZNF76","SW948","1.327263402703473760","0.184421565544864024532856205951247830"
"viper","ZNF804A","RKO","1.040035104458566284","0.298323591638522012114975723306997679"
"viper","ZNF804A","SW948","2.644609786338401936","0.008178517089352828686732443941309612"
"viper","ZNF91","RKO","1.361296467625890072","0.173420018850049789671530220402928535"
"viper","ZNF91","SW948","0.775002492569431767","0.438338186722083911206482298439368606"
