"Query Name","Rank","Scaled Rank","Set_name","TF","Intersect","Set length","FET p-value","FDR","Odds Ratio","Library","Overlapping_Genes"
"DEG_HMVL_ALL","1","0.000614300000000000","CENPA_ARCHS4_PEARSON","CENPA","125","300","0.00000000000000000000000000000000000000000000000000000000000000000000000000000000000000000000000000000000000000000000000000000000000000000000001082","0.00000000000000000000000000000000000000000000000000000000000000000000000000000000000000000000000000000000000000000000000000000000000000000001759999999999999","59.820000000000000","ARCHS4--Coexpression","CCNF,SMC4,SMC2,CDC20,GTSE1,TMPO,HASPIN,PIMREG,KNSTRN,DEPDC1B,NEIL3,KIF20A,KIF20B,PRR11,PIF1,CDCA2,PARPBP,CDCA3,CDCA5,CDCA8,NCAPG,SKA3,IQGAP3,NCAPH,RACGAP1,RAD21,PLK4,DDIAS,PLK1,ZWINT,TPX2,TOP2A,FEN1,NCAPG2,KIF14,KIF11,KIF15,TUBA1B,NUF2,PBK,TK1,CEP55,DLGAP5,KIF23,KIF22,INCENP,KIFC1,CKS2,DEPDC1,KIF2C,DTYMK,RECQL4,CDKN2C,CENPW,TUBB4B,CENPE,CENPF,MIS18A,TACC3,CENPN,NCAPD2,CENPO,TRIP13,CDKN3,MAD2L1,HJURP,BUB1B,PTTG1,NEK2,OIP5,KPNA2,GAS2L3,BORA,CDC25C,TRAIP,SGO1,SGO2,MELK,TROAP,HMMR,BCL2L12,CCNB2,CCNB1,ECT2,FAM83D,UBE2C,NDC80,DIAPH3,KIF18B,UBE2S,KIF4A,UBE2T,CDK1,ARHGAP11A,HMGB2,FOXM1,LMNB2,CKS1B,EXO1,CKAP2L,CKAP2,CIP2A,CCNA2,ASPM,DBF4,PSRC1,ESPL1,SAPCD2,BIRC5,MTFR2,FAM72D,FAM72B,FAM72A,TTK,AURKB,AURKA,CDC45,POC1A,BUB1,RRM1,RRM2,SPAG5,SHCBP1,RAD51,PRC1"
"DEG_HMVL_ALL","2","0.001229000000000000","E2F8_ARCHS4_PEARSON","E2F8","110","300","0.00000000000000000000000000000000000000000000000000000000000000000000000000000000000000000000000000000000000000000000000278699999999999910026675300","0.00000000000000000000000000000000000000000000000000000000000000000000000000000000000000000000000000000000000000000000226999999999999974472058402815173078712","48.479999999999997","ARCHS4--Coexpression","CCNF,MKI67,SMC4,SMC2,CDC20,GTSE1,TMPO,ESCO2,HASPIN,DEPDC1B,NEIL3,KIF20A,KIF20B,CDCA2,PARPBP,CDCA3,CDCA5,CDCA8,NCAPG,SKA3,IQGAP3,NCAPH,RACGAP1,RAD21,PLK4,DDIAS,PLK1,ZWINT,TPX2,TOP2A,FEN1,NCAPG2,KIF14,KIF11,KIF15,TUBA1B,NUF2,PBK,TK1,CEP55,DLGAP5,KIF23,KIF22,INCENP,KIFC1,DEPDC1,KIF2C,RECQL4,CENPE,CENPF,CENPI,TACC3,CENPN,NCAPD2,CENPO,TRIP13,CDKN3,MAD2L1,HJURP,BUB1B,OIP5,GEN1,LIG1,VRK1,CDC25C,SGO1,MELK,BLM,TROAP,HMMR,CCNB2,CCNB1,ECT2,FAM83D,NDC80,DIAPH3,KIF18B,KIF4A,UBE2T,CDK1,ARHGAP11A,HMGB2,HMGB1,FOXM1,LMNB2,CKS1B,EXO1,CKAP2L,CKAP2,CIP2A,CCNA2,ASPM,DBF4,ESPL1,BIRC5,MTFR2,FAM72D,FAM72B,FAM72A,TTK,AURKB,AURKA,CDC45,POC1A,BUB1,RRM1,RRM2,SPAG5,SHCBP1,PRC1"
"DEG_HMVL_ALL","3","0.001843000000000000","E2F7_ARCHS4_PEARSON","E2F7","85","299","0.00000000000000000000000000000000000000000000000000000000000000000000000000000000000640999999999999888662615964275755353788771882665605043158530896","0.00000000000000000000000000000000000000000000000000000000000000000000000000000000347999999999999949122599657121283419177309434200463122633150274189886717745","33.259999999999998","ARCHS4--Coexpression","CCNF,MKI67,SMC4,SMC2,CDC20,GTSE1,TMPO,HASPIN,KIF20A,KIF20B,CDCA2,CDCA5,CDCA8,NCAPG,SKA3,IQGAP3,NCAPH,RACGAP1,RAD21,PLK4,PLK1,ZWINT,TPX2,TOP2A,FEN1,NCAPG2,KIF14,KIF11,KIF15,TUBA1B,NUF2,PBK,TK1,CEP55,DLGAP5,KIF23,CIT,INCENP,KIFC1,DEPDC1,KIF2C,RECQL4,CENPE,CENPF,NCAPD2,CENPO,TRIP13,MAD2L1,HJURP,BUB1B,LIG1,MELK,BLM,HMMR,CCNB1,ECT2,NDC80,DIAPH3,KIF18B,UBE2S,KIF4A,UBE2T,CDK1,ARHGAP11A,HMGB2,FOXM1,LMNB2,EXO1,CKAP2L,CKAP2,CIP2A,CCNA2,ASPM,ESPL1,BIRC5,TTK,AURKB,AURKA,POC1A,BUB1,RRM1,RRM2,SPAG5,SHCBP1,PRC1"
"DEG_HMVL_ALL","4","0.002457000000000000","FOXN4_ARCHS4_PEARSON","FOXN4","72","300","0.00000000000000000000000000000000000000000000000000000000000000000349699999999999981828845888208917267995307702998623095469897092962129405666537608","0.00000000000000000000000000000000000000000000000000000000000000141999999999999975169745197544436029662114869436075367656447191286882553316647515458816512097","26.449999999999999","ARCHS4--Coexpression","CCNF,SMC4,CDC20,GTSE1,PIMREG,KNSTRN,DEPDC1B,KIF20A,PIF1,CDCA2,CDCA3,CDCA8,NCAPG,IQGAP3,NCAPH,RACGAP1,PLK4,PLK1,TPX2,TOP2A,KIF14,KIF11,KIF15,TUBA1B,NUF2,PBK,DLGAP5,KIF23,KIF22,KIFC1,CKS2,KIF2C,CENPW,TUBB4B,CENPE,CENPF,CDKN3,RTKN2,HJURP,BUB1B,NEK2,KPNA2,GAS2L3,CDC25C,SGO1,SGO2,MELK,TROAP,CCNB2,CCNB1,UBE2C,NDC80,KIF4A,UBE2T,CDK1,ARHGAP11B,HMGB2,CKAP2L,CKAP2,CIP2A,CCNA2,ASPM,PSRC1,ESPL1,BIRC5,FAM72B,RNFT2,TTK,AURKB,BUB1,SPAG5,PRC1"
"DEG_HMVL_ALL","5","0.003071000000000000","FOXM1_ARCHS4_PEARSON","FOXM1","61","300","0.00000000000000000000000000000000000000000000000000038479999999999999284168215211525936241389425497177683195671664525595153205234528145091578048785","0.00000000000000000000000000000000000000000000000012499999999999999679771707445288090518037015259073298239725053883764331410440612982660756903440980128706737","21.370000000000001","ARCHS4--Coexpression","CCNF,SMC4,CDC20,GTSE1,TMPO,HASPIN,KIF20A,CDCA2,CDCA3,CDCA5,CDCA8,NCAPG,IQGAP3,NCAPH,RACGAP1,PLK1,ZWINT,TPX2,FEN1,NCAPG2,KIF11,TUBA1B,TK1,CEP55,KIF23,INCENP,KIFC1,DEPDC1,KIF2C,RECQL4,TCOF1,TUBB4B,TACC3,NCAPD2,CENPO,TRIP13,HJURP,BUB1B,LIG1,MELK,TROAP,HMMR,CCNB1,ECT2,FAM83D,KIF18B,UBE2S,KIF4A,ARHGAP11A,LMNB2,CCNA2,ESPL1,SAPCD2,BIRC5,AURKB,AURKA,BUB1,RRM2,SPAG5,SHCBP1,PRC1"
"DEG_HMVL_ALL","6","0.003686000000000000","MYBL2_ARCHS4_PEARSON","MYBL2","56","300","0.00000000000000000000000000000000000000000000047809999999999999954160517950274501099665736151716151375375503996874181791950740197410524921140814302","0.00000000000000000000000000000000000000000012999999999999998019808219384228668529064041634509595238081685130730979124156433524818777045838064745479611126252","19.219999999999999","ARCHS4--Coexpression","CCNF,SMC4,CDC20,TMPO,HASPIN,KIF20A,CDCA5,CDCA8,NCAPG,IQGAP3,NCAPH,RACGAP1,PLK1,ZWINT,TPX2,FEN1,NCAPG2,KIF11,TUBA1B,TK1,CEP55,KIF22,INCENP,KIFC1,KIF2C,RECQL4,TCOF1,TUBB4B,TACC3,NCAPD2,CENPO,TRIP13,HJURP,BUB1B,LIG1,MELK,TROAP,HMMR,FAM83D,UBE2S,KIF4A,ARHGAP11A,FOXM1,LMNB2,EXO1,CCNA2,ESPL1,SAPCD2,FAM72D,AURKB,CDC45,POC1A,BUB1,RRM2,SPAG5,PRC1"
"DEG_HMVL_ALL","7","0.004300000000000000","E2F2_ARCHS4_PEARSON","E2F2","55","300","0.00000000000000000000000000000000000000000000749899999999999995252513063399048578509319244419098445306960590364689942612514136086529465069407637321","0.00000000000000000000000000000000000000000173999999999999991571360543453269168139769378087858530470318084896804716423183292905961167627069384986092989014983","18.800000000000001","ARCHS4--Coexpression","CCNF,MKI67,SMC4,SMC2,GTSE1,TMPO,ESCO2,HASPIN,NEIL3,CDCA5,CDCA8,NCAPG,NCAPH,SKA1,PLK4,ZWINT,FEN1,NCAPG2,KIF14,KIF11,KIF15,KIF22,INCENP,KIFC1,KIF2C,RECQL4,CDKN2C,NCAPD2,CENPO,SPC24,HJURP,GEN1,LIG1,VRK1,BLM,TROAP,NDC80,KIF18B,ARHGAP11A,ARHGAP11B,HMGB2,FOXM1,EXO1,CKAP2L,CCNA2,ASPM,ESPL1,RNFT2,CDC45,RRM1,RRM2,SPAG5,SHCBP1,EPOR,PRC1"
"DEG_HMVL_ALL","8","0.004914000000000000","PA2G4_ARCHS4_PEARSON","PA2G4","46","300","0.00000000000000000000000000000000017969999999999999698857527626386994625230088601788937271966513854814142998122039841725917225234709917458530981094","0.00000000000000000000000000000003659999999999999534297144045115317376357419048885403274510037775705162340013798950161261203106732864398509263992309570312500","15.170000000000000","ARCHS4--Coexpression","SMC4,CDC20,TMPO,HASPIN,CDCA5,CDCA8,NCAPG,SKA3,NCAPH,RACGAP1,PLK1,ZWINT,TPX2,FEN1,NCAPG2,TUBA1B,TK1,CEP55,INCENP,KIFC1,KIF2C,RECQL4,TCOF1,CENPN,NCAPD2,TRIP13,MAD2L1,BUB1B,HMMR,UBE2S,KIF4A,UBE2T,ARHGAP11A,FOXM1,LMNB2,CKS1B,EXO1,CCNA2,SAPCD2,FAM72D,AURKB,CDC45,BUB1,RRM2,SPAG5,PRC1"
"DEG_HMVL_ALL","9","0.005528000000000000","PRMT3_ARCHS4_PEARSON","PRMT3","45","299","0.00000000000000000000000000000000198699999999999993262359805327251485123052146343945967085473310294084276350747773854862887610295274498639628291130","0.00000000000000000000000000000035899999999999997561745950553670724268982828116159687923870876457905548744586806406489665199899263825500383973121643066406250","14.840000000000000","ARCHS4--Coexpression","SMC4,SMC2,TMPO,HASPIN,CDCA2,PARPBP,CDCA5,NCAPG,SKA3,NCAPH,RACGAP1,PLK4,ZWINT,TPX2,FEN1,NCAPG2,KIF11,CEP55,KIF23,DEPDC1,KIF2C,NCAPD2,TRIP13,MAD2L1,BUB1B,OIP5,VRK1,MELK,BLM,HMMR,CCNB1,ECT2,KIF4A,ARHGAP11A,HMGB1,CKS1B,EXO1,CCNA2,FAM72D,TTK,CDC45,BUB1,RRM1,RRM2,SPAG5"
"DEG_HMVL_ALL","10","0.006143000000000000","CTCF_ARCHS4_PEARSON","CTCF","45","300","0.00000000000000000000000000000000230599999999999991147618728602836269983807872519779223537508932872411143044819513100215230272382882503734435886145","0.00000000000000000000000000000037499999999999998746058071769421104023270153226586633587850548518970557587044349417623734233018240047385916113853454589843750","14.779999999999999","ARCHS4--Coexpression","CCNF,SMC4,SMC2,TMPO,HASPIN,CDCA2,CDCA5,CDCA8,NCAPG,SKA3,NCAPH,RACGAP1,RAD21,PLK4,TPX2,FEN1,NCAPG2,KIF11,KIF15,TUBA1B,KIF23,INCENP,KIFC1,KIF2C,TACC3,NCAPD2,HJURP,BUB1B,LIG1,BLM,HMMR,KIF4A,ARHGAP11A,HMGB2,HMGB1,FOXM1,LMNB2,DNMT3B,CKAP2L,CCNA2,ASPM,ESPL1,BUB1,RRM2,SPAG5"
"DEG_HMVL_ALL","11","0.006757000000000000","TFDP1_ARCHS4_PEARSON","TFDP1","44","300","0.00000000000000000000000000000002893999999999999832171611963547859029731714339013615312416437028382367238002831696811259498680612978205317631363869","0.00000000000000000000000000000427999999999999979616049447054118893249428487903138875801532512298282286312836944497384195074118906632065773010253906250000000","14.390000000000001","ARCHS4--Coexpression","CCNF,SMC4,SMC2,CDC20,TMPO,HASPIN,CDCA5,NCAPG,IQGAP3,NCAPH,RACGAP1,RAD21,PLK1,ZWINT,TPX2,FEN1,NCAPG2,KIF11,TK1,CEP55,INCENP,KIFC1,KIF2C,RECQL4,CDKN2C,TACC3,NCAPD2,TRIP13,BUB1B,LIG1,HMMR,UBE2S,KIF4A,ARHGAP11A,HMGB2,FOXM1,LMNB2,EXO1,CCNA2,ESPL1,RRM2,SPAG5,SHCBP1,PRC1"
"DEG_HMVL_ALL","12","0.007371000000000000","ZNF146_ARCHS4_PEARSON","ZNF146","43","300","0.00000000000000000000000000000035499999999999995076139069742206456012083522948058996382466674260583403163553227075907581244962329947156831622123718","0.00000000000000000000000000004820000000000000401681547328564449391489039649506914701396937156705517324277194407544655518904619384557008743286132812500000000","14.010000000000000","ARCHS4--Coexpression","SMC4,SMC2,TMPO,KIF20A,KIF20B,CDCA2,NCAPG,SKA3,RACGAP1,RAD21,PLK4,TPX2,TOP2A,NCAPG2,KIF11,KIF15,DLGAP5,KIF23,KIFC1,DEPDC1,KIF2C,NCAPD2,MAD2L1,BUB1B,MELK,BLM,HMMR,CCNB1,ECT2,KIF4A,CDK1,ARHGAP11A,HMGB1,LMNB2,EXO1,DNMT3B,CKAP2,CCNA2,ASPM,TTK,BUB1,RRM1,SPAG5"
"DEG_HMVL_ALL","13","0.007985000000000001","ZNF367_ARCHS4_PEARSON","ZNF367","40","298","0.00000000000000000000000000043900000000000001976910707483244271797410151631634575117487649245976138318026116280634596478193998336791992187500000000","0.00000000000000000000000005500000000000000498707709114277651072725760146527184343876347735562398061359701273431710433214902877807617187500000000000000000000","12.980000000000000","ARCHS4--Coexpression","SMC4,SMC2,TMPO,HASPIN,KIF20A,CDCA5,NCAPG,IQGAP3,NCAPH,RACGAP1,PLK4,ZWINT,TPX2,FEN1,NCAPG2,KIF11,KIF15,CEP55,KIF23,INCENP,KIFC1,DEPDC1,KIF2C,RECQL4,CDKN2C,TACC3,NCAPD2,HJURP,HMMR,ARHGAP11A,FOXM1,LMNB2,EXO1,CCNA2,ASPM,RRM1,RRM2,SPAG5,SHCBP1,PRC1"
"DEG_HMVL_ALL","14","0.008600000000000000","ZNF689_ARCHS4_PEARSON","ZNF689","40","300","0.00000000000000000000000000056930000000000001100966417945345761626824043455850559490930493098495736433925507036235558189218863844871520996093750000","0.00000000000000000000000006179999999999999721323629161305000497555220670639788067472306583473437222031598992089129751548171043395996093750000000000000000000","12.880000000000001","ARCHS4--Coexpression","ESCO2,PIMREG,DEPDC1B,KIF20B,CDCA2,PARPBP,CDCA5,CDCA8,NCAPG,SKA3,NCAPH,DDIAS,ZWINT,TPX2,DLGAP5,KIF23,CENPE,MIS18A,MAD2L1,HJURP,BUB1B,OIP5,KPNA2,VRK1,MELK,BLM,CCNB2,CCNB1,UBE2C,KIF4A,UBE2T,HMGB1,CKS1B,DBF4,BIRC5,TTK,AURKB,AURKA,HIRIP3,BUB1"
"DEG_HMVL_ALL","15","0.009214000000000000","E2F1_ARCHS4_PEARSON","E2F1","40","300","0.00000000000000000000000000056930000000000001100966417945345761626824043455850559490930493098495736433925507036235558189218863844871520996093750000","0.00000000000000000000000006179999999999999721323629161305000497555220670639788067472306583473437222031598992089129751548171043395996093750000000000000000000","12.880000000000001","ARCHS4--Coexpression","CCNF,SMC4,CDC20,TMPO,HASPIN,CDCA5,IQGAP3,NCAPH,RACGAP1,PLK1,ZWINT,TPX2,FEN1,NCAPG2,TUBA1B,TK1,CEP55,INCENP,KIFC1,KIF2C,RECQL4,TCOF1,CDKN2C,TACC3,NCAPD2,CENPO,TRIP13,LIG1,UBE2S,ARHGAP11A,FOXM1,LMNB2,EXO1,CCNA2,ESPL1,SAPCD2,CDC45,RRM2,SPAG5,PRC1"
"DEG_HMVL_ALL","16","0.009828000000000000","TGIF2_ARCHS4_PEARSON","TGIF2","38","300","0.00000000000000000000000006897000000000000905477730511177369703373606233733317084949842259994226903452307908537477487698197364807128906250000000000","0.00000000000000000000000701999999999999996028918610610637133603716116797438529470735870535724743035643768962472677230834960937500000000000000000000000000000","12.150000000000000","ARCHS4--Coexpression","TMPO,PIMREG,DEPDC1B,CDCA2,PARPBP,CDCA5,CDCA8,NCAPG,SKA3,PLK1,TPX2,ANP32E,KIF15,TUBA1B,DLGAP5,KIF23,CKS2,MIS18A,MAD2L1,BUB1B,OIP5,KPNA2,VRK1,CDC25C,BLM,CCNB2,CCNB1,KIF4A,HMGB2,HMGB1,CKS1B,DNMT3B,DBF4,BIRC5,TTK,AURKB,BUB1,SPAG5"
"DEG_HMVL_ALL","17","0.010440000000000000","CBX2_ARCHS4_PEARSON","CBX2","36","300","0.00000000000000000000000753099999999999979915893148689820334775496197734942024441626314251035934077549427456688135862350463867187500000000000000000","0.00000000000000000000072100000000000002304823191107026638521625530371984780685296664154426693471577891614288091659545898437500000000000000000000000000000000","11.420000000000000","ARCHS4--Coexpression","CCNF,TMPO,HASPIN,KIF20A,CDCA5,IQGAP3,NCAPH,RACGAP1,PLK1,TPX2,FEN1,NCAPG2,KIF11,TUBA1B,INCENP,KIFC1,KIF2C,RECQL4,TCOF1,TACC3,NCAPD2,CENPO,BUB1B,LIG1,UBE2S,KIF4A,ARHGAP11A,FOXM1,LMNB2,EXO1,DNMT3B,CCNA2,ESPL1,SAPCD2,BUB1,SPAG5"
"DEG_HMVL_ALL","18","0.011060000000000000","MYBL1_ARCHS4_PEARSON","MYBL1","35","298","0.00000000000000000000006049999999999999694508365756387148671463195835642027488139788916898798021293259807862341403961181640625000000000000000000000","0.00000000000000000000547000000000000013181799957260189586235543956821120888914418423087937526361201889812946319580078125000000000000000000000000000000000000","11.140000000000001","ARCHS4--Coexpression","SMC4,TMPO,KIF20A,IQGAP3,RACGAP1,RAD21,TPX2,CDKN1B,NCAPG2,KIF14,KIF11,PBK,CEP55,KIF23,INCENP,KIFC1,DEPDC1,KIF2C,TACC3,NCAPD2,CDKN3,MELK,HMMR,ECT2,DIAPH3,KIF4A,ARHGAP11A,FOXM1,LMNB2,SUN2,ASPM,AURKA,RRM2,SHCBP1,PRC1"
"DEG_HMVL_ALL","19","0.011670000000000000","ZNF878_ARCHS4_PEARSON","ZNF878","35","300","0.00000000000000000000007557000000000000092885442103974178011554048731681115200174161071478007301038815057836472988128662109375000000000000000000000","0.00000000000000000000615000000000000028711521860018798989112929634459936760698759578014360727138409856706857681274414062500000000000000000000000000000000000","11.060000000000000","ARCHS4--Coexpression","SMC2,TMPO,PIMREG,KNSTRN,DEPDC1B,KIF20B,CDCA2,PARPBP,SKA3,DDIAS,ZWINT,ANP32E,DLGAP5,KIF23,CKS2,CENPE,MAD2L1,HJURP,BUB1B,OIP5,VRK1,BLM,HMMR,CCNB1,ECT2,UBE2C,HMGB1,EXO1,DNMT3B,CCNA2,DBF4,AURKB,BUB1,RRM2,SPAG5"
"DEG_HMVL_ALL","20","0.012290000000000001","THAP10_ARCHS4_PEARSON","THAP10","35","300","0.00000000000000000000007557000000000000092885442103974178011554048731681115200174161071478007301038815057836472988128662109375000000000000000000000","0.00000000000000000000615000000000000028711521860018798989112929634459936760698759578014360727138409856706857681274414062500000000000000000000000000000000000","11.060000000000000","ARCHS4--Coexpression","CDC20,PIMREG,KNSTRN,CDCA8,NCAPG,ZWINT,TPX2,TUBA1B,NUF2,PBK,DLGAP5,KIF23,DEPDC1,DTYMK,PCDHB10,CENPN,CDKN3,MAD2L1,OIP5,KPNA2,SGO1,MELK,CCNB2,CCNB1,NDC80,UBE2T,CDK1,CKS1B,SUN2,CCNA2,BIRC5,PBXIP1,AURKB,AURKA,RRM2"
"DEG_HMVL_ALL","21","0.012900000000000000","DNMT1_ARCHS4_PEARSON","DNMT1","34","300","0.00000000000000000000073729999999999992620379855329417119268654512138714550438555513783844830300040484871715307235717773437500000000000000000000000","0.00000000000000000005459999999999999498916071086945507851645399352859584101750611839776183842332102358341217041015625000000000000000000000000000000000000000","10.699999999999999","ARCHS4--Coexpression","GTSE1,ESCO2,HASPIN,CDCA2,CDCA8,NCAPH,RACGAP1,TPX2,NCAPG2,TUBA1C,DLGAP5,INCENP,KIFC1,KIF2C,TCOF1,MIS18A,TACC3,NCAPD2,HJURP,BUB1B,PTTG1,LIG1,MELK,TROAP,KIF4A,FOXM1,LMNB2,EXO1,CCNA2,ESPL1,AURKA,RRM2,SHCBP1,PRC1"
"DEG_HMVL_ALL","22","0.013509999999999999","TP53_ARCHS4_PEARSON","TP53","34","300","0.00000000000000000000073729999999999992620379855329417119268654512138714550438555513783844830300040484871715307235717773437500000000000000000000000","0.00000000000000000005459999999999999498916071086945507851645399352859584101750611839776183842332102358341217041015625000000000000000000000000000000000000000","10.699999999999999","ARCHS4--Coexpression","CCNF,GTSE1,TMPO,HASPIN,CDCA5,CDCA8,SKA3,IQGAP3,RACGAP1,PLK1,ZWINT,TPX2,FEN1,NCAPG2,TK1,INCENP,KIFC1,TCOF1,TACC3,NCAPD2,CENPO,BUB1B,LIG1,MELK,BLM,FOXM1,LMNB2,DNMT3B,CCNA2,ESPL1,BIRC5,AURKB,RRM1,RRM2"
"DEG_HMVL_ALL","23","0.014130000000000000","ADNP2_ARCHS4_PEARSON","ADNP2","33","300","0.00000000000000000000698900000000000072544010170827858699030480285599432099309137600418040392469265498220920562744140625000000000000000000000000000","0.00000000000000000049499999999999996608002190909736192170618187847962415708280570214583349297754466533660888671875000000000000000000000000000000000000000000","10.350000000000000","ARCHS4--Coexpression","SMC4,TMPO,HASPIN,KIF20B,CDCA2,CDCA5,NCAPG,NCAPH,RAD21,PLK4,TPX2,NCAPG2,KIF11,DLGAP5,KIF23,INCENP,KIFC1,KIF2C,NCAPD2,CENPO,BUB1B,HMMR,KIF4A,ARHGAP11A,FOXM1,LMNB2,EXO1,DNMT3B,CCNA2,ESPL1,TTK,BUB1,SPAG5"
"DEG_HMVL_ALL","24","0.014740000000000000","MXD3_ARCHS4_PEARSON","MXD3","32","300","0.00000000000000000006432000000000000229819650170614810413357495448269022077572576456816477730171754956245422363281250000000000000000000000000000000","0.00000000000000000435999999999999991133154044560653342153891290860047783017883205047837691381573677062988281250000000000000000000000000000000000000000000000","9.999000000000001","ARCHS4--Coexpression","SMC4,GTSE1,PIMREG,CDCA2,CDCA3,CDCA8,NCAPG,IQGAP3,NCAPH,PLK1,ZWINT,NUF2,PBK,KIF22,CKS2,KIF2C,CENPW,TACC3,HJURP,TROAP,UBE2C,NDC80,UBE2S,UBE2T,HMGB2,CKAP2L,CCNA2,SAPCD2,BIRC5,AURKB,POC1A,PRC1"
"DEG_HMVL_ALL","25","0.015360000000000000","HIC2_ARCHS4_PEARSON","HIC2","31","300","0.00000000000000000057409999999999999199981066677167732447963907870048844324373238379166650702245533466339111328125000000000000000000000000000000000","0.00000000000000003590000000000000156688945247956444626704868689458238772971299113123677670955657958984375000000000000000000000000000000000000000000000000000","9.651000000000000","ARCHS4--Coexpression","CCNF,HASPIN,CDCA5,CDCA8,NCAPH,PLK1,TPX2,NCAPG2,INCENP,KIFC1,KIF2C,RECQL4,TCOF1,MIS18A,TACC3,CENPO,BUB1B,HMMR,BCL2L12,KIF4A,LMNB2,EXO1,CCNA2,ESPL1,FAM72D,FAM72B,FAM72A,AURKA,CDC45,BUB1,SPAG5"
"DEG_HMVL_ALL","26","0.015970000000000002","ZNF732_ARCHS4_PEARSON","ZNF732","31","300","0.00000000000000000057409999999999999199981066677167732447963907870048844324373238379166650702245533466339111328125000000000000000000000000000000000","0.00000000000000003590000000000000156688945247956444626704868689458238772971299113123677670955657958984375000000000000000000000000000000000000000000000000000","9.651000000000000","ARCHS4--Coexpression","SMC2,TMPO,PIMREG,DEPDC1B,KIF20B,CDCA2,PARPBP,SKA3,DDIAS,ANP32E,DLGAP5,KIF23,CENPE,MIS18A,CENPN,MAD2L1,BUB1B,KPNA2,VRK1,CDC25C,BLM,HMMR,CCNB2,CCNB1,ECT2,NDC80,HMGB1,DNMT3B,ASPM,TTK,BUB1"
"DEG_HMVL_ALL","27","0.016580000000000001","E2F3_ARCHS4_PEARSON","E2F3","30","300","0.00000000000000000496600000000000038455381300993846207580119174161974344994252561491521191783249378204345703125000000000000000000000000000000000000","0.00000000000000029899999999999997747998206030297797837359170835570820745630271630943752825260162353515625000000000000000000000000000000000000000000000000000","9.305000000000000","ARCHS4--Coexpression","SMC4,TMPO,HASPIN,CDCA5,NCAPG,NCAPH,RACGAP1,RAD21,PLK4,TPX2,NCAPG2,KIF11,INCENP,KIFC1,KIF2C,TCOF1,TACC3,NCAPD2,CENPO,BUB1B,BLM,HMMR,ARHGAP11A,FOXM1,LMNB2,EXO1,CCNA2,BUB1,RRM2,SPAG5"
"DEG_HMVL_ALL","28","0.017200000000000000","HMGA2_ARCHS4_PEARSON","HMGA2","29","299","0.00000000000000003804999999999999705995519877989081956491738663664325947877387079643085598945617675781250000000000000000000000000000000000000000000","0.00000000000000221000000000000001790105720932368306137180994849766868526330654276534914970397949218750000000000000000000000000000000000000000000000000000000","8.994999999999999","ARCHS4--Coexpression","SMC4,TMPO,KIF20A,KIF20B,CDCA2,NCAPG,TPX2,TOP2A,KIF11,CEP55,DLGAP5,KIF23,KIFC1,DEPDC1,CENPE,CENPF,TMEM158,NCAPD2,BUB1B,HMMR,ECT2,DIAPH3,KIF4A,ARHGAP11A,FOXM1,LMNB2,FOXL1,ASPM,BUB1"
"DEG_HMVL_ALL","29","0.017809999999999999","ZNF45_ARCHS4_PEARSON","ZNF45","29","300","0.00000000000000004159000000000000133455710381380089350598864964859979753697416526847518980503082275390625000000000000000000000000000000000000000000","0.00000000000000232999999999999999567126898568254035349952960932962131579415654414333403110504150390625000000000000000000000000000000000000000000000000000000","8.962000000000000","ARCHS4--Coexpression","SMC4,TMPO,HASPIN,DEPDC1B,KIF20A,NCAPG,RACGAP1,TOP2A,FEN1,KIF11,KIF23,DEPDC1,CENPI,CENPN,NCAPD2,SPC24,BUB1B,BLM,NDC80,KIF4A,ARHGAP11A,ARHGAP11B,EXO1,CKAP2,CIP2A,ASPM,RRM2,SPAG5,SHCBP1"
"DEG_HMVL_ALL","30","0.018429999999999998","HOXA1_ARCHS4_PEARSON","HOXA1","28","300","0.00000000000000033680000000000001978140534616925586362685873169191264064892266105744056403636932373046875000000000000000000000000000000000000000000","0.00000000000001830000000000000154033795352604952087278078129428671161349484464153647422790527343750000000000000000000000000000000000000000000000000000000000","8.621000000000000","ARCHS4--Coexpression","CDC20,HASPIN,CDCA5,CDCA8,RACGAP1,ZWINT,TPX2,TK1,CEP55,INCENP,DEPDC1,KIF2C,TUBB4B,NCAPD2,TRIP13,MELK,CCNB1,DIAPH3,UBE2S,KIF4A,UBE2T,FOXM1,LMNB2,CKS1B,AURKA,CDC45,RRM2,SHCBP1"
"DEG_HMVL_ALL","31","0.019040000000000001","NFYB_ARCHS4_PEARSON","NFYB","26","299","0.00000000000001839000000000000103062754659518628545954621773816928254063896019943058490753173828125000000000000000000000000000000000000000000000000","0.00000000000090699999999999997226561498811562909538441096257699314264755230396986007690429687500000000000000000000000000000000000000000000000000000000000000","7.976000000000000","ARCHS4--Coexpression","KIF20B,PARPBP,NCAPG,SKA3,ANP32E,NUF2,DLGAP5,CKS2,CENPE,MAD2L1,OIP5,KPNA2,VRK1,SGO1,CCNB2,CCNB1,NDC80,UBE2T,CDK1,HMGB2,HMGB1,CKS1B,SUN2,CKAP2,DBF4,TTK"
"DEG_HMVL_ALL","32","0.019660000000000000","PCGF6_ARCHS4_PEARSON","PCGF6","26","299","0.00000000000001839000000000000103062754659518628545954621773816928254063896019943058490753173828125000000000000000000000000000000000000000000000000","0.00000000000090699999999999997226561498811562909538441096257699314264755230396986007690429687500000000000000000000000000000000000000000000000000000000000000","7.976000000000000","ARCHS4--Coexpression","TMPO,ESCO2,PARPBP,SKA3,SKA1,DDIAS,ZWINT,FEN1,DLGAP5,DEPDC1,DTYMK,MIS18A,MAD2L1,OIP5,VRK1,SGO1,CCNB1,UBE2T,CALCOCO1,HMGB1,CKS1B,EXO1,SUN2,CCNA2,BIRC5,RRM2"
"DEG_HMVL_ALL","33","0.020270000000000000","ZNF281_ARCHS4_PEARSON","ZNF281","26","299","0.00000000000001839000000000000103062754659518628545954621773816928254063896019943058490753173828125000000000000000000000000000000000000000000000000","0.00000000000090699999999999997226561498811562909538441096257699314264755230396986007690429687500000000000000000000000000000000000000000000000000000000000000","7.976000000000000","ARCHS4--Coexpression","SMC2,TMPO,KIF20B,CDCA2,PARPBP,NCAPG,SKA3,DLGAP5,CKS2,DEPDC1,CENPE,MIS18A,MAD2L1,BUB1B,VRK1,HMMR,CCNB1,ECT2,HMGB1,CKS1B,DNMT3B,DBF4,TTK,NCALD,AURKA,BUB1"
"DEG_HMVL_ALL","34","0.020879999999999999","ZIC2_ARCHS4_PEARSON","ZIC2","26","300","0.00000000000001989000000000000094997042010492495296407485481926524784057619399391114711761474609375000000000000000000000000000000000000000000000000","0.00000000000092499999999999999654127843730487087861406869659930407578940503299236297607421875000000000000000000000000000000000000000000000000000000000000000","7.947000000000000","ARCHS4--Coexpression","PIMREG,DEPDC1B,KIF20B,PARPBP,NCAPG,SKA3,ANP32E,DLGAP5,KIF23,CKS2,CENPE,MIS18A,MAD2L1,BUB1B,KPNA2,VRK1,CDC25C,BLM,CCNB2,CCNB1,HMGB1,CKS1B,DNMT3B,BIRC5,TTK,BUB1"
"DEG_HMVL_ALL","35","0.021499999999999998","NKRF_ARCHS4_PEARSON","NKRF","26","300","0.00000000000001989000000000000094997042010492495296407485481926524784057619399391114711761474609375000000000000000000000000000000000000000000000000","0.00000000000092499999999999999654127843730487087861406869659930407578940503299236297607421875000000000000000000000000000000000000000000000000000000000000000","7.947000000000000","ARCHS4--Coexpression","SMC4,TMPO,HASPIN,CDCA5,NCAPG,RACGAP1,RAD21,TPX2,NCAPG2,KIF11,CEP55,INCENP,KIFC1,DEPDC1,KIF2C,NCAPD2,BLM,HMMR,ARHGAP11A,LMNB2,EXO1,CCNA2,ESPL1,FAM72D,SPAG5,PRC1"
"DEG_HMVL_ALL","36","0.022110000000000001","AHCTF1_ARCHS4_PEARSON","AHCTF1","25","299","0.00000000000013429999999999999319922442435647499345838587481161141568009043112397193908691406250000000000000000000000000000000000000000000000000000","0.00000000000604000000000000011277548609513558255327408952339851566648576408624649047851562500000000000000000000000000000000000000000000000000000000000000000","7.641000000000000","ARCHS4--Coexpression","SMC4,TMPO,HASPIN,NCAPG,IQGAP3,RACGAP1,RAD21,TPX2,NCAPG2,KIF14,KIF11,CEP55,INCENP,KIFC1,DEPDC1,KIF2C,NCAPD2,BUB1B,HMMR,ARHGAP11A,LMNB2,EXO1,CCNA2,ASPM,SPAG5"
"DEG_HMVL_ALL","37","0.022730000000000000","ZBTB39_ARCHS4_PEARSON","ZBTB39","25","300","0.00000000000014470000000000000442032453199110604897159766679681780487953801639378070831298828125000000000000000000000000000000000000000000000000000","0.00000000000604000000000000011277548609513558255327408952339851566648576408624649047851562500000000000000000000000000000000000000000000000000000000000000000","7.613000000000000","ARCHS4--Coexpression","TMPO,HASPIN,CDCA2,CDCA5,NCAPH,RACGAP1,TPX2,NCAPG2,KIF11,DLGAP5,INCENP,KIFC1,KIF2C,TACC3,NCAPD2,CENPO,BUB1B,KIF4A,ARHGAP11A,LMNB2,EXO1,DNMT3B,CCNA2,BUB1,SPAG5"
"DEG_HMVL_ALL","38","0.023340000000000000","CHAMP1_ARCHS4_PEARSON","CHAMP1","25","300","0.00000000000014470000000000000442032453199110604897159766679681780487953801639378070831298828125000000000000000000000000000000000000000000000000000","0.00000000000604000000000000011277548609513558255327408952339851566648576408624649047851562500000000000000000000000000000000000000000000000000000000000000000","7.613000000000000","ARCHS4--Coexpression","CCNF,SMC4,TMPO,HASPIN,CDCA5,RACGAP1,PLK1,TPX2,NCAPG2,KIF11,INCENP,KIFC1,KIF2C,RECQL4,TCOF1,TACC3,NCAPD2,BUB1B,KIF18B,ARHGAP11A,FOXM1,LMNB2,CCNA2,ESPL1,RRM2"
"DEG_HMVL_ALL","39","0.023959999999999999","HMX2_ARCHS4_PEARSON","HMX2","25","300","0.00000000000014470000000000000442032453199110604897159766679681780487953801639378070831298828125000000000000000000000000000000000000000000000000000","0.00000000000604000000000000011277548609513558255327408952339851566648576408624649047851562500000000000000000000000000000000000000000000000000000000000000000","7.613000000000000","ARCHS4--Coexpression","CCNF,TMPO,HASPIN,CDCA2,CDCA5,CDCA8,NCAPH,PLK1,ZWINT,FEN1,INCENP,KIFC1,RECQL4,TACC3,NCAPD2,BUB1B,LIG1,HMMR,UBE2S,ARHGAP11A,LMNB2,CCNA2,BUB1,RRM2,SHCBP1"
"DEG_HMVL_ALL","40","0.024570000000000002","ZNF280C_ARCHS4_PEARSON","ZNF280C","23","298","0.00000000000594599999999999990746709129625547794652934419090684059483464807271957397460937500000000000000000000000000000000000000000000000000000000","0.00000000024199999999999999149749767502143651953794289966026553884148597717285156250000000000000000000000000000000000000000000000000000000000000000000000000","7.004000000000000","ARCHS4--Coexpression","ESCO2,KIF20B,PARPBP,SKA1,KIF15,DLGAP5,CENPE,MAD2L1,BUB1B,PTTG1,KPNA2,VRK1,SGO1,SGO2,CCNB2,ECT2,HMGB1,SUN2,ASPM,DBF4,PBXIP1,TTK,BUB1"
"DEG_HMVL_ALL","41","0.025180000000000001","DLX4_ARCHS4_PEARSON","DLX4","23","300","0.00000000000680800000000000007147903733212178031559275170891964990005362778902053833007812500000000000000000000000000000000000000000000000000000000","0.00000000025799999999999998794450976930426201044754819236004550475627183914184570312500000000000000000000000000000000000000000000000000000000000000000000000","6.954000000000000","ARCHS4--Coexpression","CDC20,HASPIN,CDCA5,IQGAP3,RACGAP1,PLK1,ZWINT,TPX2,TK1,INCENP,KIFC1,KIF2C,RECQL4,TCOF1,TUBB4B,NCAPD2,TRIP13,FAM83D,UBE2S,FOXM1,LMNB2,SAPCD2,CDC45"
"DEG_HMVL_ALL","42","0.025800000000000000","TEAD4_ARCHS4_PEARSON","TEAD4","23","300","0.00000000000680800000000000007147903733212178031559275170891964990005362778902053833007812500000000000000000000000000000000000000000000000000000000","0.00000000025799999999999998794450976930426201044754819236004550475627183914184570312500000000000000000000000000000000000000000000000000000000000000000000000","6.954000000000000","ARCHS4--Coexpression","CDC20,HASPIN,KIF20A,CDCA5,PLK1,TPX2,FEN1,TK1,INCENP,KIFC1,KIF2C,RECQL4,TCOF1,TUBB4B,NCAPD2,TRIP13,BCL2L12,FAM83D,UBE2S,FOXM1,LMNB2,DNMT3B,CCNA2"
"DEG_HMVL_ALL","43","0.026409999999999999","NR6A1_ARCHS4_PEARSON","NR6A1","23","300","0.00000000000680800000000000007147903733212178031559275170891964990005362778902053833007812500000000000000000000000000000000000000000000000000000000","0.00000000025799999999999998794450976930426201044754819236004550475627183914184570312500000000000000000000000000000000000000000000000000000000000000000000000","6.954000000000000","ARCHS4--Coexpression","PIMREG,DEPDC1B,KIF20B,PARPBP,SKA3,SKA1,ANP32E,DLGAP5,MIS18A,MAD2L1,BUB1B,OIP5,KPNA2,VRK1,BLM,CCNB2,CCNB1,HMGB1,CKS1B,DNMT3B,BIRC5,TTK,BUB1"
"DEG_HMVL_ALL","44","0.027029999999999998","TCFL5_ARCHS4_PEARSON","TCFL5","22","297","0.00000000003620999999999999696746436094097918931278279330854275031015276908874511718750000000000000000000000000000000000000000000000000000000000000","0.00000000133999999999999992215711310558461100139737709469045512378215789794921875000000000000000000000000000000000000000000000000000000000000000000000000000","6.700000000000000","ARCHS4--Coexpression","SLC6A16,HASPIN,CDCA5,RACGAP1,TPX2,NCAPG2,CEP55,IZUMO4,CIT,INCENP,KIFC1,KIF2C,RECQL4,NCAPD2,BUB1B,UBE2S,ARHGAP11A,FOXM1,LMNB2,EXO1,SAPCD2,SPAG5"
"DEG_HMVL_ALL","45","0.027640000000000001","ZNF695_ARCHS4_PEARSON","ZNF695","22","298","0.00000000003862999999999999998436663476504733527594481756750610657036304473876953125000000000000000000000000000000000000000000000000000000000000000","0.00000000139999999999999992175810553028626401217415775590779958292841911315917968750000000000000000000000000000000000000000000000000000000000000000000000000","6.675000000000000","ARCHS4--Coexpression","ESCO2,PARPBP,SKA3,SKA1,DDIAS,KIF15,CKS2,MIS18A,CENPN,MAD2L1,OIP5,VRK1,SGO1,BLM,CCNB2,UBE2T,CDK1,HMGB1,CKS1B,SUN2,BIRC5,PBXIP1"
"DEG_HMVL_ALL","46","0.028260000000000000","ZNF560_ARCHS4_PEARSON","ZNF560","22","299","0.00000000004119000000000000200082798407851089779463382711810481850989162921905517578125000000000000000000000000000000000000000000000000000000000000","0.00000000145999999999999992135909795498791702295093841712514404207468032836914062500000000000000000000000000000000000000000000000000000000000000000000000000","6.651000000000000","ARCHS4--Coexpression","KIF20B,CDCA2,SKA3,NCAPH,DDIAS,DLGAP5,CKS2,MIS18A,MAD2L1,BUB1B,PTTG1,NEK2,HMMR,CCNB2,CCNB1,UBE2C,CDK1,CKS1B,DNMT3B,TTK,AURKA,BUB1"
"DEG_HMVL_ALL","47","0.028870000000000000","HMGA1_ARCHS4_PEARSON","HMGA1","22","300","0.00000000004391000000000000010435033299248548926269064551775045401882380247116088867187500000000000000000000000000000000000000000000000000000000000","0.00000000151999999999999992096009037968957003372771907834248850122094154357910156250000000000000000000000000000000000000000000000000000000000000000000000000","6.627000000000000","ARCHS4--Coexpression","CDC20,HASPIN,CDCA5,PLK1,TPX2,NCAPG2,TK1,INCENP,KIFC1,KIF2C,RECQL4,TCOF1,TACC3,NCAPD2,BUB1B,BCL2L12,UBE2S,ARHGAP11A,FOXM1,LMNB2,DNMT3B,CCNA2"
"DEG_HMVL_ALL","48","0.029479999999999999","ZNF93_ARCHS4_PEARSON","ZNF93","21","298","0.00000000024020000000000000805308015334094042664281332122300227638334035873413085937500000000000000000000000000000000000000000000000000000000000000","0.00000000815000000000000018706248301660760580134024166909512132406234741210937500000000000000000000000000000000000000000000000000000000000000000000000000000","6.349000000000000","ARCHS4--Coexpression","ESCO2,DEPDC1B,PARPBP,SKA3,SKA1,DDIAS,ANP32E,KIF15,DLGAP5,CENPE,MAD2L1,BUB1B,OIP5,KPNA2,VRK1,SGO1,SGO2,BLM,HMGB1,DNMT3B,TTK"
"DEG_HMVL_ALL","49","0.030099999999999998","CENPS_ARCHS4_PEARSON","CENPS","21","300","0.00000000027120000000000000440034035379917917024661377922711835708469152450561523437500000000000000000000000000000000000000000000000000000000000000","0.00000000883000000000000032040383258873095240204520450788550078868865966796875000000000000000000000000000000000000000000000000000000000000000000000000000000","6.303000000000000","ARCHS4--Coexpression","SKA3,ZWINT,FEN1,TK1,DLGAP5,DTYMK,CENPW,MIS18A,CENPN,CDKN3,MAD2L1,OIP5,VRK1,SGO1,CCNB1,UBE2T,CKS1B,BIRC5,AURKB,AURKA,RRM2"
"DEG_HMVL_ALL","50","0.030710000000000001","MYCN_ARCHS4_PEARSON","MYCN","21","300","0.00000000027120000000000000440034035379917917024661377922711835708469152450561523437500000000000000000000000000000000000000000000000000000000000000","0.00000000883000000000000032040383258873095240204520450788550078868865966796875000000000000000000000000000000000000000000000000000000000000000000000000000000","6.303000000000000","ARCHS4--Coexpression","TMPO,PIMREG,KIF20A,CDCA5,NCAPG,INCENP,KIFC1,CENPF,NCAPD2,CENPO,MAD2L1,BUB1B,GEN1,UBE2S,ARHGAP11A,FOXM1,LMNB2,EXO1,DNMT3B,ESPL1,SAPCD2"
"DEG_HMVL_ALL","51","0.031329999999999997","PRDM9_ARCHS4_PEARSON","PRDM9","20","299","0.00000000151199999999999994858597847483027212800443805917893769219517707824707031250000000000000000000000000000000000000000000000000000000000000000","0.00000004569999999999999893784033530748367457618996922974474728107452392578125000000000000000000000000000000000000000000000000000000000000000000000000000000","6.003000000000000","ARCHS4--Coexpression","SMC4,HASPIN,CDCA5,NCAPG,IQGAP3,NCAPG2,KIF11,INCENP,DEPDC1,RECQL4,TCOF1,NCAPD2,DIAPH3,KIF18B,LMNB2,EXO1,CKAP2,ESPL1,CDC45,PRC1"
"DEG_HMVL_ALL","52","0.031940000000000003","ZBTB9_ARCHS4_PEARSON","ZBTB9","20","299","0.00000000151199999999999994858597847483027212800443805917893769219517707824707031250000000000000000000000000000000000000000000000000000000000000000","0.00000004569999999999999893784033530748367457618996922974474728107452392578125000000000000000000000000000000000000000000000000000000000000000000000000000000","6.003000000000000","ARCHS4--Coexpression","CDC20,HASPIN,CDCA5,RACGAP1,PLK1,TPX2,FEN1,TUBA1B,KIFC1,KIF2C,NCAPD2,BUB1B,LIG1,BCL2L12,LMNB2,DNMT3B,CCNA2,POC1A,RRM2,RNF26"
"DEG_HMVL_ALL","53","0.032559999999999999","ETV4_ARCHS4_PEARSON","ETV4","20","300","0.00000000160099999999999995144070312377533940595419892360951052978634834289550781250000000000000000000000000000000000000000000000000000000000000000","0.00000004569999999999999893784033530748367457618996922974474728107452392578125000000000000000000000000000000000000000000000000000000000000000000000000000000","5.982000000000000","ARCHS4--Coexpression","CDC20,CDCA5,PLK1,TPX2,FEN1,SUV39H1,KIFC1,KIF2C,NCAPD2,HJURP,BUB1B,BCL2L12,FOXM1,LMNB2,CKS1B,DNMT3B,CCNA2,AURKB,SPAG5,RNF26"
"DEG_HMVL_ALL","54","0.033169999999999998","SALL4_ARCHS4_PEARSON","SALL4","20","300","0.00000000160099999999999995144070312377533940595419892360951052978634834289550781250000000000000000000000000000000000000000000000000000000000000000","0.00000004569999999999999893784033530748367457618996922974474728107452392578125000000000000000000000000000000000000000000000000000000000000000000000000000000","5.982000000000000","ARCHS4--Coexpression","PIMREG,DEPDC1B,KIF20B,PARPBP,SKA3,ANP32E,DLGAP5,MIS18A,MAD2L1,BUB1B,OIP5,KPNA2,VRK1,FANCD2,CCNB1,HMGB1,DNMT3B,BIRC5,TTK,BUB1"
"DEG_HMVL_ALL","55","0.033779999999999998","LIN28B_ARCHS4_PEARSON","LIN28B","20","300","0.00000000160099999999999995144070312377533940595419892360951052978634834289550781250000000000000000000000000000000000000000000000000000000000000000","0.00000004569999999999999893784033530748367457618996922974474728107452392578125000000000000000000000000000000000000000000000000000000000000000000000000000000","5.982000000000000","ARCHS4--Coexpression","TMPO,DEPDC1B,PARPBP,NCAPG,SKA3,DLGAP5,DEPDC1,MIS18A,MAD2L1,BUB1B,VRK1,BLM,HMMR,CCNB1,CKS1B,EXO1,DNMT3B,CCNA2,TTK,BUB1"
"DEG_HMVL_ALL","56","0.034400000000000000","CEBPZ_ARCHS4_PEARSON","CEBPZ","20","300","0.00000000160099999999999995144070312377533940595419892360951052978634834289550781250000000000000000000000000000000000000000000000000000000000000000","0.00000004569999999999999893784033530748367457618996922974474728107452392578125000000000000000000000000000000000000000000000000000000000000000000000000000000","5.982000000000000","ARCHS4--Coexpression","SMC2,KIF20B,CDCA2,NCAPG,SKA3,DLGAP5,MIS18A,MAD2L1,BUB1B,VRK1,BLM,HMMR,ARHGAP11A,HMGB1,EXO1,DNMT3B,CCNA2,DBF4,TTK,BUB1"
"DEG_HMVL_ALL","57","0.035009999999999999","HOXB9_ARCHS4_PEARSON","HOXB9","20","300","0.00000000160099999999999995144070312377533940595419892360951052978634834289550781250000000000000000000000000000000000000000000000000000000000000000","0.00000004569999999999999893784033530748367457618996922974474728107452392578125000000000000000000000000000000000000000000000000000000000000000000000000000000","5.982000000000000","ARCHS4--Coexpression","IQGAP3,PLK1,TPX2,NCAPG2,INCENP,KIFC1,KIF2C,RECQL4,TCOF1,NCAPD2,UBE2S,LMNB2,EXO1,CCNA2,ESPL1,FAM72D,FAM72B,CDC45,SPAG5,PRC1"
"DEG_HMVL_ALL","58","0.035630000000000002","ZNF107_ARCHS4_PEARSON","ZNF107","19","298","0.00000000809300000000000007370420598709973014628360488131875172257423400878906250000000000000000000000000000000000000000000000000000000000000000000","0.00000022700000000000000772727151363006292683621722972020506858825683593750000000000000000000000000000000000000000000000000000000000000000000000000000000000","5.703000000000000","ARCHS4--Coexpression","SMC4,SMC2,TMPO,KIF20B,SKA3,SKA1,PLK4,ANP32E,KIF11,KIF15,MIS18BP1,CNTRL,BUB1B,GEN1,VRK1,BLM,HMGB1,ASPM,DBF4"
"DEG_HMVL_ALL","59","0.036240000000000001","HOXD13_ARCHS4_PEARSON","HOXD13","19","300","0.00000000900899999999999980567216302908620240152970382041530683636665344238281250000000000000000000000000000000000000000000000000000000000000000000","0.00000023699999999999999139288487087079415616130972921382635831832885742187500000000000000000000000000000000000000000000000000000000000000000000000000000000","5.663000000000000","ARCHS4--Coexpression","HASPIN,CDCA5,IQGAP3,RACGAP1,PLK1,NCAPG2,INCENP,DEPDC1,RECQL4,TCOF1,MZT1,NCAPD2,NPAS1,UBE2S,FOXM1,LMNB2,EXO1,ESPL1,PRC1"
"DEG_HMVL_ALL","60","0.036859999999999997","ZNF239_ARCHS4_PEARSON","ZNF239","19","300","0.00000000900899999999999980567216302908620240152970382041530683636665344238281250000000000000000000000000000000000000000000000000000000000000000000","0.00000023699999999999999139288487087079415616130972921382635831832885742187500000000000000000000000000000000000000000000000000000000000000000000000000000000","5.663000000000000","ARCHS4--Coexpression","CDCA5,SKA3,DDIAS,ZWINT,KIF23,KIF2C,MIS18A,MAD2L1,BUB1B,KPNA2,VRK1,HMMR,CCNB1,UBE2T,ARHGAP11A,HMGB1,EXO1,TTK,BUB1"
"DEG_HMVL_ALL","61","0.037470000000000003","FOXE3_ARCHS4_PEARSON","FOXE3","19","300","0.00000000900899999999999980567216302908620240152970382041530683636665344238281250000000000000000000000000000000000000000000000000000000000000000000","0.00000023699999999999999139288487087079415616130972921382635831832885742187500000000000000000000000000000000000000000000000000000000000000000000000000000000","5.663000000000000","ARCHS4--Coexpression","CDCA5,IQGAP3,NCAPH,ZWINT,NCAPG2,RECQL4,TCOF1,MZT1,TACC3,NCAPD2,TRIP13,BLM,FOXM1,LMNB2,EXO1,ESPL1,BUB1,SPAG5,PRC1"
"DEG_HMVL_ALL","62","0.038080000000000003","YY1_ARCHS4_PEARSON","YY1","19","300","0.00000000900899999999999980567216302908620240152970382041530683636665344238281250000000000000000000000000000000000000000000000000000000000000000000","0.00000023699999999999999139288487087079415616130972921382635831832885742187500000000000000000000000000000000000000000000000000000000000000000000000000000000","5.663000000000000","ARCHS4--Coexpression","SMC4,TMPO,CDCA2,IQGAP3,RACGAP1,RAD21,INCENP,TCOF1,TACC3,NCAPD2,HJURP,HMMR,FAM83D,UBE2S,NABP1,ARHGAP11A,LMNB2,CCNA2,SAPCD2"
"DEG_HMVL_ALL","63","0.038699999999999998","ZNF207_ARCHS4_PEARSON","ZNF207","18","299","0.00000004589000000000000262442370895128729291201352680218406021595001220703125000000000000000000000000000000000000000000000000000000000000000000000","0.00000119000000000000004144145963891343598106686840765178203582763671875000000000000000000000000000000000000000000000000000000000000000000000000000000000000","5.364000000000000","ARCHS4--Coexpression","SMC4,TMPO,KIF20B,PARPBP,NCAPG,PLK4,NCAPG2,KIF11,KIF23,MAD2L1,BUB1B,GEN1,BLM,ARHGAP11A,HMGB1,EXO1,ASPM,BUB1"
"DEG_HMVL_ALL","64","0.039309999999999998","ZNF202_ARCHS4_PEARSON","ZNF202","18","300","0.00000004824999999999999861068978364991854945742488780524581670761108398437500000000000000000000000000000000000000000000000000000000000000000000000","0.00000119000000000000004144145963891343598106686840765178203582763671875000000000000000000000000000000000000000000000000000000000000000000000000000000000000","5.345000000000000","ARCHS4--Coexpression","TMPO,HASPIN,CDCA5,NCAPH,TPX2,KIF15,DLGAP5,INCENP,TACC3,NCAPD2,BUB1B,HMMR,ARHGAP11A,LMNB2,DNMT3B,CCNA2,BUB1,SPAG5"
"DEG_HMVL_ALL","65","0.039930000000000000","TERF1_ARCHS4_PEARSON","TERF1","18","300","0.00000004824999999999999861068978364991854945742488780524581670761108398437500000000000000000000000000000000000000000000000000000000000000000000000","0.00000119000000000000004144145963891343598106686840765178203582763671875000000000000000000000000000000000000000000000000000000000000000000000000000000000000","5.345000000000000","ARCHS4--Coexpression","PIMREG,DEPDC1B,KIF20B,PARPBP,SKA3,ANP32E,DLGAP5,CKS2,MIS18A,MAD2L1,BUB1B,VRK1,BLM,HMGB1,CKS1B,DNMT3B,TTK,BUB1"
"DEG_HMVL_ALL","66","0.040540000000000000","HOXC11_ARCHS4_PEARSON","HOXC11","18","300","0.00000004824999999999999861068978364991854945742488780524581670761108398437500000000000000000000000000000000000000000000000000000000000000000000000","0.00000119000000000000004144145963891343598106686840765178203582763671875000000000000000000000000000000000000000000000000000000000000000000000000000000000000","5.345000000000000","ARCHS4--Coexpression","LURAP1L,HASPIN,IQGAP3,RACGAP1,TPX2,TK1,CEP55,INCENP,KIFC1,RECQL4,TRIP13,TROAP,UBE2S,FOXM1,LMNB2,ESPL1,SAPCD2,PRC1"
"DEG_HMVL_ALL","67","0.041149999999999999","LIN54_ARCHS4_PEARSON","LIN54","17","298","0.00000022340000000000000196094768027677002208974954555742442607879638671875000000000000000000000000000000000000000000000000000000000000000000000000","0.00000534999999999999959908372065831017039272410329431295394897460937500000000000000000000000000000000000000000000000000000000000000000000000000000000000000","5.066000000000000","ARCHS4--Coexpression","SMC2,TMPO,ESCO2,NEIL3,SKA1,DDIAS,ANP32E,KIF11,KIF23,CENPI,SPC24,GEN1,BLM,ECT2,ARHGAP11B,CKAP2L,SCLT1"
"DEG_HMVL_ALL","68","0.041770000000000002","CDC5L_ARCHS4_PEARSON","CDC5L","17","298","0.00000022340000000000000196094768027677002208974954555742442607879638671875000000000000000000000000000000000000000000000000000000000000000000000000","0.00000534999999999999959908372065831017039272410329431295394897460937500000000000000000000000000000000000000000000000000000000000000000000000000000000000000","5.066000000000000","ARCHS4--Coexpression","SMC4,SMC2,TMPO,ESCO2,KIF20B,CDCA2,NCAPG,KIF11,DLGAP5,KIF23,DEPDC1,HMMR,DIAPH3,ARHGAP11A,EXO1,SUN2,TTK"
"DEG_HMVL_ALL","69","0.042380000000000001","ZNF92_ARCHS4_PEARSON","ZNF92","17","299","0.00000023410000000000001174702696227214460122922901064157485961914062500000000000000000000000000000000000000000000000000000000000000000000000000000","0.00000551999999999999966550628255346211403775669168680906295776367187500000000000000000000000000000000000000000000000000000000000000000000000000000000000000","5.049000000000000","ARCHS4--Coexpression","SMC2,TMPO,KIF20B,NCAPG,SKA3,PLK4,KIF11,MAD2L1,BUB1B,VRK1,BLM,HMMR,HMGB1,CKAP2,DBF4,TTK,BUB1"
"DEG_HMVL_ALL","70","0.042999999999999997","ZIC5_ARCHS4_PEARSON","ZIC5","17","300","0.00000024519999999999999864511591313176452899824653286486864089965820312500000000000000000000000000000000000000000000000000000000000000000000000000","0.00000562000000000000040213492258356353659110027365386486053466796875000000000000000000000000000000000000000000000000000000000000000000000000000000000000000","5.031000000000000","ARCHS4--Coexpression","PIMREG,KIF20B,CDCA2,SKA3,DLGAP5,CKS2,TCOF1,CENPW,MIS18A,MAD2L1,BUB1B,HMMR,HMGB1,LMNB2,CKS1B,DNMT3B,BUB1"
"DEG_HMVL_ALL","71","0.043610000000000003","NFE2L3_ARCHS4_PEARSON","NFE2L3","17","300","0.00000024519999999999999864511591313176452899824653286486864089965820312500000000000000000000000000000000000000000000000000000000000000000000000000","0.00000562000000000000040213492258356353659110027365386486053466796875000000000000000000000000000000000000000000000000000000000000000000000000000000000000000","5.031000000000000","ARCHS4--Coexpression","HASPIN,CDCA5,TPX2,NCAPG2,CEP55,INCENP,KIFC1,RECQL4,NCAPD2,BUB1B,HMMR,ECT2,ARHGAP11A,LMNB2,DNMT3B,CCNA2,BUB1"
"DEG_HMVL_ALL","72","0.044229999999999998","YY2_ARCHS4_PEARSON","YY2","16","297","0.00000103599999999999990653223175263164534953830298036336898803710937500000000000000000000000000000000000000000000000000000000000000000000000000000","0.00002339999999999999957638052716646370754460804164409637451171875000000000000000000000000000000000000000000000000000000000000000000000000000000000000000000","4.768000000000000","ARCHS4--Coexpression","SMC4,SMC2,ESCO2,KIF20B,CDCA2,NCAPH,DLGAP5,TRIP13,MAD2L1,BUB1B,ANKRD31,GEN1,SUN2,PBXIP1,AURKA,SHCBP1"
"DEG_HMVL_ALL","73","0.044839999999999998","ISL2_ARCHS4_PEARSON","ISL2","16","299","0.00000112999999999999998062910188528773502980584453325718641281127929687500000000000000000000000000000000000000000000000000000000000000000000000000","0.00002430000000000000112384060391157447611476527526974678039550781250000000000000000000000000000000000000000000000000000000000000000000000000000000000000000","4.735000000000000","ARCHS4--Coexpression","CDC20,HASPIN,CDCA5,FEN1,INCENP,KIF2C,DTYMK,RECQL4,TCOF1,TROAP,BCL2L12,UBE2S,LMNB2,EXO1,AURKB,CDC45"
"DEG_HMVL_ALL","74","0.045449999999999997","TET1_ARCHS4_PEARSON","TET1","16","299","0.00000112999999999999998062910188528773502980584453325718641281127929687500000000000000000000000000000000000000000000000000000000000000000000000000","0.00002430000000000000112384060391157447611476527526974678039550781250000000000000000000000000000000000000000000000000000000000000000000000000000000000000000","4.735000000000000","ARCHS4--Coexpression","KIF20B,NCAPG,SKA3,KIF15,DLGAP5,CENPE,CENPF,MIS18A,MAD2L1,BUB1B,HMMR,DNMT3B,SUN2,CCNA2,TTK,BUB1"
"DEG_HMVL_ALL","75","0.046070000000000000","CDX4_ARCHS4_PEARSON","CDX4","16","300","0.00000117999999999999992542694827318827677231638517696410417556762695312500000000000000000000000000000000000000000000000000000000000000000000000000","0.00002430000000000000112384060391157447611476527526974678039550781250000000000000000000000000000000000000000000000000000000000000000000000000000000000000000","4.718000000000000","ARCHS4--Coexpression","PARPBP,SKA3,ZWINT,CKS2,CENPW,MIS18A,MAD2L1,OIP5,VRK1,SGO1,CCNB1,UBE2C,HMGB1,CKS1B,DNMT3B,BUB1"
"DEG_HMVL_ALL","76","0.046679999999999999","TP73_ARCHS4_PEARSON","TP73","16","300","0.00000117999999999999992542694827318827677231638517696410417556762695312500000000000000000000000000000000000000000000000000000000000000000000000000","0.00002430000000000000112384060391157447611476527526974678039550781250000000000000000000000000000000000000000000000000000000000000000000000000000000000000000","4.718000000000000","ARCHS4--Coexpression","IQGAP3,INCENP,KIFC1,RECQL4,NEURL1B,CDKN2C,TUBB4B,NCAPD2,CAPS,LIG1,CCDC146,KIF18B,FOXM1,LMNB2,FHAD1,ESPL1"
"DEG_HMVL_ALL","77","0.047300000000000002","HOXD11_ARCHS4_PEARSON","HOXD11","16","300","0.00000117999999999999992542694827318827677231638517696410417556762695312500000000000000000000000000000000000000000000000000000000000000000000000000","0.00002430000000000000112384060391157447611476527526974678039550781250000000000000000000000000000000000000000000000000000000000000000000000000000000000000000","4.718000000000000","ARCHS4--Coexpression","HASPIN,IQGAP3,INCENP,DEPDC1,RECQL4,TCOF1,CDKN2C,NCAPD2,TRIP13,KIF18B,UBE2S,FOXM1,LMNB2,EXO1,ESPL1,PRC1"
"DEG_HMVL_ALL","78","0.047910000000000001","NKX12_ARCHS4_PEARSON","NKX12","16","300","0.00000117999999999999992542694827318827677231638517696410417556762695312500000000000000000000000000000000000000000000000000000000000000000000000000","0.00002430000000000000112384060391157447611476527526974678039550781250000000000000000000000000000000000000000000000000000000000000000000000000000000000000000","4.718000000000000","ARCHS4--Coexpression","TMPO,PARPBP,CDCA5,SKA3,DLGAP5,MIS18A,MAD2L1,BUB1B,OIP5,VRK1,HMMR,CCNB1,HMGB1,DNMT3B,CCNA2,BUB1"
"DEG_HMVL_ALL","79","0.048529999999999997","YBX1_ARCHS4_PEARSON","YBX1","16","300","0.00000117999999999999992542694827318827677231638517696410417556762695312500000000000000000000000000000000000000000000000000000000000000000000000000","0.00002430000000000000112384060391157447611476527526974678039550781250000000000000000000000000000000000000000000000000000000000000000000000000000000000000000","4.718000000000000","ARCHS4--Coexpression","HASPIN,CDCA5,RACGAP1,TPX2,NCAPG2,CEP55,INCENP,KIFC1,KIF2C,RECQL4,NCAPD2,UBE2S,ARHGAP11A,FOXM1,LMNB2,CCNA2"
"DEG_HMVL_ALL","80","0.049140000000000003","ZNF678_ARCHS4_PEARSON","ZNF678","15","298","0.00000494200000000000028670251936424584471296839183196425437927246093750000000000000000000000000000000000000000000000000000000000000000000000000000","0.00009899999999999999403775541306771401650621555745601654052734375000000000000000000000000000000000000000000000000000000000000000000000000000000000000000000","4.439000000000000","ARCHS4--Coexpression","SMC4,TMPO,KIF20B,KIF11,KIF15,DEPDC1,MAD2L1,BUB1B,VRK1,BLM,HMGB1,EXO1,DNMT3B,ASPM,TTK"
"DEG_HMVL_ALL","81","0.049750000000000003","SALL3_ARCHS4_PEARSON","SALL3","15","299","0.00000514400000000000021615174927713809438500902615487575531005859375000000000000000000000000000000000000000000000000000000000000000000000000000000","0.00009899999999999999403775541306771401650621555745601654052734375000000000000000000000000000000000000000000000000000000000000000000000000000000000000000000","4.423000000000000","ARCHS4--Coexpression","SMC2,TMPO,PIMREG,PLK4,ANP32E,KIF15,CKS2,CENPE,CENPF,MAD2L1,BLM,HMGB1,DNMT3B,RNFT2,NCALD"
"DEG_HMVL_ALL","82","0.050369999999999998","RAG1_ARCHS4_PEARSON","RAG1","15","300","0.00000535199999999999974934156501960025309472257504239678382873535156250000000000000000000000000000000000000000000000000000000000000000000000000000","0.00009899999999999999403775541306771401650621555745601654052734375000000000000000000000000000000000000000000000000000000000000000000000000000000000000000000","4.408000000000000","ARCHS4--Coexpression","MKI67,SMC4,TMPO,HASPIN,NEIL3,RAD21,PLK4,KIF11,INCENP,KIFC1,CDKN2C,NCAPD2,CEP128,HMGB2,HMGB1"
"DEG_HMVL_ALL","83","0.050979999999999998","HBP1_ARCHS4_PEARSON","HBP1","15","300","0.00000535199999999999974934156501960025309472257504239678382873535156250000000000000000000000000000000000000000000000000000000000000000000000000000","0.00009899999999999999403775541306771401650621555745601654052734375000000000000000000000000000000000000000000000000000000000000000000000000000000000000000000","4.408000000000000","ARCHS4--Coexpression","CDCA5,ZWINT,TPX2,NCAPG2,TUBA1B,CEP55,INCENP,KIFC1,RECQL4,TCOF1,NCAPD2,UBE2S,FOXM1,LMNB2,RRM2"
"DEG_HMVL_ALL","84","0.051600000000000000","ETV5_ARCHS4_PEARSON","ETV5","15","300","0.00000535199999999999974934156501960025309472257504239678382873535156250000000000000000000000000000000000000000000000000000000000000000000000000000","0.00009899999999999999403775541306771401650621555745601654052734375000000000000000000000000000000000000000000000000000000000000000000000000000000000000000000","4.408000000000000","ARCHS4--Coexpression","PIMREG,NCAPG,TPX2,TUBA1B,PBK,KIF23,HJURP,GAS2L3,MELK,CCNB1,ECT2,KIF4A,SUN2,BIRC5,PBXIP1"
"DEG_HMVL_ALL","85","0.052209999999999999","TCF3_ARCHS4_PEARSON","TCF3","15","300","0.00000535199999999999974934156501960025309472257504239678382873535156250000000000000000000000000000000000000000000000000000000000000000000000000000","0.00009899999999999999403775541306771401650621555745601654052734375000000000000000000000000000000000000000000000000000000000000000000000000000000000000000000","4.408000000000000","ARCHS4--Coexpression","TMPO,HASPIN,CDCA5,TPX2,NCAPG2,INCENP,KIFC1,RECQL4,TACC3,NCAPD2,LIG1,UBE2S,FOXM1,LMNB2,SAPCD2"
"DEG_HMVL_ALL","86","0.052830000000000002","HOXC13_ARCHS4_PEARSON","HOXC13","15","300","0.00000535199999999999974934156501960025309472257504239678382873535156250000000000000000000000000000000000000000000000000000000000000000000000000000","0.00009899999999999999403775541306771401650621555745601654052734375000000000000000000000000000000000000000000000000000000000000000000000000000000000000000000","4.408000000000000","ARCHS4--Coexpression","CDCA5,IQGAP3,RACGAP1,TPX2,TK1,CEP55,INCENP,KIFC1,RECQL4,TUBB4B,TRIP13,UBE2S,FOXM1,LMNB2,SAPCD2"
"DEG_HMVL_ALL","87","0.053440000000000001","ZNF473_ARCHS4_PEARSON","ZNF473","15","300","0.00000535199999999999974934156501960025309472257504239678382873535156250000000000000000000000000000000000000000000000000000000000000000000000000000","0.00009899999999999999403775541306771401650621555745601654052734375000000000000000000000000000000000000000000000000000000000000000000000000000000000000000000","4.408000000000000","ARCHS4--Coexpression","CDCA5,RACGAP1,TPX2,CEP55,KIF2C,TUBB4B,CAPS,CCDC146,ODF2,FHAD1,EXO1,DNAH7,DNAH5,BUB1,SPAG5"
"DEG_HMVL_ALL","88","0.054050000000000001","ZNF572_ARCHS4_PEARSON","ZNF572","15","300","0.00000535199999999999974934156501960025309472257504239678382873535156250000000000000000000000000000000000000000000000000000000000000000000000000000","0.00009899999999999999403775541306771401650621555745601654052734375000000000000000000000000000000000000000000000000000000000000000000000000000000000000000000","4.408000000000000","ARCHS4--Coexpression","SMC4,TMPO,HASPIN,CDCA2,CDCA5,RACGAP1,RAD21,TPX2,TOP2A,NCAPG2,KIF11,BUB1B,HMMR,ARHGAP11A,TTK"
"DEG_HMVL_ALL","89","0.054670000000000003","FOSL1_ARCHS4_PEARSON","FOSL1","14","299","0.00002201999999999999923648748290094800950100761838257312774658203125000000000000000000000000000000000000000000000000000000000000000000000000000000","0.00038299999999999998542138390789091317856218665838241577148437500000000000000000000000000000000000000000000000000000000000000000000000000000000000000000000","4.114000000000000","ARCHS4--Coexpression","IQGAP3,TPX2,APOBEC3B,TK1,CEP55,INCENP,KIFC1,TUBB4B,TMEM158,UBE2S,FOXM1,LMNB2,FOXL1,TBC1D2"
"DEG_HMVL_ALL","90","0.055280000000000003","TIGD2_ARCHS4_PEARSON","TIGD2","14","299","0.00002201999999999999923648748290094800950100761838257312774658203125000000000000000000000000000000000000000000000000000000000000000000000000000000","0.00038299999999999998542138390789091317856218665838241577148437500000000000000000000000000000000000000000000000000000000000000000000000000000000000000000000","4.114000000000000","ARCHS4--Coexpression","SMC4,TMPO,HASPIN,NCAPG,TPX2,CEP55,KIF2C,CENPA,HMMR,ARHGAP11A,EXO1,CCNA2,AURKA,SHCBP1"
"DEG_HMVL_ALL","91","0.055899999999999998","ZFP42_ARCHS4_PEARSON","ZFP42","14","299","0.00002201999999999999923648748290094800950100761838257312774658203125000000000000000000000000000000000000000000000000000000000000000000000000000000","0.00038299999999999998542138390789091317856218665838241577148437500000000000000000000000000000000000000000000000000000000000000000000000000000000000000000000","4.114000000000000","ARCHS4--Coexpression","PIF1,PARPBP,SKA3,ANP32E,DLGAP5,MIS18A,MAD2L1,BUB1B,OIP5,VRK1,CCNB1,HMGB1,DNMT3B,BUB1"
"DEG_HMVL_ALL","92","0.056509999999999998","MTERF3_ARCHS4_PEARSON","MTERF3","14","299","0.00002201999999999999923648748290094800950100761838257312774658203125000000000000000000000000000000000000000000000000000000000000000000000000000000","0.00038299999999999998542138390789091317856218665838241577148437500000000000000000000000000000000000000000000000000000000000000000000000000000000000000000000","4.114000000000000","ARCHS4--Coexpression","PARPBP,SKA3,ZWINT,MIS18A,CENPN,CDKN3,MAD2L1,OIP5,VRK1,CCNB1,UBE2T,HMGB1,CKS1B,SUN2"
"DEG_HMVL_ALL","93","0.057130000000000000","HOXB4_ARCHS4_PEARSON","HOXB4","14","300","0.00002282999999999999995157519416810742995949112810194492340087890625000000000000000000000000000000000000000000000000000000000000000000000000000000","0.00038299999999999998542138390789091317856218665838241577148437500000000000000000000000000000000000000000000000000000000000000000000000000000000000000000000","4.099000000000000","ARCHS4--Coexpression","SMC4,IQGAP3,TPX2,NCAPG2,INCENP,KIFC1,KIF2C,RECQL4,NCAPD2,UBE2S,LMNB2,EXO1,FAM72D,CDC45"
"DEG_HMVL_ALL","94","0.057740000000000000","FOXD3_ARCHS4_PEARSON","FOXD3","14","300","0.00002282999999999999995157519416810742995949112810194492340087890625000000000000000000000000000000000000000000000000000000000000000000000000000000","0.00038299999999999998542138390789091317856218665838241577148437500000000000000000000000000000000000000000000000000000000000000000000000000000000000000000000","4.099000000000000","ARCHS4--Coexpression","PIMREG,SKA3,PLK1,CKS2,TCOF1,MIS18A,MAD2L1,BUB1B,BCL2L12,LMNB2,CKS1B,DNMT3B,CCNA2,BUB1"
"DEG_HMVL_ALL","95","0.058349999999999999","TMF1_ARCHS4_PEARSON","TMF1","14","300","0.00002282999999999999995157519416810742995949112810194492340087890625000000000000000000000000000000000000000000000000000000000000000000000000000000","0.00038299999999999998542138390789091317856218665838241577148437500000000000000000000000000000000000000000000000000000000000000000000000000000000000000000000","4.099000000000000","ARCHS4--Coexpression","CDC20,CDCA5,PLK1,ZWINT,FEN1,TUBA1B,TK1,KIFC1,RECQL4,UBE2S,FOXM1,LMNB2,CKS1B,AURKB"
"DEG_HMVL_ALL","96","0.058970000000000002","NKX28_ARCHS4_PEARSON","NKX28","14","300","0.00002282999999999999995157519416810742995949112810194492340087890625000000000000000000000000000000000000000000000000000000000000000000000000000000","0.00038299999999999998542138390789091317856218665838241577148437500000000000000000000000000000000000000000000000000000000000000000000000000000000000000000000","4.099000000000000","ARCHS4--Coexpression","CDC20,IQGAP3,PLK1,TK1,INCENP,RECQL4,TCOF1,TUBB4B,TRIP13,TROAP,UBE2S,FOXM1,LMNB2,SAPCD2"
"DEG_HMVL_ALL","97","0.059580000000000001","RHOXF2_ARCHS4_PEARSON","RHOXF2","14","300","0.00002282999999999999995157519416810742995949112810194492340087890625000000000000000000000000000000000000000000000000000000000000000000000000000000","0.00038299999999999998542138390789091317856218665838241577148437500000000000000000000000000000000000000000000000000000000000000000000000000000000000000000000","4.099000000000000","ARCHS4--Coexpression","SMC4,CDCA8,TPX2,NCAPG2,KIF2C,MIS18A,HMMR,EXO1,CCNA2,FAM72D,FAM72B,FAM72A,CDC45,BUB1"
"DEG_HMVL_ALL","98","0.060199999999999997","ZBTB5_ARCHS4_PEARSON","ZBTB5","13","298","0.00008537999999999999907983327940286244484013877809047698974609375000000000000000000000000000000000000000000000000000000000000000000000000000000000","0.00142000000000000003823330541052882836083881556987762451171875000000000000000000000000000000000000000000000000000000000000000000000000000000000000000000000","3.820000000000000","ARCHS4--Coexpression","SLC6A16,HASPIN,RACGAP1,RAD21,TPX2,CDKN1B,INCENP,KIFC1,KIF2C,RECQL4,NCAPD2,LMNB2,SPAG5"
"DEG_HMVL_ALL","99","0.060810000000000003","ZNF35_ARCHS4_PEARSON","ZNF35","13","299","0.00008825999999999999861069466255969473422737792134284973144531250000000000000000000000000000000000000000000000000000000000000000000000000000000000","0.00144000000000000009069134332406747489585541188716888427734375000000000000000000000000000000000000000000000000000000000000000000000000000000000000000000000","3.807000000000000","ARCHS4--Coexpression","CDCA2,NCAPG,FEN1,KIF15,CENPW,CENPN,MAD2L1,HMMR,DIAPH3,CKS1B,SUN2,BIRC5,PBXIP1"
"DEG_HMVL_ALL","100","0.061429999999999998","GTF2IRD2B_ARCHS4_PEARSON","GTF2IRD2B","13","299","0.00008825999999999999861069466255969473422737792134284973144531250000000000000000000000000000000000000000000000000000000000000000000000000000000000","0.00144000000000000009069134332406747489585541188716888427734375000000000000000000000000000000000000000000000000000000000000000000000000000000000000000000000","3.807000000000000","ARCHS4--Coexpression","CDCA5,NCAPH,RACGAP1,TPX2,NCAPG2,INCENP,KIFC1,NCAPD2,FAM227A,HMMR,LMNB2,CCNA2,PKD1L2"
"DEG_HMVL_ALL","101","0.062039999999999998","NKX32_ARCHS4_PEARSON","NKX32","13","300","0.00009123000000000000575019198922888108427287079393863677978515625000000000000000000000000000000000000000000000000000000000000000000000000000000000","0.00144000000000000009069134332406747489585541188716888427734375000000000000000000000000000000000000000000000000000000000000000000000000000000000000000000000","3.793000000000000","ARCHS4--Coexpression","IQGAP3,TUBA1C,INCENP,KIFC1,RECQL4,CDKN2C,NCAPD2,FANCD2,KIF18B,UBE2S,FOXM1,LMNB2,SAPCD2"
"DEG_HMVL_ALL","102","0.062649999999999997","LHX3_ARCHS4_PEARSON","LHX3","13","300","0.00009123000000000000575019198922888108427287079393863677978515625000000000000000000000000000000000000000000000000000000000000000000000000000000000","0.00144000000000000009069134332406747489585541188716888427734375000000000000000000000000000000000000000000000000000000000000000000000000000000000000000000000","3.793000000000000","ARCHS4--Coexpression","SMC2,TMPO,CACNA2D4,TPX2,TUBA1B,KIFC1,NEURL1B,CDKN2C,TUBB4B,NPAS1,TRMT9B,HMGB2,RRM2"
"DEG_HMVL_ALL","103","0.063270000000000007","HOXC5_ARCHS4_PEARSON","HOXC5","13","300","0.00009123000000000000575019198922888108427287079393863677978515625000000000000000000000000000000000000000000000000000000000000000000000000000000000","0.00144000000000000009069134332406747489585541188716888427734375000000000000000000000000000000000000000000000000000000000000000000000000000000000000000000000","3.793000000000000","ARCHS4--Coexpression","CDC20,IQGAP3,TK1,RECQL4,CDKN2C,TUBB4B,TRIP13,TROAP,UBE2S,UBE2T,FOXM1,LMNB2,SAPCD2"
"DEG_HMVL_ALL","104","0.063880000000000006","ZNF227_ARCHS4_PEARSON","ZNF227","12","298","0.00032019999999999997682825769729220155568327754735946655273437500000000000000000000000000000000000000000000000000000000000000000000000000000000000","0.00464999999999999961974861406588388490490615367889404296875000000000000000000000000000000000000000000000000000000000000000000000000000000000000000000000000","3.514000000000000","ARCHS4--Coexpression","TMPO,ESCO2,DDIAS,DLGAP5,KIF23,MAD2L1,BUB1B,VRK1,BLM,CCNB1,EXO1,TTK"
"DEG_HMVL_ALL","105","0.064500000000000002","HOXD10_ARCHS4_PEARSON","HOXD10","12","298","0.00032019999999999997682825769729220155568327754735946655273437500000000000000000000000000000000000000000000000000000000000000000000000000000000000","0.00464999999999999961974861406588388490490615367889404296875000000000000000000000000000000000000000000000000000000000000000000000000000000000000000000000000","3.514000000000000","ARCHS4--Coexpression","HASPIN,IQGAP3,INCENP,DEPDC1,TCOF1,NCAPD2,KIF18B,FOXM1,LMNB2,EXO1,ESPL1,PRC1"
"DEG_HMVL_ALL","106","0.065110000000000001","E2F6_ARCHS4_PEARSON","E2F6","12","299","0.00032989999999999999576519305044541852112160995602607727050781250000000000000000000000000000000000000000000000000000000000000000000000000000000000","0.00464999999999999961974861406588388490490615367889404296875000000000000000000000000000000000000000000000000000000000000000000000000000000000000000000000000","3.502000000000000","ARCHS4--Coexpression","CDCA5,RACGAP1,FEN1,DTYMK,CENPA,CENPN,OIP5,CALCOCO1,EXO1,SUN2,FAM72D,RRM2"
"DEG_HMVL_ALL","107","0.065720000000000001","TTF1_ARCHS4_PEARSON","TTF1","12","299","0.00032989999999999999576519305044541852112160995602607727050781250000000000000000000000000000000000000000000000000000000000000000000000000000000000","0.00464999999999999961974861406588388490490615367889404296875000000000000000000000000000000000000000000000000000000000000000000000000000000000000000000000000","3.502000000000000","ARCHS4--Coexpression","SMC2,KIF20B,CKS2,CENPW,MIS18A,CENPN,MAD2L1,VRK1,SGO1,UBE2T,HMGB1,CKS1B"
"DEG_HMVL_ALL","108","0.066339999999999996","ATF1_ARCHS4_PEARSON","ATF1","12","299","0.00032989999999999999576519305044541852112160995602607727050781250000000000000000000000000000000000000000000000000000000000000000000000000000000000","0.00464999999999999961974861406588388490490615367889404296875000000000000000000000000000000000000000000000000000000000000000000000000000000000000000000000000","3.502000000000000","ARCHS4--Coexpression","TMPO,RACGAP1,RAD21,DEPDC1,TRIP13,MAD2L1,TMEM178A,HMMR,ARHGAP11A,EXO1,CCNA2,RRM2"
"DEG_HMVL_ALL","109","0.066949999999999996","HMX3_ARCHS4_PEARSON","HMX3","12","300","0.00033980000000000001956351747267603968793991953134536743164062500000000000000000000000000000000000000000000000000000000000000000000000000000000000","0.00464999999999999961974861406588388490490615367889404296875000000000000000000000000000000000000000000000000000000000000000000000000000000000000000000000000","3.489000000000000","ARCHS4--Coexpression","TMPO,HASPIN,INCENP,KIFC1,KIF2C,RECQL4,CDKN2C,NCAPD2,ARHGAP11A,LMNB2,CDC45,SPAG5"
"DEG_HMVL_ALL","110","0.067570000000000005","ZFP69_ARCHS4_PEARSON","ZFP69","12","300","0.00033980000000000001956351747267603968793991953134536743164062500000000000000000000000000000000000000000000000000000000000000000000000000000000000","0.00464999999999999961974861406588388490490615367889404296875000000000000000000000000000000000000000000000000000000000000000000000000000000000000000000000000","3.489000000000000","ARCHS4--Coexpression","SMC4,TMPO,ESCO2,KIF15,CNTRL,BUB1B,GEN1,MED30,GPSM2,HMGB1,FAM72D,FAM72B"
"DEG_HMVL_ALL","111","0.068180000000000004","HEY2_ARCHS4_PEARSON","HEY2","12","300","0.00033980000000000001956351747267603968793991953134536743164062500000000000000000000000000000000000000000000000000000000000000000000000000000000000","0.00464999999999999961974861406588388490490615367889404296875000000000000000000000000000000000000000000000000000000000000000000000000000000000000000000000000","3.489000000000000","ARCHS4--Coexpression","SKA3,CKS2,MIS18A,MAD2L1,FANCD2,HMGB1,CKS1B,EXO1,DNMT3B,TTK,BUB1,RAD51"
"DEG_HMVL_ALL","112","0.068800000000000000","FOXC1_ARCHS4_PEARSON","FOXC1","12","300","0.00033980000000000001956351747267603968793991953134536743164062500000000000000000000000000000000000000000000000000000000000000000000000000000000000","0.00464999999999999961974861406588388490490615367889404296875000000000000000000000000000000000000000000000000000000000000000000000000000000000000000000000000","3.489000000000000","ARCHS4--Coexpression","HASPIN,IQGAP3,INCENP,DEPDC1,RECQL4,TCOF1,UBE2S,FOXM1,LMNB2,EXO1,ESPL1,PRC1"
"DEG_HMVL_ALL","113","0.069409999999999999","NANOGP8_ARCHS4_PEARSON","NANOGP8","12","300","0.00033980000000000001956351747267603968793991953134536743164062500000000000000000000000000000000000000000000000000000000000000000000000000000000000","0.00464999999999999961974861406588388490490615367889404296875000000000000000000000000000000000000000000000000000000000000000000000000000000000000000000000000","3.489000000000000","ARCHS4--Coexpression","PARPBP,SKA3,ANP32E,DLGAP5,MIS18A,MAD2L1,BUB1B,HMMR,CCNB1,HMGB1,DNMT3B,BUB1"
"DEG_HMVL_ALL","114","0.070019999999999999","NME2_ARCHS4_PEARSON","NME2","12","300","0.00033980000000000001956351747267603968793991953134536743164062500000000000000000000000000000000000000000000000000000000000000000000000000000000000","0.00464999999999999961974861406588388490490615367889404296875000000000000000000000000000000000000000000000000000000000000000000000000000000000000000000000000","3.489000000000000","ARCHS4--Coexpression","CDC20,CDCA5,ZWINT,FEN1,TK1,DTYMK,CENPW,CENPN,TRIP13,BCL2L12,UBE2S,CKS1B"
"DEG_HMVL_ALL","115","0.070639999999999994","ZNF511_ARCHS4_PEARSON","ZNF511","12","300","0.00033980000000000001956351747267603968793991953134536743164062500000000000000000000000000000000000000000000000000000000000000000000000000000000000","0.00464999999999999961974861406588388490490615367889404296875000000000000000000000000000000000000000000000000000000000000000000000000000000000000000000000000","3.489000000000000","ARCHS4--Coexpression","CDC20,ZWINT,FEN1,TK1,DTYMK,CENPW,CENPN,OIP5,BCL2L12,UBE2T,CKS1B,AURKB"
"DEG_HMVL_ALL","116","0.071249999999999994","MYC_ARCHS4_PEARSON","MYC","12","300","0.00033980000000000001956351747267603968793991953134536743164062500000000000000000000000000000000000000000000000000000000000000000000000000000000000","0.00464999999999999961974861406588388490490615367889404296875000000000000000000000000000000000000000000000000000000000000000000000000000000000000000000000000","3.489000000000000","ARCHS4--Coexpression","CDC20,HASPIN,CDCA5,FEN1,INCENP,KIFC1,RECQL4,TCOF1,NCAPD2,TRIP13,FOXM1,LMNB2"
"DEG_HMVL_ALL","117","0.071870000000000003","ZNF496_ARCHS4_PEARSON","ZNF496","12","300","0.00033980000000000001956351747267603968793991953134536743164062500000000000000000000000000000000000000000000000000000000000000000000000000000000000","0.00464999999999999961974861406588388490490615367889404296875000000000000000000000000000000000000000000000000000000000000000000000000000000000000000000000000","3.489000000000000","ARCHS4--Coexpression","NCAPG2,INCENP,KIFC1,RECQL4,TCOF1,NCAPD2,LIG1,KIF18B,FOXM1,LMNB2,DNMT3B,ESPL1"
"DEG_HMVL_ALL","118","0.072480000000000003","HESX1_ARCHS4_PEARSON","HESX1","12","300","0.00033980000000000001956351747267603968793991953134536743164062500000000000000000000000000000000000000000000000000000000000000000000000000000000000","0.00464999999999999961974861406588388490490615367889404296875000000000000000000000000000000000000000000000000000000000000000000000000000000000000000000000000","3.489000000000000","ARCHS4--Coexpression","PIMREG,KIF20B,CKS2,CENPW,MIS18A,MAD2L1,OIP5,VRK1,HMGB1,CKS1B,DNMT3B,NCALD"
"DEG_HMVL_ALL","119","0.073099999999999998","ZBED4_ARCHS4_PEARSON","ZBED4","12","300","0.00033980000000000001956351747267603968793991953134536743164062500000000000000000000000000000000000000000000000000000000000000000000000000000000000","0.00464999999999999961974861406588388490490615367889404296875000000000000000000000000000000000000000000000000000000000000000000000000000000000000000000000000","3.489000000000000","ARCHS4--Coexpression","TMPO,HASPIN,CDCA5,NCAPG2,INCENP,KIFC1,RECQL4,TACC3,NCAPD2,ARHGAP11A,FOXM1,LMNB2"
"DEG_HMVL_ALL","120","0.073709999999999998","ZNF711_ARCHS4_PEARSON","ZNF711","11","298","0.00111399999999999997288280262353055150015279650688171386718750000000000000000000000000000000000000000000000000000000000000000000000000000000000000","0.01469999999999999952537965697274557896889746189117431640625000000000000000000000000000000000000000000000000000000000000000000000000000000000000000000000000","3.210000000000000","ARCHS4--Coexpression","NUDT3,TMPO,IQGAP3,TOP2A,KIF11,DEPDC1,EXO1,CKAP2,ASPM,ESPL1,PRC1"
"DEG_HMVL_ALL","121","0.074319999999999997","ZNF676_ARCHS4_PEARSON","ZNF676","11","298","0.00111399999999999997288280262353055150015279650688171386718750000000000000000000000000000000000000000000000000000000000000000000000000000000000000","0.01469999999999999952537965697274557896889746189117431640625000000000000000000000000000000000000000000000000000000000000000000000000000000000000000000000000","3.210000000000000","ARCHS4--Coexpression","SKA3,DDIAS,CENPA,MIS18A,BUB1B,OIP5,HMMR,CCNB1,CKS1B,DNMT3B,RAD51"
"DEG_HMVL_ALL","122","0.074940000000000007","HOXB7_ARCHS4_PEARSON","HOXB7","11","299","0.00114400000000000005156985949383852130267769098281860351562500000000000000000000000000000000000000000000000000000000000000000000000000000000000000","0.01469999999999999952537965697274557896889746189117431640625000000000000000000000000000000000000000000000000000000000000000000000000000000000000000000000000","3.199000000000000","ARCHS4--Coexpression","LCN12,TK1,CEP55,CENPW,TRIP13,UBE2S,SUN2,FOXL1,SAPCD2,SHCBP1,PRC1"
"DEG_HMVL_ALL","123","0.075550000000000006","ZNF280A_ARCHS4_PEARSON","ZNF280A","11","299","0.00114400000000000005156985949383852130267769098281860351562500000000000000000000000000000000000000000000000000000000000000000000000000000000000000","0.01469999999999999952537965697274557896889746189117431640625000000000000000000000000000000000000000000000000000000000000000000000000000000000000000000000000","3.199000000000000","ARCHS4--Coexpression","CDCA8,DDIAS,KIF2C,CENPA,HJURP,CCNB1,UBE2C,EXO1,CCNA2,CDC45,RRM2"
"DEG_HMVL_ALL","124","0.076170000000000002","BARX1_ARCHS4_PEARSON","BARX1","11","299","0.00114400000000000005156985949383852130267769098281860351562500000000000000000000000000000000000000000000000000000000000000000000000000000000000000","0.01469999999999999952537965697274557896889746189117431640625000000000000000000000000000000000000000000000000000000000000000000000000000000000000000000000000","3.199000000000000","ARCHS4--Coexpression","CDC20,IQGAP3,INCENP,KIFC1,RECQL4,CDKN2C,TRIP13,UBE2S,ARHGAP11A,FOXM1,LMNB2"
"DEG_HMVL_ALL","125","0.076780000000000001","OTX2_ARCHS4_PEARSON","OTX2","11","299","0.00114400000000000005156985949383852130267769098281860351562500000000000000000000000000000000000000000000000000000000000000000000000000000000000000","0.01469999999999999952537965697274557896889746189117431640625000000000000000000000000000000000000000000000000000000000000000000000000000000000000000000000000","3.199000000000000","ARCHS4--Coexpression","ESCO2,DLGAP5,CKS2,MIS18A,MAD2L1,PTTG1,CCNB2,CCNB1,KIF4A,CKS1B,AURKA"
"DEG_HMVL_ALL","126","0.077399999999999997","ALX1_ARCHS4_PEARSON","ALX1","11","300","0.00117399999999999991341648186704560430371202528476715087890625000000000000000000000000000000000000000000000000000000000000000000000000000000000000","0.01469999999999999952537965697274557896889746189117431640625000000000000000000000000000000000000000000000000000000000000000000000000000000000000000000000000","3.188000000000000","ARCHS4--Coexpression","CDC20,ZWINT,FEN1,DTYMK,CENPW,CENPN,TRIP13,MAD2L1,UBE2T,CKS1B,AURKB"
"DEG_HMVL_ALL","127","0.078009999999999996","HOXC4_ARCHS4_PEARSON","HOXC4","11","300","0.00117399999999999991341648186704560430371202528476715087890625000000000000000000000000000000000000000000000000000000000000000000000000000000000000","0.01469999999999999952537965697274557896889746189117431640625000000000000000000000000000000000000000000000000000000000000000000000000000000000000000000000000","3.188000000000000","ARCHS4--Coexpression","IQGAP3,INCENP,KIFC1,RECQL4,TCOF1,NCAPD2,UBE2S,FOXM1,LMNB2,ESPL1,SAPCD2"
"DEG_HMVL_ALL","128","0.078619999999999995","ZNF691_ARCHS4_PEARSON","ZNF691","11","300","0.00117399999999999991341648186704560430371202528476715087890625000000000000000000000000000000000000000000000000000000000000000000000000000000000000","0.01469999999999999952537965697274557896889746189117431640625000000000000000000000000000000000000000000000000000000000000000000000000000000000000000000000000","3.188000000000000","ARCHS4--Coexpression","ZWINT,CKS2,DTYMK,MIS18A,MAD2L1,OIP5,KPNA2,VRK1,UBE2T,HMGB1,CKS1B"
"DEG_HMVL_ALL","129","0.079240000000000005","ZNF696_ARCHS4_PEARSON","ZNF696","11","300","0.00117399999999999991341648186704560430371202528476715087890625000000000000000000000000000000000000000000000000000000000000000000000000000000000000","0.01469999999999999952537965697274557896889746189117431640625000000000000000000000000000000000000000000000000000000000000000000000000000000000000000000000000","3.188000000000000","ARCHS4--Coexpression","CCNF,PIF1,RECQL4,TCOF1,SPC25,KIF18B,UBE2S,LMNB2,SAPCD2,RNFT2,NCALD"
"DEG_HMVL_ALL","130","0.079850000000000004","TLX2_ARCHS4_PEARSON","TLX2","11","300","0.00117399999999999991341648186704560430371202528476715087890625000000000000000000000000000000000000000000000000000000000000000000000000000000000000","0.01469999999999999952537965697274557896889746189117431640625000000000000000000000000000000000000000000000000000000000000000000000000000000000000000000000000","3.188000000000000","ARCHS4--Coexpression","TMPO,IQGAP3,INCENP,KIFC1,RECQL4,NCAPD2,UBE2S,FOXM1,LMNB2,EXO1,ESPL1"
"DEG_HMVL_ALL","131","0.080470000000000000","ZKSCAN5_ARCHS4_PEARSON","ZKSCAN5","10","298","0.00357500000000000005273559366969493567012250423431396484375000000000000000000000000000000000000000000000000000000000000000000000000000000000000000","0.04320000000000000228705943072782247327268123626708984375000000000000000000000000000000000000000000000000000000000000000000000000000000000000000000000000000","2.908000000000000","ARCHS4--Coexpression","ESCO2,PIF1,SKA1,CENPI,SPC24,FAM227A,MED30,SUN2,RNFT2,PKD1L2"
"DEG_HMVL_ALL","132","0.081079999999999999","TFDP2_ARCHS4_PEARSON","TFDP2","10","299","0.00365899999999999992611465771119583223480731248855590820312500000000000000000000000000000000000000000000000000000000000000000000000000000000000000","0.04320000000000000228705943072782247327268123626708984375000000000000000000000000000000000000000000000000000000000000000000000000000000000000000000000000000","2.898000000000000","ARCHS4--Coexpression","TMPO,SKA1,KIF15,CNTRL,SPC25,FAM227A,HMGB2,HMGB1,RNFT2,PKD1L2"
"DEG_HMVL_ALL","133","0.081699999999999995","ZNF507_ARCHS4_PEARSON","ZNF507","10","299","0.00365899999999999992611465771119583223480731248855590820312500000000000000000000000000000000000000000000000000000000000000000000000000000000000000","0.04320000000000000228705943072782247327268123626708984375000000000000000000000000000000000000000000000000000000000000000000000000000000000000000000000000000","2.898000000000000","ARCHS4--Coexpression","SMC4,TMPO,HASPIN,RAD21,KIF11,INCENP,NCAPD2,ARHGAP11A,CCNA2,ASPM"
"DEG_HMVL_ALL","134","0.082309999999999994","THAP12_ARCHS4_PEARSON","THAP12","10","299","0.00365899999999999992611465771119583223480731248855590820312500000000000000000000000000000000000000000000000000000000000000000000000000000000000000","0.04320000000000000228705943072782247327268123626708984375000000000000000000000000000000000000000000000000000000000000000000000000000000000000000000000000000","2.898000000000000","ARCHS4--Coexpression","SMC4,TMPO,RACGAP1,RAD21,TPX2,KIF11,CEP55,INCENP,NCAPD2,ARHGAP11A"
"DEG_HMVL_ALL","135","0.082919999999999994","REXO4_ARCHS4_PEARSON","REXO4","10","300","0.00374500000000000006494804694057165761478245258331298828125000000000000000000000000000000000000000000000000000000000000000000000000000000000000000","0.04320000000000000228705943072782247327268123626708984375000000000000000000000000000000000000000000000000000000000000000000000000000000000000000000000000000","2.888000000000000","ARCHS4--Coexpression","CDCA5,INCENP,KIFC1,RECQL4,TCOF1,NCAPD2,UBE2S,LMNB2,ESPL1,SAPCD2"
"DEG_HMVL_ALL","136","0.083540000000000003","ZNF574_ARCHS4_PEARSON","ZNF574","10","300","0.00374500000000000006494804694057165761478245258331298828125000000000000000000000000000000000000000000000000000000000000000000000000000000000000000","0.04320000000000000228705943072782247327268123626708984375000000000000000000000000000000000000000000000000000000000000000000000000000000000000000000000000000","2.888000000000000","ARCHS4--Coexpression","CDC20,HASPIN,DDX39A,CDCA5,PLK1,SUV39H1,KIF22,TUBB4B,TACC3,RNF26"
"DEG_HMVL_ALL","137","0.084150000000000003","POU5F1_ARCHS4_PEARSON","POU5F1","10","300","0.00374500000000000006494804694057165761478245258331298828125000000000000000000000000000000000000000000000000000000000000000000000000000000000000000","0.04320000000000000228705943072782247327268123626708984375000000000000000000000000000000000000000000000000000000000000000000000000000000000000000000000000000","2.888000000000000","ARCHS4--Coexpression","PIF1,CDCA5,KIFC1,TCOF1,BUB1B,BCL2L12,LMNB2,DNMT3B,CCNA2,BUB1"
"DEG_HMVL_ALL","138","0.084769999999999998","CHCHD3_ARCHS4_PEARSON","CHCHD3","10","300","0.00374500000000000006494804694057165761478245258331298828125000000000000000000000000000000000000000000000000000000000000000000000000000000000000000","0.04320000000000000228705943072782247327268123626708984375000000000000000000000000000000000000000000000000000000000000000000000000000000000000000000000000000","2.888000000000000","ARCHS4--Coexpression","ZWINT,TUBA1C,CKS2,CENPN,MAD2L1,UBE2T,HMGB2,HMGB1,CKS1B,SUN2"
"DEG_HMVL_ALL","139","0.085379999999999998","TBXT_ARCHS4_PEARSON","TBXT","10","300","0.00374500000000000006494804694057165761478245258331298828125000000000000000000000000000000000000000000000000000000000000000000000000000000000000000","0.04320000000000000228705943072782247327268123626708984375000000000000000000000000000000000000000000000000000000000000000000000000000000000000000000000000000","2.888000000000000","ARCHS4--Coexpression","TMPO,NEIL3,IQGAP3,DEPDC1,RECQL4,TRIP13,HJURP,LTB4R2,EXO1,SAPCD2"
"DEG_HMVL_ALL","140","0.085999999999999993","SOX15_ARCHS4_PEARSON","SOX15","10","300","0.00374500000000000006494804694057165761478245258331298828125000000000000000000000000000000000000000000000000000000000000000000000000000000000000000","0.04320000000000000228705943072782247327268123626708984375000000000000000000000000000000000000000000000000000000000000000000000000000000000000000000000000000","2.888000000000000","ARCHS4--Coexpression","CDC20,PLK1,CENPA,HJURP,OIP5,CCNB1,UBE2C,CKS1B,AURKA,RAD51"
"DEG_HMVL_ALL","141","0.086610000000000006","OTX1_ARCHS4_PEARSON","OTX1","10","300","0.00374500000000000006494804694057165761478245258331298828125000000000000000000000000000000000000000000000000000000000000000000000000000000000000000","0.04320000000000000228705943072782247327268123626708984375000000000000000000000000000000000000000000000000000000000000000000000000000000000000000000000000000","2.888000000000000","ARCHS4--Coexpression","PIMREG,CDCA8,KIF15,TUBA1B,PBK,CCNB2,KIF4A,UBE2T,HMGB2,RNFT2"
"DEG_HMVL_ALL","142","0.087220000000000006","ZNF845_ARCHS4_PEARSON","ZNF845","9","297","0.01030999999999999972022379779446055181324481964111328125000000000000000000000000000000000000000000000000000000000000000000000000000000000000000000","0.10699999999999999789057625321220257319509983062744140625000000000000000000000000000000000000000000000000000000000000000000000000000000000000000000000000000","2.617000000000000","ARCHS4--Coexpression","TMPO,PARPBP,PLK4,DDIAS,DLGAP5,MAD2L1,VRK1,BLM,DBF4"
"DEG_HMVL_ALL","143","0.087840000000000001","ZNF311_ARCHS4_PEARSON","ZNF311","9","297","0.01030999999999999972022379779446055181324481964111328125000000000000000000000000000000000000000000000000000000000000000000000000000000000000000000","0.10699999999999999789057625321220257319509983062744140625000000000000000000000000000000000000000000000000000000000000000000000000000000000000000000000000000","2.617000000000000","ARCHS4--Coexpression","KIF15,BUB1B,VRK1,RAD9B,HMGB1,SUN2,TTK,CDC45,BUB1"
"DEG_HMVL_ALL","144","0.088450000000000001","ZNF286A_ARCHS4_PEARSON","ZNF286A","9","298","0.01051999999999999983735232689241456682793796062469482421875000000000000000000000000000000000000000000000000000000000000000000000000000000000000000","0.10699999999999999789057625321220257319509983062744140625000000000000000000000000000000000000000000000000000000000000000000000000000000000000000000000000000","2.608000000000000","ARCHS4--Coexpression","NUDT3,PARPBP,ANP32E,CENPE,MAD2L1,KPNA2,HMGB1,BIRC5,RNFT2"
"DEG_HMVL_ALL","145","0.089069999999999996","TOPORS_ARCHS4_PEARSON","TOPORS","9","298","0.01051999999999999983735232689241456682793796062469482421875000000000000000000000000000000000000000000000000000000000000000000000000000000000000000","0.10699999999999999789057625321220257319509983062744140625000000000000000000000000000000000000000000000000000000000000000000000000000000000000000000000000000","2.608000000000000","ARCHS4--Coexpression","ESCO2,KIF20B,MIS18BP1,DLGAP5,CENPL,VRK1,HMGB1,CKAP2,DBF4"
"DEG_HMVL_ALL","146","0.089679999999999996","ZIK1_ARCHS4_PEARSON","ZIK1","9","298","0.01051999999999999983735232689241456682793796062469482421875000000000000000000000000000000000000000000000000000000000000000000000000000000000000000","0.10699999999999999789057625321220257319509983062744140625000000000000000000000000000000000000000000000000000000000000000000000000000000000000000000000000000","2.608000000000000","ARCHS4--Coexpression","PIMREG,SKA3,ANP32E,MAD2L1,KPNA2,VRK1,HMGB1,DNMT3B,RNFT2"
"DEG_HMVL_ALL","147","0.090289999999999995","ZBTB2_ARCHS4_PEARSON","ZBTB2","9","299","0.01072999999999999995448085599036858184263110160827636718750000000000000000000000000000000000000000000000000000000000000000000000000000000000000000","0.10699999999999999789057625321220257319509983062744140625000000000000000000000000000000000000000000000000000000000000000000000000000000000000000000000000000","2.599000000000000","ARCHS4--Coexpression","TMPO,HASPIN,DDX39A,CDCA5,RAD21,TACC3,CENPO,ARHGAP11A,MTFR2"
"DEG_HMVL_ALL","148","0.090910000000000005","ZNF770_ARCHS4_PEARSON","ZNF770","9","299","0.01072999999999999995448085599036858184263110160827636718750000000000000000000000000000000000000000000000000000000000000000000000000000000000000000","0.10699999999999999789057625321220257319509983062744140625000000000000000000000000000000000000000000000000000000000000000000000000000000000000000000000000000","2.599000000000000","ARCHS4--Coexpression","TMPO,KIF20B,SKA3,MAD2L1,BUB1B,HMGB1,DNMT3B,TTK,BUB1"
"DEG_HMVL_ALL","149","0.091520000000000004","PRDM14_ARCHS4_PEARSON","PRDM14","9","299","0.01072999999999999995448085599036858184263110160827636718750000000000000000000000000000000000000000000000000000000000000000000000000000000000000000","0.10699999999999999789057625321220257319509983062744140625000000000000000000000000000000000000000000000000000000000000000000000000000000000000000000000000000","2.599000000000000","ARCHS4--Coexpression","PIF1,SKA3,DLGAP5,MIS18A,MAD2L1,BUB1B,DNMT3B,SUN2,BUB1"
"DEG_HMVL_ALL","150","0.092140000000000000","ZNF670_ARCHS4_PEARSON","ZNF670","9","299","0.01072999999999999995448085599036858184263110160827636718750000000000000000000000000000000000000000000000000000000000000000000000000000000000000000","0.10699999999999999789057625321220257319509983062744140625000000000000000000000000000000000000000000000000000000000000000000000000000000000000000000000000000","2.599000000000000","ARCHS4--Coexpression","DTYMK,CENPN,MAD2L1,OIP5,KPNA2,VRK1,UBE2T,HMGB1,CKS1B"
"DEG_HMVL_ALL","151","0.092749999999999999","FOXI3_ARCHS4_PEARSON","FOXI3","9","299","0.01072999999999999995448085599036858184263110160827636718750000000000000000000000000000000000000000000000000000000000000000000000000000000000000000","0.10699999999999999789057625321220257319509983062744140625000000000000000000000000000000000000000000000000000000000000000000000000000000000000000000000000000","2.599000000000000","ARCHS4--Coexpression","PIF1,SKA1,SPC25,FAM227A,DNMT3B,SUN2,RNFT2,PKD1L2,ACKR2"
"DEG_HMVL_ALL","152","0.093369999999999995","MYB_ARCHS4_PEARSON","MYB","9","300","0.01094999999999999966415753505089014652185142040252685546875000000000000000000000000000000000000000000000000000000000000000000000000000000000000000","0.10699999999999999789057625321220257319509983062744140625000000000000000000000000000000000000000000000000000000000000000000000000000000000000000000000000000","2.590000000000000","ARCHS4--Coexpression","SMC4,TMPO,CNTRL,TACC3,LIG1,ARHGAP11A,HMGB2,HSH2D,CDC45"
"DEG_HMVL_ALL","153","0.093979999999999994","HOXC9_ARCHS4_PEARSON","HOXC9","9","300","0.01094999999999999966415753505089014652185142040252685546875000000000000000000000000000000000000000000000000000000000000000000000000000000000000000","0.10699999999999999789057625321220257319509983062744140625000000000000000000000000000000000000000000000000000000000000000000000000000000000000000000000000000","2.590000000000000","ARCHS4--Coexpression","IQGAP3,DTYMK,CENPW,CENPN,TRIP13,UBE2S,CKS1B,SAPCD2,CDC45"
"DEG_HMVL_ALL","154","0.094589999999999994","ZNF474_ARCHS4_PEARSON","ZNF474","9","300","0.01094999999999999966415753505089014652185142040252685546875000000000000000000000000000000000000000000000000000000000000000000000000000000000000000","0.10699999999999999789057625321220257319509983062744140625000000000000000000000000000000000000000000000000000000000000000000000000000000000000000000000000000","2.590000000000000","ARCHS4--Coexpression","TNFAIP8L1,TUBB4B,CAPS,FAM227A,CCDC146,FHAD1,DNAH1,DNAH7,DNAH5"
"DEG_HMVL_ALL","155","0.095210000000000003","JRK_ARCHS4_PEARSON","JRK","9","300","0.01094999999999999966415753505089014652185142040252685546875000000000000000000000000000000000000000000000000000000000000000000000000000000000000000","0.10699999999999999789057625321220257319509983062744140625000000000000000000000000000000000000000000000000000000000000000000000000000000000000000000000000000","2.590000000000000","ARCHS4--Coexpression","CCNF,IQGAP3,INCENP,KIFC1,RECQL4,NCAPD2,FOXM1,LMNB2,ESPL1"
"DEG_HMVL_ALL","156","0.095820000000000002","ZFP3_ARCHS4_PEARSON","ZFP3","9","300","0.01094999999999999966415753505089014652185142040252685546875000000000000000000000000000000000000000000000000000000000000000000000000000000000000000","0.10699999999999999789057625321220257319509983062744140625000000000000000000000000000000000000000000000000000000000000000000000000000000000000000000000000000","2.590000000000000","ARCHS4--Coexpression","CDC20,ABCA5,TK1,INCENP,KIFC1,CCDC146,UBE2S,LMNB2,DNAH7"
"DEG_HMVL_ALL","157","0.096439999999999998","ZFP91_ARCHS4_PEARSON","ZFP91","9","300","0.01094999999999999966415753505089014652185142040252685546875000000000000000000000000000000000000000000000000000000000000000000000000000000000000000","0.10699999999999999789057625321220257319509983062744140625000000000000000000000000000000000000000000000000000000000000000000000000000000000000000000000000000","2.590000000000000","ARCHS4--Coexpression","SMC4,RACGAP1,RAD21,CEP55,INCENP,KIFC1,NCAPD2,ARHGAP11A,LMNB2"
"DEG_HMVL_ALL","158","0.097049999999999997","KDM2B_ARCHS4_PEARSON","KDM2B","9","300","0.01094999999999999966415753505089014652185142040252685546875000000000000000000000000000000000000000000000000000000000000000000000000000000000000000","0.10699999999999999789057625321220257319509983062744140625000000000000000000000000000000000000000000000000000000000000000000000000000000000000000000000000000","2.590000000000000","ARCHS4--Coexpression","HASPIN,INCENP,KIFC1,TCOF1,TACC3,NCAPD2,LMNB2,DNMT3B,ESPL1"
"DEG_HMVL_ALL","159","0.097670000000000007","HOXA13_ARCHS4_PEARSON","HOXA13","9","300","0.01094999999999999966415753505089014652185142040252685546875000000000000000000000000000000000000000000000000000000000000000000000000000000000000000","0.10699999999999999789057625321220257319509983062744140625000000000000000000000000000000000000000000000000000000000000000000000000000000000000000000000000000","2.590000000000000","ARCHS4--Coexpression","HASPIN,IQGAP3,INCENP,DEPDC1,NCAPD2,LMNB2,EXO1,ESPL1,SAPCD2"
"DEG_HMVL_ALL","160","0.098280000000000006","KLF1_ARCHS4_PEARSON","KLF1","9","300","0.01094999999999999966415753505089014652185142040252685546875000000000000000000000000000000000000000000000000000000000000000000000000000000000000000","0.10699999999999999789057625321220257319509983062744140625000000000000000000000000000000000000000000000000000000000000000000000000000000000000000000000000000","2.590000000000000","ARCHS4--Coexpression","FEN1,HJURP,LIG1,FAM83D,HMGB2,CCNA2,FAM72D,CDC45,EPOR"
"DEG_HMVL_ALL","161","0.098890000000000006","NKX24_ARCHS4_PEARSON","NKX24","9","300","0.01094999999999999966415753505089014652185142040252685546875000000000000000000000000000000000000000000000000000000000000000000000000000000000000000","0.10699999999999999789057625321220257319509983062744140625000000000000000000000000000000000000000000000000000000000000000000000000000000000000000000000000000","2.590000000000000","ARCHS4--Coexpression","CCNF,MST1,TUBB4B,UBE2S,LMNB2,EXO1,ESPL1,BIRC5,PRC1"
"DEG_HMVL_ALL","162","0.099510000000000001","ZNF598_ARCHS4_PEARSON","ZNF598","9","300","0.01094999999999999966415753505089014652185142040252685546875000000000000000000000000000000000000000000000000000000000000000000000000000000000000000","0.10699999999999999789057625321220257319509983062744140625000000000000000000000000000000000000000000000000000000000000000000000000000000000000000000000000000","2.590000000000000","ARCHS4--Coexpression","INCENP,KIFC1,RECQL4,TACC3,NCAPD2,UBE2S,FOXM1,LMNB2,SAPCD2"
"DEG_HMVL_ALL","163","0.100099999999999995","ZNF232_ARCHS4_PEARSON","ZNF232","9","300","0.01094999999999999966415753505089014652185142040252685546875000000000000000000000000000000000000000000000000000000000000000000000000000000000000000","0.10699999999999999789057625321220257319509983062744140625000000000000000000000000000000000000000000000000000000000000000000000000000000000000000000000000000","2.590000000000000","ARCHS4--Coexpression","CKS2,CENPW,MIS18A,CENPN,MAD2L1,VRK1,UBE2T,HMGB1,CKS1B"
"DEG_HMVL_ALL","164","0.100699999999999998","HOXB8_ARCHS4_PEARSON","HOXB8","9","300","0.01094999999999999966415753505089014652185142040252685546875000000000000000000000000000000000000000000000000000000000000000000000000000000000000000","0.10699999999999999789057625321220257319509983062744140625000000000000000000000000000000000000000000000000000000000000000000000000000000000000000000000000000","2.590000000000000","ARCHS4--Coexpression","INCENP,KIFC1,RECQL4,NCAPD2,ARHGAP33,UBE2S,FOXM1,LMNB2,SAPCD2"
"DEG_HMVL_ALL","165","0.101400000000000004","HOXA11_ARCHS4_PEARSON","HOXA11","9","300","0.01094999999999999966415753505089014652185142040252685546875000000000000000000000000000000000000000000000000000000000000000000000000000000000000000","0.10699999999999999789057625321220257319509983062744140625000000000000000000000000000000000000000000000000000000000000000000000000000000000000000000000000000","2.590000000000000","ARCHS4--Coexpression","HASPIN,IQGAP3,INCENP,RECQL4,CDKN2C,TRIP13,UBE2S,LMNB2,SAPCD2"
"DEG_HMVL_ALL","166","0.101999999999999993","FOXK2_ARCHS4_PEARSON","FOXK2","9","300","0.01094999999999999966415753505089014652185142040252685546875000000000000000000000000000000000000000000000000000000000000000000000000000000000000000","0.10699999999999999789057625321220257319509983062744140625000000000000000000000000000000000000000000000000000000000000000000000000000000000000000000000000000","2.590000000000000","ARCHS4--Coexpression","IQGAP3,INCENP,KIFC1,RECQL4,NCAPD2,UBE2S,FOXM1,LMNB2,SAPCD2"
"DEG_HMVL_ALL","167","0.102599999999999997","THAP4_ARCHS4_PEARSON","THAP4","9","300","0.01094999999999999966415753505089014652185142040252685546875000000000000000000000000000000000000000000000000000000000000000000000000000000000000000","0.10699999999999999789057625321220257319509983062744140625000000000000000000000000000000000000000000000000000000000000000000000000000000000000000000000000000","2.590000000000000","ARCHS4--Coexpression","CDCA5,INCENP,KIFC1,RECQL4,TUBB4B,UBE2S,FOXM1,LMNB2,SAPCD2"
"DEG_HMVL_ALL","168","0.103200000000000000","REST_ARCHS4_PEARSON","REST","8","297","0.02767999999999999974353848131158883916214108467102050781250000000000000000000000000000000000000000000000000000000000000000000000000000000000000000","0.24299999999999999378275106209912337362766265869140625000000000000000000000000000000000000000000000000000000000000000000000000000000000000000000000000000000","2.318000000000000","ARCHS4--Coexpression","SMC4,SMC2,KIF20B,MIS18BP1,CENPE,ARHGAP11A,HMGB1,BUB1"
"DEG_HMVL_ALL","169","0.103800000000000003","ZNF443_ARCHS4_PEARSON","ZNF443","8","298","0.02815000000000000140998324127394880633801221847534179687500000000000000000000000000000000000000000000000000000000000000000000000000000000000000000","0.24299999999999999378275106209912337362766265869140625000000000000000000000000000000000000000000000000000000000000000000000000000000000000000000000000000000","2.310000000000000","ARCHS4--Coexpression","ESCO2,KIF15,DLGAP5,CENPE,MAD2L1,VRK1,BLM,HMGB1"
"DEG_HMVL_ALL","170","0.104400000000000007","ZNF649_ARCHS4_PEARSON","ZNF649","8","298","0.02815000000000000140998324127394880633801221847534179687500000000000000000000000000000000000000000000000000000000000000000000000000000000000000000","0.24299999999999999378275106209912337362766265869140625000000000000000000000000000000000000000000000000000000000000000000000000000000000000000000000000000000","2.310000000000000","ARCHS4--Coexpression","PIMREG,SKA3,DLGAP5,MAD2L1,BUB1B,HMGB1,DNMT3B,TTK"
"DEG_HMVL_ALL","171","0.104999999999999996","ZNF730_ARCHS4_PEARSON","ZNF730","8","298","0.02815000000000000140998324127394880633801221847534179687500000000000000000000000000000000000000000000000000000000000000000000000000000000000000000","0.24299999999999999378275106209912337362766265869140625000000000000000000000000000000000000000000000000000000000000000000000000000000000000000000000000000000","2.310000000000000","ARCHS4--Coexpression","PARPBP,KIF15,CKS2,MAD2L1,SGO1,CDK1,HMGB1,TTK"
"DEG_HMVL_ALL","172","0.105700000000000002","TIGD5_ARCHS4_PEARSON","TIGD5","8","299","0.02862999999999999919952919924526213435456156730651855468750000000000000000000000000000000000000000000000000000000000000000000000000000000000000000","0.24299999999999999378275106209912337362766265869140625000000000000000000000000000000000000000000000000000000000000000000000000000000000000000000000000000000","2.302000000000000","ARCHS4--Coexpression","CCNF,MST1,RECQL4,ARHGEF39,UBE2S,FOXM1,SAPCD2,FAM72A"
"DEG_HMVL_ALL","173","0.106300000000000006","SMYD3_ARCHS4_PEARSON","SMYD3","8","299","0.02862999999999999919952919924526213435456156730651855468750000000000000000000000000000000000000000000000000000000000000000000000000000000000000000","0.24299999999999999378275106209912337362766265869140625000000000000000000000000000000000000000000000000000000000000000000000000000000000000000000000000000000","2.302000000000000","ARCHS4--Coexpression","DTYMK,CENPN,OIP5,VRK1,UBE2T,CKS1B,SUN2,CDC45"
"DEG_HMVL_ALL","174","0.106899999999999995","ZNF493_ARCHS4_PEARSON","ZNF493","8","299","0.02862999999999999919952919924526213435456156730651855468750000000000000000000000000000000000000000000000000000000000000000000000000000000000000000","0.24299999999999999378275106209912337362766265869140625000000000000000000000000000000000000000000000000000000000000000000000000000000000000000000000000000000","2.302000000000000","ARCHS4--Coexpression","SPC25,FAM227A,FANCD2,NABP1,TMEM45A,RNFT2,PKD1L2,NCALD"
"DEG_HMVL_ALL","175","0.107499999999999998","ZNF440_ARCHS4_PEARSON","ZNF440","8","299","0.02862999999999999919952919924526213435456156730651855468750000000000000000000000000000000000000000000000000000000000000000000000000000000000000000","0.24299999999999999378275106209912337362766265869140625000000000000000000000000000000000000000000000000000000000000000000000000000000000000000000000000000000","2.302000000000000","ARCHS4--Coexpression","TNFAIP8L1,CAPS,FAM227A,CCDC146,FHAD1,DNAH7,DNAH5,PKD1L2"
"DEG_HMVL_ALL","176","0.108100000000000002","ZNF142_ARCHS4_PEARSON","ZNF142","8","299","0.02862999999999999919952919924526213435456156730651855468750000000000000000000000000000000000000000000000000000000000000000000000000000000000000000","0.24299999999999999378275106209912337362766265869140625000000000000000000000000000000000000000000000000000000000000000000000000000000000000000000000000000000","2.302000000000000","ARCHS4--Coexpression","HASPIN,INCENP,RECQL4,TACC3,NCAPD2,FOXM1,LMNB2,ESPL1"
"DEG_HMVL_ALL","177","0.108700000000000005","E2F5_ARCHS4_PEARSON","E2F5","8","299","0.02862999999999999919952919924526213435456156730651855468750000000000000000000000000000000000000000000000000000000000000000000000000000000000000000","0.24299999999999999378275106209912337362766265869140625000000000000000000000000000000000000000000000000000000000000000000000000000000000000000000000000000000","2.302000000000000","ARCHS4--Coexpression","NEIL3,SKA1,PLK4,MAD2L1,SPC25,SGO2,HMGB1,SUN2"
"DEG_HMVL_ALL","178","0.109299999999999994","DMRT3_ARCHS4_PEARSON","DMRT3","8","299","0.02862999999999999919952919924526213435456156730651855468750000000000000000000000000000000000000000000000000000000000000000000000000000000000000000","0.24299999999999999378275106209912337362766265869140625000000000000000000000000000000000000000000000000000000000000000000000000000000000000000000000000000000","2.302000000000000","ARCHS4--Coexpression","KIF15,CENPF,SPC24,KPNA2,FAM227A,ODF2,ASPM,RNFT2"
"DEG_HMVL_ALL","179","0.110000000000000001","TSHZ2_ARCHS4_PEARSON","TSHZ2","8","299","0.02862999999999999919952919924526213435456156730651855468750000000000000000000000000000000000000000000000000000000000000000000000000000000000000000","0.24299999999999999378275106209912337362766265869140625000000000000000000000000000000000000000000000000000000000000000000000000000000000000000000000000000000","2.302000000000000","ARCHS4--Coexpression","FEN1,KIFC1,TACC3,FAM227A,LMNB2,TMEM45A,RNFT2,PKD1L2"
"DEG_HMVL_ALL","180","0.110600000000000004","HOXC12_ARCHS4_PEARSON","HOXC12","8","299","0.02862999999999999919952919924526213435456156730651855468750000000000000000000000000000000000000000000000000000000000000000000000000000000000000000","0.24299999999999999378275106209912337362766265869140625000000000000000000000000000000000000000000000000000000000000000000000000000000000000000000000000000000","2.302000000000000","ARCHS4--Coexpression","IQGAP3,RAD21,TPX2,CEP55,KIFC1,FOXM1,LMNB2,SAPCD2"
"DEG_HMVL_ALL","181","0.111199999999999993","SOX12_ARCHS4_PEARSON","SOX12","8","300","0.02911000000000000045852210917018965119495987892150878906250000000000000000000000000000000000000000000000000000000000000000000000000000000000000000","0.24299999999999999378275106209912337362766265869140625000000000000000000000000000000000000000000000000000000000000000000000000000000000000000000000000000000","2.294000000000000","ARCHS4--Coexpression","INCENP,KIFC1,RECQL4,ARHGAP33,UBE2S,FOXM1,LMNB2,SAPCD2"
"DEG_HMVL_ALL","182","0.111799999999999997","ZBTB12_ARCHS4_PEARSON","ZBTB12","8","300","0.02911000000000000045852210917018965119495987892150878906250000000000000000000000000000000000000000000000000000000000000000000000000000000000000000","0.24299999999999999378275106209912337362766265869140625000000000000000000000000000000000000000000000000000000000000000000000000000000000000000000000000000000","2.294000000000000","ARCHS4--Coexpression","NCAPG2,INCENP,KIFC1,RECQL4,NCAPD2,UBE2S,FOXM1,LMNB2"
"DEG_HMVL_ALL","183","0.112400000000000000","FOXL2_ARCHS4_PEARSON","FOXL2","8","300","0.02911000000000000045852210917018965119495987892150878906250000000000000000000000000000000000000000000000000000000000000000000000000000000000000000","0.24299999999999999378275106209912337362766265869140625000000000000000000000000000000000000000000000000000000000000000000000000000000000000000000000000000000","2.294000000000000","ARCHS4--Coexpression","RACGAP1,PLK1,KIF2C,CDKN2C,TRIP13,EXO1,CCNA2,CDC45"
"DEG_HMVL_ALL","184","0.113000000000000003","MNX1_ARCHS4_PEARSON","MNX1","8","300","0.02911000000000000045852210917018965119495987892150878906250000000000000000000000000000000000000000000000000000000000000000000000000000000000000000","0.24299999999999999378275106209912337362766265869140625000000000000000000000000000000000000000000000000000000000000000000000000000000000000000000000000000000","2.294000000000000","ARCHS4--Coexpression","HASPIN,INCENP,KIFC1,RECQL4,UBE2S,LMNB2,ESPL1,SAPCD2"
"DEG_HMVL_ALL","185","0.113600000000000007","RFX2_ARCHS4_PEARSON","RFX2","8","300","0.02911000000000000045852210917018965119495987892150878906250000000000000000000000000000000000000000000000000000000000000000000000000000000000000000","0.24299999999999999378275106209912337362766265869140625000000000000000000000000000000000000000000000000000000000000000000000000000000000000000000000000000000","2.294000000000000","ARCHS4--Coexpression","TNFAIP8L1,CAPS,FAM227A,CCDC146,LMNB2,FHAD1,DNAH7,PKD1L2"
"DEG_HMVL_ALL","186","0.114299999999999999","PLAGL2_ARCHS4_PEARSON","PLAGL2","8","300","0.02911000000000000045852210917018965119495987892150878906250000000000000000000000000000000000000000000000000000000000000000000000000000000000000000","0.24299999999999999378275106209912337362766265869140625000000000000000000000000000000000000000000000000000000000000000000000000000000000000000000000000000000","2.294000000000000","ARCHS4--Coexpression","HASPIN,CDCA5,INCENP,KIFC1,TACC3,NCAPD2,LMNB2,ESPL1"
"DEG_HMVL_ALL","187","0.114900000000000002","HOXB6_ARCHS4_PEARSON","HOXB6","8","300","0.02911000000000000045852210917018965119495987892150878906250000000000000000000000000000000000000000000000000000000000000000000000000000000000000000","0.24299999999999999378275106209912337362766265869140625000000000000000000000000000000000000000000000000000000000000000000000000000000000000000000000000000000","2.294000000000000","ARCHS4--Coexpression","IQGAP3,CEP55,INCENP,RECQL4,UBE2S,FOXM1,LMNB2,FOXL1"
"DEG_HMVL_ALL","188","0.115500000000000005","FOXJ1_ARCHS4_PEARSON","FOXJ1","8","300","0.02911000000000000045852210917018965119495987892150878906250000000000000000000000000000000000000000000000000000000000000000000000000000000000000000","0.24299999999999999378275106209912337362766265869140625000000000000000000000000000000000000000000000000000000000000000000000000000000000000000000000000000000","2.294000000000000","ARCHS4--Coexpression","TNFAIP8L1,TUBB4B,CAPS,CCDC146,FHAD1,DNAH1,DNAH7,DNAH5"
"DEG_HMVL_ALL","189","0.116099999999999995","MAZ_ARCHS4_PEARSON","MAZ","8","300","0.02911000000000000045852210917018965119495987892150878906250000000000000000000000000000000000000000000000000000000000000000000000000000000000000000","0.24299999999999999378275106209912337362766265869140625000000000000000000000000000000000000000000000000000000000000000000000000000000000000000000000000000000","2.294000000000000","ARCHS4--Coexpression","INCENP,KIFC1,RECQL4,NCAPD2,UBE2S,FOXM1,LMNB2,SAPCD2"
"DEG_HMVL_ALL","190","0.116699999999999998","ZNF398_ARCHS4_PEARSON","ZNF398","8","300","0.02911000000000000045852210917018965119495987892150878906250000000000000000000000000000000000000000000000000000000000000000000000000000000000000000","0.24299999999999999378275106209912337362766265869140625000000000000000000000000000000000000000000000000000000000000000000000000000000000000000000000000000000","2.294000000000000","ARCHS4--Coexpression","TMPO,HASPIN,NCAPG2,INCENP,TCOF1,BUB1B,LMNB2,DNMT3B"
"DEG_HMVL_ALL","191","0.117300000000000001","ZFY_ARCHS4_PEARSON","ZFY","8","300","0.02911000000000000045852210917018965119495987892150878906250000000000000000000000000000000000000000000000000000000000000000000000000000000000000000","0.24299999999999999378275106209912337362766265869140625000000000000000000000000000000000000000000000000000000000000000000000000000000000000000000000000000000","2.294000000000000","ARCHS4--Coexpression","IQGAP3,TPX2,RECQL4,NCAPD2,UBE2S,FOXM1,LMNB2,SAPCD2"
"DEG_HMVL_ALL","192","0.117900000000000005","CCDC17_ARCHS4_PEARSON","CCDC17","8","300","0.02911000000000000045852210917018965119495987892150878906250000000000000000000000000000000000000000000000000000000000000000000000000000000000000000","0.24299999999999999378275106209912337362766265869140625000000000000000000000000000000000000000000000000000000000000000000000000000000000000000000000000000000","2.294000000000000","ARCHS4--Coexpression","TNFAIP8L1,TUBB4B,CAPS,CCDC146,FHAD1,DNAH1,DNAH7,DNAH5"
"DEG_HMVL_ALL","193","0.118599999999999997","TCF7L1_ARCHS4_PEARSON","TCF7L1","8","300","0.02911000000000000045852210917018965119495987892150878906250000000000000000000000000000000000000000000000000000000000000000000000000000000000000000","0.24299999999999999378275106209912337362766265869140625000000000000000000000000000000000000000000000000000000000000000000000000000000000000000000000000000000","2.294000000000000","ARCHS4--Coexpression","PIMREG,PIF1,CKS2,HMGB1,DNMT3B,SUN2,RNFT2,NCALD"
"DEG_HMVL_ALL","194","0.119200000000000000","TFAP2D_ARCHS4_PEARSON","TFAP2D","8","300","0.02911000000000000045852210917018965119495987892150878906250000000000000000000000000000000000000000000000000000000000000000000000000000000000000000","0.24299999999999999378275106209912337362766265869140625000000000000000000000000000000000000000000000000000000000000000000000000000000000000000000000000000000","2.294000000000000","ARCHS4--Coexpression","ESCO2,TUBA1C,DLGAP5,PTTG1,SGO1,TROAP,NRF1,AURKA"
"DEG_HMVL_ALL","195","0.119800000000000004","HOXD1_ARCHS4_PEARSON","HOXD1","8","300","0.02911000000000000045852210917018965119495987892150878906250000000000000000000000000000000000000000000000000000000000000000000000000000000000000000","0.24299999999999999378275106209912337362766265869140625000000000000000000000000000000000000000000000000000000000000000000000000000000000000000000000000000000","2.294000000000000","ARCHS4--Coexpression","ESCO2,NCAPH,TRIP13,BUB1B,ANKRD31,VRK1,RAD9B,BUB1"
"DEG_HMVL_ALL","196","0.120399999999999993","RBAK_ARCHS4_PEARSON","RBAK","7","298","0.06798999999999999488409230252727866172790527343750000000000000000000000000000000000000000000000000000000000000000000000000000000000000000000000000","0.49499999999999999555910790149937383830547332763671875000000000000000000000000000000000000000000000000000000000000000000000000000000000000000000000000000000","2.015000000000000","ARCHS4--Coexpression","SMC4,TMPO,RAD21,INCENP,HMMR,ARHGAP11A,EXO1"
"DEG_HMVL_ALL","197","0.120999999999999996","ZNF526_ARCHS4_PEARSON","ZNF526","7","298","0.06798999999999999488409230252727866172790527343750000000000000000000000000000000000000000000000000000000000000000000000000000000000000000000000000","0.49499999999999999555910790149937383830547332763671875000000000000000000000000000000000000000000000000000000000000000000000000000000000000000000000000000000","2.015000000000000","ARCHS4--Coexpression","PIF1,SKA1,SPC24,FAM227A,RNFT2,PKD1L2,ACKR2"
"DEG_HMVL_ALL","198","0.121600000000000000","MSGN1_ARCHS4_PEARSON","MSGN1","7","298","0.06798999999999999488409230252727866172790527343750000000000000000000000000000000000000000000000000000000000000000000000000000000000000000000000000","0.49499999999999999555910790149937383830547332763671875000000000000000000000000000000000000000000000000000000000000000000000000000000000000000000000000000000","2.015000000000000","ARCHS4--Coexpression","SKA1,CKS2,DEPDC1,CENPE,MAD2L1,SGO1,CCNA2"
"DEG_HMVL_ALL","199","0.122200000000000003","MBD3_ARCHS4_PEARSON","MBD3","7","299","0.06893000000000000515587572635922697372734546661376953125000000000000000000000000000000000000000000000000000000000000000000000000000000000000000000","0.49499999999999999555910790149937383830547332763671875000000000000000000000000000000000000000000000000000000000000000000000000000000000000000000000000000000","2.008000000000000","ARCHS4--Coexpression","INCENP,KIFC1,RECQL4,UBE2S,FOXM1,LMNB2,SAPCD2"
"DEG_HMVL_ALL","200","0.122899999999999995","NPAS1_ARCHS4_PEARSON","NPAS1","7","299","0.06893000000000000515587572635922697372734546661376953125000000000000000000000000000000000000000000000000000000000000000000000000000000000000000000","0.49499999999999999555910790149937383830547332763671875000000000000000000000000000000000000000000000000000000000000000000000000000000000000000000000000000000","2.008000000000000","ARCHS4--Coexpression","INCENP,RECQL4,TCOF1,BCL2L12,UBE2S,LMNB2,CALB2"
"DEG_HMVL_ALL","201","0.123499999999999999","FOXO1_ARCHS4_PEARSON","FOXO1","7","299","0.06893000000000000515587572635922697372734546661376953125000000000000000000000000000000000000000000000000000000000000000000000000000000000000000000","0.49499999999999999555910790149937383830547332763671875000000000000000000000000000000000000000000000000000000000000000000000000000000000000000000000000000000","2.008000000000000","ARCHS4--Coexpression","IQGAP3,TUBA1B,UBE2S,DNMT3B,SUN2,PBXIP1,PRC1"
"DEG_HMVL_ALL","202","0.124100000000000002","ZNF215_ARCHS4_PEARSON","ZNF215","7","299","0.06893000000000000515587572635922697372734546661376953125000000000000000000000000000000000000000000000000000000000000000000000000000000000000000000","0.49499999999999999555910790149937383830547332763671875000000000000000000000000000000000000000000000000000000000000000000000000000000000000000000000000000000","2.008000000000000","ARCHS4--Coexpression","ESCO2,SKA1,DLGAP5,MIS18A,MAD2L1,PTTG1,AURKA"
"DEG_HMVL_ALL","203","0.124700000000000005","TPRX1_ARCHS4_PEARSON","TPRX1","7","299","0.06893000000000000515587572635922697372734546661376953125000000000000000000000000000000000000000000000000000000000000000000000000000000000000000000","0.49499999999999999555910790149937383830547332763671875000000000000000000000000000000000000000000000000000000000000000000000000000000000000000000000000000000","2.008000000000000","ARCHS4--Coexpression","DDIAS,KIF2C,CENPA,HJURP,CCNB1,UBE2C,RRM2"
"DEG_HMVL_ALL","204","0.125299999999999995","TCF12_ARCHS4_PEARSON","TCF12","7","299","0.06893000000000000515587572635922697372734546661376953125000000000000000000000000000000000000000000000000000000000000000000000000000000000000000000","0.49499999999999999555910790149937383830547332763671875000000000000000000000000000000000000000000000000000000000000000000000000000000000000000000000000000000","2.008000000000000","ARCHS4--Coexpression","TMPO,KIF11,KIF15,TUBA1B,GAS2L3,GPSM2,HMGB1"
"DEG_HMVL_ALL","205","0.125900000000000012","ZNF184_ARCHS4_PEARSON","ZNF184","7","299","0.06893000000000000515587572635922697372734546661376953125000000000000000000000000000000000000000000000000000000000000000000000000000000000000000000","0.49499999999999999555910790149937383830547332763671875000000000000000000000000000000000000000000000000000000000000000000000000000000000000000000000000000000","2.008000000000000","ARCHS4--Coexpression","NUDT3,SMC2,TMPO,NCAPG,KIF15,VRK1,HMGB1"
"DEG_HMVL_ALL","206","0.126500000000000001","ZSCAN5B_ARCHS4_PEARSON","ZSCAN5B","7","299","0.06893000000000000515587572635922697372734546661376953125000000000000000000000000000000000000000000000000000000000000000000000000000000000000000000","0.49499999999999999555910790149937383830547332763671875000000000000000000000000000000000000000000000000000000000000000000000000000000000000000000000000000000","2.008000000000000","ARCHS4--Coexpression","DDIAS,KIF2C,CENPA,HJURP,CCNB1,UBE2C,RRM2"
"DEG_HMVL_ALL","207","0.127099999999999991","GATAD2A_ARCHS4_PEARSON","GATAD2A","7","300","0.06987999999999999767297254038567189127206802368164062500000000000000000000000000000000000000000000000000000000000000000000000000000000000000000000","0.49499999999999999555910790149937383830547332763671875000000000000000000000000000000000000000000000000000000000000000000000000000000000000000000000000000000","2.001000000000000","ARCHS4--Coexpression","INCENP,KIFC1,RECQL4,TACC3,NCAPD2,FOXM1,LMNB2"
"DEG_HMVL_ALL","208","0.127799999999999997","SAFB_ARCHS4_PEARSON","SAFB","7","300","0.06987999999999999767297254038567189127206802368164062500000000000000000000000000000000000000000000000000000000000000000000000000000000000000000000","0.49499999999999999555910790149937383830547332763671875000000000000000000000000000000000000000000000000000000000000000000000000000000000000000000000000000000","2.001000000000000","ARCHS4--Coexpression","INCENP,KIFC1,RECQL4,TACC3,NCAPD2,LIG1,LMNB2"
"DEG_HMVL_ALL","209","0.128399999999999986","E2F4_ARCHS4_PEARSON","E2F4","7","300","0.06987999999999999767297254038567189127206802368164062500000000000000000000000000000000000000000000000000000000000000000000000000000000000000000000","0.49499999999999999555910790149937383830547332763671875000000000000000000000000000000000000000000000000000000000000000000000000000000000000000000000000000000","2.001000000000000","ARCHS4--Coexpression","INCENP,KIFC1,RECQL4,TACC3,NCAPD2,LMNB2,SUN2"
"DEG_HMVL_ALL","210","0.129000000000000004","ASCL3_ARCHS4_PEARSON","ASCL3","7","300","0.06987999999999999767297254038567189127206802368164062500000000000000000000000000000000000000000000000000000000000000000000000000000000000000000000","0.49499999999999999555910790149937383830547332763671875000000000000000000000000000000000000000000000000000000000000000000000000000000000000000000000000000000","2.001000000000000","ARCHS4--Coexpression","TNFAIP8L1,TUBB4B,CAPS,CCDC146,FHAD1,DNAH7,DNAH5"
"DEG_HMVL_ALL","211","0.129599999999999993","GSC_ARCHS4_PEARSON","GSC","7","300","0.06987999999999999767297254038567189127206802368164062500000000000000000000000000000000000000000000000000000000000000000000000000000000000000000000","0.49499999999999999555910790149937383830547332763671875000000000000000000000000000000000000000000000000000000000000000000000000000000000000000000000000000000","2.001000000000000","ARCHS4--Coexpression","CKS2,MAD2L1,CCNB1,UBE2C,DIAPH3,CKS1B,AURKA"
"DEG_HMVL_ALL","212","0.130200000000000010","LIN28A_ARCHS4_PEARSON","LIN28A","7","300","0.06987999999999999767297254038567189127206802368164062500000000000000000000000000000000000000000000000000000000000000000000000000000000000000000000","0.49499999999999999555910790149937383830547332763671875000000000000000000000000000000000000000000000000000000000000000000000000000000000000000000000000000000","2.001000000000000","ARCHS4--Coexpression","NCAPG2,DLGAP5,TCOF1,BUB1B,LMNB2,DNMT3B,BUB1"
"DEG_HMVL_ALL","213","0.130800000000000000","ESRRG_ARCHS4_PEARSON","ESRRG","7","300","0.06987999999999999767297254038567189127206802368164062500000000000000000000000000000000000000000000000000000000000000000000000000000000000000000000","0.49499999999999999555910790149937383830547332763671875000000000000000000000000000000000000000000000000000000000000000000000000000000000000000000000000000000","2.001000000000000","ARCHS4--Coexpression","ABCA5,SGSM1,TACC3,FAM227A,TRMT9B,RNFT2,ACKR2"
"DEG_HMVL_ALL","214","0.131399999999999989","ZNF160_ARCHS4_PEARSON","ZNF160","7","300","0.06987999999999999767297254038567189127206802368164062500000000000000000000000000000000000000000000000000000000000000000000000000000000000000000000","0.49499999999999999555910790149937383830547332763671875000000000000000000000000000000000000000000000000000000000000000000000000000000000000000000000000000000","2.001000000000000","ARCHS4--Coexpression","TK1,TUBB4B,FAM227A,TRMT9B,UBE2S,LMNB2,RNFT2"
"DEG_HMVL_ALL","215","0.132099999999999995","ZNF589_ARCHS4_PEARSON","ZNF589","7","300","0.06987999999999999767297254038567189127206802368164062500000000000000000000000000000000000000000000000000000000000000000000000000000000000000000000","0.49499999999999999555910790149937383830547332763671875000000000000000000000000000000000000000000000000000000000000000000000000000000000000000000000000000000","2.001000000000000","ARCHS4--Coexpression","PIF1,DLGAP5,TCOF1,BUB1B,BLM,DNMT3B,BUB1"
"DEG_HMVL_ALL","216","0.132700000000000012","HES3_ARCHS4_PEARSON","HES3","7","300","0.06987999999999999767297254038567189127206802368164062500000000000000000000000000000000000000000000000000000000000000000000000000000000000000000000","0.49499999999999999555910790149937383830547332763671875000000000000000000000000000000000000000000000000000000000000000000000000000000000000000000000000000000","2.001000000000000","ARCHS4--Coexpression","NCAPG2,KIFC1,TCOF1,BUB1B,LMNB2,DNMT3B,BUB1"
"DEG_HMVL_ALL","217","0.133300000000000002","CREBZF_ARCHS4_PEARSON","CREBZF","7","300","0.06987999999999999767297254038567189127206802368164062500000000000000000000000000000000000000000000000000000000000000000000000000000000000000000000","0.49499999999999999555910790149937383830547332763671875000000000000000000000000000000000000000000000000000000000000000000000000000000000000000000000000000000","2.001000000000000","ARCHS4--Coexpression","TMPO,CDKN1B,INCENP,KIFC1,RECQL4,NCAPD2,LMNB2"
"DEG_HMVL_ALL","218","0.133899999999999991","DMRTC2_ARCHS4_PEARSON","DMRTC2","7","300","0.06987999999999999767297254038567189127206802368164062500000000000000000000000000000000000000000000000000000000000000000000000000000000000000000000","0.49499999999999999555910790149937383830547332763671875000000000000000000000000000000000000000000000000000000000000000000000000000000000000000000000000000000","2.001000000000000","ARCHS4--Coexpression","SLC6A16,ESCO2,ANKRD31,RAD9B,FHAD1,DBF4,TTK"
"DEG_HMVL_ALL","219","0.134500000000000008","THAP7_ARCHS4_PEARSON","THAP7","7","300","0.06987999999999999767297254038567189127206802368164062500000000000000000000000000000000000000000000000000000000000000000000000000000000000000000000","0.49499999999999999555910790149937383830547332763671875000000000000000000000000000000000000000000000000000000000000000000000000000000000000000000000000000000","2.001000000000000","ARCHS4--Coexpression","DDX39A,FEN1,TK1,DTYMK,RECQL4,UBE2S,CDC45"
"DEG_HMVL_ALL","220","0.135099999999999998","FOXF2_ARCHS4_PEARSON","FOXF2","7","300","0.06987999999999999767297254038567189127206802368164062500000000000000000000000000000000000000000000000000000000000000000000000000000000000000000000","0.49499999999999999555910790149937383830547332763671875000000000000000000000000000000000000000000000000000000000000000000000000000000000000000000000000000000","2.001000000000000","ARCHS4--Coexpression","INCENP,RECQL4,NPAS1,LMNB2,FOXL1,ESPL1,SAPCD2"
"DEG_HMVL_ALL","221","0.135699999999999987","PITX1_ARCHS4_PEARSON","PITX1","7","300","0.06987999999999999767297254038567189127206802368164062500000000000000000000000000000000000000000000000000000000000000000000000000000000000000000000","0.49499999999999999555910790149937383830547332763671875000000000000000000000000000000000000000000000000000000000000000000000000000000000000000000000000000000","2.001000000000000","ARCHS4--Coexpression","IQGAP3,RECQL4,TRIP13,UBE2S,NABP1,LMNB2,SAPCD2"
"DEG_HMVL_ALL","222","0.136399999999999993","ZSCAN10_ARCHS4_PEARSON","ZSCAN10","7","300","0.06987999999999999767297254038567189127206802368164062500000000000000000000000000000000000000000000000000000000000000000000000000000000000000000000","0.49499999999999999555910790149937383830547332763671875000000000000000000000000000000000000000000000000000000000000000000000000000000000000000000000000000000","2.001000000000000","ARCHS4--Coexpression","PIF1,TCOF1,BUB1B,BCL2L12,LMNB2,DNMT3B,BUB1"
"DEG_HMVL_ALL","223","0.137000000000000011","TLX1_ARCHS4_PEARSON","TLX1","7","300","0.06987999999999999767297254038567189127206802368164062500000000000000000000000000000000000000000000000000000000000000000000000000000000000000000000","0.49499999999999999555910790149937383830547332763671875000000000000000000000000000000000000000000000000000000000000000000000000000000000000000000000000000000","2.001000000000000","ARCHS4--Coexpression","NEIL3,RACGAP1,PLK4,CDKN2C,TRIP13,LIG1,EXO1"
"DEG_HMVL_ALL","224","0.137600000000000000","NFYA_ARCHS4_PEARSON","NFYA","7","300","0.06987999999999999767297254038567189127206802368164062500000000000000000000000000000000000000000000000000000000000000000000000000000000000000000000","0.49499999999999999555910790149937383830547332763671875000000000000000000000000000000000000000000000000000000000000000000000000000000000000000000000000000000","2.001000000000000","ARCHS4--Coexpression","TMPO,RAD21,INCENP,KIFC1,NCAPD2,ARHGAP11A,LMNB2"
"DEG_HMVL_ALL","225","0.138199999999999990","TCF15_ARCHS4_PEARSON","TCF15","7","300","0.06987999999999999767297254038567189127206802368164062500000000000000000000000000000000000000000000000000000000000000000000000000000000000000000000","0.49499999999999999555910790149937383830547332763671875000000000000000000000000000000000000000000000000000000000000000000000000000000000000000000000000000000","2.001000000000000","ARCHS4--Coexpression","CKS2,CENPW,MIS18A,MAD2L1,BCL2L12,CKS1B,NCALD"
"DEG_HMVL_ALL","226","0.138800000000000007","TBPL1_ARCHS4_PEARSON","TBPL1","7","300","0.06987999999999999767297254038567189127206802368164062500000000000000000000000000000000000000000000000000000000000000000000000000000000000000000000","0.49499999999999999555910790149937383830547332763671875000000000000000000000000000000000000000000000000000000000000000000000000000000000000000000000000000000","2.001000000000000","ARCHS4--Coexpression","DLGAP5,CKS2,MAD2L1,PTTG1,VRK1,HMGB1,ITGB3BP"
"DEG_HMVL_ALL","227","0.139399999999999996","TFCP2_ARCHS4_PEARSON","TFCP2","7","300","0.06987999999999999767297254038567189127206802368164062500000000000000000000000000000000000000000000000000000000000000000000000000000000000000000000","0.49499999999999999555910790149937383830547332763671875000000000000000000000000000000000000000000000000000000000000000000000000000000000000000000000000000000","2.001000000000000","ARCHS4--Coexpression","TMPO,RAD21,NCAPD2,CENPO,BUB1B,DNMT3B,PRC1"
"DEG_HMVL_ALL","228","0.140000000000000013","HMGN3_ARCHS4_PEARSON","HMGN3","7","300","0.06987999999999999767297254038567189127206802368164062500000000000000000000000000000000000000000000000000000000000000000000000000000000000000000000","0.49499999999999999555910790149937383830547332763671875000000000000000000000000000000000000000000000000000000000000000000000000000000000000000000000000000000","2.001000000000000","ARCHS4--Coexpression","CKS2,CENPW,CENPN,MAD2L1,HMGB1,CKS1B,SUN2"
"DEG_HMVL_ALL","229","0.140699999999999992","CEBPG_ARCHS4_PEARSON","CEBPG","7","300","0.06987999999999999767297254038567189127206802368164062500000000000000000000000000000000000000000000000000000000000000000000000000000000000000000000","0.49499999999999999555910790149937383830547332763671875000000000000000000000000000000000000000000000000000000000000000000000000000000000000000000000000000000","2.001000000000000","ARCHS4--Coexpression","TMPO,HASPIN,RACGAP1,LMNB2,EXO1,PKD1L2,PRC1"
"DEG_HMVL_ALL","230","0.141300000000000009","FOS_ARCHS4_PEARSON","FOS","7","300","0.06987999999999999767297254038567189127206802368164062500000000000000000000000000000000000000000000000000000000000000000000000000000000000000000000","0.49499999999999999555910790149937383830547332763671875000000000000000000000000000000000000000000000000000000000000000000000000000000000000000000000000000000","2.001000000000000","ARCHS4--Coexpression","TXK,GRAMD2B,INCENP,KIFC1,NCAPD2,LMNB2,PKD1L2"
"DEG_HMVL_ALL","231","0.141899999999999998","ZNF714_ARCHS4_PEARSON","ZNF714","6","297","0.14519999999999999573674358543939888477325439453125000000000000000000000000000000000000000000000000000000000000000000000000000000000000000000000000","0.85099999999999997868371792719699442386627197265625000000000000000000000000000000000000000000000000000000000000000000000000000000000000000000000000000000000","1.727000000000000","ARCHS4--Coexpression","SKA1,SPC25,FAM227A,SUN2,RNFT2,PKD1L2"
"DEG_HMVL_ALL","232","0.142499999999999988","L3MBTL3_ARCHS4_PEARSON","L3MBTL3","6","297","0.14519999999999999573674358543939888477325439453125000000000000000000000000000000000000000000000000000000000000000000000000000000000000000000000000","0.85099999999999997868371792719699442386627197265625000000000000000000000000000000000000000000000000000000000000000000000000000000000000000000000000000000000","1.727000000000000","ARCHS4--Coexpression","NUDT3,TMPO,PARPBP,ANP32E,VRK1,HMGB1"
"DEG_HMVL_ALL","233","0.143100000000000005","LCORL_ARCHS4_PEARSON","LCORL","6","298","0.14680000000000001381117442633694736286997795104980468750000000000000000000000000000000000000000000000000000000000000000000000000000000000000000000","0.85099999999999997868371792719699442386627197265625000000000000000000000000000000000000000000000000000000000000000000000000000000000000000000000000000000000","1.721000000000000","ARCHS4--Coexpression","KIF15,GAS2L3,HMGB1,SUN2,CKAP2,ASPM"
"DEG_HMVL_ALL","234","0.143699999999999994","ARID2_ARCHS4_PEARSON","ARID2","6","298","0.14680000000000001381117442633694736286997795104980468750000000000000000000000000000000000000000000000000000000000000000000000000000000000000000000","0.85099999999999997868371792719699442386627197265625000000000000000000000000000000000000000000000000000000000000000000000000000000000000000000000000000000000","1.721000000000000","ARCHS4--Coexpression","KIF20B,SKA1,ANP32E,CENPE,KPNA2,ASPM"
"DEG_HMVL_ALL","235","0.144300000000000012","SIX3_ARCHS4_PEARSON","SIX3","6","298","0.14680000000000001381117442633694736286997795104980468750000000000000000000000000000000000000000000000000000000000000000000000000000000000000000000","0.85099999999999997868371792719699442386627197265625000000000000000000000000000000000000000000000000000000000000000000000000000000000000000000000000000000000","1.721000000000000","ARCHS4--Coexpression","CENPA,LTB4R2,UBE2C,UBE2T,NABP1,CKAP2L"
"DEG_HMVL_ALL","236","0.144999999999999990","ZNF662_ARCHS4_PEARSON","ZNF662","6","298","0.14680000000000001381117442633694736286997795104980468750000000000000000000000000000000000000000000000000000000000000000000000000000000000000000000","0.85099999999999997868371792719699442386627197265625000000000000000000000000000000000000000000000000000000000000000000000000000000000000000000000000000000000","1.721000000000000","ARCHS4--Coexpression","FAM227A,TRMT9B,LMNB2,RNFT2,PKD1L2,ACKR2"
"DEG_HMVL_ALL","237","0.145600000000000007","SKIL_ARCHS4_PEARSON","SKIL","6","298","0.14680000000000001381117442633694736286997795104980468750000000000000000000000000000000000000000000000000000000000000000000000000000000000000000000","0.85099999999999997868371792719699442386627197265625000000000000000000000000000000000000000000000000000000000000000000000000000000000000000000000000000000000","1.721000000000000","ARCHS4--Coexpression","PARPBP,SKA3,ANP32E,MAD2L1,HMGB1,DNMT3B"
"DEG_HMVL_ALL","238","0.146199999999999997","ZFP64_ARCHS4_PEARSON","ZFP64","6","298","0.14680000000000001381117442633694736286997795104980468750000000000000000000000000000000000000000000000000000000000000000000000000000000000000000000","0.85099999999999997868371792719699442386627197265625000000000000000000000000000000000000000000000000000000000000000000000000000000000000000000000000000000000","1.721000000000000","ARCHS4--Coexpression","SKA1,SPC24,FAM227A,SUN2,RNFT2,PKD1L2"
"DEG_HMVL_ALL","239","0.146800000000000014","SOHLH2_ARCHS4_PEARSON","SOHLH2","6","299","0.14840000000000000413002965160558233037590980529785156250000000000000000000000000000000000000000000000000000000000000000000000000000000000000000000","0.85099999999999997868371792719699442386627197265625000000000000000000000000000000000000000000000000000000000000000000000000000000000000000000000000000000000","1.715000000000000","ARCHS4--Coexpression","ESCO2,DLGAP5,PTTG1,CCNB1,KIF4A,AURKA"
"DEG_HMVL_ALL","240","0.147400000000000003","ZNF749_ARCHS4_PEARSON","ZNF749","6","299","0.14840000000000000413002965160558233037590980529785156250000000000000000000000000000000000000000000000000000000000000000000000000000000000000000000","0.85099999999999997868371792719699442386627197265625000000000000000000000000000000000000000000000000000000000000000000000000000000000000000000000000000000000","1.715000000000000","ARCHS4--Coexpression","DEPDC1B,FEN1,KIF14,DTYMK,CKS1B,SUN2"
"DEG_HMVL_ALL","241","0.147999999999999993","GABPA_ARCHS4_PEARSON","GABPA","6","299","0.14840000000000000413002965160558233037590980529785156250000000000000000000000000000000000000000000000000000000000000000000000000000000000000000000","0.85099999999999997868371792719699442386627197265625000000000000000000000000000000000000000000000000000000000000000000000000000000000000000000000000000000000","1.715000000000000","ARCHS4--Coexpression","SMC4,TMPO,RAD21,KIF11,DEPDC1,HMMR"
"DEG_HMVL_ALL","242","0.148600000000000010","ZNF850_ARCHS4_PEARSON","ZNF850","6","299","0.14840000000000000413002965160558233037590980529785156250000000000000000000000000000000000000000000000000000000000000000000000000000000000000000000","0.85099999999999997868371792719699442386627197265625000000000000000000000000000000000000000000000000000000000000000000000000000000000000000000000000000000000","1.715000000000000","ARCHS4--Coexpression","PIF1,SKA1,SPC25,FAM227A,RNFT2,PKD1L2"
"DEG_HMVL_ALL","243","0.149299999999999988","ZNF577_ARCHS4_PEARSON","ZNF577","6","299","0.14840000000000000413002965160558233037590980529785156250000000000000000000000000000000000000000000000000000000000000000000000000000000000000000000","0.85099999999999997868371792719699442386627197265625000000000000000000000000000000000000000000000000000000000000000000000000000000000000000000000000000000000","1.715000000000000","ARCHS4--Coexpression","INCENP,ZNF233,FAM227A,LMNB2,RNFT2,PKD1L2"
"DEG_HMVL_ALL","244","0.149900000000000005","FOXD1_ARCHS4_PEARSON","FOXD1","6","299","0.14840000000000000413002965160558233037590980529785156250000000000000000000000000000000000000000000000000000000000000000000000000000000000000000000","0.85099999999999997868371792719699442386627197265625000000000000000000000000000000000000000000000000000000000000000000000000000000000000000000000000000000000","1.715000000000000","ARCHS4--Coexpression","CEP55,TMEM158,UBE2S,FOXM1,LMNB2,FOXL1"
"DEG_HMVL_ALL","245","0.150499999999999995","TERF2_ARCHS4_PEARSON","TERF2","6","299","0.14840000000000000413002965160558233037590980529785156250000000000000000000000000000000000000000000000000000000000000000000000000000000000000000000","0.85099999999999997868371792719699442386627197265625000000000000000000000000000000000000000000000000000000000000000000000000000000000000000000000000000000000","1.715000000000000","ARCHS4--Coexpression","SKA1,SPC25,FAM227A,TRMT9B,RNFT2,PKD1L2"
"DEG_HMVL_ALL","246","0.151100000000000012","ZNF234_ARCHS4_PEARSON","ZNF234","6","299","0.14840000000000000413002965160558233037590980529785156250000000000000000000000000000000000000000000000000000000000000000000000000000000000000000000","0.85099999999999997868371792719699442386627197265625000000000000000000000000000000000000000000000000000000000000000000000000000000000000000000000000000000000","1.715000000000000","ARCHS4--Coexpression","ZNF233,FAM227A,TRMT9B,DBF4,RNFT2,PKD1L2"
"DEG_HMVL_ALL","247","0.151700000000000002","ARID5B_ARCHS4_PEARSON","ARID5B","6","299","0.14840000000000000413002965160558233037590980529785156250000000000000000000000000000000000000000000000000000000000000000000000000000000000000000000","0.85099999999999997868371792719699442386627197265625000000000000000000000000000000000000000000000000000000000000000000000000000000000000000000000000000000000","1.715000000000000","ARCHS4--Coexpression","INCENP,KIFC1,TACC3,NCAPD2,NABP1,LMNB2"
"DEG_HMVL_ALL","248","0.152299999999999991","ZNF445_ARCHS4_PEARSON","ZNF445","6","299","0.14840000000000000413002965160558233037590980529785156250000000000000000000000000000000000000000000000000000000000000000000000000000000000000000000","0.85099999999999997868371792719699442386627197265625000000000000000000000000000000000000000000000000000000000000000000000000000000000000000000000000000000000","1.715000000000000","ARCHS4--Coexpression","SPC25,FAM227A,TRMT9B,TMEM45A,RNFT2,PKD1L2"
"DEG_HMVL_ALL","249","0.152900000000000008","NRF1_ARCHS4_PEARSON","NRF1","6","299","0.14840000000000000413002965160558233037590980529785156250000000000000000000000000000000000000000000000000000000000000000000000000000000000000000000","0.85099999999999997868371792719699442386627197265625000000000000000000000000000000000000000000000000000000000000000000000000000000000000000000000000000000000","1.715000000000000","ARCHS4--Coexpression","DDX39A,CDKN1B,KIF15,NDE1,HMGB2,SUN2"
"DEG_HMVL_ALL","250","0.153599999999999987","LHX4_ARCHS4_PEARSON","LHX4","6","299","0.14840000000000000413002965160558233037590980529785156250000000000000000000000000000000000000000000000000000000000000000000000000000000000000000000","0.85099999999999997868371792719699442386627197265625000000000000000000000000000000000000000000000000000000000000000000000000000000000000000000000000000000000","1.715000000000000","ARCHS4--Coexpression","TMPO,NCAPG2,INCENP,EXO1,ASPM,ESPL1"
"DEG_HMVL_ALL","251","0.154200000000000004","ZNF132_ARCHS4_PEARSON","ZNF132","6","299","0.14840000000000000413002965160558233037590980529785156250000000000000000000000000000000000000000000000000000000000000000000000000000000000000000000","0.85099999999999997868371792719699442386627197265625000000000000000000000000000000000000000000000000000000000000000000000000000000000000000000000000000000000","1.715000000000000","ARCHS4--Coexpression","NUDT3,CNTRL,LIG1,CCDC146,DNAH7,DNAH5"
"DEG_HMVL_ALL","252","0.154799999999999993","FIGLA_ARCHS4_PEARSON","FIGLA","6","299","0.14840000000000000413002965160558233037590980529785156250000000000000000000000000000000000000000000000000000000000000000000000000000000000000000000","0.85099999999999997868371792719699442386627197265625000000000000000000000000000000000000000000000000000000000000000000000000000000000000000000000000000000000","1.715000000000000","ARCHS4--Coexpression","ESCO2,DLGAP5,TACC3,PTTG1,CCNB1,AURKA"
"DEG_HMVL_ALL","253","0.155400000000000010","ZNF891_ARCHS4_PEARSON","ZNF891","6","299","0.14840000000000000413002965160558233037590980529785156250000000000000000000000000000000000000000000000000000000000000000000000000000000000000000000","0.85099999999999997868371792719699442386627197265625000000000000000000000000000000000000000000000000000000000000000000000000000000000000000000000000000000000","1.715000000000000","ARCHS4--Coexpression","SPC25,FAM227A,TRMT9B,TMEM45A,RNFT2,PKD1L2"
"DEG_HMVL_ALL","254","0.156000000000000000","ZNF587_ARCHS4_PEARSON","ZNF587","6","299","0.14840000000000000413002965160558233037590980529785156250000000000000000000000000000000000000000000000000000000000000000000000000000000000000000000","0.85099999999999997868371792719699442386627197265625000000000000000000000000000000000000000000000000000000000000000000000000000000000000000000000000000000000","1.715000000000000","ARCHS4--Coexpression","SKA1,SPC25,FAM227A,TMEM45A,RNFT2,PKD1L2"
"DEG_HMVL_ALL","255","0.156599999999999989","POGK_ARCHS4_PEARSON","POGK","6","299","0.14840000000000000413002965160558233037590980529785156250000000000000000000000000000000000000000000000000000000000000000000000000000000000000000000","0.85099999999999997868371792719699442386627197265625000000000000000000000000000000000000000000000000000000000000000000000000000000000000000000000000000000000","1.715000000000000","ARCHS4--Coexpression","TMPO,RACGAP1,INCENP,KIFC1,NCAPD2,LMNB2"
"DEG_HMVL_ALL","256","0.157200000000000006","ZNF830_ARCHS4_PEARSON","ZNF830","6","299","0.14840000000000000413002965160558233037590980529785156250000000000000000000000000000000000000000000000000000000000000000000000000000000000000000000","0.85099999999999997868371792719699442386627197265625000000000000000000000000000000000000000000000000000000000000000000000000000000000000000000000000000000000","1.715000000000000","ARCHS4--Coexpression","CKS2,CENPW,MAD2L1,UBE2T,HMGB1,CKS1B"
"DEG_HMVL_ALL","257","0.157900000000000013","ZNF416_ARCHS4_PEARSON","ZNF416","6","299","0.14840000000000000413002965160558233037590980529785156250000000000000000000000000000000000000000000000000000000000000000000000000000000000000000000","0.85099999999999997868371792719699442386627197265625000000000000000000000000000000000000000000000000000000000000000000000000000000000000000000000000000000000","1.715000000000000","ARCHS4--Coexpression","HASPIN,DDIAS,DLGAP5,PTTG1,OIP5,AURKA"
"DEG_HMVL_ALL","258","0.158500000000000002","ZBTB33_ARCHS4_PEARSON","ZBTB33","6","299","0.14840000000000000413002965160558233037590980529785156250000000000000000000000000000000000000000000000000000000000000000000000000000000000000000000","0.85099999999999997868371792719699442386627197265625000000000000000000000000000000000000000000000000000000000000000000000000000000000000000000000000000000000","1.715000000000000","ARCHS4--Coexpression","TMPO,RACGAP1,RAD21,CDKN1B,KIF11,ARHGAP11A"
"DEG_HMVL_ALL","259","0.159099999999999991","FOXR1_ARCHS4_PEARSON","FOXR1","6","299","0.14840000000000000413002965160558233037590980529785156250000000000000000000000000000000000000000000000000000000000000000000000000000000000000000000","0.85099999999999997868371792719699442386627197265625000000000000000000000000000000000000000000000000000000000000000000000000000000000000000000000000000000000","1.715000000000000","ARCHS4--Coexpression","CENPA,PTTG1,CCNB1,UBE2C,AURKA,RAD51"
"DEG_HMVL_ALL","260","0.159700000000000009","NANOG_ARCHS4_PEARSON","NANOG","6","299","0.14840000000000000413002965160558233037590980529785156250000000000000000000000000000000000000000000000000000000000000000000000000000000000000000000","0.85099999999999997868371792719699442386627197265625000000000000000000000000000000000000000000000000000000000000000000000000000000000000000000000000000000000","1.715000000000000","ARCHS4--Coexpression","PIF1,SKA1,SPC25,DNMT3B,RNFT2,PKD1L2"
"DEG_HMVL_ALL","261","0.160299999999999998","HMX1_ARCHS4_PEARSON","HMX1","6","299","0.14840000000000000413002965160558233037590980529785156250000000000000000000000000000000000000000000000000000000000000000000000000000000000000000000","0.85099999999999997868371792719699442386627197265625000000000000000000000000000000000000000000000000000000000000000000000000000000000000000000000000000000000","1.715000000000000","ARCHS4--Coexpression","IQGAP3,RECQL4,NPAS1,UBE2S,LMNB2,SAPCD2"
"DEG_HMVL_ALL","262","0.160899999999999987","ZNF506_ARCHS4_PEARSON","ZNF506","6","299","0.14840000000000000413002965160558233037590980529785156250000000000000000000000000000000000000000000000000000000000000000000000000000000000000000000","0.85099999999999997868371792719699442386627197265625000000000000000000000000000000000000000000000000000000000000000000000000000000000000000000000000000000000","1.715000000000000","ARCHS4--Coexpression","SPC25,FAM227A,TRMT9B,TMEM45A,RNFT2,PKD1L2"
"DEG_HMVL_ALL","263","0.161500000000000005","ZNF114_ARCHS4_PEARSON","ZNF114","6","299","0.14840000000000000413002965160558233037590980529785156250000000000000000000000000000000000000000000000000000000000000000000000000000000000000000000","0.85099999999999997868371792719699442386627197265625000000000000000000000000000000000000000000000000000000000000000000000000000000000000000000000000000000000","1.715000000000000","ARCHS4--Coexpression","SKA1,FAM227A,SUN2,RNFT2,PKD1L2,ACKR2"
"DEG_HMVL_ALL","264","0.162200000000000011","ZNF57_ARCHS4_PEARSON","ZNF57","6","299","0.14840000000000000413002965160558233037590980529785156250000000000000000000000000000000000000000000000000000000000000000000000000000000000000000000","0.85099999999999997868371792719699442386627197265625000000000000000000000000000000000000000000000000000000000000000000000000000000000000000000000000000000000","1.715000000000000","ARCHS4--Coexpression","MAD2L1,KPNA2,UBE2T,CKS1B,MTFR2,AURKA"
"DEG_HMVL_ALL","265","0.162800000000000000","ZNF251_ARCHS4_PEARSON","ZNF251","6","300","0.14999999999999999444888487687421729788184165954589843750000000000000000000000000000000000000000000000000000000000000000000000000000000000000000000","0.85099999999999997868371792719699442386627197265625000000000000000000000000000000000000000000000000000000000000000000000000000000000000000000000000000000000","1.709000000000000","ARCHS4--Coexpression","NUDT3,ZNF233,FAM227A,TRMT9B,SHANK2,RNFT2"
"DEG_HMVL_ALL","266","0.163399999999999990","SHOX2_ARCHS4_PEARSON","SHOX2","6","300","0.14999999999999999444888487687421729788184165954589843750000000000000000000000000000000000000000000000000000000000000000000000000000000000000000000","0.85099999999999997868371792719699442386627197265625000000000000000000000000000000000000000000000000000000000000000000000000000000000000000000000000000000000","1.709000000000000","ARCHS4--Coexpression","IQGAP3,KIFC1,CDKN2C,ODF2,UBE2S,LMNB2"
"DEG_HMVL_ALL","267","0.164000000000000007","ZNF581_ARCHS4_PEARSON","ZNF581","6","300","0.14999999999999999444888487687421729788184165954589843750000000000000000000000000000000000000000000000000000000000000000000000000000000000000000000","0.85099999999999997868371792719699442386627197265625000000000000000000000000000000000000000000000000000000000000000000000000000000000000000000000000000000000","1.709000000000000","ARCHS4--Coexpression","CDC20,DDX39A,DTYMK,OIP5,BCL2L12,CKS1B"
"DEG_HMVL_ALL","268","0.164599999999999996","PHOX2A_ARCHS4_PEARSON","PHOX2A","6","300","0.14999999999999999444888487687421729788184165954589843750000000000000000000000000000000000000000000000000000000000000000000000000000000000000000000","0.85099999999999997868371792719699442386627197265625000000000000000000000000000000000000000000000000000000000000000000000000000000000000000000000000000000000","1.709000000000000","ARCHS4--Coexpression","IQGAP3,KIFC1,RECQL4,UBE2S,FOXM1,SAPCD2"
"DEG_HMVL_ALL","269","0.165200000000000014","ATF4_ARCHS4_PEARSON","ATF4","6","300","0.14999999999999999444888487687421729788184165954589843750000000000000000000000000000000000000000000000000000000000000000000000000000000000000000000","0.85099999999999997868371792719699442386627197265625000000000000000000000000000000000000000000000000000000000000000000000000000000000000000000000000000000000","1.709000000000000","ARCHS4--Coexpression","HASPIN,INCENP,KIFC1,RECQL4,NCAPD2,LMNB2"
"DEG_HMVL_ALL","270","0.165800000000000003","ZMAT1_ARCHS4_PEARSON","ZMAT1","6","300","0.14999999999999999444888487687421729788184165954589843750000000000000000000000000000000000000000000000000000000000000000000000000000000000000000000","0.85099999999999997868371792719699442386627197265625000000000000000000000000000000000000000000000000000000000000000000000000000000000000000000000000000000000","1.709000000000000","ARCHS4--Coexpression","INCENP,KIFC1,FAM227A,TRMT9B,LMNB2,RNFT2"
"DEG_HMVL_ALL","271","0.166500000000000009","TBX22_ARCHS4_PEARSON","TBX22","6","300","0.14999999999999999444888487687421729788184165954589843750000000000000000000000000000000000000000000000000000000000000000000000000000000000000000000","0.85099999999999997868371792719699442386627197265625000000000000000000000000000000000000000000000000000000000000000000000000000000000000000000000000000000000","1.709000000000000","ARCHS4--Coexpression","PARPBP,SKA3,ANP32E,CDKN3,MAD2L1,HMGB1"
"DEG_HMVL_ALL","272","0.167099999999999999","ZNF324B_ARCHS4_PEARSON","ZNF324B","6","300","0.14999999999999999444888487687421729788184165954589843750000000000000000000000000000000000000000000000000000000000000000000000000000000000000000000","0.85099999999999997868371792719699442386627197265625000000000000000000000000000000000000000000000000000000000000000000000000000000000000000000000000000000000","1.709000000000000","ARCHS4--Coexpression","HASPIN,INCENP,KIFC1,RECQL4,NCAPD2,LMNB2"
"DEG_HMVL_ALL","273","0.167699999999999988","ZIC3_ARCHS4_PEARSON","ZIC3","6","300","0.14999999999999999444888487687421729788184165954589843750000000000000000000000000000000000000000000000000000000000000000000000000000000000000000000","0.85099999999999997868371792719699442386627197265625000000000000000000000000000000000000000000000000000000000000000000000000000000000000000000000000000000000","1.709000000000000","ARCHS4--Coexpression","DLGAP5,MAD2L1,BUB1B,HMGB1,DNMT3B,BUB1"
"DEG_HMVL_ALL","274","0.168300000000000005","POU5F1B_ARCHS4_PEARSON","POU5F1B","6","300","0.14999999999999999444888487687421729788184165954589843750000000000000000000000000000000000000000000000000000000000000000000000000000000000000000000","0.85099999999999997868371792719699442386627197265625000000000000000000000000000000000000000000000000000000000000000000000000000000000000000000000000000000000","1.709000000000000","ARCHS4--Coexpression","CKS2,CENPW,MIS18A,HMGB1,CKS1B,NCALD"
"DEG_HMVL_ALL","275","0.168899999999999995","TFAP2A_ARCHS4_PEARSON","TFAP2A","6","300","0.14999999999999999444888487687421729788184165954589843750000000000000000000000000000000000000000000000000000000000000000000000000000000000000000000","0.85099999999999997868371792719699442386627197265625000000000000000000000000000000000000000000000000000000000000000000000000000000000000000000000000000000000","1.709000000000000","ARCHS4--Coexpression","IQGAP3,INCENP,RECQL4,TRIP13,FOXM1,TMEM45A"
"DEG_HMVL_ALL","276","0.169500000000000012","GLI2_ARCHS4_PEARSON","GLI2","6","300","0.14999999999999999444888487687421729788184165954589843750000000000000000000000000000000000000000000000000000000000000000000000000000000000000000000","0.85099999999999997868371792719699442386627197265625000000000000000000000000000000000000000000000000000000000000000000000000000000000000000000000000000000000","1.709000000000000","ARCHS4--Coexpression","PIMREG,CENPO,KIF4A,FOXM1,LMNB2,DNMT3B"
"DEG_HMVL_ALL","277","0.170100000000000001","ARNTL2_ARCHS4_PEARSON","ARNTL2","6","300","0.14999999999999999444888487687421729788184165954589843750000000000000000000000000000000000000000000000000000000000000000000000000000000000000000000","0.85099999999999997868371792719699442386627197265625000000000000000000000000000000000000000000000000000000000000000000000000000000000000000000000000000000000","1.709000000000000","ARCHS4--Coexpression","CEP55,KIF23,ECT2,ARHGAP11A,LMNB2,SHCBP1"
"DEG_HMVL_ALL","278","0.170800000000000007","MYF5_ARCHS4_PEARSON","MYF5","6","300","0.14999999999999999444888487687421729788184165954589843750000000000000000000000000000000000000000000000000000000000000000000000000000000000000000000","0.85099999999999997868371792719699442386627197265625000000000000000000000000000000000000000000000000000000000000000000000000000000000000000000000000000000000","1.709000000000000","ARCHS4--Coexpression","SKA1,ZWINT,SPC24,MELK,DIAPH3,BIRC5"
"DEG_HMVL_ALL","279","0.171399999999999997","SIX4_ARCHS4_PEARSON","SIX4","6","300","0.14999999999999999444888487687421729788184165954589843750000000000000000000000000000000000000000000000000000000000000000000000000000000000000000000","0.85099999999999997868371792719699442386627197265625000000000000000000000000000000000000000000000000000000000000000000000000000000000000000000000000000000000","1.709000000000000","ARCHS4--Coexpression","KIF23,DEPDC1,ECT2,DNMT3B,SUN2,DNAH5"
"DEG_HMVL_ALL","280","0.171999999999999986","ARID3B_ARCHS4_PEARSON","ARID3B","6","300","0.14999999999999999444888487687421729788184165954589843750000000000000000000000000000000000000000000000000000000000000000000000000000000000000000000","0.85099999999999997868371792719699442386627197265625000000000000000000000000000000000000000000000000000000000000000000000000000000000000000000000000000000000","1.709000000000000","ARCHS4--Coexpression","PIF1,TCOF1,TACC3,BUB1B,DNMT3B,BUB1"
"DEG_HMVL_ALL","281","0.172600000000000003","NR2F6_ARCHS4_PEARSON","NR2F6","6","300","0.14999999999999999444888487687421729788184165954589843750000000000000000000000000000000000000000000000000000000000000000000000000000000000000000000","0.85099999999999997868371792719699442386627197265625000000000000000000000000000000000000000000000000000000000000000000000000000000000000000000000000000000000","1.709000000000000","ARCHS4--Coexpression","RECQL4,TUBB4B,BCL2L12,UBE2S,LMNB2,SAPCD2"
"DEG_HMVL_ALL","282","0.173199999999999993","DNTTIP1_ARCHS4_PEARSON","DNTTIP1","6","300","0.14999999999999999444888487687421729788184165954589843750000000000000000000000000000000000000000000000000000000000000000000000000000000000000000000","0.85099999999999997868371792719699442386627197265625000000000000000000000000000000000000000000000000000000000000000000000000000000000000000000000000000000000","1.709000000000000","ARCHS4--Coexpression","CDC20,TK1,DTYMK,TACC3,BCL2L12,UBE2S"
"DEG_HMVL_ALL","283","0.173800000000000010","FOXB1_ARCHS4_PEARSON","FOXB1","6","300","0.14999999999999999444888487687421729788184165954589843750000000000000000000000000000000000000000000000000000000000000000000000000000000000000000000","0.85099999999999997868371792719699442386627197265625000000000000000000000000000000000000000000000000000000000000000000000000000000000000000000000000000000000","1.709000000000000","ARCHS4--Coexpression","GTSE1,CKS2,FANCD2,KIF18B,HMGB2,RNFT2"
"DEG_HMVL_ALL","284","0.174399999999999999","ZNF135_ARCHS4_PEARSON","ZNF135","6","300","0.14999999999999999444888487687421729788184165954589843750000000000000000000000000000000000000000000000000000000000000000000000000000000000000000000","0.85099999999999997868371792719699442386627197265625000000000000000000000000000000000000000000000000000000000000000000000000000000000000000000000000000000000","1.709000000000000","ARCHS4--Coexpression","NUDT3,FAM227A,TRMT9B,LMNB2,RNFT2,PKD1L2"
"DEG_HMVL_ALL","285","0.175100000000000006","THYN1_ARCHS4_PEARSON","THYN1","6","300","0.14999999999999999444888487687421729788184165954589843750000000000000000000000000000000000000000000000000000000000000000000000000000000000000000000","0.85099999999999997868371792719699442386627197265625000000000000000000000000000000000000000000000000000000000000000000000000000000000000000000000000000000000","1.709000000000000","ARCHS4--Coexpression","CKS2,MAD2L1,VRK1,UBE2T,HMGB1,CKS1B"
"DEG_HMVL_ALL","286","0.175699999999999995","ZNF528_ARCHS4_PEARSON","ZNF528","6","300","0.14999999999999999444888487687421729788184165954589843750000000000000000000000000000000000000000000000000000000000000000000000000000000000000000000","0.85099999999999997868371792719699442386627197265625000000000000000000000000000000000000000000000000000000000000000000000000000000000000000000000000000000000","1.709000000000000","ARCHS4--Coexpression","INCENP,FAM227A,TRMT9B,LMNB2,RNFT2,PKD1L2"
"DEG_HMVL_ALL","287","0.176300000000000012","DMRTB1_ARCHS4_PEARSON","DMRTB1","6","300","0.14999999999999999444888487687421729788184165954589843750000000000000000000000000000000000000000000000000000000000000000000000000000000000000000000","0.85099999999999997868371792719699442386627197265625000000000000000000000000000000000000000000000000000000000000000000000000000000000000000000000000000000000","1.709000000000000","ARCHS4--Coexpression","ESCO2,DLGAP5,TACC3,PTTG1,ANKRD31,AURKA"
"DEG_HMVL_ALL","288","0.176900000000000002","ZNF180_ARCHS4_PEARSON","ZNF180","5","297","0.27829999999999999182875853875884786248207092285156250000000000000000000000000000000000000000000000000000000000000000000000000000000000000000000000","1.00000000000000000000000000000000000000000000000000000000000000000000000000000000000000000000000000000000000000000000000000000000000000000000000000000000000","1.434000000000000","ARCHS4--Coexpression","SMC2,KIF15,VRK1,BLM,HMGB1"
"DEG_HMVL_ALL","289","0.177499999999999991","NKX63_ARCHS4_PEARSON","NKX63","5","297","0.27829999999999999182875853875884786248207092285156250000000000000000000000000000000000000000000000000000000000000000000000000000000000000000000000","1.00000000000000000000000000000000000000000000000000000000000000000000000000000000000000000000000000000000000000000000000000000000000000000000000000000000000","1.434000000000000","ARCHS4--Coexpression","SMC2,RAD21,NEURL1B,CDKN2C,GAS2L3"
"DEG_HMVL_ALL","290","0.178100000000000008","ZNF778_ARCHS4_PEARSON","ZNF778","5","298","0.28060000000000001607602939657226670533418655395507812500000000000000000000000000000000000000000000000000000000000000000000000000000000000000000000","1.00000000000000000000000000000000000000000000000000000000000000000000000000000000000000000000000000000000000000000000000000000000000000000000000000000000000","1.429000000000000","ARCHS4--Coexpression","TNFAIP8L1,FAM227A,RNFT2,PKD1L2,ACKR2"
"DEG_HMVL_ALL","291","0.178699999999999998","ZBTB43_ARCHS4_PEARSON","ZBTB43","5","298","0.28060000000000001607602939657226670533418655395507812500000000000000000000000000000000000000000000000000000000000000000000000000000000000000000000","1.00000000000000000000000000000000000000000000000000000000000000000000000000000000000000000000000000000000000000000000000000000000000000000000000000000000000","1.429000000000000","ARCHS4--Coexpression","INCENP,KIFC1,FAM227A,LMNB2,PKD1L2"
"DEG_HMVL_ALL","292","0.179400000000000004","ZNF214_ARCHS4_PEARSON","ZNF214","5","298","0.28060000000000001607602939657226670533418655395507812500000000000000000000000000000000000000000000000000000000000000000000000000000000000000000000","1.00000000000000000000000000000000000000000000000000000000000000000000000000000000000000000000000000000000000000000000000000000000000000000000000000000000000","1.429000000000000","ARCHS4--Coexpression","CENPI,CCDC146,SUN2,DNAH7,DNAH5"
"DEG_HMVL_ALL","293","0.179999999999999993","DPRX_ARCHS4_PEARSON","DPRX","5","298","0.28060000000000001607602939657226670533418655395507812500000000000000000000000000000000000000000000000000000000000000000000000000000000000000000000","1.00000000000000000000000000000000000000000000000000000000000000000000000000000000000000000000000000000000000000000000000000000000000000000000000000000000000","1.429000000000000","ARCHS4--Coexpression","CENPA,HJURP,CCNB1,UBE2C,RRM2"
"DEG_HMVL_ALL","294","0.180600000000000011","ZNF556_ARCHS4_PEARSON","ZNF556","5","298","0.28060000000000001607602939657226670533418655395507812500000000000000000000000000000000000000000000000000000000000000000000000000000000000000000000","1.00000000000000000000000000000000000000000000000000000000000000000000000000000000000000000000000000000000000000000000000000000000000000000000000000000000000","1.429000000000000","ARCHS4--Coexpression","SKA1,SPC25,FAM227A,RNFT2,PKD1L2"
"DEG_HMVL_ALL","295","0.181200000000000000","ZNF726_ARCHS4_PEARSON","ZNF726","5","298","0.28060000000000001607602939657226670533418655395507812500000000000000000000000000000000000000000000000000000000000000000000000000000000000000000000","1.00000000000000000000000000000000000000000000000000000000000000000000000000000000000000000000000000000000000000000000000000000000000000000000000000000000000","1.429000000000000","ARCHS4--Coexpression","SKA1,SPC25,FAM227A,RNFT2,PKD1L2"
"DEG_HMVL_ALL","296","0.181799999999999989","ZNF785_ARCHS4_PEARSON","ZNF785","5","298","0.28060000000000001607602939657226670533418655395507812500000000000000000000000000000000000000000000000000000000000000000000000000000000000000000000","1.00000000000000000000000000000000000000000000000000000000000000000000000000000000000000000000000000000000000000000000000000000000000000000000000000000000000","1.429000000000000","ARCHS4--Coexpression","SPC25,FAM227A,TRMT9B,RNFT2,PKD1L2"
"DEG_HMVL_ALL","297","0.182400000000000007","ANKZF1_ARCHS4_PEARSON","ANKZF1","5","298","0.28060000000000001607602939657226670533418655395507812500000000000000000000000000000000000000000000000000000000000000000000000000000000000000000000","1.00000000000000000000000000000000000000000000000000000000000000000000000000000000000000000000000000000000000000000000000000000000000000000000000000000000000","1.429000000000000","ARCHS4--Coexpression","ANO9,TTLL3,CALCOCO1,SUN2,PBXIP1"
"DEG_HMVL_ALL","298","0.182999999999999996","ZNF587B_ARCHS4_PEARSON","ZNF587B","5","298","0.28060000000000001607602939657226670533418655395507812500000000000000000000000000000000000000000000000000000000000000000000000000000000000000000000","1.00000000000000000000000000000000000000000000000000000000000000000000000000000000000000000000000000000000000000000000000000000000000000000000000000000000000","1.429000000000000","ARCHS4--Coexpression","KIF20B,SKA1,ANP32E,BLM,DNMT3B"
"DEG_HMVL_ALL","299","0.183700000000000002","ZNF793_ARCHS4_PEARSON","ZNF793","5","298","0.28060000000000001607602939657226670533418655395507812500000000000000000000000000000000000000000000000000000000000000000000000000000000000000000000","1.00000000000000000000000000000000000000000000000000000000000000000000000000000000000000000000000000000000000000000000000000000000000000000000000000000000000","1.429000000000000","ARCHS4--Coexpression","SPC25,FAM227A,TRMT9B,RNFT2,PKD1L2"
"DEG_HMVL_ALL","300","0.184299999999999992","ZBTB25_ARCHS4_PEARSON","ZBTB25","5","298","0.28060000000000001607602939657226670533418655395507812500000000000000000000000000000000000000000000000000000000000000000000000000000000000000000000","1.00000000000000000000000000000000000000000000000000000000000000000000000000000000000000000000000000000000000000000000000000000000000000000000000000000000000","1.429000000000000","ARCHS4--Coexpression","SPC25,FAM227A,TRMT9B,RNFT2,PKD1L2"
"DEG_HMVL_ALL","301","0.184900000000000009","ZNF266_ARCHS4_PEARSON","ZNF266","5","298","0.28060000000000001607602939657226670533418655395507812500000000000000000000000000000000000000000000000000000000000000000000000000000000000000000000","1.00000000000000000000000000000000000000000000000000000000000000000000000000000000000000000000000000000000000000000000000000000000000000000000000000000000000","1.429000000000000","ARCHS4--Coexpression","TTLL3,FAM227A,MED30,HSH2D,PKD1L2"
"DEG_HMVL_ALL","302","0.185499999999999998","ZNF155_ARCHS4_PEARSON","ZNF155","5","298","0.28060000000000001607602939657226670533418655395507812500000000000000000000000000000000000000000000000000000000000000000000000000000000000000000000","1.00000000000000000000000000000000000000000000000000000000000000000000000000000000000000000000000000000000000000000000000000000000000000000000000000000000000","1.429000000000000","ARCHS4--Coexpression","ESCO2,NCAPH,DLGAP5,PTTG1,AURKA"
"DEG_HMVL_ALL","303","0.186099999999999988","ZNF700_ARCHS4_PEARSON","ZNF700","5","298","0.28060000000000001607602939657226670533418655395507812500000000000000000000000000000000000000000000000000000000000000000000000000000000000000000000","1.00000000000000000000000000000000000000000000000000000000000000000000000000000000000000000000000000000000000000000000000000000000000000000000000000000000000","1.429000000000000","ARCHS4--Coexpression","CNTRL,GEN1,TRMT9B,LMNB2,HSH2D"
"DEG_HMVL_ALL","304","0.186700000000000005","ELF5_ARCHS4_PEARSON","ELF5","5","298","0.28060000000000001607602939657226670533418655395507812500000000000000000000000000000000000000000000000000000000000000000000000000000000000000000000","1.00000000000000000000000000000000000000000000000000000000000000000000000000000000000000000000000000000000000000000000000000000000000000000000000000000000000","1.429000000000000","ARCHS4--Coexpression","LURAP1L,FAM227A,LMNB2,PKD1L2,ACKR2"
"DEG_HMVL_ALL","305","0.187299999999999994","THAP9_ARCHS4_PEARSON","THAP9","5","298","0.28060000000000001607602939657226670533418655395507812500000000000000000000000000000000000000000000000000000000000000000000000000000000000000000000","1.00000000000000000000000000000000000000000000000000000000000000000000000000000000000000000000000000000000000000000000000000000000000000000000000000000000000","1.429000000000000","ARCHS4--Coexpression","SKA1,ANP32E,MAD2L1,HMGB1,SUN2"
"DEG_HMVL_ALL","306","0.188000000000000000","ZUP1_ARCHS4_PEARSON","ZUP1","5","298","0.28060000000000001607602939657226670533418655395507812500000000000000000000000000000000000000000000000000000000000000000000000000000000000000000000","1.00000000000000000000000000000000000000000000000000000000000000000000000000000000000000000000000000000000000000000000000000000000000000000000000000000000000","1.429000000000000","ARCHS4--Coexpression","MAD2L1,VRK1,HMGB1,SUN2,DBF4"
"DEG_HMVL_ALL","307","0.188599999999999990","ZNF774_ARCHS4_PEARSON","ZNF774","5","298","0.28060000000000001607602939657226670533418655395507812500000000000000000000000000000000000000000000000000000000000000000000000000000000000000000000","1.00000000000000000000000000000000000000000000000000000000000000000000000000000000000000000000000000000000000000000000000000000000000000000000000000000000000","1.429000000000000","ARCHS4--Coexpression","FAM227A,TRMT9B,RNFT2,PKD1L2,ACKR2"
"DEG_HMVL_ALL","308","0.189200000000000007","SMAD5_ARCHS4_PEARSON","SMAD5","5","298","0.28060000000000001607602939657226670533418655395507812500000000000000000000000000000000000000000000000000000000000000000000000000000000000000000000","1.00000000000000000000000000000000000000000000000000000000000000000000000000000000000000000000000000000000000000000000000000000000000000000000000000000000000","1.429000000000000","ARCHS4--Coexpression","KIF11,DEPDC1,ECT2,SUN2,ASPM"
"DEG_HMVL_ALL","309","0.189799999999999996","ZNF616_ARCHS4_PEARSON","ZNF616","5","298","0.28060000000000001607602939657226670533418655395507812500000000000000000000000000000000000000000000000000000000000000000000000000000000000000000000","1.00000000000000000000000000000000000000000000000000000000000000000000000000000000000000000000000000000000000000000000000000000000000000000000000000000000000","1.429000000000000","ARCHS4--Coexpression","SPC25,FAM227A,SUN2,RNFT2,PKD1L2"
"DEG_HMVL_ALL","310","0.190400000000000014","KIN_ARCHS4_PEARSON","KIN","5","298","0.28060000000000001607602939657226670533418655395507812500000000000000000000000000000000000000000000000000000000000000000000000000000000000000000000","1.00000000000000000000000000000000000000000000000000000000000000000000000000000000000000000000000000000000000000000000000000000000000000000000000000000000000","1.429000000000000","ARCHS4--Coexpression","SKA1,SPC25,FAM227A,RNFT2,PKD1L2"
"DEG_HMVL_ALL","311","0.191000000000000003","ZNF492_ARCHS4_PEARSON","ZNF492","5","298","0.28060000000000001607602939657226670533418655395507812500000000000000000000000000000000000000000000000000000000000000000000000000000000000000000000","1.00000000000000000000000000000000000000000000000000000000000000000000000000000000000000000000000000000000000000000000000000000000000000000000000000000000000","1.429000000000000","ARCHS4--Coexpression","SKA1,FAM227A,TRMT9B,RNFT2,PKD1L2"
"DEG_HMVL_ALL","312","0.191599999999999993","THAP11_ARCHS4_PEARSON","THAP11","5","298","0.28060000000000001607602939657226670533418655395507812500000000000000000000000000000000000000000000000000000000000000000000000000000000000000000000","1.00000000000000000000000000000000000000000000000000000000000000000000000000000000000000000000000000000000000000000000000000000000000000000000000000000000000","1.429000000000000","ARCHS4--Coexpression","FEN1,DTYMK,TACC3,SUN2,PBXIP1"
"DEG_HMVL_ALL","313","0.192299999999999999","ZNF280D_ARCHS4_PEARSON","ZNF280D","5","299","0.28279999999999999582556142740941140800714492797851562500000000000000000000000000000000000000000000000000000000000000000000000000000000000000000000","1.00000000000000000000000000000000000000000000000000000000000000000000000000000000000000000000000000000000000000000000000000000000000000000000000000000000000","1.424000000000000","ARCHS4--Coexpression","FAM227A,TRMT9B,LMNB2,TMEM45A,PKD1L2"
"DEG_HMVL_ALL","314","0.192899999999999988","RORA_ARCHS4_PEARSON","RORA","5","299","0.28279999999999999582556142740941140800714492797851562500000000000000000000000000000000000000000000000000000000000000000000000000000000000000000000","1.00000000000000000000000000000000000000000000000000000000000000000000000000000000000000000000000000000000000000000000000000000000000000000000000000000000000","1.424000000000000","ARCHS4--Coexpression","TPX2,TUBA1B,LMNB2,SUN2,TMEM45A"
"DEG_HMVL_ALL","315","0.193500000000000005","ZNF519_ARCHS4_PEARSON","ZNF519","5","299","0.28279999999999999582556142740941140800714492797851562500000000000000000000000000000000000000000000000000000000000000000000000000000000000000000000","1.00000000000000000000000000000000000000000000000000000000000000000000000000000000000000000000000000000000000000000000000000000000000000000000000000000000000","1.424000000000000","ARCHS4--Coexpression","FAM227A,TRMT9B,TMEM45A,RNFT2,PKD1L2"
"DEG_HMVL_ALL","316","0.194099999999999995","ZNF780B_ARCHS4_PEARSON","ZNF780B","5","299","0.28279999999999999582556142740941140800714492797851562500000000000000000000000000000000000000000000000000000000000000000000000000000000000000000000","1.00000000000000000000000000000000000000000000000000000000000000000000000000000000000000000000000000000000000000000000000000000000000000000000000000000000000","1.424000000000000","ARCHS4--Coexpression","FAM227A,TRMT9B,TMEM45A,RNFT2,PKD1L2"
"DEG_HMVL_ALL","317","0.194700000000000012","ZNF765_ARCHS4_PEARSON","ZNF765","5","299","0.28279999999999999582556142740941140800714492797851562500000000000000000000000000000000000000000000000000000000000000000000000000000000000000000000","1.00000000000000000000000000000000000000000000000000000000000000000000000000000000000000000000000000000000000000000000000000000000000000000000000000000000000","1.424000000000000","ARCHS4--Coexpression","SPC25,FAM227A,RNFT2,PKD1L2,ACKR2"
"DEG_HMVL_ALL","318","0.195300000000000001","ZNF470_ARCHS4_PEARSON","ZNF470","5","299","0.28279999999999999582556142740941140800714492797851562500000000000000000000000000000000000000000000000000000000000000000000000000000000000000000000","1.00000000000000000000000000000000000000000000000000000000000000000000000000000000000000000000000000000000000000000000000000000000000000000000000000000000000","1.424000000000000","ARCHS4--Coexpression","ZNF233,FAM227A,TRMT9B,RNFT2,PKD1L2"
"DEG_HMVL_ALL","319","0.195899999999999991","ZNF735_ARCHS4_PEARSON","ZNF735","5","299","0.28279999999999999582556142740941140800714492797851562500000000000000000000000000000000000000000000000000000000000000000000000000000000000000000000","1.00000000000000000000000000000000000000000000000000000000000000000000000000000000000000000000000000000000000000000000000000000000000000000000000000000000000","1.424000000000000","ARCHS4--Coexpression","DDIAS,CENPA,CCNB1,UBE2C,RRM2"
"DEG_HMVL_ALL","320","0.196599999999999997","ZNF26_ARCHS4_PEARSON","ZNF26","5","299","0.28279999999999999582556142740941140800714492797851562500000000000000000000000000000000000000000000000000000000000000000000000000000000000000000000","1.00000000000000000000000000000000000000000000000000000000000000000000000000000000000000000000000000000000000000000000000000000000000000000000000000000000000","1.424000000000000","ARCHS4--Coexpression","SPC25,FAM227A,TMEM45A,RNFT2,PKD1L2"
"DEG_HMVL_ALL","321","0.197199999999999986","ZFP69B_ARCHS4_PEARSON","ZFP69B","5","299","0.28279999999999999582556142740941140800714492797851562500000000000000000000000000000000000000000000000000000000000000000000000000000000000000000000","1.00000000000000000000000000000000000000000000000000000000000000000000000000000000000000000000000000000000000000000000000000000000000000000000000000000000000","1.424000000000000","ARCHS4--Coexpression","DLGAP5,KIF2C,BUB1B,EXO1,CCNA2"
"DEG_HMVL_ALL","322","0.197800000000000004","ZNF264_ARCHS4_PEARSON","ZNF264","5","299","0.28279999999999999582556142740941140800714492797851562500000000000000000000000000000000000000000000000000000000000000000000000000000000000000000000","1.00000000000000000000000000000000000000000000000000000000000000000000000000000000000000000000000000000000000000000000000000000000000000000000000000000000000","1.424000000000000","ARCHS4--Coexpression","FAM227A,TRMT9B,TMEM45A,RNFT2,PKD1L2"
"DEG_HMVL_ALL","323","0.198399999999999993","ZNF471_ARCHS4_PEARSON","ZNF471","5","299","0.28279999999999999582556142740941140800714492797851562500000000000000000000000000000000000000000000000000000000000000000000000000000000000000000000","1.00000000000000000000000000000000000000000000000000000000000000000000000000000000000000000000000000000000000000000000000000000000000000000000000000000000000","1.424000000000000","ARCHS4--Coexpression","FAM227A,TRMT9B,TMEM45A,RNFT2,PKD1L2"
"DEG_HMVL_ALL","324","0.199000000000000010","ZNF585A_ARCHS4_PEARSON","ZNF585A","5","299","0.28279999999999999582556142740941140800714492797851562500000000000000000000000000000000000000000000000000000000000000000000000000000000000000000000","1.00000000000000000000000000000000000000000000000000000000000000000000000000000000000000000000000000000000000000000000000000000000000000000000000000000000000","1.424000000000000","ARCHS4--Coexpression","ZNF233,FAM227A,LMNB2,RNFT2,PKD1L2"
"DEG_HMVL_ALL","325","0.199600000000000000","ZNF562_ARCHS4_PEARSON","ZNF562","5","299","0.28279999999999999582556142740941140800714492797851562500000000000000000000000000000000000000000000000000000000000000000000000000000000000000000000","1.00000000000000000000000000000000000000000000000000000000000000000000000000000000000000000000000000000000000000000000000000000000000000000000000000000000000","1.424000000000000","ARCHS4--Coexpression","FAM227A,TRMT9B,TMEM45A,RNFT2,PKD1L2"
"DEG_HMVL_ALL","326","0.200199999999999989","ZNF766_ARCHS4_PEARSON","ZNF766","5","299","0.28279999999999999582556142740941140800714492797851562500000000000000000000000000000000000000000000000000000000000000000000000000000000000000000000","1.00000000000000000000000000000000000000000000000000000000000000000000000000000000000000000000000000000000000000000000000000000000000000000000000000000000000","1.424000000000000","ARCHS4--Coexpression","SPC25,MR1,FAM227A,RNFT2,PKD1L2"
"DEG_HMVL_ALL","327","0.200899999999999995","POU5F2_ARCHS4_PEARSON","POU5F2","5","299","0.28279999999999999582556142740941140800714492797851562500000000000000000000000000000000000000000000000000000000000000000000000000000000000000000000","1.00000000000000000000000000000000000000000000000000000000000000000000000000000000000000000000000000000000000000000000000000000000000000000000000000000000000","1.424000000000000","ARCHS4--Coexpression","FAM227A,TRMT9B,TMEM45A,RNFT2,PKD1L2"
"DEG_HMVL_ALL","328","0.201500000000000012","REPIN1_ARCHS4_PEARSON","REPIN1","5","299","0.28279999999999999582556142740941140800714492797851562500000000000000000000000000000000000000000000000000000000000000000000000000000000000000000000","1.00000000000000000000000000000000000000000000000000000000000000000000000000000000000000000000000000000000000000000000000000000000000000000000000000000000000","1.424000000000000","ARCHS4--Coexpression","INCENP,KIFC1,RECQL4,LMNB2,SAPCD2"
"DEG_HMVL_ALL","329","0.202100000000000002","JUND_ARCHS4_PEARSON","JUND","5","299","0.28279999999999999582556142740941140800714492797851562500000000000000000000000000000000000000000000000000000000000000000000000000000000000000000000","1.00000000000000000000000000000000000000000000000000000000000000000000000000000000000000000000000000000000000000000000000000000000000000000000000000000000000","1.424000000000000","ARCHS4--Coexpression","CDKN1B,ANO9,IDUA,SUN2,PBXIP1"
"DEG_HMVL_ALL","330","0.202699999999999991","ZNF431_ARCHS4_PEARSON","ZNF431","5","299","0.28279999999999999582556142740941140800714492797851562500000000000000000000000000000000000000000000000000000000000000000000000000000000000000000000","1.00000000000000000000000000000000000000000000000000000000000000000000000000000000000000000000000000000000000000000000000000000000000000000000000000000000000","1.424000000000000","ARCHS4--Coexpression","SPC25,FAM227A,TMEM45A,RNFT2,PKD1L2"
"DEG_HMVL_ALL","331","0.203300000000000008","ZNF639_ARCHS4_PEARSON","ZNF639","5","299","0.28279999999999999582556142740941140800714492797851562500000000000000000000000000000000000000000000000000000000000000000000000000000000000000000000","1.00000000000000000000000000000000000000000000000000000000000000000000000000000000000000000000000000000000000000000000000000000000000000000000000000000000000","1.424000000000000","ARCHS4--Coexpression","SKA1,SPC25,FAM227A,RNFT2,PKD1L2"
"DEG_HMVL_ALL","332","0.203899999999999998","ZSCAN22_ARCHS4_PEARSON","ZSCAN22","5","299","0.28279999999999999582556142740941140800714492797851562500000000000000000000000000000000000000000000000000000000000000000000000000000000000000000000","1.00000000000000000000000000000000000000000000000000000000000000000000000000000000000000000000000000000000000000000000000000000000000000000000000000000000000","1.424000000000000","ARCHS4--Coexpression","SKA1,SPC25,FAM227A,RNFT2,PKD1L2"
"DEG_HMVL_ALL","333","0.204499999999999987","MZF1_ARCHS4_PEARSON","MZF1","5","299","0.28279999999999999582556142740941140800714492797851562500000000000000000000000000000000000000000000000000000000000000000000000000000000000000000000","1.00000000000000000000000000000000000000000000000000000000000000000000000000000000000000000000000000000000000000000000000000000000000000000000000000000000000","1.424000000000000","ARCHS4--Coexpression","IDUA,RECQL4,PNPLA7,TTLL3,DNAH1"
"DEG_HMVL_ALL","334","0.205199999999999994","TBX19_ARCHS4_PEARSON","TBX19","5","299","0.28279999999999999582556142740941140800714492797851562500000000000000000000000000000000000000000000000000000000000000000000000000000000000000000000","1.00000000000000000000000000000000000000000000000000000000000000000000000000000000000000000000000000000000000000000000000000000000000000000000000000000000000","1.424000000000000","ARCHS4--Coexpression","ZNF233,FAM227A,LMNB2,PKD1L2,ACKR2"
"DEG_HMVL_ALL","335","0.205800000000000011","ZBTB26_ARCHS4_PEARSON","ZBTB26","5","299","0.28279999999999999582556142740941140800714492797851562500000000000000000000000000000000000000000000000000000000000000000000000000000000000000000000","1.00000000000000000000000000000000000000000000000000000000000000000000000000000000000000000000000000000000000000000000000000000000000000000000000000000000000","1.424000000000000","ARCHS4--Coexpression","SMC4,TMPO,RAD21,NCAPG2,TTK"
"DEG_HMVL_ALL","336","0.206400000000000000","L3MBTL1_ARCHS4_PEARSON","L3MBTL1","5","299","0.28279999999999999582556142740941140800714492797851562500000000000000000000000000000000000000000000000000000000000000000000000000000000000000000000","1.00000000000000000000000000000000000000000000000000000000000000000000000000000000000000000000000000000000000000000000000000000000000000000000000000000000000","1.424000000000000","ARCHS4--Coexpression","SGSM1,FAM227A,TRMT9B,RNFT2,PKD1L2"
"DEG_HMVL_ALL","337","0.206999999999999990","ZNF346_ARCHS4_PEARSON","ZNF346","5","299","0.28279999999999999582556142740941140800714492797851562500000000000000000000000000000000000000000000000000000000000000000000000000000000000000000000","1.00000000000000000000000000000000000000000000000000000000000000000000000000000000000000000000000000000000000000000000000000000000000000000000000000000000000","1.424000000000000","ARCHS4--Coexpression","SUV39H1,SPC24,FAM227A,PKD1L2,RNF26"
"DEG_HMVL_ALL","338","0.207600000000000007","BCL11B_ARCHS4_PEARSON","BCL11B","5","299","0.28279999999999999582556142740941140800714492797851562500000000000000000000000000000000000000000000000000000000000000000000000000000000000000000000","1.00000000000000000000000000000000000000000000000000000000000000000000000000000000000000000000000000000000000000000000000000000000000000000000000000000000000","1.424000000000000","ARCHS4--Coexpression","NUDT3,CDKN1B,CNTRL,SUN2,PBXIP1"
"DEG_HMVL_ALL","339","0.208199999999999996","ZBTB8B_ARCHS4_PEARSON","ZBTB8B","5","299","0.28279999999999999582556142740941140800714492797851562500000000000000000000000000000000000000000000000000000000000000000000000000000000000000000000","1.00000000000000000000000000000000000000000000000000000000000000000000000000000000000000000000000000000000000000000000000000000000000000000000000000000000000","1.424000000000000","ARCHS4--Coexpression","SPC25,FAM227A,TRMT9B,RNFT2,PKD1L2"
"DEG_HMVL_ALL","340","0.208800000000000013","BCL11A_ARCHS4_PEARSON","BCL11A","5","299","0.28279999999999999582556142740941140800714492797851562500000000000000000000000000000000000000000000000000000000000000000000000000000000000000000000","1.00000000000000000000000000000000000000000000000000000000000000000000000000000000000000000000000000000000000000000000000000000000000000000000000000000000000","1.424000000000000","ARCHS4--Coexpression","NUDT3,TRMT9B,HMGB1,SHANK2,RNFT2"
"DEG_HMVL_ALL","341","0.209499999999999992","HMBOX1_ARCHS4_PEARSON","HMBOX1","5","299","0.28279999999999999582556142740941140800714492797851562500000000000000000000000000000000000000000000000000000000000000000000000000000000000000000000","1.00000000000000000000000000000000000000000000000000000000000000000000000000000000000000000000000000000000000000000000000000000000000000000000000000000000000","1.424000000000000","ARCHS4--Coexpression","TK1,TUBB4B,CEP128,LMNB2,RNFT2"
"DEG_HMVL_ALL","342","0.210100000000000009","CENPT_ARCHS4_PEARSON","CENPT","5","299","0.28279999999999999582556142740941140800714492797851562500000000000000000000000000000000000000000000000000000000000000000000000000000000000000000000","1.00000000000000000000000000000000000000000000000000000000000000000000000000000000000000000000000000000000000000000000000000000000000000000000000000000000000","1.424000000000000","ARCHS4--Coexpression","IDUA,TACC3,CALCOCO1,SUN2,PBXIP1"
"DEG_HMVL_ALL","343","0.210699999999999998","ZNF544_ARCHS4_PEARSON","ZNF544","5","299","0.28279999999999999582556142740941140800714492797851562500000000000000000000000000000000000000000000000000000000000000000000000000000000000000000000","1.00000000000000000000000000000000000000000000000000000000000000000000000000000000000000000000000000000000000000000000000000000000000000000000000000000000000","1.424000000000000","ARCHS4--Coexpression","SKA1,SPC24,FAM227A,RNFT2,PKD1L2"
"DEG_HMVL_ALL","344","0.211299999999999988","ZFP14_ARCHS4_PEARSON","ZFP14","5","299","0.28279999999999999582556142740941140800714492797851562500000000000000000000000000000000000000000000000000000000000000000000000000000000000000000000","1.00000000000000000000000000000000000000000000000000000000000000000000000000000000000000000000000000000000000000000000000000000000000000000000000000000000000","1.424000000000000","ARCHS4--Coexpression","FAM227A,TRMT9B,LMNB2,RNFT2,PKD1L2"
"DEG_HMVL_ALL","345","0.211900000000000005","ZSCAN30_ARCHS4_PEARSON","ZSCAN30","5","299","0.28279999999999999582556142740941140800714492797851562500000000000000000000000000000000000000000000000000000000000000000000000000000000000000000000","1.00000000000000000000000000000000000000000000000000000000000000000000000000000000000000000000000000000000000000000000000000000000000000000000000000000000000","1.424000000000000","ARCHS4--Coexpression","FAM227A,TRMT9B,TMEM45A,RNFT2,PKD1L2"
"DEG_HMVL_ALL","346","0.212499999999999994","ZNF273_ARCHS4_PEARSON","ZNF273","5","299","0.28279999999999999582556142740941140800714492797851562500000000000000000000000000000000000000000000000000000000000000000000000000000000000000000000","1.00000000000000000000000000000000000000000000000000000000000000000000000000000000000000000000000000000000000000000000000000000000000000000000000000000000000","1.424000000000000","ARCHS4--Coexpression","FAM227A,TRMT9B,TMEM45A,RNFT2,PKD1L2"
"DEG_HMVL_ALL","347","0.213100000000000012","DUXA_ARCHS4_PEARSON","DUXA","5","299","0.28279999999999999582556142740941140800714492797851562500000000000000000000000000000000000000000000000000000000000000000000000000000000000000000000","1.00000000000000000000000000000000000000000000000000000000000000000000000000000000000000000000000000000000000000000000000000000000000000000000000000000000000","1.424000000000000","ARCHS4--Coexpression","DDIAS,CENPA,CCNB1,UBE2C,RRM2"
"DEG_HMVL_ALL","348","0.213799999999999990","NFIA_ARCHS4_PEARSON","NFIA","5","299","0.28279999999999999582556142740941140800714492797851562500000000000000000000000000000000000000000000000000000000000000000000000000000000000000000000","1.00000000000000000000000000000000000000000000000000000000000000000000000000000000000000000000000000000000000000000000000000000000000000000000000000000000000","1.424000000000000","ARCHS4--Coexpression","NUDT3,TRMT9B,HMGB1,SHANK2,RNFT2"
"DEG_HMVL_ALL","349","0.214400000000000007","ZNF655_ARCHS4_PEARSON","ZNF655","5","299","0.28279999999999999582556142740941140800714492797851562500000000000000000000000000000000000000000000000000000000000000000000000000000000000000000000","1.00000000000000000000000000000000000000000000000000000000000000000000000000000000000000000000000000000000000000000000000000000000000000000000000000000000000","1.424000000000000","ARCHS4--Coexpression","TUBA1B,TTLL3,UBE2T,CKS1B,SUN2"
"DEG_HMVL_ALL","350","0.214999999999999997","ZNF740_ARCHS4_PEARSON","ZNF740","5","299","0.28279999999999999582556142740941140800714492797851562500000000000000000000000000000000000000000000000000000000000000000000000000000000000000000000","1.00000000000000000000000000000000000000000000000000000000000000000000000000000000000000000000000000000000000000000000000000000000000000000000000000000000000","1.424000000000000","ARCHS4--Coexpression","CDKN1B,INCENP,RECQL4,SUN2,PBXIP1"
"DEG_HMVL_ALL","351","0.215600000000000014","ZNF610_ARCHS4_PEARSON","ZNF610","5","299","0.28279999999999999582556142740941140800714492797851562500000000000000000000000000000000000000000000000000000000000000000000000000000000000000000000","1.00000000000000000000000000000000000000000000000000000000000000000000000000000000000000000000000000000000000000000000000000000000000000000000000000000000000","1.424000000000000","ARCHS4--Coexpression","INCENP,FAM227A,LMNB2,RNFT2,PKD1L2"
"DEG_HMVL_ALL","352","0.216200000000000003","ZNF22_ARCHS4_PEARSON","ZNF22","5","299","0.28279999999999999582556142740941140800714492797851562500000000000000000000000000000000000000000000000000000000000000000000000000000000000000000000","1.00000000000000000000000000000000000000000000000000000000000000000000000000000000000000000000000000000000000000000000000000000000000000000000000000000000000","1.424000000000000","ARCHS4--Coexpression","CKS2,MAD2L1,VRK1,HMGB1,CKS1B"
"DEG_HMVL_ALL","353","0.216799999999999993","MESP1_ARCHS4_PEARSON","MESP1","5","299","0.28279999999999999582556142740941140800714492797851562500000000000000000000000000000000000000000000000000000000000000000000000000000000000000000000","1.00000000000000000000000000000000000000000000000000000000000000000000000000000000000000000000000000000000000000000000000000000000000000000000000000000000000","1.424000000000000","ARCHS4--Coexpression","TMEM178A,LTB4R2,UBE2S,UBE2T,SAPCD2"
"DEG_HMVL_ALL","354","0.217400000000000010","ZNF8_ARCHS4_PEARSON","ZNF8","5","299","0.28279999999999999582556142740941140800714492797851562500000000000000000000000000000000000000000000000000000000000000000000000000000000000000000000","1.00000000000000000000000000000000000000000000000000000000000000000000000000000000000000000000000000000000000000000000000000000000000000000000000000000000000","1.424000000000000","ARCHS4--Coexpression","SPC25,FAM227A,TRMT9B,RNFT2,PKD1L2"
"DEG_HMVL_ALL","355","0.218099999999999988","ELF2_ARCHS4_PEARSON","ELF2","5","299","0.28279999999999999582556142740941140800714492797851562500000000000000000000000000000000000000000000000000000000000000000000000000000000000000000000","1.00000000000000000000000000000000000000000000000000000000000000000000000000000000000000000000000000000000000000000000000000000000000000000000000000000000000","1.424000000000000","ARCHS4--Coexpression","TUBB4B,FAM227A,LMNB2,PKD1L2,SCLT1"
"DEG_HMVL_ALL","356","0.218700000000000006","ZNF621_ARCHS4_PEARSON","ZNF621","5","299","0.28279999999999999582556142740941140800714492797851562500000000000000000000000000000000000000000000000000000000000000000000000000000000000000000000","1.00000000000000000000000000000000000000000000000000000000000000000000000000000000000000000000000000000000000000000000000000000000000000000000000000000000000","1.424000000000000","ARCHS4--Coexpression","FAM227A,TRMT9B,TMEM45A,RNFT2,PKD1L2"
"DEG_HMVL_ALL","357","0.219299999999999995","ZNF384_ARCHS4_PEARSON","ZNF384","5","299","0.28279999999999999582556142740941140800714492797851562500000000000000000000000000000000000000000000000000000000000000000000000000000000000000000000","1.00000000000000000000000000000000000000000000000000000000000000000000000000000000000000000000000000000000000000000000000000000000000000000000000000000000000","1.424000000000000","ARCHS4--Coexpression","INCENP,NCAPD2,FOXM1,LMNB2,SUN2"
"DEG_HMVL_ALL","358","0.219900000000000012","ZSCAN32_ARCHS4_PEARSON","ZSCAN32","5","299","0.28279999999999999582556142740941140800714492797851562500000000000000000000000000000000000000000000000000000000000000000000000000000000000000000000","1.00000000000000000000000000000000000000000000000000000000000000000000000000000000000000000000000000000000000000000000000000000000000000000000000000000000000","1.424000000000000","ARCHS4--Coexpression","CDCA5,KIF22,CENPO,BORA,VRK1"
"DEG_HMVL_ALL","359","0.220500000000000002","SKOR2_ARCHS4_PEARSON","SKOR2","5","299","0.28279999999999999582556142740941140800714492797851562500000000000000000000000000000000000000000000000000000000000000000000000000000000000000000000","1.00000000000000000000000000000000000000000000000000000000000000000000000000000000000000000000000000000000000000000000000000000000000000000000000000000000000","1.424000000000000","ARCHS4--Coexpression","CCNF,INCENP,NPAS1,ARHGAP33,LMNB2"
"DEG_HMVL_ALL","360","0.221099999999999991","ONECUT3_ARCHS4_PEARSON","ONECUT3","5","299","0.28279999999999999582556142740941140800714492797851562500000000000000000000000000000000000000000000000000000000000000000000000000000000000000000000","1.00000000000000000000000000000000000000000000000000000000000000000000000000000000000000000000000000000000000000000000000000000000000000000000000000000000000","1.424000000000000","ARCHS4--Coexpression","FAM227A,TRMT9B,RNFT2,PKD1L2,ACKR2"
"DEG_HMVL_ALL","361","0.221700000000000008","ZNF83_ARCHS4_PEARSON","ZNF83","5","299","0.28279999999999999582556142740941140800714492797851562500000000000000000000000000000000000000000000000000000000000000000000000000000000000000000000","1.00000000000000000000000000000000000000000000000000000000000000000000000000000000000000000000000000000000000000000000000000000000000000000000000000000000000","1.424000000000000","ARCHS4--Coexpression","FAM227A,TRMT9B,LMNB2,RNFT2,PKD1L2"
"DEG_HMVL_ALL","362","0.222399999999999987","HOXD9_ARCHS4_PEARSON","HOXD9","5","300","0.28510000000000002007283228522283025085926055908203125000000000000000000000000000000000000000000000000000000000000000000000000000000000000000000000","1.00000000000000000000000000000000000000000000000000000000000000000000000000000000000000000000000000000000000000000000000000000000000000000000000000000000000","1.419000000000000","ARCHS4--Coexpression","IQGAP3,RECQL4,UBE2S,FOXM1,LMNB2"
"DEG_HMVL_ALL","363","0.223000000000000004","ZNF703_ARCHS4_PEARSON","ZNF703","5","300","0.28510000000000002007283228522283025085926055908203125000000000000000000000000000000000000000000000000000000000000000000000000000000000000000000000","1.00000000000000000000000000000000000000000000000000000000000000000000000000000000000000000000000000000000000000000000000000000000000000000000000000000000000","1.419000000000000","ARCHS4--Coexpression","INCENP,RECQL4,UBE2S,LMNB2,SAPCD2"
"DEG_HMVL_ALL","364","0.223599999999999993","ZNF79_ARCHS4_PEARSON","ZNF79","5","300","0.28510000000000002007283228522283025085926055908203125000000000000000000000000000000000000000000000000000000000000000000000000000000000000000000000","1.00000000000000000000000000000000000000000000000000000000000000000000000000000000000000000000000000000000000000000000000000000000000000000000000000000000000","1.419000000000000","ARCHS4--Coexpression","CCNF,DDX39A,CDCA8,RECQL4,ARHGAP11B"
"DEG_HMVL_ALL","365","0.224200000000000010","MEF2B_ARCHS4_PEARSON","MEF2B","5","300","0.28510000000000002007283228522283025085926055908203125000000000000000000000000000000000000000000000000000000000000000000000000000000000000000000000","1.00000000000000000000000000000000000000000000000000000000000000000000000000000000000000000000000000000000000000000000000000000000000000000000000000000000000","1.419000000000000","ARCHS4--Coexpression","IZUMO4,INCENP,KIFC1,TACC3,NCAPD2"
"DEG_HMVL_ALL","366","0.224800000000000000","ZKSCAN4_ARCHS4_PEARSON","ZKSCAN4","5","300","0.28510000000000002007283228522283025085926055908203125000000000000000000000000000000000000000000000000000000000000000000000000000000000000000000000","1.00000000000000000000000000000000000000000000000000000000000000000000000000000000000000000000000000000000000000000000000000000000000000000000000000000000000","1.419000000000000","ARCHS4--Coexpression","HASPIN,CNTRL,TACC3,TRMT9B,CDC45"
"DEG_HMVL_ALL","367","0.225399999999999989","ZNF626_ARCHS4_PEARSON","ZNF626","5","300","0.28510000000000002007283228522283025085926055908203125000000000000000000000000000000000000000000000000000000000000000000000000000000000000000000000","1.00000000000000000000000000000000000000000000000000000000000000000000000000000000000000000000000000000000000000000000000000000000000000000000000000000000000","1.419000000000000","ARCHS4--Coexpression","INCENP,FAM227A,LMNB2,RNFT2,PKD1L2"
"DEG_HMVL_ALL","368","0.226000000000000006","ZNF296_ARCHS4_PEARSON","ZNF296","5","300","0.28510000000000002007283228522283025085926055908203125000000000000000000000000000000000000000000000000000000000000000000000000000000000000000000000","1.00000000000000000000000000000000000000000000000000000000000000000000000000000000000000000000000000000000000000000000000000000000000000000000000000000000000","1.419000000000000","ARCHS4--Coexpression","HASPIN,DDX39A,TACC3,BCL2L12,RAD51"
"DEG_HMVL_ALL","369","0.226700000000000013","TLX3_ARCHS4_PEARSON","TLX3","5","300","0.28510000000000002007283228522283025085926055908203125000000000000000000000000000000000000000000000000000000000000000000000000000000000000000000000","1.00000000000000000000000000000000000000000000000000000000000000000000000000000000000000000000000000000000000000000000000000000000000000000000000000000000000","1.419000000000000","ARCHS4--Coexpression","INCENP,RECQL4,TCOF1,TRIP13,UBE2S"
"DEG_HMVL_ALL","370","0.227300000000000002","ZNF117_ARCHS4_PEARSON","ZNF117","5","300","0.28510000000000002007283228522283025085926055908203125000000000000000000000000000000000000000000000000000000000000000000000000000000000000000000000","1.00000000000000000000000000000000000000000000000000000000000000000000000000000000000000000000000000000000000000000000000000000000000000000000000000000000000","1.419000000000000","ARCHS4--Coexpression","TK1,TUBB4B,UBE2S,LMNB2,TMEM45A"
"DEG_HMVL_ALL","371","0.227899999999999991","HOXC6_ARCHS4_PEARSON","HOXC6","5","300","0.28510000000000002007283228522283025085926055908203125000000000000000000000000000000000000000000000000000000000000000000000000000000000000000000000","1.00000000000000000000000000000000000000000000000000000000000000000000000000000000000000000000000000000000000000000000000000000000000000000000000000000000000","1.419000000000000","ARCHS4--Coexpression","IQGAP3,UBE2S,FOXM1,LMNB2,SAPCD2"
"DEG_HMVL_ALL","372","0.228500000000000009","FOXH1_ARCHS4_PEARSON","FOXH1","5","300","0.28510000000000002007283228522283025085926055908203125000000000000000000000000000000000000000000000000000000000000000000000000000000000000000000000","1.00000000000000000000000000000000000000000000000000000000000000000000000000000000000000000000000000000000000000000000000000000000000000000000000000000000000","1.419000000000000","ARCHS4--Coexpression","PIF1,SKA3,MIS18A,DNMT3B,NCALD"
"DEG_HMVL_ALL","373","0.229099999999999998","DMRT1_ARCHS4_PEARSON","DMRT1","5","300","0.28510000000000002007283228522283025085926055908203125000000000000000000000000000000000000000000000000000000000000000000000000000000000000000000000","1.00000000000000000000000000000000000000000000000000000000000000000000000000000000000000000000000000000000000000000000000000000000000000000000000000000000000","1.419000000000000","ARCHS4--Coexpression","ESCO2,FAM83D,DNAH1,DNAH7,PKD1L2"
"DEG_HMVL_ALL","374","0.229699999999999988","ZKSCAN1_ARCHS4_PEARSON","ZKSCAN1","5","300","0.28510000000000002007283228522283025085926055908203125000000000000000000000000000000000000000000000000000000000000000000000000000000000000000000000","1.00000000000000000000000000000000000000000000000000000000000000000000000000000000000000000000000000000000000000000000000000000000000000000000000000000000000","1.419000000000000","ARCHS4--Coexpression","DDX39A,ABCA5,TK1,FAM227A,TMEM45A"
"DEG_HMVL_ALL","375","0.230300000000000005","TEAD2_ARCHS4_PEARSON","TEAD2","5","300","0.28510000000000002007283228522283025085926055908203125000000000000000000000000000000000000000000000000000000000000000000000000000000000000000000000","1.00000000000000000000000000000000000000000000000000000000000000000000000000000000000000000000000000000000000000000000000000000000000000000000000000000000000","1.419000000000000","ARCHS4--Coexpression","KIFC1,BUB1B,FOXM1,LMNB2,DNMT3B"
"DEG_HMVL_ALL","376","0.231000000000000011","ZNF282_ARCHS4_PEARSON","ZNF282","5","300","0.28510000000000002007283228522283025085926055908203125000000000000000000000000000000000000000000000000000000000000000000000000000000000000000000000","1.00000000000000000000000000000000000000000000000000000000000000000000000000000000000000000000000000000000000000000000000000000000000000000000000000000000000","1.419000000000000","ARCHS4--Coexpression","INCENP,KIFC1,RECQL4,NCAPD2,LMNB2"
"DEG_HMVL_ALL","377","0.231600000000000000","ZNF503_ARCHS4_PEARSON","ZNF503","5","300","0.28510000000000002007283228522283025085926055908203125000000000000000000000000000000000000000000000000000000000000000000000000000000000000000000000","1.00000000000000000000000000000000000000000000000000000000000000000000000000000000000000000000000000000000000000000000000000000000000000000000000000000000000","1.419000000000000","ARCHS4--Coexpression","INCENP,TCOF1,KIF18B,UBE2S,LMNB2"
"DEG_HMVL_ALL","378","0.232199999999999990","ZNF763_ARCHS4_PEARSON","ZNF763","5","300","0.28510000000000002007283228522283025085926055908203125000000000000000000000000000000000000000000000000000000000000000000000000000000000000000000000","1.00000000000000000000000000000000000000000000000000000000000000000000000000000000000000000000000000000000000000000000000000000000000000000000000000000000000","1.419000000000000","ARCHS4--Coexpression","INCENP,FAM227A,LMNB2,RNFT2,PKD1L2"
"DEG_HMVL_ALL","379","0.232800000000000007","ZNF596_ARCHS4_PEARSON","ZNF596","5","300","0.28510000000000002007283228522283025085926055908203125000000000000000000000000000000000000000000000000000000000000000000000000000000000000000000000","1.00000000000000000000000000000000000000000000000000000000000000000000000000000000000000000000000000000000000000000000000000000000000000000000000000000000000","1.419000000000000","ARCHS4--Coexpression","FAM227A,TRMT9B,LMNB2,RNFT2,PKD1L2"
"DEG_HMVL_ALL","380","0.233399999999999996","RBSN_ARCHS4_PEARSON","RBSN","5","300","0.28510000000000002007283228522283025085926055908203125000000000000000000000000000000000000000000000000000000000000000000000000000000000000000000000","1.00000000000000000000000000000000000000000000000000000000000000000000000000000000000000000000000000000000000000000000000000000000000000000000000000000000000","1.419000000000000","ARCHS4--Coexpression","NUDT3,FAM227A,TRMT9B,RNFT2,PKD1L2"
"DEG_HMVL_ALL","381","0.234000000000000014","RFX3_ARCHS4_PEARSON","RFX3","5","300","0.28510000000000002007283228522283025085926055908203125000000000000000000000000000000000000000000000000000000000000000000000000000000000000000000000","1.00000000000000000000000000000000000000000000000000000000000000000000000000000000000000000000000000000000000000000000000000000000000000000000000000000000000","1.419000000000000","ARCHS4--Coexpression","FAM227A,CCDC146,FHAD1,DNAH7,DNAH5"
"DEG_HMVL_ALL","382","0.234600000000000003","SALL1_ARCHS4_PEARSON","SALL1","5","300","0.28510000000000002007283228522283025085926055908203125000000000000000000000000000000000000000000000000000000000000000000000000000000000000000000000","1.00000000000000000000000000000000000000000000000000000000000000000000000000000000000000000000000000000000000000000000000000000000000000000000000000000000000","1.419000000000000","ARCHS4--Coexpression","PIMREG,HMGB1,DNMT3B,PSRC1,BUB1"
"DEG_HMVL_ALL","383","0.235300000000000009","ZNF48_ARCHS4_PEARSON","ZNF48","5","300","0.28510000000000002007283228522283025085926055908203125000000000000000000000000000000000000000000000000000000000000000000000000000000000000000000000","1.00000000000000000000000000000000000000000000000000000000000000000000000000000000000000000000000000000000000000000000000000000000000000000000000000000000000","1.419000000000000","ARCHS4--Coexpression","KIFC1,RECQL4,BCL2L12,UBE2S,LMNB2"
"DEG_HMVL_ALL","384","0.235899999999999999","NOBOX_ARCHS4_PEARSON","NOBOX","5","300","0.28510000000000002007283228522283025085926055908203125000000000000000000000000000000000000000000000000000000000000000000000000000000000000000000000","1.00000000000000000000000000000000000000000000000000000000000000000000000000000000000000000000000000000000000000000000000000000000000000000000000000000000000","1.419000000000000","ARCHS4--Coexpression","ESCO2,DLGAP5,TACC3,PTTG1,AURKA"
"DEG_HMVL_ALL","385","0.236499999999999988","ZNF559_ARCHS4_PEARSON","ZNF559","5","300","0.28510000000000002007283228522283025085926055908203125000000000000000000000000000000000000000000000000000000000000000000000000000000000000000000000","1.00000000000000000000000000000000000000000000000000000000000000000000000000000000000000000000000000000000000000000000000000000000000000000000000000000000000","1.419000000000000","ARCHS4--Coexpression","INCENP,FAM227A,LMNB2,RNFT2,PKD1L2"
"DEG_HMVL_ALL","386","0.237100000000000005","ZNF724_ARCHS4_PEARSON","ZNF724","5","300","0.28510000000000002007283228522283025085926055908203125000000000000000000000000000000000000000000000000000000000000000000000000000000000000000000000","1.00000000000000000000000000000000000000000000000000000000000000000000000000000000000000000000000000000000000000000000000000000000000000000000000000000000000","1.419000000000000","ARCHS4--Coexpression","SKA1,SPC25,FAM227A,RNFT2,PKD1L2"
"DEG_HMVL_ALL","387","0.237699999999999995","NR1H4_ARCHS4_PEARSON","NR1H4","5","300","0.28510000000000002007283228522283025085926055908203125000000000000000000000000000000000000000000000000000000000000000000000000000000000000000000000","1.00000000000000000000000000000000000000000000000000000000000000000000000000000000000000000000000000000000000000000000000000000000000000000000000000000000000","1.419000000000000","ARCHS4--Coexpression","MST1,DTYMK,PBLD,CKS1B,ABCC6"
"DEG_HMVL_ALL","388","0.238300000000000012","ZNF837_ARCHS4_PEARSON","ZNF837","5","300","0.28510000000000002007283228522283025085926055908203125000000000000000000000000000000000000000000000000000000000000000000000000000000000000000000000","1.00000000000000000000000000000000000000000000000000000000000000000000000000000000000000000000000000000000000000000000000000000000000000000000000000000000000","1.419000000000000","ARCHS4--Coexpression","IDUA,LIG1,UBE2S,SAPCD2,POC1A"
"DEG_HMVL_ALL","389","0.238900000000000001","RFX5_ARCHS4_PEARSON","RFX5","5","300","0.28510000000000002007283228522283025085926055908203125000000000000000000000000000000000000000000000000000000000000000000000000000000000000000000000","1.00000000000000000000000000000000000000000000000000000000000000000000000000000000000000000000000000000000000000000000000000000000000000000000000000000000000","1.419000000000000","ARCHS4--Coexpression","TMPO,INCENP,KIFC1,NCAPD2,LMNB2"
"DEG_HMVL_ALL","390","0.239600000000000007","TGIF2LX_ARCHS4_PEARSON","TGIF2LX","5","300","0.28510000000000002007283228522283025085926055908203125000000000000000000000000000000000000000000000000000000000000000000000000000000000000000000000","1.00000000000000000000000000000000000000000000000000000000000000000000000000000000000000000000000000000000000000000000000000000000000000000000000000000000000","1.419000000000000","ARCHS4--Coexpression","CDKN3,NEK2,TROAP,DNAH7,TAF5"
"DEG_HMVL_ALL","391","0.240199999999999997","FOXD4_ARCHS4_PEARSON","FOXD4","5","300","0.28510000000000002007283228522283025085926055908203125000000000000000000000000000000000000000000000000000000000000000000000000000000000000000000000","1.00000000000000000000000000000000000000000000000000000000000000000000000000000000000000000000000000000000000000000000000000000000000000000000000000000000000","1.419000000000000","ARCHS4--Coexpression","TUBA1C,RECQL4,UBE2S,LMNB2,SAPCD2"
"DEG_HMVL_ALL","392","0.240799999999999986","PKNOX2_ARCHS4_PEARSON","PKNOX2","5","300","0.28510000000000002007283228522283025085926055908203125000000000000000000000000000000000000000000000000000000000000000000000000000000000000000000000","1.00000000000000000000000000000000000000000000000000000000000000000000000000000000000000000000000000000000000000000000000000000000000000000000000000000000000","1.419000000000000","ARCHS4--Coexpression","CIT,ANKRD24,ITGB3BP,RNFT2,ACKR2"
"DEG_HMVL_ALL","393","0.241400000000000003","HOXC8_ARCHS4_PEARSON","HOXC8","5","300","0.28510000000000002007283228522283025085926055908203125000000000000000000000000000000000000000000000000000000000000000000000000000000000000000000000","1.00000000000000000000000000000000000000000000000000000000000000000000000000000000000000000000000000000000000000000000000000000000000000000000000000000000000","1.419000000000000","ARCHS4--Coexpression","MIS18BP1,GEN1,ECT2,ASPM,TMEM45A"
"DEG_HMVL_ALL","394","0.241999999999999993","KLF6_ARCHS4_PEARSON","KLF6","5","300","0.28510000000000002007283228522283025085926055908203125000000000000000000000000000000000000000000000000000000000000000000000000000000000000000000000","1.00000000000000000000000000000000000000000000000000000000000000000000000000000000000000000000000000000000000000000000000000000000000000000000000000000000000","1.419000000000000","ARCHS4--Coexpression","FEN1,TUBA1B,KIF2C,HMMR,CCNA2"
"DEG_HMVL_ALL","395","0.242600000000000010","LMX1A_ARCHS4_PEARSON","LMX1A","5","300","0.28510000000000002007283228522283025085926055908203125000000000000000000000000000000000000000000000000000000000000000000000000000000000000000000000","1.00000000000000000000000000000000000000000000000000000000000000000000000000000000000000000000000000000000000000000000000000000000000000000000000000000000000","1.419000000000000","ARCHS4--Coexpression","TUBA1C,CKS2,SPC25,RNFT2,NCALD"
"DEG_HMVL_ALL","396","0.243200000000000000","ZNF630_ARCHS4_PEARSON","ZNF630","5","300","0.28510000000000002007283228522283025085926055908203125000000000000000000000000000000000000000000000000000000000000000000000000000000000000000000000","1.00000000000000000000000000000000000000000000000000000000000000000000000000000000000000000000000000000000000000000000000000000000000000000000000000000000000","1.419000000000000","ARCHS4--Coexpression","FAM227A,LMNB2,RNFT2,PKD1L2,ACKR2"
"DEG_HMVL_ALL","397","0.243900000000000006","POU4F3_ARCHS4_PEARSON","POU4F3","5","300","0.28510000000000002007283228522283025085926055908203125000000000000000000000000000000000000000000000000000000000000000000000000000000000000000000000","1.00000000000000000000000000000000000000000000000000000000000000000000000000000000000000000000000000000000000000000000000000000000000000000000000000000000000","1.419000000000000","ARCHS4--Coexpression","SMC2,TPX2,NEURL1B,CDKN2C,TUBB4B"
"DEG_HMVL_ALL","398","0.244499999999999995","STAT3_ARCHS4_PEARSON","STAT3","5","300","0.28510000000000002007283228522283025085926055908203125000000000000000000000000000000000000000000000000000000000000000000000000000000000000000000000","1.00000000000000000000000000000000000000000000000000000000000000000000000000000000000000000000000000000000000000000000000000000000000000000000000000000000000","1.419000000000000","ARCHS4--Coexpression","MAD2L1,UBE2T,HMGB1,SUN2,PBXIP1"
"DEG_HMVL_ALL","399","0.245100000000000012","ZNF768_ARCHS4_PEARSON","ZNF768","5","300","0.28510000000000002007283228522283025085926055908203125000000000000000000000000000000000000000000000000000000000000000000000000000000000000000000000","1.00000000000000000000000000000000000000000000000000000000000000000000000000000000000000000000000000000000000000000000000000000000000000000000000000000000000","1.419000000000000","ARCHS4--Coexpression","INCENP,KIFC1,RECQL4,NCAPD2,LMNB2"
"DEG_HMVL_ALL","400","0.245700000000000002","ZNF66_ARCHS4_PEARSON","ZNF66","5","300","0.28510000000000002007283228522283025085926055908203125000000000000000000000000000000000000000000000000000000000000000000000000000000000000000000000","1.00000000000000000000000000000000000000000000000000000000000000000000000000000000000000000000000000000000000000000000000000000000000000000000000000000000000","1.419000000000000","ARCHS4--Coexpression","SKA1,TNFAIP8L1,RNFT2,PKD1L2,ACKR2"
"DEG_HMVL_ALL","401","0.246299999999999991","ZNF212_ARCHS4_PEARSON","ZNF212","5","300","0.28510000000000002007283228522283025085926055908203125000000000000000000000000000000000000000000000000000000000000000000000000000000000000000000000","1.00000000000000000000000000000000000000000000000000000000000000000000000000000000000000000000000000000000000000000000000000000000000000000000000000000000000","1.419000000000000","ARCHS4--Coexpression","DDX39A,KIF22,TACC3,LIG1,HSH2D"
"DEG_HMVL_ALL","402","0.246900000000000008","ZNF786_ARCHS4_PEARSON","ZNF786","5","300","0.28510000000000002007283228522283025085926055908203125000000000000000000000000000000000000000000000000000000000000000000000000000000000000000000000","1.00000000000000000000000000000000000000000000000000000000000000000000000000000000000000000000000000000000000000000000000000000000000000000000000000000000000","1.419000000000000","ARCHS4--Coexpression","SKA1,FAM227A,RAD9B,RNFT2,PKD1L2"
"DEG_HMVL_ALL","403","0.247499999999999998","BAZ2B_ARCHS4_PEARSON","BAZ2B","5","300","0.28510000000000002007283228522283025085926055908203125000000000000000000000000000000000000000000000000000000000000000000000000000000000000000000000","1.00000000000000000000000000000000000000000000000000000000000000000000000000000000000000000000000000000000000000000000000000000000000000000000000000000000000","1.419000000000000","ARCHS4--Coexpression","FAM227A,TRMT9B,LMNB2,RNFT2,PKD1L2"
"DEG_HMVL_ALL","404","0.248200000000000004","SKOR1_ARCHS4_PEARSON","SKOR1","5","300","0.28510000000000002007283228522283025085926055908203125000000000000000000000000000000000000000000000000000000000000000000000000000000000000000000000","1.00000000000000000000000000000000000000000000000000000000000000000000000000000000000000000000000000000000000000000000000000000000000000000000000000000000000","1.419000000000000","ARCHS4--Coexpression","DLGAP5,PTTG1,ARHGAP33,UBE2S,AURKA"
"DEG_HMVL_ALL","405","0.248799999999999993","HMG20A_ARCHS4_PEARSON","HMG20A","5","300","0.28510000000000002007283228522283025085926055908203125000000000000000000000000000000000000000000000000000000000000000000000000000000000000000000000","1.00000000000000000000000000000000000000000000000000000000000000000000000000000000000000000000000000000000000000000000000000000000000000000000000000000000000","1.419000000000000","ARCHS4--Coexpression","TUBA1B,BUB1B,BORA,DNMT3B,BUB1"
"DEG_HMVL_ALL","406","0.249400000000000011","RAX2_ARCHS4_PEARSON","RAX2","5","300","0.28510000000000002007283228522283025085926055908203125000000000000000000000000000000000000000000000000000000000000000000000000000000000000000000000","1.00000000000000000000000000000000000000000000000000000000000000000000000000000000000000000000000000000000000000000000000000000000000000000000000000000000000","1.419000000000000","ARCHS4--Coexpression","FAM227A,TRMT9B,RNFT2,PKD1L2,ACKR2"
"DEG_HMVL_ALL","407","0.250000000000000000","ZNF681_ARCHS4_PEARSON","ZNF681","5","300","0.28510000000000002007283228522283025085926055908203125000000000000000000000000000000000000000000000000000000000000000000000000000000000000000000000","1.00000000000000000000000000000000000000000000000000000000000000000000000000000000000000000000000000000000000000000000000000000000000000000000000000000000000","1.419000000000000","ARCHS4--Coexpression","SKA1,SPC25,FAM227A,RNFT2,PKD1L2"
"DEG_HMVL_ALL","408","0.250599999999999989","ZNF543_ARCHS4_PEARSON","ZNF543","4","296","0.46479999999999999094058011905872263014316558837890625000000000000000000000000000000000000000000000000000000000000000000000000000000000000000000000","1.00000000000000000000000000000000000000000000000000000000000000000000000000000000000000000000000000000000000000000000000000000000000000000000000000000000000","1.147000000000000","ARCHS4--Coexpression","SKA1,FAM227A,RNFT2,PKD1L2"
"DEG_HMVL_ALL","409","0.251199999999999979","MEOX1_ARCHS4_PEARSON","MEOX1","4","296","0.46479999999999999094058011905872263014316558837890625000000000000000000000000000000000000000000000000000000000000000000000000000000000000000000000","1.00000000000000000000000000000000000000000000000000000000000000000000000000000000000000000000000000000000000000000000000000000000000000000000000000000000000","1.147000000000000","ARCHS4--Coexpression","NEURL1B,CDKN2C,CALCOCO1,CALB2"
"DEG_HMVL_ALL","410","0.251800000000000024","TIGD6_ARCHS4_PEARSON","TIGD6","4","296","0.46479999999999999094058011905872263014316558837890625000000000000000000000000000000000000000000000000000000000000000000000000000000000000000000000","1.00000000000000000000000000000000000000000000000000000000000000000000000000000000000000000000000000000000000000000000000000000000000000000000000000000000000","1.147000000000000","ARCHS4--Coexpression","CENPL,LTB4R2,UBE2T,SUN2"
"DEG_HMVL_ALL","411","0.252500000000000002","DR1_ARCHS4_PEARSON","DR1","4","297","0.46739999999999998214761376402748282998800277709960937500000000000000000000000000000000000000000000000000000000000000000000000000000000000000000000","1.00000000000000000000000000000000000000000000000000000000000000000000000000000000000000000000000000000000000000000000000000000000000000000000000000000000000","1.143000000000000","ARCHS4--Coexpression","TMPO,SKA1,ANP32E,NABP1"
"DEG_HMVL_ALL","412","0.253099999999999992","ZNF449_ARCHS4_PEARSON","ZNF449","4","297","0.46739999999999998214761376402748282998800277709960937500000000000000000000000000000000000000000000000000000000000000000000000000000000000000000000","1.00000000000000000000000000000000000000000000000000000000000000000000000000000000000000000000000000000000000000000000000000000000000000000000000000000000000","1.143000000000000","ARCHS4--Coexpression","PARPBP,DLGAP5,CENPE,TMEM178A"
"DEG_HMVL_ALL","413","0.253699999999999981","ZNF141_ARCHS4_PEARSON","ZNF141","4","298","0.46989999999999998436805981327779591083526611328125000000000000000000000000000000000000000000000000000000000000000000000000000000000000000000000000","1.00000000000000000000000000000000000000000000000000000000000000000000000000000000000000000000000000000000000000000000000000000000000000000000000000000000000","1.139000000000000","ARCHS4--Coexpression","FAM227A,LMNB2,RNFT2,PKD1L2"
"DEG_HMVL_ALL","414","0.254300000000000026","ZNF280B_ARCHS4_PEARSON","ZNF280B","4","298","0.46989999999999998436805981327779591083526611328125000000000000000000000000000000000000000000000000000000000000000000000000000000000000000000000000","1.00000000000000000000000000000000000000000000000000000000000000000000000000000000000000000000000000000000000000000000000000000000000000000000000000000000000","1.139000000000000","ARCHS4--Coexpression","ESCO2,ANP32E,SUN2,RNFT2"
"DEG_HMVL_ALL","415","0.254900000000000015","ZNF433_ARCHS4_PEARSON","ZNF433","4","298","0.46989999999999998436805981327779591083526611328125000000000000000000000000000000000000000000000000000000000000000000000000000000000000000000000000","1.00000000000000000000000000000000000000000000000000000000000000000000000000000000000000000000000000000000000000000000000000000000000000000000000000000000000","1.139000000000000","ARCHS4--Coexpression","NUDT3,LMNB2,RNFT2,PKD1L2"
"DEG_HMVL_ALL","416","0.255500000000000005","ESR2_ARCHS4_PEARSON","ESR2","4","298","0.46989999999999998436805981327779591083526611328125000000000000000000000000000000000000000000000000000000000000000000000000000000000000000000000000","1.00000000000000000000000000000000000000000000000000000000000000000000000000000000000000000000000000000000000000000000000000000000000000000000000000000000000","1.139000000000000","ARCHS4--Coexpression","FAM227A,DNAH7,PKD1L2,ACKR2"
"DEG_HMVL_ALL","417","0.256099999999999994","ZNF43_ARCHS4_PEARSON","ZNF43","4","298","0.46989999999999998436805981327779591083526611328125000000000000000000000000000000000000000000000000000000000000000000000000000000000000000000000000","1.00000000000000000000000000000000000000000000000000000000000000000000000000000000000000000000000000000000000000000000000000000000000000000000000000000000000","1.139000000000000","ARCHS4--Coexpression","SKA1,FAM227A,RNFT2,PKD1L2"
"DEG_HMVL_ALL","418","0.256799999999999973","ZNF569_ARCHS4_PEARSON","ZNF569","4","298","0.46989999999999998436805981327779591083526611328125000000000000000000000000000000000000000000000000000000000000000000000000000000000000000000000000","1.00000000000000000000000000000000000000000000000000000000000000000000000000000000000000000000000000000000000000000000000000000000000000000000000000000000000","1.139000000000000","ARCHS4--Coexpression","NUF2,KPNA2,SGO1,HMGB1"
"DEG_HMVL_ALL","419","0.257400000000000018","ZNF823_ARCHS4_PEARSON","ZNF823","4","298","0.46989999999999998436805981327779591083526611328125000000000000000000000000000000000000000000000000000000000000000000000000000000000000000000000000","1.00000000000000000000000000000000000000000000000000000000000000000000000000000000000000000000000000000000000000000000000000000000000000000000000000000000000","1.139000000000000","ARCHS4--Coexpression","KPNA2,TRMT9B,SUN2,MTFR2"
"DEG_HMVL_ALL","420","0.258000000000000007","ZNF283_ARCHS4_PEARSON","ZNF283","4","298","0.46989999999999998436805981327779591083526611328125000000000000000000000000000000000000000000000000000000000000000000000000000000000000000000000000","1.00000000000000000000000000000000000000000000000000000000000000000000000000000000000000000000000000000000000000000000000000000000000000000000000000000000000","1.139000000000000","ARCHS4--Coexpression","SPC25,FAM227A,RNFT2,PKD1L2"
"DEG_HMVL_ALL","421","0.258599999999999997","ZNF527_ARCHS4_PEARSON","ZNF527","4","298","0.46989999999999998436805981327779591083526611328125000000000000000000000000000000000000000000000000000000000000000000000000000000000000000000000000","1.00000000000000000000000000000000000000000000000000000000000000000000000000000000000000000000000000000000000000000000000000000000000000000000000000000000000","1.139000000000000","ARCHS4--Coexpression","SPC25,FAM227A,RNFT2,PKD1L2"
"DEG_HMVL_ALL","422","0.259199999999999986","MTF2_ARCHS4_PEARSON","MTF2","4","298","0.46989999999999998436805981327779591083526611328125000000000000000000000000000000000000000000000000000000000000000000000000000000000000000000000000","1.00000000000000000000000000000000000000000000000000000000000000000000000000000000000000000000000000000000000000000000000000000000000000000000000000000000000","1.139000000000000","ARCHS4--Coexpression","MIS18A,MAD2L1,VRK1,HMGB1"
"DEG_HMVL_ALL","423","0.259799999999999975","ZNF680_ARCHS4_PEARSON","ZNF680","4","298","0.46989999999999998436805981327779591083526611328125000000000000000000000000000000000000000000000000000000000000000000000000000000000000000000000000","1.00000000000000000000000000000000000000000000000000000000000000000000000000000000000000000000000000000000000000000000000000000000000000000000000000000000000","1.139000000000000","ARCHS4--Coexpression","KIF20B,MAD2L1,HMGB1,SUN2"
"DEG_HMVL_ALL","424","0.260400000000000020","ZNF490_ARCHS4_PEARSON","ZNF490","4","298","0.46989999999999998436805981327779591083526611328125000000000000000000000000000000000000000000000000000000000000000000000000000000000000000000000000","1.00000000000000000000000000000000000000000000000000000000000000000000000000000000000000000000000000000000000000000000000000000000000000000000000000000000000","1.139000000000000","ARCHS4--Coexpression","SPC25,FAM227A,RNFT2,PKD1L2"
"DEG_HMVL_ALL","425","0.261099999999999999","CRX_ARCHS4_PEARSON","CRX","4","298","0.46989999999999998436805981327779591083526611328125000000000000000000000000000000000000000000000000000000000000000000000000000000000000000000000000","1.00000000000000000000000000000000000000000000000000000000000000000000000000000000000000000000000000000000000000000000000000000000000000000000000000000000000","1.139000000000000","ARCHS4--Coexpression","FAM227A,TRMT9B,RNFT2,PKD1L2"
"DEG_HMVL_ALL","426","0.261699999999999988","ZNF131_ARCHS4_PEARSON","ZNF131","4","298","0.46989999999999998436805981327779591083526611328125000000000000000000000000000000000000000000000000000000000000000000000000000000000000000000000000","1.00000000000000000000000000000000000000000000000000000000000000000000000000000000000000000000000000000000000000000000000000000000000000000000000000000000000","1.139000000000000","ARCHS4--Coexpression","SPC24,FAM227A,HMGB1,PKD1L2"
"DEG_HMVL_ALL","427","0.262299999999999978","ZNF570_ARCHS4_PEARSON","ZNF570","4","298","0.46989999999999998436805981327779591083526611328125000000000000000000000000000000000000000000000000000000000000000000000000000000000000000000000000","1.00000000000000000000000000000000000000000000000000000000000000000000000000000000000000000000000000000000000000000000000000000000000000000000000000000000000","1.139000000000000","ARCHS4--Coexpression","FAM227A,TRMT9B,RNFT2,PKD1L2"
"DEG_HMVL_ALL","428","0.262900000000000023","ZKSCAN3_ARCHS4_PEARSON","ZKSCAN3","4","298","0.46989999999999998436805981327779591083526611328125000000000000000000000000000000000000000000000000000000000000000000000000000000000000000000000000","1.00000000000000000000000000000000000000000000000000000000000000000000000000000000000000000000000000000000000000000000000000000000000000000000000000000000000","1.139000000000000","ARCHS4--Coexpression","SPC25,FAM227A,RNFT2,PKD1L2"
"DEG_HMVL_ALL","429","0.263500000000000012","TCF7L2_ARCHS4_PEARSON","TCF7L2","4","298","0.46989999999999998436805981327779591083526611328125000000000000000000000000000000000000000000000000000000000000000000000000000000000000000000000000","1.00000000000000000000000000000000000000000000000000000000000000000000000000000000000000000000000000000000000000000000000000000000000000000000000000000000000","1.139000000000000","ARCHS4--Coexpression","ANP32E,HMGB1,DNMT3B,SUN2"
"DEG_HMVL_ALL","430","0.264100000000000001","ZNF813_ARCHS4_PEARSON","ZNF813","4","298","0.46989999999999998436805981327779591083526611328125000000000000000000000000000000000000000000000000000000000000000000000000000000000000000000000000","1.00000000000000000000000000000000000000000000000000000000000000000000000000000000000000000000000000000000000000000000000000000000000000000000000000000000000","1.139000000000000","ARCHS4--Coexpression","SKA1,FAM227A,RNFT2,PKD1L2"
"DEG_HMVL_ALL","431","0.264699999999999991","TCF23_ARCHS4_PEARSON","TCF23","4","298","0.46989999999999998436805981327779591083526611328125000000000000000000000000000000000000000000000000000000000000000000000000000000000000000000000000","1.00000000000000000000000000000000000000000000000000000000000000000000000000000000000000000000000000000000000000000000000000000000000000000000000000000000000","1.139000000000000","ARCHS4--Coexpression","FAM227A,RNFT2,PKD1L2,ACKR2"
"DEG_HMVL_ALL","432","0.265400000000000025","ZNF100_ARCHS4_PEARSON","ZNF100","4","298","0.46989999999999998436805981327779591083526611328125000000000000000000000000000000000000000000000000000000000000000000000000000000000000000000000000","1.00000000000000000000000000000000000000000000000000000000000000000000000000000000000000000000000000000000000000000000000000000000000000000000000000000000000","1.139000000000000","ARCHS4--Coexpression","SKA1,FAM227A,RNFT2,PKD1L2"
"DEG_HMVL_ALL","433","0.266000000000000014","ZNF70_ARCHS4_PEARSON","ZNF70","4","298","0.46989999999999998436805981327779591083526611328125000000000000000000000000000000000000000000000000000000000000000000000000000000000000000000000000","1.00000000000000000000000000000000000000000000000000000000000000000000000000000000000000000000000000000000000000000000000000000000000000000000000000000000000","1.139000000000000","ARCHS4--Coexpression","SPC25,FAM227A,RNFT2,PKD1L2"
"DEG_HMVL_ALL","434","0.266600000000000004","ZNF33A_ARCHS4_PEARSON","ZNF33A","4","298","0.46989999999999998436805981327779591083526611328125000000000000000000000000000000000000000000000000000000000000000000000000000000000000000000000000","1.00000000000000000000000000000000000000000000000000000000000000000000000000000000000000000000000000000000000000000000000000000000000000000000000000000000000","1.139000000000000","ARCHS4--Coexpression","TUBB4B,FAM227A,UBE2S,LMNB2"
"DEG_HMVL_ALL","435","0.267199999999999993","ZNF624_ARCHS4_PEARSON","ZNF624","4","298","0.46989999999999998436805981327779591083526611328125000000000000000000000000000000000000000000000000000000000000000000000000000000000000000000000000","1.00000000000000000000000000000000000000000000000000000000000000000000000000000000000000000000000000000000000000000000000000000000000000000000000000000000000","1.139000000000000","ARCHS4--Coexpression","FAM227A,LMNB2,RNFT2,PKD1L2"
"DEG_HMVL_ALL","436","0.267799999999999983","ZNF134_ARCHS4_PEARSON","ZNF134","4","298","0.46989999999999998436805981327779591083526611328125000000000000000000000000000000000000000000000000000000000000000000000000000000000000000000000000","1.00000000000000000000000000000000000000000000000000000000000000000000000000000000000000000000000000000000000000000000000000000000000000000000000000000000000","1.139000000000000","ARCHS4--Coexpression","DLGAP5,BUB1B,DNMT3B,BUB1"
"DEG_HMVL_ALL","437","0.268400000000000027","POU2F3_ARCHS4_PEARSON","POU2F3","4","298","0.46989999999999998436805981327779591083526611328125000000000000000000000000000000000000000000000000000000000000000000000000000000000000000000000000","1.00000000000000000000000000000000000000000000000000000000000000000000000000000000000000000000000000000000000000000000000000000000000000000000000000000000000","1.139000000000000","ARCHS4--Coexpression","FAM227A,RNFT2,PKD1L2,ACKR2"
"DEG_HMVL_ALL","438","0.269000000000000017","ZBTB8A_ARCHS4_PEARSON","ZBTB8A","4","298","0.46989999999999998436805981327779591083526611328125000000000000000000000000000000000000000000000000000000000000000000000000000000000000000000000000","1.00000000000000000000000000000000000000000000000000000000000000000000000000000000000000000000000000000000000000000000000000000000000000000000000000000000000","1.139000000000000","ARCHS4--Coexpression","SPC25,FAM227A,RNFT2,PKD1L2"
"DEG_HMVL_ALL","439","0.269699999999999995","ZNF221_ARCHS4_PEARSON","ZNF221","4","298","0.46989999999999998436805981327779591083526611328125000000000000000000000000000000000000000000000000000000000000000000000000000000000000000000000000","1.00000000000000000000000000000000000000000000000000000000000000000000000000000000000000000000000000000000000000000000000000000000000000000000000000000000000","1.139000000000000","ARCHS4--Coexpression","FAM227A,RNFT2,PKD1L2,ACKR2"
"DEG_HMVL_ALL","440","0.270299999999999985","L3MBTL4_ARCHS4_PEARSON","L3MBTL4","4","298","0.46989999999999998436805981327779591083526611328125000000000000000000000000000000000000000000000000000000000000000000000000000000000000000000000000","1.00000000000000000000000000000000000000000000000000000000000000000000000000000000000000000000000000000000000000000000000000000000000000000000000000000000000","1.139000000000000","ARCHS4--Coexpression","FAM227A,TRMT9B,RNFT2,PKD1L2"
"DEG_HMVL_ALL","441","0.270899999999999974","ZNF285_ARCHS4_PEARSON","ZNF285","4","298","0.46989999999999998436805981327779591083526611328125000000000000000000000000000000000000000000000000000000000000000000000000000000000000000000000000","1.00000000000000000000000000000000000000000000000000000000000000000000000000000000000000000000000000000000000000000000000000000000000000000000000000000000000","1.139000000000000","ARCHS4--Coexpression","FAM227A,TRMT9B,RNFT2,PKD1L2"
"DEG_HMVL_ALL","442","0.271500000000000019","ZNF329_ARCHS4_PEARSON","ZNF329","4","298","0.46989999999999998436805981327779591083526611328125000000000000000000000000000000000000000000000000000000000000000000000000000000000000000000000000","1.00000000000000000000000000000000000000000000000000000000000000000000000000000000000000000000000000000000000000000000000000000000000000000000000000000000000","1.139000000000000","ARCHS4--Coexpression","SPC25,FAM227A,RNFT2,PKD1L2"
"DEG_HMVL_ALL","443","0.272100000000000009","JUN_ARCHS4_PEARSON","JUN","4","298","0.46989999999999998436805981327779591083526611328125000000000000000000000000000000000000000000000000000000000000000000000000000000000000000000000000","1.00000000000000000000000000000000000000000000000000000000000000000000000000000000000000000000000000000000000000000000000000000000000000000000000000000000000","1.139000000000000","ARCHS4--Coexpression","CDKN1B,MAD2L1,VRK1,HMMR"
"DEG_HMVL_ALL","444","0.272699999999999998","ZNF573_ARCHS4_PEARSON","ZNF573","4","298","0.46989999999999998436805981327779591083526611328125000000000000000000000000000000000000000000000000000000000000000000000000000000000000000000000000","1.00000000000000000000000000000000000000000000000000000000000000000000000000000000000000000000000000000000000000000000000000000000000000000000000000000000000","1.139000000000000","ARCHS4--Coexpression","FAM227A,LMNB2,RNFT2,PKD1L2"
"DEG_HMVL_ALL","445","0.273299999999999987","FBXL19_ARCHS4_PEARSON","FBXL19","4","299","0.47249999999999997557509345824655611068010330200195312500000000000000000000000000000000000000000000000000000000000000000000000000000000000000000000","1.00000000000000000000000000000000000000000000000000000000000000000000000000000000000000000000000000000000000000000000000000000000000000000000000000000000000","1.136000000000000","ARCHS4--Coexpression","INCENP,KIFC1,RECQL4,LMNB2"
"DEG_HMVL_ALL","446","0.274000000000000021","ZNF829_ARCHS4_PEARSON","ZNF829","4","299","0.47249999999999997557509345824655611068010330200195312500000000000000000000000000000000000000000000000000000000000000000000000000000000000000000000","1.00000000000000000000000000000000000000000000000000000000000000000000000000000000000000000000000000000000000000000000000000000000000000000000000000000000000","1.136000000000000","ARCHS4--Coexpression","SPC25,FAM227A,RNFT2,PKD1L2"
"DEG_HMVL_ALL","447","0.274600000000000011","ZNF517_ARCHS4_PEARSON","ZNF517","4","299","0.47249999999999997557509345824655611068010330200195312500000000000000000000000000000000000000000000000000000000000000000000000000000000000000000000","1.00000000000000000000000000000000000000000000000000000000000000000000000000000000000000000000000000000000000000000000000000000000000000000000000000000000000","1.136000000000000","ARCHS4--Coexpression","FAM227A,TRMT9B,RNFT2,PKD1L2"
"DEG_HMVL_ALL","448","0.275200000000000000","ZNF19_ARCHS4_PEARSON","ZNF19","4","299","0.47249999999999997557509345824655611068010330200195312500000000000000000000000000000000000000000000000000000000000000000000000000000000000000000000","1.00000000000000000000000000000000000000000000000000000000000000000000000000000000000000000000000000000000000000000000000000000000000000000000000000000000000","1.136000000000000","ARCHS4--Coexpression","FAM227A,RNFT2,PKD1L2,ACKR2"
"DEG_HMVL_ALL","449","0.275799999999999990","ZNF286B_ARCHS4_PEARSON","ZNF286B","4","299","0.47249999999999997557509345824655611068010330200195312500000000000000000000000000000000000000000000000000000000000000000000000000000000000000000000","1.00000000000000000000000000000000000000000000000000000000000000000000000000000000000000000000000000000000000000000000000000000000000000000000000000000000000","1.136000000000000","ARCHS4--Coexpression","NUDT3,FAM227A,RNFT2,PKD1L2"
"DEG_HMVL_ALL","450","0.276399999999999979","KLF17_ARCHS4_PEARSON","KLF17","4","299","0.47249999999999997557509345824655611068010330200195312500000000000000000000000000000000000000000000000000000000000000000000000000000000000000000000","1.00000000000000000000000000000000000000000000000000000000000000000000000000000000000000000000000000000000000000000000000000000000000000000000000000000000000","1.136000000000000","ARCHS4--Coexpression","CENPA,SPC25,CCNB1,UBE2C"
"DEG_HMVL_ALL","451","0.277000000000000024","ZNF385C_ARCHS4_PEARSON","ZNF385C","4","299","0.47249999999999997557509345824655611068010330200195312500000000000000000000000000000000000000000000000000000000000000000000000000000000000000000000","1.00000000000000000000000000000000000000000000000000000000000000000000000000000000000000000000000000000000000000000000000000000000000000000000000000000000000","1.136000000000000","ARCHS4--Coexpression","FAM227A,RNFT2,PKD1L2,ACKR2"
"DEG_HMVL_ALL","452","0.277600000000000013","TIGD1_ARCHS4_PEARSON","TIGD1","4","299","0.47249999999999997557509345824655611068010330200195312500000000000000000000000000000000000000000000000000000000000000000000000000000000000000000000","1.00000000000000000000000000000000000000000000000000000000000000000000000000000000000000000000000000000000000000000000000000000000000000000000000000000000000","1.136000000000000","ARCHS4--Coexpression","FAM227A,TRMT9B,TMEM45A,PKD1L2"
"DEG_HMVL_ALL","453","0.278299999999999992","CTCFL_ARCHS4_PEARSON","CTCFL","4","299","0.47249999999999997557509345824655611068010330200195312500000000000000000000000000000000000000000000000000000000000000000000000000000000000000000000","1.00000000000000000000000000000000000000000000000000000000000000000000000000000000000000000000000000000000000000000000000000000000000000000000000000000000000","1.136000000000000","ARCHS4--Coexpression","SKA1,SPC25,PKD1L2,CDC45"
"DEG_HMVL_ALL","454","0.278899999999999981","ZNF554_ARCHS4_PEARSON","ZNF554","4","299","0.47249999999999997557509345824655611068010330200195312500000000000000000000000000000000000000000000000000000000000000000000000000000000000000000000","1.00000000000000000000000000000000000000000000000000000000000000000000000000000000000000000000000000000000000000000000000000000000000000000000000000000000000","1.136000000000000","ARCHS4--Coexpression","SPC25,FAM227A,RNFT2,PKD1L2"
"DEG_HMVL_ALL","455","0.279500000000000026","ALX4_ARCHS4_PEARSON","ALX4","4","299","0.47249999999999997557509345824655611068010330200195312500000000000000000000000000000000000000000000000000000000000000000000000000000000000000000000","1.00000000000000000000000000000000000000000000000000000000000000000000000000000000000000000000000000000000000000000000000000000000000000000000000000000000000","1.136000000000000","ARCHS4--Coexpression","INCENP,RECQL4,LMNB2,ESPL1"
"DEG_HMVL_ALL","456","0.280100000000000016","SPEN_ARCHS4_PEARSON","SPEN","4","299","0.47249999999999997557509345824655611068010330200195312500000000000000000000000000000000000000000000000000000000000000000000000000000000000000000000","1.00000000000000000000000000000000000000000000000000000000000000000000000000000000000000000000000000000000000000000000000000000000000000000000000000000000000","1.136000000000000","ARCHS4--Coexpression","INCENP,TCOF1,LMNB2,ESPL1"
"DEG_HMVL_ALL","457","0.280700000000000005","GTF2IRD2_ARCHS4_PEARSON","GTF2IRD2","4","299","0.47249999999999997557509345824655611068010330200195312500000000000000000000000000000000000000000000000000000000000000000000000000000000000000000000","1.00000000000000000000000000000000000000000000000000000000000000000000000000000000000000000000000000000000000000000000000000000000000000000000000000000000000","1.136000000000000","ARCHS4--Coexpression","FAM227A,TRMT9B,RNFT2,PKD1L2"
"DEG_HMVL_ALL","458","0.281299999999999994","ZNF512B_ARCHS4_PEARSON","ZNF512B","4","299","0.47249999999999997557509345824655611068010330200195312500000000000000000000000000000000000000000000000000000000000000000000000000000000000000000000","1.00000000000000000000000000000000000000000000000000000000000000000000000000000000000000000000000000000000000000000000000000000000000000000000000000000000000","1.136000000000000","ARCHS4--Coexpression","INCENP,KIFC1,RECQL4,LMNB2"
"DEG_HMVL_ALL","459","0.281899999999999984","ZNF709_ARCHS4_PEARSON","ZNF709","4","299","0.47249999999999997557509345824655611068010330200195312500000000000000000000000000000000000000000000000000000000000000000000000000000000000000000000","1.00000000000000000000000000000000000000000000000000000000000000000000000000000000000000000000000000000000000000000000000000000000000000000000000000000000000","1.136000000000000","ARCHS4--Coexpression","NUDT3,ABCA5,FANCD2,RNFT2"
"DEG_HMVL_ALL","460","0.282600000000000018","HOXA6_ARCHS4_PEARSON","HOXA6","4","299","0.47249999999999997557509345824655611068010330200195312500000000000000000000000000000000000000000000000000000000000000000000000000000000000000000000","1.00000000000000000000000000000000000000000000000000000000000000000000000000000000000000000000000000000000000000000000000000000000000000000000000000000000000","1.136000000000000","ARCHS4--Coexpression","HASPIN,TCOF1,HSH2D,ESPL1"
"DEG_HMVL_ALL","461","0.283200000000000007","ZNF529_ARCHS4_PEARSON","ZNF529","4","299","0.47249999999999997557509345824655611068010330200195312500000000000000000000000000000000000000000000000000000000000000000000000000000000000000000000","1.00000000000000000000000000000000000000000000000000000000000000000000000000000000000000000000000000000000000000000000000000000000000000000000000000000000000","1.136000000000000","ARCHS4--Coexpression","FAM227A,TRMT9B,RNFT2,PKD1L2"
"DEG_HMVL_ALL","462","0.283799999999999997","TCF7_ARCHS4_PEARSON","TCF7","4","299","0.47249999999999997557509345824655611068010330200195312500000000000000000000000000000000000000000000000000000000000000000000000000000000000000000000","1.00000000000000000000000000000000000000000000000000000000000000000000000000000000000000000000000000000000000000000000000000000000000000000000000000000000000","1.136000000000000","ARCHS4--Coexpression","TXK,CDKN1B,SUN2,PBXIP1"
"DEG_HMVL_ALL","463","0.284399999999999986","ZNF667_ARCHS4_PEARSON","ZNF667","4","299","0.47249999999999997557509345824655611068010330200195312500000000000000000000000000000000000000000000000000000000000000000000000000000000000000000000","1.00000000000000000000000000000000000000000000000000000000000000000000000000000000000000000000000000000000000000000000000000000000000000000000000000000000000","1.136000000000000","ARCHS4--Coexpression","FAM227A,TRMT9B,RNFT2,PKD1L2"
"DEG_HMVL_ALL","464","0.284999999999999976","TFAP4_ARCHS4_PEARSON","TFAP4","4","299","0.47249999999999997557509345824655611068010330200195312500000000000000000000000000000000000000000000000000000000000000000000000000000000000000000000","1.00000000000000000000000000000000000000000000000000000000000000000000000000000000000000000000000000000000000000000000000000000000000000000000000000000000000","1.136000000000000","ARCHS4--Coexpression","FAM227A,RNFT2,PKD1L2,ACKR2"
"DEG_HMVL_ALL","465","0.285600000000000021","GATA5_ARCHS4_PEARSON","GATA5","4","299","0.47249999999999997557509345824655611068010330200195312500000000000000000000000000000000000000000000000000000000000000000000000000000000000000000000","1.00000000000000000000000000000000000000000000000000000000000000000000000000000000000000000000000000000000000000000000000000000000000000000000000000000000000","1.136000000000000","ARCHS4--Coexpression","ANO9,PBLD,NEURL1B,SEMA3B"
"DEG_HMVL_ALL","466","0.286200000000000010","ZNF419_ARCHS4_PEARSON","ZNF419","4","299","0.47249999999999997557509345824655611068010330200195312500000000000000000000000000000000000000000000000000000000000000000000000000000000000000000000","1.00000000000000000000000000000000000000000000000000000000000000000000000000000000000000000000000000000000000000000000000000000000000000000000000000000000000","1.136000000000000","ARCHS4--Coexpression","FAM227A,TRMT9B,RNFT2,PKD1L2"
"DEG_HMVL_ALL","467","0.286899999999999988","CARF_ARCHS4_PEARSON","CARF","4","299","0.47249999999999997557509345824655611068010330200195312500000000000000000000000000000000000000000000000000000000000000000000000000000000000000000000","1.00000000000000000000000000000000000000000000000000000000000000000000000000000000000000000000000000000000000000000000000000000000000000000000000000000000000","1.136000000000000","ARCHS4--Coexpression","FAM227A,TRMT9B,LMNB2,PKD1L2"
"DEG_HMVL_ALL","468","0.287499999999999978","ARGFX_ARCHS4_PEARSON","ARGFX","4","299","0.47249999999999997557509345824655611068010330200195312500000000000000000000000000000000000000000000000000000000000000000000000000000000000000000000","1.00000000000000000000000000000000000000000000000000000000000000000000000000000000000000000000000000000000000000000000000000000000000000000000000000000000000","1.136000000000000","ARCHS4--Coexpression","CENPA,CCNB1,UBE2C,DNAH7"
"DEG_HMVL_ALL","469","0.288100000000000023","SP3_ARCHS4_PEARSON","SP3","4","299","0.47249999999999997557509345824655611068010330200195312500000000000000000000000000000000000000000000000000000000000000000000000000000000000000000000","1.00000000000000000000000000000000000000000000000000000000000000000000000000000000000000000000000000000000000000000000000000000000000000000000000000000000000","1.136000000000000","ARCHS4--Coexpression","TMPO,RAD21,CDKN1B,MIS18BP1"
"DEG_HMVL_ALL","470","0.288700000000000012","ZNF679_ARCHS4_PEARSON","ZNF679","4","299","0.47249999999999997557509345824655611068010330200195312500000000000000000000000000000000000000000000000000000000000000000000000000000000000000000000","1.00000000000000000000000000000000000000000000000000000000000000000000000000000000000000000000000000000000000000000000000000000000000000000000000000000000000","1.136000000000000","ARCHS4--Coexpression","DDIAS,CENPA,CCNB1,UBE2C"
"DEG_HMVL_ALL","471","0.289300000000000002","MBD4_ARCHS4_PEARSON","MBD4","4","299","0.47249999999999997557509345824655611068010330200195312500000000000000000000000000000000000000000000000000000000000000000000000000000000000000000000","1.00000000000000000000000000000000000000000000000000000000000000000000000000000000000000000000000000000000000000000000000000000000000000000000000000000000000","1.136000000000000","ARCHS4--Coexpression","CNTRL,VRK1,LMNB2,PKD1L2"
"DEG_HMVL_ALL","472","0.289899999999999991","NR4A1_ARCHS4_PEARSON","NR4A1","4","299","0.47249999999999997557509345824655611068010330200195312500000000000000000000000000000000000000000000000000000000000000000000000000000000000000000000","1.00000000000000000000000000000000000000000000000000000000000000000000000000000000000000000000000000000000000000000000000000000000000000000000000000000000000","1.136000000000000","ARCHS4--Coexpression","IDUA,PNPLA7,TTLL3,COL7A1"
"DEG_HMVL_ALL","473","0.290499999999999980","KLF8_ARCHS4_PEARSON","KLF8","4","299","0.47249999999999997557509345824655611068010330200195312500000000000000000000000000000000000000000000000000000000000000000000000000000000000000000000","1.00000000000000000000000000000000000000000000000000000000000000000000000000000000000000000000000000000000000000000000000000000000000000000000000000000000000","1.136000000000000","ARCHS4--Coexpression","FAM227A,TRMT9B,TMEM45A,PKD1L2"
"DEG_HMVL_ALL","474","0.291200000000000014","ZNF611_ARCHS4_PEARSON","ZNF611","4","299","0.47249999999999997557509345824655611068010330200195312500000000000000000000000000000000000000000000000000000000000000000000000000000000000000000000","1.00000000000000000000000000000000000000000000000000000000000000000000000000000000000000000000000000000000000000000000000000000000000000000000000000000000000","1.136000000000000","ARCHS4--Coexpression","FAM227A,RNFT2,PKD1L2,ACKR2"
"DEG_HMVL_ALL","475","0.291800000000000004","ZSCAN5A_ARCHS4_PEARSON","ZSCAN5A","4","299","0.47249999999999997557509345824655611068010330200195312500000000000000000000000000000000000000000000000000000000000000000000000000000000000000000000","1.00000000000000000000000000000000000000000000000000000000000000000000000000000000000000000000000000000000000000000000000000000000000000000000000000000000000","1.136000000000000","ARCHS4--Coexpression","SPC25,FAM227A,RNFT2,PKD1L2"
"DEG_HMVL_ALL","476","0.292399999999999993","ZNF844_ARCHS4_PEARSON","ZNF844","4","299","0.47249999999999997557509345824655611068010330200195312500000000000000000000000000000000000000000000000000000000000000000000000000000000000000000000","1.00000000000000000000000000000000000000000000000000000000000000000000000000000000000000000000000000000000000000000000000000000000000000000000000000000000000","1.136000000000000","ARCHS4--Coexpression","SPC25,FAM227A,RNFT2,PKD1L2"
"DEG_HMVL_ALL","477","0.292999999999999983","PRDM10_ARCHS4_PEARSON","PRDM10","4","299","0.47249999999999997557509345824655611068010330200195312500000000000000000000000000000000000000000000000000000000000000000000000000000000000000000000","1.00000000000000000000000000000000000000000000000000000000000000000000000000000000000000000000000000000000000000000000000000000000000000000000000000000000000","1.136000000000000","ARCHS4--Coexpression","DLGAP5,TACC3,PTTG1,AURKA"
"DEG_HMVL_ALL","478","0.293600000000000028","ZNF439_ARCHS4_PEARSON","ZNF439","4","299","0.47249999999999997557509345824655611068010330200195312500000000000000000000000000000000000000000000000000000000000000000000000000000000000000000000","1.00000000000000000000000000000000000000000000000000000000000000000000000000000000000000000000000000000000000000000000000000000000000000000000000000000000000","1.136000000000000","ARCHS4--Coexpression","FAM227A,LMNB2,RNFT2,PKD1L2"
"DEG_HMVL_ALL","479","0.294200000000000017","GMEB2_ARCHS4_PEARSON","GMEB2","4","299","0.47249999999999997557509345824655611068010330200195312500000000000000000000000000000000000000000000000000000000000000000000000000000000000000000000","1.00000000000000000000000000000000000000000000000000000000000000000000000000000000000000000000000000000000000000000000000000000000000000000000000000000000000","1.136000000000000","ARCHS4--Coexpression","INCENP,TACC3,LMNB2,SUN2"
"DEG_HMVL_ALL","480","0.294800000000000006","KAT7_ARCHS4_PEARSON","KAT7","4","299","0.47249999999999997557509345824655611068010330200195312500000000000000000000000000000000000000000000000000000000000000000000000000000000000000000000","1.00000000000000000000000000000000000000000000000000000000000000000000000000000000000000000000000000000000000000000000000000000000000000000000000000000000000","1.136000000000000","ARCHS4--Coexpression","SPC25,NABP1,RNFT2,NCALD"
"DEG_HMVL_ALL","481","0.295499999999999985","THAP6_ARCHS4_PEARSON","THAP6","4","299","0.47249999999999997557509345824655611068010330200195312500000000000000000000000000000000000000000000000000000000000000000000000000000000000000000000","1.00000000000000000000000000000000000000000000000000000000000000000000000000000000000000000000000000000000000000000000000000000000000000000000000000000000000","1.136000000000000","ARCHS4--Coexpression","FAM227A,LMNB2,RNFT2,PKD1L2"
"DEG_HMVL_ALL","482","0.296099999999999974","ZNF595_ARCHS4_PEARSON","ZNF595","4","299","0.47249999999999997557509345824655611068010330200195312500000000000000000000000000000000000000000000000000000000000000000000000000000000000000000000","1.00000000000000000000000000000000000000000000000000000000000000000000000000000000000000000000000000000000000000000000000000000000000000000000000000000000000","1.136000000000000","ARCHS4--Coexpression","SKA1,SPC25,SUN2,CDC45"
"DEG_HMVL_ALL","483","0.296700000000000019","ZNF653_ARCHS4_PEARSON","ZNF653","4","299","0.47249999999999997557509345824655611068010330200195312500000000000000000000000000000000000000000000000000000000000000000000000000000000000000000000","1.00000000000000000000000000000000000000000000000000000000000000000000000000000000000000000000000000000000000000000000000000000000000000000000000000000000000","1.136000000000000","ARCHS4--Coexpression","INCENP,RECQL4,LMNB2,SUN2"
"DEG_HMVL_ALL","484","0.297300000000000009","ZBTB1_ARCHS4_PEARSON","ZBTB1","4","299","0.47249999999999997557509345824655611068010330200195312500000000000000000000000000000000000000000000000000000000000000000000000000000000000000000000","1.00000000000000000000000000000000000000000000000000000000000000000000000000000000000000000000000000000000000000000000000000000000000000000000000000000000000","1.136000000000000","ARCHS4--Coexpression","CDKN1B,CALCOCO1,SUN2,PBXIP1"
"DEG_HMVL_ALL","485","0.297899999999999998","ZNF788P_ARCHS4_PEARSON","ZNF788P","4","299","0.47249999999999997557509345824655611068010330200195312500000000000000000000000000000000000000000000000000000000000000000000000000000000000000000000","1.00000000000000000000000000000000000000000000000000000000000000000000000000000000000000000000000000000000000000000000000000000000000000000000000000000000000","1.136000000000000","ARCHS4--Coexpression","SPC25,FAM227A,RNFT2,PKD1L2"
"DEG_HMVL_ALL","486","0.298499999999999988","ZNF154_ARCHS4_PEARSON","ZNF154","4","299","0.47249999999999997557509345824655611068010330200195312500000000000000000000000000000000000000000000000000000000000000000000000000000000000000000000","1.00000000000000000000000000000000000000000000000000000000000000000000000000000000000000000000000000000000000000000000000000000000000000000000000000000000000","1.136000000000000","ARCHS4--Coexpression","FAM227A,TRMT9B,RNFT2,PKD1L2"
"DEG_HMVL_ALL","487","0.299099999999999977","ZNF268_ARCHS4_PEARSON","ZNF268","4","299","0.47249999999999997557509345824655611068010330200195312500000000000000000000000000000000000000000000000000000000000000000000000000000000000000000000","1.00000000000000000000000000000000000000000000000000000000000000000000000000000000000000000000000000000000000000000000000000000000000000000000000000000000000","1.136000000000000","ARCHS4--Coexpression","FAM227A,TRMT9B,RNFT2,PKD1L2"
"DEG_HMVL_ALL","488","0.299800000000000011","HOXA2_ARCHS4_PEARSON","HOXA2","4","299","0.47249999999999997557509345824655611068010330200195312500000000000000000000000000000000000000000000000000000000000000000000000000000000000000000000","1.00000000000000000000000000000000000000000000000000000000000000000000000000000000000000000000000000000000000000000000000000000000000000000000000000000000000","1.136000000000000","ARCHS4--Coexpression","IQGAP3,TUBA1B,LMNB2,PSRC1"
"DEG_HMVL_ALL","489","0.300400000000000000","ZSCAN4_ARCHS4_PEARSON","ZSCAN4","4","299","0.47249999999999997557509345824655611068010330200195312500000000000000000000000000000000000000000000000000000000000000000000000000000000000000000000","1.00000000000000000000000000000000000000000000000000000000000000000000000000000000000000000000000000000000000000000000000000000000000000000000000000000000000","1.136000000000000","ARCHS4--Coexpression","DDIAS,CENPA,CCNB1,UBE2C"
"DEG_HMVL_ALL","490","0.300999999999999990","NFIB_ARCHS4_PEARSON","NFIB","4","299","0.47249999999999997557509345824655611068010330200195312500000000000000000000000000000000000000000000000000000000000000000000000000000000000000000000","1.00000000000000000000000000000000000000000000000000000000000000000000000000000000000000000000000000000000000000000000000000000000000000000000000000000000000","1.136000000000000","ARCHS4--Coexpression","NUDT3,TRMT9B,SHANK2,RNFT2"
"DEG_HMVL_ALL","491","0.301599999999999979","ZNF665_ARCHS4_PEARSON","ZNF665","4","299","0.47249999999999997557509345824655611068010330200195312500000000000000000000000000000000000000000000000000000000000000000000000000000000000000000000","1.00000000000000000000000000000000000000000000000000000000000000000000000000000000000000000000000000000000000000000000000000000000000000000000000000000000000","1.136000000000000","ARCHS4--Coexpression","SPC25,FAM227A,RNFT2,PKD1L2"
"DEG_HMVL_ALL","492","0.302200000000000024","ZNF597_ARCHS4_PEARSON","ZNF597","4","299","0.47249999999999997557509345824655611068010330200195312500000000000000000000000000000000000000000000000000000000000000000000000000000000000000000000","1.00000000000000000000000000000000000000000000000000000000000000000000000000000000000000000000000000000000000000000000000000000000000000000000000000000000000","1.136000000000000","ARCHS4--Coexpression","ESCO2,DLGAP5,PTTG1,AURKA"
"DEG_HMVL_ALL","493","0.302800000000000014","ZBTB11_ARCHS4_PEARSON","ZBTB11","4","299","0.47249999999999997557509345824655611068010330200195312500000000000000000000000000000000000000000000000000000000000000000000000000000000000000000000","1.00000000000000000000000000000000000000000000000000000000000000000000000000000000000000000000000000000000000000000000000000000000000000000000000000000000000","1.136000000000000","ARCHS4--Coexpression","RAD21,MIS18BP1,CNTRL,CENPL"
"DEG_HMVL_ALL","494","0.303400000000000003","WT1_ARCHS4_PEARSON","WT1","4","299","0.47249999999999997557509345824655611068010330200195312500000000000000000000000000000000000000000000000000000000000000000000000000000000000000000000","1.00000000000000000000000000000000000000000000000000000000000000000000000000000000000000000000000000000000000000000000000000000000000000000000000000000000000","1.136000000000000","ARCHS4--Coexpression","SMC4,TMPO,KIF2C,CDC45"
"DEG_HMVL_ALL","495","0.304099999999999981","ZNF831_ARCHS4_PEARSON","ZNF831","4","299","0.47249999999999997557509345824655611068010330200195312500000000000000000000000000000000000000000000000000000000000000000000000000000000000000000000","1.00000000000000000000000000000000000000000000000000000000000000000000000000000000000000000000000000000000000000000000000000000000000000000000000000000000000","1.136000000000000","ARCHS4--Coexpression","CDKN1B,RECQL4,SUN2,PBXIP1"
"DEG_HMVL_ALL","496","0.304700000000000026","FOSB_ARCHS4_PEARSON","FOSB","4","299","0.47249999999999997557509345824655611068010330200195312500000000000000000000000000000000000000000000000000000000000000000000000000000000000000000000","1.00000000000000000000000000000000000000000000000000000000000000000000000000000000000000000000000000000000000000000000000000000000000000000000000000000000000","1.136000000000000","ARCHS4--Coexpression","PNPLA7,TTLL3,SUN2,DNAH1"
"DEG_HMVL_ALL","497","0.305300000000000016","ZNF37A_ARCHS4_PEARSON","ZNF37A","4","299","0.47249999999999997557509345824655611068010330200195312500000000000000000000000000000000000000000000000000000000000000000000000000000000000000000000","1.00000000000000000000000000000000000000000000000000000000000000000000000000000000000000000000000000000000000000000000000000000000000000000000000000000000000","1.136000000000000","ARCHS4--Coexpression","FAM227A,TRMT9B,TMEM45A,PKD1L2"
"DEG_HMVL_ALL","498","0.305900000000000005","GMEB1_ARCHS4_PEARSON","GMEB1","4","299","0.47249999999999997557509345824655611068010330200195312500000000000000000000000000000000000000000000000000000000000000000000000000000000000000000000","1.00000000000000000000000000000000000000000000000000000000000000000000000000000000000000000000000000000000000000000000000000000000000000000000000000000000000","1.136000000000000","ARCHS4--Coexpression","SKA1,FAM227A,RNFT2,PKD1L2"
"DEG_HMVL_ALL","499","0.306499999999999995","LEF1_ARCHS4_PEARSON","LEF1","4","299","0.47249999999999997557509345824655611068010330200195312500000000000000000000000000000000000000000000000000000000000000000000000000000000000000000000","1.00000000000000000000000000000000000000000000000000000000000000000000000000000000000000000000000000000000000000000000000000000000000000000000000000000000000","1.136000000000000","ARCHS4--Coexpression","CDKN1B,MR1,SUN2,PBXIP1"
"DEG_HMVL_ALL","500","0.307099999999999984","FOXJ2_ARCHS4_PEARSON","FOXJ2","4","299","0.47249999999999997557509345824655611068010330200195312500000000000000000000000000000000000000000000000000000000000000000000000000000000000000000000","1.00000000000000000000000000000000000000000000000000000000000000000000000000000000000000000000000000000000000000000000000000000000000000000000000000000000000","1.136000000000000","ARCHS4--Coexpression","CALCOCO1,CKS1B,SUN2,PBXIP1"
"DEG_HMVL_ALL","501","0.307699999999999974","ZNF605_ARCHS4_PEARSON","ZNF605","4","299","0.47249999999999997557509345824655611068010330200195312500000000000000000000000000000000000000000000000000000000000000000000000000000000000000000000","1.00000000000000000000000000000000000000000000000000000000000000000000000000000000000000000000000000000000000000000000000000000000000000000000000000000000000","1.136000000000000","ARCHS4--Coexpression","FAM227A,TRMT9B,RNFT2,PKD1L2"
"DEG_HMVL_ALL","502","0.308400000000000007","FOXR2_ARCHS4_PEARSON","FOXR2","4","299","0.47249999999999997557509345824655611068010330200195312500000000000000000000000000000000000000000000000000000000000000000000000000000000000000000000","1.00000000000000000000000000000000000000000000000000000000000000000000000000000000000000000000000000000000000000000000000000000000000000000000000000000000000","1.136000000000000","ARCHS4--Coexpression","IQGAP3,RACGAP1,INCENP,BUB1B"
"DEG_HMVL_ALL","503","0.308999999999999997","ZNF620_ARCHS4_PEARSON","ZNF620","4","299","0.47249999999999997557509345824655611068010330200195312500000000000000000000000000000000000000000000000000000000000000000000000000000000000000000000","1.00000000000000000000000000000000000000000000000000000000000000000000000000000000000000000000000000000000000000000000000000000000000000000000000000000000000","1.136000000000000","ARCHS4--Coexpression","SKA1,FAM227A,RNFT2,PKD1L2"
"DEG_HMVL_ALL","504","0.309599999999999986","ZNF382_ARCHS4_PEARSON","ZNF382","4","299","0.47249999999999997557509345824655611068010330200195312500000000000000000000000000000000000000000000000000000000000000000000000000000000000000000000","1.00000000000000000000000000000000000000000000000000000000000000000000000000000000000000000000000000000000000000000000000000000000000000000000000000000000000","1.136000000000000","ARCHS4--Coexpression","FAM227A,TRMT9B,RNFT2,PKD1L2"
"DEG_HMVL_ALL","505","0.310199999999999976","ZNF250_ARCHS4_PEARSON","ZNF250","4","299","0.47249999999999997557509345824655611068010330200195312500000000000000000000000000000000000000000000000000000000000000000000000000000000000000000000","1.00000000000000000000000000000000000000000000000000000000000000000000000000000000000000000000000000000000000000000000000000000000000000000000000000000000000","1.136000000000000","ARCHS4--Coexpression","FAM227A,TRMT9B,RNFT2,PKD1L2"
"DEG_HMVL_ALL","506","0.310800000000000021","TGIF2LY_ARCHS4_PEARSON","TGIF2LY","4","299","0.47249999999999997557509345824655611068010330200195312500000000000000000000000000000000000000000000000000000000000000000000000000000000000000000000","1.00000000000000000000000000000000000000000000000000000000000000000000000000000000000000000000000000000000000000000000000000000000000000000000000000000000000","1.136000000000000","ARCHS4--Coexpression","DNAH1,DNAH7,DNAH5,TAF5"
"DEG_HMVL_ALL","507","0.311400000000000010","ZNF487_ARCHS4_PEARSON","ZNF487","4","299","0.47249999999999997557509345824655611068010330200195312500000000000000000000000000000000000000000000000000000000000000000000000000000000000000000000","1.00000000000000000000000000000000000000000000000000000000000000000000000000000000000000000000000000000000000000000000000000000000000000000000000000000000000","1.136000000000000","ARCHS4--Coexpression","INCENP,FAM227A,LMNB2,PKD1L2"
"DEG_HMVL_ALL","508","0.312000000000000000","ZNF692_ARCHS4_PEARSON","ZNF692","4","299","0.47249999999999997557509345824655611068010330200195312500000000000000000000000000000000000000000000000000000000000000000000000000000000000000000000","1.00000000000000000000000000000000000000000000000000000000000000000000000000000000000000000000000000000000000000000000000000000000000000000000000000000000000","1.136000000000000","ARCHS4--Coexpression","ANO9,IDUA,RECQL4,PNPLA7"
"DEG_HMVL_ALL","509","0.312699999999999978","ZNF432_ARCHS4_PEARSON","ZNF432","4","299","0.47249999999999997557509345824655611068010330200195312500000000000000000000000000000000000000000000000000000000000000000000000000000000000000000000","1.00000000000000000000000000000000000000000000000000000000000000000000000000000000000000000000000000000000000000000000000000000000000000000000000000000000000","1.136000000000000","ARCHS4--Coexpression","FAM227A,LMNB2,RNFT2,PKD1L2"
"DEG_HMVL_ALL","510","0.313300000000000023","ZNF182_ARCHS4_PEARSON","ZNF182","4","299","0.47249999999999997557509345824655611068010330200195312500000000000000000000000000000000000000000000000000000000000000000000000000000000000000000000","1.00000000000000000000000000000000000000000000000000000000000000000000000000000000000000000000000000000000000000000000000000000000000000000000000000000000000","1.136000000000000","ARCHS4--Coexpression","PARPBP,MIS18BP1,CNTRL,HJURP"
"DEG_HMVL_ALL","511","0.313900000000000012","ZNF486_ARCHS4_PEARSON","ZNF486","4","299","0.47249999999999997557509345824655611068010330200195312500000000000000000000000000000000000000000000000000000000000000000000000000000000000000000000","1.00000000000000000000000000000000000000000000000000000000000000000000000000000000000000000000000000000000000000000000000000000000000000000000000000000000000","1.136000000000000","ARCHS4--Coexpression","SKA1,FAM227A,RNFT2,PKD1L2"
"DEG_HMVL_ALL","512","0.314500000000000002","ZNF846_ARCHS4_PEARSON","ZNF846","4","300","0.47499999999999997779553950749686919152736663818359375000000000000000000000000000000000000000000000000000000000000000000000000000000000000000000000","1.00000000000000000000000000000000000000000000000000000000000000000000000000000000000000000000000000000000000000000000000000000000000000000000000000000000000","1.132000000000000","ARCHS4--Coexpression","INCENP,FAM227A,LMNB2,PKD1L2"
"DEG_HMVL_ALL","513","0.315099999999999991","ZXDA_ARCHS4_PEARSON","ZXDA","4","300","0.47499999999999997779553950749686919152736663818359375000000000000000000000000000000000000000000000000000000000000000000000000000000000000000000000","1.00000000000000000000000000000000000000000000000000000000000000000000000000000000000000000000000000000000000000000000000000000000000000000000000000000000000","1.132000000000000","ARCHS4--Coexpression","CDKN1B,UBE2S,CKS1B,SUN2"
"DEG_HMVL_ALL","514","0.315699999999999981","ZFP30_ARCHS4_PEARSON","ZFP30","4","300","0.47499999999999997779553950749686919152736663818359375000000000000000000000000000000000000000000000000000000000000000000000000000000000000000000000","1.00000000000000000000000000000000000000000000000000000000000000000000000000000000000000000000000000000000000000000000000000000000000000000000000000000000000","1.132000000000000","ARCHS4--Coexpression","FAM227A,TRMT9B,RNFT2,PKD1L2"
"DEG_HMVL_ALL","515","0.316300000000000026","DLX3_ARCHS4_PEARSON","DLX3","4","300","0.47499999999999997779553950749686919152736663818359375000000000000000000000000000000000000000000000000000000000000000000000000000000000000000000000","1.00000000000000000000000000000000000000000000000000000000000000000000000000000000000000000000000000000000000000000000000000000000000000000000000000000000000","1.132000000000000","ARCHS4--Coexpression","ALOX12B,FAM83D,UBE2C,SAPCD2"
"DEG_HMVL_ALL","516","0.317000000000000004","ZNF497_ARCHS4_PEARSON","ZNF497","4","300","0.47499999999999997779553950749686919152736663818359375000000000000000000000000000000000000000000000000000000000000000000000000000000000000000000000","1.00000000000000000000000000000000000000000000000000000000000000000000000000000000000000000000000000000000000000000000000000000000000000000000000000000000000","1.132000000000000","ARCHS4--Coexpression","ZNF233,FAM227A,RNFT2,PKD1L2"
"DEG_HMVL_ALL","517","0.317599999999999993","PROX1_ARCHS4_PEARSON","PROX1","4","300","0.47499999999999997779553950749686919152736663818359375000000000000000000000000000000000000000000000000000000000000000000000000000000000000000000000","1.00000000000000000000000000000000000000000000000000000000000000000000000000000000000000000000000000000000000000000000000000000000000000000000000000000000000","1.132000000000000","ARCHS4--Coexpression","ABCA5,MST1,ABCC6,SHANK2"
"DEG_HMVL_ALL","518","0.318199999999999983","SALL2_ARCHS4_PEARSON","SALL2","4","300","0.47499999999999997779553950749686919152736663818359375000000000000000000000000000000000000000000000000000000000000000000000000000000000000000000000","1.00000000000000000000000000000000000000000000000000000000000000000000000000000000000000000000000000000000000000000000000000000000000000000000000000000000000","1.132000000000000","ARCHS4--Coexpression","PIMREG,BUB1B,DNMT3B,BUB1"
"DEG_HMVL_ALL","519","0.318799999999999972","FOXB2_ARCHS4_PEARSON","FOXB2","4","300","0.47499999999999997779553950749686919152736663818359375000000000000000000000000000000000000000000000000000000000000000000000000000000000000000000000","1.00000000000000000000000000000000000000000000000000000000000000000000000000000000000000000000000000000000000000000000000000000000000000000000000000000000000","1.132000000000000","ARCHS4--Coexpression","TCOF1,ANKRD31,NPAS1,LMNB2"
"DEG_HMVL_ALL","520","0.319400000000000017","AIRE_ARCHS4_PEARSON","AIRE","4","300","0.47499999999999997779553950749686919152736663818359375000000000000000000000000000000000000000000000000000000000000000000000000000000000000000000000","1.00000000000000000000000000000000000000000000000000000000000000000000000000000000000000000000000000000000000000000000000000000000000000000000000000000000000","1.132000000000000","ARCHS4--Coexpression","SKA1,DNAH1,DNAH7,DNAH5"
"DEG_HMVL_ALL","521","0.320000000000000007","ANHX_ARCHS4_PEARSON","ANHX","4","300","0.47499999999999997779553950749686919152736663818359375000000000000000000000000000000000000000000000000000000000000000000000000000000000000000000000","1.00000000000000000000000000000000000000000000000000000000000000000000000000000000000000000000000000000000000000000000000000000000000000000000000000000000000","1.132000000000000","ARCHS4--Coexpression","CDCA5,TRIP13,ANKRD31,TAF5"
"DEG_HMVL_ALL","522","0.320599999999999996","IKZF2_ARCHS4_PEARSON","IKZF2","4","300","0.47499999999999997779553950749686919152736663818359375000000000000000000000000000000000000000000000000000000000000000000000000000000000000000000000","1.00000000000000000000000000000000000000000000000000000000000000000000000000000000000000000000000000000000000000000000000000000000000000000000000000000000000","1.132000000000000","ARCHS4--Coexpression","TMPO,HASPIN,CNTRL,IZUMO4"
"DEG_HMVL_ALL","523","0.321299999999999975","PAX9_ARCHS4_PEARSON","PAX9","4","300","0.47499999999999997779553950749686919152736663818359375000000000000000000000000000000000000000000000000000000000000000000000000000000000000000000000","1.00000000000000000000000000000000000000000000000000000000000000000000000000000000000000000000000000000000000000000000000000000000000000000000000000000000000","1.132000000000000","ARCHS4--Coexpression","TUBB4B,CAPS,CCDC146,DNAH5"
"DEG_HMVL_ALL","524","0.321900000000000019","SRCAP_ARCHS4_PEARSON","SRCAP","4","300","0.47499999999999997779553950749686919152736663818359375000000000000000000000000000000000000000000000000000000000000000000000000000000000000000000000","1.00000000000000000000000000000000000000000000000000000000000000000000000000000000000000000000000000000000000000000000000000000000000000000000000000000000000","1.132000000000000","ARCHS4--Coexpression","INCENP,NCAPD2,LMNB2,ESPL1"
"DEG_HMVL_ALL","525","0.322500000000000009","ZNF20_ARCHS4_PEARSON","ZNF20","4","300","0.47499999999999997779553950749686919152736663818359375000000000000000000000000000000000000000000000000000000000000000000000000000000000000000000000","1.00000000000000000000000000000000000000000000000000000000000000000000000000000000000000000000000000000000000000000000000000000000000000000000000000000000000","1.132000000000000","ARCHS4--Coexpression","SPC25,FAM227A,RNFT2,PKD1L2"
"DEG_HMVL_ALL","526","0.323099999999999998","ZNF74_ARCHS4_PEARSON","ZNF74","4","300","0.47499999999999997779553950749686919152736663818359375000000000000000000000000000000000000000000000000000000000000000000000000000000000000000000000","1.00000000000000000000000000000000000000000000000000000000000000000000000000000000000000000000000000000000000000000000000000000000000000000000000000000000000","1.132000000000000","ARCHS4--Coexpression","PIF1,SPC24,FAM227A,RNFT2"
"DEG_HMVL_ALL","527","0.323699999999999988","RFX8_ARCHS4_PEARSON","RFX8","4","300","0.47499999999999997779553950749686919152736663818359375000000000000000000000000000000000000000000000000000000000000000000000000000000000000000000000","1.00000000000000000000000000000000000000000000000000000000000000000000000000000000000000000000000000000000000000000000000000000000000000000000000000000000000","1.132000000000000","ARCHS4--Coexpression","CACNA2D4,TMEM158,FOXL1,HSH2D"
"DEG_HMVL_ALL","528","0.324299999999999977","ZBTB6_ARCHS4_PEARSON","ZBTB6","4","300","0.47499999999999997779553950749686919152736663818359375000000000000000000000000000000000000000000000000000000000000000000000000000000000000000000000","1.00000000000000000000000000000000000000000000000000000000000000000000000000000000000000000000000000000000000000000000000000000000000000000000000000000000000","1.132000000000000","ARCHS4--Coexpression","TMPO,RAD21,CDKN1B,MZT1"
"DEG_HMVL_ALL","529","0.324900000000000022","ZNF483_ARCHS4_PEARSON","ZNF483","4","300","0.47499999999999997779553950749686919152736663818359375000000000000000000000000000000000000000000000000000000000000000000000000000000000000000000000","1.00000000000000000000000000000000000000000000000000000000000000000000000000000000000000000000000000000000000000000000000000000000000000000000000000000000000","1.132000000000000","ARCHS4--Coexpression","SGSM1,TRMT9B,RNFT2,PKD1L2"
"DEG_HMVL_ALL","530","0.325600000000000001","GTF2IRD1_ARCHS4_PEARSON","GTF2IRD1","4","300","0.47499999999999997779553950749686919152736663818359375000000000000000000000000000000000000000000000000000000000000000000000000000000000000000000000","1.00000000000000000000000000000000000000000000000000000000000000000000000000000000000000000000000000000000000000000000000000000000000000000000000000000000000","1.132000000000000","ARCHS4--Coexpression","FAM227A,SUN2,RNFT2,PKD1L2"
"DEG_HMVL_ALL","531","0.326199999999999990","FERD3L_ARCHS4_PEARSON","FERD3L","4","300","0.47499999999999997779553950749686919152736663818359375000000000000000000000000000000000000000000000000000000000000000000000000000000000000000000000","1.00000000000000000000000000000000000000000000000000000000000000000000000000000000000000000000000000000000000000000000000000000000000000000000000000000000000","1.132000000000000","ARCHS4--Coexpression","TUBA1C,CAPS,SPC25,NCALD"
"DEG_HMVL_ALL","532","0.326799999999999979","SATB1_ARCHS4_PEARSON","SATB1","4","300","0.47499999999999997779553950749686919152736663818359375000000000000000000000000000000000000000000000000000000000000000000000000000000000000000000000","1.00000000000000000000000000000000000000000000000000000000000000000000000000000000000000000000000000000000000000000000000000000000000000000000000000000000000","1.132000000000000","ARCHS4--Coexpression","CDKN1B,CNTRL,SUN2,PBXIP1"
"DEG_HMVL_ALL","533","0.327400000000000024","CREB3L3_ARCHS4_PEARSON","CREB3L3","4","300","0.47499999999999997779553950749686919152736663818359375000000000000000000000000000000000000000000000000000000000000000000000000000000000000000000000","1.00000000000000000000000000000000000000000000000000000000000000000000000000000000000000000000000000000000000000000000000000000000000000000000000000000000000","1.132000000000000","ARCHS4--Coexpression","MST1,ANO9,PBLD,ABCC6"
"DEG_HMVL_ALL","534","0.328000000000000014","ZNF707_ARCHS4_PEARSON","ZNF707","4","300","0.47499999999999997779553950749686919152736663818359375000000000000000000000000000000000000000000000000000000000000000000000000000000000000000000000","1.00000000000000000000000000000000000000000000000000000000000000000000000000000000000000000000000000000000000000000000000000000000000000000000000000000000000","1.132000000000000","ARCHS4--Coexpression","TTLL3,FAM227A,VMAC,PKD1L2"
"DEG_HMVL_ALL","535","0.328600000000000003","PCGF2_ARCHS4_PEARSON","PCGF2","4","300","0.47499999999999997779553950749686919152736663818359375000000000000000000000000000000000000000000000000000000000000000000000000000000000000000000000","1.00000000000000000000000000000000000000000000000000000000000000000000000000000000000000000000000000000000000000000000000000000000000000000000000000000000000","1.132000000000000","ARCHS4--Coexpression","UBE2S,FOXM1,LMNB2,SAPCD2"
"DEG_HMVL_ALL","536","0.329199999999999993","HAND1_ARCHS4_PEARSON","HAND1","4","300","0.47499999999999997779553950749686919152736663818359375000000000000000000000000000000000000000000000000000000000000000000000000000000000000000000000","1.00000000000000000000000000000000000000000000000000000000000000000000000000000000000000000000000000000000000000000000000000000000000000000000000000000000000","1.132000000000000","ARCHS4--Coexpression","MAD2L1,UBE2S,LMNB2,RAD51"
"DEG_HMVL_ALL","537","0.329900000000000027","FOXA2_ARCHS4_PEARSON","FOXA2","4","300","0.47499999999999997779553950749686919152736663818359375000000000000000000000000000000000000000000000000000000000000000000000000000000000000000000000","1.00000000000000000000000000000000000000000000000000000000000000000000000000000000000000000000000000000000000000000000000000000000000000000000000000000000000","1.132000000000000","ARCHS4--Coexpression","TUBA1C,CKS2,SPC25,NCALD"
"DEG_HMVL_ALL","538","0.330500000000000016","HMG20B_ARCHS4_PEARSON","HMG20B","4","300","0.47499999999999997779553950749686919152736663818359375000000000000000000000000000000000000000000000000000000000000000000000000000000000000000000000","1.00000000000000000000000000000000000000000000000000000000000000000000000000000000000000000000000000000000000000000000000000000000000000000000000000000000000","1.132000000000000","ARCHS4--Coexpression","INCENP,RECQL4,UBE2S,LMNB2"
"DEG_HMVL_ALL","539","0.331100000000000005","ZNF584_ARCHS4_PEARSON","ZNF584","4","300","0.47499999999999997779553950749686919152736663818359375000000000000000000000000000000000000000000000000000000000000000000000000000000000000000000000","1.00000000000000000000000000000000000000000000000000000000000000000000000000000000000000000000000000000000000000000000000000000000000000000000000000000000000","1.132000000000000","ARCHS4--Coexpression","SPC24,FAM227A,RNFT2,PKD1L2"
"DEG_HMVL_ALL","540","0.331699999999999995","GTF2I_ARCHS4_PEARSON","GTF2I","4","300","0.47499999999999997779553950749686919152736663818359375000000000000000000000000000000000000000000000000000000000000000000000000000000000000000000000","1.00000000000000000000000000000000000000000000000000000000000000000000000000000000000000000000000000000000000000000000000000000000000000000000000000000000000","1.132000000000000","ARCHS4--Coexpression","INCENP,KIFC1,NCAPD2,LMNB2"
"DEG_HMVL_ALL","541","0.332299999999999984","DOT1L_ARCHS4_PEARSON","DOT1L","4","300","0.47499999999999997779553950749686919152736663818359375000000000000000000000000000000000000000000000000000000000000000000000000000000000000000000000","1.00000000000000000000000000000000000000000000000000000000000000000000000000000000000000000000000000000000000000000000000000000000000000000000000000000000000","1.132000000000000","ARCHS4--Coexpression","INCENP,KIFC1,RECQL4,LMNB2"
"DEG_HMVL_ALL","542","0.332899999999999974","ZNF205_ARCHS4_PEARSON","ZNF205","4","300","0.47499999999999997779553950749686919152736663818359375000000000000000000000000000000000000000000000000000000000000000000000000000000000000000000000","1.00000000000000000000000000000000000000000000000000000000000000000000000000000000000000000000000000000000000000000000000000000000000000000000000000000000000","1.132000000000000","ARCHS4--Coexpression","INCENP,RECQL4,UBE2S,LMNB2"
"DEG_HMVL_ALL","543","0.333500000000000019","ZNF567_ARCHS4_PEARSON","ZNF567","4","300","0.47499999999999997779553950749686919152736663818359375000000000000000000000000000000000000000000000000000000000000000000000000000000000000000000000","1.00000000000000000000000000000000000000000000000000000000000000000000000000000000000000000000000000000000000000000000000000000000000000000000000000000000000","1.132000000000000","ARCHS4--Coexpression","SKA1,SPC25,RNFT2,PKD1L2"
"DEG_HMVL_ALL","544","0.334199999999999997","PATZ1_ARCHS4_PEARSON","PATZ1","4","300","0.47499999999999997779553950749686919152736663818359375000000000000000000000000000000000000000000000000000000000000000000000000000000000000000000000","1.00000000000000000000000000000000000000000000000000000000000000000000000000000000000000000000000000000000000000000000000000000000000000000000000000000000000","1.132000000000000","ARCHS4--Coexpression","TMPO,NCAPD2,LMNB2,DNMT3B"
"DEG_HMVL_ALL","545","0.334799999999999986","HOXA4_ARCHS4_PEARSON","HOXA4","4","300","0.47499999999999997779553950749686919152736663818359375000000000000000000000000000000000000000000000000000000000000000000000000000000000000000000000","1.00000000000000000000000000000000000000000000000000000000000000000000000000000000000000000000000000000000000000000000000000000000000000000000000000000000000","1.132000000000000","ARCHS4--Coexpression","CDKN2C,UBE2S,LMNB2,PSRC1"
"DEG_HMVL_ALL","546","0.335399999999999976","ELF3_ARCHS4_PEARSON","ELF3","4","300","0.47499999999999997779553950749686919152736663818359375000000000000000000000000000000000000000000000000000000000000000000000000000000000000000000000","1.00000000000000000000000000000000000000000000000000000000000000000000000000000000000000000000000000000000000000000000000000000000000000000000000000000000000","1.132000000000000","ARCHS4--Coexpression","APOBEC3B,ANO9,TUBB4B,CAPS"
"DEG_HMVL_ALL","547","0.336000000000000021","UBP1_ARCHS4_PEARSON","UBP1","4","300","0.47499999999999997779553950749686919152736663818359375000000000000000000000000000000000000000000000000000000000000000000000000000000000000000000000","1.00000000000000000000000000000000000000000000000000000000000000000000000000000000000000000000000000000000000000000000000000000000000000000000000000000000000","1.132000000000000","ARCHS4--Coexpression","INCENP,KIFC1,NCAPD2,LMNB2"
"DEG_HMVL_ALL","548","0.336600000000000010","CASZ1_ARCHS4_PEARSON","CASZ1","4","300","0.47499999999999997779553950749686919152736663818359375000000000000000000000000000000000000000000000000000000000000000000000000000000000000000000000","1.00000000000000000000000000000000000000000000000000000000000000000000000000000000000000000000000000000000000000000000000000000000000000000000000000000000000","1.132000000000000","ARCHS4--Coexpression","ANO9,NEURL1B,PNPLA7,CAPS"
"DEG_HMVL_ALL","549","0.337200000000000000","GLI3_ARCHS4_PEARSON","GLI3","4","300","0.47499999999999997779553950749686919152736663818359375000000000000000000000000000000000000000000000000000000000000000000000000000000000000000000000","1.00000000000000000000000000000000000000000000000000000000000000000000000000000000000000000000000000000000000000000000000000000000000000000000000000000000000","1.132000000000000","ARCHS4--Coexpression","PIMREG,KIF15,TUBA1B,CENPF"
"DEG_HMVL_ALL","550","0.337799999999999989","ZSCAN25_ARCHS4_PEARSON","ZSCAN25","4","300","0.47499999999999997779553950749686919152736663818359375000000000000000000000000000000000000000000000000000000000000000000000000000000000000000000000","1.00000000000000000000000000000000000000000000000000000000000000000000000000000000000000000000000000000000000000000000000000000000000000000000000000000000000","1.132000000000000","ARCHS4--Coexpression","ZNF233,CENPL,PKD1L2,ACKR2"
"DEG_HMVL_ALL","551","0.338500000000000023","KLF7_ARCHS4_PEARSON","KLF7","4","300","0.47499999999999997779553950749686919152736663818359375000000000000000000000000000000000000000000000000000000000000000000000000000000000000000000000","1.00000000000000000000000000000000000000000000000000000000000000000000000000000000000000000000000000000000000000000000000000000000000000000000000000000000000","1.132000000000000","ARCHS4--Coexpression","NUDT3,ZWINT,FEN1,TK1"
"DEG_HMVL_ALL","552","0.339100000000000013","HNF4A_ARCHS4_PEARSON","HNF4A","4","300","0.47499999999999997779553950749686919152736663818359375000000000000000000000000000000000000000000000000000000000000000000000000000000000000000000000","1.00000000000000000000000000000000000000000000000000000000000000000000000000000000000000000000000000000000000000000000000000000000000000000000000000000000000","1.132000000000000","ARCHS4--Coexpression","MST1,ANO9,PBLD,ABCC6"
"DEG_HMVL_ALL","553","0.339700000000000002","LBX2_ARCHS4_PEARSON","LBX2","4","300","0.47499999999999997779553950749686919152736663818359375000000000000000000000000000000000000000000000000000000000000000000000000000000000000000000000","1.00000000000000000000000000000000000000000000000000000000000000000000000000000000000000000000000000000000000000000000000000000000000000000000000000000000000","1.132000000000000","ARCHS4--Coexpression","MST1,DTYMK,RECQL4,ABCC6"
"DEG_HMVL_ALL","554","0.340299999999999991","MSX2_ARCHS4_PEARSON","MSX2","4","300","0.47499999999999997779553950749686919152736663818359375000000000000000000000000000000000000000000000000000000000000000000000000000000000000000000000","1.00000000000000000000000000000000000000000000000000000000000000000000000000000000000000000000000000000000000000000000000000000000000000000000000000000000000","1.132000000000000","ARCHS4--Coexpression","RACGAP1,CCNB1,LMNB2,SAPCD2"
"DEG_HMVL_ALL","555","0.340899999999999981","PAX5_ARCHS4_PEARSON","PAX5","4","300","0.47499999999999997779553950749686919152736663818359375000000000000000000000000000000000000000000000000000000000000000000000000000000000000000000000","1.00000000000000000000000000000000000000000000000000000000000000000000000000000000000000000000000000000000000000000000000000000000000000000000000000000000000","1.132000000000000","ARCHS4--Coexpression","CACNA2D4,HASPIN,CDKN1B,GEN1"
"DEG_HMVL_ALL","556","0.341500000000000026","TBX4_ARCHS4_PEARSON","TBX4","4","300","0.47499999999999997779553950749686919152736663818359375000000000000000000000000000000000000000000000000000000000000000000000000000000000000000000000","1.00000000000000000000000000000000000000000000000000000000000000000000000000000000000000000000000000000000000000000000000000000000000000000000000000000000000","1.132000000000000","ARCHS4--Coexpression","RTKN2,FAM227A,RNFT2,PKD1L2"
"DEG_HMVL_ALL","557","0.342100000000000015","VSX1_ARCHS4_PEARSON","VSX1","4","300","0.47499999999999997779553950749686919152736663818359375000000000000000000000000000000000000000000000000000000000000000000000000000000000000000000000","1.00000000000000000000000000000000000000000000000000000000000000000000000000000000000000000000000000000000000000000000000000000000000000000000000000000000000","1.132000000000000","ARCHS4--Coexpression","FAM227A,TRMT9B,RNFT2,PKD1L2"
"DEG_HMVL_ALL","558","0.342799999999999994","MECOM_ARCHS4_PEARSON","MECOM","4","300","0.47499999999999997779553950749686919152736663818359375000000000000000000000000000000000000000000000000000000000000000000000000000000000000000000000","1.00000000000000000000000000000000000000000000000000000000000000000000000000000000000000000000000000000000000000000000000000000000000000000000000000000000000","1.132000000000000","ARCHS4--Coexpression","FHAD1,ITGB3BP,RNFT2,ACKR2"
"DEG_HMVL_ALL","559","0.343399999999999983","TCF20_ARCHS4_PEARSON","TCF20","4","300","0.47499999999999997779553950749686919152736663818359375000000000000000000000000000000000000000000000000000000000000000000000000000000000000000000000","1.00000000000000000000000000000000000000000000000000000000000000000000000000000000000000000000000000000000000000000000000000000000000000000000000000000000000","1.132000000000000","ARCHS4--Coexpression","INCENP,KIFC1,NCAPD2,LMNB2"
"DEG_HMVL_ALL","560","0.343999999999999972","EN2_ARCHS4_PEARSON","EN2","4","300","0.47499999999999997779553950749686919152736663818359375000000000000000000000000000000000000000000000000000000000000000000000000000000000000000000000","1.00000000000000000000000000000000000000000000000000000000000000000000000000000000000000000000000000000000000000000000000000000000000000000000000000000000000","1.132000000000000","ARCHS4--Coexpression","TUBA1C,SPC25,RNFT2,NCALD"
"DEG_HMVL_ALL","561","0.344600000000000017","ZNF343_ARCHS4_PEARSON","ZNF343","4","300","0.47499999999999997779553950749686919152736663818359375000000000000000000000000000000000000000000000000000000000000000000000000000000000000000000000","1.00000000000000000000000000000000000000000000000000000000000000000000000000000000000000000000000000000000000000000000000000000000000000000000000000000000000","1.132000000000000","ARCHS4--Coexpression","SPC24,FAM227A,EXO1,PKD1L2"
"DEG_HMVL_ALL","562","0.345200000000000007","ZNF563_ARCHS4_PEARSON","ZNF563","4","300","0.47499999999999997779553950749686919152736663818359375000000000000000000000000000000000000000000000000000000000000000000000000000000000000000000000","1.00000000000000000000000000000000000000000000000000000000000000000000000000000000000000000000000000000000000000000000000000000000000000000000000000000000000","1.132000000000000","ARCHS4--Coexpression","CDKN3,NEK2,SPAG5,TAF5"
"DEG_HMVL_ALL","563","0.345799999999999996","NR1I3_ARCHS4_PEARSON","NR1I3","4","300","0.47499999999999997779553950749686919152736663818359375000000000000000000000000000000000000000000000000000000000000000000000000000000000000000000000","1.00000000000000000000000000000000000000000000000000000000000000000000000000000000000000000000000000000000000000000000000000000000000000000000000000000000000","1.132000000000000","ARCHS4--Coexpression","FAM227A,ABCC6,PKD1L2,ACKR2"
"DEG_HMVL_ALL","564","0.346399999999999986","ZNF304_ARCHS4_PEARSON","ZNF304","4","300","0.47499999999999997779553950749686919152736663818359375000000000000000000000000000000000000000000000000000000000000000000000000000000000000000000000","1.00000000000000000000000000000000000000000000000000000000000000000000000000000000000000000000000000000000000000000000000000000000000000000000000000000000000","1.132000000000000","ARCHS4--Coexpression","HASPIN,KIF11,DLGAP5,AURKA"
"DEG_HMVL_ALL","565","0.347100000000000020","ZNF875_ARCHS4_PEARSON","ZNF875","4","300","0.47499999999999997779553950749686919152736663818359375000000000000000000000000000000000000000000000000000000000000000000000000000000000000000000000","1.00000000000000000000000000000000000000000000000000000000000000000000000000000000000000000000000000000000000000000000000000000000000000000000000000000000000","1.132000000000000","ARCHS4--Coexpression","FAM227A,TRMT9B,RNFT2,PKD1L2"
"DEG_HMVL_ALL","566","0.347700000000000009","ST18_ARCHS4_PEARSON","ST18","4","300","0.47499999999999997779553950749686919152736663818359375000000000000000000000000000000000000000000000000000000000000000000000000000000000000000000000","1.00000000000000000000000000000000000000000000000000000000000000000000000000000000000000000000000000000000000000000000000000000000000000000000000000000000000","1.132000000000000","ARCHS4--Coexpression","NUDT3,SGSM1,TRMT9B,RNFT2"
"DEG_HMVL_ALL","567","0.348299999999999998","ZNF32_ARCHS4_PEARSON","ZNF32","4","300","0.47499999999999997779553950749686919152736663818359375000000000000000000000000000000000000000000000000000000000000000000000000000000000000000000000","1.00000000000000000000000000000000000000000000000000000000000000000000000000000000000000000000000000000000000000000000000000000000000000000000000000000000000","1.132000000000000","ARCHS4--Coexpression","INCENP,KIFC1,NCAPD2,LMNB2"
"DEG_HMVL_ALL","568","0.348899999999999988","ZNF585B_ARCHS4_PEARSON","ZNF585B","4","300","0.47499999999999997779553950749686919152736663818359375000000000000000000000000000000000000000000000000000000000000000000000000000000000000000000000","1.00000000000000000000000000000000000000000000000000000000000000000000000000000000000000000000000000000000000000000000000000000000000000000000000000000000000","1.132000000000000","ARCHS4--Coexpression","TMEM45A,RNFT2,PKD1L2,ACKR2"
"DEG_HMVL_ALL","569","0.349499999999999977","HNF1A_ARCHS4_PEARSON","HNF1A","4","300","0.47499999999999997779553950749686919152736663818359375000000000000000000000000000000000000000000000000000000000000000000000000000000000000000000000","1.00000000000000000000000000000000000000000000000000000000000000000000000000000000000000000000000000000000000000000000000000000000000000000000000000000000000","1.132000000000000","ARCHS4--Coexpression","MST1,PBLD,SPC25,ABCC6"
"DEG_HMVL_ALL","570","0.350100000000000022","ZNF787_ARCHS4_PEARSON","ZNF787","4","300","0.47499999999999997779553950749686919152736663818359375000000000000000000000000000000000000000000000000000000000000000000000000000000000000000000000","1.00000000000000000000000000000000000000000000000000000000000000000000000000000000000000000000000000000000000000000000000000000000000000000000000000000000000","1.132000000000000","ARCHS4--Coexpression","INCENP,RECQL4,UBE2S,LMNB2"
"DEG_HMVL_ALL","571","0.350700000000000012","THAP1_ARCHS4_PEARSON","THAP1","4","300","0.47499999999999997779553950749686919152736663818359375000000000000000000000000000000000000000000000000000000000000000000000000000000000000000000000","1.00000000000000000000000000000000000000000000000000000000000000000000000000000000000000000000000000000000000000000000000000000000000000000000000000000000000","1.132000000000000","ARCHS4--Coexpression","MAD2L1,VRK1,HMGB1,CKS1B"
"DEG_HMVL_ALL","572","0.351399999999999990","CXXC4_ARCHS4_PEARSON","CXXC4","4","300","0.47499999999999997779553950749686919152736663818359375000000000000000000000000000000000000000000000000000000000000000000000000000000000000000000000","1.00000000000000000000000000000000000000000000000000000000000000000000000000000000000000000000000000000000000000000000000000000000000000000000000000000000000","1.132000000000000","ARCHS4--Coexpression","NUDT3,ABCA5,SPC25,RNFT2"
"DEG_HMVL_ALL","573","0.351999999999999980","SOX2_ARCHS4_PEARSON","SOX2","4","300","0.47499999999999997779553950749686919152736663818359375000000000000000000000000000000000000000000000000000000000000000000000000000000000000000000000","1.00000000000000000000000000000000000000000000000000000000000000000000000000000000000000000000000000000000000000000000000000000000000000000000000000000000000","1.132000000000000","ARCHS4--Coexpression","PIMREG,CKS2,DNMT3B,NCALD"
"DEG_HMVL_ALL","574","0.352600000000000025","ZNF350_ARCHS4_PEARSON","ZNF350","4","300","0.47499999999999997779553950749686919152736663818359375000000000000000000000000000000000000000000000000000000000000000000000000000000000000000000000","1.00000000000000000000000000000000000000000000000000000000000000000000000000000000000000000000000000000000000000000000000000000000000000000000000000000000000","1.132000000000000","ARCHS4--Coexpression","INCENP,KIFC1,LMNB2,PKD1L2"
"DEG_HMVL_ALL","575","0.353200000000000014","ZNF415_ARCHS4_PEARSON","ZNF415","4","300","0.47499999999999997779553950749686919152736663818359375000000000000000000000000000000000000000000000000000000000000000000000000000000000000000000000","1.00000000000000000000000000000000000000000000000000000000000000000000000000000000000000000000000000000000000000000000000000000000000000000000000000000000000","1.132000000000000","ARCHS4--Coexpression","INCENP,LMNB2,SUN2,RNFT2"
"DEG_HMVL_ALL","576","0.353800000000000003","ZNF660_ARCHS4_PEARSON","ZNF660","4","300","0.47499999999999997779553950749686919152736663818359375000000000000000000000000000000000000000000000000000000000000000000000000000000000000000000000","1.00000000000000000000000000000000000000000000000000000000000000000000000000000000000000000000000000000000000000000000000000000000000000000000000000000000000","1.132000000000000","ARCHS4--Coexpression","FAM227A,TRMT9B,RNFT2,PKD1L2"
"DEG_HMVL_ALL","577","0.354399999999999993","NR1I2_ARCHS4_PEARSON","NR1I2","4","300","0.47499999999999997779553950749686919152736663818359375000000000000000000000000000000000000000000000000000000000000000000000000000000000000000000000","1.00000000000000000000000000000000000000000000000000000000000000000000000000000000000000000000000000000000000000000000000000000000000000000000000000000000000","1.132000000000000","ARCHS4--Coexpression","MST1,ANO9,PBLD,ABCC6"
"DEG_HMVL_ALL","578","0.354999999999999982","ZNF540_ARCHS4_PEARSON","ZNF540","4","300","0.47499999999999997779553950749686919152736663818359375000000000000000000000000000000000000000000000000000000000000000000000000000000000000000000000","1.00000000000000000000000000000000000000000000000000000000000000000000000000000000000000000000000000000000000000000000000000000000000000000000000000000000000","1.132000000000000","ARCHS4--Coexpression","NCAPD2,TRMT9B,LMNB2,PKD1L2"
"DEG_HMVL_ALL","579","0.355700000000000016","ZNF555_ARCHS4_PEARSON","ZNF555","4","300","0.47499999999999997779553950749686919152736663818359375000000000000000000000000000000000000000000000000000000000000000000000000000000000000000000000","1.00000000000000000000000000000000000000000000000000000000000000000000000000000000000000000000000000000000000000000000000000000000000000000000000000000000000","1.132000000000000","ARCHS4--Coexpression","FAM227A,LMNB2,RNFT2,PKD1L2"
"DEG_HMVL_ALL","580","0.356300000000000006","ALX3_ARCHS4_PEARSON","ALX3","4","300","0.47499999999999997779553950749686919152736663818359375000000000000000000000000000000000000000000000000000000000000000000000000000000000000000000000","1.00000000000000000000000000000000000000000000000000000000000000000000000000000000000000000000000000000000000000000000000000000000000000000000000000000000000","1.132000000000000","ARCHS4--Coexpression","INCENP,RECQL4,FOXM1,LMNB2"
"DEG_HMVL_ALL","581","0.356899999999999995","SPIC_ARCHS4_PEARSON","SPIC","4","300","0.47499999999999997779553950749686919152736663818359375000000000000000000000000000000000000000000000000000000000000000000000000000000000000000000000","1.00000000000000000000000000000000000000000000000000000000000000000000000000000000000000000000000000000000000000000000000000000000000000000000000000000000000","1.132000000000000","ARCHS4--Coexpression","ESCO2,PNPLA7,TUBB4B,RAD51"
"DEG_HMVL_ALL","582","0.357499999999999984","SNAPC4_ARCHS4_PEARSON","SNAPC4","4","300","0.47499999999999997779553950749686919152736663818359375000000000000000000000000000000000000000000000000000000000000000000000000000000000000000000000","1.00000000000000000000000000000000000000000000000000000000000000000000000000000000000000000000000000000000000000000000000000000000000000000000000000000000000","1.132000000000000","ARCHS4--Coexpression","INCENP,KIFC1,RECQL4,LMNB2"
"DEG_HMVL_ALL","583","0.358099999999999974","ZNF549_ARCHS4_PEARSON","ZNF549","4","300","0.47499999999999997779553950749686919152736663818359375000000000000000000000000000000000000000000000000000000000000000000000000000000000000000000000","1.00000000000000000000000000000000000000000000000000000000000000000000000000000000000000000000000000000000000000000000000000000000000000000000000000000000000","1.132000000000000","ARCHS4--Coexpression","FAM227A,RAD9B,RNFT2,PKD1L2"
"DEG_HMVL_ALL","584","0.358700000000000019","ESX1_ARCHS4_PEARSON","ESX1","3","296","0.68010000000000003783640067922533489763736724853515625000000000000000000000000000000000000000000000000000000000000000000000000000000000000000000000","1.00000000000000000000000000000000000000000000000000000000000000000000000000000000000000000000000000000000000000000000000000000000000000000000000000000000000","0.857500000000000","ARCHS4--Coexpression","SLC6A16,MXD3,TTK"
"DEG_HMVL_ALL","585","0.359300000000000008","ZNF530_ARCHS4_PEARSON","ZNF530","3","297","0.68230000000000001758593271006247960031032562255859375000000000000000000000000000000000000000000000000000000000000000000000000000000000000000000000","1.00000000000000000000000000000000000000000000000000000000000000000000000000000000000000000000000000000000000000000000000000000000000000000000000000000000000","0.854500000000000","ARCHS4--Coexpression","SKA1,ZNF233,PKD1L2"
"DEG_HMVL_ALL","586","0.359999999999999987","ZFP37_ARCHS4_PEARSON","ZFP37","3","297","0.68230000000000001758593271006247960031032562255859375000000000000000000000000000000000000000000000000000000000000000000000000000000000000000000000","1.00000000000000000000000000000000000000000000000000000000000000000000000000000000000000000000000000000000000000000000000000000000000000000000000000000000000","0.854500000000000","ARCHS4--Coexpression","NUDT3,FAM227A,RNFT2"
"DEG_HMVL_ALL","587","0.360599999999999976","ZNF814_ARCHS4_PEARSON","ZNF814","3","297","0.68230000000000001758593271006247960031032562255859375000000000000000000000000000000000000000000000000000000000000000000000000000000000000000000000","1.00000000000000000000000000000000000000000000000000000000000000000000000000000000000000000000000000000000000000000000000000000000000000000000000000000000000","0.854500000000000","ARCHS4--Coexpression","FAM227A,RNFT2,PKD1L2"
"DEG_HMVL_ALL","588","0.361200000000000021","ZNF235_ARCHS4_PEARSON","ZNF235","3","297","0.68230000000000001758593271006247960031032562255859375000000000000000000000000000000000000000000000000000000000000000000000000000000000000000000000","1.00000000000000000000000000000000000000000000000000000000000000000000000000000000000000000000000000000000000000000000000000000000000000000000000000000000000","0.854500000000000","ARCHS4--Coexpression","ZNF233,FAM227A,LMNB2"
"DEG_HMVL_ALL","589","0.361800000000000010","ZNF552_ARCHS4_PEARSON","ZNF552","3","297","0.68230000000000001758593271006247960031032562255859375000000000000000000000000000000000000000000000000000000000000000000000000000000000000000000000","1.00000000000000000000000000000000000000000000000000000000000000000000000000000000000000000000000000000000000000000000000000000000000000000000000000000000000","0.854500000000000","ARCHS4--Coexpression","LMNB2,PKD1L2,ACKR2"
"DEG_HMVL_ALL","590","0.362400000000000000","ZNF594_ARCHS4_PEARSON","ZNF594","3","297","0.68230000000000001758593271006247960031032562255859375000000000000000000000000000000000000000000000000000000000000000000000000000000000000000000000","1.00000000000000000000000000000000000000000000000000000000000000000000000000000000000000000000000000000000000000000000000000000000000000000000000000000000000","0.854500000000000","ARCHS4--Coexpression","FAM227A,RNFT2,PKD1L2"
"DEG_HMVL_ALL","591","0.362999999999999989","MSANTD1_ARCHS4_PEARSON","MSANTD1","3","297","0.68230000000000001758593271006247960031032562255859375000000000000000000000000000000000000000000000000000000000000000000000000000000000000000000000","1.00000000000000000000000000000000000000000000000000000000000000000000000000000000000000000000000000000000000000000000000000000000000000000000000000000000000","0.854500000000000","ARCHS4--Coexpression","GTSE1,TTLL3,PKD1L2"
"DEG_HMVL_ALL","592","0.363599999999999979","ZNF701_ARCHS4_PEARSON","ZNF701","3","297","0.68230000000000001758593271006247960031032562255859375000000000000000000000000000000000000000000000000000000000000000000000000000000000000000000000","1.00000000000000000000000000000000000000000000000000000000000000000000000000000000000000000000000000000000000000000000000000000000000000000000000000000000000","0.854500000000000","ARCHS4--Coexpression","SKA1,LMNB2,PKD1L2"
"DEG_HMVL_ALL","593","0.364300000000000013","ZNF614_ARCHS4_PEARSON","ZNF614","3","298","0.68449999999999999733546474089962430298328399658203125000000000000000000000000000000000000000000000000000000000000000000000000000000000000000000000","1.00000000000000000000000000000000000000000000000000000000000000000000000000000000000000000000000000000000000000000000000000000000000000000000000000000000000","0.851700000000000","ARCHS4--Coexpression","SKA1,MAD2L1,SUN2"
"DEG_HMVL_ALL","594","0.364900000000000002","ZNF418_ARCHS4_PEARSON","ZNF418","3","298","0.68449999999999999733546474089962430298328399658203125000000000000000000000000000000000000000000000000000000000000000000000000000000000000000000000","1.00000000000000000000000000000000000000000000000000000000000000000000000000000000000000000000000000000000000000000000000000000000000000000000000000000000000","0.851700000000000","ARCHS4--Coexpression","NUDT3,HMGB1,RNFT2"
"DEG_HMVL_ALL","595","0.365499999999999992","SREBF2_ARCHS4_PEARSON","SREBF2","3","298","0.68449999999999999733546474089962430298328399658203125000000000000000000000000000000000000000000000000000000000000000000000000000000000000000000000","1.00000000000000000000000000000000000000000000000000000000000000000000000000000000000000000000000000000000000000000000000000000000000000000000000000000000000","0.851700000000000","ARCHS4--Coexpression","INCENP,KIFC1,LMNB2"
"DEG_HMVL_ALL","596","0.366099999999999981","ZNF256_ARCHS4_PEARSON","ZNF256","3","298","0.68449999999999999733546474089962430298328399658203125000000000000000000000000000000000000000000000000000000000000000000000000000000000000000000000","1.00000000000000000000000000000000000000000000000000000000000000000000000000000000000000000000000000000000000000000000000000000000000000000000000000000000000","0.851700000000000","ARCHS4--Coexpression","MAD2L1,OIP5,VRK1"
"DEG_HMVL_ALL","597","0.366700000000000026","ZNF716_ARCHS4_PEARSON","ZNF716","3","298","0.68449999999999999733546474089962430298328399658203125000000000000000000000000000000000000000000000000000000000000000000000000000000000000000000000","1.00000000000000000000000000000000000000000000000000000000000000000000000000000000000000000000000000000000000000000000000000000000000000000000000000000000000","0.851700000000000","ARCHS4--Coexpression","FAM227A,RNFT2,PKD1L2"
"DEG_HMVL_ALL","598","0.367300000000000015","TIGD4_ARCHS4_PEARSON","TIGD4","3","298","0.68449999999999999733546474089962430298328399658203125000000000000000000000000000000000000000000000000000000000000000000000000000000000000000000000","1.00000000000000000000000000000000000000000000000000000000000000000000000000000000000000000000000000000000000000000000000000000000000000000000000000000000000","0.851700000000000","ARCHS4--Coexpression","FAM227A,SUN2,DNAH7"
"DEG_HMVL_ALL","599","0.367900000000000005","ZNF428_ARCHS4_PEARSON","ZNF428","3","298","0.68449999999999999733546474089962430298328399658203125000000000000000000000000000000000000000000000000000000000000000000000000000000000000000000000","1.00000000000000000000000000000000000000000000000000000000000000000000000000000000000000000000000000000000000000000000000000000000000000000000000000000000000","0.851700000000000","ARCHS4--Coexpression","ARHGAP33,UBE2S,NCALD"
"DEG_HMVL_ALL","600","0.368599999999999983","ZNF682_ARCHS4_PEARSON","ZNF682","3","298","0.68449999999999999733546474089962430298328399658203125000000000000000000000000000000000000000000000000000000000000000000000000000000000000000000000","1.00000000000000000000000000000000000000000000000000000000000000000000000000000000000000000000000000000000000000000000000000000000000000000000000000000000000","0.851700000000000","ARCHS4--Coexpression","HMGB1,SUN2,RNFT2"
"DEG_HMVL_ALL","601","0.369199999999999973","ZNF674_ARCHS4_PEARSON","ZNF674","3","298","0.68449999999999999733546474089962430298328399658203125000000000000000000000000000000000000000000000000000000000000000000000000000000000000000000000","1.00000000000000000000000000000000000000000000000000000000000000000000000000000000000000000000000000000000000000000000000000000000000000000000000000000000000","0.851700000000000","ARCHS4--Coexpression","FAM227A,RNFT2,PKD1L2"
"DEG_HMVL_ALL","602","0.369800000000000018","ZNF879_ARCHS4_PEARSON","ZNF879","3","298","0.68449999999999999733546474089962430298328399658203125000000000000000000000000000000000000000000000000000000000000000000000000000000000000000000000","1.00000000000000000000000000000000000000000000000000000000000000000000000000000000000000000000000000000000000000000000000000000000000000000000000000000000000","0.851700000000000","ARCHS4--Coexpression","KIFC1,LMNB2,PKD1L2"
"DEG_HMVL_ALL","603","0.370400000000000007","ZNF284_ARCHS4_PEARSON","ZNF284","3","298","0.68449999999999999733546474089962430298328399658203125000000000000000000000000000000000000000000000000000000000000000000000000000000000000000000000","1.00000000000000000000000000000000000000000000000000000000000000000000000000000000000000000000000000000000000000000000000000000000000000000000000000000000000","0.851700000000000","ARCHS4--Coexpression","SKA1,RNFT2,PKD1L2"
"DEG_HMVL_ALL","604","0.370999999999999996","ZNF713_ARCHS4_PEARSON","ZNF713","3","298","0.68449999999999999733546474089962430298328399658203125000000000000000000000000000000000000000000000000000000000000000000000000000000000000000000000","1.00000000000000000000000000000000000000000000000000000000000000000000000000000000000000000000000000000000000000000000000000000000000000000000000000000000000","0.851700000000000","ARCHS4--Coexpression","FAM227A,RNFT2,PKD1L2"
"DEG_HMVL_ALL","605","0.371599999999999986","ZNF222_ARCHS4_PEARSON","ZNF222","3","298","0.68449999999999999733546474089962430298328399658203125000000000000000000000000000000000000000000000000000000000000000000000000000000000000000000000","1.00000000000000000000000000000000000000000000000000000000000000000000000000000000000000000000000000000000000000000000000000000000000000000000000000000000000","0.851700000000000","ARCHS4--Coexpression","DLGAP5,PTTG1,VRK1"
"DEG_HMVL_ALL","606","0.372199999999999975","ZNF480_ARCHS4_PEARSON","ZNF480","3","298","0.68449999999999999733546474089962430298328399658203125000000000000000000000000000000000000000000000000000000000000000000000000000000000000000000000","1.00000000000000000000000000000000000000000000000000000000000000000000000000000000000000000000000000000000000000000000000000000000000000000000000000000000000","0.851700000000000","ARCHS4--Coexpression","FAM227A,TMEM45A,PKD1L2"
"DEG_HMVL_ALL","607","0.372900000000000009","MXD4_ARCHS4_PEARSON","MXD4","3","298","0.68449999999999999733546474089962430298328399658203125000000000000000000000000000000000000000000000000000000000000000000000000000000000000000000000","1.00000000000000000000000000000000000000000000000000000000000000000000000000000000000000000000000000000000000000000000000000000000000000000000000000000000000","0.851700000000000","ARCHS4--Coexpression","CALCOCO1,SUN2,PBXIP1"
"DEG_HMVL_ALL","608","0.373499999999999999","ZNF143_ARCHS4_PEARSON","ZNF143","3","298","0.68449999999999999733546474089962430298328399658203125000000000000000000000000000000000000000000000000000000000000000000000000000000000000000000000","1.00000000000000000000000000000000000000000000000000000000000000000000000000000000000000000000000000000000000000000000000000000000000000000000000000000000000","0.851700000000000","ARCHS4--Coexpression","ESCO2,MAD2L1,VRK1"
"DEG_HMVL_ALL","609","0.374099999999999988","ZNF442_ARCHS4_PEARSON","ZNF442","3","298","0.68449999999999999733546474089962430298328399658203125000000000000000000000000000000000000000000000000000000000000000000000000000000000000000000000","1.00000000000000000000000000000000000000000000000000000000000000000000000000000000000000000000000000000000000000000000000000000000000000000000000000000000000","0.851700000000000","ARCHS4--Coexpression","FAM227A,LMNB2,PKD1L2"
"DEG_HMVL_ALL","610","0.374699999999999978","ZNF77_ARCHS4_PEARSON","ZNF77","3","298","0.68449999999999999733546474089962430298328399658203125000000000000000000000000000000000000000000000000000000000000000000000000000000000000000000000","1.00000000000000000000000000000000000000000000000000000000000000000000000000000000000000000000000000000000000000000000000000000000000000000000000000000000000","0.851700000000000","ARCHS4--Coexpression","PJVK,SCLT1,TAF5"
"DEG_HMVL_ALL","611","0.375300000000000022","ZNF613_ARCHS4_PEARSON","ZNF613","3","298","0.68449999999999999733546474089962430298328399658203125000000000000000000000000000000000000000000000000000000000000000000000000000000000000000000000","1.00000000000000000000000000000000000000000000000000000000000000000000000000000000000000000000000000000000000000000000000000000000000000000000000000000000000","0.851700000000000","ARCHS4--Coexpression","LMNB2,RNFT2,PKD1L2"
"DEG_HMVL_ALL","612","0.375900000000000012","ZNF223_ARCHS4_PEARSON","ZNF223","3","298","0.68449999999999999733546474089962430298328399658203125000000000000000000000000000000000000000000000000000000000000000000000000000000000000000000000","1.00000000000000000000000000000000000000000000000000000000000000000000000000000000000000000000000000000000000000000000000000000000000000000000000000000000000","0.851700000000000","ARCHS4--Coexpression","INCENP,LMNB2,SUN2"
"DEG_HMVL_ALL","613","0.376500000000000001","ZNF197_ARCHS4_PEARSON","ZNF197","3","298","0.68449999999999999733546474089962430298328399658203125000000000000000000000000000000000000000000000000000000000000000000000000000000000000000000000","1.00000000000000000000000000000000000000000000000000000000000000000000000000000000000000000000000000000000000000000000000000000000000000000000000000000000000","0.851700000000000","ARCHS4--Coexpression","FAM227A,SUN2,RNFT2"
"DEG_HMVL_ALL","614","0.377099999999999991","THAP2_ARCHS4_PEARSON","THAP2","3","298","0.68449999999999999733546474089962430298328399658203125000000000000000000000000000000000000000000000000000000000000000000000000000000000000000000000","1.00000000000000000000000000000000000000000000000000000000000000000000000000000000000000000000000000000000000000000000000000000000000000000000000000000000000","0.851700000000000","ARCHS4--Coexpression","INCENP,TACC3,LMNB2"
"DEG_HMVL_ALL","615","0.377800000000000025","HOXA9_ARCHS4_PEARSON","HOXA9","3","298","0.68449999999999999733546474089962430298328399658203125000000000000000000000000000000000000000000000000000000000000000000000000000000000000000000000","1.00000000000000000000000000000000000000000000000000000000000000000000000000000000000000000000000000000000000000000000000000000000000000000000000000000000000","0.851700000000000","ARCHS4--Coexpression","TACC3,LMNB2,HSH2D"
"DEG_HMVL_ALL","616","0.378400000000000014","FOXL1_ARCHS4_PEARSON","FOXL1","3","298","0.68449999999999999733546474089962430298328399658203125000000000000000000000000000000000000000000000000000000000000000000000000000000000000000000000","1.00000000000000000000000000000000000000000000000000000000000000000000000000000000000000000000000000000000000000000000000000000000000000000000000000000000000","0.851700000000000","ARCHS4--Coexpression","TMEM158,TBC1D2,COL7A1"
"DEG_HMVL_ALL","617","0.379000000000000004","ZNF99_ARCHS4_PEARSON","ZNF99","3","298","0.68449999999999999733546474089962430298328399658203125000000000000000000000000000000000000000000000000000000000000000000000000000000000000000000000","1.00000000000000000000000000000000000000000000000000000000000000000000000000000000000000000000000000000000000000000000000000000000000000000000000000000000000","0.851700000000000","ARCHS4--Coexpression","FAM227A,RNFT2,PKD1L2"
"DEG_HMVL_ALL","618","0.379599999999999993","PPARG_ARCHS4_PEARSON","PPARG","3","298","0.68449999999999999733546474089962430298328399658203125000000000000000000000000000000000000000000000000000000000000000000000000000000000000000000000","1.00000000000000000000000000000000000000000000000000000000000000000000000000000000000000000000000000000000000000000000000000000000000000000000000000000000000","0.851700000000000","ARCHS4--Coexpression","CDKN2C,NABP1,CALB2"
"DEG_HMVL_ALL","619","0.380199999999999982","ZNF69_ARCHS4_PEARSON","ZNF69","3","298","0.68449999999999999733546474089962430298328399658203125000000000000000000000000000000000000000000000000000000000000000000000000000000000000000000000","1.00000000000000000000000000000000000000000000000000000000000000000000000000000000000000000000000000000000000000000000000000000000000000000000000000000000000","0.851700000000000","ARCHS4--Coexpression","FAM227A,RNFT2,PKD1L2"
"DEG_HMVL_ALL","620","0.380800000000000027","ZNF708_ARCHS4_PEARSON","ZNF708","3","298","0.68449999999999999733546474089962430298328399658203125000000000000000000000000000000000000000000000000000000000000000000000000000000000000000000000","1.00000000000000000000000000000000000000000000000000000000000000000000000000000000000000000000000000000000000000000000000000000000000000000000000000000000000","0.851700000000000","ARCHS4--Coexpression","FAM227A,LMNB2,PKD1L2"
"DEG_HMVL_ALL","621","0.381400000000000017","HSF4_ARCHS4_PEARSON","HSF4","3","298","0.68449999999999999733546474089962430298328399658203125000000000000000000000000000000000000000000000000000000000000000000000000000000000000000000000","1.00000000000000000000000000000000000000000000000000000000000000000000000000000000000000000000000000000000000000000000000000000000000000000000000000000000000","0.851700000000000","ARCHS4--Coexpression","IDUA,PNPLA7,SEMA3B"
"DEG_HMVL_ALL","622","0.382099999999999995","ZNF578_ARCHS4_PEARSON","ZNF578","3","298","0.68449999999999999733546474089962430298328399658203125000000000000000000000000000000000000000000000000000000000000000000000000000000000000000000000","1.00000000000000000000000000000000000000000000000000000000000000000000000000000000000000000000000000000000000000000000000000000000000000000000000000000000000","0.851700000000000","ARCHS4--Coexpression","NABP1,RNFT2,PKD1L2"
"DEG_HMVL_ALL","623","0.382699999999999985","ZNF772_ARCHS4_PEARSON","ZNF772","3","298","0.68449999999999999733546474089962430298328399658203125000000000000000000000000000000000000000000000000000000000000000000000000000000000000000000000","1.00000000000000000000000000000000000000000000000000000000000000000000000000000000000000000000000000000000000000000000000000000000000000000000000000000000000","0.851700000000000","ARCHS4--Coexpression","FAM227A,TRMT9B,RNFT2"
"DEG_HMVL_ALL","624","0.383299999999999974","ZNF835_ARCHS4_PEARSON","ZNF835","3","298","0.68449999999999999733546474089962430298328399658203125000000000000000000000000000000000000000000000000000000000000000000000000000000000000000000000","1.00000000000000000000000000000000000000000000000000000000000000000000000000000000000000000000000000000000000000000000000000000000000000000000000000000000000","0.851700000000000","ARCHS4--Coexpression","FAM227A,RNFT2,PKD1L2"
"DEG_HMVL_ALL","625","0.383900000000000019","TERB1_ARCHS4_PEARSON","TERB1","3","298","0.68449999999999999733546474089962430298328399658203125000000000000000000000000000000000000000000000000000000000000000000000000000000000000000000000","1.00000000000000000000000000000000000000000000000000000000000000000000000000000000000000000000000000000000000000000000000000000000000000000000000000000000000","0.851700000000000","ARCHS4--Coexpression","FAM227A,RNFT2,PKD1L2"
"DEG_HMVL_ALL","626","0.384500000000000008","ZSCAN12_ARCHS4_PEARSON","ZSCAN12","3","298","0.68449999999999999733546474089962430298328399658203125000000000000000000000000000000000000000000000000000000000000000000000000000000000000000000000","1.00000000000000000000000000000000000000000000000000000000000000000000000000000000000000000000000000000000000000000000000000000000000000000000000000000000000","0.851700000000000","ARCHS4--Coexpression","SKA1,FAM227A,PKD1L2"
"DEG_HMVL_ALL","627","0.385099999999999998","RAX_ARCHS4_PEARSON","RAX","3","298","0.68449999999999999733546474089962430298328399658203125000000000000000000000000000000000000000000000000000000000000000000000000000000000000000000000","1.00000000000000000000000000000000000000000000000000000000000000000000000000000000000000000000000000000000000000000000000000000000000000000000000000000000000","0.851700000000000","ARCHS4--Coexpression","PIMREG,NABP1,MXD3"
"DEG_HMVL_ALL","628","0.385699999999999987","ZFP82_ARCHS4_PEARSON","ZFP82","3","298","0.68449999999999999733546474089962430298328399658203125000000000000000000000000000000000000000000000000000000000000000000000000000000000000000000000","1.00000000000000000000000000000000000000000000000000000000000000000000000000000000000000000000000000000000000000000000000000000000000000000000000000000000000","0.851700000000000","ARCHS4--Coexpression","FAM227A,RNFT2,PKD1L2"
"DEG_HMVL_ALL","629","0.386400000000000021","ZNF500_ARCHS4_PEARSON","ZNF500","3","298","0.68449999999999999733546474089962430298328399658203125000000000000000000000000000000000000000000000000000000000000000000000000000000000000000000000","1.00000000000000000000000000000000000000000000000000000000000000000000000000000000000000000000000000000000000000000000000000000000000000000000000000000000000","0.851700000000000","ARCHS4--Coexpression","FAM227A,RNFT2,PKD1L2"
"DEG_HMVL_ALL","630","0.387000000000000011","ZSCAN2_ARCHS4_PEARSON","ZSCAN2","3","298","0.68449999999999999733546474089962430298328399658203125000000000000000000000000000000000000000000000000000000000000000000000000000000000000000000000","1.00000000000000000000000000000000000000000000000000000000000000000000000000000000000000000000000000000000000000000000000000000000000000000000000000000000000","0.851700000000000","ARCHS4--Coexpression","FAM227A,RNFT2,PKD1L2"
"DEG_HMVL_ALL","631","0.387600000000000000","IKZF5_ARCHS4_PEARSON","IKZF5","3","299","0.68659999999999998809840917601832188665866851806640625000000000000000000000000000000000000000000000000000000000000000000000000000000000000000000000","1.00000000000000000000000000000000000000000000000000000000000000000000000000000000000000000000000000000000000000000000000000000000000000000000000000000000000","0.848800000000000","ARCHS4--Coexpression","IQGAP3,KIFC1,LMNB2"
"DEG_HMVL_ALL","632","0.388199999999999990","ZNF737_ARCHS4_PEARSON","ZNF737","3","299","0.68659999999999998809840917601832188665866851806640625000000000000000000000000000000000000000000000000000000000000000000000000000000000000000000000","1.00000000000000000000000000000000000000000000000000000000000000000000000000000000000000000000000000000000000000000000000000000000000000000000000000000000000","0.848800000000000","ARCHS4--Coexpression","INCENP,LMNB2,PKD1L2"
"DEG_HMVL_ALL","633","0.388799999999999979","ADNP_ARCHS4_PEARSON","ADNP","3","299","0.68659999999999998809840917601832188665866851806640625000000000000000000000000000000000000000000000000000000000000000000000000000000000000000000000","1.00000000000000000000000000000000000000000000000000000000000000000000000000000000000000000000000000000000000000000000000000000000000000000000000000000000000","0.848800000000000","ARCHS4--Coexpression","NUDT3,ANP32E,FANCD2"
"DEG_HMVL_ALL","634","0.389400000000000024","ZNF425_ARCHS4_PEARSON","ZNF425","3","299","0.68659999999999998809840917601832188665866851806640625000000000000000000000000000000000000000000000000000000000000000000000000000000000000000000000","1.00000000000000000000000000000000000000000000000000000000000000000000000000000000000000000000000000000000000000000000000000000000000000000000000000000000000","0.848800000000000","ARCHS4--Coexpression","FAM227A,RNFT2,PKD1L2"
"DEG_HMVL_ALL","635","0.390000000000000013","ZNF7_ARCHS4_PEARSON","ZNF7","3","299","0.68659999999999998809840917601832188665866851806640625000000000000000000000000000000000000000000000000000000000000000000000000000000000000000000000","1.00000000000000000000000000000000000000000000000000000000000000000000000000000000000000000000000000000000000000000000000000000000000000000000000000000000000","0.848800000000000","ARCHS4--Coexpression","FAM227A,RNFT2,PKD1L2"
"DEG_HMVL_ALL","636","0.390699999999999992","ZNF426_ARCHS4_PEARSON","ZNF426","3","299","0.68659999999999998809840917601832188665866851806640625000000000000000000000000000000000000000000000000000000000000000000000000000000000000000000000","1.00000000000000000000000000000000000000000000000000000000000000000000000000000000000000000000000000000000000000000000000000000000000000000000000000000000000","0.848800000000000","ARCHS4--Coexpression","FAM227A,RNFT2,PKD1L2"
"DEG_HMVL_ALL","637","0.391299999999999981","IKZF1_ARCHS4_PEARSON","IKZF1","3","299","0.68659999999999998809840917601832188665866851806640625000000000000000000000000000000000000000000000000000000000000000000000000000000000000000000000","1.00000000000000000000000000000000000000000000000000000000000000000000000000000000000000000000000000000000000000000000000000000000000000000000000000000000000","0.848800000000000","ARCHS4--Coexpression","CDKN1B,SUN2,PBXIP1"
"DEG_HMVL_ALL","638","0.391900000000000026","GLYR1_ARCHS4_PEARSON","GLYR1","3","299","0.68659999999999998809840917601832188665866851806640625000000000000000000000000000000000000000000000000000000000000000000000000000000000000000000000","1.00000000000000000000000000000000000000000000000000000000000000000000000000000000000000000000000000000000000000000000000000000000000000000000000000000000000","0.848800000000000","ARCHS4--Coexpression","INCENP,KIFC1,LMNB2"
"DEG_HMVL_ALL","639","0.392500000000000016","ZNF843_ARCHS4_PEARSON","ZNF843","3","299","0.68659999999999998809840917601832188665866851806640625000000000000000000000000000000000000000000000000000000000000000000000000000000000000000000000","1.00000000000000000000000000000000000000000000000000000000000000000000000000000000000000000000000000000000000000000000000000000000000000000000000000000000000","0.848800000000000","ARCHS4--Coexpression","FAM227A,RNFT2,PKD1L2"
"DEG_HMVL_ALL","640","0.393100000000000005","MESP2_ARCHS4_PEARSON","MESP2","3","299","0.68659999999999998809840917601832188665866851806640625000000000000000000000000000000000000000000000000000000000000000000000000000000000000000000000","1.00000000000000000000000000000000000000000000000000000000000000000000000000000000000000000000000000000000000000000000000000000000000000000000000000000000000","0.848800000000000","ARCHS4--Coexpression","SKA1,FAM227A,PKD1L2"
"DEG_HMVL_ALL","641","0.393699999999999994","KLF13_ARCHS4_PEARSON","KLF13","3","299","0.68659999999999998809840917601832188665866851806640625000000000000000000000000000000000000000000000000000000000000000000000000000000000000000000000","1.00000000000000000000000000000000000000000000000000000000000000000000000000000000000000000000000000000000000000000000000000000000000000000000000000000000000","0.848800000000000","ARCHS4--Coexpression","CDKN1B,SUN2,PBXIP1"
"DEG_HMVL_ALL","642","0.394299999999999984","TGIF1_ARCHS4_PEARSON","TGIF1","3","299","0.68659999999999998809840917601832188665866851806640625000000000000000000000000000000000000000000000000000000000000000000000000000000000000000000000","1.00000000000000000000000000000000000000000000000000000000000000000000000000000000000000000000000000000000000000000000000000000000000000000000000000000000000","0.848800000000000","ARCHS4--Coexpression","CKS2,CKS1B,DNMT3B"
"DEG_HMVL_ALL","643","0.395000000000000018","FOXP3_ARCHS4_PEARSON","FOXP3","3","299","0.68659999999999998809840917601832188665866851806640625000000000000000000000000000000000000000000000000000000000000000000000000000000000000000000000","1.00000000000000000000000000000000000000000000000000000000000000000000000000000000000000000000000000000000000000000000000000000000000000000000000000000000000","0.848800000000000","ARCHS4--Coexpression","CDKN1B,SUN2,PBXIP1"
"DEG_HMVL_ALL","644","0.395600000000000007","ZFP90_ARCHS4_PEARSON","ZFP90","3","299","0.68659999999999998809840917601832188665866851806640625000000000000000000000000000000000000000000000000000000000000000000000000000000000000000000000","1.00000000000000000000000000000000000000000000000000000000000000000000000000000000000000000000000000000000000000000000000000000000000000000000000000000000000","0.848800000000000","ARCHS4--Coexpression","NUDT3,FAM227A,RNFT2"
"DEG_HMVL_ALL","645","0.396199999999999997","ZNF557_ARCHS4_PEARSON","ZNF557","3","299","0.68659999999999998809840917601832188665866851806640625000000000000000000000000000000000000000000000000000000000000000000000000000000000000000000000","1.00000000000000000000000000000000000000000000000000000000000000000000000000000000000000000000000000000000000000000000000000000000000000000000000000000000000","0.848800000000000","ARCHS4--Coexpression","FAM227A,RNFT2,PKD1L2"
"DEG_HMVL_ALL","646","0.396799999999999986","ZNF320_ARCHS4_PEARSON","ZNF320","3","299","0.68659999999999998809840917601832188665866851806640625000000000000000000000000000000000000000000000000000000000000000000000000000000000000000000000","1.00000000000000000000000000000000000000000000000000000000000000000000000000000000000000000000000000000000000000000000000000000000000000000000000000000000000","0.848800000000000","ARCHS4--Coexpression","FAM227A,RNFT2,PKD1L2"
"DEG_HMVL_ALL","647","0.397399999999999975","ZNF675_ARCHS4_PEARSON","ZNF675","3","299","0.68659999999999998809840917601832188665866851806640625000000000000000000000000000000000000000000000000000000000000000000000000000000000000000000000","1.00000000000000000000000000000000000000000000000000000000000000000000000000000000000000000000000000000000000000000000000000000000000000000000000000000000000","0.848800000000000","ARCHS4--Coexpression","FAM227A,RNFT2,PKD1L2"
"DEG_HMVL_ALL","648","0.398000000000000020","MLXIP_ARCHS4_PEARSON","MLXIP","3","299","0.68659999999999998809840917601832188665866851806640625000000000000000000000000000000000000000000000000000000000000000000000000000000000000000000000","1.00000000000000000000000000000000000000000000000000000000000000000000000000000000000000000000000000000000000000000000000000000000000000000000000000000000000","0.848800000000000","ARCHS4--Coexpression","ANO9,PNPLA7,TTLL3"
"DEG_HMVL_ALL","649","0.398600000000000010","NFX1_ARCHS4_PEARSON","NFX1","3","299","0.68659999999999998809840917601832188665866851806640625000000000000000000000000000000000000000000000000000000000000000000000000000000000000000000000","1.00000000000000000000000000000000000000000000000000000000000000000000000000000000000000000000000000000000000000000000000000000000000000000000000000000000000","0.848800000000000","ARCHS4--Coexpression","FAM227A,TMEM45A,PKD1L2"
"DEG_HMVL_ALL","650","0.399299999999999988","ZNF625_ARCHS4_PEARSON","ZNF625","3","299","0.68659999999999998809840917601832188665866851806640625000000000000000000000000000000000000000000000000000000000000000000000000000000000000000000000","1.00000000000000000000000000000000000000000000000000000000000000000000000000000000000000000000000000000000000000000000000000000000000000000000000000000000000","0.848800000000000","ARCHS4--Coexpression","FAM227A,SUN2,RNFT2"
"DEG_HMVL_ALL","651","0.399899999999999978","PGR_ARCHS4_PEARSON","PGR","3","299","0.68659999999999998809840917601832188665866851806640625000000000000000000000000000000000000000000000000000000000000000000000000000000000000000000000","1.00000000000000000000000000000000000000000000000000000000000000000000000000000000000000000000000000000000000000000000000000000000000000000000000000000000000","0.848800000000000","ARCHS4--Coexpression","LURAP1L,RACGAP1,ECT2"
"DEG_HMVL_ALL","652","0.400500000000000023","ZNF383_ARCHS4_PEARSON","ZNF383","3","299","0.68659999999999998809840917601832188665866851806640625000000000000000000000000000000000000000000000000000000000000000000000000000000000000000000000","1.00000000000000000000000000000000000000000000000000000000000000000000000000000000000000000000000000000000000000000000000000000000000000000000000000000000000","0.848800000000000","ARCHS4--Coexpression","FAM227A,RNFT2,PKD1L2"
"DEG_HMVL_ALL","653","0.401100000000000012","FOXD4L1_ARCHS4_PEARSON","FOXD4L1","3","299","0.68659999999999998809840917601832188665866851806640625000000000000000000000000000000000000000000000000000000000000000000000000000000000000000000000","1.00000000000000000000000000000000000000000000000000000000000000000000000000000000000000000000000000000000000000000000000000000000000000000000000000000000000","0.848800000000000","ARCHS4--Coexpression","RECQL4,FAM227A,ARHGAP11B"
"DEG_HMVL_ALL","654","0.401700000000000002","ZNF606_ARCHS4_PEARSON","ZNF606","3","299","0.68659999999999998809840917601832188665866851806640625000000000000000000000000000000000000000000000000000000000000000000000000000000000000000000000","1.00000000000000000000000000000000000000000000000000000000000000000000000000000000000000000000000000000000000000000000000000000000000000000000000000000000000","0.848800000000000","ARCHS4--Coexpression","FAM227A,LMNB2,RNFT2"
"DEG_HMVL_ALL","655","0.402299999999999991","ZNF18_ARCHS4_PEARSON","ZNF18","3","299","0.68659999999999998809840917601832188665866851806640625000000000000000000000000000000000000000000000000000000000000000000000000000000000000000000000","1.00000000000000000000000000000000000000000000000000000000000000000000000000000000000000000000000000000000000000000000000000000000000000000000000000000000000","0.848800000000000","ARCHS4--Coexpression","INCENP,KIFC1,LMNB2"
"DEG_HMVL_ALL","656","0.402899999999999980","SCX_ARCHS4_PEARSON","SCX","3","299","0.68659999999999998809840917601832188665866851806640625000000000000000000000000000000000000000000000000000000000000000000000000000000000000000000000","1.00000000000000000000000000000000000000000000000000000000000000000000000000000000000000000000000000000000000000000000000000000000000000000000000000000000000","0.848800000000000","ARCHS4--Coexpression","LCN12,IDUA,RECQL4"
"DEG_HMVL_ALL","657","0.403600000000000014","SLC2A4RG_ARCHS4_PEARSON","SLC2A4RG","3","299","0.68659999999999998809840917601832188665866851806640625000000000000000000000000000000000000000000000000000000000000000000000000000000000000000000000","1.00000000000000000000000000000000000000000000000000000000000000000000000000000000000000000000000000000000000000000000000000000000000000000000000000000000000","0.848800000000000","ARCHS4--Coexpression","RECQL4,LMNB2,SAPCD2"
"DEG_HMVL_ALL","658","0.404200000000000004","ZFP41_ARCHS4_PEARSON","ZFP41","3","299","0.68659999999999998809840917601832188665866851806640625000000000000000000000000000000000000000000000000000000000000000000000000000000000000000000000","1.00000000000000000000000000000000000000000000000000000000000000000000000000000000000000000000000000000000000000000000000000000000000000000000000000000000000","0.848800000000000","ARCHS4--Coexpression","INCENP,RECQL4,LMNB2"
"DEG_HMVL_ALL","659","0.404799999999999993","ZNF615_ARCHS4_PEARSON","ZNF615","3","299","0.68659999999999998809840917601832188665866851806640625000000000000000000000000000000000000000000000000000000000000000000000000000000000000000000000","1.00000000000000000000000000000000000000000000000000000000000000000000000000000000000000000000000000000000000000000000000000000000000000000000000000000000000","0.848800000000000","ARCHS4--Coexpression","INCENP,LMNB2,PKD1L2"
"DEG_HMVL_ALL","660","0.405399999999999983","SIX2_ARCHS4_PEARSON","SIX2","3","299","0.68659999999999998809840917601832188665866851806640625000000000000000000000000000000000000000000000000000000000000000000000000000000000000000000000","1.00000000000000000000000000000000000000000000000000000000000000000000000000000000000000000000000000000000000000000000000000000000000000000000000000000000000","0.848800000000000","ARCHS4--Coexpression","TUBB4B,CAPS,LMNB2"
"DEG_HMVL_ALL","661","0.406000000000000028","YBX2_ARCHS4_PEARSON","YBX2","3","299","0.68659999999999998809840917601832188665866851806640625000000000000000000000000000000000000000000000000000000000000000000000000000000000000000000000","1.00000000000000000000000000000000000000000000000000000000000000000000000000000000000000000000000000000000000000000000000000000000000000000000000000000000000","0.848800000000000","ARCHS4--Coexpression","IZUMO4,ANO9,ODF2"
"DEG_HMVL_ALL","662","0.406600000000000017","TAL2_ARCHS4_PEARSON","TAL2","3","299","0.68659999999999998809840917601832188665866851806640625000000000000000000000000000000000000000000000000000000000000000000000000000000000000000000000","1.00000000000000000000000000000000000000000000000000000000000000000000000000000000000000000000000000000000000000000000000000000000000000000000000000000000000","0.848800000000000","ARCHS4--Coexpression","KIF15,CENPE,CDC25C"
"DEG_HMVL_ALL","663","0.407200000000000006","ZNF257_ARCHS4_PEARSON","ZNF257","3","299","0.68659999999999998809840917601832188665866851806640625000000000000000000000000000000000000000000000000000000000000000000000000000000000000000000000","1.00000000000000000000000000000000000000000000000000000000000000000000000000000000000000000000000000000000000000000000000000000000000000000000000000000000000","0.848800000000000","ARCHS4--Coexpression","SKA1,FAM227A,PKD1L2"
"DEG_HMVL_ALL","664","0.407899999999999985","FOXP1_ARCHS4_PEARSON","FOXP1","3","299","0.68659999999999998809840917601832188665866851806640625000000000000000000000000000000000000000000000000000000000000000000000000000000000000000000000","1.00000000000000000000000000000000000000000000000000000000000000000000000000000000000000000000000000000000000000000000000000000000000000000000000000000000000","0.848800000000000","ARCHS4--Coexpression","NABP1,PKD1L2,NCALD"
"DEG_HMVL_ALL","665","0.408499999999999974","ZSCAN21_ARCHS4_PEARSON","ZSCAN21","3","299","0.68659999999999998809840917601832188665866851806640625000000000000000000000000000000000000000000000000000000000000000000000000000000000000000000000","1.00000000000000000000000000000000000000000000000000000000000000000000000000000000000000000000000000000000000000000000000000000000000000000000000000000000000","0.848800000000000","ARCHS4--Coexpression","SUV39H1,SUN2,RNF26"
"DEG_HMVL_ALL","666","0.409100000000000019","ZNF345_ARCHS4_PEARSON","ZNF345","3","299","0.68659999999999998809840917601832188665866851806640625000000000000000000000000000000000000000000000000000000000000000000000000000000000000000000000","1.00000000000000000000000000000000000000000000000000000000000000000000000000000000000000000000000000000000000000000000000000000000000000000000000000000000000","0.848800000000000","ARCHS4--Coexpression","FAM227A,RNFT2,PKD1L2"
"DEG_HMVL_ALL","667","0.409700000000000009","ZNF791_ARCHS4_PEARSON","ZNF791","3","299","0.68659999999999998809840917601832188665866851806640625000000000000000000000000000000000000000000000000000000000000000000000000000000000000000000000","1.00000000000000000000000000000000000000000000000000000000000000000000000000000000000000000000000000000000000000000000000000000000000000000000000000000000000","0.848800000000000","ARCHS4--Coexpression","FAM227A,RNFT2,PKD1L2"
"DEG_HMVL_ALL","668","0.410299999999999998","SATB2_ARCHS4_PEARSON","SATB2","3","299","0.68659999999999998809840917601832188665866851806640625000000000000000000000000000000000000000000000000000000000000000000000000000000000000000000000","1.00000000000000000000000000000000000000000000000000000000000000000000000000000000000000000000000000000000000000000000000000000000000000000000000000000000000","0.848800000000000","ARCHS4--Coexpression","NUDT3,TRMT9B,SHANK2"
"DEG_HMVL_ALL","669","0.410899999999999987","PRR12_ARCHS4_PEARSON","PRR12","3","299","0.68659999999999998809840917601832188665866851806640625000000000000000000000000000000000000000000000000000000000000000000000000000000000000000000000","1.00000000000000000000000000000000000000000000000000000000000000000000000000000000000000000000000000000000000000000000000000000000000000000000000000000000000","0.848800000000000","ARCHS4--Coexpression","INCENP,LMNB2,SUN2"
"DEG_HMVL_ALL","670","0.411499999999999977","SMAD9_ARCHS4_PEARSON","SMAD9","3","299","0.68659999999999998809840917601832188665866851806640625000000000000000000000000000000000000000000000000000000000000000000000000000000000000000000000","1.00000000000000000000000000000000000000000000000000000000000000000000000000000000000000000000000000000000000000000000000000000000000000000000000000000000000","0.848800000000000","ARCHS4--Coexpression","NUDT3,TRMT9B,RNFT2"
"DEG_HMVL_ALL","671","0.412200000000000011","WIZ_ARCHS4_PEARSON","WIZ","3","299","0.68659999999999998809840917601832188665866851806640625000000000000000000000000000000000000000000000000000000000000000000000000000000000000000000000","1.00000000000000000000000000000000000000000000000000000000000000000000000000000000000000000000000000000000000000000000000000000000000000000000000000000000000","0.848800000000000","ARCHS4--Coexpression","INCENP,FOXM1,LMNB2"
"DEG_HMVL_ALL","672","0.412800000000000000","PRDM15_ARCHS4_PEARSON","PRDM15","3","299","0.68659999999999998809840917601832188665866851806640625000000000000000000000000000000000000000000000000000000000000000000000000000000000000000000000","1.00000000000000000000000000000000000000000000000000000000000000000000000000000000000000000000000000000000000000000000000000000000000000000000000000000000000","0.848800000000000","ARCHS4--Coexpression","FAM227A,RNFT2,PKD1L2"
"DEG_HMVL_ALL","673","0.413399999999999990","ZNF430_ARCHS4_PEARSON","ZNF430","3","299","0.68659999999999998809840917601832188665866851806640625000000000000000000000000000000000000000000000000000000000000000000000000000000000000000000000","1.00000000000000000000000000000000000000000000000000000000000000000000000000000000000000000000000000000000000000000000000000000000000000000000000000000000000","0.848800000000000","ARCHS4--Coexpression","FAM227A,LMNB2,PKD1L2"
"DEG_HMVL_ALL","674","0.413999999999999979","VENTX_ARCHS4_PEARSON","VENTX","3","299","0.68659999999999998809840917601832188665866851806640625000000000000000000000000000000000000000000000000000000000000000000000000000000000000000000000","1.00000000000000000000000000000000000000000000000000000000000000000000000000000000000000000000000000000000000000000000000000000000000000000000000000000000000","0.848800000000000","ARCHS4--Coexpression","FAM227A,RNFT2,PKD1L2"
"DEG_HMVL_ALL","675","0.414600000000000024","ZNF547_ARCHS4_PEARSON","ZNF547","3","299","0.68659999999999998809840917601832188665866851806640625000000000000000000000000000000000000000000000000000000000000000000000000000000000000000000000","1.00000000000000000000000000000000000000000000000000000000000000000000000000000000000000000000000000000000000000000000000000000000000000000000000000000000000","0.848800000000000","ARCHS4--Coexpression","INCENP,SUN2,RNFT2"
"DEG_HMVL_ALL","676","0.415200000000000014","KLF3_ARCHS4_PEARSON","KLF3","3","299","0.68659999999999998809840917601832188665866851806640625000000000000000000000000000000000000000000000000000000000000000000000000000000000000000000000","1.00000000000000000000000000000000000000000000000000000000000000000000000000000000000000000000000000000000000000000000000000000000000000000000000000000000000","0.848800000000000","ARCHS4--Coexpression","SUN2,PBXIP1,EPOR"
"DEG_HMVL_ALL","677","0.415800000000000003","ZFPM1_ARCHS4_PEARSON","ZFPM1","3","299","0.68659999999999998809840917601832188665866851806640625000000000000000000000000000000000000000000000000000000000000000000000000000000000000000000000","1.00000000000000000000000000000000000000000000000000000000000000000000000000000000000000000000000000000000000000000000000000000000000000000000000000000000000","0.848800000000000","ARCHS4--Coexpression","RECQL4,UBE2S,EPOR"
"DEG_HMVL_ALL","678","0.416499999999999981","HIC1_ARCHS4_PEARSON","HIC1","3","299","0.68659999999999998809840917601832188665866851806640625000000000000000000000000000000000000000000000000000000000000000000000000000000000000000000000","1.00000000000000000000000000000000000000000000000000000000000000000000000000000000000000000000000000000000000000000000000000000000000000000000000000000000000","0.848800000000000","ARCHS4--Coexpression","IZUMO4,ANO9,FOXL1"
"DEG_HMVL_ALL","679","0.417100000000000026","KMT2B_ARCHS4_PEARSON","KMT2B","3","299","0.68659999999999998809840917601832188665866851806640625000000000000000000000000000000000000000000000000000000000000000000000000000000000000000000000","1.00000000000000000000000000000000000000000000000000000000000000000000000000000000000000000000000000000000000000000000000000000000000000000000000000000000000","0.848800000000000","ARCHS4--Coexpression","INCENP,LMNB2,SUN2"
"DEG_HMVL_ALL","680","0.417700000000000016","ZNF12_ARCHS4_PEARSON","ZNF12","3","299","0.68659999999999998809840917601832188665866851806640625000000000000000000000000000000000000000000000000000000000000000000000000000000000000000000000","1.00000000000000000000000000000000000000000000000000000000000000000000000000000000000000000000000000000000000000000000000000000000000000000000000000000000000","0.848800000000000","ARCHS4--Coexpression","RAD21,CENPE,ASPM"
"DEG_HMVL_ALL","681","0.418300000000000005","ZNF224_ARCHS4_PEARSON","ZNF224","3","299","0.68659999999999998809840917601832188665866851806640625000000000000000000000000000000000000000000000000000000000000000000000000000000000000000000000","1.00000000000000000000000000000000000000000000000000000000000000000000000000000000000000000000000000000000000000000000000000000000000000000000000000000000000","0.848800000000000","ARCHS4--Coexpression","ZNF233,TMEM45A,PKD1L2"
"DEG_HMVL_ALL","682","0.418899999999999995","ZNF200_ARCHS4_PEARSON","ZNF200","3","299","0.68659999999999998809840917601832188665866851806640625000000000000000000000000000000000000000000000000000000000000000000000000000000000000000000000","1.00000000000000000000000000000000000000000000000000000000000000000000000000000000000000000000000000000000000000000000000000000000000000000000000000000000000","0.848800000000000","ARCHS4--Coexpression","FAM227A,RNFT2,PKD1L2"
"DEG_HMVL_ALL","683","0.419499999999999984","CEBPA_ARCHS4_PEARSON","CEBPA","3","299","0.68659999999999998809840917601832188665866851806640625000000000000000000000000000000000000000000000000000000000000000000000000000000000000000000000","1.00000000000000000000000000000000000000000000000000000000000000000000000000000000000000000000000000000000000000000000000000000000000000000000000000000000000","0.848800000000000","ARCHS4--Coexpression","CACNA2D4,MST1,SUN2"
"DEG_HMVL_ALL","684","0.420099999999999973","GSX2_ARCHS4_PEARSON","GSX2","3","299","0.68659999999999998809840917601832188665866851806640625000000000000000000000000000000000000000000000000000000000000000000000000000000000000000000000","1.00000000000000000000000000000000000000000000000000000000000000000000000000000000000000000000000000000000000000000000000000000000000000000000000000000000000","0.848800000000000","ARCHS4--Coexpression","PIMREG,PBK,PSRC1"
"DEG_HMVL_ALL","685","0.420800000000000007","ZNF276_ARCHS4_PEARSON","ZNF276","3","299","0.68659999999999998809840917601832188665866851806640625000000000000000000000000000000000000000000000000000000000000000000000000000000000000000000000","1.00000000000000000000000000000000000000000000000000000000000000000000000000000000000000000000000000000000000000000000000000000000000000000000000000000000000","0.848800000000000","ARCHS4--Coexpression","RECQL4,SUN2,PBXIP1"
"DEG_HMVL_ALL","686","0.421399999999999997","ZNF546_ARCHS4_PEARSON","ZNF546","3","299","0.68659999999999998809840917601832188665866851806640625000000000000000000000000000000000000000000000000000000000000000000000000000000000000000000000","1.00000000000000000000000000000000000000000000000000000000000000000000000000000000000000000000000000000000000000000000000000000000000000000000000000000000000","0.848800000000000","ARCHS4--Coexpression","FAM227A,RNFT2,PKD1L2"
"DEG_HMVL_ALL","687","0.421999999999999986","ZFP2_ARCHS4_PEARSON","ZFP2","3","299","0.68659999999999998809840917601832188665866851806640625000000000000000000000000000000000000000000000000000000000000000000000000000000000000000000000","1.00000000000000000000000000000000000000000000000000000000000000000000000000000000000000000000000000000000000000000000000000000000000000000000000000000000000","0.848800000000000","ARCHS4--Coexpression","FAM227A,LMNB2,PKD1L2"
"DEG_HMVL_ALL","688","0.422599999999999976","ZNF747_ARCHS4_PEARSON","ZNF747","3","299","0.68659999999999998809840917601832188665866851806640625000000000000000000000000000000000000000000000000000000000000000000000000000000000000000000000","1.00000000000000000000000000000000000000000000000000000000000000000000000000000000000000000000000000000000000000000000000000000000000000000000000000000000000","0.848800000000000","ARCHS4--Coexpression","MR1,FAM227A,PKD1L2"
"DEG_HMVL_ALL","689","0.423200000000000021","ZNF397_ARCHS4_PEARSON","ZNF397","3","299","0.68659999999999998809840917601832188665866851806640625000000000000000000000000000000000000000000000000000000000000000000000000000000000000000000000","1.00000000000000000000000000000000000000000000000000000000000000000000000000000000000000000000000000000000000000000000000000000000000000000000000000000000000","0.848800000000000","ARCHS4--Coexpression","FAM227A,RNFT2,PKD1L2"
"DEG_HMVL_ALL","690","0.423800000000000010","ZNF619_ARCHS4_PEARSON","ZNF619","3","299","0.68659999999999998809840917601832188665866851806640625000000000000000000000000000000000000000000000000000000000000000000000000000000000000000000000","1.00000000000000000000000000000000000000000000000000000000000000000000000000000000000000000000000000000000000000000000000000000000000000000000000000000000000","0.848800000000000","ARCHS4--Coexpression","FAM227A,RNFT2,PKD1L2"
"DEG_HMVL_ALL","691","0.424399999999999999","ZNF396_ARCHS4_PEARSON","ZNF396","3","299","0.68659999999999998809840917601832188665866851806640625000000000000000000000000000000000000000000000000000000000000000000000000000000000000000000000","1.00000000000000000000000000000000000000000000000000000000000000000000000000000000000000000000000000000000000000000000000000000000000000000000000000000000000","0.848800000000000","ARCHS4--Coexpression","FAM227A,RNFT2,PKD1L2"
"DEG_HMVL_ALL","692","0.425099999999999978","SIM2_ARCHS4_PEARSON","SIM2","3","299","0.68659999999999998809840917601832188665866851806640625000000000000000000000000000000000000000000000000000000000000000000000000000000000000000000000","1.00000000000000000000000000000000000000000000000000000000000000000000000000000000000000000000000000000000000000000000000000000000000000000000000000000000000","0.848800000000000","ARCHS4--Coexpression","FAM227A,RNFT2,PKD1L2"
"DEG_HMVL_ALL","693","0.425700000000000023","ZNF729_ARCHS4_PEARSON","ZNF729","3","299","0.68659999999999998809840917601832188665866851806640625000000000000000000000000000000000000000000000000000000000000000000000000000000000000000000000","1.00000000000000000000000000000000000000000000000000000000000000000000000000000000000000000000000000000000000000000000000000000000000000000000000000000000000","0.848800000000000","ARCHS4--Coexpression","SKA3,CENPA,TTK"
"DEG_HMVL_ALL","694","0.426300000000000012","IRF3_ARCHS4_PEARSON","IRF3","3","299","0.68659999999999998809840917601832188665866851806640625000000000000000000000000000000000000000000000000000000000000000000000000000000000000000000000","1.00000000000000000000000000000000000000000000000000000000000000000000000000000000000000000000000000000000000000000000000000000000000000000000000000000000000","0.848800000000000","ARCHS4--Coexpression","ANO9,SUN2,PBXIP1"
"DEG_HMVL_ALL","695","0.426900000000000002","NKX11_ARCHS4_PEARSON","NKX11","3","299","0.68659999999999998809840917601832188665866851806640625000000000000000000000000000000000000000000000000000000000000000000000000000000000000000000000","1.00000000000000000000000000000000000000000000000000000000000000000000000000000000000000000000000000000000000000000000000000000000000000000000000000000000000","0.848800000000000","ARCHS4--Coexpression","RAD9B,FHAD1,PKD1L2"
"DEG_HMVL_ALL","696","0.427499999999999991","ZNF24_ARCHS4_PEARSON","ZNF24","3","299","0.68659999999999998809840917601832188665866851806640625000000000000000000000000000000000000000000000000000000000000000000000000000000000000000000000","1.00000000000000000000000000000000000000000000000000000000000000000000000000000000000000000000000000000000000000000000000000000000000000000000000000000000000","0.848800000000000","ARCHS4--Coexpression","TMPO,RAD21,CDKN1B"
"DEG_HMVL_ALL","697","0.428099999999999981","ZNF781_ARCHS4_PEARSON","ZNF781","3","299","0.68659999999999998809840917601832188665866851806640625000000000000000000000000000000000000000000000000000000000000000000000000000000000000000000000","1.00000000000000000000000000000000000000000000000000000000000000000000000000000000000000000000000000000000000000000000000000000000000000000000000000000000000","0.848800000000000","ARCHS4--Coexpression","TXK,FAM227A,VMAC"
"DEG_HMVL_ALL","698","0.428700000000000025","ZNF98_ARCHS4_PEARSON","ZNF98","3","299","0.68659999999999998809840917601832188665866851806640625000000000000000000000000000000000000000000000000000000000000000000000000000000000000000000000","1.00000000000000000000000000000000000000000000000000000000000000000000000000000000000000000000000000000000000000000000000000000000000000000000000000000000000","0.848800000000000","ARCHS4--Coexpression","ESCO2,RAD9B,PKD1L2"
"DEG_HMVL_ALL","699","0.429400000000000004","SP6_ARCHS4_PEARSON","SP6","3","299","0.68659999999999998809840917601832188665866851806640625000000000000000000000000000000000000000000000000000000000000000000000000000000000000000000000","1.00000000000000000000000000000000000000000000000000000000000000000000000000000000000000000000000000000000000000000000000000000000000000000000000000000000000","0.848800000000000","ARCHS4--Coexpression","KIFC1,LMNB2,SAPCD2"
"DEG_HMVL_ALL","700","0.429999999999999993","POU2AF1_ARCHS4_PEARSON","POU2AF1","3","299","0.68659999999999998809840917601832188665866851806640625000000000000000000000000000000000000000000000000000000000000000000000000000000000000000000000","1.00000000000000000000000000000000000000000000000000000000000000000000000000000000000000000000000000000000000000000000000000000000000000000000000000000000000","0.848800000000000","ARCHS4--Coexpression","IZUMO4,RNFT2,ACKR2"
"DEG_HMVL_ALL","701","0.430599999999999983","FIZ1_ARCHS4_PEARSON","FIZ1","3","299","0.68659999999999998809840917601832188665866851806640625000000000000000000000000000000000000000000000000000000000000000000000000000000000000000000000","1.00000000000000000000000000000000000000000000000000000000000000000000000000000000000000000000000000000000000000000000000000000000000000000000000000000000000","0.848800000000000","ARCHS4--Coexpression","INCENP,RECQL4,LMNB2"
"DEG_HMVL_ALL","702","0.431200000000000028","ZNF566_ARCHS4_PEARSON","ZNF566","3","299","0.68659999999999998809840917601832188665866851806640625000000000000000000000000000000000000000000000000000000000000000000000000000000000000000000000","1.00000000000000000000000000000000000000000000000000000000000000000000000000000000000000000000000000000000000000000000000000000000000000000000000000000000000","0.848800000000000","ARCHS4--Coexpression","FAM227A,RNFT2,PKD1L2"
"DEG_HMVL_ALL","703","0.431800000000000017","DMBX1_ARCHS4_PEARSON","DMBX1","3","299","0.68659999999999998809840917601832188665866851806640625000000000000000000000000000000000000000000000000000000000000000000000000000000000000000000000","1.00000000000000000000000000000000000000000000000000000000000000000000000000000000000000000000000000000000000000000000000000000000000000000000000000000000000","0.848800000000000","ARCHS4--Coexpression","FAM227A,RNFT2,PKD1L2"
"DEG_HMVL_ALL","704","0.432400000000000007","ZNF233_ARCHS4_PEARSON","ZNF233","3","299","0.68659999999999998809840917601832188665866851806640625000000000000000000000000000000000000000000000000000000000000000000000000000000000000000000000","1.00000000000000000000000000000000000000000000000000000000000000000000000000000000000000000000000000000000000000000000000000000000000000000000000000000000000","0.848800000000000","ARCHS4--Coexpression","FAM227A,RNFT2,PKD1L2"
"DEG_HMVL_ALL","705","0.432999999999999996","ZC3H8_ARCHS4_PEARSON","ZC3H8","3","299","0.68659999999999998809840917601832188665866851806640625000000000000000000000000000000000000000000000000000000000000000000000000000000000000000000000","1.00000000000000000000000000000000000000000000000000000000000000000000000000000000000000000000000000000000000000000000000000000000000000000000000000000000000","0.848800000000000","ARCHS4--Coexpression","FAM227A,RNFT2,PKD1L2"
"DEG_HMVL_ALL","706","0.433699999999999974","ZNF347_ARCHS4_PEARSON","ZNF347","3","299","0.68659999999999998809840917601832188665866851806640625000000000000000000000000000000000000000000000000000000000000000000000000000000000000000000000","1.00000000000000000000000000000000000000000000000000000000000000000000000000000000000000000000000000000000000000000000000000000000000000000000000000000000000","0.848800000000000","ARCHS4--Coexpression","FAM227A,RNFT2,PKD1L2"
"DEG_HMVL_ALL","707","0.434300000000000019","GLI4_ARCHS4_PEARSON","GLI4","3","299","0.68659999999999998809840917601832188665866851806640625000000000000000000000000000000000000000000000000000000000000000000000000000000000000000000000","1.00000000000000000000000000000000000000000000000000000000000000000000000000000000000000000000000000000000000000000000000000000000000000000000000000000000000","0.848800000000000","ARCHS4--Coexpression","IDUA,RECQL4,SUN2"
"DEG_HMVL_ALL","708","0.434900000000000009","FOXP4_ARCHS4_PEARSON","FOXP4","3","299","0.68659999999999998809840917601832188665866851806640625000000000000000000000000000000000000000000000000000000000000000000000000000000000000000000000","1.00000000000000000000000000000000000000000000000000000000000000000000000000000000000000000000000000000000000000000000000000000000000000000000000000000000000","0.848800000000000","ARCHS4--Coexpression","RECQL4,LMNB2,SAPCD2"
"DEG_HMVL_ALL","709","0.435499999999999998","NEUROD6_ARCHS4_PEARSON","NEUROD6","3","299","0.68659999999999998809840917601832188665866851806640625000000000000000000000000000000000000000000000000000000000000000000000000000000000000000000000","1.00000000000000000000000000000000000000000000000000000000000000000000000000000000000000000000000000000000000000000000000000000000000000000000000000000000000","0.848800000000000","ARCHS4--Coexpression","NUDT3,TRMT9B,SHANK2"
"DEG_HMVL_ALL","710","0.436099999999999988","ZNF429_ARCHS4_PEARSON","ZNF429","3","299","0.68659999999999998809840917601832188665866851806640625000000000000000000000000000000000000000000000000000000000000000000000000000000000000000000000","1.00000000000000000000000000000000000000000000000000000000000000000000000000000000000000000000000000000000000000000000000000000000000000000000000000000000000","0.848800000000000","ARCHS4--Coexpression","FAM227A,LMNB2,PKD1L2"
"DEG_HMVL_ALL","711","0.436699999999999977","GATA2_ARCHS4_PEARSON","GATA2","3","299","0.68659999999999998809840917601832188665866851806640625000000000000000000000000000000000000000000000000000000000000000000000000000000000000000000000","1.00000000000000000000000000000000000000000000000000000000000000000000000000000000000000000000000000000000000000000000000000000000000000000000000000000000000","0.848800000000000","ARCHS4--Coexpression","TACC3,HSH2D,SAPCD2"
"DEG_HMVL_ALL","712","0.437300000000000022","LEUTX_ARCHS4_PEARSON","LEUTX","3","299","0.68659999999999998809840917601832188665866851806640625000000000000000000000000000000000000000000000000000000000000000000000000000000000000000000000","1.00000000000000000000000000000000000000000000000000000000000000000000000000000000000000000000000000000000000000000000000000000000000000000000000000000000000","0.848800000000000","ARCHS4--Coexpression","CENPA,CCNB1,UBE2C"
"DEG_HMVL_ALL","713","0.438000000000000000","SP5_ARCHS4_PEARSON","SP5","3","299","0.68659999999999998809840917601832188665866851806640625000000000000000000000000000000000000000000000000000000000000000000000000000000000000000000000","1.00000000000000000000000000000000000000000000000000000000000000000000000000000000000000000000000000000000000000000000000000000000000000000000000000000000000","0.848800000000000","ARCHS4--Coexpression","MST1,LMNB2,ABCC6"
"DEG_HMVL_ALL","714","0.438599999999999990","ZBTB44_ARCHS4_PEARSON","ZBTB44","3","299","0.68659999999999998809840917601832188665866851806640625000000000000000000000000000000000000000000000000000000000000000000000000000000000000000000000","1.00000000000000000000000000000000000000000000000000000000000000000000000000000000000000000000000000000000000000000000000000000000000000000000000000000000000","0.848800000000000","ARCHS4--Coexpression","RAD21,ANP32E,DNMT3B"
"DEG_HMVL_ALL","715","0.439199999999999979","HES4_ARCHS4_PEARSON","HES4","3","299","0.68659999999999998809840917601832188665866851806640625000000000000000000000000000000000000000000000000000000000000000000000000000000000000000000000","1.00000000000000000000000000000000000000000000000000000000000000000000000000000000000000000000000000000000000000000000000000000000000000000000000000000000000","0.848800000000000","ARCHS4--Coexpression","NPAS1,BCL2L12,UBE2S"
"DEG_HMVL_ALL","716","0.439800000000000024","HINFP_ARCHS4_PEARSON","HINFP","3","299","0.68659999999999998809840917601832188665866851806640625000000000000000000000000000000000000000000000000000000000000000000000000000000000000000000000","1.00000000000000000000000000000000000000000000000000000000000000000000000000000000000000000000000000000000000000000000000000000000000000000000000000000000000","0.848800000000000","ARCHS4--Coexpression","FAM227A,RNFT2,PKD1L2"
"DEG_HMVL_ALL","717","0.440400000000000014","ZNF773_ARCHS4_PEARSON","ZNF773","3","299","0.68659999999999998809840917601832188665866851806640625000000000000000000000000000000000000000000000000000000000000000000000000000000000000000000000","1.00000000000000000000000000000000000000000000000000000000000000000000000000000000000000000000000000000000000000000000000000000000000000000000000000000000000","0.848800000000000","ARCHS4--Coexpression","FAM227A,LMNB2,PKD1L2"
"DEG_HMVL_ALL","718","0.441000000000000003","ZNF76_ARCHS4_PEARSON","ZNF76","3","299","0.68659999999999998809840917601832188665866851806640625000000000000000000000000000000000000000000000000000000000000000000000000000000000000000000000","1.00000000000000000000000000000000000000000000000000000000000000000000000000000000000000000000000000000000000000000000000000000000000000000000000000000000000","0.848800000000000","ARCHS4--Coexpression","CALCOCO1,SUN2,PBXIP1"
"DEG_HMVL_ALL","719","0.441599999999999993","SOX5_ARCHS4_PEARSON","SOX5","3","299","0.68659999999999998809840917601832188665866851806640625000000000000000000000000000000000000000000000000000000000000000000000000000000000000000000000","1.00000000000000000000000000000000000000000000000000000000000000000000000000000000000000000000000000000000000000000000000000000000000000000000000000000000000","0.848800000000000","ARCHS4--Coexpression","NUDT3,SHANK2,RNFT2"
"DEG_HMVL_ALL","720","0.442300000000000026","HSF1_ARCHS4_PEARSON","HSF1","3","299","0.68659999999999998809840917601832188665866851806640625000000000000000000000000000000000000000000000000000000000000000000000000000000000000000000000","1.00000000000000000000000000000000000000000000000000000000000000000000000000000000000000000000000000000000000000000000000000000000000000000000000000000000000","0.848800000000000","ARCHS4--Coexpression","INCENP,RECQL4,LMNB2"
"DEG_HMVL_ALL","721","0.442900000000000016","ZNF23_ARCHS4_PEARSON","ZNF23","3","299","0.68659999999999998809840917601832188665866851806640625000000000000000000000000000000000000000000000000000000000000000000000000000000000000000000000","1.00000000000000000000000000000000000000000000000000000000000000000000000000000000000000000000000000000000000000000000000000000000000000000000000000000000000","0.848800000000000","ARCHS4--Coexpression","LCN12,TNFAIP8L1,RNFT2"
"DEG_HMVL_ALL","722","0.443500000000000005","ZNF485_ARCHS4_PEARSON","ZNF485","3","299","0.68659999999999998809840917601832188665866851806640625000000000000000000000000000000000000000000000000000000000000000000000000000000000000000000000","1.00000000000000000000000000000000000000000000000000000000000000000000000000000000000000000000000000000000000000000000000000000000000000000000000000000000000","0.848800000000000","ARCHS4--Coexpression","FAM227A,CKAP2,ITGB3BP"
"DEG_HMVL_ALL","723","0.444099999999999995","ELK1_ARCHS4_PEARSON","ELK1","3","299","0.68659999999999998809840917601832188665866851806640625000000000000000000000000000000000000000000000000000000000000000000000000000000000000000000000","1.00000000000000000000000000000000000000000000000000000000000000000000000000000000000000000000000000000000000000000000000000000000000000000000000000000000000","0.848800000000000","ARCHS4--Coexpression","INCENP,KIFC1,LMNB2"
"DEG_HMVL_ALL","724","0.444699999999999984","ZNF777_ARCHS4_PEARSON","ZNF777","3","299","0.68659999999999998809840917601832188665866851806640625000000000000000000000000000000000000000000000000000000000000000000000000000000000000000000000","1.00000000000000000000000000000000000000000000000000000000000000000000000000000000000000000000000000000000000000000000000000000000000000000000000000000000000","0.848800000000000","ARCHS4--Coexpression","INCENP,KIFC1,LMNB2"
"DEG_HMVL_ALL","725","0.445299999999999974","ETS1_ARCHS4_PEARSON","ETS1","3","299","0.68659999999999998809840917601832188665866851806640625000000000000000000000000000000000000000000000000000000000000000000000000000000000000000000000","1.00000000000000000000000000000000000000000000000000000000000000000000000000000000000000000000000000000000000000000000000000000000000000000000000000000000000","0.848800000000000","ARCHS4--Coexpression","CDKN1B,SUN2,PBXIP1"
"DEG_HMVL_ALL","726","0.445900000000000019","ZNF124_ARCHS4_PEARSON","ZNF124","3","299","0.68659999999999998809840917601832188665866851806640625000000000000000000000000000000000000000000000000000000000000000000000000000000000000000000000","1.00000000000000000000000000000000000000000000000000000000000000000000000000000000000000000000000000000000000000000000000000000000000000000000000000000000000","0.848800000000000","ARCHS4--Coexpression","TRMT9B,RNFT2,PKD1L2"
"DEG_HMVL_ALL","727","0.446599999999999997","HES1_ARCHS4_PEARSON","HES1","3","300","0.68879999999999996784794120685546658933162689208984375000000000000000000000000000000000000000000000000000000000000000000000000000000000000000000000","1.00000000000000000000000000000000000000000000000000000000000000000000000000000000000000000000000000000000000000000000000000000000000000000000000000000000000","0.845900000000000","ARCHS4--Coexpression","CKS2,SPC25,RNFT2"
"DEG_HMVL_ALL","728","0.447199999999999986","NR5A2_ARCHS4_PEARSON","NR5A2","3","300","0.68879999999999996784794120685546658933162689208984375000000000000000000000000000000000000000000000000000000000000000000000000000000000000000000000","1.00000000000000000000000000000000000000000000000000000000000000000000000000000000000000000000000000000000000000000000000000000000000000000000000000000000000","0.845900000000000","ARCHS4--Coexpression","PBLD,ABCC6,PKD1L2"
"DEG_HMVL_ALL","729","0.447799999999999976","ZNF90_ARCHS4_PEARSON","ZNF90","3","300","0.68879999999999996784794120685546658933162689208984375000000000000000000000000000000000000000000000000000000000000000000000000000000000000000000000","1.00000000000000000000000000000000000000000000000000000000000000000000000000000000000000000000000000000000000000000000000000000000000000000000000000000000000","0.845900000000000","ARCHS4--Coexpression","PIF1,SKA1,PKD1L2"
"DEG_HMVL_ALL","730","0.448400000000000021","ZNF208_ARCHS4_PEARSON","ZNF208","3","300","0.68879999999999996784794120685546658933162689208984375000000000000000000000000000000000000000000000000000000000000000000000000000000000000000000000","1.00000000000000000000000000000000000000000000000000000000000000000000000000000000000000000000000000000000000000000000000000000000000000000000000000000000000","0.845900000000000","ARCHS4--Coexpression","FAM227A,RNFT2,PKD1L2"
"DEG_HMVL_ALL","731","0.449000000000000010","ZNF263_ARCHS4_PEARSON","ZNF263","3","300","0.68879999999999996784794120685546658933162689208984375000000000000000000000000000000000000000000000000000000000000000000000000000000000000000000000","1.00000000000000000000000000000000000000000000000000000000000000000000000000000000000000000000000000000000000000000000000000000000000000000000000000000000000","0.845900000000000","ARCHS4--Coexpression","INCENP,RECQL4,LMNB2"
"DEG_HMVL_ALL","732","0.449600000000000000","ZNF2_ARCHS4_PEARSON","ZNF2","3","300","0.68879999999999996784794120685546658933162689208984375000000000000000000000000000000000000000000000000000000000000000000000000000000000000000000000","1.00000000000000000000000000000000000000000000000000000000000000000000000000000000000000000000000000000000000000000000000000000000000000000000000000000000000","0.845900000000000","ARCHS4--Coexpression","FAM227A,RNFT2,PKD1L2"
"DEG_HMVL_ALL","733","0.450199999999999989","ZNF157_ARCHS4_PEARSON","ZNF157","3","300","0.68879999999999996784794120685546658933162689208984375000000000000000000000000000000000000000000000000000000000000000000000000000000000000000000000","1.00000000000000000000000000000000000000000000000000000000000000000000000000000000000000000000000000000000000000000000000000000000000000000000000000000000000","0.845900000000000","ARCHS4--Coexpression","FAM227A,RNFT2,PKD1L2"
"DEG_HMVL_ALL","734","0.450900000000000023","ZBED2_ARCHS4_PEARSON","ZBED2","3","300","0.68879999999999996784794120685546658933162689208984375000000000000000000000000000000000000000000000000000000000000000000000000000000000000000000000","1.00000000000000000000000000000000000000000000000000000000000000000000000000000000000000000000000000000000000000000000000000000000000000000000000000000000000","0.845900000000000","ARCHS4--Coexpression","DDX39A,INCENP,NCAPD2"
"DEG_HMVL_ALL","735","0.451500000000000012","ZNF609_ARCHS4_PEARSON","ZNF609","3","300","0.68879999999999996784794120685546658933162689208984375000000000000000000000000000000000000000000000000000000000000000000000000000000000000000000000","1.00000000000000000000000000000000000000000000000000000000000000000000000000000000000000000000000000000000000000000000000000000000000000000000000000000000000","0.845900000000000","ARCHS4--Coexpression","INCENP,NCAPD2,LMNB2"
"DEG_HMVL_ALL","736","0.452100000000000002","ARNT_ARCHS4_PEARSON","ARNT","3","300","0.68879999999999996784794120685546658933162689208984375000000000000000000000000000000000000000000000000000000000000000000000000000000000000000000000","1.00000000000000000000000000000000000000000000000000000000000000000000000000000000000000000000000000000000000000000000000000000000000000000000000000000000000","0.845900000000000","ARCHS4--Coexpression","DTYMK,CENPW,CALCOCO1"
"DEG_HMVL_ALL","737","0.452699999999999991","ZNF677_ARCHS4_PEARSON","ZNF677","3","300","0.68879999999999996784794120685546658933162689208984375000000000000000000000000000000000000000000000000000000000000000000000000000000000000000000000","1.00000000000000000000000000000000000000000000000000000000000000000000000000000000000000000000000000000000000000000000000000000000000000000000000000000000000","0.845900000000000","ARCHS4--Coexpression","FAM227A,RNFT2,PKD1L2"
"DEG_HMVL_ALL","738","0.453299999999999981","KLF15_ARCHS4_PEARSON","KLF15","3","300","0.68879999999999996784794120685546658933162689208984375000000000000000000000000000000000000000000000000000000000000000000000000000000000000000000000","1.00000000000000000000000000000000000000000000000000000000000000000000000000000000000000000000000000000000000000000000000000000000000000000000000000000000000","0.845900000000000","ARCHS4--Coexpression","MKI67,MST1,DNAH7"
"DEG_HMVL_ALL","739","0.453900000000000026","TET3_ARCHS4_PEARSON","TET3","3","300","0.68879999999999996784794120685546658933162689208984375000000000000000000000000000000000000000000000000000000000000000000000000000000000000000000000","1.00000000000000000000000000000000000000000000000000000000000000000000000000000000000000000000000000000000000000000000000000000000000000000000000000000000000","0.845900000000000","ARCHS4--Coexpression","CDKN1B,INCENP,TACC3"
"DEG_HMVL_ALL","740","0.454500000000000015","FOXD4L5_ARCHS4_PEARSON","FOXD4L5","3","300","0.68879999999999996784794120685546658933162689208984375000000000000000000000000000000000000000000000000000000000000000000000000000000000000000000000","1.00000000000000000000000000000000000000000000000000000000000000000000000000000000000000000000000000000000000000000000000000000000000000000000000000000000000","0.845900000000000","ARCHS4--Coexpression","ARHGAP11B,TMEM45A,PKD1L2"
"DEG_HMVL_ALL","741","0.455199999999999994","ZHX1_ARCHS4_PEARSON","ZHX1","3","300","0.68879999999999996784794120685546658933162689208984375000000000000000000000000000000000000000000000000000000000000000000000000000000000000000000000","1.00000000000000000000000000000000000000000000000000000000000000000000000000000000000000000000000000000000000000000000000000000000000000000000000000000000000","0.845900000000000","ARCHS4--Coexpression","RAD21,DNMT3B,SCLT1"
"DEG_HMVL_ALL","742","0.455799999999999983","GCM1_ARCHS4_PEARSON","GCM1","3","300","0.68879999999999996784794120685546658933162689208984375000000000000000000000000000000000000000000000000000000000000000000000000000000000000000000000","1.00000000000000000000000000000000000000000000000000000000000000000000000000000000000000000000000000000000000000000000000000000000000000000000000000000000000","0.845900000000000","ARCHS4--Coexpression","FANCD2,NABP1,ACKR2"
"DEG_HMVL_ALL","743","0.456399999999999972","ZNF568_ARCHS4_PEARSON","ZNF568","3","300","0.68879999999999996784794120685546658933162689208984375000000000000000000000000000000000000000000000000000000000000000000000000000000000000000000000","1.00000000000000000000000000000000000000000000000000000000000000000000000000000000000000000000000000000000000000000000000000000000000000000000000000000000000","0.845900000000000","ARCHS4--Coexpression","FAM227A,RNFT2,PKD1L2"
"DEG_HMVL_ALL","744","0.457000000000000017","NCOA1_ARCHS4_PEARSON","NCOA1","3","300","0.68879999999999996784794120685546658933162689208984375000000000000000000000000000000000000000000000000000000000000000000000000000000000000000000000","1.00000000000000000000000000000000000000000000000000000000000000000000000000000000000000000000000000000000000000000000000000000000000000000000000000000000000","0.845900000000000","ARCHS4--Coexpression","FEN1,TK1,CKS1B"
"DEG_HMVL_ALL","745","0.457600000000000007","ZNF417_ARCHS4_PEARSON","ZNF417","3","300","0.68879999999999996784794120685546658933162689208984375000000000000000000000000000000000000000000000000000000000000000000000000000000000000000000000","1.00000000000000000000000000000000000000000000000000000000000000000000000000000000000000000000000000000000000000000000000000000000000000000000000000000000000","0.845900000000000","ARCHS4--Coexpression","FAM227A,RNFT2,PKD1L2"
"DEG_HMVL_ALL","746","0.458199999999999996","GFI1_ARCHS4_PEARSON","GFI1","3","300","0.68879999999999996784794120685546658933162689208984375000000000000000000000000000000000000000000000000000000000000000000000000000000000000000000000","1.00000000000000000000000000000000000000000000000000000000000000000000000000000000000000000000000000000000000000000000000000000000000000000000000000000000000","0.845900000000000","ARCHS4--Coexpression","TACC3,SUN2,HSH2D"
"DEG_HMVL_ALL","747","0.458799999999999986","LMX1B_ARCHS4_PEARSON","LMX1B","3","300","0.68879999999999996784794120685546658933162689208984375000000000000000000000000000000000000000000000000000000000000000000000000000000000000000000000","1.00000000000000000000000000000000000000000000000000000000000000000000000000000000000000000000000000000000000000000000000000000000000000000000000000000000000","0.845900000000000","ARCHS4--Coexpression","FAM227A,RNFT2,PKD1L2"
"DEG_HMVL_ALL","748","0.459500000000000020","ZNF764_ARCHS4_PEARSON","ZNF764","3","300","0.68879999999999996784794120685546658933162689208984375000000000000000000000000000000000000000000000000000000000000000000000000000000000000000000000","1.00000000000000000000000000000000000000000000000000000000000000000000000000000000000000000000000000000000000000000000000000000000000000000000000000000000000","0.845900000000000","ARCHS4--Coexpression","FAM227A,VMAC,PKD1L2"
"DEG_HMVL_ALL","749","0.460100000000000009","ATF6_ARCHS4_PEARSON","ATF6","3","300","0.68879999999999996784794120685546658933162689208984375000000000000000000000000000000000000000000000000000000000000000000000000000000000000000000000","1.00000000000000000000000000000000000000000000000000000000000000000000000000000000000000000000000000000000000000000000000000000000000000000000000000000000000","0.845900000000000","ARCHS4--Coexpression","IQGAP3,FANCD2,NABP1"
"DEG_HMVL_ALL","750","0.460699999999999998","ZNF133_ARCHS4_PEARSON","ZNF133","3","300","0.68879999999999996784794120685546658933162689208984375000000000000000000000000000000000000000000000000000000000000000000000000000000000000000000000","1.00000000000000000000000000000000000000000000000000000000000000000000000000000000000000000000000000000000000000000000000000000000000000000000000000000000000","0.845900000000000","ARCHS4--Coexpression","FAM227A,RNFT2,PKD1L2"
"DEG_HMVL_ALL","751","0.461299999999999988","ZNF534_ARCHS4_PEARSON","ZNF534","3","300","0.68879999999999996784794120685546658933162689208984375000000000000000000000000000000000000000000000000000000000000000000000000000000000000000000000","1.00000000000000000000000000000000000000000000000000000000000000000000000000000000000000000000000000000000000000000000000000000000000000000000000000000000000","0.845900000000000","ARCHS4--Coexpression","CENPA,OIP5,RAD51"
"DEG_HMVL_ALL","752","0.461899999999999977","ZBED5_ARCHS4_PEARSON","ZBED5","3","300","0.68879999999999996784794120685546658933162689208984375000000000000000000000000000000000000000000000000000000000000000000000000000000000000000000000","1.00000000000000000000000000000000000000000000000000000000000000000000000000000000000000000000000000000000000000000000000000000000000000000000000000000000000","0.845900000000000","ARCHS4--Coexpression","TK1,FAM227A,LMNB2"
"DEG_HMVL_ALL","753","0.462500000000000022","ZNF771_ARCHS4_PEARSON","ZNF771","3","300","0.68879999999999996784794120685546658933162689208984375000000000000000000000000000000000000000000000000000000000000000000000000000000000000000000000","1.00000000000000000000000000000000000000000000000000000000000000000000000000000000000000000000000000000000000000000000000000000000000000000000000000000000000","0.845900000000000","ARCHS4--Coexpression","SPC25,SUN2,PKD1L2"
"DEG_HMVL_ALL","754","0.463100000000000012","FOXD4L4_ARCHS4_PEARSON","FOXD4L4","3","300","0.68879999999999996784794120685546658933162689208984375000000000000000000000000000000000000000000000000000000000000000000000000000000000000000000000","1.00000000000000000000000000000000000000000000000000000000000000000000000000000000000000000000000000000000000000000000000000000000000000000000000000000000000","0.845900000000000","ARCHS4--Coexpression","RECQL4,FAM227A,ARHGAP11B"
"DEG_HMVL_ALL","755","0.463799999999999990","SOX14_ARCHS4_PEARSON","SOX14","3","300","0.68879999999999996784794120685546658933162689208984375000000000000000000000000000000000000000000000000000000000000000000000000000000000000000000000","1.00000000000000000000000000000000000000000000000000000000000000000000000000000000000000000000000000000000000000000000000000000000000000000000000000000000000","0.845900000000000","ARCHS4--Coexpression","CENPI,SPC25,ACKR2"
"DEG_HMVL_ALL","756","0.464399999999999979","HAND2_ARCHS4_PEARSON","HAND2","3","300","0.68879999999999996784794120685546658933162689208984375000000000000000000000000000000000000000000000000000000000000000000000000000000000000000000000","1.00000000000000000000000000000000000000000000000000000000000000000000000000000000000000000000000000000000000000000000000000000000000000000000000000000000000","0.845900000000000","ARCHS4--Coexpression","IQGAP3,UBE2S,FOXM1"
"DEG_HMVL_ALL","757","0.465000000000000024","RUNX1_ARCHS4_PEARSON","RUNX1","3","300","0.68879999999999996784794120685546658933162689208984375000000000000000000000000000000000000000000000000000000000000000000000000000000000000000000000","1.00000000000000000000000000000000000000000000000000000000000000000000000000000000000000000000000000000000000000000000000000000000000000000000000000000000000","0.845900000000000","ARCHS4--Coexpression","CACNA2D4,DNAH1,DNAH7"
"DEG_HMVL_ALL","758","0.465600000000000014","ZBTB16_ARCHS4_PEARSON","ZBTB16","3","300","0.68879999999999996784794120685546658933162689208984375000000000000000000000000000000000000000000000000000000000000000000000000000000000000000000000","1.00000000000000000000000000000000000000000000000000000000000000000000000000000000000000000000000000000000000000000000000000000000000000000000000000000000000","0.845900000000000","ARCHS4--Coexpression","KIFC1,NCAPD2,LMNB2"
"DEG_HMVL_ALL","759","0.466200000000000003","ATOH1_ARCHS4_PEARSON","ATOH1","3","300","0.68879999999999996784794120685546658933162689208984375000000000000000000000000000000000000000000000000000000000000000000000000000000000000000000000","1.00000000000000000000000000000000000000000000000000000000000000000000000000000000000000000000000000000000000000000000000000000000000000000000000000000000000","0.845900000000000","ARCHS4--Coexpression","NEURL1B,CDKN2C,TMEM158"
"DEG_HMVL_ALL","760","0.466799999999999993","ZNF583_ARCHS4_PEARSON","ZNF583","3","300","0.68879999999999996784794120685546658933162689208984375000000000000000000000000000000000000000000000000000000000000000000000000000000000000000000000","1.00000000000000000000000000000000000000000000000000000000000000000000000000000000000000000000000000000000000000000000000000000000000000000000000000000000000","0.845900000000000","ARCHS4--Coexpression","FAM227A,RNFT2,PKD1L2"
"DEG_HMVL_ALL","761","0.467399999999999982","GLI1_ARCHS4_PEARSON","GLI1","3","300","0.68879999999999996784794120685546658933162689208984375000000000000000000000000000000000000000000000000000000000000000000000000000000000000000000000","1.00000000000000000000000000000000000000000000000000000000000000000000000000000000000000000000000000000000000000000000000000000000000000000000000000000000000","0.845900000000000","ARCHS4--Coexpression","NCAPD2,LMNB2,DNMT3B"
"DEG_HMVL_ALL","762","0.468100000000000016","ZFHX2_ARCHS4_PEARSON","ZFHX2","3","300","0.68879999999999996784794120685546658933162689208984375000000000000000000000000000000000000000000000000000000000000000000000000000000000000000000000","1.00000000000000000000000000000000000000000000000000000000000000000000000000000000000000000000000000000000000000000000000000000000000000000000000000000000000","0.845900000000000","ARCHS4--Coexpression","FAM227A,ARHGAP33,RNFT2"
"DEG_HMVL_ALL","763","0.468700000000000006","PRDM13_ARCHS4_PEARSON","PRDM13","3","300","0.68879999999999996784794120685546658933162689208984375000000000000000000000000000000000000000000000000000000000000000000000000000000000000000000000","1.00000000000000000000000000000000000000000000000000000000000000000000000000000000000000000000000000000000000000000000000000000000000000000000000000000000000","0.845900000000000","ARCHS4--Coexpression","CENPW,TRIP13,UBE2S"
"DEG_HMVL_ALL","764","0.469299999999999995","DRAP1_ARCHS4_PEARSON","DRAP1","3","300","0.68879999999999996784794120685546658933162689208984375000000000000000000000000000000000000000000000000000000000000000000000000000000000000000000000","1.00000000000000000000000000000000000000000000000000000000000000000000000000000000000000000000000000000000000000000000000000000000000000000000000000000000000","0.845900000000000","ARCHS4--Coexpression","KIFC1,UBE2S,LMNB2"
"DEG_HMVL_ALL","765","0.469899999999999984","ZNF136_ARCHS4_PEARSON","ZNF136","3","300","0.68879999999999996784794120685546658933162689208984375000000000000000000000000000000000000000000000000000000000000000000000000000000000000000000000","1.00000000000000000000000000000000000000000000000000000000000000000000000000000000000000000000000000000000000000000000000000000000000000000000000000000000000","0.845900000000000","ARCHS4--Coexpression","FAM227A,LMNB2,PKD1L2"
"DEG_HMVL_ALL","766","0.470499999999999974","KCMF1_ARCHS4_PEARSON","KCMF1","3","300","0.68879999999999996784794120685546658933162689208984375000000000000000000000000000000000000000000000000000000000000000000000000000000000000000000000","1.00000000000000000000000000000000000000000000000000000000000000000000000000000000000000000000000000000000000000000000000000000000000000000000000000000000000","0.845900000000000","ARCHS4--Coexpression","CEP55,UBE2S,LMNB2"
"DEG_HMVL_ALL","767","0.471100000000000019","ZKSCAN7_ARCHS4_PEARSON","ZKSCAN7","3","300","0.68879999999999996784794120685546658933162689208984375000000000000000000000000000000000000000000000000000000000000000000000000000000000000000000000","1.00000000000000000000000000000000000000000000000000000000000000000000000000000000000000000000000000000000000000000000000000000000000000000000000000000000000","0.845900000000000","ARCHS4--Coexpression","FAM227A,RNFT2,PKD1L2"
"DEG_HMVL_ALL","768","0.471700000000000008","DMRTA2_ARCHS4_PEARSON","DMRTA2","3","300","0.68879999999999996784794120685546658933162689208984375000000000000000000000000000000000000000000000000000000000000000000000000000000000000000000000","1.00000000000000000000000000000000000000000000000000000000000000000000000000000000000000000000000000000000000000000000000000000000000000000000000000000000000","0.845900000000000","ARCHS4--Coexpression","FAM227A,RNFT2,NCALD"
"DEG_HMVL_ALL","769","0.472399999999999987","ZNF446_ARCHS4_PEARSON","ZNF446","3","300","0.68879999999999996784794120685546658933162689208984375000000000000000000000000000000000000000000000000000000000000000000000000000000000000000000000","1.00000000000000000000000000000000000000000000000000000000000000000000000000000000000000000000000000000000000000000000000000000000000000000000000000000000000","0.845900000000000","ARCHS4--Coexpression","MST1,RECQL4,TTLL3"
"DEG_HMVL_ALL","770","0.472999999999999976","POU6F2_ARCHS4_PEARSON","POU6F2","3","300","0.68879999999999996784794120685546658933162689208984375000000000000000000000000000000000000000000000000000000000000000000000000000000000000000000000","1.00000000000000000000000000000000000000000000000000000000000000000000000000000000000000000000000000000000000000000000000000000000000000000000000000000000000","0.845900000000000","ARCHS4--Coexpression","LMNB2,RNFT2,PKD1L2"
"DEG_HMVL_ALL","771","0.473600000000000021","HNF4G_ARCHS4_PEARSON","HNF4G","3","300","0.68879999999999996784794120685546658933162689208984375000000000000000000000000000000000000000000000000000000000000000000000000000000000000000000000","1.00000000000000000000000000000000000000000000000000000000000000000000000000000000000000000000000000000000000000000000000000000000000000000000000000000000000","0.845900000000000","ARCHS4--Coexpression","ANO9,PBLD,NEURL1B"
"DEG_HMVL_ALL","772","0.474200000000000010","SP1_ARCHS4_PEARSON","SP1","3","300","0.68879999999999996784794120685546658933162689208984375000000000000000000000000000000000000000000000000000000000000000000000000000000000000000000000","1.00000000000000000000000000000000000000000000000000000000000000000000000000000000000000000000000000000000000000000000000000000000000000000000000000000000000","0.845900000000000","ARCHS4--Coexpression","CDKN1B,INCENP,SUN2"
"DEG_HMVL_ALL","773","0.474800000000000000","ZNF646_ARCHS4_PEARSON","ZNF646","3","300","0.68879999999999996784794120685546658933162689208984375000000000000000000000000000000000000000000000000000000000000000000000000000000000000000000000","1.00000000000000000000000000000000000000000000000000000000000000000000000000000000000000000000000000000000000000000000000000000000000000000000000000000000000","0.845900000000000","ARCHS4--Coexpression","INCENP,RECQL4,SUN2"
"DEG_HMVL_ALL","774","0.475399999999999989","NANOGNB_ARCHS4_PEARSON","NANOGNB","3","300","0.68879999999999996784794120685546658933162689208984375000000000000000000000000000000000000000000000000000000000000000000000000000000000000000000000","1.00000000000000000000000000000000000000000000000000000000000000000000000000000000000000000000000000000000000000000000000000000000000000000000000000000000000","0.845900000000000","ARCHS4--Coexpression","FAM227A,RNFT2,PKD1L2"
"DEG_HMVL_ALL","775","0.475999999999999979","ZNF514_ARCHS4_PEARSON","ZNF514","3","300","0.68879999999999996784794120685546658933162689208984375000000000000000000000000000000000000000000000000000000000000000000000000000000000000000000000","1.00000000000000000000000000000000000000000000000000000000000000000000000000000000000000000000000000000000000000000000000000000000000000000000000000000000000","0.845900000000000","ARCHS4--Coexpression","FAM227A,TRMT9B,RNFT2"
"DEG_HMVL_ALL","776","0.476700000000000013","TBX10_ARCHS4_PEARSON","TBX10","3","300","0.68879999999999996784794120685546658933162689208984375000000000000000000000000000000000000000000000000000000000000000000000000000000000000000000000","1.00000000000000000000000000000000000000000000000000000000000000000000000000000000000000000000000000000000000000000000000000000000000000000000000000000000000","0.845900000000000","ARCHS4--Coexpression","ANO9,PBLD,SEMA3B"
"DEG_HMVL_ALL","777","0.477300000000000002","HSF5_ARCHS4_PEARSON","HSF5","3","300","0.68879999999999996784794120685546658933162689208984375000000000000000000000000000000000000000000000000000000000000000000000000000000000000000000000","1.00000000000000000000000000000000000000000000000000000000000000000000000000000000000000000000000000000000000000000000000000000000000000000000000000000000000","0.845900000000000","ARCHS4--Coexpression","IZUMO4,ANKRD31,ODF2"
"DEG_HMVL_ALL","778","0.477899999999999991","ZBTB3_ARCHS4_PEARSON","ZBTB3","3","300","0.68879999999999996784794120685546658933162689208984375000000000000000000000000000000000000000000000000000000000000000000000000000000000000000000000","1.00000000000000000000000000000000000000000000000000000000000000000000000000000000000000000000000000000000000000000000000000000000000000000000000000000000000","0.845900000000000","ARCHS4--Coexpression","FAM227A,RNFT2,PKD1L2"
"DEG_HMVL_ALL","779","0.478499999999999981","FOXN1_ARCHS4_PEARSON","FOXN1","3","300","0.68879999999999996784794120685546658933162689208984375000000000000000000000000000000000000000000000000000000000000000000000000000000000000000000000","1.00000000000000000000000000000000000000000000000000000000000000000000000000000000000000000000000000000000000000000000000000000000000000000000000000000000000","0.845900000000000","ARCHS4--Coexpression","ANO9,ALOX12B,COL7A1"
"DEG_HMVL_ALL","780","0.479100000000000026","VAX1_ARCHS4_PEARSON","VAX1","3","300","0.68879999999999996784794120685546658933162689208984375000000000000000000000000000000000000000000000000000000000000000000000000000000000000000000000","1.00000000000000000000000000000000000000000000000000000000000000000000000000000000000000000000000000000000000000000000000000000000000000000000000000000000000","0.845900000000000","ARCHS4--Coexpression","FAM227A,TRMT9B,RNFT2"
"DEG_HMVL_ALL","781","0.479700000000000015","IRX3_ARCHS4_PEARSON","IRX3","3","300","0.68879999999999996784794120685546658933162689208984375000000000000000000000000000000000000000000000000000000000000000000000000000000000000000000000","1.00000000000000000000000000000000000000000000000000000000000000000000000000000000000000000000000000000000000000000000000000000000000000000000000000000000000","0.845900000000000","ARCHS4--Coexpression","RECQL4,CAPS,SAPCD2"
"DEG_HMVL_ALL","782","0.480300000000000005","ZNF629_ARCHS4_PEARSON","ZNF629","3","300","0.68879999999999996784794120685546658933162689208984375000000000000000000000000000000000000000000000000000000000000000000000000000000000000000000000","1.00000000000000000000000000000000000000000000000000000000000000000000000000000000000000000000000000000000000000000000000000000000000000000000000000000000000","0.845900000000000","ARCHS4--Coexpression","INCENP,RECQL4,LMNB2"
"DEG_HMVL_ALL","783","0.480999999999999983","VDR_ARCHS4_PEARSON","VDR","3","300","0.68879999999999996784794120685546658933162689208984375000000000000000000000000000000000000000000000000000000000000000000000000000000000000000000000","1.00000000000000000000000000000000000000000000000000000000000000000000000000000000000000000000000000000000000000000000000000000000000000000000000000000000000","0.845900000000000","ARCHS4--Coexpression","ANO9,PBLD,TBC1D2"
"DEG_HMVL_ALL","784","0.481599999999999973","ZNF292_ARCHS4_PEARSON","ZNF292","3","300","0.68879999999999996784794120685546658933162689208984375000000000000000000000000000000000000000000000000000000000000000000000000000000000000000000000","1.00000000000000000000000000000000000000000000000000000000000000000000000000000000000000000000000000000000000000000000000000000000000000000000000000000000000","0.845900000000000","ARCHS4--Coexpression","FAM227A,LMNB2,RNFT2"
"DEG_HMVL_ALL","785","0.482200000000000017","ZNF599_ARCHS4_PEARSON","ZNF599","3","300","0.68879999999999996784794120685546658933162689208984375000000000000000000000000000000000000000000000000000000000000000000000000000000000000000000000","1.00000000000000000000000000000000000000000000000000000000000000000000000000000000000000000000000000000000000000000000000000000000000000000000000000000000000","0.845900000000000","ARCHS4--Coexpression","FAM227A,RNFT2,PKD1L2"
"DEG_HMVL_ALL","786","0.482800000000000007","CDX2_ARCHS4_PEARSON","CDX2","3","300","0.68879999999999996784794120685546658933162689208984375000000000000000000000000000000000000000000000000000000000000000000000000000000000000000000000","1.00000000000000000000000000000000000000000000000000000000000000000000000000000000000000000000000000000000000000000000000000000000000000000000000000000000000","0.845900000000000","ARCHS4--Coexpression","ANO9,PBLD,NEURL1B"
"DEG_HMVL_ALL","787","0.483399999999999996","ZNF366_ARCHS4_PEARSON","ZNF366","3","300","0.68879999999999996784794120685546658933162689208984375000000000000000000000000000000000000000000000000000000000000000000000000000000000000000000000","1.00000000000000000000000000000000000000000000000000000000000000000000000000000000000000000000000000000000000000000000000000000000000000000000000000000000000","0.845900000000000","ARCHS4--Coexpression","INCENP,LMNB2,PKD1L2"
"DEG_HMVL_ALL","788","0.483999999999999986","TBX6_ARCHS4_PEARSON","TBX6","3","300","0.68879999999999996784794120685546658933162689208984375000000000000000000000000000000000000000000000000000000000000000000000000000000000000000000000","1.00000000000000000000000000000000000000000000000000000000000000000000000000000000000000000000000000000000000000000000000000000000000000000000000000000000000","0.845900000000000","ARCHS4--Coexpression","FAM227A,RNFT2,PKD1L2"
"DEG_HMVL_ALL","789","0.484599999999999975","SNAPC5_ARCHS4_PEARSON","SNAPC5","3","300","0.68879999999999996784794120685546658933162689208984375000000000000000000000000000000000000000000000000000000000000000000000000000000000000000000000","1.00000000000000000000000000000000000000000000000000000000000000000000000000000000000000000000000000000000000000000000000000000000000000000000000000000000000","0.845900000000000","ARCHS4--Coexpression","DTYMK,CENPN,CKS1B"
"DEG_HMVL_ALL","790","0.485300000000000009","SRF_ARCHS4_PEARSON","SRF","3","300","0.68879999999999996784794120685546658933162689208984375000000000000000000000000000000000000000000000000000000000000000000000000000000000000000000000","1.00000000000000000000000000000000000000000000000000000000000000000000000000000000000000000000000000000000000000000000000000000000000000000000000000000000000","0.845900000000000","ARCHS4--Coexpression","INCENP,KIFC1,LMNB2"
"DEG_HMVL_ALL","791","0.485899999999999999","CDX1_ARCHS4_PEARSON","CDX1","3","300","0.68879999999999996784794120685546658933162689208984375000000000000000000000000000000000000000000000000000000000000000000000000000000000000000000000","1.00000000000000000000000000000000000000000000000000000000000000000000000000000000000000000000000000000000000000000000000000000000000000000000000000000000000","0.845900000000000","ARCHS4--Coexpression","ANO9,PBLD,NEURL1B"
"DEG_HMVL_ALL","792","0.486499999999999988","ZNF230_ARCHS4_PEARSON","ZNF230","3","300","0.68879999999999996784794120685546658933162689208984375000000000000000000000000000000000000000000000000000000000000000000000000000000000000000000000","1.00000000000000000000000000000000000000000000000000000000000000000000000000000000000000000000000000000000000000000000000000000000000000000000000000000000000","0.845900000000000","ARCHS4--Coexpression","FAM227A,LMNB2,PKD1L2"
"DEG_HMVL_ALL","793","0.487099999999999977","ZBTB7C_ARCHS4_PEARSON","ZBTB7C","3","300","0.68879999999999996784794120685546658933162689208984375000000000000000000000000000000000000000000000000000000000000000000000000000000000000000000000","1.00000000000000000000000000000000000000000000000000000000000000000000000000000000000000000000000000000000000000000000000000000000000000000000000000000000000","0.845900000000000","ARCHS4--Coexpression","CAPS,CCDC146,FHAD1"
"DEG_HMVL_ALL","794","0.487700000000000022","ZNF225_ARCHS4_PEARSON","ZNF225","3","300","0.68879999999999996784794120685546658933162689208984375000000000000000000000000000000000000000000000000000000000000000000000000000000000000000000000","1.00000000000000000000000000000000000000000000000000000000000000000000000000000000000000000000000000000000000000000000000000000000000000000000000000000000000","0.845900000000000","ARCHS4--Coexpression","FAM227A,RNFT2,PKD1L2"
"DEG_HMVL_ALL","795","0.488300000000000012","ZFPM2_ARCHS4_PEARSON","ZFPM2","3","300","0.68879999999999996784794120685546658933162689208984375000000000000000000000000000000000000000000000000000000000000000000000000000000000000000000000","1.00000000000000000000000000000000000000000000000000000000000000000000000000000000000000000000000000000000000000000000000000000000000000000000000000000000000","0.845900000000000","ARCHS4--Coexpression","NUDT3,TRMT9B,PKD1L2"
"DEG_HMVL_ALL","796","0.488900000000000001","ERF_ARCHS4_PEARSON","ERF","3","300","0.68879999999999996784794120685546658933162689208984375000000000000000000000000000000000000000000000000000000000000000000000000000000000000000000000","1.00000000000000000000000000000000000000000000000000000000000000000000000000000000000000000000000000000000000000000000000000000000000000000000000000000000000","0.845900000000000","ARCHS4--Coexpression","INCENP,RECQL4,LMNB2"
"DEG_HMVL_ALL","797","0.489599999999999980","SIX6_ARCHS4_PEARSON","SIX6","3","300","0.68879999999999996784794120685546658933162689208984375000000000000000000000000000000000000000000000000000000000000000000000000000000000000000000000","1.00000000000000000000000000000000000000000000000000000000000000000000000000000000000000000000000000000000000000000000000000000000000000000000000000000000000","0.845900000000000","ARCHS4--Coexpression","ANP32E,MAD2L1,HMGB1"
"DEG_HMVL_ALL","798","0.490200000000000025","FOXD2_ARCHS4_PEARSON","FOXD2","3","300","0.68879999999999996784794120685546658933162689208984375000000000000000000000000000000000000000000000000000000000000000000000000000000000000000000000","1.00000000000000000000000000000000000000000000000000000000000000000000000000000000000000000000000000000000000000000000000000000000000000000000000000000000000","0.845900000000000","ARCHS4--Coexpression","IQGAP3,FANCD2,NABP1"
"DEG_HMVL_ALL","799","0.490800000000000014","EN1_ARCHS4_PEARSON","EN1","3","300","0.68879999999999996784794120685546658933162689208984375000000000000000000000000000000000000000000000000000000000000000000000000000000000000000000000","1.00000000000000000000000000000000000000000000000000000000000000000000000000000000000000000000000000000000000000000000000000000000000000000000000000000000000","0.845900000000000","ARCHS4--Coexpression","TUBA1C,NCALD,ACKR2"
"DEG_HMVL_ALL","800","0.491400000000000003","RUNX3_ARCHS4_PEARSON","RUNX3","3","300","0.68879999999999996784794120685546658933162689208984375000000000000000000000000000000000000000000000000000000000000000000000000000000000000000000000","1.00000000000000000000000000000000000000000000000000000000000000000000000000000000000000000000000000000000000000000000000000000000000000000000000000000000000","0.845900000000000","ARCHS4--Coexpression","SUN2,DNAH1,DNAH7"
"DEG_HMVL_ALL","801","0.491999999999999993","ZNF71_ARCHS4_PEARSON","ZNF71","3","300","0.68879999999999996784794120685546658933162689208984375000000000000000000000000000000000000000000000000000000000000000000000000000000000000000000000","1.00000000000000000000000000000000000000000000000000000000000000000000000000000000000000000000000000000000000000000000000000000000000000000000000000000000000","0.845900000000000","ARCHS4--Coexpression","SUV39H1,RNFT2,RNF26"
"DEG_HMVL_ALL","802","0.492599999999999982","DRGX_ARCHS4_PEARSON","DRGX","3","300","0.68879999999999996784794120685546658933162689208984375000000000000000000000000000000000000000000000000000000000000000000000000000000000000000000000","1.00000000000000000000000000000000000000000000000000000000000000000000000000000000000000000000000000000000000000000000000000000000000000000000000000000000000","0.845900000000000","ARCHS4--Coexpression","SMC2,NEURL1B,CDKN2C"
"DEG_HMVL_ALL","803","0.493200000000000027","TP63_ARCHS4_PEARSON","TP63","3","300","0.68879999999999996784794120685546658933162689208984375000000000000000000000000000000000000000000000000000000000000000000000000000000000000000000000","1.00000000000000000000000000000000000000000000000000000000000000000000000000000000000000000000000000000000000000000000000000000000000000000000000000000000000","0.845900000000000","ARCHS4--Coexpression","ALOX12B,TMEM45A,COL7A1"
"DEG_HMVL_ALL","804","0.493900000000000006","RHOXF1_ARCHS4_PEARSON","RHOXF1","3","300","0.68879999999999996784794120685546658933162689208984375000000000000000000000000000000000000000000000000000000000000000000000000000000000000000000000","1.00000000000000000000000000000000000000000000000000000000000000000000000000000000000000000000000000000000000000000000000000000000000000000000000000000000000","0.845900000000000","ARCHS4--Coexpression","DNAH1,DNAH7,DNAH5"
"DEG_HMVL_ALL","805","0.494499999999999995","ZNF454_ARCHS4_PEARSON","ZNF454","3","300","0.68879999999999996784794120685546658933162689208984375000000000000000000000000000000000000000000000000000000000000000000000000000000000000000000000","1.00000000000000000000000000000000000000000000000000000000000000000000000000000000000000000000000000000000000000000000000000000000000000000000000000000000000","0.845900000000000","ARCHS4--Coexpression","FAM227A,RNFT2,PKD1L2"
"DEG_HMVL_ALL","806","0.495099999999999985","NPAS4_ARCHS4_PEARSON","NPAS4","3","300","0.68879999999999996784794120685546658933162689208984375000000000000000000000000000000000000000000000000000000000000000000000000000000000000000000000","1.00000000000000000000000000000000000000000000000000000000000000000000000000000000000000000000000000000000000000000000000000000000000000000000000000000000000","0.845900000000000","ARCHS4--Coexpression","SGSM1,ANKRD24,CALB2"
"DEG_HMVL_ALL","807","0.495699999999999974","SREBF1_ARCHS4_PEARSON","SREBF1","3","300","0.68879999999999996784794120685546658933162689208984375000000000000000000000000000000000000000000000000000000000000000000000000000000000000000000000","1.00000000000000000000000000000000000000000000000000000000000000000000000000000000000000000000000000000000000000000000000000000000000000000000000000000000000","0.845900000000000","ARCHS4--Coexpression","INCENP,RECQL4,SAPCD2"
"DEG_HMVL_ALL","808","0.496300000000000019","IKZF4_ARCHS4_PEARSON","IKZF4","3","300","0.68879999999999996784794120685546658933162689208984375000000000000000000000000000000000000000000000000000000000000000000000000000000000000000000000","1.00000000000000000000000000000000000000000000000000000000000000000000000000000000000000000000000000000000000000000000000000000000000000000000000000000000000","0.845900000000000","ARCHS4--Coexpression","SPC25,FAM227A,RNFT2"
"DEG_HMVL_ALL","809","0.496900000000000008","ISX_ARCHS4_PEARSON","ISX","3","300","0.68879999999999996784794120685546658933162689208984375000000000000000000000000000000000000000000000000000000000000000000000000000000000000000000000","1.00000000000000000000000000000000000000000000000000000000000000000000000000000000000000000000000000000000000000000000000000000000000000000000000000000000000","0.845900000000000","ARCHS4--Coexpression","ANO9,PBLD,NEURL1B"
"DEG_HMVL_ALL","810","0.497499999999999998","NOTO_ARCHS4_PEARSON","NOTO","3","300","0.68879999999999996784794120685546658933162689208984375000000000000000000000000000000000000000000000000000000000000000000000000000000000000000000000","1.00000000000000000000000000000000000000000000000000000000000000000000000000000000000000000000000000000000000000000000000000000000000000000000000000000000000","0.845900000000000","ARCHS4--Coexpression","FAM227A,PKD1L2,ACKR2"
"DEG_HMVL_ALL","811","0.498199999999999976","HES2_ARCHS4_PEARSON","HES2","3","300","0.68879999999999996784794120685546658933162689208984375000000000000000000000000000000000000000000000000000000000000000000000000000000000000000000000","1.00000000000000000000000000000000000000000000000000000000000000000000000000000000000000000000000000000000000000000000000000000000000000000000000000000000000","0.845900000000000","ARCHS4--Coexpression","FAM227A,PKD1L2,ACKR2"
"DEG_HMVL_ALL","812","0.498800000000000021","ZNF783_ARCHS4_PEARSON","ZNF783","3","300","0.68879999999999996784794120685546658933162689208984375000000000000000000000000000000000000000000000000000000000000000000000000000000000000000000000","1.00000000000000000000000000000000000000000000000000000000000000000000000000000000000000000000000000000000000000000000000000000000000000000000000000000000000","0.845900000000000","ARCHS4--Coexpression","SUN2,RNFT2,SCLT1"
"DEG_HMVL_ALL","813","0.499400000000000011","FOXE1_ARCHS4_PEARSON","FOXE1","3","300","0.68879999999999996784794120685546658933162689208984375000000000000000000000000000000000000000000000000000000000000000000000000000000000000000000000","1.00000000000000000000000000000000000000000000000000000000000000000000000000000000000000000000000000000000000000000000000000000000000000000000000000000000000","0.845900000000000","ARCHS4--Coexpression","LCN12,TRMT9B,COL7A1"
"DEG_HMVL_ALL","814","0.500000000000000000","ZNF790_ARCHS4_PEARSON","ZNF790","3","300","0.68879999999999996784794120685546658933162689208984375000000000000000000000000000000000000000000000000000000000000000000000000000000000000000000000","1.00000000000000000000000000000000000000000000000000000000000000000000000000000000000000000000000000000000000000000000000000000000000000000000000000000000000","0.845900000000000","ARCHS4--Coexpression","FAM227A,LMNB2,PKD1L2"
"DEG_HMVL_ALL","815","0.500600000000000045","ZHX2_ARCHS4_PEARSON","ZHX2","3","300","0.68879999999999996784794120685546658933162689208984375000000000000000000000000000000000000000000000000000000000000000000000000000000000000000000000","1.00000000000000000000000000000000000000000000000000000000000000000000000000000000000000000000000000000000000000000000000000000000000000000000000000000000000","0.845900000000000","ARCHS4--Coexpression","CDKN1B,SUN2,PBXIP1"
"DEG_HMVL_ALL","816","0.501199999999999979","RFX7_ARCHS4_PEARSON","RFX7","3","300","0.68879999999999996784794120685546658933162689208984375000000000000000000000000000000000000000000000000000000000000000000000000000000000000000000000","1.00000000000000000000000000000000000000000000000000000000000000000000000000000000000000000000000000000000000000000000000000000000000000000000000000000000000","0.845900000000000","ARCHS4--Coexpression","TMPO,RAD21,ARHGAP11A"
"DEG_HMVL_ALL","817","0.501800000000000024","ZNF16_ARCHS4_PEARSON","ZNF16","3","300","0.68879999999999996784794120685546658933162689208984375000000000000000000000000000000000000000000000000000000000000000000000000000000000000000000000","1.00000000000000000000000000000000000000000000000000000000000000000000000000000000000000000000000000000000000000000000000000000000000000000000000000000000000","0.845900000000000","ARCHS4--Coexpression","FAM227A,RNFT2,PKD1L2"
"DEG_HMVL_ALL","818","0.502499999999999947","SETDB1_ARCHS4_PEARSON","SETDB1","3","300","0.68879999999999996784794120685546658933162689208984375000000000000000000000000000000000000000000000000000000000000000000000000000000000000000000000","1.00000000000000000000000000000000000000000000000000000000000000000000000000000000000000000000000000000000000000000000000000000000000000000000000000000000000","0.845900000000000","ARCHS4--Coexpression","INCENP,RECQL4,NCAPD2"
"DEG_HMVL_ALL","819","0.503099999999999992","PKNOX1_ARCHS4_PEARSON","PKNOX1","3","300","0.68879999999999996784794120685546658933162689208984375000000000000000000000000000000000000000000000000000000000000000000000000000000000000000000000","1.00000000000000000000000000000000000000000000000000000000000000000000000000000000000000000000000000000000000000000000000000000000000000000000000000000000000","0.845900000000000","ARCHS4--Coexpression","FAM227A,RNFT2,PKD1L2"
"DEG_HMVL_ALL","820","0.503700000000000037","GBX2_ARCHS4_PEARSON","GBX2","3","300","0.68879999999999996784794120685546658933162689208984375000000000000000000000000000000000000000000000000000000000000000000000000000000000000000000000","1.00000000000000000000000000000000000000000000000000000000000000000000000000000000000000000000000000000000000000000000000000000000000000000000000000000000000","0.845900000000000","ARCHS4--Coexpression","TUBA1B,LMNB2,PSRC1"
"DEG_HMVL_ALL","821","0.504299999999999971","MLXIPL_ARCHS4_PEARSON","MLXIPL","3","300","0.68879999999999996784794120685546658933162689208984375000000000000000000000000000000000000000000000000000000000000000000000000000000000000000000000","1.00000000000000000000000000000000000000000000000000000000000000000000000000000000000000000000000000000000000000000000000000000000000000000000000000000000000","0.845900000000000","ARCHS4--Coexpression","MST1,PBLD,ABCC6"
"DEG_HMVL_ALL","822","0.504900000000000015","CGGBP1_ARCHS4_PEARSON","CGGBP1","3","300","0.68879999999999996784794120685546658933162689208984375000000000000000000000000000000000000000000000000000000000000000000000000000000000000000000000","1.00000000000000000000000000000000000000000000000000000000000000000000000000000000000000000000000000000000000000000000000000000000000000000000000000000000000","0.845900000000000","ARCHS4--Coexpression","TMPO,CDKN1B,PBXIP1"
"DEG_HMVL_ALL","823","0.505499999999999949","VEZF1_ARCHS4_PEARSON","VEZF1","3","300","0.68879999999999996784794120685546658933162689208984375000000000000000000000000000000000000000000000000000000000000000000000000000000000000000000000","1.00000000000000000000000000000000000000000000000000000000000000000000000000000000000000000000000000000000000000000000000000000000000000000000000000000000000","0.845900000000000","ARCHS4--Coexpression","TMPO,RAD21,TOP2A"
"DEG_HMVL_ALL","824","0.506099999999999994","MEOX2_ARCHS4_PEARSON","MEOX2","2","297","0.86580000000000001403321903126197867095470428466796875000000000000000000000000000000000000000000000000000000000000000000000000000000000000000000000","1.00000000000000000000000000000000000000000000000000000000000000000000000000000000000000000000000000000000000000000000000000000000000000000000000000000000000","0.567800000000000","ARCHS4--Coexpression","NEURL1B,CDKN2C"
"DEG_HMVL_ALL","825","0.506800000000000028","ZBTB14_ARCHS4_PEARSON","ZBTB14","2","297","0.86580000000000001403321903126197867095470428466796875000000000000000000000000000000000000000000000000000000000000000000000000000000000000000000000","1.00000000000000000000000000000000000000000000000000000000000000000000000000000000000000000000000000000000000000000000000000000000000000000000000000000000000","0.567800000000000","ARCHS4--Coexpression","CDKN1B,PBXIP1"
"DEG_HMVL_ALL","826","0.507399999999999962","DBX2_ARCHS4_PEARSON","DBX2","2","297","0.86580000000000001403321903126197867095470428466796875000000000000000000000000000000000000000000000000000000000000000000000000000000000000000000000","1.00000000000000000000000000000000000000000000000000000000000000000000000000000000000000000000000000000000000000000000000000000000000000000000000000000000000","0.567800000000000","ARCHS4--Coexpression","GRAMD2B,PSRC1"
"DEG_HMVL_ALL","827","0.508000000000000007","ZNF484_ARCHS4_PEARSON","ZNF484","2","297","0.86580000000000001403321903126197867095470428466796875000000000000000000000000000000000000000000000000000000000000000000000000000000000000000000000","1.00000000000000000000000000000000000000000000000000000000000000000000000000000000000000000000000000000000000000000000000000000000000000000000000000000000000","0.567800000000000","ARCHS4--Coexpression","CENPA,FBXL13"
"DEG_HMVL_ALL","828","0.508600000000000052","MTERF1_ARCHS4_PEARSON","MTERF1","2","297","0.86580000000000001403321903126197867095470428466796875000000000000000000000000000000000000000000000000000000000000000000000000000000000000000000000","1.00000000000000000000000000000000000000000000000000000000000000000000000000000000000000000000000000000000000000000000000000000000000000000000000000000000000","0.567800000000000","ARCHS4--Coexpression","MAD2L1,HMGB1"
"DEG_HMVL_ALL","829","0.509199999999999986","SNAI2_ARCHS4_PEARSON","SNAI2","2","297","0.86580000000000001403321903126197867095470428466796875000000000000000000000000000000000000000000000000000000000000000000000000000000000000000000000","1.00000000000000000000000000000000000000000000000000000000000000000000000000000000000000000000000000000000000000000000000000000000000000000000000000000000000","0.567800000000000","ARCHS4--Coexpression","FOXL1,COL7A1"
"DEG_HMVL_ALL","830","0.509800000000000031","SOX18_ARCHS4_PEARSON","SOX18","2","297","0.86580000000000001403321903126197867095470428466796875000000000000000000000000000000000000000000000000000000000000000000000000000000000000000000000","1.00000000000000000000000000000000000000000000000000000000000000000000000000000000000000000000000000000000000000000000000000000000000000000000000000000000000","0.567800000000000","ARCHS4--Coexpression","NEURL1B,RGS3"
"DEG_HMVL_ALL","831","0.510399999999999965","ZNF718_ARCHS4_PEARSON","ZNF718","2","297","0.86580000000000001403321903126197867095470428466796875000000000000000000000000000000000000000000000000000000000000000000000000000000000000000000000","1.00000000000000000000000000000000000000000000000000000000000000000000000000000000000000000000000000000000000000000000000000000000000000000000000000000000000","0.567800000000000","ARCHS4--Coexpression","VRK1,HMGB1"
"DEG_HMVL_ALL","832","0.511099999999999999","ZNF121_ARCHS4_PEARSON","ZNF121","2","297","0.86580000000000001403321903126197867095470428466796875000000000000000000000000000000000000000000000000000000000000000000000000000000000000000000000","1.00000000000000000000000000000000000000000000000000000000000000000000000000000000000000000000000000000000000000000000000000000000000000000000000000000000000","0.567800000000000","ARCHS4--Coexpression","SKA1,ANP32E"
"DEG_HMVL_ALL","833","0.511700000000000044","KCNIP3_ARCHS4_PEARSON","KCNIP3","2","298","0.86699999999999999289457264239899814128875732421875000000000000000000000000000000000000000000000000000000000000000000000000000000000000000000000000","1.00000000000000000000000000000000000000000000000000000000000000000000000000000000000000000000000000000000000000000000000000000000000000000000000000000000000","0.565800000000000","ARCHS4--Coexpression","CIT,ANKRD24"
"DEG_HMVL_ALL","834","0.512299999999999978","FOXF1_ARCHS4_PEARSON","FOXF1","2","298","0.86699999999999999289457264239899814128875732421875000000000000000000000000000000000000000000000000000000000000000000000000000000000000000000000000","1.00000000000000000000000000000000000000000000000000000000000000000000000000000000000000000000000000000000000000000000000000000000000000000000000000000000000","0.565800000000000","ARCHS4--Coexpression","TMEM158,FOXL1"
"DEG_HMVL_ALL","835","0.512900000000000023","ZNF799_ARCHS4_PEARSON","ZNF799","2","298","0.86699999999999999289457264239899814128875732421875000000000000000000000000000000000000000000000000000000000000000000000000000000000000000000000000","1.00000000000000000000000000000000000000000000000000000000000000000000000000000000000000000000000000000000000000000000000000000000000000000000000000000000000","0.565800000000000","ARCHS4--Coexpression","FAM227A,LMNB2"
"DEG_HMVL_ALL","836","0.513499999999999956","IRX6_ARCHS4_PEARSON","IRX6","2","298","0.86699999999999999289457264239899814128875732421875000000000000000000000000000000000000000000000000000000000000000000000000000000000000000000000000","1.00000000000000000000000000000000000000000000000000000000000000000000000000000000000000000000000000000000000000000000000000000000000000000000000000000000000","0.565800000000000","ARCHS4--Coexpression","NEURL1B,CALB2"
"DEG_HMVL_ALL","837","0.514100000000000001","ZBED3_ARCHS4_PEARSON","ZBED3","2","298","0.86699999999999999289457264239899814128875732421875000000000000000000000000000000000000000000000000000000000000000000000000000000000000000000000000","1.00000000000000000000000000000000000000000000000000000000000000000000000000000000000000000000000000000000000000000000000000000000000000000000000000000000000","0.565800000000000","ARCHS4--Coexpression","LTB4R2,FOXM1"
"DEG_HMVL_ALL","838","0.514700000000000046","TBP_ARCHS4_PEARSON","TBP","2","298","0.86699999999999999289457264239899814128875732421875000000000000000000000000000000000000000000000000000000000000000000000000000000000000000000000000","1.00000000000000000000000000000000000000000000000000000000000000000000000000000000000000000000000000000000000000000000000000000000000000000000000000000000000","0.565800000000000","ARCHS4--Coexpression","SKA1,MAD2L1"
"DEG_HMVL_ALL","839","0.515399999999999969","ZNF195_ARCHS4_PEARSON","ZNF195","2","298","0.86699999999999999289457264239899814128875732421875000000000000000000000000000000000000000000000000000000000000000000000000000000000000000000000000","1.00000000000000000000000000000000000000000000000000000000000000000000000000000000000000000000000000000000000000000000000000000000000000000000000000000000000","0.565800000000000","ARCHS4--Coexpression","HMGB1,SUN2"
"DEG_HMVL_ALL","840","0.516000000000000014","ZXDB_ARCHS4_PEARSON","ZXDB","2","298","0.86699999999999999289457264239899814128875732421875000000000000000000000000000000000000000000000000000000000000000000000000000000000000000000000000","1.00000000000000000000000000000000000000000000000000000000000000000000000000000000000000000000000000000000000000000000000000000000000000000000000000000000000","0.565800000000000","ARCHS4--Coexpression","RAD21,CDKN1B"
"DEG_HMVL_ALL","841","0.516599999999999948","PHF20_ARCHS4_PEARSON","PHF20","2","298","0.86699999999999999289457264239899814128875732421875000000000000000000000000000000000000000000000000000000000000000000000000000000000000000000000000","1.00000000000000000000000000000000000000000000000000000000000000000000000000000000000000000000000000000000000000000000000000000000000000000000000000000000000","0.565800000000000","ARCHS4--Coexpression","ESCO2,SPC24"
"DEG_HMVL_ALL","842","0.517199999999999993","ZNF444_ARCHS4_PEARSON","ZNF444","2","298","0.86699999999999999289457264239899814128875732421875000000000000000000000000000000000000000000000000000000000000000000000000000000000000000000000000","1.00000000000000000000000000000000000000000000000000000000000000000000000000000000000000000000000000000000000000000000000000000000000000000000000000000000000","0.565800000000000","ARCHS4--Coexpression","MST1,ARHGAP33"
"DEG_HMVL_ALL","843","0.517800000000000038","ZNF362_ARCHS4_PEARSON","ZNF362","2","298","0.86699999999999999289457264239899814128875732421875000000000000000000000000000000000000000000000000000000000000000000000000000000000000000000000000","1.00000000000000000000000000000000000000000000000000000000000000000000000000000000000000000000000000000000000000000000000000000000000000000000000000000000000","0.565800000000000","ARCHS4--Coexpression","IZUMO4,ARHGAP33"
"DEG_HMVL_ALL","844","0.518399999999999972","ZNF226_ARCHS4_PEARSON","ZNF226","2","298","0.86699999999999999289457264239899814128875732421875000000000000000000000000000000000000000000000000000000000000000000000000000000000000000000000000","1.00000000000000000000000000000000000000000000000000000000000000000000000000000000000000000000000000000000000000000000000000000000000000000000000000000000000","0.565800000000000","ARCHS4--Coexpression","LMNB2,CIP2A"
"DEG_HMVL_ALL","845","0.519000000000000017","GFI1B_ARCHS4_PEARSON","GFI1B","2","298","0.86699999999999999289457264239899814128875732421875000000000000000000000000000000000000000000000000000000000000000000000000000000000000000000000000","1.00000000000000000000000000000000000000000000000000000000000000000000000000000000000000000000000000000000000000000000000000000000000000000000000000000000000","0.565800000000000","ARCHS4--Coexpression","SCLT1,EPOR"
"DEG_HMVL_ALL","846","0.519700000000000051","ZNF140_ARCHS4_PEARSON","ZNF140","2","298","0.86699999999999999289457264239899814128875732421875000000000000000000000000000000000000000000000000000000000000000000000000000000000000000000000000","1.00000000000000000000000000000000000000000000000000000000000000000000000000000000000000000000000000000000000000000000000000000000000000000000000000000000000","0.565800000000000","ARCHS4--Coexpression","INCENP,LMNB2"
"DEG_HMVL_ALL","847","0.520299999999999985","HOXD8_ARCHS4_PEARSON","HOXD8","2","298","0.86699999999999999289457264239899814128875732421875000000000000000000000000000000000000000000000000000000000000000000000000000000000000000000000000","1.00000000000000000000000000000000000000000000000000000000000000000000000000000000000000000000000000000000000000000000000000000000000000000000000000000000000","0.565800000000000","ARCHS4--Coexpression","CDKN3,TAF5"
"DEG_HMVL_ALL","848","0.520900000000000030","MAF_ARCHS4_PEARSON","MAF","2","298","0.86699999999999999289457264239899814128875732421875000000000000000000000000000000000000000000000000000000000000000000000000000000000000000000000000","1.00000000000000000000000000000000000000000000000000000000000000000000000000000000000000000000000000000000000000000000000000000000000000000000000000000000000","0.565800000000000","ARCHS4--Coexpression","TLNRD1,PBLD"
"DEG_HMVL_ALL","849","0.521499999999999964","ZNF501_ARCHS4_PEARSON","ZNF501","2","298","0.86699999999999999289457264239899814128875732421875000000000000000000000000000000000000000000000000000000000000000000000000000000000000000000000000","1.00000000000000000000000000000000000000000000000000000000000000000000000000000000000000000000000000000000000000000000000000000000000000000000000000000000000","0.565800000000000","ARCHS4--Coexpression","KNSTRN,ITGB3BP"
"DEG_HMVL_ALL","850","0.522100000000000009","ZNF253_ARCHS4_PEARSON","ZNF253","2","298","0.86699999999999999289457264239899814128875732421875000000000000000000000000000000000000000000000000000000000000000000000000000000000000000000000000","1.00000000000000000000000000000000000000000000000000000000000000000000000000000000000000000000000000000000000000000000000000000000000000000000000000000000000","0.565800000000000","ARCHS4--Coexpression","NUDT3,FAM227A"
"DEG_HMVL_ALL","851","0.522700000000000053","CENPB_ARCHS4_PEARSON","CENPB","2","298","0.86699999999999999289457264239899814128875732421875000000000000000000000000000000000000000000000000000000000000000000000000000000000000000000000000","1.00000000000000000000000000000000000000000000000000000000000000000000000000000000000000000000000000000000000000000000000000000000000000000000000000000000000","0.565800000000000","ARCHS4--Coexpression","INCENP,LMNB2"
"DEG_HMVL_ALL","852","0.523299999999999987","ZNF586_ARCHS4_PEARSON","ZNF586","2","298","0.86699999999999999289457264239899814128875732421875000000000000000000000000000000000000000000000000000000000000000000000000000000000000000000000000","1.00000000000000000000000000000000000000000000000000000000000000000000000000000000000000000000000000000000000000000000000000000000000000000000000000000000000","0.565800000000000","ARCHS4--Coexpression","MED30,LMNB2"
"DEG_HMVL_ALL","853","0.524000000000000021","ZBTB4_ARCHS4_PEARSON","ZBTB4","2","298","0.86699999999999999289457264239899814128875732421875000000000000000000000000000000000000000000000000000000000000000000000000000000000000000000000000","1.00000000000000000000000000000000000000000000000000000000000000000000000000000000000000000000000000000000000000000000000000000000000000000000000000000000000","0.565800000000000","ARCHS4--Coexpression","CALCOCO1,SUN2"
"DEG_HMVL_ALL","854","0.524599999999999955","CC2D1A_ARCHS4_PEARSON","CC2D1A","2","298","0.86699999999999999289457264239899814128875732421875000000000000000000000000000000000000000000000000000000000000000000000000000000000000000000000000","1.00000000000000000000000000000000000000000000000000000000000000000000000000000000000000000000000000000000000000000000000000000000000000000000000000000000000","0.565800000000000","ARCHS4--Coexpression","ANO9,RECQL4"
"DEG_HMVL_ALL","855","0.525200000000000000","MGA_ARCHS4_PEARSON","MGA","2","298","0.86699999999999999289457264239899814128875732421875000000000000000000000000000000000000000000000000000000000000000000000000000000000000000000000000","1.00000000000000000000000000000000000000000000000000000000000000000000000000000000000000000000000000000000000000000000000000000000000000000000000000000000000","0.565800000000000","ARCHS4--Coexpression","NABP1,ASPM"
"DEG_HMVL_ALL","856","0.525800000000000045","ZNF148_ARCHS4_PEARSON","ZNF148","2","298","0.86699999999999999289457264239899814128875732421875000000000000000000000000000000000000000000000000000000000000000000000000000000000000000000000000","1.00000000000000000000000000000000000000000000000000000000000000000000000000000000000000000000000000000000000000000000000000000000000000000000000000000000000","0.565800000000000","ARCHS4--Coexpression","NME9,BCL2L12"
"DEG_HMVL_ALL","857","0.526399999999999979","MECP2_ARCHS4_PEARSON","MECP2","2","298","0.86699999999999999289457264239899814128875732421875000000000000000000000000000000000000000000000000000000000000000000000000000000000000000000000000","1.00000000000000000000000000000000000000000000000000000000000000000000000000000000000000000000000000000000000000000000000000000000000000000000000000000000000","0.565800000000000","ARCHS4--Coexpression","CKS1B,SUN2"
"DEG_HMVL_ALL","858","0.527000000000000024","TRPS1_ARCHS4_PEARSON","TRPS1","2","298","0.86699999999999999289457264239899814128875732421875000000000000000000000000000000000000000000000000000000000000000000000000000000000000000000000000","1.00000000000000000000000000000000000000000000000000000000000000000000000000000000000000000000000000000000000000000000000000000000000000000000000000000000000","0.565800000000000","ARCHS4--Coexpression","LURAP1L,RAD21"
"DEG_HMVL_ALL","859","0.527599999999999958","ZNF334_ARCHS4_PEARSON","ZNF334","2","298","0.86699999999999999289457264239899814128875732421875000000000000000000000000000000000000000000000000000000000000000000000000000000000000000000000000","1.00000000000000000000000000000000000000000000000000000000000000000000000000000000000000000000000000000000000000000000000000000000000000000000000000000000000","0.565800000000000","ARCHS4--Coexpression","SUN2,RNFT2"
"DEG_HMVL_ALL","860","0.528299999999999992","SP7_ARCHS4_PEARSON","SP7","2","298","0.86699999999999999289457264239899814128875732421875000000000000000000000000000000000000000000000000000000000000000000000000000000000000000000000000","1.00000000000000000000000000000000000000000000000000000000000000000000000000000000000000000000000000000000000000000000000000000000000000000000000000000000000","0.565800000000000","ARCHS4--Coexpression","CDKN2C,RGS3"
"DEG_HMVL_ALL","861","0.528900000000000037","ZNF518B_ARCHS4_PEARSON","ZNF518B","2","298","0.86699999999999999289457264239899814128875732421875000000000000000000000000000000000000000000000000000000000000000000000000000000000000000000000000","1.00000000000000000000000000000000000000000000000000000000000000000000000000000000000000000000000000000000000000000000000000000000000000000000000000000000000","0.565800000000000","ARCHS4--Coexpression","NUDT3,ANP32E"
"DEG_HMVL_ALL","862","0.529499999999999971","ZNF883_ARCHS4_PEARSON","ZNF883","2","298","0.86699999999999999289457264239899814128875732421875000000000000000000000000000000000000000000000000000000000000000000000000000000000000000000000000","1.00000000000000000000000000000000000000000000000000000000000000000000000000000000000000000000000000000000000000000000000000000000000000000000000000000000000","0.565800000000000","ARCHS4--Coexpression","HMGB1,SUN2"
"DEG_HMVL_ALL","863","0.530100000000000016","PRDM5_ARCHS4_PEARSON","PRDM5","2","298","0.86699999999999999289457264239899814128875732421875000000000000000000000000000000000000000000000000000000000000000000000000000000000000000000000000","1.00000000000000000000000000000000000000000000000000000000000000000000000000000000000000000000000000000000000000000000000000000000000000000000000000000000000","0.565800000000000","ARCHS4--Coexpression","FAM227A,PKD1L2"
"DEG_HMVL_ALL","864","0.530699999999999950","SOX10_ARCHS4_PEARSON","SOX10","2","298","0.86699999999999999289457264239899814128875732421875000000000000000000000000000000000000000000000000000000000000000000000000000000000000000000000000","1.00000000000000000000000000000000000000000000000000000000000000000000000000000000000000000000000000000000000000000000000000000000000000000000000000000000000","0.565800000000000","ARCHS4--Coexpression","CIT,SEMA3B"
"DEG_HMVL_ALL","865","0.531299999999999994","GRHL1_ARCHS4_PEARSON","GRHL1","2","298","0.86699999999999999289457264239899814128875732421875000000000000000000000000000000000000000000000000000000000000000000000000000000000000000000000000","1.00000000000000000000000000000000000000000000000000000000000000000000000000000000000000000000000000000000000000000000000000000000000000000000000000000000000","0.565800000000000","ARCHS4--Coexpression","ALOX12B,ACKR2"
"DEG_HMVL_ALL","866","0.531900000000000039","ZNF85_ARCHS4_PEARSON","ZNF85","2","298","0.86699999999999999289457264239899814128875732421875000000000000000000000000000000000000000000000000000000000000000000000000000000000000000000000000","1.00000000000000000000000000000000000000000000000000000000000000000000000000000000000000000000000000000000000000000000000000000000000000000000000000000000000","0.565800000000000","ARCHS4--Coexpression","RNFT2,PKD1L2"
"DEG_HMVL_ALL","867","0.532599999999999962","ZNF669_ARCHS4_PEARSON","ZNF669","2","298","0.86699999999999999289457264239899814128875732421875000000000000000000000000000000000000000000000000000000000000000000000000000000000000000000000000","1.00000000000000000000000000000000000000000000000000000000000000000000000000000000000000000000000000000000000000000000000000000000000000000000000000000000000","0.565800000000000","ARCHS4--Coexpression","FAM227A,PKD1L2"
"DEG_HMVL_ALL","868","0.533200000000000007","TEAD1_ARCHS4_PEARSON","TEAD1","2","298","0.86699999999999999289457264239899814128875732421875000000000000000000000000000000000000000000000000000000000000000000000000000000000000000000000000","1.00000000000000000000000000000000000000000000000000000000000000000000000000000000000000000000000000000000000000000000000000000000000000000000000000000000000","0.565800000000000","ARCHS4--Coexpression","CEP55,LMNB2"
"DEG_HMVL_ALL","869","0.533800000000000052","TSHZ1_ARCHS4_PEARSON","TSHZ1","2","298","0.86699999999999999289457264239899814128875732421875000000000000000000000000000000000000000000000000000000000000000000000000000000000000000000000000","1.00000000000000000000000000000000000000000000000000000000000000000000000000000000000000000000000000000000000000000000000000000000000000000000000000000000000","0.565800000000000","ARCHS4--Coexpression","CKS1B,SUN2"
"DEG_HMVL_ALL","870","0.534399999999999986","NEUROD4_ARCHS4_PEARSON","NEUROD4","2","298","0.86699999999999999289457264239899814128875732421875000000000000000000000000000000000000000000000000000000000000000000000000000000000000000000000000","1.00000000000000000000000000000000000000000000000000000000000000000000000000000000000000000000000000000000000000000000000000000000000000000000000000000000000","0.565800000000000","ARCHS4--Coexpression","CACNA2D4,TRMT9B"
"DEG_HMVL_ALL","871","0.535000000000000031","ZNF33B_ARCHS4_PEARSON","ZNF33B","2","299","0.86819999999999997175592625353601761162281036376953125000000000000000000000000000000000000000000000000000000000000000000000000000000000000000000000","1.00000000000000000000000000000000000000000000000000000000000000000000000000000000000000000000000000000000000000000000000000000000000000000000000000000000000","0.563900000000000","ARCHS4--Coexpression","FAM227A,LMNB2"
"DEG_HMVL_ALL","872","0.535599999999999965","ARNTL_ARCHS4_PEARSON","ARNTL","2","299","0.86819999999999997175592625353601761162281036376953125000000000000000000000000000000000000000000000000000000000000000000000000000000000000000000000","1.00000000000000000000000000000000000000000000000000000000000000000000000000000000000000000000000000000000000000000000000000000000000000000000000000000000000","0.563900000000000","ARCHS4--Coexpression","SUN2,PBXIP1"
"DEG_HMVL_ALL","873","0.536200000000000010","FOXG1_ARCHS4_PEARSON","FOXG1","2","299","0.86819999999999997175592625353601761162281036376953125000000000000000000000000000000000000000000000000000000000000000000000000000000000000000000000","1.00000000000000000000000000000000000000000000000000000000000000000000000000000000000000000000000000000000000000000000000000000000000000000000000000000000000","0.563900000000000","ARCHS4--Coexpression","NUDT3,RNFT2"
"DEG_HMVL_ALL","874","0.536900000000000044","TCF21_ARCHS4_PEARSON","TCF21","2","299","0.86819999999999997175592625353601761162281036376953125000000000000000000000000000000000000000000000000000000000000000000000000000000000000000000000","1.00000000000000000000000000000000000000000000000000000000000000000000000000000000000000000000000000000000000000000000000000000000000000000000000000000000000","0.563900000000000","ARCHS4--Coexpression","RTKN2,FOXL1"
"DEG_HMVL_ALL","875","0.537499999999999978","NR1H2_ARCHS4_PEARSON","NR1H2","2","299","0.86819999999999997175592625353601761162281036376953125000000000000000000000000000000000000000000000000000000000000000000000000000000000000000000000","1.00000000000000000000000000000000000000000000000000000000000000000000000000000000000000000000000000000000000000000000000000000000000000000000000000000000000","0.563900000000000","ARCHS4--Coexpression","SUN2,PBXIP1"
"DEG_HMVL_ALL","876","0.538100000000000023","PRDM8_ARCHS4_PEARSON","PRDM8","2","299","0.86819999999999997175592625353601761162281036376953125000000000000000000000000000000000000000000000000000000000000000000000000000000000000000000000","1.00000000000000000000000000000000000000000000000000000000000000000000000000000000000000000000000000000000000000000000000000000000000000000000000000000000000","0.563900000000000","ARCHS4--Coexpression","ARHGAP33,SUN2"
"DEG_HMVL_ALL","877","0.538699999999999957","IKZF3_ARCHS4_PEARSON","IKZF3","2","299","0.86819999999999997175592625353601761162281036376953125000000000000000000000000000000000000000000000000000000000000000000000000000000000000000000000","1.00000000000000000000000000000000000000000000000000000000000000000000000000000000000000000000000000000000000000000000000000000000000000000000000000000000000","0.563900000000000","ARCHS4--Coexpression","NDE1,SUN2"
"DEG_HMVL_ALL","878","0.539300000000000002","ZBTB49_ARCHS4_PEARSON","ZBTB49","2","299","0.86819999999999997175592625353601761162281036376953125000000000000000000000000000000000000000000000000000000000000000000000000000000000000000000000","1.00000000000000000000000000000000000000000000000000000000000000000000000000000000000000000000000000000000000000000000000000000000000000000000000000000000000","0.563900000000000","ARCHS4--Coexpression","TACC3,AURKA"
"DEG_HMVL_ALL","879","0.539900000000000047","TCF24_ARCHS4_PEARSON","TCF24","2","299","0.86819999999999997175592625353601761162281036376953125000000000000000000000000000000000000000000000000000000000000000000000000000000000000000000000","1.00000000000000000000000000000000000000000000000000000000000000000000000000000000000000000000000000000000000000000000000000000000000000000000000000000000000","0.563900000000000","ARCHS4--Coexpression","SUN2,PKD1L2"
"DEG_HMVL_ALL","880","0.540499999999999980","ZNF10_ARCHS4_PEARSON","ZNF10","2","299","0.86819999999999997175592625353601761162281036376953125000000000000000000000000000000000000000000000000000000000000000000000000000000000000000000000","1.00000000000000000000000000000000000000000000000000000000000000000000000000000000000000000000000000000000000000000000000000000000000000000000000000000000000","0.563900000000000","ARCHS4--Coexpression","RNFT2,FBXL13"
"DEG_HMVL_ALL","881","0.541200000000000014","ZNF775_ARCHS4_PEARSON","ZNF775","2","299","0.86819999999999997175592625353601761162281036376953125000000000000000000000000000000000000000000000000000000000000000000000000000000000000000000000","1.00000000000000000000000000000000000000000000000000000000000000000000000000000000000000000000000000000000000000000000000000000000000000000000000000000000000","0.563900000000000","ARCHS4--Coexpression","SUN2,PBXIP1"
"DEG_HMVL_ALL","882","0.541799999999999948","ZNF462_ARCHS4_PEARSON","ZNF462","2","299","0.86819999999999997175592625353601761162281036376953125000000000000000000000000000000000000000000000000000000000000000000000000000000000000000000000","1.00000000000000000000000000000000000000000000000000000000000000000000000000000000000000000000000000000000000000000000000000000000000000000000000000000000000","0.563900000000000","ARCHS4--Coexpression","SUN2,RNFT2"
"DEG_HMVL_ALL","883","0.542399999999999993","ZNF512_ARCHS4_PEARSON","ZNF512","2","299","0.86819999999999997175592625353601761162281036376953125000000000000000000000000000000000000000000000000000000000000000000000000000000000000000000000","1.00000000000000000000000000000000000000000000000000000000000000000000000000000000000000000000000000000000000000000000000000000000000000000000000000000000000","0.563900000000000","ARCHS4--Coexpression","NUDT3,TUBA1B"
"DEG_HMVL_ALL","884","0.543000000000000038","ZNF524_ARCHS4_PEARSON","ZNF524","2","299","0.86819999999999997175592625353601761162281036376953125000000000000000000000000000000000000000000000000000000000000000000000000000000000000000000000","1.00000000000000000000000000000000000000000000000000000000000000000000000000000000000000000000000000000000000000000000000000000000000000000000000000000000000","0.563900000000000","ARCHS4--Coexpression","SUN2,PBXIP1"
"DEG_HMVL_ALL","885","0.543599999999999972","ZNF44_ARCHS4_PEARSON","ZNF44","2","299","0.86819999999999997175592625353601761162281036376953125000000000000000000000000000000000000000000000000000000000000000000000000000000000000000000000","1.00000000000000000000000000000000000000000000000000000000000000000000000000000000000000000000000000000000000000000000000000000000000000000000000000000000000","0.563900000000000","ARCHS4--Coexpression","LMNB2,PKD1L2"
"DEG_HMVL_ALL","886","0.544200000000000017","SOX4_ARCHS4_PEARSON","SOX4","2","299","0.86819999999999997175592625353601761162281036376953125000000000000000000000000000000000000000000000000000000000000000000000000000000000000000000000","1.00000000000000000000000000000000000000000000000000000000000000000000000000000000000000000000000000000000000000000000000000000000000000000000000000000000000","0.563900000000000","ARCHS4--Coexpression","NUDT3,RNFT2"
"DEG_HMVL_ALL","887","0.544799999999999951","HOXA5_ARCHS4_PEARSON","HOXA5","2","299","0.86819999999999997175592625353601761162281036376953125000000000000000000000000000000000000000000000000000000000000000000000000000000000000000000000","1.00000000000000000000000000000000000000000000000000000000000000000000000000000000000000000000000000000000000000000000000000000000000000000000000000000000000","0.563900000000000","ARCHS4--Coexpression","IQGAP3,NABP1"
"DEG_HMVL_ALL","888","0.545499999999999985","NR5A1_ARCHS4_PEARSON","NR5A1","2","299","0.86819999999999997175592625353601761162281036376953125000000000000000000000000000000000000000000000000000000000000000000000000000000000000000000000","1.00000000000000000000000000000000000000000000000000000000000000000000000000000000000000000000000000000000000000000000000000000000000000000000000000000000000","0.563900000000000","ARCHS4--Coexpression","MST1,SEMA3B"
"DEG_HMVL_ALL","889","0.546100000000000030","PAX4_ARCHS4_PEARSON","PAX4","2","299","0.86819999999999997175592625353601761162281036376953125000000000000000000000000000000000000000000000000000000000000000000000000000000000000000000000","1.00000000000000000000000000000000000000000000000000000000000000000000000000000000000000000000000000000000000000000000000000000000000000000000000000000000000","0.563900000000000","ARCHS4--Coexpression","ABCC6,PKD1L2"
"DEG_HMVL_ALL","890","0.546699999999999964","ZNF101_ARCHS4_PEARSON","ZNF101","2","299","0.86819999999999997175592625353601761162281036376953125000000000000000000000000000000000000000000000000000000000000000000000000000000000000000000000","1.00000000000000000000000000000000000000000000000000000000000000000000000000000000000000000000000000000000000000000000000000000000000000000000000000000000000","0.563900000000000","ARCHS4--Coexpression","FAM227A,PKD1L2"
"DEG_HMVL_ALL","891","0.547300000000000009","PHF1_ARCHS4_PEARSON","PHF1","2","299","0.86819999999999997175592625353601761162281036376953125000000000000000000000000000000000000000000000000000000000000000000000000000000000000000000000","1.00000000000000000000000000000000000000000000000000000000000000000000000000000000000000000000000000000000000000000000000000000000000000000000000000000000000","0.563900000000000","ARCHS4--Coexpression","SUN2,PBXIP1"
"DEG_HMVL_ALL","892","0.547900000000000054","SOX7_ARCHS4_PEARSON","SOX7","2","299","0.86819999999999997175592625353601761162281036376953125000000000000000000000000000000000000000000000000000000000000000000000000000000000000000000000","1.00000000000000000000000000000000000000000000000000000000000000000000000000000000000000000000000000000000000000000000000000000000000000000000000000000000000","0.563900000000000","ARCHS4--Coexpression","TNFAIP8L1,PKD1L2"
"DEG_HMVL_ALL","893","0.548499999999999988","ZSCAN29_ARCHS4_PEARSON","ZSCAN29","2","299","0.86819999999999997175592625353601761162281036376953125000000000000000000000000000000000000000000000000000000000000000000000000000000000000000000000","1.00000000000000000000000000000000000000000000000000000000000000000000000000000000000000000000000000000000000000000000000000000000000000000000000000000000000","0.563900000000000","ARCHS4--Coexpression","TMPO,RNFT2"
"DEG_HMVL_ALL","894","0.549100000000000033","KDM2A_ARCHS4_PEARSON","KDM2A","2","299","0.86819999999999997175592625353601761162281036376953125000000000000000000000000000000000000000000000000000000000000000000000000000000000000000000000","1.00000000000000000000000000000000000000000000000000000000000000000000000000000000000000000000000000000000000000000000000000000000000000000000000000000000000","0.563900000000000","ARCHS4--Coexpression","CDKN1B,SUN2"
"DEG_HMVL_ALL","895","0.549799999999999955","ZNF385D_ARCHS4_PEARSON","ZNF385D","2","299","0.86819999999999997175592625353601761162281036376953125000000000000000000000000000000000000000000000000000000000000000000000000000000000000000000000","1.00000000000000000000000000000000000000000000000000000000000000000000000000000000000000000000000000000000000000000000000000000000000000000000000000000000000","0.563900000000000","ARCHS4--Coexpression","TRMT9B,RNFT2"
"DEG_HMVL_ALL","896","0.550400000000000000","SPIB_ARCHS4_PEARSON","SPIB","2","299","0.86819999999999997175592625353601761162281036376953125000000000000000000000000000000000000000000000000000000000000000000000000000000000000000000000","1.00000000000000000000000000000000000000000000000000000000000000000000000000000000000000000000000000000000000000000000000000000000000000000000000000000000000","0.563900000000000","ARCHS4--Coexpression","HSH2D,PKD1L2"
"DEG_HMVL_ALL","897","0.551000000000000045","ASCL4_ARCHS4_PEARSON","ASCL4","2","299","0.86819999999999997175592625353601761162281036376953125000000000000000000000000000000000000000000000000000000000000000000000000000000000000000000000","1.00000000000000000000000000000000000000000000000000000000000000000000000000000000000000000000000000000000000000000000000000000000000000000000000000000000000","0.563900000000000","ARCHS4--Coexpression","TXK,FAM227A"
"DEG_HMVL_ALL","898","0.551599999999999979","HHEX_ARCHS4_PEARSON","HHEX","2","299","0.86819999999999997175592625353601761162281036376953125000000000000000000000000000000000000000000000000000000000000000000000000000000000000000000000","1.00000000000000000000000000000000000000000000000000000000000000000000000000000000000000000000000000000000000000000000000000000000000000000000000000000000000","0.563900000000000","ARCHS4--Coexpression","TACC3,HSH2D"
"DEG_HMVL_ALL","899","0.552200000000000024","TCF4_ARCHS4_PEARSON","TCF4","2","299","0.86819999999999997175592625353601761162281036376953125000000000000000000000000000000000000000000000000000000000000000000000000000000000000000000000","1.00000000000000000000000000000000000000000000000000000000000000000000000000000000000000000000000000000000000000000000000000000000000000000000000000000000000","0.563900000000000","ARCHS4--Coexpression","NUDT3,TRMT9B"
"DEG_HMVL_ALL","900","0.552799999999999958","TBX3_ARCHS4_PEARSON","TBX3","2","299","0.86819999999999997175592625353601761162281036376953125000000000000000000000000000000000000000000000000000000000000000000000000000000000000000000000","1.00000000000000000000000000000000000000000000000000000000000000000000000000000000000000000000000000000000000000000000000000000000000000000000000000000000000","0.563900000000000","ARCHS4--Coexpression","FOXL1,SEMA3B"
"DEG_HMVL_ALL","901","0.553400000000000003","JAZF1_ARCHS4_PEARSON","JAZF1","2","299","0.86819999999999997175592625353601761162281036376953125000000000000000000000000000000000000000000000000000000000000000000000000000000000000000000000","1.00000000000000000000000000000000000000000000000000000000000000000000000000000000000000000000000000000000000000000000000000000000000000000000000000000000000","0.563900000000000","ARCHS4--Coexpression","ZWINT,LMNB2"
"DEG_HMVL_ALL","902","0.554100000000000037","JUNB_ARCHS4_PEARSON","JUNB","2","299","0.86819999999999997175592625353601761162281036376953125000000000000000000000000000000000000000000000000000000000000000000000000000000000000000000000","1.00000000000000000000000000000000000000000000000000000000000000000000000000000000000000000000000000000000000000000000000000000000000000000000000000000000000","0.563900000000000","ARCHS4--Coexpression","SUN2,PBXIP1"
"DEG_HMVL_ALL","903","0.554699999999999971","ZNF780A_ARCHS4_PEARSON","ZNF780A","2","299","0.86819999999999997175592625353601761162281036376953125000000000000000000000000000000000000000000000000000000000000000000000000000000000000000000000","1.00000000000000000000000000000000000000000000000000000000000000000000000000000000000000000000000000000000000000000000000000000000000000000000000000000000000","0.563900000000000","ARCHS4--Coexpression","TMEM45A,PKD1L2"
"DEG_HMVL_ALL","904","0.555300000000000016","NEUROG2_ARCHS4_PEARSON","NEUROG2","2","299","0.86819999999999997175592625353601761162281036376953125000000000000000000000000000000000000000000000000000000000000000000000000000000000000000000000","1.00000000000000000000000000000000000000000000000000000000000000000000000000000000000000000000000000000000000000000000000000000000000000000000000000000000000","0.563900000000000","ARCHS4--Coexpression","TMEM158,PBXIP1"
"DEG_HMVL_ALL","905","0.555899999999999950","ZNF684_ARCHS4_PEARSON","ZNF684","2","299","0.86819999999999997175592625353601761162281036376953125000000000000000000000000000000000000000000000000000000000000000000000000000000000000000000000","1.00000000000000000000000000000000000000000000000000000000000000000000000000000000000000000000000000000000000000000000000000000000000000000000000000000000000","0.563900000000000","ARCHS4--Coexpression","FAM227A,PKD1L2"
"DEG_HMVL_ALL","906","0.556499999999999995","HIVEP2_ARCHS4_PEARSON","HIVEP2","2","299","0.86819999999999997175592625353601761162281036376953125000000000000000000000000000000000000000000000000000000000000000000000000000000000000000000000","1.00000000000000000000000000000000000000000000000000000000000000000000000000000000000000000000000000000000000000000000000000000000000000000000000000000000000","0.563900000000000","ARCHS4--Coexpression","CDKN1B,SUN2"
"DEG_HMVL_ALL","907","0.557100000000000040","ZBTB10_ARCHS4_PEARSON","ZBTB10","2","299","0.86819999999999997175592625353601761162281036376953125000000000000000000000000000000000000000000000000000000000000000000000000000000000000000000000","1.00000000000000000000000000000000000000000000000000000000000000000000000000000000000000000000000000000000000000000000000000000000000000000000000000000000000","0.563900000000000","ARCHS4--Coexpression","TMPO,RAD21"
"DEG_HMVL_ALL","908","0.557699999999999974","ZNF880_ARCHS4_PEARSON","ZNF880","2","299","0.86819999999999997175592625353601761162281036376953125000000000000000000000000000000000000000000000000000000000000000000000000000000000000000000000","1.00000000000000000000000000000000000000000000000000000000000000000000000000000000000000000000000000000000000000000000000000000000000000000000000000000000000","0.563900000000000","ARCHS4--Coexpression","INCENP,LMNB2"
"DEG_HMVL_ALL","909","0.558400000000000007","DMRTA1_ARCHS4_PEARSON","DMRTA1","2","299","0.86819999999999997175592625353601761162281036376953125000000000000000000000000000000000000000000000000000000000000000000000000000000000000000000000","1.00000000000000000000000000000000000000000000000000000000000000000000000000000000000000000000000000000000000000000000000000000000000000000000000000000000000","0.563900000000000","ARCHS4--Coexpression","CKS1B,SUN2"
"DEG_HMVL_ALL","910","0.559000000000000052","ZNF395_ARCHS4_PEARSON","ZNF395","2","299","0.86819999999999997175592625353601761162281036376953125000000000000000000000000000000000000000000000000000000000000000000000000000000000000000000000","1.00000000000000000000000000000000000000000000000000000000000000000000000000000000000000000000000000000000000000000000000000000000000000000000000000000000000","0.563900000000000","ARCHS4--Coexpression","CENPN,SUN2"
"DEG_HMVL_ALL","911","0.559599999999999986","SCML4_ARCHS4_PEARSON","SCML4","2","299","0.86819999999999997175592625353601761162281036376953125000000000000000000000000000000000000000000000000000000000000000000000000000000000000000000000","1.00000000000000000000000000000000000000000000000000000000000000000000000000000000000000000000000000000000000000000000000000000000000000000000000000000000000","0.563900000000000","ARCHS4--Coexpression","TXK,PBXIP1"
"DEG_HMVL_ALL","912","0.560200000000000031","SP100_ARCHS4_PEARSON","SP100","2","299","0.86819999999999997175592625353601761162281036376953125000000000000000000000000000000000000000000000000000000000000000000000000000000000000000000000","1.00000000000000000000000000000000000000000000000000000000000000000000000000000000000000000000000000000000000000000000000000000000000000000000000000000000000","0.563900000000000","ARCHS4--Coexpression","TUBA1B,NABP1"
"DEG_HMVL_ALL","913","0.560799999999999965","SAFB2_ARCHS4_PEARSON","SAFB2","2","299","0.86819999999999997175592625353601761162281036376953125000000000000000000000000000000000000000000000000000000000000000000000000000000000000000000000","1.00000000000000000000000000000000000000000000000000000000000000000000000000000000000000000000000000000000000000000000000000000000000000000000000000000000000","0.563900000000000","ARCHS4--Coexpression","TTLL3,SUN2"
"DEG_HMVL_ALL","914","0.561400000000000010","ZNF728_ARCHS4_PEARSON","ZNF728","2","299","0.86819999999999997175592625353601761162281036376953125000000000000000000000000000000000000000000000000000000000000000000000000000000000000000000000","1.00000000000000000000000000000000000000000000000000000000000000000000000000000000000000000000000000000000000000000000000000000000000000000000000000000000000","0.563900000000000","ARCHS4--Coexpression","DDIAS,CCNB1"
"DEG_HMVL_ALL","915","0.562000000000000055","ZBTB22_ARCHS4_PEARSON","ZBTB22","2","299","0.86819999999999997175592625353601761162281036376953125000000000000000000000000000000000000000000000000000000000000000000000000000000000000000000000","1.00000000000000000000000000000000000000000000000000000000000000000000000000000000000000000000000000000000000000000000000000000000000000000000000000000000000","0.563900000000000","ARCHS4--Coexpression","SUN2,PBXIP1"
"DEG_HMVL_ALL","916","0.562699999999999978","EMX1_ARCHS4_PEARSON","EMX1","2","299","0.86819999999999997175592625353601761162281036376953125000000000000000000000000000000000000000000000000000000000000000000000000000000000000000000000","1.00000000000000000000000000000000000000000000000000000000000000000000000000000000000000000000000000000000000000000000000000000000000000000000000000000000000","0.563900000000000","ARCHS4--Coexpression","ANKRD24,AURKA"
"DEG_HMVL_ALL","917","0.563300000000000023","HOXB5_ARCHS4_PEARSON","HOXB5","2","299","0.86819999999999997175592625353601761162281036376953125000000000000000000000000000000000000000000000000000000000000000000000000000000000000000000000","1.00000000000000000000000000000000000000000000000000000000000000000000000000000000000000000000000000000000000000000000000000000000000000000000000000000000000","0.563900000000000","ARCHS4--Coexpression","TMEM158,FOXL1"
"DEG_HMVL_ALL","918","0.563899999999999957","THAP5_ARCHS4_PEARSON","THAP5","2","299","0.86819999999999997175592625353601761162281036376953125000000000000000000000000000000000000000000000000000000000000000000000000000000000000000000000","1.00000000000000000000000000000000000000000000000000000000000000000000000000000000000000000000000000000000000000000000000000000000000000000000000000000000000","0.563900000000000","ARCHS4--Coexpression","ANP32E,RNFT2"
"DEG_HMVL_ALL","919","0.564500000000000002","HOXD4_ARCHS4_PEARSON","HOXD4","2","299","0.86819999999999997175592625353601761162281036376953125000000000000000000000000000000000000000000000000000000000000000000000000000000000000000000000","1.00000000000000000000000000000000000000000000000000000000000000000000000000000000000000000000000000000000000000000000000000000000000000000000000000000000000","0.563900000000000","ARCHS4--Coexpression","IQGAP3,LMNB2"
"DEG_HMVL_ALL","920","0.565100000000000047","ZNF91_ARCHS4_PEARSON","ZNF91","2","299","0.86819999999999997175592625353601761162281036376953125000000000000000000000000000000000000000000000000000000000000000000000000000000000000000000000","1.00000000000000000000000000000000000000000000000000000000000000000000000000000000000000000000000000000000000000000000000000000000000000000000000000000000000","0.563900000000000","ARCHS4--Coexpression","NUDT3,TRMT9B"
"DEG_HMVL_ALL","921","0.565699999999999981","PPARA_ARCHS4_PEARSON","PPARA","2","299","0.86819999999999997175592625353601761162281036376953125000000000000000000000000000000000000000000000000000000000000000000000000000000000000000000000","1.00000000000000000000000000000000000000000000000000000000000000000000000000000000000000000000000000000000000000000000000000000000000000000000000000000000000","0.563900000000000","ARCHS4--Coexpression","TNFAIP8L1,NABP1"
"DEG_HMVL_ALL","922","0.566300000000000026","SETDB2_ARCHS4_PEARSON","SETDB2","2","299","0.86819999999999997175592625353601761162281036376953125000000000000000000000000000000000000000000000000000000000000000000000000000000000000000000000","1.00000000000000000000000000000000000000000000000000000000000000000000000000000000000000000000000000000000000000000000000000000000000000000000000000000000000","0.563900000000000","ARCHS4--Coexpression","LMNB2,PKD1L2"
"DEG_HMVL_ALL","923","0.566999999999999948","ZNF561_ARCHS4_PEARSON","ZNF561","2","299","0.86819999999999997175592625353601761162281036376953125000000000000000000000000000000000000000000000000000000000000000000000000000000000000000000000","1.00000000000000000000000000000000000000000000000000000000000000000000000000000000000000000000000000000000000000000000000000000000000000000000000000000000000","0.563900000000000","ARCHS4--Coexpression","SUN2,PBXIP1"
"DEG_HMVL_ALL","924","0.567599999999999993","SHOX_ARCHS4_PEARSON","SHOX","2","299","0.86819999999999997175592625353601761162281036376953125000000000000000000000000000000000000000000000000000000000000000000000000000000000000000000000","1.00000000000000000000000000000000000000000000000000000000000000000000000000000000000000000000000000000000000000000000000000000000000000000000000000000000000","0.563900000000000","ARCHS4--Coexpression","NABP1,PKD1L2"
"DEG_HMVL_ALL","925","0.568200000000000038","LHX2_ARCHS4_PEARSON","LHX2","2","299","0.86819999999999997175592625353601761162281036376953125000000000000000000000000000000000000000000000000000000000000000000000000000000000000000000000","1.00000000000000000000000000000000000000000000000000000000000000000000000000000000000000000000000000000000000000000000000000000000000000000000000000000000000","0.563900000000000","ARCHS4--Coexpression","FAM227A,ARHGAP33"
"DEG_HMVL_ALL","926","0.568799999999999972","AKAP8L_ARCHS4_PEARSON","AKAP8L","2","299","0.86819999999999997175592625353601761162281036376953125000000000000000000000000000000000000000000000000000000000000000000000000000000000000000000000","1.00000000000000000000000000000000000000000000000000000000000000000000000000000000000000000000000000000000000000000000000000000000000000000000000000000000000","0.563900000000000","ARCHS4--Coexpression","INCENP,SUN2"
"DEG_HMVL_ALL","927","0.569400000000000017","ZNF175_ARCHS4_PEARSON","ZNF175","2","299","0.86819999999999997175592625353601761162281036376953125000000000000000000000000000000000000000000000000000000000000000000000000000000000000000000000","1.00000000000000000000000000000000000000000000000000000000000000000000000000000000000000000000000000000000000000000000000000000000000000000000000000000000000","0.563900000000000","ARCHS4--Coexpression","SKA1,SPC25"
"DEG_HMVL_ALL","928","0.569999999999999951","ZNF548_ARCHS4_PEARSON","ZNF548","2","299","0.86819999999999997175592625353601761162281036376953125000000000000000000000000000000000000000000000000000000000000000000000000000000000000000000000","1.00000000000000000000000000000000000000000000000000000000000000000000000000000000000000000000000000000000000000000000000000000000000000000000000000000000000","0.563900000000000","ARCHS4--Coexpression","DDX39A,ZNF233"
"DEG_HMVL_ALL","929","0.570599999999999996","ZNF326_ARCHS4_PEARSON","ZNF326","2","299","0.86819999999999997175592625353601761162281036376953125000000000000000000000000000000000000000000000000000000000000000000000000000000000000000000000","1.00000000000000000000000000000000000000000000000000000000000000000000000000000000000000000000000000000000000000000000000000000000000000000000000000000000000","0.563900000000000","ARCHS4--Coexpression","HMGB1,SUN2"
"DEG_HMVL_ALL","930","0.571300000000000030","ZNF706_ARCHS4_PEARSON","ZNF706","2","299","0.86819999999999997175592625353601761162281036376953125000000000000000000000000000000000000000000000000000000000000000000000000000000000000000000000","1.00000000000000000000000000000000000000000000000000000000000000000000000000000000000000000000000000000000000000000000000000000000000000000000000000000000000","0.563900000000000","ARCHS4--Coexpression","INCENP,LMNB2"
"DEG_HMVL_ALL","931","0.571899999999999964","ZNF391_ARCHS4_PEARSON","ZNF391","2","299","0.86819999999999997175592625353601761162281036376953125000000000000000000000000000000000000000000000000000000000000000000000000000000000000000000000","1.00000000000000000000000000000000000000000000000000000000000000000000000000000000000000000000000000000000000000000000000000000000000000000000000000000000000","0.563900000000000","ARCHS4--Coexpression","ECT2,SUN2"
"DEG_HMVL_ALL","932","0.572500000000000009","ATMIN_ARCHS4_PEARSON","ATMIN","2","299","0.86819999999999997175592625353601761162281036376953125000000000000000000000000000000000000000000000000000000000000000000000000000000000000000000000","1.00000000000000000000000000000000000000000000000000000000000000000000000000000000000000000000000000000000000000000000000000000000000000000000000000000000000","0.563900000000000","ARCHS4--Coexpression","RACGAP1,RAD21"
"DEG_HMVL_ALL","933","0.573100000000000054","ZBTB20_ARCHS4_PEARSON","ZBTB20","2","299","0.86819999999999997175592625353601761162281036376953125000000000000000000000000000000000000000000000000000000000000000000000000000000000000000000000","1.00000000000000000000000000000000000000000000000000000000000000000000000000000000000000000000000000000000000000000000000000000000000000000000000000000000000","0.563900000000000","ARCHS4--Coexpression","TRMT9B,NCALD"
"DEG_HMVL_ALL","934","0.573699999999999988","TSHZ3_ARCHS4_PEARSON","TSHZ3","2","299","0.86819999999999997175592625353601761162281036376953125000000000000000000000000000000000000000000000000000000000000000000000000000000000000000000000","1.00000000000000000000000000000000000000000000000000000000000000000000000000000000000000000000000000000000000000000000000000000000000000000000000000000000000","0.563900000000000","ARCHS4--Coexpression","TMEM178A,FOXL1"
"DEG_HMVL_ALL","935","0.574300000000000033","KLF16_ARCHS4_PEARSON","KLF16","2","299","0.86819999999999997175592625353601761162281036376953125000000000000000000000000000000000000000000000000000000000000000000000000000000000000000000000","1.00000000000000000000000000000000000000000000000000000000000000000000000000000000000000000000000000000000000000000000000000000000000000000000000000000000000","0.563900000000000","ARCHS4--Coexpression","INCENP,LMNB2"
"DEG_HMVL_ALL","936","0.574899999999999967","FOXO4_ARCHS4_PEARSON","FOXO4","2","299","0.86819999999999997175592625353601761162281036376953125000000000000000000000000000000000000000000000000000000000000000000000000000000000000000000000","1.00000000000000000000000000000000000000000000000000000000000000000000000000000000000000000000000000000000000000000000000000000000000000000000000000000000000","0.563900000000000","ARCHS4--Coexpression","SUN2,PBXIP1"
"DEG_HMVL_ALL","937","0.575600000000000001","RXRB_ARCHS4_PEARSON","RXRB","2","299","0.86819999999999997175592625353601761162281036376953125000000000000000000000000000000000000000000000000000000000000000000000000000000000000000000000","1.00000000000000000000000000000000000000000000000000000000000000000000000000000000000000000000000000000000000000000000000000000000000000000000000000000000000","0.563900000000000","ARCHS4--Coexpression","SUN2,PBXIP1"
"DEG_HMVL_ALL","938","0.576200000000000045","VAX2_ARCHS4_PEARSON","VAX2","2","299","0.86819999999999997175592625353601761162281036376953125000000000000000000000000000000000000000000000000000000000000000000000000000000000000000000000","1.00000000000000000000000000000000000000000000000000000000000000000000000000000000000000000000000000000000000000000000000000000000000000000000000000000000000","0.563900000000000","ARCHS4--Coexpression","UBE2S,SAPCD2"
"DEG_HMVL_ALL","939","0.576799999999999979","ZSCAN31_ARCHS4_PEARSON","ZSCAN31","2","299","0.86819999999999997175592625353601761162281036376953125000000000000000000000000000000000000000000000000000000000000000000000000000000000000000000000","1.00000000000000000000000000000000000000000000000000000000000000000000000000000000000000000000000000000000000000000000000000000000000000000000000000000000000","0.563900000000000","ARCHS4--Coexpression","DEPDC1B,SUN2"
"DEG_HMVL_ALL","940","0.577400000000000024","BHLHA9_ARCHS4_PEARSON","BHLHA9","2","299","0.86819999999999997175592625353601761162281036376953125000000000000000000000000000000000000000000000000000000000000000000000000000000000000000000000","1.00000000000000000000000000000000000000000000000000000000000000000000000000000000000000000000000000000000000000000000000000000000000000000000000000000000000","0.563900000000000","ARCHS4--Coexpression","CENPL,CALB2"
"DEG_HMVL_ALL","941","0.577999999999999958","DDIT3_ARCHS4_PEARSON","DDIT3","2","299","0.86819999999999997175592625353601761162281036376953125000000000000000000000000000000000000000000000000000000000000000000000000000000000000000000000","1.00000000000000000000000000000000000000000000000000000000000000000000000000000000000000000000000000000000000000000000000000000000000000000000000000000000000","0.563900000000000","ARCHS4--Coexpression","INCENP,LMNB2"
"DEG_HMVL_ALL","942","0.578600000000000003","HOXA10_ARCHS4_PEARSON","HOXA10","2","299","0.86819999999999997175592625353601761162281036376953125000000000000000000000000000000000000000000000000000000000000000000000000000000000000000000000","1.00000000000000000000000000000000000000000000000000000000000000000000000000000000000000000000000000000000000000000000000000000000000000000000000000000000000","0.563900000000000","ARCHS4--Coexpression","CDKN2C,LMNB2"
"DEG_HMVL_ALL","943","0.579200000000000048","ZNF664_ARCHS4_PEARSON","ZNF664","2","299","0.86819999999999997175592625353601761162281036376953125000000000000000000000000000000000000000000000000000000000000000000000000000000000000000000000","1.00000000000000000000000000000000000000000000000000000000000000000000000000000000000000000000000000000000000000000000000000000000000000000000000000000000000","0.563900000000000","ARCHS4--Coexpression","INCENP,LMNB2"
"DEG_HMVL_ALL","944","0.579899999999999971","KLF12_ARCHS4_PEARSON","KLF12","2","299","0.86819999999999997175592625353601761162281036376953125000000000000000000000000000000000000000000000000000000000000000000000000000000000000000000000","1.00000000000000000000000000000000000000000000000000000000000000000000000000000000000000000000000000000000000000000000000000000000000000000000000000000000000","0.563900000000000","ARCHS4--Coexpression","CDKN1B,SUN2"
"DEG_HMVL_ALL","945","0.580500000000000016","ZNF558_ARCHS4_PEARSON","ZNF558","2","299","0.86819999999999997175592625353601761162281036376953125000000000000000000000000000000000000000000000000000000000000000000000000000000000000000000000","1.00000000000000000000000000000000000000000000000000000000000000000000000000000000000000000000000000000000000000000000000000000000000000000000000000000000000","0.563900000000000","ARCHS4--Coexpression","FAM227A,PKD1L2"
"DEG_HMVL_ALL","946","0.581099999999999950","KLF2_ARCHS4_PEARSON","KLF2","2","299","0.86819999999999997175592625353601761162281036376953125000000000000000000000000000000000000000000000000000000000000000000000000000000000000000000000","1.00000000000000000000000000000000000000000000000000000000000000000000000000000000000000000000000000000000000000000000000000000000000000000000000000000000000","0.563900000000000","ARCHS4--Coexpression","SUN2,PBXIP1"
"DEG_HMVL_ALL","947","0.581699999999999995","ZNF789_ARCHS4_PEARSON","ZNF789","2","299","0.86819999999999997175592625353601761162281036376953125000000000000000000000000000000000000000000000000000000000000000000000000000000000000000000000","1.00000000000000000000000000000000000000000000000000000000000000000000000000000000000000000000000000000000000000000000000000000000000000000000000000000000000","0.563900000000000","ARCHS4--Coexpression","FAM227A,PKD1L2"
"DEG_HMVL_ALL","948","0.582300000000000040","REL_ARCHS4_PEARSON","REL","2","299","0.86819999999999997175592625353601761162281036376953125000000000000000000000000000000000000000000000000000000000000000000000000000000000000000000000","1.00000000000000000000000000000000000000000000000000000000000000000000000000000000000000000000000000000000000000000000000000000000000000000000000000000000000","0.563900000000000","ARCHS4--Coexpression","TMEM45A,PKD1L2"
"DEG_HMVL_ALL","949","0.582899999999999974","STAT5B_ARCHS4_PEARSON","STAT5B","2","299","0.86819999999999997175592625353601761162281036376953125000000000000000000000000000000000000000000000000000000000000000000000000000000000000000000000","1.00000000000000000000000000000000000000000000000000000000000000000000000000000000000000000000000000000000000000000000000000000000000000000000000000000000000","0.563900000000000","ARCHS4--Coexpression","SUN2,PBXIP1"
"DEG_HMVL_ALL","950","0.583500000000000019","NFATC2_ARCHS4_PEARSON","NFATC2","2","299","0.86819999999999997175592625353601761162281036376953125000000000000000000000000000000000000000000000000000000000000000000000000000000000000000000000","1.00000000000000000000000000000000000000000000000000000000000000000000000000000000000000000000000000000000000000000000000000000000000000000000000000000000000","0.563900000000000","ARCHS4--Coexpression","SUN2,PBXIP1"
"DEG_HMVL_ALL","951","0.584200000000000053","PLAG1_ARCHS4_PEARSON","PLAG1","2","299","0.86819999999999997175592625353601761162281036376953125000000000000000000000000000000000000000000000000000000000000000000000000000000000000000000000","1.00000000000000000000000000000000000000000000000000000000000000000000000000000000000000000000000000000000000000000000000000000000000000000000000000000000000","0.563900000000000","ARCHS4--Coexpression","FANCD2,NABP1"
"DEG_HMVL_ALL","952","0.584799999999999986","ZNF423_ARCHS4_PEARSON","ZNF423","2","299","0.86819999999999997175592625353601761162281036376953125000000000000000000000000000000000000000000000000000000000000000000000000000000000000000000000","1.00000000000000000000000000000000000000000000000000000000000000000000000000000000000000000000000000000000000000000000000000000000000000000000000000000000000","0.563900000000000","ARCHS4--Coexpression","ARHGAP33,DNMT3B"
"DEG_HMVL_ALL","953","0.585400000000000031","PROX2_ARCHS4_PEARSON","PROX2","2","299","0.86819999999999997175592625353601761162281036376953125000000000000000000000000000000000000000000000000000000000000000000000000000000000000000000000","1.00000000000000000000000000000000000000000000000000000000000000000000000000000000000000000000000000000000000000000000000000000000000000000000000000000000000","0.563900000000000","ARCHS4--Coexpression","FAM227A,PKD1L2"
"DEG_HMVL_ALL","954","0.585999999999999965","ZNF761_ARCHS4_PEARSON","ZNF761","2","299","0.86819999999999997175592625353601761162281036376953125000000000000000000000000000000000000000000000000000000000000000000000000000000000000000000000","1.00000000000000000000000000000000000000000000000000000000000000000000000000000000000000000000000000000000000000000000000000000000000000000000000000000000000","0.563900000000000","ARCHS4--Coexpression","SKA1,PKD1L2"
"DEG_HMVL_ALL","955","0.586600000000000010","NKX21_ARCHS4_PEARSON","NKX21","2","299","0.86819999999999997175592625353601761162281036376953125000000000000000000000000000000000000000000000000000000000000000000000000000000000000000000000","1.00000000000000000000000000000000000000000000000000000000000000000000000000000000000000000000000000000000000000000000000000000000000000000000000000000000000","0.563900000000000","ARCHS4--Coexpression","LCN12,RTKN2"
"DEG_HMVL_ALL","956","0.587200000000000055","DPF1_ARCHS4_PEARSON","DPF1","2","299","0.86819999999999997175592625353601761162281036376953125000000000000000000000000000000000000000000000000000000000000000000000000000000000000000000000","1.00000000000000000000000000000000000000000000000000000000000000000000000000000000000000000000000000000000000000000000000000000000000000000000000000000000000","0.563900000000000","ARCHS4--Coexpression","ARHGAP33,RNFT2"
"DEG_HMVL_ALL","957","0.587799999999999989","CXXC1_ARCHS4_PEARSON","CXXC1","2","299","0.86819999999999997175592625353601761162281036376953125000000000000000000000000000000000000000000000000000000000000000000000000000000000000000000000","1.00000000000000000000000000000000000000000000000000000000000000000000000000000000000000000000000000000000000000000000000000000000000000000000000000000000000","0.563900000000000","ARCHS4--Coexpression","TACC3,SUN2"
"DEG_HMVL_ALL","958","0.588500000000000023","ZNF808_ARCHS4_PEARSON","ZNF808","2","299","0.86819999999999997175592625353601761162281036376953125000000000000000000000000000000000000000000000000000000000000000000000000000000000000000000000","1.00000000000000000000000000000000000000000000000000000000000000000000000000000000000000000000000000000000000000000000000000000000000000000000000000000000000","0.563900000000000","ARCHS4--Coexpression","LMNB2,PKD1L2"
"DEG_HMVL_ALL","959","0.589099999999999957","ZNF177_ARCHS4_PEARSON","ZNF177","2","299","0.86819999999999997175592625353601761162281036376953125000000000000000000000000000000000000000000000000000000000000000000000000000000000000000000000","1.00000000000000000000000000000000000000000000000000000000000000000000000000000000000000000000000000000000000000000000000000000000000000000000000000000000000","0.563900000000000","ARCHS4--Coexpression","FAM227A,RNFT2"
"DEG_HMVL_ALL","960","0.589700000000000002","MEIS2_ARCHS4_PEARSON","MEIS2","2","300","0.86939999999999995061727986467303708195686340332031250000000000000000000000000000000000000000000000000000000000000000000000000000000000000000000000","1.00000000000000000000000000000000000000000000000000000000000000000000000000000000000000000000000000000000000000000000000000000000000000000000000000000000000","0.562100000000000","ARCHS4--Coexpression","NUDT3,RNFT2"
"DEG_HMVL_ALL","961","0.590300000000000047","ZNF318_ARCHS4_PEARSON","ZNF318","2","300","0.86939999999999995061727986467303708195686340332031250000000000000000000000000000000000000000000000000000000000000000000000000000000000000000000000","1.00000000000000000000000000000000000000000000000000000000000000000000000000000000000000000000000000000000000000000000000000000000000000000000000000000000000","0.562100000000000","ARCHS4--Coexpression","IZUMO4,INCENP"
"DEG_HMVL_ALL","962","0.590899999999999981","MYRFL_ARCHS4_PEARSON","MYRFL","2","300","0.86939999999999995061727986467303708195686340332031250000000000000000000000000000000000000000000000000000000000000000000000000000000000000000000000","1.00000000000000000000000000000000000000000000000000000000000000000000000000000000000000000000000000000000000000000000000000000000000000000000000000000000000","0.562100000000000","ARCHS4--Coexpression","ANO9,PBLD"
"DEG_HMVL_ALL","963","0.591500000000000026","TFAP2C_ARCHS4_PEARSON","TFAP2C","2","300","0.86939999999999995061727986467303708195686340332031250000000000000000000000000000000000000000000000000000000000000000000000000000000000000000000000","1.00000000000000000000000000000000000000000000000000000000000000000000000000000000000000000000000000000000000000000000000000000000000000000000000000000000000","0.562100000000000","ARCHS4--Coexpression","TMEM45A,ACKR2"
"DEG_HMVL_ALL","964","0.592099999999999960","ZGPAT_ARCHS4_PEARSON","ZGPAT","2","300","0.86939999999999995061727986467303708195686340332031250000000000000000000000000000000000000000000000000000000000000000000000000000000000000000000000","1.00000000000000000000000000000000000000000000000000000000000000000000000000000000000000000000000000000000000000000000000000000000000000000000000000000000000","0.562100000000000","ARCHS4--Coexpression","SUN2,PBXIP1"
"DEG_HMVL_ALL","965","0.592799999999999994","POU4F2_ARCHS4_PEARSON","POU4F2","2","300","0.86939999999999995061727986467303708195686340332031250000000000000000000000000000000000000000000000000000000000000000000000000000000000000000000000","1.00000000000000000000000000000000000000000000000000000000000000000000000000000000000000000000000000000000000000000000000000000000000000000000000000000000000","0.562100000000000","ARCHS4--Coexpression","SGSM1,ARHGAP33"
"DEG_HMVL_ALL","966","0.593400000000000039","STAT6_ARCHS4_PEARSON","STAT6","2","300","0.86939999999999995061727986467303708195686340332031250000000000000000000000000000000000000000000000000000000000000000000000000000000000000000000000","1.00000000000000000000000000000000000000000000000000000000000000000000000000000000000000000000000000000000000000000000000000000000000000000000000000000000000","0.562100000000000","ARCHS4--Coexpression","SUN2,PBXIP1"
"DEG_HMVL_ALL","967","0.593999999999999972","BAZ2A_ARCHS4_PEARSON","BAZ2A","2","300","0.86939999999999995061727986467303708195686340332031250000000000000000000000000000000000000000000000000000000000000000000000000000000000000000000000","1.00000000000000000000000000000000000000000000000000000000000000000000000000000000000000000000000000000000000000000000000000000000000000000000000000000000000","0.562100000000000","ARCHS4--Coexpression","INCENP,SUN2"
"DEG_HMVL_ALL","968","0.594600000000000017","FLI1_ARCHS4_PEARSON","FLI1","2","300","0.86939999999999995061727986467303708195686340332031250000000000000000000000000000000000000000000000000000000000000000000000000000000000000000000000","1.00000000000000000000000000000000000000000000000000000000000000000000000000000000000000000000000000000000000000000000000000000000000000000000000000000000000","0.562100000000000","ARCHS4--Coexpression","SUN2,PBXIP1"
"DEG_HMVL_ALL","969","0.595199999999999951","RFX4_ARCHS4_PEARSON","RFX4","2","300","0.86939999999999995061727986467303708195686340332031250000000000000000000000000000000000000000000000000000000000000000000000000000000000000000000000","1.00000000000000000000000000000000000000000000000000000000000000000000000000000000000000000000000000000000000000000000000000000000000000000000000000000000000","0.562100000000000","ARCHS4--Coexpression","PSRC1,RNFT2"
"DEG_HMVL_ALL","970","0.595799999999999996","POU4F1_ARCHS4_PEARSON","POU4F1","2","300","0.86939999999999995061727986467303708195686340332031250000000000000000000000000000000000000000000000000000000000000000000000000000000000000000000000","1.00000000000000000000000000000000000000000000000000000000000000000000000000000000000000000000000000000000000000000000000000000000000000000000000000000000000","0.562100000000000","ARCHS4--Coexpression","ARHGAP33,NCALD"
"DEG_HMVL_ALL","971","0.596400000000000041","DMTF1_ARCHS4_PEARSON","DMTF1","2","300","0.86939999999999995061727986467303708195686340332031250000000000000000000000000000000000000000000000000000000000000000000000000000000000000000000000","1.00000000000000000000000000000000000000000000000000000000000000000000000000000000000000000000000000000000000000000000000000000000000000000000000000000000000","0.562100000000000","ARCHS4--Coexpression","CNTRL,DBF4"
"DEG_HMVL_ALL","972","0.597099999999999964","ZNF461_ARCHS4_PEARSON","ZNF461","2","300","0.86939999999999995061727986467303708195686340332031250000000000000000000000000000000000000000000000000000000000000000000000000000000000000000000000","1.00000000000000000000000000000000000000000000000000000000000000000000000000000000000000000000000000000000000000000000000000000000000000000000000000000000000","0.562100000000000","ARCHS4--Coexpression","FAM227A,PKD1L2"
"DEG_HMVL_ALL","973","0.597700000000000009","MYOD1_ARCHS4_PEARSON","MYOD1","2","300","0.86939999999999995061727986467303708195686340332031250000000000000000000000000000000000000000000000000000000000000000000000000000000000000000000000","1.00000000000000000000000000000000000000000000000000000000000000000000000000000000000000000000000000000000000000000000000000000000000000000000000000000000000","0.562100000000000","ARCHS4--Coexpression","SUN2,PBXIP1"
"DEG_HMVL_ALL","974","0.598300000000000054","USF1_ARCHS4_PEARSON","USF1","2","300","0.86939999999999995061727986467303708195686340332031250000000000000000000000000000000000000000000000000000000000000000000000000000000000000000000000","1.00000000000000000000000000000000000000000000000000000000000000000000000000000000000000000000000000000000000000000000000000000000000000000000000000000000000","0.562100000000000","ARCHS4--Coexpression","NABP1,SUN2"
"DEG_HMVL_ALL","975","0.598899999999999988","BATF3_ARCHS4_PEARSON","BATF3","2","300","0.86939999999999995061727986467303708195686340332031250000000000000000000000000000000000000000000000000000000000000000000000000000000000000000000000","1.00000000000000000000000000000000000000000000000000000000000000000000000000000000000000000000000000000000000000000000000000000000000000000000000000000000000","0.562100000000000","ARCHS4--Coexpression","DDX39A,TNFAIP8L1"
"DEG_HMVL_ALL","976","0.599500000000000033","ASCL2_ARCHS4_PEARSON","ASCL2","2","300","0.86939999999999995061727986467303708195686340332031250000000000000000000000000000000000000000000000000000000000000000000000000000000000000000000000","1.00000000000000000000000000000000000000000000000000000000000000000000000000000000000000000000000000000000000000000000000000000000000000000000000000000000000","0.562100000000000","ARCHS4--Coexpression","ANO9,SUN2"
"DEG_HMVL_ALL","977","0.600099999999999967","FOSL2_ARCHS4_PEARSON","FOSL2","2","300","0.86939999999999995061727986467303708195686340332031250000000000000000000000000000000000000000000000000000000000000000000000000000000000000000000000","1.00000000000000000000000000000000000000000000000000000000000000000000000000000000000000000000000000000000000000000000000000000000000000000000000000000000000","0.562100000000000","ARCHS4--Coexpression","SUN2,TBC1D2"
"DEG_HMVL_ALL","978","0.600700000000000012","ZNF592_ARCHS4_PEARSON","ZNF592","2","300","0.86939999999999995061727986467303708195686340332031250000000000000000000000000000000000000000000000000000000000000000000000000000000000000000000000","1.00000000000000000000000000000000000000000000000000000000000000000000000000000000000000000000000000000000000000000000000000000000000000000000000000000000000","0.562100000000000","ARCHS4--Coexpression","DEPDC1B,SUN2"
"DEG_HMVL_ALL","979","0.601400000000000046","IRF9_ARCHS4_PEARSON","IRF9","2","300","0.86939999999999995061727986467303708195686340332031250000000000000000000000000000000000000000000000000000000000000000000000000000000000000000000000","1.00000000000000000000000000000000000000000000000000000000000000000000000000000000000000000000000000000000000000000000000000000000000000000000000000000000000","0.562100000000000","ARCHS4--Coexpression","SUN2,PBXIP1"
"DEG_HMVL_ALL","980","0.601999999999999980","FOXD4L3_ARCHS4_PEARSON","FOXD4L3","2","300","0.86939999999999995061727986467303708195686340332031250000000000000000000000000000000000000000000000000000000000000000000000000000000000000000000000","1.00000000000000000000000000000000000000000000000000000000000000000000000000000000000000000000000000000000000000000000000000000000000000000000000000000000000","0.562100000000000","ARCHS4--Coexpression","RECQL4,SGSM1"
"DEG_HMVL_ALL","981","0.602600000000000025","PBX3_ARCHS4_PEARSON","PBX3","2","300","0.86939999999999995061727986467303708195686340332031250000000000000000000000000000000000000000000000000000000000000000000000000000000000000000000000","1.00000000000000000000000000000000000000000000000000000000000000000000000000000000000000000000000000000000000000000000000000000000000000000000000000000000000","0.562100000000000","ARCHS4--Coexpression","ARHGAP33,CALB2"
"DEG_HMVL_ALL","982","0.603199999999999958","MYT1L_ARCHS4_PEARSON","MYT1L","2","300","0.86939999999999995061727986467303708195686340332031250000000000000000000000000000000000000000000000000000000000000000000000000000000000000000000000","1.00000000000000000000000000000000000000000000000000000000000000000000000000000000000000000000000000000000000000000000000000000000000000000000000000000000000","0.562100000000000","ARCHS4--Coexpression","NUDT3,TRMT9B"
"DEG_HMVL_ALL","983","0.603800000000000003","ARID5A_ARCHS4_PEARSON","ARID5A","2","300","0.86939999999999995061727986467303708195686340332031250000000000000000000000000000000000000000000000000000000000000000000000000000000000000000000000","1.00000000000000000000000000000000000000000000000000000000000000000000000000000000000000000000000000000000000000000000000000000000000000000000000000000000000","0.562100000000000","ARCHS4--Coexpression","SUN2,PBXIP1"
"DEG_HMVL_ALL","984","0.604400000000000048","ATOH7_ARCHS4_PEARSON","ATOH7","2","300","0.86939999999999995061727986467303708195686340332031250000000000000000000000000000000000000000000000000000000000000000000000000000000000000000000000","1.00000000000000000000000000000000000000000000000000000000000000000000000000000000000000000000000000000000000000000000000000000000000000000000000000000000000","0.562100000000000","ARCHS4--Coexpression","CALB2,FBXL13"
"DEG_HMVL_ALL","985","0.604999999999999982","SPDEF_ARCHS4_PEARSON","SPDEF","2","300","0.86939999999999995061727986467303708195686340332031250000000000000000000000000000000000000000000000000000000000000000000000000000000000000000000000","1.00000000000000000000000000000000000000000000000000000000000000000000000000000000000000000000000000000000000000000000000000000000000000000000000000000000000","0.562100000000000","ARCHS4--Coexpression","PNPLA7,SAPCD2"
"DEG_HMVL_ALL","986","0.605700000000000016","VSX2_ARCHS4_PEARSON","VSX2","2","300","0.86939999999999995061727986467303708195686340332031250000000000000000000000000000000000000000000000000000000000000000000000000000000000000000000000","1.00000000000000000000000000000000000000000000000000000000000000000000000000000000000000000000000000000000000000000000000000000000000000000000000000000000000","0.562100000000000","ARCHS4--Coexpression","CACNA2D4,ARHGAP33"
"DEG_HMVL_ALL","987","0.606299999999999950","ETV6_ARCHS4_PEARSON","ETV6","2","300","0.86939999999999995061727986467303708195686340332031250000000000000000000000000000000000000000000000000000000000000000000000000000000000000000000000","1.00000000000000000000000000000000000000000000000000000000000000000000000000000000000000000000000000000000000000000000000000000000000000000000000000000000000","0.562100000000000","ARCHS4--Coexpression","CNTRL,HSH2D"
"DEG_HMVL_ALL","988","0.606899999999999995","ZIM3_ARCHS4_PEARSON","ZIM3","2","300","0.86939999999999995061727986467303708195686340332031250000000000000000000000000000000000000000000000000000000000000000000000000000000000000000000000","1.00000000000000000000000000000000000000000000000000000000000000000000000000000000000000000000000000000000000000000000000000000000000000000000000000000000000","0.562100000000000","ARCHS4--Coexpression","FAM227A,PKD1L2"
"DEG_HMVL_ALL","989","0.607500000000000040","DACH2_ARCHS4_PEARSON","DACH2","2","300","0.86939999999999995061727986467303708195686340332031250000000000000000000000000000000000000000000000000000000000000000000000000000000000000000000000","1.00000000000000000000000000000000000000000000000000000000000000000000000000000000000000000000000000000000000000000000000000000000000000000000000000000000000","0.562100000000000","ARCHS4--Coexpression","SGSM1,RNFT2"
"DEG_HMVL_ALL","990","0.608099999999999974","ZNF668_ARCHS4_PEARSON","ZNF668","2","300","0.86939999999999995061727986467303708195686340332031250000000000000000000000000000000000000000000000000000000000000000000000000000000000000000000000","1.00000000000000000000000000000000000000000000000000000000000000000000000000000000000000000000000000000000000000000000000000000000000000000000000000000000000","0.562100000000000","ARCHS4--Coexpression","UBE2S,LMNB2"
"DEG_HMVL_ALL","991","0.608700000000000019","SNAI1_ARCHS4_PEARSON","SNAI1","2","300","0.86939999999999995061727986467303708195686340332031250000000000000000000000000000000000000000000000000000000000000000000000000000000000000000000000","1.00000000000000000000000000000000000000000000000000000000000000000000000000000000000000000000000000000000000000000000000000000000000000000000000000000000000","0.562100000000000","ARCHS4--Coexpression","CKS2,UBE2C"
"DEG_HMVL_ALL","992","0.609299999999999953","ZFHX4_ARCHS4_PEARSON","ZFHX4","2","300","0.86939999999999995061727986467303708195686340332031250000000000000000000000000000000000000000000000000000000000000000000000000000000000000000000000","1.00000000000000000000000000000000000000000000000000000000000000000000000000000000000000000000000000000000000000000000000000000000000000000000000000000000000","0.562100000000000","ARCHS4--Coexpression","FAM227A,RNFT2"
"DEG_HMVL_ALL","993","0.609999999999999987","BHLHE23_ARCHS4_PEARSON","BHLHE23","2","300","0.86939999999999995061727986467303708195686340332031250000000000000000000000000000000000000000000000000000000000000000000000000000000000000000000000","1.00000000000000000000000000000000000000000000000000000000000000000000000000000000000000000000000000000000000000000000000000000000000000000000000000000000000","0.562100000000000","ARCHS4--Coexpression","INCENP,CALB2"
"DEG_HMVL_ALL","994","0.610600000000000032","FOXP2_ARCHS4_PEARSON","FOXP2","2","300","0.86939999999999995061727986467303708195686340332031250000000000000000000000000000000000000000000000000000000000000000000000000000000000000000000000","1.00000000000000000000000000000000000000000000000000000000000000000000000000000000000000000000000000000000000000000000000000000000000000000000000000000000000","0.562100000000000","ARCHS4--Coexpression","FAM227A,CALB2"
"DEG_HMVL_ALL","995","0.611199999999999966","GATA1_ARCHS4_PEARSON","GATA1","2","300","0.86939999999999995061727986467303708195686340332031250000000000000000000000000000000000000000000000000000000000000000000000000000000000000000000000","1.00000000000000000000000000000000000000000000000000000000000000000000000000000000000000000000000000000000000000000000000000000000000000000000000000000000000","0.562100000000000","ARCHS4--Coexpression","CDC45,EPOR"
"DEG_HMVL_ALL","996","0.611800000000000010","NKX31_ARCHS4_PEARSON","NKX31","2","300","0.86939999999999995061727986467303708195686340332031250000000000000000000000000000000000000000000000000000000000000000000000000000000000000000000000","1.00000000000000000000000000000000000000000000000000000000000000000000000000000000000000000000000000000000000000000000000000000000000000000000000000000000000","0.562100000000000","ARCHS4--Coexpression","PNPLA7,NABP1"
"DEG_HMVL_ALL","997","0.612400000000000055","NFE2_ARCHS4_PEARSON","NFE2","2","300","0.86939999999999995061727986467303708195686340332031250000000000000000000000000000000000000000000000000000000000000000000000000000000000000000000000","1.00000000000000000000000000000000000000000000000000000000000000000000000000000000000000000000000000000000000000000000000000000000000000000000000000000000000","0.562100000000000","ARCHS4--Coexpression","HSH2D,EPOR"
"DEG_HMVL_ALL","998","0.612999999999999989","POU3F4_ARCHS4_PEARSON","POU3F4","2","300","0.86939999999999995061727986467303708195686340332031250000000000000000000000000000000000000000000000000000000000000000000000000000000000000000000000","1.00000000000000000000000000000000000000000000000000000000000000000000000000000000000000000000000000000000000000000000000000000000000000000000000000000000000","0.562100000000000","ARCHS4--Coexpression","SPC25,RNFT2"
"DEG_HMVL_ALL","999","0.613600000000000034","FAM200B_ARCHS4_PEARSON","FAM200B","2","300","0.86939999999999995061727986467303708195686340332031250000000000000000000000000000000000000000000000000000000000000000000000000000000000000000000000","1.00000000000000000000000000000000000000000000000000000000000000000000000000000000000000000000000000000000000000000000000000000000000000000000000000000000000","0.562100000000000","ARCHS4--Coexpression","INCENP,LMNB2"
"DEG_HMVL_ALL","1000","0.614299999999999957","GRHL2_ARCHS4_PEARSON","GRHL2","2","300","0.86939999999999995061727986467303708195686340332031250000000000000000000000000000000000000000000000000000000000000000000000000000000000000000000000","1.00000000000000000000000000000000000000000000000000000000000000000000000000000000000000000000000000000000000000000000000000000000000000000000000000000000000","0.562100000000000","ARCHS4--Coexpression","LURAP1L,SAPCD2"
"DEG_HMVL_ALL","1001","0.614900000000000002","SOX13_ARCHS4_PEARSON","SOX13","2","300","0.86939999999999995061727986467303708195686340332031250000000000000000000000000000000000000000000000000000000000000000000000000000000000000000000000","1.00000000000000000000000000000000000000000000000000000000000000000000000000000000000000000000000000000000000000000000000000000000000000000000000000000000000","0.562100000000000","ARCHS4--Coexpression","DNMT3B,PKD1L2"
"DEG_HMVL_ALL","1002","0.615500000000000047","HOXB1_ARCHS4_PEARSON","HOXB1","2","300","0.86939999999999995061727986467303708195686340332031250000000000000000000000000000000000000000000000000000000000000000000000000000000000000000000000","1.00000000000000000000000000000000000000000000000000000000000000000000000000000000000000000000000000000000000000000000000000000000000000000000000000000000000","0.562100000000000","ARCHS4--Coexpression","ZWINT,MAD2L1"
"DEG_HMVL_ALL","1003","0.616099999999999981","THAP3_ARCHS4_PEARSON","THAP3","2","300","0.86939999999999995061727986467303708195686340332031250000000000000000000000000000000000000000000000000000000000000000000000000000000000000000000000","1.00000000000000000000000000000000000000000000000000000000000000000000000000000000000000000000000000000000000000000000000000000000000000000000000000000000000","0.562100000000000","ARCHS4--Coexpression","DTYMK,CENPW"
"DEG_HMVL_ALL","1004","0.616700000000000026","ETV3L_ARCHS4_PEARSON","ETV3L","2","300","0.86939999999999995061727986467303708195686340332031250000000000000000000000000000000000000000000000000000000000000000000000000000000000000000000000","1.00000000000000000000000000000000000000000000000000000000000000000000000000000000000000000000000000000000000000000000000000000000000000000000000000000000000","0.562100000000000","ARCHS4--Coexpression","CACNA2D4,TRMT9B"
"DEG_HMVL_ALL","1005","0.617299999999999960","RREB1_ARCHS4_PEARSON","RREB1","2","300","0.86939999999999995061727986467303708195686340332031250000000000000000000000000000000000000000000000000000000000000000000000000000000000000000000000","1.00000000000000000000000000000000000000000000000000000000000000000000000000000000000000000000000000000000000000000000000000000000000000000000000000000000000","0.562100000000000","ARCHS4--Coexpression","TUBA1B,TMEM45A"
"DEG_HMVL_ALL","1006","0.617900000000000005","CREB3L4_ARCHS4_PEARSON","CREB3L4","2","300","0.86939999999999995061727986467303708195686340332031250000000000000000000000000000000000000000000000000000000000000000000000000000000000000000000000","1.00000000000000000000000000000000000000000000000000000000000000000000000000000000000000000000000000000000000000000000000000000000000000000000000000000000000","0.562100000000000","ARCHS4--Coexpression","LURAP1L,SAPCD2"
"DEG_HMVL_ALL","1007","0.618600000000000039","XPA_ARCHS4_PEARSON","XPA","2","300","0.86939999999999995061727986467303708195686340332031250000000000000000000000000000000000000000000000000000000000000000000000000000000000000000000000","1.00000000000000000000000000000000000000000000000000000000000000000000000000000000000000000000000000000000000000000000000000000000000000000000000000000000000","0.562100000000000","ARCHS4--Coexpression","INCENP,LMNB2"
"DEG_HMVL_ALL","1008","0.619199999999999973","ZFAT_ARCHS4_PEARSON","ZFAT","2","300","0.86939999999999995061727986467303708195686340332031250000000000000000000000000000000000000000000000000000000000000000000000000000000000000000000000","1.00000000000000000000000000000000000000000000000000000000000000000000000000000000000000000000000000000000000000000000000000000000000000000000000000000000000","0.562100000000000","ARCHS4--Coexpression","SEMA3B,ACKR2"
"DEG_HMVL_ALL","1009","0.619800000000000018","SCMH1_ARCHS4_PEARSON","SCMH1","2","300","0.86939999999999995061727986467303708195686340332031250000000000000000000000000000000000000000000000000000000000000000000000000000000000000000000000","1.00000000000000000000000000000000000000000000000000000000000000000000000000000000000000000000000000000000000000000000000000000000000000000000000000000000000","0.562100000000000","ARCHS4--Coexpression","NEURL1B,ODF2"
"DEG_HMVL_ALL","1010","0.620399999999999952","PBX1_ARCHS4_PEARSON","PBX1","2","300","0.86939999999999995061727986467303708195686340332031250000000000000000000000000000000000000000000000000000000000000000000000000000000000000000000000","1.00000000000000000000000000000000000000000000000000000000000000000000000000000000000000000000000000000000000000000000000000000000000000000000000000000000000","0.562100000000000","ARCHS4--Coexpression","NUDT3,NCALD"
"DEG_HMVL_ALL","1011","0.620999999999999996","GATA3_ARCHS4_PEARSON","GATA3","2","300","0.86939999999999995061727986467303708195686340332031250000000000000000000000000000000000000000000000000000000000000000000000000000000000000000000000","1.00000000000000000000000000000000000000000000000000000000000000000000000000000000000000000000000000000000000000000000000000000000000000000000000000000000000","0.562100000000000","ARCHS4--Coexpression","LURAP1L,SAPCD2"
"DEG_HMVL_ALL","1012","0.621600000000000041","HES5_ARCHS4_PEARSON","HES5","2","300","0.86939999999999995061727986467303708195686340332031250000000000000000000000000000000000000000000000000000000000000000000000000000000000000000000000","1.00000000000000000000000000000000000000000000000000000000000000000000000000000000000000000000000000000000000000000000000000000000000000000000000000000000000","0.562100000000000","ARCHS4--Coexpression","CENPF,RNFT2"
"DEG_HMVL_ALL","1013","0.622199999999999975","SRY_ARCHS4_PEARSON","SRY","2","300","0.86939999999999995061727986467303708195686340332031250000000000000000000000000000000000000000000000000000000000000000000000000000000000000000000000","1.00000000000000000000000000000000000000000000000000000000000000000000000000000000000000000000000000000000000000000000000000000000000000000000000000000000000","0.562100000000000","ARCHS4--Coexpression","MKI67,DNAH7"
"DEG_HMVL_ALL","1014","0.622900000000000009","PHOX2B_ARCHS4_PEARSON","PHOX2B","2","300","0.86939999999999995061727986467303708195686340332031250000000000000000000000000000000000000000000000000000000000000000000000000000000000000000000000","1.00000000000000000000000000000000000000000000000000000000000000000000000000000000000000000000000000000000000000000000000000000000000000000000000000000000000","0.562100000000000","ARCHS4--Coexpression","TUBA1C,UBE2S"
"DEG_HMVL_ALL","1015","0.623500000000000054","FOXN3_ARCHS4_PEARSON","FOXN3","2","300","0.86939999999999995061727986467303708195686340332031250000000000000000000000000000000000000000000000000000000000000000000000000000000000000000000000","1.00000000000000000000000000000000000000000000000000000000000000000000000000000000000000000000000000000000000000000000000000000000000000000000000000000000000","0.562100000000000","ARCHS4--Coexpression","DTYMK,SUN2"
"DEG_HMVL_ALL","1016","0.624099999999999988","GZF1_ARCHS4_PEARSON","GZF1","2","300","0.86939999999999995061727986467303708195686340332031250000000000000000000000000000000000000000000000000000000000000000000000000000000000000000000000","1.00000000000000000000000000000000000000000000000000000000000000000000000000000000000000000000000000000000000000000000000000000000000000000000000000000000000","0.562100000000000","ARCHS4--Coexpression","CDKN1B,INCENP"
"DEG_HMVL_ALL","1017","0.624700000000000033","SNAPC2_ARCHS4_PEARSON","SNAPC2","2","300","0.86939999999999995061727986467303708195686340332031250000000000000000000000000000000000000000000000000000000000000000000000000000000000000000000000","1.00000000000000000000000000000000000000000000000000000000000000000000000000000000000000000000000000000000000000000000000000000000000000000000000000000000000","0.562100000000000","ARCHS4--Coexpression","TUBB4B,UBE2S"
"DEG_HMVL_ALL","1018","0.625299999999999967","ZNF337_ARCHS4_PEARSON","ZNF337","2","300","0.86939999999999995061727986467303708195686340332031250000000000000000000000000000000000000000000000000000000000000000000000000000000000000000000000","1.00000000000000000000000000000000000000000000000000000000000000000000000000000000000000000000000000000000000000000000000000000000000000000000000000000000000","0.562100000000000","ARCHS4--Coexpression","NUDT3,DNAH1"
"DEG_HMVL_ALL","1019","0.625900000000000012","IRX5_ARCHS4_PEARSON","IRX5","2","300","0.86939999999999995061727986467303708195686340332031250000000000000000000000000000000000000000000000000000000000000000000000000000000000000000000000","1.00000000000000000000000000000000000000000000000000000000000000000000000000000000000000000000000000000000000000000000000000000000000000000000000000000000000","0.562100000000000","ARCHS4--Coexpression","LURAP1L,SAPCD2"
"DEG_HMVL_ALL","1020","0.626499999999999946","SON_ARCHS4_PEARSON","SON","2","300","0.86939999999999995061727986467303708195686340332031250000000000000000000000000000000000000000000000000000000000000000000000000000000000000000000000","1.00000000000000000000000000000000000000000000000000000000000000000000000000000000000000000000000000000000000000000000000000000000000000000000000000000000000","0.562100000000000","ARCHS4--Coexpression","SMC4,TCOF1"
"DEG_HMVL_ALL","1021","0.627099999999999991","ARID3A_ARCHS4_PEARSON","ARID3A","2","300","0.86939999999999995061727986467303708195686340332031250000000000000000000000000000000000000000000000000000000000000000000000000000000000000000000000","1.00000000000000000000000000000000000000000000000000000000000000000000000000000000000000000000000000000000000000000000000000000000000000000000000000000000000","0.562100000000000","ARCHS4--Coexpression","TNFAIP8L1,NABP1"
"DEG_HMVL_ALL","1022","0.627800000000000025","ASCL1_ARCHS4_PEARSON","ASCL1","2","300","0.86939999999999995061727986467303708195686340332031250000000000000000000000000000000000000000000000000000000000000000000000000000000000000000000000","1.00000000000000000000000000000000000000000000000000000000000000000000000000000000000000000000000000000000000000000000000000000000000000000000000000000000000","0.562100000000000","ARCHS4--Coexpression","DNAH7,DNAH5"
"DEG_HMVL_ALL","1023","0.628399999999999959","TFDP3_ARCHS4_PEARSON","TFDP3","2","300","0.86939999999999995061727986467303708195686340332031250000000000000000000000000000000000000000000000000000000000000000000000000000000000000000000000","1.00000000000000000000000000000000000000000000000000000000000000000000000000000000000000000000000000000000000000000000000000000000000000000000000000000000000","0.562100000000000","ARCHS4--Coexpression","KNL1,ANKRD31"
"DEG_HMVL_ALL","1024","0.629000000000000004","FOXA3_ARCHS4_PEARSON","FOXA3","2","300","0.86939999999999995061727986467303708195686340332031250000000000000000000000000000000000000000000000000000000000000000000000000000000000000000000000","1.00000000000000000000000000000000000000000000000000000000000000000000000000000000000000000000000000000000000000000000000000000000000000000000000000000000000","0.562100000000000","ARCHS4--Coexpression","MST1,ABCC6"
"DEG_HMVL_ALL","1025","0.629600000000000048","ONECUT1_ARCHS4_PEARSON","ONECUT1","2","300","0.86939999999999995061727986467303708195686340332031250000000000000000000000000000000000000000000000000000000000000000000000000000000000000000000000","1.00000000000000000000000000000000000000000000000000000000000000000000000000000000000000000000000000000000000000000000000000000000000000000000000000000000000","0.562100000000000","ARCHS4--Coexpression","MST1,ABCC6"
"DEG_HMVL_ALL","1026","0.630199999999999982","TFAP2B_ARCHS4_PEARSON","TFAP2B","2","300","0.86939999999999995061727986467303708195686340332031250000000000000000000000000000000000000000000000000000000000000000000000000000000000000000000000","1.00000000000000000000000000000000000000000000000000000000000000000000000000000000000000000000000000000000000000000000000000000000000000000000000000000000000","0.562100000000000","ARCHS4--Coexpression","ARHGAP33,CALB2"
"DEG_HMVL_ALL","1027","0.630800000000000027","BHLHE40_ARCHS4_PEARSON","BHLHE40","2","300","0.86939999999999995061727986467303708195686340332031250000000000000000000000000000000000000000000000000000000000000000000000000000000000000000000000","1.00000000000000000000000000000000000000000000000000000000000000000000000000000000000000000000000000000000000000000000000000000000000000000000000000000000000","0.562100000000000","ARCHS4--Coexpression","HMGB1,SUN2"
"DEG_HMVL_ALL","1028","0.631399999999999961","ZNF274_ARCHS4_PEARSON","ZNF274","2","300","0.86939999999999995061727986467303708195686340332031250000000000000000000000000000000000000000000000000000000000000000000000000000000000000000000000","1.00000000000000000000000000000000000000000000000000000000000000000000000000000000000000000000000000000000000000000000000000000000000000000000000000000000000","0.562100000000000","ARCHS4--Coexpression","FAM227A,PKD1L2"
"DEG_HMVL_ALL","1029","0.632099999999999995","ZNF699_ARCHS4_PEARSON","ZNF699","2","300","0.86939999999999995061727986467303708195686340332031250000000000000000000000000000000000000000000000000000000000000000000000000000000000000000000000","1.00000000000000000000000000000000000000000000000000000000000000000000000000000000000000000000000000000000000000000000000000000000000000000000000000000000000","0.562100000000000","ARCHS4--Coexpression","FAM227A,PKD1L2"
"DEG_HMVL_ALL","1030","0.632700000000000040","IRX2_ARCHS4_PEARSON","IRX2","2","300","0.86939999999999995061727986467303708195686340332031250000000000000000000000000000000000000000000000000000000000000000000000000000000000000000000000","1.00000000000000000000000000000000000000000000000000000000000000000000000000000000000000000000000000000000000000000000000000000000000000000000000000000000000","0.562100000000000","ARCHS4--Coexpression","SPC25,NCALD"
"DEG_HMVL_ALL","1031","0.633299999999999974","ZNF510_ARCHS4_PEARSON","ZNF510","2","300","0.86939999999999995061727986467303708195686340332031250000000000000000000000000000000000000000000000000000000000000000000000000000000000000000000000","1.00000000000000000000000000000000000000000000000000000000000000000000000000000000000000000000000000000000000000000000000000000000000000000000000000000000000","0.562100000000000","ARCHS4--Coexpression","TMPO,CEP55"
"DEG_HMVL_ALL","1032","0.633900000000000019","ZNF623_ARCHS4_PEARSON","ZNF623","2","300","0.86939999999999995061727986467303708195686340332031250000000000000000000000000000000000000000000000000000000000000000000000000000000000000000000000","1.00000000000000000000000000000000000000000000000000000000000000000000000000000000000000000000000000000000000000000000000000000000000000000000000000000000000","0.562100000000000","ARCHS4--Coexpression","TMEM45A,PKD1L2"
"DEG_HMVL_ALL","1033","0.634499999999999953","SIX5_ARCHS4_PEARSON","SIX5","2","300","0.86939999999999995061727986467303708195686340332031250000000000000000000000000000000000000000000000000000000000000000000000000000000000000000000000","1.00000000000000000000000000000000000000000000000000000000000000000000000000000000000000000000000000000000000000000000000000000000000000000000000000000000000","0.562100000000000","ARCHS4--Coexpression","RECQL4,LMNB2"
"DEG_HMVL_ALL","1034","0.635099999999999998","ZNF441_ARCHS4_PEARSON","ZNF441","2","300","0.86939999999999995061727986467303708195686340332031250000000000000000000000000000000000000000000000000000000000000000000000000000000000000000000000","1.00000000000000000000000000000000000000000000000000000000000000000000000000000000000000000000000000000000000000000000000000000000000000000000000000000000000","0.562100000000000","ARCHS4--Coexpression","NUDT3,LMNB2"
"DEG_HMVL_ALL","1035","0.635700000000000043","AKAP8_ARCHS4_PEARSON","AKAP8","2","300","0.86939999999999995061727986467303708195686340332031250000000000000000000000000000000000000000000000000000000000000000000000000000000000000000000000","1.00000000000000000000000000000000000000000000000000000000000000000000000000000000000000000000000000000000000000000000000000000000000000000000000000000000000","0.562100000000000","ARCHS4--Coexpression","DDX39A,TCOF1"
"DEG_HMVL_ALL","1036","0.636399999999999966","HOXB2_ARCHS4_PEARSON","HOXB2","2","300","0.86939999999999995061727986467303708195686340332031250000000000000000000000000000000000000000000000000000000000000000000000000000000000000000000000","1.00000000000000000000000000000000000000000000000000000000000000000000000000000000000000000000000000000000000000000000000000000000000000000000000000000000000","0.562100000000000","ARCHS4--Coexpression","IDUA,FOXL1"
"DEG_HMVL_ALL","1037","0.637000000000000011","SOX1_ARCHS4_PEARSON","SOX1","2","300","0.86939999999999995061727986467303708195686340332031250000000000000000000000000000000000000000000000000000000000000000000000000000000000000000000000","1.00000000000000000000000000000000000000000000000000000000000000000000000000000000000000000000000000000000000000000000000000000000000000000000000000000000000","0.562100000000000","ARCHS4--Coexpression","ARHGAP33,RNFT2"
"DEG_HMVL_ALL","1038","0.637599999999999945","ARX_ARCHS4_PEARSON","ARX","2","300","0.86939999999999995061727986467303708195686340332031250000000000000000000000000000000000000000000000000000000000000000000000000000000000000000000000","1.00000000000000000000000000000000000000000000000000000000000000000000000000000000000000000000000000000000000000000000000000000000000000000000000000000000000","0.562100000000000","ARCHS4--Coexpression","SPC25,RNFT2"
"DEG_HMVL_ALL","1039","0.638199999999999990","ZNF600_ARCHS4_PEARSON","ZNF600","2","300","0.86939999999999995061727986467303708195686340332031250000000000000000000000000000000000000000000000000000000000000000000000000000000000000000000000","1.00000000000000000000000000000000000000000000000000000000000000000000000000000000000000000000000000000000000000000000000000000000000000000000000000000000000","0.562100000000000","ARCHS4--Coexpression","LMNB2,PKD1L2"
"DEG_HMVL_ALL","1040","0.638800000000000034","FOXJ3_ARCHS4_PEARSON","FOXJ3","2","300","0.86939999999999995061727986467303708195686340332031250000000000000000000000000000000000000000000000000000000000000000000000000000000000000000000000","1.00000000000000000000000000000000000000000000000000000000000000000000000000000000000000000000000000000000000000000000000000000000000000000000000000000000000","0.562100000000000","ARCHS4--Coexpression","CDKN1B,CIT"
"DEG_HMVL_ALL","1041","0.639399999999999968","ZNF302_ARCHS4_PEARSON","ZNF302","2","300","0.86939999999999995061727986467303708195686340332031250000000000000000000000000000000000000000000000000000000000000000000000000000000000000000000000","1.00000000000000000000000000000000000000000000000000000000000000000000000000000000000000000000000000000000000000000000000000000000000000000000000000000000000","0.562100000000000","ARCHS4--Coexpression","NABP1,NCALD"
"DEG_HMVL_ALL","1042","0.640000000000000013","ZBTB48_ARCHS4_PEARSON","ZBTB48","2","300","0.86939999999999995061727986467303708195686340332031250000000000000000000000000000000000000000000000000000000000000000000000000000000000000000000000","1.00000000000000000000000000000000000000000000000000000000000000000000000000000000000000000000000000000000000000000000000000000000000000000000000000000000000","0.562100000000000","ARCHS4--Coexpression","SUN2,HSH2D"
"DEG_HMVL_ALL","1043","0.640700000000000047","ZNF672_ARCHS4_PEARSON","ZNF672","2","300","0.86939999999999995061727986467303708195686340332031250000000000000000000000000000000000000000000000000000000000000000000000000000000000000000000000","1.00000000000000000000000000000000000000000000000000000000000000000000000000000000000000000000000000000000000000000000000000000000000000000000000000000000000","0.562100000000000","ARCHS4--Coexpression","TACC3,PBXIP1"
"DEG_HMVL_ALL","1044","0.641299999999999981","HOXB3_ARCHS4_PEARSON","HOXB3","2","300","0.86939999999999995061727986467303708195686340332031250000000000000000000000000000000000000000000000000000000000000000000000000000000000000000000000","1.00000000000000000000000000000000000000000000000000000000000000000000000000000000000000000000000000000000000000000000000000000000000000000000000000000000000","0.562100000000000","ARCHS4--Coexpression","LMNB2,FOXL1"
"DEG_HMVL_ALL","1045","0.641900000000000026","ARID3C_ARCHS4_PEARSON","ARID3C","2","300","0.86939999999999995061727986467303708195686340332031250000000000000000000000000000000000000000000000000000000000000000000000000000000000000000000000","1.00000000000000000000000000000000000000000000000000000000000000000000000000000000000000000000000000000000000000000000000000000000000000000000000000000000000","0.562100000000000","ARCHS4--Coexpression","MST1,ABCC6"
"DEG_HMVL_ALL","1046","0.642499999999999960","PRDM12_ARCHS4_PEARSON","PRDM12","2","300","0.86939999999999995061727986467303708195686340332031250000000000000000000000000000000000000000000000000000000000000000000000000000000000000000000000","1.00000000000000000000000000000000000000000000000000000000000000000000000000000000000000000000000000000000000000000000000000000000000000000000000000000000000","0.562100000000000","ARCHS4--Coexpression","RECQL4,LTB4R2"
"DEG_HMVL_ALL","1047","0.643100000000000005","ZFHX3_ARCHS4_PEARSON","ZFHX3","2","300","0.86939999999999995061727986467303708195686340332031250000000000000000000000000000000000000000000000000000000000000000000000000000000000000000000000","1.00000000000000000000000000000000000000000000000000000000000000000000000000000000000000000000000000000000000000000000000000000000000000000000000000000000000","0.562100000000000","ARCHS4--Coexpression","CIT,INCENP"
"DEG_HMVL_ALL","1048","0.643700000000000050","FOXI1_ARCHS4_PEARSON","FOXI1","2","300","0.86939999999999995061727986467303708195686340332031250000000000000000000000000000000000000000000000000000000000000000000000000000000000000000000000","1.00000000000000000000000000000000000000000000000000000000000000000000000000000000000000000000000000000000000000000000000000000000000000000000000000000000000","0.562100000000000","ARCHS4--Coexpression","NEIL3,TRIP13"
"DEG_HMVL_ALL","1049","0.644299999999999984","ZNF564_ARCHS4_PEARSON","ZNF564","2","300","0.86939999999999995061727986467303708195686340332031250000000000000000000000000000000000000000000000000000000000000000000000000000000000000000000000","1.00000000000000000000000000000000000000000000000000000000000000000000000000000000000000000000000000000000000000000000000000000000000000000000000000000000000","0.562100000000000","ARCHS4--Coexpression","LMNB2,RNFT2"
"DEG_HMVL_ALL","1050","0.645000000000000018","SOX3_ARCHS4_PEARSON","SOX3","2","300","0.86939999999999995061727986467303708195686340332031250000000000000000000000000000000000000000000000000000000000000000000000000000000000000000000000","1.00000000000000000000000000000000000000000000000000000000000000000000000000000000000000000000000000000000000000000000000000000000000000000000000000000000000","0.562100000000000","ARCHS4--Coexpression","PIMREG,BCL2L12"
"DEG_HMVL_ALL","1051","0.645599999999999952","RHOXF2B_ARCHS4_PEARSON","RHOXF2B","2","300","0.86939999999999995061727986467303708195686340332031250000000000000000000000000000000000000000000000000000000000000000000000000000000000000000000000","1.00000000000000000000000000000000000000000000000000000000000000000000000000000000000000000000000000000000000000000000000000000000000000000000000000000000000","0.562100000000000","ARCHS4--Coexpression","NABP1,CDC45"
"DEG_HMVL_ALL","1052","0.646199999999999997","HIF3A_ARCHS4_PEARSON","HIF3A","2","300","0.86939999999999995061727986467303708195686340332031250000000000000000000000000000000000000000000000000000000000000000000000000000000000000000000000","1.00000000000000000000000000000000000000000000000000000000000000000000000000000000000000000000000000000000000000000000000000000000000000000000000000000000000","0.562100000000000","ARCHS4--Coexpression","KNL1,TXK"
"DEG_HMVL_ALL","1053","0.646800000000000042","ZNF491_ARCHS4_PEARSON","ZNF491","2","300","0.86939999999999995061727986467303708195686340332031250000000000000000000000000000000000000000000000000000000000000000000000000000000000000000000000","1.00000000000000000000000000000000000000000000000000000000000000000000000000000000000000000000000000000000000000000000000000000000000000000000000000000000000","0.562100000000000","ARCHS4--Coexpression","SUV39H1,RNF26"
"DEG_HMVL_ALL","1054","0.647399999999999975","ZNF704_ARCHS4_PEARSON","ZNF704","2","300","0.86939999999999995061727986467303708195686340332031250000000000000000000000000000000000000000000000000000000000000000000000000000000000000000000000","1.00000000000000000000000000000000000000000000000000000000000000000000000000000000000000000000000000000000000000000000000000000000000000000000000000000000000","0.562100000000000","ARCHS4--Coexpression","NEURL1B,TRMT9B"
"DEG_HMVL_ALL","1055","0.648000000000000020","ZNF582_ARCHS4_PEARSON","ZNF582","2","300","0.86939999999999995061727986467303708195686340332031250000000000000000000000000000000000000000000000000000000000000000000000000000000000000000000000","1.00000000000000000000000000000000000000000000000000000000000000000000000000000000000000000000000000000000000000000000000000000000000000000000000000000000000","0.562100000000000","ARCHS4--Coexpression","DTYMK,UBE2T"
"DEG_HMVL_ALL","1056","0.648599999999999954","NKX22_ARCHS4_PEARSON","NKX22","2","300","0.86939999999999995061727986467303708195686340332031250000000000000000000000000000000000000000000000000000000000000000000000000000000000000000000000","1.00000000000000000000000000000000000000000000000000000000000000000000000000000000000000000000000000000000000000000000000000000000000000000000000000000000000","0.562100000000000","ARCHS4--Coexpression","ABCA5,TRMT9B"
"DEG_HMVL_ALL","1057","0.649299999999999988","PAX2_ARCHS4_PEARSON","PAX2","2","300","0.86939999999999995061727986467303708195686340332031250000000000000000000000000000000000000000000000000000000000000000000000000000000000000000000000","1.00000000000000000000000000000000000000000000000000000000000000000000000000000000000000000000000000000000000000000000000000000000000000000000000000000000000","0.562100000000000","ARCHS4--Coexpression","LCN12,ARHGAP33"
"DEG_HMVL_ALL","1058","0.649900000000000033","AKNA_ARCHS4_PEARSON","AKNA","2","300","0.86939999999999995061727986467303708195686340332031250000000000000000000000000000000000000000000000000000000000000000000000000000000000000000000000","1.00000000000000000000000000000000000000000000000000000000000000000000000000000000000000000000000000000000000000000000000000000000000000000000000000000000000","0.562100000000000","ARCHS4--Coexpression","SUN2,PBXIP1"
"DEG_HMVL_ALL","1059","0.650499999999999967","NPAS3_ARCHS4_PEARSON","NPAS3","2","300","0.86939999999999995061727986467303708195686340332031250000000000000000000000000000000000000000000000000000000000000000000000000000000000000000000000","1.00000000000000000000000000000000000000000000000000000000000000000000000000000000000000000000000000000000000000000000000000000000000000000000000000000000000","0.562100000000000","ARCHS4--Coexpression","RNFT2,NCALD"
"DEG_HMVL_ALL","1060","0.651100000000000012","ZNF687_ARCHS4_PEARSON","ZNF687","2","300","0.86939999999999995061727986467303708195686340332031250000000000000000000000000000000000000000000000000000000000000000000000000000000000000000000000","1.00000000000000000000000000000000000000000000000000000000000000000000000000000000000000000000000000000000000000000000000000000000000000000000000000000000000","0.562100000000000","ARCHS4--Coexpression","RECQL4,SUN2"
"DEG_HMVL_ALL","1061","0.651699999999999946","SOX21_ARCHS4_PEARSON","SOX21","2","300","0.86939999999999995061727986467303708195686340332031250000000000000000000000000000000000000000000000000000000000000000000000000000000000000000000000","1.00000000000000000000000000000000000000000000000000000000000000000000000000000000000000000000000000000000000000000000000000000000000000000000000000000000000","0.562100000000000","ARCHS4--Coexpression","GTSE1,PSRC1"
"DEG_HMVL_ALL","1062","0.652299999999999991","IRF2_ARCHS4_PEARSON","IRF2","2","300","0.86939999999999995061727986467303708195686340332031250000000000000000000000000000000000000000000000000000000000000000000000000000000000000000000000","1.00000000000000000000000000000000000000000000000000000000000000000000000000000000000000000000000000000000000000000000000000000000000000000000000000000000000","0.562100000000000","ARCHS4--Coexpression","SUN2,PBXIP1"
"DEG_HMVL_ALL","1063","0.652900000000000036","HOXC10_ARCHS4_PEARSON","HOXC10","2","300","0.86939999999999995061727986467303708195686340332031250000000000000000000000000000000000000000000000000000000000000000000000000000000000000000000000","1.00000000000000000000000000000000000000000000000000000000000000000000000000000000000000000000000000000000000000000000000000000000000000000000000000000000000","0.562100000000000","ARCHS4--Coexpression","LURAP1L,TRIP13"
"DEG_HMVL_ALL","1064","0.653599999999999959","PRDM16_ARCHS4_PEARSON","PRDM16","2","300","0.86939999999999995061727986467303708195686340332031250000000000000000000000000000000000000000000000000000000000000000000000000000000000000000000000","1.00000000000000000000000000000000000000000000000000000000000000000000000000000000000000000000000000000000000000000000000000000000000000000000000000000000000","0.562100000000000","ARCHS4--Coexpression","FAM227A,RNFT2"
"DEG_HMVL_ALL","1065","0.654200000000000004","BNC1_ARCHS4_PEARSON","BNC1","2","300","0.86939999999999995061727986467303708195686340332031250000000000000000000000000000000000000000000000000000000000000000000000000000000000000000000000","1.00000000000000000000000000000000000000000000000000000000000000000000000000000000000000000000000000000000000000000000000000000000000000000000000000000000000","0.562100000000000","ARCHS4--Coexpression","TBC1D2,COL7A1"
"DEG_HMVL_ALL","1066","0.654800000000000049","POU2F1_ARCHS4_PEARSON","POU2F1","2","300","0.86939999999999995061727986467303708195686340332031250000000000000000000000000000000000000000000000000000000000000000000000000000000000000000000000","1.00000000000000000000000000000000000000000000000000000000000000000000000000000000000000000000000000000000000000000000000000000000000000000000000000000000000","0.562100000000000","ARCHS4--Coexpression","DNMT3B,RNFT2"
"DEG_HMVL_ALL","1067","0.655399999999999983","ZNF736_ARCHS4_PEARSON","ZNF736","2","300","0.86939999999999995061727986467303708195686340332031250000000000000000000000000000000000000000000000000000000000000000000000000000000000000000000000","1.00000000000000000000000000000000000000000000000000000000000000000000000000000000000000000000000000000000000000000000000000000000000000000000000000000000000","0.562100000000000","ARCHS4--Coexpression","GEN1,TMEM45A"
"DEG_HMVL_ALL","1068","0.656000000000000028","POU3F2_ARCHS4_PEARSON","POU3F2","2","300","0.86939999999999995061727986467303708195686340332031250000000000000000000000000000000000000000000000000000000000000000000000000000000000000000000000","1.00000000000000000000000000000000000000000000000000000000000000000000000000000000000000000000000000000000000000000000000000000000000000000000000000000000000","0.562100000000000","ARCHS4--Coexpression","ARHGAP33,RNFT2"
"DEG_HMVL_ALL","1069","0.656599999999999961","NFATC1_ARCHS4_PEARSON","NFATC1","2","300","0.86939999999999995061727986467303708195686340332031250000000000000000000000000000000000000000000000000000000000000000000000000000000000000000000000","1.00000000000000000000000000000000000000000000000000000000000000000000000000000000000000000000000000000000000000000000000000000000000000000000000000000000000","0.562100000000000","ARCHS4--Coexpression","SUN2,PBXIP1"
"DEG_HMVL_ALL","1070","0.657200000000000006","MSX1_ARCHS4_PEARSON","MSX1","2","300","0.86939999999999995061727986467303708195686340332031250000000000000000000000000000000000000000000000000000000000000000000000000000000000000000000000","1.00000000000000000000000000000000000000000000000000000000000000000000000000000000000000000000000000000000000000000000000000000000000000000000000000000000000","0.562100000000000","ARCHS4--Coexpression","NABP1,NCALD"
"DEG_HMVL_ALL","1071","0.657900000000000040","NKX61_ARCHS4_PEARSON","NKX61","2","300","0.86939999999999995061727986467303708195686340332031250000000000000000000000000000000000000000000000000000000000000000000000000000000000000000000000","1.00000000000000000000000000000000000000000000000000000000000000000000000000000000000000000000000000000000000000000000000000000000000000000000000000000000000","0.562100000000000","ARCHS4--Coexpression","TUBA1C,NCALD"
"DEG_HMVL_ALL","1072","0.658499999999999974","MAFG_ARCHS4_PEARSON","MAFG","2","300","0.86939999999999995061727986467303708195686340332031250000000000000000000000000000000000000000000000000000000000000000000000000000000000000000000000","1.00000000000000000000000000000000000000000000000000000000000000000000000000000000000000000000000000000000000000000000000000000000000000000000000000000000000","0.562100000000000","ARCHS4--Coexpression","INCENP,LMNB2"
"DEG_HMVL_ALL","1073","0.659100000000000019","NPAS2_ARCHS4_PEARSON","NPAS2","2","300","0.86939999999999995061727986467303708195686340332031250000000000000000000000000000000000000000000000000000000000000000000000000000000000000000000000","1.00000000000000000000000000000000000000000000000000000000000000000000000000000000000000000000000000000000000000000000000000000000000000000000000000000000000","0.562100000000000","ARCHS4--Coexpression","IQGAP3,SPC24"
"DEG_HMVL_ALL","1074","0.659699999999999953","SP140L_ARCHS4_PEARSON","SP140L","2","300","0.86939999999999995061727986467303708195686340332031250000000000000000000000000000000000000000000000000000000000000000000000000000000000000000000000","1.00000000000000000000000000000000000000000000000000000000000000000000000000000000000000000000000000000000000000000000000000000000000000000000000000000000000","0.562100000000000","ARCHS4--Coexpression","MR1,LMNB2"
"DEG_HMVL_ALL","1075","0.660299999999999998","ZNF836_ARCHS4_PEARSON","ZNF836","2","300","0.86939999999999995061727986467303708195686340332031250000000000000000000000000000000000000000000000000000000000000000000000000000000000000000000000","1.00000000000000000000000000000000000000000000000000000000000000000000000000000000000000000000000000000000000000000000000000000000000000000000000000000000000","0.562100000000000","ARCHS4--Coexpression","LMNB2,PKD1L2"
"DEG_HMVL_ALL","1076","0.660900000000000043","ZNF827_ARCHS4_PEARSON","ZNF827","2","300","0.86939999999999995061727986467303708195686340332031250000000000000000000000000000000000000000000000000000000000000000000000000000000000000000000000","1.00000000000000000000000000000000000000000000000000000000000000000000000000000000000000000000000000000000000000000000000000000000000000000000000000000000000","0.562100000000000","ARCHS4--Coexpression","NUDT3,RNFT2"
"DEG_HMVL_ALL","1077","0.661499999999999977","ZNF579_ARCHS4_PEARSON","ZNF579","2","300","0.86939999999999995061727986467303708195686340332031250000000000000000000000000000000000000000000000000000000000000000000000000000000000000000000000","1.00000000000000000000000000000000000000000000000000000000000000000000000000000000000000000000000000000000000000000000000000000000000000000000000000000000000","0.562100000000000","ARCHS4--Coexpression","ACCS,UBE2S"
"DEG_HMVL_ALL","1078","0.662200000000000011","RUNX2_ARCHS4_PEARSON","RUNX2","2","300","0.86939999999999995061727986467303708195686340332031250000000000000000000000000000000000000000000000000000000000000000000000000000000000000000000000","1.00000000000000000000000000000000000000000000000000000000000000000000000000000000000000000000000000000000000000000000000000000000000000000000000000000000000","0.562100000000000","ARCHS4--Coexpression","CNTRL,HSH2D"
"DEG_HMVL_ALL","1079","0.662799999999999945","FOXK1_ARCHS4_PEARSON","FOXK1","2","300","0.86939999999999995061727986467303708195686340332031250000000000000000000000000000000000000000000000000000000000000000000000000000000000000000000000","1.00000000000000000000000000000000000000000000000000000000000000000000000000000000000000000000000000000000000000000000000000000000000000000000000000000000000","0.562100000000000","ARCHS4--Coexpression","INCENP,LMNB2"
"DEG_HMVL_ALL","1080","0.663399999999999990","ZNF169_ARCHS4_PEARSON","ZNF169","2","300","0.86939999999999995061727986467303708195686340332031250000000000000000000000000000000000000000000000000000000000000000000000000000000000000000000000","1.00000000000000000000000000000000000000000000000000000000000000000000000000000000000000000000000000000000000000000000000000000000000000000000000000000000000","0.562100000000000","ARCHS4--Coexpression","FAM227A,PKD1L2"
"DEG_HMVL_ALL","1081","0.664000000000000035","BSX_ARCHS4_PEARSON","BSX","2","300","0.86939999999999995061727986467303708195686340332031250000000000000000000000000000000000000000000000000000000000000000000000000000000000000000000000","1.00000000000000000000000000000000000000000000000000000000000000000000000000000000000000000000000000000000000000000000000000000000000000000000000000000000000","0.562100000000000","ARCHS4--Coexpression","CACNA2D4,TRMT9B"
"DEG_HMVL_ALL","1082","0.664599999999999969","OSR1_ARCHS4_PEARSON","OSR1","1","297","0.97019999999999995132782260043313726782798767089843750000000000000000000000000000000000000000000000000000000000000000000000000000000000000000000000","1.00000000000000000000000000000000000000000000000000000000000000000000000000000000000000000000000000000000000000000000000000000000000000000000000000000000000","0.282900000000000","ARCHS4--Coexpression","FOXL1"
"DEG_HMVL_ALL","1083","0.665200000000000014","BBX_ARCHS4_PEARSON","BBX","1","297","0.97019999999999995132782260043313726782798767089843750000000000000000000000000000000000000000000000000000000000000000000000000000000000000000000000","1.00000000000000000000000000000000000000000000000000000000000000000000000000000000000000000000000000000000000000000000000000000000000000000000000000000000000","0.282900000000000","ARCHS4--Coexpression","RAD21"
"DEG_HMVL_ALL","1084","0.665799999999999947","ZNF407_ARCHS4_PEARSON","ZNF407","1","297","0.97019999999999995132782260043313726782798767089843750000000000000000000000000000000000000000000000000000000000000000000000000000000000000000000000","1.00000000000000000000000000000000000000000000000000000000000000000000000000000000000000000000000000000000000000000000000000000000000000000000000000000000000","0.282900000000000","ARCHS4--Coexpression","CNTRL"
"DEG_HMVL_ALL","1085","0.666499999999999981","ZNF658_ARCHS4_PEARSON","ZNF658","1","297","0.97019999999999995132782260043313726782798767089843750000000000000000000000000000000000000000000000000000000000000000000000000000000000000000000000","1.00000000000000000000000000000000000000000000000000000000000000000000000000000000000000000000000000000000000000000000000000000000000000000000000000000000000","0.282900000000000","ARCHS4--Coexpression","ABCA5"
"DEG_HMVL_ALL","1086","0.667100000000000026","ZFX_ARCHS4_PEARSON","ZFX","1","297","0.97019999999999995132782260043313726782798767089843750000000000000000000000000000000000000000000000000000000000000000000000000000000000000000000000","1.00000000000000000000000000000000000000000000000000000000000000000000000000000000000000000000000000000000000000000000000000000000000000000000000000000000000","0.282900000000000","ARCHS4--Coexpression","ANP32E"
"DEG_HMVL_ALL","1087","0.667699999999999960","CREB3L1_ARCHS4_PEARSON","CREB3L1","1","297","0.97019999999999995132782260043313726782798767089843750000000000000000000000000000000000000000000000000000000000000000000000000000000000000000000000","1.00000000000000000000000000000000000000000000000000000000000000000000000000000000000000000000000000000000000000000000000000000000000000000000000000000000000","0.282900000000000","ARCHS4--Coexpression","FOXL1"
"DEG_HMVL_ALL","1088","0.668300000000000005","ZZZ3_ARCHS4_PEARSON","ZZZ3","1","297","0.97019999999999995132782260043313726782798767089843750000000000000000000000000000000000000000000000000000000000000000000000000000000000000000000000","1.00000000000000000000000000000000000000000000000000000000000000000000000000000000000000000000000000000000000000000000000000000000000000000000000000000000000","0.282900000000000","ARCHS4--Coexpression","DEPDC1"
"DEG_HMVL_ALL","1089","0.668900000000000050","ZNF816_ARCHS4_PEARSON","ZNF816","1","297","0.97019999999999995132782260043313726782798767089843750000000000000000000000000000000000000000000000000000000000000000000000000000000000000000000000","1.00000000000000000000000000000000000000000000000000000000000000000000000000000000000000000000000000000000000000000000000000000000000000000000000000000000000","0.282900000000000","ARCHS4--Coexpression","LMNB2"
"DEG_HMVL_ALL","1090","0.669499999999999984","GATA4_ARCHS4_PEARSON","GATA4","1","297","0.97019999999999995132782260043313726782798767089843750000000000000000000000000000000000000000000000000000000000000000000000000000000000000000000000","1.00000000000000000000000000000000000000000000000000000000000000000000000000000000000000000000000000000000000000000000000000000000000000000000000000000000000","0.282900000000000","ARCHS4--Coexpression","MST1"
"DEG_HMVL_ALL","1091","0.670100000000000029","BCL6B_ARCHS4_PEARSON","BCL6B","1","297","0.97019999999999995132782260043313726782798767089843750000000000000000000000000000000000000000000000000000000000000000000000000000000000000000000000","1.00000000000000000000000000000000000000000000000000000000000000000000000000000000000000000000000000000000000000000000000000000000000000000000000000000000000","0.282900000000000","ARCHS4--Coexpression","RGS3"
"DEG_HMVL_ALL","1092","0.670799999999999952","TBX20_ARCHS4_PEARSON","TBX20","1","297","0.97019999999999995132782260043313726782798767089843750000000000000000000000000000000000000000000000000000000000000000000000000000000000000000000000","1.00000000000000000000000000000000000000000000000000000000000000000000000000000000000000000000000000000000000000000000000000000000000000000000000000000000000","0.282900000000000","ARCHS4--Coexpression","NEURL1B"
"DEG_HMVL_ALL","1093","0.671399999999999997","MAFF_ARCHS4_PEARSON","MAFF","1","297","0.97019999999999995132782260043313726782798767089843750000000000000000000000000000000000000000000000000000000000000000000000000000000000000000000000","1.00000000000000000000000000000000000000000000000000000000000000000000000000000000000000000000000000000000000000000000000000000000000000000000000000000000000","0.282900000000000","ARCHS4--Coexpression","NABP1"
"DEG_HMVL_ALL","1094","0.672000000000000042","KLF9_ARCHS4_PEARSON","KLF9","1","297","0.97019999999999995132782260043313726782798767089843750000000000000000000000000000000000000000000000000000000000000000000000000000000000000000000000","1.00000000000000000000000000000000000000000000000000000000000000000000000000000000000000000000000000000000000000000000000000000000000000000000000000000000000","0.282900000000000","ARCHS4--Coexpression","CALCOCO1"
"DEG_HMVL_ALL","1095","0.672599999999999976","NR2E1_ARCHS4_PEARSON","NR2E1","1","298","0.97060000000000001829647544582257978618144989013671875000000000000000000000000000000000000000000000000000000000000000000000000000000000000000000000","1.00000000000000000000000000000000000000000000000000000000000000000000000000000000000000000000000000000000000000000000000000000000000000000000000000000000000","0.282000000000000","ARCHS4--Coexpression","PSRC1"
"DEG_HMVL_ALL","1096","0.673200000000000021","AEBP2_ARCHS4_PEARSON","AEBP2","1","298","0.97060000000000001829647544582257978618144989013671875000000000000000000000000000000000000000000000000000000000000000000000000000000000000000000000","1.00000000000000000000000000000000000000000000000000000000000000000000000000000000000000000000000000000000000000000000000000000000000000000000000000000000000","0.282000000000000","ARCHS4--Coexpression","ANP32E"
"DEG_HMVL_ALL","1097","0.673799999999999955","ZBTB24_ARCHS4_PEARSON","ZBTB24","1","298","0.97060000000000001829647544582257978618144989013671875000000000000000000000000000000000000000000000000000000000000000000000000000000000000000000000","1.00000000000000000000000000000000000000000000000000000000000000000000000000000000000000000000000000000000000000000000000000000000000000000000000000000000000","0.282000000000000","ARCHS4--Coexpression","HASPIN"
"DEG_HMVL_ALL","1098","0.674399999999999999","ZNF229_ARCHS4_PEARSON","ZNF229","1","298","0.97060000000000001829647544582257978618144989013671875000000000000000000000000000000000000000000000000000000000000000000000000000000000000000000000","1.00000000000000000000000000000000000000000000000000000000000000000000000000000000000000000000000000000000000000000000000000000000000000000000000000000000000","0.282000000000000","ARCHS4--Coexpression","SUN2"
"DEG_HMVL_ALL","1099","0.675100000000000033","NFIC_ARCHS4_PEARSON","NFIC","1","298","0.97060000000000001829647544582257978618144989013671875000000000000000000000000000000000000000000000000000000000000000000000000000000000000000000000","1.00000000000000000000000000000000000000000000000000000000000000000000000000000000000000000000000000000000000000000000000000000000000000000000000000000000000","0.282000000000000","ARCHS4--Coexpression","PNPLA7"
"DEG_HMVL_ALL","1100","0.675699999999999967","HDX_ARCHS4_PEARSON","HDX","1","298","0.97060000000000001829647544582257978618144989013671875000000000000000000000000000000000000000000000000000000000000000000000000000000000000000000000","1.00000000000000000000000000000000000000000000000000000000000000000000000000000000000000000000000000000000000000000000000000000000000000000000000000000000000","0.282000000000000","ARCHS4--Coexpression","SUN2"
"DEG_HMVL_ALL","1101","0.676300000000000012","ZNF181_ARCHS4_PEARSON","ZNF181","1","298","0.97060000000000001829647544582257978618144989013671875000000000000000000000000000000000000000000000000000000000000000000000000000000000000000000000","1.00000000000000000000000000000000000000000000000000000000000000000000000000000000000000000000000000000000000000000000000000000000000000000000000000000000000","0.282000000000000","ARCHS4--Coexpression","LMNB2"
"DEG_HMVL_ALL","1102","0.676899999999999946","ZNF211_ARCHS4_PEARSON","ZNF211","1","298","0.97060000000000001829647544582257978618144989013671875000000000000000000000000000000000000000000000000000000000000000000000000000000000000000000000","1.00000000000000000000000000000000000000000000000000000000000000000000000000000000000000000000000000000000000000000000000000000000000000000000000000000000000","0.282000000000000","ARCHS4--Coexpression","LMNB2"
"DEG_HMVL_ALL","1103","0.677499999999999991","CREBL2_ARCHS4_PEARSON","CREBL2","1","298","0.97060000000000001829647544582257978618144989013671875000000000000000000000000000000000000000000000000000000000000000000000000000000000000000000000","1.00000000000000000000000000000000000000000000000000000000000000000000000000000000000000000000000000000000000000000000000000000000000000000000000000000000000","0.282000000000000","ARCHS4--Coexpression","CDKN1B"
"DEG_HMVL_ALL","1104","0.678100000000000036","ZNF260_ARCHS4_PEARSON","ZNF260","1","298","0.97060000000000001829647544582257978618144989013671875000000000000000000000000000000000000000000000000000000000000000000000000000000000000000000000","1.00000000000000000000000000000000000000000000000000000000000000000000000000000000000000000000000000000000000000000000000000000000000000000000000000000000000","0.282000000000000","ARCHS4--Coexpression","SUN2"
"DEG_HMVL_ALL","1105","0.678699999999999970","ZBTB7A_ARCHS4_PEARSON","ZBTB7A","1","298","0.97060000000000001829647544582257978618144989013671875000000000000000000000000000000000000000000000000000000000000000000000000000000000000000000000","1.00000000000000000000000000000000000000000000000000000000000000000000000000000000000000000000000000000000000000000000000000000000000000000000000000000000000","0.282000000000000","ARCHS4--Coexpression","SUN2"
"DEG_HMVL_ALL","1106","0.679400000000000004","PRDM6_ARCHS4_PEARSON","PRDM6","1","298","0.97060000000000001829647544582257978618144989013671875000000000000000000000000000000000000000000000000000000000000000000000000000000000000000000000","1.00000000000000000000000000000000000000000000000000000000000000000000000000000000000000000000000000000000000000000000000000000000000000000000000000000000000","0.282000000000000","ARCHS4--Coexpression","ABCC6"
"DEG_HMVL_ALL","1107","0.680000000000000049","ZNF727_ARCHS4_PEARSON","ZNF727","1","298","0.97060000000000001829647544582257978618144989013671875000000000000000000000000000000000000000000000000000000000000000000000000000000000000000000000","1.00000000000000000000000000000000000000000000000000000000000000000000000000000000000000000000000000000000000000000000000000000000000000000000000000000000000","0.282000000000000","ARCHS4--Coexpression","ANKRD31"
"DEG_HMVL_ALL","1108","0.680599999999999983","NR2E3_ARCHS4_PEARSON","NR2E3","1","298","0.97060000000000001829647544582257978618144989013671875000000000000000000000000000000000000000000000000000000000000000000000000000000000000000000000","1.00000000000000000000000000000000000000000000000000000000000000000000000000000000000000000000000000000000000000000000000000000000000000000000000000000000000","0.282000000000000","ARCHS4--Coexpression","FAM227A"
"DEG_HMVL_ALL","1109","0.681200000000000028","FOXC2_ARCHS4_PEARSON","FOXC2","1","298","0.97060000000000001829647544582257978618144989013671875000000000000000000000000000000000000000000000000000000000000000000000000000000000000000000000","1.00000000000000000000000000000000000000000000000000000000000000000000000000000000000000000000000000000000000000000000000000000000000000000000000000000000000","0.282000000000000","ARCHS4--Coexpression","FOXL1"
"DEG_HMVL_ALL","1110","0.681799999999999962","EBF4_ARCHS4_PEARSON","EBF4","1","298","0.97060000000000001829647544582257978618144989013671875000000000000000000000000000000000000000000000000000000000000000000000000000000000000000000000","1.00000000000000000000000000000000000000000000000000000000000000000000000000000000000000000000000000000000000000000000000000000000000000000000000000000000000","0.282000000000000","ARCHS4--Coexpression","ARHGAP33"
"DEG_HMVL_ALL","1111","0.682400000000000007","HEY1_ARCHS4_PEARSON","HEY1","1","298","0.97060000000000001829647544582257978618144989013671875000000000000000000000000000000000000000000000000000000000000000000000000000000000000000000000","1.00000000000000000000000000000000000000000000000000000000000000000000000000000000000000000000000000000000000000000000000000000000000000000000000000000000000","0.282000000000000","ARCHS4--Coexpression","PSRC1"
"DEG_HMVL_ALL","1112","0.683000000000000052","POU1F1_ARCHS4_PEARSON","POU1F1","1","298","0.97060000000000001829647544582257978618144989013671875000000000000000000000000000000000000000000000000000000000000000000000000000000000000000000000","1.00000000000000000000000000000000000000000000000000000000000000000000000000000000000000000000000000000000000000000000000000000000000000000000000000000000000","0.282000000000000","ARCHS4--Coexpression","TRMT9B"
"DEG_HMVL_ALL","1113","0.683699999999999974","TBX5_ARCHS4_PEARSON","TBX5","1","298","0.97060000000000001829647544582257978618144989013671875000000000000000000000000000000000000000000000000000000000000000000000000000000000000000000000","1.00000000000000000000000000000000000000000000000000000000000000000000000000000000000000000000000000000000000000000000000000000000000000000000000000000000000","0.282000000000000","ARCHS4--Coexpression","FOXL1"
"DEG_HMVL_ALL","1114","0.684300000000000019","AR_ARCHS4_PEARSON","AR","1","298","0.97060000000000001829647544582257978618144989013671875000000000000000000000000000000000000000000000000000000000000000000000000000000000000000000000","1.00000000000000000000000000000000000000000000000000000000000000000000000000000000000000000000000000000000000000000000000000000000000000000000000000000000000","0.282000000000000","ARCHS4--Coexpression","PNPLA7"
"DEG_HMVL_ALL","1115","0.684899999999999953","ZNF28_ARCHS4_PEARSON","ZNF28","1","298","0.97060000000000001829647544582257978618144989013671875000000000000000000000000000000000000000000000000000000000000000000000000000000000000000000000","1.00000000000000000000000000000000000000000000000000000000000000000000000000000000000000000000000000000000000000000000000000000000000000000000000000000000000","0.282000000000000","ARCHS4--Coexpression","PKD1L2"
"DEG_HMVL_ALL","1116","0.685499999999999998","CAMTA2_ARCHS4_PEARSON","CAMTA2","1","298","0.97060000000000001829647544582257978618144989013671875000000000000000000000000000000000000000000000000000000000000000000000000000000000000000000000","1.00000000000000000000000000000000000000000000000000000000000000000000000000000000000000000000000000000000000000000000000000000000000000000000000000000000000","0.282000000000000","ARCHS4--Coexpression","SUN2"
"DEG_HMVL_ALL","1117","0.686100000000000043","ZNF575_ARCHS4_PEARSON","ZNF575","1","298","0.97060000000000001829647544582257978618144989013671875000000000000000000000000000000000000000000000000000000000000000000000000000000000000000000000","1.00000000000000000000000000000000000000000000000000000000000000000000000000000000000000000000000000000000000000000000000000000000000000000000000000000000000","0.282000000000000","ARCHS4--Coexpression","SUN2"
"DEG_HMVL_ALL","1118","0.686699999999999977","ZNF277_ARCHS4_PEARSON","ZNF277","1","298","0.97060000000000001829647544582257978618144989013671875000000000000000000000000000000000000000000000000000000000000000000000000000000000000000000000","1.00000000000000000000000000000000000000000000000000000000000000000000000000000000000000000000000000000000000000000000000000000000000000000000000000000000000","0.282000000000000","ARCHS4--Coexpression","LMNB2"
"DEG_HMVL_ALL","1119","0.687300000000000022","RBPJ_ARCHS4_PEARSON","RBPJ","1","298","0.97060000000000001829647544582257978618144989013671875000000000000000000000000000000000000000000000000000000000000000000000000000000000000000000000","1.00000000000000000000000000000000000000000000000000000000000000000000000000000000000000000000000000000000000000000000000000000000000000000000000000000000000","0.282000000000000","ARCHS4--Coexpression","DNMT3B"
"DEG_HMVL_ALL","1120","0.687999999999999945","NR1D1_ARCHS4_PEARSON","NR1D1","1","298","0.97060000000000001829647544582257978618144989013671875000000000000000000000000000000000000000000000000000000000000000000000000000000000000000000000","1.00000000000000000000000000000000000000000000000000000000000000000000000000000000000000000000000000000000000000000000000000000000000000000000000000000000000","0.282000000000000","ARCHS4--Coexpression","APOBEC3B"
"DEG_HMVL_ALL","1121","0.688599999999999990","SKI_ARCHS4_PEARSON","SKI","1","298","0.97060000000000001829647544582257978618144989013671875000000000000000000000000000000000000000000000000000000000000000000000000000000000000000000000","1.00000000000000000000000000000000000000000000000000000000000000000000000000000000000000000000000000000000000000000000000000000000000000000000000000000000000","0.282000000000000","ARCHS4--Coexpression","SUN2"
"DEG_HMVL_ALL","1122","0.689200000000000035","SOX17_ARCHS4_PEARSON","SOX17","1","298","0.97060000000000001829647544582257978618144989013671875000000000000000000000000000000000000000000000000000000000000000000000000000000000000000000000","1.00000000000000000000000000000000000000000000000000000000000000000000000000000000000000000000000000000000000000000000000000000000000000000000000000000000000","0.282000000000000","ARCHS4--Coexpression","RAD51"
"DEG_HMVL_ALL","1123","0.689799999999999969","SCRT1_ARCHS4_PEARSON","SCRT1","1","298","0.97060000000000001829647544582257978618144989013671875000000000000000000000000000000000000000000000000000000000000000000000000000000000000000000000","1.00000000000000000000000000000000000000000000000000000000000000000000000000000000000000000000000000000000000000000000000000000000000000000000000000000000000","0.282000000000000","ARCHS4--Coexpression","ARHGAP33"
"DEG_HMVL_ALL","1124","0.690400000000000014","ZNF717_ARCHS4_PEARSON","ZNF717","1","298","0.97060000000000001829647544582257978618144989013671875000000000000000000000000000000000000000000000000000000000000000000000000000000000000000000000","1.00000000000000000000000000000000000000000000000000000000000000000000000000000000000000000000000000000000000000000000000000000000000000000000000000000000000","0.282000000000000","ARCHS4--Coexpression","TMEM45A"
"DEG_HMVL_ALL","1125","0.690999999999999948","ZFP62_ARCHS4_PEARSON","ZFP62","1","298","0.97060000000000001829647544582257978618144989013671875000000000000000000000000000000000000000000000000000000000000000000000000000000000000000000000","1.00000000000000000000000000000000000000000000000000000000000000000000000000000000000000000000000000000000000000000000000000000000000000000000000000000000000","0.282000000000000","ARCHS4--Coexpression","TMPO"
"DEG_HMVL_ALL","1126","0.691599999999999993","NR2F2_ARCHS4_PEARSON","NR2F2","1","298","0.97060000000000001829647544582257978618144989013671875000000000000000000000000000000000000000000000000000000000000000000000000000000000000000000000","1.00000000000000000000000000000000000000000000000000000000000000000000000000000000000000000000000000000000000000000000000000000000000000000000000000000000000","0.282000000000000","ARCHS4--Coexpression","FOXL1"
"DEG_HMVL_ALL","1127","0.692300000000000026","CIC_ARCHS4_PEARSON","CIC","1","298","0.97060000000000001829647544582257978618144989013671875000000000000000000000000000000000000000000000000000000000000000000000000000000000000000000000","1.00000000000000000000000000000000000000000000000000000000000000000000000000000000000000000000000000000000000000000000000000000000000000000000000000000000000","0.282000000000000","ARCHS4--Coexpression","SUN2"
"DEG_HMVL_ALL","1128","0.692899999999999960","ZNF138_ARCHS4_PEARSON","ZNF138","1","298","0.97060000000000001829647544582257978618144989013671875000000000000000000000000000000000000000000000000000000000000000000000000000000000000000000000","1.00000000000000000000000000000000000000000000000000000000000000000000000000000000000000000000000000000000000000000000000000000000000000000000000000000000000","0.282000000000000","ARCHS4--Coexpression","HMGB1"
"DEG_HMVL_ALL","1129","0.693500000000000005","AHDC1_ARCHS4_PEARSON","AHDC1","1","298","0.97060000000000001829647544582257978618144989013671875000000000000000000000000000000000000000000000000000000000000000000000000000000000000000000000","1.00000000000000000000000000000000000000000000000000000000000000000000000000000000000000000000000000000000000000000000000000000000000000000000000000000000000","0.282000000000000","ARCHS4--Coexpression","ARHGAP33"
"DEG_HMVL_ALL","1130","0.694100000000000050","TFAP2E_ARCHS4_PEARSON","TFAP2E","1","298","0.97060000000000001829647544582257978618144989013671875000000000000000000000000000000000000000000000000000000000000000000000000000000000000000000000","1.00000000000000000000000000000000000000000000000000000000000000000000000000000000000000000000000000000000000000000000000000000000000000000000000000000000000","0.282000000000000","ARCHS4--Coexpression","HSH2D"
"DEG_HMVL_ALL","1131","0.694699999999999984","ZBTB41_ARCHS4_PEARSON","ZBTB41","1","298","0.97060000000000001829647544582257978618144989013671875000000000000000000000000000000000000000000000000000000000000000000000000000000000000000000000","1.00000000000000000000000000000000000000000000000000000000000000000000000000000000000000000000000000000000000000000000000000000000000000000000000000000000000","0.282000000000000","ARCHS4--Coexpression","ABCA5"
"DEG_HMVL_ALL","1132","0.695300000000000029","MAX_ARCHS4_PEARSON","MAX","1","298","0.97060000000000001829647544582257978618144989013671875000000000000000000000000000000000000000000000000000000000000000000000000000000000000000000000","1.00000000000000000000000000000000000000000000000000000000000000000000000000000000000000000000000000000000000000000000000000000000000000000000000000000000000","0.282000000000000","ARCHS4--Coexpression","TMEM158"
"DEG_HMVL_ALL","1133","0.695899999999999963","ZSCAN18_ARCHS4_PEARSON","ZSCAN18","1","298","0.97060000000000001829647544582257978618144989013671875000000000000000000000000000000000000000000000000000000000000000000000000000000000000000000000","1.00000000000000000000000000000000000000000000000000000000000000000000000000000000000000000000000000000000000000000000000000000000000000000000000000000000000","0.282000000000000","ARCHS4--Coexpression","ARHGAP33"
"DEG_HMVL_ALL","1134","0.696599999999999997","ZNF469_ARCHS4_PEARSON","ZNF469","1","298","0.97060000000000001829647544582257978618144989013671875000000000000000000000000000000000000000000000000000000000000000000000000000000000000000000000","1.00000000000000000000000000000000000000000000000000000000000000000000000000000000000000000000000000000000000000000000000000000000000000000000000000000000000","0.282000000000000","ARCHS4--Coexpression","FOXL1"
"DEG_HMVL_ALL","1135","0.697200000000000042","GLIS2_ARCHS4_PEARSON","GLIS2","1","298","0.97060000000000001829647544582257978618144989013671875000000000000000000000000000000000000000000000000000000000000000000000000000000000000000000000","1.00000000000000000000000000000000000000000000000000000000000000000000000000000000000000000000000000000000000000000000000000000000000000000000000000000000000","0.282000000000000","ARCHS4--Coexpression","RECQL4"
"DEG_HMVL_ALL","1136","0.697799999999999976","ZBTB18_ARCHS4_PEARSON","ZBTB18","1","298","0.97060000000000001829647544582257978618144989013671875000000000000000000000000000000000000000000000000000000000000000000000000000000000000000000000","1.00000000000000000000000000000000000000000000000000000000000000000000000000000000000000000000000000000000000000000000000000000000000000000000000000000000000","0.282000000000000","ARCHS4--Coexpression","CDKN1B"
"DEG_HMVL_ALL","1137","0.698400000000000021","ZNF410_ARCHS4_PEARSON","ZNF410","1","298","0.97060000000000001829647544582257978618144989013671875000000000000000000000000000000000000000000000000000000000000000000000000000000000000000000000","1.00000000000000000000000000000000000000000000000000000000000000000000000000000000000000000000000000000000000000000000000000000000000000000000000000000000000","0.282000000000000","ARCHS4--Coexpression","DDX39A"
"DEG_HMVL_ALL","1138","0.698999999999999955","FOXS1_ARCHS4_PEARSON","FOXS1","1","298","0.97060000000000001829647544582257978618144989013671875000000000000000000000000000000000000000000000000000000000000000000000000000000000000000000000","1.00000000000000000000000000000000000000000000000000000000000000000000000000000000000000000000000000000000000000000000000000000000000000000000000000000000000","0.282000000000000","ARCHS4--Coexpression","FOXL1"
"DEG_HMVL_ALL","1139","0.699600000000000000","ZNF112_ARCHS4_PEARSON","ZNF112","1","298","0.97060000000000001829647544582257978618144989013671875000000000000000000000000000000000000000000000000000000000000000000000000000000000000000000000","1.00000000000000000000000000000000000000000000000000000000000000000000000000000000000000000000000000000000000000000000000000000000000000000000000000000000000","0.282000000000000","ARCHS4--Coexpression","SUN2"
"DEG_HMVL_ALL","1140","0.700200000000000045","TWIST1_ARCHS4_PEARSON","TWIST1","1","298","0.97060000000000001829647544582257978618144989013671875000000000000000000000000000000000000000000000000000000000000000000000000000000000000000000000","1.00000000000000000000000000000000000000000000000000000000000000000000000000000000000000000000000000000000000000000000000000000000000000000000000000000000000","0.282000000000000","ARCHS4--Coexpression","FOXL1"
"DEG_HMVL_ALL","1141","0.700899999999999967","TBPL2_ARCHS4_PEARSON","TBPL2","1","298","0.97060000000000001829647544582257978618144989013671875000000000000000000000000000000000000000000000000000000000000000000000000000000000000000000000","1.00000000000000000000000000000000000000000000000000000000000000000000000000000000000000000000000000000000000000000000000000000000000000000000000000000000000","0.282000000000000","ARCHS4--Coexpression","PKD1L2"
"DEG_HMVL_ALL","1142","0.701500000000000012","MSANTD3_ARCHS4_PEARSON","MSANTD3","1","298","0.97060000000000001829647544582257978618144989013671875000000000000000000000000000000000000000000000000000000000000000000000000000000000000000000000","1.00000000000000000000000000000000000000000000000000000000000000000000000000000000000000000000000000000000000000000000000000000000000000000000000000000000000","0.282000000000000","ARCHS4--Coexpression","TMEM158"
"DEG_HMVL_ALL","1143","0.702099999999999946","FOXN2_ARCHS4_PEARSON","FOXN2","1","298","0.97060000000000001829647544582257978618144989013671875000000000000000000000000000000000000000000000000000000000000000000000000000000000000000000000","1.00000000000000000000000000000000000000000000000000000000000000000000000000000000000000000000000000000000000000000000000000000000000000000000000000000000000","0.282000000000000","ARCHS4--Coexpression","CNTRL"
"DEG_HMVL_ALL","1144","0.702699999999999991","LCOR_ARCHS4_PEARSON","LCOR","1","298","0.97060000000000001829647544582257978618144989013671875000000000000000000000000000000000000000000000000000000000000000000000000000000000000000000000","1.00000000000000000000000000000000000000000000000000000000000000000000000000000000000000000000000000000000000000000000000000000000000000000000000000000000000","0.282000000000000","ARCHS4--Coexpression","NUDT3"
"DEG_HMVL_ALL","1145","0.703300000000000036","GLIS1_ARCHS4_PEARSON","GLIS1","1","298","0.97060000000000001829647544582257978618144989013671875000000000000000000000000000000000000000000000000000000000000000000000000000000000000000000000","1.00000000000000000000000000000000000000000000000000000000000000000000000000000000000000000000000000000000000000000000000000000000000000000000000000000000000","0.282000000000000","ARCHS4--Coexpression","RGS3"
"DEG_HMVL_ALL","1146","0.703899999999999970","ZNF518A_ARCHS4_PEARSON","ZNF518A","1","298","0.97060000000000001829647544582257978618144989013671875000000000000000000000000000000000000000000000000000000000000000000000000000000000000000000000","1.00000000000000000000000000000000000000000000000000000000000000000000000000000000000000000000000000000000000000000000000000000000000000000000000000000000000","0.282000000000000","ARCHS4--Coexpression","ASPM"
"DEG_HMVL_ALL","1147","0.704500000000000015","ZNF627_ARCHS4_PEARSON","ZNF627","1","298","0.97060000000000001829647544582257978618144989013671875000000000000000000000000000000000000000000000000000000000000000000000000000000000000000000000","1.00000000000000000000000000000000000000000000000000000000000000000000000000000000000000000000000000000000000000000000000000000000000000000000000000000000000","0.282000000000000","ARCHS4--Coexpression","RNFT2"
"DEG_HMVL_ALL","1148","0.705200000000000049","FLYWCH1_ARCHS4_PEARSON","FLYWCH1","1","298","0.97060000000000001829647544582257978618144989013671875000000000000000000000000000000000000000000000000000000000000000000000000000000000000000000000","1.00000000000000000000000000000000000000000000000000000000000000000000000000000000000000000000000000000000000000000000000000000000000000000000000000000000000","0.282000000000000","ARCHS4--Coexpression","SUN2"
"DEG_HMVL_ALL","1149","0.705799999999999983","MEIS3_ARCHS4_PEARSON","MEIS3","1","298","0.97060000000000001829647544582257978618144989013671875000000000000000000000000000000000000000000000000000000000000000000000000000000000000000000000","1.00000000000000000000000000000000000000000000000000000000000000000000000000000000000000000000000000000000000000000000000000000000000000000000000000000000000","0.282000000000000","ARCHS4--Coexpression","ARHGAP33"
"DEG_HMVL_ALL","1150","0.706400000000000028","ZNF316_ARCHS4_PEARSON","ZNF316","1","299","0.97089999999999998525623823297792114317417144775390625000000000000000000000000000000000000000000000000000000000000000000000000000000000000000000000","1.00000000000000000000000000000000000000000000000000000000000000000000000000000000000000000000000000000000000000000000000000000000000000000000000000000000000","0.281000000000000","ARCHS4--Coexpression","SUN2"
"DEG_HMVL_ALL","1151","0.706999999999999962","PROP1_ARCHS4_PEARSON","PROP1","1","299","0.97089999999999998525623823297792114317417144775390625000000000000000000000000000000000000000000000000000000000000000000000000000000000000000000000","1.00000000000000000000000000000000000000000000000000000000000000000000000000000000000000000000000000000000000000000000000000000000000000000000000000000000000","0.281000000000000","ARCHS4--Coexpression","ANKRD31"
"DEG_HMVL_ALL","1152","0.707600000000000007","RELA_ARCHS4_PEARSON","RELA","1","299","0.97089999999999998525623823297792114317417144775390625000000000000000000000000000000000000000000000000000000000000000000000000000000000000000000000","1.00000000000000000000000000000000000000000000000000000000000000000000000000000000000000000000000000000000000000000000000000000000000000000000000000000000000","0.281000000000000","ARCHS4--Coexpression","SUN2"
"DEG_HMVL_ALL","1153","0.708200000000000052","MTERF2_ARCHS4_PEARSON","MTERF2","1","299","0.97089999999999998525623823297792114317417144775390625000000000000000000000000000000000000000000000000000000000000000000000000000000000000000000000","1.00000000000000000000000000000000000000000000000000000000000000000000000000000000000000000000000000000000000000000000000000000000000000000000000000000000000","0.281000000000000","ARCHS4--Coexpression","LMNB2"
"DEG_HMVL_ALL","1154","0.708799999999999986","RBCK1_ARCHS4_PEARSON","RBCK1","1","299","0.97089999999999998525623823297792114317417144775390625000000000000000000000000000000000000000000000000000000000000000000000000000000000000000000000","1.00000000000000000000000000000000000000000000000000000000000000000000000000000000000000000000000000000000000000000000000000000000000000000000000000000000000","0.281000000000000","ARCHS4--Coexpression","SUN2"
"DEG_HMVL_ALL","1155","0.709500000000000020","KLF10_ARCHS4_PEARSON","KLF10","1","299","0.97089999999999998525623823297792114317417144775390625000000000000000000000000000000000000000000000000000000000000000000000000000000000000000000000","1.00000000000000000000000000000000000000000000000000000000000000000000000000000000000000000000000000000000000000000000000000000000000000000000000000000000000","0.281000000000000","ARCHS4--Coexpression","CIT"
"DEG_HMVL_ALL","1156","0.710099999999999953","NFATC3_ARCHS4_PEARSON","NFATC3","1","299","0.97089999999999998525623823297792114317417144775390625000000000000000000000000000000000000000000000000000000000000000000000000000000000000000000000","1.00000000000000000000000000000000000000000000000000000000000000000000000000000000000000000000000000000000000000000000000000000000000000000000000000000000000","0.281000000000000","ARCHS4--Coexpression","SUN2"
"DEG_HMVL_ALL","1157","0.710699999999999998","ARHGAP35_ARCHS4_PEARSON","ARHGAP35","1","299","0.97089999999999998525623823297792114317417144775390625000000000000000000000000000000000000000000000000000000000000000000000000000000000000000000000","1.00000000000000000000000000000000000000000000000000000000000000000000000000000000000000000000000000000000000000000000000000000000000000000000000000000000000","0.281000000000000","ARCHS4--Coexpression","LMNB2"
"DEG_HMVL_ALL","1158","0.711300000000000043","TEAD3_ARCHS4_PEARSON","TEAD3","1","299","0.97089999999999998525623823297792114317417144775390625000000000000000000000000000000000000000000000000000000000000000000000000000000000000000000000","1.00000000000000000000000000000000000000000000000000000000000000000000000000000000000000000000000000000000000000000000000000000000000000000000000000000000000","0.281000000000000","ARCHS4--Coexpression","LMNB2"
"DEG_HMVL_ALL","1159","0.711899999999999977","CLOCK_ARCHS4_PEARSON","CLOCK","1","299","0.97089999999999998525623823297792114317417144775390625000000000000000000000000000000000000000000000000000000000000000000000000000000000000000000000","1.00000000000000000000000000000000000000000000000000000000000000000000000000000000000000000000000000000000000000000000000000000000000000000000000000000000000","0.281000000000000","ARCHS4--Coexpression","DLGAP5"
"DEG_HMVL_ALL","1160","0.712500000000000022","NRL_ARCHS4_PEARSON","NRL","1","299","0.97089999999999998525623823297792114317417144775390625000000000000000000000000000000000000000000000000000000000000000000000000000000000000000000000","1.00000000000000000000000000000000000000000000000000000000000000000000000000000000000000000000000000000000000000000000000000000000000000000000000000000000000","0.281000000000000","ARCHS4--Coexpression","CACNA2D4"
"DEG_HMVL_ALL","1161","0.713099999999999956","SOX11_ARCHS4_PEARSON","SOX11","1","299","0.97089999999999998525623823297792114317417144775390625000000000000000000000000000000000000000000000000000000000000000000000000000000000000000000000","1.00000000000000000000000000000000000000000000000000000000000000000000000000000000000000000000000000000000000000000000000000000000000000000000000000000000000","0.281000000000000","ARCHS4--Coexpression","NUDT3"
"DEG_HMVL_ALL","1162","0.713799999999999990","ZNF565_ARCHS4_PEARSON","ZNF565","1","299","0.97089999999999998525623823297792114317417144775390625000000000000000000000000000000000000000000000000000000000000000000000000000000000000000000000","1.00000000000000000000000000000000000000000000000000000000000000000000000000000000000000000000000000000000000000000000000000000000000000000000000000000000000","0.281000000000000","ARCHS4--Coexpression","LMNB2"
"DEG_HMVL_ALL","1163","0.714400000000000035","ZHX3_ARCHS4_PEARSON","ZHX3","1","299","0.97089999999999998525623823297792114317417144775390625000000000000000000000000000000000000000000000000000000000000000000000000000000000000000000000","1.00000000000000000000000000000000000000000000000000000000000000000000000000000000000000000000000000000000000000000000000000000000000000000000000000000000000","0.281000000000000","ARCHS4--Coexpression","GRAMD2B"
"DEG_HMVL_ALL","1164","0.714999999999999969","ZNF841_ARCHS4_PEARSON","ZNF841","1","299","0.97089999999999998525623823297792114317417144775390625000000000000000000000000000000000000000000000000000000000000000000000000000000000000000000000","1.00000000000000000000000000000000000000000000000000000000000000000000000000000000000000000000000000000000000000000000000000000000000000000000000000000000000","0.281000000000000","ARCHS4--Coexpression","PKD1L2"
"DEG_HMVL_ALL","1165","0.715600000000000014","EVX2_ARCHS4_PEARSON","EVX2","1","299","0.97089999999999998525623823297792114317417144775390625000000000000000000000000000000000000000000000000000000000000000000000000000000000000000000000","1.00000000000000000000000000000000000000000000000000000000000000000000000000000000000000000000000000000000000000000000000000000000000000000000000000000000000","0.281000000000000","ARCHS4--Coexpression","ODF2"
"DEG_HMVL_ALL","1166","0.716199999999999948","ZNF14_ARCHS4_PEARSON","ZNF14","1","299","0.97089999999999998525623823297792114317417144775390625000000000000000000000000000000000000000000000000000000000000000000000000000000000000000000000","1.00000000000000000000000000000000000000000000000000000000000000000000000000000000000000000000000000000000000000000000000000000000000000000000000000000000000","0.281000000000000","ARCHS4--Coexpression","INCENP"
"DEG_HMVL_ALL","1167","0.716799999999999993","SMAD1_ARCHS4_PEARSON","SMAD1","1","299","0.97089999999999998525623823297792114317417144775390625000000000000000000000000000000000000000000000000000000000000000000000000000000000000000000000","1.00000000000000000000000000000000000000000000000000000000000000000000000000000000000000000000000000000000000000000000000000000000000000000000000000000000000","0.281000000000000","ARCHS4--Coexpression","SUN2"
"DEG_HMVL_ALL","1168","0.717400000000000038","NCOA2_ARCHS4_PEARSON","NCOA2","1","299","0.97089999999999998525623823297792114317417144775390625000000000000000000000000000000000000000000000000000000000000000000000000000000000000000000000","1.00000000000000000000000000000000000000000000000000000000000000000000000000000000000000000000000000000000000000000000000000000000000000000000000000000000000","0.281000000000000","ARCHS4--Coexpression","CDKN1B"
"DEG_HMVL_ALL","1169","0.718099999999999961","ZNF571_ARCHS4_PEARSON","ZNF571","1","299","0.97089999999999998525623823297792114317417144775390625000000000000000000000000000000000000000000000000000000000000000000000000000000000000000000000","1.00000000000000000000000000000000000000000000000000000000000000000000000000000000000000000000000000000000000000000000000000000000000000000000000000000000000","0.281000000000000","ARCHS4--Coexpression","SKA1"
"DEG_HMVL_ALL","1170","0.718700000000000006","ZNF782_ARCHS4_PEARSON","ZNF782","1","299","0.97089999999999998525623823297792114317417144775390625000000000000000000000000000000000000000000000000000000000000000000000000000000000000000000000","1.00000000000000000000000000000000000000000000000000000000000000000000000000000000000000000000000000000000000000000000000000000000000000000000000000000000000","0.281000000000000","ARCHS4--Coexpression","CNTRL"
"DEG_HMVL_ALL","1171","0.719300000000000050","SCRT2_ARCHS4_PEARSON","SCRT2","1","299","0.97089999999999998525623823297792114317417144775390625000000000000000000000000000000000000000000000000000000000000000000000000000000000000000000000","1.00000000000000000000000000000000000000000000000000000000000000000000000000000000000000000000000000000000000000000000000000000000000000000000000000000000000","0.281000000000000","ARCHS4--Coexpression","ARHGAP33"
"DEG_HMVL_ALL","1172","0.719899999999999984","DLX2_ARCHS4_PEARSON","DLX2","1","299","0.97089999999999998525623823297792114317417144775390625000000000000000000000000000000000000000000000000000000000000000000000000000000000000000000000","1.00000000000000000000000000000000000000000000000000000000000000000000000000000000000000000000000000000000000000000000000000000000000000000000000000000000000","0.281000000000000","ARCHS4--Coexpression","PCDHB10"
"DEG_HMVL_ALL","1173","0.720500000000000029","SEBOX_ARCHS4_PEARSON","SEBOX","1","299","0.97089999999999998525623823297792114317417144775390625000000000000000000000000000000000000000000000000000000000000000000000000000000000000000000000","1.00000000000000000000000000000000000000000000000000000000000000000000000000000000000000000000000000000000000000000000000000000000000000000000000000000000000","0.281000000000000","ARCHS4--Coexpression","ODF2"
"DEG_HMVL_ALL","1174","0.721099999999999963","PAX8_ARCHS4_PEARSON","PAX8","1","299","0.97089999999999998525623823297792114317417144775390625000000000000000000000000000000000000000000000000000000000000000000000000000000000000000000000","1.00000000000000000000000000000000000000000000000000000000000000000000000000000000000000000000000000000000000000000000000000000000000000000000000000000000000","0.281000000000000","ARCHS4--Coexpression","LCN12"
"DEG_HMVL_ALL","1175","0.721700000000000008","HOXA7_ARCHS4_PEARSON","HOXA7","1","299","0.97089999999999998525623823297792114317417144775390625000000000000000000000000000000000000000000000000000000000000000000000000000000000000000000000","1.00000000000000000000000000000000000000000000000000000000000000000000000000000000000000000000000000000000000000000000000000000000000000000000000000000000000","0.281000000000000","ARCHS4--Coexpression","TACC3"
"DEG_HMVL_ALL","1176","0.722400000000000042","ZFP92_ARCHS4_PEARSON","ZFP92","1","299","0.97089999999999998525623823297792114317417144775390625000000000000000000000000000000000000000000000000000000000000000000000000000000000000000000000","1.00000000000000000000000000000000000000000000000000000000000000000000000000000000000000000000000000000000000000000000000000000000000000000000000000000000000","0.281000000000000","ARCHS4--Coexpression","IZUMO4"
"DEG_HMVL_ALL","1177","0.722999999999999976","ZNF335_ARCHS4_PEARSON","ZNF335","1","299","0.97089999999999998525623823297792114317417144775390625000000000000000000000000000000000000000000000000000000000000000000000000000000000000000000000","1.00000000000000000000000000000000000000000000000000000000000000000000000000000000000000000000000000000000000000000000000000000000000000000000000000000000000","0.281000000000000","ARCHS4--Coexpression","SUN2"
"DEG_HMVL_ALL","1178","0.723600000000000021","DLX1_ARCHS4_PEARSON","DLX1","1","299","0.97089999999999998525623823297792114317417144775390625000000000000000000000000000000000000000000000000000000000000000000000000000000000000000000000","1.00000000000000000000000000000000000000000000000000000000000000000000000000000000000000000000000000000000000000000000000000000000000000000000000000000000000","0.281000000000000","ARCHS4--Coexpression","PCDHB10"
"DEG_HMVL_ALL","1179","0.724199999999999955","GLIS3_ARCHS4_PEARSON","GLIS3","1","299","0.97089999999999998525623823297792114317417144775390625000000000000000000000000000000000000000000000000000000000000000000000000000000000000000000000","1.00000000000000000000000000000000000000000000000000000000000000000000000000000000000000000000000000000000000000000000000000000000000000000000000000000000000","0.281000000000000","ARCHS4--Coexpression","TACC3"
"DEG_HMVL_ALL","1180","0.724800000000000000","ZNF319_ARCHS4_PEARSON","ZNF319","1","299","0.97089999999999998525623823297792114317417144775390625000000000000000000000000000000000000000000000000000000000000000000000000000000000000000000000","1.00000000000000000000000000000000000000000000000000000000000000000000000000000000000000000000000000000000000000000000000000000000000000000000000000000000000","0.281000000000000","ARCHS4--Coexpression","SUN2"
"DEG_HMVL_ALL","1181","0.725400000000000045","OVOL3_ARCHS4_PEARSON","OVOL3","1","299","0.97089999999999998525623823297792114317417144775390625000000000000000000000000000000000000000000000000000000000000000000000000000000000000000000000","1.00000000000000000000000000000000000000000000000000000000000000000000000000000000000000000000000000000000000000000000000000000000000000000000000000000000000","0.281000000000000","ARCHS4--Coexpression","SAPCD2"
"DEG_HMVL_ALL","1182","0.725999999999999979","ZNF580_ARCHS4_PEARSON","ZNF580","1","299","0.97089999999999998525623823297792114317417144775390625000000000000000000000000000000000000000000000000000000000000000000000000000000000000000000000","1.00000000000000000000000000000000000000000000000000000000000000000000000000000000000000000000000000000000000000000000000000000000000000000000000000000000000","0.281000000000000","ARCHS4--Coexpression","UBE2S"
"DEG_HMVL_ALL","1183","0.726700000000000013","ZBTB37_ARCHS4_PEARSON","ZBTB37","1","299","0.97089999999999998525623823297792114317417144775390625000000000000000000000000000000000000000000000000000000000000000000000000000000000000000000000","1.00000000000000000000000000000000000000000000000000000000000000000000000000000000000000000000000000000000000000000000000000000000000000000000000000000000000","0.281000000000000","ARCHS4--Coexpression","TMEM45A"
"DEG_HMVL_ALL","1184","0.727299999999999947","MBD1_ARCHS4_PEARSON","MBD1","1","299","0.97089999999999998525623823297792114317417144775390625000000000000000000000000000000000000000000000000000000000000000000000000000000000000000000000","1.00000000000000000000000000000000000000000000000000000000000000000000000000000000000000000000000000000000000000000000000000000000000000000000000000000000000","0.281000000000000","ARCHS4--Coexpression","SUN2"
"DEG_HMVL_ALL","1185","0.727899999999999991","ZNF525_ARCHS4_PEARSON","ZNF525","1","299","0.97089999999999998525623823297792114317417144775390625000000000000000000000000000000000000000000000000000000000000000000000000000000000000000000000","1.00000000000000000000000000000000000000000000000000000000000000000000000000000000000000000000000000000000000000000000000000000000000000000000000000000000000","0.281000000000000","ARCHS4--Coexpression","PKD1L2"
"DEG_HMVL_ALL","1186","0.728500000000000036","NR2F1_ARCHS4_PEARSON","NR2F1","1","299","0.97089999999999998525623823297792114317417144775390625000000000000000000000000000000000000000000000000000000000000000000000000000000000000000000000","1.00000000000000000000000000000000000000000000000000000000000000000000000000000000000000000000000000000000000000000000000000000000000000000000000000000000000","0.281000000000000","ARCHS4--Coexpression","ARHGAP33"
"DEG_HMVL_ALL","1187","0.729099999999999970","ZNF275_ARCHS4_PEARSON","ZNF275","1","299","0.97089999999999998525623823297792114317417144775390625000000000000000000000000000000000000000000000000000000000000000000000000000000000000000000000","1.00000000000000000000000000000000000000000000000000000000000000000000000000000000000000000000000000000000000000000000000000000000000000000000000000000000000","0.281000000000000","ARCHS4--Coexpression","CDKN1B"
"DEG_HMVL_ALL","1188","0.729700000000000015","PEG3_ARCHS4_PEARSON","PEG3","1","299","0.97089999999999998525623823297792114317417144775390625000000000000000000000000000000000000000000000000000000000000000000000000000000000000000000000","1.00000000000000000000000000000000000000000000000000000000000000000000000000000000000000000000000000000000000000000000000000000000000000000000000000000000000","0.281000000000000","ARCHS4--Coexpression","SHANK2"
"DEG_HMVL_ALL","1189","0.730299999999999949","ESR1_ARCHS4_PEARSON","ESR1","1","299","0.97089999999999998525623823297792114317417144775390625000000000000000000000000000000000000000000000000000000000000000000000000000000000000000000000","1.00000000000000000000000000000000000000000000000000000000000000000000000000000000000000000000000000000000000000000000000000000000000000000000000000000000000","0.281000000000000","ARCHS4--Coexpression","SAPCD2"
"DEG_HMVL_ALL","1190","0.730999999999999983","USF2_ARCHS4_PEARSON","USF2","1","299","0.97089999999999998525623823297792114317417144775390625000000000000000000000000000000000000000000000000000000000000000000000000000000000000000000000","1.00000000000000000000000000000000000000000000000000000000000000000000000000000000000000000000000000000000000000000000000000000000000000000000000000000000000","0.281000000000000","ARCHS4--Coexpression","SUN2"
"DEG_HMVL_ALL","1191","0.731600000000000028","ATF2_ARCHS4_PEARSON","ATF2","1","299","0.97089999999999998525623823297792114317417144775390625000000000000000000000000000000000000000000000000000000000000000000000000000000000000000000000","1.00000000000000000000000000000000000000000000000000000000000000000000000000000000000000000000000000000000000000000000000000000000000000000000000000000000000","0.281000000000000","ARCHS4--Coexpression","UBE2S"
"DEG_HMVL_ALL","1192","0.732199999999999962","MEF2A_ARCHS4_PEARSON","MEF2A","1","299","0.97089999999999998525623823297792114317417144775390625000000000000000000000000000000000000000000000000000000000000000000000000000000000000000000000","1.00000000000000000000000000000000000000000000000000000000000000000000000000000000000000000000000000000000000000000000000000000000000000000000000000000000000","0.281000000000000","ARCHS4--Coexpression","CKS1B"
"DEG_HMVL_ALL","1193","0.732800000000000007","ESRRA_ARCHS4_PEARSON","ESRRA","1","299","0.97089999999999998525623823297792114317417144775390625000000000000000000000000000000000000000000000000000000000000000000000000000000000000000000000","1.00000000000000000000000000000000000000000000000000000000000000000000000000000000000000000000000000000000000000000000000000000000000000000000000000000000000","0.281000000000000","ARCHS4--Coexpression","ANO9"
"DEG_HMVL_ALL","1194","0.733400000000000052","ELK4_ARCHS4_PEARSON","ELK4","1","299","0.97089999999999998525623823297792114317417144775390625000000000000000000000000000000000000000000000000000000000000000000000000000000000000000000000","1.00000000000000000000000000000000000000000000000000000000000000000000000000000000000000000000000000000000000000000000000000000000000000000000000000000000000","0.281000000000000","ARCHS4--Coexpression","CDKN1B"
"DEG_HMVL_ALL","1195","0.733999999999999986","HLF_ARCHS4_PEARSON","HLF","1","299","0.97089999999999998525623823297792114317417144775390625000000000000000000000000000000000000000000000000000000000000000000000000000000000000000000000","1.00000000000000000000000000000000000000000000000000000000000000000000000000000000000000000000000000000000000000000000000000000000000000000000000000000000000","0.281000000000000","ARCHS4--Coexpression","MST1"
"DEG_HMVL_ALL","1196","0.734600000000000031","ZNF333_ARCHS4_PEARSON","ZNF333","1","299","0.97089999999999998525623823297792114317417144775390625000000000000000000000000000000000000000000000000000000000000000000000000000000000000000000000","1.00000000000000000000000000000000000000000000000000000000000000000000000000000000000000000000000000000000000000000000000000000000000000000000000000000000000","0.281000000000000","ARCHS4--Coexpression","PKD1L2"
"DEG_HMVL_ALL","1197","0.735299999999999954","TET2_ARCHS4_PEARSON","TET2","1","299","0.97089999999999998525623823297792114317417144775390625000000000000000000000000000000000000000000000000000000000000000000000000000000000000000000000","1.00000000000000000000000000000000000000000000000000000000000000000000000000000000000000000000000000000000000000000000000000000000000000000000000000000000000","0.281000000000000","ARCHS4--Coexpression","SCLT1"
"DEG_HMVL_ALL","1198","0.735899999999999999","MBD6_ARCHS4_PEARSON","MBD6","1","299","0.97089999999999998525623823297792114317417144775390625000000000000000000000000000000000000000000000000000000000000000000000000000000000000000000000","1.00000000000000000000000000000000000000000000000000000000000000000000000000000000000000000000000000000000000000000000000000000000000000000000000000000000000","0.281000000000000","ARCHS4--Coexpression","SUN2"
"DEG_HMVL_ALL","1199","0.736500000000000044","ZNF865_ARCHS4_PEARSON","ZNF865","1","299","0.97089999999999998525623823297792114317417144775390625000000000000000000000000000000000000000000000000000000000000000000000000000000000000000000000","1.00000000000000000000000000000000000000000000000000000000000000000000000000000000000000000000000000000000000000000000000000000000000000000000000000000000000","0.281000000000000","ARCHS4--Coexpression","SUN2"
"DEG_HMVL_ALL","1200","0.737099999999999977","GTF2B_ARCHS4_PEARSON","GTF2B","1","299","0.97089999999999998525623823297792114317417144775390625000000000000000000000000000000000000000000000000000000000000000000000000000000000000000000000","1.00000000000000000000000000000000000000000000000000000000000000000000000000000000000000000000000000000000000000000000000000000000000000000000000000000000000","0.281000000000000","ARCHS4--Coexpression","LMNB2"
"DEG_HMVL_ALL","1201","0.737700000000000022","SP110_ARCHS4_PEARSON","SP110","1","299","0.97089999999999998525623823297792114317417144775390625000000000000000000000000000000000000000000000000000000000000000000000000000000000000000000000","1.00000000000000000000000000000000000000000000000000000000000000000000000000000000000000000000000000000000000000000000000000000000000000000000000000000000000","0.281000000000000","ARCHS4--Coexpression","HSH2D"
"DEG_HMVL_ALL","1202","0.738299999999999956","ZNF300_ARCHS4_PEARSON","ZNF300","1","299","0.97089999999999998525623823297792114317417144775390625000000000000000000000000000000000000000000000000000000000000000000000000000000000000000000000","1.00000000000000000000000000000000000000000000000000000000000000000000000000000000000000000000000000000000000000000000000000000000000000000000000000000000000","0.281000000000000","ARCHS4--Coexpression","NUDT3"
"DEG_HMVL_ALL","1203","0.738900000000000001","ZNF860_ARCHS4_PEARSON","ZNF860","1","299","0.97089999999999998525623823297792114317417144775390625000000000000000000000000000000000000000000000000000000000000000000000000000000000000000000000","1.00000000000000000000000000000000000000000000000000000000000000000000000000000000000000000000000000000000000000000000000000000000000000000000000000000000000","0.281000000000000","ARCHS4--Coexpression","SUN2"
"DEG_HMVL_ALL","1204","0.739600000000000035","ZNF30_ARCHS4_PEARSON","ZNF30","1","299","0.97089999999999998525623823297792114317417144775390625000000000000000000000000000000000000000000000000000000000000000000000000000000000000000000000","1.00000000000000000000000000000000000000000000000000000000000000000000000000000000000000000000000000000000000000000000000000000000000000000000000000000000000","0.281000000000000","ARCHS4--Coexpression","NUDT3"
"DEG_HMVL_ALL","1205","0.740199999999999969","ZNF324_ARCHS4_PEARSON","ZNF324","1","299","0.97089999999999998525623823297792114317417144775390625000000000000000000000000000000000000000000000000000000000000000000000000000000000000000000000","1.00000000000000000000000000000000000000000000000000000000000000000000000000000000000000000000000000000000000000000000000000000000000000000000000000000000000","0.281000000000000","ARCHS4--Coexpression","RECQL4"
"DEG_HMVL_ALL","1206","0.740800000000000014","ZNF84_ARCHS4_PEARSON","ZNF84","1","299","0.97089999999999998525623823297792114317417144775390625000000000000000000000000000000000000000000000000000000000000000000000000000000000000000000000","1.00000000000000000000000000000000000000000000000000000000000000000000000000000000000000000000000000000000000000000000000000000000000000000000000000000000000","0.281000000000000","ARCHS4--Coexpression","NUDT3"
"DEG_HMVL_ALL","1207","0.741399999999999948","SOX6_ARCHS4_PEARSON","SOX6","1","299","0.97089999999999998525623823297792114317417144775390625000000000000000000000000000000000000000000000000000000000000000000000000000000000000000000000","1.00000000000000000000000000000000000000000000000000000000000000000000000000000000000000000000000000000000000000000000000000000000000000000000000000000000000","0.281000000000000","ARCHS4--Coexpression","RNFT2"
"DEG_HMVL_ALL","1208","0.741999999999999993","NFXL1_ARCHS4_PEARSON","NFXL1","1","299","0.97089999999999998525623823297792114317417144775390625000000000000000000000000000000000000000000000000000000000000000000000000000000000000000000000","1.00000000000000000000000000000000000000000000000000000000000000000000000000000000000000000000000000000000000000000000000000000000000000000000000000000000000","0.281000000000000","ARCHS4--Coexpression","DLGAP5"
"DEG_HMVL_ALL","1209","0.742600000000000038","MEF2D_ARCHS4_PEARSON","MEF2D","1","299","0.97089999999999998525623823297792114317417144775390625000000000000000000000000000000000000000000000000000000000000000000000000000000000000000000000","1.00000000000000000000000000000000000000000000000000000000000000000000000000000000000000000000000000000000000000000000000000000000000000000000000000000000000","0.281000000000000","ARCHS4--Coexpression","SUN2"
"DEG_HMVL_ALL","1210","0.743199999999999972","MAFK_ARCHS4_PEARSON","MAFK","1","299","0.97089999999999998525623823297792114317417144775390625000000000000000000000000000000000000000000000000000000000000000000000000000000000000000000000","1.00000000000000000000000000000000000000000000000000000000000000000000000000000000000000000000000000000000000000000000000000000000000000000000000000000000000","0.281000000000000","ARCHS4--Coexpression","SEMA3B"
"DEG_HMVL_ALL","1211","0.743900000000000006","ZNF75D_ARCHS4_PEARSON","ZNF75D","1","299","0.97089999999999998525623823297792114317417144775390625000000000000000000000000000000000000000000000000000000000000000000000000000000000000000000000","1.00000000000000000000000000000000000000000000000000000000000000000000000000000000000000000000000000000000000000000000000000000000000000000000000000000000000","0.281000000000000","ARCHS4--Coexpression","SUN2"
"DEG_HMVL_ALL","1212","0.744500000000000051","MBD2_ARCHS4_PEARSON","MBD2","1","299","0.97089999999999998525623823297792114317417144775390625000000000000000000000000000000000000000000000000000000000000000000000000000000000000000000000","1.00000000000000000000000000000000000000000000000000000000000000000000000000000000000000000000000000000000000000000000000000000000000000000000000000000000000","0.281000000000000","ARCHS4--Coexpression","SUN2"
"DEG_HMVL_ALL","1213","0.745099999999999985","ZNF551_ARCHS4_PEARSON","ZNF551","1","299","0.97089999999999998525623823297792114317417144775390625000000000000000000000000000000000000000000000000000000000000000000000000000000000000000000000","1.00000000000000000000000000000000000000000000000000000000000000000000000000000000000000000000000000000000000000000000000000000000000000000000000000000000000","0.281000000000000","ARCHS4--Coexpression","DNMT3B"
"DEG_HMVL_ALL","1214","0.745700000000000029","USF3_ARCHS4_PEARSON","USF3","1","299","0.97089999999999998525623823297792114317417144775390625000000000000000000000000000000000000000000000000000000000000000000000000000000000000000000000","1.00000000000000000000000000000000000000000000000000000000000000000000000000000000000000000000000000000000000000000000000000000000000000000000000000000000000","0.281000000000000","ARCHS4--Coexpression","LMNB2"
"DEG_HMVL_ALL","1215","0.746299999999999963","MYRF_ARCHS4_PEARSON","MYRF","1","299","0.97089999999999998525623823297792114317417144775390625000000000000000000000000000000000000000000000000000000000000000000000000000000000000000000000","1.00000000000000000000000000000000000000000000000000000000000000000000000000000000000000000000000000000000000000000000000000000000000000000000000000000000000","0.281000000000000","ARCHS4--Coexpression","SEMA3B"
"DEG_HMVL_ALL","1216","0.746900000000000008","POU3F3_ARCHS4_PEARSON","POU3F3","1","299","0.97089999999999998525623823297792114317417144775390625000000000000000000000000000000000000000000000000000000000000000000000000000000000000000000000","1.00000000000000000000000000000000000000000000000000000000000000000000000000000000000000000000000000000000000000000000000000000000000000000000000000000000000","0.281000000000000","ARCHS4--Coexpression","ARHGAP33"
"DEG_HMVL_ALL","1217","0.747500000000000053","TBX21_ARCHS4_PEARSON","TBX21","1","299","0.97089999999999998525623823297792114317417144775390625000000000000000000000000000000000000000000000000000000000000000000000000000000000000000000000","1.00000000000000000000000000000000000000000000000000000000000000000000000000000000000000000000000000000000000000000000000000000000000000000000000000000000000","0.281000000000000","ARCHS4--Coexpression","SUN2"
"DEG_HMVL_ALL","1218","0.748199999999999976","EGR1_ARCHS4_PEARSON","EGR1","1","299","0.97089999999999998525623823297792114317417144775390625000000000000000000000000000000000000000000000000000000000000000000000000000000000000000000000","1.00000000000000000000000000000000000000000000000000000000000000000000000000000000000000000000000000000000000000000000000000000000000000000000000000000000000","0.281000000000000","ARCHS4--Coexpression","ABCA5"
"DEG_HMVL_ALL","1219","0.748800000000000021","MYT1_ARCHS4_PEARSON","MYT1","1","299","0.97089999999999998525623823297792114317417144775390625000000000000000000000000000000000000000000000000000000000000000000000000000000000000000000000","1.00000000000000000000000000000000000000000000000000000000000000000000000000000000000000000000000000000000000000000000000000000000000000000000000000000000000","0.281000000000000","ARCHS4--Coexpression","ARHGAP33"
"DEG_HMVL_ALL","1220","0.749399999999999955","MYSM1_ARCHS4_PEARSON","MYSM1","1","299","0.97089999999999998525623823297792114317417144775390625000000000000000000000000000000000000000000000000000000000000000000000000000000000000000000000","1.00000000000000000000000000000000000000000000000000000000000000000000000000000000000000000000000000000000000000000000000000000000000000000000000000000000000","0.281000000000000","ARCHS4--Coexpression","DNMT3B"
"DEG_HMVL_ALL","1221","0.750000000000000000","SP140_ARCHS4_PEARSON","SP140","1","299","0.97089999999999998525623823297792114317417144775390625000000000000000000000000000000000000000000000000000000000000000000000000000000000000000000000","1.00000000000000000000000000000000000000000000000000000000000000000000000000000000000000000000000000000000000000000000000000000000000000000000000000000000000","0.281000000000000","ARCHS4--Coexpression","SUN2"
"DEG_HMVL_ALL","1222","0.750600000000000045","ZNF385A_ARCHS4_PEARSON","ZNF385A","1","299","0.97089999999999998525623823297792114317417144775390625000000000000000000000000000000000000000000000000000000000000000000000000000000000000000000000","1.00000000000000000000000000000000000000000000000000000000000000000000000000000000000000000000000000000000000000000000000000000000000000000000000000000000000","0.281000000000000","ARCHS4--Coexpression","TBC1D2"
"DEG_HMVL_ALL","1223","0.751199999999999979","FOXI2_ARCHS4_PEARSON","FOXI2","1","299","0.97089999999999998525623823297792114317417144775390625000000000000000000000000000000000000000000000000000000000000000000000000000000000000000000000","1.00000000000000000000000000000000000000000000000000000000000000000000000000000000000000000000000000000000000000000000000000000000000000000000000000000000000","0.281000000000000","ARCHS4--Coexpression","ABCC6"
"DEG_HMVL_ALL","1224","0.751800000000000024","PPARD_ARCHS4_PEARSON","PPARD","1","299","0.97089999999999998525623823297792114317417144775390625000000000000000000000000000000000000000000000000000000000000000000000000000000000000000000000","1.00000000000000000000000000000000000000000000000000000000000000000000000000000000000000000000000000000000000000000000000000000000000000000000000000000000000","0.281000000000000","ARCHS4--Coexpression","TBC1D2"
"DEG_HMVL_ALL","1225","0.752499999999999947","BHLHE22_ARCHS4_PEARSON","BHLHE22","1","299","0.97089999999999998525623823297792114317417144775390625000000000000000000000000000000000000000000000000000000000000000000000000000000000000000000000","1.00000000000000000000000000000000000000000000000000000000000000000000000000000000000000000000000000000000000000000000000000000000000000000000000000000000000","0.281000000000000","ARCHS4--Coexpression","ARHGAP33"
"DEG_HMVL_ALL","1226","0.753099999999999992","ATF7_ARCHS4_PEARSON","ATF7","1","299","0.97089999999999998525623823297792114317417144775390625000000000000000000000000000000000000000000000000000000000000000000000000000000000000000000000","1.00000000000000000000000000000000000000000000000000000000000000000000000000000000000000000000000000000000000000000000000000000000000000000000000000000000000","0.281000000000000","ARCHS4--Coexpression","CALCOCO1"
"DEG_HMVL_ALL","1227","0.753700000000000037","MXI1_ARCHS4_PEARSON","MXI1","1","299","0.97089999999999998525623823297792114317417144775390625000000000000000000000000000000000000000000000000000000000000000000000000000000000000000000000","1.00000000000000000000000000000000000000000000000000000000000000000000000000000000000000000000000000000000000000000000000000000000000000000000000000000000000","0.281000000000000","ARCHS4--Coexpression","CDKN1B"
"DEG_HMVL_ALL","1228","0.754299999999999971","SOHLH1_ARCHS4_PEARSON","SOHLH1","1","299","0.97089999999999998525623823297792114317417144775390625000000000000000000000000000000000000000000000000000000000000000000000000000000000000000000000","1.00000000000000000000000000000000000000000000000000000000000000000000000000000000000000000000000000000000000000000000000000000000000000000000000000000000000","0.281000000000000","ARCHS4--Coexpression","ANKRD24"
"DEG_HMVL_ALL","1229","0.754900000000000015","SOX9_ARCHS4_PEARSON","SOX9","1","299","0.97089999999999998525623823297792114317417144775390625000000000000000000000000000000000000000000000000000000000000000000000000000000000000000000000","1.00000000000000000000000000000000000000000000000000000000000000000000000000000000000000000000000000000000000000000000000000000000000000000000000000000000000","0.281000000000000","ARCHS4--Coexpression","PSRC1"
"DEG_HMVL_ALL","1230","0.755499999999999949","ATF6B_ARCHS4_PEARSON","ATF6B","1","299","0.97089999999999998525623823297792114317417144775390625000000000000000000000000000000000000000000000000000000000000000000000000000000000000000000000","1.00000000000000000000000000000000000000000000000000000000000000000000000000000000000000000000000000000000000000000000000000000000000000000000000000000000000","0.281000000000000","ARCHS4--Coexpression","SUN2"
"DEG_HMVL_ALL","1231","0.756099999999999994","SP4_ARCHS4_PEARSON","SP4","1","299","0.97089999999999998525623823297792114317417144775390625000000000000000000000000000000000000000000000000000000000000000000000000000000000000000000000","1.00000000000000000000000000000000000000000000000000000000000000000000000000000000000000000000000000000000000000000000000000000000000000000000000000000000000","0.281000000000000","ARCHS4--Coexpression","HMGB1"
"DEG_HMVL_ALL","1232","0.756800000000000028","TAL1_ARCHS4_PEARSON","TAL1","1","299","0.97089999999999998525623823297792114317417144775390625000000000000000000000000000000000000000000000000000000000000000000000000000000000000000000000","1.00000000000000000000000000000000000000000000000000000000000000000000000000000000000000000000000000000000000000000000000000000000000000000000000000000000000","0.281000000000000","ARCHS4--Coexpression","EPOR"
"DEG_HMVL_ALL","1233","0.757399999999999962","FAM170A_ARCHS4_PEARSON","FAM170A","1","299","0.97089999999999998525623823297792114317417144775390625000000000000000000000000000000000000000000000000000000000000000000000000000000000000000000000","1.00000000000000000000000000000000000000000000000000000000000000000000000000000000000000000000000000000000000000000000000000000000000000000000000000000000000","0.281000000000000","ARCHS4--Coexpression","IZUMO4"
"DEG_HMVL_ALL","1234","0.758000000000000007","ZBED1_ARCHS4_PEARSON","ZBED1","1","299","0.97089999999999998525623823297792114317417144775390625000000000000000000000000000000000000000000000000000000000000000000000000000000000000000000000","1.00000000000000000000000000000000000000000000000000000000000000000000000000000000000000000000000000000000000000000000000000000000000000000000000000000000000","0.281000000000000","ARCHS4--Coexpression","SUN2"
"DEG_HMVL_ALL","1235","0.758600000000000052","FEZF2_ARCHS4_PEARSON","FEZF2","1","299","0.97089999999999998525623823297792114317417144775390625000000000000000000000000000000000000000000000000000000000000000000000000000000000000000000000","1.00000000000000000000000000000000000000000000000000000000000000000000000000000000000000000000000000000000000000000000000000000000000000000000000000000000000","0.281000000000000","ARCHS4--Coexpression","FAM227A"
"DEG_HMVL_ALL","1236","0.759199999999999986","NEUROG3_ARCHS4_PEARSON","NEUROG3","1","300","0.97130000000000005222489107836736366152763366699218750000000000000000000000000000000000000000000000000000000000000000000000000000000000000000000000","1.00000000000000000000000000000000000000000000000000000000000000000000000000000000000000000000000000000000000000000000000000000000000000000000000000000000000","0.280100000000000","ARCHS4--Coexpression","PNPLA7"
"DEG_HMVL_ALL","1237","0.759800000000000031","ZNF354B_ARCHS4_PEARSON","ZNF354B","1","300","0.97130000000000005222489107836736366152763366699218750000000000000000000000000000000000000000000000000000000000000000000000000000000000000000000000","1.00000000000000000000000000000000000000000000000000000000000000000000000000000000000000000000000000000000000000000000000000000000000000000000000000000000000","0.280100000000000","ARCHS4--Coexpression","CIT"
"DEG_HMVL_ALL","1238","0.760399999999999965","ZNF792_ARCHS4_PEARSON","ZNF792","1","300","0.97130000000000005222489107836736366152763366699218750000000000000000000000000000000000000000000000000000000000000000000000000000000000000000000000","1.00000000000000000000000000000000000000000000000000000000000000000000000000000000000000000000000000000000000000000000000000000000000000000000000000000000000","0.280100000000000","ARCHS4--Coexpression","PBXIP1"
"DEG_HMVL_ALL","1239","0.761099999999999999","HOXB13_ARCHS4_PEARSON","HOXB13","1","300","0.97130000000000005222489107836736366152763366699218750000000000000000000000000000000000000000000000000000000000000000000000000000000000000000000000","1.00000000000000000000000000000000000000000000000000000000000000000000000000000000000000000000000000000000000000000000000000000000000000000000000000000000000","0.280100000000000","ARCHS4--Coexpression","ACKR2"
"DEG_HMVL_ALL","1240","0.761700000000000044","CSRNP2_ARCHS4_PEARSON","CSRNP2","1","300","0.97130000000000005222489107836736366152763366699218750000000000000000000000000000000000000000000000000000000000000000000000000000000000000000000000","1.00000000000000000000000000000000000000000000000000000000000000000000000000000000000000000000000000000000000000000000000000000000000000000000000000000000000","0.280100000000000","ARCHS4--Coexpression","TMEM178A"
"DEG_HMVL_ALL","1241","0.762299999999999978","SNAI3_ARCHS4_PEARSON","SNAI3","1","300","0.97130000000000005222489107836736366152763366699218750000000000000000000000000000000000000000000000000000000000000000000000000000000000000000000000","1.00000000000000000000000000000000000000000000000000000000000000000000000000000000000000000000000000000000000000000000000000000000000000000000000000000000000","0.280100000000000","ARCHS4--Coexpression","SUN2"
"DEG_HMVL_ALL","1242","0.762900000000000023","CSRNP1_ARCHS4_PEARSON","CSRNP1","1","300","0.97130000000000005222489107836736366152763366699218750000000000000000000000000000000000000000000000000000000000000000000000000000000000000000000000","1.00000000000000000000000000000000000000000000000000000000000000000000000000000000000000000000000000000000000000000000000000000000000000000000000000000000000","0.280100000000000","ARCHS4--Coexpression","SUN2"
"DEG_HMVL_ALL","1243","0.763499999999999956","SMAD4_ARCHS4_PEARSON","SMAD4","1","300","0.97130000000000005222489107836736366152763366699218750000000000000000000000000000000000000000000000000000000000000000000000000000000000000000000000","1.00000000000000000000000000000000000000000000000000000000000000000000000000000000000000000000000000000000000000000000000000000000000000000000000000000000000","0.280100000000000","ARCHS4--Coexpression","CDKN1B"
"DEG_HMVL_ALL","1244","0.764100000000000001","NFAT5_ARCHS4_PEARSON","NFAT5","1","300","0.97130000000000005222489107836736366152763366699218750000000000000000000000000000000000000000000000000000000000000000000000000000000000000000000000","1.00000000000000000000000000000000000000000000000000000000000000000000000000000000000000000000000000000000000000000000000000000000000000000000000000000000000","0.280100000000000","ARCHS4--Coexpression","TMEM45A"
"DEG_HMVL_ALL","1245","0.764700000000000046","ZNF165_ARCHS4_PEARSON","ZNF165","1","300","0.97130000000000005222489107836736366152763366699218750000000000000000000000000000000000000000000000000000000000000000000000000000000000000000000000","1.00000000000000000000000000000000000000000000000000000000000000000000000000000000000000000000000000000000000000000000000000000000000000000000000000000000000","0.280100000000000","ARCHS4--Coexpression","ACKR2"
"DEG_HMVL_ALL","1246","0.765399999999999969","KLF5_ARCHS4_PEARSON","KLF5","1","300","0.97130000000000005222489107836736366152763366699218750000000000000000000000000000000000000000000000000000000000000000000000000000000000000000000000","1.00000000000000000000000000000000000000000000000000000000000000000000000000000000000000000000000000000000000000000000000000000000000000000000000000000000000","0.280100000000000","ARCHS4--Coexpression","ANO9"
"DEG_HMVL_ALL","1247","0.766000000000000014","LYL1_ARCHS4_PEARSON","LYL1","1","300","0.97130000000000005222489107836736366152763366699218750000000000000000000000000000000000000000000000000000000000000000000000000000000000000000000000","1.00000000000000000000000000000000000000000000000000000000000000000000000000000000000000000000000000000000000000000000000000000000000000000000000000000000000","0.280100000000000","ARCHS4--Coexpression","HSH2D"
"DEG_HMVL_ALL","1248","0.766599999999999948","GTF3A_ARCHS4_PEARSON","GTF3A","1","300","0.97130000000000005222489107836736366152763366699218750000000000000000000000000000000000000000000000000000000000000000000000000000000000000000000000","1.00000000000000000000000000000000000000000000000000000000000000000000000000000000000000000000000000000000000000000000000000000000000000000000000000000000000","0.280100000000000","ARCHS4--Coexpression","DDX39A"
"DEG_HMVL_ALL","1249","0.767199999999999993","ZNF248_ARCHS4_PEARSON","ZNF248","1","300","0.97130000000000005222489107836736366152763366699218750000000000000000000000000000000000000000000000000000000000000000000000000000000000000000000000","1.00000000000000000000000000000000000000000000000000000000000000000000000000000000000000000000000000000000000000000000000000000000000000000000000000000000000","0.280100000000000","ARCHS4--Coexpression","NUDT3"
"DEG_HMVL_ALL","1250","0.767800000000000038","HSFY2_ARCHS4_PEARSON","HSFY2","1","300","0.97130000000000005222489107836736366152763366699218750000000000000000000000000000000000000000000000000000000000000000000000000000000000000000000000","1.00000000000000000000000000000000000000000000000000000000000000000000000000000000000000000000000000000000000000000000000000000000000000000000000000000000000","0.280100000000000","ARCHS4--Coexpression","TMEM178A"
"DEG_HMVL_ALL","1251","0.768399999999999972","ZNF219_ARCHS4_PEARSON","ZNF219","1","300","0.97130000000000005222489107836736366152763366699218750000000000000000000000000000000000000000000000000000000000000000000000000000000000000000000000","1.00000000000000000000000000000000000000000000000000000000000000000000000000000000000000000000000000000000000000000000000000000000000000000000000000000000000","0.280100000000000","ARCHS4--Coexpression","LMNB2"
"DEG_HMVL_ALL","1252","0.769000000000000017","BHLHA15_ARCHS4_PEARSON","BHLHA15","1","300","0.97130000000000005222489107836736366152763366699218750000000000000000000000000000000000000000000000000000000000000000000000000000000000000000000000","1.00000000000000000000000000000000000000000000000000000000000000000000000000000000000000000000000000000000000000000000000000000000000000000000000000000000000","0.280100000000000","ARCHS4--Coexpression","INCENP"
"DEG_HMVL_ALL","1253","0.769700000000000051","ZNF746_ARCHS4_PEARSON","ZNF746","1","300","0.97130000000000005222489107836736366152763366699218750000000000000000000000000000000000000000000000000000000000000000000000000000000000000000000000","1.00000000000000000000000000000000000000000000000000000000000000000000000000000000000000000000000000000000000000000000000000000000000000000000000000000000000","0.280100000000000","ARCHS4--Coexpression","SUN2"
"DEG_HMVL_ALL","1254","0.770299999999999985","EMX2_ARCHS4_PEARSON","EMX2","1","300","0.97130000000000005222489107836736366152763366699218750000000000000000000000000000000000000000000000000000000000000000000000000000000000000000000000","1.00000000000000000000000000000000000000000000000000000000000000000000000000000000000000000000000000000000000000000000000000000000000000000000000000000000000","0.280100000000000","ARCHS4--Coexpression","NABP1"
"DEG_HMVL_ALL","1255","0.770900000000000030","GCM2_ARCHS4_PEARSON","GCM2","1","300","0.97130000000000005222489107836736366152763366699218750000000000000000000000000000000000000000000000000000000000000000000000000000000000000000000000","1.00000000000000000000000000000000000000000000000000000000000000000000000000000000000000000000000000000000000000000000000000000000000000000000000000000000000","0.280100000000000","ARCHS4--Coexpression","PJVK"
"DEG_HMVL_ALL","1256","0.771499999999999964","NR3C2_ARCHS4_PEARSON","NR3C2","1","300","0.97130000000000005222489107836736366152763366699218750000000000000000000000000000000000000000000000000000000000000000000000000000000000000000000000","1.00000000000000000000000000000000000000000000000000000000000000000000000000000000000000000000000000000000000000000000000000000000000000000000000000000000000","0.280100000000000","ARCHS4--Coexpression","ABCA5"
"DEG_HMVL_ALL","1257","0.772100000000000009","ZSCAN1_ARCHS4_PEARSON","ZSCAN1","1","300","0.97130000000000005222489107836736366152763366699218750000000000000000000000000000000000000000000000000000000000000000000000000000000000000000000000","1.00000000000000000000000000000000000000000000000000000000000000000000000000000000000000000000000000000000000000000000000000000000000000000000000000000000000","0.280100000000000","ARCHS4--Coexpression","RNFT2"
"DEG_HMVL_ALL","1258","0.772700000000000053","LHX9_ARCHS4_PEARSON","LHX9","1","300","0.97130000000000005222489107836736366152763366699218750000000000000000000000000000000000000000000000000000000000000000000000000000000000000000000000","1.00000000000000000000000000000000000000000000000000000000000000000000000000000000000000000000000000000000000000000000000000000000000000000000000000000000000","0.280100000000000","ARCHS4--Coexpression","FAM227A"
"DEG_HMVL_ALL","1259","0.773299999999999987","LHX1_ARCHS4_PEARSON","LHX1","1","300","0.97130000000000005222489107836736366152763366699218750000000000000000000000000000000000000000000000000000000000000000000000000000000000000000000000","1.00000000000000000000000000000000000000000000000000000000000000000000000000000000000000000000000000000000000000000000000000000000000000000000000000000000000","0.280100000000000","ARCHS4--Coexpression","ARHGAP33"
"DEG_HMVL_ALL","1260","0.774000000000000021","ZNF710_ARCHS4_PEARSON","ZNF710","1","300","0.97130000000000005222489107836736366152763366699218750000000000000000000000000000000000000000000000000000000000000000000000000000000000000000000000","1.00000000000000000000000000000000000000000000000000000000000000000000000000000000000000000000000000000000000000000000000000000000000000000000000000000000000","0.280100000000000","ARCHS4--Coexpression","SUN2"
"DEG_HMVL_ALL","1261","0.774599999999999955","ZNF414_ARCHS4_PEARSON","ZNF414","1","300","0.97130000000000005222489107836736366152763366699218750000000000000000000000000000000000000000000000000000000000000000000000000000000000000000000000","1.00000000000000000000000000000000000000000000000000000000000000000000000000000000000000000000000000000000000000000000000000000000000000000000000000000000000","0.280100000000000","ARCHS4--Coexpression","NABP1"
"DEG_HMVL_ALL","1262","0.775200000000000000","ZBTB32_ARCHS4_PEARSON","ZBTB32","1","300","0.97130000000000005222489107836736366152763366699218750000000000000000000000000000000000000000000000000000000000000000000000000000000000000000000000","1.00000000000000000000000000000000000000000000000000000000000000000000000000000000000000000000000000000000000000000000000000000000000000000000000000000000000","0.280100000000000","ARCHS4--Coexpression","IZUMO4"
"DEG_HMVL_ALL","1263","0.775800000000000045","RXRA_ARCHS4_PEARSON","RXRA","1","300","0.97130000000000005222489107836736366152763366699218750000000000000000000000000000000000000000000000000000000000000000000000000000000000000000000000","1.00000000000000000000000000000000000000000000000000000000000000000000000000000000000000000000000000000000000000000000000000000000000000000000000000000000000","0.280100000000000","ARCHS4--Coexpression","SUN2"
"DEG_HMVL_ALL","1264","0.776399999999999979","EGR3_ARCHS4_PEARSON","EGR3","1","300","0.97130000000000005222489107836736366152763366699218750000000000000000000000000000000000000000000000000000000000000000000000000000000000000000000000","1.00000000000000000000000000000000000000000000000000000000000000000000000000000000000000000000000000000000000000000000000000000000000000000000000000000000000","0.280100000000000","ARCHS4--Coexpression","TTLL3"
"DEG_HMVL_ALL","1265","0.777000000000000024","DUX4_ARCHS4_PEARSON","DUX4","1","300","0.97130000000000005222489107836736366152763366699218750000000000000000000000000000000000000000000000000000000000000000000000000000000000000000000000","1.00000000000000000000000000000000000000000000000000000000000000000000000000000000000000000000000000000000000000000000000000000000000000000000000000000000000","0.280100000000000","ARCHS4--Coexpression","SPC25"
"DEG_HMVL_ALL","1266","0.777599999999999958","ZNF705B_ARCHS4_PEARSON","ZNF705B","1","300","0.97130000000000005222489107836736366152763366699218750000000000000000000000000000000000000000000000000000000000000000000000000000000000000000000000","1.00000000000000000000000000000000000000000000000000000000000000000000000000000000000000000000000000000000000000000000000000000000000000000000000000000000000","0.280100000000000","ARCHS4--Coexpression","SPC25"
"DEG_HMVL_ALL","1267","0.778299999999999992","PIN1_ARCHS4_PEARSON","PIN1","1","300","0.97130000000000005222489107836736366152763366699218750000000000000000000000000000000000000000000000000000000000000000000000000000000000000000000000","1.00000000000000000000000000000000000000000000000000000000000000000000000000000000000000000000000000000000000000000000000000000000000000000000000000000000000","0.280100000000000","ARCHS4--Coexpression","DTYMK"
"DEG_HMVL_ALL","1268","0.778900000000000037","ZNF641_ARCHS4_PEARSON","ZNF641","1","300","0.97130000000000005222489107836736366152763366699218750000000000000000000000000000000000000000000000000000000000000000000000000000000000000000000000","1.00000000000000000000000000000000000000000000000000000000000000000000000000000000000000000000000000000000000000000000000000000000000000000000000000000000000","0.280100000000000","ARCHS4--Coexpression","SUN2"
"DEG_HMVL_ALL","1269","0.779499999999999971","PDX1_ARCHS4_PEARSON","PDX1","1","300","0.97130000000000005222489107836736366152763366699218750000000000000000000000000000000000000000000000000000000000000000000000000000000000000000000000","1.00000000000000000000000000000000000000000000000000000000000000000000000000000000000000000000000000000000000000000000000000000000000000000000000000000000000","0.280100000000000","ARCHS4--Coexpression","ABCA5"
"DEG_HMVL_ALL","1270","0.780100000000000016","GRHL3_ARCHS4_PEARSON","GRHL3","1","300","0.97130000000000005222489107836736366152763366699218750000000000000000000000000000000000000000000000000000000000000000000000000000000000000000000000","1.00000000000000000000000000000000000000000000000000000000000000000000000000000000000000000000000000000000000000000000000000000000000000000000000000000000000","0.280100000000000","ARCHS4--Coexpression","ALOX12B"
"DEG_HMVL_ALL","1271","0.780699999999999950","ZKSCAN2_ARCHS4_PEARSON","ZKSCAN2","1","300","0.97130000000000005222489107836736366152763366699218750000000000000000000000000000000000000000000000000000000000000000000000000000000000000000000000","1.00000000000000000000000000000000000000000000000000000000000000000000000000000000000000000000000000000000000000000000000000000000000000000000000000000000000","0.280100000000000","ARCHS4--Coexpression","TMPO"
"DEG_HMVL_ALL","1272","0.781299999999999994","DZIP1_ARCHS4_PEARSON","DZIP1","1","300","0.97130000000000005222489107836736366152763366699218750000000000000000000000000000000000000000000000000000000000000000000000000000000000000000000000","1.00000000000000000000000000000000000000000000000000000000000000000000000000000000000000000000000000000000000000000000000000000000000000000000000000000000000","0.280100000000000","ARCHS4--Coexpression","CIT"
"DEG_HMVL_ALL","1273","0.781900000000000039","TRERF1_ARCHS4_PEARSON","TRERF1","1","300","0.97130000000000005222489107836736366152763366699218750000000000000000000000000000000000000000000000000000000000000000000000000000000000000000000000","1.00000000000000000000000000000000000000000000000000000000000000000000000000000000000000000000000000000000000000000000000000000000000000000000000000000000000","0.280100000000000","ARCHS4--Coexpression","SUN2"
"DEG_HMVL_ALL","1274","0.782599999999999962","NR3C1_ARCHS4_PEARSON","NR3C1","1","300","0.97130000000000005222489107836736366152763366699218750000000000000000000000000000000000000000000000000000000000000000000000000000000000000000000000","1.00000000000000000000000000000000000000000000000000000000000000000000000000000000000000000000000000000000000000000000000000000000000000000000000000000000000","0.280100000000000","ARCHS4--Coexpression","CDKN1B"
"DEG_HMVL_ALL","1275","0.783200000000000007","PAX6_ARCHS4_PEARSON","PAX6","1","300","0.97130000000000005222489107836736366152763366699218750000000000000000000000000000000000000000000000000000000000000000000000000000000000000000000000","1.00000000000000000000000000000000000000000000000000000000000000000000000000000000000000000000000000000000000000000000000000000000000000000000000000000000000","0.280100000000000","ARCHS4--Coexpression","ABCA5"
"DEG_HMVL_ALL","1276","0.783800000000000052","OVOL2_ARCHS4_PEARSON","OVOL2","1","300","0.97130000000000005222489107836736366152763366699218750000000000000000000000000000000000000000000000000000000000000000000000000000000000000000000000","1.00000000000000000000000000000000000000000000000000000000000000000000000000000000000000000000000000000000000000000000000000000000000000000000000000000000000","0.280100000000000","ARCHS4--Coexpression","SHCBP1"
"DEG_HMVL_ALL","1277","0.784399999999999986","ZNF236_ARCHS4_PEARSON","ZNF236","1","300","0.97130000000000005222489107836736366152763366699218750000000000000000000000000000000000000000000000000000000000000000000000000000000000000000000000","1.00000000000000000000000000000000000000000000000000000000000000000000000000000000000000000000000000000000000000000000000000000000000000000000000000000000000","0.280100000000000","ARCHS4--Coexpression","CNTRL"
"DEG_HMVL_ALL","1278","0.785000000000000031","SPZ1_ARCHS4_PEARSON","SPZ1","1","300","0.97130000000000005222489107836736366152763366699218750000000000000000000000000000000000000000000000000000000000000000000000000000000000000000000000","1.00000000000000000000000000000000000000000000000000000000000000000000000000000000000000000000000000000000000000000000000000000000000000000000000000000000000","0.280100000000000","ARCHS4--Coexpression","ODF2"
"DEG_HMVL_ALL","1279","0.785599999999999965","NR0B1_ARCHS4_PEARSON","NR0B1","1","300","0.97130000000000005222489107836736366152763366699218750000000000000000000000000000000000000000000000000000000000000000000000000000000000000000000000","1.00000000000000000000000000000000000000000000000000000000000000000000000000000000000000000000000000000000000000000000000000000000000000000000000000000000000","0.280100000000000","ARCHS4--Coexpression","ABCA5"
"DEG_HMVL_ALL","1280","0.786200000000000010","TFE3_ARCHS4_PEARSON","TFE3","1","300","0.97130000000000005222489107836736366152763366699218750000000000000000000000000000000000000000000000000000000000000000000000000000000000000000000000","1.00000000000000000000000000000000000000000000000000000000000000000000000000000000000000000000000000000000000000000000000000000000000000000000000000000000000","0.280100000000000","ARCHS4--Coexpression","SUN2"
"DEG_HMVL_ALL","1281","0.786900000000000044","PURB_ARCHS4_PEARSON","PURB","1","300","0.97130000000000005222489107836736366152763366699218750000000000000000000000000000000000000000000000000000000000000000000000000000000000000000000000","1.00000000000000000000000000000000000000000000000000000000000000000000000000000000000000000000000000000000000000000000000000000000000000000000000000000000000","0.280100000000000","ARCHS4--Coexpression","INCENP"
"DEG_HMVL_ALL","1282","0.787499999999999978","THAP8_ARCHS4_PEARSON","THAP8","1","300","0.97130000000000005222489107836736366152763366699218750000000000000000000000000000000000000000000000000000000000000000000000000000000000000000000000","1.00000000000000000000000000000000000000000000000000000000000000000000000000000000000000000000000000000000000000000000000000000000000000000000000000000000000","0.280100000000000","ARCHS4--Coexpression","DTYMK"
"DEG_HMVL_ALL","1283","0.788100000000000023","ZNF532_ARCHS4_PEARSON","ZNF532","1","300","0.97130000000000005222489107836736366152763366699218750000000000000000000000000000000000000000000000000000000000000000000000000000000000000000000000","1.00000000000000000000000000000000000000000000000000000000000000000000000000000000000000000000000000000000000000000000000000000000000000000000000000000000000","0.280100000000000","ARCHS4--Coexpression","DNMT3B"
"DEG_HMVL_ALL","1284","0.788699999999999957","FOXQ1_ARCHS4_PEARSON","FOXQ1","1","300","0.97130000000000005222489107836736366152763366699218750000000000000000000000000000000000000000000000000000000000000000000000000000000000000000000000","1.00000000000000000000000000000000000000000000000000000000000000000000000000000000000000000000000000000000000000000000000000000000000000000000000000000000000","0.280100000000000","ARCHS4--Coexpression","SAPCD2"
"DEG_HMVL_ALL","1285","0.789300000000000002","ZNF174_ARCHS4_PEARSON","ZNF174","1","300","0.97130000000000005222489107836736366152763366699218750000000000000000000000000000000000000000000000000000000000000000000000000000000000000000000000","1.00000000000000000000000000000000000000000000000000000000000000000000000000000000000000000000000000000000000000000000000000000000000000000000000000000000000","0.280100000000000","ARCHS4--Coexpression","BCL2L12"
"DEG_HMVL_ALL","1286","0.789900000000000047","NFYC_ARCHS4_PEARSON","NFYC","1","300","0.97130000000000005222489107836736366152763366699218750000000000000000000000000000000000000000000000000000000000000000000000000000000000000000000000","1.00000000000000000000000000000000000000000000000000000000000000000000000000000000000000000000000000000000000000000000000000000000000000000000000000000000000","0.280100000000000","ARCHS4--Coexpression","CDC20"
"DEG_HMVL_ALL","1287","0.790499999999999980","ZNF331_ARCHS4_PEARSON","ZNF331","1","300","0.97130000000000005222489107836736366152763366699218750000000000000000000000000000000000000000000000000000000000000000000000000000000000000000000000","1.00000000000000000000000000000000000000000000000000000000000000000000000000000000000000000000000000000000000000000000000000000000000000000000000000000000000","0.280100000000000","ARCHS4--Coexpression","PKD1L2"
"DEG_HMVL_ALL","1288","0.791200000000000014","ELF1_ARCHS4_PEARSON","ELF1","1","300","0.97130000000000005222489107836736366152763366699218750000000000000000000000000000000000000000000000000000000000000000000000000000000000000000000000","1.00000000000000000000000000000000000000000000000000000000000000000000000000000000000000000000000000000000000000000000000000000000000000000000000000000000000","0.280100000000000","ARCHS4--Coexpression","PBXIP1"
"DEG_HMVL_ALL","1289","0.791799999999999948","CPEB1_ARCHS4_PEARSON","CPEB1","1","300","0.97130000000000005222489107836736366152763366699218750000000000000000000000000000000000000000000000000000000000000000000000000000000000000000000000","1.00000000000000000000000000000000000000000000000000000000000000000000000000000000000000000000000000000000000000000000000000000000000000000000000000000000000","0.280100000000000","ARCHS4--Coexpression","NABP1"
"DEG_HMVL_ALL","1290","0.792399999999999993","BACH2_ARCHS4_PEARSON","BACH2","1","300","0.97130000000000005222489107836736366152763366699218750000000000000000000000000000000000000000000000000000000000000000000000000000000000000000000000","1.00000000000000000000000000000000000000000000000000000000000000000000000000000000000000000000000000000000000000000000000000000000000000000000000000000000000","0.280100000000000","ARCHS4--Coexpression","NABP1"
"DEG_HMVL_ALL","1291","0.793000000000000038","ZBTB42_ARCHS4_PEARSON","ZBTB42","1","300","0.97130000000000005222489107836736366152763366699218750000000000000000000000000000000000000000000000000000000000000000000000000000000000000000000000","1.00000000000000000000000000000000000000000000000000000000000000000000000000000000000000000000000000000000000000000000000000000000000000000000000000000000000","0.280100000000000","ARCHS4--Coexpression","SAPCD2"
"DEG_HMVL_ALL","1292","0.793599999999999972","NFE2L2_ARCHS4_PEARSON","NFE2L2","1","300","0.97130000000000005222489107836736366152763366699218750000000000000000000000000000000000000000000000000000000000000000000000000000000000000000000000","1.00000000000000000000000000000000000000000000000000000000000000000000000000000000000000000000000000000000000000000000000000000000000000000000000000000000000","0.280100000000000","ARCHS4--Coexpression","TBC1D2"
"DEG_HMVL_ALL","1293","0.794200000000000017","KLF14_ARCHS4_PEARSON","KLF14","1","300","0.97130000000000005222489107836736366152763366699218750000000000000000000000000000000000000000000000000000000000000000000000000000000000000000000000","1.00000000000000000000000000000000000000000000000000000000000000000000000000000000000000000000000000000000000000000000000000000000000000000000000000000000000","0.280100000000000","ARCHS4--Coexpression","UBE2S"
"DEG_HMVL_ALL","1294","0.794799999999999951","ZNF317_ARCHS4_PEARSON","ZNF317","1","300","0.97130000000000005222489107836736366152763366699218750000000000000000000000000000000000000000000000000000000000000000000000000000000000000000000000","1.00000000000000000000000000000000000000000000000000000000000000000000000000000000000000000000000000000000000000000000000000000000000000000000000000000000000","0.280100000000000","ARCHS4--Coexpression","HASPIN"
"DEG_HMVL_ALL","1295","0.795499999999999985","OVOL1_ARCHS4_PEARSON","OVOL1","1","300","0.97130000000000005222489107836736366152763366699218750000000000000000000000000000000000000000000000000000000000000000000000000000000000000000000000","1.00000000000000000000000000000000000000000000000000000000000000000000000000000000000000000000000000000000000000000000000000000000000000000000000000000000000","0.280100000000000","ARCHS4--Coexpression","ALOX12B"
"DEG_HMVL_ALL","1296","0.796100000000000030","GLMP_ARCHS4_PEARSON","GLMP","1","300","0.97130000000000005222489107836736366152763366699218750000000000000000000000000000000000000000000000000000000000000000000000000000000000000000000000","1.00000000000000000000000000000000000000000000000000000000000000000000000000000000000000000000000000000000000000000000000000000000000000000000000000000000000","0.280100000000000","ARCHS4--Coexpression","TBC1D2"
"DEG_HMVL_ALL","1297","0.796699999999999964","TIGD3_ARCHS4_PEARSON","TIGD3","1","300","0.97130000000000005222489107836736366152763366699218750000000000000000000000000000000000000000000000000000000000000000000000000000000000000000000000","1.00000000000000000000000000000000000000000000000000000000000000000000000000000000000000000000000000000000000000000000000000000000000000000000000000000000000","0.280100000000000","ARCHS4--Coexpression","HSH2D"
"DEG_HMVL_ALL","1298","0.797300000000000009","ZNF513_ARCHS4_PEARSON","ZNF513","1","300","0.97130000000000005222489107836736366152763366699218750000000000000000000000000000000000000000000000000000000000000000000000000000000000000000000000","1.00000000000000000000000000000000000000000000000000000000000000000000000000000000000000000000000000000000000000000000000000000000000000000000000000000000000","0.280100000000000","ARCHS4--Coexpression","IZUMO4"
"DEG_HMVL_ALL","1299","0.797900000000000054","MAFA_ARCHS4_PEARSON","MAFA","1","300","0.97130000000000005222489107836736366152763366699218750000000000000000000000000000000000000000000000000000000000000000000000000000000000000000000000","1.00000000000000000000000000000000000000000000000000000000000000000000000000000000000000000000000000000000000000000000000000000000000000000000000000000000000","0.280100000000000","ARCHS4--Coexpression","ABCA5"
"DEG_HMVL_ALL","1300","0.798499999999999988","GSC2_ARCHS4_PEARSON","GSC2","1","300","0.97130000000000005222489107836736366152763366699218750000000000000000000000000000000000000000000000000000000000000000000000000000000000000000000000","1.00000000000000000000000000000000000000000000000000000000000000000000000000000000000000000000000000000000000000000000000000000000000000000000000000000000000","0.280100000000000","ARCHS4--Coexpression","TTK"
"DEG_HMVL_ALL","1301","0.799100000000000033","GATAD2B_ARCHS4_PEARSON","GATAD2B","1","300","0.97130000000000005222489107836736366152763366699218750000000000000000000000000000000000000000000000000000000000000000000000000000000000000000000000","1.00000000000000000000000000000000000000000000000000000000000000000000000000000000000000000000000000000000000000000000000000000000000000000000000000000000000","0.280100000000000","ARCHS4--Coexpression","CDKN1B"
"DEG_HMVL_ALL","1302","0.799799999999999955","EBF3_ARCHS4_PEARSON","EBF3","1","300","0.97130000000000005222489107836736366152763366699218750000000000000000000000000000000000000000000000000000000000000000000000000000000000000000000000","1.00000000000000000000000000000000000000000000000000000000000000000000000000000000000000000000000000000000000000000000000000000000000000000000000000000000000","0.280100000000000","ARCHS4--Coexpression","ARHGAP33"
"DEG_HMVL_ALL","1303","0.800400000000000000","CUX2_ARCHS4_PEARSON","CUX2","1","300","0.97130000000000005222489107836736366152763366699218750000000000000000000000000000000000000000000000000000000000000000000000000000000000000000000000","1.00000000000000000000000000000000000000000000000000000000000000000000000000000000000000000000000000000000000000000000000000000000000000000000000000000000000","0.280100000000000","ARCHS4--Coexpression","ANKRD24"
"DEG_HMVL_ALL","1304","0.801000000000000045","ZNF365_ARCHS4_PEARSON","ZNF365","1","300","0.97130000000000005222489107836736366152763366699218750000000000000000000000000000000000000000000000000000000000000000000000000000000000000000000000","1.00000000000000000000000000000000000000000000000000000000000000000000000000000000000000000000000000000000000000000000000000000000000000000000000000000000000","0.280100000000000","ARCHS4--Coexpression","ANKRD24"
"DEG_HMVL_ALL","1305","0.801599999999999979","XBP1_ARCHS4_PEARSON","XBP1","1","300","0.97130000000000005222489107836736366152763366699218750000000000000000000000000000000000000000000000000000000000000000000000000000000000000000000000","1.00000000000000000000000000000000000000000000000000000000000000000000000000000000000000000000000000000000000000000000000000000000000000000000000000000000000","0.280100000000000","ARCHS4--Coexpression","LURAP1L"
"DEG_HMVL_ALL","1306","0.802200000000000024","ZNF341_ARCHS4_PEARSON","ZNF341","1","300","0.97130000000000005222489107836736366152763366699218750000000000000000000000000000000000000000000000000000000000000000000000000000000000000000000000","1.00000000000000000000000000000000000000000000000000000000000000000000000000000000000000000000000000000000000000000000000000000000000000000000000000000000000","0.280100000000000","ARCHS4--Coexpression","PKD1L2"
"DEG_HMVL_ALL","1307","0.802799999999999958","NR1H3_ARCHS4_PEARSON","NR1H3","1","300","0.97130000000000005222489107836736366152763366699218750000000000000000000000000000000000000000000000000000000000000000000000000000000000000000000000","1.00000000000000000000000000000000000000000000000000000000000000000000000000000000000000000000000000000000000000000000000000000000000000000000000000000000000","0.280100000000000","ARCHS4--Coexpression","TBC1D2"
"DEG_HMVL_ALL","1308","0.803400000000000003","RARA_ARCHS4_PEARSON","RARA","1","300","0.97130000000000005222489107836736366152763366699218750000000000000000000000000000000000000000000000000000000000000000000000000000000000000000000000","1.00000000000000000000000000000000000000000000000000000000000000000000000000000000000000000000000000000000000000000000000000000000000000000000000000000000000","0.280100000000000","ARCHS4--Coexpression","SUN2"
"DEG_HMVL_ALL","1309","0.804100000000000037","PBX2_ARCHS4_PEARSON","PBX2","1","300","0.97130000000000005222489107836736366152763366699218750000000000000000000000000000000000000000000000000000000000000000000000000000000000000000000000","1.00000000000000000000000000000000000000000000000000000000000000000000000000000000000000000000000000000000000000000000000000000000000000000000000000000000000","0.280100000000000","ARCHS4--Coexpression","SUN2"
"DEG_HMVL_ALL","1310","0.804699999999999971","PLAGL1_ARCHS4_PEARSON","PLAGL1","1","300","0.97130000000000005222489107836736366152763366699218750000000000000000000000000000000000000000000000000000000000000000000000000000000000000000000000","1.00000000000000000000000000000000000000000000000000000000000000000000000000000000000000000000000000000000000000000000000000000000000000000000000000000000000","0.280100000000000","ARCHS4--Coexpression","ABCA5"
"DEG_HMVL_ALL","1311","0.805300000000000016","NR4A2_ARCHS4_PEARSON","NR4A2","1","300","0.97130000000000005222489107836736366152763366699218750000000000000000000000000000000000000000000000000000000000000000000000000000000000000000000000","1.00000000000000000000000000000000000000000000000000000000000000000000000000000000000000000000000000000000000000000000000000000000000000000000000000000000000","0.280100000000000","ARCHS4--Coexpression","PKD1L2"
"DEG_HMVL_ALL","1312","0.805899999999999950","ISL1_ARCHS4_PEARSON","ISL1","1","300","0.97130000000000005222489107836736366152763366699218750000000000000000000000000000000000000000000000000000000000000000000000000000000000000000000000","1.00000000000000000000000000000000000000000000000000000000000000000000000000000000000000000000000000000000000000000000000000000000000000000000000000000000000","0.280100000000000","ARCHS4--Coexpression","ABCA5"
"DEG_HMVL_ALL","1313","0.806499999999999995","BARX2_ARCHS4_PEARSON","BARX2","1","300","0.97130000000000005222489107836736366152763366699218750000000000000000000000000000000000000000000000000000000000000000000000000000000000000000000000","1.00000000000000000000000000000000000000000000000000000000000000000000000000000000000000000000000000000000000000000000000000000000000000000000000000000000000","0.280100000000000","ARCHS4--Coexpression","PKD1L2"
"DEG_HMVL_ALL","1314","0.807100000000000040","IRF1_ARCHS4_PEARSON","IRF1","1","300","0.97130000000000005222489107836736366152763366699218750000000000000000000000000000000000000000000000000000000000000000000000000000000000000000000000","1.00000000000000000000000000000000000000000000000000000000000000000000000000000000000000000000000000000000000000000000000000000000000000000000000000000000000","0.280100000000000","ARCHS4--Coexpression","SUN2"
"DEG_HMVL_ALL","1315","0.807699999999999974","ZNF34_ARCHS4_PEARSON","ZNF34","1","300","0.97130000000000005222489107836736366152763366699218750000000000000000000000000000000000000000000000000000000000000000000000000000000000000000000000","1.00000000000000000000000000000000000000000000000000000000000000000000000000000000000000000000000000000000000000000000000000000000000000000000000000000000000","0.280100000000000","ARCHS4--Coexpression","LMNB2"
"DEG_HMVL_ALL","1316","0.808400000000000007","ZNF750_ARCHS4_PEARSON","ZNF750","1","300","0.97130000000000005222489107836736366152763366699218750000000000000000000000000000000000000000000000000000000000000000000000000000000000000000000000","1.00000000000000000000000000000000000000000000000000000000000000000000000000000000000000000000000000000000000000000000000000000000000000000000000000000000000","0.280100000000000","ARCHS4--Coexpression","ALOX12B"
"DEG_HMVL_ALL","1317","0.809000000000000052","ELK3_ARCHS4_PEARSON","ELK3","1","300","0.97130000000000005222489107836736366152763366699218750000000000000000000000000000000000000000000000000000000000000000000000000000000000000000000000","1.00000000000000000000000000000000000000000000000000000000000000000000000000000000000000000000000000000000000000000000000000000000000000000000000000000000000","0.280100000000000","ARCHS4--Coexpression","TMEM158"
"DEG_HMVL_ALL","1318","0.809599999999999986","RFX6_ARCHS4_PEARSON","RFX6","1","300","0.97130000000000005222489107836736366152763366699218750000000000000000000000000000000000000000000000000000000000000000000000000000000000000000000000","1.00000000000000000000000000000000000000000000000000000000000000000000000000000000000000000000000000000000000000000000000000000000000000000000000000000000000","0.280100000000000","ARCHS4--Coexpression","ABCA5"
"DEG_HMVL_ALL","1319","0.810200000000000031","MBNL2_ARCHS4_PEARSON","MBNL2","1","300","0.97130000000000005222489107836736366152763366699218750000000000000000000000000000000000000000000000000000000000000000000000000000000000000000000000","1.00000000000000000000000000000000000000000000000000000000000000000000000000000000000000000000000000000000000000000000000000000000000000000000000000000000000","0.280100000000000","ARCHS4--Coexpression","ABCA5"
"DEG_HMVL_ALL","1320","0.810799999999999965","ZNF408_ARCHS4_PEARSON","ZNF408","1","300","0.97130000000000005222489107836736366152763366699218750000000000000000000000000000000000000000000000000000000000000000000000000000000000000000000000","1.00000000000000000000000000000000000000000000000000000000000000000000000000000000000000000000000000000000000000000000000000000000000000000000000000000000000","0.280100000000000","ARCHS4--Coexpression","DDX39A"
"DEG_HMVL_ALL","1321","0.811400000000000010","ZBTB45_ARCHS4_PEARSON","ZBTB45","1","300","0.97130000000000005222489107836736366152763366699218750000000000000000000000000000000000000000000000000000000000000000000000000000000000000000000000","1.00000000000000000000000000000000000000000000000000000000000000000000000000000000000000000000000000000000000000000000000000000000000000000000000000000000000","0.280100000000000","ARCHS4--Coexpression","RECQL4"
"DEG_HMVL_ALL","1322","0.812000000000000055","FOXO3_ARCHS4_PEARSON","FOXO3","1","300","0.97130000000000005222489107836736366152763366699218750000000000000000000000000000000000000000000000000000000000000000000000000000000000000000000000","1.00000000000000000000000000000000000000000000000000000000000000000000000000000000000000000000000000000000000000000000000000000000000000000000000000000000000","0.280100000000000","ARCHS4--Coexpression","CALCOCO1"
"DEG_HMVL_ALL","1323","0.812699999999999978","ZBTB40_ARCHS4_PEARSON","ZBTB40","1","300","0.97130000000000005222489107836736366152763366699218750000000000000000000000000000000000000000000000000000000000000000000000000000000000000000000000","1.00000000000000000000000000000000000000000000000000000000000000000000000000000000000000000000000000000000000000000000000000000000000000000000000000000000000","0.280100000000000","ARCHS4--Coexpression","SUN2"
"DEG_HMVL_ALL","1324","0.813300000000000023","BORCS8MEF2B_ARCHS4_PEARSON","BORCS8MEF2B","1","300","0.97130000000000005222489107836736366152763366699218750000000000000000000000000000000000000000000000000000000000000000000000000000000000000000000000","1.00000000000000000000000000000000000000000000000000000000000000000000000000000000000000000000000000000000000000000000000000000000000000000000000000000000000","0.280100000000000","ARCHS4--Coexpression","SUN2"
"DEG_HMVL_ALL","1325","0.813899999999999957","ZNF697_ARCHS4_PEARSON","ZNF697","1","300","0.97130000000000005222489107836736366152763366699218750000000000000000000000000000000000000000000000000000000000000000000000000000000000000000000000","1.00000000000000000000000000000000000000000000000000000000000000000000000000000000000000000000000000000000000000000000000000000000000000000000000000000000000","0.280100000000000","ARCHS4--Coexpression","LMNB2"
"DEG_HMVL_ALL","1326","0.814500000000000002","ZNF805_ARCHS4_PEARSON","ZNF805","1","300","0.97130000000000005222489107836736366152763366699218750000000000000000000000000000000000000000000000000000000000000000000000000000000000000000000000","1.00000000000000000000000000000000000000000000000000000000000000000000000000000000000000000000000000000000000000000000000000000000000000000000000000000000000","0.280100000000000","ARCHS4--Coexpression","KIF20B"
"DEG_HMVL_ALL","1327","0.815100000000000047","SP2_ARCHS4_PEARSON","SP2","1","300","0.97130000000000005222489107836736366152763366699218750000000000000000000000000000000000000000000000000000000000000000000000000000000000000000000000","1.00000000000000000000000000000000000000000000000000000000000000000000000000000000000000000000000000000000000000000000000000000000000000000000000000000000000","0.280100000000000","ARCHS4--Coexpression","SUN2"
"DEG_HMVL_ALL","1328","0.815699999999999981","HOXA3_ARCHS4_PEARSON","HOXA3","1","300","0.97130000000000005222489107836736366152763366699218750000000000000000000000000000000000000000000000000000000000000000000000000000000000000000000000","1.00000000000000000000000000000000000000000000000000000000000000000000000000000000000000000000000000000000000000000000000000000000000000000000000000000000000","0.280100000000000","ARCHS4--Coexpression","IQGAP3"
"DEG_HMVL_ALL","1329","0.816300000000000026","SETBP1_ARCHS4_PEARSON","SETBP1","1","300","0.97130000000000005222489107836736366152763366699218750000000000000000000000000000000000000000000000000000000000000000000000000000000000000000000000","1.00000000000000000000000000000000000000000000000000000000000000000000000000000000000000000000000000000000000000000000000000000000000000000000000000000000000","0.280100000000000","ARCHS4--Coexpression","NUDT3"
"DEG_HMVL_ALL","1330","0.816999999999999948","EGR4_ARCHS4_PEARSON","EGR4","1","300","0.97130000000000005222489107836736366152763366699218750000000000000000000000000000000000000000000000000000000000000000000000000000000000000000000000","1.00000000000000000000000000000000000000000000000000000000000000000000000000000000000000000000000000000000000000000000000000000000000000000000000000000000000","0.280100000000000","ARCHS4--Coexpression","SGSM1"
"DEG_HMVL_ALL","1331","0.817599999999999993","ZNF652_ARCHS4_PEARSON","ZNF652","1","300","0.97130000000000005222489107836736366152763366699218750000000000000000000000000000000000000000000000000000000000000000000000000000000000000000000000","1.00000000000000000000000000000000000000000000000000000000000000000000000000000000000000000000000000000000000000000000000000000000000000000000000000000000000","0.280100000000000","ARCHS4--Coexpression","LMNB2"
"DEG_HMVL_ALL","1332","0.818200000000000038","IRX4_ARCHS4_PEARSON","IRX4","1","300","0.97130000000000005222489107836736366152763366699218750000000000000000000000000000000000000000000000000000000000000000000000000000000000000000000000","1.00000000000000000000000000000000000000000000000000000000000000000000000000000000000000000000000000000000000000000000000000000000000000000000000000000000000","0.280100000000000","ARCHS4--Coexpression","COL7A1"
"DEG_HMVL_ALL","1333","0.818799999999999972","ZNF217_ARCHS4_PEARSON","ZNF217","1","300","0.97130000000000005222489107836736366152763366699218750000000000000000000000000000000000000000000000000000000000000000000000000000000000000000000000","1.00000000000000000000000000000000000000000000000000000000000000000000000000000000000000000000000000000000000000000000000000000000000000000000000000000000000","0.280100000000000","ARCHS4--Coexpression","CDKN1B"
"DEG_HMVL_ALL","1334","0.819400000000000017","MLX_ARCHS4_PEARSON","MLX","1","300","0.97130000000000005222489107836736366152763366699218750000000000000000000000000000000000000000000000000000000000000000000000000000000000000000000000","1.00000000000000000000000000000000000000000000000000000000000000000000000000000000000000000000000000000000000000000000000000000000000000000000000000000000000","0.280100000000000","ARCHS4--Coexpression","DDX39A"
"DEG_HMVL_ALL","1335","0.819999999999999951","ZMAT4_ARCHS4_PEARSON","ZMAT4","1","300","0.97130000000000005222489107836736366152763366699218750000000000000000000000000000000000000000000000000000000000000000000000000000000000000000000000","1.00000000000000000000000000000000000000000000000000000000000000000000000000000000000000000000000000000000000000000000000000000000000000000000000000000000000","0.280100000000000","ARCHS4--Coexpression","RNFT2"
"DEG_HMVL_ALL","1336","0.820599999999999996","ZNF576_ARCHS4_PEARSON","ZNF576","1","300","0.97130000000000005222489107836736366152763366699218750000000000000000000000000000000000000000000000000000000000000000000000000000000000000000000000","1.00000000000000000000000000000000000000000000000000000000000000000000000000000000000000000000000000000000000000000000000000000000000000000000000000000000000","0.280100000000000","ARCHS4--Coexpression","DTYMK"
"DEG_HMVL_ALL","1337","0.821300000000000030","JRKL_ARCHS4_PEARSON","JRKL","1","300","0.97130000000000005222489107836736366152763366699218750000000000000000000000000000000000000000000000000000000000000000000000000000000000000000000000","1.00000000000000000000000000000000000000000000000000000000000000000000000000000000000000000000000000000000000000000000000000000000000000000000000000000000000","0.280100000000000","ARCHS4--Coexpression","ODF2"
"DEG_HMVL_ALL","1338","0.821899999999999964","TBX2_ARCHS4_PEARSON","TBX2","1","300","0.97130000000000005222489107836736366152763366699218750000000000000000000000000000000000000000000000000000000000000000000000000000000000000000000000","1.00000000000000000000000000000000000000000000000000000000000000000000000000000000000000000000000000000000000000000000000000000000000000000000000000000000000","0.280100000000000","ARCHS4--Coexpression","CDCA3"
"DEG_HMVL_ALL","1339","0.822500000000000009","NHLH2_ARCHS4_PEARSON","NHLH2","1","300","0.97130000000000005222489107836736366152763366699218750000000000000000000000000000000000000000000000000000000000000000000000000000000000000000000000","1.00000000000000000000000000000000000000000000000000000000000000000000000000000000000000000000000000000000000000000000000000000000000000000000000000000000000","0.280100000000000","ARCHS4--Coexpression","TUBA1C"
"DEG_HMVL_ALL","1340","0.823100000000000054","SIM1_ARCHS4_PEARSON","SIM1","1","300","0.97130000000000005222489107836736366152763366699218750000000000000000000000000000000000000000000000000000000000000000000000000000000000000000000000","1.00000000000000000000000000000000000000000000000000000000000000000000000000000000000000000000000000000000000000000000000000000000000000000000000000000000000","0.280100000000000","ARCHS4--Coexpression","ABCA5"
"DEG_HMVL_ALL","1341","0.823699999999999988","STAT5A_ARCHS4_PEARSON","STAT5A","1","300","0.97130000000000005222489107836736366152763366699218750000000000000000000000000000000000000000000000000000000000000000000000000000000000000000000000","1.00000000000000000000000000000000000000000000000000000000000000000000000000000000000000000000000000000000000000000000000000000000000000000000000000000000000","0.280100000000000","ARCHS4--Coexpression","SUN2"
"DEG_HMVL_ALL","1342","0.824300000000000033","BPTF_ARCHS4_PEARSON","BPTF","1","300","0.97130000000000005222489107836736366152763366699218750000000000000000000000000000000000000000000000000000000000000000000000000000000000000000000000","1.00000000000000000000000000000000000000000000000000000000000000000000000000000000000000000000000000000000000000000000000000000000000000000000000000000000000","0.280100000000000","ARCHS4--Coexpression","CENPF"
"DEG_HMVL_ALL","1343","0.824899999999999967","ZNF189_ARCHS4_PEARSON","ZNF189","1","300","0.97130000000000005222489107836736366152763366699218750000000000000000000000000000000000000000000000000000000000000000000000000000000000000000000000","1.00000000000000000000000000000000000000000000000000000000000000000000000000000000000000000000000000000000000000000000000000000000000000000000000000000000000","0.280100000000000","ARCHS4--Coexpression","ABCA5"
"DEG_HMVL_ALL","1344","0.825600000000000001","LTF_ARCHS4_PEARSON","LTF","1","300","0.97130000000000005222489107836736366152763366699218750000000000000000000000000000000000000000000000000000000000000000000000000000000000000000000000","1.00000000000000000000000000000000000000000000000000000000000000000000000000000000000000000000000000000000000000000000000000000000000000000000000000000000000","0.280100000000000","ARCHS4--Coexpression","SUN2"
"DEG_HMVL_ALL","1345","0.826200000000000045","IRF6_ARCHS4_PEARSON","IRF6","1","300","0.97130000000000005222489107836736366152763366699218750000000000000000000000000000000000000000000000000000000000000000000000000000000000000000000000","1.00000000000000000000000000000000000000000000000000000000000000000000000000000000000000000000000000000000000000000000000000000000000000000000000000000000000","0.280100000000000","ARCHS4--Coexpression","COL7A1"
"DEG_HMVL_ALL","1346","0.826799999999999979","IRX1_ARCHS4_PEARSON","IRX1","1","300","0.97130000000000005222489107836736366152763366699218750000000000000000000000000000000000000000000000000000000000000000000000000000000000000000000000","1.00000000000000000000000000000000000000000000000000000000000000000000000000000000000000000000000000000000000000000000000000000000000000000000000000000000000","0.280100000000000","ARCHS4--Coexpression","ARHGAP33"
"DEG_HMVL_ALL","1347","0.827400000000000024","FOXA1_ARCHS4_PEARSON","FOXA1","1","300","0.97130000000000005222489107836736366152763366699218750000000000000000000000000000000000000000000000000000000000000000000000000000000000000000000000","1.00000000000000000000000000000000000000000000000000000000000000000000000000000000000000000000000000000000000000000000000000000000000000000000000000000000000","0.280100000000000","ARCHS4--Coexpression","SAPCD2"
"DEG_HMVL_ALL","1348","0.827999999999999958","RARG_ARCHS4_PEARSON","RARG","1","300","0.97130000000000005222489107836736366152763366699218750000000000000000000000000000000000000000000000000000000000000000000000000000000000000000000000","1.00000000000000000000000000000000000000000000000000000000000000000000000000000000000000000000000000000000000000000000000000000000000000000000000000000000000","0.280100000000000","ARCHS4--Coexpression","LMNB2"
"DEG_HMVL_ALL","1349","0.828600000000000003","ELF4_ARCHS4_PEARSON","ELF4","1","300","0.97130000000000005222489107836736366152763366699218750000000000000000000000000000000000000000000000000000000000000000000000000000000000000000000000","1.00000000000000000000000000000000000000000000000000000000000000000000000000000000000000000000000000000000000000000000000000000000000000000000000000000000000","0.280100000000000","ARCHS4--Coexpression","SUN2"
"DEG_HMVL_ALL","1350","0.829200000000000048","ZNF671_ARCHS4_PEARSON","ZNF671","1","300","0.97130000000000005222489107836736366152763366699218750000000000000000000000000000000000000000000000000000000000000000000000000000000000000000000000","1.00000000000000000000000000000000000000000000000000000000000000000000000000000000000000000000000000000000000000000000000000000000000000000000000000000000000","0.280100000000000","ARCHS4--Coexpression","LMNB2"
"DEG_HMVL_ALL","1351","0.829899999999999971","IRF4_ARCHS4_PEARSON","IRF4","1","300","0.97130000000000005222489107836736366152763366699218750000000000000000000000000000000000000000000000000000000000000000000000000000000000000000000000","1.00000000000000000000000000000000000000000000000000000000000000000000000000000000000000000000000000000000000000000000000000000000000000000000000000000000000","0.280100000000000","ARCHS4--Coexpression","IZUMO4"
"DEG_HMVL_ALL","1352","0.830500000000000016","SOX30_ARCHS4_PEARSON","SOX30","1","300","0.97130000000000005222489107836736366152763366699218750000000000000000000000000000000000000000000000000000000000000000000000000000000000000000000000","1.00000000000000000000000000000000000000000000000000000000000000000000000000000000000000000000000000000000000000000000000000000000000000000000000000000000000","0.280100000000000","ARCHS4--Coexpression","ODF2"
"DEG_HMVL_ALL","1353","0.831099999999999950","PHF21A_ARCHS4_PEARSON","PHF21A","1","300","0.97130000000000005222489107836736366152763366699218750000000000000000000000000000000000000000000000000000000000000000000000000000000000000000000000","1.00000000000000000000000000000000000000000000000000000000000000000000000000000000000000000000000000000000000000000000000000000000000000000000000000000000000","0.280100000000000","ARCHS4--Coexpression","SUN2"
"DEG_HMVL_ALL","1354","0.831699999999999995","ZNF502_ARCHS4_PEARSON","ZNF502","1","300","0.97130000000000005222489107836736366152763366699218750000000000000000000000000000000000000000000000000000000000000000000000000000000000000000000000","1.00000000000000000000000000000000000000000000000000000000000000000000000000000000000000000000000000000000000000000000000000000000000000000000000000000000000","0.280100000000000","ARCHS4--Coexpression","NUDT3"
"DEG_HMVL_ALL","1355","0.832300000000000040","MNT_ARCHS4_PEARSON","MNT","1","300","0.97130000000000005222489107836736366152763366699218750000000000000000000000000000000000000000000000000000000000000000000000000000000000000000000000","1.00000000000000000000000000000000000000000000000000000000000000000000000000000000000000000000000000000000000000000000000000000000000000000000000000000000000","0.280100000000000","ARCHS4--Coexpression","TTLL3"
"DEG_HMVL_ALL","1356","0.832899999999999974","POU3F1_ARCHS4_PEARSON","POU3F1","1","300","0.97130000000000005222489107836736366152763366699218750000000000000000000000000000000000000000000000000000000000000000000000000000000000000000000000","1.00000000000000000000000000000000000000000000000000000000000000000000000000000000000000000000000000000000000000000000000000000000000000000000000000000000000","0.280100000000000","ARCHS4--Coexpression","ARHGAP33"
"DEG_HMVL_ALL","1357","0.833500000000000019","ZBED9_ARCHS4_PEARSON","ZBED9","1","300","0.97130000000000005222489107836736366152763366699218750000000000000000000000000000000000000000000000000000000000000000000000000000000000000000000000","1.00000000000000000000000000000000000000000000000000000000000000000000000000000000000000000000000000000000000000000000000000000000000000000000000000000000000","0.280100000000000","ARCHS4--Coexpression","ALOX12B"
"DEG_HMVL_ALL","1358","0.834200000000000053","ZBTB7B_ARCHS4_PEARSON","ZBTB7B","1","300","0.97130000000000005222489107836736366152763366699218750000000000000000000000000000000000000000000000000000000000000000000000000000000000000000000000","1.00000000000000000000000000000000000000000000000000000000000000000000000000000000000000000000000000000000000000000000000000000000000000000000000000000000000","0.280100000000000","ARCHS4--Coexpression","SUN2"
"DEG_HMVL_ALL","1359","0.834799999999999986","ESRRB_ARCHS4_PEARSON","ESRRB","1","300","0.97130000000000005222489107836736366152763366699218750000000000000000000000000000000000000000000000000000000000000000000000000000000000000000000000","1.00000000000000000000000000000000000000000000000000000000000000000000000000000000000000000000000000000000000000000000000000000000000000000000000000000000000","0.280100000000000","ARCHS4--Coexpression","CDC45"
"DEG_HMVL_ALL","1360","0.835400000000000031","ZNF705E_ARCHS4_PEARSON","ZNF705E","1","300","0.97130000000000005222489107836736366152763366699218750000000000000000000000000000000000000000000000000000000000000000000000000000000000000000000000","1.00000000000000000000000000000000000000000000000000000000000000000000000000000000000000000000000000000000000000000000000000000000000000000000000000000000000","0.280100000000000","ARCHS4--Coexpression","SLC6A16"
"DEG_HMVL_ALL","1361","0.835999999999999965","EOMES_ARCHS4_PEARSON","EOMES","1","300","0.97130000000000005222489107836736366152763366699218750000000000000000000000000000000000000000000000000000000000000000000000000000000000000000000000","1.00000000000000000000000000000000000000000000000000000000000000000000000000000000000000000000000000000000000000000000000000000000000000000000000000000000000","0.280100000000000","ARCHS4--Coexpression","CENPE"
"DEG_HMVL_ALL","1362","0.836600000000000010","ZNF628_ARCHS4_PEARSON","ZNF628","1","300","0.97130000000000005222489107836736366152763366699218750000000000000000000000000000000000000000000000000000000000000000000000000000000000000000000000","1.00000000000000000000000000000000000000000000000000000000000000000000000000000000000000000000000000000000000000000000000000000000000000000000000000000000000","0.280100000000000","ARCHS4--Coexpression","LMNB2"
"DEG_HMVL_ALL","1363","0.837200000000000055","EHF_ARCHS4_PEARSON","EHF","1","300","0.97130000000000005222489107836736366152763366699218750000000000000000000000000000000000000000000000000000000000000000000000000000000000000000000000","1.00000000000000000000000000000000000000000000000000000000000000000000000000000000000000000000000000000000000000000000000000000000000000000000000000000000000","0.280100000000000","ARCHS4--Coexpression","DNAH5"
"DEG_HMVL_ALL","1364","0.837799999999999989","KMT2A_ARCHS4_PEARSON","KMT2A","1","300","0.97130000000000005222489107836736366152763366699218750000000000000000000000000000000000000000000000000000000000000000000000000000000000000000000000","1.00000000000000000000000000000000000000000000000000000000000000000000000000000000000000000000000000000000000000000000000000000000000000000000000000000000000","0.280100000000000","ARCHS4--Coexpression","CIT"
"DEG_HMVL_ALL","1365","0.838500000000000023","CSRNP3_ARCHS4_PEARSON","CSRNP3","1","300","0.97130000000000005222489107836736366152763366699218750000000000000000000000000000000000000000000000000000000000000000000000000000000000000000000000","1.00000000000000000000000000000000000000000000000000000000000000000000000000000000000000000000000000000000000000000000000000000000000000000000000000000000000","0.280100000000000","ARCHS4--Coexpression","NUDT3"
"DEG_HMVL_ALL","1366","0.839099999999999957","ZNF705A_ARCHS4_PEARSON","ZNF705A","1","300","0.97130000000000005222489107836736366152763366699218750000000000000000000000000000000000000000000000000000000000000000000000000000000000000000000000","1.00000000000000000000000000000000000000000000000000000000000000000000000000000000000000000000000000000000000000000000000000000000000000000000000000000000000","0.280100000000000","ARCHS4--Coexpression","DEPDC1B"
"DEG_HMVL_ALL","1367","0.839700000000000002","CBLL2_ARCHS4_PEARSON","CBLL2","1","300","0.97130000000000005222489107836736366152763366699218750000000000000000000000000000000000000000000000000000000000000000000000000000000000000000000000","1.00000000000000000000000000000000000000000000000000000000000000000000000000000000000000000000000000000000000000000000000000000000000000000000000000000000000","0.280100000000000","ARCHS4--Coexpression","DEPDC1B"
"DEG_HMVL_ALL","1368","0.840300000000000047","DACH1_ARCHS4_PEARSON","DACH1","1","300","0.97130000000000005222489107836736366152763366699218750000000000000000000000000000000000000000000000000000000000000000000000000000000000000000000000","1.00000000000000000000000000000000000000000000000000000000000000000000000000000000000000000000000000000000000000000000000000000000000000000000000000000000000","0.280100000000000","ARCHS4--Coexpression","RNFT2"
"DEG_HMVL_ALL","1369","0.840899999999999981","ZSCAN5C_ARCHS4_PEARSON","ZSCAN5C","1","300","0.97130000000000005222489107836736366152763366699218750000000000000000000000000000000000000000000000000000000000000000000000000000000000000000000000","1.00000000000000000000000000000000000000000000000000000000000000000000000000000000000000000000000000000000000000000000000000000000000000000000000000000000000","0.280100000000000","ARCHS4--Coexpression","CDC20"
"DEG_HMVL_ALL","1370","0.841500000000000026","ZNF80_ARCHS4_PEARSON","ZNF80","1","300","0.97130000000000005222489107836736366152763366699218750000000000000000000000000000000000000000000000000000000000000000000000000000000000000000000000","1.00000000000000000000000000000000000000000000000000000000000000000000000000000000000000000000000000000000000000000000000000000000000000000000000000000000000","0.280100000000000","ARCHS4--Coexpression","PKD1L2"
"DEG_HMVL_ALL","1371","0.842099999999999960","KDM5B_ARCHS4_PEARSON","KDM5B","1","300","0.97130000000000005222489107836736366152763366699218750000000000000000000000000000000000000000000000000000000000000000000000000000000000000000000000","1.00000000000000000000000000000000000000000000000000000000000000000000000000000000000000000000000000000000000000000000000000000000000000000000000000000000000","0.280100000000000","ARCHS4--Coexpression","DNMT3B"
"DEG_HMVL_ALL","1372","0.842799999999999994","ZNF607_ARCHS4_PEARSON","ZNF607","1","300","0.97130000000000005222489107836736366152763366699218750000000000000000000000000000000000000000000000000000000000000000000000000000000000000000000000","1.00000000000000000000000000000000000000000000000000000000000000000000000000000000000000000000000000000000000000000000000000000000000000000000000000000000000","0.280100000000000","ARCHS4--Coexpression","DNMT3B"
"DEG_HMVL_ALL","1373","0.843400000000000039","NEUROD1_ARCHS4_PEARSON","NEUROD1","1","300","0.97130000000000005222489107836736366152763366699218750000000000000000000000000000000000000000000000000000000000000000000000000000000000000000000000","1.00000000000000000000000000000000000000000000000000000000000000000000000000000000000000000000000000000000000000000000000000000000000000000000000000000000000","0.280100000000000","ARCHS4--Coexpression","ABCA5"
"DEG_HMVL_ALL","1374","0.843999999999999972","STAT1_ARCHS4_PEARSON","STAT1","1","300","0.97130000000000005222489107836736366152763366699218750000000000000000000000000000000000000000000000000000000000000000000000000000000000000000000000","1.00000000000000000000000000000000000000000000000000000000000000000000000000000000000000000000000000000000000000000000000000000000000000000000000000000000000","0.280100000000000","ARCHS4--Coexpression","SUN2"
"DEG_HMVL_ALL","1375","0.844600000000000017","GPBP1L1_ARCHS4_PEARSON","GPBP1L1","1","300","0.97130000000000005222489107836736366152763366699218750000000000000000000000000000000000000000000000000000000000000000000000000000000000000000000000","1.00000000000000000000000000000000000000000000000000000000000000000000000000000000000000000000000000000000000000000000000000000000000000000000000000000000000","0.280100000000000","ARCHS4--Coexpression","RAD21"
"DEG_HMVL_ALL","1376","0.845199999999999951","ZFP28_ARCHS4_PEARSON","ZFP28","1","300","0.97130000000000005222489107836736366152763366699218750000000000000000000000000000000000000000000000000000000000000000000000000000000000000000000000","1.00000000000000000000000000000000000000000000000000000000000000000000000000000000000000000000000000000000000000000000000000000000000000000000000000000000000","0.280100000000000","ARCHS4--Coexpression","NUDT3"
"DEG_HMVL_ALL","1377","0.845799999999999996","ZFP57_ARCHS4_PEARSON","ZFP57","1","300","0.97130000000000005222489107836736366152763366699218750000000000000000000000000000000000000000000000000000000000000000000000000000000000000000000000","1.00000000000000000000000000000000000000000000000000000000000000000000000000000000000000000000000000000000000000000000000000000000000000000000000000000000000","0.280100000000000","ARCHS4--Coexpression","MIF4GD"
"DEG_HMVL_ALL","1378","0.846400000000000041","FOXO6_ARCHS4_PEARSON","FOXO6","1","300","0.97130000000000005222489107836736366152763366699218750000000000000000000000000000000000000000000000000000000000000000000000000000000000000000000000","1.00000000000000000000000000000000000000000000000000000000000000000000000000000000000000000000000000000000000000000000000000000000000000000000000000000000000","0.280100000000000","ARCHS4--Coexpression","RECQL4"
"DEG_HMVL_ALL","1379","0.847099999999999964","TFEB_ARCHS4_PEARSON","TFEB","1","300","0.97130000000000005222489107836736366152763366699218750000000000000000000000000000000000000000000000000000000000000000000000000000000000000000000000","1.00000000000000000000000000000000000000000000000000000000000000000000000000000000000000000000000000000000000000000000000000000000000000000000000000000000000","0.280100000000000","ARCHS4--Coexpression","SUN2"
"DEG_HMVL_ALL","1380","0.847700000000000009","CEBPB_ARCHS4_PEARSON","CEBPB","1","300","0.97130000000000005222489107836736366152763366699218750000000000000000000000000000000000000000000000000000000000000000000000000000000000000000000000","1.00000000000000000000000000000000000000000000000000000000000000000000000000000000000000000000000000000000000000000000000000000000000000000000000000000000000","0.280100000000000","ARCHS4--Coexpression","TBC1D2"
"DEG_HMVL_ALL","1381","0.848300000000000054","DBP_ARCHS4_PEARSON","DBP","1","300","0.97130000000000005222489107836736366152763366699218750000000000000000000000000000000000000000000000000000000000000000000000000000000000000000000000","1.00000000000000000000000000000000000000000000000000000000000000000000000000000000000000000000000000000000000000000000000000000000000000000000000000000000000","0.280100000000000","ARCHS4--Coexpression","PKD1L2"
"DEG_HMVL_ALL","1382","0.848899999999999988","ZNF385B_ARCHS4_PEARSON","ZNF385B","1","300","0.97130000000000005222489107836736366152763366699218750000000000000000000000000000000000000000000000000000000000000000000000000000000000000000000000","1.00000000000000000000000000000000000000000000000000000000000000000000000000000000000000000000000000000000000000000000000000000000000000000000000000000000000","0.280100000000000","ARCHS4--Coexpression","ANKRD24"
"DEG_HMVL_ALL","1383","0.849500000000000033","MIXL1_ARCHS4_PEARSON","MIXL1","1","300","0.97130000000000005222489107836736366152763366699218750000000000000000000000000000000000000000000000000000000000000000000000000000000000000000000000","1.00000000000000000000000000000000000000000000000000000000000000000000000000000000000000000000000000000000000000000000000000000000000000000000000000000000000","0.280100000000000","ARCHS4--Coexpression","PKD1L2"
"DEG_HMVL_ALL","1384","0.850099999999999967","PBX4_ARCHS4_PEARSON","PBX4","1","300","0.97130000000000005222489107836736366152763366699218750000000000000000000000000000000000000000000000000000000000000000000000000000000000000000000000","1.00000000000000000000000000000000000000000000000000000000000000000000000000000000000000000000000000000000000000000000000000000000000000000000000000000000000","0.280100000000000","ARCHS4--Coexpression","PBXIP1"
"DEG_HMVL_ALL","1385","0.850700000000000012","ATF5_ARCHS4_PEARSON","ATF5","1","300","0.97130000000000005222489107836736366152763366699218750000000000000000000000000000000000000000000000000000000000000000000000000000000000000000000000","1.00000000000000000000000000000000000000000000000000000000000000000000000000000000000000000000000000000000000000000000000000000000000000000000000000000000000","0.280100000000000","ARCHS4--Coexpression","MST1"
"DEG_HMVL_ALL","1386","0.851400000000000046","INSM1_ARCHS4_PEARSON","INSM1","1","300","0.97130000000000005222489107836736366152763366699218750000000000000000000000000000000000000000000000000000000000000000000000000000000000000000000000","1.00000000000000000000000000000000000000000000000000000000000000000000000000000000000000000000000000000000000000000000000000000000000000000000000000000000000","0.280100000000000","ARCHS4--Coexpression","ARHGAP33"
"DEG_HMVL_ALL","1387","0.851999999999999980","ZNF541_ARCHS4_PEARSON","ZNF541","1","300","0.97130000000000005222489107836736366152763366699218750000000000000000000000000000000000000000000000000000000000000000000000000000000000000000000000","1.00000000000000000000000000000000000000000000000000000000000000000000000000000000000000000000000000000000000000000000000000000000000000000000000000000000000","0.280100000000000","ARCHS4--Coexpression","IZUMO4"
"DEG_HMVL_ALL","1388","0.852600000000000025","NR1D2_ARCHS4_PEARSON","NR1D2","1","300","0.97130000000000005222489107836736366152763366699218750000000000000000000000000000000000000000000000000000000000000000000000000000000000000000000000","1.00000000000000000000000000000000000000000000000000000000000000000000000000000000000000000000000000000000000000000000000000000000000000000000000000000000000","0.280100000000000","ARCHS4--Coexpression","CDKN1B"
"DEG_HMVL_ALL","1389","0.853199999999999958","CCDC169SOHLH2_ARCHS4_PEARSON","CCDC169SOHLH2","1","300","0.97130000000000005222489107836736366152763366699218750000000000000000000000000000000000000000000000000000000000000000000000000000000000000000000000","1.00000000000000000000000000000000000000000000000000000000000000000000000000000000000000000000000000000000000000000000000000000000000000000000000000000000000","0.280100000000000","ARCHS4--Coexpression","ODF2"
"DEG_HMVL_ALL","1390","0.853800000000000003","ZNF688_ARCHS4_PEARSON","ZNF688","1","300","0.97130000000000005222489107836736366152763366699218750000000000000000000000000000000000000000000000000000000000000000000000000000000000000000000000","1.00000000000000000000000000000000000000000000000000000000000000000000000000000000000000000000000000000000000000000000000000000000000000000000000000000000000","0.280100000000000","ARCHS4--Coexpression","NABP1"
"DEG_HMVL_ALL","1391","0.854400000000000048","ZBTB17_ARCHS4_PEARSON","ZBTB17","1","300","0.97130000000000005222489107836736366152763366699218750000000000000000000000000000000000000000000000000000000000000000000000000000000000000000000000","1.00000000000000000000000000000000000000000000000000000000000000000000000000000000000000000000000000000000000000000000000000000000000000000000000000000000000","0.280100000000000","ARCHS4--Coexpression","SUN2"
"DEG_HMVL_ALL","1392","0.854999999999999982","STAT2_ARCHS4_PEARSON","STAT2","1","300","0.97130000000000005222489107836736366152763366699218750000000000000000000000000000000000000000000000000000000000000000000000000000000000000000000000","1.00000000000000000000000000000000000000000000000000000000000000000000000000000000000000000000000000000000000000000000000000000000000000000000000000000000000","0.280100000000000","ARCHS4--Coexpression","SUN2"
"DEG_HMVL_ALL","1393","0.855700000000000016","NEUROD2_ARCHS4_PEARSON","NEUROD2","1","300","0.97130000000000005222489107836736366152763366699218750000000000000000000000000000000000000000000000000000000000000000000000000000000000000000000000","1.00000000000000000000000000000000000000000000000000000000000000000000000000000000000000000000000000000000000000000000000000000000000000000000000000000000000","0.280100000000000","ARCHS4--Coexpression","NABP1"
"DEG_HMVL_ALL","1394","0.856299999999999950","SP8_ARCHS4_PEARSON","SP8","1","300","0.97130000000000005222489107836736366152763366699218750000000000000000000000000000000000000000000000000000000000000000000000000000000000000000000000","1.00000000000000000000000000000000000000000000000000000000000000000000000000000000000000000000000000000000000000000000000000000000000000000000000000000000000","0.280100000000000","ARCHS4--Coexpression","LMNB2"
"DEG_HMVL_ALL","1395","0.856899999999999995","FEV_ARCHS4_PEARSON","FEV","1","300","0.97130000000000005222489107836736366152763366699218750000000000000000000000000000000000000000000000000000000000000000000000000000000000000000000000","1.00000000000000000000000000000000000000000000000000000000000000000000000000000000000000000000000000000000000000000000000000000000000000000000000000000000000","0.280100000000000","ARCHS4--Coexpression","SGSM1"
"DEG_HMVL_ALL","1396","0.857500000000000040","PAX7_ARCHS4_PEARSON","PAX7","1","300","0.97130000000000005222489107836736366152763366699218750000000000000000000000000000000000000000000000000000000000000000000000000000000000000000000000","1.00000000000000000000000000000000000000000000000000000000000000000000000000000000000000000000000000000000000000000000000000000000000000000000000000000000000","0.280100000000000","ARCHS4--Coexpression","ARHGAP33"
"DEG_HMVL_ALL","1397","0.858099999999999974","ZXDC_ARCHS4_PEARSON","ZXDC","1","300","0.97130000000000005222489107836736366152763366699218750000000000000000000000000000000000000000000000000000000000000000000000000000000000000000000000","1.00000000000000000000000000000000000000000000000000000000000000000000000000000000000000000000000000000000000000000000000000000000000000000000000000000000000","0.280100000000000","ARCHS4--Coexpression","SUN2"
"DEG_HMVL_ALL","1398","0.858700000000000019","E4F1_ARCHS4_PEARSON","E4F1","1","300","0.97130000000000005222489107836736366152763366699218750000000000000000000000000000000000000000000000000000000000000000000000000000000000000000000000","1.00000000000000000000000000000000000000000000000000000000000000000000000000000000000000000000000000000000000000000000000000000000000000000000000000000000000","0.280100000000000","ARCHS4--Coexpression","RECQL4"
"DEG_HMVL_ALL","1399","0.859299999999999953","RORC_ARCHS4_PEARSON","RORC","1","300","0.97130000000000005222489107836736366152763366699218750000000000000000000000000000000000000000000000000000000000000000000000000000000000000000000000","1.00000000000000000000000000000000000000000000000000000000000000000000000000000000000000000000000000000000000000000000000000000000000000000000000000000000000","0.280100000000000","ARCHS4--Coexpression","MST1"
"DEG_HMVL_ALL","1400","0.859999999999999987","ZNF776_ARCHS4_PEARSON","ZNF776","0","300","1.00000000000000000000000000000000000000000000000000000000000000000000000000000000000000000000000000000000000000000000000000000000000000000000000000","1.00000000000000000000000000000000000000000000000000000000000000000000000000000000000000000000000000000000000000000000000000000000000000000000000000000000000","0.000000000000000","ARCHS4--Coexpression",""
"DEG_HMVL_ALL","1401","0.860600000000000032","ZBTB46_ARCHS4_PEARSON","ZBTB46","0","300","1.00000000000000000000000000000000000000000000000000000000000000000000000000000000000000000000000000000000000000000000000000000000000000000000000000","1.00000000000000000000000000000000000000000000000000000000000000000000000000000000000000000000000000000000000000000000000000000000000000000000000000000000000","0.000000000000000","ARCHS4--Coexpression",""
"DEG_HMVL_ALL","1402","0.861199999999999966","TRAFD1_ARCHS4_PEARSON","TRAFD1","0","300","1.00000000000000000000000000000000000000000000000000000000000000000000000000000000000000000000000000000000000000000000000000000000000000000000000000","1.00000000000000000000000000000000000000000000000000000000000000000000000000000000000000000000000000000000000000000000000000000000000000000000000000000000000","0.000000000000000","ARCHS4--Coexpression",""
"DEG_HMVL_ALL","1403","0.861800000000000010","OSR2_ARCHS4_PEARSON","OSR2","0","300","1.00000000000000000000000000000000000000000000000000000000000000000000000000000000000000000000000000000000000000000000000000000000000000000000000000","1.00000000000000000000000000000000000000000000000000000000000000000000000000000000000000000000000000000000000000000000000000000000000000000000000000000000000","0.000000000000000","ARCHS4--Coexpression",""
"DEG_HMVL_ALL","1404","0.862400000000000055","ZBTB38_ARCHS4_PEARSON","ZBTB38","0","300","1.00000000000000000000000000000000000000000000000000000000000000000000000000000000000000000000000000000000000000000000000000000000000000000000000000","1.00000000000000000000000000000000000000000000000000000000000000000000000000000000000000000000000000000000000000000000000000000000000000000000000000000000000","0.000000000000000","ARCHS4--Coexpression",""
"DEG_HMVL_ALL","1405","0.862999999999999989","PURA_ARCHS4_PEARSON","PURA","0","300","1.00000000000000000000000000000000000000000000000000000000000000000000000000000000000000000000000000000000000000000000000000000000000000000000000000","1.00000000000000000000000000000000000000000000000000000000000000000000000000000000000000000000000000000000000000000000000000000000000000000000000000000000000","0.000000000000000","ARCHS4--Coexpression",""
"DEG_HMVL_ALL","1406","0.863600000000000034","ASH1L_ARCHS4_PEARSON","ASH1L","0","300","1.00000000000000000000000000000000000000000000000000000000000000000000000000000000000000000000000000000000000000000000000000000000000000000000000000","1.00000000000000000000000000000000000000000000000000000000000000000000000000000000000000000000000000000000000000000000000000000000000000000000000000000000000","0.000000000000000","ARCHS4--Coexpression",""
"DEG_HMVL_ALL","1407","0.864299999999999957","ZNF213_ARCHS4_PEARSON","ZNF213","0","300","1.00000000000000000000000000000000000000000000000000000000000000000000000000000000000000000000000000000000000000000000000000000000000000000000000000","1.00000000000000000000000000000000000000000000000000000000000000000000000000000000000000000000000000000000000000000000000000000000000000000000000000000000000","0.000000000000000","ARCHS4--Coexpression",""
"DEG_HMVL_ALL","1408","0.864900000000000002","EVX1_ARCHS4_PEARSON","EVX1","0","300","1.00000000000000000000000000000000000000000000000000000000000000000000000000000000000000000000000000000000000000000000000000000000000000000000000000","1.00000000000000000000000000000000000000000000000000000000000000000000000000000000000000000000000000000000000000000000000000000000000000000000000000000000000","0.000000000000000","ARCHS4--Coexpression",""
"DEG_HMVL_ALL","1409","0.865500000000000047","YBX3_ARCHS4_PEARSON","YBX3","0","300","1.00000000000000000000000000000000000000000000000000000000000000000000000000000000000000000000000000000000000000000000000000000000000000000000000000","1.00000000000000000000000000000000000000000000000000000000000000000000000000000000000000000000000000000000000000000000000000000000000000000000000000000000000","0.000000000000000","ARCHS4--Coexpression",""
"DEG_HMVL_ALL","1410","0.866099999999999981","DMRT2_ARCHS4_PEARSON","DMRT2","0","300","1.00000000000000000000000000000000000000000000000000000000000000000000000000000000000000000000000000000000000000000000000000000000000000000000000000","1.00000000000000000000000000000000000000000000000000000000000000000000000000000000000000000000000000000000000000000000000000000000000000000000000000000000000","0.000000000000000","ARCHS4--Coexpression",""
"DEG_HMVL_ALL","1411","0.866700000000000026","HIVEP3_ARCHS4_PEARSON","HIVEP3","0","300","1.00000000000000000000000000000000000000000000000000000000000000000000000000000000000000000000000000000000000000000000000000000000000000000000000000","1.00000000000000000000000000000000000000000000000000000000000000000000000000000000000000000000000000000000000000000000000000000000000000000000000000000000000","0.000000000000000","ARCHS4--Coexpression",""
"DEG_HMVL_ALL","1412","0.867299999999999960","PITX3_ARCHS4_PEARSON","PITX3","0","300","1.00000000000000000000000000000000000000000000000000000000000000000000000000000000000000000000000000000000000000000000000000000000000000000000000000","1.00000000000000000000000000000000000000000000000000000000000000000000000000000000000000000000000000000000000000000000000000000000000000000000000000000000000","0.000000000000000","ARCHS4--Coexpression",""
"DEG_HMVL_ALL","1413","0.867900000000000005","EBF1_ARCHS4_PEARSON","EBF1","0","300","1.00000000000000000000000000000000000000000000000000000000000000000000000000000000000000000000000000000000000000000000000000000000000000000000000000","1.00000000000000000000000000000000000000000000000000000000000000000000000000000000000000000000000000000000000000000000000000000000000000000000000000000000000","0.000000000000000","ARCHS4--Coexpression",""
"DEG_HMVL_ALL","1414","0.868600000000000039","PREB_ARCHS4_PEARSON","PREB","0","300","1.00000000000000000000000000000000000000000000000000000000000000000000000000000000000000000000000000000000000000000000000000000000000000000000000000","1.00000000000000000000000000000000000000000000000000000000000000000000000000000000000000000000000000000000000000000000000000000000000000000000000000000000000","0.000000000000000","ARCHS4--Coexpression",""
"DEG_HMVL_ALL","1415","0.869199999999999973","NHLH1_ARCHS4_PEARSON","NHLH1","0","300","1.00000000000000000000000000000000000000000000000000000000000000000000000000000000000000000000000000000000000000000000000000000000000000000000000000","1.00000000000000000000000000000000000000000000000000000000000000000000000000000000000000000000000000000000000000000000000000000000000000000000000000000000000","0.000000000000000","ARCHS4--Coexpression",""
"DEG_HMVL_ALL","1416","0.869800000000000018","ZNF75A_ARCHS4_PEARSON","ZNF75A","0","300","1.00000000000000000000000000000000000000000000000000000000000000000000000000000000000000000000000000000000000000000000000000000000000000000000000000","1.00000000000000000000000000000000000000000000000000000000000000000000000000000000000000000000000000000000000000000000000000000000000000000000000000000000000","0.000000000000000","ARCHS4--Coexpression",""
"DEG_HMVL_ALL","1417","0.870399999999999952","HES7_ARCHS4_PEARSON","HES7","0","300","1.00000000000000000000000000000000000000000000000000000000000000000000000000000000000000000000000000000000000000000000000000000000000000000000000000","1.00000000000000000000000000000000000000000000000000000000000000000000000000000000000000000000000000000000000000000000000000000000000000000000000000000000000","0.000000000000000","ARCHS4--Coexpression",""
"DEG_HMVL_ALL","1418","0.870999999999999996","ZNF618_ARCHS4_PEARSON","ZNF618","0","300","1.00000000000000000000000000000000000000000000000000000000000000000000000000000000000000000000000000000000000000000000000000000000000000000000000000","1.00000000000000000000000000000000000000000000000000000000000000000000000000000000000000000000000000000000000000000000000000000000000000000000000000000000000","0.000000000000000","ARCHS4--Coexpression",""
"DEG_HMVL_ALL","1419","0.871600000000000041","ETV7_ARCHS4_PEARSON","ETV7","0","300","1.00000000000000000000000000000000000000000000000000000000000000000000000000000000000000000000000000000000000000000000000000000000000000000000000000","1.00000000000000000000000000000000000000000000000000000000000000000000000000000000000000000000000000000000000000000000000000000000000000000000000000000000000","0.000000000000000","ARCHS4--Coexpression",""
"DEG_HMVL_ALL","1420","0.872199999999999975","ZNF804B_ARCHS4_PEARSON","ZNF804B","0","300","1.00000000000000000000000000000000000000000000000000000000000000000000000000000000000000000000000000000000000000000000000000000000000000000000000000","1.00000000000000000000000000000000000000000000000000000000000000000000000000000000000000000000000000000000000000000000000000000000000000000000000000000000000","0.000000000000000","ARCHS4--Coexpression",""
"DEG_HMVL_ALL","1421","0.872900000000000009","HSFY1_ARCHS4_PEARSON","HSFY1","0","300","1.00000000000000000000000000000000000000000000000000000000000000000000000000000000000000000000000000000000000000000000000000000000000000000000000000","1.00000000000000000000000000000000000000000000000000000000000000000000000000000000000000000000000000000000000000000000000000000000000000000000000000000000000","0.000000000000000","ARCHS4--Coexpression",""
"DEG_HMVL_ALL","1422","0.873500000000000054","ZIC4_ARCHS4_PEARSON","ZIC4","0","300","1.00000000000000000000000000000000000000000000000000000000000000000000000000000000000000000000000000000000000000000000000000000000000000000000000000","1.00000000000000000000000000000000000000000000000000000000000000000000000000000000000000000000000000000000000000000000000000000000000000000000000000000000000","0.000000000000000","ARCHS4--Coexpression",""
"DEG_HMVL_ALL","1423","0.874099999999999988","PAX3_ARCHS4_PEARSON","PAX3","0","300","1.00000000000000000000000000000000000000000000000000000000000000000000000000000000000000000000000000000000000000000000000000000000000000000000000000","1.00000000000000000000000000000000000000000000000000000000000000000000000000000000000000000000000000000000000000000000000000000000000000000000000000000000000","0.000000000000000","ARCHS4--Coexpression",""
"DEG_HMVL_ALL","1424","0.874700000000000033","KLF4_ARCHS4_PEARSON","KLF4","0","300","1.00000000000000000000000000000000000000000000000000000000000000000000000000000000000000000000000000000000000000000000000000000000000000000000000000","1.00000000000000000000000000000000000000000000000000000000000000000000000000000000000000000000000000000000000000000000000000000000000000000000000000000000000","0.000000000000000","ARCHS4--Coexpression",""
"DEG_HMVL_ALL","1425","0.875299999999999967","BATF2_ARCHS4_PEARSON","BATF2","0","300","1.00000000000000000000000000000000000000000000000000000000000000000000000000000000000000000000000000000000000000000000000000000000000000000000000000","1.00000000000000000000000000000000000000000000000000000000000000000000000000000000000000000000000000000000000000000000000000000000000000000000000000000000000","0.000000000000000","ARCHS4--Coexpression",""
"DEG_HMVL_ALL","1426","0.875900000000000012","CREB5_ARCHS4_PEARSON","CREB5","0","300","1.00000000000000000000000000000000000000000000000000000000000000000000000000000000000000000000000000000000000000000000000000000000000000000000000000","1.00000000000000000000000000000000000000000000000000000000000000000000000000000000000000000000000000000000000000000000000000000000000000000000000000000000000","0.000000000000000","ARCHS4--Coexpression",""
"DEG_HMVL_ALL","1427","0.876499999999999946","IRF7_ARCHS4_PEARSON","IRF7","0","300","1.00000000000000000000000000000000000000000000000000000000000000000000000000000000000000000000000000000000000000000000000000000000000000000000000000","1.00000000000000000000000000000000000000000000000000000000000000000000000000000000000000000000000000000000000000000000000000000000000000000000000000000000000","0.000000000000000","ARCHS4--Coexpression",""
"DEG_HMVL_ALL","1428","0.877099999999999991","KLF11_ARCHS4_PEARSON","KLF11","0","300","1.00000000000000000000000000000000000000000000000000000000000000000000000000000000000000000000000000000000000000000000000000000000000000000000000000","1.00000000000000000000000000000000000000000000000000000000000000000000000000000000000000000000000000000000000000000000000000000000000000000000000000000000000","0.000000000000000","ARCHS4--Coexpression",""
"DEG_HMVL_ALL","1429","0.877800000000000025","RFX1_ARCHS4_PEARSON","RFX1","0","300","1.00000000000000000000000000000000000000000000000000000000000000000000000000000000000000000000000000000000000000000000000000000000000000000000000000","1.00000000000000000000000000000000000000000000000000000000000000000000000000000000000000000000000000000000000000000000000000000000000000000000000000000000000","0.000000000000000","ARCHS4--Coexpression",""
"DEG_HMVL_ALL","1430","0.878399999999999959","OTP_ARCHS4_PEARSON","OTP","0","300","1.00000000000000000000000000000000000000000000000000000000000000000000000000000000000000000000000000000000000000000000000000000000000000000000000000","1.00000000000000000000000000000000000000000000000000000000000000000000000000000000000000000000000000000000000000000000000000000000000000000000000000000000000","0.000000000000000","ARCHS4--Coexpression",""
"DEG_HMVL_ALL","1431","0.879000000000000004","PRDM2_ARCHS4_PEARSON","PRDM2","0","300","1.00000000000000000000000000000000000000000000000000000000000000000000000000000000000000000000000000000000000000000000000000000000000000000000000000","1.00000000000000000000000000000000000000000000000000000000000000000000000000000000000000000000000000000000000000000000000000000000000000000000000000000000000","0.000000000000000","ARCHS4--Coexpression",""
"DEG_HMVL_ALL","1432","0.879600000000000048","NR2C2_ARCHS4_PEARSON","NR2C2","0","300","1.00000000000000000000000000000000000000000000000000000000000000000000000000000000000000000000000000000000000000000000000000000000000000000000000000","1.00000000000000000000000000000000000000000000000000000000000000000000000000000000000000000000000000000000000000000000000000000000000000000000000000000000000","0.000000000000000","ARCHS4--Coexpression",""
"DEG_HMVL_ALL","1433","0.880199999999999982","HNF1B_ARCHS4_PEARSON","HNF1B","0","300","1.00000000000000000000000000000000000000000000000000000000000000000000000000000000000000000000000000000000000000000000000000000000000000000000000000","1.00000000000000000000000000000000000000000000000000000000000000000000000000000000000000000000000000000000000000000000000000000000000000000000000000000000000","0.000000000000000","ARCHS4--Coexpression",""
"DEG_HMVL_ALL","1434","0.880800000000000027","ZNF821_ARCHS4_PEARSON","ZNF821","0","300","1.00000000000000000000000000000000000000000000000000000000000000000000000000000000000000000000000000000000000000000000000000000000000000000000000000","1.00000000000000000000000000000000000000000000000000000000000000000000000000000000000000000000000000000000000000000000000000000000000000000000000000000000000","0.000000000000000","ARCHS4--Coexpression",""
"DEG_HMVL_ALL","1435","0.881399999999999961","NR4A3_ARCHS4_PEARSON","NR4A3","0","300","1.00000000000000000000000000000000000000000000000000000000000000000000000000000000000000000000000000000000000000000000000000000000000000000000000000","1.00000000000000000000000000000000000000000000000000000000000000000000000000000000000000000000000000000000000000000000000000000000000000000000000000000000000","0.000000000000000","ARCHS4--Coexpression",""
"DEG_HMVL_ALL","1436","0.882099999999999995","TBX15_ARCHS4_PEARSON","TBX15","0","300","1.00000000000000000000000000000000000000000000000000000000000000000000000000000000000000000000000000000000000000000000000000000000000000000000000000","1.00000000000000000000000000000000000000000000000000000000000000000000000000000000000000000000000000000000000000000000000000000000000000000000000000000000000","0.000000000000000","ARCHS4--Coexpression",""
"DEG_HMVL_ALL","1437","0.882700000000000040","CPXCR1_ARCHS4_PEARSON","CPXCR1","0","300","1.00000000000000000000000000000000000000000000000000000000000000000000000000000000000000000000000000000000000000000000000000000000000000000000000000","1.00000000000000000000000000000000000000000000000000000000000000000000000000000000000000000000000000000000000000000000000000000000000000000000000000000000000","0.000000000000000","ARCHS4--Coexpression",""
"DEG_HMVL_ALL","1438","0.883299999999999974","NFIL3_ARCHS4_PEARSON","NFIL3","0","300","1.00000000000000000000000000000000000000000000000000000000000000000000000000000000000000000000000000000000000000000000000000000000000000000000000000","1.00000000000000000000000000000000000000000000000000000000000000000000000000000000000000000000000000000000000000000000000000000000000000000000000000000000000","0.000000000000000","ARCHS4--Coexpression",""
"DEG_HMVL_ALL","1439","0.883900000000000019","ZNF608_ARCHS4_PEARSON","ZNF608","0","300","1.00000000000000000000000000000000000000000000000000000000000000000000000000000000000000000000000000000000000000000000000000000000000000000000000000","1.00000000000000000000000000000000000000000000000000000000000000000000000000000000000000000000000000000000000000000000000000000000000000000000000000000000000","0.000000000000000","ARCHS4--Coexpression",""
"DEG_HMVL_ALL","1440","0.884499999999999953","ZSCAN20_ARCHS4_PEARSON","ZSCAN20","0","300","1.00000000000000000000000000000000000000000000000000000000000000000000000000000000000000000000000000000000000000000000000000000000000000000000000000","1.00000000000000000000000000000000000000000000000000000000000000000000000000000000000000000000000000000000000000000000000000000000000000000000000000000000000","0.000000000000000","ARCHS4--Coexpression",""
"DEG_HMVL_ALL","1441","0.885099999999999998","CREB3_ARCHS4_PEARSON","CREB3","0","300","1.00000000000000000000000000000000000000000000000000000000000000000000000000000000000000000000000000000000000000000000000000000000000000000000000000","1.00000000000000000000000000000000000000000000000000000000000000000000000000000000000000000000000000000000000000000000000000000000000000000000000000000000000","0.000000000000000","ARCHS4--Coexpression",""
"DEG_HMVL_ALL","1442","0.885700000000000043","ZNF804A_ARCHS4_PEARSON","ZNF804A","0","300","1.00000000000000000000000000000000000000000000000000000000000000000000000000000000000000000000000000000000000000000000000000000000000000000000000000","1.00000000000000000000000000000000000000000000000000000000000000000000000000000000000000000000000000000000000000000000000000000000000000000000000000000000000","0.000000000000000","ARCHS4--Coexpression",""
"DEG_HMVL_ALL","1443","0.886399999999999966","ZNF41_ARCHS4_PEARSON","ZNF41","0","300","1.00000000000000000000000000000000000000000000000000000000000000000000000000000000000000000000000000000000000000000000000000000000000000000000000000","1.00000000000000000000000000000000000000000000000000000000000000000000000000000000000000000000000000000000000000000000000000000000000000000000000000000000000","0.000000000000000","ARCHS4--Coexpression",""
"DEG_HMVL_ALL","1444","0.887000000000000011","CUX1_ARCHS4_PEARSON","CUX1","0","300","1.00000000000000000000000000000000000000000000000000000000000000000000000000000000000000000000000000000000000000000000000000000000000000000000000000","1.00000000000000000000000000000000000000000000000000000000000000000000000000000000000000000000000000000000000000000000000000000000000000000000000000000000000","0.000000000000000","ARCHS4--Coexpression",""
"DEG_HMVL_ALL","1445","0.887599999999999945","INSM2_ARCHS4_PEARSON","INSM2","0","300","1.00000000000000000000000000000000000000000000000000000000000000000000000000000000000000000000000000000000000000000000000000000000000000000000000000","1.00000000000000000000000000000000000000000000000000000000000000000000000000000000000000000000000000000000000000000000000000000000000000000000000000000000000","0.000000000000000","ARCHS4--Coexpression",""
"DEG_HMVL_ALL","1446","0.888199999999999990","ZEB2_ARCHS4_PEARSON","ZEB2","0","300","1.00000000000000000000000000000000000000000000000000000000000000000000000000000000000000000000000000000000000000000000000000000000000000000000000000","1.00000000000000000000000000000000000000000000000000000000000000000000000000000000000000000000000000000000000000000000000000000000000000000000000000000000000","0.000000000000000","ARCHS4--Coexpression",""
"DEG_HMVL_ALL","1447","0.888800000000000034","RELB_ARCHS4_PEARSON","RELB","0","300","1.00000000000000000000000000000000000000000000000000000000000000000000000000000000000000000000000000000000000000000000000000000000000000000000000000","1.00000000000000000000000000000000000000000000000000000000000000000000000000000000000000000000000000000000000000000000000000000000000000000000000000000000000","0.000000000000000","ARCHS4--Coexpression",""
"DEG_HMVL_ALL","1448","0.889399999999999968","FEZF1_ARCHS4_PEARSON","FEZF1","0","300","1.00000000000000000000000000000000000000000000000000000000000000000000000000000000000000000000000000000000000000000000000000000000000000000000000000","1.00000000000000000000000000000000000000000000000000000000000000000000000000000000000000000000000000000000000000000000000000000000000000000000000000000000000","0.000000000000000","ARCHS4--Coexpression",""
"DEG_HMVL_ALL","1449","0.890000000000000013","GBX1_ARCHS4_PEARSON","GBX1","0","300","1.00000000000000000000000000000000000000000000000000000000000000000000000000000000000000000000000000000000000000000000000000000000000000000000000000","1.00000000000000000000000000000000000000000000000000000000000000000000000000000000000000000000000000000000000000000000000000000000000000000000000000000000000","0.000000000000000","ARCHS4--Coexpression",""
"DEG_HMVL_ALL","1450","0.890700000000000047","DPF3_ARCHS4_PEARSON","DPF3","0","300","1.00000000000000000000000000000000000000000000000000000000000000000000000000000000000000000000000000000000000000000000000000000000000000000000000000","1.00000000000000000000000000000000000000000000000000000000000000000000000000000000000000000000000000000000000000000000000000000000000000000000000000000000000","0.000000000000000","ARCHS4--Coexpression",""
"DEG_HMVL_ALL","1451","0.891299999999999981","BATF_ARCHS4_PEARSON","BATF","0","300","1.00000000000000000000000000000000000000000000000000000000000000000000000000000000000000000000000000000000000000000000000000000000000000000000000000","1.00000000000000000000000000000000000000000000000000000000000000000000000000000000000000000000000000000000000000000000000000000000000000000000000000000000000","0.000000000000000","ARCHS4--Coexpression",""
"DEG_HMVL_ALL","1452","0.891900000000000026","POU2F2_ARCHS4_PEARSON","POU2F2","0","300","1.00000000000000000000000000000000000000000000000000000000000000000000000000000000000000000000000000000000000000000000000000000000000000000000000000","1.00000000000000000000000000000000000000000000000000000000000000000000000000000000000000000000000000000000000000000000000000000000000000000000000000000000000","0.000000000000000","ARCHS4--Coexpression",""
"DEG_HMVL_ALL","1453","0.892499999999999960","SIX1_ARCHS4_PEARSON","SIX1","0","300","1.00000000000000000000000000000000000000000000000000000000000000000000000000000000000000000000000000000000000000000000000000000000000000000000000000","1.00000000000000000000000000000000000000000000000000000000000000000000000000000000000000000000000000000000000000000000000000000000000000000000000000000000000","0.000000000000000","ARCHS4--Coexpression",""
"DEG_HMVL_ALL","1454","0.893100000000000005","ZNF467_ARCHS4_PEARSON","ZNF467","0","300","1.00000000000000000000000000000000000000000000000000000000000000000000000000000000000000000000000000000000000000000000000000000000000000000000000000","1.00000000000000000000000000000000000000000000000000000000000000000000000000000000000000000000000000000000000000000000000000000000000000000000000000000000000","0.000000000000000","ARCHS4--Coexpression",""
"DEG_HMVL_ALL","1455","0.893700000000000050","MTF1_ARCHS4_PEARSON","MTF1","0","300","1.00000000000000000000000000000000000000000000000000000000000000000000000000000000000000000000000000000000000000000000000000000000000000000000000000","1.00000000000000000000000000000000000000000000000000000000000000000000000000000000000000000000000000000000000000000000000000000000000000000000000000000000000","0.000000000000000","ARCHS4--Coexpression",""
"DEG_HMVL_ALL","1456","0.894299999999999984","LHX6_ARCHS4_PEARSON","LHX6","0","300","1.00000000000000000000000000000000000000000000000000000000000000000000000000000000000000000000000000000000000000000000000000000000000000000000000000","1.00000000000000000000000000000000000000000000000000000000000000000000000000000000000000000000000000000000000000000000000000000000000000000000000000000000000","0.000000000000000","ARCHS4--Coexpression",""
"DEG_HMVL_ALL","1457","0.895000000000000018","ZNF521_ARCHS4_PEARSON","ZNF521","0","300","1.00000000000000000000000000000000000000000000000000000000000000000000000000000000000000000000000000000000000000000000000000000000000000000000000000","1.00000000000000000000000000000000000000000000000000000000000000000000000000000000000000000000000000000000000000000000000000000000000000000000000000000000000","0.000000000000000","ARCHS4--Coexpression",""
"DEG_HMVL_ALL","1458","0.895599999999999952","HEYL_ARCHS4_PEARSON","HEYL","0","300","1.00000000000000000000000000000000000000000000000000000000000000000000000000000000000000000000000000000000000000000000000000000000000000000000000000","1.00000000000000000000000000000000000000000000000000000000000000000000000000000000000000000000000000000000000000000000000000000000000000000000000000000000000","0.000000000000000","ARCHS4--Coexpression",""
"DEG_HMVL_ALL","1459","0.896199999999999997","HELT_ARCHS4_PEARSON","HELT","0","300","1.00000000000000000000000000000000000000000000000000000000000000000000000000000000000000000000000000000000000000000000000000000000000000000000000000","1.00000000000000000000000000000000000000000000000000000000000000000000000000000000000000000000000000000000000000000000000000000000000000000000000000000000000","0.000000000000000","ARCHS4--Coexpression",""
"DEG_HMVL_ALL","1460","0.896800000000000042","MYF6_ARCHS4_PEARSON","MYF6","0","300","1.00000000000000000000000000000000000000000000000000000000000000000000000000000000000000000000000000000000000000000000000000000000000000000000000000","1.00000000000000000000000000000000000000000000000000000000000000000000000000000000000000000000000000000000000000000000000000000000000000000000000000000000000","0.000000000000000","ARCHS4--Coexpression",""
"DEG_HMVL_ALL","1461","0.897399999999999975","HSFX1_ARCHS4_PEARSON","HSFX1","0","300","1.00000000000000000000000000000000000000000000000000000000000000000000000000000000000000000000000000000000000000000000000000000000000000000000000000","1.00000000000000000000000000000000000000000000000000000000000000000000000000000000000000000000000000000000000000000000000000000000000000000000000000000000000","0.000000000000000","ARCHS4--Coexpression",""
"DEG_HMVL_ALL","1462","0.898000000000000020","TFCP2L1_ARCHS4_PEARSON","TFCP2L1","0","300","1.00000000000000000000000000000000000000000000000000000000000000000000000000000000000000000000000000000000000000000000000000000000000000000000000000","1.00000000000000000000000000000000000000000000000000000000000000000000000000000000000000000000000000000000000000000000000000000000000000000000000000000000000","0.000000000000000","ARCHS4--Coexpression",""
"DEG_HMVL_ALL","1463","0.898599999999999954","SPI1_ARCHS4_PEARSON","SPI1","0","300","1.00000000000000000000000000000000000000000000000000000000000000000000000000000000000000000000000000000000000000000000000000000000000000000000000000","1.00000000000000000000000000000000000000000000000000000000000000000000000000000000000000000000000000000000000000000000000000000000000000000000000000000000000","0.000000000000000","ARCHS4--Coexpression",""
"DEG_HMVL_ALL","1464","0.899299999999999988","ETV3_ARCHS4_PEARSON","ETV3","0","300","1.00000000000000000000000000000000000000000000000000000000000000000000000000000000000000000000000000000000000000000000000000000000000000000000000000","1.00000000000000000000000000000000000000000000000000000000000000000000000000000000000000000000000000000000000000000000000000000000000000000000000000000000000","0.000000000000000","ARCHS4--Coexpression",""
"DEG_HMVL_ALL","1465","0.899900000000000033","AHR_ARCHS4_PEARSON","AHR","0","300","1.00000000000000000000000000000000000000000000000000000000000000000000000000000000000000000000000000000000000000000000000000000000000000000000000000","1.00000000000000000000000000000000000000000000000000000000000000000000000000000000000000000000000000000000000000000000000000000000000000000000000000000000000","0.000000000000000","ARCHS4--Coexpression",""
"DEG_HMVL_ALL","1466","0.900499999999999967","ZNF25_ARCHS4_PEARSON","ZNF25","0","300","1.00000000000000000000000000000000000000000000000000000000000000000000000000000000000000000000000000000000000000000000000000000000000000000000000000","1.00000000000000000000000000000000000000000000000000000000000000000000000000000000000000000000000000000000000000000000000000000000000000000000000000000000000","0.000000000000000","ARCHS4--Coexpression",""
"DEG_HMVL_ALL","1467","0.901100000000000012","OLIG3_ARCHS4_PEARSON","OLIG3","0","300","1.00000000000000000000000000000000000000000000000000000000000000000000000000000000000000000000000000000000000000000000000000000000000000000000000000","1.00000000000000000000000000000000000000000000000000000000000000000000000000000000000000000000000000000000000000000000000000000000000000000000000000000000000","0.000000000000000","ARCHS4--Coexpression",""
"DEG_HMVL_ALL","1468","0.901699999999999946","ZNF683_ARCHS4_PEARSON","ZNF683","0","300","1.00000000000000000000000000000000000000000000000000000000000000000000000000000000000000000000000000000000000000000000000000000000000000000000000000","1.00000000000000000000000000000000000000000000000000000000000000000000000000000000000000000000000000000000000000000000000000000000000000000000000000000000000","0.000000000000000","ARCHS4--Coexpression",""
"DEG_HMVL_ALL","1469","0.902299999999999991","IRF8_ARCHS4_PEARSON","IRF8","0","300","1.00000000000000000000000000000000000000000000000000000000000000000000000000000000000000000000000000000000000000000000000000000000000000000000000000","1.00000000000000000000000000000000000000000000000000000000000000000000000000000000000000000000000000000000000000000000000000000000000000000000000000000000000","0.000000000000000","ARCHS4--Coexpression",""
"DEG_HMVL_ALL","1470","0.902900000000000036","ZIM2_ARCHS4_PEARSON","ZIM2","0","300","1.00000000000000000000000000000000000000000000000000000000000000000000000000000000000000000000000000000000000000000000000000000000000000000000000000","1.00000000000000000000000000000000000000000000000000000000000000000000000000000000000000000000000000000000000000000000000000000000000000000000000000000000000","0.000000000000000","ARCHS4--Coexpression",""
"DEG_HMVL_ALL","1471","0.903599999999999959","ZNF705G_ARCHS4_PEARSON","ZNF705G","0","300","1.00000000000000000000000000000000000000000000000000000000000000000000000000000000000000000000000000000000000000000000000000000000000000000000000000","1.00000000000000000000000000000000000000000000000000000000000000000000000000000000000000000000000000000000000000000000000000000000000000000000000000000000000","0.000000000000000","ARCHS4--Coexpression",""
"DEG_HMVL_ALL","1472","0.904200000000000004","EGR2_ARCHS4_PEARSON","EGR2","0","300","1.00000000000000000000000000000000000000000000000000000000000000000000000000000000000000000000000000000000000000000000000000000000000000000000000000","1.00000000000000000000000000000000000000000000000000000000000000000000000000000000000000000000000000000000000000000000000000000000000000000000000000000000000","0.000000000000000","ARCHS4--Coexpression",""
"DEG_HMVL_ALL","1473","0.904800000000000049","GATA6_ARCHS4_PEARSON","GATA6","0","300","1.00000000000000000000000000000000000000000000000000000000000000000000000000000000000000000000000000000000000000000000000000000000000000000000000000","1.00000000000000000000000000000000000000000000000000000000000000000000000000000000000000000000000000000000000000000000000000000000000000000000000000000000000","0.000000000000000","ARCHS4--Coexpression",""
"DEG_HMVL_ALL","1474","0.905399999999999983","ONECUT2_ARCHS4_PEARSON","ONECUT2","0","300","1.00000000000000000000000000000000000000000000000000000000000000000000000000000000000000000000000000000000000000000000000000000000000000000000000000","1.00000000000000000000000000000000000000000000000000000000000000000000000000000000000000000000000000000000000000000000000000000000000000000000000000000000000","0.000000000000000","ARCHS4--Coexpression",""
"DEG_HMVL_ALL","1475","0.906000000000000028","ZEB1_ARCHS4_PEARSON","ZEB1","0","300","1.00000000000000000000000000000000000000000000000000000000000000000000000000000000000000000000000000000000000000000000000000000000000000000000000000","1.00000000000000000000000000000000000000000000000000000000000000000000000000000000000000000000000000000000000000000000000000000000000000000000000000000000000","0.000000000000000","ARCHS4--Coexpression",""
"DEG_HMVL_ALL","1476","0.906599999999999961","MSC_ARCHS4_PEARSON","MSC","0","300","1.00000000000000000000000000000000000000000000000000000000000000000000000000000000000000000000000000000000000000000000000000000000000000000000000000","1.00000000000000000000000000000000000000000000000000000000000000000000000000000000000000000000000000000000000000000000000000000000000000000000000000000000000","0.000000000000000","ARCHS4--Coexpression",""
"DEG_HMVL_ALL","1477","0.907200000000000006","SP9_ARCHS4_PEARSON","SP9","0","300","1.00000000000000000000000000000000000000000000000000000000000000000000000000000000000000000000000000000000000000000000000000000000000000000000000000","1.00000000000000000000000000000000000000000000000000000000000000000000000000000000000000000000000000000000000000000000000000000000000000000000000000000000000","0.000000000000000","ARCHS4--Coexpression",""
"DEG_HMVL_ALL","1478","0.907900000000000040","IRF5_ARCHS4_PEARSON","IRF5","0","300","1.00000000000000000000000000000000000000000000000000000000000000000000000000000000000000000000000000000000000000000000000000000000000000000000000000","1.00000000000000000000000000000000000000000000000000000000000000000000000000000000000000000000000000000000000000000000000000000000000000000000000000000000000","0.000000000000000","ARCHS4--Coexpression",""
"DEG_HMVL_ALL","1479","0.908499999999999974","TFEC_ARCHS4_PEARSON","TFEC","0","300","1.00000000000000000000000000000000000000000000000000000000000000000000000000000000000000000000000000000000000000000000000000000000000000000000000000","1.00000000000000000000000000000000000000000000000000000000000000000000000000000000000000000000000000000000000000000000000000000000000000000000000000000000000","0.000000000000000","ARCHS4--Coexpression",""
"DEG_HMVL_ALL","1480","0.909100000000000019","MYCL_ARCHS4_PEARSON","MYCL","0","300","1.00000000000000000000000000000000000000000000000000000000000000000000000000000000000000000000000000000000000000000000000000000000000000000000000000","1.00000000000000000000000000000000000000000000000000000000000000000000000000000000000000000000000000000000000000000000000000000000000000000000000000000000000","0.000000000000000","ARCHS4--Coexpression",""
"DEG_HMVL_ALL","1481","0.909699999999999953","MSANTD4_ARCHS4_PEARSON","MSANTD4","0","300","1.00000000000000000000000000000000000000000000000000000000000000000000000000000000000000000000000000000000000000000000000000000000000000000000000000","1.00000000000000000000000000000000000000000000000000000000000000000000000000000000000000000000000000000000000000000000000000000000000000000000000000000000000","0.000000000000000","ARCHS4--Coexpression",""
"DEG_HMVL_ALL","1482","0.910299999999999998","ZNF536_ARCHS4_PEARSON","ZNF536","0","300","1.00000000000000000000000000000000000000000000000000000000000000000000000000000000000000000000000000000000000000000000000000000000000000000000000000","1.00000000000000000000000000000000000000000000000000000000000000000000000000000000000000000000000000000000000000000000000000000000000000000000000000000000000","0.000000000000000","ARCHS4--Coexpression",""
"DEG_HMVL_ALL","1483","0.910900000000000043","RORB_ARCHS4_PEARSON","RORB","0","300","1.00000000000000000000000000000000000000000000000000000000000000000000000000000000000000000000000000000000000000000000000000000000000000000000000000","1.00000000000000000000000000000000000000000000000000000000000000000000000000000000000000000000000000000000000000000000000000000000000000000000000000000000000","0.000000000000000","ARCHS4--Coexpression",""
"DEG_HMVL_ALL","1484","0.911499999999999977","PLSCR1_ARCHS4_PEARSON","PLSCR1","0","300","1.00000000000000000000000000000000000000000000000000000000000000000000000000000000000000000000000000000000000000000000000000000000000000000000000000","1.00000000000000000000000000000000000000000000000000000000000000000000000000000000000000000000000000000000000000000000000000000000000000000000000000000000000","0.000000000000000","ARCHS4--Coexpression",""
"DEG_HMVL_ALL","1485","0.912200000000000011","BHLHE41_ARCHS4_PEARSON","BHLHE41","0","300","1.00000000000000000000000000000000000000000000000000000000000000000000000000000000000000000000000000000000000000000000000000000000000000000000000000","1.00000000000000000000000000000000000000000000000000000000000000000000000000000000000000000000000000000000000000000000000000000000000000000000000000000000000","0.000000000000000","ARCHS4--Coexpression",""
"DEG_HMVL_ALL","1486","0.912799999999999945","BCL6_ARCHS4_PEARSON","BCL6","0","300","1.00000000000000000000000000000000000000000000000000000000000000000000000000000000000000000000000000000000000000000000000000000000000000000000000000","1.00000000000000000000000000000000000000000000000000000000000000000000000000000000000000000000000000000000000000000000000000000000000000000000000000000000000","0.000000000000000","ARCHS4--Coexpression",""
"DEG_HMVL_ALL","1487","0.913399999999999990","RXRG_ARCHS4_PEARSON","RXRG","0","300","1.00000000000000000000000000000000000000000000000000000000000000000000000000000000000000000000000000000000000000000000000000000000000000000000000000","1.00000000000000000000000000000000000000000000000000000000000000000000000000000000000000000000000000000000000000000000000000000000000000000000000000000000000","0.000000000000000","ARCHS4--Coexpression",""
"DEG_HMVL_ALL","1488","0.914000000000000035","LBX1_ARCHS4_PEARSON","LBX1","0","300","1.00000000000000000000000000000000000000000000000000000000000000000000000000000000000000000000000000000000000000000000000000000000000000000000000000","1.00000000000000000000000000000000000000000000000000000000000000000000000000000000000000000000000000000000000000000000000000000000000000000000000000000000000","0.000000000000000","ARCHS4--Coexpression",""
"DEG_HMVL_ALL","1489","0.914599999999999969","AHRR_ARCHS4_PEARSON","AHRR","0","300","1.00000000000000000000000000000000000000000000000000000000000000000000000000000000000000000000000000000000000000000000000000000000000000000000000000","1.00000000000000000000000000000000000000000000000000000000000000000000000000000000000000000000000000000000000000000000000000000000000000000000000000000000000","0.000000000000000","ARCHS4--Coexpression",""
"DEG_HMVL_ALL","1490","0.915200000000000014","CEBPE_ARCHS4_PEARSON","CEBPE","0","300","1.00000000000000000000000000000000000000000000000000000000000000000000000000000000000000000000000000000000000000000000000000000000000000000000000000","1.00000000000000000000000000000000000000000000000000000000000000000000000000000000000000000000000000000000000000000000000000000000000000000000000000000000000","0.000000000000000","ARCHS4--Coexpression",""
"DEG_HMVL_ALL","1491","0.915799999999999947","BRF2_ARCHS4_PEARSON","BRF2","0","300","1.00000000000000000000000000000000000000000000000000000000000000000000000000000000000000000000000000000000000000000000000000000000000000000000000000","1.00000000000000000000000000000000000000000000000000000000000000000000000000000000000000000000000000000000000000000000000000000000000000000000000000000000000","0.000000000000000","ARCHS4--Coexpression",""
"DEG_HMVL_ALL","1492","0.916499999999999981","CEBPD_ARCHS4_PEARSON","CEBPD","0","300","1.00000000000000000000000000000000000000000000000000000000000000000000000000000000000000000000000000000000000000000000000000000000000000000000000000","1.00000000000000000000000000000000000000000000000000000000000000000000000000000000000000000000000000000000000000000000000000000000000000000000000000000000000","0.000000000000000","ARCHS4--Coexpression",""
"DEG_HMVL_ALL","1493","0.917100000000000026","NFKB2_ARCHS4_PEARSON","NFKB2","0","300","1.00000000000000000000000000000000000000000000000000000000000000000000000000000000000000000000000000000000000000000000000000000000000000000000000000","1.00000000000000000000000000000000000000000000000000000000000000000000000000000000000000000000000000000000000000000000000000000000000000000000000000000000000","0.000000000000000","ARCHS4--Coexpression",""
"DEG_HMVL_ALL","1494","0.917699999999999960","ZBTB34_ARCHS4_PEARSON","ZBTB34","0","300","1.00000000000000000000000000000000000000000000000000000000000000000000000000000000000000000000000000000000000000000000000000000000000000000000000000","1.00000000000000000000000000000000000000000000000000000000000000000000000000000000000000000000000000000000000000000000000000000000000000000000000000000000000","0.000000000000000","ARCHS4--Coexpression",""
"DEG_HMVL_ALL","1495","0.918300000000000005","JDP2_ARCHS4_PEARSON","JDP2","0","300","1.00000000000000000000000000000000000000000000000000000000000000000000000000000000000000000000000000000000000000000000000000000000000000000000000000","1.00000000000000000000000000000000000000000000000000000000000000000000000000000000000000000000000000000000000000000000000000000000000000000000000000000000000","0.000000000000000","ARCHS4--Coexpression",""
"DEG_HMVL_ALL","1496","0.918900000000000050","ETV2_ARCHS4_PEARSON","ETV2","0","300","1.00000000000000000000000000000000000000000000000000000000000000000000000000000000000000000000000000000000000000000000000000000000000000000000000000","1.00000000000000000000000000000000000000000000000000000000000000000000000000000000000000000000000000000000000000000000000000000000000000000000000000000000000","0.000000000000000","ARCHS4--Coexpression",""
"DEG_HMVL_ALL","1497","0.919499999999999984","MAFB_ARCHS4_PEARSON","MAFB","0","300","1.00000000000000000000000000000000000000000000000000000000000000000000000000000000000000000000000000000000000000000000000000000000000000000000000000","1.00000000000000000000000000000000000000000000000000000000000000000000000000000000000000000000000000000000000000000000000000000000000000000000000000000000000","0.000000000000000","ARCHS4--Coexpression",""
"DEG_HMVL_ALL","1498","0.920100000000000029","MTERF4_ARCHS4_PEARSON","MTERF4","0","300","1.00000000000000000000000000000000000000000000000000000000000000000000000000000000000000000000000000000000000000000000000000000000000000000000000000","1.00000000000000000000000000000000000000000000000000000000000000000000000000000000000000000000000000000000000000000000000000000000000000000000000000000000000","0.000000000000000","ARCHS4--Coexpression",""
"DEG_HMVL_ALL","1499","0.920799999999999952","HLX_ARCHS4_PEARSON","HLX","0","300","1.00000000000000000000000000000000000000000000000000000000000000000000000000000000000000000000000000000000000000000000000000000000000000000000000000","1.00000000000000000000000000000000000000000000000000000000000000000000000000000000000000000000000000000000000000000000000000000000000000000000000000000000000","0.000000000000000","ARCHS4--Coexpression",""
"DEG_HMVL_ALL","1500","0.921399999999999997","HSFX2_ARCHS4_PEARSON","HSFX2","0","300","1.00000000000000000000000000000000000000000000000000000000000000000000000000000000000000000000000000000000000000000000000000000000000000000000000000","1.00000000000000000000000000000000000000000000000000000000000000000000000000000000000000000000000000000000000000000000000000000000000000000000000000000000000","0.000000000000000","ARCHS4--Coexpression",""
"DEG_HMVL_ALL","1501","0.922000000000000042","EBF2_ARCHS4_PEARSON","EBF2","0","300","1.00000000000000000000000000000000000000000000000000000000000000000000000000000000000000000000000000000000000000000000000000000000000000000000000000","1.00000000000000000000000000000000000000000000000000000000000000000000000000000000000000000000000000000000000000000000000000000000000000000000000000000000000","0.000000000000000","ARCHS4--Coexpression",""
"DEG_HMVL_ALL","1502","0.922599999999999976","MYOG_ARCHS4_PEARSON","MYOG","0","300","1.00000000000000000000000000000000000000000000000000000000000000000000000000000000000000000000000000000000000000000000000000000000000000000000000000","1.00000000000000000000000000000000000000000000000000000000000000000000000000000000000000000000000000000000000000000000000000000000000000000000000000000000000","0.000000000000000","ARCHS4--Coexpression",""
"DEG_HMVL_ALL","1503","0.923200000000000021","HOMEZ_ARCHS4_PEARSON","HOMEZ","0","300","1.00000000000000000000000000000000000000000000000000000000000000000000000000000000000000000000000000000000000000000000000000000000000000000000000000","1.00000000000000000000000000000000000000000000000000000000000000000000000000000000000000000000000000000000000000000000000000000000000000000000000000000000000","0.000000000000000","ARCHS4--Coexpression",""
"DEG_HMVL_ALL","1504","0.923799999999999955","PITX2_ARCHS4_PEARSON","PITX2","0","300","1.00000000000000000000000000000000000000000000000000000000000000000000000000000000000000000000000000000000000000000000000000000000000000000000000000","1.00000000000000000000000000000000000000000000000000000000000000000000000000000000000000000000000000000000000000000000000000000000000000000000000000000000000","0.000000000000000","ARCHS4--Coexpression",""
"DEG_HMVL_ALL","1505","0.924399999999999999","STAT4_ARCHS4_PEARSON","STAT4","0","300","1.00000000000000000000000000000000000000000000000000000000000000000000000000000000000000000000000000000000000000000000000000000000000000000000000000","1.00000000000000000000000000000000000000000000000000000000000000000000000000000000000000000000000000000000000000000000000000000000000000000000000000000000000","0.000000000000000","ARCHS4--Coexpression",""
"DEG_HMVL_ALL","1506","0.925100000000000033","LHX5_ARCHS4_PEARSON","LHX5","0","300","1.00000000000000000000000000000000000000000000000000000000000000000000000000000000000000000000000000000000000000000000000000000000000000000000000000","1.00000000000000000000000000000000000000000000000000000000000000000000000000000000000000000000000000000000000000000000000000000000000000000000000000000000000","0.000000000000000","ARCHS4--Coexpression",""
"DEG_HMVL_ALL","1507","0.925699999999999967","ZNF3_ARCHS4_PEARSON","ZNF3","0","300","1.00000000000000000000000000000000000000000000000000000000000000000000000000000000000000000000000000000000000000000000000000000000000000000000000000","1.00000000000000000000000000000000000000000000000000000000000000000000000000000000000000000000000000000000000000000000000000000000000000000000000000000000000","0.000000000000000","ARCHS4--Coexpression",""
"DEG_HMVL_ALL","1508","0.926300000000000012","NFKB1_ARCHS4_PEARSON","NFKB1","0","300","1.00000000000000000000000000000000000000000000000000000000000000000000000000000000000000000000000000000000000000000000000000000000000000000000000000","1.00000000000000000000000000000000000000000000000000000000000000000000000000000000000000000000000000000000000000000000000000000000000000000000000000000000000","0.000000000000000","ARCHS4--Coexpression",""
"DEG_HMVL_ALL","1509","0.926899999999999946","DBX1_ARCHS4_PEARSON","DBX1","0","300","1.00000000000000000000000000000000000000000000000000000000000000000000000000000000000000000000000000000000000000000000000000000000000000000000000000","1.00000000000000000000000000000000000000000000000000000000000000000000000000000000000000000000000000000000000000000000000000000000000000000000000000000000000","0.000000000000000","ARCHS4--Coexpression",""
"DEG_HMVL_ALL","1510","0.927499999999999991","ASCL5_ARCHS4_PEARSON","ASCL5","0","300","1.00000000000000000000000000000000000000000000000000000000000000000000000000000000000000000000000000000000000000000000000000000000000000000000000000","1.00000000000000000000000000000000000000000000000000000000000000000000000000000000000000000000000000000000000000000000000000000000000000000000000000000000000","0.000000000000000","ARCHS4--Coexpression",""
"DEG_HMVL_ALL","1511","0.928100000000000036","TBX1_ARCHS4_PEARSON","TBX1","0","300","1.00000000000000000000000000000000000000000000000000000000000000000000000000000000000000000000000000000000000000000000000000000000000000000000000000","1.00000000000000000000000000000000000000000000000000000000000000000000000000000000000000000000000000000000000000000000000000000000000000000000000000000000000","0.000000000000000","ARCHS4--Coexpression",""
"DEG_HMVL_ALL","1512","0.928699999999999970","CREM_ARCHS4_PEARSON","CREM","0","300","1.00000000000000000000000000000000000000000000000000000000000000000000000000000000000000000000000000000000000000000000000000000000000000000000000000","1.00000000000000000000000000000000000000000000000000000000000000000000000000000000000000000000000000000000000000000000000000000000000000000000000000000000000","0.000000000000000","ARCHS4--Coexpression",""
"DEG_HMVL_ALL","1513","0.929400000000000004","ZNF436_ARCHS4_PEARSON","ZNF436","0","300","1.00000000000000000000000000000000000000000000000000000000000000000000000000000000000000000000000000000000000000000000000000000000000000000000000000","1.00000000000000000000000000000000000000000000000000000000000000000000000000000000000000000000000000000000000000000000000000000000000000000000000000000000000","0.000000000000000","ARCHS4--Coexpression",""
"DEG_HMVL_ALL","1514","0.930000000000000049","ZKSCAN8_ARCHS4_PEARSON","ZKSCAN8","0","300","1.00000000000000000000000000000000000000000000000000000000000000000000000000000000000000000000000000000000000000000000000000000000000000000000000000","1.00000000000000000000000000000000000000000000000000000000000000000000000000000000000000000000000000000000000000000000000000000000000000000000000000000000000","0.000000000000000","ARCHS4--Coexpression",""
"DEG_HMVL_ALL","1515","0.930599999999999983","ETS2_ARCHS4_PEARSON","ETS2","0","300","1.00000000000000000000000000000000000000000000000000000000000000000000000000000000000000000000000000000000000000000000000000000000000000000000000000","1.00000000000000000000000000000000000000000000000000000000000000000000000000000000000000000000000000000000000000000000000000000000000000000000000000000000000","0.000000000000000","ARCHS4--Coexpression",""
"DEG_HMVL_ALL","1516","0.931200000000000028","NAIF1_ARCHS4_PEARSON","NAIF1","0","300","1.00000000000000000000000000000000000000000000000000000000000000000000000000000000000000000000000000000000000000000000000000000000000000000000000000","1.00000000000000000000000000000000000000000000000000000000000000000000000000000000000000000000000000000000000000000000000000000000000000000000000000000000000","0.000000000000000","ARCHS4--Coexpression",""
"DEG_HMVL_ALL","1517","0.931799999999999962","PRDM1_ARCHS4_PEARSON","PRDM1","0","300","1.00000000000000000000000000000000000000000000000000000000000000000000000000000000000000000000000000000000000000000000000000000000000000000000000000","1.00000000000000000000000000000000000000000000000000000000000000000000000000000000000000000000000000000000000000000000000000000000000000000000000000000000000","0.000000000000000","ARCHS4--Coexpression",""
"DEG_HMVL_ALL","1518","0.932400000000000007","CREB3L2_ARCHS4_PEARSON","CREB3L2","0","299","1.00000000000000000000000000000000000000000000000000000000000000000000000000000000000000000000000000000000000000000000000000000000000000000000000000","1.00000000000000000000000000000000000000000000000000000000000000000000000000000000000000000000000000000000000000000000000000000000000000000000000000000000000","0.000000000000000","ARCHS4--Coexpression",""
"DEG_HMVL_ALL","1519","0.933000000000000052","PURG_ARCHS4_PEARSON","PURG","0","299","1.00000000000000000000000000000000000000000000000000000000000000000000000000000000000000000000000000000000000000000000000000000000000000000000000000","1.00000000000000000000000000000000000000000000000000000000000000000000000000000000000000000000000000000000000000000000000000000000000000000000000000000000000","0.000000000000000","ARCHS4--Coexpression",""
"DEG_HMVL_ALL","1520","0.933699999999999974","ZNF516_ARCHS4_PEARSON","ZNF516","0","299","1.00000000000000000000000000000000000000000000000000000000000000000000000000000000000000000000000000000000000000000000000000000000000000000000000000","1.00000000000000000000000000000000000000000000000000000000000000000000000000000000000000000000000000000000000000000000000000000000000000000000000000000000000","0.000000000000000","ARCHS4--Coexpression",""
"DEG_HMVL_ALL","1521","0.934300000000000019","SMAD3_ARCHS4_PEARSON","SMAD3","0","299","1.00000000000000000000000000000000000000000000000000000000000000000000000000000000000000000000000000000000000000000000000000000000000000000000000000","1.00000000000000000000000000000000000000000000000000000000000000000000000000000000000000000000000000000000000000000000000000000000000000000000000000000000000","0.000000000000000","ARCHS4--Coexpression",""
"DEG_HMVL_ALL","1522","0.934899999999999953","CENPBD1_ARCHS4_PEARSON","CENPBD1","0","299","1.00000000000000000000000000000000000000000000000000000000000000000000000000000000000000000000000000000000000000000000000000000000000000000000000000","1.00000000000000000000000000000000000000000000000000000000000000000000000000000000000000000000000000000000000000000000000000000000000000000000000000000000000","0.000000000000000","ARCHS4--Coexpression",""
"DEG_HMVL_ALL","1523","0.935499999999999998","CAMTA1_ARCHS4_PEARSON","CAMTA1","0","299","1.00000000000000000000000000000000000000000000000000000000000000000000000000000000000000000000000000000000000000000000000000000000000000000000000000","1.00000000000000000000000000000000000000000000000000000000000000000000000000000000000000000000000000000000000000000000000000000000000000000000000000000000000","0.000000000000000","ARCHS4--Coexpression",""
"DEG_HMVL_ALL","1524","0.936100000000000043","MITF_ARCHS4_PEARSON","MITF","0","299","1.00000000000000000000000000000000000000000000000000000000000000000000000000000000000000000000000000000000000000000000000000000000000000000000000000","1.00000000000000000000000000000000000000000000000000000000000000000000000000000000000000000000000000000000000000000000000000000000000000000000000000000000000","0.000000000000000","ARCHS4--Coexpression",""
"DEG_HMVL_ALL","1525","0.936699999999999977","FOXD4L6_ARCHS4_PEARSON","FOXD4L6","0","299","1.00000000000000000000000000000000000000000000000000000000000000000000000000000000000000000000000000000000000000000000000000000000000000000000000000","1.00000000000000000000000000000000000000000000000000000000000000000000000000000000000000000000000000000000000000000000000000000000000000000000000000000000000","0.000000000000000","ARCHS4--Coexpression",""
"DEG_HMVL_ALL","1526","0.937300000000000022","ZFP1_ARCHS4_PEARSON","ZFP1","0","299","1.00000000000000000000000000000000000000000000000000000000000000000000000000000000000000000000000000000000000000000000000000000000000000000000000000","1.00000000000000000000000000000000000000000000000000000000000000000000000000000000000000000000000000000000000000000000000000000000000000000000000000000000000","0.000000000000000","ARCHS4--Coexpression",""
"DEG_HMVL_ALL","1527","0.937999999999999945","ZBTB47_ARCHS4_PEARSON","ZBTB47","0","299","1.00000000000000000000000000000000000000000000000000000000000000000000000000000000000000000000000000000000000000000000000000000000000000000000000000","1.00000000000000000000000000000000000000000000000000000000000000000000000000000000000000000000000000000000000000000000000000000000000000000000000000000000000","0.000000000000000","ARCHS4--Coexpression",""
"DEG_HMVL_ALL","1528","0.938599999999999990","ATF3_ARCHS4_PEARSON","ATF3","0","299","1.00000000000000000000000000000000000000000000000000000000000000000000000000000000000000000000000000000000000000000000000000000000000000000000000000","1.00000000000000000000000000000000000000000000000000000000000000000000000000000000000000000000000000000000000000000000000000000000000000000000000000000000000","0.000000000000000","ARCHS4--Coexpression",""
"DEG_HMVL_ALL","1529","0.939200000000000035","LHX8_ARCHS4_PEARSON","LHX8","0","299","1.00000000000000000000000000000000000000000000000000000000000000000000000000000000000000000000000000000000000000000000000000000000000000000000000000","1.00000000000000000000000000000000000000000000000000000000000000000000000000000000000000000000000000000000000000000000000000000000000000000000000000000000000","0.000000000000000","ARCHS4--Coexpression",""
"DEG_HMVL_ALL","1530","0.939799999999999969","EEA1_ARCHS4_PEARSON","EEA1","0","299","1.00000000000000000000000000000000000000000000000000000000000000000000000000000000000000000000000000000000000000000000000000000000000000000000000000","1.00000000000000000000000000000000000000000000000000000000000000000000000000000000000000000000000000000000000000000000000000000000000000000000000000000000000","0.000000000000000","ARCHS4--Coexpression",""
"DEG_HMVL_ALL","1531","0.940400000000000014","BARHL2_ARCHS4_PEARSON","BARHL2","0","299","1.00000000000000000000000000000000000000000000000000000000000000000000000000000000000000000000000000000000000000000000000000000000000000000000000000","1.00000000000000000000000000000000000000000000000000000000000000000000000000000000000000000000000000000000000000000000000000000000000000000000000000000000000","0.000000000000000","ARCHS4--Coexpression",""
"DEG_HMVL_ALL","1532","0.940999999999999948","ZNF354C_ARCHS4_PEARSON","ZNF354C","0","299","1.00000000000000000000000000000000000000000000000000000000000000000000000000000000000000000000000000000000000000000000000000000000000000000000000000","1.00000000000000000000000000000000000000000000000000000000000000000000000000000000000000000000000000000000000000000000000000000000000000000000000000000000000","0.000000000000000","ARCHS4--Coexpression",""
"DEG_HMVL_ALL","1533","0.941599999999999993","BNC2_ARCHS4_PEARSON","BNC2","0","299","1.00000000000000000000000000000000000000000000000000000000000000000000000000000000000000000000000000000000000000000000000000000000000000000000000000","1.00000000000000000000000000000000000000000000000000000000000000000000000000000000000000000000000000000000000000000000000000000000000000000000000000000000000","0.000000000000000","ARCHS4--Coexpression",""
"DEG_HMVL_ALL","1534","0.942300000000000026","UNCX_ARCHS4_PEARSON","UNCX","0","299","1.00000000000000000000000000000000000000000000000000000000000000000000000000000000000000000000000000000000000000000000000000000000000000000000000000","1.00000000000000000000000000000000000000000000000000000000000000000000000000000000000000000000000000000000000000000000000000000000000000000000000000000000000","0.000000000000000","ARCHS4--Coexpression",""
"DEG_HMVL_ALL","1535","0.942899999999999960","ZNF648_ARCHS4_PEARSON","ZNF648","0","299","1.00000000000000000000000000000000000000000000000000000000000000000000000000000000000000000000000000000000000000000000000000000000000000000000000000","1.00000000000000000000000000000000000000000000000000000000000000000000000000000000000000000000000000000000000000000000000000000000000000000000000000000000000","0.000000000000000","ARCHS4--Coexpression",""
"DEG_HMVL_ALL","1536","0.943500000000000005","DLX6_ARCHS4_PEARSON","DLX6","0","299","1.00000000000000000000000000000000000000000000000000000000000000000000000000000000000000000000000000000000000000000000000000000000000000000000000000","1.00000000000000000000000000000000000000000000000000000000000000000000000000000000000000000000000000000000000000000000000000000000000000000000000000000000000","0.000000000000000","ARCHS4--Coexpression",""
"DEG_HMVL_ALL","1537","0.944100000000000050","RARB_ARCHS4_PEARSON","RARB","0","299","1.00000000000000000000000000000000000000000000000000000000000000000000000000000000000000000000000000000000000000000000000000000000000000000000000000","1.00000000000000000000000000000000000000000000000000000000000000000000000000000000000000000000000000000000000000000000000000000000000000000000000000000000000","0.000000000000000","ARCHS4--Coexpression",""
"DEG_HMVL_ALL","1538","0.944699999999999984","ZNF550_ARCHS4_PEARSON","ZNF550","0","299","1.00000000000000000000000000000000000000000000000000000000000000000000000000000000000000000000000000000000000000000000000000000000000000000000000000","1.00000000000000000000000000000000000000000000000000000000000000000000000000000000000000000000000000000000000000000000000000000000000000000000000000000000000","0.000000000000000","ARCHS4--Coexpression",""
"DEG_HMVL_ALL","1539","0.945300000000000029","GSX1_ARCHS4_PEARSON","GSX1","0","299","1.00000000000000000000000000000000000000000000000000000000000000000000000000000000000000000000000000000000000000000000000000000000000000000000000000","1.00000000000000000000000000000000000000000000000000000000000000000000000000000000000000000000000000000000000000000000000000000000000000000000000000000000000","0.000000000000000","ARCHS4--Coexpression",""
"DEG_HMVL_ALL","1540","0.945899999999999963","HIF1A_ARCHS4_PEARSON","HIF1A","0","299","1.00000000000000000000000000000000000000000000000000000000000000000000000000000000000000000000000000000000000000000000000000000000000000000000000000","1.00000000000000000000000000000000000000000000000000000000000000000000000000000000000000000000000000000000000000000000000000000000000000000000000000000000000","0.000000000000000","ARCHS4--Coexpression",""
"DEG_HMVL_ALL","1541","0.946599999999999997","ZNF404_ARCHS4_PEARSON","ZNF404","0","299","1.00000000000000000000000000000000000000000000000000000000000000000000000000000000000000000000000000000000000000000000000000000000000000000000000000","1.00000000000000000000000000000000000000000000000000000000000000000000000000000000000000000000000000000000000000000000000000000000000000000000000000000000000","0.000000000000000","ARCHS4--Coexpression",""
"DEG_HMVL_ALL","1542","0.947200000000000042","MEF2C_ARCHS4_PEARSON","MEF2C","0","299","1.00000000000000000000000000000000000000000000000000000000000000000000000000000000000000000000000000000000000000000000000000000000000000000000000000","1.00000000000000000000000000000000000000000000000000000000000000000000000000000000000000000000000000000000000000000000000000000000000000000000000000000000000","0.000000000000000","ARCHS4--Coexpression",""
"DEG_HMVL_ALL","1543","0.947799999999999976","NFATC4_ARCHS4_PEARSON","NFATC4","0","299","1.00000000000000000000000000000000000000000000000000000000000000000000000000000000000000000000000000000000000000000000000000000000000000000000000000","1.00000000000000000000000000000000000000000000000000000000000000000000000000000000000000000000000000000000000000000000000000000000000000000000000000000000000","0.000000000000000","ARCHS4--Coexpression",""
"DEG_HMVL_ALL","1544","0.948400000000000021","ZBTB21_ARCHS4_PEARSON","ZBTB21","0","299","1.00000000000000000000000000000000000000000000000000000000000000000000000000000000000000000000000000000000000000000000000000000000000000000000000000","1.00000000000000000000000000000000000000000000000000000000000000000000000000000000000000000000000000000000000000000000000000000000000000000000000000000000000","0.000000000000000","ARCHS4--Coexpression",""
"DEG_HMVL_ALL","1545","0.948999999999999955","HOXD3_ARCHS4_PEARSON","HOXD3","0","299","1.00000000000000000000000000000000000000000000000000000000000000000000000000000000000000000000000000000000000000000000000000000000000000000000000000","1.00000000000000000000000000000000000000000000000000000000000000000000000000000000000000000000000000000000000000000000000000000000000000000000000000000000000","0.000000000000000","ARCHS4--Coexpression",""
"DEG_HMVL_ALL","1546","0.949600000000000000","HES6_ARCHS4_PEARSON","HES6","0","299","1.00000000000000000000000000000000000000000000000000000000000000000000000000000000000000000000000000000000000000000000000000000000000000000000000000","1.00000000000000000000000000000000000000000000000000000000000000000000000000000000000000000000000000000000000000000000000000000000000000000000000000000000000","0.000000000000000","ARCHS4--Coexpression",""
"DEG_HMVL_ALL","1547","0.950200000000000045","PAX1_ARCHS4_PEARSON","PAX1","0","299","1.00000000000000000000000000000000000000000000000000000000000000000000000000000000000000000000000000000000000000000000000000000000000000000000000000","1.00000000000000000000000000000000000000000000000000000000000000000000000000000000000000000000000000000000000000000000000000000000000000000000000000000000000","0.000000000000000","ARCHS4--Coexpression",""
"DEG_HMVL_ALL","1548","0.950899999999999967","MXD1_ARCHS4_PEARSON","MXD1","0","299","1.00000000000000000000000000000000000000000000000000000000000000000000000000000000000000000000000000000000000000000000000000000000000000000000000000","1.00000000000000000000000000000000000000000000000000000000000000000000000000000000000000000000000000000000000000000000000000000000000000000000000000000000000","0.000000000000000","ARCHS4--Coexpression",""
"DEG_HMVL_ALL","1549","0.951500000000000012","HIVEP1_ARCHS4_PEARSON","HIVEP1","0","299","1.00000000000000000000000000000000000000000000000000000000000000000000000000000000000000000000000000000000000000000000000000000000000000000000000000","1.00000000000000000000000000000000000000000000000000000000000000000000000000000000000000000000000000000000000000000000000000000000000000000000000000000000000","0.000000000000000","ARCHS4--Coexpression",""
"DEG_HMVL_ALL","1550","0.952099999999999946","GPBP1_ARCHS4_PEARSON","GPBP1","0","299","1.00000000000000000000000000000000000000000000000000000000000000000000000000000000000000000000000000000000000000000000000000000000000000000000000000","1.00000000000000000000000000000000000000000000000000000000000000000000000000000000000000000000000000000000000000000000000000000000000000000000000000000000000","0.000000000000000","ARCHS4--Coexpression",""
"DEG_HMVL_ALL","1551","0.952699999999999991","ZNF287_ARCHS4_PEARSON","ZNF287","0","299","1.00000000000000000000000000000000000000000000000000000000000000000000000000000000000000000000000000000000000000000000000000000000000000000000000000","1.00000000000000000000000000000000000000000000000000000000000000000000000000000000000000000000000000000000000000000000000000000000000000000000000000000000000","0.000000000000000","ARCHS4--Coexpression",""
"DEG_HMVL_ALL","1552","0.953300000000000036","ZNF394_ARCHS4_PEARSON","ZNF394","0","299","1.00000000000000000000000000000000000000000000000000000000000000000000000000000000000000000000000000000000000000000000000000000000000000000000000000","1.00000000000000000000000000000000000000000000000000000000000000000000000000000000000000000000000000000000000000000000000000000000000000000000000000000000000","0.000000000000000","ARCHS4--Coexpression",""
"DEG_HMVL_ALL","1553","0.953899999999999970","TBR1_ARCHS4_PEARSON","TBR1","0","299","1.00000000000000000000000000000000000000000000000000000000000000000000000000000000000000000000000000000000000000000000000000000000000000000000000000","1.00000000000000000000000000000000000000000000000000000000000000000000000000000000000000000000000000000000000000000000000000000000000000000000000000000000000","0.000000000000000","ARCHS4--Coexpression",""
"DEG_HMVL_ALL","1554","0.954500000000000015","ZNF705D_ARCHS4_PEARSON","ZNF705D","0","299","1.00000000000000000000000000000000000000000000000000000000000000000000000000000000000000000000000000000000000000000000000000000000000000000000000000","1.00000000000000000000000000000000000000000000000000000000000000000000000000000000000000000000000000000000000000000000000000000000000000000000000000000000000","0.000000000000000","ARCHS4--Coexpression",""
"DEG_HMVL_ALL","1555","0.955200000000000049","TSC22D1_ARCHS4_PEARSON","TSC22D1","0","299","1.00000000000000000000000000000000000000000000000000000000000000000000000000000000000000000000000000000000000000000000000000000000000000000000000000","1.00000000000000000000000000000000000000000000000000000000000000000000000000000000000000000000000000000000000000000000000000000000000000000000000000000000000","0.000000000000000","ARCHS4--Coexpression",""
"DEG_HMVL_ALL","1556","0.955799999999999983","ZNF784_ARCHS4_PEARSON","ZNF784","0","299","1.00000000000000000000000000000000000000000000000000000000000000000000000000000000000000000000000000000000000000000000000000000000000000000000000000","1.00000000000000000000000000000000000000000000000000000000000000000000000000000000000000000000000000000000000000000000000000000000000000000000000000000000000","0.000000000000000","ARCHS4--Coexpression",""
"DEG_HMVL_ALL","1557","0.956400000000000028","NCOA3_ARCHS4_PEARSON","NCOA3","0","299","1.00000000000000000000000000000000000000000000000000000000000000000000000000000000000000000000000000000000000000000000000000000000000000000000000000","1.00000000000000000000000000000000000000000000000000000000000000000000000000000000000000000000000000000000000000000000000000000000000000000000000000000000000","0.000000000000000","ARCHS4--Coexpression",""
"DEG_HMVL_ALL","1558","0.956999999999999962","EPAS1_ARCHS4_PEARSON","EPAS1","0","299","1.00000000000000000000000000000000000000000000000000000000000000000000000000000000000000000000000000000000000000000000000000000000000000000000000000","1.00000000000000000000000000000000000000000000000000000000000000000000000000000000000000000000000000000000000000000000000000000000000000000000000000000000000","0.000000000000000","ARCHS4--Coexpression",""
"DEG_HMVL_ALL","1559","0.957600000000000007","MEIS1_ARCHS4_PEARSON","MEIS1","0","299","1.00000000000000000000000000000000000000000000000000000000000000000000000000000000000000000000000000000000000000000000000000000000000000000000000000","1.00000000000000000000000000000000000000000000000000000000000000000000000000000000000000000000000000000000000000000000000000000000000000000000000000000000000","0.000000000000000","ARCHS4--Coexpression",""
"DEG_HMVL_ALL","1560","0.958200000000000052","BACH1_ARCHS4_PEARSON","BACH1","0","299","1.00000000000000000000000000000000000000000000000000000000000000000000000000000000000000000000000000000000000000000000000000000000000000000000000000","1.00000000000000000000000000000000000000000000000000000000000000000000000000000000000000000000000000000000000000000000000000000000000000000000000000000000000","0.000000000000000","ARCHS4--Coexpression",""
"DEG_HMVL_ALL","1561","0.958799999999999986","ZNF267_ARCHS4_PEARSON","ZNF267","0","299","1.00000000000000000000000000000000000000000000000000000000000000000000000000000000000000000000000000000000000000000000000000000000000000000000000000","1.00000000000000000000000000000000000000000000000000000000000000000000000000000000000000000000000000000000000000000000000000000000000000000000000000000000000","0.000000000000000","ARCHS4--Coexpression",""
"DEG_HMVL_ALL","1562","0.959500000000000020","HSF2_ARCHS4_PEARSON","HSF2","0","299","1.00000000000000000000000000000000000000000000000000000000000000000000000000000000000000000000000000000000000000000000000000000000000000000000000000","1.00000000000000000000000000000000000000000000000000000000000000000000000000000000000000000000000000000000000000000000000000000000000000000000000000000000000","0.000000000000000","ARCHS4--Coexpression",""
"DEG_HMVL_ALL","1563","0.960099999999999953","DLX5_ARCHS4_PEARSON","DLX5","0","299","1.00000000000000000000000000000000000000000000000000000000000000000000000000000000000000000000000000000000000000000000000000000000000000000000000000","1.00000000000000000000000000000000000000000000000000000000000000000000000000000000000000000000000000000000000000000000000000000000000000000000000000000000000","0.000000000000000","ARCHS4--Coexpression",""
"DEG_HMVL_ALL","1564","0.960699999999999998","THRB_ARCHS4_PEARSON","THRB","0","299","1.00000000000000000000000000000000000000000000000000000000000000000000000000000000000000000000000000000000000000000000000000000000000000000000000000","1.00000000000000000000000000000000000000000000000000000000000000000000000000000000000000000000000000000000000000000000000000000000000000000000000000000000000","0.000000000000000","ARCHS4--Coexpression",""
"DEG_HMVL_ALL","1565","0.961300000000000043","RBPJL_ARCHS4_PEARSON","RBPJL","0","299","1.00000000000000000000000000000000000000000000000000000000000000000000000000000000000000000000000000000000000000000000000000000000000000000000000000","1.00000000000000000000000000000000000000000000000000000000000000000000000000000000000000000000000000000000000000000000000000000000000000000000000000000000000","0.000000000000000","ARCHS4--Coexpression",""
"DEG_HMVL_ALL","1566","0.961899999999999977","PTF1A_ARCHS4_PEARSON","PTF1A","0","299","1.00000000000000000000000000000000000000000000000000000000000000000000000000000000000000000000000000000000000000000000000000000000000000000000000000","1.00000000000000000000000000000000000000000000000000000000000000000000000000000000000000000000000000000000000000000000000000000000000000000000000000000000000","0.000000000000000","ARCHS4--Coexpression",""
"DEG_HMVL_ALL","1567","0.962500000000000022","AEBP1_ARCHS4_PEARSON","AEBP1","0","299","1.00000000000000000000000000000000000000000000000000000000000000000000000000000000000000000000000000000000000000000000000000000000000000000000000000","1.00000000000000000000000000000000000000000000000000000000000000000000000000000000000000000000000000000000000000000000000000000000000000000000000000000000000","0.000000000000000","ARCHS4--Coexpression",""
"DEG_HMVL_ALL","1568","0.963099999999999956","ZSCAN26_ARCHS4_PEARSON","ZSCAN26","0","299","1.00000000000000000000000000000000000000000000000000000000000000000000000000000000000000000000000000000000000000000000000000000000000000000000000000","1.00000000000000000000000000000000000000000000000000000000000000000000000000000000000000000000000000000000000000000000000000000000000000000000000000000000000","0.000000000000000","ARCHS4--Coexpression",""
"DEG_HMVL_ALL","1569","0.963799999999999990","NEUROG1_ARCHS4_PEARSON","NEUROG1","0","299","1.00000000000000000000000000000000000000000000000000000000000000000000000000000000000000000000000000000000000000000000000000000000000000000000000000","1.00000000000000000000000000000000000000000000000000000000000000000000000000000000000000000000000000000000000000000000000000000000000000000000000000000000000","0.000000000000000","ARCHS4--Coexpression",""
"DEG_HMVL_ALL","1570","0.964400000000000035","NFE2L1_ARCHS4_PEARSON","NFE2L1","0","299","1.00000000000000000000000000000000000000000000000000000000000000000000000000000000000000000000000000000000000000000000000000000000000000000000000000","1.00000000000000000000000000000000000000000000000000000000000000000000000000000000000000000000000000000000000000000000000000000000000000000000000000000000000","0.000000000000000","ARCHS4--Coexpression",""
"DEG_HMVL_ALL","1571","0.964999999999999969","NFIX_ARCHS4_PEARSON","NFIX","0","298","1.00000000000000000000000000000000000000000000000000000000000000000000000000000000000000000000000000000000000000000000000000000000000000000000000000","1.00000000000000000000000000000000000000000000000000000000000000000000000000000000000000000000000000000000000000000000000000000000000000000000000000000000000","0.000000000000000","ARCHS4--Coexpression",""
"DEG_HMVL_ALL","1572","0.965600000000000014","ZNF451_ARCHS4_PEARSON","ZNF451","0","298","1.00000000000000000000000000000000000000000000000000000000000000000000000000000000000000000000000000000000000000000000000000000000000000000000000000","1.00000000000000000000000000000000000000000000000000000000000000000000000000000000000000000000000000000000000000000000000000000000000000000000000000000000000","0.000000000000000","ARCHS4--Coexpression",""
"DEG_HMVL_ALL","1573","0.966199999999999948","ZNF420_ARCHS4_PEARSON","ZNF420","0","298","1.00000000000000000000000000000000000000000000000000000000000000000000000000000000000000000000000000000000000000000000000000000000000000000000000000","1.00000000000000000000000000000000000000000000000000000000000000000000000000000000000000000000000000000000000000000000000000000000000000000000000000000000000","0.000000000000000","ARCHS4--Coexpression",""
"DEG_HMVL_ALL","1574","0.966799999999999993","CXXC5_ARCHS4_PEARSON","CXXC5","0","298","1.00000000000000000000000000000000000000000000000000000000000000000000000000000000000000000000000000000000000000000000000000000000000000000000000000","1.00000000000000000000000000000000000000000000000000000000000000000000000000000000000000000000000000000000000000000000000000000000000000000000000000000000000","0.000000000000000","ARCHS4--Coexpression",""
"DEG_HMVL_ALL","1575","0.967400000000000038","ZNF853_ARCHS4_PEARSON","ZNF853","0","298","1.00000000000000000000000000000000000000000000000000000000000000000000000000000000000000000000000000000000000000000000000000000000000000000000000000","1.00000000000000000000000000000000000000000000000000000000000000000000000000000000000000000000000000000000000000000000000000000000000000000000000000000000000","0.000000000000000","ARCHS4--Coexpression",""
"DEG_HMVL_ALL","1576","0.968099999999999961","HOXD12_ARCHS4_PEARSON","HOXD12","0","298","1.00000000000000000000000000000000000000000000000000000000000000000000000000000000000000000000000000000000000000000000000000000000000000000000000000","1.00000000000000000000000000000000000000000000000000000000000000000000000000000000000000000000000000000000000000000000000000000000000000000000000000000000000","0.000000000000000","ARCHS4--Coexpression",""
"DEG_HMVL_ALL","1577","0.968700000000000006","ZNF800_ARCHS4_PEARSON","ZNF800","0","298","1.00000000000000000000000000000000000000000000000000000000000000000000000000000000000000000000000000000000000000000000000000000000000000000000000000","1.00000000000000000000000000000000000000000000000000000000000000000000000000000000000000000000000000000000000000000000000000000000000000000000000000000000000","0.000000000000000","ARCHS4--Coexpression",""
"DEG_HMVL_ALL","1578","0.969300000000000050","ZNF354A_ARCHS4_PEARSON","ZNF354A","0","298","1.00000000000000000000000000000000000000000000000000000000000000000000000000000000000000000000000000000000000000000000000000000000000000000000000000","1.00000000000000000000000000000000000000000000000000000000000000000000000000000000000000000000000000000000000000000000000000000000000000000000000000000000000","0.000000000000000","ARCHS4--Coexpression",""
"DEG_HMVL_ALL","1579","0.969899999999999984","ZNF438_ARCHS4_PEARSON","ZNF438","0","298","1.00000000000000000000000000000000000000000000000000000000000000000000000000000000000000000000000000000000000000000000000000000000000000000000000000","1.00000000000000000000000000000000000000000000000000000000000000000000000000000000000000000000000000000000000000000000000000000000000000000000000000000000000","0.000000000000000","ARCHS4--Coexpression",""
"DEG_HMVL_ALL","1580","0.970500000000000029","PRRX1_ARCHS4_PEARSON","PRRX1","0","298","1.00000000000000000000000000000000000000000000000000000000000000000000000000000000000000000000000000000000000000000000000000000000000000000000000000","1.00000000000000000000000000000000000000000000000000000000000000000000000000000000000000000000000000000000000000000000000000000000000000000000000000000000000","0.000000000000000","ARCHS4--Coexpression",""
"DEG_HMVL_ALL","1581","0.971099999999999963","ZNF479_ARCHS4_PEARSON","ZNF479","0","298","1.00000000000000000000000000000000000000000000000000000000000000000000000000000000000000000000000000000000000000000000000000000000000000000000000000","1.00000000000000000000000000000000000000000000000000000000000000000000000000000000000000000000000000000000000000000000000000000000000000000000000000000000000","0.000000000000000","ARCHS4--Coexpression",""
"DEG_HMVL_ALL","1582","0.971700000000000008","ZNF468_ARCHS4_PEARSON","ZNF468","0","298","1.00000000000000000000000000000000000000000000000000000000000000000000000000000000000000000000000000000000000000000000000000000000000000000000000000","1.00000000000000000000000000000000000000000000000000000000000000000000000000000000000000000000000000000000000000000000000000000000000000000000000000000000000","0.000000000000000","ARCHS4--Coexpression",""
"DEG_HMVL_ALL","1583","0.972400000000000042","TIGD7_ARCHS4_PEARSON","TIGD7","0","298","1.00000000000000000000000000000000000000000000000000000000000000000000000000000000000000000000000000000000000000000000000000000000000000000000000000","1.00000000000000000000000000000000000000000000000000000000000000000000000000000000000000000000000000000000000000000000000000000000000000000000000000000000000","0.000000000000000","ARCHS4--Coexpression",""
"DEG_HMVL_ALL","1584","0.972999999999999976","TEF_ARCHS4_PEARSON","TEF","0","298","1.00000000000000000000000000000000000000000000000000000000000000000000000000000000000000000000000000000000000000000000000000000000000000000000000000","1.00000000000000000000000000000000000000000000000000000000000000000000000000000000000000000000000000000000000000000000000000000000000000000000000000000000000","0.000000000000000","ARCHS4--Coexpression",""
"DEG_HMVL_ALL","1585","0.973600000000000021","ZNF254_ARCHS4_PEARSON","ZNF254","0","298","1.00000000000000000000000000000000000000000000000000000000000000000000000000000000000000000000000000000000000000000000000000000000000000000000000000","1.00000000000000000000000000000000000000000000000000000000000000000000000000000000000000000000000000000000000000000000000000000000000000000000000000000000000","0.000000000000000","ARCHS4--Coexpression",""
"DEG_HMVL_ALL","1586","0.974199999999999955","ZIC1_ARCHS4_PEARSON","ZIC1","0","298","1.00000000000000000000000000000000000000000000000000000000000000000000000000000000000000000000000000000000000000000000000000000000000000000000000000","1.00000000000000000000000000000000000000000000000000000000000000000000000000000000000000000000000000000000000000000000000000000000000000000000000000000000000","0.000000000000000","ARCHS4--Coexpression",""
"DEG_HMVL_ALL","1587","0.974800000000000000","TWIST2_ARCHS4_PEARSON","TWIST2","0","298","1.00000000000000000000000000000000000000000000000000000000000000000000000000000000000000000000000000000000000000000000000000000000000000000000000000","1.00000000000000000000000000000000000000000000000000000000000000000000000000000000000000000000000000000000000000000000000000000000000000000000000000000000000","0.000000000000000","ARCHS4--Coexpression",""
"DEG_HMVL_ALL","1588","0.975400000000000045","OLIG2_ARCHS4_PEARSON","OLIG2","0","298","1.00000000000000000000000000000000000000000000000000000000000000000000000000000000000000000000000000000000000000000000000000000000000000000000000000","1.00000000000000000000000000000000000000000000000000000000000000000000000000000000000000000000000000000000000000000000000000000000000000000000000000000000000","0.000000000000000","ARCHS4--Coexpression",""
"DEG_HMVL_ALL","1589","0.975999999999999979","PRDM4_ARCHS4_PEARSON","PRDM4","0","298","1.00000000000000000000000000000000000000000000000000000000000000000000000000000000000000000000000000000000000000000000000000000000000000000000000000","1.00000000000000000000000000000000000000000000000000000000000000000000000000000000000000000000000000000000000000000000000000000000000000000000000000000000000","0.000000000000000","ARCHS4--Coexpression",""
"DEG_HMVL_ALL","1590","0.976700000000000013","ARNT2_ARCHS4_PEARSON","ARNT2","0","298","1.00000000000000000000000000000000000000000000000000000000000000000000000000000000000000000000000000000000000000000000000000000000000000000000000000","1.00000000000000000000000000000000000000000000000000000000000000000000000000000000000000000000000000000000000000000000000000000000000000000000000000000000000","0.000000000000000","ARCHS4--Coexpression",""
"DEG_HMVL_ALL","1591","0.977299999999999947","CREB1_ARCHS4_PEARSON","CREB1","0","298","1.00000000000000000000000000000000000000000000000000000000000000000000000000000000000000000000000000000000000000000000000000000000000000000000000000","1.00000000000000000000000000000000000000000000000000000000000000000000000000000000000000000000000000000000000000000000000000000000000000000000000000000000000","0.000000000000000","ARCHS4--Coexpression",""
"DEG_HMVL_ALL","1592","0.977899999999999991","SGSM2_ARCHS4_PEARSON","SGSM2","0","298","1.00000000000000000000000000000000000000000000000000000000000000000000000000000000000000000000000000000000000000000000000000000000000000000000000000","1.00000000000000000000000000000000000000000000000000000000000000000000000000000000000000000000000000000000000000000000000000000000000000000000000000000000000","0.000000000000000","ARCHS4--Coexpression",""
"DEG_HMVL_ALL","1593","0.978500000000000036","ETV1_ARCHS4_PEARSON","ETV1","0","298","1.00000000000000000000000000000000000000000000000000000000000000000000000000000000000000000000000000000000000000000000000000000000000000000000000000","1.00000000000000000000000000000000000000000000000000000000000000000000000000000000000000000000000000000000000000000000000000000000000000000000000000000000000","0.000000000000000","ARCHS4--Coexpression",""
"DEG_HMVL_ALL","1594","0.979099999999999970","TBX18_ARCHS4_PEARSON","TBX18","0","298","1.00000000000000000000000000000000000000000000000000000000000000000000000000000000000000000000000000000000000000000000000000000000000000000000000000","1.00000000000000000000000000000000000000000000000000000000000000000000000000000000000000000000000000000000000000000000000000000000000000000000000000000000000","0.000000000000000","ARCHS4--Coexpression",""
"DEG_HMVL_ALL","1595","0.979700000000000015","NKX23_ARCHS4_PEARSON","NKX23","0","298","1.00000000000000000000000000000000000000000000000000000000000000000000000000000000000000000000000000000000000000000000000000000000000000000000000000","1.00000000000000000000000000000000000000000000000000000000000000000000000000000000000000000000000000000000000000000000000000000000000000000000000000000000000","0.000000000000000","ARCHS4--Coexpression",""
"DEG_HMVL_ALL","1596","0.980299999999999949","ERG_ARCHS4_PEARSON","ERG","0","298","1.00000000000000000000000000000000000000000000000000000000000000000000000000000000000000000000000000000000000000000000000000000000000000000000000000","1.00000000000000000000000000000000000000000000000000000000000000000000000000000000000000000000000000000000000000000000000000000000000000000000000000000000000","0.000000000000000","ARCHS4--Coexpression",""
"DEG_HMVL_ALL","1597","0.980999999999999983","ZNF322_ARCHS4_PEARSON","ZNF322","0","298","1.00000000000000000000000000000000000000000000000000000000000000000000000000000000000000000000000000000000000000000000000000000000000000000000000000","1.00000000000000000000000000000000000000000000000000000000000000000000000000000000000000000000000000000000000000000000000000000000000000000000000000000000000","0.000000000000000","ARCHS4--Coexpression",""
"DEG_HMVL_ALL","1598","0.981600000000000028","ZNF721_ARCHS4_PEARSON","ZNF721","0","298","1.00000000000000000000000000000000000000000000000000000000000000000000000000000000000000000000000000000000000000000000000000000000000000000000000000","1.00000000000000000000000000000000000000000000000000000000000000000000000000000000000000000000000000000000000000000000000000000000000000000000000000000000000","0.000000000000000","ARCHS4--Coexpression",""
"DEG_HMVL_ALL","1599","0.982199999999999962","MYNN_ARCHS4_PEARSON","MYNN","0","298","1.00000000000000000000000000000000000000000000000000000000000000000000000000000000000000000000000000000000000000000000000000000000000000000000000000","1.00000000000000000000000000000000000000000000000000000000000000000000000000000000000000000000000000000000000000000000000000000000000000000000000000000000000","0.000000000000000","ARCHS4--Coexpression",""
"DEG_HMVL_ALL","1600","0.982800000000000007","ZSCAN9_ARCHS4_PEARSON","ZSCAN9","0","298","1.00000000000000000000000000000000000000000000000000000000000000000000000000000000000000000000000000000000000000000000000000000000000000000000000000","1.00000000000000000000000000000000000000000000000000000000000000000000000000000000000000000000000000000000000000000000000000000000000000000000000000000000000","0.000000000000000","ARCHS4--Coexpression",""
"DEG_HMVL_ALL","1601","0.983400000000000052","ZNF358_ARCHS4_PEARSON","ZNF358","0","298","1.00000000000000000000000000000000000000000000000000000000000000000000000000000000000000000000000000000000000000000000000000000000000000000000000000","1.00000000000000000000000000000000000000000000000000000000000000000000000000000000000000000000000000000000000000000000000000000000000000000000000000000000000","0.000000000000000","ARCHS4--Coexpression",""
"DEG_HMVL_ALL","1602","0.983999999999999986","ZBED6_ARCHS4_PEARSON","ZBED6","0","298","1.00000000000000000000000000000000000000000000000000000000000000000000000000000000000000000000000000000000000000000000000000000000000000000000000000","1.00000000000000000000000000000000000000000000000000000000000000000000000000000000000000000000000000000000000000000000000000000000000000000000000000000000000","0.000000000000000","ARCHS4--Coexpression",""
"DEG_HMVL_ALL","1603","0.984600000000000031","NKX26_ARCHS4_PEARSON","NKX26","0","298","1.00000000000000000000000000000000000000000000000000000000000000000000000000000000000000000000000000000000000000000000000000000000000000000000000000","1.00000000000000000000000000000000000000000000000000000000000000000000000000000000000000000000000000000000000000000000000000000000000000000000000000000000000","0.000000000000000","ARCHS4--Coexpression",""
"DEG_HMVL_ALL","1604","0.985299999999999954","ATOH8_ARCHS4_PEARSON","ATOH8","0","298","1.00000000000000000000000000000000000000000000000000000000000000000000000000000000000000000000000000000000000000000000000000000000000000000000000000","1.00000000000000000000000000000000000000000000000000000000000000000000000000000000000000000000000000000000000000000000000000000000000000000000000000000000000","0.000000000000000","ARCHS4--Coexpression",""
"DEG_HMVL_ALL","1605","0.985899999999999999","NACC2_ARCHS4_PEARSON","NACC2","0","298","1.00000000000000000000000000000000000000000000000000000000000000000000000000000000000000000000000000000000000000000000000000000000000000000000000000","1.00000000000000000000000000000000000000000000000000000000000000000000000000000000000000000000000000000000000000000000000000000000000000000000000000000000000","0.000000000000000","ARCHS4--Coexpression",""
"DEG_HMVL_ALL","1606","0.986500000000000044","ZSCAN23_ARCHS4_PEARSON","ZSCAN23","0","298","1.00000000000000000000000000000000000000000000000000000000000000000000000000000000000000000000000000000000000000000000000000000000000000000000000000","1.00000000000000000000000000000000000000000000000000000000000000000000000000000000000000000000000000000000000000000000000000000000000000000000000000000000000","0.000000000000000","ARCHS4--Coexpression",""
"DEG_HMVL_ALL","1607","0.987099999999999977","ZGLP1_ARCHS4_PEARSON","ZGLP1","0","298","1.00000000000000000000000000000000000000000000000000000000000000000000000000000000000000000000000000000000000000000000000000000000000000000000000000","1.00000000000000000000000000000000000000000000000000000000000000000000000000000000000000000000000000000000000000000000000000000000000000000000000000000000000","0.000000000000000","ARCHS4--Coexpression",""
"DEG_HMVL_ALL","1608","0.987700000000000022","MKX_ARCHS4_PEARSON","MKX","0","298","1.00000000000000000000000000000000000000000000000000000000000000000000000000000000000000000000000000000000000000000000000000000000000000000000000000","1.00000000000000000000000000000000000000000000000000000000000000000000000000000000000000000000000000000000000000000000000000000000000000000000000000000000000","0.000000000000000","ARCHS4--Coexpression",""
"DEG_HMVL_ALL","1609","0.988299999999999956","ZSCAN16_ARCHS4_PEARSON","ZSCAN16","0","298","1.00000000000000000000000000000000000000000000000000000000000000000000000000000000000000000000000000000000000000000000000000000000000000000000000000","1.00000000000000000000000000000000000000000000000000000000000000000000000000000000000000000000000000000000000000000000000000000000000000000000000000000000000","0.000000000000000","ARCHS4--Coexpression",""
"DEG_HMVL_ALL","1610","0.988900000000000001","ZNF17_ARCHS4_PEARSON","ZNF17","0","298","1.00000000000000000000000000000000000000000000000000000000000000000000000000000000000000000000000000000000000000000000000000000000000000000000000000","1.00000000000000000000000000000000000000000000000000000000000000000000000000000000000000000000000000000000000000000000000000000000000000000000000000000000000","0.000000000000000","ARCHS4--Coexpression",""
"DEG_HMVL_ALL","1611","0.989600000000000035","MYPOP_ARCHS4_PEARSON","MYPOP","0","298","1.00000000000000000000000000000000000000000000000000000000000000000000000000000000000000000000000000000000000000000000000000000000000000000000000000","1.00000000000000000000000000000000000000000000000000000000000000000000000000000000000000000000000000000000000000000000000000000000000000000000000000000000000","0.000000000000000","ARCHS4--Coexpression",""
"DEG_HMVL_ALL","1612","0.990199999999999969","BARHL1_ARCHS4_PEARSON","BARHL1","0","298","1.00000000000000000000000000000000000000000000000000000000000000000000000000000000000000000000000000000000000000000000000000000000000000000000000000","1.00000000000000000000000000000000000000000000000000000000000000000000000000000000000000000000000000000000000000000000000000000000000000000000000000000000000","0.000000000000000","ARCHS4--Coexpression",""
"DEG_HMVL_ALL","1613","0.990800000000000014","ZNF644_ARCHS4_PEARSON","ZNF644","0","298","1.00000000000000000000000000000000000000000000000000000000000000000000000000000000000000000000000000000000000000000000000000000000000000000000000000","1.00000000000000000000000000000000000000000000000000000000000000000000000000000000000000000000000000000000000000000000000000000000000000000000000000000000000","0.000000000000000","ARCHS4--Coexpression",""
"DEG_HMVL_ALL","1614","0.991399999999999948","NR2C1_ARCHS4_PEARSON","NR2C1","0","298","1.00000000000000000000000000000000000000000000000000000000000000000000000000000000000000000000000000000000000000000000000000000000000000000000000000","1.00000000000000000000000000000000000000000000000000000000000000000000000000000000000000000000000000000000000000000000000000000000000000000000000000000000000","0.000000000000000","ARCHS4--Coexpression",""
"DEG_HMVL_ALL","1615","0.991999999999999993","ZNF81_ARCHS4_PEARSON","ZNF81","0","298","1.00000000000000000000000000000000000000000000000000000000000000000000000000000000000000000000000000000000000000000000000000000000000000000000000000","1.00000000000000000000000000000000000000000000000000000000000000000000000000000000000000000000000000000000000000000000000000000000000000000000000000000000000","0.000000000000000","ARCHS4--Coexpression",""
"DEG_HMVL_ALL","1616","0.992600000000000038","ZNF488_ARCHS4_PEARSON","ZNF488","0","298","1.00000000000000000000000000000000000000000000000000000000000000000000000000000000000000000000000000000000000000000000000000000000000000000000000000","1.00000000000000000000000000000000000000000000000000000000000000000000000000000000000000000000000000000000000000000000000000000000000000000000000000000000000","0.000000000000000","ARCHS4--Coexpression",""
"DEG_HMVL_ALL","1617","0.993199999999999972","POU6F1_ARCHS4_PEARSON","POU6F1","0","298","1.00000000000000000000000000000000000000000000000000000000000000000000000000000000000000000000000000000000000000000000000000000000000000000000000000","1.00000000000000000000000000000000000000000000000000000000000000000000000000000000000000000000000000000000000000000000000000000000000000000000000000000000000","0.000000000000000","ARCHS4--Coexpression",""
"DEG_HMVL_ALL","1618","0.993900000000000006","NKX62_ARCHS4_PEARSON","NKX62","0","298","1.00000000000000000000000000000000000000000000000000000000000000000000000000000000000000000000000000000000000000000000000000000000000000000000000000","1.00000000000000000000000000000000000000000000000000000000000000000000000000000000000000000000000000000000000000000000000000000000000000000000000000000000000","0.000000000000000","ARCHS4--Coexpression",""
"DEG_HMVL_ALL","1619","0.994500000000000051","PRRX2_ARCHS4_PEARSON","PRRX2","0","298","1.00000000000000000000000000000000000000000000000000000000000000000000000000000000000000000000000000000000000000000000000000000000000000000000000000","1.00000000000000000000000000000000000000000000000000000000000000000000000000000000000000000000000000000000000000000000000000000000000000000000000000000000000","0.000000000000000","ARCHS4--Coexpression",""
"DEG_HMVL_ALL","1620","0.995099999999999985","ZNF460_ARCHS4_PEARSON","ZNF460","0","298","1.00000000000000000000000000000000000000000000000000000000000000000000000000000000000000000000000000000000000000000000000000000000000000000000000000","1.00000000000000000000000000000000000000000000000000000000000000000000000000000000000000000000000000000000000000000000000000000000000000000000000000000000000","0.000000000000000","ARCHS4--Coexpression",""
"DEG_HMVL_ALL","1621","0.995700000000000029","NKX25_ARCHS4_PEARSON","NKX25","0","298","1.00000000000000000000000000000000000000000000000000000000000000000000000000000000000000000000000000000000000000000000000000000000000000000000000000","1.00000000000000000000000000000000000000000000000000000000000000000000000000000000000000000000000000000000000000000000000000000000000000000000000000000000000","0.000000000000000","ARCHS4--Coexpression",""
"DEG_HMVL_ALL","1622","0.996299999999999963","THRA_ARCHS4_PEARSON","THRA","0","297","1.00000000000000000000000000000000000000000000000000000000000000000000000000000000000000000000000000000000000000000000000000000000000000000000000000","1.00000000000000000000000000000000000000000000000000000000000000000000000000000000000000000000000000000000000000000000000000000000000000000000000000000000000","0.000000000000000","ARCHS4--Coexpression",""
"DEG_HMVL_ALL","1623","0.996900000000000008","ZNF654_ARCHS4_PEARSON","ZNF654","0","297","1.00000000000000000000000000000000000000000000000000000000000000000000000000000000000000000000000000000000000000000000000000000000000000000000000000","1.00000000000000000000000000000000000000000000000000000000000000000000000000000000000000000000000000000000000000000000000000000000000000000000000000000000000","0.000000000000000","ARCHS4--Coexpression",""
"DEG_HMVL_ALL","1624","0.997500000000000053","DEAF1_ARCHS4_PEARSON","DEAF1","0","297","1.00000000000000000000000000000000000000000000000000000000000000000000000000000000000000000000000000000000000000000000000000000000000000000000000000","1.00000000000000000000000000000000000000000000000000000000000000000000000000000000000000000000000000000000000000000000000000000000000000000000000000000000000","0.000000000000000","ARCHS4--Coexpression",""
"DEG_HMVL_ALL","1625","0.998199999999999976","RLF_ARCHS4_PEARSON","RLF","0","297","1.00000000000000000000000000000000000000000000000000000000000000000000000000000000000000000000000000000000000000000000000000000000000000000000000000","1.00000000000000000000000000000000000000000000000000000000000000000000000000000000000000000000000000000000000000000000000000000000000000000000000000000000000","0.000000000000000","ARCHS4--Coexpression",""
"DEG_HMVL_ALL","1626","0.998800000000000021","SOX8_ARCHS4_PEARSON","SOX8","0","297","1.00000000000000000000000000000000000000000000000000000000000000000000000000000000000000000000000000000000000000000000000000000000000000000000000000","1.00000000000000000000000000000000000000000000000000000000000000000000000000000000000000000000000000000000000000000000000000000000000000000000000000000000000","0.000000000000000","ARCHS4--Coexpression",""
"DEG_HMVL_ALL","1627","0.999399999999999955","ZNF852_ARCHS4_PEARSON","ZNF852","0","297","1.00000000000000000000000000000000000000000000000000000000000000000000000000000000000000000000000000000000000000000000000000000000000000000000000000","1.00000000000000000000000000000000000000000000000000000000000000000000000000000000000000000000000000000000000000000000000000000000000000000000000000000000000","0.000000000000000","ARCHS4--Coexpression",""
"DEG_HMVL_ALL","1628","1.000000000000000000","OLIG1_ARCHS4_PEARSON","OLIG1","0","296","1.00000000000000000000000000000000000000000000000000000000000000000000000000000000000000000000000000000000000000000000000000000000000000000000000000","1.00000000000000000000000000000000000000000000000000000000000000000000000000000000000000000000000000000000000000000000000000000000000000000000000000000000000","0.000000000000000","ARCHS4--Coexpression",""
