"Query Name","Rank","Scaled Rank","Set_name","TF","Intersect","Set length","FET p-value","FDR","Odds Ratio","Library","Overlapping_Genes"
"DEG_HMVL_TOR10","1","0.00609800000000000","FOXM1_25889361_CHIPSEQ_OE33ANDU2OS_HUMAN","FOXM1","217","876","0.00000000000000000000000000000000000000000000000000000000000000000000000006478","0.0000000000000000000000000000000000000000000000000000000000000000000000199","5.7180","Literature--ChIP-seq","MDC1,GTSE1,DDX39A,PIF1,CDCA2,PARPBP,CDCA3,CDCA5,CDCA8,NCAPG,IQGAP3,NCAPH,AFMID,EXPH5,VANGL1,FAM111A,EZH2,TUBA1C,TUBA1B,DLGAP5,DYNLL1,INCENP,CKS2,ZNF230,CENPA,RECQL4,NEURL1B,CENPU,CENPE,CENPF,CENPL,CENPN,NCAPD2,CENPO,NCAPD3,CDKN3,NEK2,KMT5A,KPNA2,UBALD2,CDC25C,MSH5,BLM,TROAP,SAC3D1,GOT1,ODF2,FOXM1,DBF4,BIRC5,RNFT2,E2F7,E2F8,PRC1,CCNF,CDC20,RASSF1,FBXO5,TMPO,HASPIN,THAP8,KIF20A,KIF20B,RACGAP1,CEP192,XRCC4,ANLN,PAF1,CALM3,KIF14,KIF11,KIF15,MIS18BP1,KIF24,KIF23,DEPDC1,KIF2C,SERTAD1,PCNT,RELT,PAK4,TACC3,MAD2L1,BUB1B,TTF2,RGS3,BORA,GEM,HNRNPUL1,CCNB2,CCNB1,GRK6,ECT2,UBE2C,ARHGEF39,CAV1,UBE2S,KIF4A,UBE2T,NABP1,MXD3,PHF19,PHTF2,HP1BP3,HMGB2,HMGB3,LMNB1,SUN2,RBM15,DARS2,CIP2A,CCNA2,SFPQ,PSRC1,AURKB,AURKA,RRM2,TAF5,TLNRD1,SMC4,IER5,DKK1,KNSTRN,DEPDC1B,PRR11,ASF1B,RHNO1,WDR62,SKA3,SKA2,RAD21,CEP70,PLK4,CDK19,PLK1,ARPC1B,NUF2,PBK,TK1,CEP55,CIT,KIFC1,BRD8,CDKN2D,CDKN2C,NDE1,TUBB4B,MZT1,HYLS1,RTKN2,HJURP,OIP5,ILF2,HMMR,AKIRIN2,CCDC18,REEP4,RHEB,CNOT3,CDK1,DNMT3B,LBR,RFC3,CCDC34,CKAP2L,RANGAP1,ASPM,ESPL1,SAPCD2,MTFR2,TTK,CCDC77,SPAG5,RNF26,KIAA0586,RHEBL1,ARL6IP1,MKI67,CHEK2,SEPHS1,PIMREG,DNA2,LIAS,TPX2,ANP32E,TOP2A,PCF11,TNFAIP8L1,POC5,DTYMK,EMC9,NUCKS1,RDM1,PTTG1,NUSAP1,GAS2L3,SGO1,KCTD9,SGO2,GSTCD,ARHGAP19,FAM83D,STIL,COQ7,KIF18A,KIF18B,GPSM2,CKS1B,CKAP2,CKAP5,USP13,LIN9,BUB3,BUB1,SCLT1,TICRR,CDK2AP2"
"DEG_HMVL_TOR10","2","0.01220000000000000","E2F4_17652178_CHIPCHIP_JURKAT_HUMAN","E2F4","159","840","0.00000000000000000000000000000000000000047490000000000000402325542384457844677","0.0000000000000000000000000000000000000485999999999999957479708803343594813","4.0540","Literature--ChIP-seq","NUP107,GTSE1,HES7,CDCA2,CDCA3,CDCA5,CDCA7,CDCA8,IQGAP3,HSPH1,VANGL1,FAM111A,SASS6,NCAPG2,DLGAP5,TMC4,INCENP,CENPA,CENPF,PSMC3,CENPI,CENPK,CENPO,CENPP,NEK2,NUDT15,CDC25C,MSH5,BLM,TROAP,NDC80,FOXM1,EXO1,BIRC5,CDC45,FBXO5,TMPO,KIF20A,KIF20B,RACGAP1,XRCC4,DDIAS,ANLN,SUV39H2,SUV39H1,KIF11,BRCA2,KIF15,KIF2C,FAAP24,NEDD1,MAD2L1,SPC25,BUB1B,TTF2,GEN1,BORA,ZGRF1,HNRNPUL1,CCNB2,CCNB1,CLK1,TMEM237,UBE2S,KIF4A,HMGB2,LMNB1,RBM15,DARS2,CIP2A,MASTL,CCNA2,SFPQ,PNKP,AURKB,RRM1,RRM2,SMC4,SMC2,MTBP,MYC,FDXR,RTTN,JUNB,CDK5RAP2,DEPDC1B,PRR11,ASF1B,PLK4,CDK19,PLK1,MEX3C,RAD18,NUF2,PBK,NDC1,TERF1,CIT,KIFC1,BRD8,CDKN2D,ZNF331,RTKN2,FGF9,VRK1,TRAIP,HMMR,RAD51AP1,FANCM,CDK1,RAD9B,MCM8,RFC3,CCDC34,CKAP2L,ASPM,ESPL1,MTFR2,NEMP1,TTK,FBXL20,CCDC77,SPAG5,CEP152,MKI67,PCLAF,ESCO2,KNL1,TMTC2,ZWINT,TPX2,ANP32E,TOP2A,RAD54B,METTL4,RAD54L,GINS4,CAMK4,TRIP13,ZWILCH,DSCC1,NUCKS1,NUSAP1,SGO1,SGO2,FANCD2,TIMELESS,ARHGAP19,HSPA8,STIL,KIF18A,ITGB3BP,DBF4B,BUB3,BUB1,POLQ,ARID3B,DEK,SHCBP1"
"DEG_HMVL_TOR10","3","0.01829000000000000","MYBL2_22936984_CHIPCHIP_MESC_MOUSE","MYBL2","161","1684","0.00000000007449000000000000591528184255306669313279055444354526116512715816498","0.0000000057200000000000000998247132470621995059545383810473140329122543335","1.8360","Literature--ChIP-seq","MDC1,NUP107,LIPH,GTSE1,HES7,DDX39A,RFX5,PIF1,CDCA2,CDCA3,SHMT1,CDCA8,AFMID,NCAPH2,TDP1,SASS6,EZH2,TUBA1B,SMPD4,DLGAP5,TMC4,BDH2,INCENP,CKS2,HAS2,CENPU,CENPE,CENPL,NCAPD2,CENPP,NAB2,KMT5A,KPNA2,CDC25C,ACAP1,TROAP,NRF1,FBXO43,SAC3D1,BDNF,NDC80,CNTROB,ARHGAP11A,FOXM1,HSP90AA1,DBF4,KATNA1,E2F7,PRC1,CDC20,RASSF1,TRIM28,RCC1,TMPO,KIF20A,KIF20B,EPHA2,RACGAP1,ANLN,KIF11,CTSS,KIF15,KIF23,KIF22,DEPDC1,KIF2C,CAMK2N2,RELT,PAK4,SPC25,BUB1B,HNRNPUL1,CCNB2,CCNB1,ECT2,UBE2C,NABP1,MXD4,HMGB2,LMNB2,MYBL2,RBM15,DARS2,SFPQ,PSRC1,AURKB,AURKA,RRM1,RRM2,EPOR,SMC4,NAA80,SMC2,HOXA6,IER5,CDK5RAP2,DKK1,PRR11,ASF1B,CDK19,PLK1,MEX3C,NUF2,TK1,TERF1,CIT,HBEGF,GCNT2,BRD8,NDE1,TUBB4B,OIP5,USP2,HMMR,SRGAP2,FANCM,OSBPL5,FANCG,RHEB,WRAP53,AMH,LBR,PLEKHG2,CKAP2L,RANGAP1,ACSS2,CCDC77,RNF26,DNAJA1,SYCP3,ARL6IP1,SEPHS1,KNL1,GADD45B,TPX2,ANP32E,TOP2A,LRRIQ1,MTSS1,METTL4,GSTA4,NUCKS1,CCDC28B,RDM1,NUSAP1,SGO1,KCTD9,SGO2,FANCD2,ABCG2,ARHGAP19,ZMAT3,HSPA8,TSGA10,KIF18A,CKS1B,POLH,PCDHGA6,GNA15,BUB3,ARID3B"
"DEG_HMVL_TOR10","4","0.02439000000000000","SOX2_20726797_CHIPSEQ_SW620_HUMAN","SOX2","203","2308","0.00000000050379999999999995597995294222101909931144092524846200831234455108643","0.0000000308999999999999987605353330300667069607811754394788295030593872070","1.6750","Literature--ChIP-seq","MYL5,ASPHD1,PADI2,PADI1,CDCA2,ZNF273,ZBTB7C,HACE1,NEBL,LYZ,VANGL1,FAM111A,BHLHE41,SMPD3,DLGAP5,ARG2,GPR37,TMC5,TMC4,HAS2,CENPF,RIMBP2,UGT1A10,LY75,FRY,NEK2,SLC16A4,SDCBP2,FRMD6,PKP4,AJUBA,DSC2,COL17A1,RAP1GAP,SPATA7,SOCS2,PORCN,MED30,BCAS1,BOK,TNFRSF1B,BIRC5,PRPS2,ATP10B,MLLT3,PARD6B,E2F8,TRIM31,CPNE8,ERRFI1,SPON2,IFI35,PEX11B,ARSD,TSPAN1,CCDC9B,HSPA12A,LPAR5,TH,APOBEC3B,KIF14,PTPRH,CTSS,KIF15,PHGDH,TNFRSF12A,NR5A2,G2E3,TAGLN,SATB1,SERTAD1,CAMK2N1,GPC4,CAP2,TMEM176A,NEDD1,KLHL35,PRDM1,RGS3,MORC4,SPINK5,CCNE1,SLC1A1,CAV1,BMP2,TMEM237,TMEM45B,NAV1,SHANK2,TMEM45A,MVP,AURKB,GALNT6,RSPH1,TEF,STMN1,PRSS3,IER5,PRKCH,SYTL2,DEPDC1B,MAML3,RAD21,CEP72,S100A14,PROM1,WNT10A,MEX3C,EHD2,FANK1,MYOM3,CSRP2,PBK,TIMP2,TMSB15B,MGLL,HBEGF,ADCY7,PDF,CHN2,GCNT3,CDKN2C,GSN,CARD6,RFLNB,DHRS9,LPCAT2,ZNF331,ERF,CBFB,HMMR,TPPP,MAP2K6,OSBPL5,DAB2,RHEB,WRAP53,MCM8,CCDC34,ESPL1,MTFR2,CCDC69,TTK,CYP3A5,HDAC9,NHS,CCDC77,KIAA0586,RHEBL1,VSIG1,NIPAL3,TNS4,OVOL1,NEIL2,BEX2,IGSF3,MAOB,KLK6,GADD45B,SMTN,AKR1B10,CLIC5,KRT20,SOSTDC1,PARP2,PROX1,MTSS1,CEACAM6,TFF1,RAB7B,TOR4A,RAD54B,SCEL,MYEF2,SCD5,FAS,TJP3,STEAP4,DSCC1,ARHGDIB,ANXA10,FANCD2,STEAP2,ABCG2,NID1,DPP4,ALDH3B1,NMUR2,SLC40A1,SDR16C5,UPK3B,OAS1,PALLD,OAS3,MNS1,PRTFDC1,USP13,FAM169A,TFPI,GNA15,SGPP2,NAP1L5,MLPH"
"DEG_HMVL_TOR10","5","0.03049000000000000","AR_21909140_CHIPSEQ_LNCAP_HUMAN","AR","43","282","0.00000000188800000000000009773530997101570472196385708230081945657730102539062","0.0000000828000000000000002765501586413088297433660045498982071876525878906","3.1240","Literature--ChIP-seq","CDCA2,CDCA8,IQGAP3,CENPL,CENPN,ADGRL2,NEK2,DSC2,NDC80,SP8,CDC45,ERRFI1,TMPO,HASPIN,KIF20A,DDIAS,ANLN,KIF23,DEPDC1,TACC3,NDRG1,EEFSEC,CCNA2,SFPQ,MYC,SYTL2,DEPDC1B,RAD21,HMOX1,PBK,CIT,MELK,CDK1,CCDC34,CKAP2L,POLR2A,SLC22A3,TMTC2,ZWINT,TPX2,DSCC1,SGO2,DCK"
"DEG_HMVL_TOR10","6","0.03659000000000000","MYCN_21190229_CHIPSEQ_SHEP21N_HUMAN","MYCN","47","329","0.00000000309500000000000016898008295092910996393342770716117229312658309936523","0.0000001189999999999999935562341232125893597526555822696536779403686523438","2.8940","Literature--ChIP-seq","CDCA3,CDCA8,CFAP69,SMPD3,DLGAP5,CENPU,CENPP,FRY,MSH5,TROAP,NDC80,ARHGAP11A,FOXM1,XRCC4,KIF11,KIF22,MAD2L1,SPC25,UBE2C,KIF4A,PHF19,HMGB3,DARS2,AURKB,MTBP,RAD18,NUF2,NDC1,COL21A1,GPR3,USP2,RAD51AP1,FANCI,MTFR2,TTK,RBBP6,PPIL6,AMPD3,ZWILCH,EME1,LIG1,KAZN,TIMELESS,CABP1,OAS3,ITGB3BP,DBF4B"
"DEG_HMVL_TOR10","7","0.04268000000000000","KLF4_18358816_CHIPCHIP_MESC_MOUSE","KLF4","117","1395","0.00000876300000000000063366152602828407225388218648731708526611328125000000000","0.0002689999999999999791451543718068251109798438847064971923828125000000000","1.5900","Literature--ChIP-seq","ZFYVE28,PADI2,CDCA5,CDCA7,AFMID,TUBA1C,JAK3,DYNLL1,INCENP,TCOF1,CENPL,LY75,NEK2,TUBA4A,MSH5,AJUBA,SPATA7,SOCS2,PORCN,BDNF,ACP5,HSP90AA1,DBF4,PPP1R14D,TONSL,RASSF1,RCC1,KIF20A,EPHA2,RACGAP1,TSPAN4,EGR1,TNFSF13,ANLN,CALM3,CD37,KIF2C,CAMK2N1,MGAT3,PAK4,TACC3,HNRNPUL1,SLC1A1,NDRG1,ECT2,UBE2C,MSN,AMOTL2,RND2,PIDD1,MYBL2,MYBL1,SUN2,DARS2,PNKP,TLNRD1,NAA80,MTBP,MYC,STMN1,JUNB,CDK5RAP2,DEPDC1B,HOXB4,PRR11,RDX,MTHFR,FOSL1,SLC6A7,CSRP2,TK1,NDC1,TCF19,TERF1,TUBB2A,KIFC1,ADCY4,BRD8,CDKN2C,NDE1,TUBB4B,RAB3C,OIP5,SLC15A1,KLC4,RHEB,BCL3,WRAP53,AMH,PLEKHG2,CKAP2L,RANGAP1,CCDC77,KLF8,RHEBL1,ARL6IP1,ESCO2,ZWINT,CCHCR1,MTSS1,HDC,TYMP,METTL4,TRIP13,TJP3,NRM,NUCKS1,NUSAP1,LIG1,SGO1,KCTD9,CABP1,NID1,ARHGAP30,CKS1B,ITGB3BP,FMNL1"
"DEG_HMVL_TOR10","8","0.04878000000000000","KDM5B_21448134_CHIPSEQ_MESC_MOUSE","KDM5B","239","3309","0.00004268999999999999953991663970143122242006938904523849487304687500000000000","0.0011399999999999999543420781122904372750781476497650146484375000000000000","1.3520","Literature--ChIP-seq","MDC1,NUP107,DDX39A,CDCA2,CDCA5,SHMT1,CDCA7,CDCA8,NCAPG,NCAPH,HSPH1,RNF217,ABCA5,NEBL,NCAPH2,FAT3,EZH2,NCAPG2,SMPD4,MMP28,DLGAP5,INCENP,NRAP,CENPU,SAMD4A,CENPE,CENPF,CENPI,CENPK,CENPN,NCAPD2,NCAPD3,CSE1L,FRY,FADS2,KPNA4,KPNA2,ACAP1,PKP4,PLA2R1,BLM,NRF1,ODF2,NDC80,SP8,ARHGAP11A,ST6GALNAC1,SPDL1,BCAS1,BOK,TNFRSF1B,DBF4,ADORA2B,SNURF,BIRC5,ATP10B,CDC45,KATNA1,PRC1,CCNF,CDC27,FBXO5,TMPO,HASPIN,KIF20A,KIF20B,RACGAP1,CEP192,ANLN,PAF1,SUV39H2,PTPRR,KIF14,KIF11,BRCA2,KIF15,CNTRL,ZHX2,KIF23,KIF22,NR5A2,G2E3,KIF2C,CHRNA10,PCNT,PAK4,TACC3,BUB1B,TTF2,TBC1D31,GEN1,RUNDC3B,GPRIN3,HNRNPUL1,CCNE1,PLD1,RASGRP1,CCNB2,CCNB1,ECT2,CLK1,KIF4A,UBE2T,NABP1,PHF19,PHTF2,HP1BP3,PSIP1,LMNB1,TTC28,MYBL1,MASTL,CCNA2,SFPQ,NUP50,FAM72A,AURKB,AURKA,RRM1,TAF5,NUP37,GABPB1,SMC4,SMC2,MTBP,HOXA6,IER5,CDK5RAP2,HOXB4,MAML3,PRR11,ASF1B,WDR62,SKA2,RAD21,HMOX1,HOXC9,CEP78,PLK4,RDX,SLC6A7,ING2,CSRP2,PBK,TIMP2,NDC1,TERF1,BRD8,CDKN2D,CDKN2C,GLYCTK,NDE1,NMNAT2,HYLS1,RAB3A,HJURP,DEPTOR,FGF9,USP2,ILF2,MELK,CBFB,HMMR,RAD51AP1,FANCI,AKIRIN2,FANCM,RHEB,CNOT3,CDK1,LHX4,COL14A1,MCM8,DNMT3B,LBR,RFC3,CKAP2L,RANGAP1,ASPM,ESPL1,NEMP1,TTK,FBXL20,POLR2A,RBBP6,CCDC77,SPAG5,CEP152,PNRC2,DNAJA1,CTH,MKI67,CHEK2,ESCO2,KNL1,ZWINT,TPX2,STAG1,STAG3,TOP2A,PCF11,PARP2,IL17RE,POC5,MAPRE2,TYMS,RAD54B,SCEL,MYEF2,SCD5,GSTA4,TRIP13,ZWILCH,NUCKS1,EME1,NUSAP1,LIG1,SGO1,SGO2,FANCD2,ABCG2,ARHGAP19,KIF18A,KIF18B,GPSM2,BLNK,POLH,PCDHGA6,CKAP2,CKAP5,DCK,PALLD,MNS1,LIN9,FAM169A,BUB3,BUB1,STN1,DEK"
"DEG_HMVL_TOR10","9","0.05488000000000000","CUX1_19635798_CHIPCHIP_MULTIPLEHUMANCANCERTYPES_HUMAN","CUX1","204","2770","0.00004530999999999999817198309548516022005060221999883651733398437500000000000","0.0011399999999999999543420781122904372750781476497650146484375000000000000","1.3810","Literature--ChIP-seq","MYL5,RFX5,PIF1,PARPBP,CDCA3,CDCA7,MTMR8,CFAP69,NCAPH2,LYZ,VANGL1,GPR19,DLGAP5,LRRC49,TMEM106C,TCOF1,HAS2,CENPU,SAMD4A,CENPF,CENPK,CENPO,CSE1L,FADS2,UBALD2,CDC25C,PLA2R1,AJUBA,DSC2,INO80B,BLM,SHC3,TROAP,BCL2L12,ATXN1,MED30,TNFRSF14,BDNF,RABL2A,NDC80,SP2,DMXL2,CNTROB,ARHGAP11A,ATP7B,EXO1,SPDL1,BCAS1,HSP90AA1,CNTNAP4,PPM1H,CDC45,E2F8,PRC1,NT5C1B,TRIM31,THAP2,KIF20A,RACGAP1,TSPAN4,HIVEP3,EGR1,EGR2,XRCC4,DDIAS,PAF1,PTPRR,SUV39H1,KIF11,KIF15,ZHX2,TMEM150A,NXPE2,KIF2C,FAAP24,ALS2CL,SERTAD1,GPC4,PCDHB13,CMSS1,PCDHB16,AUNIP,MAD2L1,CFAP300,TMEM266,BORA,ZGRF1,CNTLN,EEFSEC,UBE2S,UBE2T,NABP1,AMOTL2,PHTF2,HMGB2,PSIP1,RND2,TENT4A,LMNB1,FAM178B,DARS2,SSTR1,CCNA2,SFPQ,PSRC1,GALT,MVP,AURKA,MAPK15,NUP37,SMC4,SMC2,MTBP,MYC,RTTN,JUNB,MAP1S,SYTL2,DEPDC1B,PLEKHS1,FREM1,PRR11,CEP70,CDK19,WNT10A,PCDHB8,LYST,MYOM3,PEA15,PBK,NDC1,RPS6KL1,TERF1,GCNT2,GSN,FMO1,GPR3,NMNAT2,DHRS9,HYLS1,CCL28,DEPTOR,FGF9,OIP5,CEP135,USP2,ILF2,FANCM,BCL3,CNOT3,COL14A1,DNMT3B,AMH,LBR,RANGAP1,ASPM,CYP3A5,POLR2A,NHS,RBBP6,TNNI3,SPAG5,TPCN1,KIAA0586,CTH,P2RX1,INSM2,PI16,NECTIN4,RHEBL1,IFIT5,SYNPO,KNL1,IGSF3,LIAS,TPX2,STAG3,ANP32E,PARP3,TSC22D3,LRRIQ1,CEACAM5,DTYMK,TUBD1,MPHOSPH9,GSTA4,FAS,NRM,EME1,ARHGDIB,NUSAP1,ACYP2,FANCD2,GSTCD,CABP1,FBLN5,ALDH3B2,HSPA8,TSGA10,CKAP2,DCK,MNS1,ITGB3BP,DEK"
"DEG_HMVL_TOR10","10","0.06098000000000000","E2F1_21310950_CHIPSEQ_MCF7_HUMAN","E2F1","88","1060","0.00012400000000000000540019418071580048490432091057300567626953125000000000000","0.0027200000000000001953992523340275511145591735839843750000000000000000000","1.5720","Literature--ChIP-seq","MEF2C,CDCA5,CDCA7,NCAPH2,FAM111A,EZH2,NCAPG2,TUBA1B,SMPD4,DLGAP5,TMEM106C,CENPA,CENPU,CENPM,NCAPD3,KPNA2,MSH5,SHC3,PKMYT1,SAC3D1,GOT1,NDC80,DMXL2,EXO1,PARD6B,E2F7,E2F8,FBXO5,TMPO,THAP8,SLC45A3,CALM3,SUV39H2,SUV39H1,BRCA2,CNTRL,SPC24,HNRNPUL1,CCNE1,PLD1,MXD3,HP1BP3,HMGB2,LMNB2,LMNB1,AURKB,RRM1,RRM2,SSRP1,MYC,TYRO3,RDX,MTHFR,PBK,TERF1,CDKN2D,OIP5,VRK1,FANCI,FANCA,FANCG,CDK1,LHX4,RFC3,NEMP1,RPS6KA5,PCLAF,KNL1,STAG1,CORO7,LRRCC1,CEACAM5,DTYMK,NUCKS1,LIG1,FANCD2,TIMELESS,ARHGAP19,NID1,STIL,DCK,OAS3,MNS1,LIN9,BUB3,SCLT1,DEK,MLPH"
"DEG_HMVL_TOR10","11","0.06707000000000000","CREB1_20920259_CHIPSEQ_GC1SPG_MOUSE","CREB1","193","2667","0.00015740000000000000410053935251397660977090708911418914794921875000000000000","0.0032200000000000002058075931898883936810307204723358154296875000000000000","1.3550","Literature--ChIP-seq","MDC1,TESK1,ZFYVE28,LIPE,UNC5A,ASPHD1,RFX5,ABCB4,SHMT1,NCAPH,NCAPH2,FAM111A,NCAPG2,TUBA1C,TUBA1B,SMPD4,INCENP,PKN3,FRZB,NRAP,HAS2,PSMB8,CENPE,CENPM,CENPN,NCAPD3,ADGRL2,CDKN3,CSE1L,NAB2,FADS2,KPNA2,NUDT15,SLC16A3,UBALD2,COL17A1,TROAP,FBXO48,NRF1,RAP1GAP,SPATA7,MED30,TMEM120B,BDNF,ODF2,NDC80,SP2,CNTROB,ARHGAP11A,EXO1,BIRC5,RNFT2,PARD6B,KATNA1,CPNE8,ERRFI1,CERK,CCNF,TONSL,RASSF1,LGALS9,ADGRB2,EPHA2,FBF1,RACGAP1,EGR1,XRCC1,PAF1,SUV39H2,PTPRJ,KIF11,BRCA2,KIF15,ZHX2,TNFRSF12A,DEPDC1,KIF2C,SATB1,PCNT,RELT,NEDD1,TACC3,BUB1B,TBC1D31,ENPP5,GEM,HNRNPUL1,CCNE1,ACACB,NDRG1,UBE2C,CLK1,PROC,TMEM237,UBE2S,NABP1,AMOTL2,MXD4,MYBL1,RBM15,NAV1,MASTL,CCNA2,NUP50,FAM72A,TAS1R3,RRM1,TEF,RBM42,SMC4,MYC,FDXR,JUNB,HOXB4,PRR11,SDSL,RAD21,CEP72,PROM1,CEP78,PLK4,WNT10A,MEX3C,TMEM198,RAD18,ING1,LYST,CEP55,CIT,TUBB2A,KIFC1,GCNT1,NSD2,GLYCTK,GPR3,HJURP,CEP135,CEP131,USP2,NOTCH2,RASAL1,SCRT1,RHEB,MAFF,DRC3,CALCOCO1,CCDC34,APOA1,RANGAP1,ASPM,NEMP1,FBXL20,POLR2A,BCO1,SPAG5,NECTIN4,RHEBL1,HDAC11,SLC6A12,DLEC1,KNL1,MTTP,TMTC2,ZWINT,SMTN,ANP32E,CORO7,PCF11,TNFAIP8L1,MTSS1,KPTN,DTYMK,NOL4,RAD54B,TJP3,ZWILCH,NUCKS1,SGO2,FANCD2,ABCG2,GSTCD,HSPA8,COQ7,NR4A1,TSGA10,COQ2,KIF18A,KLF10,DCK,USP13,SCLT1,FMNL3,CDK2AP2"
"DEG_HMVL_TOR10","12","0.07317000000000000","MYBL1_21750041_CHIPCHIP_SPERMATOCYTES_MOUSE","MYBL1","17","118","0.00024659999999999997677066487788977156014880165457725524902343750000000000000","0.0047299999999999998295807657200384710449725389480590820312500000000000000","2.9230","Literature--ChIP-seq","RFX5,CDCA3,CDCA8,NEK2,MSH5,CNTROB,HSP90AA1,CDC20,KIF20A,HNRNPUL1,UBE2S,UBE2T,AURKA,BRD8,CORO7,ARHGAP19,POLH"
"DEG_HMVL_TOR10","13","0.07926999999999999","RELA_24523406_CHIPSEQ_FIBROSARCOMA_HUMAN","RELA","91","1151","0.00046969999999999997863930900621198816224932670593261718750000000000000000000","0.0084799999999999996908028876418939034920185804367065429687500000000000000","1.4910","Literature--ChIP-seq","AR,RFX5,ABCB4,PDGFB,RDH16,PRRT2,LYZ,FAM111A,RILPL2,FABP6,NAB2,TOM1,ZNF438,SHC3,BDNF,ST6GALNAC1,UNKL,HSP90AA1,TNFRSF1B,PPP1R15A,PARD6B,TRIM31,EGR1,TNFSF13,APOBEC3B,BRCA2,CTSS,ZHX2,GRIN1,CD83,PRDM1,GEM,ECT2,MUC17,CAV1,BMP2,AMOTL2,NAV1,MASTL,GALT,TEF,GABPB1,MYC,IER5,JUNB,IER3,PRKCH,HMOX1,MTHFR,FOSL1,EHD2,TCN2,CSRP2,TCF19,MGLL,GCNT1,GCNT3,GSN,NDE1,CCL28,CFL2,VRK1,ERF,BCL3,MAFF,WRAP53,AMH,LBR,PLEKHG2,ESPL1,EFHC2,CYP3A5,POLR2A,TPCN1,PPIL6,SYNPO,ESCO2,IGSF3,TMTC2,GADD45B,LRRIQ1,TFF1,ALOX12B,LHFPL2,FAS,TJP3,DPP4,NR4A1,CKS1B,BLNK,KLF10"
"DEG_HMVL_TOR10","14","0.08537000000000000","NANOG_18555785_CHIPSEQ_MESC_MOUSE","NANOG","41","438","0.00071599999999999994811789028048565342032816261053085327148437500000000000000","0.0120999999999999996447286321199499070644378662109375000000000000000000000","1.7930","Literature--ChIP-seq","LIPH,CDCA5,PRRT3,SASS6,CKS2,CENPL,MSH5,PORCN,SP2,DBF4,PAF1,CD37,CCNE1,GRK6,UBE2C,CLK1,PHTF2,HMGB2,MYBL2,MYBL1,DARS2,AURKA,RRM1,STMN1,CDK5RAP2,PRR11,ASF1B,TUBB4B,SLC15A1,CCDC77,CTH,CHEK2,TOP2A,MTSS1,GSTA4,STEAP4,NUCKS1,KCTD9,STIL,CKS1B,CDK2AP2"
"DEG_HMVL_TOR10","15","0.09146000000000000","NR0B1_18358816_CHIPCHIP_MESC_MOUSE","NR0B1","105","1382","0.00074759999999999995727584245486241343314759433269500732421875000000000000000","0.0120999999999999996447286321199499070644378662109375000000000000000000000","1.4280","Literature--ChIP-seq","TESK1,ZFYVE28,LIPH,STARD5,PADI2,CDCA3,SHMT1,PDGFB,AFMID,JAK3,CKS2,LY75,NEK2,FBXO44,SOCS2,PORCN,GOT1,BDNF,MLXIPL,FOXM1,ACP5,DBF4,NRG4,CDC45,PPP1R14D,TONSL,RASSF1,FBXO6,MYO7B,RIN2,EPHA2,NUMBL,EPHA10,HIVEP3,TNFSF13,HSPA12A,CD37,APOBEC1,SATB1,CAMK2N1,MGAT3,GPC4,PAK4,PCDHB13,SPC24,SPC25,CCNE1,GPD1,PLA2G10,ECT2,UBE2C,UBE2T,PHTF2,RND2,MYBL2,SUN2,ARHGEF19,NAV1,PSRC1,NUP50,GALT,MVP,TLNRD1,NAA80,STMN1,JUNB,HOXB4,CEP70,RDX,MEX3C,SLC6A7,TCN2,PYGM,TK1,NDC1,TCF19,KIFC1,ADCY4,SLC15A1,HMMR,SCRT1,BCL3,WRAP53,PLEKHG2,ASPM,TTK,PNRC2,RHEBL1,CCHCR1,ANKRD6,AMPD3,MTSS1,GSTA4,GSTA2,TJP3,NUCKS1,ACYP2,SGO1,ABCG2,CABP1,CDH24,KIF18A,TFPI,FMNL1,CDK2AP2"
"DEG_HMVL_TOR10","16","0.09755999999999999","SETDB1_19884257_CHIPSEQ_MESC_MOUSE","SETDB1","130","1788","0.00111100000000000000838218383591993188019841909408569335937500000000000000000","0.0171000000000000006161737786669618799351155757904052734375000000000000000","1.3620","Literature--ChIP-seq","TESK1,STARD5,ABCB4,NCAPG,NCAPH,RDH16,ZBTB7C,VANGL1,NCAPG2,TMC1,PKN3,CENPA,LRRC27,CENPE,CENPF,FABP6,CENPM,ADGRL2,CDKN3,NAB2,PLA2R1,SHC3,NPAS1,RAP1GAP,ATXN1,TNFRSF14,SP8,PARD6B,LRRC8A,RILP,CERK,NUDT1,TMPO,EPHA2,NUMBL,TH,CSRNP3,VMO1,ACADL,CCDC110,KIF23,NR5A2,DEPDC1,KIF2C,CHRNA10,PCDHB14,NEDD1,CRTC1,GPRIN3,CD8A,GRK6,PACSIN1,KLHL28,TENT4A,FAM178B,ARHGEF19,PSRC1,NUP50,SHANK2,TEF,TLNRD1,STMN1,RTTN,PRSS3,ARMC9,DKK3,HOXB4,MAML3,ASF1B,CEP70,S100A14,HOXC9,WNT10A,IRF2BP1,CSRP2,NUF2,TERF1,CIT,ADCY4,CDKN2C,NMNAT2,RTKN2,SLCO2B1,SLC15A1,CEP135,PGF,DISP2,RASAL1,FANCG,BCL3,LHX4,WRAP53,CALCOCO1,COL14A1,DNMT3B,LBR,APOA1,NEMP1,ARL6IP1,MKI67,SLC6A12,SMTN,STAG1,STAG3,ANKRD6,PROX1,ZDHHC11,MYEF2,GINS4,SCD5,LHFPL2,GSTA4,STEAP4,RDM1,GAS2L3,LIG1,ACYP2,ANXA10,LONRF2,HSPA8,COQ7,COQ2,PALLD,USP13,STN1,NAP1L5,FMNL1,ALOX5AP,ATP13A4,ALDH16A1"
"DEG_HMVL_TOR10","17","0.10370000000000000","ELK3_25401928_CHIPSEQ_HUVEC_HUMAN","ELK3","134","1866","0.00147900000000000006288025655720730355824343860149383544921875000000000000000","0.0216000000000000011435297153639112366363406181335449218750000000000000000","1.3440","Literature--ChIP-seq","TESK1,ZFYVE28,RFX5,PDGFB,CDCA8,LIN54,TUBA1B,GPR37,ZNF699,NAB2,FADS2,SLC16A3,SDCBP2,ZNF438,PKP4,AJUBA,LRRC56,SHC3,TNFRSF14,BDNF,B3GALT5,ITGB6,UNKL,BOK,PPP1R15A,LRRC8A,TTC39A,CPNE8,SPON2,CERK,NUDT1,MTFR1L,KIF20B,SLC45A3,NEU4,TSPAN4,TSPAN1,OSGIN1,XRCC1,MC1R,CALM3,PTPRJ,KIF11,PTPRH,CD37,TNFRSF12A,NBPF15,NR5A2,SERTAD1,RELT,NEDD1,TACC3,RGS3,HNRNPUL1,CCNE1,NDRG1,CALHM2,GRK6,ECT2,CAV1,BMP2,PHF19,HP1BP3,LMNB2,LTB4R,LMNB1,PIDD1,RBM15,ARHGEF19,NAV1,SFPQ,FAM72D,FAM72B,FAM72A,MVP,PSMB10,GALNT6,RRM1,RRM2,EPOR,TAF3,HOXA6,IER5,JUNB,IER3,MAML3,MCAM,MTHFR,FOSL1,TNFSF9,ARPC1B,ING1,PEA15,TIMP2,CIT,ADCY4,OLFML3,ZNF575,RAB3A,RTKN2,IGFBP4,ERF,AK7,BCL3,MAFF,LHX4,PLEKHG2,APOA1,RNF26,AHNAK2,PNRC2,MKI67,NIPAL3,NEIL1,ZNF827,NTSR1,GADD45B,SMTN,SLC22A11,PROX1,MTSS1,POC5,RAD54L,CCDC28B,ACYP2,ALDH3B1,STIL,SLC40A1,CKS1B,KLF10,RNF207,GNA15,CDK2AP2,ALDH16A1"
"DEG_HMVL_TOR10","18","0.10979999999999999","PPARD_23176727_CHIPSEQ_KERATINOCYTES_MOUSE","PPARD","20","175","0.00155600000000000009137135492665038327686488628387451171875000000000000000000","0.0216000000000000011435297153639112366363406181335449218750000000000000000","2.2410","Literature--ChIP-seq","FLVCR2,FADS2,SDCBP2,ADORA2B,E2F8,SLC45A3,OSGIN1,PHGDH,CACNA1G,NAV1,MCAM,CSRP2,OLFML3,MORN4,WIPI1,YOD1,DNA2,TRIP13,ARHGDIB,FBLN5"
"DEG_HMVL_TOR10","19","0.11590000000000000","MYC_18358816_CHIPCHIP_MESC_MOUSE","MYC","187","2718","0.00168500000000000008278100427361323454533703625202178955078125000000000000000","0.0216000000000000011435297153639112366363406181335449218750000000000000000","1.2830","Literature--ChIP-seq","NUP107,TESK1,LIPE,GTSE1,DDX39A,CDCA3,CDCA5,SHMT1,CDCA7,CDCA8,AFMID,PPARGC1B,NCAPH2,TDP1,SASS6,EZH2,BHLHE41,INCENP,CKS2,RECQL4,TCOF1,CENPU,BMP8B,PSMC3,CENPL,CENPM,NCAPD2,CENPO,CENPP,CSE1L,NEK2,KMT5A,KPNA2,AJUBA,BLM,SOCS2,SAC3D1,GOT1,SP2,CNTROB,ARHGAP11A,EXO1,ACP5,BOK,HSP90AA1,DBF4,ADORA2B,E2F7,E2F8,PRC1,CCNF,IFI35,ZDHHC1,CDC20,RCC1,FBXO5,SPATA17,KIF20A,FBF1,PEX11B,TSPAN4,XRCC4,XRCC1,ANLN,CALM3,SUV39H2,KIF11,BRCA2,KIF15,CD37,APOBEC1,KIF22,KIF2C,GRIN1,TACC3,SPC24,CRTC1,BUB1B,TTF2,HNRNPUL1,CCNB1,UBE2C,SLC52A1,UBE2T,MXD3,MXD4,RND2,TENT4A,PIDD1,MYBL2,DARS2,MASTL,SFPQ,PSRC1,NUP50,PNKP,AURKB,PSMB10,AURKA,MDH1B,RRM1,RRM2,TLNRD1,SMC4,MTBP,STMN1,CDK20,JUNB,CDK5RAP2,ARMC9,PRR11,ASF1B,CEP70,HMOX1,CEP78,GTF2IRD2,MEX3C,RAD18,NUF2,TK1,NDC1,KIFC1,ADCY4,BRD8,CDKN2D,TUBB4B,RAB3A,DEPTOR,OIP5,THOC6,HMMR,RAD51AP1,KLC4,MAP2K6,CCDC18,SCRT1,RHEB,CNOT3,RAD9B,WRAP53,CALCOCO1,MCM8,AMH,LBR,CKAP2L,RANGAP1,ASPM,ESPL1,HIRIP3,KCNJ14,RHEBL1,ARL6IP1,CHEK2,LIAS,TPX2,STAG3,TOP2A,PARP3,PARP2,KPTN,MAPRE2,DTYMK,TUBD1,METTL4,RAD54L,RANBP1,GSTA4,TRIP13,ZWILCH,NRM,NUCKS1,RDM1,EME1,NUSAP1,LIG1,KCTD9,SGO2,GSTCD,ZMAT3,TSGA10,KIF18A,CKS1B,POLH,CKAP2,DCK,MNS1,ITGB3BP"
"DEG_HMVL_TOR10","20","0.12200000000000000","NR1H3_23393188_CHIPSEQ_ATHEROSCLEROTICFOAM_HUMAN","NR1H3","49","577","0.00194000000000000010109968417992831746232695877552032470703125000000000000000","0.0238000000000000017097434579227410722523927688598632812500000000000000000","1.6120","Literature--ChIP-seq","OPTN,TUBA1C,TUBA1B,FLVCR2,RILPL2,CKS2,RAP1GAP,TNFRSF14,ACP5,PPM1H,FBXO6,RIN2,CALM3,PHGDH,TNFRSF12A,PLD1,PACSIN1,BMP2,TMEM237,MXD4,DNAH1,NUP37,TLNRD1,CDK5RAP2,IER3,NUP210,IRF2BP1,PEA15,TK1,KIFC1,GPAT3,NDE1,TUBB4B,SLCO2B1,IGFBP4,MELK,BCL3,CBLB,SLC6A12,CORO7,TOP2A,VAV3,TUBB,PTTG1,ZMAT3,RGS16,GNA15,MLPH,ALOX5AP"
"DEG_HMVL_TOR10","21","0.12800000000000000","GATA6_25053715_CHIPSEQ_YYC3_HUMAN","GATA6","132","1852","0.00203399999999999978386733268109765049302950501441955566406250000000000000000","0.0240000000000000004996003610813204431906342506408691406250000000000000000","1.3330","Literature--ChIP-seq","LIPH,HES7,MEF2C,PADI2,CDCA3,PDGFB,NEBL,LYZ,FAM111A,DLGAP5,TMC5,TMEM106C,PROCA1,CENPA,LRRC27,BMP8B,VWA3B,SLCO1B3,BCL2L15,TMEM120B,ARHGAP11B,ST6GALNAC1,FOXM1,EXO1,ADORA2B,NRG4,PPP1R15A,PPM1H,PARD6B,TRIM31,ERRFI1,CERK,ZDHHC1,CDC20,RASSF4,TMPO,THAP2,SLC45A3,ACER2,ANLN,CALM3,SUV39H2,PTPRR,PTPRH,PCSK4,PHGDH,NBPF15,NR5A2,TAGLN,MGAT3,RELT,IL33,SPC24,HNRNPUL1,PLA2G10,PLD1,TMEM45B,PHTF2,LMNB1,RBM15,DARS2,PSRC1,FAM72D,FAM72B,SHANK2,FAM72A,MVP,PSMB10,MYC,IER5,JUNB,DKK1,ZC2HC1C,TYRO3,PLK4,GTF2IRD2,MTHFR,RAD18,ING1,NUF2,CEP55,KIFC1,GCNT1,RASSF10,GCNT2,GLYCTK,CCL28,ZNF575,HJURP,RAB43,ILF2,NOTCH2,CBFB,RASAL1,CCDC18,DAB2,CALCOCO1,CCDC34,ASPM,RBBP6,TNNI3,CCDC77,MKI67,YOD1,IGSF3,TMTC2,SMTN,STAG1,ANP32E,PCF11,VAV3,IL17RE,PROX1,MAPRE2,SCEL,EMC9,NUCKS1,NUSAP1,SHISA4,CDH24,THRB,CKS1B,RNF208,RNF207,PRTFDC1,PALM3,DBF4B,LIN9,TFPI,POC1A,SGPP2,FMNL1"
"DEG_HMVL_TOR10","22","0.13410000000000000","HOXB4_20404135_CHIPCHIP_EML_MOUSE","HOXB4","102","1393","0.00260800000000000007510658761589183995965868234634399414062500000000000000000","0.0296000000000000013100631690576847176998853683471679687500000000000000000","1.3720","Literature--ChIP-seq","LIPE,DDX39A,CDCA2,PDGFB,TDP1,GPR19,DLGAP5,INCENP,CKS2,CENPA,NEK2,MSH5,AJUBA,BLM,NRF1,ATXN1,NDC80,ARHGAP11A,IL2RG,MLLT3,CDC45,LRRC8A,FBXO5,LGALS9,RACGAP1,EGR2,PTPRJ,ACADL,PHGDH,TNFRSF12A,KIF22,KIF2C,MAD2L1,ERCC6L,MR1,HNRNPUL1,GRK6,UBE2S,MXD3,PHTF2,LTB4R,SFPQ,GALT,TAF5,MYC,CDK5RAP2,IER3,MAP1S,DEPDC1B,PRR11,ASF1B,RAD21,PLK4,CDK19,IRF2BP1,MEX3C,RAD18,ING1,ING2,NUF2,AOC1,CDKN2C,DEPTOR,HMMR,FANCM,FANCA,FANCB,DRC3,RANGAP1,ASPM,ACSS2,POLR2A,DNAJA1,RPS6KA5,CHEK2,NIPAL3,IGSF3,TMTC2,ZWINT,ANP32E,CORO7,TOP2A,PCF11,GP1BA,KPTN,MAPRE2,DTYMK,METTL4,NRM,NUCKS1,RDM1,SGO1,CABP1,HSPA8,COQ7,TSGA10,CKAP2,POC1A,BUB1,POLQ,ARID3B,CDK2AP2"
"DEG_HMVL_TOR10","23","0.14019999999999999","CREM_20920259_CHIPSEQ_GC1SPG_MOUSE","CREM","327","5083","0.00394200000000000019134693829414572974201291799545288085937500000000000000000","0.0425000000000000030531133177191804861649870872497558593750000000000000000","1.1940","Literature--ChIP-seq","MDC1,NUP107,TESK1,ZFYVE28,LIPE,DDX39A,ASPHD1,RFX5,OPTN,CDCA2,NCAPG,NCAPH,HSPH1,ZBTB7C,PRRT3,HACE1,ABCA5,NCAPH2,SASS6,EZH2,NCAPG2,TUBA1B,SMPD4,ARG2,DYNLL1,INCENP,CKS2,TMEM106C,PKN3,PROCA1,TCOF1,SAMD4A,WTIP,CENPE,CENPF,PSMC3,CENPI,RIMBP2,CENPN,NCAPD2,NCAPD3,CENPP,YPEL5,CDKN3,CSE1L,NAB2,FRY,FADS2,TOM1,KPNA4,NEK2,KPNA2,NUDT15,SLC16A3,TUBA4A,PKP4,AJUBA,BLM,TROAP,FOXO6,FBXO44,NPAS1,SPATA7,ATXN1,TMEM120B,GOT1,ODF2,RABL2A,B3GALT5,NDC80,SP2,DMXL2,SP8,CNTROB,ARHGAP11A,EXO1,HSP90AA1,BIRC5,MLLT3,PARD6B,KATNA1,E2F7,ERRFI1,CERK,CCNF,MTFR1L,ZDHHC1,CDC20,RASSF1,TRIM28,RCC1,FBXO6,TMPO,HASPIN,SPATA17,EPHA2,L3MBTL3,FBF1,ZBTB2,RACGAP1,EGR1,XRCC1,ACER2,ANLN,CALM3,SUV39H2,PTPRR,CSRNP3,SUV39H1,KIF14,OTUD7A,KIF11,BRCA2,KIF23,KIF22,G2E3,KIF2C,SERTAD1,CAMK2N2,PCNT,RELT,PAK4,GRIN1,SGSM1,NEDD1,TACC3,CRTC1,CAPN8,TBC1D31,ENPP5,SPINK4,SLC30A4,LMTK3,RUNDC3B,GEM,HNRNPUL1,CCNE1,PLA2G10,CCDC150,CCNB2,GRK6,ECT2,EEFSEC,UBE2C,KLHL28,CLK1,TMEM237,UBE2S,KIF4A,UBE2T,NABP1,MXD3,MXD4,HP1BP3,HMGB2,PSIP1,TENT4A,LMNB1,FAM178B,MYBL2,SUN2,RBM15,DARS2,MASTL,CCNA2,SFPQ,NUP50,FAM72A,AURKB,AURKA,RRM1,RRM2,SSRP1,RSPH1,TEF,RBM42,TAF5,GABPB1,SMC4,NAA80,MTBP,WDR93,STMN1,FDXR,IER5,JUNB,DEPDC1B,ASF1B,SKA2,RAD21,CEP70,CEP72,PCDHA2,CEP78,PLK4,CDK19,GTF2IRD2,RDX,IRF2BP1,MTHFR,FHDC1,MEX3C,TMEM198,FOSL1,RAD18,ARPC1B,ING1,ING2,CEP55,TERF1,CIT,TUBB2A,KIFC1,MGLL,PDF,NSD2,GPAT3,BRD8,CDKN2C,GLYCTK,GPR3,TUBB4B,MORN4,LPCAT4,HYLS1,CLSTN3,RAB43,CFL2,CEP135,USP2,ILF2,TRAIP,ERF,SNRNP25,NOTCH2,CBFB,RAD51AP1,FANCI,AKIRIN2,SCRT1,DAB2,RHEB,BCL3,CNOT3,MAFF,MCM8,DNMT3B,LBR,RFC3,CCDC34,CKAP2L,WIPI1,RANGAP1,ASPM,NEMP1,ACSS2,TTK,DCAF15,FBXL20,HIRIP3,POLR2A,RBBP6,TNNI3,BCO1,SPAG5,TXNRD3,PNRC2,TPCN1,DNAJA1,HDAC11,HS6ST3,RPS6KA5,SEPHS1,DLEC1,YOD1,KNL1,OVOL1,IGSF3,MTTP,LIAS,ZWINT,STAG1,STAG3,ANP32E,CORO7,PCF11,CCHCR1,PARP2,KPTN,MAPRE2,GUCY2C,DTYMK,NOL4,GINS4,ZWILCH,NRM,NUCKS1,NUSAP1,SGO1,FANCD2,STEAP2,ABCG2,GSTCD,ARHGAP19,HSPA8,STIL,TDRD5,COQ7,ARHGAP33,NR4A1,TSGA10,COQ2,KIF18A,POLH,KLF10,ITGB3BP,LIN9,FAM169A,POC1A,BUB1,STN1,SCLT1,DEK,SGPP2,SHCBP1,FMNL3,CDK2AP2"
"DEG_HMVL_TOR10","24","0.14630000000000001","RUNX2_24764292_CHIPSEQ_MC3T3_MOUSE","RUNX2","123","1749","0.00409900000000000021282975382064250879921019077301025390625000000000000000000","0.0425000000000000030531133177191804861649870872497558593750000000000000000","1.3140","Literature--ChIP-seq","TESK1,HES7,DDX39A,RFX5,PADI2,PIF1,CDCA2,CDCA7,IQGAP3,HSPH1,AFMID,NCAPH2,EZH2,LIN54,TUBA1C,MMP28,CKS2,PKN3,SAMD4A,PSMC3,NAB2,FADS2,TOM1,KMT5A,FRMD6,PKP4,COL17A1,TROAP,NDC80,SP2,CNTROB,HSP90AA1,TNFRSF1B,BIRC5,MTFR1L,CDC27,TMPO,MYO7A,NUMBL,FBF1,TSPAN4,EGR2,OSGIN1,PTPRJ,CTSS,PHGDH,TNFRSF12A,KIF2C,SERTAD1,CAMK2N1,SPC24,SAMD9L,CRTC1,GPRIN3,HNRNPUL1,ACACB,NDRG1,CACNA1G,ECT2,UBE2S,AMOTL2,ARHGEF19,PSRC1,NUP50,RRM2,TEF,WDR93,MYC,IER5,JUNB,IER3,ARMC9,DNAAF4,DKK3,ZC2HC1C,CEP72,MEX3C,FOSL1,SLC6A7,ING1,TIMP2,NDC1,CIT,GCNT1,ADCY7,OLFML3,CHN2,GPAT3,GSN,FMO1,MORN4,LPCAT2,HJURP,DEPTOR,IGFBP4,USP2,NOTCH2,CBFB,RAD51AP1,SRGAP2,TPRN,WIPI1,BCO1,SYNPO,VASN,SMTN,TSC22D3,SCD5,FAS,NUCKS1,RDM1,ARHGDIB,SHISA4,ARHGAP19,ALDH3B1,HSPA8,ARHGAP30,KIF18B,PPP2R5D,OAS3,CAMK2A,POLQ,MLPH"
"DEG_HMVL_TOR10","25","0.15240000000000001","POU5F1_18692474_CHIPSEQ_MESC_MOUSE","POU5F1","225","3407","0.00428800000000000014477308241112041287124156951904296875000000000000000000000","0.0425000000000000030531133177191804861649870872497558593750000000000000000","1.2280","Literature--ChIP-seq","MDC1,NUP107,LIPH,SAMD12,RFX5,PIF1,CDCA2,ABCB4,CDCA5,CDCA7,IQGAP3,NCAPH,PPARGC1B,VANGL1,SASS6,EZH2,GPR19,SMPD3,SMPD4,JAK3,DLGAP5,TMC5,CKS2,CENPA,CENPU,FABP1,CENPM,YPEL5,CSE1L,LY75,NEK2,KPNA2,NUDT15,SLC16A3,SDCBP2,TUBA4A,FRMD6,MSH5,AJUBA,INO80B,PKMYT1,BCL2L12,SOCS2,PORCN,ATXN1,SAC3D1,BDNF,MLXIPL,SP2,SP8,ARHGAP11A,ACP5,HSP90AA1,TNFRSF1B,DBF4,ADORA2B,SNURF,TRIM31,NUDT1,IFI35,RASSF1,TRIM28,RCC1,FBXO5,LGALS9,HASPIN,THAP2,ADGRB2,FBF1,RACGAP1,HIVEP3,SEC31B,EGR2,TNFSF13,XRCC1,ANLN,MC1R,KIF14,OTUD7A,PTPRJ,KIF11,CTSS,KIF15,APOBEC1,KIF24,NR5A2,KIF2C,SATB1,SERTAD1,CAMK2N1,GPC4,NPM2,SGSM1,SPC24,RGS3,PLA2G10,RASGRP1,ECT2,PACSIN1,EEFSEC,KLHL28,SLC52A1,FGF17,UBE2S,UBE2T,AMOTL2,MXD3,MXD4,PHTF2,HMGB2,HMGB3,PSIP1,LMNB1,MYBL2,MYBL1,ARHGEF19,NAV1,SSTR1,PSRC1,AURKB,TAS1R3,RRM1,RRM2,MAPK15,RSPH1,TEF,TAF5,CDA,TLNRD1,NAA80,MYC,CDK20,RTTN,JUNB,IER3,DKK1,HOXB4,TYRO3,RAD21,PROM1,CEP78,CDK19,GTF2IRD2,MCAM,IRF2BP1,MTHFR,RAD18,NUF2,PBK,NDC1,TCF19,CIT,KIFC1,HBEGF,OLFML3,NSD2,GCNT2,GSN,NDE1,TUBB4B,SLC15A1,VRK1,TRAIP,ANKRD24,SCRT1,BCL3,CNOT3,WRAP53,DNMT3B,PLEKHG2,APOA1,HDAC9,HIRIP3,POLR2A,TNNI3,CCDC77,KLF8,CTH,RPS6KA5,SEPHS1,YOD1,MTTP,LIAS,ZWINT,TPX2,SMTN,STAG1,STAG3,PCF11,CCHCR1,ANKRD6,VAV3,PARP2,IL17RE,PROX1,MTSS1,RAD54L,RANBP1,MYEF2,GINS4,GSTA4,TJP3,NUCKS1,CCDC28B,SHISA4,KCTD9,SGO2,STEAP2,ABCG2,DPP4,ZMAT3,LONRF2,HSPA8,COQ2,KIF18A,CKS1B,SDR16C5,PPP2R5D,ITGB3BP,RGS16,BUB1,POLQ,ARID3B,FMNL3,ALDH16A1"
"DEG_HMVL_TOR10","26","0.15850000000000000","NR3C1_21868756_CHIPSEQ_MCF10A_HUMAN","NR3C1","76","1020","0.00520300000000000015948353748740373703185468912124633789062500000000000000000","0.0483999999999999985789145284797996282577514648437500000000000000000000000","1.3980","Literature--ChIP-seq","PADI1,PPARGC1B,EXPH5,CFAP73,HACE1,NEBL,SULT1B1,FAT3,ARG2,HAS2,LRRC27,SAMD4A,CENPF,YPEL5,ADGRL2,CDKN3,FRY,ZNF438,PLA2R1,ATXN1,MLLT3,PARD6B,SPATA17,EPHA2,CSRNP3,PTPRJ,ZHX2,NBPF15,NR5A2,TLCD2,CD83,SLC1A1,NDRG1,RASGRP1,MSN,PROC,UBE2T,COL5A2,FAM72D,PKD1L1,STMN1,CDK20,CDK5RAP2,DKK1,DKK3,SYTL2,ISX,GCNT3,GSN,RTKN2,IYD,SRGAP2,OSBPL5,CDK1,RFC3,RBBP6,TXNRD3,HS6ST3,CHEK2,SLC22A3,GADD45B,ZWINT,SMTN,AKR1B10,CLIC5,PROX1,MTSS1,GUCY2C,MPHOSPH9,LIG1,ABCG2,ZMAT3,BTNL3,DLG5,USP13,ATP13A4"
"DEG_HMVL_TOR10","27","0.16460000000000000","SALL4_18804426_CHIPCHIP_XEN_MOUSE","SALL4","59","775","0.00794100000000000014188650254709500586614012718200683593750000000000000000000","0.0711999999999999994004795667024154681712388992309570312500000000000000000","1.4310","Literature--ChIP-seq","LIPH,RNASE6,CDCA7,NCAPH,VANGL1,EZH2,FRZB,MSH5,AJUBA,LRRC56,NRF1,TNFRSF1B,PRPS2,PARD6B,SPON2,TRIM28,L3MBTL3,ANLN,SUV39H1,NR5A2,RELT,PCDHB16,ECT2,RND2,MYBL2,MASTL,CCNA2,TLNRD1,STMN1,JUNB,HMOX1,CDK19,FANK1,GCNT1,GCNT2,DAB2,TTK,PNRC2,MTTP,STAG1,MTSS1,MAPRE2,VGLL1,RAD54L,LHFPL2,GSTA4,RDM1,ARHGDIB,KCTD9,TIMELESS,NID1,DPP4,STIL,PCDHGA6,USP13,TFPI,BUB1,ARID3B,DEK"
"DEG_HMVL_TOR10","28","0.17069999999999999","SMAD3_18955504_CHIPCHIP_HACAT_HUMAN","SMAD3","121","1759","0.00819300000000000062938543266000124276615679264068603515625000000000000000000","0.0711999999999999994004795667024154681712388992309570312500000000000000000","1.2830","Literature--ChIP-seq","MDC1,CKMT1B,DDX39A,RDH16,PRRT2,ABCA5,NEBL,LIN54,BHLHE41,TUBA1C,SMPD4,CHST6,UGT1A10,NAB2,FADS2,KPNA4,ACAP1,FRMD6,AJUBA,DSC2,COL17A1,SHC3,ATXN1,RABL2A,ARHGAP11A,HSP90AA1,PPP1R15A,CDC45,LRRC8A,E2F8,ERRFI1,SPON2,CERK,RCC1,LGALS9,RIN2,EPHA2,TSPAN4,EGR2,ANLN,MC1R,LPAR5,CALM3,TNFRSF12A,NBPF15,RELT,CAP2,TMEM176A,AKR1C2,GIMAP2,GIMAP7,RGS3,IL6R,HNRNPUL1,PLD1,NDRG1,CCNB2,CAV1,AMOTL2,PHF19,TMEM45B,MASTL,DNAH5,MVP,NUP37,TLNRD1,SMC2,MYC,RTTN,HOXA6,IER5,JUNB,IER3,ZNF165,PRKCH,DKK3,SYTL2,TYRO3,HOXC9,RDX,MTHFR,FOSL1,RAD18,FANK1,RNF152,TUBB2A,HBEGF,GPAT3,AOC1,GSN,NDE1,RTKN2,OIP5,ILF2,THOC6,NOTCH2,KLC4,RHEB,RANGAP1,NHS,UGT1A3,SYNPO,YOD1,OVOL1,KLK6,GADD45B,TUBB,MAPRE2,KIAA0513,FAS,ZWILCH,NUCKS1,ARHGDIB,NUSAP1,MYH11,COQ2,SDR16C5,KLF10,PCDHGA6,GNA15,ARID3B"
"DEG_HMVL_TOR10","29","0.17680000000000001","ZFP42_18358816_CHIPCHIP_MESC_MOUSE","ZFP42","84","1180","0.01055000000000000034972025275692431023344397544860839843750000000000000000000","0.0821000000000000063060667798708891496062278747558593750000000000000000000","1.3310","Literature--ChIP-seq","AFMID,DLGAP5,HAP1,TCOF1,LRRC27,CENPL,NCAPD2,CENPP,FADS2,NEK2,FBXO44,ODF2,BOK,CDC45,FBXO6,KIF20A,MC1R,TH,KIF11,SCML2,CD37,APOBEC1,SATB1,CAMK2N1,PAK4,PCDHB14,PCDHB13,SPC24,PRDM1,SPINK4,CLK1,HMGB2,PIDD1,SUN2,DARS2,MASTL,SFPQ,PSRC1,NUP50,MVP,AURKA,MDH1B,RRM1,MAPK15,RSPH1,TLNRD1,SMC4,CDK5RAP2,DKK3,PRR11,PLK4,MEX3C,TK1,NDC1,TCF19,TUBB2A,GCNT2,BRD8,NDE1,TUBB4B,DEPTOR,OIP5,HMMR,KLC4,SCRT1,RHEB,RAD9B,CCDC77,KCNJ14,PNRC2,NEIL2,ZWINT,STAG1,CORO7,TOP2A,CCHCR1,MTSS1,GSTA4,ZWILCH,NUCKS1,NUSAP1,ACYP2,SGO2,ABCG2"
"DEG_HMVL_TOR10","30","0.18290000000000001","PAX6_23342162_CHIPCHIP_BETAFORBRAINLENS_MOUSE","PAX6","55","728","0.01141000000000000000333066907387546962127089500427246093750000000000000000000","0.0821000000000000063060667798708891496062278747558593750000000000000000000","1.4190","Literature--ChIP-seq","ACCS,CDCA8,IQGAP3,TMEM106C,SAMD4A,CENPI,CENPN,MUC5AC,MLLT3,CDC45,TTC39A,RASSF1,TRIM28,SPATA17,ADGRB2,L3MBTL3,KIF7,DEPDC1,RELT,NEDD1,SPINK5,GPD1,ECT2,PACSIN1,NAV1,SSTR1,SMC2,PRKCH,DNAAF4,CEP70,WNT10A,NUF2,TUBB4B,RAB3C,OIP5,SLC15A1,USP2,FANCB,NEIL3,KLK6,ANKRD6,TFF1,NOL4,METTL4,TRIP13,ZWILCH,EME1,NUSAP1,STIL,TSGA10,GPSM2,PCDHGA6,DCK,BUB3,MLPH"
"DEG_HMVL_TOR10","31","0.18900000000000000","MYB_21317192_CHIPSEQ_ERMYB_MOUSE","MYB","62","837","0.01146999999999999929334304482608786202035844326019287109375000000000000000000","0.0821000000000000063060667798708891496062278747558593750000000000000000000","1.3890","Literature--ChIP-seq","RFX5,HSPH1,RILPL2,IL12RB2,NCAPD3,CENPP,KMT5A,FRMD6,PKP4,BLM,RAP1GAP,SOCS2,HSP90AA1,TNFRSF1B,ADORA2B,PPM1H,MTFR1L,ANLN,CALM3,SERTAD1,RELT,IL33,SAMD9L,PLD1,HP1BP3,SUN2,NAV1,RRM2,MYC,JUNB,IER3,PRKCH,NUP210,CEP78,CDK19,TK1,MGLL,NSD2,GCNT2,GSN,FMO5,USP2,VRK1,LBR,WIPI1,PI16,MKI67,GNG10,ANP32E,AMPD3,DTYMK,HDC,RAD54B,LHFPL2,FAS,CCDC28B,HSPA8,COQ2,DCK,POC1A,FMNL1,ALOX5AP"
"DEG_HMVL_TOR10","32","0.19510000000000000","BACH1_22875853_CHIPPCR_HELAANDSCP4_HUMAN","BACH1","91","1298","0.01182000000000000064503957730721594998612999916076660156250000000000000000000","0.0821000000000000063060667798708891496062278747558593750000000000000000000","1.3090","Literature--ChIP-seq","AR,DDX39A,ABCB4,NCAPH,CFAP69,SULT1B1,JAK3,INCENP,HAP1,COL11A1,CENPA,FRZB,CENPU,SAMD4A,CENPF,FABP6,SLC16A3,COL17A1,SLCO1B3,NDC80,TNFRSF1B,BIRC5,ATP10B,CDC45,E2F8,CYP4B1,TRIM31,MYO7A,KIF20B,EGR1,HSPA12A,SUV39H2,KIF11,BRCA2,PTPRH,ACADL,MGAT3,ERCC6L,RGS3,PLA2G10,PLD1,ACACB,NDRG1,CLK1,BMP2,COL5A2,PHTF2,LMNB1,CCNA2,RRM2,TEF,JUNB,IER3,PRKCH,WDR62,HMOX1,CDK19,MTHFR,LYST,TK1,LAMP3,OIP5,SLC15A1,DRC3,COL14A1,HGFAC,NEMP1,CYP3A5,HDAC9,POLR2A,TPCN1,PCLAF,DNA2,SLC6A20,ZWINT,CLIC5,VAV3,AMPD3,PROX1,TYMS,STEAP4,ZWILCH,DSCC1,ACYP2,TIMELESS,CABP1,DIAPH3,THRB,RGS16,TFPI,BUB1"
"DEG_HMVL_TOR10","33","0.20119999999999999","IRF8_22096565_CHIPCHIP_GCB_MOUSE","IRF8","42","531","0.01200999999999999984234833050322777125984430313110351562500000000000000000000","0.0821000000000000063060667798708891496062278747558593750000000000000000000","1.4920","Literature--ChIP-seq","HES7,MEF2C,RFX5,CENPA,TCOF1,PSMB8,YPEL5,FBXO43,TNFRSF1B,KATNA1,IFI35,EPHA2,SUV39H2,PTPRJ,CTSS,CD37,MST1,ERCC6L,GEM,MYBL1,AURKB,PSMB10,MTBP,DKK3,MEX3C,NUF2,CDKN2C,NDE1,ANKRD24,WRAP53,TTK,PNRC2,RHEBL1,ARL6IP1,TFF1,METTL4,SCD5,ZWILCH,ALDH3B1,ARHGAP30,BLNK,ITGB3BP"
"DEG_HMVL_TOR10","34","0.20730000000000001","TP53_23651856_CHIPSEQ_MEF_MOUSE","TP53","182","2787","0.01203000000000000076216810640516996500082314014434814453125000000000000000000","0.0821000000000000063060667798708891496062278747558593750000000000000000000","1.2130","Literature--ChIP-seq","ZFYVE28,GTSE1,CCBE1,PDGFB,NCAPH,AFMID,RDH16,PRRT3,HACE1,PRRT2,VANGL1,BHLHE41,SMPD4,MMP28,TMC1,WTIP,PSMC3,FABP6,ADGRL2,UGT1A10,NUDT15,ACAP1,MSH5,PKP4,PLA2R1,AJUBA,LRRC56,SHC3,BCL2L12,ATXN1,SAC3D1,TMEM120B,BDNF,B3GALT5,TMEM19,ARHGAP11A,ITGB6,MUC5AC,ADORA2B,BIRC5,PRPS2,PPM1H,MLLT3,LRRC8A,TTC39A,CCNF,IFI35,CDC20,CCDC78,MYO7A,THAP2,RIN2,EPHA2,NUMBL,FBF1,TSPAN4,HIVEP3,EGR2,PTPRR,OTUD7A,PTPRJ,KIF15,APOBEC1,TMEM150A,TNFRSF12A,KIF22,SERTAD1,CAMK2N2,GPC4,PCNT,PAK4,SPC25,CRTC1,RGS3,TBC1D31,HNRNPUL1,PLD1,CACNA1G,CALHM2,ECT2,PACSIN1,MSN,COL5A2,MXD4,TMEM45B,LTB4R,LMNB1,TTC28,PIDD1,MYBL1,ARHGEF19,MASTL,PSRC1,LAMA2,MVP,AURKA,GALNT6,RRM1,RRM2,TEF,GABPB1,NAA80,IER5,JUNB,IER3,PRKCH,NUP210,ARMC9,SYTL2,ZC2HC1C,MAML3,SDSL,TMEM198,FOSL1,EHD2,TCN2,RAD18,MYOM3,NUF2,KIFC1,MGLL,ADCY4,GCNT2,NDE1,CARD6,NMNAT2,TUBB4B,CEP131,USP2,PGF,THOC6,TRAIP,LTB4R2,CBFB,FAM114A1,HMMR,KLC4,SRGAP2,BCL3,DRC3,WRAP53,HGFAC,ESPL1,ANG,NHS,IFIT3,RPS6KA5,SYNPO,DLEC1,VASN,SMTN,CORO7,ANKRD6,VAV3,PROX1,TUBD1,SCEL,MPHOSPH9,CAMK4,FAS,NUCKS1,ARHGDIB,SHISA4,ARHGAP19,CABP1,FBLN5,ZMAT3,ALDH3B1,CDH26,FAM83D,PSAPL1,TDRD5,NR4A1,COQ2,KIF18B,DLG5,THRB,PCDHGA6,CKAP2,PPP2R5D,PALLD,GNA15"
"DEG_HMVL_TOR10","35","0.21340000000000001","SOX9_24532713_CHIPSEQ_HFSC_MOUSE","SOX9","89","1270","0.01271000000000000081101791948867685277946293354034423828125000000000000000000","0.0830000000000000043298697960381105076521635055541992187500000000000000000","1.3090","Literature--ChIP-seq","MDC1,TESK1,SAMD12,PDGFB,AFMID,ZBTB7C,VANGL1,DYNLL1,INCENP,LRRC27,CENPP,FRY,COL17A1,FOXO6,ATXN1,ITGB6,SPDL1,BOK,HSP90AA1,BIRC5,PPM1H,CPNE8,CERK,OPHN1,PAQR6,EPHA2,HIVEP3,OSGIN1,ZHX2,KIF24,IL33,TTF2,SPINK5,HNRNPUL1,PLD1,MGAM,CAV1,NABP1,MXD4,SUN2,RBM15,ARHGEF19,FAM72A,LAMA2,PRKCH,DKK3,SYTL2,ZC2HC1C,DEPDC1B,CDK19,FANK1,TIMP2,TK1,RNF152,GCNT2,GSN,RFLNB,LPCAT2,USP2,NOTCH2,CBFB,SLC38A11,SRGAP2,OSBPL5,MAFF,RAD9B,DRC3,RANGAP1,BCO1,TXNRD3,CTH,AQP7,RPS6KA5,TNS4,WDPCP,GADD45B,SMTN,CORO7,KRT20,SOSTDC1,VAV3,SCEL,LHFPL2,MPHOSPH9,STEAP4,PSAPL1,GPSM2,PPP2R5D,PALLD"
"DEG_HMVL_TOR10","36","0.21950000000000000","CEBPA_23403033_CHIPSEQ_LIVER_MOUSE","CEBPA","39","493","0.01486999999999999953759211024362230091355741024017333984375000000000000000000","0.0937000000000000055067062021407764405012130737304687500000000000000000000","1.4920","Literature--ChIP-seq","SAMD12,TUBA1C,INCENP,CKS2,CENPL,KMT5A,GOT1,CNTROB,NRG4,MIS18BP1,MST1,NDRG1,PROC,MXD4,DARS2,PNKP,PLEKHS1,WDR62,RAD21,HMOX1,MTHFR,GPAT3,DHRS9,HJURP,CEP128,USP2,THOC6,RANGAP1,CEP152,CTH,KNL1,WDPCP,GADD45B,PCF11,FEZF1,IZUMO4,DTYMK,STEAP4,DCK"
"DEG_HMVL_TOR10","37","0.22559999999999999","FOXO1_25302145_CHIPSEQ_TLYMPHOCYTE_MOUSE","FOXO1","118","1750","0.01494999999999999974742426189777688705362379550933837890625000000000000000000","0.0937000000000000055067062021407764405012130737304687500000000000000000000","1.2560","Literature--ChIP-seq","NUP107,STARD5,LIN54,BHLHE41,SMPD3,NEURL1B,IL12RB2,CENPI,FADS2,KPNA4,INO80B,MED30,TNFRSF14,GOT1,SP2,ST6GALNAC1,ACP5,BIRC5,MLLT3,ERRFI1,CERK,MTFR1L,RASSF1,OPHN1,LGALS9,NEU4,HIVEP3,EGR1,OSGIN1,ACER2,CNTRL,CD37,PHGDH,MST1,KIF23,ALS2CL,RELT,ESYT3,SPC24,MAD2L1,CD83,BUB1B,PRDM1,GIMAP7,GPRIN3,HNRNPUL1,CCNE1,CD8A,CCDC146,GRK6,ECT2,MSN,PROC,NABP1,MXD3,MXD4,HP1BP3,RBM15,CCNA2,GALT,AURKB,SSRP1,TAF5,GABPB1,IER5,PRKCH,DNAAF4,DEPDC1B,TYRO3,MAML3,CEP70,GTF2IRD2,ING1,LYST,NUF2,GPAT3,BRD8,CDKN2D,GSN,TUBB4B,LPCAT4,CLSTN3,FGF9,CFL2,SLC15A1,MELK,NOTCH2,ANKRD24,CNOT3,TPRN,POLR2A,RNF26,TPCN1,INSM2,CBLB,HS6ST3,SEPHS1,KNL1,NEIL1,STAG3,VAV3,TSC22D3,CEACAM5,GUCY2C,HDC,EMC9,CAMK4,FAS,ARHGDIB,ZMAT3,FAM83D,NR4A1,TSGA10,FAM169A,TFPI,FMNL3,FMNL1,ALOX5AP"
"DEG_HMVL_TOR10","38","0.23169999999999999","PDX1_19855005_CHIPCHIP_MIN6_MOUSE","PDX1","43","555","0.01536999999999999998168132009368491708301007747650146484375000000000000000000","0.0943999999999999978017584112421900499612092971801757812500000000000000000","1.4580","Literature--ChIP-seq","AFMID,FRZB,PSMB8,MSH5,GOT1,NDC80,SP2,MLLT3,CDC45,KIF20A,TACC3,HNRNPUL1,KIF4A,PHTF2,NUP210,DEPDC1B,ASF1B,MCAM,NUF2,GPR3,CLSTN3,IGFBP4,DRC3,MCM8,ACSS2,POLR2A,CCDC77,CHEK2,NEIL1,ZWINT,PARP3,MAPRE2,METTL4,NUCKS1,CCDC28B,RDM1,NUSAP1,KCTD9,CHTF18,CKS1B,BLNK,KLF10,POLQ"
"DEG_HMVL_TOR10","39","0.23780000000000001","TCF21_26020271_CHIPSEQ_SMOOTHMUSCLE_HUMAN","TCF21","122","1838","0.02043999999999999983568699235547683201730251312255859375000000000000000000000","0.1140000000000000041078251911130791995674371719360351562500000000000000000","1.2350","Literature--ChIP-seq","STARD5,HSPH1,ABCA5,BHLHE41,TMC1,BDH2,YPEL5,SLC16A3,UBALD2,SDCBP2,FRMD6,ZNF438,PLA2R1,TMEM120B,BDNF,ST6GALNAC1,EXO1,ITGB6,SPDL1,TNFRSF1B,PARD6B,CPNE8,ERRFI1,CERK,NUDT1,PAQR6,ADGRB2,NUMBL,ZBTB2,OSGIN1,ANLN,MC1R,BRCA2,PTPRH,CTSS,ZHX2,TMEM150A,SERTAD1,MGAT3,RELT,CAP2,SPC24,RGS3,TBC1D31,SPINK4,GEM,PLD1,ACACB,NDRG1,RASGRP1,GRK6,ECT2,CNTLN,SUN2,NAV1,TMEM45A,GALT,MVP,PKD1L1,CDA,STMN1,IER5,JUNB,CDK5RAP2,DKK3,SYTL2,ZC2HC1C,SKA1,RAD21,HMOX1,CDK19,EHD2,TIMP2,CEP55,TUBB2A,GCNT1,OLFML3,CDKN2C,GSN,RAB3A,RTKN2,HJURP,SLCO2B1,IGFBP4,USP2,AK9,CCDC18,DAB2,BCL3,CNOT3,EFHC1,TNNI3,SYCP3,SEPHS1,TNS4,GADD45B,VASN,CORO7,TNFAIP8L1,TSC22D3,MAPRE2,VGLL1,DTYMK,EMC9,NUCKS1,HGD,STEAP2,NID1,FBLN5,DPP4,NR4A1,RNF208,PPP2R5D,PRTFDC1,TFPI,GNA15,STN1,ARID3B,SHCBP1,FMNL1,ALOX5AP,ALDH16A1"
"DEG_HMVL_TOR10","40","0.24390000000000001","HNF4A_19761587_CHIPCHIP_CACO2_HUMAN","HNF4A","72","1033","0.02432000000000000133892896769793878775089979171752929687500000000000000000000","0.1310000000000000053290705182007513940334320068359375000000000000000000000","1.3010","Literature--ChIP-seq","NUP107,HPD,CDCA2,MTMR8,VANGL1,SULT1B1,SASS6,LRRC49,ZNF230,NEK2,KMT5A,KPNA2,SLC16A4,MSH5,AJUBA,INO80B,ATXN1,SP8,CPNE8,MYO7A,ZBTB2,TSPAN1,SUV39H1,SCML2,FAAP24,ESYT3,TTF2,GPD1,NDRG1,CACNA1G,CCNB1,ECT2,ANKRD40CL,KLHL28,CLK1,AMOTL2,TREH,LMNB1,DARS2,SSTR1,GALT,AURKA,MDH1B,TEF,RBM42,CDA,NAA80,IER3,ASF1B,RNF152,DISP2,LTB4R2,NOTCH2,RAD51AP1,PLEKHG2,APOA1,ACSS2,PNRC2,CTH,KNL1,GADD45B,CLIC5,PCF11,AMPD3,RAD54L,NUCKS1,STEAP2,ABCG2,ALDH3B1,ARHGAP33,BLNK,ITGB3BP"
"DEG_HMVL_TOR10","41","0.25000000000000000","SOX17_20123909_CHIPSEQ_XEN_MOUSE","SOX17","104","1555","0.02457000000000000156097357262297009583562612533569335937500000000000000000000","0.1310000000000000053290705182007513940334320068359375000000000000000000000","1.2450","Literature--ChIP-seq","LIPH,RNASE6,SHMT1,CDCA7,NCAPH,NCAPH2,VANGL1,SMPD4,INCENP,FRZB,CENPL,NCAPD2,CENPO,NCAPD3,KMT5A,INO80B,NRF1,PORCN,SP2,SP8,ARHGAP11A,ATP7B,ITGB6,PRPS2,CDC45,SPON2,CDC20,HASPIN,THAP2,RIN2,L3MBTL3,XRCC4,SUV39H1,KIF12,KIF23,NR5A2,DEPDC1,RELT,NPM2,PCDHB16,BUB1B,PRDM1,HNRNPUL1,ECT2,LMNB1,MYBL2,MASTL,CCNA2,SFPQ,AURKB,RRM1,RRM2,CDA,TLNRD1,JUNB,CDK5RAP2,HOXC9,MCAM,IRF2BP1,ING1,NUF2,GCNT1,GCNT2,GPR143,DEPTOR,CFL2,OIP5,VRK1,DAB2,RAD9B,CSTL1,RANGAP1,TTK,POLR2A,PNRC2,AQP7,TNS4,OVOL1,NEIL2,IGSF3,MTTP,TPX2,SOSTDC1,VAV3,TUBG1,VGLL1,METTL4,RAD54L,MYEF2,LHFPL2,GSTA4,NUCKS1,HGD,ANXA10,TIMELESS,STIL,GPSM2,SLC40A1,CKS1B,PCDHGA6,ITGB3BP,BUB3,STN1,SHCBP1"
"DEG_HMVL_TOR10","42","0.25609999999999999","ELK1_19687146_CHIPCHIP_HELA_HUMAN","ELK1","60","846","0.02707000000000000031197266991966898785904049873352050781250000000000000000000","0.1409999999999999864552790995730902068316936492919921875000000000000000000","1.3260","Literature--ChIP-seq","TESK1,RFX5,FAM111A,DYNLL1,ZNF230,LRRC27,NCAPD2,KPNA4,BCL2L12,MED30,ODF2,TMEM19,ARHGAP11A,CDC45,CPNE8,CDC27,RCC1,RACGAP1,EGR2,XRCC4,DDIAS,SERTAD1,TBC1D31,CCNB2,CLK1,HP1BP3,MYC,IER3,SYTL2,PLK4,CDK19,FOSL1,ING2,CSRP2,KIFC1,CDKN2C,CARD6,CCDC18,FANCM,DAB2,WRAP53,TPX2,POC5,ZWILCH,NUCKS1,EME1,ACYP2,SGO2,ZMAT3,STIL,NR4A1,CKS1B,PPP2R5D,PRTFDC1,DBF4B,TFPI,POLQ,ARID3B,DEK,ALDH16A1"
"DEG_HMVL_TOR10","43","0.26219999999999999","NFIB_24661679_CHIPSEQ_E165LUNG_MOUSE","NFIB","37","489","0.03090999999999999997557509345824655611068010330200195312500000000000000000000","0.1580000000000000015543122344752191565930843353271484375000000000000000000","1.4220","Literature--ChIP-seq","VANGL1,TMC1,RILPL2,CENPU,SDCBP2,FBXO43,LRRC66,IGSF10,PPP1R15A,ERRFI1,NUDT1,RASSF4,CDC27,TMPO,ADGRB2,TSPAN4,NEDD1,CD83,RGS3,GPRIN3,AMOTL2,ARHGEF19,FDXR,CDK5RAP2,DKK3,MAML3,RAD18,ING1,NDE1,CEP135,APOA1,KLK7,LHFPL2,FBLN5,TSGA10,NMUR2,SGPP2"
"DEG_HMVL_TOR10","44","0.26829999999999998","TEAD4_22529382_CHIPSEQ_TROPHECTODERM_MOUSE","TEAD4","123","1893","0.03345000000000000056621374255882983561605215072631835937500000000000000000000","0.1680000000000000104360964314764714799821376800537109375000000000000000000","1.2070","Literature--ChIP-seq","MDC1,NUP107,STARD5,PADI1,SHMT1,CDCA7,PDGFB,PPARGC1B,EXPH5,HACE1,ABCA5,FAT3,LIN54,BHLHE41,TUBA1C,FLVCR2,IL12RB2,SAMD4A,NCAPD3,ADGRL2,FRY,NUDT15,PKP4,PLA2R1,AJUBA,SHC3,NRF1,NPAS1,SOCS2,ATXN1,GOT1,NEK5,ODF2,FOXM1,ITGB6,UNKL,BOK,NRG4,RNFT2,ATP10B,E2F7,PRC1,CCNF,CDC27,RCC1,RACGAP1,ANLN,KIF14,PTPRJ,PCSK4,KIF24,NR5A2,PCNT,GRIN1,PRDM1,TBC1D31,PLD1,ACACB,ECT2,COL5A2,AMOTL2,HP1BP3,LMNB2,LMNB1,TTC28,FAM178B,SFPQ,TAF5,TAF3,CDK20,JUNB,CDK5RAP2,MAML3,CEP72,HMOX1,PROM1,PLK4,CDK19,ISX,RAD18,FANK1,LYST,MYOM3,RNF152,PLPPR2,GCNT1,GCNT2,NDE1,MORN4,DEPTOR,FGF9,SLCO2B1,NOTCH2,AK7,MAP2K6,DAB2,LHX4,PLEKHG2,CKAP2L,CCDC69,HDAC9,FBXL20,CEP152,INSM2,PI16,HS6ST3,RPS6KA5,SEPHS1,TNS4,IGSF3,TRANK1,TPX2,MAPRE2,GAS2L3,CDH26,MARK1,STIL,TSGA10,KIF18A,GPSM2,BLNK,PALLD,PALM3"
"DEG_HMVL_TOR10","45","0.27439999999999998","WT1_19549856_CHIPCHIP_WILMSTUMORDERIVEDCCG99_11","WT1","17","192","0.03500000000000000333066907387546962127089500427246093750000000000000000000000","0.1729999999999999871214129143481841310858726501464843750000000000000000000","1.6870","Literature--ChIP-seq","NEBL,BHLHE41,CENPF,AJUBA,EGR2,NABP1,NAV1,RRM2,CDK19,GTF2IRD2,NOTCH2,PNRC2,ANP32E,TSC22D3,NUCKS1,USP13,ARID3B"
"DEG_HMVL_TOR10","46","0.28050000000000003","BCL6_25482012_CHIPSEQ_CMLJURLMK1_HUMAN","BCL6","119","1832","0.03586000000000000298427949019242078065872192382812500000000000000000000000000","0.1749999999999999888977697537484345957636833190917968750000000000000000000","1.2060","Literature--ChIP-seq","ZFYVE28,MEF2C,UNC5A,PIF1,CDCA8,SASS6,BHLHE41,TMC5,ZNF57,NEURL1B,TCOF1,CENPU,FABP6,RIMBP2,YPEL5,BLM,RAP1GAP,GOT1,IGSF10,UNKL,TNFRSF1B,KATNA1,RILP,TTC39A,RASSF1,MYO7A,ADGRB2,EPHA2,NUMBL,EPHA10,FBF1,HIVEP3,OSGIN1,XRCC1,KIF14,KIF11,PTPRH,ZHX2,NBPF15,SERTAD1,GIMAP2,PRDM1,TBC1D31,MORC4,LMTK3,GPRIN3,NDRG1,RASGRP1,PACSIN1,MUC17,PROC,COL5A2,TENT4A,LMNB1,MYBL2,MYBL1,SSTR1,SFPQ,NUP50,FAM72A,GALNT6,RRM1,RSPH1,TEF,SMC2,MYC,CDK5RAP2,MAP1S,DNAAF4,ZSCAN23,RAD21,HOXC9,WNT10A,ISX,SLC6A7,PYGM,PBK,NDC1,CIT,TUBB2A,MGLL,HBEGF,GCNT2,AOC1,CDKN2C,NMNAT2,ZNF331,RAB3C,DAB2,CNOT3,ACSS2,CCDC69,POLR2A,HDAC11,TRANK1,SLC6A20,VASN,ANKRD6,MTSS1,CEACAM6,GUCY2C,ALOX12B,TYMS,NOL4,METTL4,RAD54L,GSTA2,RDM1,STEAP2,ABCG2,ALDH3B1,COQ7,NR4A1,COQ2,PPP2R5D,GNA15,POC1A,NAP1L5,ALOX5AP"
"DEG_HMVL_TOR10","47","0.28660000000000002","FOXP1_21924763_CHIPSEQ_HESC_HUMAN","FOXP1","219","3521","0.03652999999999999997113420135974592994898557662963867187500000000000000000000","0.1749999999999999888977697537484345957636833190917968750000000000000000000","1.1520","Literature--ChIP-seq","MDC1,ZFYVE28,HES7,CCBE1,MYL5,DDX39A,ASPHD1,HPD,CDCA3,ABCB4,CDCA5,PRRT3,HACE1,ABCA5,TDP1,GPR19,LIN54,NCAPG2,TUBA1C,JAK3,TMC1,DYNLL1,TMC4,CKS2,TMEM106C,HAP1,PKN3,PROCA1,CENPA,CNPY4,CENPU,PSMC3,CENPM,FADS2,KMT5A,KPNA2,NUDT15,ACAP1,MSH5,AJUBA,LRRC56,FBXO48,PKMYT1,FBXO44,RAP1GAP,BCL2L12,TNFRSF14,NEK5,RABL2A,MLXIPL,SP8,EFCAB11,EXO1,UNKL,HSP90AA1,DBF4,LRRC8A,RILP,TRIM31,IFI35,ZDHHC1,TRIM28,RASSF4,RCC1,FBXO6,TMPO,CCDC78,HASPIN,PEX11G,FBF1,ZBTB2,TSPAN4,RIMKLA,EGR1,TNFSF13,OSGIN1,XRCC1,ACER2,TH,SUV39H2,KIF14,KIF12,KIF11,PTPRH,VMO1,TMEM150A,TNFRSF12A,KIF22,NBPF15,CAMK2N2,GRIN1,PRDM1,GPD1,NDRG1,CACNA1G,ECT2,PACSIN1,MGAM,KLHL28,TMEM237,AMOTL2,TREH,HP1BP3,HMGB2,RND2,LMNB2,CA7,MYBL1,FAM72D,FAM72B,FAM72A,GALT,PNKP,AURKB,RRM1,RBM42,NAA80,RTTN,DKK1,DEPDC1B,TYRO3,MAML3,ASF1B,SKA1,S100A14,GTF2IRD2,IRF2BP1,MTHFR,TMEM198,FOSL1,EHD2,FANK1,ING1,ING2,NUF2,NDC1,KIFC1,PLPPR2,CDKN2D,GSN,NDE1,NMNAT2,TUBB4B,FMO5,ZNF575,CEP126,DEPTOR,FGF9,CEP135,PGF,THOC6,DISP2,NOTCH2,RASAL1,AK9,FANCM,FANCB,FANCG,DAB2,RHEB,CNOT3,MAFF,WRAP53,CALCOCO1,DNMT3B,AMH,LBR,APOA1,EFHC1,ACSS2,POLR2A,RBBP6,TNNI3,RNF26,KCNJ14,KIAA0586,P2RX1,NIPAL3,PCLAF,SRRM5,OVOL1,PIMREG,TMTC2,GADD45B,STAG1,ANKRD6,PARP3,IZUMO4,PARP2,TUBB,PROX1,MTSS1,KPTN,ALOX12B,RANBP1,ZWILCH,DSCC1,NRM,CSKMT,IL11RA,SGO1,SGO2,TIMELESS,CABP1,ALDH3B1,CDH24,COQ7,NR4A1,USP35,POLH,CKAP2,RNF208,CKAP5,LIN9,SCLT1,ARID3B,DLK2,FMNL3,ALDH16A1"
"DEG_HMVL_TOR10","48","0.29270000000000002","EGR1_20690147_CHIPSEQ_ERYTHROLEUKEMIA_HUMAN","EGR1","350","5768","0.03821999999999999703126363215233141090720891952514648437500000000000000000000","0.1789999999999999924504834325489355251193046569824218750000000000000000000","1.1220","Literature--ChIP-seq","MDC1,TESK1,ZFYVE28,MEF2C,UNC5A,AR,MYL5,PADI2,HPD,MTMR8,PDGFB,NCAPH,HSPH1,RDH16,PPARGC1B,EXPH5,PRRT3,PRRT2,NCAPH2,CYP4F3,VANGL1,FAM111A,SASS6,EZH2,BHLHE41,SMPD3,SMPD4,JAK3,DYNLL1,TMC4,INCENP,PROCA1,RECQL4,CENPU,LRRC27,BMP8B,VWA3B,PSMC3,RIMBP2,CENPN,CENPO,YPEL5,ADGRL2,UGT1A10,NAB2,TOM1,KMT5A,SLC16A3,MINAR1,ACAP1,FRMD6,MSH5,PKP4,LRRC56,PKMYT1,NPAS1,RAP1GAP,SOCS2,PORCN,ATXN1,TNFRSF14,GOT1,BDNF,MLXIPL,SP2,SP8,UNKL,BOK,HSP90AA1,TNFRSF1B,DBF4,SNURF,BIRC5,PARD6B,CDC45,RILP,CYP4B1,SPON2,CERK,CCNF,TONSL,MTFR1L,ZDHHC1,OPHN1,TRIM28,CDC27,FBXO6,TMPO,CCDC78,MYO7A,THAP2,ADGRB2,EPHA2,L3MBTL3,NUMBL,EPHA10,ZBTB2,NEU4,RACGAP1,TSPAN4,HIVEP3,RIMKLA,TSPAN1,EGR1,EGR2,OSGIN1,XRCC1,ANLN,MC1R,LPAR5,OTUD7A,DMBX1,PHGDH,ZHX2,TMEM150A,TNFRSF12A,KIF7,NR5A2,KIF2C,TAGLN,ALS2CL,SERTAD1,CAMK2N1,CAMK2N2,MGAT3,PCNT,RELT,CAP2,PAK4,GRIN1,TACC3,ESYT3,CD83,CRTC1,TTF2,RGS3,IL6R,RUNDC3B,HNRNPUL1,CCNE1,CCDC146,ACACB,NDRG1,CACNA1G,CALHM2,GRK6,PACSIN1,EEFSEC,MUC17,CAV1,UBE2S,NABP1,MXD3,MXD4,PHF19,HP1BP3,HMGB2,PSIP1,RND2,TENT4A,LMNB2,LMNB1,FAM178B,PIDD1,MYBL2,RBM15,ARHGEF19,NAV1,MASTL,SFPQ,SHANK2,DNAH1,DNAH2,GALT,DNAH5,AURKB,PSMB10,TAS1R3,GALNT6,MAPK15,RSPH1,TLNRD1,MYC,STMN1,FDXR,JUNB,NUP210,MAP1S,DKK3,PRR19,HOXB4,MAML3,ASF1B,WDR62,CEP72,CDK19,WNT10A,MCAM,IRF2BP1,MTHFR,FHDC1,MEX3C,FOSL1,EHD2,TNFSF9,FANK1,ARPC1B,ING1,MYOM3,ING2,PEA15,TIMP2,TCF19,TUBB2A,KIFC1,MGLL,HBEGF,ADCY7,OLFML3,NSD2,GCNT2,CDKN2D,CDKN2C,GSN,GLYCTK,NDE1,NMNAT2,TUBB4B,LPCAT4,LPCAT2,ZNF575,CEP126,CLSTN3,RAB43,SLCO2B1,CEP131,USP2,THOC6,DISP2,ERF,NOTCH2,CBFB,FAM114A1,NATD1,RASAL1,KLC4,TPPP,FANCA,SCRT1,RHEB,BCL3,CNOT3,MAFF,LHX4,LBR,PLEKHG2,APOA1,WIPI1,CCDC69,FBXL20,POLR2A,TNNI3,BCO1,PNRC2,TPCN1,DNAJA1,KLF8,PI16,NECTIN4,HDAC11,MKI67,RPS6KA5,NIPAL3,SYNPO,DLEC1,OVOL1,PIMREG,SLC22A3,NECAB3,MAOB,GNG10,NTSR1,GADD45B,VASN,SMTN,STAG3,ANP32E,CLIC5,TNFAIP8L1,CCHCR1,ANKRD6,SLC22A11,VAV3,TSC22D3,TUBB,AMPD3,IL17RE,ZDHHC11,MTSS1,MDFIC,CEACAM5,KPTN,MAPRE2,TOR4A,TYMS,TYMP,KIAA0513,RAD54L,RANBP1,SCD5,LHFPL2,MPHOSPH9,TRIP13,STEAP4,NRM,NUCKS1,CCDC28B,HGD,LIG1,KAZN,SHISA4,KCTD9,DPP4,ALDH3B2,ZMAT3,CDH24,MYH11,ACBD7,HSPA8,TDRD5,ARHGAP33,NR4A1,TSGA10,DLG5,TMEM117,THRB,CKS1B,KLF10,RNF208,PPP2R5D,UPK3B,PALLD,ITGB3BP,RGS16,CAMK2A,GNA15,ARID3B,DLK2,FMNL3,FMNL1"
"DEG_HMVL_TOR10","49","0.29880000000000001","TCF3_18347094_CHIPCHIP_MESC_MOUSE","TCF3","119","1838","0.03857000000000000011768364061026659328490495681762695312500000000000000000000","0.1789999999999999924504834325489355251193046569824218750000000000000000000","1.2020","Literature--ChIP-seq","ZFYVE28,LIPH,MEF2C,CDCA3,CDCA7,IQGAP3,VANGL1,EZH2,GPR19,NCAPG2,SMPD4,DYNLL1,TMC5,FRZB,CENPL,CENPM,NAB2,NEK2,FRMD6,SHC3,FOXO6,NRF1,PKMYT1,SOCS2,PORCN,ATXN1,BDNF,NEK5,SP8,ACP5,ITGB6,HSP90AA1,TNFRSF1B,DBF4,SNURF,IL2RG,MLLT3,SLC25A27,NUDT1,CDC20,TRIM28,FBXO5,HASPIN,THAP2,ADGRB2,KIF20B,EPHA2,SLC45A3,HIVEP3,OTUD7A,KIF11,APOBEC1,TNFRSF12A,SATB1,CAMK2N1,MGAT3,GPC4,SPC24,AMOTL2,PHTF2,MYBL2,SUN2,DARS2,NAV1,AURKA,TLNRD1,NAA80,MYC,STMN1,IER3,NUP210,DKK1,HOXB4,TYRO3,PRR11,HOXC9,CDK19,GTF2IRD2,MCAM,RDX,MTHFR,SLC6A7,NDC1,GCNT2,DEPTOR,SLC15A1,THOC6,CBFB,RAD51AP1,FANCG,RHEB,LHX4,WRAP53,DNMT3B,PLEKHG2,ASPM,HIRIP3,KLF8,RHEBL1,CHEK2,CCHCR1,ANKRD6,VAV3,PROX1,MTSS1,MDFIC,GSTA4,NUCKS1,HGD,LONRF2,ARHGAP33,NR4A1,COQ2,KIF18A,TFPI,BUB1,ARID3B,SGPP2,DLK2"
"DEG_HMVL_TOR10","50","0.30490000000000000","TET1_21490601_CHIPSEQ_MESC_MOUSE","TET1","113","1744","0.04163000000000000033750779948604758828878402709960937500000000000000000000000","0.1869999999999999995559107901499373838305473327636718750000000000000000000","1.2030","Literature--ChIP-seq","TESK1,ZFYVE28,CCBE1,UNC5A,CDCA5,PDGFB,PPARGC1B,VANGL1,GPR19,FLVCR2,ARG2,TMC5,CENPU,SAMD4A,PSMB8,CENPF,RIMBP2,CENPP,YPEL5,NAB2,FADS2,NEK2,AJUBA,LRRC56,FBXO44,RAP1GAP,SOCS2,BDNF,ODF2,ACP5,ADORA2B,RNFT2,PPM1H,E2F7,TONSL,OPHN1,EPHA2,SLC45A3,ANLN,KIF12,PTPRJ,CNTRL,TMEM150A,KIF23,NR5A2,ALS2CL,CAMK2N1,BUB1B,PRDM1,RUNDC3B,EEFSEC,UBE2T,AMOTL2,PHF19,PSIP1,RND2,LMNB1,FAM178B,ARHGEF19,NUP50,SHANK2,GALT,GALNT6,RRM1,TEF,RBM42,SMC4,CDK20,ZC2HC1C,DEPDC1B,MAML3,FHDC1,FOSL1,EHD2,SLC6A7,RAD18,PBK,TIMP2,NDC1,MGLL,CHN2,GCNT2,PGF,THOC6,DISP2,NOTCH2,TPPP,MAFF,CALCOCO1,DNMT3B,LBR,TPRN,RHEBL1,CHEK2,SYNPO,DLEC1,ESCO2,DNA2,NTSR1,ANKRD6,PROX1,TUBG1,MTSS1,MAPRE2,HDC,NRM,PTTG1,FANCD2,TSGA10,POLH,KLF10,GNA15,SGPP2"
"DEG_HMVL_TOR10","51","0.31100000000000000","GATA4_25053715_CHIPSEQ_YYC3_HUMAN","GATA4","119","1845","0.04193000000000000199174010617753083351999521255493164062500000000000000000000","0.1869999999999999995559107901499373838305473327636718750000000000000000000","1.1970","Literature--ChIP-seq","LIPH,PADI2,HPD,CDCA3,PDGFB,PRRT3,NEBL,LYZ,ARG2,CSE1L,NEK2,NUDT15,UBALD2,CDC25C,MSH5,PKP4,AJUBA,ATXN1,SLCO1B3,MLXIPL,ST6GALNAC1,BCAS1,TNFRSF1B,ADORA2B,PPP1R15A,RETNLB,PARD6B,ZNF860,PPP1R14D,ERRFI1,CERK,IFI35,ZDHHC1,CDC27,TMPO,THAP2,KEL,PTPRR,PTPRH,TAGLN,MGAT3,PAK4,SAMD9L,KLHL35,RGS3,GEN1,SPINK5,HNRNPUL1,CCDC150,CCNB2,KLHL28,SYT8,UBE2T,TMEM45B,PHTF2,TENT4A,NUP50,FAM72D,FAM72B,FAM72A,LAMA2,DNAH5,MYC,PRSS3,DKK1,TYRO3,MAML3,ASF1B,SKA2,POU5F1B,CEP78,RDX,FHDC1,RAD18,FANK1,ING1,RPS6KL1,GCNT1,RASSF10,CHN2,FMO5,CCL28,CEP126,SLCO2B1,ILF2,CBFB,TPPP,SRGAP2,FANCA,CYP4F12,DAB2,CCDC34,ACSS2,RPS6KA5,VSIG1,SYNPO,KNL1,SLC22A3,KLK6,NTSR1,STAG1,AKR1B10,PCF11,IL17RE,NAALADL2,MAPRE2,TRIP13,ANXA10,TIMELESS,NID1,DPP4,PSAPL1,KIF18B,NMUR2,SLC40A1,CKS1B,OAS3,BUB1,MLPH"
"DEG_HMVL_TOR10","52","0.31709999999999999","GATA3_20176728_CHIPCHIP_TROPHOBLASTSTEMCELLS_MOUSE","GATA3","48","678","0.04381999999999999784172644012869568541646003723144531250000000000000000000000","0.1920000000000000039968028886505635455250740051269531250000000000000000000","1.3230","Literature--ChIP-seq","DDX39A,OPTN,NCAPH2,RECQL4,SDCBP2,AJUBA,COL17A1,FOXO6,MED30,NDC80,MLXIPL,MLLT3,KATNA1,HASPIN,ANLN,ACADL,KIF2C,HNRNPUL1,PROC,MYBL2,AURKA,RRM1,RRM2,MYC,JUNB,IER3,DNAAF4,HOXB4,SLC6A7,GPR143,IGFBP4,MAP2K6,RAD9B,LBR,RBBP6,BCO1,ARL6IP1,CHEK2,TNS4,AKAP7,RANBP1,TJP3,KCTD9,NR4A1,ARHGAP30,POLH,CAMK2A,BUB3"
"DEG_HMVL_TOR10","53","0.32319999999999999","ESR1_21235772_CHIPSEQ_MCF7_HUMAN","ESR1","18","213","0.04524000000000000243360886997834313660860061645507812500000000000000000000000","0.1960000000000000075495165674510644748806953430175781250000000000000000000","1.6030","Literature--ChIP-seq","CDCA7,FRMD6,EPHA2,TNFRSF12A,CAP2,CAPN8,NDRG1,JUNB,SYTL4,DEPTOR,IGFBP4,DAB2,BCL3,VASN,TSC22D3,TFF1,KIAA0513,RNF207"
"DEG_HMVL_TOR10","54","0.32929999999999998","RUNX1_22412390_CHIPSEQ_EML_MOUSE","RUNX1","96","1469","0.04646000000000000129674049276218283921480178833007812500000000000000000000000","0.1980000000000000093258734068513149395585060119628906250000000000000000000","1.2140","Literature--ChIP-seq","LIPE,PADI2,OPTN,CDCA7,PRRT2,NCAPH2,VANGL1,FAM111A,SASS6,TUBA1C,SMPD4,DYNLL1,HAP1,IL12RB2,ADGRL2,FRY,ACAP1,MSH5,PKP4,LRRC56,SP2,HSP90AA1,NRG4,IL2RG,E2F7,E2F8,MTFR1L,FBXO6,HASPIN,FBF1,TSPAN4,TSPAN1,EGR1,CNTRL,CD37,ZHX2,KIF7,RELT,CD72,CALHM2,PACSIN1,SLC52A1,CLK1,PHTF2,HP1BP3,PSIP1,LTB4R,NUP50,FAM72A,RSPH1,WDR93,MYC,STMN1,FDXR,JUNB,PRKCH,ARMC9,HOXB4,MTHFR,TNFSF9,LYST,ADCY7,GCNT3,MZT1,DHRS9,IYD,CEP135,SNRNP25,NOTCH2,RASAL1,SRGAP2,FANCM,FANCA,FANCG,BCL3,LBR,ANG,TTK,BCO1,MTTP,GADD45B,STAG3,VAV3,IZUMO4,GP1BA,DTYMK,ALDH3B1,HSPA8,ARHGAP30,DLG5,PALM3,FAM169A,STN1,DEK,FMNL3,ALDH16A1"
"DEG_HMVL_TOR10","55","0.33539999999999998","HOXD13_18407260_CHIPCHIP_INVIVOINDEVELOPINGLIMBS_MOUSE","HOXD13","15","171","0.04850999999999999756639113002165686339139938354492187500000000000000000000000","0.2030000000000000137667655053519411012530326843261718750000000000000000000","1.6700","Literature--ChIP-seq","HES7,COL11A1,CENPU,CENPF,CENPI,NR5A2,BMP2,CHN2,RAB3C,TTK,NEIL2,NAALADL2,NOL4,DIAPH3,USP13"
"DEG_HMVL_TOR10","56","0.34150000000000003","CDX2_19796622_CHIPSEQ_MESC_MOUSE","CDX2","22","275","0.04895999999999999657829263810526754241436719894409179687500000000000000000000","0.2030000000000000137667655053519411012530326843261718750000000000000000000","1.5100","Literature--ChIP-seq","ABCA5,YPEL5,ATXN1,MLLT3,ERRFI1,RASSF4,SATB1,SLC30A4,PLD1,MGAM,LAMA2,CDA,CEP70,HOXC9,PROM1,RNF152,GCNT2,MAFF,KRT20,VAV3,MARK1,TMEM117"
"DEG_HMVL_TOR10","57","0.34760000000000002","EOMES_21245162_CHIPSEQ_HESC_HUMAN","EOMES","60","880","0.05050000000000000321964677141295396722853183746337890625000000000000000000000","0.2069999999999999895639035685235285200178623199462890625000000000000000000","1.2710","Literature--ChIP-seq","OPTN,CDCA7,HSPH1,VANGL1,SASS6,EZH2,FLVCR2,ARG2,CNPY4,HAS2,CENPM,FADS2,NEK2,FRMD6,ZNF438,COL17A1,RAP1GAP,BDNF,CNTROB,SLC5A12,IFI35,RASSF1,FBXO6,EPHA2,ARSD,HSPA12A,TAGLN,HNRNPUL1,KLHL28,RND2,DARS2,LAMA2,MVP,NUP37,CDA,GABPB1,SMC4,IER5,PRKCH,DKK1,MTHFR,CEP55,NDC1,CHN2,MORN4,ZNF331,SRGAP2,FANCB,LHX4,WRAP53,CCDC34,FBXL20,TSC22D3,HDC,AKAP7,IL11RA,STIL,DIAPH3,GPSM2,TFPI"
"DEG_HMVL_TOR10","58","0.35370000000000001","FOXA2_19822575_CHIPSEQ_HEPG2_HUMAN","FOXA2","175","2814","0.05253000000000000030420110874729289207607507705688476562500000000000000000000","0.2119999999999999940047956670241546817123889923095703125000000000000000000","1.1520","Literature--ChIP-seq","SAMD12,CCBE1,HPD,OPTN,CDCA2,ABCB4,EXPH5,ABCA5,NEBL,CYP4F3,LYZ,FAT3,TUBA1C,TMC5,NRAP,LRRC27,SAMD4A,VWA3B,FABP1,NCAPD2,ADGRL2,LY75,FRY,TOM1,NEK2,KPNA2,SLC16A3,UBALD2,CDC25C,SDCBP2,MSH5,AJUBA,NPAS1,RAP1GAP,SOCS2,ATXN1,GOT1,MLXIPL,ST6GALNAC1,ATP7B,ITGB6,BCAS1,BOK,HSP90AA1,MUC5AC,PPM1H,MLLT3,PARD6B,CPNE8,RASSF4,CDC27,MYO7A,RIN2,EPHA2,ZBTB2,XRCC4,BRCA2,CNTRL,G2E3,NPM2,AKR1C2,NEDD1,BUB1B,KLHL35,IL6R,MORC4,MR1,HNRNPUL1,CCDC150,PLD1,ECT2,MUC17,PROC,COL5A2,TMEM45B,SFPQ,PNKP,PKD1L1,AURKB,RRM2,TEF,TAF3,GABPB1,STMN1,JUNB,CDK5RAP2,IER3,PRKCH,DKK1,DKK3,DEPDC1B,TYRO3,MAML3,RAD21,CDK19,PLK1,FHDC1,RAD18,FANK1,MYOM3,ING2,TK1,ADCY4,ADCY7,RASSF10,CHN2,GCNT2,GSN,NDE1,MORN4,RAB3C,RAB43,DEPTOR,FGF9,SLCO2B1,CEP135,IGFBP4,VRK1,PGF,FAM114A1,AK7,CYP4F12,REEP4,LHX4,DNMT3B,CSTL1,CKAP2L,APOA1,RANGAP1,ANG,NEMP1,CYP3A5,BCO1,RNF26,PNRC2,TPCN1,HDAC11,RPS6KA5,CHEK2,SYNPO,SLC6A12,SLC22A3,MTTP,SMTN,STAG1,CORO7,TOP2A,PCF11,FEZF1,ANKRD6,SLC22A11,VAV3,IL17RE,PROX1,NAALADL2,EMC9,LHFPL2,MPHOSPH9,KAZN,ACYP2,ABCG2,NID1,ACBD7,STIL,TSGA10,DLG5,GPSM2,CASP5,PALLD,USP13,FAM169A,TFPI,POC1A,DEK,MLPH"
"DEG_HMVL_TOR10","59","0.35980000000000001","SRY_25088423_CHIPCHIP_EMBRYONICGONADS_MOUSE","SRY","172","2765","0.05353000000000000119237952844741812441498041152954101562500000000000000000000","0.2129999999999999948929740867242799140512943267822265625000000000000000000","1.1520","Literature--ChIP-seq","GTSE1,HES7,UNC5A,AR,PADI1,PDGFB,HSPH1,RNF215,NCAPH2,EZH2,NCAPG2,BHLHE41,MMP28,JAK3,ARG2,RILPL2,PKN3,CNPY4,FRZB,SAMD4A,WTIP,FADS2,SLC16A3,ACAP1,FRMD6,INO80B,FBXO44,NPAS1,ATXN1,MED30,TNFRSF14,TMEM120B,ODF2,MLXIPL,UNKL,IL2RG,LRRC8A,RILP,TTC39A,CPNE8,SPON2,CERK,NUDT1,IFI35,FBXO6,MYO7A,ADGRB2,NUMBL,FBF1,HSPA12A,ACER2,DMBX1,ZHX2,TNFRSF12A,NXPE2,SATB1,GPC4,PCNT,TACC3,CD83,MORC4,LMTK3,GEM,GPRIN3,RASGRP1,CACNA1G,GRK1,PACSIN1,UBE2C,MSN,SYT8,BMP2,UBE2S,AMOTL2,MXD3,PHF19,TENT4A,LTB4R,LMNB1,ARHGEF19,NAV1,SSTR1,SFPQ,PSRC1,FAM72A,GALT,MVP,PSMB10,TAS1R3,RRM1,TEF,SMC4,STMN1,HOXA6,PRKCH,HOXB4,MAML3,SDSL,SKA1,CEP70,S100A14,PROM1,MCAM,PLK1,MTHFR,FHDC1,EHD2,ARPC1B,TIMP2,RNF152,CEP55,TERF1,TUBB2A,MGLL,ADCY4,ADCY7,GCNT2,GPAT3,GSN,GPR3,RAB43,FGF9,IGFBP4,THOC6,LTB4R2,ERF,SNRNP25,SLC38A11,FANCB,SCRT1,REEP4,WIPI1,CCDC69,RBBP6,PNRC2,TPCN1,DNAJA1,HDAC11,AQP7,TNS4,PIMREG,NEIL1,IGSF3,TMTC2,KLK7,NTSR1,STAG3,ANKRD6,TSC22D3,TUBG1,KPTN,HDC,DRP2,METTL4,EMC9,RANBP1,TJP3,CCDC28B,LIG1,KAZN,SHISA4,KCTD9,ZMAT3,ALDH3B1,NR4A1,COQ2,KLF10,RNF208,OAS3,RNF207,CAMK2A,ARID3B"
"DEG_HMVL_TOR10","60","0.36590000000000000","RXRA_24833708_CHIPSEQ_LIVER_MOUSE","RXRA","102","1584","0.05589999999999999830135877232351049315184354782104492187500000000000000000000","0.2200000000000000011102230246251565404236316680908203125000000000000000000","1.1950","Literature--ChIP-seq","MDC1,RFX5,CDCA7,RNF215,ABCA5,SMPD4,FLVCR2,DLGAP5,TMC5,PKN3,SAMD4A,CENPF,YPEL5,NAB2,NEK2,UBALD2,TUBA4A,ACAP1,FRMD6,FBXO48,NEK5,IGSF10,TMEM19,ATP7B,HSP90AA1,NRG4,SLC25A27,CDC45,ERRFI1,TONSL,ERFE,PAQR6,CCDC78,HASPIN,EPHA2,FBF1,EGR2,TMEM150A,G2E3,PLD1,RASGRP1,CCNB2,PACSIN1,TMEM237,UBE2S,UBE2T,MXD3,MXD4,HP1BP3,CCNA2,FAM72A,GALT,AURKB,TAS1R3,MAPK15,ARMC9,ZC2HC1C,PRR11,CDK19,TIMP2,CEP55,MGLL,HBEGF,GRAMD1C,PDF,AOC1,TUBB4B,CLSTN3,RAB43,CEP131,NOTCH2,ANKRD24,RAD9B,COL14A1,AMH,WIPI1,RANGAP1,ESPL1,EFHC1,MTFR2,CCDC77,PI16,NECTIN4,CBLB,TRANK1,VASN,STAG1,GP1BA,PROX1,MTSS1,EMC9,SCD5,LHFPL2,TJP3,STEAP4,DSCC1,NRM,TIMELESS,CHTF18,UPK3B,GNA15,DEK"
"DEG_HMVL_TOR10","61","0.37200000000000000","SPI1_22790984_CHIPSEQ_ERYTHROLEUKEMIA_MOUSE","SPI1","109","1704","0.05745000000000000106581410364015027880668640136718750000000000000000000000000","0.2200000000000000011102230246251565404236316680908203125000000000000000000","1.1870","Literature--ChIP-seq","NUP107,ACCS,LIPE,RNASE6,OPTN,CDCA7,HSPH1,HACE1,INCENP,CKS2,CENPA,IL12RB2,CENPF,NAB2,FADS2,KPNA4,FBXO48,NRF1,MED30,ARHGAP11A,BIRC5,TONSL,IFI35,TMPO,KIF20B,OSGIN1,LPAR5,CTSS,MIS18BP1,CNTRL,CD37,KIF23,G2E3,CD72,MAD2L1,TBC1D31,HNRNPUL1,CCNB2,KLHL28,UBE2S,HP1BP3,HMGB2,LTB4R,SFPQ,DNAH1,MDH1B,TEF,TAF5,GABPB1,SMC2,MYC,FDXR,RTTN,JUNB,IER3,DNAAF4,DEPDC1B,RAD21,CEP70,CEP78,CDK19,TERF1,KIFC1,ADCY7,CARD6,CLSTN3,HJURP,IGFBP4,USP2,VRK1,CBFB,RASAL1,FANCI,FANCB,CNOT3,CKAP2L,RANGAP1,POLR2A,SPAG5,CEP152,PNRC2,ARL6IP1,CBLB,MKI67,NIPAL3,MTTP,GADD45B,AKR1B10,ANP32E,GP1BA,DTYMK,RAD54B,GINS4,CCDC28B,ARHGDIB,ACYP2,TIMELESS,TSGA10,ARHGAP30,KIF18B,CKS1B,POLH,OAS3,CAMK2A,FAM169A,BUB3,STN1,FMNL1,ALOX5AP"
"DEG_HMVL_TOR10","62","0.37800000000000000","NR4A2_19515692_CHIPCHIP_MN9D_MOUSE","NR4A2","13","147","0.05965999999999999775512904420793347526341676712036132812500000000000000000000","0.2260000000000000064392935428259079344570636749267578125000000000000000000","1.6850","Literature--ChIP-seq","TUBA4A,FBF1,ANLN,SCML2,LMTK3,RBM15,FDXR,CDK5RAP2,TUBB2A,RAB3C,ZWINT,STAG3,ARID3B"
"DEG_HMVL_TOR10","63","0.38410000000000000","HSF1_23293686_CHIPSEQ_STHDHSTRIATAL_MOUSE","HSF1","51","745","0.06219999999999999834576769330851675476878881454467773437500000000000000000000","0.2270000000000000073274719625260331667959690093994140625000000000000000000","1.2760","Literature--ChIP-seq","LIPE,HES7,AFMID,DYNLL1,CENPF,CENPK,YPEL5,GOT1,RABL2A,HSP90AA1,TMPO,PEX11B,HIVEP3,OSGIN1,TAGLN,MORC4,ACACB,AMOTL2,LMNB1,AURKB,STMN1,IER5,DKK3,PLK1,MTHFR,ARPC1B,ING1,TK1,CIT,GCNT2,GSN,DEPTOR,ILF2,PGF,MAFF,PLEKHG2,RANGAP1,ANG,BCO1,TPCN1,DNAJA1,ESCO2,KNL1,ANP32E,PARP3,ALDH3B1,HSPA8,RNF207,MNS1,POC1A,STN1"
"DEG_HMVL_TOR10","64","0.39019999999999999","JUN_26020271_CHIPSEQ_SMOOTHMUSCLE_HUMAN","JUN","116","1830","0.06275000000000000022204460492503130808472633361816406250000000000000000000000","0.2270000000000000073274719625260331667959690093994140625000000000000000000","1.1750","Literature--ChIP-seq","LIPH,STARD5,HPD,NCAPH,HSPH1,TDP1,TMC1,ARG2,PLSCR4,WTIP,TOM1,SLC16A4,SDCBP2,PKP4,COL17A1,SHC3,RAP1GAP,PORCN,ATXN1,TMEM120B,NDC80,CNTROB,TNFRSF1B,ADORA2B,PPP1R15A,PARD6B,LRRC8A,E2F7,TTC39A,PRC1,FBXO5,MYO7A,EPHA2,HIVEP3,SEC31B,EGR2,APOBEC3B,BRCA2,PTPRH,ZHX2,TNFRSF12A,NXPE1,NXPE2,CAMK2N1,PCNT,SAMD9L,CRTC1,BUB1B,IL6R,RUNDC3B,GEM,PLD1,NDRG1,PROC,UBE2S,TMEM45B,HMGB2,LTB4R,SSTR1,MASTL,PKD1L1,MYC,PRSS3,CDK5RAP2,DKK1,DKK3,SYTL2,HMOX1,GTF2IRD2,MTHFR,TNFSF9,FANK1,TIMP2,NSD2,GPAT3,GSN,GLYCTK,GPR3,SLCO2B1,THOC6,HMMR,AKIRIN2,MAFF,CSTL1,RANGAP1,FBXL20,NHS,AHNAK2,KIAA0586,NECTIN4,HS6ST3,VSIG1,NIPAL3,NEIL2,LIAS,AKR1B10,PARP2,MAPRE2,DTYMK,TYMS,DRP2,SCD5,NUCKS1,GAS2L3,SHISA4,ANXA10,DPP4,ZMAT3,TRPV1,PRTFDC1,TFPI,KRT83,GNA15,STN1,ARID3B,ALOX5AP"
"DEG_HMVL_TOR10","65","0.39629999999999999","TAL1_20566737_CHIPSEQ_PRIMARYFETALLIVERERYTHROID_MOUSE","TAL1","105","1652","0.06855999999999999594546551406892831437289714813232421875000000000000000000000","0.2340000000000000135447209004269097931683063507080078125000000000000000000","1.1790","Literature--ChIP-seq","MDC1,MEF2C,RNASE6,HPD,PADI1,ABCB4,PDGFB,LIN54,INCENP,CENPU,PSMC3,NCAPD3,TOM1,NEK2,BLM,FBXO48,NRF1,ATXN1,TMEM120B,NEK5,ACP5,UNKL,HSP90AA1,BIRC5,TTC39A,TMPO,PAQR6,KEL,KIF20B,SLC45A3,EGR1,MC1R,PTPRJ,TMEM150A,MST1,TLCD2,SERTAD1,GPC4,RELT,TACC3,PRDM1,TBC1D31,GEM,CCNE1,PLA2G10,CALHM2,GRK6,BMP2,NABP1,MXD4,HP1BP3,SFPQ,GALNT6,SMC2,MYC,STMN1,CDK20,IER5,DEPDC1B,CEP70,MTHFR,FHDC1,ING1,LYST,TK1,CEP55,TUBB2A,MGLL,GRAMD1C,GCNT1,ADCY7,TUBB4B,SLC15A1,VRK1,ERF,NOTCH2,SCRT1,RHEB,HGFAC,APOA1,WIPI1,ACSS2,POLR2A,TNNI3,ARL6IP1,HDAC11,RPS6KA5,IGSF3,STAG1,STAG3,ANKRD6,TSC22D3,AMPD3,MTSS1,TUBD1,SCEL,EMC9,RDM1,ABCG2,FAM83D,COQ2,GPSM2,SLC40A1,KLF10,ALOX5AP"
"DEG_HMVL_TOR10","66","0.40239999999999998","STAT4_19710469_CHIPCHIP_TH1_MOUSE","STAT4","80","1235","0.07188999999999999557243057779487571679055690765380859375000000000000000000000","0.2349999999999999866773237044981215149164199829101562500000000000000000000","1.2030","Literature--ChIP-seq","MDC1,LIPE,LIPH,HES7,MEF2C,NCAPH,EZH2,IL12RB2,PSMB8,NAB2,FRMD6,MSH5,AJUBA,FBXO44,PORCN,GOT1,MLXIPL,MLLT3,CCNF,TONSL,IFI35,CDC20,RASSF4,L3MBTL3,EGR2,SATB1,CD83,GIMAP7,RGS3,HNRNPUL1,HP1BP3,RBM15,DARS2,MVP,GALNT6,SSRP1,TAF5,TLNRD1,SMC4,MYC,JUNB,IER3,NUP210,CDK19,FOSL1,TIMP2,TUBB2A,KIFC1,GCNT3,CDKN2D,RTKN2,VRK1,ERF,CBFB,SRGAP2,FANCM,SCRT1,DAB2,MAFF,PLEKHG2,RBBP6,CBLB,KLK6,GADD45B,TPX2,STAG1,DTYMK,AKAP7,METTL4,FAS,NRM,RDM1,NUSAP1,ARHGAP30,UPK3B,CAMK2A,TFPI,STN1,DEK,ALDH16A1"
"DEG_HMVL_TOR10","67","0.40849999999999997","STAT3_18555785_CHIPSEQ_MESC_MOUSE","STAT3","103","1625","0.07402999999999999858335542057830025441944599151611328125000000000000000000000","0.2379999999999999893418589635984972119331359863281250000000000000000000000","1.1750","Literature--ChIP-seq","DDX39A,PDGFB,AFMID,HACE1,NEBL,EZH2,GPR19,TUBA1C,MMP28,HAP1,SAMD4A,ADGRL2,FRY,NEK2,UBALD2,PKP4,AJUBA,NRF1,SOCS2,GOT1,LRRC66,IGSF10,BCAS1,BIRC5,PPM1H,MLLT3,E2F7,CYP4B1,CPNE8,TMPO,EPHA2,L3MBTL3,ANLN,KIF14,OTUD7A,PTPRH,ZHX2,NXPE2,NR5A2,DEPDC1,G2E3,ALS2CL,IL33,ESYT3,CD83,CRTC1,PRDM1,MR1,CD8A,CCDC150,PLD1,CALHM2,KLHL28,SLC52A1,PHTF2,HP1BP3,LMNB1,RSPH1,MYC,STMN1,SKA1,CEP78,CDK19,FHDC1,SLC6A7,FANK1,PYGM,ING1,TERF1,CIT,ADCY7,OLFML3,CHN2,GCNT2,GPR3,NMNAT2,RAB3C,RTKN2,FGF9,LAMP3,PGF,CALCOCO1,COL14A1,RBBP6,SYNPO,IGSF3,MTTP,ZWINT,ANP32E,AMPD3,METTL4,MPHOSPH9,HGD,ANXA10,CABP1,MARK1,HSPA8,PSAPL1,TSGA10,NMUR2,THRB,BLNK,SHCBP1"
"DEG_HMVL_TOR10","68","0.41460000000000002","OLIG2_26023283_CHIPSEQ_AINV15_MOUSE","OLIG2","109","1727","0.07428999999999999492850122351228492334485054016113281250000000000000000000000","0.2379999999999999893418589635984972119331359863281250000000000000000000000","1.1700","Literature--ChIP-seq","HES7,UNC5A,RFX5,RNF215,RNF217,TDP1,TMC5,CKS2,HAS2,CENPU,PSMC3,YPEL5,KPNA2,FRMD6,PKP4,BDNF,SP8,BIRC5,CDC45,ERRFI1,CERK,TONSL,ZDHHC1,TRIM28,RASSF4,CDC27,L3MBTL3,NUMBL,SLC45A3,EPHA10,ZBTB2,RACGAP1,HIVEP3,RIMKLA,OSGIN1,TH,KIF14,DMBX1,SATB1,CAMK2N1,PAK4,SGSM1,PCDHB16,TBC1D31,SLC1A1,NDRG1,CACNA1G,ECT2,PACSIN1,MGAM,SYT8,COL5A2,MXD3,HMGB2,LMNB1,SSTR1,CCNA2,MVP,CDA,TLNRD1,MYC,JUNB,WDR62,SKA1,SKA2,WNT10A,MTHFR,FHDC1,EHD2,ING1,TK1,CIT,TUBB2A,OLFML3,CHN2,GCNT2,CDKN2C,DEPTOR,OIP5,MAP2K6,SCRT1,DAB2,CCDC69,SPAG5,TPCN1,NIPAL3,SYNPO,NEIL1,NTSR1,VASN,ANKRD6,PROX1,MPHOSPH9,TIMELESS,CABP1,ALDH3B1,CDH26,COQ7,COQ2,DLG5,NMUR2,BLNK,KLF10,MNS1,RGS16,CAMK2A,TFPI,ARID3B,ALOX5AP"
"DEG_HMVL_TOR10","69","0.42070000000000002","TFAP2C_20629094_CHIPSEQ_MCF7_HUMAN","TFAP2C","73","1125","0.07920000000000000650590692430341732688248157501220703125000000000000000000000","0.2489999999999999991118215802998747676610946655273437500000000000000000000","1.2050","Literature--ChIP-seq","NUP107,RDH16,PPARGC1B,TMC1,CHST6,INCENP,CKS2,NEURL1B,CDC25C,FRMD6,RAP1GAP,ATXN1,HSP90AA1,LRRC8A,TTC39A,ERRFI1,CERK,RASSF4,RCC1,ADGRB2,HIVEP3,TSPAN1,OSGIN1,SUV39H1,ZHX2,KIF23,CAP2,PAK4,CAPN8,RGS3,IL6R,CCDC146,PLD1,CALHM2,EEFSEC,NAV1,SHANK2,GALNT6,GABPB1,MYC,PRKCH,SYTL2,CDK19,PBK,ZNF331,DEPTOR,NOTCH2,TPPP,REEP4,BCL3,CNOT3,LHX4,DNMT3B,MTFR2,NECTIN4,HS6ST3,CHEK2,NIPAL3,IGSF3,VASN,SLC22A11,TSC22D3,NAALADL2,LHFPL2,ALDH3B2,CDH24,DLG5,THRB,HSH2D,USP13,PALM3,STN1,MLPH"
"DEG_HMVL_TOR10","70","0.42680000000000001","RARA_24833708_CHIPSEQ_LIVER_MOUSE","RARA","100","1582","0.08078000000000000457855975355414557270705699920654296875000000000000000000000","0.2489999999999999991118215802998747676610946655273437500000000000000000000","1.1720","Literature--ChIP-seq","MDC1,NUP107,RFX5,OPTN,PIF1,ABCB4,HSPH1,RNF215,SMPD4,ARG2,TMC4,INCENP,PKN3,RECQL4,CENPO,KMT5A,INO80B,NPAS1,SAC3D1,NDC80,BIRC5,RNFT2,SLC25A27,LRRC8A,CCDC78,EPHA2,FBF1,PEX11B,TSPAN1,EGR1,EGR2,XRCC1,MC1R,PAF1,PTPRR,SUV39H1,SCML2,NR5A2,G2E3,SPINK4,GEM,PACSIN1,UBE2C,TMEM237,UBE2S,MXD3,PHF19,TREH,NUP50,FAM72A,MAPK15,HOXA6,ARMC9,PRR19,TMEM198,TNFSF9,ING1,MYOM3,KIFC1,NDE1,TUBB4B,RAB3C,CLSTN3,RAB43,DISP2,ANKRD24,FANCG,SCRT1,WRAP53,AMH,PLEKHG2,RANGAP1,EFHC1,EFHC2,MTFR2,NEMP1,SYNPO,TNS4,VASN,CORO7,LRRCC1,GP1BA,PROX1,TUBG1,MTSS1,MDFIC,ALOX12B,RANBP1,GSTA4,TJP3,NRM,FANCD2,TIMELESS,CHTF18,RNF208,UPK3B,GNA15,BUB1,POLQ,DLK2"
"DEG_HMVL_TOR10","71","0.43290000000000001","ZNF217_24962896_CHIPSEQ_MCF7_HUMAN","ZNF217","90","1413","0.08105999999999999316990795250603696331381797790527343750000000000000000000000","0.2489999999999999991118215802998747676610946655273437500000000000000000000","1.1810","Literature--ChIP-seq","LIPH,SAMD12,PPARGC1B,ZBTB7C,NEBL,VANGL1,SMPD3,FLVCR2,TMC1,HAS2,ADGRL2,FRY,FRMD6,PKP4,SOCS2,ATXN1,DMXL2,ITGB6,PPM1H,MLLT3,ERRFI1,TMPO,SPATA17,RIN2,HIVEP3,OSGIN1,PTPRJ,ZHX2,NR5A2,SATB1,PAK4,PRDM1,RGS3,GEM,PLD1,NDRG1,EEFSEC,COL5A2,NABP1,AMOTL2,FAM178B,SSTR1,SHANK2,DNAH5,GABPB1,MYC,IER5,PRKCH,DKK1,SYTL2,DEPDC1B,MAML3,POU5F1B,RAD21,MGLL,GCNT1,CHN2,GSN,RTKN2,DEPTOR,DAB2,CDK1,CALCOCO1,RFC3,WIPI1,ANG,BCO1,TPCN1,CBLB,IGSF3,TMTC2,STAG1,VAV3,MTSS1,NAALADL2,RAD54B,METTL4,LHFPL2,HGD,KAZN,CDH26,DLG5,NMUR2,THRB,SLC40A1,KLF10,PALLD,TFPI,BUB3,MLPH"
"DEG_HMVL_TOR10","72","0.43900000000000000","HOXA2_22223247_CHIPSEQ_E115EMBRYO_MOUSE","HOXA2","4","31","0.08623000000000000109245945623115403577685356140136718750000000000000000000000","0.2570000000000000062172489379008766263723373413085937500000000000000000000","2.5730","Literature--ChIP-seq","FREM1,TUBB4B,HMMR,SEPHS1"
"DEG_HMVL_TOR10","73","0.44510000000000000","E2F7_22180533_CHIPSEQ_HELA_HUMAN","E2F7","5","45","0.09707999999999999962696506372594740241765975952148437500000000000000000000000","0.2790000000000000257571741713036317378282546997070312500000000000000000000","2.1710","Literature--ChIP-seq","CDCA7,CENPM,FANCI,RAD54L,FANCD2"
"DEG_HMVL_TOR10","74","0.45119999999999999","GATA2_20887958_CHIPSEQ_HPC7_MOUSE","GATA2","91","1447","0.09847999999999999809485728974323137663304805755615234375000000000000000000000","0.2790000000000000257571741713036317378282546997070312500000000000000000000","1.1650","Literature--ChIP-seq","DDX39A,PADI1,PDGFB,HACE1,TUBA1C,LRRC49,HAP1,CENPU,CENPN,LY75,UBALD2,TUBA4A,BLM,B3GALT5,NDC80,MLXIPL,BCAS1,BOK,ERRFI1,CCNF,SLC45A3,RACGAP1,TSPAN4,EGR2,LPAR5,CTSS,ZHX2,PAK4,SGSM1,ENPP5,GRK1,TMEM237,DARS2,FAM72A,RSPH1,GABPB1,WDR93,ARMC9,DEPDC1B,CEP70,PLK4,GTF2IRD2,TMEM198,EHD2,ING1,RNF152,GCNT2,GPAT3,CDKN2D,GSN,GLYCTK,NMNAT2,LPCAT2,MROH2A,HJURP,IGFBP4,MELK,SNRNP25,RASAL1,MAP2K6,BCL3,CALCOCO1,HGFAC,TTK,TNNI3,BCO1,TPCN1,P2RX1,PI16,RHEBL1,AQP7,HS6ST3,CHEK2,NIPAL3,SLC6A12,SLC22A3,MTTP,TNFAIP8L1,GP1BA,KPTN,GUCY2C,DTYMK,MPHOSPH9,ARHGDIB,ABCG2,STIL,TSGA10,PALLD,OAS3,ALOX5AP,ALDH16A1"
"DEG_HMVL_TOR10","75","0.45729999999999998","CEBPB_23403033_CHIPSEQ_LIVER_MOUSE","CEBPB","24","332","0.10090000000000000357491813929300406016409397125244140625000000000000000000000","0.2790000000000000257571741713036317378282546997070312500000000000000000000","1.3530","Literature--ChIP-seq","CKS2,KMT5A,CNTROB,NRG4,SUV39H1,MIS18BP1,MST1,PROC,MXD4,TREH,HMGB2,DARS2,SFPQ,HMOX1,NUF2,DHRS9,HJURP,CEP128,IYD,USP2,TPRN,WDPCP,GADD45B,STEAP4"
"DEG_HMVL_TOR10","76","0.46339999999999998","KLF1_20508144_CHIPSEQ_FETALLIVERERYTHROID_MOUSE","KLF1","61","944","0.10440000000000000668354260824344237335026264190673828125000000000000000000000","0.2839999999999999746869150385464308783411979675292968750000000000000000000","1.2000","Literature--ChIP-seq","HPD,HACE1,TUBA1C,HAS2,CENPM,KPNA4,FRMD6,TNFRSF14,B3GALT5,SP2,ACP5,SPDL1,MUC5AC,IFI35,PAQR6,KEL,HIVEP3,CSRNP3,CTSS,MST1,KIF24,SERTAD1,GRIN1,SAMD9L,PRDM1,ACACB,NDRG1,FGF17,COL5A2,CCNA2,SFPQ,FAM72A,TLNRD1,SMC2,IER5,ARMC9,DEPDC1B,MAML3,FHDC1,MEX3C,TUBB2A,GCNT1,ADCY7,NDE1,HJURP,CEP135,VRK1,MELK,AKIRIN2,WIPI1,HDAC11,NEIL2,TPX2,ANKRD6,MTSS1,MAPRE2,ABCG2,ALDH3B2,DCK,STN1,ARID3B"
"DEG_HMVL_TOR10","77","0.46949999999999997","JUND_26020271_CHIPSEQ_SMOOTHMUSCLE_HUMAN","JUND","113","1831","0.10670000000000000317523785042794770561158657073974609375000000000000000000000","0.2869999999999999773514502976468065753579139709472656250000000000000000000","1.1420","Literature--ChIP-seq","LIPH,STARD5,HPD,NCAPH,MMP28,TMC1,ARG2,WTIP,CENPE,TOM1,SLC16A4,SDCBP2,PKP4,SHC3,RAP1GAP,PORCN,ATXN1,CNTROB,TNFRSF1B,ADORA2B,SLC5A12,MLLT3,PARD6B,LRRC8A,E2F7,E2F8,TTC39A,PRC1,RASSF1,KIF20B,EPHA2,RACGAP1,HIVEP3,SEC31B,CALM3,APOBEC3B,BRCA2,PTPRH,ZHX2,TNFRSF12A,NXPE1,NXPE2,SERTAD1,CAMK2N1,CHRNA10,PCNT,SPC24,SAMD9L,CRTC1,BUB1B,IL6R,SPINK4,RUNDC3B,GEM,PLD1,NDRG1,CAV1,NABP1,PSIP1,LTB4R,MASTL,MVP,PKD1L1,RBM42,CDA,MYC,PRSS3,CDK5RAP2,DKK1,DKK3,SYTL2,HMOX1,GTF2IRD2,TMEM198,TNFSF9,FANK1,TIMP2,GPAT3,GSN,GLYCTK,GPR3,FGF9,THOC6,SRGAP2,AKIRIN2,MAFF,CSTL1,RANGAP1,FBXL20,AHNAK2,VSIG1,NIPAL3,SLC6A12,NEIL2,LIAS,ZNF827,GADD45B,AKR1B10,MAPRE2,DTYMK,KIAA0513,SCD5,GSTA4,GAS2L3,ANXA10,ABCG2,TRPV1,PRTFDC1,GNA15,STN1,SCLT1,ARID3B,ALOX5AP"
"DEG_HMVL_TOR10","78","0.47560000000000002","MNX1_26342078_CHIPSEQ_MIN64N_MOUSE","MNX1","102","1647","0.11179999999999999660271754464702098630368709564208984375000000000000000000000","0.2969999999999999862332344946480588987469673156738281250000000000000000000","1.1460","Literature--ChIP-seq","NUP107,HES7,RNASE6,SHMT1,RNF217,ZBTB7C,HACE1,TUBA1C,CENPF,RIMBP2,CSE1L,FRY,FRMD6,SOCS2,PORCN,ATXN1,SP8,BCAS1,HSP90AA1,ATP10B,E2F7,CPNE8,CERK,FBXO5,TMPO,SLC45A3,ZBTB2,TSPAN1,EGR2,PTPRR,KIF14,ACADL,CD37,TMEM150A,TNFRSF12A,CAMK2N1,CAMK2N2,PCDHB13,BUB1B,RGS3,RASGRP1,CACNA1G,CLK1,BMP2,TMEM237,UBE2T,MXD3,MYC,IER5,TYRO3,PLK4,CDK19,WNT10A,PLK1,TMEM198,CSRP2,RNF152,RPS6KL1,TERF1,KIFC1,HBEGF,RASSF10,NDE1,LPCAT4,FGF9,SRGAP2,MAP2K6,SCRT1,DNMT3B,AMH,CCDC34,WIPI1,NEMP1,POLR2A,P2RX1,INSM2,SYCP3,HDAC11,HS6ST3,YOD1,OVOL1,DNA2,TMTC2,LIAS,GADD45B,FEZF1,GP1BA,PROX1,MTSS1,POC5,STEAP4,NUCKS1,RDM1,GAS2L3,MARK1,TRPV1,TDRD5,TSGA10,CKS1B,PPP2R5D,GNA15,FMNL1"
"DEG_HMVL_TOR10","79","0.48170000000000002","GATA1_19941826_CHIPSEQ_K562_HUMAN","GATA1","50","765","0.11310000000000000608402217494585784152150154113769531250000000000000000000000","0.2969999999999999862332344946480588987469673156738281250000000000000000000","1.2140","Literature--ChIP-seq","ZFYVE28,UNC5A,RNF217,TUBA1C,TUBA1B,CHST6,TMC5,SAMD4A,FABP6,NRF1,RAP1GAP,TMEM120B,MLXIPL,TNFRSF1B,PPP1R15A,PARD6B,TTC39A,ERRFI1,KEL,EPHA2,SLC45A3,TSPAN1,PTPRJ,CD83,CRTC1,NABP1,SHANK2,IER5,JUNB,MTHFR,RASSF10,NSD2,GPAT3,IYD,SLCO2B1,VRK1,DAB2,LBR,EFHC2,CYP3A5,ARL6IP1,HDAC11,VAV3,AMPD3,MTSS1,KIAA0513,MPHOSPH9,KAZN,LONRF2,SLC40A1"
"DEG_HMVL_TOR10","80","0.48780000000000001","FOXA1_25552417_CHIPSEQ_VCAP_HUMAN","FOXA1","113","1842","0.11830000000000000237587727269783499650657176971435546875000000000000000000000","0.3049999999999999933386618522490607574582099914550781250000000000000000000","1.1350","Literature--ChIP-seq","UNC5A,AR,PIF1,CDCA2,PDGFB,AFMID,PRRT3,NEBL,TDP1,LIN54,LRRC31,TUBA1B,TMC1,GPR37,PROCA1,VWA3B,NAB2,UBALD2,CDC25C,MSH5,PKP4,PKMYT1,MED30,DMXL2,ST6GALNAC1,EXO1,BCAS1,PPP1R15A,PPM1H,ZNF860,ZDHHC1,THAP8,KIF20A,RIN2,ZBTB2,RACGAP1,TNFSF13,PTPRR,KIF11,PTPRH,KIF24,NR5A2,IL33,NEDD1,SPC24,PRDM1,TBC1D31,RUNDC3B,HNRNPUL1,NDRG1,PHF19,TMEM45B,PHTF2,PSIP1,CCNA2,DNAH5,PLA2G2F,RSPH1,WDR93,MYC,JUNB,DEPDC1B,MAML3,FREM1,ASF1B,CEP72,RDX,ISX,PCDHB8,RAD18,ING1,ING2,GRAMD1C,GCNT1,CHN2,NSD2,BRD8,GLYCTK,CARD6,ZNF575,ZNF331,RAB3C,DEPTOR,CEP131,MELK,FANCB,CYP4F12,REEP4,ACSS2,AHNAK2,PNRC2,TPCN1,RPS6KA5,NIPAL3,TMTC2,GNG10,VASN,ANP32E,FEZF1,PROX1,NAALADL2,TFF1,STEAP4,NRM,HGD,SGO2,STEAP2,THRB,CKS1B,PCDHGA6,PALLD,POLQ,CDK2AP2"
"DEG_HMVL_TOR10","81","0.49390000000000001","PPARG_23326641_CHIPSEQ_C3H10T12_MOUSE","PPARG","41","619","0.12070000000000000173194791841524420306086540222167968750000000000000000000000","0.3049999999999999933386618522490607574582099914550781250000000000000000000","1.2320","Literature--ChIP-seq","GPR19,TUBA1B,TMEM106C,NCAPD3,YPEL5,CSE1L,KPNA2,NRF1,PKMYT1,BDNF,HSP90AA1,MLLT3,FBXO5,HASPIN,HSPA12A,CCDC110,CRTC1,NABP1,HP1BP3,TENT4A,NUP50,AURKA,RAD21,CEP78,PLK1,ING1,KIFC1,ILF2,RAD51AP1,PLEKHG2,ANG,KNL1,STAG1,TUBG1,TUBD1,RANBP1,SGO1,TSGA10,COQ2,POLH,ALDH16A1"
"DEG_HMVL_TOR10","82","0.50000000000000000","VDR_24763502_CHIPSEQ_THP1_HUMAN","VDR","74","1182","0.13000000000000000444089209850062616169452667236328125000000000000000000000000","0.3240000000000000102140518265514401718974113464355468750000000000000000000","1.1600","Literature--ChIP-seq","MEF2C,DDX39A,PPARGC1B,PRRT2,TUBA1B,CENPL,FRY,KMT5A,SLC16A3,UBALD2,ZNF438,BLM,MED30,TNFRSF14,HSP90AA1,SNURF,PRPS2,KATNA1,LRRC8A,TTC39A,LGALS9,TMPO,PEX11G,SLC45A3,HIVEP3,SATB1,RELT,TACC3,ESYT3,MAD2L1,CRTC1,PRDM1,ZNF84,IL6R,CCDC150,ACACB,NDRG1,UBE2T,LTB4R,LMNB1,RBM15,NUP50,SMC4,MYC,IER5,PRKCH,NUP210,POU5F1B,CDK19,MEX3C,ARPC1B,PYGM,LYST,NDC1,AOC1,CDKN2C,GSN,TUBB4B,USP2,TPPP,CNOT3,MTFR2,CBLB,GADD45B,CORO7,AKAP7,RAD54B,ARHGAP19,HSPA8,COQ2,DIAPH3,CKS1B,HSH2D,CDK2AP2"
"DEG_HMVL_TOR10","83","0.50609999999999999","GFI1B_20887958_CHIPSEQ_HPC7_MOUSE","GFI1B","100","1631","0.13350000000000000754951656745106447488069534301757812500000000000000000000000","0.3280000000000000137667655053519411012530326843261718750000000000000000000","1.1340","Literature--ChIP-seq","MDC1,PIF1,CDCA3,CDCA7,SMPD4,MMP28,CKS2,PKN3,NEURL1B,CENPL,NCAPD3,NEK2,TUBA4A,FBXO43,BIRC5,IL2RG,NUDT1,LGALS9,CCDC78,NEU4,TSPAN4,EGR1,LPAR5,BRCA2,KIF15,ZHX2,TNFRSF12A,SERTAD1,RELT,TMEM176A,SLC30A4,GEM,CALHM2,GRK6,SLC52A1,UBE2T,HMGB2,LMNB1,SFPQ,NUP50,FAM72A,PNKP,TAS1R3,PLA2G2F,RRM1,RRM2,SSRP1,NUP37,STMN1,PRKCH,DEPDC1B,ASF1B,CDK19,RDX,IRF2BP1,MEX3C,EHD2,ING1,CEP55,TERF1,KIFC1,NSD2,GCNT2,NDE1,HJURP,NOTCH2,CBFB,RASAL1,KLC4,CCDC18,FANCM,MAFF,DRC3,DNMT3B,LBR,HGFAC,APOA1,NEMP1,ACSS2,RBBP6,DNAJA1,P2RX1,PI16,YOD1,DNA2,ZWINT,STAG1,CCHCR1,VAV3,KPTN,MAPRE2,NRM,KCTD9,FAM83D,STIL,ARHGAP30,LIN9,STN1,DLK2,FMNL1"
"DEG_HMVL_TOR10","84","0.51219999999999999","FOXO3_23340844_CHIPSEQ_DLD1_HUMAN","FOXO3","42","643","0.13569999999999998729904859828820917755365371704101562500000000000000000000000","0.3310000000000000164313007644523167982697486877441406250000000000000000000","1.2140","Literature--ChIP-seq","MEF2C,GPR19,TMC1,INCENP,RETNLB,ERRFI1,RIN2,HIVEP3,PTPRR,KIF14,KIF24,IL33,SPINK4,SLC1A1,PLD1,TMEM45B,PLA2G2F,IER3,DEPDC1B,PROM1,FHDC1,ISX,KIFC1,MGLL,RASSF10,ZNF331,RAB43,RASAL1,SLC38A11,RHEB,MAFF,CBLB,RPS6KA5,ANKRD6,AMPD3,LHFPL2,HGD,MARK1,DLG5,CKAP5,POC1A,ARID3B"
"DEG_HMVL_TOR10","85","0.51829999999999998","TBX5_21415370_CHIPSEQ_HL1_MOUSE","TBX5","107","1756","0.13869999999999998996358385738858487457036972045898437500000000000000000000000","0.3310000000000000164313007644523167982697486877441406250000000000000000000","1.1270","Literature--ChIP-seq","MDC1,LIPE,MEF2C,CDCA7,AFMID,PRRT3,EZH2,SMPD3,JAK3,TMEM106C,LRRC27,SAMD4A,CENPP,FRY,TOM1,KPNA2,FRMD6,MSH5,BLM,TROAP,FBXO43,RAP1GAP,SOCS2,TMEM120B,ARHGAP11A,FOXM1,DBF4,BIRC5,PPM1H,MLLT3,KATNA1,LRRC8A,CCNF,IFI35,RASSF1,TMPO,PAQR6,PEX11B,TSPAN4,ACER2,CALM3,TNFRSF12A,ALS2CL,CD72,NEDD1,TACC3,CRTC1,HNRNPUL1,ECT2,PACSIN1,CAV1,NABP1,TMEM45B,PSIP1,PSRC1,SHANK2,PSMB10,GABPB1,SMC2,CDK5RAP2,HMOX1,IRF2BP1,FOSL1,NUF2,NDC1,KIFC1,GSN,GPR3,DHRS9,FGF9,USP2,VRK1,DISP2,AK7,MAFF,RAD9B,WRAP53,LBR,ESPL1,CCDC69,FBXL20,POLR2A,SPAG5,CHEK2,DNA2,LIAS,PARP2,DTYMK,METTL4,ACYP2,KCTD9,ARHGAP19,STIL,ARHGAP33,TSGA10,COQ2,GPSM2,SLC40A1,CHTF18,CKS1B,PPP2R5D,ITGB3BP,SCLT1,ARID3B,DLK2,FMNL3,ATP13A4"
"DEG_HMVL_TOR10","86","0.52439999999999998","STAT5A_23275557_CHIPSEQ_MAMMARYEPITHELIUM_MOUSE","STAT5A","61","970","0.14610000000000000763833440942107699811458587646484375000000000000000000000000","0.3420000000000000262012633811536943539977073669433593750000000000000000000","1.1650","Literature--ChIP-seq","ACCS,STARD5,SHMT1,EXPH5,TUBA1C,LRRC49,PSMB8,SDCBP2,TUBA4A,AJUBA,SOCS2,B3GALT5,ARHGAP11A,ST6GALNAC1,SLC5A12,SLC25A27,CPNE8,IFI35,RASSF4,CDC27,CALM3,ACADL,IL33,CD72,MR1,GPRIN3,RASGRP1,GRK1,CCNB2,KLHL28,SYT8,CLK1,MYBL2,ARHGEF19,PSMB10,PLA2G2F,SMC4,IER3,PRKCH,SYTL4,TCN2,ARPC1B,PBK,CARD6,DEPTOR,TRAIP,FAM114A1,MAFF,FBXL20,PPIL6,CHEK2,TMTC2,PCF11,IL17RE,MDFIC,POC5,FAS,STEAP4,HGD,SHISA4,ALDH3B1"
"DEG_HMVL_TOR10","87","0.53049999999999997","ELF1_20517297_CHIPSEQ_JURKAT_HUMAN","ELF1","58","925","0.15750000000000000111022302462515654042363166809082031250000000000000000000000","0.3629999999999999893418589635984972119331359863281250000000000000000000000","1.1620","Literature--ChIP-seq","HES7,HPD,CDCA8,MMP28,ZNF57,ZNF699,LRRC56,ODF2,KATNA1,LRRC8A,ZDHHC1,RASSF1,RCC1,NUMBL,SUV39H2,CTSS,SERTAD1,PAK4,CAPS,CRTC1,GIMAP2,RASGRP1,PROC,PIDD1,CA7,JUNB,NUP210,MAP1S,HOXC9,WNT10A,CEP55,RPS6KL1,CIT,LPCAT4,ZNF575,SLCO2B1,TRAIP,FAM114A1,SCRT1,CNOT3,RAD9B,DRC3,MCM8,APOA1,ESPL1,ACSS2,CHEK2,VASN,TPX2,CEACAM6,TYMS,RDM1,SGO2,FBLN5,COQ2,PPP2R5D,LIN9,GNA15"
"DEG_HMVL_TOR10","88","0.53659999999999997","TP63_22573176_CHIPSEQ_HFKS_HUMAN","TP63","224","3820","0.15840000000000001301181384860683465376496315002441406250000000000000000000000","0.3629999999999999893418589635984972119331359863281250000000000000000000000","1.0820","Literature--ChIP-seq","MDC1,CKMT1B,STARD5,MYL5,OPTN,PADI1,PIF1,CDCA7,RNF215,RNF217,EXPH5,ABCA5,NCAPH2,VANGL1,FAM111A,EZH2,MMP28,FLVCR2,ARG2,ZNF57,JMJD7-PLA2G4B,ZNF230,CENPA,IL12RB2,SAMD4A,VWA3B,UGT1A10,SH2D5,UBALD2,TUBA4A,PKP4,PLA2R1,AJUBA,DSC2,LRRC56,PKMYT1,RAP1GAP,TMEM120B,BDNF,SP2,TMEM19,ARHGAP11A,ST6GALNAC1,ITGB6,KIAA1328,KATNA1,LRRC8A,E2F8,TTC39A,TRIM31,CPNE8,ERRFI1,CCNF,ZDHHC1,PAQR6,PEX11G,RIN2,L3MBTL3,RACGAP1,EGR1,XRCC1,ACER2,ANLN,TH,OTUD7A,KIF12,DMBX1,PHGDH,KIF24,KIF23,ALS2CL,RELT,TACC3,CAPS,CRTC1,BUB1B,CAPN8,RGS3,IL6R,MR1,CCDC146,CACNA1F,ACACB,CACNA1G,GRK6,CNTLN,EEFSEC,MUC17,CAV1,SLC52A1,FGF17,TMEM237,TMEM45B,PHTF2,TREH,HP1BP3,LTB4R,FAM178B,CA7,SUN2,NAV1,PSRC1,TMEM45A,DNAH1,DNAH2,GALT,PSMB10,AURKA,MAPK15,TEF,GABPB1,STMN1,RTTN,PRSS3,IER3,ARMC9,DNAAF4,SYTL2,DEPDC1B,PRR19,MAML3,POU5F1B,S100A14,WNT10A,RDX,IRF2BP1,EHD2,TNFSF9,PYGM,CSRP2,PEA15,TK1,RNF152,CIT,COL21A1,ADCY4,RASSF10,NSD2,CDKN2D,GLYCTK,FMO1,NMNAT2,FMO5,GPR143,DHRS9,LPCAT2,HJURP,FGF9,SLCO2B1,USP2,VRK1,TRAIP,DISP2,LTB4R2,KLC4,SRGAP2,FANCI,CCDC18,BCL3,CALCOCO1,DNMT3B,LBR,CCDC34,EFHC2,CYP3A5,FBXL20,POLR2A,CEP152,AHNAK2,TPCN1,KLF8,P2RX1,PI16,PPIL6,AQP7,IFIT3,HS6ST3,SYNPO,SRRM5,OVOL1,NEIL1,SLC22A3,IGSF3,KLK6,ZNF827,NTSR1,AKR1B10,SLC22A11,PARP3,IZUMO4,TUBB,BTN3A3,GP1BA,AMPD3,ZDHHC11,TUBG1,TYMP,SCD5,MPHOSPH9,GSTA1,TRIP13,ZWILCH,NRM,NUCKS1,CCDC28B,PTTG1,ARHGDIB,IL11RA,NID1,MARK1,KIF18B,BLNK,PCDHGA6,CKAP2,UPK3B,OAS1,OAS3,ITGB3BP,RGS16,LIN9,POC1A,STN1,FMNL3,CDK2AP2"
"DEG_HMVL_TOR10","89","0.54269999999999996","CRX_20693478_CHIPSEQ_ADULTRETINA_MOUSE","CRX","38","589","0.16619999999999998663291478351311525329947471618652343750000000000000000000000","0.3760000000000000008881784197001252323389053344726562500000000000000000000","1.1980","Literature--ChIP-seq","HES7,IQGAP3,PPARGC1B,FAT3,CDC25C,INO80B,FBXO48,PPM1H,EGR1,TNFSF13,CTSS,SCML2,GEM,CACNA1F,TENT4A,LMNB1,PRR11,HMOX1,PLK1,IRF2BP1,MTHFR,ISX,TCN2,NUF2,CHN2,BRD8,ILF2,TRAIP,WRAP53,POLR2A,NECTIN4,CHEK2,NEIL3,SMTN,ANP32E,CAMK4,NMUR2,POC1A"
"DEG_HMVL_TOR10","90","0.54879999999999995","FOXP3_21729870_CHIPSEQ_TREG_HUMAN","FOXP3","80","1310","0.16900000000000001132427485117659671232104301452636718750000000000000000000000","0.3760000000000000008881784197001252323389053344726562500000000000000000000","1.1290","Literature--ChIP-seq","MDC1,NUP107,NCAPG,PRRT3,TDP1,SASS6,JAK3,CNPY4,CENPU,CENPE,PSMC3,CENPM,CENPN,CENPP,TUBA4A,TNFRSF14,GOT1,SP2,ARHGAP11A,ARHGAP11B,RNFT2,CDC45,LRRC8A,HASPIN,SPATA17,PEX11B,TSPAN4,EGR2,XRCC4,KIF14,KIF15,MST1,TACC3,PRDM1,HNRNPUL1,ECT2,HMGB2,PSIP1,AURKA,MDH1B,RRM1,TAF3,MTBP,RTTN,ZNF165,PRR11,SKA2,PLK1,NUF2,NDC1,TERF1,CDKN2C,MZT1,ZNF575,RTKN2,HJURP,FGF9,KLC4,FANCM,CDK1,RAD9B,RFC3,RANGAP1,POLR2A,RBBP6,CCDC77,KIAA0586,ARL6IP1,DLEC1,GADD45B,RAD54L,EMC9,TJP3,NUCKS1,GSTCD,CKAP5,ITGB3BP,DBF4B,POC1A,POLQ"
"DEG_HMVL_TOR10","91","0.55489999999999995","SMAD1_18555785_CHIPSEQ_MESC_MOUSE","SMAD1","33","508","0.17499999999999998889776975374843459576368331909179687500000000000000000000000","0.3830000000000000071054273576010018587112426757812500000000000000000000000","1.2060","Literature--ChIP-seq","GPR19,TUBA1C,HAP1,HAS2,CENPL,CDC25C,PORCN,HSP90AA1,TRIM28,RCC1,FBXO5,EGR1,XRCC1,NR5A2,PAK4,SPC24,FGF17,MYBL2,PSMB10,TAF5,TLNRD1,STMN1,PROM1,TUBB2A,GSN,SLC15A1,KLC4,WRAP53,COL14A1,CHEK2,DNA2,ANKRD6,NUCKS1"
"DEG_HMVL_TOR10","92","0.56100000000000005","TCF7_22412390_CHIPSEQ_EML_MOUSE","TCF7","84","1383","0.17499999999999998889776975374843459576368331909179687500000000000000000000000","0.3830000000000000071054273576010018587112426757812500000000000000000000000","1.1230","Literature--ChIP-seq","MDC1,LIPE,UNC5A,CDCA5,PDGFB,PRRT3,PRRT2,VANGL1,MMP28,TMC1,PKN3,CENPI,NAB2,INO80B,SHC3,NRF1,ATXN1,SP2,CDC45,ERRFI1,TONSL,RASSF1,TSPAN4,CEP192,ZHX2,KIF22,TMEM176A,GRIN1,SPC25,GEM,CCDC150,ACACB,GRK6,MXD3,LMNB2,TTC28,PIDD1,SUN2,NUP50,TAS1R3,EPOR,IER3,ARMC9,GTF2IRD2,IRF2BP1,EHD2,FANK1,MYOM3,TUBB2A,GCNT2,RFLNB,HYLS1,MROH2A,NOTCH2,RASAL1,OSBPL5,SCRT1,BCL3,MAFF,HGFAC,PLEKHG2,APOA1,MTFR2,NEMP1,DCAF15,RNF26,PNRC2,INSM2,NECAB3,GADD45B,SMTN,STAG1,VAV3,PARP3,RAD54B,ARHGAP19,FBLN5,COQ2,GPSM2,CAMK2A,FAM169A,GNA15,STN1,ARID3B"
"DEG_HMVL_TOR10","93","0.56710000000000005","HIF1A_21447827_CHIPSEQ_MCF7_HUMAN","HIF1A","20","292","0.17730000000000001314504061156185343861579895019531250000000000000000000000000","0.3830000000000000071054273576010018587112426757812500000000000000000000000","1.2770","Literature--ChIP-seq","PDGFB,BHLHE41,DYNLL1,UNKL,PARD6B,ERRFI1,PRDM1,NDRG1,CAV1,TMEM45B,NAV1,TMEM45A,SMC2,NUP210,ZNF331,VRK1,NECTIN4,GADD45B,TFF1,KLF10"
"DEG_HMVL_TOR10","94","0.57320000000000004","SALL1_21062744_CHIPCHIP_HESC_HUMAN","SALL1","7","85","0.18149999999999999467092948179924860596656799316406250000000000000000000000000","0.3870000000000000106581410364015027880668640136718750000000000000000000000","1.5580","Literature--ChIP-seq","CDCA7,ECT2,CFL2,WRAP53,FBXL20,ZWINT,TIMELESS"
"DEG_HMVL_TOR10","95","0.57930000000000004","RARB_24833708_CHIPSEQ_LIVER_MOUSE","RARB","94","1561","0.18170000000000000039968028886505635455250740051269531250000000000000000000000","0.3870000000000000106581410364015027880668640136718750000000000000000000000","1.1130","Literature--ChIP-seq","NUP107,RFX5,PIF1,CDCA7,RNF215,BHLHE41,TUBA1B,MMP28,TMC4,HAP1,PROCA1,WTIP,CENPO,KMT5A,SLC16A3,TUBA4A,INO80B,TMEM120B,NEK5,ACP5,RNFT2,RETNLB,CDC45,RCC1,LGALS9,EPHA2,FBF1,TSPAN1,EGR1,EGR2,ANLN,PAF1,SUV39H1,KIF11,KIF15,TMEM150A,NR5A2,KIF2C,SATB1,GIMAP7,RASGRP1,PACSIN1,MXD3,MXD4,HP1BP3,CCNA2,AURKB,MAPK15,ARMC9,TMEM198,ING1,TIMP2,HBEGF,GCNT2,CCL24,LPCAT2,IGFBP4,CEP131,CBFB,SRGAP2,MAP2K6,FANCG,SCRT1,AMH,PLEKHG2,WIPI1,RANGAP1,ESPL1,DCAF15,SPAG5,TXNRD3,CBLB,RPS6KA5,SYNPO,TNS4,GADD45B,STAG1,TNFAIP8L1,GP1BA,PROX1,MTSS1,ALOX12B,SCD5,TJP3,TIMELESS,PSAPL1,TRPV1,CHTF18,UPK3B,MNS1,DEK,DLK2,FMNL1,CDK2AP2"
"DEG_HMVL_TOR10","96","0.58540000000000003","LYL1_20887958_CHIPSEQ_HPC7_MOUSE","LYL1","40","633","0.19209999999999999298339048436901066452264785766601562500000000000000000000000","0.4069999999999999729105581991461804136633872985839843750000000000000000000","1.1710","Literature--ChIP-seq","PADI1,HACE1,CENPU,CENPN,FADS2,NEK2,E2F8,ARL11,EGR1,SATB1,RELT,CAPN8,ENPP5,GEM,ACACB,GRK1,TMEM237,SUN2,DEPDC1B,GTF2IRD2,GCNT2,CDKN2D,NMNAT2,MROH2A,HJURP,RASAL1,HGFAC,PI16,HS6ST3,CHEK2,NIPAL3,TNS4,SLC22A3,GP1BA,GUCY2C,MPHOSPH9,ARHGDIB,CABP1,PALLD,ALDH16A1"
"DEG_HMVL_TOR10","97","0.59150000000000003","TBP_23326641_CHIPSEQ_C3H10T12_MOUSE","TBP","45","721","0.19839999999999999302779940535401692613959312438964843750000000000000000000000","0.4169999999999999817923423961474327370524406433105468750000000000000000000","1.1560","Literature--ChIP-seq","MDC1,LIPE,HES7,ZBTB7C,INCENP,SAMD4A,NAB2,NUDT15,LRRC56,BDNF,ERRFI1,L3MBTL3,TNFSF13,TNFRSF12A,AMOTL2,RND2,PIDD1,AURKB,MYC,HOXA6,JUNB,ARMC9,MTHFR,ING1,CDKN2C,GSN,NDE1,RAB3A,RAB43,CEP135,THOC6,SRGAP2,ANKRD24,FANCM,WRAP53,PLEKHG2,ANG,RNF26,RPS6KA5,ESCO2,CORO7,DTYMK,TYMP,MPHOSPH9,CKS1B"
"DEG_HMVL_TOR10","98","0.59760000000000002","DACH1_20351289_CHIPSEQ_MDAMB231_HUMAN","DACH1","91","1521","0.20189999999999999613642387430445523932576179504394531250000000000000000000000","0.4189999999999999835686992355476832017302513122558593750000000000000000000","1.1050","Literature--ChIP-seq","CDCA3,CDCA5,CDCA7,TUBA1C,FLVCR2,DYNLL1,CKS2,RECQL4,CNPY4,SAMD4A,NCAPD2,NCAPD3,NAB2,FADS2,TMEM120B,PARD6B,LRRC8A,E2F7,ERRFI1,CCNF,TONSL,FBXO5,TMPO,THAP2,THAP8,EPHA2,TSPAN4,PAF1,CALM3,SUV39H2,KIF11,TLCD2,PCNT,NEDD1,GEN1,NDRG1,GRK6,MXD4,TENT4A,LMNB1,PIDD1,DNAH2,AURKA,NUP37,TLNRD1,MTBP,RTTN,JUNB,MAP1S,ZC2HC1C,ASF1B,WDR62,CDK19,IRF2BP1,TMEM198,FOSL1,CSRP2,TIMP2,TK1,TCF19,TUBB2A,NSD2,TUBB4B,ILF2,THOC6,MELK,CBFB,KLC4,FANCI,CNOT3,CDK1,RAD9B,MTFR2,FBXL20,HIRIP3,POLR2A,ARL6IP1,NECAB3,GADD45B,ZWINT,CORO7,PARP2,TRIP13,DSCC1,EME1,ZMAT3,FAM83D,POLH,BUB3,FMNL3,CDK2AP2"
"DEG_HMVL_TOR10","99","0.60370000000000001","ETV2_25802403_CHIPSEQ_MESC_MOUSE","ETV2","56","914","0.20640000000000000013322676295501878485083580017089843750000000000000000000000","0.4219999999999999862332344946480588987469673156738281250000000000000000000","1.1330","Literature--ChIP-seq","ASPHD1,OPTN,NEBL,CYP4F3,FAM111A,TMC1,LRRC49,CENPO,YPEL5,CDKN3,SH2D5,NRF1,NPAS1,ATXN1,NRG4,DNHD1,LGALS9,MYO7A,EGR1,LPAR5,CSRNP3,DMBX1,CNTRL,NXPE2,TAGLN,CAMK2N1,TMEM176A,CRTC1,CACNA1G,CCNB2,AMOTL2,MYBL1,MASTL,TMEM45A,RTTN,FANK1,TERF1,TMSB15B,MELK,ZNF546,MAP2K6,AKIRIN2,RHEB,HGFAC,APOA1,WIPI1,INSM2,CBLB,GNG10,STAG1,NRM,STEAP2,CASP5,HSH2D,POC1A,FMNL1"
"DEG_HMVL_TOR10","100","0.60980000000000001","PBX1_22567123_CHIPCHIP_OVCAR3_HUMAN","PBX1","119","2019","0.21249999999999999444888487687421729788184165954589843750000000000000000000000","0.4239999999999999880095913340483093634247779846191406250000000000000000000","1.0880","Literature--ChIP-seq","AR,PADI2,CDCA3,PRRT3,GPR19,BHLHE41,DLGAP5,GPR37,CENPA,CDKN3,ZNF695,ZNF208,KPNA4,CDC25C,MSH5,MED30,BDNF,B3GALT5,EXO1,ACP5,BCAS1,PRPS2,RETNLB,PARD6B,NT5C1B,TRIM31,CPNE8,CERK,OPHN1,LGALS9,SPATA17,ARSD,OTUD7A,KIF12,ZHX2,KIF22,G2E3,GIMAP7,RGS3,HNRNPUL1,CD8A,CCNB2,CALHM2,MGAM,KIF4A,PHTF2,LTB4R,RBM15,NAV1,SFPQ,FAM72A,DNAH5,PKD1L1,TLNRD1,SMC4,ZNF165,PRKCH,NUP210,SYTL5,TYRO3,CDK19,MTHFR,FHDC1,ISX,TCN2,RAD18,LYST,TMSB15B,MGLL,HBEGF,OLFML3,NMNAT2,TUBB4B,CCL28,CEP135,TRAIP,CBFB,SRGAP2,FANCM,CNOT3,LBR,ASPM,ANG,NEMP1,ACSS2,RBBP6,UGT1A3,KLF8,RPS6KA5,NIPAL3,PCLAF,KRT4,OVOL1,IGSF3,MAOB,MTTP,SMTN,AKR1B10,ANP32E,TOP2A,PCF11,LRRCC1,PARP2,TSC22D3,AMPD3,CEACAM6,VGLL1,METTL4,GSTA1,HGD,SGO1,FBLN5,ZMAT3,CDH26,TDRD5,CKAP2,BUB1,FMNL3,ATP13A4"
"DEG_HMVL_TOR10","101","0.61590000000000000","TFAP2A_17053090_CHIPCHIP_MCF7_HUMAN","TFAP2A","107","1808","0.21260000000000001119104808822157792747020721435546875000000000000000000000000","0.4239999999999999880095913340483093634247779846191406250000000000000000000","1.0920","Literature--ChIP-seq","HES7,DDX39A,CDCA3,CDCA5,RDH16,CYP4F3,FAT3,BHLHE41,SMPD3,MMP28,DLGAP5,DYNLL1,TMC5,SAMD4A,PSMC3,CENPI,CDKN3,NAB2,FRMD6,AJUBA,DSC2,BDNF,ARHGAP11A,ADORA2B,SNURF,CNTNAP4,IL2RG,CPNE8,DNHD1,CDC27,ARL11,MYO7A,HASPIN,NUMBL,FBF1,PTPRR,KIF23,KIF22,TAGLN,GPC4,RELT,SPC24,CRTC1,ZNF83,HNRNPUL1,CCNE1,KLHL28,MSN,UBE2S,HMGB3,SSTR1,DNAH2,PNKP,RRM1,SSRP1,EPOR,NUP37,SYTL2,ASF1B,SKA2,HOXC9,MCAM,RNF152,GCNT3,ZNF331,RAB43,CFL2,IGFBP4,ZNF546,MAP2K6,FANCI,CNOT3,ZNF528,CSTL1,CCDC34,APOA1,ESPL1,FBXL20,HIRIP3,POLR2A,RBBP6,TNNI3,CEP152,KLF8,RHEBL1,ARL6IP1,HS6ST3,CHEK2,KNL1,KLK7,GADD45B,MAGEE1,TOP2A,SLC22A11,TSC22D3,AMPD3,CEACAM5,DRP2,GAS2L3,FBLN5,ALDH3B1,TRPV1,NR4A1,KIF18A,DIAPH3,USP35,FMNL1"
"DEG_HMVL_TOR10","102","0.62200000000000000","MITF_21258399_CHIPSEQ_MELANOMA_HUMAN","MITF","295","5140","0.21390000000000000679456491070595802739262580871582031250000000000000000000000","0.4239999999999999880095913340483093634247779846191406250000000000000000000","1.0570","Literature--ChIP-seq","ZFYVE28,MEF2C,MYL5,DDX39A,RFX5,PADI2,HPD,PADI1,IQGAP3,NCAPH,PPARGC1B,EXPH5,ZBTB7C,VANGL1,FAT3,LIN54,BHLHE41,TUBA1C,TUBA1B,TMC1,DYNLL1,TMC4,INCENP,JMJD7-PLA2G4B,CKS2,PKN3,PROCA1,CENPA,HAS2,IL12RB2,SAMD4A,FABP6,CENPM,CENPP,CSE1L,NAB2,FRY,FADS2,TOM1,KPNA4,KPNA2,SH2D5,UBALD2,FRMD6,MSH5,ZNF438,PKP4,BLM,FBXO44,RAP1GAP,SOCS2,ATXN1,TNFRSF14,TMEM120B,B3GALT5,DMXL2,SP8,TMEM19,ST6GALNAC1,ACP5,ITGB6,UNKL,BCAS1,BOK,HSP90AA1,TNFRSF1B,PPP1R15A,PPM1H,MLLT3,PARD6B,LRRC8A,E2F8,TTC39A,ERRFI1,SPON2,CERK,NUDT1,DNHD1,IFI35,RASSF1,OPHN1,RCC1,THAP8,RIN2,NUMBL,FBF1,ZBTB2,TSPAN4,HIVEP3,RIMKLA,TSPAN1,OSGIN1,XRCC1,HSPA12A,ANLN,MC1R,SUV39H2,SUV39H1,PTPRJ,PHGDH,TMEM150A,NBPF15,DEPDC1,SERTAD1,RELT,CAP2,PAK4,SGSM1,TACC3,CAPS,SPC24,CD83,RGS3,ZNF84,IL6R,LMTK3,GPRIN3,HNRNPUL1,PLA2G10,CCDC146,PLD1,CCNB1,CNTLN,PACSIN1,EEFSEC,CAV1,MSN,SYT8,CLK1,NABP1,AMOTL2,PHTF2,TREH,HP1BP3,TENT4A,TTC28,FAM178B,MYBL2,MYBL1,RBM15,ARHGEF19,NAV1,MASTL,PSRC1,NUP50,SHANK2,LAMA2,PKD1L1,EPOR,TEF,TLNRD1,STMN1,CDK20,IER5,JUNB,CDK5RAP2,IER3,PRKCH,NUP210,MAP1S,ARMC9,DKK3,SYTL2,ZC2HC1C,TYRO3,MAML3,ASF1B,RAD21,CEP72,HMOX1,PROM1,CDK19,MCAM,PLK1,TCN2,TNFSF9,FANK1,ARPC1B,LYST,CSRP2,TIMP2,NDC1,CIT,TUBB2A,KIFC1,MGLL,HBEGF,CHN2,GCNT2,GPAT3,AOC1,CDKN2C,GSN,NDE1,GPR3,NMNAT2,TUBB4B,GPR143,LPCAT2,RAB3C,RAB3A,RAB43,DEPTOR,CFL2,LAMP3,SLC15A1,CEP135,CEP131,ERF,SNRNP25,CBFB,RASAL1,AK7,AK9,TPPP,OSBPL5,FANCA,DAB2,REEP4,RHEB,MAFF,DRC3,COL14A1,LBR,PLEKHG2,WIPI1,NEMP1,HIRIP3,NHS,RBBP6,TNNI3,BCO1,TPCN1,PI16,RHEBL1,HDAC11,AQP7,CBLB,IFIT3,RPS6KA5,CHEK2,NIPAL3,ESCO2,PIMREG,IGSF3,TMTC2,ZNF827,NTSR1,GADD45B,SMTN,STAG1,CORO7,CLIC5,SOSTDC1,ANKRD6,SLC22A11,VAV3,PARP3,TSC22D3,TUBB,ZDHHC11,TUBG1,MTSS1,MAPRE2,DTYMK,TYMS,SCEL,SCD5,LHFPL2,CAMK4,TRIP13,GAS2L3,LIG1,KAZN,SGO1,ZMAT3,MYH11,LONRF2,COQ7,NR4A1,TSGA10,TMEM117,USP35,GPSM2,THRB,KLF10,DCK,RNF207,USP13,POC1A,BUB3,ARID3B,MLPH,ATP13A4,CDK2AP2"
"DEG_HMVL_TOR10","103","0.62800000000000000","TBX3_20139965_CHIPSEQ_MESC_MOUSE","TBX3","52","852","0.22370000000000000994759830064140260219573974609375000000000000000000000000000","0.4349999999999999977795539507496869191527366638183593750000000000000000000","1.1290","Literature--ChIP-seq","MDC1,HACE1,VANGL1,EZH2,FRZB,ADGRL2,NRF1,SP8,TMEM19,CPNE8,RIN2,EGR2,APOBEC1,ZHX2,NR5A2,GPC4,NEDD1,PRDM1,PLD1,ACACB,KLHL28,NABP1,MYBL2,MYC,CDK5RAP2,DKK1,TYRO3,RDX,ISX,ING2,RNF152,NDC1,GCNT1,CHN2,IYD,OSBPL5,CALCOCO1,COL14A1,DNMT3B,RFC3,HDAC9,OVOL1,NEIL3,GNG10,SOSTDC1,MTSS1,MAPRE2,ZWILCH,ANXA10,PALLD,BUB3,POLQ"
"DEG_HMVL_TOR10","104","0.63410000000000000","ELF5_23300383_CHIPSEQ_T47D_HUMAN","ELF5","59","975","0.22680000000000000159872115546022541821002960205078125000000000000000000000000","0.4349999999999999977795539507496869191527366638183593750000000000000000000","1.1190","Literature--ChIP-seq","GTSE1,MEF2C,RNF217,EXPH5,TDP1,HAS2,WTIP,PSMC3,RIMBP2,UBALD2,MED30,ODF2,DMXL2,ST6GALNAC1,MLLT3,FBXO5,PTPRJ,KIF11,ZHX2,G2E3,GEN1,SPINK4,SLC1A1,NDRG1,ECT2,MXD3,LMNB2,SFPQ,RSPH1,GABPB1,MYC,JUNB,PRKCH,MAML3,POU5F1B,ING1,NDC1,CHN2,FMO5,RTKN2,RASAL1,DAB2,BCL3,CALCOCO1,MTFR2,CEP152,VASN,NAALADL2,GSTCD,ARHGAP19,CABP1,ZMAT3,HSPA8,USP35,THRB,KLF10,HSH2D,STN1,MLPH"
"DEG_HMVL_TOR10","105","0.64019999999999999","IKZF1_21737484_CHIPCHIP_HCT116_HUMAN","IKZF1","10","139","0.22809999999999999720223797794460551813244819641113281250000000000000000000000","0.4349999999999999977795539507496869191527366638183593750000000000000000000","1.3460","Literature--ChIP-seq","HES7,EPHA10,EGR1,IL6R,RRM2,HIRIP3,KCNJ14,TUBB,ARHGAP30,CAMK2A"
"DEG_HMVL_TOR10","106","0.64629999999999999","ERG_20887958_CHIPSEQ_HPC7_MOUSE","ERG","99","1681","0.23580000000000000959232693276135250926017761230468750000000000000000000000000","0.4440000000000000057731597280508140102028846740722656250000000000000000000","1.0870","Literature--ChIP-seq","GTSE1,DDX39A,CDCA7,RNF215,AFMID,HACE1,NCAPH2,PLSCR4,CENPA,NRAP,PSMC3,CENPN,FADS2,KMT5A,SH2D5,LRRC56,FBXO48,PKMYT1,KATNA1,E2F7,TRIM28,ARL11,SLC45A3,PEX11B,TSPAN4,CEP192,EGR1,G2E3,SERTAD1,TACC3,TBC1D31,GEM,GPD1,CNTLN,MSN,HMGB2,MYBL2,SFPQ,PSRC1,FAM72A,GALT,PNKP,AURKB,TAS1R3,RRM1,RRM2,SMC2,MYC,STMN1,RTTN,ASF1B,SKA2,HMOX1,RDX,IRF2BP1,TNFSF9,CEP55,NDC1,TERF1,GPAT3,DHRS9,IGFBP4,TRAIP,MELK,SNRNP25,CBFB,AKIRIN2,CNOT3,MAFF,COL14A1,TPRN,ASPM,MTFR2,TTK,TNNI3,PI16,PPIL6,CHEK2,DLEC1,YOD1,LIAS,GNG10,ANP32E,CLIC5,LRRCC1,VAV3,TUBG1,KPTN,NRM,NUCKS1,KCTD9,HSPA8,ARHGAP30,PALLD,MNS1,LIN9,POC1A,BUB3,ALOX5AP"
"DEG_HMVL_TOR10","107","0.65239999999999998","MECOM_23826213_CHIPSEQ_KASUMI_MOUSE","MECOM","97","1649","0.24160000000000000919264664389629615470767021179199218750000000000000000000000","0.4500000000000000111022302462515654042363166809082031250000000000000000000","1.0850","Literature--ChIP-seq","RNASE6,PIF1,GPR19,LIN54,TUBA1C,LRRC49,INCENP,CKS2,CENPA,CENPN,LY75,KPNA4,KMT5A,INO80B,BLM,TNFRSF14,TMEM120B,SP2,UNKL,PPP1R15A,IL2RG,CDC45,CERK,FBXO6,LGALS9,ARL11,FBF1,PEX11B,TSPAN4,XRCC4,MC1R,CNTRL,CD37,KIF23,KIF22,SERTAD1,RELT,PRDM1,NDRG1,CALHM2,ECT2,MSN,HMGB3,PSIP1,LTB4R,MYBL2,PNKP,GALNT6,RRM2,TEF,GABPB1,SMC4,IER5,JUNB,NUP210,DEPDC1B,CDK19,TCN2,LYST,ADCY7,GCNT2,CLSTN3,RAB43,IGFBP4,PGF,CBFB,RASAL1,SRGAP2,POLR2A,CCDC77,TXNRD3,TPCN1,P2RX1,PI16,ARL6IP1,RPS6KA5,NIPAL3,GNG10,ANP32E,VAV3,GP1BA,AMPD3,PROX1,NOL4,RAD54L,NRM,CCDC28B,ARHGDIB,GAS2L3,TIMELESS,ALDH3B1,FAM83D,COQ7,ARHGAP30,DCK,GNA15,ALOX5AP"
"DEG_HMVL_TOR10","108","0.65849999999999997","RARG_19884340_CHIPCHIP_MEF_MOUSE","RARG","22","342","0.24319999999999999951150186916493112221360206604003906250000000000000000000000","0.4500000000000000111022302462515654042363166809082031250000000000000000000","1.1940","Literature--ChIP-seq","LIPE,RILPL2,NEK2,RILP,RIN2,TNFSF13,TNFRSF12A,ALS2CL,UBE2C,SYT8,PIDD1,SUN2,ARHGEF19,JUNB,GPAT3,CDKN2D,CFL2,ANKRD24,HGFAC,PARP3,NID1,BLNK"
"DEG_HMVL_TOR10","109","0.66459999999999997","YY1_22570637_CHIPSEQ_MALME3M_HUMAN","YY1","58","966","0.24679999999999999160671393383381655439734458923339843750000000000000000000000","0.4510000000000000119904086659516906365752220153808593750000000000000000000","1.1090","Literature--ChIP-seq","ASPHD1,SMPD3,ARG2,ZNF57,FRZB,HAS2,RIMBP2,UGT1A10,ZNF438,BLM,RAP1GAP,TNFRSF14,SP2,RCC1,HIVEP3,APOBEC3B,SUV39H2,CNTRL,NBPF15,SERTAD1,TMEM176A,SGSM1,SPC24,GIMAP2,IL6R,PROC,ALPG,PIDD1,AURKA,STMN1,JUNB,MAP1S,HOXC9,TUBB2A,MGLL,ZNF546,FANCB,SCRT1,DRC3,MCM8,EFHC1,ACSS2,PI16,IFIT5,CHEK2,NTSR1,TPX2,SMTN,PARP3,TUBB,MYEF2,GPSM2,POLH,PPP2R5D,OAS1,RNF207,LIN9,GNA15"
"DEG_HMVL_TOR10","110","0.67069999999999996","HOXB7_26014856_CHIPSEQ_BT474_HUMAN","HOXB7","106","1812","0.24870000000000000439648317751561990007758140563964843750000000000000000000000","0.4510000000000000119904086659516906365752220153808593750000000000000000000","1.0790","Literature--ChIP-seq","GTSE1,PADI2,CDCA3,CDCA8,CFAP73,FAM111A,LRRC31,TUBA1B,TMEM106C,PROCA1,FRZB,IL12RB2,WTIP,FABP6,CSE1L,NAB2,SH2D5,FRMD6,ZNF676,IGSF10,MLXIPL,EXO1,ZNF404,BCAS1,NRG4,BIRC5,PARD6B,TTC39A,PPP1R14D,CDC27,ACER2,CALM3,ACADL,NBPF15,GPC4,KLHL35,GIMAP7,ZNF83,ENPP5,PLD1,MSN,TMEM45B,PHTF2,HMGB3,MYBL2,ARHGEF19,TAS1R3,RRM1,RRM2,IER5,IER3,ARMC9,ASF1B,SKA1,SKA2,POU5F1B,HMOX1,EHD2,FANK1,NUF2,PBK,GCNT1,AOC1,RTKN2,CFL2,SLCO2B1,SLC15A1,IGFBP4,ERF,NOTCH2,SLC38A11,ZNF546,FANCA,FANCG,DAB2,BCL3,EFHC1,ACSS2,BCO1,KCNJ14,TPCN1,DNAJA1,CTH,SYCP3,HDAC11,CBLB,RPS6KA5,SEPHS1,SRRM5,ESCO2,ZWINT,TPX2,TUBG1,NAALADL2,CEACAM6,RAD54B,GINS4,TJP3,NID1,DLG5,THRB,DCK,USP13,FAM169A,DEK,MLPH"
"DEG_HMVL_TOR10","111","0.67679999999999996","FLI1_21571218_CHIPSEQ_MEGAKARYOCYTES_HUMAN","FLI1","304","5341","0.25059999999999998943067680556850973516702651977539062500000000000000000000000","0.4510000000000000119904086659516906365752220153808593750000000000000000000","1.0480","Literature--ChIP-seq","NUP107,TESK1,ACCS,ZFYVE28,LIPE,LIPH,SAMD12,GTSE1,CCBE1,OPTN,PADI1,CDCA5,PDGFB,NCAPG,IQGAP3,RDH16,ZBTB7C,PRRT2,NEBL,SULT1B1,TDP1,SASS6,EZH2,NCAPG2,TUBA1C,TUBA1B,MMP28,JAK3,CHST6,LRRC49,DYNLL1,RILPL2,CKS2,ZNF230,NEURL1B,LRRC27,SAMD4A,BMP8B,FABP6,CENPM,CENPN,NCAPD3,ZNF699,CENPP,YPEL5,FRY,FADS2,TOM1,KPNA4,KMT5A,NUDT15,SLC16A3,PKP4,INO80B,BLM,SHC3,NRF1,RAP1GAP,TNFRSF14,TMEM120B,ODF2,IGSF10,MLXIPL,SP2,ATP7B,ITGB6,BCAS1,DBF4,SNURF,RNFT2,PPM1H,KATNA1,LRRC8A,CPNE8,CERK,NUDT1,MTFR1L,RASSF1,OPHN1,CDC27,TMPO,MYO7A,HASPIN,THAP2,THAP8,KIF20B,L3MBTL3,ZBTB2,NEU4,RACGAP1,TSPAN4,HIVEP3,EGR1,XRCC4,HSPA12A,MC1R,CALM3,PTPRR,KIF14,PTPRJ,BRCA2,PTPRH,DMBX1,NXPE1,KIF23,KIF2C,ALS2CL,SERTAD1,MGAT3,NPM2,GRIN1,TACC3,SPC24,MAD2L1,CD83,CAPN8,RGS3,TBC1D31,ZNF84,LMTK3,MR1,HNRNPUL1,CCDC150,NDRG1,CCNB1,GRK6,EEFSEC,KLHL28,MSN,KIF4A,NABP1,AMOTL2,MXD3,PHTF2,LMNB2,LTB4R,TTC28,FAM178B,MYBL1,PSRC1,NUP50,SHANK2,DNAH2,PNKP,AURKB,PSMB10,RRM1,EPOR,RSPH1,TAF3,TLNRD1,GABPB1,SMC2,MTBP,CDK20,RTTN,IER5,JUNB,ZNF165,NUP210,MAP1S,DKK3,DEPDC1B,MAML3,ASF1B,SKA1,RAD21,CEP72,HMOX1,PROM1,CDK19,WNT10A,MTHFR,MEX3C,TMEM198,FOSL1,ASAH2B,TNFSF9,FANK1,ING1,ING2,NUF2,MGLL,HBEGF,ADCY7,PDF,CHN2,GCNT3,GPAT3,CDKN2D,GSN,GLYCTK,TUBB4B,ZNF331,RAB3C,CLSTN3,HJURP,RAB43,SLCO2B1,CEP135,IGFBP4,PGF,MELK,ERF,NOTCH2,SLC38A11,RAD51AP1,ZNF546,TPPP,FANCI,AKIRIN2,OSBPL5,RHEB,RAD9B,WRAP53,CALCOCO1,MCM8,ZNF528,LBR,PLEKHG2,RANGAP1,EFHC1,ACSS2,CCDC69,TTK,HDAC9,HIRIP3,POLR2A,TNNI3,CCDC77,TPCN1,HDAC11,MKI67,RPS6KA5,NIPAL3,SEPHS1,SLC6A12,DLEC1,KNL1,OVOL1,NEIL2,NEIL1,MTTP,ZNF827,NTSR1,GADD45B,SMTN,STAG1,ANP32E,TOP2A,TNFAIP8L1,SLC22A11,VAV3,GP1BA,AMPD3,IL17RE,TUBG1,MTSS1,AKAP7,TUBD1,ALOX12B,NOL4,KIAA0513,EMC9,RANBP1,TRIP13,TJP3,DSCC1,RDM1,EME1,PTTG1,ARHGDIB,LIG1,ACYP2,SGO1,SGO2,FANCD2,GSTCD,ARHGAP19,NID1,ZMAT3,CDH26,STIL,TSGA10,KIF18A,ARHGAP30,THRB,POLH,KLF10,MNS1,DBF4B,GNA15,POC1A,BUB3,BUB1,STN1,SCLT1,ARID3B,SGPP2,FMNL3,FMNL1,MLPH,ALOX5AP,CDK2AP2"
"DEG_HMVL_TOR10","112","0.68289999999999995","FOXP2_21765815_CHIPCHIP_NEURO2A_MOUSE","FOXP2","50","829","0.25400000000000000355271367880050092935562133789062500000000000000000000000000","0.4510000000000000119904086659516906365752220153808593750000000000000000000","1.1150","Literature--ChIP-seq","TDP1,EZH2,DLGAP5,ARG2,BIRC5,SLC5A12,TRIM31,TRIM28,ARL11,KEL,SPATA17,KIF20A,SUV39H2,SUV39H1,PTPRJ,SCML2,DEPDC1,NEDD1,PCDHB16,BUB1B,GEM,PLA2G10,CACNA1F,CLK1,LMNB1,RSPH1,NUP210,SYTL5,SYTL2,MAML3,PCDHA2,CDK19,CIT,DHRS9,NOTCH2,OSBPL5,CCDC69,RBBP6,PNRC2,PI16,MAGEE1,AMPD3,VGLL1,GUCY2C,PTTG1,ACYP2,SGO2,NID1,NAP1L5,CDK2AP2"
"DEG_HMVL_TOR10","113","0.68899999999999995","TFEB_21752829_CHIPSEQ_HELA_HUMAN","TFEB","45","745","0.26319999999999998951949464753852225840091705322265625000000000000000000000000","0.4610000000000000208721928629529429599642753601074218750000000000000000000","1.1160","Literature--ChIP-seq","DDX39A,SHMT1,PDGFB,TUBA1C,CENPM,TOM1,SH2D5,SOCS2,FOXM1,PPM1H,THAP8,ANLN,DEPDC1,ZNF84,SPINK4,GEM,CCNB1,KLHL28,RBM15,DARS2,MVP,TEF,STMN1,CDK20,NUP210,MAP1S,HMOX1,MTHFR,CDKN2C,USP2,MAFF,DRC3,POLR2A,RBBP6,CCDC77,CTH,RHEBL1,SLC6A12,CORO7,KIAA0513,SGO1,TIMELESS,ALDH3B1,GPSM2,BUB3"
"DEG_HMVL_TOR10","114","0.69510000000000005","TCF7L2_21901280_CHIPSEQ_H4IIE_RAT","TCF7L2","34","558","0.27829999999999999182875853875884786248207092285156250000000000000000000000000","0.4799999999999999822364316059974953532218933105468750000000000000000000000","1.1270","Literature--ChIP-seq","SAMD12,OPTN,VANGL1,SMPD3,NRAP,FADS2,CNTNAP4,RIN2,PTPRJ,IL33,GRIN1,MAD2L1,EEFSEC,SHANK2,TEF,KNSTRN,CDK19,RNF152,CIT,MGLL,GRAMD1C,TRAIP,RAD51AP1,SRGAP2,SLC6A12,PARP3,MDFIC,LHFPL2,HGD,FAM83D,TSGA10,CKAP2,PRTFDC1,SGPP2"
"DEG_HMVL_TOR10","115","0.70120000000000005","POU3F2_20337985_CHIPCHIP_501MEL_HUMAN","POU3F2","88","1511","0.28229999999999999538147221755934879183769226074218750000000000000000000000000","0.4809999999999999831246100256976205855607986450195312500000000000000000000","1.0740","Literature--ChIP-seq","MEF2C,NCAPG,RNF217,ABCA5,NEBL,SULT1B1,NCAPG2,GPR37,LRRC49,PLSCR4,CKS2,COL11A1,SAMD4A,ADGRL2,TOM1,FRMD6,ZNF438,SPATA7,ATXN1,SLCO1B3,ARHGAP11A,NRG4,MLLT3,SLC25A27,TMPO,ZNF714,DDIAS,ANLN,SUV39H2,PTPRR,CSRNP3,VMO1,CNTRL,KIF23,G2E3,MAD2L1,ENPP5,GEN1,RUNDC3B,CCNB2,ECT2,KLHL28,TMEM237,COL5A2,PHTF2,HMGB2,DARS2,CCNA2,LAMA2,SMC4,DNAAF4,DKK1,ING1,LYST,CDKN2C,CARD6,RAB3C,RTKN2,AK9,FANCI,DAB2,CDK1,CCDC34,FBXL20,INSM2,CBLB,MTTP,LIAS,KRT20,LRRIQ1,NAALADL2,AKAP7,RAD54B,ANXA10,KCTD9,SGO2,GSTCD,ZMAT3,LONRF2,TSGA10,DIAPH3,GPSM2,CASP5,PALLD,ITGB3BP,TFPI,TRAT1,ATP13A4"
"DEG_HMVL_TOR10","116","0.70730000000000004","SMAD4_21741376_CHIPSEQ_HESC_HUMAN","SMAD4","124","2153","0.28520000000000000905941988094127736985683441162109375000000000000000000000000","0.4809999999999999831246100256976205855607986450195312500000000000000000000","1.0610","Literature--ChIP-seq","MDC1,CCBE1,ABCB4,HSPH1,NEBL,VANGL1,FLVCR2,TMC1,GPR37,TMC5,CKS2,FRZB,VWA3B,CENPO,YPEL5,CDKN3,ZNF695,FRY,NEK2,MINAR1,ZNF438,PKP4,RAP1GAP,GOT1,CNTROB,ITGB6,SPDL1,BCAS1,ADORA2B,NRG4,BIRC5,CNTNAP4,RNFT2,PPM1H,ATP10B,SLC5A12,ERRFI1,CDC27,MYO7B,THAP2,EPHA2,CEP192,ANLN,PTPRJ,DMBX1,ZHX2,MST1,GPC4,CAP2,CD83,PRDM1,RGS3,CD8A,CCDC150,SLC1A1,NDRG1,RASGRP1,CACNA1G,CAV1,FGF17,BMP2,COL5A2,MXD4,HMGB3,TENT4A,TTC28,DARS2,PSRC1,SHANK2,LAMA2,RSPH1,MYC,IER3,FREM1,SDSL,MCAM,IRF2BP1,RAD18,NUF2,PBK,CEP55,COL21A1,GCNT1,RASSF10,CHN2,GCNT2,GPAT3,NMNAT2,TUBB4B,CEP135,USP2,MAP2K6,CCDC18,DRC3,LBR,CCDC34,HDAC9,NHS,RBBP6,CEP152,ZNF730,IFIT3,SYNPO,TNS4,ESCO2,SLC22A3,SLC6A20,STAG1,ANKRD6,SCEL,SCD5,FAS,TRIP13,FBLN5,HSPA8,DIAPH3,DLG5,NMUR2,KLF10,RNF208,PALLD,PRTFDC1,FMNL3,ALOX5AP"
"DEG_HMVL_TOR10","117","0.71340000000000003","MEIS1_20887958_CHIPSEQ_HPC7_MOUSE","MEIS1","71","1216","0.29670000000000001927347170749271754175424575805664062500000000000000000000000","0.4949999999999999955591079014993738383054733276367187500000000000000000000","1.0770","Literature--ChIP-seq","NUP107,PADI2,PADI1,BHLHE41,TMC4,CENPU,CENPM,CENPN,NCAPD3,NAB2,UBALD2,MSH5,PKMYT1,TMEM120B,UNKL,RASSF1,TSPAN4,HIVEP3,LPAR5,PTPRH,CAP2,PAK4,TMEM176A,CCDC163,ENPP5,NABP1,MXD3,HP1BP3,RRM1,RSPH1,TEF,SMC4,IER5,JUNB,DEPDC1B,SKA2,CEP70,HMOX1,MTHFR,TMEM198,TUBB2A,KIFC1,ADCY7,GCNT2,CDKN2D,GPR3,HJURP,IGFBP4,USP2,RASAL1,KLC4,AKIRIN2,CCDC18,DRC3,MCM8,RFC3,MTFR2,ACSS2,SPAG5,PI16,CHEK2,SLC6A12,LIAS,STAG1,CLIC5,MAPRE2,ANXA10,KIF18A,POLH,PALLD,ARID3B"
"DEG_HMVL_TOR10","118","0.71950000000000003","ZIC3_20872845_CHIPCHIP_MESC_MOUSE","ZIC3","18","289","0.31509999999999999120703364496876019984483718872070312500000000000000000000000","0.5170000000000000150990331349021289497613906860351562500000000000000000000","1.1530","Literature--ChIP-seq","LIPH,HES7,FRZB,FRMD6,SOCS2,PORCN,SNURF,FBXO5,CD37,KIF23,STMN1,DKK1,CEP70,RDX,SLC6A7,DEPTOR,VRK1,ARL6IP1"
"DEG_HMVL_TOR10","119","0.72560000000000002","ESR2_21235772_CHIPSEQ_MCF7_HUMAN","ESR2","24","394","0.31819999999999998285815649978758301585912704467773437500000000000000000000000","0.5170000000000000150990331349021289497613906860351562500000000000000000000","1.1260","Literature--ChIP-seq","PRRT2,FLVCR2,ATXN1,UNKL,EPHA2,TNFRSF12A,CAP2,AKR1C2,CAPN8,NDRG1,PACSIN1,SHANK2,MYC,JUNB,IER3,DEPTOR,IGFBP4,BCL3,WIPI1,NHS,VASN,TSC22D3,TFF1,RAD54B"
"DEG_HMVL_TOR10","120","0.73170000000000002","AHR_22903824_CHIPSEQ_MCF7_HUMAN","AHR","38","640","0.31879999999999997228883330535609275102615356445312500000000000000000000000000","0.5170000000000000150990331349021289497613906860351562500000000000000000000","1.0960","Literature--ChIP-seq","SAMD12,PADI1,FLVCR2,ADGRL2,SOCS2,ATXN1,TMEM120B,ITGB6,CNTNAP4,PARD6B,TTC39A,RIN2,PTPRJ,ALS2CL,PRDM1,IL6R,TMEM45B,FAM178B,SSTR1,DNAH5,PRKCH,CHN2,GPAT3,DEPTOR,DAB2,RFC3,TPCN1,HS6ST3,IGSF3,TMTC2,ZWINT,NAALADL2,CEACAM6,TFF1,LHFPL2,ALDH3B2,THRB,MLPH"
"DEG_HMVL_TOR10","121","0.73780000000000001","GLI1_17442700_CHIPCHIP_MESC_MOUSE","GLI1","4","53","0.32710000000000000186517468137026298791170120239257812500000000000000000000000","0.5260000000000000230926389122032560408115386962890625000000000000000000000","1.4180","Literature--ChIP-seq","SLC16A4,NT5C1B,TERF1,LAMP3"
"DEG_HMVL_TOR10","122","0.74390000000000001","IRF1_19129219_CHIPCHIP_H3396_HUMAN","IRF1","11","171","0.33040000000000002700062395888380706310272216796875000000000000000000000000000","0.5260000000000000230926389122032560408115386962890625000000000000000000000","1.1940","Literature--ChIP-seq","CDCA8,HSPH1,FRMD6,FBXO43,CLK1,DNAAF4,TUBB2A,GLYCTK,STEAP4,OAS3,MLPH"
"DEG_HMVL_TOR10","123","0.75000000000000000","KLF5_25053715_CHIPSEQ_YYC3_HUMAN","KLF5","103","1803","0.33150000000000001687538997430237941443920135498046875000000000000000000000000","0.5260000000000000230926389122032560408115386962890625000000000000000000000","1.0520","Literature--ChIP-seq","MEF2C,OPTN,IQGAP3,PPARGC1B,VANGL1,TUBA1C,MMP28,DYNLL1,HAS2,VWA3B,CDKN3,UBALD2,MSH5,ZNF438,AJUBA,DMXL2,TMEM19,PPP1R15A,PARD6B,KATNA1,ZNF860,TRIM31,CPNE8,CDC20,PAQR6,EPHA2,ZBTB2,ANLN,TH,CALM3,CSRNP3,KIF12,CTSS,SATB1,SERTAD1,CAMK2N1,MGAT3,PCNT,CD83,TTF2,SPINK5,LMTK3,NDRG1,GRK6,ECT2,CLK1,BMP2,PHF19,TENT4A,LMNB1,RBM15,ARHGEF19,FAM72D,SHANK2,DNAH5,MVP,SMC2,RTTN,IER5,PRR19,CDK19,MTHFR,FHDC1,FOSL1,RAD18,TIMP2,TUBB2A,GCNT1,AOC1,NMNAT2,ZNF575,SLCO2B1,SLC15A1,RASAL1,BCL3,RAD9B,HGFAC,CKAP2L,WIPI1,MTFR2,ACSS2,RBBP6,RHEBL1,IGSF3,TMTC2,LRRCC1,TUBB,NAALADL2,MDFIC,CEACAM6,SCEL,GINS4,MPHOSPH9,TJP3,STEAP4,NUCKS1,ANXA10,PSAPL1,COQ2,RNF208,PALLD,TRAT1,CDK2AP2"
"DEG_HMVL_TOR10","124","0.75609999999999999","GBX2_23144817_CHIPSEQ_PC3_HUMAN","GBX2","14","223","0.33260000000000000675015598972095176577568054199218750000000000000000000000000","0.5260000000000000230926389122032560408115386962890625000000000000000000000","1.1630","Literature--ChIP-seq","CCBE1,FAT3,SRGAP2C,PTPRR,NXPE1,NR5A2,G2E3,DARS2,LAMA2,NOTCH2,COL14A1,HS6ST3,FBLN5,LIN9"
"DEG_HMVL_TOR10","125","0.76219999999999999","DMRT1_23473982_CHIPSEQ_TESTES_MOUSE","DMRT1","102","1788","0.33729999999999998872013406980840954929590225219726562500000000000000000000000","0.5310000000000000275335310107038822025060653686523437500000000000000000000","1.0510","Literature--ChIP-seq","RFX5,RNF215,PPARGC1B,JAK3,LRRC49,WTIP,NCAPD3,KMT5A,UBALD2,FRMD6,PKP4,AJUBA,FBXO43,FBXO44,SP2,SPDL1,NRG4,PPM1H,PARD6B,TRIM28,FBXO6,FBXO5,TMPO,RIN2,L3MBTL3,ZBTB2,TSPAN4,EGR1,HSPA12A,CALM3,PCSK4,ZHX2,NR5A2,G2E3,TLCD2,SATB1,MGAT3,RELT,MAD2L1,CD83,CRTC1,RGS3,TBC1D31,CACNA1G,GRK6,MXD4,HP1BP3,TTC28,PSMB10,TEF,TAF5,GABPB1,IER5,JUNB,FREM1,ASF1B,CEP70,HOXC9,WNT10A,MEX3C,TIMP2,TCF19,CIT,HBEGF,GPAT3,NDE1,GPR3,DEPTOR,VRK1,ERF,NOTCH2,DRC3,CCDC34,FBXL20,POLR2A,RBBP6,CEP152,TPCN1,RHEBL1,MKI67,HS6ST3,SEPHS1,SYNPO,YOD1,GADD45B,STAG1,ANP32E,PARP3,PROX1,MYEF2,GAS2L3,CDH26,MARK1,NR4A1,DLG5,TMEM117,NMUR2,THRB,CKS1B,PPP2R5D,TFPI,CDK2AP2"
"DEG_HMVL_TOR10","126","0.76829999999999998","MEF2A_21415370_CHIPSEQ_HL1_MOUSE","MEF2A","44","759","0.36039999999999999813482531862973701208829879760742187500000000000000000000000","0.5590000000000000524025267623073887079954147338867187500000000000000000000","1.0690","Literature--ChIP-seq","MDC1,HES7,RFX5,EZH2,FLVCR2,TMEM106C,NRAP,CENPU,SLC16A3,FRMD6,NT5C1B,TONSL,XRCC4,OSGIN1,CALM3,CCDC110,TACC3,SPINK4,PACSIN1,CAV1,MXD4,NAV1,AURKB,IER5,ING1,NUF2,CEP135,USP2,SRGAP2,FANCA,RHEB,WRAP53,ASPM,HIRIP3,CBLB,GADD45B,VASN,CLIC5,SCD5,NUCKS1,SHISA4,ANXA10,SGO1,PALLD"
"DEG_HMVL_TOR10","127","0.77439999999999998","SREBF2_21459322_CHIPSEQ_LIVER_MOUSE","SREBF2","51","886","0.36630000000000001447730824111204128712415695190429687500000000000000000000000","0.5649999999999999467092948179924860596656799316406250000000000000000000000","1.0610","Literature--ChIP-seq","HES7,RNF215,SMPD4,FLVCR2,KMT5A,NRF1,SAC3D1,LRRC8A,RILP,NT5C1B,CERK,ERFE,ZDHHC1,FBXO5,ZBTB2,SUV39H2,ZHX2,CAMK2N2,RGS3,TBC1D31,GEM,NDRG1,CAV1,PROC,NAA80,RAD21,PLK4,ING1,RPS6KL1,KIFC1,GCNT3,CDKN2D,HJURP,DEPTOR,WRAP53,NEMP1,ACSS2,KLF8,TNS4,OVOL1,SMTN,FEZF1,MTSS1,MDFIC,CEACAM5,RAD54B,DSCC1,KIF18B,TMEM117,PPP2R5D,OAS3"
"DEG_HMVL_TOR10","128","0.78049999999999997","NFE2L2_20460467_CHIPSEQ_MEF_MOUSE","NFE2L2","54","942","0.37290000000000000923705556488130241632461547851562500000000000000000000000000","0.5669999999999999484856516573927365243434906005859375000000000000000000000","1.0560","Literature--ChIP-seq","PRRT3,HACE1,LRRC49,HAS2,SAMD4A,YPEL5,ADGRL2,CDKN3,TOM1,FRMD6,RABL2A,PPM1H,CPNE8,L3MBTL3,FBF1,OSGIN1,CAP2,IL33,ENPP5,SLC30A4,ACACB,PHTF2,NAV1,LAMA2,CDK5RAP2,CEP70,HMOX1,CDK19,GCNT1,ADCY7,CHN2,RAB3C,MAFF,COL14A1,CKAP2L,IFIT3,TMTC2,VASN,ZWINT,CORO7,AMPD3,MDFIC,AKAP7,SCEL,LHFPL2,GSTA4,ARHGDIB,SGO2,COQ7,TMEM117,SLC40A1,TFPI,POLQ,ALOX5AP"
"DEG_HMVL_TOR10","129","0.78659999999999997","GABPA_20460467_CHIPSEQ_MEF_MOUSE","GABPA","54","942","0.37290000000000000923705556488130241632461547851562500000000000000000000000000","0.5669999999999999484856516573927365243434906005859375000000000000000000000","1.0560","Literature--ChIP-seq","PRRT3,HACE1,LRRC49,HAS2,SAMD4A,YPEL5,ADGRL2,CDKN3,TOM1,FRMD6,RABL2A,PPM1H,CPNE8,L3MBTL3,FBF1,OSGIN1,CAP2,IL33,ENPP5,SLC30A4,ACACB,PHTF2,NAV1,LAMA2,CDK5RAP2,CEP70,HMOX1,CDK19,GCNT1,ADCY7,CHN2,RAB3C,MAFF,COL14A1,CKAP2L,IFIT3,TMTC2,VASN,ZWINT,CORO7,AMPD3,MDFIC,AKAP7,SCEL,LHFPL2,GSTA4,ARHGDIB,SGO2,COQ7,TMEM117,SLC40A1,TFPI,POLQ,ALOX5AP"
"DEG_HMVL_TOR10","130","0.79269999999999996","STAT1_20625510_CHIPSEQ_HELA_HUMAN","STAT1","35","605","0.38379999999999997450927935460640583187341690063476562500000000000000000000000","0.5719999999999999529265437558933626860380172729492187500000000000000000000","1.0660","Literature--ChIP-seq","CDCA5,CFAP73,HACE1,MMP28,GPR37,NEURL1B,SH2D5,PLA2R1,TTC39A,RCC1,ADGRB2,SLC45A3,ACER2,PTPRJ,CD37,SERTAD1,DNAH2,SSRP1,RSPH1,MYC,IER3,MAP1S,SDSL,CDK19,PYGM,MGLL,TXNRD3,RHEBL1,NTSR1,KRT20,EMC9,FAS,LIG1,LONRF2,USP13"
"DEG_HMVL_TOR10","131","0.79879999999999995","THAP11_20581084_CHIPSEQ_MESC_MOUSE","THAP11","38","660","0.38850000000000001199040866595169063657522201538085937500000000000000000000000","0.5729999999999999538147221755934879183769226074218750000000000000000000000","1.0610","Literature--ChIP-seq","ZFYVE28,SAMD12,GTSE1,DDX39A,CDCA3,CDCA8,IQGAP3,SMPD3,TCOF1,BCL2L12,EXO1,THAP2,FBF1,KIF2C,TACC3,KLHL28,HP1BP3,LMNB2,STMN1,RTTN,CDK19,IRF2BP1,RAD18,ING1,NDC1,RAB3C,VRK1,THOC6,MAP2K6,CCDC18,FANCG,CALCOCO1,RANGAP1,ESPL1,HIRIP3,ARHGAP19,BUB3,POLQ"
"DEG_HMVL_TOR10","132","0.80489999999999995","PRDM5_23873026_CHIPSEQ_MEF_MOUSE","PRDM5","55","967","0.39350000000000001643130076445231679826974868774414062500000000000000000000000","0.5759999999999999564792574346938636153936386108398437500000000000000000000","1.0470","Literature--ChIP-seq","MDC1,CDCA2,EZH2,CKS2,RECQL4,CENPK,ATXN1,MED30,ODF2,SP8,DBF4,MLLT3,XRCC4,ANLN,KIF12,SCML2,CAP2,RGS3,TBC1D31,MORC4,SLC1A1,KIF4A,PHF19,PHTF2,HMGB3,TENT4A,GALT,SMC2,CDK5RAP2,ZNF165,CDK19,PBK,TCF19,TERF1,GCNT2,GSN,MELK,KLC4,AKIRIN2,RHEB,TPRN,TTK,DNAJA1,ESCO2,CCHCR1,TUBB,POC5,AKAP7,LHFPL2,GSTA2,GSTA1,DSCC1,KCTD9,PPP2R5D,DEK"
"DEG_HMVL_TOR10","133","0.81100000000000005","SOX11_23321250_CHIPCHIP_Z138A519JVM2_HUMAN","SOX11","55","970","0.40229999999999999094058011905872263014316558837890625000000000000000000000000","0.5849999999999999644728632119949907064437866210937500000000000000000000000","1.0440","Literature--ChIP-seq","HES7,MEF2C,PRRT2,EZH2,NCAPG2,CENPF,ZNF695,MSH5,DSC2,NEK5,SP8,RILP,E2F7,MTFR1L,NUMBL,HIVEP3,TNFSF13,PAF1,SUV39H2,CD37,ZHX2,SLC1A1,PLD1,PHF19,MVP,PNKP,RRM2,SMC4,JUNB,CDK5RAP2,PRKCH,HOXB4,SDSL,PLK1,TK1,CEP131,ILF2,FANCI,LBR,ESPL1,ACSS2,RHEBL1,PCF11,PROX1,ALOX12B,ZWILCH,FANCD2,ABCG2,CABP1,TDRD5,KLF10,OAS3,LIN9,ARID3B,DEK"
"DEG_HMVL_TOR10","134","0.81710000000000005","ATF3_23680149_CHIPSEQ_GBM1GSC_HUMAN","ATF3","110","1971","0.41539999999999999147348717087879776954650878906250000000000000000000000000000","0.5999999999999999777955395074968691915273666381835937500000000000000000000","1.0260","Literature--ChIP-seq","MDC1,NUP107,ACCS,LIPH,HES7,STARD5,HPD,TUBA1C,MMP28,CKS2,YPEL5,KPNA4,SH2D5,SLC16A4,MINAR1,UBALD2,SDCBP2,MSH5,AJUBA,FBXO48,SOCS2,TMEM120B,GOT1,RABL2A,IGSF10,SP2,ADORA2B,PPP1R15A,PARD6B,LRRC8A,ERRFI1,RASSF1,MYO7A,EPHA2,EGR1,PAF1,TNFRSF12A,NXPE1,KIF23,NBPF15,G2E3,TACC3,RGS3,IL6R,GEM,UBE2C,CAV1,NABP1,AMOTL2,TMEM45B,HMGB2,PSIP1,RND2,MYBL1,CIP2A,FAM72D,FAM72A,DNAH2,AURKA,MYC,DKK1,DKK3,SYTL2,SDSL,SKA1,GTF2IRD2,FOSL1,NUF2,PEA15,CDKN2C,GSN,NDE1,DHRS9,ZNF575,CFL2,ILF2,THOC6,AKIRIN2,MAFF,EFHC1,ANG,HIRIP3,TPCN1,CTH,IFIT3,NIPAL3,SYNPO,TNS4,YOD1,KNL1,NEIL3,LIAS,GADD45B,LRRCC1,PARP2,TSC22D3,TUBB,AMPD3,GSTA4,PTTG1,NID1,ALDH3B1,DLG5,CKS1B,SDR16C5,KLF10,PCDHGA6,PRTFDC1,POC1A,SCLT1"
"DEG_HMVL_TOR10","135","0.82320000000000004","SRF_21415370_CHIPSEQ_HL1_MOUSE","SRF","64","1140","0.42289999999999999813482531862973701208829879760742187500000000000000000000000","0.6009999999999999786837179271969944238662719726562500000000000000000000000","1.0330","Literature--ChIP-seq","MDC1,RFX5,SHMT1,CDCA8,IQGAP3,AFMID,EZH2,TUBA1C,DLGAP5,LRRC27,NCAPD3,TROAP,BCL2L12,SAC3D1,MLLT3,RILP,E2F7,TRIM28,LGALS9,NUMBL,KIF15,TNFRSF12A,TMEM176A,TACC3,BUB1B,TTF2,CCNB2,ECT2,CAV1,UBE2S,NABP1,RND2,RBM15,ARHGEF19,DARS2,GALT,IER5,WNT10A,MTHFR,RAD18,ING1,ILF2,FANCI,RAD9B,WRAP53,RFC3,POLR2A,LIAS,STAG1,LRRCC1,PARP3,PARP2,KPTN,DTYMK,SCD5,NRM,ACYP2,STEAP2,COQ7,TSGA10,CKS1B,POLH,MNS1,POC1A"
"DEG_HMVL_TOR10","136","0.82930000000000004","STAT6_20620947_CHIPSEQ_CD4POST_HUMAN","STAT6","22","382","0.42630000000000001225686219186172820627689361572265625000000000000000000000000","0.6009999999999999786837179271969944238662719726562500000000000000000000000","1.0610","Literature--ChIP-seq","SMPD3,DLGAP5,YPEL5,TUBA4A,ATXN1,TNFRSF14,PPP1R15A,EGR2,ZHX2,PRDM1,IL6R,NABP1,LAMA2,PRKCH,NUP210,CDKN2C,HMMR,VAV3,MPHOSPH9,DPP4,PRTFDC1,GNA15"
"DEG_HMVL_TOR10","137","0.83540000000000003","TCF4_18268006_CHIPCHIP_LS174T_HUMAN","TCF4","25","436","0.42630000000000001225686219186172820627689361572265625000000000000000000000000","0.6009999999999999786837179271969944238662719726562500000000000000000000000","1.0560","Literature--ChIP-seq","CENPF,ADGRL2,NEK2,PKP4,NT5C1B,ERRFI1,EPHA2,IL6R,FAM72A,IER5,ARMC9,RAD18,NMNAT2,DHRS9,LBR,PNRC2,CTH,YOD1,SLC6A20,PROX1,DPP4,THRB,SLC40A1,LIN9,TFPI"
"DEG_HMVL_TOR10","138","0.84150000000000003","GRHL2_25758223_CHIPSEQ_PLACENTA_MOUSE","GRHL2","51","909","0.43640000000000001012523398458142764866352081298828125000000000000000000000000","0.6089999999999999857891452847979962825775146484375000000000000000000000000","1.0320","Literature--ChIP-seq","ABCA5,BHLHE41,SAMD4A,CENPE,CDKN3,NPAS1,RETNLB,DMBX1,TMEM176A,ESYT3,GIMAP2,ZNF83,RUNDC3B,CD8A,PSIP1,CCNA2,RRM1,RRM2,RTTN,PRKCH,ZC2HC1C,RAD21,PROM1,PLK4,MCAM,FOSL1,RAD18,FANK1,ING1,TERF1,TMSB15B,CDKN2D,AOC1,SLCO2B1,SLC38A11,OSBPL5,MTFR2,HDAC9,TXNRD3,INSM2,IFIT5,GNG10,ZWINT,NOL4,SCEL,GINS4,STEAP4,ZWILCH,NR4A1,KIF18B,OAS3"
"DEG_HMVL_TOR10","139","0.84760000000000002","POU3F1_26484290_CHIPSEQ_ESC_MOUSE","POU3F1","94","1693","0.44250000000000000444089209850062616169452667236328125000000000000000000000000","0.6149999999999999911182158029987476766109466552734375000000000000000000000","1.0210","Literature--ChIP-seq","CDCA2,VANGL1,RILPL2,COL11A1,TCOF1,FRZB,NAB2,MSH5,AJUBA,TROAP,SP2,BCAS1,BOK,HSP90AA1,CNTNAP4,PARD6B,NUDT1,TMPO,SPATA17,ZBTB2,EGR1,CALM3,SUV39H2,PTPRJ,KIF24,NR5A2,KIF2C,NPM2,SPC25,CAPN8,TBC1D31,SLC30A4,ACACB,PHF19,RND2,MYBL1,RBM15,SSTR1,SHANK2,RSPH1,TEF,SMC2,MTBP,MYC,STMN1,IER5,DKK3,ZC2HC1C,HOXB4,WNT10A,RAD18,ING2,CSRP2,NUF2,PBK,RNF152,OLFML3,NMNAT2,RAB3C,RTKN2,IYD,CFL2,IGFBP4,ILF2,SRGAP2,REEP4,LHX4,DRC3,CALCOCO1,ANG,HDAC9,FBXL20,POLR2A,DNAJA1,CBLB,SEPHS1,TMTC2,NTSR1,POC5,KPTN,MYEF2,TJP3,NUCKS1,HGD,SHISA4,KCTD9,CABP1,FBLN5,LONRF2,COQ2,ARHGAP30,THRB,FAM169A,NAP1L5"
"DEG_HMVL_TOR10","140","0.85370000000000001","PRDM14_21183938_CHIPSEQ_MESC_MOUSE","PRDM14","90","1646","0.50119999999999997886135361113701947033405303955078125000000000000000000000000","0.6750000000000000444089209850062616169452667236328125000000000000000000000","1.0040","Literature--ChIP-seq","GTSE1,CDCA7,NCAPH,ZBTB7C,VANGL1,FAM111A,SMPD3,TUBA1C,FLVCR2,JAK3,TMC5,TCOF1,ADGRL2,TOM1,SDCBP2,PKP4,FBXO44,SOCS2,PORCN,TMEM120B,BDNF,ACP5,BCAS1,SNURF,CDC20,RASSF1,ADGRB2,EPHA2,XRCC4,MC1R,KIF11,NR5A2,SERTAD1,CAMK2N1,PAK4,MAD2L1,BUB1B,PRDM1,CCNE1,AMOTL2,TMEM45B,HMGB3,RND2,RBM15,NAV1,MYC,STMN1,CDK5RAP2,DKK3,DEPDC1B,S100A14,CEP78,CDK19,FANK1,CSRP2,CEP55,NSD2,NMNAT2,RAB3C,USP2,AK7,BCL3,COL14A1,DNMT3B,LBR,PLEKHG2,ACSS2,CCDC69,PNRC2,NECTIN4,RPS6KA5,OVOL1,CLIC5,ANKRD6,MDFIC,AKAP7,RAD54B,SCEL,MPHOSPH9,LONRF2,HSPA8,TDRD5,ARHGAP33,NR4A1,BLNK,KLF10,PPP2R5D,UPK3B,FAM169A,STN1"
"DEG_HMVL_TOR10","141","0.85980000000000001","ETS2_20176728_CHIPCHIP_TROPHOBLASTSTEMCELLS_MOUSE","ETS2","10","179","0.51339999999999996749266983897541649639606475830078125000000000000000000000000","0.6850000000000000532907051820075139403343200683593750000000000000000000000","1.0280","Literature--ChIP-seq","UNC5A,SHMT1,AFMID,CENPU,RNFT2,TRIM31,SSRP1,EPOR,USP2,OSBPL5"
"DEG_HMVL_TOR10","142","0.86590000000000000","SREBF1_19666523_CHIPSEQ_LIVER_MOUSE","SREBF1","34","633","0.55769999999999997353228309293626807630062103271484375000000000000000000000000","0.7179999999999999715782905695959925651550292968750000000000000000000000000","0.9857","Literature--ChIP-seq","ZFYVE28,CDCA3,ZBTB7C,NRAP,CENPO,KPNA2,SPDL1,BOK,TNFRSF1B,ERRFI1,RIN2,XRCC1,GRIN1,BUB1B,ACACB,LMNB2,TCN2,RNF152,NDC1,FMO5,THOC6,ERF,NOTCH2,ANKRD24,CALCOCO1,PLEKHG2,RANGAP1,ACSS2,MTTP,RANBP1,COQ2,RNF207,RGS16,BUB3"
"DEG_HMVL_TOR10","143","0.87200000000000000","ESRRB_18555785_CHIPSEQ_MESC_MOUSE","ESRRB","64","1195","0.57189999999999996393995616017491556704044342041015625000000000000000000000000","0.7259999999999999786837179271969944238662719726562500000000000000000000000","0.9827","Literature--ChIP-seq","TESK1,STARD5,CDCA5,SHMT1,IQGAP3,ZBTB7C,NCAPD2,PKP4,FOXO6,FBXO43,FBXO44,RAP1GAP,ATXN1,ST6GALNAC1,ATP7B,CDC45,NUDT1,ZDHHC1,RCC1,HASPIN,SLC45A3,HIVEP3,SEC31B,ANLN,CALM3,ACADL,KIF23,CAMK2N1,RELT,BUB1B,TTF2,RASGRP1,CCNB2,GALT,RRM1,RSPH1,STMN1,RTTN,DKK1,PROM1,WNT10A,PYGM,CSRP2,RAB3A,ERF,CBFB,BCL3,WIPI1,ASPM,ACSS2,TNNI3,TPCN1,INSM2,SYCP3,HDAC11,RAD54L,RANBP1,TRIP13,ACYP2,COQ7,KIF18A,TFPI,POC1A,FMNL1"
"DEG_HMVL_TOR10","144","0.87800000000000000","THRA_23701648_CHIPSEQ_CEREBELLUM_MOUSE","THRA","8","159","0.64049999999999995825561427409411408007144927978515625000000000000000000000000","0.7760000000000000230926389122032560408115386962890625000000000000000000000","0.9200","Literature--ChIP-seq","MEF2C,PDGFB,TNFRSF14,ADORA2B,RRM1,APOA1,MTSS1,NR4A1"
"DEG_HMVL_TOR10","145","0.88410000000000000","MTF2_20144788_CHIPSEQ_MESC_MOUSE","MTF2","140","2645","0.64090000000000002522426711948355659842491149902343750000000000000000000000000","0.7760000000000000230926389122032560408115386962890625000000000000000000000","0.9705","Literature--ChIP-seq","ZFYVE28,HES7,CCBE1,UNC5A,AR,ABCB4,PDGFB,PPARGC1B,ZBTB7C,NEBL,BHLHE41,SMPD3,ARG2,GPR37,PLSCR4,FRZB,NRAP,SAMD4A,BMP8B,PSMB8,NAB2,FRMD6,SHC3,FOXO6,FBXO44,NPAS1,RAP1GAP,ATXN1,BDNF,B3GALT5,MLXIPL,SP8,CNTROB,PPM1H,MLLT3,CYP4B1,TTC39A,CPNE8,CERK,ADGRB2,L3MBTL3,SLC45A3,HIVEP3,EGR1,EGR2,OTUD7A,KIF12,PTPRJ,DMBX1,ZHX2,KIF7,SATB1,CAMK2N1,CAMK2N2,CAP2,CD83,MORC4,SLC30A4,SLC1A1,NDRG1,CACNA1G,CNTLN,PACSIN1,CAV1,BMP2,PHF19,HMGB3,TENT4A,LTB4R,NAV1,SSTR1,SHANK2,GALNT6,MAPK15,HOXA6,IER5,PRKCH,DKK1,HOXB4,PCDHA2,HOXC9,PROM1,WNT10A,MCAM,FHDC1,FOSL1,TIMP2,RNF152,MGLL,HBEGF,ADCY7,RASSF10,NSD2,GPAT3,CDKN2C,GSN,FGF9,IGFBP4,ILF2,LTB4R2,NOTCH2,TPPP,SCRT1,DAB2,LHX4,COL14A1,NEMP1,CCDC69,NHS,KCNJ14,INSM2,HS6ST3,SYNPO,TNS4,OVOL1,SLC22A3,GNG10,NTSR1,VAV3,TSC22D3,AMPD3,PROX1,MDFIC,NOL4,LHFPL2,CAMK4,PCDHA10,CABP1,FBLN5,DPP4,MARK1,TMEM117,THRB,PPP2R5D,KRT83,BUB3,SGPP2,NAP1L5,DLK2,FMNL1"
"DEG_HMVL_TOR10","146","0.89019999999999999","CEBPD_23245923_CHIPSEQ_MEF_MOUSE","CEBPD","23","448","0.64310000000000000497379915032070130109786987304687500000000000000000000000000","0.7760000000000000230926389122032560408115386962890625000000000000000000000","0.9398","Literature--ChIP-seq","SAMD12,HAS2,SAMD4A,ADGRL2,BLM,CPNE8,CDC27,KIF20B,IL33,ALPG,TAF3,CDK19,ING2,GCNT1,GCNT2,TUBB4B,LBR,CTH,ARL6IP1,CBLB,STAG1,LHFPL2,PALLD"
"DEG_HMVL_TOR10","147","0.89629999999999999","NR1I2_20693526_CHIPSEQ_LIVER_MOUSE","NR1I2","37","715","0.64700000000000001953992523340275511145591735839843750000000000000000000000000","0.7760000000000000230926389122032560408115386962890625000000000000000000000","0.9477","Literature--ChIP-seq","HES7,PPARGC1B,ZBTB7C,ABCA5,NEBL,AJUBA,SP2,NRG4,PPM1H,ERRFI1,RASSF4,EPHA2,SLC45A3,HIVEP3,OSGIN1,XRCC1,KIF14,KIF12,PTPRJ,ZHX2,ALS2CL,GPRIN3,GPD1,CACNA1G,CAV1,MGLL,NOTCH2,HDAC11,LIAS,TNFAIP8L1,MTSS1,TFF1,MAPRE2,TUBD1,MPHOSPH9,GSTA1,DEK"
"DEG_HMVL_TOR10","148","0.90239999999999998","E4F1_26484288_CHIPSEQ_MOUSEEMBRYONICFIBROBLAST_MOUSE","E4F1","1","19","0.65500000000000002664535259100375697016716003417968750000000000000000000000000","0.7760000000000000230926389122032560408115386962890625000000000000000000000","0.9647","Literature--ChIP-seq","MROH2A"
"DEG_HMVL_TOR10","149","0.90849999999999997","ZNF652_21678463_CHIPCHIP_ZR751_HUMAN","ZNF652","5","105","0.68249999999999999555910790149937383830547332763671875000000000000000000000000","0.7940000000000000390798504668055102229118347167968750000000000000000000000","0.8683","Literature--ChIP-seq","FAM133A,CENPE,PHTF2,IRF2BP1,STAG1"
"DEG_HMVL_TOR10","150","0.91459999999999997","REST_18959480_CHIPCHIP_MESC_MOUSE","REST","99","1922","0.72179999999999999715782905695959925651550292968750000000000000000000000000000","0.8239999999999999547029005952936131507158279418945312500000000000000000000","0.9431","Literature--ChIP-seq","ZFYVE28,UNC5A,HPD,CDCA2,ABCB4,SHMT1,RDH16,PPARGC1B,NEBL,GPR19,TMC1,INCENP,HAP1,COL11A1,FADS2,NUDT15,FOXO6,NRF1,NPAS1,SPATA7,BDNF,ATP7B,SNURF,CNTNAP4,SLC25A27,KATNA1,E2F7,TRIM31,CCNF,TRIM28,TMPO,EPHA10,RACGAP1,EGR1,PTPRR,OTUD7A,KIF12,KIF11,SCML2,CD37,NR5A2,MGAT3,NPM2,GRIN1,SGSM1,NEDD1,PRDM1,CACNA1G,GRK1,GRK6,EEFSEC,BMP2,PROC,UBE2S,NAV1,TAS1R3,MDH1B,TEF,STMN1,RTTN,NUP210,CEP70,PCDHA2,RAD18,CIT,ADCY4,NMNAT2,RAB3C,FGF9,SLCO2B1,CEP131,VRK1,DISP2,MELK,SCRT1,BCL3,LHX4,RBBP6,BCO1,IGSF3,STAG1,ANP32E,TUBG1,KPTN,SCEL,MYEF2,RDM1,TIMELESS,ABCG2,CABP1,CDH26,NR4A1,NMUR2,BLNK,CAMK2A,GNA15,BUB3,POLQ,CDK2AP2"
"DEG_HMVL_TOR10","151","0.92069999999999996","ARNT_22903824_CHIPSEQ_MCF7_HUMAN","ARNT","47","933","0.72519999999999995576871469893376342952251434326171875000000000000000000000000","0.8249999999999999555910790149937383830547332763671875000000000000000000000","0.9212","Literature--ChIP-seq","SAMD12,AR,PADI1,FLVCR2,ADGRL2,SOCS2,ATXN1,TMEM120B,ITGB6,CNTNAP4,ATP10B,PARD6B,CYP4B1,TTC39A,RIN2,L3MBTL3,PTPRJ,ALS2CL,PRDM1,ZNF85,IL6R,TMEM45B,FAM178B,SSTR1,DNAH5,PRKCH,LYST,CHN2,GPAT3,DEPTOR,DAB2,RFC3,NHS,TPCN1,HS6ST3,IGSF3,TMTC2,ZWINT,NAALADL2,CEACAM6,TFF1,LHFPL2,ALDH3B2,DLG5,THRB,BUB3,MLPH"
"DEG_HMVL_TOR10","152","0.92679999999999996","ZNF263_19887448_CHIPSEQ_K562_HUMAN","ZNF263","3","70","0.74109999999999998099298181841732002794742584228515625000000000000000000000000","0.8299999999999999600319711134943645447492599487304687500000000000000000000","0.7776","Literature--ChIP-seq","MYL5,ACACB,RBM15"
"DEG_HMVL_TOR10","153","0.93289999999999995","RBPJ_22232070_CHIPSEQ_NCS_MOUSE","RBPJ","1","25","0.75339999999999995861088564197416417300701141357421875000000000000000000000000","0.8379999999999999671373984710953664034605026245117187500000000000000000000","0.7236","Literature--ChIP-seq","FAM178B"
"DEG_HMVL_TOR10","154","0.93899999999999995","KLF2_18264089_CHIPCHIP_MESC_MOUSE","KLF2","4","94","0.75900000000000000799360577730112709105014801025390625000000000000000000000000","0.8379999999999999671373984710953664034605026245117187500000000000000000000","0.7718","Literature--ChIP-seq","CD83,PRDM1,JUNB,HOXB4"
"DEG_HMVL_TOR10","155","0.94510000000000005","CTCF_18555785_CHIPSEQ_MESC_MOUSE","CTCF","63","1270","0.78739999999999998880895191177842207252979278564453125000000000000000000000000","0.8569999999999999840127884453977458178997039794921875000000000000000000000","0.9064","Literature--ChIP-seq","CCBE1,SMPD4,BDH2,TMEM106C,RIMBP2,YPEL5,AJUBA,FOXO6,PPM1H,CPNE8,CERK,ZDHHC1,RCC1,MYO7A,HASPIN,KIF20B,TSPAN1,MC1R,PTPRR,KIF23,PCNT,RELT,PCDHB14,PCDHB13,SGSM1,PCDHB16,SPC24,CAPN8,MXD3,RND2,PIDD1,CCNA2,DKK3,DEPDC1B,ASF1B,PCDHA2,EHD2,NUF2,GCNT1,LPCAT4,DAB2,WRAP53,RFC3,TTK,NIPAL3,TMTC2,SMTN,STAG1,ANKRD6,PARP3,GINS4,PCDHA10,CDH24,MYH11,COQ2,PCDHGA6,HSH2D,RNF207,KRT83,POC1A,SHCBP1,FMNL3,ALDH16A1"
"DEG_HMVL_TOR10","156","0.95120000000000005","ZFX_18555785_CHIPSEQ_MESC_MOUSE","ZFX","136","2701","0.82350000000000000976996261670137755572795867919921875000000000000000000000000","0.8870000000000000106581410364015027880668640136718750000000000000000000000","0.9207","Literature--ChIP-seq","DDX39A,ABCB4,CDCA7,HACE1,NCAPH2,VANGL1,SMPD4,TMC4,INCENP,CKS2,TMEM106C,PKN3,LRRC27,BMP8B,WTIP,PSMC3,NCAPD3,CSE1L,NAB2,TOM1,KPNA4,KPNA2,SLC16A3,FRMD6,AJUBA,BLM,NRF1,PORCN,SAC3D1,SP2,FOXM1,BOK,HSP90AA1,ERRFI1,CERK,TRIM28,CDC27,RCC1,FBXO6,NUMBL,ZBTB2,XRCC1,SUV39H2,BRCA2,ACADL,KIF24,KIF23,MGAT3,PAK4,NEDD1,TACC3,MAD2L1,TTF2,HNRNPUL1,CCNB2,GRK6,EEFSEC,CLK1,UBE2S,NABP1,HP1BP3,PSIP1,MYBL2,MYBL1,DARS2,CCNA2,SFPQ,NUP50,TMEM45A,AURKB,TEF,TAF5,TLNRD1,JUNB,NUP210,TYRO3,ASF1B,RAD21,CEP72,PLK4,RDX,IRF2BP1,RAD18,TK1,NDC1,TERF1,HBEGF,ADCY7,NSD2,BRD8,RAB43,CFL2,IGFBP4,VRK1,ILF2,LTB4R2,CBFB,FANCA,RHEB,CNOT3,CCDC34,CKAP2L,FBXL20,PNRC2,SYCP3,ARL6IP1,HDAC11,SEPHS1,YOD1,NEIL2,ANP32E,CORO7,TOP2A,PCF11,ANKRD6,MDFIC,METTL4,RANBP1,MPHOSPH9,TRIP13,ZWILCH,NUCKS1,STEAP2,ZMAT3,HSPA8,STIL,COQ2,TMEM117,CKS1B,PPP2R5D,USP13,BUB3,BUB1,DEK,CDK2AP2,ALDH16A1"
"DEG_HMVL_TOR10","157","0.95730000000000004","CLOCK_20551151_CHIPSEQ_293T_HUMAN","CLOCK","18","405","0.83930000000000004600764214046648703515529632568359375000000000000000000000000","0.8980000000000000204281036531028803437948226928710937500000000000000000000","0.8077","Literature--ChIP-seq","PPARGC1B,DYNLL1,HSP90AA1,SPON2,EGR1,PLD1,HMGB3,TEF,TUBB2A,FMO1,IGFBP4,USP2,DAB2,GADD45B,TSC22D3,MTSS1,CCDC28B,NR4A1"
"DEG_HMVL_TOR10","158","0.96340000000000003","NEUROD2_26341353_CHIPSEQ_CORTEX_MOUSE","NEUROD2","78","1602","0.85089999999999998969713033147854730486869812011718750000000000000000000000000","0.9070000000000000284217094304040074348449707031250000000000000000000000000","0.8888","Literature--ChIP-seq","GTSE1,PADI1,NCAPH,HACE1,VANGL1,BHLHE41,TUBA1B,RECQL4,NRAP,CSE1L,TUBA4A,ACAP1,SHC3,BCL2L12,ATXN1,TMEM120B,SP2,ATP7B,ACP5,BOK,HSP90AA1,NRG4,LRRC8A,RILP,EPHA2,SLC45A3,EPHA10,FBF1,EGR1,EGR2,KIF12,SCML2,MST1,CAMK2N2,SPC25,SLC30A4,MR1,GEM,ACACB,CALHM2,TREH,LMNB1,NAV1,PROM1,PLK1,FHDC1,TMEM198,TCN2,RAD18,PBK,GPR3,NMNAT2,SNRNP25,SCRT1,RHEB,COL14A1,LBR,TNNI3,SPAG5,CBLB,SMTN,CORO7,GP1BA,MTSS1,SCD5,DSCC1,TIMELESS,FAM83D,NR4A1,DLG5,PPP2R5D,UPK3B,OAS3,KRT83,POLQ,NAP1L5,DLK2,CDK2AP2"
"DEG_HMVL_TOR10","159","0.96950000000000003","PRDM16_22522345_CHIPCHIP_PALATEMESENCHYMAL_MOUSE","PRDM16","4","112","0.86439999999999994617638776617241092026233673095703125000000000000000000000000","0.9120000000000000328626015289046335965394973754882812500000000000000000000","0.6432","Literature--ChIP-seq","KIF15,GALNT6,CEP78,TXNRD3"
"DEG_HMVL_TOR10","160","0.97560000000000002","BCL11B_21912641_CHIPSEQ_STHDHSTRIUM_MOUSE","BCL11B","1","39","0.88729999999999997761790382355684414505958557128906250000000000000000000000000","0.9240000000000000435207425653061363846063613891601562500000000000000000000","0.4570","Literature--ChIP-seq","RUNDC3B"
"DEG_HMVL_TOR10","161","0.98170000000000002","ZNF274_21170338_CHIPSEQ_K562_HELA","ZNF274","11","286","0.91190000000000004387601393318618647754192352294921875000000000000000000000000","0.9330000000000000515143483426072634756565093994140625000000000000000000000","0.6946","Literature--ChIP-seq","ZNF676,ACP5,G2E3,SLC52A1,SSTR1,ARMC9,CFL2,ERF,BCL3,TPX2,STEAP2"
"DEG_HMVL_TOR10","162","0.98780000000000001","HOXC9_25013753_CHIPSEQ_NEUROBLASTOMABE2C_HUMAN","HOXC9","75","1851","0.99650000000000005240252676230738870799541473388671875000000000000000000000000","1.0000000000000000000000000000000000000000000000000000000000000000000000000","0.7333","Literature--ChIP-seq","GTSE1,ZNF285,NCAPH2,TDP1,EZH2,DLGAP5,ZNF230,CENPA,NCAPD2,CENPP,CSE1L,MSH5,GOT1,NDC80,PPP1R15A,RNFT2,CDC27,EGR2,ANLN,MC1R,PHGDH,SERTAD1,BUB1B,ZNF85,HNRNPUL1,CCDC150,NAV1,TEF,RTTN,IER5,JUNB,IER3,ZSCAN23,PCDHA2,HOXC9,TMEM198,KIFC1,MORN4,CEP126,RAB3C,RAB3A,CLSTN3,HJURP,FGF9,CEP135,HMMR,MAP2K6,RAD9B,WRAP53,ZNF528,RFC3,MTFR2,CYP3A5,HIRIP3,CTH,YOD1,ZWINT,TPX2,LRRCC1,LRRIQ1,PROX1,KPTN,RAD54L,RANBP1,ZWILCH,CSKMT,NUSAP1,SHISA4,FAM83D,KIF18B,POLH,BRD3OS,DBF4B,BUB3,SHCBP1"
"DEG_HMVL_TOR10","163","0.99390000000000001","ETS1_20019798_CHIPSEQ_JURKAT_HUMAN","ETS1","58","1500","0.99739999999999995328181512377341277897357940673828125000000000000000000000000","1.0000000000000000000000000000000000000000000000000000000000000000000000000","0.6985","Literature--ChIP-seq","NUP107,ZFYVE28,CDCA8,HSPH1,SASS6,SMPD3,INCENP,ZNF230,PSMC3,CENPP,INO80B,FBXO48,EXO1,UNKL,BIRC5,KIF20A,FBF1,RACGAP1,KIF11,KIF15,SPC25,BUB1B,ZNF84,LMTK3,CCDC150,CCDC146,LMNB2,MYBL1,DARS2,RRM1,RBM42,TAF5,FDXR,RTTN,CDK5RAP2,ZNF165,CDK19,IRF2BP1,RAD18,NUF2,NDC1,ZNF331,VRK1,ERF,ZNF546,AKIRIN2,WRAP53,CALCOCO1,CCDC77,CHEK2,ESCO2,KPTN,TUBD1,METTL4,LIG1,DBF4B,BUB3,POLQ"
"DEG_HMVL_TOR10","164","1.00000000000000000","DLX4_19119308_CHIPCHIP_HS578T_HUMAN","DLX4","0","18","1.00000000000000000000000000000000000000000000000000000000000000000000000000000","1.0000000000000000000000000000000000000000000000000000000000000000000000000","0.0000","Literature--ChIP-seq",""
