"ID","Description","setSize","enrichmentScore","NES","pvalue","p.adjust","qvalue","rank","leading_edge","core_enrichment","log2err"
"REACTOME_MRNA_POLYADENYLATION","REACTOME_MRNA_POLYADENYLATION","126","-0.6950927011112320","-2.942200210728577","0.0000000001000000000000000","0.00000001292142857142857","0.000000009843527863100544","1794","tags=52%, list=14%, signal=45%","PCBP1/POLR2L/SNRPD2/PRPF40A/SF3B3/NCBP1/SF3A3/PAPOLA/CPSF1/RBM25/PUF60/SF3B5/POLR2F/PHF5A/CSTF2T/POLR2G/SRSF9/TCERG1/SNRPB/DDX46/RBM17/SRSF6/SYMPK/U2SURP/CHERP/CCAR1/YBX1/U2AF1/SRSF8/DHX9/SNRPE/SNRPD3/HNRNPK/SNRPD1/SRSF10/DHX15/SNRPF/HNRNPF/SRRT/PABPN1/NUDT21/POLR2E/HNRNPA1/HNRNPR/SNRPA/CSTF2/U2AF2/SNRNP70/HNRNPU/TRA2B/RBM10/HNRNPL/HNRNPD/FUS/SRSF7/SRSF3/CPSF6/HNRNPH1/HNRNPA3/HNRNPA2B1/SRSF2/PTBP1/RBMX/SRSF1/HNRNPM",NA
"REACTOME_MRNA_3_END_PROCESSING","REACTOME_MRNA_3_END_PROCESSING","150","-0.6710832881301176","-2.899270709691493","0.0000000001000000000000000","0.00000001292142857142857","0.000000009843527863100544","1665","tags=48%, list=13%, signal=42%","SNRPD2/PRPF40A/SF3B3/THOC1/NCBP1/SF3A3/PAPOLA/CPSF1/RBM25/PUF60/SF3B5/POLR2F/PHF5A/CSTF2T/DDX39A/RNPS1/POLR2G/SRSF9/TCERG1/SNRPB/DDX46/RBM17/SRSF6/SYMPK/U2SURP/MAGOHB/CHERP/THOC7/THOC6/CCAR1/YBX1/U2AF1/SRSF8/DHX9/SNRPE/SNRPD3/HNRNPK/SNRPD1/SRSF10/DDX39B/DHX15/CHTOP/ALYREF/SNRPF/HNRNPF/SRRT/PABPN1/NUDT21/POLR2E/HNRNPA1/HNRNPR/SNRPA/CSTF2/U2AF2/SNRNP70/HNRNPU/TRA2B/RBM10/HNRNPL/HNRNPD/FUS/SRSF7/SRSF3/CPSF6/HNRNPH1/HNRNPA3/HNRNPA2B1/SRSF2/PTBP1/RBMX/SRSF1/HNRNPM",NA
"REACTOME_MITOCHONDRIAL_TRANSLATION_ELONGATION","REACTOME_MITOCHONDRIAL_TRANSLATION_ELONGATION","88","-0.6941665615201389","-2.799570583010794","0.0000000001000000000000000","0.00000001292142857142857","0.000000009843527863100544","1937","tags=61%, list=15%, signal=53%","MRPS9/MRPS18C/MRPL53/KGD4/MRPL21/MRPL9/MRPS5/MRPL28/MRPS12/MRPL2/MRPL48/MRPS23/MRPS24/MRPS35/MRPL15/MRPL23/MRPL14/MRPL39/ERAL1/TSFM/MRPL58/MRPL57/MRPL27/MRPS22/MRPS14/MRPS18A/MRPL47/MRPL46/MRPL1/MRPS11/MRPL42/MRPL43/MRPL22/MRPS27/MRPS16/MRPS26/MRPS7/PTCD3/MRPL52/MRPL30/MRPL20/MRPS28/MRPL38/MRPL4/MRPL11/MRPS15/MRPL35/MRPL24/GADD45GIP1/MRPS34/MRPL12/MRPL3/MRPL19/MRPL16",NA
"REACTOME_SYNTHESIS_OF_DNA","REACTOME_SYNTHESIS_OF_DNA","106","-0.6695833833523717","-2.717722037754235","0.0000000001000000000000000","0.00000001292142857142857","0.000000009843527863100544","3208","tags=74%, list=25%, signal=56%","UBE2C/RPA1/ORC6/PSMC6/POLD3/PSMD13/CDT1/CDK2/PSMD7/PRIM2/ANAPC4/POLE4/CDC23/CCNE2/ORC5/PSMD8/SEM1/PSMB5/RFC3/POLA2/GINS1/ANAPC11/PSMA5/UBE2S/RFC4/PSMB7/RPA3/PSMB4/GINS4/ANAPC2/UBE2E1/RFC2/GMNN/PCNA/PSMC5/PSMD14/POLE/ANAPC5/PSMD3/PSMA6/PSMD11/ORC2/GINS3/FEN1/PSMD6/MCM4/CCNA2/PSMC3/ANAPC15/MCM7/MCM5/ORC1/PSMB3/PRIM1/DNA2/PSMD1/PSMA2/MCM6/PSMA7/POLE2/MCM2/PSMB6/CDC6/RFC5/RBX1/PSMA1/CDC45/PSMA3/SKP2/LIG1/POLA1/POLD2/POLD1/PSMA4/PSMB2/MCM3/ANAPC7/GINS2",NA
"REACTOME_MRNA_SPLICING","REACTOME_MRNA_SPLICING","211","-0.5753170756441879","-2.632816358655553","0.0000000001000000000000000","0.00000001292142857142857","0.000000009843527863100544","2273","tags=47%, list=18%, signal=39%","WDR70/SNRPG/SRRM1/SNRPA1/EIF4A3/SNRPC/LSM2/POLR2I/POLR2D/ISY1/PRP4K/CACTIN/MTREX/PCBP1/POLR2L/CCDC12/LUC7L3/PRPF38A/SNRPD2/PRPF40A/SF3B3/NCBP1/SNRNP40/SF3A3/GCFC2/PNN/RBM25/TXNL4A/PUF60/SF3B5/SNRNP35/POLR2F/YJU2/EFTUD2/PHF5A/CWC27/ACIN1/RNPS1/POLR2G/SRSF9/TCERG1/SNRPB/DDX46/RBM17/PDCD7/SRSF6/LSM6/U2SURP/MAGOHB/PRPF19/PPIL2/CHERP/CCAR1/YBX1/U2AF1/SRSF8/DHX9/SNRNP25/LSM5/SF1/PPIH/SNRPE/PPIL1/LSM7/PRPF31/LSM4/SNRPD3/PPWD1/HNRNPK/SNRPD1/SRSF10/DDX39B/DHX15/ALYREF/SNRPF/HNRNPF/SRRT/POLR2E/HNRNPA1/HNRNPR/SNRPA/U2AF2/SNRNP70/HNRNPU/TRA2B/RBM10/HNRNPL/HNRNPD/FUS/SRSF7/SRSF3/HNRNPH1/HNRNPA3/HNRNPA2B1/SRSF2/PTBP1/RBMX/SRSF1/HNRNPM",NA
"REACTOME_PROCESSING_OF_CAPPED_INTRON_CONTAINING_PRE_MRNA","REACTOME_PROCESSING_OF_CAPPED_INTRON_CONTAINING_PRE_MRNA","290","-0.5449303547964872","-2.556626212708699","0.0000000001000000000000000","0.00000001292142857142857","0.000000009843527863100544","2273","tags=44%, list=18%, signal=37%","WDR70/SNRPG/SRRM1/NUP85/SNRPA1/EIF4A3/SNRPC/LSM2/POLR2I/PPP1CA/NXT1/POLR2D/ISY1/PRP4K/CACTIN/MTREX/PCBP1/NUP43/POLR2L/NUP88/CCDC12/LUC7L3/PRPF38A/SEH1L/SNRPD2/PRPF40A/SF3B3/THOC1/NCBP1/SNRNP40/SF3A3/GCFC2/PAPOLA/PNN/CPSF1/RBM25/TXNL4A/PUF60/SF3B5/SNRNP35/POLR2F/NUP37/NUP54/YJU2/EFTUD2/PHF5A/CSTF2T/NUP107/CWC27/ACIN1/DDX39A/RNPS1/POLR2G/SRSF9/TCERG1/SNRPB/DDX46/RBM17/NUP35/PDCD7/SRSF6/SYMPK/LSM6/NDC1/U2SURP/MAGOHB/PRPF19/PPIL2/CHERP/THOC7/THOC6/CCAR1/YBX1/U2AF1/SRSF8/DHX9/SNRNP25/LSM5/SF1/PPIH/SNRPE/NUP62/PPIL1/LSM7/PRPF31/METTL3/LSM4/SNRPD3/PPWD1/NUP93/HNRNPK/SNRPD1/AAAS/SRSF10/DDX39B/DHX15/CHTOP/ALYREF/SNRPF/HNRNPF/SRRT/PABPN1/NUDT21/POLR2E/HNRNPA1/HNRNPR/SNRPA/CSTF2/U2AF2/SNRNP70/HNRNPU/TRA2B/RBM10/HNRNPL/HNRNPD/FUS/SRSF7/SRSF3/CPSF6/HNRNPH1/HNRNPA3/HNRNPA2B1/SRSF2/PTBP1/RBMX/SRSF1/HNRNPM",NA
"REACTOME_S_PHASE","REACTOME_S_PHASE","148","-0.5875066331436209","-2.533542393306428","0.0000000001000000000000000","0.00000001292142857142857","0.000000009843527863100544","2602","tags=56%, list=20%, signal=45%","CDC23/CKS1B/CCNE2/RAD21/ORC5/PSMD8/SEM1/PSMB5/AKT1/CDC25B/RFC3/MNAT1/CDCA5/POLA2/GINS1/ANAPC11/ESCO2/RBBP4/PSMA5/UBE2S/RFC4/PSMB7/RPA3/PSMB4/GINS4/ANAPC2/CDK4/UBE2E1/RFC2/GMNN/MYC/PCNA/PSMC5/PSMD14/POLE/ANAPC5/PSMD3/PSMA6/PSMD11/ORC2/GINS3/FEN1/PSMD6/MCM4/CCNA2/PSMC3/ANAPC15/MCM7/MCM5/E2F5/ORC1/PSMB3/PRIM1/DNA2/PSMD1/PSMA2/MCM6/PSMA7/AKT2/CDC25A/POLE2/MCM2/TFDP1/PSMB6/SMC1A/CDC6/E2F4/RFC5/RBX1/PSMA1/CDC45/E2F1/PSMA3/SKP2/LIG1/POLA1/POLD2/POLD1/PSMA4/PSMB2/MCM3/ANAPC7/GINS2",NA
"REACTOME_ORC1_REMOVAL_FROM_CHROMATIN","REACTOME_ORC1_REMOVAL_FROM_CHROMATIN","56","-0.6760467105521717","-2.530116772998404","0.0000000006925576237211610","0.00000006593877585850423","0.000000050232075643488055","1802","tags=55%, list=14%, signal=48%","PSMA5/PSMB7/PSMB4/PSMC5/PSMD14/PSMD3/PSMA6/PSMD11/ORC2/PSMD6/MCM4/CCNA2/PSMC3/MCM7/MCM5/ORC1/PSMB3/PSMD1/PSMA2/MCM6/PSMA7/MCM2/PSMB6/CDC6/RBX1/PSMA1/PSMA3/SKP2/PSMA4/PSMB2/MCM3","0.8012155746177786"
"REACTOME_DNA_STRAND_ELONGATION","REACTOME_DNA_STRAND_ELONGATION","32","-0.7589604674293094","-2.494565774151200","0.0000000147813893266780225","0.00000077294118299220226","0.000000588825610826439799","2082","tags=75%, list=16%, signal=63%","POLA2/GINS1/RFC4/RPA3/GINS4/RFC2/PCNA/GINS3/FEN1/MCM4/MCM7/MCM5/PRIM1/DNA2/MCM6/MCM2/RFC5/CDC45/LIG1/POLA1/POLD2/POLD1/MCM3/GINS2","0.7477396631498854"
"REACTOME_CHROMATIN_MODIFICATIONS_DURING_THE_MATERNAL_TO_ZYGOTIC_TRANSITION_MZT","REACTOME_CHROMATIN_MODIFICATIONS_DURING_THE_MATERNAL_TO_ZYGOTIC_TRANSITION_MZT","35","0.7523646517568903","2.484648400675856","0.0000000007391437812854319","0.00000006685555501726732","0.000000050930476841444501","997","tags=74%, list=8%, signal=69%","H4C8/H2BC5/H2AC19/H2AC18/H3C4/H2AC20/H4C12/H2BC6/H2AC6/H2BC21/H2BC12/H2BC17/H2BC11/KDM5B/KDM5A/H2BC4/H3C10/KDM6A/METTL23/KDM6B/H2BC15/H4C15/H4C14/H2BC12L/TET3/H2AC8","0.8012155746177786"
"REACTOME_RNA_POLYMERASE_II_TRANSCRIPTION_TERMINATION","REACTOME_RNA_POLYMERASE_II_TRANSCRIPTION_TERMINATION","66","-0.6455137678758540","-2.475299112941084","0.0000000009606470490926624","0.00000007899138690039211","0.000000060175538145856877","1616","tags=45%, list=12%, signal=40%","THOC1/NCBP1/PAPOLA/CPSF1/CSTF2T/DDX39A/RNPS1/SRSF9/SNRPB/SRSF6/SYMPK/MAGOHB/THOC7/THOC6/U2AF1/SNRPE/SNRPD3/DDX39B/CHTOP/ALYREF/SNRPF/PABPN1/NUDT21/CSTF2/U2AF2/SRSF7/SRSF3/CPSF6/SRSF2/SRSF1","0.7881868108002371"
"REACTOME_AMYLOID_FIBER_FORMATION","REACTOME_AMYLOID_FIBER_FORMATION","61","0.6695047925173870","2.473873117656335","0.0000000002267805653172769","0.00000002734973617726359","0.000000020834994259429541","1641","tags=49%, list=13%, signal=43%","H4C8/H2BC5/H2AC19/H2AC18/H3C4/H2AC20/H4C12/H2BC6/H2AC6/H2BC21/H2BC12/H2BC17/H2BC11/H2BC4/GSN/H3C10/H2BC15/APOE/H4C15/H4C14/H2BC12L/UBC/H2AC8/UBA52/MFGE8/H2BC8/NCSTN/H3C6/PRKN/BACE1","0.8266573011783021"
"REACTOME_CHOLESTEROL_BIOSYNTHESIS","REACTOME_CHOLESTEROL_BIOSYNTHESIS","27","-0.7948442265946644","-2.465858972177823","0.0000000007820413370857173","0.00000006736727518038393","0.000000051320304611331077","2013","tags=78%, list=16%, signal=66%","PMVK/IDI2/LBR/MVD/DHCR7/FDFT1/MSMO1/NSDHL/IDI1/HSD17B7/SQLE/FDPS/HMGCR/EBP/CYP51A1/LSS/SREBF2/HMGCS1/ACAT2/DHCR24/MVK","0.8012155746177786"
"REACTOME_SWITCHING_OF_ORIGINS_TO_A_POST_REPLICATIVE_STATE","REACTOME_SWITCHING_OF_ORIGINS_TO_A_POST_REPLICATIVE_STATE","77","-0.6404236216018020","-2.463050213704276","0.0000000001000000000000000","0.00000001292142857142857","0.000000009843527863100544","3044","tags=66%, list=23%, signal=51%","PSMC6/PSMD13/CDT1/CDK2/PSMD7/ANAPC4/CDC23/CCNE2/ORC5/PSMD8/SEM1/PSMB5/ANAPC11/PSMA5/UBE2S/PSMB7/PSMB4/ANAPC2/UBE2E1/GMNN/PSMC5/PSMD14/ANAPC5/PSMD3/PSMA6/PSMD11/ORC2/PSMD6/MCM4/CCNA2/PSMC3/ANAPC15/MCM7/MCM5/ORC1/PSMB3/PSMD1/PSMA2/MCM6/PSMA7/MCM2/PSMB6/CDC6/RBX1/PSMA1/PSMA3/SKP2/PSMA4/PSMB2/MCM3/ANAPC7",NA
"REACTOME_MITOCHONDRIAL_PROTEIN_IMPORT","REACTOME_MITOCHONDRIAL_PROTEIN_IMPORT","64","-0.6584657841776926","-2.448500117244131","0.0000000003856934176474451","0.00000004104231720730753","0.000000031265985085399650","3410","tags=67%, list=26%, signal=50%","CHCHD5/SAMM50/HSPA9/PMPCA/CHCHD10/TIMM8A/COA6/PMPCB/CS/IDH3G/CHCHD3/VDAC1/HSPD1/PAM16/TIMM23/CHCHD2/ATP5F1B/SLC25A13/COQ2/TIMM17B/CHCHD4/TIMM10/COA4/TOMM22/SLC25A6/TIMM50/TIMM8B/TAFAZZIN/SLC25A12/FXN/TOMM6/ATP5MC1/TIMM17A/MTX1/BCS1L/CYC1/ATP5F1A/MTX2/TOMM5/TOMM40/DNAJC19/NDUFB8/TIMM13","0.8140358378479079"
"REACTOME_ACTIVATION_OF_APC_C_AND_APC_C_CDC20_MEDIATED_DEGRADATION_OF_MITOTIC_PROTEINS","REACTOME_ACTIVATION_OF_APC_C_AND_APC_C_CDC20_MEDIATED_DEGRADATION_OF_MITOTIC_PROTEINS","62","-0.6489774665101085","-2.407526521471584","0.0000000014339271163660891","0.00000010375896614025021","0.000000079043448532188073","1965","tags=55%, list=15%, signal=47%","ANAPC11/PSMA5/UBE2S/PSMB7/BUB3/PSMB4/ANAPC2/UBE2E1/PSMC5/MAD2L1/PSMD14/PTTG1/ANAPC5/PSMD3/PSMA6/PSMD11/PSMD6/CCNA2/PSMC3/CCNB1/ANAPC15/PSMB3/PSMD1/PSMA2/PSMA7/PLK1/PSMB6/PSMA1/PSMA3/BUB1B/PSMA4/PSMB2/ANAPC7/CDC20","0.7881868108002371"
"REACTOME_SIRT1_NEGATIVELY_REGULATES_RRNA_EXPRESSION","REACTOME_SIRT1_NEGATIVELY_REGULATES_RRNA_EXPRESSION","35","0.7285123468848477","2.405877300765246","0.0000000132361605338753159","0.00000072558225472061962","0.000000552747639460432745","1538","tags=69%, list=12%, signal=61%","H4C8/H2BC5/H2AC19/H2AC18/H3C4/H2AC20/H4C12/H2BC6/H2AC6/H2BC21/H2BC12/H2BC17/H2BC11/H2BC4/H3C10/H2BC15/H4C15/H4C14/H2BC12L/H2AC8/TAF1D/H2BC8/SIRT1/H3C6","0.7477396631498854"
"REACTOME_ACTIVATED_PKN1_STIMULATES_TRANSCRIPTION_OF_AR_ANDROGEN_RECEPTOR_REGULATED_GENES_KLK2_AND_KLK3","REACTOME_ACTIVATED_PKN1_STIMULATES_TRANSCRIPTION_OF_AR_ANDROGEN_RECEPTOR_REGULATED_GENES_KLK2_AND_KLK3","31","0.7494929532833424","2.398597229819783","0.0000000253135642796777731","0.00000117415994312659223","0.000000894473552363981237","997","tags=68%, list=8%, signal=63%","H4C8/H2BC5/H2AC19/H2AC18/H3C4/H2AC20/H4C12/H2BC6/H2AC6/H2BC21/H2BC12/H2BC17/H2BC11/H2BC4/H3C10/H2BC15/H4C15/NCOA2/H4C14/H2BC12L/H2AC8","0.7337619883564803"
"REACTOME_RRNA_MODIFICATION_IN_THE_NUCLEUS_AND_CYTOSOL","REACTOME_RRNA_MODIFICATION_IN_THE_NUCLEUS_AND_CYTOSOL","60","-0.6440680757410302","-2.391779246995612","0.0000000046768097170707894","0.00000030215531350646635","0.000000230181533802028409","3372","tags=68%, list=26%, signal=51%","SNU13/WDR3/WDR46/FCF1/UTP15/NOP56/HEATR1/NOP14/NAT10/DCAF13/RPS7/NOP2/DDX47/UTP11/DDX49/WDR36/UTP14A/BUD23/WDR43/WDR75/TRMT112/RRP9/DHX37/RCL1/PWP2/TSR3/RRP36/DIMT1/IMP4/IMP3/UTP20/FBL/NHP2/UTP18/NOL11/TBL3/RRP7A/NOP58/DKC1/NOC4L/GAR1","0.7614608014455848"
"REACTOME_ACTIVATION_OF_THE_PRE_REPLICATIVE_COMPLEX","REACTOME_ACTIVATION_OF_THE_PRE_REPLICATIVE_COMPLEX","32","-0.7271639381258358","-2.390056333750566","0.0000002706790973197132138","0.00000868148499714103047","0.000006613544237005301299","3205","tags=81%, list=25%, signal=61%","RPA1/ORC6/CDT1/CDK2/PRIM2/POLE4/ORC5/POLA2/RPA3/GMNN/POLE/ORC2/MCM4/MCM10/CDC7/MCM7/MCM5/ORC1/PRIM1/MCM6/POLE2/MCM2/CDC6/CDC45/POLA1/MCM3","0.6749628600110250"
"REACTOME_APC_C_MEDIATED_DEGRADATION_OF_CELL_CYCLE_PROTEINS","REACTOME_APC_C_MEDIATED_DEGRADATION_OF_CELL_CYCLE_PROTEINS","73","-0.6175932648179558","-2.389595778206160","0.0000000015703676755229662","0.00000010926135096234792","0.000000083235158296353278","3044","tags=64%, list=23%, signal=50%","PSMC6/PSMD13/CDK2/PSMD7/ANAPC4/CDC23/PSMD8/SEM1/PSMB5/AURKA/FBXO5/ANAPC11/PSMA5/UBE2S/PSMB7/BUB3/PSMB4/ANAPC2/UBE2E1/PSMC5/MAD2L1/PSMD14/PTTG1/ANAPC5/PSMD3/PSMA6/PSMD11/PSMD6/CCNA2/PSMC3/CCNB1/ANAPC15/AURKB/PSMB3/PSMD1/PSMA2/PSMA7/PLK1/PSMB6/PSMA1/PSMA3/SKP2/BUB1B/PSMA4/PSMB2/ANAPC7/CDC20","0.7881868108002371"
"REACTOME_CRISTAE_FORMATION","REACTOME_CRISTAE_FORMATION","33","-0.7116779782336042","-2.372010991378429","0.0000002847609764843074561","0.00000873106112644257974","0.000006651311269297963603","2601","tags=79%, list=20%, signal=63%","ATP5MJ/CHCHD3/CHCHD6/ATP5MG/DMAC2L/ATP5F1B/ATP5PO/ATP5MK/ATP5PD/APOO/MICOS13/ATP5ME/DNAJC11/ATP5MC1/IMMT/MICOS10/ATP5PF/MTX1/APOOL/ATP5F1A/MTX2/ATP5MC3/ATP5F1D/ATP5MF/ATP5F1C/ATP5PB","0.6749628600110250"
"REACTOME_PROTEASOME_ASSEMBLY","REACTOME_PROTEASOME_ASSEMBLY","49","-0.6696667842104506","-2.370774584783488","0.0000000109793545161709996","0.00000062067663499229178","0.000000472830671682197561","3044","tags=67%, list=23%, signal=52%","PSMC6/PSME2/PSMD13/PSMD7/PSMG3/PSMD8/SEM1/PSMB5/PSMA5/PSMB7/PSMB4/PSME1/PSMC5/PSMD14/PSMD3/PSMD4/PSMA6/PSMD11/PSMD6/PSMB10/PSMC3/PSMB3/PSMD1/PSMA2/PSMA7/PSMB6/PSMG1/PSMA1/PSMA3/PSMD9/PSMA4/PSME3/PSMB2","0.7477396631498854"
"REACTOME_REGULATION_OF_ORNITHINE_DECARBOXYLASE_ODC","REACTOME_REGULATION_OF_ORNITHINE_DECARBOXYLASE_ODC","37","-0.7061405443037835","-2.356955044528316","0.0000000319635006328095736","0.00000144554931611881302","0.000001101217631784525138","3051","tags=76%, list=24%, signal=58%","OAZ3/PSMC6/PSMD13/PSMD7/PSMD8/SEM1/PSMB5/NQO1/PSMA5/PSMB7/PSMB4/PSMC5/PSMD14/PSMD3/PSMA6/PSMD11/PSMD6/PSMC3/PSMB3/PSMD1/PSMA2/PSMA7/OAZ1/PSMB6/PSMA1/PSMA3/PSMA4/PSMB2","0.7195128263389107"
"REACTOME_REGULATION_OF_PD_L1_CD274_TRANSCRIPTION","REACTOME_REGULATION_OF_PD_L1_CD274_TRANSCRIPTION","69","0.6104071141330198","2.339832460450137","0.0000000083292921922302828","0.00000048605450244337359","0.000000370275702205723952","1728","tags=51%, list=13%, signal=44%","ATF3/H4C8/KMT2C/H2BC5/H2AC19/H2AC18/H3C4/H2AC20/H4C12/H2BC6/H2AC6/H2BC21/H2BC12/H2BC17/H2BC11/H2BC4/H3C10/IRF1/RELA/H2BC15/EPAS1/KMT2A/H4C15/H4C14/H2BC12L/RBBP5/H2AC8/NFKB2/FOSB/H2BC8/H3C6/BRD4/STAT1/CREBBP/STAT3","0.7477396631498854"
"REACTOME_MITOTIC_METAPHASE_AND_ANAPHASE","REACTOME_MITOTIC_METAPHASE_AND_ANAPHASE","218","-0.5178022173499931","-2.339204991719045","0.0000000001000000000000000","0.00000001292142857142857","0.000000009843527863100544","2606","tags=50%, list=20%, signal=40%","ZW10/CDC23/RAD21/PPP2R1B/TUBA1C/PSMD8/SEM1/ERCC6L/RCC1/PSMB5/TUBA1A/SPDL1/NUP155/NDE1/NUP85/CDCA5/FBXO5/KNTC1/ANAPC11/CENPU/NDC80/TUBB8/CDCA8/PSMA5/UBE2S/NUP43/NUF2/UBE2I/PSMB7/RCC2/SEH1L/BUB3/PSMB4/ANAPC2/UBE2E1/LBR/SKA2/EMD/DYNC1LI1/BUB1/PSMC5/SUMO1/MAD2L1/SKA1/SPC25/CENPK/PSMD14/CENPM/PTTG1/XPO1/CENPO/PPP1CC/ANAPC5/NUP37/PSMD3/NUP54/PSMA6/NUP107/PSMD11/NUP35/TUBA1B/BANF1/ITGB3BP/KIF2C/NDC1/PSMD6/CENPF/B9D2/PSMC3/SPC24/CENPE/CENPI/CCNB1/ANAPC15/AURKB/VRK1/CENPN/PSMB3/ESPL1/PSMD1/PSMA2/NUP62/HDAC8/CHMP6/PSMA7/KNL1/PMF1/CENPH/PLK1/PSMB6/TMPO/CENPS/CCNB2/SMC1A/NUP93/NSL1/ZWILCH/PSMA1/LMNB1/ZWINT/PSMA3/BUB1B/BIRC5/PSMA4/PSMB2/ANAPC7/CDC20/RAN",NA
"REACTOME_EXTENSION_OF_TELOMERES","REACTOME_EXTENSION_OF_TELOMERES","50","-0.6527954174915594","-2.334615453580694","0.0000000416291514247834565","0.00000179302702208174440","0.000001365925706556958670","2384","tags=58%, list=18%, signal=48%","RFC3/WRN/POLA2/TEN1/PIF1/RFC4/RPA3/ACD/RFC2/PCNA/BLM/TERF1/FEN1/RTEL1/CCNA2/DSCC1/RUVBL1/PRIM1/DNA2/NHP2/RFC5/LIG1/POLA1/DKC1/POLD2/POLD1/GAR1/RUVBL2/CHTF18","0.7195128263389107"
"REACTOME_APC_C_CDH1_MEDIATED_DEGRADATION_OF_CDC20_AND_OTHER_APC_C_CDH1_TARGETED_PROTEINS_IN_LATE_MITOSIS_EARLY_G1","REACTOME_APC_C_CDH1_MEDIATED_DEGRADATION_OF_CDC20_AND_OTHER_APC_C_CDH1_TARGETED_PROTEINS_IN_LATE_MITOSIS_EARLY_G1","60","-0.6283773017305718","-2.333510767216772","0.0000000188514087641096283","0.00000092168103930471136","0.000000702135444322960166","3044","tags=67%, list=23%, signal=51%","PSMC6/PSMD13/PSMD7/ANAPC4/CDC23/PSMD8/SEM1/PSMB5/AURKA/ANAPC11/PSMA5/UBE2S/PSMB7/PSMB4/ANAPC2/UBE2E1/PSMC5/PSMD14/PTTG1/ANAPC5/PSMD3/PSMA6/PSMD11/PSMD6/PSMC3/ANAPC15/AURKB/PSMB3/PSMD1/PSMA2/PSMA7/PLK1/PSMB6/PSMA1/PSMA3/SKP2/PSMA4/PSMB2/ANAPC7/CDC20","0.7337619883564803"
"REACTOME_MRNA_SPLICING_MINOR_PATHWAY","REACTOME_MRNA_SPLICING_MINOR_PATHWAY","50","-0.6510450021300185","-2.328355380909012","0.0000000488872228244744855","0.00000200993150203350793","0.000001531163263707379964","2255","tags=54%, list=17%, signal=45%","SNRPG/POLR2I/POLR2D/POLR2L/SNRPD2/SF3B3/NCBP1/SNRNP40/TXNL4A/SF3B5/SNRNP35/POLR2F/EFTUD2/POLR2G/SNRPB/PDCD7/SRSF6/YBX1/SNRNP25/SNRPE/SNRPD3/SNRPD1/SNRPF/POLR2E/SRSF7/SRSF2/SRSF1","0.7195128263389107"
"REACTOME_AEROBIC_RESPIRATION_AND_RESPIRATORY_ELECTRON_TRANSPORT","REACTOME_AEROBIC_RESPIRATION_AND_RESPIRATORY_ELECTRON_TRANSPORT","247","-0.5116124145850813","-2.327884541373590","0.0000000001000000000000000","0.00000001292142857142857","0.000000009843527863100544","2780","tags=55%, list=21%, signal=44%","NDUFB9/COA3/GSTZ1/SLC25A14/SUCLG1/UQCC1/CS/DLST/ATP5MJ/COX7A2/UQCC3/COXFA4/PET100/SDHD/LDHB/IDH3G/L2HGDH/NDUFA1/SLC25A22/SCO1/COX8A/ATP5MG/NDUFAF4/ECSIT/SDHAF3/TMEM126A/FAHD1/IDH3B/NDUFS5/VDAC1/UQCRHL/CMC1/ISCA2/NDUFA8/ETFDH/NDUFA6/NDUFA7/MDH2/DMAC2L/DMAC2/HAGH/COX4I1/UQCRH/NDUFA10/NDUFV1/UQCRC2/KGD4/LYRM4/NDUFB11/ATP5F1B/SLC25A13/IDH2/COX5A/SFXN4/ATP5PO/NDUFS1/PDP2/PKM/CYCS/SDHB/ATP5MK/NDUFB2/UQCR11/IDH3A/NDUFV2/NDUFS3/NDUFAF5/NDUFA5/NDUFA12/TMEM177/TMEM223/NDUFB6/COX11/ATP5PD/ETFB/MDH1/D2HGDH/LYRM7/TMEM126B/UQCR10/GOT2/TACO1/UQCRQ/NDUFS8/NDUFC1/NDUFB7/ETFA/DLAT/SUCLG2/NDUFA13/TRAP1/ARMC8/SLC25A12/COX18/ACAT1/NDUFA3/SLC25A11/FOXRED1/ATP5ME/FXN/DLD/TMEM186/TTC19/UQCC2/NDUFA11/NDUFS6/ACAD9/ATP5MC1/DMAC1/ATP5PF/NDUFB10/BCS1L/NUBPL/NDUFAF3/NDUFA9/PGAM5/CYC1/ATP5F1A/ATP5MC3/ATP5F1D/NDUFS2/PDHB/NDUFS7/ATP5MF/NDUFB1/COX7B/UQCRC1/RMND5B/UQCRFS1/NDUFB8/SDHC/NDUFAB1/ATP5F1C/PDHA1/ATP5PB/FH",NA
"REACTOME_CROSS_PRESENTATION_OF_SOLUBLE_EXOGENOUS_ANTIGENS_ENDOSOMES","REACTOME_CROSS_PRESENTATION_OF_SOLUBLE_EXOGENOUS_ANTIGENS_ENDOSOMES","36","-0.7010651470917423","-2.319952553038946","0.0000001964291167761255052","0.00000646073222269110946","0.000004921777595916418685","3044","tags=78%, list=23%, signal=60%","PSMC6/PSME2/PSMD13/PSMD7/PSMD8/SEM1/PSMB5/PSMA5/PSMB7/PSMB4/PSME1/PSMC5/PSMD14/PSMD3/PSMA6/PSMD11/PSMD6/PSMB10/PSMC3/PSMB3/PSMD1/PSMA2/PSMA7/PSMB6/PSMA1/PSMA3/PSMA4/PSMB2","0.6901324587967956"
"REACTOME_METABOLISM_OF_POLYAMINES","REACTOME_METABOLISM_OF_POLYAMINES","45","-0.6755105373211310","-2.315480612663843","0.0000000332681135827042096","0.00000146785408466126639","0.000001118209376111706141","3051","tags=71%, list=24%, signal=55%","OAZ3/PSMC6/PSMD13/PSMD7/PSMD8/SEM1/PSMB5/NQO1/PSMA5/PSMB7/PSMB4/AGMAT/SMS/PSMC5/PSMD14/PSMD3/PSMA6/AMD1/PSMD11/PSMD6/PSMC3/SRM/PSMB3/PSMD1/PSMA2/PSMA7/OAZ1/PSMB6/PSMA1/PSMA3/PSMA4/PSMB2","0.7195128263389107"
"REACTOME_ASSEMBLY_OF_THE_ORC_COMPLEX_AT_THE_ORIGIN_OF_REPLICATION","REACTOME_ASSEMBLY_OF_THE_ORC_COMPLEX_AT_THE_ORIGIN_OF_REPLICATION","36","0.6983915256557068","2.315375328816351","0.0000001084767955293680469","0.00000377374082908897716","0.000002874830967327832438","997","tags=58%, list=8%, signal=54%","H4C8/H2BC5/H2AC19/H2AC18/H3C4/H2AC20/H4C12/H2BC6/H2AC6/H2BC21/H2BC12/H2BC17/H2BC11/H2BC4/H3C10/H2BC15/H4C15/H4C14/H2BC12L/KPNA1/H2AC8","0.7049757151672383"
"REACTOME_ACTIVATION_OF_ATR_IN_RESPONSE_TO_REPLICATION_STRESS","REACTOME_ACTIVATION_OF_ATR_IN_RESPONSE_TO_REPLICATION_STRESS","37","-0.6926018600730487","-2.311765640873031","0.0000000954388635474359689","0.00000345297808314623349","0.000002630474315145142647","3278","tags=78%, list=25%, signal=59%","RAD1/RPA1/ORC6/ATRIP/CDK2/RAD9A/ORC5/CDC25C/RFC3/ATR/RFC4/RPA3/RFC2/CHEK1/ORC2/MCM4/MCM10/CDC7/MCM7/MCM5/ORC1/CLSPN/MCM6/CDC25A/MCM2/CDC6/RFC5/CDC45/MCM3","0.7049757151672383"
"REACTOME_REGULATION_OF_ENDOGENOUS_RETROELEMENTS_BY_THE_HUMAN_SILENCING_HUB_HUSH_COMPLEX","REACTOME_REGULATION_OF_ENDOGENOUS_RETROELEMENTS_BY_THE_HUMAN_SILENCING_HUB_HUSH_COMPLEX","38","0.6874059652312683","2.308965016692966","0.0000002797464471988650480","0.00000872519522384046426","0.000006646842632150997280","1538","tags=63%, list=12%, signal=56%","H4C8/H2BC5/H2AC19/H2AC18/H3C4/H2AC20/H4C12/H2BC6/H2AC6/H2BC21/H2BC12/H2BC17/H2BC11/H2BC4/H3C10/H2BC15/H4C15/H4C14/H2BC12L/H2AC8/ATF7IP/RBM7/H2BC8/H3C6","0.6749628600110250"
"REACTOME_SEPARATION_OF_SISTER_CHROMATIDS","REACTOME_SEPARATION_OF_SISTER_CHROMATIDS","173","-0.5234761155218570","-2.288451370519893","0.0000000001000000000000000","0.00000001292142857142857","0.000000009843527863100544","2606","tags=51%, list=20%, signal=41%","ZW10/CDC23/RAD21/PPP2R1B/TUBA1C/PSMD8/SEM1/ERCC6L/PSMB5/TUBA1A/SPDL1/NDE1/NUP85/CDCA5/KNTC1/ANAPC11/CENPU/NDC80/TUBB8/CDCA8/PSMA5/UBE2S/NUP43/NUF2/PSMB7/RCC2/SEH1L/BUB3/PSMB4/ANAPC2/UBE2E1/SKA2/DYNC1LI1/BUB1/PSMC5/MAD2L1/SKA1/SPC25/CENPK/PSMD14/CENPM/PTTG1/XPO1/CENPO/PPP1CC/ANAPC5/NUP37/PSMD3/PSMA6/NUP107/PSMD11/TUBA1B/ITGB3BP/KIF2C/PSMD6/CENPF/B9D2/PSMC3/SPC24/CENPE/CENPI/ANAPC15/AURKB/CENPN/PSMB3/ESPL1/PSMD1/PSMA2/HDAC8/PSMA7/KNL1/PMF1/CENPH/PLK1/PSMB6/CENPS/SMC1A/NSL1/ZWILCH/PSMA1/ZWINT/PSMA3/BUB1B/BIRC5/PSMA4/PSMB2/ANAPC7/CDC20",NA
"REACTOME_DISEASES_OF_DNA_REPAIR","REACTOME_DISEASES_OF_DNA_REPAIR","51","-0.6291426722875003","-2.281295239300559","0.0000002735459617672961481","0.00000868148499714103047","0.000006613544237005301299","3278","tags=63%, list=25%, signal=47%","RAD1/RPA1/TOP3A/ATRIP/RHNO1/RAD51B/MUTYH/RAD9A/SEM1/RFC3/WRN/BARD1/ATR/RMI2/RBBP8/NBN/RAD51AP1/RFC4/RPA3/BRCA1/RFC2/BLM/EXO1/MSH2/XRCC2/RAD51/NTHL1/DNA2/NEIL3/RFC5/BRIP1/OGG1","0.6749628600110250"
"REACTOME_CDK_MEDIATED_PHOSPHORYLATION_AND_REMOVAL_OF_CDC6","REACTOME_CDK_MEDIATED_PHOSPHORYLATION_AND_REMOVAL_OF_CDC6","58","-0.6186272076345722","-2.281012566493527","0.0000000790766877980285080","0.00000291938220870680727","0.000002223981656175989477","3044","tags=66%, list=23%, signal=50%","PSMC6/PSMD13/CDK2/PSMD7/ANAPC4/CDC23/CCNE2/PSMD8/SEM1/PSMB5/ANAPC11/PSMA5/UBE2S/PSMB7/PSMB4/ANAPC2/UBE2E1/PSMC5/PSMD14/ANAPC5/PSMD3/PSMA6/PSMD11/PSMD6/CCNA2/PSMC3/ANAPC15/PSMB3/PSMD1/PSMA2/PSMA7/PSMB6/CDC6/PSMA1/PSMA3/PSMA4/PSMB2/ANAPC7","0.7049757151672383"
"REACTOME_REGULATION_OF_ENDOGENOUS_RETROELEMENTS_BY_KRAB_ZFP_PROTEINS","REACTOME_REGULATION_OF_ENDOGENOUS_RETROELEMENTS_BY_KRAB_ZFP_PROTEINS","66","0.5970871511469965","2.269025945745359","0.0000001062893045026970050","0.00000377014415383095847","0.000002872091024687502385","1538","tags=44%, list=12%, signal=39%","H4C8/H2BC5/H2AC19/H2AC18/ZNF317/ZNF425/H3C4/H2AC20/H4C12/H2BC6/ZNF136/H2AC6/H2BC21/H2BC12/H2BC17/H2BC11/H2BC4/H3C10/GATAD2B/H2BC15/H4C15/H4C14/H2BC12L/H2AC8/ATF7IP/ZNF224/H2BC8/ZNF778/H3C6","0.7049757151672383"
"REACTOME_MITOTIC_G1_PHASE_AND_G1_S_TRANSITION","REACTOME_MITOTIC_G1_PHASE_AND_G1_S_TRANSITION","136","-0.5331356209124869","-2.256669579680636","0.0000000002688156240079508","0.00000003039296648939894","0.000000023153323243391456","2596","tags=51%, list=20%, signal=42%","CKS1B/CCNE2/PPP2R1B/ORC5/PSMD8/SEM1/PSMB5/AKT1/MNAT1/FBXO5/POLA2/RBBP4/HDAC1/PSMA5/TYMS/PSMB7/RPA3/PSMB4/CDK4/GMNN/RBL1/MYC/PCNA/PSMC5/PSMD14/POLE/PSMD3/PPP2R3B/PSMA6/PSMD11/MYBL2/DHFR/RRM2/ORC2/PSMD6/MCM4/CCNA2/MCM10/PSMC3/CDC7/E2F2/CCNB1/MCM7/MCM5/E2F5/ORC1/PSMB3/PRIM1/PSMD1/PSMA2/TK1/MCM6/PSMA7/AKT2/CDC25A/POLE2/MCM2/TFDP1/PSMB6/CDC6/E2F4/PSMA1/CDC45/E2F1/PSMA3/SKP2/POLA1/PSMA4/PSMB2/MCM3","0.8140358378479079"
"REACTOME_SOMITOGENESIS","REACTOME_SOMITOGENESIS","40","-0.6656758501948697","-2.253008182166711","0.0000003956863979713901137","0.00001173437203164335595","0.000008939229699793076262","3044","tags=62%, list=23%, signal=48%","PSMC6/PSMD13/PSMD7/PSMD8/SEM1/PSMB5/PSMA5/PSMB7/PSMB4/PSMC5/PSMD14/PSMD3/PSMA6/PSMD11/PSMD6/PSMC3/PSMB3/PSMD1/PSMA2/PSMA7/PSMB6/PSMA1/PSMA3/PSMA4/PSMB2","0.6749628600110250"
"REACTOME_DNA_DAMAGE_TELOMERE_STRESS_INDUCED_SENESCENCE","REACTOME_DNA_DAMAGE_TELOMERE_STRESS_INDUCED_SENESCENCE","51","0.6234109850215592","2.252153829847680","0.0000011851133402353190885","0.00002977597267341239355","0.000022683298138547113791","997","tags=43%, list=8%, signal=40%","H4C8/H2BC5/H2AC19/H2AC18/H2AC20/H4C12/H2BC6/H2AC6/H1-2/UBN1/H2BC21/CDKN1A/H2BC12/H2BC17/H2BC11/H2BC4/TERF2IP/H2BC15/H4C15/H4C14/H2BC12L/H2AC8","0.6435518361507222"
"REACTOME_RESOLUTION_OF_D_LOOP_STRUCTURES","REACTOME_RESOLUTION_OF_D_LOOP_STRUCTURES","36","-0.6776616301460535","-2.242506043091225","0.0000012356130824909658074","0.00003061950775652269921","0.000023325902092761534404","2818","tags=64%, list=22%, signal=50%","MUS81/RAD51B/SPIDR/SEM1/FIGNL1/WRN/BARD1/XRCC3/SLX1B/RMI2/RBBP8/NBN/RAD51AP1/BRCA1/FIRRM/BLM/EXO1/EME1/XRCC2/RTEL1/RAD51/DNA2/BRIP1","0.6435518361507222"
"REACTOME_TRANSCRIPTIONAL_REGULATION_OF_GRANULOPOIESIS","REACTOME_TRANSCRIPTIONAL_REGULATION_OF_GRANULOPOIESIS","52","0.6357598469345755","2.240791522964830","0.0000001307973520040366244","0.00000446438509010004295","0.000003400962887585105662","997","tags=48%, list=8%, signal=45%","H4C8/H2BC5/H2AC19/H2AC18/H3C4/H2AC20/H4C12/H2BC6/H2AC6/H2BC21/CDKN1A/H2BC12/H2BC17/H2BC11/H2BC4/H3C10/H2BC15/RARA/KMT2A/H4C15/H4C14/H2BC12L/PML/IL6R/H2AC8","0.6901324587967956"
"REACTOME_MITOCHONDRIAL_PROTEIN_DEGRADATION","REACTOME_MITOCHONDRIAL_PROTEIN_DEGRADATION","97","-0.5521123880544787","-2.240777200863076","0.0000000072210317394589818","0.00000043542821388937661","0.000000331708659929256715","2500","tags=58%, list=19%, signal=47%","MICU2/NADK2/ATP5MG/ACAD8/SMDT1/HSPD1/PCCB/LONP1/MDH2/COX4I1/CHCHD2/NDUFV1/FECH/UQCRC2/STARD7/ALDH1B1/ATP5F1B/IDH2/COX5A/ATP5PO/NDUFS1/ALDH2/SHMT2/ECI1/DBT/GLUD1/OXSM/TIMM10/IDH3A/NDUFS3/PRELID1/NDUFB6/SLC25A6/ATP5PD/CLPP/IARS2/OPA1/ECH1/UQCRQ/SUCLG2/NDUFA13/ACAT1/DLD/HSD17B10/ATP5PF/TIMM17A/HADH/ATP5F1A/SLC25A5/PDHB/SSBP1/TFAM/MRPL12/ATP5F1C/PDHA1/FH","0.7614608014455848"
"REACTOME_TRNA_PROCESSING","REACTOME_TRNA_PROCESSING","112","-0.5470908701821264","-2.238154773209397","0.0000000019761906183553216","0.00000013240477142980656","0.000000100865786594110751","3114","tags=58%, list=24%, signal=44%","ALKBH8/RPP30/TRMU/TRMT5/NUP210/SEC13/RTRAF/OSGEPL1/CDKAL1/NUP42/RPP40/TRMT1/NUP133/POP7/CPSF4/GTPBP3/TRMT61A/NUP155/RPP21/URM1/NUP85/ELAC2/POP5/NUP43/NUP88/NSUN2/SEH1L/TRMT11/TRMT112/GON7/DUS2/CPSF1/PRORP/ADAT2/OSGEP/TRDMT1/NUP37/NUP54/NUP107/POP4/NUP35/NDC1/TRMT10C/WDR4/CTU2/TRNT1/ADAT3/DDX1/HSD17B10/CTU1/TSEN2/TRIT1/NUP62/QTRT2/NUP93/QTRT1/POP1/AAAS/METTL1/TSEN15/FAM98B/PUS1/PUS7/CSTF2/RAN","0.7749390301364363"
"REACTOME_RESPIRATORY_ELECTRON_TRANSPORT","REACTOME_RESPIRATORY_ELECTRON_TRANSPORT","153","-0.5231853171498966","-2.238133002501280","0.0000000001000000000000000","0.00000001292142857142857","0.000000009843527863100544","2845","tags=60%, list=22%, signal=47%","UQCC6/COX20/NDUFB9/COA3/UQCC1/COX7A2/UQCC3/COXFA4/PET100/SDHD/NDUFA1/SLC25A22/SCO1/COX8A/NDUFAF4/ECSIT/TMEM126A/NDUFS5/UQCRHL/CMC1/NDUFA8/ETFDH/NDUFA6/NDUFA7/MDH2/DMAC2/COX4I1/UQCRH/NDUFA10/NDUFV1/UQCRC2/LYRM4/NDUFB11/SLC25A13/COX5A/SFXN4/NDUFS1/CYCS/SDHB/NDUFB2/UQCR11/NDUFV2/NDUFS3/NDUFAF5/NDUFA5/NDUFA12/TMEM177/TMEM223/NDUFB6/COX11/ETFB/MDH1/LYRM7/TMEM126B/UQCR10/GOT2/TACO1/UQCRQ/NDUFS8/NDUFC1/NDUFB7/ETFA/NDUFA13/TRAP1/SLC25A12/COX18/NDUFA3/SLC25A11/FOXRED1/FXN/TMEM186/TTC19/UQCC2/NDUFA11/NDUFS6/ACAD9/DMAC1/NDUFB10/BCS1L/NUBPL/NDUFAF3/NDUFA9/CYC1/NDUFS2/NDUFS7/NDUFB1/COX7B/UQCRC1/UQCRFS1/NDUFB8/SDHC/NDUFAB1",NA
"REACTOME_TRANSPORT_OF_MATURE_TRANSCRIPT_TO_CYTOPLASM","REACTOME_TRANSPORT_OF_MATURE_TRANSCRIPT_TO_CYTOPLASM","81","-0.5744347709643947","-2.234164680822522","0.0000000479409578066186182","0.00000200993150203350793","0.000001531163263707379964","2922","tags=56%, list=23%, signal=43%","NUP210/SEC13/RBM8A/NUP42/NUP133/CPSF4/THOC3/THOC2/UPF3B/NUP155/SRRM1/NUP85/EIF4A3/NXT1/NUP43/NUP88/SEH1L/THOC1/NCBP1/CPSF1/NUP37/NUP54/NUP107/DDX39A/RNPS1/SRSF9/NUP35/SRSF6/SYMPK/NDC1/MAGOHB/THOC7/THOC6/U2AF1/NUP62/NUP93/AAAS/DDX39B/CHTOP/ALYREF/U2AF2/SRSF7/SRSF3/SRSF2/SRSF1","0.7195128263389107"
"REACTOME_PRC2_METHYLATES_HISTONES_AND_DNA","REACTOME_PRC2_METHYLATES_HISTONES_AND_DNA","42","0.6446975317559476","2.233923237032577","0.0000006166251120871745004","0.00001690113375402573805","0.000012875262213158541100","997","tags=52%, list=8%, signal=49%","PHF1/H4C8/H2BC5/H2AC19/H2AC18/H3C4/H2AC20/H4C12/H2BC6/H2AC6/H2BC21/H2BC12/H2BC17/H2BC11/H2BC4/H3C10/JARID2/H2BC15/H4C15/H4C14/H2BC12L/H2AC8","0.6594443980379349"
"REACTOME_HDMS_DEMETHYLATE_HISTONES","REACTOME_HDMS_DEMETHYLATE_HISTONES","28","0.7102516440460866","2.230756434291173","0.0000028580590455890654508","0.00006462786016838274576","0.000049233421736874394162","871","tags=54%, list=7%, signal=50%","H4C8/KDM3A/H3C4/H4C12/KDM5B/KDM5A/KDM2A/H3C10/KDM4B/KDM6A/JMJD6/KDM6B/H4C15/H4C14/KDM4D","0.6272567397185284"
"REACTOME_HDACS_DEACETYLATE_HISTONES","REACTOME_HDACS_DEACETYLATE_HISTONES","57","0.6004898745561452","2.230670590442631","0.0000006375022606476350156","0.00001721256103748614627","0.000013112507121887179899","1538","tags=47%, list=12%, signal=42%","H4C8/H2BC5/H2AC19/H2AC18/H3C4/H2AC20/H4C12/H2BC6/H2AC6/H2BC21/H2BC12/H2BC17/H2BC11/H2BC4/H3C10/GATAD2B/H2BC15/H2BC18/H4C15/H4C14/PHF21A/H2AC8/ARID4B/H2AC13/ARID4A/H2BC8/H3C6","0.6594443980379349"
"REACTOME_MITOCHONDRIAL_TRANSLATION","REACTOME_MITOCHONDRIAL_TRANSLATION","113","-0.5375578221307669","-2.228422590025064","0.0000000053466905763124015","0.00000033352287077755636","0.000000254077299064246554","2367","tags=54%, list=18%, signal=45%","MALSU1/MTFMT/MRPL13/MTRES1/MRPS17/TUFM/MRPS9/MRPS18C/MRPL53/KGD4/MRPL21/MRPL9/MRPS5/MRPL28/MRPS12/MRPL2/MRPL48/MRPS23/MRPS24/MRPS35/MRPL15/MRPL23/MRPL14/MRPL39/ERAL1/TSFM/MRPL58/MRPL57/MRPL27/MRPS22/MRPS14/MRPS18A/MRPL47/MRPL46/MRPL1/MRPS11/MRPL42/MRPL43/MRPL22/MRPS27/MRPS16/MRPS26/MRPS7/PTCD3/MRPL52/MRPL30/MRPL20/MRPS28/MRPL38/MRPL4/MRPL11/MRPS15/MRPL35/MRPL24/GADD45GIP1/MRPS34/NDUFAB1/MRPL12/MRPL3/MRPL19/MRPL16","0.7614608014455848"
"REACTOME_ANTIGEN_PROCESSING_UB_ATP_INDEPENDENT_PROTEASOMAL_DEGRADATION","REACTOME_ANTIGEN_PROCESSING_UB_ATP_INDEPENDENT_PROTEASOMAL_DEGRADATION","18","-0.7780656938859083","-2.214618767804883","0.0000038669548242586076456","0.00008134094508237000578","0.000061965428582694108157","1802","tags=78%, list=14%, signal=67%","PSMA5/PSMB7/PSMB4/PSME1/PSMA6/PSMB10/PSMB3/PSMA2/PSMA7/PSMB6/PSMA1/PSMA3/PSMA4/PSMB2","0.6105268783859310"
"REACTOME_AUF1_HNRNP_D0_BINDS_AND_DESTABILIZES_MRNA","REACTOME_AUF1_HNRNP_D0_BINDS_AND_DESTABILIZES_MRNA","41","-0.6367243675629417","-2.213115807872835","0.0000037834555565270649793","0.00008052083649126424406","0.000061340670900314624744","1802","tags=51%, list=14%, signal=44%","PSMA5/PSMB7/PSMB4/PSMC5/PSMD14/PSMD3/PSMA6/PSMD11/EIF4G1/PSMD6/PSMC3/PSMB3/PSMD1/PSMA2/PSMA7/PSMB6/PSMA1/PSMA3/PSMA4/PSMB2/HNRNPD","0.6272567397185284"
"REACTOME_HOMOLOGOUS_DNA_PAIRING_AND_STRAND_EXCHANGE","REACTOME_HOMOLOGOUS_DNA_PAIRING_AND_STRAND_EXCHANGE","43","-0.6446998687240527","-2.206919108579894","0.0000008318644507952340582","0.00002149775416412254744","0.000016376961799451433078","3278","tags=67%, list=25%, signal=51%","RAD1/RPA1/TOP3A/ATRIP/RHNO1/RAD51B/RAD9A/SEM1/RFC3/WRN/BARD1/ATR/XRCC3/RMI2/RBBP8/NBN/RAD51AP1/RFC4/RPA3/BRCA1/RFC2/CHEK1/BLM/EXO1/XRCC2/RAD51/DNA2/RFC5/BRIP1","0.6594443980379349"
"REACTOME_FGFR2_ALTERNATIVE_SPLICING","REACTOME_FGFR2_ALTERNATIVE_SPLICING","27","-0.7065448722486043","-2.191926360143168","0.0000020376409288991932412","0.00004850121632077158669","0.000036948164950077095096","2097","tags=52%, list=16%, signal=44%","POLR2I/POLR2D/POLR2L/NCBP1/TIA1/POLR2F/POLR2G/TIAL1/HNRNPF/POLR2E/HNRNPA1/HNRNPH1/PTBP1/HNRNPM","0.6272567397185284"
"REACTOME_DNA_METHYLATION","REACTOME_DNA_METHYLATION","31","0.6845398210327631","2.190728159934800","0.0000036603390134926321240","0.00007882801518343061497","0.000060051081779514466779","997","tags=65%, list=8%, signal=60%","H4C8/H2BC5/H2AC19/H2AC18/H3C4/H2AC20/H4C12/H2BC6/H2AC6/H2BC21/H2BC12/H2BC17/H2BC11/H2BC4/H3C10/H2BC15/H4C15/H4C14/H2BC12L/H2AC8","0.6272567397185284"
"REACTOME_TELOMERE_C_STRAND_LAGGING_STRAND_SYNTHESIS","REACTOME_TELOMERE_C_STRAND_LAGGING_STRAND_SYNTHESIS","34","-0.6540092685290489","-2.190721560227700","0.0000069207237716380254659","0.00012646049800902210139","0.000096337446657088535683","2384","tags=62%, list=18%, signal=51%","RFC3/WRN/POLA2/TEN1/RFC4/RPA3/ACD/RFC2/PCNA/BLM/TERF1/FEN1/DSCC1/PRIM1/DNA2/RFC5/LIG1/POLA1/POLD2/POLD1/CHTF18","0.6105268783859310"
"REACTOME_METABOLISM_OF_NUCLEOTIDES","REACTOME_METABOLISM_OF_NUCLEOTIDES","87","-0.5537353562329406","-2.178558552362013","0.0000000765266748188410864","0.00000288409905723507358","0.000002197102996228282965","2371","tags=43%, list=18%, signal=35%","TXNRD1/SAMHD1/NUDT18/RRM1/GMPR/PPAT/NUDT5/TYMS/IMPDH1/DCK/NME2/ENTPD6/ADK/GMPS/AK2/TXN/UMPS/RRM2/GSR/ATIC/DHODH/PAICS/ITPA/GART/PFAS/TK1/ADSL/CAD/NT5C/CTPS1/NME1/UCK2/DTYMK/APRT/DNPH1/DUT/DCTPP1","0.7049757151672383"
"REACTOME_SCF_BETA_TRCP_MEDIATED_DEGRADATION_OF_EMI1","REACTOME_SCF_BETA_TRCP_MEDIATED_DEGRADATION_OF_EMI1","41","-0.6262119980556067","-2.176577091404467","0.0000071522790962254976290","0.00012810369193140520123","0.000097589229698726893828","2528","tags=59%, list=20%, signal=47%","PSMD8/SEM1/PSMB5/FBXO5/PSMA5/PSMB7/PSMB4/PSMC5/PSMD14/PSMD3/PSMA6/PSMD11/PSMD6/PSMC3/PSMB3/PSMD1/PSMA2/PSMA7/PSMB6/PSMA1/PSMA3/PSMA4/PSMB2/CDC20","0.6105268783859310"
"REACTOME_TRANSLATION","REACTOME_TRANSLATION","364","-0.4530842495181637","-2.174340708950855","0.0000000001000000000000000","0.00000001292142857142857","0.000000009843527863100544","2542","tags=39%, list=20%, signal=32%","UBE2D2/PSMD8/SEM1/GSPT1/QARS1/RPL26L1/PPA1/PSMB5/RPS7/MALSU1/MTFMT/DARS2/EIF4EBP1/RPL15/MRPL13/SRPRB/MTRES1/CARS2/SRP72/MRPS17/IARS1/ZNF598/TUFM/YARS2/EIF3I/EIF3K/MRPS9/EIF3J/MRPS18C/MRPL53/HEMK2/RPN1/KGD4/MRPL21/RPN2/MRPL9/PSMA5/MRPS5/MRPL28/MRPS12/PSMB7/EIF3B/EARS2/TRMT112/MRPL2/PSMB4/SSR3/VARS1/VCP/EIF4A1/MRPL48/MRPS23/MRPS24/PSMC5/SPCS2/EIF1AX/MRPS35/WARS2/RPL22L1/MRPL15/MRPL23/NARS2/EIF5B/PSMD14/MRPL14/UBE2D3/MRPL39/SARS2/IARS2/PSMD3/PSMA6/LARS2/FARS2/ERAL1/TSFM/MRPL58/PSMD11/MRPL57/EIF4G1/MRPL27/EIF4H/SPCS3/FARSB/MRPS22/ABCE1/MRPS14/PSMD6/PSMC3/MARS2/SPCS1/EIF2S3/MRPS18A/SRP9/MRPL47/EIF2B5/SEC11A/MRPL46/APEH/PSMB3/EEF1E1/MRPL1/MRPS11/MRPL42/PPA2/PSMD1/PSMA2/MRPL43/MRPL22/PSMA7/MRPS27/MRPS16/MRPS26/MRPS7/FARSA/AIMP2/PSMB6/KARS1/PTCD3/MRPL52/MRPL30/MRPL20/RBX1/PSMA1/MRPS28/PSMA3/MRPL38/MRPL4/MRPL11/MRPS15/EIF2B3/MRPL35/MRPL24/PSMA4/PSMB2/GADD45GIP1/MRPS34/NDUFAB1/MRPL12/MRPL3/MRPL19/MRPL16",NA
"REACTOME_RESOLUTION_OF_ABASIC_SITES_AP_SITES","REACTOME_RESOLUTION_OF_ABASIC_SITES_AP_SITES","38","-0.6423078502701729","-2.172217675087072","0.0000032488106945778693440","0.00007255677217890573838","0.000055273656829163952400","1747","tags=47%, list=13%, signal=41%","RFC4/RPA3/APEX1/RFC2/PARP1/PCNA/POLE/FEN1/UNG/NTHL1/POLE2/RFC5/PNKP/OGG1/LIG1/POLD2/POLD1/LIG3","0.6272567397185284"
"REACTOME_HOST_INTERACTIONS_OF_HIV_FACTORS","REACTOME_HOST_INTERACTIONS_OF_HIV_FACTORS","110","-0.5310695716691570","-2.171260476352724","0.0000000179374125417433300","0.00000090135498022260229","0.000000686651078347809533","2966","tags=54%, list=23%, signal=42%","PSMD13/PSMD7/NUP210/SEC13/AP2B1/NUP42/RAC1/NUP133/AP1S1/PSMD8/SEM1/RCC1/PSIP1/PSMB5/NUP155/NUP85/AP2M1/PSMA5/NUP43/NUP88/PSMB7/SEH1L/PSMB4/NPM1/PSMC5/AP2S1/PSMD14/SLC25A6/XPO1/AP1M1/AP1B1/NUP37/PSMD3/NUP54/PSMA6/NUP107/PSMD11/NUP35/BANF1/NDC1/PSMD6/PSMC3/PSMB3/PSMD1/PSMA2/NUP62/PSMA7/PSMB6/SLC25A5/NUP93/RBX1/RANBP1/AAAS/PSMA1/PSMA3/PPIA/PSMA4/PSMB2/RAN","0.7337619883564803"
"REACTOME_LANOSTEROL_BIOSYNTHESIS","REACTOME_LANOSTEROL_BIOSYNTHESIS","14","-0.8197791289049109","-2.166852624316286","0.0000063075584919915298406","0.00011885805533346539560","0.000090545915489246973267","2013","tags=86%, list=16%, signal=72%","PMVK/IDI2/MVD/FDFT1/IDI1/SQLE/FDPS/HMGCR/LSS/HMGCS1/ACAT2/MVK","0.6105268783859310"
"REACTOME_RESOLUTION_OF_D_LOOP_STRUCTURES_THROUGH_SYNTHESIS_DEPENDENT_STRAND_ANNEALING_SDSA","REACTOME_RESOLUTION_OF_D_LOOP_STRUCTURES_THROUGH_SYNTHESIS_DEPENDENT_STRAND_ANNEALING_SDSA","27","-0.6967984571601484","-2.161689888280746","0.0000041693575718385945768","0.00008570872553927293461","0.000065292798183490220396","2756","tags=63%, list=21%, signal=50%","RAD51B/SEM1/WRN/BARD1/XRCC3/RMI2/RBBP8/NBN/RAD51AP1/BRCA1/BLM/EXO1/XRCC2/RTEL1/RAD51/DNA2/BRIP1","0.6105268783859310"
"REACTOME_RUNX1_REGULATES_GENES_INVOLVED_IN_MEGAKARYOCYTE_DIFFERENTIATION_AND_PLATELET_FUNCTION","REACTOME_RUNX1_REGULATES_GENES_INVOLVED_IN_MEGAKARYOCYTE_DIFFERENTIATION_AND_PLATELET_FUNCTION","60","0.5841579205127940","2.161477746069938","0.0000014324587395219577779","0.00003455090479726962517","0.000026320835361755716338","1538","tags=45%, list=12%, signal=40%","H4C8/KMT2C/NR4A3/H2BC5/H2AC19/H2AC18/H3C4/H2AC20/H4C12/H2BC6/H2AC6/H2BC21/H2BC12/H2BC17/H2BC11/H2BC4/H3C10/H2BC15/KMT2A/H4C15/H4C14/H2BC12L/RBBP5/H2AC8/SIN3A/H2BC8/H3C6","0.6435518361507222"
"REACTOME_NUCLEOTIDE_BIOSYNTHESIS","REACTOME_NUCLEOTIDE_BIOSYNTHESIS","14","-0.8174711231161238","-2.160752068417709","0.0000070373428955627125836","0.00012730553298072945804","0.000096981193224529894394","1827","tags=79%, list=14%, signal=68%","PPAT/IMPDH1/GMPS/UMPS/ATIC/DHODH/PAICS/GART/PFAS/ADSL/CAD","0.6105268783859310"
"REACTOME_VIF_MEDIATED_DEGRADATION_OF_APOBEC3G","REACTOME_VIF_MEDIATED_DEGRADATION_OF_APOBEC3G","40","-0.6378268669914680","-2.158752115938801","0.0000035137362807082108333","0.00007658251725061630073","0.000058340464308233686648","1802","tags=50%, list=14%, signal=43%","PSMA5/PSMB7/PSMB4/PSMC5/PSMD14/PSMD3/PSMA6/PSMD11/PSMD6/PSMC3/PSMB3/PSMD1/PSMA2/PSMA7/PSMB6/RBX1/PSMA1/PSMA3/PSMA4/PSMB2","0.6272567397185284"
"REACTOME_REGULATION_OF_APOPTOSIS","REACTOME_REGULATION_OF_APOPTOSIS","39","-0.6306417715250284","-2.154959412542656","0.0000126863049195051371380","0.00021650495848476222077","0.000164933202204635496590","1802","tags=51%, list=14%, signal=44%","PSMA5/PSMB7/PSMB4/PSMC5/PSMD14/PSMD3/OPA1/PSMA6/PSMD11/PSMD6/PSMC3/PSMB3/PSMD1/PSMA2/PSMA7/PSMB6/PSMA1/PSMA3/PSMA4/PSMB2","0.5933254763964051"
"REACTOME_CITRIC_ACID_CYCLE_TCA_CYCLE","REACTOME_CITRIC_ACID_CYCLE_TCA_CYCLE","34","-0.6409123223952244","-2.146850985835013","0.0000170246983266861855102","0.00027745657002680460196","0.000211366062410327335431","3312","tags=74%, list=26%, signal=55%","CSKMT/SDHA/NFS1/ISCA1/SUCLG1/CS/DLST/SDHD/IDH3G/SDHAF3/IDH3B/ISCA2/MDH2/KGD4/LYRM4/IDH2/SDHB/IDH3A/SUCLG2/TRAP1/ACAT1/FXN/DLD/SDHC/FH","0.5756102610711286"
"REACTOME_RECOGNITION_AND_ASSOCIATION_OF_DNA_GLYCOSYLASE_WITH_SITE_CONTAINING_AN_AFFECTED_PURINE","REACTOME_RECOGNITION_AND_ASSOCIATION_OF_DNA_GLYCOSYLASE_WITH_SITE_CONTAINING_AN_AFFECTED_PURINE","32","0.6641998334206466","2.141200725050071","0.0000161265452589408165933","0.00026520836703112669538","0.000202035396935191136243","997","tags=59%, list=8%, signal=55%","H4C8/H2BC5/H2AC19/H2AC18/H2AC20/H4C12/H2BC6/H2AC6/H2BC21/H2BC12/H2BC17/H2BC11/H2BC4/TERF2IP/H2BC15/H4C15/H4C14/H2BC12L/H2AC8","0.5756102610711286"
"REACTOME_FBXL7_DOWN_REGULATES_AURKA_DURING_MITOTIC_ENTRY_AND_IN_EARLY_MITOSIS","REACTOME_FBXL7_DOWN_REGULATES_AURKA_DURING_MITOTIC_ENTRY_AND_IN_EARLY_MITOSIS","40","-0.6325363735751144","-2.140846216316253","0.0000051102431522839403174","0.00009940247163958762240","0.000075724676558511846026","2528","tags=60%, list=20%, signal=48%","PSMD8/SEM1/PSMB5/AURKA/PSMA5/PSMB7/PSMB4/PSMC5/PSMD14/PSMD3/PSMA6/PSMD11/PSMD6/PSMC3/PSMB3/PSMD1/PSMA2/PSMA7/PSMB6/RBX1/PSMA1/PSMA3/PSMA4/PSMB2","0.6105268783859310"
"REACTOME_CELL_CYCLE_CHECKPOINTS","REACTOME_CELL_CYCLE_CHECKPOINTS","268","-0.4612460461631309","-2.139053665799632","0.0000000001000000000000000","0.00000001292142857142857","0.000000009843527863100544","2606","tags=48%, list=20%, signal=39%","ZW10/CDC23/CCNE2/PPP2R1B/RAD9A/ORC5/PSMD8/SEM1/ERCC6L/CDC25C/PSMB5/RFC3/SPDL1/WRN/BARD1/ATR/NDE1/NUP85/UBE2V2/BABAM1/KNTC1/RMI2/RBBP8/NBN/ANAPC11/CENPU/NDC80/CDCA8/YWHAZ/PSMA5/UBE2S/NUP43/NUF2/RFC4/PSMB7/RCC2/SEH1L/BUB3/RPA3/PSMB4/ANAPC2/UBE2E1/BRCA1/RFC2/SKA2/DYNC1LI1/BUB1/PSMC5/MAD2L1/SKA1/SPC25/CHEK1/BLM/CENPK/PSMD14/CENPM/GTSE1/XPO1/CENPO/PPP1CC/EXO1/ANAPC5/NUP37/PSMD3/PSMA6/NUP107/PSMD11/ITGB3BP/KIF2C/ORC2/PSMD6/MCM4/CCNA2/CENPF/B9D2/MCM10/PSMC3/SPC24/CDC7/CENPE/H2AX/CENPI/CCNB1/ANAPC15/AURKB/MCM7/YWHAQ/MCM5/CENPN/ORC1/PSMB3/CLSPN/DNA2/PSMD1/YWHAE/PSMA2/MCM6/PSMA7/KNL1/CDC25A/PMF1/MCM2/CENPH/PLK1/PSMB6/CENPS/CCNB2/NSD2/NSL1/CDC6/RFC5/ZWILCH/PKMYT1/BRIP1/YWHAB/RBX1/PSMA1/UBE2N/CDC45/ZWINT/PSMA3/BUB1B/BIRC5/PSMA4/PSMB2/MCM3/ANAPC7/CDC20",NA
"REACTOME_REGULATION_OF_MRNA_STABILITY_BY_PROTEINS_THAT_BIND_AU_RICH_ELEMENTS","REACTOME_REGULATION_OF_MRNA_STABILITY_BY_PROTEINS_THAT_BIND_AU_RICH_ELEMENTS","73","-0.5526293842274118","-2.138237119298487","0.0000008923699601863176055","0.00002273658109826829003","0.000017320698583384668657","1837","tags=45%, list=14%, signal=39%","YWHAZ/PSMA5/PSMB7/EXOSC2/PSMB4/PSMC5/EXOSC9/PSMD14/XPO1/PSMD3/PSMA6/PSMD11/EIF4G1/EXOSC5/EXOSC8/PSMD6/EXOSC7/PSMC3/SET/PSMB3/PSMD1/PSMA2/PSMA7/PSMB6/ELAVL1/YWHAB/PSMA1/PSMA3/KHSRP/PSMA4/PSMB2/HNRNPD/ANP32A","0.6594443980379349"
"REACTOME_HDR_THROUGH_HOMOLOGOUS_RECOMBINATION_HRR","REACTOME_HDR_THROUGH_HOMOLOGOUS_RECOMBINATION_HRR","69","-0.5575455694887772","-2.138115281201413","0.0000024692989331393158066","0.00005726874064165413450","0.000043627253834556178674","3308","tags=64%, list=26%, signal=48%","GEN1/RAD1/RPA1/TOP3A/ATRIP/POLD3/RHNO1/MUS81/RAD51B/SPIDR/POLE4/RAD9A/SEM1/FIGNL1/RFC3/WRN/BARD1/ATR/XRCC3/SLX1B/RMI2/RBBP8/NBN/RAD51AP1/RFC4/RPA3/BRCA1/RFC2/PCNA/FIRRM/CHEK1/BLM/POLE/EXO1/EME1/XRCC2/RTEL1/RAD51/DNA2/POLE2/RFC5/BRIP1/POLD2/POLD1","0.6272567397185284"
"REACTOME_SNRNP_ASSEMBLY","REACTOME_SNRNP_ASSEMBLY","53","-0.5885944781650558","-2.137975611384042","0.0000046250368934495979684","0.00009400777236236317644","0.000071615001505567098998","2922","tags=60%, list=23%, signal=47%","NUP210/SEC13/GEMIN4/NUP42/NUP133/CLNS1A/NUP155/SNRPG/NUP85/SNUPN/NUP43/NUP88/SEH1L/SNRPD2/NCBP1/GEMIN8/NUP37/NUP54/NUP107/SNRPB/NUP35/PRMT5/NDC1/SNRPE/NUP62/GEMIN7/SNRPD3/NUP93/SNRPD1/AAAS/SNRPF/WDR77","0.6105268783859310"
"REACTOME_COMPLEX_I_BIOGENESIS","REACTOME_COMPLEX_I_BIOGENESIS","68","-0.5551448872170918","-2.135376899484351","0.0000049043382762074715428","0.00009749393342482764882","0.000074270754572182669869","2468","tags=62%, list=19%, signal=50%","NDUFA1/NDUFAF4/ECSIT/TMEM126A/NDUFS5/NDUFA8/NDUFA6/NDUFA7/DMAC2/NDUFA10/NDUFV1/NDUFB11/SFXN4/NDUFS1/NDUFB2/NDUFV2/NDUFS3/NDUFAF5/NDUFA5/NDUFA12/NDUFB6/TMEM126B/NDUFS8/NDUFC1/NDUFB7/NDUFA13/NDUFA3/FOXRED1/TMEM186/NDUFA11/NDUFS6/ACAD9/DMAC1/NDUFB10/NUBPL/NDUFAF3/NDUFA9/NDUFS2/NDUFS7/NDUFB1/NDUFB8/NDUFAB1","0.6105268783859310"
"REACTOME_REPLACEMENT_OF_PROTAMINES_BY_NUCLEOSOMES_IN_THE_MALE_PRONUCLEUS","REACTOME_REPLACEMENT_OF_PROTAMINES_BY_NUCLEOSOMES_IN_THE_MALE_PRONUCLEUS","21","0.7371123888786045","2.132764896491022","0.0000374403752185204326741","0.00055064746967726390693","0.000419482542549449641516","856","tags=67%, list=7%, signal=62%","H4C8/H2BC5/H4C12/H2BC6/H2BC21/H2BC12/H2BC17/H2BC11/H2BC4/METTL23/H2BC15/H4C15/H4C14/H2BC12L","0.5573322387586460"
"REACTOME_PHOSPHORYLATED_BMAL1_CLOCK_ARNTL_CLOCK_ACTIVATES_EXPRESSION_OF_CORE_CLOCK_GENES","REACTOME_PHOSPHORYLATED_BMAL1_CLOCK_ARNTL_CLOCK_ACTIVATES_EXPRESSION_OF_CORE_CLOCK_GENES","22","0.7129043133503330","2.124081526324030","0.0000783035381705057440763","0.00101179357536032056564","0.000770783059760730146839","3035","tags=73%, list=23%, signal=56%","PER1/NR1D1/CRY2/BMAL1/KMT2A/SIK1/CRY1/BHLHE40/CREBBP/RORC/CREM/DBP/TFEB/CREB1/RORA/PER2","0.5384340963099162"
"REACTOME_FORMATION_OF_PARAXIAL_MESODERM","REACTOME_FORMATION_OF_PARAXIAL_MESODERM","51","-0.5842711403786838","-2.118589359326599","0.0000065564412592795160873","0.00012227424987666643866","0.000093148368150412265160","2528","tags=45%, list=20%, signal=36%","PSMD8/SEM1/PSMB5/KAT2A/PSMA5/PSMB7/PSMB4/PSMC5/PSMD14/PSMD3/PSMA6/PSMD11/PSMD6/PSMC3/PSMB3/PSMD1/PSMA2/PSMA7/PSMB6/PSMA1/PSMA3/PSMA4/PSMB2","0.6105268783859310"
"REACTOME_MEIOTIC_RECOMBINATION","REACTOME_MEIOTIC_RECOMBINATION","51","0.5857682043403686","2.116164354663299","0.0000224252358730982202827","0.00035275871038638849375","0.000268731137230279846107","997","tags=39%, list=8%, signal=36%","H4C8/H2BC5/H2AC19/H2AC18/H3C4/H2AC20/H4C12/H2BC6/H2AC6/H2BC21/H2BC12/H2BC17/H2BC11/H2BC4/H3C10/H2BC15/H4C15/H4C14/H2BC12L/H2AC8","0.5756102610711286"
"REACTOME_ERCC6_CSB_AND_EHMT2_G9A_POSITIVELY_REGULATE_RRNA_EXPRESSION","REACTOME_ERCC6_CSB_AND_EHMT2_G9A_POSITIVELY_REGULATE_RRNA_EXPRESSION","43","0.6121442828073491","2.103814308487643","0.0000144471693568970542082","0.00023976999418923644397","0.000182656476835383414694","997","tags=51%, list=8%, signal=47%","H4C8/H2BC5/H2AC19/H2AC18/H3C4/H2AC20/H4C12/H2BC6/H2AC6/H2BC21/H2BC12/H2BC17/H2BC11/H2BC4/H3C10/ERCC6/GATAD2B/H2BC15/H4C15/H4C14/H2BC12L/H2AC8","0.5933254763964051"
"REACTOME_PROTEIN_LOCALIZATION","REACTOME_PROTEIN_LOCALIZATION","154","-0.4823658605694889","-2.103624199375584","0.0000000194965572448736188","0.00000092813873831516780","0.000000707054911221651365","3351","tags=46%, list=26%, signal=35%","SAMM50/CYB5A/EPHX2/HSPA9/PECR/ACOX3/PMPCA/CHCHD10/SLC25A17/UBE2J2/TIMM8A/PEX26/PEX5/COA6/SEC61B/PMPCB/CS/UBE2D2/FIS1/HACL1/IDH3G/CHCHD3/SCP2/PEX10/VDAC1/HSPD1/PAM16/NUDT19/GET3/TIMM23/CHCHD2/PEX14/ATP5F1B/SLC25A13/PXMP2/DECR2/COQ2/TIMM17B/CHCHD4/EMD/TIMM10/COA4/TOMM22/AGPS/HSD17B4/SLC25A6/UBE2D3/TIMM50/TIMM8B/ECH1/DHRS4/TAFAZZIN/SLC25A12/UBL4A/FXN/GNPAT/TOMM6/ATP5MC1/TIMM17A/MTX1/BCS1L/IDH1/SGTA/CYC1/ATP5F1A/MTX2/TOMM5/TOMM40/DNAJC19/NDUFB8/TIMM13","0.7337619883564803"
"REACTOME_MITOCHONDRIAL_TRNA_AMINOACYLATION","REACTOME_MITOCHONDRIAL_TRNA_AMINOACYLATION","21","-0.7155934813266653","-2.097782966501080","0.0000955183392495145507962","0.00119167362553359874183","0.000907815453362456267761","2474","tags=67%, list=19%, signal=54%","QARS1/DARS2/CARS2/YARS2/EARS2/WARS2/NARS2/SARS2/IARS2/LARS2/FARS2/MARS2/PPA2/KARS1","0.5384340963099162"
"REACTOME_SCF_SKP2_MEDIATED_DEGRADATION_OF_P27_P21","REACTOME_SCF_SKP2_MEDIATED_DEGRADATION_OF_P27_P21","48","-0.5944015006784038","-2.091766255106250","0.0000139231169836784937513","0.00023539176283620929023","0.000179321145755202530653","3044","tags=65%, list=23%, signal=50%","PSMC6/PSMD13/CDK2/PSMD7/CKS1B/CCNE2/PSMD8/SEM1/PSMB5/PSMA5/PSMB7/PSMB4/CDK4/PSMC5/PSMD14/PSMD3/PSMA6/PSMD11/PSMD6/CCNA2/PSMC3/PSMB3/PSMD1/PSMA2/PSMA7/PSMB6/PSMA1/PSMA3/SKP2/PSMA4/PSMB2","0.5933254763964051"
"REACTOME_GLOBAL_GENOME_NUCLEOTIDE_EXCISION_REPAIR_GG_NER","REACTOME_GLOBAL_GENOME_NUCLEOTIDE_EXCISION_REPAIR_GG_NER","84","-0.5287706510469019","-2.089950237519238","0.0000006750993244824310956","0.00001795962761748114402","0.000013681621493035927268","2384","tags=50%, list=18%, signal=41%","RFC3/GTF2H4/MNAT1/UBE2V2/GPS1/ERCC2/RAD23B/UBE2I/RFC4/COPS3/COPS5/RPA3/CETN2/RFC2/INO80C/PARP1/PCNA/SUMO1/COPS6/INO80E/GTF2H2/POLE/SUMO3/GTF2H3/RUVBL1/ACTL6A/COPS7A/RAD23A/COPS7B/CHD1L/MCRS1/ACTB/POLE2/ACTR5/RFC5/XPA/RBX1/UBE2N/LIG1/POLD2/POLD1/LIG3","0.6594443980379349"
"REACTOME_MEIOTIC_SYNAPSIS","REACTOME_MEIOTIC_SYNAPSIS","48","0.5930031613854211","2.088769147753557","0.0000191074621165657627638","0.00030588848645015449985","0.000233025460205818073537","1088","tags=44%, list=8%, signal=40%","H4C8/H2BC5/H2AC19/H2AC18/H2AC20/H4C12/H2BC6/H2AC6/H2BC21/H2BC12/H2BC17/H2BC11/H2BC4/TERF2IP/H2BC15/STAG3/H4C15/H4C14/H2BC12L/H2AC8/SYNE1","0.5756102610711286"
"REACTOME_RRNA_PROCESSING","REACTOME_RRNA_PROCESSING","206","-0.4669569569891299","-2.088411795751957","0.0000000006405945103036764","0.00000006437974828551948","0.000000049044410419849341","2822","tags=38%, list=22%, signal=30%","NOP56/RPL22/NIP7/MTERF3/MTERF4/RCC1L/RPP40/HEATR1/TRUB2/TFB1M/NOP14/RPL26L1/EXOSC3/NAT10/DCAF13/RPS7/NOP2/DDX47/UTP11/RPL15/RPP21/GNL3/DDX49/WDR36/ELAC2/LTV1/MTREX/UTP14A/BUD23/PES1/WDR43/WDR75/TRMT112/RRP9/EXOSC2/RBM28/DHX37/RCL1/RPL22L1/EXOSC9/PWP2/PRORP/TSR1/TSR3/RRP36/DIMT1/MRM1/IMP4/EXOSC5/IMP3/EXOSC8/EXOSC7/TRMT10C/UTP20/RRP1/BYSL/MPHOSPH6/FBL/HSD17B10/PELP1/NOL12/LAS1L/EXOSC10/NHP2/RPUSD4/UTP18/RPUSD3/NOL11/TBL3/RRP7A/NOP58/BOP1/WDR12/DKC1/NOC4L/NCL/GAR1/WDR18/EBNA1BP2","0.8012155746177786"
"REACTOME_MITOTIC_PROMETAPHASE","REACTOME_MITOTIC_PROMETAPHASE","200","-0.4644169252042978","-2.088017762799642","0.0000000011243571348298185","0.00000008843313290900616","0.000000067368248255141290","2910","tags=46%, list=22%, signal=36%","SEC13/NEK6/NUDC/CEP72/CENPA/SFI1/SDCCAG8/NUP133/ZW10/RAD21/PPP2R1B/ODF2/TUBA1C/ERCC6L/TUBGCP3/SSNA1/CEP78/TUBA1A/SPDL1/CEP131/MZT1/NDE1/HAUS8/NUP85/CDCA5/KNTC1/HAUS4/CENPU/ACTR1A/NDC80/TUBB8/CDCA8/HAUS5/NEDD1/NUP43/TUBGCP4/NUF2/RCC2/SEH1L/BUB3/CETN2/SKA2/DYNC1LI1/BUB1/FIRRM/MAD2L1/SKA1/SPC25/CENPK/CENPM/XPO1/CENPO/PPP1CC/NUP37/NUP107/NCAPH/TUBA1B/ITGB3BP/KIF2C/CENPF/B9D2/SPC24/CENPE/CENPI/CCNB1/AURKB/NCAPD2/CENPN/NCAPG/YWHAE/SMC4/HDAC8/TUBGCP2/KNL1/PMF1/CENPH/PLK1/CENPS/CCNB2/SMC1A/HAUS7/NSL1/HAUS1/ZWILCH/ZWINT/BUB1B/DCTN1/BIRC5/MZT2A/CDC20/MZT2B","0.7881868108002371"
"REACTOME_SPOP_MEDIATED_PROTEASOMAL_DEGRADATION_OF_PD_L1_CD274","REACTOME_SPOP_MEDIATED_PROTEASOMAL_DEGRADATION_OF_PD_L1_CD274","45","-0.6091002427950261","-2.087842787699182","0.0000067809111701907927137","0.00012517008476403207939","0.000095354411487118246162","1802","tags=47%, list=14%, signal=40%","PSMA5/PSMB7/PSMB4/CDK4/PSMC5/PSMD14/PSMD3/PSMA6/PSMD11/PSMD6/PSMC3/PSMB3/PSMD1/PSMA2/PSMA7/PSMB6/RBX1/PSMA1/PSMA3/PSMA4/PSMB2","0.6105268783859310"
"REACTOME_MITOTIC_SPINDLE_CHECKPOINT","REACTOME_MITOTIC_SPINDLE_CHECKPOINT","110","-0.5100030872360920","-2.085130847646169","0.0000001513097700824069975","0.00000506887729776063473","0.000003861464283095767591","2910","tags=55%, list=22%, signal=43%","SEC13/NUDC/ANAPC4/CENPA/NUP133/ZW10/CDC23/PPP2R1B/ERCC6L/SPDL1/NDE1/NUP85/KNTC1/ANAPC11/CENPU/NDC80/CDCA8/UBE2S/NUP43/NUF2/RCC2/SEH1L/BUB3/ANAPC2/UBE2E1/SKA2/DYNC1LI1/BUB1/MAD2L1/SKA1/SPC25/CENPK/CENPM/XPO1/CENPO/PPP1CC/ANAPC5/NUP37/NUP107/ITGB3BP/KIF2C/CENPF/B9D2/SPC24/CENPE/CENPI/ANAPC15/AURKB/CENPN/KNL1/PMF1/CENPH/PLK1/CENPS/NSL1/ZWILCH/ZWINT/BUB1B/BIRC5/ANAPC7/CDC20","0.6901324587967956"
"REACTOME_TRNA_PROCESSING_IN_THE_NUCLEUS","REACTOME_TRNA_PROCESSING_IN_THE_NUCLEUS","58","-0.5653179235195889","-2.084449684233618","0.0000058472435724576313419","0.00011134382760606162486","0.000084821586356790683618","2922","tags=59%, list=23%, signal=46%","NUP210/SEC13/RTRAF/NUP42/RPP40/NUP133/POP7/CPSF4/NUP155/RPP21/NUP85/ELAC2/POP5/NUP43/NUP88/SEH1L/CPSF1/NUP37/NUP54/NUP107/POP4/NUP35/NDC1/TRNT1/DDX1/TSEN2/NUP62/NUP93/POP1/AAAS/TSEN15/FAM98B/CSTF2/RAN","0.6105268783859310"
"REACTOME_NUCLEOTIDE_EXCISION_REPAIR","REACTOME_NUCLEOTIDE_EXCISION_REPAIR","108","-0.4996860837596007","-2.084100748227754","0.0000003896047447069917706","0.00001173437203164335595","0.000008939229699793076262","2404","tags=47%, list=19%, signal=39%","AQR/RFC3/GTF2H4/MNAT1/UBE2V2/POLR2I/GPS1/POLR2D/ISY1/ERCC2/POLR2L/RAD23B/UBE2I/RFC4/COPS3/COPS5/RPA3/CETN2/RFC2/INO80C/PARP1/PCNA/SUMO1/COPS6/INO80E/GTF2H2/POLR2F/POLE/SUMO3/POLR2G/PRPF19/GTF2H3/RUVBL1/ACTL6A/COPS7A/RAD23A/COPS7B/CHD1L/MCRS1/ACTB/POLE2/ACTR5/RFC5/XPA/RBX1/UBE2N/LIG1/POLR2E/POLD2/POLD1/LIG3","0.6749628600110250"
"REACTOME_RHO_GTPASES_ACTIVATE_PKNS","REACTOME_RHO_GTPASES_ACTIVATE_PKNS","57","0.5601911099040964","2.080970698821745","0.0000091397479865193262036","0.00016052236997682970960","0.000122285737430901091539","997","tags=37%, list=8%, signal=34%","H4C8/H2BC5/H2AC19/H2AC18/H3C4/H2AC20/H4C12/H2BC6/H2AC6/H2BC21/H2BC12/H2BC17/H2BC11/H2BC4/H3C10/H2BC15/H4C15/NCOA2/H4C14/H2BC12L/H2AC8","0.5933254763964051"
"REACTOME_CYCLIN_A_CDK2_ASSOCIATED_EVENTS_AT_S_PHASE_ENTRY","REACTOME_CYCLIN_A_CDK2_ASSOCIATED_EVENTS_AT_S_PHASE_ENTRY","73","-0.5369093403320219","-2.077413025731482","0.0000034140683974563107106","0.00007531767964632276593","0.000057376912628840359145","2596","tags=52%, list=20%, signal=42%","CKS1B/CCNE2/PSMD8/SEM1/PSMB5/AKT1/CDC25B/MNAT1/RBBP4/PSMA5/PSMB7/PSMB4/CDK4/MYC/PSMC5/PSMD14/PSMD3/PSMA6/PSMD11/PSMD6/CCNA2/PSMC3/E2F5/PSMB3/PSMD1/PSMA2/PSMA7/AKT2/CDC25A/TFDP1/PSMB6/E2F4/PSMA1/E2F1/PSMA3/SKP2/PSMA4/PSMB2","0.6272567397185284"
"REACTOME_FORMATION_OF_THE_POLYBROMO_BAF_PBAF_COMPLEX","REACTOME_FORMATION_OF_THE_POLYBROMO_BAF_PBAF_COMPLEX","18","-0.7284878593235997","-2.073504715673297","0.0000724383255028635680839","0.00095650314477868756020","0.000728662880015545823958","714","tags=44%, list=6%, signal=42%","SMARCD1/ACTL6A/ACTB/SMARCD2/SMARCE1/SMARCC1/SMARCB1/SMARCA4","0.5384340963099162"
"REACTOME_UNWINDING_OF_DNA","REACTOME_UNWINDING_OF_DNA","12","-0.8243610918514404","-2.071871043764416","0.0000483160433095962822377","0.00067233632574661289245","0.000512184958441459282398","2059","tags=92%, list=16%, signal=77%","GINS1/GINS4/GINS3/MCM4/MCM7/MCM5/MCM6/MCM2/CDC45/MCM3/GINS2","0.5573322387586460"
"REACTOME_RESOLUTION_OF_SISTER_CHROMATID_COHESION","REACTOME_RESOLUTION_OF_SISTER_CHROMATID_COHESION","123","-0.4856953742734484","-2.071731451984999","0.0000005070517476356817778","0.00001433213455426481739","0.000010918201887874877981","2666","tags=49%, list=21%, signal=39%","NUP133/ZW10/RAD21/PPP2R1B/TUBA1C/ERCC6L/TUBA1A/SPDL1/NDE1/NUP85/CDCA5/KNTC1/CENPU/NDC80/TUBB8/CDCA8/NUP43/NUF2/RCC2/SEH1L/BUB3/SKA2/DYNC1LI1/BUB1/FIRRM/MAD2L1/SKA1/SPC25/CENPK/CENPM/XPO1/CENPO/PPP1CC/NUP37/NUP107/TUBA1B/ITGB3BP/KIF2C/CENPF/B9D2/SPC24/CENPE/CENPI/CCNB1/AURKB/CENPN/HDAC8/KNL1/PMF1/CENPH/PLK1/CENPS/CCNB2/SMC1A/NSL1/ZWILCH/ZWINT/BUB1B/BIRC5/CDC20","0.6594443980379349"
"REACTOME_HDR_THROUGH_SINGLE_STRAND_ANNEALING_SSA","REACTOME_HDR_THROUGH_SINGLE_STRAND_ANNEALING_SSA","37","-0.6202328841599766","-2.070212561643121","0.0000172660484694755580787","0.00027887751501144003585","0.000212448536493658915285","3464","tags=65%, list=27%, signal=48%","TOPBP1/RAD1/RPA1/TOP3A/ATRIP/RHNO1/RAD9A/RFC3/WRN/BARD1/ATR/RMI2/RBBP8/NBN/RFC4/RPA3/BRCA1/RFC2/BLM/EXO1/RAD51/DNA2/RFC5/BRIP1","0.5756102610711286"
"REACTOME_FORMATION_OF_THE_EMBRYONIC_STEM_CELL_BAF_ESBAF_COMPLEX","REACTOME_FORMATION_OF_THE_EMBRYONIC_STEM_CELL_BAF_ESBAF_COMPLEX","19","-0.7330567932353050","-2.067557486726326","0.0000470777149748133187136","0.00066397555231594181362","0.000505815731868179295147","2442","tags=63%, list=19%, signal=51%","SMARCC2/SS18/BCL7C/PHF10/SMARCD1/ACTL6A/ACTB/SMARCD2/SMARCE1/SMARCC1/SMARCB1/SMARCA4","0.5573322387586460"
"REACTOME_G2_M_CHECKPOINTS","REACTOME_G2_M_CHECKPOINTS","135","-0.4857422438318835","-2.067143600148339","0.0000000536760186862498971","0.00000215777595118724597","0.000001643790977168375143","2576","tags=52%, list=20%, signal=42%","RAD9A/ORC5/PSMD8/SEM1/CDC25C/PSMB5/RFC3/WRN/BARD1/ATR/UBE2V2/BABAM1/RMI2/RBBP8/NBN/YWHAZ/PSMA5/RFC4/PSMB7/RPA3/PSMB4/BRCA1/RFC2/PSMC5/CHEK1/BLM/PSMD14/GTSE1/EXO1/PSMD3/PSMA6/PSMD11/ORC2/PSMD6/MCM4/CCNA2/MCM10/PSMC3/CDC7/H2AX/CCNB1/MCM7/YWHAQ/MCM5/ORC1/PSMB3/CLSPN/DNA2/PSMD1/YWHAE/PSMA2/MCM6/PSMA7/CDC25A/MCM2/PSMB6/CCNB2/NSD2/CDC6/RFC5/PKMYT1/BRIP1/YWHAB/PSMA1/UBE2N/CDC45/PSMA3/PSMA4/PSMB2/MCM3","0.7195128263389107"
"REACTOME_RESOLUTION_OF_AP_SITES_VIA_THE_MULTIPLE_NUCLEOTIDE_PATCH_REPLACEMENT_PATHWAY","REACTOME_RESOLUTION_OF_AP_SITES_VIA_THE_MULTIPLE_NUCLEOTIDE_PATCH_REPLACEMENT_PATHWAY","25","-0.6723468451284655","-2.066420911050546","0.0001249199750782765321131","0.00150653489944401505589","0.001147676371651450968545","1747","tags=52%, list=13%, signal=45%","RFC4/RPA3/APEX1/RFC2/PARP1/PCNA/POLE/FEN1/POLE2/RFC5/LIG1/POLD2/POLD1","0.5188480777437918"
"REACTOME_TRNA_AMINOACYLATION","REACTOME_TRNA_AMINOACYLATION","42","-0.5888255355807264","-2.064120997503087","0.0000454799355903376276112","0.00064817143862199442291","0.000493776178142520290326","3071","tags=57%, list=24%, signal=44%","HARS1/AARS2/RARS1/QARS1/PPA1/DARS2/CARS2/IARS1/YARS2/EARS2/VARS1/WARS2/NARS2/SARS2/IARS2/LARS2/FARS2/FARSB/MARS2/EEF1E1/PPA2/FARSA/AIMP2/KARS1","0.5573322387586460"
"REACTOME_BASE_EXCISION_REPAIR_AP_SITE_FORMATION","REACTOME_BASE_EXCISION_REPAIR_AP_SITE_FORMATION","39","0.6040023195943094","2.061354408496594","0.0000473481737140721335808","0.00066397555231594181362","0.000505815731868179295147","1380","tags=54%, list=11%, signal=48%","H4C8/H2BC5/H2AC19/H2AC18/H2AC20/H4C12/H2BC6/H2AC6/H2BC21/H2BC12/H2BC17/H2BC11/H2BC4/TERF2IP/H2BC15/H4C15/H4C14/H2BC12L/H2AC8/TDG/H2BC8","0.5573322387586460"
"REACTOME_G1_S_SPECIFIC_TRANSCRIPTION","REACTOME_G1_S_SPECIFIC_TRANSCRIPTION","28","-0.6570449731509542","-2.053945072234077","0.0000799223225962250810941","0.00101816536321529000492","0.000775637079650360770564","2105","tags=64%, list=16%, signal=54%","FBXO5/RBBP4/HDAC1/TYMS/RBL1/PCNA/DHFR/RRM2/E2F5/ORC1/TK1/CDC25A/TFDP1/CDC6/E2F4/CDC45/E2F1/POLA1","0.5384340963099162"
"REACTOME_REGULATION_OF_MITF_M_DEPENDENT_GENES_INVOLVED_IN_LYSOSOME_BIOGENESIS_AND_AUTOPHAGY","REACTOME_REGULATION_OF_MITF_M_DEPENDENT_GENES_INVOLVED_IN_LYSOSOME_BIOGENESIS_AND_AUTOPHAGY","17","0.7313355649458776","2.053014811695471","0.0002035975312219688885748","0.00225163936866775793791","0.001715296009308417152922","1378","tags=59%, list=11%, signal=53%","ATP6V1D/ATP6V0E1/ASAH1/ATP6V1E1/ATP6V0B/ATP6V1G1/ATP6V1B2/ATP6V0C/MITF/ATP6AP2","0.5188480777437918"
"REACTOME_INTERFERON_ALPHA_BETA_SIGNALING","REACTOME_INTERFERON_ALPHA_BETA_SIGNALING","58","0.5569537093753303","2.050536769997322","0.0000102426714671085313245","0.00017816339119230129831","0.000135724644971821979851","2748","tags=48%, list=21%, signal=38%","RNASEL/GBP2/JAK1/IRF1/IFIT1/HLA-E/IP6K2/KPNA1/OASL/UBC/UBA52/IFIT2/HLA-B/IRF9/HLA-A/STAT2/STAT1/HLA-C/ISG15/ISG20/IRF7/ADAR/IRF2/HLA-F/IFNAR1/IFIT3/MX2/IFI6","0.5933254763964051"
"REACTOME_PCNA_DEPENDENT_LONG_PATCH_BASE_EXCISION_REPAIR","REACTOME_PCNA_DEPENDENT_LONG_PATCH_BASE_EXCISION_REPAIR","21","-0.6993198900750413","-2.050076463546123","0.0002066180957428677823599","0.00225163936866775793791","0.001715296009308417152922","1747","tags=57%, list=13%, signal=50%","RFC4/RPA3/APEX1/RFC2/PCNA/POLE/FEN1/POLE2/RFC5/LIG1/POLD2/POLD1","0.5188480777437918"
"REACTOME_PRE_NOTCH_EXPRESSION_AND_PROCESSING","REACTOME_PRE_NOTCH_EXPRESSION_AND_PROCESSING","79","0.5235738898537871","2.048409210933297","0.0000047179091202256946976","0.00009482997331653646774","0.000072241353147472123068","2119","tags=39%, list=16%, signal=33%","H4C8/H2BC5/H2AC19/H2AC18/H3C4/H2AC20/H4C12/H2BC6/H2AC6/H2BC21/H2BC12/H2BC17/H2BC11/H2BC4/H3C10/H2BC15/H4C15/H4C14/H2BC12L/B4GALT1/H2AC8/NOTCH4/H2BC8/H3C6/SEL1L/CREBBP/NOTCH2NLB/AGO3/NOTCH2NLR/NOTCH2NLA/NOTCH2","0.6105268783859310"
"REACTOME_UBIQUITIN_DEPENDENT_DEGRADATION_OF_CYCLIN_D","REACTOME_UBIQUITIN_DEPENDENT_DEGRADATION_OF_CYCLIN_D","38","-0.6054444283364764","-2.047549454614777","0.0000417246909563438465505","0.00060870940274214532708","0.000463714049363904727216","1802","tags=53%, list=14%, signal=45%","PSMA5/PSMB7/PSMB4/CDK4/PSMC5/PSMD14/PSMD3/PSMA6/PSMD11/PSMD6/PSMC3/PSMB3/PSMD1/PSMA2/PSMA7/PSMB6/PSMA1/PSMA3/PSMA4/PSMB2","0.5573322387586460"
"REACTOME_GSK3B_MEDIATED_PROTEASOMAL_DEGRADATION_OF_PD_L1_CD274","REACTOME_GSK3B_MEDIATED_PROTEASOMAL_DEGRADATION_OF_PD_L1_CD274","43","-0.5966074713223861","-2.042290517894412","0.0000239802660649644777810","0.00037396811475448913601","0.000284888434521602740886","1802","tags=49%, list=14%, signal=42%","PSMA5/PSMB7/COPS5/PSMB4/PSMC5/PSMD14/PSMD3/PSMA6/PSMD11/PSMD6/PSMC3/PSMB3/PSMD1/PSMA2/PSMA7/PSMB6/RBX1/PSMA1/PSMA3/PSMA4/PSMB2","0.5756102610711286"
"REACTOME_LAGGING_STRAND_SYNTHESIS","REACTOME_LAGGING_STRAND_SYNTHESIS","20","-0.7138336819538427","-2.039623970627126","0.0000904788501129975174719","0.00113664055454453134797","0.000865891329827794668274","3205","tags=85%, list=25%, signal=64%","RPA1/POLD3/PRIM2/RFC3/POLA2/RFC4/RPA3/RFC2/PCNA/FEN1/PRIM1/DNA2/RFC5/LIG1/POLA1/POLD2/POLD1","0.5384340963099162"
"REACTOME_B_WICH_COMPLEX_POSITIVELY_REGULATES_RRNA_EXPRESSION","REACTOME_B_WICH_COMPLEX_POSITIVELY_REGULATES_RRNA_EXPRESSION","58","0.5538131245582975","2.038974077194999","0.0000119985088062888250538","0.00020671716600549031213","0.000157476874333815046328","1538","tags=43%, list=12%, signal=38%","H4C8/H2BC5/H2AC19/H2AC18/H3C4/H2AC20/H4C12/H2BC6/H2AC6/H2BC21/GSK3B/H2BC12/H2BC17/H2BC11/H2BC4/H3C10/ERCC6/H2BC15/H4C15/H4C14/H2BC12L/H2AC8/TAF1D/H2BC8/H3C6","0.5933254763964051"
"REACTOME_ACTIVATION_OF_GENE_EXPRESSION_BY_SREBF_SREBP","REACTOME_ACTIVATION_OF_GENE_EXPRESSION_BY_SREBF_SREBP","42","-0.5813542272049838","-2.037930413764253","0.0000710384304684935939190","0.00095191496827781415038","0.000725167612988567543419","872","tags=38%, list=7%, signal=36%","SCD/DHCR7/FDFT1/ELOVL6/IDI1/SQLE/FDPS/HMGCR/CYP51A1/LSS/SREBF2/HMGCS1/ACACA/MVK/CARM1/FASN","0.5384340963099162"
"REACTOME_CONDENSATION_OF_PROPHASE_CHROMOSOMES","REACTOME_CONDENSATION_OF_PROPHASE_CHROMOSOMES","40","0.5933557202126836","2.037794828477434","0.0000487112665677524856226","0.00067266168871041407285","0.000512432819533759813593","997","tags=50%, list=8%, signal=46%","H4C8/H2BC5/H2AC19/H2AC18/H3C4/H2AC20/H4C12/H2BC6/H2AC6/H2BC21/H2BC12/H2BC17/H2BC11/H2BC4/H3C10/H2BC15/H4C15/H4C14/H2BC12L/H2AC8","0.5573322387586460"
"REACTOME_NEGATIVE_REGULATION_OF_NOTCH4_SIGNALING","REACTOME_NEGATIVE_REGULATION_OF_NOTCH4_SIGNALING","43","-0.5918140730828586","-2.025881887021285","0.0000300224255296150014760","0.00045639132590818097795","0.000347678332021913354469","2528","tags=60%, list=20%, signal=49%","PSMD8/SEM1/PSMB5/AKT1/YWHAZ/PSMA5/PSMB7/PSMB4/PSMC5/PSMD14/PSMD3/PSMA6/PSMD11/TACC3/PSMD6/PSMC3/PSMB3/PSMD1/PSMA2/PSMA7/PSMB6/RBX1/PSMA1/PSMA3/PSMA4/PSMB2","0.5756102610711286"
"REACTOME_CHOLESTEROL_BIOSYNTHESIS_VIA_DESMOSTEROL_BLOCH_PATHWAY","REACTOME_CHOLESTEROL_BIOSYNTHESIS_VIA_DESMOSTEROL_BLOCH_PATHWAY","10","-0.8420962792786726","-2.021537749588642","0.0000455045730818094481423","0.00064817143862199442291","0.000493776178142520290326","1530","tags=80%, list=12%, signal=71%","LBR/DHCR7/MSMO1/NSDHL/HSD17B7/EBP/CYP51A1/DHCR24","0.5573322387586460"
"REACTOME_OXIDATIVE_STRESS_INDUCED_SENESCENCE","REACTOME_OXIDATIVE_STRESS_INDUCED_SENESCENCE","90","0.5101733112853488","2.016151054705522","0.0000021622387962001229069","0.00005079857119903925019","0.000038698286976496156647","1538","tags=33%, list=12%, signal=30%","H4C8/H2BC5/H2AC19/H2AC18/PHC3/H3C4/H2AC20/H4C12/H2BC6/H2AC6/H2BC21/H2BC12/CDKN2B/H2BC17/H2BC11/H2BC4/CDKN2D/H3C10/MDM2/KDM6B/H2BC15/H4C15/H4C14/H2BC12L/UBC/H2AC8/UBA52/H2BC8/MAPKAPK2/H3C6","0.6272567397185284"
"REACTOME_SENESCENCE_ASSOCIATED_SECRETORY_PHENOTYPE_SASP","REACTOME_SENESCENCE_ASSOCIATED_SECRETORY_PHENOTYPE_SASP","76","0.5249151190229224","2.014735244003997","0.0000050029670555756891478","0.00009837355873409154726","0.000074940852014811660002","1077","tags=37%, list=8%, signal=34%","H4C8/H2BC5/H2AC19/H2AC18/CXCL8/H3C4/H2AC20/H4C12/H2BC6/H2AC6/H2BC21/CDKN1A/H2BC12/CDKN2B/H2BC17/H2BC11/H2BC4/CDKN2D/H3C10/RELA/H2BC15/H4C15/H4C14/H2BC12L/IL1A/UBC/H2AC8/UBA52","0.6105268783859310"
"REACTOME_FORMATION_OF_ATP_BY_CHEMIOSMOTIC_COUPLING","REACTOME_FORMATION_OF_ATP_BY_CHEMIOSMOTIC_COUPLING","20","-0.7050599619829496","-2.014554980445516","0.0001384239421976345412336","0.00162603189243844736475","0.001238709029038758758015","2601","tags=80%, list=20%, signal=64%","ATP5MJ/ATP5MG/DMAC2L/ATP5F1B/ATP5PO/ATP5MK/ATP5PD/ATP5ME/ATP5MC1/ATP5PF/ATP5F1A/ATP5MC3/ATP5F1D/ATP5MF/ATP5F1C/ATP5PB","0.5188480777437918"
"REACTOME_INTERLEUKIN_20_FAMILY_SIGNALING","REACTOME_INTERLEUKIN_20_FAMILY_SIGNALING","15","0.7395738136088468","2.013765317588870","0.0002875723545929145374273","0.00298976085895736980180","0.002277596022488446655951","1728","tags=53%, list=13%, signal=46%","JAK1/JAK2/STAT5A/IFNLR1/IL10RB/STAT2/STAT1/STAT3","0.4984931087665903"
"REACTOME_FOXO_MEDIATED_TRANSCRIPTION_OF_CELL_DEATH_GENES","REACTOME_FOXO_MEDIATED_TRANSCRIPTION_OF_CELL_DEATH_GENES","15","0.7387855537985586","2.011618986501968","0.0002993700934010294525782","0.00303084479468077039321","0.002308893712506510185328","1830","tags=60%, list=14%, signal=52%","DDIT3/BCL2L11/BCL6/FOXO3/CITED2/BBC3/CREBBP/FOXO1/PINK1","0.4984931087665903"
"REACTOME_INHIBITION_OF_DNA_RECOMBINATION_AT_TELOMERE","REACTOME_INHIBITION_OF_DNA_RECOMBINATION_AT_TELOMERE","43","0.5823023241852316","2.001253619274664","0.0000764537028537214531339","0.00099947623969355993238","0.000761399729104627969421","997","tags=44%, list=8%, signal=41%","H4C8/H2BC5/H2AC19/H2AC18/H2AC20/H4C12/H2BC6/H2AC6/H2BC21/H2BC12/H2BC17/H2BC11/H2BC4/TERF2IP/H2BC15/H4C15/H4C14/H2BC12L/H2AC8","0.5384340963099162"
"REACTOME_SUMOYLATION_OF_DNA_REPLICATION_PROTEINS","REACTOME_SUMOYLATION_OF_DNA_REPLICATION_PROTEINS","46","-0.5725378651093256","-1.997373799181366","0.0000767977873506936524559","0.00099947623969355993238","0.000761399729104627969421","2954","tags=61%, list=23%, signal=47%","TOP1/NUP210/SEC13/NUP42/NUP133/SUMO2/NUP155/AURKA/NUP85/CDCA8/NUP43/NUP88/UBE2I/SEH1L/PCNA/SUMO1/TOP2B/NUP37/NUP54/NUP107/SUMO3/NUP35/NDC1/AURKB/NUP62/NUP93/AAAS/BIRC5","0.5384340963099162"
"REACTOME_FORMATION_OF_THE_BETA_CATENIN_TCF_TRANSACTIVATING_COMPLEX","REACTOME_FORMATION_OF_THE_BETA_CATENIN_TCF_TRANSACTIVATING_COMPLEX","57","0.5376197667807897","1.997123770796247","0.0000325272072236406538858","0.00048629518898814829688","0.000370459056909630448772","997","tags=37%, list=8%, signal=34%","H4C8/H2BC5/H2AC19/H2AC18/H3C4/H2AC20/H4C12/H2BC6/H2AC6/H2BC21/H2BC12/H2BC17/H2BC11/H2BC4/H3C10/H2BC15/H4C15/H4C14/H2BC12L/RBBP5/H2AC8","0.5573322387586460"
"REACTOME_GENE_AND_PROTEIN_EXPRESSION_BY_JAK_STAT_SIGNALING_AFTER_INTERLEUKIN_12_STIMULATION","REACTOME_GENE_AND_PROTEIN_EXPRESSION_BY_JAK_STAT_SIGNALING_AFTER_INTERLEUKIN_12_STIMULATION","30","-0.6231537307574139","-1.991340748711834","0.0001594991824235223181090","0.00183779631212835597824","0.001400030894814508104773","2370","tags=47%, list=18%, signal=38%","SOD1/CAPZA1/SNRPA1/GSTO1/TCP1/TALDO1/CDC42/CFL1/MIF/HNRNPDL/LMNB1/HNRNPF/PPIA/HNRNPA2B1","0.5188480777437918"
"REACTOME_TRNA_MODIFICATION_IN_THE_NUCLEUS_AND_CYTOSOL","REACTOME_TRNA_MODIFICATION_IN_THE_NUCLEUS_AND_CYTOSOL","45","-0.5809037864001635","-1.991192410656895","0.0000367203217331437827106","0.00054448411487915656173","0.000414787306697626345729","1701","tags=40%, list=13%, signal=35%","NSUN2/TRMT11/TRMT112/GON7/DUS2/ADAT2/OSGEP/TRDMT1/WDR4/CTU2/ADAT3/CTU1/TRIT1/QTRT2/QTRT1/METTL1/PUS1/PUS7","0.5573322387586460"
"REACTOME_DEGRADATION_OF_AXIN","REACTOME_DEGRADATION_OF_AXIN","41","-0.5722946758193632","-1.989172172984397","0.0001170930752347991833737","0.00143122549391724146993","0.001090305762236367086854","1802","tags=46%, list=14%, signal=40%","PSMA5/PSMB7/PSMB4/PSMC5/PSMD14/PSMD3/PSMA6/PSMD11/PSMD6/PSMC3/PSMB3/PSMD1/PSMA2/PSMA7/PSMB6/PSMA1/PSMA3/PSMA4/PSMB2","0.5384340963099162"
"REACTOME_EPIGENETIC_REGULATION_OF_GENE_EXPRESSION_BY_MLL3_AND_MLL4_COMPLEXES","REACTOME_EPIGENETIC_REGULATION_OF_GENE_EXPRESSION_BY_MLL3_AND_MLL4_COMPLEXES","95","0.4989212725141213","1.989022779367624","0.0000039900178593082314839","0.00008296485410906426379","0.000063202520415307021618","1736","tags=35%, list=13%, signal=30%","H4C8/KMT2C/H2BC5/H2AC19/H2AC18/H3C4/H2AC20/H4C12/H2BC6/H2AC6/H2BC21/H2BC12/H2BC17/H2BC11/NCOA1/H2BC4/H3C10/KDM6A/H2BC15/MED1/NCOA3/H4C15/NCOA2/H4C14/H2BC12L/RBBP5/H2AC8/H2BC8/SIRT1/H3C6/MED13/CREBBP/PLIN1","0.6105268783859310"
"REACTOME_REGULATION_OF_RUNX2_EXPRESSION_AND_ACTIVITY","REACTOME_REGULATION_OF_RUNX2_EXPRESSION_AND_ACTIVITY","53","-0.5464855485203945","-1.985021637227787","0.0000424589914188536961021","0.00061446652381365069340","0.000468099816879109201402","1916","tags=43%, list=15%, signal=37%","CBFB/PSMA5/PSMB7/PSMB4/PSMC5/PSMD14/PSMD3/PSMA6/PSMD11/PSMD6/PSMC3/PSMB3/PSMD1/PSMA2/PSMA7/PSMB6/RBX1/PSMA1/PSMA3/SKP2/STUB1/PSMA4/PSMB2","0.5573322387586460"
"REACTOME_PURINE_RIBONUCLEOSIDE_MONOPHOSPHATE_BIOSYNTHESIS","REACTOME_PURINE_RIBONUCLEOSIDE_MONOPHOSPHATE_BIOSYNTHESIS","11","-0.8010306337960740","-1.983400586035713","0.0003574985308675562249020","0.00351475457793157209860","0.002677535570357184209478","1827","tags=73%, list=14%, signal=63%","PPAT/IMPDH1/GMPS/ATIC/PAICS/GART/PFAS/ADSL","0.4984931087665903"
"REACTOME_CYTOSOLIC_IRON_SULFUR_CLUSTER_ASSEMBLY","REACTOME_CYTOSOLIC_IRON_SULFUR_CLUSTER_ASSEMBLY","13","-0.7538076253100459","-1.982166531696213","0.0004006214939605517544145","0.00385491639667360705412","0.002936670411542936613702","1882","tags=69%, list=15%, signal=59%","ERCC2/CIAO3/NUBP2/RTEL1/MMS19/NUBP1/CIAPIN1/BRIP1/POLD1","0.4984931087665903"
"REACTOME_DEFECTIVE_PYROPTOSIS","REACTOME_DEFECTIVE_PYROPTOSIS","39","0.5801165276785486","1.979836373103854","0.0002124252783049570419711","0.00230106184702794785979","0.001752945990509236374316","997","tags=51%, list=8%, signal=47%","H4C8/H2BC5/H2AC19/H2AC18/H3C4/H2AC20/H4C12/H2BC6/H2AC6/H2BC21/H2BC12/H2BC17/H2BC11/H2BC4/H3C10/H2BC15/H4C15/H4C14/H2BC12L/H2AC8","0.5188480777437918"
"REACTOME_DEGRADATION_OF_DVL","REACTOME_DEGRADATION_OF_DVL","43","-0.5780822694527729","-1.978875549193916","0.0000636353038205300370863","0.00086295237355076947344","0.000657396021393369042740","1802","tags=47%, list=14%, signal=40%","PSMA5/PSMB7/PSMB4/PSMC5/PSMD14/PSMD3/PSMA6/PSMD11/PSMD6/PSMC3/PSMB3/PSMD1/PSMA2/PSMA7/PSMB6/RBX1/PSMA1/PSMA3/PSMA4/PSMB2","0.5384340963099162"
"REACTOME_THE_ROLE_OF_GTSE1_IN_G2_M_PROGRESSION_AFTER_G2_CHECKPOINT","REACTOME_THE_ROLE_OF_GTSE1_IN_G2_M_PROGRESSION_AFTER_G2_CHECKPOINT","62","-0.5331988684010460","-1.978020013232863","0.0000311784102715127116085","0.00047001453484305411208","0.000358056475273951476442","3044","tags=55%, list=23%, signal=42%","PSMC6/PSMD13/PSMD7/HSP90AB1/TUBA1C/PSMD8/SEM1/PSMB5/TUBA1A/TUBB8/PSMA5/PSMB7/PSMB4/PSMC5/PSMD14/GTSE1/PSMD3/PSMA6/PSMD11/TUBA1B/PSMD6/PSMC3/CCNB1/PSMB3/PSMD1/PSMA2/PSMA7/PLK1/PSMB6/CCNB2/PSMA1/PSMA3/PSMA4/PSMB2","0.5573322387586460"
"REACTOME_REGULATION_OF_CDH1_FUNCTION","REACTOME_REGULATION_OF_CDH1_FUNCTION","57","-0.5341905434028698","-1.969529314795417","0.0000639223980407977392755","0.00086295237355076947344","0.000657396021393369042740","1802","tags=40%, list=14%, signal=35%","PSMA5/PSMB7/ACTG1/PSMB4/PSMC5/MTBP/PSMD14/PSMD3/PSMA6/PSMD11/PSMD6/PSMC3/ACTA1/PSMB3/PSMD1/PSMA2/PSMA7/ACTB/PSMB6/PSMA1/PSMA3/PSMA4/PSMB2","0.5384340963099162"
"REACTOME_FORMATION_OF_THE_CANONICAL_BAF_CBAF_COMPLEX","REACTOME_FORMATION_OF_THE_CANONICAL_BAF_CBAF_COMPLEX","18","-0.6905635104269252","-1.965560135307733","0.0003926732479775270887902","0.00379864120637083682239","0.002893800043093779170850","714","tags=39%, list=6%, signal=37%","SMARCD1/ACTL6A/ACTB/SMARCE1/SMARCC1/SMARCB1/SMARCA4","0.4984931087665903"
"REACTOME_MATERNAL_TO_ZYGOTIC_TRANSITION_MZT","REACTOME_MATERNAL_TO_ZYGOTIC_TRANSITION_MZT","74","0.5084281332547580","1.963468947922314","0.0000292127292033608894036","0.00044784599261762583636","0.000341168507981941867419","1858","tags=47%, list=14%, signal=41%","H4C8/H2BC5/H2AC19/H2AC18/H3C4/H2AC20/EIF4A2/H4C12/H2BC6/H2AC6/H2BC21/H2BC12/H2BC17/CNOT4/H2BC11/KDM5B/KDM5A/H2BC4/H3C10/KDM6A/METTL23/KDM6B/H2BC15/H4C15/H4C14/H2BC12L/TET3/H2AC8/CNOT8/H2BC8/H3C6/CREBBP/EIF4B/TUT7/CNOT1","0.5756102610711286"
"REACTOME_FORMATION_OF_NEURONAL_PROGENITOR_AND_NEURONAL_BAF_NPBAF_AND_NBAF","REACTOME_FORMATION_OF_NEURONAL_PROGENITOR_AND_NEURONAL_BAF_NPBAF_AND_NBAF","24","-0.6476519543658970","-1.961403855668942","0.0003719255652949199787011","0.00361727606246510903845","0.002755636306974167115680","714","tags=33%, list=6%, signal=32%","SMARCD1/ACTL6A/ACTB/SMARCD2/SMARCE1/SMARCC1/SMARCB1/SMARCA4","0.4984931087665903"
"REACTOME_REPRODUCTION","REACTOME_REPRODUCTION","91","0.4899164452281963","1.961070488916187","0.0000075655428118819647985","0.00013417712692837720505","0.000102215964760329618036","1088","tags=31%, list=8%, signal=28%","H4C8/H2BC5/H2AC19/H2AC18/H3C4/H2AC20/H4C12/H2BC6/H2AC6/OVGP1/H2BC21/H2BC12/H2BC17/PRDM1/H2BC11/H2BC4/H3C10/TERF2IP/H2BC15/TFAP2C/STAG3/H4C15/H4C14/H2BC12L/B4GALT1/CBFA2T2/H2AC8/SYNE1","0.6105268783859310"
"REACTOME_STABILIZATION_OF_P53","REACTOME_STABILIZATION_OF_P53","43","-0.5727464461392946","-1.960610103516338","0.0000887449394647163100364","0.00112265451392777474218","0.000855236781861642156657","1802","tags=44%, list=14%, signal=38%","PSMA5/PSMB7/PSMB4/PSMC5/PSMD14/PSMD3/PSMA6/PSMD11/PSMD6/PSMC3/PSMB3/PSMD1/PSMA2/PSMA7/PSMB6/PSMA1/PSMA3/PSMA4/PSMB2","0.5384340963099162"
"REACTOME_POLYMERASE_SWITCHING_ON_THE_C_STRAND_OF_THE_TELOMERE","REACTOME_POLYMERASE_SWITCHING_ON_THE_C_STRAND_OF_THE_TELOMERE","26","-0.6273363248370094","-1.957477576858877","0.0004415542837522827188633","0.00409626512465579260824","0.003120529565775280716328","2384","tags=58%, list=18%, signal=47%","RFC3/POLA2/TEN1/RFC4/ACD/RFC2/PCNA/TERF1/DSCC1/PRIM1/RFC5/POLA1/POLD2/POLD1/CHTF18","0.4984931087665903"
"REACTOME_RAF_INDEPENDENT_MAPK1_3_ACTIVATION","REACTOME_RAF_INDEPENDENT_MAPK1_3_ACTIVATION","21","0.6756438308632808","1.954911444628073","0.0006079157982133772276240","0.00531265545395168820031","0.004047174172649922740952","2181","tags=52%, list=17%, signal=44%","JAK1/JAK2/DUSP5/MAP2K1/IL6R/DUSP1/IL6ST/DUSP8/PEA15/DUSP6/DUSP10","0.4772708153628621"
"REACTOME_TRANSCRIPTION_COUPLED_NUCLEOTIDE_EXCISION_REPAIR_TC_NER","REACTOME_TRANSCRIPTION_COUPLED_NUCLEOTIDE_EXCISION_REPAIR_TC_NER","76","-0.5074430513846655","-1.954491683664282","0.0000244882823636903584246","0.00037862651962321247634","0.000288437201429951768899","2404","tags=45%, list=19%, signal=37%","AQR/RFC3/GTF2H4/MNAT1/POLR2I/GPS1/POLR2D/ISY1/ERCC2/POLR2L/RFC4/COPS3/COPS5/RPA3/RFC2/PCNA/COPS6/GTF2H2/POLR2F/POLE/POLR2G/PRPF19/GTF2H3/COPS7A/COPS7B/POLE2/RFC5/XPA/RBX1/LIG1/POLR2E/POLD2/POLD1/LIG3","0.5756102610711286"
"REACTOME_THE_CRY_PER_KINASE_COMPLEX_REPRESSES_TRANSACTIVATION_BY_THE_BMAL_CLOCK_ARNTL_CLOCK_COMPLEX","REACTOME_THE_CRY_PER_KINASE_COMPLEX_REPRESSES_TRANSACTIVATION_BY_THE_BMAL_CLOCK_ARNTL_CLOCK_COMPLEX","14","0.7513341271183092","1.953333595707836","0.0001930850675495045763730","0.00216950861613076891390","0.001652728906410607387714","1651","tags=57%, list=13%, signal=50%","PER1/NR1D1/CRY2/BMAL1/KMT2A/CSNK1D/CRY1/CREBBP","0.5188480777437918"
"REACTOME_DNA_REPLICATION","REACTOME_DNA_REPLICATION","149","-0.4534120960873450","-1.949283935075093","0.0000004084247930771088730","0.00001191678146252403035","0.000009078188972402957270","1802","tags=42%, list=14%, signal=37%","PSMA5/UBE2S/RFC4/PSMB7/RPA3/PSMB4/GINS4/ANAPC2/UBE2E1/RFC2/GMNN/PCNA/PSMC5/PSMD14/POLE/ANAPC5/PSMD3/PSMA6/PSMD11/ORC2/GINS3/FEN1/PSMD6/MCM4/CCNA2/MCM10/PSMC3/CDC7/H3-3A/H2AX/ANAPC15/MCM7/MCM5/ORC1/PSMB3/PRIM1/DNA2/PSMD1/PSMA2/MCM6/PSMA7/POLE2/MCM2/PSMB6/CDC6/RFC5/RBX1/PSMA1/SSBP1/CDC45/H2AZ2/PSMA3/SKP2/LIG1/POLA1/POLD2/POLD1/PSMA4/PSMB2/MCM3/LIG3/ANAPC7/GINS2","0.6749628600110250"
"REACTOME_TRANSCRIPTIONAL_REGULATION_BY_SMALL_RNAS","REACTOME_TRANSCRIPTIONAL_REGULATION_BY_SMALL_RNAS","44","0.5698483758854784","1.948991687547079","0.0000541512524229070975595","0.00074211830025029505709","0.000565344777928293573677","997","tags=45%, list=8%, signal=42%","H4C8/H2BC5/H2AC19/H2AC18/H3C4/H2AC20/H4C12/H2BC6/H2AC6/H2BC21/H2BC12/H2BC17/H2BC11/H2BC4/H3C10/H2BC15/H4C15/H4C14/H2BC12L/H2AC8","0.5573322387586460"
"REACTOME_DENGUE_VIRUS_HOST_INTERACTIONS","REACTOME_DENGUE_VIRUS_HOST_INTERACTIONS","233","-0.4283933455974508","-1.948456476247468","0.0000000149546386980249206","0.00000077294118299220226","0.000000588825610826439799","1665","tags=31%, list=13%, signal=27%","SNRPD2/PRR5/SF3B3/NCBP1/SNRNP40/SF3A3/MAVS/LEO1/PAPOLA/CPSF1/TXNL4A/PUF60/SF3B5/POLR2F/EFTUD2/PHF5A/CSTF2T/CWC27/RNPS1/HNRNPUL1/POLR2G/SRSF9/SNRPB/DDX46/RBM17/SRSF6/SYMPK/U2SURP/PRPF19/CHERP/CCAR1/YBX1/U2AF1/DHX9/SNRPE/SKIC8/MLST8/PPIL1/ELAVL1/SNRPD3/HNRNPK/SNRPD1/DHX15/ALYREF/SNRPF/HNRNPF/SRRT/PABPN1/NUDT21/POLR2E/HNRNPA1/HNRNPR/HNRNPA0/CSTF2/U2AF2/FASN/HNRNPU/RBM10/HNRNPL/HNRNPD/FUS/SRSF7/SRSF3/CPSF6/HNRNPH1/HNRNPA3/HNRNPA2B1/SRSF2/PTBP1/RBMX/SRSF1/HNRNPM","0.7337619883564803"
"REACTOME_RHO_GTPASES_ACTIVATE_FORMINS","REACTOME_RHO_GTPASES_ACTIVATE_FORMINS","135","-0.4575765889276079","-1.947280742802312","0.0000012762881319636962760","0.00003120007068543684617","0.000023768174194136298521","2709","tags=46%, list=21%, signal=37%","RAC1/NUP133/ZW10/PPP2R1B/TUBA1C/SRF/ERCC6L/TUBA1A/SPDL1/NDE1/NUP85/RHOA/KNTC1/CENPU/NDC80/TUBB8/CDCA8/DIAPH3/NUP43/NUF2/ACTG1/RCC2/SEH1L/DIAPH2/BUB3/SKA2/DYNC1LI1/BUB1/MAD2L1/SKA1/SPC25/CENPK/CENPM/XPO1/CENPO/PPP1CC/NUP37/NUP107/CDC42/TUBA1B/ITGB3BP/KIF2C/CENPF/B9D2/SPC24/CENPE/CENPI/AURKB/CENPN/PFN1/KNL1/ACTB/PMF1/CENPH/PLK1/CENPS/NSL1/ZWILCH/ZWINT/BUB1B/BIRC5/CDC20","0.6435518361507222"
"REACTOME_ASYMMETRIC_LOCALIZATION_OF_PCP_PROTEINS","REACTOME_ASYMMETRIC_LOCALIZATION_OF_PCP_PROTEINS","49","-0.5485722538049058","-1.942072069128275","0.0000790331956423429433630","0.00101397908451771913418","0.000772447977859142399619","1802","tags=41%, list=14%, signal=35%","PSMA5/PSMB7/PSMB4/PSMC5/PSMD14/PSMD3/PSMA6/PSMD11/PSMD6/PSMC3/PSMB3/PSMD1/PSMA2/SCRIB/PSMA7/PSMB6/PSMA1/PSMA3/PSMA4/PSMB2","0.5384340963099162"
"REACTOME_ZYMOSTENOL_BIOSYNTHESIS_VIA_LATHOSTEROL_KANDUTSCH_RUSSELL_PATHWAY","REACTOME_ZYMOSTENOL_BIOSYNTHESIS_VIA_LATHOSTEROL_KANDUTSCH_RUSSELL_PATHWAY","8","-0.8671919231673941","-1.933447478080516","0.0002017678377993489336265","0.00225163936866775793791","0.001715296009308417152922","711","tags=75%, list=5%, signal=71%","MSMO1/NSDHL/HSD17B7/CYP51A1/SREBF2/DHCR24","0.5188480777437918"
"REACTOME_ATP_DEPENDENT_CHROMATIN_REMODELERS","REACTOME_ATP_DEPENDENT_CHROMATIN_REMODELERS","30","-0.6040446822244502","-1.930276158812722","0.0003709871514422790499989","0.00361727606246510903845","0.002755636306974167115680","2797","tags=50%, list=22%, signal=39%","DPF1/BRD7/SMARCC2/SS18/BRD9/BCL7C/PHF10/SMARCD1/ACTL6A/ACTB/SMARCD2/SMARCE1/SMARCC1/SMARCB1/SMARCA4","0.4984931087665903"
"REACTOME_P53_DEPENDENT_G1_DNA_DAMAGE_RESPONSE","REACTOME_P53_DEPENDENT_G1_DNA_DAMAGE_RESPONSE","51","-0.5301813474899493","-1.922457714713825","0.0001568452165397470098648","0.00181880126102822018731","0.001385560489028367370246","3044","tags=55%, list=23%, signal=42%","PSMC6/PSMD13/CDK2/PSMD7/CCNE2/PSMD8/SEM1/PSMB5/PSMA5/PSMB7/PSMB4/PSMC5/PSMD14/PSMD3/PSMA6/PSMD11/PSMD6/CCNA2/PSMC3/PSMB3/PSMD1/PSMA2/PSMA7/PSMB6/PSMA1/PSMA3/PSMA4/PSMB2","0.5188480777437918"
"REACTOME_SIGNALING_BY_NOTCH2","REACTOME_SIGNALING_BY_NOTCH2","32","0.5962453498000441","1.922133838433302","0.0004130009814034301578525","0.00391161662491521042867","0.002979864573353690083285","3819","tags=69%, list=29%, signal=49%","NEURL1B/MIB1/UBC/UBA52/HES1/NCSTN/NEURL1/NOTCH2NLB/NOTCH2NLA/NOTCH2/PSEN1/NOTCH2NLC/MDK/CREB1/APH1B/EP300/ADAM10/MIB2/DLL4/PSENEN/JAG1/MAML2","0.4984931087665903"
"REACTOME_PROCESSIVE_SYNTHESIS_ON_THE_LAGGING_STRAND","REACTOME_PROCESSIVE_SYNTHESIS_ON_THE_LAGGING_STRAND","15","-0.7112112944755121","-1.921788685991316","0.0010639389323639813263872","0.00847870276936758815456","0.006459064993615511521274","2082","tags=67%, list=16%, signal=56%","POLA2/RPA3/PCNA/FEN1/PRIM1/DNA2/LIG1/POLA1/POLD2/POLD1","0.4550598673872295"
"REACTOME_DEGRADATION_OF_THE_EXTRACELLULAR_MATRIX","REACTOME_DEGRADATION_OF_THE_EXTRACELLULAR_MATRIX","65","0.5057903929601112","1.920363809963076","0.0001018066351320442281241","0.00126142604762923297643","0.000960952759862399507815","3573","tags=52%, list=28%, signal=38%","MMP1/LAMC1/CAPN3/CTSB/CTSK/LAMB3/COL7A1/NCSTN/COL11A2/TIMP2/TLL2/BMP1/MMP14/FN1/CTSV/CAST/LAMA5/TMPRSS6/ADAM17/PSEN1/FBN1/MMP19/COL1A1/CTSS/COL16A1/CTSD/LAMC2/ADAM10/MMP24/COL5A2/TIMP1/LAMA3/CD44/CASP3","0.5384340963099162"
"REACTOME_INTERLEUKIN_6_FAMILY_SIGNALING","REACTOME_INTERLEUKIN_6_FAMILY_SIGNALING","15","0.7049053053486486","1.919367384262563","0.0009680713158353248344243","0.00793339623383471949369","0.006043651167909152438495","2294","tags=60%, list=18%, signal=49%","OSMR/JAK1/JAK2/IL6R/IL6ST/CBL/STAT1/STAT3/CLCF1","0.4772708153628621"
"REACTOME_DEGRADATION_OF_GLI1_BY_THE_PROTEASOME","REACTOME_DEGRADATION_OF_GLI1_BY_THE_PROTEASOME","44","-0.5573320460129945","-1.918577977257200","0.0001489386999971224030074","0.00173825876319222221399","0.001324203316543165085892","1802","tags=45%, list=14%, signal=39%","PSMA5/PSMB7/PSMB4/PSMC5/PSMD14/PSMD3/PSMA6/PSMD11/PSMD6/PSMC3/PSMB3/PSMD1/PSMA2/PSMA7/PSMB6/RBX1/PSMA1/PSMA3/PSMA4/PSMB2","0.5188480777437918"
"REACTOME_INTERLEUKIN_6_SIGNALING","REACTOME_INTERLEUKIN_6_SIGNALING","10","0.8121067188247595","1.917567023661316","0.0005465818940201222324304","0.00487077165656355209195","0.003710547657416097058758","1728","tags=70%, list=13%, signal=61%","JAK1/JAK2/IL6R/IL6ST/CBL/STAT1/STAT3","0.4772708153628621"
"REACTOME_PROCESSING_OF_CAPPED_INTRONLESS_PRE_MRNA","REACTOME_PROCESSING_OF_CAPPED_INTRONLESS_PRE_MRNA","29","-0.6043309868886406","-1.916016482166065","0.0004467560083721045806858","0.00412337560788335246581","0.003141182297441708157898","1592","tags=45%, list=12%, signal=39%","NCBP1/PAPOLA/CPSF1/CSTF2T/SNRPB/SYMPK/SNRPE/SNRPD3/SNRPF/PABPN1/NUDT21/CSTF2/CPSF6","0.4984931087665903"
"REACTOME_OVARIAN_TUMOR_DOMAIN_PROTEASES","REACTOME_OVARIAN_TUMOR_DOMAIN_PROTEASES","37","0.5756397587814966","1.914975458903963","0.0004106339004001607721761","0.00390966697802047798149","0.002978379334827205206920","1792","tags=35%, list=14%, signal=30%","TNFAIP3/YOD1/OTUD3/OTUD7B/TRIM4/VCPIP1/APC/PTEN/UBC/ZRANB1/UBA52/TNIP1/TRAF6","0.4984931087665903"
"REACTOME_MAPK3_ERK1_ACTIVATION","REACTOME_MAPK3_ERK1_ACTIVATION","9","0.8244969689653521","1.913359770526273","0.0002673074576880642540602","0.00282783152606846943655","0.002154238462499322420002","1294","tags=56%, list=10%, signal=50%","JAK1/JAK2/MAP2K1/IL6R/IL6ST","0.4984931087665903"
"REACTOME_PHOSPHORYLATION_OF_CLOCK_ACETYLATION_OF_BMAL1_ARNTL_AT_TARGET_GENE_PROMOTERS","REACTOME_PHOSPHORYLATION_OF_CLOCK_ACETYLATION_OF_BMAL1_ARNTL_AT_TARGET_GENE_PROMOTERS","11","0.7661071426483782","1.913037504384719","0.0010305170772735511644513","0.00828535730127935056422","0.006311774661760174466585","1651","tags=64%, list=13%, signal=56%","PER1/NR1D1/CRY2/BMAL1/KMT2A/CRY1/CREBBP","0.4550598673872295"
"REACTOME_INTERACTIONS_OF_REV_WITH_HOST_CELLULAR_PROTEINS","REACTOME_INTERACTIONS_OF_REV_WITH_HOST_CELLULAR_PROTEINS","37","-0.5728240118646520","-1.911971285719737","0.0002457827702660297778704","0.00263089367698963235570","0.002004211459371115465478","2922","tags=59%, list=23%, signal=46%","NUP210/SEC13/NUP42/NUP133/RCC1/NUP155/NUP85/NUP43/NUP88/SEH1L/NPM1/XPO1/NUP37/NUP54/NUP107/NUP35/NDC1/NUP62/NUP93/RANBP1/AAAS/RAN","0.4984931087665903"
"REACTOME_AMPK_INDUCED_ERAD_AND_LYSOSOME_MEDIATED_DEGRADATION_OF_PD_L1_CD274","REACTOME_AMPK_INDUCED_ERAD_AND_LYSOSOME_MEDIATED_DEGRADATION_OF_PD_L1_CD274","52","-0.5197530556864964","-1.908182184668146","0.0002801988408295048209665","0.00294697501779403589137","0.002245001823069294518559","1802","tags=38%, list=14%, signal=33%","PSMA5/PSMB7/PSMB4/VCP/PSMC5/PSMD14/PSMD3/PSMA6/PSMD11/PSMD6/PSMC3/PSMB3/PSMD1/PSMA2/PSMA7/PSMB6/PSMA1/PSMA3/PSMA4/PSMB2","0.4984931087665903"
"REACTOME_INTRA_GOLGI_TRAFFIC","REACTOME_INTRA_GOLGI_TRAFFIC","41","0.5681854268816449","1.908045754674376","0.0001782700630330089736856","0.00202824241526234749083","0.001545112494132678962813","2491","tags=51%, list=19%, signal=42%","BET1L/GOLGA5/RIC1/YKT6/ALPP/MAN1A2/MAN2A2/SNAP29/MAN1C1/RAB33B/CYTH3/RAB30/STX5/GOSR1/NAPB/COG1/GOSR2/TRIP11/COG6/CUX1/RGP1","0.5188480777437918"
"REACTOME_TNFR1_INDUCED_NF_KAPPA_B_SIGNALING_PATHWAY","REACTOME_TNFR1_INDUCED_NF_KAPPA_B_SIGNALING_PATHWAY","32","0.5918659090366818","1.908015705205939","0.0004906108310343457699909","0.00443757496670565704938","0.003380538969657846410516","1077","tags=41%, list=8%, signal=37%","TNFAIP3/OTUD7B/CYLD/BIRC3/OTUD1/BIRC2/TAB2/CHUK/OPTN/USP2/UBC/TAB3/UBA52","0.4772708153628621"
"REACTOME_REGULATION_OF_MITF_M_DEPENDENT_GENES_INVOLVED_IN_PIGMENTATION","REACTOME_REGULATION_OF_MITF_M_DEPENDENT_GENES_INVOLVED_IN_PIGMENTATION","37","-0.5715206223136871","-1.907620833671750","0.0002605001304909005180321","0.00277202785916493520124","0.002111727299976416845351","714","tags=24%, list=6%, signal=23%","SMARCD1/ACTL6A/AKT2/ACTB/SMARCD2/SMARCE1/SMARCC1/SMARCB1/SMARCA4","0.4984931087665903"
"REACTOME_POLYMERASE_SWITCHING","REACTOME_POLYMERASE_SWITCHING","14","-0.7214954145688965","-1.907067620249358","0.0007525959024945527231845","0.00642191503590870769319","0.004892206712360660549044","3040","tags=86%, list=23%, signal=66%","POLD3/PRIM2/RFC3/POLA2/RFC4/RFC2/PCNA/PRIM1/RFC5/POLA1/POLD2/POLD1","0.4772708153628621"
"REACTOME_UBIQUITIN_MEDIATED_DEGRADATION_OF_PHOSPHORYLATED_CDC25A","REACTOME_UBIQUITIN_MEDIATED_DEGRADATION_OF_PHOSPHORYLATED_CDC25A","50","-0.5331840797515721","-1.906845175130716","0.0002058542203132994756389","0.00225163936866775793791","0.001715296009308417152922","1802","tags=44%, list=14%, signal=38%","PSMA5/PSMB7/PSMB4/PSMC5/CHEK1/PSMD14/PSMD3/PSMA6/PSMD11/PSMD6/PSMC3/PSMB3/PSMD1/PSMA2/PSMA7/CDC25A/PSMB6/RBX1/PSMA1/PSMA3/PSMA4/PSMB2","0.5188480777437918"
"REACTOME_INTERLEUKIN_3_INTERLEUKIN_5_AND_GM_CSF_SIGNALING","REACTOME_INTERLEUKIN_3_INTERLEUKIN_5_AND_GM_CSF_SIGNALING","37","0.5729513265760200","1.906031876363187","0.0004616083797087012921892","0.00421742201461131668155","0.003212826730557886544676","3972","tags=62%, list=31%, signal=43%","CRKL/GAB2/JAK1/TEC/JAK2/FYN/UBC/UBA52/STAT5A/INPP5D/CBL/SOS1/GRB2/PRKACA/PIK3CA/PIK3R3/JAK3/CRK/IL3RA/PIK3CD/PIK3R1/PIK3CB/SHC1","0.4984931087665903"
"REACTOME_INTERLEUKIN_2_FAMILY_SIGNALING","REACTOME_INTERLEUKIN_2_FAMILY_SIGNALING","30","0.5960516224752110","1.902202496839533","0.0005424126284717132933863","0.00485754675695707592575","0.003700472945704197033634","3972","tags=67%, list=31%, signal=46%","GAB2/JAK1/JAK2/STAT5A/IL15/INPP5D/STAT1/SOS1/STAT3/SOS2/GRB2/PIK3CA/PTK2B/PIK3R3/JAK3/IL3RA/PIK3CD/PIK3R1/PIK3CB/SHC1","0.4772708153628621"
"REACTOME_REGULATION_OF_PTEN_STABILITY_AND_ACTIVITY","REACTOME_REGULATION_OF_PTEN_STABILITY_AND_ACTIVITY","54","-0.5135980957946396","-1.898278057454905","0.0003494093547468956652280","0.00345399739200619821863","0.002631250823339163682352","1802","tags=44%, list=14%, signal=38%","PSMA5/PSMB7/TRIM27/PSMB4/USP13/PSMC5/WWP2/PSMD14/PSMD3/PSMA6/PSMD11/PSMD6/PSMC3/PSMB3/PSMD1/PSMA2/PSMA7/AKT2/PSMB6/PSMA1/PSMA3/STUB1/PSMA4/PSMB2","0.4984931087665903"
"REACTOME_CONSTITUTIVE_SIGNALING_BY_ABERRANT_PI3K_IN_CANCER","REACTOME_CONSTITUTIVE_SIGNALING_BY_ABERRANT_PI3K_IN_CANCER","49","0.5301395607438779","1.897841726719935","0.0003145106271275331676941","0.00316083180263170872293","0.002407917649955298652897","4631","tags=67%, list=36%, signal=43%","FRS2/HBEGF/GAB2/NTRK2/MET/ESR2/FYN/BDNF/PDGFA/PDGFB/TGFA/IRS2/GRB2/PIK3CA/NTF4/PIK3R3/RHOG/PIK3CD/PIK3R1/IRS1/GAB1/PIK3CB/AREG/FGFR1/FLT3LG/KITLG/STRN/RAC2/PDGFRB/EGFR/SRC/FGF18/FGF9","0.4984931087665903"
"REACTOME_FOXO_MEDIATED_TRANSCRIPTION_OF_CELL_CYCLE_GENES","REACTOME_FOXO_MEDIATED_TRANSCRIPTION_OF_CELL_CYCLE_GENES","15","0.6969028519971271","1.897577722813787","0.0012757217864278968220970","0.00990463824741658928341","0.007545340828486852245705","2301","tags=60%, list=18%, signal=49%","CCNG2/CDKN1A/BTG1/FOXO3/SMAD3/FOXO1/GADD45A/KLF4/CAV1","0.4550598673872295"
"REACTOME_STAT5_ACTIVATION_DOWNSTREAM_OF_FLT3_ITD_MUTANTS","REACTOME_STAT5_ACTIVATION_DOWNSTREAM_OF_FLT3_ITD_MUTANTS","8","0.8246540876318137","1.890254361283893","0.0007756411380554594078504","0.00655670476047815874859","0.004994889353225374049872","1829","tags=75%, list=14%, signal=64%","BCL2L1/CDKN1A/GAB2/STAT5A/PIM1/GRB2","0.4772708153628621"
"REACTOME_INHIBITION_OF_THE_PROTEOLYTIC_ACTIVITY_OF_APC_C_REQUIRED_FOR_THE_ONSET_OF_ANAPHASE_BY_MITOTIC_SPINDLE_CHECKPOINT_COMPONENTS","REACTOME_INHIBITION_OF_THE_PROTEOLYTIC_ACTIVITY_OF_APC_C_REQUIRED_FOR_THE_ONSET_OF_ANAPHASE_BY_MITOTIC_SPINDLE_CHECKPOINT_COMPONENTS","21","-0.6435057530552052","-1.886455708207353","0.0021909654705972747036624","0.01542200986891233485676","0.011748467517385858399637","1965","tags=52%, list=15%, signal=45%","ANAPC11/UBE2S/BUB3/ANAPC2/UBE2E1/MAD2L1/ANAPC5/ANAPC15/BUB1B/ANAPC7/CDC20","0.4317076958033464"
"REACTOME_HH_MUTANTS_ABROGATE_LIGAND_SECRETION","REACTOME_HH_MUTANTS_ABROGATE_LIGAND_SECRETION","44","-0.5477649103391686","-1.885643757987838","0.0002357418920740626279691","0.00253843501644035289544","0.001933776569275897153077","1802","tags=45%, list=14%, signal=39%","PSMA5/PSMB7/PSMB4/VCP/PSMC5/PSMD14/PSMD3/PSMA6/PSMD11/PSMD6/PSMC3/PSMB3/PSMD1/PSMA2/PSMA7/PSMB6/PSMA1/PSMA3/PSMA4/PSMB2","0.5188480777437918"
"REACTOME_PENTOSE_PHOSPHATE_PATHWAY","REACTOME_PENTOSE_PHOSPHATE_PATHWAY","14","-0.7125807784494337","-1.883504318880504","0.0011017941325386329705360","0.00867957374472834615464","0.006612088247346443146968","2443","tags=93%, list=19%, signal=75%","PRPS2/PGM2/PGLS/DERA/PGD/PRPS1/RPIA/G6PD/TALDO1/RPEL1/TKT/RPE/SHPK","0.4550598673872295"
"REACTOME_RNA_POLYMERASE_I_PROMOTER_ESCAPE","REACTOME_RNA_POLYMERASE_I_PROMOTER_ESCAPE","58","0.5106567591793093","1.880085263673481","0.0001366569967449790621444","0.00161576802033769361712","0.001230890024317371359355","1538","tags=40%, list=12%, signal=35%","H4C8/H2BC5/H2AC19/H2AC18/H3C4/H2AC20/H4C12/H2BC6/H2AC6/H2BC21/H2BC12/H2BC17/H2BC11/H2BC4/H3C10/H2BC15/H4C15/H4C14/H2BC12L/H2AC8/TAF1D/H2BC8/H3C6","0.5188480777437918"
"REACTOME_INTERLEUKIN_15_SIGNALING","REACTOME_INTERLEUKIN_15_SIGNALING","13","0.7285772785761329","1.874642984769373","0.0010576927155399266228253","0.00846622178058286344038","0.006449556992222142508264","1829","tags=62%, list=14%, signal=53%","GAB2/JAK1/STAT5A/IL15/SOS1/STAT3/SOS2/GRB2","0.4550598673872295"
"REACTOME_UBIQUINOL_BIOSYNTHESIS","REACTOME_UBIQUINOL_BIOSYNTHESIS","13","-0.7123224172153673","-1.873079560054208","0.0017378482070870638134807","0.01288429265008400950721","0.009815237765418512519422","2669","tags=69%, list=21%, signal=55%","COQ6/COQ4/COQ8B/STARD7/COQ2/COQ9/COQ7/PDSS1/COQ3","0.4550598673872295"
"REACTOME_CARGO_CONCENTRATION_IN_THE_ER","REACTOME_CARGO_CONCENTRATION_IN_THE_ER","29","0.5918310240676936","1.871386663782458","0.0006743024212518339754671","0.00580863371449794139295","0.004425009781165724701002","2407","tags=55%, list=19%, signal=45%","SEC24A/CD59/SAR1B/LMAN2L/SEC24B/MCFD2/SEC24D/COL7A1/CNIH3/TGFA/SERPINA1/STX5/SEC24C/MIA2/GOSR2/F8","0.4772708153628621"
"REACTOME_MITOTIC_G2_G2_M_PHASES","REACTOME_MITOTIC_G2_G2_M_PHASES","187","-0.4230562516080484","-1.871100864599977","0.0000005344881130040298661","0.00001487521532960446253","0.000011331920132294891613","3093","tags=44%, list=24%, signal=34%","HJURP/RAB8A/PSMC6/PPP2R1A/PSMD13/CDK2/PSMD7/TICRR/CEP72/SFI1/HSP90AB1/SDCCAG8/HMMR/PPP2R1B/ODF2/TUBA1C/PSMD8/SEM1/TUBGCP3/CDC25C/SSNA1/PSMB5/CEP78/CDC25B/TUBA1A/MNAT1/CEP131/AURKA/MZT1/NDE1/HAUS8/HAUS4/RBBP4/ACTR1A/TUBB8/HAUS5/NEDD1/PSMA5/TUBGCP4/PSMB7/TPX2/MIS18BP1/CETN2/PSMB4/PSMC5/PSMD14/GTSE1/XPO1/PSMD3/PPP2R3B/PSMA6/PSMD11/MYBL2/TUBA1B/PSMD6/CCNA2/CENPF/PSMC3/CCNB1/FOXM1/PSMB3/PSMD1/YWHAE/PSMA2/TUBGCP2/PSMA7/CDC25A/PLK1/PSMB6/CCNB2/HAUS7/HAUS1/PKMYT1/RBX1/PSMA1/E2F1/PSMA3/DCTN1/PSMA4/PSMB2/MZT2A/MZT2B","0.6594443980379349"
"REACTOME_EXTRACELLULAR_MATRIX_ORGANIZATION","REACTOME_EXTRACELLULAR_MATRIX_ORGANIZATION","172","0.4310336453362105","1.870242681279187","0.0000006935410846435672324","0.00001818283800174221674","0.000013851662880074632817","3694","tags=47%, list=28%, signal=34%","P4HA1/MMP1/LAMC1/TNXB/ITGA10/DDR2/ITGA3/LTBP3/CAPN3/CTSB/P4HA2/VWF/PDGFA/SDC4/CTSK/LAMB3/COL7A1/SSPN/PDGFB/CEACAM6/LAMB2/NCSTN/ACTA2/COL11A2/ITGA5/ITGAV/TIMP2/EFEMP2/TLL2/BMP1/MMP14/DDR1/FN1/CTSV/COLGALT2/ICAM5/CAST/LAMA5/TMPRSS6/ADAM17/TNC/PSEN1/BMP2/NTN4/ICAM3/ITGB7/FBN1/CRTAP/APP/MMP19/COL1A1/PLOD1/SERPINE1/P3H2/MFAP3/CTSS/COL16A1/PRKCA/UTRN/CTSD/AGRN/LAMC2/ICAM1/ITGB8/SNTA1/DST/LTBP1/ICAM2/ADAM10/MMP24/CEACAM1/ITGA1/COL5A2/TIMP1/LAMA3/CD44/CASP3/TRAPPC4/F11R/ITGB1","0.6594443980379349"
"REACTOME_FLT3_SIGNALING_IN_DISEASE","REACTOME_FLT3_SIGNALING_IN_DISEASE","26","0.6141000822430076","1.868628615352872","0.0009774500189828278298720","0.00793339623383471949369","0.006043651167909152438495","2281","tags=50%, list=18%, signal=41%","BCL2L1/CDKN1A/GAB2/UBC/UBA52/STAT5A/CBL/SOS1/PIM1/GOLGB1/GRB2/PIK3CA/TRIP11","0.4550598673872295"
"REACTOME_EPIGENETIC_REGULATION_BY_WDR5_CONTAINING_HISTONE_MODIFYING_COMPLEXES","REACTOME_EPIGENETIC_REGULATION_BY_WDR5_CONTAINING_HISTONE_MODIFYING_COMPLEXES","127","0.4391299323175366","1.867783246595662","0.0000144293623579056730415","0.00023976999418923644397","0.000182656476835383414694","997","tags=25%, list=8%, signal=23%","H4C8/KMT2C/H2BC5/H2AC19/H2AC18/KANSL1/H3C4/H2AC20/H4C12/H2BC6/H2AC6/H2BC21/H2BC12/H2BC17/HCFC2/H2BC11/NCOA1/H2BC4/H3C10/AKAP8L/KDM6A/H2BC15/MED1/NCOA3/KMT2A/H4C15/NCOA2/KANSL2/H4C14/H2BC12L/RBBP5/H2AC8","0.5933254763964051"
"REACTOME_REGULATION_OF_RUNX3_EXPRESSION_AND_ACTIVITY","REACTOME_REGULATION_OF_RUNX3_EXPRESSION_AND_ACTIVITY","43","-0.5450059539253793","-1.865649602796110","0.0002991277072954152136189","0.00303084479468077039321","0.002308893712506510185328","1916","tags=47%, list=15%, signal=40%","CBFB/PSMA5/PSMB7/PSMB4/PSMC5/PSMD14/PSMD3/PSMA6/PSMD11/PSMD6/PSMC3/PSMB3/PSMD1/PSMA2/PSMA7/PSMB6/PSMA1/PSMA3/PSMA4/PSMB2","0.4984931087665903"
"REACTOME_HATS_ACETYLATE_HISTONES","REACTOME_HATS_ACETYLATE_HISTONES","104","0.4602130730653745","1.863558883465888","0.0000215783271319005738890","0.00034241398054042225703","0.000260850535181356504594","1078","tags=32%, list=8%, signal=29%","H4C8/BRPF1/H2BC5/H2AC19/H2AC18/KANSL1/H3C4/H2AC20/H4C12/H2BC6/ATXN7/H2AC6/BRPF3/KAT6A/H2BC21/H2BC12/H2BC17/H2BC11/NCOA1/H2BC4/H3C10/H2BC15/H2BC18/SUPT7L/EPC1/H4C15/NCOA2/KANSL2/H4C14/H2AC8/KAT7/TAF12/H2AC13","0.5756102610711286"
"REACTOME_E2F_MEDIATED_REGULATION_OF_DNA_REPLICATION","REACTOME_E2F_MEDIATED_REGULATION_OF_DNA_REPLICATION","22","-0.6237290036560542","-1.862181093399956","0.0028743477227143213008353","0.01850425277718934988225","0.014096516247505061492085","3160","tags=64%, list=24%, signal=48%","ORC6/PPP2R1A/PRIM2/PPP2R1B/ORC5/POLA2/PPP2R3B/ORC2/CCNB1/ORC1/PRIM1/TFDP1/E2F1/POLA1","0.4317076958033464"
"REACTOME_M_PHASE","REACTOME_M_PHASE","365","-0.3924479115411789","-1.859216771109092","0.0000000013197627242884008","0.00000009947711534323820","0.000000075781540037083720","2606","tags=41%, list=20%, signal=33%","ZW10/CDC23/RAD21/PPP2R1B/ODF2/TUBA1C/PSMD8/SEM1/ERCC6L/TUBGCP3/RCC1/SSNA1/PSMB5/CEP78/TUBA1A/SPDL1/NUP155/KMT5A/CEP131/MZT1/NDE1/HAUS8/NUP85/LPIN3/RAB1B/CDCA5/FBXO5/KNTC1/HAUS4/ANAPC11/CENPU/ACTR1A/NDC80/TUBB8/CDCA8/HAUS5/NEDD1/PSMA5/UBE2S/NUP43/TUBGCP4/NUF2/NUP88/UBE2I/PSMB7/RCC2/SEH1L/BUB3/CETN2/PSMB4/ANAPC2/UBE2E1/LBR/SKA2/EMD/DYNC1LI1/BUB1/PSMC5/FIRRM/SUMO1/MAD2L1/NCAPD3/SKA1/SPC25/KIF20A/NCAPG2/NCAPH2/CENPK/PSMD14/CENPM/PTTG1/XPO1/KIF23/CENPO/PPP1CC/ANAPC5/NUP37/PSMD3/NUP54/PSMA6/NUP107/NCAPH/PSMD11/NUP35/TUBA1B/BANF1/ITGB3BP/KIF2C/NDC1/PSMD6/CENPF/B9D2/PSMC3/SPC24/H3-3A/CENPE/H2AX/CENPI/CCNB1/ANAPC15/AURKB/NCAPD2/ENSA/VRK1/CENPN/SET/NCAPG/PSMB3/ESPL1/PSMD1/YWHAE/PSMA2/SMC4/NUP62/HDAC8/TUBGCP2/CHMP6/PSMA7/KNL1/PMF1/CENPH/PLK1/PSMB6/TMPO/CENPS/CCNB2/SMC1A/NUP93/HAUS7/NSL1/HAUS1/ZWILCH/AAAS/PSMA1/LMNB1/ZWINT/H2AZ2/PSMA3/BUB1B/DCTN1/BIRC5/PSMA4/PSMB2/MZT2A/ANAPC7/CDC20/MZT2B/RAN","0.7881868108002371"
"REACTOME_ABC_TRANSPORTER_DISORDERS","REACTOME_ABC_TRANSPORTER_DISORDERS","57","-0.5035372491472385","-1.856512410289894","0.0003486962744310856681003","0.00345399739200619821863","0.002631250823339163682352","1802","tags=35%, list=14%, signal=30%","PSMA5/PSMB7/PSMB4/VCP/PSMC5/PSMD14/PSMD3/PSMA6/PSMD11/PSMD6/PSMC3/PSMB3/PSMD1/PSMA2/PSMA7/PSMB6/PSMA1/PSMA3/PSMA4/PSMB2","0.4984931087665903"
"REACTOME_INTERLEUKIN_4_AND_INTERLEUKIN_13_SIGNALING","REACTOME_INTERLEUKIN_4_AND_INTERLEUKIN_13_SIGNALING","65","0.4889206116414556","1.856313329809151","0.0002999011709496174587879","0.00303084479468077039321","0.002308893712506510185328","2197","tags=35%, list=17%, signal=30%","MMP1/BCL2L1/CXCL8/BCL6/CDKN1A/JAK1/HMOX1/JAK2/FOXO3/IL6R/IL1A/LCN2/IL23A/VEGFA/STAT1/PIM1/STAT3/FOXO1/SOCS5/RORC/FN1/LAMA5/MAOA","0.4984931087665903"
"REACTOME_NUCLEAR_IMPORT_OF_REV_PROTEIN","REACTOME_NUCLEAR_IMPORT_OF_REV_PROTEIN","34","-0.5532210877123275","-1.853113438514188","0.0009276909307547170089117","0.00766298124993279941575","0.005837649376859189997990","3305","tags=65%, list=25%, signal=48%","KPNB1/NUP205/NUP210/SEC13/NUP42/NUP133/RCC1/NUP155/NUP85/NUP43/NUP88/SEH1L/NPM1/NUP37/NUP54/NUP107/NUP35/NDC1/NUP62/NUP93/AAAS/RAN","0.4772708153628621"
"REACTOME_INSULIN_RECEPTOR_RECYCLING","REACTOME_INSULIN_RECEPTOR_RECYCLING","24","0.6123657691367328","1.852557995587605","0.0017151534606526012104177","0.01276836465152491988106","0.009726923963456000910011","1151","tags=38%, list=9%, signal=34%","ATP6V1D/ATP6V0E1/ATP6V1E1/ATP6V0B/INSR/ATP6AP1/ATP6V1G1/ATP6V1B2/ATP6V0C","0.4550598673872295"
"REACTOME_DISEASES_OF_BRANCHED_CHAIN_AMINO_ACID_CATABOLISM","REACTOME_DISEASES_OF_BRANCHED_CHAIN_AMINO_ACID_CATABOLISM","13","-0.7043731459083535","-1.852176641315949","0.0021013149997258025354629","0.01490697582158422192233","0.011356115234718772155631","1542","tags=54%, list=12%, signal=47%","DBT/IVD/ACAT1/BCKDHA/DLD/ECHS1/MCCC2","0.4317076958033464"
"REACTOME_MEIOSIS","REACTOME_MEIOSIS","76","0.4817341339151039","1.848997490575456","0.0001192179835544939739845","0.00144741833724885624046","0.001102641449705941880527","1088","tags=30%, list=8%, signal=28%","H4C8/H2BC5/H2AC19/H2AC18/H3C4/H2AC20/H4C12/H2BC6/H2AC6/H2BC21/H2BC12/H2BC17/H2BC11/H2BC4/H3C10/TERF2IP/H2BC15/STAG3/H4C15/H4C14/H2BC12L/H2AC8/SYNE1","0.5384340963099162"
"REACTOME_HIV_INFECTION","REACTOME_HIV_INFECTION","207","-0.4118834199220818","-1.843014352173401","0.0000004554437459903116804","0.00001307774184915037951","0.000009962607119401153331","2966","tags=43%, list=23%, signal=34%","PSMD13/PSMD7/GTF2F2/NUP210/SEC13/SUPT16H/AP2B1/CHMP2A/NUP42/RAC1/NUP133/AP1S1/PSMD8/MVB12B/SEM1/RCC1/PSIP1/PSMB5/GTF2H4/NUP155/MNAT1/NUP85/TAF9/AP2M1/POLR2I/POLR2D/ERCC2/XRCC6/PSMA5/NUP43/POLR2L/NUP88/PSMB7/SEH1L/NCBP1/NELFA/PSMB4/NPM1/TAF6/PSMC5/GTF2H2/NELFB/AP2S1/PSMD14/SLC25A6/XPO1/AP1M1/POLR2F/XRCC5/AP1B1/NUP37/VPS28/PSMD3/NUP54/PSMA6/NUP107/PSMD11/TAF4B/POLR2G/NUP35/BANF1/FEN1/NDC1/PSMD6/PSMC3/GTF2H3/PSMB3/PSMD1/PSMA2/NUP62/CHMP6/MVB12A/PSMA7/PSMB6/SLC25A5/NUP93/RBX1/SSRP1/RANBP1/AAAS/PSMA1/PSMA3/LIG1/TAF15/POLR2E/PPIA/PSMA4/PSMB2/RAN","0.6749628600110250"
"REACTOME_NEGATIVE_EPIGENETIC_REGULATION_OF_RRNA_EXPRESSION","REACTOME_NEGATIVE_EPIGENETIC_REGULATION_OF_RRNA_EXPRESSION","76","0.4786860910544866","1.837298457429009","0.0001290939186808485355292","0.00154656224432884103689","0.001178169152111573081410","1538","tags=37%, list=12%, signal=33%","H4C8/H2BC5/H2AC19/H2AC18/H3C4/H2AC20/H4C12/H2BC6/H2AC6/H2BC21/H2BC12/H2BC17/H2BC11/SAP30BP/H2BC4/H3C10/BAZ2A/H2BC15/H4C15/H4C14/H2BC12L/H2AC8/ARID4B/TAF1D/SIN3A/H2BC8/SIRT1/H3C6","0.5188480777437918"
"REACTOME_HEME_SIGNALING","REACTOME_HEME_SIGNALING","42","0.5297158311679797","1.835503388770743","0.0005337857874622228696385","0.00480407208716000615201","0.003659736010216934308514","3211","tags=55%, list=25%, signal=41%","NR1D1/NCOA1/MEF2D/HMOX1/CHD9/BACH1/MED1/BMAL1/NCOA2/HELZ2/CRTC2/SIRT1/CRTC3/NRIP1/CREBBP/HBA1/HBA2/PPARA/CREB1/MAFK/RORA/ATF2/EP300","0.4772708153628621"
"REACTOME_HEDGEHOG_OFF_STATE","REACTOME_HEDGEHOG_OFF_STATE","87","-0.4663501743799865","-1.834759419558620","0.0001083986877593101703747","0.00133396752487477615948","0.001016214765030767127468","2560","tags=40%, list=20%, signal=33%","TUBA1C/PRKAR2A/PSMD8/SEM1/PSMB5/TUBA1A/RPGRIP1L/PSMA5/PSMB7/PRKAR1B/ADCY3/PSMB4/IFT52/PSMC5/IFT140/IFT57/PSMD14/PSMD3/PSMA6/PSMD11/TUBA1B/PSMD6/PSMC3/IFT122/PSMB3/PSMD1/PSMA2/PSMA7/PSMB6/RBX1/PSMA1/PSMA3/PSMA4/MKS1/PSMB2","0.5384340963099162"
"REACTOME_FORMATION_OF_THE_NON_CANONICAL_BAF_NCBAF_COMPLEX","REACTOME_FORMATION_OF_THE_NON_CANONICAL_BAF_NCBAF_COMPLEX","17","-0.6578190780562476","-1.834396784627737","0.0039486095344552713318209","0.02341978573058880672142","0.017841163003960949784421","2442","tags=59%, list=19%, signal=48%","SMARCC2/SS18/BRD9/BCL7C/SMARCD1/ACTL6A/ACTB/SMARCD2/SMARCC1/SMARCA4","0.4070179189239539"
"REACTOME_METABOLISM_OF_AMINO_ACIDS_AND_DERIVATIVES","REACTOME_METABOLISM_OF_AMINO_ACIDS_AND_DERIVATIVES","285","-0.3934318048062120","-1.833035965309821","0.0000000549624435260702582","0.00000216145783344915426","0.000001646595830395973240","3073","tags=35%, list=24%, signal=28%","ETHE1/SECISBP2/OAZ3/KYAT3/PSMC6/RPS15/HIBCH/RARS1/ENOPH1/PAPSS1/PSMD13/PSMD7/DHTKD1/BCKDK/RPL22/GSTZ1/ALDH4A1/DLST/IL4I1/PSMD8/SEM1/GRHPR/QARS1/RPL26L1/PSMB5/HIBADH/ACAD8/TXNRD1/RPS7/ADO/GNMT/RPL15/IARS1/NQO1/PCBD1/PYCR1/KGD4/FAH/PSMA5/SLC25A13/PSMB7/PXMP2/MPST/GCDH/PSMB4/AGMAT/DBT/GLUD1/IVD/SMS/NMRAL1/PSMC5/CARNMT1/RPL22L1/AADAT/TSTD1/PSMD14/PSMD3/PSMA6/ALDH7A1/SRR/AMD1/ASL/PSMD11/GOT2/GSR/PYCR2/ALDH9A1/SHMT1/SLC25A12/PSMD6/PSMC3/ACAT1/BCKDHA/APIP/DLD/HSD17B10/ECHS1/TMLHE/SLC25A15/SRM/PSMB3/EEF1E1/PSMD1/PSMA2/SCLY/MCCC2/PSMA7/AIMP2/PYCR3/OAZ1/PSMB6/KARS1/QDPR/PSMA1/PSMA3/SLC25A10/PSMA4/PSMB2/BCAT2/GCSH","0.7195128263389107"
"REACTOME_EXPRESSION_OF_BMAL_ARNTL_CLOCK_AND_NPAS2","REACTOME_EXPRESSION_OF_BMAL_ARNTL_CLOCK_AND_NPAS2","34","0.5623373891290646","1.832958724861262","0.0009906843519284368355937","0.00800066068142206432423","0.006094893138590794755272","3211","tags=56%, list=25%, signal=42%","NR1D1/NCOA1/MEF2D/CHD9/MED1/BMAL1/NCOA2/HELZ2/CRTC2/SIRT1/CRTC3/NRIP1/CREBBP/RORC/PPARA/CREB1/RORA/ATF2/EP300","0.4550598673872295"
"REACTOME_MISMATCH_REPAIR","REACTOME_MISMATCH_REPAIR","15","-0.6777400988065561","-1.831345008222337","0.0036566052918549515025892","0.02204932990988535748689","0.016797151501543049895160","1576","tags=47%, list=12%, signal=41%","RPA3/PCNA/EXO1/MSH2/LIG1/POLD2/POLD1","0.4317076958033464"
"REACTOME_REGULATION_OF_INSULIN_LIKE_GROWTH_FACTOR_IGF_TRANSPORT_AND_UPTAKE_BY_INSULIN_LIKE_GROWTH_FACTOR_BINDING_PROTEINS_IGFBPS","REACTOME_REGULATION_OF_INSULIN_LIKE_GROWTH_FACTOR_IGF_TRANSPORT_AND_UPTAKE_BY_INSULIN_LIKE_GROWTH_FACTOR_BINDING_PROTEINS_IGFBPS","68","0.4861796753719347","1.830248443094685","0.0002964080417059364053883","0.00303084479468077039321","0.002308893712506510185328","3538","tags=47%, list=27%, signal=34%","MMP1/LAMC1/DNAJC3/APOE/APLP2/FSTL3/MGAT4A/QSOX1/MFGE8/VGF/CALU/IGFBP3/LAMB2/CP/TGOLN2/SERPINA1/FN1/PNPLA2/TNC/FBN1/APP/IGF2/CCN1/MIA3/C4A/LTBP1/MSLN/APOL1/ADAM10/IGFBP6/PRSS23/TIMP1","0.4984931087665903"
"REACTOME_NOTCH2_ACTIVATION_AND_TRANSMISSION_OF_SIGNAL_TO_THE_NUCLEUS","REACTOME_NOTCH2_ACTIVATION_AND_TRANSMISSION_OF_SIGNAL_TO_THE_NUCLEUS","24","0.6047532816730865","1.829528337125524","0.0023771391807667005546811","0.01635074060078692617659","0.012455973408548677919261","3765","tags=75%, list=29%, signal=53%","NEURL1B/MIB1/UBC/UBA52/NCSTN/NEURL1/NOTCH2NLB/NOTCH2NLA/NOTCH2/PSEN1/NOTCH2NLC/MDK/APH1B/ADAM10/MIB2/DLL4/PSENEN/JAG1","0.4317076958033464"
"REACTOME_REGULATION_OF_CDH1_GENE_TRANSCRIPTION","REACTOME_REGULATION_OF_CDH1_GENE_TRANSCRIPTION","67","0.4861838018706647","1.827677292069389","0.0004098084414515930579484","0.00390966697802047798149","0.002978379334827205206920","1538","tags=36%, list=12%, signal=32%","H4C8/H2BC5/H2AC19/H2AC18/H3C4/H2AC20/H4C12/H2BC6/H2AC6/H2BC21/H2BC12/H2BC17/H2BC11/H2BC4/H3C10/H2BC15/H4C15/H4C14/H2BC12L/H2AC8/SNAI1/H2BC8/SIRT1/H3C6","0.4984931087665903"
"REACTOME_ABC_FAMILY_PROTEINS_MEDIATED_TRANSPORT","REACTOME_ABC_FAMILY_PROTEINS_MEDIATED_TRANSPORT","76","-0.4739960474999630","-1.825665619817794","0.0002057535848820189630735","0.00225163936866775793791","0.001715296009308417152922","1802","tags=30%, list=14%, signal=26%","PSMA5/PSMB7/PSMB4/VCP/PSMC5/PSMD14/PSMD3/PSMA6/PSMD11/PSMD6/PSMC3/EIF2S3/ABCB10/PSMB3/PSMD1/PSMA2/ABCB8/PSMA7/PSMB6/PSMA1/PSMA3/PSMA4/PSMB2","0.5188480777437918"
"REACTOME_TP53_REGULATES_TRANSCRIPTION_OF_GENES_INVOLVED_IN_G2_CELL_CYCLE_ARREST","REACTOME_TP53_REGULATES_TRANSCRIPTION_OF_GENES_INVOLVED_IN_G2_CELL_CYCLE_ARREST","18","-0.6413716532172864","-1.825544695665925","0.0017580993679891096168055","0.01294659278063318638696","0.009862697925689925884662","2476","tags=50%, list=19%, signal=41%","CDC25C/AURKA/RBL1/PCNA/CCNB1/TFDP1/E2F4/PRMT1/CARM1","0.4550598673872295"
"REACTOME_INTERLEUKIN_RECEPTOR_SHC_SIGNALING","REACTOME_INTERLEUKIN_RECEPTOR_SHC_SIGNALING","18","0.6499068157396954","1.824698349966008","0.0019940718241000052884937","0.01431458702300360957826","0.010904834200862292478695","3972","tags=78%, list=31%, signal=54%","GAB2/JAK1/JAK2/INPP5D/SOS1/GRB2/PIK3CA/PIK3R3/JAK3/IL3RA/PIK3CD/PIK3R1/PIK3CB/SHC1","0.4317076958033464"
"REACTOME_NUCLEAR_ENVELOPE_BREAKDOWN","REACTOME_NUCLEAR_ENVELOPE_BREAKDOWN","52","-0.4963215249067403","-1.822157429057275","0.0008177461953268213949719","0.00684862438586212891184","0.005217273352824830685848","2922","tags=52%, list=23%, signal=40%","NUP210/SEC13/NEK6/NUP42/NUP133/NUP155/NUP85/LPIN3/NUP43/NUP88/SEH1L/EMD/NUP37/NUP54/NUP107/NUP35/BANF1/NDC1/CCNB1/VRK1/NUP62/PLK1/TMPO/CCNB2/NUP93/AAAS/LMNB1","0.4772708153628621"
"REACTOME_PEXOPHAGY","REACTOME_PEXOPHAGY","11","0.7296257816813820","1.821940309415879","0.0036566052918549515025892","0.02204932990988535748689","0.016797151501543049895160","1492","tags=55%, list=12%, signal=48%","MAP1LC3B/SQSTM1/EPAS1/UBC/UBA52/NBR1","0.4317076958033464"
"REACTOME_REGULATION_OF_RAS_BY_GAPS","REACTOME_REGULATION_OF_RAS_BY_GAPS","53","-0.5014068644220859","-1.821280503440863","0.0004776577640574582910363","0.00434212510140674374376","0.003307825383586056929713","2528","tags=45%, list=20%, signal=37%","PSMD8/SEM1/PSMB5/NRAS/PSMA5/PSMB7/PSMB4/PSMC5/PSMD14/PSMD3/PSMA6/PSMD11/PSMD6/PSMC3/PSMB3/PSMD1/PSMA2/PSMA7/PSMB6/RBX1/PSMA1/PSMA3/PSMA4/PSMB2","0.4984931087665903"
"REACTOME_HEDGEHOG_LIGAND_BIOGENESIS","REACTOME_HEDGEHOG_LIGAND_BIOGENESIS","48","-0.5173239823807029","-1.820521731634401","0.0009779697955473423860717","0.00793339623383471949369","0.006043651167909152438495","1802","tags=42%, list=14%, signal=36%","PSMA5/PSMB7/PSMB4/VCP/PSMC5/PSMD14/PSMD3/PSMA6/PSMD11/PSMD6/PSMC3/PSMB3/PSMD1/PSMA2/PSMA7/PSMB6/PSMA1/PSMA3/PSMA4/PSMB2","0.4550598673872295"
"REACTOME_DENGUE_VIRUS_INFECTION","REACTOME_DENGUE_VIRUS_INFECTION","333","-0.3825046931683332","-1.814524513089756","0.0000000567664771156470329","0.00000218490547025969117","0.000001664458210317241084","1852","tags=29%, list=14%, signal=26%","RPN1/GPC2/RPN2/PCBP1/POLR2L/UBE2I/SNRPD2/PRR5/SF3B3/NCBP1/SNRNP40/SF3A3/VCP/EIF4A1/BTF3/DPM3/MAVS/SPCS2/LEO1/SUMO1/PAPOLA/CPSF1/TXNL4A/AP2S1/PUF60/SF3B5/XPO1/UBA3/POLR2F/SCAP/EFTUD2/PHF5A/CSTF2T/CWC27/CALR/RNPS1/HNRNPUL1/POLR2G/SRSF9/SNRPB/DDX46/EIF4G1/RBM17/SPCS3/SRSF6/SYMPK/U2SURP/PRPF19/SPCS1/CHERP/CCAR1/YBX1/SEC11A/U2AF1/DHX9/HYOU1/OSTC/SNRPE/SKIC8/MLST8/UBA5/PPIL1/ELAVL1/SNRPD3/HNRNPK/SNRPD1/DHX15/ALYREF/SNRPF/HNRNPF/SRRT/PABPN1/NUDT21/POLR2E/HNRNPA1/HNRNPR/HNRNPA0/NCL/CSTF2/U2AF2/FASN/HNRNPU/RBM10/HNRNPL/HNRNPD/FUS/SRSF7/SRSF3/CPSF6/HNRNPH1/HNRNPA3/HNRNPA2B1/SRSF2/PTBP1/RBMX/SRSF1/HNRNPM","0.7195128263389107"
"REACTOME_METABOLISM_OF_FOLATE_AND_PTERINES","REACTOME_METABOLISM_OF_FOLATE_AND_PTERINES","16","-0.6712082563397732","-1.807475664312630","0.0022467670267147968159172","0.01563231365895026078738","0.011908676677349128159022","1989","tags=50%, list=15%, signal=42%","MTHFD1/MTHFS/DHFR2/FPGS/SHMT2/DHFR/SHMT1/SLC19A1","0.4317076958033464"
"REACTOME_INTERLEUKIN_27_SIGNALING","REACTOME_INTERLEUKIN_27_SIGNALING","8","0.7877322064442317","1.805622819418799","0.0029712313026984756188231","0.01899278242608318928442","0.014468677513130938014352","1728","tags=62%, list=13%, signal=54%","JAK1/JAK2/IL6ST/STAT1/STAT3","0.4317076958033464"
"REACTOME_INTERLEUKIN_35_SIGNALLING","REACTOME_INTERLEUKIN_35_SIGNALLING","8","0.7877322064442317","1.805622819418799","0.0029712313026984756188231","0.01899278242608318928442","0.014468677513130938014352","1728","tags=62%, list=13%, signal=54%","JAK1/JAK2/IL6ST/STAT1/STAT3","0.4317076958033464"
"REACTOME_MET_ACTIVATES_PTK2_SIGNALING","REACTOME_MET_ACTIVATES_PTK2_SIGNALING","21","0.6233943832485227","1.803732615707108","0.0039076034926292246840518","0.02325281157291535574783","0.017713962302862724246255","4224","tags=76%, list=33%, signal=51%","LAMC1/ITGA3/MET/LAMB3/LAMB2/COL11A2/FN1/LAMA5/COL1A1/LAMC2/COL5A2/LAMA3/ITGB1/ITGA2/LAMA4/LAMA1","0.4070179189239539"
"REACTOME_INTERLEUKIN_10_SIGNALING","REACTOME_INTERLEUKIN_10_SIGNALING","19","0.6280923916923349","1.803421871346238","0.0044271049212692148433490","0.02550520000820385296825","0.019429828950170788953722","3538","tags=58%, list=27%, signal=42%","CXCL8/JAK1/IL10RA/IL1A/IL10RB/PTAFR/STAT3/IL1R1/ICAM1/IL1R2/TIMP1","0.4070179189239539"
"REACTOME_APEX1_INDEPENDENT_RESOLUTION_OF_AP_SITES_VIA_THE_SINGLE_NUCLEOTIDE_REPLACEMENT_PATHWAY","REACTOME_APEX1_INDEPENDENT_RESOLUTION_OF_AP_SITES_VIA_THE_SINGLE_NUCLEOTIDE_REPLACEMENT_PATHWAY","7","-0.8423207588380093","-1.803130614644495","0.0011035389504076946465272","0.00867957374472834615464","0.006612088247346443146968","243","tags=43%, list=2%, signal=42%","PNKP/OGG1/LIG3","0.4550598673872295"
"REACTOME_PROCESSING_OF_INTRONLESS_PRE_MRNAS","REACTOME_PROCESSING_OF_INTRONLESS_PRE_MRNAS","20","-0.6302918430397006","-1.800921396754222","0.0025064396382979440766614","0.01683692152570489750096","0.012826345419234870190439","1592","tags=45%, list=12%, signal=40%","NCBP1/PAPOLA/CPSF1/CSTF2T/SYMPK/PABPN1/NUDT21/CSTF2/CPSF6","0.4317076958033464"
"REACTOME_CONDENSATION_OF_PROMETAPHASE_CHROMOSOMES","REACTOME_CONDENSATION_OF_PROMETAPHASE_CHROMOSOMES","11","-0.7267456272691921","-1.799466390184979","0.0048675251984170598423818","0.02768978957212723732151","0.021094046503442535900330","1075","tags=55%, list=8%, signal=50%","NCAPH/CCNB1/NCAPD2/NCAPG/SMC4/CCNB2","0.4070179189239539"
"REACTOME_DEGRADATION_OF_BETA_CATENIN_BY_THE_DESTRUCTION_COMPLEX","REACTOME_DEGRADATION_OF_BETA_CATENIN_BY_THE_DESTRUCTION_COMPLEX","71","-0.4638482203309030","-1.797964431667426","0.0004510834323352173403157","0.00414218238118988901081","0.003155509273443977882184","1885","tags=35%, list=15%, signal=30%","HDAC1/PSMA5/PSMB7/PSMB4/MYC/PSMC5/TLE5/PSMD14/PSMD3/PSMA6/PSMD11/CTBP1/PSMD6/PSMC3/PSMB3/AMER1/PSMD1/PSMA2/PSMA7/PSMB6/RBX1/PSMA1/PSMA3/PSMA4/PSMB2","0.4984931087665903"
"REACTOME_GAP_FILLING_DNA_REPAIR_SYNTHESIS_AND_LIGATION_IN_GG_NER","REACTOME_GAP_FILLING_DNA_REPAIR_SYNTHESIS_AND_LIGATION_IN_GG_NER","25","-0.5846027586260202","-1.796744305168597","0.0037145022498037728875264","0.02225011446985107610441","0.016950108924135870447358","1747","tags=44%, list=13%, signal=38%","RFC4/RPA3/RFC2/PCNA/POLE/POLE2/RFC5/LIG1/POLD2/POLD1/LIG3","0.4317076958033464"
"REACTOME_REGULATION_OF_CHOLESTEROL_BIOSYNTHESIS_BY_SREBP_SREBF","REACTOME_REGULATION_OF_CHOLESTEROL_BIOSYNTHESIS_BY_SREBP_SREBF","55","-0.4953336392047262","-1.795578364953992","0.0004229718389450724423326","0.00396388090811550415637","0.003019679437869880918310","1106","tags=35%, list=9%, signal=32%","SCAP/SCD/DHCR7/FDFT1/ELOVL6/IDI1/SQLE/FDPS/HMGCR/CYP51A1/SEC23A/LSS/SREBF2/HMGCS1/ACACA/MVK/CARM1/FASN/RAN","0.4984931087665903"
"REACTOME_DNA_DOUBLE_STRAND_BREAK_RESPONSE","REACTOME_DNA_DOUBLE_STRAND_BREAK_RESPONSE","56","0.4929120428072507","1.793226152230434","0.0008836186786873485854432","0.00733241371442850363438","0.005585823448450001268983","1077","tags=29%, list=8%, signal=26%","H4C8/H2BC5/H4C12/H2BC6/H2BC21/H2BC12/H2BC17/H2BC11/H2BC4/KDM4B/H2BC15/H4C15/H4C14/H2BC12L/UBC/UBA52","0.4772708153628621"
"REACTOME_INTERCONVERSION_OF_NUCLEOTIDE_DI_AND_TRIPHOSPHATES","REACTOME_INTERCONVERSION_OF_NUCLEOTIDE_DI_AND_TRIPHOSPHATES","28","-0.5731436739920616","-1.791666739694650","0.0024713345469542821568332","0.01674398575071272057824","0.012755547063963448145563","2371","tags=46%, list=18%, signal=38%","TXNRD1/RRM1/TYMS/NME2/AK2/TXN/RRM2/GSR/CTPS1/NME1/DTYMK/DUT/DCTPP1","0.4317076958033464"
"REACTOME_RRNA_PROCESSING_IN_THE_MITOCHONDRION","REACTOME_RRNA_PROCESSING_IN_THE_MITOCHONDRION","17","-0.6420340432451879","-1.790378576478157","0.0067809240509856963732838","0.03618040201773595199164","0.027562184273281824242741","2939","tags=76%, list=23%, signal=59%","FASTKD2/MTERF3/MTERF4/RCC1L/TRUB2/TFB1M/ELAC2/PRORP/MRM1/TRMT10C/HSD17B10/RPUSD4/RPUSD3","0.4070179189239539"
"REACTOME_BMAL1_CLOCK_NPAS2_ACTIVATES_CIRCADIAN_EXPRESSION","REACTOME_BMAL1_CLOCK_NPAS2_ACTIVATES_CIRCADIAN_EXPRESSION","24","0.5902537073675934","1.785663536599321","0.0038600914801669942294504","0.02304589269842274856792","0.017556331767259788362301","2797","tags=54%, list=22%, signal=43%","BHLHE41/NCOA1/CHD9/MED1/BMAL1/NCOA2/NOCT/HELZ2/BHLHE40/CREBBP/PPARA/NAMPT/SERPINE1","0.4317076958033464"
"REACTOME_TELOMERE_EXTENSION_BY_TELOMERASE","REACTOME_TELOMERE_EXTENSION_BY_TELOMERASE","22","-0.5978351001329503","-1.784873260523169","0.0062087308161185373114876","0.03352714640704010373717","0.025540937521234423346339","1772","tags=45%, list=14%, signal=39%","PIF1/ACD/TERF1/RTEL1/CCNA2/RUVBL1/NHP2/DKC1/GAR1/RUVBL2","0.4070179189239539"
"REACTOME_ACTIVATION_OF_ANTERIOR_HOX_GENES_IN_HINDBRAIN_DEVELOPMENT_DURING_EARLY_EMBRYOGENESIS","REACTOME_ACTIVATION_OF_ANTERIOR_HOX_GENES_IN_HINDBRAIN_DEVELOPMENT_DURING_EARLY_EMBRYOGENESIS","85","0.4532164559465746","1.783447620631525","0.0001767418935846833062848","0.00202358281958665885483","0.001541562820069097275097","997","tags=29%, list=8%, signal=27%","H4C8/KMT2C/H2BC5/H2AC19/H2AC18/H3C4/H2AC20/H4C12/H2BC6/H2AC6/H2BC21/H2BC12/H2BC17/H2BC11/H2BC4/H3C10/KDM6A/H2BC15/RARA/NCOA3/H4C15/H4C14/H2BC12L/RBBP5/H2AC8","0.5188480777437918"
"REACTOME_VIRAL_MESSENGER_RNA_SYNTHESIS","REACTOME_VIRAL_MESSENGER_RNA_SYNTHESIS","44","-0.5176285231481017","-1.781901277733026","0.0008093455295576707691010","0.00680979564172012191703","0.005187693664887215762305","2930","tags=55%, list=23%, signal=42%","GTF2F2/NUP210/SEC13/NUP42/NUP133/NUP155/NUP85/POLR2I/POLR2D/NUP43/POLR2L/NUP88/SEH1L/POLR2F/NUP37/NUP54/NUP107/POLR2G/NUP35/NDC1/NUP62/NUP93/AAAS/POLR2E","0.4772708153628621"
"REACTOME_EXPORT_OF_VIRAL_RIBONUCLEOPROTEINS_FROM_NUCLEUS","REACTOME_EXPORT_OF_VIRAL_RIBONUCLEOPROTEINS_FROM_NUCLEUS","33","-0.5341947528714076","-1.780462321586321","0.0019502421392316236607722","0.01405572920266935123268","0.010707636642329487752789","2922","tags=58%, list=23%, signal=45%","NUP210/SEC13/NUP42/NUP133/NUP155/NUP85/NUP43/NUP88/SEH1L/XPO1/NUP37/NUP54/NUP107/NUP35/NDC1/NUP62/NUP93/AAAS/RAN","0.4550598673872295"
"REACTOME_MAPK1_ERK2_ACTIVATION","REACTOME_MAPK1_ERK2_ACTIVATION","8","0.7764752529621521","1.779819872785288","0.0041347741169785630355182","0.02436419015509518407048","0.018560609094250033607176","1294","tags=50%, list=10%, signal=45%","JAK1/JAK2/IL6R/IL6ST","0.4070179189239539"
"REACTOME_DNA_DAMAGE_REVERSAL","REACTOME_DNA_DAMAGE_REVERSAL","8","0.7759718678303521","1.778666024214037","0.0042178844618519558545833","0.02477322399834476843172","0.018872210556172077516868","1587","tags=38%, list=12%, signal=33%","ALKBH5/ASCC2/ASCC3","0.4070179189239539"
"REACTOME_COMPLEX_III_ASSEMBLY","REACTOME_COMPLEX_III_ASSEMBLY","26","-0.5691984528787467","-1.776069971051642","0.0037021441824320721475372","0.02224976354159341820904","0.016949841587435197920453","3365","tags=81%, list=26%, signal=60%","LETM1/HSPA9/NFS1/UQCC6/UQCC1/UQCC3/UQCRHL/UQCRH/UQCRC2/LYRM4/UQCR11/LYRM7/UQCR10/UQCRQ/FXN/TTC19/UQCC2/BCS1L/CYC1/UQCRC1/UQCRFS1","0.4317076958033464"
"REACTOME_DNA_DAMAGE_RECOGNITION_IN_GG_NER","REACTOME_DNA_DAMAGE_RECOGNITION_IN_GG_NER","38","-0.5250507349832142","-1.775666429062418","0.0017706735615731830895542","0.01296821244083355695320","0.009879167755352850910366","1983","tags=47%, list=15%, signal=40%","GPS1/RAD23B/COPS3/COPS5/CETN2/INO80C/PARP1/COPS6/INO80E/RUVBL1/ACTL6A/COPS7A/RAD23A/COPS7B/MCRS1/ACTB/ACTR5/RBX1","0.4550598673872295"
"REACTOME_MITOCHONDRIAL_FATTY_ACID_BETA_OXIDATION","REACTOME_MITOCHONDRIAL_FATTY_ACID_BETA_OXIDATION","33","-0.5315294823932059","-1.771579018937302","0.0022467670267147968159172","0.01563231365895026078738","0.011908676677349128159022","3404","tags=58%, list=26%, signal=43%","ACADS/ACADVL/ACOT11/ACBD7/PCTP/MCAT/ACOT9/ACOT7/THEM4/PCCB/ECI1/DBI/HADHA/DECR1/ECHS1/HADH/ACBD6/MECR/NDUFAB1","0.4317076958033464"
"REACTOME_NONHOMOLOGOUS_END_JOINING_NHEJ","REACTOME_NONHOMOLOGOUS_END_JOINING_NHEJ","49","0.4947740380190763","1.771237017914178","0.0020714574696793037686393","0.01475301796318842680045","0.011238830333867072877596","954","tags=29%, list=7%, signal=27%","H4C8/H2BC5/H4C12/H2BC6/H2BC21/H2BC12/H2BC17/H2BC11/H2BC4/H2BC15/H4C15/H4C14/H2BC12L/LIG4","0.4317076958033464"
"REACTOME_ESTROGEN_DEPENDENT_GENE_EXPRESSION","REACTOME_ESTROGEN_DEPENDENT_GENE_EXPRESSION","112","0.4330141778284605","1.770629071459815","0.0001312131352860867008255","0.00156160895876665040995","0.001189631720046530017829","1842","tags=31%, list=14%, signal=27%","H4C8/H2BC5/H2AC19/H2AC18/H3C4/H2AC20/H4C12/H2BC6/H2AC6/H2BC21/H2BC12/H2BC17/H2BC11/CCNT1/NCOA1/H2BC4/H3C10/KDM4B/H2BC15/MED1/NCOA3/GREB1/H4C15/NCOA2/H4C14/H2BC12L/H2AC8/FOSB/H2BC8/TGFA/H3C6/NRIP1/CREBBP/ZNF217/AGO3","0.5188480777437918"
"REACTOME_SIGNALING_BY_MET","REACTOME_SIGNALING_BY_MET","66","0.4658035490186482","1.770127419947412","0.0007407456119627138036235","0.00635075266369928507354","0.004837995307656024236709","3821","tags=50%, list=29%, signal=35%","LAMC1/CRKL/ITGA3/MET/UBC/UBA52/LAMB3/RANBP9/CBL/LAMB2/COL11A2/SOS1/STAT3/GRB2/FN1/LAMA5/PIK3CA/USP8/STAM2/RANBP10/COL1A1/SPINT1/CRK/LAMC2/STAM/COL5A2/LAMA3/PTPRJ/PIK3R1/MUC20/ITGB1/GAB1/ITGA2","0.4772708153628621"
"REACTOME_PI3K_AKT_SIGNALING_IN_CANCER","REACTOME_PI3K_AKT_SIGNALING_IN_CANCER","76","0.4610202097092205","1.769493068571185","0.0003425111177602045697821","0.00342321885098458619096","0.002607803769907181962173","4631","tags=64%, list=36%, signal=42%","FRS2/HBEGF/CDKN1A/GSK3B/GAB2/NTRK2/MET/MDM2/RICTOR/ESR2/FOXO3/FYN/CHUK/BDNF/PTEN/PDGFA/NR4A1/PDGFB/TGFA/FOXO1/IRS2/GRB2/PIK3CA/NTF4/CREB1/PDPK1/PIK3R3/RHOG/PIK3CD/PIK3R1/IRS1/GAB1/GSK3A/PIK3CB/AREG/FGFR1/AKT1S1/FLT3LG/KITLG/STRN/FOXO4/RAC2/PDGFRB/TSC2/EGFR/SRC/MTOR/FGF18/FGF9","0.4984931087665903"
"REACTOME_BBSOME_MEDIATED_CARGO_TARGETING_TO_CILIUM","REACTOME_BBSOME_MEDIATED_CARGO_TARGETING_TO_CILIUM","20","-0.6186983539312667","-1.767795531603052","0.0034722003935636919919050","0.02107788762401583554373","0.016057108002831551457623","3974","tags=80%, list=31%, signal=56%","BBIP1/RAB3IP/BBS2/BBS7/BBS9/CCT3/BBS1/MKKS/CCT8/LZTFL1/CCT4/ARL6/TCP1/TTC8/CCT5/CCT2","0.4317076958033464"
"REACTOME_POSITIVE_EPIGENETIC_REGULATION_OF_RRNA_EXPRESSION","REACTOME_POSITIVE_EPIGENETIC_REGULATION_OF_RRNA_EXPRESSION","73","0.4631910547914123","1.767199190496093","0.0005767344026587037679119","0.00508932943614436635732","0.003877044696122652640141","997","tags=32%, list=8%, signal=29%","H4C8/H2BC5/H2AC19/H2AC18/H3C4/H2AC20/H4C12/H2BC6/H2AC6/H2BC21/GSK3B/H2BC12/H2BC17/H2BC11/H2BC4/H3C10/ERCC6/GATAD2B/H2BC15/H4C15/H4C14/H2BC12L/H2AC8","0.4772708153628621"
"REACTOME_FCERI_MEDIATED_NF_KB_ACTIVATION","REACTOME_FCERI_MEDIATED_NF_KB_ACTIVATION","61","-0.4718121211327210","-1.766098247182418","0.0015763508642185181628237","0.01193145905176275917148","0.009089370341230395763943","1879","tags=39%, list=14%, signal=34%","IKBKB/PSMA5/PSMB7/UBE2V1/PSMB4/PSMC5/PSMD14/PSMD3/PSMA6/PSMD11/TAB1/PSMD6/PSMC3/PSMB3/PSMD1/PSMA2/PSMA7/PSMB6/PSMA1/NFKB1/UBE2N/PSMA3/PSMA4/PSMB2","0.4550598673872295"
"REACTOME_PI_METABOLISM","REACTOME_PI_METABOLISM","75","0.4532331089183840","1.765462530635988","0.0005616752070250350054384","0.00498073749758964814255","0.003794319495347636163329","2370","tags=31%, list=18%, signal=25%","SYNJ1/GDE1/MTMR3/INPP5F/INPP4A/PIKFYVE/PI4KB/MTM1/OCRL/PTEN/PNPLA7/PIP4K2C/INPP5K/INPP5D/PIP4P1/MTMR9/RAB5A/PLEKHA3/PI4K2A/GDPD5/PIK3CA/PIP5K1A/MTMR10","0.4772708153628621"
"REACTOME_TBC_RABGAPS","REACTOME_TBC_RABGAPS","42","0.5093599488939938","1.764968795132232","0.0013637687041627669527061","0.01054298113602754501106","0.008031629629722652694013","1940","tags=33%, list=15%, signal=28%","MAP1LC3B/TBC1D15/RABGEF1/TBC1D20/OPTN/GABARAP/TBC1D10A/GABARAPL2/RAB33B/ULK1/TBC1D2/RAB5A/TBC1D3/TSC1","0.4550598673872295"
"REACTOME_HDR_THROUGH_MMEJ_ALT_NHEJ","REACTOME_HDR_THROUGH_MMEJ_ALT_NHEJ","12","-0.7019165881689700","-1.764130632243959","0.0060198241989952551780907","0.03280078908428438883016","0.024987599435929937208289","2330","tags=50%, list=18%, signal=41%","POLQ/RBBP8/NBN/PARP1/FEN1/LIG3","0.4070179189239539"
"REACTOME_NUCLEAR_EVENTS_MEDIATED_BY_NFE2L2","REACTOME_NUCLEAR_EVENTS_MEDIATED_BY_NFE2L2","80","-0.4465197430736610","-1.759593301831490","0.0004250928115944763727510","0.00396388090811550415637","0.003019679437869880918310","1802","tags=38%, list=14%, signal=32%","PSMA5/PSMB7/PGD/PSMB4/MYC/PSMC5/G6PD/PSMD14/TALDO1/PSMD3/PSMA6/PSMD11/TXN/GSR/PSMD6/PSMC3/TKT/PSMB3/PSMD1/PSMA2/PSMA7/IDH1/PSMB6/RBX1/PSMA1/NFKB1/PRDX1/PSMA3/PSMA4/PSMB2","0.4984931087665903"
"REACTOME_SIGNALING_BY_CSF1_M_CSF_IN_MYELOID_CELLS","REACTOME_SIGNALING_BY_CSF1_M_CSF_IN_MYELOID_CELLS","26","0.5777140729707908","1.757910606854619","0.0030415342735814012743722","0.01919657377875848974780","0.014623925506588402595254","2264","tags=42%, list=17%, signal=35%","GAB2/FYN/UBC/UBA52/INPP5D/CBL/STAT1/SOS1/STAT3/GRB2/PIK3CA","0.4317076958033464"
"REACTOME_ACTIVATED_NOTCH1_TRANSMITS_SIGNAL_TO_THE_NUCLEUS","REACTOME_ACTIVATED_NOTCH1_TRANSMITS_SIGNAL_TO_THE_NUCLEUS","27","0.5599072335685596","1.756588713056516","0.0034721076676580888559220","0.02107788762401583554373","0.016057108002831551457623","3765","tags=56%, list=29%, signal=40%","ITCH/NEURL1B/MIB1/UBC/UBA52/NCSTN/NEURL1/ADAM17/PSEN1/APH1B/ADAM10/MIB2/DLL4/PSENEN/JAG1","0.4317076958033464"
"REACTOME_ACTIVATION_OF_NF_KAPPAB_IN_B_CELLS","REACTOME_ACTIVATION_OF_NF_KAPPAB_IN_B_CELLS","51","-0.4830462894231576","-1.751544202869265","0.0024548503445558007320104","0.01674398575071272057824","0.012755547063963448145563","1879","tags=41%, list=14%, signal=35%","IKBKB/PSMA5/PSMB7/PSMB4/PSMC5/PSMD14/PSMD3/PSMA6/PSMD11/PSMD6/PSMC3/PSMB3/PSMD1/PSMA2/PSMA7/PSMB6/PSMA1/NFKB1/PSMA3/PSMA4/PSMB2","0.4317076958033464"
"REACTOME_MET_PROMOTES_CELL_MOTILITY","REACTOME_MET_PROMOTES_CELL_MOTILITY","32","0.5433038321425205","1.751464695970948","0.0028645772404546866393704","0.01850425277718934988225","0.014096516247505061492085","4224","tags=62%, list=33%, signal=42%","LAMC1/CRKL/ITGA3/MET/LAMB3/LAMB2/COL11A2/GRB2/FN1/LAMA5/COL1A1/CRK/LAMC2/COL5A2/LAMA3/ITGB1/GAB1/ITGA2/LAMA4/LAMA1","0.4317076958033464"
"REACTOME_POSTMITOTIC_NUCLEAR_PORE_COMPLEX_NPC_REFORMATION","REACTOME_POSTMITOTIC_NUCLEAR_PORE_COMPLEX_NPC_REFORMATION","27","-0.5645332673071332","-1.751361305404618","0.0020311318527818705489962","0.01452299415684744562927","0.011063598490547478514490","3305","tags=70%, list=25%, signal=53%","KPNB1/NUP205/SEC13/NUP133/RCC1/NUP155/NUP85/NUP43/UBE2I/SEH1L/SUMO1/NUP37/NUP54/NUP107/NUP35/NDC1/NUP62/NUP93/RAN","0.4317076958033464"
"REACTOME_METABOLISM_OF_STEROIDS","REACTOME_METABOLISM_OF_STEROIDS","116","-0.4236980841387922","-1.746494241927882","0.0001878665103919134593807","0.00212406573311857155978","0.001618110575887984296101","872","tags=22%, list=7%, signal=21%","SCD/DHCR7/FDFT1/MSMO1/NSDHL/ELOVL6/IDI1/HSD17B7/SQLE/FDPS/HMGCR/EBP/CYP51A1/SEC23A/LSS/TSPO/SREBF2/HMGCS1/ACAT2/STARD4/ACACA/DHCR24/MVK/CARM1/FASN/RAN","0.5188480777437918"
"REACTOME_CELLULAR_RESPONSE_TO_HYPOXIA","REACTOME_CELLULAR_RESPONSE_TO_HYPOXIA","59","-0.4674131267613230","-1.743622143660705","0.0009717712773564530885639","0.00793339623383471949369","0.006043651167909152438495","1802","tags=37%, list=14%, signal=32%","PSMA5/PSMB7/PSMB4/PSMC5/PSMD14/UBE2D3/PSMD3/PSMA6/PSMD11/PSMD6/PSMC3/PSMB3/PSMD1/PSMA2/PSMA7/PSMB6/VHL/RBX1/PSMA1/PSMA3/PSMA4/PSMB2","0.4772708153628621"
"REACTOME_NUCLEAR_PORE_COMPLEX_NPC_DISASSEMBLY","REACTOME_NUCLEAR_PORE_COMPLEX_NPC_DISASSEMBLY","36","-0.5264698067336566","-1.742184698949005","0.0019178330408422018804604","0.01387743988353417300130","0.010571816065610832244270","2922","tags=56%, list=23%, signal=43%","NUP210/SEC13/NEK6/NUP42/NUP133/NUP155/NUP85/NUP43/NUP88/SEH1L/NUP37/NUP54/NUP107/NUP35/NDC1/CCNB1/NUP62/CCNB2/NUP93/AAAS","0.4550598673872295"
"REACTOME_MITOCHONDRIAL_BIOGENESIS","REACTOME_MITOCHONDRIAL_BIOGENESIS","92","-0.4350172901120017","-1.740126517118919","0.0004182815478348385308457","0.00394099645850636958605","0.003002246093242853190036","2601","tags=42%, list=20%, signal=34%","ATP5MJ/TFB1M/HDAC3/CHCHD3/CHCHD6/ATP5MG/CALM1/DMAC2L/POLRMT/TFB2M/ATP5F1B/IDH2/ATP5PO/CYCS/ATP5MK/GLUD1/ATP5PD/APOO/MICOS13/ATP5ME/DNAJC11/ATP5MC1/IMMT/MICOS10/ATP5PF/MTX1/APOOL/CAMK4/ATP5F1A/MTX2/ATP5MC3/ATP5F1D/ATP5MF/SSBP1/TFAM/CARM1/HCFC1/ATP5F1C/ATP5PB","0.4984931087665903"
"REACTOME_INTERLEUKIN_12_SIGNALING","REACTOME_INTERLEUKIN_12_SIGNALING","35","-0.5192979127741750","-1.738718294825204","0.0050304549121716057857867","0.02850829584585543377551","0.021717583542480260738738","2370","tags=40%, list=18%, signal=33%","SOD1/CAPZA1/SNRPA1/GSTO1/TCP1/TALDO1/CDC42/CFL1/MIF/HNRNPDL/LMNB1/HNRNPF/PPIA/HNRNPA2B1","0.4070179189239539"
"REACTOME_PHOSPHORYLATION_OF_THE_APC_C","REACTOME_PHOSPHORYLATION_OF_THE_APC_C","20","-0.6084128284528634","-1.738406887095795","0.0045759320248570283309886","0.02627892391417893311334","0.020019250838370774431274","3828","tags=75%, list=30%, signal=53%","CDC16/CDC27/ANAPC10/UBE2C/ANAPC4/CDC23/ANAPC11/UBE2S/ANAPC2/UBE2E1/ANAPC5/CCNB1/ANAPC15/PLK1/ANAPC7","0.4070179189239539"
"REACTOME_LAMININ_INTERACTIONS","REACTOME_LAMININ_INTERACTIONS","22","0.5831625519924899","1.737519019502010","0.0100216368230426639690522","0.04808790719597925977791","0.036633306584109501247148","4248","tags=68%, list=33%, signal=46%","LAMC1/ITGA3/LAMB3/COL7A1/LAMB2/ITGAV/LAMA5/LAMC2/ITGA1/LAMA3/ITGB1/ITGA2/LAMA4/LAMA1/HSPG2","0.3807304007227924"
"REACTOME_DNA_REPLICATION_INITIATION","REACTOME_DNA_REPLICATION_INITIATION","8","-0.7788216228267839","-1.736421502899945","0.0069155270629052351463728","0.03657949841168295357363","0.027866215398955250515112","2841","tags=88%, list=22%, signal=68%","PRIM2/POLE4/POLA2/POLE/PRIM1/POLE2/POLA1","0.4070179189239539"
"REACTOME_METALLOPROTEASE_DUBS","REACTOME_METALLOPROTEASE_DUBS","27","0.5527222705186936","1.734047434358109","0.0042389447827163948684381","0.02481634664056297026602","0.018905061330206768960283","1311","tags=37%, list=10%, signal=33%","H2AC19/H2AC18/H2AC20/H2AC6/MYSM1/UBC/H2AC8/UBA52/H2AC13/STAMBP","0.4070179189239539"
"REACTOME_REGULATION_OF_PD_L1_CD274_POST_TRANSLATIONAL_MODIFICATION","REACTOME_REGULATION_OF_PD_L1_CD274_POST_TRANSLATIONAL_MODIFICATION","81","-0.4449414943631640","-1.730522980128218","0.0007640341976627635679764","0.00648891015761473861218","0.004943243510928222415879","1852","tags=32%, list=14%, signal=28%","RPN1/RPN2/PSMA5/PSMB7/COPS5/PSMB4/CDK4/VCP/PSMC5/PSMD14/PSMD3/PSMA6/PSMD11/PSMD6/PSMC3/PSMB3/PSMD1/PSMA2/OSTC/PSMA7/PSMB6/RBX1/PSMA1/PSMA3/PSMA4/PSMB2","0.4772708153628621"
"REACTOME_SYNTHESIS_OF_PIPS_AT_THE_PLASMA_MEMBRANE","REACTOME_SYNTHESIS_OF_PIPS_AT_THE_PLASMA_MEMBRANE","48","0.4911709519020992","1.730079698409975","0.0033210078535854921713555","0.02050410650899711639816","0.015620002278662909606100","3872","tags=48%, list=30%, signal=34%","SYNJ1/MTMR3/INPP4A/MTM1/OCRL/PTEN/PIP4K2C/INPP5K/INPP5D/MTMR9/RAB5A/PLEKHA3/PI4K2A/PIK3CA/PIP5K1A/PLEKHA8/PIK3R3/INPP5J/PIK3CD/PIK3R1/PIK3C2A/PIK3CB/RAB14","0.4317076958033464"
"REACTOME_MICRORNA_MIRNA_BIOGENESIS","REACTOME_MICRORNA_MIRNA_BIOGENESIS","24","-0.5705391680221341","-1.727868983371495","0.0071773407348685565668167","0.03752546066293993565210","0.028586848239683017997015","2220","tags=46%, list=17%, signal=38%","DGCR8/POLR2I/POLR2D/POLR2L/POLR2F/POLR2G/DROSHA/PRKRA/POLR2E/TARBP2/RAN","0.4070179189239539"
"REACTOME_ENDOSOMAL_VACUOLAR_PATHWAY","REACTOME_ENDOSOMAL_VACUOLAR_PATHWAY","11","0.6918418724789385","1.727590535940765","0.0125223508584976495061625","0.05720437551268244685820","0.043578220561111026543077","2859","tags=73%, list=22%, signal=57%","HLA-E/HLA-B/LNPEP/HLA-A/HLA-C/CTSV/HLA-F/CTSS","0.3807304007227924"
"REACTOME_PDH_COMPLEX_SYNTHESIZES_ACETYL_COA_FROM_PYR","REACTOME_PDH_COMPLEX_SYNTHESIZES_ACETYL_COA_FROM_PYR","5","-0.8734789051142795","-1.725733331756513","0.0030359548173152896624605","0.01919657377875848974780","0.014623925506588402595254","928","tags=80%, list=7%, signal=74%","DLAT/DLD/PDHB/PDHA1","0.4317076958033464"
"REACTOME_DUAL_INCISION_IN_TC_NER","REACTOME_DUAL_INCISION_IN_TC_NER","63","-0.4589668921573546","-1.725342439032730","0.0016924149226346504783919","0.01265115121919868808320","0.009637630919683413954768","2404","tags=41%, list=19%, signal=34%","AQR/RFC3/GTF2H4/MNAT1/POLR2I/POLR2D/ISY1/ERCC2/POLR2L/RFC4/RPA3/RFC2/PCNA/GTF2H2/POLR2F/POLE/POLR2G/PRPF19/GTF2H3/POLE2/RFC5/XPA/RBX1/POLR2E/POLD2/POLD1","0.4550598673872295"
"REACTOME_INTERACTIONS_OF_VPR_WITH_HOST_CELLULAR_PROTEINS","REACTOME_INTERACTIONS_OF_VPR_WITH_HOST_CELLULAR_PROTEINS","37","-0.5168322638579079","-1.725082097751399","0.0024647689318065312338857","0.01674398575071272057824","0.012755547063963448145563","2922","tags=57%, list=23%, signal=44%","NUP210/SEC13/NUP42/NUP133/PSIP1/NUP155/NUP85/NUP43/NUP88/SEH1L/SLC25A6/NUP37/NUP54/NUP107/NUP35/BANF1/NDC1/NUP62/SLC25A5/NUP93/AAAS","0.4317076958033464"
"REACTOME_HEDGEHOG_ON_STATE","REACTOME_HEDGEHOG_ON_STATE","63","-0.4578902671057452","-1.721295203983299","0.0017605648557411630959063","0.01294659278063318638696","0.009862697925689925884662","2540","tags=40%, list=20%, signal=32%","GAS1/PSMD8/SEM1/PSMB5/DRC4/PSMA5/PSMB7/PSMB4/PSMC5/PSMD14/PSMD3/PSMA6/PSMD11/PSMD6/PSMC3/PSMB3/PSMD1/PSMA2/PSMA7/PSMB6/RBX1/PSMA1/PSMA3/PSMA4/PSMB2","0.4550598673872295"
"REACTOME_SIGNALING_BY_NODAL","REACTOME_SIGNALING_BY_NODAL","16","0.6192353382197100","1.720703687994421","0.0076431031949550547535677","0.03927947068089118060064","0.029923050842082386108212","2615","tags=38%, list=20%, signal=30%","FOXO3/ACVR2B/ACVR2A/SMAD3/ACVR1C/ACVR1B","0.4070179189239539"
"REACTOME_DEVELOPMENTAL_CELL_LINEAGES","REACTOME_DEVELOPMENTAL_CELL_LINEAGES","81","0.4417710755951234","1.720687928106489","0.0005806111770836525120057","0.00509866805506955025895","0.003884158844150850317667","4659","tags=57%, list=36%, signal=37%","LAMC1/KRT15/SPINK1/KRT10/AQP3/TFAP2C/CSPG4/MFGE8/LAMB3/CD24/LAMB2/TGFA/ACTA2/COL11A2/KRT7/CEL/ALDH1A3/SLPI/FN1/LAMA5/SOX9/COL1A1/ABCG2/LAMC2/ANXA1/COL5A2/LAMA3/CD44/ITGB1/KRT18/ALDH1A1/PRSS3/AREG/CTRL/KRT23/LAMA4/LAMA1/PROM1/ANXA3/BHLHA15/EGFR/LRIG1/KLK7/KRT8/DMKN/GATA6","0.4772708153628621"
"REACTOME_GENE_SILENCING_BY_RNA","REACTOME_GENE_SILENCING_BY_RNA","67","0.4574808872111543","1.719776401217933","0.0015230900501673298730321","0.01162561139558101162839","0.008856375985471157466500","1538","tags=36%, list=12%, signal=32%","H4C8/H2BC5/H2AC19/H2AC18/H3C4/H2AC20/H4C12/H2BC6/H2AC6/H2BC21/H2BC12/H2BC17/H2BC11/H2BC4/H3C10/H2BC15/H4C15/H4C14/H2BC12L/H2AC8/PIWIL2/H2BC8/PIWIL4/H3C6","0.4550598673872295"
"REACTOME_ER_QUALITY_CONTROL_COMPARTMENT_ERQC","REACTOME_ER_QUALITY_CONTROL_COMPARTMENT_ERQC","21","0.5941056098323090","1.718988323322588","0.0093342111451416125145197","0.04539136548806768645115","0.034579084538218049504898","3966","tags=71%, list=31%, signal=50%","RNF103/SYVN1/MAN1B1/UBC/UBA52/MARCHF6/OS9/EDEM3/SEL1L/AMFR/RNF185/EDEM1/DERL2/UGGT2/TRIM13","0.3807304007227924"
"REACTOME_FORMATION_OF_TC_NER_PRE_INCISION_COMPLEX","REACTOME_FORMATION_OF_TC_NER_PRE_INCISION_COMPLEX","51","-0.4736651131513166","-1.717527701190596","0.0032509991235272228150832","0.02020981929367953941479","0.015395814652061143648631","2404","tags=43%, list=19%, signal=35%","AQR/GTF2H4/MNAT1/POLR2I/GPS1/POLR2D/ISY1/ERCC2/POLR2L/COPS3/COPS5/COPS6/GTF2H2/POLR2F/POLR2G/PRPF19/GTF2H3/COPS7A/COPS7B/XPA/RBX1/POLR2E","0.4317076958033464"
"REACTOME_BRANCHED_CHAIN_AMINO_ACID_CATABOLISM","REACTOME_BRANCHED_CHAIN_AMINO_ACID_CATABOLISM","20","-0.6005263474786533","-1.715872988730470","0.0058461838298246877193565","0.03204771681258442028728","0.024413909936473340844820","3030","tags=65%, list=23%, signal=50%","HIBCH/BCKDK/HIBADH/ACAD8/DBT/IVD/ACAT1/BCKDHA/DLD/HSD17B10/ECHS1/MCCC2/BCAT2","0.4070179189239539"
"REACTOME_WAX_AND_PLASMALOGEN_BIOSYNTHESIS","REACTOME_WAX_AND_PLASMALOGEN_BIOSYNTHESIS","5","-0.8683391812929634","-1.715578773171830","0.0032132337890255131297723","0.02011328693545727519520","0.015322276424256152035919","1306","tags=80%, list=10%, signal=72%","AGPS/FAR2/GNPAT/FAR1","0.4317076958033464"
"REACTOME_DUAL_INCISION_IN_GG_NER","REACTOME_DUAL_INCISION_IN_GG_NER","41","-0.4935562083965593","-1.715494337144602","0.0043920237335836878264650","0.02546529145529773108247","0.019399426665289060817132","1882","tags=39%, list=15%, signal=33%","ERCC2/RFC4/RPA3/RFC2/PARP1/PCNA/GTF2H2/POLE/GTF2H3/CHD1L/POLE2/RFC5/XPA/RBX1/POLD2/POLD1","0.4070179189239539"
"REACTOME_CHROMOSOME_MAINTENANCE","REACTOME_CHROMOSOME_MAINTENANCE","114","-0.4190880277155688","-1.714944895353125","0.0002923154319000452645849","0.00302170637889818179816","0.002301932078977891524274","2097","tags=46%, list=16%, signal=39%","POLR2I/POLA2/TEN1/MIS18A/POLR2D/RBBP4/CENPU/POLR2L/PIF1/RFC4/MIS18BP1/RPA3/ACD/RFC2/NPM1/PCNA/BLM/CENPK/CENPM/TERF1/POLR2F/CENPO/CENPX/POLR2G/ITGB3BP/FEN1/RTEL1/CCNA2/H3-3A/H2AX/CENPI/CENPN/DSCC1/RUVBL1/PRIM1/DNA2/NHP2/OIP5/KNL1/CENPH/CENPS/RFC5/H2AZ2/LIG1/POLA1/DKC1/POLR2E/RBBP7/POLD2/POLD1/GAR1/RUVBL2/CHTF18","0.4984931087665903"
"REACTOME_FATTY_ACYL_COA_BIOSYNTHESIS","REACTOME_FATTY_ACYL_COA_BIOSYNTHESIS","30","-0.5357669402948354","-1.712088827142230","0.0047427168599961100348139","0.02706490473101881219509","0.020618010025689526010240","2190","tags=37%, list=17%, signal=31%","ACSF3/PPT1/HACD1/ACSBG1/CBR4/TECR/ACLY/SCD/ELOVL6/ACACA/FASN","0.4070179189239539"
"REACTOME_INTEGRIN_CELL_SURFACE_INTERACTIONS","REACTOME_INTEGRIN_CELL_SURFACE_INTERACTIONS","42","0.4933292263785458","1.709421190604971","0.0025129733620455067984178","0.01683692152570489750096","0.012826345419234870190439","4979","tags=76%, list=38%, signal=47%","ITGA10/ITGA3/VWF/COL7A1/ITGA5/ITGAV/FN1/ICAM5/TNC/ICAM3/ITGB7/FBN1/COL1A1/COL16A1/AGRN/ICAM1/ITGB8/ICAM2/ITGA1/COL5A2/CD44/F11R/ITGB1/ITGA2/BSG/COL6A1/HSPG2/ITGAX/THBS1/COL4A2/ITGA7/ITGA9","0.4317076958033464"
"REACTOME_MITOCHONDRIAL_RNA_DEGRADATION","REACTOME_MITOCHONDRIAL_RNA_DEGRADATION","10","-0.7119556467732128","-1.709121927504160","0.0065353302630145561000208","0.03497755161477317242813","0.026645854365079046921494","2231","tags=70%, list=17%, signal=58%","LRPPRC/REXO2/SLIRP/GRSF1/FASTK/TBRG4/PNPT1","0.4070179189239539"
"REACTOME_G1_S_DNA_DAMAGE_CHECKPOINTS","REACTOME_G1_S_DNA_DAMAGE_CHECKPOINTS","65","-0.4593737242509223","-1.709011250868134","0.0014880166121342120171683","0.01140602564131690602189","0.008689095836957382718024","1802","tags=35%, list=14%, signal=31%","PSMA5/PSMB7/PSMB4/PSMC5/CHEK1/PSMD14/PSMD3/PSMA6/PSMD11/PSMD6/CCNA2/PSMC3/PSMB3/PSMD1/PSMA2/PSMA7/CDC25A/PSMB6/RBX1/PSMA1/PSMA3/PSMA4/PSMB2","0.4550598673872295"
"REACTOME_ACTIVATED_NTRK2_SIGNALS_THROUGH_FYN","REACTOME_ACTIVATED_NTRK2_SIGNALS_THROUGH_FYN","7","0.7958474701662275","1.708437246947882","0.0028541413700001586929711","0.01850425277718934988225","0.014096516247505061492085","847","tags=57%, list=7%, signal=53%","DOCK3/NTRK2/FYN/BDNF","0.4317076958033464"
"REACTOME_ACTIVATION_OF_BAD_AND_TRANSLOCATION_TO_MITOCHONDRIA","REACTOME_ACTIVATION_OF_BAD_AND_TRANSLOCATION_TO_MITOCHONDRIA","15","-0.6320126053925010","-1.707783163571543","0.0116819376978503502995110","0.05432551489822952384134","0.041385108203936336879192","2414","tags=47%, list=19%, signal=38%","AKT1/YWHAZ/BID/YWHAQ/YWHAE/AKT2/YWHAB","0.3807304007227924"
"REACTOME_PROCESSIVE_SYNTHESIS_ON_THE_C_STRAND_OF_THE_TELOMERE","REACTOME_PROCESSIVE_SYNTHESIS_ON_THE_C_STRAND_OF_THE_TELOMERE","19","-0.6053446111863898","-1.707350364197647","0.0068293528258272367947868","0.03622961660387528232130","0.027599675882453010566930","1576","tags=53%, list=12%, signal=46%","RPA3/ACD/PCNA/BLM/TERF1/FEN1/DNA2/LIG1/POLD2/POLD1","0.4070179189239539"
"REACTOME_NUCLEOTIDE_BINDING_DOMAIN_LEUCINE_RICH_REPEAT_CONTAINING_RECEPTOR_NLR_SIGNALING_PATHWAYS","REACTOME_NUCLEOTIDE_BINDING_DOMAIN_LEUCINE_RICH_REPEAT_CONTAINING_RECEPTOR_NLR_SIGNALING_PATHWAYS","47","0.4810450328544118","1.706509645906721","0.0023173658551381374343103","0.01600043828986599456221","0.012189113553309198489938","1265","tags=32%, list=10%, signal=29%","TNFAIP3/BCL2L1/ITCH/CYLD/BIRC3/HMOX1/RELA/BIRC2/TAB2/CHUK/UBC/TAB3/NFKB2/UBA52/NLRC4","0.4317076958033464"
"REACTOME_PROTEIN_HYDROXYLATION","REACTOME_PROTEIN_HYDROXYLATION","19","-0.6035386778422991","-1.702256801133284","0.0072643377456404721603800","0.03776203155707934938645","0.028767067646166367272942","2226","tags=47%, list=17%, signal=39%","JMJD7/ASPH/RIOX2/KDM8/RIOX1/RCCD1/JMJD4/DRG2/U2AF2","0.4070179189239539"
"REACTOME_GLYOXYLATE_METABOLISM_AND_GLYCINE_DEGRADATION","REACTOME_GLYOXYLATE_METABOLISM_AND_GLYCINE_DEGRADATION","11","-0.6871340623695632","-1.701385745424374","0.0127043891125645982270731","0.05774432136841547297257","0.043989550627759083090140","2682","tags=82%, list=21%, signal=65%","ALDH4A1/DLST/GRHPR/GNMT/KGD4/PXMP2/GOT2/DLD/GCSH","0.3807304007227924"
"REACTOME_RHOBTB1_GTPASE_CYCLE","REACTOME_RHOBTB1_GTPASE_CYCLE","23","-0.5640474982371690","-1.698967138787285","0.0095361444164060605449551","0.04612536162908707076946","0.035138241865567174104790","614","tags=17%, list=5%, signal=17%","CCT7/CCT2/TRA2B/RBMX","0.3807304007227924"
"REACTOME_DNA_REPAIR","REACTOME_DNA_REPAIR","304","-0.3641792888941636","-1.698543829854685","0.0000025203960515783136623","0.00005771387920639454538","0.000043966359827422299075","2404","tags=38%, list=19%, signal=31%","AQR/RFC3/GTF2H4/MNAT1/POLQ/WRN/BARD1/ATR/XRCC3/TDP1/PRKDC/FANCG/SLX1B/UBE2V2/POLR2I/BABAM1/RMI2/RBBP8/MAD2L2/GPS1/NBN/POLR2D/ISY1/RAD51AP1/ERCC2/XRCC6/POLR2L/RAD23B/UBE2I/RFC4/COPS3/DCLRE1B/USP1/COPS5/TIPIN/FANCF/RPA3/CETN2/APEX1/BRCA1/ACD/RFC2/VCP/INO80C/FANCD2/PARP1/PCNA/FANCB/FIRRM/SUMO1/UBE2T/COPS6/CHEK1/INO80E/BLM/GTF2H2/FANCM/TERF1/USP10/PAXIP1/POLR2F/POLE/XRCC5/EXO1/EME1/MSH2/DTL/SUMO3/XRCC2/CENPX/POLR2G/FANCA/FEN1/RTEL1/PRPF19/CCNA2/H2AX/RAD51/UNG/NTHL1/GTF2H3/RUVBL1/ACTL6A/COPS7A/CLSPN/DNA2/RAD23A/PCLAF/NEIL3/COPS7B/CHD1L/FAAP100/MCRS1/ACTB/POLE2/CENPS/NSD2/PPP4C/ACTR5/RFC5/XPA/PPP5C/TIMELESS/BRIP1/RBX1/PNKP/UBE2N/H2AZ2/OGG1/LIG1/POLR2E/POLD2/POLD1/LIG3","0.6272567397185284"
"REACTOME_RET_SIGNALING","REACTOME_RET_SIGNALING","30","0.5319692689421900","1.697694014188879","0.0055578818948658912160732","0.03084112990126501932520","0.023494733560953440232311","3972","tags=70%, list=31%, signal=49%","FRS2/GAB2/RAP1GAP/SOS1/IRS2/PRKACB/GRB2/PRKACA/PIK3CA/PSPN/PRKCA/PIK3R3/MAPK7/PIK3CD/SHC3/PIK3R1/GAB1/GRB7/PIK3CB/GRB10/SHC1","0.4070179189239539"
"REACTOME_CELLULAR_SENESCENCE","REACTOME_CELLULAR_SENESCENCE","154","0.3943222697397009","1.694165014784737","0.0000716124783914713256526","0.00095255127507479133570","0.000725652350697784530482","1077","tags=23%, list=8%, signal=21%","H4C8/H2BC5/H2AC19/H2AC18/CXCL8/PHC3/H3C4/H2AC20/H4C12/H2BC6/H2AC6/H1-2/UBN1/H2BC21/CDKN1A/H2BC12/CDKN2B/H2BC17/H2BC11/H2BC4/CDKN2D/H3C10/TERF2IP/RELA/MDM2/KDM6B/H2BC15/H4C15/H4C14/ETS1/H2BC12L/IL1A/UBC/H2AC8/UBA52","0.5384340963099162"
"REACTOME_BETA_OXIDATION_OF_DECANOYL_COA_TO_OCTANOYL_COA_COA","REACTOME_BETA_OXIDATION_OF_DECANOYL_COA_TO_OCTANOYL_COA_COA","6","-0.8069889694311483","-1.693476385632511","0.0108948914839716946151293","0.05159387092802301955086","0.039304145299242164435238","1426","tags=67%, list=11%, signal=59%","HADHA/ECHS1/HADH/MECR","0.3807304007227924"
"REACTOME_TRANSCRIPTION_OF_E2F_TARGETS_UNDER_NEGATIVE_CONTROL_BY_DREAM_COMPLEX","REACTOME_TRANSCRIPTION_OF_E2F_TARGETS_UNDER_NEGATIVE_CONTROL_BY_DREAM_COMPLEX","19","-0.6000307443641504","-1.692362814483663","0.0076993229778518157760403","0.03945630387233409197556","0.030057762142575758512741","1923","tags=58%, list=15%, signal=49%","RBBP4/HDAC1/RBL1/MYC/PCNA/E2F5/CDC25A/TFDP1/CDC6/E2F4/E2F1","0.4070179189239539"
"REACTOME_CHREBP_ACTIVATES_METABOLIC_GENE_EXPRESSION","REACTOME_CHREBP_ACTIVATES_METABOLIC_GENE_EXPRESSION","8","-0.7584094815740237","-1.690911619824437","0.0136294720250218250046093","0.06057915207190290446393","0.046149121054720493306789","918","tags=38%, list=7%, signal=35%","ACLY/ACACA/FASN","0.3807304007227924"
"REACTOME_SUMOYLATION_OF_SUMOYLATION_PROTEINS","REACTOME_SUMOYLATION_OF_SUMOYLATION_PROTEINS","35","-0.5047952707803851","-1.690160408614580","0.0085652932810266844271263","0.04245100149418430668380","0.032339118984761550112950","2922","tags=57%, list=23%, signal=44%","NUP210/SEC13/NUP42/NUP133/SUMO2/NUP155/NUP85/NUP43/NUP88/UBE2I/SEH1L/SUMO1/NUP37/NUP54/NUP107/NUP35/NDC1/NUP62/NUP93/AAAS","0.3807304007227924"
"REACTOME_TRANSFERRIN_ENDOCYTOSIS_AND_RECYCLING","REACTOME_TRANSFERRIN_ENDOCYTOSIS_AND_RECYCLING","24","0.5578271879080536","1.687565290548545","0.0110969857531886054169412","0.05227720632166194675294","0.039824709333624613849523","1151","tags=38%, list=9%, signal=34%","ATP6V1D/ATP6V0E1/MCOLN1/ATP6V1E1/ATP6V0B/ATP6AP1/ATP6V1G1/ATP6V1B2/ATP6V0C","0.3807304007227924"
"REACTOME_TRANSCRIPTIONAL_REGULATION_BY_RUNX2","REACTOME_TRANSCRIPTIONAL_REGULATION_BY_RUNX2","89","-0.4224190667231288","-1.686492432844857","0.0012654750250911267223791","0.00986743241547348437503","0.007516997472999701994378","1916","tags=30%, list=15%, signal=26%","CBFB/PSMA5/PSMB7/PSMB4/CDK4/PSMC5/PSMD14/PSMD3/PSMA6/PSMD11/PSMD6/PSMC3/CCNB1/PSMB3/PSMD1/PSMA2/PSMA7/AKT2/PSMB6/RBX1/PSMA1/PSMA3/SKP2/STUB1/PSMA4/PSMB2/RBM14","0.4550598673872295"
"REACTOME_BH3_ONLY_PROTEINS_ASSOCIATE_WITH_AND_INACTIVATE_ANTI_APOPTOTIC_BCL_2_MEMBERS","REACTOME_BH3_ONLY_PROTEINS_ASSOCIATE_WITH_AND_INACTIVATE_ANTI_APOPTOTIC_BCL_2_MEMBERS","9","0.7261457550886091","1.685122113994520","0.0081131340422362658443278","0.04111109098712998483061","0.031318376863459694570135","1728","tags=67%, list=13%, signal=58%","BCL2L1/BCL2L11/PMAIP1/BBC3/BMF/STAT3","0.3807304007227924"
"REACTOME_CHK1_CHK2_CDS1_MEDIATED_INACTIVATION_OF_CYCLIN_B_CDK1_COMPLEX","REACTOME_CHK1_CHK2_CDS1_MEDIATED_INACTIVATION_OF_CYCLIN_B_CDK1_COMPLEX","14","-0.6366704471434625","-1.682856980099400","0.0088954454026288175272352","0.04384703197099599353281","0.033402613227698350895079","2476","tags=57%, list=19%, signal=46%","CDC25C/YWHAZ/CHEK1/CCNA2/CCNB1/YWHAQ/YWHAE/YWHAB","0.3807304007227924"
"REACTOME_RECYCLING_OF_EIF2_GDP","REACTOME_RECYCLING_OF_EIF2_GDP","8","-0.7544852851205143","-1.682162428862397","0.0156151957332550661572412","0.06757868201305841648896","0.051481354067772946980774","795","tags=38%, list=6%, signal=35%","EIF2S3/EIF2B5/EIF2B3","0.3807304007227924"
"REACTOME_RECYCLING_OF_BILE_ACIDS_AND_SALTS","REACTOME_RECYCLING_OF_BILE_ACIDS_AND_SALTS","9","0.7248346929902546","1.682079612238812","0.0085225620404881120145690","0.04245100149418430668380","0.032339118984761550112950","2148","tags=44%, list=17%, signal=37%","NCOA1/NCOA2/SLC51A/FABP6","0.3807304007227924"
"REACTOME_REGULATION_OF_TBK1_IKK_IKBKE_MEDIATED_ACTIVATION_OF_IRF3_IRF7","REACTOME_REGULATION_OF_TBK1_IKK_IKBKE_MEDIATED_ACTIVATION_OF_IRF3_IRF7","11","0.6735289884162389","1.681861639713161","0.0177231203307399790003451","0.07413110463587564702426","0.056472981293970672678206","1077","tags=45%, list=8%, signal=42%","TICAM2/TICAM1/OPTN/UBC/UBA52","0.3524878575836192"
"REACTOME_ACYL_CHAIN_REMODELLING_OF_PI","REACTOME_ACYL_CHAIN_REMODELLING_OF_PI","8","0.7335999307789066","1.681541981529001","0.0123480648697309597361382","0.05655101101099571647701","0.043080488314125961468726","11","tags=12%, list=0%, signal=12%","PLA2G4C","0.3807304007227924"
"REACTOME_PROLONGED_ERK_ACTIVATION_EVENTS","REACTOME_PROLONGED_ERK_ACTIVATION_EVENTS","12","0.6664678326642006","1.681471382235741","0.0133365118935347744949516","0.05971720300842675577258","0.045492489353666801243925","817","tags=42%, list=6%, signal=39%","FRS2/CRKL/KIDINS220/MAP2K1/BRAF","0.3807304007227924"
"REACTOME_DECTIN_1_MEDIATED_NONCANONICAL_NF_KB_SIGNALING","REACTOME_DECTIN_1_MEDIATED_NONCANONICAL_NF_KB_SIGNALING","45","-0.4905406098933194","-1.681450116879987","0.0027756327504190815742835","0.01806158145866229580712","0.013759289799668514633901","1802","tags=44%, list=14%, signal=38%","PSMA5/PSMB7/PSMB4/PSMC5/PSMD14/UBA3/PSMD3/PSMA6/PSMD11/PSMD6/PSMC3/PSMB3/PSMD1/PSMA2/PSMA7/PSMB6/PSMA1/PSMA3/PSMA4/PSMB2","0.4317076958033464"
"REACTOME_PCP_CE_PATHWAY","REACTOME_PCP_CE_PATHWAY","75","-0.4333009444116914","-1.678948766031907","0.0024399856943502109922484","0.01671944742833155958528","0.012736853801160696181283","3044","tags=45%, list=23%, signal=35%","PSMC6/PSMD13/PSMD7/AP2B1/RAC1/PARD6A/PSMD8/SEM1/PSMB5/AP2M1/RHOA/PSMA5/PSMB7/PSMB4/PSMC5/AP2S1/PSMD14/PSMD3/PSMA6/PSMD11/RYK/PSMD6/PSMC3/PFN1/PSMB3/PSMD1/PSMA2/SCRIB/PSMA7/PSMB6/PSMA1/PSMA3/PSMA4/PSMB2","0.4317076958033464"
"REACTOME_SIGNALING_BY_FLT3_ITD_AND_TKD_MUTANTS","REACTOME_SIGNALING_BY_FLT3_ITD_AND_TKD_MUTANTS","14","0.6450520430784612","1.677019293077752","0.0068000755588890132372071","0.03618040201773595199164","0.027562184273281824242741","2264","tags=57%, list=17%, signal=47%","BCL2L1/CDKN1A/GAB2/STAT5A/SOS1/PIM1/GRB2/PIK3CA","0.4070179189239539"
"REACTOME_FOXO_MEDIATED_TRANSCRIPTION","REACTOME_FOXO_MEDIATED_TRANSCRIPTION","51","0.4639081156457631","1.675928824566500","0.0081931381420010575972190","0.04140052206391036521138","0.031538865089895784521445","1830","tags=33%, list=14%, signal=29%","DDIT3/FBXO32/CCNG2/BCL2L11/BCL6/CDKN1A/BTG1/FOXO3/CITED2/BBC3/SIN3A/SMAD3/SIRT1/CREBBP/FOXO1/GADD45A/PINK1","0.3807304007227924"
"REACTOME_RNA_POLYMERASE_I_TRANSCRIPTION","REACTOME_RNA_POLYMERASE_I_TRANSCRIPTION","78","0.4332971527000701","1.675823378112546","0.0019106401201210536366926","0.01387743988353417300130","0.010571816065610832244270","997","tags=28%, list=8%, signal=26%","H4C8/H2BC5/H2AC19/H2AC18/H3C4/H2AC20/H4C12/H2BC6/H2AC6/H2BC21/H2BC12/H2BC17/H2BC11/H2BC4/H3C10/ERCC6/GATAD2B/H2BC15/H4C15/H4C14/H2BC12L/H2AC8","0.4550598673872295"
"REACTOME_DEPOSITION_OF_NEW_CENPA_CONTAINING_NUCLEOSOMES_AT_THE_CENTROMERE","REACTOME_DEPOSITION_OF_NEW_CENPA_CONTAINING_NUCLEOSOMES_AT_THE_CENTROMERE","50","0.4691571620697079","1.674211291429698","0.0058140138113067551042801","0.03204771681258442028728","0.024413909936473340844820","1500","tags=46%, list=12%, signal=41%","H4C8/H2BC5/H2AC19/H2AC18/H2AC20/H4C12/H2BC6/H2AC6/H2BC21/H2BC12/H2BC17/H2BC11/H2BC4/RSF1/H2BC15/H4C15/H4C14/H2BC12L/H2AC8/CENPL/H2BC8/CENPC/CENPP","0.4070179189239539"
"REACTOME_APC_CDC20_MEDIATED_DEGRADATION_OF_NEK2A","REACTOME_APC_CDC20_MEDIATED_DEGRADATION_OF_NEK2A","26","-0.5364417048504098","-1.673859087961227","0.0091997537337889512265576","0.04497933649844381570615","0.034265201377594783904712","1965","tags=42%, list=15%, signal=36%","ANAPC11/UBE2S/BUB3/ANAPC2/UBE2E1/MAD2L1/ANAPC5/ANAPC15/BUB1B/ANAPC7/CDC20","0.3807304007227924"
"REACTOME_INHIBITION_OF_REPLICATION_INITIATION_OF_DAMAGED_DNA_BY_RB1_E2F1","REACTOME_INHIBITION_OF_REPLICATION_INITIATION_OF_DAMAGED_DNA_BY_RB1_E2F1","13","-0.6362566482433509","-1.673061655748646","0.0148688419524810253036229","0.06463460054906641771844","0.049238556550312478909959","2992","tags=69%, list=23%, signal=53%","PPP2R1A/PRIM2/PPP2R1B/POLA2/PPP2R3B/PRIM1/TFDP1/E2F1/POLA1","0.3807304007227924"
"REACTOME_GASTRULATION","REACTOME_GASTRULATION","84","-0.4228425689147163","-1.671272650225381","0.0011001035666199873198912","0.00867957374472834615464","0.006612088247346443146968","1802","tags=24%, list=14%, signal=21%","PSMA5/PSMB7/PSMB4/PSMC5/PSMD14/PSMD3/PSMA6/PSMD11/PSMD6/PSMC3/TEAD4/PSMB3/PSMD1/PSMA2/PSMA7/PSMB6/PSMA1/PSMA3/PSMA4/PSMB2","0.4550598673872295"
"REACTOME_TRANSPORT_OF_MATURE_MRNAS_DERIVED_FROM_INTRONLESS_TRANSCRIPTS","REACTOME_TRANSPORT_OF_MATURE_MRNAS_DERIVED_FROM_INTRONLESS_TRANSCRIPTS","43","-0.4880733997390879","-1.670759627120054","0.0027696840428643775336437","0.01806158145866229580712","0.013759289799668514633901","3346","tags=60%, list=26%, signal=45%","CPSF2/NUP205/SLBP/EIF4E/NUP210/SEC13/NUP42/NUP133/CPSF4/NUP155/NUP85/NUP43/NUP88/SEH1L/NCBP1/CPSF1/NUP37/NUP54/NUP107/NUP35/SYMPK/NDC1/NUP62/NUP93/AAAS/ALYREF","0.4317076958033464"
"REACTOME_SIGNALING_BY_NOTCH1_HD_DOMAIN_MUTANTS_IN_CANCER","REACTOME_SIGNALING_BY_NOTCH1_HD_DOMAIN_MUTANTS_IN_CANCER","15","0.6133925946143157","1.670189926104467","0.0163341648048539629656251","0.07035358126662098754434","0.053595268792352081244079","3765","tags=67%, list=29%, signal=47%","NEURL1B/MIB1/UBC/UBA52/NEURL1/ADAM17/ADAM10/MIB2/DLL4/JAG1","0.3524878575836192"
"REACTOME_G0_AND_EARLY_G1","REACTOME_G0_AND_EARLY_G1","26","-0.5352546357654666","-1.670155076215116","0.0093783841700768762195128","0.04548390606881787950888","0.034649581835018206099619","1923","tags=50%, list=15%, signal=43%","RBBP4/HDAC1/RBL1/MYC/PCNA/MYBL2/CCNA2/E2F5/CDC25A/TFDP1/CDC6/E2F4/E2F1","0.3807304007227924"
"REACTOME_TRAF6_MEDIATED_INDUCTION_OF_TAK1_COMPLEX_WITHIN_TLR4_COMPLEX","REACTOME_TRAF6_MEDIATED_INDUCTION_OF_TAK1_COMPLEX_WITHIN_TLR4_COMPLEX","13","0.6485168011565030","1.668645876754546","0.0114462591654823676867725","0.05350460679678967906847","0.040759741455600503878820","1792","tags=62%, list=14%, signal=53%","TICAM2/TAB2/TICAM1/UBC/TAB3/UBA52/IRAK2/TRAF6","0.3807304007227924"
"REACTOME_RIBOSOME_QUALITY_CONTROL_RQC_COMPLEX_EXTRACTS_AND_DEGRADES_NASCENT_PEPTIDE","REACTOME_RIBOSOME_QUALITY_CONTROL_RQC_COMPLEX_EXTRACTS_AND_DEGRADES_NASCENT_PEPTIDE","100","-0.4104716862298283","-1.668167108098640","0.0006571220172141733388907","0.00568772119205951994653","0.004332898775247067020555","3044","tags=33%, list=23%, signal=25%","PSMC6/PSMD13/PSMD7/RPL22/NEMF/UBE2D2/PSMD8/SEM1/RPL26L1/PSMB5/RPL15/PSMA5/PSMB7/PSMB4/VCP/PSMC5/RPL22L1/PSMD14/PSMD3/PSMA6/PSMD11/PSMD6/PSMC3/PSMB3/PSMD1/PSMA2/PSMA7/PSMB6/RBX1/PSMA1/PSMA3/PSMA4/PSMB2","0.4772708153628621"
"REACTOME_SUMO_IS_TRANSFERRED_FROM_E1_TO_E2_UBE2I_UBC9","REACTOME_SUMO_IS_TRANSFERRED_FROM_E1_TO_E2_UBE2I_UBC9","7","-0.7777209144205753","-1.664843678286623","0.0061825712784505148025826","0.03348974644944504447386","0.025512446281072336667917","2546","tags=86%, list=20%, signal=69%","SUMO2/RWDD3/UBE2I/SUMO1/SUMO3/SAE1","0.4070179189239539"
"REACTOME_SUMOYLATION_OF_RNA_BINDING_PROTEINS","REACTOME_SUMOYLATION_OF_RNA_BINDING_PROTEINS","47","-0.4776120456122499","-1.662585209095626","0.0032407863074793677622687","0.02020981929367953941479","0.015395814652061143648631","2922","tags=53%, list=23%, signal=41%","NUP210/SEC13/NUP42/NUP133/SUMO2/CBX8/NUP155/NUP85/SCMH1/NUP43/NUP88/UBE2I/SEH1L/SUMO1/CBX2/NUP37/NUP54/NUP107/NUP35/NDC1/NUP62/NUP93/HNRNPK/AAAS/NOP58","0.4317076958033464"
"REACTOME_FOLDING_OF_ACTIN_BY_CCT_TRIC","REACTOME_FOLDING_OF_ACTIN_BY_CCT_TRIC","10","-0.6923983381089445","-1.662172619309804","0.0098178026903083491505608","0.04734147489758647187053","0.036064675407879179247495","2755","tags=80%, list=21%, signal=63%","CCT8/CCT6A/CCT4/TCP1/CCT7/CCT5/ACTB/CCT2","0.3807304007227924"
"REACTOME_RESPONSE_OF_EIF2AK1_HRI_TO_HEME_DEFICIENCY","REACTOME_RESPONSE_OF_EIF2AK1_HRI_TO_HEME_DEFICIENCY","15","0.6104092789140823","1.662066737346291","0.0182253949959836243632783","0.07544562825568507102858","0.057474383716835060476047","464","tags=27%, list=4%, signal=26%","ATF3/DDIT3/PPP1R15A/CHAC1","0.3524878575836192"
"REACTOME_NUCLEAR_ENVELOPE_NE_REASSEMBLY","REACTOME_NUCLEAR_ENVELOPE_NE_REASSEMBLY","73","-0.4290832086025957","-1.660211472801841","0.0025116942287346272384696","0.01683692152570489750096","0.012826345419234870190439","2992","tags=44%, list=23%, signal=34%","PPP2R1A/SEC13/CHMP2A/NUP133/TUBA1C/RCC1/TUBA1A/NUP155/NUP85/TUBB8/NUP43/UBE2I/SEH1L/LBR/EMD/SUMO1/NUP37/NUP54/NUP107/NUP35/TUBA1B/BANF1/NDC1/CCNB1/VRK1/NUP62/CHMP6/TMPO/CCNB2/NUP93/LMNB1/RAN","0.4317076958033464"
"REACTOME_NTRK2_ACTIVATES_RAC1","REACTOME_NTRK2_ACTIVATES_RAC1","5","0.8492132341552960","1.659528596846409","0.0044096064828452264175440","0.02548555312289781105139","0.019414861977915042617893","847","tags=80%, list=7%, signal=75%","DOCK3/NTRK2/FYN/BDNF","0.4070179189239539"
"REACTOME_DOWNSTREAM_TCR_SIGNALING","REACTOME_DOWNSTREAM_TCR_SIGNALING","66","-0.4326896088600939","-1.659199630264429","0.0033837875994833428207331","0.02075007378801819665770","0.015807379839206690125275","1879","tags=35%, list=14%, signal=30%","IKBKB/PSMA5/PSMB7/UBE2V1/PSMB4/PSMC5/PSMD14/PSMD3/PSMA6/PSMD11/PSMD6/PSMC3/PSMB3/PSMD1/PSMA2/PSMA7/PSMB6/PSMA1/NFKB1/UBE2N/PSMA3/PSMA4/PSMB2","0.4317076958033464"
"REACTOME_TRNA_PROCESSING_IN_THE_MITOCHONDRION","REACTOME_TRNA_PROCESSING_IN_THE_MITOCHONDRION","5","-0.8395709545489621","-1.658741352717862","0.0084291518936200487965849","0.04212247451811786808085","0.032088847551938651236902","2085","tags=100%, list=16%, signal=84%","ELAC2/PRORP/TRMT10C/TRNT1/HSD17B10","0.3807304007227924"
"REACTOME_REGULATION_OF_GLUCOKINASE_BY_GLUCOKINASE_REGULATORY_PROTEIN","REACTOME_REGULATION_OF_GLUCOKINASE_BY_GLUCOKINASE_REGULATORY_PROTEIN","30","-0.5188891135738247","-1.658154296318841","0.0075626486054639141878853","0.03897672742816017665834","0.029692421416926351174226","2922","tags=57%, list=23%, signal=44%","NUP210/SEC13/NUP42/NUP133/NUP155/NUP85/NUP43/NUP88/SEH1L/NUP37/NUP54/NUP107/NUP35/NDC1/NUP62/NUP93/AAAS","0.4070179189239539"
"REACTOME_LYSOSPHINGOLIPID_AND_LPA_RECEPTORS","REACTOME_LYSOSPHINGOLIPID_AND_LPA_RECEPTORS","6","-0.7895363374353579","-1.656851820401044","0.0174494243600765083779258","0.07358043978409883889569","0.056053485509759880256464","8","tags=17%, list=0%, signal=17%","PLPPR3","0.3524878575836192"
"REACTOME_MATURATION_OF_TCA_ENZYMES_AND_REGULATION_OF_TCA_CYCLE","REACTOME_MATURATION_OF_TCA_ENZYMES_AND_REGULATION_OF_TCA_CYCLE","20","-0.5793162509323381","-1.655269766398945","0.0109860621240049308872111","0.05188978167708856864548","0.039529569731789684916556","3629","tags=75%, list=28%, signal=54%","SIRT3/CSKMT/SDHA/NFS1/ISCA1/CS/SDHD/SDHAF3/ISCA2/LYRM4/IDH2/SDHB/ACAT1/FXN/SDHC","0.3807304007227924"
"REACTOME_SIGNALING_BY_CSF3_G_CSF","REACTOME_SIGNALING_BY_CSF3_G_CSF","26","0.5437224039270125","1.654478271807848","0.0088809894565002999583525","0.04384703197099599353281","0.033402613227698350895079","1829","tags=35%, list=14%, signal=30%","GAB2/JAK1/JAK2/UBC/UBA52/STAT5A/STAT1/STAT3/GRB2","0.3807304007227924"
"REACTOME_NOD1_2_SIGNALING_PATHWAY","REACTOME_NOD1_2_SIGNALING_PATHWAY","34","0.5067111268409240","1.651642944044371","0.0069973698207523304937183","0.03682864614925627361197","0.028056015828781897397670","1792","tags=35%, list=14%, signal=30%","TNFAIP3/ITCH/CYLD/BIRC3/BIRC2/TAB2/CHUK/UBC/TAB3/UBA52/IRAK2/TRAF6","0.4070179189239539"
"REACTOME_ECM_PROTEOGLYCANS","REACTOME_ECM_PROTEOGLYCANS","35","0.4992917360732796","1.648887159448855","0.0083921417647922109950276","0.04205369654434656240261","0.032036452578933699575359","4979","tags=69%, list=38%, signal=42%","LAMC1/TNXB/LAMB2/ITGAV/FN1/LAMA5/TNC/APP/COL1A1/SERPINE1/AGRN/COL5A2/LAMA3/ITGB1/ITGA2/COL6A1/LRP4/LAMA4/LAMA1/HSPG2/ITGAX/COL4A2/ITGA7/ITGA9","0.3807304007227924"
"REACTOME_METABOLISM_OF_COFACTORS","REACTOME_METABOLISM_OF_COFACTORS","25","-0.5363772865721124","-1.648525979137131","0.0134155821221525698577759","0.05992293347894814964372","0.045649214564634880975103","2978","tags=56%, list=23%, signal=43%","PTS/COQ6/COQ4/COQ8B/AKT1/CALM1/STARD7/COQ2/DHFR/COQ9/COQ7/IDH1/PDSS1/COQ3","0.3807304007227924"
"REACTOME_DOWNSTREAM_SIGNALING_EVENTS_OF_B_CELL_RECEPTOR_BCR","REACTOME_DOWNSTREAM_SIGNALING_EVENTS_OF_B_CELL_RECEPTOR_BCR","64","-0.4431822157065390","-1.647969770324683","0.0034513193105075341826637","0.02107788762401583554373","0.016057108002831551457623","2528","tags=42%, list=20%, signal=34%","PSMD8/SEM1/PSMB5/CALM1/NRAS/IKBKB/PSMA5/PSMB7/PSMB4/PSMC5/PSMD14/PSMD3/PSMA6/PSMD11/PSMD6/PSMC3/PSMB3/PSMD1/PSMA2/PSMA7/PSMB6/PSMA1/NFKB1/PSMA3/PPIA/PSMA4/PSMB2","0.4317076958033464"
"REACTOME_HUR_ELAVL1_BINDS_AND_STABILIZES_MRNA","REACTOME_HUR_ELAVL1_BINDS_AND_STABILIZES_MRNA","8","-0.7386752495828971","-1.646913169128841","0.0211692138787849294667698","0.08393339721534147368498","0.063940355322689823580617","1190","tags=50%, list=9%, signal=45%","XPO1/SET/ELAVL1/ANP32A","0.3524878575836192"
"REACTOME_AMINO_ACIDS_REGULATE_MTORC1","REACTOME_AMINO_ACIDS_REGULATE_MTORC1","51","0.4558180101710351","1.646702258999725","0.0112440924100632895499263","0.05269575950726551605285","0.040143562618453226820137","1151","tags=27%, list=9%, signal=25%","RRAGC/FNIP1/ATP6V1D/SESN2/ATP6V0E1/SESN1/FLCN/ATP6V1E1/LAMTOR3/ATP6V0B/ATP6V1G1/ATP6V1B2/FNIP2/ATP6V0C","0.3807304007227924"
"REACTOME_UCH_PROTEINASES","REACTOME_UCH_PROTEINASES","77","-0.4278154652189597","-1.645365563496867","0.0018133846606594547935104","0.01322747117392319982088","0.010076670728713165575696","1802","tags=38%, list=14%, signal=33%","PSMA5/PSMB7/NEDD8/PSMB4/INO80C/PSMC5/UCHL5/INO80E/PSMD14/PSMD3/PSMA6/PSMD11/PSMD6/PSMC3/RUVBL1/PSMB3/ACTL6A/PSMD1/PSMA2/PSMA7/MCRS1/ACTB/PSMB6/ACTR5/PSMA1/PSMA3/PSMA4/PSMB2/HCFC1","0.4550598673872295"
"REACTOME_ORGANELLE_BIOGENESIS_AND_MAINTENANCE","REACTOME_ORGANELLE_BIOGENESIS_AND_MAINTENANCE","280","-0.3591390249311128","-1.644980367468421","0.0000052032074210363827435","0.00010013406621973209079","0.000076282004379838735269","2916","tags=35%, list=22%, signal=28%","PPRC1/PPARGC1B/INPP5E/EXOC2/NPHP1/CEP72/TMEM67/DYNLT2B/CCT8/SFI1/SDCCAG8/ATP5MJ/ODF2/TFB1M/TUBA1C/HDAC3/CHCHD3/SSNA1/CHCHD6/CEP78/LZTFL1/ATP5MG/CCT4/TUBA1A/CEP131/RPGRIP1L/NDE1/SEPTIN2/RAB11FIP3/HAUS8/SCLT1/CALM1/DMAC2L/POLRMT/TFB2M/HAUS4/ACTR1A/TUBB8/HAUS5/NEDD1/ATP5F1B/IDH2/IFT74/ATP5PO/CYCS/CETN2/ATP5MK/GLUD1/IFT52/IFT140/ARL6/TCP1/IFT57/ATP5PD/APOO/TTC8/IFT81/TUBA1B/MICOS13/TCTN2/B9D2/ATP5ME/IFT43/CEP83/TRAF3IP1/EXOC7/DNAJC11/IFT122/ATP5MC1/IMMT/MICOS10/YWHAE/ATP5PF/MTX1/CCT5/APOOL/CAMK4/PLK1/ATP5F1A/HAUS7/MTX2/HAUS1/EXOC6/ATP5MC3/DYNC2I2/ATP5F1D/ATP5MF/CCT2/IFT56/SSBP1/TFAM/B9D1/DCTN1/MKS1/CARM1/HCFC1/ATP5F1C/ATP5PB","0.6105268783859310"
"REACTOME_SIGNALING_BY_FLT3_FUSION_PROTEINS","REACTOME_SIGNALING_BY_FLT3_FUSION_PROTEINS","18","0.5858105359339711","1.644739664862282","0.0137958226135587880972766","0.06101868730544706548313","0.046483958437002904917623","2281","tags=50%, list=18%, signal=41%","CDKN1A/GAB2/STAT5A/SOS1/PIM1/GOLGB1/GRB2/PIK3CA/TRIP11","0.3807304007227924"
"REACTOME_DEVELOPMENTAL_CELL_LINEAGES_OF_THE_INTEGUMENTARY_SYSTEM","REACTOME_DEVELOPMENTAL_CELL_LINEAGES_OF_THE_INTEGUMENTARY_SYSTEM","40","0.4784310412944676","1.643102558080133","0.0073980372133516467819669","0.03823728376843750498271","0.029129114176752651799163","1766","tags=28%, list=14%, signal=24%","KRT15/KRT10/AQP3/TFAP2C/CSPG4/MFGE8/CD24/TGFA/ACTA2/ALDH1A3/SLPI","0.4070179189239539"
"REACTOME_REGULATION_OF_SIGNALING_BY_CBL","REACTOME_REGULATION_OF_SIGNALING_BY_CBL","20","0.5783063601760527","1.642358146860213","0.0123029394424338210656256","0.05648735393746898841849","0.043031994436418877225670","3867","tags=60%, list=30%, signal=42%","CRKL/FYN/UBC/UBA52/CBL/GRB2/PIK3CA/PIK3R3/CRK/PIK3CD/PIK3R1/PIK3CB","0.3807304007227924"
"REACTOME_INOSITOL_PHOSPHATE_METABOLISM","REACTOME_INOSITOL_PHOSPHATE_METABOLISM","44","0.4791611807772557","1.638823936067154","0.0026270329090964544306586","0.01734416982684483868327","0.013212766530351180427338","1620","tags=27%, list=12%, signal=24%","SYNJ1/IP6K1/INPP4A/IP6K2/ITPKC/PLCD4/OCRL/PTEN/INPP5D/MTMR9/IPPK/INPP1","0.4317076958033464"
"REACTOME_G2_M_DNA_REPLICATION_CHECKPOINT","REACTOME_G2_M_DNA_REPLICATION_CHECKPOINT","6","-0.7809122816409780","-1.638754132093786","0.0197265379576034780018112","0.08073598906177531508987","0.061504573855079743005536","863","tags=67%, list=7%, signal=62%","CCNA2/CCNB1/CCNB2/PKMYT1","0.3524878575836192"
"REACTOME_SIGNALING_BY_INSULIN_RECEPTOR","REACTOME_SIGNALING_BY_INSULIN_RECEPTOR","59","0.4472566612051231","1.636779191031824","0.0022227794937039282475999","0.01558530272911010094994","0.011872863810745886217757","3990","tags=53%, list=31%, signal=37%","ATP6V1D/FRS2/ATP6V0E1/GAB2/ATP6V1E1/ATP6V0B/INSR/ATP6AP1/ATP6V1G1/ATP6V1B2/ATP6V0C/SOS1/IRS2/GRB2/ATP6V0D1/PIK3CA/ATP6V1H/PDPK1/CTSD/ATP6V1A/TRIB3/ATP6V1F/PIK3R1/IRS1/PIK3R4/GAB1/PIK3CB/FGFR1/GRB10/SHC1/FLT3LG","0.4317076958033464"
"REACTOME_REGULATION_OF_ENDOGENOUS_RETROELEMENTS","REACTOME_REGULATION_OF_ENDOGENOUS_RETROELEMENTS","99","0.4125312716961906","1.636728752124297","0.0011215847943987743151606","0.00878331988340858363373","0.006691121923935896068092","1538","tags=32%, list=12%, signal=29%","H4C8/H2BC5/H2AC19/H2AC18/ZNF317/ZNF425/H3C4/H2AC20/H4C12/H2BC6/ZNF136/H2AC6/H2BC21/H2BC12/H2BC17/H2BC11/H2BC4/H3C10/GATAD2B/H2BC15/H4C15/H4C14/H2BC12L/H2AC8/ATF7IP/SMARCA2/ZNF224/RBM7/H2BC8/ZNF778/PIWIL4/H3C6","0.4550598673872295"
"REACTOME_DEGRADATION_OF_CRY_AND_PER_PROTEINS","REACTOME_DEGRADATION_OF_CRY_AND_PER_PROTEINS","47","-0.4701580651224394","-1.636637627109163","0.0042832620832454291331937","0.02499011700214500905637","0.019037439370804851851426","1802","tags=43%, list=14%, signal=37%","PSMA5/PSMB7/PSMB4/PSMC5/PSMD14/PSMD3/PSMA6/PSMD11/PSMD6/PSMC3/PSMB3/PSMD1/PSMA2/PSMA7/PSMB6/RBX1/PSMA1/PSMA3/PSMA4/PSMB2","0.4070179189239539"
"REACTOME_GAMMA_CARBOXYLATION_HYPUSINYLATION_HYDROXYLATION_AND_ARYLSULFATASE_ACTIVATION","REACTOME_GAMMA_CARBOXYLATION_HYPUSINYLATION_HYDROXYLATION_AND_ARYLSULFATASE_ACTIVATION","53","-0.4504562082057503","-1.636210367013264","0.0046480969908247408289848","0.02660888435570239393679","0.020270614283356955254156","2830","tags=34%, list=22%, signal=27%","GGCX/ICMT/SUMF2/DHPS/JMJD7/SUMF1/ASPH/RIOX2/DPH1/KDM8/RIOX1/RCCD1/JMJD4/DPH2/EIF5A/DPH6/DRG2/U2AF2","0.4070179189239539"
"REACTOME_ABC_TRANSPORTERS_IN_LIPID_HOMEOSTASIS","REACTOME_ABC_TRANSPORTERS_IN_LIPID_HOMEOSTASIS","9","0.7050213342151224","1.636099960370698","0.0143664638417540027615082","0.06292719876448665816682","0.047937860040858301657885","2375","tags=33%, list=18%, signal=27%","ABCG1/ABCA7/ABCA5","0.3807304007227924"
"REACTOME_STRAND_ASYNCHRONOUS_MITOCHONDRIAL_DNA_REPLICATION","REACTOME_STRAND_ASYNCHRONOUS_MITOCHONDRIAL_DNA_REPLICATION","10","-0.6808275637211308","-1.634395798781663","0.0136007178646314827452635","0.06057915207190290446393","0.046149121054720493306789","3195","tags=60%, list=25%, signal=45%","TOP3A/TWNK/RNASEH1/POLRMT/SSBP1/LIG3","0.3807304007227924"
"REACTOME_TRANSPORT_OF_NUCLEOSIDES_AND_FREE_PURINE_AND_PYRIMIDINE_BASES_ACROSS_THE_PLASMA_MEMBRANE","REACTOME_TRANSPORT_OF_NUCLEOSIDES_AND_FREE_PURINE_AND_PYRIMIDINE_BASES_ACROSS_THE_PLASMA_MEMBRANE","9","-0.7034147963106572","-1.634080621814154","0.0185610572454808497866452","0.07648508555142337350663","0.058266240963620256898547","1520","tags=56%, list=12%, signal=49%","ARL2/SLC29A1/SLC25A6/SLC25A5/SLC29A2","0.3524878575836192"
"REACTOME_REGULATION_OF_CDH1_POSTTRANSLATIONAL_PROCESSING_AND_TRAFFICKING_TO_PLASMA_MEMBRANE","REACTOME_REGULATION_OF_CDH1_POSTTRANSLATIONAL_PROCESSING_AND_TRAFFICKING_TO_PLASMA_MEMBRANE","32","-0.4964356005456399","-1.631694022728128","0.0126140418328528104707775","0.05747808986304971112791","0.043786735805340926130924","1852","tags=28%, list=14%, signal=24%","RPN1/RPN2/SPCS2/POMT2/GANAB/SPCS3/SPCS1/SEC11A/OSTC","0.3807304007227924"
"REACTOME_NEGATIVE_REGULATION_OF_FGFR3_SIGNALING","REACTOME_NEGATIVE_REGULATION_OF_FGFR3_SIGNALING","22","0.5474410554867559","1.631087666233999","0.0213569015029827294349651","0.08393339721534147368498","0.063940355322689823580617","1840","tags=32%, list=14%, signal=27%","FRS2/BRAF/UBC/UBA52/CBL/GRB2/PPP2CB","0.3524878575836192"
"REACTOME_SYNTHESIS_SECRETION_AND_INACTIVATION_OF_GLUCOSE_DEPENDENT_INSULINOTROPIC_POLYPEPTIDE_GIP","REACTOME_SYNTHESIS_SECRETION_AND_INACTIVATION_OF_GLUCOSE_DEPENDENT_INSULINOTROPIC_POLYPEPTIDE_GIP","7","-0.7615830065173047","-1.630297746120778","0.0082591248424315078652258","0.04161770707509358790954","0.031704316355381782777112","1411","tags=57%, list=11%, signal=51%","SPCS2/SPCS3/SPCS1/SEC11A","0.3807304007227924"
"REACTOME_COPII_MEDIATED_VESICLE_TRANSPORT","REACTOME_COPII_MEDIATED_VESICLE_TRANSPORT","65","0.4292217126901045","1.629651047099763","0.0054857178005631437520129","0.03053434923451916332970","0.023261028438932278977758","2514","tags=38%, list=19%, signal=31%","SEC24A/CD59/SAR1B/LMAN2L/SEC24B/TBC1D20/YKT6/CSNK1D/TRAPPC10/MCFD2/GOLGA2/SEC24D/COL7A1/CNIH3/TGFA/SERPINA1/STX5/NAPB/SEC24C/SEC16B/SEC31A/SEC16A/GOSR2/F8/SEC22A","0.4070179189239539"
"REACTOME_NOTCH4_INTRACELLULAR_DOMAIN_REGULATES_TRANSCRIPTION","REACTOME_NOTCH4_INTRACELLULAR_DOMAIN_REGULATES_TRANSCRIPTION","17","0.5801603485341427","1.628633756909043","0.0228753438986569156143869","0.08828301760641360518278","0.067253890608416785901191","3895","tags=65%, list=30%, signal=45%","HEY1/NOTCH4/HES1/SMAD3/ACTA2/CREBBP/NOTCH2/EP300/KAT2B/MAML2/SNW1","0.3524878575836192"
"REACTOME_TNFR1_INDUCED_PROAPOPTOTIC_SIGNALING","REACTOME_TNFR1_INDUCED_PROAPOPTOTIC_SIGNALING","24","0.5381095159847112","1.627914453390459","0.0175298873985096914651649","0.07369769859711788884127","0.056142813124486580511618","986","tags=33%, list=8%, signal=31%","TNFAIP3/OTUD7B/CYLD/BIRC3/OTUD1/BIRC2/OPTN/USP2","0.3524878575836192"
"REACTOME_SYNTHESIS_OF_12_EICOSATETRAENOIC_ACID_DERIVATIVES","REACTOME_SYNTHESIS_OF_12_EICOSATETRAENOIC_ACID_DERIVATIVES","6","0.7988172940081246","1.627226863694904","0.0091135076218314351598204","0.04467841541434434959879","0.034035960078186357213870","2228","tags=67%, list=17%, signal=55%","GPX1/ALOXE3/GPX4/ALOX12","0.3807304007227924"
"REACTOME_COLLAGEN_DEGRADATION","REACTOME_COLLAGEN_DEGRADATION","26","0.5343207240476853","1.625870153094152","0.0114881875737611015286799","0.05356219412611813029956","0.040803611409891742123346","3510","tags=54%, list=27%, signal=39%","MMP1/CTSB/CTSK/COL7A1/COL11A2/MMP14/TMPRSS6/ADAM17/MMP19/COL1A1/COL16A1/CTSD/ADAM10/COL5A2","0.3807304007227924"
"REACTOME_PROGRAMMED_CELL_DEATH","REACTOME_PROGRAMMED_CELL_DEATH","176","-0.3684682268444764","-1.624089832149002","0.0002838962521723793937245","0.00296860300681985175494","0.002261477997620860505568","1125","tags=23%, list=9%, signal=22%","PSMD3/BID/OPA1/PSMA6/FADD/ACIN1/PSMD11/CDC37/PSMD6/PSMC3/DBNL/APIP/CASP6/YWHAQ/C1QBP/HMGB1/PSMB3/CLSPN/DNM1L/PSMD1/YWHAE/PSMA2/CHMP6/FLOT2/PSMA7/AKT2/HMGB2/TFDP1/PSMB6/GSDMD/UBE2L3/YWHAB/PSMA1/LMNB1/E2F1/PSMA3/STUB1/DFFB/PSMA4/PSMB2/MLKL","0.4984931087665903"
"REACTOME_REGULATION_OF_ENDOGENOUS_RETROELEMENTS_BY_PIWI_INTERACTING_RNAS_PIRNAS","REACTOME_REGULATION_OF_ENDOGENOUS_RETROELEMENTS_BY_PIWI_INTERACTING_RNAS_PIRNAS","63","0.4328158676574714","1.623278912155442","0.0052990747932715716664309","0.02967810000318350793780","0.022608738862758964716093","1538","tags=40%, list=12%, signal=35%","H4C8/H2BC5/H2AC19/H2AC18/H3C4/H2AC20/H4C12/H2BC6/H2AC6/H2BC21/H2BC12/H2BC17/H2BC11/H2BC4/H3C10/GATAD2B/H2BC15/H4C15/H4C14/H2BC12L/H2AC8/SMARCA2/H2BC8/PIWIL4/H3C6","0.4070179189239539"
"REACTOME_DNA_REPLICATION_PRE_INITIATION","REACTOME_DNA_REPLICATION_PRE_INITIATION","115","-0.3900431817633401","-1.623034903993776","0.0013971466464047844514840","0.01075505652487768019909","0.008193188391409433196655","1802","tags=40%, list=14%, signal=35%","PSMA5/UBE2S/PSMB7/RPA3/PSMB4/ANAPC2/UBE2E1/GMNN/PSMC5/PSMD14/POLE/ANAPC5/PSMD3/PSMA6/PSMD11/ORC2/PSMD6/MCM4/MCM10/PSMC3/CDC7/H3-3A/H2AX/ANAPC15/MCM7/MCM5/ORC1/PSMB3/PRIM1/PSMD1/PSMA2/MCM6/PSMA7/POLE2/MCM2/PSMB6/CDC6/PSMA1/CDC45/H2AZ2/PSMA3/POLA1/PSMA4/PSMB2/MCM3/ANAPC7","0.4550598673872295"
"REACTOME_ROS_AND_RNS_PRODUCTION_IN_PHAGOCYTES","REACTOME_ROS_AND_RNS_PRODUCTION_IN_PHAGOCYTES","25","0.5339777478295208","1.619665616525020","0.0181519055000320776727118","0.07531375470082117551396","0.057373922610345698402945","1151","tags=32%, list=9%, signal=29%","ATP6V1D/ATP6V0E1/ATP6V1E1/NOS3/ATP6V0B/ATP6V1G1/ATP6V1B2/ATP6V0C","0.3524878575836192"
"REACTOME_NUCLEAR_RECEPTOR_TRANSCRIPTION_PATHWAY","REACTOME_NUCLEAR_RECEPTOR_TRANSCRIPTION_PATHWAY","37","0.4867906615012230","1.619401989139380","0.0101892544125565150114898","0.04876286040294903340042","0.037147485079340819558169","1967","tags=35%, list=15%, signal=30%","NR1D1/NR4A3/PPARD/NRBF2/MED1/RARA/ESR2/NR4A2/NR6A1/NR4A1/NR3C2/NR1D2/RORC","0.3807304007227924"
"REACTOME_ABERRANT_REGULATION_OF_MITOTIC_EXIT_IN_CANCER_DUE_TO_RB1_DEFECTS","REACTOME_ABERRANT_REGULATION_OF_MITOTIC_EXIT_IN_CANCER_DUE_TO_RB1_DEFECTS","20","-0.5664489574790676","-1.618504283306931","0.0170595474551924163042482","0.07273380315591260192321","0.055408518802448548934425","3828","tags=70%, list=30%, signal=49%","CDC16/CDC27/ANAPC10/UBE2C/ANAPC4/CDC23/ANAPC11/UBE2S/ANAPC2/UBE2E1/ANAPC5/ANAPC15/SKP2/ANAPC7","0.3524878575836192"
"REACTOME_TRANSPORT_OF_THE_SLBP_DEPENDANT_MATURE_MRNA","REACTOME_TRANSPORT_OF_THE_SLBP_DEPENDANT_MATURE_MRNA","36","-0.4889300228911456","-1.617958701226476","0.0085461721924666635835655","0.04245100149418430668380","0.032339118984761550112950","3273","tags=61%, list=25%, signal=46%","NUP205/SLBP/EIF4E/NUP210/SEC13/NUP42/NUP133/NUP155/NUP85/NUP43/NUP88/SEH1L/NCBP1/NUP37/NUP54/NUP107/NUP35/NDC1/NUP62/NUP93/AAAS/ALYREF","0.3807304007227924"
"REACTOME_PROCESSING_OF_SMDT1","REACTOME_PROCESSING_OF_SMDT1","15","-0.5982421671173521","-1.616530891986050","0.0216982945314901226607773","0.08459529053333110504287","0.064444584811094662857300","3322","tags=73%, list=26%, signal=55%","MCUB/MCU/PMPCA/AFG3L2/PMPCB/MICU2/STOML2/SMDT1/PHB2/MAIP1/PHB1","0.3524878575836192"
"REACTOME_DETOXIFICATION_OF_REACTIVE_OXYGEN_SPECIES","REACTOME_DETOXIFICATION_OF_REACTIVE_OXYGEN_SPECIES","28","-0.5169275993334435","-1.615933366419326","0.0108791569832782982624186","0.05159387092802301955086","0.039304145299242164435238","2371","tags=46%, list=18%, signal=38%","TXNRD1/SOD1/CCS/CYCS/PRDX6/GSTP1/TXN/GSR/PRDX2/CYBA/PRDX3/PRDX1/TXNRD2","0.3807304007227924"
"REACTOME_FANCONI_ANEMIA_PATHWAY","REACTOME_FANCONI_ANEMIA_PATHWAY","38","-0.4775696753195240","-1.615090473171565","0.0089363601764806347566017","0.04392900967188442806766","0.033465063736044804720837","3205","tags=58%, list=25%, signal=44%","RPA1/ATRIP/FAAP24/MUS81/FANCL/FANCI/ATR/FANCG/SLX1B/DCLRE1B/USP1/FANCF/RPA3/FANCD2/FANCB/UBE2T/FANCM/EME1/CENPX/FANCA/FAAP100/CENPS","0.3807304007227924"
"REACTOME_IRON_UPTAKE_AND_TRANSPORT","REACTOME_IRON_UPTAKE_AND_TRANSPORT","49","0.4510694752297952","1.614779456450243","0.0098399085469831476524760","0.04734147489758647187053","0.036064675407879179247495","2233","tags=37%, list=17%, signal=31%","ATP6V1D/ATP6V0E1/MCOLN1/HMOX1/FBXL5/ATP6V1E1/ATP6V0B/ATP6AP1/UBC/LCN2/UBA52/ATP6V1G1/ATP6V1B2/ATP6V0C/CP/FTL/FTH1/ATP6V0D1","0.3807304007227924"
"REACTOME_RIBAVIRIN_ADME","REACTOME_RIBAVIRIN_ADME","9","-0.6942439111252104","-1.612776029068848","0.0213893289752749675425303","0.08393339721534147368498","0.063940355322689823580617","1528","tags=56%, list=12%, signal=49%","NME2/SLC29A1/ADK/ITPA/NME1","0.3524878575836192"
"REACTOME_RHOBTB2_GTPASE_CYCLE","REACTOME_RHOBTB2_GTPASE_CYCLE","23","-0.5353268584407858","-1.612457716493058","0.0215530443326043957830151","0.08431356435710710139908","0.064229966168109789426133","932","tags=26%, list=7%, signal=24%","CDC37/CCT7/CCT2/DDX39B/TRA2B/RBMX","0.3524878575836192"
"REACTOME_SUMOYLATION_OF_DNA_DAMAGE_RESPONSE_AND_REPAIR_PROTEINS","REACTOME_SUMOYLATION_OF_DNA_DAMAGE_RESPONSE_AND_REPAIR_PROTEINS","76","-0.4183965904162402","-1.611516118332139","0.0033802229380607315238627","0.02075007378801819665770","0.015807379839206690125275","2922","tags=46%, list=23%, signal=36%","NUP210/SEC13/MDC1/NUP42/NUP133/RAD21/SUMO2/CBX8/NUP155/WRN/NUP85/SCMH1/NUP43/NUP88/UBE2I/SEH1L/CETN2/BRCA1/PARP1/SUMO1/BLM/CBX2/NUP37/NUP54/NUP107/SUMO3/NUP35/NDC1/NSMCE4A/NSMCE1/HDAC7/NUP62/SMC1A/NUP93/AAAS","0.4317076958033464"
"REACTOME_PTK6_REGULATES_PROTEINS_INVOLVED_IN_RNA_PROCESSING","REACTOME_PTK6_REGULATES_PROTEINS_INVOLVED_IN_RNA_PROCESSING","4","-0.8797207299258630","-1.610924079024070","0.0078075286828567739411122","0.03978540672475466138946","0.030308472277273318384871","416","tags=50%, list=3%, signal=48%","KHDRBS1/SFPQ","0.4070179189239539"
"REACTOME_NEGATIVE_REGULATION_OF_FGFR2_SIGNALING","REACTOME_NEGATIVE_REGULATION_OF_FGFR2_SIGNALING","22","0.5401168859516822","1.609265476476156","0.0248895602101148229190475","0.09498990383986859187271","0.072363188016881310749007","1840","tags=32%, list=14%, signal=27%","FRS2/BRAF/UBC/UBA52/CBL/GRB2/PPP2CB","0.3524878575836192"
"REACTOME_TP53_REGULATES_TRANSCRIPTION_OF_DEATH_RECEPTORS_AND_LIGANDS","REACTOME_TP53_REGULATES_TRANSCRIPTION_OF_DEATH_RECEPTORS_AND_LIGANDS","11","0.6441965598579384","1.608615963223667","0.0283236143437865239835816","0.10330124666917302189706","0.078694758420864444059539","2941","tags=73%, list=23%, signal=56%","TNFRSF10D/TNFRSF10B/TMEM219/IGFBP3/TNFRSF10C/FAS/TP53BP2/TNFRSF10A","0.3524878575836192"
"REACTOME_NEGATIVE_REGULATION_OF_THE_PI3K_AKT_NETWORK","REACTOME_NEGATIVE_REGULATION_OF_THE_PI3K_AKT_NETWORK","82","0.4090922235617298","1.608041880506202","0.0025284660495206437089144","0.01687821064052710123837","0.012857799414429630854850","2309","tags=28%, list=18%, signal=23%","FRS2/HBEGF/GAB2/NTRK2/MET/PPP2R5B/ESR2/INSR/FYN/BDNF/PTEN/PIP4K2C/PDGFA/PDGFB/TGFA/IL1RAP/IRS2/TRAF6/GRB2/PPP2CB/PIK3CA/NTF4/PIP5K1A","0.4317076958033464"
"REACTOME_IL_6_TYPE_CYTOKINE_RECEPTOR_LIGAND_INTERACTIONS","REACTOME_IL_6_TYPE_CYTOKINE_RECEPTOR_LIGAND_INTERACTIONS","9","0.6927237397431578","1.607561683794096","0.0206358382249739007174849","0.08262743381023388011819","0.062945474060505615665484","2294","tags=56%, list=18%, signal=46%","OSMR/JAK1/JAK2/IL6ST/CLCF1","0.3524878575836192"
"REACTOME_ANTIGEN_PRESENTATION_FOLDING_ASSEMBLY_AND_PEPTIDE_LOADING_OF_CLASS_I_MHC","REACTOME_ANTIGEN_PRESENTATION_FOLDING_ASSEMBLY_AND_PEPTIDE_LOADING_OF_CLASS_I_MHC","29","0.5079228598664079","1.606066643230791","0.0112168940885006805652235","0.05269575950726551605285","0.040143562618453226820137","2865","tags=52%, list=22%, signal=40%","SEC24A/SAR1B/SEC24B/HLA-E/HSPA5/HLA-B/SEC24D/HLA-A/BECN1/SEC24C/HLA-C/SEC31A/TAP1/HLA-F/ATG14","0.3807304007227924"
"REACTOME_OTHER_INTERLEUKIN_SIGNALING","REACTOME_OTHER_INTERLEUKIN_SIGNALING","16","0.5773256861578775","1.604247005995805","0.0185344859562668155816834","0.07648508555142337350663","0.058266240963620256898547","4120","tags=56%, list=32%, signal=38%","JAK1/IFNLR1/IL10RB/VAMP2/STX4/IL16/CASP3/PRTN3/STX1A","0.3524878575836192"
"REACTOME_INTERFERON_GAMMA_SIGNALING","REACTOME_INTERFERON_GAMMA_SIGNALING","70","0.4220439966404129","1.602561152401273","0.0083813173031314358585320","0.04205369654434656240261","0.032036452578933699575359","2038","tags=27%, list=16%, signal=23%","GBP2/JAK1/IRF1/HLA-E/JAK2/PML/OASL/PTAFR/HLA-B/TRIM35/IRF9/PIAS1/HLA-A/GBP1/TRIM26/STAT1/IFNGR1/HLA-C/IRF7","0.3807304007227924"
"REACTOME_REGULATION_OF_SIGNALING_BY_NODAL","REACTOME_REGULATION_OF_SIGNALING_BY_NODAL","6","0.7865060560190446","1.602148316533444","0.0119049658173415728867894","0.05522072606043822162736","0.042067078929529697073342","2615","tags=67%, list=20%, signal=53%","ACVR2B/ACVR2A/ACVR1C/ACVR1B","0.3807304007227924"
"REACTOME_NEGATIVE_REGULATION_OF_FGFR4_SIGNALING","REACTOME_NEGATIVE_REGULATION_OF_FGFR4_SIGNALING","22","0.5376386958950660","1.601881767864210","0.0271376196219974517853668","0.10059826618072416348770","0.076635631320143088318630","1840","tags=32%, list=14%, signal=27%","FRS2/BRAF/UBC/UBA52/CBL/GRB2/PPP2CB","0.3524878575836192"
"REACTOME_APOPTOSIS","REACTOME_APOPTOSIS","149","-0.3725772601103581","-1.601763327389284","0.0008369689710345482340156","0.00697731275853224683359","0.005315307991567204230765","1837","tags=29%, list=14%, signal=25%","YWHAZ/PSMA5/PSMB7/CYCS/PSMB4/TP73/PSMC5/PSMD14/PSMD3/BID/OPA1/PSMA6/FADD/ACIN1/PSMD11/PSMD6/PSMC3/DBNL/APIP/CASP6/YWHAQ/C1QBP/HMGB1/PSMB3/CLSPN/DNM1L/PSMD1/YWHAE/PSMA2/PSMA7/AKT2/HMGB2/TFDP1/PSMB6/GSDMD/YWHAB/PSMA1/LMNB1/E2F1/PSMA3/DFFB/PSMA4/PSMB2","0.4772708153628621"
"REACTOME_O_GLYCOSYLATION_OF_TSR_DOMAIN_CONTAINING_PROTEINS","REACTOME_O_GLYCOSYLATION_OF_TSR_DOMAIN_CONTAINING_PROTEINS","14","0.6158759254799685","1.601166634932111","0.0127599333718218053285165","0.05785142724216953136196","0.044071143746257680773315","773","tags=29%, list=6%, signal=27%","ADAMTSL4/POFUT2/THSD4/THSD1","0.3807304007227924"
"REACTOME_TCR_SIGNALING","REACTOME_TCR_SIGNALING","79","-0.4080448791411974","-1.600181359536791","0.0041217899015357798916948","0.02436419015509518407048","0.018560609094250033607176","1879","tags=32%, list=14%, signal=27%","IKBKB/CD101/PSMA5/PSMB7/UBE2V1/PSMB4/PSMC5/PSMD14/PSMD3/PSMA6/PSMD11/PSMD6/PSMC3/PSMB3/PSMD1/PSMA2/PSMA7/PSMB6/CSK/PSMA1/NFKB1/UBE2N/PSMA3/PSMA4/PSMB2","0.4070179189239539"
"REACTOME_SIGNALING_BY_NOTCH4","REACTOME_SIGNALING_BY_NOTCH4","68","-0.4157245797723320","-1.599093650387033","0.0119794655423670071137110","0.05542417689550362125406","0.042222067517104729106325","2528","tags=41%, list=20%, signal=33%","PSMD8/SEM1/PSMB5/KAT2A/AKT1/YWHAZ/PSMA5/PSMB7/PSEN2/PSMB4/PSMC5/PSMD14/PSMD3/PSMA6/PSMD11/TACC3/PSMD6/PSMC3/PSMB3/PSMD1/PSMA2/PSMA7/PSMB6/RBX1/PSMA1/PSMA3/PSMA4/PSMB2","0.3807304007227924"
"REACTOME_SYNTHESIS_OF_IP2_IP_AND_INS_IN_THE_CYTOSOL","REACTOME_SYNTHESIS_OF_IP2_IP_AND_INS_IN_THE_CYTOSOL","14","0.6143281093745697","1.597142591447957","0.0137229349599025992473278","0.06084507191780343104970","0.046351698455354140016027","1620","tags=36%, list=12%, signal=31%","SYNJ1/INPP4A/OCRL/MTMR9/INPP1","0.3807304007227924"
"REACTOME_DOWNREGULATION_OF_ERBB4_SIGNALING","REACTOME_DOWNREGULATION_OF_ERBB4_SIGNALING","8","0.6966983818003069","1.596957044715988","0.0287898174516288893332039","0.10437030014027387503361","0.079509161996425270491073","1077","tags=38%, list=8%, signal=34%","ITCH/UBC/UBA52","0.3524878575836192"
"REACTOME_ANTIGEN_PROCESSING_CROSS_PRESENTATION","REACTOME_ANTIGEN_PROCESSING_CROSS_PRESENTATION","79","-0.4070780614924183","-1.596389905070058","0.0042962556040171901231006","0.02499011700214500905637","0.019037439370804851851426","1879","tags=33%, list=14%, signal=28%","IKBKB/PSMA5/PSMB7/ITGB5/PSMB4/PSME1/PSMC5/PSMD14/PSMD3/PSMA6/PSMD11/CALR/PSMD6/PSMB10/PSMC3/HMGB1/PSMB3/PSMD1/PSMA2/PSMA7/CYBA/PSMB6/PSMA1/PSMA3/PSMA4/PSMB2","0.4070179189239539"
"REACTOME_REGULATION_OF_PTEN_LOCALIZATION","REACTOME_REGULATION_OF_PTEN_LOCALIZATION","9","0.6879002495553411","1.596368104646707","0.0235152033703218965587922","0.09031635434588600186423","0.068802883952257989919055","1077","tags=44%, list=8%, signal=41%","PML/PTEN/UBC/UBA52","0.3524878575836192"
"REACTOME_CONVERSION_FROM_APC_C_CDC20_TO_APC_C_CDH1_IN_LATE_ANAPHASE","REACTOME_CONVERSION_FROM_APC_C_CDC20_TO_APC_C_CDH1_IN_LATE_ANAPHASE","20","-0.5579226003085946","-1.594142078347051","0.0198916135890478580627860","0.08086276175862376625059","0.061601149134415902897111","3828","tags=70%, list=30%, signal=49%","CDC16/CDC27/ANAPC10/UBE2C/ANAPC4/CDC23/ANAPC11/UBE2S/ANAPC2/UBE2E1/ANAPC5/ANAPC15/ANAPC7/CDC20","0.3524878575836192"
"REACTOME_MAPK6_MAPK4_SIGNALING","REACTOME_MAPK6_MAPK4_SIGNALING","71","-0.4112176607647996","-1.593958315073723","0.0070725712349498492254041","0.03708487351891095323841","0.028251209513330190203906","3044","tags=45%, list=23%, signal=35%","PSMC6/PSMD13/PSMD7/RAC1/SEPTIN7/PSMD8/SEM1/PSMB5/ETV4/MAPKAPK5/PSMA5/PSMB7/PSMB4/MYC/PSMC5/PSMD14/XPO1/PSMD3/PSMA6/PSMD11/CDC42/PSMD6/PSMC3/PSMB3/PSMD1/PSMA2/PSMA7/PSMB6/PSMA1/PSMA3/PSMA4/PSMB2","0.4070179189239539"
"REACTOME_RUNX1_REGULATES_TRANSCRIPTION_OF_GENES_INVOLVED_IN_DIFFERENTIATION_OF_HSCS","REACTOME_RUNX1_REGULATES_TRANSCRIPTION_OF_GENES_INVOLVED_IN_DIFFERENTIATION_OF_HSCS","77","0.4134575929940270","1.592712971154700","0.0027639440758372205673987","0.01806158145866229580712","0.013759289799668514633901","1077","tags=31%, list=8%, signal=29%","H4C8/H2BC5/H2AC19/H2AC18/ITCH/H3C4/H2AC20/H4C12/H2BC6/H2AC6/H2BC21/H2BC12/H2BC17/H2BC11/H2BC4/H3C10/H2BC15/KMT2A/H4C15/H4C14/H2BC12L/UBC/H2AC8/UBA52","0.4317076958033464"
"REACTOME_AZATHIOPRINE_ADME","REACTOME_AZATHIOPRINE_ADME","18","-0.5591918088324829","-1.591635107902302","0.0175587109427074693213111","0.07369769859711788884127","0.056142813124486580511618","3367","tags=56%, list=26%, signal=41%","NUDT15/HPRT1/GSTM1/RAC1/IMPDH1/NME2/SLC29A1/GMPS/NME1/SLC29A2","0.3524878575836192"
"REACTOME_SPECIFICATION_OF_PRIMORDIAL_GERM_CELLS","REACTOME_SPECIFICATION_OF_PRIMORDIAL_GERM_CELLS","6","0.7810740135446540","1.591083000965840","0.0130543933727100026909174","0.05859900151670568990703","0.044640644878462629185911","1694","tags=67%, list=13%, signal=58%","PRDM1/TFAP2C/CBFA2T2/TET2","0.3807304007227924"
"REACTOME_RECOGNITION_OF_DNA_DAMAGE_BY_PCNA_CONTAINING_REPLICATION_COMPLEX","REACTOME_RECOGNITION_OF_DNA_DAMAGE_BY_PCNA_CONTAINING_REPLICATION_COMPLEX","30","-0.4977158642161169","-1.590493377114533","0.0170942435238620599191606","0.07273380315591260192321","0.055408518802448548934425","1747","tags=40%, list=13%, signal=35%","RFC4/USP1/RPA3/RFC2/PCNA/POLE/DTL/POLE2/RFC5/RBX1/POLD2/POLD1","0.3524878575836192"
"REACTOME_SUMOYLATION_OF_UBIQUITINYLATION_PROTEINS","REACTOME_SUMOYLATION_OF_UBIQUITINYLATION_PROTEINS","39","-0.4653572936754057","-1.590167549124033","0.0120864039725213420067851","0.05577628772013037278255","0.042490305095786759514986","2922","tags=54%, list=23%, signal=42%","NUP210/SEC13/NUP42/NUP133/NUP155/NUP85/NUP43/NUP88/UBE2I/SEH1L/TRIM27/SUMO1/NUP37/NUP54/NUP107/NUP35/NDC1/NUP62/NUP93/VHL/AAAS","0.3807304007227924"
"REACTOME_PHENYLALANINE_AND_TYROSINE_METABOLISM","REACTOME_PHENYLALANINE_AND_TYROSINE_METABOLISM","9","-0.6840693141608897","-1.589139745298065","0.0284600405549432153295975","0.10358996652694622830904","0.078914704841564778381446","3343","tags=67%, list=26%, signal=50%","KYAT1/GSTZ1/IL4I1/PCBD1/FAH/QDPR","0.3524878575836192"
"REACTOME_COMPLEMENT_CASCADE","REACTOME_COMPLEMENT_CASCADE","15","0.5832801423091429","1.588197552978371","0.0298076173332383204117590","0.10720075498176565020891","0.081665398897279944945282","3163","tags=53%, list=24%, signal=40%","CLU/CD59/C2/CD55/C4B/C4BPB/C4A/CFB","0.3524878575836192"
"REACTOME_DISEASES_OF_BASE_EXCISION_REPAIR","REACTOME_DISEASES_OF_BASE_EXCISION_REPAIR","5","-0.8037723453222551","-1.588013997069849","0.0198482979912825777124574","0.08086276175862376625059","0.061601149134415902897111","686","tags=60%, list=5%, signal=57%","NTHL1/NEIL3/OGG1","0.3524878575836192"
"REACTOME_ROLE_OF_LAT2_NTAL_LAB_ON_CALCIUM_MOBILIZATION","REACTOME_ROLE_OF_LAT2_NTAL_LAB_ON_CALCIUM_MOBILIZATION","13","0.6171219600722774","1.587866362587549","0.0228881897498109353195073","0.08828301760641360518278","0.067253890608416785901191","3972","tags=77%, list=31%, signal=53%","GAB2/FYN/SOS1/GRB2/PIK3CA/LAT2/PDPK1/PIK3R1/PIK3CB/SHC1","0.3524878575836192"
"REACTOME_ATTACHMENT_OF_BACTERIA_TO_EPITHELIAL_CELLS","REACTOME_ATTACHMENT_OF_BACTERIA_TO_EPITHELIAL_CELLS","14","0.6100259433483705","1.585957733566526","0.0148464377804478787209463","0.06463460054906641771844","0.049238556550312478909959","4224","tags=71%, list=33%, signal=48%","LAMC1/LAMB3/LAMB2/FN1/LAMA5/LAMC2/COL5A2/LAMA3/LAMA4/LAMA1","0.3807304007227924"
"REACTOME_PHOSPHORYLATION_OF_EMI1","REACTOME_PHOSPHORYLATION_OF_EMI1","6","-0.7556210131311305","-1.585680090679925","0.0322953952430616100799377","0.11432949118336292737563","0.087096061075321001831995","767","tags=50%, list=6%, signal=47%","CCNB1/PLK1/CDC20","0.3217759180753611"
"REACTOME_PLATELET_ADHESION_TO_EXPOSED_COLLAGEN","REACTOME_PLATELET_ADHESION_TO_EXPOSED_COLLAGEN","11","0.6331917606043067","1.581136003139174","0.0336238841784432945791750","0.11765107636132285384711","0.089626440442290317145435","3821","tags=82%, list=29%, signal=58%","ITGA10/FYN/VWF/COL1A1/GP1BA/ADAMTS13/ITGA1/ITGB1/ITGA2","0.3217759180753611"
"REACTOME_ERYTHROPOIETIN_ACTIVATES_PHOSPHOINOSITIDE_3_KINASE_PI3K","REACTOME_ERYTHROPOIETIN_ACTIVATES_PHOSPHOINOSITIDE_3_KINASE_PI3K","9","0.6810363773241102","1.580439535480770","0.0267145043734848576522101","0.09984821985874815786222","0.076064246985340353002236","3867","tags=89%, list=30%, signal=62%","JAK2/IRS2/PIK3CA/EPOR/PIK3CD/PIK3R1/GAB1/PIK3CB","0.3524878575836192"
"REACTOME_EGR2_AND_SOX10_MEDIATED_INITIATION_OF_SCHWANN_CELL_MYELINATION","REACTOME_EGR2_AND_SOX10_MEDIATED_INITIATION_OF_SCHWANN_CELL_MYELINATION","23","-0.5246942362281730","-1.580431201359446","0.0277602034921167438452638","0.10206952869357559243735","0.077756437232518085811428","366","tags=17%, list=3%, signal=17%","HMGCR/CYP51A1/SREBF2/SMARCA4","0.3524878575836192"
"REACTOME_SIGNALING_BY_NTRKS","REACTOME_SIGNALING_BY_NTRKS","119","0.3799803674774418","1.579759548509655","0.0021301784674050993663441","0.01505270643568681551705","0.011467132631324402150530","4038","tags=43%, list=31%, signal=30%","FRS2/ARC/MEF2A/CRKL/SGK1/DOCK3/MEF2D/NTRK2/KIDINS220/FYN/MAP2K1/BRAF/BDNF/CLTA/FOSB/RIT1/VGF/MAPKAPK2/SOS1/STAT3/IRS2/GRB2/PPP2CB/DUSP6/SHC2/PIK3CA/NTF4/EGR2/ATF1/CREB1/AP2A1/MAPK11/MAPK7/ATF2/CRK/JUNB/EP300/REST/SHC3/PCSK5/TRIB1/RPS6KA2/PIK3R1/IRS1/GAB1/FOS/PIK3CB/RPS6KA5/TIAM1/SHC1/VRK3","0.4317076958033464"
"REACTOME_SYNTHESIS_OF_IP3_AND_IP4_IN_THE_CYTOSOL","REACTOME_SYNTHESIS_OF_IP3_AND_IP4_IN_THE_CYTOSOL","25","0.5205672361732044","1.578988744280752","0.0256160548311269511967403","0.09714767964257578491960","0.074006978880937782094840","1188","tags=24%, list=9%, signal=22%","SYNJ1/ITPKC/PLCD4/OCRL/PTEN/INPP5D","0.3524878575836192"
"REACTOME_KEAP1_NFE2L2_PATHWAY","REACTOME_KEAP1_NFE2L2_PATHWAY","106","-0.3888012283416168","-1.578076297651877","0.0016176757203224599417080","0.01219323074193054065595","0.009288787682098969059052","1802","tags=34%, list=14%, signal=29%","PSMA5/PSMB7/PGD/PSMB4/BRCA1/VCP/MYC/PSMC5/G6PD/PSMD14/TALDO1/PSMD3/PSMA6/PSMD11/TXN/GSR/PSMD6/PSMC3/TKT/PSMB3/AMER1/PSMD1/PSMA2/PSMA7/AKT2/IDH1/DPP3/PSMB6/RBX1/PSMA1/NFKB1/PRDX1/PSMA3/SKP2/PSMA4/PSMB2","0.4550598673872295"
"REACTOME_NEGATIVE_REGULATION_OF_FGFR1_SIGNALING","REACTOME_NEGATIVE_REGULATION_OF_FGFR1_SIGNALING","21","0.5451033751470404","1.577204997518838","0.0270344347565145762257721","0.10042154512224819862265","0.076501005442401431855259","1840","tags=33%, list=14%, signal=29%","FRS2/BRAF/UBC/UBA52/CBL/GRB2/PPP2CB","0.3524878575836192"
"REACTOME_HCMV_LATE_EVENTS","REACTOME_HCMV_LATE_EVENTS","79","0.4028633469794592","1.576146188135154","0.0052634108981259057277735","0.02956990780965764939459","0.022526318187238870277556","2454","tags=42%, list=19%, signal=34%","H4C8/H2BC5/H2AC19/H2AC18/H3C4/H2AC20/H4C12/H2BC6/H2AC6/H2BC21/H2BC12/H2BC17/H2BC11/H2BC4/H3C10/H2BC15/H2BC18/H4C15/VPS37A/H4C14/H2AC8/H2AC13/H2BC8/H3C6/NUP58/UBAP1/H2AC25/CHMP4C/NUP50/VPS37B/NUP98/RANBP2/VPS37D","0.4070179189239539"
"REACTOME_INACTIVATION_OF_CSF3_G_CSF_SIGNALING","REACTOME_INACTIVATION_OF_CSF3_G_CSF_SIGNALING","21","0.5440565264818020","1.574176040037123","0.0273543651837329961085121","0.10119436936068096355434","0.077089741965011129853913","1728","tags=33%, list=13%, signal=29%","JAK1/JAK2/UBC/UBA52/STAT5A/STAT1/STAT3","0.3524878575836192"
"REACTOME_HYDROLYSIS_OF_LPC","REACTOME_HYDROLYSIS_OF_LPC","7","0.7330814350320729","1.573698071055255","0.0140739340622568088329247","0.06201166540504352009400","0.047240407891240433768676","2505","tags=57%, list=19%, signal=46%","PLA2G4C/GPCPD1/PLA2G15/PLA2G4B","0.3807304007227924"
"REACTOME_ACYL_CHAIN_REMODELING_OF_CL","REACTOME_ACYL_CHAIN_REMODELING_OF_CL","6","-0.7492175717409125","-1.572242389308666","0.0375018850192363750739588","0.12776065913333070622748","0.097327907749134551229631","1426","tags=50%, list=11%, signal=45%","HADHA/LCLAT1/TAFAZZIN","0.3217759180753611"
"REACTOME_DOWNSTREAM_SIGNAL_TRANSDUCTION","REACTOME_DOWNSTREAM_SIGNAL_TRANSDUCTION","28","0.5004573002520064","1.571834929188439","0.0202886932828715352283844","0.08192465658195224875726","0.062410099261202119091951","2264","tags=39%, list=17%, signal=32%","CRKL/PDGFA/BCAR1/STAT5A/PDGFB/STAT1/SOS1/STAT3/GRB2/NCK1/PIK3CA","0.3524878575836192"
"REACTOME_CYCLIN_A_B1_B2_ASSOCIATED_EVENTS_DURING_G2_M_TRANSITION","REACTOME_CYCLIN_A_B1_B2_ASSOCIATED_EVENTS_DURING_G2_M_TRANSITION","31","-0.4907296233719567","-1.571745541279763","0.0191235135256469339359864","0.07862371810885296352645","0.059895448527754531486966","3093","tags=58%, list=24%, signal=44%","HJURP/PPP2R1A/CDK2/TICRR/PPP2R1B/CDC25C/CDC25B/MNAT1/MIS18BP1/XPO1/PPP2R3B/CCNA2/CCNB1/FOXM1/CDC25A/PLK1/CCNB2/PKMYT1","0.3524878575836192"
"REACTOME_METABOLISM_OF_WATER_SOLUBLE_VITAMINS_AND_COFACTORS","REACTOME_METABOLISM_OF_WATER_SOLUBLE_VITAMINS_AND_COFACTORS","102","-0.3878063491996325","-1.568745854260844","0.0026370341955372672733404","0.01734689039900697005159","0.013214839058766554916180","3867","tags=46%, list=30%, signal=33%","PPCDC/SLC25A32/HLCS/PANK1/SLC52A2/SLC25A19/NADSYN1/SLC19A2/MOCOS/MTHFD2L/CYB5A/MTRR/NFS1/MMADHC/MOCS3/AMN/SLC46A1/ABCD4/NADK2/GPHN/DCAKD/PCCB/GSTO1/THTPA/MTHFD1/MTHFS/DHFR2/FPGS/CYB5R3/MOCS2/SHMT2/PARP16/CD320/NAPRT/AASDHPPT/DHFR/PDZD11/COASY/SHMT1/NAXE/MCCC2/NUDT8/MMAB/ACACA/MMACHC/FASN/SLC19A1","0.4317076958033464"
"REACTOME_INCRETIN_SYNTHESIS_SECRETION_AND_INACTIVATION","REACTOME_INCRETIN_SYNTHESIS_SECRETION_AND_INACTIVATION","14","-0.5925894026661838","-1.566341294910159","0.0213043365205644076587621","0.08393339721534147368498","0.063940355322689823580617","2088","tags=43%, list=16%, signal=36%","GNB3/GNB1/SPCS2/SPCS3/SPCS1/SEC11A","0.3524878575836192"
"REACTOME_SYNTHESIS_SECRETION_AND_INACTIVATION_OF_GLUCAGON_LIKE_PEPTIDE_1_GLP_1","REACTOME_SYNTHESIS_SECRETION_AND_INACTIVATION_OF_GLUCAGON_LIKE_PEPTIDE_1_GLP_1","14","-0.5925894026661838","-1.566341294910159","0.0213043365205644076587621","0.08393339721534147368498","0.063940355322689823580617","2088","tags=43%, list=16%, signal=36%","GNB3/GNB1/SPCS2/SPCS3/SPCS1/SEC11A","0.3524878575836192"
"REACTOME_SIGNALING_BY_FGFR2","REACTOME_SIGNALING_BY_FGFR2","60","-0.4217780982862316","-1.566294216892543","0.0072057368021350978390394","0.03756535410680804376593","0.028617239014518781187180","2097","tags=27%, list=16%, signal=22%","POLR2I/NRAS/POLR2D/POLR2L/NCBP1/FGFBP3/TIA1/POLR2F/POLR2G/TIAL1/HNRNPF/POLR2E/HNRNPA1/HNRNPH1/PTBP1/HNRNPM","0.4070179189239539"
"REACTOME_MITOCHONDRIAL_CALCIUM_ION_TRANSPORT","REACTOME_MITOCHONDRIAL_CALCIUM_ION_TRANSPORT","21","-0.5340157658700838","-1.565482647226494","0.0372778359728253919080920","0.12723699108460589934921","0.096928978095176962503920","3365","tags=67%, list=26%, signal=49%","LETM1/MCUB/MCU/PMPCA/AFG3L2/PMPCB/MICU2/VDAC1/STOML2/SMDT1/PHB2/VDAC3/MAIP1/PHB1","0.3217759180753611"
"REACTOME_TFAP2A_ACTS_AS_A_TRANSCRIPTIONAL_REPRESSOR_DURING_RETINOIC_ACID_INDUCED_CELL_DIFFERENTIATION","REACTOME_TFAP2A_ACTS_AS_A_TRANSCRIPTIONAL_REPRESSOR_DURING_RETINOIC_ACID_INDUCED_CELL_DIFFERENTIATION","5","-0.7910658925402744","-1.562909842904402","0.0269731774688135271522693","0.10040016057836145813020","0.076484714724047414557973","2366","tags=80%, list=18%, signal=65%","NOP2/HSPD1/NPM1/MYBL2","0.3524878575836192"
"REACTOME_SLC_MEDIATED_TRANSPORT_OF_INORGANIC_ANIONS","REACTOME_SLC_MEDIATED_TRANSPORT_OF_INORGANIC_ANIONS","19","0.5438755729136050","1.561612776172290","0.0305517796832946060547886","0.10944191969718800039324","0.083372715329058877387070","2059","tags=42%, list=16%, signal=35%","SLC26A11/SLC12A7/SLC12A4/SLC26A2/SLC20A2/SLC12A6/SLC20A1/AHCYL2","0.3524878575836192"
"REACTOME_PTEN_REGULATION","REACTOME_PTEN_REGULATION","121","-0.3697344742518572","-1.558522609924989","0.0030455592451651110688648","0.01919657377875848974780","0.014623925506588402595254","3135","tags=43%, list=24%, signal=33%","RING1/EED/PSMC6/MAF1/MTA1/PSMD13/PSMD7/USP7/LAMTOR4/PSMD8/SEM1/HDAC3/PSMB5/AKT1/CBX8/HDAC2/KDM1A/SCMH1/RBBP4/HDAC1/PSMA5/PSMB7/LAMTOR1/TRIM27/EZH2/PSMB4/USP13/PSMC5/GATAD2A/WWP2/PSMD14/CBX2/PSMD3/PSMA6/PSMD11/PSMD6/PSMC3/PSMB3/MBD3/PSMD1/PSMA2/HDAC7/MLST8/PSMA7/AKT2/PSMB6/PSMA1/PSMA3/STUB1/RBBP7/PSMA4/PSMB2","0.4317076958033464"
"REACTOME_ANCHORING_FIBRIL_FORMATION","REACTOME_ANCHORING_FIBRIL_FORMATION","8","0.6799140268038779","1.558484307226204","0.0347969138113798717726333","0.12035873247569060795481","0.091689129428894122764149","3548","tags=88%, list=27%, signal=64%","LAMB3/COL7A1/TLL2/BMP1/COL1A1/LAMC2/LAMA3","0.3217759180753611"
"REACTOME_INTERLEUKIN_9_SIGNALING","REACTOME_INTERLEUKIN_9_SIGNALING","8","0.6798861053454809","1.558420306259859","0.0347969138113798717726333","0.12035873247569060795481","0.091689129428894122764149","2988","tags=62%, list=23%, signal=48%","JAK1/STAT5A/STAT1/STAT3/JAK3","0.3217759180753611"
"REACTOME_FIBRONECTIN_MATRIX_FORMATION","REACTOME_FIBRONECTIN_MATRIX_FORMATION","9","0.6713899658822653","1.558053697475893","0.0331037860215843138256275","0.11628106585057480792944","0.088582768176430459750037","3694","tags=89%, list=28%, signal=64%","COL7A1/CEACAM6/ITGA5/FN1/COL1A1/CEACAM1/COL5A2/ITGB1","0.3217759180753611"
"REACTOME_DEVELOPMENTAL_LINEAGES_OF_THE_MAMMARY_GLAND","REACTOME_DEVELOPMENTAL_LINEAGES_OF_THE_MAMMARY_GLAND","24","0.5149871098530607","1.557963452672703","0.0265450317947053711364891","0.09961421912460299843417","0.075885985523474058789262","4556","tags=58%, list=35%, signal=38%","TFAP2C/MFGE8/CD24/TGFA/ACTA2/ALDH1A3/SLPI/CD44/ITGB1/KRT18/ALDH1A1/AREG/EGFR/KRT8","0.3524878575836192"
"REACTOME_COLLAGEN_BIOSYNTHESIS_AND_MODIFYING_ENZYMES","REACTOME_COLLAGEN_BIOSYNTHESIS_AND_MODIFYING_ENZYMES","30","0.4881454016884665","1.557837218958590","0.0202283599286167091457767","0.08186376534869714560738","0.062363712397098682027607","2871","tags=40%, list=22%, signal=31%","P4HA1/P4HA2/COL7A1/COL11A2/TLL2/BMP1/COLGALT2/CRTAP/COL1A1/PLOD1/P3H2/COL16A1","0.3524878575836192"
"REACTOME_BETA_OXIDATION_OF_LAUROYL_COA_TO_DECANOYL_COA_COA","REACTOME_BETA_OXIDATION_OF_LAUROYL_COA_TO_DECANOYL_COA_COA","4","-0.8504928790214763","-1.557402720258352","0.0164548018733297295168594","0.07053729049491345992617","0.053735218248978262878257","1426","tags=75%, list=11%, signal=67%","HADHA/ECHS1/HADH","0.3524878575836192"
"REACTOME_DISEASES_OF_PROGRAMMED_CELL_DEATH","REACTOME_DISEASES_OF_PROGRAMMED_CELL_DEATH","68","0.4136809414444594","1.557323223019232","0.0105925773098618520445813","0.05042624303563181253907","0.038414647854826428075015","997","tags=32%, list=8%, signal=30%","H4C8/H2BC5/H2AC19/H2AC18/BCL2L11/H3C4/H2AC20/H4C12/H2BC6/H2AC6/H2BC21/H2BC12/H2BC17/H2BC11/H2BC4/H3C10/H2BC15/FOXO3/H4C15/H4C14/H2BC12L/H2AC8","0.3807304007227924"
"REACTOME_PTK6_PROMOTES_HIF1A_STABILIZATION","REACTOME_PTK6_PROMOTES_HIF1A_STABILIZATION","5","0.7969122732063549","1.557322299480296","0.0157780457550305841518679","0.06812048871324659360393","0.051894101723361896194575","203","tags=40%, list=2%, signal=39%","HBEGF/GPNMB","0.3524878575836192"
"REACTOME_CREB3_FACTORS_ACTIVATE_GENES","REACTOME_CREB3_FACTORS_ACTIVATE_GENES","6","0.7629000479849233","1.554061813266868","0.0228156690507929429956313","0.08828301760641360518278","0.067253890608416785901191","463","tags=33%, list=4%, signal=32%","CREBRF/CREB3","0.3524878575836192"
"REACTOME_TNFR2_NON_CANONICAL_NF_KB_PATHWAY","REACTOME_TNFR2_NON_CANONICAL_NF_KB_PATHWAY","64","-0.4178317942077685","-1.553704416674694","0.0093072769504123145645202","0.04538238275820991041165","0.034572241506029083302209","1802","tags=33%, list=14%, signal=28%","PSMA5/PSMB7/PSMB4/PSMC5/PSMD14/UBA3/PSMD3/PSMA6/PSMD11/PSMD6/PSMC3/PSMB3/PSMD1/PSMA2/PSMA7/PSMB6/EDARADD/PSMA1/PSMA3/PSMA4/PSMB2","0.3807304007227924"
"REACTOME_METHYLATION","REACTOME_METHYLATION","11","-0.6272540638845094","-1.553119225922813","0.0439760391625400176573990","0.14759305166054711988544","0.112436199170198272700993","2080","tags=55%, list=16%, signal=46%","GSTO1/HEMK2/TRMT112/MAT2B/COMT/MAT2A","0.3217759180753611"
"REACTOME_CELL_SURFACE_INTERACTIONS_AT_THE_VASCULAR_WALL","REACTOME_CELL_SURFACE_INTERACTIONS_AT_THE_VASCULAR_WALL","79","0.3958467054273578","1.548694564852038","0.0070033467525396127933979","0.03682864614925627361197","0.028056015828781897397670","3972","tags=46%, list=31%, signal=32%","MMP1/TNFRSF10D/ITGA3/MERTK/TNFRSF10B/ESAM/FYN/SLC3A2/SELPLG/VPREB3/SDC4/INPP5D/CEACAM6/ITGA5/ITGAV/SOS1/GRB2/FN1/CEACAM5/PIK3CA/CAV1/SLC16A8/TSPAN7/COL1A1/GPC1/TNFRSF10A/GLG1/CEACAM1/CD44/PIK3R1/F11R/ITGB1/GRB7/PIK3CB/BSG/SHC1","0.4070179189239539"
"REACTOME_N_GLYCAN_TRIMMING_AND_ELONGATION_IN_THE_CIS_GOLGI","REACTOME_N_GLYCAN_TRIMMING_AND_ELONGATION_IN_THE_CIS_GOLGI","5","0.7923764683406644","1.548458450470905","0.0171280266138301648370934","0.07273380315591260192321","0.055408518802448548934425","1684","tags=60%, list=13%, signal=52%","MAN1A2/MAN1C1/MGAT1","0.3524878575836192"
"REACTOME_NEGATIVE_FEEDBACK_REGULATION_OF_MAPK_PATHWAY","REACTOME_NEGATIVE_FEEDBACK_REGULATION_OF_MAPK_PATHWAY","6","0.7588725171606295","1.545857551290056","0.0263755050204953003789576","0.09919602615816215662736","0.075567406653145791084469","817","tags=33%, list=6%, signal=31%","MAP2K1/BRAF","0.3524878575836192"
"REACTOME_RNA_POLYMERASE_III_TRANSCRIPTION_TERMINATION","REACTOME_RNA_POLYMERASE_III_TRANSCRIPTION_TERMINATION","23","-0.5130928355173863","-1.545486629079396","0.0346570685959368893214183","0.12033519595019161185778","0.091671199333682951149171","2003","tags=35%, list=15%, signal=29%","POLR3H/POLR2L/POLR3E/POLR2F/POLR3G/POLR3K/SSB/POLR2E","0.3217759180753611"
"REACTOME_PLASMA_LIPOPROTEIN_ASSEMBLY_REMODELING_AND_CLEARANCE","REACTOME_PLASMA_LIPOPROTEIN_ASSEMBLY_REMODELING_AND_CLEARANCE","51","0.4267174808062181","1.541572785451387","0.0258259991091092447335065","0.09753493191728314359867","0.074301987171627822958975","3583","tags=41%, list=28%, signal=30%","SAR1B/ABCG1/NPC1/NPC2/APOE/CLTA/UBC/UBA52/MYLIP/PRKACB/BMP1/ANGPTL4/PRKACA/ABCA1/NCEH1/AP2A1/VLDLR/LSR/APOBR/PCSK5/NR1H2","0.3524878575836192"
"REACTOME_DISEASES_OF_MITOTIC_CELL_CYCLE","REACTOME_DISEASES_OF_MITOTIC_CELL_CYCLE","37","-0.4614088708612167","-1.540089964440004","0.0173361518205452820595713","0.07327359496113648729132","0.055819731513614523343847","2953","tags=43%, list=23%, signal=33%","CDK2/ANAPC4/CDC23/CCNE2/ANAPC11/UBE2S/ANAPC2/CDK4/UBE2E1/ANAPC5/E2F2/ANAPC15/TFDP1/E2F1/SKP2/ANAPC7","0.3524878575836192"
"REACTOME_PLASMA_LIPOPROTEIN_ASSEMBLY","REACTOME_PLASMA_LIPOPROTEIN_ASSEMBLY","9","0.6634087079282207","1.539532079492719","0.0394090937020840983984193","0.13325430001321519890567","0.101512956389234951237732","2055","tags=67%, list=16%, signal=56%","SAR1B/APOE/PRKACB/BMP1/PRKACA/ABCA1","0.3217759180753611"
"REACTOME_RNA_POLYMERASE_I_TRANSCRIPTION_INITIATION","REACTOME_RNA_POLYMERASE_I_TRANSCRIPTION_INITIATION","47","-0.4421273859046937","-1.539061795225385","0.0122359264958927394656429","0.05632262348872764390340","0.042906502989933467673289","2427","tags=43%, list=19%, signal=35%","KAT2A/HDAC2/GTF2H4/POLR1A/MNAT1/UBTF/RBBP4/HDAC1/ERCC2/POLR2L/TAF1B/EHMT2/GATAD2A/POLR1G/GTF2H2/POLR2F/GTF2H3/MBD3/POLR2E/RBBP7","0.3807304007227924"
"REACTOME_SIGNALING_BY_ERBB4","REACTOME_SIGNALING_BY_ERBB4","40","0.4476638512597831","1.537437071756028","0.0180676140058259396270479","0.07513635341733131134401","0.057238778538053002031827","2264","tags=32%, list=17%, signal=27%","ITCH/HBEGF/TAB2/APOE/UBC/UBA52/STAT5A/NCSTN/SOS1/GRB2/ADAM17/PSEN1/PIK3CA","0.3524878575836192"
"REACTOME_INTERLEUKIN_21_SIGNALING","REACTOME_INTERLEUKIN_21_SIGNALING","7","0.7160348483378016","1.537104345833340","0.0460405156537753226797527","0.15298910177317434633260","0.116546903287835984519560","2988","tags=71%, list=23%, signal=55%","JAK1/STAT5A/STAT1/STAT3/JAK3","0.2878571172551493"
"REACTOME_INTERLEUKIN_23_SIGNALING","REACTOME_INTERLEUKIN_23_SIGNALING","5","0.7865144821396481","1.537002983994830","0.0197886129736467818174273","0.08080722543866146467817","0.061558841636453046075594","1728","tags=60%, list=13%, signal=52%","JAK2/IL23A/STAT3","0.3524878575836192"
"REACTOME_RESPIRATORY_SYNCYTIAL_VIRUS_RSV_GENOME_REPLICATION_TRANSCRIPTION_AND_TRANSLATION","REACTOME_RESPIRATORY_SYNCYTIAL_VIRUS_RSV_GENOME_REPLICATION_TRANSCRIPTION_AND_TRANSLATION","17","-0.5511564219286242","-1.536956895808283","0.0393681226782454443680059","0.13325430001321519890567","0.101512956389234951237732","2713","tags=47%, list=21%, signal=37%","HSP90AB1/PPP1CA/SPCS2/XPO1/PPP1CC/SPCS3/SPCS1/SEC11A","0.3217759180753611"
"REACTOME_G_PROTEIN_BETA_GAMMA_SIGNALLING","REACTOME_G_PROTEIN_BETA_GAMMA_SIGNALLING","21","-0.5242444195679926","-1.536837663213632","0.0463357638003495317380320","0.15298910177317434633260","0.116546903287835984519560","3323","tags=57%, list=26%, signal=43%","GNG5/GNG12/GNG10/AKT1/PLCB2/GNB2/RHOA/GNB3/GNB1/PLCB3/CDC42/AKT2","0.3217759180753611"
"REACTOME_FORMATION_OF_THE_CORNIFIED_ENVELOPE","REACTOME_FORMATION_OF_THE_CORNIFIED_ENVELOPE","38","0.4573011284326994","1.536053454657001","0.0129110515474171270305925","0.05824461907550518985355","0.044370676785161849986494","4698","tags=53%, list=36%, signal=34%","KRT15/KRT10/KRT6A/PPL/TCHH/PI3/KRT7/CDSN/KRT81/KRT80/KLK14/PERP/KRT86/KRT18/DSP/KRT23/PRSS8/KRT8/ST14/DSG2","0.3807304007227924"
"REACTOME_KERATINIZATION","REACTOME_KERATINIZATION","38","0.4573011284326994","1.536053454657001","0.0129110515474171270305925","0.05824461907550518985355","0.044370676785161849986494","4698","tags=53%, list=36%, signal=34%","KRT15/KRT10/KRT6A/PPL/TCHH/PI3/KRT7/CDSN/KRT81/KRT80/KLK14/PERP/KRT86/KRT18/DSP/KRT23/PRSS8/KRT8/ST14/DSG2","0.3807304007227924"
"REACTOME_NR1H3_NR1H2_REGULATE_GENE_EXPRESSION_LINKED_TO_CHOLESTEROL_TRANSPORT_AND_EFFLUX","REACTOME_NR1H3_NR1H2_REGULATE_GENE_EXPRESSION_LINKED_TO_CHOLESTEROL_TRANSPORT_AND_EFFLUX","31","0.4792090655904294","1.533609531876671","0.0172961280669410126520358","0.07327359496113648729132","0.055819731513614523343847","4018","tags=48%, list=31%, signal=33%","KDM3A/ABCG1/NCOA1/APOE/KDM4A/AGO3/ARL4C/ABCA1/TNRC6C/EP300/EEPD1/GPS2/NR1H2/TNRC6B/TNRC6A","0.3524878575836192"
"REACTOME_INFECTION_WITH_ENTEROBACTERIA","REACTOME_INFECTION_WITH_ENTEROBACTERIA","28","0.4879496403840200","1.532550905050896","0.0268941982927916913015398","0.10031258703435086410138","0.076418001309522573527566","2335","tags=39%, list=18%, signal=32%","LAMC1/GBP2/UBC/UBA52/LAMB3/LAMB2/GBP1/FN1/HBA1/LAMA5/HBA2","0.3524878575836192"
"REACTOME_SLC_MEDIATED_TRANSPORT_OF_ORGANIC_CATIONS","REACTOME_SLC_MEDIATED_TRANSPORT_OF_ORGANIC_CATIONS","8","0.6685560350008780","1.532449762726822","0.0448282155259762185584016","0.14962037248430071212368","0.113980609597090873363889","3158","tags=62%, list=24%, signal=47%","SLC22A4/SLC22A5/RSC1A1/SLC22A15/SLC22A3","0.3217759180753611"
"REACTOME_BETA_CATENIN_INDEPENDENT_WNT_SIGNALING","REACTOME_BETA_CATENIN_INDEPENDENT_WNT_SIGNALING","117","-0.3713064897690798","-1.532135207321859","0.0031112264243561642794444","0.01954239097798715629750","0.014887368609441113675995","3044","tags=38%, list=23%, signal=29%","PSMC6/PPP3CB/GNG12/PSMD13/PSMD7/AP2B1/RAC1/PARD6A/GNG10/PSMD8/SEM1/PSMB5/PLCB2/GNB2/AP2M1/CALM1/RHOA/GNB3/PSMA5/PSMB7/GNB1/PSMB4/MYC/PSMC5/PLCB3/AP2S1/PSMD14/PSMD3/PSMA6/PSMD11/RYK/PSMD6/PSMC3/PFN1/PSMB3/PSMD1/PSMA2/SCRIB/PSMA7/PSMB6/PSMA1/PSMA3/PSMA4/PSMB2","0.4317076958033464"
"REACTOME_BETA_OXIDATION_OF_OCTANOYL_COA_TO_HEXANOYL_COA","REACTOME_BETA_OXIDATION_OF_OCTANOYL_COA_TO_HEXANOYL_COA","5","-0.7744379865251403","-1.530058068832220","0.0371120310609273293400712","0.12715087914624534359831","0.096863378129978666697397","1426","tags=60%, list=11%, signal=53%","HADHA/ECHS1/HADH","0.3217759180753611"
"REACTOME_METABOLISM_OF_VITAMINS_AND_COFACTORS","REACTOME_METABOLISM_OF_VITAMINS_AND_COFACTORS","152","-0.3540045829967105","-1.529562359501012","0.0022763574623819522908807","0.01577751206685422055709","0.012019288639949053318356","2669","tags=31%, list=21%, signal=25%","COQ6/SLC46A1/ABCD4/LRP8/COQ4/NADK2/GPHN/COQ8B/AKT1/DCAKD/RDH11/PCCB/CALM1/GSTO1/THTPA/MTHFD1/MTHFS/DHFR2/GPC2/STARD7/VKORC1L1/FPGS/CYB5R3/MOCS2/COQ2/SHMT2/PARP16/CD320/NAPRT/AASDHPPT/DHFR/PDZD11/COASY/SHMT1/NAXE/COQ9/COQ7/MCCC2/IDH1/NUDT8/MMAB/PDSS1/COQ3/ACACA/MMACHC/FASN/SLC19A1","0.4317076958033464"
"REACTOME_INITIATION_OF_NUCLEAR_ENVELOPE_NE_REFORMATION","REACTOME_INITIATION_OF_NUCLEAR_ENVELOPE_NE_REFORMATION","19","-0.5422483789782387","-1.529389954458547","0.0288923616197661776994199","0.10453256434031402144491","0.079632774657784621830103","1530","tags=42%, list=12%, signal=37%","LBR/EMD/BANF1/CCNB1/VRK1/TMPO/CCNB2/LMNB1","0.3524878575836192"
"REACTOME_SIGNALING_BY_PDGF","REACTOME_SIGNALING_BY_PDGF","40","0.4448330923003636","1.527715237497645","0.0180676140058259396270479","0.07513635341733131134401","0.057238778538053002031827","5202","tags=68%, list=40%, signal=41%","CRKL/PDGFA/BCAR1/STAT5A/PDGFB/STAT1/SOS1/STAT3/GRB2/NCK1/PIK3CA/THBS4/CRK/COL5A2/PIK3R1/GRB7/PIK3CB/PTPN12/COL6A1/THBS2/PDGFRB/SRC/THBS1/COL4A2/PDGFC/NCK2/THBS3","0.3524878575836192"
"REACTOME_PHASE_II_CONJUGATION_OF_COMPOUNDS","REACTOME_PHASE_II_CONJUGATION_OF_COMPOUNDS","58","-0.4136295969213932","-1.525141954326521","0.0130522926631832653088239","0.05859900151670568990703","0.044640644878462629185911","3459","tags=41%, list=27%, signal=30%","PODXL2/GSTM2/MTRR/OPLAH/MGST3/ABHD14B/GSTM1/GSTZ1/UGDH/AKR1A1/GSTO1/CHAC2/GSTM4/GSS/HEMK2/TRMT112/MAT2B/MGST1/COMT/GSTP1/GGCT/ESD/CNDP2/MAT2A","0.3807304007227924"
"REACTOME_TRANSCRIPTIONAL_REGULATION_BY_E2F6","REACTOME_TRANSCRIPTIONAL_REGULATION_BY_E2F6","34","-0.4550120708630737","-1.524144689945345","0.0206454395147737529425669","0.08262743381023388011819","0.062945474060505615665484","1994","tags=44%, list=15%, signal=37%","RBBP8/RBBP4/EHMT2/UXT/EZH2/BRCA1/EHMT1/CHEK1/RRM2/CDC7/RAD51/TFDP1/CBX3/E2F1/RBBP7","0.3524878575836192"
"REACTOME_REGULATION_OF_PD_L1_CD274_EXPRESSION","REACTOME_REGULATION_OF_PD_L1_CD274_EXPRESSION","157","0.3568145213673899","1.523483862273750","0.0016762667279063771415271","0.01258243365469973590320","0.009585281966385361673844","1728","tags=27%, list=13%, signal=24%","ATF3/H4C8/KMT2C/H2BC5/H2AC19/H2AC18/H3C4/H2AC20/H4C12/H2BC6/H2AC6/H2BC21/GSK3B/H2BC12/H2BC17/H2BC11/H2BC4/JAK1/H3C10/IRF1/RELA/PRKAB2/H2BC15/EPAS1/KMT2A/H4C15/H4C14/H2BC12L/RBBP5/CSNK2A2/UBC/H2AC8/NFKB2/FOSB/UBA52/H2BC8/OS9/H3C6/BRD4/SEL1L/STAT1/CREBBP/STAT3","0.4550598673872295"
"REACTOME_APC_C_CDC20_MEDIATED_DEGRADATION_OF_CYCLIN_B","REACTOME_APC_C_CDC20_MEDIATED_DEGRADATION_OF_CYCLIN_B","24","-0.5028057574607305","-1.522739404533402","0.0326094676022875215593011","0.11506397673522321400963","0.087655591235226718027640","3828","tags=67%, list=30%, signal=47%","CDC16/UBB/CDC27/ANAPC10/UBE2C/ANAPC4/CDC23/ANAPC11/UBE2S/ANAPC2/UBE2E1/ANAPC5/CCNB1/ANAPC15/ANAPC7/CDC20","0.3217759180753611"
"REACTOME_HDL_REMODELING","REACTOME_HDL_REMODELING","5","0.7786747160131574","1.521682549083756","0.0241120828326899898363944","0.09241262255155972826781","0.070399818407068021075546","749","tags=40%, list=6%, signal=38%","ABCG1/APOE","0.3524878575836192"
"REACTOME_HCMV_EARLY_EVENTS","REACTOME_HCMV_EARLY_EVENTS","97","0.3766735017444930","1.519987440222721","0.0064170145420037062039542","0.03454874793596637849724","0.026319192267556190678590","1078","tags=23%, list=8%, signal=21%","H4C8/H2BC5/H2AC19/H2AC18/H3C4/H2AC20/H4C12/H2BC6/H2AC6/H2BC21/H2BC12/H2BC17/H2BC11/H2BC4/H3C10/H2BC15/H2BC18/H4C15/H4C14/PML/H2AC8/H2AC13","0.4070179189239539"
"REACTOME_CHEMOKINE_RECEPTORS_BIND_CHEMOKINES","REACTOME_CHEMOKINE_RECEPTORS_BIND_CHEMOKINES","9","0.6543042658284810","1.518403956646387","0.0463449573088444144453035","0.15298910177317434633260","0.116546903287835984519560","2692","tags=56%, list=21%, signal=44%","CXCL8/CXCL3/ACKR2/CCRL2/CXCR5","0.3217759180753611"
"REACTOME_ERYTHROPOIETIN_ACTIVATES_STAT5","REACTOME_ERYTHROPOIETIN_ACTIVATES_STAT5","6","0.7446128429807174","1.516809951711105","0.0360369738362400632292193","0.12417311556144433604132","0.094594921615694493866044","2835","tags=67%, list=22%, signal=52%","JAK2/STAT5A/IRS2/EPOR","0.3217759180753611"
"REACTOME_CHROMATIN_ORGANIZATION","REACTOME_CHROMATIN_ORGANIZATION","241","0.3304128880736558","1.516608478531805","0.0006223355053282903989742","0.00541252369778306464954","0.004123253673872162398950","1136","tags=23%, list=9%, signal=22%","H4C8/KMT2C/BRPF1/H2BC5/H2AC19/H2AC18/KANSL1/KDM3A/H3C4/H2AC20/H4C12/H2BC6/ATXN7/H2AC6/BRPF3/KAT6A/H2BC21/ASH1L/H2BC12/H2BC17/H2BC11/KDM5B/KDM5A/NCOA1/H2BC4/KDM2A/H3C10/KDM4B/RELA/NSD3/KDM6A/JAK2/JMJD6/GATAD2B/KDM6B/H2BC15/H2BC18/SUPT7L/KMT2A/EPC1/H4C15/NCOA2/KANSL2/H4C14/PHF21A/KDM4D/RBBP5/H2AC8/ARID4B/KAT7/TAF12/NFKB2/H2AC13/BRWD1/ATF7IP/PADI1","0.4772708153628621"
"REACTOME_REGULATION_OF_GENE_EXPRESSION_BY_HYPOXIA_INDUCIBLE_FACTOR","REACTOME_REGULATION_OF_GENE_EXPRESSION_BY_HYPOXIA_INDUCIBLE_FACTOR","9","0.6535266471188275","1.516599384389770","0.0463449573088444144453035","0.15298910177317434633260","0.116546903287835984519560","4347","tags=89%, list=34%, signal=59%","EPAS1/CITED2/VEGFA/CREBBP/EP300/ARNT/CA9/HIGD1A","0.3217759180753611"
"REACTOME_GLUTATHIONE_CONJUGATION","REACTOME_GLUTATHIONE_CONJUGATION","29","-0.4783021364034982","-1.516445121443383","0.0281573308936273088154412","0.10292734228443572996881","0.078409918535788922233642","3382","tags=52%, list=26%, signal=38%","GSTM2/OPLAH/MGST3/GSTM1/GSTZ1/AKR1A1/GSTO1/CHAC2/GSTM4/GSS/MGST1/GSTP1/GGCT/ESD/CNDP2","0.3524878575836192"
"REACTOME_CLEC7A_DECTIN_1_SIGNALING","REACTOME_CLEC7A_DECTIN_1_SIGNALING","78","-0.3914166914668076","-1.514792735209470","0.0102576276263037797359390","0.04896054980470590511921","0.037298084614343952891691","1879","tags=32%, list=14%, signal=28%","IKBKB/PSMA5/PSMB7/UBE2V1/PSMB4/PSMC5/PSMD14/UBA3/PSMD3/PSMA6/PSMD11/TAB1/PSMD6/PSMC3/PSMB3/PSMD1/PSMA2/PSMA7/PSMB6/PSMA1/NFKB1/UBE2N/PSMA3/PSMA4/PSMB2","0.3807304007227924"
"REACTOME_CYTOSOLIC_TRNA_AMINOACYLATION","REACTOME_CYTOSOLIC_TRNA_AMINOACYLATION","24","-0.5000526529604089","-1.514401670437814","0.0342990625756007944113790","0.11932116192165738433051","0.090898709499541860412641","3358","tags=50%, list=26%, signal=37%","LARS1/HARS1/RARS1/QARS1/PPA1/IARS1/VARS1/FARSB/EEF1E1/FARSA/AIMP2/KARS1","0.3217759180753611"
"REACTOME_RUNX3_REGULATES_BCL2L11_BIM_TRANSCRIPTION","REACTOME_RUNX3_REGULATES_BCL2L11_BIM_TRANSCRIPTION","4","0.8507555060162502","1.512326065049817","0.0204715866722953721001943","0.08247906523425908853486","0.062832447067898464232449","1472","tags=75%, list=11%, signal=67%","BCL2L11/FOXO3/SMAD3","0.3524878575836192"
"REACTOME_SIGNALING_BY_HEDGEHOG","REACTOME_SIGNALING_BY_HEDGEHOG","116","-0.3668835810528139","-1.512303420179557","0.0053303685420507344178143","0.02976122435978326499773","0.022672062891968960268718","2560","tags=33%, list=20%, signal=27%","TUBA1C/GAS1/PRKAR2A/PSMD8/SEM1/PSMB5/TUBA1A/RPGRIP1L/DRC4/PSMA5/PSMB7/PRKAR1B/ADCY3/PSMB4/VCP/IFT52/PSMC5/IFT140/IFT57/PSMD14/PSMD3/PSMA6/PSMD11/TUBA1B/PSMD6/PSMC3/IFT122/PSMB3/PSMD1/PSMA2/PSMA7/PSMB6/RBX1/PSMA1/PSMA3/PSMA4/MKS1/PSMB2","0.4070179189239539"
"REACTOME_SIGNALLING_TO_ERKS","REACTOME_SIGNALLING_TO_ERKS","31","0.4721465511454686","1.511007414659912","0.0207241044214128700140520","0.08275917196100636419320","0.063045832016330197178355","1959","tags=32%, list=15%, signal=27%","FRS2/CRKL/KIDINS220/MAP2K1/BRAF/RIT1/MAPKAPK2/SOS1/GRB2/SHC2","0.3524878575836192"
"REACTOME_SPRY_REGULATION_OF_FGF_SIGNALING","REACTOME_SPRY_REGULATION_OF_FGF_SIGNALING","16","0.5437264402186583","1.510882911873430","0.0339426733866537017059173","0.11837323436305653701073","0.090176579490177391495997","1840","tags=38%, list=14%, signal=32%","BRAF/UBC/UBA52/CBL/GRB2/PPP2CB","0.3217759180753611"
"REACTOME_CO_INHIBITION_BY_PD_1","REACTOME_CO_INHIBITION_BY_PD_1","162","0.3476110191729177","1.509655137723077","0.0025653807833298744069117","0.01699917156426279662984","0.012949947292395035114421","1728","tags=27%, list=13%, signal=23%","ATF3/H4C8/KMT2C/H2BC5/H2AC19/H2AC18/H3C4/H2AC20/H4C12/H2BC6/H2AC6/H2BC21/GSK3B/H2BC12/H2BC17/H2BC11/H2BC4/JAK1/H3C10/IRF1/RELA/PRKAB2/H2BC15/EPAS1/KMT2A/H4C15/H4C14/H2BC12L/RBBP5/CSNK2A2/UBC/H2AC8/NFKB2/FOSB/UBA52/H2BC8/OS9/H3C6/BRD4/SEL1L/STAT1/CREBBP/STAT3","0.4317076958033464"
"REACTOME_INTERLEUKIN_12_FAMILY_SIGNALING","REACTOME_INTERLEUKIN_12_FAMILY_SIGNALING","41","-0.4343055990082701","-1.509552069275674","0.0287444015384426578008092","0.10437030014027387503361","0.079509161996425270491073","1271","tags=24%, list=10%, signal=22%","TCP1/TALDO1/CDC42/CFL1/MIF/HNRNPDL/LMNB1/HNRNPF/PPIA/HNRNPA2B1","0.3524878575836192"
"REACTOME_HOMOLOGY_DIRECTED_REPAIR","REACTOME_HOMOLOGY_DIRECTED_REPAIR","119","-0.3606892980148024","-1.507440781449005","0.0073409380062992310791992","0.03805087923608970607026","0.028987111440922731786518","3308","tags=53%, list=26%, signal=40%","GEN1/RAD1/BRCC3/RPA1/TOP3A/ATRIP/POLD3/CDK2/RHNO1/MDC1/MUS81/RAD51B/SPIDR/POLE4/RAD9A/SUMO2/SEM1/FIGNL1/RFC3/POLQ/WRN/BARD1/ATR/XRCC3/SLX1B/UBE2V2/BABAM1/RMI2/RBBP8/NBN/RAD51AP1/UBE2I/RFC4/TIPIN/RPA3/BRCA1/RFC2/PARP1/PCNA/FIRRM/CHEK1/BLM/POLE/EXO1/EME1/XRCC2/FEN1/RTEL1/CCNA2/H2AX/RAD51/CLSPN/DNA2/POLE2/NSD2/PPP4C/RFC5/TIMELESS/BRIP1/UBE2N/POLD2/POLD1/LIG3","0.4070179189239539"
"REACTOME_DNA_DOUBLE_STRAND_BREAK_REPAIR","REACTOME_DNA_DOUBLE_STRAND_BREAK_REPAIR","146","-0.3485096246822589","-1.506789715162032","0.0032717790008958413938700","0.02026934319390608432720","0.015441159883601254104724","3308","tags=49%, list=26%, signal=37%","GEN1/RAD1/BRCC3/RPA1/TOP3A/ATRIP/POLD3/KPNA2/CDK2/RHNO1/MDC1/MUS81/RAD51B/SPIDR/POLE4/RAD9A/SUMO2/SEM1/FIGNL1/RFC3/POLQ/WRN/BARD1/ATR/XRCC3/TDP1/PRKDC/SLX1B/UBE2V2/BABAM1/RMI2/RBBP8/NBN/RAD51AP1/XRCC6/UBE2I/RFC4/TIPIN/RPA3/BRCA1/RFC2/PARP1/PCNA/FIRRM/SUMO1/CHEK1/BLM/PAXIP1/POLE/XRCC5/EXO1/EME1/XRCC2/FEN1/RTEL1/CCNA2/H2AX/RAD51/CLSPN/DNA2/POLE2/NSD2/PPP4C/RFC5/PPP5C/TIMELESS/BRIP1/UBE2N/POLD2/POLD1/LIG3","0.4317076958033464"
"REACTOME_KINESINS","REACTOME_KINESINS","52","-0.4100249000435520","-1.505334506403308","0.0281641981375321641400955","0.10292734228443572996881","0.078409918535788922233642","2736","tags=33%, list=21%, signal=26%","RACGAP1/TUBA1C/TUBA1A/KIF4B/KIFC1/TUBB8/KIF20A/KIF23/TUBA1B/KIF2C/KIF20B/KIF18B/CENPE/KIF22/KIF11/KIF4A/KIF15","0.3524878575836192"
"REACTOME_RORA_B_C_AND_NR1D1_REV_ERBA_REGULATE_GENE_EXPRESSION","REACTOME_RORA_B_C_AND_NR1D1_REV_ERBA_REGULATE_GENE_EXPRESSION","25","0.4961642722026245","1.504969476914079","0.0471420672570861051808855","0.15533697571597224196260","0.118335510673406474335678","2420","tags=40%, list=19%, signal=33%","NR1D1/NCOA1/CHD9/MED1/NCOA2/HELZ2/NRIP1/CREBBP/RORC/PPARA","0.3217759180753611"
"REACTOME_TRANSPORT_TO_THE_GOLGI_AND_SUBSEQUENT_MODIFICATION","REACTOME_TRANSPORT_TO_THE_GOLGI_AND_SUBSEQUENT_MODIFICATION","168","0.3484713668931422","1.503937522195022","0.0015328660222939272540083","0.01165106989214165743307","0.008875770235794335286106","2545","tags=34%, list=20%, signal=28%","SEC24A/CD59/SAR1B/LMAN2L/BET1L/SEC24B/TBC1D20/YKT6/CSNK1D/SPTBN4/TRAPPC10/MAN1A2/B4GALT1/ARCN1/MAN2A2/MGAT4A/MCFD2/DCTN5/GOLGA2/SEC24D/COL7A1/ARFGAP3/MAN1C1/ARF4/CNIH3/TGFA/SERPINA1/STX5/MGAT1/GOSR1/NAPB/GBF1/GOLGB1/SEC24C/COG1/SEC16B/SEC31A/TUBA4B/ARFGAP1/COPG1/TUBB2A/COPA/TMEM115/FUCA1/CD55/TMED9/SEC16A/MIA2/ACTR10/GOSR2/COG6/COPB2/F8/TUBB3/SEC22A/B4GALT4/TUBA4A","0.4550598673872295"
"REACTOME_PROTEIN_LIPOYLATION","REACTOME_PROTEIN_LIPOYLATION","10","-0.6254515065047159","-1.501459942346989","0.0416333422980547721015121","0.14025086818841914215739","0.106842933132749784430615","2621","tags=70%, list=20%, signal=56%","DLST/LIPT2/NFU1/DBT/DLAT/NDUFAB1/GCSH","0.3217759180753611"
"REACTOME_RHOBTB_GTPASE_CYCLE","REACTOME_RHOBTB_GTPASE_CYCLE","35","-0.4482319064200277","-1.500774404914262","0.0364280155802371302664611","0.12528190149172807599243","0.095439593328162514174196","2817","tags=34%, list=22%, signal=27%","RHOBTB1/HSP90AB1/CCT6A/SRRM1/GPS1/ACTG1/CDC37/CCT7/CCT2/DDX39B/TRA2B/RBMX","0.3217759180753611"
"REACTOME_TFAP2_AP_2_FAMILY_REGULATES_TRANSCRIPTION_OF_CELL_CYCLE_FACTORS","REACTOME_TFAP2_AP_2_FAMILY_REGULATES_TRANSCRIPTION_OF_CELL_CYCLE_FACTORS","5","0.7665230730052672","1.497935864200398","0.0317613265841293901381448","0.11288062827247556663135","0.085992319151253271414248","725","tags=60%, list=6%, signal=57%","CDKN1A/KDM5B/TFAP2C","0.3217759180753611"
"REACTOME_DEATH_RECEPTOR_SIGNALING","REACTOME_DEATH_RECEPTOR_SIGNALING","142","0.3494610898042231","1.497552288649430","0.0058337976359112983862354","0.03204771681258442028728","0.024413909936473340844820","2941","tags=37%, list=23%, signal=29%","TNFAIP3/BCL2L11/OTUD7B/CYLD/BIRC3/TNFRSF10D/OTUD1/SQSTM1/ARHGEF12/TNFRSF10B/RELA/BIRC2/TAB2/CHUK/AKAP13/OPTN/USP2/UBC/CFLAR/ARHGEF7/TAB3/UBA52/AATF/ULK1/MAPKAPK2/NCSTN/TIAM2/SOS1/ARHGEF2/MADD/SOS2/TRAF6/GNA13/BAG4/TRADD/ADAM17/ARHGEF37/PSEN1/ARHGEF17/SMPD3/NFKBIA/ARHGEF11/TAX1BP1/TRIO/FAS/ARHGEF3/SPATA2/RIPK1/TBK1/TRAF1/KALRN/ARHGEF19/TNFRSF10A","0.4070179189239539"
"REACTOME_NS1_MEDIATED_EFFECTS_ON_HOST_PATHWAYS","REACTOME_NS1_MEDIATED_EFFECTS_ON_HOST_PATHWAYS","42","-0.4270533979968046","-1.497030669688742","0.0224268865482223460350308","0.08724782315211661309906","0.066465280788823660751419","2973","tags=50%, list=23%, signal=39%","KPNA2/NUP210/SEC13/NUP42/NUP133/CPSF4/NUP155/NUP85/NUP43/NUP88/SEH1L/NUP37/NUP54/NUP107/NUP35/NDC1/NUP62/NUP93/AAAS/PABPN1/MLKL","0.3524878575836192"
"REACTOME_SYNTHESIS_OF_15_EICOSATETRAENOIC_ACID_DERIVATIVES","REACTOME_SYNTHESIS_OF_15_EICOSATETRAENOIC_ACID_DERIVATIVES","3","0.9003421393035653","1.492227458813253","0.0167312383525059123201562","0.07155274274156783742562","0.054508788479880783406362","762","tags=67%, list=6%, signal=63%","GPX1/GPX4","0.3524878575836192"
"REACTOME_ESR_MEDIATED_SIGNALING","REACTOME_ESR_MEDIATED_SIGNALING","169","0.3428819920740086","1.491924975311935","0.0029881774888355391688044","0.01903384886374468593084","0.014499961873147683075191","1070","tags=19%, list=8%, signal=18%","H4C8/H2BC5/H2AC19/H2AC18/H3C4/H2AC20/HBEGF/H4C12/H2BC6/H2AC6/H2BC21/H2BC12/H2BC17/H2BC11/CCNT1/NCOA1/H2BC4/H3C10/KDM4B/NOS3/H2BC15/MED1/ESR2/NCOA3/FOXO3/GREB1/H4C15/NCOA2/H4C14/H2BC12L/H2AC8/FOSB","0.4317076958033464"
"REACTOME_CATION_COUPLED_CHLORIDE_COTRANSPORTERS","REACTOME_CATION_COUPLED_CHLORIDE_COTRANSPORTERS","4","0.8382269776421007","1.490055013163636","0.0265968313085590095379285","0.09961421912460299843417","0.075885985523474058789262","1685","tags=75%, list=13%, signal=65%","SLC12A7/SLC12A4/SLC12A6","0.3524878575836192"
"REACTOME_NRAGE_SIGNALS_DEATH_THROUGH_JNK","REACTOME_NRAGE_SIGNALS_DEATH_THROUGH_JNK","52","0.4221880039163811","1.488038769410713","0.0201878802961822367834088","0.08186376534869714560738","0.062363712397098682027607","3450","tags=38%, list=27%, signal=28%","BCL2L11/ARHGEF12/AKAP13/ARHGEF7/AATF/TIAM2/SOS1/ARHGEF2/SOS2/GNA13/ARHGEF37/ARHGEF17/ARHGEF11/TRIO/ARHGEF3/KALRN/ARHGEF19/ARHGEF10/ARHGEF18/PLEKHG5","0.3524878575836192"
"REACTOME_FORMATION_OF_THE_EARLY_ELONGATION_COMPLEX","REACTOME_FORMATION_OF_THE_EARLY_ELONGATION_COMPLEX","33","-0.4463547887187810","-1.487693166399781","0.0314889508392238864908919","0.11213289777196064345155","0.085422699006296259893745","2375","tags=42%, list=18%, signal=35%","GTF2H4/MNAT1/POLR2I/POLR2D/ERCC2/POLR2L/NCBP1/NELFA/GTF2H2/NELFB/POLR2F/POLR2G/GTF2H3/POLR2E","0.3217759180753611"
"REACTOME_RETROGRADE_TRANSPORT_AT_THE_TRANS_GOLGI_NETWORK","REACTOME_RETROGRADE_TRANSPORT_AT_THE_TRANS_GOLGI_NETWORK","49","0.4138689456071455","1.481605623365836","0.0318940300967632886508518","0.11313000087263683224315","0.086182290881113621239251","2506","tags=31%, list=19%, signal=25%","GCC1/TMF1/RAB9A/RIC1/SYS1/GOLGA4/TGOLN2/VAMP3/NAPB/COG1/M6PR/IGF2R/COG6/RGP1/VAMP4","0.3217759180753611"
"REACTOME_CELL_DEATH_SIGNALLING_VIA_NRAGE_NRIF_AND_NADE","REACTOME_CELL_DEATH_SIGNALLING_VIA_NRAGE_NRIF_AND_NADE","69","0.3864389484631267","1.481310382301996","0.0246311985610143946434647","0.09420261775237852297504","0.071763434476040180443057","3648","tags=42%, list=28%, signal=30%","BCL2L11/SQSTM1/ARHGEF12/AKAP13/UBC/ARHGEF7/UBA52/AATF/NCSTN/TIAM2/SOS1/ARHGEF2/SOS2/TRAF6/GNA13/ARHGEF37/PSEN1/ARHGEF17/ARHGEF11/TRIO/ARHGEF3/KALRN/ARHGEF19/APH1B/ARHGEF10/ARHGEF18/PLEKHG5/CASP3/PSENEN","0.3524878575836192"
"REACTOME_TERMINATION_OF_TRANSLESION_DNA_SYNTHESIS","REACTOME_TERMINATION_OF_TRANSLESION_DNA_SYNTHESIS","32","-0.4506492457036647","-1.481202556290093","0.0483108788419725418417094","0.15832315185711653970912","0.120610375862420959869326","1747","tags=34%, list=13%, signal=30%","RFC4/RPA3/RFC2/PCNA/USP10/POLE/PCLAF/POLE2/RFC5/POLD2/POLD1","0.3217759180753611"
"REACTOME_RECRUITMENT_OF_MITOTIC_CENTROSOME_PROTEINS_AND_COMPLEXES","REACTOME_RECRUITMENT_OF_MITOTIC_CENTROSOME_PROTEINS_AND_COMPLEXES","81","-0.3805975991163212","-1.480268529225644","0.0140888858382934700069766","0.06201166540504352009400","0.047240407891240433768676","2803","tags=32%, list=22%, signal=25%","CEP72/SFI1/SDCCAG8/ODF2/TUBGCP3/SSNA1/CEP78/TUBA1A/CEP131/MZT1/NDE1/HAUS8/HAUS4/ACTR1A/HAUS5/NEDD1/TUBGCP4/CETN2/YWHAE/TUBGCP2/PLK1/HAUS7/HAUS1/DCTN1/MZT2A/MZT2B","0.3807304007227924"
"REACTOME_NEDDYLATION","REACTOME_NEDDYLATION","208","-0.3266654568939783","-1.479807234330565","0.0025383011591237651313757","0.01688156910608415786634","0.012860357889222521349248","1853","tags=25%, list=14%, signal=22%","COMMD7/UBE2F/PSMA5/CCDC22/PSMB7/COPS3/FBXW9/NEDD8/COPS5/PSMB4/BRCA1/VCP/COMMD8/PSMC5/WDR5/COPS6/ASB13/COMMD2/PSMD14/UBE2D3/UBA3/PSMD3/PSMA6/DTL/PSMD11/FBXL22/PSMD6/PSMC3/PSMB3/COPS7A/AMER1/PSMD1/PSMA2/COPS7B/PSMA7/COMMD4/DPP3/LRR1/NAE1/PSMB6/FBXL19/VHL/RBX1/PSMA1/PSMA3/SKP2/FBXO9/DCAF4/RBBP7/BIRC5/PSMA4/PSMB2","0.4317076958033464"
"REACTOME_NON_INTEGRIN_MEMBRANE_ECM_INTERACTIONS","REACTOME_NON_INTEGRIN_MEMBRANE_ECM_INTERACTIONS","53","0.4072467283218046","1.467298068387522","0.0304889269683458821735833","0.10943347001138432894596","0.083366278369152849170298","3821","tags=51%, list=29%, signal=36%","LAMC1/DDR2/PDGFA/SDC4/LAMB3/SSPN/PDGFB/LAMB2/ACTA2/COL11A2/ITGAV/DDR1/FN1/LAMA5/TNC/NTN4/COL1A1/PRKCA/UTRN/AGRN/LAMC2/SNTA1/COL5A2/LAMA3/TRAPPC4/ITGB1/ITGA2","0.3524878575836192"
"REACTOME_RNA_POLYMERASE_III_TRANSCRIPTION_INITIATION_FROM_TYPE_1_PROMOTER","REACTOME_RNA_POLYMERASE_III_TRANSCRIPTION_INITIATION_FROM_TYPE_1_PROMOTER","28","-0.4678218969882347","-1.462427260335226","0.0365758740099554474634047","0.12555171932449601945869","0.095645140210237566957829","2003","tags=32%, list=15%, signal=27%","POLR3H/POLR2L/GTF3A/POLR3E/POLR2F/GTF3C6/POLR3G/POLR3K/POLR2E","0.3217759180753611"
"REACTOME_DISORDERS_OF_TRANSMEMBRANE_TRANSPORTERS","REACTOME_DISORDERS_OF_TRANSMEMBRANE_TRANSPORTERS","123","-0.3421360812123463","-1.459379927936985","0.0148991865278942509087656","0.06463460054906641771844","0.049238556550312478909959","1802","tags=25%, list=14%, signal=22%","PSMA5/NUP43/NUP88/PSMB7/SEH1L/PSMB4/VCP/PSMC5/PSMD14/NUP37/PSMD3/NUP54/PSMA6/NUP107/PSMD11/NUP35/NDC1/PSMD6/PSMC3/PSMB3/PSMD1/PSMA2/NUP62/PSMA7/PSMB6/NUP93/AAAS/PSMA1/PSMA3/PSMA4/PSMB2","0.3807304007227924"
"REACTOME_NGF_STIMULATED_TRANSCRIPTION","REACTOME_NGF_STIMULATED_TRANSCRIPTION","33","0.4508813794115392","1.458722812780789","0.0293597074509997398028549","0.10601139876019667618312","0.080759348839312405932134","3778","tags=42%, list=29%, signal=30%","ARC/SGK1/MEF2D/FOSB/VGF/EGR2/ATF1/CREB1/ATF2/JUNB/EP300/REST/TRIB1/FOS","0.3524878575836192"
"REACTOME_TNF_SIGNALING","REACTOME_TNF_SIGNALING","56","0.4005401918230300","1.457175083217274","0.0195044455789863714623156","0.08000803186482163820159","0.060950016987644614618880","2866","tags=46%, list=22%, signal=36%","TNFAIP3/OTUD7B/CYLD/BIRC3/OTUD1/BIRC2/TAB2/CHUK/OPTN/USP2/UBC/CFLAR/TAB3/UBA52/ULK1/MAPKAPK2/MADD/BAG4/TRADD/ADAM17/SMPD3/TAX1BP1/SPATA2/RIPK1/TBK1/TRAF1","0.3524878575836192"
"REACTOME_RAB_REGULATION_OF_TRAFFICKING","REACTOME_RAB_REGULATION_OF_TRAFFICKING","115","0.3511362160632096","1.456151778889159","0.0077216976002786224045349","0.03945918349972889205279","0.030059955839065226335105","4042","tags=44%, list=31%, signal=31%","MAP1LC3B/TBC1D15/RAB9A/RIC1/RABGEF1/TBC1D20/RINL/TRAPPC10/OPTN/GABARAP/TBC1D10A/GAPVD1/RAB3GAP1/ALS2/GABARAPL2/DENND4A/GDI1/RAB33B/ULK1/TBC1D2/RAB21/DENND5B/DENND3/RAB5A/MADD/HPS4/RAB3GAP2/TBC1D3/TSC1/RABGAP1/DENND2C/RGP1/ALS2CL/RAB3IL1/TRAPPC6B/RIN2/TRAPPC8/TBC1D13/RAB35/RAB18/RAB6A/RAB7B/DENND1C/TRAPPC4/RAB13/RAB5C/RAB9B/RAB14/MON1B/TRAPPC13/TBC1D24","0.4070179189239539"
"REACTOME_CELLULAR_RESPONSE_TO_CHEMICAL_STRESS","REACTOME_CELLULAR_RESPONSE_TO_CHEMICAL_STRESS","173","-0.3327923805406644","-1.454849909604066","0.0052193638503555076640916","0.02941379814733056929921","0.022407394044887177925185","2598","tags=35%, list=20%, signal=29%","COX7A2/COXFA4/PSMD8/SEM1/HDAC3/KEAP1/PSMB5/AKT1/COX8A/TXNRD1/SOD1/CCS/HMOX2/NQO1/COX4I1/PSMA5/COX5A/PSMB7/CYCS/PGD/PSMB4/BRCA1/VCP/PRDX6/MYC/PSMC5/G6PD/PSMD14/TALDO1/GSTP1/PSMD3/PSMA6/PSMD11/TXN/GSR/PSMD6/PSMC3/TKT/PRDX2/PSMB3/AMER1/PSMD1/PSMA2/PSMA7/AKT2/IDH1/CYBA/DPP3/PSMB6/PRDX3/RBX1/PSMA1/COX7B/NFKB1/PRDX1/PSMA3/SKP2/PSMA4/PSMB2/TXNRD2/CARM1","0.4070179189239539"
"REACTOME_SIGNALING_BY_FGFR","REACTOME_SIGNALING_BY_FGFR","71","-0.3751858087747008","-1.454291964216352","0.0257439015760910216989998","0.09742828023252857183589","0.074220740053731790175640","2097","tags=23%, list=16%, signal=19%","POLR2I/NRAS/POLR2D/POLR2L/NCBP1/FGFBP3/TIA1/POLR2F/POLR2G/TIAL1/HNRNPF/POLR2E/HNRNPA1/HNRNPH1/PTBP1/HNRNPM","0.3524878575836192"
"REACTOME_DEVELOPMENTAL_LINEAGE_OF_PANCREATIC_DUCTAL_CELLS","REACTOME_DEVELOPMENTAL_LINEAGE_OF_PANCREATIC_DUCTAL_CELLS","32","0.4507295151794129","1.453030121572484","0.0425788099786995680173796","0.14316926998414036820151","0.109066167911559416814349","4381","tags=56%, list=34%, signal=37%","LAMC1/LAMB3/LAMB2/COL11A2/KRT7/FN1/LAMA5/SOX9/COL1A1/LAMC2/ANXA1/COL5A2/LAMA3/KRT23/LAMA4/LAMA1/PROM1/ANXA3","0.3217759180753611"
"REACTOME_ER_TO_GOLGI_ANTEROGRADE_TRANSPORT","REACTOME_ER_TO_GOLGI_ANTEROGRADE_TRANSPORT","145","0.3377967718888294","1.451363644993698","0.0064860445433040092577670","0.03481677916568828856647","0.026523378117701470330081","2545","tags=34%, list=20%, signal=27%","SEC24A/CD59/SAR1B/LMAN2L/BET1L/SEC24B/TBC1D20/YKT6/CSNK1D/SPTBN4/TRAPPC10/ARCN1/MCFD2/DCTN5/GOLGA2/SEC24D/COL7A1/ARFGAP3/ARF4/CNIH3/TGFA/SERPINA1/STX5/GOSR1/NAPB/GBF1/GOLGB1/SEC24C/COG1/SEC16B/SEC31A/TUBA4B/ARFGAP1/COPG1/TUBB2A/COPA/TMEM115/CD55/TMED9/SEC16A/MIA2/ACTR10/GOSR2/COG6/COPB2/F8/TUBB3/SEC22A/TUBA4A","0.4070179189239539"
"REACTOME_DEVELOPMENTAL_CELL_LINEAGES_OF_THE_EXOCRINE_PANCREAS","REACTOME_DEVELOPMENTAL_CELL_LINEAGES_OF_THE_EXOCRINE_PANCREAS","43","0.4221256016621878","1.450759086866055","0.0349650430669745937439785","0.12070947119877296904722","0.091956321742363525406638","4406","tags=51%, list=34%, signal=34%","LAMC1/SPINK1/LAMB3/LAMB2/COL11A2/KRT7/CEL/FN1/LAMA5/SOX9/COL1A1/LAMC2/ANXA1/COL5A2/LAMA3/CTRL/KRT23/LAMA4/LAMA1/PROM1/ANXA3/BHLHA15","0.3217759180753611"
"REACTOME_PASSIVE_TRANSPORT_BY_AQUAPORINS","REACTOME_PASSIVE_TRANSPORT_BY_AQUAPORINS","4","0.8152237399638168","1.449163833881935","0.0390757154926003880124341","0.13262283175631164877650","0.101031904673696437679808","553","tags=25%, list=4%, signal=24%","AQP3","0.3217759180753611"
"REACTOME_PKR_MEDIATED_SIGNALING","REACTOME_PKR_MEDIATED_SIGNALING","70","-0.3785268231918197","-1.445678013034441","0.0339611435237293229905120","0.11837323436305653701073","0.090176579490177391495997","2992","tags=40%, list=23%, signal=31%","PPP2R1A/FAAP24/FANCL/ILF2/PPP2R1B/TUBA1C/TUBA1A/FANCG/IKBKB/TUBB8/UBE2I/FANCF/NPM1/DUS2/MAVS/FANCB/SUMO1/FANCM/CENPX/TUBA1B/FANCA/PRKRA/EIF2S3/DHX9/FAAP100/CENPS/TARBP2/ILF3","0.3217759180753611"
"REACTOME_SPHINGOLIPID_METABOLISM","REACTOME_SPHINGOLIPID_METABOLISM","92","0.3587286935884694","1.445093448885712","0.0212794085366737120712521","0.08393339721534147368498","0.063940355322689823580617","3512","tags=36%, list=27%, signal=26%","PSAP/PRKD2/ACER2/SMPD1/NEU1/ASAH1/GM2A/OSBP/GBA1/SAMD8/SGMS2/SGMS1/CERK/ARSK/ST3GAL5/SPTLC1/M6PR/HEXB/SMPD3/ALDH3B2/SPNS2/PLPP3/ABCG2/CERT1/GLB1/UGCG/GAL3ST1/CERS5/ARSL/ALDH3B1/SPHK1/SGPL1/CTSA","0.3524878575836192"
"REACTOME_RECRUITMENT_OF_NUMA_TO_MITOTIC_CENTROSOMES","REACTOME_RECRUITMENT_OF_NUMA_TO_MITOTIC_CENTROSOMES","92","-0.3606814603422954","-1.442773396922248","0.0210357863475844723832875","0.08381880507220333675900","0.063853059173689177829836","2803","tags=32%, list=22%, signal=25%","CEP72/SFI1/SDCCAG8/ODF2/TUBA1C/TUBGCP3/SSNA1/CEP78/TUBA1A/CEP131/MZT1/NDE1/HAUS8/HAUS4/ACTR1A/TUBB8/HAUS5/NEDD1/TUBGCP4/CETN2/TUBA1B/YWHAE/TUBGCP2/PLK1/HAUS7/HAUS1/DCTN1/MZT2A/MZT2B","0.3524878575836192"
"REACTOME_COLLAGEN_FORMATION","REACTOME_COLLAGEN_FORMATION","46","0.4155343307023143","1.442764129862793","0.0275583579107105958172497","0.10153374635534719028218","0.077348278928213415328585","3548","tags=43%, list=27%, signal=32%","P4HA1/CTSB/P4HA2/LAMB3/COL7A1/COL11A2/TLL2/BMP1/CTSV/COLGALT2/CRTAP/COL1A1/PLOD1/P3H2/CTSS/COL16A1/LAMC2/DST/COL5A2/LAMA3","0.3524878575836192"
"REACTOME_UNFOLDED_PROTEIN_RESPONSE_UPR","REACTOME_UNFOLDED_PROTEIN_RESPONSE_UPR","87","0.3645435685885613","1.441821187451080","0.0147971944229955253841124","0.06463460054906641771844","0.049238556550312478909959","2505","tags=32%, list=19%, signal=26%","ATF3/TSPYL2/DDIT3/DCP2/CREBRF/CXCL8/DNAJB9/HERPUD1/DNAJC3/EIF2AK3/ERN1/CREB3/PPP2R5B/SYVN1/TPP1/GFPT1/HSPA5/ATF6/EXOSC1/DIS3/SEC31A/ARFGAP1/ATP6V0D1/GOSR2/XBP1/CEBPB/CEBPG/PLA2G4B","0.3807304007227924"
"REACTOME_TELOMERE_MAINTENANCE","REACTOME_TELOMERE_MAINTENANCE","87","-0.3664042143246739","-1.441542472868047","0.0177439294125672532287386","0.07413110463587564702426","0.056472981293970672678206","2097","tags=41%, list=16%, signal=35%","POLR2I/POLA2/TEN1/POLR2D/POLR2L/PIF1/RFC4/RPA3/ACD/RFC2/PCNA/BLM/TERF1/POLR2F/POLR2G/FEN1/RTEL1/CCNA2/H3-3A/H2AX/DSCC1/RUVBL1/PRIM1/DNA2/NHP2/RFC5/H2AZ2/LIG1/POLA1/DKC1/POLR2E/POLD2/POLD1/GAR1/RUVBL2/CHTF18","0.3524878575836192"
"REACTOME_RNA_POLYMERASE_I_TRANSCRIPTION_TERMINATION","REACTOME_RNA_POLYMERASE_I_TRANSCRIPTION_TERMINATION","31","-0.4497413361612541","-1.440465189330670","0.0412789730231880799826705","0.13931653395325976907415","0.106131158499906438907878","2375","tags=39%, list=18%, signal=32%","GTF2H4/POLR1A/MNAT1/UBTF/ERCC2/POLR2L/TAF1B/POLR1G/GTF2H2/POLR2F/GTF2H3/POLR2E","0.3217759180753611"
"REACTOME_HIV_LIFE_CYCLE","REACTOME_HIV_LIFE_CYCLE","145","-0.3343865987940968","-1.439342776454142","0.0078973266567679209493313","0.04012995483734035917500","0.030570948591534374133571","2930","tags=37%, list=23%, signal=29%","GTF2F2/NUP210/SEC13/SUPT16H/CHMP2A/NUP42/NUP133/MVB12B/RCC1/PSIP1/GTF2H4/NUP155/MNAT1/NUP85/TAF9/POLR2I/POLR2D/ERCC2/XRCC6/NUP43/POLR2L/NUP88/SEH1L/NCBP1/NELFA/TAF6/GTF2H2/NELFB/XPO1/POLR2F/XRCC5/NUP37/VPS28/NUP54/NUP107/TAF4B/POLR2G/NUP35/BANF1/FEN1/NDC1/GTF2H3/NUP62/CHMP6/MVB12A/NUP93/SSRP1/RANBP1/AAAS/LIG1/TAF15/POLR2E/PPIA/RAN","0.3807304007227924"
"REACTOME_EXPRESSION_OF_NOTCH2NL_GENES","REACTOME_EXPRESSION_OF_NOTCH2NL_GENES","4","0.8096450617283950","1.439247024123675","0.0441586298556818288019166","0.14793141001653412058836","0.112693960135749365880642","2471","tags=100%, list=19%, signal=81%","NOTCH2NLB/NOTCH2NLR/NOTCH2NLA/NOTCH2NLC","0.3217759180753611"
"REACTOME_CHYLOMICRON_ASSEMBLY","REACTOME_CHYLOMICRON_ASSEMBLY","3","0.8672816592302303","1.437433004557074","0.0380969194001505029323340","0.12954384811066216309783","0.098686338845704490996269","749","tags=67%, list=6%, signal=63%","SAR1B/APOE","0.3217759180753611"
"REACTOME_NUCLEAR_EVENTS_KINASE_AND_TRANSCRIPTION_FACTOR_ACTIVATION","REACTOME_NUCLEAR_EVENTS_KINASE_AND_TRANSCRIPTION_FACTOR_ACTIVATION","55","0.3896602665419674","1.436965813926625","0.0215794252611059070301458","0.08431356435710710139908","0.064229966168109789426133","4038","tags=42%, list=31%, signal=29%","ARC/MEF2A/SGK1/MEF2D/FOSB/VGF/MAPKAPK2/PPP2CB/DUSP6/EGR2/ATF1/CREB1/MAPK11/MAPK7/ATF2/JUNB/EP300/REST/TRIB1/RPS6KA2/FOS/RPS6KA5/VRK3","0.3524878575836192"
"REACTOME_PKMTS_METHYLATE_HISTONE_LYSINES","REACTOME_PKMTS_METHYLATE_HISTONE_LYSINES","49","0.4009375203047483","1.435312533126702","0.0458014985573001118246417","0.15258731287321528058420","0.116240821014504641661702","1616","tags=33%, list=12%, signal=29%","H4C8/KMT2C/H3C4/H4C12/ASH1L/H3C10/RELA/NSD3/KMT2A/H4C15/H4C14/RBBP5/NFKB2/ATF7IP/H3C6/KMT5B","0.3217759180753611"
"REACTOME_REGULATION_OF_TP53_ACTIVITY_THROUGH_PHOSPHORYLATION","REACTOME_REGULATION_OF_TP53_ACTIVITY_THROUGH_PHOSPHORYLATION","89","-0.3590666699356288","-1.433560341939185","0.0295681987201199397707896","0.10655153682210551091547","0.081170825328380921681592","3278","tags=45%, list=25%, signal=34%","RAD1/TAF2/TAF4/RPA1/TOP3A/ATRIP/CDK2/RHNO1/SUPT16H/RAD9A/RFC3/WRN/BARD1/AURKA/ATR/TAF9/MAPKAPK5/RMI2/RBBP8/NBN/RFC4/TPX2/RPA3/BRCA1/RFC2/TAF6/CHEK1/BLM/CDK5/EXO1/PIN1/TAF4B/CCNA2/AURKB/DNA2/RFC5/BRIP1/SSRP1/TAF15/NOC2L","0.3524878575836192"
"REACTOME_SIGNALING_BY_SCF_KIT","REACTOME_SIGNALING_BY_SCF_KIT","36","0.4300320763702165","1.425684052068698","0.0492424242424242403215473","0.16072285303054534288947","0.122438465166415766383068","4061","tags=50%, list=31%, signal=34%","GAB2/TEC/JAK2/FYN/STAT5A/CBL/STAT1/SOS1/STAT3/GRB2/PIK3CA/PRKCA/PIK3R3/PIK3R1/PTPRU/GRB7/GRB10/KITLG","0.2820133500117251"
"REACTOME_CILIUM_ASSEMBLY","REACTOME_CILIUM_ASSEMBLY","188","-0.3192248336079424","-1.421303435828568","0.0059330697890789818593760","0.03242574999529872215032","0.024701895134600193593144","4045","tags=46%, list=31%, signal=32%","WDR19/PRKAR2B/PLK4/CEP162/BBIP1/RAB3IP/TTC21B/BBS2/HAUS6/PCNT/CPAP/BBS7/CDK5RAP2/TUBB8B/BBS9/CCT3/DCTN2/IFT172/BBS1/EXOC4/IFT80/CC2D2A/MAPRE1/CEP290/IFT70B/RAB11A/RAB8A/MKKS/PPP2R1A/INPP5E/EXOC2/NPHP1/CEP72/TMEM67/DYNLT2B/CCT8/SFI1/SDCCAG8/ODF2/TUBA1C/SSNA1/CEP78/LZTFL1/CCT4/TUBA1A/CEP131/RPGRIP1L/NDE1/SEPTIN2/RAB11FIP3/HAUS8/SCLT1/HAUS4/ACTR1A/TUBB8/HAUS5/NEDD1/IFT74/CETN2/IFT52/IFT140/ARL6/TCP1/IFT57/TTC8/IFT81/TUBA1B/TCTN2/B9D2/IFT43/CEP83/TRAF3IP1/EXOC7/IFT122/YWHAE/CCT5/PLK1/HAUS7/HAUS1/EXOC6/DYNC2I2/CCT2/IFT56/B9D1/DCTN1/MKS1","0.4070179189239539"
"REACTOME_REGULATION_OF_T_CELL_ACTIVATION_BY_CD28_FAMILY","REACTOME_REGULATION_OF_T_CELL_ACTIVATION_BY_CD28_FAMILY","200","0.3166074474303440","1.419143005854341","0.0058140138113067551042801","0.03204771681258442028728","0.024413909936473340844820","1842","tags=24%, list=14%, signal=21%","ATF3/H4C8/KMT2C/H2BC5/H2AC19/H2AC18/H3C4/H2AC20/H4C12/H2BC6/H2AC6/H2BC21/GSK3B/H2BC12/H2BC17/H2BC11/H2BC4/JAK1/H3C10/IRF1/RELA/PRKAB2/RICTOR/H2BC15/PPP2R5B/EPAS1/KMT2A/FYN/H4C15/H4C14/H2BC12L/RBBP5/CSNK2A2/UBC/H2AC8/NFKB2/FOSB/UBA52/H2BC8/OS9/H3C6/BRD4/SEL1L/STAT1/CREBBP/STAT3/GRB2/PPP2CB/AGO3","0.4070179189239539"
"REACTOME_TP53_REGULATES_TRANSCRIPTION_OF_CELL_DEATH_GENES","REACTOME_TP53_REGULATES_TRANSCRIPTION_OF_CELL_DEATH_GENES","42","0.4094425734772271","1.418747915212191","0.0372549232501885319024382","0.12723699108460589934921","0.096928978095176962503920","1846","tags=33%, list=14%, signal=29%","BCL6/TNFRSF10D/NDRG1/TNFRSF10B/TP53INP1/TMEM219/BNIP3L/PMAIP1/BBC3/NLRC4/IGFBP3/TNFRSF10C/CREBBP/TRIAP1","0.3217759180753611"
"REACTOME_SIGNALING_BY_NUCLEAR_RECEPTORS","REACTOME_SIGNALING_BY_NUCLEAR_RECEPTORS","222","0.3113585621380774","1.412164283729540","0.0050429268494603307279589","0.02850829584585543377551","0.021717583542480260738738","2090","tags=25%, list=16%, signal=21%","H4C8/H2BC5/H2AC19/H2AC18/PPARD/KDM3A/H3C4/H2AC20/HBEGF/H4C12/H2BC6/H2AC6/H2BC21/H2BC12/ABCG1/H2BC17/H2BC11/CCNT1/NCOA1/H2BC4/H3C10/KDM4B/NOS3/H2BC15/MED1/RARA/ESR2/NCOA3/FOXO3/GREB1/APOE/H4C15/NCOA2/H4C14/H2BC12L/DHRS3/H2AC8/FOSB/MYLIP/H2BC8/IGF1R/TGFA/H3C6/NRIP1/CREBBP/ALDH1A3/PLIN1/KDM4A/ZNF217/AGO3/EBAG9/ARL4C/ABCA1/POLR2C/CAV2","0.4070179189239539"
"REACTOME_INTERLEUKIN_1_SIGNALING","REACTOME_INTERLEUKIN_1_SIGNALING","95","-0.3497597005885904","-1.400635127028265","0.0205360503143949824078618","0.08255492226386781928760","0.062890234856643190131109","1879","tags=29%, list=14%, signal=25%","IKBKB/PSMA5/PSMB7/UBE2V1/PSMB4/PSMC5/IRAK1/PSMD14/PSMD3/PSMA6/PSMD11/TAB1/PSMD6/PSMC3/AGER/HMGB1/PSMB3/PSMD1/PSMA2/PSMA7/PSMB6/RBX1/PSMA1/NFKB1/UBE2N/PSMA3/PSMA4/PSMB2","0.3524878575836192"
"REACTOME_GPCR_LIGAND_BINDING","REACTOME_GPCR_LIGAND_BINDING","117","0.3374283206514140","1.399173412717079","0.0212794085366737120712521","0.08393339721534147368498","0.063940355322689823580617","3084","tags=30%, list=24%, signal=23%","PSAP/ADM/CXCL8/WNT4/PTGER4/PTCH2/GPR37L1/HRH1/LTB4R2/HEBP1/GIPR/CXCL3/OXTR/PTAFR/ACKR2/LTB4R/WNT11/CHRM4/EDN1/CCRL2/PLPPR2/CD55/PTCH1/WNT2B/APP/INSL3/WNT7B/CXCR5/RAMP1/VIPR1/P2RY2/BDKRB1/GNG13/ECE1/FZD7","0.3524878575836192"
"REACTOME_REGULATION_OF_EXPRESSION_OF_SLITS_AND_ROBOS","REACTOME_REGULATION_OF_EXPRESSION_OF_SLITS_AND_ROBOS","147","-0.3258064127446289","-1.397542145789444","0.0164143588382539076797606","0.07053105733587011760832","0.053730469836341138156754","2528","tags=23%, list=20%, signal=19%","PSMD8/SEM1/GSPT1/RPL26L1/PSMB5/UPF3B/RPS7/RPL15/EIF4A3/PSMA5/PSMB7/NCBP1/PSMB4/PSMC5/RPL22L1/PSMD14/PSMD3/PSMA6/PSMD11/RNPS1/EIF4G1/PSMD6/MAGOHB/PSMC3/PSMB3/PSMD1/PSMA2/PSMA7/PSMB6/RBX1/PSMA1/PSMA3/PSMA4/PSMB2","0.3524878575836192"
"REACTOME_RMTS_METHYLATE_HISTONE_ARGININES","REACTOME_RMTS_METHYLATE_HISTONE_ARGININES","47","-0.4001709651628045","-1.393009941649042","0.0482112687825045488354547","0.15828345776324997951079","0.120580136952162977892478","914","tags=32%, list=7%, signal=30%","PRMT5/H2AX/SMARCD1/PRMT3/ACTL6A/SMARCD2/H2AZ2/WDR77/PRMT1/RBBP7/SMARCE1/SMARCC1/CARM1/SMARCB1/SMARCA4","0.3217759180753611"
"REACTOME_ION_CHANNEL_TRANSPORT","REACTOME_ION_CHANNEL_TRANSPORT","110","0.3352390278783962","1.388110349633565","0.0232838051781319339827991","0.08961787993029929344502","0.068270787030196802835924","3758","tags=38%, list=29%, signal=27%","ATP6V1D/ATP6V0E1/ATP2B4/SGK1/MCOLN1/ATP6V1E1/ATP6V0B/TRPM6/UNC79/ATP6AP1/UBC/OSTM1/UBA52/ATP6V1G1/ATP6V1B2/ATP6V0C/TSC22D3/CLCN5/NEDD4L/ATP7A/BEST1/WNK1/ATP6V0D1/TRPC1/SGK3/ATP6V1H/ATP8A1/RIPK1/ASIC3/TTYH2/ATP8B3/RYR3/ATP6V1A/TRPV3/ATP8B2/FXYD6/ATP6V1F/ATP2A3/ATP2A1/FKBP1B/TRPV1/WWP1","0.3524878575836192"
"REACTOME_SIGNALING_BY_THE_B_CELL_RECEPTOR_BCR","REACTOME_SIGNALING_BY_THE_B_CELL_RECEPTOR_BCR","86","-0.3497239701894234","-1.385677314345516","0.0280475634739581515531004","0.10291692155048741408319","0.078401980033911439216254","3200","tags=41%, list=25%, signal=31%","AHCYL1/SYK/HRAS/PSMC6/PPP3CB/PSMD13/PSMD7/ORAI2/PSMD8/SEM1/PSMB5/CALM1/NRAS/IKBKB/PSMA5/PSMB7/PSMB4/PSMC5/PSMD14/PSMD3/PSMA6/PSMD11/PSMD6/PSMC3/PSMB3/PSMD1/PSMA2/PSMA7/PSMB6/PSMA1/NFKB1/PSMA3/PPIA/PSMA4/PSMB2","0.3524878575836192"
"REACTOME_SIGNALLING_TO_P38_VIA_RIT_AND_RIN","REACTOME_SIGNALLING_TO_P38_VIA_RIT_AND_RIN","2","0.9108162320629533","1.370908794053227","0.0461254612546125458694135","0.15298910177317434633260","0.116546903287835984519560","1158","tags=100%, list=9%, signal=91%","BRAF/RIT1","0.2878571172551493"
"REACTOME_FATTY_ACID_METABOLISM","REACTOME_FATTY_ACID_METABOLISM","137","-0.3178060291318896","-1.367307137040629","0.0313370646747153994149393","0.11181213017073009241553","0.085178338655361479636596","3330","tags=36%, list=26%, signal=27%","EPHX2/HSD17B12/PECR/ACOX3/ACADVL/ACOT11/ACBD7/ACSL4/SLC25A17/HSD17B8/PCTP/CBR1/MCAT/HACL1/SCP2/ACOT9/CPT1A/FADS2/ACOT7/ACSF3/THEM4/PCCB/MID1IP1/NUDT19/PPT1/HACD1/DECR2/ECI1/DBI/PON2/ACSBG1/HADHA/PRXL2B/CBR4/DECR1/HSD17B4/PTGES2/TECR/PTGES3/ACLY/SCD/ECHS1/ELOVL6/HADH/ACBD6/MECR/ACACA/NDUFAB1/FASN","0.3217759180753611"
"REACTOME_EPIGENETIC_REGULATION_OF_GENE_EXPRESSION","REACTOME_EPIGENETIC_REGULATION_OF_GENE_EXPRESSION","269","0.2955345031240667","1.360911752394885","0.0061832920476034515175345","0.03348974644944504447386","0.025512446281072336667917","1569","tags=21%, list=12%, signal=19%","PHF1/H4C8/KMT2C/H2BC5/H2AC19/H2AC18/KANSL1/ZNF317/ZNF425/H3C4/H2AC20/H4C12/H2BC6/ZNF136/H2AC6/H2BC21/GSK3B/H2BC12/H2BC17/HCFC2/H2BC11/NCOA1/SAP30BP/H2BC4/H3C10/ERCC6/AKAP8L/BAZ2A/KDM6A/JARID2/GATAD2B/H2BC15/MED1/NCOA3/KMT2A/H4C15/NCOA2/KANSL2/H4C14/H2BC12L/TET3/RBBP5/H2AC8/ARID4B/ATF7IP/TAF1D/SMARCA2/SIN3A/ZNF224/TDG/RBM7/H2BC8/SIRT1/ZNF778/PIWIL4/H3C6/MED13","0.4070179189239539"
"REACTOME_REGULATION_OF_HOMOTYPIC_CELL_CELL_ADHESION","REACTOME_REGULATION_OF_HOMOTYPIC_CELL_CELL_ADHESION","170","-0.3068445692009002","-1.350372257430056","0.0263268841666816598434675","0.09919602615816215662736","0.075567406653145791084469","1923","tags=27%, list=15%, signal=23%","RBBP4/HDAC1/RPN1/RPN2/PSMA5/PSMB7/MCRIP1/ACTG1/PKM/EZH2/PSMB4/MYC/PSMC5/SPCS2/POMT2/MTBP/PSMD14/PSMD3/PSMA6/PSMD11/GANAB/SPCS3/CTBP1/PSMD6/PSMC3/H3-3A/SPCS1/H2AX/SEC11A/ACTA1/PSMB3/TCF3/PSMD1/PSMA2/OSTC/PSMA7/ACTB/PSMB6/PSMA1/H2AZ2/PSMA3/RBBP7/PSMA4/PSMB2/SMARCA4/ILF3","0.3524878575836192"
"REACTOME_INTERLEUKIN_1_FAMILY_SIGNALING","REACTOME_INTERLEUKIN_1_FAMILY_SIGNALING","116","-0.3268306542914997","-1.347204240882631","0.0326300829547647927575404","0.11506397673522321400963","0.087655591235226718027640","1879","tags=27%, list=14%, signal=23%","IKBKB/PSMA5/PSMB7/UBE2V1/PSMB4/PSMC5/IRAK1/SIGIRR/PTPN18/PSMD14/PSMD3/PSMA6/PSMD11/TAB1/PSMD6/PSMC3/AGER/HMGB1/PSMB3/PSMD1/PSMA2/PSMA7/PSMB6/GSDMD/RBX1/PSMA1/NFKB1/UBE2N/PSMA3/PSMA4/PSMB2","0.3217759180753611"
"REACTOME_RESPONSE_TO_ELEVATED_PLATELET_CYTOSOLIC_CA2","REACTOME_RESPONSE_TO_ELEVATED_PLATELET_CYTOSOLIC_CA2","85","0.3399978291283787","1.337922115189855","0.0493096646942800809210183","0.16072285303054534288947","0.122438465166415766383068","2881","tags=33%, list=22%, signal=26%","PSAP/CLU/BRPF3/CYB5R1/CDC37L1/APLP2/VWF/PDGFA/QSOX1/HSPA5/CALU/PDGFB/GTPBP2/VEGFA/LAMP2/SERPINA1/FERMT3/ALDOA/ECM1/FN1/STX4/F8/APP/TUBA4A/HABP4/IGF2/SERPINE1/PRKCA","0.2878571172551493"
"REACTOME_AUTOPHAGY","REACTOME_AUTOPHAGY","151","0.3110199508245871","1.335126229546600","0.0253604055813153005105587","0.09638019684159532252110","0.073422311458590502897259","2213","tags=27%, list=17%, signal=23%","ATG13/RRAGC/ATG101/ATG4A/MTMR3/MAP1LC3B/SQSTM1/LAMTOR3/AMBRA1/PRKAB2/EPAS1/VPS37A/OPTN/GABARAPL1/RB1CC1/CSNK2A2/UBC/GABARAP/WIPI2/UBA52/ATG7/GABARAPL2/ULK1/WDR45B/ATG9B/NBR1/UVRAG/PRKN/LAMP2/UBAP1/ATG9A/FUNDC1/BECN1/PINK1/VDAC2/TSC1/TUBA4B/CHMP4C/TUBB2A/VPS37B/WDR45","0.3524878575836192"
"REACTOME_G_ALPHA_Q_SIGNALLING_EVENTS","REACTOME_G_ALPHA_Q_SIGNALLING_EVENTS","96","0.3319070489636765","1.333678847331617","0.0445079202497475553967909","0.14882592926394330734574","0.113375403761527854262781","4440","tags=46%, list=34%, signal=30%","HBEGF/PRKCE/HRH1/RGS2/RGS5/LTB4R2/DAGLB/OXTR/PTAFR/DGKA/SOS1/LTB4R/GRB2/EDN1/DGKH/PIK3CA/APP/TRIO/CREB1/KALRN/PRKCA/PIK3R3/P2RY2/BDKRB1/GNG13/MAPK7/GNG3/ANXA1/GRK5/MGLL/PRKCD/ITPR1/RPS6KA2/PIK3R1/F2RL1/RGS16/GPR68/DGKE/GNA11/GNG4/DAGLA/NPFFR1/EGFR/BDKRB2","0.3217759180753611"
"REACTOME_TRANSCRIPTIONAL_REGULATION_BY_RUNX1","REACTOME_TRANSCRIPTIONAL_REGULATION_BY_RUNX1","165","0.3037844319431852","1.330911698159701","0.0331037860215843138256275","0.11628106585057480792944","0.088582768176430459750037","1380","tags=21%, list=11%, signal=19%","RYBP/H4C8/KMT2C/NR4A3/H2BC5/H2AC19/H2AC18/ITCH/PHC3/H3C4/H2AC20/H4C12/H2BC6/H2AC6/H2BC21/H2BC12/H2BC17/H2BC11/H2BC4/H3C10/H2BC15/KMT2A/H4C15/H4C14/H2BC12L/PML/RBBP5/CSNK2A2/UBC/H2AC8/UBA52/CTSK/SMARCA2/SIN3A/H2BC8","0.3217759180753611"
"REACTOME_CELLULAR_RESPONSE_TO_STARVATION","REACTOME_CELLULAR_RESPONSE_TO_STARVATION","149","0.3077559351979252","1.327015768349721","0.0334903949996380248532724","0.11741109409756819714765","0.089443622258769769906017","3566","tags=30%, list=28%, signal=22%","ATF3/DDIT3/RRAGC/FNIP1/ATP6V1D/SESN2/ATP6V0E1/SESN1/FLCN/ATP6V1E1/LAMTOR3/ATP6V0B/UBA52/ATP6V1G1/ATP6V1B2/FNIP2/ATP6V0C/RPS27L/RPS27/RPS13/FAU/RPL11/RPL38/SAMTOR/ATP6V0D1/CASTOR2/CEBPB/CEBPG/ATP6V1H/WDR24/ASNS/ATF2/RPL26/RPS19/ATP6V1A/SZT2/CASTOR1/RRAGD/RPL37/RPL31/RPL27/TRIB3/RPL39L/ATP6V1F","0.3217759180753611"
"REACTOME_RHO_GTPASE_EFFECTORS","REACTOME_RHO_GTPASE_EFFECTORS","267","-0.2837822638841485","-1.320602050342132","0.0143201472127361100622478","0.06287656870834859579311","0.047899290128441081304533","2606","tags=32%, list=20%, signal=26%","ZW10/PPP2R1B/MYL12B/TUBA1C/SRF/ERCC6L/CDC25C/TUBA1A/SPDL1/ARPC5/NDE1/NUP85/KDM1A/CALM1/RHOA/KNTC1/KIF14/RTKN/CENPU/NDC80/TUBB8/CDCA8/YWHAZ/DIAPH3/NUP43/NUF2/ARPC1B/ACTG1/RCC2/SEH1L/DIAPH2/BUB3/SKA2/DYNC1LI1/BUB1/MAD2L1/SKA1/SPC25/IQGAP3/CENPK/CENPM/XPO1/ARPC4/CENPO/CTTN/PPP1CC/NUP37/PIN1/NUP107/CDC42/TUBA1B/ITGB3BP/KIF2C/CFL1/MYH9/CIT/CENPF/B9D2/SPC24/H3-3A/CENPE/H2AX/CENPI/AURKB/YWHAQ/PRC1/CENPN/PFN1/YWHAE/KNL1/ACTB/PMF1/CYBA/CENPH/PLK1/CENPS/NSL1/ZWILCH/YWHAB/ZWINT/H2AZ2/BUB1B/BIRC5/CYFIP1/CDC20","0.3807304007227924"
"REACTOME_TOLL_LIKE_RECEPTOR_9_TLR9_CASCADE","REACTOME_TOLL_LIKE_RECEPTOR_9_TLR9_CASCADE","100","0.3249770239288493","1.319151625239226","0.0496183206106870222651395","0.16143802515239716321993","0.122983282379887606805546","3869","tags=42%, list=30%, signal=30%","MEF2A/TICAM2/FBXW11/RELA/PELI2/TAB2/TICAM1/CHUK/MAP2K1/UBC/NFKBIB/N4BP1/TAB3/NFKB2/NKIRAS2/UBA52/MAP3K1/RBSN/MAPKAPK2/IRAK2/TRAF6/PPP2CB/DUSP6/IRF7/ALPK1/NFKBIA/APP/ATF1/CREB1/MAPK11/MAPK7/ATF2/BTRC/IKBIP/MAP3K7/RPS6KA2/MAP3K8/SLC15A4/PIK3R4/FOS/CASP8/RPS6KA5","0.2820133500117251"
"REACTOME_PHOSPHOLIPID_METABOLISM","REACTOME_PHOSPHOLIPID_METABOLISM","179","0.3005718100949111","1.311360980279953","0.0275173525780673805529730","0.10153374635534719028218","0.077348278928213415328585","2572","tags=24%, list=20%, signal=20%","PLA2G4C/SYNJ1/GDE1/MTMR3/INPP5F/INPP4A/PIKFYVE/PLD3/PI4KB/PNPLA8/CHKA/MTM1/PLB1/ETNK2/OCRL/PTEN/CSNK2A2/PNPLA7/PIP4K2C/OSBPL8/INPP5K/LPIN2/INPP5D/PIP4P1/ABHD4/TMEM86B/GPCPD1/PLA2G15/MTMR9/GPAT3/RAB5A/LIPH/PLEKHA3/PI4K2A/MIGA1/PNPLA2/GDPD5/PIK3CA/PIP5K1A/MTMR10/PCYT1A/PLA2G4B/PLEKHA8","0.3524878575836192"
"REACTOME_ADHERENS_JUNCTIONS_INTERACTIONS","REACTOME_ADHERENS_JUNCTIONS_INTERACTIONS","181","-0.2920935547135420","-1.304976400133716","0.0253384394404005848511208","0.09638019684159532252110","0.073422311458590502897259","1923","tags=25%, list=15%, signal=22%","RBBP4/HDAC1/RPN1/RPN2/PSMA5/PSMB7/MCRIP1/ACTG1/PKM/EZH2/PSMB4/MYC/PSMC5/SPCS2/POMT2/MTBP/PSMD14/PSMD3/PSMA6/PSMD11/GANAB/SPCS3/CTBP1/PSMD6/PSMC3/H3-3A/SPCS1/H2AX/SEC11A/ACTA1/PSMB3/TCF3/PSMD1/PSMA2/OSTC/PSMA7/ACTB/PSMB6/PSMA1/H2AZ2/PSMA3/RBBP7/PSMA4/PSMB2/SMARCA4/ILF3","0.3524878575836192"
"REACTOME_SIGNALING_BY_NOTCH","REACTOME_SIGNALING_BY_NOTCH","182","0.2945896731537769","1.294936786479878","0.0308150187209472181670833","0.11016673688971051481289","0.083924880145109154172545","1743","tags=23%, list=13%, signal=20%","H4C8/H2BC5/H2AC19/H2AC18/ITCH/H3C4/H2AC20/H4C12/H2BC6/H2AC6/HEY1/H2BC21/H2BC12/FBXW7/H2BC17/H2BC11/H2BC4/NEURL1B/H3C10/H2BC15/H4C15/H4C14/H2BC12L/B4GALT1/MIB1/UBC/H2AC8/UBA52/NOTCH4/HES1/HDAC5/HDAC9/H2BC8/NCSTN/SMAD3/ACTA2/H3C6/SEL1L/STAT1/CREBBP/NEURL1/NOTCH2NLB","0.3524878575836192"
"REACTOME_DISEASES_OF_METABOLISM","REACTOME_DISEASES_OF_METABOLISM","184","-0.2850161668272753","-1.273988370351880","0.0476292333168744502769343","0.15665687830950159042942","0.119341010791614257624538","2298","tags=23%, list=18%, signal=20%","ACY1/DCXR/KHK/PCCB/MPI/ALG13/GSS/GPC2/DPAGT1/GYS1/GALT/DBT/GALK1/IVD/NAGLU/NMRAL1/DPM3/ALG3/RPIA/POMT2/CD320/SLC37A4/TALDO1/MPDU1/ASL/ALG9/ACAT1/BCKDHA/DLD/ECHS1/SLC25A15/B3GALT6/ALG1/MCCC2/IDH1/MMAB/ALG6/PMM2/APRT/ACACA/NUS1/MMACHC/G6PC3","0.3217759180753611"
"REACTOME_TCF_DEPENDENT_SIGNALING_IN_RESPONSE_TO_WNT","REACTOME_TCF_DEPENDENT_SIGNALING_IN_RESPONSE_TO_WNT","163","0.2935743451560905","1.266487919446666","0.0488281250000000000000000","0.15972889353526220634905","0.121681268086191438082544","1077","tags=19%, list=8%, signal=18%","H4C8/H2BC5/H2AC19/H2AC18/WNT4/H3C4/H2AC20/H4C12/H2BC6/H2AC6/H2BC21/GSK3B/H2BC12/H2BC17/H2BC11/H2BC4/H3C10/H2BC15/PPP2R5B/APC/H4C15/H4C14/H2BC12L/RBBP5/USP34/CSNK2A2/KLHL12/TNKS/UBC/H2AC8/UBA52","0.2878571172551493"
"REACTOME_TRANSCRIPTIONAL_REGULATION_BY_TP53","REACTOME_TRANSCRIPTIONAL_REGULATION_BY_TP53","345","-0.2624036620588577","-1.253148024940886","0.0227459682674043713046519","0.08828301760641360518278","0.067253890608416785901191","2598","tags=31%, list=20%, signal=25%","COX7A2/CCNE2/PPP2R1B/RAD9A/COXFA4/FANCI/CDC25C/AKT1/HDAC2/COX8A/RFC3/GTF2H4/TXNRD1/KMT5A/MNAT1/WRN/BARD1/AURKA/ATR/CNOT11/TAF9/RABGGTA/POLR2I/PIP4K2B/MAPKAPK5/COX4I1/RMI2/RBBP8/NBN/POLR2D/RBBP4/HDAC1/ERCC2/YWHAZ/POLR2L/RFC4/COX5A/TPX2/EHMT2/CYCS/PRR5/LAMTOR1/NELFA/RPA3/BRCA1/TP73/RFC2/NPM1/STEAP3/TAF6/RBL1/FANCD2/PCNA/GATAD2A/EHMT1/G6PD/CHEK1/BLM/PRELID1/GTF2H2/NELFB/CDK5/PRELID3A/POLR2F/EXO1/MSH2/BID/PIN1/TAF4B/TXN/POLR2G/GSR/TTC5/PRMT5/CCNA2/SMYD2/CNOT6/CCNB1/CASP6/AURKB/YWHAQ/PRDX2/GTF2H3/MBD3/DNA2/YWHAE/MLST8/CNOT9/AKT2/TFDP1/E2F4/RFC5/BRIP1/YWHAB/SSRP1/CNOT3/COX7B/PRDX1/E2F1/PRMT1/TAF15/POLR2E/RBBP7/BIRC5/CARM1/NOC2L","0.3524878575836192"
NA,NA,NA,NA,NA,NA,NA,NA,NA,NA,"",NA
NA,NA,NA,NA,NA,NA,NA,NA,NA,NA,"",NA
NA,NA,NA,NA,NA,NA,NA,NA,NA,NA,"",NA
NA,NA,NA,NA,NA,NA,NA,NA,NA,NA,"",NA
NA,NA,NA,NA,NA,NA,NA,NA,NA,NA,"",NA
NA,NA,NA,NA,NA,NA,NA,NA,NA,NA,"",NA
NA,NA,NA,NA,NA,NA,NA,NA,NA,NA,"",NA
NA,NA,NA,NA,NA,NA,NA,NA,NA,NA,"",NA
NA,NA,NA,NA,NA,NA,NA,NA,NA,NA,"",NA
