"Query Name","Rank","TF","Score","Library","Overlapping_Genes"
"INTERSECT_DLD1_HCT15_SW48","1","MAF","0.000614300000000000","ARCHS4 Coexpression,6.143E-4","NLRP6,PRDM1,DHRS3"
"INTERSECT_DLD1_HCT15_SW48","2","NR4A1","0.000622300000000000","GTEx Coexpression,6.223E-4","TNXB,GREB1,ATF3"
"INTERSECT_DLD1_HCT15_SW48","3","HES2","0.000712300000000000","Enrichr Queries,7.123E-4","AKAP12,SLPI,LAMP3,PRDM1,CLU,DHRS3,ATF3,DDR2"
"INTERSECT_DLD1_HCT15_SW48","4","NKX21","0.001229000000000000","ARCHS4 Coexpression,0.001229","SLPI,CEACAM6,LAMP3"
"INTERSECT_DLD1_HCT15_SW48","5","TBX4","0.001245000000000000","GTEx Coexpression,0.001245","CEACAM6,LAMP3,CASS4"
"INTERSECT_DLD1_HCT15_SW48","6","ZBED2","0.001425000000000000","Enrichr Queries,0.001425","AKAP12,SLPI,CEACAM6,LAMP3,PRDM1,ATF3,DDR2"
"INTERSECT_DLD1_HCT15_SW48","7","ELF3","0.001843000000000000","ARCHS4 Coexpression,0.001843","SLPI,CEACAM6,PRSS22"
"INTERSECT_DLD1_HCT15_SW48","8","NFIL3","0.002137000000000000","Enrichr Queries,0.002137","AKAP12,SLPI,PRDM1,CLU,DHRS3,ATF3,DDR2"
"INTERSECT_DLD1_HCT15_SW48","9","EGR2","0.002457000000000000","ARCHS4 Coexpression,0.002457","CASS4,CD68,ATF3"
"INTERSECT_DLD1_HCT15_SW48","10","TCF21","0.002489000000000000","GTEx Coexpression,0.002489","TNXB,CEACAM6,CASS4"
"INTERSECT_DLD1_HCT15_SW48","11","FOXQ1","0.002849000000000000","Enrichr Queries,0.002849","AKAP12,SLPI,PRDM1,CLU,DHRS3,ATF3,DDR2"
"INTERSECT_DLD1_HCT15_SW48","12","ZBTB7C","0.003071000000000000","ARCHS4 Coexpression,0.003071","TNXB,SLPI,LY6G6C"
"INTERSECT_DLD1_HCT15_SW48","13","MSGN1","0.003111000000000000","GTEx Coexpression,0.003111","CEACAM6,PRDM1,PRSS22"
"INTERSECT_DLD1_HCT15_SW48","14","FOSL1","0.003367000000000000","ReMap ChIP-seq,0.003367","CASS4,LY6G6C,CD68,CLU,DHRS3,ATF3"
"INTERSECT_DLD1_HCT15_SW48","15","ZNF311","0.003561000000000000","Enrichr Queries,0.003561","AKAP12,TNXB,PRDM1,DHRS3,ATF3,DDR2"
"INTERSECT_DLD1_HCT15_SW48","16","EHF","0.003686000000000000","ARCHS4 Coexpression,0.003686","SLPI,CEACAM6,PRSS22"
"INTERSECT_DLD1_HCT15_SW48","17","IRF9","0.004274000000000000","Enrichr Queries,0.004274","LAMP3,CD68,CLU,DHRS3,ATF3,DDR2"
"INTERSECT_DLD1_HCT15_SW48","18","MEOX1","0.004300000000000000","ARCHS4 Coexpression,0.0043","TNXB,DDR2"
"INTERSECT_DLD1_HCT15_SW48","19","JUN","0.004356000000000000","GTEx Coexpression,0.004356","TNXB,ATF3"
"INTERSECT_DLD1_HCT15_SW48","20","OSR1","0.004914000000000000","ARCHS4 Coexpression,0.004914","TNXB,DDR2"
"INTERSECT_DLD1_HCT15_SW48","21","TSHZ3","0.004978000000000000","GTEx Coexpression,0.004978","TNXB,DDR2"
"INTERSECT_DLD1_HCT15_SW48","22","SOX30","0.004986000000000000","Enrichr Queries,0.004986","TNXB,NLRP6,NEB,PRDM1,ATF3,DDR2"
"INTERSECT_DLD1_HCT15_SW48","23","MEOX2","0.005528000000000000","ARCHS4 Coexpression,0.005528","TNXB,DDR2"
"INTERSECT_DLD1_HCT15_SW48","24","HOXD3","0.005600000000000000","GTEx Coexpression,0.0056","GREB1,DDR2"
"INTERSECT_DLD1_HCT15_SW48","25","OSR2","0.005698000000000000","Enrichr Queries,0.005698","AKAP12,TNXB,PRDM1,CLU,ATF3,DDR2"
"INTERSECT_DLD1_HCT15_SW48","26","ESR1","0.006098000000000000","Literature ChIP-seq,0.006098","GREB1,DHRS3,ATF3"
"INTERSECT_DLD1_HCT15_SW48","27","KLF9","0.006143000000000000","ARCHS4 Coexpression,0.006143","TNXB,DDR2"
"INTERSECT_DLD1_HCT15_SW48","28","TSHZ2","0.006223000000000000","GTEx Coexpression,0.006223","TNXB,DDR2"
"INTERSECT_DLD1_HCT15_SW48","29","RBPJL","0.006410000000000000","Enrichr Queries,0.00641","TNXB,SLPI,PRDM1,CLU,ATF3,DDR2"
"INTERSECT_DLD1_HCT15_SW48","30","ZEB2","0.006734000000000000","ReMap ChIP-seq,0.006734","TNXB,CASS4,PRDM1,LY6G6C,CD68"
"INTERSECT_DLD1_HCT15_SW48","31","IRX6","0.006757000000000000","ARCHS4 Coexpression,0.006757","LY6G6C,DDR2"
"INTERSECT_DLD1_HCT15_SW48","32","FOS","0.006845000000000000","GTEx Coexpression,0.006845","LY6G6C,ATF3"
"INTERSECT_DLD1_HCT15_SW48","33","HOXD4","0.007123000000000000","Enrichr Queries,0.007123","AKAP12,TNXB,PRDM1,DHRS3,ATF3,DDR2"
"INTERSECT_DLD1_HCT15_SW48","34","PRDM6","0.007371000000000000","ARCHS4 Coexpression,0.007371","TNXB,DDR2"
"INTERSECT_DLD1_HCT15_SW48","35","FOSB","0.007467000000000000","GTEx Coexpression,0.007467","LY6G6C,ATF3"
"INTERSECT_DLD1_HCT15_SW48","36","MEIS1","0.007835000000000000","Enrichr Queries,0.007835","AKAP12,PRDM1,CLU,DHRS3,ATF3,DDR2"
"INTERSECT_DLD1_HCT15_SW48","37","PRRX1","0.007985000000000001","ARCHS4 Coexpression,0.007985","TNXB,DDR2"
"INTERSECT_DLD1_HCT15_SW48","38","WT1","0.008090000000000000","GTEx Coexpression,0.00809","AKAP12,GREB1"
"INTERSECT_DLD1_HCT15_SW48","39","ZSCAN4","0.008547000000000001","Enrichr Queries,0.008547","SLPI,CEACAM6,LAMP3,PRDM1,ATF3,DDR2"
"INTERSECT_DLD1_HCT15_SW48","40","TBX18","0.008600000000000000","ARCHS4 Coexpression,0.0086","TNXB,DDR2"
"INTERSECT_DLD1_HCT15_SW48","41","BNC2","0.008711999999999999","GTEx Coexpression,0.008712","TNXB,DDR2"
"INTERSECT_DLD1_HCT15_SW48","42","NR1D1","0.009214000000000000","ARCHS4 Coexpression,0.009214","PRSS22,CLU"
"INTERSECT_DLD1_HCT15_SW48","43","ZNF404","0.009259000000000000","Enrichr Queries,0.009259","AKAP12,LAMP3,CLU,DHRS3,ATF3,DDR2"
"INTERSECT_DLD1_HCT15_SW48","44","TFEC","0.009334000000000000","GTEx Coexpression,0.009334","CASS4,CD68"
"INTERSECT_DLD1_HCT15_SW48","45","TRPS1","0.009828000000000000","ARCHS4 Coexpression,0.009828","TNXB,GREB1"
"INTERSECT_DLD1_HCT15_SW48","46","HOXC13","0.009956000000000000","GTEx Coexpression,0.009956","KRT81,LY6G6C"
"INTERSECT_DLD1_HCT15_SW48","47","MITF","0.009972000000000000","Enrichr Queries,0.009972","AKAP12,PRDM1,CLU,DHRS3,ATF3,DDR2"
"INTERSECT_DLD1_HCT15_SW48","48","ZNF644","0.010100000000000000","ReMap ChIP-seq,0.0101","TNXB,NLRP6,PRSS22,CD68,DHRS3"
"INTERSECT_DLD1_HCT15_SW48","49","MKX","0.010440000000000000","ARCHS4 Coexpression,0.01044","AKAP12,DDR2"
"INTERSECT_DLD1_HCT15_SW48","50","ASCL3","0.010580000000000001","GTEx Coexpression,0.01058","SLPI,CEACAM6"
"INTERSECT_DLD1_HCT15_SW48","51","ZHX3","0.011060000000000000","ARCHS4 Coexpression,0.01106","CLU,DDR2"
"INTERSECT_DLD1_HCT15_SW48","52","PAX9","0.011200000000000000","GTEx Coexpression,0.0112","PRDM1,PRSS22"
"INTERSECT_DLD1_HCT15_SW48","53","NR2F2","0.011400000000000000","Enrichr Queries,0.0114","AKAP12,PRDM1,CLU,DHRS3,ATF3,DDR2"
"INTERSECT_DLD1_HCT15_SW48","54","PPARD","0.011820000000000001","GTEx Coexpression,0.01182","PRDM1,PRSS22"
"INTERSECT_DLD1_HCT15_SW48","55","HOXB6","0.012109999999999999","Enrichr Queries,0.01211","AKAP12,PRDM1,CLU,DHRS3,ATF3,DDR2"
"INTERSECT_DLD1_HCT15_SW48","56","BACH1","0.012200000000000001","Literature ChIP-seq,0.0122","AKAP12,TNXB,LAMP3,CLU,DHRS3,ATF3"
"INTERSECT_DLD1_HCT15_SW48","57","GLIS3","0.012290000000000001","ARCHS4 Coexpression,0.01229","CLU,ATF3"
"INTERSECT_DLD1_HCT15_SW48","58","ZNF562","0.012449999999999999","GTEx Coexpression,0.01245","PRDM1,PRSS22"
"INTERSECT_DLD1_HCT15_SW48","59","ZNF436","0.012820000000000000","Enrichr Queries,0.01282","AKAP12,PRDM1,CLU,DHRS3,ATF3,DDR2"
"INTERSECT_DLD1_HCT15_SW48","60","ZNF648","0.012900000000000000","ARCHS4 Coexpression,0.0129","SLPI,PRSS22"
"INTERSECT_DLD1_HCT15_SW48","61","PITX1","0.013070000000000000","GTEx Coexpression,0.01307","PRDM1,PRSS22"
"INTERSECT_DLD1_HCT15_SW48","62","SOX13","0.013469999999999999","ReMap ChIP-seq,0.01347","GREB1,LY6G6C,CD68,CLU,DHRS3"
"INTERSECT_DLD1_HCT15_SW48","63","RARB","0.013509999999999999","ARCHS4 Coexpression,0.01351","DHRS3,DDR2"
"INTERSECT_DLD1_HCT15_SW48","64","HES1","0.013530000000000000","Enrichr Queries,0.01353","AKAP12,PRDM1,CLU,DHRS3,ATF3,DDR2"
"INTERSECT_DLD1_HCT15_SW48","65","ZNF860","0.013690000000000001","GTEx Coexpression,0.01369","PRDM1,PRSS22"
"INTERSECT_DLD1_HCT15_SW48","66","AEBP1","0.014130000000000000","ARCHS4 Coexpression,0.01413","TNXB,DDR2"
"INTERSECT_DLD1_HCT15_SW48","67","HEY1","0.014250000000000001","Enrichr Queries,0.01425","AKAP12,PRDM1,CLU,DHRS3,ATF3,DDR2"
"INTERSECT_DLD1_HCT15_SW48","68","DLX4","0.014310000000000000","GTEx Coexpression,0.01431","KRT81,LY6G6C"
"INTERSECT_DLD1_HCT15_SW48","69","DLX3","0.014740000000000000","ARCHS4 Coexpression,0.01474","TNXB,LY6G6C"
"INTERSECT_DLD1_HCT15_SW48","70","ZNF426","0.014930000000000001","GTEx Coexpression,0.01493","PRDM1,PRSS22"
"INTERSECT_DLD1_HCT15_SW48","71","HOXB5","0.014959999999999999","Enrichr Queries,0.01496","AKAP12,PRDM1,CLU,DHRS3,ATF3,DDR2"
"INTERSECT_DLD1_HCT15_SW48","72","KLF5","0.015360000000000000","ARCHS4 Coexpression,0.01536","SLPI,PRSS22"
"INTERSECT_DLD1_HCT15_SW48","73","ASCL4","0.015559999999999999","GTEx Coexpression,0.01556","KRT81,LY6G6C"
"INTERSECT_DLD1_HCT15_SW48","74","HIF3A","0.015670000000000000","Enrichr Queries,0.01567","AKAP12,TNXB,PRDM1,CLU,ATF3,DDR2"
"INTERSECT_DLD1_HCT15_SW48","75","TFAP2C","0.015970000000000002","ARCHS4 Coexpression,0.01597","GREB1,LY6G6C"
"INTERSECT_DLD1_HCT15_SW48","76","NR4A3","0.016180000000000000","GTEx Coexpression,0.01618","AKAP12,ATF3"
"INTERSECT_DLD1_HCT15_SW48","77","HIC1","0.016379999999999999","Enrichr Queries,0.01638","AKAP12,TNXB,PRDM1,DHRS3,ATF3,DDR2"
"INTERSECT_DLD1_HCT15_SW48","78","HIVEP3","0.016580000000000001","ARCHS4 Coexpression,0.01658","CD68,ATF3"
"INTERSECT_DLD1_HCT15_SW48","79","ZNF431","0.016799999999999999","GTEx Coexpression,0.0168","PRDM1,PRSS22"
"INTERSECT_DLD1_HCT15_SW48","80","ZNF318","0.016840000000000001","ReMap ChIP-seq,0.01684","LY6G6C,PRSS22,DHRS3,ATF3"
"INTERSECT_DLD1_HCT15_SW48","81","JUND","0.016950000000000000","ENCODE ChIP-seq,0.01695","GREB1,PRSS22,CLU"
"INTERSECT_DLD1_HCT15_SW48","82","FOXF1","0.017090000000000001","Enrichr Queries,0.01709","AKAP12,PRDM1,CLU,DHRS3,ATF3,DDR2"
"INTERSECT_DLD1_HCT15_SW48","83","EBF1","0.017200000000000000","ARCHS4 Coexpression,0.0172","TNXB,DDR2"
"INTERSECT_DLD1_HCT15_SW48","84","FOXI2","0.017420000000000001","GTEx Coexpression,0.01742","PRDM1,PRSS22"
"INTERSECT_DLD1_HCT15_SW48","85","SIM2","0.018050000000000000","GTEx Coexpression,0.01805","PRDM1,PRSS22"
"INTERSECT_DLD1_HCT15_SW48","86","IRF1","0.018290000000000001","Literature ChIP-seq,0.01829","AKAP12,ATF3"
"INTERSECT_DLD1_HCT15_SW48","87","EGR3","0.018429999999999998","ARCHS4 Coexpression,0.01843","CASS4,ATF3"
"INTERSECT_DLD1_HCT15_SW48","88","FOXO1","0.018519999999999998","Enrichr Queries,0.01852","AKAP12,PRDM1,CLU,DHRS3,ATF3,DDR2"
"INTERSECT_DLD1_HCT15_SW48","89","ARNTL2","0.018669999999999999","GTEx Coexpression,0.01867","PRDM1,PRSS22"
"INTERSECT_DLD1_HCT15_SW48","90","BATF3","0.019040000000000001","ARCHS4 Coexpression,0.01904","LAMP3,GREB1"
"INTERSECT_DLD1_HCT15_SW48","91","ZNF703","0.019230000000000001","Enrichr Queries,0.01923","AKAP12,PRDM1,CLU,DHRS3,ATF3,DDR2"
"INTERSECT_DLD1_HCT15_SW48","92","TBX6","0.019290000000000002","GTEx Coexpression,0.01929","PRDM1,PRSS22"
"INTERSECT_DLD1_HCT15_SW48","93","GRHL3","0.019660000000000000","ARCHS4 Coexpression,0.01966","LY6G6C,PRSS22"
"INTERSECT_DLD1_HCT15_SW48","94","OTX1","0.019910000000000001","GTEx Coexpression,0.01991","SLPI,LY6G6C"
"INTERSECT_DLD1_HCT15_SW48","95","STAT2","0.020199999999999999","ReMap ChIP-seq,0.0202","NLRP6,GREB1,CASS4,CD68"
"INTERSECT_DLD1_HCT15_SW48","96","HNF1B","0.020270000000000000","ARCHS4 Coexpression,0.02027","PRSS22,DHRS3"
"INTERSECT_DLD1_HCT15_SW48","97","TAL1","0.020539999999999999","GTEx Coexpression,0.02054","CASS4,CD68"
"INTERSECT_DLD1_HCT15_SW48","98","ETS2","0.020660000000000001","Enrichr Queries,0.02066","AKAP12,PRDM1,CLU,DHRS3,ATF3,DDR2"
"INTERSECT_DLD1_HCT15_SW48","99","BARX2","0.021160000000000002","GTEx Coexpression,0.02116","PRDM1,PRSS22"
"INTERSECT_DLD1_HCT15_SW48","100","GATA6","0.021370000000000000","Enrichr Queries,0.02137","AKAP12,PRDM1,CLU,DHRS3,ATF3,DDR2"
"INTERSECT_DLD1_HCT15_SW48","101","TBX15","0.021499999999999998","ARCHS4 Coexpression,0.0215","NEB,DDR2"
"INTERSECT_DLD1_HCT15_SW48","102","CSRNP1","0.021780000000000001","GTEx Coexpression,0.02178","CASS4,ATF3"
"INTERSECT_DLD1_HCT15_SW48","103","ZNF563","0.022079999999999999","Enrichr Queries,0.02208","AKAP12,LAMP3,CLU,DHRS3,ATF3,DDR2"
"INTERSECT_DLD1_HCT15_SW48","104","NFE2L2","0.022110000000000001","ARCHS4 Coexpression,0.02211","CD68,ATF3"
"INTERSECT_DLD1_HCT15_SW48","105","TCF23","0.022400000000000000","GTEx Coexpression,0.0224","GREB1"
"INTERSECT_DLD1_HCT15_SW48","106","SNAI1","0.022730000000000000","ARCHS4 Coexpression,0.02273","CD68,ATF3"
"INTERSECT_DLD1_HCT15_SW48","107","MSX1","0.022790000000000001","Enrichr Queries,0.02279","AKAP12,PRDM1,CLU,DHRS3,ATF3,DDR2"
"INTERSECT_DLD1_HCT15_SW48","108","OVOL1","0.023340000000000000","ARCHS4 Coexpression,0.02334","LY6G6C,PRSS22"
"INTERSECT_DLD1_HCT15_SW48","109","JDP2","0.023500000000000000","Enrichr Queries,0.0235","AKAP12,PRDM1,CLU,DHRS3,ATF3,DDR2"
"INTERSECT_DLD1_HCT15_SW48","110","MAFG","0.023570000000000001","ReMap ChIP-seq,0.02357","CASS4,PRDM1,CLU,ATF3"
"INTERSECT_DLD1_HCT15_SW48","111","TCF12","0.023650000000000001","GTEx Coexpression,0.02365","DDR2"
"INTERSECT_DLD1_HCT15_SW48","112","BATF","0.023959999999999999","ARCHS4 Coexpression,0.02396","PRDM1,CD68"
"INTERSECT_DLD1_HCT15_SW48","113","XPA","0.024219999999999998","Enrichr Queries,0.02422","AKAP12,NLRP6,PRDM1,CLU,ATF3,DDR2"
"INTERSECT_DLD1_HCT15_SW48","114","ZEB1","0.024270000000000000","GTEx Coexpression,0.02427","DDR2"
"INTERSECT_DLD1_HCT15_SW48","115","ARNT","0.024389999999999998","Literature ChIP-seq,0.02439","KRT81,CEACAM6,PRDM1,DDR2"
"INTERSECT_DLD1_HCT15_SW48","116","SIX1","0.024570000000000002","ARCHS4 Coexpression,0.02457","NEB,DDR2"
"INTERSECT_DLD1_HCT15_SW48","117","CREB3L4","0.024889999999999999","GTEx Coexpression,0.02489","GREB1"
"INTERSECT_DLD1_HCT15_SW48","118","ZNF284","0.024930000000000001","Enrichr Queries,0.02493","LAMP3,PRDM1,CLU,DHRS3,ATF3,DDR2"
"INTERSECT_DLD1_HCT15_SW48","119","ZNF761","0.025510000000000001","GTEx Coexpression,0.02551","GREB1"
"INTERSECT_DLD1_HCT15_SW48","120","AHR","0.025640000000000000","Enrichr Queries,0.02564","AKAP12,PRDM1,CLU,DHRS3,ATF3,DDR2"
"INTERSECT_DLD1_HCT15_SW48","121","TFCP2L1","0.025800000000000000","ARCHS4 Coexpression,0.0258","SLPI,PRSS22"
"INTERSECT_DLD1_HCT15_SW48","122","ZBTB43","0.026140000000000000","GTEx Coexpression,0.02614","NEB"
"INTERSECT_DLD1_HCT15_SW48","123","ETV4","0.026349999999999998","Enrichr Queries,0.02635","AKAP12,PRDM1,CLU,DHRS3,ATF3,DDR2"
"INTERSECT_DLD1_HCT15_SW48","124","ETV3","0.026409999999999999","ARCHS4 Coexpression,0.02641","LAMP3,CD68"
"INTERSECT_DLD1_HCT15_SW48","125","EGR1","0.026759999999999999","GTEx Coexpression,0.02676","ATF3"
"INTERSECT_DLD1_HCT15_SW48","126","ZNF274","0.027029999999999998","ARCHS4 Coexpression,0.02703","ATF3,DDR2"
"INTERSECT_DLD1_HCT15_SW48","127","HOXA5","0.027380000000000002","GTEx Coexpression,0.02738","DDR2"
"INTERSECT_DLD1_HCT15_SW48","128","VDR","0.027640000000000001","ARCHS4 Coexpression,0.02764","NLRP6,CD68"
"INTERSECT_DLD1_HCT15_SW48","129","ZNF846","0.027779999999999999","Enrichr Queries,0.02778","AKAP12,PRDM1,CLU,DHRS3,ATF3,DDR2"
"INTERSECT_DLD1_HCT15_SW48","130","TCF7L1","0.028000000000000001","GTEx Coexpression,0.028","TNXB"
"INTERSECT_DLD1_HCT15_SW48","131","ZNF385B","0.028260000000000000","ARCHS4 Coexpression,0.02826","TNXB,LAMP3"
"INTERSECT_DLD1_HCT15_SW48","132","NFYB","0.028620000000000000","GTEx Coexpression,0.02862","DDR2"
"INTERSECT_DLD1_HCT15_SW48","133","FOXC1","0.029200000000000000","Enrichr Queries,0.0292","AKAP12,PRDM1,CLU,DHRS3,ATF3,DDR2"
"INTERSECT_DLD1_HCT15_SW48","134","HOXC5","0.029870000000000001","GTEx Coexpression,0.02987","DDR2"
"INTERSECT_DLD1_HCT15_SW48","135","GATA2","0.029909999999999999","Enrichr Queries,0.02991","AKAP12,PRDM1,CLU,DHRS3,ATF3,DDR2"
"INTERSECT_DLD1_HCT15_SW48","136","BBX","0.030099999999999998","ARCHS4 Coexpression,0.0301","CD68"
"INTERSECT_DLD1_HCT15_SW48","137","ATF1","0.030300000000000001","ReMap ChIP-seq,0.0303","TNXB,CASS4,LY6G6C,CD68"
"INTERSECT_DLD1_HCT15_SW48","138","ZFHX4","0.030490000000000000","GTEx Coexpression,0.03049","DDR2"
"INTERSECT_DLD1_HCT15_SW48","139","MAFB","0.030630000000000001","Enrichr Queries,0.03063","PRDM1,CD68,CLU,DHRS3,ATF3,DDR2"
"INTERSECT_DLD1_HCT15_SW48","140","DBX2","0.030710000000000001","ARCHS4 Coexpression,0.03071","CLU"
"INTERSECT_DLD1_HCT15_SW48","141","JAZF1","0.031109999999999999","GTEx Coexpression,0.03111","DDR2"
"INTERSECT_DLD1_HCT15_SW48","142","CREB3L1","0.031329999999999997","ARCHS4 Coexpression,0.03133","DDR2"
"INTERSECT_DLD1_HCT15_SW48","143","IRF6","0.031340000000000000","Enrichr Queries,0.03134","AKAP12,SLPI,CLU,DHRS3,ATF3,DDR2"
"INTERSECT_DLD1_HCT15_SW48","144","HOXB13","0.031739999999999997","GTEx Coexpression,0.03174","GREB1"
"INTERSECT_DLD1_HCT15_SW48","145","SNAI2","0.031940000000000003","ARCHS4 Coexpression,0.03194","DDR2"
"INTERSECT_DLD1_HCT15_SW48","146","HHEX","0.032050000000000002","Enrichr Queries,0.03205","AKAP12,PRDM1,CLU,DHRS3,ATF3,DDR2"
"INTERSECT_DLD1_HCT15_SW48","147","NPAS1","0.032360000000000000","GTEx Coexpression,0.03236","LY6G6C"
"INTERSECT_DLD1_HCT15_SW48","148","NR2E1","0.032559999999999999","ARCHS4 Coexpression,0.03256","CLU"
"INTERSECT_DLD1_HCT15_SW48","149","NFE2L3","0.032759999999999997","Enrichr Queries,0.03276","AKAP12,LAMP3,PRDM1,CLU,ATF3,DDR2"
"INTERSECT_DLD1_HCT15_SW48","150","HOXA2","0.032980000000000002","GTEx Coexpression,0.03298","DDR2"
"INTERSECT_DLD1_HCT15_SW48","151","ZNF665","0.033599999999999998","GTEx Coexpression,0.0336","DDR2"
"INTERSECT_DLD1_HCT15_SW48","152","CUX1","0.033669999999999999","ReMap ChIP-seq,0.03367","GREB1,LY6G6C,CLU,DHRS3"
"INTERSECT_DLD1_HCT15_SW48","153","CXXC5","0.033779999999999998","ARCHS4 Coexpression,0.03378","CLU"
"INTERSECT_DLD1_HCT15_SW48","154","BCL11A","0.033900000000000000","ENCODE ChIP-seq,0.0339","LAMP3,PRDM1,CD68,ATF3,DDR2"
"INTERSECT_DLD1_HCT15_SW48","155","ZBTB8A","0.034229999999999997","GTEx Coexpression,0.03423","DDR2"
"INTERSECT_DLD1_HCT15_SW48","156","CREBL2","0.034400000000000000","ARCHS4 Coexpression,0.0344","CD68"
"INTERSECT_DLD1_HCT15_SW48","157","ZNF117","0.034849999999999999","GTEx Coexpression,0.03485","DDR2"
"INTERSECT_DLD1_HCT15_SW48","158","PPARG","0.034900000000000000","Enrichr Queries,0.0349","AKAP12,PRDM1,CLU,DHRS3,ATF3,DDR2"
"INTERSECT_DLD1_HCT15_SW48","159","HOXD12","0.035009999999999999","ARCHS4 Coexpression,0.03501","DDR2"
"INTERSECT_DLD1_HCT15_SW48","160","PHOX2A","0.035470000000000002","GTEx Coexpression,0.03547","DDR2"
"INTERSECT_DLD1_HCT15_SW48","161","FOSL2","0.035610000000000003","Enrichr Queries,0.03561","AKAP12,PRDM1,CLU,DHRS3,ATF3,DDR2"
"INTERSECT_DLD1_HCT15_SW48","162","ZNF438","0.035630000000000002","ARCHS4 Coexpression,0.03563","CD68"
"INTERSECT_DLD1_HCT15_SW48","163","ZBED3","0.036089999999999997","GTEx Coexpression,0.03609","DHRS3"
"INTERSECT_DLD1_HCT15_SW48","164","FOXC2","0.036240000000000001","ARCHS4 Coexpression,0.03624","DDR2"
"INTERSECT_DLD1_HCT15_SW48","165","SKIL","0.036319999999999998","Enrichr Queries,0.03632","AKAP12,PRDM1,CLU,DHRS3,ATF3,DDR2"
"INTERSECT_DLD1_HCT15_SW48","166","SMAD3","0.036589999999999998","Literature ChIP-seq,0.03659","GREB1,PRDM1,DHRS3,ATF3"
"INTERSECT_DLD1_HCT15_SW48","167","GLI2","0.036710000000000000","GTEx Coexpression,0.03671","DDR2"
"INTERSECT_DLD1_HCT15_SW48","168","TWIST2","0.036859999999999997","ARCHS4 Coexpression,0.03686","DDR2"
"INTERSECT_DLD1_HCT15_SW48","169","RFX1","0.037039999999999997","ReMap ChIP-seq,0.03704","TNXB,LY6G6C,PRSS22,CD68"
"INTERSECT_DLD1_HCT15_SW48","170","NR4A2","0.037039999999999997","Enrichr Queries,0.03704","AKAP12,PRDM1,CLU,DHRS3,ATF3,DDR2"
"INTERSECT_DLD1_HCT15_SW48","171","ZNF280A","0.037339999999999998","GTEx Coexpression,0.03734","DDR2"
"INTERSECT_DLD1_HCT15_SW48","172","TCF15","0.037749999999999999","Enrichr Queries,0.03775","AKAP12,TNXB,PRDM1,DHRS3,ATF3,DDR2"
"INTERSECT_DLD1_HCT15_SW48","173","MAFF","0.037960000000000001","GTEx Coexpression,0.03796","ATF3"
"INTERSECT_DLD1_HCT15_SW48","174","HOXD8","0.038080000000000003","ARCHS4 Coexpression,0.03808","DDR2"
"INTERSECT_DLD1_HCT15_SW48","175","ARX","0.038580000000000003","GTEx Coexpression,0.03858","GREB1"
"INTERSECT_DLD1_HCT15_SW48","176","TBX5","0.038699999999999998","ARCHS4 Coexpression,0.0387","DDR2"
"INTERSECT_DLD1_HCT15_SW48","177","ATF3","0.039170000000000003","Enrichr Queries,0.03917","AKAP12,PRDM1,CD68,CLU,DHRS3,DDR2"
"INTERSECT_DLD1_HCT15_SW48","178","RBPJ","0.039309999999999998","ARCHS4 Coexpression,0.03931","PRDM1"
"INTERSECT_DLD1_HCT15_SW48","179","TGIF1","0.039890000000000002","Enrichr Queries,0.03989","AKAP12,PRDM1,CLU,DHRS3,ATF3,DDR2"
"INTERSECT_DLD1_HCT15_SW48","180","SOX17","0.039930000000000000","ARCHS4 Coexpression,0.03993","SLPI"
"INTERSECT_DLD1_HCT15_SW48","181","RUNX2","0.040399999999999998","ReMap ChIP-seq,0.0404","KRT81,CASS4,PRDM1,DHRS3"
"INTERSECT_DLD1_HCT15_SW48","182","FOXL2","0.040450000000000000","GTEx Coexpression,0.04045","GREB1"
"INTERSECT_DLD1_HCT15_SW48","183","FOXL1","0.040540000000000000","ARCHS4 Coexpression,0.04054","DDR2"
"INTERSECT_DLD1_HCT15_SW48","184","ZNF385A","0.040599999999999997","Enrichr Queries,0.0406","PRDM1,CD68,CLU,DHRS3,ATF3,DDR2"
"INTERSECT_DLD1_HCT15_SW48","185","SOX4","0.041070000000000002","GTEx Coexpression,0.04107","GREB1"
"INTERSECT_DLD1_HCT15_SW48","186","PROX2","0.041309999999999999","Enrichr Queries,0.04131","NLRP6,GREB1,NEB,PRDM1,ATF3,DDR2"
"INTERSECT_DLD1_HCT15_SW48","187","NANOG","0.041689999999999998","GTEx Coexpression,0.04169","DDR2"
"INTERSECT_DLD1_HCT15_SW48","188","ZNF552","0.042020000000000002","Enrichr Queries,0.04202","LAMP3,GREB1,PRDM1,CLU,DHRS3,DDR2"
"INTERSECT_DLD1_HCT15_SW48","189","LHX8","0.042310000000000000","GTEx Coexpression,0.04231","SLPI"
"INTERSECT_DLD1_HCT15_SW48","190","TEAD4","0.042369999999999998","ENCODE ChIP-seq,0.04237","GREB1,PRSS22"
"INTERSECT_DLD1_HCT15_SW48","191","ZBED6","0.042380000000000001","ARCHS4 Coexpression,0.04238","ATF3"
"INTERSECT_DLD1_HCT15_SW48","192","ZFP42","0.042680000000000003","Literature ChIP-seq,0.04268","PRDM1,CD68,ATF3,DDR2"
"INTERSECT_DLD1_HCT15_SW48","193","TCF7","0.042740000000000000","Enrichr Queries,0.04274","AKAP12,PRDM1,CLU,DHRS3,ATF3,DDR2"
"INTERSECT_DLD1_HCT15_SW48","194","KLF7","0.042939999999999999","GTEx Coexpression,0.04294","DDR2"
"INTERSECT_DLD1_HCT15_SW48","195","ATOH8","0.042999999999999997","ARCHS4 Coexpression,0.043","DDR2"
"INTERSECT_DLD1_HCT15_SW48","196","NFE2","0.043450000000000003","Enrichr Queries,0.04345","SLPI,PRDM1,CLU,DHRS3,ATF3,DDR2"
"INTERSECT_DLD1_HCT15_SW48","197","SOX6","0.043560000000000001","GTEx Coexpression,0.04356","NEB"
"INTERSECT_DLD1_HCT15_SW48","198","ZNF469","0.043610000000000003","ARCHS4 Coexpression,0.04361","DDR2"
"INTERSECT_DLD1_HCT15_SW48","199","HBP1","0.043770000000000003","ReMap ChIP-seq,0.04377","GREB1,LY6G6C,CD68,DHRS3"
"INTERSECT_DLD1_HCT15_SW48","200","CEBPE","0.044159999999999998","Enrichr Queries,0.04416","SLPI,PRDM1,CLU,DHRS3,ATF3,DDR2"
"INTERSECT_DLD1_HCT15_SW48","201","NKX31","0.044179999999999997","GTEx Coexpression,0.04418","GREB1"
"INTERSECT_DLD1_HCT15_SW48","202","GRHL1","0.044229999999999998","ARCHS4 Coexpression,0.04423","LY6G6C"
"INTERSECT_DLD1_HCT15_SW48","203","FOXS1","0.044839999999999998","ARCHS4 Coexpression,0.04484","DDR2"
"INTERSECT_DLD1_HCT15_SW48","204","PGR","0.045429999999999998","GTEx Coexpression,0.04543","GREB1"
"INTERSECT_DLD1_HCT15_SW48","205","TWIST1","0.045449999999999997","ARCHS4 Coexpression,0.04545","DDR2"
"INTERSECT_DLD1_HCT15_SW48","206","ZNF705A","0.045580000000000002","Enrichr Queries,0.04558","TNXB,SLPI,CD68,ATF3,DDR2"
"INTERSECT_DLD1_HCT15_SW48","207","ZNF331","0.046050000000000001","GTEx Coexpression,0.04605","AKAP12"
"INTERSECT_DLD1_HCT15_SW48","208","TEAD1","0.046070000000000000","ARCHS4 Coexpression,0.04607","DDR2"
"INTERSECT_DLD1_HCT15_SW48","209","LHX9","0.046670000000000003","GTEx Coexpression,0.04667","GREB1"
"INTERSECT_DLD1_HCT15_SW48","210","ZFY","0.047010000000000003","Enrichr Queries,0.04701","LAMP3,PRDM1,CLU,ATF3,DDR2"
"INTERSECT_DLD1_HCT15_SW48","211","HNF4G","0.047140000000000001","ReMap ChIP-seq,0.04714","GREB1,LY6G6C,CLU,DHRS3"
"INTERSECT_DLD1_HCT15_SW48","212","SPDEF","0.047289999999999999","GTEx Coexpression,0.04729","SLPI"
"INTERSECT_DLD1_HCT15_SW48","213","PRRX2","0.047300000000000002","ARCHS4 Coexpression,0.0473","DDR2"
"INTERSECT_DLD1_HCT15_SW48","214","ZNF266","0.047719999999999999","Enrichr Queries,0.04772","CD68,CLU,DHRS3,ATF3,DDR2"
"INTERSECT_DLD1_HCT15_SW48","215","GLIS1","0.047910000000000001","ARCHS4 Coexpression,0.04791","DDR2"
"INTERSECT_DLD1_HCT15_SW48","216","ZNF57","0.048430000000000001","Enrichr Queries,0.04843","AKAP12,LAMP3,DHRS3,ATF3,DDR2"
"INTERSECT_DLD1_HCT15_SW48","217","CREB3L2","0.048529999999999997","ARCHS4 Coexpression,0.04853","DDR2"
"INTERSECT_DLD1_HCT15_SW48","218","GTF2IRD1","0.048540000000000000","GTEx Coexpression,0.04854","NEB"
"INTERSECT_DLD1_HCT15_SW48","219","SOX2","0.048779999999999997","Literature ChIP-seq,0.04878","AKAP12,KRT81,CEACAM6,PRDM1,DHRS3,ATF3"
"INTERSECT_DLD1_HCT15_SW48","220","HOXB7","0.049140000000000003","ARCHS4 Coexpression,0.04914","AKAP12"
"INTERSECT_DLD1_HCT15_SW48","221","ERG","0.049149999999999999","Enrichr Queries,0.04915","AKAP12,PRDM1,CLU,ATF3,DDR2"
"INTERSECT_DLD1_HCT15_SW48","222","TIGD3","0.049160000000000002","GTEx Coexpression,0.04916","NLRP6"
"INTERSECT_DLD1_HCT15_SW48","223","KLF10","0.049750000000000003","ARCHS4 Coexpression,0.04975","ATF3"
"INTERSECT_DLD1_HCT15_SW48","224","MEF2C","0.049779999999999998","GTEx Coexpression,0.04978","NEB"
"INTERSECT_DLD1_HCT15_SW48","225","FOXA2","0.049860000000000002","Enrichr Queries,0.04986","PRDM1,CLU,DHRS3,ATF3,DDR2"
"INTERSECT_DLD1_HCT15_SW48","226","MSX2","0.050400000000000000","GTEx Coexpression,0.0504","KRT81"
"INTERSECT_DLD1_HCT15_SW48","227","ZNF595","0.050569999999999997","Enrichr Queries,0.05057","LAMP3,PRDM1,DHRS3,ATF3,DDR2"
"INTERSECT_DLD1_HCT15_SW48","228","YBX3","0.051029999999999999","GTEx Coexpression,0.05103","NEB"
"INTERSECT_DLD1_HCT15_SW48","229","NR1H2","0.051600000000000000","ARCHS4 Coexpression,0.0516","CD68"
"INTERSECT_DLD1_HCT15_SW48","230","NR1H3","0.051650000000000001","GTEx Coexpression,0.05165","DHRS3"
"INTERSECT_DLD1_HCT15_SW48","231","NR0B1","0.051990000000000001","Enrichr Queries,0.05199","AKAP12,CLU,DHRS3,ATF3,DDR2"
"INTERSECT_DLD1_HCT15_SW48","232","TBX1","0.052269999999999997","GTEx Coexpression,0.05227","NEB"
"INTERSECT_DLD1_HCT15_SW48","233","HOXA4","0.052710000000000000","Enrichr Queries,0.05271","AKAP12,PRDM1,DHRS3,ATF3,DDR2"
"INTERSECT_DLD1_HCT15_SW48","234","ALX4","0.052830000000000002","ARCHS4 Coexpression,0.05283","DDR2"
"INTERSECT_DLD1_HCT15_SW48","235","IRX1","0.052890000000000000","GTEx Coexpression,0.05289","LY6G6C"
"INTERSECT_DLD1_HCT15_SW48","236","SMAD9","0.053420000000000002","Enrichr Queries,0.05342","AKAP12,CLU,DHRS3,ATF3,DDR2"
"INTERSECT_DLD1_HCT15_SW48","237","EEA1","0.053440000000000001","ARCHS4 Coexpression,0.05344","DDR2"
"INTERSECT_DLD1_HCT15_SW48","238","LTF","0.053519999999999998","GTEx Coexpression,0.05352","SLPI"
"INTERSECT_DLD1_HCT15_SW48","239","NR3C1","0.053870000000000001","ReMap ChIP-seq,0.05387","KRT81,PRDM1,CD68,DHRS3"
"INTERSECT_DLD1_HCT15_SW48","240","RXRA","0.054140000000000001","GTEx Coexpression,0.05414","LY6G6C"
"INTERSECT_DLD1_HCT15_SW48","241","FOXD1","0.054670000000000003","ARCHS4 Coexpression,0.05467","DDR2"
"INTERSECT_DLD1_HCT15_SW48","242","ZNF416","0.054760000000000003","GTEx Coexpression,0.05476","LY6G6C"
"INTERSECT_DLD1_HCT15_SW48","243","HIF1A","0.054879999999999998","Literature ChIP-seq,0.05488","AKAP12,PRDM1"
"INTERSECT_DLD1_HCT15_SW48","244","ZFP92","0.055280000000000003","ARCHS4 Coexpression,0.05528","LY6G6C"
"INTERSECT_DLD1_HCT15_SW48","245","ZIC1","0.055559999999999998","Enrichr Queries,0.05556","AKAP12,PRDM1,CLU,ATF3,DDR2"
"INTERSECT_DLD1_HCT15_SW48","246","ARID5B","0.055899999999999998","ARCHS4 Coexpression,0.0559","DDR2"
"INTERSECT_DLD1_HCT15_SW48","247","TP73","0.056000000000000001","GTEx Coexpression,0.056","LY6G6C"
"INTERSECT_DLD1_HCT15_SW48","248","TBX3","0.056509999999999998","ARCHS4 Coexpression,0.05651","DDR2"
"INTERSECT_DLD1_HCT15_SW48","249","USF3","0.056630000000000000","GTEx Coexpression,0.05663","NEB"
"INTERSECT_DLD1_HCT15_SW48","250","HOXA3","0.056980000000000003","Enrichr Queries,0.05698","AKAP12,PRDM1,DHRS3,ATF3,DDR2"
"INTERSECT_DLD1_HCT15_SW48","251","JUNB","0.057130000000000000","ARCHS4 Coexpression,0.05713","ATF3"
"INTERSECT_DLD1_HCT15_SW48","252","IRF4","0.057239999999999999","ReMap ChIP-seq,0.05724","GREB1,PRDM1,CD68,DDR2"
"INTERSECT_DLD1_HCT15_SW48","253","PBX1","0.057250000000000002","GTEx Coexpression,0.05725","DDR2"
"INTERSECT_DLD1_HCT15_SW48","254","GATA5","0.057740000000000000","ARCHS4 Coexpression,0.05774","NLRP6"
"INTERSECT_DLD1_HCT15_SW48","255","SOX18","0.057869999999999998","GTEx Coexpression,0.05787","TNXB"
"INTERSECT_DLD1_HCT15_SW48","256","ZNF468","0.058400000000000001","Enrichr Queries,0.0584","AKAP12,LAMP3,CLU,ATF3,DDR2"
"INTERSECT_DLD1_HCT15_SW48","257","KLF2","0.058490000000000000","GTEx Coexpression,0.05849","TNXB"
"INTERSECT_DLD1_HCT15_SW48","258","SP7","0.059119999999999999","GTEx Coexpression,0.05912","CLU"
"INTERSECT_DLD1_HCT15_SW48","259","HOXB3","0.059119999999999999","Enrichr Queries,0.05912","AKAP12,PRDM1,DHRS3,ATF3,DDR2"
"INTERSECT_DLD1_HCT15_SW48","260","MYRFL","0.059740000000000001","GTEx Coexpression,0.05974","NLRP6"
"INTERSECT_DLD1_HCT15_SW48","261","NFATC4","0.060199999999999997","ARCHS4 Coexpression,0.0602","DDR2"
"INTERSECT_DLD1_HCT15_SW48","262","GLI3","0.060359999999999997","GTEx Coexpression,0.06036","DDR2"
"INTERSECT_DLD1_HCT15_SW48","263","ZNF608","0.060539999999999997","Enrichr Queries,0.06054","AKAP12,PRDM1,DHRS3,ATF3,DDR2"
"INTERSECT_DLD1_HCT15_SW48","264","POU5F1","0.060979999999999999","Literature ChIP-seq,0.06098","AKAP12,LAMP3,LY6G6C,DHRS3,ATF3"
"INTERSECT_DLD1_HCT15_SW48","265","TBX10","0.060979999999999999","GTEx Coexpression,0.06098","NLRP6"
"INTERSECT_DLD1_HCT15_SW48","266","CREB5","0.061249999999999999","Enrichr Queries,0.06125","AKAP12,PRDM1,CLU,ATF3,DDR2"
"INTERSECT_DLD1_HCT15_SW48","267","ZBTB21","0.061609999999999998","GTEx Coexpression,0.06161","ATF3"
"INTERSECT_DLD1_HCT15_SW48","268","GATA4","0.061969999999999997","Enrichr Queries,0.06197","PRDM1,CLU,DHRS3,ATF3,DDR2"
"INTERSECT_DLD1_HCT15_SW48","269","MXD1","0.062039999999999998","ARCHS4 Coexpression,0.06204","NLRP6"
"INTERSECT_DLD1_HCT15_SW48","270","TLX2","0.062230000000000001","GTEx Coexpression,0.06223","DDR2"
"INTERSECT_DLD1_HCT15_SW48","271","ARNTL","0.062680000000000000","Enrichr Queries,0.06268","AKAP12,CLU,DHRS3,ATF3,DDR2"
"INTERSECT_DLD1_HCT15_SW48","272","ZFP64","0.062850000000000003","GTEx Coexpression,0.06285","LY6G6C"
"INTERSECT_DLD1_HCT15_SW48","273","ZFP57","0.063390000000000002","Enrichr Queries,0.06339","AKAP12,PRDM1,DHRS3,ATF3,DDR2"
"INTERSECT_DLD1_HCT15_SW48","274","MYF6","0.063469999999999999","GTEx Coexpression,0.06347","NEB"
"INTERSECT_DLD1_HCT15_SW48","275","ZZZ3","0.063969999999999999","ReMap ChIP-seq,0.06397","SLPI,DDR2"
"INTERSECT_DLD1_HCT15_SW48","276","ATF4","0.064089999999999994","GTEx Coexpression,0.06409","DDR2"
"INTERSECT_DLD1_HCT15_SW48","277","HLF","0.064100000000000004","Enrichr Queries,0.0641","AKAP12,CLU,DHRS3,ATF3,DDR2"
"INTERSECT_DLD1_HCT15_SW48","278","CEBPA","0.064500000000000002","ARCHS4 Coexpression,0.0645","CD68"
"INTERSECT_DLD1_HCT15_SW48","279","ZFP82","0.064810000000000006","Enrichr Queries,0.06481","AKAP12,PRDM1,DHRS3,ATF3,DDR2"
"INTERSECT_DLD1_HCT15_SW48","280","GSX2","0.065110000000000001","ARCHS4 Coexpression,0.06511","CLU"
"INTERSECT_DLD1_HCT15_SW48","281","ZNF160","0.065530000000000005","Enrichr Queries,0.06553","NLRP6,CLU,DHRS3,ATF3,DDR2"
"INTERSECT_DLD1_HCT15_SW48","282","TSC22D1","0.065720000000000001","ARCHS4 Coexpression,0.06572","CLU"
"INTERSECT_DLD1_HCT15_SW48","283","POU4F1","0.065960000000000005","GTEx Coexpression,0.06596","NEB"
"INTERSECT_DLD1_HCT15_SW48","284","HMGA2","0.066339999999999996","ARCHS4 Coexpression,0.06634","AKAP12"
"INTERSECT_DLD1_HCT15_SW48","285","ZNF503","0.066580000000000000","GTEx Coexpression,0.06658","DDR2"
"INTERSECT_DLD1_HCT15_SW48","286","BNC1","0.066949999999999996","Enrichr Queries,0.06695","AKAP12,SLPI,PRDM1,ATF3,DDR2"
"INTERSECT_DLD1_HCT15_SW48","287","NCOA3","0.066949999999999996","ARCHS4 Coexpression,0.06695","GREB1"
"INTERSECT_DLD1_HCT15_SW48","288","HSF1","0.067070000000000005","Literature ChIP-seq,0.06707","CLU,ATF3,DDR2"
"INTERSECT_DLD1_HCT15_SW48","289","FLI1","0.067210000000000006","GTEx Coexpression,0.06721","CD68"
"INTERSECT_DLD1_HCT15_SW48","290","SATB1","0.067339999999999997","ReMap ChIP-seq,0.06734","SLPI,LAMP3,PRSS22"
"INTERSECT_DLD1_HCT15_SW48","291","NR6A1","0.067659999999999998","Enrichr Queries,0.06766","AKAP12,PRDM1,DHRS3,ATF3,DDR2"
"INTERSECT_DLD1_HCT15_SW48","292","CEBPB","0.067799999999999999","ENCODE ChIP-seq,0.0678","SLPI,CEACAM6,GREB1,PRSS22"
"INTERSECT_DLD1_HCT15_SW48","293","EPAS1","0.068180000000000004","ARCHS4 Coexpression,0.06818","DDR2"
"INTERSECT_DLD1_HCT15_SW48","294","ZNF467","0.068379999999999996","Enrichr Queries,0.06838","CD68,CLU,DHRS3,ATF3,DDR2"
"INTERSECT_DLD1_HCT15_SW48","295","ASCL2","0.068449999999999997","GTEx Coexpression,0.06845","LY6G6C"
"INTERSECT_DLD1_HCT15_SW48","296","NFIB","0.069070000000000006","GTEx Coexpression,0.06907","TNXB"
"INTERSECT_DLD1_HCT15_SW48","297","NR1D2","0.069089999999999999","Enrichr Queries,0.06909","AKAP12,CLU,DHRS3,ATF3,DDR2"
"INTERSECT_DLD1_HCT15_SW48","298","PBX3","0.069699999999999998","GTEx Coexpression,0.0697","DDR2"
"INTERSECT_DLD1_HCT15_SW48","299","GATA3","0.070510000000000003","Enrichr Queries,0.07051","PRDM1,CLU,DHRS3,ATF3,DDR2"
"INTERSECT_DLD1_HCT15_SW48","300","ZNF267","0.070639999999999994","ARCHS4 Coexpression,0.07064","CD68"
"INTERSECT_DLD1_HCT15_SW48","301","CEBPG","0.070709999999999995","ReMap ChIP-seq,0.07071","SLPI,CASS4,ATF3"
"INTERSECT_DLD1_HCT15_SW48","302","VAX2","0.071249999999999994","ARCHS4 Coexpression,0.07125","SLPI"
"INTERSECT_DLD1_HCT15_SW48","303","EBF3","0.071559999999999999","GTEx Coexpression,0.07156","TNXB"
"INTERSECT_DLD1_HCT15_SW48","304","ZBTB20","0.071940000000000004","Enrichr Queries,0.07194","AKAP12,CLU,DHRS3,ATF3,DDR2"
"INTERSECT_DLD1_HCT15_SW48","305","MYF5","0.072179999999999994","GTEx Coexpression,0.07218","NEB"
"INTERSECT_DLD1_HCT15_SW48","306","SP6","0.072480000000000003","ARCHS4 Coexpression,0.07248","LY6G6C"
"INTERSECT_DLD1_HCT15_SW48","307","FOXA1","0.072650000000000006","Enrichr Queries,0.07265","PRDM1,CLU,DHRS3,ATF3,DDR2"
"INTERSECT_DLD1_HCT15_SW48","308","EBF2","0.072810000000000000","GTEx Coexpression,0.07281","TNXB"
"INTERSECT_DLD1_HCT15_SW48","309","DDIT3","0.073099999999999998","ARCHS4 Coexpression,0.0731","ATF3"
"INTERSECT_DLD1_HCT15_SW48","310","STAT3","0.073169999999999999","Literature ChIP-seq,0.07317","PRDM1,DHRS3,ATF3"
"INTERSECT_DLD1_HCT15_SW48","311","NR2F1","0.073359999999999995","Enrichr Queries,0.07336","AKAP12,CLU,DHRS3,ATF3,DDR2"
"INTERSECT_DLD1_HCT15_SW48","312","HSFY1","0.073429999999999995","GTEx Coexpression,0.07343","PRSS22"
"INTERSECT_DLD1_HCT15_SW48","313","HOXA10","0.073709999999999998","ARCHS4 Coexpression,0.07371","NEB"
"INTERSECT_DLD1_HCT15_SW48","314","NKX26","0.074050000000000005","GTEx Coexpression,0.07405","SLPI"
"INTERSECT_DLD1_HCT15_SW48","315","SMAD4","0.074069999999999997","ReMap ChIP-seq,0.07407","GREB1,PRDM1,DHRS3"
"INTERSECT_DLD1_HCT15_SW48","316","THAP12","0.074319999999999997","ARCHS4 Coexpression,0.07432","CASS4"
"INTERSECT_DLD1_HCT15_SW48","317","LBX1","0.074670000000000000","GTEx Coexpression,0.07467","NEB"
"INTERSECT_DLD1_HCT15_SW48","318","ELF5","0.075499999999999998","Enrichr Queries,0.0755","AKAP12,SLPI,PRDM1,ATF3,DDR2"
"INTERSECT_DLD1_HCT15_SW48","319","HAND2","0.075920000000000001","GTEx Coexpression,0.07592","DDR2"
"INTERSECT_DLD1_HCT15_SW48","320","ATF7","0.076170000000000002","ARCHS4 Coexpression,0.07617","CLU"
"INTERSECT_DLD1_HCT15_SW48","321","HOXA1","0.076210000000000000","Enrichr Queries,0.07621","AKAP12,PRDM1,DHRS3,ATF3,DDR2"
"INTERSECT_DLD1_HCT15_SW48","322","ZNF792","0.076539999999999997","GTEx Coexpression,0.07654","CD68"
"INTERSECT_DLD1_HCT15_SW48","323","TCF4","0.077160000000000006","GTEx Coexpression,0.07716","TNXB"
"INTERSECT_DLD1_HCT15_SW48","324","ZBTB44","0.077399999999999997","ARCHS4 Coexpression,0.0774","NEB"
"INTERSECT_DLD1_HCT15_SW48","325","ZNF83","0.077439999999999995","ReMap ChIP-seq,0.07744","CASS4,ATF3,DDR2"
"INTERSECT_DLD1_HCT15_SW48","326","ZNF354C","0.078409999999999994","GTEx Coexpression,0.07841","DDR2"
"INTERSECT_DLD1_HCT15_SW48","327","ZNF487","0.078619999999999995","ARCHS4 Coexpression,0.07862","PRDM1"
"INTERSECT_DLD1_HCT15_SW48","328","SIX4","0.079030000000000003","GTEx Coexpression,0.07903","NEB"
"INTERSECT_DLD1_HCT15_SW48","329","ZNF443","0.079060000000000005","Enrichr Queries,0.07906","AKAP12,CD68,CLU,ATF3,DDR2"
"INTERSECT_DLD1_HCT15_SW48","330","SOX9","0.079240000000000005","ARCHS4 Coexpression,0.07924","CLU"
"INTERSECT_DLD1_HCT15_SW48","331","MYOD1","0.079649999999999999","GTEx Coexpression,0.07965","NEB"
"INTERSECT_DLD1_HCT15_SW48","332","KLF8","0.079769999999999994","Enrichr Queries,0.07977","AKAP12,PRDM1,CLU,ATF3,DDR2"
"INTERSECT_DLD1_HCT15_SW48","333","HOXD9","0.079850000000000004","ARCHS4 Coexpression,0.07985","DDR2"
"INTERSECT_DLD1_HCT15_SW48","334","BCL6B","0.080269999999999994","GTEx Coexpression,0.08027","TNXB"
"INTERSECT_DLD1_HCT15_SW48","335","SHOX2","0.080470000000000000","ARCHS4 Coexpression,0.08047","DDR2"
"INTERSECT_DLD1_HCT15_SW48","336","TEF","0.080479999999999996","Enrichr Queries,0.08048","AKAP12,CLU,DHRS3,ATF3,DDR2"
"INTERSECT_DLD1_HCT15_SW48","337","ADNP","0.080810000000000007","ReMap ChIP-seq,0.08081","CASS4,CLU,DHRS3"
"INTERSECT_DLD1_HCT15_SW48","338","LIN54","0.080900000000000000","GTEx Coexpression,0.0809","PRDM1"
"INTERSECT_DLD1_HCT15_SW48","339","SOX7","0.081199999999999994","Enrichr Queries,0.0812","AKAP12,TNXB,PRDM1,ATF3,DDR2"
"INTERSECT_DLD1_HCT15_SW48","340","ZBTB38","0.081699999999999995","ARCHS4 Coexpression,0.0817","DDR2"
"INTERSECT_DLD1_HCT15_SW48","341","FOXN1","0.081909999999999997","Enrichr Queries,0.08191","AKAP12,PRDM1,LY6G6C,ATF3,DDR2"
"INTERSECT_DLD1_HCT15_SW48","342","PAX7","0.082760000000000000","GTEx Coexpression,0.08276","NEB"
"INTERSECT_DLD1_HCT15_SW48","343","SNAI3","0.082919999999999994","ARCHS4 Coexpression,0.08292","CD68"
"INTERSECT_DLD1_HCT15_SW48","344","SMAD1","0.083330000000000001","Enrichr Queries,0.08333","AKAP12,PRDM1,CLU,ATF3,DDR2"
"INTERSECT_DLD1_HCT15_SW48","345","ZNF774","0.083390000000000006","GTEx Coexpression,0.08339","NEB"
"INTERSECT_DLD1_HCT15_SW48","346","ZNF79","0.084150000000000003","ARCHS4 Coexpression,0.08415","PRDM1"
"INTERSECT_DLD1_HCT15_SW48","347","HSF5","0.084760000000000002","Enrichr Queries,0.08476","AKAP12,NLRP6,PRDM1,ATF3,DDR2"
"INTERSECT_DLD1_HCT15_SW48","348","MEF2D","0.085250000000000006","GTEx Coexpression,0.08525","NEB"
"INTERSECT_DLD1_HCT15_SW48","349","RARG","0.085370000000000001","Literature ChIP-seq,0.08537","PRSS22,DHRS3"
"INTERSECT_DLD1_HCT15_SW48","350","MLXIPL","0.085470000000000004","Enrichr Queries,0.08547","AKAP12,CLU,DHRS3,ATF3,DDR2"
"INTERSECT_DLD1_HCT15_SW48","351","NFATC1","0.086180000000000007","Enrichr Queries,0.08618","PRDM1,CLU,DHRS3,ATF3,DDR2"
"INTERSECT_DLD1_HCT15_SW48","352","PITX3","0.086610000000000006","ARCHS4 Coexpression,0.08661","NEB"
"INTERSECT_DLD1_HCT15_SW48","353","ZSCAN5A","0.086889999999999995","Enrichr Queries,0.08689","AKAP12,LAMP3,PRDM1,ATF3,DDR2"
"INTERSECT_DLD1_HCT15_SW48","354","MAFA","0.087120000000000003","GTEx Coexpression,0.08712","NEB"
"INTERSECT_DLD1_HCT15_SW48","355","RFX4","0.087220000000000006","ARCHS4 Coexpression,0.08722","CLU"
"INTERSECT_DLD1_HCT15_SW48","356","MBD3","0.087540000000000007","ReMap ChIP-seq,0.08754","KRT81,GREB1,DHRS3"
"INTERSECT_DLD1_HCT15_SW48","357","KLF15","0.087609999999999993","Enrichr Queries,0.08761","AKAP12,CLU,DHRS3,ATF3,DDR2"
"INTERSECT_DLD1_HCT15_SW48","358","PHOX2B","0.088359999999999994","GTEx Coexpression,0.08836","DDR2"
"INTERSECT_DLD1_HCT15_SW48","359","TRERF1","0.088990000000000000","GTEx Coexpression,0.08899","PRDM1"
"INTERSECT_DLD1_HCT15_SW48","360","KLF6","0.089029999999999998","Enrichr Queries,0.08903","AKAP12,PRDM1,CLU,ATF3,DDR2"
"INTERSECT_DLD1_HCT15_SW48","361","ZNF705B","0.089069999999999996","ARCHS4 Coexpression,0.08907","ATF3"
"INTERSECT_DLD1_HCT15_SW48","362","ZNF449","0.089609999999999995","GTEx Coexpression,0.08961","DDR2"
"INTERSECT_DLD1_HCT15_SW48","363","LMX1B","0.089679999999999996","ARCHS4 Coexpression,0.08968","GREB1"
"INTERSECT_DLD1_HCT15_SW48","364","ZNF474","0.090289999999999995","ARCHS4 Coexpression,0.09029","SLPI"
"INTERSECT_DLD1_HCT15_SW48","365","TSHZ1","0.090459999999999999","Enrichr Queries,0.09046","AKAP12,PRDM1,DHRS3,ATF3,DDR2"
"INTERSECT_DLD1_HCT15_SW48","366","HAND1","0.090850000000000000","GTEx Coexpression,0.09085","DDR2"
"INTERSECT_DLD1_HCT15_SW48","367","KLF4","0.090910000000000005","ARCHS4 Coexpression,0.09091","ATF3"
"INTERSECT_DLD1_HCT15_SW48","368","CBX2","0.090910000000000005","ReMap ChIP-seq,0.09091","AKAP12,GREB1,ATF3"
"INTERSECT_DLD1_HCT15_SW48","369","BATF2","0.091520000000000004","ARCHS4 Coexpression,0.09152","CD68"
"INTERSECT_DLD1_HCT15_SW48","370","ZNF23","0.091880000000000003","Enrichr Queries,0.09188","AKAP12,CLU,DHRS3,ATF3,DDR2"
"INTERSECT_DLD1_HCT15_SW48","371","RFX8","0.092140000000000000","ARCHS4 Coexpression,0.09214","DDR2"
"INTERSECT_DLD1_HCT15_SW48","372","TP63","0.092590000000000006","Enrichr Queries,0.09259","SLPI,PRDM1,CLU,ATF3,DDR2"
"INTERSECT_DLD1_HCT15_SW48","373","FOXJ1","0.093299999999999994","Enrichr Queries,0.0933","AKAP12,CLU,DHRS3,ATF3,DDR2"
"INTERSECT_DLD1_HCT15_SW48","374","OVOL2","0.093369999999999995","ARCHS4 Coexpression,0.09337","KRT81"
"INTERSECT_DLD1_HCT15_SW48","375","TFAP2A","0.093960000000000002","GTEx Coexpression,0.09396","LY6G6C"
"INTERSECT_DLD1_HCT15_SW48","376","ZNF783","0.094020000000000006","Enrichr Queries,0.09402","AKAP12,NLRP6,DHRS3,ATF3,DDR2"
"INTERSECT_DLD1_HCT15_SW48","377","SP8","0.094589999999999994","GTEx Coexpression,0.09459","LY6G6C"
"INTERSECT_DLD1_HCT15_SW48","378","ZNF273","0.095210000000000003","GTEx Coexpression,0.09521","LY6G6C"
"INTERSECT_DLD1_HCT15_SW48","379","HES7","0.095439999999999997","Enrichr Queries,0.09544","PRDM1,CLU,DHRS3,ATF3,DDR2"
"INTERSECT_DLD1_HCT15_SW48","380","ZBTB42","0.095820000000000002","ARCHS4 Coexpression,0.09582","GREB1"
"INTERSECT_DLD1_HCT15_SW48","381","ZNF750","0.095829999999999999","GTEx Coexpression,0.09583","LY6G6C"
"INTERSECT_DLD1_HCT15_SW48","382","ZBTB16","0.096439999999999998","ARCHS4 Coexpression,0.09644","NEB"
"INTERSECT_DLD1_HCT15_SW48","383","HEY2","0.096869999999999998","Enrichr Queries,0.09687","AKAP12,PRDM1,DHRS3,ATF3,DDR2"
"INTERSECT_DLD1_HCT15_SW48","384","CREB3L3","0.097049999999999997","ARCHS4 Coexpression,0.09705","NLRP6"
"INTERSECT_DLD1_HCT15_SW48","385","TP53","0.097559999999999994","Literature ChIP-seq,0.09756","PRDM1,ATF3"
"INTERSECT_DLD1_HCT15_SW48","386","CDX1","0.097580000000000000","Enrichr Queries,0.09758","AKAP12,NLRP6,PRDM1,ATF3,DDR2"
"INTERSECT_DLD1_HCT15_SW48","387","ATOH1","0.097670000000000007","ARCHS4 Coexpression,0.09767","NLRP6"
"INTERSECT_DLD1_HCT15_SW48","388","ASCL5","0.097699999999999995","GTEx Coexpression,0.0977","NEB"
"INTERSECT_DLD1_HCT15_SW48","389","GLMP","0.098280000000000006","ARCHS4 Coexpression,0.09828","CD68"
"INTERSECT_DLD1_HCT15_SW48","390","HLX","0.098290000000000002","Enrichr Queries,0.09829","AKAP12,PRDM1,DHRS3,ATF3,DDR2"
"INTERSECT_DLD1_HCT15_SW48","391","IRX2","0.098940000000000000","GTEx Coexpression,0.09894","LY6G6C"
"INTERSECT_DLD1_HCT15_SW48","392","GRHL2","0.099510000000000001","ARCHS4 Coexpression,0.09951","GREB1"
"INTERSECT_DLD1_HCT15_SW48","393","POU2F3","0.099559999999999996","GTEx Coexpression,0.09956","LY6G6C"
"INTERSECT_DLD1_HCT15_SW48","394","BCL6","0.099720000000000003","Enrichr Queries,0.09972","PRDM1,CLU,DHRS3,ATF3,DDR2"
"INTERSECT_DLD1_HCT15_SW48","395","ETV5","0.100400000000000003","Enrichr Queries,0.1004","AKAP12,PRDM1,DHRS3,ATF3,DDR2"
"INTERSECT_DLD1_HCT15_SW48","396","HOXC6","0.100699999999999998","ARCHS4 Coexpression,0.1007","DDR2"
"INTERSECT_DLD1_HCT15_SW48","397","E2F7","0.101000000000000006","ReMap ChIP-seq,0.101","CASS4,CD68,DHRS3"
"INTERSECT_DLD1_HCT15_SW48","398","ZNF697","0.101099999999999995","Enrichr Queries,0.1011","AKAP12,PRDM1,CLU,ATF3,DDR2"
"INTERSECT_DLD1_HCT15_SW48","399","IKZF1","0.101699999999999999","ENCODE ChIP-seq,0.1017","LAMP3,PRDM1,CD68,ATF3,DDR2"
"INTERSECT_DLD1_HCT15_SW48","400","ETV3L","0.101999999999999993","ARCHS4 Coexpression,0.102","CD68"
"INTERSECT_DLD1_HCT15_SW48","401","ZNF41","0.102599999999999997","ARCHS4 Coexpression,0.1026","NEB"
"INTERSECT_DLD1_HCT15_SW48","402","SRY","0.102700000000000000","GTEx Coexpression,0.1027","LY6G6C"
"INTERSECT_DLD1_HCT15_SW48","403","NFKB2","0.103300000000000003","Enrichr Queries,0.1033","PRDM1,CD68,CLU,ATF3,DDR2"
"INTERSECT_DLD1_HCT15_SW48","404","GLI1","0.103700000000000001","Literature ChIP-seq,0.1037","LAMP3"
"INTERSECT_DLD1_HCT15_SW48","405","HMBOX1","0.104400000000000007","ReMap ChIP-seq,0.1044","CASS4,LY6G6C,DHRS3"
"INTERSECT_DLD1_HCT15_SW48","406","XBP1","0.104400000000000007","ARCHS4 Coexpression,0.1044","GREB1"
"INTERSECT_DLD1_HCT15_SW48","407","RELB","0.104999999999999996","ARCHS4 Coexpression,0.105","CD68"
"INTERSECT_DLD1_HCT15_SW48","408","MYC","0.105200000000000002","GTEx Coexpression,0.1052","LY6G6C"
"INTERSECT_DLD1_HCT15_SW48","409","IRX4","0.105800000000000005","GTEx Coexpression,0.1058","LY6G6C"
"INTERSECT_DLD1_HCT15_SW48","410","GBX1","0.106300000000000006","ARCHS4 Coexpression,0.1063","NEB"
"INTERSECT_DLD1_HCT15_SW48","411","FOXI3","0.106399999999999995","GTEx Coexpression,0.1064","LY6G6C"
"INTERSECT_DLD1_HCT15_SW48","412","DPF3","0.106899999999999995","ARCHS4 Coexpression,0.1069","NEB"
"INTERSECT_DLD1_HCT15_SW48","413","BCL11B","0.106999999999999998","GTEx Coexpression,0.107","LY6G6C"
"INTERSECT_DLD1_HCT15_SW48","414","SMAD5","0.107700000000000004","ReMap ChIP-seq,0.1077","LY6G6C,CD68,DHRS3"
"INTERSECT_DLD1_HCT15_SW48","415","RARA","0.108100000000000002","ARCHS4 Coexpression,0.1081","NLRP6"
"INTERSECT_DLD1_HCT15_SW48","416","DMRTA1","0.108299999999999993","Enrichr Queries,0.1083","GREB1,PRDM1,DHRS3,ATF3,DDR2"
"INTERSECT_DLD1_HCT15_SW48","417","NKX32","0.108899999999999997","GTEx Coexpression,0.1089","DDR2"
"INTERSECT_DLD1_HCT15_SW48","418","HOXC11","0.109500000000000000","GTEx Coexpression,0.1095","LY6G6C"
"INTERSECT_DLD1_HCT15_SW48","419","ELK1","0.109799999999999995","Literature ChIP-seq,0.1098","KRT81,TNXB,PRSS22"
"INTERSECT_DLD1_HCT15_SW48","420","FOXP2","0.110100000000000003","GTEx Coexpression,0.1101","DDR2"
"INTERSECT_DLD1_HCT15_SW48","421","ZNF175","0.110399999999999998","Enrichr Queries,0.1104","AKAP12,PRDM1,CLU,ATF3,DDR2"
"INTERSECT_DLD1_HCT15_SW48","422","DOT1L","0.110600000000000004","ARCHS4 Coexpression,0.1106","CD68"
"INTERSECT_DLD1_HCT15_SW48","423","PAX5","0.111100000000000004","Enrichr Queries,0.1111","AKAP12,NLRP6,PRDM1,ATF3,DDR2"
"INTERSECT_DLD1_HCT15_SW48","424","MTF1","0.111199999999999993","ARCHS4 Coexpression,0.1112","CD68"
"INTERSECT_DLD1_HCT15_SW48","425","FOXN3","0.111799999999999997","ARCHS4 Coexpression,0.1118","NEB"
"INTERSECT_DLD1_HCT15_SW48","426","ZFP3","0.111799999999999997","Enrichr Queries,0.1118","PRDM1,CLU,DHRS3,ATF3,DDR2"
"INTERSECT_DLD1_HCT15_SW48","427","ZNF786","0.112000000000000002","GTEx Coexpression,0.112","LY6G6C"
"INTERSECT_DLD1_HCT15_SW48","428","DLX2","0.113199999999999995","Enrichr Queries,0.1132","AKAP12,PRDM1,DHRS3,ATF3,DDR2"
"INTERSECT_DLD1_HCT15_SW48","429","CASZ1","0.113900000000000001","GTEx Coexpression,0.1139","LY6G6C"
"INTERSECT_DLD1_HCT15_SW48","430","HEYL","0.114299999999999999","ARCHS4 Coexpression,0.1143","DDR2"
"INTERSECT_DLD1_HCT15_SW48","431","PROX1","0.114500000000000005","ReMap ChIP-seq,0.1145","KRT81,PRDM1,CLU"
"INTERSECT_DLD1_HCT15_SW48","432","RORA","0.114500000000000005","GTEx Coexpression,0.1145","LY6G6C"
"INTERSECT_DLD1_HCT15_SW48","433","SOHLH2","0.114699999999999996","Enrichr Queries,0.1147","NEB,PRDM1,CLU,ATF3,DDR2"
"INTERSECT_DLD1_HCT15_SW48","434","IRX5","0.114900000000000002","ARCHS4 Coexpression,0.1149","GREB1"
"INTERSECT_DLD1_HCT15_SW48","435","ZNF212","0.115099999999999994","GTEx Coexpression,0.1151","PRDM1"
"INTERSECT_DLD1_HCT15_SW48","436","ETV1","0.115400000000000003","Enrichr Queries,0.1154","AKAP12,PRDM1,CLU,ATF3,DDR2"
"INTERSECT_DLD1_HCT15_SW48","437","HOXC10","0.115699999999999997","GTEx Coexpression,0.1157","NEB"
"INTERSECT_DLD1_HCT15_SW48","438","AR","0.115900000000000003","Literature ChIP-seq,0.1159","AKAP12,KRT81,CEACAM6,GREB1,NEB,DHRS3,ATF3"
"INTERSECT_DLD1_HCT15_SW48","439","RFX6","0.116099999999999995","ARCHS4 Coexpression,0.1161","CLU"
"INTERSECT_DLD1_HCT15_SW48","440","ZNF114","0.116099999999999995","Enrichr Queries,0.1161","AKAP12,GREB1,CLU,DHRS3,ATF3"
"INTERSECT_DLD1_HCT15_SW48","441","TBPL2","0.116400000000000003","GTEx Coexpression,0.1164","LY6G6C"
"INTERSECT_DLD1_HCT15_SW48","442","KDM2B","0.117000000000000007","GTEx Coexpression,0.117","LY6G6C"
"INTERSECT_DLD1_HCT15_SW48","443","MYNN","0.117800000000000002","ReMap ChIP-seq,0.1178","NLRP6,LY6G6C,DHRS3"
"INTERSECT_DLD1_HCT15_SW48","444","MEF2A","0.118599999999999997","ENCODE ChIP-seq,0.1186","LAMP3,CD68,ATF3"
"INTERSECT_DLD1_HCT15_SW48","445","SOX21","0.118900000000000006","GTEx Coexpression,0.1189","LY6G6C"
"INTERSECT_DLD1_HCT15_SW48","446","RFX2","0.119700000000000001","Enrichr Queries,0.1197","AKAP12,PRDM1,CLU,ATF3,DDR2"
"INTERSECT_DLD1_HCT15_SW48","447","ZNF652","0.120700000000000002","GTEx Coexpression,0.1207","LY6G6C"
"INTERSECT_DLD1_HCT15_SW48","448","ARID3B","0.120999999999999996","ARCHS4 Coexpression,0.121","DDR2"
"INTERSECT_DLD1_HCT15_SW48","449","HOXB4","0.121099999999999999","Enrichr Queries,0.1211","AKAP12,PRDM1,DHRS3,ATF3,DDR2"
"INTERSECT_DLD1_HCT15_SW48","450","NCOA1","0.121200000000000002","ReMap ChIP-seq,0.1212","KRT81,CASS4,PRSS22"
"INTERSECT_DLD1_HCT15_SW48","451","SPI1","0.121600000000000000","ARCHS4 Coexpression,0.1216","CD68"
"INTERSECT_DLD1_HCT15_SW48","452","BACH2","0.121999999999999997","GTEx Coexpression,0.122","NEB"
"INTERSECT_DLD1_HCT15_SW48","453","EGR4","0.122200000000000003","ARCHS4 Coexpression,0.1222","CLU"
"INTERSECT_DLD1_HCT15_SW48","454","PRDM1","0.122600000000000001","GTEx Coexpression,0.1226","PRSS22"
"INTERSECT_DLD1_HCT15_SW48","455","ZBTB22","0.123799999999999993","GTEx Coexpression,0.1238","LY6G6C"
"INTERSECT_DLD1_HCT15_SW48","456","MEIS3","0.123899999999999996","Enrichr Queries,0.1239","AKAP12,CLU,DHRS3,ATF3,DDR2"
"INTERSECT_DLD1_HCT15_SW48","457","BHLHE40","0.124100000000000002","ARCHS4 Coexpression,0.1241","ATF3"
"INTERSECT_DLD1_HCT15_SW48","458","ZNF165","0.124600000000000002","Enrichr Queries,0.1246","AKAP12,SLPI,LAMP3,ATF3,DDR2"
"INTERSECT_DLD1_HCT15_SW48","459","ZNF217","0.124700000000000005","ARCHS4 Coexpression,0.1247","GREB1"
"INTERSECT_DLD1_HCT15_SW48","460","HOXA6","0.125099999999999989","GTEx Coexpression,0.1251","DDR2"
"INTERSECT_DLD1_HCT15_SW48","461","MLX","0.125299999999999995","ARCHS4 Coexpression,0.1253","CD68"
"INTERSECT_DLD1_HCT15_SW48","462","POU6F1","0.125400000000000011","Enrichr Queries,0.1254","AKAP12,CLU,DHRS3,ATF3,DDR2"
"INTERSECT_DLD1_HCT15_SW48","463","MYCL","0.126299999999999996","GTEx Coexpression,0.1263","LY6G6C"
"INTERSECT_DLD1_HCT15_SW48","464","IRF8","0.126500000000000001","ARCHS4 Coexpression,0.1265","CD68"
"INTERSECT_DLD1_HCT15_SW48","465","FOXJ3","0.126900000000000013","GTEx Coexpression,0.1269","NEB"
"INTERSECT_DLD1_HCT15_SW48","466","ZKSCAN1","0.127099999999999991","ENCODE ChIP-seq,0.1271","KRT81,CASS4,CD68"
"INTERSECT_DLD1_HCT15_SW48","467","TBX2","0.127099999999999991","ARCHS4 Coexpression,0.1271","GREB1"
"INTERSECT_DLD1_HCT15_SW48","468","IRX3","0.127500000000000002","Enrichr Queries,0.1275","AKAP12,CLU,DHRS3,ATF3,DDR2"
"INTERSECT_DLD1_HCT15_SW48","469","CDX2","0.127799999999999997","ARCHS4 Coexpression,0.1278","NLRP6"
"INTERSECT_DLD1_HCT15_SW48","470","SALL4","0.128000000000000003","Literature ChIP-seq,0.128","AKAP12,PRDM1,DHRS3"
"INTERSECT_DLD1_HCT15_SW48","471","ZBTB7B","0.128200000000000008","GTEx Coexpression,0.1282","LY6G6C"
"INTERSECT_DLD1_HCT15_SW48","472","ZNF366","0.128399999999999986","ARCHS4 Coexpression,0.1284","CD68"
"INTERSECT_DLD1_HCT15_SW48","473","SIM1","0.129000000000000004","ARCHS4 Coexpression,0.129","NEB"
"INTERSECT_DLD1_HCT15_SW48","474","MYOG","0.129399999999999987","GTEx Coexpression,0.1294","NEB"
"INTERSECT_DLD1_HCT15_SW48","475","STAT5A","0.129599999999999993","ARCHS4 Coexpression,0.1296","CD68"
"INTERSECT_DLD1_HCT15_SW48","476","RORC","0.129599999999999993","Enrichr Queries,0.1296","PRDM1,CLU,DHRS3,ATF3,DDR2"
"INTERSECT_DLD1_HCT15_SW48","477","KLF3","0.130099999999999993","GTEx Coexpression,0.1301","LY6G6C"
"INTERSECT_DLD1_HCT15_SW48","478","STAT6","0.130299999999999999","Enrichr Queries,0.1303","CD68,CLU,DHRS3,ATF3,DDR2"
"INTERSECT_DLD1_HCT15_SW48","479","MSC","0.130800000000000000","ARCHS4 Coexpression,0.1308","CD68"
"INTERSECT_DLD1_HCT15_SW48","480","ZNF671","0.131099999999999994","Enrichr Queries,0.1311","AKAP12,LAMP3,PRDM1,ATF3,DDR2"
"INTERSECT_DLD1_HCT15_SW48","481","SP5","0.131300000000000000","GTEx Coexpression,0.1313","LY6G6C"
"INTERSECT_DLD1_HCT15_SW48","482","ETV6","0.131300000000000000","ReMap ChIP-seq,0.1313","CASS4,LY6G6C,PRSS22"
"INTERSECT_DLD1_HCT15_SW48","483","ZNF425","0.131800000000000000","Enrichr Queries,0.1318","AKAP12,PRDM1,DHRS3,ATF3,DDR2"
"INTERSECT_DLD1_HCT15_SW48","484","HOXD13","0.131899999999999989","GTEx Coexpression,0.1319","DDR2"
"INTERSECT_DLD1_HCT15_SW48","485","IRF5","0.132099999999999995","ARCHS4 Coexpression,0.1321","CD68"
"INTERSECT_DLD1_HCT15_SW48","486","HOXC4","0.132500000000000007","Enrichr Queries,0.1325","TNXB,PRDM1,DHRS3,ATF3,DDR2"
"INTERSECT_DLD1_HCT15_SW48","487","HOXB2","0.133200000000000013","GTEx Coexpression,0.1332","DDR2"
"INTERSECT_DLD1_HCT15_SW48","488","ESR2","0.134099999999999997","Literature ChIP-seq,0.1341","GREB1,DHRS3"
"INTERSECT_DLD1_HCT15_SW48","489","NCOA2","0.134399999999999992","GTEx Coexpression,0.1344","PRDM1"
"INTERSECT_DLD1_HCT15_SW48","490","EN1","0.135000000000000009","GTEx Coexpression,0.135","LY6G6C"
"INTERSECT_DLD1_HCT15_SW48","491","ZNF343","0.135099999999999998","ARCHS4 Coexpression,0.1351","GREB1"
"INTERSECT_DLD1_HCT15_SW48","492","IRF7","0.135300000000000004","Enrichr Queries,0.1353","SLPI,LAMP3,CD68,ATF3,DDR2"
"INTERSECT_DLD1_HCT15_SW48","493","ZNF384","0.135599999999999998","ENCODE ChIP-seq,0.1356","AKAP12,CASS4,PRDM1,DHRS3"
"INTERSECT_DLD1_HCT15_SW48","494","ZBTB5","0.135699999999999987","GTEx Coexpression,0.1357","PRDM1"
"INTERSECT_DLD1_HCT15_SW48","495","HDX","0.136000000000000010","Enrichr Queries,0.136","AKAP12,LAMP3,PRDM1,ATF3,DDR2"
"INTERSECT_DLD1_HCT15_SW48","496","ZNF430","0.136300000000000004","GTEx Coexpression,0.1363","PRDM1"
"INTERSECT_DLD1_HCT15_SW48","497","PLSCR1","0.136399999999999993","ARCHS4 Coexpression,0.1364","CD68"
"INTERSECT_DLD1_HCT15_SW48","498","BHLHE41","0.137000000000000011","ARCHS4 Coexpression,0.137","CD68"
"INTERSECT_DLD1_HCT15_SW48","499","ZBTB46","0.137500000000000011","Enrichr Queries,0.1375","AKAP12,PRDM1,DHRS3,ATF3,DDR2"
"INTERSECT_DLD1_HCT15_SW48","500","RXRG","0.137600000000000000","ARCHS4 Coexpression,0.1376","NEB"
"INTERSECT_DLD1_HCT15_SW48","501","POU3F1","0.138100000000000001","GTEx Coexpression,0.1381","LY6G6C"
"INTERSECT_DLD1_HCT15_SW48","502","ZNF554","0.138199999999999990","Enrichr Queries,0.1382","LAMP3,CLU,DHRS3,ATF3,DDR2"
"INTERSECT_DLD1_HCT15_SW48","503","CCDC17","0.138199999999999990","ARCHS4 Coexpression,0.1382","SLPI"
"INTERSECT_DLD1_HCT15_SW48","504","DLX5","0.139399999999999996","GTEx Coexpression,0.1394","LY6G6C"
"INTERSECT_DLD1_HCT15_SW48","505","HOXC8","0.139399999999999996","ARCHS4 Coexpression,0.1394","DDR2"
"INTERSECT_DLD1_HCT15_SW48","506","ZNF184","0.139600000000000002","Enrichr Queries,0.1396","AKAP12,PRDM1,DHRS3,ATF3,DDR2"
"INTERSECT_DLD1_HCT15_SW48","507","CLOCK","0.140199999999999991","Literature ChIP-seq,0.1402","CLU,DHRS3"
"INTERSECT_DLD1_HCT15_SW48","508","SEBOX","0.140300000000000008","Enrichr Queries,0.1403","AKAP12,CLU,DHRS3,ATF3,DDR2"
"INTERSECT_DLD1_HCT15_SW48","509","AHRR","0.140699999999999992","ARCHS4 Coexpression,0.1407","CD68"
"INTERSECT_DLD1_HCT15_SW48","510","ZNF596","0.140999999999999986","Enrichr Queries,0.141","NLRP6,PRDM1,CLU,ATF3,DDR2"
"INTERSECT_DLD1_HCT15_SW48","511","CEBPD","0.141300000000000009","ARCHS4 Coexpression,0.1413","ATF3"
"INTERSECT_DLD1_HCT15_SW48","512","ZNF823","0.141899999999999998","GTEx Coexpression,0.1419","PRSS22"
"INTERSECT_DLD1_HCT15_SW48","513","SPIC","0.142499999999999988","Enrichr Queries,0.1425","SLPI,PRDM1,CD68,ATF3,DDR2"
"INTERSECT_DLD1_HCT15_SW48","514","HOXC9","0.142499999999999988","GTEx Coexpression,0.1425","NEB"
"INTERSECT_DLD1_HCT15_SW48","515","HOXA11","0.142499999999999988","ARCHS4 Coexpression,0.1425","DDR2"
"INTERSECT_DLD1_HCT15_SW48","516","HOMEZ","0.143199999999999994","Enrichr Queries,0.1432","AKAP12,CLU,DHRS3,ATF3,DDR2"
"INTERSECT_DLD1_HCT15_SW48","517","TFAP2B","0.144400000000000001","GTEx Coexpression,0.1444","LY6G6C"
"INTERSECT_DLD1_HCT15_SW48","518","PRDM9","0.145300000000000012","Enrichr Queries,0.1453","NLRP6,PRDM1,DHRS3,ATF3,DDR2"
"INTERSECT_DLD1_HCT15_SW48","519","PAX3","0.146199999999999997","GTEx Coexpression,0.1462","NEB"
"INTERSECT_DLD1_HCT15_SW48","520","RUNX1","0.146300000000000013","Literature ChIP-seq,0.1463","NLRP6,SLPI,CASS4,CD68"
"INTERSECT_DLD1_HCT15_SW48","521","NKX22","0.146800000000000014","ARCHS4 Coexpression,0.1468","CLU"
"INTERSECT_DLD1_HCT15_SW48","522","ZHX2","0.147400000000000003","Enrichr Queries,0.1474","AKAP12,PRDM1,DHRS3,ATF3,DDR2"
"INTERSECT_DLD1_HCT15_SW48","523","NPAS2","0.147499999999999992","GTEx Coexpression,0.1475","PRSS22"
"INTERSECT_DLD1_HCT15_SW48","524","STAT1","0.147999999999999993","ARCHS4 Coexpression,0.148","LAMP3"
"INTERSECT_DLD1_HCT15_SW48","525","ZNF790","0.148100000000000009","Enrichr Queries,0.1481","AKAP12,CLU,DHRS3,ATF3,DDR2"
"INTERSECT_DLD1_HCT15_SW48","526","PITX2","0.148600000000000010","ARCHS4 Coexpression,0.1486","NEB"
"INTERSECT_DLD1_HCT15_SW48","527","ZNF415","0.148900000000000005","Enrichr Queries,0.1489","AKAP12,LAMP3,CLU,ATF3,DDR2"
"INTERSECT_DLD1_HCT15_SW48","528","CDX4","0.149299999999999988","GTEx Coexpression,0.1493","LY6G6C"
"INTERSECT_DLD1_HCT15_SW48","529","ZSCAN18","0.149600000000000011","Enrichr Queries,0.1496","AKAP12,CLU,DHRS3,ATF3,DDR2"
"INTERSECT_DLD1_HCT15_SW48","530","HOXA9","0.149999999999999994","GTEx Coexpression,0.15","LY6G6C"
"INTERSECT_DLD1_HCT15_SW48","531","GFI1B","0.150299999999999989","Enrichr Queries,0.1503","SLPI,PRDM1,CLU,ATF3,DDR2"
"INTERSECT_DLD1_HCT15_SW48","532","NFKB1","0.150499999999999995","ARCHS4 Coexpression,0.1505","CD68"
"INTERSECT_DLD1_HCT15_SW48","533","TET3","0.150600000000000012","GTEx Coexpression,0.1506","LY6G6C"
"INTERSECT_DLD1_HCT15_SW48","534","ZNF777","0.150999999999999995","Enrichr Queries,0.151","AKAP12,PRDM1,DHRS3,ATF3,DDR2"
"INTERSECT_DLD1_HCT15_SW48","535","ISX","0.151100000000000012","ARCHS4 Coexpression,0.1511","NLRP6"
"INTERSECT_DLD1_HCT15_SW48","536","HOXA7","0.151200000000000001","GTEx Coexpression,0.1512","NEB"
"INTERSECT_DLD1_HCT15_SW48","537","PCGF2","0.151499999999999996","ReMap ChIP-seq,0.1515","LAMP3,GREB1,ATF3"
"INTERSECT_DLD1_HCT15_SW48","538","PBX4","0.151700000000000002","Enrichr Queries,0.1517","PRDM1,CLU,DHRS3,ATF3,DDR2"
"INTERSECT_DLD1_HCT15_SW48","539","ATF5","0.151700000000000002","ARCHS4 Coexpression,0.1517","CD68"
"INTERSECT_DLD1_HCT15_SW48","540","HELT","0.151799999999999990","GTEx Coexpression,0.1518","LY6G6C"
"INTERSECT_DLD1_HCT15_SW48","541","HOXB1","0.152499999999999997","GTEx Coexpression,0.1525","PRSS22"
"INTERSECT_DLD1_HCT15_SW48","542","TCF7L2","0.152499999999999997","ENCODE ChIP-seq,0.1525","LAMP3,GREB1,DHRS3,ATF3"
"INTERSECT_DLD1_HCT15_SW48","543","CREM","0.152900000000000008","ARCHS4 Coexpression,0.1529","PRDM1"
"INTERSECT_DLD1_HCT15_SW48","544","ZNF683","0.153100000000000014","Enrichr Queries,0.1531","LAMP3,PRDM1,ATF3,DDR2"
"INTERSECT_DLD1_HCT15_SW48","545","HES4","0.153799999999999992","Enrichr Queries,0.1538","LAMP3,DHRS3,ATF3,DDR2"
"INTERSECT_DLD1_HCT15_SW48","546","NR1I2","0.154200000000000004","ARCHS4 Coexpression,0.1542","NLRP6"
"INTERSECT_DLD1_HCT15_SW48","547","ZNF101","0.154599999999999987","Enrichr Queries,0.1546","LAMP3,PRDM1,ATF3,DDR2"
"INTERSECT_DLD1_HCT15_SW48","548","FOXK2","0.154900000000000010","ReMap ChIP-seq,0.1549","CASS4,LY6G6C,CD68"
"INTERSECT_DLD1_HCT15_SW48","549","ZNF440","0.154900000000000010","GTEx Coexpression,0.1549","LY6G6C"
"INTERSECT_DLD1_HCT15_SW48","550","ZNF784","0.155299999999999994","Enrichr Queries,0.1553","PRDM1,DHRS3,ATF3,DDR2"
"INTERSECT_DLD1_HCT15_SW48","551","HOXC12","0.155599999999999988","GTEx Coexpression,0.1556","LY6G6C"
"INTERSECT_DLD1_HCT15_SW48","552","PROP1","0.156000000000000000","Enrichr Queries,0.156","TNXB,PRDM1,ATF3,DDR2"
"INTERSECT_DLD1_HCT15_SW48","553","ZBTB17","0.156000000000000000","ARCHS4 Coexpression,0.156","CD68"
"INTERSECT_DLD1_HCT15_SW48","554","ZNF219","0.156200000000000006","GTEx Coexpression,0.1562","DDR2"
"INTERSECT_DLD1_HCT15_SW48","555","FEV","0.156599999999999989","ARCHS4 Coexpression,0.1566","CLU"
"INTERSECT_DLD1_HCT15_SW48","556","ZNF600","0.156700000000000006","Enrichr Queries,0.1567","LAMP3,PRDM1,DHRS3,ATF3"
"INTERSECT_DLD1_HCT15_SW48","557","ZNF827","0.157200000000000006","ARCHS4 Coexpression,0.1572","CD68"
"INTERSECT_DLD1_HCT15_SW48","558","ZNF717","0.157400000000000012","Enrichr Queries,0.1574","AKAP12,TNXB,ATF3,DDR2"
"INTERSECT_DLD1_HCT15_SW48","559","SP110","0.158099999999999991","Enrichr Queries,0.1581","LAMP3,CD68,ATF3,DDR2"
"INTERSECT_DLD1_HCT15_SW48","560","ARID2","0.158200000000000007","ReMap ChIP-seq,0.1582","GREB1,CD68,DHRS3"
"INTERSECT_DLD1_HCT15_SW48","561","ZNF572","0.158500000000000002","ARCHS4 Coexpression,0.1585","GREB1"
"INTERSECT_DLD1_HCT15_SW48","562","ETV7","0.158700000000000008","GTEx Coexpression,0.1587","LY6G6C"
"INTERSECT_DLD1_HCT15_SW48","563","ZNF251","0.159099999999999991","ARCHS4 Coexpression,0.1591",""
"INTERSECT_DLD1_HCT15_SW48","564","DMRTA2","0.159299999999999997","GTEx Coexpression,0.1593","PRSS22"
"INTERSECT_DLD1_HCT15_SW48","565","FOXR2","0.159500000000000003","Enrichr Queries,0.1595","PRDM1,DHRS3,ATF3,DDR2"
"INTERSECT_DLD1_HCT15_SW48","566","GATAD2A","0.159700000000000009","ARCHS4 Coexpression,0.1597",""
"INTERSECT_DLD1_HCT15_SW48","567","FOXD4","0.160299999999999998","Enrichr Queries,0.1603","TNXB,DHRS3,ATF3,DDR2"
"INTERSECT_DLD1_HCT15_SW48","568","SAFB","0.160299999999999998","ARCHS4 Coexpression,0.1603",""
"INTERSECT_DLD1_HCT15_SW48","569","FOXD4L6","0.161000000000000004","Enrichr Queries,0.161","NLRP6,PRDM1,DHRS3,ATF3"
"INTERSECT_DLD1_HCT15_SW48","570","MAFK","0.161000000000000004","ENCODE ChIP-seq,0.161","AKAP12,PRDM1,DHRS3"
"INTERSECT_DLD1_HCT15_SW48","571","ZNF667","0.161700000000000010","Enrichr Queries,0.1617","AKAP12,CLU,ATF3,DDR2"
"INTERSECT_DLD1_HCT15_SW48","572","L3MBTL4","0.161799999999999999","GTEx Coexpression,0.1618","LY6G6C"
"INTERSECT_DLD1_HCT15_SW48","573","ZNF776","0.162200000000000011","ARCHS4 Coexpression,0.1622",""
"INTERSECT_DLD1_HCT15_SW48","574","NRL","0.162399999999999989","Enrichr Queries,0.1624","PRDM1,DHRS3,ATF3,DDR2"
"INTERSECT_DLD1_HCT15_SW48","575","HMX3","0.162399999999999989","GTEx Coexpression,0.1624",""
"INTERSECT_DLD1_HCT15_SW48","576","NR5A2","0.162800000000000000","ARCHS4 Coexpression,0.1628",""
"INTERSECT_DLD1_HCT15_SW48","577","KDM5B","0.163000000000000006","GTEx Coexpression,0.163",""
"INTERSECT_DLD1_HCT15_SW48","578","ZNF597","0.163099999999999995","Enrichr Queries,0.1631","AKAP12,PRDM1,ATF3,DDR2"
"INTERSECT_DLD1_HCT15_SW48","579","ZNF778","0.163700000000000012","GTEx Coexpression,0.1637",""
"INTERSECT_DLD1_HCT15_SW48","580","NEUROG3","0.164000000000000007","ARCHS4 Coexpression,0.164",""
"INTERSECT_DLD1_HCT15_SW48","581","RAG1","0.164599999999999996","ARCHS4 Coexpression,0.1646",""
"INTERSECT_DLD1_HCT15_SW48","582","FOXP1","0.164599999999999996","Literature ChIP-seq,0.1646","TNXB,PRDM1,LY6G6C,CD68,CLU,DHRS3,ATF3"
"INTERSECT_DLD1_HCT15_SW48","583","ZBTB2","0.164899999999999991","GTEx Coexpression,0.1649",""
"INTERSECT_DLD1_HCT15_SW48","584","TGIF2","0.165000000000000008","ReMap ChIP-seq,0.165","LY6G6C,CD68,DHRS3"
"INTERSECT_DLD1_HCT15_SW48","585","MEIS2","0.165200000000000014","ARCHS4 Coexpression,0.1652",""
"INTERSECT_DLD1_HCT15_SW48","586","KDM2A","0.165500000000000008","GTEx Coexpression,0.1655",""
"INTERSECT_DLD1_HCT15_SW48","587","ZNF354B","0.165800000000000003","ARCHS4 Coexpression,0.1658",""
"INTERSECT_DLD1_HCT15_SW48","588","MXD4","0.166099999999999998","GTEx Coexpression,0.1661",""
"INTERSECT_DLD1_HCT15_SW48","589","TRAFD1","0.166500000000000009","ARCHS4 Coexpression,0.1665",""
"INTERSECT_DLD1_HCT15_SW48","590","E2F5","0.166800000000000004","GTEx Coexpression,0.1668",""
"INTERSECT_DLD1_HCT15_SW48","591","ZGPAT","0.168000000000000010","GTEx Coexpression,0.168",""
"INTERSECT_DLD1_HCT15_SW48","592","HOXD1","0.168099999999999999","Enrichr Queries,0.1681","AKAP12,PRDM1,ATF3,DDR2"
"INTERSECT_DLD1_HCT15_SW48","593","PURA","0.168300000000000005","ARCHS4 Coexpression,0.1683",""
"INTERSECT_DLD1_HCT15_SW48","594","ZNF75D","0.168800000000000006","Enrichr Queries,0.1688","AKAP12,CLU,DHRS3,ATF3"
"INTERSECT_DLD1_HCT15_SW48","595","E2F4","0.168899999999999995","ARCHS4 Coexpression,0.1689",""
"INTERSECT_DLD1_HCT15_SW48","596","ZNF391","0.169300000000000006","GTEx Coexpression,0.1693",""
"INTERSECT_DLD1_HCT15_SW48","597","SOX12","0.169500000000000012","ARCHS4 Coexpression,0.1695",""
"INTERSECT_DLD1_HCT15_SW48","598","ZNF641","0.170199999999999990","Enrichr Queries,0.1702","PRDM1,DHRS3,ATF3,DDR2"
"INTERSECT_DLD1_HCT15_SW48","599","HIVEP1","0.170500000000000013","GTEx Coexpression,0.1705",""
"INTERSECT_DLD1_HCT15_SW48","600","CSRNP2","0.170800000000000007","ARCHS4 Coexpression,0.1708",""
"INTERSECT_DLD1_HCT15_SW48","601","ZNF407","0.171100000000000002","GTEx Coexpression,0.1711",""
"INTERSECT_DLD1_HCT15_SW48","602","LEF1","0.171699999999999992","Enrichr Queries,0.1717","AKAP12,PRDM1,ATF3,DDR2"
"INTERSECT_DLD1_HCT15_SW48","603","ZNF90","0.171999999999999986","ARCHS4 Coexpression,0.172",""
"INTERSECT_DLD1_HCT15_SW48","604","MESP2","0.172399999999999998","GTEx Coexpression,0.1724",""
"INTERSECT_DLD1_HCT15_SW48","605","POU2F2","0.172999999999999987","GTEx Coexpression,0.173",""
"INTERSECT_DLD1_HCT15_SW48","606","ZNF232","0.173100000000000004","Enrichr Queries,0.1731","PRDM1,DHRS3,ATF3,DDR2"
"INTERSECT_DLD1_HCT15_SW48","607","ZNF208","0.173199999999999993","ARCHS4 Coexpression,0.1732",""
"INTERSECT_DLD1_HCT15_SW48","608","NKX23","0.173600000000000004","GTEx Coexpression,0.1736",""
"INTERSECT_DLD1_HCT15_SW48","609","NR3C2","0.173800000000000010","Enrichr Queries,0.1738","AKAP12,CLU,ATF3,DDR2"
"INTERSECT_DLD1_HCT15_SW48","610","GSC","0.173800000000000010","ARCHS4 Coexpression,0.1738",""
"INTERSECT_DLD1_HCT15_SW48","611","MBD1","0.174199999999999994","GTEx Coexpression,0.1742",""
"INTERSECT_DLD1_HCT15_SW48","612","ZNF263","0.174399999999999999","ARCHS4 Coexpression,0.1744",""
"INTERSECT_DLD1_HCT15_SW48","613","ZXDA","0.175100000000000006","ARCHS4 Coexpression,0.1751",""
"INTERSECT_DLD1_HCT15_SW48","614","ZNF2","0.175699999999999995","ARCHS4 Coexpression,0.1757",""
"INTERSECT_DLD1_HCT15_SW48","615","ZIC2","0.176100000000000007","GTEx Coexpression,0.1761",""
"INTERSECT_DLD1_HCT15_SW48","616","ZFP30","0.176300000000000012","ARCHS4 Coexpression,0.1763",""
"INTERSECT_DLD1_HCT15_SW48","617","DMRTB1","0.176600000000000007","Enrichr Queries,0.1766","GREB1,PRDM1,ATF3,DDR2"
"INTERSECT_DLD1_HCT15_SW48","618","ZSCAN5C","0.176699999999999996","GTEx Coexpression,0.1767",""
"INTERSECT_DLD1_HCT15_SW48","619","NEUROD2","0.176800000000000013","Literature ChIP-seq,0.1768","GREB1,CASS4,NEB,DDR2"
"INTERSECT_DLD1_HCT15_SW48","620","ASH1L","0.176900000000000002","ARCHS4 Coexpression,0.1769",""
"INTERSECT_DLD1_HCT15_SW48","621","NFIC","0.177999999999999992","ENCODE ChIP-seq,0.178","CLU,DDR2"
"INTERSECT_DLD1_HCT15_SW48","622","NFAT5","0.178100000000000008","ARCHS4 Coexpression,0.1781",""
"INTERSECT_DLD1_HCT15_SW48","623","HMG20A","0.178600000000000009","GTEx Coexpression,0.1786",""
"INTERSECT_DLD1_HCT15_SW48","624","ZNF662","0.179199999999999998","GTEx Coexpression,0.1792",""
"INTERSECT_DLD1_HCT15_SW48","625","ZNF497","0.179400000000000004","ARCHS4 Coexpression,0.1794",""
"INTERSECT_DLD1_HCT15_SW48","626","VSX1","0.179799999999999988","GTEx Coexpression,0.1798",""
"INTERSECT_DLD1_HCT15_SW48","627","LYL1","0.180600000000000011","ARCHS4 Coexpression,0.1806",""
"INTERSECT_DLD1_HCT15_SW48","628","ZNF418","0.180900000000000005","Enrichr Queries,0.1809","AKAP12,TNXB,PRDM1,DDR2"
"INTERSECT_DLD1_HCT15_SW48","629","ZNF347","0.181100000000000011","GTEx Coexpression,0.1811",""
"INTERSECT_DLD1_HCT15_SW48","630","SALL2","0.181200000000000000","ARCHS4 Coexpression,0.1812",""
"INTERSECT_DLD1_HCT15_SW48","631","ZNF581","0.181700000000000000","GTEx Coexpression,0.1817",""
"INTERSECT_DLD1_HCT15_SW48","632","GTF3A","0.181799999999999989","ARCHS4 Coexpression,0.1818",""
"INTERSECT_DLD1_HCT15_SW48","633","RAX","0.182299999999999990","GTEx Coexpression,0.1823",""
"INTERSECT_DLD1_HCT15_SW48","634","LHX2","0.182299999999999990","Enrichr Queries,0.1823","AKAP12,CLU,ATF3,DDR2"
"INTERSECT_DLD1_HCT15_SW48","635","ZNF248","0.182400000000000007","ARCHS4 Coexpression,0.1824",""
"INTERSECT_DLD1_HCT15_SW48","636","ANHX","0.182900000000000007","GTEx Coexpression,0.1829",""
"INTERSECT_DLD1_HCT15_SW48","637","HSFY2","0.182999999999999996","ARCHS4 Coexpression,0.183",""
"INTERSECT_DLD1_HCT15_SW48","638","PLAG1","0.182999999999999996","Enrichr Queries,0.183","PRDM1,DHRS3,ATF3,DDR2"
"INTERSECT_DLD1_HCT15_SW48","639","PAX6","0.183799999999999991","Enrichr Queries,0.1838","PRDM1,CLU,ATF3,DDR2"
"INTERSECT_DLD1_HCT15_SW48","640","THAP5","0.184200000000000003","GTEx Coexpression,0.1842",""
"INTERSECT_DLD1_HCT15_SW48","641","ZBTB12","0.184299999999999992","ARCHS4 Coexpression,0.1843",""
"INTERSECT_DLD1_HCT15_SW48","642","ZNF32","0.184499999999999997","Enrichr Queries,0.1845","CLU,DHRS3,ATF3,DDR2"
"INTERSECT_DLD1_HCT15_SW48","643","ZNF286B","0.184799999999999992","GTEx Coexpression,0.1848",""
"INTERSECT_DLD1_HCT15_SW48","644","ZNF296","0.185200000000000004","Enrichr Queries,0.1852","PRDM1,DHRS3,ATF3,DDR2"
"INTERSECT_DLD1_HCT15_SW48","645","MNT","0.185400000000000009","GTEx Coexpression,0.1854",""
"INTERSECT_DLD1_HCT15_SW48","646","BHLHA15","0.185499999999999998","ARCHS4 Coexpression,0.1855",""
"INTERSECT_DLD1_HCT15_SW48","647","HES6","0.185900000000000010","Enrichr Queries,0.1859","CLU,DHRS3,ATF3,DDR2"
"INTERSECT_DLD1_HCT15_SW48","648","GATA1","0.186400000000000010","ENCODE ChIP-seq,0.1864","NLRP6,DHRS3"
"INTERSECT_DLD1_HCT15_SW48","649","PRDM15","0.186700000000000005","GTEx Coexpression,0.1867",""
"INTERSECT_DLD1_HCT15_SW48","650","ZNF746","0.186700000000000005","ARCHS4 Coexpression,0.1867",""
"INTERSECT_DLD1_HCT15_SW48","651","ZNF319","0.187299999999999994","GTEx Coexpression,0.1873",""
"INTERSECT_DLD1_HCT15_SW48","652","AIRE","0.187299999999999994","Enrichr Queries,0.1873","PRDM1,CD68,ATF3,DDR2"
"INTERSECT_DLD1_HCT15_SW48","653","MLXIP","0.187900000000000011","GTEx Coexpression,0.1879",""
"INTERSECT_DLD1_HCT15_SW48","654","ZNF45","0.188000000000000000","ARCHS4 Coexpression,0.188",""
"INTERSECT_DLD1_HCT15_SW48","655","SP2","0.188599999999999990","GTEx Coexpression,0.1886",""
"INTERSECT_DLD1_HCT15_SW48","656","ZNF213","0.188599999999999990","ARCHS4 Coexpression,0.1886",""
"INTERSECT_DLD1_HCT15_SW48","657","ZNF177","0.188700000000000007","Enrichr Queries,0.1887","TNXB,LAMP3,ATF3,DDR2"
"INTERSECT_DLD1_HCT15_SW48","658","ZSCAN25","0.189200000000000007","GTEx Coexpression,0.1892",""
"INTERSECT_DLD1_HCT15_SW48","659","MEF2B","0.189200000000000007","ARCHS4 Coexpression,0.1892",""
"INTERSECT_DLD1_HCT15_SW48","660","TCF24","0.189799999999999996","GTEx Coexpression,0.1898",""
"INTERSECT_DLD1_HCT15_SW48","661","EMX2","0.189799999999999996","ARCHS4 Coexpression,0.1898",""
"INTERSECT_DLD1_HCT15_SW48","662","FOXI1","0.190200000000000008","Enrichr Queries,0.1902","SLPI,PRDM1,ATF3,DDR2"
"INTERSECT_DLD1_HCT15_SW48","663","ZNF587B","0.190400000000000014","GTEx Coexpression,0.1904",""
"INTERSECT_DLD1_HCT15_SW48","664","GCM2","0.190400000000000014","ARCHS4 Coexpression,0.1904",""
"INTERSECT_DLD1_HCT15_SW48","665","ZNF157","0.191000000000000003","ARCHS4 Coexpression,0.191",""
"INTERSECT_DLD1_HCT15_SW48","666","NHLH1","0.191000000000000003","GTEx Coexpression,0.191",""
"INTERSECT_DLD1_HCT15_SW48","667","ZFP37","0.191599999999999993","Enrichr Queries,0.1916","AKAP12,CLU,ATF3,DDR2"
"INTERSECT_DLD1_HCT15_SW48","668","EVX1","0.191599999999999993","ARCHS4 Coexpression,0.1916",""
"INTERSECT_DLD1_HCT15_SW48","669","BRF2","0.191700000000000009","GTEx Coexpression,0.1917",""
"INTERSECT_DLD1_HCT15_SW48","670","FOXB2","0.192299999999999999","ARCHS4 Coexpression,0.1923",""
"INTERSECT_DLD1_HCT15_SW48","671","NFATC2","0.192299999999999999","GTEx Coexpression,0.1923",""
"INTERSECT_DLD1_HCT15_SW48","672","TIGD4","0.192299999999999999","Enrichr Queries,0.1923","NLRP6,PRDM1,ATF3,DDR2"
"INTERSECT_DLD1_HCT15_SW48","673","GTF2B","0.192899999999999988","GTEx Coexpression,0.1929",""
"INTERSECT_DLD1_HCT15_SW48","674","ESRRB","0.193000000000000005","Enrichr Queries,0.193","AKAP12,PRDM1,ATF3,DDR2"
"INTERSECT_DLD1_HCT15_SW48","675","ZNF609","0.193500000000000005","ARCHS4 Coexpression,0.1935",""
"INTERSECT_DLD1_HCT15_SW48","676","NOBOX","0.193700000000000011","Enrichr Queries,0.1937","PRDM1,DHRS3,ATF3,DDR2"
"INTERSECT_DLD1_HCT15_SW48","677","RFX3","0.194200000000000012","GTEx Coexpression,0.1942",""
"INTERSECT_DLD1_HCT15_SW48","678","LIN28A","0.194700000000000012","ARCHS4 Coexpression,0.1947",""
"INTERSECT_DLD1_HCT15_SW48","679","ZNF80","0.195200000000000012","Enrichr Queries,0.1952","NLRP6,LAMP3,PRDM1,DDR2"
"INTERSECT_DLD1_HCT15_SW48","680","PBX2","0.195300000000000001","ReMap ChIP-seq,0.1953","TNXB,LY6G6C,DHRS3"
"INTERSECT_DLD1_HCT15_SW48","681","ZNF714","0.195399999999999990","GTEx Coexpression,0.1954",""
"INTERSECT_DLD1_HCT15_SW48","682","ZNF561","0.195899999999999991","Enrichr Queries,0.1959","NLRP6,PRDM1,ATF3,DDR2"
"INTERSECT_DLD1_HCT15_SW48","683","ZNF543","0.196000000000000008","GTEx Coexpression,0.196",""
"INTERSECT_DLD1_HCT15_SW48","684","ZNF677","0.196599999999999997","ARCHS4 Coexpression,0.1966",""
"INTERSECT_DLD1_HCT15_SW48","685","ZIC5","0.197199999999999986","ARCHS4 Coexpression,0.1972",""
"INTERSECT_DLD1_HCT15_SW48","686","ZSCAN30","0.197300000000000003","GTEx Coexpression,0.1973",""
"INTERSECT_DLD1_HCT15_SW48","687","DACH1","0.197300000000000003","Enrichr Queries,0.1973","AKAP12,CLU,ATF3,DDR2"
"INTERSECT_DLD1_HCT15_SW48","688","MYB","0.197800000000000004","ARCHS4 Coexpression,0.1978",""
"INTERSECT_DLD1_HCT15_SW48","689","ST18","0.197899999999999993","GTEx Coexpression,0.1979",""
"INTERSECT_DLD1_HCT15_SW48","690","ZNF382","0.198000000000000009","Enrichr Queries,0.198","AKAP12,CLU,ATF3,DDR2"
"INTERSECT_DLD1_HCT15_SW48","691","ZNF598","0.198500000000000010","GTEx Coexpression,0.1985",""
"INTERSECT_DLD1_HCT15_SW48","692","ZNF575","0.198699999999999988","Enrichr Queries,0.1987","PRDM1,CD68,ATF3,DDR2"
"INTERSECT_DLD1_HCT15_SW48","693","ALX1","0.199000000000000010","ARCHS4 Coexpression,0.199",""
"INTERSECT_DLD1_HCT15_SW48","694","ARNT2","0.199399999999999994","Enrichr Queries,0.1994","AKAP12,CLU,ATF3,DDR2"
"INTERSECT_DLD1_HCT15_SW48","695","POU4F2","0.199600000000000000","ARCHS4 Coexpression,0.1996",""
"INTERSECT_DLD1_HCT15_SW48","696","LHX5","0.199800000000000005","GTEx Coexpression,0.1998",""
"INTERSECT_DLD1_HCT15_SW48","697","ISL1","0.200100000000000000","Enrichr Queries,0.2001","AKAP12,PRDM1,ATF3,DDR2"
"INTERSECT_DLD1_HCT15_SW48","698","DMRT2","0.200199999999999989","ARCHS4 Coexpression,0.2002",""
"INTERSECT_DLD1_HCT15_SW48","699","ZNF669","0.200399999999999995","GTEx Coexpression,0.2004",""
"INTERSECT_DLD1_HCT15_SW48","700","ZNF275","0.200899999999999995","Enrichr Queries,0.2009","AKAP12,CLU,ATF3,DDR2"
"INTERSECT_DLD1_HCT15_SW48","701","ZNF146","0.200899999999999995","ARCHS4 Coexpression,0.2009",""
"INTERSECT_DLD1_HCT15_SW48","702","BARHL2","0.201000000000000012","GTEx Coexpression,0.201",""
"INTERSECT_DLD1_HCT15_SW48","703","ZNF25","0.201600000000000001","Enrichr Queries,0.2016","AKAP12,DHRS3,ATF3,DDR2"
"INTERSECT_DLD1_HCT15_SW48","704","PRDM2","0.201600000000000001","GTEx Coexpression,0.2016",""
"INTERSECT_DLD1_HCT15_SW48","705","STAT5B","0.202000000000000013","ReMap ChIP-seq,0.202","NLRP6,PRDM1,CD68"
"INTERSECT_DLD1_HCT15_SW48","706","BAZ2A","0.202100000000000002","ARCHS4 Coexpression,0.2021",""
"INTERSECT_DLD1_HCT15_SW48","707","ZNF429","0.202199999999999991","GTEx Coexpression,0.2022",""
"INTERSECT_DLD1_HCT15_SW48","708","LHX6","0.202300000000000008","Enrichr Queries,0.2023","AKAP12,PRDM1,ATF3,DDR2"
"INTERSECT_DLD1_HCT15_SW48","709","ZNF813","0.202899999999999997","GTEx Coexpression,0.2029",""
"INTERSECT_DLD1_HCT15_SW48","710","CTCF","0.203399999999999997","ENCODE ChIP-seq,0.2034","CASS4,PRDM1,CLU"
"INTERSECT_DLD1_HCT15_SW48","711","ERF","0.203499999999999986","GTEx Coexpression,0.2035",""
"INTERSECT_DLD1_HCT15_SW48","712","ZNF583","0.203699999999999992","Enrichr Queries,0.2037","AKAP12,PRDM1,ATF3,DDR2"
"INTERSECT_DLD1_HCT15_SW48","713","PRDM12","0.204699999999999993","GTEx Coexpression,0.2047",""
"INTERSECT_DLD1_HCT15_SW48","714","MYCN","0.205100000000000005","Enrichr Queries,0.2051","AKAP12,PRDM1,ATF3,DDR2"
"INTERSECT_DLD1_HCT15_SW48","715","IKZF2","0.205199999999999994","ARCHS4 Coexpression,0.2052",""
"INTERSECT_DLD1_HCT15_SW48","716","CENPS","0.205800000000000011","ARCHS4 Coexpression,0.2058",""
"INTERSECT_DLD1_HCT15_SW48","717","REL","0.205999999999999989","GTEx Coexpression,0.206",""
"INTERSECT_DLD1_HCT15_SW48","718","FOXD4L5","0.206400000000000000","ARCHS4 Coexpression,0.2064",""
"INTERSECT_DLD1_HCT15_SW48","719","ZNF711","0.206600000000000006","Enrichr Queries,0.2066","AKAP12,CLU,ATF3,DDR2"
"INTERSECT_DLD1_HCT15_SW48","720","GATAD2B","0.206600000000000006","GTEx Coexpression,0.2066",""
"INTERSECT_DLD1_HCT15_SW48","721","ZSCAN1","0.206999999999999990","ARCHS4 Coexpression,0.207",""
"INTERSECT_DLD1_HCT15_SW48","722","ZMAT1","0.208800000000000013","ARCHS4 Coexpression,0.2088",""
"INTERSECT_DLD1_HCT15_SW48","723","DMTF1","0.209499999999999992","ARCHS4 Coexpression,0.2095",""
"INTERSECT_DLD1_HCT15_SW48","724","UNCX","0.209699999999999998","GTEx Coexpression,0.2097",""
"INTERSECT_DLD1_HCT15_SW48","725","TBX22","0.210100000000000009","ARCHS4 Coexpression,0.2101",""
"INTERSECT_DLD1_HCT15_SW48","726","ETV2","0.210100000000000009","Enrichr Queries,0.2101","GREB1,PRDM1,ATF3,DDR2"
"INTERSECT_DLD1_HCT15_SW48","727","PREB","0.210699999999999998","ARCHS4 Coexpression,0.2107",""
"INTERSECT_DLD1_HCT15_SW48","728","HOXB9","0.210799999999999987","Enrichr Queries,0.2108","AKAP12,DHRS3,ATF3,DDR2"
"INTERSECT_DLD1_HCT15_SW48","729","UBP1","0.210999999999999993","GTEx Coexpression,0.211",""
"INTERSECT_DLD1_HCT15_SW48","730","LHX1","0.212499999999999994","ARCHS4 Coexpression,0.2125",""
"INTERSECT_DLD1_HCT15_SW48","731","ELF2","0.212799999999999989","GTEx Coexpression,0.2128",""
"INTERSECT_DLD1_HCT15_SW48","732","ZNF385D","0.213400000000000006","GTEx Coexpression,0.2134",""
"INTERSECT_DLD1_HCT15_SW48","733","ZNF710","0.213799999999999990","ARCHS4 Coexpression,0.2138",""
"INTERSECT_DLD1_HCT15_SW48","734","ZNF417","0.214100000000000013","GTEx Coexpression,0.2141",""
"INTERSECT_DLD1_HCT15_SW48","735","ZNF75A","0.214400000000000007","ARCHS4 Coexpression,0.2144",""
"INTERSECT_DLD1_HCT15_SW48","736","CPEB1","0.214700000000000002","GTEx Coexpression,0.2147",""
"INTERSECT_DLD1_HCT15_SW48","737","ESRRG","0.214999999999999997","ARCHS4 Coexpression,0.215",""
"INTERSECT_DLD1_HCT15_SW48","738","PAX1","0.215299999999999991","GTEx Coexpression,0.2153",""
"INTERSECT_DLD1_HCT15_SW48","739","ZNF461","0.215600000000000014","ARCHS4 Coexpression,0.2156",""
"INTERSECT_DLD1_HCT15_SW48","740","HOXD10","0.215799999999999992","Enrichr Queries,0.2158","PRDM1,CLU,ATF3,DDR2"
"INTERSECT_DLD1_HCT15_SW48","741","GPBP1","0.216599999999999987","GTEx Coexpression,0.2166",""
"INTERSECT_DLD1_HCT15_SW48","742","LIN28B","0.216799999999999993","ARCHS4 Coexpression,0.2168",""
"INTERSECT_DLD1_HCT15_SW48","743","ZNF704","0.217200000000000004","GTEx Coexpression,0.2172",""
"INTERSECT_DLD1_HCT15_SW48","744","KLF11","0.217200000000000004","Enrichr Queries,0.2172","AKAP12,DHRS3,ATF3,DDR2"
"INTERSECT_DLD1_HCT15_SW48","745","ZHX1","0.218099999999999988","ARCHS4 Coexpression,0.2181",""
"INTERSECT_DLD1_HCT15_SW48","746","DNTTIP1","0.218400000000000011","GTEx Coexpression,0.2184",""
"INTERSECT_DLD1_HCT15_SW48","747","ZNF414","0.218700000000000006","ARCHS4 Coexpression,0.2187",""
"INTERSECT_DLD1_HCT15_SW48","748","THAP10","0.219000000000000000","GTEx Coexpression,0.219",""
"INTERSECT_DLD1_HCT15_SW48","749","SRCAP","0.219299999999999995","ARCHS4 Coexpression,0.2193",""
"INTERSECT_DLD1_HCT15_SW48","750","NR2E3","0.219400000000000012","Enrichr Queries,0.2194","PRDM1,DHRS3,ATF3,DDR2"
"INTERSECT_DLD1_HCT15_SW48","751","PDX1","0.219500000000000001","Literature ChIP-seq,0.2195","AKAP12,DHRS3"
"INTERSECT_DLD1_HCT15_SW48","752","GCM1","0.219900000000000012","ARCHS4 Coexpression,0.2199",""
"INTERSECT_DLD1_HCT15_SW48","753","FOXM1","0.220299999999999996","ENCODE ChIP-seq,0.2203","GREB1"
"INTERSECT_DLD1_HCT15_SW48","754","ZNF568","0.220500000000000002","ARCHS4 Coexpression,0.2205",""
"INTERSECT_DLD1_HCT15_SW48","755","TIGD2","0.220900000000000013","GTEx Coexpression,0.2209",""
"INTERSECT_DLD1_HCT15_SW48","756","ZNF202","0.221099999999999991","ARCHS4 Coexpression,0.2211",""
"INTERSECT_DLD1_HCT15_SW48","757","ZNF566","0.221500000000000002","GTEx Coexpression,0.2215",""
"INTERSECT_DLD1_HCT15_SW48","758","ZNF618","0.221700000000000008","ARCHS4 Coexpression,0.2217",""
"INTERSECT_DLD1_HCT15_SW48","759","ZBTB14","0.222200000000000009","GTEx Coexpression,0.2222",""
"INTERSECT_DLD1_HCT15_SW48","760","FOXJ2","0.222200000000000009","ReMap ChIP-seq,0.2222","TNXB,DDR2"
"INTERSECT_DLD1_HCT15_SW48","761","SALL1","0.222200000000000009","Enrichr Queries,0.2222","AKAP12,PRDM1,ATF3,DDR2"
"INTERSECT_DLD1_HCT15_SW48","762","USF1","0.222399999999999987","ARCHS4 Coexpression,0.2224",""
"INTERSECT_DLD1_HCT15_SW48","763","ARID3C","0.222799999999999998","GTEx Coexpression,0.2228",""
"INTERSECT_DLD1_HCT15_SW48","764","DBP","0.222899999999999987","Enrichr Queries,0.2229","CLU,DHRS3,ATF3,DDR2"
"INTERSECT_DLD1_HCT15_SW48","765","ZNF324B","0.223000000000000004","ARCHS4 Coexpression,0.223",""
"INTERSECT_DLD1_HCT15_SW48","766","PIN1","0.223399999999999987","GTEx Coexpression,0.2234",""
"INTERSECT_DLD1_HCT15_SW48","767","ZBTB32","0.223599999999999993","ARCHS4 Coexpression,0.2236",""
"INTERSECT_DLD1_HCT15_SW48","768","TEAD3","0.223599999999999993","Enrichr Queries,0.2236","CLU,DHRS3,ATF3,DDR2"
"INTERSECT_DLD1_HCT15_SW48","769","ZSCAN21","0.224000000000000005","GTEx Coexpression,0.224",""
"INTERSECT_DLD1_HCT15_SW48","770","HSFX1","0.224599999999999994","GTEx Coexpression,0.2246",""
"INTERSECT_DLD1_HCT15_SW48","771","FOXF2","0.225099999999999995","Enrichr Queries,0.2251","AKAP12,PRDM1,ATF3,DDR2"
"INTERSECT_DLD1_HCT15_SW48","772","ZNF584","0.225300000000000000","GTEx Coexpression,0.2253",""
"INTERSECT_DLD1_HCT15_SW48","773","THRA","0.225800000000000001","Enrichr Queries,0.2258","CLU,DHRS3,ATF3,DDR2"
"INTERSECT_DLD1_HCT15_SW48","774","ZBTB3","0.225899999999999990","GTEx Coexpression,0.2259",""
"INTERSECT_DLD1_HCT15_SW48","775","E2F3","0.226700000000000013","ARCHS4 Coexpression,0.2267",""
"INTERSECT_DLD1_HCT15_SW48","776","PRDM4","0.227099999999999996","GTEx Coexpression,0.2271",""
"INTERSECT_DLD1_HCT15_SW48","777","ZNF699","0.227200000000000013","Enrichr Queries,0.2272","AKAP12,PRDM1,ATF3,DDR2"
"INTERSECT_DLD1_HCT15_SW48","778","DUX4","0.227300000000000002","ARCHS4 Coexpression,0.2273",""
"INTERSECT_DLD1_HCT15_SW48","779","SMYD3","0.227800000000000002","GTEx Coexpression,0.2278",""
"INTERSECT_DLD1_HCT15_SW48","780","PRDM8","0.227899999999999991","Enrichr Queries,0.2279","AKAP12,PRDM1,ATF3,DDR2"
"INTERSECT_DLD1_HCT15_SW48","781","ZNF20","0.228500000000000009","ARCHS4 Coexpression,0.2285",""
"INTERSECT_DLD1_HCT15_SW48","782","RELA","0.228800000000000003","ENCODE ChIP-seq,0.2288","ATF3,DDR2"
"INTERSECT_DLD1_HCT15_SW48","783","MXI1","0.229300000000000004","Enrichr Queries,0.2293","CLU,DHRS3,ATF3,DDR2"
"INTERSECT_DLD1_HCT15_SW48","784","ZNF70","0.229599999999999999","GTEx Coexpression,0.2296",""
"INTERSECT_DLD1_HCT15_SW48","785","ZNF785","0.230199999999999988","GTEx Coexpression,0.2302",""
"INTERSECT_DLD1_HCT15_SW48","786","ZNF442","0.230800000000000005","Enrichr Queries,0.2308","AKAP12,CLU,ATF3,DDR2"
"INTERSECT_DLD1_HCT15_SW48","787","TFDP1","0.231000000000000011","ARCHS4 Coexpression,0.231",""
"INTERSECT_DLD1_HCT15_SW48","788","MBNL2","0.231500000000000011","Enrichr Queries,0.2315","AKAP12,CLU,ATF3,DDR2"
"INTERSECT_DLD1_HCT15_SW48","789","ZNF850","0.231500000000000011","GTEx Coexpression,0.2315",""
"INTERSECT_DLD1_HCT15_SW48","790","GFI1","0.232199999999999990","ARCHS4 Coexpression,0.2322",""
"INTERSECT_DLD1_HCT15_SW48","791","CREB3","0.232300000000000006","ReMap ChIP-seq,0.2323","LY6G6C,DDR2"
"INTERSECT_DLD1_HCT15_SW48","792","ZNF510","0.232699999999999990","GTEx Coexpression,0.2327",""
"INTERSECT_DLD1_HCT15_SW48","793","ZNF74","0.232800000000000007","ARCHS4 Coexpression,0.2328",""
"INTERSECT_DLD1_HCT15_SW48","794","IKZF5","0.234000000000000014","GTEx Coexpression,0.234",""
"INTERSECT_DLD1_HCT15_SW48","795","ZKSCAN4","0.234000000000000014","ARCHS4 Coexpression,0.234",""
"INTERSECT_DLD1_HCT15_SW48","796","SP100","0.234600000000000003","GTEx Coexpression,0.2346",""
"INTERSECT_DLD1_HCT15_SW48","797","EBF4","0.234999999999999987","Enrichr Queries,0.235","CLU,DHRS3,ATF3,DDR2"
"INTERSECT_DLD1_HCT15_SW48","798","ZNF804B","0.235300000000000009","ARCHS4 Coexpression,0.2353",""
"INTERSECT_DLD1_HCT15_SW48","799","ZNF773","0.235800000000000010","GTEx Coexpression,0.2358",""
"INTERSECT_DLD1_HCT15_SW48","800","ZNF626","0.236499999999999988","ARCHS4 Coexpression,0.2365",""
"INTERSECT_DLD1_HCT15_SW48","801","PLAGL1","0.237199999999999994","Enrichr Queries,0.2372","AKAP12,CLU,ATF3,DDR2"
"INTERSECT_DLD1_HCT15_SW48","802","MAX","0.237300000000000011","ENCODE ChIP-seq,0.2373","SLPI,PRDM1,PRSS22"
"INTERSECT_DLD1_HCT15_SW48","803","ZIC4","0.237699999999999995","ARCHS4 Coexpression,0.2377",""
"INTERSECT_DLD1_HCT15_SW48","804","TCF3","0.237800000000000011","Literature ChIP-seq,0.2378","AKAP12,SLPI,DHRS3,ATF3"
"INTERSECT_DLD1_HCT15_SW48","805","ZC3H8","0.237900000000000000","Enrichr Queries,0.2379","AKAP12,DHRS3,ATF3,DDR2"
"INTERSECT_DLD1_HCT15_SW48","806","ZNF764","0.238300000000000012","ARCHS4 Coexpression,0.2383",""
"INTERSECT_DLD1_HCT15_SW48","807","ZNF205","0.238300000000000012","GTEx Coexpression,0.2383",""
"INTERSECT_DLD1_HCT15_SW48","808","NFIA","0.238600000000000007","Enrichr Queries,0.2386","AKAP12,CLU,DHRS3,DDR2"
"INTERSECT_DLD1_HCT15_SW48","809","ZKSCAN2","0.238900000000000001","ARCHS4 Coexpression,0.2389",""
"INTERSECT_DLD1_HCT15_SW48","810","ZNF655","0.239300000000000013","Enrichr Queries,0.2393","AKAP12,PRDM1,ATF3,DDR2"
"INTERSECT_DLD1_HCT15_SW48","811","ZNF589","0.239600000000000007","ARCHS4 Coexpression,0.2396",""
"INTERSECT_DLD1_HCT15_SW48","812","ZNF134","0.239600000000000007","GTEx Coexpression,0.2396",""
"INTERSECT_DLD1_HCT15_SW48","813","ZNF613","0.240199999999999997","GTEx Coexpression,0.2402",""
"INTERSECT_DLD1_HCT15_SW48","814","LCORL","0.240799999999999986","GTEx Coexpression,0.2408",""
"INTERSECT_DLD1_HCT15_SW48","815","ZIC3","0.241400000000000003","ARCHS4 Coexpression,0.2414",""
"INTERSECT_DLD1_HCT15_SW48","816","ZNF19","0.241400000000000003","GTEx Coexpression,0.2414",""
"INTERSECT_DLD1_HCT15_SW48","817","DZIP1","0.241999999999999993","ARCHS4 Coexpression,0.242",""
"INTERSECT_DLD1_HCT15_SW48","818","ARID5A","0.242100000000000010","GTEx Coexpression,0.2421",""
"INTERSECT_DLD1_HCT15_SW48","819","ATF6","0.242600000000000010","ARCHS4 Coexpression,0.2426",""
"INTERSECT_DLD1_HCT15_SW48","820","GTF2IRD2B","0.242900000000000005","Enrichr Queries,0.2429","NEB,DHRS3,ATF3,DDR2"
"INTERSECT_DLD1_HCT15_SW48","821","POU5F1B","0.243200000000000000","ARCHS4 Coexpression,0.2432",""
"INTERSECT_DLD1_HCT15_SW48","822","ZNF317","0.243299999999999988","GTEx Coexpression,0.2433",""
"INTERSECT_DLD1_HCT15_SW48","823","ZNF629","0.243600000000000011","Enrichr Queries,0.2436","CLU,DHRS3,ATF3,DDR2"
"INTERSECT_DLD1_HCT15_SW48","824","ZNF133","0.243900000000000006","ARCHS4 Coexpression,0.2439",""
"INTERSECT_DLD1_HCT15_SW48","825","NFX1","0.243900000000000006","GTEx Coexpression,0.2439",""
"INTERSECT_DLD1_HCT15_SW48","826","HES3","0.244499999999999995","ARCHS4 Coexpression,0.2445",""
"INTERSECT_DLD1_HCT15_SW48","827","ZKSCAN3","0.244600000000000012","GTEx Coexpression,0.2446",""
"INTERSECT_DLD1_HCT15_SW48","828","HIVEP2","0.244999999999999996","Enrichr Queries,0.245","AKAP12,PRDM1,ATF3,DDR2"
"INTERSECT_DLD1_HCT15_SW48","829","ZNF831","0.245200000000000001","GTEx Coexpression,0.2452",""
"INTERSECT_DLD1_HCT15_SW48","830","ZNF639","0.245799999999999991","ReMap ChIP-seq,0.2458","CASS4,LY6G6C"
"INTERSECT_DLD1_HCT15_SW48","831","ZNF540","0.245799999999999991","GTEx Coexpression,0.2458",""
"INTERSECT_DLD1_HCT15_SW48","832","FOXE1","0.246400000000000008","GTEx Coexpression,0.2464",""
"INTERSECT_DLD1_HCT15_SW48","833","FOXO4","0.246400000000000008","Enrichr Queries,0.2464","CLU,DHRS3,ATF3,DDR2"
"INTERSECT_DLD1_HCT15_SW48","834","PHF21A","0.246999999999999997","GTEx Coexpression,0.247",""
"INTERSECT_DLD1_HCT15_SW48","835","REST","0.247200000000000003","Enrichr Queries,0.2472","AKAP12,PRDM1,ATF3,DDR2"
"INTERSECT_DLD1_HCT15_SW48","836","ZNF878","0.247499999999999998","ARCHS4 Coexpression,0.2475",""
"INTERSECT_DLD1_HCT15_SW48","837","ZNF304","0.247700000000000004","GTEx Coexpression,0.2477",""
"INTERSECT_DLD1_HCT15_SW48","838","ZBTB24","0.247900000000000009","Enrichr Queries,0.2479","AKAP12,PRDM1,ATF3,DDR2"
"INTERSECT_DLD1_HCT15_SW48","839","ZNF432","0.248299999999999993","GTEx Coexpression,0.2483",""
"INTERSECT_DLD1_HCT15_SW48","840","LHX4","0.248599999999999988","Enrichr Queries,0.2486","GREB1,PRDM1,ATF3,DDR2"
"INTERSECT_DLD1_HCT15_SW48","841","JRK","0.248799999999999993","ARCHS4 Coexpression,0.2488",""
"INTERSECT_DLD1_HCT15_SW48","842","KLF13","0.249200000000000005","ReMap ChIP-seq,0.2492","TNXB,LY6G6C"
"INTERSECT_DLD1_HCT15_SW48","843","ZNF534","0.249400000000000011","ARCHS4 Coexpression,0.2494",""
"INTERSECT_DLD1_HCT15_SW48","844","NKX61","0.249500000000000000","GTEx Coexpression,0.2495",""
"INTERSECT_DLD1_HCT15_SW48","845","MTF2","0.250000000000000000","Literature ChIP-seq,0.25","TNXB,NLRP6,GREB1,DHRS3,ATF3"
"INTERSECT_DLD1_HCT15_SW48","846","ZNF592","0.250000000000000000","ARCHS4 Coexpression,0.25",""
"INTERSECT_DLD1_HCT15_SW48","847","RBAK","0.250199999999999978","GTEx Coexpression,0.2502",""
"INTERSECT_DLD1_HCT15_SW48","848","ZNF236","0.250599999999999989","ARCHS4 Coexpression,0.2506",""
"INTERSECT_DLD1_HCT15_SW48","849","ZNF565","0.250699999999999978","Enrichr Queries,0.2507","TNXB,DHRS3,ATF3,DDR2"
"INTERSECT_DLD1_HCT15_SW48","850","NHLH2","0.250800000000000023","GTEx Coexpression,0.2508",""
"INTERSECT_DLD1_HCT15_SW48","851","ZBED5","0.251199999999999979","ARCHS4 Coexpression,0.2512",""
"INTERSECT_DLD1_HCT15_SW48","852","SREBF2","0.251400000000000012","GTEx Coexpression,0.2514",""
"INTERSECT_DLD1_HCT15_SW48","853","ZNF678","0.252000000000000002","GTEx Coexpression,0.252",""
"INTERSECT_DLD1_HCT15_SW48","854","PPARA","0.252099999999999991","Enrichr Queries,0.2521","CLU,DHRS3,ATF3,DDR2"
"INTERSECT_DLD1_HCT15_SW48","855","ZBTB39","0.252500000000000002","ARCHS4 Coexpression,0.2525",""
"INTERSECT_DLD1_HCT15_SW48","856","SPIB","0.252500000000000002","ReMap ChIP-seq,0.2525","NLRP6,CD68"
"INTERSECT_DLD1_HCT15_SW48","857","TEAD2","0.252800000000000025","Enrichr Queries,0.2528","AKAP12,DHRS3,ATF3,DDR2"
"INTERSECT_DLD1_HCT15_SW48","858","TFAP2E","0.253300000000000025","GTEx Coexpression,0.2533",""
"INTERSECT_DLD1_HCT15_SW48","859","ZBTB6","0.253699999999999981","ARCHS4 Coexpression,0.2537",""
"INTERSECT_DLD1_HCT15_SW48","860","CENPA","0.253900000000000015","GTEx Coexpression,0.2539",""
"INTERSECT_DLD1_HCT15_SW48","861","MZF1","0.254300000000000026","Enrichr Queries,0.2543","PRDM1,DHRS3,ATF3,DDR2"
"INTERSECT_DLD1_HCT15_SW48","862","SPZ1","0.254300000000000026","ARCHS4 Coexpression,0.2543",""
"INTERSECT_DLD1_HCT15_SW48","863","NR1I3","0.254500000000000004","GTEx Coexpression,0.2545",""
"INTERSECT_DLD1_HCT15_SW48","864","REPIN1","0.255000000000000004","Enrichr Queries,0.255","CLU,DHRS3,ATF3,DDR2"
"INTERSECT_DLD1_HCT15_SW48","865","NEUROD1","0.255099999999999993","GTEx Coexpression,0.2551",""
"INTERSECT_DLD1_HCT15_SW48","866","ZNF771","0.255500000000000005","ARCHS4 Coexpression,0.2555",""
"INTERSECT_DLD1_HCT15_SW48","867","ZFP69B","0.255800000000000027","GTEx Coexpression,0.2558",""
"INTERSECT_DLD1_HCT15_SW48","868","OTX2","0.255900000000000016","ReMap ChIP-seq,0.2559","DHRS3,DDR2"
"INTERSECT_DLD1_HCT15_SW48","869","FOXD4L4","0.256799999999999973","ARCHS4 Coexpression,0.2568",""
"INTERSECT_DLD1_HCT15_SW48","870","SOX14","0.257400000000000018","ARCHS4 Coexpression,0.2574",""
"INTERSECT_DLD1_HCT15_SW48","871","ZSCAN10","0.257799999999999974","Enrichr Queries,0.2578","PRDM1,DHRS3,ATF3,DDR2"
"INTERSECT_DLD1_HCT15_SW48","872","TFE3","0.258000000000000007","ARCHS4 Coexpression,0.258",""
"INTERSECT_DLD1_HCT15_SW48","873","ZNF223","0.258199999999999985","GTEx Coexpression,0.2582",""
"INTERSECT_DLD1_HCT15_SW48","874","HNF4A","0.258500000000000008","Enrichr Queries,0.2585","PRDM1,CLU,ATF3,DDR2"
"INTERSECT_DLD1_HCT15_SW48","875","PURB","0.258599999999999997","ARCHS4 Coexpression,0.2586",""
"INTERSECT_DLD1_HCT15_SW48","876","ZBTB4","0.258900000000000019","GTEx Coexpression,0.2589",""
"INTERSECT_DLD1_HCT15_SW48","877","CEBPZ","0.259299999999999975","ReMap ChIP-seq,0.2593","TNXB,CD68"
"INTERSECT_DLD1_HCT15_SW48","878","TPRX1","0.259299999999999975","Enrichr Queries,0.2593","AKAP12,TNXB,NEB,PRDM1"
"INTERSECT_DLD1_HCT15_SW48","879","ZNF99","0.259500000000000008","GTEx Coexpression,0.2595",""
"INTERSECT_DLD1_HCT15_SW48","880","FOXD4L3","0.259799999999999975","ARCHS4 Coexpression,0.2598",""
"INTERSECT_DLD1_HCT15_SW48","881","ZNF841","0.260000000000000009","Enrichr Queries,0.26","AKAP12,DHRS3,ATF3,DDR2"
"INTERSECT_DLD1_HCT15_SW48","882","ZSCAN22","0.260699999999999987","Enrichr Queries,0.2607","AKAP12,DHRS3,ATF3,DDR2"
"INTERSECT_DLD1_HCT15_SW48","883","ZNF302","0.260699999999999987","GTEx Coexpression,0.2607",""
"INTERSECT_DLD1_HCT15_SW48","884","MNX1","0.261099999999999999","ARCHS4 Coexpression,0.2611",""
"INTERSECT_DLD1_HCT15_SW48","885","ZNF789","0.261400000000000021","Enrichr Queries,0.2614","AKAP12,PRDM1,ATF3,DDR2"
"INTERSECT_DLD1_HCT15_SW48","886","THAP8","0.261699999999999988","ARCHS4 Coexpression,0.2617",""
"INTERSECT_DLD1_HCT15_SW48","887","MYT1","0.262000000000000011","GTEx Coexpression,0.262",""
"INTERSECT_DLD1_HCT15_SW48","888","LEUTX","0.262100000000000000","Enrichr Queries,0.2621","NLRP6,CEACAM6,PRDM1,DDR2"
"INTERSECT_DLD1_HCT15_SW48","889","EOMES","0.262600000000000000","ReMap ChIP-seq,0.2626","PRDM1,DHRS3"
"INTERSECT_DLD1_HCT15_SW48","890","ZNF532","0.262900000000000023","ARCHS4 Coexpression,0.2629",""
"INTERSECT_DLD1_HCT15_SW48","891","MYT1L","0.263500000000000012","ARCHS4 Coexpression,0.2635",""
"INTERSECT_DLD1_HCT15_SW48","892","HOXB8","0.263500000000000012","Enrichr Queries,0.2635","PRDM1,DHRS3,ATF3,DDR2"
"INTERSECT_DLD1_HCT15_SW48","893","NR2F6","0.264199999999999990","Enrichr Queries,0.2642","CLU,DHRS3,ATF3,DDR2"
"INTERSECT_DLD1_HCT15_SW48","894","ZNF620","0.264500000000000013","GTEx Coexpression,0.2645",""
"INTERSECT_DLD1_HCT15_SW48","895","PKNOX1","0.266000000000000014","ReMap ChIP-seq,0.266","LY6G6C,CD68"
"INTERSECT_DLD1_HCT15_SW48","896","TCF20","0.266299999999999981","GTEx Coexpression,0.2663",""
"INTERSECT_DLD1_HCT15_SW48","897","CREBZF","0.266600000000000004","ARCHS4 Coexpression,0.2666",""
"INTERSECT_DLD1_HCT15_SW48","898","YY2","0.267100000000000004","Enrichr Queries,0.2671","NLRP6,PRDM1,ATF3,DDR2"
"INTERSECT_DLD1_HCT15_SW48","899","REXO4","0.267799999999999983","ARCHS4 Coexpression,0.2678",""
"INTERSECT_DLD1_HCT15_SW48","900","ZNF398","0.268199999999999994","GTEx Coexpression,0.2682",""
"INTERSECT_DLD1_HCT15_SW48","901","OTP","0.268400000000000027","ARCHS4 Coexpression,0.2684",""
"INTERSECT_DLD1_HCT15_SW48","902","ZNF222","0.268500000000000016","Enrichr Queries,0.2685","LAMP3,CLU,ATF3,DDR2"
"INTERSECT_DLD1_HCT15_SW48","903","ZNF174","0.269000000000000017","ARCHS4 Coexpression,0.269",""
"INTERSECT_DLD1_HCT15_SW48","904","TFDP2","0.269199999999999995","Enrichr Queries,0.2692","AKAP12,DHRS3,ATF3,DDR2"
"INTERSECT_DLD1_HCT15_SW48","905","BHLHE22","0.269399999999999973","GTEx Coexpression,0.2694",""
"INTERSECT_DLD1_HCT15_SW48","906","NFYC","0.269699999999999995","ARCHS4 Coexpression,0.2697",""
"INTERSECT_DLD1_HCT15_SW48","907","SOX15","0.269899999999999973","Enrichr Queries,0.2699","PRDM1,CD68,ATF3,DDR2"
"INTERSECT_DLD1_HCT15_SW48","908","HMG20B","0.270100000000000007","GTEx Coexpression,0.2701",""
"INTERSECT_DLD1_HCT15_SW48","909","ZNF483","0.270299999999999985","ARCHS4 Coexpression,0.2703",""
"INTERSECT_DLD1_HCT15_SW48","910","ZNF287","0.270699999999999996","Enrichr Queries,0.2707","PRDM1,DHRS3,ATF3,DDR2"
"INTERSECT_DLD1_HCT15_SW48","911","ELK3","0.271399999999999975","Enrichr Queries,0.2714","AKAP12,PRDM1,ATF3,DDR2"
"INTERSECT_DLD1_HCT15_SW48","912","TERF1","0.271500000000000019","ARCHS4 Coexpression,0.2715",""
"INTERSECT_DLD1_HCT15_SW48","913","ZNF681","0.272600000000000009","GTEx Coexpression,0.2726",""
"INTERSECT_DLD1_HCT15_SW48","914","ZIK1","0.273199999999999998","GTEx Coexpression,0.2732",""
"INTERSECT_DLD1_HCT15_SW48","915","POU2F1","0.274399999999999977","GTEx Coexpression,0.2744",""
"INTERSECT_DLD1_HCT15_SW48","916","NR2C2","0.274600000000000011","ARCHS4 Coexpression,0.2746",""
"INTERSECT_DLD1_HCT15_SW48","917","ELF1","0.275200000000000000","ARCHS4 Coexpression,0.2752",""
"INTERSECT_DLD1_HCT15_SW48","918","THYN1","0.275700000000000001","GTEx Coexpression,0.2757",""
"INTERSECT_DLD1_HCT15_SW48","919","ATOH7","0.275799999999999990","ARCHS4 Coexpression,0.2758",""
"INTERSECT_DLD1_HCT15_SW48","920","MYBL2","0.276299999999999990","GTEx Coexpression,0.2763",""
"INTERSECT_DLD1_HCT15_SW48","921","ZNF821","0.276399999999999979","ARCHS4 Coexpression,0.2764",""
"INTERSECT_DLD1_HCT15_SW48","922","VSX2","0.277000000000000024","ARCHS4 Coexpression,0.277",""
"INTERSECT_DLD1_HCT15_SW48","923","ZNF33B","0.277500000000000024","GTEx Coexpression,0.2775",""
"INTERSECT_DLD1_HCT15_SW48","924","FERD3L","0.277600000000000013","ARCHS4 Coexpression,0.2776",""
"INTERSECT_DLD1_HCT15_SW48","925","ZNF250","0.277799999999999991","Enrichr Queries,0.2778","AKAP12,DHRS3,ATF3,DDR2"
"INTERSECT_DLD1_HCT15_SW48","926","DMRTC2","0.278299999999999992","ARCHS4 Coexpression,0.2783",""
"INTERSECT_DLD1_HCT15_SW48","927","ZNF541","0.279200000000000004","Enrichr Queries,0.2792","TNXB,NLRP6,ATF3,DDR2"
"INTERSECT_DLD1_HCT15_SW48","928","FOXK1","0.279500000000000026","ReMap ChIP-seq,0.2795","CD68,ATF3"
"INTERSECT_DLD1_HCT15_SW48","929","SRF","0.279700000000000004","ENCODE ChIP-seq,0.2797","NLRP6,DDR2"
"INTERSECT_DLD1_HCT15_SW48","930","ZNF26","0.280600000000000016","GTEx Coexpression,0.2806",""
"INTERSECT_DLD1_HCT15_SW48","931","ZFP69","0.280700000000000005","ARCHS4 Coexpression,0.2807",""
"INTERSECT_DLD1_HCT15_SW48","932","CAMTA2","0.281899999999999984","GTEx Coexpression,0.2819",""
"INTERSECT_DLD1_HCT15_SW48","933","ZIM3","0.281899999999999984","ARCHS4 Coexpression,0.2819",""
"INTERSECT_DLD1_HCT15_SW48","934","CPXCR1","0.282600000000000018","ARCHS4 Coexpression,0.2826",""
"INTERSECT_DLD1_HCT15_SW48","935","ZNF207","0.282799999999999996","ReMap ChIP-seq,0.2828","LY6G6C,CD68"
"INTERSECT_DLD1_HCT15_SW48","936","KLF14","0.283200000000000007","ARCHS4 Coexpression,0.2832",""
"INTERSECT_DLD1_HCT15_SW48","937","DACH2","0.283799999999999997","ARCHS4 Coexpression,0.2838",""
"INTERSECT_DLD1_HCT15_SW48","938","ZBTB25","0.284899999999999987","Enrichr Queries,0.2849","PRDM1,DHRS3,ATF3,DDR2"
"INTERSECT_DLD1_HCT15_SW48","939","ZNF235","0.284999999999999976","GTEx Coexpression,0.285",""
"INTERSECT_DLD1_HCT15_SW48","940","ETS1","0.285600000000000021","Enrichr Queries,0.2856","AKAP12,PRDM1,ATF3,DDR2"
"INTERSECT_DLD1_HCT15_SW48","941","ZNF668","0.285600000000000021","ARCHS4 Coexpression,0.2856",""
"INTERSECT_DLD1_HCT15_SW48","942","TLX3","0.286200000000000010","ARCHS4 Coexpression,0.2862",""
"INTERSECT_DLD1_HCT15_SW48","943","ZNF781","0.286200000000000010","GTEx Coexpression,0.2862",""
"INTERSECT_DLD1_HCT15_SW48","944","SP3","0.286999999999999977","Enrichr Queries,0.287","NLRP6,PRDM1,ATF3,DDR2"
"INTERSECT_DLD1_HCT15_SW48","945","ZNF285","0.287499999999999978","GTEx Coexpression,0.2875",""
"INTERSECT_DLD1_HCT15_SW48","946","FOXD3","0.288100000000000023","ARCHS4 Coexpression,0.2881",""
"INTERSECT_DLD1_HCT15_SW48","947","RUNX3","0.288100000000000023","ENCODE ChIP-seq,0.2881","CASS4,PRDM1,CD68"
"INTERSECT_DLD1_HCT15_SW48","948","THAP7","0.288700000000000012","ARCHS4 Coexpression,0.2887",""
"INTERSECT_DLD1_HCT15_SW48","949","HES5","0.289200000000000013","Enrichr Queries,0.2892","PRDM1,DHRS3,ATF3,DDR2"
"INTERSECT_DLD1_HCT15_SW48","950","BHLHE23","0.289300000000000002","ARCHS4 Coexpression,0.2893",""
"INTERSECT_DLD1_HCT15_SW48","951","ZNF385C","0.289399999999999991","GTEx Coexpression,0.2894",""
"INTERSECT_DLD1_HCT15_SW48","952","ELK4","0.289600000000000024","ReMap ChIP-seq,0.2896","PRSS22,CD68"
"INTERSECT_DLD1_HCT15_SW48","953","ZUP1","0.289999999999999980","GTEx Coexpression,0.29",""
"INTERSECT_DLD1_HCT15_SW48","954","ZNF528","0.290600000000000025","Enrichr Queries,0.2906","AKAP12,CLU,DHRS3,DDR2"
"INTERSECT_DLD1_HCT15_SW48","955","ZNF550","0.290600000000000025","GTEx Coexpression,0.2906",""
"INTERSECT_DLD1_HCT15_SW48","956","PAX4","0.291300000000000003","Enrichr Queries,0.2913","NLRP6,GREB1,PRDM1,ATF3"
"INTERSECT_DLD1_HCT15_SW48","957","ZNF256","0.291800000000000004","GTEx Coexpression,0.2918",""
"INTERSECT_DLD1_HCT15_SW48","958","ZNF513","0.292399999999999993","ARCHS4 Coexpression,0.2924",""
"INTERSECT_DLD1_HCT15_SW48","959","ZNF7","0.292499999999999982","GTEx Coexpression,0.2925",""
"INTERSECT_DLD1_HCT15_SW48","960","HNF1A","0.293100000000000027","GTEx Coexpression,0.2931",""
"INTERSECT_DLD1_HCT15_SW48","961","ZSCAN2","0.293399999999999994","Enrichr Queries,0.2934","PRDM1,DHRS3,ATF3,DDR2"
"INTERSECT_DLD1_HCT15_SW48","962","POU3F4","0.293600000000000028","ARCHS4 Coexpression,0.2936",""
"INTERSECT_DLD1_HCT15_SW48","963","ZNF521","0.293700000000000017","GTEx Coexpression,0.2937",""
"INTERSECT_DLD1_HCT15_SW48","964","SNAPC4","0.294300000000000006","GTEx Coexpression,0.2943",""
"INTERSECT_DLD1_HCT15_SW48","965","ADNP2","0.294800000000000006","ARCHS4 Coexpression,0.2948",""
"INTERSECT_DLD1_HCT15_SW48","966","SCRT2","0.294999999999999984","GTEx Coexpression,0.295",""
"INTERSECT_DLD1_HCT15_SW48","967","FAM200B","0.295499999999999985","ARCHS4 Coexpression,0.2955",""
"INTERSECT_DLD1_HCT15_SW48","968","ATF2","0.295599999999999974","GTEx Coexpression,0.2956",""
"INTERSECT_DLD1_HCT15_SW48","969","ZNF24","0.296300000000000008","ReMap ChIP-seq,0.2963","LY6G6C,DHRS3"
"INTERSECT_DLD1_HCT15_SW48","970","ZNF707","0.296700000000000019","ARCHS4 Coexpression,0.2967",""
"INTERSECT_DLD1_HCT15_SW48","971","ONECUT2","0.296800000000000008","GTEx Coexpression,0.2968",""
"INTERSECT_DLD1_HCT15_SW48","972","ZFP14","0.296999999999999986","Enrichr Queries,0.297","PRDM1,DHRS3,ATF3,DDR2"
"INTERSECT_DLD1_HCT15_SW48","973","ZFP62","0.298099999999999976","GTEx Coexpression,0.2981",""
"INTERSECT_DLD1_HCT15_SW48","974","FOXN4","0.298399999999999999","Enrichr Queries,0.2984","GREB1,CLU,ATF3,DDR2"
"INTERSECT_DLD1_HCT15_SW48","975","ZNF691","0.298700000000000021","GTEx Coexpression,0.2987",""
"INTERSECT_DLD1_HCT15_SW48","976","GBX2","0.298800000000000010","Literature ChIP-seq,0.2988","NEB"
"INTERSECT_DLD1_HCT15_SW48","977","ZBED1","0.299700000000000022","ReMap ChIP-seq,0.2997","LY6G6C,CD68"
"INTERSECT_DLD1_HCT15_SW48","978","FOXD2","0.299900000000000000","Enrichr Queries,0.2999","PRDM1,DHRS3,ATF3,DDR2"
"INTERSECT_DLD1_HCT15_SW48","979","ZNF493","0.299900000000000000","GTEx Coexpression,0.2999",""
"INTERSECT_DLD1_HCT15_SW48","980","ZFP91","0.300400000000000000","ARCHS4 Coexpression,0.3004",""
"INTERSECT_DLD1_HCT15_SW48","981","ZNF92","0.300599999999999978","GTEx Coexpression,0.3006",""
"INTERSECT_DLD1_HCT15_SW48","982","THAP3","0.300999999999999990","ARCHS4 Coexpression,0.301",""
"INTERSECT_DLD1_HCT15_SW48","983","ZBED4","0.301200000000000023","GTEx Coexpression,0.3012",""
"INTERSECT_DLD1_HCT15_SW48","984","TAL2","0.301300000000000012","Enrichr Queries,0.3013","PRDM1,DHRS3,ATF3,DDR2"
"INTERSECT_DLD1_HCT15_SW48","985","GSC2","0.301599999999999979","ARCHS4 Coexpression,0.3016",""
"INTERSECT_DLD1_HCT15_SW48","986","ZNF732","0.302400000000000002","GTEx Coexpression,0.3024",""
"INTERSECT_DLD1_HCT15_SW48","987","TLX1","0.302999999999999992","GTEx Coexpression,0.303",""
"INTERSECT_DLD1_HCT15_SW48","988","FOXO3","0.304099999999999981","Enrichr Queries,0.3041","PRDM1,DHRS3,ATF3,DDR2"
"INTERSECT_DLD1_HCT15_SW48","989","ZFHX2","0.304700000000000026","ARCHS4 Coexpression,0.3047",""
"INTERSECT_DLD1_HCT15_SW48","990","ELF4","0.304800000000000015","Enrichr Queries,0.3048","PRDM1,CD68,ATF3,DDR2"
"INTERSECT_DLD1_HCT15_SW48","991","NPAS4","0.304900000000000004","GTEx Coexpression,0.3049",""
"INTERSECT_DLD1_HCT15_SW48","992","PRDM13","0.305300000000000016","ARCHS4 Coexpression,0.3053",""
"INTERSECT_DLD1_HCT15_SW48","993","NAIF1","0.305499999999999994","GTEx Coexpression,0.3055",""
"INTERSECT_DLD1_HCT15_SW48","994","DRAP1","0.306499999999999995","ARCHS4 Coexpression,0.3065",""
"INTERSECT_DLD1_HCT15_SW48","995","AKAP8","0.306800000000000017","GTEx Coexpression,0.3068",""
"INTERSECT_DLD1_HCT15_SW48","996","TFAP4","0.307400000000000007","GTEx Coexpression,0.3074",""
"INTERSECT_DLD1_HCT15_SW48","997","ZNF18","0.307699999999999974","Enrichr Queries,0.3077","PRDM1,DHRS3,ATF3,DDR2"
"INTERSECT_DLD1_HCT15_SW48","998","ZSCAN20","0.307699999999999974","ARCHS4 Coexpression,0.3077",""
"INTERSECT_DLD1_HCT15_SW48","999","CHCHD3","0.307999999999999996","GTEx Coexpression,0.308",""
"INTERSECT_DLD1_HCT15_SW48","1000","ZNF136","0.308400000000000007","ARCHS4 Coexpression,0.3084",""
"INTERSECT_DLD1_HCT15_SW48","1001","ZNF329","0.308400000000000007","Enrichr Queries,0.3084","LAMP3,DHRS3,ATF3,DDR2"
"INTERSECT_DLD1_HCT15_SW48","1002","ZNF558","0.308599999999999985","GTEx Coexpression,0.3086",""
"INTERSECT_DLD1_HCT15_SW48","1003","FOXH1","0.308999999999999997","ARCHS4 Coexpression,0.309",""
"INTERSECT_DLD1_HCT15_SW48","1004","LBX2","0.309099999999999986","Enrichr Queries,0.3091","PRDM1,DHRS3,ATF3,DDR2"
"INTERSECT_DLD1_HCT15_SW48","1005","ZNF594","0.309300000000000019","GTEx Coexpression,0.3093",""
"INTERSECT_DLD1_HCT15_SW48","1006","ZNF730","0.309900000000000009","GTEx Coexpression,0.3099",""
"INTERSECT_DLD1_HCT15_SW48","1007","DMRT1","0.310199999999999976","ARCHS4 Coexpression,0.3102",""
"INTERSECT_DLD1_HCT15_SW48","1008","HSF2","0.310499999999999998","Enrichr Queries,0.3105","AKAP12,PRDM1,ATF3,DDR2"
"INTERSECT_DLD1_HCT15_SW48","1009","RREB1","0.310800000000000021","ARCHS4 Coexpression,0.3108",""
"INTERSECT_DLD1_HCT15_SW48","1010","PLAGL2","0.311099999999999988","GTEx Coexpression,0.3111",""
"INTERSECT_DLD1_HCT15_SW48","1011","HIC2","0.311300000000000021","Enrichr Queries,0.3113","AKAP12,PRDM1,ATF3,DDR2"
"INTERSECT_DLD1_HCT15_SW48","1012","ZNF804A","0.311400000000000010","ARCHS4 Coexpression,0.3114",""
"INTERSECT_DLD1_HCT15_SW48","1013","INSM2","0.312400000000000011","GTEx Coexpression,0.3124",""
"INTERSECT_DLD1_HCT15_SW48","1014","YBX2","0.312699999999999978","Enrichr Queries,0.3127","CLU,DHRS3,ATF3,DDR2"
"INTERSECT_DLD1_HCT15_SW48","1015","PAX2","0.313000000000000000","GTEx Coexpression,0.313",""
"INTERSECT_DLD1_HCT15_SW48","1016","ZNF395","0.314099999999999990","Enrichr Queries,0.3141","CLU,DHRS3,ATF3,DDR2"
"INTERSECT_DLD1_HCT15_SW48","1017","TET2","0.314300000000000024","GTEx Coexpression,0.3143",""
"INTERSECT_DLD1_HCT15_SW48","1018","ZNF787","0.315500000000000003","GTEx Coexpression,0.3155",""
"INTERSECT_DLD1_HCT15_SW48","1019","ARID3A","0.315500000000000003","Enrichr Queries,0.3155","PRDM1,DHRS3,ATF3,DDR2"
"INTERSECT_DLD1_HCT15_SW48","1020","KCMF1","0.315699999999999981","ARCHS4 Coexpression,0.3157",""
"INTERSECT_DLD1_HCT15_SW48","1021","CUX2","0.316300000000000026","ARCHS4 Coexpression,0.3163",""
"INTERSECT_DLD1_HCT15_SW48","1022","SETDB1","0.316500000000000004","ReMap ChIP-seq,0.3165","NLRP6,DHRS3"
"INTERSECT_DLD1_HCT15_SW48","1023","FOXO6","0.317000000000000004","Enrichr Queries,0.317","CLU,DHRS3,ATF3,DDR2"
"INTERSECT_DLD1_HCT15_SW48","1024","ZNF365","0.317000000000000004","ARCHS4 Coexpression,0.317",""
"INTERSECT_DLD1_HCT15_SW48","1025","L3MBTL1","0.318000000000000005","GTEx Coexpression,0.318",""
"INTERSECT_DLD1_HCT15_SW48","1026","ZKSCAN7","0.318199999999999983","ARCHS4 Coexpression,0.3182",""
"INTERSECT_DLD1_HCT15_SW48","1027","PA2G4","0.318599999999999994","GTEx Coexpression,0.3186",""
"INTERSECT_DLD1_HCT15_SW48","1028","ZNF35","0.319099999999999995","Enrichr Queries,0.3191","AKAP12,PRDM1,ATF3,DDR2"
"INTERSECT_DLD1_HCT15_SW48","1029","ZNF420","0.319199999999999984","GTEx Coexpression,0.3192",""
"INTERSECT_DLD1_HCT15_SW48","1030","SREBF1","0.319799999999999973","Enrichr Queries,0.3198","CLU,DHRS3,ATF3,DDR2"
"INTERSECT_DLD1_HCT15_SW48","1031","NFYA","0.319900000000000018","GTEx Coexpression,0.3199",""
"INTERSECT_DLD1_HCT15_SW48","1032","TERF2","0.319900000000000018","ReMap ChIP-seq,0.3199","CD68,ATF3"
"INTERSECT_DLD1_HCT15_SW48","1033","ZFAT","0.320000000000000007","ARCHS4 Coexpression,0.32",""
"INTERSECT_DLD1_HCT15_SW48","1034","ZNF549","0.320500000000000007","GTEx Coexpression,0.3205",""
"INTERSECT_DLD1_HCT15_SW48","1035","ZNF341","0.321299999999999975","ARCHS4 Coexpression,0.3213",""
"INTERSECT_DLD1_HCT15_SW48","1036","DEAF1","0.321699999999999986","GTEx Coexpression,0.3217",""
"INTERSECT_DLD1_HCT15_SW48","1037","RHOXF1","0.322299999999999975","GTEx Coexpression,0.3223",""
"INTERSECT_DLD1_HCT15_SW48","1038","SCMH1","0.322500000000000009","ARCHS4 Coexpression,0.3225",""
"INTERSECT_DLD1_HCT15_SW48","1039","ZNF280C","0.323400000000000021","Enrichr Queries,0.3234","AKAP12,CLU,ATF3,DDR2"
"INTERSECT_DLD1_HCT15_SW48","1040","FEZF1","0.323699999999999988","ARCHS4 Coexpression,0.3237",""
"INTERSECT_DLD1_HCT15_SW48","1041","ZSCAN23","0.324099999999999999","Enrichr Queries,0.3241","AKAP12,GREB1,NEB,DDR2"
"INTERSECT_DLD1_HCT15_SW48","1042","FOXN2","0.324199999999999988","GTEx Coexpression,0.3242",""
"INTERSECT_DLD1_HCT15_SW48","1043","ZNF705E","0.324799999999999978","GTEx Coexpression,0.3248",""
"INTERSECT_DLD1_HCT15_SW48","1044","HOXA13","0.324900000000000022","ARCHS4 Coexpression,0.3249",""
"INTERSECT_DLD1_HCT15_SW48","1045","TFEB","0.325500000000000012","Enrichr Queries,0.3255","PRDM1,DHRS3,ATF3,DDR2"
"INTERSECT_DLD1_HCT15_SW48","1046","ZBTB11","0.326100000000000001","GTEx Coexpression,0.3261",""
"INTERSECT_DLD1_HCT15_SW48","1047","E2F8","0.326699999999999990","GTEx Coexpression,0.3267",""
"INTERSECT_DLD1_HCT15_SW48","1048","SP1","0.327299999999999980","GTEx Coexpression,0.3273",""
"INTERSECT_DLD1_HCT15_SW48","1049","ZNF282","0.327400000000000024","ARCHS4 Coexpression,0.3274",""
"INTERSECT_DLD1_HCT15_SW48","1050","NR2C1","0.327600000000000002","Enrichr Queries,0.3276","AKAP12,NLRP6,ATF3,DDR2"
"INTERSECT_DLD1_HCT15_SW48","1051","MYBL1","0.328600000000000003","GTEx Coexpression,0.3286",""
"INTERSECT_DLD1_HCT15_SW48","1052","ZNF610","0.329199999999999993","GTEx Coexpression,0.3292",""
"INTERSECT_DLD1_HCT15_SW48","1053","ZNF446","0.329199999999999993","ARCHS4 Coexpression,0.3292",""
"INTERSECT_DLD1_HCT15_SW48","1054","HSF4","0.329799999999999982","Enrichr Queries,0.3298","TNXB,CLU,ATF3,DDR2"
"INTERSECT_DLD1_HCT15_SW48","1055","ZNF462","0.329799999999999982","GTEx Coexpression,0.3298",""
"INTERSECT_DLD1_HCT15_SW48","1056","EN2","0.330400000000000027","GTEx Coexpression,0.3304",""
"INTERSECT_DLD1_HCT15_SW48","1057","ZNF182","0.330500000000000016","Enrichr Queries,0.3305","NLRP6,DHRS3,ATF3,DDR2"
"INTERSECT_DLD1_HCT15_SW48","1058","ZNF585A","0.331100000000000005","GTEx Coexpression,0.3311",""
"INTERSECT_DLD1_HCT15_SW48","1059","ZNF383","0.331199999999999994","Enrichr Queries,0.3312","NLRP6,PRDM1,ATF3,DDR2"
"INTERSECT_DLD1_HCT15_SW48","1060","GTF2I","0.331699999999999995","ARCHS4 Coexpression,0.3317",""
"INTERSECT_DLD1_HCT15_SW48","1061","CSRNP3","0.332299999999999984","GTEx Coexpression,0.3323",""
"INTERSECT_DLD1_HCT15_SW48","1062","POU6F2","0.332299999999999984","ARCHS4 Coexpression,0.3323",""
"INTERSECT_DLD1_HCT15_SW48","1063","ZFP90","0.332600000000000007","Enrichr Queries,0.3326","PRDM1,DHRS3,ATF3,DDR2"
"INTERSECT_DLD1_HCT15_SW48","1064","ZBTB33","0.333299999999999985","ReMap ChIP-seq,0.3333","LY6G6C,CD68"
"INTERSECT_DLD1_HCT15_SW48","1065","IRF2","0.333299999999999985","Enrichr Queries,0.3333","PRDM1,DHRS3,ATF3,DDR2"
"INTERSECT_DLD1_HCT15_SW48","1066","ZNF77","0.334000000000000019","Enrichr Queries,0.334","LAMP3,DHRS3,ATF3,DDR2"
"INTERSECT_DLD1_HCT15_SW48","1067","ZNF500","0.334199999999999997","GTEx Coexpression,0.3342",""
"INTERSECT_DLD1_HCT15_SW48","1068","ZNF582","0.334799999999999986","Enrichr Queries,0.3348","AKAP12,PRDM1,ATF3,DDR2"
"INTERSECT_DLD1_HCT15_SW48","1069","ZNF124","0.335500000000000020","Enrichr Queries,0.3355","AKAP12,CLU,ATF3,DDR2"
"INTERSECT_DLD1_HCT15_SW48","1070","ZNF689","0.336000000000000021","ARCHS4 Coexpression,0.336",""
"INTERSECT_DLD1_HCT15_SW48","1071","ZNF16","0.336000000000000021","GTEx Coexpression,0.336",""
"INTERSECT_DLD1_HCT15_SW48","1072","ZBTB37","0.336899999999999977","Enrichr Queries,0.3369","NLRP6,PRDM1,ATF3,DDR2"
"INTERSECT_DLD1_HCT15_SW48","1073","SCML4","0.337299999999999989","GTEx Coexpression,0.3373",""
"INTERSECT_DLD1_HCT15_SW48","1074","GZF1","0.337799999999999989","ARCHS4 Coexpression,0.3378",""
"INTERSECT_DLD1_HCT15_SW48","1075","ZBTB34","0.337899999999999978","GTEx Coexpression,0.3379",""
"INTERSECT_DLD1_HCT15_SW48","1076","LHX3","0.338500000000000023","ARCHS4 Coexpression,0.3385",""
"INTERSECT_DLD1_HCT15_SW48","1077","ZFPM2","0.338500000000000023","GTEx Coexpression,0.3385",""
"INTERSECT_DLD1_HCT15_SW48","1078","SNAPC2","0.339100000000000013","ARCHS4 Coexpression,0.3391",""
"INTERSECT_DLD1_HCT15_SW48","1079","ZNF337","0.339700000000000002","ARCHS4 Coexpression,0.3397",""
"INTERSECT_DLD1_HCT15_SW48","1080","SOX11","0.340100000000000013","ReMap ChIP-seq,0.3401","CEACAM6,PRSS22"
"INTERSECT_DLD1_HCT15_SW48","1081","ZNF34","0.340299999999999991","ARCHS4 Coexpression,0.3403",""
"INTERSECT_DLD1_HCT15_SW48","1082","ZMAT4","0.340399999999999980","GTEx Coexpression,0.3404",""
"INTERSECT_DLD1_HCT15_SW48","1083","ZSCAN5B","0.341000000000000025","GTEx Coexpression,0.341",""
"INTERSECT_DLD1_HCT15_SW48","1084","ZBTB1","0.341200000000000003","Enrichr Queries,0.3412","NLRP6,PRDM1,ATF3,DDR2"
"INTERSECT_DLD1_HCT15_SW48","1085","GABPA","0.341500000000000026","Literature ChIP-seq,0.3415","SLPI,DDR2"
"INTERSECT_DLD1_HCT15_SW48","1086","ZNF567","0.341500000000000026","ARCHS4 Coexpression,0.3415",""
"INTERSECT_DLD1_HCT15_SW48","1087","ZNF763","0.341899999999999982","Enrichr Queries,0.3419","AKAP12,DHRS3,ATF3,DDR2"
"INTERSECT_DLD1_HCT15_SW48","1088","SON","0.342100000000000015","ARCHS4 Coexpression,0.3421",""
"INTERSECT_DLD1_HCT15_SW48","1089","ZSCAN31","0.342299999999999993","GTEx Coexpression,0.3423",""
"INTERSECT_DLD1_HCT15_SW48","1090","PAX8","0.343299999999999994","Enrichr Queries,0.3433","AKAP12,PRDM1,ATF3,DDR2"
"INTERSECT_DLD1_HCT15_SW48","1091","PATZ1","0.343399999999999983","ARCHS4 Coexpression,0.3434",""
"INTERSECT_DLD1_HCT15_SW48","1092","ZNF333","0.343999999999999972","Enrichr Queries,0.344","AKAP12,NLRP6,ATF3,DDR2"
"INTERSECT_DLD1_HCT15_SW48","1093","E2F2","0.344100000000000017","GTEx Coexpression,0.3441",""
"INTERSECT_DLD1_HCT15_SW48","1094","TIGD6","0.344700000000000006","Enrichr Queries,0.3447","AKAP12,PRDM1,ATF3,DDR2"
"INTERSECT_DLD1_HCT15_SW48","1095","ZSCAN12","0.345399999999999985","Enrichr Queries,0.3454","AKAP12,PRDM1,ATF3,DDR2"
"INTERSECT_DLD1_HCT15_SW48","1096","ZNF646","0.345799999999999996","ARCHS4 Coexpression,0.3458",""
"INTERSECT_DLD1_HCT15_SW48","1097","NANOGNB","0.346399999999999986","ARCHS4 Coexpression,0.3464",""
"INTERSECT_DLD1_HCT15_SW48","1098","ZNF280B","0.346899999999999986","Enrichr Queries,0.3469","AKAP12,CLU,ATF3,DDR2"
"INTERSECT_DLD1_HCT15_SW48","1099","ASCL1","0.347100000000000020","ARCHS4 Coexpression,0.3471",""
"INTERSECT_DLD1_HCT15_SW48","1100","SP140","0.347200000000000009","GTEx Coexpression,0.3472",""
"INTERSECT_DLD1_HCT15_SW48","1101","NFXL1","0.347600000000000020","Enrichr Queries,0.3476","NLRP6,DHRS3,ATF3,DDR2"
"INTERSECT_DLD1_HCT15_SW48","1102","TFDP3","0.347700000000000009","ARCHS4 Coexpression,0.3477",""
"INTERSECT_DLD1_HCT15_SW48","1103","DNMT1","0.348299999999999998","ARCHS4 Coexpression,0.3483",""
"INTERSECT_DLD1_HCT15_SW48","1104","HESX1","0.348999999999999977","Enrichr Queries,0.349","LAMP3,PRDM1,ATF3,DDR2"
"INTERSECT_DLD1_HCT15_SW48","1105","ZNF66","0.349700000000000011","GTEx Coexpression,0.3497",""
"INTERSECT_DLD1_HCT15_SW48","1106","ZNF408","0.351399999999999990","ARCHS4 Coexpression,0.3514",""
"INTERSECT_DLD1_HCT15_SW48","1107","ZNF354A","0.351600000000000024","GTEx Coexpression,0.3516",""
"INTERSECT_DLD1_HCT15_SW48","1108","ZNF547","0.351899999999999991","Enrichr Queries,0.3519","CLU,DHRS3,ATF3,DDR2"
"INTERSECT_DLD1_HCT15_SW48","1109","ZBTB45","0.351999999999999980","ARCHS4 Coexpression,0.352",""
"INTERSECT_DLD1_HCT15_SW48","1110","ZNF674","0.352800000000000002","GTEx Coexpression,0.3528",""
"INTERSECT_DLD1_HCT15_SW48","1111","ZNF514","0.353200000000000014","ARCHS4 Coexpression,0.3532",""
"INTERSECT_DLD1_HCT15_SW48","1112","ESRRA","0.353499999999999981","ReMap ChIP-seq,0.3535","PRSS22,DHRS3"
"INTERSECT_DLD1_HCT15_SW48","1113","ZBTB40","0.353800000000000003","ARCHS4 Coexpression,0.3538",""
"INTERSECT_DLD1_HCT15_SW48","1114","BORCS8MEF2B","0.354999999999999982","ARCHS4 Coexpression,0.355",""
"INTERSECT_DLD1_HCT15_SW48","1115","ZBTB7A","0.355899999999999994","ENCODE ChIP-seq,0.3559","LAMP3,PRSS22,CLU"
"INTERSECT_DLD1_HCT15_SW48","1116","NANOGP8","0.356300000000000006","ARCHS4 Coexpression,0.3563",""
"INTERSECT_DLD1_HCT15_SW48","1117","CDC5L","0.356599999999999973","GTEx Coexpression,0.3566",""
"INTERSECT_DLD1_HCT15_SW48","1118","SETDB2","0.356800000000000006","Enrichr Queries,0.3568","AKAP12,NLRP6,ATF3,DDR2"
"INTERSECT_DLD1_HCT15_SW48","1119","MYSM1","0.357200000000000017","GTEx Coexpression,0.3572",""
"INTERSECT_DLD1_HCT15_SW48","1120","ZNF805","0.357499999999999984","ARCHS4 Coexpression,0.3575",""
"INTERSECT_DLD1_HCT15_SW48","1121","ZNF709","0.357499999999999984","Enrichr Queries,0.3575","TNXB,NLRP6,ATF3,DDR2"
"INTERSECT_DLD1_HCT15_SW48","1122","ZNF486","0.357800000000000007","GTEx Coexpression,0.3578",""
"INTERSECT_DLD1_HCT15_SW48","1123","ZNF574","0.358700000000000019","ARCHS4 Coexpression,0.3587",""
"INTERSECT_DLD1_HCT15_SW48","1124","ZNF224","0.359099999999999975","GTEx Coexpression,0.3591",""
"INTERSECT_DLD1_HCT15_SW48","1125","SIX5","0.360300000000000009","ReMap ChIP-seq,0.3603","KRT81,CD68"
"INTERSECT_DLD1_HCT15_SW48","1126","ZNF138","0.360899999999999999","GTEx Coexpression,0.3609",""
"INTERSECT_DLD1_HCT15_SW48","1127","ZNF560","0.362800000000000011","GTEx Coexpression,0.3628",""
"INTERSECT_DLD1_HCT15_SW48","1128","KLF1","0.362999999999999989","ARCHS4 Coexpression,0.363",""
"INTERSECT_DLD1_HCT15_SW48","1129","ZNF491","0.363400000000000001","GTEx Coexpression,0.3634",""
"INTERSECT_DLD1_HCT15_SW48","1130","VAX1","0.364300000000000013","ARCHS4 Coexpression,0.3643",""
"INTERSECT_DLD1_HCT15_SW48","1131","DR1","0.364700000000000024","GTEx Coexpression,0.3647",""
"INTERSECT_DLD1_HCT15_SW48","1132","ZNF724","0.365300000000000014","GTEx Coexpression,0.3653",""
"INTERSECT_DLD1_HCT15_SW48","1133","NOTO","0.365400000000000003","Enrichr Queries,0.3654","NLRP6,PRDM1,ATF3"
"INTERSECT_DLD1_HCT15_SW48","1134","SETBP1","0.365499999999999992","ARCHS4 Coexpression,0.3655",""
"INTERSECT_DLD1_HCT15_SW48","1135","DPF1","0.365900000000000003","GTEx Coexpression,0.3659",""
"INTERSECT_DLD1_HCT15_SW48","1136","RBSN","0.366700000000000026","ARCHS4 Coexpression,0.3667",""
"INTERSECT_DLD1_HCT15_SW48","1137","DMRT3","0.366800000000000015","Enrichr Queries,0.3668","PRDM1,ATF3,DDR2"
"INTERSECT_DLD1_HCT15_SW48","1138","FOXA3","0.367300000000000015","ARCHS4 Coexpression,0.3673",""
"INTERSECT_DLD1_HCT15_SW48","1139","TBXT","0.368900000000000006","Enrichr Queries,0.3689","PRDM1,ATF3,DDR2"
"INTERSECT_DLD1_HCT15_SW48","1140","IKZF4","0.368999999999999995","GTEx Coexpression,0.369",""
"INTERSECT_DLD1_HCT15_SW48","1141","ZNF708","0.369599999999999984","GTEx Coexpression,0.3696",""
"INTERSECT_DLD1_HCT15_SW48","1142","FIGLA","0.369699999999999973","Enrichr Queries,0.3697","NLRP6,PRDM1,ATF3"
"INTERSECT_DLD1_HCT15_SW48","1143","NKX24","0.369800000000000018","ARCHS4 Coexpression,0.3698",""
"INTERSECT_DLD1_HCT15_SW48","1144","ZNF524","0.370400000000000007","Enrichr Queries,0.3704","DHRS3,ATF3,DDR2"
"INTERSECT_DLD1_HCT15_SW48","1145","ONECUT1","0.370400000000000007","ARCHS4 Coexpression,0.3704",""
"INTERSECT_DLD1_HCT15_SW48","1146","ALX3","0.371099999999999985","Enrichr Queries,0.3711","PRDM1,ATF3,DDR2"
"INTERSECT_DLD1_HCT15_SW48","1147","CENPX","0.371499999999999997","GTEx Coexpression,0.3715",""
"INTERSECT_DLD1_HCT15_SW48","1148","FOXD4L1","0.372699999999999976","GTEx Coexpression,0.3727",""
"INTERSECT_DLD1_HCT15_SW48","1149","AHDC1","0.373999999999999999","GTEx Coexpression,0.374",""
"INTERSECT_DLD1_HCT15_SW48","1150","VEZF1","0.374599999999999989","GTEx Coexpression,0.3746",""
"INTERSECT_DLD1_HCT15_SW48","1151","OLIG3","0.374699999999999978","ARCHS4 Coexpression,0.3747",""
"INTERSECT_DLD1_HCT15_SW48","1152","NR1H4","0.375199999999999978","GTEx Coexpression,0.3752",""
"INTERSECT_DLD1_HCT15_SW48","1153","POU3F3","0.375400000000000011","Enrichr Queries,0.3754","CLU,ATF3,DDR2"
"INTERSECT_DLD1_HCT15_SW48","1154","ZNF653","0.375900000000000012","GTEx Coexpression,0.3759",""
"INTERSECT_DLD1_HCT15_SW48","1155","TBX20","0.376099999999999990","Enrichr Queries,0.3761","PRDM1,ATF3,DDR2"
"INTERSECT_DLD1_HCT15_SW48","1156","ZNF888","0.376500000000000001","GTEx Coexpression,0.3765",""
"INTERSECT_DLD1_HCT15_SW48","1157","ZNF292","0.377099999999999991","ARCHS4 Coexpression,0.3771",""
"INTERSECT_DLD1_HCT15_SW48","1158","ZNF488","0.377500000000000002","Enrichr Queries,0.3775","DHRS3,ATF3,DDR2"
"INTERSECT_DLD1_HCT15_SW48","1159","ZNF14","0.378199999999999981","Enrichr Queries,0.3782","DHRS3,ATF3,DDR2"
"INTERSECT_DLD1_HCT15_SW48","1160","ZNF423","0.378300000000000025","GTEx Coexpression,0.3783",""
"INTERSECT_DLD1_HCT15_SW48","1161","ZNF239","0.378400000000000014","ARCHS4 Coexpression,0.3784",""
"INTERSECT_DLD1_HCT15_SW48","1162","ISL2","0.378900000000000015","Enrichr Queries,0.3789","PRDM1,ATF3,DDR2"
"INTERSECT_DLD1_HCT15_SW48","1163","FOXR1","0.379599999999999993","GTEx Coexpression,0.3796",""
"INTERSECT_DLD1_HCT15_SW48","1164","ZNF599","0.380800000000000027","ARCHS4 Coexpression,0.3808",""
"INTERSECT_DLD1_HCT15_SW48","1165","ZFX","0.381500000000000006","GTEx Coexpression,0.3815",""
"INTERSECT_DLD1_HCT15_SW48","1166","DMBX1","0.381799999999999973","Enrichr Queries,0.3818","PRDM1,ATF3,DDR2"
"INTERSECT_DLD1_HCT15_SW48","1167","ZNF576","0.382699999999999985","ARCHS4 Coexpression,0.3827",""
"INTERSECT_DLD1_HCT15_SW48","1168","ZNF37A","0.383299999999999974","GTEx Coexpression,0.3833",""
"INTERSECT_DLD1_HCT15_SW48","1169","ZNF623","0.384500000000000008","ARCHS4 Coexpression,0.3845",""
"INTERSECT_DLD1_HCT15_SW48","1170","NEUROG2","0.384599999999999997","GTEx Coexpression,0.3846",""
"INTERSECT_DLD1_HCT15_SW48","1171","ZNF227","0.384599999999999997","Enrichr Queries,0.3846","PRDM1,ATF3,DDR2"
"INTERSECT_DLD1_HCT15_SW48","1172","JRKL","0.386400000000000021","ARCHS4 Coexpression,0.3864",""
"INTERSECT_DLD1_HCT15_SW48","1173","ZNF48","0.387000000000000011","ARCHS4 Coexpression,0.387",""
"INTERSECT_DLD1_HCT15_SW48","1174","ZNF766","0.387699999999999989","GTEx Coexpression,0.3877",""
"INTERSECT_DLD1_HCT15_SW48","1175","PRDM14","0.388199999999999990","Enrichr Queries,0.3882","PRDM1,ATF3,DDR2"
"INTERSECT_DLD1_HCT15_SW48","1176","ZNF441","0.388199999999999990","ARCHS4 Coexpression,0.3882",""
"INTERSECT_DLD1_HCT15_SW48","1177","NKX28","0.388900000000000023","GTEx Coexpression,0.3889",""
"INTERSECT_DLD1_HCT15_SW48","1178","MAZ","0.390000000000000013","ARCHS4 Coexpression,0.39",""
"INTERSECT_DLD1_HCT15_SW48","1179","ZNF131","0.390199999999999991","GTEx Coexpression,0.3902",""
"INTERSECT_DLD1_HCT15_SW48","1180","ZNF471","0.390799999999999981","GTEx Coexpression,0.3908",""
"INTERSECT_DLD1_HCT15_SW48","1181","E2F1","0.391900000000000026","ARCHS4 Coexpression,0.3919",""
"INTERSECT_DLD1_HCT15_SW48","1182","MIXL1","0.392000000000000015","GTEx Coexpression,0.392",""
"INTERSECT_DLD1_HCT15_SW48","1183","CIC","0.392699999999999994","GTEx Coexpression,0.3927",""
"INTERSECT_DLD1_HCT15_SW48","1184","ZIM2","0.393100000000000005","ARCHS4 Coexpression,0.3931",""
"INTERSECT_DLD1_HCT15_SW48","1185","ZNF511","0.393299999999999983","GTEx Coexpression,0.3933",""
"INTERSECT_DLD1_HCT15_SW48","1186","ZNF121","0.393899999999999972","GTEx Coexpression,0.3939",""
"INTERSECT_DLD1_HCT15_SW48","1187","ZNF705G","0.395600000000000007","ARCHS4 Coexpression,0.3956",""
"INTERSECT_DLD1_HCT15_SW48","1188","BPTF","0.396199999999999997","ARCHS4 Coexpression,0.3962",""
"INTERSECT_DLD1_HCT15_SW48","1189","ZNF189","0.396799999999999986","ARCHS4 Coexpression,0.3968",""
"INTERSECT_DLD1_HCT15_SW48","1190","SKOR2","0.397000000000000020","GTEx Coexpression,0.397",""
"INTERSECT_DLD1_HCT15_SW48","1191","SOX1","0.397399999999999975","ARCHS4 Coexpression,0.3974",""
"INTERSECT_DLD1_HCT15_SW48","1192","ZSCAN16","0.397399999999999975","Enrichr Queries,0.3974","DHRS3,ATF3,DDR2"
"INTERSECT_DLD1_HCT15_SW48","1193","CRX","0.397600000000000009","GTEx Coexpression,0.3976",""
"INTERSECT_DLD1_HCT15_SW48","1194","SNAPC5","0.398000000000000020","ARCHS4 Coexpression,0.398",""
"INTERSECT_DLD1_HCT15_SW48","1195","OLIG2","0.398100000000000009","Enrichr Queries,0.3981","CLU,ATF3,DDR2"
"INTERSECT_DLD1_HCT15_SW48","1196","ZNF396","0.398299999999999987","GTEx Coexpression,0.3983",""
"INTERSECT_DLD1_HCT15_SW48","1197","PRDM5","0.398899999999999977","Enrichr Queries,0.3989","AKAP12,ATF3,DDR2"
"INTERSECT_DLD1_HCT15_SW48","1198","ZNF619","0.399500000000000022","GTEx Coexpression,0.3995",""
"INTERSECT_DLD1_HCT15_SW48","1199","ZNF559","0.402299999999999991","ARCHS4 Coexpression,0.4023",""
"INTERSECT_DLD1_HCT15_SW48","1200","ZNF788P","0.403100000000000014","Enrichr Queries,0.4031","AKAP12,LAMP3,DDR2"
"INTERSECT_DLD1_HCT15_SW48","1201","TIGD7","0.403200000000000003","GTEx Coexpression,0.4032",""
"INTERSECT_DLD1_HCT15_SW48","1202","TMF1","0.404200000000000004","ARCHS4 Coexpression,0.4042",""
"INTERSECT_DLD1_HCT15_SW48","1203","NKX12","0.404500000000000026","GTEx Coexpression,0.4045",""
"INTERSECT_DLD1_HCT15_SW48","1204","MECOM","0.404799999999999993","ARCHS4 Coexpression,0.4048",""
"INTERSECT_DLD1_HCT15_SW48","1205","MESP1","0.405299999999999994","Enrichr Queries,0.4053","DHRS3,ATF3,DDR2"
"INTERSECT_DLD1_HCT15_SW48","1206","SP9","0.406000000000000028","ARCHS4 Coexpression,0.406",""
"INTERSECT_DLD1_HCT15_SW48","1207","ZNF735","0.406299999999999994","GTEx Coexpression,0.4063",""
"INTERSECT_DLD1_HCT15_SW48","1208","ZNF98","0.406999999999999973","GTEx Coexpression,0.407",""
"INTERSECT_DLD1_HCT15_SW48","1209","ZNF350","0.407399999999999984","Enrichr Queries,0.4074","PRDM1,ATF3,DDR2"
"INTERSECT_DLD1_HCT15_SW48","1210","AKNA","0.409499999999999975","GTEx Coexpression,0.4095",""
"INTERSECT_DLD1_HCT15_SW48","1211","ZBTB48","0.409700000000000009","ARCHS4 Coexpression,0.4097",""
"INTERSECT_DLD1_HCT15_SW48","1212","FOXE3","0.410299999999999998","ARCHS4 Coexpression,0.4103",""
"INTERSECT_DLD1_HCT15_SW48","1213","THRB","0.410999999999999976","Enrichr Queries,0.411","CLU,ATF3,DDR2"
"INTERSECT_DLD1_HCT15_SW48","1214","DPRX","0.411700000000000010","Enrichr Queries,0.4117","PRDM1,ATF3,DDR2"
"INTERSECT_DLD1_HCT15_SW48","1215","GLYR1","0.411899999999999988","GTEx Coexpression,0.4119",""
"INTERSECT_DLD1_HCT15_SW48","1216","NFIX","0.412600000000000022","GTEx Coexpression,0.4126",""
"INTERSECT_DLD1_HCT15_SW48","1217","ZFPM1","0.413200000000000012","GTEx Coexpression,0.4132",""
"INTERSECT_DLD1_HCT15_SW48","1218","ZNF169","0.413800000000000001","GTEx Coexpression,0.4138",""
"INTERSECT_DLD1_HCT15_SW48","1219","ZNF672","0.414600000000000024","ARCHS4 Coexpression,0.4146",""
"INTERSECT_DLD1_HCT15_SW48","1220","FBXL19","0.415700000000000014","GTEx Coexpression,0.4157",""
"INTERSECT_DLD1_HCT15_SW48","1221","ZNF616","0.416700000000000015","Enrichr Queries,0.4167","DHRS3,ATF3,DDR2"
"INTERSECT_DLD1_HCT15_SW48","1222","ONECUT3","0.416899999999999993","GTEx Coexpression,0.4169",""
"INTERSECT_DLD1_HCT15_SW48","1223","ZNF230","0.417100000000000026","ARCHS4 Coexpression,0.4171",""
"INTERSECT_DLD1_HCT15_SW48","1224","HOXD11","0.417700000000000016","ARCHS4 Coexpression,0.4177",""
"INTERSECT_DLD1_HCT15_SW48","1225","RAX2","0.418100000000000027","Enrichr Queries,0.4181","CD68,DHRS3,DDR2"
"INTERSECT_DLD1_HCT15_SW48","1226","PTF1A","0.418200000000000016","GTEx Coexpression,0.4182",""
"INTERSECT_DLD1_HCT15_SW48","1227","MSANTD4","0.418300000000000005","ARCHS4 Coexpression,0.4183",""
"INTERSECT_DLD1_HCT15_SW48","1228","ZNF536","0.418899999999999995","ARCHS4 Coexpression,0.4189",""
"INTERSECT_DLD1_HCT15_SW48","1229","ZBTB41","0.419399999999999995","GTEx Coexpression,0.4194",""
"INTERSECT_DLD1_HCT15_SW48","1230","ZNF484","0.419999999999999984","GTEx Coexpression,0.42",""
"INTERSECT_DLD1_HCT15_SW48","1231","ZNF324","0.420700000000000018","GTEx Coexpression,0.4207",""
"INTERSECT_DLD1_HCT15_SW48","1232","ZNF837","0.420800000000000007","ARCHS4 Coexpression,0.4208",""
"INTERSECT_DLD1_HCT15_SW48","1233","RORB","0.421999999999999986","ARCHS4 Coexpression,0.422",""
"INTERSECT_DLD1_HCT15_SW48","1234","ZNF22","0.422399999999999998","Enrichr Queries,0.4224","CLU,DHRS3,DDR2"
"INTERSECT_DLD1_HCT15_SW48","1235","POU2AF1","0.423099999999999976","GTEx Coexpression,0.4231",""
"INTERSECT_DLD1_HCT15_SW48","1236","NKRF","0.423800000000000010","GTEx Coexpression,0.4238",""
"INTERSECT_DLD1_HCT15_SW48","1237","ZNF485","0.423800000000000010","Enrichr Queries,0.4238","PRDM1,ATF3,DDR2"
"INTERSECT_DLD1_HCT15_SW48","1238","OLIG1","0.424499999999999988","Enrichr Queries,0.4245","CLU,ATF3,DDR2"
"INTERSECT_DLD1_HCT15_SW48","1239","RFX5","0.425099999999999978","ARCHS4 Coexpression,0.4251",""
"INTERSECT_DLD1_HCT15_SW48","1240","ZNF713","0.425599999999999978","GTEx Coexpression,0.4256",""
"INTERSECT_DLD1_HCT15_SW48","1241","TGIF2LX","0.425700000000000023","ARCHS4 Coexpression,0.4257",""
"INTERSECT_DLD1_HCT15_SW48","1242","NR5A1","0.425900000000000001","Enrichr Queries,0.4259","CLU,ATF3,DDR2"
"INTERSECT_DLD1_HCT15_SW48","1243","ZNF225","0.426300000000000012","ARCHS4 Coexpression,0.4263",""
"INTERSECT_DLD1_HCT15_SW48","1244","ZNF268","0.426599999999999979","Enrichr Queries,0.4266","AKAP12,ATF3,DDR2"
"INTERSECT_DLD1_HCT15_SW48","1245","ZNF93","0.428700000000000025","GTEx Coexpression,0.4287",""
"INTERSECT_DLD1_HCT15_SW48","1246","ZFHX3","0.429999999999999993","ARCHS4 Coexpression,0.43",""
"INTERSECT_DLD1_HCT15_SW48","1247","SKOR1","0.429999999999999993","GTEx Coexpression,0.43",""
"INTERSECT_DLD1_HCT15_SW48","1248","ZNF181","0.430599999999999983","GTEx Coexpression,0.4306",""
"INTERSECT_DLD1_HCT15_SW48","1249","PKNOX2","0.431200000000000028","ARCHS4 Coexpression,0.4312",""
"INTERSECT_DLD1_HCT15_SW48","1250","TBPL1","0.431800000000000017","ARCHS4 Coexpression,0.4318",""
"INTERSECT_DLD1_HCT15_SW48","1251","ZNF195","0.431900000000000006","GTEx Coexpression,0.4319",""
"INTERSECT_DLD1_HCT15_SW48","1252","ZNF91","0.432300000000000018","Enrichr Queries,0.4323","AKAP12,CLU,DDR2"
"INTERSECT_DLD1_HCT15_SW48","1253","TBX21","0.432499999999999996","GTEx Coexpression,0.4325",""
"INTERSECT_DLD1_HCT15_SW48","1254","ZNF502","0.432999999999999996","ARCHS4 Coexpression,0.433",""
"INTERSECT_DLD1_HCT15_SW48","1255","ZFP41","0.433699999999999974","GTEx Coexpression,0.4337",""
"INTERSECT_DLD1_HCT15_SW48","1256","ZNF30","0.434300000000000019","GTEx Coexpression,0.4343",""
"INTERSECT_DLD1_HCT15_SW48","1257","AEBP2","0.434499999999999997","Enrichr Queries,0.4345","AKAP12,NLRP6,DDR2"
"INTERSECT_DLD1_HCT15_SW48","1258","ZNF155","0.434999999999999998","GTEx Coexpression,0.435",""
"INTERSECT_DLD1_HCT15_SW48","1259","SATB2","0.435599999999999987","GTEx Coexpression,0.4356",""
"INTERSECT_DLD1_HCT15_SW48","1260","ZNF214","0.435900000000000010","Enrichr Queries,0.4359","AKAP12,PRDM1,DDR2"
"INTERSECT_DLD1_HCT15_SW48","1261","MXD3","0.436199999999999977","GTEx Coexpression,0.4362",""
"INTERSECT_DLD1_HCT15_SW48","1262","RLF","0.436800000000000022","GTEx Coexpression,0.4368",""
"INTERSECT_DLD1_HCT15_SW48","1263","ZBTB18","0.437500000000000000","GTEx Coexpression,0.4375",""
"INTERSECT_DLD1_HCT15_SW48","1264","ZNF569","0.438000000000000000","Enrichr Queries,0.438","AKAP12,ATF3,DDR2"
"INTERSECT_DLD1_HCT15_SW48","1265","ZNF726","0.438099999999999989","GTEx Coexpression,0.4381",""
"INTERSECT_DLD1_HCT15_SW48","1266","LMX1A","0.438599999999999990","ARCHS4 Coexpression,0.4386",""
"INTERSECT_DLD1_HCT15_SW48","1267","ZNF445","0.438699999999999979","GTEx Coexpression,0.4387",""
"INTERSECT_DLD1_HCT15_SW48","1268","ZNF706","0.440000000000000002","GTEx Coexpression,0.44",""
"INTERSECT_DLD1_HCT15_SW48","1269","KLF17","0.440199999999999980","Enrichr Queries,0.4402","PRDM1,ATF3,DDR2"
"INTERSECT_DLD1_HCT15_SW48","1270","ZNF570","0.440599999999999992","GTEx Coexpression,0.4406",""
"INTERSECT_DLD1_HCT15_SW48","1271","ZNF630","0.441000000000000003","ARCHS4 Coexpression,0.441",""
"INTERSECT_DLD1_HCT15_SW48","1272","ZNF419","0.441599999999999993","Enrichr Queries,0.4416","DHRS3,ATF3,DDR2"
"INTERSECT_DLD1_HCT15_SW48","1273","PURG","0.441800000000000026","GTEx Coexpression,0.4418",""
"INTERSECT_DLD1_HCT15_SW48","1274","ZNF564","0.442300000000000026","ARCHS4 Coexpression,0.4423",""
"INTERSECT_DLD1_HCT15_SW48","1275","ZNF556","0.442400000000000015","GTEx Coexpression,0.4424",""
"INTERSECT_DLD1_HCT15_SW48","1276","SIX6","0.442900000000000016","ARCHS4 Coexpression,0.4429",""
"INTERSECT_DLD1_HCT15_SW48","1277","ZNF326","0.444900000000000018","GTEx Coexpression,0.4449",""
"INTERSECT_DLD1_HCT15_SW48","1278","ZNF799","0.445900000000000019","Enrichr Queries,0.4459","DHRS3,ATF3,DDR2"
"INTERSECT_DLD1_HCT15_SW48","1279","SOX3","0.445900000000000019","ARCHS4 Coexpression,0.4459",""
"INTERSECT_DLD1_HCT15_SW48","1280","POU4F3","0.446599999999999997","ARCHS4 Coexpression,0.4466",""
"INTERSECT_DLD1_HCT15_SW48","1281","ZNF551","0.447299999999999975","Enrichr Queries,0.4473","AKAP12,ATF3,DDR2"
"INTERSECT_DLD1_HCT15_SW48","1282","ZNF473","0.447799999999999976","ARCHS4 Coexpression,0.4478",""
"INTERSECT_DLD1_HCT15_SW48","1283","FOXG1","0.448000000000000009","GTEx Coexpression,0.448",""
"INTERSECT_DLD1_HCT15_SW48","1284","MTERF4","0.449000000000000010","ARCHS4 Coexpression,0.449",""
"INTERSECT_DLD1_HCT15_SW48","1285","RHOXF2B","0.449600000000000000","ARCHS4 Coexpression,0.4496",""
"INTERSECT_DLD1_HCT15_SW48","1286","ZFP2","0.450100000000000000","Enrichr Queries,0.4501","DHRS3,ATF3,DDR2"
"INTERSECT_DLD1_HCT15_SW48","1287","ZBED9","0.450199999999999989","ARCHS4 Coexpression,0.4502",""
"INTERSECT_DLD1_HCT15_SW48","1288","TERB1","0.450500000000000012","GTEx Coexpression,0.4505",""
"INTERSECT_DLD1_HCT15_SW48","1289","FOXB1","0.451500000000000012","ARCHS4 Coexpression,0.4515",""
"INTERSECT_DLD1_HCT15_SW48","1290","ZNF844","0.451799999999999979","GTEx Coexpression,0.4518",""
"INTERSECT_DLD1_HCT15_SW48","1291","STAT4","0.452400000000000024","GTEx Coexpression,0.4524",""
"INTERSECT_DLD1_HCT15_SW48","1292","ZNF71","0.452699999999999991","ARCHS4 Coexpression,0.4527",""
"INTERSECT_DLD1_HCT15_SW48","1293","POU1F1","0.453000000000000014","Enrichr Queries,0.453","PRDM1,ATF3,DDR2"
"INTERSECT_DLD1_HCT15_SW48","1294","ZNF770","0.453600000000000003","GTEx Coexpression,0.4536",""
"INTERSECT_DLD1_HCT15_SW48","1295","THAP1","0.454900000000000027","GTEx Coexpression,0.4549",""
"INTERSECT_DLD1_HCT15_SW48","1296","DRGX","0.455199999999999994","ARCHS4 Coexpression,0.4552",""
"INTERSECT_DLD1_HCT15_SW48","1297","HSFX2","0.455799999999999983","ARCHS4 Coexpression,0.4558",""
"INTERSECT_DLD1_HCT15_SW48","1298","DLX1","0.457299999999999984","Enrichr Queries,0.4573","AKAP12,ATF3,DDR2"
"INTERSECT_DLD1_HCT15_SW48","1299","ZNF768","0.457600000000000007","ARCHS4 Coexpression,0.4576",""
"INTERSECT_DLD1_HCT15_SW48","1300","MECP2","0.458000000000000018","GTEx Coexpression,0.458",""
"INTERSECT_DLD1_HCT15_SW48","1301","ZNF628","0.458799999999999986","ARCHS4 Coexpression,0.4588",""
"INTERSECT_DLD1_HCT15_SW48","1302","ZNF10","0.459399999999999975","Enrichr Queries,0.4594","NLRP6,ATF3,DDR2"
"INTERSECT_DLD1_HCT15_SW48","1303","ZNF875","0.459500000000000020","ARCHS4 Coexpression,0.4595",""
"INTERSECT_DLD1_HCT15_SW48","1304","ZSCAN29","0.459899999999999975","GTEx Coexpression,0.4599",""
"INTERSECT_DLD1_HCT15_SW48","1305","ZNF135","0.460699999999999998","ARCHS4 Coexpression,0.4607",""
"INTERSECT_DLD1_HCT15_SW48","1306","NME2","0.461299999999999988","ARCHS4 Coexpression,0.4613",""
"INTERSECT_DLD1_HCT15_SW48","1307","ZNF394","0.462399999999999978","GTEx Coexpression,0.4624",""
"INTERSECT_DLD1_HCT15_SW48","1308","KMT2A","0.462500000000000022","ARCHS4 Coexpression,0.4625",""
"INTERSECT_DLD1_HCT15_SW48","1309","ZNF143","0.463700000000000001","Enrichr Queries,0.4637","PRDM1,ATF3,DDR2"
"INTERSECT_DLD1_HCT15_SW48","1310","ZNF585B","0.463799999999999990","ARCHS4 Coexpression,0.4638",""
"INTERSECT_DLD1_HCT15_SW48","1311","BARHL1","0.464799999999999991","GTEx Coexpression,0.4648",""
"INTERSECT_DLD1_HCT15_SW48","1312","ZNF696","0.465000000000000024","ARCHS4 Coexpression,0.465",""
"INTERSECT_DLD1_HCT15_SW48","1313","ZNF852","0.465500000000000025","GTEx Coexpression,0.4655",""
"INTERSECT_DLD1_HCT15_SW48","1314","MBD4","0.466100000000000014","ENCODE ChIP-seq,0.4661","CD68,CLU"
"INTERSECT_DLD1_HCT15_SW48","1315","ZNF281","0.466700000000000004","GTEx Coexpression,0.4667",""
"INTERSECT_DLD1_HCT15_SW48","1316","ZNF527","0.467299999999999993","GTEx Coexpression,0.4673",""
"INTERSECT_DLD1_HCT15_SW48","1317","CBLL2","0.467399999999999982","ARCHS4 Coexpression,0.4674",""
"INTERSECT_DLD1_HCT15_SW48","1318","ZNF367","0.469200000000000006","GTEx Coexpression,0.4692",""
"INTERSECT_DLD1_HCT15_SW48","1319","SIX2","0.470799999999999996","Enrichr Queries,0.4708","AKAP12,ATF3,DDR2"
"INTERSECT_DLD1_HCT15_SW48","1320","GPBP1L1","0.471100000000000019","GTEx Coexpression,0.4711",""
"INTERSECT_DLD1_HCT15_SW48","1321","ZNF492","0.471700000000000008","GTEx Coexpression,0.4717",""
"INTERSECT_DLD1_HCT15_SW48","1322","ZNF721","0.472299999999999998","GTEx Coexpression,0.4723",""
"INTERSECT_DLD1_HCT15_SW48","1323","TFAP2D","0.472399999999999987","ARCHS4 Coexpression,0.4724",""
"INTERSECT_DLD1_HCT15_SW48","1324","TFCP2","0.473600000000000021","ARCHS4 Coexpression,0.4736",""
"INTERSECT_DLD1_HCT15_SW48","1325","ZNF580","0.474399999999999988","Enrichr Queries,0.4744","DHRS3,ATF3,DDR2"
"INTERSECT_DLD1_HCT15_SW48","1326","TBP","0.474700000000000011","ReMap ChIP-seq,0.4747","CD68,DHRS3"
"INTERSECT_DLD1_HCT15_SW48","1327","SP4","0.474800000000000000","GTEx Coexpression,0.4748",""
"INTERSECT_DLD1_HCT15_SW48","1328","TCFL5","0.475100000000000022","Enrichr Queries,0.4751","AKAP12,ATF3,DDR2"
"INTERSECT_DLD1_HCT15_SW48","1329","ZNF141","0.475399999999999989","GTEx Coexpression,0.4754",""
"INTERSECT_DLD1_HCT15_SW48","1330","ZNF891","0.475999999999999979","GTEx Coexpression,0.476",""
"INTERSECT_DLD1_HCT15_SW48","1331","NPAS3","0.475999999999999979","ARCHS4 Coexpression,0.476",""
"INTERSECT_DLD1_HCT15_SW48","1332","ZNF687","0.476700000000000013","ARCHS4 Coexpression,0.4767",""
"INTERSECT_DLD1_HCT15_SW48","1333","ZNF81","0.477899999999999991","GTEx Coexpression,0.4779",""
"INTERSECT_DLD1_HCT15_SW48","1334","ZNF454","0.478499999999999981","ARCHS4 Coexpression,0.4785",""
"INTERSECT_DLD1_HCT15_SW48","1335","SGSM2","0.478499999999999981","GTEx Coexpression,0.4785",""
"INTERSECT_DLD1_HCT15_SW48","1336","ZNF845","0.479200000000000015","GTEx Coexpression,0.4792",""
"INTERSECT_DLD1_HCT15_SW48","1337","ZNF791","0.479800000000000004","GTEx Coexpression,0.4798",""
"INTERSECT_DLD1_HCT15_SW48","1338","ZNF607","0.480300000000000005","ARCHS4 Coexpression,0.4803",""
"INTERSECT_DLD1_HCT15_SW48","1339","ZNF879","0.480399999999999994","GTEx Coexpression,0.4804",""
"INTERSECT_DLD1_HCT15_SW48","1340","PCGF6","0.481599999999999973","GTEx Coexpression,0.4816",""
"INTERSECT_DLD1_HCT15_SW48","1341","GLIS2","0.482200000000000017","Enrichr Queries,0.4822","AKAP12,ATF3,DDR2"
"INTERSECT_DLD1_HCT15_SW48","1342","ZNF765","0.482300000000000006","GTEx Coexpression,0.4823",""
"INTERSECT_DLD1_HCT15_SW48","1343","NFE2L1","0.483599999999999974","Enrichr Queries,0.4836","CLU,ATF3,DDR2"
"INTERSECT_DLD1_HCT15_SW48","1344","THAP6","0.484099999999999975","GTEx Coexpression,0.4841",""
"INTERSECT_DLD1_HCT15_SW48","1345","ZNF577","0.484300000000000008","Enrichr Queries,0.4843","AKAP12,ATF3,DDR2"
"INTERSECT_DLD1_HCT15_SW48","1346","ZNF688","0.484800000000000009","GTEx Coexpression,0.4848",""
"INTERSECT_DLD1_HCT15_SW48","1347","CXXC4","0.485300000000000009","ARCHS4 Coexpression,0.4853",""
"INTERSECT_DLD1_HCT15_SW48","1348","E2F6","0.486499999999999988","Enrichr Queries,0.4865","PRDM1,ATF3,DDR2"
"INTERSECT_DLD1_HCT15_SW48","1349","ZNF835","0.487200000000000022","Enrichr Queries,0.4872","AKAP12,TNXB,DDR2"
"INTERSECT_DLD1_HCT15_SW48","1350","ZNF107","0.489300000000000013","Enrichr Queries,0.4893","LAMP3,ATF3,DDR2"
"INTERSECT_DLD1_HCT15_SW48","1351","NFE4","0.489700000000000024","GTEx Coexpression,0.4897",""
"INTERSECT_DLD1_HCT15_SW48","1352","TTF1","0.490400000000000003","GTEx Coexpression,0.4904",""
"INTERSECT_DLD1_HCT15_SW48","1353","ZFP28","0.490800000000000014","ARCHS4 Coexpression,0.4908",""
"INTERSECT_DLD1_HCT15_SW48","1354","ZNF490","0.490999999999999992","GTEx Coexpression,0.491",""
"INTERSECT_DLD1_HCT15_SW48","1355","PRDM16","0.491400000000000003","ARCHS4 Coexpression,0.4914",""
"INTERSECT_DLD1_HCT15_SW48","1356","NKX63","0.491599999999999981","GTEx Coexpression,0.4916",""
"INTERSECT_DLD1_HCT15_SW48","1357","CHAMP1","0.491999999999999993","ARCHS4 Coexpression,0.492",""
"INTERSECT_DLD1_HCT15_SW48","1358","ZNF3","0.492599999999999982","ARCHS4 Coexpression,0.4926",""
"INTERSECT_DLD1_HCT15_SW48","1359","ZNF221","0.492900000000000005","Enrichr Queries,0.4929","AKAP12,NEB,DDR2"
"INTERSECT_DLD1_HCT15_SW48","1360","YBX1","0.493900000000000006","ARCHS4 Coexpression,0.4939",""
"INTERSECT_DLD1_HCT15_SW48","1361","VENTX","0.494099999999999984","GTEx Coexpression,0.4941",""
"INTERSECT_DLD1_HCT15_SW48","1362","ZNF615","0.494699999999999973","GTEx Coexpression,0.4947",""
"INTERSECT_DLD1_HCT15_SW48","1363","TBX19","0.495699999999999974","Enrichr Queries,0.4957","PRDM1,ATF3,DDR2"
"INTERSECT_DLD1_HCT15_SW48","1364","ZNF197","0.495999999999999996","GTEx Coexpression,0.496",""
"INTERSECT_DLD1_HCT15_SW48","1365","HMGA1","0.498199999999999976","ARCHS4 Coexpression,0.4982",""
"INTERSECT_DLD1_HCT15_SW48","1366","BAZ2B","0.498800000000000021","ARCHS4 Coexpression,0.4988",""
"INTERSECT_DLD1_HCT15_SW48","1367","ZNF772","0.499099999999999988","GTEx Coexpression,0.4991",""
"INTERSECT_DLD1_HCT15_SW48","1368","HMGN3","0.499400000000000011","ARCHS4 Coexpression,0.4994",""
"INTERSECT_DLD1_HCT15_SW48","1369","ZNF444","0.499699999999999978","GTEx Coexpression,0.4997",""
"INTERSECT_DLD1_HCT15_SW48","1370","ZBTB10","0.501399999999999957","Enrichr Queries,0.5014","AKAP12,ATF3,DDR2"
"INTERSECT_DLD1_HCT15_SW48","1371","ZNF140","0.502099999999999991","Enrichr Queries,0.5021","DHRS3,ATF3,DDR2"
"INTERSECT_DLD1_HCT15_SW48","1372","ZNF586","0.502199999999999980","GTEx Coexpression,0.5022",""
"INTERSECT_DLD1_HCT15_SW48","1373","ZKSCAN8","0.504000000000000004","GTEx Coexpression,0.504",""
"INTERSECT_DLD1_HCT15_SW48","1374","DBX1","0.504900000000000015","ARCHS4 Coexpression,0.5049",""
"INTERSECT_DLD1_HCT15_SW48","1375","DUXA","0.505700000000000038","Enrichr Queries,0.5057","PRDM1,ATF3,DDR2"
"INTERSECT_DLD1_HCT15_SW48","1376","ZNF180","0.506499999999999950","GTEx Coexpression,0.5065",""
"INTERSECT_DLD1_HCT15_SW48","1377","ZNF658","0.507099999999999995","Enrichr Queries,0.5071","CLU,DHRS3,ATF3"
"INTERSECT_DLD1_HCT15_SW48","1378","YY1","0.508399999999999963","ReMap ChIP-seq,0.5084","LY6G6C,CD68"
"INTERSECT_DLD1_HCT15_SW48","1379","ZNF470","0.509299999999999975","Enrichr Queries,0.5093","AKAP12,ATF3,DDR2"
"INTERSECT_DLD1_HCT15_SW48","1380","CAMTA1","0.510299999999999976","GTEx Coexpression,0.5103",""
"INTERSECT_DLD1_HCT15_SW48","1381","ZNF496","0.510399999999999965","ARCHS4 Coexpression,0.5104",""
"INTERSECT_DLD1_HCT15_SW48","1382","HMX2","0.511099999999999999","ARCHS4 Coexpression,0.5111",""
"INTERSECT_DLD1_HCT15_SW48","1383","ZNF736","0.512299999999999978","ARCHS4 Coexpression,0.5123",""
"INTERSECT_DLD1_HCT15_SW48","1384","RHOXF2","0.512900000000000023","ARCHS4 Coexpression,0.5129",""
"INTERSECT_DLD1_HCT15_SW48","1385","INSM1","0.513499999999999956","ARCHS4 Coexpression,0.5135",""
"INTERSECT_DLD1_HCT15_SW48","1386","POU3F2","0.514700000000000046","ARCHS4 Coexpression,0.5147",""
"INTERSECT_DLD1_HCT15_SW48","1387","ZNF480","0.515900000000000025","GTEx Coexpression,0.5159",""
"INTERSECT_DLD1_HCT15_SW48","1388","THAP4","0.516000000000000014","ARCHS4 Coexpression,0.516",""
"INTERSECT_DLD1_HCT15_SW48","1389","ZNF695","0.518399999999999972","GTEx Coexpression,0.5184",""
"INTERSECT_DLD1_HCT15_SW48","1390","RFX7","0.519000000000000017","ARCHS4 Coexpression,0.519",""
"INTERSECT_DLD1_HCT15_SW48","1391","ZNF843","0.519199999999999995","Enrichr Queries,0.5192","TNXB,ATF3,DDR2"
"INTERSECT_DLD1_HCT15_SW48","1392","ZNF334","0.519900000000000029","Enrichr Queries,0.5199","AKAP12,ATF3,DDR2"
"INTERSECT_DLD1_HCT15_SW48","1393","ZNF660","0.520299999999999985","ARCHS4 Coexpression,0.5203",""
"INTERSECT_DLD1_HCT15_SW48","1394","SP140L","0.523299999999999987","ARCHS4 Coexpression,0.5233",""
"INTERSECT_DLD1_HCT15_SW48","1395","ZNF692","0.523499999999999965","Enrichr Queries,0.5235","DHRS3,ATF3,DDR2"
"INTERSECT_DLD1_HCT15_SW48","1396","ZNF460","0.524199999999999999","Enrichr Queries,0.5242","PRDM1,ATF3,DDR2"
"INTERSECT_DLD1_HCT15_SW48","1397","CCDC169SOHLH2","0.524599999999999955","ARCHS4 Coexpression,0.5246",""
"INTERSECT_DLD1_HCT15_SW48","1398","USF2","0.525399999999999978","ENCODE ChIP-seq,0.5254","CEACAM6,CD68"
"INTERSECT_DLD1_HCT15_SW48","1399","ZNF548","0.526399999999999979","Enrichr Queries,0.5264","NLRP6,ATF3,DDR2"
"INTERSECT_DLD1_HCT15_SW48","1400","ZNF555","0.527599999999999958","ARCHS4 Coexpression,0.5276",""
"INTERSECT_DLD1_HCT15_SW48","1401","ZGLP1","0.527699999999999947","GTEx Coexpression,0.5277",""
"INTERSECT_DLD1_HCT15_SW48","1402","OVOL3","0.528299999999999992","GTEx Coexpression,0.5283",""
"INTERSECT_DLD1_HCT15_SW48","1403","FOXP3","0.528900000000000037","GTEx Coexpression,0.5289",""
"INTERSECT_DLD1_HCT15_SW48","1404","ZNF519","0.529599999999999960","GTEx Coexpression,0.5296",""
"INTERSECT_DLD1_HCT15_SW48","1405","ZNF234","0.530200000000000005","GTEx Coexpression,0.5302",""
"INTERSECT_DLD1_HCT15_SW48","1406","GMEB1","0.530800000000000050","GTEx Coexpression,0.5308",""
"INTERSECT_DLD1_HCT15_SW48","1407","ZSCAN26","0.532000000000000028","GTEx Coexpression,0.532",""
"INTERSECT_DLD1_HCT15_SW48","1408","ZNF277","0.532800000000000051","Enrichr Queries,0.5328","DHRS3,ATF3,DDR2"
"INTERSECT_DLD1_HCT15_SW48","1409","ZXDB","0.534200000000000008","Enrichr Queries,0.5342","PRDM1,ATF3,DDR2"
"INTERSECT_DLD1_HCT15_SW48","1410","ZNF836","0.534399999999999986","ARCHS4 Coexpression,0.5344",""
"INTERSECT_DLD1_HCT15_SW48","1411","ZNF215","0.534499999999999975","GTEx Coexpression,0.5345",""
"INTERSECT_DLD1_HCT15_SW48","1412","MTERF3","0.537599999999999967","GTEx Coexpression,0.5376",""
"INTERSECT_DLD1_HCT15_SW48","1413","SOX8","0.537699999999999956","Enrichr Queries,0.5377","CLU,ATF3,DDR2"
"INTERSECT_DLD1_HCT15_SW48","1414","ZNF579","0.538100000000000023","ARCHS4 Coexpression,0.5381",""
"INTERSECT_DLD1_HCT15_SW48","1415","ZNF530","0.538300000000000001","GTEx Coexpression,0.5383",""
"INTERSECT_DLD1_HCT15_SW48","1416","CGGBP1","0.539300000000000002","ARCHS4 Coexpression,0.5393",""
"INTERSECT_DLD1_HCT15_SW48","1417","ZNF544","0.539900000000000047","Enrichr Queries,0.5399","LAMP3,ATF3,DDR2"
"INTERSECT_DLD1_HCT15_SW48","1418","ZNF132","0.540100000000000025","GTEx Coexpression,0.5401",""
"INTERSECT_DLD1_HCT15_SW48","1419","ZNF516","0.540599999999999969","Enrichr Queries,0.5406","AKAP12,DHRS3,DDR2"
"INTERSECT_DLD1_HCT15_SW48","1420","ZXDC","0.541200000000000014","ARCHS4 Coexpression,0.5412",""
"INTERSECT_DLD1_HCT15_SW48","1421","E4F1","0.541799999999999948","ARCHS4 Coexpression,0.5418",""
"INTERSECT_DLD1_HCT15_SW48","1422","KMT2B","0.542100000000000026","ReMap ChIP-seq,0.5421","CD68"
"INTERSECT_DLD1_HCT15_SW48","1423","PRDM10","0.543900000000000050","GTEx Coexpression,0.5439",""
"INTERSECT_DLD1_HCT15_SW48","1424","BSX","0.545499999999999985","ARCHS4 Coexpression,0.5455",""
"INTERSECT_DLD1_HCT15_SW48","1425","ZNF112","0.545699999999999963","GTEx Coexpression,0.5457",""
"INTERSECT_DLD1_HCT15_SW48","1426","ZNF501","0.546300000000000008","Enrichr Queries,0.5463","AKAP12,ATF3,DDR2"
"INTERSECT_DLD1_HCT15_SW48","1427","KIN","0.546399999999999997","GTEx Coexpression,0.5464",""
"INTERSECT_DLD1_HCT15_SW48","1428","ZNF316","0.547900000000000054","ARCHS4 Coexpression,0.5479",""
"INTERSECT_DLD1_HCT15_SW48","1429","ZNF740","0.548799999999999955","ReMap ChIP-seq,0.5488","TNXB"
"INTERSECT_DLD1_HCT15_SW48","1430","NRF1","0.550100000000000033","GTEx Coexpression,0.5501",""
"INTERSECT_DLD1_HCT15_SW48","1431","ZNF44","0.550599999999999978","Enrichr Queries,0.5506","NLRP6,ATF3,DDR2"
"INTERSECT_DLD1_HCT15_SW48","1432","ZNF737","0.551000000000000045","ARCHS4 Coexpression,0.551",""
"INTERSECT_DLD1_HCT15_SW48","1433","ZNF611","0.551300000000000012","GTEx Coexpression,0.5513",""
"INTERSECT_DLD1_HCT15_SW48","1434","ZBTB49","0.552000000000000046","GTEx Coexpression,0.552",""
"INTERSECT_DLD1_HCT15_SW48","1435","GMEB2","0.553400000000000003","Enrichr Queries,0.5534","PRDM1,ATF3,DDR2"
"INTERSECT_DLD1_HCT15_SW48","1436","MTERF2","0.553400000000000003","ARCHS4 Coexpression,0.5534",""
"INTERSECT_DLD1_HCT15_SW48","1437","ZNF865","0.554400000000000004","GTEx Coexpression,0.5544",""
"INTERSECT_DLD1_HCT15_SW48","1438","RBCK1","0.554699999999999971","ARCHS4 Coexpression,0.5547",""
"INTERSECT_DLD1_HCT15_SW48","1439","TET1","0.554899999999999949","Literature ChIP-seq,0.5549","TNXB,PRDM1"
"INTERSECT_DLD1_HCT15_SW48","1440","MBD2","0.555599999999999983","ReMap ChIP-seq,0.5556","NLRP6"
"INTERSECT_DLD1_HCT15_SW48","1441","ZNF829","0.555899999999999950","ARCHS4 Coexpression,0.5559",""
"INTERSECT_DLD1_HCT15_SW48","1442","ZNF517","0.556499999999999995","ARCHS4 Coexpression,0.5565",""
"INTERSECT_DLD1_HCT15_SW48","1443","IRF3","0.558899999999999952","ReMap ChIP-seq,0.5589","CD68"
"INTERSECT_DLD1_HCT15_SW48","1444","ZNF749","0.560200000000000031","ARCHS4 Coexpression,0.5602",""
"INTERSECT_DLD1_HCT15_SW48","1445","ZNF253","0.560699999999999976","GTEx Coexpression,0.5607",""
"INTERSECT_DLD1_HCT15_SW48","1446","NFATC3","0.560799999999999965","ARCHS4 Coexpression,0.5608",""
"INTERSECT_DLD1_HCT15_SW48","1447","ZNF346","0.561300000000000021","Enrichr Queries,0.5613","NLRP6,ATF3,DDR2"
"INTERSECT_DLD1_HCT15_SW48","1448","ZNF280D","0.561400000000000010","ARCHS4 Coexpression,0.5614",""
"INTERSECT_DLD1_HCT15_SW48","1449","ZNF142","0.563200000000000034","GTEx Coexpression,0.5632",""
"INTERSECT_DLD1_HCT15_SW48","1450","CENPBD1","0.563899999999999957","ARCHS4 Coexpression,0.5639",""
"INTERSECT_DLD1_HCT15_SW48","1451","ZNF606","0.564100000000000046","Enrichr Queries,0.5641","DHRS3,ATF3,DDR2"
"INTERSECT_DLD1_HCT15_SW48","1452","ARHGAP35","0.565699999999999981","ARCHS4 Coexpression,0.5657",""
"INTERSECT_DLD1_HCT15_SW48","1453","AHCTF1","0.566899999999999959","GTEx Coexpression,0.5669",""
"INTERSECT_DLD1_HCT15_SW48","1454","BARX1","0.567599999999999993","ARCHS4 Coexpression,0.5676",""
"INTERSECT_DLD1_HCT15_SW48","1455","ZNF229","0.567699999999999982","Enrichr Queries,0.5677","AKAP12,TNXB,DDR2"
"INTERSECT_DLD1_HCT15_SW48","1456","SALL3","0.569999999999999951","ARCHS4 Coexpression,0.57",""
"INTERSECT_DLD1_HCT15_SW48","1457","THAP2","0.571300000000000030","GTEx Coexpression,0.5713",""
"INTERSECT_DLD1_HCT15_SW48","1458","ZFP1","0.572500000000000009","ARCHS4 Coexpression,0.5725",""
"INTERSECT_DLD1_HCT15_SW48","1459","ZNF362","0.575600000000000001","GTEx Coexpression,0.5756",""
"INTERSECT_DLD1_HCT15_SW48","1460","IKZF3","0.576799999999999979","ARCHS4 Coexpression,0.5768",""
"INTERSECT_DLD1_HCT15_SW48","1461","ZBTB47","0.577400000000000024","ARCHS4 Coexpression,0.5774",""
"INTERSECT_DLD1_HCT15_SW48","1462","ZNF200","0.577600000000000002","Enrichr Queries,0.5776","PRDM1,ATF3,DDR2"
"INTERSECT_DLD1_HCT15_SW48","1463","ZNF780B","0.578600000000000003","ARCHS4 Coexpression,0.5786",""
"INTERSECT_DLD1_HCT15_SW48","1464","ZNF276","0.578699999999999992","GTEx Coexpression,0.5787",""
"INTERSECT_DLD1_HCT15_SW48","1465","THAP11","0.579999999999999960","GTEx Coexpression,0.58",""
"INTERSECT_DLD1_HCT15_SW48","1466","TIGD5","0.580500000000000016","ARCHS4 Coexpression,0.5805",""
"INTERSECT_DLD1_HCT15_SW48","1467","ZNF526","0.580600000000000005","GTEx Coexpression,0.5806",""
"INTERSECT_DLD1_HCT15_SW48","1468","GTF2IRD2","0.581200000000000050","Enrichr Queries,0.5812","DHRS3,ATF3,DDR2"
"INTERSECT_DLD1_HCT15_SW48","1469","ZNF775","0.581699999999999995","ARCHS4 Coexpression,0.5817",""
"INTERSECT_DLD1_HCT15_SW48","1470","ZNF654","0.581799999999999984","GTEx Coexpression,0.5818",""
"INTERSECT_DLD1_HCT15_SW48","1471","ZNF226","0.585500000000000020","Enrichr Queries,0.5855","CLU,ATF3,DDR2"
"INTERSECT_DLD1_HCT15_SW48","1472","TIGD1","0.587200000000000055","ARCHS4 Coexpression,0.5872",""
"INTERSECT_DLD1_HCT15_SW48","1473","ZNF546","0.588999999999999968","Enrichr Queries,0.589","AKAP12,ATF3,DDR2"
"INTERSECT_DLD1_HCT15_SW48","1474","CTCFL","0.589099999999999957","ARCHS4 Coexpression,0.5891",""
"INTERSECT_DLD1_HCT15_SW48","1475","ZNF512","0.590899999999999981","ARCHS4 Coexpression,0.5909",""
"INTERSECT_DLD1_HCT15_SW48","1476","ZNF557","0.592099999999999960","ARCHS4 Coexpression,0.5921",""
"INTERSECT_DLD1_HCT15_SW48","1477","ZNF320","0.592799999999999994","ARCHS4 Coexpression,0.5928",""
"INTERSECT_DLD1_HCT15_SW48","1478","ZNF675","0.593400000000000039","ARCHS4 Coexpression,0.5934",""
"INTERSECT_DLD1_HCT15_SW48","1479","EVX2","0.596400000000000041","ARCHS4 Coexpression,0.5964",""
"INTERSECT_DLD1_HCT15_SW48","1480","ZNF571","0.600700000000000012","ARCHS4 Coexpression,0.6007",""
"INTERSECT_DLD1_HCT15_SW48","1481","SPEN","0.601400000000000046","ARCHS4 Coexpression,0.6014",""
"INTERSECT_DLD1_HCT15_SW48","1482","ZNF782","0.603199999999999958","ARCHS4 Coexpression,0.6032",""
"INTERSECT_DLD1_HCT15_SW48","1483","ZNF718","0.603999999999999981","Enrichr Queries,0.604","AKAP12,ATF3,DDR2"
"INTERSECT_DLD1_HCT15_SW48","1484","ZNF625","0.604400000000000048","ARCHS4 Coexpression,0.6044",""
"INTERSECT_DLD1_HCT15_SW48","1485","ZNF257","0.606700000000000017","GTEx Coexpression,0.6067",""
"INTERSECT_DLD1_HCT15_SW48","1486","ZNF507","0.611099999999999977","GTEx Coexpression,0.6111",""
"INTERSECT_DLD1_HCT15_SW48","1487","ZNF780A","0.611700000000000021","GTEx Coexpression,0.6117",""
"INTERSECT_DLD1_HCT15_SW48","1488","ZNF506","0.612299999999999955","GTEx Coexpression,0.6123",""
"INTERSECT_DLD1_HCT15_SW48","1489","SCX","0.615500000000000047","ARCHS4 Coexpression,0.6155",""
"INTERSECT_DLD1_HCT15_SW48","1490","WIZ","0.616700000000000026","GTEx Coexpression,0.6167",""
"INTERSECT_DLD1_HCT15_SW48","1491","PHF1","0.616700000000000026","ARCHS4 Coexpression,0.6167",""
"INTERSECT_DLD1_HCT15_SW48","1492","ZNF573","0.618500000000000050","GTEx Coexpression,0.6185",""
"INTERSECT_DLD1_HCT15_SW48","1493","SLC2A4RG","0.619199999999999973","ARCHS4 Coexpression,0.6192",""
"INTERSECT_DLD1_HCT15_SW48","1494","SIX3","0.619199999999999973","GTEx Coexpression,0.6192",""
"INTERSECT_DLD1_HCT15_SW48","1495","ZNF335","0.619800000000000018","ARCHS4 Coexpression,0.6198",""
"INTERSECT_DLD1_HCT15_SW48","1496","ZNF264","0.620999999999999996","ARCHS4 Coexpression,0.621",""
"INTERSECT_DLD1_HCT15_SW48","1497","PRMT3","0.621600000000000041","ARCHS4 Coexpression,0.6216",""
"INTERSECT_DLD1_HCT15_SW48","1498","ZNF512B","0.622199999999999975","ARCHS4 Coexpression,0.6222",""
"INTERSECT_DLD1_HCT15_SW48","1499","NEUROG1","0.622500000000000053","Enrichr Queries,0.6225","ATF3,DDR2"
"INTERSECT_DLD1_HCT15_SW48","1500","DLX6","0.627099999999999991","ARCHS4 Coexpression,0.6271",""
"INTERSECT_DLD1_HCT15_SW48","1501","ZNF729","0.627299999999999969","GTEx Coexpression,0.6273",""
"INTERSECT_DLD1_HCT15_SW48","1502","ZNF680","0.627900000000000014","GTEx Coexpression,0.6279",""
"INTERSECT_DLD1_HCT15_SW48","1503","ZNF701","0.628499999999999948","GTEx Coexpression,0.6285",""
"INTERSECT_DLD1_HCT15_SW48","1504","ESX1","0.629600000000000048","Enrichr Queries,0.6296","PRDM1,ATF3"
"INTERSECT_DLD1_HCT15_SW48","1505","ZNF728","0.631600000000000050","GTEx Coexpression,0.6316",""
"INTERSECT_DLD1_HCT15_SW48","1506","ZNF529","0.633299999999999974","ARCHS4 Coexpression,0.6333",""
"INTERSECT_DLD1_HCT15_SW48","1507","ZNF43","0.634600000000000053","Enrichr Queries,0.6346","CLU,DDR2"
"INTERSECT_DLD1_HCT15_SW48","1508","ZKSCAN5","0.636600000000000055","GTEx Coexpression,0.6366",""
"INTERSECT_DLD1_HCT15_SW48","1509","ZNF747","0.637499999999999956","Enrichr Queries,0.6375","PRDM1,DDR2"
"INTERSECT_DLD1_HCT15_SW48","1510","EMX1","0.640299999999999980","Enrichr Queries,0.6403","ATF3,DDR2"
"INTERSECT_DLD1_HCT15_SW48","1511","MTERF1","0.640299999999999980","GTEx Coexpression,0.6403",""
"INTERSECT_DLD1_HCT15_SW48","1512","ZNF439","0.641000000000000014","Enrichr Queries,0.641","ATF3,DDR2"
"INTERSECT_DLD1_HCT15_SW48","1513","ZNF684","0.645000000000000018","ARCHS4 Coexpression,0.645",""
"INTERSECT_DLD1_HCT15_SW48","1514","ZNF525","0.645599999999999952","ARCHS4 Coexpression,0.6456",""
"INTERSECT_DLD1_HCT15_SW48","1515","ZNF451","0.648399999999999976","GTEx Coexpression,0.6484",""
"INTERSECT_DLD1_HCT15_SW48","1516","GSX1","0.649299999999999988","ARCHS4 Coexpression,0.6493",""
"INTERSECT_DLD1_HCT15_SW48","1517","ZNF624","0.650299999999999989","Enrichr Queries,0.6503","PRDM1,DDR2"
"INTERSECT_DLD1_HCT15_SW48","1518","CARF","0.650499999999999967","ARCHS4 Coexpression,0.6505",""
"INTERSECT_DLD1_HCT15_SW48","1519","POU5F2","0.651699999999999946","ARCHS4 Coexpression,0.6517",""
"INTERSECT_DLD1_HCT15_SW48","1520","ZNF880","0.652299999999999991","ARCHS4 Coexpression,0.6523",""
"INTERSECT_DLD1_HCT15_SW48","1521","ZNF100","0.652399999999999980","Enrichr Queries,0.6524","AKAP12,DDR2"
"INTERSECT_DLD1_HCT15_SW48","1522","CENPT","0.653100000000000014","Enrichr Queries,0.6531","ATF3,DDR2"
"INTERSECT_DLD1_HCT15_SW48","1523","PEG3","0.654200000000000004","ARCHS4 Coexpression,0.6542",""
"INTERSECT_DLD1_HCT15_SW48","1524","ARGFX","0.655399999999999983","ARCHS4 Coexpression,0.6554",""
"INTERSECT_DLD1_HCT15_SW48","1525","ZNF670","0.656699999999999950","Enrichr Queries,0.6567","ATF3,DDR2"
"INTERSECT_DLD1_HCT15_SW48","1526","ZNF614","0.657100000000000017","GTEx Coexpression,0.6571",""
"INTERSECT_DLD1_HCT15_SW48","1527","ZNF793","0.657699999999999951","GTEx Coexpression,0.6577",""
"INTERSECT_DLD1_HCT15_SW48","1528","ZNF345","0.658499999999999974","ARCHS4 Coexpression,0.6585",""
"INTERSECT_DLD1_HCT15_SW48","1529","ZNF286A","0.663100000000000023","Enrichr Queries,0.6631","AKAP12,DDR2"
"INTERSECT_DLD1_HCT15_SW48","1530","ZNF679","0.664000000000000035","ARCHS4 Coexpression,0.664",""
"INTERSECT_DLD1_HCT15_SW48","1531","PRR12","0.664599999999999969","GTEx Coexpression,0.6646",""
"INTERSECT_DLD1_HCT15_SW48","1532","LCOR","0.665200000000000014","GTEx Coexpression,0.6652",""
"INTERSECT_DLD1_HCT15_SW48","1533","SOX10","0.665200000000000014","Enrichr Queries,0.6652","ATF3,DDR2"
"INTERSECT_DLD1_HCT15_SW48","1534","ZSCAN32","0.665799999999999947","GTEx Coexpression,0.6658",""
"INTERSECT_DLD1_HCT15_SW48","1535","ATF6B","0.671399999999999997","GTEx Coexpression,0.6714",""
"INTERSECT_DLD1_HCT15_SW48","1536","ZNF12","0.672100000000000031","GTEx Coexpression,0.6721",""
"INTERSECT_DLD1_HCT15_SW48","1537","THAP9","0.675899999999999945","Enrichr Queries,0.6759","ATF3,DDR2"
"INTERSECT_DLD1_HCT15_SW48","1538","SAFB2","0.678100000000000036","ARCHS4 Coexpression,0.6781",""
"INTERSECT_DLD1_HCT15_SW48","1539","MBD6","0.678699999999999970","ARCHS4 Coexpression,0.6787",""
"INTERSECT_DLD1_HCT15_SW48","1540","SHOX","0.678799999999999959","Enrichr Queries,0.6788","PRDM1,DDR2"
"INTERSECT_DLD1_HCT15_SW48","1541","ZNF69","0.681400000000000006","GTEx Coexpression,0.6814",""
"INTERSECT_DLD1_HCT15_SW48","1542","ZNF649","0.683799999999999963","Enrichr Queries,0.6838","ATF3,DDR2"
"INTERSECT_DLD1_HCT15_SW48","1543","ZNF587","0.686699999999999977","ARCHS4 Coexpression,0.6867",""
"INTERSECT_DLD1_HCT15_SW48","1544","ZNF808","0.690899999999999959","Enrichr Queries,0.6909","PRDM1,DDR2"
"INTERSECT_DLD1_HCT15_SW48","1545","ZNF518A","0.691599999999999993","Enrichr Queries,0.6916","NLRP6,DDR2"
"INTERSECT_DLD1_HCT15_SW48","1546","ZNF300","0.692300000000000026","Enrichr Queries,0.6923","CLU,DDR2"
"INTERSECT_DLD1_HCT15_SW48","1547","ZNF816","0.693200000000000038","GTEx Coexpression,0.6932",""
"INTERSECT_DLD1_HCT15_SW48","1548","ZNF682","0.693799999999999972","GTEx Coexpression,0.6938",""
"INTERSECT_DLD1_HCT15_SW48","1549","HINFP","0.695100000000000051","GTEx Coexpression,0.6951",""
"INTERSECT_DLD1_HCT15_SW48","1550","ZNF627","0.695899999999999963","Enrichr Queries,0.6959","ATF3,DDR2"
"INTERSECT_DLD1_HCT15_SW48","1551","ZNF358","0.697999999999999954","Enrichr Queries,0.698","DHRS3,DDR2"
"INTERSECT_DLD1_HCT15_SW48","1552","KAT7","0.698999999999999955","ARCHS4 Coexpression,0.699",""
"INTERSECT_DLD1_HCT15_SW48","1553","POGK","0.699600000000000000","ARCHS4 Coexpression,0.6996",""
"INTERSECT_DLD1_HCT15_SW48","1554","ZNF830","0.703300000000000036","ARCHS4 Coexpression,0.7033",""
"INTERSECT_DLD1_HCT15_SW48","1555","ZNF84","0.708200000000000052","ARCHS4 Coexpression,0.7082",""
"INTERSECT_DLD1_HCT15_SW48","1556","TBR1","0.710099999999999953","ARCHS4 Coexpression,0.7101",""
"INTERSECT_DLD1_HCT15_SW48","1557","ZBTB9","0.710799999999999987","Enrichr Queries,0.7108","PRDM1,DDR2"
"INTERSECT_DLD1_HCT15_SW48","1558","ZNF705D","0.711899999999999977","ARCHS4 Coexpression,0.7119",""
"INTERSECT_DLD1_HCT15_SW48","1559","KLF16","0.713099999999999956","GTEx Coexpression,0.7131",""
"INTERSECT_DLD1_HCT15_SW48","1560","ZNF254","0.713700000000000001","Enrichr Queries,0.7137","ATF3,DDR2"
"INTERSECT_DLD1_HCT15_SW48","1561","NEUROD4","0.715600000000000014","GTEx Coexpression,0.7156",""
"INTERSECT_DLD1_HCT15_SW48","1562","ZNF17","0.718700000000000006","GTEx Coexpression,0.7187",""
"INTERSECT_DLD1_HCT15_SW48","1563","SOX5","0.721500000000000030","Enrichr Queries,0.7215","PRDM1,DDR2"
"INTERSECT_DLD1_HCT15_SW48","1564","ZBTB26","0.722400000000000042","ARCHS4 Coexpression,0.7224",""
"INTERSECT_DLD1_HCT15_SW48","1565","ZNF154","0.722999999999999976","ARCHS4 Coexpression,0.723",""
"INTERSECT_DLD1_HCT15_SW48","1566","ZNF397","0.723600000000000021","ARCHS4 Coexpression,0.7236",""
"INTERSECT_DLD1_HCT15_SW48","1567","AKAP8L","0.724800000000000000","ARCHS4 Coexpression,0.7248",""
"INTERSECT_DLD1_HCT15_SW48","1568","MGA","0.725800000000000001","Enrichr Queries,0.7258","NLRP6,DDR2"
"INTERSECT_DLD1_HCT15_SW48","1569","ZNF727","0.726800000000000002","GTEx Coexpression,0.7268",""
"INTERSECT_DLD1_HCT15_SW48","1570","ZNF410","0.728600000000000025","Enrichr Queries,0.7286","ATF3,DDR2"
"INTERSECT_DLD1_HCT15_SW48","1571","NKX11","0.731199999999999961","GTEx Coexpression,0.7312",""
"INTERSECT_DLD1_HCT15_SW48","1572","MSANTD1","0.732999999999999985","GTEx Coexpression,0.733",""
"INTERSECT_DLD1_HCT15_SW48","1573","ZNF605","0.735800000000000010","Enrichr Queries,0.7358","ATF3,DDR2"
"INTERSECT_DLD1_HCT15_SW48","1574","ZBTB8B","0.737099999999999977","ARCHS4 Coexpression,0.7371",""
"INTERSECT_DLD1_HCT15_SW48","1575","ZNF260","0.737199999999999966","Enrichr Queries,0.7372","ATF3,DDR2"
"INTERSECT_DLD1_HCT15_SW48","1576","CREB1","0.737900000000000000","Enrichr Queries,0.7379","ATF3,DDR2"
"INTERSECT_DLD1_HCT15_SW48","1577","FLYWCH1","0.739299999999999957","GTEx Coexpression,0.7393",""
"INTERSECT_DLD1_HCT15_SW48","1578","FAM170A","0.739299999999999957","Enrichr Queries,0.7393","NLRP6,DDR2"
"INTERSECT_DLD1_HCT15_SW48","1579","ZNF800","0.740500000000000047","GTEx Coexpression,0.7405",""
"INTERSECT_DLD1_HCT15_SW48","1580","ZNF283","0.741099999999999981","GTEx Coexpression,0.7411",""
"INTERSECT_DLD1_HCT15_SW48","1581","ATMIN","0.741999999999999993","ARCHS4 Coexpression,0.742",""
"INTERSECT_DLD1_HCT15_SW48","1582","FOXP4","0.742199999999999971","Enrichr Queries,0.7422","PRDM1,DDR2"
"INTERSECT_DLD1_HCT15_SW48","1583","MYRF","0.745099999999999985","ARCHS4 Coexpression,0.7451",""
"INTERSECT_DLD1_HCT15_SW48","1584","ZNF716","0.745500000000000052","GTEx Coexpression,0.7455",""
"INTERSECT_DLD1_HCT15_SW48","1585","ZNF676","0.745700000000000029","Enrichr Queries,0.7457","NEB,DDR2"
"INTERSECT_DLD1_HCT15_SW48","1586","KLF12","0.746399999999999952","Enrichr Queries,0.7464","AKAP12,DDR2"
"INTERSECT_DLD1_HCT15_SW48","1587","C11ORF95","0.751099999999999990","GTEx Coexpression,0.7511",""
"INTERSECT_DLD1_HCT15_SW48","1588","ZNF621","0.752299999999999969","GTEx Coexpression,0.7523",""
"INTERSECT_DLD1_HCT15_SW48","1589","ZNF518B","0.754299999999999971","Enrichr Queries,0.7543","AKAP12,DDR2"
"INTERSECT_DLD1_HCT15_SW48","1590","RXRB","0.754299999999999971","ARCHS4 Coexpression,0.7543",""
"INTERSECT_DLD1_HCT15_SW48","1591","ZNF700","0.762900000000000023","GTEx Coexpression,0.7629",""
"INTERSECT_DLD1_HCT15_SW48","1592","BHLHA9","0.764100000000000001","ARCHS4 Coexpression,0.7641",""
"INTERSECT_DLD1_HCT15_SW48","1593","ZNF76","0.766399999999999970","Enrichr Queries,0.7664","DHRS3,DDR2"
"INTERSECT_DLD1_HCT15_SW48","1594","ZNF85","0.769800000000000040","GTEx Coexpression,0.7698",""
"INTERSECT_DLD1_HCT15_SW48","1595","FIZ1","0.771499999999999964","ARCHS4 Coexpression,0.7715",""
"INTERSECT_DLD1_HCT15_SW48","1596","ZNF664","0.772700000000000053","ARCHS4 Coexpression,0.7727",""
"INTERSECT_DLD1_HCT15_SW48","1597","PHF20","0.774100000000000010","GTEx Coexpression,0.7741",""
"INTERSECT_DLD1_HCT15_SW48","1598","ZNF8","0.774199999999999999","Enrichr Queries,0.7742","ATF3,DDR2"
"INTERSECT_DLD1_HCT15_SW48","1599","ZNF233","0.777599999999999958","ARCHS4 Coexpression,0.7776",""
"INTERSECT_DLD1_HCT15_SW48","1600","HMX1","0.778299999999999992","ARCHS4 Coexpression,0.7783",""
"INTERSECT_DLD1_HCT15_SW48","1601","GLI4","0.788100000000000023","ARCHS4 Coexpression,0.7881",""
"INTERSECT_DLD1_HCT15_SW48","1602","NEUROD6","0.789900000000000047","ARCHS4 Coexpression,0.7899",""
"INTERSECT_DLD1_HCT15_SW48","1603","SKI","0.798399999999999999","GTEx Coexpression,0.7984",""
"INTERSECT_DLD1_HCT15_SW48","1604","TGIF2LY","0.802200000000000024","ARCHS4 Coexpression,0.8022",""
"INTERSECT_DLD1_HCT15_SW48","1605","ZSCAN9","0.802699999999999969","GTEx Coexpression,0.8027",""
"INTERSECT_DLD1_HCT15_SW48","1606","CXXC1","0.805300000000000016","ARCHS4 Coexpression,0.8053",""
"INTERSECT_DLD1_HCT15_SW48","1607","ZNF211","0.805599999999999983","Enrichr Queries,0.8056","ATF3,DDR2"
"INTERSECT_DLD1_HCT15_SW48","1608","SOHLH1","0.806499999999999995","ARCHS4 Coexpression,0.8065",""
"INTERSECT_DLD1_HCT15_SW48","1609","KCNIP3","0.813300000000000023","GTEx Coexpression,0.8133",""
"INTERSECT_DLD1_HCT15_SW48","1610","FEZF2","0.813899999999999957","GTEx Coexpression,0.8139",""
"INTERSECT_DLD1_HCT15_SW48","1611","ZNF148","0.818300000000000027","GTEx Coexpression,0.8183",""
"INTERSECT_DLD1_HCT15_SW48","1612","ZNF322","0.822699999999999987","GTEx Coexpression,0.8227",""
"INTERSECT_DLD1_HCT15_SW48","1613","ANKZF1","0.834799999999999986","Enrichr Queries,0.8348","ATF3,DDR2"
"INTERSECT_DLD1_HCT15_SW48","1614","TOPORS","0.835099999999999953","GTEx Coexpression,0.8351",""
"INTERSECT_DLD1_HCT15_SW48","1615","ZNF433","0.835999999999999965","ARCHS4 Coexpression,0.836",""
"INTERSECT_DLD1_HCT15_SW48","1616","ZNF428","0.846899999999999986","GTEx Coexpression,0.8469",""
"INTERSECT_DLD1_HCT15_SW48","1617","ZNF853","0.848899999999999988","ARCHS4 Coexpression,0.8489",""
"INTERSECT_DLD1_HCT15_SW48","1618","NKX25","0.849999999999999978","GTEx Coexpression,0.85",""
"INTERSECT_DLD1_HCT15_SW48","1619","ZNF479","0.858099999999999974","ARCHS4 Coexpression,0.8581",""
"INTERSECT_DLD1_HCT15_SW48","1620","CENPB","0.864700000000000024","Enrichr Queries,0.8647","DDR2"
"INTERSECT_DLD1_HCT15_SW48","1621","NKX62","0.868099999999999983","GTEx Coexpression,0.8681",""
"INTERSECT_DLD1_HCT15_SW48","1622","ZNF814","0.872399999999999953","GTEx Coexpression,0.8724",""
"INTERSECT_DLD1_HCT15_SW48","1623","ZNF33A","0.875399999999999956","Enrichr Queries,0.8754","DDR2"
"INTERSECT_DLD1_HCT15_SW48","1624","ZNF578","0.889199999999999990","GTEx Coexpression,0.8892",""
"INTERSECT_DLD1_HCT15_SW48","1625","ZNF28","0.895000000000000018","ARCHS4 Coexpression,0.895",""
"INTERSECT_DLD1_HCT15_SW48","1626","MSANTD3","0.912300000000000000","GTEx Coexpression,0.9123",""
"INTERSECT_DLD1_HCT15_SW48","1627","L3MBTL3","0.916599999999999970","GTEx Coexpression,0.9166",""
"INTERSECT_DLD1_HCT15_SW48","1628","SCRT1","0.917699999999999960","ARCHS4 Coexpression,0.9177",""
"INTERSECT_DLD1_HCT15_SW48","1629","CC2D1A","0.922000000000000042","ARCHS4 Coexpression,0.922",""
"INTERSECT_DLD1_HCT15_SW48","1630","NACC2","0.933000000000000052","ARCHS4 Coexpression,0.933",""
"INTERSECT_DLD1_HCT15_SW48","1631","ZNF883","0.937300000000000022","ARCHS4 Coexpression,0.9373",""
"INTERSECT_DLD1_HCT15_SW48","1632","MYPOP","0.941500000000000004","GTEx Coexpression,0.9415",""
