Data_Type,Dataset_ID,Plot_Category,Analysis_Name,GeneSet_Name,GSEA_Result_File,Pathway ID,Name,pvalue,DEG number,DEG Density,Intersecton size,DEGs in Intersection,Result,Reciprocal pvalue,Filtered,Versus,Versus Name,Is Reciprocal,Top Genes
ngs,GSE282081,ATF3_correlation,3D_organoid_none,GO_BP,results/ngs/GSE282081/tables/ATF3_function/3D_organoid_none/GSEA/GO_BP/gsea_result.csv,GOBP_NEGATIVE_REGULATION_OF_SYNCYTIUM_FORMATION_BY_PLASMA_MEMBRANE_FUSION,GOBP_NEGATIVE_REGULATION_OF_SYNCYTIUM_FORMATION_BY_PLASMA_MEMBRANE_FUSION,1e-10,35,0.7,0,0,1.0,0.0,keep,itself,,True,"RPL23,RPL14,UBA52,RPLP2,RPLP1,RPLP0,RPL41,RPL39,RPL38,RPL37A,RPL37,RPL35A,RPL34,RPL32,RPL31,RPL29,RPL27A,RPL30,RPL27,RPL24"
ngs,GSE282081,ATF3_correlation,3D_organoid_none,GO_BP,results/ngs/GSE282081/tables/ATF3_function/3D_organoid_none/GSEA/GO_BP/gsea_result.csv,GOBP_REGULATION_OF_SYNCYTIUM_FORMATION_BY_PLASMA_MEMBRANE_FUSION,GOBP_REGULATION_OF_SYNCYTIUM_FORMATION_BY_PLASMA_MEMBRANE_FUSION,1e-10,41,0.5616,50,36,6.88e-05,0.0,keep,GOBP_NEGATIVE_REGULATION_OF_SYNCYTIUM_FORMATION_BY_PLASMA_MEMBRANE_FUSION,GOBP_NEGATIVE_REGULATION_OF_SYNCYTIUM_FORMATION_BY_PLASMA_MEMBRANE_FUSION,True,"RAPGEF3,RIPOR2,CD53,RPL23,RPL14,CAMK1,UBA52,RPLP2,RPLP1,RPLP0,RPL41,RPL39,RPL38,RPL37A,RPL37,RPL35A,RPL34,RPL32,RPL31,RPL29"
ngs,GSE282081,ATF3_correlation,3D_organoid_none,GO_BP,results/ngs/GSE282081/tables/ATF3_function/3D_organoid_none/GSEA/GO_BP/gsea_result.csv,GOBP_MYOBLAST_FUSION,GOBP_MYOBLAST_FUSION,1e-10,44,0.4783,48,35,3.98e-07,0.0857,exclude,GOBP_NEGATIVE_REGULATION_OF_SYNCYTIUM_FORMATION_BY_PLASMA_MEMBRANE_FUSION,GOBP_NEGATIVE_REGULATION_OF_SYNCYTIUM_FORMATION_BY_PLASMA_MEMBRANE_FUSION,False,"CD53,RPL23,RPL14,ADAM12,CACNA1S,UBA52,RPLP2,RPLP1,RPLP0,RPL41,RPL39,RPL38,RPL37A,RPL37,RPL35A,RPL34,RPL32,RPL31,RPL29,RPL27A"
ngs,GSE282081,ATF3_correlation,3D_organoid_none,GO_BP,results/ngs/GSE282081/tables/ATF3_function/3D_organoid_none/GSEA/GO_BP/gsea_result.csv,GOBP_SYNCYTIUM_FORMATION,GOBP_SYNCYTIUM_FORMATION,1e-10,48,0.4324,50,35,2.31e-07,1.0,exclude,GOBP_NEGATIVE_REGULATION_OF_SYNCYTIUM_FORMATION_BY_PLASMA_MEMBRANE_FUSION,GOBP_NEGATIVE_REGULATION_OF_SYNCYTIUM_FORMATION_BY_PLASMA_MEMBRANE_FUSION,False,"SH3PXD2A,CD53,RPL23,RPL14,CAMK1,ADAM12,CACNA1S,UBA52,TCTA,RPLP2,RPLP1,RPLP0,RPL41,RPL39,RPL38,RPL37A,RPL37,RPL35A,RPL34,RPL32"
ngs,GSE282081,ATF3_correlation,3D_organoid_none,GO_BP,results/ngs/GSE282081/tables/ATF3_function/3D_organoid_none/GSEA/GO_BP/gsea_result.csv,GOBP_CYTOPLASMIC_TRANSLATION,GOBP_CYTOPLASMIC_TRANSLATION,1e-10,72,0.4068,45,35,5.3e-09,0.0014,keep,GOBP_NEGATIVE_REGULATION_OF_SYNCYTIUM_FORMATION_BY_PLASMA_MEMBRANE_FUSION,GOBP_NEGATIVE_REGULATION_OF_SYNCYTIUM_FORMATION_BY_PLASMA_MEMBRANE_FUSION,True,"RPL23,RPL14,EIF2B2,EIF3I,EIF3H,EIF3F,LIN28A,UBA52,CPEB1,RPS29,RPS28,RPS27A,RPS27,RPS25,RPS24,RPS23,RPS21,RPS20,RPS19,RPS18"
ngs,GSE282081,ATF3_correlation,3D_organoid_none,GO_BP,results/ngs/GSE282081/tables/ATF3_function/3D_organoid_none/GSEA/GO_BP/gsea_result.csv,GOBP_STRIATED_MUSCLE_CONTRACTION,GOBP_STRIATED_MUSCLE_CONTRACTION,1e-10,77,0.3043,45,35,3.63e-13,0.0014,keep,GOBP_NEGATIVE_REGULATION_OF_SYNCYTIUM_FORMATION_BY_PLASMA_MEMBRANE_FUSION,GOBP_NEGATIVE_REGULATION_OF_SYNCYTIUM_FORMATION_BY_PLASMA_MEMBRANE_FUSION,True,"ARHGEF11,GSTO1,RPL23,RCSD1,RPL14,JPH4,CALM3,MYH14,CACNA1S,UBA52,TNNT1,TNNC1,STC1,SNTA1,SCN8A,SCN4B,SCN2B,SCN1B,RPLP2,RPLP1"
ngs,GSE282081,ATF3_correlation,3D_organoid_none,GO_BP,results/ngs/GSE282081/tables/ATF3_function/3D_organoid_none/GSEA/GO_BP/gsea_result.csv,GOBP_PROTON_TRANSMEMBRANE_TRANSPORT,GOBP_PROTON_TRANSMEMBRANE_TRANSPORT,8.91e-09,89,0.4611,0,0,1.0,0.0,keep,itself,,True,"ATP5PO,FXYD6,FXYD1,ATP6V1C1,ATP6V1B1,ATP5PF,ATP6V1H,ATP5PB,ATP5F1D,ATP5F1C,ATP4B,ATP4A,ATP12A,NDUFS5,NDUFC1,NDUFB10,NDUFB8,NDUFB4,NDUFA6,NDUFA1"
ngs,GSE282081,ATF3_correlation,3D_organoid_none,GO_BP,results/ngs/GSE282081/tables/ATF3_function/3D_organoid_none/GSEA/GO_BP/gsea_result.csv,GOBP_MUSCLE_CONTRACTION,GOBP_MUSCLE_CONTRACTION,1.68e-08,112,0.266,45,35,2.96e-14,0.0014,keep,GOBP_NEGATIVE_REGULATION_OF_SYNCYTIUM_FORMATION_BY_PLASMA_MEMBRANE_FUSION,GOBP_NEGATIVE_REGULATION_OF_SYNCYTIUM_FORMATION_BY_PLASMA_MEMBRANE_FUSION,True,"TRDN,IRAG1,STUB1,AKAP9,STRIT1,TRPA1,MYH13,CASQ2,PLN,MYH1,HTR2A,ARHGEF11,GSTO1,CACNA2D4,RPL23,RCSD1,RPL14,JPH4,CALM3,MYH14"
ngs,GSE282081,ATF3_correlation,3D_organoid_none,GO_BP,results/ngs/GSE282081/tables/ATF3_function/3D_organoid_none/GSEA/GO_BP/gsea_result.csv,GOBP_MYOTUBE_DIFFERENTIATION,GOBP_MYOTUBE_DIFFERENTIATION,2.28e-07,52,0.2905,48,35,4.15e-14,0.0857,exclude,GOBP_NEGATIVE_REGULATION_OF_SYNCYTIUM_FORMATION_BY_PLASMA_MEMBRANE_FUSION,GOBP_NEGATIVE_REGULATION_OF_SYNCYTIUM_FORMATION_BY_PLASMA_MEMBRANE_FUSION,False,"CD53,RPL23,RPL14,PLPP7,ADAM12,CACNA1S,UBA52,RPLP2,RPLP1,RPLP0,RPL41,RPL39,RPL38,RPL37A,RPL37,RPL35A,RPL34,RPL32,RPL31,RPL29"
ngs,GSE282081,ATF3_correlation,3D_organoid_none,GO_BP,results/ngs/GSE282081/tables/ATF3_function/3D_organoid_none/GSEA/GO_BP/gsea_result.csv,GOBP_PROTON_MOTIVE_FORCE_DRIVEN_ATP_SYNTHESIS,GOBP_PROTON_MOTIVE_FORCE_DRIVEN_ATP_SYNTHESIS,5.7e-07,40,0.5263,60,32,0.5165,0.116,keep,GOBP_PROTON_TRANSMEMBRANE_TRANSPORT,GOBP_PROTON_TRANSMEMBRANE_TRANSPORT,False,"NDUFB11,ATP5PO,ATP5PF,ATP5PB,ATP5F1D,NDUFA13,ATP5F1C,NDUFS5,NDUFC1,NDUFB10,NDUFB8,NDUFB4,NDUFAB1,NDUFA6,NDUFA1,ATP5MGL,ATP5MK,DNAJC30,SDHC,SDHB"
ngs,GSE282081,ATF3_correlation,3D_organoid_none,GO_BP,results/ngs/GSE282081/tables/ATF3_function/3D_organoid_none/GSEA/GO_BP/gsea_result.csv,GOBP_RIBOSOMAL_SMALL_SUBUNIT_ASSEMBLY,GOBP_RIBOSOMAL_SMALL_SUBUNIT_ASSEMBLY,9.37e-07,13,0.5417,9,9,0.000547,0.000223,keep,GOBP_CYTOPLASMIC_TRANSLATION,GOBP_CYTOPLASMIC_TRANSLATION,True,"RCC1L,RPS28,RPS27,RPS19,RPS15,RPS14,RPS6,PRKDC,TFB1M,RPSA,RPSA2,ERAL1,FAU"
ngs,GSE282081,ATF3_correlation,3D_organoid_none,GO_BP,results/ngs/GSE282081/tables/ATF3_function/3D_organoid_none/GSEA/GO_BP/gsea_result.csv,GOBP_OXIDATIVE_PHOSPHORYLATION,GOBP_OXIDATIVE_PHOSPHORYLATION,2.64e-06,67,0.4497,68,35,0.0973,0.8321,keep,GOBP_PROTON_MOTIVE_FORCE_DRIVEN_ATP_SYNTHESIS,GOBP_PROTON_MOTIVE_FORCE_DRIVEN_ATP_SYNTHESIS,False,"SDHAF2,NDUFB11,ATP5PO,ATP7A,ATP5PF,ATP5PB,ATP5F1D,CHCHD2,NDUFA13,ATP5F1C,NDUFS5,NDUFC1,NDUFB10,NDUFB8,NDUFB4,NDUFAB1,NDUFA6,NDUFA1,MSH2,UQCRHL"
ngs,GSE282081,ATF3_correlation,3D_organoid_none,GO_BP,results/ngs/GSE282081/tables/ATF3_function/3D_organoid_none/GSEA/GO_BP/gsea_result.csv,GOBP_RIBOSOME_ASSEMBLY,GOBP_RIBOSOME_ASSEMBLY,3.05e-06,39,0.5493,24,17,0.0462,0.0,keep,GOBP_RIBOSOMAL_SMALL_SUBUNIT_ASSEMBLY,GOBP_RIBOSOMAL_SMALL_SUBUNIT_ASSEMBLY,True,"NIP7,MRTO4,SBDS,MRPS2,RPS27L,NDUFAB1,EIF6,MCAT,RRP7A,BOP1,RRS1,DHX30,METTL15,MALSU1,GTPBP6,MPV17L2,RCC1L,TUFM,C1QBP,RPS28"
ngs,GSE282081,ATF3_correlation,3D_organoid_none,GO_BP,results/ngs/GSE282081/tables/ATF3_function/3D_organoid_none/GSEA/GO_BP/gsea_result.csv,GOBP_ALTERNATIVE_MRNA_SPLICING_VIA_SPLICEOSOME,GOBP_ALTERNATIVE_MRNA_SPLICING_VIA_SPLICEOSOME,8.22e-06,44,0.5,0,0,1.0,0.0,keep,itself,,True,"WTAP,CDK13,SRRM4,ARB2A,RBM4B,THUMPD2,ESRP2,TIAL1,TIA1,RBM15,TRA2B,SRSF6,SRSF5,SRSF2,SFPQ,CELF5,REST,RBM4,RBM25,CELF4"
ngs,GSE282081,ATF3_correlation,3D_organoid_none,GO_BP,results/ngs/GSE282081/tables/ATF3_function/3D_organoid_none/GSEA/GO_BP/gsea_result.csv,GOBP_ATP_SYNTHESIS_COUPLED_ELECTRON_TRANSPORT,GOBP_ATP_SYNTHESIS_COUPLED_ELECTRON_TRANSPORT,1.5e-05,45,0.4455,61,29,0.2948,0.4536,keep,GOBP_PROTON_TRANSMEMBRANE_TRANSPORT,GOBP_PROTON_TRANSMEMBRANE_TRANSPORT,False,"CHCHD2,NDUFS5,NDUFC1,NDUFB10,NDUFB8,NDUFB4,NDUFAB1,NDUFA6,NDUFA1,UQCRHL,COX8C,UQCR10,DNAJC15,UQCRQ,DGUOK,CYC1,COX7B,COX7A1,COX6C,COX6A1"
ngs,GSE282081,ATF3_correlation,3D_organoid_none,GO_BP,results/ngs/GSE282081/tables/ATF3_function/3D_organoid_none/GSEA/GO_BP/gsea_result.csv,GOBP_EPITHELIAL_CELL_PROLIFERATION_INVOLVED_IN_LUNG_MORPHOGENESIS,GOBP_EPITHELIAL_CELL_PROLIFERATION_INVOLVED_IN_LUNG_MORPHOGENESIS,1.65e-05,8,0.6667,0,0,1.0,0.0,keep,itself,,True,"CDC42,FOXP2,HMGA2,WNT2,SOX9,BMP4,SRSF6,MAP2K1"
ngs,GSE282081,ATF3_correlation,3D_organoid_none,GO_BP,results/ngs/GSE282081/tables/ATF3_function/3D_organoid_none/GSEA/GO_BP/gsea_result.csv,GOBP_MUSCLE_CELL_DIFFERENTIATION,GOBP_MUSCLE_CELL_DIFFERENTIATION,2e-05,97,0.2012,48,35,3.84e-17,0.0857,exclude,GOBP_NEGATIVE_REGULATION_OF_SYNCYTIUM_FORMATION_BY_PLASMA_MEMBRANE_FUSION,GOBP_NEGATIVE_REGULATION_OF_SYNCYTIUM_FORMATION_BY_PLASMA_MEMBRANE_FUSION,False,"CD53,RPL23,PRDM6,RPL14,CAMK1,PLPP7,HDGFL2,CALR,ACTN4,ADAM12,EHMT1,TMEM204,CACNA1S,UBA52,TNNT1,TBX5,PRDM16,RPLP2,RPLP1,RPLP0"
ngs,GSE282081,ATF3_correlation,3D_organoid_none,GO_BP,results/ngs/GSE282081/tables/ATF3_function/3D_organoid_none/GSEA/GO_BP/gsea_result.csv,GOBP_STRIATED_MUSCLE_CELL_DIFFERENTIATION,GOBP_STRIATED_MUSCLE_CELL_DIFFERENTIATION,2.01e-05,72,0.2,48,33,9.92e-16,1.0,exclude,GOBP_NEGATIVE_REGULATION_OF_SYNCYTIUM_FORMATION_BY_PLASMA_MEMBRANE_FUSION,GOBP_NEGATIVE_REGULATION_OF_SYNCYTIUM_FORMATION_BY_PLASMA_MEMBRANE_FUSION,False,"CALR,ADAM12,CACNA1S,UBA52,TNNT1,TBX5,RPLP2,RPLP1,RPLP0,RPL41,RPL39,RPL38,RPL37A,RPL37,RPL35A,RPL34,RPL32,RPL31,RPL29,RPL27A"
ngs,GSE282081,ATF3_correlation,3D_organoid_none,GO_BP,results/ngs/GSE282081/tables/ATF3_function/3D_organoid_none/GSEA/GO_BP/gsea_result.csv,GOBP_MITOCHONDRIAL_TRANSLATION,GOBP_MITOCHONDRIAL_TRANSLATION,2.13e-05,71,0.542,0,0,1.0,0.0,keep,itself,,True,"MRPL1,MRPL9,MRPL36,MRPS9,MRPS11,MRPS26,MRPL23,DARS2,AURKAIP1,MRPL16,SARS2,MRPS33,MRPS23,MRPL48,TACO1,MRPS2,MRPS7,MRPL4,MRPS18C,OXA1L"
ngs,GSE282081,ATF3_correlation,3D_organoid_none,GO_BP,results/ngs/GSE282081/tables/ATF3_function/3D_organoid_none/GSEA/GO_BP/gsea_result.csv,GOBP_ANTIMICROBIAL_HUMORAL_IMMUNE_RESPONSE_MEDIATED_BY_ANTIMICROBIAL_PEPTIDE,GOBP_ANTIMICROBIAL_HUMORAL_IMMUNE_RESPONSE_MEDIATED_BY_ANTIMICROBIAL_PEPTIDE,4.89e-05,31,0.2138,0,0,1.0,0.0,keep,itself,,True,"GALP,CAMP,CCL21,CCL17,KNG1,ELANE,CXCL14,H2BC4,H2BC13,CX3CL1,CXCL6,CCL20,CCL2,RPS19,RPL39,RPL30,RNASE6,FAM3A,HAMP,B2M"
ngs,GSE282081,ATF3_correlation,3D_organoid_none,GO_BP,results/ngs/GSE282081/tables/ATF3_function/3D_organoid_none/GSEA/GO_BP/gsea_result.csv,GOBP_RNA_SPLICING,GOBP_RNA_SPLICING,8.41e-05,168,0.3367,88,43,0.000839,1.0,exclude,GOBP_ALTERNATIVE_MRNA_SPLICING_VIA_SPLICEOSOME,GOBP_ALTERNATIVE_MRNA_SPLICING_VIA_SPLICEOSOME,False,"SUPT7L,DDX46,CDK11B,WTAP,RBM39,QKI,CRIPT,PAXBP1,ZRANB2,TADA2B,SRSF11,ANGEL2,NOL3,PRP4K,ZPR1,CDK13,PPIL4,ZC3H10,TTF2,SRRM4"
ngs,GSE282081,ATF3_correlation,3D_organoid_none,GO_BP,results/ngs/GSE282081/tables/ATF3_function/3D_organoid_none/GSEA/GO_BP/gsea_result.csv,GOBP_REGULATION_OF_ALTERNATIVE_MRNA_SPLICING_VIA_SPLICEOSOME,GOBP_REGULATION_OF_ALTERNATIVE_MRNA_SPLICING_VIA_SPLICEOSOME,0.000101,34,0.4857,0,0,1.0,0.0,keep,itself,,True,"WTAP,SRRM4,ARB2A,RBM4B,THUMPD2,TIAL1,TIA1,RBM15,TRA2B,SRSF6,SRSF5,SRSF2,CELF5,REST,RBM4,RBM25,CELF4,ARGLU1,RBM11,ZBTB7A"
ngs,GSE282081,ATF3_correlation,3D_organoid_none,GO_BP,results/ngs/GSE282081/tables/ATF3_function/3D_organoid_none/GSEA/GO_BP/gsea_result.csv,GOBP_CELLULAR_RESPONSE_TO_GLUCOSE_STARVATION,GOBP_CELLULAR_RESPONSE_TO_GLUCOSE_STARVATION,0.000109,27,0.54,0,0,1.0,0.0,keep,itself,,True,"EIF2AK3,MTMR3,SESN2,CPEB4,ZC3H12A,YWHAG,XBP1,TP53,SLC2A1,ITFG2,PRKAA2,PRKAA1,PMAIP1,PRKAG2,NFE2L2,ATF4,ASNS,SESN1,RRP8,SZT2"
ngs,GSE282081,ATF3_correlation,3D_organoid_none,GO_BP,results/ngs/GSE282081/tables/ATF3_function/3D_organoid_none/GSEA/GO_BP/gsea_result.csv,GOBP_INTERMEDIATE_FILAMENT_ORGANIZATION,GOBP_INTERMEDIATE_FILAMENT_ORGANIZATION,0.000127,35,0.4667,0,0,1.0,0.0,keep,itself,,True,"KRT86,KRT85,KRT83,KRT35,KRT34,KRT32,KRT31,KRT7,KRT4,GFAP,KRT23,KRT74,BFSP2,KRT76,KRT27,KRT73,KRT75,KRT37,BBLN,KRT20"
ngs,GSE282081,ATF3_correlation,3D_organoid_none,GO_BP,results/ngs/GSE282081/tables/ATF3_function/3D_organoid_none/GSEA/GO_BP/gsea_result.csv,GOBP_RNA_SPLICING_VIA_TRANSESTERIFICATION_REACTIONS,GOBP_RNA_SPLICING_VIA_TRANSESTERIFICATION_REACTIONS,0.000143,126,0.3396,88,43,0.00068,1.0,exclude,GOBP_ALTERNATIVE_MRNA_SPLICING_VIA_SPLICEOSOME,GOBP_ALTERNATIVE_MRNA_SPLICING_VIA_SPLICEOSOME,False,"DDX46,CDK11B,WTAP,RBM39,QKI,CRIPT,PAXBP1,NOL3,PRP4K,CDK13,PPIL4,SRRM4,DHX16,RBM48,ARB2A,RBM4B,ZRSR2,ESS2,CCNL2,COIL"
ngs,GSE282081,ATF3_correlation,3D_organoid_none,GO_BP,results/ngs/GSE282081/tables/ATF3_function/3D_organoid_none/GSEA/GO_BP/gsea_result.csv,GOBP_NUCLEOSIDE_TRIPHOSPHATE_BIOSYNTHETIC_PROCESS,GOBP_NUCLEOSIDE_TRIPHOSPHATE_BIOSYNTHETIC_PROCESS,0.000161,31,0.2385,76,24,0.011,1.0,exclude,GOBP_PROTON_MOTIVE_FORCE_DRIVEN_ATP_SYNTHESIS,GOBP_PROTON_MOTIVE_FORCE_DRIVEN_ATP_SYNTHESIS,False,"ATP5MK,DNAJC30,TYMS,TMSB4X,SDHC,SDHB,FAM3A,NDUFA12,ATP5ME,ATP5MC3,ATP5MC2,ATP5MC1,ATP5F1E,ATP5F1B,NME4,NDUFS8,NDUFS2,NDUFS1,NDUFB7,NDUFB6"
ngs,GSE282081,ATF3_correlation,3D_organoid_none,GO_BP,results/ngs/GSE282081/tables/ATF3_function/3D_organoid_none/GSEA/GO_BP/gsea_result.csv,GOBP_ATP_BIOSYNTHETIC_PROCESS,GOBP_ATP_BIOSYNTHETIC_PROCESS,0.000177,27,0.2571,76,24,0.0199,1.0,exclude,GOBP_PROTON_MOTIVE_FORCE_DRIVEN_ATP_SYNTHESIS,GOBP_PROTON_MOTIVE_FORCE_DRIVEN_ATP_SYNTHESIS,False,"ATP5MK,DNAJC30,TMSB4X,SDHC,SDHB,FAM3A,NDUFA12,ATP5ME,ATP5MC3,ATP5MC2,ATP5MC1,ATP5F1E,ATP5F1B,NDUFS8,NDUFS2,NDUFS1,NDUFB7,NDUFB6,NDUFB3,NDUFB2"
ngs,GSE282081,ATF3_correlation,3D_organoid_none,GO_BP,results/ngs/GSE282081/tables/ATF3_function/3D_organoid_none/GSEA/GO_BP/gsea_result.csv,GOBP_RESPONSE_TO_OSMOTIC_STRESS,GOBP_RESPONSE_TO_OSMOTIC_STRESS,0.000183,38,0.4419,0,0,1.0,0.0,keep,itself,,True,"SLC12A6,USP15,OXSR1,TSC22D2,MARVELD3,ARHGEF2,MAP7,YBX3,LRRC8C,SLC4A11,CASP3,CAPN3,LRRC8E,ZFAND1,ZFP36L1,SLC12A2,SLC2A4,SLC2A1,PAPPA2,PTGS2"
ngs,GSE282081,ATF3_correlation,3D_organoid_none,GO_BP,results/ngs/GSE282081/tables/ATF3_function/3D_organoid_none/GSEA/GO_BP/gsea_result.csv,GOBP_NEGATIVE_REGULATION_OF_TORC1_SIGNALING,GOBP_NEGATIVE_REGULATION_OF_TORC1_SIGNALING,0.000208,23,0.46,0,0,1.0,0.0,keep,itself,,True,"SESN2,SEH1L,WDR59,YWHAG,UBE3A,UBE2D1,TSC2,DEPTOR,PELI1,OTUD7B,ITFG2,PRKACB,PRKAA2,PRKAA1,UBE2W,NLK,TBC1D7,SAR1B,NPC1,TBK1"
ngs,GSE282081,ATF3_correlation,3D_organoid_none,GO_BP,results/ngs/GSE282081/tables/ATF3_function/3D_organoid_none/GSEA/GO_BP/gsea_result.csv,GOBP_GAMMA_AMINOBUTYRIC_ACID_IMPORT,GOBP_GAMMA_AMINOBUTYRIC_ACID_IMPORT,0.000219,5,0.8333,0,0,1.0,0.0,keep,itself,,True,"NHERF1,SLC6A13,SLC6A6,SLC6A1,SLC7A14"
ngs,GSE282081,ATF3_correlation,3D_organoid_none,GO_BP,results/ngs/GSE282081/tables/ATF3_function/3D_organoid_none/GSEA/GO_BP/gsea_result.csv,GOBP_TROPHOBLAST_GIANT_CELL_DIFFERENTIATION,GOBP_TROPHOBLAST_GIANT_CELL_DIFFERENTIATION,0.000258,12,0.9231,0,0,1.0,0.0,keep,itself,,True,"PRDM1,SENP2,MDFI,LIF,GJB5,E2F7,PLK4,HAND1,E2F8,NR2F2,SOX15,SNAI1"
ngs,GSE282081,ATF3_correlation,3D_organoid_none,GO_BP,results/ngs/GSE282081/tables/ATF3_function/3D_organoid_none/GSEA/GO_BP/gsea_result.csv,GOBP_RIBOSOMAL_SMALL_SUBUNIT_BIOGENESIS,GOBP_RIBOSOMAL_SMALL_SUBUNIT_BIOGENESIS,0.000275,33,0.2895,24,13,0.0032,1.0,exclude,GOBP_RIBOSOMAL_SMALL_SUBUNIT_ASSEMBLY,GOBP_RIBOSOMAL_SMALL_SUBUNIT_ASSEMBLY,False,"RPS19BP1,TSR2,SLX9,RCC1L,RPS28,RPS27A,RPS27,RPS25,RPS24,RPS23,RPS21,RPS19,RPS16,RPS15A,RPS15,RPS14,RPS12,RPS8,RPS6,RPS3A"
ngs,GSE282081,ATF3_correlation,3D_organoid_none,GO_BP,results/ngs/GSE282081/tables/ATF3_function/3D_organoid_none/GSEA/GO_BP/gsea_result.csv,GOBP_ANTIMICROBIAL_HUMORAL_RESPONSE,GOBP_ANTIMICROBIAL_HUMORAL_RESPONSE,0.000295,40,0.2051,145,32,0.2411,0.0,keep,GOBP_ANTIMICROBIAL_HUMORAL_IMMUNE_RESPONSE_MEDIATED_BY_ANTIMICROBIAL_PEPTIDE,GOBP_ANTIMICROBIAL_HUMORAL_IMMUNE_RESPONSE_MEDIATED_BY_ANTIMICROBIAL_PEPTIDE,True,"GNLY,SPON2,WFDC2,GALP,CAMP,ACOD1,CCL21,CCL17,KNG1,WFDC11,ELANE,CXCL14,PLA2G6,H2BC4,H2BC13,COLEC11,CX3CL1,CXCL6,CCL20,CCL2"
ngs,GSE282081,ATF3_correlation,3D_organoid_none,GO_BP,results/ngs/GSE282081/tables/ATF3_function/3D_organoid_none/GSEA/GO_BP/gsea_result.csv,GOBP_CELLULAR_RESPIRATION,GOBP_CELLULAR_RESPIRATION,0.000326,134,0.3988,68,35,0.0209,0.8321,exclude,GOBP_PROTON_MOTIVE_FORCE_DRIVEN_ATP_SYNTHESIS,GOBP_PROTON_MOTIVE_FORCE_DRIVEN_ATP_SYNTHESIS,False,"MTFR1L,CISD1,OGDHL,PRKACA,DHTKD1,SDHAF2,PPARA,NDUFB11,ATP5PO,ATP7A,PKLR,PGM1,ATP5PF,PFKM,SIRT6,ATP5PB,ATP5F1D,CHCHD2,NDUFA13,ATP5F1C"
ngs,GSE282081,ATF3_correlation,3D_organoid_none,GO_BP,results/ngs/GSE282081/tables/ATF3_function/3D_organoid_none/GSEA/GO_BP/gsea_result.csv,GOBP_REGULATION_OF_EPITHELIAL_CELL_PROLIFERATION_INVOLVED_IN_LUNG_MORPHOGENESIS,GOBP_REGULATION_OF_EPITHELIAL_CELL_PROLIFERATION_INVOLVED_IN_LUNG_MORPHOGENESIS,0.000349,6,0.6667,0,0,1.0,0.0,keep,itself,,True,"CDC42,FOXP2,HMGA2,WNT2,SOX9,SRSF6"
ngs,GSE282081,ATF3_correlation,3D_organoid_none,GO_BP,results/ngs/GSE282081/tables/ATF3_function/3D_organoid_none/GSEA/GO_BP/gsea_result.csv,GOBP_REGULATION_OF_MRNA_METABOLIC_PROCESS,GOBP_REGULATION_OF_MRNA_METABOLIC_PROCESS,0.000349,126,0.2825,74,37,1.1e-05,0.6142,exclude,GOBP_ALTERNATIVE_MRNA_SPLICING_VIA_SPLICEOSOME,GOBP_ALTERNATIVE_MRNA_SPLICING_VIA_SPLICEOSOME,False,"PAN2,CDK11B,BCLAF1,DHX34,PUM1,WTAP,RBM39,BAG4,FXR2,ROCK2,QKI,MAPKAPK2,ANGEL2,PNPT1,ZC3H12C,YBX3,SRRM4,KAT8,PLEKHN1,ARB2A"
ngs,GSE282081,ATF3_correlation,3D_organoid_none,GO_BP,results/ngs/GSE282081/tables/ATF3_function/3D_organoid_none/GSEA/GO_BP/gsea_result.csv,GOBP_STRESS_GRANULE_ASSEMBLY,GOBP_STRESS_GRANULE_ASSEMBLY,0.000357,21,0.6,0,0,1.0,0.0,keep,itself,,True,"G3BP2,UBAP2L,ATG5,USP10,CSDE1,TIA1,BICD1,PRKAA2,PRKAA1,YTHDF1,STYXL1,YTHDF2,CAPRIN1,GRB7,YTHDF3,FMR1,C9orf72,EIF2S1,DDX3X,IGF2BP1"
ngs,GSE282081,ATF3_correlation,3D_organoid_none,GO_BP,results/ngs/GSE282081/tables/ATF3_function/3D_organoid_none/GSEA/GO_BP/gsea_result.csv,GOBP_REGULATION_OF_TRANSFERASE_ACTIVITY,GOBP_REGULATION_OF_TRANSFERASE_ACTIVITY,0.000384,126,0.4118,0,0,1.0,0.0,keep,itself,,True,"CDC25C,CDC25A,NHERF1,ACP4,STRADA,NOLC1,ARRDC4,HGS,CCNE2,LATS1,GPRC5A,CCNT2,CCNT1,MIDN,LDB1,KSR1,CCNK,TNFRSF10B,LMO4,USP44"
ngs,GSE282081,ATF3_correlation,3D_organoid_none,GO_BP,results/ngs/GSE282081/tables/ATF3_function/3D_organoid_none/GSEA/GO_BP/gsea_result.csv,GOBP_GONADOTROPHIN_RELEASING_HORMONE_NEURONAL_MIGRATION_TO_THE_HYPOTHALAMUS,GOBP_GONADOTROPHIN_RELEASING_HORMONE_NEURONAL_MIGRATION_TO_THE_HYPOTHALAMUS,0.000387,5,0.8333,0,0,1.0,0.0,keep,itself,,True,"SEMA3E,NRP1,NRP2,NDNF,PLXNA3"
ngs,GSE282081,ATF3_correlation,3D_organoid_none,GO_BP,results/ngs/GSE282081/tables/ATF3_function/3D_organoid_none/GSEA/GO_BP/gsea_result.csv,GOBP_RESPONSE_TO_TUMOR_NECROSIS_FACTOR,GOBP_RESPONSE_TO_TUMOR_NECROSIS_FACTOR,0.000399,85,0.3527,0,0,1.0,0.0,keep,itself,,True,"NR1H4,SPATA2,CD58,AKAP12,NR1D1,BAG4,MAPKAPK2,ARHGEF2,CLDN1,OTULIN,NOL3,CPNE1,TAX1BP1,TNFRSF11A,ADAM9,TNFRSF25,YBX3,NSMAF,CASP8,ULK1"
ngs,GSE282081,ATF3_correlation,3D_organoid_none,GO_BP,results/ngs/GSE282081/tables/ATF3_function/3D_organoid_none/GSEA/GO_BP/gsea_result.csv,GOBP_REGULATION_OF_WOUND_HEALING_SPREADING_OF_EPIDERMAL_CELLS,GOBP_REGULATION_OF_WOUND_HEALING_SPREADING_OF_EPIDERMAL_CELLS,0.000426,7,0.6364,0,0,1.0,0.0,keep,itself,,True,"PHLDB2,RREB1,PTEN,FERMT1,FIGNL2,MTOR,CLASP2"
ngs,GSE282081,ATF3_correlation,3D_organoid_none,GO_BP,results/ngs/GSE282081/tables/ATF3_function/3D_organoid_none/GSEA/GO_BP/gsea_result.csv,GOBP_REGULATION_OF_MRNA_PROCESSING,GOBP_REGULATION_OF_MRNA_PROCESSING,0.000441,61,0.4094,74,36,0.0413,0.8087,exclude,GOBP_ALTERNATIVE_MRNA_SPLICING_VIA_SPLICEOSOME,GOBP_ALTERNATIVE_MRNA_SPLICING_VIA_SPLICEOSOME,False,"CDK11B,WTAP,RBM39,QKI,SRRM4,KAT8,ARB2A,RBM4B,CCNL2,THUMPD2,PTCD2,METTL16,TIAL1,TIA1,ZFP36L1,SRPK1,SON,SNRPD1,SNRNP70,UPF3A"
ngs,GSE282081,ATF3_correlation,3D_organoid_none,GO_BP,results/ngs/GSE282081/tables/ATF3_function/3D_organoid_none/GSEA/GO_BP/gsea_result.csv,GOBP_REGULATION_OF_RNA_SPLICING,GOBP_REGULATION_OF_RNA_SPLICING,0.000458,78,0.3939,74,36,0.0284,0.8087,exclude,GOBP_ALTERNATIVE_MRNA_SPLICING_VIA_SPLICEOSOME,GOBP_ALTERNATIVE_MRNA_SPLICING_VIA_SPLICEOSOME,False,"SUPT7L,CDK11B,WTAP,RBM39,QKI,TADA2B,ANGEL2,ZPR1,ZC3H10,SRRM4,ARB2A,RBM4B,CCNL2,THUMPD2,ESRP2,METTL16,TIAL1,TIA1,TMBIM6,TAF10"
ngs,GSE282081,ATF3_correlation,3D_organoid_none,GO_BP,results/ngs/GSE282081/tables/ATF3_function/3D_organoid_none/GSEA/GO_BP/gsea_result.csv,GOBP_CELLULAR_RESPONSE_TO_LIGHT_INTENSITY,GOBP_CELLULAR_RESPONSE_TO_LIGHT_INTENSITY,0.000463,5,1.0,0,0,1.0,0.0,keep,itself,,True,"SLC24A4,GNB5,RGS9,SLC24A2,AKT2"
ngs,GSE282081,ATF3_correlation,3D_organoid_none,GO_BP,results/ngs/GSE282081/tables/ATF3_function/3D_organoid_none/GSEA/GO_BP/gsea_result.csv,GOBP_MITOCHONDRIAL_ELECTRON_TRANSPORT_CYTOCHROME_C_TO_OXYGEN,GOBP_MITOCHONDRIAL_ELECTRON_TRANSPORT_CYTOCHROME_C_TO_OXYGEN,0.000479,10,0.4348,13,6,0.5521,0.6092,keep,GOBP_PROTON_TRANSMEMBRANE_TRANSPORT,GOBP_PROTON_TRANSMEMBRANE_TRANSPORT,False,"COX7B,COX7A1,COX6C,COX6A1,COX8A,COX7C,COX7A2,COX6B1,COX5B,COX4I1"
ngs,GSE282081,ATF3_correlation,3D_organoid_none,GO_BP,results/ngs/GSE282081/tables/ATF3_function/3D_organoid_none/GSEA/GO_BP/gsea_result.csv,GOBP_NEGATIVE_REGULATION_OF_PEPTIDE_SECRETION,GOBP_NEGATIVE_REGULATION_OF_PEPTIDE_SECRETION,0.000512,16,0.3556,0,0,1.0,0.0,keep,itself,,True,"CD74,NDUFAF2,KLF7,JAGN1,UCP2,ABCC8,SREBF1,PSMD9,KCNJ11,BMP8A,GNAO1,FOXO1,FKBP1B,ADRA2C,ADRA2A,CHGA"
ngs,GSE282081,ATF3_correlation,3D_organoid_none,GO_BP,results/ngs/GSE282081/tables/ATF3_function/3D_organoid_none/GSEA/GO_BP/gsea_result.csv,GOBP_POSITIVE_REGULATION_OF_EPITHELIAL_CELL_PROLIFERATION_INVOLVED_IN_LUNG_MORPHOGENESIS,GOBP_POSITIVE_REGULATION_OF_EPITHELIAL_CELL_PROLIFERATION_INVOLVED_IN_LUNG_MORPHOGENESIS,0.000524,5,0.7143,0,0,1.0,0.0,keep,itself,,True,"CDC42,FOXP2,HMGA2,WNT2,SRSF6"
ngs,GSE282081,ATF3_correlation,3D_organoid_none,GO_BP,results/ngs/GSE282081/tables/ATF3_function/3D_organoid_none/GSEA/GO_BP/gsea_result.csv,GOBP_REGULATION_OF_NUCLEAR_TRANSCRIBED_MRNA_CATABOLIC_PROCESS_DEADENYLATION_DEPENDENT_DECAY,GOBP_REGULATION_OF_NUCLEAR_TRANSCRIBED_MRNA_CATABOLIC_PROCESS_DEADENYLATION_DEPENDENT_DECAY,0.000547,15,0.625,0,0,1.0,0.0,keep,itself,,True,"CSDE1,ZFP36,ZFP36L2,ZFP36L1,TENT4B,CNOT7,CNOT1,CPEB3,DHX36,DHX9,TENT4A,IGF2BP1,PAIP1,SYNCRIP,TOB1"
ngs,GSE282081,ATF3_correlation,3D_organoid_none,GO_BP,results/ngs/GSE282081/tables/ATF3_function/3D_organoid_none/GSEA/GO_BP/gsea_result.csv,GOBP_PROTEIN_K11_LINKED_DEUBIQUITINATION,GOBP_PROTEIN_K11_LINKED_DEUBIQUITINATION,0.000568,8,0.7273,0,0,1.0,0.0,keep,itself,,True,"USP30,VCPIP1,USP37,OTUD7B,YOD1,OTUD4,OTUD3,OTUD7A"
ngs,GSE282081,ATF3_correlation,3D_organoid_none,GO_BP,results/ngs/GSE282081/tables/ATF3_function/3D_organoid_none/GSEA/GO_BP/gsea_result.csv,GOBP_TRANSCRIPTION_DEPENDENT_TETHERING_OF_RNA_POLYMERASE_II_GENE_DNA_AT_NUCLEAR_PERIPHERY,GOBP_TRANSCRIPTION_DEPENDENT_TETHERING_OF_RNA_POLYMERASE_II_GENE_DNA_AT_NUCLEAR_PERIPHERY,0.000581,6,0.8571,0,0,1.0,0.0,keep,itself,,True,"NUP155,LDB1,RAE1,NUP107,PCID2,NUP133"
ngs,GSE282081,ATF3_correlation,3D_organoid_none,GO_BP,results/ngs/GSE282081/tables/ATF3_function/3D_organoid_none/GSEA/GO_BP/gsea_result.csv,GOBP_NEGATIVE_REGULATION_OF_PROTEIN_SECRETION,GOBP_NEGATIVE_REGULATION_OF_PROTEIN_SECRETION,0.000715,20,0.2703,39,15,0.0178,0.2916,exclude,GOBP_NEGATIVE_REGULATION_OF_PEPTIDE_SECRETION,GOBP_NEGATIVE_REGULATION_OF_PEPTIDE_SECRETION,False,"NDUFAF2,RSAD2,KLF7,JAGN1,UCP2,ABCC8,SREBF1,PSMD9,CD200,KCNJ11,BMP8A,APOE,GNAO1,FOXO1,FKBP1B,DRD4,ADRA2C,ADRA2A,CHGA,NR1H3"
ngs,GSE282081,ATF3_correlation,3D_organoid_none,GO_BP,results/ngs/GSE282081/tables/ATF3_function/3D_organoid_none/GSEA/GO_BP/gsea_result.csv,GOBP_T_CELL_HOMEOSTASIS,GOBP_T_CELL_HOMEOSTASIS,0.000747,18,0.2857,0,0,1.0,0.0,keep,itself,,True,"TGFB2,BCL2,BAX,PSMB10,PSMB8,PSMB3,PSMA7,PPP2R1A,FOXP3,LMO1,LGALS9,IL2RA,SLC39A3,SIT1,SPNS2,RIPK3,SIVA1,TCIRG1"
ngs,GSE282081,ATF3_correlation,3D_organoid_none,GO_BP,results/ngs/GSE282081/tables/ATF3_function/3D_organoid_none/GSEA/GO_BP/gsea_result.csv,GOBP_ELECTRON_TRANSPORT_CHAIN,GOBP_ELECTRON_TRANSPORT_CHAIN,0.000753,26,0.2063,61,18,0.0148,0.9996,exclude,GOBP_PROTON_TRANSMEMBRANE_TRANSPORT,GOBP_PROTON_TRANSMEMBRANE_TRANSPORT,False,"UQCRH,UQCRC1,SDHC,SDHB,NDUFA12,POR,NDUFS8,NDUFS2,NDUFS1,NDUFB7,NDUFB6,NDUFB3,NDUFB2,NDUFB1,NDUFA8,NDUFA2,NDUFS7,HCCS,MTCH2,COX8A"
ngs,GSE282081,ATF3_correlation,3D_organoid_none,GO_BP,results/ngs/GSE282081/tables/ATF3_function/3D_organoid_none/GSEA/GO_BP/gsea_result.csv,GOBP_SYNAPTIC_VESICLE_MATURATION,GOBP_SYNAPTIC_VESICLE_MATURATION,0.000807,11,0.4074,18,8,0.4488,0.6523,keep,GOBP_PROTON_TRANSMEMBRANE_TRANSPORT,GOBP_PROTON_TRANSMEMBRANE_TRANSPORT,False,"ATP6V1G3,ATP6V1G1,ATP6V1F,SYP,RAB3A,SLC17A7,ATP6AP1,ATP6V1E1,ATP6V1B2,ATP6V0A4,ZDHHC15"
ngs,GSE282081,ATF3_correlation,3D_organoid_none,GO_BP,results/ngs/GSE282081/tables/ATF3_function/3D_organoid_none/GSEA/GO_BP/gsea_result.csv,GOBP_DISRUPTION_OF_ANATOMICAL_STRUCTURE_IN_ANOTHER_ORGANISM,GOBP_DISRUPTION_OF_ANATOMICAL_STRUCTURE_IN_ANOTHER_ORGANISM,0.000893,27,0.2061,72,19,0.0547,0.1039,keep,GOBP_ANTIMICROBIAL_HUMORAL_IMMUNE_RESPONSE_MEDIATED_BY_ANTIMICROBIAL_PEPTIDE,GOBP_ANTIMICROBIAL_HUMORAL_IMMUNE_RESPONSE_MEDIATED_BY_ANTIMICROBIAL_PEPTIDE,False,"GNLY,MICA,CAMP,CCL21,CCL17,KNG1,LCE3A,ELANE,CXCL14,CXCL6,CCL20,SCNN1B,RPS19,RPL30,HAMP,CCL28,NKG7,NINJ1,MYD88,LGALS3"
ngs,GSE282081,ATF3_correlation,3D_organoid_none,GO_BP,results/ngs/GSE282081/tables/ATF3_function/3D_organoid_none/GSEA/GO_BP/gsea_result.csv,GOBP_PROTEIN_REPAIR,GOBP_PROTEIN_REPAIR,0.001,5,0.7143,0,0,1.0,0.0,keep,itself,,True,"FN3K,MSRB1,MSRB3,MSRB2,PARK7"
ngs,GSE282081,ATF3_correlation,3D_organoid_none,GO_BP,results/ngs/GSE282081/tables/ATF3_function/3D_organoid_none/GSEA/GO_BP/gsea_result.csv,GOBP_DEOXYRIBONUCLEOSIDE_MONOPHOSPHATE_BIOSYNTHETIC_PROCESS,GOBP_DEOXYRIBONUCLEOSIDE_MONOPHOSPHATE_BIOSYNTHETIC_PROCESS,0.0011,8,0.8889,0,0,1.0,0.0,keep,itself,,True,"DUT,DGUOK,DCK,ADK,TYMS,TK1,SHMT1,DCTD"
ngs,GSE282081,ATF3_correlation,3D_organoid_none,GO_BP,results/ngs/GSE282081/tables/ATF3_function/3D_organoid_none/GSEA/GO_BP/gsea_result.csv,GOBP_TUMOR_NECROSIS_FACTOR_MEDIATED_SIGNALING_PATHWAY,GOBP_TUMOR_NECROSIS_FACTOR_MEDIATED_SIGNALING_PATHWAY,0.0011,66,0.4962,0,0,1.0,0.0,keep,itself,,True,"NR1H4,SPATA2,MAPKAPK2,OTULIN,NOL3,CPNE1,TAX1BP1,TNFRSF11A,TNFRSF25,NSMAF,CASP8,ULK1,TRAF6,TRAF2,NR2C2,TP53,ADAM17,SYK,STAT1,RELA"
ngs,GSE282081,ATF3_correlation,3D_organoid_none,GO_BP,results/ngs/GSE282081/tables/ATF3_function/3D_organoid_none/GSEA/GO_BP/gsea_result.csv,GOBP_MITOCHONDRIAL_GENE_EXPRESSION,GOBP_MITOCHONDRIAL_GENE_EXPRESSION,0.0011,42,0.2471,131,37,0.0357,1.0,exclude,GOBP_MITOCHONDRIAL_TRANSLATION,GOBP_MITOCHONDRIAL_TRANSLATION,False,"MRPL53,MRPL33,TBRG4,MPV17L2,GFM2,UQCC2,SLIRP,TARS2,MRPL24,MRPL57,MRPL49,TUFM,C1QBP,MRPS34,MRPL11,MRPL34,MRPL41,MRPS15,MRPS24,MRPS14"
ngs,GSE282081,ATF3_correlation,3D_organoid_none,GO_BP,results/ngs/GSE282081/tables/ATF3_function/3D_organoid_none/GSEA/GO_BP/gsea_result.csv,GOBP_REGULATION_OF_STRESS_GRANULE_ASSEMBLY,GOBP_REGULATION_OF_STRESS_GRANULE_ASSEMBLY,0.0012,8,0.8889,0,0,1.0,0.0,keep,itself,,True,"UBAP2L,ATG5,USP10,PRKAA2,PRKAA1,STYXL1,CAPRIN1,IGF2BP1"
ngs,GSE282081,ATF3_correlation,3D_organoid_none,GO_BP,results/ngs/GSE282081/tables/ATF3_function/3D_organoid_none/GSEA/GO_BP/gsea_result.csv,GOBP_CELL_DIFFERENTIATION_INVOLVED_IN_EMBRYONIC_PLACENTA_DEVELOPMENT,GOBP_CELL_DIFFERENTIATION_INVOLVED_IN_EMBRYONIC_PLACENTA_DEVELOPMENT,0.0012,18,0.72,13,12,0.0266,1.0,exclude,GOBP_TROPHOBLAST_GIANT_CELL_DIFFERENTIATION,GOBP_TROPHOBLAST_GIANT_CELL_DIFFERENTIATION,False,"GCM1,CASP8,STK4,ST14,PRDM1,SENP2,MDFI,LIF,GJB5,E2F7,PLK4,DNAJB6,HAND1,EOMES,E2F8,NR2F2,SOX15,SNAI1"
ngs,GSE282081,ATF3_correlation,3D_organoid_none,GO_BP,results/ngs/GSE282081/tables/ATF3_function/3D_organoid_none/GSEA/GO_BP/gsea_result.csv,GOBP_ACETYL_COA_METABOLIC_PROCESS,GOBP_ACETYL_COA_METABOLIC_PROCESS,0.0013,25,0.5814,0,0,1.0,0.0,keep,itself,,True,"PIPOX,NME1,MVK,HMGCS2,HMGCS1,HMGCR,ACACA,GCDH,MLYCD,SIRT4,DIP2A,FASN,DLST,BCKDK,ACSS2,PDK2,PDHB,PDHA1,MVD,ACAT1"
ngs,GSE282081,ATF3_correlation,3D_organoid_none,GO_BP,results/ngs/GSE282081/tables/ATF3_function/3D_organoid_none/GSEA/GO_BP/gsea_result.csv,GOBP_NUCLEAR_TRANSCRIBED_MRNA_CATABOLIC_PROCESS_DEADENYLATION_INDEPENDENT_DECAY,GOBP_NUCLEAR_TRANSCRIBED_MRNA_CATABOLIC_PROCESS_DEADENYLATION_INDEPENDENT_DECAY,0.0013,5,0.7143,0,0,1.0,0.0,keep,itself,,True,"EDC3,ZFP36,ZFP36L1,DCP1A,PNRC2"
ngs,GSE282081,ATF3_correlation,3D_organoid_none,GO_BP,results/ngs/GSE282081/tables/ATF3_function/3D_organoid_none/GSEA/GO_BP/gsea_result.csv,GOBP_3_UTR_MEDIATED_MRNA_DESTABILIZATION,GOBP_3_UTR_MEDIATED_MRNA_DESTABILIZATION,0.0014,13,0.5652,0,0,1.0,0.0,keep,itself,,True,"PUM1,ZC3H12C,PLEKHN1,ZC3H12A,ZFP36,ZFP36L2,ZFP36L1,UPF1,MOV10,ZC3H12B,TARDBP,CPEB3,DHX36"
ngs,GSE282081,ATF3_correlation,3D_organoid_none,GO_BP,results/ngs/GSE282081/tables/ATF3_function/3D_organoid_none/GSEA/GO_BP/gsea_result.csv,GOBP_MITOCHONDRIAL_ELECTRON_TRANSPORT_NADH_TO_UBIQUINONE,GOBP_MITOCHONDRIAL_ELECTRON_TRANSPORT_NADH_TO_UBIQUINONE,0.0014,12,0.2264,40,11,0.1336,0.998,keep,GOBP_PROTON_TRANSMEMBRANE_TRANSPORT,GOBP_PROTON_TRANSMEMBRANE_TRANSPORT,False,"NDUFS8,NDUFS2,NDUFS1,NDUFB7,NDUFB6,NDUFB3,NDUFB2,NDUFB1,NDUFA8,NDUFA2,NDUFS7,PARK7"
ngs,GSE282081,ATF3_correlation,3D_organoid_none,GO_BP,results/ngs/GSE282081/tables/ATF3_function/3D_organoid_none/GSEA/GO_BP/gsea_result.csv,GOBP_PROTEIN_TARGETING_TO_MITOCHONDRION,GOBP_PROTEIN_TARGETING_TO_MITOCHONDRION,0.0016,22,0.2821,0,0,1.0,0.0,keep,itself,,True,"AIP,MGARP,UQCRC1,UBE2L3,SREBF1,UBL5,RAC2,VPS11,PARL,TOMM7,PIN1,FIS1,HSPA1L,TIMM9,TIMM10,TIMM13,PMPCA,TOMM34,TIMM44,TIMM17B"
ngs,GSE282081,ATF3_correlation,3D_organoid_none,GO_BP,results/ngs/GSE282081/tables/ATF3_function/3D_organoid_none/GSEA/GO_BP/gsea_result.csv,GOBP_POSITIVE_REGULATION_OF_CYTOSOLIC_CALCIUM_ION_CONCENTRATION,GOBP_POSITIVE_REGULATION_OF_CYTOSOLIC_CALCIUM_ION_CONCENTRATION,0.0016,44,0.2619,0,0,1.0,0.0,keep,itself,,True,"ACKR2,CCR7,CCR4,C1QTNF1,ADCY5,NMU,CD52,AVP,KNG1,HTR2A,CCR6,CD4,JPH4,CXCR4,C3AR1,TACR1,CCL2,BCL2,TRPV4,HRH4"
ngs,GSE282081,ATF3_correlation,3D_organoid_none,GO_BP,results/ngs/GSE282081/tables/ATF3_function/3D_organoid_none/GSEA/GO_BP/gsea_result.csv,GOBP_PHOSPHATIDYLINOSITOL_MEDIATED_SIGNALING,GOBP_PHOSPHATIDYLINOSITOL_MEDIATED_SIGNALING,0.0017,12,0.48,0,0,1.0,0.0,keep,itself,,True,"PLCH2,RPS6KB1,PLCB4,PLCB3,PLCB2,PI4KB,PIK3CB,PIK3C2B,ASPH,PLCB1,PLCL2,FGFR1"
ngs,GSE282081,ATF3_correlation,3D_organoid_none,GO_BP,results/ngs/GSE282081/tables/ATF3_function/3D_organoid_none/GSEA/GO_BP/gsea_result.csv,GOBP_RESPONSE_TO_TOXIC_SUBSTANCE,GOBP_RESPONSE_TO_TOXIC_SUBSTANCE,0.0017,77,0.281,0,0,1.0,0.0,keep,itself,,True,"ALAD,ESD,EPHX2,EDNRA,EDN1,DRD2,CYP2F1,CYP1B1,RDH12,CPOX,CP,ADK,CLIC2,CLIC1,CYGB,TXNRD3,SCN11A,SLC6A14,INMT,RAB40B"
ngs,GSE282081,ATF3_correlation,3D_organoid_none,GO_BP,results/ngs/GSE282081/tables/ATF3_function/3D_organoid_none/GSEA/GO_BP/gsea_result.csv,GOBP_NEGATIVE_REGULATION_OF_MEIOTIC_CELL_CYCLE,GOBP_NEGATIVE_REGULATION_OF_MEIOTIC_CELL_CYCLE,0.0017,11,0.5,0,0,1.0,0.0,keep,itself,,True,"TTK,RPS6KA2,RAD1,NPR2,LIF,FBXO43,FBXO5,DUSP1,DMRT1,HORMAD2,STK35"
ngs,GSE282081,ATF3_correlation,3D_organoid_none,GO_BP,results/ngs/GSE282081/tables/ATF3_function/3D_organoid_none/GSEA/GO_BP/gsea_result.csv,GOBP_HYDROGEN_PEROXIDE_CATABOLIC_PROCESS,GOBP_HYDROGEN_PEROXIDE_CATABOLIC_PROCESS,0.0017,11,0.4583,22,11,0.2826,0.0196,keep,GOBP_RESPONSE_TO_TOXIC_SUBSTANCE,GOBP_RESPONSE_TO_TOXIC_SUBSTANCE,True,"PRDX3,HBA1,PRDX2,PRDX1,LPO,HBB,GPX3,GPX1,PRDX5,PXDNL,PRDX4"
ngs,GSE282081,ATF3_correlation,3D_organoid_none,GO_BP,results/ngs/GSE282081/tables/ATF3_function/3D_organoid_none/GSEA/GO_BP/gsea_result.csv,GOBP_AROMATIC_AMINO_ACID_METABOLIC_PROCESS,GOBP_AROMATIC_AMINO_ACID_METABOLIC_PROCESS,0.0017,20,0.4651,0,0,1.0,0.0,keep,itself,,True,"GSTZ1,GCDH,NMNAT2,TTC36,UROC1,FTCD,IDO2,KMO,TPH1,TH,QDPR,SLC45A2,PCBD1,HNMT,QPRT,FAH,AMDHD1,AFMID,TPH2,PARK7"
ngs,GSE282081,ATF3_correlation,3D_organoid_none,GO_BP,results/ngs/GSE282081/tables/ATF3_function/3D_organoid_none/GSEA/GO_BP/gsea_result.csv,GOBP_REGULATION_OF_MRNA_SPLICING_VIA_SPLICEOSOME,GOBP_REGULATION_OF_MRNA_SPLICING_VIA_SPLICEOSOME,0.0017,51,0.408,72,34,0.0639,0.9171,keep,GOBP_ALTERNATIVE_MRNA_SPLICING_VIA_SPLICEOSOME,GOBP_ALTERNATIVE_MRNA_SPLICING_VIA_SPLICEOSOME,False,"CDK11B,WTAP,RBM39,QKI,SRRM4,ARB2A,RBM4B,CCNL2,THUMPD2,METTL16,TIAL1,TIA1,SRPK1,SON,SNRPD1,SNRNP70,UPF3A,UPF3B,RBM15,TRA2B"
ngs,GSE282081,ATF3_correlation,3D_organoid_none,GO_BP,results/ngs/GSE282081/tables/ATF3_function/3D_organoid_none/GSEA/GO_BP/gsea_result.csv,GOBP_RESPONSE_TO_STARVATION,GOBP_RESPONSE_TO_STARVATION,0.0018,82,0.355,50,27,0.002,1.0,exclude,GOBP_CELLULAR_RESPONSE_TO_GLUCOSE_STARVATION,GOBP_CELLULAR_RESPONSE_TO_GLUCOSE_STARVATION,False,"DELE1,FNIP1,ATG5,EIF2AK3,MTMR3,TNFRSF11A,HRK,CAV1,YARS1,ULK1,SESN2,SEH1L,MAP1LC3B,CPEB4,ZC3H12A,WDR59,MFSD11,ZFP36,YWHAG,XBP1"
ngs,GSE282081,ATF3_correlation,3D_organoid_none,GO_BP,results/ngs/GSE282081/tables/ATF3_function/3D_organoid_none/GSEA/GO_BP/gsea_result.csv,GOBP_POSITIVE_REGULATION_OF_MRNA_METABOLIC_PROCESS,GOBP_POSITIVE_REGULATION_OF_MRNA_METABOLIC_PROCESS,0.0019,55,0.2282,24,15,1.13e-05,1.0,exclude,GOBP_REGULATION_OF_NUCLEAR_TRANSCRIBED_MRNA_CATABOLIC_PROCESS_DEADENYLATION_DEPENDENT_DECAY,GOBP_REGULATION_OF_NUCLEAR_TRANSCRIBED_MRNA_CATABOLIC_PROCESS_DEADENYLATION_DEPENDENT_DECAY,False,"PAN2,PUM1,FXR2,ROCK2,QKI,PNPT1,ZC3H12C,PLEKHN1,EDC3,ZC3H12A,TUT7,METTL16,BTG2,CSDE1,ZFP36,ZFP36L2,ZFP36L1,SNRNP70,UPF3A,UPF3B"
ngs,GSE282081,ATF3_correlation,3D_organoid_none,GO_BP,results/ngs/GSE282081/tables/ATF3_function/3D_organoid_none/GSEA/GO_BP/gsea_result.csv,GOBP_NEGATIVE_REGULATION_OF_RNA_CATABOLIC_PROCESS,GOBP_NEGATIVE_REGULATION_OF_RNA_CATABOLIC_PROCESS,0.0019,43,0.4095,15,10,0.0292,0.4532,exclude,GOBP_REGULATION_OF_NUCLEAR_TRANSCRIBED_MRNA_CATABOLIC_PROCESS_DEADENYLATION_DEPENDENT_DECAY,GOBP_REGULATION_OF_NUCLEAR_TRANSCRIBED_MRNA_CATABOLIC_PROCESS_DEADENYLATION_DEPENDENT_DECAY,False,"BCLAF1,DHX34,QKI,MAPKAPK2,NAF1,ANGEL2,YBX3,ZC3H14,METTL16,SECISBP2,CSDE1,ZFP36,TRAF2,UPF3A,METTL4,TENT4B,METTL14,METTL3,LARP1B,NSUN2"
ngs,GSE282081,ATF3_correlation,3D_organoid_none,GO_BP,results/ngs/GSE282081/tables/ATF3_function/3D_organoid_none/GSEA/GO_BP/gsea_result.csv,GOBP_PURINE_DEOXYRIBONUCLEOTIDE_BIOSYNTHETIC_PROCESS,GOBP_PURINE_DEOXYRIBONUCLEOTIDE_BIOSYNTHETIC_PROCESS,0.0019,5,1.0,0,0,1.0,0.0,keep,itself,,True,"AK5,DGUOK,DCK,ADK,GUK1"
ngs,GSE282081,ATF3_correlation,3D_organoid_none,GO_BP,results/ngs/GSE282081/tables/ATF3_function/3D_organoid_none/GSEA/GO_BP/gsea_result.csv,GOBP_DNA_REPLICATION,GOBP_DNA_REPLICATION,0.002,110,0.3427,0,0,1.0,0.0,keep,itself,,True,"CDC25A,CDK1,RECQL4,RECQL5,EXO1,CCNE2,USP10,DNAJA3,ZPR1,TBRG1,CUL2,MCM8,GINS4,MUS81,DBF4B,CTC1,RMI1,JADE1,OBI1,XRCC3"
ngs,GSE282081,ATF3_correlation,3D_organoid_none,GO_BP,results/ngs/GSE282081/tables/ATF3_function/3D_organoid_none/GSEA/GO_BP/gsea_result.csv,GOBP_ALDEHYDE_CATABOLIC_PROCESS,GOBP_ALDEHYDE_CATABOLIC_PROCESS,0.0021,9,0.6429,9,6,0.6224,0.0166,keep,GOBP_RESPONSE_TO_TOXIC_SUBSTANCE,GOBP_RESPONSE_TO_TOXIC_SUBSTANCE,True,"HAGH,ESD,AGXT,HOGA1,PNKD,ALDH3B1,ADH5,PARK7,AKR1A1"
ngs,GSE282081,ATF3_correlation,3D_organoid_none,GO_BP,results/ngs/GSE282081/tables/ATF3_function/3D_organoid_none/GSEA/GO_BP/gsea_result.csv,GOBP_ATP_METABOLIC_PROCESS,GOBP_ATP_METABOLIC_PROCESS,0.0021,52,0.2194,76,25,0.0049,1.0,exclude,GOBP_PROTON_MOTIVE_FORCE_DRIVEN_ATP_SYNTHESIS,GOBP_PROTON_MOTIVE_FORCE_DRIVEN_ATP_SYNTHESIS,False,"HTR2A,ATP5MGL,GCK,NCOR1,ATP5MK,DNAJC30,UCP2,TMSB4X,MLST8,SDHC,SDHB,FAM3A,SELENON,NDUFA12,ATP6V1B2,PGAM1,ATP5ME,PFKFB1,ATP5MC3,ATP5MC2"
ngs,GSE282081,ATF3_correlation,3D_organoid_none,GO_BP,results/ngs/GSE282081/tables/ATF3_function/3D_organoid_none/GSEA/GO_BP/gsea_result.csv,GOBP_CELLULAR_RESPONSE_TO_STARVATION,GOBP_CELLULAR_RESPONSE_TO_STARVATION,0.0022,70,0.3646,50,27,0.0026,1.0,exclude,GOBP_CELLULAR_RESPONSE_TO_GLUCOSE_STARVATION,GOBP_CELLULAR_RESPONSE_TO_GLUCOSE_STARVATION,False,"FNIP1,ATG5,EIF2AK3,MTMR3,TNFRSF11A,HRK,CAV1,SESN2,SEH1L,MAP1LC3B,CPEB4,ZC3H12A,WDR59,YWHAG,XBP1,WRN,TSC2,TP53,KLF10,SLC34A1"
ngs,GSE282081,ATF3_correlation,3D_organoid_none,GO_BP,results/ngs/GSE282081/tables/ATF3_function/3D_organoid_none/GSEA/GO_BP/gsea_result.csv,GOBP_SISTER_CHROMATID_COHESION,GOBP_SISTER_CHROMATID_COHESION,0.0022,38,0.5938,0,0,1.0,0.0,keep,itself,,True,"CDK11B,BOD1,SLF1,SMC1A,NAA50,BUB1B,SFPQ,HDAC8,FBXW7,PPP2R1B,CHTF8,MRE11,KIF22,SMC1B,MAU2,PDS5A,SMC5,POGZ,DDX11,ESCO2"
ngs,GSE282081,ATF3_correlation,3D_organoid_none,GO_BP,results/ngs/GSE282081/tables/ATF3_function/3D_organoid_none/GSEA/GO_BP/gsea_result.csv,GOBP_NEGATIVE_REGULATION_OF_TOR_SIGNALING,GOBP_NEGATIVE_REGULATION_OF_TOR_SIGNALING,0.0022,28,0.3684,50,23,0.0187,1.0,exclude,GOBP_NEGATIVE_REGULATION_OF_TORC1_SIGNALING,GOBP_NEGATIVE_REGULATION_OF_TORC1_SIGNALING,False,"FNIP1,SESN2,SEH1L,WDR59,YWHAG,UBE3A,UBE2D1,TSC2,DEPTOR,RPS6KB1,PELI1,OTUD7B,ITFG2,PRKACB,PRKAA2,PRKAA1,UBE2W,DDIT4,NLK,TBC1D7"
ngs,GSE282081,ATF3_correlation,3D_organoid_none,GO_BP,results/ngs/GSE282081/tables/ATF3_function/3D_organoid_none/GSEA/GO_BP/gsea_result.csv,GOBP_POSITIVE_REGULATION_OF_TRANSCRIPTION_BY_RNA_POLYMERASE_I,GOBP_POSITIVE_REGULATION_OF_TRANSCRIPTION_BY_RNA_POLYMERASE_I,0.0023,20,0.5556,0,0,1.0,0.0,keep,itself,,True,"EIF2AK3,DDX21,BAZ1B,UTP15,WDR75,DEK,IPPK,ACTR6,DHX33,HEATR1,ATF4,MARS1,NOL11,MTOR,SF3B1,WDR43,PHF8,DDX11,MYBBP1A,BNC1"
ngs,GSE282081,ATF3_correlation,3D_organoid_none,GO_BP,results/ngs/GSE282081/tables/ATF3_function/3D_organoid_none/GSEA/GO_BP/gsea_result.csv,GOBP_TORC1_SIGNALING,GOBP_TORC1_SIGNALING,0.0024,44,0.3793,50,23,0.0861,1.0,keep,GOBP_NEGATIVE_REGULATION_OF_TORC1_SIGNALING,GOBP_NEGATIVE_REGULATION_OF_TORC1_SIGNALING,False,"FNIP1,OGT,DYRK3,SESN2,SEH1L,WDR59,YWHAG,UBE3A,UBE2D1,TSC2,SYK,DEPTOR,RPS6KB1,RPS6KA2,STAMBPL1,PELI1,OTUD7B,ITFG2,PRKACB,PRKAA2"
ngs,GSE282081,ATF3_correlation,3D_organoid_none,GO_BP,results/ngs/GSE282081/tables/ATF3_function/3D_organoid_none/GSEA/GO_BP/gsea_result.csv,GOBP_REGULATION_OF_PROTEIN_UBIQUITINATION,GOBP_REGULATION_OF_PROTEIN_UBIQUITINATION,0.0024,61,0.3112,0,0,1.0,0.0,keep,itself,,True,"CDK1,HERPUD1,BAG2,BAG5,ATG5,PLAA,ARRDC4,DNAJA3,PER2,RIPK2,CBLB,CAV1,OGT,USP44,NDFIP1,CDK5RAP3,DERL1,WFS1,UBE3A,UBE2D1"
ngs,GSE282081,ATF3_correlation,3D_organoid_none,GO_BP,results/ngs/GSE282081/tables/ATF3_function/3D_organoid_none/GSEA/GO_BP/gsea_result.csv,GOBP_CELLULAR_RESPONSE_TO_TOXIC_SUBSTANCE,GOBP_CELLULAR_RESPONSE_TO_TOXIC_SUBSTANCE,0.0024,53,0.3869,9,6,0.0783,0.6224,keep,GOBP_ALDEHYDE_CATABOLIC_PROCESS,GOBP_ALDEHYDE_CATABOLIC_PROCESS,False,"HAGH,GSTZ1,GSTP1,GSR,GPX7,GPX5,AMBP,GPX6,SLC29A4,ESD,EDNRA,EDN1,RDH12,CP,ADK,CLIC2,CLIC1,CYGB,TXNRD3,RAB40B"
ngs,GSE282081,ATF3_correlation,3D_organoid_none,GO_BP,results/ngs/GSE282081/tables/ATF3_function/3D_organoid_none/GSEA/GO_BP/gsea_result.csv,GOBP_ZINC_ION_IMPORT_INTO_ORGANELLE,GOBP_ZINC_ION_IMPORT_INTO_ORGANELLE,0.0025,7,0.5385,0,0,1.0,0.0,keep,itself,,True,"AP3B1,SLC30A4,SLC30A3,SLC30A2,SLC30A1,SLC30A5,SLC30A6"
ngs,GSE282081,ATF3_correlation,3D_organoid_none,GO_BP,results/ngs/GSE282081/tables/ATF3_function/3D_organoid_none/GSEA/GO_BP/gsea_result.csv,GOBP_POSITIVE_REGULATION_OF_DNA_TEMPLATED_TRANSCRIPTION_INITIATION,GOBP_POSITIVE_REGULATION_OF_DNA_TEMPLATED_TRANSCRIPTION_INITIATION,0.0026,26,0.3467,0,0,1.0,0.0,keep,itself,,True,"MED13,BCLAF1,MED7,MED26,MED17,MED10,KAT8,TAF3,FOSL1,XPA,TWIST1,TP53,HNF1A,TBP,TAF13,TAF11,TAF10,TAF7,TAF4B,MED29"
ngs,GSE282081,ATF3_correlation,3D_organoid_none,GO_BP,results/ngs/GSE282081/tables/ATF3_function/3D_organoid_none/GSEA/GO_BP/gsea_result.csv,GOBP_CELLULAR_RESPONSE_TO_OSMOTIC_STRESS,GOBP_CELLULAR_RESPONSE_TO_OSMOTIC_STRESS,0.0026,24,0.4068,0,0,1.0,0.0,keep,itself,,True,"SLC12A6,USP15,OXSR1,ARHGEF2,YBX3,LRRC8C,SLC4A11,CASP3,CAPN3,LRRC8E,ZFAND1,ZFP36L1,SLC2A4,SLC2A1,PTGS2,LRRC8D,ERRFI1,PKD2,CAB39,NLK"
ngs,GSE282081,ATF3_correlation,3D_organoid_none,GO_BP,results/ngs/GSE282081/tables/ATF3_function/3D_organoid_none/GSEA/GO_BP/gsea_result.csv,GOBP_WOUND_HEALING_SPREADING_OF_EPIDERMAL_CELLS,GOBP_WOUND_HEALING_SPREADING_OF_EPIDERMAL_CELLS,0.0027,12,0.4444,11,7,0.102,1.0,keep,GOBP_REGULATION_OF_WOUND_HEALING_SPREADING_OF_EPIDERMAL_CELLS,GOBP_REGULATION_OF_WOUND_HEALING_SPREADING_OF_EPIDERMAL_CELLS,False,"PHLDB2,ARHGAP24,ADAM17,RREB1,PTEN,FERMT1,FIGNL2,ITGB3,ITGB1,MTOR,CLASP2,HBEGF"
ngs,GSE282081,ATF3_correlation,3D_organoid_none,GO_BP,results/ngs/GSE282081/tables/ATF3_function/3D_organoid_none/GSEA/GO_BP/gsea_result.csv,GOBP_PROTEIN_MODIFICATION_BY_SMALL_PROTEIN_REMOVAL,GOBP_PROTEIN_MODIFICATION_BY_SMALL_PROTEIN_REMOVAL,0.0027,44,0.3121,11,7,0.0221,1.0,exclude,GOBP_PROTEIN_K11_LINKED_DEUBIQUITINATION,GOBP_PROTEIN_K11_LINKED_DEUBIQUITINATION,False,"USP3,USP15,JOSD1,CDK1,SPATA2,COPS2,USP8,USP10,USP6,OTULIN,USP45,USP30,USP38,USP48,USP42,USP44,ZC3H12A,VCPIP1,MINDY3,USP1"
ngs,GSE282081,ATF3_correlation,3D_organoid_none,GO_BP,results/ngs/GSE282081/tables/ATF3_function/3D_organoid_none/GSEA/GO_BP/gsea_result.csv,GOBP_REGULATION_OF_INTRACELLULAR_PROTEIN_TRANSPORT,GOBP_REGULATION_OF_INTRACELLULAR_PROTEIN_TRANSPORT,0.0029,62,0.3974,0,0,1.0,0.0,keep,itself,,True,"CDH1,SEC24D,CDK1,NUP58,TM9SF4,GCC2,SEC24C,CD36,PRP4K,ZPR1,EFCAB7,NDEL1,ZC3H12A,ZFAND1,SH3TC2,XPO1,XBP1,UBE2G2,VAMP2,SORL1"
ngs,GSE282081,ATF3_correlation,3D_organoid_none,GO_BP,results/ngs/GSE282081/tables/ATF3_function/3D_organoid_none/GSEA/GO_BP/gsea_result.csv,GOBP_CELL_CHEMOTAXIS,GOBP_CELL_CHEMOTAXIS,0.003,62,0.1845,0,0,1.0,0.0,keep,itself,,True,"RIPOR2,DEFB109B,CCL21,CCL17,BIN2,CCR6,CD74,CXCL14,CD4,IL17RC,CALR,PDGFD,ARHGEF5,SCG2,CXCR4,VAV1,C3AR1,TMSB4X,C1QBP,TGFB2"
ngs,GSE282081,ATF3_correlation,3D_organoid_none,GO_BP,results/ngs/GSE282081/tables/ATF3_function/3D_organoid_none/GSEA/GO_BP/gsea_result.csv,GOBP_ADENYLATE_CYCLASE_ACTIVATING_ADRENERGIC_RECEPTOR_SIGNALING_PATHWAY,GOBP_ADENYLATE_CYCLASE_ACTIVATING_ADRENERGIC_RECEPTOR_SIGNALING_PATHWAY,0.003,11,0.55,8,7,0.0249,0.0012,keep,GOBP_STRIATED_MUSCLE_CONTRACTION,GOBP_STRIATED_MUSCLE_CONTRACTION,True,"ADRB3,ADRB1,PLN,PDE4B,GNAS,GNAI2,ADRA2A,ADRA1A,ADRA1B,ADCY9,CHGA"
ngs,GSE282081,ATF3_correlation,3D_organoid_none,GO_BP,results/ngs/GSE282081/tables/ATF3_function/3D_organoid_none/GSEA/GO_BP/gsea_result.csv,GOBP_GAMMA_AMINOBUTYRIC_ACID_TRANSPORT,GOBP_GAMMA_AMINOBUTYRIC_ACID_TRANSPORT,0.003,11,0.55,6,5,0.1192,1.0,keep,GOBP_GAMMA_AMINOBUTYRIC_ACID_IMPORT,GOBP_GAMMA_AMINOBUTYRIC_ACID_IMPORT,False,"NHERF1,CACNB4,BEST1,SLC6A13,SLC6A12,SLC6A8,SLC6A6,SLC6A1,SLC7A14,NTSR1,GABBR1"
ngs,GSE282081,ATF3_correlation,3D_organoid_none,GO_BP,results/ngs/GSE282081/tables/ATF3_function/3D_organoid_none/GSEA/GO_BP/gsea_result.csv,GOBP_EMBRYONIC_PLACENTA_DEVELOPMENT,GOBP_EMBRYONIC_PLACENTA_DEVELOPMENT,0.0031,37,0.4066,13,7,0.2281,1.0,keep,GOBP_TROPHOBLAST_GIANT_CELL_DIFFERENTIATION,GOBP_TROPHOBLAST_GIANT_CELL_DIFFERENTIATION,False,"SOCS3,GCM1,CASP8,GGNBP2,WNT2,TAF10,STK4,ZFP36L1,ST14,SPINT1,SP3,BMP5,PRDM1,SENP2,OVOL2,PCDHA10,MAP2K1,MED1,PKD2,MDFI"
ngs,GSE282081,ATF3_correlation,3D_organoid_none,GO_BP,results/ngs/GSE282081/tables/ATF3_function/3D_organoid_none/GSEA/GO_BP/gsea_result.csv,GOBP_NEGATIVE_REGULATION_OF_MEIOTIC_NUCLEAR_DIVISION,GOBP_NEGATIVE_REGULATION_OF_MEIOTIC_NUCLEAR_DIVISION,0.0031,7,0.5833,0,0,1.0,0.0,keep,itself,,True,"RPS6KA2,RAD1,LIF,FBXO43,FBXO5,DMRT1,HORMAD2"
ngs,GSE282081,ATF3_correlation,3D_organoid_none,GO_BP,results/ngs/GSE282081/tables/ATF3_function/3D_organoid_none/GSEA/GO_BP/gsea_result.csv,GOBP_REGULATION_OF_TUMOR_NECROSIS_FACTOR_MEDIATED_SIGNALING_PATHWAY,GOBP_REGULATION_OF_TUMOR_NECROSIS_FACTOR_MEDIATED_SIGNALING_PATHWAY,0.0033,39,0.4937,0,0,1.0,0.0,keep,itself,,True,"NR1H4,SPATA2,MAPKAPK2,OTULIN,NOL3,CPNE1,TAX1BP1,CASP8,ULK1,TRAF2,ADAM17,SYK,PTPN2,SPPL2B,PPP2CB,PIAS4,NRDC,APOA1,XIAP,NKIRAS1"
ngs,GSE282081,ATF3_correlation,3D_organoid_none,GO_BP,results/ngs/GSE282081/tables/ATF3_function/3D_organoid_none/GSEA/GO_BP/gsea_result.csv,GOBP_NUCLEOSIDE_TRIPHOSPHATE_METABOLIC_PROCESS,GOBP_NUCLEOSIDE_TRIPHOSPHATE_METABOLIC_PROCESS,0.0033,53,0.1853,76,22,0.0065,1.0,exclude,GOBP_PROTON_MOTIVE_FORCE_DRIVEN_ATP_SYNTHESIS,GOBP_PROTON_MOTIVE_FORCE_DRIVEN_ATP_SYNTHESIS,False,"UCP2,TYMS,TMSB4X,MLST8,SDHC,SDHB,FAM3A,SELENON,NDUFA12,ATP6V1B2,PGAM1,ATP5ME,PFKFB1,ATP5MC3,RAB23,ATP5MC2,ENPP3,ATP5MC1,ATP5F1E,FIS1"
ngs,GSE282081,ATF3_correlation,3D_organoid_none,GO_BP,results/ngs/GSE282081/tables/ATF3_function/3D_organoid_none/GSEA/GO_BP/gsea_result.csv,GOBP_SYNAPTIC_VESICLE_LUMEN_ACIDIFICATION,GOBP_SYNAPTIC_VESICLE_LUMEN_ACIDIFICATION,0.0033,8,0.4444,0,0,1.0,0.0,keep,itself,,True,"ATP6V1G3,ATP6V1G1,ATP6V1F,SLC17A7,ATP6AP1,ATP6V1E1,ATP6V1B2,ATP6V0A4"
ngs,GSE282081,ATF3_correlation,3D_organoid_none,GO_BP,results/ngs/GSE282081/tables/ATF3_function/3D_organoid_none/GSEA/GO_BP/gsea_result.csv,GOBP_INNATE_IMMUNE_RESPONSE_IN_MUCOSA,GOBP_INNATE_IMMUNE_RESPONSE_IN_MUCOSA,0.0034,18,0.5294,29,17,0.1334,5.99e-07,keep,GOBP_ANTIMICROBIAL_HUMORAL_IMMUNE_RESPONSE_MEDIATED_BY_ANTIMICROBIAL_PEPTIDE,GOBP_ANTIMICROBIAL_HUMORAL_IMMUNE_RESPONSE_MEDIATED_BY_ANTIMICROBIAL_PEPTIDE,True,"BPIFB1,H2BC12,H2BC21,H2BC17,H2BC6,H2BC7,H2BC14,H2BC15,LTF,H2BC5,DEFB1,CAMP,H2BC4,H2BC13,RPL39,H2BC18,FAU,H2BC26"
ngs,GSE282081,ATF3_correlation,3D_organoid_none,GO_BP,results/ngs/GSE282081/tables/ATF3_function/3D_organoid_none/GSEA/GO_BP/gsea_result.csv,GOBP_VASCULAR_ASSOCIATED_SMOOTH_MUSCLE_CELL_MIGRATION,GOBP_VASCULAR_ASSOCIATED_SMOOTH_MUSCLE_CELL_MIGRATION,0.0035,14,0.2745,0,0,1.0,0.0,keep,itself,,True,"DOCK4,MYOCD,DOCK7,DOCK5,XBP1,TPM1,TERT,BMP4,SSH1,NFE2L2,GRB10,GNA12,FGF9,DDIT3"
ngs,GSE282081,ATF3_correlation,3D_organoid_none,GO_BP,results/ngs/GSE282081/tables/ATF3_function/3D_organoid_none/GSEA/GO_BP/gsea_result.csv,GOBP_NEGATIVE_REGULATION_OF_INSULIN_SECRETION_INVOLVED_IN_CELLULAR_RESPONSE_TO_GLUCOSE_STIMULUS,GOBP_NEGATIVE_REGULATION_OF_INSULIN_SECRETION_INVOLVED_IN_CELLULAR_RESPONSE_TO_GLUCOSE_STIMULUS,0.0035,6,0.6667,0,0,1.0,0.0,keep,itself,,True,"NDUFAF2,KLF7,JAGN1,UCP2,FKBP1B,ADRA2A"
ngs,GSE282081,ATF3_correlation,3D_organoid_none,GO_BP,results/ngs/GSE282081/tables/ATF3_function/3D_organoid_none/GSEA/GO_BP/gsea_result.csv,GOBP_REGULATION_OF_RECEPTOR_CATABOLIC_PROCESS,GOBP_REGULATION_OF_RECEPTOR_CATABOLIC_PROCESS,0.0036,14,1.0,0,0,1.0,0.0,keep,itself,,True,"MYLIP,GIT1,ABCA2,DTX3L,MTMR2,LAPTM5,PTPN1,FURIN,ANXA2,ITCH,HAMP,PCSK5,APOE,PCSK9"
ngs,GSE282081,ATF3_correlation,3D_organoid_none,GO_BP,results/ngs/GSE282081/tables/ATF3_function/3D_organoid_none/GSEA/GO_BP/gsea_result.csv,GOBP_PIECEMEAL_MICROAUTOPHAGY_OF_THE_NUCLEUS,GOBP_PIECEMEAL_MICROAUTOPHAGY_OF_THE_NUCLEUS,0.0036,10,0.5556,0,0,1.0,0.0,keep,itself,,True,"RB1CC1,ATG13,ATG5,ATG12,ATG4D,ULK1,SNX7,ATG9B,ATG4B,ATG2A"
ngs,GSE282081,ATF3_correlation,3D_organoid_none,GO_BP,results/ngs/GSE282081/tables/ATF3_function/3D_organoid_none/GSEA/GO_BP/gsea_result.csv,GOBP_NEGATIVE_REGULATION_OF_SECRETION,GOBP_NEGATIVE_REGULATION_OF_SECRETION,0.0037,36,0.2057,45,16,0.0049,1.0,exclude,GOBP_NEGATIVE_REGULATION_OF_PEPTIDE_SECRETION,GOBP_NEGATIVE_REGULATION_OF_PEPTIDE_SECRETION,False,"CD74,NDUFAF2,RSAD2,CD84,KLF7,CYP4F2,JAGN1,RAB7A,UCP2,ABCC8,SREBF1,CEACAM1,PSMD9,KCNK9,NOTCH1,NF1,CD200,LGALS9,KCNJ11,INHBA"
ngs,GSE282081,ATF3_correlation,3D_organoid_none,GO_BP,results/ngs/GSE282081/tables/ATF3_function/3D_organoid_none/GSEA/GO_BP/gsea_result.csv,GOBP_POSITIVE_REGULATION_OF_PROTEIN_NEDDYLATION,GOBP_POSITIVE_REGULATION_OF_PROTEIN_NEDDYLATION,0.0037,5,1.0,0,0,1.0,0.0,keep,itself,,True,"DCUN1D5,DCUN1D2,DCUN1D1,DCUN1D4,DCUN1D3"
ngs,GSE282081,ATF3_correlation,3D_organoid_none,GO_BP,results/ngs/GSE282081/tables/ATF3_function/3D_organoid_none/GSEA/GO_BP/gsea_result.csv,GOBP_CHOLESTEROL_BIOSYNTHETIC_PROCESS_VIA_DESMOSTEROL,GOBP_CHOLESTEROL_BIOSYNTHETIC_PROCESS_VIA_DESMOSTEROL,0.0038,13,0.6842,0,0,1.0,0.0,keep,itself,,True,"HSD17B7,MVK,LSS,HMGCS1,HMGCR,FDFT1,DHCR7,NSDHL,MVD,FDPS,DHCR24,EBP,PMVK"
ngs,GSE282081,ATF3_correlation,3D_organoid_none,GO_BP,results/ngs/GSE282081/tables/ATF3_function/3D_organoid_none/GSEA/GO_BP/gsea_result.csv,GOBP_FARNESYL_DIPHOSPHATE_BIOSYNTHETIC_PROCESS,GOBP_FARNESYL_DIPHOSPHATE_BIOSYNTHETIC_PROCESS,0.004,8,0.8,6,6,0.1333,0.029,keep,GOBP_ACETYL_COA_METABOLIC_PROCESS,GOBP_ACETYL_COA_METABOLIC_PROCESS,True,"MVK,HMGCS2,HMGCS1,HMGCR,MVD,ACAT2,FDPS,PMVK"
ngs,GSE282081,ATF3_correlation,3D_organoid_none,GO_BP,results/ngs/GSE282081/tables/ATF3_function/3D_organoid_none/GSEA/GO_BP/gsea_result.csv,GOBP_CEREBELLAR_PURKINJE_CELL_LAYER_MORPHOGENESIS,GOBP_CEREBELLAR_PURKINJE_CELL_LAYER_MORPHOGENESIS,0.0041,11,0.55,0,0,1.0,0.0,keep,itself,,True,"FOXP2,SLC25A46,LDB1,COQ8B,TTC21B,SPTBN2,LHX5,RORA,WHRN,TTLL1,AGTPBP1"
ngs,GSE282081,ATF3_correlation,3D_organoid_none,GO_BP,results/ngs/GSE282081/tables/ATF3_function/3D_organoid_none/GSEA/GO_BP/gsea_result.csv,GOBP_PLACENTA_BLOOD_VESSEL_DEVELOPMENT,GOBP_PLACENTA_BLOOD_VESSEL_DEVELOPMENT,0.0041,13,0.3824,27,11,0.4478,0.586,keep,GOBP_EMBRYONIC_PLACENTA_DEVELOPMENT,GOBP_EMBRYONIC_PLACENTA_DEVELOPMENT,False,"SOCS3,FOSL1,GGNBP2,WNT2,SPINT1,RBM15,OVOL2,MAP2K1,PKD2,LLGL2,JUNB,RBPJ,CCN1"
ngs,GSE282081,ATF3_correlation,3D_organoid_none,GO_BP,results/ngs/GSE282081/tables/ATF3_function/3D_organoid_none/GSEA/GO_BP/gsea_result.csv,GOBP_POSITIVE_REGULATION_OF_RNA_SPLICING,GOBP_POSITIVE_REGULATION_OF_RNA_SPLICING,0.0041,16,0.4444,26,12,0.5191,0.3423,keep,GOBP_REGULATION_OF_MRNA_SPLICING_VIA_SPLICEOSOME,GOBP_REGULATION_OF_MRNA_SPLICING_VIA_SPLICEOSOME,False,"ZPR1,SNRNP70,UPF3A,UPF3B,TRA2B,SRSF5,UPF1,CELF4,RBM22,SLC38A2,PIK3R1,NCBP1,HMX2,SLC39A5,RBM20,RBMX"
ngs,GSE282081,ATF3_correlation,3D_organoid_none,GO_BP,results/ngs/GSE282081/tables/ATF3_function/3D_organoid_none/GSEA/GO_BP/gsea_result.csv,GOBP_REGULATION_OF_DNA_TEMPLATED_TRANSCRIPTION_ELONGATION,GOBP_REGULATION_OF_DNA_TEMPLATED_TRANSCRIPTION_ELONGATION,0.0041,63,0.5888,27,16,0.5737,0.001,keep,GOBP_POSITIVE_REGULATION_OF_DNA_TEMPLATED_TRANSCRIPTION_INITIATION,GOBP_POSITIVE_REGULATION_OF_DNA_TEMPLATED_TRANSCRIPTION_INITIATION,True,"MED7,MED26,MED17,RECQL5,INTS4,CCNT2,CCNT1,LDB1,CCNK,CDK13,ZC3H8,MED10,INTS2,MAP2K1,INTS13,INTS8,MED29,SETD5,INTS10,INTS11"
ngs,GSE282081,ATF3_correlation,3D_organoid_none,GO_BP,results/ngs/GSE282081/tables/ATF3_function/3D_organoid_none/GSEA/GO_BP/gsea_result.csv,GOBP_TRICARBOXYLIC_ACID_CYCLE,GOBP_TRICARBOXYLIC_ACID_CYCLE,0.0043,27,0.7941,0,0,1.0,0.0,keep,itself,,True,"NNT,FH,DLD,DLAT,CS,MDH1B,COL6A1,KGD4,SUCLA2,OGDHL,SDHAF2,MDH1,IDH3G,IDH3B,IDH2,IDH1,DLST,SDHAF4,SUCLG1,SUCLG2"
ngs,GSE282081,ATF3_correlation,3D_organoid_none,GO_BP,results/ngs/GSE282081/tables/ATF3_function/3D_organoid_none/GSEA/GO_BP/gsea_result.csv,GOBP_INTERMEDIATE_FILAMENT_BASED_PROCESS,GOBP_INTERMEDIATE_FILAMENT_BASED_PROCESS,0.0043,25,0.2577,75,23,0.0333,1.0,exclude,GOBP_INTERMEDIATE_FILAMENT_ORGANIZATION,GOBP_INTERMEDIATE_FILAMENT_ORGANIZATION,False,"BFSP2,KRT76,KRT27,KRT73,KRT75,KRT37,BBLN,KRT20,PKP1,NEFH,KRT39,KRT81,KRT33B,KRT13,KRT10,KRT9,KRT6B,AGFG2,MACF1,DSP"
ngs,GSE282081,ATF3_correlation,3D_organoid_none,GO_BP,results/ngs/GSE282081/tables/ATF3_function/3D_organoid_none/GSEA/GO_BP/gsea_result.csv,GOBP_POSITIVE_REGULATION_OF_OSTEOCLAST_DIFFERENTIATION,GOBP_POSITIVE_REGULATION_OF_OSTEOCLAST_DIFFERENTIATION,0.0043,14,0.4375,0,0,1.0,0.0,keep,itself,,True,"TNFRSF11A,DLK1,TRAF6,KLF10,PPP3CA,TREM2,IL23A,EEIG1,IL12B,FOS,TMEM64,SLC9B2,TM4SF19,TNFSF11"
ngs,GSE282081,ATF3_correlation,3D_organoid_none,GO_BP,results/ngs/GSE282081/tables/ATF3_function/3D_organoid_none/GSEA/GO_BP/gsea_result.csv,GOBP_MODIFIED_AMINO_ACID_TRANSPORT,GOBP_MODIFIED_AMINO_ACID_TRANSPORT,0.0044,21,0.4884,0,0,1.0,0.0,keep,itself,,True,"NHERF1,SLC5A6,SLC25A32,SLC22A5,SLC22A4,SLC22A1,SLC6A13,SLC6A12,SLC6A8,SLC3A1,SLC1A4,SLC25A40,SLC22A15,SLC38A2,LRP2,SLC7A11,ABCC2,SLC25A29,SLC46A1,SLC19A2"
ngs,GSE282081,ATF3_correlation,3D_organoid_none,GO_BP,results/ngs/GSE282081/tables/ATF3_function/3D_organoid_none/GSEA/GO_BP/gsea_result.csv,GOBP_CIRCADIAN_RHYTHM,GOBP_CIRCADIAN_RHYTHM,0.0044,77,0.3598,0,0,1.0,0.0,keep,itself,,True,"NR1D2,CDK1,CLOCK,NR1D1,ROCK2,PER2,TNFRSF11A,BHLHE40,CIPC,OGT,RBM4B,NRIP1,GPR157,SUV39H2,ROGDI,UBE3A,TP53,TOP1,KLF10,KLF9"
ngs,GSE282081,ATF3_correlation,3D_organoid_none,GO_BP,results/ngs/GSE282081/tables/ATF3_function/3D_organoid_none/GSEA/GO_BP/gsea_result.csv,GOBP_REGULATION_OF_POST_TRANSLATIONAL_PROTEIN_MODIFICATION,GOBP_REGULATION_OF_POST_TRANSLATIONAL_PROTEIN_MODIFICATION,0.0044,77,0.313,5,4,0.0345,1.0,exclude,GOBP_POSITIVE_REGULATION_OF_PROTEIN_NEDDYLATION,GOBP_POSITIVE_REGULATION_OF_PROTEIN_NEDDYLATION,False,"CDK1,HDAC4,HERPUD1,BAG2,BAG5,ATG5,PLAA,COPS2,ARRDC4,DNAJA3,PER2,RIPK2,CBLB,CAV1,OGT,DCUN1D5,USP44,CAPN3,NDFIP1,CDK5RAP3"
ngs,GSE282081,ATF3_correlation,3D_organoid_none,GO_BP,results/ngs/GSE282081/tables/ATF3_function/3D_organoid_none/GSEA/GO_BP/gsea_result.csv,GOBP_PROTEIN_POLYUBIQUITINATION,GOBP_PROTEIN_POLYUBIQUITINATION,0.0045,96,0.3404,0,0,1.0,0.0,keep,itself,,True,"AREL1,RNF14,PLAA,UBE4A,TRIP12,UBE2Q2,UBE2L6,ARRDC4,ZNF598,UBE3D,UBE3B,KBTBD6,RIPK2,CBLB,ZNRF1,SPOP,RNF170,CUL5,RNF39,RNF34"
ngs,GSE282081,ATF3_correlation,3D_organoid_none,GO_BP,results/ngs/GSE282081/tables/ATF3_function/3D_organoid_none/GSEA/GO_BP/gsea_result.csv,GOBP_HYPOTHALAMUS_CELL_MIGRATION,GOBP_HYPOTHALAMUS_CELL_MIGRATION,0.0045,5,0.625,6,5,0.1071,1.0,keep,GOBP_GONADOTROPHIN_RELEASING_HORMONE_NEURONAL_MIGRATION_TO_THE_HYPOTHALAMUS,GOBP_GONADOTROPHIN_RELEASING_HORMONE_NEURONAL_MIGRATION_TO_THE_HYPOTHALAMUS,False,"SEMA3E,NRP1,NRP2,NDNF,PLXNA3"
ngs,GSE282081,ATF3_correlation,3D_organoid_none,GO_BP,results/ngs/GSE282081/tables/ATF3_function/3D_organoid_none/GSEA/GO_BP/gsea_result.csv,GOBP_SEPTIN_RING_ORGANIZATION,GOBP_SEPTIN_RING_ORGANIZATION,0.0046,4,0.8,0,0,1.0,0.0,keep,itself,,True,"DOCK7,RTKN,ANLN,MYO6"
ngs,GSE282081,ATF3_correlation,3D_organoid_none,GO_BP,results/ngs/GSE282081/tables/ATF3_function/3D_organoid_none/GSEA/GO_BP/gsea_result.csv,GOBP_LYMPHOCYTE_HOMEOSTASIS,GOBP_LYMPHOCYTE_HOMEOSTASIS,0.0047,25,0.2632,63,19,0.1723,0.0,keep,GOBP_T_CELL_HOMEOSTASIS,GOBP_T_CELL_HOMEOSTASIS,True,"SPTA1,CD74,CCNB2,TNFSF13,TGFB2,BCL2,BAX,BAK1,PSMB10,PSMB8,PSMB3,PSMA7,PPP2R1A,FOXP3,LMO1,LGALS9,IL2RA,SLC39A3,SIT1,SPNS2"
ngs,GSE282081,ATF3_correlation,3D_organoid_none,GO_BP,results/ngs/GSE282081/tables/ATF3_function/3D_organoid_none/GSEA/GO_BP/gsea_result.csv,GOBP_DEOXYRIBONUCLEOTIDE_BIOSYNTHETIC_PROCESS,GOBP_DEOXYRIBONUCLEOTIDE_BIOSYNTHETIC_PROCESS,0.0048,11,0.6875,7,7,0.0288,0.2222,exclude,GOBP_DEOXYRIBONUCLEOSIDE_MONOPHOSPHATE_BIOSYNTHETIC_PROCESS,GOBP_DEOXYRIBONUCLEOSIDE_MONOPHOSPHATE_BIOSYNTHETIC_PROCESS,False,"AK5,DUT,DGUOK,DCK,ADK,CMPK2,TYMS,SHMT1,GUK1,DTYMK,DCTD"
ngs,GSE282081,ATF3_correlation,3D_organoid_none,GO_BP,results/ngs/GSE282081/tables/ATF3_function/3D_organoid_none/GSEA/GO_BP/gsea_result.csv,GOBP_POSITIVE_REGULATION_OF_HEMOGLOBIN_BIOSYNTHETIC_PROCESS,GOBP_POSITIVE_REGULATION_OF_HEMOGLOBIN_BIOSYNTHETIC_PROCESS,0.0048,5,0.8333,0,0,1.0,0.0,keep,itself,,True,"KLF4,LDB1,SLC6A9,SLC25A37,ABCB10"
ngs,GSE282081,ATF3_correlation,3D_organoid_none,GO_BP,results/ngs/GSE282081/tables/ATF3_function/3D_organoid_none/GSEA/GO_BP/gsea_result.csv,GOBP_REGULATION_OF_PROTEIN_LOCALIZATION_TO_ENDOSOME,GOBP_REGULATION_OF_PROTEIN_LOCALIZATION_TO_ENDOSOME,0.0049,7,0.5,0,0,1.0,0.0,keep,itself,,True,"ROCK2,ANKRD13A,VEGFA,SORL1,ABHD17C,ABHD17B,MGAT3"
ngs,GSE282081,ATF3_correlation,3D_organoid_none,GO_BP,results/ngs/GSE282081/tables/ATF3_function/3D_organoid_none/GSEA/GO_BP/gsea_result.csv,GOBP_ISOPENTENYL_DIPHOSPHATE_BIOSYNTHETIC_PROCESS_MEVALONATE_PATHWAY,GOBP_ISOPENTENYL_DIPHOSPHATE_BIOSYNTHETIC_PROCESS_MEVALONATE_PATHWAY,0.005,5,1.0,0,0,1.0,0.0,keep,itself,,True,"MVK,HMGCS1,HMGCR,MVD,PMVK"
ngs,GSE282081,ATF3_correlation,3D_organoid_none,GO_BP,results/ngs/GSE282081/tables/ATF3_function/3D_organoid_none/GSEA/GO_BP/gsea_result.csv,GOBP_HUMORAL_IMMUNE_RESPONSE,GOBP_HUMORAL_IMMUNE_RESPONSE,0.005,54,0.1698,195,40,0.0234,1.0,exclude,GOBP_ANTIMICROBIAL_HUMORAL_RESPONSE,GOBP_ANTIMICROBIAL_HUMORAL_RESPONSE,False,"GNLY,SPON2,WFDC2,EBI3,GALP,CAMP,ACOD1,CCL21,CCL17,KNG1,WFDC11,ELANE,CCR6,CXCL14,CD28,FCN3,PLA2G6,H2BC4,H2BC13,TFEB"
ngs,GSE282081,ATF3_correlation,3D_organoid_none,GO_BP,results/ngs/GSE282081/tables/ATF3_function/3D_organoid_none/GSEA/GO_BP/gsea_result.csv,GOBP_PLACENTA_DEVELOPMENT,GOBP_PLACENTA_DEVELOPMENT,0.0052,58,0.3602,91,37,0.1089,1.0,keep,GOBP_EMBRYONIC_PLACENTA_DEVELOPMENT,GOBP_EMBRYONIC_PLACENTA_DEVELOPMENT,False,"DEDD,SOCS3,STC2,GCM1,CASP8,FOSL1,GGNBP2,CCDC134,WNT2,TAF10,STK4,ZFP36L1,ST14,SPINT1,SP3,BMP5,RBM15,PRDM1,SENP2,OVOL2"
ngs,GSE282081,ATF3_correlation,3D_organoid_none,GO_BP,results/ngs/GSE282081/tables/ATF3_function/3D_organoid_none/GSEA/GO_BP/gsea_result.csv,GOBP_REGULATION_OF_UBIQUITIN_PROTEIN_TRANSFERASE_ACTIVITY,GOBP_REGULATION_OF_UBIQUITIN_PROTEIN_TRANSFERASE_ACTIVITY,0.0053,13,0.619,18,11,0.785,0.0058,keep,GOBP_REGULATION_OF_PROTEIN_UBIQUITINATION,GOBP_REGULATION_OF_PROTEIN_UBIQUITINATION,True,"ARRDC4,USP44,BMI1,ARRDC3,FEM1A,MAGEC2,MAD2L1,FBXO5,ABL1,MAD2L2,FEM1B,CDC20,CDC14B"
ngs,GSE282081,ATF3_correlation,3D_organoid_none,GO_BP,results/ngs/GSE282081/tables/ATF3_function/3D_organoid_none/GSEA/GO_BP/gsea_result.csv,GOBP_ZYMOSTEROL_METABOLIC_PROCESS,GOBP_ZYMOSTEROL_METABOLIC_PROCESS,0.0053,11,0.7857,5,5,0.2308,1.0,keep,GOBP_ISOPENTENYL_DIPHOSPHATE_BIOSYNTHETIC_PROCESS_MEVALONATE_PATHWAY,GOBP_ISOPENTENYL_DIPHOSPHATE_BIOSYNTHETIC_PROCESS_MEVALONATE_PATHWAY,False,"SQLE,HSD17B7,MVK,LSS,HMGCS1,HMGCR,FDFT1,NSDHL,MVD,FDPS,PMVK"
ngs,GSE282081,ATF3_correlation,3D_organoid_none,GO_BP,results/ngs/GSE282081/tables/ATF3_function/3D_organoid_none/GSEA/GO_BP/gsea_result.csv,GOBP_POST_EMBRYONIC_EYE_MORPHOGENESIS,GOBP_POST_EMBRYONIC_EYE_MORPHOGENESIS,0.0055,6,0.8571,0,0,1.0,0.0,keep,itself,,True,"KDR,EFEMP1,BAX,BAK1,MFAP2,FBN1"
ngs,GSE282081,ATF3_correlation,3D_organoid_none,GO_BP,results/ngs/GSE282081/tables/ATF3_function/3D_organoid_none/GSEA/GO_BP/gsea_result.csv,GOBP_RIBOSOME_BIOGENESIS,GOBP_RIBOSOME_BIOGENESIS,0.0055,70,0.2096,24,13,0.000196,1.0,exclude,GOBP_RIBOSOMAL_SMALL_SUBUNIT_ASSEMBLY,GOBP_RIBOSOMAL_SMALL_SUBUNIT_ASSEMBLY,False,"ZNHIT3,RPS19BP1,SART1,RPL14,TSR2,SLX9,MPV17L2,RCC1L,MRM1,ERI3,AFG2B,TUFM,C1QBP,RPS28,RPS27A,RPS27,RPS25,RPS24,RPS23,RPS21"
ngs,GSE282081,ATF3_correlation,3D_organoid_none,GO_BP,results/ngs/GSE282081/tables/ATF3_function/3D_organoid_none/GSEA/GO_BP/gsea_result.csv,GOBP_MICROAUTOPHAGY,GOBP_MICROAUTOPHAGY,0.0056,11,0.5,18,10,0.2932,1.0,keep,GOBP_PIECEMEAL_MICROAUTOPHAGY_OF_THE_NUCLEUS,GOBP_PIECEMEAL_MICROAUTOPHAGY_OF_THE_NUCLEUS,False,"RB1CC1,ATG13,ATG5,ATG12,ATG4D,ULK1,ATG16L1,SNX7,ATG9B,ATG4B,ATG2A"
ngs,GSE282081,ATF3_correlation,3D_organoid_none,GO_BP,results/ngs/GSE282081/tables/ATF3_function/3D_organoid_none/GSEA/GO_BP/gsea_result.csv,GOBP_LIPOPROTEIN_PARTICLE_MEDIATED_SIGNALING,GOBP_LIPOPROTEIN_PARTICLE_MEDIATED_SIGNALING,0.0058,5,1.0,0,0,1.0,0.0,keep,itself,,True,"SCARB1,CD36,LPL,APP,CDH13"
ngs,GSE282081,ATF3_correlation,3D_organoid_none,GO_BP,results/ngs/GSE282081/tables/ATF3_function/3D_organoid_none/GSEA/GO_BP/gsea_result.csv,GOBP_TELOMERIC_LOOP_DISASSEMBLY,GOBP_TELOMERIC_LOOP_DISASSEMBLY,0.0059,5,0.4545,10,5,0.5455,0.2296,keep,GOBP_DNA_REPLICATION,GOBP_DNA_REPLICATION,False,"RECQL4,XRCC3,WRN,TERF1,BLM"
ngs,GSE282081,ATF3_correlation,3D_organoid_none,GO_BP,results/ngs/GSE282081/tables/ATF3_function/3D_organoid_none/GSEA/GO_BP/gsea_result.csv,GOBP_NUCLEAR_TRANSPORT,GOBP_NUCLEAR_TRANSPORT,0.0059,117,0.3401,6,5,0.0187,1.0,exclude,GOBP_TRANSCRIPTION_DEPENDENT_TETHERING_OF_RNA_POLYMERASE_II_GENE_DNA_AT_NUCLEAR_PERIPHERY,GOBP_TRANSCRIPTION_DEPENDENT_TETHERING_OF_RNA_POLYMERASE_II_GENE_DNA_AT_NUCLEAR_PERIPHERY,False,"CDH1,POM121,ZC3H11A,CDK1,NUP58,FAM53B,IPO13,NUP155,CD36,STRADA,FCHSD1,PRP4K,MCM3AP,ZPR1,IER3,CBLB,RAE1,EFCAB7,SEH1L,PABPN1"
ngs,GSE282081,ATF3_correlation,3D_organoid_none,GO_BP,results/ngs/GSE282081/tables/ATF3_function/3D_organoid_none/GSEA/GO_BP/gsea_result.csv,GOBP_ARF_PROTEIN_SIGNAL_TRANSDUCTION,GOBP_ARF_PROTEIN_SIGNAL_TRANSDUCTION,0.006,14,0.6364,0,0,1.0,0.0,keep,itself,,True,"IQSEC1,CYTH2,GBF1,PSD2,ARFGEF3,ARFGAP1,PSD4,PSD3,IQSEC2,ARFGEF2,GIT2,MAP4K4,CYTH1,CYTH3"
ngs,GSE282081,ATF3_correlation,3D_organoid_none,GO_BP,results/ngs/GSE282081/tables/ATF3_function/3D_organoid_none/GSEA/GO_BP/gsea_result.csv,GOBP_ADRENERGIC_RECEPTOR_SIGNALING_PATHWAY,GOBP_ADRENERGIC_RECEPTOR_SIGNALING_PATHWAY,0.0063,10,0.303,20,8,0.1317,0.1305,keep,GOBP_MUSCLE_CONTRACTION,GOBP_MUSCLE_CONTRACTION,False,"PDE4B,KCNQ1,GNAS,GNAI2,ADRA2C,ADRA2A,ADRA1A,ADRA1B,ADCY9,CHGA"
ngs,GSE282081,ATF3_correlation,3D_organoid_none,GO_BP,results/ngs/GSE282081/tables/ATF3_function/3D_organoid_none/GSEA/GO_BP/gsea_result.csv,GOBP_POSITIVE_REGULATION_OF_DENDRITIC_SPINE_MORPHOGENESIS,GOBP_POSITIVE_REGULATION_OF_DENDRITIC_SPINE_MORPHOGENESIS,0.0067,12,0.6,0,0,1.0,0.0,keep,itself,,True,"CAMK2B,SLC30A1,CAPRIN2,RELN,PAFAH1B1,CAPRIN1,ITPKA,EEF2K,MAPRE3,EPHB2,DHX36,IL1RAPL1"
ngs,GSE282081,ATF3_correlation,3D_organoid_none,GO_BP,results/ngs/GSE282081/tables/ATF3_function/3D_organoid_none/GSEA/GO_BP/gsea_result.csv,GOBP_NEGATIVE_REGULATION_OF_DOUBLE_STRAND_BREAK_REPAIR_VIA_HOMOLOGOUS_RECOMBINATION,GOBP_NEGATIVE_REGULATION_OF_DOUBLE_STRAND_BREAK_REPAIR_VIA_HOMOLOGOUS_RECOMBINATION,0.0067,14,0.5385,0,0,1.0,0.0,keep,itself,,True,"RECQL5,KLHL15,UBQLN4,RIF1,RADX,PARPBP,SHLD2,KMT5A,SENP3,ABL1,FANCB,POLQ,KAT5,MAD2L2"
ngs,GSE282081,ATF3_correlation,3D_organoid_none,GO_BP,results/ngs/GSE282081/tables/ATF3_function/3D_organoid_none/GSEA/GO_BP/gsea_result.csv,GOBP_CEREBELLAR_CORTEX_FORMATION,GOBP_CEREBELLAR_CORTEX_FORMATION,0.0067,13,0.4643,17,9,0.32,0.8553,keep,GOBP_CEREBELLAR_PURKINJE_CELL_LAYER_MORPHOGENESIS,GOBP_CEREBELLAR_PURKINJE_CELL_LAYER_MORPHOGENESIS,False,"FOXP2,SLC25A46,LDB1,CCDC134,TTC21B,LHX5,RORA,PTPN11,MAP2K1,OPHN1,WHRN,TTLL1,AGTPBP1"
ngs,GSE282081,ATF3_correlation,3D_organoid_none,GO_BP,results/ngs/GSE282081/tables/ATF3_function/3D_organoid_none/GSEA/GO_BP/gsea_result.csv,GOBP_LEUKOCYTE_HOMEOSTASIS,GOBP_LEUKOCYTE_HOMEOSTASIS,0.0067,30,0.2308,63,19,0.0492,0.0,keep,GOBP_T_CELL_HOMEOSTASIS,GOBP_T_CELL_HOMEOSTASIS,True,"CD74,CCNB2,TNFSF13,TGFB2,CXCL6,BCL2,BAX,BAK1,PSMB10,PSMB8,PSMB3,PSMA7,PPP2R1A,XKR8,PDE4B,FOXP3,LTB,LMO1,LGALS9,ITPKB"
ngs,GSE282081,ATF3_correlation,3D_organoid_none,GO_BP,results/ngs/GSE282081/tables/ATF3_function/3D_organoid_none/GSEA/GO_BP/gsea_result.csv,GOBP_ISOLEUCINE_METABOLIC_PROCESS,GOBP_ISOLEUCINE_METABOLIC_PROCESS,0.0067,4,0.8,0,0,1.0,0.0,keep,itself,,True,"BCKDK,BCAT2,ACAT1,HSD17B10"
ngs,GSE282081,ATF3_correlation,3D_organoid_none,GO_BP,results/ngs/GSE282081/tables/ATF3_function/3D_organoid_none/GSEA/GO_BP/gsea_result.csv,GOBP_MITOCHONDRIAL_DNA_METABOLIC_PROCESS,GOBP_MITOCHONDRIAL_DNA_METABOLIC_PROCESS,0.0068,11,0.55,16,9,0.6254,0.0544,keep,GOBP_DNA_REPLICATION,GOBP_DNA_REPLICATION,False,"DNAJA3,SESN2,METTL4,RRM1,POLG,RRM2B,LIG3,STOX1,PRIMPOL,PARP1,POLG2"
ngs,GSE282081,ATF3_correlation,3D_organoid_none,GO_BP,results/ngs/GSE282081/tables/ATF3_function/3D_organoid_none/GSEA/GO_BP/gsea_result.csv,GOBP_RETICULOPHAGY,GOBP_RETICULOPHAGY,0.0071,18,0.6923,10,7,0.6476,0.1842,keep,GOBP_PIECEMEAL_MICROAUTOPHAGY_OF_THE_NUCLEUS,GOBP_PIECEMEAL_MICROAUTOPHAGY_OF_THE_NUCLEUS,False,"RB1CC1,ULK1,CDK5RAP3,UBA5,RETREG2,RETREG1,UFM1,SNX7,ATG9B,UFL1,ATG2A,RTN3,ULK2,CCPG1,ATG9A,SEC62,BNIP3,DDRGK1"
ngs,GSE282081,ATF3_correlation,3D_organoid_none,GO_BP,results/ngs/GSE282081/tables/ATF3_function/3D_organoid_none/GSEA/GO_BP/gsea_result.csv,GOBP_INTRINSIC_APOPTOTIC_SIGNALING_PATHWAY_IN_RESPONSE_TO_OSMOTIC_STRESS,GOBP_INTRINSIC_APOPTOTIC_SIGNALING_PATHWAY_IN_RESPONSE_TO_OSMOTIC_STRESS,0.0072,5,0.5,3,3,0.0833,0.0429,keep,GOBP_RESPONSE_TO_TUMOR_NECROSIS_FACTOR,GOBP_RESPONSE_TO_TUMOR_NECROSIS_FACTOR,True,"USP15,ARHGEF2,YBX3,CASP3,PTGS2"
ngs,GSE282081,ATF3_correlation,3D_organoid_none,GO_BP,results/ngs/GSE282081/tables/ATF3_function/3D_organoid_none/GSEA/GO_BP/gsea_result.csv,GOBP_PROTEIN_SUMOYLATION,GOBP_PROTEIN_SUMOYLATION,0.0073,28,0.4118,0,0,1.0,0.0,keep,itself,,True,"HDAC4,CBX4,NFATC2IP,SLF1,ZMIZ2,CAPN3,SMC6,STX1A,SUMO2,IFIH1,RELA,SENP2,KIAA1586,TRPM4,NSMCE4A,GNL3L,PIAS4,ARNT,RNF212,GNL3"
ngs,GSE282081,ATF3_correlation,3D_organoid_none,GO_BP,results/ngs/GSE282081/tables/ATF3_function/3D_organoid_none/GSEA/GO_BP/gsea_result.csv,GOBP_DORSAL_VENTRAL_AXIS_SPECIFICATION,GOBP_DORSAL_VENTRAL_AXIS_SPECIFICATION,0.0073,11,0.7857,0,0,1.0,0.0,keep,itself,,True,"CAPRIN2,PAX6,MDFI,SMAD6,VAX2,CTNNB1,AXIN2,AXIN1,CXXC4,WNT3,BMPR1A"
ngs,GSE282081,ATF3_correlation,3D_organoid_none,GO_BP,results/ngs/GSE282081/tables/ATF3_function/3D_organoid_none/GSEA/GO_BP/gsea_result.csv,GOBP_REGULATION_OF_RESPONSE_TO_ENDOPLASMIC_RETICULUM_STRESS,GOBP_REGULATION_OF_RESPONSE_TO_ENDOPLASMIC_RETICULUM_STRESS,0.0074,30,0.3061,0,0,1.0,0.0,keep,itself,,True,"SIGMAR1,STUB1,PIGBOS1,AKT3,MAGEA3,USP13,RNFT2,NCK2,MANF,BOK,SGTA,BAX,BAK1,SHISA5,RNFT1,HSPA5,GRINA,NUPR1,AKT2,UBXN2A"
ngs,GSE282081,ATF3_correlation,3D_organoid_none,GO_BP,results/ngs/GSE282081/tables/ATF3_function/3D_organoid_none/GSEA/GO_BP/gsea_result.csv,GOBP_POSITIVE_REGULATION_OF_CALCIUM_ION_IMPORT,GOBP_POSITIVE_REGULATION_OF_CALCIUM_ION_IMPORT,0.0074,9,0.3333,0,0,1.0,0.0,keep,itself,,True,"STC1,CCL2,PDGFRB,PDGFB,TRPV2,P2RX1,LGALS3,ISL1,GCG"
ngs,GSE282081,ATF3_correlation,3D_organoid_none,GO_BP,results/ngs/GSE282081/tables/ATF3_function/3D_organoid_none/GSEA/GO_BP/gsea_result.csv,GOBP_RIBOSOMAL_LARGE_SUBUNIT_ASSEMBLY,GOBP_RIBOSOMAL_LARGE_SUBUNIT_ASSEMBLY,0.0074,17,0.5862,0,0,1.0,0.0,keep,itself,,True,"RPL11,BRIX1,MRTO4,NDUFAB1,EIF6,BOP1,RRS1,DHX30,MALSU1,GTPBP6,RCC1L,TUFM,RPL24,RPL5,NOP53,MRM2,MDN1"
ngs,GSE282081,ATF3_correlation,3D_organoid_none,GO_BP,results/ngs/GSE282081/tables/ATF3_function/3D_organoid_none/GSEA/GO_BP/gsea_result.csv,GOBP_GENERATION_OF_PRECURSOR_METABOLITES_AND_ENERGY,GOBP_GENERATION_OF_PRECURSOR_METABOLITES_AND_ENERGY,0.0075,179,0.3638,68,35,0.0045,0.8321,exclude,GOBP_PROTON_MOTIVE_FORCE_DRIVEN_ATP_SYNTHESIS,GOBP_PROTON_MOTIVE_FORCE_DRIVEN_ATP_SYNTHESIS,False,"ATG2B,PPP1R3A,PPP1R1A,SDHAF2,PPARD,PPARA,NDUFB11,ATP5PO,ATP7A,PKLR,PHKG1,PGM1,ATP5PF,PFKM,ENPP1,SIRT6,CXXC5,ATP5PB,ATP5F1D,CHCHD2"
ngs,GSE282081,ATF3_correlation,3D_organoid_none,GO_BP,results/ngs/GSE282081/tables/ATF3_function/3D_organoid_none/GSEA/GO_BP/gsea_result.csv,GOBP_ADENYLATE_CYCLASE_INHIBITING_G_PROTEIN_COUPLED_ACETYLCHOLINE_RECEPTOR_SIGNALING_PATHWAY,GOBP_ADENYLATE_CYCLASE_INHIBITING_G_PROTEIN_COUPLED_ACETYLCHOLINE_RECEPTOR_SIGNALING_PATHWAY,0.0075,5,0.625,0,0,1.0,0.0,keep,itself,,True,"CHRM5,CHRM4,CHRM1,HRH3,HRH4"
ngs,GSE282081,ATF3_correlation,3D_organoid_none,GO_BP,results/ngs/GSE282081/tables/ATF3_function/3D_organoid_none/GSEA/GO_BP/gsea_result.csv,GOBP_PEPTIDYL_AMINO_ACID_MODIFICATION,GOBP_PEPTIDYL_AMINO_ACID_MODIFICATION,0.0076,129,0.3123,68,28,0.0383,1.0,exclude,GOBP_PROTEIN_SUMOYLATION,GOBP_PROTEIN_SUMOYLATION,False,"CDK1,HDAC4,TTLL4,ARHGEF2,GPRC5A,DPH6,RIPK2,CDK10,MYLK2,CBX4,NFATC2IP,AGBL4,LOXL3,SLF1,SETD3,ULK1,ZMIZ2,CAPN3,ZDHHC11,SMC6"
ngs,GSE282081,ATF3_correlation,3D_organoid_none,GO_BP,results/ngs/GSE282081/tables/ATF3_function/3D_organoid_none/GSEA/GO_BP/gsea_result.csv,GOBP_NUCLEOBASE_CONTAINING_COMPOUND_TRANSPORT,GOBP_NUCLEOBASE_CONTAINING_COMPOUND_TRANSPORT,0.0076,81,0.3418,6,5,0.0187,1.0,exclude,GOBP_TRANSCRIPTION_DEPENDENT_TETHERING_OF_RNA_POLYMERASE_II_GENE_DNA_AT_NUCLEAR_PERIPHERY,GOBP_TRANSCRIPTION_DEPENDENT_TETHERING_OF_RNA_POLYMERASE_II_GENE_DNA_AT_NUCLEAR_PERIPHERY,False,"G3BP2,POM121,ZC3H11A,NUP58,NUP155,CD47,FXR2,QKI,NPIPA1,SLC25A51,MCM3AP,PNPT1,RAE1,LRRC8C,SEH1L,PABPN1,SLC25A32,LRRC8E,DDX39B,ZFP36"
ngs,GSE282081,ATF3_correlation,3D_organoid_none,GO_BP,results/ngs/GSE282081/tables/ATF3_function/3D_organoid_none/GSEA/GO_BP/gsea_result.csv,GOBP_VASCULAR_TRANSPORT,GOBP_VASCULAR_TRANSPORT,0.0076,25,0.2809,4,4,0.0052,0.3333,exclude,GOBP_GAMMA_AMINOBUTYRIC_ACID_IMPORT,GOBP_GAMMA_AMINOBUTYRIC_ACID_IMPORT,False,"CD36,NHERF1,SLC38A5,SLC5A6,ABCC3,SLC4A4,SLC38A1,TFRC,SLC22A5,SLC22A3,SLC22A1,SLC16A1,SLC12A2,SLC7A2,SLC7A1,SLC6A13,SLC6A9,SLC6A6,SLC6A1,SLC5A1"
ngs,GSE282081,ATF3_correlation,3D_organoid_none,GO_BP,results/ngs/GSE282081/tables/ATF3_function/3D_organoid_none/GSEA/GO_BP/gsea_result.csv,GOBP_CEREBELLAR_CORTEX_MORPHOGENESIS,GOBP_CEREBELLAR_CORTEX_MORPHOGENESIS,0.0077,17,0.4359,20,11,0.1247,1.0,keep,GOBP_CEREBELLAR_PURKINJE_CELL_LAYER_MORPHOGENESIS,GOBP_CEREBELLAR_PURKINJE_CELL_LAYER_MORPHOGENESIS,False,"FOXP2,SLC25A46,LDB1,COQ8B,CCDC134,TTC21B,SPTBN2,LHX5,RORA,PTPN11,MAP2K1,SERPINE2,OPHN1,WHRN,TTLL1,AGTPBP1,ZNF365"
ngs,GSE282081,ATF3_correlation,3D_organoid_none,GO_BP,results/ngs/GSE282081/tables/ATF3_function/3D_organoid_none/GSEA/GO_BP/gsea_result.csv,GOBP_GOLGI_RIBBON_FORMATION,GOBP_GOLGI_RIBBON_FORMATION,0.0077,6,0.5455,0,0,1.0,0.0,keep,itself,,True,"GCC2,VAMP4,FHDC1,GORASP1,GOLPH3,TMED5"
ngs,GSE282081,ATF3_correlation,3D_organoid_none,GO_BP,results/ngs/GSE282081/tables/ATF3_function/3D_organoid_none/GSEA/GO_BP/gsea_result.csv,GOBP_REPLACEMENT_OSSIFICATION,GOBP_REPLACEMENT_OSSIFICATION,0.0082,15,0.4688,0,0,1.0,0.0,keep,itself,,True,"RUNX2,BMP4,SCX,IFT80,SMPD3,PEX7,NPR2,NAB1,MMP16,GUSB,GALNT3,FGFR3,EXT1,PHOSPHO1,COL1A1"
ngs,GSE282081,ATF3_correlation,3D_organoid_none,GO_BP,results/ngs/GSE282081/tables/ATF3_function/3D_organoid_none/GSEA/GO_BP/gsea_result.csv,GOBP_GLYCINE_METABOLIC_PROCESS,GOBP_GLYCINE_METABOLIC_PROCESS,0.0082,8,0.6154,0,0,1.0,0.0,keep,itself,,True,"GLDC,GCSH,AGXT,GLYAT,RIDA,SHMT1,HAO1,NDP"
ngs,GSE282081,ATF3_correlation,3D_organoid_none,GO_BP,results/ngs/GSE282081/tables/ATF3_function/3D_organoid_none/GSEA/GO_BP/gsea_result.csv,GOBP_NEGATIVE_REGULATION_OF_NUCLEAR_TRANSCRIBED_MRNA_CATABOLIC_PROCESS_DEADENYLATION_DEPENDENT_DECAY,GOBP_NEGATIVE_REGULATION_OF_NUCLEAR_TRANSCRIBED_MRNA_CATABOLIC_PROCESS_DEADENYLATION_DEPENDENT_DECAY,0.0082,8,0.6667,0,0,1.0,0.0,keep,itself,,True,"CSDE1,TENT4B,DHX9,TENT4A,IGF2BP1,PAIP1,SYNCRIP,TOB1"
ngs,GSE282081,ATF3_correlation,3D_organoid_none,GO_BP,results/ngs/GSE282081/tables/ATF3_function/3D_organoid_none/GSEA/GO_BP/gsea_result.csv,GOBP_REGULATION_OF_PROTON_TRANSPORT,GOBP_REGULATION_OF_PROTON_TRANSPORT,0.0083,5,1.0,0,0,1.0,0.0,keep,itself,,True,"SPHK2,ATP4A,IL13,PHB2,TCIRG1"
ngs,GSE282081,ATF3_correlation,3D_organoid_none,GO_BP,results/ngs/GSE282081/tables/ATF3_function/3D_organoid_none/GSEA/GO_BP/gsea_result.csv,GOBP_SMOOTH_MUSCLE_CELL_CHEMOTAXIS,GOBP_SMOOTH_MUSCLE_CELL_CHEMOTAXIS,0.0084,6,0.6,0,0,1.0,0.0,keep,itself,,True,"GSTP1,LPAR1,PDGFD,CORO1B,PARVA,PDGFRB"
ngs,GSE282081,ATF3_correlation,3D_organoid_none,GO_BP,results/ngs/GSE282081/tables/ATF3_function/3D_organoid_none/GSEA/GO_BP/gsea_result.csv,GOBP_EMBRYONIC_PLACENTA_MORPHOGENESIS,GOBP_EMBRYONIC_PLACENTA_MORPHOGENESIS,0.0084,13,0.4815,0,0,1.0,0.0,keep,itself,,True,"SOCS3,GCM1,ZFP36L1,ST14,SPINT1,BMP5,LLGL2,ZNF568,CCN1,GJB5,ADM,TRIM28,DNAJB6"
ngs,GSE282081,ATF3_correlation,3D_organoid_none,GO_BP,results/ngs/GSE282081/tables/ATF3_function/3D_organoid_none/GSEA/GO_BP/gsea_result.csv,GOBP_NUCLEAR_HISTONE_MRNA_CATABOLIC_PROCESS,GOBP_NUCLEAR_HISTONE_MRNA_CATABOLIC_PROCESS,0.0084,6,0.5,5,4,0.1212,0.0889,keep,GOBP_REGULATION_OF_MRNA_SPLICING_VIA_SPLICEOSOME,GOBP_REGULATION_OF_MRNA_SPLICING_VIA_SPLICEOSOME,False,"LSM10,SSB,SNRPG,SNRPF,SNRPD3,SNRPB"
ngs,GSE282081,ATF3_correlation,3D_organoid_none,GO_BP,results/ngs/GSE282081/tables/ATF3_function/3D_organoid_none/GSEA/GO_BP/gsea_result.csv,GOBP_AMINE_CATABOLIC_PROCESS,GOBP_AMINE_CATABOLIC_PROCESS,0.0084,11,0.5238,0,0,1.0,0.0,keep,itself,,True,"SULT1A3,SULT1A1,SAT1,CHDH,ALDH7A1,ATP2B4,DMGDH,MOXD1,SLC44A1,DHPS,DBH"
ngs,GSE282081,ATF3_correlation,3D_organoid_none,GO_BP,results/ngs/GSE282081/tables/ATF3_function/3D_organoid_none/GSEA/GO_BP/gsea_result.csv,GOBP_NUCLEOSIDE_PHOSPHATE_BIOSYNTHETIC_PROCESS,GOBP_NUCLEOSIDE_PHOSPHATE_BIOSYNTHETIC_PROCESS,0.0084,61,0.1865,76,24,0.0013,1.0,exclude,GOBP_PROTON_MOTIVE_FORCE_DRIVEN_ATP_SYNTHESIS,GOBP_PROTON_MOTIVE_FORCE_DRIVEN_ATP_SYNTHESIS,False,"KMO,ATP5MK,DNAJC30,COASY,DCAKD,TYMS,TMSB4X,TK1,SHMT1,SDHC,SDHB,FAM3A,PRPS1,NDUFA12,CMAS,ACSS2,SLC35C1,ATP5ME,ATP5MC3,ATP5MC2"
ngs,GSE282081,ATF3_correlation,3D_organoid_none,GO_BP,results/ngs/GSE282081/tables/ATF3_function/3D_organoid_none/GSEA/GO_BP/gsea_result.csv,GOBP_MRNA_MODIFICATION,GOBP_MRNA_MODIFICATION,0.0085,15,0.5357,0,0,1.0,0.0,keep,itself,,True,"WTAP,BAG4,PUS1,METTL14,METTL3,PUS7,NOP58,APOBEC1,A1CF,DKC1,TRUB1,NOP56,SYNCRIP,ADARB1,ADAR"
ngs,GSE282081,ATF3_correlation,3D_organoid_none,GO_BP,results/ngs/GSE282081/tables/ATF3_function/3D_organoid_none/GSEA/GO_BP/gsea_result.csv,GOBP_RHO_ACTIVATING_G_PROTEIN_COUPLED_RECEPTOR_SIGNALING_PATHWAY,GOBP_RHO_ACTIVATING_G_PROTEIN_COUPLED_RECEPTOR_SIGNALING_PATHWAY,0.0086,6,0.8571,0,0,1.0,0.0,keep,itself,,True,"ADGRG1,GNA12,ARHGEF12,ADGRL3,GNA13,ARHGEF1"
ngs,GSE282081,ATF3_correlation,3D_organoid_none,GO_BP,results/ngs/GSE282081/tables/ATF3_function/3D_organoid_none/GSEA/GO_BP/gsea_result.csv,GOBP_POSITIVE_REGULATION_OF_INTERFERON_ALPHA_PRODUCTION,GOBP_POSITIVE_REGULATION_OF_INTERFERON_ALPHA_PRODUCTION,0.0086,12,0.4615,0,0,1.0,0.0,keep,itself,,True,"RIPK2,STAT1,IFIH1,MAVS,TLR7,TBK1,RIGI,TRIM65,DHX36,DHX9,DDX3X,CHUK"
ngs,GSE282081,ATF3_correlation,3D_organoid_none,GO_BP,results/ngs/GSE282081/tables/ATF3_function/3D_organoid_none/GSEA/GO_BP/gsea_result.csv,GOBP_REGULATION_OF_KINASE_ACTIVITY,GOBP_REGULATION_OF_KINASE_ACTIVITY,0.0086,105,0.3977,0,0,1.0,0.0,keep,itself,,True,"CDC25C,CDC25A,NHERF1,ACP4,STRADA,NOLC1,HGS,CCNE2,LATS1,GPRC5A,CCNT2,CCNT1,MIDN,LDB1,KSR1,CCNK,TNFRSF10B,LMO4,SESN2,HMGA2"
ngs,GSE282081,ATF3_correlation,3D_organoid_none,GO_BP,results/ngs/GSE282081/tables/ATF3_function/3D_organoid_none/GSEA/GO_BP/gsea_result.csv,GOBP_PURINE_CONTAINING_COMPOUND_BIOSYNTHETIC_PROCESS,GOBP_PURINE_CONTAINING_COMPOUND_BIOSYNTHETIC_PROCESS,0.0087,51,0.1875,76,24,0.000961,1.0,exclude,GOBP_PROTON_MOTIVE_FORCE_DRIVEN_ATP_SYNTHESIS,GOBP_PROTON_MOTIVE_FORCE_DRIVEN_ATP_SYNTHESIS,False,"KMO,ATP5MK,DNAJC30,COASY,DCAKD,TMSB4X,SHMT1,SDHC,SDHB,FAM3A,PRPS1,NDUFA12,ACSS2,ATP5ME,ATP5MC3,ATP5MC2,PDK2,PDHB,PDHA1,ATP5MC1"
ngs,GSE282081,ATF3_correlation,3D_organoid_none,GO_BP,results/ngs/GSE282081/tables/ATF3_function/3D_organoid_none/GSEA/GO_BP/gsea_result.csv,GOBP_NEGATIVE_REGULATION_OF_OLIGODENDROCYTE_DIFFERENTIATION,GOBP_NEGATIVE_REGULATION_OF_OLIGODENDROCYTE_DIFFERENTIATION,0.0089,9,0.6923,0,0,1.0,0.0,keep,itself,,True,"HES5,TMEM98,DLX2,DLX1,NOTCH1,NF1,ID4,ID2,DAAM2"
ngs,GSE282081,ATF3_correlation,3D_organoid_none,GO_BP,results/ngs/GSE282081/tables/ATF3_function/3D_organoid_none/GSEA/GO_BP/gsea_result.csv,GOBP_NEGATIVE_REGULATION_OF_PROTEIN_MODIFICATION_PROCESS,GOBP_NEGATIVE_REGULATION_OF_PROTEIN_MODIFICATION_PROCESS,0.009,72,0.3396,82,32,0.1386,0.0311,keep,GOBP_REGULATION_OF_PROTEIN_UBIQUITINATION,GOBP_REGULATION_OF_PROTEIN_UBIQUITINATION,True,"CDK1,BAG2,BAG5,ATG5,PLAA,ACP4,NOLC1,LATS1,GPRC5A,PER2,CAV1,PPP1R15B,OGT,USP44,CAPN3,CDK5RAP3,ZC3H12A,YWHAG,UBE2B,TFAP4"
ngs,GSE282081,ATF3_correlation,3D_organoid_none,GO_BP,results/ngs/GSE282081/tables/ATF3_function/3D_organoid_none/GSEA/GO_BP/gsea_result.csv,GOBP_POSITIVE_REGULATION_OF_MYOTUBE_DIFFERENTIATION,GOBP_POSITIVE_REGULATION_OF_MYOTUBE_DIFFERENTIATION,0.0092,9,0.5294,0,0,1.0,0.0,keep,itself,,True,"PIEZO1,CAV3,CYP26B1,MAMSTR,MTOR,ATP11A,MAPK14,MYOG,MAML1"
ngs,GSE282081,ATF3_correlation,3D_organoid_none,GO_BP,results/ngs/GSE282081/tables/ATF3_function/3D_organoid_none/GSEA/GO_BP/gsea_result.csv,GOBP_POSITIVE_REGULATION_OF_MRNA_PROCESSING,GOBP_POSITIVE_REGULATION_OF_MRNA_PROCESSING,0.0093,12,0.4615,22,10,0.7609,0.3979,keep,GOBP_REGULATION_OF_MRNA_SPLICING_VIA_SPLICEOSOME,GOBP_REGULATION_OF_MRNA_SPLICING_VIA_SPLICEOSOME,False,"SNRNP70,UPF3A,UPF3B,TRA2B,UPF1,CELF4,NCBP1,HMX2,SLC39A5,RBMX,NCBP2,DHX36"
ngs,GSE282081,ATF3_correlation,3D_organoid_none,GO_BP,results/ngs/GSE282081/tables/ATF3_function/3D_organoid_none/GSEA/GO_BP/gsea_result.csv,GOBP_REGULATION_OF_MAST_CELL_ACTIVATION_INVOLVED_IN_IMMUNE_RESPONSE,GOBP_REGULATION_OF_MAST_CELL_ACTIVATION_INVOLVED_IN_IMMUNE_RESPONSE,0.0094,5,1.0,0,0,1.0,0.0,keep,itself,,True,"PTPN6,SPHK2,FER,CD300A,ENPP3"
ngs,GSE282081,ATF3_correlation,3D_organoid_none,GO_BP,results/ngs/GSE282081/tables/ATF3_function/3D_organoid_none/GSEA/GO_BP/gsea_result.csv,GOBP_POSITIVE_REGULATION_OF_MRNA_SPLICING_VIA_SPLICEOSOME,GOBP_POSITIVE_REGULATION_OF_MRNA_SPLICING_VIA_SPLICEOSOME,0.0094,10,0.4545,0,0,1.0,0.0,keep,itself,,True,"SNRNP70,UPF3A,UPF3B,TRA2B,UPF1,CELF4,NCBP1,HMX2,SLC39A5,RBMX"
ngs,GSE282081,ATF3_correlation,3D_organoid_none,GO_BP,results/ngs/GSE282081/tables/ATF3_function/3D_organoid_none/GSEA/GO_BP/gsea_result.csv,GOBP_REGULATION_OF_NITRIC_OXIDE_METABOLIC_PROCESS,GOBP_REGULATION_OF_NITRIC_OXIDE_METABOLIC_PROCESS,0.0095,21,0.3134,0,0,1.0,0.0,keep,itself,,True,"NOS1AP,CD47,CD36,ROCK2,KLF4,ACVR2A,CAV1,ZC3H12A,SOD2,PTGS2,PTGIS,PKD2,PIK3CB,ATP2B4,ASS1,JAK2,IL1B,APP,HSP90AB1,HSP90AA1"
ngs,GSE282081,ATF3_correlation,3D_organoid_none,GO_BP,results/ngs/GSE282081/tables/ATF3_function/3D_organoid_none/GSEA/GO_BP/gsea_result.csv,GOBP_REGULATION_OF_DENDRITIC_CELL_CHEMOTAXIS,GOBP_REGULATION_OF_DENDRITIC_CELL_CHEMOTAXIS,0.0095,6,0.5,0,0,1.0,0.0,keep,itself,,True,"CCR7,CCL21,CCR6,CALR,C1QBP,LGALS9"
ngs,GSE282081,ATF3_correlation,3D_organoid_none,GO_BP,results/ngs/GSE282081/tables/ATF3_function/3D_organoid_none/GSEA/GO_BP/gsea_result.csv,GOBP_VACUOLAR_ACIDIFICATION,GOBP_VACUOLAR_ACIDIFICATION,0.0097,17,0.4359,20,10,0.3072,0.446,keep,GOBP_PROTON_TRANSMEMBRANE_TRANSPORT,GOBP_PROTON_TRANSMEMBRANE_TRANSPORT,False,"TMEM9,SNAPIN,VMA21,ATP6V0E2,CLN5,ATP6V0D2,ATP6V1F,ATP6V0E1,ATP6AP1,ATP6V0B,ATP6V1B2,ATP6V0A4,RNASEK,LAMP1,GRN,DMXL1,TCIRG1"
ngs,GSE282081,ATF3_correlation,3D_organoid_none,GO_BP,results/ngs/GSE282081/tables/ATF3_function/3D_organoid_none/GSEA/GO_BP/gsea_result.csv,GOBP_FARNESYL_DIPHOSPHATE_METABOLIC_PROCESS,GOBP_FARNESYL_DIPHOSPHATE_METABOLIC_PROCESS,0.0098,9,0.75,6,6,0.0909,0.029,keep,GOBP_ACETYL_COA_METABOLIC_PROCESS,GOBP_ACETYL_COA_METABOLIC_PROCESS,True,"MVK,HMGCS2,HMGCS1,HMGCR,FDFT1,MVD,ACAT2,FDPS,PMVK"
ngs,GSE282081,ATF3_correlation,3D_organoid_none,GO_BP,results/ngs/GSE282081/tables/ATF3_function/3D_organoid_none/GSEA/GO_BP/gsea_result.csv,GOBP_REGULATION_OF_PHOSPHORYLATION,GOBP_REGULATION_OF_PHOSPHORYLATION,0.0098,138,0.3129,265,89,0.121,1.0,keep,GOBP_REGULATION_OF_TRANSFERASE_ACTIVITY,GOBP_REGULATION_OF_TRANSFERASE_ACTIVITY,False,"CDC25C,CDC25A,DHX34,NHERF1,ACP4,STRADA,NOLC1,ACVR2A,ARHGEF2,HGS,CCNE2,LATS1,GPRC5A,CCNT2,CCNT1,MIDN,LDB1,KSR1,NRP1,CCNK"
ngs,GSE282081,ATF3_correlation,3D_organoid_none,GO_BP,results/ngs/GSE282081/tables/ATF3_function/3D_organoid_none/GSEA/GO_BP/gsea_result.csv,GOBP_NEGATIVE_REGULATION_OF_TRANSPORT,GOBP_NEGATIVE_REGULATION_OF_TRANSPORT,0.0099,75,0.1648,45,16,0.000808,1.0,exclude,GOBP_NEGATIVE_REGULATION_OF_PEPTIDE_SECRETION,GOBP_NEGATIVE_REGULATION_OF_PEPTIDE_SECRETION,False,"CD74,RUBCN,EI24,GSTO1,NDUFAF2,RSAD2,MTMR4,CD84,PEA15,KLF7,CYP4F2,JAGN1,PLA2G10,CALM3,RAB7A,YWHAE,VDAC1,UCP2,TPR,ABCC8"
ngs,GSE282081,ATF3_correlation,3D_organoid_none,GO_BP,results/ngs/GSE282081/tables/ATF3_function/3D_organoid_none/GSEA/GO_BP/gsea_result.csv,GOBP_INSULIN_LIKE_GROWTH_FACTOR_RECEPTOR_SIGNALING_PATHWAY,GOBP_INSULIN_LIKE_GROWTH_FACTOR_RECEPTOR_SIGNALING_PATHWAY,0.01,19,0.3519,0,0,1.0,0.0,keep,itself,,True,"EIF2AK3,IRS2,SOS1,BMP5,GIGYF1,ATXN1,MAP2K5,MAP2K1,PIK3R1,PDPK1,TRIM72,NKX3-1,IRS1,IGFBP1,IGF1R,GRB10,GHRHR,GHR,PLCB1"
ngs,GSE282081,ATF3_correlation,3D_organoid_none,GO_BP,results/ngs/GSE282081/tables/ATF3_function/3D_organoid_none/GSEA/GO_BP/gsea_result.csv,GOBP_POSITIVE_REGULATION_OF_PROTEIN_IMPORT_INTO_NUCLEUS,GOBP_POSITIVE_REGULATION_OF_PROTEIN_IMPORT_INTO_NUCLEUS,0.01,19,0.5,0,0,1.0,0.0,keep,itself,,True,"CDH1,CDK1,ZPR1,EFCAB7,ZC3H12A,XBP1,MAVS,DMAP1,RBM22,PIK3R1,UBR5,JAK2,HSP90AA1,GLI3,TARDBP,ECT2,MAPK14,TRIM28,CHP2"
ngs,GSE282081,ATF3_correlation,3D_organoid_none,GO_BP,results/ngs/GSE282081/tables/ATF3_function/3D_organoid_none/GSEA/GO_BP/gsea_result.csv,GOBP_MRNA_SPLICE_SITE_RECOGNITION,GOBP_MRNA_SPLICE_SITE_RECOGNITION,0.01,15,0.3125,16,8,0.0507,0.6085,keep,GOBP_ALTERNATIVE_MRNA_SPLICING_VIA_SPLICEOSOME,GOBP_ALTERNATIVE_MRNA_SPLICING_VIA_SPLICEOSOME,False,"NOL3,SF1,SRSF6,SRSF5,CELF5,ISY1,CELF4,PRPF39,LUC7L3,KHDC4,SF3A3,SRSF10,CELF2,CELF1,SLU7"
ngs,GSE282081,ATF3_correlation,3D_organoid_none,GO_BP,results/ngs/GSE282081/tables/ATF3_function/3D_organoid_none/GSEA/GO_BP/gsea_result.csv,GOBP_REGULATION_OF_ENDOPLASMIC_RETICULUM_UNFOLDED_PROTEIN_RESPONSE,GOBP_REGULATION_OF_ENDOPLASMIC_RETICULUM_UNFOLDED_PROTEIN_RESPONSE,0.0101,13,0.3421,0,0,1.0,0.0,keep,itself,,True,"NCK2,BOK,BAX,BAK1,SHISA5,HSPA5,AKT2,DAB2IP,ATF6B,FICD,COPS5,AGR2,RACK1"
ngs,GSE282081,ATF3_correlation,3D_organoid_none,GO_BP,results/ngs/GSE282081/tables/ATF3_function/3D_organoid_none/GSEA/GO_BP/gsea_result.csv,GOBP_PROTEIN_LOCALIZATION_TO_ENDOSOME,GOBP_PROTEIN_LOCALIZATION_TO_ENDOSOME,0.0102,12,0.4286,14,7,0.3518,1.0,keep,GOBP_REGULATION_OF_PROTEIN_LOCALIZATION_TO_ENDOSOME,GOBP_REGULATION_OF_PROTEIN_LOCALIZATION_TO_ENDOSOME,False,"ROCK2,ANKRD13A,NRP1,MICALL1,VEGFA,SORL1,RAB5A,ABHD17C,ABHD17B,MGAT3,ARF6,WASHC2C"
ngs,GSE282081,ATF3_correlation,3D_organoid_none,GO_BP,results/ngs/GSE282081/tables/ATF3_function/3D_organoid_none/GSEA/GO_BP/gsea_result.csv,GOBP_DETOXIFICATION,GOBP_DETOXIFICATION,0.0102,44,0.2543,22,11,0.0071,0.2826,exclude,GOBP_HYDROGEN_PEROXIDE_CATABOLIC_PROCESS,GOBP_HYDROGEN_PEROXIDE_CATABOLIC_PROCESS,False,"RDH12,CP,ADK,CLIC2,CLIC1,CYGB,TXNRD3,RAB40B,PRDX3,TXNRD2,FBLN5,UGT1A7,HBA1,GSTO1,RAB29,SUCLG1,TXNDC17,PRXL2A,TXN,PRDX2"
ngs,GSE282081,ATF3_correlation,3D_organoid_none,GO_BP,results/ngs/GSE282081/tables/ATF3_function/3D_organoid_none/GSEA/GO_BP/gsea_result.csv,GOBP_POSITIVE_REGULATION_OF_THYMOCYTE_APOPTOTIC_PROCESS,GOBP_POSITIVE_REGULATION_OF_THYMOCYTE_APOPTOTIC_PROCESS,0.0103,4,0.8,0,0,1.0,0.0,keep,itself,,True,"ZC3H8,WNT5A,TP53,BBC3"
ngs,GSE282081,ATF3_correlation,3D_organoid_none,GO_BP,results/ngs/GSE282081/tables/ATF3_function/3D_organoid_none/GSEA/GO_BP/gsea_result.csv,GOBP_ESTABLISHMENT_OF_PROTEIN_LOCALIZATION_TO_MITOCHONDRION,GOBP_ESTABLISHMENT_OF_PROTEIN_LOCALIZATION_TO_MITOCHONDRION,0.0104,30,0.2326,78,22,0.0744,1.0,keep,GOBP_PROTEIN_TARGETING_TO_MITOCHONDRION,GOBP_PROTEIN_TARGETING_TO_MITOCHONDRION,False,"AIFM1,AIP,MGARP,TOMM40L,CALM3,UQCRC1,UBE2L3,SREBF1,UBL5,RAC2,BAX,VPS11,PARL,TOMM7,PIN1,FIS1,MAPT,HSPA1L,GZMB,TIMM9"
ngs,GSE282081,ATF3_correlation,3D_organoid_none,GO_BP,results/ngs/GSE282081/tables/ATF3_function/3D_organoid_none/GSEA/GO_BP/gsea_result.csv,GOBP_THYROID_HORMONE_RECEPTOR_SIGNALING_PATHWAY,GOBP_THYROID_HORMONE_RECEPTOR_SIGNALING_PATHWAY,0.0104,5,0.625,0,0,1.0,0.0,keep,itself,,True,"GPHB5,THRB,THRA,RXRA,PRCP"
ngs,GSE282081,ATF3_correlation,3D_organoid_none,GO_BP,results/ngs/GSE282081/tables/ATF3_function/3D_organoid_none/GSEA/GO_BP/gsea_result.csv,GOBP_TRANSCRIPTION_BY_RNA_POLYMERASE_I,GOBP_TRANSCRIPTION_BY_RNA_POLYMERASE_I,0.0105,33,0.44,36,20,0.0439,1.0,exclude,GOBP_POSITIVE_REGULATION_OF_TRANSCRIPTION_BY_RNA_POLYMERASE_I,GOBP_POSITIVE_REGULATION_OF_TRANSCRIPTION_BY_RNA_POLYMERASE_I,False,"EIF2AK3,DEDD,DDX21,BAZ1B,TAF1A,TAF1C,POLR1B,UTP15,WDR75,PRR7,DEK,TTF1,TBP,IPPK,ACTR6,DHX33,HEATR1,RRN3,ATF4,MARS1"
ngs,GSE282081,ATF3_correlation,3D_organoid_none,GO_BP,results/ngs/GSE282081/tables/ATF3_function/3D_organoid_none/GSEA/GO_BP/gsea_result.csv,GOBP_POSITIVE_REGULATION_OF_MICROVILLUS_ASSEMBLY,GOBP_POSITIVE_REGULATION_OF_MICROVILLUS_ASSEMBLY,0.0105,5,1.0,0,0,1.0,0.0,keep,itself,,True,"RAP2A,STK26,RAPGEF6,TNIK,RAPGEF2"
ngs,GSE282081,ATF3_correlation,3D_organoid_none,GO_BP,results/ngs/GSE282081/tables/ATF3_function/3D_organoid_none/GSEA/GO_BP/gsea_result.csv,GOBP_DETERMINATION_OF_LIVER_LEFT_RIGHT_ASYMMETRY,GOBP_DETERMINATION_OF_LIVER_LEFT_RIGHT_ASYMMETRY,0.0105,4,0.6667,0,0,1.0,0.0,keep,itself,,True,"CCDC40,PKD2,CCDC39,NPHP3"
ngs,GSE282081,ATF3_correlation,3D_organoid_none,GO_BP,results/ngs/GSE282081/tables/ATF3_function/3D_organoid_none/GSEA/GO_BP/gsea_result.csv,GOBP_MAINTENANCE_OF_ANIMAL_ORGAN_IDENTITY,GOBP_MAINTENANCE_OF_ANIMAL_ORGAN_IDENTITY,0.0105,4,0.8,0,0,1.0,0.0,keep,itself,,True,"IQCB1,USH2A,PKP2,NPHP3"
ngs,GSE282081,ATF3_correlation,3D_organoid_none,GO_BP,results/ngs/GSE282081/tables/ATF3_function/3D_organoid_none/GSEA/GO_BP/gsea_result.csv,GOBP_ACTIN_FILAMENT_SEVERING,GOBP_ACTIN_FILAMENT_SEVERING,0.0105,9,0.5294,0,0,1.0,0.0,keep,itself,,True,"SRGAP2,FLII,CFL2,GMFG,SCIN,VILL,GSN,CFL1,AVIL"
ngs,GSE282081,ATF3_correlation,3D_organoid_none,GO_BP,results/ngs/GSE282081/tables/ATF3_function/3D_organoid_none/GSEA/GO_BP/gsea_result.csv,GOBP_DICARBOXYLIC_ACID_CATABOLIC_PROCESS,GOBP_DICARBOXYLIC_ACID_CATABOLIC_PROCESS,0.0109,15,0.8824,0,0,1.0,0.0,keep,itself,,True,"GLUD1,GAD1,ALDH1L2,PM20D2,ALDH1L1,ACOT8,GOT2,GOT1,GLUD2,GAD2,ACSF3,GLUL,QPRT,ACOT4,MTHFS"
ngs,GSE282081,ATF3_correlation,3D_organoid_none,GO_BP,results/ngs/GSE282081/tables/ATF3_function/3D_organoid_none/GSEA/GO_BP/gsea_result.csv,GOBP_KIDNEY_MORPHOGENESIS,GOBP_KIDNEY_MORPHOGENESIS,0.0109,31,0.3163,0,0,1.0,0.0,keep,itself,,True,"HS2ST1,GCNT3,GREB1L,CALB1,IRX3,VEGFA,HNF1A,STAT1,SOX9,SOX4,BMP4,GZF1,PTCH1,PRKX,PPP3CA,PKD2,SIX4,PBX1,PAX2,MYC"
ngs,GSE282081,ATF3_correlation,3D_organoid_none,GO_BP,results/ngs/GSE282081/tables/ATF3_function/3D_organoid_none/GSEA/GO_BP/gsea_result.csv,GOBP_MATING_BEHAVIOR,GOBP_MATING_BEHAVIOR,0.011,10,0.2778,0,0,1.0,0.0,keep,itself,,True,"THRB,THRA,TH,TACR1,P2RX1,NHLH2,HEXB,MAPK8IP2,EDDM3A,ADA"
ngs,GSE282081,ATF3_correlation,3D_organoid_none,GO_BP,results/ngs/GSE282081/tables/ATF3_function/3D_organoid_none/GSEA/GO_BP/gsea_result.csv,GOBP_REGULATION_OF_KERATINOCYTE_MIGRATION,GOBP_REGULATION_OF_KERATINOCYTE_MIGRATION,0.011,8,0.5714,0,0,1.0,0.0,keep,itself,,True,"IQSEC1,ADAM9,EPPK1,PTEN,ARF6,HAS2,MTOR,HBEGF"
ngs,GSE282081,ATF3_correlation,3D_organoid_none,GO_BP,results/ngs/GSE282081/tables/ATF3_function/3D_organoid_none/GSEA/GO_BP/gsea_result.csv,GOBP_MITOCHONDRIAL_RNA_MODIFICATION,GOBP_MITOCHONDRIAL_RNA_MODIFICATION,0.011,9,0.5625,0,0,1.0,0.0,keep,itself,,True,"GTPBP3,PUS1,METTL8,TRMT5,TRMT10C,CDK5RAP1,PTCD1,MTO1,FASTKD2"
ngs,GSE282081,ATF3_correlation,3D_organoid_none,GO_BP,results/ngs/GSE282081/tables/ATF3_function/3D_organoid_none/GSEA/GO_BP/gsea_result.csv,GOBP_HYDROGEN_PEROXIDE_METABOLIC_PROCESS,GOBP_HYDROGEN_PEROXIDE_METABOLIC_PROCESS,0.0111,14,0.2857,27,11,0.0364,0.4863,exclude,GOBP_CELLULAR_RESPONSE_TO_TOXIC_SUBSTANCE,GOBP_CELLULAR_RESPONSE_TO_TOXIC_SUBSTANCE,False,"TXN,PRDX2,RAC2,PRDX1,MAOB,LPO,HBB,GPX3,GPX1,NOX1,PRDX5,PXDNL,PARK7,PRDX4"
ngs,GSE282081,ATF3_correlation,3D_organoid_none,GO_BP,results/ngs/GSE282081/tables/ATF3_function/3D_organoid_none/GSEA/GO_BP/gsea_result.csv,GOBP_NUCLEOPHAGY,GOBP_NUCLEOPHAGY,0.0112,11,0.4783,18,10,0.1854,1.0,keep,GOBP_PIECEMEAL_MICROAUTOPHAGY_OF_THE_NUCLEUS,GOBP_PIECEMEAL_MICROAUTOPHAGY_OF_THE_NUCLEUS,False,"RB1CC1,ATG13,ATG5,ATG12,ATG4D,ULK1,SNX7,ATG9B,WIPI2,ATG4B,ATG2A"
ngs,GSE282081,ATF3_correlation,3D_organoid_none,GO_BP,results/ngs/GSE282081/tables/ATF3_function/3D_organoid_none/GSEA/GO_BP/gsea_result.csv,GOBP_P38MAPK_CASCADE,GOBP_P38MAPK_CASCADE,0.0114,24,0.4,0,0,1.0,0.0,keep,itself,,True,"MAPKAPK2,MFHAS1,MAP3K6,CAV3,ZC3H12A,ZFP36,ZFP36L1,BMP4,MAP2K3,MAPK11,TREM2,PER1,OPRK1,MAP3K4,IL1B,RELL2,STK39,PTPN22,DUSP1,DSC2"
ngs,GSE282081,ATF3_correlation,3D_organoid_none,GO_BP,results/ngs/GSE282081/tables/ATF3_function/3D_organoid_none/GSEA/GO_BP/gsea_result.csv,GOBP_CELLULAR_OXIDANT_DETOXIFICATION,GOBP_CELLULAR_OXIDANT_DETOXIFICATION,0.0116,36,0.4045,22,11,0.2107,0.2826,keep,GOBP_HYDROGEN_PEROXIDE_CATABOLIC_PROCESS,GOBP_HYDROGEN_PEROXIDE_CATABOLIC_PROCESS,False,"GSTZ1,GSTP1,GSR,GPX7,GPX5,AMBP,GPX6,CP,CLIC2,CLIC1,CYGB,TXNRD3,PRDX3,TXNRD2,FBLN5,HBA1,GSTO1,TXNDC17,PRXL2A,TXN"
ngs,GSE282081,ATF3_correlation,3D_organoid_none,GO_BP,results/ngs/GSE282081/tables/ATF3_function/3D_organoid_none/GSEA/GO_BP/gsea_result.csv,GOBP_POSITIVE_REGULATION_OF_DENDRITIC_CELL_CHEMOTAXIS,GOBP_POSITIVE_REGULATION_OF_DENDRITIC_CELL_CHEMOTAXIS,0.0117,6,0.6,0,0,1.0,0.0,keep,itself,,True,"CCR7,CCL21,CCR6,CALR,C1QBP,LGALS9"
ngs,GSE282081,ATF3_correlation,3D_organoid_none,GO_BP,results/ngs/GSE282081/tables/ATF3_function/3D_organoid_none/GSEA/GO_BP/gsea_result.csv,GOBP_NEGATIVE_REGULATION_OF_MITOCHONDRIAL_OUTER_MEMBRANE_PERMEABILIZATION_INVOLVED_IN_APOPTOTIC_SIGNALING_PATHWAY,GOBP_NEGATIVE_REGULATION_OF_MITOCHONDRIAL_OUTER_MEMBRANE_PERMEABILIZATION_INVOLVED_IN_APOPTOTIC_SIGNALING_PATHWAY,0.0117,6,0.5,0,0,1.0,0.0,keep,itself,,True,"BOK,BAK1,SLC35F6,SLC25A5,TMEM14A,ACAA2"
ngs,GSE282081,ATF3_correlation,3D_organoid_none,GO_BP,results/ngs/GSE282081/tables/ATF3_function/3D_organoid_none/GSEA/GO_BP/gsea_result.csv,GOBP_POSITIVE_REGULATION_OF_INTRACELLULAR_PROTEIN_TRANSPORT,GOBP_POSITIVE_REGULATION_OF_INTRACELLULAR_PROTEIN_TRANSPORT,0.0119,40,0.404,38,19,0.0928,1.0,keep,GOBP_POSITIVE_REGULATION_OF_PROTEIN_IMPORT_INTO_NUCLEUS,GOBP_POSITIVE_REGULATION_OF_PROTEIN_IMPORT_INTO_NUCLEUS,False,"CDH1,SEC24D,CDK1,TM9SF4,SEC24C,PRP4K,ZPR1,EFCAB7,ZC3H12A,ZFAND1,XBP1,VAMP2,SORL1,XPO4,MAVS,DMAP1,RBM22,PIK3R1,CTDSPL2,UBR5"
ngs,GSE282081,ATF3_correlation,3D_organoid_none,GO_BP,results/ngs/GSE282081/tables/ATF3_function/3D_organoid_none/GSEA/GO_BP/gsea_result.csv,GOBP_NEGATIVE_REGULATION_OF_PROTEIN_UBIQUITINATION,GOBP_NEGATIVE_REGULATION_OF_PROTEIN_UBIQUITINATION,0.012,27,0.36,0,0,1.0,0.0,keep,itself,,True,"CDK1,BAG2,BAG5,ATG5,PLAA,PER2,CAV1,OGT,USP44,MARCHF7,SENP2,HDAC8,BEX1,PRKCG,TRIM44,GNL3L,MAD2L1,ARRB1,SPOPL,DNAJA1"
ngs,GSE282081,ATF3_correlation,3D_organoid_none,GO_BP,results/ngs/GSE282081/tables/ATF3_function/3D_organoid_none/GSEA/GO_BP/gsea_result.csv,GOBP_HEART_PROCESS,GOBP_HEART_PROCESS,0.0121,48,0.1745,182,30,0.7782,1.0,keep,GOBP_MUSCLE_CONTRACTION,GOBP_MUSCLE_CONTRACTION,False,"YWHAE,TNNC1,THRB,THRA,TH,TGFB2,TBX5,STC1,SREBF1,SRC,SNTA1,SCN8A,SCN4B,SCN2B,SCN1B,RGS4,JPH2,RNLS,PDE4B,NOS1"
ngs,GSE282081,ATF3_correlation,3D_organoid_none,GO_BP,results/ngs/GSE282081/tables/ATF3_function/3D_organoid_none/GSEA/GO_BP/gsea_result.csv,GOBP_MITOCHONDRIAL_RNA_METABOLIC_PROCESS,GOBP_MITOCHONDRIAL_RNA_METABOLIC_PROCESS,0.0121,25,0.3968,16,9,0.1023,1.0,keep,GOBP_MITOCHONDRIAL_RNA_MODIFICATION,GOBP_MITOCHONDRIAL_RNA_MODIFICATION,False,"ANGEL2,PNPT1,GTPBP3,KAT8,PUS1,MTERF2,METTL8,MTERF1,SUPV3L1,METTL4,TFB2M,TRMT5,KANSL3,PRKAA1,TRMT10C,CDK5RAP1,TRNT1,YARS2,GRSF1,KANSL1"
ngs,GSE282081,ATF3_correlation,3D_organoid_none,GO_BP,results/ngs/GSE282081/tables/ATF3_function/3D_organoid_none/GSEA/GO_BP/gsea_result.csv,GOBP_ESTROUS_CYCLE,GOBP_ESTROUS_CYCLE,0.0122,7,0.5833,0,0,1.0,0.0,keep,itself,,True,"SLC26A6,PTN,OPRK1,HAS2,GNRH1,ADNP,EGR1"
ngs,GSE282081,ATF3_correlation,3D_organoid_none,GO_BP,results/ngs/GSE282081/tables/ATF3_function/3D_organoid_none/GSEA/GO_BP/gsea_result.csv,GOBP_POSITIVE_REGULATION_OF_DNA_TEMPLATED_TRANSCRIPTION_ELONGATION,GOBP_POSITIVE_REGULATION_OF_DNA_TEMPLATED_TRANSCRIPTION_ELONGATION,0.0122,38,0.6129,27,16,0.7097,0.001,keep,GOBP_POSITIVE_REGULATION_OF_DNA_TEMPLATED_TRANSCRIPTION_INITIATION,GOBP_POSITIVE_REGULATION_OF_DNA_TEMPLATED_TRANSCRIPTION_INITIATION,True,"MED7,MED26,MED17,CCNT2,CCNT1,LDB1,CCNK,CDK13,MED10,MAP2K1,MED29,MED1,CDK12,MED15,MED31,NCBP1,ELL2,NCBP2,SCAF8,CTNNB1"
ngs,GSE282081,ATF3_correlation,3D_organoid_none,GO_BP,results/ngs/GSE282081/tables/ATF3_function/3D_organoid_none/GSEA/GO_BP/gsea_result.csv,GOBP_RESOLUTION_OF_DNA_RECOMBINATION_INTERMEDIATES,GOBP_RESOLUTION_OF_DNA_RECOMBINATION_INTERMEDIATES,0.0122,6,0.6667,8,6,0.3333,0.0213,keep,GOBP_DNA_REPLICATION,GOBP_DNA_REPLICATION,True,"MUS81,RMI1,XRCC3,BLM,GEN1,EME2"
ngs,GSE282081,ATF3_correlation,3D_organoid_none,GO_BP,results/ngs/GSE282081/tables/ATF3_function/3D_organoid_none/GSEA/GO_BP/gsea_result.csv,GOBP_NEGATIVE_REGULATION_OF_NUCLEAR_DIVISION,GOBP_NEGATIVE_REGULATION_OF_NUCLEAR_DIVISION,0.0125,37,0.5,14,10,0.068,0.0119,keep,GOBP_NEGATIVE_REGULATION_OF_MEIOTIC_CELL_CYCLE,GOBP_NEGATIVE_REGULATION_OF_MEIOTIC_CELL_CYCLE,True,"BUB3,ZW10,PRP4K,USP44,ZNF207,XRCC3,TTK,BUB1B,BMP4,RPS6KA2,RAD1,PSMG2,TEX14,DYNC1LI1,MAD2L1,LIF,GEN1,FBXO43,FBXO5,SKA3"
ngs,GSE282081,ATF3_correlation,3D_organoid_none,GO_BP,results/ngs/GSE282081/tables/ATF3_function/3D_organoid_none/GSEA/GO_BP/gsea_result.csv,GOBP_CEREBELLAR_PURKINJE_CELL_LAYER_FORMATION,GOBP_CEREBELLAR_PURKINJE_CELL_LAYER_FORMATION,0.0125,9,0.5625,0,0,1.0,0.0,keep,itself,,True,"FOXP2,SLC25A46,LDB1,TTC21B,LHX5,RORA,WHRN,TTLL1,AGTPBP1"
ngs,GSE282081,ATF3_correlation,3D_organoid_none,GO_BP,results/ngs/GSE282081/tables/ATF3_function/3D_organoid_none/GSEA/GO_BP/gsea_result.csv,GOBP_GLYCEROPHOSPHOLIPID_BIOSYNTHETIC_PROCESS,GOBP_GLYCEROPHOSPHOLIPID_BIOSYNTHETIC_PROCESS,0.0126,119,0.5833,11,8,0.2518,0.0358,keep,GOBP_PHOSPHATIDYLINOSITOL_MEDIATED_SIGNALING,GOBP_PHOSPHATIDYLINOSITOL_MEDIATED_SIGNALING,True,"NR1H4,FIG4,TPTE2,PIGM,MTMR6,CPNE1,MTMR3,CPNE3,SELENOI,DGKD,DGKE,PGAP4,CAPN2,PTDSS2,ITPKC,PGAP1,MPPE1,SLC30A5,SBF1,PITPNM2"
ngs,GSE282081,ATF3_correlation,3D_organoid_none,GO_BP,results/ngs/GSE282081/tables/ATF3_function/3D_organoid_none/GSEA/GO_BP/gsea_result.csv,GOBP_MITOCHONDRIAL_RESPIRASOME_ASSEMBLY,GOBP_MITOCHONDRIAL_RESPIRASOME_ASSEMBLY,0.0126,8,0.8889,0,0,1.0,0.0,keep,itself,,True,"HIGD2B,COX7A2L,STMP1,RAB5IF,HIGD1B,HIGD1A,HIGD2A,COX7A1"
ngs,GSE282081,ATF3_correlation,3D_organoid_none,GO_BP,results/ngs/GSE282081/tables/ATF3_function/3D_organoid_none/GSEA/GO_BP/gsea_result.csv,GOBP_PYRIMIDINE_DEOXYRIBONUCLEOTIDE_BIOSYNTHETIC_PROCESS,GOBP_PYRIMIDINE_DEOXYRIBONUCLEOTIDE_BIOSYNTHETIC_PROCESS,0.0126,7,0.875,4,4,0.5,0.5556,keep,GOBP_DEOXYRIBONUCLEOSIDE_MONOPHOSPHATE_BIOSYNTHETIC_PROCESS,GOBP_DEOXYRIBONUCLEOSIDE_MONOPHOSPHATE_BIOSYNTHETIC_PROCESS,False,"NME3,DUT,CMPK2,TYMS,SHMT1,DTYMK,DCTD"
ngs,GSE282081,ATF3_correlation,3D_organoid_none,GO_BP,results/ngs/GSE282081/tables/ATF3_function/3D_organoid_none/GSEA/GO_BP/gsea_result.csv,GOBP_PRIMARY_MIRNA_PROCESSING,GOBP_PRIMARY_MIRNA_PROCESSING,0.0128,9,0.4737,0,0,1.0,0.0,keep,itself,,True,"BMP4,METTL14,METTL3,DGCR8,SRRT,NCBP1,DROSHA,NCBP2,DDX5"
ngs,GSE282081,ATF3_correlation,3D_organoid_none,GO_BP,results/ngs/GSE282081/tables/ATF3_function/3D_organoid_none/GSEA/GO_BP/gsea_result.csv,GOBP_REGULATION_OF_GROWTH_RATE,GOBP_REGULATION_OF_GROWTH_RATE,0.0128,5,0.8333,0,0,1.0,0.0,keep,itself,,True,"ARMC10,WRN,TMPRSS4,RFTN1,BNIPL"
ngs,GSE282081,ATF3_correlation,3D_organoid_none,GO_BP,results/ngs/GSE282081/tables/ATF3_function/3D_organoid_none/GSEA/GO_BP/gsea_result.csv,GOBP_REGULATION_OF_ADENYLATE_CYCLASE_ACTIVATING_G_PROTEIN_COUPLED_RECEPTOR_SIGNALING_PATHWAY,GOBP_REGULATION_OF_ADENYLATE_CYCLASE_ACTIVATING_G_PROTEIN_COUPLED_RECEPTOR_SIGNALING_PATHWAY,0.013,8,0.3478,0,0,1.0,0.0,keep,itself,,True,"PDE4B,PDE3A,NOS1,ASIP,APLP1,GNAI2,PDE10A,RACK1"
ngs,GSE282081,ATF3_correlation,3D_organoid_none,GO_BP,results/ngs/GSE282081/tables/ATF3_function/3D_organoid_none/GSEA/GO_BP/gsea_result.csv,GOBP_POSITIVE_REGULATION_OF_NUCLEOCYTOPLASMIC_TRANSPORT,GOBP_POSITIVE_REGULATION_OF_NUCLEOCYTOPLASMIC_TRANSPORT,0.0133,25,0.4167,38,17,0.3602,1.0,keep,GOBP_POSITIVE_REGULATION_OF_PROTEIN_IMPORT_INTO_NUCLEUS,GOBP_POSITIVE_REGULATION_OF_PROTEIN_IMPORT_INTO_NUCLEUS,False,"CDH1,CDK1,PRP4K,ZPR1,EFCAB7,ZC3H12A,XBP1,XPO4,MAVS,DMAP1,RIOK2,RBM22,PIK3R1,CTDSPL2,UBR5,JAK2,IL1B,HSP90AA1,GLI3,TARDBP"
ngs,GSE282081,ATF3_correlation,3D_organoid_none,GO_BP,results/ngs/GSE282081/tables/ATF3_function/3D_organoid_none/GSEA/GO_BP/gsea_result.csv,GOBP_REACTIVE_OXYGEN_SPECIES_METABOLIC_PROCESS,GOBP_REACTIVE_OXYGEN_SPECIES_METABOLIC_PROCESS,0.0133,42,0.1728,24,9,0.0105,1.0,exclude,GOBP_HYDROGEN_PEROXIDE_CATABOLIC_PROCESS,GOBP_HYDROGEN_PEROXIDE_CATABOLIC_PROCESS,False,"VDAC1,VAV1,UCP2,TXN,PRDX2,SLC18A2,BLVRA,BCL2,RAC2,ADGRB1,INAVA,PARL,PRCP,ACP5,PDGFRB,PDGFB,PRDX1,NAGLU,MAPT,MAOB"
ngs,GSE282081,ATF3_correlation,3D_organoid_none,GO_BP,results/ngs/GSE282081/tables/ATF3_function/3D_organoid_none/GSEA/GO_BP/gsea_result.csv,GOBP_TRNA_MODIFICATION,GOBP_TRNA_MODIFICATION,0.0134,33,0.3438,13,7,0.1028,0.85,keep,GOBP_MITOCHONDRIAL_RNA_MODIFICATION,GOBP_MITOCHONDRIAL_RNA_MODIFICATION,False,"CTU1,ELP1,GTPBP3,TRMT1L,THUMPD2,PUS1,METTL8,QTRT2,TARBP1,NSUN3,THADA,TRMT5,DTWD1,DUS3L,TRMU,THUMPD1,ELP2,TRMT10C,NSUN2,SLC35F2"
ngs,GSE282081,ATF3_correlation,3D_organoid_none,GO_BP,results/ngs/GSE282081/tables/ATF3_function/3D_organoid_none/GSEA/GO_BP/gsea_result.csv,GOBP_REGULATION_OF_CYTOPLASMIC_TRANSLATION,GOBP_REGULATION_OF_CYTOPLASMIC_TRANSLATION,0.0135,20,0.5,9,5,0.5,1.0,keep,GOBP_NEGATIVE_REGULATION_OF_NUCLEAR_TRANSCRIBED_MRNA_CATABOLIC_PROCESS_DEADENYLATION_DEPENDENT_DECAY,GOBP_NEGATIVE_REGULATION_OF_NUCLEAR_TRANSCRIBED_MRNA_CATABOLIC_PROCESS_DEADENYLATION_DEPENDENT_DECAY,False,"YBX3,CPEB4,CSDE1,CNBP,METTL3,IMPACT,PIWIL2,PKM,YTHDF2,HHEX,MTOR,FMR1,CPEB3,EPRS1,DHX36,DHX9,CPEB2,IGF2BP1,PAIP1,SYNCRIP"
ngs,GSE282081,ATF3_correlation,3D_organoid_none,GO_BP,results/ngs/GSE282081/tables/ATF3_function/3D_organoid_none/GSEA/GO_BP/gsea_result.csv,GOBP_TRNA_METABOLIC_PROCESS,GOBP_TRNA_METABOLIC_PROCESS,0.0135,68,0.3238,14,8,0.0432,0.7,exclude,GOBP_MITOCHONDRIAL_RNA_MODIFICATION,GOBP_MITOCHONDRIAL_RNA_MODIFICATION,False,"GTF3C4,MARS2,ANGEL2,CTU1,YARS1,ELP1,GTPBP3,ZCCHC7,CARS1,TRMT1L,AARSD1,THUMPD2,PUS1,PYROXD1,METTL8,QTRT2,VARS1,TARS1,TARBP1,NSUN3"
ngs,GSE282081,ATF3_correlation,3D_organoid_none,GO_BP,results/ngs/GSE282081/tables/ATF3_function/3D_organoid_none/GSEA/GO_BP/gsea_result.csv,GOBP_NEGATIVE_REGULATION_OF_DNA_REPAIR,GOBP_NEGATIVE_REGULATION_OF_DNA_REPAIR,0.0136,19,0.4634,26,14,0.173,1.0,keep,GOBP_NEGATIVE_REGULATION_OF_DOUBLE_STRAND_BREAK_REPAIR_VIA_HOMOLOGOUS_RECOMBINATION,GOBP_NEGATIVE_REGULATION_OF_DOUBLE_STRAND_BREAK_REPAIR_VIA_HOMOLOGOUS_RECOMBINATION,False,"RECQL5,HMGA2,KLHL15,AUNIP,TWIST1,UBQLN4,RIF1,RADX,PARPBP,SHLD2,MRE11,KMT5A,SENP3,RNF169,ABL1,FANCB,POLQ,KAT5,MAD2L2"
ngs,GSE282081,ATF3_correlation,3D_organoid_none,GO_BP,results/ngs/GSE282081/tables/ATF3_function/3D_organoid_none/GSEA/GO_BP/gsea_result.csv,GOBP_APOPTOTIC_PROCESS_INVOLVED_IN_BLOOD_VESSEL_MORPHOGENESIS,GOBP_APOPTOTIC_PROCESS_INVOLVED_IN_BLOOD_VESSEL_MORPHOGENESIS,0.0138,5,1.0,0,0,1.0,0.0,keep,itself,,True,"SPI1,LEF1,LRP5,BAX,BAK1"
ngs,GSE282081,ATF3_correlation,3D_organoid_none,GO_BP,results/ngs/GSE282081/tables/ATF3_function/3D_organoid_none/GSEA/GO_BP/gsea_result.csv,GOBP_POSITIVE_REGULATION_OF_CYTOPLASMIC_TRANSLATION,GOBP_POSITIVE_REGULATION_OF_CYTOPLASMIC_TRANSLATION,0.0138,10,0.5882,10,6,0.6461,0.7398,keep,GOBP_REGULATION_OF_NUCLEAR_TRANSCRIBED_MRNA_CATABOLIC_PROCESS_DEADENYLATION_DEPENDENT_DECAY,GOBP_REGULATION_OF_NUCLEAR_TRANSCRIBED_MRNA_CATABOLIC_PROCESS_DEADENYLATION_DEPENDENT_DECAY,False,"YBX3,CSDE1,CNBP,PIWIL2,PKM,DHX36,DHX9,IGF2BP1,PAIP1,SYNCRIP"
ngs,GSE282081,ATF3_correlation,3D_organoid_none,GO_BP,results/ngs/GSE282081/tables/ATF3_function/3D_organoid_none/GSEA/GO_BP/gsea_result.csv,GOBP_NUCLEAR_TRANSCRIBED_MRNA_CATABOLIC_PROCESS_NONSENSE_MEDIATED_DECAY,GOBP_NUCLEAR_TRANSCRIBED_MRNA_CATABOLIC_PROCESS_NONSENSE_MEDIATED_DECAY,0.0139,18,0.4,0,0,1.0,0.0,keep,itself,,True,"DHX34,SKIC8,ZC3H12A,SECISBP2,UPF3A,UPF3B,UPF1,SMG9,DCP1A,PNRC2,MAGOHB,NCBP1,APOBEC1,A1CF,UPF2,NCBP2,CASC3,ETF1"
ngs,GSE282081,ATF3_correlation,3D_organoid_none,GO_BP,results/ngs/GSE282081/tables/ATF3_function/3D_organoid_none/GSEA/GO_BP/gsea_result.csv,GOBP_CELLULAR_RESPONSE_TO_NUTRIENT_LEVELS,GOBP_CELLULAR_RESPONSE_TO_NUTRIENT_LEVELS,0.014,86,0.3333,50,27,0.00065,1.0,exclude,GOBP_CELLULAR_RESPONSE_TO_GLUCOSE_STARVATION,GOBP_CELLULAR_RESPONSE_TO_GLUCOSE_STARVATION,False,"FNIP1,ATG5,EIF2AK3,MTMR3,TRIM24,TNFRSF11A,HRK,CAV1,OGT,ULK1,SESN2,SEH1L,MAP1LC3B,CPEB4,ZC3H12A,WDR59,YWHAG,XBP1,WRN,USF1"
ngs,GSE282081,ATF3_correlation,3D_organoid_none,GO_BP,results/ngs/GSE282081/tables/ATF3_function/3D_organoid_none/GSEA/GO_BP/gsea_result.csv,GOBP_ORGANOPHOSPHATE_ESTER_TRANSPORT,GOBP_ORGANOPHOSPHATE_ESTER_TRANSPORT,0.0143,65,0.3533,0,0,1.0,0.0,keep,itself,,True,"OSBPL2,C2CD2L,ABCG1,CD47,SCARB1,SLC25A51,PLEKHA8,SLC37A3,LRRC8C,SPNS1,VMP1,CLPTM1L,SLC25A32,LRRC8E,VDAC2,SYT1,SLC17A9,PCTP,PITPNM2,ATP10D"
ngs,GSE282081,ATF3_correlation,3D_organoid_none,GO_BP,results/ngs/GSE282081/tables/ATF3_function/3D_organoid_none/GSEA/GO_BP/gsea_result.csv,GOBP_ARACHIDONATE_SECRETION,GOBP_ARACHIDONATE_SECRETION,0.0144,17,0.5862,0,0,1.0,0.0,keep,itself,,True,"BDKRB2,NMUR2,PLA2G2A,PNPLA8,NMB,DRD2,ACE,PROCA1,PLA2G5,PLA2G2D,PLA2G12B,PLA2G10,AVPR1B,PLA2G2C,PLA2G2E,PLA2G4F,DRD4"
ngs,GSE282081,ATF3_correlation,3D_organoid_none,GO_BP,results/ngs/GSE282081/tables/ATF3_function/3D_organoid_none/GSEA/GO_BP/gsea_result.csv,GOBP_SOMATIC_DIVERSIFICATION_OF_IMMUNE_RECEPTORS_VIA_SOMATIC_MUTATION,GOBP_SOMATIC_DIVERSIFICATION_OF_IMMUNE_RECEPTORS_VIA_SOMATIC_MUTATION,0.0145,9,0.5625,8,5,0.5,0.0951,keep,GOBP_DNA_REPLICATION,GOBP_DNA_REPLICATION,False,"EXO1,MCM3AP,UNG,POLB,REV1,MSH6,POLL,POLQ,ADAR"
ngs,GSE282081,ATF3_correlation,3D_organoid_none,GO_BP,results/ngs/GSE282081/tables/ATF3_function/3D_organoid_none/GSEA/GO_BP/gsea_result.csv,GOBP_NEGATIVE_REGULATION_OF_MRNA_CATABOLIC_PROCESS,GOBP_NEGATIVE_REGULATION_OF_MRNA_CATABOLIC_PROCESS,0.0145,35,0.3846,13,9,0.0165,0.3751,exclude,GOBP_REGULATION_OF_NUCLEAR_TRANSCRIBED_MRNA_CATABOLIC_PROCESS_DEADENYLATION_DEPENDENT_DECAY,GOBP_REGULATION_OF_NUCLEAR_TRANSCRIBED_MRNA_CATABOLIC_PROCESS_DEADENYLATION_DEPENDENT_DECAY,False,"BCLAF1,DHX34,QKI,MAPKAPK2,ANGEL2,YBX3,ZC3H14,METTL16,SECISBP2,CSDE1,ZFP36,TRAF2,UPF3A,TENT4B,METTL14,LARP1B,PNN,APOBEC1,ZAR1,A1CF"
ngs,GSE282081,ATF3_correlation,3D_organoid_none,GO_BP,results/ngs/GSE282081/tables/ATF3_function/3D_organoid_none/GSEA/GO_BP/gsea_result.csv,GOBP_KERATINOCYTE_PROLIFERATION,GOBP_KERATINOCYTE_PROLIFERATION,0.0145,23,0.3898,0,0,1.0,0.0,keep,itself,,True,"CASK,EPPK1,ZFP36,KLF9,ZFP36L1,SNAI2,SRSF6,OVOL2,PTPRK,PTCH1,FERMT1,IL17RB,MED1,AREG,IRF6,HAS2,IL17RA,EREG,SDR16C5,EFNB2"
ngs,GSE282081,ATF3_correlation,3D_organoid_none,GO_BP,results/ngs/GSE282081/tables/ATF3_function/3D_organoid_none/GSEA/GO_BP/gsea_result.csv,GOBP_POSITIVE_REGULATION_OF_PROTEIN_LOCALIZATION,GOBP_POSITIVE_REGULATION_OF_PROTEIN_LOCALIZATION,0.0145,141,0.3169,104,41,0.0358,0.6151,exclude,GOBP_REGULATION_OF_INTRACELLULAR_PROTEIN_TRANSPORT,GOBP_REGULATION_OF_INTRACELLULAR_PROTEIN_TRANSPORT,False,"CDH1,NR1H4,SEC24D,C2CD2L,CDK1,TM9SF4,CLSTN3,SEC24C,ABCG1,ROCK2,EIF2AK3,CD33,LARGE1,CCT6A,BAIAP3,PRP4K,ZPR1,ADAM9,IRS2,NKD2"
ngs,GSE282081,ATF3_correlation,3D_organoid_none,GO_BP,results/ngs/GSE282081/tables/ATF3_function/3D_organoid_none/GSEA/GO_BP/gsea_result.csv,GOBP_REGULATION_OF_MESENCHYMAL_TO_EPITHELIAL_TRANSITION_INVOLVED_IN_METANEPHROS_MORPHOGENESIS,GOBP_REGULATION_OF_MESENCHYMAL_TO_EPITHELIAL_TRANSITION_INVOLVED_IN_METANEPHROS_MORPHOGENESIS,0.0146,7,1.0,0,0,1.0,0.0,keep,itself,,True,"STAT1,PAX2,LIF,GDNF,CTNNB1,PAX8,WNT9B"
ngs,GSE282081,ATF3_correlation,3D_organoid_none,GO_BP,results/ngs/GSE282081/tables/ATF3_function/3D_organoid_none/GSEA/GO_BP/gsea_result.csv,GOBP_RESPONSE_TO_LAMINAR_FLUID_SHEAR_STRESS,GOBP_RESPONSE_TO_LAMINAR_FLUID_SHEAR_STRESS,0.0146,18,0.5143,0,0,1.0,0.0,keep,itself,,True,"KLF4,CAPN2,XBP1,MAP2K5,PKN2,PRKAR2A,PRKACB,PDPK1,NFE2L2,ASS1,SMAD7,SMAD6,MTOR,ADCY4,ADCY6,ADCY3,KLF2,ADCY8"
ngs,GSE282081,ATF3_correlation,3D_organoid_none,GO_BP,results/ngs/GSE282081/tables/ATF3_function/3D_organoid_none/GSEA/GO_BP/gsea_result.csv,GOBP_GRANULOCYTE_COLONY_STIMULATING_FACTOR_SIGNALING_PATHWAY,GOBP_GRANULOCYTE_COLONY_STIMULATING_FACTOR_SIGNALING_PATHWAY,0.0148,4,0.8,0,0,1.0,0.0,keep,itself,,True,"JAGN1,CEACAM1,HCLS1,CSF3"
ngs,GSE282081,ATF3_correlation,3D_organoid_none,GO_BP,results/ngs/GSE282081/tables/ATF3_function/3D_organoid_none/GSEA/GO_BP/gsea_result.csv,GOBP_REGULATION_OF_SYNAPTIC_VESICLE_ENDOCYTOSIS,GOBP_REGULATION_OF_SYNAPTIC_VESICLE_ENDOCYTOSIS,0.0149,15,0.6818,0,0,1.0,0.0,keep,itself,,True,"ACTG1,ACTB,RAC1,PPP3CC,PRKN,MYLK,TOR1A,ABCA13,BTBD9,CALM3,SLC17A7,NLGN1,AP2M1,PARK7,ARPC3"
ngs,GSE282081,ATF3_correlation,3D_organoid_none,GO_BP,results/ngs/GSE282081/tables/ATF3_function/3D_organoid_none/GSEA/GO_BP/gsea_result.csv,GOBP_REGULATION_OF_CYCLIN_DEPENDENT_PROTEIN_SERINE_THREONINE_KINASE_ACTIVITY,GOBP_REGULATION_OF_CYCLIN_DEPENDENT_PROTEIN_SERINE_THREONINE_KINASE_ACTIVITY,0.0151,12,0.3636,0,0,1.0,0.0,keep,itself,,True,"CDC25C,CDC25A,CCNE2,LATS1,CCNT2,CCNT1,CCNK,CDK5RAP3,TFAP4,BLM,CDK5RAP1,HERC5"
ngs,GSE282081,ATF3_correlation,3D_organoid_none,GO_BP,results/ngs/GSE282081/tables/ATF3_function/3D_organoid_none/GSEA/GO_BP/gsea_result.csv,GOBP_NEGATIVE_REGULATION_OF_WOUND_HEALING_SPREADING_OF_EPIDERMAL_CELLS,GOBP_NEGATIVE_REGULATION_OF_WOUND_HEALING_SPREADING_OF_EPIDERMAL_CELLS,0.0152,4,0.8,0,0,1.0,0.0,keep,itself,,True,"PHLDB2,PTEN,FIGNL2,CLASP2"
ngs,GSE282081,ATF3_correlation,3D_organoid_none,GO_BP,results/ngs/GSE282081/tables/ATF3_function/3D_organoid_none/GSEA/GO_BP/gsea_result.csv,GOBP_NEGATIVE_REGULATION_OF_BROWN_FAT_CELL_DIFFERENTIATION,GOBP_NEGATIVE_REGULATION_OF_BROWN_FAT_CELL_DIFFERENTIATION,0.0152,4,0.6667,0,0,1.0,0.0,keep,itself,,True,"FLCN,TRPV4,PIN1,EP300"
ngs,GSE282081,ATF3_correlation,3D_organoid_none,GO_BP,results/ngs/GSE282081/tables/ATF3_function/3D_organoid_none/GSEA/GO_BP/gsea_result.csv,GOBP_PROTEIN_K48_LINKED_UBIQUITINATION,GOBP_PROTEIN_K48_LINKED_UBIQUITINATION,0.0152,40,0.3846,0,0,1.0,0.0,keep,itself,,True,"UBE2Q2,KBTBD6,ZNRF1,RNF170,RNF34,TRIM25,UBE3A,UBE2H,UBE2G2,UBE2D3,UBE2D1,UBE2B,UBE2A,SKP1,ANAPC1,RNF6,RNF4,PELI1,KCMF1,UBE2R2"
ngs,GSE282081,ATF3_correlation,3D_organoid_none,GO_BP,results/ngs/GSE282081/tables/ATF3_function/3D_organoid_none/GSEA/GO_BP/gsea_result.csv,GOBP_ER_OVERLOAD_RESPONSE,GOBP_ER_OVERLOAD_RESPONSE,0.0153,6,0.5455,0,0,1.0,0.0,keep,itself,,True,"EIF2AK3,PPP1R15B,ATG10,WFS1,TP53,CCDC47"
ngs,GSE282081,ATF3_correlation,3D_organoid_none,GO_BP,results/ngs/GSE282081/tables/ATF3_function/3D_organoid_none/GSEA/GO_BP/gsea_result.csv,GOBP_POSITIVE_REGULATION_OF_DENDRITIC_CELL_DIFFERENTIATION,GOBP_POSITIVE_REGULATION_OF_DENDRITIC_CELL_DIFFERENTIATION,0.0153,5,0.8333,3,3,0.5,0.006,keep,GOBP_CELL_CHEMOTAXIS,GOBP_CELL_CHEMOTAXIS,True,"HMGB1,ZBTB46,LGALS9,LGALS3,LGALS1"
ngs,GSE282081,ATF3_correlation,3D_organoid_none,GO_BP,results/ngs/GSE282081/tables/ATF3_function/3D_organoid_none/GSEA/GO_BP/gsea_result.csv,GOBP_RESPONSE_TO_PEPTIDE_HORMONE,GOBP_RESPONSE_TO_PEPTIDE_HORMONE,0.0156,134,0.2833,29,13,0.0378,0.0942,exclude,GOBP_INSULIN_LIKE_GROWTH_FACTOR_RECEPTOR_SIGNALING_PATHWAY,GOBP_INSULIN_LIKE_GROWTH_FACTOR_RECEPTOR_SIGNALING_PATHWAY,False,"NR1H4,TBC1D4,C2CD5,HDAC9,GDF15,ROCK2,CD101,KLF4,SOCS3,UMODL1,EIF2B4,TRIM24,TNFRSF11A,PNPT1,IRS2,STC2,CAV1,OGT,CAT,KLF11"
ngs,GSE282081,ATF3_correlation,3D_organoid_none,GO_BP,results/ngs/GSE282081/tables/ATF3_function/3D_organoid_none/GSEA/GO_BP/gsea_result.csv,GOBP_INTEGRATED_STRESS_RESPONSE_SIGNALING,GOBP_INTEGRATED_STRESS_RESPONSE_SIGNALING,0.0157,26,0.4815,0,0,1.0,0.0,keep,itself,,True,"DELE1,NFE2L3,EIF2AK3,PPP1R15B,FOSL1,RPAP2,CREBZF,PTPN2,KCMF1,IMPACT,TMEM33,QRICH1,HERC5,NFE2L2,NFE2L1,ATF4,JUNB,ARIH1,FOS,EIF2S1"
ngs,GSE282081,ATF3_correlation,3D_organoid_none,GO_BP,results/ngs/GSE282081/tables/ATF3_function/3D_organoid_none/GSEA/GO_BP/gsea_result.csv,GOBP_PERICARDIUM_MORPHOGENESIS,GOBP_PERICARDIUM_MORPHOGENESIS,0.0158,6,0.75,0,0,1.0,0.0,keep,itself,,True,"WNT5A,SOS1,BMP5,TBX20,DLL4,FLRT3"
ngs,GSE282081,ATF3_correlation,3D_organoid_none,GO_BP,results/ngs/GSE282081/tables/ATF3_function/3D_organoid_none/GSEA/GO_BP/gsea_result.csv,GOBP_REGULATION_OF_SYSTEMIC_ARTERIAL_BLOOD_PRESSURE_MEDIATED_BY_A_CHEMICAL_SIGNAL,GOBP_REGULATION_OF_SYSTEMIC_ARTERIAL_BLOOD_PRESSURE_MEDIATED_BY_A_CHEMICAL_SIGNAL,0.0159,21,0.3818,0,0,1.0,0.0,keep,itself,,True,"F2R,EDN1,ECE1,ACE,ADRB3,CYBA,ADRB1,MRGPRD,OR51E2,TACR1,SLC2A5,REN,PRCP,AVPR1B,PCSK5,ANPEP,NOX1,EDN3,CTSZ,ADRA1A"
ngs,GSE282081,ATF3_correlation,3D_organoid_none,GO_BP,results/ngs/GSE282081/tables/ATF3_function/3D_organoid_none/GSEA/GO_BP/gsea_result.csv,GOBP_REGULATION_OF_RESPONSE_TO_CYTOKINE_STIMULUS,GOBP_REGULATION_OF_RESPONSE_TO_CYTOKINE_STIMULUS,0.016,68,0.3148,79,29,0.135,1.0,keep,GOBP_REGULATION_OF_TUMOR_NECROSIS_FACTOR_MEDIATED_SIGNALING_PATHWAY,GOBP_REGULATION_OF_TUMOR_NECROSIS_FACTOR_MEDIATED_SIGNALING_PATHWAY,False,"NR1H4,SPATA2,KLF4,MAPKAPK2,TRIM41,DNAJA3,OTULIN,NOL3,CPNE1,TAX1BP1,RIPK2,CAV1,CASP8,ULK1,ZBP1,RNF113A,WNT5A,TXK,TRAF2,TLR2"
ngs,GSE282081,ATF3_correlation,3D_organoid_none,GO_BP,results/ngs/GSE282081/tables/ATF3_function/3D_organoid_none/GSEA/GO_BP/gsea_result.csv,GOBP_URATE_TRANSPORT,GOBP_URATE_TRANSPORT,0.0161,6,0.5455,0,0,1.0,0.0,keep,itself,,True,"SLC22A13,SLC2A9,SLC17A1,SLC22A12,SLC23A1,ABCG2"
ngs,GSE282081,ATF3_correlation,3D_organoid_none,GO_BP,results/ngs/GSE282081/tables/ATF3_function/3D_organoid_none/GSEA/GO_BP/gsea_result.csv,GOBP_HYPOTHALAMUS_GONADOTROPHIN_RELEASING_HORMONE_NEURON_DIFFERENTIATION,GOBP_HYPOTHALAMUS_GONADOTROPHIN_RELEASING_HORMONE_NEURON_DIFFERENTIATION,0.0161,5,0.625,6,5,0.1071,1.0,keep,GOBP_GONADOTROPHIN_RELEASING_HORMONE_NEURONAL_MIGRATION_TO_THE_HYPOTHALAMUS,GOBP_GONADOTROPHIN_RELEASING_HORMONE_NEURONAL_MIGRATION_TO_THE_HYPOTHALAMUS,False,"SEMA3E,NRP1,NRP2,NDNF,PLXNA3"
ngs,GSE282081,ATF3_correlation,3D_organoid_none,GO_BP,results/ngs/GSE282081/tables/ATF3_function/3D_organoid_none/GSEA/GO_BP/gsea_result.csv,GOBP_MAINTENANCE_OF_CELL_POLARITY,GOBP_MAINTENANCE_OF_CELL_POLARITY,0.0162,11,0.7857,0,0,1.0,0.0,keep,itself,,True,"WNT11,DST,SLC9A1,NCKAP1L,GSK3B,CRB2,ATN1,LHX2,DLG5,PDLIM1,ANK1"
ngs,GSE282081,ATF3_correlation,3D_organoid_none,GO_BP,results/ngs/GSE282081/tables/ATF3_function/3D_organoid_none/GSEA/GO_BP/gsea_result.csv,GOBP_NEURONAL_DENSE_CORE_VESICLE_EXOCYTOSIS,GOBP_NEURONAL_DENSE_CORE_VESICLE_EXOCYTOSIS,0.0163,6,0.75,0,0,1.0,0.0,keep,itself,,True,"STXBP3,STXBP1,UNC13A,UNC13B,SNAP25,RAB3A"
ngs,GSE282081,ATF3_correlation,3D_organoid_none,GO_BP,results/ngs/GSE282081/tables/ATF3_function/3D_organoid_none/GSEA/GO_BP/gsea_result.csv,GOBP_HYPOTHALAMUS_CELL_DIFFERENTIATION,GOBP_HYPOTHALAMUS_CELL_DIFFERENTIATION,0.0166,6,0.4615,6,5,0.0251,1.0,exclude,GOBP_GONADOTROPHIN_RELEASING_HORMONE_NEURONAL_MIGRATION_TO_THE_HYPOTHALAMUS,GOBP_GONADOTROPHIN_RELEASING_HORMONE_NEURONAL_MIGRATION_TO_THE_HYPOTHALAMUS,False,"SEMA3E,NRP1,NRP2,NDNF,PROP1,PLXNA3"
ngs,GSE282081,ATF3_correlation,3D_organoid_none,GO_BP,results/ngs/GSE282081/tables/ATF3_function/3D_organoid_none/GSEA/GO_BP/gsea_result.csv,GOBP_INTRACELLULAR_MRNA_LOCALIZATION,GOBP_INTRACELLULAR_MRNA_LOCALIZATION,0.0167,11,0.5238,0,0,1.0,0.0,keep,itself,,True,"CRYZL1,QKI,TBCK,ZFP36,STAU1,ZFP36L1,BICD1,CAPRIN1,A1CF,CASC3,DHX36"
ngs,GSE282081,ATF3_correlation,3D_organoid_none,GO_BP,results/ngs/GSE282081/tables/ATF3_function/3D_organoid_none/GSEA/GO_BP/gsea_result.csv,GOBP_MYELOID_LEUKOCYTE_MIGRATION,GOBP_MYELOID_LEUKOCYTE_MIGRATION,0.0169,38,0.1638,190,33,0.2697,0.7666,keep,GOBP_CELL_CHEMOTAXIS,GOBP_CELL_CHEMOTAXIS,False,"IL17RC,TRIM55,JAGN1,CD99L2,PDGFD,ARHGEF5,SCG2,VAV1,C3AR1,C1QBP,TGFB2,BSG,SRP54,CX3CL1,CXCL6,CCL2,RPS19,TRPV4,RAC3,RAC2"
ngs,GSE282081,ATF3_correlation,3D_organoid_none,GO_BP,results/ngs/GSE282081/tables/ATF3_function/3D_organoid_none/GSEA/GO_BP/gsea_result.csv,GOBP_HOMEOSTASIS_OF_NUMBER_OF_CELLS,GOBP_HOMEOSTASIS_OF_NUMBER_OF_CELLS,0.0169,79,0.2041,63,19,0.0302,0.0,keep,GOBP_T_CELL_HOMEOSTASIS,GOBP_T_CELL_HOMEOSTASIS,True,"SPTA1,RHAG,PTH,ST6GALNAC1,ARMCX1,HBA1,ARMCX5-GPRASP2,MAFB,CD74,CCNB2,TNFSF13,GLIS2,PLA2G10,ARHGEF5,THRA,TGFB2,PRDX2,BLVRA,CXCL6,SCNN1B"
ngs,GSE282081,ATF3_correlation,3D_organoid_none,GO_BP,results/ngs/GSE282081/tables/ATF3_function/3D_organoid_none/GSEA/GO_BP/gsea_result.csv,GOBP_TYPE_II_INTERFERON_MEDIATED_SIGNALING_PATHWAY,GOBP_TYPE_II_INTERFERON_MEDIATED_SIGNALING_PATHWAY,0.0171,11,0.3929,0,0,1.0,0.0,keep,itself,,True,"DNAJA3,TYK2,TXK,TP53,STAT1,PTPN2,MED1,JAK2,IFNGR1,IRGM,HCK"
ngs,GSE282081,ATF3_correlation,3D_organoid_none,GO_BP,results/ngs/GSE282081/tables/ATF3_function/3D_organoid_none/GSEA/GO_BP/gsea_result.csv,GOBP_PROTEIN_AUTOUBIQUITINATION,GOBP_PROTEIN_AUTOUBIQUITINATION,0.0171,30,0.4,0,0,1.0,0.0,keep,itself,,True,"UBE3D,TRIM52,TRIM11,OBI1,UBE3A,UBE2D3,UBE2B,TRAF6,TRAF2,BRCA1,MARCHF7,RNF4,SH3RF1,RAD18,TRIM68,MARCHF5,RNF141,CNOT4,NFX1,AMFR"
ngs,GSE282081,ATF3_correlation,3D_organoid_none,GO_BP,results/ngs/GSE282081/tables/ATF3_function/3D_organoid_none/GSEA/GO_BP/gsea_result.csv,GOBP_CELLULAR_RESPONSE_TO_UNFOLDED_PROTEIN,GOBP_CELLULAR_RESPONSE_TO_UNFOLDED_PROTEIN,0.0172,40,0.367,6,4,0.1302,0.3918,keep,GOBP_ER_OVERLOAD_RESPONSE,GOBP_ER_OVERLOAD_RESPONSE,False,"HERPUD1,EIF2AK3,VAPB,STC2,PPP1R15B,RHBDD1,CDK5RAP3,EDEM3,ERMP1,RPAP2,DERL1,XBP1,WFS1,TMBIM6,HERPUD2,CREBZF,PTPN2,PARP6,EIF2AK2,YOD1"
ngs,GSE282081,ATF3_correlation,3D_organoid_none,GO_BP,results/ngs/GSE282081/tables/ATF3_function/3D_organoid_none/GSEA/GO_BP/gsea_result.csv,GOBP_RESPONSE_TO_AMINO_ACID_STARVATION,GOBP_RESPONSE_TO_AMINO_ACID_STARVATION,0.0175,22,0.4,31,12,0.6916,0.5412,keep,GOBP_TORC1_SIGNALING,GOBP_TORC1_SIGNALING,False,"EIF2AK3,SESN2,SEH1L,WDR59,EIF2AK2,MAPK8,ITFG2,PRKCH,IMPACT,SLC38A2,LARS1,SAR1B,ATF4,ATF3,FAS,SESN1,MTOR,LARP1,SZT2,RNF152"
ngs,GSE282081,ATF3_correlation,3D_organoid_none,GO_BP,results/ngs/GSE282081/tables/ATF3_function/3D_organoid_none/GSEA/GO_BP/gsea_result.csv,GOBP_CELLULAR_RESPONSE_TO_TOPOLOGICALLY_INCORRECT_PROTEIN,GOBP_CELLULAR_RESPONSE_TO_TOPOLOGICALLY_INCORRECT_PROTEIN,0.0176,45,0.3629,6,4,0.1262,0.3918,keep,GOBP_ER_OVERLOAD_RESPONSE,GOBP_ER_OVERLOAD_RESPONSE,False,"HERPUD1,EIF2AK3,VAPB,STC2,CAV1,PPP1R15B,RHBDD1,KLHL15,CDK5RAP3,EDEM3,DNAJB14,ERMP1,RPAP2,DERL1,XBP1,WFS1,TMBIM6,HERPUD2,CREBZF,PTPN2"
ngs,GSE282081,ATF3_correlation,3D_organoid_none,GO_BP,results/ngs/GSE282081/tables/ATF3_function/3D_organoid_none/GSEA/GO_BP/gsea_result.csv,GOBP_ALANINE_TRANSPORT,GOBP_ALANINE_TRANSPORT,0.0179,7,0.3889,0,0,1.0,0.0,keep,itself,,True,"SFXN1,SLC38A5,SLC38A1,SLC6A6,SLC1A4,SLC38A4,SLC38A2"
ngs,GSE282081,ATF3_correlation,3D_organoid_none,GO_BP,results/ngs/GSE282081/tables/ATF3_function/3D_organoid_none/GSEA/GO_BP/gsea_result.csv,GOBP_NEGATIVE_REGULATION_OF_SUBSTRATE_ADHESION_DEPENDENT_CELL_SPREADING,GOBP_NEGATIVE_REGULATION_OF_SUBSTRATE_ADHESION_DEPENDENT_CELL_SPREADING,0.018,9,0.6923,0,0,1.0,0.0,keep,itself,,True,"RCC2,MELTF,GBP1,CORO1C,FBLN1,DMTN,SPRY4,ACTN4,EFNA5"
ngs,GSE282081,ATF3_correlation,3D_organoid_none,GO_BP,results/ngs/GSE282081/tables/ATF3_function/3D_organoid_none/GSEA/GO_BP/gsea_result.csv,GOBP_POSITIVE_REGULATION_OF_SIGNAL_TRANSDUCTION_BY_P53_CLASS_MEDIATOR,GOBP_POSITIVE_REGULATION_OF_SIGNAL_TRANSDUCTION_BY_P53_CLASS_MEDIATOR,0.018,22,0.6111,0,0,1.0,0.0,keep,itself,,True,"UBB,SMARCA4,RPS7,RPL26,RPL11,ATR,PML,MSX1,HIC1,ANKRD1,SPRED2,DVL2,CDKN2A,RPL23,RPS20,RPS15,RPL37,ATM,ZNF385A,EIF5A"
ngs,GSE282081,ATF3_correlation,3D_organoid_none,GO_BP,results/ngs/GSE282081/tables/ATF3_function/3D_organoid_none/GSEA/GO_BP/gsea_result.csv,GOBP_N_ACYLETHANOLAMINE_METABOLIC_PROCESS,GOBP_N_ACYLETHANOLAMINE_METABOLIC_PROCESS,0.018,4,0.8,0,0,1.0,0.0,keep,itself,,True,"GDPD3,GDPD1,NAAA,NAPEPLD"
ngs,GSE282081,ATF3_correlation,3D_organoid_none,GO_BP,results/ngs/GSE282081/tables/ATF3_function/3D_organoid_none/GSEA/GO_BP/gsea_result.csv,GOBP_RESPONSE_TO_MANGANESE_ION,GOBP_RESPONSE_TO_MANGANESE_ION,0.0181,8,0.5333,0,0,1.0,0.0,keep,itself,,True,"EIF2AK3,ADAM9,TFRC,SOD2,ATF4,APP,SLFN14,EIF2S1"
ngs,GSE282081,ATF3_correlation,3D_organoid_none,GO_BP,results/ngs/GSE282081/tables/ATF3_function/3D_organoid_none/GSEA/GO_BP/gsea_result.csv,GOBP_POSITIVE_REGULATION_OF_POST_TRANSCRIPTIONAL_GENE_SILENCING,GOBP_POSITIVE_REGULATION_OF_POST_TRANSCRIPTIONAL_GENE_SILENCING,0.0184,9,0.75,0,0,1.0,0.0,keep,itself,,True,"PUM1,ZFP36,TIAL1,BMP4,DGCR8,FMR1,TRUB1,RIPK1,FXR1"
ngs,GSE282081,ATF3_correlation,3D_organoid_none,GO_BP,results/ngs/GSE282081/tables/ATF3_function/3D_organoid_none/GSEA/GO_BP/gsea_result.csv,GOBP_NUCLEOSIDE_DIPHOSPHATE_BIOSYNTHETIC_PROCESS,GOBP_NUCLEOSIDE_DIPHOSPHATE_BIOSYNTHETIC_PROCESS,0.0186,5,0.3571,0,0,1.0,0.0,keep,itself,,True,"ENTPD8,GUK1,AK1,DTYMK,DHODH"
ngs,GSE282081,ATF3_correlation,3D_organoid_none,GO_BP,results/ngs/GSE282081/tables/ATF3_function/3D_organoid_none/GSEA/GO_BP/gsea_result.csv,GOBP_GALACTOSE_TRANSMEMBRANE_TRANSPORT,GOBP_GALACTOSE_TRANSMEMBRANE_TRANSPORT,0.0186,3,0.6,0,0,1.0,0.0,keep,itself,,True,"SLC5A1,SLC2A3,SLC2A2"
ngs,GSE282081,ATF3_correlation,3D_organoid_none,GO_BP,results/ngs/GSE282081/tables/ATF3_function/3D_organoid_none/GSEA/GO_BP/gsea_result.csv,GOBP_PLASMA_MEMBRANE_PHOSPHOLIPID_SCRAMBLING,GOBP_PLASMA_MEMBRANE_PHOSPHOLIPID_SCRAMBLING,0.0186,13,0.4194,0,0,1.0,0.0,keep,itself,,True,"VMP1,CLPTM1L,VDAC2,SYT1,PLSCR3,TMEM41B,XKR9,ANO9,ATG9B,SERINC5,ANO6,XKR4,SERINC3"
ngs,GSE282081,ATF3_correlation,3D_organoid_none,GO_BP,results/ngs/GSE282081/tables/ATF3_function/3D_organoid_none/GSEA/GO_BP/gsea_result.csv,GOBP_RESPONSE_TO_MECHANICAL_STIMULUS,GOBP_RESPONSE_TO_MECHANICAL_STIMULUS,0.0187,106,0.4775,0,0,1.0,0.0,keep,itself,,True,"PIEZO1,TNFRSF8,FOXP2,LARGE1,MAP3K14,SCEL,TNFRSF10B,TNFRSF11A,CAV3,CASP8,CAPN2,CALB1,BTG2,TTN,SOX9,SMPD2,SLC2A1,SCX,MAP2K4,SCN9A"
ngs,GSE282081,ATF3_correlation,3D_organoid_none,GO_BP,results/ngs/GSE282081/tables/ATF3_function/3D_organoid_none/GSEA/GO_BP/gsea_result.csv,GOBP_REGULATION_OF_PIGMENTATION,GOBP_REGULATION_OF_PIGMENTATION,0.0189,7,0.4118,0,0,1.0,0.0,keep,itself,,True,"ADAMTS20,VPS33A,BCL2,BAX,ADAMTS9,EDN3,SPNS2"
ngs,GSE282081,ATF3_correlation,3D_organoid_none,GO_BP,results/ngs/GSE282081/tables/ATF3_function/3D_organoid_none/GSEA/GO_BP/gsea_result.csv,GOBP_POSTSYNAPSE_TO_NUCLEUS_SIGNALING_PATHWAY,GOBP_POSTSYNAPSE_TO_NUCLEUS_SIGNALING_PATHWAY,0.019,7,1.0,0,0,1.0,0.0,keep,itself,,True,"PRR7,RELA,KPNA1,JAK2,RNF10,WNT3A,STAT3"
ngs,GSE282081,ATF3_correlation,3D_organoid_none,GO_BP,results/ngs/GSE282081/tables/ATF3_function/3D_organoid_none/GSEA/GO_BP/gsea_result.csv,GOBP_AMYLOID_BETA_METABOLIC_PROCESS,GOBP_AMYLOID_BETA_METABOLIC_PROCESS,0.0191,21,0.2877,0,0,1.0,0.0,keep,itself,,True,"ABCG1,CD36,ROCK2,CASP3,APH1B,SORL1,RELA,PRNP,PSENEN,TREM2,GSAP,NTRK2,MME,MGAT3,IFNGR1,IDE,APOA1,BACE2,NCSTN,GGA3"
ngs,GSE282081,ATF3_correlation,3D_organoid_none,GO_BP,results/ngs/GSE282081/tables/ATF3_function/3D_organoid_none/GSEA/GO_BP/gsea_result.csv,GOBP_NEGATIVE_REGULATION_OF_ACTIN_FILAMENT_DEPOLYMERIZATION,GOBP_NEGATIVE_REGULATION_OF_ACTIN_FILAMENT_DEPOLYMERIZATION,0.0192,14,0.2979,9,5,0.0735,0.6008,keep,GOBP_ACTIN_FILAMENT_SEVERING,GOBP_ACTIN_FILAMENT_SEVERING,False,"SPTA1,SCIN,CAPZB,SPTB,CRACD,LMOD3,VILL,LMOD2,TMOD3,GSN,SWAP70,TRIOBP,CFL1,AVIL"
ngs,GSE282081,ATF3_correlation,3D_organoid_none,GO_BP,results/ngs/GSE282081/tables/ATF3_function/3D_organoid_none/GSEA/GO_BP/gsea_result.csv,GOBP_PROTEIN_LOCALIZATION_TO_EARLY_ENDOSOME,GOBP_PROTEIN_LOCALIZATION_TO_EARLY_ENDOSOME,0.0193,6,0.4615,10,4,0.9301,0.965,keep,GOBP_REGULATION_OF_PROTEIN_LOCALIZATION_TO_ENDOSOME,GOBP_REGULATION_OF_PROTEIN_LOCALIZATION_TO_ENDOSOME,False,"ROCK2,NRP1,VEGFA,SORL1,RAB5A,MGAT3"
ngs,GSE282081,ATF3_correlation,3D_organoid_none,GO_BP,results/ngs/GSE282081/tables/ATF3_function/3D_organoid_none/GSEA/GO_BP/gsea_result.csv,GOBP_NEGATIVE_REGULATION_OF_ESTABLISHMENT_OF_PROTEIN_LOCALIZATION,GOBP_NEGATIVE_REGULATION_OF_ESTABLISHMENT_OF_PROTEIN_LOCALIZATION,0.0194,29,0.2101,39,15,0.0023,0.2916,exclude,GOBP_NEGATIVE_REGULATION_OF_PEPTIDE_SECRETION,GOBP_NEGATIVE_REGULATION_OF_PEPTIDE_SECRETION,False,"EI24,NDUFAF2,RSAD2,KLF7,JAGN1,YWHAE,UCP2,ABCC8,SREBF1,PSMD9,RAB23,NF1,CD200,MAPT,KCNJ11,KCNE1,BMP8A,APOE,APOD,GNAO1"
ngs,GSE282081,ATF3_correlation,3D_organoid_none,GO_BP,results/ngs/GSE282081/tables/ATF3_function/3D_organoid_none/GSEA/GO_BP/gsea_result.csv,GOBP_SPLICEOSOMAL_SNRNP_ASSEMBLY,GOBP_SPLICEOSOMAL_SNRNP_ASSEMBLY,0.0194,21,0.2561,5,4,0.0141,0.1212,exclude,GOBP_NUCLEAR_HISTONE_MRNA_CATABOLIC_PROCESS,GOBP_NUCLEAR_HISTONE_MRNA_CATABOLIC_PROCESS,False,"PRPF8,SF3A1,SF3B4,TSSC4,DDX23,SNRNP40,SART1,SF3B5,GEMIN6,RBM42,SNRPG,SNRPF,SNRPD3,SNRPC,SNRPB,SNRPA1,SMN1,LSM2,LSM7,SNU13"
ngs,GSE282081,ATF3_correlation,3D_organoid_none,GO_BP,results/ngs/GSE282081/tables/ATF3_function/3D_organoid_none/GSEA/GO_BP/gsea_result.csv,GOBP_SODIUM_ION_IMPORT_ACROSS_PLASMA_MEMBRANE,GOBP_SODIUM_ION_IMPORT_ACROSS_PLASMA_MEMBRANE,0.0195,14,0.4375,0,0,1.0,0.0,keep,itself,,True,"SLC5A6,SLC9A7,SLC34A1,SLC12A2,SLC6A1,SLC5A1,SCNN1D,SCNN1A,TRPM4,ASIC5,SLC9A9,SLC9C2,STK39,NEDD4L"
ngs,GSE282081,ATF3_correlation,3D_organoid_none,GO_BP,results/ngs/GSE282081/tables/ATF3_function/3D_organoid_none/GSEA/GO_BP/gsea_result.csv,GOBP_NEUTROPHIL_CHEMOTAXIS,GOBP_NEUTROPHIL_CHEMOTAXIS,0.0195,19,0.2235,0,0,1.0,0.0,keep,itself,,True,"RIPOR2,CCL21,CD74,VAV1,C3AR1,C1QBP,TGFB2,BSG,SRP54,CX3CL1,CXCL6,RAC2,CCL28,PDE4B,LGALS3,ITGA1,CXCL17,EDN3,DPP4"
ngs,GSE282081,ATF3_correlation,3D_organoid_none,GO_BP,results/ngs/GSE282081/tables/ATF3_function/3D_organoid_none/GSEA/GO_BP/gsea_result.csv,GOBP_REGULATION_OF_INTRINSIC_APOPTOTIC_SIGNALING_PATHWAY_IN_RESPONSE_TO_OSMOTIC_STRESS,GOBP_REGULATION_OF_INTRINSIC_APOPTOTIC_SIGNALING_PATHWAY_IN_RESPONSE_TO_OSMOTIC_STRESS,0.0196,4,0.5,0,0,1.0,0.0,keep,itself,,True,"USP15,ARHGEF2,YBX3,PTGS2"
ngs,GSE282081,ATF3_correlation,3D_organoid_none,GO_BP,results/ngs/GSE282081/tables/ATF3_function/3D_organoid_none/GSEA/GO_BP/gsea_result.csv,GOBP_CYTOPLASMIC_TRANSLATIONAL_INITIATION,GOBP_CYTOPLASMIC_TRANSLATIONAL_INITIATION,0.0196,29,0.5686,0,0,1.0,0.0,keep,itself,,True,"EIF2B4,EIF3J,DENR,RBM4,MIF4GD,METTL3,IMPACT,DHX29,YTHDF2,NCBP1,HHEX,MTOR,NCBP2,EPRS1,EIF5,EIF4A2,EIF4A1,EIF2B1,SYNCRIP,EIF3M"
ngs,GSE282081,ATF3_correlation,3D_organoid_none,GO_BP,results/ngs/GSE282081/tables/ATF3_function/3D_organoid_none/GSEA/GO_BP/gsea_result.csv,GOBP_REGULATION_OF_COLLAGEN_FIBRIL_ORGANIZATION,GOBP_REGULATION_OF_COLLAGEN_FIBRIL_ORGANIZATION,0.0197,8,0.8889,0,0,1.0,0.0,keep,itself,,True,"AEBP1,COL6A1,COLGALT1,RB1,EFEMP2,EMILIN1,TNXB,CHADL"
ngs,GSE282081,ATF3_correlation,3D_organoid_none,GO_BP,results/ngs/GSE282081/tables/ATF3_function/3D_organoid_none/GSEA/GO_BP/gsea_result.csv,GOBP_RESOLUTION_OF_MITOTIC_RECOMBINATION_INTERMEDIATES,GOBP_RESOLUTION_OF_MITOTIC_RECOMBINATION_INTERMEDIATES,0.0198,4,0.8,0,0,1.0,0.0,keep,itself,,True,"MUS81,XRCC3,GEN1,EME2"
ngs,GSE282081,ATF3_correlation,3D_organoid_none,GO_BP,results/ngs/GSE282081/tables/ATF3_function/3D_organoid_none/GSEA/GO_BP/gsea_result.csv,GOBP_TERPENOID_BIOSYNTHETIC_PROCESS,GOBP_TERPENOID_BIOSYNTHETIC_PROCESS,0.0199,15,0.6,5,5,0.0565,1.0,keep,GOBP_ISOPENTENYL_DIPHOSPHATE_BIOSYNTHETIC_PROCESS_MEVALONATE_PATHWAY,GOBP_ISOPENTENYL_DIPHOSPHATE_BIOSYNTHETIC_PROCESS_MEVALONATE_PATHWAY,False,"RPE65,RBP1,DPM3,MVK,LSS,HMGCS2,HMGCS1,HMGCR,ALDH1A3,BCO1,DPM2,MVD,ACAT2,FDPS,PMVK"
ngs,GSE282081,ATF3_correlation,3D_organoid_none,GO_BP,results/ngs/GSE282081/tables/ATF3_function/3D_organoid_none/GSEA/GO_BP/gsea_result.csv,GOBP_ACETYL_COA_BIOSYNTHETIC_PROCESS,GOBP_ACETYL_COA_BIOSYNTHETIC_PROCESS,0.02,7,0.2917,0,0,1.0,0.0,keep,itself,,True,"ACSS2,PDK2,PDHB,PDHA1,ACAT1,TPK1,MPC2"
ngs,GSE282081,ATF3_correlation,3D_organoid_none,GO_BP,results/ngs/GSE282081/tables/ATF3_function/3D_organoid_none/GSEA/GO_BP/gsea_result.csv,GOBP_L_AMINO_ACID_CATABOLIC_PROCESS,GOBP_L_AMINO_ACID_CATABOLIC_PROCESS,0.0202,35,0.3889,5,4,0.0729,1.0,keep,GOBP_ISOLEUCINE_METABOLIC_PROCESS,GOBP_ISOLEUCINE_METABOLIC_PROCESS,False,"GSTZ1,GPT,GOT2,GOT1,GLUD2,GCDH,GAD2,AGXT,DLST,UROC1,HOGA1,HIBADH,FTCD,BCKDK,RIDA,IDO2,ALDH4A1,KMO,SHMT1,BCAT2"
ngs,GSE282081,ATF3_correlation,3D_organoid_none,GO_BP,results/ngs/GSE282081/tables/ATF3_function/3D_organoid_none/GSEA/GO_BP/gsea_result.csv,GOBP_BRANCHED_CHAIN_AMINO_ACID_METABOLIC_PROCESS,GOBP_BRANCHED_CHAIN_AMINO_ACID_METABOLIC_PROCESS,0.0203,8,0.2963,18,8,0.0197,0.3894,exclude,GOBP_L_AMINO_ACID_CATABOLIC_PROCESS,GOBP_L_AMINO_ACID_CATABOLIC_PROCESS,False,"BCAT2,MCCC1,AUH,ALDH6A1,ACAT1,IVD,HSD17B10,ECHS1"
ngs,GSE282081,ATF3_correlation,3D_organoid_none,GO_BP,results/ngs/GSE282081/tables/ATF3_function/3D_organoid_none/GSEA/GO_BP/gsea_result.csv,GOBP_NEGATIVE_REGULATION_OF_MOTOR_NEURON_APOPTOTIC_PROCESS,GOBP_NEGATIVE_REGULATION_OF_MOTOR_NEURON_APOPTOTIC_PROCESS,0.0206,3,0.6,0,0,1.0,0.0,keep,itself,,True,"ZPR1,MAP3K12,MAP2K4"
ngs,GSE282081,ATF3_correlation,3D_organoid_none,GO_BP,results/ngs/GSE282081/tables/ATF3_function/3D_organoid_none/GSEA/GO_BP/gsea_result.csv,GOBP_PROTEIN_SULFATION,GOBP_PROTEIN_SULFATION,0.0207,4,0.8,0,0,1.0,0.0,keep,itself,,True,"CHST5,TPST1,HS3ST5,CHST4"
ngs,GSE282081,ATF3_correlation,3D_organoid_none,GO_BP,results/ngs/GSE282081/tables/ATF3_function/3D_organoid_none/GSEA/GO_BP/gsea_result.csv,GOBP_GLYCINE_BIOSYNTHETIC_PROCESS,GOBP_GLYCINE_BIOSYNTHETIC_PROCESS,0.0207,4,0.6667,4,3,0.6,0.1614,keep,GOBP_L_AMINO_ACID_CATABOLIC_PROCESS,GOBP_L_AMINO_ACID_CATABOLIC_PROCESS,False,"AGXT,RIDA,SHMT1,HAO1"
ngs,GSE282081,ATF3_correlation,3D_organoid_none,GO_BP,results/ngs/GSE282081/tables/ATF3_function/3D_organoid_none/GSEA/GO_BP/gsea_result.csv,GOBP_REGULATION_OF_MRNA_CATABOLIC_PROCESS,GOBP_REGULATION_OF_MRNA_CATABOLIC_PROCESS,0.0209,74,0.232,24,15,1.95e-05,1.0,exclude,GOBP_REGULATION_OF_NUCLEAR_TRANSCRIBED_MRNA_CATABOLIC_PROCESS_DEADENYLATION_DEPENDENT_DECAY,GOBP_REGULATION_OF_NUCLEAR_TRANSCRIBED_MRNA_CATABOLIC_PROCESS_DEADENYLATION_DEPENDENT_DECAY,False,"PAN2,BCLAF1,DHX34,PUM1,FXR2,ROCK2,QKI,MAPKAPK2,ANGEL2,PNPT1,ZC3H12C,YBX3,PLEKHN1,EDC3,ZC3H12A,ZC3H14,TUT7,METTL16,SECISBP2,BTG2"
ngs,GSE282081,ATF3_correlation,3D_organoid_none,GO_BP,results/ngs/GSE282081/tables/ATF3_function/3D_organoid_none/GSEA/GO_BP/gsea_result.csv,GOBP_PROTEIN_CONTAINING_COMPLEX_REMODELING,GOBP_PROTEIN_CONTAINING_COMPLEX_REMODELING,0.0211,13,0.2955,0,0,1.0,0.0,keep,itself,,True,"PLA2G5,APOC3,LIPG,PLA2G10,APOM,PON1,PNLIPRP1,PLTP,PCSK5,APOH,APOE,APOC1,PLA2G2E"
ngs,GSE282081,ATF3_correlation,3D_organoid_none,GO_BP,results/ngs/GSE282081/tables/ATF3_function/3D_organoid_none/GSEA/GO_BP/gsea_result.csv,GOBP_NEUTROPHIL_MIGRATION,GOBP_NEUTROPHIL_MIGRATION,0.0214,23,0.213,88,20,0.3348,0.1486,keep,GOBP_CELL_CHEMOTAXIS,GOBP_CELL_CHEMOTAXIS,False,"RIPOR2,CCL21,CD74,JAGN1,CD99L2,VAV1,C3AR1,C1QBP,TGFB2,BSG,SRP54,CX3CL1,CXCL6,RAC3,RAC2,CCL28,PDE4B,MYD88,LGALS3,ITGA1"
ngs,GSE282081,ATF3_correlation,3D_organoid_none,GO_BP,results/ngs/GSE282081/tables/ATF3_function/3D_organoid_none/GSEA/GO_BP/gsea_result.csv,GOBP_SKELETAL_MUSCLE_SATELLITE_CELL_DIFFERENTIATION,GOBP_SKELETAL_MUSCLE_SATELLITE_CELL_DIFFERENTIATION,0.0214,6,0.4615,0,0,1.0,0.0,keep,itself,,True,"MYLK2,MEGF10,KAT8,AKIRIN1,KLF5,SIX4"
ngs,GSE282081,ATF3_correlation,3D_organoid_none,GO_BP,results/ngs/GSE282081/tables/ATF3_function/3D_organoid_none/GSEA/GO_BP/gsea_result.csv,GOBP_NEGATIVE_REGULATION_OF_HORMONE_SECRETION,GOBP_NEGATIVE_REGULATION_OF_HORMONE_SECRETION,0.0215,17,0.2537,44,15,0.0203,1.0,exclude,GOBP_NEGATIVE_REGULATION_OF_PEPTIDE_SECRETION,GOBP_NEGATIVE_REGULATION_OF_PEPTIDE_SECRETION,False,"NDUFAF2,KLF7,JAGN1,UCP2,ABCC8,SREBF1,PSMD9,KCNK9,KCNJ11,INHBA,BMP8A,GNAO1,FOXO1,FKBP1B,ADRA2C,ADRA2A,CHGA"
ngs,GSE282081,ATF3_correlation,3D_organoid_none,GO_BP,results/ngs/GSE282081/tables/ATF3_function/3D_organoid_none/GSEA/GO_BP/gsea_result.csv,GOBP_DETECTION_OF_TEMPERATURE_STIMULUS_INVOLVED_IN_THERMOCEPTION,GOBP_DETECTION_OF_TEMPERATURE_STIMULUS_INVOLVED_IN_THERMOCEPTION,0.0215,3,0.6,0,0,1.0,0.0,keep,itself,,True,"TRPV1,GRIK2,WDR47"
ngs,GSE282081,ATF3_correlation,3D_organoid_none,GO_BP,results/ngs/GSE282081/tables/ATF3_function/3D_organoid_none/GSEA/GO_BP/gsea_result.csv,GOBP_PROTEIN_TARGETING_TO_LYSOSOME,GOBP_PROTEIN_TARGETING_TO_LYSOSOME,0.0215,15,0.4545,0,0,1.0,0.0,keep,itself,,True,"ZFYVE16,GCC2,HGS,AP3B1,GNPTG,NCOA4,GNPTAB,SORL1,VPS53,M6PR,HSPA8,AP3M1,GGA3,ATG14,CLU"
ngs,GSE282081,ATF3_correlation,3D_organoid_none,GO_BP,results/ngs/GSE282081/tables/ATF3_function/3D_organoid_none/GSEA/GO_BP/gsea_result.csv,GOBP_REGULATION_OF_NK_T_CELL_DIFFERENTIATION,GOBP_REGULATION_OF_NK_T_CELL_DIFFERENTIATION,0.0218,3,0.5,0,0,1.0,0.0,keep,itself,,True,"AP3B1,ZBTB16,PRDM1"
ngs,GSE282081,ATF3_correlation,3D_organoid_none,GO_BP,results/ngs/GSE282081/tables/ATF3_function/3D_organoid_none/GSEA/GO_BP/gsea_result.csv,GOBP_IMPORT_ACROSS_PLASMA_MEMBRANE,GOBP_IMPORT_ACROSS_PLASMA_MEMBRANE,0.022,64,0.2771,4,4,0.0055,0.3333,exclude,GOBP_GAMMA_AMINOBUTYRIC_ACID_IMPORT,GOBP_GAMMA_AMINOBUTYRIC_ACID_IMPORT,False,"KCNE2,SLC12A6,CD36,NHERF1,SLC38A5,SLC5A6,PER2,IRS2,KCNK5,SLC43A1,SLC9A7,LRRC8C,SLC38A1,LRRC8E,CACNA2D1,SLC30A1,TRPV1,SLC22A4,SLC34A1,SLC12A2"
ngs,GSE282081,ATF3_correlation,3D_organoid_none,GO_BP,results/ngs/GSE282081/tables/ATF3_function/3D_organoid_none/GSEA/GO_BP/gsea_result.csv,GOBP_TRNA_PROCESSING,GOBP_TRNA_PROCESSING,0.022,46,0.3309,14,8,0.0461,0.7,exclude,GOBP_MITOCHONDRIAL_RNA_MODIFICATION,GOBP_MITOCHONDRIAL_RNA_MODIFICATION,False,"ANGEL2,CTU1,ELP1,GTPBP3,TRMT1L,THUMPD2,PUS1,PYROXD1,METTL8,QTRT2,TARBP1,NSUN3,THADA,TRMT5,DTWD1,DUS3L,TRMU,THUMPD1,ELP2,TRMT10C"
ngs,GSE282081,ATF3_correlation,3D_organoid_none,GO_BP,results/ngs/GSE282081/tables/ATF3_function/3D_organoid_none/GSEA/GO_BP/gsea_result.csv,GOBP_REGULATION_OF_TRANSCRIPTION_BY_RNA_POLYMERASE_I,GOBP_REGULATION_OF_TRANSCRIPTION_BY_RNA_POLYMERASE_I,0.0222,23,0.4792,36,20,0.0653,1.0,keep,GOBP_POSITIVE_REGULATION_OF_TRANSCRIPTION_BY_RNA_POLYMERASE_I,GOBP_POSITIVE_REGULATION_OF_TRANSCRIPTION_BY_RNA_POLYMERASE_I,False,"EIF2AK3,DEDD,DDX21,BAZ1B,UTP15,WDR75,PRR7,DEK,IPPK,ACTR6,DHX33,HEATR1,ATF4,MARS1,NOL11,MTOR,SF3B1,WDR43,PHF8,DDX11"
ngs,GSE282081,ATF3_correlation,3D_organoid_none,GO_BP,results/ngs/GSE282081/tables/ATF3_function/3D_organoid_none/GSEA/GO_BP/gsea_result.csv,GOBP_MRNA_TRANSPORT,GOBP_MRNA_TRANSPORT,0.0223,48,0.3556,6,5,0.0215,1.0,exclude,GOBP_TRANSCRIPTION_DEPENDENT_TETHERING_OF_RNA_POLYMERASE_II_GENE_DNA_AT_NUCLEAR_PERIPHERY,GOBP_TRANSCRIPTION_DEPENDENT_TETHERING_OF_RNA_POLYMERASE_II_GENE_DNA_AT_NUCLEAR_PERIPHERY,False,"G3BP2,POM121,ZC3H11A,NUP58,NUP155,FXR2,QKI,NPIPA1,MCM3AP,RAE1,SEH1L,PABPN1,DDX39B,ZFP36,XPO1,ZFP36L1,UPF3A,UPF3B,RANBP17,UPF1"
ngs,GSE282081,ATF3_correlation,3D_organoid_none,GO_BP,results/ngs/GSE282081/tables/ATF3_function/3D_organoid_none/GSEA/GO_BP/gsea_result.csv,GOBP_POSITIVE_REGULATION_OF_CHOLESTEROL_STORAGE,GOBP_POSITIVE_REGULATION_OF_CHOLESTEROL_STORAGE,0.0224,4,0.5,3,3,0.0714,1.0,keep,GOBP_LIPOPROTEIN_PARTICLE_MEDIATED_SIGNALING,GOBP_LIPOPROTEIN_PARTICLE_MEDIATED_SIGNALING,False,"SCARB1,CD36,MSR1,LPL"
ngs,GSE282081,ATF3_correlation,3D_organoid_none,GO_BP,results/ngs/GSE282081/tables/ATF3_function/3D_organoid_none/GSEA/GO_BP/gsea_result.csv,GOBP_MOTOR_NEURON_MIGRATION,GOBP_MOTOR_NEURON_MIGRATION,0.0224,3,0.5,3,3,0.05,0.0302,keep,GOBP_REGULATION_OF_PHOSPHORYLATION,GOBP_REGULATION_OF_PHOSPHORYLATION,True,"NRP1,VEGFA,RELN"
ngs,GSE282081,ATF3_correlation,3D_organoid_none,GO_BP,results/ngs/GSE282081/tables/ATF3_function/3D_organoid_none/GSEA/GO_BP/gsea_result.csv,GOBP_POSITIVE_REGULATION_OF_CELL_CYCLE_G2_M_PHASE_TRANSITION,GOBP_POSITIVE_REGULATION_OF_CELL_CYCLE_G2_M_PHASE_TRANSITION,0.0225,19,0.6333,0,0,1.0,0.0,keep,itself,,True,"CDC25C,CDC25A,CDK1,DYRK3,DBF4B,RRM1,PBX1,RRM2B,FBXO5,STOX1,VPS4B,CCNB1,RAB11A,CDC7,ATAD5,WNT10B,SMARCD3,RAD51B,RAD51C"
ngs,GSE282081,ATF3_correlation,3D_organoid_none,GO_BP,results/ngs/GSE282081/tables/ATF3_function/3D_organoid_none/GSEA/GO_BP/gsea_result.csv,GOBP_ENERGY_HOMEOSTASIS,GOBP_ENERGY_HOMEOSTASIS,0.0227,36,0.375,0,0,1.0,0.0,keep,itself,,True,"NR1D2,GDF3,GDF15,CD36,RMI1,IRX3,TRPV1,TWIST1,SORL1,SUCNR1,PRKAA2,PRKAA1,MEX3C,MLXIPL,ALDH7A1,LIPA,SLC35D3,GUSB,METRNL,STK39"
ngs,GSE282081,ATF3_correlation,3D_organoid_none,GO_BP,results/ngs/GSE282081/tables/ATF3_function/3D_organoid_none/GSEA/GO_BP/gsea_result.csv,GOBP_REGULATION_OF_DEFENSE_RESPONSE_TO_VIRUS_BY_HOST,GOBP_REGULATION_OF_DEFENSE_RESPONSE_TO_VIRUS_BY_HOST,0.0227,19,0.4318,0,0,1.0,0.0,keep,itself,,True,"ZC3H12A,ZDHHC11,STAT1,MAVS,TRIM44,IL23A,IL15,IL12B,IL1B,HSP90AA1,ZDHHC1,RIGI,DHX9,IFNLR1,TRIM6,TRIM22,PQBP1,PYCARD,TOMM70"
ngs,GSE282081,ATF3_correlation,3D_organoid_none,GO_BP,results/ngs/GSE282081/tables/ATF3_function/3D_organoid_none/GSEA/GO_BP/gsea_result.csv,GOBP_REGULATION_OF_IRE1_MEDIATED_UNFOLDED_PROTEIN_RESPONSE,GOBP_REGULATION_OF_IRE1_MEDIATED_UNFOLDED_PROTEIN_RESPONSE,0.0229,7,0.4375,0,0,1.0,0.0,keep,itself,,True,"BAX,BAK1,HSPA5,DAB2IP,FICD,COPS5,AGR2"
ngs,GSE282081,ATF3_correlation,3D_organoid_none,GO_BP,results/ngs/GSE282081/tables/ATF3_function/3D_organoid_none/GSEA/GO_BP/gsea_result.csv,GOBP_REGULATION_OF_MITOCHONDRIAL_OUTER_MEMBRANE_PERMEABILIZATION_INVOLVED_IN_APOPTOTIC_SIGNALING_PATHWAY,GOBP_REGULATION_OF_MITOCHONDRIAL_OUTER_MEMBRANE_PERMEABILIZATION_INVOLVED_IN_APOPTOTIC_SIGNALING_PATHWAY,0.0229,7,0.3182,12,6,0.0588,1.0,keep,GOBP_NEGATIVE_REGULATION_OF_MITOCHONDRIAL_OUTER_MEMBRANE_PERMEABILIZATION_INVOLVED_IN_APOPTOTIC_SIGNALING_PATHWAY,GOBP_NEGATIVE_REGULATION_OF_MITOCHONDRIAL_OUTER_MEMBRANE_PERMEABILIZATION_INVOLVED_IN_APOPTOTIC_SIGNALING_PATHWAY,False,"BOK,BAK1,SLC35F6,SLC25A5,TMEM14A,SIVA1,ACAA2"
ngs,GSE282081,ATF3_correlation,3D_organoid_none,GO_BP,results/ngs/GSE282081/tables/ATF3_function/3D_organoid_none/GSEA/GO_BP/gsea_result.csv,GOBP_POSITIVE_REGULATION_OF_WOUND_HEALING_SPREADING_OF_EPIDERMAL_CELLS,GOBP_POSITIVE_REGULATION_OF_WOUND_HEALING_SPREADING_OF_EPIDERMAL_CELLS,0.0229,3,0.5,0,0,1.0,0.0,keep,itself,,True,"RREB1,FERMT1,MTOR"
ngs,GSE282081,ATF3_correlation,3D_organoid_none,GO_BP,results/ngs/GSE282081/tables/ATF3_function/3D_organoid_none/GSEA/GO_BP/gsea_result.csv,GOBP_NEGATIVE_REGULATION_OF_UBIQUITIN_PROTEIN_TRANSFERASE_ACTIVITY,GOBP_NEGATIVE_REGULATION_OF_UBIQUITIN_PROTEIN_TRANSFERASE_ACTIVITY,0.023,5,0.8333,4,4,0.3333,0.0574,keep,GOBP_NEGATIVE_REGULATION_OF_NUCLEAR_DIVISION,GOBP_NEGATIVE_REGULATION_OF_NUCLEAR_DIVISION,False,"USP44,MAD2L1,FBXO5,ABL1,MAD2L2"
ngs,GSE282081,ATF3_correlation,3D_organoid_none,GO_BP,results/ngs/GSE282081/tables/ATF3_function/3D_organoid_none/GSEA/GO_BP/gsea_result.csv,GOBP_PEPTIDYL_LYSINE_MODIFICATION,GOBP_PEPTIDYL_LYSINE_MODIFICATION,0.0232,45,0.3462,68,28,0.0715,1.0,keep,GOBP_PROTEIN_SUMOYLATION,GOBP_PROTEIN_SUMOYLATION,False,"HDAC4,CBX4,NFATC2IP,LOXL3,SLF1,SETD3,ZMIZ2,CAPN3,SMC6,VCPKMT,CSKMT,STX1A,SUMO2,IFIH1,VIPAS39,RELA,SENP2,KIAA1586,TRPM4,NSMCE4A"
ngs,GSE282081,ATF3_correlation,3D_organoid_none,GO_BP,results/ngs/GSE282081/tables/ATF3_function/3D_organoid_none/GSEA/GO_BP/gsea_result.csv,GOBP_REGULATION_OF_MICROVILLUS_ASSEMBLY,GOBP_REGULATION_OF_MICROVILLUS_ASSEMBLY,0.0233,6,0.6667,5,4,0.4048,1.0,keep,GOBP_POSITIVE_REGULATION_OF_MICROVILLUS_ASSEMBLY,GOBP_POSITIVE_REGULATION_OF_MICROVILLUS_ASSEMBLY,False,"FSCN1,RAP2A,PODXL,STK26,RAPGEF6,TNIK"
ngs,GSE282081,ATF3_correlation,3D_organoid_none,GO_BP,results/ngs/GSE282081/tables/ATF3_function/3D_organoid_none/GSEA/GO_BP/gsea_result.csv,GOBP_DISRUPTION_OF_CELLULAR_ANATOMICAL_STRUCTURE_IN_ANOTHER_ORGANISM,GOBP_DISRUPTION_OF_CELLULAR_ANATOMICAL_STRUCTURE_IN_ANOTHER_ORGANISM,0.0233,2,0.3333,0,0,1.0,0.0,keep,itself,,True,"DEFA6,DEFA5"
ngs,GSE282081,ATF3_correlation,3D_organoid_none,GO_BP,results/ngs/GSE282081/tables/ATF3_function/3D_organoid_none/GSEA/GO_BP/gsea_result.csv,GOBP_CHONDROCYTE_HYPERTROPHY,GOBP_CHONDROCYTE_HYPERTROPHY,0.0234,6,0.75,0,0,1.0,0.0,keep,itself,,True,"SOX9,CTDSPL2,MEX3C,SMAD7,GUSB,EXT1"
ngs,GSE282081,ATF3_correlation,3D_organoid_none,GO_BP,results/ngs/GSE282081/tables/ATF3_function/3D_organoid_none/GSEA/GO_BP/gsea_result.csv,GOBP_CARNITINE_METABOLIC_PROCESS,GOBP_CARNITINE_METABOLIC_PROCESS,0.0235,6,0.4286,0,0,1.0,0.0,keep,itself,,True,"SHMT1,TMLHE,CROT,POR,CRAT,CPT1C"
ngs,GSE282081,ATF3_correlation,3D_organoid_none,GO_BP,results/ngs/GSE282081/tables/ATF3_function/3D_organoid_none/GSEA/GO_BP/gsea_result.csv,GOBP_PROTEIN_LOCALIZATION_TO_MICROTUBULE,GOBP_PROTEIN_LOCALIZATION_TO_MICROTUBULE,0.0237,9,0.4737,0,0,1.0,0.0,keep,itself,,True,"CRIPT,ABHD17C,ABHD17B,MID1,CHAMP1,ABL1,MAPRE3,DVL1,DIAPH1"
ngs,GSE282081,ATF3_correlation,3D_organoid_none,GO_BP,results/ngs/GSE282081/tables/ATF3_function/3D_organoid_none/GSEA/GO_BP/gsea_result.csv,GOBP_SPLICEOSOMAL_CONFORMATIONAL_CHANGES_TO_GENERATE_CATALYTIC_CONFORMATION,GOBP_SPLICEOSOMAL_CONFORMATIONAL_CHANGES_TO_GENERATE_CATALYTIC_CONFORMATION,0.0238,14,0.359,5,4,0.0469,0.1212,exclude,GOBP_NUCLEAR_HISTONE_MRNA_CATABOLIC_PROCESS,GOBP_NUCLEAR_HISTONE_MRNA_CATABOLIC_PROCESS,False,"SNRNP35,PRPF8,SF3B4,DDX23,SNRNP40,SART1,SF3B5,SNRPG,SNRPF,SNRPD3,SNRPB,ZMAT5,YJU2,SNU13"
ngs,GSE282081,ATF3_correlation,3D_organoid_none,GO_BP,results/ngs/GSE282081/tables/ATF3_function/3D_organoid_none/GSEA/GO_BP/gsea_result.csv,GOBP_NEGATIVE_REGULATION_OF_COLLAGEN_METABOLIC_PROCESS,GOBP_NEGATIVE_REGULATION_OF_COLLAGEN_METABOLIC_PROCESS,0.024,10,0.5556,0,0,1.0,0.0,keep,itself,,True,"PPARD,NPPC,IL6,GOT1,CYP7A1,CYGB,EMILIN1,NOTCH1,KLF15,CST3"
ngs,GSE282081,ATF3_correlation,3D_organoid_none,GO_BP,results/ngs/GSE282081/tables/ATF3_function/3D_organoid_none/GSEA/GO_BP/gsea_result.csv,GOBP_RESPONSE_TO_ENDOPLASMIC_RETICULUM_STRESS,GOBP_RESPONSE_TO_ENDOPLASMIC_RETICULUM_STRESS,0.024,99,0.3426,11,7,0.0416,0.0,keep,GOBP_ER_OVERLOAD_RESPONSE,GOBP_ER_OVERLOAD_RESPONSE,True,"HERPUD1,EIF2AK3,UBE4A,VAPB,TMEM67,TNFRSF10B,STC2,CAV1,PPP1R15B,CREB3L3,RHBDD1,TMEM117,ATG10,SESN2,CANX,TMX1,CDK5RAP3,EDEM3,ERMP1,UBXN8"
ngs,GSE282081,ATF3_correlation,3D_organoid_none,GO_BP,results/ngs/GSE282081/tables/ATF3_function/3D_organoid_none/GSEA/GO_BP/gsea_result.csv,GOBP_REPRODUCTIVE_BEHAVIOR,GOBP_REPRODUCTIVE_BEHAVIOR,0.0241,12,0.2449,36,10,0.3131,1.0,keep,GOBP_MATING_BEHAVIOR,GOBP_MATING_BEHAVIOR,False,"THRB,THRA,TH,TACR1,FEV,P2RX1,NHLH2,HCN1,HEXB,MAPK8IP2,EDDM3A,ADA"
ngs,GSE282081,ATF3_correlation,3D_organoid_none,GO_BP,results/ngs/GSE282081/tables/ATF3_function/3D_organoid_none/GSEA/GO_BP/gsea_result.csv,GOBP_SYNAPTIC_TRANSMISSION_DOPAMINERGIC,GOBP_SYNAPTIC_TRANSMISSION_DOPAMINERGIC,0.0242,16,0.5517,0,0,1.0,0.0,keep,itself,,True,"SLC6A4,SLC6A3,PINK1,RAB3B,PRKN,ARRB2,RASD2,TOR1A,DRD2,CHRNB2,TH,PNKD,DRD4,PARK7,FLOT1,CDK5"
ngs,GSE282081,ATF3_correlation,3D_organoid_none,GO_BP,results/ngs/GSE282081/tables/ATF3_function/3D_organoid_none/GSEA/GO_BP/gsea_result.csv,GOBP_PHOSPHATIDYLINOSITOL_METABOLIC_PROCESS,GOBP_PHOSPHATIDYLINOSITOL_METABOLIC_PROCESS,0.0243,45,0.3,21,9,0.1303,0.9609,keep,GOBP_PHOSPHATIDYLINOSITOL_MEDIATED_SIGNALING,GOBP_PHOSPHATIDYLINOSITOL_MEDIATED_SIGNALING,False,"FIG4,PLCH2,TPTE2,PIGM,MTMR6,MTMR3,DGKE,PGAP4,DDHD1,ITPKC,PGAP1,MTMR9,MPPE1,SLC30A5,SBF1,PITPNM2,PTEN,VAC14,PI4K2A,PI4K2B"
ngs,GSE282081,ATF3_correlation,3D_organoid_none,GO_BP,results/ngs/GSE282081/tables/ATF3_function/3D_organoid_none/GSEA/GO_BP/gsea_result.csv,GOBP_NEGATIVE_REGULATION_OF_ACTIN_FILAMENT_POLYMERIZATION,GOBP_NEGATIVE_REGULATION_OF_ACTIN_FILAMENT_POLYMERIZATION,0.0246,15,0.2542,9,5,0.0382,0.6008,exclude,GOBP_ACTIN_FILAMENT_SEVERING,GOBP_ACTIN_FILAMENT_SEVERING,False,"SCIN,CAPZB,TMSB4X,SPTB,CRACD,LMOD3,VILL,LMOD2,TMOD3,GSN,KANK2,KANK3,TRIOBP,CFL1,AVIL"
ngs,GSE282081,ATF3_correlation,3D_organoid_none,GO_BP,results/ngs/GSE282081/tables/ATF3_function/3D_organoid_none/GSEA/GO_BP/gsea_result.csv,GOBP_POSITIVE_REGULATION_OF_P38MAPK_CASCADE,GOBP_POSITIVE_REGULATION_OF_P38MAPK_CASCADE,0.0246,11,0.3929,0,0,1.0,0.0,keep,itself,,True,"MFHAS1,ZC3H12A,BMP4,OPRK1,MAP3K4,IL1B,RELL2,STK39,DSC2,GADD45A,GADD45G"
ngs,GSE282081,ATF3_correlation,3D_organoid_none,GO_BP,results/ngs/GSE282081/tables/ATF3_function/3D_organoid_none/GSEA/GO_BP/gsea_result.csv,GOBP_RESPONSE_TO_L_ASCORBIC_ACID,GOBP_RESPONSE_TO_L_ASCORBIC_ACID,0.0246,3,0.6,3,2,0.7,0.1916,keep,GOBP_RESPONSE_TO_TOXIC_SUBSTANCE,GOBP_RESPONSE_TO_TOXIC_SUBSTANCE,False,"CAT,SOD2,ITGA2"
ngs,GSE282081,ATF3_correlation,3D_organoid_none,GO_BP,results/ngs/GSE282081/tables/ATF3_function/3D_organoid_none/GSEA/GO_BP/gsea_result.csv,GOBP_MIDBRAIN_DOPAMINERGIC_NEURON_DIFFERENTIATION,GOBP_MIDBRAIN_DOPAMINERGIC_NEURON_DIFFERENTIATION,0.0247,11,0.6471,0,0,1.0,0.0,keep,itself,,True,"WNT5A,WNT2,RYK,NR4A2,LRP6,DKK1,CTNNB1,WNT3A,FZD1,WNT9B,WNT3"
ngs,GSE282081,ATF3_correlation,3D_organoid_none,GO_BP,results/ngs/GSE282081/tables/ATF3_function/3D_organoid_none/GSEA/GO_BP/gsea_result.csv,GOBP_PHOSPHATIDYLGLYCEROL_METABOLIC_PROCESS,GOBP_PHOSPHATIDYLGLYCEROL_METABOLIC_PROCESS,0.0251,18,0.5,0,0,1.0,0.0,keep,itself,,True,"CRLS1,PLA2G2A,PNPLA8,MECP2,HADHA,PLA2G15,SPATA18,DNAJC19,PHB2,PLA2G5,PLA2G2D,PLA2G10,PLA2G6,PLA2G2C,PLA2G2E,PLA2G4D,PLA2G4F,PTPMT1"
ngs,GSE282081,ATF3_correlation,3D_organoid_none,GO_BP,results/ngs/GSE282081/tables/ATF3_function/3D_organoid_none/GSEA/GO_BP/gsea_result.csv,GOBP_TELOMERIC_D_LOOP_DISASSEMBLY,GOBP_TELOMERIC_D_LOOP_DISASSEMBLY,0.0251,4,0.4444,8,4,0.5556,0.276,keep,GOBP_DNA_REPLICATION,GOBP_DNA_REPLICATION,False,"RECQL4,WRN,TERF1,BLM"
ngs,GSE282081,ATF3_correlation,3D_organoid_none,GO_BP,results/ngs/GSE282081/tables/ATF3_function/3D_organoid_none/GSEA/GO_BP/gsea_result.csv,GOBP_CRANIAL_GANGLION_DEVELOPMENT,GOBP_CRANIAL_GANGLION_DEVELOPMENT,0.0253,4,0.8,0,0,1.0,0.0,keep,itself,,True,"NRP1,NRP2,SIX4,CTNNB1"
ngs,GSE282081,ATF3_correlation,3D_organoid_none,GO_BP,results/ngs/GSE282081/tables/ATF3_function/3D_organoid_none/GSEA/GO_BP/gsea_result.csv,GOBP_RESPONSE_TO_INSULIN_LIKE_GROWTH_FACTOR_STIMULUS,GOBP_RESPONSE_TO_INSULIN_LIKE_GROWTH_FACTOR_STIMULUS,0.0253,4,0.6667,0,0,1.0,0.0,keep,itself,,True,"CASP3,XBP1,PHEX,APP"
ngs,GSE282081,ATF3_correlation,3D_organoid_none,GO_BP,results/ngs/GSE282081/tables/ATF3_function/3D_organoid_none/GSEA/GO_BP/gsea_result.csv,GOBP_REGULATION_OF_T_CELL_ACTIVATION_VIA_T_CELL_RECEPTOR_CONTACT_WITH_ANTIGEN_BOUND_TO_MHC_MOLECULE_ON_ANTIGEN_PRESENTING_CELL,GOBP_REGULATION_OF_T_CELL_ACTIVATION_VIA_T_CELL_RECEPTOR_CONTACT_WITH_ANTIGEN_BOUND_TO_MHC_MOLECULE_ON_ANTIGEN_PRESENTING_CELL,0.0254,3,0.5,2,2,0.2,0.0336,keep,GOBP_CELL_CHEMOTAXIS,GOBP_CELL_CHEMOTAXIS,True,"LGALS9,LGALS3,HLA-DMB"
ngs,GSE282081,ATF3_correlation,3D_organoid_none,GO_BP,results/ngs/GSE282081/tables/ATF3_function/3D_organoid_none/GSEA/GO_BP/gsea_result.csv,GOBP_SIGNAL_TRANSDUCTION_IN_ABSENCE_OF_LIGAND,GOBP_SIGNAL_TRANSDUCTION_IN_ABSENCE_OF_LIGAND,0.0255,17,0.2329,0,0,1.0,0.0,keep,itself,,True,"TGFB2,PRDX2,BOK,CX3CL1,BCL2A1,BCL2,BAX,BAK1,MAPK7,PPP2R1A,PPP1CA,NF1,INHBA,MKNK2,IFI6,COL2A1,BCL2L10"
ngs,GSE282081,ATF3_correlation,3D_organoid_none,GO_BP,results/ngs/GSE282081/tables/ATF3_function/3D_organoid_none/GSEA/GO_BP/gsea_result.csv,GOBP_REGULATION_OF_NUCLEOCYTOPLASMIC_TRANSPORT,GOBP_REGULATION_OF_NUCLEOCYTOPLASMIC_TRANSPORT,0.0257,42,0.3621,38,17,0.1298,1.0,keep,GOBP_POSITIVE_REGULATION_OF_PROTEIN_IMPORT_INTO_NUCLEUS,GOBP_POSITIVE_REGULATION_OF_PROTEIN_IMPORT_INTO_NUCLEUS,False,"CDH1,CDK1,NUP58,CD36,PRP4K,ZPR1,IER3,EFCAB7,ZC3H12A,XPO1,XBP1,BMP4,XPO4,RBM4,PTPN14,PTPN11,MAVS,DMAP1,RIOK2,RBM22"
ngs,GSE282081,ATF3_correlation,3D_organoid_none,GO_BP,results/ngs/GSE282081/tables/ATF3_function/3D_organoid_none/GSEA/GO_BP/gsea_result.csv,GOBP_L_LEUCINE_METABOLIC_PROCESS,GOBP_L_LEUCINE_METABOLIC_PROCESS,0.0257,5,0.5556,0,0,1.0,0.0,keep,itself,,True,"BCKDK,BCAT2,MCCC1,AUH,IVD"
ngs,GSE282081,ATF3_correlation,3D_organoid_none,GO_BP,results/ngs/GSE282081/tables/ATF3_function/3D_organoid_none/GSEA/GO_BP/gsea_result.csv,GOBP_TOR_SIGNALING,GOBP_TOR_SIGNALING,0.0259,62,0.3333,50,24,0.0089,0.0,keep,GOBP_NEGATIVE_REGULATION_OF_TORC1_SIGNALING,GOBP_NEGATIVE_REGULATION_OF_TORC1_SIGNALING,True,"TTI1,FNIP1,TBCK,OGT,DYRK3,SESN2,SEH1L,WDR59,YWHAG,XBP1,UBE3A,UBE2D1,TSC2,SYK,SKP1,DEPTOR,GOLPH3,RPS6KB1,RPS6KA2,STAMBPL1"
ngs,GSE282081,ATF3_correlation,3D_organoid_none,GO_BP,results/ngs/GSE282081/tables/ATF3_function/3D_organoid_none/GSEA/GO_BP/gsea_result.csv,GOBP_MITOTIC_SISTER_CHROMATID_COHESION,GOBP_MITOTIC_SISTER_CHROMATID_COHESION,0.0259,20,0.6061,0,0,1.0,0.0,keep,itself,,True,"CDK11B,BOD1,SLF1,SMC1A,NAA50,HDAC8,CHTF8,MAU2,PDS5A,SMC5,POGZ,ESCO2,ESCO1,CDCA5,CDC20,TNKS,HASPIN,NAA10,DSCC1,BUB1"
ngs,GSE282081,ATF3_correlation,3D_organoid_none,GO_BP,results/ngs/GSE282081/tables/ATF3_function/3D_organoid_none/GSEA/GO_BP/gsea_result.csv,GOBP_INTERLEUKIN_6_PRODUCTION,GOBP_INTERLEUKIN_6_PRODUCTION,0.0259,50,0.2841,3,3,0.0219,1.0,exclude,GOBP_LIPOPROTEIN_PARTICLE_MEDIATED_SIGNALING,GOBP_LIPOPROTEIN_PARTICLE_MEDIATED_SIGNALING,False,"NR1H4,CD47,CD36,MAPKAPK2,ARHGEF2,IL1RL2,RIPK2,AFAP1L2,CAPN2,ZC3H12A,XBP1,WNT5A,TWIST1,TRAF6,TLR2,SYK,CARD9,IFIH1,RELA,MAVS"
ngs,GSE282081,ATF3_correlation,3D_organoid_none,GO_BP,results/ngs/GSE282081/tables/ATF3_function/3D_organoid_none/GSEA/GO_BP/gsea_result.csv,GOBP_REACTIVE_NITROGEN_SPECIES_METABOLIC_PROCESS,GOBP_REACTIVE_NITROGEN_SPECIES_METABOLIC_PROCESS,0.0259,27,0.3034,67,21,0.4702,1.0,keep,GOBP_REGULATION_OF_NITRIC_OXIDE_METABOLIC_PROCESS,GOBP_REGULATION_OF_NITRIC_OXIDE_METABOLIC_PROCESS,False,"NOS1AP,CD47,CD36,ROCK2,KLF4,ACVR2A,CAV1,ZC3H12A,SPR,SOD2,MTARC1,RORA,PTGS2,PTGIS,MTARC2,PKD2,PIK3CB,ATP2B4,NOS3,ASS1"
ngs,GSE282081,ATF3_correlation,3D_organoid_none,GO_BP,results/ngs/GSE282081/tables/ATF3_function/3D_organoid_none/GSEA/GO_BP/gsea_result.csv,GOBP_SIGNAL_COMPLEX_ASSEMBLY,GOBP_SIGNAL_COMPLEX_ASSEMBLY,0.0261,4,0.5,0,0,1.0,0.0,keep,itself,,True,"CD3E,NCK2,SRC,MAPK8IP2"
ngs,GSE282081,ATF3_correlation,3D_organoid_none,GO_BP,results/ngs/GSE282081/tables/ATF3_function/3D_organoid_none/GSEA/GO_BP/gsea_result.csv,GOBP_TOLERANCE_INDUCTION,GOBP_TOLERANCE_INDUCTION,0.0263,17,0.4474,3,3,0.0806,0.5,keep,GOBP_POSITIVE_REGULATION_OF_DENDRITIC_CELL_DIFFERENTIATION,GOBP_POSITIVE_REGULATION_OF_DENDRITIC_CELL_DIFFERENTIATION,False,"AIRE,HMGB1,ICOS,NR5A2,PHLPP1,BTLA,ZBTB46,CCR4,ACOD1,CD3E,ITCH,PRDM16,XKR8,PDCD1,FOXP3,LGALS9,IL2RA"
ngs,GSE282081,ATF3_correlation,3D_organoid_none,GO_BP,results/ngs/GSE282081/tables/ATF3_function/3D_organoid_none/GSEA/GO_BP/gsea_result.csv,GOBP_MALATE_ASPARTATE_SHUTTLE,GOBP_MALATE_ASPARTATE_SHUTTLE,0.0263,7,0.7778,0,0,1.0,0.0,keep,itself,,True,"MDH1,GOT2,GOT1,SLC25A13,SLC25A12,SLC25A11,MDH2"
ngs,GSE282081,ATF3_correlation,3D_organoid_none,GO_BP,results/ngs/GSE282081/tables/ATF3_function/3D_organoid_none/GSEA/GO_BP/gsea_result.csv,GOBP_TRANS_SYNAPTIC_SIGNALING_MODULATING_SYNAPTIC_TRANSMISSION,GOBP_TRANS_SYNAPTIC_SIGNALING_MODULATING_SYNAPTIC_TRANSMISSION,0.0263,10,0.3846,0,0,1.0,0.0,keep,itself,,True,"GRID1,FAAH,F2R,EFNB3,CBLN1,IGSF21,C1QL2,CBLN2,CNR2,C1QL1"
ngs,GSE282081,ATF3_correlation,3D_organoid_none,GO_BP,results/ngs/GSE282081/tables/ATF3_function/3D_organoid_none/GSEA/GO_BP/gsea_result.csv,GOBP_REGULATION_OF_BRANCHING_INVOLVED_IN_LUNG_MORPHOGENESIS,GOBP_REGULATION_OF_BRANCHING_INVOLVED_IN_LUNG_MORPHOGENESIS,0.0265,6,1.0,0,0,1.0,0.0,keep,itself,,True,"WNT2,SOX9,BMP4,CTNNB1,WNT2B,TNF"
ngs,GSE282081,ATF3_correlation,3D_organoid_none,GO_BP,results/ngs/GSE282081/tables/ATF3_function/3D_organoid_none/GSEA/GO_BP/gsea_result.csv,GOBP_BARBED_END_ACTIN_FILAMENT_CAPPING,GOBP_BARBED_END_ACTIN_FILAMENT_CAPPING,0.0265,8,0.3077,9,5,0.0626,0.6008,keep,GOBP_ACTIN_FILAMENT_SEVERING,GOBP_ACTIN_FILAMENT_SEVERING,False,"SCIN,CAPZB,CRACD,VILL,GSN,TRIOBP,CFL1,AVIL"
ngs,GSE282081,ATF3_correlation,3D_organoid_none,GO_BP,results/ngs/GSE282081/tables/ATF3_function/3D_organoid_none/GSEA/GO_BP/gsea_result.csv,GOBP_MORPHOGENESIS_OF_AN_EPITHELIAL_SHEET,GOBP_MORPHOGENESIS_OF_AN_EPITHELIAL_SHEET,0.0266,22,0.3333,11,7,0.026,1.0,exclude,GOBP_REGULATION_OF_WOUND_HEALING_SPREADING_OF_EPIDERMAL_CELLS,GOBP_REGULATION_OF_WOUND_HEALING_SPREADING_OF_EPIDERMAL_CELLS,False,"CD44,ARHGAP12,PHLDB2,ARHGAP24,WNT5A,ADAM17,SOS1,BMP5,PALS1,RREB1,PTEN,TBX20,FERMT1,DLL4,FIGNL2,ITGB3,ITGB1,MTOR,FLRT3,CLASP2"
ngs,GSE282081,ATF3_correlation,3D_organoid_none,GO_BP,results/ngs/GSE282081/tables/ATF3_function/3D_organoid_none/GSEA/GO_BP/gsea_result.csv,GOBP_METANEPHRIC_MESENCHYME_DEVELOPMENT,GOBP_METANEPHRIC_MESENCHYME_DEVELOPMENT,0.0266,6,0.4286,0,0,1.0,0.0,keep,itself,,True,"STAT1,PKD2,SIX4,PAX2,MYC,SMAD4"
ngs,GSE282081,ATF3_correlation,3D_organoid_none,GO_BP,results/ngs/GSE282081/tables/ATF3_function/3D_organoid_none/GSEA/GO_BP/gsea_result.csv,GOBP_AMINO_ACID_CATABOLIC_PROCESS,GOBP_AMINO_ACID_CATABOLIC_PROCESS,0.0266,42,0.3784,5,4,0.0669,1.0,keep,GOBP_ISOLEUCINE_METABOLIC_PROCESS,GOBP_ISOLEUCINE_METABOLIC_PROCESS,False,"GSTZ1,GPT,GOT2,GOT1,GLUD2,GLDC,GCSH,GCDH,GAD2,ETFB,AGXT,ABAT,DLST,DBT,UROC1,HYKK,HOGA1,HIBADH,FTCD,BCKDK"
ngs,GSE282081,ATF3_correlation,3D_organoid_none,GO_BP,results/ngs/GSE282081/tables/ATF3_function/3D_organoid_none/GSEA/GO_BP/gsea_result.csv,GOBP_GLIAL_CELL_APOPTOTIC_PROCESS,GOBP_GLIAL_CELL_APOPTOTIC_PROCESS,0.0266,7,0.4667,7,4,0.4048,0.2012,keep,GOBP_RESPONSE_TO_TUMOR_NECROSIS_FACTOR,GOBP_RESPONSE_TO_TUMOR_NECROSIS_FACTOR,False,"AKAP12,CASP3,TRAF2,TP53,PRKCI,PRKCH,TREM2"
ngs,GSE282081,ATF3_correlation,3D_organoid_none,GO_BP,results/ngs/GSE282081/tables/ATF3_function/3D_organoid_none/GSEA/GO_BP/gsea_result.csv,GOBP_REGULATION_OF_BASEMENT_MEMBRANE_ORGANIZATION,GOBP_REGULATION_OF_BASEMENT_MEMBRANE_ORGANIZATION,0.0266,5,0.8333,0,0,1.0,0.0,keep,itself,,True,"LAMC1,LAMB2,LAMB1,LAMA2,NID1"
ngs,GSE282081,ATF3_correlation,3D_organoid_none,GO_BP,results/ngs/GSE282081/tables/ATF3_function/3D_organoid_none/GSEA/GO_BP/gsea_result.csv,GOBP_HINDBRAIN_MORPHOGENESIS,GOBP_HINDBRAIN_MORPHOGENESIS,0.0267,18,0.3673,20,11,0.0287,1.0,exclude,GOBP_CEREBELLAR_PURKINJE_CELL_LAYER_MORPHOGENESIS,GOBP_CEREBELLAR_PURKINJE_CELL_LAYER_MORPHOGENESIS,False,"FOXP2,SLC25A46,LDB1,COQ8B,CCDC134,TTC21B,SPTBN2,LHX5,RORA,PTPN11,MAP2K1,SERPINE2,OPHN1,WHRN,TTLL1,ABL1,AGTPBP1,ZNF365"
ngs,GSE282081,ATF3_correlation,3D_organoid_none,GO_BP,results/ngs/GSE282081/tables/ATF3_function/3D_organoid_none/GSEA/GO_BP/gsea_result.csv,GOBP_REGULATION_OF_HORMONE_BIOSYNTHETIC_PROCESS,GOBP_REGULATION_OF_HORMONE_BIOSYNTHETIC_PROCESS,0.0268,11,0.4583,0,0,1.0,0.0,keep,itself,,True,"PDE8B,STC2,BMP5,REST,POMC,ATP1A1,ARNT,EGR1,DGKQ,ADM,CLCN2"
ngs,GSE282081,ATF3_correlation,3D_organoid_none,GO_BP,results/ngs/GSE282081/tables/ATF3_function/3D_organoid_none/GSEA/GO_BP/gsea_result.csv,GOBP_REGULATION_OF_MITOCHONDRIAL_TRANSCRIPTION,GOBP_REGULATION_OF_MITOCHONDRIAL_TRANSCRIPTION,0.027,5,0.5556,0,0,1.0,0.0,keep,itself,,True,"KAT8,METTL4,KANSL3,PRKAA1,KANSL1"
ngs,GSE282081,ATF3_correlation,3D_organoid_none,GO_BP,results/ngs/GSE282081/tables/ATF3_function/3D_organoid_none/GSEA/GO_BP/gsea_result.csv,GOBP_RESPONSE_TO_ARSENIC_CONTAINING_SUBSTANCE,GOBP_RESPONSE_TO_ARSENIC_CONTAINING_SUBSTANCE,0.027,13,0.4333,0,0,1.0,0.0,keep,itself,,True,"ZC3H12A,ZFAND1,RNF4,RBM4,MAPK13,SLC38A2,SRRT,NFE2L2,NEFL,GCLC,DHX36,DDX3X,CYP1A1"
ngs,GSE282081,ATF3_correlation,3D_organoid_none,GO_BP,results/ngs/GSE282081/tables/ATF3_function/3D_organoid_none/GSEA/GO_BP/gsea_result.csv,GOBP_C4_DICARBOXYLATE_TRANSPORT,GOBP_C4_DICARBOXYLATE_TRANSPORT,0.027,13,0.4643,0,0,1.0,0.0,keep,itself,,True,"LRRC8C,LRRC8E,SLC25A22,SLC16A1,SLC12A2,SLC3A1,SLC1A4,SLC1A1,LRRC8D,NTSR1,SLC13A5,LRRC8B,SLC25A10"
ngs,GSE282081,ATF3_correlation,3D_organoid_none,GO_BP,results/ngs/GSE282081/tables/ATF3_function/3D_organoid_none/GSEA/GO_BP/gsea_result.csv,GOBP_CELLULAR_RESPONSE_TO_DEXAMETHASONE_STIMULUS,GOBP_CELLULAR_RESPONSE_TO_DEXAMETHASONE_STIMULUS,0.027,9,0.36,5,5,0.0024,0.0113,keep,GOBP_REGULATION_OF_TRANSFERASE_ACTIVITY,GOBP_REGULATION_OF_TRANSFERASE_ACTIVITY,True,"USP8,TFAP4,TBX2,BMI1,RPS6KB1,DDIT4,ERRFI1,ASS1,JAK2"
ngs,GSE282081,ATF3_correlation,3D_organoid_none,GO_BP,results/ngs/GSE282081/tables/ATF3_function/3D_organoid_none/GSEA/GO_BP/gsea_result.csv,GOBP_ZINC_ION_TRANSPORT,GOBP_ZINC_ION_TRANSPORT,0.0272,14,0.4118,13,7,0.2053,1.0,keep,GOBP_ZINC_ION_IMPORT_INTO_ORGANELLE,GOBP_ZINC_ION_IMPORT_INTO_ORGANELLE,False,"AP3B1,SLC30A4,SLC30A3,SLC30A2,SLC30A1,SLC1A1,SLC30A5,SLC39A10,SLC30A6,SLC39A9,SLC11A2,SLC39A5,SLC39A6,SLC39A14"
ngs,GSE282081,ATF3_correlation,3D_organoid_none,GO_BP,results/ngs/GSE282081/tables/ATF3_function/3D_organoid_none/GSEA/GO_BP/gsea_result.csv,GOBP_CHONDROCYTE_DEVELOPMENT,GOBP_CHONDROCYTE_DEVELOPMENT,0.0272,14,0.4,8,6,0.03,1.0,exclude,GOBP_CHONDROCYTE_HYPERTROPHY,GOBP_CHONDROCYTE_HYPERTROPHY,False,"EIF2AK3,RUNX2,SOX9,SULF2,SMPD3,CTDSPL2,MEX3C,CHST11,SMAD7,GUSB,GALNT3,CHSY1,EXT1,ECM1"
ngs,GSE282081,ATF3_correlation,3D_organoid_none,GO_BP,results/ngs/GSE282081/tables/ATF3_function/3D_organoid_none/GSEA/GO_BP/gsea_result.csv,GOBP_HOST_MEDIATED_SUPPRESSION_OF_SYMBIONT_INVASION,GOBP_HOST_MEDIATED_SUPPRESSION_OF_SYMBIONT_INVASION,0.0272,10,0.4167,0,0,1.0,0.0,keep,itself,,True,"LRRC15,TRIM31,MID2,CD74,FCN3,IFITM1,TRIM8,GSN,IFITM2,IFITM3"
ngs,GSE282081,ATF3_correlation,3D_organoid_none,GO_BP,results/ngs/GSE282081/tables/ATF3_function/3D_organoid_none/GSEA/GO_BP/gsea_result.csv,GOBP_REGULATION_OF_HEART_CONTRACTION,GOBP_REGULATION_OF_HEART_CONTRACTION,0.0272,42,0.1842,154,27,0.7544,0.9996,keep,GOBP_MUSCLE_CONTRACTION,GOBP_MUSCLE_CONTRACTION,False,"JPH4,CALM3,YWHAE,THRB,THRA,TH,TGFB2,TBX5,STC1,SREBF1,SRC,SNTA1,SCN4B,SCN2B,SCN1B,RGS4,JPH2,RNLS,PDE4B,NOS1"
ngs,GSE282081,ATF3_correlation,3D_organoid_none,GO_BP,results/ngs/GSE282081/tables/ATF3_function/3D_organoid_none/GSEA/GO_BP/gsea_result.csv,GOBP_POSITIVE_REGULATION_OF_TYPE_I_INTERFERON_PRODUCTION,GOBP_POSITIVE_REGULATION_OF_TYPE_I_INTERFERON_PRODUCTION,0.0273,42,0.5316,26,14,0.5621,0.0,keep,GOBP_POSITIVE_REGULATION_OF_INTERFERON_ALPHA_PRODUCTION,GOBP_POSITIVE_REGULATION_OF_INTERFERON_ALPHA_PRODUCTION,True,"ARRDC4,RIOK3,RIPK2,TRAF6,TLR2,SYK,STAT1,IFIH1,PBLD,PTPN11,MAVS,DHX33,TLR7,HSP90AA1,XIAP,TBK1,PTPN22,ZBTB20,RIGI,TRIM65"
ngs,GSE282081,ATF3_correlation,3D_organoid_none,GO_BP,results/ngs/GSE282081/tables/ATF3_function/3D_organoid_none/GSEA/GO_BP/gsea_result.csv,GOBP_N_GLYCAN_PROCESSING,GOBP_N_GLYCAN_PROCESSING,0.0273,11,0.4231,0,0,1.0,0.0,keep,itself,,True,"GNPTG,GNPTAB,ST8SIA1,MAN1C1,MAN2A1,MAN2A2,MAN1A1,ST8SIA6,MGAT4A,MGAT4B,MAN1A2"
ngs,GSE282081,ATF3_correlation,3D_organoid_none,GO_BP,results/ngs/GSE282081/tables/ATF3_function/3D_organoid_none/GSEA/GO_BP/gsea_result.csv,GOBP_PROTEIN_TARGETING_TO_VACUOLE,GOBP_PROTEIN_TARGETING_TO_VACUOLE,0.0273,20,0.4082,33,15,0.2633,1.0,keep,GOBP_PROTEIN_TARGETING_TO_LYSOSOME,GOBP_PROTEIN_TARGETING_TO_LYSOSOME,False,"ZFYVE16,GCC2,HGS,AP3B1,GNPTG,NCOA4,GNPTAB,SORL1,SMURF1,VPS53,VPS13C,M6PR,IRGM,HSPA8,VPS41,AP3M1,GGA3,ATG14,VPS37A,CLU"
ngs,GSE282081,ATF3_correlation,3D_organoid_none,GO_BP,results/ngs/GSE282081/tables/ATF3_function/3D_organoid_none/GSEA/GO_BP/gsea_result.csv,GOBP_REGULATION_OF_MEMBRANE_LIPID_DISTRIBUTION,GOBP_REGULATION_OF_MEMBRANE_LIPID_DISTRIBUTION,0.0274,25,0.3676,31,13,0.2885,1.0,keep,GOBP_PLASMA_MEMBRANE_PHOSPHOLIPID_SCRAMBLING,GOBP_PLASMA_MEMBRANE_PHOSPHOLIPID_SCRAMBLING,False,"ABCG1,VMP1,CLPTM1L,VDAC2,SYT1,ARV1,GBA2,ATP10D,ATP8B2,PLSCR3,ABCB1,TMEM41B,XKR9,ATP9B,ANO9,ATP11C,ATG9B,SERINC5,ATP11A,ABCA3"
ngs,GSE282081,ATF3_correlation,3D_organoid_none,GO_BP,results/ngs/GSE282081/tables/ATF3_function/3D_organoid_none/GSEA/GO_BP/gsea_result.csv,GOBP_MITOCHONDRIAL_RNA_3_END_PROCESSING,GOBP_MITOCHONDRIAL_RNA_3_END_PROCESSING,0.0274,5,0.625,0,0,1.0,0.0,keep,itself,,True,"ANGEL2,PNPT1,SUPV3L1,TRMT10C,TRNT1"
ngs,GSE282081,ATF3_correlation,3D_organoid_none,GO_BP,results/ngs/GSE282081/tables/ATF3_function/3D_organoid_none/GSEA/GO_BP/gsea_result.csv,GOBP_POSITIVE_REGULATION_OF_POST_TRANSLATIONAL_PROTEIN_MODIFICATION,GOBP_POSITIVE_REGULATION_OF_POST_TRANSLATIONAL_PROTEIN_MODIFICATION,0.0275,41,0.3106,5,4,0.0322,1.0,exclude,GOBP_POSITIVE_REGULATION_OF_PROTEIN_NEDDYLATION,GOBP_POSITIVE_REGULATION_OF_PROTEIN_NEDDYLATION,False,"HDAC4,ARRDC4,DNAJA3,RIPK2,CBLB,CAV1,DCUN1D5,NDFIP1,CDK5RAP3,ZC3H12A,DERL1,WFS1,UBE3A,UBE2D1,TRAF6,MARCHF7,BMI1,SENP2,TRIB3,ARRDC3"
ngs,GSE282081,ATF3_correlation,3D_organoid_none,GO_BP,results/ngs/GSE282081/tables/ATF3_function/3D_organoid_none/GSEA/GO_BP/gsea_result.csv,GOBP_CELLULAR_RESPONSE_TO_LIPOPROTEIN_PARTICLE_STIMULUS,GOBP_CELLULAR_RESPONSE_TO_LIPOPROTEIN_PARTICLE_STIMULUS,0.0275,19,0.4043,5,5,0.0076,1.0,exclude,GOBP_LIPOPROTEIN_PARTICLE_MEDIATED_SIGNALING,GOBP_LIPOPROTEIN_PARTICLE_MEDIATED_SIGNALING,False,"ABCG1,SCARB1,CD36,CD9,ADAM17,SYK,SMPD3,TREM2,NPC1,LPL,MIA3,ITGB1,APP,APOA1,TXNIP,CDH13,CASR,CD68,SOCS5"
ngs,GSE282081,ATF3_correlation,3D_organoid_none,GO_BP,results/ngs/GSE282081/tables/ATF3_function/3D_organoid_none/GSEA/GO_BP/gsea_result.csv,GOBP_REGULATION_OF_HEART_RATE,GOBP_REGULATION_OF_HEART_RATE,0.0276,42,0.375,78,29,0.6271,0.0155,keep,GOBP_MUSCLE_CONTRACTION,GOBP_MUSCLE_CONTRACTION,True,"KCNJ5,KCNJ3,KCNH2,KCND3,JUP,HRC,RANGRF,GJA5,HEY2,EDNRA,EDN1,DRD2,ACE,ADRB1,POPDC1,NMU,AKAP9,CASQ2,PLN,CALM3"
ngs,GSE282081,ATF3_correlation,3D_organoid_none,GO_BP,results/ngs/GSE282081/tables/ATF3_function/3D_organoid_none/GSEA/GO_BP/gsea_result.csv,GOBP_GRANULOCYTE_MIGRATION,GOBP_GRANULOCYTE_MIGRATION,0.0276,55,0.3691,85,34,0.2336,0.0,keep,GOBP_NEUTROPHIL_CHEMOTAXIS,GOBP_NEUTROPHIL_CHEMOTAXIS,True,"CCL25,CCL24,CCL22,CCL7,S100A9,RARRES2,RAC1,CD177,CAMK1D,MAPK3,PPIA,PIK3CD,CKLF,MPP1,CD99,ITGA9,CXCR2,NCKAP1L,C5AR2,FUT7"
ngs,GSE282081,ATF3_correlation,3D_organoid_none,GO_BP,results/ngs/GSE282081/tables/ATF3_function/3D_organoid_none/GSEA/GO_BP/gsea_result.csv,GOBP_POLYKETIDE_METABOLIC_PROCESS,GOBP_POLYKETIDE_METABOLIC_PROCESS,0.0276,4,0.4,0,0,1.0,0.0,keep,itself,,True,"SULT1C4,AKR1C1,AKR1C4,AKR1A1"
ngs,GSE282081,ATF3_correlation,3D_organoid_none,GO_BP,results/ngs/GSE282081/tables/ATF3_function/3D_organoid_none/GSEA/GO_BP/gsea_result.csv,GOBP_REGULATION_OF_DNA_TEMPLATED_TRANSCRIPTION_INITIATION,GOBP_REGULATION_OF_DNA_TEMPLATED_TRANSCRIPTION_INITIATION,0.0277,27,0.3034,75,26,0.0332,1.0,exclude,GOBP_POSITIVE_REGULATION_OF_DNA_TEMPLATED_TRANSCRIPTION_INITIATION,GOBP_POSITIVE_REGULATION_OF_DNA_TEMPLATED_TRANSCRIPTION_INITIATION,False,"MED13,BCLAF1,MED7,MED26,MED17,MED10,KAT8,TAF3,FOSL1,XPA,TWIST1,TP53,HNF1A,TBP,TAF13,TAF11,TAF10,TAF7,TAF4B,MED29"
ngs,GSE282081,ATF3_correlation,3D_organoid_none,GO_BP,results/ngs/GSE282081/tables/ATF3_function/3D_organoid_none/GSEA/GO_BP/gsea_result.csv,GOBP_MITOCHONDRIAL_RESPIRATORY_CHAIN_COMPLEX_ASSEMBLY,GOBP_MITOCHONDRIAL_RESPIRATORY_CHAIN_COMPLEX_ASSEMBLY,0.0277,50,0.4902,9,6,0.2244,1.0,keep,GOBP_MITOCHONDRIAL_RESPIRASOME_ASSEMBLY,GOBP_MITOCHONDRIAL_RESPIRASOME_ASSEMBLY,False,"COX14,CEP89,COA8,IMMP2L,TMEM223,UQCRFS1,SURF1,ATPAF1,STMP1,SDHAF3,RAB5IF,TMEM126B,DMAC2,SDHAF2,HIGD1B,TIMMDC1,ATP5F1D,TACO1,NDUFA13,OXA1L"
ngs,GSE282081,ATF3_correlation,3D_organoid_none,GO_BP,results/ngs/GSE282081/tables/ATF3_function/3D_organoid_none/GSEA/GO_BP/gsea_result.csv,GOBP_MANGANESE_ION_TRANSPORT,GOBP_MANGANESE_ION_TRANSPORT,0.0278,6,0.5,0,0,1.0,0.0,keep,itself,,True,"ATP2C2,SLC41A2,ATP13A1,SLC11A2,ATP2C1,SLC39A14"
ngs,GSE282081,ATF3_correlation,3D_organoid_none,GO_BP,results/ngs/GSE282081/tables/ATF3_function/3D_organoid_none/GSEA/GO_BP/gsea_result.csv,GOBP_LYSOSOMAL_LUMEN_ACIDIFICATION,GOBP_LYSOSOMAL_LUMEN_ACIDIFICATION,0.028,11,0.44,0,0,1.0,0.0,keep,itself,,True,"TMEM9,SNAPIN,VMA21,CLN5,ATP6V1F,ATP6AP1,ATP6V0B,RNASEK,LAMP1,GRN,TCIRG1"
ngs,GSE282081,ATF3_correlation,3D_organoid_none,GO_BP,results/ngs/GSE282081/tables/ATF3_function/3D_organoid_none/GSEA/GO_BP/gsea_result.csv,GOBP_CELL_AGGREGATION,GOBP_CELL_AGGREGATION,0.028,15,0.5769,0,0,1.0,0.0,keep,itself,,True,"BARX2,WNT7A,MUC5B,SOX5,BMP1,SOX6,BPIFA1,MPZ,LTF,FGF6,COL11A1,THRA,TGFB2,CCN2,COL2A1"
ngs,GSE282081,ATF3_correlation,3D_organoid_none,GO_BP,results/ngs/GSE282081/tables/ATF3_function/3D_organoid_none/GSEA/GO_BP/gsea_result.csv,GOBP_TELOMERASE_RNA_LOCALIZATION,GOBP_TELOMERASE_RNA_LOCALIZATION,0.028,9,0.4737,0,0,1.0,0.0,keep,itself,,True,"RUVBL2,CCT8,CCT2,RUVBL1,CCT3,NHP2,NOP10,WRAP53,CCT7"
ngs,GSE282081,ATF3_correlation,3D_organoid_none,GO_BP,results/ngs/GSE282081/tables/ATF3_function/3D_organoid_none/GSEA/GO_BP/gsea_result.csv,GOBP_PURINE_CONTAINING_COMPOUND_TRANSMEMBRANE_TRANSPORT,GOBP_PURINE_CONTAINING_COMPOUND_TRANSMEMBRANE_TRANSPORT,0.0281,18,0.45,28,11,0.9274,0.3918,keep,GOBP_ORGANOPHOSPHATE_ESTER_TRANSPORT,GOBP_ORGANOPHOSPHATE_ESTER_TRANSPORT,False,"SLC25A51,LRRC8C,LRRC8E,SLC22A3,SLC22A1,SLC17A9,SLC29A3,LRRC8D,SLC35B3,SLC25A53,SLC25A24,SLC25A6,SLC43A3,LRRC8B,SLC29A1,SLC25A26,SLC25A17,SLC22A2"
ngs,GSE282081,ATF3_correlation,3D_organoid_none,GO_BP,results/ngs/GSE282081/tables/ATF3_function/3D_organoid_none/GSEA/GO_BP/gsea_result.csv,GOBP_AMINO_ACID_NEUROTRANSMITTER_REUPTAKE,GOBP_AMINO_ACID_NEUROTRANSMITTER_REUPTAKE,0.0284,6,0.6,0,0,1.0,0.0,keep,itself,,True,"PER2,SLC6A13,SLC6A12,SLC6A1,ITGB1,CLN8"
ngs,GSE282081,ATF3_correlation,3D_organoid_none,GO_BP,results/ngs/GSE282081/tables/ATF3_function/3D_organoid_none/GSEA/GO_BP/gsea_result.csv,GOBP_ORGANIC_ACID_CATABOLIC_PROCESS,GOBP_ORGANIC_ACID_CATABOLIC_PROCESS,0.0284,82,0.3306,5,4,0.0423,1.0,exclude,GOBP_ISOLEUCINE_METABOLIC_PROCESS,GOBP_ISOLEUCINE_METABOLIC_PROCESS,False,"HADH,HADHB,HADHA,GSTZ1,GPT,GOT2,GOT1,GLUD2,MCAT,GLDC,GCSH,GCDH,GAD2,PLA2G15,MLYCD,FAAH,ETFB,ACSF3,AGXT,ABAT"
ngs,GSE282081,ATF3_correlation,3D_organoid_none,GO_BP,results/ngs/GSE282081/tables/ATF3_function/3D_organoid_none/GSEA/GO_BP/gsea_result.csv,GOBP_PROTEIN_LOCALIZATION_TO_NUCLEUS,GOBP_PROTEIN_LOCALIZATION_TO_NUCLEUS,0.0284,109,0.3303,38,18,0.0369,1.0,exclude,GOBP_POSITIVE_REGULATION_OF_PROTEIN_IMPORT_INTO_NUCLEUS,GOBP_POSITIVE_REGULATION_OF_PROTEIN_IMPORT_INTO_NUCLEUS,False,"CDH1,SUPT7L,POM121,CDK1,NUP58,FAM53B,IPO13,NUP155,CD36,EIF2AK3,MFHAS1,LATS1,CCT6A,ZPR1,CBLB,TBRG1,EFCAB7,TAF3,SESN2,CDK5RAP3"
ngs,GSE282081,ATF3_correlation,3D_organoid_none,GO_BP,results/ngs/GSE282081/tables/ATF3_function/3D_organoid_none/GSEA/GO_BP/gsea_result.csv,GOBP_PROTEIN_LOCALIZATION_TO_MEMBRANE,GOBP_PROTEIN_LOCALIZATION_TO_MEMBRANE,0.0286,148,0.3176,0,0,1.0,0.0,keep,itself,,True,"CDH1,ATP2C2,C2CD5,TM9SF4,RAB11FIP3,GCC2,NUP155,PREPL,BAG4,TMEM59,ROCK2,CRIPT,NHERF1,CACNA2D2,TMEM88,LARGE1,MYADM,HGS,DNAJA3,MAP7"
ngs,GSE282081,ATF3_correlation,3D_organoid_none,GO_BP,results/ngs/GSE282081/tables/ATF3_function/3D_organoid_none/GSEA/GO_BP/gsea_result.csv,GOBP_ALKANESULFONATE_TRANSMEMBRANE_TRANSPORT,GOBP_ALKANESULFONATE_TRANSMEMBRANE_TRANSPORT,0.029,4,0.5,0,0,1.0,0.0,keep,itself,,True,"LRRC8C,SLC6A13,SLC6A6,LRRC8D"
ngs,GSE282081,ATF3_correlation,3D_organoid_none,GO_BP,results/ngs/GSE282081/tables/ATF3_function/3D_organoid_none/GSEA/GO_BP/gsea_result.csv,GOBP_ER_NUCLEUS_SIGNALING_PATHWAY,GOBP_ER_NUCLEUS_SIGNALING_PATHWAY,0.0291,22,0.4,11,7,0.0753,0.0,keep,GOBP_ER_OVERLOAD_RESPONSE,GOBP_ER_OVERLOAD_RESPONSE,True,"EIF2AK3,PPP1R15B,ATG10,RPAP2,XBP1,WFS1,TP53,CREBZF,PTPN2,CCDC47,FBXW7,TMEM33,QRICH1,INSIG2,ATP2A2,NFE2L2,ATF4,AMFR,ATF6,EIF2S1"
ngs,GSE282081,ATF3_correlation,3D_organoid_none,GO_BP,results/ngs/GSE282081/tables/ATF3_function/3D_organoid_none/GSEA/GO_BP/gsea_result.csv,GOBP_NEGATIVE_REGULATION_OF_CALCIUM_ION_DEPENDENT_EXOCYTOSIS,GOBP_NEGATIVE_REGULATION_OF_CALCIUM_ION_DEPENDENT_EXOCYTOSIS,0.0292,4,0.4444,0,0,1.0,0.0,keep,itself,,True,"NOTCH1,GNAI2,ADRA2A,CDK5"
ngs,GSE282081,ATF3_correlation,3D_organoid_none,GO_BP,results/ngs/GSE282081/tables/ATF3_function/3D_organoid_none/GSEA/GO_BP/gsea_result.csv,GOBP_REGULATION_OF_BLOOD_CIRCULATION,GOBP_REGULATION_OF_BLOOD_CIRCULATION,0.0294,60,0.2128,11,6,0.014,0.689,exclude,GOBP_ADENYLATE_CYCLASE_ACTIVATING_ADRENERGIC_RECEPTOR_SIGNALING_PATHWAY,GOBP_ADENYLATE_CYCLASE_ACTIVATING_ADRENERGIC_RECEPTOR_SIGNALING_PATHWAY,False,"TRDN,STUB1,KCNMB2,AKAP9,STRIT1,TRPA1,CASQ2,AVP,PLN,HTR2A,GSTO1,JPH4,CALM3,YWHAE,THRB,THRA,TH,TGFB2,TBXAS1,TBX5"
ngs,GSE282081,ATF3_correlation,3D_organoid_none,GO_BP,results/ngs/GSE282081/tables/ATF3_function/3D_organoid_none/GSEA/GO_BP/gsea_result.csv,GOBP_GLYCOPROTEIN_BIOSYNTHETIC_PROCESS,GOBP_GLYCOPROTEIN_BIOSYNTHETIC_PROCESS,0.0299,97,0.2985,26,11,0.1122,1.0,keep,GOBP_N_GLYCAN_PROCESSING,GOBP_N_GLYCAN_PROCESSING,False,"HS3ST4,HS2ST1,TMEM59,CHST10,CHST3,NDST3,B3GNT7,GCNT3,LARGE1,DSEL,HS6ST2,GAL3ST3,B4GALT4,ALG2,CHST1,ALG10,OGT,GNPTG,SLC10A7,MAGT1"
ngs,GSE282081,ATF3_correlation,3D_organoid_none,GO_BP,results/ngs/GSE282081/tables/ATF3_function/3D_organoid_none/GSEA/GO_BP/gsea_result.csv,GOBP_GENITALIA_MORPHOGENESIS,GOBP_GENITALIA_MORPHOGENESIS,0.03,6,0.5455,0,0,1.0,0.0,keep,itself,,True,"RBP4,NPR2,KLHL10,CTNNB1,SYCP2,NEUROG1"
ngs,GSE282081,ATF3_correlation,3D_organoid_none,GO_BP,results/ngs/GSE282081/tables/ATF3_function/3D_organoid_none/GSEA/GO_BP/gsea_result.csv,GOBP_PROTEIN_EXIT_FROM_ENDOPLASMIC_RETICULUM,GOBP_PROTEIN_EXIT_FROM_ENDOPLASMIC_RETICULUM,0.0301,20,0.3448,33,11,0.6889,0.8528,keep,GOBP_REGULATION_OF_INTRACELLULAR_PROTEIN_TRANSPORT,GOBP_REGULATION_OF_INTRACELLULAR_PROTEIN_TRANSPORT,False,"SEC24D,TM9SF4,HERPUD1,GCC2,SEC24C,RHBDD1,DERL1,UBE2G2,SURF4,SORL1,SEL1L,STEEP1,YOD1,AUP1,SAR1B,DERL2,LMAN1,SLC35D3,ERLEC1,FAF2"
ngs,GSE282081,ATF3_correlation,3D_organoid_none,GO_BP,results/ngs/GSE282081/tables/ATF3_function/3D_organoid_none/GSEA/GO_BP/gsea_result.csv,GOBP_REGULATION_OF_MONOCYTE_DIFFERENTIATION,GOBP_REGULATION_OF_MONOCYTE_DIFFERENTIATION,0.0301,11,0.55,0,0,1.0,0.0,keep,itself,,True,"IRF7,HOXA7,HLA-DRB1,FOXP1,FES,CSF1,ZBTB46,CDK6,CD74,CD4,CTNNBIP1"
ngs,GSE282081,ATF3_correlation,3D_organoid_none,GO_BP,results/ngs/GSE282081/tables/ATF3_function/3D_organoid_none/GSEA/GO_BP/gsea_result.csv,GOBP_MRNA_CATABOLIC_PROCESS,GOBP_MRNA_CATABOLIC_PROCESS,0.0302,92,0.2365,24,15,2.99e-05,1.0,exclude,GOBP_REGULATION_OF_NUCLEAR_TRANSCRIBED_MRNA_CATABOLIC_PROCESS_DEADENYLATION_DEPENDENT_DECAY,GOBP_REGULATION_OF_NUCLEAR_TRANSCRIBED_MRNA_CATABOLIC_PROCESS_DEADENYLATION_DEPENDENT_DECAY,False,"PAN2,BCLAF1,DHX34,PUM1,FXR2,ROCK2,QKI,MAPKAPK2,ANGEL2,ERI1,PNPT1,ZC3H12C,YBX3,ZCCHC7,PLEKHN1,SKIC8,EDC3,ZC3H12A,ZC3H14,TUT7"
ngs,GSE282081,ATF3_correlation,3D_organoid_none,GO_BP,results/ngs/GSE282081/tables/ATF3_function/3D_organoid_none/GSEA/GO_BP/gsea_result.csv,GOBP_SEROTONIN_BIOSYNTHETIC_PROCESS,GOBP_SEROTONIN_BIOSYNTHETIC_PROCESS,0.0303,3,0.6,3,3,0.1,0.0924,keep,GOBP_AROMATIC_AMINO_ACID_METABOLIC_PROCESS,GOBP_AROMATIC_AMINO_ACID_METABOLIC_PROCESS,False,"TPH1,TH,TPH2"
ngs,GSE282081,ATF3_correlation,3D_organoid_none,GO_BP,results/ngs/GSE282081/tables/ATF3_function/3D_organoid_none/GSEA/GO_BP/gsea_result.csv,GOBP_MICROTUBULE_ORGANIZING_CENTER_ORGANIZATION,GOBP_MICROTUBULE_ORGANIZING_CENTER_ORGANIZATION,0.0304,72,0.4364,0,0,1.0,0.0,keep,itself,,True,"CDK11B,CDK1,GCC2,ARHGEF10,ROCK2,HAUS8,TMEM67,CEP295,PARD6B,CCNL2,NDEL1,CEP44,CEP76,MCPH1,XRCC3,XRCC2,XPO1,BRCA1,SLC16A1,SKP1"
ngs,GSE282081,ATF3_correlation,3D_organoid_none,GO_BP,results/ngs/GSE282081/tables/ATF3_function/3D_organoid_none/GSEA/GO_BP/gsea_result.csv,GOBP_DNA_TEMPLATED_DNA_REPLICATION,GOBP_DNA_TEMPLATED_DNA_REPLICATION,0.0306,105,0.6034,6,5,0.2341,0.013,keep,GOBP_TELOMERIC_LOOP_DISASSEMBLY,GOBP_TELOMERIC_LOOP_DISASSEMBLY,True,"RECQL5,EXO1,CCNE2,DNAJA3,ZPR1,CUL2,MCM8,GINS4,MUS81,DBF4B,XRCC3,WRN,TERF1,BRCA1,METTL4,GINS3,NOC3L,BLM,FAM111A,RRM1"
ngs,GSE282081,ATF3_correlation,3D_organoid_none,GO_BP,results/ngs/GSE282081/tables/ATF3_function/3D_organoid_none/GSEA/GO_BP/gsea_result.csv,GOBP_POSITIVE_REGULATION_OF_DEFENSE_RESPONSE_TO_VIRUS_BY_HOST,GOBP_POSITIVE_REGULATION_OF_DEFENSE_RESPONSE_TO_VIRUS_BY_HOST,0.0308,15,0.4688,0,0,1.0,0.0,keep,itself,,True,"ZC3H12A,ZDHHC11,STAT1,MAVS,TRIM44,IL23A,IL12B,HSP90AA1,ZDHHC1,RIGI,TRIM6,TRIM22,PQBP1,PYCARD,TOMM70"
ngs,GSE282081,ATF3_correlation,3D_organoid_none,GO_BP,results/ngs/GSE282081/tables/ATF3_function/3D_organoid_none/GSEA/GO_BP/gsea_result.csv,GOBP_RHYTHMIC_PROCESS,GOBP_RHYTHMIC_PROCESS,0.0309,92,0.3046,214,73,0.0207,1.0,exclude,GOBP_CIRCADIAN_RHYTHM,GOBP_CIRCADIAN_RHYTHM,False,"NR1D2,CDK1,CLOCK,NR1D1,ROCK2,PER2,TNFRSF11A,BHLHE40,CIPC,OGT,HES7,RBM4B,CASP3,NRIP1,GPR157,SUV39H2,ROGDI,UBE3A,TWIST1,TP53"
ngs,GSE282081,ATF3_correlation,3D_organoid_none,GO_BP,results/ngs/GSE282081/tables/ATF3_function/3D_organoid_none/GSEA/GO_BP/gsea_result.csv,GOBP_POSITIVE_REGULATION_OF_AUTOPHAGY,GOBP_POSITIVE_REGULATION_OF_AUTOPHAGY,0.0312,57,0.3497,7,6,0.0077,0.0566,exclude,GOBP_PIECEMEAL_MICROAUTOPHAGY_OF_THE_NUCLEUS,GOBP_PIECEMEAL_MICROAUTOPHAGY_OF_THE_NUCLEUS,False,"RB1CC1,DELE1,ATG13,TMEM59,ATG5,MTDH,RIPK2,ULK1,SESN2,CDK5RAP3,ZC3H12A,PLEKHF1,XBP1,UBE2A,TSC2,DEPTOR,MOAP1,RPGR,ELAPOR1,MAP2K1"
ngs,GSE282081,ATF3_correlation,3D_organoid_none,GO_BP,results/ngs/GSE282081/tables/ATF3_function/3D_organoid_none/GSEA/GO_BP/gsea_result.csv,GOBP_NEURON_PROJECTION_EXTENSION,GOBP_NEURON_PROJECTION_EXTENSION,0.0312,53,0.3118,3,3,0.0291,0.4,exclude,GOBP_CRANIAL_GANGLION_DEVELOPMENT,GOBP_CRANIAL_GANGLION_DEVELOPMENT,False,"CDH1,SLC23A2,KIAA0319,CLSTN3,PLAA,DCLK1,CPNE1,NRP1,NRP2,RASAL1,LLPH,ULK1,NDEL1,TRIM46,SEMA6D,CCDC134,WNT5A,VEGFA,VCL,TNR"
ngs,GSE282081,ATF3_correlation,3D_organoid_none,GO_BP,results/ngs/GSE282081/tables/ATF3_function/3D_organoid_none/GSEA/GO_BP/gsea_result.csv,GOBP_POSITIVE_REGULATION_OF_RECEPTOR_CATABOLIC_PROCESS,GOBP_POSITIVE_REGULATION_OF_RECEPTOR_CATABOLIC_PROCESS,0.0313,9,1.0,0,0,1.0,0.0,keep,itself,,True,"GIT1,ABCA2,DTX3L,LAPTM5,PTPN1,ITCH,HAMP,APOE,PCSK9"
ngs,GSE282081,ATF3_correlation,3D_organoid_none,GO_BP,results/ngs/GSE282081/tables/ATF3_function/3D_organoid_none/GSEA/GO_BP/gsea_result.csv,GOBP_RESPONSE_TO_TOPOLOGICALLY_INCORRECT_PROTEIN,GOBP_RESPONSE_TO_TOPOLOGICALLY_INCORRECT_PROTEIN,0.0314,62,0.3605,6,4,0.1251,0.3918,keep,GOBP_ER_OVERLOAD_RESPONSE,GOBP_ER_OVERLOAD_RESPONSE,False,"HERPUD1,EIF2AK3,VAPB,KBTBD6,STC2,CAV1,PPP1R15B,CREB3L3,RHBDD1,KLHL15,CDK5RAP3,EDEM3,DNAJB14,ERMP1,RPAP2,DERL1,XBP1,WFS1,TMBIM6,HERPUD2"
ngs,GSE282081,ATF3_correlation,3D_organoid_none,GO_BP,results/ngs/GSE282081/tables/ATF3_function/3D_organoid_none/GSEA/GO_BP/gsea_result.csv,GOBP_VACUOLAR_TRANSMEMBRANE_TRANSPORT,GOBP_VACUOLAR_TRANSMEMBRANE_TRANSPORT,0.0314,4,0.4444,4,3,0.1667,0.3427,keep,GOBP_ZINC_ION_IMPORT_INTO_ORGANELLE,GOBP_ZINC_ION_IMPORT_INTO_ORGANELLE,False,"SLC30A4,SLC30A3,SLC30A2,SLC17A9"
ngs,GSE282081,ATF3_correlation,3D_organoid_none,GO_BP,results/ngs/GSE282081/tables/ATF3_function/3D_organoid_none/GSEA/GO_BP/gsea_result.csv,GOBP_SIGNAL_TRANSDUCTION_BY_P53_CLASS_MEDIATOR,GOBP_SIGNAL_TRANSDUCTION_BY_P53_CLASS_MEDIATOR,0.0317,66,0.335,0,0,1.0,0.0,keep,itself,,True,"USP15,URB2,CD44,USP10,TRIM24,URI1,FAM193A,DYRK2,DYRK3,TAF3,ARMC10,SESN2,BCL2L12,CABLES2,CDK5RAP3,RNF34,KAT6A,TWIST1,TP53BP2,TP53"
ngs,GSE282081,ATF3_correlation,3D_organoid_none,GO_BP,results/ngs/GSE282081/tables/ATF3_function/3D_organoid_none/GSEA/GO_BP/gsea_result.csv,GOBP_REGULATION_OF_HEMOGLOBIN_BIOSYNTHETIC_PROCESS,GOBP_REGULATION_OF_HEMOGLOBIN_BIOSYNTHETIC_PROCESS,0.0317,5,0.625,6,5,0.1071,1.0,keep,GOBP_POSITIVE_REGULATION_OF_HEMOGLOBIN_BIOSYNTHETIC_PROCESS,GOBP_POSITIVE_REGULATION_OF_HEMOGLOBIN_BIOSYNTHETIC_PROCESS,False,"KLF4,LDB1,SLC6A9,SLC25A37,ABCB10"
ngs,GSE282081,ATF3_correlation,3D_organoid_none,GO_BP,results/ngs/GSE282081/tables/ATF3_function/3D_organoid_none/GSEA/GO_BP/gsea_result.csv,GOBP_CHOLESTEROL_STORAGE,GOBP_CHOLESTEROL_STORAGE,0.0317,9,0.36,3,3,0.0365,1.0,exclude,GOBP_LIPOPROTEIN_PARTICLE_MEDIATED_SIGNALING,GOBP_LIPOPROTEIN_PARTICLE_MEDIATED_SIGNALING,False,"ABCG1,SCARB1,CD36,SOAT1,TREM2,NPC1,MSR1,LPL,LIPA"
ngs,GSE282081,ATF3_correlation,3D_organoid_none,GO_BP,results/ngs/GSE282081/tables/ATF3_function/3D_organoid_none/GSEA/GO_BP/gsea_result.csv,GOBP_MITOCHONDRION_ORGANIZATION,GOBP_MITOCHONDRION_ORGANIZATION,0.0318,76,0.1805,12,6,0.0107,1.0,exclude,GOBP_NEGATIVE_REGULATION_OF_MITOCHONDRIAL_OUTER_MEMBRANE_PERMEABILIZATION_INVOLVED_IN_APOPTOTIC_SIGNALING_PATHWAY,GOBP_NEGATIVE_REGULATION_OF_MITOCHONDRIAL_OUTER_MEMBRANE_PERMEABILIZATION_INVOLVED_IN_APOPTOTIC_SIGNALING_PATHWAY,False,"NDUFAF2,AIFM1,DMAC1,RAB29,TMEM11,TNFSF10,PYROXD2,MGARP,CHCHD6,UQCC2,ALKBH7,CLPP,SLIRP,RCC1L,CALM3,OPA3,MYH14,UCP2,BOK,INF2"
ngs,GSE282081,ATF3_correlation,3D_organoid_none,GO_BP,results/ngs/GSE282081/tables/ATF3_function/3D_organoid_none/GSEA/GO_BP/gsea_result.csv,GOBP_REGULATION_OF_P38MAPK_CASCADE,GOBP_REGULATION_OF_P38MAPK_CASCADE,0.0319,17,0.3864,28,11,0.5835,1.0,keep,GOBP_POSITIVE_REGULATION_OF_P38MAPK_CASCADE,GOBP_POSITIVE_REGULATION_OF_P38MAPK_CASCADE,False,"MFHAS1,CAV3,ZC3H12A,BMP4,TREM2,PER1,OPRK1,MAP3K4,IL1B,RELL2,STK39,PTPN22,DUSP1,DSC2,GADD45A,DUSP10,GADD45G"
ngs,GSE282081,ATF3_correlation,3D_organoid_none,GO_BP,results/ngs/GSE282081/tables/ATF3_function/3D_organoid_none/GSEA/GO_BP/gsea_result.csv,GOBP_LABYRINTHINE_LAYER_DEVELOPMENT,GOBP_LABYRINTHINE_LAYER_DEVELOPMENT,0.0319,18,0.3673,24,11,0.1592,0.1529,keep,GOBP_PLACENTA_BLOOD_VESSEL_DEVELOPMENT,GOBP_PLACENTA_BLOOD_VESSEL_DEVELOPMENT,False,"SOCS3,GCM1,CASP8,GGNBP2,WNT2,ZFP36L1,ST14,SPINT1,BMP5,SENP2,OVOL2,MAP2K1,LLGL2,JUNB,RBPJ,CCN1,GJB5,VASH1"
ngs,GSE282081,ATF3_correlation,3D_organoid_none,GO_BP,results/ngs/GSE282081/tables/ATF3_function/3D_organoid_none/GSEA/GO_BP/gsea_result.csv,GOBP_REGULATION_OF_CHOLESTEROL_IMPORT,GOBP_REGULATION_OF_CHOLESTEROL_IMPORT,0.0323,3,0.6,2,2,0.3,0.1004,keep,GOBP_PROTEIN_LOCALIZATION_TO_MEMBRANE,GOBP_PROTEIN_LOCALIZATION_TO_MEMBRANE,False,"COMMD1,APOC3,LAMTOR1"
ngs,GSE282081,ATF3_correlation,3D_organoid_none,GO_BP,results/ngs/GSE282081/tables/ATF3_function/3D_organoid_none/GSEA/GO_BP/gsea_result.csv,GOBP_VALINE_METABOLIC_PROCESS,GOBP_VALINE_METABOLIC_PROCESS,0.0324,5,0.7143,0,0,1.0,0.0,keep,itself,,True,"HIBADH,BCKDK,BCAT2,ALDH6A1,ECHS1"
ngs,GSE282081,ATF3_correlation,3D_organoid_none,GO_BP,results/ngs/GSE282081/tables/ATF3_function/3D_organoid_none/GSEA/GO_BP/gsea_result.csv,GOBP_REGULATION_OF_PRESYNAPTIC_MEMBRANE_POTENTIAL,GOBP_REGULATION_OF_PRESYNAPTIC_MEMBRANE_POTENTIAL,0.0325,7,0.2414,0,0,1.0,0.0,keep,itself,,True,"KCNJ11,KCNJ8,GRIN2D,GRIA1,KCNMB4,GABRR1,GABRB1"
ngs,GSE282081,ATF3_correlation,3D_organoid_none,GO_BP,results/ngs/GSE282081/tables/ATF3_function/3D_organoid_none/GSEA/GO_BP/gsea_result.csv,GOBP_CD8_POSITIVE_ALPHA_BETA_T_CELL_HOMEOSTASIS,GOBP_CD8_POSITIVE_ALPHA_BETA_T_CELL_HOMEOSTASIS,0.0329,9,0.6,0,0,1.0,0.0,keep,itself,,True,"PSMB4,PSMB1,PSMA5,PSMA4,PSMA3,PSMB10,PSMB8,PSMB3,PSMA7"
ngs,GSE282081,ATF3_correlation,3D_organoid_none,GO_BP,results/ngs/GSE282081/tables/ATF3_function/3D_organoid_none/GSEA/GO_BP/gsea_result.csv,GOBP_GRANULOCYTE_CHEMOTAXIS,GOBP_GRANULOCYTE_CHEMOTAXIS,0.033,24,0.1967,85,19,0.1906,1.0,keep,GOBP_NEUTROPHIL_CHEMOTAXIS,GOBP_NEUTROPHIL_CHEMOTAXIS,False,"RIPOR2,CCL21,CD74,IL17RC,SCG2,VAV1,C3AR1,C1QBP,TGFB2,BSG,SRP54,CX3CL1,CXCL6,CCL2,TRPV4,RAC2,CCL28,PDE4B,LGALS3,ITGA1"
ngs,GSE282081,ATF3_correlation,3D_organoid_none,GO_BP,results/ngs/GSE282081/tables/ATF3_function/3D_organoid_none/GSEA/GO_BP/gsea_result.csv,GOBP_NEGATIVE_REGULATION_OF_LIPID_TRANSPORT,GOBP_NEGATIVE_REGULATION_OF_LIPID_TRANSPORT,0.033,10,0.1923,0,0,1.0,0.0,keep,itself,,True,"APOC3,CYP4F2,PLA2G10,KCNK9,FIS1,APOE,APOC1,PCSK9,AKT2,NR1H3"
ngs,GSE282081,ATF3_correlation,3D_organoid_none,GO_BP,results/ngs/GSE282081/tables/ATF3_function/3D_organoid_none/GSEA/GO_BP/gsea_result.csv,GOBP_T_HELPER_2_CELL_DIFFERENTIATION,GOBP_T_HELPER_2_CELL_DIFFERENTIATION,0.033,9,0.5294,0,0,1.0,0.0,keep,itself,,True,"BCL6,ASCL2,HLX,NLRP3,IL18,RARA,KMT2A,MEN1,BATF"
ngs,GSE282081,ATF3_correlation,3D_organoid_none,GO_BP,results/ngs/GSE282081/tables/ATF3_function/3D_organoid_none/GSEA/GO_BP/gsea_result.csv,GOBP_SPLICEOSOMAL_TRI_SNRNP_COMPLEX_ASSEMBLY,GOBP_SPLICEOSOMAL_TRI_SNRNP_COMPLEX_ASSEMBLY,0.0331,13,0.2653,5,4,0.0142,0.1212,exclude,GOBP_NUCLEAR_HISTONE_MRNA_CATABOLIC_PROCESS,GOBP_NUCLEAR_HISTONE_MRNA_CATABOLIC_PROCESS,False,"PRPF8,TSSC4,DDX23,SNRNP40,SART1,SNRPG,SNRPF,SNRPD3,SNRPB,LSM2,LSM7,SNU13,LSM3"
ngs,GSE282081,ATF3_correlation,3D_organoid_none,GO_BP,results/ngs/GSE282081/tables/ATF3_function/3D_organoid_none/GSEA/GO_BP/gsea_result.csv,GOBP_CD4_POSITIVE_CD25_POSITIVE_ALPHA_BETA_REGULATORY_T_CELL_DIFFERENTIATION,GOBP_CD4_POSITIVE_CD25_POSITIVE_ALPHA_BETA_REGULATORY_T_CELL_DIFFERENTIATION,0.0331,7,0.6364,0,0,1.0,0.0,keep,itself,,True,"HLA-DRB1,FUT7,PLA2G2D,TOX,KLHL25,FOXP3,LGALS9"
ngs,GSE282081,ATF3_correlation,3D_organoid_none,GO_BP,results/ngs/GSE282081/tables/ATF3_function/3D_organoid_none/GSEA/GO_BP/gsea_result.csv,GOBP_RECOMBINATIONAL_REPAIR,GOBP_RECOMBINATIONAL_REPAIR,0.0336,67,0.3418,26,14,0.0221,1.0,exclude,GOBP_NEGATIVE_REGULATION_OF_DOUBLE_STRAND_BREAK_REPAIR_VIA_HOMOLOGOUS_RECOMBINATION,GOBP_NEGATIVE_REGULATION_OF_DOUBLE_STRAND_BREAK_REPAIR_VIA_HOMOLOGOUS_RECOMBINATION,False,"RECQL4,RECQL5,MCM8,GINS4,SLF1,KLHL15,MUS81,RMI1,PALB2,SMC6,AUNIP,XRCC3,XRCC2,WRN,BRCA1,BRD9,MEAF6,SFPQ,BLM,FIGNL1"
ngs,GSE282081,ATF3_correlation,3D_organoid_none,GO_BP,results/ngs/GSE282081/tables/ATF3_function/3D_organoid_none/GSEA/GO_BP/gsea_result.csv,GOBP_PROTEIN_RNA_COMPLEX_ORGANIZATION,GOBP_PROTEIN_RNA_COMPLEX_ORGANIZATION,0.0338,49,0.1801,24,13,2.62e-05,1.0,exclude,GOBP_RIBOSOMAL_SMALL_SUBUNIT_ASSEMBLY,GOBP_RIBOSOMAL_SMALL_SUBUNIT_ASSEMBLY,False,"DDX23,SNRNP40,ZNHIT3,SART1,EIF3I,EIF3H,EIF3F,RUVBL1,SF3B5,RCC1L,GEMIN6,SNIP1,RBM42,TUFM,SNRPG,SNRPF,SNRPD3,SNRPC,SNRPB,SNRPA1"
ngs,GSE282081,ATF3_correlation,3D_organoid_none,GO_BP,results/ngs/GSE282081/tables/ATF3_function/3D_organoid_none/GSEA/GO_BP/gsea_result.csv,GOBP_MITOCHONDRIAL_RIBOSOME_ASSEMBLY,GOBP_MITOCHONDRIAL_RIBOSOME_ASSEMBLY,0.0339,14,0.5185,0,0,1.0,0.0,keep,itself,,True,"MRPS2,NDUFAB1,MCAT,DHX30,METTL15,MALSU1,GTPBP6,MPV17L2,RCC1L,TUFM,NGRN,TFB1M,MRM2,ERAL1"
ngs,GSE282081,ATF3_correlation,3D_organoid_none,GO_BP,results/ngs/GSE282081/tables/ATF3_function/3D_organoid_none/GSEA/GO_BP/gsea_result.csv,GOBP_SCF_DEPENDENT_PROTEASOMAL_UBIQUITIN_DEPENDENT_PROTEIN_CATABOLIC_PROCESS,GOBP_SCF_DEPENDENT_PROTEASOMAL_UBIQUITIN_DEPENDENT_PROTEIN_CATABOLIC_PROCESS,0.0341,28,0.3294,0,0,1.0,0.0,keep,itself,,True,"CUL2,FBXO30,CUL5,FBXO11,FBXL18,FBXO31,SKP1,FBXW7,FBXO42,LMO7,NCCRP1,FBXO43,FBXO3,FBXO5,FBXO9,FBXO10,FBXO22,TSPAN17,FBXL4,FBXL6"
ngs,GSE282081,ATF3_correlation,3D_organoid_none,GO_BP,results/ngs/GSE282081/tables/ATF3_function/3D_organoid_none/GSEA/GO_BP/gsea_result.csv,GOBP_NEGATIVE_REGULATION_OF_CANONICAL_NF_KAPPAB_SIGNAL_TRANSDUCTION,GOBP_NEGATIVE_REGULATION_OF_CANONICAL_NF_KAPPAB_SIGNAL_TRANSDUCTION,0.0341,26,0.268,0,0,1.0,0.0,keep,itself,,True,"NR1H4,NR1D1,KLF4,USP10,DNAJA3,TAX1BP1,RIOK3,CASP8,ZC3H12A,TLE1,STAT1,RORA,OTUD7B,C15orf39,TRIM39,MAP2K5,PPP2CB,PPM1B,TREM2,PER1"
ngs,GSE282081,ATF3_correlation,3D_organoid_none,GO_BP,results/ngs/GSE282081/tables/ATF3_function/3D_organoid_none/GSEA/GO_BP/gsea_result.csv,GOBP_REGULATION_OF_TRANSLATIONAL_INITIATION,GOBP_REGULATION_OF_TRANSLATIONAL_INITIATION,0.0346,35,0.3646,35,19,0.0059,0.0516,exclude,GOBP_CYTOPLASMIC_TRANSLATION,GOBP_CYTOPLASMIC_TRANSLATION,False,"BZW1,EIF2AK3,ZNF598,EIF2B4,CSDE1,GIGYF1,RPS6KB1,RBM4,MIF4GD,METTL3,DNAJC3,EIF2AK2,IMPACT,YTHDF1,DHX29,YTHDF2,NCBP1,ATF4,HHEX,BZW2"
ngs,GSE282081,ATF3_correlation,3D_organoid_none,GO_BP,results/ngs/GSE282081/tables/ATF3_function/3D_organoid_none/GSEA/GO_BP/gsea_result.csv,GOBP_PHOSPHATIDYLINOSITOL_BIOSYNTHETIC_PROCESS,GOBP_PHOSPHATIDYLINOSITOL_BIOSYNTHETIC_PROCESS,0.0346,73,0.6033,11,8,0.294,0.0358,keep,GOBP_PHOSPHATIDYLINOSITOL_MEDIATED_SIGNALING,GOBP_PHOSPHATIDYLINOSITOL_MEDIATED_SIGNALING,True,"FIG4,TPTE2,PIGM,MTMR6,MTMR3,DGKE,PGAP4,ITPKC,PGAP1,MPPE1,SLC30A5,SBF1,PITPNM2,PTEN,VAC14,PI4K2A,PI4K2B,PI4KB,PIK3R1,PIK3CB"
ngs,GSE282081,ATF3_correlation,3D_organoid_none,GO_BP,results/ngs/GSE282081/tables/ATF3_function/3D_organoid_none/GSEA/GO_BP/gsea_result.csv,GOBP_REGULATION_OF_VASCULAR_PERMEABILITY,GOBP_REGULATION_OF_VASCULAR_PERMEABILITY,0.0351,13,0.2453,0,0,1.0,0.0,keep,itself,,True,"TEK,TACR1,ABCC8,SRC,CEACAM1,TRPV4,CTNNBIP1,PRKG1,PDE3A,APOE,TJP3,PTP4A3,CDH5"
ngs,GSE282081,ATF3_correlation,3D_organoid_none,GO_BP,results/ngs/GSE282081/tables/ATF3_function/3D_organoid_none/GSEA/GO_BP/gsea_result.csv,GOBP_INTERLEUKIN_23_MEDIATED_SIGNALING_PATHWAY,GOBP_INTERLEUKIN_23_MEDIATED_SIGNALING_PATHWAY,0.0352,4,0.5,0,0,1.0,0.0,keep,itself,,True,"TYK2,IL23A,JAK2,IL12B"
ngs,GSE282081,ATF3_correlation,3D_organoid_none,GO_BP,results/ngs/GSE282081/tables/ATF3_function/3D_organoid_none/GSEA/GO_BP/gsea_result.csv,GOBP_RESPONSE_TO_PROGESTERONE,GOBP_RESPONSE_TO_PROGESTERONE,0.0352,11,0.3333,0,0,1.0,0.0,keep,itself,,True,"ACOD1,NKX2-2,TGFB2,TACR1,SREBF1,SRC,PTGER2,GABRB1,WBP2,NCOA2,NR1H3"
ngs,GSE282081,ATF3_correlation,3D_organoid_none,GO_BP,results/ngs/GSE282081/tables/ATF3_function/3D_organoid_none/GSEA/GO_BP/gsea_result.csv,GOBP_SKELETAL_MUSCLE_CELL_DIFFERENTIATION,GOBP_SKELETAL_MUSCLE_CELL_DIFFERENTIATION,0.0353,27,0.3418,13,6,0.246,1.0,keep,GOBP_SKELETAL_MUSCLE_SATELLITE_CELL_DIFFERENTIATION,GOBP_SKELETAL_MUSCLE_SATELLITE_CELL_DIFFERENTIATION,False,"NR1D2,MYOCD,COPS2,LARGE1,MYLK2,MEGF10,KAT8,AKIRIN1,FKRP,BTG2,KLF5,SCX,BCL9,CYP26B1,SIX4,PAX5,ATF3,MYC,FOXN2,NR4A1"
ngs,GSE282081,ATF3_correlation,3D_organoid_none,GO_BP,results/ngs/GSE282081/tables/ATF3_function/3D_organoid_none/GSEA/GO_BP/gsea_result.csv,GOBP_ACIDIC_AMINO_ACID_TRANSPORT,GOBP_ACIDIC_AMINO_ACID_TRANSPORT,0.0355,29,0.3671,6,5,0.0231,1.0,exclude,GOBP_GAMMA_AMINOBUTYRIC_ACID_IMPORT,GOBP_GAMMA_AMINOBUTYRIC_ACID_IMPORT,False,"TTYH2,NHERF1,PER2,LRRC8C,LRRC8E,SLC25A22,BEST1,SLC12A2,SLC6A13,SLC6A6,SLC6A1,SLC3A1,SLC1A4,SLC1A1,SLC7A14,LRRC8D,SLC38A2,NTSR1,NTRK2,KCNK1"
ngs,GSE282081,ATF3_correlation,3D_organoid_none,GO_BP,results/ngs/GSE282081/tables/ATF3_function/3D_organoid_none/GSEA/GO_BP/gsea_result.csv,GOBP_LIPID_TRANSLOCATION,GOBP_LIPID_TRANSLOCATION,0.0355,23,0.371,31,13,0.2998,1.0,keep,GOBP_PLASMA_MEMBRANE_PHOSPHOLIPID_SCRAMBLING,GOBP_PLASMA_MEMBRANE_PHOSPHOLIPID_SCRAMBLING,False,"ABCG1,VMP1,CLPTM1L,VDAC2,SYT1,ATP10D,ATP8B2,PLSCR3,ABCB1,TMEM41B,XKR9,ATP9B,ANO9,ATP11C,ATG9B,SERINC5,ATP11A,ABCA3,ANO5,ANO6"
ngs,GSE282081,ATF3_correlation,3D_organoid_none,GO_BP,results/ngs/GSE282081/tables/ATF3_function/3D_organoid_none/GSEA/GO_BP/gsea_result.csv,GOBP_FATTY_ACID_METABOLIC_PROCESS,GOBP_FATTY_ACID_METABOLIC_PROCESS,0.0356,79,0.1841,19,7,0.0421,0.2763,exclude,GOBP_PROTEIN_CONTAINING_COMPLEX_REMODELING,GOBP_PROTEIN_CONTAINING_COMPLEX_REMODELING,False,"AVP,UGT1A7,PLA2G5,APOC3,CYP2C8,CD74,NCOR1,FADS2,LIPG,CBR1,PLA2G4C,CYP4F2,ALKBH7,PLA2G10,CCDC3,ACOX2,SCD5,ACBD4,TNXB,TBXAS1"
ngs,GSE282081,ATF3_correlation,3D_organoid_none,GO_BP,results/ngs/GSE282081/tables/ATF3_function/3D_organoid_none/GSEA/GO_BP/gsea_result.csv,GOBP_POSITIVE_REGULATION_OF_INTEGRIN_MEDIATED_SIGNALING_PATHWAY,GOBP_POSITIVE_REGULATION_OF_INTEGRIN_MEDIATED_SIGNALING_PATHWAY,0.0358,9,0.6923,6,5,0.3427,1.0,keep,GOBP_REGULATION_OF_BASEMENT_MEMBRANE_ORGANIZATION,GOBP_REGULATION_OF_BASEMENT_MEMBRANE_ORGANIZATION,False,"LIMS2,LAMC1,LAMB2,LAMB1,LAMA2,EMP2,CD63,VTN,NID1"
ngs,GSE282081,ATF3_correlation,3D_organoid_none,GO_BP,results/ngs/GSE282081/tables/ATF3_function/3D_organoid_none/GSEA/GO_BP/gsea_result.csv,GOBP_REGULATION_OF_APOPTOTIC_PROCESS_INVOLVED_IN_DEVELOPMENT,GOBP_REGULATION_OF_APOPTOTIC_PROCESS_INVOLVED_IN_DEVELOPMENT,0.0358,5,0.3571,3,3,0.0275,0.0082,keep,GOBP_HOMEOSTASIS_OF_NUMBER_OF_CELLS,GOBP_HOMEOSTASIS_OF_NUMBER_OF_CELLS,True,"VDR,TGFB2,HNF1B,BAX,NOTCH1"
ngs,GSE282081,ATF3_correlation,3D_organoid_none,GO_BP,results/ngs/GSE282081/tables/ATF3_function/3D_organoid_none/GSEA/GO_BP/gsea_result.csv,GOBP_PALLIUM_DEVELOPMENT,GOBP_PALLIUM_DEVELOPMENT,0.036,67,0.3367,0,0,1.0,0.0,keep,itself,,True,"ZEB2,FXR2,FOXP2,ADGRG1,LARGE1,ARHGAP11B,CASP3,TMEM14B,NDEL1,MCPH1,BTG2,SLC2A1,PALS1,TRA2B,LHX5,BCAN,BBS4,PTEN,XAB2,RELN"
ngs,GSE282081,ATF3_correlation,3D_organoid_none,GO_BP,results/ngs/GSE282081/tables/ATF3_function/3D_organoid_none/GSEA/GO_BP/gsea_result.csv,GOBP_CYTOLYSIS_BY_HOST_OF_SYMBIONT_CELLS,GOBP_CYTOLYSIS_BY_HOST_OF_SYMBIONT_CELLS,0.0361,4,0.3636,7,4,0.1061,0.0379,keep,GOBP_ANTIMICROBIAL_HUMORAL_IMMUNE_RESPONSE_MEDIATED_BY_ANTIMICROBIAL_PEPTIDE,GOBP_ANTIMICROBIAL_HUMORAL_IMMUNE_RESPONSE_MEDIATED_BY_ANTIMICROBIAL_PEPTIDE,True,"CAMP,F2,ROMO1,SPAG11B"
ngs,GSE282081,ATF3_correlation,3D_organoid_none,GO_BP,results/ngs/GSE282081/tables/ATF3_function/3D_organoid_none/GSEA/GO_BP/gsea_result.csv,GOBP_NUCLEAR_TRANSCRIBED_MRNA_CATABOLIC_PROCESS,GOBP_NUCLEAR_TRANSCRIBED_MRNA_CATABOLIC_PROCESS,0.0363,52,0.3514,24,15,0.0027,1.0,exclude,GOBP_REGULATION_OF_NUCLEAR_TRANSCRIBED_MRNA_CATABOLIC_PROCESS_DEADENYLATION_DEPENDENT_DECAY,GOBP_REGULATION_OF_NUCLEAR_TRANSCRIBED_MRNA_CATABOLIC_PROCESS_DEADENYLATION_DEPENDENT_DECAY,False,"PAN2,DHX34,ERI1,ZCCHC7,SKIC8,EDC3,ZC3H12A,TUT7,SECISBP2,BTG2,CSDE1,ZFP36,ZFP36L2,ZFP36L1,UPF3A,UPF3B,TENT4B,UPF1,SMG9,DCP1A"
ngs,GSE282081,ATF3_correlation,3D_organoid_none,GO_BP,results/ngs/GSE282081/tables/ATF3_function/3D_organoid_none/GSEA/GO_BP/gsea_result.csv,GOBP_NEGATIVE_REGULATION_OF_HYPOXIA_INDUCED_INTRINSIC_APOPTOTIC_SIGNALING_PATHWAY,GOBP_NEGATIVE_REGULATION_OF_HYPOXIA_INDUCED_INTRINSIC_APOPTOTIC_SIGNALING_PATHWAY,0.0363,4,0.5714,0,0,1.0,0.0,keep,itself,,True,"NOL3,TMBIM6,MAP2K1,PIK3CB"
ngs,GSE282081,ATF3_correlation,3D_organoid_none,GO_BP,results/ngs/GSE282081/tables/ATF3_function/3D_organoid_none/GSEA/GO_BP/gsea_result.csv,GOBP_NEGATIVE_REGULATION_OF_PEPTIDYL_THREONINE_PHOSPHORYLATION,GOBP_NEGATIVE_REGULATION_OF_PEPTIDYL_THREONINE_PHOSPHORYLATION,0.0363,4,0.8,0,0,1.0,0.0,keep,itself,,True,"SIRT2,DMTN,TTC36,CADM4"
ngs,GSE282081,ATF3_correlation,3D_organoid_none,GO_BP,results/ngs/GSE282081/tables/ATF3_function/3D_organoid_none/GSEA/GO_BP/gsea_result.csv,GOBP_CELLULAR_RESPONSE_TO_MAGNESIUM_ION,GOBP_CELLULAR_RESPONSE_TO_MAGNESIUM_ION,0.0368,4,0.5714,0,0,1.0,0.0,keep,itself,,True,"RYR3,SMPD3,SLFN14,ANK3"
ngs,GSE282081,ATF3_correlation,3D_organoid_none,GO_BP,results/ngs/GSE282081/tables/ATF3_function/3D_organoid_none/GSEA/GO_BP/gsea_result.csv,GOBP_NEGATIVE_REGULATION_OF_G0_TO_G1_TRANSITION,GOBP_NEGATIVE_REGULATION_OF_G0_TO_G1_TRANSITION,0.0371,3,0.3333,0,0,1.0,0.0,keep,itself,,True,"PPP2R5B,DAB2IP,ZNHIT1"
ngs,GSE282081,ATF3_correlation,3D_organoid_none,GO_BP,results/ngs/GSE282081/tables/ATF3_function/3D_organoid_none/GSEA/GO_BP/gsea_result.csv,GOBP_REGULATION_OF_CALCIUM_ION_EXPORT_ACROSS_PLASMA_MEMBRANE,GOBP_REGULATION_OF_CALCIUM_ION_EXPORT_ACROSS_PLASMA_MEMBRANE,0.0372,3,0.5,0,0,1.0,0.0,keep,itself,,True,"RGS9,CALM3,YWHAE"
ngs,GSE282081,ATF3_correlation,3D_organoid_none,GO_BP,results/ngs/GSE282081/tables/ATF3_function/3D_organoid_none/GSEA/GO_BP/gsea_result.csv,GOBP_AMYLOID_PRECURSOR_PROTEIN_CATABOLIC_PROCESS,GOBP_AMYLOID_PRECURSOR_PROTEIN_CATABOLIC_PROCESS,0.0372,23,0.3151,59,17,0.9072,0.6314,keep,GOBP_AMYLOID_BETA_METABOLIC_PROCESS,GOBP_AMYLOID_BETA_METABOLIC_PROCESS,False,"ABCG1,ROCK2,ADAM9,CASP3,APH1B,ADAM17,SORL1,RELA,PRNP,PSENEN,GSAP,NTRK2,APP,IFNGR1,APOA1,NCSTN,GGA3,EPHA4,EFNA3,CLU"
ngs,GSE282081,ATF3_correlation,3D_organoid_none,GO_BP,results/ngs/GSE282081/tables/ATF3_function/3D_organoid_none/GSEA/GO_BP/gsea_result.csv,GOBP_DEVELOPMENTAL_CELL_GROWTH,GOBP_DEVELOPMENTAL_CELL_GROWTH,0.0375,70,0.2991,8,6,0.0099,1.0,exclude,GOBP_CHONDROCYTE_HYPERTROPHY,GOBP_CHONDROCYTE_HYPERTROPHY,False,"CDH1,SLC23A2,KIAA0319,ZEB2,IST1,CLSTN3,PLAA,DCLK1,CPNE1,NRP1,NRP2,CAV3,SORBS2,RASAL1,LLPH,ULK1,NDEL1,TRIM46,SEMA6D,CCDC134"
ngs,GSE282081,ATF3_correlation,3D_organoid_none,GO_BP,results/ngs/GSE282081/tables/ATF3_function/3D_organoid_none/GSEA/GO_BP/gsea_result.csv,GOBP_DNA_TEMPLATED_DNA_REPLICATION_MAINTENANCE_OF_FIDELITY,GOBP_DNA_TEMPLATED_DNA_REPLICATION_MAINTENANCE_OF_FIDELITY,0.0375,26,0.3824,6,5,0.0273,0.2262,exclude,GOBP_RESOLUTION_OF_DNA_RECOMBINATION_INTERMEDIATES,GOBP_RESOLUTION_OF_DNA_RECOMBINATION_INTERMEDIATES,False,"EXO1,MCM8,MUS81,XRCC3,WRN,BRCA1,BLM,FAM111A,RECQL,RFWD3,TIPIN,POLG,POLE,NBN,MRE11,FAM111B,GEN1,ASF1A,MMS22L,ZNF365"
ngs,GSE282081,ATF3_correlation,3D_organoid_none,GO_BP,results/ngs/GSE282081/tables/ATF3_function/3D_organoid_none/GSEA/GO_BP/gsea_result.csv,GOBP_NEGATIVE_REGULATION_OF_POST_TRANSLATIONAL_PROTEIN_MODIFICATION,GOBP_NEGATIVE_REGULATION_OF_POST_TRANSLATIONAL_PROTEIN_MODIFICATION,0.0378,35,0.3804,6,5,0.0282,1.0,exclude,GOBP_NEGATIVE_REGULATION_OF_UBIQUITIN_PROTEIN_TRANSFERASE_ACTIVITY,GOBP_NEGATIVE_REGULATION_OF_UBIQUITIN_PROTEIN_TRANSFERASE_ACTIVITY,False,"CDK1,BAG2,BAG5,ATG5,PLAA,PER2,CAV1,OGT,USP44,CAPN3,UBE2B,MARCHF7,RELA,SENP2,HDAC8,BEX1,PRKCG,TRIM44,GNL3L,MAD2L1"
ngs,GSE282081,ATF3_correlation,3D_organoid_none,GO_BP,results/ngs/GSE282081/tables/ATF3_function/3D_organoid_none/GSEA/GO_BP/gsea_result.csv,GOBP_REGULATION_OF_NEURON_MATURATION,GOBP_REGULATION_OF_NEURON_MATURATION,0.0379,6,0.75,0,0,1.0,0.0,keep,itself,,True,"LRRK2,MAP3K13,TBX6,RAC1,BCL2,RAC3"
ngs,GSE282081,ATF3_correlation,3D_organoid_none,GO_BP,results/ngs/GSE282081/tables/ATF3_function/3D_organoid_none/GSEA/GO_BP/gsea_result.csv,GOBP_POSITIVE_REGULATION_OF_TOOTH_MINERALIZATION,GOBP_POSITIVE_REGULATION_OF_TOOTH_MINERALIZATION,0.0379,4,0.5,0,0,1.0,0.0,keep,itself,,True,"ODAPH,AMELX,WNT6,SLC4A2"
ngs,GSE282081,ATF3_correlation,3D_organoid_none,GO_BP,results/ngs/GSE282081/tables/ATF3_function/3D_organoid_none/GSEA/GO_BP/gsea_result.csv,GOBP_POSITIVE_REGULATION_OF_PEPTIDYL_TYROSINE_PHOSPHORYLATION,GOBP_POSITIVE_REGULATION_OF_PEPTIDYL_TYROSINE_PHOSPHORYLATION,0.0381,21,0.3684,0,0,1.0,0.0,keep,itself,,True,"ARHGEF2,RIPK2,VEGFA,ANGPT4,LIF,KIT,JAK2,IL15,IL11,IL10RA,IL2RG,LILRA5,ANGPT1,IFNL1,FGFR3,CTF1,CNTF,PIBF1,TNK2,ABI1"
ngs,GSE282081,ATF3_correlation,3D_organoid_none,GO_BP,results/ngs/GSE282081/tables/ATF3_function/3D_organoid_none/GSEA/GO_BP/gsea_result.csv,GOBP_PROTEIN_K29_LINKED_UBIQUITINATION,GOBP_PROTEIN_K29_LINKED_UBIQUITINATION,0.0386,8,0.7273,7,5,0.7879,0.0749,keep,GOBP_PROTEIN_K48_LINKED_UBIQUITINATION,GOBP_PROTEIN_K48_LINKED_UBIQUITINATION,False,"RNF126,PRKN,UBE2S,RNF167,TRAF7,ITCH,UBE2D4,UBE2T"
ngs,GSE282081,ATF3_correlation,3D_organoid_none,GO_BP,results/ngs/GSE282081/tables/ATF3_function/3D_organoid_none/GSEA/GO_BP/gsea_result.csv,GOBP_POSITIVE_REGULATION_OF_RELAXATION_OF_MUSCLE,GOBP_POSITIVE_REGULATION_OF_RELAXATION_OF_MUSCLE,0.0388,4,0.8,0,0,1.0,0.0,keep,itself,,True,"HRC,GNAI1,ABCC8,CHGA"
ngs,GSE282081,ATF3_correlation,3D_organoid_none,GO_BP,results/ngs/GSE282081/tables/ATF3_function/3D_organoid_none/GSEA/GO_BP/gsea_result.csv,GOBP_BASOLATERAL_PROTEIN_SECRETION,GOBP_BASOLATERAL_PROTEIN_SECRETION,0.0388,3,0.6,0,0,1.0,0.0,keep,itself,,True,"SLC4A8,AP1B1,AP1S1"
ngs,GSE282081,ATF3_correlation,3D_organoid_none,GO_BP,results/ngs/GSE282081/tables/ATF3_function/3D_organoid_none/GSEA/GO_BP/gsea_result.csv,GOBP_NEGATIVE_REGULATION_OF_PROTEIN_POLYMERIZATION,GOBP_NEGATIVE_REGULATION_OF_PROTEIN_POLYMERIZATION,0.0389,17,0.2329,9,5,0.0273,0.6008,exclude,GOBP_ACTIN_FILAMENT_SEVERING,GOBP_ACTIN_FILAMENT_SEVERING,False,"SCIN,CAPZB,TMSB4X,SPTB,CRACD,LMOD3,VILL,LMOD2,TMOD3,GSN,KANK2,KANK3,TRIOBP,STMN2,CFL1,AVIL,CDH5"
ngs,GSE282081,ATF3_correlation,3D_organoid_none,GO_BP,results/ngs/GSE282081/tables/ATF3_function/3D_organoid_none/GSEA/GO_BP/gsea_result.csv,GOBP_GLYCOSYLCERAMIDE_METABOLIC_PROCESS,GOBP_GLYCOSYLCERAMIDE_METABOLIC_PROCESS,0.0392,11,0.5238,0,0,1.0,0.0,keep,itself,,True,"FA2H,UGT8,GBA2,PRKAA1,ST6GALNAC6,GLA,GALC,ST6GALNAC3,GBA3,SCARB2,B3GALT2"
ngs,GSE282081,ATF3_correlation,3D_organoid_none,GO_BP,results/ngs/GSE282081/tables/ATF3_function/3D_organoid_none/GSEA/GO_BP/gsea_result.csv,GOBP_KERATINOCYTE_MIGRATION,GOBP_KERATINOCYTE_MIGRATION,0.0392,9,0.45,14,8,0.1192,1.0,keep,GOBP_REGULATION_OF_KERATINOCYTE_MIGRATION,GOBP_REGULATION_OF_KERATINOCYTE_MIGRATION,False,"IQSEC1,ADAM9,EPPK1,PTEN,FERMT1,ARF6,HAS2,MTOR,HBEGF"
ngs,GSE282081,ATF3_correlation,3D_organoid_none,GO_BP,results/ngs/GSE282081/tables/ATF3_function/3D_organoid_none/GSEA/GO_BP/gsea_result.csv,GOBP_NEGATIVE_REGULATION_OF_RELEASE_OF_CYTOCHROME_C_FROM_MITOCHONDRIA,GOBP_NEGATIVE_REGULATION_OF_RELEASE_OF_CYTOCHROME_C_FROM_MITOCHONDRIA,0.0394,6,0.3,0,0,1.0,0.0,keep,itself,,True,"BAK1,PARL,GPX1,PRELID1,IFI6,FXN"
ngs,GSE282081,ATF3_correlation,3D_organoid_none,GO_BP,results/ngs/GSE282081/tables/ATF3_function/3D_organoid_none/GSEA/GO_BP/gsea_result.csv,GOBP_NEGATIVE_REGULATION_OF_CELLULAR_SENESCENCE,GOBP_NEGATIVE_REGULATION_OF_CELLULAR_SENESCENCE,0.0396,9,0.3462,0,0,1.0,0.0,keep,itself,,True,"BCL2L12,HMGA2,ZKSCAN3,TWIST1,TERT,TBX2,PTEN,FBXO5,ABL1"
ngs,GSE282081,ATF3_correlation,3D_organoid_none,GO_BP,results/ngs/GSE282081/tables/ATF3_function/3D_organoid_none/GSEA/GO_BP/gsea_result.csv,GOBP_PHOSPHOLIPID_DEPHOSPHORYLATION,GOBP_PHOSPHOLIPID_DEPHOSPHORYLATION,0.0396,21,0.525,19,11,0.37,0.6158,keep,GOBP_GLYCEROPHOSPHOLIPID_BIOSYNTHETIC_PROCESS,GOBP_GLYCEROPHOSPHOLIPID_BIOSYNTHETIC_PROCESS,False,"FIG4,MTMR6,MTMR3,PLPP3,PLPP5,SGPP1,PLPPR3,MTMR9,PTEN,INPP5K,PLPP6,INPP5D,INPP5J,SACM1L,SGPP2,MTMR7,PIP4P1,SYNJ2,SYNJ1,PLPP2"
ngs,GSE282081,ATF3_correlation,3D_organoid_none,GO_BP,results/ngs/GSE282081/tables/ATF3_function/3D_organoid_none/GSEA/GO_BP/gsea_result.csv,GOBP_POSITIVE_REGULATION_OF_PROTEIN_CONTAINING_COMPLEX_DISASSEMBLY,GOBP_POSITIVE_REGULATION_OF_PROTEIN_CONTAINING_COMPLEX_DISASSEMBLY,0.0397,12,0.2927,0,0,1.0,0.0,keep,itself,,True,"AURKB,FYCO1,TRPV4,CRACD,PPP1R10,PPP1CA,INSR,EIF5A,STMN2,NES,CFL1,TOM1"
ngs,GSE282081,ATF3_correlation,3D_organoid_none,GO_BP,results/ngs/GSE282081/tables/ATF3_function/3D_organoid_none/GSEA/GO_BP/gsea_result.csv,GOBP_REGULATION_OF_DENDRITIC_CELL_DIFFERENTIATION,GOBP_REGULATION_OF_DENDRITIC_CELL_DIFFERENTIATION,0.0398,7,0.4375,6,5,0.0245,1.0,exclude,GOBP_POSITIVE_REGULATION_OF_DENDRITIC_CELL_DIFFERENTIATION,GOBP_POSITIVE_REGULATION_OF_DENDRITIC_CELL_DIFFERENTIATION,False,"HMGB1,TMEM176B,ZBTB46,TMEM176A,LGALS9,LGALS3,LGALS1"
ngs,GSE282081,ATF3_correlation,3D_organoid_none,GO_BP,results/ngs/GSE282081/tables/ATF3_function/3D_organoid_none/GSEA/GO_BP/gsea_result.csv,GOBP_7_METHYLGUANOSINE_CAP_HYPERMETHYLATION,GOBP_7_METHYLGUANOSINE_CAP_HYPERMETHYLATION,0.0399,5,0.5,7,5,0.0833,0.1212,keep,GOBP_NUCLEAR_HISTONE_MRNA_CATABOLIC_PROCESS,GOBP_NUCLEAR_HISTONE_MRNA_CATABOLIC_PROCESS,False,"LSM10,SNRPG,SNRPF,SNRPD3,SNRPB"
ngs,GSE282081,ATF3_correlation,3D_organoid_none,GO_BP,results/ngs/GSE282081/tables/ATF3_function/3D_organoid_none/GSEA/GO_BP/gsea_result.csv,GOBP_GASTRULATION_WITH_MOUTH_FORMING_SECOND,GOBP_GASTRULATION_WITH_MOUTH_FORMING_SECOND,0.0402,8,0.2857,0,0,1.0,0.0,keep,itself,,True,"GDF3,ACVR2B,ACVR2A,LDB1,PLPP3,ZBTB17,WNT5A,UGDH"
ngs,GSE282081,ATF3_correlation,3D_organoid_none,GO_BP,results/ngs/GSE282081/tables/ATF3_function/3D_organoid_none/GSEA/GO_BP/gsea_result.csv,GOBP_POSITIVE_REGULATION_OF_FAT_CELL_DIFFERENTIATION,GOBP_POSITIVE_REGULATION_OF_FAT_CELL_DIFFERENTIATION,0.0403,26,0.3514,0,0,1.0,0.0,keep,itself,,True,"SOX13,GDF3,CBX4,ZC3H12A,ZBTB16,ZFP36,XBP1,KLF5,STK4,ZFP36L1,SNAI2,RREB1,OVOL2,PTGS2,ASXL2,TRPM4,LPL,METRNL,NAPEPLD,ZBTB7C"
ngs,GSE282081,ATF3_correlation,3D_organoid_none,GO_BP,results/ngs/GSE282081/tables/ATF3_function/3D_organoid_none/GSEA/GO_BP/gsea_result.csv,GOBP_PROTEIN_LOCALIZATION_TO_CELL_SURFACE,GOBP_PROTEIN_LOCALIZATION_TO_CELL_SURFACE,0.0403,33,0.4783,0,0,1.0,0.0,keep,itself,,True,"TM9SF4,GBF1,CAV3,AP3B1,KCNAB2,VCL,STX3,PTPRK,ARF6,HSP90AB1,ANGPT1,GGA1,RAB11FIP5,SNX33,NEDD4L,MESD,GPD1L,GGA3,GGA2,EPHB2"
ngs,GSE282081,ATF3_correlation,3D_organoid_none,GO_BP,results/ngs/GSE282081/tables/ATF3_function/3D_organoid_none/GSEA/GO_BP/gsea_result.csv,GOBP_NEGATIVE_REGULATION_OF_T_CELL_DIFFERENTIATION_IN_THYMUS,GOBP_NEGATIVE_REGULATION_OF_T_CELL_DIFFERENTIATION_IN_THYMUS,0.0403,4,0.4444,3,3,0.0476,0.0082,keep,GOBP_HOMEOSTASIS_OF_NUMBER_OF_CELLS,GOBP_HOMEOSTASIS_OF_NUMBER_OF_CELLS,True,"ZC3H8,BMP4,RAG2,PTPN2"
ngs,GSE282081,ATF3_correlation,3D_organoid_none,GO_BP,results/ngs/GSE282081/tables/ATF3_function/3D_organoid_none/GSEA/GO_BP/gsea_result.csv,GOBP_PHOSPHOLIPID_TRANSPORT,GOBP_PHOSPHOLIPID_TRANSPORT,0.0405,41,0.3596,31,13,0.2749,1.0,keep,GOBP_PLASMA_MEMBRANE_PHOSPHOLIPID_SCRAMBLING,GOBP_PLASMA_MEMBRANE_PHOSPHOLIPID_SCRAMBLING,False,"OSBPL2,C2CD2L,ABCG1,SCARB1,PLEKHA8,SPNS1,VMP1,CLPTM1L,VDAC2,SYT1,PCTP,PITPNM2,ATP10D,ATP8B2,PLSCR3,ABCB1,PRELID3B,MTTP,TMEM41B,XKR9"
ngs,GSE282081,ATF3_correlation,3D_organoid_none,GO_BP,results/ngs/GSE282081/tables/ATF3_function/3D_organoid_none/GSEA/GO_BP/gsea_result.csv,GOBP_DEPHOSPHORYLATION,GOBP_DEPHOSPHORYLATION,0.0405,81,0.5364,40,24,0.2254,0.0,keep,GOBP_PHOSPHOLIPID_DEPHOSPHORYLATION,GOBP_PHOSPHOLIPID_DEPHOSPHORYLATION,True,"FIG4,ACP4,MTMR6,MTMR3,URI1,PLPP3,PLPP5,DUSP11,SGPP1,CDK5RAP3,PLPPR3,MTMR9,SBF1,PTPRN2,PTPRK,PTPRF,PTPN14,PTPN12,PTPN11,PTPN2"
ngs,GSE282081,ATF3_correlation,3D_organoid_none,GO_BP,results/ngs/GSE282081/tables/ATF3_function/3D_organoid_none/GSEA/GO_BP/gsea_result.csv,GOBP_RESPONSE_TO_INTERLEUKIN_1,GOBP_RESPONSE_TO_INTERLEUKIN_1,0.0406,34,0.2857,0,0,1.0,0.0,keep,itself,,True,"HDAC4,CD47,AKAP12,NR1D1,USP10,TAX1BP1,IL1RL2,TNFRSF11A,RIPK2,ZBP1,ZC3H12A,TRAF6,SOX9,YTHDC2,BMI1,RORA,UPF1,RELA,PTGIS,MAPK13"
ngs,GSE282081,ATF3_correlation,3D_organoid_none,GO_BP,results/ngs/GSE282081/tables/ATF3_function/3D_organoid_none/GSEA/GO_BP/gsea_result.csv,GOBP_DNA_DAMAGE_RESPONSE_SIGNAL_TRANSDUCTION_BY_P53_CLASS_MEDIATOR,GOBP_DNA_DAMAGE_RESPONSE_SIGNAL_TRANSDUCTION_BY_P53_CLASS_MEDIATOR,0.0406,29,0.3671,0,0,1.0,0.0,keep,itself,,True,"CD44,USP10,DYRK3,SESN2,CABLES2,TWIST1,TP53,TFAP4,SOX4,SNAI2,MARCHF7,PMAIP1,NBN,MYO6,MDM4,KMT5A,RPS6KA6,FOXO3,PAXIP1,DDX5"
ngs,GSE282081,ATF3_correlation,3D_organoid_none,GO_BP,results/ngs/GSE282081/tables/ATF3_function/3D_organoid_none/GSEA/GO_BP/gsea_result.csv,GOBP_AMINO_ACID_ACTIVATION,GOBP_AMINO_ACID_ACTIVATION,0.0408,17,0.3542,0,0,1.0,0.0,keep,itself,,True,"MARS2,YARS1,CARS1,AARSD1,VARS1,TARS1,RARS1,VARS2,QRSL1,LARS1,YARS2,NARS1,MARS1,IARS1,GATC,GARS1,EPRS1"
ngs,GSE282081,ATF3_correlation,3D_organoid_none,GO_BP,results/ngs/GSE282081/tables/ATF3_function/3D_organoid_none/GSEA/GO_BP/gsea_result.csv,GOBP_MONOCARBOXYLIC_ACID_CATABOLIC_PROCESS,GOBP_MONOCARBOXYLIC_ACID_CATABOLIC_PROCESS,0.0408,22,0.1719,0,0,1.0,0.0,keep,itself,,True,"AUH,CROT,HAO1,CRYL1,ACAT1,IVD,CYP26C1,ACACB,HSD17B10,HACL1,FAH,ABCD1,AKT2,MTLN,LDHD,EHHADH,ECHS1,ECH1,CRAT,ACOT7"
ngs,GSE282081,ATF3_correlation,3D_organoid_none,GO_BP,results/ngs/GSE282081/tables/ATF3_function/3D_organoid_none/GSEA/GO_BP/gsea_result.csv,GOBP_REGULATION_OF_UBIQUITIN_DEPENDENT_PROTEIN_CATABOLIC_PROCESS,GOBP_REGULATION_OF_UBIQUITIN_DEPENDENT_PROTEIN_CATABOLIC_PROCESS,0.0409,60,0.3279,0,0,1.0,0.0,keep,itself,,True,"CDK1,HERPUD1,BAG2,BAG5,WDR20,LATS1,CAV3,NKD2,CBX4,AGBL4,OGT,USP38,L3MBTL3,QRICH2,CDK5RAP3,XPO1,UBE3A,SUMO2,SMARCC1,TRIB3"
ngs,GSE282081,ATF3_correlation,3D_organoid_none,GO_BP,results/ngs/GSE282081/tables/ATF3_function/3D_organoid_none/GSEA/GO_BP/gsea_result.csv,GOBP_NEGATIVE_REGULATION_OF_EXTRACELLULAR_MATRIX_ORGANIZATION,GOBP_NEGATIVE_REGULATION_OF_EXTRACELLULAR_MATRIX_ORGANIZATION,0.041,5,0.1852,0,0,1.0,0.0,keep,itself,,True,"NOTCH1,FAP,DPP4,CHADL,CST3"
ngs,GSE282081,ATF3_correlation,3D_organoid_none,GO_BP,results/ngs/GSE282081/tables/ATF3_function/3D_organoid_none/GSEA/GO_BP/gsea_result.csv,GOBP_INTRINSIC_APOPTOTIC_SIGNALING_PATHWAY,GOBP_INTRINSIC_APOPTOTIC_SIGNALING_PATHWAY,0.041,110,0.3216,5,4,0.0386,0.1753,exclude,GOBP_ER_OVERLOAD_RESPONSE,GOBP_ER_OVERLOAD_RESPONSE,False,"USP15,BCLAF1,HERPUD1,CD44,BAG5,EIF2AK3,NHERF1,ARHGEF2,HIP1R,NOL3,IER3,TNFRSF10B,URI1,PRKRA,CAV1,YBX3,CUL2,DYRK2,TMEM117,ARMC10"
ngs,GSE282081,ATF3_correlation,3D_organoid_none,GO_BP,results/ngs/GSE282081/tables/ATF3_function/3D_organoid_none/GSEA/GO_BP/gsea_result.csv,GOBP_RIBOSE_PHOSPHATE_BIOSYNTHETIC_PROCESS,GOBP_RIBOSE_PHOSPHATE_BIOSYNTHETIC_PROCESS,0.0411,33,0.1784,63,19,0.002,0.9995,exclude,GOBP_PROTON_TRANSMEMBRANE_TRANSPORT,GOBP_PROTON_TRANSMEMBRANE_TRANSPORT,False,"ATP5MK,DNAJC30,TMSB4X,SDHC,SDHB,FAM3A,PRPS1,NDUFA12,ATP5ME,ATP5MC3,ATP5MC2,ATP5MC1,ATP5F1E,ATP5F1B,NME4,NDUFS8,NDUFS2,NDUFS1,NDUFB7,NDUFB6"
ngs,GSE282081,ATF3_correlation,3D_organoid_none,GO_BP,results/ngs/GSE282081/tables/ATF3_function/3D_organoid_none/GSEA/GO_BP/gsea_result.csv,GOBP_POSITIVE_REGULATION_OF_CELL_MORPHOGENESIS,GOBP_POSITIVE_REGULATION_OF_CELL_MORPHOGENESIS,0.0411,16,0.4324,20,12,0.0278,1.0,exclude,GOBP_POSITIVE_REGULATION_OF_DENDRITIC_SPINE_MORPHOGENESIS,GOBP_POSITIVE_REGULATION_OF_DENDRITIC_SPINE_MORPHOGENESIS,False,"CAMK2B,SLC30A1,CAPRIN2,PARP6,RELN,PAFAH1B1,MPL,CAPRIN1,ITPKA,EEF2K,RAB21,MAPRE3,EPHB2,EPHA4,DHX36,IL1RAPL1"
ngs,GSE282081,ATF3_correlation,3D_organoid_none,GO_BP,results/ngs/GSE282081/tables/ATF3_function/3D_organoid_none/GSEA/GO_BP/gsea_result.csv,GOBP_AMYLOID_BETA_CLEARANCE,GOBP_AMYLOID_BETA_CLEARANCE,0.0411,13,0.3023,0,0,1.0,0.0,keep,itself,,True,"CD36,MYOCD,C5AR1,SYK,RAB5A,TREM2,MSR1,MME,LRP2,APP,IGF1R,IFNGR1,IDE"
ngs,GSE282081,ATF3_correlation,3D_organoid_none,GO_BP,results/ngs/GSE282081/tables/ATF3_function/3D_organoid_none/GSEA/GO_BP/gsea_result.csv,GOBP_NUCLEOTIDE_TRANSMEMBRANE_TRANSPORT,GOBP_NUCLEOTIDE_TRANSMEMBRANE_TRANSPORT,0.0412,12,0.4286,25,10,0.9328,0.8746,keep,GOBP_PURINE_CONTAINING_COMPOUND_TRANSMEMBRANE_TRANSPORT,GOBP_PURINE_CONTAINING_COMPOUND_TRANSMEMBRANE_TRANSPORT,False,"SLC25A51,LRRC8C,SLC25A32,LRRC8E,SLC17A9,SLC25A36,LRRC8D,SLC35B3,SLC25A53,SLC25A24,SLC25A6,LRRC8B"
ngs,GSE282081,ATF3_correlation,3D_organoid_none,GO_BP,results/ngs/GSE282081/tables/ATF3_function/3D_organoid_none/GSEA/GO_BP/gsea_result.csv,GOBP_PROTEIN_LOCALIZATION_TO_CELL_LEADING_EDGE,GOBP_PROTEIN_LOCALIZATION_TO_CELL_LEADING_EDGE,0.0414,5,0.7143,3,3,0.2857,0.006,keep,GOBP_CELL_CHEMOTAXIS,GOBP_CELL_CHEMOTAXIS,True,"EDNRA,RIPOR2,RAB13,CORO1B,CFL1"
ngs,GSE282081,ATF3_correlation,3D_organoid_none,GO_BP,results/ngs/GSE282081/tables/ATF3_function/3D_organoid_none/GSEA/GO_BP/gsea_result.csv,GOBP_REGULATION_OF_ANOIKIS,GOBP_REGULATION_OF_ANOIKIS,0.0415,13,0.5417,0,0,1.0,0.0,keep,itself,,True,"CAV1,ANKRD13C,TLE1,SNAI2,ZNF304,PTRH2,NTRK2,MCL1,ITGB1,BRMS1,SIK1,MYBBP1A,CEACAM5"
ngs,GSE282081,ATF3_correlation,3D_organoid_none,GO_BP,results/ngs/GSE282081/tables/ATF3_function/3D_organoid_none/GSEA/GO_BP/gsea_result.csv,GOBP_RESPONSE_TO_ISCHEMIA,GOBP_RESPONSE_TO_ISCHEMIA,0.0416,23,0.377,0,0,1.0,0.0,keep,itself,,True,"ROCK2,NOL3,PER2,CAV3,CAV1,CPEB4,NDNF,SOS1,REST,PANX2,MAP2K3,TREM2,PIK3CB,NFE2L2,SLC26A5,HK2,EEF2K,PANX1,SIRT5,ABRAXAS2"
ngs,GSE282081,ATF3_correlation,3D_organoid_none,GO_BP,results/ngs/GSE282081/tables/ATF3_function/3D_organoid_none/GSEA/GO_BP/gsea_result.csv,GOBP_REGULATION_OF_TRANSLATIONAL_FIDELITY,GOBP_REGULATION_OF_TRANSLATIONAL_FIDELITY,0.0419,8,0.4444,11,6,0.2783,0.1255,keep,GOBP_AMINO_ACID_ACTIVATION,GOBP_AMINO_ACID_ACTIVATION,False,"AARSD1,VARS1,VARS2,CDK5RAP1,LARS1,IARS1,GATC,DNAJC2"
ngs,GSE282081,ATF3_correlation,3D_organoid_none,GO_BP,results/ngs/GSE282081/tables/ATF3_function/3D_organoid_none/GSEA/GO_BP/gsea_result.csv,GOBP_SOMATIC_STEM_CELL_POPULATION_MAINTENANCE,GOBP_SOMATIC_STEM_CELL_POPULATION_MAINTENANCE,0.042,16,0.3077,0,0,1.0,0.0,keep,itself,,True,"LDB1,HMGA2,NANOG,KLF10,ZFP36L2,BRAF,SOX9,SOX4,BCL9,REST,PAX2,MYC,KIT,RBPJ,BCL9L,TAF5L"
ngs,GSE282081,ATF3_correlation,3D_organoid_none,GO_BP,results/ngs/GSE282081/tables/ATF3_function/3D_organoid_none/GSEA/GO_BP/gsea_result.csv,GOBP_CARDIOLIPIN_METABOLIC_PROCESS,GOBP_CARDIOLIPIN_METABOLIC_PROCESS,0.0421,9,0.6923,0,0,1.0,0.0,keep,itself,,True,"CRLS1,PNPLA8,MECP2,HADHA,SPATA18,DNAJC19,PHB2,PLA2G6,PTPMT1"
ngs,GSE282081,ATF3_correlation,3D_organoid_none,GO_BP,results/ngs/GSE282081/tables/ATF3_function/3D_organoid_none/GSEA/GO_BP/gsea_result.csv,GOBP_NEGATIVE_REGULATION_OF_CHOLESTEROL_EFFLUX,GOBP_NEGATIVE_REGULATION_OF_CHOLESTEROL_EFFLUX,0.0422,7,0.2692,0,0,1.0,0.0,keep,itself,,True,"ABCA2,EGF,SREBF2,SHH,MAPK3,PLA2G10,APOE"
ngs,GSE282081,ATF3_correlation,3D_organoid_none,GO_BP,results/ngs/GSE282081/tables/ATF3_function/3D_organoid_none/GSEA/GO_BP/gsea_result.csv,GOBP_REGULATION_OF_DOUBLE_STRAND_BREAK_REPAIR_VIA_HOMOLOGOUS_RECOMBINATION,GOBP_REGULATION_OF_DOUBLE_STRAND_BREAK_REPAIR_VIA_HOMOLOGOUS_RECOMBINATION,0.0423,32,0.3902,26,14,0.052,1.0,keep,GOBP_NEGATIVE_REGULATION_OF_DOUBLE_STRAND_BREAK_REPAIR_VIA_HOMOLOGOUS_RECOMBINATION,GOBP_NEGATIVE_REGULATION_OF_DOUBLE_STRAND_BREAK_REPAIR_VIA_HOMOLOGOUS_RECOMBINATION,False,"RECQL5,KLHL15,MEAF6,FIGNL1,WDR48,PELI1,UBQLN4,TEX15,DMAP1,RIF1,RADX,PARPBP,MBTD1,ING3,SHLD2,PIAS4,MRNIP,NBN,KMT5A,SENP3"
ngs,GSE282081,ATF3_correlation,3D_organoid_none,GO_BP,results/ngs/GSE282081/tables/ATF3_function/3D_organoid_none/GSEA/GO_BP/gsea_result.csv,GOBP_REGULATION_OF_CYTOKINETIC_PROCESS,GOBP_REGULATION_OF_CYTOKINETIC_PROCESS,0.0425,6,0.8571,0,0,1.0,0.0,keep,itself,,True,"RAB11FIP3,ARF6,EXOC7,ECT2,KIF20B,RAB11A"
ngs,GSE282081,ATF3_correlation,3D_organoid_none,GO_BP,results/ngs/GSE282081/tables/ATF3_function/3D_organoid_none/GSEA/GO_BP/gsea_result.csv,GOBP_IMPORT_INTO_NUCLEUS,GOBP_IMPORT_INTO_NUCLEUS,0.0425,52,0.2889,38,15,0.0798,1.0,keep,GOBP_POSITIVE_REGULATION_OF_PROTEIN_IMPORT_INTO_NUCLEUS,GOBP_POSITIVE_REGULATION_OF_PROTEIN_IMPORT_INTO_NUCLEUS,False,"CDH1,POM121,CDK1,NUP58,FAM53B,IPO13,NUP155,CD36,FCHSD1,ZPR1,CBLB,EFCAB7,ZC3H12A,IPO4,XBP1,TSC2,TERT,SYK,STK4,BMP4"
ngs,GSE282081,ATF3_correlation,3D_organoid_none,GO_BP,results/ngs/GSE282081/tables/ATF3_function/3D_organoid_none/GSEA/GO_BP/gsea_result.csv,GOBP_POSITIVE_REGULATION_OF_PROTEIN_LOCALIZATION_TO_NUCLEUS,GOBP_POSITIVE_REGULATION_OF_PROTEIN_LOCALIZATION_TO_NUCLEUS,0.0426,36,0.383,38,19,0.0442,1.0,exclude,GOBP_POSITIVE_REGULATION_OF_PROTEIN_IMPORT_INTO_NUCLEUS,GOBP_POSITIVE_REGULATION_OF_PROTEIN_IMPORT_INTO_NUCLEUS,False,"CDH1,CDK1,EIF2AK3,CCT6A,ZPR1,EFCAB7,SESN2,CDK5RAP3,ZC3H12A,CACNB4,XBP1,TYK2,TFRC,TERT,BMP4,MAVS,DMAP1,RBM22,PIK3R1,UBR5"
ngs,GSE282081,ATF3_correlation,3D_organoid_none,GO_BP,results/ngs/GSE282081/tables/ATF3_function/3D_organoid_none/GSEA/GO_BP/gsea_result.csv,GOBP_CELLULAR_RESPONSE_TO_METAL_ION,GOBP_CELLULAR_RESPONSE_TO_METAL_ION,0.0427,61,0.3352,7,4,0.1718,1.0,keep,GOBP_CELLULAR_RESPONSE_TO_MAGNESIUM_ION,GOBP_CELLULAR_RESPONSE_TO_MAGNESIUM_ION,False,"CDH1,EIF2AK3,CLDN1,CPNE1,CPNE3,RASAL1,CAPN3,ITPKC,WNT5A,TFR2,SYT1,BRAF,SLC34A1,SLC12A2,SLC1A1,RYR3,MCOLN1,PRNP,PRKAA2,PRKAA1"
ngs,GSE282081,ATF3_correlation,3D_organoid_none,GO_BP,results/ngs/GSE282081/tables/ATF3_function/3D_organoid_none/GSEA/GO_BP/gsea_result.csv,GOBP_DENDRITIC_SPINE_MAINTENANCE,GOBP_DENDRITIC_SPINE_MAINTENANCE,0.0427,10,0.4167,0,0,1.0,0.0,keep,itself,,True,"HOMER1,TANC1,PRNP,TREM2,ABHD17B,ITPKA,APP,IGF1R,GRIN2B,FYN"
ngs,GSE282081,ATF3_correlation,3D_organoid_none,GO_BP,results/ngs/GSE282081/tables/ATF3_function/3D_organoid_none/GSEA/GO_BP/gsea_result.csv,GOBP_CANONICAL_NF_KAPPAB_SIGNAL_TRANSDUCTION,GOBP_CANONICAL_NF_KAPPAB_SIGNAL_TRANSDUCTION,0.0431,108,0.3149,13,7,0.075,0.3475,keep,GOBP_POSITIVE_REGULATION_OF_INTERFERON_ALPHA_PRODUCTION,GOBP_POSITIVE_REGULATION_OF_INTERFERON_ALPHA_PRODUCTION,False,"NR1H4,NR1D1,CD36,KLF4,MTDH,DDX21,USP10,DNAJA3,CPNE1,TAX1BP1,TNFRSF10B,TNFRSF11A,RIOK3,RIPK2,CAV1,TRIM52,CASP8,CAPN3,NDFIP1,ZC3H12A"
ngs,GSE282081,ATF3_correlation,3D_organoid_none,GO_BP,results/ngs/GSE282081/tables/ATF3_function/3D_organoid_none/GSEA/GO_BP/gsea_result.csv,GOBP_ADENYLATE_CYCLASE_MODULATING_G_PROTEIN_COUPLED_RECEPTOR_SIGNALING_PATHWAY,GOBP_ADENYLATE_CYCLASE_MODULATING_G_PROTEIN_COUPLED_RECEPTOR_SIGNALING_PATHWAY,0.0433,70,0.2357,20,11,0.0017,1.0,exclude,GOBP_ADENYLATE_CYCLASE_ACTIVATING_ADRENERGIC_RECEPTOR_SIGNALING_PATHWAY,GOBP_ADENYLATE_CYCLASE_ACTIVATING_ADRENERGIC_RECEPTOR_SIGNALING_PATHWAY,False,"EDNRA,EDN1,LPAR1,APLNR,DRD2,OXER1,ADGRF3,ADRB3,ADRB1,GPR119,MRGPRE,MRGPRD,CHRM5,CHRM4,CHRM1,HRH3,ADCY5,RAPGEF3,RAMP1,RAMP2"
ngs,GSE282081,ATF3_correlation,3D_organoid_none,GO_BP,results/ngs/GSE282081/tables/ATF3_function/3D_organoid_none/GSEA/GO_BP/gsea_result.csv,GOBP_PANCREAS_DEVELOPMENT,GOBP_PANCREAS_DEVELOPMENT,0.0435,23,0.2911,5,3,0.1445,1.0,keep,GOBP_DETERMINATION_OF_LIVER_LEFT_RIGHT_ASYMMETRY,GOBP_DETERMINATION_OF_LIVER_LEFT_RIGHT_ASYMMETRY,False,"CLOCK,EIF2AK3,ACVR2B,XBP1,WNT5A,WFS1,HNF1A,SOX9,SOX4,BMP5,BMP4,RBM4,CCDC40,PDPK1,IER3IP1,PAX6,MET,MEIS2,IL6R,CCDC39"
ngs,GSE282081,ATF3_correlation,3D_organoid_none,GO_BP,results/ngs/GSE282081/tables/ATF3_function/3D_organoid_none/GSEA/GO_BP/gsea_result.csv,GOBP_REGULATION_OF_NEUROGENESIS,GOBP_REGULATION_OF_NEUROGENESIS,0.0436,99,0.275,20,11,0.007,1.0,exclude,GOBP_POSITIVE_REGULATION_OF_DENDRITIC_SPINE_MORPHOGENESIS,GOBP_POSITIVE_REGULATION_OF_DENDRITIC_SPINE_MORPHOGENESIS,False,"CDH1,KIAA0319,ZEB2,IST1,NR1D1,FXR2,QKI,PER2,SYNGAP1,NRP1,BHLHE40,DOCK7,HES7,TTBK1,ULK1,CAMK2B,TRIM11,HMGA2,TRIM46,SEMA6D"
ngs,GSE282081,ATF3_correlation,3D_organoid_none,GO_BP,results/ngs/GSE282081/tables/ATF3_function/3D_organoid_none/GSEA/GO_BP/gsea_result.csv,GOBP_MITOTIC_SISTER_CHROMATID_COHESION_CENTROMERIC,GOBP_MITOTIC_SISTER_CHROMATID_COHESION_CENTROMERIC,0.0441,3,0.4286,0,0,1.0,0.0,keep,itself,,True,"CDK11B,BOD1,NAA50"
ngs,GSE282081,ATF3_correlation,3D_organoid_none,GO_BP,results/ngs/GSE282081/tables/ATF3_function/3D_organoid_none/GSEA/GO_BP/gsea_result.csv,GOBP_RNA_MODIFICATION,GOBP_RNA_MODIFICATION,0.0442,59,0.3224,28,15,0.0094,1.0,exclude,GOBP_MRNA_MODIFICATION,GOBP_MRNA_MODIFICATION,False,"WTAP,BAG4,NAF1,CTU1,RNMT,ELP1,GTPBP3,TRMT1L,THUMPD2,PUS1,METTL8,QTRT2,METTL16,TARBP1,SNRPD1,METTL4,RBM15,TFB2M,NSUN3,THADA"
ngs,GSE282081,ATF3_correlation,3D_organoid_none,GO_BP,results/ngs/GSE282081/tables/ATF3_function/3D_organoid_none/GSEA/GO_BP/gsea_result.csv,GOBP_REGULATION_OF_PRESYNAPTIC_CYTOSOLIC_CALCIUM_ION_CONCENTRATION,GOBP_REGULATION_OF_PRESYNAPTIC_CYTOSOLIC_CALCIUM_ION_CONCENTRATION,0.0443,9,0.6,0,0,1.0,0.0,keep,itself,,True,"SV2B,OSBPL2,CALB1,CACNB4,CACNB2,KCNH1,ERC2,ADORA1,NPY"
ngs,GSE282081,ATF3_correlation,3D_organoid_none,GO_BP,results/ngs/GSE282081/tables/ATF3_function/3D_organoid_none/GSEA/GO_BP/gsea_result.csv,GOBP_MITOCHONDRIAL_DNA_REPLICATION,GOBP_MITOCHONDRIAL_DNA_REPLICATION,0.0443,8,0.5333,0,0,1.0,0.0,keep,itself,,True,"DNAJA3,METTL4,RRM1,POLG,RRM2B,LIG3,PRIMPOL,POLG2"
ngs,GSE282081,ATF3_correlation,3D_organoid_none,GO_BP,results/ngs/GSE282081/tables/ATF3_function/3D_organoid_none/GSEA/GO_BP/gsea_result.csv,GOBP_CELLULAR_DETOXIFICATION_OF_ALDEHYDE,GOBP_CELLULAR_DETOXIFICATION_OF_ALDEHYDE,0.0443,4,0.3077,9,4,0.1762,1.0,keep,GOBP_ALDEHYDE_CATABOLIC_PROCESS,GOBP_ALDEHYDE_CATABOLIC_PROCESS,False,"PNKD,ADH5,PARK7,AKR1A1"
ngs,GSE282081,ATF3_correlation,3D_organoid_none,GO_BP,results/ngs/GSE282081/tables/ATF3_function/3D_organoid_none/GSEA/GO_BP/gsea_result.csv,GOBP_NEGATIVE_REGULATION_OF_B_CELL_ACTIVATION,GOBP_NEGATIVE_REGULATION_OF_B_CELL_ACTIVATION,0.0444,18,0.5294,0,0,1.0,0.0,keep,itself,,True,"LAPTM5,BTK,SFRP1,BCL6,PKN1,BANK1,INHA,IL10,CTLA4,CD300A,CDKN2A,FOXP3,ATM,TBC1D10C,INHBA,ID2,TNFRSF21,PARP3"
ngs,GSE282081,ATF3_correlation,3D_organoid_none,GO_BP,results/ngs/GSE282081/tables/ATF3_function/3D_organoid_none/GSEA/GO_BP/gsea_result.csv,GOBP_POSITIVE_REGULATION_OF_FEVER_GENERATION,GOBP_POSITIVE_REGULATION_OF_FEVER_GENERATION,0.0447,6,1.0,0,0,1.0,0.0,keep,itself,,True,"TNFRSF11A,PTGS2,IL1B,TNFSF11,TNF,PTGER3"
ngs,GSE282081,ATF3_correlation,3D_organoid_none,GO_BP,results/ngs/GSE282081/tables/ATF3_function/3D_organoid_none/GSEA/GO_BP/gsea_result.csv,GOBP_CHOLINE_METABOLIC_PROCESS,GOBP_CHOLINE_METABOLIC_PROCESS,0.0447,4,0.6667,4,4,0.0667,0.0551,keep,GOBP_AMINE_CATABOLIC_PROCESS,GOBP_AMINE_CATABOLIC_PROCESS,False,"CHDH,ALDH7A1,DMGDH,SLC44A1"
ngs,GSE282081,ATF3_correlation,3D_organoid_none,GO_BP,results/ngs/GSE282081/tables/ATF3_function/3D_organoid_none/GSEA/GO_BP/gsea_result.csv,GOBP_MIRNA_PROCESSING,GOBP_MIRNA_PROCESSING,0.0448,18,0.383,19,9,0.2269,1.0,keep,GOBP_PRIMARY_MIRNA_PROCESSING,GOBP_PRIMARY_MIRNA_PROCESSING,False,"PUM1,NUP155,PRKRA,ZC3H10,TUT7,BMP4,METTL14,METTL3,DGCR8,SRRT,SPOUT1,NCBP1,DROSHA,NCBP2,DDX5,TRUB1,ADAR,ZMPSTE24"
ngs,GSE282081,ATF3_correlation,3D_organoid_none,GO_BP,results/ngs/GSE282081/tables/ATF3_function/3D_organoid_none/GSEA/GO_BP/gsea_result.csv,GOBP_GLYCOSPHINGOLIPID_BIOSYNTHETIC_PROCESS,GOBP_GLYCOSPHINGOLIPID_BIOSYNTHETIC_PROCESS,0.0448,21,0.4667,9,6,0.166,0.2449,keep,GOBP_GLYCOSYLCERAMIDE_METABOLIC_PROCESS,GOBP_GLYCOSYLCERAMIDE_METABOLIC_PROCESS,False,"LARGE1,B4GALT4,PLEKHA8,ST6GALNAC5,FA2H,UGT8,ST8SIA1,CERK,PRKAA1,A4GALT,ST8SIA6,ST6GALNAC6,ST6GALNAC3,KDSR,FUT4,SPTSSA,SPTLC1,TM9SF2,B4GALT5,B3GALT2"
ngs,GSE282081,ATF3_correlation,3D_organoid_none,GO_BP,results/ngs/GSE282081/tables/ATF3_function/3D_organoid_none/GSEA/GO_BP/gsea_result.csv,GOBP_CELLULAR_RESPONSE_TO_CALCIUM_ION,GOBP_CELLULAR_RESPONSE_TO_CALCIUM_ION,0.0448,25,0.3125,0,0,1.0,0.0,keep,itself,,True,"CPNE1,CPNE3,RASAL1,CAPN3,ITPKC,WNT5A,SYT1,BRAF,RYR3,MCOLN1,PRKAA2,PRKAA1,PKD2,ASPH,KCNH1,JUND,JUNB,ITPKA,SLC25A24,EEF2K"
ngs,GSE282081,ATF3_correlation,3D_organoid_none,GO_BP,results/ngs/GSE282081/tables/ATF3_function/3D_organoid_none/GSEA/GO_BP/gsea_result.csv,GOBP_PEPTIDYL_HISTIDINE_MODIFICATION,GOBP_PEPTIDYL_HISTIDINE_MODIFICATION,0.0448,6,0.6667,0,0,1.0,0.0,keep,itself,,True,"DPH6,SETD3,DPH2,DPH1,DNAJC24,DPH7"
ngs,GSE282081,ATF3_correlation,3D_organoid_none,GO_BP,results/ngs/GSE282081/tables/ATF3_function/3D_organoid_none/GSEA/GO_BP/gsea_result.csv,GOBP_SERINE_TRANSPORT,GOBP_SERINE_TRANSPORT,0.0448,4,0.5,5,4,0.0714,0.0474,keep,GOBP_ALANINE_TRANSPORT,GOBP_ALANINE_TRANSPORT,True,"SFXN1,SLC38A5,SLC1A4,SLC38A2"
ngs,GSE282081,ATF3_correlation,3D_organoid_none,GO_BP,results/ngs/GSE282081/tables/ATF3_function/3D_organoid_none/GSEA/GO_BP/gsea_result.csv,GOBP_NEGATIVE_REGULATION_OF_LIPOPROTEIN_PARTICLE_CLEARANCE,GOBP_NEGATIVE_REGULATION_OF_LIPOPROTEIN_PARTICLE_CLEARANCE,0.0452,7,0.3043,0,0,1.0,0.0,keep,itself,,True,"CSK,APOC3,KHSRP,ABCC8,LRPAP1,APOC1,PCSK9"
ngs,GSE282081,ATF3_correlation,3D_organoid_none,GO_BP,results/ngs/GSE282081/tables/ATF3_function/3D_organoid_none/GSEA/GO_BP/gsea_result.csv,GOBP_NEGATIVE_REGULATION_OF_PROTEIN_TYROSINE_KINASE_ACTIVITY,GOBP_NEGATIVE_REGULATION_OF_PROTEIN_TYROSINE_KINASE_ACTIVITY,0.0453,11,0.9167,0,0,1.0,0.0,keep,itself,,True,"GPRC5A,ZFYVE28,ERRFI1,SOCS4,SOCS5,ZGPAT,SRCIN1,CHMP6,TSG101,SNX6,PTK6"
ngs,GSE282081,ATF3_correlation,3D_organoid_none,GO_BP,results/ngs/GSE282081/tables/ATF3_function/3D_organoid_none/GSEA/GO_BP/gsea_result.csv,GOBP_REGULATION_OF_SYSTEMIC_ARTERIAL_BLOOD_PRESSURE_BY_RENIN_ANGIOTENSIN,GOBP_REGULATION_OF_SYSTEMIC_ARTERIAL_BLOOD_PRESSURE_BY_RENIN_ANGIOTENSIN,0.0453,13,0.3939,0,0,1.0,0.0,keep,itself,,True,"GJA5,F2R,ACE,CYBA,MRGPRD,OR51E2,TACR1,REN,PRCP,PCSK5,ANPEP,NOX1,CTSZ"
ngs,GSE282081,ATF3_correlation,3D_organoid_none,GO_BP,results/ngs/GSE282081/tables/ATF3_function/3D_organoid_none/GSEA/GO_BP/gsea_result.csv,GOBP_POSITIVE_REGULATION_OF_CARDIAC_MUSCLE_CONTRACTION,GOBP_POSITIVE_REGULATION_OF_CARDIAC_MUSCLE_CONTRACTION,0.0454,3,0.3333,2,2,0.0833,0.2895,keep,GOBP_ADENYLATE_CYCLASE_ACTIVATING_ADRENERGIC_RECEPTOR_SIGNALING_PATHWAY,GOBP_ADENYLATE_CYCLASE_ACTIVATING_ADRENERGIC_RECEPTOR_SIGNALING_PATHWAY,False,"KCNQ1,ADRA1A,CHGA"
ngs,GSE282081,ATF3_correlation,3D_organoid_none,GO_BP,results/ngs/GSE282081/tables/ATF3_function/3D_organoid_none/GSEA/GO_BP/gsea_result.csv,GOBP_ENDOTHELIAL_CELL_MIGRATION,GOBP_ENDOTHELIAL_CELL_MIGRATION,0.0456,47,0.1556,13,3,0.3286,0.4623,keep,GOBP_NEGATIVE_REGULATION_OF_EXTRACELLULAR_MATRIX_ORGANIZATION,GOBP_NEGATIVE_REGULATION_OF_EXTRACELLULAR_MATRIX_ORGANIZATION,False,"ACVRL1,STARD13,TNFSF12,CALR,SCG2,TMSB4X,TGFB1I1,TEK,CRIPTO,BSG,STC1,SMOC2,CEACAM1,RAB13,JCAD,ADGRB1,RHOJ,CORO1B,ADAMTS9,PRCP"
ngs,GSE282081,ATF3_correlation,3D_organoid_none,GO_BP,results/ngs/GSE282081/tables/ATF3_function/3D_organoid_none/GSEA/GO_BP/gsea_result.csv,GOBP_MITOCHONDRIAL_TRANSCRIPTION,GOBP_MITOCHONDRIAL_TRANSCRIPTION,0.0456,9,0.4737,9,5,0.4141,1.0,keep,GOBP_REGULATION_OF_MITOCHONDRIAL_TRANSCRIPTION,GOBP_REGULATION_OF_MITOCHONDRIAL_TRANSCRIPTION,False,"KAT8,MTERF2,MTERF1,METTL4,TFB2M,KANSL3,PRKAA1,KANSL1,FOXO3"
ngs,GSE282081,ATF3_correlation,3D_organoid_none,GO_BP,results/ngs/GSE282081/tables/ATF3_function/3D_organoid_none/GSEA/GO_BP/gsea_result.csv,GOBP_RESPONSE_TO_ORGANOPHOSPHORUS,GOBP_RESPONSE_TO_ORGANOPHOSPHORUS,0.0459,41,0.3306,0,0,1.0,0.0,keep,itself,,True,"P2RX6,PNPT1,TRPV1,TOP1,TAT,ZFP36L1,SLC26A6,SCX,RYR3,RAP1B,TRPM4,SSH1,ERRFI1,PKD2,PER1,INPP5K,PDE4D,PDE2A,TLR7,DUOX2"
ngs,GSE282081,ATF3_correlation,3D_organoid_none,GO_BP,results/ngs/GSE282081/tables/ATF3_function/3D_organoid_none/GSEA/GO_BP/gsea_result.csv,GOBP_REGULATION_OF_INSULIN_RECEPTOR_SIGNALING_PATHWAY,GOBP_REGULATION_OF_INSULIN_RECEPTOR_SIGNALING_PATHWAY,0.0459,21,0.2763,0,0,1.0,0.0,keep,itself,,True,"NR1H4,SOCS3,OGT,TSC2,SORL1,RPS6KB1,RBM4,PTPN11,TRIB3,PTPN2,PRKAA1,INPP5K,TRIM72,IRS1,IL1B,VWA2,GRB10,GRB7,SNX5,MTOR"
ngs,GSE282081,ATF3_correlation,3D_organoid_none,GO_BP,results/ngs/GSE282081/tables/ATF3_function/3D_organoid_none/GSEA/GO_BP/gsea_result.csv,GOBP_POSITIVE_REGULATION_OF_MESENCHYMAL_CELL_PROLIFERATION,GOBP_POSITIVE_REGULATION_OF_MESENCHYMAL_CELL_PROLIFERATION,0.0461,11,0.4074,0,0,1.0,0.0,keep,itself,,True,"FOXP2,IRS2,WNT5A,WNT2,STAT1,SOX9,PRRX1,MYC,FGFR1,FGF9,CTNNB1"
ngs,GSE282081,ATF3_correlation,3D_organoid_none,GO_BP,results/ngs/GSE282081/tables/ATF3_function/3D_organoid_none/GSEA/GO_BP/gsea_result.csv,GOBP_MITOCHONDRIAL_RNA_PROCESSING,GOBP_MITOCHONDRIAL_RNA_PROCESSING,0.0463,23,0.7931,8,7,0.4569,0.0,keep,GOBP_MITOCHONDRIAL_RNA_3_END_PROCESSING,GOBP_MITOCHONDRIAL_RNA_3_END_PROCESSING,True,"ANGEL2,PNPT1,GTPBP3,PUS1,METTL8,SUPV3L1,TRMT5,TRMT10C,CDK5RAP1,TRNT1,MTO1,FASTKD2,LRPPRC,PRORP,RPUSD4,YRDC,FASTKD1,FASTKD3,ELAC2,FASTKD5"
ngs,GSE282081,ATF3_correlation,3D_organoid_none,GO_BP,results/ngs/GSE282081/tables/ATF3_function/3D_organoid_none/GSEA/GO_BP/gsea_result.csv,GOBP_HOST_MEDIATED_PERTURBATION_OF_VIRAL_PROCESS,GOBP_HOST_MEDIATED_PERTURBATION_OF_VIRAL_PROCESS,0.0464,25,0.3247,0,0,1.0,0.0,keep,itself,,True,"CDC42,ROCK2,VAPB,CCNT2,CCNT1,CCNK,EEA1,HMGA2,ZC3H12A,SMC6,TFAP4,TAF11,YTHDC2,REST,RAB5A,DDX56,ZFYVE1,INPP5K,ZNF639,ZDHHC9"
ngs,GSE282081,ATF3_correlation,3D_organoid_none,GO_BP,results/ngs/GSE282081/tables/ATF3_function/3D_organoid_none/GSEA/GO_BP/gsea_result.csv,GOBP_RESPONSE_TO_INTERLEUKIN_12,GOBP_RESPONSE_TO_INTERLEUKIN_12,0.0465,6,0.4615,5,3,0.4126,0.5,keep,GOBP_INTERLEUKIN_23_MEDIATED_SIGNALING_PATHWAY,GOBP_INTERLEUKIN_23_MEDIATED_SIGNALING_PATHWAY,False,"CD47,RIPK2,TYK2,JAK2,IL12B,PLCB1"
ngs,GSE282081,ATF3_correlation,3D_organoid_none,GO_BP,results/ngs/GSE282081/tables/ATF3_function/3D_organoid_none/GSEA/GO_BP/gsea_result.csv,GOBP_CELL_KILLING,GOBP_CELL_KILLING,0.0467,50,0.1805,73,20,0.0143,0.0569,exclude,GOBP_ANTIMICROBIAL_HUMORAL_IMMUNE_RESPONSE_MEDIATED_BY_ANTIMICROBIAL_PEPTIDE,GOBP_ANTIMICROBIAL_HUMORAL_IMMUNE_RESPONSE_MEDIATED_BY_ANTIMICROBIAL_PEPTIDE,False,"LYST,CORO1A,HCST,GNLY,TUBB4B,MICA,CD1E,CAMP,CCL21,CCL17,KNG1,IL18,LCE3A,ELANE,CXCL14,IL18RAP,VAV1,TGFB2,VAMP7,CXCL6"
ngs,GSE282081,ATF3_correlation,3D_organoid_none,GO_BP,results/ngs/GSE282081/tables/ATF3_function/3D_organoid_none/GSEA/GO_BP/gsea_result.csv,GOBP_REGULATION_OF_CARDIAC_MUSCLE_CONTRACTION_BY_CALCIUM_ION_SIGNALING,GOBP_REGULATION_OF_CARDIAC_MUSCLE_CONTRACTION_BY_CALCIUM_ION_SIGNALING,0.0468,20,0.5714,4,2,0.8001,0.8,keep,GOBP_REGULATION_OF_CALCIUM_ION_EXPORT_ACROSS_PLASMA_MEMBRANE,GOBP_REGULATION_OF_CALCIUM_ION_EXPORT_ACROSS_PLASMA_MEMBRANE,False,"CALM1,CACNA1C,TNNI3,SLC9A1,FKBP1C,PRKACA,HRC,FKBP1A,CLIC2,TRDN,CASQ2,PLN,GSTO1,JPH4,CALM3,JPH2,NOS1,ATP1A2,FKBP1B,DMD"
ngs,GSE282081,ATF3_correlation,3D_organoid_none,GO_BP,results/ngs/GSE282081/tables/ATF3_function/3D_organoid_none/GSEA/GO_BP/gsea_result.csv,GOBP_NEGATIVE_REGULATION_OF_EXTRACELLULAR_MATRIX_DISASSEMBLY,GOBP_NEGATIVE_REGULATION_OF_EXTRACELLULAR_MATRIX_DISASSEMBLY,0.047,3,0.2727,6,2,0.5758,0.2359,keep,GOBP_ENDOTHELIAL_CELL_MIGRATION,GOBP_ENDOTHELIAL_CELL_MIGRATION,False,"FAP,DPP4,CST3"
ngs,GSE282081,ATF3_correlation,3D_organoid_none,GO_BP,results/ngs/GSE282081/tables/ATF3_function/3D_organoid_none/GSEA/GO_BP/gsea_result.csv,GOBP_GLYCOSPHINGOLIPID_METABOLIC_PROCESS,GOBP_GLYCOSPHINGOLIPID_METABOLIC_PROCESS,0.047,24,0.3158,21,8,0.312,1.0,keep,GOBP_GLYCOSYLCERAMIDE_METABOLIC_PROCESS,GOBP_GLYCOSYLCERAMIDE_METABOLIC_PROCESS,False,"LARGE1,B4GALT4,PLEKHA8,ST6GALNAC5,FA2H,UGT8,ST8SIA1,CERK,GBA2,PRKAA1,CLN6,A4GALT,NEU2,NEU1,M6PR,KIT,ST8SIA6,ST6GALNAC6,GLB1,GLA"
ngs,GSE282081,ATF3_correlation,3D_organoid_none,GO_BP,results/ngs/GSE282081/tables/ATF3_function/3D_organoid_none/GSEA/GO_BP/gsea_result.csv,GOBP_EXTRACELLULAR_MATRIX_CELL_SIGNALING,GOBP_EXTRACELLULAR_MATRIX_CELL_SIGNALING,0.0471,4,0.8,0,0,1.0,0.0,keep,itself,,True,"LRP5,FER,NTN4,NDP"
ngs,GSE282081,ATF3_correlation,3D_organoid_none,GO_BP,results/ngs/GSE282081/tables/ATF3_function/3D_organoid_none/GSEA/GO_BP/gsea_result.csv,GOBP_REGULATION_OF_KERATINOCYTE_PROLIFERATION,GOBP_REGULATION_OF_KERATINOCYTE_PROLIFERATION,0.0471,16,0.3636,0,0,1.0,0.0,keep,itself,,True,"CASK,EPPK1,ZFP36,KLF9,ZFP36L1,SNAI2,SRSF6,OVOL2,PTPRK,IL17RB,MED1,AREG,HAS2,IL17RA,EFNB2,CD109"
ngs,GSE282081,ATF3_correlation,3D_organoid_none,GO_BP,results/ngs/GSE282081/tables/ATF3_function/3D_organoid_none/GSEA/GO_BP/gsea_result.csv,GOBP_PROTEIN_LOCALIZATION_TO_CELL_PERIPHERY,GOBP_PROTEIN_LOCALIZATION_TO_CELL_PERIPHERY,0.0474,101,0.273,357,98,0.5063,0.9999,keep,GOBP_PROTEIN_LOCALIZATION_TO_MEMBRANE,GOBP_PROTEIN_LOCALIZATION_TO_MEMBRANE,False,"CDH1,ATP2C2,C2CD5,RAB11FIP3,GCC2,PREPL,BAG4,TMEM59,ROCK2,NHERF1,CACNA2D2,TMEM88,LARGE1,MYADM,MAP7,DUOXA1,VAMP4,CAV3,CAV1,BLZF1"
ngs,GSE282081,ATF3_correlation,3D_organoid_none,GO_BP,results/ngs/GSE282081/tables/ATF3_function/3D_organoid_none/GSEA/GO_BP/gsea_result.csv,GOBP_CELL_CELL_RECOGNITION,GOBP_CELL_CELL_RECOGNITION,0.0474,22,0.2785,0,0,1.0,0.0,keep,itself,,True,"ZP1,ALDOA,SPPL2C,ZPBP2,CCR7,CORO1A,CCT8,CCT2,CCL21,SPESP1,LYPD4,NCK2,TEX101,CCT3,LGALS3,IZUMO1R,TMEM81,HSPA1L,FUT3,FOLR1"
ngs,GSE282081,ATF3_correlation,3D_organoid_none,GO_BP,results/ngs/GSE282081/tables/ATF3_function/3D_organoid_none/GSEA/GO_BP/gsea_result.csv,GOBP_POSITIVE_REGULATION_OF_ORGANELLE_ASSEMBLY,GOBP_POSITIVE_REGULATION_OF_ORGANELLE_ASSEMBLY,0.0475,44,0.4944,0,0,1.0,0.0,keep,itself,,True,"PAN2,UBAP2L,RAB11FIP3,ATG5,CEP295,ULK1,IFT88,KCTD17,FSCN1,STIL,MOAP1,SDCBP,BBS4,ELAPOR1,SNX7,WRAP73,CAPRIN1,GPSM2,RAB3GAP2,CNOT6L"
ngs,GSE282081,ATF3_correlation,3D_organoid_none,GO_BP,results/ngs/GSE282081/tables/ATF3_function/3D_organoid_none/GSEA/GO_BP/gsea_result.csv,GOBP_POSITIVE_REGULATION_OF_TRANSCRIPTION_BY_RNA_POLYMERASE_III,GOBP_POSITIVE_REGULATION_OF_TRANSCRIPTION_BY_RNA_POLYMERASE_III,0.0478,10,0.4762,0,0,1.0,0.0,keep,itself,,True,"DDX21,BAZ1B,ZC3H8,ICE2,DEK,TBP,BDP1,MTOR,SF3B1,ICE1"
ngs,GSE282081,ATF3_correlation,3D_organoid_none,GO_BP,results/ngs/GSE282081/tables/ATF3_function/3D_organoid_none/GSEA/GO_BP/gsea_result.csv,GOBP_NEGATIVE_REGULATION_OF_DENDRITIC_CELL_DIFFERENTIATION,GOBP_NEGATIVE_REGULATION_OF_DENDRITIC_CELL_DIFFERENTIATION,0.0479,5,0.7143,0,0,1.0,0.0,keep,itself,,True,"LILRB1,HLA-G,TMEM176B,ZBTB46,TMEM176A"
ngs,GSE282081,ATF3_correlation,3D_organoid_none,GO_BP,results/ngs/GSE282081/tables/ATF3_function/3D_organoid_none/GSEA/GO_BP/gsea_result.csv,GOBP_PROPRIOCEPTION,GOBP_PROPRIOCEPTION,0.0479,4,0.8,0,0,1.0,0.0,keep,itself,,True,"MECP2,GBX1,TMEM150C,FXN"
ngs,GSE282081,ATF3_correlation,3D_organoid_none,GO_BP,results/ngs/GSE282081/tables/ATF3_function/3D_organoid_none/GSEA/GO_BP/gsea_result.csv,GOBP_SULFUR_COMPOUND_TRANSPORT,GOBP_SULFUR_COMPOUND_TRANSPORT,0.048,26,0.3824,21,12,0.0311,0.2241,exclude,GOBP_MODIFIED_AMINO_ACID_TRANSPORT,GOBP_MODIFIED_AMINO_ACID_TRANSPORT,False,"NHERF1,SLC5A6,LRRC8C,SLC22A4,SLC22A1,SLC6A13,SLC6A6,SLC3A1,SLC1A4,SLC1A1,SLC26A6,SLC25A40,LRRC8D,SLC35B3,NFE2L1,SLC26A5,RACGAP1,SLC7A11,SLC25A10,ABCC2"
ngs,GSE282081,ATF3_correlation,3D_organoid_none,GO_BP,results/ngs/GSE282081/tables/ATF3_function/3D_organoid_none/GSEA/GO_BP/gsea_result.csv,GOBP_NEUROMUSCULAR_JUNCTION_DEVELOPMENT,GOBP_NEUROMUSCULAR_JUNCTION_DEVELOPMENT,0.048,25,0.3788,0,0,1.0,0.0,keep,itself,,True,"CACNA2D2,LARGE1,DNAJA3,PPFIBP1,COLQ,CACNB4,CACNB2,SKP1,MAP2K4,SPTBN4,ALS2,MAP2K1,ZC4H2,SIX4,ANK3,GABPA,FNTA,NEDD4L,MESD,P2RX2"
ngs,GSE282081,ATF3_correlation,3D_organoid_none,GO_BP,results/ngs/GSE282081/tables/ATF3_function/3D_organoid_none/GSEA/GO_BP/gsea_result.csv,GOBP_DNA_ENDOREDUPLICATION,GOBP_DNA_ENDOREDUPLICATION,0.048,5,1.0,0,0,1.0,0.0,keep,itself,,True,"ZPR1,SENP2,FBXO5,E2F7,E2F8"
ngs,GSE282081,ATF3_correlation,3D_organoid_none,GO_BP,results/ngs/GSE282081/tables/ATF3_function/3D_organoid_none/GSEA/GO_BP/gsea_result.csv,GOBP_NEGATIVE_REGULATION_OF_INTRINSIC_APOPTOTIC_SIGNALING_PATHWAY_IN_RESPONSE_TO_OSMOTIC_STRESS,GOBP_NEGATIVE_REGULATION_OF_INTRINSIC_APOPTOTIC_SIGNALING_PATHWAY_IN_RESPONSE_TO_OSMOTIC_STRESS,0.048,3,0.6,2,2,0.3,0.1234,keep,GOBP_RESPONSE_TO_TUMOR_NECROSIS_FACTOR,GOBP_RESPONSE_TO_TUMOR_NECROSIS_FACTOR,False,"ARHGEF2,YBX3,PTGS2"
ngs,GSE282081,ATF3_correlation,3D_organoid_none,GO_BP,results/ngs/GSE282081/tables/ATF3_function/3D_organoid_none/GSEA/GO_BP/gsea_result.csv,GOBP_REGULATION_OF_CANONICAL_WNT_SIGNALING_PATHWAY,GOBP_REGULATION_OF_CANONICAL_WNT_SIGNALING_PATHWAY,0.0481,78,0.2737,0,0,1.0,0.0,keep,itself,,True,"ZEB2,FAM53B,RNF14,SOX13,NHERF1,TMEM88,WDR20,LATS1,USP8,TBX18,OTULIN,SCEL,JRK,CAV1,NKD2,NKD1,JADE1,TTC21B,WNT5A,UBE2B"
ngs,GSE282081,ATF3_correlation,3D_organoid_none,GO_BP,results/ngs/GSE282081/tables/ATF3_function/3D_organoid_none/GSEA/GO_BP/gsea_result.csv,GOBP_GLYCEROLIPID_BIOSYNTHETIC_PROCESS,GOBP_GLYCEROLIPID_BIOSYNTHETIC_PROCESS,0.0481,135,0.5466,204,119,0.0092,1.0,exclude,GOBP_GLYCEROPHOSPHOLIPID_BIOSYNTHETIC_PROCESS,GOBP_GLYCEROPHOSPHOLIPID_BIOSYNTHETIC_PROCESS,False,"NR1H4,FIG4,SCARB1,TPTE2,PIGM,MTMR6,CPNE1,MTMR3,CPNE3,SELENOI,DGKD,DGKE,PGAP4,CAPN2,TMX1,PTDSS2,ITPKC,PGAP1,MPPE1,SLC30A5"
ngs,GSE282081,ATF3_correlation,3D_organoid_none,GO_BP,results/ngs/GSE282081/tables/ATF3_function/3D_organoid_none/GSEA/GO_BP/gsea_result.csv,GOBP_CELLULAR_RESPONSE_TO_AMYLOID_BETA,GOBP_CELLULAR_RESPONSE_TO_AMYLOID_BETA,0.0483,16,0.3265,0,0,1.0,0.0,keep,itself,,True,"CD36,CACNB1,CACNA2D1,SYK,PRNP,TREM2,NGFR,ATP1A3,APP,IGF1R,FYN,FOXO3,EPHB2,EPHA4,ADRB2,PARP1"
ngs,GSE282081,ATF3_correlation,3D_organoid_none,GO_BP,results/ngs/GSE282081/tables/ATF3_function/3D_organoid_none/GSEA/GO_BP/gsea_result.csv,GOBP_SKELETAL_MUSCLE_CELL_PROLIFERATION,GOBP_SKELETAL_MUSCLE_CELL_PROLIFERATION,0.0483,11,0.5238,0,0,1.0,0.0,keep,itself,,True,"PAXBP1,MEGF10,DSN1,AKIRIN1,KPNA1,JAK2,ANGPT1,FOS,SUGT1,NDC80,MYOG"
ngs,GSE282081,ATF3_correlation,3D_organoid_none,GO_BP,results/ngs/GSE282081/tables/ATF3_function/3D_organoid_none/GSEA/GO_BP/gsea_result.csv,GOBP_ACYL_COA_METABOLIC_PROCESS,GOBP_ACYL_COA_METABOLIC_PROCESS,0.0484,40,0.367,43,22,0.0102,1.0,exclude,GOBP_ACETYL_COA_METABOLIC_PROCESS,GOBP_ACETYL_COA_METABOLIC_PROCESS,False,"HSD17B4,HMGCS2,HMGCS1,HMGCR,ACACA,THEM5,GCDH,ACOT9,MLYCD,SIRT4,DIP2A,FASN,ACSL3,ACSF3,DLST,DBT,FITM2,ACOT2,BCKDK,GLYAT"
ngs,GSE282081,ATF3_correlation,3D_organoid_none,GO_BP,results/ngs/GSE282081/tables/ATF3_function/3D_organoid_none/GSEA/GO_BP/gsea_result.csv,GOBP_TERTIARY_ALCOHOL_METABOLIC_PROCESS,GOBP_TERTIARY_ALCOHOL_METABOLIC_PROCESS,0.0485,6,0.25,10,4,0.1698,1.0,keep,GOBP_POLYKETIDE_METABOLIC_PROCESS,GOBP_POLYKETIDE_METABOLIC_PROCESS,False,"SULT1C4,AKR1C1,CYP21A2,CYP17A1,AKR1C4,AKR1A1"
ngs,GSE282081,ATF3_correlation,3D_organoid_none,GO_BP,results/ngs/GSE282081/tables/ATF3_function/3D_organoid_none/GSEA/GO_BP/gsea_result.csv,GOBP_REGULATION_OF_CELL_CELL_ADHESION_MEDIATED_BY_INTEGRIN,GOBP_REGULATION_OF_CELL_CELL_ADHESION_MEDIATED_BY_INTEGRIN,0.0488,5,0.4167,0,0,1.0,0.0,keep,itself,,True,"CD3E,SKAP1,SWAP70,DPP4,ADA"
ngs,GSE282081,ATF3_correlation,3D_organoid_none,GO_BP,results/ngs/GSE282081/tables/ATF3_function/3D_organoid_none/GSEA/GO_BP/gsea_result.csv,GOBP_FAT_CELL_DIFFERENTIATION,GOBP_FAT_CELL_DIFFERENTIATION,0.0491,82,0.3037,74,26,0.1842,1.0,keep,GOBP_POSITIVE_REGULATION_OF_FAT_CELL_DIFFERENTIATION,GOBP_POSITIVE_REGULATION_OF_FAT_CELL_DIFFERENTIATION,False,"SOX13,GDF3,NR1D1,KLF4,PER2,PEX11A,RUNX1T1,CBX4,CUL2,LRRC8C,ARL6,HMGA2,ZC3H12A,ZBTB16,ZFP36,XBP1,WNT5A,VEGFA,KLF5,STK4"
ngs,GSE282081,ATF3_correlation,3D_organoid_none,GO_BP,results/ngs/GSE282081/tables/ATF3_function/3D_organoid_none/GSEA/GO_BP/gsea_result.csv,GOBP_REGULATION_OF_INTRINSIC_APOPTOTIC_SIGNALING_PATHWAY,GOBP_REGULATION_OF_INTRINSIC_APOPTOTIC_SIGNALING_PATHWAY,0.0492,50,0.2564,7,4,0.0729,1.0,keep,GOBP_NEGATIVE_REGULATION_OF_HYPOXIA_INDUCED_INTRINSIC_APOPTOTIC_SIGNALING_PATHWAY,GOBP_NEGATIVE_REGULATION_OF_HYPOXIA_INDUCED_INTRINSIC_APOPTOTIC_SIGNALING_PATHWAY,False,"USP15,BCLAF1,HERPUD1,CD44,BAG5,EIF2AK3,NHERF1,ARHGEF2,NOL3,URI1,PRKRA,CAV1,YBX3,ARMC10,BCL2L12,XBP1,WFS1,TP53,TMBIM6,SOD2"
ngs,GSE282081,ATF3_correlation,3D_organoid_none,GO_BP,results/ngs/GSE282081/tables/ATF3_function/3D_organoid_none/GSEA/GO_BP/gsea_result.csv,GOBP_RESPONSE_TO_SALT,GOBP_RESPONSE_TO_SALT,0.0492,10,0.4167,0,0,1.0,0.0,keep,itself,,True,"RUNX2,ZC3H12A,XPO1,MAPK13,PHEX,NPR2,NFE2L2,NEFL,SLC26A5,FGFR1"
ngs,GSE282081,ATF3_correlation,3D_organoid_none,GO_BP,results/ngs/GSE282081/tables/ATF3_function/3D_organoid_none/GSEA/GO_BP/gsea_result.csv,GOBP_NEGATIVE_REGULATION_OF_BLOOD_VESSEL_ENDOTHELIAL_CELL_PROLIFERATION_INVOLVED_IN_SPROUTING_ANGIOGENESIS,GOBP_NEGATIVE_REGULATION_OF_BLOOD_VESSEL_ENDOTHELIAL_CELL_PROLIFERATION_INVOLVED_IN_SPROUTING_ANGIOGENESIS,0.0492,6,0.2308,22,4,0.9722,0.4569,keep,GOBP_ENDOTHELIAL_CELL_MIGRATION,GOBP_ENDOTHELIAL_CELL_MIGRATION,False,"DLL4,NGFR,IL12B,PDCD10,MMRN2,THBS1"
ngs,GSE282081,ATF3_correlation,3D_organoid_none,GO_BP,results/ngs/GSE282081/tables/ATF3_function/3D_organoid_none/GSEA/GO_BP/gsea_result.csv,GOBP_REGULATION_OF_PROTEIN_TYROSINE_KINASE_ACTIVITY,GOBP_REGULATION_OF_PROTEIN_TYROSINE_KINASE_ACTIVITY,0.0494,16,0.7619,12,11,0.0805,3.5e-05,keep,GOBP_NEGATIVE_REGULATION_OF_PROTEIN_MODIFICATION_PROCESS,GOBP_NEGATIVE_REGULATION_OF_PROTEIN_MODIFICATION_PROCESS,True,"GPRC5A,RAP2C,ZFYVE28,ERRFI1,LILRA5,SOCS4,ABI1,SOCS5,UNC119,ZGPAT,SRCIN1,CHMP6,TSG101,RAP2B,SNX6,PTK6"
ngs,GSE282081,ATF3_correlation,3D_organoid_none,GO_BP,results/ngs/GSE282081/tables/ATF3_function/3D_organoid_none/GSEA/GO_BP/gsea_result.csv,GOBP_OXALOACETATE_METABOLIC_PROCESS,GOBP_OXALOACETATE_METABOLIC_PROCESS,0.0495,11,1.0,0,0,1.0,0.0,keep,itself,,True,"PCK2,ACLY,FAHD2B,MDH1B,FAHD1,NIT2,PCK1,FAHD2A,MDH1,GOT2,GOT1"
ngs,GSE282081,ATF3_correlation,3D_organoid_none,GO_BP,results/ngs/GSE282081/tables/ATF3_function/3D_organoid_none/GSEA/GO_BP/gsea_result.csv,GOBP_NATURAL_KILLER_CELL_DEGRANULATION,GOBP_NATURAL_KILLER_CELL_DEGRANULATION,0.0495,5,0.3846,0,0,1.0,0.0,keep,itself,,True,"VAMP7,NKG7,LAMP1,HLA-F,UNC13D"
ngs,GSE282081,ATF3_correlation,3D_organoid_none,GO_BP,results/ngs/GSE282081/tables/ATF3_function/3D_organoid_none/GSEA/GO_BP/gsea_result.csv,GOBP_POSITIVE_REGULATION_OF_EXTRINSIC_APOPTOTIC_SIGNALING_PATHWAY_IN_ABSENCE_OF_LIGAND,GOBP_POSITIVE_REGULATION_OF_EXTRINSIC_APOPTOTIC_SIGNALING_PATHWAY_IN_ABSENCE_OF_LIGAND,0.0495,5,0.4545,3,3,0.0606,0.0082,keep,GOBP_HOMEOSTASIS_OF_NUMBER_OF_CELLS,GOBP_HOMEOSTASIS_OF_NUMBER_OF_CELLS,True,"TGFB2,PPP2R1A,PPP1CA,NF1,INHBA"
ngs,GSE282081,ATF3_correlation,3D_organoid_none,GO_BP,results/ngs/GSE282081/tables/ATF3_function/3D_organoid_none/GSEA/GO_BP/gsea_result.csv,GOBP_CELLULAR_RESPONSE_TO_FLUID_SHEAR_STRESS,GOBP_CELLULAR_RESPONSE_TO_FLUID_SHEAR_STRESS,0.0496,21,0.4468,31,16,0.1537,0.6766,keep,GOBP_RESPONSE_TO_LAMINAR_FLUID_SHEAR_STRESS,GOBP_RESPONSE_TO_LAMINAR_FLUID_SHEAR_STRESS,False,"KLF4,CAPN2,XBP1,PTGS2,MAP2K5,PKN2,PRKAR2A,PRKACB,PKD2,PDPK1,NFE2L2,ASS1,HAS2,ABL1,MTOR,ADCY4,ADCY6,ADCY3,KLF2,ADCY8"
ngs,GSE282081,ATF3_correlation,3D_organoid_none,GO_BP,results/ngs/GSE282081/tables/ATF3_function/3D_organoid_none/GSEA/GO_BP/gsea_result.csv,GOBP_POSITIVE_REGULATION_OF_MRNA_3_END_PROCESSING,GOBP_POSITIVE_REGULATION_OF_MRNA_3_END_PROCESSING,0.0497,5,1.0,0,0,1.0,0.0,keep,itself,,True,"NCBP1,NCBP2,DHX36,CCNB1,CDC73"
ngs,GSE282081,ATF3_correlation,3D_organoid_none,GO_BP,results/ngs/GSE282081/tables/ATF3_function/3D_organoid_none/GSEA/GO_BP/gsea_result.csv,GOBP_REGULATION_OF_GLIAL_CELL_APOPTOTIC_PROCESS,GOBP_REGULATION_OF_GLIAL_CELL_APOPTOTIC_PROCESS,0.0498,5,0.5,4,3,0.2619,0.0967,keep,GOBP_PROTEIN_LOCALIZATION_TO_MEMBRANE,GOBP_PROTEIN_LOCALIZATION_TO_MEMBRANE,False,"AKAP12,TRAF2,PRKCI,PRKCH,TREM2"
ngs,GSE282081,ATF3_correlation,3D_organoid_none,GO_BP,results/ngs/GSE282081/tables/ATF3_function/3D_organoid_none/GSEA/GO_BP/gsea_result.csv,GOBP_REGULATION_OF_NERVOUS_SYSTEM_DEVELOPMENT,GOBP_REGULATION_OF_NERVOUS_SYSTEM_DEVELOPMENT,0.0498,118,0.2652,20,11,0.0054,1.0,exclude,GOBP_POSITIVE_REGULATION_OF_DENDRITIC_SPINE_MORPHOGENESIS,GOBP_POSITIVE_REGULATION_OF_DENDRITIC_SPINE_MORPHOGENESIS,False,"CDH1,FIG4,KIAA0319,ZEB2,IST1,CLSTN3,NR1D1,FXR2,EIF2AK3,QKI,ZPR1,PER2,SYNGAP1,NRP1,BHLHE40,DOCK7,HES7,TTBK1,ULK1,CAMK2B"
