"Dataset","Plot_Category","Analysis_Name","GeneSet_Name","Denester_Rank","Pathway_ID","Description","NES","GSEA_P_Value","GSEA_P_Adjust","GSEA_Q_Value","Core_Gene_Count","Term_Size","Core_Density","Unexpected_Core_Gene_Fraction","Intersection_Size_With_MSP","Core_Genes_In_MSP_Intersection","Fraction_Core_In_MSP_Intersection","Fraction_Term_Overlap_With_MSP","Jaccard_With_MSP","Denester_P_Value","Reciprocal_P_Value","Denester_Status","Versus_Pathway_ID","Versus_Pathway_Name","Is_Reciprocal","Core_Enrichment_Matched","Core_Enrichment_Raw"
"GSE282081","Main_DE","3D_organoid","HPO","3","HP_ABNORMAL_PLEURA_MORPHOLOGY","HP_ABNORMAL_PLEURA_MORPHOLOGY","-1.877986832150191","0.00001083632515639976","0.02007248629803782","0.01942422048527742","34","191","0.1780104712041885","0.00000000000000000","83","21","0.61764705882352944","0.434554973821989543","0.434554973821989543","0.0146926252688793814","1.00000000000000000","Exclude","HP_PNEUMOTHORAX","HP_PNEUMOTHORAX",FALSE,"GPR35/CYBB/DDR2/ATP6V1E1/CD28/DSE/FLCN/LAMA3/RIT1/TNFRSF1A/NAB2/SERPINF2/IL10/CCBE1/SERPINA1/ZNFX1/THSD4/CAV1/FBLN5/LAMC2/TGFBR2/LAMB3/SLC25A24/NRAS/MYLK/PRKAG2/TGFBR1/SMAD3/STAT6/CCR1/TGFB2/LTBP1/EFEMP2/KCNN4","GPR35/CYBB/DDR2/ATP6V1E1/CD28/DSE/FLCN/LAMA3/RIT1/TNFRSF1A/NAB2/SERPINF2/IL10/CCBE1/SERPINA1/ZNFX1/THSD4/CAV1/FBLN5/LAMC2/TGFBR2/LAMB3/SLC25A24/NRAS/MYLK/PRKAG2/TGFBR1/SMAD3/STAT6/CCR1/TGFB2/LTBP1/EFEMP2/KCNN4"
"GSE282081","Main_DE","3D_organoid","HPO","6","HP_PERIPHERAL_ARTERIAL_STENOSIS","HP_PERIPHERAL_ARTERIAL_STENOSIS","-2.160668950376366","0.00002470647129308286","0.02288231016261024","0.02214329760705801","8","33","0.2424242424242424","0.00000000000000000","3","3","0.37500000000000000","0.090909090909090912","0.078947368421052627","0.0102639296187683367","0.17857142857142846","Exclude","HP_PULMONARY_ARTERY_ANEURYSM","HP_PULMONARY_ARTERY_ANEURYSM",FALSE,"THSD4/APOE/TGFBR2/MYLK/TGFBR1/SMAD3/TGFB2/EFEMP2","THSD4/APOE/TGFBR2/MYLK/TGFBR1/SMAD3/TGFB2/EFEMP2"
"GSE282081","Main_DE","3D_organoid","HPO","8","HP_SUBCUTANEOUS_HEMORRHAGE","HP_SUBCUTANEOUS_HEMORRHAGE","-1.674255236199836","0.00004014026746055101","0.02579845729372054","0.02496526415375994","56","250","0.2240000000000000","0.00000000000000000","186","47","0.83928571428571430","0.743999999999999995","0.743999999999999995","0.0429679149116192552","1.00000000000000000","Exclude","HP_BRUISING_SUSCEPTIBILITY","HP_BRUISING_SUSCEPTIBILITY",FALSE,"FKBP14/PRKACA/GP1BA/GNAS/MCFD2/CASP10/HPS5/SLC2A10/BLOC1S3/PRKAR1A/SCARB2/PTPN22/ETV6/ANO6/HPS6/CD109/SLC51A/MRAS/NEU1/ITGA2B/STIM1/DSE/ABCC6/C2/ETHE1/RIT1/VWF/TNFRSF1A/SERPINF2/NBEAL2/NAGA/PLCG1/GBA1/NTRK1/RRAS/RASGRP2/THSD4/F13A1/CD81/CREB3L1/TGFBR2/NRAS/ACP5/UNC13D/MYLK/COL5A1/PLAU/GSN/TGFBR1/SMAD3/BGN/C1S/TBL1XR1/TGFB2/COL1A1/EFEMP2","FKBP14/PRKACA/GP1BA/GNAS/MCFD2/CASP10/HPS5/SLC2A10/BLOC1S3/PRKAR1A/SCARB2/PTPN22/ETV6/ANO6/HPS6/CD109/SLC51A/MRAS/NEU1/ITGA2B/STIM1/DSE/ABCC6/C2/ETHE1/RIT1/VWF/TNFRSF1A/SERPINF2/NBEAL2/NAGA/PLCG1/GBA1/NTRK1/RRAS/RASGRP2/THSD4/F13A1/CD81/CREB3L1/TGFBR2/NRAS/ACP5/UNC13D/MYLK/COL5A1/PLAU/GSN/TGFBR1/SMAD3/BGN/C1S/TBL1XR1/TGFB2/COL1A1/EFEMP2"
"GSE282081","Main_DE","3D_organoid","HPO","10","HP_ATYPICAL_SCARRING_OF_SKIN","HP_ATYPICAL_SCARRING_OF_SKIN","-1.950010330416192","0.00004642515258902382","0.02579845729372054","0.02496526415375994","16","77","0.2077922077922078","0.00000000000000000","12","6","0.37500000000000000","0.155844155844155841","0.153846153846153855","0.0141458106519388414","0.53846153846153855","Exclude","HP_ARTERIAL_DISSECTION","HP_ARTERIAL_DISSECTION",FALSE,"COL6A3/NTRK1/LRP1/COL6A2/LAMC2/TGFBR2/LAMB3/NOTCH3/COL5A1/PDGFRB/TGFBR1/SMAD3/C1S/TGFB2/KRT5/COL1A1","COL6A3/NTRK1/LRP1/COL6A2/LAMC2/TGFBR2/LAMB3/NOTCH3/COL5A1/PDGFRB/TGFBR1/SMAD3/C1S/TGFB2/KRT5/COL1A1"
"GSE282081","Main_DE","3D_organoid","HPO","11","HP_CAROTID_ARTERY_DILATATION","HP_CAROTID_ARTERY_DILATATION","-2.082387473461456","0.00005332141485066564","0.02693700930228627","0.02606704521465911","8","24","0.3333333333333333","0.00000000000000000","8","5","0.62500000000000000","0.333333333333333315","0.195121951219512202","0.0473832414874278407","0.07509881422924904","Exclude","HP_SPONTANEOUS_PNEUMOTHORAX","HP_SPONTANEOUS_PNEUMOTHORAX",FALSE,"DCDC2/THSD4/TGFBR2/MYLK/TGFBR1/SMAD3/TGFB2/EFEMP2","DCDC2/THSD4/TGFBR2/MYLK/TGFBR1/SMAD3/TGFB2/EFEMP2"
"GSE282081","Main_DE","3D_organoid","HPO","12","HP_DERMAL_TRANSLUCENCY","HP_DERMAL_TRANSLUCENCY","-2.034002880579139","0.00005905890472673955","0.02734919446387430","0.02646591834579825","11","32","0.3437500000000000","0.00000000000000000","5","4","0.36363636363636365","0.156250000000000000","0.142857142857142849","0.0367074527252502988","0.28571428571428581","Exclude","HP_PULMONARY_ARTERY_ANEURYSM","HP_PULMONARY_ARTERY_ANEURYSM",FALSE,"ZMPSTE24/FBLN5/TGFBR2/SLC25A24/PPP1CB/COL5A1/PDGFRB/TGFBR1/SMAD3/COL1A1/EFEMP2","ZMPSTE24/FBLN5/TGFBR2/SLC25A24/PPP1CB/COL5A1/PDGFRB/TGFBR1/SMAD3/COL1A1/EFEMP2"
"GSE282081","Main_DE","3D_organoid","HPO","13","HP_ABNORMAL_SPINAL_MENINGEAL_MORPHOLOGY","HP_ABNORMAL_SPINAL_MENINGEAL_MORPHOLOGY","-2.041912012058281","0.00007695038561428906","0.03168267549049847","0.03065944423392615","8","25","0.3200000000000000","0.00000000000000000","3","3","0.37500000000000000","0.119999999999999996","0.100000000000000006","0.0243478260869565317","0.17857142857142846","Exclude","HP_PULMONARY_ARTERY_ANEURYSM","HP_PULMONARY_ARTERY_ANEURYSM",FALSE,"THSD4/TGFBR2/MYLK/NOTCH3/TGFBR1/SMAD3/TGFB2/EFEMP2","THSD4/TGFBR2/MYLK/NOTCH3/TGFBR1/SMAD3/TGFB2/EFEMP2"
"GSE282081","Main_DE","3D_organoid","HPO","15","HP_DERMAL_ATROPHY","HP_DERMAL_ATROPHY","-1.804276486223462","0.00009881666255087096","0.03660827958634600","0.03542596984317670","24","112","0.2142857142857143","0.00000000000000000","19","8","0.33333333333333331","0.169642857142857151","0.107954545454545456","0.0219077725804139034","0.05615270354765765","Exclude","HP_PNEUMOTHORAX","HP_PNEUMOTHORAX",FALSE,"CD28/DSE/ABCC6/LAMA3/ZMPSTE24/PORCN/COL6A3/LRP1/ERCC2/COL6A2/LAMC2/TGFBR2/LAMB3/COL5A1/GSN/PDGFRB/TGFBR1/SMAD3/BGN/C1S/TGFB2/KRT5/COL1A1/CUL4B","CD28/DSE/ABCC6/LAMA3/ZMPSTE24/PORCN/COL6A3/LRP1/ERCC2/COL6A2/LAMC2/TGFBR2/LAMB3/COL5A1/GSN/PDGFRB/TGFBR1/SMAD3/BGN/C1S/TGFB2/KRT5/COL1A1/CUL4B"
"GSE282081","Main_DE","3D_organoid","HPO","16","HP_ABNORMAL_CARDIAC_VENTRICULAR_FUNCTION","HP_ABNORMAL_CARDIAC_VENTRICULAR_FUNCTION","-1.750967765106576","0.00011745101752258696","0.04079220652331349","0.03947477167625565","30","176","0.1704545454545454","0.00000000000000000","25","9","0.29999999999999999","0.142045454545454558","0.106837606837606833","0.0110865471599639956","0.11677528004071672","Exclude","HP_PNEUMOTHORAX","HP_PNEUMOTHORAX",FALSE,"MYL3/ABCC6/VEZF1/SLC6A6/TPM1/TMPO/WNT5A/RRAGC/ZMPSTE24/BMPR2/JPH2/ROR2/DLD/THSD4/CRYAB/CAP2/FBLN5/TGFBR2/LAMP2/SAA1/MYLK/TNNC1/TGFBR1/ATP13A3/SMAD3/TGFB2/LTBP1/RRM2B/FLNC/EFEMP2","MYL3/ABCC6/VEZF1/SLC6A6/TPM1/TMPO/WNT5A/RRAGC/ZMPSTE24/BMPR2/JPH2/ROR2/DLD/THSD4/CRYAB/CAP2/FBLN5/TGFBR2/LAMP2/SAA1/MYLK/TNNC1/TGFBR1/ATP13A3/SMAD3/TGFB2/LTBP1/RRM2B/FLNC/EFEMP2"
"GSE282081","Main_DE","3D_organoid","HPO","17","HP_LACK_OF_SKIN_ELASTICITY","HP_LACK_OF_SKIN_ELASTICITY","-1.874053329570182","0.00013593851979500199","0.04443590320593094","0.04300079066033907","12","61","0.1967213114754098","0.00000000000000000","6","5","0.41666666666666669","0.098360655737704916","0.095238095238095233","0.0007155647692013656","0.10714285714285716","Exclude","HP_PULMONARY_ARTERY_ANEURYSM","HP_PULMONARY_ARTERY_ANEURYSM",FALSE,"FBLN5/TGFBR2/SULT2B1/COL5A1/TGFBR1/SMAD3/BGN/TGFB2/COL1A1/LTBP1/CUL4B/EFEMP2","FBLN5/TGFBR2/SULT2B1/COL5A1/TGFBR1/SMAD3/BGN/TGFB2/COL1A1/LTBP1/CUL4B/EFEMP2"
"GSE282081","Main_DE","3D_organoid","HPO","18","HP_DESCENDING_AORTIC_DISSECTION","HP_DESCENDING_AORTIC_DISSECTION","-2.031063275276327","0.00017395328578051418","0.05242021595510716","0.05072724013753068","7","22","0.3181818181818182","0.00000000000000000","8","5","0.71428571428571430","0.363636363636363646","0.205128205128205121","0.0322262876442442892","0.07509881422924904","Exclude","HP_SPONTANEOUS_PNEUMOTHORAX","HP_SPONTANEOUS_PNEUMOTHORAX",FALSE,"THSD4/TGFBR2/MYLK/TGFBR1/SMAD3/TGFB2/EFEMP2","THSD4/TGFBR2/MYLK/TGFBR1/SMAD3/TGFB2/EFEMP2"
"GSE282081","Main_DE","3D_organoid","HPO","20","HP_SCARRING","HP_SCARRING","-1.853165769806207","0.00021028001173831656","0.05242021595510716","0.05072724013753068","21","105","0.2000000000000000","0.00000000000000000","4","3","0.14285714285714285","0.038095238095238099","0.035398230088495575","0.0246232921846856780","0.27272727272727282","Exclude","HP_DERMATOCHALASIS","HP_DERMATOCHALASIS",FALSE,"DSE/LAMA3/PKP1/COL6A3/NTRK1/LRP1/COL6A2/LAMC2/TGFBR2/LAMB3/NOTCH3/COL5A1/PDGFRB/TGFBR1/SMAD3/ECM1/C1S/TGFB2/KRT5/COL1A1/EFEMP2","DSE/LAMA3/PKP1/COL6A3/NTRK1/LRP1/COL6A2/LAMC2/TGFBR2/LAMB3/NOTCH3/COL5A1/PDGFRB/TGFBR1/SMAD3/ECM1/C1S/TGFB2/KRT5/COL1A1/EFEMP2"
"GSE282081","Main_DE","3D_organoid","HPO","22","HP_HEMOPTYSIS","HP_HEMOPTYSIS","-1.931882113255021","0.00021840908896143474","0.05242021595510716","0.05072724013753068","14","89","0.1573033707865168","0.00000000000000000","25","8","0.57142857142857140","0.280898876404494402","0.100000000000000006","0.0129628639681129733","0.27290510170969901","Exclude","HP_BRUISING_SUSCEPTIBILITY","HP_BRUISING_SUSCEPTIBILITY",FALSE,"SCNN1A/IL10/SERPINA1/ARPC5/THSD4/TGFBR2/MYLK/COL5A1/TGFBR1/SMAD3/CCR1/TGFB2/EFEMP2/KCNN4","SCNN1A/IL10/SERPINA1/ARPC5/THSD4/TGFBR2/MYLK/COL5A1/TGFBR1/SMAD3/CCR1/TGFB2/EFEMP2/KCNN4"
"GSE282081","Main_DE","3D_organoid","HPO","24","HP_HYPOVOLEMIA","HP_HYPOVOLEMIA","-2.033754136792128","0.00023396629092631681","0.05242021595510716","0.05072724013753068","7","33","0.2121212121212121","0.00000000000000000","20","7","1.00000000000000000","0.606060606060606077","0.208333333333333343","0.0181458635296232948","0.19575435088488122","Exclude","HP_PNEUMOTHORAX","HP_PNEUMOTHORAX",FALSE,"THSD4/TGFBR2/MYLK/TGFBR1/SMAD3/TGFB2/EFEMP2","THSD4/TGFBR2/MYLK/TGFBR1/SMAD3/TGFB2/EFEMP2"
"GSE282081","Main_DE","3D_organoid","HPO","27","HP_ABNORMAL_ELASTICITY_OF_SKIN","HP_ABNORMAL_ELASTICITY_OF_SKIN","-1.555738883106395","0.00039544271417186105","0.07770403243159908","0.07519448443684193","55","245","0.2244897959183673","0.00000000000000000","7","5","0.09090909090909091","0.028571428571428571","0.028455284552845527","0.0070702309286397817","0.37500000000000000","Exclude","HP_PULMONARY_ARTERY_ANEURYSM","HP_PULMONARY_ARTERY_ANEURYSM",FALSE,"SLC6A8/FKBP14/ASXL1/STX1A/GNAS/LSS/BUD23/SH3PXD2B/EXT1/DLG4/TGM1/SLC2A10/EIF4H/WDR37/PRKAR1A/SLC26A2/MRAS/TBX15/SHOC2/ATP6V1E1/MRPS16/DSE/ABCC6/GTPBP2/ATP6V1A/PIK3R1/RIT1/FGFR3/ZMPSTE24/GBA1/INPPL1/SPARC/FBLN5/ATP6V1B2/TGFBR2/SLC25A24/B4GALT1/SULT2B1/TRPS1/COL5A1/GSN/PDGFRB/SLC7A7/TGFBR1/SMAD3/BGN/WLS/HPGD/C1S/TBL1XR1/TGFB2/COL1A1/LTBP1/CUL4B/EFEMP2","SLC6A8/FKBP14/ASXL1/STX1A/GNAS/LSS/BUD23/SH3PXD2B/EXT1/DLG4/TGM1/SLC2A10/EIF4H/WDR37/PRKAR1A/SLC26A2/MRAS/TBX15/SHOC2/ATP6V1E1/MRPS16/DSE/ABCC6/GTPBP2/ATP6V1A/PIK3R1/RIT1/FGFR3/ZMPSTE24/GBA1/INPPL1/SPARC/FBLN5/ATP6V1B2/TGFBR2/SLC25A24/B4GALT1/SULT2B1/TRPS1/COL5A1/GSN/PDGFRB/SLC7A7/TGFBR1/SMAD3/BGN/WLS/HPGD/C1S/TBL1XR1/TGFB2/COL1A1/LTBP1/CUL4B/EFEMP2"
"GSE282081","Main_DE","3D_organoid","HPO","31","HP_AORTIC_ROOT_ANEURYSM","HP_AORTIC_ROOT_ANEURYSM","-1.737686749021923","0.00047506095739957175","0.08360074407957559","0.08090075447672215","13","72","0.1805555555555556","0.00000000000000000","31","10","0.76923076923076927","0.430555555555555580","0.136563876651982385","0.0077314506168933584","0.22211968765697584","Exclude","HP_BRUISING_SUSCEPTIBILITY","HP_BRUISING_SUSCEPTIBILITY",FALSE,"AFF4/THSD4/TGFBR2/MYLK/PPP1CB/TGFBR3/COL5A1/TGFBR1/SMAD3/BGN/TGFB2/COL1A1/EFEMP2","AFF4/THSD4/TGFBR2/MYLK/PPP1CB/TGFBR3/COL5A1/TGFBR1/SMAD3/BGN/TGFB2/COL1A1/EFEMP2"
"GSE282081","Main_DE","3D_organoid","HPO","33","HP_VASCULAR_TORTUOSITY","HP_VASCULAR_TORTUOSITY","-1.975786238174322","0.00050691908866502627","0.08536210229428944","0.08260522744574844","8","34","0.2352941176470588","0.00000000000000000","13","6","0.75000000000000000","0.382352941176470562","0.062801932367149760","0.0219034221029902679","0.07634789493188197","Exclude","HP_BRUISING_SUSCEPTIBILITY","HP_BRUISING_SUSCEPTIBILITY",FALSE,"NT5E/FBLN5/TGFBR2/COL5A1/TGFBR1/SMAD3/TGFB2/EFEMP2","NT5E/FBLN5/TGFBR2/COL5A1/TGFBR1/SMAD3/TGFB2/EFEMP2"
"GSE282081","Main_DE","3D_organoid","HPO","36","HP_ABDOMINAL_AORTIC_ANEURYSM","HP_ABDOMINAL_AORTIC_ANEURYSM","-1.937223692195559","0.00066946696206375154","0.10333966411634077","0.10000218163638933","7","25","0.2800000000000000","0.00000000000000000","3","3","0.42857142857142855","0.119999999999999996","0.100000000000000006","0.0152173913043478180","0.17857142857142846","Exclude","HP_PULMONARY_ARTERY_ANEURYSM","HP_PULMONARY_ARTERY_ANEURYSM",FALSE,"THSD4/TGFBR2/MYLK/TGFBR1/SMAD3/TGFB2/EFEMP2","THSD4/TGFBR2/MYLK/TGFBR1/SMAD3/TGFB2/EFEMP2"
"GSE282081","Main_DE","3D_organoid","HPO","38","HP_EXERTIONAL_DYSPNEA","HP_EXERTIONAL_DYSPNEA","-1.685714461661217","0.00072796458518019304","0.10536579475083850","0.10196287587187657","23","148","0.1554054054054054","0.00000000000000000","23","7","0.30434782608695654","0.155405405405405400","0.110576923076923073","0.0398413464680268600","0.34420784303732105","Exclude","HP_PNEUMOTHORAX","HP_PNEUMOTHORAX",FALSE,"MYL3/VEZF1/TPM1/TMPO/ZMPSTE24/JPH2/THSD4/CRYAB/CAP2/CSF2RB/TGFBR2/COL13A1/MYLK/TNNC1/GYS1/TGFBR1/ATP13A3/SMAD3/TBL1XR1/TGFB2/MUC5B/RRM2B/EFEMP2","MYL3/VEZF1/TPM1/TMPO/ZMPSTE24/JPH2/THSD4/CRYAB/CAP2/CSF2RB/TGFBR2/COL13A1/MYLK/TNNC1/GYS1/TGFBR1/ATP13A3/SMAD3/TBL1XR1/TGFB2/MUC5B/RRM2B/EFEMP2"
"GSE282081","Main_DE","3D_organoid","HPO","40","HP_SOFT_SKIN","HP_SOFT_SKIN","-1.789982595440840","0.00075843652870857294","0.10536579475083850","0.10196287587187657","10","48","0.2083333333333333","0.00000000000000000","11","5","0.50000000000000000","0.229166666666666657","0.091666666666666660","0.0358635421152376163","0.10378169412842916","Exclude","HP_PNEUMOTHORAX","HP_PNEUMOTHORAX",FALSE,"INPPL1/SPARC/ATP6V1B2/TGFBR2/COL5A1/TGFBR1/SMAD3/TGFB2/COL1A1/EFEMP2","INPPL1/SPARC/ATP6V1B2/TGFBR2/COL5A1/TGFBR1/SMAD3/TGFB2/COL1A1/EFEMP2"
"GSE282081","Main_DE","3D_organoid","HPO","42","HP_THICKENED_SKIN","HP_THICKENED_SKIN","-1.442011826294391","0.00082600989889568830","0.10928897638484140","0.10575935349458707","86","429","0.2004662004662005","0.00000000000000000","13","6","0.06976744186046512","0.030303030303030304","0.026052104208416832","0.0282509921807282995","0.06679171340094857","Exclude","HP_PNEUMOTHORAX","HP_PNEUMOTHORAX",FALSE,"FKBP14/KRT16/FLG/PEX2/MMP2/LSS/SASH1/PEX5/FHL1/LEMD3/SH3PXD2B/CDH3/PKDCC/NF1/KLHL24/TGM1/COL17A1/USF3/PEX19/POFUT1/TRPV3/UROD/SDHD/CAVIN1/NOTCH2/SHOC2/NEU1/ATL3/PSMB10/DDR2/KRT6B/STIM1/CD28/DUSP6/PSMB4/LAMA3/MPLKIP/ADAM10/RIT1/FGFR3/KRT83/GINS1/PKP1/PEX13/ZMPSTE24/IL17RD/PEX11B/NAGA/COL6A3/RYR1/HNF1A/PIGL/KRT86/GBA1/SLCO2A1/MAD1L1/AFF4/LRP1/ERCC2/KRT6A/CAV1/RAG1/CRYAB/COL6A2/LAMC2/KRT13/CLCNKB/LAMB3/NRAS/SULT2B1/FGFR1/LTBP2/NECTIN4/KRT17/TRPS1/PDGFRB/ECM1/JUP/SGPL1/HPGD/KRT5/COL1A1/IL2RB/CUL4B/KRT81/HNF4A","FKBP14/KRT16/FLG/PEX2/MMP2/LSS/SASH1/PEX5/FHL1/LEMD3/SH3PXD2B/CDH3/PKDCC/NF1/KLHL24/TGM1/COL17A1/USF3/PEX19/POFUT1/TRPV3/UROD/SDHD/CAVIN1/NOTCH2/SHOC2/NEU1/ATL3/PSMB10/DDR2/KRT6B/STIM1/CD28/DUSP6/PSMB4/LAMA3/MPLKIP/ADAM10/RIT1/FGFR3/KRT83/GINS1/PKP1/PEX13/ZMPSTE24/IL17RD/PEX11B/NAGA/COL6A3/RYR1/HNF1A/PIGL/KRT86/GBA1/SLCO2A1/MAD1L1/AFF4/LRP1/ERCC2/KRT6A/CAV1/RAG1/CRYAB/COL6A2/LAMC2/KRT13/CLCNKB/LAMB3/NRAS/SULT2B1/FGFR1/LTBP2/NECTIN4/KRT17/TRPS1/PDGFRB/ECM1/JUP/SGPL1/HPGD/KRT5/COL1A1/IL2RB/CUL4B/KRT81/HNF4A"
"GSE282081","Main_DE","3D_organoid","HPO","43","HP_TRANSIENT_ISCHEMIC_ATTACK","HP_TRANSIENT_ISCHEMIC_ATTACK","-1.844498729559149","0.00093381675205487125","0.11996536158933119","0.11609093161194442","10","62","0.1612903225806452","0.00000000000000000","21","7","0.69999999999999996","0.338709677419354815","0.169354838709677408","0.0131959125408525821","0.24168457890521208","Exclude","HP_PNEUMOTHORAX","HP_PNEUMOTHORAX",FALSE,"ZMPSTE24/THSD4/TGFBR2/MYLK/NOTCH3/TGFBR3/TGFBR1/SMAD3/TGFB2/EFEMP2","ZMPSTE24/THSD4/TGFBR2/MYLK/NOTCH3/TGFBR3/TGFBR1/SMAD3/TGFB2/EFEMP2"
"GSE282081","Main_DE","3D_organoid","HPO","44","HP_ABNORMAL_VASCULAR_PHYSIOLOGY","HP_ABNORMAL_VASCULAR_PHYSIOLOGY","-1.498629599065596","0.00094987869532671811","0.11996536158933119","0.11609093161194442","67","359","0.1866295264623956","0.00000000000000000","38","12","0.17910447761194029","0.105849582172701948","0.094059405940594060","0.0309997590930275214","0.16965608252139019","Exclude","HP_PNEUMOTHORAX","HP_PNEUMOTHORAX",FALSE,"CTNNB1/IL6ST/ENG/SEL1L/HFE/LBR/KLRC4/FKBP14/STX1A/PAM16/CAPNS1/BUD23/NF1/VHL/RBPJ/SLC2A10/MTHFR/EIF4H/SCARB2/PTPN22/LAMB2/ATP5F1A/DOCK6/ZNF699/COX8A/EOGT/PIK3C2A/ABCC6/ADAR/MECP2/SCNN1A/FGFR3/IL10/ZMPSTE24/BMPR2/NAGA/RYR1/NT5E/GBA1/AFF4/THSD4/F13A1/CAV1/CLCNKB/TGFBR2/SLC25A24/ACP5/FGFR1/ARHGAP31/COL4A1/SAA1/MYLK/NOTCH3/TGFBR3/COL5A1/TGFBR1/ATP13A3/SMAD3/STING1/LCK/CCR1/TGFB2/COL1A1/MUC5B/FLNC/EFEMP2/KCNN4","CTNNB1/IL6ST/ENG/SEL1L/HFE/LBR/KLRC4/FKBP14/STX1A/PAM16/CAPNS1/BUD23/NF1/VHL/RBPJ/SLC2A10/MTHFR/EIF4H/SCARB2/PTPN22/LAMB2/ATP5F1A/DOCK6/ZNF699/COX8A/EOGT/PIK3C2A/ABCC6/ADAR/MECP2/SCNN1A/FGFR3/IL10/ZMPSTE24/BMPR2/NAGA/RYR1/NT5E/GBA1/AFF4/THSD4/F13A1/CAV1/CLCNKB/TGFBR2/SLC25A24/ACP5/FGFR1/ARHGAP31/COL4A1/SAA1/MYLK/NOTCH3/TGFBR3/COL5A1/TGFBR1/ATP13A3/SMAD3/STING1/LCK/CCR1/TGFB2/COL1A1/MUC5B/FLNC/EFEMP2/KCNN4"
"GSE282081","Main_DE","3D_organoid","HPO","45","HP_COARSE_HAIR","HP_COARSE_HAIR","-1.739790579281142","0.00100989000888495294","0.12471019509719296","0.12068252484330452","16","60","0.2666666666666667","0.00000000000000000","3","3","0.18750000000000000","0.050000000000000003","0.033333333333333333","0.0163646990064289927","0.10263929618768328","Exclude","HP_SYRINGOMYELIA","HP_SYRINGOMYELIA",FALSE,"MRAS/SGSH/NOTCH2/ATP6V1E1/ATP6V1A/RIT1/EPS8L3/PADI3/NAGLU/RRAS/AFF4/SLC25A24/NRAS/NECTIN4/NOTCH3/PPP1CB","MRAS/SGSH/NOTCH2/ATP6V1E1/ATP6V1A/RIT1/EPS8L3/PADI3/NAGLU/RRAS/AFF4/SLC25A24/NRAS/NECTIN4/NOTCH3/PPP1CB"
"GSE282081","Main_DE","3D_organoid","HPO","46","HP_ABNORMALITY_OF_HAIR_TEXTURE","HP_ABNORMALITY_OF_HAIR_TEXTURE","-1.574040926421257","0.00105180997151791333","0.12706321764619660","0.12295955361393293","38","198","0.1919191919191919","0.00000000000000000","3","3","0.07894736842105263","0.015151515151515152","0.013157894736842105","0.0066206454893909562","0.10263929618768328","Exclude","HP_SYRINGOMYELIA","HP_SYRINGOMYELIA",FALSE,"MRAS/SGSH/NOTCH2/SHOC2/PUM1/ATP6V1E1/GTPBP2/ATP6V1A/MPLKIP/RIT1/MSX1/EPS8L3/KRT83/SKIC2/ZMPSTE24/PORCN/PIGL/KRT86/PADI3/NAGLU/RRAS/AFF4/ITGA3/ERCC2/GAN/HNRNPH2/SLC25A24/NRAS/NECTIN4/NOTCH3/PPP1CB/SCUBE3/KRT17/TRPS1/SLC7A7/JUP/KRT81/KRT71","MRAS/SGSH/NOTCH2/SHOC2/PUM1/ATP6V1E1/GTPBP2/ATP6V1A/MPLKIP/RIT1/MSX1/EPS8L3/KRT83/SKIC2/ZMPSTE24/PORCN/PIGL/KRT86/PADI3/NAGLU/RRAS/AFF4/ITGA3/ERCC2/GAN/HNRNPH2/SLC25A24/NRAS/NECTIN4/NOTCH3/PPP1CB/SCUBE3/KRT17/TRPS1/SLC7A7/JUP/KRT81/KRT71"
"GSE282081","Main_DE","3D_organoid","HPO","50","HP_DILATATION_OF_THE_CEREBRAL_ARTERY","HP_DILATATION_OF_THE_CEREBRAL_ARTERY","-1.792046290010380","0.00134159409585191038","0.14910476781298132","0.14428924461084655","12","56","0.2142857142857143","0.00000000000000000","31","10","0.83333333333333337","0.553571428571428603","0.146919431279620843","0.0278725701440752788","0.22211968765697584","Exclude","HP_BRUISING_SUSCEPTIBILITY","HP_BRUISING_SUSCEPTIBILITY",FALSE,"THSD4/TGFBR2/COL4A1/MYLK/TGFBR3/COL5A1/TGFBR1/SMAD3/BGN/TGFB2/COL1A1/EFEMP2","THSD4/TGFBR2/COL4A1/MYLK/TGFBR3/COL5A1/TGFBR1/SMAD3/BGN/TGFB2/COL1A1/EFEMP2"
"GSE282081","Main_DE","3D_organoid","HPO","51","HP_CEREBRAL_INFARCT","HP_CEREBRAL_INFARCT","-1.856473494978004","0.00144035018630223467","0.15420412106531195","0.14922390793231408","10","42","0.2380952380952381","0.00000000000000000","3","3","0.29999999999999999","0.071428571428571425","0.063829787234042548","0.0104529616724738632","0.17857142857142846","Exclude","HP_PULMONARY_ARTERY_ANEURYSM","HP_PULMONARY_ARTERY_ANEURYSM",FALSE,"NAGA/THSD4/TGFBR2/COL4A1/MYLK/NOTCH3/TGFBR1/SMAD3/TGFB2/EFEMP2","NAGA/THSD4/TGFBR2/COL4A1/MYLK/NOTCH3/TGFBR1/SMAD3/TGFB2/EFEMP2"
"GSE282081","Main_DE","3D_organoid","HPO","53","HP_SKIN_PLAQUE","HP_SKIN_PLAQUE","-1.829304505329268","0.00148506975365380808","0.15420412106531195","0.14922390793231408","13","50","0.2600000000000000","0.00000000000000000","6","4","0.30769230769230771","0.119999999999999996","0.074074074074074070","0.0330712303422756801","0.05149897796956621","Exclude","HP_FRAGILE_SKIN","HP_FRAGILE_SKIN",FALSE,"AP1S3/SDHD/GLMN/CD28/LAMA3/KRT83/COL2A1/TMC8/HAVCR2/LAMC2/LAMB3/ECM1/KRT5","AP1S3/SDHD/GLMN/CD28/LAMA3/KRT83/COL2A1/TMC8/HAVCR2/LAMC2/LAMB3/ECM1/KRT5"
"GSE282081","Main_DE","3D_organoid","HPO","55","HP_STRIAE_DISTENSAE","HP_STRIAE_DISTENSAE","-1.729545218444845","0.00179078199558233377","0.18093410089910958","0.17509060995165779","8","39","0.2051282051282051","0.00000000000000000","5","4","0.50000000000000000","0.128205128205128194","0.119047619047619041","0.0038662143925301817","0.28571428571428581","Exclude","HP_PULMONARY_ARTERY_ANEURYSM","HP_PULMONARY_ARTERY_ANEURYSM",FALSE,"TGFBR2/COL5A1/TGFBR1/SMAD3/BGN/TGFB2/COL1A1/CUL4B","TGFBR2/COL5A1/TGFBR1/SMAD3/BGN/TGFB2/COL1A1/CUL4B"
"GSE282081","Main_DE","3D_organoid","HPO","58","HP_ABNORMAL_ASCENDING_AORTA_MORPHOLOGY","HP_ABNORMAL_ASCENDING_AORTA_MORPHOLOGY","-1.784692975306676","0.00216938577711964274","0.20784959936989403","0.20113683905376817","7","28","0.2500000000000000","0.00000000000000000","4","3","0.42857142857142855","0.142857142857142849","0.125000000000000000","0.0376068376068376120","0.50000000000000000","Exclude","HP_PULMONARY_ARTERY_ANEURYSM","HP_PULMONARY_ARTERY_ANEURYSM",FALSE,"THSD4/TGFBR2/MYLK/TGFBR1/SMAD3/TGFB2/EFEMP2","THSD4/TGFBR2/MYLK/TGFBR1/SMAD3/TGFB2/EFEMP2"
"GSE282081","Main_DE","3D_organoid","HPO","63","HP_SUBARACHNOID_HEMORRHAGE","HP_SUBARACHNOID_HEMORRHAGE","-1.800227089187781","0.00256468748932060960","0.22622172028816867","0.21891560956580139","11","41","0.2682926829268293","0.00000000000000000","8","5","0.45454545454545453","0.195121951219512202","0.137931034482758619","0.0218398045929572120","0.07509881422924904","Exclude","HP_SPONTANEOUS_PNEUMOTHORAX","HP_SPONTANEOUS_PNEUMOTHORAX",FALSE,"CD109/ITGA2B/STIM1/THSD4/TGFBR2/MYLK/TGFBR3/TGFBR1/SMAD3/TGFB2/EFEMP2","CD109/ITGA2B/STIM1/THSD4/TGFBR2/MYLK/TGFBR3/TGFBR1/SMAD3/TGFB2/EFEMP2"
"GSE282081","Main_DE","3D_organoid","HPO","66","HP_PATCHY_ALOPECIA","HP_PATCHY_ALOPECIA","-1.834847734369570","0.00288336969956460264","0.24020171423856113","0.23244410229177787","9","28","0.3214285714285715","0.00000000000000000","3","3","0.33333333333333331","0.107142857142857137","0.046153846153846156","0.0256410256410256401","0.05668016194331982","Exclude","HP_KERATOSIS_PILARIS","HP_KERATOSIS_PILARIS",FALSE,"KRT83/ZMPSTE24/PORCN/KRT86/PADI3/LAMB3/NECTIN4/ECM1/KRT81","KRT83/ZMPSTE24/PORCN/KRT86/PADI3/LAMB3/NECTIN4/ECM1/KRT81"
"GSE282081","Main_DE","3D_organoid","HPO","74","HP_AORTIC_DISSECTION","HP_AORTIC_DISSECTION","-1.764160821357661","0.00335974046178834970","0.24088084490527539","0.23310129959223683","9","41","0.2195121951219512","0.00000000000000000","6","4","0.44444444444444442","0.146341463414634138","0.139534883720930231","0.0148145578184089126","0.64285714285714302","Exclude","HP_PULMONARY_ARTERY_ANEURYSM","HP_PULMONARY_ARTERY_ANEURYSM",FALSE,"THSD4/TGFBR2/MYLK/TGFBR3/TGFBR1/SMAD3/BGN/TGFB2/EFEMP2","THSD4/TGFBR2/MYLK/TGFBR3/TGFBR1/SMAD3/BGN/TGFB2/EFEMP2"
"GSE282081","Main_DE","3D_organoid","HPO","76","HP_INTRACRANIAL_HEMORRHAGE","HP_INTRACRANIAL_HEMORRHAGE","-1.514961867405095","0.00341386138504496534","0.24088084490527539","0.23310129959223683","32","164","0.1951219512195122","0.00000000000000000","8","4","0.12500000000000000","0.048780487804878050","0.047337278106508875","0.0474898095304291182","0.58741258741258728","Exclude","HP_ARTERIAL_DISSECTION","HP_ARTERIAL_DISSECTION",FALSE,"MCFD2/NF1/VHL/STAT2/TMEM127/CD109/SDHD/ITGA2B/FN1/PCCB/STIM1/ABCC6/GTPBP2/NF2/SERPINF2/ZMPSTE24/GBA1/GALE/THSD4/SPARC/F13A1/TGFBR2/COL4A1/MYLK/NOTCH3/TGFBR3/TGFBR1/SMAD3/ALPL/SMO/TGFB2/EFEMP2","MCFD2/NF1/VHL/STAT2/TMEM127/CD109/SDHD/ITGA2B/FN1/PCCB/STIM1/ABCC6/GTPBP2/NF2/SERPINF2/ZMPSTE24/GBA1/GALE/THSD4/SPARC/F13A1/TGFBR2/COL4A1/MYLK/NOTCH3/TGFBR3/TGFBR1/SMAD3/ALPL/SMO/TGFB2/EFEMP2"
"GSE282081","Main_DE","3D_organoid","HPO","79","HP_ABNORMAL_BLADDER_MORPHOLOGY","HP_ABNORMAL_BLADDER_MORPHOLOGY","-1.705096740991116","0.00346558859750431981","0.24088084490527539","0.23310129959223683","14","79","0.1772151898734177","0.00000000000000000","5","3","0.21428571428571427","0.063291139240506333","0.060975609756097560","0.0365695596874810458","0.49999999999999989","Exclude","HP_BLEPHAROCHALASIS","HP_BLEPHAROCHALASIS",FALSE,"LRIG2/FBLN5/LAMC2/LAMB3/MYRF/MYLK/CDH11/ITGA6/COL5A1/MYL9/SMAD3/COL1A1/LTBP1/EFEMP2","LRIG2/FBLN5/LAMC2/LAMB3/MYRF/MYLK/CDH11/ITGA6/COL5A1/MYL9/SMAD3/COL1A1/LTBP1/EFEMP2"
"GSE282081","Main_DE","3D_organoid","HPO","80","HP_ARTHRITIS","HP_ARTHRITIS","-1.454157430635752","0.00346778254317473998","0.24088084490527539","0.23310129959223683","52","254","0.2047244094488189","0.00000000000000000","27","10","0.19230769230769232","0.106299212598425202","0.065375302663438259","0.0274148438988293282","0.10220444826804867","Exclude","HP_BRUISING_SUSCEPTIBILITY","HP_BRUISING_SUSCEPTIBILITY",FALSE,"HFE/LBR/KLRC4/MYH14/GNAS/MMP2/BMP4/CASP10/EXT1/AGA/NLRP12/SCARB2/PTPN22/ELF4/LMX1B/SLC26A2/POFUT1/AP1S3/PHEX/FRZB/TOM1/ADAR/C2orf69/PSMB4/MECP2/PIK3R1/TNFRSF1A/FGFR3/IL10/ZMPSTE24/COL2A1/GBA1/NTRK1/SLCO2A1/THSD4/SLC40A1/CAV1/RAG1/MATN3/APOE/CLCNKB/ACP5/MMP14/TRPS1/COL5A1/SMAD3/PIK3CD/HPGD/CCR1/KRT5/COL1A1/IL2RB","HFE/LBR/KLRC4/MYH14/GNAS/MMP2/BMP4/CASP10/EXT1/AGA/NLRP12/SCARB2/PTPN22/ELF4/LMX1B/SLC26A2/POFUT1/AP1S3/PHEX/FRZB/TOM1/ADAR/C2orf69/PSMB4/MECP2/PIK3R1/TNFRSF1A/FGFR3/IL10/ZMPSTE24/COL2A1/GBA1/NTRK1/SLCO2A1/THSD4/SLC40A1/CAV1/RAG1/MATN3/APOE/CLCNKB/ACP5/MMP14/TRPS1/COL5A1/SMAD3/PIK3CD/HPGD/CCR1/KRT5/COL1A1/IL2RB"
"GSE282081","Main_DE","3D_organoid","HPO","81","HP_APLASIA_HYPOPLASIA_OF_THE_SKIN","HP_APLASIA_HYPOPLASIA_OF_THE_SKIN","-1.449987541711583","0.00354100706046563476","0.24129669912176624","0.23350372328160518","51","209","0.2440191387559809","0.00000000000000000","6","4","0.07843137254901961","0.028708133971291867","0.028436018957345970","0.0324012116739206130","0.64285714285714302","Exclude","HP_PULMONARY_ARTERY_ANEURYSM","HP_PULMONARY_ARTERY_ANEURYSM",FALSE,"FKBP14/LETM1/MAP1B/GNAS/LSS/FOSL2/ALX4/KLHL24/DLG4/COL17A1/RBPJ/SLC2A10/PRKAR1A/TRAF6/TMTC3/DOCK6/EOGT/DDR2/ARFGEF2/CD28/DSE/ABCC6/LAMA3/PIK3R1/ZMPSTE24/PORCN/COL6A3/LRP1/ERCC2/CAV1/COL6A2/LAMC2/ATP6V1B2/TGFBR2/LAMB3/ARHGAP31/ITGA6/PPP1CB/COL5A1/GSN/PDGFRB/TGFBR1/SMAD3/BGN/SMO/CDH1/C1S/TGFB2/KRT5/COL1A1/CUL4B","FKBP14/LETM1/MAP1B/GNAS/LSS/FOSL2/ALX4/KLHL24/DLG4/COL17A1/RBPJ/SLC2A10/PRKAR1A/TRAF6/TMTC3/DOCK6/EOGT/DDR2/ARFGEF2/CD28/DSE/ABCC6/LAMA3/PIK3R1/ZMPSTE24/PORCN/COL6A3/LRP1/ERCC2/CAV1/COL6A2/LAMC2/ATP6V1B2/TGFBR2/LAMB3/ARHGAP31/ITGA6/PPP1CB/COL5A1/GSN/PDGFRB/TGFBR1/SMAD3/BGN/SMO/CDH1/C1S/TGFB2/KRT5/COL1A1/CUL4B"
"GSE282081","Main_DE","3D_organoid","HPO","85","HP_MENTAL_DETERIORATION","HP_MENTAL_DETERIORATION","-1.363527382540736","0.00382737525515099413","0.24342097633878212","0.23555939433413450","75","398","0.1884422110552764","0.00000000000000000","9","5","0.06666666666666667","0.022613065326633167","0.022388059701492536","0.0141372241706456542","0.34265734265734260","Exclude","HP_CHERRY_RED_SPOT_OF_THE_MACULA","HP_CHERRY_RED_SPOT_OF_THE_MACULA",FALSE,"MAPT/ANXA11/CYLD/ABCB7/NAA60/PANK2/PRRT2/PON1/GNAS/NUS1/HMBS/EEF1A2/FBXO28/CSF1R/MFN2/DNM1/CCNF/KIF1C/ANG/VCP/GRN/MTHFR/PRKAR1A/SCARB2/CHMP2B/GALC/YWHAG/ATXN10/CPT1C/RHOBTB2/SDHD/DHDDS/PRNP/SYNGAP1/SLC9A6/ATP6V1E1/HEXB/SYNJ1/PLEKHG4/DNAJC5/MECP2/ATP6V1A/PRICKLE1/CHI3L1/SMPD1/SLC38A3/CLN8/C19orf12/RNASEH1/TREM2/PON2/GBA1/NAGLU/ERCC2/PSAP/PODXL/NPC2/CLTC/TMEM106B/KCNQ2/APOE/SLC1A2/NRAS/TUBB4A/COL4A1/NOTCH3/SLC1A3/PRKCG/PLAU/PDGFRB/AASS/SGPL1/GM2A/RRM2B/HNF4A","MAPT/ANXA11/CYLD/ABCB7/NAA60/PANK2/PRRT2/PON1/GNAS/NUS1/HMBS/EEF1A2/FBXO28/CSF1R/MFN2/DNM1/CCNF/KIF1C/ANG/VCP/GRN/MTHFR/PRKAR1A/SCARB2/CHMP2B/GALC/YWHAG/ATXN10/CPT1C/RHOBTB2/SDHD/DHDDS/PRNP/SYNGAP1/SLC9A6/ATP6V1E1/HEXB/SYNJ1/PLEKHG4/DNAJC5/MECP2/ATP6V1A/PRICKLE1/CHI3L1/SMPD1/SLC38A3/CLN8/C19orf12/RNASEH1/TREM2/PON2/GBA1/NAGLU/ERCC2/PSAP/PODXL/NPC2/CLTC/TMEM106B/KCNQ2/APOE/SLC1A2/NRAS/TUBB4A/COL4A1/NOTCH3/SLC1A3/PRKCG/PLAU/PDGFRB/AASS/SGPL1/GM2A/RRM2B/HNF4A"
"GSE282081","Main_DE","3D_organoid","HPO","87","HP_PROGRESSIVE_NEUROLOGIC_DETERIORATION","HP_PROGRESSIVE_NEUROLOGIC_DETERIORATION","-1.579002678209066","0.00402593432243029698","0.24342097633878212","0.23555939433413450","15","73","0.2054794520547945","0.00000000000000000","4","3","0.20000000000000001","0.054794520547945202","0.048780487804878050","0.0255000321564087667","0.21678321678321680","Exclude","HP_CHERRY_RED_SPOT_OF_THE_MACULA","HP_CHERRY_RED_SPOT_OF_THE_MACULA",FALSE,"VCP/GRN/GALC/RHOBTB2/SDHD/HEXB/SYNJ1/MECP2/GBA1/NAGLU/PSAP/SLC1A3/PDGFRB/RRM2B/HNF4A","VCP/GRN/GALC/RHOBTB2/SDHD/HEXB/SYNJ1/MECP2/GBA1/NAGLU/PSAP/SLC1A3/PDGFRB/RRM2B/HNF4A"
"GSE282081","Main_DE","3D_organoid","HPO","94","HP_SKIN_NODULE","HP_SKIN_NODULE","-1.567020341759766","0.00414260512856374965","0.24342097633878212","0.23555939433413450","37","130","0.2846153846153846","0.00000000000000000","92","31","0.83783783783783783","0.707692307692307732","0.707692307692307732","0.0295814641311827817","1.00000000000000000","Exclude","HP_SUBCUTANEOUS_NODULE","HP_SUBCUTANEOUS_NODULE",FALSE,"COL7A1/AKT1/SDHC/POMP/ABCA1/INSR/GJB6/CTNNB1/CYLD/MYSM1/KLRC4/GNAS/MMP2/LSS/LEMD3/SPRED1/USF3/PRKAR1A/SDHD/GLMN/ABCC6/ACVR1/IL10/PORCN/NAGA/HMGA2/APOE/NRAS/FGFR1/MDM2/NOTCH3/MMP14/COL5A1/PDGFRB/ECM1/CCR1/COL1A1","COL7A1/AKT1/SDHC/POMP/ABCA1/INSR/GJB6/CTNNB1/CYLD/MYSM1/KLRC4/GNAS/MMP2/LSS/LEMD3/SPRED1/USF3/PRKAR1A/SDHD/GLMN/ABCC6/ACVR1/IL10/PORCN/NAGA/HMGA2/APOE/NRAS/FGFR1/MDM2/NOTCH3/MMP14/COL5A1/PDGFRB/ECM1/CCR1/COL1A1"
"GSE282081","Main_DE","3D_organoid","HPO","95","HP_NAIL_DYSTROPHY","HP_NAIL_DYSTROPHY","-1.502363826611881","0.00416141672704414389","0.24342097633878212","0.23555939433413450","42","151","0.2781456953642384","0.00000000000000000","3","3","0.07142857142857142","0.019867549668874173","0.016574585635359115","0.0204097959909329274","0.10263929618768328","Exclude","HP_SYRINGOMYELIA","HP_SYRINGOMYELIA",FALSE,"POMP/KRT14/ABCA1/EVC2/GJB6/CTNNB1/SEL1L/KRT16/LSS/SASH1/KLHL24/TGM1/COL17A1/AP1S3/TRPV3/KRT6B/CD28/LAMA3/MPLKIP/FOXN1/KRT83/PKP1/ZMPSTE24/PORCN/KRT86/NTRK1/ITGA3/RUNX2/LRP1/ERCC2/KRT6A/LAMC2/ATP6V1B2/LAMB3/ITGA6/KRT17/GSN/STING1/JUP/HPGD/KRT5/KRT81","POMP/KRT14/ABCA1/EVC2/GJB6/CTNNB1/SEL1L/KRT16/LSS/SASH1/KLHL24/TGM1/COL17A1/AP1S3/TRPV3/KRT6B/CD28/LAMA3/MPLKIP/FOXN1/KRT83/PKP1/ZMPSTE24/PORCN/KRT86/NTRK1/ITGA3/RUNX2/LRP1/ERCC2/KRT6A/LAMC2/ATP6V1B2/LAMB3/ITGA6/KRT17/GSN/STING1/JUP/HPGD/KRT5/KRT81"
"GSE282081","Main_DE","3D_organoid","HPO","98","HP_PULMONARY_ARTERY_DILATATION","HP_PULMONARY_ARTERY_DILATATION","-1.834085425349751","0.00431578506831660491","0.24385407595066233","0.23597850645748270","5","14","0.3571428571428572","0.00000000000000000","8","5","1.00000000000000000","0.571428571428571397","0.571428571428571397","0.0279720279720279581","1.00000000000000000","Exclude","HP_PULMONARY_ARTERY_ANEURYSM","HP_PULMONARY_ARTERY_ANEURYSM",FALSE,"TGFBR2/COL5A1/TGFBR1/BGN/EFEMP2","TGFBR2/COL5A1/TGFBR1/BGN/EFEMP2"
"GSE282081","Main_DE","3D_organoid","HPO","99","HP_SLOPING_FOREHEAD","HP_SLOPING_FOREHEAD","1.467006510644486","0.00434435010241417466","0.24385407595066233","0.23597850645748270","46","194","0.2371134020618557","0.00000000000000000","8","7","0.15217391304347827","0.041237113402061855","0.038095238095238099","0.0001903279531978679","0.14193625581430147","Exclude","HP_ABSENT_EARLOBE","HP_ABSENT_EARLOBE",FALSE,"TBCK/ADAT3/RBM10/GRIN1/NUP107/LARGE1/CPAP/KAT6B/TSEN2/FANCC/PCNT/BRCA1/PLK4/VIPAS39/RAD51C/PHF8/RAD51/POMT2/LTBP4/SIK1/CACNA1E/TSEN34/DYNC1I2/SLC25A22/TRIM8/SETBP1/COG4/RBBP8/STIL/CTSD/TTI2/TMEM216/CEP152/CEP290/CDK6/TUBGCP4/TXNDC15/TRIP13/XRCC2/CENPE/WARS1/NHEJ1/KIF14/MKS1/CEP295/CPT2","TBCK/ADAT3/RBM10/GRIN1/NUP107/LARGE1/CPAP/KAT6B/TSEN2/FANCC/PCNT/BRCA1/PLK4/VIPAS39/RAD51C/PHF8/RAD51/POMT2/LTBP4/SIK1/CACNA1E/TSEN34/DYNC1I2/SLC25A22/TRIM8/SETBP1/COG4/RBBP8/STIL/CTSD/TTI2/TMEM216/CEP152/CEP290/CDK6/TUBGCP4/TXNDC15/TRIP13/XRCC2/CENPE/WARS1/NHEJ1/KIF14/MKS1/CEP295/CPT2"
"GSE282081","Main_DE","3D_organoid","HPO","100","HP_JOINT_SUBLUXATION","HP_JOINT_SUBLUXATION","-1.691535352240180","0.00442349068122822094","0.24550940887174638","0.23758037835109155","7","31","0.2258064516129032","0.00000000000000000","2","2","0.28571428571428570","0.064516129032258063","0.054054054054054057","0.0451612903225806356","0.35714285714285704","Exclude","HP_PULMONARY_ARTERY_ANEURYSM","HP_PULMONARY_ARTERY_ANEURYSM",FALSE,"COL2A1/BPNT2/FBLN5/COL5A1/COL1A1/LTBP1/EFEMP2","COL2A1/BPNT2/FBLN5/COL5A1/COL1A1/LTBP1/EFEMP2"
"GSE282081","Main_DE","3D_organoid","HPO","101","HP_HYPERKERATOSIS","HP_HYPERKERATOSIS","-1.444079901626045","0.00446220088105927365","0.24550940887174638","0.23758037835109155","63","233","0.2703862660944206","0.00000000000000000","23","11","0.17460317460317459","0.098712446351931327","0.076158940397350994","0.0204562489608112151","0.08206385254469514","Exclude","HP_SUBCUTANEOUS_NODULE","HP_SUBCUTANEOUS_NODULE",FALSE,"PERP/COL6A1/KRT6C/COL7A1/DDB2/AKT1/SDHC/KRT9/POMP/KRT14/INSR/ITGB6/GJB6/DIP2B/FKBP14/KRT16/FLG/LSS/SASH1/CDH3/KLHL24/TGM1/COL17A1/USF3/POFUT1/TRPV3/SDHD/SHOC2/NEU1/ATL3/DDR2/KRT6B/CD28/LAMA3/ADAM10/RIT1/KRT83/PKP1/ZMPSTE24/NAGA/COL6A3/PIGL/KRT86/GBA1/SLCO2A1/MAD1L1/LRP1/ERCC2/KRT6A/COL6A2/LAMC2/KRT13/LAMB3/SULT2B1/NECTIN4/KRT17/TRPS1/PDGFRB/ECM1/JUP/HPGD/KRT5/KRT81","PERP/COL6A1/KRT6C/COL7A1/DDB2/AKT1/SDHC/KRT9/POMP/KRT14/INSR/ITGB6/GJB6/DIP2B/FKBP14/KRT16/FLG/LSS/SASH1/CDH3/KLHL24/TGM1/COL17A1/USF3/POFUT1/TRPV3/SDHD/SHOC2/NEU1/ATL3/DDR2/KRT6B/CD28/LAMA3/ADAM10/RIT1/KRT83/PKP1/ZMPSTE24/NAGA/COL6A3/PIGL/KRT86/GBA1/SLCO2A1/MAD1L1/LRP1/ERCC2/KRT6A/COL6A2/LAMC2/KRT13/LAMB3/SULT2B1/NECTIN4/KRT17/TRPS1/PDGFRB/ECM1/JUP/HPGD/KRT5/KRT81"
"GSE282081","Main_DE","3D_organoid","HPO","103","HP_HYPERHIDROSIS","HP_HYPERHIDROSIS","-1.532137925921351","0.00480942976732114200","0.25851785217947387","0.25016869786606016","44","162","0.2716049382716049","0.00000000000000000","17","9","0.20454545454545456","0.104938271604938266","0.104938271604938266","0.0158016537204755357","1.00000000000000000","Exclude","HP_PALMAR_HYPERHIDROSIS","HP_PALMAR_HYPERHIDROSIS",FALSE,"CTSH/SLC25A11/PERP/COL6A1/SDHC/KRT9/KRT14/SLC18A2/DLST/CTNNB1/ADAMTS15/KRT16/HMBS/CDH3/NF1/IGF2/VHL/COL17A1/PRKAR1A/PTPN22/TMEM127/TRPV3/RHOBTB2/SDHD/PRNP/CLCN6/KRT6B/HEXB/HNF1A/NTRK1/SLCO2A1/CTSB/KRT6A/CLCNKB/LAMB3/KRT17/SLC1A3/MALT1/JUP/HPGD/KRT5/CUL4B/HNF4A/UCP2","CTSH/SLC25A11/PERP/COL6A1/SDHC/KRT9/KRT14/SLC18A2/DLST/CTNNB1/ADAMTS15/KRT16/HMBS/CDH3/NF1/IGF2/VHL/COL17A1/PRKAR1A/PTPN22/TMEM127/TRPV3/RHOBTB2/SDHD/PRNP/CLCN6/KRT6B/HEXB/HNF1A/NTRK1/SLCO2A1/CTSB/KRT6A/CLCNKB/LAMB3/KRT17/SLC1A3/MALT1/JUP/HPGD/KRT5/CUL4B/HNF4A/UCP2"
"GSE282081","Main_DE","3D_organoid","HPO","104","HP_ABNORMAL_SPUTUM","HP_ABNORMAL_SPUTUM","-1.570448156239922","0.00488004196987803195","0.25851785217947387","0.25016869786606016","34","141","0.2411347517730496","0.05555555555555555","5","4","0.11764705882352941","0.035460992907801421","0.034722222222222224","0.0121224771660226639","0.28571428571428581","Exclude","HP_PULMONARY_ARTERY_ANEURYSM","HP_PULMONARY_ARTERY_ANEURYSM",FALSE,"FBN1/DNAAF19/ZMYND10/BRWD1/CCDC39/CFAP300/CFAP74/SLC6A14/ELN/SMAD4/ENG/HFE/KLRC4/STX1A/DNAH1/RSPH1/DNAL1/PTPN22/DNAJB13/ODAD4/SCNN1A/IL10/SERPINA1/ARPC5/THSD4/TGFBR2/MYLK/COL5A1/TGFBR1/SMAD3/CCR1/TGFB2/EFEMP2/KCNN4","FBN1/DNAAF19/DRC4/ZMYND10/BRWD1/CCDC39/CFAP300/CFAP74/SLC6A14/ELN/SMAD4/ENG/HFE/KLRC4/STX1A/DNAH1/RSPH1/DNAL1/PTPN22/DNAJB13/ODAD4/DRC2/SCNN1A/IL10/SERPINA1/ARPC5/THSD4/TGFBR2/MYLK/COL5A1/TGFBR1/SMAD3/CCR1/TGFB2/EFEMP2/KCNN4"
"GSE282081","Main_DE","3D_organoid","HPO","106","HP_ABNORMALITY_OF_SKIN_ADNEXA_PHYSIOLOGY","HP_ABNORMALITY_OF_SKIN_ADNEXA_PHYSIOLOGY","-1.467273706710253","0.00505726385654157312","0.26512467217737284","0.25656214242695025","55","245","0.2244897959183673","0.00000000000000000","6","4","0.07272727272727272","0.024489795918367346","0.021660649819494584","0.0241269870716847197","0.06606739424076886","Exclude","HP_ATROPHIC_SCARS","HP_ATROPHIC_SCARS",FALSE,"KRT9/KRT14/SLC18A2/SOX2/LRP6/GJB6/DLST/CTNNB1/KLHL7/ADAMTS15/KRT16/FLG/ARNT2/HMBS/ALX4/CDH3/NF1/IGF2/VHL/TGM1/COL17A1/PRKAR1A/PTPN22/TRAF6/TMEM127/TRPV3/RHOBTB2/SDHD/PRNP/ATL3/CLCN6/KRT6B/STIM1/HEXB/PKP1/RYR1/HNF1A/NTRK1/SLCO2A1/CTSB/KRT6A/CLCNKB/LAMB3/NRAS/SULT2B1/FGFR1/KRT17/SLC1A3/MALT1/JUP/HPGD/KRT5/CUL4B/HNF4A/UCP2","KRT9/KRT14/SLC18A2/SOX2/LRP6/GJB6/DLST/CTNNB1/KLHL7/ADAMTS15/KRT16/FLG/ARNT2/HMBS/ALX4/CDH3/NF1/IGF2/VHL/TGM1/COL17A1/PRKAR1A/PTPN22/TRAF6/TMEM127/TRPV3/RHOBTB2/SDHD/PRNP/ATL3/CLCN6/KRT6B/STIM1/HEXB/PKP1/RYR1/HNF1A/NTRK1/SLCO2A1/CTSB/KRT6A/CLCNKB/LAMB3/NRAS/SULT2B1/FGFR1/KRT17/SLC1A3/MALT1/JUP/HPGD/KRT5/CUL4B/HNF4A/UCP2"
"GSE282081","Main_DE","3D_organoid","HPO","107","HP_ABNORMAL_EKG","HP_ABNORMAL_EKG","-1.513816149739771","0.00516376534021977668","0.26719377601414307","0.25856442199190316","30","144","0.2083333333333333","0.00000000000000000","2","2","0.06666666666666667","0.013888888888888888","0.012987012987012988","0.0422494172494172412","0.15151515151515146","Exclude","HP_PANCREATIC_ISLET_CELL_HYPERPLASIA","HP_PANCREATIC_ISLET_CELL_HYPERPLASIA",FALSE,"MRAS/RHOBTB2/CAVIN1/MYL2/NEU1/KCNE3/MYL3/PKP2/MECP2/SCNN1A/KCND3/RIT1/FXN/RYR1/GPC3/ANK2/RRAS/CLCNKB/GPC4/LAMP2/NRAS/LTBP2/SAA1/PLXND1/TNNC1/PRKAG2/SLC1A3/SCN1B/JUP/FLNC","MRAS/RHOBTB2/CAVIN1/MYL2/NEU1/KCNE3/MYL3/PKP2/MECP2/SCNN1A/KCND3/RIT1/FXN/RYR1/GPC3/ANK2/RRAS/CLCNKB/GPC4/LAMP2/NRAS/LTBP2/SAA1/PLXND1/TNNC1/PRKAG2/SLC1A3/SCN1B/JUP/FLNC"
"GSE282081","Main_DE","3D_organoid","HPO","111","HP_ABNORMAL_CEREBRAL_ARTERY_MORPHOLOGY","HP_ABNORMAL_CEREBRAL_ARTERY_MORPHOLOGY","-1.616151177903191","0.00543672348376692677","0.27217903062425958","0.26338867162816343","13","86","0.1511627906976744","0.00000000000000000","22","7","0.53846153846153844","0.255813953488372103","0.149659863945578231","0.0178878311174054290","0.29146701959821630","Exclude","HP_PNEUMOTHORAX","HP_PNEUMOTHORAX",FALSE,"THSD4/TGFBR2/COL4A1/MYLK/TGFBR3/COL5A1/PDGFRB/TGFBR1/SMAD3/BGN/TGFB2/COL1A1/EFEMP2","THSD4/TGFBR2/COL4A1/MYLK/TGFBR3/COL5A1/PDGFRB/TGFBR1/SMAD3/BGN/TGFB2/COL1A1/EFEMP2"
"GSE282081","Main_DE","3D_organoid","HPO","113","HP_NEOPLASM_OF_THE_SKIN","HP_NEOPLASM_OF_THE_SKIN","-1.434665364347278","0.00558100944100629361","0.27445725189090242","0.26559331491651605","57","220","0.2590909090909091","0.00000000000000000","3","3","0.05263157894736842","0.013636363636363636","0.013043478260869565","0.0167148422772401689","0.06993006993006994","Exclude","HP_ARTERIAL_DISSECTION","HP_ARTERIAL_DISSECTION",FALSE,"COL7A1/DDB2/AKT1/SDHC/DICER1/PLCD1/KRT14/GJB6/CTNNB1/BMPR1A/CYLD/POLE/KRT16/GNAS/SASH1/NF1/CASP10/COL17A1/SPRED1/USF3/PRKAR1A/POFUT1/TRPV3/SDHD/KRT6B/STIM1/CD28/FLCN/LAMA3/MPLKIP/PIK3R1/NF2/PORCN/MC1R/SLCO2A1/MAD1L1/CD4/LRP1/ERCC2/KRT6A/MITF/TMC8/LAMC2/TGFBR2/LAMB3/NRAS/FGFR1/NOTCH3/KRT17/PDGFRB/TGFBR1/ECM1/PIK3CD/SMO/HPGD/KRT5/COL1A1","COL7A1/DDB2/AKT1/SDHC/DICER1/PLCD1/KRT14/GJB6/CTNNB1/BMPR1A/CYLD/POLE/KRT16/GNAS/SASH1/NF1/CASP10/COL17A1/SPRED1/USF3/PRKAR1A/POFUT1/TRPV3/SDHD/KRT6B/STIM1/CD28/FLCN/LAMA3/MPLKIP/PIK3R1/NF2/PORCN/MC1R/SLCO2A1/MAD1L1/CD4/LRP1/ERCC2/KRT6A/MITF/TMC8/LAMC2/TGFBR2/LAMB3/NRAS/FGFR1/NOTCH3/KRT17/PDGFRB/TGFBR1/ECM1/PIK3CD/SMO/HPGD/KRT5/COL1A1"
"GSE282081","Main_DE","3D_organoid","HPO","115","HP_NAIL_DYSPLASIA","HP_NAIL_DYSPLASIA","-1.511021055529729","0.00576343297221135198","0.27849910457894334","0.26950463096455302","49","156","0.3141025641025641","0.00000000000000000","3","3","0.06122448979591837","0.019230769230769232","0.018867924528301886","0.0296864425896684082","0.50000000000000011","Exclude","HP_SHORT_GREATER_SCIATIC_NOTCH","HP_SHORT_GREATER_SCIATIC_NOTCH",FALSE,"SUZ12/TMPRSS6/PLCD1/POMP/KRT14/ABCA1/INSR/EVC2/GJB6/CTNNB1/KRT16/LETM1/PRKACA/SLC24A4/BMP4/FHL1/TGM1/NXN/LMX1B/TRPV3/EOGT/KRT6B/STIM1/GTPBP2/LAMA3/MPLKIP/WNT5A/MSX1/FGFR3/KRT83/PORCN/KRT86/GPC3/NTRK1/ROR2/ERCC2/KRT6A/LAMC2/GPC4/ATP6V1B2/LAMB3/KRT17/TRPS1/FZD6/FZD2/HPGD/CDH1/KRT5/KRT81","SUZ12/TMPRSS6/PLCD1/POMP/KRT14/ABCA1/INSR/EVC2/GJB6/CTNNB1/KRT16/LETM1/PRKACA/SLC24A4/BMP4/FHL1/TGM1/NXN/LMX1B/TRPV3/EOGT/KRT6B/STIM1/GTPBP2/LAMA3/MPLKIP/WNT5A/MSX1/FGFR3/KRT83/PORCN/KRT86/GPC3/NTRK1/ROR2/ERCC2/KRT6A/LAMC2/GPC4/ATP6V1B2/LAMB3/KRT17/TRPS1/FZD6/FZD2/HPGD/CDH1/KRT5/KRT81"
"GSE282081","Main_DE","3D_organoid","HPO","118","HP_ABNORMAL_ARTERIAL_PHYSIOLOGY","HP_ABNORMAL_ARTERIAL_PHYSIOLOGY","-1.492982526727292","0.00610037433815282994","0.28728627285690911","0.27800800675657578","26","183","0.1420765027322404","0.00000000000000000","25","7","0.26923076923076922","0.136612021857923510","0.103734439834024902","0.0415150724994787640","0.45454641320399047","Exclude","HP_PNEUMOTHORAX","HP_PNEUMOTHORAX",FALSE,"PIK3C2A/ABCC6/ADAR/MECP2/SCNN1A/IL10/ZMPSTE24/NAGA/NT5E/THSD4/CLCNKB/TGFBR2/ACP5/COL4A1/SAA1/MYLK/NOTCH3/TGFBR3/COL5A1/TGFBR1/SMAD3/STING1/CCR1/TGFB2/COL1A1/EFEMP2","PIK3C2A/ABCC6/ADAR/MECP2/SCNN1A/IL10/ZMPSTE24/NAGA/NT5E/THSD4/CLCNKB/TGFBR2/ACP5/COL4A1/SAA1/MYLK/NOTCH3/TGFBR3/COL5A1/TGFBR1/SMAD3/STING1/CCR1/TGFB2/COL1A1/EFEMP2"
"GSE282081","Main_DE","3D_organoid","HPO","119","HP_DILATATION_OF_THE_VENTRICULAR_CAVITY","HP_DILATATION_OF_THE_VENTRICULAR_CAVITY","-1.754964354682820","0.00619532179866882741","0.28914518403421857","0.27980688209441246","4","11","0.3636363636363636","0.00000000000000000","3","3","0.75000000000000000","0.272727272727272707","0.149999999999999994","0.0242424242424242528","0.09090909090909094","Exclude","HP_DERMATOCHALASIS","HP_DERMATOCHALASIS",FALSE,"PKP2/FBLN5/LTBP1/EFEMP2","PKP2/FBLN5/LTBP1/EFEMP2"
"GSE282081","Main_DE","3D_organoid","HPO","123","HP_APLASIA_HYPOPLASIA_OF_THE_UTERUS","HP_APLASIA_HYPOPLASIA_OF_THE_UTERUS","1.677295584710900","0.00679357434205242038","0.30360570922497560","0.29380038670901670","23","81","0.2839506172839506","0.00000000000000000","25","11","0.47826086956521741","0.308641975308641958","0.260416666666666685","0.0365553221533534214","0.11447487532025913","Exclude","HP_STREAK_OVARY","HP_STREAK_OVARY",FALSE,"NUP107/NSMF/CPLX1/MRPS22/FOXL2/POR/KISS1R/SOX9/LARS2/CLPP/STRA6/WNT4/TOE1/SPRY4/PSMC3IP/NELFA/TXNDC15/WNT7A/FGF17/NSD2/DHX37/CTBP1/KIF14","NUP107/NSMF/CPLX1/MRPS22/FOXL2/POR/KISS1R/SOX9/LARS2/CLPP/STRA6/WNT4/TOE1/SPRY4/PSMC3IP/NELFA/TXNDC15/WNT7A/FGF17/NSD2/DHX37/CTBP1/KIF14"
"GSE282081","Main_DE","3D_organoid","HPO","126","HP_ARTERIOSCLEROSIS","HP_ARTERIOSCLEROSIS","-1.570936242755280","0.00689074323300753380","0.30390365195097513","0.29408870700555945","14","96","0.1458333333333333","0.00000000000000000","22","7","0.50000000000000000","0.229166666666666657","0.140127388535031844","0.0156688456350706704","0.29146701959821630","Exclude","HP_PNEUMOTHORAX","HP_PNEUMOTHORAX",FALSE,"SMPD1/ZMPSTE24/THSD4/ERCC2/NPC2/CSF2RB/APOE/TGFBR2/MYLK/TGFBR3/TGFBR1/SMAD3/TGFB2/EFEMP2","SMPD1/ZMPSTE24/THSD4/ERCC2/NPC2/CSF2RB/APOE/TGFBR2/MYLK/TGFBR3/TGFBR1/SMAD3/TGFB2/EFEMP2"
"GSE282081","Main_DE","3D_organoid","HPO","128","HP_ABNORMALITY_OF_THE_THORACIC_CAVITY","HP_ABNORMALITY_OF_THE_THORACIC_CAVITY","-1.617007935577296","0.00704993231945669034","0.30606620233766263","0.29618141514832935","15","59","0.2542372881355932","0.00000000000000000","3","3","0.20000000000000001","0.050847457627118647","0.044117647058823532","0.0139961241502353159","0.09090909090909094","Exclude","HP_DERMATOCHALASIS","HP_DERMATOCHALASIS",FALSE,"RASGRP1/MAGT1/PTPN22/CYBB/GLMN/NCF2/NF2/NAB2/PORCN/FBLN5/MALT1/SMO/STAT6/LTBP1/EFEMP2","RASGRP1/MAGT1/PTPN22/CYBB/GLMN/NCF2/NF2/NAB2/PORCN/FBLN5/MALT1/SMO/STAT6/LTBP1/EFEMP2"
"GSE282081","Main_DE","3D_organoid","HPO","130","HP_NEUROFIBRILLARY_TANGLES","HP_NEUROFIBRILLARY_TANGLES","-1.729245630072221","0.00747969149890902619","0.31972804353413431","0.30940203025773172","11","24","0.4583333333333333","0.00000000000000000","11","8","0.72727272727272729","0.458333333333333315","0.458333333333333315","0.0206814991442801181","1.00000000000000000","Exclude","HP_SENILE_PLAQUES","HP_SENILE_PLAQUES",FALSE,"MAPT/CYLD/VCP/GRN/CHMP2B/PRNP/TREM2/NPC2/TMEM106B/APOE/PLAU","MAPT/CYLD/VCP/GRN/CHMP2B/PRNP/TREM2/NPC2/TMEM106B/APOE/PLAU"
"GSE282081","Main_DE","3D_organoid","HPO","133","HP_ARTHRALGIA","HP_ARTHRALGIA","-1.476693599205418","0.00778632005717479897","0.32532767336631840","0.31482081310711468","55","199","0.2763819095477387","0.00000000000000000","3","3","0.05454545454545454","0.015075376884422110","0.013100436681222707","0.0202790602759992805","0.10263929618768328","Exclude","HP_SYRINGOMYELIA","HP_SYRINGOMYELIA",FALSE,"COL6A1/C1R/GTF2IRD2/KIF7/DDB2/LIMK1/ELN/POMP/GTF2IRD1/CTNNB1/COMP/CBL/HFE/LBR/KLRC4/ASXL1/STX1A/MMP2/LPIN2/BMP4/LEMD3/BUD23/MFN2/PKDCC/VCP/NLRP12/EIF4H/PTPN22/SLC26A2/AP1S3/PHEX/NOTCH2/DSE/ABCC6/PSMB4/TNFRSF1A/SMPD1/IL10/COL2A1/TREM2/SLCO2A1/ERCC2/SLC40A1/CD81/CAV1/MATN3/CLCNKB/TRPS1/COL5A1/STING1/HPGD/CCR1/C1S/COL1A1/IL2RB","COL6A1/C1R/GTF2IRD2/KIF7/DDB2/LIMK1/ELN/POMP/GTF2IRD1/CTNNB1/COMP/CBL/HFE/LBR/KLRC4/ASXL1/STX1A/MMP2/LPIN2/BMP4/LEMD3/BUD23/MFN2/PKDCC/VCP/NLRP12/EIF4H/PTPN22/SLC26A2/AP1S3/PHEX/NOTCH2/DSE/ABCC6/PSMB4/TNFRSF1A/SMPD1/IL10/COL2A1/TREM2/SLCO2A1/ERCC2/SLC40A1/CD81/CAV1/MATN3/CLCNKB/TRPS1/COL5A1/STING1/HPGD/CCR1/C1S/COL1A1/IL2RB"
"GSE282081","Main_DE","3D_organoid","HPO","135","HP_AGITATION","HP_AGITATION","-1.608329107039198","0.00793706870245332666","0.32671326503357884","0.31616165537487401","19","80","0.2375000000000000","0.00000000000000000","4","3","0.15789473684210525","0.050000000000000003","0.015267175572519083","0.0398240999506822152","0.05038089384995779","Exclude","HP_BRUISING_SUSCEPTIBILITY","HP_BRUISING_SUSCEPTIBILITY",FALSE,"EIF2S3/GNAS/LSS/ATP6V0A1/GNS/GRN/PRKAR1A/ALAD/IGF1R/SYNJ1/MECP2/DCDC2/TREM2/HNF1A/GBA1/PODXL/NDST1/HNF4A/UCP2","EIF2S3/GNAS/LSS/ATP6V0A1/GNS/GRN/PRKAR1A/ALAD/IGF1R/SYNJ1/MECP2/DCDC2/TREM2/HNF1A/GBA1/PODXL/NDST1/HNF4A/UCP2"
"GSE282081","Main_DE","3D_organoid","HPO","138","HP_INGUINAL_HERNIA","HP_INGUINAL_HERNIA","-1.377391773328175","0.00825113204823786986","0.33225754197143359","0.32152687302022648","57","326","0.1748466257668712","0.00000000000000000","31","11","0.19298245614035087","0.095092024539877307","0.082010582010582006","0.0090051448482003568","0.08379894234678296","Exclude","HP_PNEUMOTHORAX","HP_PNEUMOTHORAX",FALSE,"AGA/IGF2/GNS/NXN/SLC2A10/EIF4H/CLCN4/CRKL/SLC26A2/SGSH/NOTCH2/SHOC2/NEU1/MID1/ISL1/TASP1/PPP2R1A/TRIM33/ATP6V1E1/DSE/VPS35L/ATP6V1A/WNT5A/PIK3R1/PAFAH1B1/PIGS/SKIC2/PORCN/COL2A1/DDX6/PIGL/LFNG/HMGA2/GPC3/ROR2/THSD4/CLDN19/FBLN5/GPC4/TGFBR2/CHD3/FGFR1/MYLK/NOTCH3/COL5A1/FZD2/TGFBR1/SMAD3/KDM5B/GRIN2B/C1S/TGFB2/COL1A1/LTBP1/CUL4B/SEMA5A/EFEMP2","AGA/IGF2/GNS/NXN/SLC2A10/EIF4H/CLCN4/CRKL/SLC26A2/SGSH/NOTCH2/SHOC2/NEU1/MID1/ISL1/TASP1/PPP2R1A/TRIM33/ATP6V1E1/DSE/VPS35L/ATP6V1A/WNT5A/PIK3R1/PAFAH1B1/PIGS/SKIC2/PORCN/COL2A1/DDX6/PIGL/LFNG/HMGA2/GPC3/ROR2/THSD4/CLDN19/FBLN5/GPC4/TGFBR2/CHD3/FGFR1/MYLK/NOTCH3/COL5A1/FZD2/TGFBR1/SMAD3/KDM5B/GRIN2B/C1S/TGFB2/COL1A1/LTBP1/CUL4B/SEMA5A/EFEMP2"
"GSE282081","Main_DE","3D_organoid","HPO","140","HP_PALMOPLANTAR_HYPERHIDROSIS","HP_PALMOPLANTAR_HYPERHIDROSIS","-1.751780653373803","0.00847855483957076633","0.33522379599108282","0.32439732819142475","7","14","0.5000000000000000","0.00000000000000000","4","4","0.57142857142857140","0.285714285714285698","0.105263157894736836","0.0349650349650349815","0.06666666666666668","Exclude","HP_ONYCHOGRYPHOSIS","HP_ONYCHOGRYPHOSIS",FALSE,"PERP/KRT16/TRPV3/KRT6B/CTSB/KRT6A/KRT17","PERP/KRT16/TRPV3/KRT6B/CTSB/KRT6A/KRT17"
"GSE282081","Main_DE","3D_organoid","HPO","143","HP_ABNORMALITY_OF_THE_PULMONARY_VASCULATURE","HP_ABNORMALITY_OF_THE_PULMONARY_VASCULATURE","-1.419462800084198","0.00871144110910357719","0.33852781988313690","0.32759464453853593","66","245","0.2693877551020408","0.01492537313432836","8","5","0.07575757575757576","0.032653061224489799","0.032653061224489799","0.0348355357247598224","1.00000000000000000","Exclude","HP_PULMONARY_ARTERY_ANEURYSM","HP_PULMONARY_ARTERY_ANEURYSM",FALSE,"KRAS/ESAM/ZMYND10/BRWD1/CCDC39/DLL4/CFAP300/AGGF1/ALDH1A2/GTF2IRD2/CFAP74/LIMK1/ELN/CITED2/SMAD4/GTF2IRD1/TUBG1/ENG/CBL/STX1A/DNAH1/CAPNS1/BUD23/RSPH1/DNAL1/TAOK1/VHL/RBPJ/SLC2A10/NIPA1/EIF4H/DNAJB13/DOCK6/MRAS/ODAD4/NOTCH2/EOGT/CRTAP/NODAL/RIT1/SKIC2/BMPR2/PORCN/PIGL/LFNG/GPC3/RRAS/AFF4/CAV1/MITF/FBLN5/JAG1/GPC4/TGFBR2/NRAS/FGFR1/ARHGAP31/MYRF/PLXND1/PPP1CB/COL5A1/TGFBR1/BGN/AASS/LTBP1/EFEMP2","KRAS/ESAM/ZMYND10/BRWD1/CCDC39/DLL4/CFAP300/AGGF1/ALDH1A2/GTF2IRD2/CFAP74/LIMK1/ELN/CITED2/SMAD4/GTF2IRD1/TUBG1/ENG/CBL/STX1A/DNAH1/CAPNS1/BUD23/RSPH1/DNAL1/TAOK1/VHL/RBPJ/SLC2A10/NIPA1/EIF4H/DNAJB13/DOCK6/MRAS/ODAD4/NOTCH2/EOGT/CRTAP/NODAL/DRC2/RIT1/SKIC2/BMPR2/PORCN/PIGL/LFNG/GPC3/RRAS/AFF4/CAV1/MITF/FBLN5/JAG1/GPC4/TGFBR2/NRAS/FGFR1/ARHGAP31/MYRF/PLXND1/PPP1CB/COL5A1/TGFBR1/BGN/AASS/LTBP1/EFEMP2"
"GSE282081","Main_DE","3D_organoid","HPO","146","HP_PALPEBRAL_EDEMA","HP_PALPEBRAL_EDEMA","-1.636855218378911","0.00924747577128986163","0.35197412918532711","0.34060668862320481","5","39","0.1282051282051282","0.00000000000000000","8","3","0.59999999999999998","0.205128205128205121","0.036866359447004608","0.0490936280409964496","0.32653973873386255","Exclude","HP_BRUISING_SUSCEPTIBILITY","HP_BRUISING_SUSCEPTIBILITY",FALSE,"CDH11/COL5A1/GSN/PIK3CD/COL1A1","CDH11/COL5A1/GSN/PIK3CD/COL1A1"
"GSE282081","Main_DE","3D_organoid","HPO","158","HP_ABNORMALITY_OF_THE_GINGIVA","HP_ABNORMALITY_OF_THE_GINGIVA","-1.374229672854199","0.01059825755044157929","0.36983287455411157","0.35788866368513855","71","234","0.3034188034188034","0.00000000000000000","3","3","0.04225352112676056","0.012820512820512820","0.011363636363636364","0.0271110111830845935","0.10263929618768328","Exclude","HP_SYRINGOMYELIA","HP_SYRINGOMYELIA",FALSE,"SRP19/USB1/CXCR4/OSTM1/PERP/C1R/SLC17A5/GTF2IRD2/KIF7/LIMK1/ELN/NABP1/SMAD4/USP9X/INSR/GJB6/GTF2IRD1/MAN2B1/MYSM1/LBR/GP1BA/MAP1B/STX1A/MMP2/WDR26/FBXO28/BUD23/SH3PXD2B/MCFD2/DNM1/AGA/NXN/BLOC1S3/EIF4H/PRKAR1A/SCARB2/ANO6/TRPV3/ITGB2/SLC6A19/NOTCH2/NEU1/ITGA2B/CYBB/DDR2/NCF2/WNT5A/PIGS/SERPINF2/IER3IP1/CCBE1/PLCG1/GPC3/GBA1/NTRK1/GALE/ROR2/F13A1/KRT6A/GPC4/ATP6V1B2/NOTCH3/MMP14/PDGFRB/FZD2/BGN/REST/ECM1/C1S/CNTNAP1/TBL1XR1","SRP19/USB1/CXCR4/OSTM1/PERP/C1R/SLC17A5/GTF2IRD2/KIF7/LIMK1/ELN/NABP1/SMAD4/USP9X/INSR/GJB6/GTF2IRD1/MAN2B1/MYSM1/LBR/GP1BA/MAP1B/STX1A/MMP2/WDR26/FBXO28/BUD23/SH3PXD2B/MCFD2/DNM1/AGA/NXN/BLOC1S3/EIF4H/PRKAR1A/SCARB2/ANO6/TRPV3/ITGB2/SLC6A19/NOTCH2/NEU1/ITGA2B/CYBB/DDR2/NCF2/WNT5A/PIGS/SERPINF2/IER3IP1/CCBE1/PLCG1/GPC3/GBA1/NTRK1/GALE/ROR2/F13A1/KRT6A/GPC4/ATP6V1B2/NOTCH3/MMP14/PDGFRB/FZD2/BGN/REST/ECM1/C1S/CNTNAP1/TBL1XR1"
"GSE282081","Main_DE","3D_organoid","HPO","160","HP_LIMITATION_OF_JOINT_MOBILITY","HP_LIMITATION_OF_JOINT_MOBILITY","-1.325450021600069","0.01071034987027269687","0.36983287455411157","0.35788866368513855","107","423","0.2529550827423168","0.00000000000000000","8","6","0.05607476635514019","0.018912529550827423","0.017857142857142856","0.0041419827382740190","0.09337535533308620","Exclude","HP_SYRINGOMYELIA","HP_SYRINGOMYELIA",FALSE,"SUZ12/SCYL2/ELN/GNB1/BMP1/SMAD4/USP9X/PPP1R12A/SF3B4/GTF2IRD1/MAN2B1/CTNNB1/COMP/ERCC1/TPM2/GLDN/HFE/LBR/PRRT2/MYL11/ASXL1/STX1A/SNRPB/GNAS/RSPRY1/MMP2/MMP9/LSS/FBXO28/NAE1/FHL1/LEMD3/BUD23/SH3PXD2B/MFN2/PKDCC/EXT1/AGA/ADCY6/GNS/TGM1/VCP/BMPR1B/NIPA1/EIF4H/PTPN22/LAMB2/LMX1B/SLC26A2/TRPV3/COLEC10/PHEX/SPRTN/TBX15/SGSH/MYL2/HNRNPDL/STX1B/FN1/TBC1D20/ADAMTSL4/CHMP1A/RAB18/DDR2/PIK3C2A/SLC25A46/GTPBP2/ECEL1/TMEM222/MECP2/WNT5A/ACVR1/FGFR3/KRT83/IL10/ZMPSTE24/HS2ST1/COL2A1/COL6A3/TREM2/NAGLU/SLCO2A1/INPPL1/ROR2/IQSEC2/ERCC2/MATN3/BPNT2/COL6A2/ITCH/LUZP1/FGFR1/LTBP2/DKK1/NOTCH3/SCUBE3/SCN1B/PDGFRB/FZD2/BGN/STING1/PCDH19/HPGD/CNTNAP1/COL1A1/IL2RB/FLNC","SUZ12/SCYL2/ELN/GNB1/BMP1/SMAD4/USP9X/PPP1R12A/SF3B4/GTF2IRD1/MAN2B1/CTNNB1/COMP/ERCC1/TPM2/GLDN/HFE/LBR/PRRT2/MYL11/ASXL1/STX1A/SNRPB/GNAS/RSPRY1/MMP2/MMP9/LSS/FBXO28/NAE1/FHL1/LEMD3/BUD23/SH3PXD2B/MFN2/PKDCC/EXT1/AGA/ADCY6/GNS/TGM1/VCP/BMPR1B/NIPA1/EIF4H/PTPN22/LAMB2/LMX1B/SLC26A2/TRPV3/COLEC10/PHEX/SPRTN/TBX15/SGSH/MYL2/HNRNPDL/STX1B/FN1/TBC1D20/ADAMTSL4/CHMP1A/RAB18/DDR2/PIK3C2A/SLC25A46/GTPBP2/ECEL1/TMEM222/MECP2/WNT5A/ACVR1/FGFR3/KRT83/IL10/ZMPSTE24/HS2ST1/COL2A1/COL6A3/TREM2/NAGLU/SLCO2A1/INPPL1/ROR2/IQSEC2/ERCC2/MATN3/BPNT2/COL6A2/ITCH/LUZP1/FGFR1/LTBP2/DKK1/NOTCH3/SCUBE3/SCN1B/PDGFRB/FZD2/BGN/STING1/PCDH19/HPGD/CNTNAP1/COL1A1/IL2RB/FLNC"
"GSE282081","Main_DE","3D_organoid","HPO","164","HP_SPINAL_CORD_LESION","HP_SPINAL_CORD_LESION","-1.529761464523174","0.01101498999490766947","0.37323353293720674","0.36117949359268248","17","46","0.3695652173913043","0.00000000000000000","33","16","0.94117647058823528","0.717391304347826053","0.717391304347826053","0.0093360518771749661","1.00000000000000000","Exclude","HP_SYRINGOMYELIA","HP_SYRINGOMYELIA",FALSE,"NFIA/ABCA1/CTNNB1/KPNA3/LEMD3/EXT1/NOTCH2/CLP1/DDR2/DDHD2/HMGA2/RUNX2/SPARC/NRAS/DKK1/NOTCH3/FBLN1","NFIA/ABCA1/CTNNB1/KPNA3/LEMD3/EXT1/NOTCH2/CLP1/DDR2/DDHD2/HMGA2/RUNX2/SPARC/NRAS/DKK1/NOTCH3/FBLN1"
"GSE282081","Main_DE","3D_organoid","HPO","166","HP_ABNORMALITY_OF_THE_PLANTAR_SKIN_OF_FOOT","HP_ABNORMALITY_OF_THE_PLANTAR_SKIN_OF_FOOT","-1.452761011406372","0.01151015351558474023","0.38312870214650857","0.37075508605326341","59","174","0.3390804597701149","0.00000000000000000","17","11","0.18644067796610170","0.097701149425287362","0.091891891891891897","0.0064335512672858159","0.14004576659038914","Exclude","HP_ONYCHOGRYPHOSIS","HP_ONYCHOGRYPHOSIS",FALSE,"AAAS/BORCS8/ALOX12B/GRHL2/PIGQ/HNRNPK/CTC1/KLK11/WRAP53/AP1B1/MCOLN1/SRD5A3/USB1/KRAS/KCNJ8/PERP/C1R/KRT6C/COL7A1/AKT1/SDHC/KRT9/POMP/KRT14/GJB6/KRT16/ASXL1/LSS/SASH1/KLHL24/TGM1/COL17A1/USF3/TRPV3/MRAS/SDHD/KRT6B/CD28/LAMA3/RIT1/FGFR3/KRT83/PKP1/PIGL/SLCO2A1/CTSB/CD4/LRP1/KRT6A/LAMC2/ATP6V1B2/LAMB3/SULT2B1/KRT17/PDGFRB/JUP/HPGD/TBL1XR1/KRT5","AAAS/BORCS8/ALOX12B/GRHL2/PIGQ/HNRNPK/CTC1/KLK11/WRAP53/AP1B1/MCOLN1/SRD5A3/USB1/KRAS/KCNJ8/PERP/C1R/KRT6C/COL7A1/AKT1/SDHC/KRT9/POMP/KRT14/GJB6/KRT16/ASXL1/LSS/SASH1/KLHL24/TGM1/COL17A1/USF3/TRPV3/MRAS/SDHD/KRT6B/CD28/LAMA3/RIT1/FGFR3/KRT83/PKP1/PIGL/SLCO2A1/CTSB/CD4/LRP1/KRT6A/LAMC2/ATP6V1B2/LAMB3/SULT2B1/KRT17/PDGFRB/JUP/HPGD/TBL1XR1/KRT5"
"GSE282081","Main_DE","3D_organoid","HPO","179","HP_PAIN_IN_HEAD_AND_NECK_REGION","HP_PAIN_IN_HEAD_AND_NECK_REGION","-1.529474045606718","0.01373544766325141171","0.42641275231669318","0.41264122419867416","15","46","0.3260869565217391","0.00000000000000000","4","4","0.26666666666666666","0.086956521739130432","0.067796610169491525","0.0083647394061954223","0.05294117647058822","Exclude","HP_PALMAR_HYPERHIDROSIS","HP_PALMAR_HYPERHIDROSIS",FALSE,"GDF3/TGFBI/AKT1/KRT16/HMBS/COL17A1/SLC4A11/KRT6B/NF2/NTRK1/KRT6A/DKK1/KRT17/SMO/COL8A2","GDF3/TGFBI/AKT1/KRT16/HMBS/COL17A1/SLC4A11/KRT6B/NF2/NTRK1/KRT6A/DKK1/KRT17/SMO/COL8A2"
"GSE282081","Main_DE","3D_organoid","HPO","181","HP_ABNORMAL_CIRCULATING_C_PEPTIDE_CONCENTRATION","HP_ABNORMAL_CIRCULATING_C_PEPTIDE_CONCENTRATION","-1.706140362368878","0.01403509658840122569","0.42693291654711463","0.41314458908084373","5","21","0.2380952380952381","0.00000000000000000","2","2","0.40000000000000002","0.095238095238095233","0.062500000000000000","0.0476190476190476025","0.35897435897435903","Exclude","HP_SOFT_TISSUE_NEOPLASM","HP_SOFT_TISSUE_NEOPLASM",FALSE,"NAB2/HNF1A/STAT6/HNF4A/UCP2","NAB2/HNF1A/STAT6/HNF4A/UCP2"
"GSE282081","Main_DE","3D_organoid","HPO","182","HP_ABNORMALITY_OF_HAIR_GROWTH","HP_ABNORMALITY_OF_HAIR_GROWTH","-1.663686251495451","0.01403961807436189362","0.42693291654711463","0.41314458908084373","8","30","0.2666666666666667","0.00000000000000000","3","3","0.37500000000000000","0.100000000000000006","0.090909090909090912","0.0137931034482758549","0.20000000000000023","Exclude","HP_ABNORMAL_PERIFOLLICULAR_MORPHOLOGY","HP_ABNORMAL_PERIFOLLICULAR_MORPHOLOGY",FALSE,"SHOC2/NR2F1/KRT83/KRT86/PPP1CB/TRPS1/KRT81/KRT71","SHOC2/NR2F1/KRT83/KRT86/PPP1CB/TRPS1/KRT81/KRT71"
"GSE282081","Main_DE","3D_organoid","HPO","190","HP_ABNORMALLY_LAX_OR_HYPEREXTENSIBLE_SKIN","HP_ABNORMALLY_LAX_OR_HYPEREXTENSIBLE_SKIN","-1.399182984355217","0.01470820279180311101","0.43017622586342047","0.41628315170464958","39","184","0.2119565217391304","0.00000000000000000","11","6","0.15384615384615385","0.059782608695652176","0.041825095057034217","0.0127668924449989302","0.05396215878497505","Exclude","HP_BONE_PAIN","HP_BONE_PAIN",FALSE,"SLC6A8/FKBP14/ASXL1/STX1A/BUD23/SH3PXD2B/EXT1/SLC2A10/EIF4H/WDR37/SLC26A2/MRAS/TBX15/SHOC2/ATP6V1E1/MRPS16/DSE/ABCC6/ATP6V1A/PIK3R1/RIT1/FGFR3/GBA1/FBLN5/SLC25A24/B4GALT1/TRPS1/COL5A1/GSN/PDGFRB/SLC7A7/WLS/HPGD/C1S/TBL1XR1/TGFB2/COL1A1/LTBP1/EFEMP2","SLC6A8/FKBP14/ASXL1/STX1A/BUD23/SH3PXD2B/EXT1/SLC2A10/EIF4H/WDR37/SLC26A2/MRAS/TBX15/SHOC2/ATP6V1E1/MRPS16/DSE/ABCC6/ATP6V1A/PIK3R1/RIT1/FGFR3/GBA1/FBLN5/SLC25A24/B4GALT1/TRPS1/COL5A1/GSN/PDGFRB/SLC7A7/WLS/HPGD/C1S/TBL1XR1/TGFB2/COL1A1/LTBP1/EFEMP2"
"GSE282081","Main_DE","3D_organoid","HPO","193","HP_ABNORMAL_BLISTERING_OF_THE_SKIN","HP_ABNORMAL_BLISTERING_OF_THE_SKIN","-1.464624911254530","0.01528234358635957753","0.43319635725503070","0.41920574421133278","27","123","0.2195121951219512","0.00000000000000000","23","9","0.33333333333333331","0.186991869918699177","0.167883211678832106","0.0310142637075261317","0.10729138482197434","Exclude","HP_FRAGILE_SKIN","HP_FRAGILE_SKIN",FALSE,"CBL/KLRC4/KRT16/ASXL1/FBXO28/KLHL24/COL17A1/POFUT1/UROD/SLC6A19/KRT6B/NAXD/LAMA3/PKP1/IL10/COL2A1/ITGA3/KRT6A/LUZP1/LAMC2/LAMB3/ITGA6/KRT17/ECM1/JUP/CCR1/KRT5","CBL/KLRC4/KRT16/ASXL1/FBXO28/KLHL24/COL17A1/POFUT1/UROD/SLC6A19/KRT6B/NAXD/LAMA3/PKP1/IL10/COL2A1/ITGA3/KRT6A/LUZP1/LAMC2/LAMB3/ITGA6/KRT17/ECM1/JUP/CCR1/KRT5"
"GSE282081","Main_DE","3D_organoid","HPO","194","HP_FUSED_CERVICAL_VERTEBRAE","HP_FUSED_CERVICAL_VERTEBRAE","-1.553221359366455","0.01539900269770583252","0.43319635725503070","0.41920574421133278","7","36","0.1944444444444444","0.00000000000000000","2","2","0.28571428571428570","0.055555555555555552","0.043478260869565216","0.0333333333333333329","0.31818181818181829","Exclude","HP_HIP_PAIN","HP_HIP_PAIN",FALSE,"ABCC6/ACVR1/COL2A1/AFF4/NTN1/DKK1/CDH11","ABCC6/ACVR1/COL2A1/AFF4/NTN1/DKK1/CDH11"
"GSE282081","Main_DE","3D_organoid","HPO","196","HP_FUNDUS_HEMORRHAGE","HP_FUNDUS_HEMORRHAGE","-1.657956485296202","0.01553264146191180722","0.43319635725503070","0.41920574421133278","7","30","0.2333333333333333","0.00000000000000000","2","2","0.28571428571428570","0.066666666666666666","0.044444444444444446","0.0482758620689655304","0.11029411764705871","Exclude","HP_FOAM_CELLS","HP_FOAM_CELLS",FALSE,"LAMB2/ATP6V1E1/ABCC6/ATP6V1A/APOE/COL4A1/HMCN1","LAMB2/ATP6V1E1/ABCC6/ATP6V1A/APOE/COL4A1/HMCN1"
"GSE282081","Main_DE","3D_organoid","HPO","198","HP_PATHOLOGIC_FRACTURE","HP_PATHOLOGIC_FRACTURE","-1.524926619645959","0.01554835497137543009","0.43319635725503070","0.41920574421133278","17","63","0.2698412698412698","0.00000000000000000","3","3","0.17647058823529413","0.047619047619047616","0.041666666666666664","0.0171237188688272701","0.09090909090909094","Exclude","HP_DERMATOCHALASIS","HP_DERMATOCHALASIS",FALSE,"CBL/ASXL1/GNAS/AGA/VCP/SCARB2/NOTCH2/ATL3/SMPD1/IER3IP1/TREM2/GBA1/FBLN5/SLC7A7/ALPL/LTBP1/EFEMP2","CBL/ASXL1/GNAS/AGA/VCP/SCARB2/NOTCH2/ATL3/SMPD1/IER3IP1/TREM2/GBA1/FBLN5/SLC7A7/ALPL/LTBP1/EFEMP2"
"GSE282081","Main_DE","3D_organoid","HPO","200","HP_ABNORMALITY_OF_THE_PULMONARY_ARTERY","HP_ABNORMALITY_OF_THE_PULMONARY_ARTERY","-1.419539829686334","0.01566223936975210188","0.43319635725503070","0.41920574421133278","30","150","0.2000000000000000","0.00000000000000000","13","6","0.20000000000000001","0.086666666666666670","0.059090909090909090","0.0240397838229963121","0.06679171340094857","Exclude","HP_PNEUMOTHORAX","HP_PNEUMOTHORAX",FALSE,"TAOK1/RBPJ/SLC2A10/EIF4H/DOCK6/MRAS/NOTCH2/EOGT/CRTAP/NODAL/RIT1/SKIC2/BMPR2/PIGL/RRAS/MITF/FBLN5/JAG1/TGFBR2/NRAS/FGFR1/ARHGAP31/PLXND1/PPP1CB/COL5A1/TGFBR1/BGN/AASS/LTBP1/EFEMP2","TAOK1/RBPJ/SLC2A10/EIF4H/DOCK6/MRAS/NOTCH2/EOGT/CRTAP/NODAL/RIT1/SKIC2/BMPR2/PIGL/RRAS/MITF/FBLN5/JAG1/TGFBR2/NRAS/FGFR1/ARHGAP31/PLXND1/PPP1CB/COL5A1/TGFBR1/BGN/AASS/LTBP1/EFEMP2"
"GSE282081","Main_DE","3D_organoid","HPO","201","HP_ABNORMAL_ORAL_MUCOSA_MORPHOLOGY","HP_ABNORMAL_ORAL_MUCOSA_MORPHOLOGY","-1.331889637837341","0.01572918596478777367","0.43319635725503070","0.41920574421133278","98","380","0.2578947368421053","0.00000000000000000","36","14","0.14285714285714285","0.094736842105263161","0.082568807339449546","0.0493826035993716606","0.26705964098343787","Exclude","HP_SUBCUTANEOUS_NODULE","HP_SUBCUTANEOUS_NODULE",FALSE,"IL10RA/PERP/C1R/SLC17A5/GTF2IRD2/KRT6C/KIF7/COL7A1/LIMK1/ELN/NABP1/KRT14/SMAD4/USP9X/INSR/EVC2/GJB6/GTF2IRD1/MAN2B1/ENG/MYSM1/LBR/KLRC4/KRT16/PRKACA/GP1BA/MAP1B/STX1A/MMP2/WDR26/FBXO28/BUD23/SH3PXD2B/MCFD2/DNM1/CASP10/AGA/COL17A1/NXN/NLRP12/BLOC1S3/EIF4H/PRKAR1A/SCARB2/PTPN22/ELF4/ANO6/TRPV3/ITGB2/SLC6A19/NOTCH2/NEU1/ITGA2B/CYBB/GLMN/DDR2/KRT6B/NCF2/ABCC6/LAMA3/MECP2/WNT5A/PIGS/SERPINF2/IER3IP1/IL10/NAGA/CCBE1/PLCG1/GPC3/GBA1/NTRK1/GALE/ROR2/F13A1/KRT6A/LAMC2/GPC4/ATP6V1B2/LAMB3/NRAS/SAA1/NOTCH3/MMP14/ITGA6/KRT17/PDGFRB/MALT1/FZD2/BGN/KRT4/REST/ECM1/CCR1/C1S/CNTNAP1/TBL1XR1/KRT5","IL10RA/PERP/C1R/SLC17A5/GTF2IRD2/KRT6C/KIF7/COL7A1/LIMK1/ELN/NABP1/KRT14/SMAD4/USP9X/INSR/EVC2/GJB6/GTF2IRD1/MAN2B1/ENG/MYSM1/LBR/KLRC4/KRT16/PRKACA/GP1BA/MAP1B/STX1A/MMP2/WDR26/FBXO28/BUD23/SH3PXD2B/MCFD2/DNM1/CASP10/AGA/COL17A1/NXN/NLRP12/BLOC1S3/EIF4H/PRKAR1A/SCARB2/PTPN22/ELF4/ANO6/TRPV3/ITGB2/SLC6A19/NOTCH2/NEU1/ITGA2B/CYBB/GLMN/DDR2/KRT6B/NCF2/ABCC6/LAMA3/MECP2/WNT5A/PIGS/SERPINF2/IER3IP1/IL10/NAGA/CCBE1/PLCG1/GPC3/GBA1/NTRK1/GALE/ROR2/F13A1/KRT6A/LAMC2/GPC4/ATP6V1B2/LAMB3/NRAS/SAA1/NOTCH3/MMP14/ITGA6/KRT17/PDGFRB/MALT1/FZD2/BGN/KRT4/REST/ECM1/CCR1/C1S/CNTNAP1/TBL1XR1/KRT5"
"GSE282081","Main_DE","3D_organoid","HPO","205","HP_ABNORMALITY_OF_BLOOD_CIRCULATION","HP_ABNORMALITY_OF_BLOOD_CIRCULATION","-1.326376591636288","0.01670606028919028457","0.44509294332643778","0.43071811529690573","88","374","0.2352941176470588","0.00000000000000000","12","6","0.06818181818181818","0.032085561497326207","0.031007751937984496","0.0388625605696329215","0.16284829721362235","Exclude","HP_SPONTANEOUS_PNEUMOTHORAX","HP_SPONTANEOUS_PNEUMOTHORAX",FALSE,"SREBF1/DLL4/SLC25A11/IL10RA/PDX1/DOCK8/AGGF1/AKT1/SDHC/NFIA/ELN/NABP1/CITED2/HSD3B7/SMAD4/NDP/DLST/CTNNB1/TMEM237/BMPR1A/ENG/POLE/CBL/LBR/KLRC4/RANBP2/GP1BA/ASXL1/MPI/MCFD2/NF1/CASP10/TAOK1/VHL/RBPJ/PRKAR1A/PTPN22/LAMB2/STAT2/TMEM127/DOCK6/CD109/SDHD/FZD4/ITGA2B/FN1/PCCB/EOGT/STIM1/ATP6V1E1/ABCC6/GTPBP2/ATP6V1A/NF2/VWF/TNFRSF1A/SERPINF2/IL10/ZMPSTE24/GREM1/GBA1/ARPC5/SLCO2A1/GALE/ZNFX1/THSD4/SPARC/F13A1/APOE/TGFBR2/CAPN5/ARHGAP31/COL4A1/MYLK/NOTCH3/TGFBR3/PLAU/SLC7A7/TGFBR1/SMAD3/ALPL/HMCN1/SMO/HPGD/CCR1/TBL1XR1/TGFB2/EFEMP2","SREBF1/DLL4/SLC25A11/IL10RA/PDX1/DOCK8/AGGF1/AKT1/SDHC/NFIA/ELN/NABP1/CITED2/HSD3B7/SMAD4/NDP/DLST/CTNNB1/TMEM237/BMPR1A/ENG/POLE/CBL/LBR/KLRC4/RANBP2/GP1BA/ASXL1/MPI/MCFD2/NF1/CASP10/TAOK1/VHL/RBPJ/PRKAR1A/PTPN22/LAMB2/STAT2/TMEM127/DOCK6/CD109/SDHD/FZD4/ITGA2B/FN1/PCCB/EOGT/STIM1/ATP6V1E1/ABCC6/GTPBP2/ATP6V1A/NF2/VWF/TNFRSF1A/SERPINF2/IL10/ZMPSTE24/GREM1/GBA1/ARPC5/SLCO2A1/GALE/ZNFX1/THSD4/SPARC/F13A1/APOE/TGFBR2/CAPN5/ARHGAP31/COL4A1/MYLK/NOTCH3/TGFBR3/PLAU/SLC7A7/TGFBR1/SMAD3/ALPL/HMCN1/SMO/HPGD/CCR1/TBL1XR1/TGFB2/EFEMP2"
"GSE282081","Main_DE","3D_organoid","HPO","206","HP_ABNORMAL_FINGERNAIL_MORPHOLOGY","HP_ABNORMAL_FINGERNAIL_MORPHOLOGY","-1.383199926368374","0.01673307433494106850","0.44509294332643778","0.43071811529690573","57","195","0.2923076923076923","0.00000000000000000","5","4","0.07017543859649122","0.025641025641025640","0.022421524663677129","0.0263075194103946051","0.14876799137088342","Exclude","HP_SYRINGOMYELIA","HP_SYRINGOMYELIA",FALSE,"COL7A1/LIMK1/SUZ12/PLCD1/ELN/KRT9/KRT14/LRP6/EVC2/GTF2IRD1/CTNNB1/IFT52/KRT16/PRKACA/STX1A/FBXO28/PLAG1/BUD23/IGF2/COL17A1/RBPJ/NXN/BMPR1B/EIF4H/SLC35D1/LMX1B/TRAF6/POFUT1/TRPV3/DOCK6/NOTCH2/SHOC2/EOGT/KRT6B/VPS35L/MPLKIP/WNT5A/MSX1/PKP1/ZMPSTE24/HMGA2/SLCO2A1/AFF4/INPPL1/ROR2/RUNX2/ERCC2/KRT6A/ATP6V1B2/ARHGAP31/ZNF462/PPP1CB/KRT17/SOX4/FZD2/HPGD/KRT5","COL7A1/LIMK1/SUZ12/PLCD1/ELN/KRT9/KRT14/LRP6/EVC2/GTF2IRD1/CTNNB1/IFT52/KRT16/PRKACA/STX1A/FBXO28/PLAG1/BUD23/IGF2/COL17A1/RBPJ/NXN/BMPR1B/EIF4H/SLC35D1/LMX1B/TRAF6/POFUT1/TRPV3/DOCK6/NOTCH2/SHOC2/EOGT/KRT6B/VPS35L/MPLKIP/WNT5A/MSX1/PKP1/ZMPSTE24/HMGA2/SLCO2A1/AFF4/INPPL1/ROR2/RUNX2/ERCC2/KRT6A/ATP6V1B2/ARHGAP31/ZNF462/PPP1CB/KRT17/SOX4/FZD2/HPGD/KRT5"
"GSE282081","Main_DE","3D_organoid","HPO","208","HP_BRITTLE_HAIR","HP_BRITTLE_HAIR","-1.564667563345206","0.01678475049961238724","0.44509294332643778","0.43071811529690573","12","58","0.2068965517241379","0.00000000000000000","3","3","0.25000000000000000","0.051724137931034482","0.049180327868852458","0.0071298936997666561","0.20000000000000023","Exclude","HP_ABNORMAL_PERIFOLLICULAR_MORPHOLOGY","HP_ABNORMAL_PERIFOLLICULAR_MORPHOLOGY",FALSE,"GTPBP2/MPLKIP/KRT83/SKIC2/ZMPSTE24/PORCN/KRT86/ERCC2/SLC25A24/SCUBE3/KRT81/KRT71","GTPBP2/MPLKIP/KRT83/SKIC2/ZMPSTE24/PORCN/KRT86/ERCC2/SLC25A24/SCUBE3/KRT81/KRT71"
"GSE282081","Main_DE","3D_organoid","HPO","209","HP_ABNORMAL_CORONARY_ARTERY_MORPHOLOGY","HP_ABNORMAL_CORONARY_ARTERY_MORPHOLOGY","-1.500902386614672","0.01679728568659684743","0.44509294332643778","0.43071811529690573","12","77","0.1558441558441558","0.00000000000000000","21","7","0.58333333333333337","0.272727272727272707","0.151079136690647486","0.0143572616526990039","0.24168457890521208","Exclude","HP_PNEUMOTHORAX","HP_PNEUMOTHORAX",FALSE,"SMPD1/PPFIBP1/NT5E/THSD4/APOE/TGFBR2/MYLK/PLXND1/TGFBR1/SMAD3/TGFB2/EFEMP2","SMPD1/PPFIBP1/NT5E/THSD4/APOE/TGFBR2/MYLK/PLXND1/TGFBR1/SMAD3/TGFB2/EFEMP2"
"GSE282081","Main_DE","3D_organoid","HPO","210","HP_ACQUIRED_ABNORMAL_HAIR_PATTERN","HP_ACQUIRED_ABNORMAL_HAIR_PATTERN","-1.513965204853018","0.01682867357571645253","0.44509294332643778","0.43071811529690573","9","47","0.1914893617021277","0.00000000000000000","3","3","0.33333333333333331","0.063829787234042548","0.035714285714285712","0.0051803885291396845","0.05668016194331982","Exclude","HP_KERATOSIS_PILARIS","HP_KERATOSIS_PILARIS",FALSE,"KRT83/ZMPSTE24/PORCN/KRT86/PADI3/LAMB3/NECTIN4/ECM1/KRT81","KRT83/ZMPSTE24/PORCN/KRT86/PADI3/LAMB3/NECTIN4/ECM1/KRT81"
"GSE282081","Main_DE","3D_organoid","HPO","212","HP_BUNDLE_BRANCH_BLOCK","HP_BUNDLE_BRANCH_BLOCK","-1.521394874107080","0.01699115664960985234","0.44509294332643778","0.43071811529690573","16","78","0.2051282051282051","0.00000000000000000","2","2","0.12500000000000000","0.025641025641025640","0.020833333333333332","0.0399600399600399739","0.14736842105263154","Exclude","HP_PSYCHOMOTOR_DETERIORATION","HP_PSYCHOMOTOR_DETERIORATION",FALSE,"MYL2/KCNE3/ATP6V1E1/GNAI2/PKP2/SCNN1A/KCND3/RNASEH1/GPC3/GPC4/TNNC1/PPP1CB/PRKAG2/SCN1B/JUP/FLNC","MYL2/KCNE3/ATP6V1E1/GNAI2/PKP2/SCNN1A/KCND3/RNASEH1/GPC3/GPC4/TNNC1/PPP1CB/PRKAG2/SCN1B/JUP/FLNC"
"GSE282081","Main_DE","3D_organoid","HPO","213","HP_PAPULE","HP_PAPULE","-1.448018539563760","0.01706042773592428285","0.44509294332643778","0.43071811529690573","28","105","0.2666666666666667","0.00000000000000000","37","15","0.53571428571428570","0.352380952380952406","0.231250000000000011","0.0171111112597375006","0.18012089446204288","Exclude","HP_SUBCUTANEOUS_NODULE","HP_SUBCUTANEOUS_NODULE",FALSE,"COL7A1/AKT1/SDHC/KRT14/GJB6/EGFR/CYLD/KLRC4/GNAS/LPIN2/NF1/USF3/PTPN22/POFUT1/SDHD/GLMN/ABCC6/IL10/ZMPSTE24/NAGA/LRP1/TMC8/HAVCR2/COL5A1/ECM1/CCR1/KRT5/COL1A1","COL7A1/AKT1/SDHC/KRT14/GJB6/EGFR/CYLD/KLRC4/GNAS/LPIN2/NF1/USF3/PTPN22/POFUT1/SDHD/GLMN/ABCC6/IL10/ZMPSTE24/NAGA/LRP1/TMC8/HAVCR2/COL5A1/ECM1/CCR1/KRT5/COL1A1"
"GSE282081","Main_DE","3D_organoid","HPO","219","HP_SUPRAVENTRICULAR_ARRHYTHMIA","HP_SUPRAVENTRICULAR_ARRHYTHMIA","-1.440676874521240","0.01805438405268792318","0.45771334108168538","0.44293092167126080","30","135","0.2222222222222222","0.00000000000000000","2","2","0.06666666666666667","0.014814814814814815","0.012658227848101266","0.0480928689883913796","0.12000000000000008","Exclude","HP_SPONTANEOUS_PNEUMOTHORAX","HP_SPONTANEOUS_PNEUMOTHORAX",FALSE,"CALM3/CAPNS1/GJA5/DES/FHL1/SPRED1/NEXN/LRP12/CAVIN1/MYL2/KCNE3/NODAL/XK/PKP2/TPM1/SCNN1A/KCND3/RYR1/ANK2/JPH2/CAP2/LAMP2/NRAS/COL4A1/TNNC1/PRKAG2/SCN1B/SMAD3/RRM2B/FLNC","CALM3/CAPNS1/GJA5/DES/FHL1/SPRED1/NEXN/LRP12/CAVIN1/MYL2/KCNE3/NODAL/XK/PKP2/TPM1/SCNN1A/KCND3/RYR1/ANK2/JPH2/CAP2/LAMP2/NRAS/COL4A1/TNNC1/PRKAG2/SCN1B/SMAD3/RRM2B/FLNC"
"GSE282081","Main_DE","3D_organoid","HPO","220","HP_OSTEOARTHRITIS","HP_OSTEOARTHRITIS","-1.579973124284702","0.01812073691523678060","0.45771334108168538","0.44293092167126080","17","66","0.2575757575757576","0.00000000000000000","4","3","0.17647058823529413","0.060606060606060608","0.058823529411764705","0.0495337995337995357","1.00000000000000000","Exclude","HP_SHORT_GREATER_SCIATIC_NOTCH","HP_SHORT_GREATER_SCIATIC_NOTCH",FALSE,"SCARB2/PTPN22/SLC26A2/PHEX/FRZB/FGFR3/ZMPSTE24/COL2A1/GBA1/SLC40A1/MATN3/TRPS1/COL5A1/SMAD3/HPGD/COL1A1/IL2RB","SCARB2/PTPN22/SLC26A2/PHEX/FRZB/FGFR3/ZMPSTE24/COL2A1/GBA1/SLC40A1/MATN3/TRPS1/COL5A1/SMAD3/HPGD/COL1A1/IL2RB"
"GSE282081","Main_DE","3D_organoid","HPO","223","HP_PULMONARY_ARTERY_STENOSIS","HP_PULMONARY_ARTERY_STENOSIS","-1.481378187908801","0.01849842664506785514","0.46096751958135451","0.44608000244468754","25","87","0.2873563218390804","0.00000000000000000","3","3","0.12000000000000000","0.034482758620689655","0.031250000000000000","0.0216991367517335720","0.09090909090909094","Exclude","HP_DERMATOCHALASIS","HP_DERMATOCHALASIS",FALSE,"GTF2IRD2/LIMK1/ELN/GTF2IRD1/CBL/STX1A/BUD23/TAOK1/SLC2A10/EIF4H/MRAS/NOTCH2/RIT1/SKIC2/PIGL/RRAS/FBLN5/JAG1/NRAS/FGFR1/ARHGAP31/PLXND1/PPP1CB/LTBP1/EFEMP2","GTF2IRD2/LIMK1/ELN/GTF2IRD1/CBL/STX1A/BUD23/TAOK1/SLC2A10/EIF4H/MRAS/NOTCH2/RIT1/SKIC2/PIGL/RRAS/FBLN5/JAG1/NRAS/FGFR1/ARHGAP31/PLXND1/PPP1CB/LTBP1/EFEMP2"
"GSE282081","Main_DE","3D_organoid","HPO","224","HP_APLASIA_HYPOPLASIA_OF_THE_EARLOBES","HP_APLASIA_HYPOPLASIA_OF_THE_EARLOBES","1.484182928376910","0.01871725281793215970","0.46433827638057595","0.44934189647705380","25","59","0.4237288135593220","0.00000000000000000","24","14","0.56000000000000005","0.406779661016949179","0.406779661016949179","0.0369624426713966309","1.00000000000000000","Exclude","HP_ABSENT_EARLOBE","HP_ABSENT_EARLOBE",FALSE,"RBM10/CDC6/CPAP/PCNT/PLK4/EBF3/RBBP8/ARVCF/CEP152/SLC35C1/CEP63/SCARF2/CENPE/CEP295/ESCO2/HIRA/TRAIP/ATR/FIG4/SMS/KMT2B/NIN/FLI1/CHD7/POLR3A","RBM10/CDC6/CPAP/PCNT/PLK4/EBF3/RBBP8/ARVCF/CEP152/SLC35C1/CEP63/SCARF2/CENPE/CEP295/ESCO2/HIRA/TRAIP/ATR/FIG4/SMS/KMT2B/NIN/FLI1/CHD7/POLR3A"
"GSE282081","Main_DE","3D_organoid","HPO","228","HP_SHORT_PALM","HP_SHORT_PALM","-1.433059046574187","0.01937944055841763630","0.47233136483827537","0.45707683824038975","19","118","0.1610169491525424","0.00000000000000000","2","2","0.10526315789473684","0.016949152542372881","0.015625000000000000","0.0247718383311603570","0.15151515151515146","Exclude","HP_PANCREATIC_ISLET_CELL_HYPERPLASIA","HP_PANCREATIC_ISLET_CELL_HYPERPLASIA",FALSE,"CAMK2G/WNT5A/PIK3R1/FGFR3/COL2A1/CCBE1/PIGL/GPC3/INPPL1/ROR2/GPC4/FGFR1/SCUBE3/TRPS1/PDGFRB/FZD2/BGN/TBL1XR1/CUL4B","CAMK2G/WNT5A/PIK3R1/FGFR3/COL2A1/CCBE1/PIGL/GPC3/INPPL1/ROR2/GPC4/FGFR1/SCUBE3/TRPS1/PDGFRB/FZD2/BGN/TBL1XR1/CUL4B"
"GSE282081","Main_DE","3D_organoid","HPO","231","HP_ABNORMALITY_OF_PULMONARY_CIRCULATION","HP_ABNORMALITY_OF_PULMONARY_CIRCULATION","-1.364065910956962","0.01982506047121759818","0.47691714735305712","0.46151451722753939","48","217","0.2211981566820277","0.00000000000000000","2","2","0.04166666666666666","0.009216589861751152","0.008810572687224670","0.0481310803891449035","0.22727272727272713","Exclude","HP_DERMATOCHALASIS","HP_DERMATOCHALASIS",FALSE,"THSD1/PROC/KRAS/TNNI3/DLL4/AGGF1/ALDH1A2/VCL/AKT1/CITED2/SMAD4/CACNA1C/IL6ST/ENG/SEL1L/KLRC4/PAM16/CAPNS1/NF1/VHL/RBPJ/MTHFR/SCARB2/LAMB2/ATP5F1A/DOCK6/ZNF699/COX8A/EOGT/ABCC6/FGFR3/IL10/ZMPSTE24/BMPR2/GBA1/AFF4/F13A1/CAV1/SLC25A24/FGFR1/ARHGAP31/ATP13A3/CCR1/COL1A1/MUC5B/FLNC/EFEMP2/KCNN4","THSD1/PROC/KRAS/TNNI3/DLL4/AGGF1/ALDH1A2/VCL/AKT1/CITED2/SMAD4/CACNA1C/IL6ST/ENG/SEL1L/KLRC4/PAM16/CAPNS1/NF1/VHL/RBPJ/MTHFR/SCARB2/LAMB2/ATP5F1A/DOCK6/ZNF699/COX8A/EOGT/ABCC6/FGFR3/IL10/ZMPSTE24/BMPR2/GBA1/AFF4/F13A1/CAV1/SLC25A24/FGFR1/ARHGAP31/ATP13A3/CCR1/COL1A1/MUC5B/FLNC/EFEMP2/KCNN4"
"GSE282081","Main_DE","3D_organoid","HPO","238","HP_PERSONALITY_CHANGES","HP_PERSONALITY_CHANGES","-1.545392035975260","0.02047158667229537210","0.47798574427708146","0.46254860249001961","14","60","0.2333333333333333","0.00000000000000000","7","6","0.42857142857142855","0.116666666666666669","0.112903225806451610","0.0003665651563156872","0.08333333333333330","Exclude","HP_ANOMIC_APHASIA","HP_ANOMIC_APHASIA",FALSE,"MAPT/NAA60/VCP/GRN/CHMP2B/PRNP/SLC9A6/NF2/TREM2/GBA1/TMEM106B/APOE/NOTCH3/PDGFRB","MAPT/NAA60/VCP/GRN/CHMP2B/PRNP/SLC9A6/NF2/TREM2/GBA1/TMEM106B/APOE/NOTCH3/PDGFRB"
"GSE282081","Main_DE","3D_organoid","HPO","239","HP_ABNORMALITY_OF_ENDOCRINE_PANCREAS_PHYSIOLOGY","HP_ABNORMALITY_OF_ENDOCRINE_PANCREAS_PHYSIOLOGY","-1.627187921593798","0.02057575165631388148","0.47840774876207620","0.46295697781735090","5","29","0.1724137931034483","0.00000000000000000","12","5","1.00000000000000000","0.413793103448275856","0.413793103448275856","0.0066691928760894302","1.00000000000000000","Exclude","HP_PANCREATIC_ISLET_CELL_HYPERPLASIA","HP_PANCREATIC_ISLET_CELL_HYPERPLASIA",FALSE,"GPC3/SLC16A1/GPC4/HNF4A/UCP2","GPC3/SLC16A1/GPC4/HNF4A/UCP2"
"GSE282081","Main_DE","3D_organoid","HPO","240","HP_OLIGOMENORRHEA","HP_OLIGOMENORRHEA","1.585766577783858","0.02070449928013965921","0.47939542708223359","0.46391275784252606","8","42","0.1904761904761905","0.00000000000000000","2","2","0.25000000000000000","0.047619047619047616","0.014598540145985401","0.0325203252032520151","0.09342783505154641","Exclude","HP_APLASIA_HYPOPLASIA_OF_THE_OVARY","HP_APLASIA_HYPOPLASIA_OF_THE_OVARY",FALSE,"PPARG/USP48/STUB1/FOXL2/LARS2/LIPE/MKRN3/TPR","PPARG/USP48/STUB1/FOXL2/LARS2/LIPE/MKRN3/TPR"
"GSE282081","Main_DE","3D_organoid","HPO","243","HP_AVASCULAR_NECROSIS","HP_AVASCULAR_NECROSIS","-1.443193190483468","0.02194316938737833969","0.49797026760838686","0.48188770088155231","25","92","0.2717391304347826","0.00000000000000000","11","6","0.23999999999999999","0.119565217391304351","0.064327485380116955","0.0397261548987652008","0.05396215878497505","Exclude","HP_BONE_PAIN","HP_BONE_PAIN",FALSE,"MAN2B1/IL6ST/COMP/KLRC4/SH3PXD2B/EXT1/SLC2A10/SCARB2/LMX1B/FN1/WNT5A/IL10/ZMPSTE24/COL2A1/GBA1/NTRK1/SLCO2A1/MATN3/FGFR1/TRPS1/FZD2/SMAD3/HPGD/CCR1/COL1A1","MAN2B1/IL6ST/COMP/KLRC4/SH3PXD2B/EXT1/SLC2A10/SCARB2/LMX1B/FN1/WNT5A/IL10/ZMPSTE24/COL2A1/GBA1/NTRK1/SLCO2A1/MATN3/FGFR1/TRPS1/FZD2/SMAD3/HPGD/CCR1/COL1A1"
"GSE282081","Main_DE","3D_organoid","HPO","244","HP_ORTHOSTATIC_HYPOTENSION_DUE_TO_AUTONOMIC_DYSFUNCTION","HP_ORTHOSTATIC_HYPOTENSION_DUE_TO_AUTONOMIC_DYSFUNCTION","-1.677345452252696","0.02197156518533164432","0.49797026760838686","0.48188770088155231","4","16","0.2500000000000000","0.00000000000000000","2","2","0.50000000000000000","0.125000000000000000","0.019230769230769232","0.0499999999999999889","0.08114856429463171","Exclude","HP_BONE_PAIN","HP_BONE_PAIN",FALSE,"GBA1/NTRK1/PSAP/GSN","GBA1/NTRK1/PSAP/GSN"
"GSE282081","Main_DE","3D_organoid","HPO","245","HP_PRIMARY_AMENORRHEA","HP_PRIMARY_AMENORRHEA","1.456129255713349","0.02197367958200824312","0.49797026760838686","0.48188770088155231","22","130","0.1692307692307692","0.00000000000000000","37","11","0.50000000000000000","0.284615384615384603","0.253424657534246589","0.0164014248426705665","0.05822091185285427","Exclude","HP_HYPOPLASIA_OF_THE_UTERUS","HP_HYPOPLASIA_OF_THE_UTERUS",FALSE,"PPARG/NUP107/NSMF/HSD17B4/MRPS22/POR/SMC1A/KISS1R/SOX9/PCSK1/LARS2/FLRT3/CLPP/CPE/WNT4/SPRY4/PSMC3IP/PEX6/TWNK/MKRN3/FGF17/DHX37","PPARG/NUP107/NSMF/HSD17B4/MRPS22/POR/SMC1A/KISS1R/SOX9/PCSK1/LARS2/FLRT3/CLPP/CPE/WNT4/SPRY4/PSMC3IP/PEX6/TWNK/MKRN3/FGF17/DHX37"
"GSE282081","Main_DE","3D_organoid","HPO","246","HP_TISSUE_ISCHEMIA","HP_TISSUE_ISCHEMIA","-1.460161202634148","0.02209338530058161526","0.49797026760838686","0.48188770088155231","30","122","0.2459016393442623","0.00000000000000000","4","3","0.10000000000000001","0.032786885245901641","0.031746031746031744","0.0456458155677932978","0.50000000000000000","Exclude","HP_PULMONARY_ARTERY_ANEURYSM","HP_PULMONARY_ARTERY_ANEURYSM",FALSE,"LIMK1/ELN/CITED2/SMAD4/GTF2IRD1/CTNNB1/ENG/KLRC4/STX1A/BUD23/SLC2A10/EIF4H/PTPN22/PIK3C2A/ABCC6/SCNN1A/IL10/ZMPSTE24/NAGA/THSD4/TGFBR2/COL4A1/MYLK/NOTCH3/TGFBR3/TGFBR1/SMAD3/CCR1/TGFB2/EFEMP2","LIMK1/ELN/CITED2/SMAD4/GTF2IRD1/CTNNB1/ENG/KLRC4/STX1A/BUD23/SLC2A10/EIF4H/PTPN22/PIK3C2A/ABCC6/SCNN1A/IL10/ZMPSTE24/NAGA/THSD4/TGFBR2/COL4A1/MYLK/NOTCH3/TGFBR3/TGFBR1/SMAD3/CCR1/TGFB2/EFEMP2"
"GSE282081","Main_DE","3D_organoid","HPO","250","HP_PALMOPLANTAR_HYPERKERATOSIS","HP_PALMOPLANTAR_HYPERKERATOSIS","-1.415108765580199","0.02260310207778293279","0.50242175298495906","0.48619542002295135","43","130","0.3307692307692308","0.00000000000000000","17","11","0.25581395348837210","0.130769230769230776","0.120567375886524816","0.0043709276507013107","0.14004576659038914","Exclude","HP_ONYCHOGRYPHOSIS","HP_ONYCHOGRYPHOSIS",FALSE,"CTC1/KLK11/WRAP53/AP1B1/MCOLN1/SRD5A3/USB1/KRAS/PERP/KRT6C/COL7A1/AKT1/SDHC/KRT9/POMP/KRT14/GJB6/KRT16/LSS/SASH1/KLHL24/TGM1/COL17A1/USF3/TRPV3/SDHD/KRT6B/CD28/LAMA3/KRT83/PKP1/PIGL/SLCO2A1/LRP1/KRT6A/LAMC2/LAMB3/SULT2B1/KRT17/PDGFRB/JUP/HPGD/KRT5","CTC1/KLK11/WRAP53/AP1B1/MCOLN1/SRD5A3/USB1/KRAS/PERP/KRT6C/COL7A1/AKT1/SDHC/KRT9/POMP/KRT14/GJB6/KRT16/LSS/SASH1/KLHL24/TGM1/COL17A1/USF3/TRPV3/SDHD/KRT6B/CD28/LAMA3/KRT83/PKP1/PIGL/SLCO2A1/LRP1/KRT6A/LAMC2/LAMB3/SULT2B1/KRT17/PDGFRB/JUP/HPGD/KRT5"
"GSE282081","Main_DE","3D_organoid","HPO","252","HP_THORACOLUMBAR_SCOLIOSIS","HP_THORACOLUMBAR_SCOLIOSIS","-1.458832143745029","0.02293241063025195509","0.50371170731369741","0.48744371367852113","16","43","0.3720930232558139","0.00000000000000000","3","3","0.18750000000000000","0.069767441860465115","0.053571428571428568","0.0453771979580260901","0.06249999999999995","Exclude","HP_LOWER_LIMB_UNDERGROWTH","HP_LOWER_LIMB_UNDERGROWTH",FALSE,"SLC35B2/ROBO3/USP9X/IL6ST/LBR/RSPRY1/SLC26A2/HYAL1/PAPSS2/COL2A1/AP1G1/ROR2/COL6A2/ATP6V1B2/CDH11/PDGFRB","SLC35B2/ROBO3/USP9X/IL6ST/LBR/RSPRY1/SLC26A2/HYAL1/PAPSS2/COL2A1/AP1G1/ROR2/COL6A2/ATP6V1B2/CDH11/PDGFRB"
"GSE282081","Main_DE","3D_organoid","HPO","261","HP_TYPIFIED_BY_INCOMPLETE_PENETRANCE","HP_TYPIFIED_BY_INCOMPLETE_PENETRANCE","-1.385370377913475","0.02432490186278455854","0.51790605230457398","0.50117963471257010","33","151","0.2185430463576159","0.00000000000000000","2","2","0.06060606060606061","0.013245033112582781","0.010526315789473684","0.0466225165562914184","0.16585365853658537","Exclude","HP_PERIPHERAL_PULMONARY_ARTERY_STENOSIS","HP_PERIPHERAL_PULMONARY_ARTERY_STENOSIS",FALSE,"DLST/CTNNB1/GLI2/PRRT2/RANBP2/GREB1L/KIF5A/GJA5/MFN2/NLRP12/GJC2/ATXN10/CHRNA4/HNRNPDL/KLF13/FLCN/INAVA/NF2/VWF/GPR161/BMPR2/RBM12/RPS29/CAV1/NTN1/VMA21/JAG1/DSTYK/FGFR1/COL4A1/PRKCG/SCN1B/TGFBR1","DLST/CTNNB1/GLI2/PRRT2/RANBP2/GREB1L/KIF5A/GJA5/MFN2/NLRP12/GJC2/ATXN10/CHRNA4/HNRNPDL/KLF13/FLCN/INAVA/NF2/VWF/GPR161/BMPR2/RBM12/RPS29/CAV1/NTN1/VMA21/JAG1/DSTYK/FGFR1/COL4A1/PRKCG/SCN1B/TGFBR1"
"GSE282081","Main_DE","3D_organoid","HPO","266","HP_ABNORMAL_SUBUNGUAL_MORPHOLOGY","HP_ABNORMAL_SUBUNGUAL_MORPHOLOGY","-1.618866957532670","0.02537379289902756338","0.52896861059636446","0.51188491397894476","5","12","0.4166666666666667","0.00000000000000000","3","3","0.59999999999999998","0.250000000000000000","0.081081081081081086","0.0454545454545454836","0.13888888888888884","Exclude","HP_ONYCHOGRYPHOSIS","HP_ONYCHOGRYPHOSIS",FALSE,"COL7A1/KRT14/TRPV3/KRT17/JUP","COL7A1/KRT14/TRPV3/KRT17/JUP"
"GSE282081","Main_DE","3D_organoid","HPO","267","HP_APLASIA_HYPOPLASIA_OF_THE_LUNGS","HP_APLASIA_HYPOPLASIA_OF_THE_LUNGS","1.405749816357507","0.02554656240062322739","0.52896861059636446","0.51188491397894476","48","164","0.2926829268292683","0.00000000000000000","10","6","0.12500000000000000","0.060975609756097560","0.028011204481792718","0.0372623555011915575","0.12786408352493928","Exclude","HP_ABNORMAL_LIVER_METABOLITE_CONCENTRATION","HP_ABNORMAL_LIVER_METABOLITE_CONCENTRATION",FALSE,"RET/RBM10/CPLX1/ETFB/KAT6B/GLE1/NEK1/B3GALT6/DOK7/IFT172/MCTP2/LTBP4/HOXD13/TRIP11/ETFDH/SETBP1/INVS/ALG3/STRA6/WNT4/CHRND/FAM20C/AARS2/PKHD1/BCOR/NSDHL/NUP88/TAPT1/NEB/NELFA/TXNDC15/CHRNA1/NSD2/TUBA1A/DHCR7/CTBP1/TTC21B/GATA6/SF3B2/MKS1/NEK9/LMNA/ALG9/DONSON/ZFPM2/CTNNA2/FLNB/PIGG","RET/RBM10/CPLX1/ETFB/KAT6B/GLE1/NEK1/B3GALT6/DOK7/IFT172/MCTP2/LTBP4/HOXD13/TRIP11/ETFDH/SETBP1/INVS/ALG3/STRA6/WNT4/CHRND/FAM20C/AARS2/PKHD1/BCOR/NSDHL/NUP88/TAPT1/NEB/NELFA/TXNDC15/CHRNA1/NSD2/TUBA1A/DHCR7/CTBP1/TTC21B/GATA6/SF3B2/MKS1/NEK9/LMNA/ALG9/DONSON/ZFPM2/CTNNA2/FLNB/PIGG"
"GSE282081","Main_DE","3D_organoid","HPO","268","HP_ABNORMAL_CAROTID_ARTERY_MORPHOLOGY","HP_ABNORMAL_CAROTID_ARTERY_MORPHOLOGY","-1.436692760126834","0.02569630011478509293","0.52896861059636446","0.51188491397894476","26","93","0.2795698924731183","0.00000000000000000","6","4","0.15384615384615385","0.064516129032258063","0.063157894736842107","0.0494485579661367858","0.64285714285714302","Exclude","HP_PULMONARY_ARTERY_ANEURYSM","HP_PULMONARY_ARTERY_ANEURYSM",FALSE,"GTF2IRD2/LIMK1/ELN/ABCA1/SMAD4/GTF2IRD1/STX1A/BUD23/NF1/SLC2A10/EIF4H/LMX1B/SDHD/BRIP1/DCDC2/ZMPSTE24/THSD4/HOXA1/TGFBR2/MYLK/PLXND1/COL5A1/TGFBR1/SMAD3/TGFB2/EFEMP2","GTF2IRD2/LIMK1/ELN/ABCA1/SMAD4/GTF2IRD1/STX1A/BUD23/NF1/SLC2A10/EIF4H/LMX1B/SDHD/BRIP1/DCDC2/ZMPSTE24/THSD4/HOXA1/TGFBR2/MYLK/PLXND1/COL5A1/TGFBR1/SMAD3/TGFB2/EFEMP2"
"GSE282081","Main_DE","3D_organoid","HPO","271","HP_PULMONARY_EDEMA","HP_PULMONARY_EDEMA","-1.496452087571553","0.02590277014278527523","0.53027131914631931","0.51314554994235584","3","29","0.1034482758620690","0.00000000000000000","3","2","0.66666666666666663","0.103448275862068964","0.096774193548387094","0.0216201423097974639","0.30000000000000027","Exclude","HP_ABNORMAL_VENTRICULAR_AXIS","HP_ABNORMAL_VENTRICULAR_AXIS",FALSE,"PLXND1/PRKAG2/FLNC","PLXND1/PRKAG2/FLNC"
"GSE282081","Main_DE","3D_organoid","HPO","273","HP_PARONYCHIA","HP_PARONYCHIA","-1.629152612590031","0.02639427382643437861","0.53726366173441686","0.51991206616377061","6","16","0.3750000000000000","0.00000000000000000","5","4","0.66666666666666663","0.312500000000000000","0.178571428571428575","0.0357142857142857192","0.18325791855203616","Exclude","HP_PALMAR_HYPERHIDROSIS","HP_PALMAR_HYPERHIDROSIS",FALSE,"KRT6B/LAMA3/KRT6A/LAMC2/LAMB3/KRT17","KRT6B/LAMA3/KRT6A/LAMC2/LAMB3/KRT17"
"GSE282081","Main_DE","3D_organoid","HPO","283","HP_ELEVATED_CIRCULATING_LUTEINIZING_HORMONE_LEVEL","HP_ELEVATED_CIRCULATING_LUTEINIZING_HORMONE_LEVEL","1.506504051685753","0.02810169790308425508","0.55180613161639291","0.53398486896426978","10","46","0.2173913043478261","0.00000000000000000","15","6","0.59999999999999998","0.326086956521739135","0.178571428571428575","0.0465019106364015708","0.06584595486985850","Exclude","HP_HYPOPLASIA_OF_THE_UTERUS","HP_HYPOPLASIA_OF_THE_UTERUS",FALSE,"MRPS22/FOXL2/POR/KISS1R/SOX9/CLPP/PSMC3IP/DHX37/DIAPH2/XRCC2","MRPS22/FOXL2/POR/KISS1R/SOX9/CLPP/PSMC3IP/DHX37/DIAPH2/XRCC2"
"GSE282081","Main_DE","3D_organoid","HPO","285","HP_SUPERNUMERARY_NIPPLE","HP_SUPERNUMERARY_NIPPLE","-1.453459865974268","0.02846228643323564164","0.55307626610124117","0.53521398288236266","8","52","0.1538461538461539","0.00000000000000000","2","2","0.25000000000000000","0.038461538461538464","0.032258064516129031","0.0211161387631975950","0.15151515151515146","Exclude","HP_PANCREATIC_ISLET_CELL_HYPERPLASIA","HP_PANCREATIC_ISLET_CELL_HYPERPLASIA",FALSE,"HS2ST1/PORCN/DDX6/PIGL/GPC3/GPC4/ARHGAP31/KDM5B","HS2ST1/PORCN/DDX6/PIGL/GPC3/GPC4/ARHGAP31/KDM5B"
"GSE282081","Main_DE","3D_organoid","HPO","288","HP_PULMONARY_HYPOPLASIA","HP_PULMONARY_HYPOPLASIA","1.366290522671788","0.02866402098923114677","0.55307626610124117","0.53521398288236266","44","138","0.3188405797101449","0.00000000000000000","9","6","0.13636363636363635","0.065217391304347824","0.027108433734939760","0.0295150448982952618","0.07340376325021265","Exclude","HP_ABNORMAL_LIVER_METABOLITE_CONCENTRATION","HP_ABNORMAL_LIVER_METABOLITE_CONCENTRATION",FALSE,"RET/RBM10/ETFB/KAT6B/GLE1/NEK1/B3GALT6/DOK7/MCTP2/LTBP4/TRIP11/ETFDH/SETBP1/INVS/ALG3/STRA6/WNT4/CHRND/FAM20C/AARS2/PKHD1/BCOR/NSDHL/NUP88/TAPT1/NEB/TXNDC15/CHRNA1/TUBA1A/DHCR7/GATA6/SF3B2/MKS1/NEK9/LMNA/ALG9/DONSON/ZFPM2/CTNNA2/FLNB/NDUFB10/ACTA1/DPAGT1/MKKS","RET/RBM10/ETFB/KAT6B/GLE1/NEK1/B3GALT6/DOK7/MCTP2/LTBP4/TRIP11/ETFDH/SETBP1/INVS/ALG3/STRA6/WNT4/CHRND/FAM20C/AARS2/PKHD1/BCOR/NSDHL/NUP88/TAPT1/NEB/TXNDC15/CHRNA1/TUBA1A/DHCR7/GATA6/SF3B2/MKS1/NEK9/LMNA/ALG9/DONSON/ZFPM2/CTNNA2/FLNB/NDUFB10/ACTA1/DPAGT1/MKKS"
"GSE282081","Main_DE","3D_organoid","HPO","290","HP_CARDIOMEGALY","HP_CARDIOMEGALY","-1.375748421288065","0.02913255304132082030","0.55379984363274581","0.53591419158104858","45","143","0.3146853146853147","0.00000000000000000","3","3","0.06666666666666667","0.020979020979020980","0.020270270270270271","0.0297365205965745283","0.17857142857142846","Exclude","HP_PULMONARY_ARTERY_ANEURYSM","HP_PULMONARY_ARTERY_ANEURYSM",FALSE,"ESAM/KCNJ8/SAMHD1/RBSN/NHLRC2/SLC17A5/GTF2IRD2/LIMK1/ELN/SMAD4/CACNA1C/GTF2IRD1/HFE/ASXL1/STX1A/PAM16/DES/FHL1/BUD23/IGF2/EIF4H/WDR37/PRKAR1A/STAT2/NDUFC2/NEU1/HEXB/ABCC6/ADAR/RRAGC/PIGS/NAGA/GBA1/NAGLU/THSD4/TGFBR2/LAMP2/MYLK/PLXND1/PRKAG2/TGFBR1/SMAD3/JUP/TGFB2/EFEMP2","ESAM/KCNJ8/SAMHD1/RBSN/NHLRC2/SLC17A5/GTF2IRD2/LIMK1/ELN/SMAD4/CACNA1C/GTF2IRD1/HFE/ASXL1/STX1A/PAM16/DES/FHL1/BUD23/IGF2/EIF4H/WDR37/PRKAR1A/STAT2/NDUFC2/NEU1/HEXB/ABCC6/ADAR/RRAGC/PIGS/NAGA/GBA1/NAGLU/THSD4/TGFBR2/LAMP2/MYLK/PLXND1/PRKAG2/TGFBR1/SMAD3/JUP/TGFB2/EFEMP2"
"GSE282081","Main_DE","3D_organoid","HPO","294","HP_BICORNUATE_UTERUS","HP_BICORNUATE_UTERUS","1.466149271961280","0.02940743336120736282","0.55379984363274581","0.53591419158104858","10","53","0.1886792452830189","0.00000000000000000","14","6","0.59999999999999998","0.264150943396226412","0.050179211469534052","0.0143939519500747102","0.13656828495107562","Exclude","HP_ABNORMALITY_OF_THE_OVARY","HP_ABNORMALITY_OF_THE_OVARY",FALSE,"MNX1/FANCC/BRCA1/RAD51C/LARS2/RAD51/CCNQ/SETBP1/STRA6/WNT4","MNX1/FANCC/BRCA1/RAD51C/LARS2/RAD51/CCNQ/SETBP1/STRA6/WNT4"
"GSE282081","Main_DE","3D_organoid","HPO","299","HP_ASTROCYTOSIS","HP_ASTROCYTOSIS","-1.539958292602082","0.02995738708245229698","0.55379984363274581","0.53591419158104858","9","22","0.4090909090909091","0.00000000000000000","6","5","0.55555555555555558","0.272727272727272707","0.239999999999999991","0.0230790880945679934","0.22619047619047639","Exclude","HP_ANOMIC_APHASIA","HP_ANOMIC_APHASIA",FALSE,"NUP54/MAPT/VCP/GRN/CHMP2B/PRNP/ADAR/TREM2/TMEM106B","NUP54/MAPT/VCP/GRN/CHMP2B/PRNP/ADAR/TREM2/TMEM106B"
"GSE282081","Main_DE","3D_organoid","HPO","300","HP_COLLECTIONISM","HP_COLLECTIONISM","-1.642996748771087","0.02996629060840108258","0.55379984363274581","0.53591419158104858","6","10","0.6000000000000000","0.00000000000000000","7","6","1.00000000000000000","0.699999999999999956","0.500000000000000000","0.0333333333333333606","0.27878787878787870","Exclude","HP_SENILE_PLAQUES","HP_SENILE_PLAQUES",FALSE,"MAPT/VCP/GRN/CHMP2B/TREM2/TMEM106B","MAPT/VCP/GRN/CHMP2B/TREM2/TMEM106B"
"GSE282081","Main_DE","3D_organoid","HPO","303","HP_THICKENED_NUCHAL_SKIN_FOLD","HP_THICKENED_NUCHAL_SKIN_FOLD","-1.503700798293093","0.03064348779056676186","0.56057011585450045","0.54246580947372425","19","61","0.3114754098360656","0.00000000000000000","9","6","0.31578947368421051","0.147540983606557374","0.118421052631578941","0.0206510860269051716","0.12242562929061782","Exclude","HP_ABNORMAL_BRAIN_FDG_POSITRON_EMISSION_TOMOGRAPHY","HP_ABNORMAL_BRAIN_FDG_POSITRON_EMISSION_TOMOGRAPHY",FALSE,"MAPT/CBL/PEX2/PEX5/VCP/GRN/PEX19/SLC26A2/CHMP2B/MRAS/ABCC6/RIT1/PEX13/PEX11B/TREM2/RRAS/TMEM106B/ATP6V1B2/NRAS","MAPT/CBL/PEX2/PEX5/VCP/GRN/PEX19/SLC26A2/CHMP2B/MRAS/ABCC6/RIT1/PEX13/PEX11B/TREM2/RRAS/TMEM106B/ATP6V1B2/NRAS"
"GSE282081","Main_DE","3D_organoid","HPO","310","HP_ABNORMALITY_OF_THE_PYLORUS","HP_ABNORMALITY_OF_THE_PYLORUS","-1.385254582816038","0.03189119312702078796","0.56937073560231199","0.55098220230370909","27","112","0.2410714285714286","0.00000000000000000","4","3","0.11111111111111110","0.035714285714285712","0.033333333333333333","0.0428566598291368894","0.27272727272727282","Exclude","HP_DERMATOCHALASIS","HP_DERMATOCHALASIS",FALSE,"PEX2/MAP1B/PEX5/SLC2A10/PEX19/CRKL/TMTC3/CAVIN1/CYBB/ZNF699/ARFGEF2/ATP6V1E1/NCF2/LAMA3/PEX13/PEX11B/CCBE1/RYR1/MTM1/GALE/FBLN5/LUZP1/LAMC2/LAMB3/ITGA6/LTBP1/EFEMP2","PEX2/MAP1B/PEX5/SLC2A10/PEX19/CRKL/TMTC3/CAVIN1/CYBB/ZNF699/ARFGEF2/ATP6V1E1/NCF2/LAMA3/PEX13/PEX11B/CCBE1/RYR1/MTM1/GALE/FBLN5/LUZP1/LAMC2/LAMB3/ITGA6/LTBP1/EFEMP2"
"GSE282081","Main_DE","3D_organoid","HPO","311","HP_CONGENITAL_CONTRACTURE","HP_CONGENITAL_CONTRACTURE","1.388793621710530","0.03195975629265093709","0.56937073560231199","0.55098220230370909","36","168","0.2142857142857143","0.00000000000000000","2","2","0.05555555555555555","0.011904761904761904","0.011049723756906077","0.0449101796407185769","0.26666666666666666","Exclude","HP_THENAR_MUSCLE_ATROPHY","HP_THENAR_MUSCLE_ATROPHY",FALSE,"AUTS2/ADAT3/RFT1/LARGE1/KAT6B/EXOSC3/PLEC/GLE1/VIPAS39/GBE1/NRCAM/DOK7/POMT2/OTUD5/KIF26A/CACNA1E/FBN2/ALG3/SLC25A1/EEFSEC/DPM2/FAM20C/ZC4H2/MORC2/NUP88/GFM2/NEB/SNAP25/EXOSC8/SYNE1/CHRNA1/REEP1/CCDC47/TUBA1A/TRIP13/DHCR24","AUTS2/ADAT3/RFT1/LARGE1/KAT6B/EXOSC3/PLEC/GLE1/VIPAS39/GBE1/NRCAM/DOK7/POMT2/OTUD5/KIF26A/CACNA1E/FBN2/ALG3/SLC25A1/EEFSEC/DPM2/FAM20C/ZC4H2/MORC2/NUP88/GFM2/NEB/SNAP25/EXOSC8/SYNE1/CHRNA1/REEP1/CCDC47/TUBA1A/TRIP13/DHCR24"
"GSE282081","Main_DE","3D_organoid","HPO","312","HP_APLASTIC_HYPOPLASTIC_TOENAIL","HP_APLASTIC_HYPOPLASTIC_TOENAIL","-1.376823487438707","0.03196754894869918012","0.56937073560231199","0.55098220230370909","37","117","0.3162393162393162","0.00000000000000000","3","3","0.08108108108108109","0.025641025641025640","0.021126760563380281","0.0298696805443432328","0.13888888888888884","Exclude","HP_ONYCHOGRYPHOSIS","HP_ONYCHOGRYPHOSIS",FALSE,"USB1/BCR/DLL4/GTF2IRD2/COL7A1/LIMK1/SUZ12/ELN/KRT14/EVC2/GTF2IRD1/CTNNB1/PRKACA/STX1A/BUD23/ZMYM2/RBPJ/EIF4H/SLC35D1/CRKL/DOCK6/SHOC2/EOGT/MSX1/PORCN/AFF4/INPPL1/GPC4/ATP6V1B2/FGFR1/NECTIN4/ARHGAP31/PPP1CB/SOX4/JUP/WLS/KRT5","USB1/BCR/DLL4/GTF2IRD2/COL7A1/LIMK1/SUZ12/ELN/KRT14/EVC2/GTF2IRD1/CTNNB1/PRKACA/STX1A/BUD23/ZMYM2/RBPJ/EIF4H/SLC35D1/CRKL/DOCK6/SHOC2/EOGT/MSX1/PORCN/AFF4/INPPL1/GPC4/ATP6V1B2/FGFR1/NECTIN4/ARHGAP31/PPP1CB/SOX4/JUP/WLS/KRT5"
"GSE282081","Main_DE","3D_organoid","HPO","320","HP_ORTHOSTATIC_HYPOTENSION","HP_ORTHOSTATIC_HYPOTENSION","-1.537211036770928","0.03390041011552608757","0.58609339925889392","0.56716478681982552","8","44","0.1818181818181818","0.00000000000000000","4","3","0.37500000000000000","0.090909090909090912","0.083333333333333329","0.0153663693085133914","0.24285714285714288","Exclude","HP_BLEPHAROCHALASIS","HP_BLEPHAROCHALASIS",FALSE,"GBA1/NTRK1/PSAP/CAV1/SAA1/COL5A1/GSN/COL1A1","GBA1/NTRK1/PSAP/CAV1/SAA1/COL5A1/GSN/COL1A1"
"GSE282081","Main_DE","3D_organoid","HPO","326","HP_NEOPLASM_OF_THE_RESPIRATORY_SYSTEM","HP_NEOPLASM_OF_THE_RESPIRATORY_SYSTEM","-1.444737523288147","0.03496307268717975536","0.59466394571375236","0.57545853685889048","12","78","0.1538461538461539","0.00000000000000000","2","2","0.16666666666666666","0.025641025641025640","0.022471910112359550","0.0219780219780219832","0.12820512820512819","Exclude","HP_EOSINOPHILIC_INFILTRATION_OF_THE_ESOPHAGUS","HP_EOSINOPHILIC_INFILTRATION_OF_THE_ESOPHAGUS",FALSE,"NAB2/PORCN/GPC3/SLCO2A1/TGFBR2/MDM2/NOTCH3/PDGFRB/REST/STAT6/HPGD/MUC5B","NAB2/PORCN/GPC3/SLCO2A1/TGFBR2/MDM2/NOTCH3/PDGFRB/REST/STAT6/HPGD/MUC5B"
"GSE282081","Main_DE","3D_organoid","HPO","327","HP_NEOPLASM_OF_THE_LUNG","HP_NEOPLASM_OF_THE_LUNG","-1.473020260006058","0.03503539526630453094","0.59466394571375236","0.57545853685889048","21","65","0.3230769230769231","0.00000000000000000","8","6","0.28571428571428570","0.123076923076923084","0.114285714285714282","0.0112243454009845253","0.24941724941724933","Exclude","HP_SOFT_TISSUE_NEOPLASM","HP_SOFT_TISSUE_NEOPLASM",FALSE,"PERP/PPP2R1B/AKT1/DICER1/CASP8/EGFR/CTNNB1/ERBB2/SPRED1/PRKAR1A/TRPV3/NAB2/GPC3/SLCO2A1/MDM2/NOTCH3/PDGFRB/REST/STAT6/HPGD/MUC5B","PERP/PPP2R1B/AKT1/DICER1/CASP8/EGFR/CTNNB1/ERBB2/SPRED1/PRKAR1A/TRPV3/NAB2/GPC3/SLCO2A1/MDM2/NOTCH3/PDGFRB/REST/STAT6/HPGD/MUC5B"
"GSE282081","Main_DE","3D_organoid","HPO","331","HP_LIMB_PAIN","HP_LIMB_PAIN","-1.481138560572345","0.03577469742553405357","0.59538076005644680","0.57615220079432783","25","60","0.4166666666666667","0.00000000000000000","4","4","0.16000000000000000","0.066666666666666666","0.054794520547945202","0.0259415341392640122","0.05294117647058822","Exclude","HP_PALMAR_HYPERHIDROSIS","HP_PALMAR_HYPERHIDROSIS",FALSE,"KRT14/GJB6/COMP/KRT16/HMBS/LEMD3/MFN2/VHL/NLRP12/LMX1B/FN1/ATL3/HEPHL1/HYAL1/KRT6B/COL2A1/NAGLU/SLCO2A1/KRT6A/MATN3/ACP5/KRT17/COL5A1/KRT5/COL1A1","KRT14/GJB6/COMP/KRT16/HMBS/LEMD3/MFN2/VHL/NLRP12/LMX1B/FN1/ATL3/HEPHL1/HYAL1/KRT6B/COL2A1/NAGLU/SLCO2A1/KRT6A/MATN3/ACP5/KRT17/COL5A1/KRT5/COL1A1"
"GSE282081","Main_DE","3D_organoid","HPO","334","HP_HOARSE_VOICE","HP_HOARSE_VOICE","-1.388339630709819","0.03586422333450457051","0.59538076005644680","0.57615220079432783","40","115","0.3478260869565217","0.00000000000000000","5","4","0.10000000000000001","0.043478260869565216","0.035460992907801421","0.0489473973506293417","0.18637992831541217","Exclude","HP_FOLLICULAR_HYPERKERATOSIS","HP_FOLLICULAR_HYPERKERATOSIS",FALSE,"THRA/FBN1/ITGA7/PPP3CA/SAMHD1/C1R/GTF2IRD2/SDHC/LIMK1/SUZ12/ELN/KRT14/GTF2IRD1/TPM2/MYH14/KRT16/STX1A/LEMD3/BUD23/MFN2/AGA/EIF4H/SLC26A2/SDHD/MYL2/SHOC2/MID1/KRT6B/ADAR/LAMA3/GPC3/IQSEC2/KRT6A/SERPING1/LAMC2/GPC4/LAMB3/KRT17/ECM1/KRT5","THRA/FBN1/ITGA7/PPP3CA/SAMHD1/C1R/GTF2IRD2/SDHC/LIMK1/SUZ12/ELN/KRT14/GTF2IRD1/TPM2/MYH14/KRT16/STX1A/LEMD3/BUD23/MFN2/AGA/EIF4H/SLC26A2/SDHD/MYL2/SHOC2/MID1/KRT6B/ADAR/LAMA3/GPC3/IQSEC2/KRT6A/SERPING1/LAMC2/GPC4/LAMB3/KRT17/ECM1/KRT5"
"GSE282081","Main_DE","3D_organoid","HPO","338","HP_INHERITANCE_QUALIFIER","HP_INHERITANCE_QUALIFIER","-1.261470140056899","0.03629452577782456973","0.59671207025849449","0.57744051468404234","78","336","0.2321428571428572","0.00000000000000000","4","3","0.03846153846153846","0.011904761904761904","0.010958904109589041","0.0403619143318848447","0.27712609970674484","Exclude","HP_SYRINGOMYELIA","HP_SYRINGOMYELIA",FALSE,"ATXN1/MLLT10/IGF2R/OPA1/PPP2R1B/AKT1/DICER1/PTPRJ/PDGFRL/GNB1/AXIN2/CASP8/SMAD4/EGFR/ZFHX3/DLST/CTNNB1/IL6ST/CBL/GLI2/PRRT2/RANBP2/GREB1L/ASXL1/GNAS/KIF5A/GJA5/OPCML/PLAG1/MFN2/NF1/CASP10/EXT1/IGF2/ERBB2/NLRP12/BARD1/ACVR1B/RP1L1/GJC2/ETV6/ATXN10/CHRNA4/HNRNPDL/KLF13/GNAI2/FLCN/INAVA/LPP/BRIP1/NF2/KANK1/VWF/GPR161/FGFR3/SRC/BMPR2/RBM12/SRGAP1/GPC3/RPS29/MAD1L1/CAV1/NTN1/VMA21/JAG1/GPC4/TGFBR2/DSTYK/NRAS/FGFR1/COL4A1/PRKCG/SCN1B/TGFBR1/SMO/CDH1/LZTS1","ATXN1/MLLT10/IGF2R/OPA1/PPP2R1B/AKT1/DICER1/PTPRJ/PDGFRL/GNB1/AXIN2/CASP8/SMAD4/EGFR/ZFHX3/DLST/CTNNB1/IL6ST/CBL/GLI2/PRRT2/RANBP2/GREB1L/ASXL1/GNAS/KIF5A/GJA5/OPCML/PLAG1/MFN2/NF1/CASP10/EXT1/IGF2/ERBB2/NLRP12/BARD1/ACVR1B/RP1L1/GJC2/ETV6/ATXN10/CHRNA4/HNRNPDL/KLF13/GNAI2/FLCN/INAVA/LPP/BRIP1/NF2/KANK1/VWF/GPR161/FGFR3/SRC/BMPR2/RBM12/SRGAP1/GPC3/RPS29/MAD1L1/CAV1/NTN1/VMA21/JAG1/GPC4/TGFBR2/DSTYK/NRAS/FGFR1/COL4A1/PRKCG/SCN1B/TGFBR1/SMO/CDH1/LZTS1"
"GSE282081","Main_DE","3D_organoid","HPO","339","HP_OVARIAN_CYST","HP_OVARIAN_CYST","1.340962095548555","0.03643583146419894503","0.59726818715797503","0.57797867109928203","29","119","0.2436974789915966","0.00000000000000000","4","3","0.10344827586206896","0.033613445378151259","0.031746031746031744","0.0444052458010583614","0.19696969696969710","Exclude","HP_TERATOMA","HP_TERATOMA",FALSE,"PPARG/MSH3/TBL2/FOXL2/POR/GTF2I/PDE11A/LMNB2/SOX9/AGPAT2/IFT172/STK11/LIPE/SCLT1/TRPV6/STOX1/BBS7/BAZ1B/SCAPER/BBS9/CEP290/IFT74/SEC23B/DHX37/OFD1/CEP19/MKS1/LMNA/CORIN","PPARG/MSH3/TBL2/FOXL2/POR/GTF2I/PDE11A/LMNB2/SOX9/AGPAT2/IFT172/STK11/LIPE/SCLT1/TRPV6/STOX1/BBS7/BAZ1B/SCAPER/BBS9/CEP290/IFT74/SEC23B/DHX37/OFD1/CEP19/MKS1/LMNA/CORIN"
"GSE282081","Main_DE","3D_organoid","HPO","341","HP_INCREASED_SUSCEPTIBILITY_TO_FRACTURES","HP_INCREASED_SUSCEPTIBILITY_TO_FRACTURES","-1.303435387898311","0.03681638134500558879","0.59996666021758360","0.58058999362829744","46","234","0.1965811965811966","0.00000000000000000","26","9","0.19565217391304349","0.111111111111111105","0.086666666666666670","0.0436121395614033000","0.54609416705314484","Exclude","HP_SUBCUTANEOUS_NODULE","HP_SUBCUTANEOUS_NODULE",FALSE,"CTNNB1/SGMS2/IL6ST/CBL/PANK2/LBR/ASXL1/KDELR2/GNAS/MMP2/LPIN2/AGA/VCP/CLCN5/SCARB2/SERPINF1/FZD4/NOTCH2/FN1/ATL3/CRTAP/DUSP6/ACVR1/SMPD1/IER3IP1/COL2A1/IL17RD/TREM2/GBA1/NTRK1/RUNX2/SPARC/FBLN5/CREB3L1/NRAS/FGFR1/DKK1/MMP14/PDGFRB/SLC7A7/ALPL/COL1A1/LTBP1/RRM2B/SEMA5A/EFEMP2","CTNNB1/SGMS2/IL6ST/CBL/PANK2/LBR/ASXL1/KDELR2/GNAS/MMP2/LPIN2/AGA/VCP/CLCN5/SCARB2/SERPINF1/FZD4/NOTCH2/FN1/ATL3/CRTAP/DUSP6/ACVR1/SMPD1/IER3IP1/COL2A1/IL17RD/TREM2/GBA1/NTRK1/RUNX2/SPARC/FBLN5/CREB3L1/NRAS/FGFR1/DKK1/MMP14/PDGFRB/SLC7A7/ALPL/COL1A1/LTBP1/RRM2B/SEMA5A/EFEMP2"
"GSE282081","Main_DE","3D_organoid","HPO","344","HP_AGENESIS_OF_INCISOR","HP_AGENESIS_OF_INCISOR","-1.536705490622103","0.03739389320924096927","0.60184061905134689","0.58240343063988032","13","36","0.3611111111111111","0.00000000000000000","15","9","0.69230769230769229","0.416666666666666685","0.357142857142857151","0.0148197070819428740","0.09365325077399385","Exclude","HP_UNILATERAL_CLEFT_PALATE","HP_UNILATERAL_CLEFT_PALATE",FALSE,"IRF6/RIC1/SUMO1/LRP6/ADAMTS15/GLI2/BMP4/MSX1/ARHGAP29/FGFR1/CDH11/DLG1/CDH1","IRF6/RIC1/SUMO1/LRP6/ADAMTS15/GLI2/BMP4/MSX1/ARHGAP29/FGFR1/CDH11/DLG1/CDH1"
"GSE282081","Main_DE","3D_organoid","HPO","346","HP_CARDIAC_CONDUCTION_ABNORMALITY","HP_CARDIAC_CONDUCTION_ABNORMALITY","-1.331098177470896","0.03760183105419955679","0.60184061905134689","0.58240343063988032","24","170","0.1411764705882353","0.00000000000000000","4","3","0.12500000000000000","0.023529411764705882","0.021505376344086023","0.0091149807192834314","0.15314757481940147","Exclude","HP_PSYCHOMOTOR_DETERIORATION","HP_PSYCHOMOTOR_DETERIORATION",FALSE,"RHOBTB2/SDHD/MYL2/KCNE3/ATP6V1E1/GNAI2/VEZF1/PKP2/SCNN1A/KCND3/RNASEH1/GPC3/LRP1/GPC4/LAMP2/TNNC1/MMP14/PPP1CB/PRKAG2/SLC1A3/SCN1B/JUP/RRM2B/FLNC","RHOBTB2/SDHD/MYL2/KCNE3/ATP6V1E1/GNAI2/VEZF1/PKP2/SCNN1A/KCND3/RNASEH1/GPC3/LRP1/GPC4/LAMP2/TNNC1/MMP14/PPP1CB/PRKAG2/SLC1A3/SCN1B/JUP/RRM2B/FLNC"
"GSE282081","Main_DE","3D_organoid","HPO","349","HP_EPIDERMOID_CYST","HP_EPIDERMOID_CYST","-1.517604246146247","0.03801060120658181218","0.60522897107442730","0.58568235163655236","9","21","0.4285714285714285","0.00000000000000000","4","4","0.44444444444444442","0.190476190476190466","0.117647058823529410","0.0210526315789473610","0.05294117647058822","Exclude","HP_PALMAR_HYPERHIDROSIS","HP_PALMAR_HYPERHIDROSIS",FALSE,"KRT16/CDH3/POFUT1/KRT6B/FLCN/KRT6A/KRT17/CDH1/KRT5","KRT16/CDH3/POFUT1/KRT6B/FLCN/KRT6A/KRT17/CDH1/KRT5"
"GSE282081","Main_DE","3D_organoid","HPO","356","HP_ABNORMAL_CIRCULATING_NITROGEN_COMPOUND_CONCENTRATION","HP_ABNORMAL_CIRCULATING_NITROGEN_COMPOUND_CONCENTRATION","1.307661673563788","0.03904083926408624672","0.60940995446777335","0.58972830499139783","44","196","0.2244897959183673","0.00000000000000000","4","3","0.06818181818181818","0.020408163265306121","0.013840830449826990","0.0360383913933403841","0.08641813186178871","Exclude","HP_APLASIA_HYPOPLASIA_OF_THE_OVARY","HP_APLASIA_HYPOPLASIA_OF_THE_OVARY",FALSE,"PPARG/BTD/CPT1A/PKD1/DNAJB11/ATP5F1D/MRPS22/PNP/SPR/GPHN/GLUL/NFE2L2/SLC25A20/STOX1/INVS/ZPR1/EEFSEC/PCCA/ACADVL/FBXL4/CARS2/MYC/DBH/HADH/MOCOS/BICC1/ELP1/CCND1/PIGA/ALG5/MRM2/MMAB/LMNA/ALG9/TMEM260/CORIN/CPT2/NDUFAF6/SLC2A9/IFT56/ACADM/NBAS/MOCS2/FAN1","PPARG/BTD/CPT1A/PKD1/DNAJB11/ATP5F1D/MRPS22/PNP/SPR/GPHN/GLUL/NFE2L2/SLC25A20/STOX1/INVS/ZPR1/EEFSEC/PCCA/ACADVL/FBXL4/CARS2/MYC/DBH/HADH/MOCOS/BICC1/ELP1/CCND1/PIGA/ALG5/MRM2/MMAB/LMNA/ALG9/TMEM260/CORIN/CPT2/NDUFAF6/SLC2A9/IFT56/ACADM/NBAS/MOCS2/FAN1"
"GSE282081","Main_DE","3D_organoid","HPO","358","HP_ALOPECIA","HP_ALOPECIA","-1.300996830968844","0.03943978127465359862","0.60948185993388992","0.58979788818140277","55","269","0.2044609665427509","0.00000000000000000","18","8","0.14545454545454545","0.066914498141263934","0.052478134110787174","0.0151176494837646693","0.21074709835722774","Exclude","HP_SUBCUTANEOUS_NODULE","HP_SUBCUTANEOUS_NODULE",FALSE,"KRT16/PRKACA/GNAS/LSS/SASH1/APCDD1/ALX4/KLHL24/TGM1/COL17A1/RBPJ/NXN/PTPN22/TRPV3/UROD/DOCK6/PSMB10/HEPHL1/EOGT/KRT6B/CD28/LAMA3/MECP2/MPLKIP/WNT5A/PIK3R1/H6PD/ACVR1/EPS8L3/FOXN1/KRT83/PKP1/IL10/ZMPSTE24/PORCN/KRT86/PADI3/ROR2/LRP1/ERCC2/KRT6A/RAG1/LAMC2/LAMB3/NRAS/SULT2B1/FGFR1/NECTIN4/ARHGAP31/KRT17/FZD2/ECM1/JUP/KRT5/KRT81","KRT16/PRKACA/GNAS/LSS/SASH1/APCDD1/ALX4/KLHL24/TGM1/COL17A1/RBPJ/NXN/PTPN22/TRPV3/UROD/DOCK6/PSMB10/HEPHL1/EOGT/KRT6B/CD28/LAMA3/MECP2/MPLKIP/WNT5A/PIK3R1/H6PD/ACVR1/EPS8L3/FOXN1/KRT83/PKP1/IL10/ZMPSTE24/PORCN/KRT86/PADI3/ROR2/LRP1/ERCC2/KRT6A/RAG1/LAMC2/LAMB3/NRAS/SULT2B1/FGFR1/NECTIN4/ARHGAP31/KRT17/FZD2/ECM1/JUP/KRT5/KRT81"
"GSE282081","Main_DE","3D_organoid","HPO","359","HP_RENAL_FANCONI_SYNDROME","HP_RENAL_FANCONI_SYNDROME","-1.547615522732468","0.03945100293651544049","0.60948185993388992","0.58979788818140277","3","17","0.1764705882352941","0.00000000000000000","6","3","1.00000000000000000","0.352941176470588258","0.014851485148514851","0.0294117647058823629","0.06206812066713571","Exclude","HP_GLUCOSE_INTOLERANCE","HP_GLUCOSE_INTOLERANCE",FALSE,"CLCNKB/RRM2B/HNF4A","CLCNKB/RRM2B/HNF4A"
"GSE282081","Main_DE","3D_organoid","HPO","360","HP_MEMORY_IMPAIRMENT","HP_MEMORY_IMPAIRMENT","-1.353980673255912","0.03948415864246902079","0.60948185993388992","0.58979788818140277","34","162","0.2098765432098765","0.00000000000000000","23","10","0.29411764705882354","0.141975308641975301","0.141104294478527598","0.0073024227847094435","1.00000000000000000","Exclude","HP_ABNORMAL_BRAIN_FDG_POSITRON_EMISSION_TOMOGRAPHY","HP_ABNORMAL_BRAIN_FDG_POSITRON_EMISSION_TOMOGRAPHY",FALSE,"MAPT/BMPR1A/CYLD/TUBG1/NAA60/POLE/KLRC4/FICD/GNAS/HMBS/CSF1R/NF1/VCP/GRN/NIPA1/CHMP2B/PRNP/NF2/IL10/REEP2/RNASEH1/TREM2/PSAP/TMEM106B/APOE/TGFBR2/NOTCH3/PRKCG/GSN/PDGFRB/ECM1/SMO/CCR1/RRM2B","MAPT/BMPR1A/CYLD/TUBG1/NAA60/POLE/KLRC4/FICD/GNAS/HMBS/CSF1R/NF1/VCP/GRN/NIPA1/CHMP2B/PRNP/NF2/IL10/REEP2/RNASEH1/TREM2/PSAP/TMEM106B/APOE/TGFBR2/NOTCH3/PRKCG/GSN/PDGFRB/ECM1/SMO/CCR1/RRM2B"
"GSE282081","Main_DE","3D_organoid","HPO","361","HP_CURLY_HAIR","HP_CURLY_HAIR","-1.516984773153781","0.03999514409242627827","0.61565932332856743","0.59577584274250139","8","36","0.2222222222222222","0.00000000000000000","2","2","0.25000000000000000","0.055555555555555552","0.024096385542168676","0.0444444444444444184","0.05612244897959184","Exclude","HP_ABNORMAL_INTERVERTEBRAL_DISK_MORPHOLOGY","HP_ABNORMAL_INTERVERTEBRAL_DISK_MORPHOLOGY",FALSE,"SHOC2/RIT1/AFF4/GAN/HNRNPH2/NRAS/PPP1CB/JUP","SHOC2/RIT1/AFF4/GAN/HNRNPH2/NRAS/PPP1CB/JUP"
"GSE282081","Main_DE","3D_organoid","HPO","362","HP_MILD_GLOBAL_DEVELOPMENTAL_DELAY","HP_MILD_GLOBAL_DEVELOPMENTAL_DELAY","1.385929603321886","0.04011017123836984472","0.61572436898237892","0.59583878766633813","31","92","0.3369565217391304","0.00000000000000000","16","10","0.32258064516129031","0.173913043478260865","0.160000000000000003","0.0096669746136885323","0.85806374418569864","Exclude","HP_ABSENT_EARLOBE","HP_ABSENT_EARLOBE",FALSE,"TPP2/CDC6/CPAP/TBX2/PCNT/PLK4/POLRMT/SOX9/NARS2/NFE2L2/RBBP8/ZRSR2/TOP3A/LRP5/CEP152/TSPAN12/MCM4/PLCB4/TCF12/CEP63/EYA1/ABCA2/CENPE/SF3B2/CEP295/ZNF408/DBR1/EIF4A2/TRAIP/ATR/IARS1","TPP2/CDC6/CPAP/TBX2/PCNT/PLK4/POLRMT/SOX9/NARS2/NFE2L2/RBBP8/ZRSR2/TOP3A/LRP5/CEP152/TSPAN12/MCM4/PLCB4/TCF12/CEP63/EYA1/ABCA2/CENPE/SF3B2/CEP295/ZNF408/DBR1/EIF4A2/TRAIP/ATR/IARS1"
"GSE282081","Main_DE","3D_organoid","HPO","364","HP_CUTANEOUS_CYST","HP_CUTANEOUS_CYST","-1.483257659271436","0.04083489350807287255","0.62153436494728553","0.60146114261356520","10","27","0.3703703703703703","0.00000000000000000","4","4","0.40000000000000002","0.148148148148148140","0.100000000000000006","0.0119658119658119597","0.05294117647058822","Exclude","HP_PALMAR_HYPERHIDROSIS","HP_PALMAR_HYPERHIDROSIS",FALSE,"MSX2/KRT16/CDH3/POFUT1/KRT6B/FLCN/KRT6A/KRT17/CDH1/KRT5","MSX2/KRT16/CDH3/POFUT1/KRT6B/FLCN/KRT6A/KRT17/CDH1/KRT5"
"GSE282081","Main_DE","3D_organoid","HPO","366","HP_WORMIAN_BONES","HP_WORMIAN_BONES","-1.446428601311907","0.04104129474273118805","0.62153436494728553","0.60146114261356520","20","63","0.3174603174603174","0.00000000000000000","3","3","0.14999999999999999","0.047619047619047616","0.032258064516129031","0.0287074110447986634","0.10263929618768328","Exclude","HP_SYRINGOMYELIA","HP_SYRINGOMYELIA",FALSE,"PRKG2/ELN/BMP1/CCDC134/MSX2/KDELR2/PAM16/SH3PXD2B/NOTCH2/CRTAP/ZMPSTE24/AFF4/RUNX2/FBLN5/CREB3L1/NOTCH3/PDGFRB/SMO/HPGD/COL1A1","PRKG2/ELN/BMP1/CCDC134/MSX2/KDELR2/PAM16/SH3PXD2B/NOTCH2/CRTAP/ZMPSTE24/AFF4/RUNX2/FBLN5/CREB3L1/NOTCH3/PDGFRB/SMO/HPGD/COL1A1"
"GSE282081","Main_DE","3D_organoid","HPO","368","HP_CONICAL_INCISOR","HP_CONICAL_INCISOR","-1.446864797670469","0.04130069077242352893","0.62315744336229206","0.60303180170033022","14","40","0.3500000000000000","0.00000000000000000","14","8","0.57142857142857140","0.349999999999999978","0.297872340425531901","0.0361535776504937345","0.22136222910216710","Exclude","HP_UNILATERAL_CLEFT_PALATE","HP_UNILATERAL_CLEFT_PALATE",FALSE,"IRF6/RIC1/NAA80/SUMO1/LRP6/EVC2/PRKACA/BMP4/MSX1/ARHGAP29/CCBE1/FGFR1/DLG1/CDH1","IRF6/RIC1/NAA80/SUMO1/LRP6/EVC2/PRKACA/BMP4/MSX1/ARHGAP29/CCBE1/FGFR1/DLG1/CDH1"
"GSE282081","Main_DE","3D_organoid","HPO","372","HP_HYPEREXTENSIBLE_SKIN","HP_HYPEREXTENSIBLE_SKIN","-1.429783400467923","0.04196190948845390789","0.62683422319176985","0.60658983537005939","15","71","0.2112676056338028","0.00000000000000000","4","3","0.20000000000000001","0.056338028169014086","0.050632911392405063","0.0276286877273873160","0.27272727272727282","Exclude","HP_DERMATOCHALASIS","HP_DERMATOCHALASIS",FALSE,"SLC2A10/SLC26A2/SHOC2/DSE/ABCC6/RIT1/GBA1/FBLN5/COL5A1/PDGFRB/SLC7A7/WLS/C1S/TGFB2/COL1A1","SLC2A10/SLC26A2/SHOC2/DSE/ABCC6/RIT1/GBA1/FBLN5/COL5A1/PDGFRB/SLC7A7/WLS/C1S/TGFB2/COL1A1"
"GSE282081","Main_DE","3D_organoid","HPO","374","HP_LATE_ONSET","HP_LATE_ONSET","-1.342699039101150","0.04220661617240922814","0.62711809109646532","0.60686453540908936","19","142","0.1338028169014084","0.00000000000000000","5","3","0.15789473684210525","0.035211267605633804","0.022727272727272728","0.0173159160742478203","0.10010364947836360","Exclude","HP_PNEUMOTHORAX","HP_PNEUMOTHORAX",FALSE,"TPM1/KCND3/TCF7L2/TREM2/HNF1A/GBA1/NAGLU/PTPN1/THSD4/CAV1/FBLN5/HAVCR2/APOE/IRS1/TNNC1/PDGFRB/HMCN1/FLNC/HNF4A","TPM1/KCND3/TCF7L2/TREM2/HNF1A/GBA1/NAGLU/PTPN1/THSD4/CAV1/FBLN5/HAVCR2/APOE/IRS1/TNNC1/PDGFRB/HMCN1/FLNC/HNF4A"
"GSE282081","Main_DE","3D_organoid","HPO","375","HP_ABNORMAL_ENERGY_EXPENDITURE","HP_ABNORMAL_ENERGY_EXPENDITURE","1.537028356751672","0.04249676988240149583","0.62974546729734704","0.60940705724051214","3","12","0.2500000000000000","0.00000000000000000","2","2","0.66666666666666663","0.166666666666666657","0.006191950464396285","0.0454545454545454558","0.05234701400835589","Exclude","HP_ABNORMAL_FEMUR_MORPHOLOGY","HP_ABNORMAL_FEMUR_MORPHOLOGY",FALSE,"PPARG/NGLY1/ENPP1","PPARG/NGLY1/ENPP1"
"GSE282081","Main_DE","3D_organoid","HPO","376","HP_EXPRESSIVE_APHASIA","HP_EXPRESSIVE_APHASIA","-1.547937038739694","0.04274058409751801263","0.63167400486677538","0.61127331029987442","6","13","0.4615384615384616","0.00000000000000000","6","5","0.83333333333333337","0.461538461538461564","0.375000000000000000","0.0250582750582750632","0.22619047619047639","Exclude","HP_ANOMIC_APHASIA","HP_ANOMIC_APHASIA",FALSE,"MAPT/VCP/GRN/CHMP2B/TREM2/TMEM106B","MAPT/VCP/GRN/CHMP2B/TREM2/TMEM106B"
"GSE282081","Main_DE","3D_organoid","HPO","377","HP_AGENESIS_OF_LATERAL_INCISOR","HP_AGENESIS_OF_LATERAL_INCISOR","-1.517478067951292","0.04305285362619811623","0.63199436685027721","0.61158332579622321","10","29","0.3448275862068966","0.00000000000000000","14","8","0.80000000000000004","0.482758620689655193","0.388888888888888895","0.0172913543228385425","0.22136222910216710","Exclude","HP_UNILATERAL_CLEFT_PALATE","HP_UNILATERAL_CLEFT_PALATE",FALSE,"IRF6/RIC1/SUMO1/LRP6/BMP4/MSX1/ARHGAP29/FGFR1/DLG1/CDH1","IRF6/RIC1/SUMO1/LRP6/BMP4/MSX1/ARHGAP29/FGFR1/DLG1/CDH1"
"GSE282081","Main_DE","3D_organoid","HPO","382","HP_ABNORMALITY_OF_HUMORAL_IMMUNITY","HP_ABNORMALITY_OF_HUMORAL_IMMUNITY","-1.268010024991121","0.04381047591476933123","0.63639283756831999","0.61583974245316964","47","361","0.1301939058171745","0.00000000000000000","23","7","0.14893617021276595","0.063711911357340723","0.043893129770992363","0.0193676396978687583","0.35195300348719005","Exclude","HP_BRUISING_SUSCEPTIBILITY","HP_BRUISING_SUSCEPTIBILITY",FALSE,"CAVIN1/GPR35/JAK3/PSMB10/RAC2/TOM1/STIM1/CD28/TNFRSF13C/PSMB4/MECP2/MPLKIP/PIK3R1/TNFRSF9/SKIC2/IL10/KLHDC8B/CORO1A/CD70/CCBE1/PLCG1/GPC3/GBA1/ARPC5/NTRK1/IQSEC2/ERCC2/CD81/RAG1/SERPING1/ITCH/GPC4/NRAS/UNC13D/MALT1/SLC7A7/FNIP1/STING1/PIK3CD/LCK/STAT6/C1S/KRT5/COL1A1/TCN2/MUC5B/IL2RB","CAVIN1/GPR35/JAK3/PSMB10/RAC2/TOM1/STIM1/CD28/TNFRSF13C/PSMB4/MECP2/MPLKIP/PIK3R1/TNFRSF9/SKIC2/IL10/KLHDC8B/CORO1A/CD70/CCBE1/PLCG1/GPC3/GBA1/ARPC5/NTRK1/IQSEC2/ERCC2/CD81/RAG1/SERPING1/ITCH/GPC4/NRAS/UNC13D/MALT1/SLC7A7/FNIP1/STING1/PIK3CD/LCK/STAT6/C1S/KRT5/COL1A1/TCN2/MUC5B/IL2RB"
"GSE282081","Main_DE","3D_organoid","HPO","383","HP_BLADDER_DIVERTICULUM","HP_BLADDER_DIVERTICULUM","-1.463151695282296","0.04397603916254002460","0.63639283756831999","0.61583974245316964","13","36","0.3611111111111111","0.00000000000000000","5","4","0.30769230769230771","0.138888888888888895","0.121951219512195119","0.0470354808590102702","0.10317460317460310","Exclude","HP_FRAGMENTED_ELASTIC_FIBERS_IN_THE_DERMIS","HP_FRAGMENTED_ELASTIC_FIBERS_IN_THE_DERMIS",FALSE,"GTF2IRD2/LIMK1/ELN/GTF2IRD1/FKBP14/STX1A/BUD23/EIF4H/FBLN5/COL5A1/COL1A1/LTBP1/EFEMP2","GTF2IRD2/LIMK1/ELN/GTF2IRD1/FKBP14/STX1A/BUD23/EIF4H/FBLN5/COL5A1/COL1A1/LTBP1/EFEMP2"
"GSE282081","Main_DE","3D_organoid","HPO","386","HP_ABNORMAL_ATRIOVENTRICULAR_VALVE_MORPHOLOGY","HP_ABNORMAL_ATRIOVENTRICULAR_VALVE_MORPHOLOGY","-1.321678637358073","0.04461184924412348735","0.64224882448081400","0.62150660301335359","28","189","0.1481481481481481","0.00000000000000000","19","6","0.21428571428571427","0.100529100529100524","0.075098814229249009","0.0417878741862934763","0.33078922126465415","Exclude","HP_PNEUMOTHORAX","HP_PNEUMOTHORAX",FALSE,"TRIM33/ATP6V1E1/DSE/HEXB/ABCC6/VPS35L/SLC6A6/TPM1/VWF/ZMPSTE24/COL2A1/RYR1/GBA1/GALE/JPH2/ROR2/HNRNPH2/TGFBR2/FGFR1/MYRF/PLXND1/MMP14/COL5A1/TGFBR1/SMAD3/BGN/TGFB2/COL1A1","TRIM33/ATP6V1E1/DSE/HEXB/ABCC6/VPS35L/SLC6A6/TPM1/VWF/ZMPSTE24/COL2A1/RYR1/GBA1/GALE/JPH2/ROR2/HNRNPH2/TGFBR2/FGFR1/MYRF/PLXND1/MMP14/COL5A1/TGFBR1/SMAD3/BGN/TGFB2/COL1A1"
"GSE282081","Main_DE","3D_organoid","HPO","390","HP_ABNORMAL_KNEE_PHYSIOLOGY","HP_ABNORMAL_KNEE_PHYSIOLOGY","-1.330250841646893","0.04630005539560635985","0.65489659878437423","0.63374590177647672","15","93","0.1612903225806452","0.00000000000000000","3","3","0.20000000000000001","0.032258064516129031","0.029411764705882353","0.0035063113604488112","0.09090909090909094","Exclude","HP_DERMATOCHALASIS","HP_DERMATOCHALASIS",FALSE,"GTPBP2/ECEL1/TNFRSF1A/FGFR3/COL2A1/RYR1/BPNT2/FBLN5/NRAS/COL5A1/SCN1B/PDGFRB/PCDH19/COL1A1/FLNC","GTPBP2/ECEL1/TNFRSF1A/FGFR3/COL2A1/RYR1/BPNT2/FBLN5/NRAS/COL5A1/SCN1B/PDGFRB/PCDH19/COL1A1/FLNC"
"GSE282081","Main_DE","3D_organoid","HPO","391","HP_SHORT_PALPEBRAL_FISSURE","HP_SHORT_PALPEBRAL_FISSURE","1.342699384218329","0.04664059142838127697","0.65489659878437423","0.63374590177647672","18","125","0.1440000000000000","0.00000000000000000","15","5","0.27777777777777779","0.119999999999999996","0.042857142857142858","0.0418347509397248643","0.36756991361575736","Exclude","HP_ABNORMALITY_OF_THE_OVARY","HP_ABNORMALITY_OF_THE_OVARY",FALSE,"ALDH1A3/AUTS2/RBM10/KIF15/KAT6B/FANCC/POLA1/BRCA1/STT3A/FAT4/RAD51C/SOX9/MAFB/CDK13/UBE3B/RAD51/SETBP1/PRKAR1B","ALDH1A3/AUTS2/RBM10/KIF15/KAT6B/FANCC/POLA1/BRCA1/STT3A/FAT4/RAD51C/SOX9/MAFB/CDK13/UBE3B/RAD51/SETBP1/PRKAR1B"
"GSE282081","Main_DE","3D_organoid","HPO","398","HP_INAPPROPRIATE_BEHAVIOR","HP_INAPPROPRIATE_BEHAVIOR","-1.529969107471252","0.04752743254570290787","0.65489659878437423","0.63374590177647672","7","14","0.5000000000000000","0.00000000000000000","7","6","0.85714285714285710","0.500000000000000000","0.388888888888888895","0.0145687645687645785","0.27878787878787870","Exclude","HP_SENILE_PLAQUES","HP_SENILE_PLAQUES",FALSE,"MAPT/VCP/GRN/CHMP2B/TREM2/TMEM106B/GM2A","MAPT/VCP/GRN/CHMP2B/TREM2/TMEM106B/GM2A"
"GSE282081","Main_DE","3D_organoid","HPO","401","HP_ABNORMAL_LOWER_MOTOR_NEURON_MORPHOLOGY","HP_ABNORMAL_LOWER_MOTOR_NEURON_MORPHOLOGY","-1.512700444328053","0.04761872693421971559","0.65489659878437423","0.63374590177647672","13","26","0.5000000000000000","0.00000000000000000","7","6","0.46153846153846156","0.269230769230769218","0.233333333333333337","0.0365217391304348826","0.27878787878787870","Exclude","HP_SENILE_PLAQUES","HP_SENILE_PLAQUES",FALSE,"C9orf72/TBK1/VPS41/MATR3/SETX/MAPT/VCP/GRN/CHMP2B/ALS2/C19orf12/TREM2/TMEM106B","C9orf72/TBK1/VPS41/MATR3/SETX/MAPT/VCP/GRN/CHMP2B/ALS2/C19orf12/TREM2/TMEM106B"
"GSE282081","Main_DE","3D_organoid","HPO","402","HP_ERYTHEMA","HP_ERYTHEMA","-1.359817393885564","0.04761904761904762334","0.65489659878437423","0.63374590177647672","18","135","0.1333333333333333","0.00000000000000000","3","2","0.11111111111111110","0.022222222222222223","0.021739130434782608","0.0466763924737216285","0.80000000000000004","Exclude","HP_ABNORMAL_PERIFOLLICULAR_MORPHOLOGY","HP_ABNORMAL_PERIFOLLICULAR_MORPHOLOGY",FALSE,"DDR2/NAXD/CD28/TNFRSF1A/KRT83/PORCN/PIGL/ITGA3/CTSB/LRP1/ERCC2/SERPING1/KCNQ2/SULT2B1/STING1/HPGD/KRT5/COL1A1","DDR2/NAXD/CD28/TNFRSF1A/KRT83/PORCN/PIGL/ITGA3/CTSB/LRP1/ERCC2/SERPING1/KCNQ2/SULT2B1/STING1/HPGD/KRT5/COL1A1"
"GSE282081","Main_DE","3D_organoid","HPO","405","HP_HYPOGLYCEMIC_SEIZURES","HP_HYPOGLYCEMIC_SEIZURES","-1.506941457564681","0.04780474501507468027","0.65489659878437423","0.63374590177647672","7","28","0.2500000000000000","0.00000000000000000","4","3","0.42857142857142855","0.142857142857142849","0.015151515151515152","0.0376068376068376120","0.05910703882209629","Exclude","HP_ABNORMALITY_OF_THE_OVARY","HP_ABNORMALITY_OF_THE_OVARY",FALSE,"AKT2/INSR/SLC25A36/STAR/HNF1A/SLC16A1/UCP2","AKT2/INSR/SLC25A36/STAR/HNF1A/SLC16A1/UCP2"
"GSE282081","Main_DE","3D_organoid","HPO","406","HP_LOSS_OF_SPEECH","HP_LOSS_OF_SPEECH","-1.414518289281606","0.04789272030651341161","0.65489659878437423","0.63374590177647672","15","46","0.3260869565217391","0.00000000000000000","3","3","0.20000000000000001","0.065217391304347824","0.053571428571428568","0.0299736495388669352","0.06993006993006994","Exclude","HP_CHERRY_RED_SPOT_OF_THE_MACULA","HP_CHERRY_RED_SPOT_OF_THE_MACULA",FALSE,"VCP/GRN/CHMP2B/GALC/PRNP/ALS2/NAXD/ADAR/MECP2/CLN8/TREM2/PSAP/NPC2/TMEM106B/GM2A","VCP/GRN/CHMP2B/GALC/PRNP/ALS2/NAXD/ADAR/MECP2/CLN8/TREM2/PSAP/NPC2/TMEM106B/GM2A"
"GSE282081","Main_DE","3D_organoid","HPO","408","HP_VENTRICULAR_HYPERTROPHY","HP_VENTRICULAR_HYPERTROPHY","-1.312227608527464","0.04816955684007707267","0.65553542274190058","0.63436409412285688","25","175","0.1428571428571428","0.00000000000000000","2","2","0.08000000000000000","0.011428571428571429","0.010362694300518135","0.0197044334975369530","0.14736842105263154","Exclude","HP_PSYCHOMOTOR_DETERIORATION","HP_PSYCHOMOTOR_DETERIORATION",FALSE,"SDHD/MYL2/NAXD/ATP6V1E1/MYL3/ABCC6/RIT1/ZMPSTE24/BMPR2/RYR1/GPC3/GBA1/JPH2/GPC4/SLC25A24/MYRF/PLXND1/TNNC1/ZNF462/PRKAG2/GYS1/ATP13A3/SMAD3/RRM2B/FLNC","SDHD/MYL2/NAXD/ATP6V1E1/MYL3/ABCC6/RIT1/ZMPSTE24/BMPR2/RYR1/GPC3/GBA1/JPH2/GPC4/SLC25A24/MYRF/PLXND1/TNNC1/ZNF462/PRKAG2/GYS1/ATP13A3/SMAD3/RRM2B/FLNC"
"GSE282081","Main_DE","3D_organoid","HPO","414","HP_FIBROUS_TISSUE_NEOPLASM","HP_FIBROUS_TISSUE_NEOPLASM","-1.374302235318033","0.04896421845574388393","0.65553542274190058","0.63436409412285688","23","76","0.3026315789473684","0.00000000000000000","3","3","0.13043478260869565","0.039473684210526314","0.028301886792452831","0.0251920341394025644","0.10263929618768328","Exclude","HP_SYRINGOMYELIA","HP_SYRINGOMYELIA",FALSE,"AKT1/SDHC/PLCD1/CTNNB1/IL6ST/RSPRY1/NF1/CASP10/SPRED1/USF3/PRKAR1A/SDHD/FLCN/NF2/LRP1/ATP6V1B2/TGFBR2/NRAS/NOTCH3/KRT17/PDGFRB/REST/SMO","AKT1/SDHC/PLCD1/CTNNB1/IL6ST/RSPRY1/NF1/CASP10/SPRED1/USF3/PRKAR1A/SDHD/FLCN/NF2/LRP1/ATP6V1B2/TGFBR2/NRAS/NOTCH3/KRT17/PDGFRB/REST/SMO"
"GSE282081","Main_DE","3D_organoid","HPO","417","HP_ABNORMAL_PERIUNGUAL_MORPHOLOGY","HP_ABNORMAL_PERIUNGUAL_MORPHOLOGY","-1.453814181564555","0.04930966469428007398","0.65553542274190058","0.63436409412285688","8","29","0.2758620689655172","0.00000000000000000","6","4","0.50000000000000000","0.206896551724137928","0.149999999999999994","0.0334806955496610784","0.37330316742081449","Exclude","HP_PALMAR_HYPERHIDROSIS","HP_PALMAR_HYPERHIDROSIS",FALSE,"PTPN22/KRT6B/LAMA3/KRT6A/LAMC2/LAMB3/KRT17/STING1","PTPN22/KRT6B/LAMA3/KRT6A/LAMC2/LAMB3/KRT17/STING1"
"GSE282081","Main_DE","3D_organoid","HPO","418","HP_PULMONIC_REGURGITATION","HP_PULMONIC_REGURGITATION","-1.448230763851672","0.04930966469428007398","0.65553542274190058","0.63436409412285688","3","28","0.1071428571428571","0.00000000000000000","4","2","0.66666666666666663","0.142857142857142849","0.019047619047619049","0.0451770451770451484","0.26513785070104501","Exclude","HP_BRUISING_SUSCEPTIBILITY","HP_BRUISING_SUSCEPTIBILITY",FALSE,"COL1A1/MUC5B/EFEMP2","COL1A1/MUC5B/EFEMP2"
"GSE282081","Main_DE","3D_organoid","HPO","419","HP_THORACIC_AORTIC_ANEURYSM","HP_THORACIC_AORTIC_ANEURYSM","-1.338023754344110","0.04984388227885772071","0.65586346898309889","0.63468154570427970","15","125","0.1200000000000000","0.00000000000000000","28","8","0.53333333333333333","0.224000000000000005","0.155555555555555558","0.0052596231845931513","0.40699285278905206","Exclude","HP_PNEUMOTHORAX","HP_PNEUMOTHORAX",FALSE,"AFF4/THSD4/FBLN5/LUZP1/TGFBR2/MYLK/PPP1CB/TGFBR3/COL5A1/TGFBR1/SMAD3/BGN/TGFB2/COL1A1/EFEMP2","AFF4/THSD4/FBLN5/LUZP1/TGFBR2/MYLK/PPP1CB/TGFBR3/COL5A1/TGFBR1/SMAD3/BGN/TGFB2/COL1A1/EFEMP2"
"GSE282081","Main_DE","3D_organoid","HPO","420","HP_COMPLETE_RIGHT_BUNDLE_BRANCH_BLOCK","HP_COMPLETE_RIGHT_BUNDLE_BRANCH_BLOCK","-1.395774487223905","0.04990019960079840333","0.65586346898309889","0.63468154570427970","12","57","0.2105263157894737","0.00000000000000000","2","2","0.16666666666666666","0.035087719298245612","0.026666666666666668","0.0413533834586466004","0.14736842105263154","Exclude","HP_PSYCHOMOTOR_DETERIORATION","HP_PSYCHOMOTOR_DETERIORATION",FALSE,"KCNE3/ATP6V1E1/GNAI2/PKP2/SCNN1A/KCND3/RNASEH1/TNNC1/PPP1CB/SCN1B/JUP/FLNC","KCNE3/ATP6V1E1/GNAI2/PKP2/SCNN1A/KCND3/RNASEH1/TNNC1/PPP1CB/SCN1B/JUP/FLNC"
"GSE282081","Main_DE","3D_organoid","HPO","422","HP_POOR_WOUND_HEALING","HP_POOR_WOUND_HEALING","-1.416199279458530","0.05000000000000000278","0.65586346898309889","0.63468154570427970","13","52","0.2500000000000000","0.00000000000000000","4","3","0.23076923076923078","0.076923076923076927","0.066666666666666666","0.0438415366146458485","0.27272727272727282","Exclude","HP_DERMATOCHALASIS","HP_DERMATOCHALASIS",FALSE,"ITGB2/ATL3/DDR2/RAC2/DSE/ARPC5/NTRK1/F13A1/FBLN5/NRAS/COL5A1/BGN/COL1A1","ITGB2/ATL3/DDR2/RAC2/DSE/ARPC5/NTRK1/F13A1/FBLN5/NRAS/COL5A1/BGN/COL1A1"
