"Query Name","Rank","Scaled Rank","Set_name","TF","Intersect","Set length","FET p-value","FDR","Odds Ratio","Library","Overlapping_Genes"
"DEG_HVL_CRC29","1","0.00336700000000000","FOXM1","FOXM1","325","1452","0.00000000201400000000","0.000000598000000000","1.4940000000000000","ReMap--ChIP-seq","MTHFD2,DDIT4,SLBP,HEXIM1,HEXIM2,BTBD19,DZIP3,DUSP5,ATAD5,MBD2,NCAPD2,EFEMP2,CYSRT1,NEK2,KMT5A,SMS,SRSF3,SRSF7,SDF2L1,UHRF1,E2F2,LGALS1,FBXO5,BTD,SDC4,PTMS,MT-ATP6,PTMA,PCNA,PCNT,MT-ATP8,TACC3,PLAU,PLD1,ECT2,LMNB2,LMNB1,CA9,MKKS,ELF3,PLEC,SLC3A2,RRM2,SMC3,SMC4,KNSTRN,PLK3,PLK1,CDKN1B,TK1,CIT,RCCD1,CDKN2D,CDKN2C,OIP5,THOC6,HMMR,BCL6,MCM7,LBR,CKAP2L,ESPL1,SAPCD2,TTK,MGME1,WDR97,SLC35B2,MKI67,TMEM184A,TPX2,DTYMK,TYMS,ZWILCH,STX16-NPEPL1,ZCCHC8,GPSM2,STPG3,PDXP,BUB1,MT-ND6,MDC1,MT-ND4,MT-ND5,MT-ND1,PARPBP,COL1A1,SIRT4,HR,KPNA2,SLC25A45,LAG3,TROAP,MDM2,FOXM1,RNFT2,PPP1R15B,LRR1,RCC1,SLC34A3,PCBP1,FKBP10,CCDC117,DOT1L,CRIP2,BANF1,CCDC159,CCNB2,CCNB1,ARHGEF39,HMGB2,RBM15,CIP2A,CCNA2,SFPQ,PSRC1,MVP,TAF5,VIM,EHF,TLNRD1,ENO1,MYB,PIH1D1,PA2G4,ZNFX1,PLCD3,HJURP,ZFP36,LSM5,ASPM,WBP1,RNF26,ARL6IP1,ZNF608,CHEK2,PIMREG,JMJD6,TSHZ1,FAF1,TNFAIP8L1,MDFIC,CA11,NUCKS1,PTTG1,DNAJC22,ACBD4,NFKBIA,DLG4,TGFBI,TMEM107,HSH2D,KRT80,HSPD1,HSPE1,TICRR,MT-CO1,GTSE1,MT-CO2,MT-CO3,ATF4,CDCA2,CDCA4,CDCA5,CDCA8,RNF224,SPHK2,INCENP,CENPA,NEURL1B,CENPU,CENPF,CENPL,CENPN,CDKN3,CDC25C,CD274,INO80B,NDC80,MT-CYB,ITGB6,SMIM14,PBXIP1,HNRNPA1,HNRNPA3,CDC20,TRIB1,CEP192,NUDCD2,MIS18BP1,HNRNPA2B1,BUB1B,TTF2,BORA,GEM,PRR15L,SCNN1A,ADGRG1,SHARPIN,QSER1,UBE2C,TMEM230,UBE2S,UBE2T,BHLHE40,TCF3,MXD3,HP1BP3,CUEDC1,TRA2B,HNRNPR,RHNO1,ANAPC11,RMDN2,C1QTNF6,PBK,ZNF367,CEP55,TUBB4B,CLCF1,TM7SF2,TLE3,RFC3,PKM,POLR1E,MTFR2,PPIL1,KAT8,SEPHS1,KRT7,GPR37L1,TOP2A,CITED2,CHMP1B,TUBB,AMN1,NT5E,METTL4,PTGES2,GAS2L3,FAM83E,FAM83D,CBX5,CBX3,SNAPC5,WEE1,MT-ND4L,PIF1,NCAPH,EZH2,GPR19,MYOF,MRPL51,CKS2,FLNB,PIM1,S100A2,FRMD8,SLC38A2,ARRB1,BIRC5,PARD6B,PRC1,CCNF,TMPO,KIF20A,KIF20B,ANLN,ID3,KIF14,KIF11,KIF23,KIF22,KIF2C,CD44,EXOSC9,CD55,CD74,STK17B,DCLRE1C,JADE1,HNRNPUL1,HNRNPUL2,GEMIN7,SLC1A4,PHF19,AURKB,AURKA,UQCRHL,NUP37,PRR11,SKA2,RAD21,CDC6,HBP1,ANXA3,BRD8,MZT1,HYLS1,PUS10,CDK1,RAD9B,PSCA,DNALI1,DUSP12,METTL27,SEMA3C,SEMA3B,CFLAR,ANP32E,KLLN,DAZAP1,RAD51C,PRIM2,GDF15,KNTC1,KCTD9,TEDC1,STIL,ALYREF,KIF18A,KIF18B,CKS1B,CKAP2,CKAP5,LEKR1"
"DEG_HVL_CRC29","2","0.00673400000000000","E2F4","E2F4","321","1452","0.00000000893800000000","0.000001330000000000","1.4710000000000001","ReMap--ChIP-seq","SCO2,DDIT4,SLBP,SHMT2,HEXIM1,HEXIM2,NCAPH2,SFXN3,PAFAH1B3,CCDC9,NCAPD2,AGRN,FADS2,EFEMP2,CYSRT1,DGAT1,FBXO43,PKMYT1,TNFRSF14,NEK8,SDF2L1,VPS9D1,UHRF1,LENG9,E2F1,E2F2,TSPOAP1,ICAM1,TRIM28,FBXO5,GIPR,SYNGR2,RRAS,PTK6,MT-ATP6,COX8A,TLCD1,PTMA,PCNA,NOXO1,PCNT,MT-ATP8,TACC3,LMNB2,LMNB1,LYL1,CA9,MYBL2,ATP6AP1,SYNGR3,PLEC,SLC3A2,POLD4,POLD1,RRM2,HCFC1,CDKN1B,ADAMTSL4,TK1,KIFC2,RCCD1,SLC17A7,CDKN2D,CDKN2C,PLP2,MAMSTR,THOC6,FANCA,FANCG,MCM7,ESPL1,SAPCD2,DNAJC9,WDR97,SLC35B2,HDAC10,BRICD5,TANGO2,DTYMK,TYMP,KISS1R,COMT,ISYNA1,OPLAH,STPG3,IQCN,MUC1,HES4,MT-ND6,MDC1,MT-ND4,MT-ND5,MT-ND1,SAMD11,HES7,EML2,NAPSA,GRIN3B,SLC29A1,PROCA1,FSTL3,RECQL4,CARNS1,TROAP,BCL2L12,SOCS3,NXT1,NRARP,FOXM1,LRR1,TONSL,SLC34A3,CTXN1,GCDH,FKBP10,SUV39H1,PCSK4,HYAL1,CRIP2,GLB1L,ARHGEF39,PIDD1,CDHR2,MVP,INAFM1,TAF5,PIH1D1,RNF126,CRACR2B,PA2G4,TMEM187,GLI4,ZCWPW1,RFWD3,PLCD3,ZFP36,STIP1,GPR108,LSM4,LSM2,PTBP1,WBP1,MROH6,RNF26,RUSC1,NECAB3,CCDC88B,FAF1,MYL6B,CA11,TRIP10,TRIP13,NRM,TMEM143,TMEM145,ELMO3,DNAJC22,ACBD4,DLG4,NAPRT,TMEM107,PDE4A,EGFL8,LTC4S,MT-CO1,SYNGAP1,MT-CO2,MT-CO3,CDCA2,CDCA3,CDCA5,CDCA8,RNF224,ACHE,LIN54,ARHGAP4,CHAF1A,SPHK2,CENPA,SAMD1,CENPU,NUDT22,CENPM,EXOC3L1,CDC25C,FTL,INO80B,MT-CYB,PBXIP1,HNRNPA1,NUDT1,CDC20,SNRPD2,CCDC78,IL11,HSD17B1,PNPLA2,SCNN1D,SYCE2,SHARPIN,GFY,TMEM230,HOOK2,NASP,UBE2S,UBE2T,BHLHE40,MXD4,TAPBP,EPOR,ANAPC11,EHD1,HNRNPL,HNRNPF,ATG2A,FNDC11,NRSN2,GPT,PLEKHN1,TUBB4B,ADM5,CLCF1,RAB3A,TM7SF2,RAB34,SNRPA,SLC26A1,REEP6,CNIH2,CATSPERG,NEMP1,TBC1D10C,KAT8,TRPM4,PYCR3,PANO1,PRX,IZUMO1,TUBB,RFNG,DCST2,PSMC3IP,FAM83E,CBX5,YBX2,AXIN1,PPP2R5B,TRPT1,PERM1,THBS3,WEE1,MT-ND4L,DDX39A,ZNF276,ABCB6,RHBDL1,ABCA7,FERMT3,GPR19,WFIKKN1,PIGQ,CTCF,LRRC45,ROM1,TMC4,MRPL51,IDUA,SQSTM1,LRRC56,BIRC5,PPM1N,CCNF,TMPO,KIF20A,TSPAN4,RASSF7,ID3,KIF11,KIF22,EXOSC4,CD72,SPC24,HNRNPUL2,NXPH4,FDPS,ISG15,AURKB,MAPK12,MAPK11,ASF1B,TRIP6,BRD8,NOTUM,DGKQ,WRAP53,RNPEPL1,AMH,TRAF4,SEMA3B,LAGE3,MGAT4B,SPAG1,CDT1,ANP32E,FEN1,BICDL2,DNASE1L1,RASIP1,RANBP1,DSCC1,KCTD9,TEDC1,TEDC2,CASKIN1,PDZD7,ALYREF,ARHGAP33,MAN2B1,CKS1B,LMNTD2,BAX"
"DEG_HVL_CRC29","3","0.01010000000000000","ZBTB7A","ZBTB7A","314","1450","0.00000009291000000000","0.000009200000000000","1.4319999999999999","ReMap--ChIP-seq","SCX,DDIT4,SLBP,SHMT2,HEXIM1,HEXIM2,BTBD19,KCNC3,MMP25,DUSP9,PAFAH1B3,CCDC9,AGRN,EFEMP2,CYSRT1,DGAT1,PKMYT1,FBXO44,NPAS1,AMDHD2,TNFRSF14,SDF2L1,NOXA1,ONECUT3,VPS9D1,LENG9,LENG8,ICAM1,FBXO2,KCNQ2,RRAS,APOE,PTK6,TLCD2,PTMA,NOXO1,GRIN1,TACC3,DENND6B,FGF17,FGF11,TNFAIP2,LMNB2,LYL1,SYNGR3,PLEC,POLD4,CD7,PRKCG,PLK5,MEX3D,MEX3A,GJD3,KIFC2,PLIN4,PLIN5,SLC17A7,CDKN2D,PLP2,MAMSTR,THOC6,SAPCD2,CEBPB,APOC1,BCOR,SLC35B2,IFITM2,HDAC10,BRICD5,TANGO2,HELZ2,TMEM184A,MEGF6,KISS1R,ARHGDIG,COMT,ISYNA1,OPLAH,STPG3,IQCN,COL6A1,CDH15,HES4,SAMD11,HES7,HSPG2,EML2,C3,GRIN2C,GRIN3B,NELFA,SLC29A1,FSTL3,RECQL4,CARNS1,STAT6,LRG1,HR,FSCN2,BCL2L12,NRARP,LRP1,HSD17B14,BAIAP2,BAIAP3,TONSL,CCNL2,SLC34A3,ENTPD8,MXRA8,CTXN1,FKBP10,TNFRSF13C,PCSK4,CRIP2,MAD2L2,CCDC159,AJM1,LAMC3,PIDD1,MVP,EPS8L1,EPS8L2,CCDC183,PIH1D1,RNF126,CRACR2B,TMEM198,GLI4,PLCD3,CHPF,ZFP36,NAGLU,GPR108,LSM7,NES,LSP1,PTBP1,MROH6,TTLL10,GNG13,CCDC88B,CLIC3,QRFP,ANKRD9,TNFAIP8L1,TOMM40,CA11,STAC3,TRIP10,TJP3,TMEM145,PAM16,TMEM134,ALDH3B1,ACBD4,DLG4,NAPRT,PDE4A,CHMP6,EGFL8,RGS11,SYNGAP1,EXD3,CRABP2,AIF1L,RNF224,PRXL2B,HOXC10,SPHK2,CRB2,ZNF469,SAMD1,NUDT22,CRLF1,YPEL3,SHC2,CORO1B,LCN2,SMIM24,TSPAN31,CCDC78,ACY1,IL11,HSD17B1,OSM,VEGFA,PNPLA2,NRTN,SCNN1D,CACNA1H,RHPN1,GFY,GGN,TCF3,TAPBP,MUC5B,ANAPC11,SNAI3,EHD1,GNPTG,FNDC11,GPT,AIFM3,C1QTNF8,PLEKHN1,GRN,TUBB4B,ADM5,CLCF1,RAB3A,TLE2,SLC26A1,PLXNB2,REEP6,CNIH2,TCIRG1,PIP5KL1,HGFAC,NEMP1,RAB26,P2RX6,CALML6,TBC1D10C,RALGDS,TRPM4,PYCR3,VASN,PANO1,COL18A1,PRX,PSD,PGGHG,CBFA2T3,RFNG,DCST2,SLC22A31,CYP2W1,FAM83E,CBX2,SPRED3,AXIN1,TRPT1,PERM1,CDK2AP2,PGAP3,MYL5,ZNF276,AGAP2,RHBDL1,ABCA7,WFIKKN1,PIGQ,LRRC45,TMC8,TMC6,TMC4,IDUA,COL11A2,KANK3,LRRC56,B3GALT4,ZNF512B,ZBTB46,PPM1N,SLC12A7,SCN1B,TSPAN4,RASSF7,RBBP8NL,ANO9,FUOM,IL17C,PALM,ATAD3C,NXPH4,RASGRP2,ISG15,SSH3,SSTR5,MAPK12,MAPK11,SERPINE1,SERPINF2,HOXB9,HOXC8,SLC19A1,SIVA1,PAXX,SF3A2,NOTUM,DGKQ,ADAM8,AMH,UNC93B1,SEMA3B,TNNI2,CHAC1,LCN15,LCN12,CDT1,DAZAP1,BICDL2,RASIP1,GDF15,PDIA2,TEDC1,CASKIN1,ALYREF,CHTF18,CKS1B,MADCAM1,LMNTD2,OPRL1"
"DEG_HVL_CRC29","4","0.01347000000000000","BHLHE40","BHLHE40","309","1453","0.00000058930000000000","0.000043600000000000","1.3999999999999999","ReMap--ChIP-seq","SCO2,DDIT4,ORAI3,ORAI2,SLBP,SET,ADAMTS13,HEXIM1,HEXIM2,BTBD19,SFXN3,DUSP1,PAFAH1B3,CCDC9,AGRN,EFEMP2,CYSRT1,PKMYT1,AMDHD2,TNFRSF14,NEK8,SDF2L1,NOXA1,VPS9D1,TSPOAP1,ICAM1,TRIM28,SDC4,SYNGR2,TNFSF13,PTK6,NDUFAF3,TLCD2,TLCD1,PTMA,NOXO1,TACC3,INAVA,IGF2R,TNFAIP2,LMNB2,LYL1,SYNGR3,PLEC,POLD4,POLD1,CD7,DQX1,VPS18,DNAAF1,ARMC7,PLK3,MEX3A,BTG2,CDKN1A,COPZ2,KIFC2,THOC6,MCM7,SAPCD2,CEBPB,ZNF747,SLC35B2,HDAC10,ZNF843,TANGO2,VWA7,TYMP,KISS1R,ISYNA1,STPG3,IQCN,CDH15,PDXP,HES4,MDC1,SAMD11,HES7,EML2,C3,NAPSA,GRIN3B,SLC29A1,PROCA1,FSTL3,RECQL4,HLA-DMA,CARNS1,STAT6,SLC25A45,SLC16A5,FSCN2,BCL2L12,SOCS3,NRARP,SH2D3C,SLC25A19,LRP1,TONSL,CCNL2,SLC34A3,ENTPD8,GCDH,PCBP1,TNFRSF13C,PCSK4,HYAL1,DOT1L,PIDD1,CDHR2,MVP,CCDC183,INAFM1,PIH1D1,RNF126,CRACR2B,PA2G4,TMEM198,VSIG10L,GLI4,ZCWPW1,PLCD3,GPR146,CHPF,ZFP36,NAGLU,CLIP2,STIP1,GPR108,LSM4,LSM2,PGPEP1,WBP1,MROH6,JMJD6,CCDC88B,MYL6B,AMPD3,B3GNT9,CA11,TRIP10,NRM,TMEM134,ELMO3,ALDH3B1,ACBD4,ACSF3,DLG4,NAPRT,TMEM107,PDE4A,TRNP1,LTC4S,TBKBP1,SYNGAP1,EXD3,CDCA5,RNF224,PRXL2B,ARHGAP4,RMI2,SPHK2,SLC7A5,SAMD1,NUDT22,CENPM,EXOC3L1,FTL,INO80B,CORO1B,ITGB2,DEPP1,CCDC78,TRIB3,EGR1,HSD17B1,VEGFA,NUDT8,PNPLA2,SYCE2,BHLHE40,TCF3,TAPBP,EPOP,ANAPC11,SNAI3,EHD1,HNRNPL,HNRNPF,FNDC11,NRSN2,GPT,PLEKHN1,ZNF367,GRN,TUBB4B,ADM5,CLCF1,RAB3A,HID1,TM7SF2,FCGRT,RAB34,CCDC24,CCDC12,PLXNB2,REEP6,PIP5KL1,RFC2,NEMP1,DENND3,CALML6,TBC1D10C,KAT8,SPTBN4,RALGDS,TRPM4,PYCR3,PANO1,PSD,IZUMO4,TUBB,PGGHG,CBFA2T3,DCST2,PSMC3IP,SLC22A31,PTGES2,CYP2W1,COTL1,FAM83E,CBX2,SAE1,YBX2,AXIN1,TRPT1,PERM1,THBS3,MYL5,DDX39A,ZNF276,RHBDL1,ABCA7,FERMT3,WFIKKN1,LRRC45,TMC8,TMC6,TMC4,PIM1,FRMD8,SQSTM1,LRRC56,SLC38A2,B3GALT4,ZNF512B,PPM1N,RASSF4,SLC12A7,TSPAN4,RASSF7,ID3,KIF22,SLC43A3,SLC43A1,CD72,IL17C,DOK3,GEMIN7,CACFD1,ISG15,MAST3,AURKB,MAPK12,MAPK11,S100P,SERPINE1,SERPINF2,MTHFR,TNFSF9,SERPINB1,NOTUM,DNMT1,FN3K,RNPEPL1,AMH,DALRD3,TRAF4,UNC93B1,SEMA3B,IMPDH2,MGAT4B,LCN15,CDT1,DAZAP1,BICDL2,TUBG2,DNASE1L1,GDF15,PDZD7,SMAD3,ALYREF,CKS1B,MADCAM1,KLF10,KLF11,LMNTD2,OPRL1,BAX"
"DEG_HVL_CRC29","5","0.01684000000000000","HMGN3","HMGN3","307","1446","0.00000073400000000000","0.000043600000000000","1.3970000000000000","ReMap--ChIP-seq","SCO2,DDIT4,ORAI2,SLBP,HEXIM1,HEXIM2,NCAPH2,KCNC3,MMP25,PAFAH1B3,CCDC9,AGRN,EFEMP2,CYSRT1,KMT5A,DGAT1,VMAC,PKMYT1,AMDHD2,TNFRSF14,NEK8,SDF2L1,NOXA1,SP6,KCNK6,VPS9D1,E2F1,TSPOAP1,ICAM1,TRIM28,SYNGR2,PTK6,BST2,NDUFAF3,SYP,TLCD2,TLCD1,PTMA,NOXO1,PCNT,PEX10,GRIN1,TACC3,TNFAIP2,LMNB2,LYL1,ZIC2,ATP6AP1,SYNGR3,PLEC,CD7,PLK5,MEX3D,ADAMTSL4,KIFC2,ASPDH,SLC17A7,PLP2,THOC6,BCL6,SAPCD2,ZNF747,WDR97,BCOR,SLC35B2,IFITM2,ZNF843,BRICD5,TANGO2,HELZ2,UBXN6,KISS1R,COMT,EME2,FPGS,ISYNA1,OPLAH,STPG3,HES4,MDC1,SAMD11,GRIN3B,PROCA1,FSTL3,RECQL4,CARNS1,FSCN2,SOCS2,SOCS3,NRARP,SH2D3C,BAIAP3,TONSL,SLC34A3,ENTPD8,MXRA8,CTXN1,GCDH,PCSK4,PNCK,DOT1L,CRIP2,AJM1,PIDD1,CDHR2,CCDC194,EPS8L2,CCDC183,INAFM1,PIH1D1,RNF126,CRACR2B,TMEM198,PLCH2,ZCWPW1,GPR153,PLCD3,GPR146,CHPF,ZFP36,STIP1,LSM2,PTBP1,MROH6,TTLL10,NECAB3,GNG13,CCDC88B,PARP10,CLIC3,QRFP,ANKRD9,B3GNT9,CA11,NRM,PAM16,TMEM134,ACBD4,DLG4,NAPRT,TMEM107,PDE4A,RNF207,CHMP6,LTC4S,SYNGAP1,RAVER1,ATF4,EXD3,RNF224,PRXL2B,ACHE,HOXC10,ARHGAP4,SPHK2,MED22,SLC7A5,SAMD1,ZNF467,NUDT22,EXOC3L1,CORO1B,LCN2,SPATC1,CCDC78,TRIB3,EGR1,CAPS,PNPLA2,SCNN1D,SYCE2,SHARPIN,GFY,HOOK2,BHLHE40,TCF3,MXD4,TAPBP,GNB1L,GALNS,ANAPC11,SNAI3,FOSL2,EHD1,GNPTG,HNRNPF,FNDC11,NRSN2,GPT,PLEKHN1,ZNF367,GRN,TUBB4B,RAB3A,TM7SF2,NRBP2,FCGRT,SLC39A3,TLE3,RAB34,SLC26A1,PLXNA3,PLXNB3,REEP6,CNIH2,TCIRG1,PIP5KL1,CHPF2,CATSPERG,NEMP1,LMF1,RAB26,IDH3G,P2RX6,LONP1,TBC1D10C,TRPM4,PYCR3,VASN,PANO1,PRX,PSD,TUBB,PGGHG,CBFA2T3,RFNG,DCST2,SLC22A31,FAM83E,CBX2,AXIN1,TRPT1,PERM1,CDK2AP2,MYL5,DDX39A,ZNF276,ABCB6,RHBDL1,ABCA7,FERMT3,WFIKKN1,PIGQ,LRRC45,TMC8,TMC6,TMC4,IDUA,SQSTM1,LRRC56,B3GALT4,MLXIPL,ZNF512B,ZBTB46,PPM1N,SLC12A9,TSPAN4,SURF1,XRCC3,RASSF7,ID3,ANO9,FUOM,EXOSC4,IL17C,DOK3,RASGRP2,ISG15,PHF13,PAOX,ACOT7,HOXB9,HOXC8,SLC19A1,SIVA1,MTHFR,TRIP6,PAXX,SF3A2,NOTUM,DGKQ,ADAM8,RNPEPL1,AMH,TRAF2,DALRD3,TRAF4,LAGE3,IMPDH2,MGAT4B,KLK1,SMIM1,CDT1,DAZAP1,BICDL2,NME3,DNASE1L1,RANBP1,TEDC1,TEDC2,CASKIN1,ALYREF,CHTF18,MADCAM1,KLF10,LMNTD2,OPRL1"
"DEG_HVL_CRC29","6","0.02020000000000000","NR2F1","NR2F1","306","1449","0.00000120400000000000","0.000059600000000000","1.3870000000000000","ReMap--ChIP-seq","SCX,TEX22,HEXIM1,HEXIM2,NCAPH2,L1CAM,FXYD3,MMP25,PAFAH1B3,RAPGEF3,AGRN,FADS3,FADS2,EFEMP2,CYSRT1,DGAT1,PKMYT1,AMDHD2,SDF2L1,NOXA1,VPS9D1,TSPOAP1,ICAM1,SYNGR2,RRAS,PTK6,KCNT1,NOXO1,PEX10,GRIN1,TACC3,UVSSA,TNFAIP2,LYL1,SYNGR3,PLEC,TTC16,COL7A1,CD7,HCFC1,PLK5,ADAMTSL2,KIFC2,PLIN5,AP5Z1,ASPDH,PODNL1,THOC6,OSBPL5,SAPCD2,WDR97,HDAC10,BRICD5,TANGO2,SLC51A,HELZ2,TMEM184A,KISS1R,ARHGDIG,COMT,EME2,FPGS,ISYNA1,OPLAH,STPG3,IQCN,COL6A1,CDH15,HES4,SAMD11,CFAP99,C3,GRIN2C,GRIN3B,FSTL3,RECQL4,CARNS1,CASTOR1,LRG1,HR,SLC25A45,SLC16A5,FSCN2,PFKFB4,FBLIM1,BCL2L12,SOCS3,NRARP,SH2D3C,SLC25A29,BAIAP2,BAIAP3,SPON2,TONSL,SLC34A3,ENTPD8,MXRA8,CTXN1,N4BP3,DOC2A,PCSK4,DOT1L,CRIP2,AJM1,PIDD1,PSRC1,CDHR2,CCDC183,SULT2B1,RNF126,CRACR2B,TMEM198,PLCH2,TMEM187,GLI4,PLCD3,GPR146,CHPF,GPR108,LSM4,LSM7,NES,LSP1,PTBP1,ASPG,ASS1,TTLL10,CARHSP1,GNG13,CCDC88B,CLIC3,QRFP,ANKRD9,CA11,KRT19,KRT15,TRIP10,TJP3,TMEM134,ELMO3,ALDH3B1,ACBD4,ACSF3,CHMP6,KRT80,RGS11,EXD3,CRABP2,RNF224,LRRC10B,HOXC10,ARHGAP4,SPHK2,SLC7A5,CRB2,ZNF469,ZNF467,CROCC2,NUDT22,YPEL3,EXOC3L1,CORO1B,LCN2,ITGB4,ITGB2,CCDC78,MYO7A,ADGRB1,SLC45A4,OSGIN1,IL11,OSM,NUDT8,PNPLA2,SCNN1D,CACNA1H,SHARPIN,PRR5-ARHGAP8,RHPN1,SYT8,DEGS2,TCF3,MXD4,GNB1L,GALNS,MYO15B,ANAPC11,SNAI3,EHD1,GNPTG,HNRNPF,FNDC11,YJEFN3,GPT,C1QTNF8,PLEKHN1,TUBB4B,ADM5,CLCF1,HID1,TLE2,SLC26A1,PLXNA3,PLXNB3,PLXNB2,REEP6,TCIRG1,PIP5KL1,HGFAC,LMF1,IDH3G,P2RX6,TBC1D10C,TRPM5,RALGDS,PANO1,COL18A1,CBFA2T3,RFNG,DCST2,SLC22A31,CYP2W1,FAM83E,AXIN1,TRPT1,PERM1,MYL5,ZNF276,RHBDL1,ABCA7,FERMT3,WFIKKN1,PIGQ,LRRC45,TMC8,TMC6,IDUA,FRMD8,ZNF512B,ZBTB46,TSPAN4,IFITM10,XRCC3,RGL3,TECR,CTSD,RBBP8NL,LYNX1,ANO9,FUOM,EXOSC4,IL17C,PALM,DOK3,NXPH4,RASGRP2,GGT6,CACFD1,ISG15,SSH3,SSTR5,PAOX,MAPK12,CLCN7,MAPK11,NPHS1,SLC19A1,ACD,SIVA1,PAXX,NUDT16L1,SF3A2,PRSS33,NOTUM,DGKQ,ADAM8,AK1,AMH,TRAF2,LAGE3,DCAF15,HIRIP3,TNNI2,ADRM1,AHNAK2,SMIM5,LCN15,LCN12,CDT1,DAZAP1,FEN1,BICDL2,NME3,RANBP1,GDF15,PDIA2,APLP1,TEDC1,TEDC2,CASKIN1,ALYREF,CHTF18,SLC2A6,CKS1B,MADCAM1,OPRL1"
"DEG_HVL_CRC29","7","0.02357000000000000","SNAI2","SNAI2","305","1449","0.00000164500000000000","0.000069800000000000","1.3819999999999999","ReMap--ChIP-seq","SCX,SCO2,DDIT4,SLBP,SHMT2,TEX22,HEXIM1,HEXIM2,BTBD19,NCAPH2,FXYD3,AGO2,SFXN3,MMP25,PAFAH1B3,CCDC9,AGRN,EFEMP2,CYSRT1,DGAT1,PKMYT1,AMDHD2,NEK8,NOXA1,SP6,KCNK6,VPS9D1,VPS13C,MT2A,LGALS1,SYNGR2,PTK6,NDUFAF3,TLCD1,PTMA,NOXO1,PEX10,GRIN1,TACC3,DENND6B,INAVA,UVSSA,FGF11,SYNGR3,PLEC,PSMB10,COL7A1,CD7,VPS18,PLK3,PLK5,GJB4,ADAMTSL4,KIFC2,SLC17A7,CDKN2D,THOC6,SLC4A11,SAPCD2,CEBPB,WDR97,SLC35B2,HDAC10,BRICD5,ARRDC1,HELZ2,TMEM184A,TYMP,KISS1R,EMC9,GINS2,GRHL3,EME2,ISYNA1,STPG3,IQCN,CDH15,PDXP,SNCG,HES4,SAMD11,HES7,HES6,RBCK1,GRIN3B,RIPK4,SLC29A1,RECQL4,CARNS1,CASTOR1,HR,FSCN2,FBLIM1,NRARP,SLC25A23,BAIAP2,BAIAP3,TONSL,SLC34A3,ENTPD8,MXRA8,PEX11G,CTXN1,PCBP1,FKBP10,TNFRSF13C,PCSK4,CRIP2,ALDH4A1,BANF1,CCDC159,CHAD,AJM1,PIDD1,MMRN2,PIH1D1,SULT2B1,RNF126,CRACR2B,PLCH2,GLI4,HBEGF,PLCD3,GPR146,ZFP36,STIP1,PTBP1,PGPEP1,RANGAP1,TTLL10,NADSYN1,CARHSP1,GNG13,CCDC88B,CORO6,ANKRD9,TNFAIP8L1,B3GNT9,ALOX12B,CA11,KRT13,KRT19,KRT15,ELMO3,LTBP2,ALDH3B1,ACBD4,TBCD,TMEM107,RNF207,TRNP1,CHMP6,KRT80,LTC4S,RGS11,MNX1,EXD3,CDCA4,RNF224,SPHK2,ODC1,ZNF469,NUDT22,EXOC3L1,CORO1B,ITGB4,ITGB2,ITGA3,REC8,CCDC78,ACTN4,CCDC9B,ACY1,OSM,PNPLA2,CRTC1,SCNN1D,SCNN1A,NCKIPSD,ADGRG1,SHARPIN,SYT8,GGN,MKNK1,ANAPC11,SNAI3,EHD1,HNRNPL,GNPTG,FNDC11,GPT,PLEKHN1,GRAMD2A,GRN,TUBB4B,HID1,TM7SF2,FCGRT,TLE2,SLC26A1,CCDC12,PLXNB2,REEP6,TCIRG1,PIP5KL1,HGFAC,CATSPERG,RAB26,NECTIN4,FTH1,LONP1,KRT7,C2CD4A,PPL,PANO1,COL18A1,PSD,IZUMO4,RFNG,DCST2,SLC22A31,CBR3,CYP2W1,FAM83E,SPRED3,AXIN1,TRPT1,TRAPPC6A,PFDN2,PERM1,MYL5,ZNF276,RHBDL1,ABCA7,FERMT3,WFIKKN1,PIGQ,LYPLA2,LRRC45,TMC8,TMC6,KANK2,IDUA,FLNB,S100A2,S100A5,S100A4,S100A3,SQSTM1,MYCBPAP,ZNF512B,ARRB2,TSPAN4,CTSD,ANO9,SLC43A3,IL17C,NXPH4,CACFD1,ISG15,PHF13,MAPK12,UQCRHL,MAPK11,SERPINE1,ACOT7,S100A16,SIVA1,TNFSF9,ITPKA,SF3A2,NOTUM,DGKQ,ADAM8,PSAP,RNPEPL1,AMH,DALRD3,TRAF4,METTL27,UNC93B1,SEMA3B,SEMA3G,TNNI2,AHNAK2,IMPDH2,MGAT4B,CHAC1,TNS4,LCN12,CDT1,DAZAP1,BICDL2,NME3,RASIP1,GDF15,PDIA2,TEDC1,CASKIN1,PDZD7,ALYREF,CHTF18,SLC2A6,CKS1B,MADCAM1"
"DEG_HVL_CRC29","8","0.02694000000000000","KLF5","KLF5","304","1451","0.00000251000000000000","0.000087700000000000","1.3740000000000001","ReMap--ChIP-seq","SCO2,DDIT4,ORAI3,SET,HEXIM1,HEXIM2,BTBD19,NCAPH2,FXYD3,SFXN3,MMP25,CCDC9,AGRN,EFEMP2,CYSRT1,MAP3K8,PKMYT1,NEK8,SDF2L1,NOXA1,KCNK6,PIWIL4,VPS9D1,E2F1,TRIM46,LGALS1,SDC4,GIPR,SYNGR2,RRAS,PCK2,TNFSF13,PTK6,NDUFAF3,MT-ATP6,SYP,TLCD1,PTMA,NOXO1,MT-ATP8,DENND6B,LMNB2,ATP6AP1,SYNGR3,ELF3,PLEC,GALT,SLC3A2,POLD4,TTC16,CD7,DQX1,VPS18,ARMC7,PLK3,MEX3A,BTG2,KIFC2,PLP2,MAMSTR,THOC6,FANCG,MCM7,SAPCD2,TST,SLC35B2,HDAC10,TMEM184A,TPX2,TYMP,KISS1R,EMC9,STPG3,IQCN,PDXP,MUC1,HES4,MT-ND6,MT-ND4,MT-ND5,MT-ND1,HES7,EML2,RBCK1,C3,PROCA1,RECQL4,TTLL1,HR,SLC25A45,SLC16A5,FSCN2,FBLIM1,BCL2L12,SOCS3,NRARP,SH2D3A,SLC47A2,BAIAP2,TONSL,SLC34A3,ENTPD8,FKBP10,PCSK4,HYAL1,CRIP2,CAPN5,PIDD1,CDHR2,MVP,INAFM1,MED8,CRACR2B,PA2G4,PFAS,ZCWPW1,PLCD3,GPR146,ZFP36,NAGLU,TMSB10,CLIP2,GPR108,LSM4,WBP1,TTLL10,RUSC1,NECAB3,CLIC3,B3GNT3,CA11,KRT19,KRT15,TRIP10,TJP3,TMEM143,SPNS2,ALDH3A1,ELMO3,ALDH3B1,ACBD4,DLG4,TMEM107,PDE4A,RNF207,LTC4S,MT-CO1,MT-CO2,MT-CO3,ATF4,EXD3,EPB41L1,RNF224,HOXC10,ARHGAP4,SPHK2,ODC1,SAMD1,NUDT22,YPEL3,EXOC3L1,INO80B,LCN2,MT-CYB,ITGB4,ITGA3,PBXIP1,REC8,CDC20,SNRPD2,CCDC78,ACTN4,TRIB3,ACY1,HSD17B1,OSM,NUDT8,PNPLA2,PRR15L,SCNN1A,SYCE2,PRR5-ARHGAP8,BHLHE40,TCF3,GNG3,MYO15B,CDK5RAP3,ANAPC11,FOSL2,EHD1,HNRNPL,HNRNPF,ATG2A,FNDC11,NRSN2,GPT,C1QTNF8,TUBB4B,CLCF1,HID1,TM7SF2,FCGRT,TLE2,RAB34,SLC26A1,CCDC12,PLXNB2,REEP6,PIP5KL1,PKM,CATSPERG,NEMP1,CALML6,KAT8,SPTBN4,PPL,RALGDS,TRPM4,PANO1,PRX,PSD,IZUMO1,DCST2,NT5C,PSMC3IP,PTGES2,CYP2W1,ANXA11,FAM83E,SAE1,YBX2,PPP2R5B,TRPT1,THBS3,MT-ND4L,PGAP3,KRTCAP2,CLDN4,ZNF276,RHBDL1,ABCA7,WFIKKN1,TMC8,TMC6,IDUA,FLNB,S100A2,FRMD8,S100A5,S100A4,S100A3,SQSTM1,TRABD2A,ZNF512B,ARRB2,PPM1N,NTN5,IFI35,SLC12A9,TSPAN4,TECR,KIF22,HNRNPUL2,GEMIN7,FUT2,FUT4,FDPS,ISG15,SSH3,SSTR5,AURKB,MAPK12,MAPK11,S100P,SYTL1,HOXB9,S100A16,S100A13,HOXC8,PRSS22,PAXX,TM9SF1,ABHD11,DGKQ,ITPR3,CDK2,RNPEPL1,DALRD3,TRAF4,METTL27,UNC93B1,SEMA3B,MGAT4B,CDT1,BICDL2,TUBG2,DNASE1L1,RASIP1,GDF15,TEDC1,PDZD7,ALYREF,CKS1B,PRRG2"
"DEG_HVL_CRC29","9","0.03030000000000000","NFYB","NFYB","304","1452","0.00000265700000000000","0.000087700000000000","1.3720000000000001","ReMap--ChIP-seq","DDIT4,ORAI3,SLBP,SET,HEXIM1,TOE1,HEXIM2,BTBD19,SHB,TOMM40L,PAFAH1B3,AGRN,FADS2,EFEMP2,CYSRT1,SRSF3,PKMYT1,NEK8,SDF2L1,KCNK6,UHRF1,E2F2,TSPOAP1,LGALS1,TRIM28,APOE,PCK2,PHETA2,CPLANE2,BST2,MT-ATP6,RAC2,TLCD2,TLCD1,PTMA,PCNA,NOXO1,CFAP157,MT-ATP8,TACC3,SUN2,GALT,RALY,RRM2,TTC16,ARMC1,NUP93,PLK3,PLK5,BTG2,COPZ2,ANGPTL4,GART,SLC17A7,CDKN2D,PODNL1,MAMSTR,DYRK1B,TOM1L2,INSIG1,FANCM,FANCG,DRC3,MCM7,LBR,MCM2,TULP2,WDR97,APOC1,RPS6KA5,NIPAL3,BRICD5,TANGO2,KNL1,STXBP2,UBXN6,EMC9,MPHOSPH9,CRYL1,PDXP,MT-ND6,MT-ND4,MT-ND5,MT-ND1,EML2,C3,GRIN3B,POU5F1,SIRT2,PROCA1,RECQL4,HLA-DMA,LRG1,KPNA2,ACAT2,NXT1,NRARP,SH2D3A,FOXL1,HSD17B14,SLC25A35,SLC34A3,GCDH,SUV39H1,PCSK4,CCDC117,CCDC159,MR1,HOMEZ,CCNB1,EBP,KLHL24,PIDD1,CFAP43,RBM14,TBC1D2,CCDC194,MVP,ENO2,PIH1D1,MED8,CRACR2B,PA2G4,VSIG10L,TMEM160,GCNT2,PLCD3,ZFP36,ZNF552,ZNF546,GPR108,LSM4,CALCOCO1,PGPEP1,WBP1,MROH1,PNRC1,ARL6IP6,CCDC88B,CREBRF,CLIC4,ANKRD9,TNFAIP8L1,B3GNT3,TOMM40,WAS,CA11,TRIP10,TMEM143,FBL,ACBD7,ACBD4,DLG4,TMEM107,PDE4A,MT-CO1,SYNGAP1,MT-CO2,MT-CO3,ATF4,CDCA3,CDCA4,CDCA8,RNF224,ARHGAP4,SPHK2,INCENP,CENPU,NUDT22,CENPH,YPEL5,SLC27A1,ZNF446,FTL,GMPS,ODF2,FUZ,MT-CYB,OGT,PBXIP1,HNRNPA1,CDC20,SNRPD2,IL11,PDIK1L,PNPLA2,TBC1D31,PRR15L,SYCE2,SHARPIN,TMEM230,HOOK2,UBE2S,TMEM221,DACT3,EPOR,CDK5RAP3,ANAPC11,EHD1,HNRNPF,ATG2A,GPT,C1QTNF6,ZNF367,TCP1,GRN,TUBB4B,RAB3A,TM7SF2,HMGN2,TLE3,TLE2,VRK1,RAB34,TCTA,SNRPA,CCDC32,TMEM132B,PLXNB1,REEP6,AMD1,PIP5KL1,HAUS5,CATSPERG,POLR1E,SPTBN4,IZUMO1,PSMC3IP,AMN1,COTL1,FAM83E,CBX5,CBX2,CBX1,YBX2,PPP2R5B,TRPT1,TRAPPC6A,CDK2AP2,MT-ND4L,RFX5,PIF1,ABCB6,RHBDL1,ABCA7,FERMT3,LRRC45,ROM1,ZBTB26,KANK3,GGCT,ARRB2,EFCAB12,ZBTB47,PPM1N,CYB5B,MBOAT1,KANTR,SLC12A9,TMPO,KIF20A,TSPAN4,XRCC4,RASSF7,ID3,TECR,BRCA1,KIF22,DGLUCY,EXOSC2,CD74,FDPS,MAST3,AURKB,PASK,HOXC8,SIVA1,TNFSF9,TCF19,TIGD3,BRD8,MORN3,NATD1,CDK2,RAD9B,TRAF2,METTL27,DCAF15,SLC6A16,FEN1,BTN3A3,RASIP1,GDF15,TEDC2,ALYREF,ARHGAP33,MAN2B2,MAN2B1,CKS1B,KLF10,LMNTD2,USP16,TOB1,BAX"
"DEG_HVL_CRC29","10","0.03367000000000000","HNF4G","HNF4G","299","1451","0.00001102000000000000","0.000295000000000000","1.3450000000000000","ReMap--ChIP-seq","SCO2,DDIT4,HEXIM1,HEXIM2,BTBD19,SFXN3,DUSP1,DUSP9,TOMM40L,STX4,CCDC9,AGRN,CYSRT1,PKMYT1,ZKSCAN1,NEK8,SP5,CERS4,VPS9D1,E2F1,TRIM31,ICAM1,SDC4,SYNGR2,APOE,PCK1,PCK2,PTK6,PTMS,ZHX2,TLCD2,TLCD1,ORMDL3,INAVA,FGF17,ETV4,ACOX1,CCS,CD4,COL7A1,CD7,SARDH,DQX1,BCAM,PLK3,CDKN1A,CDKN1B,ADAMTSL4,GJD3,PHF5A,COL27A1,THOC6,AKIRIN1,SLC4A11,BCL6,MCM7,MCM5,CEBPB,APOC1,BCOR,SLC35B2,TYMP,KISS1R,EMC9,ISYNA1,OPLAH,STPG3,IQCN,PDXP,HES4,HSPG2,RBP5,C3,SLC29A1,PROCA1,FSTL3,HLA-DMA,STAT6,HR,SLC25A45,SLC16A5,LAG3,MDM2,SLC25A15,LRP1,SLC25A20,BAIAP2,TONSL,CCNL2,SLC34A3,MXRA8,PCBP1,FKBP10,PCSK4,HYAL1,TMEM150A,CRIP2,PER2,PIDD1,MVP,EPS8L2,LAMB2,RNF126,CRACR2B,CDK18,GSDMB,CHKA,CYP1A1,IMPA2,PLCD3,ZFP36,NAGLU,ZNF554,GPR108,LSM4,LSM2,NES,PTBP1,PGPEP1,WBP1,RNF26,ASS1,CBLN3,MTUS1,CARHSP1,SIAH2,CLIC3,ANKRD9,AMPD3,RAPSN,TOMM40,TRIP10,TJP3,ALDH3B1,ACBD4,EPHX2,ACSF2,ALDH2,TMEM107,UPK3A,TRNP1,EGFL8,RNF215,RNF224,CHAF1A,RMI2,SLC7A5,SAMD1,CRLF1,YPEL3,FTL,INO80B,SHC2,CORO2A,ACP2,SMIM14,DEPP1,SNRPD3,ACTN4,TRIB3,TRIB1,GREB1,OSGIN1,ACY1,HSD17B1,PNPLA2,NRTN,SCNN1D,PRR15L,CUEDC1,EPOP,CDK5RAP3,HMOX1,SNAI3,NFATC3,EHD1,HNRNPF,ATG2A,FNDC11,NRSN2,AIFM3,C1QTNF8,C1QTNF6,ZNF367,NSD2,TUBB4B,SMOC1,TLE3,PGF,RAB36,RAB34,SLC26A1,PLXNB2,PLXNB1,REEP6,TCIRG1,NEMP1,CCDC40,RAB26,CALML6,FTH1,VASN,PANO1,CITED2,CHMP1B,PSD,SLC22A31,CYP2W1,C1RL,CBX2,SAE1,SOWAHC,AXIN1,PPP2R5B,LIMK2,PGAP3,MYL5,ZNF276,ABCB6,RHBDL1,IL22RA1,WFIKKN1,LRRC45,TMC8,TMC6,IDUA,PIM1,FRMD8,SQSTM1,MLXIPL,TP53INP2,CYB5B,SPATA20,RASSF4,PAQR7,STX1B,TSPAN4,RASSF7,ID3,KIF12,RBBP8NL,KIF22,SLC43A1,FUOM,EXOSC4,GPC3,SCARA3,DOK4,FUT3,FUT6,ISG15,PROC,SSTR5,PAOX,AURKB,SERPINE1,SERPINF2,CHST13,SIVA1,PAXX,BATF2,RHBG,SF3A2,CCL20,NOTUM,CLSTN3,GPT2,DGKQ,MINDY1,PSD4,AMH,SLC37A4,NIPSNAP1,TRAF4,METTL27,UNC93B1,SEMA3B,ADRM1,SEMA4G,MGAT4B,SMIM1,INPP5D,CDT1,DAZAP1,TUBG2,GDF15,LY6G5C,TEDC1,ARHGAP18,CASKIN1,PDZD7,SMAD3,CKS1B,MADCAM1,ABCC3,LMNTD2,KLF15,OPRL1,TOB1"
"DEG_HVL_CRC29","11","0.03704000000000000","THAP1","THAP1","297","1442","0.00001214000000000000","0.000295000000000000","1.3440000000000001","ReMap--ChIP-seq","SCX,ORAI3,SLBP,HEXIM1,BTBD19,CCDC9,AGRN,FADS3,EFEMP2,CYSRT1,DGAT1,PKMYT1,FBXO44,NPAS1,AMDHD2,TNFRSF14,NEK8,SDF2L1,NOXA1,VPS9D1,LENG9,ICAM1,TRIM28,FBXO2,PTK6,NDUFAF3,TP73,TLCD1,NOXO1,PCNT,PEX10,GRIN1,TACC3,LYL1,SYNGR3,PLEC,POLD2,TTC16,CD7,PLK3,PLK5,MEX3D,KIFC2,PLIN5,THOC6,RTN4R,INSIG1,SAPCD2,CEBPB,ZNF747,WDR97,BCOR,SLC35B2,HDAC11,BRICD5,ARRDC1,TANGO2,TMEM184A,VWA7,MEGF6,KISS1R,ARHGDIG,COMT,CCDC28B,EME2,FPGS,ISYNA1,OPLAH,STPG3,IQCN,COL6A1,CDH15,MUC1,HES4,SAMD11,HES7,GRIN2C,GRIN3B,PROCA1,FSTL3,RECQL4,CARNS1,LRG1,HR,FSCN2,SOCS3,CELF5,NRARP,SH2D3C,BAIAP2,BAIAP3,TONSL,CCNL2,SLC34A3,ENTPD8,MXRA8,CTXN1,GCDH,PCSK4,DOT1L,MAD2L2,CD164L2,LAMC3,PIDD1,MVP,EPS8L2,CCDC183,RNF126,CRACR2B,PLCH2,GLI4,PLCD3,ZFP36,STIP1,LSM2,LSM7,PTBP1,MROH6,TTLL10,JMJD6,NECAB3,CARMIL2,GNG13,CCDC88B,CLIC3,QRFP,B3GNT9,CA11,TJP3,TMEM134,RELL2,ZC3H18,ACBD4,NAPRT,TMEM107,PDE4A,CHMP6,LTC4S,RGS11,ATF4,EXD3,CDCA5,TPRG1L,CDCA8,AIF1L,RNF224,ACHE,ARHGAP4,RMI2,SPHK2,MED22,ZSWIM8,SAMD1,ZNF467,NUDT22,FTL,CORO1B,LCN2,ITGB2,SMIM24,PBXIP1,CDC45,CCDC78,ACY1,IL11,HSD17B1,PNPLA2,SCNN1D,CACNA1H,SYCE2,SHARPIN,RHPN1,GGN,HOOK2,BHLHE40,TCF3,MXD4,TAPBP,GNB1L,TMEM201,EPOR,ANAPC11,SNAI3,HNRNPL,GNPTG,HNRNPF,FNDC11,GPT,AIFM3,PLEKHN1,NSD2,TUBB4B,RAB3A,TM7SF2,NRBP2,SLC39A3,TLE2,RAB36,RAB34,SLC26A1,CCDC24,REEP6,CNIH2,TCIRG1,FTCD,CHPF2,PLEKHG5,LMF1,RAB26,P2RX6,CALML6,TBC1D10C,RALGDS,TRPM4,PYCR3,PANO1,COL18A1,PSD,IZUMO4,CBFA2T3,RFNG,PSMC3IP,SLC22A31,PTGES2,FAM83E,CBX2,SPRED3,TRPT1,PERM1,THBS3,CDK2AP2,MYL5,ZNF276,RHBDL1,ABCA7,FERMT3,WFIKKN1,PIGQ,LRRC45,TMC8,TMC6,TMC4,IDUA,TMEM54,SQSTM1,LRRC56,B3GALT4,MLXIPL,ZNF512B,ZBTB46,PPM1N,SLC12A9,TSPAN4,SURF1,RASSF7,KIF22,EXOSC4,IL17C,PALM,ISG15,PHF13,SCARF1,AURKB,ACOT7,SYTL1,ACD,TRIP6,PAXX,BATF2,SF3A2,GPR3,PRSS33,NOTUM,DGKQ,AMH,DALRD3,TRAF4,MGAT4B,CHAC1,SMIM1,LCN15,LCN12,CDT1,DAZAP1,BICDL2,NME3,RANBP1,PDIA2,TEDC2,CASKIN1,ALYREF,CHTF18,MADCAM1,LMNTD2,OPRL1,USP20,BAX"
"DEG_HVL_CRC29","12","0.04040000000000000","NRF1","NRF1","299","1453","0.00001224000000000000","0.000295000000000000","1.3430000000000000","ReMap--ChIP-seq","SCO2,ORAI3,SLBP,SHMT2,HEXIM1,HEXIM2,NCAPH2,SFXN3,KCNC3,MMP25,PLSCR3,PAFAH1B3,CCDC9,AGRN,EFEMP2,CYSRT1,KMT5A,DGAT1,PKMYT1,AMDHD2,NEK8,SDF2L1,KCNK6,VPS9D1,E2F1,TRIM46,ICAM1,TRIM28,GIPR,RRAS,PTK6,NDUFAF3,MT-ATP6,SYP,TLCD1,PTMA,NOXO1,MT-ATP8,GRIN1,TACC3,LMNB2,CA9,SYNGR3,PLEC,SLC3A2,CD7,DQX1,ARMC7,HCFC1,MEX3D,CDKN1B,ADAMTSL4,KIFC2,SLC17A7,CDKN2D,PHF5A,PLP2,MAMSTR,THOC6,MCM7,SAPCD2,ZNF747,WDR97,BCOR,SLC35B2,HDAC10,ZNF843,BRICD5,ARRDC1,TYMP,KISS1R,EMC9,ISYNA1,STPG3,IQCN,DDN,MUC1,HES4,MT-ND6,MT-ND4,MT-ND5,MT-ND1,SAMD11,HES7,EML2,NAPSA,GRIN3B,NELFA,SLC29A1,PROCA1,FSTL3,RECQL4,TTLL9,SLC25A45,BCL2L12,SOCS3,NXT1,BAIAP3,TONSL,SLC34A3,ENTPD8,PEX11G,CTXN1,GCDH,PCSK4,HYAL1,TMEM150A,DOT1L,HOMEZ,ARHGEF39,AJM1,PIDD1,BCL7C,MVP,CCDC183,ENO2,PIH1D1,RNF126,CRACR2B,NR2C2AP,WNT10B,TMEM198,TMEM187,GLI4,ZCWPW1,GPR153,PLCD3,CHPF,ZFP36,LSM4,WBP1,MROH1,MROH6,RHEBL1,RUSC1,JMJD6,CCDC88B,CORO6,ANKRD9,B3GNT9,CA11,TMEM143,TMEM145,TMEM134,ELMO3,ACBD4,DLG4,NAPRT,TMEM107,PDE4A,RNF207,SPG7,MT-CO1,RAVER1,MT-CO2,MT-CO3,ATF4,CDCA3,RNF224,RNF227,ACHE,ARHGAP4,SPHK2,ZSWIM8,SAMD1,NUDT22,EXOC3L1,ZNF446,FTL,INO80B,MT-CYB,PBXIP1,TSPAN31,HNRNPA1,SNRPD2,CCDC78,TRIB3,ACY1,HSD17B1,PNPLA2,NCKIPSD,SYCE2,SHARPIN,GGN,HOOK2,ANAPC11,FOSL2,EHD1,HNRNPL,GNPTG,HNRNPF,ATG2A,FNDC11,GMEB1,NRSN2,GPT,GRN,TUBB4B,ADM5,RAB3A,TM7SF2,RAB36,RAB34,SLC26A1,PLXNA3,REEP6,CNIH2,CATSPERG,KAT8,RALGDS,TRPM4,PANO1,PRX,PSD,IZUMO1,TUBB,RFNG,DCST2,NT5C,PSMC3IP,FAM83E,CBX5,CBX2,YBX2,SPRED3,PPP2R5B,TRPT1,PPP2R5D,TRAPPC6A,PERM1,THBS3,CDK2AP2,MT-ND4L,KRTCAP2,MYL5,ZNF276,ABCB6,AGAP2,RHBDL1,ABCA7,GPR19,WFIKKN1,LRRC45,ROM1,IDUA,FRMD8,SQSTM1,ZNF512B,ARRB2,PPM1N,CXXC1,SPATA20,TSPAN4,ID3,TECR,KIF11,KIF22,EXOSC4,CD72,DOK3,FDPS,ISG15,SSH3,ZP3,AURKB,MAPK12,MAPK11,NPHS1,HOXC8,ACD,TRIP6,TIGD3,SF3A2,DGKQ,RNPEPL1,DUSP15,AMH,SLC37A4,DALRD3,TRAF4,LAGE3,HIRIP3,IMPDH2,MGAT4B,CDT1,DAZAP1,BICDL2,DNASE1L1,RASIP1,APLP1,TEDC2,CASKIN1,PDZD7,ALYREF,ARHGAP33,CKS1B,MADCAM1,USP16,OPRL1"
"DEG_HVL_CRC29","13","0.04377000000000000","KLF4","KLF4","299","1454","0.00001290000000000000","0.000295000000000000","1.3420000000000001","ReMap--ChIP-seq","SPINT1,SCO2,DDIT4,ORAI3,HEXIM1,HEXIM2,BTBD19,JAG1,NCAPH2,FXYD3,MMP25,DUSP1,PAFAH1B3,CCDC9,AGRN,EFEMP2,CYSRT1,DGAT1,PKMYT1,NEK8,KCNK6,VPS9D1,TRIM46,LGALS1,TRIM28,SDC4,GIPR,SYNGR2,RRAS,TNFSF13,PTK6,FBXL5,PTMS,MT-ATP6,TLCD1,NOXO1,MT-ATP8,GRIN1,PLAU,UVSSA,TNFAIP2,LMNB2,SYNGR3,ELF3,PLEC,POLD4,PRKCG,VPS18,ARMC7,PLK3,MEX3A,COPZ2,KIFC2,SLC17A7,PLP2,TMEM179B,MAMSTR,THOC6,FANCG,CEBPB,SLC35B2,HDAC10,ZNF846,TMEM184A,EDN1,TYMP,KISS1R,ATP1B1,ISYNA1,STPG3,PDXP,MUC1,SNCG,HES4,MT-ND6,MT-ND4,MT-ND5,MT-ND1,HES7,HSPG2,EML2,RBCK1,C3,COL1A1,EMP1,SLC29A1,PROCA1,RECQL4,STAT6,TTLL1,HR,SLC25A45,SLC16A5,LAG3,SOCS3,SH2D3A,LRP1,TONSL,SLC34A3,ENTPD8,MXRA8,PCBP1,N4BP3,FKBP10,PCSK4,HYAL1,DOT1L,CRIP2,KLK10,KLK11,CAPN5,HOMEZ,NDRG1,PIDD1,CFAP45,PSRC1,CDHR2,MMRN2,MVP,MARVELD1,EPS8L2,LAMB2,PROB1,VIM,PIH1D1,CRACR2B,PA2G4,TMEM198,ZCWPW1,TACR2,PLCD3,CHPF,ZFP36,CLIP2,GPR108,WBP1,CARHSP1,CCDC88B,CLIC3,MYL6B,ANKRD9,MAP4K1,CA11,TRIP10,ELMO3,ALDH3B1,ACBD4,DLG4,TMEM107,TRNP1,KRT80,MT-CO1,MT-CO2,MT-CO3,ATF4,CRABP2,EPB41L1,RNF224,SPHK2,NUDT22,EXOC3L1,INO80B,CORO1C,MT-CYB,ITGB4,ITGA3,PBXIP1,CDC20,CCDC78,ACTN4,TRIB3,TRIB1,HSD17B1,PNPLA2,LOXL1,SCNN1D,UBE2C,BHLHE40,DMKN,TMEM223,CUEDC1,SSRP1,MYO15B,FOSL2,EHD1,HNRNPL,HNRNPF,ATG2A,FNDC11,NRSN2,GPT,PLEKHN1,CEP55,DHRS1,TUBB4B,CLCF1,TM7SF2,LTB4R2,RAB34,CCDC12,PLXNB2,REEP6,PIP5KL1,PKM,CATSPERG,NEMP1,NECTIN4,TBC1D10C,KAT8,KRT7,PPL,RALGDS,PANO1,PRX,PSD,IZUMO1,DCST2,NT5C,ITPRIP,ANXA11,FAM83E,YBX2,HK2,PPP2R5B,TRPT1,PFDN2,PERM1,MT-ND4L,PGAP3,KRTCAP2,MYL5,DDX39A,ZNF276,AGAP2,RHBDL1,ABCA7,FERMT3,LRRC45,MYOF,ROM1,TMC8,TMC6,FLNB,S100A2,FRMD8,S100A5,S100A4,S100A3,TRABD2A,SLC38A2,ZNF512B,PPM1N,PARD6B,IFI35,PAQR7,TSPAN4,TECR,SPTLC2,LYNX1,KIF22,FUOM,GEMIN7,FUT2,ISG15,SSH3,AURKB,MAPK12,MAPK11,S100P,SERPINE1,STMN1,ACOT7,SYTL1,S100A16,S100A13,CDC6,TRIP6,PAXX,ANXA3,TM9SF1,ADAM8,ITPR3,CDK2,RNPEPL1,TRAF4,METTL27,UNC93B1,SEMA3B,AHNAK2,TNS4,CDT1,BICDL2,RASIP1,TEDC1,SMAD3,ARHGAP30,CKS1B,TOB1,STN1"
"DEG_HVL_CRC29","14","0.04714000000000000","CTCFL","CTCFL","297","1450","0.00001843000000000000","0.000373000000000000","1.3350000000000000","ReMap--ChIP-seq","SCX,SCO2,ORAI3,SLBP,SHMT2,HEXIM1,HEXIM2,NCAPH2,SFXN3,MMP25,DUSP9,PAFAH1B3,RAPGEF3,CCDC9,AGRN,FADS2,EFEMP2,CYSRT1,DGAT1,PKMYT1,FBXO44,NPAS1,AMDHD2,NEK8,SDF2L1,NOXA1,ONECUT3,TRIM46,ICAM1,TRIM28,ATXN7L2,FBXO2,SYNGR2,PTK6,BST2,NDUFAF3,SYP,TLCD1,PTMA,NOXO1,IGIP,GRIN1,TACC3,LMNB2,LYL1,ZIC2,SYNGR3,PLEC,SHANK1,POLD4,DQX1,VPS18,HCFC1,PLK5,MEX3D,MEX3A,ADAMTSL4,GJD3,KIFC2,RCCD1,PLIN5,SLC17A7,CDKN2D,PLP2,THOC6,SAPCD2,WDR97,BCOR,SLC35B2,HDAC10,ZNF843,BRICD5,ARRDC1,HELZ2,TMEM184A,TYMP,KISS1R,MEGF8,EME2,FPGS,ISYNA1,THPO,CDH24,STPG3,IQCN,DDN,MUC1,HES4,SAMD11,HES7,MLLT11,GRIN3B,SLC29A1,RNASEK,PROCA1,FSTL3,RECQL4,CARNS1,LRG1,FSCN2,BCL2L12,NRARP,SH2D3C,BAIAP3,TONSL,ZDHHC1,CCNL2,SLC34A3,ENTPD8,MXRA8,CTXN1,TNFRSF13C,PCSK4,HYAL1,FOXD1,CRIP2,AJM1,CD164L2,PIDD1,CCDC194,MVP,EPS8L2,PIH1D1,RNF126,CRACR2B,WNT10B,PA2G4,TMEM198,TMEM187,GLI4,ZCWPW1,GPR153,PLCD3,CHPF,ZFP36,NAGLU,DISP2,LSM4,NES,PTBP1,RNF26,TTLL10,NECAB3,GNG13,CCDC88B,CORO6,CLIC3,ANKRD9,B3GNT9,ALOX12B,CA11,STAC3,TMEM145,ELMO3,DNAJC22,ACBD4,PDE4A,RNF207,CHMP6,MNX1,ATF4,EXD3,CDCA3,CRABP2,CDCA5,RNF224,ACHE,ARHGAP4,SPHK2,MED22,ZNF469,SAMD1,NUDT22,CENPM,CRLF1,YPEL3,EXOC3L1,CCDC78,CCDC9B,ACY1,HSD17B1,VEGFA,NUDT8,PNPLA2,NRTN,SCNN1D,CACNA1H,SHARPIN,RHPN1,MXD3,EPOR,ANAPC11,PRELID1,SNAI3,EHD1,GNPTG,FNDC11,YJEFN3,GPT,C1QTNF8,PLEKHN1,GRN,TUBB4B,ADM5,CLCF1,TM7SF2,TLE2,RAB34,SLC26A1,PLXNB3,REEP6,CNIH2,HGFAC,NEMP1,RAB26,IDH3G,TBC1D10C,RALGDS,PANO1,PSD,RFNG,DCST2,HOXA11,CBX2,YBX2,TRPT1,PERM1,KRTCAP2,MYL5,AGAP2,RHBDL1,ABCA7,WFIKKN1,PIGQ,LRRC45,TMC8,TMC6,IDUA,NTF4,RABAC1,SQSTM1,KANK3,ZNF512B,ZBTB46,PPM1N,SLC12A9,TSPAN4,SURF1,RGL3,KIF22,FUOM,EXOSC4,PALM,DOK3,GEMIN7,NXPH4,RASGRP2,ISG15,PHF13,SSTR5,MAPK12,MAPK11,S100P,SYTL1,HOXB9,SIVA1,TRIP6,PAXX,SF3A2,GPR3,PRSS33,NOTUM,DGKQ,ADAM8,ESAM,RNPEPL1,AMH,DALRD3,TRAF4,SEMA3B,ADRM1,MGAT4B,LCN12,CDT1,DAZAP1,FEN1,BICDL2,NME3,RANBP1,TEDC1,TEDC2,CASKIN1,PDZD7,ALYREF,CHTF18,CKS1B,MADCAM1"
"DEG_HVL_CRC29","15","0.05051000000000000","TFDP1","TFDP1","296","1445","0.00001884000000000000","0.000373000000000000","1.3350000000000000","ReMap--ChIP-seq","DHDH,DDIT4,SLBP,SET,HEXIM1,KCNC3,DUSP1,CCDC9,NCAPD2,AGRN,FADS2,EFEMP2,CYSRT1,KMT5A,DGAT1,PKMYT1,FBXO44,AMDHD2,TNFRSF14,NEK8,SDF2L1,E2F2,TSPOAP1,ICAM1,TRIM28,FBXO5,FBXO2,DHX9,SYNGR2,NEU1,MT-ATP6,TLCD1,PTMA,NOXO1,PCNT,SPRYD4,MT-ATP8,GRIN1,TACC3,LMNB1,LYL1,MYBL2,SYNGR3,SLC3A2,POLD4,RRM2,DQX1,VPS18,WDR76,HCFC1,NUP85,BTG2,CDKN1B,TK1,KIFC2,KIFC1,RCCD1,GART,SLC17A7,CDKN2D,CDKN2C,TMEM179B,FKBP5,INSIG1,FANCG,MCM7,CKAP2L,DNAJC9,NOD1,TULP2,BCOR,SLC35B2,BRICD5,TANGO2,VWA7,KISS1R,COMT,CCDC28B,TIMELESS,ISYNA1,STPG3,MUC1,HES4,MT-ND6,MDC1,MT-ND4,MT-ND5,MT-ND1,SCAMP5,HES7,CFAP99,NAPSA,UCK2,TUBA1B,SLC29A1,PROCA1,RECQL4,HLA-DMA,UCP2,SLC25A45,PFKFB3,TROAP,BCL2L12,NRARP,TONSL,SLC34A3,GCDH,PCSK4,AUNIP,CCNE2,HOMEZ,CD164L2,LAMC3,PIDD1,BCL7C,MVP,INAFM1,PIH1D1,RNF126,PA2G4,PFAS,TMEM187,GLI4,ZCWPW1,PLCD3,LSM2,NES,PTBP1,DNMT3B,PTBP3,ZNF513,RNF26,RHEBL1,JMJD6,CARHSP1,FAF1,MYL6B,QRFP,SLC20A1,NRM,DNAJC22,ACBD4,TBCD,TMEM107,PDE4A,EGFL8,MT-CO1,SYNGAP1,MT-CO2,MT-CO3,CRABP2,AIF1L,RNF224,PRXL2B,ACHE,CHAF1A,SPHK2,MED22,ZNF467,CENPU,YPEL3,FTL,GMPS,MT-CYB,PBXIP1,CDC45,HNRNPA1,CCDC78,TRIB3,EGR1,DHRS13,PDIK1L,HSD17B1,MGAT1,NUDT8,HNRNPA2B1,PNPLA2,SYCE2,GFY,HOOK2,NASP,UBE2S,BHLHE40,TMEM223,TAPBP,GNB1L,HNRNPU,HNRNPR,ANAPC11,HNRNPL,HNRNPF,HNRNPD,SNAI1,NRSN2,GPT,ZNF367,TUBB4B,ADM5,CLCF1,HID1,NRBP2,FCGRT,HMGN2,TLE2,RAB36,RAB34,REEP6,RFC4,P2RX6,PCLAF,RALGDS,PANO1,TUBB,CBFA2T3,CBX5,CBX3,CBX2,SAE1,PERM1,THBS3,PCED1A,WEE1,MT-ND4L,DDX39A,NCAPH,RHBDL1,GPR19,WFIKKN1,PIGZ,LETM2,ROM1,MRPL51,COL11A2,PLXDC1,PIM1,FRMD8,SQSTM1,LRRC56,SLC38A2,B3GALT4,ZNF512B,BIRC5,PPM1N,PPM1G,PARD6B,TMPO,PAQR7,SURF1,RASSF7,ID3,ARMC12,KIF22,KIF2C,SPC24,JADE1,HNRNPUL1,SLC1A5,ISG15,PHF13,PHF19,NUP62,PAOX,AURKB,UQCRHL,SPATA33,STMN1,TRIP6,ITPKA,SF3A2,GPR3,NOTUM,FN3K,AMH,TRAF4,HIRIP3,MGAT4B,KLK1,CDT1,ANP32E,ANP32B,DAZAP1,FEN1,PPCDC,RAD51C,RANBP1,GDF15,LY6G5C,TEDC2,SMAD3,ALYREF,CKS1B,MADCAM1,KLF10,LMNTD2,ZNF184,BAX"
"DEG_HVL_CRC29","16","0.05387000000000000","MAZ","MAZ","295","1453","0.00003717000000000000","0.000690000000000000","1.3200000000000001","ReMap--ChIP-seq","SCO2,DDIT4,ORAI3,SHMT2,HEXIM1,HEXIM2,BTBD19,NCAPH2,SFXN3,MMP25,DUSP1,PAFAH1B3,CCDC9,AGRN,EFEMP2,CYSRT1,DGAT1,PKMYT1,AMDHD2,TNFRSF14,NEK8,NOXA1,VPS9D1,TRIM46,ICAM1,TRIM28,SDC4,GIPR,RRAS,TNFSF13,PTK6,NDUFAF3,PTMS,SYP,TLCD2,TLCD1,PTMA,NOXO1,TNFAIP2,LMNB2,LYL1,SYNGR3,PLEC,GALT,POLD4,CD7,VPS18,ARMC7,PLK3,MEX3A,ADAMTSL4,COPZ2,GJD3,KIFC2,SLC17A7,PLP2,THOC6,MCM7,SAPCD2,CEBPB,WDR97,SLC35B2,HDAC10,BRICD5,TMEM184A,VWA7,TYMP,KISS1R,FPGS,ISYNA1,STPG3,IQCN,PDXP,MUC1,HES4,MDC1,SAMD11,HES7,EML2,C3,COL1A1,GRIN3B,SLC29A1,PROCA1,FSTL3,RECQL4,CARNS1,STAT6,HR,SLC25A45,SLC16A5,FSCN2,BCL2L12,SOCS3,NRARP,SH2D3C,LRP1,BAIAP3,TONSL,SLC34A3,ENTPD8,MXRA8,CTXN1,FKBP10,PCSK4,HYAL1,DOT1L,CRIP2,PDGFRB,HOMEZ,ZFHX2,AJM1,PIDD1,MVP,CCDC183,INAFM1,ENO2,PIH1D1,RNF126,CRACR2B,TMEM198,ZCWPW1,PLCD3,CHPF,ZFP36,NAGLU,GPR108,LSM4,LSM2,NES,PTBP1,WBP1,MROH6,RNF26,JMJD6,CCDC88B,CLIC3,ANKRD9,B3GNT9,CA11,TRIP10,NRM,TMEM145,PAM16,TMEM134,ELMO3,ALDH3B1,ACBD4,DLG4,NAPRT,TMEM107,PDE4A,EGFL8,LTC4S,SYNGAP1,EXD3,CDCA3,CRABP2,RNF224,SPHK2,SAMD1,NUDT22,YPEL3,EXOC3L1,FTL,INO80B,CORO1B,PBXIP1,TSPAN31,CCDC78,TRIB3,CCDC9B,ACY1,THTPA,IL11,HSD17B1,VEGFA,PNPLA2,SHARPIN,BHLHE40,TAPBP,EPOR,ANAPC11,EHD1,HNRNPL,HNRNPF,FNDC11,NRSN2,GPT,PLEKHN1,GRN,TUBB4B,CLCF1,RAB3A,TM7SF2,FCGRT,TLE3,TLE2,RAB34,SLC26A1,PLXNB2,REEP6,CNIH2,TCIRG1,PIP5KL1,NEMP1,RAB26,TBC1D10C,KAT8,RALGDS,TRPM4,PYCR3,VASN,PANO1,PRX,PSD,TUBB,RFNG,DCST2,SLC22A31,FAM83E,CBX2,YBX2,TRPT1,PERM1,THBS3,KRTCAP2,ZNF276,AGAP2,RHBDL1,ABCA7,FERMT3,WFIKKN1,PIGQ,LRRC45,ROM1,TMC8,TMC6,TMC4,IDUA,FRMD8,S100A5,S100A3,SQSTM1,LRRC56,B3GALT4,ZNF512B,ZBTB46,PPM1N,TSPAN4,RASSF7,ID3,TECR,KIF22,EXOSC4,PALM,DOK3,GEMIN7,NXPH4,ISG15,AURKB,MAPK12,MAPK11,SERPINE1,HOXB9,S100A16,S100A13,SIVA1,TRIP6,PAXX,NOTUM,DGKQ,RNPEPL1,AMH,TRAF2,DALRD3,TRAF4,UNC93B1,SEMA3B,AHNAK2,MGAT4B,CDT1,DAZAP1,BICDL2,DNASE1L1,GDF15,TEDC1,CASKIN1,PDZD7,ALYREF,CKS1B,MADCAM1,LMNTD2,OPRL1,BAX"
"DEG_HVL_CRC29","17","0.05724000000000000","NFYA","NFYA","293","1445","0.00004295000000000000","0.000750000000000000","1.3180000000000001","ReMap--ChIP-seq","ALKBH6,DDIT4,ORAI3,HEXIM1,HEXIM2,SFXN3,TOMM40L,PAFAH1B3,CCDC9,AGRN,FADS2,EFEMP2,CYSRT1,DGAT1,PKMYT1,NEK8,SDF2L1,E2F1,LGALS1,TRIM28,GIPR,APOE,PCK2,CPLANE2,BST2,MT-ATP6,TLCD2,TLCD1,PTMA,PCNA,NOXO1,PCNT,MT-ATP8,GALT,SLC3A2,RRM2,TTC16,VPS18,ARMC1,PLK5,BTG2,COPZ2,ANGPTL4,SLC17A7,CDKN2D,TMEM179B,PODNL1,MAMSTR,DYRK1B,FANCG,MCM7,SAPCD2,TULP2,WDR97,APOC1,HDAC11,NIPAL3,BRICD5,TANGO2,KNL1,UBXN6,EMC9,FPGS,STPG3,PDXP,MT-ND6,MT-ND4,MT-ND5,MT-ND1,EML2,C3,TUBA1B,SIRT2,RNASEK,PROCA1,RECQL4,CARNS1,TROAP,ACAT2,BCL2L12,NXT1,SH2D3A,SH2D3C,FOXL1,SLC25A19,HSD17B14,BAIAP2,BAIAP3,SLC25A35,SLC34A3,PEX11G,GCDH,DOC2A,PCSK4,HYAL1,TMEM150A,ALDH4A1,CCDC159,HOMEZ,CCNB1,KLHL24,AJM1,BCL7C,RBM14,CCDC194,CCDC183,INAFM1,ENO2,PIH1D1,RNF126,NR2C2AP,PA2G4,VSIG10L,ZCWPW1,TMEM160,NMNAT1,PLCD3,HJURP,ZFP36,NAGLU,ZNF552,GPR108,LSM4,PTBP1,PGPEP1,WBP1,RHEBL1,ARL6IP6,CCDC88B,CREBRF,CLIC4,TNFAIP8L1,B3GNT3,TOMM40,CA11,TRIP10,TMEM143,TMEM145,TMEM134,DNAJC22,ACBD7,ACBD4,TMEM107,PDE4A,MT-CO1,MT-CO2,MT-CO3,ATF4,CDCA3,CDCA8,RNF224,SPHK2,ZSWIM8,SAMD1,NUDT22,CENPH,CENPM,EXOC3L1,SLC27A1,ZNF446,CDC25C,FTL,INO80B,NAE1,FUZ,MT-CYB,PBXIP1,HNRNPA1,CDC20,SNRPD2,ACY1,PDIK1L,HSD17B1,TBC1D31,PRR15L,SYCE2,SHARPIN,RHPN1,GFY,TMEM230,HOOK2,MXD3,TMEM221,TMEM223,DACT3,EPOR,HNRNPR,CDK5RAP3,ANAPC11,SNAI3,EHD1,HNRNPL,ATG2A,GPT,TCP1,GRN,TUBB4B,RAB3A,TM7SF2,FCGRT,TLE2,ILF2,TLE6,RAB34,TCTA,SNRPA,CCDC32,PLXNB1,REEP6,CNIH2,PIP5KL1,HAUS5,NEMP1,TBC1D10C,KAT8,SPTBN4,RALGDS,PRX,IZUMO1,RFNG,DCST2,PSMC3IP,AMN1,COTL1,FAM83E,CBX5,CBX2,CBX1,PPP2R5B,TRPT1,CDK2AP2,MT-ND4L,DDX39A,RFX5,PIF1,RHBDL1,ABCA7,FERMT3,WFIKKN1,LRRC45,ROM1,KANK2,NTF4,PLXDC1,ZBTB26,PIM1,KANK3,ARRB2,ZBTB46,PPM1N,NTN5,CYB5B,NDUFA7,TECR,BRCA1,EXOSC2,CD74,SPC24,HNRNPUL2,MAST3,ZP3,AURKB,PASK,ASF1B,HOXC8,SIVA1,TNFSF9,GARNL3,MORN3,DNMT1,AK1,CDK2,TRAF2,TRAF4,METTL27,SEMA3B,DCAF15,SPAG8,SLC6A16,CDT1,BTN3A1,DNASE1L1,RASIP1,GDF15,TEDC1,PDZD7,ALYREF,ARHGAP33,CKS1B,USP16,TOB1,PRRG2,BAX"
"DEG_HVL_CRC29","18","0.06061000000000000","PAX5","PAX5","294","1453","0.00004862000000000000","0.000802000000000000","1.3149999999999999","ReMap--ChIP-seq","ZC3H12D,SCO2,DDIT4,ORAI2,SLBP,SET,HEXIM1,HEXIM2,BTBD19,JAG1,NCAPH2,KCNC3,JAK3,DUSP4,DUSP5,PAFAH1B3,CCDC9,AGRN,EFEMP2,CYSRT1,MAP3K5,PKMYT1,AMDHD2,TNFRSF14,NEK8,NOXA1,CERS4,VPS9D1,LENG9,E2F1,E2F2,TSPOAP1,ICAM1,TRIM28,SYNGR2,TNFSF13,PTK6,NDUFAF3,TP73,MT-ATP6,RAC2,TLCD1,PTMA,NOXO1,MT-ATP8,GRIN1,TACC3,DENND6B,TNFAIP2,LMNB2,LYL1,SYNGR3,PLEC,POLD1,DQX1,HCFC1,PLK3,BTG2,CDKN1A,CDKN1B,TK1,SLC17A9,CDKN2D,MAP3K14,MCM7,SAPCD2,SLC35B2,HDAC10,ARRDC1,TYMP,KISS1R,EMC9,EME2,FPGS,ISYNA1,STPG3,IQCN,HES4,MT-ND6,MDC1,MT-ND4,MT-ND5,MT-ND1,HES7,NAPSA,GRIN3B,SLC29A1,RNASEK,PROCA1,FSTL3,RECQL4,HLA-DMA,HLA-DMB,CARNS1,SLC25A45,FSCN2,BCL2L12,SOCS3,PIK3CD,SH2D3A,SH2D3C,SLC25A19,BAIAP3,SPON2,CCNL2,SLC34A3,ENTPD8,MXRA8,PCBP1,TNFRSF13C,DOT1L,CRIP2,CCND2,PIDD1,IRF8,MVP,MX1,INAFM1,ENO2,RNF126,CRACR2B,TMEM187,ZCWPW1,PLCD3,GPR146,ZFP36,NAGLU,TMSB10,CLIP2,LSM4,LSM2,LSP1,PTBP1,PATL2,MROH6,NECAB3,CCDC88B,MYL6B,B3GNT9,CA11,NRM,TMEM134,ELMO3,AKNA,ACBD4,DLG4,NAPRT,TMEM107,PDE4A,HSH2D,LTC4S,MT-CO1,SYNGAP1,MT-CO2,MT-CO3,ATF4,EXD3,CDCA4,RNF224,PRXL2B,ARHGAP4,RMI2,SPHK2,SAMD1,NUDT22,CENPM,EXOC3L1,FTL,CORO1B,MT-CYB,ITGB2,REC8,NUDT1,CCDC102A,CCDC78,TRIB3,EGR1,EGR3,HSD17B1,MGAT1,NUDT8,PNPLA2,SCNN1D,ADGRG5,BHLHE40,TCF3,RSPH1,ANAPC11,SNAI3,EHD1,HNRNPL,HNRNPF,FNDC11,NRSN2,GPT,C1QTNF6,GRN,TUBB4B,RAB3A,TM7SF2,FCGRT,TLE3,RAB34,PLXNB2,CNIH2,PIP5KL1,RFC2,NEMP1,DENND3,LONP1,TBC1D10C,PYCR3,PANO1,LIMD2,PRX,PSD,IZUMO4,TUBB,CBFA2T3,RFNG,PSMC3IP,CYP2W1,COTL1,FAM83E,SAE1,YBX2,TRPT1,PERM1,FAM167B,FAM167A,MT-ND4L,DDX39A,ZNF276,TAPBPL,RHBDL1,ABCA7,FERMT3,WFIKKN1,LRRC45,ROM1,TMC8,TMC6,FRMD8,SQSTM1,TRABD2A,LRRC56,SLC38A2,GDPGP1,ZNF512B,PPM1N,RASSF4,TSPAN4,RASSF7,ID3,CD74,CD72,IL17C,DOK3,GEMIN7,ISG15,PHF13,PHF19,MAST3,NUP62,AURKB,MAPK12,MAPK11,SLC19A1,TRIP6,TNFSF9,SF3A2,NOTUM,DNMT1,SLC37A1,RNPEPL1,AMH,TRAF1,DALRD3,TRAF4,TNNI2,TPCN1,MGAT4B,INPP4A,CDT1,DAZAP1,NME3,TUBG2,TEDC1,TEDC2,SMAD3,ALYREF,LMNTD2,OPRL1,BAX"
"DEG_HVL_CRC29","19","0.06397000000000000","HSF1","HSF1","293","1449","0.00005223000000000000","0.000816000000000000","1.3140000000000001","ReMap--ChIP-seq","DDIT4,SLBP,SHMT2,HEXIM1,HEXIM2,BTBD19,DUSP1,PAFAH1B3,CCDC9,EFEMP2,CYSRT1,DGAT1,VMAC,PKMYT1,NOXA1,TRIM46,LGALS1,TRIM28,RRAS,PTMS,MT-ATP6,CACYBP,NOXO1,PEX10,MT-ATP8,TACC3,FGF19,UVSSA,FGF11,LMNB2,LYL1,SYNGR3,POLD1,POLD2,CD7,PLK3,PLK5,MEX3D,ADAMTSL4,EXOC7,KIFC2,AP5Z1,ASPDH,SLC26A11,TPP1,MCM7,MCM5,ZNF747,WDR97,SLC35B2,HDAC10,BRICD5,TMEM184A,MEGF6,KISS1R,EME2,ISYNA1,PXMP2,STPG3,IQCN,CDH15,PDXP,MUC1,MT-ND6,MT-ND4,MT-ND5,MT-ND1,SAMD11,HES7,CFAP99,HSPH1,COL1A1,GRIN3B,SLC29A1,FSTL3,CARNS1,SLC25A45,BCL2L12,NRARP,LRP1,HSD17B14,BAIAP2,BAIAP3,SPON2,TONSL,DHX58,CCNL2,SLC34A3,ENTPD8,MXRA8,PEX11G,DOC2A,PCSK4,CCDC117,DOT1L,CRIP2,ALDH4A1,BANF1,ZFHX2,AJM1,PIDD1,ENO2,RNF126,CRACR2B,NR2C2AP,TMEM198,PFAS,GLI4,ZCWPW1,GPR153,PLCD3,GPR146,CHPF,ZFP36,STIP1,LSM4,LSM7,NES,LSP1,PGPEP1,RANGAP1,TTLL10,JMJD6,GNG13,CCDC88B,CLIC3,B3GNT7,CA11,TJP3,TMEM134,DNAJC30,ALDH3B1,ACBD4,DLG4,SGSH,TMEM107,POLE,CHMP6,LTC4S,HSPE1,MT-CO1,MT-CO2,MT-CO3,EXD3,CDCA3,TPRG1L,RNF224,SPHK2,MED22,SLC7A5,ZNF473,ZNF469,SAMD1,NUDT22,CRLF1,FTL,CORO1B,MT-CYB,ITGB2,SMIM24,PBXIP1,REC8,NUDT1,CCDC78,MYO7A,SLC45A4,ACY1,THTPA,RELT,NUDT8,HNRNPA2B1,PNPLA2,CACNA1H,SHARPIN,SYT8,TCF3,TRA2B,GALNS,MYO15B,ANAPC11,HMOX1,SNAI3,EHD1,GNPTG,HNRNPF,C1QTNF8,C1QTNF6,PLEKHN1,TCP1,TUBB4B,ADM5,CLCF1,TM7SF2,FCGRT,BRSK1,SLC26A1,HSPBP1,PLXNA3,REEP6,TCIRG1,AP1G2,HGFAC,NEMP1,DENND3,LMF1,CALML6,TBC1D10C,TRPM4,PANO1,COL18A1,PRX,PSD,IZUMO4,CBFA2T3,RFNG,CYP2W1,FAM83E,CBX3,AXIN1,TRPT1,MT-ND4L,KRTCAP2,RHBDL1,ABCA7,FERMT3,WFIKKN1,PIGQ,LRRC45,PGAM5,IDUA,FRMD8,SQSTM1,ZNF512B,ZBTB46,PPM1N,NTN5,PARD6B,TSPAN4,SURF1,TECR,RBBP8NL,TMPRSS9,CCT5,PALM,NXPH4,FUT3,FUT6,CACFD1,SSH3,SSTR5,ZP3,AURKB,MAPK12,CLCN7,MAPK11,SERPINE1,ACOT7,SYTL1,S100A13,SLC19A1,SIVA1,TRIP6,PAXX,NFAM1,SF3A2,TM9SF1,NOTUM,ABHD11,DGKQ,ADAM8,PSCA,AMH,TRAF2,METTL27,UNC93B1,SEMA3B,HIRIP3,TNNI2,MGAT4B,LCN12,CDT1,CCT6A,DAZAP1,NME3,RANBP1,TEDC1,CASKIN1,ALYREF,CHTF18,SLC2A6,CKS1B,MADCAM1,BAX"
"DEG_HVL_CRC29","20","0.06734000000000000","ZNF263","ZNF263","292","1450","0.00007134000000000000","0.001060000000000000","1.3069999999999999","ReMap--ChIP-seq","SCX,DDIT4,ORAI3,SLBP,SHMT2,ADAMTS13,MMP25,PAFAH1B3,RAPGEF3,AGRN,FADS3,EFEMP2,CYSRT1,DGAT1,AMDHD2,TNFRSF14,NEK8,SDF2L1,NOXA1,SP6,ONECUT3,VPS9D1,TMEM63A,SYNGR2,NEU1,PTK6,TP73,DMBX1,TLCD1,NOXO1,PCNT,PEX10,CFAP157,GRIN1,TACC3,FGF17,LYL1,SYNGR3,PLEC,PSMB10,POLD4,TTC16,CD7,HCFC1,MEX3A,ADAMTSL2,KIFC2,SLC17A7,PLP2,THOC6,RTN4R,INSIG1,SAPCD2,WDR97,SLC35B2,HDAC10,BRICD5,TANGO2,TMEM184A,VWA7,MEGF6,KISS1R,GINS2,COMT,EME2,FPGS,ISYNA1,THPO,STPG3,IQCN,COL6A1,CDH15,PDXP,HES4,SAMD11,C3,NGFR,CFAP73,GRIN3B,SLC29A1,FSTL3,RECQL4,CARNS1,HR,FSCN2,SOCS3,NRARP,SH2D3C,BAIAP2,BAIAP3,TONSL,CCNL2,SLC34A3,PHYKPL,ENTPD8,MXRA8,N4BP3,FKBP10,TNFRSF13C,PCSK4,CRIP2,MAD2L2,PDGFRB,AJM1,CD164L2,LAMC3,PIDD1,MVP,EPS8L2,CCDC183,PIH1D1,RNF126,CRACR2B,CDK18,TMEM198,SLC6A9,PLCH2,TMEM187,GLI4,GPR153,PLCD3,GPR146,COL16A1,CHPF,ZFP36,GPR108,LSM7,NES,PTBP1,KCNAB2,MROH6,TTLL10,PDE2A,GNG13,CCDC88B,CLIC3,QRFP,STAC3,TRIP10,TJP3,DNAJC30,ACBD4,DLG4,NAPRT,CHMP6,LTC4S,EXD3,CRABP2,TPRG1L,AIF1L,RNF224,PRXL2B,ACHE,ARHGAP4,SPHK2,MED22,ZNF469,ZNF467,NUDT22,CENPM,CRLF1,CORO1B,LCN2,ITGB2,HNRNPAB,CCDC78,OSGIN1,ACY1,IL11,NUDT8,PNPLA2,CRTC1,SCNN1D,SHARPIN,RHPN1,GFY,GGN,TMEM234,DMKN,GNB1L,GALNS,ANAPC11,SNAI3,EHD1,GNPTG,FNDC11,YJEFN3,GPT,AIFM3,PLEKHN1,TUBB4B,CLCF1,NRBP2,TLE2,RAB36,RAB34,SLC26A1,CCDC24,REEP6,CNIH2,TCIRG1,FTCD,PIP5KL1,CHPF2,IDH3G,P2RX6,CALML6,TBC1D10C,TRPM5,RALGDS,PYCR3,PANO1,COL18A1,PSD,RFNG,DCST2,PTGES2,CYP2W1,FAM83E,CBX2,SPRED3,TRPT1,PERM1,WNT11,PGAP3,ZNF276,RHBDL1,ABCA7,WFIKKN1,PIGQ,LRRC45,TMC8,TMC6,IDUA,SQSTM1,LRRC56,SPATA20,SLC12A7,SLC12A9,TSPAN4,SURF1,RASSF7,ANO9,EXOSC4,IL17C,KHSRP,DOK3,NXPH4,CACFD1,ISG15,PHF13,MAPK12,S100P,SYTL1,HOXB9,HOXC8,SIVA1,TRIP6,PAXX,SF3A2,GPR3,NOTUM,ABHD11,DGKQ,AK1,AMH,TRAF2,TRAF4,HIRIP3,ADRM1,MGAT4B,SMIM5,SMIM1,LCN15,LCN12,CDT1,DAZAP1,BICDL2,NME3,DNASE1L1,RANBP1,TEDC1,TEDC2,CASKIN1,ALYREF,ARHGAP33,CHTF18,SLC2A6,MADCAM1,LMNTD2,OPRL1,USP20"
"DEG_HVL_CRC29","21","0.07071000000000000","NEUROD1","NEUROD1","292","1452","0.00007845000000000000","0.001060000000000000","1.3049999999999999","ReMap--ChIP-seq","HEMK1,DHDH,DDIT4,ORAI3,SHMT2,HEXIM1,BTBD19,KCNC3,PAFAH1B3,CCDC9,AGRN,FADS3,EFEMP2,CYSRT1,DGAT1,PKMYT1,FBXO44,AMDHD2,TNFRSF14,NEK8,SDF2L1,SP6,VPS9D1,E2F1,E2F2,TSPOAP1,ICAM1,FBXO2,GIPR,SYNGR2,APOE,CPLANE2,BST2,DMBX1,MT-ATP6,SYP,TLCD2,TLCD1,NOXO1,MT-ATP8,TNFAIP2,LYL1,SYNGR3,PLEC,POLD4,POLD1,CD7,HCFC1,PLK3,MEX3A,BTG2,ADAMTSL4,KIFC2,KIFC1,SLC17A7,PLP2,MAMSTR,THOC6,MCM7,CEBPB,TULP2,WDR97,APOC1,BCOR,IFITM2,BRICD5,TANGO2,TMEM184A,KISS1R,COMT,FPGS,ISYNA1,CDH24,STPG3,IQCN,HES4,MT-ND6,MDC1,MT-ND4,MT-ND5,MT-ND1,SAMD11,HES7,HSPG2,EML2,CFAP99,C3,NAPSA,GRIN3B,SLC29A1,PROCA1,RECQL4,CARNS1,SLC25A42,FSCN2,BCL2L12,SOCS3,NRARP,SH2D3A,SH2D3C,BAIAP2,TONSL,CCNL2,SLC34A3,MXRA8,CTXN1,GCDH,HYAL1,MAD2L2,CD164L2,LAMC3,PIDD1,BCL7C,PSRC1,CCDC194,MVP,INAFM1,ENO2,CREB3L1,MYB,PIH1D1,CRACR2B,PA2G4,VSIG10L,TMEM187,GLI4,ZCWPW1,PLCD3,ZFP36,NAGLU,GPR108,LSM4,NES,PTBP1,PGPEP1,WBP1,MROH6,RNF26,NECAB3,CCDC88B,MYL6B,QRFP,B3GNT9,TOMM40,CA11,KRT19,KRT15,TRIP10,TJP3,NRM,TMEM134,ASIC1,ACBD4,DLG4,NAPRT,TMEM107,PDE4A,EGFL8,MT-CO1,SYNGAP1,RAVER1,MT-CO2,MT-CO3,AIF1L,RNF224,ACHE,ARHGAP4,SPHK2,SAMD1,NUDT22,EXOC3L1,FTL,CORO1B,MT-CYB,SMIM24,PBXIP1,CCDC78,TRIB3,EGR1,LPAR5,DHRS13,HSD17B1,PNPLA2,SCNN1D,SHARPIN,GFY,GGN,TMEM234,HOOK2,BHLHE40,TAPBP,GNB1L,ANAPC11,EHD1,NRSN2,GPT,PLEKHN1,GRN,TUBB4B,CLCF1,RAB3A,TM7SF2,TLE2,RAB36,RAB34,SLC26A1,CCDC24,PIP5KL1,CATSPERG,NEMP1,P2RX6,TBC1D10C,RALGDS,TRPM4,PYCR3,PANO1,PSD,IZUMO1,TUBB,CBFA2T3,DCST2,FAM83E,YBX2,SPRED3,TRPT1,PERM1,MT-ND4L,DDX39A,ZNF276,RHBDL1,ABCA7,FERMT3,WFIKKN1,PIGQ,LYPLA2,ROM1,TMC8,TMC6,IDUA,COL11A2,PIM1,SQSTM1,B3GALT4,ZNF512B,PPM1N,IFI35,SLC12A9,TSPAN4,ID3,TECR,EXOSC4,DOK3,NXPH4,SLC1A5,RASGRP2,ISG15,PHF13,MAST3,AURKB,SERPINE1,SYTL1,HOXB9,HOXC8,ACD,MTHFR,TRIP6,NOTUM,ABHD11,DGKQ,AK1,AMH,TRAF4,SEMA3B,MGAT4B,KLK1,SMIM1,CDT1,DAZAP1,BICDL2,DNASE1L1,RASIP1,RANBP1,GDF15,LY6G5C,CASKIN1,SMAD3,ALYREF,CKS1B,MADCAM1,KLF11,OPRL1,BAX"
"DEG_HVL_CRC29","22","0.07407000000000000","MAX","MAX","292","1452","0.00007845000000000000","0.001060000000000000","1.3049999999999999","ReMap--ChIP-seq","SCO2,DDIT4,SLBP,SET,SHMT2,HEXIM1,HEXIM2,BTBD19,NCAPH2,SFXN3,KCNC3,MMP25,DUSP1,PAFAH1B3,CCDC9,AGRN,EFEMP2,CYSRT1,DGAT1,PKMYT1,AMDHD2,NEK8,SDF2L1,NOXA1,VPS9D1,E2F1,TRIM46,E2F2,TSPOAP1,ICAM1,LGALS1,TRIM28,GIPR,SYNGR2,TNFSF13,NDUFAF3,TLCD1,PTMA,NOXO1,TACC3,TNFAIP2,LMNB2,LYL1,ZIC2,SYNGR3,PLEC,SLC3A2,POLD4,CD7,VPS18,ARMC7,PLK3,MEX3A,BTG2,COPZ2,KIFC2,SLC17A7,CDKN2D,PLP2,THOC6,MCM7,SAPCD2,CEBPB,WDR97,BCOR,SLC35B2,HDAC10,BRICD5,ARRDC1,TMEM184A,TYMP,KISS1R,EMC9,ISYNA1,CDH24,STPG3,IQCN,PDXP,DDN,MUC1,HES4,SAMD11,HES7,HSPG2,EML2,C3,GRIN3B,SLC29A1,PROCA1,FSTL3,RECQL4,CARNS1,HR,SLC16A5,FSCN2,BCL2L12,SOCS3,NRARP,SLC25A29,TONSL,SLC34A3,ENTPD8,MXRA8,CTXN1,PCBP1,PCSK4,HYAL1,TMEM150A,DOT1L,CRIP2,GLB1L,CCDC159,AJM1,PIDD1,CDHR2,MVP,CCDC183,INAFM1,ENO2,PIH1D1,RNF126,CRACR2B,PA2G4,GLI4,ZCWPW1,PLCD3,ZFP36,NAGLU,TMSB10,GPR108,LSM4,NES,PTBP1,WBP1,JMJD6,CCDC88B,CORO6,MYL6B,AMPD3,B3GNT9,CA11,STAC3,TRIP10,ELMO3,ALDH3B1,ACBD4,DLG4,TMEM107,PDE4A,KRT80,LTC4S,ATF4,EXD3,CDCA3,CRABP2,RNF224,ACHE,ARHGAP4,SPHK2,MED22,SLC7A5,SAMD1,NUDT22,CENPM,EXOC3L1,FTL,INO80B,PBXIP1,CCDC78,ACTN4,TRIB3,CCDC9B,ACY1,IL11,HSD17B1,OSM,NUDT8,PNPLA2,SHARPIN,GFY,BHLHE40,EPOR,ANAPC11,FOSL2,EHD1,HNRNPL,HNRNPF,NRSN2,GPT,PLEKHN1,GRN,TUBB4B,CLCF1,RAB3A,TM7SF2,FCGRT,TLE3,RAB34,SLC26A1,CCDC24,PLXNB2,REEP6,CNIH2,TCIRG1,PIP5KL1,NEMP1,RAB26,CALML6,FTH1,TBC1D10C,KAT8,RALGDS,TRPM4,PANO1,PSD,TUBB,RFNG,DCST2,SLC22A31,FAM83E,CBX2,YBX2,TRPT1,PERM1,THBS3,KRTCAP2,MYL5,ZNF276,AGAP2,RHBDL1,ABCA7,FERMT3,WFIKKN1,LYPLA2,LRRC45,ROM1,TMC8,TMC6,IDUA,PIM1,FRMD8,S100A5,S100A4,S100A3,SQSTM1,TRABD2A,SLC38A2,ZNF512B,PPM1N,TSPAN4,SURF1,ID3,TECR,KIF22,EXOSC4,GEMIN7,NXPH4,SLC1A5,ISG15,AURKB,MAPK12,MAPK11,S100P,SERPINE1,TRIP6,NOTUM,ABHD11,DGKQ,PSAP,RNPEPL1,AMH,TRAF4,UNC93B1,SEMA3B,MGAT4B,LCN15,CDT1,DAZAP1,BICDL2,TUBG2,DNASE1L1,GDF15,TEDC1,TEDC2,CASKIN1,PDZD7,SMAD3,ALYREF,CKS1B,MADCAM1,OPRL1,BAX"
"DEG_HVL_CRC29","23","0.07743999999999999","SOX9","SOX9","291","1448","0.00008417000000000000","0.001070000000000000","1.3029999999999999","ReMap--ChIP-seq","SPINT1,SCO2,DDIT4,ORAI3,SLBP,SET,HEXIM1,HEXIM2,BTBD19,SFXN3,SHB,MMP25,PAFAH1B3,AGRN,EFEMP2,CYSRT1,DGAT1,PKMYT1,ZKSCAN1,NEK8,SDF2L1,SP2,SP6,KCNK6,E2F1,LGALS4,LGALS1,TRIM28,TMEM63A,SDC4,GIPR,SYNGR2,RRAS,PTK6,CPLANE2,NDUFAF3,PTMS,DMBX1,ZHX2,TLCD1,PTMA,PCNA,NOXO1,PEX10,TACC3,FGF19,ZIC2,CA9,SYNGR3,ELF3,SLC3A2,POLD4,VPS18,ARMC7,WDR73,BCAM,PLK3,KIFC2,PLP2,TMEM179B,MAMSTR,TPM2,THOC6,TPP1,MCM7,SAPCD2,CEBPB,ZNF747,WDR97,HDAC10,ARRDC1,TMEM184A,TPX2,TYMP,KISS1R,ROGDI,EME2,STPG3,PDXP,HES4,SAMD11,EML2,RBCK1,GRIN3B,TUBA1B,PROCA1,RECQL4,SLC25A45,SLC16A5,FSCN2,BCL2L12,NRARP,BAIAP3,TONSL,CCNL2,SLC34A3,MXRA8,GCDH,PCBP1,FKBP10,PCSK4,HYAL1,KLK10,ARHGEF39,PIDD1,BCL7C,CDHR2,MVP,EPS8L2,EHF,ENO2,PIH1D1,SULT2B1,CRACR2B,CHKA,GLI4,ZCWPW1,PLCD3,ZFP36,NAGLU,TMSB10,ZG16B,WBP1,NECAB3,TSHZ1,MYL6B,DCPS,CA11,KRT19,KRT15,TMEM143,TMEM145,TMEM134,ELMO3,ALDH3B1,ACBD4,TMEM107,UPK3A,TRNP1,KRT80,CDCA3,EPB41L1,RNF224,FAT1,BHLHE41,SPHK2,MED22,NUDT22,EXOC3L1,INO80B,CORO1B,FUZ,ITGB4,NRGN,ITGB8,ITGA3,SMIM22,REC8,SNRPD2,ACTN4,TRIB1,SLC45A4,IL11,HSD17B1,NUDT8,PNPLA2,SCNN1A,SYCE2,SHARPIN,SYT8,TMEM234,HOOK2,UBE2S,BHLHE40,NABP2,TMEM223,CUEDC1,GNG3,SSRP1,ANAPC11,FOSL2,EHD1,HNRNPL,HNRNPF,ATG2A,FNDC11,GPT,PLEKHN1,ZNF367,TUBB4B,ADM5,CLCF1,TM7SF2,TLE3,RAB34,CCDC12,PLXNB2,REEP6,PKM,CATSPERG,DENND3,LMF1,FTH1,TBC1D10C,KAT8,KRT7,SPTBN4,TRPM4,PANO1,PRX,PSD,NT5C,PSMC3IP,PTGES2,CYP2W1,HOXA11,FAM83E,SAE1,AXIN1,PPP2R5B,TRPT1,PFDN2,PERM1,WEE1,PGAP3,ABCB6,RHBDL1,ABCA7,WFIKKN1,MYOF,ROM1,TMC8,TMC6,FLNB,FABP6,FRMD8,S100A5,S100A3,SQSTM1,TRABD2A,SLC38A2,ZNF512B,PPM1N,PARD6B,TSPAN4,SURF1,TECR,RBBP8NL,ANO9,KIF22,EXOSC4,HNRNPUL2,GEMIN7,SPATA6L,ISG15,SSH3,CALB2,MAPK12,MAPK11,SYTL2,HOXB9,TRIP6,SSPN,PRSS22,TM9SF1,NOTUM,DGKA,ABHD11,CDK2,ESAM,RNPEPL1,DUSP12,DALRD3,TRAF4,UNC93B1,IMPDH2,MGAT4B,CDT1,CCT6A,BICDL2,NME3,DNASE1L1,SCEL,GDF15,TEDC2,PDZD7,ALYREF,ARHGAP33,CKS1B,ABCC3,KLF10"
"DEG_HVL_CRC29","24","0.08081000000000001","GATA4","GATA4","291","1450","0.00009248000000000000","0.001070000000000000","1.3009999999999999","ReMap--ChIP-seq","DHDH,SCO2,DDIT4,HEXIM1,HEXIM2,BTBD19,JAG1,NCAPH2,SFXN3,SHB,DUSP1,CCDC9,AGRN,EFEMP2,CYSRT1,MAP3K8,DGAT1,PKMYT1,NEK8,SP5,PIWIL4,E2F1,TRIM46,LGALS4,SDC4,GIPR,PCK2,PTK6,NDUFAF3,PTMS,MT-ATP6,TLCD1,PTMA,NOXO1,ORMDL3,MT-ATP8,PLD1,TNFAIP2,SYNGR3,ETV4,ELF3,ACOX1,PLEC,SLC3A2,POLD4,CD7,ARMC7,PLK3,CGN,CDKN1B,KIFC2,SLC17A9,MAMSTR,THOC6,INSIG2,BCL6,SAPCD2,CEBPB,MGME1,WDR97,BCOR,SLC35B2,TPX2,TYMP,KISS1R,EMC9,ATP1B1,CDH24,STPG3,MUC1,HES4,MT-ND6,MT-ND4,MT-ND5,MT-ND1,HES7,HSPG2,EML2,RBCK1,HACD2,LYZ,SLC29A1,PROCA1,FSTL3,RECQL4,SLC25A45,SLC16A5,LAG3,BCL2L12,SOCS3,HSD17B14,TONSL,SLC34A3,ZNF704,ZNF703,FKBP10,HYAL1,TMEM150A,MMD,CCDC117,CRIP2,CAPN8,ACAA1,PIDD1,BCL7C,CFAP45,MVP,CCDC183,INAFM1,EHF,CREB3L1,SULT2B1,CRACR2B,GSDMB,CHKA,PA2G4,VSIG10L,TACR2,ZNFX1,PLCD3,ZNF575,YEATS4,ZFP36,NAGLU,TMSB10,CLIP2,ABHD4,WBP1,GLRX,SOX9,MTUS1,NECAB3,SIAH2,MYL6B,AMPD3,B3GNT9,CA11,KRT13,KRT19,KRT15,TMEM143,ELMO3,RELL1,ACBD4,DLG4,TMEM107,TRNP1,KRT80,LTC4S,MT-CO1,MT-CO2,MT-CO3,CDCA3,EPB41L1,RNF224,FAT1,SPHK2,ODC1,SAMD1,NUDT22,YPEL3,EXOC3L1,FTL,INO80B,MT-CYB,PBXIP1,DEPP1,REC8,CDC20,ACTN4,TRIB3,TRIB1,ACY1,PDIK1L,HSD17B1,MGAT1,OSM,VEGFA,SH3RF2,PNPLA2,SCNN1A,SHARPIN,BHLHE40,ZNF395,ANAPC11,HMOX1,FOSL2,EHD1,HNRNPF,NRSN2,GPT,PLEKHN1,TEAD4,TUBB4B,CLCF1,TM7SF2,TLE4,TLE3,RAB34,SLC26A1,CCDC12,PIP5KL1,HAUS4,PKM,CALML6,FTH1,CYP2S1,CITED2,PSD,IZUMO1,DCST2,NT5C,AMN1,FAM83E,SAE1,HK2,TRPT1,PERM1,LIMK2,WEE1,MT-ND4L,PGAP3,KRTCAP2,CLDN4,RHBDL1,LRRC45,MYOF,ROM1,FLNB,FABP5,PIM1,FRMD8,S100A5,S100A4,S100A3,SQSTM1,TRABD2A,SLC38A2,MLXIPL,ARRB1,PPM1N,NTN5,PARD6B,ATP9A,RASSF4,SCN1B,TSPAN4,ID3,TECR,SPTLC2,LMCD1,RBBP8NL,KIF22,EXOSC4,GEMIN7,SLC1A5,FUT4,GGT7,ISG15,AURKB,UQCRHL,S100P,SERPINE1,SYTL2,S100A16,ANXA3,TM9SF1,NOTUM,GPT2,CDK2,RNPEPL1,SLC37A4,DALRD3,TRAF4,METTL27,SEMA3B,CFLAR,MGAT4B,TNS4,LCN15,TUBG2,RASIP1,GDF15,PRAG1,TEDC1,PDZD7,SMAD3,ALYREF,CKS1B,TOB1,BAX"
"DEG_HVL_CRC29","25","0.08418000000000000","ZEB1","ZEB1","291","1451","0.00009691000000000001","0.001070000000000000","1.3000000000000000","ReMap--ChIP-seq","SPINT1,SCO2,DDIT4,SLBP,HEXIM1,HEXIM2,BTBD19,JAG1,NCAPH2,MMP25,DUSP1,PAFAH1B3,CCDC9,AGRN,EFEMP2,CYSRT1,PKMYT1,AMDHD2,TNFRSF14,NEK8,NOXA1,TRIM46,TSPOAP1,KCP,ICAM1,LGALS1,TRIM28,GIPR,SYNGR2,PCK2,TNFSF13,PTK6,NDUFAF3,TP73,MT-ATP6,TLCD1,PTMA,NOXO1,PEX10,MT-ATP8,TACC3,PLAU,DENND6B,INAVA,TNFAIP2,LMNB2,SYNGR3,ELF3,PLEC,SLC3A2,CD7,DQX1,VPS18,ARMC7,PLK3,MEX3A,BTG2,CDKN1A,TK1,KIFC2,SLC17A9,PLP2,THOC6,SAPCD2,CEBPB,WDR97,SLC35B2,HDAC10,ARRDC1,HELZ2,TPX2,TYMP,KISS1R,EMC9,FPGS,STPG3,IQCN,CDH15,PDXP,MUC1,HES4,MT-ND6,MT-ND4,MT-ND5,MT-ND1,HES7,EML2,C3,COL1A1,GRIN3B,PROCA1,FSTL3,RECQL4,CARNS1,CASTOR1,SLC25A45,SLC16A5,FSCN2,PFKFB3,SOCS3,BCL2L11,NRARP,SH2D3A,SH2D3C,BAIAP3,TONSL,SLC34A3,ENTPD8,MXRA8,PCBP1,FKBP10,TNFRSF13C,DOT1L,CRIP2,GLB1L,PIDD1,CDHR2,MVP,EPS8L2,ENO2,RNF126,CRACR2B,PA2G4,PLCD3,ZFP36,NAGLU,CLIP2,GPR108,LSM4,WBP1,MROH6,TTLL10,SOX9,CARHSP1,CCDC88B,MYL6B,AMPD3,B3GNT9,CA11,TRIP10,TMEM145,TMEM134,ELMO3,ALDH3B1,ACBD4,NFKBIA,DLG4,NAPRT,TMEM107,PDE4A,LTC4S,MT-CO1,MNX1,MT-CO2,MT-CO3,ATF4,EXD3,RNF224,PRXL2B,RMI2,SPHK2,SAMD1,NUDT22,CENPM,EXOC3L1,FTL,INO80B,CORO1B,MT-CYB,ITGB2,DEPP1,REC8,SNRPD2,CCDC78,ACTN4,TRIB1,ACY1,IL11,HSD17B1,OSM,VEGFA,NUDT8,PNPLA2,SCNN1D,SHARPIN,BHLHE40,CUEDC1,ANAPC11,SNAI3,EHD1,GNPTG,HNRNPF,ATG2A,FNDC11,GPT,C1QTNF6,PLEKHN1,NSD2,TUBB4B,CLCF1,TM7SF2,RAB34,PLXNB2,PLXNB1,CNIH2,AP1G2,PIP5KL1,RFC2,DENND3,CALML6,TBC1D10C,PANO1,PRX,PSD,IZUMO4,CBFA2T3,DCST2,NT5C,CYP2W1,FAM83E,AXIN1,PPP2R5B,TRPT1,PERM1,FAM167B,MT-ND4L,PGAP3,VPREB3,KRTCAP2,MYL5,DDX39A,ZNF276,AGAP2,RHBDL1,ABCA7,FERMT3,WFIKKN1,LYPLA2,LRRC45,ROM1,TMC8,TMC6,KANK2,RABAC1,FRMD8,SQSTM1,LRRC56,ZNF512B,PPM1N,RASSF4,TSPAN4,RASSF7,TECR,ANO9,KIF22,FUOM,EXOSC4,CD74,IL17C,RASGRP2,ISG15,PAOX,MAPK12,MAPK11,SLC19A1,TRIP6,SF3A2,TM9SF1,NOTUM,ADAM8,DNMT1,ITPR3,RNPEPL1,AMH,DALRD3,TRAF4,CFLAR,IMPDH2,MGAT4B,CHAC1,CDT1,BICDL2,TUBG2,TEDC1,TEDC2,SMAD3,ALYREF,CKS1B,LMNTD2,OPRL1,BAX"
"DEG_HVL_CRC29","26","0.08754000000000001","USF2","USF2","291","1451","0.00009691000000000001","0.001070000000000000","1.3000000000000000","ReMap--ChIP-seq","SCO2,DDIT4,ORAI3,ORAI2,SET,HEXIM1,NCAPH2,DUSP1,CCDC9,EFEMP2,CYSRT1,SRSF3,AMDHD2,TNFRSF14,ICAM1,KCNQ2,SDC4,NEU1,PCK2,TNFSF13,NDUFAF3,MT-ATP6,TLCD2,PTMA,SPRYD4,MT-ATP8,PLAU,ADAM10,IGF2R,FGF11,LYL1,ATP6AP1,GALT,SLC3A2,CD7,VPS18,DNAAF1,PLK5,MEX3D,KIFC2,PLIN2,SLC17A7,THOC6,FKBP5,INSIG1,TPP1,MCM7,SAPCD2,CEBPB,SLC35B2,SLC35C1,UBXN6,TYMP,EMC9,TIMELESS,OASL,STPG3,MUC1,HES4,MT-ND6,MDC1,MT-ND4,MT-ND5,MT-ND1,SCAMP5,HES7,RBCK1,C3,RNASEK,HLA-DMA,SLC25A41,FSCN2,NXT1,SH2D3A,HSD17B14,PC,TONSL,SLC34A3,PHYKPL,ENTPD8,PEX11G,PCBP1,PCSK4,TMEM150A,HOMEZ,KLHL24,ANKHD1,AJM1,PIDD1,BCL7C,MVP,CCDC183,ENO1,WSB1,PIH1D1,CRACR2B,PA2G4,VSIG10L,ZCWPW1,PLCD3,ZFP36,NAGLU,ABHD4,STIP1,GPR108,PTBP1,PGPEP1,ZNF507,RHEBL1,SIAH2,CCDC88B,B3GNT9,SLC20A1,CA11,TRIP10,TMEM134,ALDH3B1,ACBD4,DLG4,NAPRT,TMEM107,TMEM109,TRNP1,KRT80,MT-CO1,SYNGAP1,MT-CO2,MT-CO3,ATF4,CDCA3,RNF224,RNF227,ACHE,BHLHE41,HOXC10,CHAF1A,SPHK2,SLC7A5,CRB2,ODC1,CENPA,CENPM,YPEL5,YPEL3,FTL,DLX2,NAE1,LCN2,MT-CYB,ACP2,SMIM24,PBXIP1,TSPAN31,REC8,PINK1,TRIB3,EGR1,HSD17B1,PNPLA7,PNPLA2,PRR15L,SCNN1A,SYCE2,TMEM232,UBE2S,BHLHE40,MXD3,TAPBP,EPOP,EPOR,CDK5RAP3,ANAPC11,PRELID1,HNRNPL,HNRNPF,SNAI1,NRSN2,GPT,C1QTNF6,GRN,TUBB4B,CLCF1,TM7SF2,HMGN2,TLE3,TLE6,SNRPA,CCDC24,TMEM132B,PLXNB1,REEP6,TCIRG1,PIP5KL1,NEMP1,CEACAM19,CALML6,FTH1,LONP1,KRT7,RALGDS,PANO1,TUBB,HNRNPH3,KIAA0513,SLC22A31,PTGES2,COTL1,FAM83E,SAE1,YBX2,YBX1,THBS3,WEE1,CDK2AP2,MT-ND4L,MYL5,DDX39A,AGAP2,GRPEL2,RHBDL1,ABCA7,WFIKKN1,LYPLA2,TMC8,TMC6,KANK2,S100A5,S100A4,S100A3,SQSTM1,LRRC56,SLC38A2,ZNF512B,ARRB2,PPM1N,NDUFA7,SLC12A7,TSPAN4,ID3,ARMC12,CTSD,ANO9,SLC43A1,RPA1,KHSRP,GEMIN7,FDPS,ISG15,MAST3,PLA2G4C,NUP50,AURKB,SERPINE1,HOXA1,DAPK2,SERPINF2,HOXC8,TRIP6,SSPN,TNFSF9,HBP1,BATF2,TIMM10,TM9SF1,NOTUM,TOR3A,ARMCX3,NATD1,PSAP,RNPEPL1,DALRD3,UNC93B1,TPCN1,MGAT4B,TNS4,SLC6A16,PTGES,KLK1,LCN15,LCN12,KLLN,DAZAP1,BICDL2,PPCDC,DNASE1L1,PBLD,GDF15,CAMK1,ALYREF,CKS1B,BAX"
"DEG_HVL_CRC29","27","0.09091000000000000","KLF1","KLF1","291","1451","0.00009691000000000001","0.001070000000000000","1.3000000000000000","ReMap--ChIP-seq","HEMK1,SCO2,DDIT4,SLBP,HEXIM1,HEXIM2,BTBD19,NCAPH2,DUSP1,PAFAH1B3,CCDC9,AGRN,FADS3,FADS2,EFEMP2,CYSRT1,DGAT1,VMAC,TSNAXIP1,NEK8,SDF2L1,NOXA1,KCNK6,VPS9D1,TRIM46,TSPOAP1,ICAM1,TRIM28,CES2,RRAD,PCK2,PTK6,NDUFAF3,PTMS,MST1,SYP,TLCD1,PTMA,PCNA,NOXO1,PCNT,PEX10,TACC3,LYL1,SYNGR3,PLEC,POLD1,CD7,DQX1,ARMC7,HCFC1,PLK3,BTG2,COPZ2,GJD3,KIFC2,RCCD1,CDKN2D,PCYOX1L,PLP2,THOC6,FKBP5,FANCG,MCM7,CEBPB,TULP2,WDR97,BCOR,SLC35B2,BRICD5,TANGO2,TYMP,KISS1R,COMT,FPGS,ISYNA1,OPLAH,STPG3,IQCN,MUC1,HES4,HES7,C3,NAPSA,GRIN3B,SLC29A1,RNASEK,FSTL3,RECQL4,CARNS1,CASTOR1,SLC25A45,LAG3,BCL2L12,SH2D3A,SH2D3C,TONSL,CCNL2,SLC34A3,PHYKPL,MXRA8,CTXN1,GCDH,N4BP3,PCSK4,HYAL1,GLB1L,PIDD1,BCL7C,MVP,INAFM1,RNF123,RNF126,CRACR2B,PA2G4,SLC6A9,TMEM187,GLI4,PLCD3,ZFP36,CLIP2,GPR108,LSM4,PGPEP1,WBP1,JMJD6,CCDC88B,B3GNT9,CA11,TRIP10,TMEM143,TMEM145,ELMO3,ACBD4,TMEM107,PDE4A,LTC4S,ATF4,EXD3,CDCA3,CDCA5,RNF215,AIF1L,RNF224,TCP11L2,RMI2,SPHK2,MED22,SLC7A5,ODC1,CENPA,SAMD1,NUDT22,YPEL3,EXOC3L1,FTL,CORO1B,ITGB2,PBXIP1,HNRNPA1,MYO1F,CCDC78,TRIB3,CCDC9B,LPAR5,DHRS13,MGAT1,OSM,VEGFA,PNPLA2,NRTN,SCNN1D,EMID1,SYCE2,SHARPIN,TMEM230,HOOK2,BHLHE40,EPOR,ZNF395,ANAPC11,LDHD,SNAI3,FOSL2,EHD1,HNRNPF,FNDC11,NRSN2,GPT,TUBB4B,ADM5,CLCF1,TM7SF2,RAB34,SLC26A1,CCDC24,CCDC12,REEP6,PKM,NEMP1,P2RX6,FTH1,LONP1,TBC1D10C,SPTBN4,RALGDS,TRPM4,PANO1,PRX,PSD,IZUMO4,CBFA2T3,DCST2,SLC22A31,FAM83E,CBX5,YBX2,TRPT1,PERM1,THBS3,KRTCAP2,ZNF276,ABCB6,AGAP2,RHBDL1,ABCA7,FERMT3,WFIKKN1,PIGQ,VSIR,LYPLA2,ROM1,TMC8,TMC6,PIM1,S100A2,FRMD8,S100A5,S100A4,S100A3,SQSTM1,KANK3,ZNF512B,TSPAN4,SURF1,ARMC12,CTSD,KIF22,EXOSC4,CD82,DOK3,SLC1A5,ISG15,PHF13,PHF19,ZP3,S100P,SERPINE1,MTHFR,TRIP6,PAXX,TM9SF1,ABHD11,ADAM8,AK1,RNPEPL1,AMH,DALRD3,TRAF4,SEMA3B,TPCN1,IMPDH2,MGAT4B,CHAC1,SMIM1,LCN12,CDT1,DAZAP1,FEN1,BICDL2,PPCDC,TUBG2,RANBP1,GDF15,ALYREF,MAN2B1,CKS1B,MADCAM1,KLF10,ABCC4,KLF11"
"DEG_HVL_CRC29","28","0.09428000000000000","FLI1","FLI1","291","1453","0.00010640000000000000","0.001130000000000000","1.2980000000000000","ReMap--ChIP-seq","ORAI3,SLBP,HEXIM1,HEXIM2,BTBD19,SFXN3,MMP25,JAK3,DUSP4,PAFAH1B3,CCDC9,AGRN,EFEMP2,CYSRT1,MAP3K5,NEK8,SDF2L1,NOXA1,KCNK6,VPS9D1,E2F1,TRIM46,TSPOAP1,ICAM1,LGALS1,TRIM28,RRAS,TNFSF13,MT-ATP6,COX8A,TLCD1,NOXO1,MT-ATP8,TACC3,INAVA,LMNB2,LYL1,ATP6AP1,SYNGR3,PLEC,SHANK1,CD7,VPS18,HCFC1,PLK3,BTG2,COPZ2,KIFC2,PLIN5,SLC17A9,SLC17A7,PLP2,TMEM179B,PODNL1,MAMSTR,THOC6,MCM7,SAPCD2,MCM2,WDR97,BCOR,SLC35B2,HDAC10,ARRDC1,KISS1R,FPGS,ISYNA1,PXMP2,OPLAH,STPG3,IQCN,PDXP,MUC1,HES4,MT-ND6,MT-ND4,MT-ND5,MT-ND1,HES7,RBCK1,GRIN3B,SLC29A1,PROCA1,FSTL3,RECQL4,CARNS1,CASTOR1,LRG1,HR,FSCN2,BCL2L12,SOCS3,NRARP,SH2D3A,SH2D3C,SLC25A29,TONSL,CCNL2,SLC34A3,PHYKPL,ENTPD8,MXRA8,GCDH,TNFRSF13C,PCSK4,HYAL1,TMEM150A,MAD2L2,GLB1L,CCDC159,CD164L2,PIDD1,RCN3,CDHR2,CCDC194,INAFM1,ENO2,PIH1D1,RNF126,CRACR2B,WNT10B,TMEM187,GLI4,ZCWPW1,PLCD3,ZFP36,NAGLU,TMSB10,GPR108,LSM4,KCNAB2,WBP1,TTLL10,NECAB3,GNG13,CCDC88B,ANKRD9,DCPS,CA11,TRIP10,TMEM134,ELMO3,ALDH3B1,ACBD4,DLG4,TMEM107,PDE4A,POLE,CHMP6,LTC4S,MT-CO1,RAVER1,MT-CO2,MT-CO3,ATF4,EXD3,RNF224,HOXC10,ARHGAP4,SPHK2,MED22,ZNF469,SAMD1,NUDT22,CENPM,EXOC3L1,INO80B,CORO1B,MT-CYB,ITGB2,PBXIP1,TSPAN31,MYO1F,CCDC78,TRIB3,CCDC9B,ACY1,HSD17B1,MGAT1,OSM,NUDT8,PNPLA2,SYCE2,SHARPIN,GFY,HOOK2,TMEM223,EPOR,ZNF395,ANAPC11,SNAI3,FOSL2,EHD1,HNRNPF,NRSN2,GPT,TUBB4B,CLCF1,TM7SF2,FCGRT,RAB34,SLC26A1,CCDC24,CCDC12,PLXNB1,REEP6,CNIH2,PIP5KL1,CATSPERG,DENND3,TBC1D10C,KAT8,PANO1,LIMD2,PRX,IZUMO1,CBFA2T3,RFNG,DCST2,HOXA11,FAM83E,CBX2,YBX2,AXIN1,TRPT1,MT-ND4L,KRTCAP2,DDX39A,ZNF276,AGAP2,RHBDL1,ABCA7,FERMT3,WFIKKN1,LRRC45,ROM1,TMC8,TMC6,PGAM5,IDUA,SQSTM1,KANK3,TRABD2A,ARRB1,ZBTB46,PPM1N,SCN1B,TSPAN4,SURF1,SLC43A3,EXOSC4,KIF26B,PALM,DOK3,GEMIN7,RASGRP2,ISG15,SSH3,PHF13,MAPK12,MAPK11,S100P,SYTL1,CHST13,HOXC8,TRIP6,ITPKA,SF3A2,NOTUM,DGKQ,AK1,PSCA,AMH,TRAF4,SEMA3B,DCAF15,MGAT4B,CDT1,DAZAP1,BICDL2,PPCDC,DNASE1L1,RASIP1,TEDC1,PDZD7,SMAD3,ALYREF,MAN2B1,CKS1B,MADCAM1,OPRL1"
"DEG_HVL_CRC29","29","0.09764000000000000","TFAP2C","TFAP2C","290","1450","0.00011940000000000000","0.001220000000000000","1.2960000000000000","ReMap--ChIP-seq","SPINT1,SCO2,DDIT4,SHMT2,HEXIM1,HEXIM2,BTBD19,NCAPH2,FXYD3,SFXN3,MMP25,PAFAH1B3,RAPGEF3,CCDC9,FADS3,CYSRT1,PKMYT1,NEK8,SP2,SP6,KCNK6,BCAS1,E2F1,TRIM46,E2F2,LGALS1,TMEM63A,SDC4,SYNGR2,PCK2,PTK6,MT-ATP6,TLCD1,NOXO1,PEX10,MT-ATP8,TACC3,TNFAIP2,SYNGR3,PLEC,POLD4,TTC16,ARMC7,PLK3,MEX3A,BTG2,CDKN1A,ADAMTSL4,TK1,COPZ2,KIFC2,ADCY6,PLP2,THOC6,INSIG1,FANCA,WIPI1,SAPCD2,TST,CEBPB,ZNF747,WDR97,HDAC11,BRICD5,ARRDC1,TMEM184A,TYMP,EMC9,ISYNA1,STPG3,IQCN,MUC1,HES4,MT-ND4,MT-ND5,SAMD11,PROCA1,RECQL4,CARNS1,STAT6,CASTOR1,HR,SLC16A5,SOCS3,NRARP,PPP1R15B,LRP1,SLC25A29,BAIAP2,TONSL,SLC34A3,N4BP3,FKBP10,TMEM150A,CRIP2,ALDH4A1,CAPN5,AJM1,PIDD1,BCL7C,CFAP45,PSRC1,CDHR2,MVP,CCDC183,CREB3L1,CRACR2B,TACR2,PLCD3,GPR146,ZFP36,ZG16B,LSM4,NES,PGPEP1,WBP1,MROH1,ASS1,NECAB3,GNG13,CCDC88B,PARP10,CLIC3,TOMM40,KRT13,KRT19,KRT15,TJP3,SPNS2,TMEM134,ELMO3,ALDH3B1,ACBD4,TMEM109,KRT80,MT-CO3,ATF4,CRABP2,RNF224,HOXC10,SPHK2,CENPA,SAMD1,NUDT22,ETNK2,YPEL3,EXOC3L1,INO80B,DLX4,CORO1B,ITGB4,ITGB2,ITGA3,SPATC1,TSPAN31,CDC20,CCDC78,ACTN4,TRIB3,ACY1,IL11,VEGFA,NUDT8,PNPLA2,SCNN1D,PRR15L,SHARPIN,RHPN1,BHLHE40,GNB1L,CUEDC1,MYO15B,CDK5RAP3,ANAPC11,FOSL2,EHD1,HNRNPL,HNRNPF,SNAI1,FNDC11,NRSN2,GPT,CSAD,C1QTNF8,PLEKHN1,GRAMD2A,TUBB4B,CLCF1,HID1,TM7SF2,RAB34,SLC26A1,PLXNB1,TCIRG1,PIP5KL1,NEMP1,FTH1,TBC1D10C,KAT8,KRT7,GPR37L1,PANO1,PRX,DCST2,KIAA0513,PTGES2,CYP2W1,FAM83E,CBX2,SAE1,HK2,AXIN1,TRPT1,TRAPPC6A,MT-ND4L,PGAP3,KRTCAP2,AGAP2,RHBDL1,FERMT3,WFIKKN1,LRRC45,ROM1,TMC8,TMC6,TMEM106C,IDUA,FRMD8,S100A5,SLC38A2,ZNF512B,ARRB1,PPM1N,PARD6B,ATP9A,SPATA20,TSPAN4,ID3,TECR,CTSD,LYNX1,KIF22,RGS9,GEMIN7,SLC1A5,CACFD1,ISG15,SSH3,SSTR5,MAPK12,MAPK11,S100P,SERPINE1,S100A16,S100A13,HOXC8,ACD,SIVA1,TRIP6,PRSS22,PAXX,ABHD11,DGKQ,PSAP,TRAF2,TRAF4,METTL27,UNC93B1,SEMA3B,SMIM5,LCN15,CDT1,DAZAP1,BICDL2,TUBG2,TFF2,DNASE1L1,GDF15,TEDC1,TEDC2,PDZD7,SMAD3,ALYREF,MAVS,CHTF18,SLC2A6,CKS1B,KLF10,OPRL1,TOB1"
"DEG_HVL_CRC29","30","0.10100000000000001","TCF3","TCF3","288","1443","0.00014359999999999999","0.001350000000000000","1.2920000000000000","ReMap--ChIP-seq","SCX,SCO2,DDIT4,ORAI2,SLBP,SHMT2,HEXIM1,BTBD19,NCAPH2,MMP25,CCDC9,AGRN,EFEMP2,PKMYT1,AMDHD2,NEK8,SDF2L1,NOXA1,VPS9D1,E2F1,E2F2,TSPOAP1,ICAM1,LGALS1,TRIM28,SYNGR2,PTK6,BST2,NDUFAF3,TP73,RAC2,TLCD1,PTMA,NOXO1,TACC3,DENND6B,LMNB2,LYL1,SYNGR3,PLEC,RRM2,CD7,VPS18,ARMC7,HCFC1,PLK3,BTG2,TK1,KIFC2,SLC17A9,CDKN2D,CSGALNACT2,THOC6,SAPCD2,WDR97,BCOR,SLC35B2,IFITM2,HDAC10,BRICD5,ARRDC1,HELZ2,TYMP,KISS1R,EMC9,EME2,FPGS,ISYNA1,STPG3,IQCN,CDH15,PDXP,DDN,HES4,SAMD11,HES7,C3,GRIN3B,SLC29A1,PROCA1,FSTL3,RECQL4,CARNS1,CASTOR1,SLC25A45,FSCN2,PFKFB3,SOCS3,BCL2L11,NRARP,SH2D3C,SLC25A19,BAIAP3,TONSL,CCNL2,SLC34A3,ENTPD8,MXRA8,CTXN1,TNFRSF13C,PCSK4,DOT1L,CRIP2,CCND2,ACAA1,CCDC159,AJM1,PIDD1,CDHR2,IRF8,CCDC194,MVP,EPS8L2,PROB1,INAFM1,ENO2,RNF126,CRACR2B,WNT10B,TMEM187,GLI4,GPR146,ZFP36,NAGLU,GPR108,LSM4,LSM7,LSP1,PTBP1,WBP1,TTLL10,NECAB3,CCDC88B,B3GNT9,CA11,TRIP10,TMEM134,ELMO3,AKNA,ALDH3B1,ACSF3,DNAJC18,TMEM107,PDE4A,HSH2D,CHMP6,SPG7,LTC4S,ATF4,EXD3,RNF213,ARHGAP4,RMI2,SPHK2,SAMD1,NUDT22,CENPM,EXOC3L1,INO80B,CORO1B,ITGB2,DEPP1,CCDC102A,CCDC78,LPAR5,HSD17B1,IL32,OSM,NUDT8,PNPLA2,SCNN1D,SHARPIN,ADGRG5,RHPN1,BHLHE40,TCF3,MXD3,ANAPC11,PRELID1,SNAI3,FOSL2,EHD1,GNPTG,HNRNPF,FNDC11,GPT,PLEKHN1,GRN,TUBB4B,ADM5,CLCF1,TM7SF2,FCGRT,TLE3,RAB34,CCDC12,PLXNB2,REEP6,CNIH2,TCIRG1,PIP5KL1,RFC2,NEMP1,DENND3,TBC1D10C,RALGDS,PANO1,LIMD2,PSD,IZUMO4,PGGHG,CBFA2T3,RFNG,PSMC3IP,CYP2W1,COTL1,FAM83E,YBX2,AXIN1,TRPT1,PERM1,FAM167A,MYL5,DDX39A,ZNF276,TAPBPL,RHBDL1,ABCA7,FERMT3,WFIKKN1,PIGQ,LRRC45,TMC8,TMC6,FRMD8,SQSTM1,ZNF512B,ZBTB46,PPM1N,RASSF4,TSPAN4,ID3,ANO9,EXOSC4,CD74,IL17C,PALM,DOK3,GEMIN7,NXPH4,ISG15,SSH3,PHF19,MAST3,AURKB,MAPK12,MAPK11,S100P,TNFSF9,SF3A2,NOTUM,ADAM8,DNMT1,AK1,PSAP,RNPEPL1,AMH,TRAF2,TRAF1,DALRD3,TRAF4,UNC93B1,MGAT4B,CDT1,BCL11A,DAZAP1,BICDL2,NME3,TUBG2,DNASE1L1,RANBP1,TEDC1,TEDC2,CASKIN1,SMAD3,ALYREF,SLC2A6,OPRL1"
"DEG_HVL_CRC29","31","0.10440000000000001","TCF12","TCF12","289","1449","0.00014689999999999999","0.001350000000000000","1.2909999999999999","ReMap--ChIP-seq","SCX,SCO2,DDIT4,ORAI3,HEXIM1,HEXIM2,BTBD19,NCAPH2,SFXN3,MMP25,DUSP4,DUSP5,DUSP1,PAFAH1B3,RAPGEF3,CCDC9,AGRN,EFEMP2,CYSRT1,DGAT1,PKMYT1,NEK8,NOXA1,VPS9D1,E2F1,E2F2,TSPOAP1,ICAM1,LGALS1,TRIM28,SYNGR2,RRAS,TNFSF13,PTK6,NDUFAF3,TLCD1,PTMA,NOXO1,TACC3,PLAU,TNFAIP2,LMNB2,LYL1,SYNGR3,PLEC,POLD4,CD7,DQX1,VPS18,ARMC7,PLK3,MEX3A,TK1,GJD3,KIFC2,SLC17A9,CDKN2D,CDKN2C,THOC6,MAP3K14,MCM7,SAPCD2,CEBPB,WDR97,BCOR,SLC35B2,HDAC10,ARRDC1,TMEM184A,TYMP,KISS1R,EMC9,FPGS,ISYNA1,STPG3,IQCN,PDXP,MUC1,HES4,MDC1,SAMD11,HES7,GRIN3B,SLC29A1,PROCA1,FSTL3,RECQL4,CARNS1,CASTOR1,SLC25A45,SLC16A5,FSCN2,BCL2L12,SOCS3,NRARP,SH2D3A,SH2D3C,BAIAP3,TONSL,SLC34A3,ENTPD8,MXRA8,DOT1L,CRIP2,AJM1,PIDD1,CDHR2,MVP,INAFM1,ENO1,PIH1D1,RNF126,CRACR2B,PLCD3,ZFP36,NAGLU,TMSB10,GPR108,LSM4,NES,PTBP1,WBP1,MROH6,JMJD6,NECAB3,CCDC88B,FAF1,AMPD3,B3GNT9,CA11,TRIP10,PAM16,TMEM134,ELMO3,ALDH3B1,ACBD4,DLG4,TGFBI,NAPRT,TMEM107,PDE4A,TRNP1,KRT80,LTC4S,ATF4,EXD3,CRABP2,RNF224,HOXC10,SPHK2,SLC7A5,SAMD1,NUDT22,YPEL3,EXOC3L1,FTL,INO80B,DLX2,CORO1B,ITGA3,PBXIP1,DEPP1,CCDC78,ACTN4,TRIB3,TRIB1,IL11,HSD17B1,MGAT1,IL32,OSM,NUDT8,PNPLA2,SCNN1A,SYCE2,SHARPIN,BHLHE40,MXD3,CUEDC1,ANAPC11,SNAI3,FOSL2,EHD1,HNRNPL,GNPTG,HNRNPF,FNDC11,NRSN2,GPT,PLEKHN1,TUBB4B,CLCF1,TM7SF2,FCGRT,TLE3,TLE2,RAB34,CCDC12,PLXNB2,CNIH2,TCIRG1,PIP5KL1,PKM,NEMP1,DENND3,FTH1,TBC1D10C,KAT8,KRT7,VASN,PANO1,PSD,IZUMO4,TUBB,RFNG,DCST2,HOXA11,FAM83E,CBX2,YBX2,TRPT1,PERM1,THBS3,ZNF276,RHBDL1,ABCA7,FERMT3,WFIKKN1,LRRC45,ROM1,TMC8,TMC6,PIM1,S100A2,FRMD8,S100A5,S100A4,S100A3,SQSTM1,TRABD2A,SLC38A2,ZNF512B,PPM1N,SPATA20,RASSF4,SCN1B,TSPAN4,ID3,EXOSC4,IL17C,DOK3,GEMIN7,SLC1A5,ISG15,PHF19,AURKB,MAPK12,MAPK11,SERPINE1,HOXA1,HOXB9,HOXC8,SF3A2,NOTUM,ABHD11,IGFBP4,RNPEPL1,AMH,DALRD3,TRAF4,UNC93B1,SEMA3B,ADRM1,TPCN1,MGAT4B,TNS4,CDT1,DAZAP1,BICDL2,TUBG2,GDF15,TEDC1,PDZD7,SMAD3,ALYREF,CHTF18,CKS1B,OPRL1,TOB1"
"DEG_HVL_CRC29","32","0.10770000000000000","RFX1","RFX1","289","1449","0.00014689999999999999","0.001350000000000000","1.2909999999999999","ReMap--ChIP-seq","ORAI3,HEXIM1,HEXIM2,BTBD19,SFXN3,DUSP1,ZKSCAN1,TRIM37,CCP110,TRIM28,GOLPH3L,BTD,SDC4,CFAP126,TNFSF13,NDUFAF3,TP73,COX8A,CFAP157,SGSM2,NEK11,DENND6B,NUP153,GRM2,SUN2,PLEC,POLD4,TTC16,POLE3,PRKCG,DNAAF1,ARMC3,PLK3,WDR54,MEX3A,COPZ2,KIFC2,ASPDH,FKBP5,UBR7,FANCI,AKIRIN1,FANCG,OSCP1,MCM7,EVI5L,DNAJC1,ZNF747,BCO2,ZNF846,BRICD5,DYNC2H1,KNL1,SLC22A4,TMEM184A,CHRAC1,KISS1R,CCDC28B,LIG1,ATP1B1,ZCCHC8,ISYNA1,BRD3OS,SMKR1,IQCN,CFAP221,MUC1,CFAP99,CFAP69,CFAP74,NELFA,UCP2,VWA3A,TTLL5,TTLL1,MYLK4,SOCS3,STK36,FAM229B,MDM1,FOXM1,DSE,SH2D3C,FOXJ1,BAIAP3,PC,TXNDC12,ZDHHC1,PCSK4,HYAL1,L3HYPDH,CRIP2,MOK,PER2,GLB1L,FAM174A,CCDC148,CCNB1,ZFHX2,PIDD1,CFAP46,CFAP43,CFAP45,YWHAH,CCDC191,CFAP57,HMGCR,CCDC170,ENO2,CRACR2B,PLCD3,NAGLU,CLIP2,ANKRD42,LSM2,LSM7,PTBP1,LCA5L,ZNF513,WBP1,TTLL10,SOX6,CARMIL2,KRT20,TNFAIP8L1,BBS12,ZDHHC11B,TPPP3,TMEM134,ACBD4,PTCH2,TMEM107,PDE4A,POLL,EGFL8,SYNGAP1,RAVER1,TPRG1L,TCP11L2,ZNF473,CROCC2,CENPH,CENPS,SLC27A1,ZNF446,INO80B,ZNF425,FUZ,PBXIP1,REC8,SNRPD2,CCDC92,CCDC78,THTPA,HSD17B1,RIBC2,PNPLA2,SPOCD1,ADGRG1,TMEM231,TMEM232,TMEM234,TMEM221,TAPBP,CUEDC1,DNAH7,DNAH6,SSRP1,EPOR,RSPH1,MYO15B,RHNO1,ZNF396,EHD1,GNPTG,TCN2,HNRNPF,NRSN2,CATIP,TCTN2,TCTN1,CEP126,TM7SF2,HMGN2,RAB36,CCDC32,PLXNB2,PLXNB1,REEP6,CNIH2,AP1G2,RFC2,CATSPERG,NEMP1,CCDC40,FBXL13,P2RX6,RALGDS,PANO1,PRX,IZUMO4,PSMC3IP,LMLN,MYCL,FAM161A,CBX2,AXIN1,THBS3,PPP2R3C,WEE1,CDK2AP2,ABCB6,MRPL11,TDP1,WFIKKN1,PTGR1,TMC4,LRRC73,LRRC56,GDPGP1,EFCAB12,EFCAB11,ZBTB46,PPM1N,CXXC1,PPM1G,TP53INP1,IFI35,SPATA17,TSPAN4,RASSF7,ARMC12,TECR,KIF14,BRCA1,KIF27,MIS12,AKR1C3,DOK3,RPF2,SPATA6L,SSH3,MAST3,NUP50,ZP3,CHURC1,MAPK15,MAPK10,MAPK11,SPATA33,BUD13,SERPINE1,TSPYL4,PRR29,ACD,PRSS22,BATF3,WWOX,TM9SF1,MORN2,AGBL2,MORN3,STK32C,TRAIP,WRAP53,DNALI1,HYDIN,GPX2,DALRD3,SPAG8,TPCN1,IMPDH2,SMIM5,LRRIQ1,NME5,TNXB,DZANK1,KIAA0753,LY6G5C,KNTC1,PHOSPHO2,TEDC1,CASKIN1,PDZD7,AZIN2,ARHGAP33,KIF18A,KIF18B,LMNTD2"
"DEG_HVL_CRC29","33","0.11110000000000000","EGR1","EGR1","288","1444","0.00015029999999999999","0.001350000000000000","1.2909999999999999","ReMap--ChIP-seq","SCO2,DDIT4,SHMT2,HEXIM1,HEXIM2,BTBD19,SFXN3,KCNC3,MMP25,PAFAH1B3,CCDC9,AGRN,EFEMP2,CYSRT1,DGAT1,SRCIN1,PKMYT1,TNFRSF14,NEK8,NOXA1,VPS9D1,E2F1,TSPOAP1,ICAM1,TRIM28,GIPR,SYNGR2,PTK6,NDUFAF3,TP73,PTMS,DMBX1,TLCD2,TLCD1,PTMA,NOXO1,LMNB2,LYL1,SYNGR3,PLEC,VPS18,HCFC1,PLK3,PLK5,MEX3A,KIFC2,SLC17A7,THOC6,MCM7,SAPCD2,CEBPB,WDR97,BCOR,SLC35B2,HDAC10,BRICD5,ARRDC1,TMEM184A,TYMP,KISS1R,EMC9,CCDC28B,ISYNA1,STPG3,IQCN,DDN,HES4,MDC1,SAMD11,HES7,NAPSA,GRIN3B,RNASEK,PROCA1,FSTL3,RECQL4,HLA-DMA,CARNS1,SLC16A5,LAG3,FSCN2,TROAP,BCL2L12,NRARP,SH2D3C,BAIAP3,TONSL,SLC34A3,ENTPD8,CTXN1,N4BP3,PCSK4,DOT1L,CRIP2,CD164L2,PIDD1,MVP,INAFM1,PIH1D1,RNF126,CRACR2B,WNT10B,TMEM187,GLI4,GPR153,PLCD3,ZFP36,TMSB10,CLIP2,GPR108,LSM4,NES,WBP1,MROH6,JMJD6,NECAB3,CLIC3,B3GNT9,CA11,STAC3,TRIP10,TJP3,NRM,TMEM134,ELMO3,DNAJC22,ACBD4,DLG4,NAPRT,TMEM107,PDE4A,EGFL8,LTC4S,SYNGAP1,ATF4,EXD3,CDCA3,CRABP2,TPRG1L,RNF215,RNF224,RNF227,SPHK2,MED22,SAMD1,NUDT22,CRLF1,EXOC3L1,INO80B,CORO1B,LCN2,ITGB2,PBXIP1,TSPAN31,SNRPD2,CCDC92,CCDC78,TRIB3,EGR1,EGR3,LPAR5,ACY1,HNRNPA2B1,PNPLA2,SCNN1D,GPRIN1,SHARPIN,GFY,GGN,BHLHE40,TCF3,TAPBP,HNRNPU,HNRNPR,ZNF395,ANAPC11,SNAI3,HNRNPL,GNPTG,HNRNPF,FNDC11,NRSN2,GPT,PLEKHN1,TUBB4B,ADM5,CLCF1,TM7SF2,TLE2,RAB34,SLC26A1,PLXNB2,REEP6,CNIH2,PIP5KL1,CATSPERG,NEMP1,TBC1D10C,KAT8,PYCR3,PANO1,PRX,PSD,TUBB,CBFA2T3,RFNG,DCST2,SLC22A31,PTGES2,FAM83E,CBX3,CBX2,KDM5B,YBX2,SPRED3,TRPT1,PERM1,THBS3,MYL5,ZNF276,AGAP2,RHBDL1,ABCA7,FERMT3,WFIKKN1,PIGQ,LRRC45,TMC8,TMC6,TMC4,IDUA,SQSTM1,TRABD2A,LRRC56,B3GALT4,ZNF512B,ARRB2,ZBTB46,PPM1N,TSPAN4,SURF1,RASSF7,KIF22,FUOM,EXOSC4,NXPH4,RASGRP2,ISG15,PAOX,AURKB,MAPK15,MAPK12,MAPK11,NPHS1,SERPINE1,SYTL1,HOXB9,TRIP6,PAXX,SF3A2,NOTUM,DGKQ,RNPEPL1,AMH,SLC37A4,DALRD3,TRAF4,SEMA3B,IMPDH2,MGAT4B,CDT1,ANP32B,DAZAP1,BICDL2,RANBP1,GDF15,APLP1,TEDC1,TEDC2,CASKIN1,PDZD7,ALYREF,CKS1B,KLF10,LMNTD2,OPRL1,PRRG2,BAX"
"DEG_HVL_CRC29","34","0.11450000000000000","GRHL2","GRHL2","288","1450","0.00019699999999999999","0.001720000000000000","1.2840000000000000","ReMap--ChIP-seq","SPINT1,DDIT4,HEXIM1,HEXIM2,BTBD19,FXYD3,SHB,DUSP1,RAPGEF3,CCDC9,AGRN,CYSRT1,SRSF3,NEK8,SP2,SP6,KCNK6,TRIM46,ICAM1,LGALS4,MT2A,SDC4,TGFA,SYNGR2,PTK6,FBXL5,PHGDH,TLCD1,TGM1,PLAU,CARD14,INAVA,PLD3,TNFAIP2,ELF3,ACOX1,PLEC,SLC3A2,POLD4,COL7A1,CD7,ALCAM,VPS18,ARMC7,BCAM,PLK3,CGN,MEX3A,ADAMTSL4,TK1,COPZ2,SLC17A9,SLC26A11,THOC6,BCL6,LBR,PHACTR4,ESPL1,SAPCD2,CEBPB,ABLIM3,MACC1,TMEM184A,EMC9,BLNK,SNCG,LIPH,C3,MLLT11,RIPK4,EMP1,PROCA1,UCP2,CASTOR1,SLC25A45,PFKFB4,BCL2L12,SOCS3,ST6GALNAC1,NXT1,SH2D4A,SH2D3A,PPP1R15B,BAIAP2,SLC34A3,MXRA8,FKBP10,SPINDOC,DOT1L,CRIP2,GLB1L,CAPN5,BANF1,ACAA1,NDRG1,CFAP45,PSRC1,CDHR2,MMRN2,TAF1B,EPS8L2,EHF,MED8,SULT2B1,PA2G4,PLCD3,ZFP36,ABHD4,GPR108,NES,PTBP1,RANGAP1,WBP1,NADSYN1,OVOL2,SIAH2,CCDC88B,SLC20A1,KRT13,KRT19,KRT15,TRIP10,SPNS2,TMEM134,LTBP2,TMEM123,ALDH3B1,ACBD4,ACSF2,NFKBIA,SGSH,TMEM109,TRNP1,KRT80,CRABP2,EPB41L1,RNF224,BHLHE41,CHAF1A,JMJD7-PLA2G4B,CENPA,CENPU,NUDT22,YPEL3,CD274,INO80B,ITGB4,ITGB2,ACP6,ITGB8,ITGA3,PBXIP1,DEPP1,KCTD21,CDC20,ACTN4,MYO7A,TRIB3,CCDC9B,NRP2,MGAT1,OSM,PRR15L,SCNN1A,ADGRG1,UBE2C,SYT8,BHLHE40,MANSC1,DMKN,ADGRF1,GNB1L,CDK5RAP3,ANAPC11,PROM2,EHD1,HNRNPL,FNDC11,TEAD1,GRAMD2B,MGLL,TUBB4B,CLCF1,RAB34,CCDC12,PLXNB2,PLXNB1,TCIRG1,PIP5KL1,RFC4,DENND3,NECTIN4,FTH1,KAT8,KRT7,GPR37L1,SPTBN4,PPL,COL18A1,CITED2,CHMP1B,PRX,TLR5,DCST2,NT5C,KIAA0513,CBR3,ITPRIP,ANXA11,SAE1,HK2,TRPT1,PFDN2,WNT11,CDK2AP2,PGAP3,KRTCAP2,CLDN4,LRRC32,GPR39,MYOF,TMC8,TMC6,FLNB,S100A2,FRMD8,S100A5,S100A4,S100A3,S100A9,TACSTD2,MYCBPAP,ARRB1,NTN4,PARD6B,SPATA20,RASSF4,PAQR7,TSPAN1,ID3,TECR,RBBP8NL,KIF2C,CD44,TMPRSS4,CD55,SPC24,DCLRE1B,CD82,SSH3,UQCRHL,MAPK11,S100P,SERPINE1,SYTL3,S100A16,S100A13,SSPN,PRSS22,FCRLB,ANXA3,ABHD11,ADAM8,RASAL1,DAGLA,PSCA,DUSP12,TRAF4,METTL27,UNC93B1,TNNI1,TNNI2,AHNAK2,CFLAR,TPCN1,SMIM5,DAZAP1,BICDL2,SCEL,GDF15,TEDC1,ALYREF,ARHGAP30,USP35,CKS1B,ABCC3,KLF10,PIK3IP1"
"DEG_HVL_CRC29","35","0.11780000000000000","RARA","RARA","287","1450","0.00025159999999999999","0.002130000000000000","1.2789999999999999","ReMap--ChIP-seq","ALKBH6,DDIT4,ORAI2,SLBP,HEXIM1,HEXIM2,BTBD19,AGO2,SFXN3,MMP25,JAK3,DUSP1,PLSCR3,PAFAH1B3,CCDC9,NCAPD2,AGRN,FADS3,EFEMP2,CYSRT1,PKMYT1,NEK8,SDF2L1,ONECUT3,VPS9D1,E2F1,TSPOAP1,TRIM28,FBXO2,TNFSF13,TLCD1,NOXO1,PCNT,TACC3,INAVA,FGF11,LMNB2,LYL1,CA9,ATP6AP1,SYNGR3,PLEC,CD7,DQX1,KNSTRN,HCFC1,PLK3,PLK5,MEX3D,WDR54,MEX3A,BTG2,KIFC2,PLIN4,ANGPTL4,RCCD1,PLIN5,SLC17A9,CDKN2B,CDKN2C,PLP2,TMEM179B,THOC6,TPP1,MCM7,SAPCD2,CEBPB,WDR97,BCOR,SLC35B2,HDAC10,AQP6,AQP5,KISS1R,FPGS,ISYNA1,STPG3,IQCN,HES4,SAMD11,HES7,RBCK1,MDFI,PROCA1,FSTL3,RECQL4,CARNS1,CASTOR1,LRG1,SLC25A41,FSCN2,NPTXR,SOCS3,SH2D3A,SH2D3C,SLC25A29,BAIAP2,BAIAP3,TONSL,SLC34A3,MXRA8,GCDH,PCSK4,HYAL1,DOT1L,CRIP2,ALDH4A1,MAD2L2,GLB1L,CCDC159,ARHGEF39,AJM1,CD164L2,PIDD1,RCN3,CDHR2,CCDC183,PIH1D1,RNF126,CRACR2B,TMEM187,ZCWPW1,PLCD3,GPR146,ZFP36,NAGLU,LZTS3,DISP2,STIP1,GPR108,LSM4,LSP1,WBP1,RNF26,NECAB3,TSHZ1,CCDC88B,CORO6,FAF1,B3GNT3,DCPS,CA11,TRIP10,TJP3,TMEM143,TMEM134,ELMO3,ALDH3B1,ACBD4,DLG4,TMEM107,PDE4A,LTC4S,TBKBP1,ATF4,RNF224,RNF227,HOXC10,ARHGAP4,RMI2,SPHK2,ZNF469,SAMD1,NUDT22,CRLF1,YPEL3,EXOC3L1,INO80B,CORO1B,ITGB2,NRGN,SMIM22,MYO1F,CCDC78,MYO7A,TRIB3,EGR3,CCDC9B,OSM,NUDT8,HNRNPA2B1,PNPLA2,GPRIN1,SYCE2,SHARPIN,HOOK2,TCF3,MXD3,MXD4,TMEM223,CUEDC1,ANAPC11,SNAI3,FOSL2,EHD1,HNRNPL,NRSN2,GPT,PLEKHN1,GRN,TUBB4B,TM7SF2,FCGRT,SLC39A3,TLE3,TLE2,RAB34,PLXNA3,REEP6,CNIH2,TCIRG1,CATSPERG,NEMP1,DENND3,CALML6,TBC1D10C,KAT8,PANO1,PRX,PSD,IZUMO4,HOXA11,FAM83E,CBX3,CBX2,YBX2,AXIN1,TRPT1,PERM1,DDX39A,ZNF276,RHBDL1,ABCA7,FERMT3,WFIKKN1,ROM1,TMC8,TMC6,MRPL51,PGAM5,SQSTM1,KANK3,PPM1N,SCN1B,SLC12A9,TSPAN4,IFITM10,CTSD,SLC43A1,EXOSC4,KHSRP,PALM,DOK3,ISG15,SSH3,PHF19,MAPK12,MAPK11,NPHS1,S100P,SYTL1,HOXC8,GPR3,ESAM,AMH,TRAF2,TRAF4,UNC93B1,SEMA3B,LAGE3,HIRIP3,TNNI2,MGAT4B,CDT1,BCL11A,DAZAP1,BICDL2,DNASE1L1,GDF15,APLP1,TEDC1,TEDC2,PDZD7,ALYREF,MAN2B1,MADCAM1,KLF15"
"DEG_HVL_CRC29","36","0.12120000000000000","KLF6","KLF6","286","1449","0.00030660000000000003","0.002530000000000000","1.2740000000000000","ReMap--ChIP-seq","SPINT1,SCO2,DDIT4,SLBP,HEXIM1,BTBD19,JAG1,FXYD3,SFXN3,SHB,DUSP4,DUSP5,DUSP1,AGRN,EFEMP2,CYSRT1,PKMYT1,NEK8,TRIM46,ICAM2,MT2A,TMEM63A,SDC4,SYNGR2,PTK6,FBXL5,TLCD1,NOXO1,TACC3,PLAU,GRK5,TNFAIP8,TNFAIP2,SYNGR3,ELF3,PLEC,POLD4,CD7,CDA,VPS18,ARMC7,PLK3,CGN,MEX3A,GJB4,GJB5,CDKN1B,GJD3,KIFC2,ADCY4,APOL1,APOL2,PLP2,THOC6,LBR,CEBPB,MGME1,BCOR,SLC35B2,HDAC10,NIPAL3,TPX2,EDN1,AMIGO2,TYMP,FAM47E,SUSD1,GRHL3,ATP1B1,MUC1,HES4,HES7,HSPG2,RBCK1,CFAP99,C3,FGFBP1,RIPK3,RIPK4,PROCA1,CASTOR1,TTLL1,SLC25A45,SLC16A5,FSCN2,SOCS3,FOXL1,PPP1R15B,BAIAP2,BAIAP3,TONSL,SLC34A3,MXRA8,FKBP10,CCDC120,CRIP2,MOK,KLK10,AUNIP,PIDD1,SFR1,CFAP45,CDHR2,MVP,MARVELD1,PROB1,ENO1,CRACR2B,SLC6A9,TACR2,PLCD3,ZFP36,TMSB10,CLIP2,ABHD4,GPR108,ZG16B,LSM4,RANGAP1,WBP1,GLRX,CARHSP1,CCDC88B,MYL6B,ANKRD9,MAP4K1,B3GNT7,B3GNT3,KRT13,KRT19,KRT15,TRIP10,SPNS2,TMEM134,ELMO3,DNAJC22,LTBP2,ALDH3B1,ACBD4,DLG4,TGFBI,TMEM107,TRNP1,KRT80,LTC4S,CRABP2,CDCA4,EPB41L1,RNF224,FAT1,BHLHE41,NUDT22,EXOC3L1,COL17A1,INO80B,LCN2,ITGB4,ITGB2,NRGN,ITGA3,ITGA1,ADORA2B,PBXIP1,DEPP1,CCDC78,ACTN4,TRIB3,HSD17B1,OSM,VEGFA,PNPLA2,LOXL1,SCNN1D,SCNN1A,BHLHE40,ADGRF1,CUEDC1,HNRNPR,NFATC4,EHD1,HNRNPF,ATG2A,FNDC11,NRSN2,CEP55,GRAMD2B,TUBB4B,CLCF1,RAB34,SLC26A1,CCDC24,CCDC12,PLXNB2,TCIRG1,PIP5KL1,NECTIN4,KAT8,KRT7,PANO1,DCST2,NT5C,KIAA0513,PTGES2,ITPRIP,ANXA11,YBX2,HK2,TRPT1,PFDN2,PERM1,PGAP3,KRTCAP2,MYL5,NCAPG,RHBDL1,ABCA7,LETM2,MYOF,ROM1,TMC8,TMC6,IDUA,FLNB,FRMD8,S100A5,SQSTM1,TRABD2A,TACSTD2,GDPGP1,ARRB1,PPM1N,NTN4,BARX2,PARD6B,ATP9A,RASSF4,SLC12A6,PAQR7,TSPAN4,TSPAN5,TECR,TMPRSS4,GEMIN7,ISG15,SSH3,PHF13,AURKB,MAPK12,MAPK11,S100P,SERPINE1,STMN1,ACOT7,HOXB9,PRR29,CDC6,SSPN,PRSS22,BATF2,SERPINB1,ANXA3,ITPKA,PRSS33,IGFBP4,DGKQ,ADAM9,ADAM8,ITPR3,ESAM,RNPEPL1,TRAF4,METTL27,UNC93B1,SEMA3B,CFLAR,TPCN1,MGAT4B,TNS4,DNASE1L1,KCTD3,TEDC1,PDZD7,SMAD3,ARHGAP30,CKS1B,STN1"
"DEG_HVL_CRC29","37","0.12460000000000000","E2F6","E2F6","286","1453","0.00036400000000000001","0.002860000000000000","1.2700000000000000","ReMap--ChIP-seq","SHMT2,TEX22,HEXIM1,BTBD19,SFXN3,KCNC3,PAFAH1B3,CCDC9,AGRN,EFEMP2,CYSRT1,DGAT1,PKMYT1,TNFRSF14,NEK8,SDF2L1,ONECUT3,VPS9D1,TSPOAP1,ICAM1,TRIM28,TNFSF13,MT-ATP6,TLCD1,PTMA,NOXO1,MT-ATP8,GRIN1,TNFAIP2,LYL1,ZIC2,ATP6AP1,SYNGR3,PLEC,GALT,CD7,DQX1,ARMC7,PLK3,KIFC2,SLC17A7,PLP2,MAMSTR,THOC6,MCM7,SAPCD2,CEBPB,WDR97,BCOR,SLC35B2,IFITM2,ZNF843,TANGO2,OBSL1,TMEM184A,HMX3,KISS1R,EME2,ISYNA1,OPLAH,STPG3,IQCN,DDN,BUB3,HES4,MT-ND6,MDC1,MT-ND4,MT-ND5,MT-ND1,SAMD11,HES7,HSPG2,EML2,NAPSA,GRIN3B,SLC29A1,RNASEK,PROCA1,FSTL3,RECQL4,HLA-DMA,HR,FSCN2,SOCS3,NRARP,BAIAP2,TONSL,SLC34A3,MXRA8,CTXN1,TNFRSF13C,PCSK4,HYAL1,AJM1,PIDD1,HS3ST3B1,CDHR2,MVP,EPS8L2,CCDC183,INAFM1,ENO2,PIH1D1,RNF126,CRACR2B,WNT10B,TMEM198,GLI4,ZCWPW1,PLCD3,CHPF,ZFP36,NAGLU,LSM4,LSM2,NES,PTBP1,WBP1,MROH6,RNF26,TTLL10,CCDC88B,CORO6,CLIC3,B3GNT9,CA11,STAC3,ALDH3B1,ACBD4,NAPRT,TMEM107,PDE4A,CHMP6,LTC4S,MT-CO1,SYNGAP1,MT-CO2,MT-CO3,ATF4,CDCA3,CRABP2,RNF224,ACHE,HOXC10,ARHGAP4,SPHK2,CENPA,ZNF469,SAMD1,NUDT22,CENPM,EXOC3L1,FTL,INO80B,DLX2,MT-CYB,PBXIP1,CCDC78,TRIB3,IL11,HSD17B1,NUDT8,PNPLA2,SCNN1D,SCNN1A,SHARPIN,RHPN1,GFY,UBE2S,BHLHE40,TAPBP,EPOP,ANAPC11,FOSL2,HNRNPL,HNRNPF,NRSN2,GPT,PLEKHN1,GRN,TUBB4B,CLCF1,RAB3A,TLE3,RAB36,RAB34,SLC26A1,CCDC24,PLXNA3,REEP6,TCIRG1,NEMP1,P2RX6,CALML6,FTH1,TBC1D10C,TRPM4,PYCR3,PANO1,COL18A1,PRX,PSD,IZUMO1,TUBB,PGGHG,CBFA2T3,RFNG,DCST2,PSMC3IP,FAM83E,CBX2,YBX2,TRPT1,PERM1,THBS3,MT-ND4L,MYL5,DDX39A,ZNF276,RHBDL1,ABCA7,WFIKKN1,PIGQ,LRRC45,TMC8,TMC6,IDUA,SQSTM1,LRRC56,SLC38A2,ZNF512B,TSPAN4,RASSF7,ID3,KIF22,FUOM,EXOSC4,NXPH4,RASGRP2,ISG15,PHF13,PAOX,AURKB,CLCN7,NPHS1,S100P,SERPINE1,HOXB9,HOXC8,TRIP6,PAXX,NOTUM,INHA,TUBB6,STK32C,DGKQ,ADAM8,DNMT1,FN3K,RNPEPL1,TRAF4,UNC93B1,SEMA3B,LAGE3,MGAT4B,SMIM1,LCN15,LCN12,CDT1,DAZAP1,BICDL2,NME3,DNASE1L1,RASIP1,GDF15,APLP1,TEDC1,TEDC2,PDZD7,ALYREF,CKS1B,MADCAM1,LMNTD2,OPRL1,BAX"
"DEG_HVL_CRC29","38","0.12790000000000001","IRF3","IRF3","284","1442","0.00036570000000000000","0.002860000000000000","1.2709999999999999","ReMap--ChIP-seq","ALKBH6,HEMK1,MTHFD2,HEXIM1,HEXIM2,SFXN3,JAK3,TOMM40L,CYSRT1,TOM1,KMT5A,BLM,AMDHD2,SDF2L1,SP2,E2F1,LGALS1,FBXO5,GOLPH3L,APOE,PCK2,PHETA2,TNFSF13,NDUFAF3,GRIK5,PTMS,COX8A,SYP,TLCD2,PTMA,PCNT,ECT2,IFT27,RRM2,MSANTD4,ARMC1,WDR62,COPZ2,CIT,KIFC1,ANGPTL4,USP1,PCYOX1L,PLP2,TMEM179B,PODNL1,MAMSTR,TOM1L2,HMMR,ORC6,FANCM,FANCG,COPS3,DRC3,OSCP1,MCM7,EVI5L,CKAP2L,MCM3,MCM5,MCM2,WDR97,APOC1,RPS6KA5,NIPAL3,BRICD5,TANGO2,STXBP2,TPX2,UBXN6,PARP3,KISS1R,EMC9,ROGDI,EME2,DIAPH3,PXMP2,STPG3,PDXP,BUB3,MDC1,C3,ACTL6A,VWA5A,SIRT2,RNASEK,STAT2,ZNF695,SLC25A41,SLC25A42,TROAP,ACAT2,BCL2L12,NXT1,BAIAP3,CCNL2,SLC34A3,FKBP10,TMEM150A,IMMP1L,FAAP24,PER2,CCDC159,HOMEZ,ANKHD1,AJM1,HMGB2,ARMH1,RBM14,RBM15,SFPQ,FZD1,GPR137C,TMEM160,RFWD3,PLCD3,ZFP36,ZNF564,STIP1,GPR108,LSM4,PTBP1,PGPEP1,KCNAB2,ASPM,WBP1,MROH1,MROH8,RNF26,ARL6IP6,RECQL,NECAB3,ZWINT,CREBRF,BBS12,TOMM40,CA11,TRIP10,TMEM143,ELMO3,ACBD4,TMEM107,POLE,EGFL8,SPG7,PDE6D,LCA5,TICRR,SYNGAP1,ATF4,CDCA2,CDCA3,CDCA8,RNF215,RNF224,CHAF1A,DLGAP5,RMI1,INCENP,CENPA,SAMD1,CENPF,CENPM,YPEL5,CDKN3,YPEL2,EXOC3L1,FTL,INO80B,SMIM22,PBXIP1,TSPAN31,CDC45,HNRNPA1,HNRNPAB,CDC20,SNRPD2,BRIP1,ALDH6A1,NUDCD2,PRR15L,SYCE2,SHARPIN,RHPN1,UBE2C,TCF3,MXD4,PHTF2,TAPBP,EPOR,RSPH1,HNRNPR,CDK5RAP3,SNAI3,HNRNPL,CEP85,HNRNPC,TCP1,TUBB4B,ADM5,RAB3A,TM7SF2,TLE3,ILF2,TLE6,SNRPF,SNRPA,PLXNB1,CNIH2,HMGCS1,BPGM,HAUS5,POLR1E,MTFR2,PCLAF,PYCR3,TOP2A,TUBB,NT5C,AMN1,NT5M,FAM161A,CBX5,CDK2AP2,DDX39A,AGAP2,ABCA7,TDP1,FERMT3,LRRC45,TMC4,GOT1,B3GALT4,GGCT,EFCAB11,NTN5,KANTR,TMPO,XRCC3,RASSF7,TECR,BRCA1,SPTLC2,DGLUCY,EXOSC2,CD74,SPC24,KHSRP,HNRNPUL1,HNRNPUL2,AURKB,SERPINF2,PASK,PRR11,ASF1B,SKA2,HBP1,TCF19,BACE1,IVD,ZNF101,SLC37A1,CDK2,METTL17,TRAF2,DALRD3,DCAF15,SPAG8,TPCN1,IMPDH2,ANP32E,NME3,RAD54L,KCTD9,TEDC1,ARHGAP19,CASKIN1,PDZD7,STIL,ARHGAP33,CKS1B,LMNTD2,USP16,BAX"
"DEG_HVL_CRC29","39","0.13130000000000000","CEBPD","CEBPD","286","1454","0.00037980000000000002","0.002890000000000000","1.2689999999999999","ReMap--ChIP-seq","SCO2,DDIT4,ORAI3,HEXIM1,HEXIM2,BTBD19,NCAPH2,MMP25,DUSP1,DUSP9,CCDC9,AGRN,FADS2,EFEMP2,CYSRT1,DGAT1,VMAC,PKMYT1,AMDHD2,TNFRSF14,NEK8,SDF2L1,E2F1,ICAM1,TRIM28,APOE,PCK1,TNFSF13,NDUFAF3,PTMS,MT-ATP6,TLCD2,TLCD1,PTMA,NOXO1,MT-ATP8,TACC3,PLD1,LYL1,SYNGR3,SLC3A2,RRM2,CD7,DQX1,PLK3,ADAMTSL4,KIFC2,SLC17A9,TMEM179B,THOC6,MCM7,SAPCD2,CEBPB,ZNF747,WDR97,APOC1,BCOR,SLC35B2,BRICD5,TANGO2,OBSL1,VWA7,TYMP,KISS1R,EME2,ZCCHC8,ISYNA1,OPLAH,STPG3,IQCN,PDXP,HES4,MT-ND6,MDC1,MT-ND4,MT-ND5,MT-ND1,C3,GRIN3B,SLC29A1,PROCA1,FSTL3,RECQL4,HLA-DMA,STAT6,SLC25A45,SLC16A5,LRP1,BAIAP3,TONSL,RCC1,CCNL2,SLC34A3,ENTPD8,MXRA8,CTXN1,PCBP1,FKBP10,PCSK4,TMEM150A,AJM1,PIDD1,MVP,CCDC183,INAFM1,ENO1,RNF126,CRACR2B,PA2G4,TMEM198,SLC6A9,VSIG10L,GLI4,ZCWPW1,PLCD3,CHPF,ZFP36,NAGLU,GPR108,LSM4,LSM2,PTBP1,PGPEP1,WBP1,MROH6,RUSC1,JMJD6,CARHSP1,NECAB3,CCDC88B,MYL6B,TOMM40,CA11,TRIP10,TMEM134,ACBD4,DLG4,NAPRT,TMEM107,PDE4A,RNF207,TRNP1,EGFL8,MT-CO1,SYNGAP1,RAVER1,MT-CO2,MT-CO3,ATF4,CDCA3,CDCA5,RNF224,SPHK2,SAMD1,NUDT22,CRLF1,EXOC3L1,FTL,INO80B,CORO1B,MT-CYB,ACP2,PBXIP1,TSPAN31,HNRNPA1,HNRNPA3,MYO19,CCDC78,TRIB3,TRIB1,ACY1,HSD17B1,VEGFA,HNRNPA2B1,CAPS,PNPLA2,SCNN1D,SYCE2,SHARPIN,BHLHE40,TMEM223,TAPBP,ANAPC11,SNAI3,EHD1,HNRNPL,HNRNPF,NRSN2,GPT,AIFM3,PLEKHN1,TUBB4B,TM7SF2,FCGRT,TLE3,RAB34,PLXNB1,REEP6,TCIRG1,PIP5KL1,NEMP1,CALML6,FTH1,TRPM4,PYCR3,PANO1,PRX,PSD,TUBB,RFNG,AMN1,SLC22A31,CYP2W1,FAM83E,CBX5,CBX3,CBX2,AXIN1,TRPT1,PERM1,MT-ND4L,DDX39A,ABCB6,AGAP2,RHBDL1,ABCA7,FERMT3,PIGQ,PIGW,LYPLA2,LRRC45,PIM1,FRMD8,SQSTM1,LRRC56,SLC38A2,B3GALT4,ZNF512B,PPM1N,IFI35,SCN1B,TSPAN4,RASSF7,TECR,KIF22,FUOM,EXOSC4,SPC24,PALM,DOK3,SLC1A5,FDPS,ISG15,PHF13,S100P,SERPINE1,SERPINF2,SF3A2,NOTUM,INHA,RNPEPL1,AMH,SLC37A4,DALRD3,TRAF4,IMPDH2,MGAT4B,SMIM1,CDT1,DAZAP1,FEN1,BICDL2,NME3,DNASE1L1,CGREF1,RANBP1,GDF15,LY6G5C,CASKIN1,SMAD3,ALYREF,CKS1B,MADCAM1,LMNTD2,OPRL1,BAX"
"DEG_HVL_CRC29","40","0.13469999999999999","NR1H2","NR1H2","284","1445","0.00041550000000000002","0.003090000000000000","1.2680000000000000","ReMap--ChIP-seq","GSTK1,SPINT1,DDIT4,SHMT2,HEXIM1,HEXIM2,BTBD19,AGO2,DUSP5,DUSP1,AGRN,EFEMP2,CYSRT1,DGAT1,PKMYT1,NEK8,KCNK6,PIWIL4,VPS9D1,LGALS4,TRIM28,SDC4,MRNIP,RRAS,PTK6,NDUFAF3,TLCD1,PTMA,NOXO1,SYNGR3,ELF3,PLEC,SLC3A2,POLD4,VPS18,ARMC7,PLK3,PLK2,CGN,CDKN1B,PLP2,THOC6,MCM7,CEBPB,ABLIM3,SLC35B2,HDAC10,BRICD5,TMEM184A,TPX2,AMIGO2,KISS1R,FAM47E,GRHL3,CCDC28B,EME2,ATP1B1,STPG3,HES4,CAPN12,LIPH,HES7,RBCK1,C3,HSPH1,EXPH5,GRIN3B,SIRT4,EMP1,PROCA1,RECQL4,CARNS1,STAT6,SLC16A5,FSCN2,BCL2L12,NRARP,SH2D3A,LRP1,BAIAP2,RCC1,SLC34A3,PHYKPL,MICAL1,FKBP10,CAPN8,CAPN5,AJM1,PIDD1,SFR1,CFAP45,MVP,EPS8L2,EHF,CYP1B1,SULT2B1,CRACR2B,PA2G4,GCNT3,ZNFX1,PLCD3,ZFP36,TMSB10,GPR108,ZG16B,PGPEP1,TTLL10,ZNF608,SOX9,MYL6B,AMPD3,CA12,CA11,KRT13,STAC3,KRT19,KRT15,TRIP10,TJP3,TMEM134,DNAJC30,TMEM123,ALDH3B1,ACBD4,DLG4,CXCL2,TMEM107,TRNP1,KRT80,LTC4S,ATF4,RNF215,RNF224,BHLHE41,HOXC10,TCP11L2,SPHK2,NUDT22,FTL,CORO1B,LCN2,ITGB4,NRGN,ACP2,ITGB6,ITGA3,PBXIP1,HNRNPA1,HNRNPA3,HNRNPAB,CDC20,CCDC78,ACTN4,TRIB3,TRIB1,VEGFA,HNRNPA2B1,PNPLA2,SCNN1A,BHLHE40,GNG3,ANAPC11,FOSL2,EHD1,HNRNPL,FNDC11,NRSN2,GPT,TUBB4B,ADM5,CLCF1,TM7SF2,TLE3,RAB34,PLXNB2,PIP5KL1,PKM,CATSPERG,NEMP1,CEACAM19,PPIL6,FTH1,LONP1,TBC1D10C,KAT8,KRT7,TRPM4,PANO1,CITED2,RFNG,NT5C,PTGES2,RASEF,HOXA11,FAM83E,CBX5,CBX3,SAE1,YBX2,TRPT1,PERM1,WEE1,ZNF276,RHBDL1,ABCA7,WFIKKN1,LYPLA2,MYOF,ROM1,MRPL48,FLNB,S100A2,FRMD8,S100A5,S100A4,S100A3,SQSTM1,TRABD2A,SLC38A2,GDPGP1,PPM1N,NTN4,PARD6B,ATP9A,TSPAN4,TSPAN5,TECR,SPTLC2,CTSD,ANO9,STAMBPL1,CD55,NXPH4,SLC1A5,FUT4,SPATA6L,ISG15,SSH3,PROC,AURKB,MAPK12,UQCRHL,MAPK11,S100P,HOXA1,HOXB9,CDC6,SSPN,PRSS22,SERPINB1,ANXA3,ITPKA,SF3A2,CCL20,ABHD11,ESAM,RNPEPL1,AMH,DALRD3,TRAF4,METTL27,SEMA3C,UNC93B1,SEMA3B,ADRM1,TPCN1,MGAT4B,CHAC1,SMIM5,BICDL2,NME3,CEACAM6,DNASE1L1,SCEL,GDF15,ABCG1,SMAD3,ALYREF,CKS1B,ABCC3,TFPI,TOB1,LEKR1,BAX"
"DEG_HVL_CRC29","41","0.13800000000000001","RFX5","RFX5","285","1453","0.00046030000000000002","0.003330000000000000","1.2649999999999999","ReMap--ChIP-seq","DDIT4,SHMT2,HEXIM1,HEXIM2,BTBD19,DUSP1,PAFAH1B3,CCDC9,GOLIM4,EFEMP2,CYSRT1,KMT5A,SRSF3,PKMYT1,NEK8,SDF2L1,VPS9D1,TRIM28,GIPR,RRAS,NEU1,APOE,PCK2,CPLANE2,GRIK5,PTMS,NMRK1,TLCD2,TLCD1,PTMA,PCNA,NOXO1,ORMDL3,CFAP157,TGM1,TNFAIP8,ATP6AP1,SYNGR3,SLC3A2,POLD4,TTC16,CD4,CD7,VPS18,ARMC1,PLK3,MEX3A,BTG2,ADAMTSL4,COPZ2,KIFC1,HLA-DQB1,SLC17A9,ASPDH,CDKN2D,PHF5A,TMEM179B,MAMSTR,DYRK1B,THOC6,TOM1L2,FANCG,TPP1,MAP3K14,DRC3,MCM7,WIPI1,SAPCD2,CEBPB,APOC1,BRICD5,TANGO2,HLA-A,HLA-F,HLA-E,TMEM184A,VWA7,EMC9,COMT,ATP1B1,CDH24,STPG3,PDXP,MUC1,MDC1,HES7,EML2,C3,HLA-DPA1,ELOVL3,POU5F1,RECQL4,HLA-DMA,HLA-DMB,LAG3,BCL2L12,BCL2L11,BCDIN3D,DSE,HSD17B14,LRR1,SLC34A3,GCDH,HYAL1,TMEM150A,CRIP2,PER2,GLB1L,CCND2,MR1,HOMEZ,CD164L2,PIDD1,RBM14,MVP,INAFM1,SULT2B1,PA2G4,RNF169,TMEM160,PLCD3,ZFP36,GPR108,LSM4,LSM2,PATL2,WBP1,RNF26,PNRC1,MYL6B,ANKRD9,AMPD3,B3GNT9,TOMM40,CA11,TRIP10,ELMO3,ALDH3B1,ACBD4,DLG4,TMEM107,PDE4A,POLL,TRNP1,EGFL8,SYNGAP1,ATF4,RNF224,SPHK2,ODC1,YPEL3,YPEL2,EXOC3L1,FTL,INO80B,DLX2,FUZ,ACP2,PBXIP1,TSPAN31,HNRNPA1,REC8,SNRPD2,TRIB3,TRIB1,GREB1,IL11,PRR15L,NCKIPSD,TMEM230,TMEM231,HOOK2,NASP,BHLHE40,NABP2,NABP1,TMEM223,DACT3,ANAPC11,EHD1,HNRNPL,ATG2A,SNAI1,NRSN2,GPT,ZNF367,TUBB4B,CLCF1,RAB3A,TM7SF2,ILF2,SNRPA,BRSK1,HSPBP1,CCDC32,PLXNB1,CNIH2,AMD1,PIP5KL1,HAUS5,PKM,NCKAP5L,KAT8,SPTBN4,PRX,PSD,IZUMO1,TUBB,DCST2,FAM83E,CBX5,PPP2R5B,PPP2R5D,TRAPPC6A,THBS3,WEE1,CDK2AP2,TMEM97,RFX5,ZNF276,ABCB6,AGAP2,RHBDL1,WFIKKN1,LETM2,LRRC45,ROM1,TMC4,CKS2,LRRC73,S100A2,B3GALT4,PPM1N,NTN5,PARD6B,TP53INP2,KANTR,IFI35,TMPO,TECR,MIS12,CD74,DOK3,HNRNPUL2,NXPH4,FUT2,PROC,MAST3,SCARF1,AURKB,UQCRHL,MAPK10,SERPINE1,SERPINF2,TSPYL4,ASF1B,S100A16,TNFSF9,TCF19,GPR3,TM9SF1,TEX9,MINDY1,MOAP1,CDK2,RNPEPL1,TRAF4,METTL27,CDNF,SEMA3B,BTN3A1,BTN3A3,TUBG2,DNASE1L1,RASIP1,GOLT1A,TEDC1,ALYREF,ARHGAP33,MAVS,CKS1B,KLF10,CKAP2,TOB1,BAX"
"DEG_HVL_CRC29","42","0.14140000000000000","ZNF143","ZNF143","284","1452","0.00055659999999999998","0.003840000000000000","1.2600000000000000","ReMap--ChIP-seq","DHDH,DDIT4,ORAI3,SLBP,SHMT2,LYPD5,HEXIM1,HEXIM2,BTBD19,SFXN3,MMP25,PAFAH1B3,CCDC9,FADS2,EFEMP2,CYSRT1,DGAT1,PKMYT1,TSNAXIP1,NEK8,SDF2L1,SP6,KCNK6,TRIM46,ICAM1,TRIM28,GIPR,SYNGR2,RRAS,BST2,MT-ATP6,TLCD1,PTMA,NOXO1,MT-ATP8,TACC3,FGF11,LMNB2,SYNGR3,PLEC,SLC3A2,POLD4,DQX1,PRKCG,VPS18,ARMC7,PLK3,MEX3A,ASGR1,TK1,COPZ2,KIFC2,PLIN5,SLC17A7,CDKN2D,MAMSTR,THOC6,FKBP5,FANCG,MCM7,SAPCD2,CEBPB,TULP2,ZNF747,WDR97,SLC35B2,ZNF843,TMEM184A,KISS1R,FPGS,ISYNA1,CDH24,STPG3,IQCN,MUC1,HES4,MT-ND6,MT-ND4,MT-ND5,MT-ND1,HES7,EML2,C3,GRIN3B,SIRT4,SLC29A1,PROCA1,RECQL4,LRG1,FSCN2,BCL2L12,NRARP,SH2D3A,SH2D3C,SLC25A19,HSD17B14,TONSL,CCNL2,SLC34A3,MXRA8,PEX11G,FKBP10,DOC2A,PCSK4,HYAL1,TMEM150A,CRIP2,ZFHX2,CD164L2,PIDD1,BCL7C,CCDC194,MVP,CCDC183,INAFM1,PIH1D1,SULT2B1,CRACR2B,WNT10B,PA2G4,TMEM198,ZCWPW1,PLCD3,CHPF,ZFP36,ANKRD24,GPR108,LSM4,NES,PGPEP1,ZNF513,WBP1,RHEBL1,JMJD6,CCDC88B,MYL6B,ANKRD9,ALOX12B,CA11,TRIP10,TJP3,TMEM143,TMEM145,ELMO3,ALDH3B1,ACBD4,DLG4,TMEM107,PDE4A,TMEM109,RNF207,MT-CO1,MT-CO2,MT-CO3,ATF4,CDCA3,CRABP2,CDCA5,RNF224,ACHE,SPHK2,MED22,CRB2,ZNF473,ZSWIM8,SAMD1,NUDT22,YPEL3,EXOC3L1,ZNF446,FTL,INO80B,FUZ,MT-CYB,TSPAN31,CCDC78,ACTN4,TRIB3,CCDC9B,ACY1,THTPA,NUDT8,PNPLA2,SCNN1D,SHARPIN,GFY,GGN,BHLHE40,DMKN,ASB16,EPOR,ANAPC11,NRSN2,GPT,PLEKHN1,GRN,TUBB4B,ADM5,CLCF1,RAB3A,TM7SF2,FCGRT,RAB34,SNRPA,BRSK1,CCDC24,HSPBP1,REEP6,CNIH2,TCIRG1,AP1G2,PIP5KL1,HAUS5,CATSPERG,CALML6,TBC1D10C,KAT8,SPTBN4,RALGDS,TRPM4,PANO1,PRX,PSD,IZUMO1,RFNG,DCST2,FAM83E,YBX2,SPRED3,TRPT1,PERM1,MT-ND4L,KRTCAP2,TTYH2,AGAP2,RHBDL1,ABCA7,WFIKKN1,LRRC45,TMC8,TMC6,RABAC1,ZNF224,ZNF512B,BIRC5,PPM1N,SCN1B,TSPAN4,TECR,KIF11,KIF2C,EXOSC4,EXOSC2,FUT2,RASGRP2,ISG15,NPHS1,TRIP6,PRSS22,GPR3,NOTUM,AK1,WRAP53,TRAF4,SEMA3B,HIRIP3,SMIM5,LCN15,CDT1,DAZAP1,FEN1,BICDL2,RASIP1,GDF15,APLP1,TEDC1,PDZD7,ALYREF,ARHGAP33,CKS1B,MADCAM1,OPRL1,PRRG2,BAX"
"DEG_HVL_CRC29","43","0.14480000000000001","ZHX1","ZHX1","284","1452","0.00055659999999999998","0.003840000000000000","1.2600000000000000","ReMap--ChIP-seq","SCO2,DDIT4,SET,HEXIM1,HEXIM2,SFXN3,JAK3,DUSP1,CCDC9,AGRN,FADS3,EFEMP2,CYSRT1,DGAT1,PKMYT1,NEK8,SDF2L1,NOXA1,ONECUT3,E2F1,TRIM46,E2F2,ICAM1,TRIM28,RRAS,PTK6,NDUFAF3,MT-ATP6,COX8A,SYP,TLCD2,TLCD1,PTMA,NOXO1,CFAP157,MT-ATP8,GRIN1,TNFAIP2,LMNB2,LYL1,SYNGR3,ELF3,PLEC,SLC3A2,POLD4,TTC16,DQX1,VPS18,ARMC7,MEX3A,CDKN1A,ADAMTSL4,COPZ2,KIFC2,CDKN2D,PLP2,TMEM179B,THOC6,MCM7,SAPCD2,CEBPB,WDR97,SLC35B2,BRICD5,ARRDC1,TMEM184A,VWA7,TYMP,KISS1R,EME2,FPGS,ISYNA1,STPG3,IQCN,MUC1,HES4,MT-ND6,MDC1,MT-ND4,MT-ND5,MT-ND1,HES7,EML2,C3,GRIN3B,TUBA1B,PROCA1,FSTL3,RECQL4,HLA-DMA,CARNS1,SLC25A45,SLC16A5,TROAP,BCL2L12,SOCS3,NRARP,SH2D3A,SH2D3C,PPP1R15B,SLC34A3,ENTPD8,CTXN1,FKBP10,PCSK4,HYAL1,CRIP2,HOMEZ,AJM1,MVP,CCDC183,ENO1,PIH1D1,RNF126,ZCWPW1,PLCD3,ZFP36,NAGLU,STIP1,GPR108,LSM4,LSM2,NES,PTBP1,MROH6,ASS1,RUSC1,NECAB3,CCDC88B,CLIC3,QRFP,AMPD3,B3GNT9,CA11,TRIP10,TJP3,NRM,TMEM143,TMEM134,ELMO3,DNAJC22,ALDH3B1,ACBD4,DLG4,NAPRT,TMEM107,PDE4A,EGFL8,KRT80,MT-CO1,MT-CO2,MT-CO3,EXD3,CRABP2,CDCA5,RNF224,HOXC10,SPHK2,SAMD1,NUDT22,YPEL3,EXOC3L1,FTL,CORO1B,LCN2,MT-CYB,ACP2,SMIM24,PBXIP1,HNRNPA1,CCDC78,TRIB1,EGR3,ACY1,IL11,HSD17B1,NCKIPSD,SHARPIN,HOOK2,BHLHE40,TMEM223,TAPBP,GNG3,EPOR,ANAPC11,EHD1,FNDC11,GPT,PLEKHN1,TUBB4B,ADM5,CLCF1,TM7SF2,FCGRT,ILF2,RAB34,REEP6,CNIH2,TCIRG1,PIP5KL1,TBC1D10C,KRT7,GPR37L1,RALGDS,TRPM4,PSD,TUBB,RFNG,DCST2,NT5C,PTGES2,HOXA11,FAM83E,CBX5,CBX2,YBX2,TRPT1,PFDN2,PERM1,THBS3,WNT11,CDK2AP2,MT-ND4L,KRTCAP2,RHBDL1,ABCA7,FERMT3,WFIKKN1,LRRC45,ROM1,S100A2,FRMD8,S100A5,S100A4,S100A3,SLC38A2,B3GALT4,GDPGP1,ZNF512B,ID3,TECR,KIF22,EXOSC2,CD55,HNRNPUL2,FDPS,ISG15,SSH3,PHF13,ZP3,AURKB,UQCRHL,ASF1B,S100A13,HOXC8,TRIP6,PAXX,SF3A2,AK1,AMH,TRAF2,DALRD3,TRAF4,UNC93B1,SEMA3B,AHNAK2,CHAC1,PTGES,LCN15,LCN12,CDT1,DAZAP1,BICDL2,NME3,DNASE1L1,GDF15,TEDC1,CASKIN1,PDZD7,ALYREF,CKS1B,MADCAM1,TOB1,BAX"
"DEG_HVL_CRC29","44","0.14810000000000001","ELF1","ELF1","283","1451","0.00067139999999999995","0.004340000000000000","1.2560000000000000","ReMap--ChIP-seq","SCO2,DDIT4,ORAI3,SLBP,SHMT2,HEXIM1,HEXIM2,BTBD19,NCAPH2,SFXN3,CCDC9,AGRN,EFEMP2,CYSRT1,DGAT1,PKMYT1,AMDHD2,NEK8,SDF2L1,VPS9D1,LENG9,LENG8,LGALS1,TRIM28,GIPR,SYNGR2,RRAS,TNFSF13,PTK6,NDUFAF3,MT-ATP6,TLCD1,PTMA,NOXO1,MT-ATP8,TACC3,FGF11,TNFAIP2,LMNB2,SYNGR3,PLEC,POLD4,POLD1,CD7,DQX1,VPS18,ARMC7,PLK3,MEX3A,GJD3,KIFC2,SLC17A7,TMEM179B,MAMSTR,THOC6,MCM7,SAPCD2,WDR97,SLC35B2,HDAC10,BRICD5,ARRDC1,TMEM184A,TYMP,KISS1R,EMC9,FPGS,ISYNA1,OPLAH,STPG3,IQCN,MUC1,HES4,MT-ND6,MDC1,MT-ND4,MT-ND5,MT-ND1,SAMD11,HES7,EML2,C3,NAPSA,GRIN3B,SLC29A1,RNASEK,PROCA1,FSTL3,RECQL4,HLA-DMA,CARNS1,CASTOR1,SLC25A45,SLC16A5,FSCN2,BCL2L12,SOCS3,NRARP,SH2D3A,SH2D3C,BAIAP3,TONSL,CCNL2,SLC34A3,MXRA8,PCSK4,HYAL1,TMEM150A,CRIP2,PIDD1,BCL7C,MVP,INAFM1,ENO2,PIH1D1,RNF126,CRACR2B,PA2G4,TMEM198,PFAS,GLI4,ZCWPW1,PLCD3,CHPF,ZFP36,NAGLU,GPR108,LSM4,PTBP1,PGPEP1,ZNF513,WBP1,MROH6,CARHSP1,CCDC88B,MYL6B,ANKRD9,B3GNT9,CA11,TRIP10,NRM,TMEM134,ELMO3,ALDH3B1,ACBD4,DLG4,NAPRT,TMEM107,PDE4A,LTC4S,POLM,MT-CO1,SYNGAP1,MT-CO2,MT-CO3,ATF4,CDCA3,CDCA5,RNF224,ARHGAP4,SPHK2,MED22,SAMD1,NUDT22,YPEL3,EXOC3L1,FTL,INO80B,CORO1B,MT-CYB,PBXIP1,TSPAN31,SNRPD2,CCDC78,ACTN4,EGR3,ACY1,HSD17B1,PNPLA2,SHARPIN,TMEM223,TAPBP,ANAPC11,SNAI3,EHD1,HNRNPL,HNRNPF,NRSN2,GPT,PLEKHN1,GRN,TUBB4B,ADM5,CLCF1,TM7SF2,FCGRT,RAB34,PLXNB2,REEP6,CNIH2,TCIRG1,AP1G2,PIP5KL1,CATSPERG,NEMP1,RAB26,TBC1D10C,PYCR3,PANO1,PSD,IZUMO1,TUBB,RFNG,DCST2,NT5C,PSMC3IP,PTGES2,FAM83E,YBX2,TRPT1,PERM1,THBS3,MT-ND4L,DDX39A,ZNF276,AGAP2,RHBDL1,ABCA7,FERMT3,WFIKKN1,LYPLA2,LRRC45,ROM1,TMC8,TMC6,TMC4,FRMD8,SQSTM1,LRRC56,B3GALT4,ZNF512B,PPM1N,TSPAN4,SURF1,RASSF7,ID3,TECR,KIF22,EXOSC4,IL17C,SLC1A5,ISG15,SSH3,AURKB,MAPK12,MAPK11,SERPINE1,HOXB9,TRIP6,PRSS22,SF3A2,TM9SF1,NOTUM,RNPEPL1,AMH,DALRD3,TRAF4,SEMA3B,MGAT4B,CDT1,DAZAP1,DNASE1L1,RASIP1,GDF15,TEDC1,TEDC2,CASKIN1,PDZD7,ALYREF,CKS1B,LMNTD2,OPRL1,BAX"
"DEG_HVL_CRC29","45","0.15150000000000000","FOXP2","FOXP2","283","1451","0.00067139999999999995","0.004340000000000000","1.2560000000000000","ReMap--ChIP-seq","SCX,SCO2,DDIT4,ORAI3,SLBP,HEXIM1,HEXIM2,BTBD19,NCAPH2,AGO2,SFXN3,KCNC3,MMP25,JAK3,DUSP4,DUSP1,PAFAH1B3,CCDC9,AGRN,FADS3,EFEMP2,CYSRT1,DGAT1,PKMYT1,AMDHD2,NEK8,SDF2L1,NOXA1,VPS9D1,GIPR,RRAS,PTK6,MT-ATP6,TLCD2,TLCD1,NOXO1,MT-ATP8,TACC3,LMNB2,ZIC2,ATP6AP1,SYNGR3,PLEC,VPS18,HCFC1,BCAM,PLK3,ADAMTSL4,ADAMTSL2,KIFC2,ANGPTL4,SLC17A7,CDKN2B,MAMSTR,THOC6,MCM7,SAPCD2,CEBPB,BCOR,SLC35B2,HDAC10,BRICD5,TMEM184A,TYMP,KISS1R,ISYNA1,STPG3,IQCN,COL6A1,PDXP,HES4,MT-ND6,MDC1,MT-ND4,MT-ND5,MT-ND1,HES7,EML2,GRIN3B,NELFA,SLC29A1,FSTL3,RECQL4,HLA-DMA,CARNS1,SLC16A5,FOXP2,BCL2L12,SOCS3,NRARP,SH2D3C,LRP1,BAIAP2,BAIAP3,SPON2,TONSL,CCNL2,SLC34A3,ENTPD8,MXRA8,PEX11G,CTXN1,PCSK4,HYAL1,DOT1L,CRIP2,PDGFRB,PIDD1,HS3ST3B1,CDHR2,MVP,INAFM1,CREB3L1,PIH1D1,RNF126,CRACR2B,TMEM198,TMEM187,GLI4,ZCWPW1,GPR153,PLCD3,GPR146,CHPF,ZFP36,NAGLU,STIP1,LSM4,LSP1,PTBP1,WBP1,MROH6,ASS1,JMJD6,CARMIL2,ANKRD9,AMPD3,SLC20A1,CA11,TMEM145,TMEM134,ACBD4,DLG4,NAPRT,TMEM107,PDE4A,LTC4S,POLM,MT-CO1,SYNGAP1,MT-CO2,MT-CO3,ATF4,EXD3,RNF224,ARHGAP4,SPHK2,PXDN,SAMD1,NUDT22,CRLF1,EXOC3L1,INO80B,DLX2,SHC2,CORO1B,MT-CYB,TSPAN31,SNRPD2,CCDC78,TRIB3,TRIB1,ACY1,IL11,HSD17B1,PNPLA2,SYCE2,RHPN1,GGN,BHLHE40,SSRP1,ZNF395,ANAPC11,GNPTG,NRSN2,GPT,PLEKHN1,TUBB4B,ADM5,RAB3A,TM7SF2,FCGRT,TLE3,RAB34,SLC26A1,PLXNA3,REEP6,TCIRG1,PIP5KL1,CATSPERG,NEMP1,TBC1D10C,C2CD4C,RALGDS,TRPM4,PYCR3,PANO1,HIP1,PSD,IZUMO1,TUBB,CYP2W1,FAM83E,CBX2,SAE1,SPRED3,TRPT1,TRAPPC6A,PERM1,THBS3,CDK2AP2,MT-ND4L,DDX39A,ZNF276,AGAP2,RHBDL1,ABCA7,FERMT3,WFIKKN1,TMC4,IDUA,SQSTM1,LRRC56,ZNF512B,ARRB1,ZBTB46,PPM1N,TSPAN4,RASSF7,ID3,TECR,EXOSC4,SPC24,NXPH4,SLC1A5,ISG15,SSH3,PHF13,MAST3,SCARF1,MAPK12,MAPK11,S100P,SERPINE1,SERPINF2,ASF1B,S100A13,SLC19A1,ACD,SF3A2,DGKQ,AK1,RNPEPL1,AMH,TRAF4,SEMA3B,AHNAK2,MGAT4B,CHAC1,DAZAP1,BICDL2,TUBG2,DNASE1L1,RASIP1,TEDC1,TEDC2,CASKIN1,PDZD7,ALYREF,MADCAM1,KLF11,LMNTD2,OPRL1"
"DEG_HVL_CRC29","46","0.15490000000000001","GFI1B","GFI1B","283","1451","0.00067139999999999995","0.004340000000000000","1.2560000000000000","ReMap--ChIP-seq","DHDH,DDIT4,ORAI3,HEXIM1,HEXIM2,BTBD19,KCNC3,CCDC9,AGRN,FADS3,FADS2,EFEMP2,CYSRT1,DGAT1,PKMYT1,FBXO44,AMDHD2,TNFRSF14,NEK8,SDF2L1,ONECUT3,VPS9D1,E2F1,E2F2,TSPOAP1,MTFR1L,ICAM1,FBXO2,CES2,GIPR,RRAD,SYNGR2,APOE,MT-ATP6,TLCD2,TLCD1,NOXO1,MT-ATP8,TACC3,TNFAIP2,LYL1,SYNGR3,PLEC,SLC3A2,POLD4,CD7,ARMC7,PLK3,MEX3A,BTG2,ADAMTSL4,KIFC2,KIFC1,SLC17A7,CDKN2D,PLP2,MAMSTR,THOC6,MCM7,CEBPB,TULP2,ZNF747,WDR97,APOC1,BCOR,SLC35B2,BRICD5,TANGO2,SLC51A,KISS1R,COMT,ISYNA1,STPG3,IQCN,HES4,MT-ND6,MDC1,MT-ND4,MT-ND5,MT-ND1,HES7,HSPG2,EML2,RBCK1,C3,NAPSA,GRIN3B,TUBA1B,SLC29A1,RNASEK,PROCA1,RECQL4,STAT6,SLC25A45,SLC16A5,SOCS3,NRARP,SH2D3A,SH2D3C,LRP1,HSD17B14,TONSL,SLC34A3,ENTPD8,PEX11G,CTXN1,PCBP1,PCSK4,HYAL1,MAD2L2,CCDC159,PIDD1,BCL7C,MVP,INAFM1,ENO1,CREB3L1,PIH1D1,TYRO3,CRACR2B,PA2G4,TMEM198,VSIG10L,ZCWPW1,PLCD3,CHPF,ZFP36,GPR108,LSM4,PGPEP1,MROH6,RNF26,JMJD6,NECAB3,CCDC88B,MYL6B,TOMM40,CA11,TRIP10,NRM,TMEM134,ALDH3B1,ACBD4,TBCD,DLG4,NAPRT,TMEM107,PDE4A,EGFL8,MT-CO1,SYNGAP1,RAVER1,MT-CO2,MT-CO3,ATF4,CDCA3,AIF1L,RNF224,ACHE,HOXC10,RMI2,SPHK2,CENPA,SAMD1,NUDT22,YPEL3,FTL,CORO1B,MT-CYB,PBXIP1,HNRNPA1,SNRPD2,TRIB3,EGR1,DHRS13,PDIK1L,MGAT1,VEGFA,PNPLA2,SCNN1D,SHARPIN,GFY,HOOK2,BHLHE40,TAPBP,EPOR,ANAPC11,EHD1,HNRNPL,HNRNPF,NRSN2,GPT,PLEKHN1,GRN,TUBB4B,CLCF1,RAB3A,TM7SF2,TLE2,RAB34,SLC26A1,CCDC24,REEP6,TCIRG1,PIP5KL1,CHPF2,PKM,NEMP1,P2RX6,FTH1,RALGDS,TRPM4,PRX,PSD,IZUMO1,TUBB,CBFA2T3,DCST2,KIAA0513,PTGES2,FAM83E,CBX5,CBX2,YBX2,TRPT1,PERM1,MT-ND4L,DDX39A,ZNF276,RHBDL1,ABCA7,FERMT3,VSIR,TMC8,TMC6,TMC4,IDUA,PIM1,FRMD8,B3GALT4,PPM1N,SLC12A9,ID3,TECR,KIF22,EXOSC4,DOK3,ISG15,PHF19,NUP62,ZP3,AURKB,SERPINE1,SYTL1,HOXB9,HOXC8,MTHFR,TRIP6,FCRLB,TIGD3,NOTUM,DGKQ,MINDY1,AK1,PSAP,DUSP12,AMH,TRAF4,METTL27,LAGE3,TPCN1,SMIM1,CDT1,FEN1,BICDL2,DNASE1L1,RASIP1,RANBP1,GDF15,CASKIN1,ALYREF,CKS1B,BAX"
"DEG_HVL_CRC29","47","0.15820000000000001","TP63","TP63","281","1450","0.00100899999999999991","0.006240000000000000","1.2460000000000000","ReMap--ChIP-seq","SCO2,DDIT4,HEXIM1,BTBD19,JAG1,NCAPH2,FXYD3,DUSP9,RAPGEF3,AGRN,EFEMP2,CYSRT1,DGAT1,VMAC,NEK8,KCNK6,ONECUT3,LGALS4,MT2A,CES2,RRAD,SYNGR2,PTK6,TP73,MT-ATP6,COX8A,TLCD1,PTMA,NOXO1,PEX10,MT-ATP8,TGM1,INAVA,UVSSA,FGF11,SYNGR3,PLEC,COL7A1,CD7,PLK3,PLK5,BTG2,CDKN1A,KIFC2,PLP2,THOC6,SAPCD2,CEBPG,HDAC10,HDAC11,ZNF843,BRICD5,TMEM184A,HEG1,VWCE,TYMP,KISS1R,GRHL3,EME2,ISYNA1,OPLAH,STPG3,CDH15,SNCG,HES4,CAPN12,MT-ND6,MT-ND4,MT-ND5,MT-ND1,NGFR,GRIN3B,RIPK4,SLC29A1,MDFI,FSTL3,RECQL4,CASTOR1,HR,SLC25A45,FBLIM1,SOCS3,NRARP,SLC47A2,BAIAP2,SPON2,TONSL,ZDHHC1,BAIAP2L2,SLC34A3,CTXN1,FKBP10,PCSK4,CRIP2,ALS2CL,ALDH4A1,GLB1L,MR1,PIDD1,CFAP45,CDHR2,MMRN2,MARVELD1,EPS8L2,EHF,RNF126,CRACR2B,PLCH2,GLI4,GPR153,PLCD3,GPR146,COL16A1,DISP2,LSM3,LSP1,PTBP1,RANGAP1,IRX2,ASS1,TTLL10,GNG13,CCDC88B,PARP10,ANKRD9,CA12,TPPP3,ALDH3A1,LTBP2,ACBD4,KRT80,SPG7,MT-CO1,MT-CO2,MT-CO3,CDCA4,RNF224,FAT1,JMJD7-PLA2G4B,ZNF462,CROCC2,NUDT22,SLC27A1,HHAT,MT-CYB,ITGB4,ITGA3,SPATC1,CRKL,CCDC78,EGR1,CCDC9B,NRP2,IL11,GAA,HSD17B1,OSM,CAPS,PNPLA2,SCNN1D,SCNN1A,RHPN1,SYT8,BHLHE40,TMEM221,GNB1L,GALNS,PROM2,SNAI3,FOSL2,EHD1,GNPTG,FNDC11,GPT,C1QTNF8,PLEKHN1,GRAMD2A,DHRS1,TUBB4B,TM7SF2,NRBP2,TLE2,PGF,LTB4R2,RAB34,SLC26A1,PLXNA2,CCDC12,PLXNB3,PLXNB2,PLXNB1,REEP6,TCIRG1,HGFAC,CATSPERG,NEMP1,THSD4,RAB26,IDH3G,NECTIN4,CALML6,PPL,RALGDS,PANO1,COL18A1,IZUMO4,RFNG,CYP2W1,HOXA11,AXIN1,TRPT1,TRAPPC6A,PERM1,CDK2AP2,MT-ND4L,RHBDL1,ABCA7,FERMT1,WFIKKN1,PIGQ,LRRC45,TMC8,TMC6,IDUA,NTF4,S100A2,FRMD8,S100A5,S100A4,S100A3,TACSTD2,MYCBPAP,SLC25A5,USH1G,SPATA20,ERFE,TSPAN4,TECR,LYNX1,ANO9,CD44,EXOSC4,CD82,NXPH4,GGT6,ISG15,SSH3,PHF13,SSTR5,CLN6,MAPK12,UQCRHL,MAPK11,SERPINE1,SYTL1,SLC19A1,TRIP6,NFAM1,TNNC1,SF3A2,DGKQ,ADAM8,TRAF4,SEMA3B,TNNI2,ADRM1,AHNAK2,TNS4,CDT1,DAZAP1,NME3,TUBG2,KIAA0753,GDF15,TEDC1,TEDC2,CASKIN1,ARHGAP30,CHTF18,STN1,PIK3IP1"
"DEG_HVL_CRC29","48","0.16159999999999999","SREBF1","SREBF1","281","1450","0.00100899999999999991","0.006240000000000000","1.2460000000000000","ReMap--ChIP-seq","DHDH,DDIT4,ORAI3,SLBP,SHMT2,HEXIM1,HEXIM2,BTBD19,MMP25,PAFAH1B3,STX4,CCDC9,AGRN,FADS3,FADS2,EFEMP2,CYSRT1,DGAT1,FBXO44,AMDHD2,TNFRSF14,TSNAXIP1,NEK8,SDF2L1,SP6,KCNK6,TRIM46,LGALS4,TRIM28,FBXO2,SDC4,SYNGR2,RRAS,NEU1,NDUFAF3,MT-ATP6,TLCD2,TLCD1,NOXO1,PEX10,CFAP157,MT-ATP8,TACC3,FGF11,LYL1,SYNGR3,ACOX1,PLEC,TTC16,CD7,DQX1,ARMC7,PLK3,MEX3A,CDKN1A,KIFC2,SLC17A7,PCYOX1L,MAMSTR,THOC6,RTN4R,INSIG1,MCM7,ESPL1,SAPCD2,WDR97,SLC35B2,BRICD5,ARRDC1,TANGO2,VWA7,KISS1R,COMT,EME2,FPGS,ISYNA1,OPLAH,STPG3,IQCN,MUC1,HES4,MT-ND6,MDC1,MT-ND4,MT-ND5,MT-ND1,HES7,RBCK1,C3,ELOVL5,SIRT4,SIRT2,SLC29A1,PROCA1,RECQL4,CARNS1,SLC25A45,SLC16A5,BCL2L12,NXT1,NRARP,SH2D3C,SLC25A19,BAIAP3,TONSL,CCNL2,SLC34A3,MXRA8,N4BP3,PCSK4,HYAL1,ANKHD1,LAMC3,BCL7C,MVP,HMGCR,INAFM1,PIH1D1,RNF126,TMEM198,GLI4,PLCD3,CHPF,ZFP36,STIP1,GPR108,LSM2,ZNF513,WBP1,MROH1,MROH6,RUSC1,ARL6IP6,JMJD6,QRFP,CA11,TRIP10,TMEM143,TMEM145,TMEM134,ZC3H18,ACBD4,DLG4,NAPRT,TMEM107,PDE4A,MT-CO1,SYNGAP1,RAVER1,MT-CO2,MT-CO3,CDCA5,AIF1L,RNF224,SPHK2,ZSWIM8,NUDT22,YPEL3,ZNF446,FTL,INO80B,CORO1B,LCN2,MT-CYB,PBXIP1,SNRPD2,CCDC78,TRIB3,EGR1,IL11,NUDT8,SHARPIN,GFY,UBE2S,BHLHE40,TAPBP,EPOR,ANAPC11,SNAI3,HNRNPL,GNPTG,NRSN2,GPT,AIFM3,PLEKHN1,TUBB4B,ADM5,RAB3A,TM7SF2,RAB36,RAB34,SNRPA,CCDC24,REEP6,CNIH2,TCIRG1,PIP5KL1,CATSPERG,RAB26,P2RX6,TBC1D10C,KAT8,GPR37L1,RALGDS,TRPM4,PYCR3,PSD,IZUMO1,TUBB,CBFA2T3,RFNG,FAM83E,TRPT1,TRAPPC6A,PERM1,THBS3,MT-ND4L,TMEM97,KRTCAP2,MYL5,RHBDL1,FERMT3,WFIKKN1,LRRC45,ROM1,TMC8,TMC6,TMC4,FRMD8,SQSTM1,LRRC56,B3GALT4,MLXIPL,ZNF512B,EFCAB12,PPM1N,PARD6B,CTNS,IFI35,SLC12A6,STX1B,RASSF7,ID3,TECR,ANO9,KIF22,EXOSC4,FDPS,ISG15,SSH3,PHF13,AURKB,MPV17,MTHFR,TM9SF1,NOTUM,ABHD11,WRAP53,AMH,DALRD3,TRAF4,SEMA3B,IMPDH2,MGAT4B,CDT1,DAZAP1,FEN1,BICDL2,NME3,RASIP1,RANBP1,GDF15,LY6G5C,CASKIN1,ALYREF,MAN2B1,CKS1B,LMNTD2,OPRL1,LEKR1,BAX"
"DEG_HVL_CRC29","49","0.16500000000000001","CTCF","CTCF","281","1453","0.00113400000000000003","0.006870000000000000","1.2430000000000001","ReMap--ChIP-seq","SCX,HEMK1,ORAI3,SHMT2,ADAMTS13,HEXIM1,HEXIM2,BTBD19,SFXN3,MMP25,DUSP9,TOMM40L,PAFAH1B3,RAPGEF3,AGRN,FADS3,FADS2,EFEMP2,CYSRT1,PKMYT1,NEK8,SDF2L1,SP6,TRIM46,TSPOAP1,SLC23A3,ICAM2,ATXN7L2,CES2,RRAD,SYNGR2,TNFSF13,BST2,TLCD1,PTMA,NOXO1,TACC3,TNFAIP2,LYL1,SYNGR3,PLEC,GALT,PSMB10,POLD4,VPS18,PLK3,MEX3A,BTG2,ADAMTSL4,COPZ2,KIFC2,PLIN5,ADCY4,SLC17A7,CDKN2D,PLP2,THOC6,OSBPL7,BCL6,SAPCD2,CEBPB,SLC35B2,HDAC10,ZNF843,TMEM184A,MEGF8,COMT,FPGS,CERCAM,ISYNA1,CDH24,STPG3,IQCN,PDXP,DDN,MUC1,HES4,SAMD11,HES7,GRIN2C,COL1A1,PCDHGA11,GRIN3B,SLC29A1,PROCA1,RECQL4,LRG1,HR,TROAP,BCL2L12,NRARP,SH2D3C,SLC25A19,LRP1,BAIAP3,TONSL,ZDHHC1,SLC34A3,ARSA,MXRA8,CTXN1,DOC2A,HYAL1,CRIP2,PER2,CAPN5,PDGFRB,ZFHX2,CD164L2,PIDD1,CCDC194,MVP,MARVELD1,CCDC183,PIH1D1,CRACR2B,WNT10B,TMEM198,SLC6A9,TACR2,HBEGF,PLCD3,COL16A1,CHPF,ZFP36,NAGLU,DISP2,GPR108,LSM4,NES,PGPEP1,RNF26,RHEBL1,CCDC88B,CORO6,TNFAIP8L1,B3GNT9,ALOX12B,STAC3,TRIP10,TJP3,TMEM145,ELMO3,DNAJC22,ASIC1,ACBD4,TMEM107,PDE4A,RNF207,CHMP6,ATF4,CDCA3,CRABP2,RNF224,HOXC10,ARHGAP4,MED22,SAMD1,NUDT22,CENPM,YPEL3,EXOC3L1,ACP2,PBXIP1,DEPP1,TSPAN31,CCDC78,EGR3,CCDC9B,ACY1,THTPA,HSD17B1,RELT,PCDHB10,VEGFA,NUDT8,PNPLA2,SCNN1D,SYT8,NABP2,MXD3,EPOR,MYO15B,PCDHA5,PCDHA4,PCDHA3,PCDHA8,PCDHA7,PRELID1,EHD1,GNPTG,PCDHB9,GPT,CSAD,C1QTNF6,GRN,DHRS1,TUBB4B,ADM5,CLCF1,HID1,TM7SF2,FCGRT,LTB4R2,RAB34,CCDC24,PLXNB1,CNIH2,AP1G2,PIP5KL1,NEMP1,TBC1D10C,TRPM5,RALGDS,PANO1,TOP2A,DCST2,HOXA11,TRPT1,PERM1,KRTCAP2,AGAP2,RHBDL1,PIGQ,PIGZ,LRRC45,TMC8,TMC6,RABAC1,KANK3,ZNF512B,PPM1N,SPATA20,TSPAN4,SURF1,EXOSC2,CD72,DOK3,NXPH4,RASGRP2,GGT6,ISG15,MAPK12,MAPK11,S100P,ACOT7,SYTL1,HOXB9,HOXC8,ACD,SIVA1,PRSS22,SF3A2,GPR3,FMOD,IGFBP4,IGFBP3,DNMT1,ESAM,RNPEPL1,AMH,TRAF4,SEMA3B,SEMA3G,TNNI2,SMIM5,LCN15,LCN12,BCL11A,FEN1,BICDL2,TEDC1,PDZD7,PCDHGB2,CKS1B,KLF11,PCDHGA6,PCDHGA4,PCDHGA1,PCDHGB1,OPRL1"
"DEG_HVL_CRC29","50","0.16839999999999999","MYCN","MYCN","280","1450","0.00125500000000000004","0.007450000000000000","1.2400000000000000","ReMap--ChIP-seq","DDIT4,SLBP,HEXIM1,HEXIM2,SFXN3,PAFAH1B3,CCDC9,AGRN,EFEMP2,CYSRT1,PKMYT1,AMDHD2,NEK8,SDF2L1,VPS9D1,TRIM46,LGALS1,TRIM28,SYNGR2,TNFSF13,NDUFAF3,PTMS,MT-ATP6,TLCD1,PTMA,NOXO1,MT-ATP8,GRIN1,TACC3,DENND6B,TNFAIP2,LMNB2,SYNGR3,PLEC,GALT,SLC3A2,CD7,DQX1,ARMC7,PLK3,MEX3A,ADAMTSL4,TK1,COPZ2,GJD3,KIFC2,SLC17A7,CDKN2D,THOC6,MCM7,SAPCD2,MCM2,WDR97,BCOR,SLC35B2,HDAC10,BRICD5,ARRDC1,TANGO2,TMEM184A,KISS1R,EMC9,EME2,ISYNA1,CDH24,IQCN,PDXP,MUC1,HES4,MT-ND6,MT-ND4,MT-ND5,MT-ND1,SAMD11,HES7,COL1A1,GRIN3B,SLC29A1,PROCA1,FSTL3,RECQL4,HR,LAG3,FSCN2,BCL2L12,SOCS3,NRARP,SLC25A19,BAIAP2,TONSL,CCNL2,SLC34A3,MXRA8,CTXN1,FKBP10,PCSK4,DOT1L,CRIP2,GLB1L,PDGFRB,HOMEZ,AJM1,PIDD1,BCL7C,MVP,CCDC183,INAFM1,ENO2,PIH1D1,RNF126,CRACR2B,PA2G4,TMEM198,PFAS,GLI4,ZCWPW1,PLCD3,GPR146,CHPF,ZFP36,NAGLU,DISP2,STIP1,LSM4,LSM7,NES,PTBP1,WBP1,JMJD6,MYL6B,AMPD3,B3GNT9,CA11,TMEM145,ELMO3,ALDH3B1,ACBD4,DLG4,TMEM107,PDE4A,KRT80,POLM,MT-CO1,MT-CO2,MT-CO3,ATF4,CDCA3,CRABP2,RNF224,ACHE,SPHK2,MED22,NUDT22,YPEL3,EXOC3L1,FTL,INO80B,DLX2,MT-CYB,ITGA3,PBXIP1,CCDC78,TRIB3,CCDC9B,ACY1,HSD17B1,OSM,PNPLA2,LOXL1,SCNN1D,SYCE2,SHARPIN,ANAPC11,HNRNPL,HNRNPF,NRSN2,GPT,PLEKHN1,TUBB4B,ADM5,CLCF1,TM7SF2,FCGRT,TLE3,TLE6,RAB34,CCDC24,PLXNB2,REEP6,CNIH2,TCIRG1,PIP5KL1,CHPF2,PKM,RAB26,CALML6,TBC1D10C,KAT8,RALGDS,TRPM4,PANO1,PSD,RFNG,DCST2,NT5C,CYP2W1,FAM83E,CBX2,YBX2,AXIN1,TRPT1,PERM1,THBS3,MT-ND4L,KRTCAP2,DDX39A,ZNF276,ABCB6,RHBDL1,ABCA7,FERMT3,WFIKKN1,PIGQ,LYPLA2,LRRC45,ROM1,TMC8,TMC6,S100A2,S100A5,S100A4,S100A3,SQSTM1,SLC38A2,ZNF512B,PPM1N,TSPAN4,SURF1,ID3,KIF22,EXOSC4,RAMP1,DOK4,SLC1A5,ISG15,PHF13,AURKB,MAPK12,MAPK11,SERPINE1,HOXB9,SLC19A1,TRIP6,SF3A2,NOTUM,AK1,RNPEPL1,AMH,DALRD3,TRAF4,UNC93B1,SEMA3B,AHNAK2,MGAT4B,CDT1,BCL11A,ANP32E,DAZAP1,NME3,TUBG2,DNASE1L1,RANBP1,TEDC1,TEDC2,CASKIN1,PDZD7,ALYREF,CKS1B,OPRL1,BAX"
"DEG_HVL_CRC29","51","0.17169999999999999","JUND","JUND","279","1451","0.00161499999999999990","0.009400000000000000","1.2340000000000000","ReMap--ChIP-seq","DDIT4,HEXIM1,HEXIM2,BTBD19,SFXN3,MMP25,DUSP1,CCDC9,AGRN,EFEMP2,CYSRT1,PKMYT1,AMDHD2,NEK8,NOXA1,KCNK6,VPS9D1,MT2A,TRIM28,SDC4,APOE,NDUFAF3,TLCD2,TLCD1,PTMA,NOXO1,PLAU,PLD1,TNFAIP2,LMNB2,SYNGR3,ELF3,PLEC,SLC3A2,POLD4,CD7,ARMC7,PLK3,MEX3A,CDKN1A,ADAMTSL4,KIFC2,PLP2,THOC6,MAP3K14,MCM7,CEBPB,WDR97,APOC1,SLC35B2,TMEM184A,TPX2,EDN1,KISS1R,EME2,STPG3,IQCN,HES4,MDC1,HES7,HSPG2,EML2,RBCK1,C3,COL1A1,GRIN3B,LRSAM1,SLC29A1,PROCA1,RECQL4,HLA-DMA,STAT6,SLC25A45,SLC16A5,FSCN2,BCL2L12,SOCS3,SH2D3A,SH2D3C,PPP1R15B,LRP1,TONSL,RCC1,SLC34A3,ENTPD8,MXRA8,CTXN1,PCBP1,HYAL1,TMEM150A,DOT1L,GLB1L,CCDC159,AJM1,PIDD1,CFAP45,MVP,INAFM1,VIM,EHF,ENO1,ENO2,CREB3L1,PIH1D1,SULT2B1,CRACR2B,PA2G4,VSIG10L,ZCWPW1,ZNFX1,PLCD3,ZFP36,NAGLU,TMSB10,CLIP2,GPR108,LSM4,NES,PTBP1,PGPEP1,WBP1,MROH6,JMJD6,CARHSP1,CCDC88B,MYL6B,AMPD3,SLC20A1,CA11,KRT13,KRT19,KRT15,TRIP10,NRM,TMEM134,ACBD4,DLG4,TGFBI,NAPRT,TMEM107,PDE4A,TRNP1,EGFL8,KRT80,LTC4S,SYNGAP1,ATF4,EXD3,CRABP2,RNF215,RNF224,SPHK2,SLC7A5,NUDT22,YPEL3,FTL,INO80B,ACP2,ITGA3,PBXIP1,HNRNPA1,HNRNPA3,CCDC78,ACTN4,TRIB3,TRIB1,ACY1,IL11,HSD17B1,VEGFA,HNRNPA2B1,PNPLA2,SCNN1A,SHARPIN,BHLHE40,CUEDC1,EPOR,ANAPC11,EHD1,HNRNPL,HNRNPF,NRSN2,GPT,TUBB4B,CLCF1,RAB3A,TM7SF2,FCGRT,RAB34,TCIRG1,PIP5KL1,HAUS4,PKM,NEMP1,FTH1,KRT7,TRPM4,PYCR3,PANO1,PRX,PSD,TUBB,DCST2,NT5C,AMN1,KIAA0513,PTGES2,FAM83E,CBX5,CBX3,SAE1,TRPT1,PFDN2,WEE1,ZNF276,ABCA7,LYPLA2,LRRC45,MYOF,PIM1,S100A2,FRMD8,S100A5,S100A4,S100A3,SQSTM1,TRABD2A,SLC38A2,ZNF512B,PPM1N,PARD6B,TP53INP2,IFI35,TSPAN4,ID3,TECR,KIF22,CD55,DOK3,SLC1A5,ISG15,PROC,AURKB,UQCRHL,SERPINE1,SERPINF2,S100A16,S100A13,MTHFR,TRIP6,SERPINB1,ANXA3,SF3A2,ABHD11,IGFBP4,PSAP,RNPEPL1,AMH,TRAF2,DALRD3,TRAF4,METTL27,SEMA3B,TPCN1,MGAT4B,TNS4,CDT1,BICDL2,NME3,TUBG2,DNASE1L1,GDF15,PDZD7,SMAD3,ALYREF,CKS1B,ABCC3,TOB1,BAX"
"DEG_HVL_CRC29","52","0.17510000000000001","KLF9","KLF9","278","1447","0.00171699999999999999","0.009809999999999999","1.2320000000000000","ReMap--ChIP-seq","SCX,DDIT4,SLBP,SET,SHMT2,HEXIM1,HEXIM2,L1CAM,SFXN3,PAFAH1B3,RAPGEF3,CCDC9,AGRN,EFEMP2,CYSRT1,DGAT1,PKMYT1,NPAS1,NEK8,SDF2L1,NOXA1,VPS9D1,UHRF1,E2F1,TRIM46,E2F2,ICAM1,LGALS1,KCNQ2,GIPR,PTK6,CPLANE2,NDUFAF3,TLCD1,PTMA,NOXO1,TACC3,FGF11,TNFAIP2,LMNB2,LYL1,ATP6AP1,SYNGR3,PLEC,GALT,CD7,PRKCG,VPS18,MEX3A,CDKN1B,COPZ2,KIFC2,SLC17A7,CDKN2C,PLP2,THOC6,BCL6,MCM7,SAPCD2,WDR97,SLC35B2,HDAC10,HDAC11,BRICD5,ARRDC1,OBSL1,TMEM184A,KISS1R,EMC9,ISYNA1,STPG3,COL6A1,MUC1,HES4,SAMD11,HES7,HES6,EML2,PROCA1,RECQL4,CARNS1,HR,FSCN2,BCL2L12,SOCS3,NRARP,SH2D3C,BAIAP2,BAIAP3,TONSL,RCC1,SLC34A3,ENTPD8,MXRA8,CTXN1,N4BP3,FKBP10,PNCK,DOT1L,CRIP2,ZFHX2,AJM1,CD164L2,PIDD1,PSRC1,CDHR2,MVP,EPS8L2,CCDC183,INAFM1,PIH1D1,TYRO3,CRACR2B,NR2C2AP,TMEM198,SLC6A9,GLI2,GPR153,PLCD3,COL16A1,CHPF,ZFP36,TMSB10,STIP1,LSM4,NES,LSP1,RNF26,TTLL10,ZNF608,SOX9,JMJD6,NECAB3,TSHZ1,CARMIL2,FAF1,B3GNT9,CA11,TMEM145,ACBD4,DLG4,TMEM107,PDE4A,CHMP6,LTC4S,ATF4,EXD3,CDCA3,CRABP2,RNF224,ARHGAP4,SPHK2,NUDT22,YPEL3,FTL,DLX2,ITGA3,PBXIP1,TSPAN31,CCDC78,ACTN4,ADGRB1,EGR1,CCDC9B,ACY1,THTPA,IL11,VEGFA,PNPLA2,LOXL1,SCNN1D,CACNA1H,SHARPIN,DACT3,ANAPC11,EHD1,HNRNPL,HNRNPF,FNDC11,GPT,PLEKHN1,GRN,TUBB4B,ADM5,CLCF1,TLE3,TLE2,TLE6,RAB34,SLC26A1,CCDC24,PLXNA3,PLXNB3,PLXNB2,CNIH2,AP1G2,PIP5KL1,PKM,NEMP1,LMF1,RAB26,IDH3G,TBC1D10C,GPR37L1,RALGDS,TRPM4,PANO1,PSD,RFNG,DCST2,FAM83E,CBX2,YBX2,TRPT1,PERM1,KRTCAP2,ZNF276,AGAP2,RHBDL1,ABCA7,FERMT3,WFIKKN1,PIGQ,LRRC45,ROM1,IDUA,SQSTM1,TRABD2A,ZNF512B,PPM1N,SPATA20,TSPAN4,ID3,TECR,FUOM,EXOSC4,IL17C,NXPH4,SLC1A5,RASGRP2,ISG15,PHF13,AURKB,MAPK12,MAPK11,SERPINE1,SYTL1,ACD,SIVA1,TRIP6,NOTUM,INHA,ABHD11,DGKQ,WRAP53,RNPEPL1,DALRD3,TRAF4,SEMA3B,CACNG8,TNNI2,IMPDH2,MGAT4B,TNS1,LCN15,CDT1,BCL11A,DAZAP1,BICDL2,DNASE1L1,TEDC1,TEDC2,CASKIN1,PDZD7,ALYREF,CKS1B,MADCAM1,OPRL1"
"DEG_HVL_CRC29","53","0.17849999999999999","PRDM14","PRDM14","278","1449","0.00185000000000000008","0.010400000000000000","1.2300000000000000","ReMap--ChIP-seq","CACNA2D4,SHMT2,HEXIM1,HEXIM2,BTBD19,L1CAM,JAK3,DUSP9,PLSCR3,AGRN,FADS3,EFEMP2,FBXO44,E2F1,TRIM46,FBXO2,TMEM63A,SYNGR2,PTK6,BST2,TP73,PTMS,DMBX1,COX8A,PTMA,PEX10,ADAM11,FGF11,SDK2,ZIC2,TTC34,CD7,DQX1,VPS18,KNSTRN,HCFC1,PLK3,MEX3A,BTG2,ADAMTSL4,TK1,EXOC7,COPZ2,RCCD1,SLC17A9,SLC26A11,CSGALNACT2,THOC6,OBSCN,LHX4,HDAC10,SLC51A,OBSL1,SLC22A4,HELZ2,MEGF6,KISS1R,GRHL3,CCDC28B,CERCAM,ISYNA1,THPO,IQCN,COL6A1,MUC1,HES4,SAMD11,HES7,HSPG2,RBP5,NGFR,CFAP74,GRIN3B,RIPK4,RNASEK,RECQL4,CARNS1,TTLL9,PITX1,LAG3,FSCN2,FBLIM1,SOCS3,FOXJ1,BAIAP2,BAIAP3,CCNL2,PHYKPL,MXRA8,FKBP10,PCSK4,HYAL1,ALDH4A1,MAD2L2,FOXA2,CCND2,PDGFRB,CD164L2,PIDD1,HS3ST3B1,PSRC1,ENO2,CRACR2B,NR2C2AP,WNT10B,TMEM198,SLC6A9,PLCH2,GLI2,TMEM187,GPR153,PLCD3,COL16A1,CHPF,NAGLU,DISP2,NES,KCNAB2,IRX2,KCNJ12,RNF26,ASS1,TTLL10,NECAB3,AMPD3,B3GNT9,STAC3,TMEM134,ALDH3B1,ACBD4,SGSH,RNF207,TRNP1,CHMP6,LTC4S,ATF4,CDCA3,CRABP2,TPRG1L,RNF213,RNF227,LRRC10B,HOXC10,ARHGAP4,NEURL1B,NUDT22,CRLF1,EXOC3L1,SLC27A1,DLX2,DLX4,CORO1B,ITGB4,PBXIP1,DEPP1,CCDC9B,LPAR5,HSD17B1,NUDT8,PNPLA2,CRTC1,LOXL1,SPOCD1,SCNN1D,SCNN1A,TMEM234,GNG3,MYO15B,ANAPC11,FOSL2,EHD1,HNRNPF,FNDC11,GPT,CSAD,PLEKHN1,CLCF1,RAB3A,ILF2,CCDC24,PLXNA3,PLXNB3,REEP6,CNIH2,TCIRG1,PLEKHG5,IDH3G,CALML6,TBC1D10C,PANO1,COL18A1,PSD,RFNG,DCST2,HOXA11,C1RL,CBX2,IDH2,MCF2L,SIX2,TRPT1,PERM1,THBS3,RASD1,WNT11,FAM167B,CDK2AP2,KRTCAP2,PIF1,TTYH2,RHBDL1,MYH7B,ABCA7,FERMT3,PIGQ,PIGZ,LRRC45,ROM1,TMC8,TMC6,TMEM54,S100A5,S100A4,S100A3,SQSTM1,ZNF512B,ZBTB46,D2HGDH,USH1G,SPATA20,RASSF4,PAQR6,TSPAN4,PPP1R1A,RBBP8NL,RGMA,ATAD3C,DOK3,NXPH4,RASGRP2,GGT6,ISG15,SSH3,PHF13,MAPK12,MAPK11,ACOT7,SYTL1,HOXB9,HOXC8,SLC19A1,MTHFR,RHBG,SF3A2,GPR3,NOTUM,INHA,CLSTN3,NATD1,WRAP53,RNPEPL1,DUSP15,AMH,UNC93B1,SEMA3B,ADRM1,MGAT4B,CHAC1,SMIM5,SMIM1,CDT1,DAZAP1,IFI6,PRSS56,ALYREF,CKS1B,KLF11,OPRL1"
"DEG_HVL_CRC29","54","0.18179999999999999","ERG","ERG","278","1451","0.00199199999999999985","0.010900000000000000","1.2280000000000000","ReMap--ChIP-seq","SCO2,DDIT4,ORAI3,ORAI2,SLBP,HEXIM1,HEXIM2,BTBD19,NCAPH2,SFXN3,MMP25,PAFAH1B3,RAPGEF3,CCDC9,AGRN,EFEMP2,CYSRT1,KMT5A,NEK8,SDF2L1,NOXA1,SP6,TRIM28,GIPR,TNFSF13,PTK6,NDUFAF3,PTMS,MT-ATP6,COX8A,TLCD1,NOXO1,MT-ATP8,TACC3,DENND6B,TNFAIP2,LMNB2,LYL1,SYNGR3,PLEC,POLD4,CCS,CD7,ARMC7,HCFC1,PLK3,KIFC2,SLC17A9,SLC17A7,TMEM179B,THOC6,FKBP5,FANCG,MCM7,SAPCD2,WDR97,BCOR,SLC35B2,HDAC10,BRICD5,ARRDC1,STXBP2,TECPR1,TYMP,KISS1R,EMC9,FPGS,OPLAH,STPG3,HES4,MT-ND6,MT-ND4,MT-ND5,MT-ND1,SAMD11,HES7,EML2,RBCK1,GRIN3B,SLC29A1,PROCA1,FSTL3,RECQL4,CARNS1,CASTOR1,SLC25A45,FSCN2,BCL2L12,SOCS3,NRARP,SH2D3A,SH2D3C,BAIAP2,TONSL,CCNL2,SLC34A3,TMEM150A,SPINDOC,GLB1L,BANF1,PIDD1,RBM14,RCN3,EPS8L2,INAFM1,ENO2,PIH1D1,RNF126,CRACR2B,CHKA,PA2G4,TMEM198,TMEM187,GLI4,ZCWPW1,PLCD3,CHPF,ZFP36,NAGLU,DISP2,STIP1,GPR108,RANGAP1,WBP1,JMJD6,CCDC88B,CLIC3,MYL6B,TRIP10,TMEM145,TMEM134,ELMO3,ACBD4,DLG4,TMEM107,PDE4A,CHMP6,LTC4S,MT-CO1,MT-CO2,MT-CO3,ATF4,EXD3,CDCA5,RNF224,ACHE,ARHGAP4,SPHK2,MED22,SAMD1,ZNF467,NUDT22,EXOC3L1,CDC25C,INO80B,CORO1B,MT-CYB,ITGB2,PBXIP1,TSPAN31,SNRPD2,CCDC78,TRIB3,EGR1,CCDC9B,ACY1,PDIK1L,HSD17B1,MGAT1,OSM,NUDT8,PNPLA2,SCNN1D,SYCE2,SHARPIN,RHPN1,TMEM223,EPOR,RSPH1,ANAPC11,EHD1,HNRNPL,HNRNPF,ATG2A,FNDC11,NRSN2,GPT,PLEKHN1,TUBB4B,CLCF1,TM7SF2,FCGRT,RAB34,PLXNB2,CNIH2,PIP5KL1,NEMP1,DENND3,TBC1D10C,RALGDS,PANO1,PRX,PSD,RFNG,DCST2,CBR3,HOXA11,FAM83E,CBX2,SAE1,YBX2,AXIN1,PPP2R5B,TRPT1,PERM1,CDK2AP2,MT-ND4L,ABCB6,AGAP2,RHBDL1,ABCA7,FERMT3,LETM2,LYPLA2,LRRC45,ROM1,TMC8,TMC6,ZBTB26,FRMD8,SQSTM1,GDPGP1,ZNF512B,ZBTB46,PPM1N,SCN1B,TSPAN4,SURF1,ID3,ANO9,EXOSC4,CD72,DOK3,GEMIN7,SLC1A5,RASGRP2,ISG15,SSH3,MAPK12,MAPK11,S100P,SYTL1,SLC19A1,ACD,TRIP6,PAXX,TIGD3,SF3A2,NOTUM,SLC37A1,AMH,DALRD3,TRAF4,TPCN1,MGAT4B,CDT1,DAZAP1,BICDL2,DNASE1L1,GDF15,TEDC1,CASKIN1,PDZD7,ALYREF,MAN2B1,CKS1B,PRRG2,USP20"
"DEG_HVL_CRC29","55","0.18520000000000000","E2F5","E2F5","276","1440","0.00201300000000000003","0.010900000000000000","1.2290000000000001","ReMap--ChIP-seq","DDIT4,ORAI3,ZNF23,ZNF32,L1CAM,KCNC3,NCAPG2,TOMM40L,ATAD5,TARBP1,CCDC9,FADS2,EFEMP2,SRCIN1,BLM,TSNAXIP1,NEK8,E2F1,E2F2,CCP110,IKZF3,ATXN7L2,RACGAP1,NEU1,CPLANE2,FBXL5,SYNCRIP,MRPS25,SYP,RNF144A,TLCD1,PTMA,NOXO1,ORMDL3,PCNT,SPRYD4,LPXN,LMNB1,LYL1,RRM1,ZSCAN31,PRKCG,HCFC1,PRKD3,PRKDC,NUP85,BTG2,CDKN1B,TK1,RCCD1,SLC17A7,MAMSTR,FGGY,FANCA,FANCC,WIPI1,ESPL1,MCM3,MCM4,TULP2,ZNF747,MACC1,WDR97,MKI67,BRICD5,KNL1,TPX2,HMX3,EME1,LIG1,TIMELESS,ISYNA1,OPLAH,RBKS,BUB3,RBMX,ZFYVE1,SCAMP5,HSPG2,RBCK1,PARPBP,NAPEPLD,SASS6,SIRT2,PROCA1,FAM227B,NPTXR,MDM2,SLC25A19,HSD17B14,PEX11G,PCBP1,ARSD,N4BP3,HYAL1,MMD,FAAP24,AUNIP,HOMEZ,HMGB2,BCL7C,CCNA2,TBC1D2,PIH1D1,TMEM187,ZCWPW1,CCDC90B,RFWD3,NAGLU,MELK,ABHD1,LSM2,PTBP1,PGPEP1,RANGAP1,CHEK2,DTNB,ZWINT,CCDC88B,STAG1,ANKRD9,TMEM143,TMEM145,SGO1,ASIC1,CXCL2,PDE4A,PRTFDC1,DBF4B,CDCA2,CDCA3,CDCA4,CDCA5,CDCA8,RNF213,RNF227,CHAF1A,CENPA,CENPU,CENPW,CENPF,ETNK2,CENPO,YPEL3,CENPS,FTL,FUZ,NDC80,ACP2,CDC45,HNRNPA1,ACTN4,TRIB3,LPAR5,DHRS13,PDIK1L,DEPDC1,HSD17B1,MIS18A,HNRNPA2B1,BUB1B,TBC1D31,GEN1,PPIH,EMID1,SYCE2,GFY,UBE2S,UBE2T,BHLHE40,HP1BP3,TAPBP,TRA2B,HNRNPU,CDK5RAP2,NFATC3,FOSL2,EHD1,HNRNPL,HNRNPF,NRSN2,ZNF337,HMGN2,SLC39A3,CEP135,VRK1,RAB34,BRSK1,HSPBP1,PLXNA3,MTFR2,HAUS8,TPRKB,ZW10,RALGDS,IZUMO1,TOP3A,CBFA2T3,METTL4,FANCD2,CBX5,CBX3,WEE1,SETMAR,IQGAP3,NCAPH,ABCA5,GPR19,CTCF,VSIR,MRPL48,PIGL,RABAC1,PIM1,SAP30,BIRC5,ZBTB46,MBOAT1,PRC1,SLC12A9,ST6GAL1,BRCA2,KIF15,KIF22,KIF2C,SLC43A3,EXOSC4,EXOSC9,EXOSC2,SPC24,SPC25,JADE1,FUT2,PHF13,PHF19,NUP62,NUP54,AURKB,AURKA,RPIA,S100P,NUP37,SERPINE1,DAPK2,SKA1,MTHFR,NFAM1,ZNF114,MORN3,ADAM9,AK1,FN3K,CDK1,AMH,TRAF1,TRAF4,LAGE3,TPCN1,ANP32B,DAZAP1,FEN1,PPCDC,RAD51C,RASIP1,RAD54L,CGREF1,RANBP1,GDF15,LY6G5C,CASKIN1,STIL,KIF18B,MADCAM1,USP20,USP28,BAX"
"DEG_HVL_CRC29","56","0.18859999999999999","MBD3","MBD3","276","1441","0.00208900000000000014","0.011100000000000000","1.2280000000000000","ReMap--ChIP-seq","SHMT2,FXYD3,SFXN3,DUSP1,PAFAH1B3,EFEMP2,CYSRT1,DGAT1,PKMYT1,NEK8,SP2,NOXA1,SP6,KCNK6,VPS9D1,TRIM46,ICAM1,KCNQ2,SDC4,GIPR,PTK6,TLCD1,NOXO1,PCNT,GRIN1,TNFAIP2,SYNGR3,ELF3,SHANK2,PLEC,POLD4,CD7,PRKCG,BCAM,CGN,BTG2,ADAMTSL4,COPZ2,KIFC2,THOC6,OSBPL7,FANCA,SAPCD2,CEBPB,WDR97,HDAC11,BRICD5,OBSL1,HELZ2,TMEM184A,HEG1,AMIGO2,ARHGDIG,STX16-NPEPL1,CERCAM,ISYNA1,OPLAH,STPG3,IQCN,COL6A1,CDH15,MUC1,SNCG,SAMD11,HES7,EML2,NGFR,MLLT11,EMP2,PROCA1,RECQL4,CARNS1,SLC25A45,FOXP2,TROAP,SOCS3,BCL2L11,NRARP,SLC25A29,BAIAP3,TONSL,ZDHHC1,SLC34A3,ENTPD8,GCDH,PEX11B,N4BP3,DOC2A,CRIP2,MOK,KLK10,KLK11,AJM1,BCL7C,PSRC1,CDHR2,MMRN2,MVP,CCDC183,TLNRD1,SULT2B1,TMEM198,TACR2,PLCD3,GPR146,CHPF,ZFP36,LSM4,NES,PGPEP1,ASPG,IRX2,ASS1,GNG13,CCDC88B,PARP10,CLIC3,ANKRD9,B3GNT9,CA11,KRT13,STAC3,KRT19,KRT15,TMEM143,TMEM145,TMEM134,ELMO3,DNAJC22,ALDH3B1,ACBD4,TMEM107,PDE4A,KRT80,TBKBP1,RGS11,MNX1,EXD3,CRABP2,RNF224,ACHE,SPHK2,ODC1,ZNF469,SAMD1,CROCC2,NUDT22,ETNK2,YPEL3,EXOC3L1,DLX2,DLX4,CORO1B,ITGB4,ITGB2,SPATC1,TSPAN31,SNRPD2,CCDC78,ADGRB1,TRIB1,EGR3,GREB1,OSGIN1,IL11,PRR15L,SHARPIN,RHPN1,HOOK2,DEGS2,CUEDC1,MYO15B,CDK5RAP3,SNAI3,FOSL2,EHD1,HNRNPL,SNAI1,FNDC11,GPT,C1QTNF8,MGLL,TUBB4B,CLCF1,RAB3A,TLE3,RAB34,SLC26A1,TCIRG1,PIP5KL1,CATSPERG,NEMP1,THSD4,TBC1D10C,KAT8,KRT7,GPR37L1,PPL,TRPM4,COL18A1,CBFA2T3,KIAA0513,SLC22A31,CYP2W1,RASEF,HOXA11,FAM83E,SAE1,AXIN1,TRPT1,WNT11,KRTCAP2,ZNF276,AGAP2,RHBDL1,FERMT3,WFIKKN1,TMC8,TMC6,S100A2,FRMD8,ZNF512B,ARRB1,ZBTB46,PPM1N,PARD6B,ATP9A,SPATA20,SLC12A9,RBBP8NL,KIF22,EXOSC4,IL17C,SPC24,GEMIN7,NXPH4,SLC1A5,SSH3,SSTR5,SERPINE1,S100A16,HOXC8,SLC19A1,SIVA1,TRIP6,MRC2,PAXX,NOTUM,INHA,ABHD11,MINDY1,RASAL1,DAGLA,TRAF4,METTL27,UNC93B1,SEMA3B,ADRM1,AHNAK2,SMIM5,LCN15,LCN12,CDT1,ANP32E,BICDL2,TFF2,TUBD1,GDF15,PDIA2,TEDC1,CASKIN1,PDZD7,CHTF18,CKS1B,ABCC3,OPRL1"
"DEG_HVL_CRC29","57","0.19189999999999999","SP1","SP1","278","1453","0.00214400000000000007","0.011200000000000000","1.2260000000000000","ReMap--ChIP-seq","SCO2,DDIT4,ORAI3,HEXIM1,HEXIM2,BTBD19,SFXN3,KCNC3,MMP25,DUSP1,PAFAH1B3,CCDC9,AGRN,EFEMP2,CYSRT1,PKMYT1,AMDHD2,NEK8,SDF2L1,NOXA1,VPS9D1,E2F2,ICAM1,LGALS1,TRIM28,GIPR,SYNGR2,RRAS,BST2,NDUFAF3,PTMS,SYP,TLCD2,TLCD1,PTMA,NOXO1,FGF11,TNFAIP2,LMNB2,SYNGR3,PLEC,GALT,SLC3A2,POLD4,DQX1,PRKCG,ARMC7,PLK3,MEX3A,ADAMTSL4,KIFC2,SLC17A7,PLP2,TMEM179B,MAMSTR,THOC6,MCM7,SAPCD2,SLC35B2,ZNF846,TYMP,KISS1R,EMC9,ISYNA1,STPG3,IQCN,PDXP,HES4,MDC1,HES7,EML2,C3,NAPSA,GRIN3B,RNASEK,PROCA1,FSTL3,RECQL4,CARNS1,SLC25A45,SLC16A5,LAG3,FSCN2,BCL2L12,SOCS3,NRARP,SH2D3A,SH2D3C,HSD17B14,TONSL,SLC34A3,ENTPD8,GCDH,PCBP1,FKBP10,PCSK4,HYAL1,TMEM150A,DOT1L,GLB1L,CCDC159,AJM1,CD164L2,PIDD1,MVP,INAFM1,ENO2,PIH1D1,RNF126,CRACR2B,PA2G4,GLI4,ZCWPW1,PLCD3,ZFP36,NAGLU,GPR108,LSM4,LSM2,PGPEP1,WBP1,MROH6,CCDC88B,MYL6B,B3GNT9,CA11,TRIP10,TJP3,NRM,TMEM143,TMEM145,TMEM134,ELMO3,ALDH3B1,ACBD4,DLG4,NAPRT,TMEM107,PDE4A,TRNP1,EGFL8,LTC4S,SYNGAP1,ATF4,EXD3,CDCA3,CDCA5,RNF224,HOXC10,SPHK2,SLC7A5,SAMD1,NUDT22,EXOC3L1,FTL,INO80B,CORO1B,PBXIP1,DEPP1,TSPAN31,SNRPD2,CCDC78,ACTN4,TRIB3,HSD17B1,PNPLA2,SCNN1A,SYCE2,GFY,HOOK2,BHLHE40,TMEM223,TAPBP,EPOR,ANAPC11,EHD1,HNRNPL,HNRNPF,ATG2A,NRSN2,GPT,GRN,TUBB4B,ADM5,CLCF1,RAB3A,TM7SF2,FCGRT,TLE3,RAB34,REEP6,CNIH2,TCIRG1,PIP5KL1,NEMP1,FTH1,TBC1D10C,KAT8,SPTBN4,TRPM4,PYCR3,PANO1,PRX,PSD,IZUMO4,IZUMO1,TUBB,RFNG,DCST2,SLC22A31,PTGES2,FAM83E,YBX2,PPP2R5B,TRPT1,PERM1,ZNF276,ABCB6,AGAP2,RHBDL1,ABCA7,FERMT3,WFIKKN1,LRRC45,ROM1,TMC8,TMC6,TMC4,FRMD8,S100A5,S100A4,S100A3,SQSTM1,LRRC56,SLC38A2,B3GALT4,ZNF512B,PPM1N,IFI35,TSPAN4,RASSF7,ID3,TECR,KIF22,GEMIN7,SLC1A5,ISG15,AURKB,NPHS1,SERPINE1,SYTL1,HOXB9,HOXC8,TNFSF9,ABHD11,RNPEPL1,TRAF2,DALRD3,TRAF4,UNC93B1,SEMA3B,MGAT4B,CDT1,DAZAP1,BICDL2,TUBG2,DNASE1L1,RASIP1,GDF15,APLP1,TEDC1,PDZD7,SMAD3,ALYREF,CKS1B,LMNTD2,PRRG2,BAX"
"DEG_HVL_CRC29","58","0.19530000000000000","CUX1","CUX1","277","1449","0.00227699999999999994","0.011700000000000000","1.2250000000000001","ReMap--ChIP-seq","DDIT4,ORAI3,HEXIM1,HEXIM2,SFXN3,MMP25,DUSP1,PAFAH1B3,STX4,CCDC9,AGRN,EFEMP2,CYSRT1,PKMYT1,NEK8,SDF2L1,VPS9D1,E2F1,TRIM28,SDC4,SYNGR2,NEU1,PCK1,PCK2,PTK6,TLCD2,TLCD1,PTMA,NOXO1,ORMDL3,SYNGR3,ACOX1,PLEC,SLC3A2,PSMB10,POLD4,CD7,PRKCG,ARMC7,WDR54,CDKN1A,ADAMTSL4,COPZ2,SLC17A9,THOC6,OSBPL7,FANCA,SLC4A11,FANCG,MCM7,SAPCD2,CEBPB,WDR97,SLC35B2,BRICD5,OBSL1,HELZ2,TMEM184A,TPX2,VWA7,KISS1R,EMC9,ISYNA1,STPG3,CDH15,PDXP,HES4,MDC1,HES7,RBCK1,C3,GRIN2C,MLLT11,GRIN3B,SIRT4,SLC29A1,PROCA1,HLA-DMA,SLC16A5,FSCN2,BCL2L12,SOCS3,MDM2,PPP1R15B,BAIAP2,TONSL,ZDHHC1,CCNL2,SLC34A3,ENTPD8,PCBP1,FKBP10,DOC2A,PCSK4,HYAL1,TMEM150A,DOT1L,CRIP2,PER2,GLB1L,FOXA2,PIDD1,MVP,INAFM1,ENO2,CRACR2B,GSDMB,CHKA,PA2G4,TMEM198,ZCWPW1,PLCD3,CHPF,ZFP36,NAGLU,ABHD1,GPR108,LSM2,PTBP1,WBP1,ZNF507,CARHSP1,NECAB3,AMPD3,B3GNT9,KRT19,KRT15,TRIP10,PAM16,ELMO3,DNAJC22,ACBD4,NFKBIA,DLG4,TMEM107,EGFL8,SPG7,SYNGAP1,ATF4,CDCA3,CDCA5,RNF224,RMI2,SPHK2,MED22,SLC7A5,ODC1,ZNF469,YPEL3,EXOC3L1,FTL,INO80B,DLX2,BECN1,HNRNPA3,TRIB3,EGR1,GREB1,OSGIN1,ACY1,GAA,HSD17B1,VEGFA,NUDT8,PNPLA2,PRR15L,ADGRG1,SHARPIN,BHLHE40,TAPBP,CUEDC1,ASB16,EPOP,MYO15B,CDK5RAP3,ANAPC11,SNAI3,EHD1,HNRNPL,HNRNPF,SNAI1,FNDC11,NRSN2,GPT,GRN,TUBB4B,DHRS2,CLCF1,TM7SF2,ILF2,RAB34,SLC26A1,PLXNB1,REEP6,CNIH2,HAUS4,CCDC40,FTH1,KAT8,SPTBN4,PPL,RALGDS,PYCR3,PANO1,COL18A1,TUBB,RFNG,NT5C,SLC22A31,CYP2W1,FAM83E,CBX2,YBX2,PFDN2,PGAP3,ZNF276,ABCB6,ABCA7,LRRC45,TMC8,TMC6,TMC4,PIM1,FRMD8,SQSTM1,SLC38A2,B3GALT4,ZNF512B,PPM1N,PARD6B,ATP9A,IFI35,SPATA20,STX1B,TSPAN4,SURF1,TECR,RBBP8NL,KIF22,FUOM,EXOSC4,IL17C,DOK4,ISG15,PROC,PHF13,AURKB,UQCRHL,S100P,SERPINE1,SERPINF2,PRR29,ACD,BATF2,NOTUM,INHA,RNPEPL1,AMH,TRAF4,ADRM1,MGAT4B,SMIM5,CDT1,DAZAP1,BICDL2,CGREF1,GDF15,LY6G5C,TEDC1,SEZ6L2,PDZD7,ALYREF,MADCAM1,ABCC3,OPRL1,TOB1,BAX"
"DEG_HVL_CRC29","59","0.19869999999999999","USF1","USF1","277","1450","0.00236099999999999982","0.011900000000000001","1.2240000000000000","ReMap--ChIP-seq","SCO2,DDIT4,ORAI3,SET,HEXIM1,HEXIM2,MMP25,DUSP1,CCDC9,EFEMP2,CYSRT1,SRSF3,AMDHD2,TNFRSF14,NEK8,NOXA1,KCNK6,ICAM1,TRIM28,KCNQ2,SYNGR2,RRAS,PCK2,TNFSF13,NDUFAF3,SYNCRIP,TLCD2,TLCD1,PTMA,NOXO1,TACC3,IGF2R,FGF11,TNFAIP2,LMNB2,ATP6AP1,SYNGR3,PLEC,SLC3A2,CD7,DQX1,PLK5,TK1,COPZ2,KIFC2,SLC17A7,CDKN2D,THOC6,FKBP5,MCM7,CEBPB,WDR97,BCOR,SLC35B2,HDAC10,ARRDC1,SLC35C1,TMEM184A,DTYMK,KISS1R,EMC9,STPG3,CDH15,MUC1,MDC1,HES7,C3,GRIN3B,RNASEK,HLA-DMA,FSCN2,BCL2L12,SOCS3,NXT1,NRARP,SH2D3A,HSD17B14,TONSL,SLC34A3,ENTPD8,PEX11G,PCSK4,FOXD1,TMEM150A,DOT1L,KLHL24,PIDD1,RCN3,MVP,INAFM1,ENO1,ENO2,PIH1D1,CRACR2B,CHKA,PA2G4,PFAS,VSIG10L,GLI4,PLCD3,ZFP36,NAGLU,STIP1,GPR108,MROH6,JMJD6,SIAH2,CCDC88B,MYL6B,B3GNT9,CA11,TRIP10,TMEM134,ELMO3,ALDH3B1,ACBD4,DLG4,NAPRT,TMEM107,PDE4A,TMEM109,TRNP1,LTC4S,SYNGAP1,ATF4,EXD3,CDCA3,CDCA5,RNF213,RNF215,RNF224,ACHE,BHLHE41,SPHK2,CRB2,ODC1,CENPA,CENPM,YPEL3,EXOC3L1,ZNF446,FTL,CORO1C,ELFN2,PBXIP1,REC8,PINK1,CCDC78,TRIB3,TRIB1,HSD17B1,MGAT1,OSM,PNPLA2,PRR15L,SCNN1A,SYCE2,SHARPIN,GGN,BHLHE40,TAPBP,EPOP,EPOR,GALNS,CDK5RAP3,ANAPC11,EHD1,HNRNPL,HNRNPF,SNAI1,NRSN2,GPT,C1QTNF6,ZNF367,GRN,TUBB4B,FCGRT,TLE3,TLE2,RAB34,SNRPA,CCDC24,TMEM132B,PLXNB1,REEP6,POLR1E,NEMP1,FTH1,KAT8,KRT7,RALGDS,PYCR3,PANO1,PSD,IZUMO1,TUBB,HNRNPH3,SLC22A31,HOXA11,COTL1,FAM83E,SAE1,YBX2,YBX1,SPRED3,THBS3,MYL5,DDX39A,AGAP2,RHBDL1,ABCA7,WFIKKN1,LYPLA2,LRRC45,ROM1,TMC8,TMC6,KANK2,IDUA,FRMD8,S100A5,S100A4,S100A3,SQSTM1,SLC38A2,ZNF512B,ARRB2,PPM1N,SPATA20,TSPAN4,ID3,ARMC12,TECR,ANO9,KIF22,SLC43A1,EXOSC4,KHSRP,GEMIN7,SLC1A5,PROC,PLA2G4C,AURKB,MAPK12,SERPINE1,SERPINF2,HOXC8,TRIP6,SSPN,TM9SF1,NOTUM,ABHD11,DGKQ,NATD1,PSAP,RNPEPL1,TRAF4,UNC93B1,TPCN1,MGAT4B,TNS4,LCN15,LCN12,CDT1,DAZAP1,BICDL2,DNASE1L1,RASIP1,PBLD,GDF15,TEDC2,SMAD3,ALYREF,CKS1B,KLF10,KLF11,BAX"
"DEG_HVL_CRC29","60","0.20200000000000001","MYNN","MYNN","276","1445","0.00241800000000000001","0.011900000000000001","1.2240000000000000","ReMap--ChIP-seq","DHDH,DDIT4,ORAI3,SLBP,HEXIM1,HEXIM2,BTBD19,SFXN3,RAPGEF3,CCDC9,AGRN,FADS2,EFEMP2,CYSRT1,DGAT1,PKMYT1,FBXO44,NEK8,SDF2L1,NOXA1,VPS9D1,E2F1,E2F2,TSPOAP1,MTFR1L,ICAM1,TRIM28,FBXO2,GIPR,SYNGR2,PTK6,NDUFAF3,MST1,TLCD1,NOXO1,PEX10,TACC3,LYL1,SYNGR3,PLEC,PSMB10,POLD4,CD7,HCFC1,PLK3,MEX3D,ADAMTSL4,KIFC2,RCCD1,AP5Z1,PLP2,THOC6,FANCG,MCM7,WDR97,SLC35B2,BRICD5,ARRDC1,NEIL1,HELZ2,UBXN6,VWA7,TYMS,KISS1R,GINS2,COMT,EME2,ISYNA1,OPLAH,STPG3,IQCN,HES4,RBMX,MDC1,HSPG2,RBP5,GRIN3B,PROCA1,RECQL4,HLA-DMA,CARNS1,TTLL3,FBLIM1,BCL2L12,BAIAP3,TONSL,RCC1,CCNL2,SLC34A3,ENTPD8,MXRA8,PILRA,TNFRSF13C,PCSK4,TMEM150A,MAD2L2,HOMEZ,AJM1,PIDD1,CFAP45,MVP,EPS8L1,CCDC183,INAFM1,ENO1,RNF123,CRACR2B,TMEM198,TMEM187,ZCWPW1,ZNFX1,PLCD3,CHPF,ZFP36,NAGLU,NES,PTBP1,MROH6,JMJD6,CARHSP1,NECAB3,MYL6B,SLC20A1,PAM16,TMEM134,ELMO3,ACBD4,DLG4,NAPRT,PDE4A,LTC4S,RAVER1,ATF4,EXD3,RNF224,ACHE,ARHGAP4,MED22,ZSWIM8,NUDT22,CENPM,YPEL3,EXOC3L1,FTL,CORO1B,SMIM24,CDC45,HNRNPA1,SNRPD2,CCDC78,ACY1,HSD17B1,VEGFA,NUDT8,PNPLA2,SCNN1D,SHARPIN,BHLHE40,GNB1L,GNG3,GALNS,ANAPC11,SNAI3,EHD1,GNPTG,FNDC11,YJEFN3,GPT,TUBB4B,ADM5,CLCF1,TM7SF2,FCGRT,RAB34,SLC26A1,CCDC12,PLXNB3,REEP6,TCIRG1,PIP5KL1,CHPF2,MTFR2,IDH3G,P2RX6,PPIL6,LONP1,TBC1D10C,KAT8,GPR37L1,SPTBN4,RALGDS,TRPM4,PYCR3,VASN,PANO1,PSD,IZUMO4,TUBB,PGGHG,CBFA2T3,RFNG,DCST2,NT5C,PTGES2,C1RL,CBX5,TRPT1,PERM1,DDX39A,ZNF276,RHBDL1,ABCA7,FERMT3,WFIKKN1,PIGQ,PIGW,LYPLA2,LRRC45,ROM1,TMC8,TMC6,TMC4,IDUA,PIM1,SQSTM1,LRRC56,GDPGP1,ZNF512B,PPM1N,IFI35,TSPAN4,SURF1,XRCC3,RASSF7,KIF22,FUOM,EXOSC4,SPC24,DOK3,RASGRP2,ISG15,SSH3,PHF13,SYTL1,HOXB9,MTHFR,TRIP6,SF3A2,PRSS33,CLSTN3,DGKQ,AK1,RNPEPL1,AMH,TRAF2,DALRD3,TRAF4,LAGE3,IMPDH2,MGAT4B,SMIM1,LCN12,CDT1,DAZAP1,FEN1,NME3,RANBP1,LY6G5C,TEDC2,CASKIN1,PDZD7,ALYREF,CKS1B,MAN2C1,LMNTD2,BAX"
"DEG_HVL_CRC29","61","0.20540000000000000","ZKSCAN1","ZKSCAN1","277","1451","0.00244899999999999979","0.011900000000000001","1.2230000000000001","ReMap--ChIP-seq","HEMK1,DDIT4,ORAI3,HEXIM1,HEXIM2,BTBD19,FXYD3,SFXN3,MMP25,DUSP1,PAFAH1B3,RAPGEF3,CCDC9,AGRN,EFEMP2,CYSRT1,DGAT1,PKMYT1,FBXO44,TNFRSF14,NEK8,SDF2L1,SP6,KCNK6,VPS9D1,E2F1,TSPOAP1,ICAM1,LGALS1,TRIM28,FBXO2,SYNGR2,APOE,PTK6,TLCD2,TLCD1,PTMA,NOXO1,LMNB2,LYL1,SYNGR3,PLEC,CD7,ARMC7,SDSL,PLK3,PLK5,TK1,KIFC2,PLIN5,SLC17A7,CDKN2D,MAMSTR,THOC6,MCM7,SAPCD2,CEBPB,ZNF747,WDR97,APOC1,SLC35B2,BRICD5,TANGO2,VWA7,KISS1R,COMT,FPGS,ISYNA1,STPG3,IQCN,CDH15,PDXP,HES4,MDC1,SAMD11,HES7,HSPG2,C3,GRIN3B,SLC29A1,PROCA1,FSTL3,RECQL4,CARNS1,LRG1,HR,SLC25A45,SLC16A5,FSCN2,BCL2L12,SH2D3A,SH2D3C,BAIAP3,TONSL,SLC34A3,MXRA8,PCBP1,PCSK4,HYAL1,TMEM150A,CRIP2,MAD2L2,LAMC3,PIDD1,BCL7C,CDHR2,MVP,INAFM1,PIH1D1,SULT2B1,RNF126,CRACR2B,PA2G4,TMEM198,VSIG10L,GLI4,ZCWPW1,PLCD3,CHPF,ZFP36,NAGLU,ANKRD24,GPR108,LSM4,LSM2,PTBP1,NECAB3,CCDC88B,CLIC3,QRFP,TNFAIP8L1,TOMM40,TRIP10,TJP3,NRM,TMEM143,PAM16,TMEM134,DNAJC30,ALDH3B1,ACBD4,TMEM107,PDE4A,SYNGAP1,RAVER1,ATF4,AIF1L,RNF224,ACHE,RMI2,SPHK2,CRB2,ODC1,SAMD1,NUDT22,YPEL3,EXOC3L1,FTL,CORO1B,CCDC78,TRIB3,TRIB1,EGR1,ACY1,HSD17B1,VEGFA,PNPLA2,NRTN,SCNN1D,SCNN1A,SYCE2,SHARPIN,HOOK2,BHLHE40,TCF3,TAPBP,EPOP,EPOR,ANAPC11,SNAI3,EHD1,SNAI1,FNDC11,NRSN2,GPT,AIFM3,PLEKHN1,TUBB4B,ADM5,CLCF1,TM7SF2,TLE2,RAB36,RAB34,REEP6,CNIH2,TCIRG1,PIP5KL1,CATSPERG,NEMP1,P2RX6,TBC1D10C,KAT8,PPL,RALGDS,TRPM4,PYCR3,PANO1,PRX,IZUMO1,TUBB,CBFA2T3,RFNG,SLC22A31,PTGES2,FAM83E,SAE1,TRPT1,PERM1,THBS3,DDX39A,ZNF276,RHBDL1,ABCA7,WFIKKN1,LRRC45,TMC8,TMC6,FRMD8,SQSTM1,KANK3,B3GALT4,GDPGP1,ZNF512B,PPM1N,PARD6B,IFI35,TSPAN4,ID3,TECR,KIF22,EXOSC4,PALM,ISG15,AURKB,SYTL1,MTHFR,TRIP6,PAXX,SF3A2,NOTUM,ABHD11,DNMT1,AK1,ITPR3,AMH,TRAF4,UNC93B1,MGAT4B,SMIM5,LCN15,LCN12,CDT1,DAZAP1,BICDL2,RASIP1,RANBP1,GDF15,CAMK1,TEDC1,CASKIN1,PDZD7,SMAD3,ALYREF,MADCAM1,OPRL1,BAX"
"DEG_HVL_CRC29","62","0.20880000000000001","TFAP4","TFAP4","277","1452","0.00253799999999999989","0.012200000000000001","1.2220000000000000","ReMap--ChIP-seq","SPINT1,DDIT4,ORAI3,SLBP,HEXIM1,HEXIM2,BTBD19,SFXN3,SHB,MMP25,DUSP1,AGRN,EFEMP2,CYSRT1,PKMYT1,TNFRSF14,TSNAXIP1,NEK8,E2F1,E2F2,ICAM1,LGALS1,TRIM28,SDC4,SYNGR2,TNFSF13,MT-ATP6,TLCD1,NOXO1,ORMDL3,MT-ATP8,TACC3,DENND6B,UBA7,FGF17,TNFAIP2,SYNGR3,ETV4,ELF3,ACOX1,PLEC,POLD4,CD7,DQX1,VPS18,ARMC7,PLK3,CGN,MEX3A,ADAMTSL4,TK1,EXOC7,KIFC2,ANGPTL4,SLC17A9,THOC6,SLC4A11,TPP1,WIPI1,SAPCD2,MCM5,CEBPB,SLC35B2,OBSL1,KISS1R,COMT,ISYNA1,STPG3,IQCN,PDXP,HES4,MT-ND6,MT-ND4,MT-ND5,MT-ND1,HSPG2,C3,GRIN3B,RIPK4,SIRT4,SLC29A1,PROCA1,CARNS1,CASTOR1,TTLL1,SLC25A45,SLC16A5,PFKFB4,FBLIM1,SOCS3,SH2D3A,SLC25A19,BAIAP2,TONSL,DHX58,CCNL2,SLC34A3,MXRA8,FKBP10,HYAL1,TMEM150A,DOT1L,NPM2,GLB1L,CCDC159,BMP4,PIDD1,MVP,EPS8L2,CCDC183,PROB1,CRACR2B,GSDMB,CHKA,PA2G4,TMEM198,ZCWPW1,PLCD3,CHPF,ZFP36,NAGLU,STIP1,GPR108,LSM4,PGPEP1,RANGAP1,WBP1,JMJD6,CARHSP1,AMPD3,CA11,TRIP10,ELMO3,ACBD4,DLG4,TMEM107,TRNP1,KRT80,LTC4S,MT-CO1,MT-CO2,MT-CO3,ATF4,CDCA3,RNF215,RNF224,CHAF1A,SPHK2,ODC1,SAMD1,NUDT22,YPEL3,EXOC3L1,INO80B,MT-CYB,ITGB2,ACP2,PBXIP1,DEPP1,ACTN4,TRIB3,TRIB1,OSGIN1,ACY1,SYNC,HSD17B1,IL32,OSM,VEGFA,PNPLA2,SCNN1D,SYCE2,ADGRG1,BHLHE40,MXD3,CUEDC1,EPOR,MYO15B,LDHD,HMOX1,PRELID1,FOSL2,EHD1,ATG2A,NRSN2,GPT,ZNF367,GRN,TUBB4B,CLCF1,TM7SF2,PGF,RAB34,PLXNB2,PIP5KL1,RFC2,NECTIN4,FTH1,TBC1D10C,KAT8,SPTBN4,PPL,TRPM4,PANO1,PSD,SLC22A31,CYP2W1,IDH2,HK2,MCF2L,PPP2R5B,TRPT1,PFDN2,PERM1,MT-ND4L,ABCB6,RHBDL1,ABCA7,FERMT3,WFIKKN1,PIGQ,LRRC45,ROM1,TMC8,TMC6,FLNB,FRMD8,SQSTM1,KANK3,ARRB1,ATP9A,IFI35,SPATA20,RASSF4,SCN1B,SLC12A9,TSPAN4,RASSF7,ID3,FUOM,DOK3,GEMIN7,SLC1A5,ISG15,PROC,PHF13,AURKB,S100P,SERPINE1,S100A13,TM9SF1,NOTUM,INHA,AK1,PSAP,RNPEPL1,TRAF4,SEMA3B,TPCN1,MGAT4B,SMIM5,CDT1,DAZAP1,BICDL2,PPCDC,DNASE1L1,GDF15,TEDC1,PDZD7,SMAD3,ARHGAP30,CKS1B,MADCAM1,ABCC3,LMNTD2,OPRL1,TOB1"
"DEG_HVL_CRC29","63","0.21210000000000001","MYC","MYC","277","1453","0.00263100000000000009","0.012300000000000000","1.2210000000000001","ReMap--ChIP-seq","SCO2,DDIT4,ORAI3,SLBP,SET,SHMT2,HEXIM1,HEXIM2,BTBD19,NCAPH2,SFXN3,MMP25,DUSP1,PAFAH1B3,CCDC9,AGRN,EFEMP2,CYSRT1,DGAT1,PKMYT1,NEK8,SDF2L1,NOXA1,VPS9D1,TRIM46,TSPOAP1,ICAM1,TRIM28,SYNGR2,TNFSF13,PTK6,NDUFAF3,SYNCRIP,TLCD1,PTMA,NOXO1,TACC3,FGF11,LMNB2,LYL1,SYNGR3,PLEC,SLC3A2,POLD1,CD7,DQX1,PLK3,MEX3A,COPZ2,KIFC2,SLC17A9,SLC17A7,CDKN2D,THOC6,FKBP5,MCM7,SAPCD2,MCM2,CEBPB,ZNF747,WDR97,SLC35B2,BRICD5,ARRDC1,TMEM184A,TYMP,KISS1R,EMC9,EME2,FPGS,ISYNA1,STPG3,IQCN,MUC1,HES4,SAMD11,HES7,EML2,SLC29A1,PROCA1,FSTL3,RECQL4,CARNS1,FSCN2,BCL2L12,SOCS3,NXT1,NRARP,SH2D3C,SLC25A19,LRR1,TONSL,CCNL2,SLC34A3,ENTPD8,MXRA8,CTXN1,PCBP1,N4BP3,DOC2A,HYAL1,DOT1L,CRIP2,GLB1L,AJM1,PIDD1,BCL7C,CDHR2,MVP,CCDC183,INAFM1,PIH1D1,RNF126,CRACR2B,PA2G4,PFAS,GLI4,ZCWPW1,PLCD3,GPR146,ZFP36,NAGLU,STIP1,LSM4,PTBP1,WBP1,JMJD6,CCDC88B,CLIC3,MYL6B,CA11,TMEM145,ELMO3,ALDH3B1,ACBD4,DLG4,TMEM107,PDE4A,SPG7,LTC4S,ATF4,EXD3,CDCA3,CRABP2,RNF224,ACHE,SPHK2,MED22,NUDT22,YPEL3,EXOC3L1,FTL,INO80B,CORO1B,PBXIP1,HNRNPA1,CCDC78,TRIB3,TRIB1,ACY1,HSD17B1,PNPLA7,NUDT8,HNRNPA2B1,PNPLA2,SCNN1D,SYCE2,SHARPIN,BHLHE40,ANAPC11,SNAI3,FOSL2,EHD1,HNRNPL,HNRNPF,FNDC11,NRSN2,GPT,PLEKHN1,GRN,TUBB4B,CLCF1,TM7SF2,FCGRT,TLE3,RAB34,CCDC24,CCDC12,CNIH2,PIP5KL1,PKM,NEMP1,CALML6,TBC1D10C,KAT8,RALGDS,TRPM4,PANO1,PSD,RFNG,DCST2,NT5C,PSMC3IP,PTGES2,CYP2W1,FAM83E,CBX5,CBX3,SAE1,YBX2,TRPT1,PERM1,THBS3,KRTCAP2,DDX39A,ZNF276,ABCB6,AGAP2,RHBDL1,FERMT3,WFIKKN1,LRRC45,ROM1,TMC8,TMC6,FRMD8,SQSTM1,SLC38A2,ZNF512B,ARRB2,PPM1N,TSPAN4,SURF1,ID3,RBBP8NL,KIF22,EXOSC4,DOK3,GEMIN7,SLC1A5,ISG15,SSH3,PHF13,AURKB,SERPINE1,SLC19A1,TRIP6,PAXX,TM9SF1,NOTUM,RNPEPL1,AMH,TRAF2,DALRD3,TRAF4,UNC93B1,SEMA3B,HIRIP3,ADRM1,IMPDH2,MGAT4B,LCN12,CDT1,ANP32B,DAZAP1,BICDL2,NME3,DNASE1L1,RANBP1,GDF15,TEDC1,CASKIN1,PDZD7,ALYREF,CKS1B,OPRL1,BAX"
"DEG_HVL_CRC29","64","0.21550000000000000","RFX2","RFX2","275","1442","0.00266100000000000017","0.012300000000000000","1.2210000000000001","ReMap--ChIP-seq","IFT172,SHMT2,PBX3,SFXN2,SLF1,NEK2,SRSF7,ZKSCAN1,NEK5,VPS9D1,VPS13C,ARL13B,NNAT,TRIM46,E2F5,E2F8,CYP39A1,BTD,SDC4,TMEM63C,PTK6,GRIK5,MT-ATP6,COX8A,CFAP157,MT-ATP8,ZMYND12,POLD4,TBX19,TTC16,CCS,DQX1,MTBP,PRKCG,WDR73,PLK5,ASGR1,COPZ2,PLIN4,PLIN5,ASPDH,CDKN2B,PHF5A,TMEM179B,PODNL1,DYRK1B,TOM1L2,FANCI,OSBPL7,COPS3,DRC3,OSCP1,MCM7,LCORL,CEBPB,BRICD5,SLC51A,MACF1,HELZ2,UBXN6,TMED8,ROGDI,CCDC28B,BLNK,RBKS,MUC1,MT-ND6,MT-ND4,MT-ND5,MT-ND1,HSPH1,CFAP69,TUBA1C,TUBA1A,ARG2,LRG1,TTLL9,SLC25A41,SLC16A8,FAM227A,STK36,ZBBX,FAM229B,DSE,SLC25A27,BAIAP3,PCSK4,L3HYPDH,CCDC117,G2E3,FAAP24,CRIP2,MOK,PER2,GLB1L,FAM174A,ZFHX2,PIDD1,SFR1,CFAP47,CFAP46,ARMH1,CCDC191,CFAP57,TAF1B,PROB1,INAFM1,RNF126,PIH1D2,PLCD3,ANKRD42,ABHD4,WBP1,ASS1,PTPRN2,BBS12,CA11,STAC3,ZDHHC11B,FBL,ANGEL1,AKNA,ATP6V1D,ACBD7,ACBD4,DNAJC16,DLG4,TMEM107,PDE4A,POLL,DBF4B,MT-CO1,RAVER1,MT-CO2,MT-CO3,AIF1L,SPHK2,PGM2L1,NUP62CL,CRB2,ZNF473,CENPH,SLC27A1,ZNF446,INO80B,SPATA7,ODF2,FUZ,MT-CYB,SMIM22,REC8,CCDC78,ACY1,THTPA,PNPLA2,TBC1D32,SPOCD1,SIDT1,CACNA1H,ODF2L,UBE2C,TMEM232,TMEM234,TMEM221,TMEM223,CUEDC1,DNAH7,DNAH6,SSRP1,EPOR,RSPH3,RSPH1,EHD1,GNPTG,TCN2,ATG2A,FNDC11,TCTN2,PEA15,SIAE,RAB36,SNRPF,BRSK1,HSPBP1,CCDC30,CCDC32,REEP6,CNIH2,AP1G2,RFC5,RFC2,NEMP1,CCDC40,CEP152,FBXL13,P2RX6,GPR37L1,C2CD4A,PANO1,PSMC3IP,NT5M,LMLN,CYP2W1,MYCL,FAM161A,FAM83E,CBY1,PPP2R5B,PPP2R5D,THBS3,CDK2AP2,MT-ND4L,KRTCAP2,ZNF276,FIGNL1,EFCAB6,LETM2,TMEM67,LRRC73,SLC38A6,LRRC4B,GDPGP1,EFCAB12,ZBTB46,CXXC1,CYB5B,SPATA17,SPATA18,TSPAN2,RGL3,KIF14,BRCA1,KIF24,KIF23,KHSRP,GEMIN7,NPHP1,SSH3,SAXO2,CHURC1,MAPK10,NPHS1,STMN1,ZNF165,PASK,TSPYL4,ING2,MRAS,TM9SF1,AGBL3,MORN2,ABHD11,SLC37A1,WRAP53,DUSP15,DNALI1,EFHC1,DCAF15,SPAG8,TBCEL,LMAN2L,NME9,DZANK1,KIAA0753,TUBE1,APLP1,PHOSPHO2,TEDC1,CASKIN1,ARHGAP33,KIF18A,MADCAM1,OPRL1,ZNF184,NAP1L1"
"DEG_HVL_CRC29","65","0.21890000000000001","ZHX2","ZHX2","276","1448","0.00269400000000000021","0.012300000000000000","1.2200000000000000","ReMap--ChIP-seq","SCO2,ORAI3,HEXIM1,HEXIM2,BTBD19,NCAPH2,SFXN3,DUSP1,STX4,CCDC9,AGRN,EFEMP2,CYSRT1,TOM1,VMAC,PKMYT1,AMDHD2,TNFRSF14,NEK8,SDF2L1,VPS9D1,ICAM1,TRIM28,SYNGR2,NEU1,APOE,PCK2,PTK6,ZHX2,TLCD1,PTMA,PCNA,NOXO1,TACC3,TNFAIP2,LMNB2,SYNGR3,PLEC,CD7,DQX1,PLK3,WDR54,CDKN1A,ASGR1,KIFC2,ANGPTL4,SLC17A9,THOC6,FKBP5,FANCA,SLC4A11,BCL6,BMPR2,MCM7,SAPCD2,TST,CEBPB,ZNF747,APOC1,BCOR,SLC35B2,HDAC11,BRICD5,ARRDC1,OBSL1,TMEM184A,TPX2,VWA7,DTYMK,TYMP,KISS1R,EMC9,ISYNA1,STPG3,IQCN,CDH15,PDXP,HES4,MDC1,RBCK1,C3,GRIN3B,SLC29A1,FSTL3,HLA-DMA,CARNS1,SLC16A5,FSCN2,SOCS3,SH2D3A,TONSL,CCNL2,SLC34A3,ARSA,MXRA8,CTXN1,PCSK4,HYAL1,TMEM150A,DOT1L,CRIP2,FOXA2,HOMEZ,AJM1,PIDD1,BCL7C,CDHR2,MVP,EPS8L2,TLNRD1,RNF126,CRACR2B,CHKA,PA2G4,VSIG10L,PLCD3,ZFP36,NAGLU,ABHD1,GPR108,LSM4,PTBP1,PGPEP1,WBP1,MROH6,CBLN3,JMJD6,CARHSP1,ANKRD9,AMPD3,B3GNT9,TLDC2,TRIP10,TMEM134,ELMO3,ACBD4,TBCD,NAPRT,TMEM107,UPK3A,LTC4S,RAVER1,ATF4,RNF224,PRXL2B,SLC7A5,ODC1,SAMD1,NUDT22,YPEL3,EXOC3L1,FTL,INO80B,CORO1B,CCDC78,TRIB3,TRIB1,GREB1,OSGIN1,ACY1,HSD17B1,CAPS,PNPLA2,SCNN1D,PRR15L,SCNN1A,PRR5-ARHGAP8,BHLHE40,EPOP,ANAPC11,HMOX1,EHD1,HNRNPL,HNRNPF,FNDC11,NRSN2,AIFM3,C1QTNF8,PLEKHN1,ZNF367,GRN,TUBB4B,SMOC1,TM7SF2,SLC26A1,REEP6,CALML6,FTH1,TBC1D10C,KAT8,MAPK8IP2,PYCR3,PANO1,CHMP1B,PSD,TUBB,RFNG,PSMC3IP,SLC22A31,CYP2W1,CBX2,AXIN1,TRPT1,TRAPPC6A,PERM1,FAM167B,ZNF276,RHBDL1,ABCA7,FERMT3,WFIKKN1,PIGQ,LYPLA2,LRRC45,TMC8,TMC6,IDUA,LRRC73,SQSTM1,LRRC56,ZNF512B,ZBTB46,PPM1N,D2HGDH,ATP9A,IFI35,STX1B,TSPAN4,RASSF7,ID3,TECR,KIF22,FUOM,EXOSC4,ISG15,PROC,PHF13,SCARF1,SSTR5,PAOX,S100P,SERPINE1,SERPINF2,SYTL1,ASF1B,SIVA1,SERPINB1,NUDT16L1,RHBG,SF3A2,NOTUM,INHA,GPT2,DGKQ,FN3K,RNPEPL1,AMH,TRAF2,SEMA3B,MGAT4B,SMIM1,CDT1,DAZAP1,CGREF1,GDF15,TEDC1,CASKIN1,PDZD7,ALYREF,ARHGAP27,CKS1B,MADCAM1,LMNTD2,OPRL1,TOB1,BAX"
"DEG_HVL_CRC29","66","0.22220000000000001","PBX2","PBX2","276","1452","0.00310599999999999982","0.014000000000000000","1.2160000000000000","ReMap--ChIP-seq","HEMK1,DDIT4,ORAI3,SHMT2,HEXIM1,HEXIM2,BTBD19,SFXN3,MMP25,DUSP1,CCDC9,EFEMP2,CYSRT1,DGAT1,PKMYT1,FBXO44,AMDHD2,NEK8,SDF2L1,SP2,SP6,KCNK6,TSPOAP1,ICAM1,FBXO2,GIPR,NEU1,SPDYC,CPLANE2,DMBX1,MT-ATP6,SYP,TLCD2,TLCD1,MT-ATP8,PLAU,IGF2R,TNFAIP2,LYL1,SYNGR3,SHANK1,SLC3A2,DQX1,PLK3,BTG2,CDKN1A,CDKN1B,ADAMTSL4,COPZ2,KIFC2,KIFC1,SLC17A7,PLP2,MAMSTR,THOC6,FKBP5,MAP3K14,MCM7,ZNF747,WDR97,SLC35B2,NIPAL3,TANGO2,SLC22A4,STXBP2,KISS1R,EMC9,ISYNA1,STPG3,IQCN,HES4,MT-ND6,MDC1,MT-ND4,MT-ND5,MT-ND1,SAMD11,HSPG2,EML2,RBP5,RBCK1,CFAP99,C3,SLC29A1,HLA-DMA,UCP2,STAT6,MYLK4,SLC25A42,SLC25A45,PITX1,SOCS3,ST6GALNAC1,NXT1,NRARP,SH2D3A,SH2D3C,LRP1,BAIAP2,SLC34A3,GCDH,TMEM150A,MAD2L2,CD164L2,PIDD1,CDHR2,CCDC183,INAFM1,EHF,CREB3L1,PIH1D1,CRACR2B,PA2G4,TMEM198,TACR2,PLCD3,CHPF,ZFP36,NAGLU,ABHD1,STIP1,GPR108,LSM4,LSM2,NES,CALCOCO1,PGPEP1,RNF24,JMJD6,CCDC88B,CA12,CA11,KRT13,STAC3,KRT19,KRT15,TRIP10,ACBD4,DLG4,TMEM107,PDE4A,TRNP1,EGFL8,SPG7,MT-CO1,SYNGAP1,MT-CO2,MT-CO3,ATF4,CRABP2,RNF224,ACHE,HOXC10,RMI2,SPHK2,NUDT22,FTL,CORO1C,FUZ,MT-CYB,PBXIP1,DEPP1,TSPAN31,HNRNPA1,ACTN4,TRIB3,OSGIN1,CCDC9B,LPAR5,DHRS13,PDIK1L,HSD17B1,MGAT1,VEGFA,PNPLA2,TBC1D31,PRR15L,SYCE2,ADGRG1,SHARPIN,RHPN1,GFY,GGN,HOOK2,UBXN10,BHLHE40,SSRP1,EPOR,NYNRIN,CDK5RAP3,PRELID2,FOSL2,EHD1,SNAI1,NRSN2,C1QTNF6,TUBB4B,TM7SF2,RAB36,RAB34,CNIH2,PIP5KL1,CHPF2,CATSPERG,NEMP1,P2RX4,FTH1,RALGDS,TRPM4,PRX,PSD,IZUMO1,TUBB,AMN1,KIAA0513,COTL1,MYCL,FAM83E,CBX5,CBX2,SPRED3,TRPT1,TRAPPC6A,MT-ND4L,AGAP2,ABCA7,FERMT3,PIGR,VSIR,ROM1,PIM1,FRMD8,LRRC56,ARRB1,PPM1N,NTN5,SPATA20,TSPAN4,LRRN2,ID3,ARMC12,TECR,EXOSC4,NXPH4,SLC1A5,ISG15,NUP62,ZP3,AURKB,S100P,STMN1,SYTL1,HOXB9,ASF1B,HOXC8,MTHFR,FCRLB,TIGD3,CLSTN3,MINDY1,AK1,DUSP12,TRAF4,TPCN1,KLK1,LCN15,CDT1,BICDL2,TNXB,RASIP1,CGREF1,LY6G5C,PDZD7,SMAD3,CKS1B,BAX"
"DEG_HVL_CRC29","67","0.22559999999999999","NFE2L2","NFE2L2","275","1454","0.00405499999999999958","0.017999999999999999","1.2090000000000001","ReMap--ChIP-seq","DHDH,DDIT4,ORAI3,HEXIM1,HEXIM2,BTBD19,SFXN3,KCNC3,MMP25,DUSP1,RAPGEF3,CCDC9,FADS2,EFEMP2,CYSRT1,AMDHD2,NEK8,SDF2L1,SP6,VPS9D1,E2F1,TRIM46,E2F2,ICAM1,SDC4,GIPR,APOE,PTMS,MT-ATP6,TLCD2,TLCD1,PTMA,NOXO1,MT-ATP8,TNFAIP2,LYL1,SYNGR3,PLEC,SLC3A2,POLD4,POLD1,CD7,ZSCAN31,ARMC7,PLK3,MEX3A,BTG2,ADAMTSL4,COPZ2,KIFC2,RCCD1,SLC17A7,CDKN2D,MAMSTR,THOC6,FANCG,BCL6,MCM7,CEBPB,TULP2,WDR97,APOC1,SLC35B2,BRICD5,TANGO2,KISS1R,ISYNA1,CDH24,STPG3,IQCN,MUC1,MT-ND6,MDC1,MT-ND4,MT-ND5,MT-ND1,HES7,RBCK1,C3,NAPSA,MLLT11,GRIN3B,UCK2,SLC29A1,RNASEK,PROCA1,STAT6,SLC25A42,SLC25A45,SLC16A5,BCL2L12,SOCS3,NRARP,LRP1,HSD17B14,TONSL,RCC1,SLC34A3,PEX11G,GCDH,PCBP1,HYAL1,TMEM150A,HOMEZ,PIDD1,BCL7C,CFAP45,MVP,INAFM1,ENO1,PIH1D1,CRACR2B,PA2G4,VSIG10L,ZCWPW1,PLCD3,ZFP36,GPR108,LSM4,LSM2,NES,PTBP1,PGPEP1,ZNF513,WBP1,RNF24,RNF26,JMJD6,NECAB3,CCDC88B,CORO6,AMPD3,TOMM40,SLC20A1,CA11,TRIP10,TMEM143,ELMO3,DNAJC22,ACBD4,NFKBIA,DLG4,TMEM107,PDE4A,MT-CO1,RAVER1,MT-CO2,MT-CO3,CDCA3,CRABP2,RNF213,RNF224,RMI1,SPHK2,NUDT22,YPEL3,EXOC3L1,FTL,INO80B,MT-CYB,PBXIP1,HNRNPA1,SNRPD2,CCDC78,TRIB3,EGR1,DHRS13,REM2,PNPLA2,SYCE2,ADGRG1,SHARPIN,GFY,HOOK2,BHLHE40,TAPBP,CDK5RAP3,ANAPC11,EHD1,HNRNPL,HNRNPF,NRSN2,GPT,TUBB4B,ADM5,CLCF1,HID1,TM7SF2,RAB34,SLC26A1,CNIH2,PIP5KL1,CHPF2,PKM,NEMP1,HAUS8,FTH1,TBC1D10C,RALGDS,TRPM4,PANO1,PRX,PSD,IZUMO1,TUBB,RFNG,DCST2,AMN1,KIAA0513,PTGES2,FAM83E,CBX5,TRPT1,THBS3,MT-ND4L,KRTCAP2,ZNF276,RHBDL1,ABCA7,FERMT3,LYPLA2,LRRC45,ROM1,TMC8,TMC6,IDUA,S100A2,FRMD8,S100A4,S100A3,SQSTM1,B3GALT4,ZNF512B,PPM1N,IFI35,SLC12A9,ID3,TECR,KIF22,KIF2C,EXOSC4,DOK3,SLC1A5,PHF13,ZP3,AURKB,SERPINE1,SERPINF2,HOXB9,MTHFR,TRIP6,NOTUM,ABHD11,DGKQ,PSAP,DUSP12,AMH,TRAF4,METTL27,SEMA3B,SPAG8,MGAT4B,CDT1,FEN1,BICDL2,TUBG2,RASIP1,RANBP1,GDF15,LY6G5C,PDZD7,ALYREF,MAVS,CKS1B,BAX"
"DEG_HVL_CRC29","68","0.22900000000000001","PBX3","PBX3","274","1449","0.00415100000000000018","0.018100000000000002","1.2080000000000000","ReMap--ChIP-seq","SCO2,DDIT4,ORAI3,HEXIM1,HEXIM2,BTBD19,NCAPH2,DUSP4,DUSP5,DUSP1,CCDC9,NCAPD2,EFEMP2,CYSRT1,DGAT1,PKMYT1,AMDHD2,TNFRSF14,NEK8,VPS9D1,LENG9,LENG8,E2F2,TSPOAP1,ICAM1,LGALS1,TRIM28,GIPR,SYNGR2,RRAS,NDUFAF3,MT-ATP6,TLCD2,TLCD1,PTMA,NOXO1,MT-ATP8,PLD1,LMNB2,SYNGR3,SLC3A2,POLD4,RRM2,PLK3,CDKN1A,CDKN1B,ADAMTSL4,TK1,PLP2,MAP3K14,MCM7,WDR97,SLC35B2,HDAC10,BRICD5,ARRDC1,TMEM184A,TYMP,KISS1R,EMC9,EME2,STPG3,IQCN,PDXP,MUC1,MT-ND6,MDC1,MT-ND4,MT-ND5,MT-ND1,SAMD11,HES7,C3,COL1A1,LRSAM1,RNASEK,PROCA1,FSTL3,RECQL4,HLA-DMA,CARNS1,SLC25A45,FSCN2,BCL2L12,SOCS3,SH2D3C,RCC1,CCNL2,SLC34A3,MXRA8,CTXN1,PCBP1,TNFRSF13C,AJM1,PIDD1,MVP,CCDC183,INAFM1,VIM,ENO1,ENO2,CREB3L1,PIH1D1,RNF126,CRACR2B,GLI4,ZCWPW1,PLCD3,ZFP36,TMSB10,GPR108,LSM2,PTBP1,ZNF513,WBP1,MROH6,JMJD6,CARHSP1,GNG13,MYL6B,B3GNT9,CA11,TRIP10,NRM,TMEM134,ELMO3,ALDH3B1,ACBD4,NFKBIA,DLG4,TGFBI,NAPRT,TMEM107,TRNP1,LTC4S,POLM,MT-CO1,MT-CO2,MT-CO3,ATF4,CDCA3,CDCA4,RNF224,SPHK2,MED22,NUDT22,CENPM,EXOC3L1,ZNF446,FTL,INO80B,CORO1B,FUZ,MT-CYB,ITGA3,HNRNPA1,REC8,SNRPD2,CCDC78,ACTN4,EGR3,IL11,HNRNPA2B1,PNPLA2,SYCE2,SHARPIN,UBE2S,BHLHE40,TAPBP,CUEDC1,ANAPC11,EHD1,HNRNPL,NRSN2,GPT,PLEKHN1,TUBB4B,ADM5,CLCF1,TM7SF2,FCGRT,RAB34,PLXNB2,CNIH2,TCIRG1,PIP5KL1,PKM,NEMP1,LONP1,TBC1D10C,KRT7,PYCR3,PANO1,LIMD2,PSD,IZUMO4,TUBB,RFNG,AMN1,COTL1,FAM83E,CBX5,CBX3,SAE1,YBX2,TRPT1,THBS3,MT-ND4L,DDX39A,ZNF276,TTYH2,RHBDL1,ABCA7,FERMT3,WFIKKN1,LRRC45,MYOF,TMC8,TMC6,TMC4,MRPL51,FRMD8,SQSTM1,TRABD2A,LRRC56,SLC38A2,B3GALT4,CTNS,TSPAN4,SURF1,RASSF7,ID3,TECR,KIF22,CD44,EXOSC4,CD74,DOK3,GEMIN7,SLC1A5,PHF19,NUP62,AURKB,MAPK12,MAPK11,SERPINE1,TNFSF9,SF3A2,TM9SF1,IGFBP4,AMH,TRAF2,DALRD3,TRAF4,CACNG8,TPCN1,IMPDH2,MGAT4B,TNS4,CDT1,DAZAP1,NME3,DNASE1L1,RANBP1,TEDC2,CASKIN1,SMAD3,ALYREF,MAN2B1,CHTF18,CKS1B,KLF10,LMNTD2,BAX"
"DEG_HVL_CRC29","69","0.23230000000000001","SMAD1","SMAD1","274","1451","0.00444400000000000003","0.019099999999999999","1.2060000000000000","ReMap--ChIP-seq","HEMK1,ORAI3,SHMT2,HEXIM1,HEXIM2,BTBD19,KCNC3,DUSP1,RAPGEF3,CCDC9,FADS2,EFEMP2,CYSRT1,DGAT1,PKMYT1,FBXO44,NEK8,SDF2L1,VPS9D1,E2F1,TRIM46,E2F2,TSPOAP1,ICAM1,TRIM28,FBXO2,GIPR,SYNGR2,APOE,TNFSF13,NDUFAF3,PTMS,MT-ATP6,TLCD2,TLCD1,PTMA,NOXO1,MT-ATP8,TACC3,LYL1,SYNGR3,SLC3A2,POLD4,CD7,DQX1,VPS18,PLK3,MEX3A,BTG2,ADAMTSL4,TK1,COPZ2,KIFC2,SLC17A7,CDKN2D,PLP2,THOC6,FKBP5,FANCG,MCM7,CEBPB,ZNF747,WDR97,APOC1,BCOR,SLC35B2,BRICD5,TANGO2,KISS1R,COMT,FPGS,ISYNA1,OPLAH,STPG3,IQCN,MUC1,HES4,MT-ND6,MDC1,MT-ND4,MT-ND5,MT-ND1,EML2,RBCK1,C3,MLLT11,GRIN3B,LRSAM1,SLC29A1,RNASEK,PROCA1,RECQL4,CARNS1,STAT6,SLC25A45,FSCN2,BCL2L12,LRP1,HSD17B14,TONSL,RCC1,CCNL2,SLC34A3,PHYKPL,MXRA8,CTXN1,GCDH,PCBP1,PCSK4,DOT1L,ACAA1,HOMEZ,AJM1,PIDD1,BCL7C,CDHR2,INAFM1,VIM,ENO1,PIH1D1,CRACR2B,PA2G4,TMEM198,SLC6A9,ZCWPW1,PLCD3,CHPF,ZFP36,GPR108,LSM4,NES,PTBP1,PGPEP1,RNF26,JMJD6,NECAB3,CCDC88B,MYL6B,TOMM40,CA11,KRT19,TRIP10,NRM,TMEM143,TMEM134,ELMO3,ACBD4,CXCL8,TMEM107,PDE4A,EGFL8,MT-CO1,SYNGAP1,MT-CO2,MT-CO3,ATF4,CDCA3,CRABP2,CDCA5,RNF224,ACHE,ARHGAP4,SPHK2,MED22,NUDT22,YPEL3,EXOC3L1,FTL,CORO1B,MT-CYB,HNRNPA1,HNRNPAB,SNRPD2,CCDC78,TRIB3,HSD17B1,MGAT1,VEGFA,PNPLA2,SYCE2,SHARPIN,GFY,UBE2S,UBXN10,BHLHE40,ANAPC11,EHD1,HNRNPL,HNRNPF,NRSN2,GPT,CSAD,PLEKHN1,TUBB4B,ADM5,CLCF1,TM7SF2,FCGRT,RAB34,CCDC24,CCDC12,REEP6,NEMP1,P2RX6,FTH1,LONP1,TBC1D10C,GPR37L1,TRPM4,PANO1,TUBB,CBFA2T3,RFNG,DCST2,PTGES2,FAM83E,CBX5,SAE1,TRPT1,PERM1,THBS3,CDK2AP2,MT-ND4L,KRTCAP2,DDX39A,ZNF276,RHBDL1,FERMT3,LYPLA2,LRRC45,ROM1,TMC8,TMC6,TMC4,PIM1,FRMD8,SQSTM1,PPM1N,IFI35,SLC12A9,TSPAN4,SURF1,ID3,ARMC12,SLC43A3,EXOSC4,DOK3,NXPH4,SLC1A5,ISG15,PHF13,NUP62,HOXB9,MTHFR,TRIP6,SF3A2,NOTUM,AMH,DALRD3,TRAF4,LAGE3,CFLAR,IMPDH2,MGAT4B,SMIM1,CDT1,FEN1,BICDL2,RANBP1,GDF15,CASKIN1,ALYREF,CKS1B,BAX"
"DEG_HVL_CRC29","70","0.23569999999999999","TCF4","TCF4","272","1440","0.00449999999999999966","0.019099999999999999","1.2070000000000001","ReMap--ChIP-seq","HEXIM1,HEXIM2,SHB,DUSP4,LGR5,GOLIM4,CYSRT1,SRSF7,ZKSCAN1,SP6,PIWIL4,ONECUT3,C1S,E2F2,TSPOAP1,E2F8,SDC4,SYNGR2,PTK6,NDUFAF3,MT-ATP6,MRPS25,MSX1,PEX10,MT-ATP8,DAPP1,INAVA,ECT2,HUNK,ETV4,ELF3,SLC3A2,POLD3,ALCAM,VPS18,GANC,CGN,CDKN1B,TK1,ADCY4,INSIG2,OSBPL7,BCL6,PHACTR4,SAPCD2,CEBPB,CEBPG,SYNPO,ZNF823,TPX2,EDN1,AMIGO2,FAM47E,SUSD1,EME2,LIG4,PDSS1,DEK,MT-ND6,MT-ND4,MT-ND5,MT-ND1,LIPH,PPARGC1A,EXPH5,GRIN2B,MLLT11,RIPK3,RECQL4,HNMT,SLC25A45,FOXP2,NRARP,SLC47A2,DUT,POF1B,SLC34A3,PHYKPL,MXRA8,ZNF703,DHX15,MMD,SPINDOC,AJM1,PIDD1,RBM15,MVP,TAF1B,EPS8L2,EHF,ENO2,CREB3L1,PLCE1,MED8,SULT2B1,CRACR2B,PA2G4,PLCH2,TACR2,GCNT3,PLCD3,ZFP36,TMSB10,DISP2,NES,ZNF513,RNF24,MTUS1,CCDC88B,AMPD3,NAALADL2,B3GNT5,KRT19,KRT15,ALDH3A2,ALDH3A1,TMEM134,ATP6V1A,ACBD4,DLG4,CXCL2,ALDH2,TMEM107,HPDL,PRTFDC1,HPGD,MT-CO1,MNX1,MT-CO2,MT-CO3,ATF4,CRABP2,EPB41L1,EPB41L2,RNF224,FAT1,ACHE,HOXC10,SPHK2,ZSWIM5,YPEL3,ZNF441,FTL,SHC2,MT-CYB,ITGB4,SMIM14,ADORA2B,HNRNPAB,CDC20,SNRPD3,ACTN4,CCDC9B,PNPLA2,BUB1B,GPRIN2,PRR15L,GGH,SYT8,TMEM231,MANSC1,DEGS2,MXD3,MYO15B,CDK5RAP3,OTULINL,ANAPC11,PROM2,PRELID1,NFATC4,EHD1,FNDC11,GPT,C1QTNF8,HID1,TLE3,PLXNB2,CEP152,NECTIN4,KAT8,SEPHS1,PPL,CYP2S1,PANO1,CITED2,PRX,HNRNPH3,DCST2,AMN1,CBR3,RASEF,HOXA11,FAM83E,IDH2,YBX1,AXIN1,PFDN2,LEF1,MT-ND4L,PGAP3,CLDN4,RUFY4,RHBDL1,ABCA7,PIGR,LRRC45,MYOF,PIM1,S100A2,FRMD8,S100A5,S100A4,S100A3,TRABD2A,MLXIPL,CYB5B,SPATA20,TSPAN8,PAG1,ID3,LMCD1,RBBP8NL,KIF22,KIF2C,CD44,STX19,TMPRSS4,TMPRSS2,CD55,RAMP1,GEMIN7,FUT4,SSTR5,UQCRHL,HOXA1,SYTL2,HOXB9,SSPN,HBP1,SERPINB1,CCL20,NOTUM,PUS10,ABHD11,IGFBP4,ITPR2,CDK2,TRAF2,DALRD3,SEMA3C,SEMA3B,TNNI2,IMPDH2,TNS4,TNS1,SMIM5,TMTC2,SLC6A20,INPP5D,ANKEF1,NME3,CEACAM6,PBLD,GDF15,STIL,ALYREF,MAVS,ARHGAP30,CKS1B,MADCAM1,AQP11,BAX"
"DEG_HVL_CRC29","71","0.23910000000000001","KLF13","KLF13","272","1443","0.00498100000000000018","0.020799999999999999","1.2040000000000000","ReMap--ChIP-seq","DDIT4,HEXIM1,HEXIM2,BTBD19,MMP25,PAFAH1B3,RAPGEF3,CCDC9,AGRN,FADS3,EFEMP2,CYSRT1,DGAT1,PKMYT1,NEK8,SDF2L1,KCNK6,VPS9D1,UHRF1,E2F2,TSPOAP1,ICAM1,TRIM28,GIPR,SYNGR2,NEU1,DMBX1,TLCD1,NOXO1,PCNT,LYL1,ATP6AP1,SYNGR3,PLEC,PSMB10,ARMC7,PLK3,ADAMTSL4,KIFC2,KIFC1,RCCD1,SLC17A7,TMEM179B,THOC6,FKBP5,MCM7,TULP2,ZNF747,WDR97,BCOR,SLC35B2,BRICD5,TANGO2,VWA7,KISS1R,EMC9,COMT,CCDC28B,ISYNA1,OPLAH,STPG3,IQCN,MUC1,HES4,MDC1,SAMD11,HES7,HSPG2,EML2,C3,GRIN2C,MLLT11,GRIN3B,SLC29A1,PROCA1,RECQL4,CARNS1,HR,SLC25A45,FSCN2,BCL2L12,TONSL,RCC1,CCNL2,SLC34A3,MXRA8,PEX11G,PCSK4,HYAL1,DOT1L,CCDC159,HOMEZ,LAMC3,PIDD1,BCL7C,EPS8L1,INAFM1,PIH1D1,CRACR2B,TMEM198,VSIG10L,GLI4,ZCWPW1,PLCD3,CHPF,ZFP36,STIP1,GPR108,LSM4,LSM2,PGPEP1,MROH6,RUSC1,CCDC88B,CLIC3,MYL6B,QRFP,CA11,TRIP10,NRM,TMEM145,TMEM134,ACBD4,NAPRT,TMEM107,PDE4A,RNF207,TRNP1,EGFL8,SYNGAP1,RAVER1,ATF4,RNF224,ACHE,RMI2,SPHK2,CRB2,SAMD1,NUDT22,YPEL3,CORO1B,LCN2,PBXIP1,HNRNPA1,CCDC78,TRIB3,LPAR5,PDIK1L,SYNC,VEGFA,PNPLA2,SCNN1D,SHARPIN,GFY,BHLHE40,TMEM223,TAPBP,EPOR,ANAPC11,EHD1,HNRNPL,HNRNPF,ATG2A,NRSN2,GPT,AIFM3,ZNF367,NSD2,TUBB4B,CLCF1,RAB3A,HID1,TM7SF2,RAB36,RAB34,BRSK1,SLC26A1,CCDC24,HSPBP1,CCDC12,REEP6,FTCD,PIP5KL1,CATSPERG,NEMP1,P2RX6,FTH1,LONP1,TBC1D10C,SPTBN4,RALGDS,TRPM4,PYCR3,PANO1,PRX,PSD,IZUMO1,TUBB,CBFA2T3,DCST2,FAM83E,CBX5,SAE1,PPP2R5B,TRPT1,PERM1,THBS3,MYL5,ZNF276,RHBDL1,ABCA7,FERMT3,WFIKKN1,ROM1,TMC8,TMC6,IDUA,PIM1,FRMD8,B3GALT4,PPM1N,SLC12A9,PAQR7,TSPAN4,TSPAN1,ID3,TECR,CTSD,EXOSC4,IL17C,DOK3,GEMIN7,FDPS,ISG15,SSH3,PHF13,MAST3,ZP3,MAPK15,S100P,STMN1,SYTL1,S100A16,S100A13,MTHFR,TRIP6,ING4,PAXX,ITPKA,SF3A2,TM9SF1,NOTUM,DGKQ,RNPEPL1,AMH,TRAF4,SMIM1,CDT1,ANP32B,DAZAP1,BICDL2,DNASE1L1,TNXB,RASIP1,RANBP1,GDF15,TEDC2,CASKIN1,ALYREF,CKS1B,KLF11,USP20"
"DEG_HVL_CRC29","72","0.24240000000000000","ASCL1","ASCL1","273","1450","0.00520300000000000016","0.021499999999999998","1.2020000000000000","ReMap--ChIP-seq","SCX,SPINT1,L1CAM,SFXN3,MMP25,CYSRT1,KCNH3,PKMYT1,KRTAP4-1,NEK8,NOXA1,CERS4,E2F1,TRIM46,E2F2,TMEM63A,GIPR,PCK2,PTK6,CPLANE2,TP73,MT-ATP6,TLCD1,NOXO1,PEX10,CFAP157,MT-ATP8,GRIN1,DENND6B,TNFAIP2,SYNGR3,ELF3,PSMB10,TTC16,VPS18,ARMC7,BCAM,MEX3D,BTG2,ADAMTSL2,EXOC7,CDKN2D,MAMSTR,DYRK1B,THOC6,FANCA,SYNE3,SAPCD2,WDR97,SLC35B2,BRICD5,SLC51A,OBSL1,HELZ2,TPX2,TECPR1,KISS1R,GINS2,COMT,ISYNA1,STPG3,IQCN,CDH15,MUC1,MT-ND6,MT-ND4,MT-ND5,MT-ND1,HES6,GRIN3B,TUBA1C,TUBA1A,SLC29A1,PROCA1,FSCN2,NPTXR,FBLIM1,FHL2,NRARP,FOXJ1,BAIAP3,PC,ZDHHC1,SLC34A3,ENTPD8,PEX11G,GCDH,TNFRSF13C,CRIP2,GLB1L,CCDC159,ZFHX2,PIDD1,ARMH1,MVP,CCDC183,CRACR2B,CDK18,PA2G4,TMEM198,GPR146,CHPF,LZTS3,CLIP2,STIP1,ANKRD24,LSM4,LSM7,PGPEP1,MROH1,RNF26,TTLL10,NECAB3,OTOG,PTPRN2,CCDC88B,CLIC4,CLIC3,STAB1,B3GNT9,RAPSN,KRT19,TPPP3,KRT15,TMEM143,ACSF3,TRNP1,CHMP6,KRT80,RGS12,MT-CO1,MT-CO2,MT-CO3,ATF4,EXD3,CDCA3,RNF224,LRRC10B,ARHGAP4,ZNF488,SPHK2,ODC1,CROCC2,NUDT22,CENPM,SHC2,FUZ,MT-CYB,ELFN2,DEPP1,TSPAN31,CCDC78,MYO7A,CCDC9B,ACY1,THTPA,PNPLA2,CRTC1,LOXL1,NRTN,SCNN1D,PRR15L,SCNN1A,CACNA1H,SYCE2,ADGRG1,SHARPIN,PRR5-ARHGAP8,RHPN1,GFY,TMEM234,CUEDC1,GALNS,CDK5RAP3,HNRNPL,GNPTG,FNDC11,C1QTNF8,GRN,TUBB4B,TMEM39B,TM7SF2,HMGN2,TLE2,TLE6,RAB36,RAB34,BRSK1,CCDC24,HSPBP1,PLXNB2,TCIRG1,RFC2,CCDC40,PPIL1,P2RX6,KRT7,SPTBN5,PPL,PANO1,IZUMO1,CBFA2T3,DCST2,CYP2W1,FAM83E,MCF2L,TRPT1,THBS3,RASD1,FAM167B,FAM167A,MT-ND4L,KRTCAP2,MYL5,DDX39A,TTYH2,AGAP2,MRPL11,FIGNL1,GRPEL2,RHBDL3,RHBDL1,ABCA7,FERMT3,KANK2,S100A2,S100A5,S100A4,S100A3,ZNF512B,PPM1N,USH1C,RASSF4,TSPAN4,ID3,RBBP8NL,ANO9,IL17C,JADE1,NUP62,SSTR5,STMN1,ACOT7,SYTL1,TERT,CHST13,PAXX,NFAM1,SF3A2,NOTUM,FMOD,INHA,ABHD11,ADAM8,RASAL1,DAGLA,AMH,TRAF4,SPAG8,TPCN1,CHAC1,SMIM5,SMIM1,LCN15,LCN12,BICDL2,RASIP1,GDF15,TEDC1,TEDC2,PDZD7,MADCAM1,ABCC3"
"DEG_HVL_CRC29","73","0.24579999999999999","TGIF2","TGIF2","273","1451","0.00537900000000000010","0.021899999999999999","1.2010000000000001","ReMap--ChIP-seq","SCO2,DDIT4,HEXIM1,HEXIM2,BTBD19,DUSP1,STX4,ATAD2,CCDC9,NCAPD2,LGR5,EFEMP2,CYSRT1,TOM1,TSNAXIP1,NEK8,SP5,VPS9D1,MSL2,SDC4,ZBTB2,RRAS,NEU1,PCK2,NDUFAF3,COX8A,ZHX2,TLCD2,TLCD1,PCNA,NOXO1,PCNT,TACC3,PLD1,MKKS,SYNGR3,SLC3A2,RALY,POLE3,SMC3,ARMC7,PLK3,CDKN1A,CDKN1B,TK1,KIFC2,PLIN5,SLC17A9,CDKN2C,TMEM179B,HMMR,ORC6,FANCA,BCL6,MCM7,CEBPB,ZNF747,WDR97,APOC1,SLC35B2,ZNF843,TMEM184A,TPX2,DTYMK,THPO,COLGALT2,OPLAH,STPG3,CDH15,MDC1,RBCK1,C3,TUBA1B,SIRT4,PROCA1,RECQL4,HLA-DMA,STAT6,LRG1,HR,SLC16A5,ACAT2,MDM2,NXT1,SLC25A19,LRP1,LRR1,TONSL,TXNDC12,CCNL2,SLC34A3,PCBP1,FKBP10,PCSK4,TMEM150A,DOT1L,ALDH4A1,PER2,GLB1L,PIDD1,HS3ST3B1,RBM14,UTP18,MVP,MED8,CRACR2B,CHKA,PA2G4,PFAS,PLCD3,NAGLU,ABHD1,GPR108,LSM2,RANGAP1,ZNF513,WBP1,RUSC1,JMJD6,CARHSP1,FAF1,AMPD3,B3GNT9,TRIP10,NRM,ELMO3,ACBD4,TBCD,DLG4,TMEM107,EGFL8,SPG7,RAVER1,ATF4,CDCA5,RNF224,CHAF1A,MED22,SLC7A5,ODC1,ZSWIM8,EXOC3L1,ZNF446,FTL,INO80B,EIF4EBP1,BRIX1,ISY1,ACP2,BECN1,DEPP1,MYO19,MYO1B,CDC20,ACTN4,TRIB3,TRIB1,OSGIN1,ACY1,NUDCD2,HSD17B1,VEGFA,PNPLA2,SHARPIN,TMEM230,BHLHE40,TMEM223,TAPBP,GNB1L,ASB16,EPOP,SEH1L,ANAPC11,RMDN2,EHD1,HNRNPF,ATG2A,NRSN2,GPT,AIFM3,C1QTNF8,ZNF367,TCP1,TUBB4B,TM7SF2,MPC1,TLE3,RAB34,SNRPG,CCDC24,PLXNB1,REEP6,TCIRG1,HAUS5,POLR1E,NEMP1,CALML6,KAT8,PYCR3,PANO1,PSD,TUBB,RFNG,NT5C,PSMC3IP,SLC22A31,CYP2W1,HK2,PPP2R5B,PGAP3,ZNF276,ABCB6,RHBDL1,WFIKKN1,PIGW,LYPLA2,LRRC45,MRPL51,CKS2,COL11A2,B3GALT4,MLXIPL,ZNF512B,PPM1N,PPM1G,IFI35,RASSF4,KIF20B,TSPAN8,TSPAN4,SURF1,PAICS,KIF12,KIF22,EXOSC4,DCLRE1B,JADE1,ATAD3C,HNRNPUL2,SLC1A5,FDPS,PHF13,SSTR5,AURKB,NUP43,S100P,SERPINE1,SERPINF2,SIVA1,TRIP6,SF3A2,CCL20,NOTUM,GPT2,MINDY1,FN3K,RNPEPL1,AMH,TRAF2,DALRD3,IMPDH2,CDT1,DAZAP1,CGREF1,GDF15,LY6G5C,SMAD3,ALYREF,CKS1B,MAN2C1,KLF10,TOB1,BAX"
"DEG_HVL_CRC29","74","0.24920000000000000","RUNX1","RUNX1","273","1453","0.00574700000000000037","0.023099999999999999","1.1990000000000001","ReMap--ChIP-seq","DDIT4,ORAI3,ORAI2,HEXIM1,HEXIM2,BTBD19,SFXN3,DUSP1,CCDC9,AGRN,EFEMP2,NEK8,SDF2L1,TRIM46,E2F2,TSPOAP1,ICAM1,LGALS1,TRIM28,SYNGR2,TNFSF13,PTK6,BST2,NDUFAF3,MT-ATP6,RAC2,RNF144A,TLCD1,NOXO1,MT-ATP8,PLAU,LYL1,MKKS,SYNGR3,PLEC,CD7,DQX1,VPS18,ARMC7,HCFC1,PLK3,BTG2,CDKN1B,TK2,ADCY4,SLC17A9,SLC17A7,CDKN2D,IL10RA,PLP2,THOC6,FKBP5,LBR,WDR97,BCOR,SLC35B2,HELZ2,KISS1R,EMC9,FPGS,ISYNA1,STPG3,IQCN,PDXP,HES4,SLC4A8,MT-ND6,MT-ND4,MT-ND5,MT-ND1,UBASH3B,SAMD11,HES7,GRIN3B,RIPK3,RNASEK,PROCA1,FSTL3,RECQL4,CARNS1,CASTOR1,SLC25A45,SLC16A5,RNASEH2B,PFKFB3,SOCS3,NXT1,SH2D3A,SH2D3C,SPON2,TONSL,PCBP1,TMEM150A,GLB1L,CCDC159,CYBB,PIDD1,RCN3,CDHR2,CCDC194,INAFM1,VIM,ENO2,PIH1D1,RNF126,CRACR2B,CHKA,PA2G4,TMEM187,ZCWPW1,ZFP36,NAGLU,TMSB10,LSM4,WBP1,GLRX,JMJD6,CCDC88B,CLIC3,MYL6B,B3GNT5,CXCR4,DCPS,CA11,AKNA,ALDH3B1,DLG4,TMEM107,PDE4A,HSH2D,SPG7,LTC4S,TBKBP1,MT-CO1,MT-CO2,MT-CO3,ATF4,SPHK2,MED22,NUDT22,EXOC3L1,INO80B,CORO1B,MT-CYB,ITGB2,NRGN,PBXIP1,DEPP1,HNRNPA1,REC8,MYO1F,ACTN4,LPAR5,HSD17B1,MGAT1,OSM,NUDT8,PNPLA2,LOXL1,SYCE2,SHARPIN,BHLHE40,MXD3,RSPH1,ANAPC11,PRELID1,SNAI3,NFATC3,FOSL2,EHD1,HNRNPL,HNRNPF,FNDC11,GPT,KAT2B,TUBB4B,TM7SF2,FCGRT,TLE3,RAB34,CCDC12,CNIH2,RFC2,PKM,NEMP1,DENND3,FTH1,TBC1D10C,KAT8,RALGDS,PANO1,PRX,PSD,IZUMO4,CBFA2T3,DCST2,PSMC3IP,KIAA0513,LMO2,FAM83E,CBX5,SAE1,YBX2,TRPT1,MT-ND4L,KRTCAP2,ABCB6,AGAP2,RHBDL1,ABCA7,FERMT3,VSIR,ROM1,TMC8,TMC6,PIM1,FRMD8,S100A5,S100A4,S100A3,SQSTM1,TRABD2A,ARRB1,BIRC5,ZBTB46,PPM1N,RASSF4,TSPAN4,PAG1,SURF1,ID3,ARMC12,CTSD,EXOSC4,CD82,GEMIN7,SLC1A5,RASGRP2,ISG15,SSH3,PHF13,PHF19,MAPK12,MAPK11,S100P,TRIP6,TM9SF1,MORN3,NOTUM,ADAM8,PSAP,SLC37A1,AMH,TRAF1,DALRD3,TRAF4,UNC93B1,TPCN1,MGAT4B,CDT1,BCL11A,DAZAP1,BICDL2,PPCDC,GDF15,ABCG1,PDZD7,SMAD3,ALYREF,CKS1B,OPRL1,TOB1,USP20"
"DEG_HVL_CRC29","75","0.25250000000000000","SREBF2","SREBF2","271","1445","0.00642700000000000042","0.025399999999999999","1.1960000000000000","ReMap--ChIP-seq","SCX,SET,TEX22,ADAMTS13,HEXIM1,HEXIM2,SFXN3,MMP25,RAPGEF3,AGRN,FADS3,FADS2,EFEMP2,CYSRT1,DGAT1,PKMYT1,TNFRSF14,NEK8,NOXA1,VPS9D1,E2F1,TRIM46,TRIM28,KCNQ2,PTK6,KCNT1,COX8A,MST1,TLCD2,TLCD1,NOXO1,CFAP157,GRIN1,TNFAIP2,LYL1,SYNGR3,PLEC,POLD4,POLD1,TTC16,COL7A1,CD7,SARDH,VPS18,ARMC7,ADAMTSL2,KIFC2,PODNL1,THOC6,OSBPL5,FANCA,MCM7,SAPCD2,WDR97,HMCN2,BRICD5,ARRDC1,HELZ2,TMEM184A,KISS1R,EME2,FPGS,CERCAM,ISYNA1,THPO,OPLAH,BRD3OS,STPG3,IQCN,CDH15,MUC1,HES4,SAMD11,HES7,HSPG2,C3,GRIN3B,FSTL3,RECQL4,CARNS1,HR,SLC25A45,SLC16A5,FSCN2,PFKFB4,BCL2L12,SOCS3,NRARP,SH2D3A,SH2D3C,BAIAP3,TONSL,SLC34A3,ENTPD8,MXRA8,CTXN1,GCDH,PCSK4,HYAL1,DOT1L,CRIP2,AJM1,LAMC3,CCDC183,RNF123,RNF126,PFAS,PLCD3,ZFP36,STIP1,GPR108,PTBP1,MROH6,RUSC1,NECAB3,PDE2A,CCDC88B,CLIC3,QRFP,ANKRD9,STAB1,RAPSN,KRT19,KRT15,TRIP10,TRIP13,PAM16,TMEM134,ELMO3,ALDH3B1,ACBD4,DLG4,NAPRT,TMEM107,PDE4A,HSH2D,KRT80,RAVER1,EXD3,AIF1L,RNF224,MED22,CRB2,SAMD1,NUDT22,EXOC3L1,CORO1B,ODF2,LCN2,CCDC78,MYO7A,ACY1,IL11,RELT,PNPLA7,NUDT8,SCNN1D,SYCE2,SHARPIN,RHPN1,ANAPC11,SNAI3,EHD1,GNPTG,ATG2A,FNDC11,GPI,GPT,C1QTNF8,PLEKHN1,TUBB4B,CLCF1,NRBP2,CCDC12,PLXNB2,PLXNB1,REEP6,CNIH2,TCIRG1,PIP5KL1,CALML6,TBC1D10C,KAT8,GPR37L1,RALGDS,PYCR3,VASN,PSD,IZUMO4,RFNG,DCST2,PTGES2,AXIN1,PPP2R5B,TRPT1,PERM1,THBS3,WNT11,CDK2AP2,KRTCAP2,DDX39A,ZNF276,RHBDL1,ABCA7,FERMT3,WFIKKN1,PIGQ,LRRC45,TMC6,SLC9A3,FRMD8,GDPGP1,ZNF512B,ZBTB46,SLC12A7,SURF1,TECR,RBBP8NL,LYNX1,EXOSC4,EXOSC2,IL17C,DOK3,RASGRP2,FDPS,CACFD1,ISG15,SSH3,SSTR5,AURKB,MAPK12,CLCN7,MAPK11,SERPINF2,ASF1B,TERT,S100A16,S100A13,SIVA1,TRIP6,PAXX,SF3A2,AK1,PSCA,AMH,TRAF2,TRAF4,UNC93B1,SEMA3B,DCAF15,ADRM1,AHNAK2,CHAC1,PTGES,LCN15,LCN12,CDT1,DAZAP1,FEN1,BICDL2,NME3,TEDC1,TEDC2,CASKIN1,PDZD7,ALYREF,CHTF18,SLC2A6,CKS1B,OPRL1,ZNF184"
"DEG_HVL_CRC29","76","0.25590000000000002","HBP1","HBP1","272","1451","0.00648799999999999984","0.025399999999999999","1.1960000000000000","ReMap--ChIP-seq","SCO2,DDIT4,ORAI3,SLBP,HEXIM1,HEXIM2,BTBD19,NCAPH2,SFXN3,SHB,MMP25,DUSP1,DUSP9,TOMM40L,CCDC9,AGRN,EFEMP2,CYSRT1,PKMYT1,AMDHD2,ZKSCAN1,NEK8,VPS9D1,LGALS1,TRIM28,SDC4,SYNGR2,NEU1,APOE,PCK1,TNFSF13,TLCD2,TLCD1,PTMA,NOXO1,ORMDL3,TACC3,SYNGR3,ACOX1,PLEC,GALT,SLC3A2,CD7,POLE3,DQX1,ARMC7,BCAM,PLK3,WDR54,CDKN1B,ADAMTSL4,GJD3,KIFC2,ANGPTL4,SLC17A9,TMEM179B,THOC6,FANCA,BCL6,CEBPB,WDR97,APOC1,SLC35B2,TPX2,VWA7,TYMP,KISS1R,EMC9,STPG3,IQCN,PDXP,HES4,MDC1,HES7,RBCK1,C3,GRIN3B,SIRT4,SLC29A1,PROCA1,RECQL4,HLA-DMA,STAT6,SLC25A45,SLC16A5,SOCS3,BCL2L11,SLC25A19,LRP1,TONSL,SLC34A3,MXRA8,PCBP1,FKBP10,HYAL1,TMEM150A,MMD,DOT1L,ALDH4A1,GLB1L,FOXA2,HOMEZ,AJM1,PIDD1,HS3ST3B1,MVP,CCDC183,INAFM1,CRACR2B,CHKA,PA2G4,TMEM198,PFAS,PLCD3,CHPF,ZFP36,NAGLU,LZTS3,GPR108,LSM4,LSM2,PGPEP1,RANGAP1,WBP1,JMJD6,CARHSP1,PTPRN2,MYL6B,AMPD3,B3GNT9,TOMM40,TRIP10,NRM,ELMO3,ACBD4,DLG4,TMEM107,TRNP1,LTC4S,RAVER1,ATF4,CDCA3,RNF224,MED22,ODC1,ZSWIM8,NUDT22,YPEL3,EXOC3L1,FTL,INO80B,ACP2,BECN1,PBXIP1,DEPP1,CDC20,SNRPD3,TRIB3,TRIB1,GREB1,OSGIN1,ACY1,HSD17B1,VEGFA,PNPLA2,PRR15L,SCNN1A,SHARPIN,BHLHE40,NABP2,TMEM223,TAPBP,EPOP,ANAPC11,EHD1,HNRNPF,ATG2A,NRSN2,GPT,ZNF367,TUBB4B,TM7SF2,RAB34,SNRPA,SLC26A1,CCDC24,PLXNB1,CNIH2,KAT8,PPL,PANO1,CITED2,PSD,TUBB,RFNG,PSMC3IP,PTGES2,SAE1,SOWAHC,YBX2,AXIN1,PPP2R5B,TRPT1,PERM1,WEE1,PGAP3,ZNF276,ABCB6,RHBDL1,ABCA7,FERMT3,WFIKKN1,LYPLA2,LRRC45,ROM1,TMC8,TMC6,IDUA,PIM1,FRMD8,SQSTM1,LRRC56,SLC38A2,B3GALT4,ZNF512B,PPM1N,IFI35,RASSF4,TMPO,TSPAN4,SURF1,RASSF7,ID3,TECR,FUOM,EXOSC4,FDPS,ISG15,PROC,PHF13,SSTR5,AURKB,SHLD2,S100P,SERPINE1,SERPINF2,SIVA1,NDE1,NOTUM,GPT2,DGKQ,MINDY1,RNPEPL1,AMH,SLC37A4,TRAF4,SEMA4G,MGAT4B,SMIM1,DAZAP1,BICDL2,IL17RB,GDF15,TEDC1,PDZD7,SMAD3,ALYREF,CKS1B,MADCAM1,LMNTD2,TOB1,BAX"
"DEG_HVL_CRC29","77","0.25929999999999997","NR2F2","NR2F2","272","1452","0.00670199999999999962","0.025499999999999998","1.1950000000000001","ReMap--ChIP-seq","DDIT4,HEXIM1,HEXIM2,BTBD19,SHB,DUSP1,EFEMP2,CYSRT1,DGAT1,PKMYT1,NEK8,SDF2L1,SP2,KCNK6,VPS9D1,E2F1,ICAM1,SDC4,SYNGR2,NEU1,APOE,PTK6,NDUFAF3,MT-ATP6,TLCD2,TLCD1,NOXO1,MT-ATP8,PLAU,PLD1,TNFAIP2,SYNGR3,ELF3,ACOX1,PLEC,SLC3A2,POLD4,POLD1,COL7A1,CD7,ARMC7,PLK3,CGN,MEX3A,BTG2,ADAMTSL4,ANGPTL4,THOC6,MCM7,TST,CEBPB,ZNF747,MACC1,APOC1,SLC35B2,BRICD5,TANGO2,SLC22A4,TMEM184A,VWA7,KISS1R,COMT,ISYNA1,OPLAH,STPG3,IQCN,HES4,MT-ND6,MDC1,MT-ND4,MT-ND5,MT-ND1,SAMD11,HSPG2,C3,NAPSA,GRIN3B,SLC29A1,PROCA1,HLA-DMA,STAT6,SLC25A45,SLC16A5,BCL2L12,SOCS3,SH2D3A,LRP1,RCC1,CCNL2,SLC34A3,MXRA8,CTXN1,PCBP1,N4BP3,PCSK4,DOT1L,CRIP2,PDGFRB,PIDD1,LAMB2,ENO1,CREB3L1,SULT2B1,CRACR2B,PA2G4,TMEM198,ZCWPW1,PLCD3,CHPF,ZFP36,NAGLU,GPR108,LSM4,LSM2,NES,PTBP1,PGPEP1,JMJD6,NECAB3,SIAH2,CCDC88B,CLIC3,MYL6B,QRFP,ANKRD9,AMPD3,FAM20B,TOMM40,KRT13,KRT19,KRT15,TRIP10,TJP3,NRM,PAM16,ACBD4,TMEM107,EGFL8,SPG7,MT-CO1,MT-CO2,MT-CO3,CRABP2,AIF1L,RNF224,ACHE,HOXC10,CHAF1A,SPHK2,CENPA,SAMD1,NUDT22,YPEL3,FTL,CORO2A,MT-CYB,PBXIP1,HNRNPA1,CCDC78,ACTN4,TRIB1,PDIK1L,HSD17B1,VEGFA,PNPLA2,SCNN1A,BHLHE40,TAPBP,ANAPC11,EHD1,HNRNPL,HNRNPF,ATG2A,FNDC11,GPT,PLEKHN1,TUBB4B,CLCF1,RAB3A,RAB36,RAB34,SLC26A1,REEP6,TCIRG1,PIP5KL1,P2RX6,FTH1,TBC1D10C,KAT8,GPR37L1,TRPM4,PANO1,COL18A1,CITED2,PRX,TUBB,DCST2,PTGES2,FAM83E,CBX5,PPP2R5B,TRPT1,PERM1,MT-ND4L,DDX39A,ZNF276,RHBDL1,ABCA7,WFIKKN1,TMC8,TMC6,IDUA,COL11A2,FLNB,PIM1,FRMD8,SQSTM1,KANK3,SLC38A2,B3GALT4,ZNF512B,ARRB1,PPM1N,PARD6B,IFI35,SLC12A9,TMPO,TSPAN4,RASSF7,ID3,TECR,CTSD,EXOSC4,SPC24,ISG15,PHF19,AURKB,UQCRHL,SERPINE1,SERPINF2,HOXB9,SIVA1,MTHFR,CDC6,TRIP6,PAXX,NOTUM,DGKQ,MINDY1,PSAP,DALRD3,TRAF4,METTL27,SEMA3B,TPCN1,MGAT4B,CDT1,DAZAP1,BICDL2,DNASE1L1,RANBP1,GDF15,TEDC1,CASKIN1,SMAD3,ALYREF,CKS1B,ABCC3,LMNTD2,OPRL1,TOB1,BAX"
"DEG_HVL_CRC29","78","0.26260000000000000","HNF4A","HNF4A","272","1452","0.00670199999999999962","0.025499999999999998","1.1950000000000001","ReMap--ChIP-seq","SCO2,DDIT4,ORAI3,HEXIM1,HEXIM2,BTBD19,DUSP1,DUSP9,TOMM40L,STX4,CCDC9,AGRN,CYSRT1,AMDHD2,ZKSCAN1,NEK8,LGALS1,TMEM63A,SDC4,SYNGR2,APOE,PCK1,PCK2,PTMS,MT-ATP6,TLCD1,ORMDL3,MT-ATP8,INAVA,ETV4,ELF3,ACOX1,CD4,CD7,POLE3,DQX1,ARMC7,BCAM,PLK3,CGN,WDR54,CDKN1A,PHF5A,COL27A1,THOC6,BCL6,MCM7,SAPCD2,TST,MCM5,CEBPB,CEBPG,APOC1,SYNPO,TMEM184A,TPX2,TYMP,KISS1R,FAM47E,EMC9,LPP,STPG3,IQCN,PDXP,MT-ND6,MT-ND4,MT-ND5,MT-ND1,HES7,RBP5,RBCK1,C3,RIPK4,SLC29A1,PROCA1,STAT6,HNMT,SLC25A45,SLC16A5,LAG3,FBLIM1,SH2D3A,SLC25A15,SLC47A2,PPP1R15B,LRP1,HSD17B11,SLC25A20,CCNL2,SLC34A3,PCBP1,FKBP10,HYAL1,TMEM150A,MMD,DOT1L,PER2,AUNIP,ACAA1,CHAD,PIDD1,MVP,EPS8L2,LAMB2,SULT2B1,CRACR2B,GSDMB,CHKA,PA2G4,VSIG10L,IMPA2,ASAH1,PLCD3,ZFP36,NAGLU,CLIP2,GPR108,LSM4,PGPEP1,WBP1,GLRX,ASS1,CBLN3,MTUS1,CARHSP1,SIAH2,AMPD3,TOMM40,CA11,TRIP10,TJP3,TMEM143,ALDH3A2,ALDH3B1,ACBD4,EPHX2,ACSF2,DLG4,ALDH2,TMEM107,UPK3A,LTC4S,MT-CO1,MT-CO2,MT-CO3,RNF215,RNF224,FAT1,ACHE,SPHK2,SLC7A5,SAMD1,FTL,INO80B,CORO2A,MT-CYB,ACP2,SMIM14,PBXIP1,DEPP1,SNRPD3,ACTN4,TRIB3,OSGIN1,ACY1,HSD17B1,MGAT1,VEGFA,NUDT8,PNPLA2,PRR15L,SCNN1A,MANSC1,GNB1L,CDK5RAP3,HMOX1,NFATC3,FOSL2,EHD1,HNRNPL,HNRNPF,ATG2A,SNAI1,NRSN2,AIFM3,ZNF367,TUBB4B,TLE3,RAB34,SNRPA,PLXNB2,PLXNB1,CCDC34,RFC2,NEMP1,RAB26,FTH1,CITED2,CHMP1B,PSD,PSMC3IP,C1RL,FAM83E,SAE1,SOWAHC,AXIN1,PPP2R5B,LIMK2,MT-ND4L,PGAP3,ABCB6,IL22RA1,WFIKKN1,LYPLA2,PTGR1,PIM1,FRMD8,SQSTM1,MLXIPL,MYCBPAP,GDPGP1,SLC25A5,PARD6B,ATP9A,CYB5B,SPATA20,RASSF4,SLC12A9,TMPO,PAQR7,STX1B,TECR,KIF12,KIF22,SLC43A1,FUOM,PALM,MAT1A,DOK4,FUT3,FUT6,PROC,PAOX,AURKB,UQCRHL,SERPINE1,CHST13,SIVA1,TRIP6,BATF2,SERPINB1,CCL20,NOTUM,CLSTN3,GPT2,MINDY1,PSD4,SLC37A4,NIPSNAP1,TRAF4,METTL27,SEMA3B,SEMA4G,TPCN1,MGAT4B,DAZAP1,GDF15,SMAD3,CKS1B,ABCC3,TOB1,BAX"
"DEG_HVL_CRC29","79","0.26600000000000001","GABPA","GABPA","272","1453","0.00692100000000000007","0.025999999999999999","1.1940000000000000","ReMap--ChIP-seq","DHDH,ORAI3,SLBP,HEXIM1,HEXIM2,BTBD19,SFXN3,CCDC9,AGRN,EFEMP2,CYSRT1,DGAT1,AMDHD2,NEK8,SDF2L1,SP6,VPS9D1,TRIM46,TRIM28,GIPR,RRAS,TNFSF13,PTK6,MT-ATP6,COX8A,TLCD1,NOXO1,PEX10,MT-ATP8,TACC3,DENND6B,LMNB2,LYL1,SYNGR3,PLEC,GALT,SLC3A2,POLD4,CD7,DQX1,ARMC7,PLK3,KIFC2,SLC17A9,SLC17A7,TMEM179B,MAMSTR,THOC6,OSBPL7,FANCG,TPP1,MCM7,SAPCD2,TULP2,ZNF747,WDR97,SLC35B2,HDAC10,BRICD5,ARRDC1,OBSL1,TMEM184A,KISS1R,EMC9,EME2,FPGS,OPLAH,STPG3,MUC1,HES4,MT-ND6,MT-ND4,MT-ND5,MT-ND1,SAMD11,HES7,EML2,RBCK1,GRIN3B,RNASEK,PROCA1,FSTL3,RECQL4,CARNS1,SLC25A45,SLC16A5,FSCN2,BCL2L12,NRARP,SH2D3C,BAIAP2,BAIAP3,TONSL,CCNL2,SLC34A3,MXRA8,PCSK4,HYAL1,TMEM150A,CRIP2,GLB1L,MEA1,PIDD1,BCL7C,LAMB2,INAFM1,ENO2,PIH1D1,RNF126,CRACR2B,PA2G4,TMEM198,PLCH2,GLI4,ZCWPW1,PLCD3,CHPF,ZFP36,NAGLU,STIP1,GPR108,LSM4,PTBP1,PGPEP1,ZNF513,WBP1,RHEBL1,TTLL10,JMJD6,CCDC88B,MYL6B,TRIP10,TMEM134,ELMO3,ACBD4,DLG4,TMEM107,PDE4A,MT-CO1,MT-CO2,MT-CO3,ATF4,CDCA3,CRABP2,CDCA5,RNF224,ARHGAP4,SPHK2,MED22,ZSWIM8,NUDT22,YPEL3,EXOC3L1,ZNF446,FTL,INO80B,CORO1B,MT-CYB,ITGB2,PBXIP1,TSPAN31,REC8,SNRPD2,CCDC78,TRIB3,ACY1,HSD17B1,PNPLA2,SCNN1D,CACNA1H,SYCE2,SHARPIN,NABP2,MXD3,TMEM223,GNG3,ANAPC11,PRELID1,EHD1,HNRNPL,HNRNPF,FNDC11,GPT,C1QTNF8,PLEKHN1,TUBB4B,ADM5,CLCF1,TM7SF2,FCGRT,RAB34,BRSK1,SLC26A1,CCDC24,HSPBP1,PLXNB2,REEP6,CNIH2,PIP5KL1,NEMP1,TBC1D10C,KAT8,PANO1,PSD,IZUMO1,RFNG,DCST2,NT5C,PSMC3IP,PTGES2,FAM83E,YBX2,AXIN1,TRPT1,PERM1,THBS3,MT-ND4L,KRTCAP2,ZNF276,AGAP2,RHBDL1,ABCA7,FERMT3,WFIKKN1,PIGQ,LETM2,LYPLA2,LRRC45,ROM1,TMC8,TMC6,IDUA,ZBTB26,FRMD8,ZNF512B,PPM1N,TSPAN4,SURF1,EXOSC4,CD72,HNRNPUL2,ISG15,SSH3,SSTR5,AURKB,MAPK12,MAPK11,SERPINE1,SF3A2,TM9SF1,INHA,DGKQ,WRAP53,AMH,TRAF4,SEMA3B,CDT1,BICDL2,NME3,RASIP1,GDF15,TEDC1,PDZD7,ALYREF,MAN2B1,CKS1B,MADCAM1,B4GALT7,USP16,PRRG2,USP20,BAX"
"DEG_HVL_CRC29","80","0.26939999999999997","CREM","CREM","271","1448","0.00708199999999999975","0.026300000000000000","1.1930000000000001","ReMap--ChIP-seq","DHDH,SCO2,DDIT4,ORAI3,ORAI2,HEXIM1,HEXIM2,BTBD19,NCAPH2,SFXN3,KCNC3,SHB,MMP25,DUSP1,PAFAH1B3,CCDC9,AGRN,EFEMP2,CYSRT1,DGAT1,PKMYT1,AMDHD2,TNFRSF14,NEK8,SDF2L1,E2F1,E2F2,TSPOAP1,ICAM1,GIPR,SYNGR2,TNFSF13,PTK6,NDUFAF3,TP73,MT-ATP6,TLCD2,TLCD1,PTMA,NOXO1,MT-ATP8,GRIN1,FGF11,TNFAIP2,LMNB1,LYL1,ATP6AP1,SYNGR3,PLEC,SLC3A2,POLD1,DQX1,PLK3,BTG2,CDKN1A,CDKN1B,ADAMTSL4,KIFC2,RCCD1,SLC17A7,PLP2,MAMSTR,THOC6,MCM7,EVI5L,SAPCD2,TULP2,ZNF747,MGME1,WDR97,BCOR,SLC35B2,TANGO2,TYMP,KISS1R,FPGS,ISYNA1,IQCN,MUC1,HES4,MT-ND6,MDC1,MT-ND4,MT-ND5,MT-ND1,HES7,EML2,C3,NAPSA,GRIN3B,RNASEK,PROCA1,FSTL3,HLA-DMA,CARNS1,SLC25A45,FSCN2,BCL2L12,NRARP,SH2D3A,SH2D3C,HSD17B14,TONSL,RCC1,SLC34A3,ENTPD8,PCBP1,DOT1L,GLB1L,CD164L2,PIDD1,BCL7C,CCDC194,MVP,INAFM1,VIM,ENO2,MYB,PIH1D1,RNF126,CRACR2B,GLI4,ZCWPW1,PLCD3,ZFP36,NAGLU,TMSB10,GPR108,LSM4,LSM2,PGPEP1,PATL2,MROH6,RNF26,NECAB3,SIAH2,CA11,TRIP10,TJP3,NRM,TMEM134,RELL2,ACBD4,DLG4,NAPRT,TMEM107,PDE4A,TMEM109,EGFL8,MT-CO1,SYNGAP1,MT-CO2,MT-CO3,ATF4,CDCA3,RNF224,ACHE,ARHGAP4,RMI2,SPHK2,ODC1,SAMD1,NUDT22,FTL,CORO1B,MT-CYB,SMIM14,PBXIP1,SNRPD2,CCDC78,TRIB3,EGR3,HSD17B1,VEGFA,HNRNPA2B1,PNPLA2,SYCE2,SHARPIN,GFY,BHLHE40,MXD3,TAPBP,ANAPC11,SNAI3,EHD1,HNRNPL,HNRNPF,FNDC11,NRSN2,TUBB4B,RAB3A,TM7SF2,RAB34,SLC26A1,CCDC12,PIP5KL1,NEMP1,DENND3,TRPM4,PYCR3,PANO1,PRX,PSD,IZUMO4,IZUMO1,TUBB,CBFA2T3,AMN1,FAM83E,CBX3,TRPT1,PERM1,THBS3,MT-ND4L,RHBDL1,ABCA7,GPR19,WFIKKN1,LYPLA2,ROM1,TMC8,TMC6,TMC4,FRMD8,SQSTM1,TRABD2A,SLC38A2,B3GALT4,ZNF512B,PPM1N,TSPAN4,ID3,KIF22,FUOM,CD72,CD70,DOK3,GEMIN7,ISG15,PHF13,PHF19,AURKB,TRIP6,TNFSF9,FCRLB,ADAM8,DNMT1,RNPEPL1,DUSP12,AMH,DALRD3,TRAF4,CFLAR,TPCN1,MGAT4B,SMIM1,CDT1,BICDL2,DNASE1L1,IFI6,RASIP1,RANBP1,GDF15,LY6G5C,PDZD7,SMAD3,ALYREF,CKS1B,MADCAM1,OPRL1,BAX"
"DEG_HVL_CRC29","81","0.27270000000000000","CREB1","CREB1","271","1454","0.00856900000000000023","0.031399999999999997","1.1870000000000001","ReMap--ChIP-seq","DHDH,SCO2,DDIT4,ORAI3,HEXIM1,HEXIM2,BTBD19,NCAPH2,SFXN3,KCNC3,MMP25,DUSP1,PAFAH1B3,CCDC9,AGRN,EFEMP2,CYSRT1,DGAT1,PKMYT1,AMDHD2,NEK8,SDF2L1,VPS9D1,TRIM46,E2F2,ICAM1,TRIM28,GIPR,SYNGR2,RRAS,APOE,NDUFAF3,PTMS,MT-ATP6,TLCD1,PTMA,PCNA,NOXO1,MT-ATP8,FGF11,LMNB2,ATP6AP1,SYNGR3,ELF3,PLEC,GALT,SLC3A2,DQX1,PRKCG,PLK3,MEX3A,TK1,KIFC2,ANGPTL4,SLC17A7,TMEM179B,MAMSTR,THOC6,FANCG,MCM7,SAPCD2,CEBPB,ZNF747,WDR97,APOC1,SLC35B2,ZNF846,BRICD5,TMEM184A,TYMP,KISS1R,EMC9,EME2,OPLAH,STPG3,IQCN,HES4,MT-ND6,MT-ND4,MT-ND5,MT-ND1,SAMD11,HES7,RBCK1,C3,NAPSA,GRIN3B,SIRT4,SLC29A1,RNASEK,PROCA1,RECQL4,STAT6,SLC25A45,LAG3,FSCN2,BCL2L12,SOCS3,SLC25A19,LRP1,TONSL,RCC1,CCNL2,SLC34A3,MXRA8,CTXN1,PCBP1,FKBP10,PCSK4,HYAL1,TMEM150A,GLB1L,HOMEZ,AJM1,PIDD1,BCL7C,MVP,CCDC183,INAFM1,ENO2,PIH1D1,CRACR2B,PA2G4,TMEM198,PFAS,VSIG10L,GLI4,ZCWPW1,PLCD3,CHPF,ZFP36,NAGLU,GPR108,LSM4,PGPEP1,WBP1,RNF26,JMJD6,MYL6B,ANKRD9,AMPD3,B3GNT9,CA11,TRIP10,TMEM143,TMEM134,ELMO3,ACBD4,DLG4,TMEM107,PDE4A,LTC4S,MT-CO1,MT-CO2,MT-CO3,ATF4,CDCA3,CDCA5,RNF224,SPHK2,SAMD1,NUDT22,YPEL3,EXOC3L1,FTL,INO80B,CORO1B,MT-CYB,PBXIP1,TSPAN31,SNRPD2,CCDC78,ACTN4,TRIB3,ACY1,HSD17B1,NUDT8,PNPLA2,SYCE2,SHARPIN,TMEM230,TMEM234,BHLHE40,TMEM223,ANAPC11,HNRNPL,HNRNPF,NRSN2,GPT,PLEKHN1,GRN,TUBB4B,HID1,TM7SF2,FCGRT,RAB34,REEP6,CNIH2,PIP5KL1,NEMP1,FTH1,KAT8,TRPM4,PANO1,PRX,PSD,IZUMO1,RFNG,PSMC3IP,SLC22A31,FAM83E,SAE1,YBX2,TRPT1,PFDN2,PERM1,CDK2AP2,MT-ND4L,KRTCAP2,ZNF276,ABCB6,AGAP2,RHBDL1,ABCA7,WFIKKN1,LYPLA2,LRRC45,ROM1,FRMD8,SQSTM1,KANK3,SLC38A2,ZNF512B,PPM1N,IFI35,TMPO,TSPAN4,ID3,KIF22,EXOSC4,CD74,ISG15,PHF13,AURKB,S100P,SERPINE1,ACD,TRIP6,TM9SF1,NOTUM,RNPEPL1,TRAF2,DALRD3,TRAF4,SEMA3B,IMPDH2,MGAT4B,CDT1,DAZAP1,BICDL2,NME3,DNASE1L1,RASIP1,GDF15,PDZD7,ALYREF,ARHGAP33,CKS1B,MADCAM1,ZNF184,BAX"
"DEG_HVL_CRC29","82","0.27610000000000001","IRF1","IRF1","270","1449","0.00876599999999999949","0.031800000000000002","1.1870000000000001","ReMap--ChIP-seq","SCO2,DDIT4,OPTN,HEXIM1,HEXIM2,JAG1,NCAPH2,SFXN3,DUSP5,DUSP1,CCDC9,AGRN,EFEMP2,CYSRT1,MAP3K8,KMT5A,NEK8,SDF2L1,KCNK6,TRIM38,ICAM2,MT2A,SDC4,GIPR,PTK6,CPLANE2,FBXL5,MT-ATP6,CACYBP,TLCD1,PTMA,NOXO1,MT-ATP8,PLAU,PLD1,UVSSA,TNFAIP2,SYNGR3,PLEC,SLC3A2,POLD4,CD7,ALCAM,ZSCAN31,DEPDC1B,CDKN1B,COPZ2,SLC17A7,APOL1,APOL2,IL10RA,PLP2,TMEM179B,THOC6,MCM7,MACC1,IFITM2,IFIT1,IFIT3,IFIT2,NIPAL3,EDN1,PARP9,AMIGO2,TYMP,KISS1R,EMC9,ATP1B1,OASL,IQCN,HES4,MT-ND6,MDC1,MT-ND4,MT-ND5,LIPA,EML2,RBCK1,C3,ELOVL5,PROCA1,STAT2,HNMT,SLC25A45,SLC16A5,FSCN2,BCL2L12,SOCS3,SH2D3A,FOXL1,TONSL,UBE2L6,SLC34A3,GCDH,PCBP1,HYAL1,DHX15,TMEM150A,GLB1L,PIDD1,BCL7C,CFAP45,MVP,MX1,PROB1,EHF,ENO1,PIH1D1,CRACR2B,ZNFX1,PLCD3,ZFP36,NAGLU,TMSB10,GPR108,LSM4,LSM2,PATL2,WBP1,GLRX,JMJD6,CLIC4,TOMM40,CA11,TRIP10,TMEM134,TMEM139,ALDH3B1,ACBD4,DLG4,TGFBI,CXCL2,MT-CO1,MT-CO2,MT-CO3,RNF213,RNF224,RMI2,SPHK2,NUDT22,FTL,CD274,INO80B,CORO1B,MT-CYB,ITGB4,ITGB2,ACP2,ITGA3,PBXIP1,DEPP1,REC8,SNRPD2,ACTN4,TRIB3,TRIB1,HSD17B1,MGAT1,OSM,VEGFA,HNRNPA2B1,PNPLA2,SCNN1A,SYCE2,HOOK2,BHLHE40,NABP1,MXD3,TMEM223,ADGRF1,CUEDC1,GNG3,MKNK1,ANAPC11,PRELID1,FOSL2,EHD1,HNRNPF,ATG2A,FNDC11,NRSN2,GRAMD2B,CLCF1,RAB3A,TM7SF2,FCGRT,TLE3,RAB34,TCIRG1,PKM,CATSPERG,NEMP1,FTH1,KAT8,TRPM4,PANO1,PRX,PSD,IZUMO1,TUBB,AMN1,KIAA0513,PTGES3,ITPRIP,FAM83E,CBX3,PPP2R5B,TRPT1,PFDN2,PERM1,LIMK2,MT-ND4L,PGAP3,RHBDL1,ABCA7,FERMT3,VSIR,MYOF,ROM1,TMC8,MRPL48,TMC6,PIM1,FRMD8,SQSTM1,TRABD2A,SLC38A2,GDPGP1,PPM1N,PARD6B,CYB5B,IFI35,RASSF4,SLC12A6,RSAD2,TSPAN4,ID3,CD55,HNRNPUL2,ISG15,PHF13,SERPINE1,PRR11,SKA2,S100A13,PRR29,MTHFR,SERPINB1,ANXA3,PSAP,CDK2,RNPEPL1,SLC37A4,TRAF4,UNC93B1,CFLAR,TPCN1,MGAT4B,CDT1,BTN3A3,IFI6,RASIP1,GDF15,TEDC1,PDZD7,SMAD3,ALYREF,CKS1B,TOB1,BAX"
"DEG_HVL_CRC29","83","0.27950000000000003","STAT3","STAT3","270","1454","0.01022999999999999951","0.036600000000000001","1.1819999999999999","ReMap--ChIP-seq","DHDH,SCO2,DDIT4,ORAI2,SLBP,HEXIM1,HEXIM2,BTBD19,NCAPH2,FXYD3,JAK3,DUSP1,PAFAH1B3,CCDC9,EFEMP2,CYSRT1,MAP3K8,NEK8,NOXA1,KCNK6,TRIM46,TSPOAP1,ICAM1,MT2A,TRIM28,MT1F,SDC4,SYNGR2,RRAS,TNFSF13,PTK6,FBXL5,TLCD1,PTMA,NOXO1,TACC3,TGM1,PLD1,FGF11,LMNB2,LYL1,SYNGR3,PLEC,SLC3A2,POLD4,POLD1,CD7,ALCAM,VPS18,PLK3,BTG2,CDKN1A,CDKN1B,ADAMTSL4,COPZ2,MOCOS,PLP2,THOC6,FKBP5,BCL6,SAPCD2,TULP2,WDR97,SLC35B2,BRICD5,TYMP,KISS1R,GRHL3,FPGS,ISYNA1,OPLAH,STPG3,IQCN,MUC1,HES7,EML2,C3,NAPSA,GRIN3B,RIPK4,SIRT4,PROCA1,CARNS1,SLC25A45,FSCN2,BCL2L12,SOCS3,NRARP,SH2D3A,SH2D3C,PPP1R15B,TONSL,SLC34A3,PCBP1,FKBP10,PCSK4,DOT1L,PER2,GLB1L,NDRG1,PIDD1,SFR1,CFAP45,CDHR2,MVP,MARVELD1,INAFM1,ENO1,ENO2,PIH1D1,CRACR2B,PA2G4,ZCWPW1,PLCD3,ZFP36,TMSB10,GPR108,PTBP1,ZNF513,WBP1,GLRX,MROH6,PNRC1,ZNF608,CCDC88B,AMPD3,CA11,TRIP10,TMEM145,TMEM134,ELMO3,ACBD4,NFKBIA,DLG4,TGFBI,CXCL2,KYNU,NAPRT,TMEM107,PDE4A,KRT80,EXD3,RNF213,RNF224,ARHGAP4,SPHK2,ODC1,NUDT22,EXOC3L1,FTL,CD274,INO80B,CORO1B,FUZ,ITGB4,ITGB2,ITGA3,PBXIP1,TSPAN31,REC8,CCDC78,TRIB3,TRIB1,XDH,NUDT8,PNPLA2,SCNN1A,SYCE2,SHARPIN,BHLHE40,NABP1,TCF3,GNG3,ZNF395,FOSL2,EHD1,FNDC11,NRSN2,DHRS1,TUBB4B,ADM5,CLCF1,RAB3A,TM7SF2,LTB4R2,RAB34,HSPBP1,REEP6,PIP5KL1,PKM,CATSPERG,DENND3,NECTIN4,FTH1,TBC1D10C,KAT8,KRT7,C2CD4A,RALGDS,PANO1,CITED2,PSD,IZUMO4,CBFA2T3,DCST2,PTGES2,ITPRIP,FAM83E,YBX2,TRPT1,THBS3,CDK2AP2,KRTCAP2,AGAP2,RHBDL1,ABCA7,FERMT3,WFIKKN1,MYOF,ROM1,TMC8,TMC6,S100A2,FRMD8,S100A5,S100A4,S100A3,S100A9,SQSTM1,TRABD2A,SLC38A2,ZNF512B,PPM1N,TSPAN4,ID3,ARMC12,TECR,KIF22,KIF2C,CD44,SLC43A3,EXOSC4,CD55,CD70,CD82,SSH3,PHF19,AURKB,SERPINE1,HOXA1,FCRLB,SERPINB1,TM9SF1,ADAM8,DNMT1,NATD1,DUSP12,TRAF1,TRAF4,CFLAR,MGAT4B,TNS4,PTGES,CDT1,BICDL2,GDF15,SMAD3,CKS1B,STN1,BAX"
"DEG_HVL_CRC29","84","0.28280000000000000","CEBPZ","CEBPZ","268","1443","0.01038999999999999993","0.036700000000000003","1.1819999999999999","ReMap--ChIP-seq","ALKBH6,HEXIM1,HEXIM2,JAK3,TOMM40L,RIF1,GOLIM4,CYSRT1,TOM1,BLM,SDF2L1,SP2,LENG9,LENG8,E2F1,TSPOAP1,ICAM1,GOLPH3L,BTD,APOE,TNFSF13,GRIK5,MT-ATP6,SYP,TLCD2,PTMA,NOXO1,MT-ATP8,IFT27,SUN2,ATP6AP1,SLC3A2,POLD2,MSANTD4,COPZ2,CIT,ANGPTL4,PCYOX1L,TMEM179B,PODNL1,TOM1L2,ORC3,FANCG,DRC3,ZNF773,MCM7,EVI5L,CKAP2L,MCM3,MCM5,WDR97,HDAC11,NIPAL3,BRICD5,TANGO2,ZNF823,TPX2,UBXN6,EMC9,ROGDI,EME2,DIAPH3,BRD3OS,STPG3,PDXP,MT-ND6,MT-ND4,MT-ND5,MT-ND1,C3,HMGXB4,ACTL6A,SUMF1,FH,ZNF695,FAM228B,SLC25A41,SLC25A42,FSCN2,TROAP,ACAT2,BCL2L12,BCL2L15,MDM1,NXT1,SLC25A19,RNFT2,BAIAP3,RCC1,CCNL2,SLC34A3,CRIP2,GLB1L,ACAA1,CCDC159,HOMEZ,KLHL24,ANKHD1,AJM1,ARMH1,RBM14,RBM15,SFPQ,MED8,PA2G4,TMEM160,GPR155,RFWD3,PLCD3,ZFP36,ZNF564,ZNF554,STIP1,GPR108,SNRPA1,WBP1,MROH1,SNRPB2,BBS12,TOMM40,TRIP10,TMEM134,ACBD4,TMEM107,PDE4A,EGFL8,SPG7,PDE6D,POLM,LCA5,MT-CO1,MT-CO2,MT-CO3,ATF4,CDCA3,CDCA5,TPRG1L,RNF224,ZNF493,INCENP,NUDT21,CENPK,EXOC3L1,ZNF446,CDC25A,INO80B,MED30,MT-CYB,PBXIP1,HNRNPA1,HNRNPAB,REC8,CDC20,SNRPD2,ALDH6A1,PAK1IP1,PRR15L,SHARPIN,TCF3,MXD1,MXD4,PHTF2,TMEM223,GNG3,EPOR,HNRNPR,CDK5RAP3,ANAPC11,HNRNPL,GNPTG,CEP85,HNRNPC,ZNF367,TCP1,GRN,TUBB4B,ADM5,RAB3A,TM7SF2,FCGRT,SLC39A3,TLE6,RAB36,SNRPA,CCDC15,CNIH2,TCIRG1,HMGCS1,BPGM,HAUS5,MTFR2,NEMP1,CEP152,IFI27L1,PCLAF,TOP2A,HIP1,NT5C,CYP2W1,FAM161A,KLHDC10,CBX5,YBX1,CDK2AP2,MT-ND4L,DDX39A,ABCB6,GRPEL2,ABCA7,TMC4,PGAM5,ZNF211,KANK3,LRRC56,GGCT,NDUFA7,CTNS,CCNF,XRCC4,XRCC3,RASSF7,SPTLC2,KIF22,KIF2C,DERL3,EXOSC4,CD74,SPC24,DCLRE1B,KHSRP,HNRNPUL1,HNRNPUL2,GEMIN7,ZNF165,PASK,PRR11,ASF1B,SKA2,SIVA1,HBP1,TCF19,ZNF101,PUS10,DNMT1,CDK2,TRAF2,METTL25,DCAF15,SPAG8,TPCN1,LMAN2L,INPP5B,ANP32E,NME3,RAD51C,TNXB,DZANK1,RAD54L,RANBP1,KCTD9,TEDC1,CASKIN1,ALYREF,ARHGAP33,TP53I3,CKS1B,LMNTD2,B4GALT7"
"DEG_HVL_CRC29","85","0.28620000000000001","KDM5B","KDM5B","269","1452","0.01146999999999999929","0.040099999999999997","1.1779999999999999","ReMap--ChIP-seq","SCX,SCO2,DDIT4,ORAI3,SLBP,SHMT2,TEX22,HEXIM1,HEXIM2,NCAPH2,SFXN3,MMP25,PAFAH1B3,CCDC9,AGRN,EFEMP2,CYSRT1,DGAT1,PKMYT1,AMDHD2,NEK8,SDF2L1,NOXA1,VPS9D1,TRIM46,ICAM1,TRIM28,SYNGR2,PTK6,TLCD1,PTMA,NOXO1,PEX10,GRIN1,TACC3,DENND6B,UVSSA,TNFAIP2,LMNB2,LYL1,SYNGR3,PLEC,POLD4,CD7,MEX3A,KIFC2,AP5Z1,THOC6,BCL6,SAPCD2,CEBPB,WDR97,BCOR,SLC35B2,HDAC10,BRICD5,ARRDC1,HELZ2,TMEM184A,TYMP,KISS1R,EME2,ISYNA1,OPLAH,STPG3,IQCN,MUC1,HES4,SAMD11,HES7,GRIN3B,PROCA1,FSTL3,RECQL4,CARNS1,HR,SLC25A45,FSCN2,BCL2L12,SOCS3,NRARP,BAIAP2,BAIAP3,SPON2,TONSL,CCNL2,SLC34A3,ENTPD8,MXRA8,CTXN1,PCSK4,DOT1L,CRIP2,AJM1,PIDD1,MVP,EPS8L2,CCDC183,ENO2,RNF126,CRACR2B,TMEM198,GLI4,PLCD3,GPR146,CHPF,ZFP36,GPR108,NES,PTBP1,WBP1,IRX2,IRX5,RNF26,TTLL10,GNG13,CCDC88B,CLIC3,B3GNT9,CA11,KRT19,KRT15,TRIP10,TMEM134,ELMO3,ALDH3B1,ACBD4,DLG4,TMEM107,PDE4A,KRT80,LTC4S,ATF4,EXD3,CRABP2,RNF224,ACHE,HOXC10,SPHK2,MED22,ZNF469,SAMD1,NUDT22,YPEL3,EXOC3L1,INO80B,DLX2,CORO1B,ITGB2,PBXIP1,TSPAN31,CCDC78,TRIB3,CCDC9B,ACY1,IL11,NUDT8,PNPLA2,SCNN1D,SHARPIN,RHPN1,UBE2S,BHLHE40,ANAPC11,SNAI3,FOSL2,EHD1,HNRNPL,FNDC11,NRSN2,YJEFN3,GPT,PLEKHN1,TUBB4B,CLCF1,TM7SF2,RAB34,SLC26A1,PLXNA3,PLXNB2,REEP6,CNIH2,TCIRG1,PIP5KL1,NEMP1,RAB26,TBC1D10C,KAT8,KRT7,TRPM4,PANO1,COL18A1,PSD,RFNG,DCST2,CYP2W1,HOXA11,FAM83E,CBX2,TRPT1,PERM1,CDK2AP2,KRTCAP2,MYL5,DDX39A,ZNF276,AGAP2,RHBDL1,ABCA7,FERMT3,WFIKKN1,PIGQ,LRRC45,ROM1,TMC8,TMC6,IDUA,FRMD8,SQSTM1,ZNF512B,ZBTB46,PPM1N,TSPAN4,SURF1,RBBP8NL,KIF22,EXOSC4,IL17C,GEMIN7,RASGRP2,ISG15,SSH3,MAPK12,MAPK11,SERPINE1,HOXB9,HOXC8,SLC19A1,SIVA1,TRIP6,PAXX,SF3A2,NOTUM,DGKQ,ADAM8,AMH,TRAF2,TRAF4,UNC93B1,SEMA3B,LAGE3,ADRM1,AHNAK2,MGAT4B,LCN12,CDT1,DAZAP1,BICDL2,NME3,DNASE1L1,RANBP1,TEDC1,TEDC2,CASKIN1,PDZD7,ALYREF,CHTF18,CKS1B,OPRL1"
"DEG_HVL_CRC29","86","0.28960000000000002","YY1","YY1","269","1454","0.01217999999999999985","0.042099999999999999","1.1759999999999999","ReMap--ChIP-seq","DHDH,SCO2,DDIT4,ORAI3,SET,HEXIM1,HEXIM2,BTBD19,NCAPH2,SFXN3,KCNC3,DUSP4,DUSP1,TOMM40L,CCDC9,AGRN,FADS2,EFEMP2,CYSRT1,PKMYT1,AMDHD2,TNFRSF14,NEK8,SDF2L1,VPS9D1,E2F1,TRIM46,TSPOAP1,TRIM28,SYNGR2,TNFSF13,NDUFAF3,PTMS,MT-ATP6,TLCD2,TLCD1,PTMA,NOXO1,MT-ATP8,FGF11,LMNB2,LYL1,SYNGR3,PLEC,GALT,SLC3A2,DQX1,PLK3,MEX3A,BTG2,CDKN1B,ADAMTSL4,TK1,KIFC2,SLC17A7,CDKN2D,CDKN2C,TMEM179B,THOC6,BCL6,MCM7,SAPCD2,CEBPB,TULP2,ZNF747,WDR97,BCOR,SLC35B2,BRICD5,VWA7,TYMP,KISS1R,EMC9,EME2,ISYNA1,STPG3,IQCN,MUC1,HES4,MT-ND6,MDC1,MT-ND4,MT-ND5,MT-ND1,HES7,EML2,C3,MLLT11,GRIN3B,SLC29A1,RNASEK,PROCA1,RECQL4,HLA-DMA,CARNS1,LAG3,FSCN2,BCL2L12,SOCS3,NRARP,SH2D3A,TONSL,CCNL2,SLC34A3,CTXN1,PCBP1,TNFRSF13C,HYAL1,DOT1L,CRIP2,HOMEZ,AJM1,PIDD1,BCL7C,MVP,CCDC183,PROB1,ENO2,PIH1D1,CRACR2B,PA2G4,PFAS,PLCD3,ZFP36,NAGLU,GPR108,LSM4,LSM2,PATL2,WBP1,MROH6,RNF26,JMJD6,NECAB3,FAF1,MYL6B,AMPD3,CA11,TRIP10,NRM,TMEM134,ELMO3,ACBD4,DLG4,NAPRT,TMEM107,PDE4A,RNF207,EGFL8,MT-CO1,SYNGAP1,MT-CO2,MT-CO3,ATF4,CDCA3,CRABP2,CDCA5,RNF224,ACHE,SPHK2,SAMD1,NUDT22,YPEL3,EXOC3L1,FTL,INO80B,CORO1B,MT-CYB,PBXIP1,DEPP1,CCDC78,ACTN4,TRIB3,TRIB1,ACY1,HSD17B1,PNPLA2,SHARPIN,TMEM234,BHLHE40,TMEM223,TAPBP,GNG3,EPOR,ANAPC11,EHD1,HNRNPL,HNRNPF,NRSN2,GPT,PLEKHN1,GRN,TUBB4B,ADM5,CLCF1,TM7SF2,FCGRT,TLE3,RAB34,PLXNB2,CNIH2,PIP5KL1,NEMP1,TBC1D10C,KAT8,PANO1,PRX,PSD,TUBB,RFNG,NT5C,FAM83E,CBX2,YBX2,TRPT1,PERM1,THBS3,MT-ND4L,KRTCAP2,ZNF276,AGAP2,RHBDL1,ABCA7,FERMT3,GPR19,LETM2,LYPLA2,LRRC45,ROM1,TMC8,TMC6,COL11A2,FRMD8,SQSTM1,SLC38A2,B3GALT4,ZNF512B,PPM1N,TSPAN4,ID3,KIF22,FUOM,EXOSC4,CD72,DOK3,FDPS,ISG15,PHF13,PAOX,AURKB,HOXB9,HOXC8,TRIP6,SF3A2,AMH,DALRD3,TRAF4,SEMA3B,MGAT4B,CDT1,FEN1,TUBG2,DNASE1L1,TEDC1,PDZD7,SMAD3,ALYREF,CKS1B,BAX"
"DEG_HVL_CRC29","87","0.29289999999999999","ETV4","ETV4","268","1451","0.01322000000000000085","0.045100000000000001","1.1739999999999999","ReMap--ChIP-seq","DHDH,SCO2,DDIT4,ORAI3,SLBP,SHMT2,HEXIM1,HEXIM2,BTBD19,JAG1,SFXN3,MMP25,DUSP1,DUSP9,TOMM40L,ATAD2,AGRN,EFEMP2,CYSRT1,MAP3K8,VMAC,PKMYT1,TNFRSF14,NEK8,TRIM28,SDC4,TGFA,NEU1,APOE,PCK1,PCK2,MT-ATP6,ZHX2,TLCD2,TLCD1,PCNA,NOXO1,ORMDL3,MT-ATP8,TACC3,PLD1,GRK5,FGF17,TNFAIP2,LMNB2,SYNGR3,ACOX1,SLC3A2,CD7,SARDH,PRKCG,ARMC7,PLK3,CDKN1A,PLIN2,SLC17A9,SLC17A7,THOC6,AKIRIN1,MCM7,MGME1,APOC1,SLC35B2,HDAC11,OBSL1,TPX2,TYMP,KISS1R,EMC9,COMT,STPG3,IQCN,MT-ND6,MDC1,MT-ND4,MT-ND5,MT-ND1,HES7,HSPG2,RBCK1,C3,LYZ,SLC29A1,PROCA1,RECQL4,HLA-DMA,STAT6,SLC16A5,FBLIM1,LRP1,RCC1,CCNL2,SLC34A3,MXRA8,PCBP1,HYAL1,TMEM150A,MMD,CCDC117,NPM2,FOXA2,ACAA1,AJM1,PIDD1,ARMH1,HS3ST3B1,CCDC183,ENO1,ENO2,PIH1D1,CRACR2B,GSDMB,CHKA,PA2G4,TMEM198,PFAS,VSIG10L,PLCD3,CHPF,YEATS4,ZFP36,NAGLU,CLIP2,GPR108,LSM4,LSM2,PTBP1,PGPEP1,WBP1,GLRX,SOX9,MTUS1,JMJD6,CARHSP1,MYL6B,AMPD3,TOMM40,TRIP10,NRM,TMEM134,ALDH3B1,ACBD4,DLG4,TMEM107,UPK3A,TRNP1,MT-CO1,SYNGAP1,MT-CO2,MT-CO3,ATF4,CRABP2,RNF224,PRXL2B,ARHGAP4,MED22,ODC1,NUDT22,YPEL3,FTL,INO80B,CORO1B,MT-CYB,ACP2,PBXIP1,DEPP1,REC8,ACTN4,TRIB3,TRIB1,SMARCA1,ACY1,HSD17B1,IL32,VEGFA,CAPS,PNPLA2,LOXL4,PRR15L,BHLHE40,EPOP,EPOR,ANAPC11,LDHA,HMOX1,EHD1,HNRNPF,GPT,C1QTNF8,ZNF367,TUBB4B,DHRS2,TM7SF2,FCGRT,RAB34,PLXNB2,TCIRG1,RFC2,RAB26,CALML6,FTH1,KAT8,PANO1,PSD,TUBB,RFNG,PTGES2,CBX2,SAE1,AXIN1,TRPT1,MT-ND4L,PGAP3,VPREB3,ABCB6,RHBDL1,FERMT3,WFIKKN1,PIGQ,LYPLA2,LRRC45,TMC8,TMC6,LRRC56,SLC38A2,ZNF512B,PPM1N,IFI35,RASSF4,STX1B,SURF1,RASSF7,KIF12,BRCA1,SLC43A3,ATAD3C,SSTR5,AURKB,S100P,SERPINE1,SERPINF2,SERPINB1,CCL20,NDE1,NOTUM,INHA,MINDY1,RNPEPL1,PSD4,SLC37A4,TRAF4,SEMA3B,SMIM1,BICDL2,IL17RB,DNASE1L1,GDF15,TEDC1,PDZD7,SMAD3,ALYREF,CKS1B,MADCAM1,ABCC3,LMNTD2,OPRL1,TOB1,BAX"
"DEG_HVL_CRC29","88","0.29630000000000001","NFE2","NFE2","267","1454","0.01704999999999999918","0.057500000000000002","1.1659999999999999","ReMap--ChIP-seq","HEMK1,DHDH,SCO2,DDIT4,ORAI3,HEXIM1,HEXIM2,BTBD19,NCAPH2,DUSP1,PAFAH1B3,RAPGEF3,CCDC9,FADS3,EFEMP2,CYSRT1,MAP3K8,AMDHD2,NEK8,SDF2L1,C1S,E2F1,TSPOAP1,ICAM1,TRIM28,APOE,NDUFAF3,MT-ATP6,TLCD1,PTMA,NOXO1,PCNT,MT-ATP8,PLD1,NUP153,IGF2R,LYL1,PLEC,GALT,SLC3A2,POLD4,DQX1,ZSCAN31,PLK3,MEX3A,BTG2,TK2,COPZ2,KIFC2,RCCD1,CDKN2D,PLP2,THOC6,FKBP5,FANCG,MCM7,SAPCD2,CEBPB,TULP2,WDR97,APOC1,SLC35B2,ZNF843,SLC22A4,TYMP,KISS1R,ISYNA1,ALOX12,STPG3,IQCN,MT-ND6,MT-ND4,MT-ND5,MT-ND1,HES7,RBCK1,MLLT11,GRIN3B,UCK2,SLC29A1,RNASEK,CARNS1,CASTOR1,SLC25A45,NRARP,SH2D3A,SH2D3C,TONSL,SLC34A3,GCDH,PCBP1,HYAL1,DOT1L,ALDH4A1,GLB1L,CCDC159,PIDD1,CFAP45,INAFM1,ENO1,PIH1D1,CRACR2B,PA2G4,TMEM198,ZCWPW1,PLCD3,CHPF,ZFP36,NAGLU,TMSB10,LSM4,PTBP1,PGPEP1,GLRX,RNF24,JMJD6,NECAB3,CCDC88B,CORO6,AMPD3,FAM20B,TOMM40,SLC20A1,CA11,TRIP10,ATP6V1A,ACBD4,DLG4,TMEM107,PDE4A,LTC4S,MT-CO1,MT-CO2,MT-CO3,CDCA3,RNF215,RNF224,SPHK2,NUDT22,YPEL3,EXOC3L1,FTL,CORO1C,MT-CYB,ADORA2B,PBXIP1,HNRNPA1,MYO1F,CCDC78,ACTN4,TRIB3,CCDC9B,LPAR5,DHRS13,PDIK1L,OSM,VEGFA,PNPLA2,SYCE2,SHARPIN,HOOK2,BHLHE40,MXD3,ANAPC11,NFATC3,EHD1,HNRNPL,TCN2,ATG2A,SNAI1,NRSN2,KAT2B,GRN,TUBB4B,CLCF1,RAB3A,TM7SF2,CCDC24,CCDC12,PIP5KL1,CHPF2,PKM,NEMP1,FTH1,TBC1D10C,KAT8,SPTBN4,RALGDS,PANO1,PRX,CBFA2T3,DCST2,AMN1,PTGES2,LMO2,FAM83E,CBX5,YBX2,PPP2R5B,TRPT1,MT-ND4L,DDX39A,ABCB6,AGAP2,RHBDL1,FERMT3,WFIKKN1,VSIR,LYPLA2,ROM1,TMC8,TMC6,PIM1,FRMD8,S100A5,S100A4,S100A3,S100A9,SQSTM1,TRABD2A,PPM1N,RSAD2,TSPAN4,CTSD,EXOSC4,CD82,DOK3,SLC1A5,PROC,PHF13,MAST3,ZP3,AURKB,DAPK1,HOXB9,TNFSF9,FCRLB,NOTUM,ABHD11,STK32C,ADAM8,PSAP,RNPEPL1,DUSP12,AMH,DALRD3,TRAF4,LAGE3,CFLAR,MGAT4B,LCN15,CDT1,BICDL2,PPCDC,TUBG2,TUBG1,DNASE1L1,GDF15,SMAD3,ALYREF,MAVS,CKS1B,KLF10,ABCC4,KLF11,USP20,BAX"
"DEG_HVL_CRC29","89","0.29970000000000002","SIX5","SIX5","266","1449","0.01743000000000000105","0.058200000000000002","1.1650000000000000","ReMap--ChIP-seq","DHDH,SCO2,DDIT4,ORAI3,SHMT2,HEXIM1,HEXIM2,DUSP1,PAFAH1B3,STX4,CCDC9,FADS2,EFEMP2,CYSRT1,DGAT1,TSNAXIP1,NEK8,KCNK6,VPS9D1,TRIM46,TSPOAP1,TRIM28,RRAS,TNFSF13,NDUFAF3,MT-ATP6,SYP,TLCD2,TLCD1,PTMA,NOXO1,MT-ATP8,FGF11,TNFAIP2,LMNB2,SYNGR3,PLEC,SLC3A2,POLD4,POLD1,DQX1,PRKCG,MEX3A,KIFC2,SLC17A7,PHF5A,PLP2,TMEM179B,MAMSTR,THOC6,ZNF790,FANCG,ZNF773,MCM7,ESPL1,TULP2,ZNF747,WDR97,BRICD5,TMEM184A,AMIGO2,TYMP,STPG3,MUC1,MT-ND6,MDC1,MT-ND4,MT-ND5,MT-ND1,HES6,C3,NAPSA,LRSAM1,SIRT4,RNASEK,PROCA1,RECQL4,FAM228B,SLC25A45,FSCN2,BCL2L12,SOCS3,NRARP,SH2D3A,SLC25A19,HSD17B14,TONSL,RCC1,CCNL2,SLC34A3,HYAL1,TMEM150A,GLB1L,ZFHX2,AJM1,PIDD1,BCL7C,RCN3,MVP,PIH1D1,SULT2B1,CRACR2B,PA2G4,GLI4,ZCWPW1,PLCD3,ZFP36,NAGLU,ZNF552,GPR108,PTBP1,ZNF513,WBP1,MROH6,RHEBL1,JMJD6,MYL6B,CA11,TRIP10,TMEM143,TMEM145,DNAJC30,ALDH3B1,ACBD4,DNAJC12,DLG4,NAPRT,TMEM107,TMEM109,PDE6D,MT-CO1,MT-CO2,MT-CO3,ATF4,CDCA3,CDCA5,CDCA8,RNF213,RNF224,SPHK2,SLC7A5,ZNF473,ZSWIM8,NUDT22,YPEL3,ZNF446,FTL,INO80B,FUZ,MT-CYB,ACP2,PBXIP1,SNRPD2,CCDC78,ACTN4,THTPA,IL11,HSD17B1,HNRNPA2B1,PNPLA2,SYCE2,SHARPIN,GFY,BHLHE40,TMEM223,TAPBP,GNG3,ANAPC11,EHD1,HNRNPL,ATG2A,GPT,ZNF345,TUBB4B,ADM5,CLCF1,TM7SF2,FCGRT,RAB34,TCTA,BRSK1,HSPBP1,CNIH2,TCIRG1,PIP5KL1,CATSPERG,RAB26,FTH1,KAT8,KRT7,TRPM4,PYCR3,PANO1,PSD,IZUMO1,TUBB,RFNG,DCST2,PSMC3IP,FAM83E,CBX3,PPP2R5B,TRPT1,PFDN2,THBS3,MT-ND4L,KRTCAP2,ZNF276,ABCB6,RHBDL1,LRRC45,ROM1,TMC4,ZNF224,ZNF222,ZNF211,FRMD8,B3GALT4,ZNF512B,PPM1N,PPM1G,IFI35,TSPAN4,RASSF7,TMPRSS9,EXOSC4,CD74,OSCAR,HNRNPUL2,GEMIN7,FUT2,AURKB,NPHS1,HOXB9,S100A13,TM9SF1,IGFBP4,WRAP53,RNPEPL1,TRAF2,DALRD3,UNC93B1,CACNG8,TNS4,SLC6A16,CDT1,DAZAP1,FEN1,RASIP1,LY6G5C,APLP1,TEDC1,CASKIN1,ALYREF,ARHGAP33,TP53I3,MAN2B1,CKS1B,MADCAM1,MAN2C1,ABCC3,LMNTD2,B4GALT7,PRRG2,USP20,BAX"
"DEG_HVL_CRC29","90","0.30299999999999999","BACH1","BACH1","266","1452","0.01897000000000000075","0.061899999999999997","1.1619999999999999","ReMap--ChIP-seq","DHDH,SCO2,DDIT4,SLBP,HEXIM1,HEXIM2,BTBD19,DUSP4,RAPGEF3,CCDC9,AGRN,EFEMP2,CYSRT1,MAP3K8,PKMYT1,NEK8,SDF2L1,SP5,VPS9D1,C1S,TSPOAP1,ICAM1,TRIM28,RRAS,PTK6,NDUFAF3,MT-ATP6,TLCD2,TLCD1,MT-ATP8,TACC3,NUP153,IGF2R,TNFAIP2,LMNB2,ZIC2,SLC3A2,POLD4,CD7,ZSCAN31,PRKCG,ARMC7,PLK3,BTG2,CDKN1A,EXOC7,COPZ2,KIFC2,RCCD1,MAMSTR,FKBP5,OSBPL7,FANCG,MAP3K14,LBR,SAPCD2,MCM5,TULP2,MACC1,WDR97,SLC35B2,ZNF843,TMEM184A,TYMP,KISS1R,EME2,ACYP2,ISYNA1,ALOX12,OPLAH,STPG3,IQCN,HES4,MT-ND6,MDC1,MT-ND4,MT-ND5,MT-ND1,HES7,GABARAPL1,RBCK1,MLLT11,UCK2,TUBA1B,SLC29A1,RNASEK,PROCA1,RECQL4,HLA-DMA,SLC25A45,SLC16A5,FSCN2,SOCS3,ST6GALNAC1,NRARP,PPP1R15B,FOXJ1,BAIAP3,SLC34A3,MXRA8,CTXN1,PCBP1,HYAL1,DOT1L,GLB1L,HOMEZ,NDRG4,PIDD1,MVP,ENO1,ENO2,CRACR2B,VSIG10L,GLI4,IMPA2,PLCD3,GPR146,COL16A1,ZFP36,LZTS3,ZNF554,LSM4,LSM2,NES,PGPEP1,WBP1,IRX2,RNF24,CCDC88B,CORO6,AMPD3,B3GNT9,NRM,RELL2,ACBD4,PDE4A,LTC4S,MT-CO1,RAVER1,MT-CO2,MT-CO3,RNF213,RNF224,ACHE,BHLHE41,TCP11L2,YPEL3,CENPS,FTL,INO80B,MT-CYB,PBXIP1,CCDC78,TRIB3,DHRS12,DHRS13,VEGFA,PNPLA2,SYCE2,SHARPIN,TBC1D13,BHLHE40,TCF3,TMEM221,CUEDC1,ANAPC11,HMOX1,FOSL2,GNPTG,CEP85,NRSN2,GPT,TUBB4B,CLCF1,TM7SF2,TLE3,RAB34,TCTA,SLC26A1,CCDC12,PIP5KL1,CHPF2,PKM,NEMP1,HAUS8,FTH1,TBC1D10C,SPTBN4,PANO1,PRX,PSD,ZER1,TUBB,ITFG1,TLR1,DCST2,AMN1,KIAA0513,COTL1,SHISA4,CBX2,WEE1,MT-ND4L,CLDN4,ZNF276,ABCB6,RHBDL1,ROM1,IDUA,FRMD8,SQSTM1,LRRC56,SLC38A2,TMEM18,BEND3,D2HGDH,TSPAN4,IFITM10,RASSF7,ARMC12,CTSD,KIF22,KIF2C,EXOSC4,AKR1C3,JADE1,GPD2,SLC1A5,ISG15,PROC,PHF13,ZP3,SERPINE1,BACH2,SERPINF2,SKA3,TRIP6,SSPN,TNFSF9,NOTUM,ABHD11,STK32C,DGKQ,DNMT1,PSAP,RHEB,DAGLA,DALRD3,TRAF4,METTL27,SEMA3B,MGAT4B,TIPIN,CDT1,DAZAP1,NME3,GDF15,SSC4D,SMAD3,ALYREF,MAVS,CKS1B,ABCC3,LMNTD2,OPRL1,BAX"
"DEG_HVL_CRC29","91","0.30640000000000001","SP4","SP4","266","1452","0.01897000000000000075","0.061899999999999997","1.1619999999999999","ReMap--ChIP-seq","DHDH,DDIT4,SET,SHMT2,HEXIM1,HEXIM2,SFXN3,KCNC3,MMP25,JAK3,CCDC9,AGRN,FADS2,EFEMP2,SRSF3,SRSF7,PKMYT1,AMDHD2,NEK8,SDF2L1,E2F1,TRIM46,E2F2,TRIM28,GIPR,ZBTB2,NEU1,BST2,NDUFAF3,MT-ATP6,SYNCRIP,TLCD1,PTMA,NOXO1,MT-ATP8,ZGRF1,FGF18,FGF11,LMNB2,ZIC2,SYNGR3,GALT,SLC3A2,TTC16,PRKCG,MEX3A,ADAMTSL4,COPZ2,KIFC2,SLC17A7,CDKN2D,TMEM179B,MAMSTR,THOC6,FANCG,MCM7,TULP2,WDR97,SLC35B2,UBXN6,FPGS,IQCN,MUC1,MT-ND6,MDC1,MT-ND4,MT-ND5,MT-ND1,HES7,EML2,C3,GRIN3B,LRSAM1,RNASEK,PROCA1,RECQL4,HLA-DMA,FSCN2,BCL2L12,SOCS3,NRARP,SH2D3C,HSD17B14,BAIAP3,TONSL,RCC1,CCNL2,PHYKPL,PEX11G,GCDH,PCBP1,CCDC120,HYAL1,NPM1,MAD2L2,HOMEZ,AJM1,CD164L2,PIDD1,RCN3,EPS8L1,CCDC183,INAFM1,ENO2,PIH1D1,CRACR2B,PA2G4,TMEM198,PFAS,CARD6,ZNFX1,CHPF,ZFP36,GPR108,LSM4,LSM2,NES,WBP1,MROH6,IRX2,IRX5,RNF26,MYL6B,AMPD3,B3GNT9,CA11,STAC3,TRIP10,NRM,TMEM143,ELMO3,DLG4,NAPRT,TMEM107,TMEM109,TRNP1,EGFL8,LTC4S,MT-CO1,SYNGAP1,MT-CO2,MT-CO3,ATF4,CDCA3,CRABP2,CDCA5,SPHK2,NUDT22,EXOC3L1,FTL,INO80B,FUZ,MT-CYB,PBXIP1,TSPAN31,HNRNPA1,HNRNPA0,HNRNPA3,HNRNPAB,CCDC78,NUDT8,HNRNPA2B1,PNPLA2,SYCE2,SHARPIN,GFY,GGN,HOOK2,NASP,ALPG,TMEM223,TAPBP,GNG3,TRA2B,HNRNPU,ANAPC11,PRELID1,HNRNPL,HNRNPF,GPT,ADM5,RAB3A,TM7SF2,FCGRT,HMGN2,TLE6,RAB34,CNIH2,PIP5KL1,NEMP1,FTH1,SEPHS1,TRPM4,PYCR3,PANO1,CITED2,PRX,IZUMO1,TUBB,SLC22A31,PTGES3,FAM83E,CBX5,CBX3,CBX2,YBX2,SPRED3,TRPT1,THBS3,MT-ND4L,KRTCAP2,TTYH2,AGAP2,RHBDL1,ABCA7,FERMT3,WFIKKN1,LETM2,ROM1,TMC4,PIM1,SQSTM1,LRRC56,B3GALT4,ZNF512B,PPM1N,SPATA20,TSPAN4,SURF1,RASSF7,ID3,RGL3,EXOSC4,DOK3,GEMIN7,NXPH4,RASGRP2,PHF13,SSTR1,AURKB,NPHS1,SYTL1,TRIP6,GPR3,ABHD11,WRAP53,DALRD3,TRAF4,SEMA3B,CACNG8,MGAT4B,CDT1,FEN1,BICDL2,DNASE1L1,RASIP1,APLP1,PDZD7,ALYREF,MAN2B1,CKS1B,LMNTD2,TOB1,PRRG2,ZNF184,BAX"
"DEG_HVL_CRC29","92","0.30980000000000002","ATF1","ATF1","265","1448","0.01993999999999999939","0.064399999999999999","1.1610000000000000","ReMap--ChIP-seq","HEMK1,DDIT4,ORAI3,SLBP,ZNF23,HEXIM1,HEXIM2,KCNC3,DUSP1,CCDC9,AGRN,EFEMP2,CYSRT1,DGAT1,NEK8,SDF2L1,SP6,KCNK5,ARL13B,ICAM1,TRIM28,APOE,TNFSF13,NDUFAF3,CACYBP,SYP,TLCD2,TLCD1,NOXO1,TNFAIP2,ATP6AP1,SYNGR3,PLEC,SLC3A2,POLD1,CD7,DQX1,VPS18,BTG2,KIFC2,KIFC1,ANGPTL4,SLC17A7,CDKN2D,PLP2,TMEM179B,MAMSTR,THOC6,FKBP5,TPP1,WIPI1,CEBPB,TULP2,WDR97,APOC1,SLC35B2,ZNF843,BRICD5,TANGO2,STXBP2,TMEM184A,KISS1R,ALOX12,OPLAH,PDXP,DDN,HES4,HES7,RBCK1,CFAP99,C3,NAPSA,GRIN2C,MLLT11,GRIN3B,LRSAM1,SIRT4,SIRT2,SLC29A1,RNASEK,RECQL4,HLA-DMA,SLC16A5,TROAP,BCL2L12,NXT1,NRARP,TONSL,CCNL2,SLC34A3,ENTPD8,MXRA8,PEX11G,CTXN1,GCDH,DOC2A,HYAL1,GLB1L,HOMEZ,PIDD1,CDHR2,INAFM1,VIM,PIH1D1,CRACR2B,PA2G4,TMEM198,PFAS,GLI4,ZCWPW1,GPR153,PLCD3,CHPF,ZFP36,DISP2,GPR108,LSM2,PATL2,ZNF513,MROH6,RNF26,CCDC88B,MYL6B,ANKRD9,TOMM40,CA11,TRIP10,TJP3,TMEM134,ELMO3,ACBD4,DLG4,NAPRT,TMEM107,PDE4A,EGFL8,SPG7,ATF1,SYNGAP1,CDCA3,CRABP2,CDCA5,RNF215,AIF1L,RNF224,SPHK2,NUDT22,EXOC3L1,FTL,CORO1B,BECN1,PBXIP1,TSPAN31,HNRNPA1,CCDC78,TRIB3,CCDC9B,LPAR5,IL11,PNPLA2,SYCE2,SHARPIN,RHPN1,GFY,TMEM230,HOOK2,UBE2S,BHLHE40,TCF3,TMEM223,TAPBP,ANAPC11,HNRNPL,HNRNPF,NRSN2,GPT,PLEKHN1,DHRS1,TUBB4B,RAB3A,TM7SF2,FCGRT,TLE3,TLE2,TLE6,LTB4R2,RAB34,CCDC32,PLXNA3,PIP5KL1,HAUS5,P2RX6,CALML6,KAT8,SPTBN4,PANO1,PRX,PSD,IZUMO1,CBFA2T3,AMN1,FAM83E,CBX5,CBX3,KDM5B,YBX2,TRPT1,TRAPPC6A,PERM1,WEE1,TMEM97,MYL5,DDX39A,ZNF276,AGAP2,ABCA7,LYPLA2,ROM1,TMC4,CKS2,PIM1,FRMD8,KANK3,B3GALT4,PPM1N,TP53INP2,NDUFA7,IFI35,ID3,SLC43A3,EXOSC4,EXOSC9,CD55,CD74,DOK3,ISG15,MAST3,ZP3,AURKB,AURKA,S100P,UNC13A,HOXB9,MTHFR,TNFSF9,DALRD3,TRAF4,SEMA3B,LAGE3,IMPDH2,CDT1,BICDL2,BTN3A1,RAD51C,DNASE1L1,TNXB,RASIP1,RANBP1,GDF15,LY6G5C,SMAD3,ALYREF,CKS1B,ZNF184,BAX"
"DEG_HVL_CRC29","93","0.31309999999999999","EBF1","EBF1","264","1452","0.02604000000000000065","0.083199999999999996","1.1519999999999999","ReMap--ChIP-seq","ZC3H12D,SMCO4,SCO2,DDIT4,ORAI2,HEXIM1,NCAPH2,DUSP5,PAFAH1B3,RAPGEF3,PTAFR,CCDC9,AGRN,LY75,EFEMP2,CYSRT1,TNFRSF14,NEK8,NOXA1,CERS4,E2F2,TSPOAP1,KCP,ICAM1,LGALS1,TRIM28,SDC4,GIPR,SYNGR2,PTK6,TP73,PTMS,MT-ATP6,RAC2,ZHX2,TLCD1,PTMA,NOXO1,ORMDL3,MT-ATP8,GRIN1,PLD1,INAVA,TNFAIP2,LMNB2,LYL1,CA9,SYNGR3,PLEC,POLD4,POLD1,DQX1,VPS18,ARMC7,HCFC1,MEX3A,BTG2,CDKN1A,TK2,SLC17A9,SLC17A7,CDKN2D,IL10RA,MAP3K14,SYNE3,SAPCD2,SLC35B2,HELZ2,TYMP,KISS1R,SUSD6,ISYNA1,STPG3,IQCN,PDXP,HES4,MT-ND6,MT-ND4,MT-ND5,MT-ND1,EML2,NAPSA,GRIN3B,PROCA1,FSTL3,RECQL4,CARNS1,UCP2,FSCN2,SOCS3,PIK3CD,NRARP,SH2D3A,SLC25A19,SLC25A29,CCNL2,SLC34A3,ENTPD8,MXRA8,PCBP1,PILRA,TNFRSF13C,DOT1L,CRIP2,MAD2L2,ARHGEF39,PIDD1,IRF8,MVP,PROB1,INAFM1,PIH1D1,CRACR2B,WNT10B,GSDMB,TMEM187,ZCWPW1,GPR146,ZFP36,NAGLU,TMSB10,CLIP2,ILDR1,LSM4,LSP1,GLRX,SIAH2,CCDC88B,CXCR4,PTTG1,TMEM134,AKNA,ACSF3,TMEM107,PDE4A,HSH2D,TBKBP1,MT-CO1,MT-CO2,MT-CO3,EXD3,RNF224,ARHGAP4,CHAF1A,RMI2,SAMD1,NUDT22,CENPM,CORO1B,MT-CYB,ITGB2,PBXIP1,DEPP1,CCDC102A,SNRPD2,EGR3,DHRS13,HSD17B1,MGAT1,RELT,VEGFA,NUDT8,PNPLA2,EMID1,ADGRG5,GFY,SYT8,TMEM234,BHLHE40,TCF3,RSPH1,HMOX1,SNAI3,EHD1,TCN2,FNDC11,C1QTNF6,TUBB4B,CLCF1,RAB34,CCDC12,PLXNB2,AP1G2,PIP5KL1,RFC2,DENND3,HAUS8,TBC1D10C,RALGDS,PANO1,PRX,PSD,IZUMO4,CBFA2T3,DCST2,PSMC3IP,CYP2W1,COTL1,TRPT1,PERM1,FAM167B,FAM167A,MT-ND4L,PIF1,TAPBPL,ABCA7,FERMT3,LRRC32,VSIR,ROM1,TMC8,TMC6,FRMD8,SQSTM1,TRABD2A,GDPGP1,ZNF512B,PPM1N,RASSF4,TSPAN4,PAG1,ID3,CCR9,CD44,CD74,CD72,CD70,IL17C,CD82,DOK3,GEMIN7,ISG15,PHF19,NUP62,AURKB,MAPK12,CLCN7,MAPK11,TNFSF9,FCRLB,NFAM1,SF3A2,NOTUM,DNMT1,PSAP,SLC37A1,AMH,TRAF1,TRAF4,TNNI2,CFLAR,TPCN1,MGAT4B,SLC6A16,INPP4A,INPP5D,CDT1,DAZAP1,IFI6,TEDC1,SMAD3,CKS1B,KLF10,OPRL1"
"DEG_HVL_CRC29","94","0.31650000000000000","GATA6","GATA6","263","1448","0.02732000000000000053","0.086300000000000002","1.1499999999999999","ReMap--ChIP-seq","DHDH,SPINT1,HEXIM1,HEXIM2,FXYD3,LGMN,EGLN3,CCDC9,LGR5,EFEMP2,CYSRT1,MAP3K8,NEK2,SRSF3,NEK8,SP5,PIWIL4,C1S,TRIM46,E2F2,LGALS4,TRIM28,ARL14,SDC4,NDUFAF3,MT-ATP6,TLCD1,PTMA,MT-ATP8,ELF3,ACOX1,SLC3A2,POLD4,VPS18,ARMC7,BTG2,KIFC2,MAMSTR,LEMD3,THOC6,OSBPL7,FANCA,BCL6,LBR,CEBPB,CEBPG,TULP2,ZNF747,MACC1,TPX2,EDN1,KISS1R,ATP1B1,STPG3,MT-ND6,MT-ND4,MT-ND5,MT-ND1,LIPH,HSPG2,HACD2,LYZ,GRIN3B,PROCA1,RECQL4,STAT6,TTLL5,HNMT,SLC25A45,SLC16A5,ST6GALNAC1,PPP1R15B,LRP1,HSD17B14,HSD17B11,TONSL,SLC34A3,PCBP1,ZNF703,MMD,FOXA2,CAPN5,PIDD1,CFAP45,IRF8,EHF,CREB3L1,SULT2B1,RNF126,GPR161,TYRO3,CRACR2B,CHKA,FHDC1,VSIG10L,TACR2,TMEM160,PLCD3,SLC28A3,YEATS4,ZFP36,NAGLU,CLIP2,RNF170,ANKRD29,ZG16B,PTBP1,WBP1,ZNF608,SOX5,MTUS1,CCDC88B,ANKRD9,AMPD3,B3GNT5,B3GNT3,CA11,KRT13,KRT19,KRT15,RELL1,ACBD4,ALDH2,TMEM107,MT-CO1,MT-CO2,MT-CO3,CDCA3,EPB41L1,RNF224,FAT1,BHLHE41,HOXC10,SPHK2,ZNF469,FRK,YPEL3,FTL,INO80B,CORO2A,MT-CYB,ACP2,ITGA3,ADORA2B,PBXIP1,HNRNPA1,ACTN4,TRIB3,SLC45A4,PDIK1L,HSD17B1,SH3RF2,PNPLA2,PRR15L,SCNN1A,DEGS2,CDK5RAP3,GNE,HMOX1,PLEK2,FOSL2,EHD1,HNRNPL,SNAI1,GPT,C1QTNF8,TCP1,TUBB4B,CLCF1,TLE3,RAB34,CBFB,CCDC34,RFC2,PKM,FTH1,GPR37L1,TRPM4,CYP2S1,PANO1,CITED2,IZUMO1,DCST2,NT5C,AMN1,ANXA11,CBX5,SAE1,KDM5B,HK2,LIMK2,MT-ND4L,KRTCAP2,CLDN4,ABCA7,IL22RA1,MYOF,FLNB,FABP5,FABP6,PIM1,FRMD8,S100A5,S100A4,S100A3,SQSTM1,SLC38A2,MLXIPL,ARRB1,NTN5,PARD6B,ATP9A,TMPO,TSPAN8,TSPAN4,TSPAN5,PAG1,TECR,SPTLC2,RBBP8NL,CD44,CD55,GEMIN7,FUT2,FUT4,FDPS,SSTR5,NUP50,UQCRHL,SYTL2,HOXB9,S100A16,S100A13,HOXC8,SSPN,PRSS22,BATF3,GPT2,ADAM9,ITPR3,RNPEPL1,SLC37A4,DALRD3,TRAF4,METTL27,CFLAR,MGAT4B,TNS4,SMIM5,CCT6A,PPCDC,KIF13B,CEACAM6,RASIP1,GDF15,PRAG1,SMAD3,CKS1B,ABCC3,TM2D1,TOB1,LEKR1,BAX"
"DEG_HVL_CRC29","95","0.31990000000000002","TET3","TET3","11","37","0.02855999999999999858","0.089300000000000004","2.1930000000000001","ReMap--ChIP-seq","MT-ATP6,MT-ATP8,MT-ND6,MT-ND4,MT-ND5,MT-ND1,MT-CO1,MT-CO2,MT-CO3,MT-CYB,MT-ND4L"
"DEG_HVL_CRC29","96","0.32319999999999999","SP2","SP2","262","1451","0.03432999999999999940","0.105999999999999997","1.1419999999999999","ReMap--ChIP-seq","ALKBH6,ORAI3,ZNF23,HEXIM1,HEXIM2,SFXN3,JAK3,TOMM40L,PAFAH1B3,CASP8AP2,NCAPD2,EFEMP2,CYSRT1,TOM1,PKMYT1,AMDHD2,ZKSCAN1,SDF2L1,LGALS1,TRIM28,GIPR,RRAS,TNFSF13,NDUFAF3,MT-ATP6,COX8A,SYP,PTMA,NOXO1,MT-ATP8,ATP6AP1,SYNGR3,GALT,SLC3A2,TTC16,ZSCAN31,PRKCG,PLK5,WDR45,COPZ2,KIFC2,ANGPTL4,SLC17A9,SLC17A7,PLP2,TMEM179B,PODNL1,MAMSTR,THOC6,HMMR,OSBPL7,FANCM,FANCG,ZNF773,MCM7,WIPI1,MCM2,ZNF747,WDR97,SLC35B2,RPS6KA5,BRICD5,ARRDC1,TANGO2,TPX2,UBXN6,EMC9,MEGF8,STPG3,PDXP,MT-ND6,MT-ND4,MT-ND5,MT-ND1,EML2,C3,GRIN3B,SIRT2,RECQL4,SLC25A41,SLC25A42,TROAP,BCL2L12,NXT1,PC,TONSL,CCNL2,SLC34A3,CTXN1,GCDH,DOC2A,PCSK4,HYAL1,TMEM150A,GLB1L,CCDC159,HOMEZ,AJM1,ATP2A1,BCL7C,HS3ST3B1,RBM14,RBM15,MVP,PIH1D1,MED8,PA2G4,VSIG10L,GLI4,ZNF554,ZNF552,STIP1,GPR108,LSM4,PTBP1,PGPEP1,KCNAB2,WBP1,MROH1,MROH8,CREBRF,CA11,TRIP10,TMEM145,TMEM134,ELMO3,DNAJC16,ACSF2,TMEM107,PDE4A,EGFL8,PDE6D,POLQ,MT-CO1,MT-CO2,MT-CO3,ATF4,CDCA2,CDCA3,RNF224,CHAF1A,SPHK2,INCENP,NUDT22,EXOC3L1,SLC27A1,ZNF446,CDC25C,FTL,INO80B,FUZ,MT-CYB,PBXIP1,TSPAN31,HNRNPA1,REC8,CDC20,SNRPD2,SNRPD1,EGR1,NUDCD2,DEPDC5,HSD17B1,PRR15L,SYCE2,SHARPIN,GGN,TMEM231,HOOK2,NABP2,TMEM221,TMEM223,DACT3,GNG3,SSRP1,EPOR,HNRNPR,GPT,TCP1,GRN,TUBB4B,ADM5,RAB3A,TXNL4B,TM7SF2,FCGRT,ILF2,SNRPA,REEP6,CNIH2,CHPF2,BPGM,HAUS5,NEMP1,PCLAF,TRPM4,TOP2A,PSD,RFNG,DCST2,PSMC3IP,FAM83E,CBX5,YBX2,SPRED3,TRPT1,CDK2AP2,MT-ND4L,DDX39A,ABCB6,AGAP2,RHBDL1,ABCA7,FERMT3,WFIKKN1,LRRC45,MRPL51,NTF4,ZNF211,KANK3,PPM1N,PGBD1,BRCA1,KIF22,MIS12,DGLUCY,EXOSC2,SPC24,DCLRE1B,KHSRP,HNRNPUL1,HNRNPUL2,PHF13,AURKB,UNC13A,ASF1B,SIVA1,TIGD3,TIMM10,ZNF101,TM9SF1,CDK2,DUSP12,TRAF2,NIPSNAP1,DALRD3,RPL36A,DCAF15,SPAG8,TPCN1,IMPDH2,ANP32E,DNASE1L1,RASIP1,RANBP1,KCTD9,PDZD7,ARHGAP33,CKS1B,MADCAM1,USP16,BAX"
"DEG_HVL_CRC29","97","0.32660000000000000","CXXC4","CXXC4","261","1446","0.03506000000000000089","0.106999999999999998","1.1410000000000000","ReMap--ChIP-seq","SCO2,DDIT4,SET,HEXIM1,HEXIM2,NCAPH2,SFXN3,DUSP1,PAFAH1B3,CCDC9,AGRN,EFEMP2,CYSRT1,PKMYT1,AMDHD2,NEK8,SDF2L1,VPS9D1,E2F2,ICAM1,LGALS1,TRIM28,ATXN7L2,GIPR,TNFSF13,NDUFAF3,PTMS,SYNCRIP,TLCD1,PTMA,PCNA,NOXO1,DENND6B,FGF18,SDK2,ZIC2,ATP6AP1,SYNGR3,GALT,SLC3A2,DQX1,WDR54,CDKN1A,CDKN1B,ADAMTSL4,COPZ2,KIFC2,GAS1,SLC17A7,CDKN2B,PLP2,TMEM179B,THOC6,FANCG,MCM7,CEBPB,BCOR,SLC35B2,HDAC10,OBSL1,TYMP,KISS1R,EMC9,EME2,ISYNA1,IQCN,PDXP,HES4,SAMD11,HES7,HES6,EML2,GRIN3B,SIRT4,SLC29A1,PROCA1,FSTL3,RECQL4,CARNS1,LAG3,FOXP1,TROAP,BCL2L12,SH2D3C,HSD17B14,TONSL,SLC34A3,CTXN1,ZNF703,DOC2A,PCSK4,HYAL1,MOK,CCDC159,HOMEZ,AJM1,PIDD1,CDHR2,MVP,CCDC183,INAFM1,ENO2,PIH1D1,RNF126,CRACR2B,PA2G4,TMEM198,GLI4,ZCWPW1,PLCD3,GPR146,CHPF,ZFP36,NAGLU,WBP1,IRX5,MYL6B,AMPD3,B3GNT9,CA11,TMEM143,TMEM134,ELMO3,RELL2,DNAJC22,ACBD4,DLG4,TMEM107,PDE4A,LTC4S,ATF4,CDCA3,CDCA5,RNF224,ACHE,BHLHE41,HOXC10,ARHGAP4,SPHK2,MED22,SAMD1,CENPV,NUDT22,YPEL3,EXOC3L1,CDC25C,INO80B,DLX2,PBXIP1,DEPP1,REC8,CDC20,SNRPD2,CCDC78,TRIB3,ACY1,HSD17B1,REM2,PNPLA2,SYCE2,TMEM230,TMEM231,TMEM223,EPOR,ANAPC11,FOSL2,HNRNPL,HNRNPF,NRSN2,YJEFN3,GPT,PLEKHN1,TUBB4B,ADM5,TM7SF2,TLE3,RAB34,PLXNB2,REEP6,CNIH2,AMD1,CATSPERG,NEMP1,CALML6,TBC1D10C,TRPM4,PANO1,PSD,RFNG,DCST2,PSMC3IP,HOXA11,MYCL,FAM83E,YBX2,TRPT1,PERM1,WNT11,ZNF276,RHBDL1,ABCA7,WFIKKN1,LRRC45,ROM1,SQSTM1,ZNF512B,PPM1N,KDELR3,TSPAN4,ID3,KIF22,FUOM,KIF26B,JADE1,DOK3,RASGRP2,ISG15,PHF13,PAOX,AURKB,MAPK12,MAPK11,NPHS1,HOXA1,HOXB9,HOXC8,SLC19A1,TRIP6,SSPN,MRC2,TM9SF1,NOTUM,INHA,DGKA,WRAP53,RNPEPL1,DUSP12,DALRD3,TRAF4,SEMA3B,LAGE3,HIRIP3,CFLAR,SEMA4G,IMPDH2,MGAT4B,CDT1,BCL11A,ANP32B,DAZAP1,BICDL2,NME3,DNASE1L1,RASIP1,APLP1,TEDC2,PDZD7,ALYREF,ARHGAP33,CKS1B,MADCAM1"
"DEG_HVL_CRC29","98","0.33000000000000002","E2F1","E2F1","262","1453","0.03611000000000000321","0.109000000000000000","1.1399999999999999","ReMap--ChIP-seq","SCO2,DDIT4,SLBP,SET,HEXIM1,NCAPH2,PAFAH1B3,CCDC9,EFEMP2,CYSRT1,PKMYT1,NEK8,SDF2L1,VPS9D1,E2F1,TRIM46,E2F2,SLC23A3,MT2A,LGALS1,TRIM28,FBXO5,SDC4,RRAS,TNFSF13,NDUFAF3,SYNCRIP,SYP,TLCD1,PTMA,PCNA,NOXO1,SGSM2,TACC3,LMNB2,LMNB1,CA9,SYNGR3,PLEC,GALT,SLC3A2,RALY,RRM2,HCFC1,CDKN1B,ADAMTSL4,COPZ2,KIFC2,SLC17A7,CDKN2D,CDKN2B,CDKN2C,PHF5A,PLP2,TMEM179B,THOC6,FANCA,FANCG,MCM7,SAPCD2,ZNF747,WDR97,SLC35B2,BRICD5,ARRDC1,TYMP,EMC9,ACYP1,STPG3,IQCN,MUC1,HES4,SAMD11,HES7,MLLT11,F3,PROCA1,RECQL4,HR,FSCN2,BCL2L12,SOCS3,BCL2L11,MDM2,NXT1,TONSL,SLC34A3,CTXN1,PCBP1,PCSK4,HYAL1,TMEM150A,CRIP2,CCNE2,HOMEZ,ARHGEF39,AJM1,HMGB2,MEA1,PIDD1,BCL7C,CDHR2,MVP,TAF5,ENO2,PIH1D1,CRACR2B,PA2G4,PFAS,TMEM187,ZCWPW1,ZFP36,TMSB10,LSM4,WBP1,RUSC1,JMJD6,NECAB3,CCDC88B,FAF1,MYL6B,AMPD3,B3GNT9,CA11,ALDH3B1,HSPA2,DLG4,TMEM107,TMEM109,HPDL,LTC4S,CDCA3,CRABP2,RNF215,RNF224,HOXC10,CHAF1A,SPHK2,SAMD1,NUDT22,YPEL3,EXOC3L1,ZNF446,FTL,INO80B,DLX2,GMPS,PBXIP1,TSPAN31,CDC45,HNRNPA1,SNRPD2,CCDC78,TRIB3,ACY1,HSD17B1,MGAT1,PNPLA2,SYCE2,SHARPIN,TMEM230,UBE2S,BHLHE40,TMEM223,GNG3,HNRNPU,ANAPC11,HMOX1,FOSL2,HNRNPL,HNRNPF,NRSN2,GPT,PLEKHN1,ZNF367,NSD2,TUBB4B,CLCF1,TM7SF2,HMGN2,TLE3,ILF2,RAB34,CCDC24,PLXNB1,REEP6,PKM,NEMP1,TBC1D10C,KAT8,PANO1,PSD,TUBB,DCST2,PSMC3IP,HOXA11,FAM83E,CBX5,CBX2,YBX2,TRPT1,THBS3,KRTCAP2,DDX39A,ZNF276,ABCB6,AGAP2,RHBDL1,ABCA7,WFIKKN1,CTCF,ROM1,FRMD8,SQSTM1,TRABD2A,SLC38A2,ARRB2,PPM1N,PPM1G,PARD6B,TMPO,TSPAN4,ID3,TECR,KIF22,MIS12,EXOSC4,CD72,JADE1,HNRNPUL2,GEMIN7,SLC1A5,FDPS,ISG15,PHF13,AURKB,SERPINE1,STMN1,SYTL1,HOXC8,CDK2,TRAF2,DALRD3,TRAF4,UNC93B1,SEMA3B,LAGE3,HIRIP3,IMPDH2,MGAT4B,CDT1,ANP32E,DAZAP1,BICDL2,TUBG2,DNASE1L1,CAMK1,TEDC1,TEDC2,ALYREF,CKS1B,KLF10"
"DEG_HVL_CRC29","99","0.33329999999999999","TP53","TP53","261","1448","0.03687000000000000000","0.111000000000000001","1.1399999999999999","ReMap--ChIP-seq","SCX,DHDH,DDIT4,ORAI3,HEXIM1,HEXIM2,BTBD19,NCAPH2,FXYD3,DUSP1,PAFAH1B3,CCDC9,AGRN,FADS2,EFEMP2,CYSRT1,DGAT1,FBXO15,SRSF3,NEK8,MSL2,E2F7,LGALS4,CES3,CES2,SDC4,RRAD,NDUFAF3,FBXL5,TP73,PTMS,MT-ATP6,TLCD1,PTMA,PCNA,NOXO1,MT-ATP8,TGM1,ZNF81,PLAU,DENND6B,LMNB2,SYNGR3,PLEC,SLC3A2,PSMB10,COL7A1,DQX1,MTBP,CEL,PLK3,PLK2,MEX3B,BTG2,CDKN1A,KIFC2,CDKN2C,PHACTR4,CEBPB,MGME1,WDR97,SLC35B2,HDAC10,TRANK1,TPX2,VWCE,MTHFD1L,KISS1R,EME1,ISYNA1,ZMAT3,OPLAH,STPG3,CAPN12,MT-ND6,MT-ND4,MT-ND5,MT-ND1,HSPG2,EML2,COL1A1,MLLT11,SLC29A1,PROCA1,RECQL4,STAT6,FAM228B,SLC25A45,LAG3,FAM227B,FSCN2,PFKFB4,SOCS3,TNFRSF10C,MDM2,FHL2,FOXL1,LRP1,TONSL,CCNL2,SLC34A3,MXRA8,HYAL1,GLB1L,PDGFRB,AJM1,PIDD1,RBM14,VIM,ENO2,CRACR2B,GLI4,PLCD3,ZFP36,ZNF561,DISP2,GPR108,LSM3,LSP1,PGPEP1,RANGAP1,WBP1,KCNJ12,ARL6IP6,JMJD6,CCDC88B,FAF1,QRFP,AMPD3,TRIP10,ALDH3A1,LTBP2,ACBD4,NFKBIA,TGFBI,TMEM107,KRT80,SPG7,MT-CO1,MT-CO2,MT-CO3,ATF4,RNF224,FAT1,ACHE,NEURL1B,HHAT,FTL,INO80B,MT-CYB,ELFN2,ITGA3,RRM2B,PBXIP1,REC8,NUDT1,ADGRB1,TRIB1,CCDC9B,NRP2,ACY1,SYNC,REM2,OSM,PNPLA2,SCNN1D,SHARPIN,PRR5-ARHGAP8,SYT8,TMEM230,BHLHE40,ACTA2,GNB1L,ASB16,ANAPC11,FOSL2,GPT,GRAMD2A,TUBB4B,DHRS2,RAB3A,TM7SF2,NRBP2,PGF,RAB34,PLXNB2,PLXNB1,WDR4,HGFAC,PKM,CATSPERG,NEMP1,NECTIN4,CALML6,FTH1,CYP2S1,PANO1,PRX,PSD,IZUMO4,RFNG,SAE1,LIMK2,MT-ND4L,ABCB6,RHBDL1,LRRC45,ROM1,S100A2,FRMD8,S100A5,S100A4,S100A3,MYCBPAP,TP53INP1,SPATA20,SLC12A9,SPATA18,TSPAN4,ID3,LYNX1,EXOSC4,DOK3,HNRNPUL1,AURKB,CLN6,MAPK12,MAPK11,SERPINE1,ACOT7,SYTL1,TRIP6,TIGD3,TM9SF1,NOTUM,TUBB6,WRAP53,DALRD3,TRAF4,METTL27,SEMA3B,TNNI1,TNNI2,SPAG8,ADRM1,AHNAK2,IMPDH2,TNS4,INPP5B,RPL39L,KLLN,FEN1,RAD51C,GDF15,PRAG1,SMAD3,ALYREF,ARHGAP30,TP53I3,CKS1B,BAX"
"DEG_HVL_CRC29","100","0.33670000000000000","E2F7","E2F7","260","1443","0.03765000000000000291","0.112000000000000002","1.1390000000000000","ReMap--ChIP-seq","ALKBH6,DHDH,SCO2,DDIT4,HEXIM1,HEXIM2,BTBD19,MMP25,DUSP5,DUSP1,PAFAH1B3,CCDC9,AGRN,EFEMP2,KMT5A,PKMYT1,NEK8,MSL2,UHRF1,E2F2,MT2A,LGALS1,TRIM28,SDC4,ZBTB2,TNFSF13,PTMS,SYNCRIP,TLCD1,PTMA,PCNA,PLAU,FGF11,TNFAIP2,CA9,PLEC,POLD4,CD4,SMC3,ZSCAN30,KNSTRN,WDR76,PRKDC,WDR62,PLK3,PLK2,MEX3A,CDKN1A,ADAMTSL4,TK1,ANGPTL4,GART,TPM2,THOC6,BCL6,MCM7,SMC1A,MCM4,MCM5,MCM2,TULP2,SLC35B2,IFIT3,OBSL1,TMEM184A,TPX2,TYMP,KISS1R,FPGS,ISYNA1,BRD3OS,STPG3,IQCN,PDXP,MUC1,HES7,COL1A1,TUBA1C,TUBA1A,F3,PROCA1,STAT6,SLC25A45,LAG3,FSCN2,BCL2L12,SOCS2,SOCS3,SH2D3C,FOXL1,LRP1,SPON2,RCC1,PCBP1,FKBP10,CRIP2,GLB1L,CCDC159,ARHGEF39,CD164L2,ATP2A1,PIDD1,BCL7C,RBM14,RCN3,INAFM1,VIM,ENO1,CREB3L1,CRACR2B,GLI2,ZCWPW1,RNF138,PLCD3,COL16A1,ZFP36,NAGLU,TMSB10,DISP2,CLIP2,LSM4,NES,PGPEP1,RNF26,PNRC1,ZNF608,CHEK1,CARHSP1,BEX3,MYL6B,AMPD3,ATP6V1A,ACBD4,DNAJC16,DLG4,TGFBI,CTDSPL2,TMEM107,TRNP1,KRT80,ATF1,ATF4,CDCA7,BAZ2B,RNF213,RMI1,ZNF469,ZNF467,CDC25C,FTL,ELFN2,ITGA3,MMS22L,PBXIP1,TSPAN31,HNRNPA1,HNRNPA3,EGR1,CCDC9B,SYNC,HSD17B1,RIBC1,HNRNPA2B1,PNPLA2,SCNN1D,TMEM230,GGN,BHLHE40,NABP1,TRA2B,HNRNPU,HMOX1,EHD1,HNRNPL,ATG2A,HNRNPD,NRSN2,CSAD,ZNF367,GRN,TUBB4B,ADM5,CLCF1,FCGRT,RAB34,SRGAP3,PIP5KL1,RFC4,RFC2,NEMP1,FTH1,CYP2S1,PANO1,CITED2,PRX,HNRNPH3,C1RL,COTL1,ANXA11,CBX5,CBX3,SPRED3,PPP2R5B,THBS3,WEE1,RFX5,MYL9,AGAP2,TAPBPL,RHBDL1,PIM1,S100A2,FRMD8,S100A5,S100A4,S100A3,SQSTM1,KANK3,TRABD2A,SLC38A2,ARRB1,PPM1N,SLC12A9,TSPAN4,IFITM10,ID3,CTSD,SPC24,DCLRE1B,JADE1,DOK3,HNRNPUL1,SLC1A5,SERPINE1,HOXA1,HOXB9,TRIP6,HBP1,MRC2,GPR3,PRSS33,INHA,ADAM9,DNMT1,TRAF4,SEMA3B,AHNAK2,MGAT4B,CDT1,ANP32B,BICDL2,DNASE1L1,PBLD,KNTC1,TEDC1,SMAD3,USP37,CKS1B,TOB1,BAX"
"DEG_HVL_CRC29","101","0.34010000000000001","GTF2B","GTF2B","261","1451","0.03973000000000000143","0.117000000000000007","1.1370000000000000","ReMap--ChIP-seq","MTHFD2,SCO2,DDIT4,ORAI2,SET,HEXIM1,HEXIM2,BTBD19,PRPF38A,NCAPH2,SFXN3,MBD2,CCDC9,AGRN,EFEMP2,MAP3K8,KMT5A,MAP3K5,FBXO43,NEK8,SDF2L1,E2F1,E2F2,TSPOAP1,LGALS1,TRIM28,FBXO5,PCK2,TNFSF13,NDUFAF3,MT-ATP6,SYP,TLCD1,PTMA,PCNA,NOXO1,MT-ATP8,GRK5,LMNB1,CA9,ATP6AP1,SYNGR3,PLEC,GALT,SLC3A2,POLD4,DQX1,PLK3,MEX3A,BTG2,CDKN1B,COPZ2,RCCD1,CDKN2D,CDKN2C,PLP2,TMEM179B,HMMR,ORC1,FANCG,MCM7,SAPCD2,WDR97,SLC35B2,TYMP,FPGS,PDXP,BUB3,HES4,MT-ND6,MT-ND4,MT-ND5,MT-ND1,HES7,MLLT11,TUBA1B,SLC29A1,RNASEK,PROCA1,CARNS1,CSE1L,ACAT2,BCL2L12,SOCS3,SH2D3C,SLC25A19,LRR1,TXNDC12,GCDH,PCBP1,HYAL1,TMEM150A,GLB1L,HOMEZ,ARHGEF39,HMGB2,PIDD1,MVP,PROB1,INAFM1,VIM,ENO2,PIH1D1,CRACR2B,PA2G4,PFAS,ZCWPW1,NMNAT1,PLCD3,ZFP36,NAGLU,TMSB10,CLIP2,ABHD4,STIP1,LSM4,PGPEP1,WBP1,ARL6IP6,CD109,NECAB3,CCDC88B,CLIC4,FAF1,MYL6B,B3GNT9,TMEM134,ACBD4,DLG4,TMEM107,PDE4A,LTC4S,MT-CO1,MT-CO2,MT-CO3,CDCA3,CDCA5,ACHE,ARHGAP4,ATL1,SAMD1,NUDT22,EXOC3L1,FTL,INO80B,CORO1B,MT-CYB,PBXIP1,HNRNPA1,HNRNPA3,CDC20,SNRPD2,CCDC78,ACTN4,ACY1,NUDCD2,HSD17B1,MGAT1,HNRNPA2B1,PNPLA2,SYCE2,SHARPIN,UBE2C,TMEM230,TMEM234,NABP1,MANSC1,TMEM223,GNG3,ANAPC11,HNRNPL,HNRNPF,NRSN2,CLCF1,TM7SF2,RAB34,CCDC32,CCDC12,PIP5KL1,RFC2,PKM,NEMP1,DENND3,TBC1D10C,KAT8,ATP6V0E1,SPTBN4,PANO1,PRX,PSD,NT5C,PSMC3IP,CBX5,CBX3,SAE1,YBX2,TRPT1,FAM167B,WEE1,MT-ND4L,ABCB6,AGAP2,TAPBPL,NCAPH,RHBDL1,ABCA7,FERMT3,GPR19,WFIKKN1,LYPLA2,ROM1,TMC6,CKS2,PIM1,SQSTM1,TRABD2A,SLC38A2,ZNF512B,PPM1N,IFI35,SLC12A6,TMPO,ID3,KIF22,KIF2C,EXOSC4,CD72,JADE1,DOK3,HNRNPUL2,GEMIN7,ISG15,MAST3,AURKB,SERPINE1,GABPB1,TRIP6,TNFSF9,TM9SF1,STK32C,DNMT1,CDK2,DUSP12,TRAF2,DALRD3,TRAF4,SEMA3B,SPAG5,CFLAR,IMPDH2,MGAT4B,SPAG1,CDT1,TUBG1,DNASE1L1,GDF15,PDZD7,ALYREF,CKS1B,USP16,BAX"
"DEG_HVL_CRC29","102","0.34339999999999998","BHLHE22","BHLHE22","259","1440","0.04039999999999999841","0.117999999999999994","1.1370000000000000","ReMap--ChIP-seq","SCX,DDIT4,ORAI2,SLBP,SHMT2,TEX22,BTBD19,FXYD3,SFXN3,KCNC3,NCAPG2,MMP25,RAPGEF3,AGRN,NEK2,MAP3K5,SRSF3,AMDHD2,NEK8,NOXA1,VPS9D1,E2F2,TSPOAP1,KCP,LGALS1,TMEM63A,SYNGR2,PTK6,RAC2,COX8A,TLCD1,PTMA,NOXO1,GRIN1,TACC3,DENND6B,TNFAIP2,LMNB2,MYBL2,SYNGR3,PLEC,PSMB10,POLD1,CD4,CD7,CEL,HCFC1,PLK3,BTG2,CDKN1A,ADAMTSL4,TK1,GJD3,KIFC2,SLC17A9,CDKN2D,IL10RA,MAMSTR,THOC6,FKBP5,SYNE3,SAPCD2,MCM3,SLC35B2,NEIL1,HELZ2,KISS1R,GINS2,FPGS,ISYNA1,BLNK,STPG3,IQCN,CDH15,PDXP,MUC1,RBCK1,GRID2IP,NAPSA,GRIN2C,COL1A1,GRIN3B,SLC29A1,PROCA1,FSTL3,CARNS1,CASTOR1,SLC25A45,LAG3,FSCN2,RNASEH2B,SOCS3,SH2D3A,SH2D3C,BAIAP2,SPON2,ENTPD8,N4BP3,TMEM86A,PCSK4,COMMD4,DOT1L,ADPRHL1,CFAP45,ARMH1,HS3ST3B1,IRF8,CCDC183,PROB1,RNF126,TMEM187,GPR146,CLIP2,STIP1,LSM7,LSP1,KCNJ12,TTLL10,CCDC88B,PARP10,B3GNT7,CA11,ALDH3B1,ACSF3,TMEM109,HSH2D,SPG7,POLM,PMP22,MNX1,EXD3,CDCA3,ARHGAP4,RMI2,SLC7A5,NUDT22,CORO1B,ITGB2,SPATC1,DEPP1,CCDC102A,ACY1,RELT,OSM,NUDT8,CRTC1,LOXL4,SCNN1D,PRR15L,SCNN1A,ADGRG5,SYT8,BHLHE40,MXD3,TMEM221,TMEM201,CDK5RAP3,ANAPC11,LDHD,HMOX1,PRELID1,SNAI3,NFATC3,EHD1,FNDC11,GPT,TUBB4B,TM7SF2,RAB34,PLXNB2,REEP6,CNIH2,TCIRG1,PIP5KL1,RFC2,DENND3,TBC1D10C,KRT7,RALGDS,PANO1,IZUMO4,PGGHG,CBFA2T3,DCST2,KIAA0513,SLC22A31,CYP2W1,ANXA11,TRPT1,FAM167A,CLDN4,ZNF276,TAPBPL,ABCA7,FERMT3,LRRC32,VSIR,TMC8,TMC6,PLXDC1,S100A2,FRMD8,S100A5,S100A4,S100A3,ARRB1,PPM1N,NTN5,RASSF4,PLEKHD1,TSPAN1,ID3,CCR9,RBBP8NL,KIF2C,CD44,SLC43A3,CD72,IL17C,DOK3,GEMIN7,NXPH4,FUT2,RASGRP2,CALHM2,PACSIN1,GGT6,SSH3,PROC,PHF19,ZP3,MAPK11,MTHFR,FCRLB,SF3A2,ADAM8,AK1,PSAP,RNPEPL1,AMH,TRAF1,TRAF4,METTL27,UNC93B1,CHADL,TNNI2,AHNAK2,TPCN1,INPP4A,CDT1,BICDL2,PPCDC,SSC4D,PDZD7,ALYREF,AZIN2,MAVS,MAN2C1,OPRL1"
"DEG_HVL_CRC29","103","0.34680000000000000","OVOL2","OVOL2","11","39","0.04120999999999999663","0.118999999999999995","2.0360000000000000","ReMap--ChIP-seq","MT-ATP6,MT-ATP8,MT-ND6,MT-ND4,MT-ND5,MT-ND1,MT-CO1,MT-CO2,MT-CO3,MT-CYB,MT-ND4L"
"DEG_HVL_CRC29","104","0.35020000000000001","MXI1","MXI1","261","1453","0.04172000000000000014","0.118999999999999995","1.1350000000000000","ReMap--ChIP-seq","ORAI3,SLBP,SET,HEXIM1,HEXIM2,BTBD19,SFXN3,PAFAH1B3,CCDC9,AGRN,EFEMP2,CYSRT1,KMT5A,DGAT1,PKMYT1,AMDHD2,NEK8,SDF2L1,VPS9D1,TRIM46,ICAM1,LGALS1,TRIM28,NEU1,PCK2,TNFSF13,NDUFAF3,PTMS,SYNCRIP,TLCD2,TLCD1,PTMA,NOXO1,TACC3,FGF11,ATP6AP1,SYNGR3,PLEC,GALT,SLC3A2,DQX1,PLK3,MEX3A,COPZ2,KIFC2,CDKN2D,TMEM179B,THOC6,FANCG,MCM7,SAPCD2,ZNF747,WDR97,SLC35B2,HDAC10,ZNF846,BRICD5,ARRDC1,KISS1R,EMC9,ISYNA1,CDH24,STPG3,PDXP,MUC1,HES4,MDC1,HES7,GRIN3B,SLC29A1,PROCA1,FSTL3,RECQL4,HLA-DMA,LAG3,FSCN2,BCL2L12,SOCS3,NXT1,SLC25A19,LRP1,TONSL,SLC34A3,MXRA8,CTXN1,HYAL1,TMEM150A,DOT1L,CRIP2,GLB1L,HOMEZ,AJM1,PIDD1,RBM14,MVP,CCDC183,INAFM1,ENO2,PIH1D1,RNF126,CRACR2B,PA2G4,TMEM198,GLI4,ZCWPW1,PLCD3,CHPF,ZFP36,NAGLU,STIP1,LSM4,LSM2,ZNF513,WBP1,MROH6,RUSC1,JMJD6,TSHZ1,MYL6B,AMPD3,B3GNT9,NRM,PAM16,ELMO3,ALDH3B1,ACBD4,DLG4,NAPRT,TMEM107,PDE4A,EGFL8,SYNGAP1,ATF4,CDCA3,CRABP2,RNF224,ACHE,SPHK2,MED22,ZSWIM8,SAMD1,NUDT22,YPEL3,EXOC3L1,ZNF446,FTL,INO80B,PBXIP1,HNRNPA1,REC8,CCDC78,TRIB3,ACY1,HSD17B1,VEGFA,PNPLA2,SYCE2,SHARPIN,BHLHE40,TMEM223,TAPBP,EPOR,ANAPC11,EHD1,HNRNPL,HNRNPF,ATG2A,NRSN2,GPT,GRN,TUBB4B,ADM5,RAB3A,TM7SF2,FCGRT,RAB34,CCDC24,PLXNB1,CNIH2,PIP5KL1,NEMP1,CALML6,KAT8,RALGDS,TRPM4,PYCR3,VASN,PANO1,PSD,TUBB,RFNG,DCST2,PSMC3IP,CBX5,YBX2,PPP2R5B,TRPT1,PERM1,THBS3,KRTCAP2,ZNF276,ABCB6,RHBDL1,ABCA7,FERMT3,WFIKKN1,PIGQ,LYPLA2,LRRC45,ROM1,TMC4,FRMD8,SQSTM1,LRRC56,SLC38A2,B3GALT4,ZNF512B,PPM1N,IFI35,TSPAN4,SURF1,RASSF7,TECR,KIF22,EXOSC4,HNRNPUL2,SLC1A5,FDPS,ISG15,SSH3,PHF13,SCARF1,AURKB,MAPK12,MAPK11,SERPINE1,ACD,TRIP6,TM9SF1,NOTUM,RNPEPL1,AMH,TRAF2,DALRD3,TRAF4,SEMA3B,IMPDH2,MGAT4B,CDT1,DAZAP1,TUBG2,DNASE1L1,LY6G5C,TEDC1,TEDC2,CASKIN1,PDZD7,ALYREF,ARHGAP33,CKS1B,LMNTD2"
"DEG_HVL_CRC29","105","0.35349999999999998","ZNF92","ZNF92","258","1442","0.04886000000000000065","0.138000000000000012","1.1290000000000000","ReMap--ChIP-seq","DDIT4,SHB,JAK3,CCDC9,FBXO44,NPAS1,ONECUT3,CERS4,UHRF1,E2F2,LGALS4,MT2A,LGALS1,FBXO2,SDC4,MT-ATP6,RAC2,NOXO1,CFAP157,MT-ATP8,LMNB2,TTC16,ALCAM,ARMC3,PLK5,MEX3A,PLIN4,PLIN5,CDKN2D,COL27A1,THOC6,FANCC,OSCP1,SYNE3,CEBPB,HDAC11,AQP6,AQP5,SYNPO,TMEM184A,PARP3,KISS1R,MEGF8,FPGS,CERCAM,ISYNA1,LPP,IQCN,PDXP,CAPN12,MT-ND6,MT-ND4,MT-ND5,MT-ND1,SAMD11,HSPG2,EML2,PADI2,C3,NGFR,CFAP73,COL1A1,GRIN3B,NELFA,EMP1,SLC29A4,MDFI,FSTL3,STAT6,CASTOR1,LRG1,TTLL3,NPTXR,BEAN1,SH2D3A,SH2D3C,PPP1R15B,LRP1,CTXN1,PCSK4,CCDC117,ALDH4A1,MAD2L2,PDGFRB,CCDC159,CCDC150,CD164L2,LAMC3,PIDD1,BCL7C,TBC1D2,TAF1B,CREB3L1,SULT2B1,RNF126,CRACR2B,NR2C2AP,VSIG10L,TMEM160,TMEM158,COL16A1,CLIP2,ANKRD24,GPR108,LSM4,NES,LSP1,PGPEP1,RNF26,DDX60L,CARHSP1,NUAK1,QRFP,TNFAIP8L1,STRBP,B3GNT3,TLDC2,KRT13,KRT19,KRT15,TRIP10,TJP3,TMEM143,SPNS2,DNAJC30,AKNA,ALDH3B1,HSH2D,TRNP1,KRT80,MT-CO1,MT-CO2,MT-CO3,CRABP2,EPB41L1,RNF215,RMI2,SPHK2,CRB2,ZNF469,CRLF1,SLC27A1,FTL,DLX4,NAE1,CORO2A,LCN2,MT-CYB,ELFN2,SMIM24,DEPP1,KCTD21,TTC39A,CCDC102A,MYO7A,OSGIN1,ACY1,EEF1E1,OSM,NUDT8,PNPLA2,LOXL4,NRTN,SPOCD1,GPRIN1,EMID1,ADGRG1,PRR5-ARHGAP8,ADGRG5,SYT8,BHLHE40,TCF3,MXD4,DNAH1,EPOR,MYO15A,FOSL2,YJEFN3,C1QTNF6,GRN,ADM5,RAB3A,TLE2,PGF,CCDC12,REEP6,TCIRG1,PIP5KL1,CEACAM19,FTH1,KRT7,CYP2S1,PRX,COTL1,MYCL,FAM83E,MT-ND4L,DDX39A,MRPL11,ABCA7,ROM1,TMC8,TMC6,KANK2,NTF4,TCOF1,FLNB,KANK3,TACSTD2,CRYBG1,ARRB1,EFCAB12,PPM1N,SPATA20,ERFE,SCN1B,STX1B,IFITM10,BPIFB1,ID3,KIF12,CTSD,CD74,IL17C,SPC24,CD82,PALM,HNRNPUL1,FUT6,PROC,PHF19,MAST3,SSTR5,UNC13A,SYTL1,TIMM10,GPR3,LPCAT2,AK1,NATD1,ITPR3,RASAL1,TRAF1,TRAF4,METTL27,UNC93B1,HIRIP3,TNNI2,TNS4,DAZAP1,IL17RB,GDF15,CAMK1,AZIN2,USP35,MADCAM1,ABCC3,BAX"
"DEG_HVL_CRC29","106","0.35690000000000000","CREB3L1","CREB3L1","258","1444","0.05122000000000000164","0.142999999999999988","1.1270000000000000","ReMap--ChIP-seq","HEMK1,DHDH,SCO2,DDIT4,ORAI2,TEX22,HEXIM1,HEXIM2,BTBD19,NCAPH2,SHB,CCDC9,AGRN,EFEMP2,CYSRT1,DGAT1,NEK8,SDF2L1,SP6,TRIM46,E2F2,TSPOAP1,ICAM1,LGALS1,TRIM28,RRAS,NDUFAF3,SYNCRIP,TLCD1,NOXO1,GRIN1,NUP153,LYL1,ZIC2,SYNGR3,SLC3A2,DQX1,PLK3,BTG2,KIFC2,RCCD1,SLC17A7,CDKN2C,TMEM179B,MAMSTR,FKBP5,FANCG,MCM7,TULP2,SLC35B2,ZNF843,TANGO2,VWA7,TYMP,KISS1R,ISYNA1,STPG3,IQCN,PDXP,MUC1,HES4,RBMX,MDC1,SCAMP5,HES7,CFAP99,MLLT11,GRIN3B,LRSAM1,SLC29A1,RNASEK,PROCA1,RECQL4,CARNS1,FAM228B,SLC25A42,SLC25A45,BCL2L12,NRARP,TONSL,CCNL2,SLC34A3,PEX11G,PCBP1,N4BP3,HYAL1,MRPS6,PIDD1,BCL7C,TBC1D2,VIM,PIH1D1,CRACR2B,PA2G4,TMEM198,VSIG10L,GLI4,ZCWPW1,PLCD3,CHPF,ZFP36,NAGLU,TMSB10,DISP2,LSM4,LSM2,PGPEP1,ZNF513,WBP1,RHEBL1,CCDC88B,FAF1,CA11,KRT15,NRM,TMEM143,DNAJC22,ACBD4,DLG4,TMEM107,PDE4A,RNF207,EGFL8,SYNGAP1,CRABP2,RNF224,ACHE,ARHGAP4,RMI2,SPHK2,MED22,SAMD1,NUDT22,EXOC3L1,FTL,INO80B,DLX2,CORO1C,PBXIP1,HNRNPA1,CCDC78,ACTN4,TRIB3,CEP192,CCDC9B,HSD17B1,VEGFA,PNPLA2,SYCE2,GFY,BHLHE40,TMEM223,TAPBP,ANAPC11,EHD1,HNRNPL,HNRNPF,NRSN2,GPT,PLEKHN1,TUBB4B,ADM5,CLCF1,TM7SF2,FCGRT,RAB34,BRSK1,HSPBP1,PLXNA3,CCDC12,PIP5KL1,PPIL1,FTH1,LONP1,TBC1D10C,RALGDS,TRPM4,PYCR3,PANO1,PRX,PSD,IZUMO1,TUBB,CBFA2T3,RFNG,PSMC3IP,AMN1,FAM83E,CBX5,TRPT1,PERM1,THBS3,VPREB3,KRTCAP2,AGAP2,IQGAP3,RHBDL1,ABCA7,ROM1,TMC4,COL11A2,RABAC1,FRMD8,S100A5,S100A3,TRABD2A,LRRC56,SLC38A2,B3GALT4,PPM1N,CCNF,IFI35,SLC12A9,TMPO,ST6GAL1,TSPAN4,XRCC6,RASSF7,PAICS,ID3,TECR,KIF11,DOK3,HNRNPUL1,SLC1A5,ISG15,PHF13,ZP3,AURKB,HOXB9,TRIP6,FCRLB,BATF2,TM9SF1,NOTUM,CDK2,RNPEPL1,DUSP12,DALRD3,TRAF4,LAGE3,HIRIP3,IMPDH2,CDT1,ANP32B,DAZAP1,DNASE1L1,RASIP1,GDF15,LY6G5C,SMAD3,ALYREF,TP53I3,CKS1B,ABCC4,KLF11,LMNTD2,BAX"
"DEG_HVL_CRC29","107","0.36030000000000001","RXRA","RXRA","259","1450","0.05138999999999999818","0.142999999999999988","1.1270000000000000","ReMap--ChIP-seq","SCO2,DDIT4,ORAI3,HEXIM1,HEXIM2,BTBD19,DUSP1,DUSP9,PAFAH1B3,CCDC9,AGRN,EFEMP2,CYSRT1,DGAT1,SRCIN1,AMDHD2,NEK8,NOXA1,E2F1,ICAM1,LGALS1,TRIM28,CES2,SDC4,SYNGR2,RRAS,APOE,PCK1,PTMS,MT-ATP6,TLCD2,TLCD1,PTMA,PCNA,NOXO1,ORMDL3,MT-ATP8,DENND6B,TNFAIP2,LMNB2,LYL1,SYNGR3,ACOX1,PLEC,CD7,DQX1,CDKN1A,ADAMTSL4,GJD3,PLIN2,ANGPTL4,CDKN2D,HMCES,THOC6,FKBP5,BCL6,MCM7,APOC1,SLC35B2,TPX2,TYMP,KISS1R,STX16-NPEPL1,ISYNA1,STPG3,IQCN,PDXP,HES4,MT-ND6,MDC1,MT-ND4,MT-ND5,MT-ND1,HES7,C3,GRIN3B,SLC29A1,PROCA1,FSTL3,RECQL4,HLA-DMA,CARNS1,SLC25A45,LAG3,FOXP1,FSCN2,BCL2L12,SOCS3,MDM2,SLC25A19,PPP1R15B,SLC25A29,LRR1,CCNL2,SLC34A3,ENTPD8,MXRA8,PCBP1,ARSB,TNFRSF13C,TMEM150A,MMD,DOT1L,PIDD1,BCL7C,MVP,ENO1,RNF126,CRACR2B,GSDMB,CHKA,PLCD3,ZFP36,NAGLU,GPR108,LSM4,PTBP1,PGPEP1,PTBP3,ZNF513,WBP1,JMJD6,NECAB3,CORO6,AMPD3,TOMM40,CA11,TRIP10,TJP3,NRM,PAM16,DNAJC22,ACBD4,NFKBIA,DLG4,TGFBI,TMEM107,UPK3A,TRNP1,LTC4S,MT-CO1,MT-CO2,MT-CO3,ATF4,EXD3,CRABP2,CDCA4,RNF224,RMI2,SPHK2,SLC7A5,SAMD1,CENPM,YPEL3,FTL,INO80B,MT-CYB,ITGB2,ACP2,ITGA3,DEPP1,HNRNPA1,REC8,SNRPD3,ACTN4,TRIB3,ACY1,HSD17B1,VEGFA,NUDT8,PNPLA2,SCNN1A,TMEM230,BHLHE40,EPOP,NFATC3,EHD1,HNRNPL,NRSN2,GPT,CSAD,AIFM3,ZNF367,GRN,TUBB4B,CLCF1,TM7SF2,TLE3,RAB34,CCDC12,PLXNB2,PLXNB1,RFC2,FTH1,TBC1D10C,VASN,PANO1,COL18A1,IZUMO4,TUBB,DCST2,FAM83E,CBX5,MT-ND4L,ZNF276,RHBDL1,ABCA7,WFIKKN1,LRRC45,ROM1,TMC8,TMC6,COL11A2,FLNB,PIM1,FRMD8,SQSTM1,KANK3,SLC38A2,ZNF512B,PPM1G,TP53INP2,IFI35,RASSF4,TMPO,TSPAN4,RASSF7,ID3,ARMC12,KIF22,CD74,JADE1,ISG15,PHF19,AURKB,UQCRHL,SERPINE1,SERPINF2,SYTL3,CDC6,SF3A2,TM9SF1,NOTUM,DNMT1,AMH,TRAF4,METTL27,SEMA3B,MGAT4B,CDT1,DAZAP1,BICDL2,GDF15,TEDC1,SMAD3,CKS1B,LMNTD2,OPRL1,BAX"
"DEG_HVL_CRC29","108","0.36359999999999998","FOSL2","FOSL2","259","1451","0.05260000000000000092","0.142999999999999988","1.1259999999999999","ReMap--ChIP-seq","SCO2,DDIT4,HEXIM1,HEXIM2,BTBD19,SFXN3,MMP25,DUSP5,DUSP1,CCDC9,EFEMP2,CYSRT1,MAP3K8,NEK8,NOXA1,VPS9D1,UHRF1,LGALS4,MT2A,LGALS1,SDC4,RRAS,APOE,TLCD2,TLCD1,PTMA,PLAU,PLD1,TNFAIP2,CA9,ETV4,ELF3,PLEC,POLD4,COL7A1,CD7,PRKCG,ARMC7,MEX3A,CDKN1A,ADAMTSL4,ANGPTL4,TPM2,THOC6,MAP3K14,SAPCD2,CEBPB,ABLIM3,WDR97,APOC1,TMEM184A,EDN1,AMIGO2,TYMP,ATP1B1,MFSD1,STPG3,IQCN,MDC1,HES7,HSPG2,COL1A1,PROCA1,RECQL4,STAT6,SLC16A5,FSCN2,PFKFB4,BCL2L12,SOCS3,PPP1R15B,LRP1,PC,RCC1,SLC34A3,ENTPD8,TMEM87B,FKBP10,GLB1L,ARHGEF39,AJM1,PIDD1,CFAP45,MVP,INAFM1,VIM,ENO1,ENO2,CREB3L1,SULT2B1,CRACR2B,PA2G4,PFAS,ZCWPW1,PLCD3,ZFP36,NAGLU,ABHD4,GPR108,LSM4,PGPEP1,WBP1,MROH6,DDX60L,MTUS1,JMJD6,CARHSP1,CD109,NUAK1,CCDC88B,MYL6B,AMPD3,SLC20A1,ALOX12B,KRT19,KRT15,TRIP10,LTBP2,ALDH3B1,ACBD4,NFKBIA,DLG4,TGFBI,KYNU,NAPRT,TMEM107,TRNP1,KRT80,LTC4S,POLM,ATF4,EXD3,CDCA4,RNF224,SLC7A5,CENPA,NUDT22,FTL,ACP2,ITGB6,SMIM14,ITGA3,PBXIP1,HNRNPA3,CCDC78,ACTN4,TRIB3,TRIB1,OSGIN1,NRP2,IL11,HSD17B1,SH3RF2,PNPLA2,PRR15L,SCNN1A,SHARPIN,RARRES1,BHLHE40,NABP1,CUEDC1,ANAPC11,HMOX1,FOSL2,EHD1,HNRNPL,NRSN2,C1QTNF6,TUBB4B,CLCF1,TM7SF2,RAB34,TCIRG1,PIP5KL1,PKM,NEMP1,FTH1,KRT7,PYCR3,PANO1,PSD,TUBB,DCST2,NT5C,AMN1,KIAA0513,SHISA4,SAE1,TRPT1,ZNF276,WFIKKN1,LYPLA2,LRRC45,MYOF,FLNB,PIM1,S100A2,S100A5,S100A4,S100A3,SQSTM1,SLC38A2,ZNF512B,PPM1N,PARD6B,TP53INP2,ATP9A,SCN1B,TMPO,TSPAN4,TSPAN5,ID3,TECR,LMCD1,EXOSC4,CD55,SPC24,SCARA3,SLC1A5,PROC,AURKB,UQCRHL,S100P,SERPINE1,SERPINF2,S100A16,SIVA1,CDC6,ANXA3,IGFBP4,ADAM9,PSAP,RNPEPL1,DUSP12,TRAF2,TRAF4,METTL27,SEMA3C,UNC93B1,SEMA3B,CTNNAL1,ADRM1,AHNAK2,TPCN1,MGAT4B,TNS4,CDT1,BICDL2,TUBG2,GDF15,TEDC1,PDZD7,SMAD3,ALYREF,CKS1B,ABCC3,TFPI,LEKR1,BAX"
"DEG_HVL_CRC29","109","0.36699999999999999","IRF2","IRF2","259","1451","0.05260000000000000092","0.142999999999999988","1.1259999999999999","ReMap--ChIP-seq","MTHFD2,DDIT4,ORAI3,HEXIM1,HEXIM2,BTBD19,DUSP1,CCDC9,AGRN,EFEMP2,CYSRT1,KMT5A,PKMYT1,AMDHD2,TNFRSF14,NEK8,SDF2L1,KCNK6,VPS9D1,TRIM46,TSPOAP1,MTFR1L,ICAM1,GIPR,SYNGR2,RACGAP1,RRAS,NEU1,CPLANE2,BST2,MT-ATP6,CACYBP,TLCD1,NOXO1,MT-ATP8,TACC3,LYL1,SYNGR3,PLEC,SLC3A2,ARMC7,PLK3,MEX3A,BTG2,CDKN1A,CDKN1B,KIFC2,SLC17A7,APOL1,APOL2,CDKN2D,CDKN2C,TMEM179B,MAMSTR,THOC6,MCM7,NOD1,BCOR,SLC35B2,IFIT3,BRICD5,TANGO2,CHRAC1,KISS1R,EMC9,COMT,ISYNA1,STPG3,IQCN,MUC1,HES4,MT-ND6,MDC1,MT-ND4,MT-ND5,MT-ND1,SCAMP5,HES7,EML2,RBCK1,C3,GRIN3B,SLC29A1,PROCA1,RECQL4,HLA-DMA,HLA-DMB,SLC25A45,FSCN2,BCL2L12,SOCS2,TONSL,UBE2L6,CCNL2,SLC34A3,MXRA8,GCDH,PCBP1,TMEM150A,HOMEZ,PIDD1,BCL7C,CDHR2,CCDC194,MVP,INAFM1,PIH1D1,CRACR2B,PA2G4,ZCWPW1,PLCD3,ZFP36,NAGLU,GPR108,LSM4,LSM2,NES,RANGAP1,PATL2,ZNF513,WBP1,RHEBL1,JMJD6,PARP14,CCDC88B,FAF1,MYL6B,CA11,TRIP10,TMEM143,ASIC1,ACBD4,TMEM107,PDE4A,SPG7,MT-CO1,SYNGAP1,MT-CO2,MT-CO3,ATF4,CRABP2,CDCA5,RNF224,ACHE,RMI2,SPHK2,CRB2,ZNF473,SAMD1,NUDT22,CENPN,FTL,INO80B,GMPS,MT-CYB,PBXIP1,HNRNPA1,TRIB3,EGR1,HSD17B1,VEGFA,PNPLA2,TBC1D31,HOOK2,BHLHE40,TMEM223,TAPBP,ANAPC11,EHD1,HNRNPF,ATG2A,NRSN2,GPT,PLEKHN1,TUBB4B,ADM5,RAB3A,TM7SF2,FCGRT,RAB34,SLC26A1,CCDC24,CCDC12,TCIRG1,CATSPERG,POLR1E,NEMP1,TRPM4,PANO1,PSD,IZUMO1,TUBB,CBFA2T3,RFNG,DCST2,KIAA0513,CBX5,CBX2,SAE1,PPP2R5B,TRPT1,PERM1,THBS3,MT-ND4L,KRTCAP2,ZNF276,RHBDL1,FERMT3,GPR19,CTCF,VSIR,LYPLA2,ROM1,TMC8,TMC6,IDUA,PIM1,FRMD8,SLC38A2,B3GALT4,PPM1N,IFI35,SLC12A9,TMPO,ST6GAL1,PAICS,KIF22,DOK3,SLC1A5,ISG15,PHF13,ZP3,AURKB,S100P,HOXB9,S100A13,HOXC8,TRIP6,TNFSF9,PRSS22,SERPINB1,NOTUM,TOR3A,DGKQ,AMH,TRAF4,HIRIP3,CDT1,ANP32E,BTN3A1,BTN3A3,RASIP1,RANBP1,GDF15,ALYREF,CKS1B,USP16,ZNF184,BAX"
"DEG_HVL_CRC29","110","0.37040000000000001","VDR","VDR","259","1453","0.05510000000000000314","0.148999999999999994","1.1240000000000001","ReMap--ChIP-seq","SCO2,DDIT4,SLBP,HEXIM1,HEXIM2,BTBD19,NCAPH2,AGO2,DUSP1,FADS2,EFEMP2,CYSRT1,PKMYT1,NEK8,C1S,E2F2,TSPOAP1,LGALS4,SDC4,SYNGR2,PCK2,TNFSF13,NDUFAF3,MT-ATP6,TLCD1,PTMA,NOXO1,MT-ATP8,TACC3,PLAU,DENND6B,TNFAIP2,LMNB2,SYNGR3,ELF3,PLEC,SLC3A2,POLD4,COL7A1,CD7,DQX1,PLK3,BTG2,CDKN1A,CDKN1B,TK1,RCCD1,CDKN2C,TMEM179B,THOC6,INSIG1,BCL6,MCM7,SAPCD2,ABLIM3,BCOR,SLC35B2,BRICD5,TMEM184A,TPX2,HEG1,AMIGO2,TYMP,EMC9,MFSD1,STPG3,IQCN,MT-ND6,MT-ND4,MT-ND5,MT-ND1,HES7,CFAP69,COL1A1,LRSAM1,PROCA1,CARNS1,HR,SLC25A45,FSCN2,FBLIM1,SOCS3,NXT1,SH2D4A,RCC1,CCNL2,SLC34A3,PCBP1,ZNF703,CCDC121,DOC2A,CCDC117,DOT1L,CRIP2,PIDD1,CFAP45,MVP,EHF,CREB3L1,SULT2B1,CRACR2B,PA2G4,PFAS,JDP2,HBEGF,ZNFX1,PLCD3,COL16A1,ZFP36,NAGLU,WBP1,NECAB3,CCDC88B,FAF1,MYL6B,AMPD3,SLC20A1,KRT13,KRT19,KRT15,ACBD4,NFKBIA,DLG4,TGFBI,TMEM107,MT-CO1,MT-CO2,MT-CO3,ATF4,CDCA5,RNF224,HOXC10,SPHK2,MED22,PXDN,NUDT22,COL3A1,FTL,CD274,INO80B,NAE1,MT-CYB,PBXIP1,HNRNPA1,CDC20,SNRPD3,CCDC78,ACTN4,TRIB3,ACY1,IL11,HSD17B1,MGAT1,RELT,OSM,NUDT8,PNPLA2,GPRIN2,PRR15L,SCNN1A,RARRES1,BHLHE40,TMEM223,CDK5RAP3,ANAPC11,FOSL2,EHD1,HNRNPL,HNRNPF,NRSN2,CSAD,C1QTNF8,PLEKHN1,TUBB4B,CLCF1,RAB3A,TM7SF2,FCGRT,TLE3,RAB34,PLXNB2,PKM,RAB26,TBC1D10C,KAT8,KRT7,PANO1,LIMD2,PRX,PSD,DCST2,AMN1,PTGES2,MYCL,FAM83E,CBX5,SAE1,YBX2,TRPT1,CDK2AP2,MT-ND4L,PGAP3,TMEM97,HDHD5,RHBDL1,FERMT3,CTCF,ROM1,TMC8,TMC6,TMEM106C,PLXDC1,S100A2,FRMD8,S100A5,S100A4,S100A3,SLC38A2,ARRB2,SLC12A9,TMPO,TSPAN4,TSPAN1,SURF1,ID3,CTSD,KIF22,KIF2C,CD74,SLC1A5,PHF19,SSTR5,AURKB,UQCRHL,SERPINE1,TRIP6,PRSS22,SERPINB1,FMOD,RNPEPL1,DALRD3,TRAF4,METTL27,SEMA3B,CFLAR,IMPDH2,CDT1,KLLN,DAZAP1,FEN1,BICDL2,PPCDC,GDF15,TEDC1,CASKIN1,SMAD3,ALYREF,CKS1B,BAX"
"DEG_HVL_CRC29","111","0.37369999999999998","TEAD4","TEAD4","258","1449","0.05752000000000000168","0.153999999999999998","1.1230000000000000","ReMap--ChIP-seq","DDIT4,HEXIM1,HEXIM2,BTBD19,SHB,MMP25,DUSP1,RAPGEF3,CCDC9,AGRN,FADS2,EFEMP2,MAP3K8,SRSF3,PKMYT1,NEK8,BCAS1,VPS9D1,ICAM1,SDC4,GIPR,SYNGR2,NDUFAF3,FBXL5,MT-ATP6,TLCD1,PTMA,NOXO1,MT-ATP8,PLAU,PLD1,TNFAIP2,LMNB2,ZIC2,SYNGR3,ELF3,SLC3A2,PRKCG,ARMC7,BCAM,PLK3,CGN,MEX3A,CDKN1B,ADAMTSL4,COPZ2,ANGPTL4,THOC6,MAP3K20,BCL6,MCM7,LBR,CEBPB,MGME1,SLC35B2,TPX2,AMIGO2,KISS1R,IQCN,HES4,MT-ND6,MDC1,MT-ND4,MT-ND5,MT-ND1,HES7,HSPG2,EML2,C3,COL1A1,GRIN3B,SIRT4,SLC29A1,PROCA1,RECQL4,SLC25A45,SLC16A5,SOCS2,SOCS3,SH2D3A,PPP1R15B,BAIAP2,LRR1,TONSL,RCC1,TMEM150A,DOT1L,CRIP2,CAVIN2,BANF1,PIDD1,CFAP45,MARVELD1,INAFM1,VIM,ENO1,CREB3L1,SULT2B1,CRACR2B,CHKA,ZNFX1,PLCD3,ZFP36,TMSB10,CLIP2,GPR108,LSM4,LSM2,NES,PTBP1,PGPEP1,ZNF608,MTUS1,JMJD6,NUAK1,SIAH2,CCDC88B,MYL6B,ANKRD1,AMPD3,SLC20A1,KRT13,KRT19,KRT15,TRIP10,ACBD4,DLG4,TGFBI,TMEM107,RNF207,TRNP1,KRT80,MT-CO1,MT-CO2,MT-CO3,ATF4,CRABP2,FAT1,ACHE,YPEL3,MT-CYB,ITGB8,ITGA3,ADORA2B,PBXIP1,HNRNPA1,HNRNPA3,ACTN4,TRIB3,TRIB1,PDIK1L,VEGFA,HNRNPA2B1,PNPLA2,SCNN1A,ADGRG1,BHLHE40,CUEDC1,TRA2B,HNRNPU,ANAPC11,FOSL2,HNRNPL,HNRNPF,NRSN2,GPT,TEAD1,CEP55,CLCF1,TM7SF2,TLE3,TLE2,RAB34,PIP5KL1,HAUS4,PKM,NEMP1,FTH1,KRT7,GPR37L1,PANO1,CITED2,PRX,PSD,IZUMO1,TUBB,AMN1,PTGES2,ANXA11,CBX5,CBX3,SAE1,KDM5B,RASA2,WEE1,MT-ND4L,PGAP3,ZNF276,RHBDL1,ABCA7,GPR19,MYOF,TMC8,TMC6,FLNB,PLXDC1,PIM1,S100A2,FRMD8,KANK3,TRABD2A,SLC38A2,ARRB1,PPM1N,PARD6B,TMPO,TSPAN4,ANLN,ID3,TECR,KIF22,CD55,SPC24,JADE1,SLC1A5,ISG15,PHF13,AURKB,UQCRHL,SERPINE1,STMN1,HOXB9,S100A16,S100A13,MTHFR,CDC6,TRIP6,SERPINB1,ANXA3,PSAP,DALRD3,TRAF4,METTL27,SEMA3C,CTNNAL1,CFLAR,IMPDH2,TNS4,CDT1,FEN1,BICDL2,GDF15,ARHGAP18,SMAD3,ALYREF,CKS1B,ABCC4,ZNF184"
"DEG_HVL_CRC29","112","0.37709999999999999","ARID2","ARID2","258","1451","0.06019999999999999657","0.160000000000000003","1.1210000000000000","ReMap--ChIP-seq","DDIT4,ORAI3,HEXIM1,HEXIM2,BTBD19,SFXN3,DUSP1,TOMM40L,CCDC9,AGRN,FADS2,EFEMP2,CYSRT1,MAP3K8,VMAC,AMDHD2,NEK8,LGALS1,TRIM28,SDC4,TNFSF13,PTMS,SYNCRIP,TLCD1,PTMA,PCNA,NOXO1,ADAM10,PLD1,INAVA,GRK5,FGF11,TNFAIP2,SYNGR3,SHANK2,PLEC,GALT,SLC3A2,RALY,CD4,CD7,DQX1,ARMC7,PLK3,CDKN1A,CDKN1B,ADAMTSL4,KIFC2,SLC17A9,MAMSTR,THOC6,FANCA,BCL6,MCM7,CEBPB,MGME1,SLC35B2,BRICD5,GSAP,TPX2,EMC9,STPG3,PDXP,HES4,HES7,RBCK1,C3,LYZ,GRIN3B,SLC29A1,FSTL3,RECQL4,HNMT,SLC25A45,SLC16A5,LAG3,SOCS3,SLC25A19,PPP1R15B,LRR1,TONSL,CCNL2,SLC34A3,MXRA8,PCBP1,PCSK4,HYAL1,TMEM150A,MMD,CCDC117,DOT1L,MOK,GLB1L,ZFHX2,BMP4,PIDD1,HS3ST3B1,CDHR2,MVP,EPS8L2,ENO2,RNF126,CRACR2B,CHKA,PA2G4,PLCD3,YEATS4,ZFP36,NAGLU,LZTS3,RNF170,GPR108,LSM4,PGPEP1,WBP1,JMJD6,CARHSP1,SIAH2,AMPD3,B3GNT9,TRIP10,ATP6V1A,ACBD4,ACSF2,DLG4,TMEM107,TRNP1,SPG7,RNF224,FAT1,TCP11L2,SAMD1,NUDT22,CRLF1,EXOC3L1,FTL,INO80B,DLX2,PBXIP1,DEPP1,CRKL,SNRPD3,ACTN4,TRIB3,TRIB1,GREB1,ACY1,THTPA,HSD17B1,VEGFA,PNPLA2,TMEM230,TRA2B,HNRNPU,FNDC3B,ANAPC11,HMOX1,NFATC3,FOSL2,EHD1,HNRNPF,ATG2A,NRSN2,GPT,AIFM3,TEAD1,ZNF367,TEAD4,TUBB4B,DHRS2,TM7SF2,RAB34,SLC26A1,PLXNB1,REEP6,CNIH2,AMD1,AP1G2,CALML6,FTH1,KAT8,PANO1,CITED2,PSD,SLC22A31,CYP2W1,FAM83D,CBX2,SAE1,YBX2,PPP2R5B,TRPT1,WEE1,PGAP3,ABCB6,ABCA7,GPR19,WFIKKN1,LRRC45,ROM1,CKS2,IDUA,FLNB,SLC38A1,FRMD8,SQSTM1,SLC38A2,ZNF512B,PPM1N,PPM1G,PARD6B,TP53INP2,IFI35,RASSF4,TMPO,STX1B,TSPAN4,ID3,TECR,KIF22,SLC43A1,ATAD3C,NDUFV2,ISG15,PROC,PAOX,AURKB,S100P,S100A16,ING2,NOTUM,DGKQ,ADAM9,MINDY1,FN3K,CDK2,RNPEPL1,SLC37A4,TRAF4,SEMA3B,SEMA4G,MGAT4B,CDT1,DAZAP1,FEN1,IL17RB,GDF15,TEDC1,ARHGAP18,CASKIN1,PDZD7,SMAD3,ALYREF,CKS1B,MADCAM1,OPRL1,TOB1,BAX"
"DEG_HVL_CRC29","113","0.38050000000000000","MAF","MAF","258","1453","0.06296999999999999820","0.165000000000000008","1.1190000000000000","ReMap--ChIP-seq","HEMK1,SCO2,DDIT4,ORAI2,SLBP,BTBD19,NCAPH2,KCNC3,MMP25,EFEMP2,CYSRT1,NEK8,SDF2L1,VPS9D1,E2F1,TRIM46,TSPOAP1,LGALS1,TRIM28,SYNGR2,RRAS,TNFSF13,PTK6,NDUFAF3,PTMS,MT-ATP6,RAC2,TLCD1,NOXO1,MT-ATP8,TACC3,FGF11,SYNGR3,PLEC,SLC3A2,PSMB10,CD4,CD6,COL7A1,CD7,HCFC1,PRKCQ,PLK3,BTG2,KIFC2,SLC17A9,SLC17A7,THOC6,BCL6,SAPCD2,ZNF747,WDR97,BCOR,SLC35B2,IFITM2,HDAC10,BRICD5,TYMP,KISS1R,EMC9,CCDC28B,EME2,FPGS,ISYNA1,STPG3,IQCN,PDXP,MUC1,MT-ND6,MT-ND4,MT-ND5,MT-ND1,HES7,NAPSA,GRIN3B,RNASEK,PROCA1,RECQL4,CARNS1,UCP2,CASTOR1,LAG3,FSCN2,BCL2L12,SH2D3C,SLC25A29,BAIAP3,SPON2,TONSL,SLC34A3,PCBP1,TNFRSF13C,HYAL1,CRIP2,GLB1L,CCND2,HOMEZ,AJM1,CD164L2,PIDD1,CDHR2,MVP,ENO1,ENO2,PIH1D1,RNF126,CRACR2B,TMEM187,GLI4,PLCD3,ZFP36,TMSB10,LSM4,CARHSP1,NECAB3,CCDC88B,CORO6,MYL6B,STAB1,B3GNT9,CXCR4,CA11,TMEM134,ELMO3,ACBD4,DNAJC18,NFKBIA,TMEM107,PDE4A,CHMP6,LTC4S,POLM,TBKBP1,MT-CO1,MT-CO2,MT-CO3,CDCA3,RNF213,RNF224,ARHGAP4,SPHK2,MED22,ZSWIM8,SAMD1,NUDT22,CENPM,YPEL3,EXOC3L1,FTL,CORO1B,MT-CYB,ITGB2,ACP2,PBXIP1,TSPAN31,REC8,CCDC78,ACY1,TAGLN,HSD17B1,MGAT1,REM2,IL32,OSM,PNPLA2,SHARPIN,TMEM223,ANAPC11,SNAI3,EHD1,HNRNPL,GNPTG,HNRNPF,FNDC11,NRSN2,GPT,C1QTNF6,TUBB4B,CLCF1,TM7SF2,RAB34,CCDC12,PIP5KL1,NEMP1,FTH1,TBC1D10C,TRPM5,RALGDS,PANO1,PSD,IZUMO4,PGGHG,RFNG,DCST2,FAM83E,TRPT1,CDK2AP2,MT-ND4L,KRTCAP2,DDX39A,ZNF276,ABCB6,AGAP2,TAPBPL,RHBDL1,ABCA7,FERMT3,WFIKKN1,LRRC45,ROM1,TMC8,TMC6,SQSTM1,TRABD2A,ZNF512B,ARRB2,PPM1N,IFI35,PAQR6,TSPAN4,SURF1,TECR,KIF22,EXOSC4,RASGRP2,SSH3,PHF19,AURKB,MAPK12,MAPK11,SIVA1,TIGAR,SF3A2,GPR3,ADAM8,RNPEPL1,AMH,TRAF2,TRAF1,DALRD3,TRAF4,SEMA3B,IMPDH2,MGAT4B,CDT1,BICDL2,NME3,DNASE1L1,TEDC1,TEDC2,CASKIN1,SMAD3,ALYREF,CKS1B,OPRL1,PRRG2,PIK3IP1,BAX"
"DEG_HVL_CRC29","114","0.38379999999999997","NR2F6","NR2F6","257","1448","0.06421999999999999931","0.167000000000000010","1.1180000000000001","ReMap--ChIP-seq","DDIT4,HEXIM1,HEXIM2,BTBD19,SFXN3,SHB,DUSP1,DUSP9,TOMM40L,CYSRT1,SRCIN1,LY6E,ZKSCAN1,E2F1,TRIM31,ICAM1,TMEM63A,SDC4,SYNGR2,APOE,PCK1,PCK2,NMRK1,ZHX2,TLCD2,PCNA,ORMDL3,INAVA,FGF17,FGF19,TNFAIP2,ETV4,ELF3,ACOX1,GALT,COL7A1,CD7,POLE3,SARDH,DQX1,ARMC7,BCAM,PLK3,EXOC7,PLIN2,ANGPTL4,COL27A1,THOC6,SLC4A11,TST,CEBPB,CEBPG,MGME1,APOC1,BCOR,HDAC11,OBSL1,TPX2,PARP2,COMT,ATP1B1,STPG3,IQCN,MDC1,HES7,HSPG2,C3,LYZ,SIRT2,SLC29A1,FSTL3,STAT6,TTLL5,SLC25A45,SLC16A5,PFKFB4,FBLIM1,SOCS3,MDM2,SLC25A19,SLC47A2,LRP1,FOXJ1,CCNL2,SLC34A3,MXRA8,ARSB,HYAL1,TMEM150A,CCDC117,NPM2,PDGFRB,ARMH1,EPS8L2,LAMB2,ENO1,GSDMB,CHKA,PA2G4,IMPA2,PLCD3,ZFP36,NAGLU,CLIP2,GPR108,LSM4,LSM2,PTBP1,PGPEP1,RANGAP1,ZNF513,WBP1,GLRX,ASS1,MTUS1,SIAH2,CCDC88B,ANKRD9,TOMM40,TRIP10,TJP3,PAM16,TMEM123,ACBD4,ACSF2,TMEM107,UPK3A,TRNP1,SPG7,ATF4,RNF215,RNF224,RMI2,SPHK2,SLC7A5,SAMD1,YPEL3,INO80B,CORO2A,ITGB2,ACP2,SMIM14,PBXIP1,DEPP1,SNRPD3,ACTN4,MYO7A,TRIB3,TRIB1,EGR1,OSGIN1,ACY1,HSD17B1,VEGFA,SCNN1A,MANSC1,CUEDC1,SPOCK2,EPOP,FNDC3B,HMOX1,EHD1,HNRNPL,HNRNPF,FNDC11,AIFM3,C1QTNF8,C1QTNF6,TUBB4B,DHRS2,MPC1,TLE3,PLXNB2,PLXNB1,RFC2,CALML6,FTH1,TBC1D10C,VASN,COL18A1,CITED2,TUBB,FAM83E,SAE1,AXIN1,PGAP3,VPREB3,ABCA7,WFIKKN1,LRRC45,TMC8,TMC6,COL11A2,FLNB,PIM1,FRMD8,KANK3,SLC38A2,ZNF512B,ZBTB46,PPM1N,PARD6B,TP53INP2,ATP9A,SPATA20,RASSF4,SCN1B,SLC12A9,RASSF7,BPIFB1,ID3,RGL3,TECR,KIF12,RBBP8NL,SLC43A1,FUOM,GPC3,SPC24,PALM,MAT1A,ATAD3C,SSTR5,AURKB,S100P,SERPINE1,SERPINF2,CHST13,SIVA1,SERPINB1,RHBG,CCL20,NOTUM,INHA,GPT2,DNMT1,AK1,NATD1,PSD4,NIPSNAP1,SEMA3B,ADRM1,CFLAR,SEMA4G,TPCN1,LCN12,BICDL2,GDF15,PDZD7,SMAD3,ARHGAP30,CKS1B,MADCAM1,ABCC3,LMNTD2,OPRL1,TOB1"
"DEG_HVL_CRC29","115","0.38719999999999999","ZNF384","ZNF384","257","1450","0.06714000000000000523","0.172999999999999987","1.1160000000000001","ReMap--ChIP-seq","DHDH,DDIT4,SET,HEXIM1,HEXIM2,BTBD19,DUSP1,TOMM40L,CCDC9,CYSRT1,KMT5A,SRSF3,SRSF7,PKMYT1,AMDHD2,ZKSCAN1,NEK8,SDF2L1,KCNK6,MSL2,E2F2,ICAM1,SYNGR2,NEU1,APOE,SPDYC,BST2,TLCD2,TLCD1,PCNT,NUP153,LMNB2,LYL1,ETV4,ACOX1,SLC3A2,POLE3,ARMC7,NUP85,PLK3,CDKN1B,ADAMTSL4,TK1,PLIN2,ANGPTL4,ADCY4,CDKN2D,TMEM179B,THOC6,BCL6,MCM7,PHACTR4,SAPCD2,MCM5,CEBPB,TULP2,MGME1,APOC1,TPX2,VWA7,KISS1R,EMC9,COMT,FPGS,ISYNA1,IQCN,RBMX,MDC1,HES7,RBCK1,MLLT11,GRIN3B,SIRT4,SLC29A1,PROCA1,FSTL3,SLC25A45,SLC16A5,SH2D3C,SLC25A19,LRP1,SLC25A20,LRR1,RCC1,SLC34A3,CTXN1,GCDH,PCBP1,FKBP10,DOC2A,HYAL1,TMEM150A,DOT1L,HOMEZ,BCL7C,MVP,INAFM1,ENO1,SULT2B1,RNF126,TYRO3,CHKA,PA2G4,PFAS,ZCWPW1,PLCD3,ZFP36,NAGLU,CLIP2,STIP1,LSM4,LSM2,DNMT3B,PGPEP1,WBP1,JMJD6,CARHSP1,SIAH2,CCDC88B,CLIC4,MYL6B,CA11,TJP3,NRM,TMEM134,DNAJC22,ACBD4,NFKBIA,TMEM107,PDE4A,TRNP1,SPG7,RAVER1,RNF224,CHAF1A,SPHK2,NUDT22,YPEL3,FTL,INO80B,CORO1B,ZNF425,SMIM24,HNRNPA1,MYO1F,CRKL,TRIB3,TRIB1,PDIK1L,HSD17B1,VEGFA,NRTN,SYCE2,HOOK2,BHLHE40,TMEM223,TAPBP,EPOP,HMOX1,SNAI3,HNRNPL,HNRNPM,HNRNPF,SNAI1,HNRNPC,NRSN2,ZNF367,ADM5,CLCF1,RAB3A,TM7SF2,FCGRT,TLE3,TLE2,RAB36,RAB34,PIP5KL1,RFC2,HAUS4,PKM,CATSPERG,RAB26,CALML6,LONP1,KAT8,SPTBN4,TRPM4,HIP1,PRX,PSD,TUBB,NT5C,PTGES2,PTGES3,FAM83E,KLHDC10,CBX5,CBX2,SAE1,TRPT1,WEE1,DDX39A,ABCB6,FERMT3,GPR19,LYPLA2,TMC8,TMC6,PIM1,FRMD8,SQSTM1,KANK3,MLXIPL,BIRC5,PPM1N,PPM1G,PARD6B,TP53INP2,NDUFA7,IFI35,STX1B,ID3,TECR,KIF22,KIF2C,SLC1A5,MAST3,NUP62,AURKB,NUP43,UQCRHL,SERPINE1,TIGD3,SF3A2,NDE1,MORN3,DNMT1,MINDY1,PSAP,AMH,NIPSNAP1,TRAF4,SEMA3B,CFLAR,TPCN1,MGAT4B,CDT1,CCT6A,BICDL2,GDF15,LY6G5C,SMAD3,MAVS,CKS1B,TOB1,PRRG2,BAX"
"DEG_HVL_CRC29","116","0.39060000000000000","TCF7L2","TCF7L2","257","1451","0.06862999999999999656","0.174999999999999989","1.1150000000000000","ReMap--ChIP-seq","DDIT4,ORAI3,HEXIM1,HEXIM2,SFXN3,SHB,DUSP4,DUSP5,DUSP1,AGRN,EFEMP2,CYSRT1,PKMYT1,NEK8,SP6,ONECUT3,TRIM46,E2F2,MT2A,SDC4,MT-ATP6,TLCD1,PTMA,NOXO1,MT-ATP8,PLAU,PLD1,TNFAIP2,ZIC2,SYNGR3,ETV4,ELF3,PLEC,SLC3A2,CD7,DQX1,ALCAM,ARMC7,WDR54,CDKN1B,SLC17A7,CDKN2B,CDKN2C,PLP2,THOC6,BCL6,LHX4,MCM7,LBR,SAPCD2,WDR97,BCOR,HMX3,EDN1,AMIGO2,KISS1R,GRHL3,IQCN,BUB3,MT-ND6,MDC1,MT-ND4,MT-ND5,MT-ND1,LIPH,SAMD11,HES7,EML2,RIPK4,PROCA1,SLC16A5,FSCN2,SOCS2,SOCS3,NRARP,PCBP1,ZNF703,FKBP10,HYAL1,FOXD1,CCDC117,CRIP2,CCDC159,TANC1,BMP4,PIDD1,CFAP45,RBM15,MVP,VIM,EHF,ENO1,ENO2,PIH1D1,SULT2B1,CRACR2B,PFAS,GPR153,PLCD3,ZFP36,NAGLU,GPR108,NES,WBP1,RHEBL1,DDX60L,ZNF608,MTUS1,TSHZ1,CCDC88B,CORO6,FAF1,AMPD3,B3GNT9,CA11,KRT19,KRT15,TRIP10,ALDH3B1,ACBD4,DLG4,NAPRT,TMEM107,PDE4A,RNF207,TRNP1,KRT80,MT-CO1,MNX1,MT-CO2,MT-CO3,CRABP2,CDCA5,RNF215,RNF224,RNF227,FAT1,LIN54,BHLHE41,HOXC10,SPHK2,ODC1,CENPA,NUDT22,INO80B,DLX2,MT-CYB,ITGA3,PBXIP1,CDC20,CCDC78,ACTN4,TRIB3,TRIB1,EGR3,HSD17B1,SH3RF2,PNPLA2,SCNN1A,BHLHE40,TAPBP,CUEDC1,EPOR,ANAPC11,FOSL2,EHD1,HNRNPL,NRSN2,TM7SF2,FCGRT,TLE3,RAB34,PIP5KL1,NEMP1,KRT7,PANO1,CHMP1B,PSD,TUBB,RFNG,DCST2,AMN1,ITPRIP,HOXA11,FAM83E,YBX2,TRPT1,LEF1,MT-ND4L,KRTCAP2,RHBDL1,ABCA7,LYPLA2,LRRC45,MYOF,ROM1,TMC8,TMC6,PIM1,S100A2,FRMD8,S100A5,S100A4,S100A3,SQSTM1,SLC38A2,PPM1N,PARD6B,CYB5B,TMPO,PAQR7,TSPAN4,TSPAN5,ID3,TECR,KIF22,CD44,CD55,SPC24,SCARA3,GEMIN7,ISG15,AURKB,UQCRHL,SERPINE1,HOXA1,HOXB9,HOXC8,SSPN,PRSS22,SERPINB1,NOTUM,ABHD11,NATD1,TRAF4,METTL27,SEMA3C,UNC93B1,SEMA3B,TPCN1,MGAT4B,TNS4,PTGES,CDT1,DAZAP1,BICDL2,GDF15,TEDC1,PDZD7,SMAD3,ALYREF,CKS1B,ABCC3,KLF10,TOB1,LEKR1,ZNF184"
"DEG_HVL_CRC29","117","0.39389999999999997","SMAD3","SMAD3","257","1452","0.07015000000000000402","0.174999999999999989","1.1150000000000000","ReMap--ChIP-seq","SPINT1,SCO2,DDIT4,HEXIM1,HEXIM2,BTBD19,SHB,MMP25,DUSP5,DUSP1,CCDC9,AGRN,EFEMP2,NEK8,TRIM46,ICAM1,TMEM63A,SDC4,NDUFAF3,FBXL5,MT-ATP6,TLCD1,PTMA,NOXO1,MT-ATP8,PLAU,INAVA,LMNB2,SYNGR3,ELF3,PLEC,SLC3A2,POLD4,CDA,ALCAM,ARMC7,PLK3,CGN,MEX3A,CDKN1A,CDKN1B,ADAMTSL4,ANGPTL4,TMEM179B,THOC6,BCL6,MCM7,LBR,CEBPB,ABLIM3,WDR97,BCOR,TMEM184A,TPX2,EDN1,AMIGO2,TYMP,GRHL3,STX16-NPEPL1,ATP1B1,LPP,CDH24,IQCN,MUC1,HES4,MT-ND6,MT-ND4,MT-ND5,MT-ND1,COL1A1,LRSAM1,RIPK4,EMP1,SLC29A1,PROCA1,FSTL3,CASTOR1,SLC16A5,FSCN2,SOCS3,SH2D3A,PPP1R15B,RCC1,MXRA8,PCBP1,FKBP10,DOT1L,SERTAD4,GLB1L,CAPN8,BANF1,PIDD1,SFR1,CFAP45,MVP,VIM,ENO1,CRACR2B,PA2G4,ZNFX1,PLCD3,ZFP36,TMSB10,GPR108,LSM4,NES,DNMT3B,PGPEP1,WBP1,DDX60L,ZNF608,MTUS1,JMJD6,NUAK1,SIAH2,AMPD3,SLC20A1,CA11,KRT13,KRT19,KRT15,TRIP10,LTBP2,ACBD4,DLG4,TGFBI,TMEM107,TRNP1,KRT80,MT-CO1,MT-CO2,MT-CO3,CRABP2,CDCA4,RNF215,FAT1,SPHK2,CD274,INO80B,MT-CYB,ITGB6,ITGA3,ADORA2B,PBXIP1,ACTN4,TRIB1,NRP2,IL11,OSM,VEGFA,SH3RF2,HNRNPA2B1,PNPLA2,SCNN1A,SHARPIN,SYT8,BHLHE40,TMEM223,ADGRF1,TRA2B,HMOX1,FOSL2,EHD1,SNAI1,CSAD,PLEKHN1,TEAD1,GRAMD2B,CLCF1,TM7SF2,TLE3,RAB34,CCDC12,PKM,CEACAM19,NECTIN4,SEPHS1,KRT7,CITED2,CHMP1B,DCST2,NT5C,NT5E,FAM83E,CBX3,HK2,PFDN2,WEE1,MT-ND4L,PGAP3,KRTCAP2,ABCA7,GPR19,MYOF,NTF4,FLNB,PIM1,S100A2,S100A5,S100A4,S100A3,TRABD2A,TACSTD2,SLC38A2,ARRB1,NTN4,PARD6B,ATP9A,IFI35,TSPAN4,TSPAN5,ID3,TECR,LMCD1,KIF22,KIF2C,CD44,JADE1,ISG15,PROC,GALNT7,UQCRHL,S100P,SERPINE1,SYTL3,S100A16,S100A13,CDC6,TRIP6,PRSS22,FCRLB,SERPINB1,ABHD11,ADAM9,WRAP53,RNPEPL1,DALRD3,TRAF4,METTL27,SEMA3C,SEMA3B,TNNI2,CFLAR,TPCN1,TNS4,CDS1,BICDL2,SCEL,GDF15,SMAD3,ARHGAP30,CKS1B,ABCC3,KLF10,ARHGAP10,SLFN5,LEKR1"
"DEG_HVL_CRC29","118","0.39729999999999999","STAT1","STAT1","257","1452","0.07015000000000000402","0.174999999999999989","1.1150000000000000","ReMap--ChIP-seq","SMCO4,MTHFD2,SCO2,DDIT4,HEXIM1,HEXIM2,BTBD19,NCAPH2,SFXN3,KCNC3,DUSP5,DUSP1,CCDC9,AGRN,EFEMP2,MAP3K8,AMDHD2,NEK8,VPS9D1,TRIM46,TSPOAP1,ICAM1,MT2A,TNFSF10,SDC4,SYNGR2,TNFSF13,PTMS,RAC2,TLCD1,PTMA,NOXO1,TGM1,PLAU,PLD1,IGF2R,TNFAIP2,LYL1,PLEC,POLD4,POLD1,CD7,ALCAM,PRKCG,HCFC1,PLK3,MEX3A,BTG2,CDKN1A,CDKN1B,ADAMTSL4,TK1,COPZ2,ADCY4,APOL2,IL10RA,THOC6,FKBP5,INSIG1,FANCG,BCL6,MCM5,CEBPB,TULP2,MACC1,WDR97,SLC35B2,IFIT3,IFIT2,GSAP,PARP9,TYMP,KISS1R,SUSD6,EMC9,ARHGDIB,FPGS,ISYNA1,IQCN,MUC1,HES4,HES7,GBP5,C3,NAPSA,LYZ,STAT6,CASTOR1,LRG1,SLC25A45,LAG3,PFKFB3,SOCS3,PIK3CD,SH2D3A,SH2D3C,SLC25A19,LRP1,UBE2L6,PCBP1,PILRA,TMEM150A,DOT1L,ACAA1,CYBB,MR1,PIDD1,CFAP45,ARMH1,IRF8,MVP,MX1,INAFM1,VIM,TLNRD1,ENO2,CYP1B1,TMEM187,ZFP36,TMSB10,GPR108,ANKRD22,LSM4,LSP1,PGPEP1,GLRX,PARP14,PARP10,AMPD3,TRIP10,ALDH3B1,NFKBIA,DLG4,TGFBI,CXCL8,KYNU,TMEM107,PDE4A,TMEM109,LTC4S,ATF4,RNF213,RMI2,SPHK2,SAMD1,NUDT22,CD274,ITGB2,ACP2,SPATC1,DEPP1,REC8,MYO1F,NRP2,HSD17B1,MGAT1,OSM,PNPLA2,SCNN1A,SHARPIN,BHLHE40,NABP1,MKNK1,HMOX1,FOSL2,EHD1,HNRNPF,FNDC11,CATIP,C1QTNF6,GRN,DHRS1,TUBB4B,CLCF1,LTB4R2,RAB34,CCDC12,PLXNB2,TCIRG1,PKM,NEMP1,DENND3,HAUS8,P2RX4,FTH1,TBC1D10C,KAT8,RALGDS,LIMD2,PSD,IZUMO4,PTGER2,DCST2,KIAA0513,ITPRIP,COTL1,HK2,TRPT1,PERM1,THBS3,KRTCAP2,ZNF276,RHBDL1,FERMT3,VSIR,MYOF,ROM1,TMC8,TMC6,PIM1,S100A2,FRMD8,S100A5,S100A4,S100A3,SQSTM1,TRABD2A,ARRB1,ARRB2,PPM1N,RASSF4,SCN1B,RSAD2,CTSD,CD72,CD82,DOK3,ISG15,SSH3,PHF19,NUP62,AURKB,MTHFR,TNFSF9,BATF3,SERPINB1,NFAM1,ADAM8,DNMT1,PSAP,DUSP12,TRAF1,UNC93B1,SEMA3B,CFLAR,TPCN1,MGAT4B,INPP5D,CDT1,BCL11A,IFI6,GDF15,PDZD7,SMAD3,SLC2A6,CKS1B,KLF10"
"DEG_HVL_CRC29","119","0.40070000000000000","JUN","JUN","257","1452","0.07015000000000000402","0.174999999999999989","1.1150000000000000","ReMap--ChIP-seq","DDIT4,HEXIM1,HEXIM2,BTBD19,KCNC3,SHB,MMP25,DUSP5,DUSP1,PAFAH1B3,CCDC9,AGRN,EFEMP2,CYSRT1,SMS,NEK8,SDF2L1,NOXA1,E2F2,SDC4,RRAS,MT-ATP6,TLCD1,MT-ATP8,PLAU,TMOD1,PLD1,NUP153,IGF2R,TNFAIP2,SLC3A2,POLD4,CD7,ARMC7,PLK3,CGN,MEX3A,CDKN1A,ADAMTSL4,KIFC2,THOC6,TPP1,MAP3K14,PHACTR4,CEBPB,TULP2,ABLIM3,MACC1,SLC35B2,TMEM184A,AMIGO2,KISS1R,MFSD1,IQCN,HES4,MT-ND6,MT-ND4,MT-ND5,MT-ND1,LIPH,HES7,HSPG2,EML2,RBCK1,NAPSA,COL1A1,GRIN3B,FGFBP3,SLC29A1,SLC25A45,SLC16A5,BCL2L12,SOCS3,PPP1R15B,PC,TONSL,SLC34A3,ENTPD8,HYAL1,TMEM150A,DOT1L,NDRG4,PIDD1,CFAP45,INAFM1,VIM,EHF,ENO1,CREB3L1,SULT2B1,CRACR2B,PA2G4,SLC6A9,ZCWPW1,PLCD3,COL16A1,ZFP36,NAGLU,TMSB10,ENKUR,CLIP2,LSM4,NES,PGPEP1,RANGAP1,DDX60L,CARHSP1,CD109,SIAH2,CCDC88B,CLIC4,MYL6B,AMPD3,FAM20B,SLC20A1,CA11,KRT19,KRT15,TMEM143,RELL2,LTBP2,ACBD4,NFKBIA,DLG4,TGFBI,CXCL8,CXCL2,TMEM107,PDE4A,TRNP1,PRTFDC1,KRT80,MT-CO1,MT-CO2,MT-CO3,EXD3,RNF224,PANX1,TCP11L2,SLC27A1,CDC25C,FTL,SHC4,MT-CYB,ACP2,ITGB6,ADORA2B,TSPAN31,ACTN4,TRIB3,TRIB1,DHRS13,EEF1E1,HSD17B1,PNPLA2,SCNN1A,RARRES1,BHLHE40,NABP1,TMEM221,ANAPC11,PLEK2,FOSL2,EHD1,HNRNPF,ATG2A,SNAI1,NRSN2,TEAD1,CLCF1,TLE6,RAB34,CCDC12,PIP5KL1,PKM,P2RX4,FTH1,KRT7,PPL,TRPM4,CHMP1B,PRX,IZUMO1,AMN1,KIAA0513,ITPRIP,SHISA4,SAE1,PPP2R5B,WEE1,MT-ND4L,AGAP2,LETM2,LYPLA2,MYOF,ROM1,MRPL48,FLNB,PIM1,S100A2,FRMD8,S100A5,S100A4,S100A3,SQSTM1,TRABD2A,ZNF512B,PPM1N,PARD6B,TP53INP2,IFI35,ID3,TECR,SLC43A3,CD55,SLC1A4,SLC1A5,ISG15,PROC,ZP3,UQCRHL,S100P,SERPINE1,BACH2,PRR29,MTHFR,TRIP6,HBP1,FCRLB,SERPINB1,ANXA3,ANXA4,MORN3,ADAM9,LSMEM1,PSAP,PSCA,DUSP12,TRAF4,EFHC1,METTL27,SEMA3B,CTNNAL1,TPCN1,MGAT4B,TNS4,BICDL2,TUBG2,RASIP1,GDF15,ARHGAP18,SMAD3,ALYREF,CKS1B,TFPI,LEKR1,BAX"
"DEG_HVL_CRC29","120","0.40400000000000003","TFAP2A","TFAP2A","255","1445","0.07779999999999999416","0.192000000000000004","1.1110000000000000","ReMap--ChIP-seq","ALKBH6,SLBP,TEX22,HEXIM1,HEXIM2,NCAPH2,SFXN3,MMP25,PAFAH1B3,CCDC9,EFEMP2,CYSRT1,DGAT1,PKMYT1,AMDHD2,NEK8,SDF2L1,KCNK6,BCAS1,VPS9D1,TRIM46,TRIM28,SDC4,SYNGR2,PTK6,MT-ATP6,TLCD1,PTMA,MT-ATP8,TACC3,ATP6AP1,ELF3,PLEC,PSMB10,DNAAF1,ARMC7,PRKDC,WDR54,MEX3A,ADAMTSL4,KIFC2,ADCY6,SLC17A9,THOC6,FANCA,SAPCD2,MCM4,SLC22A4,TMEM184A,EMC9,STPG3,MUC1,MT-ND6,MT-ND4,MT-ND5,MT-ND1,SCAMP5,MLLT11,RIPK4,SLC29A1,RECQL4,CARNS1,SLC25A45,SLC16A5,SOCS3,BCDIN3D,PPP1R15B,SLC25A29,TONSL,SLC34A3,ENTPD8,N4BP3,FKBP10,DOC2A,TMEM150A,CRIP2,CYP46A1,BANF1,CCDC159,AJM1,IL17REL,PIDD1,PSRC1,CDHR2,MVP,ENO2,MYB,CRACR2B,PA2G4,ZCWPW1,PLCD3,GPR146,ZFP36,NAGLU,WBP1,SIAH2,CCDC88B,PARP10,ANKRD9,KRT13,KRT19,KRT15,TJP3,TMEM134,ELMO3,ZC3H18,ACBD4,ACSF3,MT-CO1,ARPIN,MNX1,MT-CO2,MT-CO3,RNF224,ACHE,HOXC10,ODC1,CENPA,ZNF469,SAMD1,NUDT22,ETNK2,YPEL3,EXOC3L1,INO80B,DLX4,CORO1B,MT-CYB,ITGB4,ACP2,SPATC1,TTC39A,CDC20,CCDC78,OSGIN1,HSD17B1,IL32,VEGFA,NUDT8,PNPLA2,RHPN1,HOOK2,UBE2T,BHLHE40,DEGS2,MXD3,ASB16,MUC5B,EPOR,ZNF395,PRELID1,EHD1,HNRNPL,HNRNPF,SNAI1,FNDC11,GPT,CSAD,TUBB4B,CLCF1,TM7SF2,RAB34,SLC26A1,PLXNA3,CNIH2,PIP5KL1,HGFAC,FAM219B,HAUS1,CATSPERG,NEMP1,P2RX4,TBC1D10C,KAT8,KRT7,GPR37L1,SPTBN4,PPL,TRPM4,PANO1,PRX,DCST2,PSMC3IP,CBX2,SAE1,YBX2,AXIN1,TRPT1,WEE1,MT-ND4L,KRTCAP2,RFX5,ZNF276,CYB5R1,RHBDL1,PIGQ,PIGZ,CTCF,ROM1,TMC8,TMC6,IDUA,LRRC73,S100A9,GDPGP1,ARRB2,ZBTB46,PPM1N,PARD6B,ATP9A,MBOAT1,SPATA20,SCN1B,SLC12A9,TSPAN4,TECR,KIF22,IL17C,RGS9,SLC1A5,CACFD1,SSH3,PROC,MAST3,S100P,SERPINE1,S100A16,S100A13,SLC19A1,SIVA1,TRIP6,PRSS22,ABHD11,DGKQ,MINDY1,PSD4,TRAF2,TRAF4,METTL27,SEMA3C,LAGE3,LMAN2L,CDT1,DAZAP1,HILPDA,BICDL2,RAD51C,TFF2,DNASE1L1,TUBD1,TEDC1,PDZD7,SLC2A6,CKS1B,KLF11"
"DEG_HVL_CRC29","121","0.40739999999999998","ESR1","ESR1","255","1446","0.07946999999999999897","0.192000000000000004","1.1100000000000001","ReMap--ChIP-seq","DDIT4,HEXIM1,HEXIM2,FXYD3,MMP25,RAPGEF3,AGR3,CYSRT1,ZKSCAN1,NEK8,KCNK6,BCAS1,TRIM46,E2F2,SDC4,TMEM63C,MT-ATP6,TLCD1,NOXO1,FILIP1L,MT-ATP8,SYNGR3,ELF3,SHANK2,PLEC,TTC16,ARMC7,CGN,MEX3A,BTG2,TMEM229B,THOC6,FANCA,WIPI1,CEBPB,ABLIM3,MACC1,HDAC11,BRICD5,SLC35C1,STXBP2,TMEM184A,EDN1,GINS2,MUC1,SNCG,MT-ND6,MT-ND4,MT-ND5,MT-ND1,CFAP99,EMP2,SLC29A1,RECQL4,CASTOR1,HR,SLC25A45,PITX1,SLC16A5,SOCS3,MDM2,ST6GALNAC1,NXT1,FHL2,BAIAP3,SLC34A3,ZNF703,N4BP3,RETREG1,FKBP10,CCDC117,DOT1L,CRIP2,ALS2CL,CAPN8,BMP4,PIDD1,PSRC1,MMRN2,EHF,ABAT,MYB,SULT2B1,CRACR2B,TACR2,FAM234B,PLCD3,ZFP36,ZNF552,ZG16B,LSP1,ASS1,NADSYN1,MTUS1,NECAB3,SIAH2,CLIC3,B3GNT3,CA12,KRT13,KRT19,KRT15,TJP3,SPNS2,ALDH3B1,ACBD4,NFKBIA,DLG4,TMEM109,UPK3A,HSH2D,KRT80,TBKBP1,MT-CO1,ARPIN,MT-CO2,MT-CO3,CRABP2,CDCA4,EPB41L1,RNF224,HOXC10,SLC7A5,ODC1,CENPA,CROCC2,ETNK2,YPEL3,YPEL2,MT-CYB,ITGB2,TTC39A,CRKL,CCDC78,BRIP1,GREB1,OSGIN1,OSM,PNPLA2,LOXL1,PRR15L,SCNN1A,SIDT2,ADGRG1,SYT8,BHLHE40,DEGS2,MXD3,CUEDC1,FBP1,MYO15B,CDK5RAP3,LDHD,FOSL2,HNRNPL,GPT,C1QTNF8,C1QTNF6,GRAMD2A,TUBB4B,HID1,TM7SF2,TLE3,PGF,RAB36,RAB34,SLC26A1,CCDC12,PLXNB2,PLXNB1,TCIRG1,PIP5KL1,HGFAC,CCDC40,THSD4,P2RX4,KRT7,GPR37L1,SPTBN4,COL18A1,CITED2,DCST2,AMN1,RASEF,IDH2,SAE1,HK2,AXIN1,MAPK8,MT-ND4L,PGAP3,KRTCAP2,CLDN4,RHBDL1,WFIKKN1,PIGQ,MYOF,IDUA,FRMD8,ARRB1,ZBTB46,PARD6B,ATP9A,MBOAT1,TSPAN1,IFITM10,XRCC3,ID3,KIF12,CTSD,LMCD1,RBBP8NL,TMPRSS2,GEMIN7,SLC1A5,GGT6,SSH3,SSTR5,S100P,S100A16,HOXC8,CDC6,PRSS22,PAXX,PRSS33,ABHD11,IGFBP4,DGKQ,MINDY1,PSCA,TRAF4,METTL27,SEMA3C,UNC93B1,SEMA3B,TNNI2,TPCN1,PTGES,LCN12,CDT1,DAZAP1,HILPDA,BICDL2,RAD51C,TFF2,TUBD1,GDF15,TEDC1,ARHGAP24,CKS1B,ABCC3,KLF10,TOB1,LEKR1,STN1"
"DEG_HVL_CRC29","122","0.41080000000000000","ETV1","ETV1","256","1452","0.07963000000000000633","0.192000000000000004","1.1090000000000000","ReMap--ChIP-seq","DDIT4,ORAI3,BTBD19,SFXN3,MMP25,DUSP4,DUSP5,RAPGEF3,CCDC9,AGRN,EFEMP2,CYSRT1,PKMYT1,NEK8,SDF2L1,SP2,SP6,VPS9D1,E2F2,MTFR1L,LGALS1,TRIM28,TNFSF13,PTMS,COX8A,TLCD1,NOXO1,TGM1,LMNB2,SYNGR3,PLEC,POLD4,PRKCG,ARMC7,PLK3,WDR54,GJD3,KIFC2,ANGPTL4,GART,SLC17A7,CDKN2C,TMEM179B,THOC6,FKBP5,OSBPL7,BCL6,MCM7,SAPCD2,MGME1,WDR97,BCOR,SLC35B2,HDAC10,ARRDC1,KISS1R,FPGS,ISYNA1,TSGA10,OPLAH,BRD3OS,STPG3,PDXP,HES4,SAMD11,HES7,RBCK1,C3,MLLT11,TUBA1B,RNASEK,PROCA1,RECQL4,CARNS1,FAM228B,SLC25A45,SLC16A5,LAG3,FSCN2,PFKFB3,SOCS2,BAIAP3,TONSL,CCNL2,SLC34A3,MXRA8,TMEM87B,PIK3R1,N4BP3,FKBP10,PCSK4,GLB1L,PIDD1,BCL7C,MVP,LAMB2,INAFM1,ENO2,PIH1D1,CRACR2B,PA2G4,TMEM198,GLI4,ZCWPW1,CHPF,ZFP36,NAGLU,GPR108,LSM4,PTBP1,PGPEP1,RANGAP1,PTBP3,ZNF513,WBP1,MROH1,RUSC1,JMJD6,TSHZ1,FAF1,B3GNT9,KRT19,KRT15,TRIP10,TMEM134,ELMO3,DLG4,TMEM107,LTC4S,RGS12,ATF4,CRABP2,RNF224,HOXC10,ARHGAP4,SPHK2,PXDN,ODC1,ZSWIM8,NUDT22,EXOC3L1,ZNF446,FTL,INO80B,CORO1B,BECN1,PBXIP1,TSPAN31,CCDC78,TRIB3,TRIB1,ACY1,HSD17B1,MGAT1,PNPLA7,NUDT8,HNRNPA2B1,PNPLA2,SHARPIN,GFY,BHLHE40,TMEM223,ANAPC11,HNRNPL,HNRNPF,GMEB1,NRSN2,GPT,C1QTNF8,PLEKHN1,KAT2B,TUBB4B,CLCF1,TM7SF2,TLE2,TLE6,RAB34,REEP6,NEMP1,LONP1,TBC1D10C,PANO1,PRX,PSD,RFNG,DCST2,NT5C,PSMC3IP,CBX3,SAE1,KDM5B,YBX2,AXIN1,TRPT1,PFDN2,PERM1,PGAP3,ZNF276,AGAP2,RHBDL1,FERMT3,WFIKKN1,LYPLA2,LRRC45,ROM1,MRPL48,SLC38A1,FRMD8,SQSTM1,PPM1N,TSPAN4,ID3,ARMC12,SLC43A1,EXOSC4,SPC24,DCLRE1C,HNRNPUL1,SLC1A5,FDPS,GGT7,ISG15,SSH3,SSTR5,AURKB,GALNT7,MAPK12,SERPINE1,HOXA1,SYTL1,HOXB9,HOXC8,TRIP6,SERPINI1,PRSS22,ANXA4,TIMM10,NOTUM,WRAP53,RNPEPL1,DUSP12,TRAF4,TPCN1,MGAT4B,CDT1,ANP32B,BICDL2,GDF15,TEDC1,PDZD7,ALYREF,CKS1B,MADCAM1,KLF10,USP20,BAX"
"DEG_HVL_CRC29","123","0.41410000000000002","NFKB1","NFKB1","256","1452","0.07963000000000000633","0.192000000000000004","1.1090000000000000","ReMap--ChIP-seq","HEMK1,DHDH,SCO2,DDIT4,ORAI3,SHMT2,ADAMTS13,HEXIM1,NCAPH2,KCNC3,SHB,PAFAH1B3,TARBP1,CCDC9,AGRN,LY75,EFEMP2,CYSRT1,PKMYT1,NEK8,TSPOAP1,ICAM1,LGALS1,TRIM28,GIPR,RRAS,TNFSF13,PTK6,NDUFAF3,TP73,MT-ATP6,ZHX2,SYP,TLCD1,PTMA,NOXO1,ORMDL3,MT-ATP8,GRIN1,TMOD1,FGF11,LMNB2,ATP6AP1,SYNGR3,PLEC,SLC3A2,POLD1,VPS18,HCFC1,MEX3A,ADAMTSL4,KIFC2,IL10RA,PLP2,BCL6,BCL2,MCM7,SAPCD2,BCOR,SLC35B2,HDAC10,TYMP,GINS2,FPGS,STPG3,IQCN,PDXP,HES4,SLC4A8,MT-ND6,MT-ND4,MT-ND5,MT-ND1,HES7,EML2,C3,NAPSA,GRIN3B,ELOVL5,SLC29A1,PROCA1,FSTL3,UCP2,STAT6,CASTOR1,FSCN2,BCL2L12,SOCS3,PIK3CD,SH2D3C,LRP1,TONSL,SLC34A3,MICAL1,PCBP1,PCSK4,HYAL1,DOT1L,CRIP2,CCND2,PIDD1,BCL7C,MVP,CCDC183,PROB1,ENO2,MYB,CYP1B1,PIH1D1,RNF126,CRACR2B,GSDMB,PA2G4,TMEM187,SULF1,PLCD3,ZFP36,NAGLU,TMSB10,CLIP2,ILDR1,GPR108,LSM4,PGPEP1,MYL6B,ALOX12B,STAC3,TRIP10,TMEM143,TMEM145,TMEM134,TMEM123,ACBD4,DNAJC18,DLG4,TMEM107,PDE4A,LTC4S,MT-CO1,MT-CO2,MT-CO3,CDCA3,CDCA5,RNF213,RNF224,HOXC10,RMI2,MED22,SAMD1,NUDT22,YPEL5,YPEL3,ZNF446,FTL,CD274,DLX2,MT-CYB,PBXIP1,DEPP1,HNRNPAB,CCDC78,TRIB3,EGR1,DHRS13,NRP2,HSD17B1,VEGFA,HNRNPA2B1,PNPLA2,SYCE2,BHLHE40,TCF3,MXD3,PRELID1,HNRNPL,HNRNPF,FNDC11,NRSN2,TUBB4B,RAB3A,TM7SF2,RAB34,PLXNA3,REEP6,CNIH2,NEMP1,HAUS8,GFI1,LONP1,SEPHS1,RALGDS,PANO1,PSD,IZUMO4,NT5C,PTGES2,CBX3,SAE1,TRPT1,PERM1,CDK2AP2,MT-ND4L,DDX39A,AGAP2,TAPBPL,RHBDL1,ABCA7,FERMT3,LRRC32,LRRC45,ROM1,SQSTM1,TRABD2A,ZNF512B,PPM1N,D2HGDH,CTNS,SPATA20,RASSF4,TSPAN4,SURF1,KIF22,CD44,CD82,NXPH4,ISG15,PHF13,NUP62,AURKB,MAPK12,MAPK11,HOXB9,HOXC8,CDC6,TNFSF9,BATF3,DNMT1,RNPEPL1,SLC37A4,TRAF1,DALRD3,TRAF4,SEMA3B,LAGE3,IMPDH2,MGAT4B,SMIM1,INPP5D,CDT1,BCL11A,DAZAP1,DNASE1L1,TEDC1,CKS1B,USP20,BAX"
"DEG_HVL_CRC29","124","0.41749999999999998","ATF3","ATF3","256","1453","0.08132999999999999952","0.195000000000000007","1.1080000000000001","ReMap--ChIP-seq","DHDH,SCO2,DDIT4,HEXIM1,HEXIM2,BTBD19,MMP25,DUSP1,PAFAH1B3,CCDC9,EFEMP2,CYSRT1,AMDHD2,TSNAXIP1,NEK8,E2F2,MT2A,TRIM28,SDC4,RRAS,APOE,PCK1,NDUFAF3,MT-ATP6,CACYBP,TLCD1,PTMA,PCNA,NOXO1,MT-ATP8,PLAU,LMNB2,SYNGR3,ELF3,SLC3A2,POLD4,CD7,PLK3,CDKN1A,ADAMTSL4,COPZ2,KIFC2,PLIN2,ANGPTL4,SLC17A7,TMEM179B,MAMSTR,THOC6,BCL6,MAP3K14,CEBPB,TULP2,ABLIM3,APOC1,SLC35B2,BRICD5,TMEM184A,IQCN,MT-ND6,MT-ND4,MT-ND5,MT-ND1,HES7,RBCK1,COL1A1,SIRT4,SIRT2,RNASEK,PROCA1,RECQL4,CARNS1,SLC25A45,BCL2L12,SOCS2,SOCS3,SLC25A19,PPP1R15B,HSD17B14,PC,TONSL,SLC34A3,HYAL1,GLB1L,HOMEZ,PIDD1,SFR1,CFAP45,MARVELD1,INAFM1,ENO1,ENO2,PIH1D1,SULT2B1,CRACR2B,PA2G4,PFAS,ZCWPW1,PLCD3,ZFP36,NAGLU,GPR108,LSM4,PGPEP1,WBP1,MTUS1,JMJD6,SIAH2,CCDC88B,CLIC4,MYL6B,MAP4K1,AMPD3,B3GNT9,SLC20A1,CA11,TRIP10,TMEM143,TMEM134,DNAJC30,ALDH3B1,ACBD4,DNAJC16,DLG4,CXCL2,TMEM107,TRNP1,KRT80,SPG7,MT-CO1,MT-CO2,MT-CO3,CRABP2,CDCA5,RNF215,RNF224,SPHK2,SLC7A5,CENPA,EXOC3L1,FTL,INO80B,MT-CYB,ITGA3,PBXIP1,DEPP1,TSPAN31,SNRPD2,ACTN4,TRIB3,TRIB1,ACY1,EEF1E1,HSD17B1,PNPLA2,PRR15L,TMEM230,BHLHE40,TMEM223,ANAPC11,HMOX1,FOSL2,EHD1,HNRNPL,HNRNPF,NRSN2,GPT,CLCF1,TM7SF2,RAB34,PIP5KL1,FTH1,LONP1,TBC1D10C,KRT7,SPTBN4,PANO1,CHMP1B,PSD,IZUMO1,DCST2,AMN1,PTGES2,ITPRIP,FAM83E,SAE1,YBX2,SNAPC5,PFDN2,THBS3,MT-ND4L,ABCB6,AGAP2,RHBDL1,ABCA7,LYPLA2,ROM1,MRPL48,CKS2,S100A2,FRMD8,S100A5,S100A4,S100A3,SQSTM1,KANK3,SLC38A2,ZNF512B,ARRB2,EFCAB12,PPM1N,PARD6B,IFI35,SLC12A9,TSPAN4,ID3,TECR,SPC24,SPATA6L,AURKB,UQCRHL,S100P,SERPINE1,BACH2,MPV17,S100A16,MTHFR,TRIP6,HBP1,ANXA3,TM9SF1,NOTUM,ABHD11,IGFBP4,GPT2,PSAP,RNPEPL1,DALRD3,TRAF4,METTL27,UNC93B1,SEMA3B,IMPDH2,MGAT4B,CDT1,BICDL2,TUBG2,RASIP1,GDF15,SMAD3,ALYREF,CKS1B,MADCAM1,ABCC3,TFPI,ZNF184,BAX"
"DEG_HVL_CRC29","125","0.42090000000000000","ZBTB33","ZBTB33","255","1448","0.08290000000000000147","0.195000000000000007","1.1080000000000001","ReMap--ChIP-seq","SCO2,DDIT4,ORAI3,HEXIM1,TOE1,HEXIM2,BTBD19,NCAPH2,SFXN3,CCDC9,EFEMP2,CYSRT1,AMDHD2,NEK8,VPS9D1,TRIM46,TSPOAP1,MTFR1L,TRIM28,SYNGR2,RRAS,PCK2,PHETA2,TNFSF13,NDUFAF3,FBXL5,TP73,MT-ATP6,CACYBP,SYP,TLCD2,TLCD1,PTMA,NOXO1,MT-ATP8,LPXN,FGF11,LMNB2,LYL1,MKKS,SYNGR3,SLC3A2,POLD4,SMC4,WDR73,PLK3,AP5Z1,SLC17A7,TMEM179B,THOC6,ZNF790,FANCG,COPS3,MCM7,WDR97,SLC35B2,HDAC10,TMEM184A,TYMP,EMC9,ZWILCH,PXMP2,OPLAH,STPG3,IQCN,MUC1,MT-ND6,MDC1,MT-ND4,MT-ND5,MT-ND1,HES7,LRSAM1,SIRT4,PROCA1,RECQL4,TTLL9,KPNA2,SLC25A45,FSCN2,BCL2L12,SOCS3,DSE,LRR1,RCC1,CCNL2,SLC34A3,PEX11B,NPM1,GLB1L,ZFHX2,PIDD1,BCL7C,MVP,INAFM1,VIM,ENO2,PIH1D1,CRACR2B,PA2G4,GLI4,ZCWPW1,NMNAT1,PLCD3,ZFP36,NAGLU,TMSB10,PTBP1,PATL2,ZNF513,WBP1,ARL6IP1,JMJD6,MYL6B,NRM,TMEM143,ALDH3B1,ACBD4,DLG4,TGFBI,NAPRT,TMEM107,TMEM109,POLE,RNF207,TRNP1,CHMP6,HSPD1,HSPE1,MT-CO1,MT-CO2,MT-CO3,ATF4,CDCA3,RNF224,CHAF1A,RMI1,SPHK2,MED22,SLC7A5,FTL,INO80B,MT-CYB,ITGA3,PBXIP1,MYO19,CDC20,CCDC78,EGR1,THTPA,IL11,DEPDC5,HSD17B1,HNRNPA2B1,PNPLA2,SYCE2,SHARPIN,BHLHE40,TMEM223,TTI2,TAPBP,GNG3,ANAPC11,RMDN2,EHD1,GPT,ZNF345,TUBB4B,DHRS2,CLCF1,TM7SF2,FCGRT,TLE3,RAB34,SNRPG,SNRPA,CNIH2,AP1G2,RFC4,PKM,FTH1,KRT7,PYCR3,FUBP1,PANO1,PSD,TUBB,RFNG,PSMC3IP,FAM83E,CBX3,SNAPC5,THBS3,MT-ND4L,KRTCAP2,ZNF276,ABCB6,RHBDL1,WFIKKN1,PIGW,ROM1,PGAM5,COL11A2,ZNF224,FRMD8,S100A5,S100A4,S100A3,KANK3,TRABD2A,SLC38A2,B3GALT4,ZNF512B,MAK16,PPM1G,CYB5B,NDUFA7,TMPO,TSPAN4,SURF1,KIF22,KIF2C,EXOSC4,CD74,AURKB,MAPK12,MAPK11,SERPINE1,TSPYL4,CDC7,TRIP6,TM9SF1,ABHD11,IGFBP4,WRAP53,DUSP15,DALRD3,TRAF4,ADRM1,IMPDH2,TNS4,CCT6A,DAZAP1,BICDL2,PPCDC,RAD51C,DNASE1L1,GDF15,KNTC1,PDZD7,ALYREF,ARHGAP33,MAN2B1,CKS1B,BAX"
"DEG_HVL_CRC29","126","0.42420000000000002","ZNF175","ZNF175","255","1448","0.08290000000000000147","0.195000000000000007","1.1080000000000001","ReMap--ChIP-seq","DHDH,SCO2,DDIT4,ORAI3,HEXIM1,HEXIM2,BTBD19,NCAPH2,SFXN3,DUSP1,DUSP9,CCDC9,AGRN,EFEMP2,CYSRT1,PKMYT1,ZKSCAN1,NEK8,ICAM1,SDC4,RRAD,APOE,PCK1,TNFSF13,TLCD2,TLCD1,PTMA,NOXO1,PLD1,SYNGR3,ETV4,PLEC,SLC3A2,CD7,DQX1,ARMC7,BCAM,PLK3,CDKN1A,ADAMTSL4,KIFC2,PLIN2,ANGPTL4,SLC17A9,MAMSTR,THOC6,FANCA,BCL6,LBR,WIPI1,SAPCD2,CEBPB,MGME1,WDR97,APOC1,BCOR,TPX2,VWA7,TYMP,KISS1R,COMT,ISYNA1,COLGALT2,OPLAH,IQCN,PDXP,HES4,MDC1,HES7,HSPG2,RBCK1,C3,LYZ,SIRT4,PROCA1,HLA-DMA,STAT6,HNMT,SLC25A45,SLC16A5,SOCS3,LRP1,TONSL,CCNL2,SLC34A3,MXRA8,PCBP1,FKBP10,HYAL1,TMEM150A,MMD,FOXA2,PIDD1,BCL7C,CDHR2,MVP,INAFM1,ENO1,CRACR2B,CHKA,VSIG10L,ZCWPW1,IMPA2,PLCD3,YEATS4,ZFP36,NAGLU,GPR108,LSM4,LSM2,PTBP1,PGPEP1,WBP1,GLRX,SOX9,CARHSP1,SIAH2,CCDC88B,MYL6B,ANKRD9,AMPD3,B3GNT9,TOMM40,TRIP10,ACBD4,ACSF2,TSEN15,CXCL2,TMEM107,TRNP1,EGFL8,NXN,ATF4,RNF224,FAT1,TCP11L2,SLC7A5,CENPA,NUDT22,CRLF1,YPEL3,FTL,INO80B,DLX2,ACP2,PBXIP1,DEPP1,SNRPD3,ACTN4,TRIB3,TRIB1,GREB1,OSGIN1,PDIK1L,HSD17B1,VEGFA,PNPLA2,NRTN,SHARPIN,BHLHE40,HMOX1,NFATC3,FOSL2,EHD1,HNRNPL,HNRNPF,NRSN2,GPT,AIFM3,C1QTNF8,ZNF367,TUBB4B,TM7SF2,PGF,RAB34,SLC26A1,PLXNB2,PLXNB1,PIP5KL1,NEMP1,PSAT1,CALML6,FTH1,PANO1,PSD,IZUMO1,TUBB,SLC22A31,CYP2W1,CBX2,SAE1,AXIN1,TRPT1,LIMK2,PGAP3,ABCB6,WFIKKN1,PIGZ,LYPLA2,LRRC45,TMC8,TMC6,IDUA,COL11A2,PIM1,FRMD8,SQSTM1,SLC38A2,ZNF512B,PPM1N,PARD6B,TP53INP2,IFI35,RASSF4,STX1B,TSPAN4,RASSF7,ID3,TECR,KIF12,KIF22,EXOSC4,ATAD3C,SLC1A5,ISG15,PHF13,SSTR5,AURKB,S100P,SERPINE1,SERPINF2,NOTUM,DGKQ,MINDY1,RNPEPL1,AMH,TRAF4,SEMA3B,MGAT4B,CDT1,ANP32B,DAZAP1,BICDL2,RASIP1,GDF15,TEDC1,PDZD7,SMAD3,CKS1B,MADCAM1,ABCC3,LMNTD2,OPRL1,TOB1,BAX"
"DEG_HVL_CRC29","127","0.42759999999999998","SETDB1","SETDB1","254","1447","0.09178000000000000047","0.212999999999999995","1.1030000000000000","ReMap--ChIP-seq","DHDH,ZNF10,DDIT4,SLBP,TEX22,ZNF23,LYPD5,BTBD19,ZNF32,DUSP1,ZNF69,AGRN,CYSRT1,MAP3K4,DGAT1,PKMYT1,TNFRSF14,NEK8,SDF2L1,NKX3-2,VPS9D1,ZNF878,LENG8,ZNF850,ICAM1,TRIM28,PHETA2,MT-ATP6,TLCD1,PTMA,NOXO1,PEX10,MT-ATP8,TACC3,PLD1,NUP153,LYL1,SYNGR3,CD7,PI4K2B,DQX1,ZSCAN31,ZSCAN30,ARMC3,PLK3,OBSCN,RTN4R,ZNF790,INSIG1,ZNF773,WDR97,IFITM2,ZNF843,BRICD5,PDK1,TANGO2,TRANK1,ZNF823,ZNF814,GINS3,COMT,EME2,ISYNA1,OPLAH,HES4,MT-ND4,SAMD11,PRKAR1B,PCDHGA11,GRIN3B,SIRT2,PROCA1,FSTL3,RECQL4,ZNF695,ZNF684,BCL2L11,NRARP,NSMCE4A,DTL,SLC25A23,BAIAP3,CCNL2,ENTPD8,MXRA8,CTXN1,GCDH,INTS7,PCSK4,KLHL24,LAMC3,PIDD1,BCL7C,CFAP57,MARVELD1,CHFR,VIM,RNF126,CRACR2B,NR2C2AP,PLCH2,GLI4,ZCWPW1,ZNF594,ZNF587,ZNFX1,GPR146,ZNF564,ZNF561,ZNF554,ZNF551,ZNF540,LSM7,PTBP1,MROH6,ERVMER34-1,TTLL10,GNG13,QRFP,B3GNT9,TRIP13,ZC3H18,TBCD,NAPRT,RNF207,LTC4S,POMK,MNX1,MT-CO2,MT-CO3,CDCA7,AIF1L,RNF224,PRXL2B,ACHE,ZNF491,SPHK2,ZNF473,YPEL3,ZNF441,FTL,DLX2,SHC2,ZNF425,LCN2,ZNF404,CDC45,CCDC78,MGAT1,NUDT8,PNPLA2,SCNN1D,SHARPIN,GGN,HOOK2,BHLHE40,GNB1L,GALNS,RSPH3,HNRNPR,LDHD,SNAI3,HNRNPF,GPT,AIFM3,ZNF280B,PLEKHN1,ZNF345,TUBB4B,NRBP2,RAB36,RAB34,REEP6,FTCD,FBXL17,P2RX6,CALML6,LONP1,PYCR3,COL18A1,PGGHG,CBFA2T3,RFNG,AMN1,FAM83E,POU2F1,SPRED3,AXIN1,PERM1,MT-ND4L,ZNF276,ZNF273,RHBDL1,ABCA7,WFIKKN1,PIGZ,ZNF226,ZNF224,ZNF222,ZNF211,ZFP69B,SQSTM1,LRRC56,TMEM18,ZNF512B,RSAD2,ZFP2,TSPAN4,XRCC2,KIF15,ANO9,MMEL1,EXOSC4,CD70,AKR1C3,IL17C,PALM,ISG15,PROC,GALNT2,MAPK15,CLCN4,RAN,ZNF165,SLC19A1,SIVA1,PAXX,ZNF117,ZNF101,PRSS33,NOTUM,AK1,FN3K,TRAF4,MGAT4B,SMIM1,LCN15,CDT1,NME3,IFI6,RANBP1,GDF15,CASKIN1,MAN2B1,PCDHGB2,CHTF18,MADCAM1,KLF11,PCDHGA4,PCDHGA1,PCDHGB1,OPRL1,ZNF184,BAX"
"DEG_HVL_CRC29","128","0.43099999999999999","TBP","TBP","255","1453","0.09192999999999999783","0.212999999999999995","1.1030000000000000","ReMap--ChIP-seq","SCO2,DDIT4,ORAI3,HEXIM1,HEXIM2,BTBD19,SFXN3,MMP25,DUSP1,CCDC9,AGRN,EFEMP2,CYSRT1,MAP3K8,PKMYT1,AMDHD2,NEK8,SDF2L1,VPS9D1,TRIM46,TSPOAP1,ICAM1,LGALS1,TRIM28,SDC4,GIPR,NDUFAF3,PTMS,MT-ATP6,SYP,TLCD1,PTMA,NOXO1,MT-ATP8,SYNGR3,GALT,SLC3A2,ARMC7,PLK3,MEX3A,CDKN1B,ADAMTSL4,KIFC2,SLC17A7,CDKN2C,PLP2,TMEM179B,MAMSTR,THOC6,FANCG,MCM7,SAPCD2,CEBPB,ZNF747,WDR97,BCOR,SLC35B2,TYMP,EMC9,STPG3,IQCN,PDXP,MUC1,HES4,MT-ND6,MDC1,MT-ND4,MT-ND5,MT-ND1,HES7,EML2,C3,NAPSA,SLC29A1,RNASEK,PROCA1,FSTL3,CARNS1,SLC25A45,SLC16A5,FSCN2,BCL2L12,NRARP,SH2D3A,SLC25A19,TONSL,SLC34A3,PCBP1,HYAL1,TMEM150A,DOT1L,GLB1L,HOMEZ,PIDD1,BCL7C,CDHR2,MVP,INAFM1,ENO2,PIH1D1,CRACR2B,PA2G4,PFAS,GLI4,PLCD3,ZFP36,NAGLU,GPR108,LSM4,LSM2,NES,PTBP1,PGPEP1,WBP1,SIAH2,CCDC88B,FAF1,MYL6B,AMPD3,B3GNT9,CA11,TRIP10,NRM,TMEM143,TMEM134,ELMO3,ACBD4,DLG4,TMEM107,PDE4A,EGFL8,SPG7,MT-CO1,MT-CO2,MT-CO3,ATF4,CDCA3,CRABP2,RNF224,SPHK2,NUDT22,EXOC3L1,FTL,INO80B,CORO1B,MT-CYB,ACP2,PBXIP1,HNRNPA1,REC8,SNRPD2,CCDC78,TRIB3,TRIB1,ACY1,HSD17B1,VEGFA,PNPLA2,SCNN1A,SYCE2,SHARPIN,BHLHE40,TMEM223,GNG3,ANAPC11,FOSL2,HNRNPF,NRSN2,GPT,TUBB4B,CLCF1,RAB3A,TM7SF2,FCGRT,RAB34,SNRPA,CNIH2,PIP5KL1,NEMP1,FTH1,TBC1D10C,KAT8,SPTBN4,TRPM4,PANO1,PRX,PSD,IZUMO1,TUBB,NT5C,PTGES2,FAM83E,CBX5,SAE1,YBX2,TRPT1,PERM1,THBS3,WEE1,MT-ND4L,KRTCAP2,ZNF276,ABCB6,RHBDL1,ABCA7,FERMT3,GPR19,LYPLA2,LRRC45,ROM1,TMC8,TMC6,ZBTB26,FRMD8,SQSTM1,SLC38A2,ZNF512B,PPM1N,IFI35,TMPO,TSPAN4,ID3,TECR,KIF22,EXOSC4,JADE1,HNRNPUL2,GEMIN7,FDPS,ISG15,PHF13,AURKB,S100A16,S100A13,TRIP6,TM9SF1,NOTUM,MINDY1,RNPEPL1,DALRD3,TRAF4,SEMA3B,CFLAR,MGAT4B,CDT1,BICDL2,DNASE1L1,RASIP1,GDF15,TEDC1,PDZD7,ALYREF,CKS1B,ZNF184,BAX"
"DEG_HVL_CRC29","129","0.43430000000000002","MNT","MNT","253","1442","0.09352000000000000590","0.213999999999999996","1.1030000000000000","ReMap--ChIP-seq","SPINT1,ORAI3,SLBP,SET,SHMT2,ADAMTS13,HEXIM1,HEXIM2,SFXN3,MMP25,DUSP1,CCDC9,EFEMP2,CYSRT1,PKMYT1,AMDHD2,NEK8,SDF2L1,KCNK6,LENG8,E2F1,TRIM46,SDC4,GIPR,SYNGR2,PCK2,PTK6,NDUFAF3,TLCD1,PTMA,NOXO1,GRIN1,SGSM2,TACC3,SYNGR3,ELF3,PLEC,POLD4,VPS18,DNAAF1,ARMC7,ADAMTSL4,COPZ2,KIFC2,SLC17A9,THOC6,FANCA,MCM7,CEBPB,WDR97,HDAC11,BRICD5,ARRDC1,TANGO2,OBSL1,STXBP2,TMEM184A,EMC9,GINS2,CDH24,STPG3,MUC1,HES4,MDC1,SAMD11,HES7,EML2,MLLT11,EMP2,RECQL4,HLA-DMA,CASTOR1,SLC25A45,SLC16A5,NRARP,SLC25A29,BAIAP3,TONSL,SLC34A3,MXRA8,ZNF703,N4BP3,DOC2A,HYAL1,TMEM150A,DOT1L,CRIP2,PIDD1,CFAP45,PSRC1,MVP,CCDC183,ENO2,PIH1D1,CRACR2B,PA2G4,TMEM198,PLCD3,CHPF,ZFP36,LSM4,LSM2,PGPEP1,WBP1,MROH1,RNF39,NECAB3,CCDC88B,MYL6B,B3GNT9,KRT19,KRT15,NRM,PAM16,ELMO3,ALDH3B1,ACBD4,NFKBIA,DLG4,NAPRT,TMEM107,EGFL8,KRT80,SPG7,LTC4S,ATF4,CDCA3,CDCA5,RNF224,CHAF1A,SPHK2,CENPA,ZSWIM8,NUDT22,YPEL3,EXOC3L1,INO80B,ITGB4,PBXIP1,SNRPD2,CCDC78,ACTN4,TRIB3,OSM,PNPLA2,SCNN1D,PRR15L,GPRIN1,SCNN1A,SHARPIN,BHLHE40,TAPBP,CDK5RAP3,ANAPC11,HNRNPL,GNPTG,FNDC11,NRSN2,GPT,PLEKHN1,TUBB4B,TM7SF2,RAB34,PLXNA3,CCDC12,PLXNB1,PIP5KL1,CATSPERG,NECTIN4,CALML6,KAT8,KRT7,RALGDS,TRPM4,PYCR3,VASN,PSD,TUBB,DCST2,NT5C,KIAA0513,CBR3,FAM83E,CBX2,SAE1,YBX2,AXIN1,TRPT1,PERM1,THBS3,KRTCAP2,CLDN4,RHBDL1,WFIKKN1,PIGQ,ROM1,TMC8,TMC6,TMC4,SLC38A1,FRMD8,SQSTM1,LRRC56,B3GALT4,ZNF512B,PPM1N,PARD6B,ATP9A,IFITM10,XRCC3,ID3,TECR,CTSD,RBBP8NL,KIF22,EXOSC4,IL17C,GEMIN7,SLC1A5,ISG15,SSH3,AURKB,S100P,SERPINE1,TRIP6,PRSS22,NUDT16L1,INHA,ABHD11,MINDY1,NATD1,PSAP,RNPEPL1,DALRD3,TRAF4,METTL27,UNC93B1,SEMA3B,LAGE3,MGAT4B,SMIM5,CDT1,DAZAP1,BICDL2,TFF2,GDF15,TEDC1,PDZD7,ALYREF,ARHGAP30,SLC2A6,CKS1B,OPRL1"
"DEG_HVL_CRC29","130","0.43769999999999998","POU5F1","POU5F1","255","1454","0.09381000000000000449","0.213999999999999996","1.1020000000000001","ReMap--ChIP-seq","DDIT4,ORAI3,SHMT2,HEXIM1,HEXIM2,BTBD19,PBX1,SFXN3,MMP25,JAK3,PLSCR3,PAFAH1B3,CCDC9,AGRN,EFEMP2,CYSRT1,PKMYT1,NEK8,SDF2L1,KCNK6,TRIM46,TRIM28,GIPR,BST2,PTMS,MT-ATP6,TLCD1,PTMA,NOXO1,MT-ATP8,ZGRF1,FGF11,LMNB2,LYL1,ZIC2,SYNGR3,PLEC,SLC3A2,DQX1,PRKCG,LHPP,PLK3,MEX3A,CDKN1B,ADAMTSL4,EXOC7,COPZ2,KIFC2,SLC17A9,SLC17A7,THOC6,FKBP5,AKIRIN1,BCL6,MCM7,SAPCD2,WDR97,BCOR,SLC35B2,IFITM2,BRICD5,OBSL1,HMX3,KISS1R,STX16-NPEPL1,CERCAM,IQCN,MUC1,BUB3,HES4,MT-ND6,MT-ND4,MT-ND5,MT-ND1,HES7,EML2,GRIN3B,SLC29A1,PROCA1,RECQL4,LAG3,BCL2L12,SOCS2,SOCS3,NRARP,FOXL1,LRP1,FOXJ1,TONSL,CCNL2,GCDH,N4BP3,FKBP10,CCDC120,PCSK4,HYAL1,FOXD1,CRIP2,MAD2L2,FOXA2,HOMEZ,ZFHX2,EVX1,BMP4,PIDD1,BCL7C,RCN3,CCDC194,INAFM1,ENO2,CREB3L1,PIH1D1,CRACR2B,WNT10B,PA2G4,TMEM198,GLI2,ZCWPW1,GPR153,PLCD3,CHPF,ZFP36,NAGLU,LZTS3,GPR108,NES,PTBP1,DNMT3B,WBP1,IRX2,SKOR1,RNF26,ZNF608,SOX9,CORO6,AMPD3,B3GNT9,CA11,STAC3,TRIP10,TJP3,TMEM143,TMEM145,ELMO3,DNAJC22,ACBD4,DLG4,TMEM107,PDE4A,RNF207,TRNP1,MT-CO1,MNX1,MT-CO2,MT-CO3,CRABP2,ACHE,HOXC10,SPHK2,CRLF1,YPEL3,EXOC3L1,CDC25C,INO80B,DLX2,ZNF423,MT-CYB,PBXIP1,DEPP1,TSPAN31,CCDC78,ACTN4,ACY1,THTPA,HSD17B1,PNPLA2,SCNN1A,SYCE2,SHARPIN,GFY,HOOK2,GNG3,EPOR,HNRNPR,HNRNPF,NRSN2,GPT,PLEKHN1,TUBB4B,RAB3A,TM7SF2,FCGRT,TLE3,RAB34,REEP6,CNIH2,AP1G2,PIP5KL1,TRPM4,PANO1,CITED2,PSD,PGGHG,HOXA11,FAM83E,POU2F1,CBX2,YBX2,PERM1,THBS3,MT-ND4L,KRTCAP2,AGAP2,RHBDL1,ABCA7,GPR19,WFIKKN1,ROM1,MRPL48,FLNB,PPM1N,BEND3,IFI35,SLC12A9,TSPAN4,ID3,ARMC12,SLC43A1,EXOSC4,JADE1,GEMIN7,NXPH4,ISG15,AURKB,HOXA1,HOXB9,HOXC8,TRIP6,SF3A2,TM9SF1,INHA,WRAP53,AMH,TRAF4,SEMA3B,CACNG8,BCL11A,DAZAP1,BICDL2,RASIP1,TEDC1,PDZD7,SMAD3,CKS1B,MADCAM1"
"DEG_HVL_CRC29","131","0.44109999999999999","MYB","MYB","253","1453","0.11619999999999999774","0.263000000000000012","1.0930000000000000","ReMap--ChIP-seq","SCO2,DDIT4,ORAI2,SHMT2,HEXIM1,HEXIM2,BTBD19,NCAPH2,CCDC9,AGRN,EFEMP2,MAP3K8,NEK8,SDF2L1,VPS9D1,TRIM46,E2F2,TSPOAP1,ICAM2,TRIM28,TNFSF10,SYNGR2,NDUFAF3,PTMS,MT-ATP6,RAC2,TLCD1,PTMA,MT-ATP8,GRK5,IGF2R,TNFAIP8,LMNB2,LYL1,PLEC,SLC3A2,CD4,CD7,HCFC1,PRKCQ,PLK3,BTG2,CDKN1B,TK2,SLC17A9,CDKN2D,IL10RA,TMEM179B,FKBP5,INSIG1,BCL6,MCM7,WDR97,BCOR,SLC35B2,IFITM2,ZNF846,TYMP,KISS1R,EMC9,FPGS,IQCN,MUC1,HES4,SLC4A8,MT-ND6,MT-ND4,MT-ND5,MT-ND1,UBASH3B,HES7,EML2,UCK2,ELOVL5,RNASEK,PROCA1,CARNS1,UCP2,CASTOR1,SLC25A45,LAG3,RNASEH2B,SOCS3,PIK3CD,SH2D3C,HASPIN,PCBP1,GLB1L,CCDC159,PIDD1,CDHR2,MVP,PROB1,ENO1,ENO2,MYB,PIH1D1,RNF126,CRACR2B,PA2G4,TMEM187,ZFP36,NAGLU,TMSB10,LSM4,KCNAB2,WBP1,GLRX,JMJD6,CORO6,CXCR4,CA11,TMEM134,AKNA,ACSF3,DLG4,TMEM107,PDE4A,SPG7,POLM,TBKBP1,MT-CO1,MT-CO2,MT-CO3,SKAP1,ATF4,CDCA3,RNF213,ARHGAP4,RMI2,SPHK2,MED22,SLC7A5,NUDT22,FTL,INO80B,CORO1B,MT-CYB,ITGB2,PBXIP1,DEPP1,REC8,CCDC78,ACY1,HSD17B1,OSM,NUDT8,PNPLA2,SYCE2,SHARPIN,TMEM234,BHLHE40,TMEM223,ACTA2,ANAPC11,SNAI3,NFATC3,FOSL2,EHD1,HNRNPL,HNRNPF,C1QTNF6,CLCF1,CEP128,FCGRT,TLE3,RAB34,CCDC12,CNIH2,PKM,NEMP1,GFI1,TBC1D10C,PANO1,PSD,IZUMO4,PGGHG,CBFA2T3,DCST2,ITPRIP,COTL1,SAE1,YBX2,TRPT1,LEF1,FAM167B,FAM167A,CDK2AP2,MT-ND4L,KRTCAP2,ZNF276,ABCB6,TAPBPL,RHBDL1,ABCA7,FERMT3,GPR19,VSIR,ROM1,TMC8,TMC6,PLXDC1,FRMD8,SQSTM1,TRABD2A,ZNF512B,ARRB2,PPM1N,IFI35,SLC12A6,TSPAN4,PAG1,SEC31B,SURF1,ID3,ARMC12,CCR9,KIF22,EXOSC4,CD72,STK17B,CD82,ISG15,SSH3,PHF19,AURKB,S100P,BACH2,RAD21,DGKA,PSAP,RNPEPL1,TRAF1,DALRD3,TRAF4,CFLAR,TPCN1,MGAT4B,TNS4,INPP4A,INPP5D,CDT1,BCL11A,ABCG1,TEDC1,SMAD3,ALYREF,CKS1B,OPRL1,TOB1,PRRG2,USP20,BAX"
"DEG_HVL_CRC29","132","0.44440000000000002","MYOD1","MYOD1","252","1448","0.11830000000000000238","0.266000000000000014","1.0920000000000001","ReMap--ChIP-seq","SCX,DDIT4,ORAI3,HEXIM1,HEXIM2,SFXN3,SHB,STX4,FADS3,CYSRT1,DGAT1,AMDHD2,KRTAP4-1,SDF2L1,NOXA1,UHRF1,E2F1,E2F2,MTFR1L,ATXN7L2,SDC4,PTK6,CPLANE2,NDUFAF3,FBXL5,TP73,MT-ATP6,ZHX2,NOXO1,MT-ATP8,PLAU,DENND6B,GRK5,IGF2R,LMNB2,SYNGR3,POLD2,VPS18,BTG2,ADAMTSL4,ADAMTSL2,GAS1,THOC6,SYNE3,SLC35B2,BRICD5,OBSL1,TMEM184A,HEG1,KISS1R,COMT,FPGS,CERCAM,ISYNA1,THPO,STPG3,IQCN,COL6A1,CDH15,PDXP,DDN,MT-ND6,MT-ND4,MT-ND5,MT-ND1,SAMD12,HES6,HSPG2,COL1A1,EMP1,SIRT2,SLC29A1,CARNS1,HEYL,TTLL5,FSCN2,PFKFB3,FBLIM1,SOCS3,SH2D3C,ZDHHC1,SLC34A3,ENTPD8,MXRA8,CRIP2,CYP46A1,ATP2A1,PIDD1,ARMH1,PSRC1,CRACR2B,WNT10B,TMEM198,IMPA2,GPR153,PLCD3,GPR146,CHPF,ZFP36,NAGLU,LZTS1,CLIP2,STIP1,LSM4,NES,LSP1,PGPEP1,WBP1,IRX5,RHEBL1,JMJD6,NECAB3,TNFAIP8L1,AMPD3,RAPSN,DCPS,CA11,ANGEL1,AKNA,LTBP2,ACBD4,DNAJC18,TGFBI,TMEM107,SPEG,CHMP6,KRT80,SPG7,POLM,MT-CO1,MT-CO2,MT-CO3,ATF4,EXD3,CRABP2,CDCA4,RNF224,FAT1,HOXC10,ARHGAP4,PXDN,CENPA,CROCC2,NUDT22,INO80B,CORO1B,CORO2A,MT-CYB,ITGA3,DEPP1,CCDC78,ACTN4,MYO7A,CCDC9B,ACY1,MGAT1,IL32,PNPLA2,CRTC1,LOXL1,SCNN1D,PRR5-ARHGAP8,SYT8,BHLHE40,TMEM221,TTI1,CUEDC1,GALNS,ZNF395,LDHD,HMOX1,EHD1,HNRNPL,CEP55,TUBB4B,CLCF1,TM7SF2,VASH2,PGF,PLXNA2,PLXNB2,RFC2,PLEKHG5,CCDC40,LMF1,CEACAM19,PSAT1,TBC1D10C,KAT8,KRT7,SPTBN5,RALGDS,PANO1,PRX,CBFA2T3,PTGES2,SIX2,TRPT1,MT-ND4L,ABCA7,FERMT3,MYOF,KANK2,FABP6,S100A2,S100A4,S100A3,ARRB1,ZBTB46,PPM1N,D2HGDH,CTNS,ERFE,RASSF4,STX1B,TSPAN4,ID3,CD44,SLC43A1,SPC24,DOK3,CALHM2,PHF13,AURKA,S100P,SERPINE1,HOXC8,CSRP2,PAX8,TIMM10,SF3A2,GPR3,NOTUM,INHA,PSAP,FN3K,DAGLA,AMH,DALRD3,TNNI1,TNNI2,AHNAK2,TPCN1,CHAC1,DAZAP1,GDF15,TEDC1,CASKIN1,PDZD7,SMAD3,SLC2A6,MADCAM1"
"DEG_HVL_CRC29","133","0.44779999999999998","BCL11A","BCL11A","252","1451","0.12520000000000000573","0.279000000000000026","1.0890000000000000","ReMap--ChIP-seq","SCX,ZC3H12D,SCO2,DDIT4,ORAI2,BTBD19,JAG1,NCAPH2,KCNC3,DUSP4,DUSP5,MBD2,CCDC9,AGRN,EFEMP2,CYSRT1,MAP3K8,MAP3K5,DGAT1,TNFRSF14,NEK8,NOXA1,E2F2,TSPOAP1,ICAM1,SYNGR2,PTK6,NDUFAF3,TP73,MT-ATP6,TLCD1,PTMA,NOXO1,MT-ATP8,ZGRF1,INAVA,LMNB2,SYNGR3,PLEC,SLC3A2,POLD4,PLK3,BTG2,CDKN1A,CDKN1B,ADAMTSL4,TK1,KIFC2,SLC17A9,CDKN2D,TPP1,MAP3K14,MGME1,MACC1,WDR97,BCOR,SLC35B2,BRICD5,HELZ2,TYMP,KISS1R,EME2,OPLAH,STPG3,IQCN,HES4,MT-ND6,MDC1,MT-ND4,MT-ND5,MT-ND1,HES7,NAPSA,GRIN3B,SLC29A1,PROCA1,RECQL4,HLA-DMA,HLA-DMB,CARNS1,FSCN2,PFKFB3,BCL2L12,SOCS3,PIK3CD,SLC25A19,SPON2,LRR1,TONSL,RCC1,CCNL2,SLC34A3,MXRA8,PCBP1,TNFRSF13C,MMD,DOT1L,CRIP2,CCND2,PIDD1,IRF8,MVP,PROB1,INAFM1,MYB,PIH1D1,CRACR2B,GLI4,ZNFX1,GPR146,ZFP36,TMSB10,CLIP2,ILDR1,LSM4,LSP1,PTBP1,PATL2,JMJD6,CARHSP1,NECAB3,TSHZ1,SIAH2,PARP10,AMPD3,MDFIC,TMEM134,NFKBIA,TMEM107,PDE4A,SPG7,MT-CO1,MT-CO2,MT-CO3,ATF4,EXD3,CDCA4,RNF224,CHAF1A,RMI2,ODC1,SAMD1,NUDT22,CENPM,CORO1A,CORO1B,MT-CYB,SMIM14,SPATC1,PBXIP1,ADGRB1,EGR1,EGR3,MGAT1,IL32,HNRNPA2B1,PNPLA2,SHARPIN,RHPN1,BHLHE40,TCF3,RSPH1,ANAPC11,EHD1,FNDC11,GPT,TUBB4B,CLCF1,TM7SF2,FCGRT,VASH2,RAB34,CCDC12,RFC2,PKM,NEMP1,DENND3,LONP1,TBC1D10C,PANO1,CITED2,LIMD2,PSD,IZUMO4,TUBB,CBFA2T3,CYP2W1,COTL1,CBX3,CBX2,TRPT1,FAM167A,CDK2AP2,MT-ND4L,RHBDL1,ABCA7,EZH2,GPR19,TMC8,TMC6,KANK2,FRMD8,SQSTM1,TRABD2A,SLC38A2,B3GALT4,ZNF512B,CXXC4,ID3,CCR9,KIF22,CD44,EXOSC4,CD74,CD70,CD82,JADE1,DOK3,ISG15,PHF19,NUP62,PAOX,MAPK12,MAPK11,TNFSF9,FCRLB,SF3A2,NOTUM,DNMT1,SLC37A1,DUSP12,AMH,TRAF1,DALRD3,TRAF4,CFLAR,IMPDH2,MGAT4B,SP110,INPP4A,INPP5D,BCL11A,DAZAP1,NME3,DNASE1L1,TEDC1,CASKIN1,SMAD3,ALYREF,CKS1B,KLF10,OPRL1"
"DEG_HVL_CRC29","134","0.45119999999999999","ATF7","ATF7","250","1448","0.14719999999999999751","0.326000000000000012","1.0810000000000000","ReMap--ChIP-seq","DHDH,DDIT4,ORAI2,HEXIM1,HEXIM2,KCNC3,MMP25,DUSP5,DUSP1,CCDC9,AGRN,FADS3,EFEMP2,KMT5A,PKMYT1,AMDHD2,NEK8,SDF2L1,E2F1,E2F2,TSPOAP1,ICAM1,LGALS1,GIPR,PTMS,DMBX1,RAC2,SYP,TLCD1,NOXO1,IGF2R,TNFAIP2,LYL1,SYNGR3,PLEC,SLC3A2,POLD1,CD7,ARMC7,PLK5,MEX3A,BTG2,CDKN1B,ADAMTSL4,COPZ2,KIFC2,KIFC1,SLC17A7,PLP2,MAMSTR,THOC6,MCM7,MACC1,BCOR,IFITM2,TANGO2,TMEM184A,VWA7,KISS1R,FPGS,ALOX12,CDH24,IQCN,HES4,MDC1,HES7,EML2,RBP5,RBCK1,CFAP99,NAPSA,MLLT11,GRIN3B,SLC29A1,RNASEK,CASTOR1,SLC25A45,SLC16A5,SH2D3C,TONSL,PEX11G,CTXN1,GCDH,FKBP10,PCSK4,HYAL1,DOT1L,CAVIN2,MAD2L2,GLB1L,CCDC159,PIDD1,PSRC1,CDHR2,MVP,INAFM1,VIM,EHF,CREB3L1,PIH1D1,SULT2B1,CRACR2B,PA2G4,TMEM198,GLI4,PLCD3,CHPF,ZFP36,NAGLU,LSM2,NES,PTBP1,MROH6,RNF24,RNF26,NECAB3,CCDC88B,CORO6,CLIC4,ANKRD9,B3GNT9,FAM20B,TLDC2,CA11,KRT19,KRT15,TJP3,NRM,TMEM134,ELMO3,ACBD4,DLG4,NAPRT,TMEM107,PDE4A,EGFL8,SYNGAP1,ATF4,CRABP2,SPHK2,ZSWIM8,SAMD1,NUDT22,EXOC3L1,FTL,CORO1B,ACP2,HNRNPA1,TRIB3,TRIB1,CCDC9B,LPAR5,DHRS13,PDIK1L,HSD17B1,IL32,OSM,VEGFA,PNPLA2,GFY,TMEM234,HOOK2,BHLHE40,TAPBP,ANAPC11,EHD1,HNRNPF,NRSN2,FCGRT,TLE6,RAB34,SLC26A1,REEP6,PIP5KL1,NEMP1,FTH1,SPTBN4,RALGDS,TRPM4,PYCR3,PANO1,PRX,PSD,IZUMO1,TUBB,CBFA2T3,DCST2,AMN1,KBTBD8,ITPRIP,C1RL,FAM83E,CBX5,CBX2,YBX2,TRPT1,PERM1,DDX39A,RHBDL1,ABCA7,TMC8,TMC6,IDUA,PIM1,FRMD8,LRRC56,SLC38A2,B3GALT4,ZNF512B,ARRB1,PPM1N,NTN5,SLC12A9,ST6GAL1,STX1B,TSPAN4,ID3,TECR,KIF22,CD82,DOK3,FUT2,ISG15,MAST3,ZP3,AURKB,S100P,HOXB9,MTHFR,TRIP6,FCRLB,TIGD3,CLSTN3,DGKQ,ADAM8,MINDY1,PSAP,RNPEPL1,TRAF4,LAGE3,KLK1,SMIM1,CDT1,BICDL2,RASIP1,GDF15,SMAD3,ALYREF,CKS1B,BAX"
"DEG_HVL_CRC29","135","0.45450000000000002","ELF3","ELF3","250","1449","0.14979999999999998872","0.330000000000000016","1.0810000000000000","ReMap--ChIP-seq","SPINT1,DDIT4,HEXIM1,HEXIM2,JAG1,SFXN3,SHB,DUSP5,DUSP1,AGRN,EFEMP2,SMS,NEK8,PIWIL4,VPS13C,ICAM2,TMEM63A,SDC4,GIPR,SYNGR2,FBXL5,ZHX2,TLCD1,KLHL2,TACC3,PLAU,PLD1,INAVA,GRK5,TNFAIP8,TNFAIP2,ELF3,POLD4,ALCAM,VPS18,ARMC7,DEPDC1B,PLK2,CGN,MEX3A,CDKN1B,TK2,ADCY4,THOC6,BCL6,LBR,ABLIM3,MGME1,MACC1,SLC35B2,AQP6,AQP5,IFIT2,RPS6KA5,SLC22A4,TPX2,EDN1,AMIGO2,FAM47E,GRHL3,ATP1B1,LPP,CDH24,FHAD1,SLC4A8,UBASH3B,HSPG2,RBCK1,C3,PPARGC1A,RIPK3,ELOVL5,RIPK4,EMP1,HNMT,SLC16A5,SOCS3,ST6GALNAC1,SH2D3A,FOXL1,PPP1R15B,BAIAP2,PCBP1,ZNF703,FKBP10,DHX15,MMD,CRIP2,AUNIP,CAPN5,SFR1,CFAP45,ARMH1,MARVELD1,VIM,ENO1,CRACR2B,CHKA,FHDC1,TACR2,GCNT3,ZNFX1,ZFP36,NAGLU,GPR108,ZG16B,NES,GLRX,RNF24,ZNF608,SOX9,TSHZ1,AMPD3,SLC20A1,KRT13,KRT19,KRT15,TRIP10,LTBP2,TMEM123,ALDH3B1,TGFB2,NFKBIA,TGFBI,CXCL8,CXCL2,KYNU,RNF207,KRT80,CRABP2,EPB41L1,RNF215,TCP11L2,ATL1,YPEL2,COL17A1,ITGB2,ITGB6,ITGA3,ITGA1,PBXIP1,DEPP1,CDC20,SNRPD2,ACTN4,TRIB3,TRIB1,CCDC9B,HSD17B1,XDH,OSM,SH3RF2,SCNN1A,NABP1,MXD3,ADGRF1,CUEDC1,TRA2B,RSPH1,FOSL2,NFATC4,EHD1,HNRNPL,HNRNPF,NRSN2,CEP55,GRAMD2B,MGLL,DHRS1,CLCF1,TM7SF2,TLE3,PGF,LTB4R2,RAB34,TCIRG1,AP1G2,HAUS4,PKM,DENND3,NECTIN4,KRT7,C2CD4A,TOP2A,DCST2,LIMA1,NT5E,ITPRIP,ANXA11,SAE1,HK2,RASA2,PFDN2,PIGR,LETM2,GPR39,MYOF,TMC8,TMC6,PLXDC1,S100A2,S100A5,S100A4,S100A3,GDPGP1,ARRB1,PPM1N,BARX2,PARD6B,ATP9A,CYB5B,MBOAT1,RASSF4,TSPAN5,PPP1R1C,TECR,SPTLC2,DGLUCY,CD55,FUT4,ISG15,SSH3,S100P,HOXB9,PRR11,SKA2,CDC6,PRSS22,SERPINB1,ANXA3,DGKA,IGFBP4,ADAM9,SLC37A1,TRAF4,UNC93B1,CFLAR,TPCN1,APP,DPF3,TNS4,KIF13B,KCTD3,TEDC1,PDZD7,SMAD3,ARHGAP30,CKS1B,ABCC3,STN1"
"DEG_HVL_CRC29","136","0.45789999999999997","ZNF740","ZNF740","248","1442","0.16330000000000000071","0.356999999999999984","1.0760000000000001","ReMap--ChIP-seq","DDIT4,ORAI3,ZNF23,HEXIM1,HEXIM2,FXYD3,SFXN3,MMP25,PLSCR3,PAFAH1B3,TARBP1,CCDC9,AGRN,EFEMP2,SRCIN1,NEK8,TRIM46,E2F2,TSPOAP1,GIPR,BST2,TLCD1,COX17,LPXN,NUP153,IGF2R,LYL1,PLEC,POLD4,POLE3,DQX1,MEX3A,ASGR1,ADAMTSL4,KIFC2,KIFC1,ASPDH,CDKN2C,THOC6,AKIRIN1,FANCC,LCORL,SLC35B2,HDAC10,OBSL1,HMX3,KISS1R,COMT,ISYNA1,IQCN,LIN9,MUC1,BUB3,HES4,RBMX,MDC1,EML2,RBP5,RBCK1,MLLT11,GRIN3B,ELOVL5,PROCA1,HLA-DMA,CARNS1,STAT6,HR,MYLK4,BCDIN3D,NRARP,LRP1,SLC25A23,BAIAP2,TONSL,ZDHHC1,CTXN1,PIK3R1,GLB1L,CCND2,HOMEZ,ATP2A1,PIDD1,CCDC194,MVP,INAFM1,SULT2B1,CRACR2B,PRDX4,TMEM198,PFAS,ZCWPW1,PLCD3,CHPF,ZFP36,LSM2,PGPEP1,CARHSP1,TSHZ1,CCDC88B,FAF1,MYL6B,CA11,NRM,RELL2,DNAJC22,ACBD4,DLG4,PDE4A,EGFL8,LTC4S,SYNGAP1,CRABP2,CDCA5,RNF227,ACHE,HOXC10,SPHK2,CRB2,ZSWIM8,SAMD1,NUDT22,YPEL2,CDC25C,FTL,CORO1B,SMIM24,TSPAN31,KCTD21,CCDC78,TRIB1,SMARCA1,LPAR5,ACY1,MGAT1,REM2,HNRNPA2B1,PNPLA2,CRTC1,NRTN,SCNN1D,GPRIN1,CACNA1H,BHLHE40,TAPBP,SSRP1,HNRNPR,ZNF395,NFATC3,EHD1,HNRNPL,HNRNPF,ATG2A,SNAI1,GPT,CSAD,PLEKHN1,ZNF367,CLCF1,RAB3A,TM7SF2,TLE3,TLE2,RAB34,BRSK1,HSPBP1,CNIH2,NEMP1,HAUS8,NCKAP5L,TBC1D10C,RALGDS,TRPM4,PANO1,CITED2,PRX,PSD,TUBB,CBFA2T3,DCST2,C1RL,FAM83E,POU2F1,CBX3,CBX2,KDM5B,YBX2,PPP2R5B,TRPT1,PERM1,THBS3,KRTCAP2,RFX5,AGAP2,CYB5R1,RHBDL1,ABCA7,FERMT3,CTCF,LETM2,ROM1,TMC4,KANK2,SQSTM1,LRRC4B,ZNF512B,PPM1N,TP53INP1,IFI35,SLC12A9,TSPAN4,ID3,KIF22,JADE1,PALM,SLC1A5,ISG15,PHF19,MAPK12,MAPK11,STMN1,UNC13A,HOXB9,HOXC8,TRIP6,INHA,CLSTN3,STK32C,TEX9,DNMT1,AK1,ITPR3,TRAF1,TRAF4,METTL27,NFAT5,MGAT4B,CDT1,ANP32E,ANP32B,BICDL2,RAD51C,TNXB,GDF15,PDZD7,USP35,CKS1B,PRRG2,BAX"
"DEG_HVL_CRC29","137","0.46129999999999999","ZNF165","ZNF165","65","357","0.16809999999999999942","0.363999999999999990","1.1539999999999999","ReMap--ChIP-seq","SCX,GSTM2,L1CAM,DGAT1,MT2A,CES3,CES2,RRAD,RRAS,NMRK1,ACOX1,CDA,HCFC1,ST3GAL6,TMEM179B,CEBPG,BCO2,WDR97,BRICD5,SLC22A4,TMEM184A,STX16-NPEPL1,UQCC1,OPLAH,IQCN,EPS8L1,EPS8L2,CYP1B1,GPR161,TMEM187,ZNFX1,CLIP2,LSM4,PARP10,B3GNT3,CDCA5,ARHGAP4,ZSWIM8,CRLF1,DLX2,ITGB2,SPATC1,PINK1,SHARPIN,TMEM223,RFC2,SEPHS1,IZUMO4,PHYH,RASD1,GPR39,KANK2,ERFE,EXOSC4,CD74,SPC24,FCRLB,GARNL3,BATF2,DUSP12,PTGES,CDT1,MAVS,ABCC4,PRRG2"
"DEG_HVL_CRC29","138","0.46460000000000001","ZBED1","ZBED1","248","1445","0.17180000000000000826","0.367999999999999994","1.0740000000000001","ReMap--ChIP-seq","MTHFD2,SCO2,DDIT4,HEXIM1,HEXIM2,BTBD19,NCAPH2,KCNC3,CCDC9,EFEMP2,CYSRT1,MSH4,SRSF3,SRSF7,PKMYT1,NEK8,SDF2L1,TRIM66,VPS9D1,E2F2,TSPOAP1,ICAM1,TRIM28,SYNGR2,NEU1,NDUFAF3,MT-ATP6,TLCD1,PTMA,NOXO1,MT-ATP8,LPXN,LMNB1,LYL1,ATP6AP1,SYNGR3,SLC3A2,POLD1,RRM2,DQX1,PLK3,BTG2,CDKN1A,ADAMTSL4,TK1,HLA-DQB1,TMEM179B,THOC6,INSIG1,MCM7,MGME1,WDR97,BCOR,SLC35B2,IFITM2,BRICD5,TANGO2,TYMP,KISS1R,ZWILCH,EME2,ISYNA1,OPLAH,STPG3,IQCN,HES4,MT-ND6,MDC1,MT-ND4,MT-ND5,MT-ND1,NAPSA,GRIN3B,TUBA1B,HLA-DPA1,SLC29A1,PROCA1,RECQL4,HLA-DMA,HLA-DMB,CARNS1,FSCN2,SOCS2,BCL2L11,SLC25A19,RCC1,SLC34A3,PCBP1,TNFRSF13C,PCSK4,AJM1,PIDD1,RBM15,SFPQ,IRF8,INAFM1,VIM,ENO1,CRACR2B,PA2G4,GLI4,ZCWPW1,ZNF594,CARD6,ZNFX1,PLCD3,ZFP36,TMSB10,LSM4,LSM2,PTBP1,PGPEP1,PATL2,WBP1,MROH6,JMJD6,MYL6B,NRM,TMEM134,ACBD4,NFKBIA,DLG4,NAPRT,HSH2D,HSPE1,MT-CO1,SYNGAP1,MT-CO2,MT-CO3,ATF4,CDCA5,RNF224,ARHGAP4,MED22,ODC1,NUDT22,YPEL3,FTL,INO80B,CORO1B,MT-CYB,SMIM14,HNRNPA1,HNRNPA3,CCDC78,EGR1,ACY1,HNRNPA2B1,PNPLA2,SYCE2,SHARPIN,BHLHE40,TCF3,TMEM223,TAPBP,HNRNPU,ANAPC11,SNAI3,EHD1,HNRNPL,HNRNPF,GPT,TCP1,TUBB4B,CLCF1,TM7SF2,FCGRT,RAB34,REEP6,RFC4,RFC2,PKM,MTFR2,NEMP1,P2RX6,LONP1,TBC1D10C,PYCR3,PANO1,PRX,PSD,IZUMO4,TUBB,PGGHG,CBFA2T3,RFNG,PTGES3,CBX5,CBX3,SAE1,SNAPC5,TRPT1,MT-ND4L,DDX39A,ZNF276,RHBDL1,ABCA7,FERMT3,ROM1,TMC8,TMC6,CKS2,PIM1,SQSTM1,TRABD2A,SLC38A2,B3GALT4,PPM1N,NDUFA7,TSPAN4,SURF1,ID3,TECR,CCR9,KIF2C,EXOSC4,CD74,SPC24,DOK3,ISG15,SSH3,PHF19,NUP62,AURKB,MTHFR,TNFSF9,SF3A2,RNPEPL1,AMH,TRAF1,DALRD3,TRAF4,CFLAR,IMPDH2,MGAT4B,KLK1,CDT1,DAZAP1,NME3,DNASE1L1,RANBP1,GDF15,LY6G5C,CASKIN1,SMAD3,ALYREF,CKS1B,BAX"
"DEG_HVL_CRC29","139","0.46800000000000003","HOXC11","HOXC11","16","77","0.17230000000000000870","0.367999999999999994","1.3590000000000000","ReMap--ChIP-seq","MT-ATP6,MT-ATP8,MT-ND6,MT-ND4,MT-ND5,MT-ND1,MT-CO1,MT-CO2,MT-CO3,HOXC10,MT-CYB,MT-ND4L,PTGS2,HAT1,TERT,HOXC8"
"DEG_HVL_CRC29","140","0.47139999999999999","FOXP1","FOXP1","248","1451","0.18970000000000000751","0.397000000000000020","1.0680000000000001","ReMap--ChIP-seq","SLBP,SET,HEXIM1,HEXIM2,JAG1,PBX3,ATAD5,MBD2,CCDC9,NCAPD2,EFEMP2,CYSRT1,SRSF3,NEK8,SDF2L1,E2F2,SLC23A3,IKZF2,TRIM28,GIPR,NDUFAF3,PTMS,MT-ATP6,CACYBP,TLCD1,PTMA,MT-ATP8,TACC3,ZGRF1,LPXN,LMNB2,LMNB1,ZIC2,PLEC,SLC3A2,POLE3,SMC4,WDR76,PRKDC,MEX3A,BTG2,CDKN1B,ADAMTSL4,RCCD1,GART,SLC17A7,CDKN2C,TMEM179B,HMCES,THOC6,HMMR,FANCG,BCL6,BCL2,MCM7,LBR,MCM3,MCM4,MGME1,WDR97,BCOR,SLC35B2,TPX2,AMIGO2,KISS1R,EMC9,CCDC28B,CDH24,STPG3,STPG4,OAS2,MT-ND6,MT-ND4,MT-ND5,MT-ND1,HES7,EML2,SIRT4,FH,PROCA1,MYLK3,LAG3,FOXP1,FSCN2,ACAT2,BCL2L12,DR1,MDM2,CDCA7L,SLC25A19,LRP1,LRR1,RCC1,SLC34A3,CCDC117,IFI44L,PIDD1,MVP,VIM,ENO1,ENO2,PIH1D1,PA2G4,ZNFX1,PLCD3,ZFP36,STIP1,ZNF513,WBP1,ZNF608,CHEK1,JMJD6,FAF1,MYL6B,AMPD3,CA11,TMEM123,ACBD4,DLG4,TMEM107,HSPE1,TBKBP1,MT-CO1,MT-CO2,MT-CO3,ATF4,CDCA3,CDCA7,RNF224,FAT1,BHLHE41,HOXC10,SPHK2,MED22,ODC1,SAMD1,NUDT22,NUDT21,CDC25C,FTL,INO80B,DLX2,MT-CYB,ISY1,ITGB8,RRM2B,PBXIP1,REC8,SNRPD2,TRIB1,CEP192,ACY1,NUDCD2,MIS18BP1,PDIK1L,HNRNPA2B1,PNPLA2,SYCE2,SHARPIN,NASP,PHTF2,TMEM223,SSRP1,RSPH1,HNRNPU,HNRNPR,ANAPC11,HNRNPL,HNRNPF,NRSN2,TCP1,TUBB4B,ADM5,TM7SF2,TLE4,RAB34,NEMP1,PM20D2,FUBP1,TOP2A,CITED2,IZUMO4,HOXA11,FAM83E,POU2F1,CBX3,CBX2,DYNLRB1,SAE1,TRPT1,LEF1,WEE1,MT-ND4L,AGAP2,NCAPG,NCAPH,ABCA7,FERMT3,GPR19,LETM2,MRPL51,PIM1,SLC38A2,GGCT,ZNF512B,PPM1N,PRC1,IFI35,TMPO,SURF1,IFI44,ID3,KIF11,KIF22,KIF2C,EXOSC2,CD72,STK17B,SLC1A5,MASTL,AURKB,BACH2,HOXC8,TRIP6,SSPN,DNMT1,RAD51AP1,SLC37A1,CDK2,WRAP53,AMH,SLC37A4,DALRD3,TRAF4,SEMA3B,IMPDH2,BCL11A,ANP32E,ATM,BICDL2,ALYREF,ARHGAP24,USP37,CKS1B,CKAP2,USP16,NAP1L1,BAX"
"DEG_HVL_CRC29","141","0.47470000000000001","DEAF1","DEAF1","247","1445","0.18970000000000000751","0.397000000000000020","1.0680000000000001","ReMap--ChIP-seq","DHDH,MTHFD1,HEXIM1,TOE1,HEXIM2,BTBD19,IFT140,TOMM40L,PAFAH1B3,EFEMP2,CYSRT1,TOM1,DGAT1,FBXO45,TSNAXIP1,SDF2L1,SP4,SP6,CCP110,TRIM28,ARL15,RRAS,NEU1,PCK2,TP73,MT-ATP6,SYNCRIP,MRPS25,MT-ATP8,FGF11,LMNB2,SLC3A2,FRMPD1,PRKCG,PLK3,WDR54,CDKN1B,ASGR1,MAMSTR,OSBPL7,SECISBP2L,TULP2,WDR97,C2CD5,C2CD3,UBXN6,TMED8,LIG1,ZCCHC8,STPG3,MT-ND6,MT-ND4,MT-ND5,ZFYVE1,MT-ND1,HES7,HES6,HMGXB4,HSPH1,SASS6,LRSAM1,SIRT4,SIRT2,ZNF695,UBE2D1,BCL2L12,NXT1,SLC25A19,HSD17B14,SLC25A35,SLC34A3,CCDC117,SPINDOC,DOT1L,CCDC159,HOMEZ,CCDC146,AJM1,HMGB2,BCL7C,ARMH1,CCDC191,MVP,EPS8L2,CHFR,MED8,FZD1,PA2G4,TMEM198,PFAS,CCDC90B,NMNAT1,PLCD3,CHPF,ZFP36,ZNF564,ZNF554,ZNF513,WBP1,CHEK2,ARL6IP6,MYL6B,ANKRD9,TOMM40,ALOX12B,CA11,TMEM143,ELMO3,DNAJC22,DNAJC28,ACBD4,DLG4,TMEM107,TMEM109,HPDL,EGFL8,LCA5,MT-CO1,MT-CO2,MT-CO3,ATF4,CDCA5,CDCA8,RNF224,DLGAP5,SPHK2,ZSWIM8,SAMD1,ZSWIM5,CENPO,YPEL3,EXOC3L1,FTL,INO80B,KHDRBS1,MT-CYB,PBXIP1,TSPAN31,CDC45,HNRNPA1,SNRPD3,BRIP1,RAB27A,IL11,BUB1B,PPIH,SHARPIN,TAPBP,EPOR,HNRNPR,HNRNPL,C1QTNF6,TUBB4B,ADM5,RAB3A,TM7SF2,NRBP2,MPC1,SLC39A3,TLE4,TLE3,ILF2,SNRPA,BRSK1,HSPBP1,SNRNP48,MAPK8IP2,ZW10,SPTBN4,CITED2,PSD,IZUMO1,RFNG,DCST2,FAM83E,CBX5,CBX1,SAE1,YBX1,SNAPC5,AXIN1,PPP2R5D,WEE1,MT-ND4L,SETMAR,DDX39A,ABCA7,GPR19,WFIKKN1,LYPLA2,LRRC45,ROM1,TMC4,ZNF226,RABAC1,ZNF224,ZNF222,PLXDC1,SAP30,B3GALT4,EFCAB11,BIRC5,PPM1N,TMPO,RSAD2,KDELR3,KIF20A,KIF22,KIF2C,DERL3,JADE1,OSCAR,HNRNPUL1,FUT2,FDPS,PHF13,LMBRD2,AURKB,TRIP6,HBP1,ING3,GARNL3,TCF19,SERPINB1,ANXA4,ZNF101,AGBL3,MINDY1,RAD9B,WRAP53,TRAF2,SKP2,INPP5B,ANP32E,ANP32B,FEN1,RAD51C,RASIP1,CGREF1,KNTC1,CASKIN1,STIL,ARHGAP33,CKS1B,MADCAM1,ZNF184,BAX"
"DEG_HVL_CRC29","142","0.47810000000000002","ESR2","ESR2","246","1439","0.18970000000000000751","0.397000000000000020","1.0690000000000000","ReMap--ChIP-seq","SCX,DDIT4,SLBP,HEXIM2,SFXN2,EFEMP2,KMT5A,MAP3K4,FBXO44,AMDHD2,NEK8,KCNK6,PIWIL4,VPS9D1,ARL13B,E2F8,FBXO2,BRI3BP,NDUFAF3,RNF144A,TLCD1,PTMA,NOXO1,FILIP1L,PEX10,TACC3,TMOD1,BBOF1,ZIC2,CA9,SUN2,SYNGR3,ELF3,SHANK2,RRM2,DNAAF1,PLK5,CDKN1A,CDKN1B,PLIN2,PAPSS2,CDKN2C,PHF5A,TMEM229B,FANCA,LHX4,SYNE3,LBR,DNAJC1,ZNF747,MACC1,BCOR,SLC35B2,HDAC11,BRICD5,MATN2,MTHFD1L,SUSD6,CCDC28B,EME2,ACYP1,ATP1B1,ZCCHC8,IQCN,SNCG,SCAMP5,SAMD11,CFAP99,CFAP74,TUBA1C,TUBA1A,RIPK4,SLC29A1,PROCA1,STAT4,FAM228B,SLC25A42,KPNA2,SLC25A45,FSCN2,NXT1,SH2D3C,SLC25A15,SLC25A19,DHFR2,HASPIN,PEX11G,CTXN1,ZNF703,N4BP3,CLHC1,FKBP10,TNFRSF13C,TMEM150A,DOT1L,CRIP2,MAD2L2,CYP46A1,CCDC138,ARHGEF39,AJM1,ATP2A1,PIDD1,RBM15,TBC1D2,ENO1,MYB,WSB1,SULT2B1,CRACR2B,CDK18,FHDC1,CYP1A1,SULF1,COL16A1,RNF170,TADA1,LCA5L,ASS1,NADSYN1,SOX9,PIMREG,SIAH2,GNG13,CCDC88B,FAF1,MYL6B,ANKRD9,MDFIC,AKAP7,AKAP5,DISC1,HSPA2,TBKBP1,RNF215,EPB41L2,HOXC10,NINL,SLC39A11,CRB2,SLC7A1,ZSWIM5,YPEL2,DLX2,SPATA7,ELFN2,ACP6,ACP2,HNRNPAB,TTC39A,CRKL,HERC5,HERC6,CCDC78,PNPLA2,GEN1,GPRIN1,PRR5-ARHGAP8,TBC1D13,BHLHE40,MANSC1,CUEDC1,ASB16,GNG3,MYO15B,LDHA,EHD1,PLEKHN1,HID1,MPC1,TLE3,RAB36,RAB34,CCDC24,TCIRG1,PIP5KL1,RFC5,FAM219B,NEMP1,P2RX4,CALML6,MAGOH,GPR37L1,SPTBN4,PANO1,HOXA11,ANXA11,SIX2,AXIN1,WEE1,HDHD5,ZNF276,NCAPH,WFIKKN1,LRRC45,MRPL48,NTF4,FLNB,PLXDC1,PIM1,FRMD8,LRRC58,ARRB1,PPM1N,NDUFA7,DONSON,MBOAT1,USH1G,PRC1,PPP1R36,ANKH,TSPAN4,ACER2,RGL3,CTSD,EXOSC2,PALM,DOK3,SCN8A,FUT4,SSTR5,GALNT7,SYTL3,HOXC8,CSRP2,TIGD3,ANXA3,STK32C,TRAF2,DALRD3,TRAF4,NFAT5,LAGE3,SEMA4G,IMPDH2,TNS1,ANP32E,NME3,IL17RB,SEZ6L2,CASKIN1,TP53I3,KLF10,TGFBR3,OPRL1,LEKR1"
"DEG_HVL_CRC29","143","0.48149999999999998","NR3C1","NR3C1","248","1452","0.19279999999999999916","0.398000000000000020","1.0669999999999999","ReMap--ChIP-seq","DDIT4,HEXIM1,HEXIM2,BTBD19,DUSP5,DUSP1,PAFAH1B3,RAPGEF3,CCDC9,CYSRT1,NEK8,KCNK6,TRIM46,MT2A,TRIM28,SDC4,TNFSF13,MT-ATP6,TLCD1,NOXO1,MT-ATP8,PLAU,PLD1,LMNB2,CA9,SYNGR3,ELF3,PLEC,SLC3A2,POLD4,CD7,ARMC7,PLK3,MEX3A,BTG2,CDKN1A,ADAMTSL4,TK1,ANGPTL4,TPM2,THOC6,FKBP5,MCM7,ABLIM3,WDR97,SLC35B2,BRICD5,TMEM184A,TPX2,EDN1,AMIGO2,OPLAH,STPG3,IQCN,MUC1,MT-ND6,MT-ND4,MT-ND5,MT-ND1,LACTB,HES7,HSPG2,GRIN3B,SIRT4,F3,PROCA1,FSTL3,CASTOR1,SLC25A45,SLC16A5,FSCN2,SOCS3,ST6GALNAC1,PPP1R15B,BAIAP2,PC,SLC34A3,FKBP10,TMEM150A,CRIP2,GLB1L,CCDC159,ARHGEF39,PIDD1,CFAP45,MARVELD1,INAFM1,EHF,ENO1,ENO2,SULT2B1,RNF126,CRACR2B,PFAS,ZCWPW1,IMPA2,PLCD3,ZFP36,NAGLU,TMSB10,LSM4,LSP1,WBP1,GLRX,ANKRD1,AMPD3,SLC20A1,KRT19,KRT15,ALDH3A1,ALDH3B1,ACBD4,NFKBIA,DLG4,TGFBI,CXCL2,KYNU,TMEM107,PDE4A,TRNP1,KRT80,SPG7,MT-CO1,MT-CO2,MT-CO3,EPB41L1,RNF215,RNF224,SPHK2,SLC7A5,ODC1,EXOC3L1,FTL,INO80B,MT-CYB,ITGB4,ITGB6,ITGA3,PBXIP1,DEPP1,CCDC78,ACTN4,TRIB3,TRIB1,HSD17B1,PNPLA2,CRTC1,PRR15L,SCNN1A,SHARPIN,SYT8,BHLHE40,CUEDC1,ANAPC11,FOSL2,EHD1,HNRNPL,HNRNPF,NRSN2,TUBB4B,CLCF1,HID1,TM7SF2,FCGRT,ILF2,RAB34,PLXNB2,CATSPERG,DENND3,FTH1,KAT8,KRT7,CHMP1B,PRX,DCST2,AMN1,ITPRIP,FAM83E,SAE1,THBS3,WEE1,MT-ND4L,KRTCAP2,TAPBPL,RHBDL1,ABCA7,MYOF,FLNB,PLXDC1,S100A2,FRMD8,S100A5,S100A4,S100A3,KANK3,TRABD2A,SLC38A2,ARRB1,ARRB2,PPM1N,PARD6B,ATP9A,RASSF4,TMPO,TSPAN4,ID3,ARMC12,TECR,KIF2C,EXOSC4,CD55,CD72,SPC24,GEMIN7,SLC1A5,AURKB,UQCRHL,MAPK11,SERPINE1,S100A16,S100A13,SERPINB1,ABHD11,IGFBP4,PSAP,PSCA,TRAF2,TRAF1,TRAF4,METTL27,UNC93B1,TNNI2,CFLAR,TPCN1,TNS4,PTGES,LCN12,CDT1,BICDL2,GDF15,TEDC1,SMAD3,ALYREF,CKS1B,ABCC3,TOB1,LEKR1,BAX"
"DEG_HVL_CRC29","144","0.48480000000000001","RELA","RELA","248","1452","0.19279999999999999916","0.398000000000000020","1.0669999999999999","ReMap--ChIP-seq","ZC3H12D,SPINT1,MTHFD2,SCO2,DDIT4,HEXIM1,HEXIM2,BTBD19,NCAPH2,MMP25,DUSP4,DUSP5,DUSP1,CCDC9,AGRN,EFEMP2,CYSRT1,MAP3K8,NEK8,TRIM46,TSPOAP1,ICAM1,LGALS1,TRIM28,SDC4,SYNGR2,RRAS,TNFSF13,PTK6,NDUFAF3,MT-ATP6,RAC2,TLCD1,PTMA,NOXO1,MT-ATP8,PLAU,PLD1,LPXN,TNFAIP2,LMNB2,CA9,SYNGR3,ETV4,ELF3,PLEC,SLC3A2,DQX1,VPS18,ARMC7,PLK3,MEX3A,BTG2,CDKN1A,ADAMTSL4,TK1,FKBP5,FANCG,TPP1,MCM7,WDR97,SLC35B2,TYMP,EMC9,ALOX12,STPG3,IQCN,PDXP,HES4,MT-ND6,MT-ND4,MT-ND5,MT-ND1,HSPG2,EML2,C3,SIRT4,SLC29A1,RNASEK,PROCA1,FSTL3,CARNS1,CASTOR1,SLC25A45,SLC16A5,PFKFB3,BCL2L12,SOCS3,PIK3CD,SH2D3A,PPP1R15B,SLC34A3,PCBP1,HYAL1,MMD,DOT1L,PIDD1,CFAP45,MVP,ENO1,ENO2,PIH1D1,RNF126,CRACR2B,WNT10B,ZCWPW1,PLCD3,ZFP36,NAGLU,TMSB10,CLIP2,GPR108,LSM4,PGPEP1,RANGAP1,WBP1,CBLN3,JMJD6,CCDC88B,CLIC4,MYL6B,TRIP10,TMEM134,ACBD4,NFKBIA,DLG4,CXCL8,CXCL2,TMEM107,PDE4A,TMEM109,SPG7,HSPE1,MT-CO1,MT-CO2,MT-CO3,CDCA5,RNF213,RNF224,NUDT22,FTL,CD274,INO80B,CORO1B,MT-CYB,ITGB6,PBXIP1,DEPP1,HNRNPA1,REC8,ACTN4,TRIB1,EGR1,EGR3,DHRS13,HSD17B1,IL32,PNPLA2,SYCE2,SHARPIN,BHLHE40,ACTA2,ANAPC11,FOSL2,EHD1,HNRNPL,HNRNPF,FNDC11,GRN,TUBB4B,TM7SF2,RAB34,PLXNB2,RFC2,PKM,NEMP1,DENND3,FTH1,TBC1D10C,KRT7,PANO1,PSD,IZUMO4,CBFA2T3,DCST2,CBX5,SAE1,YBX2,TRPT1,PFDN2,MT-ND4L,KRTCAP2,MYL5,TAPBPL,RHBDL1,ROM1,TMC8,TMC6,PIM1,FRMD8,SQSTM1,TRABD2A,SLC38A2,ZNF512B,PPM1N,RASSF4,KIF22,KIF2C,CD44,EXOSC4,CD72,CD82,NDUFV2,ISG15,PHF19,NUP62,AURKB,UQCRHL,SERPINE1,TRIP6,TNFSF9,SERPINB1,DNMT1,PSAP,WRAP53,SLC37A4,TRAF2,TRAF1,DALRD3,TRAF4,NFAT5,SEMA3B,CFLAR,TPCN1,IMPDH2,MGAT4B,CDT1,ANP32E,DAZAP1,BICDL2,TUBG2,GDF15,SMAD3,ALYREF,CKS1B,KLF10,USP16,BAX"
"DEG_HVL_CRC29","145","0.48820000000000002","MAFF","MAFF","247","1453","0.21510000000000001341","0.441000000000000003","1.0609999999999999","ReMap--ChIP-seq","SPINT1,MTHFD2,SCO2,DDIT4,SET,HEXIM1,HEXIM2,BTBD19,SFXN3,DUSP1,RAPGEF3,EGLN3,EFEMP2,CYSRT1,MAP3K8,SRSF3,PKMYT1,NEK8,SDF2L1,TRIM46,E2F2,ICAM1,TRIM28,BTD,PCK2,NDUFAF3,CACYBP,TLCD2,TLCD1,PTMA,PCNA,NOXO1,PLD1,NUP153,FGF11,TNFAIP2,LMNB2,SYNGR3,ELF3,PLEC,SLC3A2,POLD4,RRM2,CD7,DQX1,ZSCAN31,VPS18,ARMC7,PLK3,TK2,CDKN2C,PCYOX1L,MAMSTR,THOC6,MCM7,CEBPB,MGME1,SLC22A4,TMEM184A,TPX2,TYMP,CHRAC1,EMC9,FPGS,CDH24,STPG3,IQCN,MDC1,SCAMP5,HES7,RBCK1,C3,LRSAM1,RNASEK,PROCA1,HLA-DMA,SLC25A45,SLC16A5,BCL2L12,NRARP,SH2D3C,PPP1R15B,PC,EIF4A3,RCC1,SLC34A3,PCBP1,HYAL1,GLB1L,HOMEZ,AJM1,MVP,VIM,ENO1,PA2G4,SLC6A9,IMPA2,ZNFX1,PLCD3,ZFP36,GPR108,LSM4,LSM2,WBP1,GLRX,ARL6IP6,NECAB3,CCDC88B,CLIC3,FAF1,MYL6B,AMPD3,CA11,TRIP10,NRM,TMEM134,ALDH3B1,ACBD4,DLG4,TMEM107,HPDL,EGFL8,KRT80,SPG7,RNF215,RNF224,HOXC10,RMI1,SPHK2,ODC1,NUDT22,CENPE,YPEL3,FTL,INO80B,CORO1C,ACP2,SMIM24,PBXIP1,CDC20,CCDC78,TRIB3,DEPDC7,VEGFA,PRR15L,SYCE2,ADGRG1,TMEM230,BHLHE40,MXD3,ASB16,GNG3,ANAPC11,HMOX1,NFATC3,FOSL2,EHD1,ADI1,NRSN2,ZNF367,TUBB4B,CLCF1,RAB34,CNIH2,PIP5KL1,CCDC34,POLR1E,NEMP1,HAUS8,TBC1D10C,KRT7,PPL,RALGDS,COL18A1,CITED2,IZUMO1,TUBB,DCST2,PTGES2,FAM83E,TRPT1,KRTCAP2,ABCB6,ABCA7,FERMT3,LYPLA2,LRRC45,MYOF,ROM1,PIM1,FRMD8,SLC38A2,PPM1N,TP53INP2,PRC1,TMPO,ID3,TECR,KIF22,CD55,DCLRE1B,HNRNPUL2,NDUFV2,LMBRD2,ZP3,AURKB,UQCRHL,S100A16,S100A13,HOXC8,SIVA1,PAXX,SERPINB1,TM9SF1,STK32C,IGFBP4,ADAM9,RHEB,DALRD3,TRAF4,EFHC1,METTL27,UNC93B1,SEMA3B,IMPDH2,SKP2,PTGES,LCN12,CDT1,KLLN,PPCDC,TUBG2,RASIP1,GDF15,LY6G5C,SSC4D,ARHGAP19,PDZD7,STIL,SMAD3,ALYREF,ESR2,KIF18B,CKS1B,ABCC3,ZNF184,BAX"
"DEG_HVL_CRC29","146","0.49159999999999998","ZFX","ZFX","246","1448","0.21849999999999999978","0.445000000000000007","1.0609999999999999","ReMap--ChIP-seq","SCO2,SLBP,SET,HEXIM1,HEXIM2,BTBD19,NCAPH2,AGO2,DUSP1,CCDC9,AGRN,EFEMP2,CYSRT1,PKMYT1,TNFRSF14,NEK8,SDF2L1,NOXA1,TSPOAP1,ICAM1,TRIM28,FBXO5,RRAS,SPDYC,NDUFAF3,TLCD1,PTMA,NOXO1,PCNT,TACC3,TNFAIP2,LYL1,SYNGR3,PLEC,GALT,RRM2,DQX1,PRKCG,PLK3,MEX3A,KIFC2,TMEM179B,FANCG,MCM7,SAPCD2,MCM2,ZNF747,WDR97,BCOR,BRICD5,ARRDC1,SLC22A4,TYMP,KISS1R,NFYB,CCDC28B,FPGS,ISYNA1,OPLAH,STPG3,IQCN,MUC1,HES4,HES6,RNASEK,PROCA1,RECQL4,CARNS1,SLC25A41,FSCN2,SOCS3,NRARP,FOXM1,SH2D3C,PRIMPOL,LRR1,TONSL,RCC1,CCNL2,SLC34A3,ENTPD8,MXRA8,CTXN1,PCBP1,HYAL1,TMEM150A,SPINDOC,CRIP2,GLB1L,ACAA1,HOMEZ,ZFHX2,AJM1,PIDD1,BCL7C,CDHR2,MVP,VIM,ENO2,CRACR2B,ZCWPW1,PLCD3,ZFP36,STIP1,LSM4,PTBP1,ZNF513,JMJD6,STAG1,TMEM143,ALDH3B1,ACBD4,DLG4,TMEM107,RNF207,SPG7,LTC4S,ATF4,EXD3,CDCA3,CDCA5,RNF224,ACHE,HOXC10,MED22,ZSWIM8,SAMD1,NUDT22,YPEL3,CDC25C,PBXIP1,CDC20,TRIB3,EGR1,CCDC9B,ACY1,THTPA,HSD17B1,MGAT1,PNPLA2,SHARPIN,TMEM234,BHLHE40,MXD3,MXD4,TENT4A,TMEM223,HNRNPU,HNRNPR,RHNO1,ANAPC11,LDHA,PRELID1,HNRNPL,HNRNPF,ATG2A,GMEB1,GPT,PLEKHN1,NSD2,TUBB4B,TM7SF2,RAB34,TCTA,BRSK1,SLC26A1,HSPBP1,TCIRG1,AP1G2,CHPF2,NEMP1,CALML6,TBC1D10C,KAT8,RALGDS,PANO1,LIMD2,PRX,PSD,CBFA2T3,RFNG,NT5C,AXIN1,PPP2R5B,TRPT1,PERM1,THBS3,WEE1,MYL5,ABCB6,RHBDL1,FERMT3,WFIKKN1,PIGQ,PIGZ,TMC8,TMC6,IDUA,ZBTB26,S100A2,FRMD8,SQSTM1,ZNF512B,PPM1G,TSPAN4,SURF1,TECR,KIF11,EXOSC4,KHSRP,HNRNPUL2,SLC1A5,ISG15,SSH3,PHF13,NUP62,PAOX,AURKB,S100P,HOXB9,HOXC8,TRIP6,SF3A2,TM9SF1,TEX9,DGKQ,RNPEPL1,AMH,TRAF2,DALRD3,TRAF4,IMPDH2,MGAT4B,CDT1,ANP32B,DAZAP1,RASIP1,TEDC1,SMAD3,ALYREF,MAVS,CKS1B,MADCAM1,KLF11,TOB1,USP20"
"DEG_HVL_CRC29","147","0.49490000000000001","ZC3H8","ZC3H8","245","1443","0.22200000000000000289","0.448000000000000009","1.0600000000000001","ReMap--ChIP-seq","HEMK1,DDIT4,HEXIM1,HEXIM2,BTBD19,PRPF38A,AGO2,SFXN3,DUSP5,DUSP1,STX4,SRSF3,NPAS1,SP2,SP6,ONECUT3,E2F2,LGALS1,SDC4,GIPR,RRAS,TNFSF13,POLA2,PTMS,MT-ATP6,CACYBP,PTMA,MT-ATP8,PLAU,ZGRF1,ELF3,SLC3A2,POLD4,CD4,ARMC7,LHPP,PLK3,MEX3A,ASGR1,ADAMTSL4,COPZ2,ORC1,OSBPL7,BCL6,TPP1,WIPI1,TST,MCM5,IFIT2,MACF1,TPX2,GINS4,CCDC28B,OASL,PDXP,MT-ND6,MT-ND4,MT-ND5,MT-ND1,EML2,RBP5,C3,COL1A1,SIRT4,EMP1,SIRT2,CASTOR1,SLC16A5,LAG3,BCL2L12,SOCS3,BCL2L11,SH2D3A,TONSL,RCC1,KLK10,KLK11,ZFHX2,ANKHD1,BCL7C,EHF,ENO1,ENO2,SLC6A9,PFAS,HBEGF,PLCD3,COL16A1,ZFP36,TMSB10,CLIP2,GPR108,NES,CALCOCO1,PGPEP1,KCNAB3,WBP1,FDXACB1,CBLN3,ARL6IP1,CHEK1,CD109,CCDC88B,CORO6,MYL6B,MAP4K1,RAPSN,KRT13,KRT19,KRT15,TRIP10,TJP3,ASIC1,ACBD4,DLG4,TMEM107,RNF207,TRNP1,MT-CO1,ARPIN,MT-CO2,MT-CO3,ATF4,CDCA3,CRABP2,RNF227,PXDN,CENPA,CRLF1,CDC25C,INO80B,DLX4,FUZ,CNTROB,MT-CYB,ISY1,ITGB4,ELFN2,ITGA3,PBXIP1,TSPAN31,SYT17,ACTN4,TRIB1,OSGIN1,THTPA,IL11,OSM,PRR15L,SIDT2,TMEM234,NASP,UBE2S,BHLHE40,NYNRIN,CDK5RAP3,LDHD,HMOX1,PLEK2,NFATC4,HNRNPL,TCN2,MGLL,CLCF1,RAB3A,FCGRT,HMGN2,PLXNB1,AP1G2,NEMP1,DENND3,NECTIN4,FTH1,KRT4,GPR37L1,PSD,NT5C,ITPRIP,C1RL,COTL1,ANXA11,SHISA4,CBX2,SAE1,PFDN2,MT-ND4L,TTYH2,AGAP2,VSIR,HAS3,PLXDC1,LRRC73,S100A2,S100A5,S100A4,S100A3,TRABD2A,ARRB1,PPM1N,PARD6B,CYB5B,TMPO,PAQR6,STX1B,ID3,KIF2C,SLC43A1,CALHM2,GGT6,PHF19,CALB2,AURKB,ACOT7,SYTL3,HOXB9,S100A16,S100A13,HOXC8,PRSS22,TIMM10,TM9SF1,CLSTN3,DGKA,IGFBP4,CDK2,PSD4,METTL27,SEMA4G,TPCN1,TNS4,KLK1,INPP5B,RAD51C,GDF15,PDZD7,SMAD3,ALYREF,ARHGAP30,CKS1B,ABCC3,KLF10,TOB1,LEKR1,STN1,ZNF184"
"DEG_HVL_CRC29","148","0.49830000000000002","HIF1A","HIF1A","246","1450","0.22520000000000001128","0.452000000000000013","1.0589999999999999","ReMap--ChIP-seq","SCO2,DDIT4,ORAI3,HEXIM1,HEXIM2,NCAPH2,AGO2,SFXN3,MMP25,DUSP1,EFEMP2,CYSRT1,SRSF3,PKMYT1,NPAS3,NEK8,TRIM46,LGALS1,ARL15,SDC4,SYNGR2,MT-ATP6,TLCD1,MT-ATP8,GRIN1,TNFAIP2,SHANK2,PLEC,CD7,MEX3A,TK1,KIFC2,ANGPTL4,SLC17A9,THOC6,FKBP5,BCL6,CPM,SAPCD2,CEBPB,SLC35B2,HDAC11,SYNPO,SLC51A,TMEM184A,C2CD5,C2CD3,EDN1,TYMP,KISS1R,SUSD6,GINS2,GINS4,STX16-NPEPL1,THPO,COL6A1,CDH15,PDXP,MT-ND6,MT-ND4,MT-ND5,MT-ND1,SAMD11,VWA5A,SLC29A1,CARNS1,CASTOR1,HR,FSCN2,MDM2,LRP1,BAIAP2,PC,SLC34A3,PCBP1,N4BP3,HYAL1,CRIP2,GLB1L,CYP46A1,NDRG1,KLHL24,PIDD1,CFAP45,IRF8,MVP,ENO1,CRACR2B,CDK18,CHKA,GLI4,PLCD3,COL16A1,NES,LSP1,SIAH2,GNG13,MYL6B,AMPD3,NAALADL2,SGK3,CA12,KRT13,ZDHHC11B,KRT19,KRT15,SPNS2,ELMO3,TMEM123,ALDH3B1,ACBD4,TMEM107,PDE4A,KRT80,SPG7,MT-CO1,MT-CO2,MT-CO3,ATF4,CDCA3,CRABP2,CDCA4,RNF215,RNF224,BHLHE41,HOXC10,SLC7A5,ZNF462,NUDT22,EXOC3L1,CORO1B,CORO1C,MT-CYB,ITGB2,ITGA3,PBXIP1,TSPAN31,CCDC78,ADGRB1,TRIB3,TRIB1,OSM,VEGFA,PNPLA2,RHPN1,SYT8,BHLHE40,CUEDC1,MUC5B,FNDC3B,ZNF395,ANAPC11,FOSL2,NRSN2,GPT,C1QTNF8,GRAMD2A,TUBB4B,CLCF1,LAMP3,PGF,RAB34,SLC26A1,PLXNB2,TCIRG1,PIP5KL1,PKM,NEMP1,DENND3,LMF1,NECTIN4,FTH1,TBC1D10C,KAT8,KRT4,KRT7,PANO1,COL18A1,CITED2,PSD,CLDN16,DCST2,KIAA0513,LMLN,CBX2,HK2,AXIN1,TRPT1,MT-ND4L,KRTCAP2,TTYH2,AGAP2,KCNMB3,WFIKKN1,PIGQ,MYOF,FABP5,SLC38A1,FRMD8,S100A9,KANK3,SLC38A2,ZBTB46,NTN4,PARD6B,NDUFA7,IFI35,TSPAN4,ARMC12,SLC43A3,TMPRSS4,GEMIN7,NXPH4,CACFD1,GALNT9,SSTR5,MAPK12,MAPK11,S100P,SERPINE1,HOXB9,TERT,HOXC8,CDC6,SSPN,ABHD11,AK1,DAGLA,PSCA,TRAF2,UNC93B1,TNNI2,AHNAK2,LCN15,CDT1,KLLN,BICDL2,GDF15,TEDC1,PDZD7,ALYREF,CHTF18,SLC2A6,CKS1B,ABCC3,TOB1"
"DEG_HVL_CRC29","149","0.50170000000000003","CLOCK","CLOCK","245","1449","0.24260000000000001008","0.483999999999999986","1.0549999999999999","ReMap--ChIP-seq","SCX,AGO2,SFXN3,MMP25,IFT140,KCND3,CCDC9,FADS3,CYSRT1,MAP3K8,MSH6,LY6E,SP2,TRIM54,ATXN7L2,GIPR,SYNGR2,GRIK5,MT-ATP6,KCNT1,MRPS26,ZHX2,MT-ATP8,SGSM1,DENND6B,ZMYND12,PLEC,GALT,CD7,FRMPD1,PRKCG,ARMC7,ADAMTSL2,TK1,KIFC2,AP5Z1,TMEM229B,SLC26A11,CSGALNACT2,FANCG,PHACTR3,C1QL1,MCM5,SLC35B2,HDAC10,RPS6KA2,TMEM184A,TYMS,CHRAC1,MEGF8,STPG3,IQCK,COL6A1,MT-ND6,MT-ND4,MT-ND5,MT-ND1,LACTB,HES7,EML2,PRKAR1B,GRID2IP,CFAP74,MLLT11,ARG2,SUMF1,FSTL1,FAM228B,SLC16A8,SLC16A5,PFKFB3,NXT1,FOXM1,BAIAP2,EIF4A3,BAIAP2L2,SLC34A3,ARSA,PCBP1,TMEM86A,DOC2A,KLHL31,CCNB2,LAMC3,CFAP57,CHFR,NR2C2AP,CHKA,PLCD3,GPR146,LSM7,LSP1,WBP1,MROH1,SKOR1,PDE2A,KNOP1,PARP10,SLC20A1,CA11,ALDH3A2,LTBP2,ACBD4,HSPA2,SGSH,TMEM107,RNF207,TBKBP1,MT-CO1,GTSE1,MT-CO2,MT-CO3,CDCA3,RNF213,AIF1L,RNF224,BHLHE41,CRB2,CENPA,YPEL2,INO80B,DLX4,MT-CYB,ITGB2,ELFN2,ACP6,PGM2,ACP2,SPATC1,SMIM22,SPACA9,PBXIP1,DEPP1,MYO1F,SNRPD2,ADGRB1,GREB1,ALDH6A1,SYNC,IL32,MIS18A,NUDT8,CRTC1,LOXL4,SCNN1A,EMID1,RHPN1,BHLHE40,MANSC1,GNB1L,RHNO1,HMOX1,HNRNPF,NRSN2,AIFM3,TUBB4B,CLCF1,RAB3A,BRSK1,CCDC24,HSPBP1,CCDC30,PLXNB2,PKM,TFDP1,NEMP1,CCDC40,DENND3,POLR2F,KRT7,C2CD4B,PPL,TRPM4,COL18A1,CHMP1B,RFNG,CYP2W1,HOXA11,COTL1,PCDHA11,FAM83D,MCF2L,MAPK8,MT-ND4L,TMEM97,HDHD5,RUFY4,TAPBPL,FIGNL1,RHBDL3,LRRC45,TMC8,TMC6,RABAC1,S100A5,LRRC58,BIRC5,NTN5,D2HGDH,IFI35,PPP1R36,SEC31B,TMPRSS9,CD74,CD82,KNDC1,FUT2,GALNT9,CLCN7,SERPINE1,STMN1,MPV17,TERT,S100A13,CHST13,PRR29,SLC19A1,TRIP6,SSPN,ING4,MRC2,PRSS33,AK8,PSAP,FN3K,SEMA3B,CACNG8,SPAG8,SPAG5,TNS4,TNS1,CDT1,TUBD1,GDF15,CAMK1,DSCC1,ABCG1,PDZD7,TP53I3,ABCC3,KLF10,KLF11,KLF15,PRRG2,PIK3IP1"
"DEG_HVL_CRC29","150","0.50509999999999999","POU2F2","POU2F2","245","1450","0.24620000000000000218","0.486999999999999988","1.0540000000000000","ReMap--ChIP-seq","SCO2,DDIT4,ORAI2,SLBP,HEXIM1,HEXIM2,BTBD19,KCNC3,JAK3,DUSP4,DUSP5,PAFAH1B3,CCDC9,EFEMP2,MAP3K8,DGAT1,SRSF3,AMDHD2,NEK8,SDF2L1,VPS9D1,TSPOAP1,ICAM1,LGALS1,TRIM28,GIPR,SYNGR2,BST2,NDUFAF3,RAC2,TLCD1,PTMA,NOXO1,TACC3,LMNB2,SYNGR3,SLC3A2,PSMB10,POLD1,RRM2,ARMC7,PLK3,BTG2,CDKN1A,CDKN1B,ADAMTSL4,TK1,HLA-DQB1,SLC17A9,ASPDH,CDKN2D,HMCES,BCL2,MCM7,MGME1,WDR97,SLC35B2,IFITM2,HDAC10,ARRDC1,TYMP,KISS1R,EMC9,EME2,FPGS,IQCN,PDXP,HES7,NAPSA,GRIN3B,SLC29A1,PROCA1,HLA-DMA,HLA-DMB,CARNS1,TTLL3,SLC16A5,FSCN2,BCL2L12,SOCS3,SH2D3C,SLC25A19,CCNL2,PHYKPL,MXRA8,CTXN1,PCBP1,TNFRSF13C,DOT1L,CCND2,AJM1,MEA1,PIDD1,BCL7C,RBM14,IRF8,CCDC194,MVP,MX1,PROB1,INAFM1,ENO1,ENO2,PIH1D1,RNF126,CRACR2B,ZCWPW1,ZNFX1,PLCD3,GPR146,ZFP36,NAGLU,TMSB10,CLIP2,LSM4,LSP1,PTBP1,PGPEP1,PATL2,WBP1,JMJD6,CARHSP1,MYL6B,CA11,TMEM134,NFKBIA,DLG4,TMEM107,PDE4A,HSH2D,SPG7,LTC4S,RAVER1,ATF4,CDCA5,RNF213,SPHK2,MED22,ZSWIM8,NUDT22,CENPM,FTL,INO80B,CORO1B,PBXIP1,HNRNPAB,REC8,SNRPD2,LPAR5,HSD17B1,MGAT1,RELT,HNRNPA2B1,PNPLA2,SCNN1D,SYCE2,SHARPIN,UBE2S,BHLHE40,TCF3,ANAPC11,EHD1,HNRNPL,CSAD,GRN,ADM5,TM7SF2,FCGRT,RAB34,CCDC12,CNIH2,TCIRG1,PIP5KL1,RFC2,NEMP1,LONP1,TBC1D10C,PANO1,PSD,IZUMO4,RFNG,CYP2W1,COTL1,FAM83E,CBX3,TRPT1,PPP2R5D,FAM167A,DDX39A,ZNF276,TAPBPL,RHBDL1,ABCA7,FERMT3,ROM1,TMC8,TMC6,PIM1,SQSTM1,TRABD2A,ZNF512B,BIRC5,PPM1N,IFI35,TSPAN4,SURF1,ID3,KIF22,CD44,CD74,CD70,IL17C,DOK3,SLC1A5,RASGRP2,PHF19,NUP62,AURKB,TNFSF9,TIGAR,SF3A2,PRSS33,TM9SF1,DNMT1,RNPEPL1,AMH,TRAF2,TRAF1,DALRD3,TRAF4,TPCN1,IMPDH2,MGAT4B,INPP4A,KLK1,INPP5D,DAZAP1,NME3,RANBP1,GDF15,ALYREF,MAN2B1,CKS1B,OPRL1,BAX"
"DEG_HVL_CRC29","151","0.50839999999999996","ETS1","ETS1","244","1451","0.27179999999999998606","0.528000000000000025","1.0480000000000000","ReMap--ChIP-seq","DHDH,DDIT4,ORAI3,SLBP,HEXIM1,HEXIM2,BTBD19,SFXN3,SHB,DUSP5,DUSP1,PAFAH1B3,CCDC9,EFEMP2,CYSRT1,DGAT1,NEK8,SDF2L1,VPS9D1,TRIM46,ICAM1,TRIM28,RRAS,TNFSF13,NDUFAF3,TLCD1,PTMA,NOXO1,TACC3,PLAU,TNFAIP2,LMNB2,LYL1,CA9,SYNGR3,PLEC,SLC3A2,POLD4,DQX1,PRKCG,ARMC7,HCFC1,PLK3,MEX3A,GJD3,TMEM179B,MAMSTR,TPM2,THOC6,FANCG,TPP1,MCM7,SAPCD2,TULP2,WDR97,BCOR,SLC35B2,BRICD5,TMEM184A,KISS1R,FPGS,ISYNA1,STPG3,IQCN,MUC1,SAMD11,HES7,HSPG2,GRIN3B,SLC29A1,RNASEK,PROCA1,RECQL4,CARNS1,SLC25A45,FSCN2,BCL2L12,SOCS3,NRARP,SH2D3C,FOXL1,TONSL,RCC1,CCNL2,SLC34A3,HYAL1,TMEM150A,CRIP2,GLB1L,ARHGEF39,PIDD1,BCL7C,RCN3,MVP,VIM,PIH1D1,CRACR2B,PA2G4,PFAS,TMEM187,GLI4,ZCWPW1,PLCD3,ZFP36,NAGLU,STIP1,GPR108,LSM4,PTBP1,ZNF513,WBP1,RNF26,JMJD6,CORO6,MYL6B,AMPD3,CA11,TRIP10,TMEM134,ELMO3,ACBD4,DLG4,TMEM107,LTC4S,ATF4,CDCA3,RNF224,ARHGAP4,SPHK2,MED22,ZSWIM8,NUDT22,YPEL3,EXOC3L1,FTL,INO80B,CORO1B,ITGA3,PBXIP1,DEPP1,CCDC78,ACTN4,TRIB3,TRIB1,ACY1,HSD17B1,PNPLA2,SHARPIN,BHLHE40,TMEM223,GNG3,ANAPC11,FOSL2,EHD1,HNRNPL,HNRNPF,NRSN2,GPT,PLEKHN1,TUBB4B,ADM5,CLCF1,TM7SF2,FCGRT,PGF,RAB34,BRSK1,HSPBP1,PLXNB2,CNIH2,PKM,NEMP1,RAB26,TBC1D10C,KRT7,PANO1,PSD,IZUMO1,RFNG,DCST2,NT5C,PSMC3IP,HOXA11,FAM83E,YBX2,TRPT1,THBS3,KRTCAP2,DDX39A,ZNF276,ABCB6,AGAP2,RHBDL1,ABCA7,FERMT3,LYPLA2,LRRC45,ROM1,FRMD8,SQSTM1,KANK3,SLC38A2,ZNF512B,ARRB1,PPM1N,SLC12A9,TSPAN4,SURF1,ID3,KIF22,EXOSC4,DOK3,HNRNPUL1,HNRNPUL2,PHF13,AURKB,SERPINE1,HOXA1,HOXB9,PRR29,TRIP6,TM9SF1,ESAM,RNPEPL1,AMH,DALRD3,TRAF4,SEMA3B,IMPDH2,MGAT4B,CDT1,DAZAP1,BICDL2,DNASE1L1,RASIP1,GDF15,TEDC1,CASKIN1,PDZD7,SMAD3,ALYREF,CKS1B,OPRL1,BAX"
"DEG_HVL_CRC29","152","0.51180000000000003","PGR","PGR","244","1451","0.27179999999999998606","0.528000000000000025","1.0480000000000000","ReMap--ChIP-seq","SPINT1,DDIT4,SLBP,HEXIM1,HEXIM2,AGO2,SHB,DUSP1,RAPGEF3,AGR3,CYSRT1,SP2,BCAS1,TRIM46,MTFR1L,MT2A,SDC4,SYNGR2,PTK6,MT-ATP6,NOXO1,MT-ATP8,TACC3,CA9,SYNGR3,PLEC,TTC16,DNAAF1,CGN,MEX3A,BTG2,CDKN1A,ADAMTSL4,TK1,COPZ2,KIFC2,THOC6,FKBP5,FANCA,BCL6,WIPI1,ESPL1,CEBPB,NOD1,ABLIM3,WDR97,HDAC11,AQP6,AQP5,BRICD5,ARRDC1,TMEM184A,TPX2,EDN1,HEG1,SUSD6,GINS2,OPLAH,MUC1,SLC4A8,MT-ND6,MT-ND4,MT-ND5,MT-ND1,HSPG2,RBCK1,EMP2,RECQL4,CASTOR1,HR,SLC25A45,SLC16A5,MDM2,ST6GALNAC1,SH2D4A,FHL2,PPP1R15B,SLC25A29,BAIAP2,TONSL,ZDHHC1,SLC34A3,N4BP3,TMEM150A,CRIP2,CAPN8,NDRG1,CHAD,ARHGEF39,PIDD1,CFAP45,MARVELD1,SOD3,EHF,CYP1B1,PLCE1,SULT2B1,CRACR2B,CDK18,CHKA,PA2G4,TACR2,PLCD3,ZFP36,MROH1,SIAH2,PARP10,CLIC3,AMPD3,CA12,KRT13,KRT19,KRT15,SPNS2,ALDH3A2,ELMO3,AKNA,ALDH3B1,ACBD4,ACSF2,NFKBIA,TMEM107,TMEM109,TRNP1,KRT80,SPG7,MT-CO1,MT-CO2,MT-CO3,CRABP2,CDCA4,EPB41L1,RNF215,RNF224,LRRC10B,HOXC10,SLC7A5,ODC1,ETNK2,YPEL2,EXOC3L1,MT-CYB,ITGB4,ITGB2,ITGB6,SPATC1,PBXIP1,CCDC78,TRIB3,TRIB1,GREB1,OSGIN1,PNPLA2,PRR15L,SCNN1A,SHARPIN,RHPN1,SYT8,BHLHE40,DEGS2,ADGRF1,CUEDC1,ASAP3,MYO15B,NYNRIN,CDK5RAP3,PLEK2,FOSL2,SNAI1,FNDC11,NRSN2,GPT,GRAMD2A,TUBB4B,TM7SF2,TLE3,PLXNB2,CNIH3,TCIRG1,PIP5KL1,DENND3,THSD4,FTH1,KAT8,KRT7,GPR37L1,CITED2,DCST2,KIAA0513,ITPRIP,SAE1,MT-ND4L,KRTCAP2,CLDN4,RHBDL1,CTCF,MYOF,ROM1,TMEM106C,FLNB,S100A2,FRMD8,S100A5,S100A4,S100A3,SLC38A2,GGCT,ARRB1,BIRC5,PARD6B,TSPAN4,XRCC3,ID3,ARMC12,TECR,CTSD,KIF23,EXOSC4,CD55,CD82,GEMIN7,S100P,S100A16,S100A13,HOXC8,ACD,SIVA1,PAXX,ABHD11,PSCA,METTL27,SEMA3C,AHNAK2,CFLAR,TPCN1,PTGES,SMIM5,LCN12,CDT1,HILPDA,TUBD1,TEDC1,CKS1B,TOB1"
"DEG_HVL_CRC29","153","0.51519999999999999","ZNF207","ZNF207","243","1445","0.27210000000000000853","0.528000000000000025","1.0480000000000000","ReMap--ChIP-seq","ZC3H12D,SCO2,DDIT4,ORAI2,SLBP,BTBD19,NCAPH2,DUSP4,DUSP5,CCDC9,AGRN,EFEMP2,CYSRT1,MAP3K5,AMDHD2,TNFRSF14,NEK8,SDF2L1,NOXA1,CERS4,E2F1,TRIM46,TSPOAP1,NOP58,ICAM1,TRIM28,SYNGR2,NEU1,PHETA2,TNFSF13,PTK6,NDUFAF3,RAC2,TLCD2,TLCD1,PTMA,PCNA,NOXO1,DENND6B,INAVA,LMNB2,LYL1,SYNGR3,PLEC,SLC3A2,POLD4,DQX1,VPS18,PLK3,WDR54,MEX3A,BTG2,CDKN1B,SLC17A9,CDKN2D,IL10RA,TMEM179B,MCM7,SAPCD2,MGME1,SLC35B2,TYMP,KISS1R,EMC9,FPGS,ALOX12,STPG3,IQCN,MUC1,HES4,MDC1,HES7,EML2,C3,NAPSA,MLLT11,GRIN3B,RNASEK,PROCA1,RECQL4,CARNS1,SLC25A45,FSCN2,PFKFB3,PIK3CD,SH2D3A,SH2D3C,SLC25A19,SPON2,CCNL2,SLC34A3,ENTPD8,PCBP1,TNFRSF13C,HYAL1,DOT1L,GLB1L,CCND2,CDHR2,IRF8,MVP,ENO2,ZNFX1,GPR146,ZFP36,NAGLU,GPR108,LSM4,LSM2,PATL2,WBP1,MROH6,B3GNT9,CXCR4,CA11,TRIP10,NRM,TMEM134,AKNA,DNAJC18,NFKBIA,DLG4,NAPRT,TMEM107,PDE4A,TMEM109,RNF207,ATF4,EXD3,CDCA5,RNF224,ARHGAP4,RMI2,SPHK2,ODC1,SAMD1,NUDT22,CENPM,YPEL3,EXOC3L1,INO80B,CORO1A,CORO1B,PBXIP1,HNRNPAB,REC8,NUDT1,CCDC78,EGR1,EGR3,LPAR5,DHRS13,HSD17B1,NUDT8,TMEM230,BHLHE40,TMEM223,TAPBP,RSPH1,ANAPC11,HMOX1,NFATC4,EHD1,HNRNPL,HNRNPF,FNDC11,C1QTNF6,TUBB4B,TM7SF2,RAB34,CCDC12,PLXNB2,PIP5KL1,RFC2,PKM,DENND3,FTH1,TBC1D10C,RALGDS,LIMD2,PRX,PSD,IZUMO4,TUBB,CBFA2T3,PSMC3IP,AMN1,COTL1,FAM83E,AXIN1,TRPT1,THBS3,KRTCAP2,DDX39A,TAPBPL,RHBDL1,ABCA7,FERMT3,WFIKKN1,TMC8,TMC6,TMC4,RABAC1,FRMD8,TRABD2A,LRRC56,SLC38A2,B3GALT4,GDPGP1,ZNF512B,PPM1N,KIF2C,CD74,CD82,DOK3,SLC1A5,CALHM2,ISG15,PHF19,MAST3,SCARF1,AURKB,TNFSF9,SERPINB1,NFAM1,TM9SF1,ADAM8,DNMT1,SLC37A1,RNPEPL1,TRAF1,DALRD3,TRAF4,CFLAR,TPCN1,CDT1,DAZAP1,IFI6,TEDC2,ALYREF,CKS1B,USP16,OPRL1"
"DEG_HVL_CRC29","154","0.51849999999999996","MITF","MITF","243","1449","0.28720000000000001084","0.554000000000000048","1.0440000000000000","ReMap--ChIP-seq","DHDH,DDIT4,HEXIM1,TOE1,HEXIM2,BTBD19,SFXN3,STX4,CCDC9,FADS2,EFEMP2,TOM1,AMDHD2,SDF2L1,CERS4,SLC23A3,MTFR1L,ICAM1,TNFSF13,MT-ATP6,PHGDH,CACYBP,RNF144A,NOXO1,PCNT,MT-ATP8,LPXN,IGF2R,SYNGR3,POLD1,DQX1,DNAAF1,PLK3,PLK5,CDKN1B,COPZ2,PLIN2,AP5Z1,TMEM229B,TMEM179B,DYRK1B,FKBP5,INSIG1,BCL6,TPP1,MCM7,WIPI1,MCM2,CEBPB,TULP2,BCOR,SLC35B2,BRICD5,ARRDC1,TANGO2,PARP1,DTYMK,TYMS,KISS1R,FAM47E,EMC9,EME1,CRYL1,MT-ND6,MT-ND4,MT-ND5,MT-ND1,SCAMP5,PPARGC1A,EMP1,SLC29A1,RNASEK,CCNDBP1,FSTL1,HR,SOCS2,TUBGCP3,NXT1,HSD17B14,TONSL,GCDH,MICAL1,PCBP1,PCSK4,HYAL1,NPM1,ALDH4A1,GLB1L,HOMEZ,BCL7C,RBM15,PSRC1,MVP,MARVELD1,TLNRD1,ENO1,ENO2,CHKA,GLI4,ZCWPW1,PLCD3,GPR146,ZFP36,NAGLU,STIP1,KCNAB2,ZNF513,ZNF507,RNF24,JMJD6,SIAH2,CORO6,CA11,TMEM134,ATP6V1A,ACBD4,DLG4,POLM,MT-CO1,MT-CO2,MT-CO3,ATF4,BHLHE41,SPHK2,MED22,CENPA,SLC7A1,CENPP,YPEL3,EXOC3L1,ZNF446,FTL,CORO1B,CORO1C,NAE1,MT-CYB,TSPAN31,REC8,CCDC78,TRIB3,TRIB1,GREB1,NRP2,ACY1,PDIK1L,HSD17B1,MGAT1,SYCE2,TBC1D13,GGN,BHLHE40,TMEM223,TRA2B,ANAPC11,HMOX1,HNRNPL,HNRNPM,HNRNPF,HNRNPD,SNAI1,NRSN2,ZNF367,KAT2B,GRN,CLCF1,TLE6,SNRPA,SLC26A1,REEP6,NEMP1,LMF1,P2RX6,FTH1,LONP1,CHMP1B,PRX,CBR3,PTGES2,SAE1,YBX2,SPRED3,WEE1,MT-ND4L,ABCB6,TTYH2,AGAP2,RHBDL1,FERMT3,WFIKKN1,CTCF,LYPLA2,IDUA,FRMD8,SLC38A2,NTN5,PARD6B,MBOAT1,IFI35,ST6GAL1,IFITM10,SURF1,ARMC12,TECR,CTSD,ANO9,SLC43A3,SLC43A1,GEMIN7,CALD1,PHF13,PLA2G4C,ZP3,CLN6,CLCN7,SERPINE1,STMN1,ACOT7,MTHFR,TRIP6,SSPN,FCRLB,BATF2,TM9SF1,NOTUM,DGKQ,PSAP,AMH,SEMA3B,TPCN1,APP,LCN12,CDT1,FEN1,DNASE1L1,GDF15,CAMK1,CASKIN1,PDZD7,SMAD3,ALYREF,CKS1B,KLF10,BAX"
"DEG_HVL_CRC29","155","0.52190000000000003","BCL6","BCL6","243","1451","0.29489999999999999547","0.564999999999999947","1.0420000000000000","ReMap--ChIP-seq","ZC3H12D,SCO2,DDIT4,ORAI2,SLBP,SHMT2,HEXIM1,HEXIM2,BTBD19,NCAPH2,KCNC3,MMP25,DUSP5,RAPGEF3,CCDC9,EFEMP2,CYSRT1,MAP3K8,MSH6,PKMYT1,NEK8,E2F1,E2F2,TSPOAP1,ICAM1,TRIM28,SYNGR2,PTK6,NDUFAF3,RAC2,ZHX2,TLCD1,PTMA,NOXO1,TACC3,DENND6B,LMNB2,LYL1,SYNGR3,PLEC,POLD4,CD7,PLK3,BTG2,CDKN1B,ADAMTSL4,TK2,TK1,KIFC2,HMCES,THOC6,FKBP5,FANCA,BCL6,MCM7,WDR97,BCOR,SLC35B2,HDAC10,TYMP,CHRAC1,KISS1R,SUSD6,FPGS,ISYNA1,STPG3,IQCN,PDXP,HES7,CFAP73,GRIN3B,PROCA1,RECQL4,CARNS1,UCP2,CASTOR1,SLC25A45,FOXP1,FSCN2,RNASEH2B,BCL2L12,SOCS3,BCL2L11,PIK3CD,NRARP,SH2D3C,BAIAP3,SPON2,TONSL,SLC34A3,ENTPD8,N4BP3,TNFRSF13C,DOT1L,CRIP2,GLB1L,CCND2,PIDD1,CDHR2,IRF8,INAFM1,ENO2,RNF126,CRACR2B,ZCWPW1,JDP2,PLCD3,GPR146,ZFP36,LSM4,ZNF608,NECAB3,AMPD3,B3GNT9,CXCR4,CA11,TMEM134,AKNA,ACSF3,DLG4,TMEM107,PDE4A,TMEM109,SPG7,LTC4S,POLM,ATF4,CDCA3,CDCA4,RNF213,RNF224,BHLHE41,RMI2,SPHK2,MED22,SLC7A5,ODC1,NUDT22,CENPM,CORO1B,ITGB2,PBXIP1,CCDC78,DHRS12,MGAT1,RELT,NUDT8,PNPLA2,SHARPIN,TCF3,ZNF395,SNAI3,EHD1,HNRNPL,HNRNPF,FNDC11,GPT,GRN,TUBB4B,CLCF1,TM7SF2,TLE3,RAB34,BRSK1,HSPBP1,PLXNB2,PIP5KL1,RFC2,NEMP1,DENND3,TBC1D10C,SEPHS1,RALGDS,PANO1,LIMD2,IZUMO4,PGGHG,CBFA2T3,CYP2W1,HOXA11,COTL1,FAM83E,CBX2,TRPT1,FAM167B,FAM167A,TAPBPL,RHBDL1,ABCA7,FERMT3,CTCF,LRRC32,ROM1,TMC8,TMC6,RABAC1,PIM1,FRMD8,SQSTM1,SLC38A2,RGCC,ZBTB46,PPM1N,TSPAN4,SURF1,ID3,EXOSC4,CD72,STK17B,IL17C,DOK3,GEMIN7,NXPH4,PHF13,PHF19,MAPK12,MAPK11,BACH2,SSPN,TNFSF9,FCRLB,SF3A2,NOTUM,DNMT1,RASAL1,RNPEPL1,AMH,TRAF1,DALRD3,TRAF4,CFLAR,MGAT4B,SP110,INPP5D,CDT1,BCL11A,BICDL2,ABCG1,TEDC1,SMAD3,CKS1B,KLF10,OPRL1"
"DEG_HVL_CRC29","156","0.52529999999999999","ZBTB16","ZBTB16","241","1440","0.29939999999999999947","0.569999999999999951","1.0420000000000000","ReMap--ChIP-seq","GSTK1,CACNA2D1,MTHFD1,MTHFD2,SCO2,NCAPH2,SFXN3,DZIP3,NCAPG2,CYSRT1,KMT5A,VMAC,NEK8,SP2,SPDL1,TRIM66,TSPOAP1,ZNF850,MTFR1L,FBXO5,ATXN7L2,GOLPH3L,ZBTB2,BRI3BP,NDUFAF3,FBXL5,PHGDH,CACYBP,SYP,TLCD1,NOXO1,IGIP,CARD14,LPXN,IFT27,MKKS,SHANK1,TTC14,DQX1,SMC4,WDR73,HOMER2,AP5Z1,SLC17A9,ASPDH,SLC17A7,PHF5A,PLP2,MRE11,TOM1L2,ZNF790,DRC3,EVI5L,SMC1A,SMC1B,MGME1,WDR97,BRICD5,TANGO2,UBXN6,TYMP,SVIP,ZWILCH,COQ3,PXMP2,STPG3,C3,HSPH1,CFAP70,LRSAM1,ACTL6A,PROCA1,STAT2,TTLL3,TTLL9,MYLK4,SLC25A41,SLC25A42,KPNA2,PITX1,FSCN2,TROAP,OVGP1,DHFR2,EIF4A3,RCC1,SLC34A3,HASPIN,MXRA8,CCDC122,SUV39H1,FAAP24,CRIP2,NPM1,DBR1,BANF1,ACACB,ANKHD1,RBM15,CIP2A,MDH1B,PIH1D1,WNT10B,GLI4,TMEM160,ZFP36,ZNF554,STIP1,GPR108,GLMP,LSM3,LSM8,WBP1,ARL6IP1,RUSC1,JMJD6,LACC1,CREBRF,WAS,TRIP10,PTTG1,RAI14,ACBD7,DNAJC12,POLE,ATF4,RNF224,ACHE,CHAF1A,PCMTD1,RMI1,MED22,CENPA,INO80B,MMS22L,SMIM22,HNRNPA1,CDC5L,NUDT1,CDC20,EGR1,EGR3,HSD17B1,RIBC1,RIBC2,CAPS,BUB1B,NRTN,SHARPIN,UBE2C,GGH,TCF3,FBN1,RND3,TMEM209,RNPC3,NFATC3,EHD1,HNRNPL,HNRNPC,ZNF345,TUBB4B,RAB3A,CEP128,NRBP2,FCGRT,TLE3,GOLGA8B,RAB34,SNRPG,ZNF302,CNIH2,RFC5,RFC3,HMGCS1,POLR1E,CCDC77,PPIL1,IDH3G,P2RX6,PSAT1,ESCO2,ZW10,FUBP1,TOP2A,PRX,HNRNPH3,PSMC3IP,CBX5,SNAPC5,CDK2AP2,MYL9,NCAPG,FERMT3,LRRC73,KANK3,TMEM18,ZNF512B,MAK16,PPM1G,TP53INP1,NDUFA7,TMPO,PAQR6,SURF1,SPTLC2,KIF24,STX19,FUOM,CCT5,KHSRP,HNRNPUL1,FUT6,FDPS,PAOX,CHURC1,SPATA33,PRR11,ASF1B,SKA3,SKA2,UPF3B,TRIP6,HBP1,AGBL3,CDK2,WRAP53,DUSP15,METTL17,TRAF2,DALRD3,EFHC1,SPAG8,IMPDH2,ANP32E,PPCDC,PBLD,TEDC1,CASKIN1,PDZD7,ARHGAP33"
"DEG_HVL_CRC29","157","0.52859999999999996","TWIST1","TWIST1","240","1441","0.32760000000000000231","0.619999999999999996","1.0360000000000000","ReMap--ChIP-seq","SCX,DDIT4,HEXIM1,HEXIM2,L1CAM,SFXN3,PAFAH1B3,RAPGEF3,PKMYT1,NEK8,NOXA1,VPS9D1,E2F2,LGALS1,SYNGR2,CPLANE2,PTMS,MT-ATP6,KCNT1,TLCD1,PTMA,NOXO1,MT-ATP8,TACC3,UBA7,PLD1,TNFAIP2,LMNB2,LYL1,SYNGR3,PLEC,POLD4,CD7,ARMC7,CGN,MEX3A,BTG2,ADAMTSL4,ADAMTSL2,TK1,COPZ2,GJD3,ANGPTL4,OSBPL5,LBR,SAPCD2,CEBPB,NOD1,BCOR,SLC35B2,HDAC10,SYNPO,TANGO2,OBSL1,SLC22A4,TMEM184A,KISS1R,GINS2,SVIL,GINS4,FPGS,ISYNA1,COLGALT2,IQCN,COL6A1,PDXP,MT-ND6,MT-ND4,MT-ND5,MT-ND1,SCAMP5,SAMD11,HES7,COL1A1,SLC29A1,PROCA1,CARNS1,HR,SLC25A45,LAG3,FSCN2,SOCS3,SH2D3C,SLC25A19,PPP1R15B,BAIAP2,PC,SPON2,ENTPD8,FKBP10,HYAL1,DOT1L,CRIP2,SERTAD4,CAPN5,PDGFRB,CCDC159,NDRG4,PIDD1,PSRC1,MVP,CCDC183,CRACR2B,CDK18,TMEM198,PLCD3,COL16A1,CHPF,NAGLU,DISP2,CLIP2,LSM7,NES,PTBP1,ASS1,SOX9,JMJD6,CARHSP1,TSHZ1,NUAK1,CORO6,B3GNT9,B3GNT7,CA11,KRT19,TMEM145,ELMO3,ALDH3B1,ACBD4,TGFBI,SPEG,KRT80,MT-CO1,MT-CO2,MT-CO3,EXD3,CRABP2,HOXC10,ARHGAP4,SPHK2,COL3A1,EXOC3L1,FUZ,MT-CYB,ITGA3,CCDC78,CCDC9B,ACY1,MGAT1,PNPLA2,LOXL1,CUEDC1,ZNF395,ANAPC11,HNRNPL,SNAI1,TEAD1,CLCF1,TLE4,TLE3,TLE2,TLE6,RAB34,PLXNB2,TCIRG1,PIP5KL1,PLEKHG5,RAB26,TBC1D10C,KAT8,KRT7,RALGDS,TOP2A,PSD,RFNG,CYP2W1,FAM83E,WNT11,MT-ND4L,ZNF276,TTYH2,RHBDL1,ABCA7,WFIKKN1,PIGQ,LRRC45,TMC8,TMC6,KANK2,S100A2,FRMD8,S100A5,S100A4,S100A3,ARRB1,PPM1N,SPATA20,SLC12A9,TSPAN4,ID3,RAMP1,SPC24,DOK4,SLC1A5,MAPK12,MAPK11,SERPINE1,SYTL3,HOXC8,CDC6,TRIP6,MRC2,LPCAT2,NOTUM,INHA,IGFBP4,AK1,PSAP,RNPEPL1,TRAF4,SEMA3C,UNC93B1,TNS1,LCN15,PPCDC,TUBG2,DNASE1L1,PRIM2,GDF15,TEDC1,TEDC2,PDZD7,SMAD3,ALYREF,SLC2A6,CKS1B,ABCC3,KLF10,OPRL1,TOB1"
"DEG_HVL_CRC29","158","0.53200000000000003","FOXK2","FOXK2","240","1451","0.36909999999999998366","0.693999999999999950","1.0269999999999999","ReMap--ChIP-seq","DDIT4,HEXIM1,HEXIM2,BTBD19,DUSP1,PAFAH1B3,STX4,CCDC9,EFEMP2,CYSRT1,AMDHD2,SDF2L1,TSPOAP1,ARL15,GIPR,SYNGR2,RRAS,NEU1,TLCD2,PLD1,ACOX1,GALT,SLC3A2,POLD1,CD7,DQX1,ZSCAN31,ARMC7,PLK3,BTG2,COPZ2,KIFC2,KIFC1,ANGPTL4,SLC17A7,CDKN2D,CDKN2C,MAMSTR,DYRK1B,AKIRIN1,FANCG,TPP1,MCM7,MCM2,TULP2,HDAC11,TANGO2,OBSL1,SLC22A4,STXBP2,VWA7,ISYNA1,IQCN,MDC1,HES7,STARD9,HSPG2,EML2,C3,NAPSA,MLLT11,SIRT4,SIRT2,RNASEK,HLA-DMA,SLC25A45,SLC16A5,BCL2L12,LRP1,LRR1,TONSL,RCC1,CCNL2,SLC34A3,GCDH,PCBP1,PCSK4,TMEM150A,CAVIN2,CCDC159,HOMEZ,BCL7C,PSRC1,MVP,INAFM1,PIH1D1,PA2G4,SLC6A9,VSIG10L,ZCWPW1,RNF168,PLCD3,ZFP36,GPR108,LSM4,LSM2,PTBP1,PGPEP1,WBP1,RNF24,CBLN3,CARHSP1,NMU,CLIC4,FAF1,MYL6B,SGK3,CA11,TRIP10,NRM,FBL,TMEM145,ELMO3,RELL2,ACBD4,TMEM107,PDE4A,EGFL8,SPG7,SYNGAP1,RAVER1,ATF4,RNF224,LIN54,RMI1,SPHK2,CENPA,ZSWIM8,EXOC3L1,SLC27A1,CDC25C,FTL,INO80B,ZNF425,SNAP23,ACP2,PBXIP1,HNRNPA1,SNRPD2,ACTN4,TRIB3,TRIB1,DHRS13,TBC1D31,SCNN1A,SYCE2,GFY,TMEM231,HOOK2,BHLHE40,NABP2,TAPBP,EPOR,HMOX1,EHD1,HNRNPL,TCN2,ADI1,HNRNPF,ATG2A,NRSN2,RAB3A,TM7SF2,BRSK1,CCDC24,HSPBP1,REEP6,AMD1,PIP5KL1,NEMP1,PPIL1,FTH1,KAT8,SPTBN4,RALGDS,TRPM4,PRX,IZUMO1,TUBB,LMLN,PTGES2,LMO2,FAM83E,CBX5,POU2F1,SAE1,PPP2R5B,PFDN2,THBS3,WEE1,ROM1,TMC8,TMC6,TMC4,ZBTB26,PIM1,FRMD8,KANK3,B3GALT4,ZNF512B,ARRB1,ARRB2,EFCAB12,PPM1N,ST6GAL1,PAICS,KIF22,EXOSC4,CD55,DCLRE1B,HNRNPUL1,SLC1A5,AURKB,AURKA,GALNT5,S100P,RAN,SERPINE1,SERPINF2,MTHFR,TRIP6,TNFSF9,ANXA4,TM9SF1,INHA,STK32C,MINDY1,PSAP,RNPEPL1,CFLAR,TPCN1,KIF13B,RASIP1,RANBP1,GDF15,LY6G5C,CKS1B,TOB1,PRRG2,BAX"
"DEG_HVL_CRC29","159","0.53539999999999999","ARNT","ARNT","239","1450","0.39090000000000002522","0.729999999999999982","1.0229999999999999","ReMap--ChIP-seq","SPINT1,DDIT4,SHMT2,HEXIM1,HEXIM2,FXYD3,SFXN3,DUSP1,TOMM40L,RAPGEF3,CCDC9,EFEMP2,CYSRT1,SRSF3,PKMYT1,NEK8,SP2,KCNK6,BCAS1,E2F1,TRIM46,TRIM28,TNFSF10,ARL15,SDC4,PTK6,TLCD1,NOXO1,TNFAIP2,SYNGR3,SHANK2,PLEC,POLD4,CD7,DQX1,DNAAF1,ARMC7,PLK1,MEX3B,BTG2,ADAMTSL4,COPZ2,RCCD1,ADCY6,SLC17A9,SLC17A7,PLP2,THOC6,OSBPL7,BCL6,MCM7,LBR,WIPI1,ESPL1,CEBPB,BCOR,HDAC11,SLC51A,EDN1,AMIGO2,KISS1R,GINS2,ISYNA1,CDH24,IQCN,DDN,MUC1,SAMD11,HES7,PRKAR1B,C3,MLLT11,PROCA1,STAT6,TTLL9,BCDIN3D,MDM2,LRP1,SLC34A3,PCBP1,N4BP3,DOC2A,SPINDOC,SATB1,CRIP2,CYP46A1,CAPN5,BANF1,HOMEZ,NDRG1,BMP4,BCL7C,INAFM1,ENO1,CREB3L1,PIH1D1,CRACR2B,CDK18,TMEM198,GLI4,RNF168,ZNFX1,PLCD3,CHPF,ZFP36,DISP2,GPR108,NES,RNF26,NECAB3,SIAH2,GNG13,PARP10,MYL6B,ANKRD9,CA11,KRT13,KRT19,KRT15,TRIP10,SPNS2,RELL2,TMEM123,ALDH3B1,ACBD4,DLG4,TMEM107,ATF4,CRABP2,CDCA4,RNF224,HOXC10,SPHK2,MED22,ODC1,CENPA,SAMD1,NUDT22,YPEL3,ITGB2,ITGA3,SPATC1,PBXIP1,TSPAN31,CCDC78,TRIB3,EGR3,CCDC9B,VEGFA,PNPLA2,PRR15L,GPRIN1,SCNN1A,GFY,BHLHE40,PHTF2,CUEDC1,SSRP1,CDK5RAP2,HNRNPL,HNRNPF,FNDC11,NRSN2,CSAD,FAM210B,MGLL,TUBB4B,CLCF1,TM7SF2,RAB34,SLC26A1,CCDC12,CNIH2,PIP5KL1,PKM,NEMP1,NCKAP5L,NECTIN4,TBC1D10C,KAT8,KRT7,GPR37L1,PPL,PRX,PSD,DCST2,KIAA0513,LMLN,FAM83E,CBX2,IDH2,SAE1,TRPT1,WEE1,PGAP3,KRTCAP2,AGAP2,FERMT3,ROM1,PTGR1,PIM1,SLC38A2,ARRB1,PPM1N,PARD6B,SPATA20,SURF1,IQSEC2,TECR,CTSD,LMCD1,TMPRSS4,CD55,GEMIN7,NXPH4,PHF19,AURKB,AURKA,S100P,RAN,SERPINE1,PRR29,HOXC8,SLC19A1,DGKA,AK1,PSAP,DUSP15,TRAF4,UNC93B1,DAZAP1,BICDL2,RAD51C,TFF2,GDF15,TEDC1,PDZD7,CKS1B,TOB1"
"DEG_HVL_CRC29","160","0.53869999999999996","MYBL2","MYBL2","239","1451","0.39519999999999999574","0.733999999999999986","1.0220000000000000","ReMap--ChIP-seq","HEXIM1,HEXIM2,PBX3,CASP10,DUSP1,TOMM40L,NCAPD2,NEK2,SRSF7,ZKSCAN1,SP5,TRIM66,FBXO5,SDC4,NEU1,PCK1,PCK2,MT-ATP6,ZHX2,PCNA,ORMDL3,MT-ATP8,PLD1,INAVA,LMNB2,LMNB1,CA9,MKKS,ETV4,ACOX1,SHANK2,DEPDC1B,CDKN1B,PLIN2,ANGPTL4,SLC17A9,USP1,INSIG2,HMMR,FANCA,BCL6,MCM7,LBR,TST,CEBPB,ABLIM3,MGME1,GSAP,OBSL1,TPX2,ZCCHC8,STPG4,MT-ND6,MDC1,MT-ND4,MT-ND5,MT-ND1,HES7,RBCK1,C3,LYZ,SIRT4,F2,HLA-DMA,HNMT,KPNA2,SLC25A45,MDM2,DSE,SLC25A19,HSD17B11,LRR1,RCC1,PCBP1,HYAL1,MMD,CCDC117,CAVIN2,MOK,FOXA2,HOMEZ,CCNB1,HMGB2,CFAP43,ARMH1,SFPQ,MVP,ENO1,GSDMB,CHKA,PFAS,ZCWPW1,ZNFX1,PLCD3,YEATS4,ZFP36,LSM2,RANGAP1,ASPM,WBP1,GLRX,RNF26,CHEK2,SOX9,MTUS1,JMJD6,PTPRN2,SIAH2,NUCKS1,TMEM123,ACBD4,NFKBIA,KYNU,TMEM107,TRNP1,HSPE1,MT-CO1,MT-CO2,MT-CO3,CDCA3,CDCA4,EPB41L2,LIN54,RMI1,FRK,YPEL3,CDKN3,GMNN,CDC25C,FTL,INO80B,MT-CYB,DEPP1,HNRNPA3,CDC20,SNRPD3,ACTN4,SMARCA1,NUDCD2,EEF1E1,HNRNPA2B1,KIAA1958,PRR15L,UBE2C,BHLHE40,MXD3,TRA2B,EPOP,HNRNPU,CDK5RAP2,FNDC3B,LDHA,PRELID1,RMDN2,HNRNPF,AIFM3,TAF9B,DHRS2,MPC1,SNRPG,CCDC18,FTH1,ESCO2,HAL,TOP2A,CITED2,TUBB,CLDN16,AMN1,FAM83D,POU2F1,CBX3,SOWAHC,HK2,LIMK2,WEE1,MT-ND4L,PGAP3,IQGAP3,MRPL51,CKS2,PIGL,PIM1,FRMD8,SLC38A2,B3GALT4,MLXIPL,BIRC5,TP53INP2,CYB5B,RASSF4,TMPO,KIF20B,BRCA1,KIF22,KIF2C,SLC43A1,GPC3,JADE1,MAT1A,HNRNPUL1,NDUFV2,SPATA6L,PHF19,AURKB,UQCRHL,SHLD2,SERPINE1,PRR11,TSPYL4,SKA2,RAD21,TNFSF4,SERPINB1,CCL20,NDE1,PUS10,GPT2,IGFBP3,ITPR2,CDK1,PSD4,CFLAR,CCT6A,HILPDA,GDF15,DSCC1,KNTC1,ARHGAP19,ARHGAP18,STIL,SMAD3,KIF18A,CKS1B,CKAP2,TFPI,TOB1,ZNF184,BAX"
"DEG_HVL_CRC29","161","0.54210000000000003","ZBTB11","ZBTB11","237","1444","0.41810000000000002718","0.767000000000000015","1.0180000000000000","ReMap--ChIP-seq","HEMK1,DHDH,ORAI3,SLBP,ADAMTS13,TOE1,FADS2,EFEMP2,CYSRT1,DGAT1,PKMYT1,TSNAXIP1,VPS9D1,ICAM1,LGALS1,TRIM28,RRAS,PTK6,MT-ATP6,COX8A,MST1,MT-ATP8,TACC3,FGF11,LYL1,CA9,POLD1,DQX1,ARMC7,HCFC1,WDR54,KIFC1,RCCD1,SLC17A7,MAMSTR,THOC6,ZNF790,FANCG,MCM7,TULP2,ZNF747,MACC1,WDR97,SLC35B2,OBSL1,KISS1R,EME1,EME2,FPGS,MKRN2OS,ISYNA1,OPLAH,STPG3,HES4,MT-ND6,MT-ND4,MT-ND5,MT-ND1,CFAP99,NAPSA,CARNS1,FAM228B,BCL2L12,NRARP,CCNL2,SLC34A3,MXRA8,PCBP1,HYAL1,ADPRHL1,ARHGEF39,HMGB1,PIDD1,BCL7C,FAM98B,VIM,PIH1D1,RNF123,PIH1D2,CRACR2B,NR2C2AP,PA2G4,TMEM198,TMEM187,GLI4,ZCWPW1,NMNAT1,CHPF,ZFP36,NAGLU,LSM2,PGPEP1,ZNF513,WBP1,RHEBL1,JMJD6,MYL6B,SGK3,WAS,NRM,ALDH3A2,ACSF3,DLG4,TSEN15,PDE6D,MT-CO1,SYNGAP1,MT-CO2,MT-CO3,CDCA3,CDCA5,RNF215,RNF224,LIN54,ARHGAP4,MED22,ZNF473,CENPA,ZSWIM8,NUDT22,YPEL3,ZNF446,FTL,INO80B,GMPS,CORO1B,MT-CYB,ACP2,BECN1,MYO19,REC8,CCDC78,TRIB3,ACY1,HSD17B1,MGAT1,PNPLA2,TBC1D31,PPIH,CACNA1F,SHARPIN,TBC1D13,GFY,BHLHE40,TAPBP,ASB16,ANAPC11,EHD1,HNRNPF,ATG2A,ZNF367,ZNF345,TUBB4B,TM7SF2,SLC39A3,SNRPB,BRSK1,CCDC24,HSPBP1,FAM219B,PPIL1,TPRKB,PCLAF,KAT8,PANO1,PSD,ZER1,IZUMO1,CBFA2T3,NT5C,PSMC3IP,KLHDC10,SAE1,YBX1,PPP2R5B,TRPT1,MT-ND4L,ZNF276,RHBDL1,FERMT3,PIGQ,PIGW,LYPLA2,ROM1,MRPL48,PIGL,ZNF224,ZBTB26,B3GALT4,ZNF512B,PPM1N,PARD6B,TSPAN4,SURF1,ANO9,KIF22,MIS12,FUOM,EXOSC4,EXOSC3,CD72,DCLRE1B,DCLRE1C,GEMIN2,JADE1,GEMIN7,SPATA6L,ISG15,SSH3,PHF13,ZP3,SAXO2,PAOX,AURKA,SYTL1,MTHFR,ZNF101,TM9SF1,INHA,TEX9,WRAP53,RNPEPL1,METTL17,FEN1,NME3,RASIP1,GDF15,LY6G5C,ALYREF,ARHGAP33,KIF18A,TP53I3,MAN2B1,B4GALT7,PRRG2,USP20,BAX"
"DEG_HVL_CRC29","162","0.54549999999999998","SMAD5","SMAD5","237","1444","0.41810000000000002718","0.767000000000000015","1.0180000000000000","ReMap--ChIP-seq","SCO2,ORAI3,SLBP,HEXIM1,BTBD19,FADS2,EFEMP2,MSH4,SRSF3,SRSF7,PKMYT1,NEK8,SDF2L1,VPS9D1,LENG9,LENG8,TSPOAP1,ICAM1,LGALS4,TRIM28,FBXO5,SYNGR2,RRAS,APOE,NDUFAF3,TLCD2,TLCD1,NOXO1,TACC3,FGF18,SYNGR3,SLC3A2,POLD1,RRM2,ARMC7,HCFC1,PLK3,BTG2,ADAMTSL4,TK1,HLA-DQB1,PLP2,TMEM179B,INSIG1,MCM7,MCM5,MGME1,SLC35B2,BRICD5,UBXN6,VWA7,TYMP,KISS1R,EMC9,GINS2,ZWILCH,CCDC28B,EME2,ISYNA1,OPLAH,IQCN,RBMX,MDC1,RBCK1,NAPSA,MLLT11,LRSAM1,HLA-DPA1,PROCA1,RECQL4,HLA-DMA,HLA-DMB,CARNS1,TTLL3,FSCN2,BCL2L12,RCC1,CCNL2,PHYKPL,PCBP1,NPM1,CCND2,AJM1,PIDD1,RBM14,SFPQ,CDHR2,MVP,EPS8L1,ENO1,CRACR2B,PA2G4,TMEM187,CARD6,ZNFX1,RFWD3,HJURP,ZFP36,STIP1,LSM4,LSM2,PTBP1,PATL2,ZNF513,JMJD6,CARHSP1,MYL6B,SLC20A1,NRM,TMEM134,DLG4,TMEM107,EGFL8,SYNGAP1,RAVER1,ATF4,ACHE,ARHGAP4,CHAF1A,RMI1,SPHK2,MED22,NUDT22,YPEL3,FTL,CORO1B,CDC45,HNRNPA1,HNRNPA3,HNRNPAB,REC8,LPAR5,ACY1,IL11,HSD17B1,VEGFA,HNRNPA2B1,PNPLA2,SYCE2,TMEM234,UBE2S,BHLHE40,TMEM223,TAPBP,TRA2B,HNRNPU,ANAPC11,LDHA,HNRNPL,HNRNPF,HNRNPC,TUBB4B,ADM5,CLCF1,TM7SF2,FCGRT,RAB34,SNRPG,PKM,NEMP1,LONP1,TBC1D10C,PYCR3,PANO1,PSD,TUBB,CBFA2T3,RFNG,NT5C,PSMC3IP,LMLN,PTGES3,ITPRIP,FAM83D,CBX5,CBX3,YBX2,SNAPC5,TRPT1,DDX39A,ZNF276,RHBDL1,ABCA7,FERMT3,PIGW,LYPLA2,ROM1,TMC8,TMC6,TMC4,SQSTM1,SLC38A2,B3GALT4,PPM1N,IFI35,TSPAN4,SURF1,XRCC3,CCR9,KIF2C,SLC43A3,EXOSC4,SPC24,KHSRP,DOK3,HNRNPUL1,SLC1A5,RASGRP2,PHF13,PHF19,NUP62,PAOX,AURKB,RAN,HOXB9,TRIP6,SF3A2,PRSS33,TM9SF1,RNPEPL1,AMH,SLC37A4,TRAF1,DALRD3,TRAF4,CFLAR,IMPDH2,MGAT4B,CDT1,DAZAP1,FEN1,NME3,DNASE1L1,RANBP1,ALYREF,CKS1B,BAX"
"DEG_HVL_CRC29","163","0.54879999999999995","ZNF639","ZNF639","236","1442","0.43630000000000002114","0.795000000000000040","1.0140000000000000","ReMap--ChIP-seq","SCO2,DDIT4,ORAI3,ORAI2,SLBP,HEXIM1,HEXIM2,BTBD19,NCAPH2,L1CAM,KCNC3,DUSP1,RAPGEF3,AGRN,FADS2,EFEMP2,CYSRT1,KMT5A,DGAT1,AMDHD2,NEK8,SDF2L1,E2F1,TSPOAP1,ICAM2,CCP110,TRIM28,SPDYC,COX8A,TLCD1,NOXO1,PCNT,TACC3,LPXN,TNFAIP2,LYL1,SYNGR3,ZSCAN31,ARMC7,HCFC1,PLK3,KIFC1,PLIN2,RCCD1,SLC17A7,CDKN2D,CDKN2C,TMEM179B,MAMSTR,TPP1,MCM7,CEBPB,TULP2,WDR97,BCOR,HDAC10,BRICD5,ARRDC1,TRANK1,KISS1R,SUSD1,ISYNA1,OPLAH,STPG3,IQCN,MUC1,HES4,MDC1,ZFYVE1,HSPG2,NAPSA,GRIN3B,SLC29A1,RECQL4,MYLK4,SLC25A45,NXT1,CCNL2,SLC34A3,PCBP1,HOMEZ,PIDD1,BCL7C,MVP,EPS8L2,PIH1D1,PA2G4,TMEM187,GLI4,ZCWPW1,PLCD3,ZFP36,NAGLU,LSM4,LSM2,PTBP1,SNRPA1,ZNF513,JMJD6,NECAB3,CCDC88B,FAF1,ANKRD9,FAM20B,TMEM134,ACBD4,ACSF3,DNAJC16,DLG4,CXCL2,PDE4A,EGFL8,PRTFDC1,SYNGAP1,RNF213,RNF215,RNF224,ARHGAP4,SPHK2,ZSWIM8,SAMD1,NUDT22,YPEL3,GMNN,GMPS,CORO1B,CORO1C,HNRNPA3,CCDC78,ACTN4,TRIB3,EGR1,LPAR5,ACY1,PDIK1L,HSD17B1,HNRNPA2B1,PNPLA2,SHARPIN,TBC1D13,BHLHE40,TMEM223,TAPBP,GNB1L,HNRNPU,NFATC3,FOSL2,EHD1,HNRNPL,HNRNPF,GMEB1,NRSN2,GPT,ZNF367,NSD2,TUBB4B,TM7SF2,NRBP2,SLC39A3,TLE2,PLXNA3,PPIL1,CALML6,FTH1,KAT8,ZER1,IZUMO1,TUBB,NT5C,KIAA0513,PTGES3,CBX3,SAE1,YBX2,YBX1,TRPT1,THBS3,WEE1,RHBDL1,FERMT3,WFIKKN1,PIGZ,ROM1,COL11A2,PIM1,S100A2,FRMD8,S100A5,S100A4,S100A3,SQSTM1,SLC38A2,B3GALT4,PPM1N,PPM1G,ANO9,KIF22,KIF2C,EXOSC4,CD55,DCLRE1B,ISG15,SSH3,ZP3,AURKA,MAPK12,UQCRHL,MAPK11,S100P,RAN,SERPINE1,HOXB9,MTHFR,TRIP6,ING4,PAXX,SERPINB1,TIMM10,SF3A2,TEX9,RNPEPL1,AMH,TRAF4,LAGE3,MGAT4B,ANP32B,FEN1,RAD51C,DNASE1L1,RASIP1,LY6G5C,TEDC2,SMAD3,PRRG2,LEKR1,USP20"
"DEG_HVL_CRC29","164","0.55220000000000002","ESRRA","ESRRA","237","1449","0.44000000000000000222","0.797000000000000042","1.0129999999999999","ReMap--ChIP-seq","HEMK1,SPINT1,DDIT4,HEXIM1,DUSP1,RAPGEF3,CYSRT1,PKMYT1,ZKSCAN1,NEK8,BCAS1,E2F1,E2F2,LGALS4,MT2A,TMEM63A,SDC4,GIPR,SYNGR2,APOE,COX8A,TLCD1,PTMA,NOXO1,CFAP157,TNFAIP2,LMNB2,SYNGR3,ELF3,PLEC,PSMB10,POLD4,TTC16,CD7,VPS18,CGN,MEX3A,ADAMTSL4,PLIN5,THOC6,FANCA,CEBPB,ABLIM3,MACC1,WDR97,APOC1,SLC35B2,HDAC11,BRICD5,TMEM184A,EDN1,ATP1B1,MFSD1,IQCK,SLC4A8,GABARAPL1,EML2,RBCK1,SIRT4,EMP1,PROCA1,RECQL4,CARNS1,CASTOR1,LRG1,SLC25A45,SLC16A5,SOCS2,SH2D3C,PPP1R15B,BAIAP2,PC,SLC34A3,N4BP3,CRIP2,CAPN8,PIDD1,CDHR2,LAMB2,PROB1,EHF,ENO1,SULT2B1,CRACR2B,CHKA,PA2G4,JDP2,PLCD3,ZFP36,ZG16B,LSM4,PGPEP1,ASS1,SOX9,MTUS1,KNOP1,CCDC88B,ANKRD9,B3GNT3,TOMM40,SLC20A1,CA12,KRT13,KRT19,KRT15,TJP3,SPNS2,TMEM123,ALDH3B1,ACBD4,ACSF2,TMEM107,KRT80,HSPD1,HSPE1,ATF4,CRABP2,EPB41L1,RNF215,RNF224,RMI2,ODC1,CENPA,NUDT22,ETNK2,YPEL3,DLX4,ITGB2,ACP2,ITGB6,ITGA3,TTC39A,SNRPD3,CCDC78,ACTN4,TRIB3,TRIB1,RELT,VEGFA,NUDT8,PNPLA2,PRR15L,SCNN1A,ADGRG1,SHARPIN,RARRES1,UBXN10,BHLHE40,CUEDC1,SPOCK2,MYO15B,CDK5RAP3,FOSL2,EHD1,HNRNPL,SNAI1,NRSN2,GPT,C1QTNF6,CLCF1,RAB3A,HID1,RAB34,SRGAP3,TCIRG1,PIP5KL1,PKM,THSD4,NECTIN4,TBC1D10C,KAT8,KRT7,GPR37L1,PANO1,DCST2,ITPRIP,ANXA11,IDH2,SAE1,YBX2,TRPT1,PGAP3,RHBDL1,FERMT3,MYOF,TMC8,TMC6,PLXDC1,SLC38A1,FRMD8,S100A5,S100A4,S100A3,TACSTD2,MYCBPAP,ARRB1,SLC25A5,PARD6B,TP53INP2,ATP9A,SPATA20,SCN1B,SLC12A9,TSPAN1,ID3,TECR,CTSD,LMCD1,EXOSC4,CD82,DOK3,SLC1A4,RASGRP2,UQCRHL,S100P,CDC6,PRSS22,ABHD11,AK1,PSAP,PSCA,TRAF4,METTL27,SEMA3C,UNC93B1,TPCN1,TNS4,KLK1,DAZAP1,HILPDA,GDF15,CASKIN1,ARHGAP30,ABCC3,TOB1,PRRG2,STN1"
"DEG_HVL_CRC29","165","0.55559999999999998","ELK4","ELK4","236","1445","0.44959999999999999964","0.809000000000000052","1.0120000000000000","ReMap--ChIP-seq","ALKBH6,ORAI3,HEXIM1,HEXIM2,JAK3,DUSP1,ATAD2,EFEMP2,CYSRT1,MAP3K5,NEK8,VPS9D1,LENG9,LENG8,MT2A,LGALS1,TRIM28,RRAS,TNFSF13,PTK6,FBXL5,TLCD1,NOXO1,ADAM10,NUP160,LMNB2,LMNB1,SYNGR3,POLD4,RALY,PRKCG,VPS18,ARMC7,PLK5,CDKN2C,PHF5A,PLP2,TMEM179B,UBR7,FANCG,MCM7,DNAJC9,TULP2,ZNF747,WDR97,BRICD5,KNL1,STXBP2,TECPR1,PARP3,AMIGO2,EME2,PXMP2,STPG3,MUC1,MDC1,LIPH,HES7,C3,TUBA1B,PROCA1,RECQL4,FAM228B,SLC16A5,BCL2L12,SH2D3A,TXNDC12,CCNL2,SLC34A3,MXRA8,CCDC120,PCSK7,PCSK4,TMEM150A,DOT1L,CRIP2,GLB1L,PIDD1,PSRC1,PROB1,NAA15,TAF3,PIH1D1,CRACR2B,PA2G4,GLI4,ZCWPW1,NMNAT1,PLCD3,ZFP36,TMSB10,GPR108,LSM4,PTBP1,PGPEP1,SNRPA1,WBP1,RNF39,RUSC1,JMJD6,CCDC88B,FAF1,MYL6B,TRIP10,NRM,TMEM134,ACBD4,DLG4,TMEM107,POLE,SPG7,HSPD1,HSPE1,RAVER1,ATF4,CDCA5,RNF224,HOXC10,MED22,ZSWIM8,NUDT22,ZNF446,INO80B,GMPS,CORO1B,PBXIP1,TSPAN31,HNRNPA1,SNRPD2,SNRPD1,CCDC78,EGR1,EGR3,ACY1,PNPLA2,GEN1,SCNN1A,SHARPIN,RHPN1,BHLHE40,NABP2,TMEM223,TAPBP,GNG3,AP1S2,ANAPC11,FNDC11,GPT,TUBB4B,ADM5,CLCF1,TM7SF2,RAB34,SNRPA,CCDC32,PLXNB1,REEP6,NEMP1,CCDC77,FTH1,KRT7,PYCR3,PRX,TUBB,NT5C,PSMC3IP,CBX5,SOWAHC,YBX2,TRPT1,THBS3,CDK2AP2,KRTCAP2,ZNF276,AGAP2,RHBDL1,FERMT3,WFIKKN1,LYPLA2,ROM1,MRPL48,CKS2,ZNF224,FRMD8,S100A5,S100A4,S100A3,TRABD2A,SLC38A2,B3GALT4,ZNF512B,PPM1N,CYB5B,TMPO,TSPAN4,SURF1,TECR,KIF2C,EXOSC4,CD72,DCLRE1C,HNRNPUL2,FDPS,SSH3,AURKB,SERPINE1,ZNF165,HOXC8,CDC6,TNFSF9,PRSS22,ING4,SERPINB1,TM9SF1,ABHD11,MOAP1,WRAP53,RNPEPL1,TRAF4,SEMA3B,AHNAK2,CDT1,NME3,KIAA0753,GDF15,LY6G5C,TEDC1,CASKIN1,ALYREF,TP53I3,CKS1B,USP16,USP11,PRRG2,ZNF184,PRAF2"
"DEG_HVL_CRC29","166","0.55889999999999995","MBD2","MBD2","235","1442","0.46360000000000001208","0.828999999999999959","1.0089999999999999","ReMap--ChIP-seq","SCX,BTBD19,KCNC3,MMP25,PLSCR3,AGRN,CYSRT1,DGAT1,NOXA1,ONECUT3,NNAT,ICAM1,KCNQ2,PTK6,TP73,MT-ATP6,NOXO1,MT-ATP8,GRIN1,FGF11,TNFAIP2,LMNB2,LYL1,ZIC2,SYNGR3,DQX1,PLK3,PLK5,MEX3D,KIFC2,PLIN4,AP5Z1,ASPDH,PODNL1,OBSCN,LHX4,TST,WDR97,IFITM2,HDAC10,AQP5,RPS6KA2,BRICD5,HELZ2,KISS1R,ARHGDIG,EME2,STX16-NPEPL1,ISYNA1,THPO,OPLAH,STPG3,DDN,HES4,MT-ND6,MT-ND4,MT-ND5,MT-ND1,PRKAR1B,CFAP74,GRIN2C,PCDHGA11,GRIN3B,DCHS1,FSTL3,RECQL4,SLC16A8,SLC25A45,PITX1,FSCN2,TROAP,BCL2L11,NRARP,TONSL,CCNL2,SLC34A3,ARSA,MXRA8,GCDH,ZNF703,TNFRSF13C,PCSK4,L3HYPDH,CRIP2,NPM3,MAD2L2,ADPRHL1,NDRG4,AJM1,HS3ST3B1,PROB1,QRICH2,RNF126,CRACR2B,WNT10B,GLI4,GPR146,LSM7,PTBP1,IRX2,IRX5,CARMIL2,GNG13,CCDC88B,PARP10,CLIC3,ANKRD9,B3GNT9,CA11,TMEM134,DNAJC22,LTBP2,ALDH3B1,SPEG,TBKBP1,RGS11,MT-CO1,RAVER1,MNX1,MT-CO2,MT-CO3,EXD3,TPRG1L,RNF224,LRRC10B,SPHK2,ZNF467,EXOC3L1,MT-CYB,ITGB2,ELFN2,SPATC1,ITGA9,SMIM24,CCDC102A,SNRPD2,CCDC78,ADGRB1,EGR3,IL32,PNPLA2,GPRIN2,SCNN1D,GPRIN1,CACNA1H,SHARPIN,ADGRG5,GGN,HOOK2,DEGS2,TCF3,MKNK1,GALNS,MYO15A,GNPTG,FNDC11,YJEFN3,GPT,C1QTNF8,PLEKHN1,TUBB4B,TM7SF2,NRBP2,SLC26A1,PLXNB2,REEP6,TCIRG1,LMF1,IDH3G,MAPK8IP2,COL18A1,IZUMO4,PGGHG,RFNG,CYP2W1,HOXA11,FAM83E,CBX2,SPRED3,PERM1,CDK2AP2,MT-ND4L,RHBDL1,ABCA7,WFIKKN1,PIGQ,IDUA,SLC9A3,FRMD8,TACSTD2,ZNF512B,ZBTB46,NTN1,USH1G,ERFE,ANK1,TSPAN4,ANO9,EXOSC4,IL17C,PALM,ATAD3C,RASGRP2,ISG15,GALNT9,SSTR5,MAPK12,CLCN7,MAPK11,HOXB9,TERT,SLC19A1,SIVA1,PAXX,ITPKA,SF3A2,BLCAP,DGKQ,DNMT1,AMH,UNC93B1,SEMA3B,DCAF15,ADRM1,OXTR,LCN12,DAZAP1,NME3,PDIA2,TEDC1,CASKIN1,ARHGAP33,CHTF18,PCDHGA6,PRRG2"
"DEG_HVL_CRC29","167","0.56230000000000002","ATF2","ATF2","236","1451","0.47620000000000001217","0.846999999999999975","1.0069999999999999","ReMap--ChIP-seq","MTHFD2,DDIT4,SET,HEXIM1,HEXIM2,BTBD19,KCNC3,MMP25,JAK3,CCDC9,EFEMP2,MSH4,SRSF3,SRSF7,NEK8,TRIM66,VPS9D1,E2F2,TSPOAP1,NOP58,IKZF2,TRIM28,RRAS,TNFSF13,NDUFAF3,MT-ATP6,SYNCRIP,TLCD1,PTMA,PCNA,NOXO1,MT-ATP8,ZGRF1,FGF18,LMNB1,ZIC2,SYNGR3,SLC3A2,PLK3,MEX3A,BTG2,CDKN1B,ADAMTSL4,HLA-DQB1,THOC6,AKIRIN1,BCL6,MCM7,MGME1,MACC1,BCOR,SLC35B2,OBSL1,ZWILCH,EME2,IQCN,MUC1,RBMX,MT-ND6,MDC1,MT-ND4,MT-ND5,MT-ND1,HES7,GRIN3B,LRSAM1,HLA-DPA1,POU5F1,SLC29A1,PROCA1,RECQL4,HLA-DMA,HLA-DMB,BCL2L12,SOCS3,LRR1,RCC1,CCNL2,PCBP1,N4BP3,CLHC1,NPM1,MAD2L2,CCND2,ZFHX2,CD164L2,PSIP1,SFPQ,ENO1,ENO2,MYB,TMEM198,PFAS,GLI2,GPR153,CARD6,ZNFX1,PLCD3,CHPF,ZFP36,LSM4,NES,PTBP1,DNMT3B,PGPEP1,PATL2,IRX2,ZNF608,CARHSP1,MYL6B,CA11,NUCKS1,ACBD4,NFKBIA,DLG4,TMEM107,PDE4A,TRNP1,HSPE1,MT-CO1,SYNGAP1,MT-CO2,MT-CO3,ATF4,CRABP2,CHAF1A,RMI1,SPHK2,MED22,FTL,CD274,MT-CYB,SMIM14,PBXIP1,TSPAN31,HNRNPA1,HNRNPA3,HNRNPAB,REC8,ACY1,THTPA,TAGLN,NUDT8,HNRNPA2B1,SIDT2,TMEM230,NASP,BHLHE40,ALPG,TAPBP,TRA2B,HNRNPU,ANAPC11,PRELID1,HNRNPL,HNRNPD,HNRNPC,GPT,ADM5,TM7SF2,FCGRT,HMGN2,VASH2,RAB34,SRGAP3,TCIRG1,AP1G2,PSAT1,FTH1,SEPHS1,PANO1,CITED2,TUBB,HNRNPH3,NT5C,LMLN,FAM83E,CBX5,CBX3,SAE1,YBX2,SNAPC5,THBS3,WEE1,MT-ND4L,ZNF276,TTYH2,AGAP2,ABCA7,GPR19,LETM2,TMC4,PIM1,SLC38A2,B3GALT4,PPM1N,IFI35,TMPO,KDELR3,SURF1,ID3,CD74,JADE1,DOK3,PHF19,SSTR1,AURKB,RAN,FCRLB,TCF19,TIGAR,SF3A2,GPR3,TM9SF1,INHA,WRAP53,DUSP12,AMH,TRAF1,DALRD3,TRAF4,SEMA3B,CACNG8,IMPDH2,KLK1,RPL39L,CDT1,BCL11A,BICDL2,NME3,PBLD,RANBP1,PRAG1,ALYREF,CKS1B,BAX"
"DEG_HVL_CRC29","168","0.56569999999999998","PPARG","PPARG","235","1448","0.49030000000000001359","0.866999999999999993","1.0040000000000000","ReMap--ChIP-seq","GSTK1,DDIT4,HEXIM1,BTBD19,DUSP1,MAP3K5,SRSF3,SP2,KCNK6,LGALS4,ARL14,SDC4,RRAS,APOE,PCK1,MT-ATP6,PCNA,MT-ATP8,PLD1,TNFAIP8,ELF3,ACOX1,SLC3A2,POLD4,ARMC7,CGN,ADAMTSL4,PLIN4,PLIN2,ANGPTL4,PLIN5,PHF5A,THOC6,INSIG2,BCL6,SYNE3,LBR,MCM5,CEBPB,NOD1,ABLIM3,MACC1,APOC1,IFIT2,PDK1,GSAP,TMEM184A,TPX2,EDN1,AMIGO2,FAM47E,SVIL,SUSD1,OASL,MFSD1,CFAP221,ALDH1A1,SNCG,GBP3,MT-ND6,MT-ND4,MT-ND5,MT-ND1,LIPH,HSPG2,RBCK1,LYZ,EMP1,UCP2,STAT6,SLC25A45,SLC16A5,FAM227B,SOCS3,PPP1R15B,LRP1,SLC25A20,PC,SLC25A35,MMD,DOT1L,KLHL31,CAPN8,ACAA1,ACACB,HMGB1,PIDD1,CFAP45,RCN3,EHF,MED8,SULT2B1,CRACR2B,CHKA,PA2G4,VSIG10L,IMPA2,GCNT3,PLCD3,COL16A1,YEATS4,ZFP36,NAGLU,CLIP2,ANKRD22,GLRX,TSHZ1,CCDC88B,AMPD3,NAALADL2,B3GNT5,FAM20B,CA12,SPNS3,ACBD4,HSPA2,ACSF2,DLG4,TGFBI,CXCL8,CXCL2,TRNP1,KRT80,MT-CO1,MT-CO2,MT-CO3,EPB41L1,BHLHE41,TCP11L2,SPHK2,CORO1C,MT-CYB,ACP2,ITGB6,ITGA3,BECN1,PBXIP1,HNRNPA3,CDC20,SNRPD3,ACTN4,TRIB3,HSD17B1,VEGFA,PNPLA2,TBC1D31,GEM,SCNN1A,RARRES1,TMEM230,ADGRF1,GNG3,HMOX1,FOSL2,EHD1,HNRNPL,NRSN2,MGLL,CLCF1,FCGRT,NECTIN4,FTH1,KRT7,PANO1,CHMP1B,LIMA1,FAM83E,SAE1,PFDN2,WEE1,MT-ND4L,MYOF,PTGR1,FLNB,PIM1,S100A2,FRMD8,S100A5,S100A4,S100A3,SQSTM1,KANK3,SLC38A2,ARRB1,NTN4,PARD6B,ATP9A,NDUFA7,IFI35,PPP1R36,TSPAN4,IFITM10,CTSD,STAMBPL1,CD55,STK17B,SPC24,RGS9,SLC1A5,CLN6,UQCRHL,S100P,SERPINE1,HOXA1,CDC6,SSPN,SERPINB1,CCL20,TUBB6,ABHD11,PSAP,RHEB,RNPEPL1,DUSP12,METTL27,SEMA3C,PRR5L,TNNI1,CFLAR,MGAT4B,TMTC2,HILPDA,PPCDC,SCEL,GDF15,SMAD3,CKS1B,ABCC3,KLF10,KLF11,SLFN5,TFPI,TOB1,LEKR1,STN1"
"DEG_HVL_CRC29","169","0.56899999999999995","PKNOX1","PKNOX1","234","1443","0.49549999999999999600","0.870999999999999996","1.0029999999999999","ReMap--ChIP-seq","MTHFD2,DDIT4,BTBD19,KCNC3,NCAPG2,CCDC9,EFEMP2,PKMYT1,NEK8,SDF2L1,SP2,SP6,KCNK6,E2F2,TSPOAP1,MTFR1L,ICAM1,TRIM28,ARL15,SDC4,GIPR,PCK1,CPLANE2,BST2,DMBX1,RAC2,SYP,TLCD1,IGF2R,FGF11,SUN2,SLC3A2,POLD1,DQX1,ZSCAN31,PLK3,BTG2,ADAMTSL4,COPZ2,ANGPTL4,RCCD1,SLC17A7,CDKN2D,CDKN2C,IL10RA,PLP2,THOC6,MCM7,WIPI1,TULP2,MACC1,WDR97,ZNF846,BRICD5,TANGO2,SLC22A4,KISS1R,ISYNA1,ALOX12,IQCN,MDC1,HSPG2,EML2,RBP5,RBCK1,CFAP99,C3,NAPSA,MLLT11,RNASEK,PROCA1,STAT6,LYRM9,SLC25A45,PITX1,ST6GALNAC1,NXT1,SH2D3A,LRP1,HSD17B14,BAIAP2,PC,CCNL2,PEX11G,GCDH,PCBP1,ZNF703,COL9A2,DOT1L,MAD2L2,AUNIP,BANF1,RCN3,CCDC194,MVP,EPS8L1,INAFM1,NAA15,VIM,EHF,ENO1,CREB3L1,PIH1D1,PA2G4,SLC6A9,VSIG10L,ZFP36,GPR108,LSM4,LSM2,PGPEP1,LCA5L,RNF24,RNF26,CBLN3,JMJD6,TSHZ1,CCDC88B,FAF1,MYL6B,BBS12,FAM20B,SLC20A1,CA11,KRT19,KRT15,TRIP10,TMEM107,TRNP1,EGFL8,SPG7,SYNGAP1,ACHE,RMI2,SPHK2,CORO1C,PBXIP1,HNRNPA1,PINK1,MYO1F,ACTN4,TRIB3,LPAR5,DHRS13,PDIK1L,MGAT1,TBC1D31,SYCE2,RHPN1,GFY,GGN,HOOK2,BHLHE40,DACT3,SPOCK2,NYNRIN,HNRNPF,NRSN2,C1QTNF6,KAT2B,RAB3A,FCGRT,TLE2,RAB34,SNRPA,BRSK1,HSPBP1,PLXNA3,PIP5KL1,CHPF2,NEMP1,FRRS1,PPIL1,FTH1,RALGDS,TRPM4,HIP1,PRX,TUBB,AMN1,KIAA0513,FAM83E,CBX5,POU2F1,SPRED3,CDK2AP2,DDX39A,ABCA7,ROM1,TMC8,TMC6,PIM1,FRMD8,ARRB1,PPM1N,PARD6B,PRC1,PAQR7,ID3,TECR,KIF22,TMPRSS9,EXOSC4,SCN9A,DOK3,SLC1A5,ZP3,AURKB,GALNT5,STMN1,HOXC8,MTHFR,TRIP6,TNFSF9,SERPINI1,FCRLB,SERPINB1,CLSTN3,PSAP,DUSP12,TRAF2,TRAF4,LAGE3,TPCN1,CDT1,DNASE1L1,IFI6,RASIP1,LY6G5C,SSC4D,SMAD3,CKS1B,KLF11,ZNF184"
"DEG_HVL_CRC29","170","0.57240000000000002","SPI1","SPI1","235","1451","0.50360000000000004761","0.880000000000000004","1.0020000000000000","ReMap--ChIP-seq","SMCO4,DDIT4,HEXIM1,HEXIM2,BTBD19,DUSP5,DUSP1,TOMM40L,EFEMP2,MAP3K5,NEK8,SDF2L1,KCNK6,TRIM46,TSPOAP1,MTFR1L,ICAM1,LGALS1,SYNGR2,PCK2,PTMS,MT-ATP6,RAC2,TLCD1,PTMA,MT-ATP8,PLAU,IGF2R,PLEC,POLD4,CD4,ARMC7,PLK3,MEX3A,BTG2,CDKN1A,TK2,IL10RA,FKBP5,BCL6,TPP1,CKAP2L,NOD1,MGME1,MACC1,BCOR,SLC35B2,CHRAC1,SUSD6,ARHGDIB,FPGS,PDXP,MUC1,MT-ND6,MT-ND4,MT-ND5,MT-ND1,C3,PROCA1,CARNS1,UCP2,STAT6,CASTOR1,SLC25A45,LAG3,PFKFB3,SOCS3,BCL2L15,PIK3CD,SH2D3A,SH2D3C,SLC25A19,LRP1,PCBP1,TNFRSF13C,HYAL1,TMEM150A,GLB1L,CCND2,ACAA1,CYBB,MR1,BCL7C,CFAP45,ARMH1,RCN3,CDHR2,IRF8,MVP,ENO2,MYB,CYP1B1,PIH1D1,WNT10B,ZCWPW1,ZFP36,TMSB10,GPR108,NES,LSP1,GLRX,VIPR1,CCDC88B,CLIC4,MYL6B,CXCR4,TRIP10,RELL2,AKNA,ALDH3B1,ASIC1,DLG4,TMEM107,PDE4A,TMEM109,UPK3A,HSH2D,LTC4S,MT-CO1,MT-CO2,MT-CO3,RMI2,NUDT22,FTL,CD274,CORO1B,CORO1C,MT-CYB,ITGB2,NRGN,PBXIP1,DEPP1,ACTN4,TRIB1,EGR3,CCDC9B,LPAR5,MGAT1,RELT,OSM,SCNN1A,BHLHE40,NABP1,OTULINL,HMOX1,SNAI3,NFATC3,FOSL2,EHD1,HNRNPF,DHRS1,CLCF1,FCGRT,LTB4R2,RAB34,CCDC12,TCIRG1,RFC2,PKM,NEMP1,DENND3,HAUS8,NECTIN4,TBC1D10C,KAT8,RALGDS,PSD,IZUMO4,DCST2,AMN1,KIAA0513,ITPRIP,COTL1,LMO2,HK2,TRPT1,PFDN2,MT-ND4L,KRTCAP2,MRPL11,FERMT3,PIGR,VSIR,TMC8,TMC6,S100A2,FRMD8,S100A5,S100A4,S100A3,SQSTM1,TRABD2A,ARRB1,ARRB2,PPM1N,RASSF4,ID3,KIF2C,CD44,SLC43A3,CD55,CD74,DCLRE1B,CD82,DOK3,NDUFV2,SSH3,NUP62,TEP1,TNFSF9,ING4,FCRLB,TIGD3,SERPINB1,NFAM1,ADAM8,DNMT1,PSAP,ESAM,DUSP12,UNC93B1,SEMA3B,RPL36A,TPCN1,MGAT4B,SP110,INPP5D,CDT1,BCL11A,PPCDC,GDF15,SMAD3,ARHGAP30,CKS1B,BAX"
"DEG_HVL_CRC29","171","0.57579999999999998","REST","REST","234","1452","0.53549999999999997602","0.930000000000000049","0.9956000000000000","ReMap--ChIP-seq","ALKBH6,CACNA2D2,SCO2,DDIT4,ZNF23,HEXIM1,HEXIM2,NCAPH2,L1CAM,KCNC3,PAFAH1B3,CCDC9,EFEMP2,CYSRT1,DGAT1,PKMYT1,FBXO44,NEK8,SDF2L1,VPS9D1,TSPOAP1,TRIM28,ATXN7L2,FBXO2,KCNQ2,TMEM63C,NDUFAF3,MT-ATP6,SYP,TLCD1,PTMA,NOXO1,MT-ATP8,GRIN1,LMNB2,SYNGR3,PLEC,SLC3A2,PRKCG,CDKN1B,MCM7,SAPCD2,ZNF747,WDR97,SLC35B2,HDAC10,OBSL1,TMEM184A,PARP3,TYMP,KISS1R,EMC9,MEGF8,ISYNA1,STPG3,IQCN,MT-ND6,MDC1,MT-ND4,MT-ND5,MT-ND1,SCAMP5,HES7,PROCA1,RECQL4,HLA-DMA,SLC25A45,FSCN2,NPTXR,BCL2L12,SOCS3,BDNF,SH2D3C,TONSL,SLC34A3,MXRA8,PEX11G,CTXN1,EPHA10,PCBP1,DOC2A,DOT1L,CRIP2,GLB1L,CCDC159,ANKHD1,PIDD1,MVP,ENO1,CRACR2B,NR2C2AP,TMEM198,VSIG10L,GLI4,ZCWPW1,GPR153,PLCD3,COL16A1,CHPF,ZFP36,DISP2,CLIP2,ANKRD24,ZG16B,LSM4,NES,PTBP1,SKOR1,CARMIL2,PTPRN2,PDE2A,MYL6B,B3GNT9,CA11,TMEM145,ELMO3,RELL2,ZC3H18,ACBD4,DLG4,TMEM107,RNF207,MT-CO1,MT-CO2,MT-CO3,ATF4,CRABP2,RNF224,ACHE,SPHK2,MED22,ZSWIM8,NUDT22,YPEL3,EXOC3L1,FTL,MT-CYB,ACP2,TSPAN31,CCDC78,ACTN4,IL11,HSD17B1,PNPLA2,SCNN1D,GPRIN1,SHARPIN,UBE2S,BHLHE40,NABP2,TAPBP,DNAI1,EPOR,ANAPC11,FOSL2,HNRNPL,HNRNPF,GPT,GRN,TUBB4B,CLCF1,RAB3A,TM7SF2,FCGRT,SLC39A3,RAB34,CCDC24,PLXNB2,CNIH2,NEMP1,P2RX6,SEPHS1,MAPK8IP2,TRPM4,PANO1,PSD,TUBB,RFNG,FAM83E,YBX2,TRPT1,MT-ND4L,ZNF276,ABCB6,AGAP2,MRPL11,RHBDL3,RHBDL1,GPR19,VSIR,LRRC45,ROM1,TMEM54,OLFM1,FRMD8,SQSTM1,SLC38A2,B3GALT4,PPM1N,ANK1,TSPAN4,SURF1,KIF22,EXOSC4,SCN8A,COL5A3,PHF19,MAPK12,MAPK11,NPHS1,SERPINE1,UNC13A,ACD,PRSS22,BATF2,NOTUM,INHA,ABHD11,AMH,DALRD3,TRAF4,METTL27,HIRIP3,IMPDH2,MGAT4B,CDT1,PPCDC,APLP1,TEDC1,TEDC2,SEZ6L2,ALYREF,CKS1B,ABCC3"
"DEG_HVL_CRC29","172","0.57909999999999995","TAL1","TAL1","234","1454","0.54430000000000000604","0.939999999999999947","0.9940000000000000","ReMap--ChIP-seq","CACNA2D4,DDIT4,ORAI2,HEXIM1,HEXIM2,BTBD19,SHB,CASP10,DUSP5,DUSP1,RAPGEF3,ATAD5,CCDC9,EFEMP2,MAP3K8,NEK8,E2F1,E2F2,TSPOAP1,ICAM2,ICAM1,TRIM28,TNFSF10,ARL15,CPLANE2,PTMS,MT-ATP6,RAC2,RNF144A,TLCD1,PCNT,MT-ATP8,TGM1,PLD1,TNFAIP8,LYL1,PLEC,SLC3A2,CD7,ARMC7,PLK3,MEX3A,BTG2,TK2,PLIN2,ANGPTL4,SLC17A9,MAMSTR,FKBP5,INSIG1,LBR,WIPI1,TULP2,ZNF747,MACC1,BCOR,SLC35B2,SUSD6,SUSD1,FPGS,IQCN,SLC4A8,MT-ND6,MT-ND4,MT-ND5,MT-ND1,HSPG2,UCK2,ELOVL5,SLC29A1,CARNS1,UCP2,CASTOR1,MYLK4,SLC25A45,SLC16A5,LAG3,PFKFB3,SOCS3,SH2D3C,PPP1R15B,TMEM87B,TMEM150A,GLB1L,CFAP45,INAFM1,MYB,MED8,CHKA,PA2G4,SLC6A9,ZCWPW1,RNF168,PLCD3,GPR146,ZFP36,NAGLU,LSM4,DNMT3B,WBP1,GLRX,CBLN3,JMJD6,NECAB3,CCDC88B,MYL6B,AMPD3,FAM20B,ASIC1,ACBD4,TMEM107,LTC4S,POLM,MT-CO1,MT-CO2,MT-CO3,SKAP1,RNF215,FUCA1,ARHGAP4,SLC7A5,NUDT22,FTL,CORO1B,CORO1C,MT-CYB,SNAP23,ACP2,ADORA2B,PBXIP1,DEPP1,HNRNPA1,CDC20,ACTN4,SLC45A4,LPAR5,DHRS12,DHRS13,HSD17B1,OSM,SPOCD1,SYCE2,ADGRG1,RHPN1,UBE2C,BHLHE40,NYNRIN,FOSL2,EHD1,HNRNPF,C1QTNF6,KAT2B,DHRS1,CLCF1,FCGRT,LTB4R2,CCDC12,PIP5KL1,DENND3,P2RX4,TBC1D10C,ATP6V0A1,IZUMO1,CBFA2T3,NT5C,AMN1,ITPRIP,LMO2,CBX5,TRPT1,FAM167B,MT-ND4L,ABCB6,ABCA7,CTCF,LRRC32,VSIR,TMC8,TMC6,PIM1,S100A2,FRMD8,S100A5,S100A4,S100A3,SQSTM1,ARRB1,EFCAB12,RASSF4,SLC12A6,SLC12A9,ST6GAL1,RSAD2,TSPAN5,ID3,CCR9,CD44,SLC43A3,CD55,STK17B,CD82,DOK3,SLC1A5,PHF19,GALNT7,SERPINE1,DAPK1,PRR29,MTHFR,ING4,SERPINB1,MORN3,TUBB6,AK1,ITPR2,PSAP,DUSP12,TRAF1,TRAF4,CFLAR,TPCN1,MGAT4B,CDT1,PPCDC,TUBG1,RASIP1,GDF15,ARHGAP18,SMAD3,MAVS,CKS1B,ABCC4,USP20,BAX"
"DEG_HVL_CRC29","173","0.58250000000000002","GATA3","GATA3","233","1450","0.55400000000000004796","0.950999999999999956","0.9922000000000000","ReMap--ChIP-seq","DDIT4,HEXIM1,HEXIM2,BTBD19,AGO2,DUSP1,RAPGEF3,CYSRT1,MAP3K8,FBXO43,NEK8,BCAS1,E2F2,TRIM37,IKZF2,MT2A,TNFSF10,SDC4,TMEM63C,PTMS,MT-ATP6,TLCD1,MT-ATP8,PLD1,GRK5,TNFAIP8,ELF3,ACOX1,PLEC,SLC3A2,POLD4,CD4,ALCAM,ARMC7,CGN,BTG2,CDKN1A,PAPSS2,TMEM229B,TOM1L2,INSIG1,FANCA,DRC3,LBR,WIPI1,CEBPB,ABLIM3,BCOR,TMEM184A,EDN1,AMIGO2,ATP1B1,LPP,MFSD1,SLC4A8,MT-ND6,MT-ND4,MT-ND5,MT-ND1,SAMD11,EML5,ELOVL5,RIPK4,SIRT4,PROCA1,CASTOR1,SLC25A45,SLC16A5,LAG3,SOCS3,SH2D4A,FHL2,PPP1R15B,SLC34A3,N4BP3,FKBP10,MMD,CCDC117,CRIP2,CAPN8,CFAP45,RBM15,VIM,EHF,ABAT,ENO1,CREB3L1,PLCE1,SULT2B1,CDK18,TACR2,PLCD3,GPR146,CEMIP,LSM3,ASPM,GLRX,IRX5,ZNF608,MTUS1,JMJD6,SIAH2,CREBRF,AMPD3,FAM20B,AKAP5,CA12,KRT13,KRT19,KRT15,TGFB2,ACBD4,DLG4,TMEM107,KRT80,MT-CO1,ARPIN,MT-CO2,MT-CO3,CRABP2,EPB41L1,RNF224,BHLHE41,SLC7A5,ATL1,ODC1,CENPA,ETNK2,YPEL2,MT-CYB,ITGB6,MYO1B,CRKL,ACTN4,TRIB3,TRIB1,BRIP1,GREB1,PDIK1L,SH3RF2,LOXL1,GEM,SIDT1,ADGRG1,RARRES1,BHLHE40,DEGS2,GNB1L,CUEDC1,TRA2B,FOSL2,HNRNPL,C1QTNF6,TEAD1,CEP55,GRAMD2B,KAT2B,CLCF1,TM7SF2,TLE4,TLE3,RAB34,CCDC12,PIP5KL1,PKM,THSD4,P2RX4,FTH1,ATP6V0E1,KRT7,GPR37L1,HIP1,CITED2,AMN1,KIAA0513,NT5E,RASEF,KDM5B,HK2,MT-ND4L,CLDN4,MYOF,FLNB,PIM1,FRMD8,SLC38A2,ARRB1,PARD6B,ATP9A,CYB5B,MBOAT1,TSPAN5,ID3,CTSD,LMCD1,CD55,CD82,SCARA3,SLC1A4,SLC1A5,AURKB,GALNT7,UQCRHL,S100P,SERPINE1,SYTL2,S100A16,CDC6,SSPN,ANXA4,ABHD11,IGFBP4,ITPR2,PSAP,TRAF4,METTL27,SEMA3C,TMTC2,CDT1,HILPDA,RAD51C,TFF2,TUBD1,KCTD3,TEDC1,SMAD3,ARHGAP24,CKS1B,ABCC3,KLF10,TOB1,LEKR1,STN1"
"DEG_HVL_CRC29","174","0.58589999999999998","ZNF750","ZNF750","233","1454","0.57150000000000000799","0.974999999999999978","0.9889000000000000","ReMap--ChIP-seq","MTHFD2,SLBP,HEXIM1,HEXIM2,BTBD19,FXYD3,PLSCR3,PAFAH1B3,RAPGEF3,NCAPD2,AGRN,CYSRT1,VMAC,NEK8,SP6,LGALS4,LGALS1,BTC,SLPI,TMEM63A,SDC4,PTK6,MT-ATP6,COX8A,TLCD1,NOXO1,MT-ATP8,TACC3,TGM1,IGF2R,LMNB2,CA2,SYNGR3,ETV4,PLEC,ARMC7,PLK3,GJB4,BTG2,RCCD1,ADCY6,SLC17A9,CDKN2B,TMEM179B,ESPL1,CEBPB,ABLIM3,ZNF747,FAM47E,GRHL3,ACYP1,HES4,SLC4A8,CAPN12,MT-ND6,MT-ND4,MT-ND5,MT-ND1,GABARAPL1,SLC5A1,C3,MLLT11,UCK2,RECQL4,CASTOR1,TTLL1,HR,SLC16A5,PFKFB3,ACAT2,SLC47A2,PPP1R15B,SLC25A29,BAIAP2,SLC34A3,PEX11G,N4BP3,HYAL1,TMEM150A,DOT1L,KLK10,KLK11,SFR1,BCL7C,CFAP45,RBM14,CDHR2,MVP,MARVELD1,EHF,ABAT,MYB,PA2G4,GLI4,PLCD3,ZNF575,ZFP36,GPR108,GLMP,RANGAP1,WBP1,SIAH2,CCDC88B,ANKRD9,B3GNT5,DCPS,TRIP10,ELMO3,ACBD4,TRNP1,KRT80,MT-CO1,MT-CO2,MT-CO3,ATF4,RNF224,FAT1,HOXC10,MED22,JMJD7-PLA2G4B,ETNK2,CENPS,EXOC3L1,COL17A1,INO80B,DLX2,DLX4,MT-CYB,ACP2,ADORA2B,PBXIP1,TSPAN31,ACTN4,TRIB3,OSM,CAPS,SCNN1D,PRR15L,PRR5-ARHGAP8,BHLHE40,DMKN,TMEM223,GNB1L,CDK5RAP3,ANAPC11,NFATC4,EHD1,HNRNPL,SNAI1,FNDC11,NRSN2,GPT,GRAMD2A,KAT2B,TCP1,DHRS1,TM7SF2,MPC1,LTB4R2,RAB34,CCDC24,FAM219B,P2RX4,NECTIN4,KRT7,TRPM4,CHMP1B,PSMC3IP,ITPRIP,COTL1,MYCL,YBX2,YBX1,TRAPPC6A,PFDN2,MT-ND4L,TMEM97,AGAP2,TAPBPL,ZBTB7C,CTCF,LRRC45,ROM1,MRPL51,FLNB,FABP5,LRRC73,S100A9,SLC38A2,MYCBPAP,ARRB1,PPM1G,TMPO,SURF1,TECR,LYNX1,KIF22,CD44,IL17C,JADE1,ISG15,SSH3,AURKB,UQCRHL,SPATA33,S100P,ACOT7,HOXC8,TRIP6,PRSS22,ANXA3,SF3A2,DGKA,ABHD11,ITPR3,CDK2,AMH,METTL17,TRAF4,METTL27,SEMA3C,SEMA3B,TNS4,MAOA,CDT1,DAZAP1,BICDL2,TUBG1,SMAD3,ALYREF,ARHGAP30,CKS1B,TOB1"
"DEG_HVL_CRC29","175","0.58919999999999995","NCOA2","NCOA2","232","1449","0.57679999999999997939","0.978999999999999981","0.9879000000000000","ReMap--ChIP-seq","SPINT1,DDIT4,FXYD3,MMP25,IFT140,CYSRT1,ZKSCAN1,NEK8,NOXA1,KCNK6,BCAS1,TRIM46,TRIM37,ICAM2,LGALS4,TMEM63A,SDC4,GIPR,MT-ATP6,TLCD1,MT-ATP8,PLAU,TNFAIP2,CA2,MYBL2,ELF3,PLEC,POLE3,ARMC7,BCAM,CGN,BTG2,THOC6,FANCA,WIPI1,ABLIM3,HDAC11,NIPAL2,BRICD5,ARRDC1,TMEM184A,STRADA,GINS2,ZCCHC8,MFSD1,MT-ND6,MT-ND4,MT-ND5,MT-ND1,GRID2IP,LYZ,MLLT11,SIRT4,EMP2,SUMF1,KPNA2,SLC25A45,SLC16A5,FAM227B,SOCS2,BCL2L15,MDM2,NRARP,OVGP1,SLC25A19,PPP1R15B,BAIAP2,BAIAP3,SLC34A3,ENTPD8,N4BP3,RETREG1,TMEM150A,CRIP2,CAPN8,CCDC159,MR1,ACACB,ABHD12B,APPBP2,PIDD1,TBC1D2,GLDN,SULT2B1,CRACR2B,CHKA,CYP1A1,ZG16B,LSM4,RNF183,PGPEP1,PTPRN2,GNG13,CLIC3,B3GNT3,TOMM40,CA12,KRT13,KRT19,KRT15,TJP3,SPNS2,HSPA2,UPK3A,HSH2D,KRT80,SPG7,MT-CO1,ARPIN,MT-CO2,MT-CO3,EXD3,EPB41L1,RNF224,CENPA,CROCC2,ETNK2,YPEL3,SHC3,MT-CYB,ITGB2,ACP6,ACP2,SNRPD2,BRIP1,MGAT1,IL32,PNPLA2,TTF2,SCNN1A,RARRES1,SYT8,BHLHE40,CUEDC1,MYO15B,OTULINL,EHD1,HNRNPL,GNPTG,SNAI1,C1QTNF8,C1QTNF6,GRAMD2A,TUBB4B,HID1,CCDC12,PLXNB2,WDR4,PIP5KL1,ADAMTS9,THSD4,P2RX4,KRT7,GPR37L1,PANO1,COL18A1,HIP1,RASEF,IDH2,HK2,MT-ND4L,PGAP3,KRTCAP2,CLDN4,ABCA5,WFIKKN1,PIGQ,MYOF,FABP6,FRMD8,MYCBPAP,ARRB1,PARD6B,TP53INP1,ATP9A,SPATA20,SLC12A9,PPP1R36,TSPAN4,IFITM10,TECR,CTSS,CTSD,LYNX1,TMPRSS4,TMPRSS2,CD55,DCLRE1B,RGS3,GEMIN7,SLC1A5,SSTR5,MAPK11,S100P,SERPINE1,SYTL2,PRR11,SKA2,S100A16,S100A13,PRR29,ACD,SIVA1,PRSS22,MRC2,TRIM9,PAXX,MORN3,DGKA,ABHD11,DNMT1,MINDY1,PSAP,PSCA,TRAF4,TNNI2,TPCN1,SMIM5,BICDL2,PPCDC,RAD51C,TFF2,TUBD1,GDF15,GOLT1A,KCTD3,TEDC1,KLF10,ARHGAP10,TOB1,LEKR1,STN1"
"DEG_HVL_CRC29","176","0.59260000000000002","ZNF335","ZNF335","1","5","0.58620000000000005436","0.988999999999999990","1.2960000000000000","ReMap--ChIP-seq","MRPL11"
"DEG_HVL_CRC29","177","0.59599999999999997","IKZF1","IKZF1","232","1452","0.58979999999999999094","0.989999999999999991","0.9855000000000000","ReMap--ChIP-seq","HEMK1,SPINT1,DDIT4,SHMT2,HEXIM1,HEXIM2,BTBD19,FXYD3,SFXN3,KCNC3,SHB,DUSP5,RAPGEF3,CCDC9,SP2,SP6,E2F2,ICAM1,ARL15,SDC4,GIPR,PTMS,PLAU,PLD1,IGF2R,TNFAIP8,TNFAIP2,ETV4,ELF3,POLD4,RALY,CD4,ARMC7,PLK3,CGN,MEX3A,BTG2,CDKN1A,ADAMTSL4,TK2,COPZ2,SLC17A7,CDKN2C,IL10RA,PLP2,MAMSTR,FKBP5,MAP3K14,CEBPB,TULP2,MACC1,SLC35B2,ZNF843,STRIP2,MDC1,HES7,HSPG2,EML2,RBCK1,CFAP99,NAPSA,COL1A1,MLLT11,ELOVL5,SLC29A1,RNASEK,STAT6,STAT2,SLC16A5,LAG3,SOCS2,SOCS3,LRP1,PEX11G,PCBP1,MMD,CAVIN2,AUNIP,ZFHX2,CFAP45,TBC1D2,INAFM1,EHF,ENO2,CREB3L1,MYB,PIH1D1,SULT2B1,WNT10B,PA2G4,SLC6A9,PLCD3,ZFP36,CLIP2,LSM2,NES,RNF24,RNF26,RUSC1,SIAH2,CCDC88B,CLIC4,FAF1,BBS12,FAM20B,CA11,KRT13,STAC3,KRT19,KRT15,ASIC1,ACBD4,DLG4,CXCL8,CXCL2,TMEM107,EGFL8,PRTFDC1,SYNGAP1,CRABP2,EPB41L1,HOXC10,RMI2,SPHK2,CRB2,YPEL3,CORO1C,PBXIP1,HNRNPA1,MYO1F,CDC20,ACTN4,TRIB3,TRIB1,EGR1,LPAR5,THTPA,PDIK1L,VEGFA,SPOCD1,PRR15L,SCNN1A,ADGRG1,GFY,BHLHE40,NYNRIN,CDK5RAP3,ZNF395,PLEK2,HNRNPF,SNAI1,NRSN2,TEAD1,CLCF1,TLE6,AP1G2,PIP5KL1,NEMP1,NCKAP5L,CEACAM19,P2RX4,FTH1,TRPM4,PRX,IZUMO1,TUBB,DCST2,AMN1,KIAA0513,SORBS1,ITPRIP,FAM83E,KLHDC10,CBX5,CLDN4,PIGR,LETM2,COL11A2,PIM1,S100A2,S100A5,S100A4,S100A3,SLC38A2,ARRB1,PPM1N,NTN5,PARD6B,MBOAT1,PAQR7,STX1B,TSPAN1,LRRN2,ID3,ARMC12,TECR,SLC43A3,CD55,NXPH4,SLC1A5,FUT2,RASGRP2,FDPS,NUP62,ZP3,SERPINE1,HOXB9,HOXC8,TNFSF9,ING4,FCRLB,BATF3,IGFBP4,AK1,ITPR3,PSAP,DUSP12,SPAG8,TPCN1,CDT1,TUBG2,TNXB,RASIP1,GDF15,LY6G5C,SELENOM,ARHGAP18,PDZD7,SMAD3,ARHGAP23,CKS1B,ABCC3"
"DEG_HVL_CRC29","178","0.59930000000000005","CDX2","CDX2","231","1452","0.61639999999999994795","1.000000000000000000","0.9805000000000000","ReMap--ChIP-seq","GSTK1,DDIT4,HEXIM1,HEXIM2,FXYD3,SHB,DUSP1,EGLN3,GOLIM4,EFEMP2,SRSF3,NEK8,SP2,BCAS1,C1S,NNAT,E2F2,LGALS4,ARL14,SDC4,PCK1,MT-ATP6,TLCD1,MT-ATP8,PLD1,INAVA,TNFAIP8,MKKS,ETV4,ELF3,SLC3A2,ARMC7,CGN,CDKN1B,THOC6,MAP3K20,MCM7,LBR,MACC1,NIPAL3,SYNPO,TPX2,EDN1,SUSD1,ATP1B1,LPP,IQCN,DEK,MT-ND6,MT-ND4,MT-ND5,MT-ND1,LIPH,EXPH5,FGFBP1,SIRT4,PROCA1,STAT6,TTLL1,HNMT,SLC25A45,ST6GALNAC1,FHL2,NRARP,LRP1,LRR1,PCBP1,FKBP10,CAPN8,CAPN5,TANC1,CHAD,BMP4,SFR1,CDHR2,MVP,VIM,EHF,CREB3L1,SULT2B1,PA2G4,TACR2,HBEGF,GCNT3,PLCD3,ZFP36,TMSB10,ENKUR,DISP2,CLIP2,ANKRD22,LSM4,WBP1,ZNF608,MTUS1,CCDC88B,MYL6B,AMPD3,NAALADL2,B3GNT5,B3GNT3,CA11,KRT13,KRT19,KRT15,SGO2,TMEM139,RELL1,ACBD4,DNAJC12,CXCL2,ALDH2,TMEM107,MT-CO1,MT-CO2,MT-CO3,ATF4,EPB41L1,EPB41L2,FAT1,HOXC10,SPHK2,NEURL1B,INO80B,CORO1C,MT-CYB,ITGB8,ITGB6,SMIM14,PBXIP1,SNRPD3,ACTN4,TRIB1,REG4,CCDC9B,SH3RF2,NRTN,PRR15L,SCNN1A,UBXN10,BHLHE40,MANSC1,PHTF2,SPOCK2,RSPH1,CDK5RAP3,OTULINL,PLEK2,PRELID2,FOSL2,EHD1,HNRNPL,MGLL,NUCB2,TM7SF2,TLE3,RAB34,PKM,FTH1,KRT7,CYP2S1,CITED2,HNRNPH3,NT5C,AMN1,KIAA0513,HOXA11,ANXA11,FAM83E,SAE1,WEE1,MT-ND4L,CLDN4,FERMT1,GPR19,PIGR,MYOF,MRPL48,FLNB,FABP5,S100A2,FRMD8,S100A5,S100A4,S100A3,TRABD2A,ARRB1,BARX2,PARD6B,ATP9A,CYB5B,ID3,TMPRSS4,TMPRSS2,STAMBPL1,DCLRE1B,JADE1,AURKB,UQCRHL,HOXA1,SYTL2,HOXB9,TEP1,S100A16,S100A13,HOXC8,SSPN,PRSS22,SERPINB1,ANXA3,CCL20,PRSS33,BLCAP,ABHD11,PSAP,SLC37A1,METTL27,SEMA3C,TPCN1,TNS4,SLC6A20,KLLN,BICDL2,CEACAM6,TFF2,GDF15,PRAG1,SMAD3,CKS1B,TOB1,LEKR1"
"DEG_HVL_CRC29","179","0.60270000000000001","ZEB2","ZEB2","230","1446","0.61750000000000004885","1.000000000000000000","0.9802000000000000","ReMap--ChIP-seq","DHDH,SPINT1,DDIT4,HEXIM1,HEXIM2,BTBD19,KCNC3,DUSP5,DUSP1,RAPGEF3,CCDC9,MAP3K5,NEK8,SDF2L1,SP2,SP6,CERS4,TSPOAP1,ICAM1,ARL15,SDC4,SYNGR2,NEU1,NDUFAF3,TLCD2,TLCD1,ORMDL3,RAD1,PLD1,NUP153,IGF2R,CA8,SLC3A2,POLD1,CD7,DQX1,ZSCAN31,ARMC7,PLK3,BTG2,CDKN1A,ADAMTSL4,TK2,PLIN2,MAMSTR,THOC6,FKBP5,FANCC,TULP2,ZNF747,MACC1,SLC35B2,TANGO2,SLC22A4,TRANK1,TPX2,VWA7,KISS1R,SUSD1,DOCK11,FPGS,ISYNA1,CDH24,IQCN,RBMX,MDC1,HES7,STARD9,RBP5,RBCK1,CFAP99,C3,NAPSA,MLLT11,GRIN3B,ELOVL5,SLC29A1,LYRM4,SLC25A45,SLC16A5,SOCS3,ST6GALNAC1,SH2D3C,PPP1R15B,SLC25A23,PPP1R14C,RCC1,PCBP1,CAVIN2,CDHR2,EPS8L1,NAA15,VIM,TYRO3,PA2G4,SLC2A12,RNF168,ZNFX1,PLCD3,ZFP36,CLIP2,GPR108,LSM4,LSM2,PGPEP1,MYL6B,BBS12,FAM20B,SGK3,SLC20A1,CA12,CA11,KRT19,KRT15,TRIP10,NRM,RELL2,ACBD4,TMEM107,EGFL8,SYNGAP1,ACHE,RMI2,SPHK2,CENPA,ZNF467,FTL,BRIX1,PBXIP1,HNRNPA1,HNRNPA3,MYO1F,CRKL,ACTN4,TRIB3,TRIB1,SLC45A4,DHRS13,ACY1,PDIK1L,MGAT1,VEGFA,ADGRG1,GFY,GGN,BHLHE40,TAPBP,HNRNPF,SNAI1,ATG2B,NRSN2,KAT2B,TLE2,RAB34,SNRPA,CCDC12,PIP5KL1,CHPF2,PPIL1,P2RX6,FTH1,SPTBN4,TRPM4,PRX,IZUMO1,TUBB,AMN1,KIAA0513,LMLN,PTGES2,KBTBD8,FAM83E,KLHDC10,CBX5,SPRED3,DDX39A,ABCA7,TMC8,MRPL48,TMC6,FLNB,PIM1,FRMD8,B3GALT4,PPM1N,NTN5,PARD6B,MBOAT1,IFI35,SLC12A6,ST6GAL1,RSAD2,ID3,TECR,SLC43A3,SCN9A,SLC1A5,ISOC1,PHF19,ZP3,AURKB,NUP43,GALNT5,S100P,SERPINE1,HOXB9,MTHFR,SERPINB1,ANXA4,CLSTN3,ABHD11,MINDY1,DALRD3,TRAF4,CFLAR,TNS4,KLK1,CDT1,TUBG1,TNXB,RASIP1,GDF15,LY6G5C,SSC4D,ARHGAP18,SMAD3,CKS1B,LEKR1,ZNF184,BAX"
"DEG_HVL_CRC29","180","0.60609999999999997","POU4F2","POU4F2","230","1449","0.63009999999999999343","1.000000000000000000","0.9778000000000000","ReMap--ChIP-seq","MTHFD2,DDIT4,ORAI2,HEXIM1,HEXIM2,BTBD19,PRPF38A,PBX3,PBX1,PAFAH1B3,CCDC9,NEK2,VMAC,NEK8,NOXA1,KCNK6,TRIM46,E2F8,TRIM28,GIPR,MT-ATP6,COX8A,CACYBP,TLCD1,PCNA,MT-ATP8,RAD1,FGF11,PLK4,PLK3,MEX3D,CDKN1B,COPZ2,GAS1,SLC17A7,PHF5A,TMEM229B,TMEM179B,THOC1,TOM1L2,ZNF790,ORC1,FANCG,DRC3,MCM7,DNAJC9,ZNF747,IFIT1,BRICD5,TIAM1,TYMS,CHRAC1,EMC9,CERCAM,COLGALT2,STPG4,MUC1,MT-ND6,MT-ND4,MT-ND5,LIPA,MT-ND1,GRIN3B,LRSAM1,TUBA1C,TUBA1A,FGFBP3,TTLL3,SLC25A42,ACAT2,BCL2L12,ST6GALNAC1,NXT1,DTL,SLC25A21,LRR1,ENTPD8,PEX11B,INTS7,HYAL1,HOMEZ,KLHL24,MEA1,MVP,MARVELD1,INAFM1,TAF5,WSB1,NHLRC3,PIH1D1,NR2C2AP,PA2G4,CHN1,PLCD3,ZNF571,ZFP36,TMSB10,PGPEP1,WBP1,RHEBL1,ZNF608,JMJD6,CLIC4,MYL6B,TNFAIP8L1,MAP4K1,CA11,TJP3,TMEM143,TMEM145,PTTG1,SPNS3,RELL1,ATP6V1A,ACBD4,PTCH2,DLG4,TSEN15,TMEM107,PDE6D,MT-CO1,MT-CO2,MT-CO3,ATF4,EXD3,CDCA8,BHLHE41,SPHK2,CENPP,ZNF446,NUDT15,INO80B,SHC2,CORO1C,BRIX1,FUZ,MT-CYB,MMS22L,TSPAN31,HNRNPA1,HNRNPA3,REC8,CRKL,SNRPD2,CCDC78,ACTN4,GREB1,NAPB,CAPS,TBC1D31,GGH,UBE2T,TMEM223,CUEDC1,GNG3,EPOR,RSPH1,CDK5RAP3,MCMBP,AIFM3,KAT2B,TCP1,GRN,NSD2,ZNF345,DHRS2,TM7SF2,TLE3,SUPT16H,ILF2,RAB34,SNRPF,SNRPA,WDR4,CATSPERG,POLR3G,MAGOH,TOP2A,CHMP1B,CBX5,CBX1,THBS3,MT-ND4L,KRTCAP2,RFX5,AGAP2,GPR19,ROM1,ZBTB26,SAP30,TRABD2A,ARRB1,ARRB2,PPM1N,CXXC4,BEND3,CTNS,IFI35,SLC12A6,TMPO,TSPAN3,SEC31B,KIF11,KIF22,PRKN,KHSRP,HNRNPUL2,MASTL,AURKB,ASF1B,SKA3,S100A13,SSPN,HBP1,TRIM9,ATP8A1,MOB3B,PSAP,SLC37A1,CDK2,METTL17,TMTC2,GDF15,KCTD3,CASKIN1,MAVS,MADCAM1,TOB1,STN1,ZNF184"
"DEG_HVL_CRC29","181","0.60940000000000005","IRF4","IRF4","230","1452","0.64259999999999994902","1.000000000000000000","0.9754000000000000","ReMap--ChIP-seq","MTHFD2,SCO2,DDIT4,ORAI2,HEXIM1,HEXIM2,BTBD19,NCAPH2,KCNC3,CASP10,DUSP5,PTAFR,MBD2,TARBP1,CCDC9,LY75,EFEMP2,MAP3K5,SRSF3,NEK8,E2F2,TSPOAP1,ICAM1,LGALS1,GIPR,SYNGR2,TNFSF13,MT-ATP6,RAC2,CACYBP,TLCD1,PTMA,ORMDL3,MT-ATP8,PLAU,INAVA,IGF2R,LMNB2,LMNB1,SLC3A2,POLD4,POLE3,VPS18,ST3GAL6,PLK3,BTG2,CDKN1A,CDKN1B,ADAMTSL4,TK1,IL10RA,TMEM179B,HMMR,MCM7,WIPI1,MCM5,MACC1,WDR97,SLC35B2,IFIT3,TYMP,SUSD6,ATP1B1,BLNK,IQCN,PDXP,MT-ND6,MT-ND4,MT-ND5,MT-ND1,HES7,EML2,NAPSA,PROCA1,STAT4,BCL2L12,SOCS3,PIK3CD,SH2D3A,SH2D3C,SLC25A19,RCC1,HASPIN,PIK3R1,PCBP1,TNFRSF13C,CCDC117,CCND2,CFAP45,CCDC194,MVP,PROB1,VIM,TLNRD1,ENO2,ZFP36,TMSB10,ILDR1,GPR108,LSM4,GLRX,JMJD6,AMPD3,CXCR4,DCPS,CA11,TRIP10,TMEM143,TMEM134,RELL2,AKNA,DLG4,TMEM107,PDE4A,TMEM109,HSH2D,MT-CO1,MT-CO2,MT-CO3,SKAP1,ATF4,CDCA5,RMI2,SPHK2,CENPM,FTL,CD274,MT-CYB,PBXIP1,DEPP1,CCDC102A,SNRPD2,EGR3,GREB1,DHRS13,NUDCD2,MGAT1,NUDT8,HNRNPA2B1,TBC1D31,SYCE2,SHARPIN,ADGRG5,TMEM230,BHLHE40,NABP1,TCF3,MXD3,TMEM223,RSPH1,HMOX1,PRELID1,SNAI3,EHD1,HNRNPL,CSAD,C1QTNF6,KAT2B,ZEB1,GRN,CLCF1,CEP128,TM7SF2,RAB34,CCDC32,PIP5KL1,RFC2,PKM,NEMP1,DENND3,HAUS8,NECTIN4,GFI1,IZUMO4,DCST2,COTL1,FAM83E,CBX3,SAE1,FAM167A,WEE1,MT-ND4L,TTYH2,TAPBPL,ABCA7,GPR19,TMC8,TMC6,FABP5,PIM1,FRMD8,TRABD2A,SLC38A2,PPM1N,RASSF4,TMPO,ID3,CCR9,CD44,CD74,CD70,STK17B,GEMIN7,SLC1A4,NDUFV2,PHF19,NUP62,AURKB,BACH2,TNFSF9,FCRLB,FMOD,DNMT1,SLC37A1,RNPEPL1,DUSP12,TRAF1,TRAF4,CFLAR,TPCN1,SLC6A16,SP110,INPP4A,INPP5D,BCL11A,PPCDC,SMAD3,ARHGAP30,CKS1B,BAX"
"DEG_HVL_CRC29","182","0.61280000000000001","NCOA1","NCOA1","229","1446","0.64359999999999994991","1.000000000000000000","0.9752000000000000","ReMap--ChIP-seq","DDIT4,ORAI2,HEXIM1,HEXIM2,FXYD3,EGLN3,CCDC9,SRSF3,ZKSCAN1,NEK8,SDF2L1,KCNK6,BCAS1,TRIM46,TSPOAP1,TRIM37,LGALS4,LGALS1,TRIM28,GIPR,MT-ATP6,COX8A,TLCD1,MT-ATP8,TMOD1,TNFAIP2,ELF3,SLC3A2,TTC16,ZSCAN31,ARMC7,DEPDC1B,HOMER2,BTG2,SLC17A7,TMEM179B,FANCA,FANCC,MCM7,WIPI1,APOC1,HDAC11,TMEM184A,STX16-NPEPL1,ZCCHC8,ISYNA1,STPG3,IQCN,MUC1,MT-ND6,MT-ND4,MT-ND5,MT-ND1,EML2,RBCK1,C3,NAPSA,MLLT11,LRSAM1,ELOVL5,SIRT4,SLC29A1,PROCA1,SLC25A42,KPNA2,SLC25A45,SLC16A5,FAM227B,SOCS2,BCL2L15,MDM2,NXT1,NRARP,SLC25A19,DTL,HSD17B14,RCC1,GCDH,N4BP3,INTS7,FKBP10,BANF1,CCDC159,APPBP2,TBC1D2,INAFM1,VIM,MYB,PIH1D1,SULT2B1,TMEM198,SLC6A9,PLCD3,CHPF,YEATS4,ZFP36,CLIP2,GPR108,LSM4,NES,PGPEP1,MYL6B,FAM20B,CA11,KRT13,KRT19,KRT15,TRIP10,TJP3,ACBD4,PDE4A,HSH2D,EGFL8,KRT80,ATF1,MT-CO1,SYNGAP1,MT-CO2,MT-CO3,ATF4,EPB41L1,ACHE,HOXC10,RMI1,SPHK2,YPEL3,FTL,MT-CYB,TSPAN31,HNRNPA1,CRKL,ACTN4,TRIB3,BRIP1,TBC1D13,GFY,TMEM231,HOOK2,UBE2T,BHLHE40,TMEM223,MYO15B,EHD1,HNRNPL,HNRNPF,SNAI1,C1QTNF6,KAT2B,NRBP2,RAB34,PLXNB1,PIP5KL1,ADAMTS9,CATSPERG,MTFR2,NEMP1,THSD4,P2RX6,FTH1,GPR37L1,SPTBN4,TRPM4,COL18A1,HIP1,PRX,ZER1,CBFA2T3,DCST2,AMN1,LIMA1,PTGES3,COTL1,FAM83E,KLHDC10,CBX5,SAE1,THBS3,MT-ND4L,KRTCAP2,CLDN4,AGAP2,ABCA7,FRMD8,ARRB1,ZBTB46,PPM1N,PARD6B,ATP9A,CYB5B,SLC12A9,TMPO,CTSS,CD55,DCLRE1B,SLC1A5,PHF19,SERPINE1,DAPK1,SYTL2,PRR11,SKA2,TRIP6,HBP1,PRSS22,TIGD3,SERPINB1,PUS10,DGKA,ABHD11,MINDY1,AK1,PSAP,PSCA,DUSP12,TRAF4,METTL27,SEMA3C,SMIM5,DAZAP1,RAD51C,TUBD1,GDF15,KNTC1,SMAD3,CKS1B,B4GALT7,PRRG2,LEKR1,BAX"
"DEG_HVL_CRC29","183","0.61619999999999997","MEIS2","MEIS2","228","1440","0.64470000000000005080","1.000000000000000000","0.9749000000000000","ReMap--ChIP-seq","MTHFD2,DDIT4,HEXIM1,HEXIM2,BTBD19,SFXN2,KCNC3,NCAPG2,SHB,DUSP5,DUSP1,CCDC9,GOLIM4,PKMYT1,SDF2L1,KCNK6,BCAS1,MTFR1L,TNFSF10,ARL15,SDC4,NEU1,PCK1,CPLANE2,FBXL5,CACYBP,PCNA,PLD1,TBX19,NAMPT,DNAAF1,ARMC7,PLK3,BTG2,KIFC1,GART,CDKN2C,PLP2,INSIG1,FGGY,MAP3K14,MCM7,PHACTR4,WIPI1,DNAJC1,TULP2,ZNF747,MACC1,NIPAL3,ZNF843,BRICD5,TANGO2,NEIL3,SLC22A4,TRANK1,AMIGO2,KISS1R,SUSD1,GRHL3,COLGALT2,IQCN,BUB3,SLC4A8,MDC1,STARD9,RBCK1,CFAP99,NAPSA,SIRT4,F8,SLC29A1,UCP2,LYRM9,ETFBKMT,SLC25A45,SLC16A5,PFKFB3,ST6GALNAC1,HSD17B14,PPP1R14C,PC,LRR1,PEX11G,ZNF703,AATF,MRPS6,CAVIN2,MAD2L2,NDRG4,HS3ST3B1,CCNA2,TBC1D2,EPS8L1,VIM,TAF3,EHF,ENO1,MYB,TMEM198,SLC6A9,ZCWPW1,SLC2A12,RNF168,ASAH1,PLCD3,CHPF,NAGLU,RNF170,LSM5,LSM3,LSM2,PGPEP1,PTBP3,SMARCD3,RNF24,TSHZ1,SIAH2,NMU,FAF1,AMPD3,BBS12,FAM20B,SLC20A1,CA12,ACBD4,TSEN15,TMEM107,PDE4A,CTPS1,PRTFDC1,SPG7,MNX1,SKAP1,LIN54,ARHGAP4,ZSWIM8,CORO1C,DEPP1,HNRNPA1,HNRNPA3,PINK1,ACTN4,TRIB3,DHRS13,PDIK1L,HSD17B1,MGAT1,KIAA1958,TBC1D31,ADGRG1,RHPN1,TMEM230,UBXN10,BHLHE40,FNDC3B,PRELID2,TCN2,NRSN2,ZNF280B,TEAD1,KAT2B,NSD2,CCDC12,PIP5KL1,CHPF2,PKM,NEMP1,FRRS1,CYP3A5,PPIL1,FTH1,ATP6V0E1,RALGDS,HIP1,CHMP1B,TUBB,PSMC3IP,AMN1,KIAA0513,KBTBD8,MYCL,CBX5,POU2F1,NCAPH,ROM1,PIM1,FRMD8,FUNDC2,PARD6B,CYB5B,DOP1A,ST6GAL1,TSPAN3,LRRN2,TECR,KIF22,EXOSC9,CD70,STK17B,SCN9A,SLC1A5,ISOC1,NDUFV2,ZP3,GALNT5,UQCRHL,RAN,STMN1,DAPK1,HOXB9,HOXC8,MTHFR,FCRLB,SERPINB1,PSAP,DUSP12,LAGE3,TPCN1,CCT6B,CDT1,TUBG1,GDF15,ARHGAP18,SMAD3,KLF10,LEKR1,ZNF184,BAX"
"DEG_HVL_CRC29","184","0.61950000000000005","SOX13","SOX13","229","1450","0.66000000000000003109","1.000000000000000000","0.9720000000000000","ReMap--ChIP-seq","HEMK1,DHDH,DDIT4,HEXIM2,JAG1,DUSP1,DUSP9,TOMM40L,LGR5,CYSRT1,MAP3K8,NEK2,VMAC,SRSF3,AMDHD2,ZKSCAN1,NEK8,TRIM66,MT2A,SDC4,NEU1,APOE,PCK1,TNFSF13,NDUFAF3,PTMS,ZHX2,TLCD1,NOXO1,ORMDL3,PLD1,ZIC2,SYNGR3,ETV4,ACOX1,SHANK2,SLC3A2,CD4,CD7,ARMC7,MEX3D,MEX3A,CDKN1A,ASGR1,PLIN2,SLC17A9,COL27A1,INSIG2,ORC3,AKIRIN1,BCL6,MCM7,WIPI1,MCM5,CEBPB,APOC1,SLC35B2,TPX2,TYMP,KISS1R,ATP1B1,STPG3,IQCN,MDC1,HES7,RBCK1,C3,LYZ,ELOVL5,SIRT4,F2,PROCA1,HLA-DMA,STAT6,HNMT,SLC25A45,SLC16A5,LAG3,FOXP1,SOCS3,BCL2L11,LRP1,PC,CCNL2,SLC34A3,PCBP1,HYAL1,MMD,CCDC117,CAVIN2,FOXA2,HOMEZ,ZFHX2,ABHD12B,HS3ST3B1,CCDC183,ENO1,GSDMB,CHKA,PA2G4,VSIG10L,IMPA2,YEATS4,NAGLU,GPR108,LSM2,NES,WBP1,ARL6IP1,SOX9,MTUS1,JMJD6,CARHSP1,SIAH2,TOMM40,TRIP10,NRM,ALDH3A2,TMEM123,ACSF2,DLG4,KYNU,TMEM107,UPK3A,TRNP1,HSPE1,RNF224,FAT1,TCP11L2,RMI2,SLC7A5,FTL,DLX2,DEPP1,SNRPD3,TRIB3,GREB1,OSGIN1,ACY1,THTPA,CAPS,BHLHE40,MANSC1,SPOCK2,EPOP,FNDC3B,SEH1L,HMOX1,RMDN2,EHD1,HNRNPF,NRSN2,GPT,C1QTNF8,ZNF367,TUBB4B,DHRS2,SMOC1,NUCB2,TM7SF2,FCGRT,MPC1,TLE3,RAB34,SLC26A1,TCIRG1,AP1G2,HAUS4,PKM,NEMP1,FTH1,HAL,CITED2,TUBB,AMN1,SLC22A31,CBX2,HK2,LIMK2,PGAP3,LRRC45,IDUA,FLNB,PIM1,FRMD8,SLC38A2,MLXIPL,ZNF512B,ATP9A,RASSF4,TSPAN8,ID3,TECR,KIF12,TMPRSS4,MAT1A,PHF13,SSTR5,AURKB,UQCRHL,S100P,SERPINE1,SERPINF2,CHST13,TNFSF4,SERPINB1,RHBG,CCL20,NDE1,NOTUM,GPT2,IGFBP3,DGKQ,PSD4,DALRD3,TRAF4,SEMA3B,CFLAR,PJVK,SMIM1,INPP5D,CCT6A,IL17RB,GDF15,TEDC1,ARHGAP18,SMAD3,TOB1,BAX"
"DEG_HVL_CRC29","185","0.62290000000000001","ARID3A","ARID3A","229","1451","0.66410000000000002363","1.000000000000000000","0.9712000000000000","ReMap--ChIP-seq","SCO2,DDIT4,ORAI3,HEXIM1,HEXIM2,BTBD19,KCNC3,DUSP1,TOMM40L,PAFAH1B3,CCDC9,FADS2,EFEMP2,CYSRT1,PKMYT1,ZKSCAN1,NEK8,SDF2L1,E2F2,TSPOAP1,CCP110,ICAM1,TRIM28,SDC4,GIPR,NEU1,PCK1,PCK2,CACYBP,TLCD1,PTMA,NOXO1,ORMDL3,TGM1,PLD1,IGF2R,LMNB2,LMNB1,MKKS,SYNGR3,ACOX1,SLC3A2,POLD4,CD7,DQX1,ZSCAN31,ARMC7,PLK3,BTG2,CDKN1B,SLC17A9,THOC6,BCL6,MAP3K14,MCM7,CEBPB,SLC35B2,TPX2,VWA7,TYMP,KISS1R,EMC9,ALOX12,IQCN,MDC1,HES7,RBCK1,C3,ELOVL5,SLC29A1,RNASEK,PROCA1,HLA-DMA,SLC25A45,SLC16A5,BCL2L12,SH2D3A,SLC25A19,LRR1,TONSL,PCBP1,TNFRSF13C,HYAL1,DOT1L,ALDH4A1,GLB1L,HOMEZ,BCL7C,MVP,INAFM1,ENO1,PA2G4,TMEM198,PFAS,ZCWPW1,PLCD3,CHPF,ZFP36,NAGLU,GPR108,LSM4,LSM2,PGPEP1,ZNF513,WBP1,MROH8,JMJD6,CARHSP1,SIAH2,MYL6B,AMPD3,FAM20B,CA11,TRIP10,NRM,ACBD4,NFKBIA,DLG4,TMEM107,UPK3A,TRNP1,EGFL8,SPG7,ATF4,RNF215,RMI2,SPHK2,NUDT22,CENPM,CENPN,YPEL3,FTL,INO80B,SMIM14,PBXIP1,DEPP1,HNRNPA1,REC8,SNRPD2,ACTN4,TRIB3,TRIB1,DHRS13,HSD17B1,REM2,NUDT8,PRR15L,BHLHE40,TCF3,TAPBP,ANAPC11,HMOX1,NFATC3,EHD1,HNRNPL,HNRNPF,NRSN2,ZNF367,ADM5,CLCF1,RAB3A,TM7SF2,TLE3,RAB34,CCDC12,CNIH2,AP1G2,PKM,FTH1,CITED2,PSD,TUBB,DCST2,PSMC3IP,AMN1,COTL1,FAM83E,KLHDC10,CBX5,POU2F1,TRPT1,RHBDL1,ABCA7,FERMT3,LETM2,TMC8,TMC6,TMC4,PIM1,FRMD8,LRRC56,SLC38A2,B3GALT4,ZNF512B,PPM1N,PARD6B,TP53INP2,IFI35,TMPO,ID3,TECR,NDUFV2,PHF13,AURKB,UQCRHL,SERPINE1,SERPINB1,NDE1,FMO5,TM9SF1,NOTUM,DGKA,ADAM9,DNMT1,TRAF4,CFLAR,TPCN1,INPP5D,CDT1,FEN1,BICDL2,GDF15,LY6G5C,ARHGAP18,SMAD3,ALYREF,CKS1B,OPRL1,BAX"
"DEG_HVL_CRC29","186","0.62629999999999997","SRF","SRF","228","1450","0.68510000000000004228","1.000000000000000000","0.9669000000000000","ReMap--ChIP-seq","ORAI3,HEXIM1,HEXIM2,BTBD19,DUSP5,DUSP1,CCDC9,AGRN,EFEMP2,CYSRT1,PKMYT1,NEK8,SDF2L1,NOXA1,VPS9D1,LENG9,LENG8,TRIM46,TSPOAP1,ICAM1,TRIM28,RRAS,TNFSF13,CPLANE2,NDUFAF3,PTMS,MT-ATP6,TLCD2,TLCD1,PCNA,NOXO1,MT-ATP8,LMNB2,CA9,SUN2,SYNGR3,PLEC,SLC3A2,POLD1,RALY,PLK3,PHF5A,TMEM179B,TPM2,THOC6,MAP3K14,MCM7,ZNF747,WDR97,SLC35B2,BRICD5,TMEM184A,PARP2,VWA7,KISS1R,EMC9,STPG3,IQCN,MUC1,HES4,MT-ND6,MDC1,MT-ND4,MT-ND5,MT-ND1,HES7,NAPSA,GRIN3B,SIRT4,RNASEK,PROCA1,RECQL4,CARNS1,LAG3,FSCN2,BCL2L12,NXT1,SLC25A19,CCNL2,SLC34A3,PCBP1,HYAL1,DOT1L,CRIP2,GLB1L,HOMEZ,ARHGEF39,PIDD1,MVP,INAFM1,ENO2,NR2C2AP,PA2G4,PFAS,ZNFX1,NMNAT1,PLCD3,ZFP36,GPR108,LSM5,LSM2,NES,SNRPA1,WBP1,JMJD6,TSHZ1,MYL6B,AMPD3,CA11,TRIP10,NRM,TMEM134,ACBD4,DLG4,TMEM107,PDE4A,RNF207,EGFL8,MT-CO1,SYNGAP1,MT-CO2,MT-CO3,ATF4,EXD3,CRABP2,CDCA5,RNF224,LIN54,ARHGAP4,SPHK2,MED22,NUDT22,YPEL3,ZNF446,CDC25C,INO80B,CORO1B,MT-CYB,ISY1,ACP2,BECN1,PBXIP1,DEPP1,REC8,CCDC78,ACTN4,EGR1,EGR3,REM2,PNPLA2,SCNN1A,SHARPIN,TMEM230,TMEM231,UBE2T,BHLHE40,MANSC1,TMEM223,TAPBP,EHD1,HNRNPL,HNRNPF,GPT,GRN,TUBB4B,ADM5,TM7SF2,TLE3,RAB34,CCDC12,HAUS5,POLR1E,KAT8,TRPM4,PANO1,PRX,PSD,TUBB,DCST2,FAM83E,CBX2,SAE1,YBX2,TRPT1,THBS3,MT-ND4L,KRTCAP2,ZNF276,ABCB6,RHBDL1,ABCA7,ROM1,CKS2,ZBTB26,TACSTD2,SLC38A2,B3GALT4,PPM1N,SURF1,ID3,KIF22,KIF2C,EXOSC4,CD72,DCLRE1B,OSCAR,DOK3,GEMIN7,ISG15,PHF13,AURKB,MTHFR,BATF2,TM9SF1,DALRD3,TRAF4,SEMA3B,TPCN1,IMPDH2,BICDL2,DNASE1L1,LY6G5C,TEDC1,CASKIN1,SMAD3,MAN2B1,CKS1B,MADCAM1"
"DEG_HVL_CRC29","187","0.62960000000000005","SOX6","SOX6","226","1440","0.69510000000000005116","1.000000000000000000","0.9648000000000000","ReMap--ChIP-seq","DHDH,SPINT1,DDIT4,TEX22,HEXIM1,HEXIM2,BTBD19,KCNC3,RAPGEF3,CCDC9,AGRN,EFEMP2,CYSRT1,MAP3K8,NEK8,SDF2L1,E2F1,E2F2,TSPOAP1,ARL15,NEU1,DMBX1,TLCD2,TLCD1,NOXO1,PLAU,PLD1,IGF2R,TNFAIP2,LYL1,SYNGR3,SLC3A2,ZSCAN31,ARMC7,PLK3,BTG2,ADAMTSL4,KIFC1,CDKN2C,THOC6,INSIG1,MCM7,CEBPB,TULP2,ZNF747,APOC1,BCOR,SLC35B2,TRANK1,STRIP2,ZNF823,TPX2,VWA7,KISS1R,FPGS,STPG3,IQCN,HES4,RBMX,MDC1,HES7,STARD9,RBCK1,NAPSA,MLLT11,SUMF1,SLC29A1,PROCA1,STAT6,ETFBKMT,SLC25A45,SLC16A5,SOCS2,ST6GALNAC1,NXT1,DTL,PPP1R15B,LRP1,RCC1,CCNL2,SLC34A3,PEX11G,GCDH,PCBP1,INTS7,CAVIN2,MAD2L2,HOMEZ,HS3ST3B1,PSRC1,INAFM1,VIM,EHF,TLNRD1,ENO1,MYB,PA2G4,SLC6A9,VSIG10L,SLC2A12,RNF168,ASAH1,PLCD3,ZFP36,NAGLU,LSM4,LSM2,DNMT3B,PGPEP1,RNF24,RNF26,NECAB3,SIAH2,NMU,CLIC4,FAF1,MYL6B,AMPD3,FAM20B,CA11,ACBD4,TMEM107,ATF4,RNF224,ZNF491,RMI2,RMI1,SPHK2,YPEL3,ZNF441,FTL,CORO1C,DEPP1,HNRNPA1,HNRNPA3,TRIB3,EGR1,DHRS13,PDIK1L,MGAT1,VEGFA,NUDT8,SYCE2,HOOK2,BHLHE40,TAPBP,FNDC3B,ANAPC11,EHD1,HNRNPL,HNRNPF,NRSN2,ZNF280B,KAT2B,TUBB4B,TM7SF2,HMGN2,RAB34,PIP5KL1,CHPF2,HAUS4,PKM,NEMP1,P2RX4,FTH1,SPTBN4,TRPM4,PRX,PSD,IZUMO1,TUBB,ITFG1,AMN1,KIAA0513,FAM83E,CBX5,DDX39A,RHBDL1,ABCA7,LYPLA2,TMC8,TMC6,PIM1,FRMD8,SQSTM1,SLC38A2,PARD6B,MBOAT1,IFI35,TMPO,ST6GAL1,RSAD2,ID3,TECR,CD55,ISG15,ZP3,AURKB,GALNT5,UQCRHL,S100P,HOXB9,ASF1B,MTHFR,FCRLB,ANXA4,ZNF117,TUBB6,TEX9,MINDY1,DUSP12,TRAF4,CFLAR,TPCN1,MGAT4B,CDT1,PPCDC,RASIP1,GDF15,LY6G5C,PHOSPHO2,SMAD3,ALYREF,CKS1B,LEKR1,BAX"
"DEG_HVL_CRC29","188","0.63300000000000001","AR","AR","227","1449","0.70550000000000001599","1.000000000000000000","0.9627000000000000","ReMap--ChIP-seq","GSTK1,DDIT4,HEXIM1,HEXIM2,ATAD2,MBD2,CYSRT1,KMT5A,NEK8,SP2,SP6,BCAS1,SLC36A4,MT2A,TNFSF10,SDC4,SYNGR2,PTK6,MT-ATP6,TLCD1,PEX10,MT-ATP8,TGM4,TNFAIP8,ELF3,PLEC,ARMC7,KNSTRN,GANC,CGN,BTG2,CDKN1A,ADAMTSL4,TK1,SLC17A9,TMEM229B,CSGALNACT1,FKBP5,BCL6,MCM7,LBR,WIPI1,SAPCD2,NOD1,ABLIM3,HELZ2,EDN1,VWA2,FAM47E,OPLAH,STPG3,ALDH1A3,MT-ND6,MT-ND4,MT-ND5,MT-ND1,SAMD12,LXN,CFAP69,EXPH5,RIPK4,CASTOR1,HR,SLC25A45,SLC16A5,ST6GALNAC1,SH2D4A,NRARP,PPP1R15B,SLC25A29,BAIAP2,PC,SPON2,ZDHHC1,BCAP29,SLC34A3,MICAL1,CRIP2,NPNT,NDRG1,IL17REL,PIDD1,HMGCR,EHF,CREB3L1,SULT2B1,CRACR2B,CHKA,TACR2,ASAH1,PLCD3,ZFP36,DISP2,ANKRD29,SNRPB2,MTUS1,NECAB3,CLIC3,AMPD3,KRT19,KRT15,ALDH3A2,TMEM123,ACBD4,EPHX2,NFKBIA,TMEM107,TMEM109,MT-CO1,MT-CO2,MT-CO3,EPB41L1,RNF215,RNF224,FAT1,HOXC10,ATL1,ODC1,NUDT22,ETNK2,CENPN,MT-CYB,SNRPD3,CCDC78,TRIB3,TRIB1,CCDC9B,GAA,PDIK1L,VEGFA,PNPLA2,CRTC1,PRR15L,SCNN1A,BHLHE40,DEGS2,PHTF2,DNAH5,SPOCK2,RSPH1,CDK5RAP3,OTULINL,HNRNPL,ADI1,FNDC11,NRSN2,CSAD,GRAMD2B,KAT2B,TUBB4B,HID1,TM7SF2,TLE3,RAB34,CCDC40,THSD4,KRT7,PANO1,CITED2,DCST2,NT5C,CBR3,ITPRIP,RASEF,HOXA11,TRPT1,MT-ND4L,FIGNL1,RHBDL1,WFIKKN1,TMC8,TMC6,FLNB,SLC38A1,FRMD8,SLC38A2,GGCT,ARRB1,BIRC5,TP53INP1,CYB5B,MBOAT1,ANKH,TSPAN4,PAG1,ARMC12,LMCD1,SLC43A1,TMPRSS2,EXOSC4,CD55,SPATA6L,PHF19,MAPK10,S100P,HOXC8,CSRP2,PAXX,TIGD3,IVD,ABHD11,GPT2,MOB3B,ADAM9,ITPR3,SLC37A1,PSCA,TRAF1,TRAF4,METTL27,APP,CHAC1,KLK1,TMTC2,LCN12,DAZAP1,HILPDA,TFF2,RHOU,GDF15,STEAP4,PRAG1,GALNT18,KCTD3,TEDC1,CKS1B,TFPI"
"DEG_HVL_CRC29","189","0.63639999999999997","NR2C2","NR2C2","227","1451","0.71309999999999995612","1.000000000000000000","0.9611000000000000","ReMap--ChIP-seq","NUP107,DHDH,SCO2,DDIT4,ORAI3,SLBP,HEXIM1,NCAPH2,SLF1,EFEMP2,CYSRT1,NEK2,KMT5A,AMDHD2,NEK9,SP2,SP6,KCNK6,TSPOAP1,ICAM1,TRIM28,RRAS,APOE,MT-ATP6,COX8A,PCNA,NOXO1,MT-ATP8,TACC3,COX17,LPXN,SYNGR3,POLD1,DQX1,AP5Z1,PHF5A,TMEM179B,FANCG,TPP1,DNAJC9,TULP2,ZNF747,WDR97,APOC1,BRICD5,ARRDC1,TYMP,SUSD6,IQCK,RBKS,MUC1,FAM120C,BUB3,MT-ND6,MT-ND4,MT-ND5,MT-ND1,LACTB,RBCK1,PARPBP,C3,NAPSA,GRIN3B,HLA-DMA,STAT2,TTLL1,BCL2L12,DUT,CCNL2,SLC34A3,MXRA8,PEX11B,PCBP1,NPM2,BANF1,CCDC146,BCL7C,LAMB2,PIH1D2,PA2G4,NAGLU,GPR108,LSM7,SNRPA1,ZNF513,WBP1,ARL6IP1,ARL6IP6,JMJD6,KNOP1,CREBRF,MYL6B,TOMM40,CA11,TRIP10,TRIP13,TMEM134,ATP6V1A,TBCD,DLG4,POLL,EGFL8,SPG7,HSPE1,MT-CO1,MT-CO2,MT-CO3,CDCA5,RNF224,SPHK2,MED22,CENPA,ZSWIM8,SAMD1,NUDT22,YPEL3,ZNF446,FTL,INO80B,MT-CYB,PBXIP1,CDC45,HNRNPA1,NUDT6,TRIB3,ACY1,HSD17B6,HSD17B1,TBC1D31,SCNN1D,PPIH,SYCE2,SHARPIN,TMEM230,TMEM234,UBE2T,TMEM223,TAPBP,TTI1,EPOR,CDK5RAP2,ANAPC11,HNRNPF,NRSN2,CSAD,ADM5,TM7SF2,TLE6,SNRPF,BRSK1,HSPBP1,ZNF302,PLXNB1,HAUS1,CCDC77,PPIL1,TPRKB,KAT8,GPR37L1,MAPK8IP2,RFNG,PSMC3IP,ANXA11,FAM83E,CBX5,CBX1,YBX2,YBX1,TRPT1,THBS3,MT-ND4L,PGAP3,TMEM97,MYL5,RHBDL1,ABCA7,WFIKKN1,TMC8,MRPL48,TMC6,PIGL,ZBTB26,B3GALT4,ZNF512B,IFI35,KIF20A,SURF1,PAICS,ANO9,MIS12,EXOSC4,HNRNPUL2,PHF13,MASTL,SAXO2,AURKA,NUP37,SYTL1,S100A13,ACD,MTHFR,ING4,BRD8,SF3A2,TM9SF1,MORN2,DGKA,FN3K,WRAP53,AMH,SLC37A4,SEMA3G,TPCN1,SMIM1,PRIM1,RAD54L,RANBP1,GDF15,LY6G5C,CASKIN1,ALYREF,ARHGAP33,USP37,CKS1B,USP16,USP20,BAX"
"DEG_HVL_CRC29","190","0.63970000000000005","TCF7","TCF7","226","1446","0.71799999999999997158","1.000000000000000000","0.9600000000000000","ReMap--ChIP-seq","DDIT4,ORAI2,HEXIM2,BTBD19,MBD2,AGRN,EFEMP2,MAP3K5,DGAT1,PKMYT1,NEK8,SDF2L1,NOXA1,VPS9D1,TSPOAP1,IKZF3,TRIM28,ZBTB2,SYNGR2,MT-ATP6,TLCD1,NOXO1,MT-ATP8,LPXN,LMNB1,LYL1,SYNGR3,SLC3A2,CD7,DQX1,NAMPT,VPS18,PRKDC,PLK3,CDKN1A,ADAMTSL4,TK1,TMEM179B,FKBP5,BCL6,LHX4,MAP3K14,MCM4,WDR97,SLC35B2,BRICD5,ARRDC1,TANGO2,NEIL1,STXBP2,HMX3,VWA7,CHRAC1,KISS1R,SUSD1,GRHL3,COLGALT2,BLNK,RBL1,HES4,MT-ND6,MDC1,MT-ND4,MT-ND5,MT-ND1,GRIN3B,UCK2,SIRT4,PROCA1,RECQL4,HLA-DMA,HLA-DMB,FAM228B,SLC25A45,SOCS2,MDM2,LRR1,ENTPD8,PCBP1,ZNF703,CCDC117,CCND2,HMGB1,MVP,HMGCL,NAA15,CRACR2B,GLI4,RNF138,ZFP36,NAGLU,RNF170,LSM5,LSM2,WBP1,RHEBL1,ARL6IP1,NFKBIA,DLG4,TMEM107,PDE4A,TMEM109,CTPS1,EGFL8,HSPD1,PDE6D,HSPE1,MT-CO1,MT-CO2,MT-CO3,SKAP1,EXD3,CDCA5,BAZ2B,FUCA1,LRRC10B,ATL1,ODC1,YPEL3,CDC25C,INO80B,ZNF425,MT-CYB,SNAP23,SMIM14,SNRPD2,SNRPD1,CCDC78,EGR1,NUDT8,PNPLA2,NRTN,SHARPIN,TMEM230,BHLHE40,TCF3,TMEM223,GNB1L,HMOX1,SNAI3,NFATC3,FOSL2,HNRNPF,GPT,PLEKHN1,TM7SF2,TLE6,RAB34,CCDC24,PLXNA2,PKM,P2RX6,HIP1,PSD,TUBB,CBFA2T3,DCST2,AMN1,SORBS1,LMO2,KLHDC10,YBX2,PERM1,LEF1,FAM167A,MT-ND4L,ZNF276,RHBDL1,PSMG1,EZH2,WFIKKN1,LYPLA2,TMC8,TMC6,PIM1,FRMD8,SLC38A2,ZNF512B,BIRC6,PARD6B,MBOAT1,DOP1A,IFI35,SLC12A6,TMPO,TSPAN4,ARMC12,KIF22,KIF2C,CD72,CD70,STK17B,JADE1,GEMIN7,ISG15,PHF13,PHF19,ZP3,NUP43,STMN1,DAPK1,SYTL3,HOXB9,SERPINB1,ITPKA,SF3A2,NDE1,FMO5,AMH,TRAF4,TPCN1,MGAT4B,TNS4,SP110,TFAM,PTGES,SMIM1,KLLN,RANBP1,GDF15,LY6G5C,PRAG1,SMAD3,CKS1B,MAN2C1,USP20"
"DEG_HVL_CRC29","191","0.64310000000000000","ELK1","ELK1","227","1453","0.72060000000000001830","1.000000000000000000","0.9595000000000000","ReMap--ChIP-seq","ORAI3,ZNF23,HEXIM1,HEXIM2,DUSP5,CCDC9,FADS2,EFEMP2,CYSRT1,NEK8,SDF2L1,TRIM66,VPS9D1,LENG8,TSPOAP1,TRIM28,RRAS,FBXL5,PTMS,CACYBP,TLCD1,NOXO1,TGM1,UBA2,LMNB2,LYL1,SYNGR3,POLD4,POLD1,RALY,TTC16,DQX1,KIFC2,KIFC1,SLC17A7,TMEM179B,THOC6,UBR7,FANCG,TPP1,MAP3K14,MCM7,WDR97,SLC35B2,TANGO2,TPX2,HMX3,DTYMK,MEGF8,EME1,EME2,PXMP2,OPLAH,STPG3,BUB3,MDC1,NAPSA,MLLT11,PROCA1,RECQL4,CARNS1,FAM228B,PFKFB3,BCL2L12,SH2D3C,BAIAP3,TONSL,CCNL2,SLC34A3,MXRA8,N4BP3,TMEM150A,GLB1L,BANF1,MEA1,PIDD1,BCL7C,PSRC1,INAFM1,PIH1D1,RNF126,PA2G4,GLI4,ZNF594,ZFP36,GPR108,LSM5,LSM2,SNRPA1,ZNF513,WBP1,SNRPB2,JMJD6,CCDC88B,MYL6B,TRIP10,TRIP13,TMEM145,TMEM134,ELMO3,DLG4,TMEM107,POLE,HSPE1,SYNGAP1,ATF4,CDCA5,RNF224,ARHGAP4,SPHK2,MED22,NUDT22,YPEL3,EXOC3L1,ZNF446,INO80B,CORO1B,CORO1C,LCN2,ISY1,ACP2,PBXIP1,CDC45,REC8,SNRPD1,CCDC78,TRIB3,EGR1,EGR3,HSD17B1,PNPLA2,PPIH,SYCE2,SHARPIN,BHLHE40,TMEM223,TAPBP,ANAPC11,HNRNPL,GNPTG,HNRNPF,GMEB1,NRSN2,GPT,TUBB4B,ADM5,CLCF1,TM7SF2,NRBP2,RAB34,SNRPG,SNRPB,SRGAP3,RFC4,CCDC77,PPIL1,P2RX6,MAGOH,LONP1,TBC1D10C,PYCR3,PRX,TUBB,PSMC3IP,PTGES2,FANCD2,FAM83E,TRPT1,CDK2AP2,ZNF276,RHBDL1,FERMT3,WFIKKN1,LYPLA2,ROM1,CKS2,PGAM5,ZNF224,ZNF222,ZBTB26,B3GALT4,ZNF512B,PPM1N,MAK16,CXXC1,PARD6B,IFI35,SURF1,SLC43A1,EXOSC4,DCLRE1C,GEMIN7,RPF2,SPATA6L,SSH3,MAPK15,SPATA33,BUD13,ZNF165,MTHFR,TRIP6,ING4,BATF2,TIMM10,ZNF101,TM9SF1,NOTUM,DGKA,RNPEPL1,AMH,TRAF4,ADRM1,CDT1,FEN1,NME3,DNASE1L1,KIAA0753,RANBP1,GDF15,ALYREF,TP53I3,MAN2B1,CKS1B,MAN2C1,USP16,USP20,ZNF184"
"DEG_HVL_CRC29","192","0.64649999999999996","PROX1","PROX1","225","1445","0.73750000000000004441","1.000000000000000000","0.9558000000000000","ReMap--ChIP-seq","GSTK1,DDIT4,HEXIM1,HEXIM2,BTBD19,FXYD3,SFXN3,SHB,MMP25,DUSP5,PKMYT1,SP5,PIWIL4,TSPOAP1,MT2A,TMEM63A,SDC4,TGFA,PCK1,PTK6,MT-ATP6,PHGDH,MT-ATP8,INAVA,LPXN,IGF2R,FGF19,MKKS,ELF3,POLD4,CD7,PRKCG,VPS18,ARMC7,PLK3,CGN,MEX3A,CDKN1A,CDKN1B,PLIN2,THOC6,INSIG2,BCL6,LBR,MACC1,BCOR,TPX2,C2CD5,VWA2,LUM,MT-ND6,MT-ND4,MT-ND5,MT-ND1,HES7,GABARAPL1,EML2,EXPH5,GRIN2B,RIPK4,EMP1,STAT6,TTLL1,SLC25A45,SLC16A5,BCL2L15,TNFRSF10C,FHL2,LRP1,PCBP1,FKBP10,CAPN8,TANC1,EVX1,ABHD12B,CDHR2,MX2,PROB1,EHF,TACR2,HBEGF,PLCD3,ZFP36,TMSB10,CLIP2,RNF170,GLRX,ZNF608,CD109,OTOG,MAP4K1,AMPD3,B3GNT3,DCPS,CA11,KRT13,KRT19,KRT15,SPNS2,TMEM139,ACBD4,TGFBI,TMEM107,TRNP1,KRT80,MT-CO1,MT-CO2,MT-CO3,EPB41L1,SPHK2,ODC1,FTL,CORO1C,MT-CYB,ITGB4,ITGA3,ITGA1,ACTN4,NRP2,MUC13,DEPDC7,REM2,OSM,SH3RF2,LOXL4,SCNN1A,ADGRG1,SYT1,BHLHE40,MANSC1,GNB1L,TRA2B,RSPH1,MYO15B,NFATC3,FOSL2,FNDC11,AIFM3,C1QTNF8,TEAD1,CEP55,CLCF1,HID1,TLE4,RFC2,PKM,KRT7,GPR37L1,CHMP1B,CLDN16,AMN1,SORBS1,ITPRIP,HOXA11,LMO2,ANXA11,FAM83E,SAE1,MT-ND4L,PGAP3,CLDN4,ZBTB7C,MYH7B,MYOF,FLNB,S100A2,FRMD8,S100A5,S100A4,S100A3,TRABD2A,USH1C,NTN5,PARD6B,ATP9A,CYB5B,PAQR6,RASSF9,ANLN,KIF2C,TMPRSS2,CD82,SLC1A4,SLC1A5,FUT2,FUT4,PHF19,SSTR1,UQCRHL,SERPINE1,HOXA1,HOXB9,S100A16,S100A13,CHST13,BATF2,SERPINB1,ANXA3,PAX8,ITPKA,ZNF114,CCL20,NOTUM,ABHD11,MINDY1,ITPR3,SLC37A1,METTL27,SEMA3C,SEMA3B,TNNI1,TPCN1,TNS4,SMIM5,BICDL2,KIF13B,TFF2,PDZD7,SMAD3,MAVS,CKS1B,SLFN5,TOB1,LEKR1,BAX"
"DEG_HVL_CRC29","193","0.64980000000000004","STAT2","STAT2","224","1444","0.75629999999999997229","1.000000000000000000","0.9515000000000000","ReMap--ChIP-seq","HEMK1,SCO2,STX4,CCDC9,AGRN,MAP3K8,KMT5A,LY6E,FBXO44,SP6,PIWIL4,VPS9D1,ARL13B,TSPOAP1,ICAM1,TNFSF10,LGALS9,ARL15,FBXO2,CFAP126,APOBEC3C,APOBEC3D,TNFSF13,BST2,APOBEC3B,DMBX1,RNF144A,ORMDL3,PLEC,POLD1,CD7,NAMPT,HCFC1,NUP205,SDSL,BTG2,ADAMTSL4,ANGPTL4,APOL1,APOL2,DNAJC9,TULP2,MACC1,IFITM2,IFIT1,IFIT3,IFIT2,NIPAL2,SYNPO,TANGO2,HLA-E,SLC22A4,TRANK1,HELZ2,PARP9,VWA7,TYMS,TYMP,KISS1R,FAM47E,EMC9,STX16-NPEPL1,OASL,OAS2,HES4,RBMX,MDC1,LIPA,LACTB,RBCK1,NAPSA,DCHS2,UCP2,STAT2,ETFBKMT,SLC25A42,FOXP1,PFKFB3,DTL,UBE2L6,DHX58,PEX11B,ARSK,INTS7,DHX15,CAVIN2,MAD2L2,SAMD9L,ACAA1,CCNA2,CCDC194,MX1,INAFM1,EHF,ENO1,MED8,GSDMB,TMEM198,SLC6A9,TMEM187,ZNFX1,ZNF575,GPR146,CHPF,ZNF564,LSM3,LSM2,DNMT3B,PATL2,MROH6,RHEBL1,RUSC1,PARP14,CLIC4,BBS12,FAM20B,KRT13,KRT19,KRT15,DNAJC16,SGSH,HSH2D,PRTFDC1,DBF4B,SYNGAP1,RNF213,RNF215,MAGOHB,ACHE,RMI2,ZNF473,SAMD9,CENPQ,DEPP1,HNRNPA1,REC8,TTC39B,CRKL,HERC6,GREB1,MRAP2,DHRS13,HSD17B1,TBC1D31,SCNN1A,SIDT2,BHLHE40,NABP1,TMEM201,HNRNPU,HMOX1,FOSL2,HNRNPF,HNRNPD,VRK1,PKM,PPIL1,IFI27L2,KAT8,SPTBN4,RALGDS,PRX,TUBB,PGGHG,CBFA2T3,ITFG1,PSMC3IP,AMN1,LIMA1,ANXA11,CBX5,AVEN,PERM1,CLDN4,ZNF276,EZH2,PIM1,KANK3,PARD6B,NDUFA7,IFI35,TMPO,RSAD2,STX1B,LRRN2,ANLN,BRCA2,EXOSC9,EXOSC3,DCLRE1C,SCN9A,SLC1A5,FUT4,FDPS,ISG15,RSRP1,PHF19,NUP62,SCARF1,AURKA,SERPING1,MTHFR,TRIP6,TRIM6,BATF2,SERPINB1,ZNF101,MINDY1,XAF1,SLC37A4,CFLAR,TNS4,SP110,INPP5D,ANP32B,TUBG2,IFI6,GDF15,SMAD3,CKS1B,KLF10,SLFN5,USP20,SCLT1"
"DEG_HVL_CRC29","194","0.65320000000000000","EHF","EHF","39","266","0.77090000000000002967","1.000000000000000000","0.8904000000000000","ReMap--ChIP-seq","ARL14,MT-ATP6,ORMDL3,MT-ATP8,TTC14,TPX2,THPO,MT-ND6,MT-ND4,MT-ND5,MT-ND1,LIPH,TXNDC12,GSDMB,CHKA,PLCH1,TACR2,KRT13,KRT19,KRT15,LTBP2,TGFBI,MT-CO1,MT-CO2,MT-CO3,MT-CYB,MGAT1,PCLAF,C2CD4B,CYP2W1,COTL1,MT-ND4L,PGAP3,ZBTB47,ATP9A,HOXB9,ADAM9,TNS4,PPCDC"
"DEG_HVL_CRC29","195","0.65659999999999996","NANOG","NANOG","224","1450","0.77649999999999996803","1.000000000000000000","0.9469000000000000","ReMap--ChIP-seq","CACNA2D1,DDIT4,SET,SHMT2,JAG1,PBX3,PBX1,SFXN3,MMP25,DUSP4,DUSP5,CCDC9,AGRN,EFEMP2,MSH6,PKMYT1,FBXO44,NEK8,SP5,ONECUT3,NKX3-2,TRIM66,TRIM28,FBXO2,TMEM63A,MT-ATP6,PHGDH,TLCD1,PTMA,NOXO1,MT-ATP8,ETS1,ZGRF1,AUTS2,FGF19,LMNB2,LMNB1,LYL1,ZIC2,SYNGR3,LHPP,MEX3A,BTG2,CDKN1B,EXOC7,KIFC2,TMEM179B,THOC6,AKIRIN1,BCL6,LHX4,WDR97,BCOR,SLC35B2,GSAP,OBSL1,HMX3,KISS1R,STX16-NPEPL1,CERCAM,ISYNA1,COLGALT2,BUB3,HES4,HES7,GRIN3B,SLC29A1,PROCA1,RECQL4,LYRM9,PITX1,FSCN2,SOCS2,SOCS3,SH2D3C,FOXL1,SLC25A23,DUT,FOXJ1,TONSL,EPHA4,CTXN1,PIK3R1,PCBP1,N4BP3,PCSK4,FOXD1,MAD2L2,FOXA2,ZFHX2,EVX1,BMP4,PIDD1,HS3ST3B1,VIM,ENO1,CYP1B1,CRACR2B,TMEM198,GLI2,GPR153,SULF1,CHPF,ZFP36,NES,DNMT3B,IRX2,SKOR1,IRX5,PNRC1,ZNF608,SOX9,JMJD6,NUAK1,CORO6,AMPD3,B3GNT9,STAC3,DNAJC22,DLG4,TSEN15,TMEM107,PDE4A,TRNP1,MT-CO1,MNX1,MT-CO2,MT-CO3,ATF4,CRABP2,FAT1,ACHE,BHLHE41,HOXC10,SAMD1,NUDT22,CRLF1,EXOC3L1,DLX2,ZNF423,HNRNPA3,FSBP,CCDC78,ACTN4,THTPA,IL32,NUDT8,PNPLA2,SHARPIN,GGN,TMEM223,ANAPC11,HNRNPF,GPT,CSAD,TEAD1,ZNF367,TLE3,RAB34,REEP6,AP1G2,ADAMTS9,SEPHS1,CYP2S1,PANO1,CITED2,PSD,HOXA11,POU2F1,CBX2,YBX2,SPRED3,TRPT1,LEF1,PGAP3,PIF1,RHBDL1,ABCA7,GPR19,WFIKKN1,ROM1,HAS3,PIM1,SQSTM1,TRABD2B,SLC38A2,PPM1N,BEND3,TMPO,TSPAN4,ID3,RGMA,EXOSC4,JADE1,GEMIN7,NXPH4,ISG15,HOXA1,HOXB9,HOXC8,TRIP6,SSPN,NOTUM,INHA,ABHD11,WRAP53,DUSP12,TRAF4,CACNG8,MGAT4B,CHAC1,RPL39L,BCL11A,DAZAP1,BICDL2,PDZD7,SMAD3,ALYREF,ARHGAP33,CKS1B,MADCAM1,ARHGAP10,LEKR1,USP28"
"DEG_HVL_CRC29","196","0.65990000000000004","ZNF318","ZNF318","222","1440","0.78529999999999999805","1.000000000000000000","0.9446000000000000","ReMap--ChIP-seq","DDIT4,HEXIM1,HEXIM2,BTBD19,PRPF38A,DUSP5,DUSP1,CCDC9,AGRN,MAP3K8,SRSF3,NEK8,C1S,E2F2,TSPOAP1,NOP58,LGALS1,TNFSF10,DHX9,NEU1,RAC2,CACYBP,TLCD2,TLCD1,ORMDL3,PLD3,NUP153,IGF2R,ELF3,PLEC,SLC3A2,CD7,ZSCAN31,NAMPT,GANC,WDR62,SDSL,PLK3,MEX3A,BTG2,CDKN1A,ADAMTSL4,PLIN2,GART,APOL1,APOL2,INSIG1,ORC1,FANCC,TPP1,MAP3K14,LBR,DNAJC9,CEBPB,TULP2,MACC1,SLC35B2,KNL1,TRANK1,VWA7,KISS1R,STX16-NPEPL1,IQCN,HES4,MDC1,GABARAPL1,RBCK1,TUBA1B,ARG2,SIRT4,PROCA1,HLA-DMA,STAT2,SLC25A45,SOCS2,MDM2,DTL,PPP1R15B,PC,GCDH,INTS7,TMEM150A,GLB1L,CFAP45,UTP18,INAFM1,VIM,MYB,GSDMB,VSIG10L,ZCWPW1,RNF168,PLCD3,ZFP36,TMSB10,CLIP2,ZG16B,LSM5,NES,PATL2,RNF39,FDXACB1,CARHSP1,CCDC88B,CLIC4,MYL6B,TNFAIP8L1,NRM,ACBD4,TMEM107,PDE4A,CTPS1,PRTFDC1,SYNGAP1,RNF213,MAGOHB,ACHE,RMI2,CENPA,ZSWIM8,CENPP,YPEL5,SLC27A1,FTL,SNAP23,ADORA2B,CRKL,SNRPD2,ACTN4,TRIB3,EGR3,DHRS13,PDIK1L,TBC1D31,HOOK2,BHLHE40,NABP1,TTI2,CUEDC1,HMOX1,HNRNPL,TCN2,HNRNPF,NRSN2,RAB34,PIP5KL1,ADAMTS6,PKM,P2RX4,NECTIN4,FTH1,LONP1,ATP6V0A1,CHMP1B,PRX,ITFG1,AMN1,KIAA0513,COTL1,ANXA11,MYCL,POU2F1,SAE1,HK2,TRAPPC6A,PFDN2,WEE1,TAPBPL,LYPLA2,MRPL48,PIM1,ZFP69B,FRMD8,S100A5,S100A4,S100A3,TRABD2A,B3GALT4,TP53INP2,IFI35,IFITM10,LRRN2,ID3,CTSD,KIF2C,CD55,SLC1A5,ISG15,ZP3,GALNT5,SERPINE1,MPV17,MTHFR,TNFSF9,PRSS22,FCRLB,SERPINB1,ANXA4,PRSS33,PUS10,TEX9,MINDY1,PSAP,DUSP12,RPL36A,TPCN1,CCT6B,PTGES,CDT1,ANP32E,PPCDC,BTN3A1,RAD51C,GDF15,ABCG1,SMAD3,ARHGAP30,ABCC3,KLF11,TM2D1,ZNF184,BAX"
"DEG_HVL_CRC29","197","0.66330000000000000","ZNF592","ZNF592","91","605","0.78769999999999995577","1.000000000000000000","0.9175000000000000","ReMap--ChIP-seq","SFXN2,PAFAH1B3,STX4,EFEMP2,KMT5A,LY6E,SP2,SP6,BCAS1,TRIM59,MT-ATP6,PTMA,MT-ATP8,ELF3,SLC17A7,PHACTR3,CEBPB,WDR97,TMEM184A,MEGF8,LIG1,OPLAH,MT-ND6,MT-ND4,MT-ND5,MT-ND1,NAPEPLD,F2,FSTL1,SLC16A8,ST6GALNAC1,NXT1,GCDH,MMD,ACAA1,MARVELD1,PIH1D1,ZFP36,NADSYN1,JMJD6,PARP10,KRT13,KRT19,KRT15,TRIP13,TMEM145,HSH2D,KRT80,TBKBP1,MT-CO1,MT-CO2,MT-CO3,CENPA,ETNK2,MT-CYB,SPATC1,CCDC78,ACTN4,GREB1,PRR15L,SYCE2,SHARPIN,GFY,MYO15B,CDK5RAP3,YJEFN3,NRBP2,SRGAP3,WDR4,THSD4,KAT8,GPR37L1,MT-ND4L,MRPL48,SLC9A3,CTNNBL1,ZBTB46,PARD6B,ATP9A,RGL3,RBBP8NL,LYNX1,EXOSC4,SLC19A1,ABHD11,EFHC1,RUNX2,CDT1,TUBD1,GOLT1A,CHTF18"
"DEG_HVL_CRC29","198","0.66669999999999996","GLYR1","GLYR1","222","1442","0.79169999999999995932","1.000000000000000000","0.9429999999999999","ReMap--ChIP-seq","NUP107,MTHFD2,PRPF38A,NCAPG2,SLF1,NCAPD2,NCAPD3,RIF1,ALDH1L2,TOM1,VPS9D1,NOP58,DHX9,CPLANE1,POLA1,SYNCRIP,MRPS25,PCNT,SGSM2,RAD1,NUP188,NUP160,ECT2,NUP155,UBA2,RRM1,SMC3,SMC4,WDR76,NUP205,PRKDC,NUP85,GJD3,RCCD1,GART,USP1,PCGF6,MOCOS,HMCES,OIP5,ORC1,FANCI,FANCA,COPRS,COPS3,MCM8,SMC1A,MCM3,MCM4,MCM6,MCM2,AQP6,PUM3,TPX2,PARP1,STRADA,VWCE,TYMS,CHRAC1,ROGDI,MKRN2OS,ZCCHC8,COQ3,PXMP2,CGAS,TOPBP1,BUB1,DEK,HMGXB4,ERLIN1,SASS6,ACTL6A,F2,PROCA1,CSE1L,ACAT2,MDM2,TUBGCP4,MCM10,EIF4A3,PAXIP1,TMEM150A,NPM3,CCDC157,CCNB2,CCDC138,PSIP1,UTP18,HMGCR,TAF5,RIOK1,ZNFX1,RFWD3,MELK,GLMP,RANGAP1,MROH8,RBBP7,ARL6IP1,CHEK1,CARHSP1,RAPSN,AKAP5,TRIP13,DNAJC28,ATP6V1D,POLE,CTPS1,TICRR,TBKBP1,CDCA2,CDCA8,CHAF1A,RMI1,NUDT21,CENPF,CENPN,CENPP,CDC25A,KHDRBS1,BRIX1,NDC80,OGT,EXO1,SMIM22,SYNC,RIBC1,BUB1B,TTF2,HP1BP3,TENT4A,GNG3,TMEM209,HNRNPU,HNRNPR,MCMBP,HNRNPM,HNRNPC,TCTN2,PEA15,GRAMD2A,TCP1,TMEM39B,SUPT16H,SNRPE,SRGAP3,CNIH3,WDR4,FAM219B,PKM,MTFR2,SNRNP40,PSAT1,SNRNP48,DNA2,FUBP1,TOP2A,TOP3A,HNRNPH3,METTL4,SHISA4,FAM161A,YBX1,WEE1,ZNF276,NCAPH,PSMG1,EFCAB8,MRPL51,PGAM5,TCOF1,LRRC73,MRTO4,HAX1,ZBTB47,DONSON,PRC1,PAQR6,KDELR3,KIF20A,KIF20B,XRCC6,PAICS,ANLN,KIF23,KIF2C,SLC43A3,MIS12,EXOSC8,CCT5,CD55,CD74,RPA1,HNRNPUL1,HNRNPUL2,CALHM2,DDX46,MASTL,LMBRD2,AURKA,RAD21,ING4,NDC1,NUDT16L1,BRD8,AGBL2,LSMEM1,DNALI1,CHADL,SPAG5,SKP2,CMC2,INPP5B,ANP32B,NME5,PBLD,RAD54L,KNTC1,KCTD9,STIL,USP37,MAN2C1"
"DEG_HVL_CRC29","199","0.67000000000000004","TBXT","TBXT","222","1446","0.80410000000000003695","1.000000000000000000","0.9399000000000000","ReMap--ChIP-seq","DDIT4,ORAI3,HEXIM1,HEXIM2,DUSP5,ATAD2,MBD2,NEK2,PKMYT1,NEK8,SP2,SP5,NNAT,E2F2,MTFR1L,IKZF2,TMEM63A,SDC4,SYNGR2,PTMS,DMBX1,MT-ATP6,TLCD1,PTMA,MT-ATP8,SGSM2,ETS1,DMBT1,ZGRF1,FGF17,FGF19,LMNB1,ZIC2,CA2,ETV4,SMC3,MEX3A,TK1,EXOC7,COPZ2,KIFC2,PHF5A,THOC6,LHX4,CEBPB,NOD1,TTN,ZNF747,BCOR,NIPAL2,HMSD,STRADA,AMIGO2,LIG4,ISYNA1,DIAPH3,IQCN,BUB1,MT-ND6,MT-ND4,MT-ND5,MT-ND1,SCAMP5,HES7,CFAP99,COL1A1,RIPK4,VWA5A,PROCA1,RECQL4,LAG3,BCL2L12,CDCA7L,IL1RAPL1,FOXJ1,PC,UBE2L6,EPHA4,FKBP10,CLYBL,HYAL1,TMEM150A,NPM2,NPM3,FOXA2,CAPN3,PDGFRB,HFM1,HOMEZ,EVX1,BCL7C,TBC1D2,ENO1,CYP1B1,TYRO3,CDK18,TMEM198,PLCD3,CHPF,LZTS1,LZTS3,LSM4,NES,DNMT3B,KCNAB3,KCNJ12,ASS1,ZNF608,CHEK2,JMJD6,PDE2A,B3GNT5,SLC20A1,CA11,KRT19,NUCKS1,ALDH3A2,ACBD4,TMEM107,PDE4A,RNF207,LCA5,HSPE1,MT-CO1,MT-CO2,MT-CO3,CDCA3,CRABP2,RNF227,LIN54,BHLHE41,CHAF1A,PXDN,ZNF462,YPEL5,ZNF423,FUZ,MT-CYB,ADORA2B,SMIM24,HNRNPA3,NRP2,NUDT8,HNRNPA2B1,LOXL1,SCNN1A,UBE2T,BHLHE40,PINX1,CUEDC1,DNAH7,TRA2B,HNRNPR,FLRT3,HNRNPD,SNAI1,GPT,GRN,FCGRT,TLE2,TLE6,RAB34,SLC26A1,PLXNA2,TMEM132B,HAUS1,CATSPERG,P2RX6,POU2F1,CBX3,CBX1,IDH2,SAE1,PFDN2,LEF1,MT-ND4L,PGAP3,WDHD1,MRPL48,IDUA,PELI2,FLNB,PIM1,TRABD2B,ARRB1,CXXC1,NTN5,NTN1,ATP9A,TSPAN8,ID3,LMCD1,CD44,SLC43A1,DCLRE1B,CD82,JADE1,GEMIN7,NDUFV2,COL5A2,HOXA1,DAPK1,SERPING1,CDC6,SSPN,MRC2,ZNF114,TIMM10,BLCAP,FMOD,IGFBP4,DGKQ,NIPSNAP1,TRAF4,SEMA3B,TNS4,TNS1,PRSS56,SMAD3,ABCC3,TGFBR3,ARHGAP10"
"DEG_HVL_CRC29","200","0.67340000000000000","SNAPC4","SNAPC4","222","1447","0.80710000000000003961","1.000000000000000000","0.9392000000000000","ReMap--ChIP-seq","ORAI3,ORAI2,SLBP,BTBD19,PRPF38A,TEX30,PAFAH1B3,CASP8AP2,SLF1,ATAD2,ICAM2,CYP39A1,CFAP126,RRAS,DDIAS,CPLANE1,PTMS,MT-ATP6,SYNCRIP,NMRK1,PCNA,MT-ATP8,INAVA,CA9,MYBL1,ELF3,SLC3A2,TTC14,CD4,CD6,EVA1C,BCAM,NUP85,PLK3,MEX3D,SLC17A7,ORC1,SVBP,TECPR1,EDN1,PARP1,PARP2,ZDHHC13,KISS1R,SPCS2,MEGF8,COLGALT2,STPG3,RBKS,LIN9,MT-ND6,MT-ND4,MT-ND5,MT-ND1,STARD9,PRKAR1B,RBCK1,MLLT11,GRIN3B,LRSAM1,FGFBP3,SIRT4,FH,UCP2,ZNF695,SLC16A7,LAG3,FBLIM1,TUBGCP4,DSE,SH2D3A,DTL,SLC25A27,LRR1,SLC34A3,CTXN1,INTS7,CCDC122,SPINDOC,CAVIN2,IFI44L,CAPN5,CCDC159,ARHGEF39,ABHD12B,BCL7C,RCN3,CCDC194,LAMB2,PIH1D1,GPR161,ZCWPW1,TACR2,NAGLU,TMSB10,ZNF552,ZNF546,ASNS,SKOR1,PTPRN2,PARP10,LACC1,TNFAIP8L1,DISC1,CA11,TMEM145,FAIM,PTCH2,TSEN15,TMEM107,DBF4B,LTC4S,MT-CO1,MT-CO2,MT-CO3,PGM2L1,CENPF,CRLF1,FRK,PSKH1,ZNF441,MT-CYB,RRM2B,SPATC1,PRPS1,KCTD21,LPAR5,HSD17B1,TBC1D31,BORA,GFY,UBE2C,TMEM230,TMEM231,UBE2T,TTI2,DNAH3,LDHA,PROM2,HNRNPM,GMEB1,GRAMD2A,TUBB4B,ZNF337,FCGRT,TLE4,CNIH3,RFC4,HAUS2,CCDC40,LMF1,CCDC59,SPTBN4,AMN1,LMLN,LMO2,PPP2R5D,PPP2R3C,MT-ND4L,TAPBPL,IQGAP3,ABCA7,WFIKKN1,LYPLAL1,OLFM1,MRTO4,S100A5,S100A4,S100A3,SQSTM1,TRABD2A,ARRB2,PPM1N,NTN5,FAM53A,IFI44,KIF2C,CD55,CD72,CD70,KIF26B,SLC1A3,FUT2,CACFD1,COL5A3,STMN1,PASK,TSPYL4,PRR29,GARNL3,NDC1,MZT1,MORN2,ATP8A1,TOR3A,ITPR3,DUSP12,TRAF2,NIPSNAP1,METTL25,PRR5L,TNNI1,MGAT4B,TNS4,PTGES,INPP5D,DPH6,ANP32E,KIF13B,RAD51C,RHOU,TUBD1,DZANK1,KCTD3,ULBP2,USP35,SLC2A6,PCDHGA4,PCDHGA1,CKAP5,PCDHGB1,B4GALT7"
"DEG_HVL_CRC29","201","0.67679999999999996","PRDM1","PRDM1","220","1444","0.83509999999999995346","1.000000000000000000","0.9315000000000000","ReMap--ChIP-seq","ORAI3,PBX1,DUSP4,DUSP1,CCDC9,TOM1,MSH4,BLM,SLC36A4,E2F7,IKZF2,MT2A,LGALS1,PHETA2,TNFSF15,TNFSF13,PHGDH,CACYBP,TLCD2,IGIP,DENND6B,UBA7,ECT2,SLC3A2,PSMB10,RALY,ZSCAN31,ARMC7,PRKD3,PLK2,PLIN2,ANGPTL4,USP1,APOL1,APOL2,MOCOS,PLP2,TMEM179B,THOC6,TOM1L2,FKBP5,MAP3K14,DRC3,EVI5L,NOD1,IFIT1,IFIT2,HLA-A,MCUB,PARP3,HEG1,AMER1,AMIGO2,TYMS,EMC9,HELB,DIAPH3,PDXP,GBP2,GBP3,MDC1,RBCK1,NGFR,FGFBP1,RIPK4,VWA5A,STAT6,SLC16A7,SLC16A5,FOXP1,ST6GALNAC1,LRP1,HSD17B13,SLC25A29,TXNDC12,SRGAP2C,AATF,DHX15,SERTAD4,MOK,IFI44L,OSR1,CCNE2,HMGB2,CFAP45,MX1,FZD1,SLC6A9,RNF168,RNF169,GCNT3,TMSB10,ANKRD29,SNRPA1,MROH1,PNRC1,PFN4,NUAK1,MYL6B,KRT20,NUCKS1,ALDH3A2,TMEM123,ACBD7,TBCK,CTDSPL2,ITGB3BP,KRT80,EPB41L1,MAGOHB,BHLHE41,SMPD4,ZNF488,RMI1,ITGB2,ACP2,SMIM14,SPTB,PRPS1,HNRNPA3,CRKL,OSGIN1,EEF1E1,CRTC1,GEN1,HOOK1,BHLHE40,FBN1,TMEM223,TAPBP,FAM72B,FAM72A,ASAP3,RSPH1,SEH1L,PRELID2,TEAD1,NUCB2,SLC26A1,PI3,SRGAP2,ADAMTS6,PKM,POLR1E,NCKAP5L,KRT7,SPTBN4,SPTBN5,CITED2,TUBB,KIAA0513,MYCL,CBX2,AVEN,SIX2,CASP4,PGAP3,TTYH2,TAPBPL,MRPL11,CKS2,IDUA,PELI2,FLNB,ZNF224,S100A2,S100A5,TRABD2A,TACSTD2,ARRB1,CYB5B,SLC12A7,PAQR5,PGBD1,RASSF9,ID3,ARMC12,TECR,KIF24,CD55,STK17B,CD82,GPD2,GGT7,GALNT9,SSTR1,GALNT2,UQCRHL,SERPINE1,SERPINF2,SYTL4,PRR11,SKA2,S100A16,RAD21,CDC6,SSPN,BATF3,CCL20,NDE1,DGKA,DGKQ,MINDY1,NATD1,SLC37A1,PRR5L,SP110,PTGES,IGSF1,BTN3A3,CGREF1,GDF15,PHOSPHO2,TEDC2,SMAD3,AZIN2,KIF18A,TM2D1,TOB1,NAP1L1"
"DEG_HVL_CRC29","202","0.68010000000000004","STAT5B","STAT5B","221","1453","0.84209999999999995968","1.000000000000000000","0.9296000000000000","ReMap--ChIP-seq","GSTK1,HEMK1,MTHFD2,SCO2,DDIT4,ORAI3,ORAI2,HEXIM2,BTBD19,NCAPH2,MMP25,DUSP5,CCDC9,EFEMP2,NEK8,MSL2,TSPOAP1,ICAM2,MT1X,ICAM1,TRIM28,TNFSF10,PCK2,TNFSF13,PTK6,MT-ATP6,RAC2,TLCD1,PCNA,NOXO1,MT-ATP8,PLAU,DENND6B,INAVA,LMNB1,SYNGR3,SLC3A2,POLD1,CD7,PRKCQ,PLK3,MEX3A,BTG2,TK2,GART,AP5Z1,IL10RA,FANCG,BCL6,MCM7,SAPCD2,ZNF747,MGME1,IFITM2,IFIT3,RPS6KA5,ZNF843,BRICD5,ARRDC1,TXK,TPX2,TYMP,KISS1R,EMC9,IQCN,MT-ND6,MT-ND4,MT-ND5,MT-ND1,GBP5,NAPSA,FGFBP3,ELOVL5,RNASEK,PROCA1,CARNS1,UCP2,STAT4,CASTOR1,MAF,SOCS3,PIK3CD,FOXM1,SH2D3A,SLC25A19,PRIMPOL,SLC25A20,LRR1,TONSL,CCNL2,PHYKPL,HASPIN,GCDH,PIK3R1,PCBP1,HYAL1,CCND2,MR1,PIDD1,RCN3,MVP,VIM,TLNRD1,ENO2,MYB,PIH1D1,CRACR2B,ZCWPW1,ZFP36,TMSB10,ABHD4,KCNAB3,ZNF513,WBP1,JMJD6,CCDC88B,MYL6B,TMEM139,FAIM,NFKBIA,DLG4,TMEM107,PDE4A,MT-CO1,MT-CO2,MT-CO3,RNF213,RNF227,RMI2,NUDT22,YPEL3,ZNF446,CD274,INO80B,NAE1,CNTROB,MT-CYB,ISY1,BECN1,HNRNPAB,REC8,ACTN4,HSD17B1,MGAT1,IL32,OSM,HNRNPA2B1,PNPLA2,SYCE2,ADGRG1,TMEM230,GGN,TMEM234,HOOK2,BHLHE40,GNG3,HNRNPU,RHNO1,SNAI3,EHD1,HNRNPL,HNRNPM,HNRNPF,C1QTNF6,TM7SF2,FCGRT,ILF2,RAB34,CBFB,NEMP1,TBC1D10C,KAT8,RALGDS,PANO1,PSD,PGGHG,PTGER2,COTL1,CBX3,SPRED3,TRPT1,MAPK8,MT-ND4L,ABCB6,NCAPH,EZH2,ROM1,PIM1,TRABD2A,ARRB2,PPM1N,LRRC8C,PAG1,KIF22,CD44,STAMBPL1,DGLUCY,CD72,STK17B,DCLRE1B,DCLRE1C,CD8A,HNRNPUL2,NDUFV2,AURKB,BACH2,BATF3,TM9SF1,MORN3,DNMT1,TRAF2,TRAF4,CFLAR,INPP4A,ATM,DAZAP1,RANBP1,ARHGAP18,SMAD3,MAN2B1,USP20"
"DEG_HVL_CRC29","203","0.68350000000000000","HOXB7","HOXB7","43","306","0.86070000000000002061","1.000000000000000000","0.8473000000000001","ReMap--ChIP-seq","PBX1,BCAS1,PCK2,MT-ATP6,MT-ATP8,PLD1,TNFAIP2,SHANK2,POLD3,COPZ2,EMC9,FPGS,MT-ND6,MT-ND4,MT-ND5,MT-ND1,SIRT2,SH2D3C,ZNFX1,KRT13,KRT19,KRT15,ATP6V1D,MT-CO1,MT-CO2,MT-CO3,PGM2L1,SAMD1,MT-CYB,DEPP1,UBXN10,CUEDC1,ZNF395,CITED2,AMN1,MYCL,MT-ND4L,VSIR,RASSF4,ASF1B,ING3,ABHD11,CEACAM6"
"DEG_HVL_CRC29","204","0.68689999999999996","PAX6","PAX6","218","1442","0.86290000000000000036","1.000000000000000000","0.9230000000000000","ReMap--ChIP-seq","ALKBH6,DDIT4,HEXIM1,HEXIM2,BTBD19,SHB,MMP25,DUSP1,PLSCR3,RASL11A,EFEMP2,SRSF3,AMDHD2,NEK8,SP2,VPS9D1,E2F2,MT2A,TRIM28,MRNIP,NDUFAF3,FBXL5,MT-ATP6,SYNCRIP,TLCD1,NOXO1,MT-ATP8,PLAU,ZIC2,CA9,SYNGR3,SLC3A2,PLAC9,PLK3,PLK2,CDKN2B,TMEM179B,TPM2,THOC6,HMMR,FANCG,SLC35B2,HDAC10,IFIT2,ZNF814,EMC9,EME2,STPG3,MT-ND6,MT-ND4,MT-ND5,MT-ND1,LACTB,LRSAM1,TUBA1C,TUBA1B,TUBA1A,EMP1,F3,FSTL3,RECQL4,FAM228B,PITX1,FSCN2,LRR1,RCC1,CCNL2,SLC34A3,CLHC1,CCDC121,MRPS6,ARHGEF39,PIDD1,SFPQ,VIM,ENO1,PLCE1,CRACR2B,ZCWPW1,CARD6,ZNFX1,PLCD3,NAGLU,TMSB10,ANKRD42,ZNF513,WBP1,IRX5,PNRC1,ZNF608,SOX9,MYL6B,KRT13,KRT19,KRT15,LTBP2,ACBD4,DLG4,TRNP1,HSPD1,POLM,HSPE1,MT-CO1,MT-CO2,MT-CO3,ATF4,CDCA3,BAZ2B,RMI1,SPHK2,MED22,ZSWIM8,NUDT22,FTL,INO80B,DLX2,MT-CYB,ISY1,ITGB6,ITGA3,BECN1,HNRNPA1,HNRNPA3,REC8,CCDC78,ACTN4,CCDC9B,NUDCD2,IL11,HSD17B1,OSM,SH3RF2,HNRNPA2B1,PNPLA2,GEM,GGN,UBE2S,NABP1,TMEM223,GNG3,GPT,GRAMD2A,TUBB4B,TM7SF2,FCGRT,HMGN2,TLE3,ILF2,RAB34,SRGAP3,CNIH2,PIP5KL1,HAUS4,FAM219B,PKM,RAB26,KAT8,KRT7,PANO1,CITED2,HNRNPH3,LMLN,PTGES3,FAM83E,CBX5,CBX3,SPRED3,TRPT1,MT-ND4L,ZNF276,TTYH2,RHBDL1,PIGQ,LYPLA2,MYOF,FRMD8,SQSTM1,TRABD2A,SLC38A2,ZNF512B,PPM1G,NDUFA7,CTNS,IFI35,TSPAN4,IFITM10,SURF1,ID3,TECR,CTSD,KIF27,KIF2C,CCT5,HNRNPUL1,HNRNPUL2,NDUFV2,SERPINE1,GABPB1,CDC6,TRIP6,TM9SF1,TOR3A,PSAP,SLC37A4,DALRD3,TRAF4,CTNNAL1,IMPDH2,MGAT4B,BICDL2,NME3,PBLD,KIAA0753,GDF15,SMAD3,TFPI,LEKR1,BAX"
"DEG_HVL_CRC29","205","0.69020000000000004","NR4A1","NR4A1","219","1451","0.86899999999999999467","1.000000000000000000","0.9212000000000000","ReMap--ChIP-seq","DDIT4,HEXIM1,HEXIM2,BTBD19,AGO2,SFXN3,DUSP5,GOLIM4,FADS3,KMT5A,MAP3K5,NEK9,SDF2L1,PIWIL4,TSPOAP1,MTFR1L,SDC4,SYNGR2,TNFSF13,BST2,RAC2,CACYBP,PCNA,ADAM10,UBA7,GRK5,LPXN,LYL1,PLEC,CD4,ARMC7,WDR73,PLK3,ADAMTSL4,TK2,ANGPTL4,CDKN2D,CDKN2C,IL10RA,PHF5A,CSGALNACT2,FKBP5,RTN4R,FGGY,TPP1,LBR,WDR97,BCOR,SLC35B2,TANGO2,CHRAC1,COMT,OPLAH,DCHS1,FGFBP3,UCP2,CASTOR1,SLC25A45,SLC16A5,FOXP2,FOXP1,RNASEH2B,SOCS2,TUBGCP3,SH2D3A,SLC25A19,RCC1,PCBP1,CLHC1,TAS2R38,TMEM150A,DOT1L,CAVIN2,ALDH4A1,CYBB,LAMC3,BCL7C,ARMH1,CCDC194,MYB,ZCWPW1,IMPA2,ZNFX1,PLCD3,ZFP36,STIP1,LSM4,LSP1,GLRX,RECQL,JMJD6,PARP10,FAF1,QRFP,B3GNT5,DISC1,DCPS,AKNA,ACBD4,PTCH2,TGFBI,CXCL8,TMEM107,KRT80,LTC4S,FAR2,BAZ2B,AIF1L,ZSWIM8,PLA2R1,FTL,CORO1B,ITGB2,NRGN,PGM2,SPATC1,PBXIP1,ACTN4,TRIB3,TRIB1,CCDC9B,OSM,VEGFA,HNRNPA2B1,SYCE2,SYT8,TMEM230,UBXN10,BHLHE40,NABP1,MXD3,PHTF2,TTI2,GNB1L,HNRNPU,SEH1L,LDHA,LDHD,PRELID1,FOSL2,HNRNPF,NRSN2,TCTN1,GRAMD2A,DHRS1,TMEM39B,PGF,LTB4R2,RAB36,RFC4,RFC2,PKM,DENND3,GFI1,CITED2,LIMD2,CBFA2T3,DCST2,NT5C,AMN1,ITPRIP,C1RL,COTL1,LMO2,ANXA11,CBX3,CBX2,SAE1,HK2,SETMAR,DDX39A,NCAPG,ABCA7,FERMT3,VSIR,TMC8,TMC6,FRMD8,SQSTM1,KANK3,SLC38A2,PPM1N,IFI35,SCN1B,EAF2,KIF2C,EXOSC4,FUT4,NDUFV2,PHF13,PHF19,MAST3,ZP3,AURKA,LNX1,SERPINB1,TM9SF1,PSAP,SCCPDH,DAGLA,PSCA,RPL36A,TNNI2,CFLAR,MGAT4B,INPP4A,CDT1,ANP32B,KLLN,PPCDC,RANBP1,PLCXD2,PDZD7,MAN2B1,CKS1B,TOB1,PRRG2,STN1,BAX"
"DEG_HVL_CRC29","206","0.69359999999999999","NFIC","NFIC","217","1446","0.88639999999999996572","1.000000000000000000","0.9150000000000000","ReMap--ChIP-seq","DDIT4,HEXIM1,HEXIM2,BTBD19,JAG1,SHB,DUSP4,DUSP5,DUSP1,MBD2,TARBP1,CCDC9,LY75,MAP3K5,SRSF3,NEK8,E2F1,E2F2,MT2A,SDC4,FBXL5,MT-ATP6,TLCD1,MT-ATP8,PLAU,PLD1,FGF18,TNFAIP2,LMNB2,PLEC,POLD4,ALCAM,ARMC7,MEX3A,CDKN1A,CDKN1B,THOC6,BCL6,MAP3K14,MGME1,MACC1,BCOR,SLC35B2,AQP6,AQP5,IFIT2,SYNPO,TXK,TMEM184A,HEG1,KISS1R,ARHGDIB,ATP1B1,MT-ND6,MDC1,MT-ND4,MT-ND5,MT-ND1,HSPG2,COL1A1,EMP1,SLC29A1,HLA-DMA,CASTOR1,HR,SLC16A5,FSCN2,PFKFB3,SOCS3,SLC47A2,PPP1R15B,BAIAP2,RCC1,PCBP1,FOXD1,MMD,CCDC117,DOT1L,CRIP2,CFAP45,INAFM1,VIM,CREB3L1,CRACR2B,CHKA,ZNFX1,PLCD3,COL16A1,ZFP36,TMSB10,LSM2,PATL2,ZNF608,SOX9,MTUS1,JMJD6,NECAB3,SIAH2,ANKRD1,AMPD3,SLC20A1,CXCR4,CA12,KRT13,KRT19,KRT15,ALDH3A1,RAI14,LTBP2,TMEM123,ACBD4,NFKBIA,TGFBI,KYNU,TMEM107,PRTFDC1,KRT80,MT-CO1,MT-CO2,MT-CO3,CDCA4,RMI1,CD274,CORO1C,MT-CYB,ITGB8,ITGB6,SMIM14,ITGA3,DEPP1,HNRNPA1,HNRNPA3,SNRPD3,ACTN4,TRIB1,NRP2,HNRNPA2B1,PNPLA2,SCNN1A,ADGRG1,BHLHE40,NABP1,ACTA2,GNB1L,CUEDC1,FNDC3B,RMDN2,FOSL2,CEP55,GRAMD2B,GRAMD2A,CLCF1,RAB34,PLXNB2,PKM,DENND3,FTH1,TBC1D10C,KRT7,VASN,COL18A1,CITED2,TUBB,AMN1,NT5E,CBX5,CBX3,FAM167A,MT-ND4L,ABCB6,RHBDL1,WFIKKN1,MYOF,TMC6,FLNB,PIM1,TRABD2A,TACSTD2,SLC38A2,ZBTB47,TSPAN4,TSPAN1,ID3,CCR9,CD44,EXOSC9,CD70,SPC24,SLC1A5,PHF19,AURKB,UQCRHL,MAPK11,SERPINE1,SYTL3,CDC6,TNFSF4,ANXA3,CCL20,ADAM9,DUSP12,TRAF1,TRAF4,SEMA3C,AHNAK2,CFLAR,TPCN1,PJVK,TNS4,TUBG2,SCEL,TEDC1,ARHGAP18,SMAD3,CKS1B,KLF10,TOB1"
"DEG_HVL_CRC29","207","0.69699999999999995","FOS","FOS","217","1451","0.89659999999999995257","1.000000000000000000","0.9113000000000000","ReMap--ChIP-seq","DDIT4,HEXIM1,HEXIM2,BTBD19,JAG1,SFXN3,DUSP5,DUSP1,CCDC9,NEK8,NOXA1,MT2A,SDC4,FBXL5,MT-ATP6,TLCD2,TLCD1,MT-ATP8,PLAU,PLD1,LPXN,IGF2R,ETV4,POLD4,RRM2,TBX19,CD7,ALCAM,PLK3,MEX3A,CDKN1A,PLIN2,THOC6,FKBP5,INSIG1,MAP3K14,LBR,CEBPB,CEBPG,ABLIM3,MACC1,SLC35B2,NIPAL3,AMIGO2,GRHL3,MFSD1,SNCG,MT-ND6,MDC1,MT-ND4,MT-ND5,MT-ND1,HES7,HSPG2,EML2,EMP1,STAT6,SOCS3,TNFRSF10C,MDM2,PPP1R15B,LRP1,PC,ENTPD8,GLB1L,CAPN8,CCDC159,NDRG1,SFR1,CFAP45,VIM,EHF,ENO1,SULT2B1,SLC2A12,PLCD3,ZFP36,ENKUR,CLIP2,RANGAP1,GLRX,DDX60L,CARHSP1,CD109,NUAK1,SIAH2,CCDC88B,CLIC4,MYL6B,KRT20,AMPD3,B3GNT5,SLC20A1,KRT19,KRT15,NUCKS1,RELL2,LTBP2,ACBD4,NFKBIA,DLG4,TGFBI,CXCL8,CXCL2,KYNU,TMEM107,TRNP1,KRT80,SPG7,MT-CO1,MT-CO2,MT-CO3,EXD3,PANX1,ODC1,ZNF462,CENPF,FTL,COL17A1,CD274,MT-CYB,ITGB4,ITGB8,ITGB6,SMIM14,ITGA3,ADORA2B,ACTN4,TRIB3,TRIB1,EGR3,DHRS13,SH3RF2,SCNN1A,RARRES1,BHLHE40,NABP1,ZNF395,ANAPC11,HMOX1,FOSL2,EHD1,NRSN2,DHRS1,CLCF1,LTB4R2,RAB34,PKM,DENND3,NECTIN4,FTH1,KRT7,C2CD4A,TUBB,CLDN16,AMN1,KIAA0513,ITPRIP,SHISA4,MT-ND4L,LYPLA2,MYOF,FLNB,S100A2,FRMD8,S100A5,S100A4,S100A3,SLC38A2,MYCBPAP,PPM1N,PARD6B,TSPAN5,ANLN,ID3,TECR,CD44,CD55,CD70,CD82,SLC1A5,PROC,UQCRHL,SERPINE1,HOXA1,S100A16,MTHFR,HBP1,FCRLB,SERPINB1,ANXA3,ANXA4,CCL20,ADAM9,NATD1,PSAP,DUSP12,TRAF1,METTL27,SEMA3C,AHNAK2,TPCN1,TNS4,TIPIN,BICDL2,TUBG2,GDF15,ARHGAP18,PDZD7,SMAD3,ALYREF,KIF18A,CKS1B,ARHGAP10,TFPI,LEKR1,STN1"
"DEG_HVL_CRC29","208","0.70030000000000003","NFATC1","NFATC1","217","1452","0.89849999999999996536","1.000000000000000000","0.9106000000000000","ReMap--ChIP-seq","SLBP,ADAMTS13,HEXIM1,HEXIM2,BTBD19,CASP10,DUSP5,MBD2,CCDC9,RASL11A,EFEMP2,CYSRT1,MAP3K8,MSH4,SRSF3,NEK8,SDF2L1,VPS9D1,TRIM59,TRIM46,NOP58,TRIM28,ZBTB2,SYNGR2,NDUFAF3,MT-ATP6,SYNCRIP,CACYBP,TLCD1,MT-ATP8,TACC3,LPXN,FGF18,ATP6AP1,GALT,SLC3A2,DQX1,PLK3,BTG2,CDKN1A,ADAMTSL4,HLA-DQB1,TMEM179B,INSIG1,FANCG,MCM7,MGME1,WDR97,SLC35B2,TYMS,CHRAC1,EMC9,EME1,ARHGDIB,FPGS,CDH24,IQCN,BUB3,DEK,MT-ND6,MT-ND4,MT-ND5,MT-ND1,NAPSA,MLLT11,HLA-DPA1,RNASEK,PROCA1,HLA-DMA,HLA-DMB,TTLL3,FSCN2,ACAT2,BCL2L12,MDM2,NRARP,SH2D3C,LRR1,TONSL,RCC1,CCNL2,SLC34A3,PHYKPL,MXRA8,TMEM150A,MRPS6,NPM1,CCND2,HOMEZ,HMGB2,PIDD1,BCL7C,RBM14,IRF8,LAMB2,CARD6,PLCD3,ZFP36,NAGLU,TMSB10,ANKRD42,ZNF513,CBLN3,CARHSP1,MYL6B,SLC20A1,NUCKS1,ELMO3,ATP6V1A,ACBD4,NFKBIA,DLG4,TMEM107,RNF207,POLM,MT-CO1,MT-CO2,MT-CO3,RNF224,ZSWIM8,NUDT22,EXOC3L1,MT-CYB,PBXIP1,TSPAN31,HNRNPA1,HNRNPA3,HNRNPAB,REC8,SNRPD2,ACY1,HSD17B1,IL32,HNRNPA2B1,PNPLA2,SYCE2,SHARPIN,TMEM230,BHLHE40,NABP1,TCF3,TMEM223,GNB1L,TRA2B,HNRNPU,ANAPC11,HNRNPL,HNRNPF,HNRNPD,HNRNPC,CSAD,ADM5,TMEM39B,TM7SF2,FCGRT,RAB34,AMD1,RFC4,CHPF2,PKM,TFDP1,NEMP1,PANO1,HNRNPH3,PTGES3,CBX5,CBX3,YBX1,TRPT1,MT-ND4L,KRTCAP2,ZNF276,AGAP2,TAPBPL,FERMT3,LYPLA2,TMC8,TMC6,PGAM5,TMEM67,SLC38A1,KANK3,TRABD2A,SLC38A2,IFI35,SLC12A6,KDELR3,SURF1,CCR9,CD44,FUOM,STK17B,NDUFV2,PHF19,PAOX,AURKB,SERPINE1,DAPK1,S100A13,TIGAR,TM9SF1,SLC37A4,TRAF1,DALRD3,TRAF4,RPL36A,CFLAR,IMPDH2,SLC6A20,KLLN,DAZAP1,DNASE1L1,PBLD,RANBP1,ALYREF,CKS1B,USP16"
"DEG_HVL_CRC29","209","0.70369999999999999","KMT2B","KMT2B","215","1441","0.90220000000000000195","1.000000000000000000","0.9088000000000001","ReMap--ChIP-seq","ZC3H12D,DDIT4,ORAI3,ORAI2,HEXIM1,HEXIM2,NCAPH2,KCNC3,RASL11A,ALDH1L2,EFEMP2,TSNAXIP1,ICAM1,DHX9,SPDYC,TNFSF13,PCNA,NOXO1,ETS1,NUP160,LYL1,MYBL1,SYNGR3,DQX1,HCFC1,NUP205,BTG2,SLC17A9,PHF5A,MAMSTR,ORC3,FANCG,ZNF773,MCM7,SMC1A,DNAJC9,WDR97,BRICD5,ARRDC1,PARP2,DTYMK,KISS1R,ZWILCH,LIG4,ZCCHC8,OPLAH,BLNK,DCK,BUB1,ZFYVE1,PARPBP,NAPSA,SUMF1,RNASEK,RECQL4,STAT2,BCL2L15,SLC25A19,RNFT2,CCNL2,MXRA8,PEX11B,MICAL1,CLHC1,DOC2A,HYAL1,TMEM150A,NPM3,BANF1,CCDC150,ATP2A1,BCL7C,RBM15,CCNA2,IRF8,MVP,CHFR,FAM98B,PIH1D2,PA2G4,TMEM187,CCDC90B,ZNF594,PLCD3,EEF1AKMT2,ZFP36,CALCOCO1,ZNF513,WBP1,ARL6IP6,CXCR4,ELMO3,ACBD4,DLG4,POLE,DBF4B,HSPD1,PDE6D,HSPE1,RAVER1,ATF4,CDCA5,CDCA8,ARHGAP4,SPHK2,MED22,ZSWIM8,CENPE,CENPP,CENPS,EXOC3L1,ZNF446,CDC25C,INO80B,NDC80,ITGB2,RRM2B,CDC45,KCTD21,CDC5L,HNRNPAB,SNRPD1,EEF1E1,RIBC1,MIS18A,NUDT8,CARF,SHARPIN,TBC1D13,TMEM230,TMEM234,PINX1,TMEM223,TTI1,GNG3,CEP97,ANAPC11,ADI1,HNRNPD,GPT,TCTN2,TM7SF2,ILF2,SNRPF,HSPBP1,WDR4,RFC3,RFC4,HAUS5,MTFR2,CCDC77,P2RX6,NECTIN4,PPIL6,MAGOH,LONP1,KAT8,TRPM5,CHMP1B,IZUMO4,ZER1,IZUMO1,METTL4,FANCD2,KLHDC10,YBX2,SNAPC5,PFDN2,FAM167B,PSMG1,LYPLA2,PIGL,ZNF226,MRTO4,ZNF512B,CTNNBL1,KIF20A,SURF1,PAICS,BRCA1,KIF15,KIF22,MIS12,EXOSC4,EXOSC9,EXOSC3,DCLRE1B,HNRNPUL1,GEMIN7,FDPS,PHF19,NUP58,NUP43,BACH2,PASK,ING4,BRD8,PUS10,DNMT1,WRAP53,SLC37A4,TRAF1,HIRIP3,SKP2,FEN1,RASIP1,CAMK1,KNTC1,CASKIN1,ALYREF,ARHGAP30,MAN2B1,USP35,KLF12,USP16"
"DEG_HVL_CRC29","210","0.70709999999999995","TEAD1","TEAD1","215","1448","0.91479999999999994653","1.000000000000000000","0.9036999999999999","ReMap--ChIP-seq","HEXIM1,HEXIM2,SHB,MMP25,DUSP1,AGRN,SMS,NEK8,E2F8,MT2A,SDC4,RRAS,FBXL5,TLCD1,PLAU,PLD1,FGF11,TNFAIP2,LMNB2,ETV4,ELF3,ALCAM,PRKCG,BCAM,CGN,MEX3A,CDKN1B,ADAMTSL4,ANGPTL4,PAPSS2,CDKN2B,THOC6,TOM1L2,HMMR,MAP3K20,DRC3,LBR,ABLIM3,BCO2,MGME1,MACC1,IFIT3,IFIT2,NIPAL3,GSAP,EDN1,PARP2,AMIGO2,GRHL3,ATP1B1,ZCCHC8,SLC4A8,GABARAPL1,HSPG2,COL1A1,EMP1,F3,FSTL1,STAT4,SLC25A45,BCL2L12,SOCS3,SH2D4A,PPP1R15B,DOT1L,CAVIN2,SAMD9L,BANF1,PDGFRB,BMP4,CFAP45,MARVELD1,VIM,EHF,ENO1,CREB3L1,PLCE1,SULT2B1,HBEGF,TMEM160,CHN1,PLCD3,TMSB10,GLRX,DDX60L,ZNF608,SOX9,MTUS1,NUAK1,CLIC4,ANKRD1,AMPD3,SLC20A1,KRT13,KRT19,KRT15,RAI14,LTBP2,TMEM123,TGFB2,ACBD4,TGFBI,CXCL2,KYNU,TMEM107,CTPS1,TRNP1,KRT80,PMP22,FAT1,PANX1,SAMD9,ATL1,CENPF,CD274,DLX2,CORO1C,ACP6,ITGB6,ITGA3,ITGA1,DEPP1,HNRNPA1,ACTN4,NRP2,NUDCD2,SH3RF2,LOXL4,NABP1,RND3,CRY1,ZNF395,FOSL2,C1QTNF6,TEAD1,CEP55,GRAMD2B,RAB34,HAUS4,PKM,CEACAM19,KRT7,ATP6V0A1,FUBP1,CITED2,PRX,AMN1,KIAA0513,NT5E,ITPRIP,COTL1,ANXA11,CBX5,IDH2,FAM167A,GPR19,LETM2,MYOF,FLNB,FABP6,S100A2,FRMD8,S100A5,S100A4,S100A3,KANK3,TRABD2A,TACSTD2,SLC38A2,ARRB2,NTN4,PARD6B,RASSF4,TSPAN4,TSPAN2,ANLN,PPP1R1C,ID3,TECR,SPTLC2,LMCD1,CD44,SPATA6L,COL5A2,UQCRHL,MAPK10,RPIA,SERPINE1,HOXA1,MTHFR,CDC6,TRIP6,SERPINB1,ANXA3,LPCAT2,TUBB6,ADAM9,ITPR3,PSAP,PSCA,TRAF4,SEMA3C,TNNI1,CFLAR,TPCN1,APP,TNS4,BICDL2,ARHGAP18,PLCXD2,SMAD3,ARHGAP24,ARHGAP10,TFPI,LEKR1"
"DEG_HVL_CRC29","211","0.71040000000000003","TBX21","TBX21","215","1451","0.91979999999999995097","1.000000000000000000","0.9015000000000000","ReMap--ChIP-seq","HEMK1,CACNA2D1,MTHFD2,SCO2,DDIT4,ORAI2,BTBD19,LGMN,KCNC3,DUSP5,PTAFR,CCDC9,EFEMP2,MAP3K8,MAP3K5,NEK8,E2F2,TSPOAP1,ICAM1,LGALS1,TRIM28,SYNGR2,PTMS,RAC2,CACYBP,TLCD1,PLD1,INAVA,LMNB1,SLC3A2,PRKCQ,PLK3,BTG2,CDKN1A,CDKN1B,SLC17A7,CDKN2D,BCHE,IL10RA,PLP2,BCL6,BCL2,MGME1,MACC1,SLC35B2,PARP9,TYMP,KISS1R,ARHGDIB,FPGS,BLNK,IQCN,PDXP,MDC1,CFAP69,NAPSA,RNASEK,HLA-DMA,CARNS1,UCP2,SLC25A45,LAG3,SOCS3,PIK3CD,SH2D3A,SH2D3C,SLC25A19,SPON2,HASPIN,MICAL1,PCBP1,TNFRSF13C,GLB1L,CCND2,CDHR2,IRF8,MVP,INAFM1,NAA15,ENO1,ENO2,PIH1D1,ZCWPW1,ZNF594,ZFP36,TMSB10,ILDR1,LSM4,PARP14,SLC20A1,CXCR4,CA11,PTTG1,TMEM134,AKNA,TMEM123,DNAJC18,NFKBIA,TMEM107,PDE4A,TMEM109,UPK3A,HSH2D,SPG7,TBKBP1,SKAP1,RNF213,RMI2,SPHK2,SAMD1,NUDT22,CENPM,CD274,CORO1B,ITGB2,SMIM14,PBXIP1,TSPAN31,FSBP,CCDC102A,ACTN4,DHRS13,MGAT1,HNRNPA2B1,ADGRG1,ADGRG5,TMEM230,BHLHE40,NABP1,ZNF395,NFATC3,FOSL2,EHD1,HNRNPL,HNRNPF,CSAD,C1QTNF6,TCTN1,FCGRT,TLE3,ZNF318,HSPBP1,CCDC12,DENND3,HAUS8,GFI1,TBC1D10C,LIMD2,IZUMO4,TUBB,AMN1,ITPRIP,COTL1,FAM83E,CBX3,TRPT1,FAM167B,FAM167A,DDX39A,AGAP2,TAPBPL,NCAPH,ABCA7,FERMT3,GPR19,PIGR,ROM1,TMC8,TMC6,PIM1,FRMD8,TRABD2A,SLC38A2,PPM1N,LRRC8C,PAG1,ID3,CCR9,KIF22,CD44,CD72,CD70,STK17B,SLC1A5,PHF19,MAST3,NUP62,AURKB,SYTL3,CDC6,TNFSF9,FCRLB,SERPINB1,ATP8A1,DNMT1,ITPR2,RNPEPL1,DUSP12,TRAF1,TRAF4,CFLAR,TPCN1,TIPIN,SLC6A16,SP110,INPP4A,INPP5D,IFI6,GDF15,ARHGAP18,SMAD3,CKS1B,KLF10,ARHGAP10,OPRL1"
"DEG_HVL_CRC29","212","0.71379999999999999","ZNF24","ZNF24","214","1445","0.92049999999999998490","1.000000000000000000","0.9009000000000000","ReMap--ChIP-seq","HEMK1,DDIT4,KCNC3,SHB,DUSP1,CCDC9,MAP3K8,FBXO44,TNFRSF14,NEK8,SDF2L1,UHRF1,E2F2,TSPOAP1,MTFR1L,ICAM1,LGALS1,FBXO2,SYNGR2,DMBX1,TLCD1,DAPP1,PLD1,LYL1,SHANK1,SLC3A2,ZSCAN31,ZSCAN30,ARMC7,CEL,SDSL,MEX3A,BTG2,COPZ2,KIFC2,KIFC1,ANGPTL4,CDKN2D,THOC6,MCM7,LBR,SAPCD2,CEBPB,MACC1,BCOR,SLC35B2,TMEM74B,VWA7,KISS1R,SUSD1,EME1,FPGS,ISYNA1,ALOX12,IQCN,HES4,RBMX,HSPG2,EML2,RBCK1,MLLT11,ELOVL5,RNASEK,PROCA1,SLC25A45,FBLIM1,SOCS2,CELF5,SH2D3C,HSD17B14,BAIAP3,TONSL,RCC1,MXRA8,PCBP1,PCSK4,CAVIN2,MAD2L2,LAMC3,BCL7C,MVP,INAFM1,VIM,EHF,MYB,MED8,SULT2B1,PIH1D2,SLC6A9,VSIG10L,ZCWPW1,SLC2A12,NAGLU,CLIP2,ANKRD24,LSM4,LSM2,DNMT3B,PGPEP1,MROH8,CCDC88B,ANKRD9,B3GNT5,FAM20B,SLC20A1,TLDC2,CA11,KRT19,KRT15,TJP3,NRM,AKNA,ALDH3B1,PDE4A,HSH2D,EPB41L1,RNF215,AIF1L,SPHK2,CRB2,ODC1,ZSWIM8,SAMD1,NUDT22,YPEL3,LCN2,SMIM24,HNRNPA1,CDC20,TRIB3,TRIB1,SLC45A4,ACY1,HSD17B1,VEGFA,UBXN10,BHLHE40,DACT3,CRY1,ASAP3,EPOP,FNDC3B,ZNF396,PRELID2,FOSL2,EHD1,HNRNPF,SNAI1,NRSN2,CATIP,ZNF280B,SLC39A3,RAB34,REEP6,CEACAM19,P2RX6,FTH1,RALGDS,HIP1,PRX,DCST2,AMN1,KIAA0513,PTGES2,COTL1,LMO2,FAM83E,CBX5,TRPV6,TRPT1,TMEM92,ABCA7,PIGZ,TMC8,MRPL48,TMC6,PIM1,FRMD8,EFCAB12,IFI35,ID3,TECR,KIF2C,SLC43A1,TMPRSS4,EXOSC9,DCLRE1B,CD82,ISG15,PHF19,MAST3,ZP3,AURKB,NUP43,GALNT5,UQCRHL,RAN,MTHFR,SERPINI1,SERPINB1,TIMM10,TEX9,AK1,PSAP,TRAF4,UNC93B1,CACNG8,BICDL2,IFI6,GDF15,CAMK1,SSC4D,SMAD3,ZNF184"
"DEG_HVL_CRC29","213","0.71719999999999995","RELB","RELB","214","1449","0.92679999999999995719","1.000000000000000000","0.8980000000000000","ReMap--ChIP-seq","HEMK1,SCO2,DDIT4,ORAI2,KCNC3,STX4,TARBP1,AGRN,LY75,CYSRT1,MAP3K8,MAP3K5,NEK8,BCAS1,CERS4,KCP,ICAM2,ICAM1,LGALS1,SDC4,SYNGR2,RRAS,PTK6,TP73,MT-ATP6,RAC2,TLCD1,PCNA,ORMDL3,MT-ATP8,GRIN1,PLAU,INAVA,IGF2R,FGF11,TNFAIP2,LMNB2,ZIC2,SUN2,PLEC,POLD1,MEX3A,BTG2,CDKN1B,IL10RA,BCL6,TPP1,CKAP2L,ESPL1,SAPCD2,MCM3,TULP2,BCOR,SLC35B2,SYNPO,SLC51A,SLC22A4,MACF1,TPX2,TYMP,EMC9,STPG3,STPG4,IQCN,PDXP,HES4,DEK,SLC4A8,MT-ND6,MT-ND4,MT-ND5,MT-ND1,C3,NAPSA,RNASEK,FSTL3,CARNS1,PFKFB3,SOCS3,PIK3CD,NRARP,SLC34A3,PIK3R1,FKBP10,MMD,DOT1L,ZFHX2,HMGB2,SFR1,CFAP45,PROB1,NAA15,ENO2,MYB,CYP1B1,RNF126,WNT10B,GSDMB,ZNFX1,ZFP36,TMSB10,CLIP2,ILDR1,GPR108,LSM4,PGPEP1,SNRPA1,TSHZ1,PARP10,CLIC4,TNFAIP8L1,TRIP10,NUCKS1,TMEM134,TMEM123,DNAJC18,NFKBIA,PDE4A,HSH2D,EHHADH,MT-CO1,MT-CO2,MT-CO3,RNF213,RNF224,RMI2,HHAT,DLX2,MT-CYB,SMIM14,SPATC1,DEPP1,CCDC102A,DHRS13,THTPA,NUDT8,SYCE2,ADGRG5,SYT1,BHLHE40,TCF3,ACTA2,SSRP1,TUBB4B,CEP135,VASH2,VRK2,ZNF318,PLXNB2,AP1G2,RFC2,PKM,NEMP1,P2RX4,TBC1D10C,C2CD4C,IZUMO4,CBFA2T3,MYCL,CBX1,SOWAHC,FAM167A,MT-ND4L,MYL5,DDX39A,GPR19,LRRC32,CCSAP,KANK2,TRABD2A,GDPGP1,ZNF512B,PARD6B,SPATA20,RASSF4,TSPAN3,CD44,CD70,IL17C,JADE3,GGT6,ISG15,SSH3,NUP62,PAOX,MAPK12,MAPK11,RAN,SYTL3,HOXB9,PRR11,SKA2,HOXC8,SLC19A1,CDC6,TNFSF9,TRIM6,BATF3,AGBL3,HYLS1,NOTUM,DNMT1,SLC37A4,TRAF2,TRAF1,TRAF4,CFLAR,TIPIN,SP110,TMTC2,BCL11A,KLLN,TEDC1,CKS1B"
"DEG_HVL_CRC29","214","0.72050000000000003","FOXJ2","FOXJ2","212","1440","0.93269999999999997353","1.000000000000000000","0.8947000000000001","ReMap--ChIP-seq","SPINT1,HEXIM1,HEXIM2,BTBD19,DUSP1,ALDH1L1,CYSRT1,SRSF7,KRTAP4-1,SP6,CFAP126,CPLANE2,BST2,RNF144A,KCNRG,NEK11,ENPP1,PLD1,ECT2,SUN2,PLEC,TTC16,ZSCAN31,PRKCG,ARMC3,PLK3,CGN,MEX3A,EXOC7,COPZ2,ORC3,OSBPL7,MCM7,DNAJC1,MCM5,LCORL,TULP2,BCO2,MACC1,RPS6KA5,TMEM184A,TMEM74B,MATN2,ACYP1,ATP1B1,ISYNA1,STPG3,IQCN,RBKS,MUC1,HES7,CFAP99,CFAP69,TUBA1C,TUBA1A,ARG2,HEYL,FAM227B,ST6GALNAC1,PPP1R15B,HSD17B14,HSD17B11,FOXJ1,BAIAP3,ZDHHC1,SLC34A3,CTXN1,MICAL1,CRIP2,MOK,KLHL31,CCNB1,SFR1,CFAP43,CFAP45,RBM14,CCDC191,INAFM1,TAF3,ENO2,PIH1D1,PA2G4,SLC6A9,VSIG10L,RNF168,ALMS1,PLCD3,HJURP,ZFP36,ZNF546,PGPEP1,RNF26,BEX3,MYL6B,PACRG,KRT13,ZDHHC11B,KRT19,TPPP3,KRT15,ACBD4,DNAJC16,CXCL2,TMEM107,CTPS1,LTC4S,LCA5,FAR2,BAZ2B,RNF224,TCP11L2,NUP62CL,ZNF473,ZSWIM8,NUDT21,CENPF,CENPH,GMNN,CD274,FUZ,HPSE,ITGB8,DEPP1,HNRNPA1,PDIK1L,DEPDC5,NAPB,MIS18A,GPRIN1,GGN,UBXN10,UBE2T,BHLHE40,TAPBP,DNAH7,ZNF395,HMOX1,GNPTG,TCN2,HNRNPF,CATIP,TCTN1,SIAE,TUBB4B,VASH2,CCDC40,PPIL6,FTH1,RALGDS,CITED2,AMN1,LMLN,LMO2,MYCL,CBX5,DYNLRB1,SAE1,KDM5B,SPRED3,THBS3,PPP2R3C,LIMK2,WEE1,TMEM97,FIGNL1,TDP1,VSIR,LYPLA2,TMEM67,PIM1,HAT1,S100A9,SQSTM1,B3GALT4,EFCAB11,CTNNBL1,PPM1N,TP53INP1,SPATA20,ST6GAL1,TSPAN3,PAICS,RGL3,KIF27,PRKN,ATP23,DGLUCY,CD55,SPC25,RGS9,SPATA6L,PHF13,ATG4A,SERPINE1,SYTL2,HBP1,ING3,STK32C,MINDY1,ITPR2,REXO5,EFHC1,MGAT4B,DAZAP1,LRRIQ3,TNXB,GDF15,SELENOM,PHOSPHO2,TEDC1,SMAD3,LEKR1"
"DEG_HVL_CRC29","215","0.72389999999999999","THAP11","THAP11","167","1147","0.93320000000000002949","1.000000000000000000","0.8831000000000000","ReMap--ChIP-seq","SPINT1,ORAI3,B3GLCT,HEXIM1,HEXIM2,TEX30,LGMN,MMP25,JAK3,PLSCR3,FADS2,PKMYT1,TSNAXIP1,TRIM46,CCP110,TGM1,NUP153,FGF11,GRM2,HCFC1,MEX3A,WDR45,SLC17A7,PLP2,MAMSTR,THOC6,HMX3,ROGDI,ZCCHC8,OASL,BUB3,ZFYVE1,HSPH1,SIRT2,SUMF1,STAT2,KRCC1,SLC25A19,HSD17B14,CCNL2,MXRA8,PEX11G,CTXN1,ARSK,HYAL1,EBP,ATP2A1,BCL7C,CCDC191,EPS8L1,CHFR,PROB1,PIH1D1,TMEM187,CCDC90B,ZNFX1,PLCD3,ZFP36,ABHD1,GLMP,CALCOCO1,RANGAP1,ASPG,ZNF513,RUSC1,SOX6,PARP14,SGK3,CA11,TMEM143,FAM186B,ELMO3,ACBD4,DNAJC18,DLG4,TMEM109,PDE6D,SKAP1,CDCA3,CRABP2,CDCA8,ARHGAP4,SPHK2,PGM2L1,CENPS,EXOC3L1,ZNF446,PSKH1,CDC25C,EXO1,ACP6,SMIM22,DHRS13,IL32,BUB1B,TBC1D31,TBC1D13,GFY,UBE2T,MXD3,PRELID1,EHD1,HNRNPL,ATG2A,ZNF337,CEP128,BRSK1,HSPBP1,CHPF2,LONP1,TRPM5,ZER1,IZUMO1,TOP3A,FAM83E,PPP2R5B,PPP2R3C,TMEM97,KRTCAP2,SETMAR,RHBDL1,WFIKKN1,ZNF226,ZNF224,ZNF222,TRABD2B,ARRB2,PPM1N,NTN5,PPM1G,ATP9A,CTNS,PLEKHB1,BPIFB1,KNDC1,FUT2,RPF2,FDPS,LMBRD2,ATG4A,RPIA,MPV17,DAPK2,CDC6,SERPINI1,ING3,NDC1,HSPA13,RHBG,TM9SF1,SEMA6C,LSMEM1,SEMA3B,CHADL,SKP2,CEP57L1,INPP5B,FEN1,BICDL2,PPCDC,RASIP1,CGREF1,KNTC1,ARHGAP33,MAVS,USP11,PRAF2"
"DEG_HVL_CRC29","216","0.72729999999999995","EPAS1","EPAS1","213","1448","0.93479999999999996430","1.000000000000000000","0.8938000000000000","ReMap--ChIP-seq","DDIT4,SFXN3,NCAPG2,RAPGEF3,RASL11A,SRSF7,NOXA1,ICAM1,LGALS1,TNFSF10,MT-ATP6,RAC2,ZHX2,SYP,MT-ATP8,TGM1,ZNF81,IGF2R,UVSSA,TNFAIP8,LMNB2,CA9,ELF3,GALT,RRM2,SMC3,NAMPT,KNSTRN,HCFC1,MEX3A,BTG2,CDKN1A,PLIN4,PLIN2,ANGPTL4,AP5Z1,CDKN2B,PLP2,TPM2,FGGY,BCL6,C1QL1,CEBPB,TTK,ABLIM3,MACC1,SYNPO,PDK1,KNL1,SLC22A4,STXBP2,GINS4,ARHGDIG,CCDC28B,STX16-NPEPL1,FHAD1,PDXP,MT-ND6,MT-ND4,MT-ND5,MT-ND1,LACTB,RBCK1,CFAP73,GRIN3B,RIPK4,PFKFB4,KRCC1,FOXL1,PC,ENTPD8,N4BP3,DOC2A,TNFRSF13C,GLB1L,MAD2L1,KLHL31,CCND2,NDRG1,ARHGEF39,CFAP45,EPS8L2,ENO1,CDK18,TMEM187,FAM234B,ZFP36,TMSB10,ENKUR,ZG16B,LSP1,RANGAP1,LCA5L,MTUS1,CD109,PTPRN2,AMPD3,B3GNT9,CXCR4,CA12,KRT19,TRIP13,PTTG1,SPNS2,ELMO3,TMEM123,TGFBI,CHMP6,RGS11,MT-CO1,MT-CO2,MT-CO3,EXD3,RNF215,BHLHE41,CHAF1A,RMI1,SLC7A5,CRB2,SLC7A1,ZSWIM8,NUDT22,CENPO,YPEL3,EXOC3L1,MT-CYB,ITGB2,DEPP1,TRIB3,TRIB1,DEPDC7,GAL,RELT,ZNF585A,OSM,VEGFA,PRR15L,SYT8,BHLHE40,FBP1,GNG3,MKNK1,DNAI1,CDK5RAP3,FNDC3B,ZNF395,LDHA,HMOX1,FOSL2,CATIP,GRAMD2A,FAM210A,MGLL,TLE3,CCDC32,PKM,DENND3,FTH1,CITED2,PRX,IZUMO4,KIAA0513,RASEF,MYCL,HK2,TRPT1,MT-ND4L,ABCB6,WFIKKN1,VSIR,LRRC45,KANK3,TRABD2A,CXXC1,ATP9A,NDUFA7,TSPAN2,SPTLC2,SLC43A3,CD72,HNRNPUL2,PHF19,NUP62,SERPINE1,SYTL3,HOXB9,SIVA1,MTHFR,CDC6,SSPN,FMN1,NUDT16L1,MRAS,ZNF101,TIGAR,ADAM8,RASAL1,SEMA3C,TNNI2,CFLAR,PTGES,CYP4X1,CDT1,HILPDA,PRAG1,SSC4D,PDIA2,ARHGAP18,PDZD7,SMAD3,MAN2B1,LEKR1,NAP1L1"
"DEG_HVL_CRC29","217","0.73060000000000003","SPIB","SPIB","212","1443","0.93679999999999996607","1.000000000000000000","0.8925000000000000","ReMap--ChIP-seq","ZC3H12D,MTHFD2,DDIT4,BTBD19,KCNC3,CASP10,DUSP5,TOMM40L,ALDH1L1,LY75,ALDH1L2,MAP3K5,NEK8,TSPOAP1,TRIM38,IKZF3,TNFSF10,GIPR,TNFSF13,APOBEC3B,PTMS,MT-ATP6,RAC2,ZHX2,TLCD1,MT-ATP8,ETS1,NUP160,IGF2R,POLD4,POLD1,PLK3,BTG2,CDKN1A,PRUNE2,IL10RA,INSIG2,SYNE3,LBR,CKAP2L,WIPI1,MCM3,MCM5,MACC1,SLC35B2,EDN1,PARP9,CHRAC1,SUSD6,ARHGDIB,FPGS,ATP1B1,BLNK,PDXP,MT-ND6,MT-ND4,MT-ND5,MT-ND1,EML2,PADI2,C3,NAPSA,SUMF1,CARNS1,UCP2,TTLL1,SLC25A45,PFKFB3,SOCS3,BCL2L15,CDCA7L,PIK3CD,SH2D3A,SH2D3C,SLC25A19,PCBP1,TNFRSF13C,TMEM150A,MMD,CCND2,CYBB,KLHL14,BCL7C,ARMH1,CDHR2,MX2,EHF,WNT10B,ZCWPW1,TMSB10,GPR108,LSP1,GLRX,VIPR1,SIAH1,PARP10,GLIPR1,MDFIC,CXCR4,TRIP10,SGO1,TMEM134,RELL2,ALDH3B1,ALDH2,UPK3A,HSH2D,MT-CO1,MT-CO2,MT-CO3,EPB41L1,BHLHE41,NUDT22,FTL,CD274,INO80B,CORO1B,CORO1C,MT-CYB,NRGN,SPATC1,DEPP1,TSPAN31,SNRPD2,LPAR5,DHRS13,NRP2,DEPDC5,HSD17B6,REM2,GFY,BHLHE40,NABP1,CUEDC1,RSPH1,OTULINL,HMOX1,PEA15,GPNMB,ZNF318,BRSK1,HSPBP1,SRGAP3,CCDC12,RFC2,BPGM,NECTIN4,HIP1,LIMD2,IZUMO4,PGGHG,TOP3A,CBFA2T3,AMN1,ITPRIP,COTL1,MCF2L,TRPT1,FAM167A,MT-ND4L,AGAP2,TAPBPL,ABCA7,PIGR,FRMD8,TRABD2A,SLC38A2,EFCAB12,PPM1N,DOP1A,RASSF4,ID3,KIF14,CTSS,KIF2C,CD44,SLC43A3,CD55,CD74,CD82,GEMIN7,NDUFV2,NUP62,ZP3,HOXA1,SSPN,TNFSF9,RAD18,ING4,FCRLB,SERPINB1,ZNF101,ITPR2,SLC37A1,ESAM,TRAF1,TRAF4,SEMA3C,UNC93B1,RPL36A,TNNI2,SLC6A16,SP110,INPP5D,BCL11A,PPCDC,PRIM1,SCEL,STEAP4,SMAD3,ARHGAP30,BAX"
"DEG_HVL_CRC29","218","0.73399999999999999","STAT5A","STAT5A","212","1452","0.94810000000000005382","1.000000000000000000","0.8860000000000000","ReMap--ChIP-seq","MTHFD2,DDIT4,ORAI2,HEXIM1,HEXIM2,DUSP5,DUSP1,CCDC9,EFEMP2,MAP3K8,DGAT1,MSH4,SRSF3,NEK8,SDF2L1,VPS9D1,C1S,E2F2,TSPOAP1,ICAM1,SYNGR2,TNFSF13,NDUFAF3,MT-ATP6,TLCD1,KCNRG,MT-ATP8,IGF2R,UVSSA,LMNB1,LYL1,SLC3A2,POLD1,BTG2,ADAMTSL4,TK1,HLA-DQB1,TULP2,MGME1,MACC1,SLC35B2,STXBP2,ZWILCH,FPGS,ISYNA1,STPG3,IQCN,RBMX,MT-ND6,MDC1,MT-ND4,MT-ND5,MT-ND1,SAMD11,HES7,NAPSA,GRIN3B,TUBA1B,HLA-DPA1,HLA-DMA,HLA-DMB,UCP2,SLC25A45,FSCN2,SOCS2,LRR1,RCC1,CCNL2,MXRA8,SUV39H1,TNFRSF13C,DOT1L,CFAP45,SFPQ,IRF8,VIM,ENO1,CRACR2B,PA2G4,ZNF594,CARD6,ZNFX1,PLCD3,ZFP36,TMSB10,LSP1,PATL2,JMJD6,CARHSP1,MYL6B,WAS,TRIP13,NUCKS1,ACBD4,NFKBIA,CXCL8,TMEM107,PDE4A,HSH2D,POLM,MT-CO1,MT-CO2,MT-CO3,RMI2,RMI1,ZSWIM8,FTL,MT-CYB,ITGB2,SMIM14,HNRNPA1,HNRNPA3,HNRNPAB,REC8,HNRNPA2B1,PNPLA2,SIDT2,SYCE2,ADGRG5,UBXN10,BHLHE40,TCF3,PHTF2,TRA2B,HNRNPU,ZNF395,EHD1,HNRNPF,HNRNPC,CSAD,PLEKHN1,TUBB4B,FCGRT,HMGN2,VRK1,ILF2,RAB34,BRSK1,HSPBP1,CCDC12,RFC4,RFC2,PKM,TFDP1,NEMP1,DENND3,FTH1,LONP1,RALGDS,ATP6V0A1,TUBB,RFNG,AMN1,KBTBD8,ITPRIP,LMO2,CBX5,CBX3,SNAPC5,MT-ND4L,DDX39A,ZNF276,ABCA7,LRRC45,TMC8,TMC6,FRMD8,TRABD2A,B3GALT4,TMEM18,SLC12A6,TMPO,TSPAN4,IFITM10,ID3,CCR9,CTSD,SLC43A3,FUOM,CD74,CD70,STK17B,GEMIN7,SLC1A5,PHF19,NUP62,AURKB,AURKA,SERPINE1,SYTL3,S100A13,TNFSF9,MRC2,SERPINB1,SF3A2,AMH,TRAF1,DALRD3,TRAF4,TNNI2,CFLAR,TPCN1,IMPDH2,CDT1,DAZAP1,DNASE1L1,RANBP1,GDF15,LY6G5C,SMAD3,SLC2A6,BAX"
"DEG_HVL_CRC29","219","0.73740000000000006","JUNB","JUNB","211","1447","0.94979999999999997762","1.000000000000000000","0.8847000000000000","ReMap--ChIP-seq","DDIT4,ORAI2,HEXIM1,HEXIM2,BTBD19,KCNC3,SHB,DUSP5,DUSP1,CCDC9,AGRN,EFEMP2,MAP3K8,KMT5A,NEK8,SDF2L1,NOXA1,SP6,E2F2,TSPOAP1,ICAM2,ICAM1,SDC4,SYNGR2,MT-ATP6,TLCD1,PTMA,MT-ATP8,PLAU,TMOD1,LPXN,NUP153,IGF2R,LMNB1,LYL1,SLC3A2,POLD4,POLD1,DQX1,PLK3,MEX3A,BTG2,CDKN1A,CDKN1B,ADAMTSL4,PLIN2,IL10RA,THOC6,FKBP5,TPP1,MAP3K14,TULP2,MACC1,SLC35B2,TANGO2,HLA-E,SLC22A4,VWA7,KISS1R,ISYNA1,IQCN,HES4,MT-ND6,MDC1,MT-ND4,MT-ND5,MT-ND1,LIPH,HES7,EML2,NAPSA,SIRT4,POU5F1,SLC29A1,HLA-DMA,SLC25A45,GCDH,PCBP1,HYAL1,TMEM150A,DOT1L,MR1,CFAP45,INAFM1,VIM,EHF,ENO1,CREB3L1,MYB,SLC6A9,VSIG10L,PLCD3,ZFP36,NAGLU,CLIP2,LSM5,LSM4,LSM2,PGPEP1,PATL2,MROH6,JMJD6,SIAH2,CCDC88B,CLIC4,MYL6B,FAM20B,CA11,KRT19,KRT15,NRM,TMEM134,DNAJC30,RELL2,ACBD4,NAPRT,PDE4A,EGFL8,MT-CO1,SYNGAP1,MT-CO2,MT-CO3,EXD3,RNF215,RMI2,SPHK2,CRB2,NUDT22,FTL,MT-CYB,SMIM14,HNRNPA1,CCDC78,TRIB1,DHRS13,PDIK1L,HSD17B1,VEGFA,HOOK2,BHLHE40,NABP1,TAPBP,EHD1,HNRNPF,GSN,CLCF1,RAB3A,TM7SF2,TLE3,RAB34,CCDC12,PIP5KL1,RFC2,NEMP1,RALGDS,TRPM4,TUBB,CBFA2T3,AMN1,KIAA0513,FAM83E,CBX5,TRPT1,MT-ND4L,GPR19,LETM2,TMC8,TMC6,PIM1,S100A2,FRMD8,S100A4,S100A3,SLC38A2,B3GALT4,PPM1N,ID3,ARMC12,CD44,SLC43A3,CD70,CD82,DOK3,SLC1A4,NDUFV2,ISG15,PHF13,PHF19,NUP62,UQCRHL,MTHFR,TNFSF9,FCRLB,ANXA4,AK1,PSAP,DUSP12,TRAF4,SEMA3B,CFLAR,TPCN1,INPP4A,CDT1,BICDL2,KIF13B,RAD51C,IFI6,GDF15,LY6G5C,SMAD3,BAX"
"DEG_HVL_CRC29","220","0.74070000000000003","ZZZ3","ZZZ3","57","430","0.95779999999999998472","1.000000000000000000","0.7919000000000000","ReMap--ChIP-seq","CACNA2D4,MAP3K8,VPS13C,TNFSF10,SLPI,GIPR,TMEM176B,MTBP,ALCAM,CDKN2B,ORC6,NOD1,HDAC8,IFIT3,IFIT2,GBP3,EML2,TUBA1C,TUBA1A,FGFBP1,MYLK3,ZDHHC6,CAPN8,MR1,PIH1D2,RNF138,CHN2,AMPD3,FAIM,PDE4A,CDCA5,ZNF462,CORO2A,SNRPD2,NSD2,TM7SF2,SNRPB,CEACAM19,NECTIN4,C2CD4A,TOP2A,PFDN2,THBS3,ROM1,GGCT,MICB,HNRNPUL1,RASGRP2,ZP3,FCRLB,MORN3,IGFBP4,DUSP12,CFLAR,SSC4D,ARHGAP30,ITGB1BP2"
"DEG_HVL_CRC29","221","0.74409999999999998","XBP1","XBP1","209","1447","0.96289999999999997815","1.000000000000000000","0.8749000000000000","ReMap--ChIP-seq","DHDH,DDIT4,ORAI2,SLBP,HEXIM2,AGO2,NCAPG2,DUSP1,ATAD2,CCDC9,ALDH1L2,SRSF3,FBXO45,KCNK6,BCAS1,UHRF1,ICAM1,TRIM28,CYP39A1,TMEM63A,GIPR,BST2,POLA2,COX8A,MRPS25,RAD1,ENPP5,NUP153,FGF19,MYBL2,ACOX1,CCS,MSANTD4,ARMC7,CDKN1A,TK1,ANGPTL4,CDKN2D,MAMSTR,FKBP5,COPS3,MCM7,MCM3,CEBPB,TULP2,WDR97,ARRDC1,SLC51A,GSAP,TECPR2,TECPR1,CHRAC1,CGAS,IQCN,EML2,CYP2E1,LRSAM1,SLC29A1,MDFI,LYRM4,CSE1L,SH2D3A,SLC25A19,HSD17B14,SLC25A27,PC,GCDH,PAXIP1,DSN1,TAS2R38,FKBP10,L3HYPDH,SPINDOC,KLHL31,BANF1,MCUR1,MEA1,RBM14,RCN3,CCDC194,INAFM1,ENO1,SULT2B1,CHKA,ZNFX1,NAGLU,CLIP2,STIP1,ANKRD24,GLMP,PTBP1,DNMT3B,MROH1,ZNF507,MROH8,JMJD6,CD109,CCDC88B,CLIC5,TNFAIP8L1,MAP4K1,B3GNT3,TOMM40,DCPS,TRIP13,TMEM143,SPNS3,RAI14,TBCD,TMEM107,RAVER1,PLA2G7,PANX1,NINL,SAMD1,CENPS,SLC27A1,FTL,BRIX1,ODF2,CDC5L,NUDT3,SNRPD2,ACTN4,WFDC2,EEF1E1,HSD17B1,MGAT1,PNPLA7,TBC1D31,SYCE2,SHARPIN,UBE2C,TMEM221,ADGRF1,ASB16,EPOR,ANAPC11,HNRNPM,SNAI1,TCTN2,ZNF367,NSD2,FCGRT,MPC1,ZNF318,SNRPA,PI3,RFC2,CATSPERG,PPIL1,SNRNP48,CHMP1B,TOP3A,PTGER2,NT5M,SAE1,PPP2R5D,FAM167B,DDX39A,EZH2,EFCAB8,FLNB,PIM1,KANK3,ZNF512B,BIRC5,ZBTB46,ATP9A,NDUFA7,FAM53A,PGBD1,ANKH,ARMC12,RGL3,TECR,TMPRSS9,SPC24,SLC1A5,FUT2,PACSIN1,MAST3,ZP3,AURKB,UQCRHL,SERPINE1,ZNF165,TNFSF9,BATF2,SERPINB1,BACE1,TUBB6,ABHD11,AK1,PSAP,RHEB,WRAP53,TRAF2,METTL27,PRIM2,GDF15,MAN2B1,MADCAM1,PCDHGA1,PCDHGB1,PRRG2,ZNF184,USP28,BAX"
"DEG_HVL_CRC29","222","0.74750000000000005","IRF9","IRF9","208","1442","0.96430000000000004601","1.000000000000000000","0.8735000000000001","ReMap--ChIP-seq","MTHFD2,SCO2,DDIT4,ORAI2,SHMT2,BTBD19,KCNC3,RAPGEF3,CCDC9,AGRN,RASL11A,KMT5A,MAP3K5,SRSF3,SDF2L1,TRIM46,ICAM1,TRIM28,ARL15,PCK2,SYNCRIP,PLD1,FGF19,TNFAIP2,LYL1,SYNGR3,PLEC,CD7,DNAAF1,PLK3,CDKN1A,KIFC1,PLIN2,IL10RA,INSIG1,CKAP2L,WIPI1,CEBPB,TULP2,MACC1,BCOR,HDAC11,ZNF843,KNL1,SLC51A,TMEM74B,TYMP,EMC9,SUSD1,ISYNA1,COLGALT2,CGAS,OPLAH,SMKR1,RBL1,MUC1,HES4,RBP5,RBCK1,MLLT11,HLA-DMA,SLC25A41,SLC25A45,ST6GALNAC1,FHL2,DTL,TXNDC12,PCBP1,INTS7,AUNIP,SAMD9L,MR1,AJM1,TBC1D2,PSRC1,INAFM1,VIM,SULT2B1,ZCWPW1,ZFP36,LSM4,NES,PGPEP1,CCDC88B,FAM20B,STAC3,AKNA,DNAJC16,NFKBIA,CXCL8,TSEN15,CXCL2,LTC4S,RAVER1,CDCA5,TCP11L2,SLC7A5,CENPA,NUDT22,CENPH,FTL,GMPS,EIF4EBP1,HNRNPA1,REC8,TRIB3,PDIK1L,EEF1E1,HNRNPA2B1,EMID1,TBC1D13,GFY,BHLHE40,TCF3,MUC20,GNB1L,ASAP3,TRA2B,TMEM209,FOSL2,EHD1,HNRNPF,ATG2A,GMEB1,NRSN2,CSAD,AIFM3,ZNF280B,GSN,BRSK1,SLC26A1,CCDC24,HSPBP1,PLXNA2,CCDC12,PLXNB3,RSL24D1,PIP5KL1,PPIL1,FTH1,GPR37L1,PSD,IZUMO4,ZER1,CBFA2T3,AMN1,C1RL,LMO2,CBX5,CBX3,PPP2R5B,TRPT1,THBS3,WEE1,KRTCAP2,TTYH2,TMC8,MRPL48,TMC6,LYPLAL1,IDUA,PIM1,FRMD8,SQSTM1,SLC12A7,SLC12A9,TMPO,PAQR7,LRRN2,RGL3,TECR,KIF2C,SLC43A1,EXOSC4,CD55,IL17C,KHSRP,DOK3,ISG15,SSH3,PHF13,S100P,RAN,SERPINE1,MTHFR,TRIP6,MRC2,SERPINB1,ANXA4,NFAM1,ZNF114,TIMM10,TM9SF1,MORN3,CLSTN3,TUBB6,TOR3A,TEX9,DGKQ,MINDY1,AK1,RAD9B,MGAT4B,CCT6A,ANP32B,RAD51C,GDF15,BAX"
"DEG_HVL_CRC29","223","0.75080000000000002","CEBPB","CEBPB","209","1449","0.96460000000000001297","1.000000000000000000","0.8735000000000001","ReMap--ChIP-seq","DDIT4,SET,HEXIM1,HEXIM2,JAG1,DUSP1,CCDC9,LGR5,MAP3K8,MAP3K5,SRSF3,NEK8,SDF2L1,E2F2,MT1F,SDC4,FBXL5,ZHX2,CACYBP,TLCD1,NOXO1,PLD1,GRK5,SYNGR3,SLC3A2,ALCAM,ARMC7,CDKN1A,ADAMTSL4,PLIN2,BCL6,WIPI1,CEBPB,CEBPG,ABLIM3,BCO2,MGME1,APOC1,NIPAL3,TPX2,AMIGO2,TYMP,ZCCHC8,IQCN,LIPH,HES7,GABARAPL1,RBCK1,C3,COL1A1,ELOVL5,SIRT4,EMP1,FSTL1,STAT6,HNMT,SLC25A45,SLC16A5,FOXP1,SOCS3,SLC25A19,PPP1R15B,LRP1,PC,PCBP1,MMD,CAVIN2,LAMC3,CDHR2,MARVELD1,VIM,EHF,ENO1,ENO2,CHKA,TACR2,JDP2,PLCD3,ZFP36,TMSB10,ANKRD29,GPR108,LSM4,PGPEP1,GLRX,SOX9,MTUS1,CARHSP1,SIAH2,CCDC88B,MYL6B,AMPD3,SLC20A1,CA11,TRIP10,ACBD4,DNAJC16,NFKBIA,TGFBI,CXCL8,CXCL2,ALDH2,KYNU,TMEM107,TRNP1,PRTFDC1,KRT80,SPG7,AIF1L,CHAF1A,RMI1,SPHK2,SLC7A5,FTL,DLX2,OGT,ITGA1,HNRNPA1,HNRNPA3,ACTN4,TRIB3,TRIB1,EEF1E1,SCNN1A,ADGRG1,BHLHE40,NABP1,GNB1L,TRA2B,HMOX1,RMDN2,FOSL2,EHD1,HNRNPL,HNRNPF,NRSN2,TEAD1,TCP1,MGLL,TLE3,RAB36,RAB34,SLC26A1,PKM,NEMP1,FTH1,KRT7,PPL,ATP6V0A1,CITED2,AMN1,CYP2W1,ITPRIP,C1RL,COTL1,FAM83E,CBX5,HK2,WEE1,MYOF,IDUA,FLNB,PIM1,FRMD8,TRABD2A,SLC38A2,PARD6B,IFI35,TSPAN8,ID3,TECR,KIF27,CD44,CCT5,CD55,SPC24,SLC1A5,ZP3,AURKB,CLN6,AURKA,UQCRHL,S100P,SERPINE1,S100A13,CDC6,HBP1,SERPINB1,ANXA3,CCL20,ABHD11,DGKQ,RHEB,AMH,SEMA3C,PRR5L,CFLAR,TPCN1,TNS4,CDT1,KLLN,GDF15,KNTC1,SMAD3,CKS1B,ABCC3,TFPI,LEKR1,ZNF184"
"DEG_HVL_CRC29","224","0.75419999999999998","SOX2","SOX2","209","1451","0.96630000000000004778","1.000000000000000000","0.8721000000000000","ReMap--ChIP-seq","DDIT4,HEXIM1,HEXIM2,BTBD19,JAG1,PBX3,PBX1,DUSP1,CCDC9,GOLIM4,FADS2,SRSF7,NEK8,TRIM46,E2F7,IKZF2,DHX9,TMEM63C,FBXL5,MT-ATP6,SYNCRIP,PHGDH,TLCD1,PTMA,MT-ATP8,RAD1,AUTS2,ZIC2,SLC3A2,SMC4,MTBP,ALCAM,PRKCG,PLK3,MEX3A,CDKN1B,COPZ2,GAS1,PHF5A,HMMR,AKIRIN1,FANCM,BCL6,MCM7,HECTD2,TPX2,C2CD3,ACYP2,CERCAM,COLGALT2,MUC1,MT-ND6,MT-ND4,MT-ND5,MT-ND1,HSPH1,PPARGC1A,EXPH5,TUBA1C,TUBA1A,FGFBP3,ELOVL5,SIRT4,EMP1,PROCA1,FAM227B,SOCS3,NRARP,DSE,CHORDC1,EPHA4,PIK3R1,PCBP1,ZNF703,CCDC117,G2E3,NPM3,MAD2L2,PER2,CYP46A1,ANKHD1,HMGB2,SFR1,SFPQ,VIM,ENO2,NHLRC3,FZD1,PLCH1,SLC2A12,CCDC90B,GPR153,CHN1,SULF1,PLCD3,LZTS1,TMSB10,LSM4,NES,PGPEP1,ZNF608,NUAK1,ANKRD1,AMPD3,PTTG1,ATP6V1A,ACBD4,DLG4,TSEN15,TMEM107,TRNP1,PRTFDC1,LCA5,MT-CO1,MT-CO2,MT-CO3,SPHK2,PGM2L1,COL17A1,SPATA7,CORO1C,BRIX1,FUZ,MT-CYB,ITGB8,PBXIP1,HNRNPA1,HNRNPA3,MYO1B,GREB1,NRP2,NUDCD2,MIS18BP1,UBE2T,NABP1,CRY1,CUEDC1,HNRNPU,HNRNPR,FLRT3,TEAD1,ZNF367,KAT2B,GSN,TLE4,TLE3,RAB34,PLXNA2,CCDC18,CCDC34,NEMP1,FUBP1,CITED2,ITPRIP,COTL1,MYCL,CBX5,POU2F1,CBX2,CBX1,LEF1,THBS3,WEE1,MT-ND4L,KRTCAP2,PIF1,NCAPG,GPR19,MYOF,LRRC17,ZBTB26,PIM1,S100A2,SAP30,TRABD2A,SLC38A2,TP53INP1,CYB5B,TMPO,ID3,LMCD1,KIF2C,EXOSC2,HNRNPUL2,COL5A2,AURKB,UQCRHL,STMN1,PRR11,TSPYL4,SKA2,HBP1,SERPINI1,MOB3B,TEX9,WRAP53,DUSP12,TRAF4,SEMA3B,CEP57L1,DPH6,BCL11A,FEN1,KNTC1,SMAD3,KIF18A,CKS1B,TOB1,ZNF184"
"DEG_HVL_CRC29","225","0.75760000000000005","FOSL1","FOSL1","209","1452","0.96709999999999995968","1.000000000000000000","0.8714000000000000","ReMap--ChIP-seq","SMCO4,DDIT4,ORAI2,BTBD19,SHB,MMP25,DUSP1,CCDC9,SMS,NEK8,NOXA1,SP6,UHRF1,E2F2,TSPOAP1,MT2A,SDC4,TLCD1,PLAU,PLD1,NUP153,IGF2R,LYL1,POLD4,PLK3,CGN,CDKN1A,ADAMTSL4,PLP2,THOC6,INSIG1,MAP3K14,PHACTR4,TULP2,ABLIM3,MACC1,SLC35B2,SLC22A4,TMEM184A,VWA7,KISS1R,CDH24,FHAD1,MFSD1,IQCN,HES4,LIPH,HSPG2,RBCK1,COL1A1,SLC29A1,SLC25A45,SOCS3,FHL2,PPP1R15B,LRP1,RCC1,ENTPD8,TMEM87B,FKBP10,DOT1L,CAPN8,BANF1,EBP,SFR1,CFAP45,ARMH1,MVP,INAFM1,VIM,EHF,ENO1,CREB3L1,MYB,SULT2B1,SLC2A12,COL16A1,ZFP36,ENKUR,CLIP2,LSM5,RANGAP1,MROH8,DDX60L,MTUS1,JMJD6,CD109,SIAH2,CCDC88B,AMPD3,FAM20B,SLC20A1,KRT13,KRT19,KRT15,DNAJC30,LTBP2,DLG4,TGFBI,CXCL8,CXCL2,PDE4A,TRNP1,PRTFDC1,EXD3,RNF215,SHC4,CORO1C,ITGB6,SMIM14,ITGA3,ADORA2B,ACTN4,TRIB3,TRIB1,DHRS13,EEF1E1,SH3RF2,PRR15L,ADGRG1,RARRES1,TMEM234,UBXN10,BHLHE40,NABP1,CDK5RAP3,ANAPC11,PRELID2,EHD1,HNRNPF,NRSN2,CLCF1,RAB34,PIP5KL1,PKM,NEMP1,NECTIN4,FTH1,KRT7,CITED2,PRX,TLR1,AMN1,KIAA0513,ITPRIP,LMO2,SHISA4,FAM167B,CLDN4,WFIKKN1,LETM2,LYPLA2,MYOF,MRPL48,PIM1,S100A2,FRMD8,S100A5,S100A4,S100A3,SQSTM1,SLC38A2,ZBTB47,PARD6B,TSPAN5,LRRN2,ID3,TECR,KIF2C,SLC43A3,CD55,SCN9A,SCARA3,ISG15,PROC,PHF19,UQCRHL,SERPINE1,BACH2,MTHFR,HBP1,FCRLB,SERPINB1,ANXA3,ADAM9,LSMEM1,PSAP,RNPEPL1,DUSP12,TRAF4,EFHC1,METTL27,SEMA3C,CTNNAL1,AHNAK2,TPCN1,MGAT4B,TNS4,ANP32B,BICDL2,GDF15,ARHGAP18,SMAD3,ALYREF,MAVS,CKS1B,ARHGAP10,TFPI,LEKR1"
"DEG_HVL_CRC29","226","0.76090000000000002","FOXO1","FOXO1","208","1447","0.96830000000000004956","1.000000000000000000","0.8700000000000000","ReMap--ChIP-seq","ZC3H12D,DDIT4,HEXIM1,HEXIM2,DUSP1,PLSCR4,CCDC9,EFEMP2,MAP3K8,MAP3K4,MAP3K5,SRSF3,E2F2,TSPOAP1,IKZF2,SDC4,MT-ATP6,NOXO1,FILIP1L,MT-ATP8,ETS1,PLD1,GRK5,IGF2R,CA9,SYNGR3,PLEC,SLC3A2,ALCAM,BTG2,ADAMTSL4,HMCES,FANCA,BCL6,MCM7,SYNE3,LBR,MGME1,MACC1,IFIT2,KISS1R,GINS4,ARHGDIB,IQCN,RBKS,LUM,MT-ND4,MT-ND5,MT-ND1,UBASH3B,HES7,GABARAPL1,COL1A1,TUBA1B,UCP2,FOXP1,RNASEH2B,SOCS3,FHL2,SLC25A19,SPON2,HASPIN,PCSK7,TNFRSF13C,TMEM150A,MMD,CCDC117,GLB1L,CAPN5,NDRG1,ARHGEF39,MCUR1,HMGB1,MARVELD1,TLNRD1,PA2G4,PFAS,PLCD3,ZFP36,NAGLU,TMSB10,CLIP2,ABHD4,PTBP3,RNF24,DDX60L,ZNF608,MTUS1,STAG1,CREBRF,CLIC4,AMPD3,MDFIC,DISC1,DCPS,RAI14,AKNA,LTBP2,TMEM123,ACBD4,NFKBIA,TGFBI,KYNU,TMEM107,POLM,MT-CO1,MT-CO2,MT-CO3,PXDN,CENPU,COL3A1,CENPM,SNAP23,SMIM14,PBXIP1,ACTN4,DHRS12,NRP2,TAGLN,HSD17B1,MGAT1,REM2,TBC1D31,SIDT2,NCKIPSD,NABP1,PHTF2,RND3,ZNF395,HMOX1,EHD1,HNRNPF,TCTN1,TEAD1,TM7SF2,CEP135,TLE6,SNRPE,BRSK1,HSPBP1,SRGAP3,RFC2,DENND3,ATP6V0A1,CITED2,LIMA1,NT5E,CBR3,ITPRIP,HOXA11,COTL1,LMO2,SHISA4,MT-ND4L,TAPBPL,NCAPH,GPR19,MYOF,LYPLAL1,KANK2,ZBTB26,SQSTM1,TRABD2A,SLC38A2,PPM1N,TP53INP1,PAG1,ID3,TECR,LMCD1,KIF23,PDZRN3,CD55,CD72,STK17B,SPC24,SLC1A5,CALD1,PHF19,AURKB,LNX1,SERPINE1,GABPB1,BACH2,HBP1,MRC2,FCRLB,SF3A2,TM9SF1,LPCAT2,DNMT1,ITPR2,PSAP,DUSP12,AMH,TRAF1,CFLAR,TPCN1,MGAT4B,TNS4,PTGES,INPP5D,ATM,CAMK1,SMAD3,TFPI,LEKR1,STN1"
"DEG_HVL_CRC29","227","0.76429999999999998","MEIS1","MEIS1","208","1450","0.97060000000000001830","1.000000000000000000","0.8679000000000000","ReMap--ChIP-seq","BTBD19,SFXN2,CASP10,DUSP1,PAFAH1B3,PTAFR,ADAM28,CASP8AP2,MSH6,KCNK5,TNFSF13B,TSPOAP1,TRIM38,TNFSF10,RACGAP1,MT-ATP6,RNF144A,FILIP1L,MT-ATP8,ETS1,PLD1,LPXN,IFT27,LMNB1,ARMC7,BTG2,CDKN1B,PLIN2,ADCY4,CDKN2C,PODNL1,OIP5,CSGALNACT1,COPS3,PHACTR4,TULP2,IFIT3,NIPAL3,STXBP2,ARHGDIB,FPGS,ACYP2,COQ2,CGAS,CFAP221,MT-ND6,MT-ND4,MT-ND5,MT-ND1,UBASH3B,STARD9,SIRT4,MYLK3,MYLK4,SLC25A45,SLC16A5,FHL2,SH2D3C,PPP1R14C,PCBP1,ZNF704,ZNF703,TAS2R38,COL9A2,GLB1L,CCDC159,TANC1,NDRG4,RTN1,CYP1B1,SLC6A9,GCNT3,TMSB10,ABHD4,LSM7,WBP1,RHEBL1,CARHSP1,CD109,TSHZ1,FAF1,B3GNT3,DCPS,ASIC1,TGFBI,CXCL2,TMEM107,HSH2D,LCA5,MT-CO1,MT-CO2,FAR2,MT-CO3,LIN54,RMI1,SLC7A5,CD274,INO80B,CORO1C,FUZ,HPSE,MT-CYB,SMIM14,SPTB,DEPP1,NUDT3,LPAR5,PDIK1L,MGAT1,PNPLA7,SIDT1,EMID1,ADGRG1,TBC1D13,GGN,NABP1,TTI2,CUEDC1,FBP1,RSPH1,OTULINL,LDHD,PRELID2,NFATC3,RMDN2,HNRNPL,TCN2,KAT2B,GRN,TMEM39B,CEP128,TLE4,TLE3,CEP135,LTB4R2,ZNF318,BRSK1,HSPBP1,NBDY,RFC2,NEMP1,DENND3,ATP6V0A1,TRPM4,HIP1,ZER1,AMN1,KIAA0513,NT5E,NT5M,PTGES3,LMO2,KLHDC10,HK2,SPRED3,MT-ND4L,GPR19,VSIR,PELI2,FABP6,PIM1,FRMD8,TRABD2A,ARRB2,PPM1N,CYB5B,RASSF4,SCN1B,PAG1,SPTLC2,CD55,CD72,CD70,RPA2,STK17B,CD82,RGS6,NDUFV2,PHF19,AURKB,UQCRHL,BACH2,TNFSF9,TIGD3,NFAM1,ZNF117,PRSS33,SEMA6C,ADAM8,RAD51AP1,PSAP,SLC37A1,CDK2,DUSP12,RPL36A,DCAF15,TPCN1,TIPIN,SP110,INPP4B,CEP57L1,INPP5B,BCL11A,PPCDC,TUBG2,CAMK1,ARHGAP19,SMAD3"
"DEG_HVL_CRC29","228","0.76770000000000005","LYL1","LYL1","207","1449","0.97440000000000004388","1.000000000000000000","0.8637000000000000","ReMap--ChIP-seq","CACNA2D4,MTHFD2,DDIT4,ORAI2,TEX30,AGO2,SFXN3,MMP25,ADAM28,MAP3K8,CERS4,TSPOAP1,ICAM2,ICAM1,LGALS1,TNFSF10,SYNGR2,RACGAP1,MT-ATP6,RAC2,RNF144A,MT-ATP8,UBA7,PLD1,PLD3,LPXN,LYL1,PLEC,BTG2,TK2,PLIN2,SLC17A9,SLC17A7,PLP2,SLC26A11,RALGAPA2,OSBPL5,OSCP1,LBR,WIPI1,MACC1,BCOR,SLC51A,HELZ2,KISS1R,SUSD1,COMT,FPGS,CGAS,PDXP,SLC4A8,MT-ND6,MT-ND4,MT-ND5,MT-ND1,CFAP99,LRSAM1,CARNS1,CASTOR1,MYLK4,SLC25A45,ZNF684,RNASEH2B,PFKFB3,SH2D3A,SH2D3C,PHYKPL,PIK3R1,TAS2R38,COL9A2,TMEM150A,GLB1L,AUNIP,CCDC159,CYBB,CFAP45,ARMH1,RCN3,VIM,MYB,ZNF575,CLIP2,CCDC88B,STAB1,SLC20A1,DISC1,SPNS3,SPNS2,RELL2,ASIC1,TGFBI,CXCL8,SGSH,HSH2D,LTC4S,MT-CO1,MT-CO2,MT-CO3,SKAP1,ARHGAP4,CENPA,CENPC,NUDT22,MT-CYB,ITGB2,SPATC1,HNRNPA1,HNRNPAB,MYO1F,CCDC102A,NUDT3,ACTN4,TRIB1,SLC45A4,EGR3,LPAR5,DHRS12,IL32,OSM,EMID1,SYCE2,ADGRG5,GFY,BHLHE40,NABP1,MXD3,RSPH1,LDHD,PRELID1,NFATC3,FOSL2,SNAI1,FNDC11,CATIP,DHRS1,FCGRT,SLC39A3,LTB4R2,CCDC12,RSL24D1,RFC2,DENND3,NECTIN4,GFI1,TBC1D10C,ATP6V0A1,IZUMO4,CBFA2T3,AMN1,KIAA0513,COTL1,LMO2,MYCL,CBX5,HK2,TRPT1,PFDN2,MT-ND4L,ABCB6,FERMT3,VSIR,TMC8,TMC6,PLXDC1,PIM1,FRMD8,S100A9,SQSTM1,ARRB1,IFI35,SCN1B,PAG1,CD44,SLC43A3,TMPRSS4,CD55,CD82,DOK3,SSH3,PHF19,S100P,DAPK1,SYTL1,CHST13,PRSS22,MORN3,IGFBP4,ADAM8,AK1,SLC37A1,XAF1,RNPEPL1,AMH,TRAF1,CFLAR,TPCN1,MGAT4B,CDT1,PPCDC,CAMK1,PLCXD2,PDZD7,SMAD3,AZIN2,ARHGAP30,STN1,USP20"
"DEG_HVL_CRC29","229","0.77100000000000002","TERF1","TERF1","206","1447","0.97719999999999995755","1.000000000000000000","0.8603000000000000","ReMap--ChIP-seq","ZC3H12D,DDIT4,ORAI2,BTBD19,CASP10,DUSP5,TOMM40L,PTAFR,CASP8AP2,MBD2,MAP3K8,MAP3K5,NEK8,BCAS1,ATP10D,E2F2,E2F5,ICAM2,GIPR,SYNGR2,TNFSF13,MT-ATP6,ZHX2,TLCD1,SPRYD4,IGIP,MT-ATP8,TGM1,PLAU,ADAM10,LMNB1,LYL1,GALT,SLC3A2,PLK3,HOMER2,BTG2,CDKN1A,ADAMTSL4,COPZ2,ADCY4,MRE11,INSIG1,MCM7,MACC1,SLC35B2,TRANK1,SUSD6,TIMELESS,CDH15,MT-ND6,MT-ND4,MT-ND5,MT-ND1,EML2,RBCK1,RIPK3,ELOVL5,SLC29A1,RNASEK,STAT4,MYLK3,SLC16A5,RNASEH2B,SOCS3,BCL2L15,CDCA7L,SLC25A19,PCBP1,TNFRSF13C,CLYBL,CCDC117,RCN3,IRF8,TLNRD1,ENO2,ZCWPW1,ZFP36,TMSB10,ABHD4,ILDR1,LSM7,WBP1,GLRX,PNRC1,CARHSP1,SIAH2,CCDC88B,CREBRF,B3GNT7,TLDC2,CA11,SPNS3,NFKBIA,ALDH2,TMEM107,PDE4A,TMEM109,HSH2D,HSPD1,MT-CO1,MT-CO2,MT-CO3,CHAF1B,CHAF1A,TCP11L2,SPHK2,CENPM,KHDRBS1,NRF1,MT-CYB,ITGB2,SMIM14,PBXIP1,TSPAN31,CCDC102A,TRIB3,DHRS13,PDIK1L,NUDT8,SCNN1D,ADGRG5,TTI2,CUEDC1,DNAH3,RSPH1,LDHA,LDHD,HNRNPL,HNRNPM,NRSN2,CSAD,TCTN1,ZNF367,RAB3A,FCGRT,SNRPG,BRSK1,HSPBP1,CCDC32,RFC3,RFC2,DENND3,HAUS8,NECTIN4,IZUMO4,PSMC3IP,KIAA0513,FAM83E,AXIN1,PFDN2,WEE1,MT-ND4L,DDX39A,PIF1,AGAP2,TAPBPL,NCAPH,CTCF,TMC8,TMC6,PLXDC1,PIM1,TRABD2A,SLC38A2,ZBTB46,TP53INP1,IFI35,SLC12A6,ID3,CD44,STAMBPL1,CD55,CD70,RPA1,STK17B,DCLRE1B,JADE1,MAST3,AURKB,MAPK10,TNFSF9,SERPINI1,TIGD3,BATF3,ZNF101,TM9SF1,TOR3A,PSAP,SLC37A1,CDK2,TRAF1,TRAF4,ADRM1,SLC6A16,SP110,INPP4A,INPP5D,ANP32E,PPCDC,TUBG1,SMAD3,ARHGAP30,MAN2B1,ZNF184,USP28"
"DEG_HVL_CRC29","230","0.77439999999999998","ARNTL","ARNTL","206","1449","0.97840000000000004743","1.000000000000000000","0.8589000000000000","ReMap--ChIP-seq","MTHFD1,HEXIM2,AGO2,AGR3,ATAD2,CCDC9,TOM1,DGAT1,LY6E,SDF2L1,SP2,BCAS1,E2F5,TRIM37,MT2A,SLPI,TMEM63C,MT-ATP6,SPRYD4,MT-ATP8,GRIN1,SGSM1,PLAU,LYG1,BBOF1,MYBL2,ACOX1,SHANK1,POLE2,SMC3,NAMPT,WDR62,NUP85,AP5Z1,PODNL1,RTN4R,ZNF790,PHACTR3,LBR,MACC1,SLC35B2,BRICD5,GSAP,SLC22A3,TMEM184A,TYMS,CHRAC1,ARHGDIB,TSGA10,OPLAH,MT-ND6,MT-ND4,MT-ND5,ZFYVE1,MT-ND1,GRID2IP,HMGXB4,FGFBP3,SLC29A4,SLC29A1,KPNA2,ZNF684,ACAT2,FHL2,SLC25A19,CECR2,CTHRC1,ARSA,PCBP1,L3HYPDH,NPM1,ALDH4A1,KLHL31,ARMH1,CCNA2,MARVELD1,WSB1,DNAH11,CHKA,SPEF2,CHN2,EEF1AKMT2,GPR146,ZFP36,ILDR1,LSM5,MROH1,PFN4,PARP10,SLC20A1,AKAP5,CA11,RAI14,ALDH3B1,UPK3A,RNF207,CD163L1,MT-CO1,MT-CO2,MT-CO3,BHLHE41,SPHK2,ODC1,CENPA,YPEL5,NAE1,MT-CYB,ITGB4,SPATC1,CRKL,ADGRB1,TRIB3,CEP192,ALDH6A1,ACY1,PNPLA7,NUDT8,HNRNPA2B1,SHQ1,PPIH,ADGRG1,BHLHE40,TENT4A,ZNF395,SEH1L,ANAPC11,HMOX1,HNRNPF,ZNF367,FAM210A,ZEB1,GPNMB,ZNF345,DHRS2,HMGN2,RAB37,SNRPG,SNRPB,BRSK1,HSPBP1,SRGAP3,CNIH3,WDR4,NEMP1,THSD4,TPRKB,P2RX6,PCLAF,KRT7,MAPK8IP2,SPTBN4,PPL,TLR1,PTGER2,LMLN,CBX3,KLHDC1,YBX1,HK2,PFDN2,MT-ND4L,TAPBPL,PIGR,CKS2,LRRC58,MYCBPAP,NTN5,ATP9A,IFI35,PLEKHD1,PPP1R36,ANKH,PAG1,PAICS,EXOSC4,RPA3,DCLRE1C,KNDC1,RGS9,SLC1A5,SHLD2,RAN,SERPINE1,MPV17,CDC6,TRIP6,SSPN,PSAP,PSCA,PSD4,METTL17,UNC93B1,DCAF15,TPCN1,TFAM,TUBG1,RAD51D,RAD51C,TUBD1,SSC4D,CASKIN1,ALYREF,TP53I3,ULBP2,KLF15,USP16"
"DEG_HVL_CRC29","231","0.77780000000000005","ZNF197","ZNF197","205","1443","0.97870000000000001439","1.000000000000000000","0.8581000000000000","ReMap--ChIP-seq","MTHFD1,ORAI3,SET,ZNF23,ZNF32,JAK3,TOMM40L,TARBP1,ALDH1L1,RIF1,DGAT1,NPAS1,TNFRSF14,TSNAXIP1,SP2,SP6,IKZF2,RACGAP1,RRAS,NEU1,CPLANE2,FBXL5,MT-ATP6,MRPS25,RNF144A,NOXO1,MT-ATP8,ADAM10,LYL1,SUN2,MKKS,SYNGR3,POLD4,ZSCAN31,NUP85,GJB4,GJB5,IL10RA,MAMSTR,INSIG1,SAPCD2,LCORL,MACC1,SUSD1,OPLAH,OASL,DCK,IQCN,RBL1,MT-ND6,MT-ND4,MT-ND5,MT-ND1,SCAMP5,RBCK1,LXN,NAPEPLD,UCP2,STAT2,ETFBKMT,KPNA2,KRCC1,BCL2L12,ST6GALNAC1,FHL2,HSD17B14,SLC25A21,BAIAP3,SPON2,PAXIP1,EPHA10,PCBP1,HYAL1,GLB1L,KLHL31,BCL7C,MVP,EGF,SULT2B1,SLC6A9,CCDC90B,ASAH1,TMEM160,NAGLU,CALCOCO1,PTBP1,PGPEP1,PTBP3,PTPRN2,ANKRD9,FAM20B,SGK3,CA12,TMEM143,ASIC1,CXCL2,NAPRT,MT-CO1,MT-CO2,MT-CO3,CDCA3,CRABP2,CHAF1A,SLC7A5,CRB2,ZNF473,ZSWIM8,YPEL3,SHC2,CORO1C,MT-CYB,ACP6,CDC45,HNRNPA1,TRIB3,LPAR5,DHRS13,PAK1IP1,HSD17B1,ZNF585A,NRTN,HOOK2,UBE2S,HP1BP3,ASB16,AP1S2,CDK5RAP2,ANAPC11,GMEB1,NRSN2,AIFM3,ZNF367,ALOX5,NSD2,GSN,CLCF1,RAB3A,CCDC24,RAB26,P2RX6,CALML6,LONP1,TRPM5,RALGDS,PYCR3,COL18A1,PSD,IZUMO4,IZUMO1,CBFA2T3,DCST2,MYCL,CBX5,PFDN2,MT-ND4L,VPREB3,RHBDL1,WFIKKN1,VSIR,MRPL48,RABAC1,TMEM54,CXXC1,RSAD2,KDELR3,RGL3,ANO9,KIF22,KIF2C,EXOSC4,SPC25,CD82,DOK3,FUT2,FUT6,PHF13,PHF19,UQCRHL,S100P,ITPKA,SF3A2,TOR3A,ADAM9,NATD1,BTBD9,RNPEPL1,AMH,TRAF1,SEMA3B,CFLAR,PTGES,INPP5D,DAZAP1,PPCDC,RASIP1,CGREF1,RANBP1,GDF15,LY6G5C,CASKIN1,ALYREF,ESR2,MADCAM1,OPRL1,USP20"
"DEG_HVL_CRC29","232","0.78110000000000002","RBPJ","RBPJ","206","1452","0.97999999999999998224","1.000000000000000000","0.8568000000000000","ReMap--ChIP-seq","ZC3H12D,DDIT4,ORAI2,JAG1,LGMN,KCNC3,DUSP5,MBD2,CCDC9,FADS2,EFEMP2,MAP3K8,MAP3K5,NEK8,E2F2,TSPOAP1,ICAM1,LGALS1,TRIM28,GIPR,SYNGR2,NDUFAF3,MT-ATP6,RAC2,TLCD1,PTMA,PCNA,NOXO1,MT-ATP8,CARD14,PLD1,INAVA,GRK5,LMNB2,CA9,PLEC,SLC3A2,RRM2,VPS18,BTG2,CDKN1A,CDKN1B,SLC17A7,CDKN2D,PHF5A,FKBP5,MCM7,TULP2,ZNF747,MGME1,IFIT3,BRICD5,SLC51A,TPX2,SUSD6,EMC9,BLNK,PDXP,MT-ND6,MT-ND4,MT-ND5,MT-ND1,HES7,EML2,PROCA1,CARNS1,SOCS3,PIK3CD,NRARP,SH2D3A,SH2D3C,SLC25A19,LRR1,EIF4A3,HASPIN,PCBP1,TNFRSF13C,HYAL1,DOT1L,CCDC159,ARHGEF39,IRF8,MVP,PROB1,INAFM1,TAF5,ENO2,PIH1D1,ZCWPW1,RNF168,ZNFX1,GPR146,ZFP36,TMSB10,ILDR1,GPR108,LSM4,WBP1,JMJD6,CCDC88B,CXCR4,CA11,TRIP10,PTTG1,TMEM134,DLG4,TMEM107,PDE4A,HSH2D,SPG7,MT-CO1,MT-CO2,MT-CO3,CDCA3,RMI2,SPHK2,NUDT22,CENPM,FTL,INO80B,CORO1B,MT-CYB,ITGB2,PBXIP1,REC8,SNRPD2,DHRS13,SYCE2,ADGRG1,GFY,TMEM230,BHLHE40,TCF3,GNG3,EHD1,HNRNPL,C1QTNF6,TCTN1,CLCF1,RAB3A,TM7SF2,RAB34,RFC2,NEMP1,DENND3,TBC1D10C,IZUMO4,ITPRIP,COTL1,FAM83E,TRPT1,MAPK8,FAM167B,FAM167A,MT-ND4L,TAPBPL,FERMT3,GPR19,CTCF,ROM1,TMC8,TMC6,CKS2,TRABD2A,ZNF512B,EFCAB12,PPM1N,PAG1,ID3,ARMC12,KIF2C,CD44,CD72,CD70,STK17B,CD82,HNRNPUL2,RASGRP2,NUP62,AURKB,TNFSF9,FCRLB,SF3A2,TM9SF1,DNMT1,PSAP,CDK2,DUSP12,AMH,TRAF1,DALRD3,TRAF4,CFLAR,TPCN1,IMPDH2,INPP4A,KLK1,INPP5D,FEN1,PPCDC,IFI6,SMAD3,CKS1B,KLF10,USP16,OPRL1"
"DEG_HVL_CRC29","233","0.78449999999999998","NR5A2","NR5A2","204","1442","0.98160000000000002807","1.000000000000000000","0.8540000000000000","ReMap--ChIP-seq","HEMK1,SPINT1,DDIT4,ORAI2,HEXIM1,HEXIM2,BTBD19,KCND3,RAPGEF3,CYSRT1,BCAS1,TRIM37,SDC4,DHX9,TNFSF13,PTK6,BRI3BP,POLA2,MT-ATP6,ZHX2,MT-ATP8,KCNS3,ELF3,CD7,BCAM,HOMER2,ADAMTSL4,ANGPTL4,PLIN5,INSIG1,HDAC11,AQP6,AQP5,HMCN2,ARRDC1,OBSL1,TECPR1,AMIGO2,ZWILCH,EME2,STX16-NPEPL1,LPP,RBMX,MT-ND6,MT-ND4,MT-ND5,MT-ND1,C3,MLLT11,LRSAM1,RECQL4,LRG1,HR,SLC25A45,MDM2,SH2D4A,SH2D3A,PPP1R15B,DUT,SLC34A3,PEX11B,FKBP10,CCDC117,ALDH4A1,CCDC159,TANC1,ACACB,TREH,BCL7C,MMRN2,TAF1B,VIM,TAF3,EHF,ENO1,MYB,MSRB2,PLCD3,EEF1AKMT2,GPR108,GLMP,CYP4F11,NES,ASPG,MROH1,ASS1,VIPR1,NADSYN1,CHEK2,SIAH2,MYL6B,AMPD3,KRT19,KRT15,TRIP10,TJP3,TMEM134,ATP6V1A,ACBD4,CXCL8,ALDH2,KRT80,MT-CO1,ARPIN,MT-CO2,MT-CO3,CRABP2,RNF224,ODC1,CENPA,ZSWIM5,ETNK2,YPEL3,YPEL2,MT-CYB,ACP6,BECN1,TTC39A,HERC5,BRIP1,EGR1,OSGIN1,NRTN,GPRIN2,SIDT1,SIDT2,BHLHE40,PYROXD2,DEGS2,TCF3,GNB1L,LDHA,LDHD,PRELID1,CSAD,C1QTNF6,HID1,TLE3,RAB36,PLXNB2,HGFAC,THSD4,KRT7,GPR37L1,PPL,PTGES2,CBX2,IDH2,LIMK2,MT-ND4L,TMEM92,RFX5,NCAPH,FERMT3,FRMD8,KANK3,TMEM18,ARRB1,PARD6B,BEND3,CYB5B,NDUFA7,MBOAT1,TSPAN1,IFITM10,KIF12,CTSD,TMPRSS2,CD55,RGS9,SCARA3,MAT1A,DOK3,CALHM2,FDPS,GGT7,SSH3,NUP62,S100A16,S100A13,SIVA1,CDC6,TRIP6,HBP1,INHA,IGFBP4,LSMEM1,PSCA,TRAF1,TRAF4,CFLAR,PTGES,TMTC2,NME3,RAD51C,TFF2,TUBD1,DMRT2,GDF15,KCTD3,SELENOM,A2ML1,CHTF18,ABCC3"
"DEG_HVL_CRC29","234","0.78790000000000004","ZNF644","ZNF644","205","1449","0.98180000000000000604","1.000000000000000000","0.8540000000000000","ReMap--ChIP-seq","DHDH,DDIT4,L1CAM,TOMM40L,RAPGEF3,TARBP1,FADS2,EFEMP2,MAP3K8,KMT5A,DGAT1,NEK8,SP6,E2F1,TSPOAP1,ICAM2,CCP110,ATXN7L2,ARL15,RRAS,CPLANE2,MT-ATP6,MRPS25,SYP,RNF144A,TLCD1,ORMDL3,TMEM176B,MT-ATP8,TNFAIP2,LYL1,SUN2,CD7,ZSCAN31,DNAAF1,HCFC1,BTG2,KIFC1,IL10RA,MAMSTR,INSIG1,FGGY,CPQ,WIPI1,TULP2,MACC1,IFIT3,SUSD1,ARHGDIB,ALOX12,COLGALT2,OPLAH,MT-ND6,MT-ND4,MT-ND5,ZFYVE1,MT-ND1,PRKAR1B,RBCK1,GRIN2C,NAPEPLD,SIRT2,RNASEK,UCP2,SLC16A5,BCL2L12,BCL2L15,FHL2,HSD17B14,BAIAP2,GCDH,PAXIP1,PCBP1,PCSK7,TMEM150A,CCDC117,CAVIN2,NDRG4,BCL7C,TBC1D2,MYB,GSDMB,TMEM198,TMEM187,ZCWPW1,IMPA2,RNF168,CCDC90B,CHPF,NAGLU,TMSB10,ZG16B,PTBP1,LCA5L,PATL2,RUSC1,CHEK2,NECAB3,PTPRN2,FAM20B,CA12,CXCL2,POLL,CTPS1,LTC4S,MT-CO1,MT-CO2,MT-CO3,EPB41L1,CHAF1A,CENPA,CENPO,YPEL3,CENPS,FTL,CORO1C,MT-CYB,CDC45,HNRNPA1,HNRNPA3,CCDC78,TRIB3,LPAR5,PDIK1L,EMID1,SYCE2,HOOK2,BHLHE40,PRELID2,EHD1,NRSN2,NSD2,RAB34,ZNF318,BRSK1,HSPBP1,P2RX4,FTH1,COL18A1,IZUMO1,CBFA2T3,AMN1,KIAA0513,COTL1,MYCL,CBX5,WEE1,MT-ND4L,DDX39A,FIGNL1,KCNMB3,PIGZ,VSIR,MRPL48,TMC4,ZNF224,PIM1,SQSTM1,TRABD2A,ARRB1,BIRC5,TMPO,RSAD2,ANO9,KIF22,KIF2C,TMPRSS9,SLC43A3,EXOSC4,CD55,DCLRE1B,FDPS,PHF13,NUP62,ZP3,S100P,DAPK1,HOXB9,PRR29,MTHFR,PRSS22,ING4,NFAM1,TOR3A,AK1,PSAP,RNPEPL1,TRAF4,TPCN1,MGAT4B,ANP32B,DAZAP1,FEN1,PPCDC,TNXB,RASIP1,GDF15,PRAG1,GOLT1A,ARHGAP18,MADCAM1,USP16,PRRG2,USP20,BAX"
"DEG_HVL_CRC29","235","0.79120000000000001","GATA1","GATA1","205","1451","0.98280000000000000693","1.000000000000000000","0.8526000000000000","ReMap--ChIP-seq","DDIT4,HEXIM1,HEXIM2,BTBD19,CASP10,DUSP1,RAPGEF3,ATAD5,GOLIM4,DGAT1,TSNAXIP1,SP4,KCNK5,C1S,TSPOAP1,TNFSF10,ARL15,NDUFAF3,PTMS,DMBX1,MT-ATP6,RNF144A,MT-ATP8,TGM1,PLD1,LYL1,ACOX1,SLC3A2,POLE3,DQX1,SMC4,ZSCAN31,PLK3,BTG2,TK2,PLIN2,MCM7,WIPI1,DNAJC9,TULP2,ZNF747,MACC1,BCOR,IFIT1,PDK1,TANGO2,SLC22A4,TRANK1,STRIP2,VWCE,EMC9,SUSD1,MFSD1,SLC4A8,MT-ND6,MT-ND4,MT-ND5,MT-ND1,STARD9,HSPG2,LXN,UCK2,ELOVL5,SLC29A1,UCP2,MYLK4,LAG3,SOCS2,SH2D3C,PPP1R15B,SLC25A21,GCDH,MMD,AUNIP,DBR1,HOMEZ,CFAP45,VIM,EHF,CREB3L1,MYB,MED8,TMEM198,CARD6,CHPF,ZFP36,ABHD4,RNF183,SSX2IP,GLRX,RNF24,CBLN3,JMJD6,MYL6B,AMPD3,FAM20B,SLC20A1,KRT13,KRT19,KRT15,TMEM107,MT-CO1,MT-CO2,MT-CO3,SKAP1,RNF215,MT-CYB,SPTB,ADORA2B,PBXIP1,HNRNPA1,CDC20,LPAR5,DHRS13,PDIK1L,VEGFA,SYCE2,UBE2C,RARRES1,HOOK2,UBXN10,BHLHE40,NABP2,PHTF2,MKNK1,SSRP1,ZNF395,PLEK2,NFATC3,EHD1,HNRNPL,HNRNPF,KAT2B,DHRS1,ZNF326,TLE3,LTB4R2,CCDC12,PIP5KL1,CCDC34,BPGM,FRRS1,FTH1,GPR37L1,RALGDS,SORBS1,KBTBD8,LMO2,CBX5,POU2F1,HK2,WEE1,MT-ND4L,CYB5R1,EZH2,PIM1,FRMD8,S100A5,S100A4,S100A3,SLC38A2,ARRB1,EFCAB12,MBOAT1,SLC12A6,ST6GAL1,PAQR7,RSAD2,TSPAN5,SPTLC2,SLC43A3,SLC43A1,CD55,STK17B,DCLRE1B,CD82,DOK3,AURKB,AURKA,STMN1,DAPK1,MTHFR,FCRLB,TIMM10,AK1,ITPR2,PSAP,DUSP12,DALRD3,RPL36A,CFLAR,TPCN1,IMPDH2,CEP57L1,PTGES,SMIM1,PPCDC,TUBG2,TUBG1,CAMK1,ARHGAP18,SMAD3,CKS1B,ABCC4,TOB1"
"DEG_HVL_CRC29","236","0.79459999999999997","ZNF83","ZNF83","203","1440","0.98380000000000000782","1.000000000000000000","0.8505000000000000","ReMap--ChIP-seq","DDIT4,ORAI3,ORAI2,BTBD19,ZNF32,L1CAM,IFT140,TOMM40L,PAFAH1B3,TARBP1,MAP3K8,FBXO15,TSNAXIP1,NEK9,TSPOAP1,ICAM2,CCP110,IKZF2,DHX9,RRAS,SYP,RNF144A,ORMDL3,PCNT,UBA7,PLD1,SUN2,MKKS,RRM1,ZSCAN31,PRKCG,DNAAF1,KNSTRN,PLK3,GJD3,PLIN2,ASPDH,USP1,SLC17A7,PLP2,SLC26A11,MAMSTR,CKAP2L,WIPI1,MCM5,TULP2,ABLIM3,HECTD2,MACC1,BRICD5,NFYB,SUSD1,DOCK11,LIG1,ALOX12,OPLAH,ZFYVE1,RBCK1,PARPBP,HACD2,NAPEPLD,APPL1,SIRT4,HLA-DMA,STAT2,SLC25A45,NPTXR,HSD17B14,CECR2,CCNL2,EPHA10,PCBP1,MMD,GLB1L,NDRG4,BCL7C,RBM14,CCDC191,MVP,VIM,WSB1,CCDC90B,HJURP,NAGLU,MELK,CALCOCO1,PTBP1,PGPEP1,RANGAP1,PTBP3,WBP1,ASS1,CHEK2,ANKRD1,AMPD3,SGK3,CA11,TMEM143,TMEM145,AKNA,CXCL2,SGSH,TMEM107,EGFL8,LTC4S,POLM,CDCA3,RNF213,EPB41L1,CHAF1A,SLC7A5,CENPV,YPEL3,INO80B,MED30,CDC45,HNRNPA1,HNRNPA3,TRIB3,LPAR5,PAK1IP1,PDIK1L,ZNF585A,HNRNPA2B1,TBC1D31,NABP1,MXD1,EPOP,CDK5RAP2,FNDC3B,HMOX1,EHD1,HNRNPF,HNRNPD,GMEB1,NRSN2,ZNF367,NSD2,ZNF337,RAB3A,SLC39A3,TLE2,RAB37,SNRPA,BRSK1,HSPBP1,FTH1,ZW10,SPTBN4,RALGDS,IZUMO1,CBFA2T3,AMN1,KIAA0513,MYCL,CBX5,CBX3,WEE1,ABCA5,VSIR,MRPL48,PIGL,FRMD8,S100A4,S100A3,SQSTM1,PPM1N,CXXC1,LRRC8C,RSAD2,TSPAN1,LRRN2,KIF22,KIF2C,GIMAP2,FUT2,PHF13,CLCN4,SHLD2,NUP37,ZNF165,PRR11,SKA2,RAD21,MTHFR,RAD18,NDC1,ANXA4,MORN3,ADAM9,AK1,BTBD9,AMH,TPCN1,MGAT4B,TBCEL,ANP32B,DAZAP1,RAD51C,RASIP1,GDF15,TEDC1,ABCC4"
"DEG_HVL_CRC29","237","0.79800000000000004","ADNP","ADNP","203","1440","0.98380000000000000782","1.000000000000000000","0.8505000000000000","ReMap--ChIP-seq","DDIT4,ORAI3,JAK3,DUSP1,CCDC9,NPAS1,TNFRSF14,KCNK5,KCNK6,ONECUT3,BCAS1,CERS4,UHRF1,E2F2,ICAM1,SYNGR2,APOE,BRI3BP,BST2,CFAP157,SGSM1,DENND6B,PLD1,LMNB2,LYL1,SUN2,TTC16,SDSL,PLK4,PLK5,TK1,PLIN4,PLIN5,CDKN2D,PODNL1,OSCP1,TST,CEBPB,APOC1,HLA-E,STRIP2,TMEM184A,VWCE,KISS1R,GPSM2,FHAD1,SLC4A8,HES7,HSPG2,C3,SIRT4,F2,CASTOR1,LRG1,NPTXR,AATF,PCSK4,CCDC117,DOT1L,MOK,ALDH4A1,CCDC159,ATP2A1,CFAP57,CCDC194,TAF1B,EHF,MYB,SULT2B1,TMEM198,PFAS,VSIG10L,CHPF,CLIP2,ANKRD24,GPR108,LSM5,LSM4,PTBP1,PGPEP1,PATL2,DDX60L,CHEK2,CARHSP1,CCDC88B,TNFAIP8L1,TLDC2,CA12,KRT13,KRT19,KRT15,TRIP10,TJP3,NUCKS1,TMEM143,AKNA,ALDH3B1,PDE4A,HSH2D,POMK,RNF215,AIF1L,SPHK2,CRB2,SAMD1,YPEL3,CORO1C,CORO2A,SMIM22,SYT17,TRIB1,ECHDC2,DEPDC5,MGAT1,VEGFA,NUDT8,LOXL4,SPOCD1,EMID1,CACNA1F,ADGRG1,PRR5-ARHGAP8,BHLHE40,TCF3,TMEM221,DACT3,ASAP3,ASB16,PRELID2,HNRNPM,HNRNPF,SNAI1,C1QTNF6,RAB3A,TLE2,TCTA,TMEM132B,REEP6,TCIRG1,PIP5KL1,CATSPERG,CCDC40,CEACAM19,P2RX4,ATP6V0E1,TRPM4,HIP1,PRX,LIMA1,MYCL,FAM83E,WNT11,DDX39A,MRPL11,ABCA7,LRRC32,VSIR,TMC8,MRPL48,TMC6,KANK2,TMEM67,PIM1,MLXIPL,EFCAB12,PARD6B,SCN1B,SLC12A9,TMPO,STX1B,ID3,KIF14,EXOSC9,SPC24,CD82,PALM,ERN2,RASGRP2,PACSIN1,PHF19,MAST3,AURKB,UNC13A,HPRT1,MTHFR,SERPINB1,NDE1,MORN3,IGFBP4,AK1,NATD1,UNC93B1,DCAF15,TPCN1,TNS4,CEP57L1,INPP5B,GDF15,CAMK1,KLF11,TFPI,USP20,ZNF184"
"DEG_HVL_CRC29","238","0.80130000000000001","ZNF274","ZNF274","203","1444","0.98550000000000004263","1.000000000000000000","0.8477000000000000","ReMap--ChIP-seq","ZNF10,MTHFD2,ORAI2,ZNF23,LYPD5,ZNF32,DUSP1,CCDC9,EFEMP2,NEK8,SDF2L1,VPS9D1,ZNF878,TSPOAP1,TRIM38,ZNF850,TRIM16,PHETA2,MT-ATP6,TLCD1,NOXO1,PCNT,MT-ATP8,PLAU,TNFAIP8,LMNB1,LYL1,CA8,ZSCAN30,PRKDC,TMEM225B,BTG2,TMEM179B,OIP5,OBSCN,PPEF1,ZNF790,ZNF773,CPQ,ZNF765,LBR,MCM4,TULP2,ZNF846,KNL1,SLC22A4,ZNF823,SYNRG,HMX3,TYMS,EME2,ACYP1,HES4,MT-ND6,MT-ND4,MT-ND5,MT-ND1,SCAMP5,HES7,LRSAM1,SIRT2,PROCA1,TTLL5,ZNF695,ZNF684,SOCS2,ZNF724,RCC1,TMEM87B,PAXIP1,N4BP3,SUV39H1,DOT1L,NEDD1,CCDC150,HOMEZ,RBM14,CCNA2,CHFR,NR2C2AP,GLI4,RNF168,ZNF596,ZNF594,ZNF571,ZNF564,ZNF554,ZNF551,ZNF546,ZNF540,KCNAB2,PTBP3,MROH8,MROH6,ARL6IP1,CARHSP1,PTPRN2,CCDC88B,NAPRT,TMEM107,PDE4A,EGFL8,POLM,MT-CO1,MT-CO2,MT-CO3,ACHE,ZNF493,ZNF491,TCP11L2,ODC1,ZSWIM8,CENPU,CENPP,CENPS,HHAT,ZNF441,ZNF429,ZNF425,MT-CYB,ZNF404,SMIM14,SPTB,DEPP1,HNRNPA1,NUDT3,CRKL,CCDC92,CCDC78,EGR1,LPAR5,TTI2,GNB1L,HNRNPU,HNRNPR,PCDHA4,PCDHA3,HNRNPM,HNRNPF,GMEB1,AIFM3,CEP55,NSD2,ZNF345,HMGN2,ILF2,THNSL2,RAB34,CCDC32,PPIL1,TPRKB,P2RX6,IFI27L1,SPTBN4,PYCR3,COL18A1,CBFA2T3,CLSPN,CBX5,NR2E3,FAM167B,MT-ND4L,ZNF276,WFIKKN1,PIGW,ZNF211,ZFP69B,MRTO4,TMEM18,TMPO,RSAD2,ZFP2,OR7D2,TSPAN1,LRRN2,KIF15,TMPRSS4,EXOSC9,SPC25,SLC1A3,ISG15,AURKB,AURKA,ASF1B,SKA3,ING4,TRIM6,NDC1,ZNF117,ZNF101,ZNF100,ABHD11,RHEB,AMH,TRAF4,CDT1,ANP32B,NME3,RAD51C,RANBP1,ARHGAP30,ABCC4,ZNF184"
"DEG_HVL_CRC29","239","0.80469999999999997","MBD4","MBD4","202","1443","0.98760000000000003340","1.000000000000000000","0.8435000000000000","ReMap--ChIP-seq","DDIT4,SET,AGO2,CASP10,TOMM40L,LGR5,RASL11A,MSH4,SRSF3,ZKSCAN1,NEK8,SP5,TRIM66,FBXO5,NEU1,PCK1,MT-ATP6,SYNCRIP,TLCD1,MT-ATP8,ENPP1,PLD1,FGF18,ACOX1,SLC3A2,PRKCG,DEPDC1B,HOMER2,WDR54,GAS1,PLIN2,SLC17A9,INSIG2,AKIRIN1,OSBPL6,FANCM,MGME1,SLC35B2,GSAP,TPX2,FAM47E,ZWILCH,COQ3,STPG4,MT-ND6,MDC1,MT-ND4,MT-ND5,MT-ND1,C5,LYZ,TUBA1B,SIRT4,F2,HLA-DMA,HNMT,SLC25A45,SLC16A5,LAG3,ACAT2,MDM2,SH2D4A,RCC1,PCBP1,ARSB,CLHC1,MMD,CCDC117,NPM1,FOXA2,NPNT,ZFHX2,SFPQ,HMGCR,TAF5,ENO1,CCDC90B,CARD6,ZNFX1,YEATS4,ANKRD42,WBP1,PNRC1,ARL6IP1,ZNF608,SOX9,MTUS1,JMJD6,SIAH2,KRT20,SLC20A1,NUCKS1,NFKBIA,TBCK,KYNU,TMEM107,TRNP1,HSPD1,HSPE1,MT-CO1,MT-CO2,MT-CO3,ATF4,BAZ2B,RMI1,MED22,CENPV,CENPL,GMNN,FTL,INO80B,MT-CYB,DEPP1,HNRNPA1,HNRNPA0,HNRNPA3,REG4,SMARCA1,PAK1IP1,THTPA,VEGFA,HNRNPA2B1,MANSC1,TTI2,CUEDC1,TRA2B,HNRNPU,FNDC3B,SEH1L,ANAPC11,LDHA,RMDN2,HNRNPF,HNRNPC,GRAMD2A,FAM210B,TCP1,TAF9B,DHRS2,HMGN2,SRGAP3,AMD1,AP1G2,RFC4,CCDC34,HMGCS1,PKM,MTFR2,SNRNP48,FTH1,HAL,FUBP1,TUBB,CLDN16,HNRNPH3,LMLN,PTGES3,CBX5,CBX3,SNAPC5,MT-ND4L,PIM1,FRMD8,SLC38A2,BIRC6,ATP9A,RASSF4,KDELR3,TSPAN8,SURF1,XRCC4,ACER2,ID3,TECR,KIF2C,GPC3,RAMP1,LMBRD2,AURKA,SHLD2,SERPINE1,HOXA1,DAPK2,CCL20,NDE1,FMO5,AGBL3,PUS10,IGFBP3,ITPR2,GPX2,SKP2,IL17RB,RAD51C,PBLD,GDF15,ALYREF,USP11,TFPI,TOB1,NAP1L5,BAX"
"DEG_HVL_CRC29","240","0.80810000000000004","CEBPA","CEBPA","203","1450","0.98770000000000002238","1.000000000000000000","0.8436000000000000","ReMap--ChIP-seq","SMCO4,DDIT4,HEXIM1,HEXIM2,CASP10,DUSP1,MAP3K8,MAP3K5,SRSF3,ZKSCAN1,TSPOAP1,TNFSF10,SDC4,SYNGR2,APOE,PCK1,PCK2,FBXL5,MT-ATP6,ZHX2,PTMA,PCNA,FILIP1L,MT-ATP8,PLD1,GRK5,IGF2R,ACOX1,POLE3,CDKN1A,ADAMTSL4,TK1,PLIN2,PLIN5,RALGAPA2,FGGY,BCL6,OSCP1,CPM,LBR,WIPI1,CEBPB,CEBPG,ABLIM3,BCO2,MGME1,APOC1,HDAC11,IFIT1,FAM47E,FPGS,ZCCHC8,MT-ND6,MT-ND4,MT-ND5,MT-ND1,RBP5,RBCK1,C3,LYZ,ELOVL5,SIRT4,STAT6,LRG1,HNMT,SLC25A42,SLC16A5,KRCC1,SH2D3C,SLC25A19,LRP1,HSD17B11,PC,PCBP1,ARSB,STBD1,MMD,CCDC159,CYBB,ACACB,ARMH1,RBM14,MARVELD1,EHF,ENO1,ENO2,CYP1B1,CHKA,PA2G4,IMPA2,ZFP36,GPR108,LSM4,PGPEP1,WBP1,GLRX,PNRC1,MTUS1,CARHSP1,SIAH2,CCDC88B,AMPD3,TOMM40,TRIP10,ALDH3A2,TMEM123,NFKBIA,TGFBI,DOCK4,CXCL8,CXCL2,ALDH2,KYNU,TMEM107,ITGB3BP,SPG7,MT-CO1,MT-CO2,MT-CO3,YPEL2,INO80B,MT-CYB,ITGB2,SMIM14,ITGA1,DEPP1,SYT17,TTC39B,SNRPD3,ACTN4,TRIB1,REG4,ECHDC2,EEF1E1,SYCE2,TMEM230,UBE2T,BHLHE40,NABP1,TTI2,ASAP3,TRA2B,FNDC3B,ZNF395,HMOX1,RMDN2,FOSL2,HNRNPF,CATIP,TCP1,TM7SF2,MPC1,CCDC12,NEMP1,DENND3,PSAT1,FTH1,CITED2,CLDN16,CBR3,CYP2W1,ITPRIP,C1RL,MT-ND4L,TAPBPL,VSIR,PTGR1,PIM1,FRMD8,SLC38A2,PARD6B,RASSF4,PAQR7,KIF27,SLC43A3,GPAM,SPC24,MAT1A,SLC1A4,SPATA6L,ZP3,AURKB,CLN6,AURKA,S100P,DAPK2,SERPINB1,CCL20,AGBL2,CLSTN3,ABHD11,GPT2,MINDY1,ITPR2,SCCPDH,CFLAR,TPCN1,CDT1,KLLN,GDF15,KNTC1,SMAD3,TOB1"
"DEG_HVL_CRC29","241","0.81140000000000001","POU2F1","POU2F1","203","1450","0.98770000000000002238","1.000000000000000000","0.8436000000000000","ReMap--ChIP-seq","NUP107,HEMK1,MTHFD1,DDIT4,SLBP,JAG1,ATAD5,AGRN,MSH6,BLM,AMDHD2,TSNAXIP1,SP2,BCAS1,MSL2,NNAT,TRIM37,TNFSF10,RRAS,CPLANE1,POLA2,MT-ATP6,SH3BGRL,CFAP157,MT-ATP8,TACC3,RAD1,BBOF1,ELF3,SLC3A2,SARDH,CDA,WDR45,GAS1,ASPDH,TOM1L2,COPRS,DRC3,IFIT3,IFIT2,ZNF843,C2CD3,UBXN6,PARP2,AMER1,CHRAC1,MT-ND6,MT-ND4,MT-ND5,MT-ND1,GABARAPL1,GRID2IP,SIRT4,FH,STAT2,SLC16A7,PITX1,BCL2L12,MDM2,DTL,BAIAP3,BCAP29,PEX11B,INTS7,PER2,ADPRHL1,NDRG1,CCNB2,EBP,HMGB3,BCL7C,SFPQ,HMGCL,TAF1B,CCDC183,PIH1D1,ZCWPW1,RNF169,GCNT3,ZFP36,TADA1,SNRPA1,ZNF513,CBLN1,NADSYN1,CCDC88B,STAG1,CA11,KRT13,TJP3,AMY2B,SGO1,HSPA2,CTDSPL2,TMEM107,RNF207,MT-CO1,ARPIN,MT-CO2,MT-CO3,RNF213,EPB41L1,ZSWIM5,NUDT22,CENPK,CENPS,NUDT15,FTL,BRIX1,MT-CYB,SNAP23,PRPS2,SUGCT,ACTN4,SLC45A4,RAB27A,REM2,NUDT8,SPOCD1,MUC19,TMEM232,UBE2S,UBE2T,HP1BP3,TMEM221,TTI2,ADGRF1,DNAH5,DNAI1,ADI1,GMEB1,TEAD4,DHRS1,TMEM39B,HMGN5,TLE4,ILF2,SNRPE,CCDC24,CCDC32,ZNF302,AMD1,ADAMTS7,CCDC34,CCDC59,PSAT1,DNA2,PPL,LIMA1,SORBS1,CHRNA5,CLSPN,POU2F1,TRPT1,THBS3,MT-ND4L,KCNMB4,RHBDL1,ROM1,CKS2,PIGL,PTGS2,ZNF226,ARRB1,TP53INP2,D2HGDH,NDUFA7,CTNS,PRC1,SLC12A9,XRCC6,KIF2C,CCT5,CD55,DOK4,SLC1A5,GGT7,CACFD1,DDX46,CHURC1,ZNF165,TEP1,TNFSF9,SERPINI1,NDC1,BATF2,BLCAP,LPCAT2,METTL25,LMAN2L,LCN15,GOLT1A,DSCC1,KCTD3,STIL,A2ML1,KIF18A,PCDHGA6,CKAP2,CKAP5,TM2D1,USP11,BAX"
"DEG_HVL_CRC29","242","0.81479999999999997","SMAD4","SMAD4","200","1440","0.99080000000000001403","1.000000000000000000","0.8359000000000000","ReMap--ChIP-seq","CACNA2D1,DDIT4,SLBP,BTBD19,NHSL1,CASP8AP2,LGR5,CYSRT1,MAP3K8,NOXA1,SP5,E2F2,TMEM63A,TMEM63C,TGFA,PCK2,BST2,KCNRG,TACC3,ETS1,FGF17,LMNB2,ZIC2,ACOX1,COL7A1,POLE3,FRMPD1,ALCAM,ARMC7,PRKD3,PRKCQ,LHPP,PLK3,WDR54,MEX3B,MEX3A,GJB4,GJB5,THOC6,BCL6,TPP1,LHX4,OSCP1,BMPR2,LBR,HECTD2,ZNF846,ARRDC1,HEG1,AMIGO2,MTHFD1L,GRHL3,CERCAM,CDH24,DIAPH3,IQCN,SAMD11,HES7,HES6,HACD2,COL1A1,MLLT11,SLC16A5,FOXP2,SOCS2,SOCS3,CDCA7L,SLC25A15,SLC34A3,TMEM87B,PIK3R1,COL9A2,TMEM150A,NPM2,NPM3,FOXA2,NDRG4,EVX1,MCUR1,LAMC3,BCL7C,CFAP45,CCDC194,ENO1,MSRB2,ZFP36,CLIP2,ZNF554,LCA5L,SMARCD3,WBP1,IRX5,ARL6IP1,NUAK1,STAG1,AMPD3,B3GNT9,SLC20A1,CXCR4,KRT13,HSPA2,PDE4A,POLL,EHHADH,HSPD1,HSPE1,MNX1,EXD3,RNF213,EPB41L1,RNF224,ACHE,BHLHE41,SLC7A5,NEURL1B,SAMD1,INO80B,ITGB6,ADORA2B,MYO1B,CCDC92,CCDC78,TRIB3,TRIB1,GREB1,NRP2,IL11,PDIK1L,PNPLA7,LOXL4,LOXL1,SIDT2,CACNA1D,TBC1D13,BHLHE40,TTI2,HNRNPR,OTULINL,ZNF395,HNRNPM,GMEB1,NRSN2,PLEKHN1,TEAD1,FAM210B,TUBB4B,TLE2,TLE6,RAB37,SNRPG,PLXNA2,PKM,P2RX4,RALGDS,CHMP1B,ZER1,PTGER2,MYCL,KDM5B,SOWAHC,PGAP3,KCNMB4,ABCA7,CTCF,KANK2,NTF4,FLNB,PIM1,PPM1N,NTN1,ST6GAL1,PAQR5,SPATA18,TSPAN8,TSPAN5,ID3,JADE1,HNRNPUL1,CD8A,GEMIN7,PROC,UQCRHL,HOXB9,CHST13,SIVA1,TRIP6,SSPN,MRC2,BACE1,GPT2,RCAN2,SEMA3B,OXTR,INPP4A,BCL11A,PRAG1,SMAD3,USP37,KLF10,TOB1"
"DEG_HVL_CRC29","243","0.81820000000000004","ELF5","ELF5","91","706","0.99280000000000001581","1.000000000000000000","0.7668000000000000","ReMap--ChIP-seq","SFXN3,DUSP5,STX4,EFEMP2,SMS,NEK8,C1S,E2F1,FBXO5,MRPS25,TLCD1,ADAM10,ECT2,UBA2,MKKS,HUNK,POLD4,TTC14,KNSTRN,RALGAPA2,ARRDC1,SVIP,ARHGDIG,CYP2E1,C3,EXPH5,PROCA1,SH2D3A,UBE2L6,BANF1,EVX1,ENO2,CREB3L1,PA2G4,GLI4,CCDC90B,GPR108,SNRPB2,FDXACB1,VIPR1,MYL6B,SGK3,TRIP10,TMEM123,SPEG,RGS11,CDCA5,ZNF473,ZSWIM8,ZNF469,GMPS,GREB1,ACY1,PYROXD2,MXD3,ADGRF1,TRA2B,PRELID1,HNRNPF,CATIP,TEAD4,GRAMD2A,TM7SF2,RAB34,MTFR2,CCDC77,PCLAF,KAT8,TRPM5,PSD,AMN1,ITPRIP,DYNLRB1,PPP2R3C,MRPL11,PIGZ,FABP5,MYCBPAP,SPATA20,SLC43A1,SSH3,IVD,TIMM10,RASAL1,TRAF4,RPL36A,KIF13B,DSCC1,ARHGAP19,PDZD7,TOB1"
"DEG_HVL_CRC29","244","0.82150000000000001","NR1H3","NR1H3","200","1450","0.99309999999999998277","1.000000000000000000","0.8292000000000000","ReMap--ChIP-seq","HEXIM2,BMP8A,ALDH1L2,SDF2L1,APIP,C1S,TRIM46,CYP39A1,BTD,APOE,DDIAS,GRIK5,MT-ATP6,SYNCRIP,KCNT1,PCNA,MT-ATP8,RAD1,ZMYND12,SLC3A2,POLD2,MTBP,GJD3,PAPSS2,INSIG1,FGGY,ORC3,MAP3K20,OSCP1,PHACTR3,LBR,WIPI1,SVBP,APOC1,IFIT1,PDK1,PARP9,SUSD4,GINS4,CCDC28B,ARHGDIB,COQ3,TSGA10,TOPBP1,RBKS,MUC1,GBP3,MT-ND6,MT-ND4,MT-ND5,LIPA,MT-ND1,UBASH3B,ARG2,ELOVL5,TTLL5,CSE1L,SLC16A7,SLC25A45,ZNF684,SOCS3,CDCA7L,CELF5,SLC25A27,ARSB,COL9A2,RETREG1,CCDC122,PNCK,SPINDOC,ACACB,HMGB1,PIDD1,RCN3,CFAP57,CCDC194,MX2,VIM,ENO1,CRACR2B,JDP2,ANKRD22,LSM4,PGPEP1,GLRX,FDXACB1,LACC1,CORO6,CC2D2A,AMPD3,NAALADL2,BBS12,TOMM40,CXCR4,DISC1,NFKBIA,TGFBI,DOCK4,CTPS1,HSH2D,PRTFDC1,GDAP1,MT-CO1,MT-CO2,MT-CO3,PXDN,CENPO,CRLF1,YPEL3,SLC27A1,MT-CYB,PGM2,ACP2,ITGA1,DEPP1,HNRNPA1,MYO1B,ADGRB1,REG4,EEF1E1,NAPB,PNPLA7,PNPLA2,SHQ1,TMEM230,TMEM234,PKD1L2,DNAI1,TTPA,CEP78,CEP128,FCGRT,ILF2,SNRPB,BRSK1,HSPBP1,CCDC30,PLXNB3,RFC5,SLC13A4,HMGCS1,BPGM,PKM,TPRKB,P2RX4,PSAT1,PANO1,TLR1,CBR3,ITPRIP,GAS2L3,MYCL,FAM161A,CBX5,HK2,FAM167B,MT-ND4L,VPREB3,KRTCAP2,RUFY4,RFX5,PIGF,LRRC17,PIM1,ZFP69B,FRMD8,HAT1,TMEM17,CTNNBL1,RASSF4,KIF20B,TSPAN4,TSPAN3,SEC31B,CD44,STAMBPL1,CD74,CD70,GPAM,SLC1A3,NUP62,NUP54,DAPK2,CDC6,FMO1,FMO4,RTKN2,STK32C,ADAM9,PSAP,EFHC1,KLK1,TMTC2,AUH,KCTD3,ABCG1,ARHGAP19,SMAD3,KLF11,KLF15"
"DEG_HVL_CRC29","245","0.82489999999999997","TERF2","TERF2","199","1447","0.99380000000000001670","1.000000000000000000","0.8264000000000000","ReMap--ChIP-seq","MTHFD2,ORAI2,SET,BTBD19,CASP10,TOMM40L,PTAFR,CASP8AP2,NCAPD3,MAP3K8,NEK2,PKMYT1,MSL2,E2F5,DHX9,SYNGR2,PTK6,MT-ATP6,RAC2,NOXO1,MT-ATP8,DAPP1,NUP160,LMNB1,LYL1,MKKS,SYNGR3,GALT,SLC3A2,POLD4,SMC3,KNSTRN,PRKD3,WDR62,NUP85,PLK3,HOMER2,CIT,PLIN2,SLC17A7,HMCES,INSIG2,ESPL1,MACC1,ARHGDIB,RBKS,MT-ND6,MT-ND4,MT-ND5,ZFYVE1,MT-ND1,LIPH,RNASEK,SLC16A7,SOCS3,BCL2L14,BCL2L15,SLC25A19,PPP1R15B,HSD17B14,SPON2,DHFR2,LRR1,DHX58,PEX11B,PCBP1,N4BP3,TNFRSF13C,STBD1,TMEM150A,HOMEZ,ABHD12B,SFR1,ARMH1,CCDC194,VIM,MYB,PIH1D1,ASAH1,NMNAT1,TMSB10,CALCOCO1,KCNAB2,KCNAB3,RECQL,CARHSP1,CCDC88B,CREBRF,CLIC4,SLC20A1,TLDC2,TJP3,FAM186B,TMEM107,UPK3A,HSH2D,SPG7,MT-CO1,MT-CO2,MT-CO3,CDCA8,RNF227,BHLHE41,SPHK2,CENPM,NUDT15,FTL,GMPS,CNTROB,MT-CYB,ITGB2,TTC39B,CCDC102A,NUDT3,SNRPD1,NUDT8,ADGRG5,TMEM231,TCF3,CUEDC1,FNDC11,CSAD,MGLL,CLCF1,FCGRT,VASH2,SNRPG,SNRPA,RFC2,HAUS5,HAUS1,POLR1E,CEP152,PCLAF,TBC1D10C,IZUMO4,PSMC3IP,AMN1,KIAA0513,LIMA1,NT5E,NT5M,SLC22A31,COTL1,FAM83E,AXIN1,PPP2R5D,FAM167A,MT-ND4L,PIF1,TAPBPL,TMEM67,FLNB,ZNF224,TRABD2A,TACSTD2,LRRC8C,CYB5B,IFI35,IL12A,CTSS,KIF2C,CD55,CD70,JADE1,SLC1A5,NDUFV2,UQCRHL,MAPK10,NPHS1,GABPB1,SYTL3,RAD21,TNFSF4,TNFSF9,FCRLB,TIGD3,BATF3,SERPINB1,IVD,HYLS1,ATP8A1,PSAP,DAGLA,DUSP12,NIPSNAP1,METTL27,NFAT5,TPCN1,SLC6A16,SP110,INPP5D,TUBG1,PRAG1,APLP1,ARHGAP18,PRRG2,STN1,BAX"
"DEG_HVL_CRC29","246","0.82830000000000004","ATF4","ATF4","198","1442","0.99419999999999997264","1.000000000000000000","0.8248000000000000","ReMap--ChIP-seq","ZC3H12D,MTHFD2,SCO2,DDIT4,SHMT2,ZNF23,NCAPH2,L1CAM,AGO2,MMP28,TOMM40L,CCDC9,ALDH1L2,KMT5A,DGAT1,NNAT,LGALS4,STS,PCK2,FBXL5,FILIP1L,KCNRG,FGF19,ACOX1,SLC3A2,LHPP,CDKN1A,COPZ2,USP1,PCYOX1L,BCL6,OSCP1,CKAP2L,TST,DNAJC9,CEBPB,CEBPG,TULP2,IFIT3,DYNC2H1,KNL1,STXBP2,TYMP,MTHFD1L,FAM47E,COLGALT2,RBCK1,GRID2IP,C5,HNMT,BEAN1,TNFRSF10C,BCDIN3D,NXT1,FHL2,DTL,PPP1R15B,TXNDC12,PHYKPL,CTXN1,EPHA10,INTS7,CCDC117,CAPN5,CDHR2,INAFM1,ENO1,CREB3L1,SULT2B1,NR2C2AP,SLC6A9,JDP2,GPR153,ZNFX1,TMSB10,ASNS,LSM5,PGPEP1,ASS1,NUAK1,SIAH2,CLIC4,STAC3,AKNA,TMEM123,ZC3H18,TSEN15,ALDH2,EGFL8,SPG7,POLM,TCP11L2,SLC7A5,ODC1,SLC7A1,CENPP,FRK,EIF4EBP1,NDC80,DEPP1,HNRNPA0,HNRNPA3,TRIB3,TRIB1,GREB1,EEF1E1,VEGFA,TBC1D31,CACNA1D,BHLHE40,NABP2,MXD1,ASAP3,SSRP1,FOSL2,NRSN2,CSAD,AIFM3,SMOC1,HMGN2,RAB37,CCDC32,NBEA,RSL24D1,PIP5KL1,HAUS4,CEP152,NCKAP5L,PSAT1,IFI27L2,FTH1,LONP1,MAPK8IP2,IZUMO1,DCST2,METTL4,ITPRIP,KLHDC10,CASP4,VPREB3,GRPEL2,KCNMB3,GPR39,MRPL48,CKS2,PIGL,TMEM54,SLC38A1,ZFP69B,TRABD2A,SLC38A2,GOT1,TP53INP1,ERFE,IL12A,TMPO,TSPAN1,LYNX1,TMPRSS9,SLC43A1,CCT5,GPAM,MAT1A,ERN2,NXPH4,SLC1A4,SLC1A5,FUT3,S100P,SERPINE1,SERPINF2,ASF1B,RAD21,BLCAP,TOR3A,GPT2,XAF1,DAGLA,RNPEPL1,DUSP12,SPAG8,CHAC1,TIPIN,INPP5B,CCT6A,ANP32B,VLDLR,PPCDC,TUBG2,RASIP1,GDF15,ABCG1,ARHGAP23,ARHGAP33,ULBP2,ULBP1,ABCC4,SLFN5"
"DEG_HVL_CRC29","247","0.83160000000000001","FOXK1","FOXK1","198","1445","0.99470000000000002860","1.000000000000000000","0.8229000000000000","ReMap--ChIP-seq","IFT172,HEXIM1,HEXIM2,BTBD19,IFT140,CCDC9,FBXO45,ZKSCAN1,NEK9,C1S,CFAP126,CACYBP,ORMDL3,PCNT,SPRYD4,PLD3,LPXN,ECT2,UBA2,SLC3A2,VPS18,GAR1,PLK3,BTG2,WDR45,AP5Z1,PHF5A,DYRK1B,COPS3,DRC3,MCM7,CKAP2L,SMC1A,SMC1B,DNAJC1,CEBPB,HDAC8,STXBP2,C2CD5,ZCCHC8,UQCC1,RBL1,HES7,EXPH5,SIRT4,SIRT2,SUMF1,FOXP2,BCL2L11,RNFT2,CCDC120,ACACB,ZFHX2,KLHL24,HMGB2,MEA1,SOBP,CFAP43,CDHR2,TAF5,PIH1D1,PA2G4,PFAS,PLCD3,GPR146,ZNF571,ZFP36,ZNF554,LSM7,ZNF513,WBP1,RNF26,PNRC1,ZNF608,JMJD6,CREBRF,FAF1,MYL6B,TMEM143,FBL,DNAJC30,ELMO3,ACBD4,DNAJC12,DOCK4,TMEM107,GUSB,ATF4,CDCA4,CDCA5,MAGOHB,HOXC10,TCP11L2,PCMTD1,SPHK2,CENPQ,EXOC3L1,ZNF446,CDC25C,INO80B,FUZ,OGT,ISY1,EXO1,TSPAN31,TRIB1,RIBC2,ZNF585A,BUB1B,SIDT2,TBC1D13,NABP2,MXD4,TTI2,CRY1,GNB1L,CDK5RAP2,ZNF395,LDHA,FLRT3,HMOX1,MCMBP,HNRNPL,GNPTG,GMEB1,ZNF367,CEP55,TM7SF2,TLE3,SNRPA,SRGAP3,RSL24D1,WDR4,HAUS5,HAUS1,POLR1E,NEMP1,CCDC77,MAGOH,KAT8,ATP6V0E1,CITED2,CHMP1B,ZER1,NT5M,HOXA11,FANCD2,KDM5B,AGAP2,ROM1,ZNF233,ZNF226,SAP30,SLC38A2,ZNF512B,EFCAB12,PPM1N,MAK16,KIF20A,KIF15,CTSD,TMPRSS9,EXOSC9,HNRNPUL1,SLC1A5,RPF2,FDPS,GGT6,AURKB,NPHS1,BACH2,HOXA1,HOXB9,RAD21,HOXC8,HBP1,BRD8,SF3A2,TM9SF1,NATD1,RAD51AP1,AMH,METTL25,IMPDH2,TIPIN,TBCEL,AUH,RAD51C,TUBD1,RAD54L,RANBP1,APLP1,ARHGAP33,MAN2B1,PRRG2,USP20,PRAF2,PIK3IP1"
"DEG_HVL_CRC29","248","0.83499999999999996","FOXA1","FOXA1","198","1448","0.99509999999999998455","1.000000000000000000","0.8209000000000000","ReMap--ChIP-seq","SPINT1,HEXIM1,HEXIM2,JAG1,PBX3,DUSP4,DUSP1,AGR3,ATAD2,TARBP1,ZKSCAN1,NEK8,BCAS1,C1S,TNFSF10,ARL15,BTD,TMEM63A,SDC4,TLCD1,FILIP1L,PLD1,ELF3,MTBP,ALCAM,GANC,DEPDC1B,BTG2,CDKN1B,PAPSS2,INSIG2,MAP3K20,BCL6,WIPI1,ABLIM3,MGME1,NIPAL2,TXK,TPX2,C2CD3,EDN1,AMIGO2,FAM47E,ATP1B1,LIPH,C5,CFAP69,EXPH5,LYZ,ELOVL5,RIPK4,SIRT4,SLC25A40,FOXP1,MDM2,SH2D4A,CDCA7L,DBF4,PPP1R15B,DHX15,CCDC117,G2E3,CAPN8,NPNT,NDRG1,BMP4,CFAP45,HMGCR,EHF,WSB1,CHKA,TACR2,PLCD3,YEATS4,PTBP3,ZNF507,ZNF608,MTUS1,SIAH2,ANKRD1,AMPD3,CA12,KRT19,KRT15,ALDH3A2,TMEM123,TGFB2,ACBD4,DNAJC12,NFKBIA,KYNU,TMEM107,KRT80,CDCA5,BAZ2B,HOXC10,TCP11L2,PCMTD1,RMI1,ATL1,ODC1,FRK,YPEL2,ACP2,HNRNPA3,ACTN4,TRIB3,BRIP1,KIAA1958,PRR15L,SCNN1A,SIDT1,BHLHE40,MANSC1,PHTF2,TTI1,CUEDC1,CDK5RAP3,FNDC3B,ATG12,OTULINL,ZNF395,HNRNPL,GRAMD2B,TM7SF2,TLE3,RAB34,SRGAP3,CNIH3,CCDC34,THSD4,KRT7,FUBP1,CITED2,CLDN16,DCST2,KIAA0513,CBR3,RASEF,POU2F1,WEE1,PGAP3,ABCA5,GPR19,LETM2,MYOF,FLNB,SLC38A2,GGCT,ARRB1,NTN4,PARD6B,TP53INP1,ATP9A,MBOAT1,DOP1A,TSPAN5,LMCD1,TMPRSS2,CD55,ISOC1,NDUFV2,SPATA6L,MAPK10,S100P,DAPK1,SYTL2,RAD21,S100A13,HOXC8,HBP1,FMO5,ABHD11,ADAM9,CDK1,TRAF4,METTL27,NFAT5,SEMA3C,CTNNAL1,TPCN1,APP,CEP57L1,TMTC2,KLLN,HILPDA,KIF13B,RAD51C,TFF2,TUBD1,GDF15,KCTD3,SMAD3,ARHGAP24,ARHGAP10,TFPI,TOB1,LEKR1"
"DEG_HVL_CRC29","249","0.83840000000000003","HMBOX1","HMBOX1","197","1443","0.99539999999999995151","1.000000000000000000","0.8194000000000000","ReMap--ChIP-seq","DDIT4,HEXIM1,HEXIM2,BTBD19,NCAPG2,CASP10,DUSP5,GOLIM4,MSH2,MSH4,SRSF3,NEK8,SPDL1,TRIM38,TNFSF10,ARL15,DHX9,FBXL5,MT-ATP6,PHGDH,TLCD1,MT-ATP8,RAD1,PLAU,COX17,PLD1,NUP153,IGF2R,LMNB1,POLD4,SMC4,ZSCAN31,PLK3,BTG2,CDKN1B,TK2,KIFC1,CDKN2C,THOC6,MAP3K14,MCM3,MGME1,IFITM2,TRANK1,STRIP2,TPX2,SUSD6,SUSD1,ZCCHC8,PXMP2,COLGALT2,IQCK,RBMX,MT-ND6,MT-ND4,MT-ND5,MT-ND1,UCK2,ELOVL5,PROCA1,HLA-DMA,MDM2,PPP1R15B,SLC25A21,RCC1,PCBP1,L3HYPDH,CAVIN2,AUNIP,EBP,TBC1D2,HMGCR,NAA15,VIM,EHF,MYB,CARD6,PLCD3,ABHD4,LSM5,LSM3,PTBP3,SSX2IP,METAP1,SIAH2,KNOP1,FAF1,MYL6B,BBS12,FAM20B,SGK3,SLC20A1,KRT13,KRT19,KRT15,ATP6V1A,ATP6V1D,ACBD4,TSEN15,POLE,PRTFDC1,MT-CO1,SYNGAP1,MT-CO2,MT-CO3,RNF215,LIN54,FRK,CORO1C,BRIX1,MT-CYB,OGT,SNAP23,HNRNPA1,NUDT3,CRKL,ACTN4,PDIK1L,HNRNPA2B1,UBXN10,BHLHE40,TTI1,TRA2B,FNDC3B,GSN,ZNF326,SUPT16H,VRK1,RAB34,CCDC12,ADAMTS6,CCDC34,HMGCS1,MTFR2,FRRS1,P2RY1,FUBP1,TOP2A,CITED2,AMN1,KBTBD8,ITPRIP,LMO2,CBX5,POU2F1,CBX3,WEE1,MT-ND4L,KCNMB3,EZH2,GPR19,PIGR,LETM2,LYPLA2,PIM1,SLC38A2,ARRB2,EFCAB12,PARD6B,SLC12A6,PAQR7,ANLN,TECR,KIF11,CCT5,CD55,STK17B,JADE1,NDUFV2,PAOX,AURKB,GALNT7,GALNT5,NUP35,DAPK2,MTHFR,HBP1,SERPINI1,ANXA4,TIMM10,STK32C,MINDY1,TRAF4,EFHC1,CFLAR,CCT6B,PTGES,ANP32B,KLLN,PPCDC,TUBG1,RAD51C,KNTC1,PHOSPHO2,ARHGAP19,ARHGAP18,SMAD3"
"DEG_HVL_CRC29","250","0.84179999999999999","RUNX2","RUNX2","198","1450","0.99539999999999995151","1.000000000000000000","0.8196000000000000","ReMap--ChIP-seq","SCO2,BTBD19,AGO2,SHB,DUSP5,DUSP1,RAPGEF3,CCDC9,EFEMP2,CYSRT1,MT2A,LGALS1,TMEM63A,SDC4,NDUFAF3,PLAU,PLD1,IGF2R,CA9,PLEC,COL7A1,EVA1C,PLAC9,PLK3,CDKN1A,CDKN1B,ADAMTSL4,MAP3K20,OSBPL5,BCL6,ABLIM3,SYNPO,TPX2,HEG1,AMIGO2,TYMP,FAM47E,SUSD6,FPGS,ISYNA1,MFSD1,PDXP,HES4,LACTB,UBASH3B,HES7,GABARAPL1,HSPG2,COL1A1,RIPK4,EMP1,FSTL1,STAT6,FSCN2,PFKFB3,SOCS3,SH2D4A,LRP1,BAIAP2,PC,SLC34A3,MXRA8,DOT1L,PDGFRB,PIDD1,CFAP45,MVP,VIM,EHF,ENO1,CREB3L1,CYP1B1,CRACR2B,SLC6A9,GLI2,PLCB4,COL16A1,ZFP36,TMSB10,CLIP2,ABHD4,ANKRD29,PTBP1,GLRX,DDX60L,NUAK1,CORO6,CLIC4,AMPD3,SLC20A1,CA12,RAI14,LTBP2,NFKBIA,DLG4,TGFBI,TMEM107,KRT80,SPG7,POLM,PMP22,RNF215,RNF224,FAT1,NUDT22,DLX2,ITGB2,ACP2,ITGA3,PBXIP1,DEPP1,MYO1B,ACTN4,TRIB3,TRIB1,EGR3,CCDC9B,NRP2,VEGFA,SH3RF2,PNPLA2,LOXL1,RARRES1,BHLHE40,NABP1,FBN1,CUEDC1,CDK5RAP3,ANAPC11,FOSL2,EHD1,SNAI1,TEAD1,CEP55,GRAMD2B,NSD2,TM7SF2,PIP5KL1,KRT7,PANO1,KIAA0513,NT5E,ITPRIP,HOXA11,SHISA4,CBX2,SAE1,TRPT1,LIMK2,FAM167A,TMEM92,RHBDL1,GPR39,LRRC45,MYOF,FLNB,S100A2,S100A5,S100A4,S100A3,TRABD2A,ARRB1,PPM1N,NTN4,ANKH,TSPAN1,ID3,LMCD1,CD44,SLC43A3,GPAM,SPC24,CD82,SLC1A5,CALD1,ISG15,LNX1,SERPINE1,HOXA1,HOXC8,BATF3,LPCAT2,TUBB6,AK1,PSCA,TRAF1,METTL27,SEMA3B,TPCN1,TNS4,RPL39L,CDT1,TUBG2,GDF15,ARHGAP18,SMAD3,ALYREF,CKS1B"
"DEG_HVL_CRC29","251","0.84509999999999996","KLF3","KLF3","197","1445","0.99570000000000002949","1.000000000000000000","0.8181000000000000","ReMap--ChIP-seq","DPYSL2,SLBP,ADAMTS13,HEXIM1,HEXIM2,BTBD19,PBX3,DUSP5,DUSP1,RAPGEF3,EGLN3,CCDC9,GOLIM4,VMAC,BLM,NPAS3,NOXA1,MSL2,E2F2,NOP58,ARL15,BTD,MT-ATP6,CACYBP,PCNA,MT-ATP8,TACC3,ETS1,ENPP1,ETV4,SLC3A2,POLD1,SARDH,ARMC7,ARMC3,PRKDC,WDR62,CDKN1B,GAS1,ANGPTL4,PRUNE2,PAPSS2,LEMD3,MCM7,MCM4,MCM2,HECTD2,NIPAL2,C2CD3,ZWILCH,STX16-NPEPL1,ISYNA1,MFSD1,RBL1,HES4,MT-ND6,MT-ND4,MT-ND5,MT-ND1,SAMD11,HES7,GABARAPL1,NAPSA,TUBA1B,SIRT4,MYLK4,SOCS2,MDM2,ST6GALNAC1,CDCA7L,ZNF703,TAS2R38,FOXD1,SERTAD4,BANF1,CCDC159,KLHL14,SOBP,FAM98B,VIM,TYRO3,CARD6,NMNAT1,PLCD3,ZNF554,ANKRD29,GLMP,LSM6,SNRPA1,ZNF513,IRX5,PNRC1,RHEBL1,ZNF608,MTUS1,NUAK1,KRT13,ALDH3A2,RELL1,ACBD4,TMEM107,RNF207,HSPD1,PDE6D,MT-CO1,MT-CO2,MT-CO3,EXD3,CDCA2,CDCA3,CDCA5,CDCA7,EPB41L2,FAT1,HOXC10,SPHK2,CENPU,HHAT,CD274,DLX4,MT-CYB,MMS22L,HNRNPA1,HNRNPA0,DHRS13,PDIK1L,HNRNPA2B1,KIAA1958,CAPS,QSER1,RARRES1,TMEM230,BHLHE40,TCF3,PRELID2,HNRNPL,HNRNPD,PLEKHN1,FAM210A,ZEB1,GRN,SMOC1,TM7SF2,TLE4,TLE3,ZNF302,SLC13A4,PKM,FBXL17,PM20D2,CITED2,AMN1,HOXA11,FAM83E,CBX5,CBX3,SNAPC5,PERM1,MT-ND4L,RHBDL1,GPR19,ZNF233,PIM1,SQSTM1,KANK3,MAK16,NTN1,TSPAN3,ID3,SCML2,CTSK,KIF2C,SCN9A,SLC1A4,NDUFV2,ISG15,PROC,HOXA1,ZNF165,ANOS1,HOXC8,ING3,BATF3,SLC24A1,SEMA3C,MGAT4B,APP,CCT6B,CYP4X1,KLLN,KCTD3,KCTD9,KIF18A,B4GALT7,USP13,LEKR1,USP28"
"DEG_HVL_CRC29","252","0.84850000000000003","BACH2","BACH2","197","1446","0.99580000000000001847","1.000000000000000000","0.8174000000000000","ReMap--ChIP-seq","DDIT4,ORAI2,PRPF38A,DUSP1,RAPGEF3,CCDC9,MAP3K8,KMT5A,MSH6,MSH4,NEK8,E2F2,TSPOAP1,ICAM1,STS,CYP39A1,TMEM63C,APOBEC3B,CNTRL,ZHX2,TLCD1,PTMA,SLX4,NUP160,PLD3,LPXN,FGF18,SLC3A2,POLD4,BTG2,CDKN1A,TK2,COPZ2,SLC17A7,CDKN2C,HMCES,FKBP5,ORC1,BCL6,LBR,MCM5,TULP2,MGME1,MACC1,SLC35B2,TPX2,KISS1R,ARHGDIB,LIG4,ACYP2,BLNK,STPG3,IQCN,DEK,UBASH3B,GABARAPL1,RBCK1,C3,CFAP73,MLLT11,TUBA1B,FH,STAT6,SLC25A45,MDM2,NRARP,SLC25A19,LRP1,SLC25A27,SPON2,PCBP1,GLB1L,IRF8,TLNRD1,ENO1,ENO2,RNF168,CCDC90B,GPR146,ZFP36,ILDR1,GPR108,LSM4,NES,PGPEP1,RBBP7,RHEBL1,NECAB3,SIAH2,CCDC88B,CORO6,CREBRF,FAF1,AMPD3,CXCR4,TRIP10,AKNA,PDE4A,SKAP1,LIN54,BHLHE41,SLC7A5,YPEL5,YPEL3,FTL,PBXIP1,CCDC78,TRIB3,DHRS12,NUDT8,SPOCD1,TBC1D13,GFY,TENT4A,CUEDC1,HMOX1,EHD1,NRSN2,CATIP,KAT2B,TUBB4B,CLCF1,CEP128,BRSK1,HSPBP1,CCDC12,PLXNB2,CNIH3,PIP5KL1,CHPF2,PKM,NEMP1,HAUS8,CEACAM19,SPTBN4,IZUMO4,ZER1,TLR1,DCST2,AMN1,PTGES3,COTL1,FAM167B,FAM167A,ABCB6,TAPBPL,FRMD8,SQSTM1,LRRC58,SLC38A6,PLEKHD1,LRRN2,ID3,ARMC12,KIF14,KIF2C,STK17B,DCLRE1B,GPD2,SLC1A4,SLC1A5,PROC,PHF13,PHF19,ZP3,PAOX,GABPB1,BACH2,TERT,SSPN,TNFSF9,HBP1,BATF2,SERPINB1,FMOD,ATP8A1,GPATCH11,ADAM9,DNMT1,RASAL1,RAD51AP1,PSAP,RHEB,AMH,TRAF1,TRAF4,ADRM1,CFLAR,MGAT4B,TIPIN,CDT1,PPCDC,SSC4D,ABCG1,SMAD3,CKS1B,BAX"
"DEG_HVL_CRC29","253","0.85189999999999999","HINFP","HINFP","196","1440","0.99590000000000000746","1.000000000000000000","0.8165000000000000","ReMap--ChIP-seq","ZNF10,DDIT4,SET,ZNF32,DUSP5,CCDC9,NCAPD2,AGRN,SP5,TRIM46,E2F2,CPLANE2,RAC2,ZHX2,TNFAIP2,LYL1,SHANK1,BNIP1,CCS,ZSCAN31,ZSCAN30,HCFC1,TK2,ANGPTL4,CSGALNACT2,THOC1,TST,CEBPG,TULP2,IFITM2,TANGO2,SLC51A,VWA7,AMIGO2,KISS1R,EMC9,ROGDI,EME2,TIMELESS,ALOX12,ZMAT3,CDH24,OPLAH,HES7,RBCK1,C3,HLA-DMA,STAT2,UBE2D1,MYLK4,FOXP1,FHL2,SH2D3A,RNFT2,PRIMPOL,KATNA1,SLC25A21,BAIAP3,PC,LRR1,GCDH,EPHA10,PCBP1,CLHC1,CCDC121,MMD,SPINDOC,GLB1L,CCDC157,BCKDHB,EPS8L1,INAFM1,FAM98B,TLNRD1,WSB1,VSIG10L,TMEM187,TMEM160,NMNAT1,ZNF552,GLB1L2,GPR108,LSM2,LSM8,CALCOCO1,PGPEP1,SSX2IP,MROH8,CHEK1,JMJD6,NECAB3,SIAH2,ANKRD9,KRT19,TRIP10,ALDH3B1,CXCL2,ALDH2,NAPRT,EGFL8,CDCA3,PCMTD1,RMI2,CENPA,CENPS,NUDT15,ISY1,RRM2B,SNRPD2,SNRPD3,TRIB3,PDIK1L,KIAA1958,TBC1D31,SIDT2,SYCE2,UBE2T,BHLHE40,MXD1,TENT4A,EPOR,CDK5RAP2,LDHA,HMOX1,GNPTG,HNRNPM,HNRNPF,HNRNPD,NRSN2,CATIP,TCTN1,ZNF326,RAB36,SNRPF,TCIRG1,PIP5KL1,TPRKB,FTH1,HIP1,PSD,PGGHG,TLR5,AMN1,LIMA1,KBTBD8,LMO2,FANCD2,CDK2AP2,KRTCAP2,DDX39A,GRPEL2,MRPL48,MRPL51,COL11A2,SQSTM1,KANK3,B3GALT4,RGCC,GDPGP1,CXXC1,ID3,KIF2C,EXOSC4,MICB,OSCAR,HNRNPUL1,NUP62,ZP3,NUP58,AURKA,NUP43,SERPINE1,HOXB9,SERPINI1,NDC1,SERPINB1,ZNF114,SF3A2,GPT2,WRAP53,UNC93B1,HIRIP3,TPCN1,RAD51,MGAT4B,DPF3,CHAC1,CEP57L1,PTGES,DPH6,ANP32B,AUH,GDF15,SSC4D,ULBP2,PRRG2"
"DEG_HVL_CRC29","254","0.85519999999999996","MAFK","MAFK","197","1451","0.99639999999999995239","1.000000000000000000","0.8141000000000000","ReMap--ChIP-seq","DHDH,CACNA2D2,DDIT4,BTBD19,JAG1,DUSP1,RAPGEF3,EGLN3,CCDC9,ALDH1L1,MAP3K8,SDF2L1,E2F2,BTD,PCK2,TLCD2,PCNA,PLAU,PLD1,NUP160,NUP153,FGF11,POLE3,DQX1,SMC3,ZSCAN31,PLK3,BTG2,TK2,CDKN2C,PCYOX1L,INSIG2,FANCG,MAP3K14,MCM7,LBR,CKAP2L,ABLIM3,MGME1,APOC1,IFIT3,ZNF843,PUM3,PARP1,SVIL,GRHL3,MDC1,HES7,RBCK1,LXN,HLA-DMA,MYLK4,SLC16A5,BCL2L11,NRARP,PC,DHFR2,PCBP1,GLIPR1L2,CAPS2,GLB1L,MR1,NDRG4,CFAP45,INAFM1,VIM,ENO1,SLC6A9,ZCWPW1,JDP2,ZNFX1,COL16A1,ZFP36,CLIP2,LSM4,PGPEP1,ASPM,GLRX,RBBP7,RNF24,RHEBL1,ARL6IP6,CCDC88B,FAF1,MYL6B,AMPD3,KRT19,KRT15,TMEM143,DLG4,TGFBI,TMEM107,TRNP1,EGFL8,HSPE1,RNF215,RMI1,SPHK2,FRK,YPEL3,FTL,CORO1C,OGT,EXO1,ACP2,SMIM24,PBXIP1,TRIB3,GAL,LOXL1,GEN1,TMEM230,BHLHE40,NABP1,ASB16,NYNRIN,ANAPC11,LDHA,HMOX1,NFATC3,TCN2,ADI1,HNRNPC,NRSN2,TEAD1,ZNF367,CLCF1,CHPF2,PKM,POLR1E,HAUS8,TBC1D10C,PPL,HAL,COL18A1,CITED2,CHMP1B,TUBB,PTGER2,AMN1,COTL1,FAM83E,IDH2,NR2E3,ABCB6,LYPLA2,ROM1,MRPL48,TMEM18,PPM1N,LRRN2,ID3,TECR,CTSD,SLC43A3,DCLRE1B,SCN9A,GPD2,NDUFV2,PROC,LMBRD2,ZP3,AURKB,CLN6,AURKA,BACH2,SIVA1,SERPINB1,ANXA4,IGFBP4,ADAM9,PSAP,RHEB,EFHC1,METTL27,SKP2,CDT1,KLLN,VLDLR,PPCDC,BTN3A1,BTN3A3,TUBG2,GDF15,PRAG1,SSC4D,ARHGAP18,STIL,SMAD3,ALYREF,ESR2,KIF18A,KIF18B,CKS1B,ABCC3,ZNF184,BAX"
"DEG_HVL_CRC29","255","0.85860000000000003","SOX11","SOX11","195","1448","0.99750000000000005329","1.000000000000000000","0.8065000000000000","ReMap--ChIP-seq","B3GLCT,ADAMTS13,NCAPG2,JAK3,PAFAH1B3,FADS2,KMT5A,CERS4,SLC23A3,BTC,CES3,MT-ATP6,SYNCRIP,MT-ATP8,ADAM10,ETV4,SLC3A2,BNIP1,FRMPD1,HCFC1,ARMC3,HOMER2,MEX3D,HMMR,ZNF773,MCM7,C1QL1,SMC1B,ZNF747,IFIT3,KNL1,MCUB,PARP3,MATN2,ACYP1,BUB3,MT-ND6,MT-ND4,MT-ND5,MT-ND1,GRID2IP,ERLIN1,MLLT11,TUBA1C,TUBA1A,SLC29A1,ARL14EPL,STAT2,SLC16A8,TROAP,CHORDC1,PEX11B,DSN1,RIMKLA,ARSB,CCDC120,L3HYPDH,NEDD4,DBR1,CYP46A1,NDRG4,HMGB2,HMGB1,MEA1,PIDD1,ARMH1,CDHR2,MVP,MED8,SULT2B1,GPR161,WNT10B,TMEM187,PLCB4,HBEGF,ASAH1,CHN1,HJURP,CEMIP,ZG16B,ASPM,ZNF507,RUSC1,RECQL,CARMIL2,ZWINT,TMEM145,DNAJC22,NFKBIA,HSH2D,SPG7,MT-CO1,MT-CO2,MT-CO3,AIF1L,SAMD9,CENPA,CENPU,NUDT22,YPEL2,SLC27A1,MT-CYB,NRGN,HNRNPA0,CCDC102A,CDC20,ADGRB1,ALDH6A1,ECHDC3,NUDCD2,GAA,RIBC2,MIS18A,PNPLA2,ADGRG5,MUC16,NASP,UBE2T,LDB3,DACT3,GNB1L,DNAH3,PKD1L2,FNDC3B,TTPA,TCN2,AIFM3,TEAD1,KAT2B,ILF2,CNIH2,CCDC34,TRPC1,FAM219B,NEMP1,CCDC77,POLR3G,CALML6,HTATSF1,PANO1,CCSER1,CLDN16,CBR3,CHRNA5,TRPT1,PERM1,MAPK8,PPP2R3C,MT-ND4L,MYL9,VSIR,TMEM106C,TCOF1,RABAC1,PLXDC1,PIM1,SAP30,IFI35,FAM53A,IL12A,TECR,KIF14,KIF22,CCT5,CD70,KNDC1,DOK3,COL5A3,COL5A2,PHF19,ZP3,MPV17,ASF1B,S100A13,TNFSF9,PRSS22,BATF3,FMO1,PRSS33,ABHD11,SEMA6C,IGFBP4,AK1,CACNG8,CCT6B,TFAM,PTGES,ANP32E,FEN1,KIF13B,CEACAM6,SSC4D,TEDC2,KIF18B,KLF11"
"DEG_HVL_CRC29","256","0.86199999999999999","HNF1B","HNF1B","194","1448","0.99799999999999999822","1.000000000000000000","0.8017000000000000","ReMap--ChIP-seq","GSTK1,DDIT4,JAG1,LGMN,SHB,DUSP5,DUSP1,NEK8,KCNK5,PIWIL4,TRIM37,ARL14,SDC4,DHX9,TGFA,TNFSF15,FBXL5,MT-ATP6,PHGDH,TLCD1,MT-ATP8,PLAU,PLD1,INAVA,ECT2,TNFAIP8,MKKS,ELF3,SHANK2,POLD4,TBX19,ALCAM,DEPDC1B,PLK2,CGN,TK2,BCL6,CPM,LBR,ABLIM3,BCO2,MACC1,IFIT3,RPS6KA5,NIPAL3,GSAP,TPX2,EDN1,AMIGO2,SUSD1,GRHL3,ATP1B1,LPP,STPG4,MT-ND6,MT-ND4,MT-ND5,MT-ND1,UBASH3B,LIPH,CYP2E1,RBCK1,RIPK4,SLC25A45,SOCS3,DHX15,SFR1,CFAP45,VIM,EHF,ENO1,CYP1B1,FHDC1,PLCB4,GCNT3,CARD6,ANKRD31,ABHD4,WBP1,GLRX,ZNF507,ZNF608,MTUS1,CD109,ANKRD1,SLC20A1,KRT13,KRT19,KRT15,TMEM139,LTBP2,TMEM123,TGFB2,TGFBI,CXCL8,CXCL2,KYNU,TRNP1,MT-CO1,MT-CO2,MT-CO3,EPB41L1,BHLHE41,CENPF,FRK,YPEL2,GMNN,COL17A1,SHC4,INO80B,MT-CYB,OGT,NRGN,ITGB6,ITGA3,ITGA1,HNRNPA0,SYT13,FSBP,ACTN4,DHRS13,VEGFA,SH3RF2,TTI1,ADGRF1,CUEDC1,FLRT3,CEP55,GRAMD2B,MGLL,CLCF1,HAUS4,PKM,KRT7,TLR1,LIMA1,NT5E,ANXA11,NR2E3,HK2,MT-ND4L,PGAP3,FIGNL1,GRPEL2,PIGR,GPR39,MYOF,LYPLAL1,FRMD8,LRRC58,SLC38A2,BARX2,PARD6B,CYB5B,TMPO,TSPAN5,XRCC6,PAICS,TECR,KIF12,DGLUCY,CD55,FUT4,GALNT7,UQCRHL,HOXA1,SYTL2,TEP1,PRR11,SKA2,CDC6,SSPN,PRSS22,SERPINB1,ANXA3,ADAM9,ESAM,GPX2,TRAF4,SEMA3C,AHNAK2,CFLAR,APP,TNS4,MAOB,BCL11A,KLLN,KIF13B,SCEL,GOLT1A,KCTD3,SMAD3,ABCC4,TFPI"
"DEG_HVL_CRC29","257","0.86529999999999996","HHEX","HHEX","193","1448","0.99839999999999995417","1.000000000000000000","0.7970000000000000","ReMap--ChIP-seq","HEXIM1,HEXIM2,AGO2,DUSP1,TOMM40L,LGR5,RIF1,NEK2,SRCIN1,SP5,BCAS1,MT2A,APOE,PCK1,PCK2,PTMS,ZHX2,PCNA,TGM1,PLD1,NUP153,FGF11,GALT,CD4,ASGR1,TK1,GJD3,PLIN2,ANGPTL4,SLC17A9,OSBPL6,FANCA,OSCP1,WIPI1,CEBPG,APOC1,IFIT1,TPX2,C2CD5,PARP2,DOCK11,EME1,EME2,STX16-NPEPL1,ZCCHC8,TOPBP1,CDH15,MDC1,LACTB,RBCK1,DCHS1,ELOVL5,F2,STAT6,TTLL5,HNMT,MYLK3,SLC25A45,SLC16A5,LAG3,MAF,SOCS2,SLC25A19,LRP1,CCNL2,EPHA10,PIK3R1,ARSB,CCDC117,CAPN5,HOMEZ,ABHD12B,HMGB1,ARMH1,HS3ST3B1,EPS8L2,RTTN,CHN2,PLCD3,ZNF561,LSM4,PGPEP1,WBP1,SNRPB2,SOX9,MTUS1,SIAH2,SIAH1,TOMM40,SLC20A1,TMEM123,ACBD4,DNAJC12,NFKBIA,CXCL2,PDE4A,HSPE1,MNX1,RNF213,TCP11L2,SPHK2,MED22,CRB2,CENPU,CENPO,INO80B,OGT,SNAP23,SMIM22,DEPP1,HNRNPA3,SNRPD3,TRIB3,TRIB1,GREB1,ECHDC3,MIS18BP1,REM2,TMEM230,BHLHE40,ADGRF1,SPOCK2,MCMBP,NRSN2,C1QTNF8,ZNF367,KAT2B,ZNF337,MPC1,TLE3,RAB37,RAB34,ZNF318,SNRPB,PLXNB1,HAUS4,HAUS5,PPIL1,CCDC59,PCLAF,MAPK8IP2,HAL,CLDN16,SLC22A31,SOWAHC,HK2,PGAP3,LRRC45,FLNB,PIM1,FRMD8,GOT1,ZNF512B,NTN4,TP53INP1,ATP9A,RASSF4,SCN1B,TSPAN8,PPP1R1A,TECR,KIF12,BRCA1,LMCD1,SLC43A3,EXOSC3,FUT3,SSTR5,LMBRD2,SAXO2,AURKA,RPIA,S100P,SERPINE1,ZNF165,DAPK2,SERPINF2,RAD18,WWOX,CCL20,NDE1,TM9SF1,GPT2,PSD4,GPX2,METTL25,SKP2,NME3,IL17RB,TFF2,GDF15,LY6G5C,ARHGAP24"
"DEG_HVL_CRC29","258","0.86870000000000003","FOXA2","FOXA2","193","1451","0.99860000000000004317","1.000000000000000000","0.7951000000000000","ReMap--ChIP-seq","SMCO4,SPINT1,DDIT4,HEXIM1,HEXIM2,SHB,DUSP4,DUSP5,DUSP1,CCDC9,ZKSCAN1,NEK8,ARL15,TMEM63A,SDC4,TLCD1,FILIP1L,PLD1,GRK5,MKKS,ETV4,ELF3,ARMC7,CDKN1B,ADAMTSL4,GJD3,MAP3K20,AKIRIN1,BCL6,LBR,WIPI1,CEBPB,MGME1,TPX2,AMIGO2,KISS1R,FAM47E,SUSD6,ATP1B1,HSPG2,C5,LYZ,RIPK4,SIRT4,SLC29A1,PROCA1,STAT6,HR,HNMT,SLC16A5,FOXP1,SH2D4A,LRP1,HSD17B11,PCBP1,ARSB,TMEM150A,MMD,FOXA2,CFAP43,HMGCR,EHF,ENO1,CREB3L1,WSB1,CHKA,IMPA2,TACR2,GCNT3,PLCD3,YEATS4,ZFP36,NAGLU,ENKUR,ABHD4,LSM4,PGPEP1,PTBP3,WBP1,GLRX,PNRC1,ZNF608,SOX9,MTUS1,CARHSP1,TSHZ1,NUAK1,AMPD3,KRT19,KRT15,TMEM123,TGFB2,ACBD4,DOCK4,KYNU,TMEM107,TRNP1,MNX1,BAZ2B,FAT1,TCP11L2,SPHK2,FRK,YPEL2,INO80B,ACP2,DEPP1,ACTN4,TRIB3,TRIB1,VEGFA,SH3RF2,PRR15L,SCNN1A,CACNA1D,BHLHE40,MANSC1,PHTF2,CUEDC1,CDK5RAP3,FNDC3B,ZNF395,HMOX1,FOSL2,EHD1,HNRNPM,HNRNPF,NRSN2,C1QTNF6,TEAD1,GRAMD2B,DHRS2,TM7SF2,ZNF326,TLE3,TLE2,RAB34,CNIH3,CCDC34,PKM,NEMP1,FTH1,KRT7,FUBP1,CITED2,CLDN16,FAM83E,CBX2,SAE1,WEE1,PGAP3,FIGNL1,GPR19,FLNB,PIM1,SLC38A2,ARRB1,PPM1N,NTN4,CXXC4,PARD6B,TP53INP2,ATP9A,IFI35,RASSF4,ID3,KIF12,LMCD1,SLC43A1,RPA3,SCARA3,NDUFV2,SPATA6L,PROC,AURKB,S100P,SERPINE1,HOXA1,S100A13,SERPINB1,MINDY1,PSAP,TRAF4,CFLAR,KIF13B,GDF15,ARHGAP19,ARHGAP18,SMAD3,CKS1B,ABCC3,TFPI,TOB1"
"DEG_HVL_CRC29","259","0.87209999999999999","RUNX3","RUNX3","192","1446","0.99860000000000004317","1.000000000000000000","0.7935000000000000","ReMap--ChIP-seq","ZC3H12D,MTHFD2,SCO2,DDIT4,ORAI2,HEXIM1,HEXIM2,KCNC3,SHB,DUSP5,PTAFR,MBD2,CCDC9,EFEMP2,MAP3K8,MAP3K5,SRSF3,NEK8,TSPOAP1,ICAM1,SYNGR2,RAC2,TLCD1,PTMA,PCNA,PLAU,INAVA,LMNB1,PLEC,SLC3A2,BTG2,CDKN1A,CDKN1B,TK1,HLA-DQB1,IL10RA,FKBP5,BCL2,MAP3K14,MGME1,MACC1,SLC35B2,IFIT3,TYMP,SUSD6,EMC9,ARHGDIB,FPGS,ZCCHC8,ZMAT3,STPG3,MDC1,HES7,RNASEK,HLA-DMA,HLA-DMB,CARNS1,UCP2,SLC25A45,PFKFB3,PIK3CD,SH2D3A,SH2D3C,SLC25A19,LRR1,PCBP1,TNFRSF13C,MMD,CCND2,IRF8,MVP,INAFM1,MYB,PIH1D1,ZNF594,ZNFX1,PLCD3,ZFP36,TMSB10,CLIP2,ILDR1,GPR108,LSM2,CNGA1,PATL2,ZNF608,JMJD6,PARP14,CLIC4,MYL6B,MDFIC,CXCR4,TRIP10,TMEM134,TMEM123,DNAJC18,NFKBIA,TMEM107,PDE4A,TMEM109,HSH2D,SPG7,SKAP1,CDCA5,RMI2,CENPM,CD274,CORO1B,SMIM14,PBXIP1,DEPP1,CCDC102A,MGAT1,HNRNPA2B1,ADGRG5,BHLHE40,TCF3,TAPBP,ACTA2,RSPH1,EHD1,HNRNPL,HNRNPC,C1QTNF6,TCTN1,TUBB4B,VASH2,RAB34,CCDC12,PLXNB2,RFC2,DENND3,TBC1D10C,LIMD2,IZUMO4,TUBB,COTL1,CBX3,SOWAHC,MAPK8,FAM167A,AGAP2,TAPBPL,FERMT3,GPR19,LRRC32,TMC8,TMC6,PIM1,FRMD8,TRABD2A,SLC38A2,RASSF4,SLC12A6,PAG1,ID3,CCR9,CD44,CD74,CD70,STK17B,JADE1,DOK3,NDUFV2,PHF19,NUP62,AURKB,GALNT7,DAPK1,TNFSF4,TNFSF9,FCRLB,CCL20,ATP8A1,DNMT1,PSAP,SLC37A1,DUSP12,AMH,TRAF1,TRAF4,CFLAR,TIPIN,SP110,INPP4A,INPP5D,BCL11A,PRAG1,KNTC1,SMAD3,CKS1B,ARHGAP10"
"DEG_HVL_CRC29","260","0.87539999999999996","MEF2A","MEF2A","192","1446","0.99860000000000004317","1.000000000000000000","0.7935000000000000","ReMap--ChIP-seq","ZC3H12D,MTHFD2,DDIT4,ORAI2,HEXIM1,HEXIM2,BTBD19,KCNC3,DUSP5,MBD2,CCDC9,AGRN,MAP3K8,MAP3K5,NEK8,BCAS1,E2F2,TSPOAP1,IKZF2,IKZF3,ZBTB2,MT-ATP6,CACYBP,TLCD1,PTMA,MT-ATP8,PLAU,LMNB1,PLEC,SLC3A2,BTG2,CDKN1A,CDKN1B,ADAMTSL4,SLC17A7,MAP3K20,MAP3K14,MACC1,SLC35B2,VWA7,KISS1R,ZCCHC8,BLNK,IQCN,DDN,HES4,MT-ND6,MDC1,MT-ND4,MT-ND5,MT-ND1,HES7,NAPSA,COL1A1,SIRT4,HLA-DMA,HLA-DMB,SLC25A45,PFKFB3,SOCS3,PIK3CD,SH2D3C,SLC25A19,LRR1,RCC1,TNFRSF13C,DOT1L,IRF8,MVP,NAA15,VIM,MYB,PIH1D1,PFAS,PLCD3,ZFP36,TMSB10,CLIP2,ILDR1,NES,CNGA1,ZNF608,JMJD6,CD109,SIAH2,CLIC4,AMPD3,MDFIC,AKAP5,NRM,RELL2,AKNA,ACBD4,DNAJC18,NFKBIA,TGFBI,TMEM107,PDE4A,HSH2D,SPG7,MT-CO1,MT-CO2,MT-CO3,CHAF1A,FTL,CD274,MT-CYB,SMIM14,DEPP1,EGR1,TMEM231,BHLHE40,TCF3,PHTF2,DACT3,TAPBP,ACTA2,ASB16,RSPH1,SNAI3,RMDN2,EHD1,C1QTNF6,TCTN1,TM7SF2,VASH2,CCDC32,RFC2,NEMP1,DENND3,CITED2,TUBB,AMN1,NT5E,ITPRIP,FAM167A,WEE1,MT-ND4L,EZH2,GPR19,PIM1,FRMD8,TRABD2A,SLC38A2,PPM1N,PARD6B,TP53INP1,LRRC8C,SLC12A6,TSPAN5,ID3,CCR9,KIF2C,CD44,CD55,CD74,CD72,CD70,STK17B,DCLRE1C,JADE1,SLC1A4,NDUFV2,ISG15,PHF19,AURKB,UQCRHL,SERPINE1,TNFSF9,FCRLB,PUS10,LSMEM1,SLC37A1,RNPEPL1,DUSP12,TRAF1,TRAF4,NFAT5,CFLAR,TPCN1,TIPIN,SP110,INPP4A,ATM,PPCDC,RAD51C,IFI6,PRAG1,ARHGAP18,SMAD3,PIK3IP1,BAX"
"DEG_HVL_CRC29","261","0.87880000000000003","CREB3","CREB3","191","1441","0.99870000000000003215","1.000000000000000000","0.7919000000000000","ReMap--ChIP-seq","HEMK1,SCO2,DDIT4,ORAI2,SET,BTBD19,DUSP1,TARBP1,ALDH1L1,FADS2,KMT5A,TNFRSF14,NEK8,SDF2L1,TSPOAP1,TNFSF10,ARL15,PCK1,TLCD1,PLD1,NUP153,TNFAIP2,LYL1,CA9,SYNGR3,SHANK1,SLC3A2,POLD1,CD7,ZSCAN31,HCFC1,PLK3,BTG2,ADAMTSL4,TK2,KIFC1,PLIN2,RCCD1,PLP2,TPM2,INSIG1,HMMR,CPQ,WIPI1,TULP2,MACC1,BCOR,IFITM2,OBSL1,TRANK1,TMEM74B,TYMP,SUSD1,ARHGDIB,COLGALT2,MFSD1,RBCK1,CFAP99,NAPSA,NETO2,GRIN2C,ELOVL5,UCP2,STAT2,SLC25A45,KRCC1,ST6GALNAC1,FHL2,SLC25A21,PEX11G,GCDH,PCBP1,MRPS6,CAVIN2,ARHGEF39,CFAP45,TBC1D2,PSRC1,MARVELD1,EHF,ENO1,CREB3L1,MYB,TMEM187,ZCWPW1,ASAH1,CARD6,LSM4,LSM2,PTBP1,PGPEP1,LCA5L,CLIC4,ANKRD9,FAM20B,CA12,EOGT,ACSF2,CXCL2,ALDH2,PRTFDC1,CRB2,GMNN,FTL,FUZ,HNRNPA1,ACTN4,TRIB3,LPAR5,NUDCD2,PDIK1L,BUB1B,SCNN1A,RARRES1,HOOK2,UBXN10,BHLHE40,HMOX1,NFATC3,HNRNPF,GMEB1,NRSN2,PBK,CLCF1,HMGN2,SLC26A1,PLXNA2,SRGAP3,TCIRG1,MTFR2,PPIL1,P2RX6,FTH1,RALGDS,CBFA2T3,AMN1,KIAA0513,NT5M,CBX5,SAE1,WEE1,VSIR,MRPL48,IDUA,COL11A2,PIM1,FRMD8,B3GALT4,EFCAB12,MBOAT1,ST6GAL1,SLC43A3,CD72,CD82,PHF19,NUP62,ZP3,AURKB,GALNT5,UQCRHL,CLCN4,RAN,DAPK1,DAPK2,SERPINF2,HOXB9,MTHFR,CDC7,TRIP6,SERPINB1,NFAM1,TOR3A,DGKQ,AK1,PSAP,RAD9B,TRAF4,NFAT5,LAGE3,CFLAR,TPCN1,SMIM1,ANP32B,FEN1,GDF15,ARHGAP18,SMAD3,MADCAM1,ABCC4,USP20,BAX"
"DEG_HVL_CRC29","262","0.88219999999999998","CEBPG","CEBPG","190","1438","0.99890000000000001013","1.000000000000000000","0.7890000000000000","ReMap--ChIP-seq","MTHFD2,SCO2,PRPF38A,NCAPG2,MMP25,SLF2,TARBP1,CCDC9,ALDH1L2,MAP3K8,MAP3K5,SRSF3,ZKSCAN1,KCNK5,TRIM38,TNFSF10,SLPI,MT1F,FBXL5,CNTRL,ZHX2,PLD1,IGF2R,LMNB1,SMC2,WDR62,CDKN1A,ADAMTSL4,PLIN2,GART,IL10RA,FKBP5,ORC1,MAP3K20,BCL6,OSCP1,CPM,LBR,WIPI1,MCM3,CEBPB,CEBPG,ABLIM3,MACC1,HDAC11,STXBP2,TMEM74B,AMIGO2,TYMP,ZCCHC8,DIAPH3,COLGALT2,RBMX,GABARAPL1,RBCK1,CFAP99,C3,CFAP74,MLLT11,NAPEPLD,SUMF1,FAM227B,KRCC1,ACAT2,ST6GALNAC1,NXT1,FHL2,OVGP1,DTL,PC,APH1B,INTS7,COL9A2,CAVIN2,CCDC159,KLHL24,ANKHD1,CCNA2,VIM,EHF,SULT2B1,ZFP36,GPR108,LSM3,PGPEP1,GLRX,ERVMER34-1,RNF24,ASS1,SIAH2,CCDC88B,CLIC4,BBS12,FAM20B,SLC20A1,TRIP10,DNAJC16,NFKBIA,CXCL8,TSEN15,CXCL2,TMEM107,POLQ,MNX1,SLC7A5,CENPW,CENPK,CENPP,YPEL5,SHC4,DLX2,OGT,ACP2,HNRNPA1,HNRNPA3,SYT17,TRIB3,TRIB1,BRIP1,EEF1E1,MGAT1,SH3RF2,GEN1,ADGRG1,TMEM234,UBXN10,UBE2T,BHLHE40,TRA2B,ADGRD1,AP1S2,RMDN2,FOSL2,HNRNPF,NRSN2,ZNF280B,TEAD1,TCP1,VRK1,BRSK1,HSPBP1,RSL24D1,PIP5KL1,CHPF2,MTFR2,P2RY1,FTH1,CYP2S1,AMN1,KBTBD8,ITPRIP,C1RL,COTL1,CBX5,HK2,MRPL48,ZNF222,SLC38A1,GGCT,PARD6B,TP53INP1,DONSON,IFI35,TSPAN5,PAICS,ARMC12,CTSK,KIF27,SLC43A3,SLC43A1,EXOSC9,CCT5,CD55,RPA3,SCN9A,AURKB,AURKA,GALNT5,HOXB9,MRC2,FCRLB,TIMM10,LSMEM1,DUSP12,CHAC1,ANP32B,TUBG2,KNTC1,SMAD3,ZNF184"
"DEG_HVL_CRC29","263","0.88549999999999995","ETV6","ETV6","191","1447","0.99899999999999999911","1.000000000000000000","0.7881000000000000","ReMap--ChIP-seq","HEMK1,DDIT4,BTBD19,DUSP5,KCND3,CCDC9,MAP3K8,MAP3K5,TNFRSF14,NEK8,SDF2L1,KCNK6,BCAS1,CERS4,VPS9D1,TSPOAP1,TRIM37,ICAM1,TRIM28,PCK1,TP73,MT-ATP6,RAC2,COX8A,TLCD1,NOXO1,MT-ATP8,LYL1,MKKS,SYNGR3,VPS18,PLK3,BTG2,PLIN2,IL10RA,UBR7,FANCC,MAP3K14,MCM7,MACC1,BCOR,SLC35B2,IFITM2,TANGO2,HLA-E,VWA7,KISS1R,COMT,STX16-NPEPL1,ARHGDIB,ISYNA1,STPG3,IQCN,MT-ND6,MDC1,MT-ND4,MT-ND5,MT-ND1,SLC29A1,HLA-DMA,HLA-DMB,SLC25A45,PFKFB3,SOCS3,STK36,BCL2L15,PIK3CD,SLC25A19,CCNL2,TMEM87B,PCBP1,N4BP3,TMEM150A,DOT1L,APPBP2,INAFM1,VIM,TLNRD1,PA2G4,GLI4,ZCWPW1,ZFP36,CLIP2,ILDR1,LSM4,LSM2,PGPEP1,PATL2,RHEBL1,MYL6B,SGK3,NRM,RELL2,NFKBIA,PDE4A,HSH2D,MT-CO1,MT-CO2,MT-CO3,FUCA1,NUDT22,YPEL3,CD274,MT-CYB,ITGB2,SMIM14,ACTN4,TRIB1,EGR1,DHRS13,DEPDC5,SCNN1A,TMEM234,BHLHE40,NABP1,MXD1,TTI2,TAPBP,ACTA2,EHD1,HNRNPL,HNRNPF,SNAI1,CSAD,CCDC12,RFC2,DENND3,P2RX6,FTH1,PRX,PSD,IZUMO4,TUBB,CBFA2T3,ITPRIP,TRPT1,FAM167B,FAM167A,MT-ND4L,ZNF276,FERMT3,LYPLA2,TMC8,TMC6,PIM1,FRMD8,B3GALT4,ZNF512B,ARRB1,PPM1N,PARD6B,ATP9A,SLC12A6,TSPAN2,ID3,CCR9,CD44,SLC43A3,CD70,DCLRE1B,DOK3,SLC1A4,SLC1A5,PHF19,AURKB,SERPINE1,GABPB1,TEP1,TNFSF9,PRSS22,FCRLB,SERPINB1,ZNF101,MOAP1,DUSP12,TRAF1,TRAF4,CFLAR,DPF3,SP110,INPP4A,INPP5D,ATM,KLLN,RAD51C,TUBD1,RANBP1,GDF15,SMAD3,KLF10,OPRL1"
"DEG_HVL_CRC29","264","0.88890000000000002","BATF","BATF","191","1447","0.99899999999999999911","1.000000000000000000","0.7881000000000000","ReMap--ChIP-seq","ZC3H12D,MTHFD2,SCO2,DDIT4,ORAI2,TOE1,KCNC3,DUSP5,CCDC9,GOLIM4,LY75,MAP3K8,MAP3K5,NEK8,TSPOAP1,FBXO5,TP73,MT-ATP6,CACYBP,TLCD1,PTMA,MT-ATP8,INAVA,LPXN,IGF2R,LMNB1,SLC3A2,DQX1,ALCAM,BTG2,CDKN1A,CDKN1B,IL10RA,FKBP5,BCL6,MAP3K14,WIPI1,MCM3,MGME1,MACC1,SLC35B2,IFIT3,HMSD,PARP2,PARP9,TYMP,SUSD6,ARHGDIB,ATP1B1,ZCCHC8,ZMAT3,BLNK,IQCN,MT-ND6,MDC1,MT-ND4,MT-ND5,MT-ND1,EML2,HSPH1,NAPSA,POU5F1,RNASEK,HLA-DMA,HLA-DMB,PFKFB3,SOCS3,NXT1,PIK3CD,SLC25A19,PCBP1,TNFRSF13C,MMD,CCND2,CYBB,MR1,IRF8,PROB1,INAFM1,VIM,EHF,MYB,ZFP36,TMSB10,CLIP2,ILDR1,CNGA1,PATL2,JMJD6,SIAH2,PARP14,CCDC88B,CLIC4,MYL6B,AMPD3,MDFIC,SLC20A1,CXCR4,NUCKS1,RELL2,ATP6V1A,DNAJC16,DNAJC18,NFKBIA,KYNU,TMEM107,PDE4A,TMEM109,HSH2D,MT-CO1,MT-CO2,MT-CO3,CDCA5,FUCA1,RMI2,CENPM,YPEL5,CD274,CORO1C,MT-CYB,SMIM14,TBC1D31,BHLHE40,NABP1,ACTA2,DNAH1,RSPH1,FOSL2,EHD1,VASH2,RFC2,PKM,DENND3,GFI1,FTH1,IZUMO4,TUBB,CBFA2T3,AMN1,COTL1,FAM83E,MAPK8,FAM167A,MT-ND4L,TAPBPL,GPR19,LYPLA2,FABP5,PIM1,TRABD2A,SLC38A2,ARRB2,PPM1N,TP53INP2,RASSF4,ID3,CCR9,CD44,CD74,CD72,CD70,STK17B,SLC1A4,SLC1A5,NDUFV2,PHF19,NUP62,AURKB,SYTL3,TNFSF9,FCRLB,PUS10,ATP8A1,TUBB6,SLC37A1,DUSP12,TRAF1,TRAF4,CFLAR,TPCN1,TIPIN,SP110,INPP4A,INPP5D,BCL11A,ATM,VLDLR,TUBG2,PRAG1,KNTC1,SMAD3"
"DEG_HVL_CRC29","265","0.89229999999999998","TEAD2","TEAD2","190","1443","0.99909999999999998810","1.000000000000000000","0.7858000000000001","ReMap--ChIP-seq","MTHFD1,DDIT4,SET,SHB,MMP25,ATAD2,MAP3K8,NEK8,VPS9D1,NNAT,TRIM38,SYNGR2,APOE,CPLANE2,TLCD1,DAPP1,MYBL2,ELF3,MSANTD4,ZSCAN31,CGN,ADAMTSL4,TK1,KIFC1,PLIN2,ANGPTL4,SLC17A7,THOC6,FANCC,SAPCD2,CEBPB,TULP2,MACC1,APOC1,PDK1,TPX2,SUSD1,ARHGDIB,ZCCHC8,OPLAH,OASL,IQCN,POC1A,ZFYVE1,NAPEPLD,LYRM9,HEYL,SLC25A45,ZNF684,MDM1,HSD17B14,SLC25A21,DUT,PCBP1,TAS2R38,MMD,SAMD9L,CCND2,CCDC148,EBP,CHAD,MARVELD1,LAMB2,EHF,WSB1,PIH1D1,TYRO3,NR2C2AP,HBEGF,ASAH1,GPR155,NMNAT1,NAGLU,TMSB10,CLIP2,LSM4,TADA1,PGPEP1,PATL2,SLC46A3,MCCC1,ZWINT,MYL6B,ANKRD9,ANKRD1,TOMM40,CA11,TMEM143,ATP6V1A,DNAJC16,ACSF2,CXCL2,TMEM107,RNF207,LTC4S,ATF4,RNF213,SPHK2,CENPA,CENPF,CENPO,CENPS,GMNN,GMPS,ACP2,HNRNPA1,TRIB1,DHRS13,AKAP12,HSD17B1,GFY,BHLHE40,DMKN,ADGRF1,ASAP3,EPOP,RSPH3,CDK5RAP2,HNRNPF,ZNF367,GSN,FCGRT,ILF2,RAB36,RAB34,SNRPG,SRGAP3,CCDC12,RFC5,RFC4,RFC2,HAUS4,MTFR2,NEMP1,CYP3A5,CEACAM19,FTH1,PRX,AMN1,KIAA0513,FAM83E,CBX5,KDM5B,ZNF276,SLC38A1,FRMD8,SQSTM1,KANK3,TRABD2A,MYCBPAP,ZBTB47,NDUFA7,MBOAT1,SLC12A7,STX1B,KIF2C,EXOSC4,DCLRE1B,RGS3,COL5A3,PHF13,GALNT5,PRR11,SKA2,TRIP6,ING4,TIGD3,ZNF114,TIGAR,BLCAP,TOR3A,ITPR2,PSAP,PSCA,TRAF4,METTL27,TPCN1,MGAT4B,DPF3,SLC6A16,ANP32B,BICDL2,RAD51C,GDF15,KNTC1,A2ML1,ESR2,ARHGAP33,PRRG2,STN1"
"DEG_HVL_CRC29","266","0.89559999999999995","PAX8","PAX8","190","1450","0.99929999999999996607","1.000000000000000000","0.7815000000000000","ReMap--ChIP-seq","DDIT4,OPTN,TOE1,FXYD3,ATAD2,SRSF3,SDF2L1,APIP,C1S,E2F2,KCP,ICAM1,GIPR,PTK6,RAD1,CARD14,MKKS,ACOX1,SLC3A2,POLD3,ZSCAN31,NUP85,PLK3,BTG2,ADAMTSL4,TK1,PAPSS2,SLC17A9,SLC26A11,FKBP5,INSIG1,FANCA,CEBPB,IFIT1,ZNF846,HELZ2,TECPR1,CHRAC1,UQCC1,CRYL1,BRD3OS,IQCN,PDSS1,HSPG2,RBCK1,HACD2,MLLT11,SIRT4,UCP2,TTLL9,PFKFB3,BAIAP3,LPGAT1,EIF4A3,TXNDC12,ZNF724,RCC1,MXRA8,GCDH,EPHA10,DSN1,N4BP3,COL9A2,FAAP24,CRIP2,KLHL14,NDRG1,SLC52A1,ANKHD1,TREH,PIDD1,SFPQ,QRICH2,ENO1,CRACR2B,PA2G4,RNF168,LSM7,PGPEP1,LCA5L,CD109,MYL6B,PTTG1,SPNS2,RAI14,ACSF3,SGSH,CTPS1,HPDL,ACHE,CENPL,GMPS,BRIX1,CRKL,SNRPD2,SNRPD1,GREB1,IL11,GAA,DEPDC1,PNPLA3,PNPLA2,CRTC1,LOXL1,TBC1D31,SPOCD1,SYCE2,HOOK2,NASP,UBE2S,TRA2B,HNRNPU,HMOX1,MCMBP,HNRNPD,SNAI1,FNDC11,HNRNPC,RAB3A,SNRPE,WDR4,PIP5KL1,TFDP1,CATSPERG,POLR1E,HAUS8,SNRNP40,CALML6,ESCO2,DNA2,PANO1,PSD,HNRNPH3,NT5C,LMLN,PTGES3,PHYH,DYNLRB1,KDM5B,ZNF273,SQSTM1,ARRB2,ZBTB46,PARD6B,ATP9A,SCN1B,ANKH,PPP1R1A,ID3,ARMC12,RGL3,KIF2C,STAMBPL1,KIF26B,SPC24,DCLRE1C,KNDC1,RGS9,DOK3,RPF2,MAST3,GALNT9,ZP3,CLN6,CLCN7,LNX1,ACOT7,MTHFR,SERPINB1,IVD,ZNF117,PRSS33,ADAM8,ITPR3,FN3K,SCCPDH,RHEB,DUSP15,SLC37A4,METTL27,MGAT4B,CHAC1,PBLD,GDF15,SSC4D,TEDC1,STIL,TGFBR3,TM2D1,USP20"
"DEG_HVL_CRC29","267","0.89900000000000002","BRF2","BRF2","188","1441","0.99939999999999995506","1.000000000000000000","0.7776000000000000","ReMap--ChIP-seq","GSTK1,DDIT4,TEX22,ZNF23,GSTM2,AGO2,SFXN3,DUSP1,PAFAH1B3,SRSF7,KRTAP4-1,UHRF1,MT-ATP6,MRPS26,IGIP,PEX10,MT-ATP8,GRIN1,DMBT1,NUP160,NUP153,CA9,MYBL2,SLC3A2,POLE2,DNAAF1,GANC,NUP85,CDKN1A,ASPDH,SLC17A7,PHF5A,TMEM229B,HMCES,TPM2,ZNF790,FANCI,BMPR2,TULP2,IFIT1,IFIT3,GSAP,PARP2,VWA2,CHRAC1,KISS1R,GINS4,STX16-NPEPL1,UQCC1,MT-ND6,MT-ND4,MT-ND5,MT-ND1,EML5,LYZ,GRIN3B,UCK2,SIRT4,FAM227A,FHL2,DSE,ZDHHC6,CLHC1,CAVIN2,MOK,GLB1L,ARHGEF39,RCN3,EPS8L2,VIM,PIH1D1,SULT2B1,TYRO3,SLC16A14,PLCH2,PFAS,CARD6,TMEM158,ZNFX1,YEATS4,LZTS3,RANGAP1,MROH8,SKOR1,RNF24,SLC46A3,JMJD6,PTPRN2,UBAP1L,TMEM143,TMEM145,FAM186B,ANGEL1,DNAJC18,NFKBIA,TMEM107,HSH2D,MT-CO1,MT-CO2,MT-CO3,RNF213,ODC1,NUDT15,SPATA7,MT-CYB,ITGB2,PGM2,ITGA1,ADORA2B,SNRPD1,DHRS12,GAL,TBC1D32,BORA,PPIH,EMID1,CACNA1F,ADGRG1,NABP2,PKD1L2,EPOR,RSPH1,ATG12,ZNF395,CEP85,YJEFN3,ZNF345,SNRPN,CBFB,PLXNA2,SRGAP3,NECTIN4,CALML6,PCLAF,C2CD4C,PPL,RFNG,CBY1,FAM167A,MT-ND4L,DDX39A,PIF1,ZBTB7C,ABCA7,GDPGP1,PPM1N,BARX2,CYB5B,CTNS,FAM53A,TMPO,PAQR6,KIF20B,FUOM,CD72,RGS3,FUT3,RSRP1,PAOX,AURKB,SHLD2,SERPINE1,TSPYL4,ING2,BATF2,MZT1,TEX9,SLC37A1,RNPEPL1,TRAF2,HIRIP3,CHADL,INPP4A,PTGES,CDS1,LCN15,ANKEF1,ANP32E,DAZAP1,RAD51C,IFI6,CAMK1,PDZD7,MAVS,ARHGAP30,STN1,USP20,AQP11"
"DEG_HVL_CRC29","268","0.90239999999999998","NFE2L1","NFE2L1","187","1438","0.99950000000000005507","1.000000000000000000","0.7747000000000001","ReMap--ChIP-seq","LYPD6,ZNF32,NCAPG2,MMP25,NHSL1,DUSP4,RAPGEF3,EGLN3,ALDH1L1,MAP3K8,FBXO15,SP5,E2F2,CES3,APOE,FBXL2,PLD1,NUP153,TNFAIP2,CA8,ZSCAN31,GJB4,GJB5,EXOC7,COPZ2,RCCD1,GART,LBR,SECISBP2L,SAPCD2,MCM5,HECTD2,SVBP,MACC1,APOC1,C2CD3,MATN2,ARHGDIB,ACYP2,ACYP1,ATP1B1,ALOX12,OPLAH,DCC,ALDH1A1,ZFYVE1,LACTB,PARPBP,CFAP70,UCK2,RNASEK,HLA-DMA,ETFBKMT,BDNF,ST6GALNAC1,LRP1,SLC25A21,PC,PCBP1,RIMKLA,SAMD9L,NDRG4,NDRG1,TBC1D2,MX2,ENO1,WSB1,VSIG10L,CARD6,ZFP36,NAGLU,ABHD4,KCNAB2,SMARCD3,RNF24,RHEBL1,ARL6IP1,CLIC2,CA12,FBL,DLG4,TGFBI,DBF4B,LTC4S,RNF213,MAGOHB,CHAF1B,RMI1,CENPO,FRK,CENPS,FTL,SPATA7,SMIM22,KCTD21,TTC39A,SNRPD2,TRIB3,MUC13,EEF1E1,HNRNPA2B1,GPRIN2,TBC1D13,UBE2S,CUEDC1,LDHA,HMOX1,TCN2,HNRNPD,CEP85,PCDHB3,GPI,TEAD1,ZEB1,CLCF1,VASH2,SLC26A1,PLXNA2,CHPF2,PKM,POLR1E,HAUS8,IFI27L2,FTH1,ATP6V0A1,CHMP1B,POU2F1,CBX3,SETMAR,CLDN4,ABCB6,TTYH2,FIGNL1,KCNMB4,ABCA5,IDUA,HAT1,S100A9,SQSTM1,LRRC58,PARD6B,DONSON,USH1G,FAM53A,PAQR6,IFITM10,LRRN2,CTSD,KIF2C,AKR1C3,DCLRE1A,SCN9A,GPD2,SLC1A5,PROC,NUP62,ZP3,BUD13,NUP37,MTHFR,ING2,NUF2,HCLS1,HSPA13,MORN2,NOTUM,ABHD11,DGKQ,MINDY1,PSAP,EFHC1,METTL27,LAGE3,CTNNAL1,MGAT4B,KIAA0753,GDF15,PRAG1,SSC4D,ARHGAP19,ESR2,MAVS,USP35,PRRG2,ZNF184,NAP1L1,BAX"
"DEG_HVL_CRC29","269","0.90569999999999995","ONECUT1","ONECUT1","189","1452","0.99950000000000005507","1.000000000000000000","0.7755000000000000","ReMap--ChIP-seq","GSTK1,HEXIM1,HEXIM2,DUSP1,PLSCR4,GOLIM4,SRSF7,C1S,IKZF2,IKZF3,BTD,PCK1,DDIAS,MT-ATP6,NMRK1,KLHL2,MT-ATP8,PLD1,LPXN,ACOX1,SLC3A2,SMC4,DEPDC1B,LHPP,PLK2,PLIN2,PAPSS2,BCHE,INSIG2,FGGY,MAP3K20,AKIRIN1,BCL6,CPM,LBR,ABLIM3,BCO2,HMSD,TRANK1,PARP2,FPGS,LIG4,ATP1B1,BLNK,MT-ND6,MT-ND4,MT-ND5,MT-ND1,HACD2,CFAP69,LYZ,BDH2,STAT4,FOXP2,FOXP1,MAF,TUBGCP3,PPP1R15B,HSD17B11,PC,LRR1,PIK3R1,MMD,FOXA2,OSR1,TANC1,HMGB1,NAA15,RAPH1,CREB3L1,CYP1B1,PLCD3,YEATS4,WBP1,GLRX,ZNF507,PNRC1,ZNF608,SOX5,MTUS1,TSHZ1,SIAH2,AMY2B,ALDH3A2,TMEM139,TGFB2,ACBD4,CXCL2,ALDH2,HPGD,SPG7,MT-CO1,MT-CO2,MT-CO3,RNF215,NINL,ZNF462,CENPN,FRK,INO80B,ZNF425,MT-CYB,ITGA1,NUDT3,SNRPD2,ACTN4,TRIB1,REG4,SMARCA1,ECHDC2,CSRNP3,HSD17B6,HNRNPA2B1,LOXL4,NAV2,FNDC3B,FLRT3,TTPA,PRELID2,CEP55,GRAMD2B,TLE4,SNRPG,CBFB,CCDC18,ADAMTS6,RFC2,CYP3A5,P2RY1,PSAT1,POLR3G,PM20D2,CITED2,CLDN16,RASEF,KLHDC10,CBX3,MT-ND4L,MYOF,SLCO1B3,SLC38A2,ARRB2,PPM1N,NTN4,CXXC4,TP53INP1,BEND3,DOP1A,TMPO,TSPAN5,XRCC4,KIF12,SLC43A3,EXOSC8,AKR1C3,GPAM,JADE1,SCN9A,SCARA3,MAT1A,DOK4,GPD2,RPF2,SPATA6L,PROC,COL5A2,BACH2,HOXA1,DAPK1,SERPING1,HBP1,TIMM10,FMO4,AGBL3,PUS10,AHR,IGFBP3,ITPR2,EFHC1,APP,TBCEL,MAOA,BCL11A,PRIM1,GDF15,STEAP4,TM2D1,TFPI,TOB1"
"DEG_HVL_CRC29","270","0.90910000000000002","ZNF766","ZNF766","125","1008","0.99960000000000004405","1.000000000000000000","0.7336000000000000","ReMap--ChIP-seq","MTHFD1,DDIT4,ZNF32,DUSP4,RIF1,MAP3K8,DGAT1,TNFRSF14,TMEM63A,CPLANE2,MRPS25,CACYBP,ZSCAN31,HCFC1,NUP85,BTG2,INSIG1,OSBPL6,SAPCD2,MCM6,MACC1,WDR97,TRANK1,ALOX12,OPLAH,BRD3OS,POC1A,RBCK1,ARG2,ETFBKMT,UBE2D1,KPNA2,BCL2L15,ST6GALNAC1,SLC25A19,HSD17B14,PRIMPOL,BAIAP3,SPON2,RCC1,PHYKPL,EPHA10,PEX11B,NPM1,HMGCL,LAMB2,SLC6A9,TMEM187,ASAH1,RNF138,LCA5L,CBLN3,PARP10,FAM20B,RELL1,ZC3H18,CXCL2,FUCA1,CHAF1A,RMI2,ZNF473,CENPU,CENPF,YPEL3,CENPS,YPEL2,EIF4EBP1,SPATC1,HNRNPA1,HNRNPA3,HNRNPAB,CCDC102A,TRIB3,LPAR5,SHARPIN,ADGRG5,HOOK2,NYNRIN,CDK5RAP2,ANAPC11,NFATC4,NRSN2,GRAMD2A,ALOX5,CCDC24,CCDC12,PKM,FTH1,IZUMO1,AMN1,LMO2,MYCL,FAM83D,CBX5,MRPL11,TMC4,ZNF215,ZFP69B,XRCC6,EXOSC4,SPC25,DCLRE1B,GEMIN2,KIF4B,DAPK2,HOXB9,RAD21,MTHFR,ING4,FMOD,TOR3A,ITPR2,NIPSNAP1,TPCN1,INPP4A,PTGES,DAZAP1,PPCDC,KIF13B,PRAG1,SEZ6L2,ALYREF,ESR2,OPRL1,USP20"
"DEG_HVL_CRC29","271","0.91249999999999998","HOXA9","HOXA9","187","1451","0.99970000000000003304","1.000000000000000000","0.7667000000000000","ReMap--ChIP-seq","BTBD19,DZIP3,NCAPD2,ALDH1L2,KCNK5,NKX3-2,MSL2,TSPOAP1,TRIM38,CCP110,SDC4,NKAIN2,MT-ATP6,MT-ATP8,ETS1,PLD1,TNFAIP2,RRM2,NUP205,PLK3,PLK5,PLK2,TK2,GJD3,PODNL1,OIP5,CSGALNACT1,OSBPL5,LBR,PHACTR4,CEBPB,MACC1,IFIT1,NIPAL3,SYNPO,SLC22A4,MACF1,LRRCC1,ACYP2,CGAS,DCC,DCK,ALDH1A3,DEK,MT-ND6,MT-ND4,MT-ND5,MT-ND1,SAMD11,SLC25A45,FOXP1,ST6GALNAC1,NXT1,LRP1,PPP1R14C,SPON2,LRR1,TXNDC12,ACAD10,ZNF714,TAS2R38,DOC2A,PCSK4,MMD,ANKHD1,CD164L2,SFR1,YWHAH,CIP2A,VIM,EHF,RAPH1,PIH1D1,PRDX4,SLC6A9,PFAS,MSRB2,ZFP36,TMSB10,CEMIP,PTBP3,RHEBL1,CARHSP1,TSHZ1,CXCR4,SPNS3,FAIM,TGFB2,DNAJC12,ACSF2,TMEM107,HSH2D,DBF4B,POMK,MT-CO1,MT-CO2,MT-CO3,CDCA7,MED22,SAMD9,CENPS,DLX4,MT-CYB,DEPP1,PINK1,EGR3,ECHDC3,ACY1,MGAT1,NRTN,GEN1,EMID1,ADGRG5,TMEM234,CRY1,DNAH7,ZNF395,NFATC3,RMDN2,TCTN1,NSD2,NUCB2,CEP126,CEP135,ILF2,ZNF318,ZNF302,REEP6,CNIH3,TCIRG1,RFC3,PKM,TFDP1,NEMP1,SNRNP40,CALML6,PCLAF,ATP6V0A1,HIP1,NT5E,FCGBP,IDH2,FAM167B,MT-ND4L,IQGAP3,EZH2,VSIR,MRPL51,CKS2,PIM1,FRMD8,TRABD2A,BIRC6,NTN1,PAG1,KIF2C,EXOSC2,CD82,GEMIN2,HNRNPUL2,RASGRP2,PHF19,AURKB,SYTL3,ASF1B,ING3,TIGD3,BATF3,NFAM1,ZNF114,HSPA13,GPR3,ADAM8,PSAP,DAGLA,DCAF15,CFLAR,RUNX2,CEP57L1,IGSF1,BCL11A,INSR,HILPDA,ARHGAP19,STIL,CKAP5,PRRG2"
"DEG_HVL_CRC29","272","0.91579999999999995","GATA2","GATA2","186","1448","0.99970000000000003304","1.000000000000000000","0.7638000000000000","ReMap--ChIP-seq","DDIT4,HEXIM1,HEXIM2,BTBD19,JAG1,AGO2,DUSP1,RAPGEF3,TARBP1,CYSRT1,NEK8,SDF2L1,C1S,E2F1,TNFSF10,ARL15,SDC4,NDUFAF3,PTMS,MT-ATP6,TLCD1,FILIP1L,MT-ATP8,PLD1,ELF3,SLC3A2,CD4,PLK3,BTG2,INSIG1,LBR,WIPI1,ABLIM3,MGME1,ZNF843,FAM47E,ATP1B1,COLGALT2,MT-ND6,MT-ND4,MT-ND5,MT-ND1,LIPH,HES7,LXN,CFAP69,ELOVL5,SLC29A1,PROCA1,MYLK4,LAG3,SH2D4A,PPP1R15B,BCAP29,SLC34A3,GCDH,TMEM150A,CFAP45,PSRC1,VIM,EHF,CREB3L1,MYB,WSB1,MED8,SLC2A12,ASAH1,PLCD3,NAGLU,DISP2,RNF24,NECAB3,AMPD3,FAM20B,SLC20A1,CA12,KRT19,ELMO3,TMEM123,ASIC1,ACBD4,TSEN15,CXCL2,ALDH2,TMEM107,TMEM109,MT-CO1,MT-CO2,MT-CO3,RNF224,LIN54,BHLHE41,TCP11L2,ATL1,CENPN,YPEL5,YPEL2,EXOC3L1,MT-CYB,SNAP23,PBXIP1,HNRNPA1,CCDC9B,DHRS13,PDIK1L,HSD17B1,KIAA1958,SIDT2,SYCE2,UBE2C,BHLHE40,PHTF2,TRA2B,ATG12,HNRNPL,HNRNPF,GRAMD2B,GRAMD2A,KAT2B,TUBB4B,TM7SF2,TLE3,RAB34,CHPF2,PKM,P2RX4,ATP6V0E1,KRT7,CITED2,AMN1,KIAA0513,ITPRIP,CBX5,POU2F1,WEE1,MT-ND4L,NCAPH,FLNB,PIM1,FRMD8,SLC38A2,ARRB1,ARRB2,TP53INP1,MBOAT1,DOP1A,IFI35,ST6GAL1,RSAD2,ANKH,TSPAN5,TECR,SLC43A1,CD55,CD82,JADE1,SLC1A5,ISOC1,AURKB,NUP43,GALNT7,S100P,DAPK1,SSPN,ANXA4,ABHD11,PSAP,DUSP12,TRAF4,METTL27,CFLAR,TPCN1,CCT6B,HILPDA,KIF13B,TUBG2,TUBG1,GDF15,PHOSPHO2,SELENOP,SMAD3,CKS1B,ABCC4,TFPI,LEKR1,NAP1L1"
"DEG_HVL_CRC29","273","0.91920000000000002","AHR","AHR","186","1450","0.99970000000000003304","1.000000000000000000","0.7625999999999999","ReMap--ChIP-seq","FXYD3,SFXN3,DUSP1,KCND3,RAPGEF3,ZKSCAN1,NEK8,KCNK5,BCAS1,NNAT,TSPOAP1,TRIM37,ICAM2,ATXN7L1,MT-ATP6,ZHX2,TLCD1,FILIP1L,MT-ATP8,TGM1,PLD1,CA2,PLEC,POLD4,RALY,NAMPT,DNAAF1,ARMC3,BTG2,ADAMTSL4,ADCY6,TMEM229B,DYRK1B,INSIG1,MAP3K20,LHX4,CPM,WIPI1,ESPL1,MCM2,CEBPB,NIPAL2,TPX2,TMED8,PARP2,PARP9,AMIGO2,GINS2,STX16-NPEPL1,TIMELESS,ALDH1A3,MT-ND4,MT-ND1,SAMD12,ELOVL5,RIPK4,PROCA1,FAM227B,TROAP,BCL2L12,ZBBX,NXT1,CTHRC1,PIK3R1,ZNF704,N4BP3,MMD,HOMEZ,BMP4,APPBP2,BCL7C,TAF1B,CCDC170,TLNRD1,ABAT,GLDN,WNT10B,CHKA,CYP1A1,TACR2,JDP2,ABHD4,LCA5L,MCCC1,CREBRF,TNFAIP8L3,AKAP5,CA12,KRT13,KRT19,KRT15,FBL,FAM186B,ANGEL1,DNAJC22,ASIC1,TGFB2,NFKBIA,TGFBI,TMEM107,MT-CO1,MT-CO2,MT-CO3,CDCA5,LRRC10B,HOXC10,CRB2,ZSWIM8,YPEL2,ITGB4,ITGB2,ACP6,PGM2,ACP2,ITGA3,PRPS1,KCTD21,BRIP1,TBC1D31,SHQ1,PRR15L,UBE2T,BHLHE40,ADGRF1,CUEDC1,CDK5RAP3,PLEK2,HNRNPL,SNAI1,CEP55,DHRS2,TM7SF2,RAB34,SRGAP3,PIP5KL1,ADAMTS9,PKM,NEMP1,KRT7,GPR37L1,KIAA0513,NR2E3,RASA2,MT-ND4L,RFX5,AGAP2,PSMG1,MYOF,LYPLAL1,ARRB1,ZBTB46,PARD6B,ATP9A,SLC12A9,BPIFB1,TECR,SPTLC2,TMPRSS2,DCLRE1B,RGS9,CD8A,AURKB,CHURC1,PRR11,SKA2,S100A13,PRR29,SIVA1,PRSS22,ANXA4,TM9SF1,FMOD,SEMA6C,MINDY1,GPX2,SLC24A1,TNNI1,PPCDC,RAD51C,TUBD1,CAMK1,PDZD7,SMAD3,USP35,KLF10,TOB1"
"DEG_HVL_CRC29","274","0.92259999999999998","KMT2A","KMT2A","185","1448","0.99980000000000002203","1.000000000000000000","0.7591000000000000","ReMap--ChIP-seq","SMCO4,HEXIM1,HEXIM2,PBX3,SFXN2,DUSP1,IFT140,TARBP1,MAP3K5,PIWIL4,MSL2,E2F5,E2F7,TRIM37,FBXO5,FBXL5,ZHX2,PTMA,PCNT,KLHL2,ADAM10,LMNB1,POLE2,SMC4,ALCAM,WDR76,PRKD3,PRKDC,NUP85,CDKN1A,CDKN1B,USP1,PCGF6,CDKN2C,MRE11,TMEM179B,OIP5,CSGALNACT2,MAP3K20,BCL6,BCL2,MCM7,MCM4,BCOR,MCUB,CHRAC1,SUSD6,DOCK11,FPGS,CGAS,LIPA,UBASH3B,STARD9,GRIN2B,MLLT11,UCK2,TUBA1B,FGFBP3,APPL1,ELOVL5,SLC25A40,FOXP1,RNASEH2B,ACAT2,SOCS2,BCL2L11,PIK3CD,SH2D3C,DBF4,NSMCE4A,DUT,LRR1,PIK3R1,ARSB,SUV39H2,SATB1,DOT1L,CCNE2,HMGB2,NAA15,TAF5,MYB,WSB1,NHLRC3,IMPA2,RNF168,HBEGF,ASAH1,ZNFX1,ABHD4,RNF170,RANGAP1,PTBP3,WBP1,JMJD6,CD109,TSHZ1,SIAH2,CLIC4,FAF1,SGK3,SLC20A1,AKAP7,PTTG1,EOGT,ITGB3BP,HSPD1,HSPE1,FAR2,EPB41L2,LIN54,RMI1,ATL1,CENPP,CDKN3,CD274,ZNF425,NUDT3,KIAA1958,RPP30,TBC1D31,SYT1,MXD1,TMEM223,ACTA2,HNRNPU,ZNF395,LDHA,HNRNPF,FAM210A,TCP1,CNIH3,AMD1,HAUS1,PKM,POLR3G,CITED2,CBR3,HOXA11,KLHDC1,LEF1,PCED1A,FAM167A,NCAPH,GPR19,CTCF,LETM2,CCSAP,PIGL,PELI2,SAP30,BIRC6,MAK16,LRRC8C,TMPO,KIF20B,EAF2,ID3,KIF11,KIF23,EXOSC8,EXOSC3,CD70,RPA1,GPD2,FUT4,NDUFV2,SPATA6L,NUP58,GABPB1,ANXA4,SF3A2,PUS10,ATP8A1,SCCPDH,AMH,NFAT5,RUNX2,BCL11A,ANP32E,ANP32B,KLLN,VLDLR,KIF18A,ARHGAP10"
"DEG_HVL_CRC29","275","0.92589999999999995","MAFB","MAFB","181","1452","0.99990000000000001101","1.000000000000000000","0.7380000000000000","ReMap--ChIP-seq","DDIT4,HEXIM2,BTBD19,DUSP1,EGLN3,MBD2,MAP3K8,SRSF3,ZKSCAN1,VPS13C,TNFRSF21,TRIM38,TRIM28,ARL15,PCK2,MT-ATP6,CACYBP,PCNA,MT-ATP8,TMOD1,PLD1,SLC3A2,ALCAM,GANC,PLK3,HOMER2,PLK2,BTG2,CDKN1A,CDKN1B,COL27A1,WIPI1,NOD1,MGME1,SLC35B2,ARRDC1,MACF1,C2CD5,CHRAC1,KISS1R,FAM47E,EMC9,GRHL3,STX16-NPEPL1,ACYP1,ATP1B1,BLNK,MT-ND6,MT-ND4,MT-ND5,MT-ND1,HES7,SLC5A1,TUBA1C,TUBA1A,SIRT4,SLC29A1,HR,GLIS3,NXT1,DHFR2,DHX58,PCBP1,ARSK,STBD1,MMD,PER2,ACAA1,ARMH1,HMGCR,ENO2,CHKA,PA2G4,ZFP36,CNGA1,PNRC1,ZNF608,SOX9,JMJD6,SIAH2,MYL6B,KRT13,KRT19,KRT15,HSPA2,DNAJC18,DLG4,TMEM107,TRNP1,SPG7,LCA5,TBKBP1,ATF1,MT-CO1,MT-CO2,MT-CO3,CDCA5,FAT1,MED22,YPEL2,FTL,MT-CYB,SMIM14,PBXIP1,DEPP1,REC8,MYO1B,HERC6,ACTN4,SLC45A4,EGR1,MRAP2,DHRS12,CSRNP3,OXGR1,MGAT1,VEGFA,LOXL1,CACNA1D,SYCE2,HOOK1,NABP1,CUEDC1,GNG3,ZNF395,HNRNPL,TEAD1,KAT2B,NUCB2,TM7SF2,CCDC12,CNIH2,C2CD4A,PPL,RALGDS,FUBP1,ITPRIP,COTL1,SAE1,SOWAHC,RASD1,WEE1,MT-ND4L,TTYH2,GPR19,LETM2,LYPLA2,ROM1,MRPL48,PELI2,FLNB,GOT1,TMEM18,BIRC6,MAK16,ATP9A,RASSF4,SLC12A6,TSPAN2,SURF1,TECR,RPA3,JADE1,HNRNPUL2,GPD2,CLN6,CLCN4,LNX1,SIVA1,SERPINI1,TM9SF1,ABHD11,ADAM9,MINDY1,CFLAR,CEP57L1,DAZAP1,KLF11,USP11,STN1,USP20"
"DEG_HVL_CRC29","276","0.92930000000000001","ZNF589","ZNF589","179","1438","0.99990000000000001101","1.000000000000000000","0.7368000000000000","ReMap--ChIP-seq","SCO2,DDIT4,ORAI2,SET,HEXIM1,TOMM40L,RAPGEF3,CCDC9,ALDH1L1,KMT5A,MAP3K5,TNFRSF14,TSPOAP1,ICAM2,LGALS4,SDC4,SYP,NOXO1,COX17,MKKS,SYNGR3,CD7,ZSCAN31,DNAAF1,BTG2,IL10RA,PLP2,FGGY,CPQ,WIPI1,CEBPB,TULP2,ABLIM3,MACC1,IFITM2,HMX3,VWA7,TYMP,SUSD1,ISYNA1,ALOX12,COLGALT2,OPLAH,BUB3,HES4,DEK,RBCK1,CFAP74,GRIN2C,ARG2,ELOVL5,SIRT4,RNASEK,HLA-DMA,UCP2,STAT2,SLC25A45,FHL2,PCBP1,MMD,BCL7C,CDHR2,MARVELD1,VIM,ZCWPW1,PLCD3,NAGLU,TMSB10,CLIP2,LSM4,LSM2,NES,PTBP1,PGPEP1,LCA5L,PATL2,MYL6B,ANKRD9,SLC20A1,EOGT,ACBD4,ACSF3,CXCL8,TSEN15,CXCL2,PDE4A,POLM,CHAF1A,TCP11L2,SLC7A5,CENPA,GMPS,ACP2,TSPAN31,HNRNPA3,TTC39A,ACTN4,TRIB3,RAB27A,LPAR5,PDIK1L,NAPB,HSD17B1,TBC1D31,EMID1,BHLHE40,MXD1,MUC20,PINX1,PKD1L2,ADGRD1,NFATC3,FOSL2,EHD1,NRSN2,FAM210B,NSD2,BRSK1,HSPBP1,PLXNA2,MTFR2,CALML6,FTH1,GPR37L1,RALGDS,CBFA2T3,ITPRIP,LMO2,MYCL,SAE1,PFDN2,WEE1,AGAP2,VSIR,MRPL48,LYPLAL1,TMEM54,PIM1,FRMD8,SQSTM1,TRABD2A,MBOAT1,ERFE,ST6GAL1,LRRN2,KIF2C,EXOSC4,CD55,CD82,ISG15,SSH3,PHF13,PHF19,AURKA,CLCN4,S100P,SERPINE1,DAPK1,DAPK2,PRR29,MTHFR,FCRLB,SERPINB1,ITPKA,MORN3,PSAP,XAF1,TPCN1,MGAT4B,CDT1,ANP32B,PPCDC,KIF13B,RAD51C,GDF15,PRAG1,ABCG1,ARHGAP18,USP20"
"DEG_HVL_CRC29","277","0.93269999999999997","ZNF217","ZNF217","179","1440","0.99990000000000001101","1.000000000000000000","0.7356000000000000","ReMap--ChIP-seq","SPINT1,KCND3,AGR3,CYSRT1,LY6E,KCNK6,BCAS1,TRIM54,E2F8,LGALS4,SDC4,TMEM63C,PHGDH,FILIP1L,TNFAIP8,ELF3,ACOX1,ALCAM,NUP205,CGN,PAPSS2,MAP3K20,FANCM,FANCA,OSCP1,ABLIM3,STRADA,HEG1,AMIGO2,FAM47E,ACYP2,LPP,MFSD1,IQCK,LIPH,HES7,HACD2,ELOVL5,EMP2,POU5F1,FH,STAT4,HNMT,SOCS2,ST6GALNAC1,SH2D4A,PPP1R15B,SLC25A29,PC,DHFR2,POF1B,SLC34A3,PEX11B,N4BP3,MMD,CAPN8,CAPN5,CFAP45,PSRC1,MX2,EHF,ABAT,MYB,SULT2B1,PFAS,PLCD3,TMSB10,RNF170,ZNF507,IRX2,VIPR1,NADSYN1,SOX9,OVOL2,SIAH2,KNOP1,ALOX12B,CA12,PAM16,SPNS2,ACBD4,TMEM107,KRT80,LCA5,ARPIN,RNF224,RMI1,SLC7A5,ODC1,ETNK2,YPEL3,YPEL2,ZNF425,ITGB4,ITGB2,ITGB6,CRKL,TRIB3,TRIB1,SLC45A4,BRIP1,GREB1,PDIK1L,BUB1B,LOXL1,SIDT1,RARRES1,SYT8,BHLHE40,RND3,FBP1,TRA2B,HNRNPL,NRSN2,CEP55,GRAMD2B,KAT2B,ZEB1,TLE3,SLC13A4,CATSPERG,THSD4,P2RX4,NECTIN4,KRT7,GPR37L1,PPL,VASN,CCSER1,COL18A1,CHMP1B,AMN1,RASEF,SAE1,PFDN2,WEE1,MYOF,SLC38A1,S100A9,TRABD2A,TACSTD2,ARRB1,ARRB2,PARD6B,TSPAN5,ID3,CTSV,KIF23,STX19,TMPRSS4,CD55,SLC1A5,ISOC1,COL5A2,AURKB,UQCRHL,S100P,DAPK1,SYTL2,S100A16,S100A13,CDC6,DGKA,SCCPDH,GPX2,SEMA3C,SEMA3B,CTNNAL1,SMIM5,IGSF1,TMTC2,SLC6A20,PPCDC,RAD51C,TFF2,DMRT2,KCTD3,ARHGAP30,KLF10"
"DEG_HVL_CRC29","278","0.93600000000000005","MEF2B","MEF2B","179","1453","1.00000000000000000000","1.000000000000000000","0.7281000000000000","ReMap--ChIP-seq","ZC3H12D,ORAI2,FAM111B,KCNC3,TOMM40L,MBD2,MSH6,NEK9,SP2,TRIM66,C1S,ATP10D,E2F2,E2F5,TSPOAP1,TRIM38,IKZF3,ICAM1,SYNGR2,APOE,SPDYC,BRI3BP,SYNCRIP,RAC2,SLX4,ETS1,DAPP1,NUP160,MYBL1,PLEC,POLD4,POLD1,CD7,SMC3,WDR76,BTG2,CDKN1A,ADAMTSL4,IL10RA,PHF5A,HMCES,BCL6,MGME1,PARP1,KISS1R,MPHOSPH9,BLNK,STPG3,SMKR1,DCK,UBASH3B,GABARAPL1,NAPSA,UCP2,TTLL3,RNASEH2B,MDM2,NRARP,SPON2,N4BP3,MMD,DOT1L,GLB1L,ADPRHL1,CYBB,KLHL14,KLHL24,HMGB1,IRF8,MYB,CHKA,JDP2,GPR146,ZFP36,ILDR1,STIP1,LSM8,NES,GLRX,RNF26,PNRC1,ZNF608,SIAH2,SGK3,TOMM40,CXCR4,AKNA,PDE4A,ODC1,CENPC,NUDT22,CORO1A,ITGB2,SMIM14,SNRPD2,DHRS12,REM2,NUDT8,ADGRG5,TMEM231,MANSC1,TCF3,CUEDC1,EPOR,ZNF395,CATIP,PEA15,TCTN1,TUBB4B,TM7SF2,LAMP3,ZNF318,RFC2,DENND3,CCDC59,HIP1,IZUMO4,AMN1,CYP2W1,KBTBD8,COTL1,LMO2,IDH2,SAE1,TRPT1,FAM167B,FAM167A,WEE1,VPREB3,MYL5,FERMT3,TMC8,TMC6,CKS2,LYPLAL1,RABAC1,SLC38A2,RGCC,PPM1N,BEND3,PAG1,ID3,KIF2C,CD74,STK17B,GEMIN7,RASGRP2,PHF19,MAST3,PAOX,UQCRHL,BACH2,TERT,TNFSF9,FCRLB,ANXA4,FMO4,PUS10,ATP8A1,DNMT1,RAD51AP1,RHEB,DUSP12,TRAF1,METTL25,CFLAR,TPCN1,SLC6A16,INPP5D,ANP32B,DAZAP1,PPCDC,CAMK1,SMAD3,KLF12,USP13,LEKR1,SHCBP1,PIK3IP1"
"DEG_HVL_CRC29","279","0.93940000000000001","LEF1","LEF1","138","1161","1.00000000000000000000","1.000000000000000000","0.6991000000000001","ReMap--ChIP-seq","MMP25,RASL11A,KMT5A,VMAC,PKMYT1,SP5,TRIM54,TRIM46,E2F2,NOXO1,ZGRF1,CA2,CAD,SYNGR3,ETV4,ZSCAN30,PRKCQ,LHPP,KIFC2,PRUNE2,USP1,THOC6,FKBP5,FANCC,MCM3,SLC35B2,GSAP,TYMS,STX16-NPEPL1,CERCAM,BLNK,DDN,MUC1,HSPG2,EML2,SIRT4,SLC29A1,RECQL4,LYRM9,MAF,SOCS3,SLC25A16,BAIAP3,TONSL,PAXIP1,PIK3R1,ZNF703,N4BP3,SUV39H1,FOXD1,NPM3,PDGFRB,EVX1,CFAP43,HS3ST3B1,TBC1D2,GPR161,WNT10B,IMPA2,NMNAT1,TMSB10,SKOR1,ZNF608,NUAK1,SIAH2,AMPD3,WAS,RELL1,AKNA,CPLX1,NXN,HSPD1,HSPE1,FAT1,LRRC10B,PXDN,WNT8B,ETNK2,CENPN,CDKN3,CORO2A,ADORA2B,HNRNPA1,CRKL,SNRPD1,SYNC,HNRNPA2B1,CAPS,GNPTG,GPT,AIFM3,PEA15,TEAD1,TLE3,PLXNB1,ADAMTS9,PCLAF,SEPHS1,DNA2,COL18A1,CITED2,PSD,AMN1,SORBS1,KBTBD8,HOXA11,PHYH,MYCL,CBX5,CBX3,SAE1,LEF1,THBS3,KRTCAP2,RHBDL3,LRRC17,HAS3,FLNB,PIM1,NTN1,SEC31B,LRRN2,ID3,ARMC12,CD44,CD82,JADE1,MAST4,HOXA1,DAPK1,FMO1,NOTUM,TPCN1,CMC2,BICDL2,NME5,KIAA0753,USP28"
"DEG_HVL_CRC29","280","0.94279999999999997","MEF2C","MEF2C","177","1446","1.00000000000000000000","1.000000000000000000","0.7228000000000000","ReMap--ChIP-seq","DDIT4,HEXIM1,HEXIM2,LGMN,DUSP5,PTAFR,MBD2,AGRN,C1S,TSPOAP1,E2F7,TRIM38,IKZF2,IKZF3,ICAM1,SYNGR2,TP73,MT-ATP6,TLCD1,NOXO1,MT-ATP8,UBA7,LPXN,IGF2R,LMNB2,LMNB1,LYL1,MYBL1,SYNGR3,RALY,NAMPT,BTG2,CDKN1A,ADAMTSL4,ADAMTSL2,PHF5A,HMCES,RALGAPA2,BCL2,MAP3K14,WIPI1,MGME1,MACC1,IFIT3,SLC51A,PARP1,PARP2,MKRN2OS,COQ2,BLNK,MT-ND6,MDC1,MT-ND4,MT-ND5,MT-ND1,HLA-DMB,BCL2L11,MDM2,PIK3CD,SLC25A19,SPON2,PAXIP1,TNFRSF13C,DOT1L,GLB1L,PSIP1,HMGB1,IRF8,HMGCL,MYB,RTTN,ZNFX1,PLCD3,ZFP36,TMSB10,CNGA1,GLRX,PNRC1,CLIC4,AMPD3,ACBD4,ACSF3,NFKBIA,CXCL8,TMEM107,PDE4A,SPG7,LCA5,MT-CO1,MT-CO2,MT-CO3,CHAF1A,RMI2,PXDN,ODC1,HHAT,MT-CYB,ITGB2,SMIM14,DEPP1,MYO19,CCDC102A,HNRNPA2B1,ADGRG1,ADGRG5,BHLHE40,ALPG,CUEDC1,ADGRD1,ZNF395,EHD1,NUCB2,SLC39A3,TCTA,NEMP1,DENND3,CCDC59,GFI1,TUBB,PTGER2,AMN1,NT5E,ITPRIP,CBX3,IDH2,SAE1,YBX1,MT-ND4L,EZH2,CTCF,PIGW,TMC6,CKS2,LYPLAL1,PIM1,ZFP69B,TRABD2A,SLC38A2,CXXC1,TP53INP1,SLC12A6,ID3,CCR9,KIF2C,DERL3,CD74,CD70,JADE1,GEMIN7,SLC1A4,NDUFV2,PHF19,SERPINE1,SYTL3,FMN1,SERPINB1,WWOX,AGBL3,ATP8A1,GPATCH11,DNMT1,RNPEPL1,TRAF1,METTL25,TRAF4,CFLAR,TPCN1,SPAG1,OXTR,INPP4A,KLLN,DAZAP1,TUBG2,RAD51C,SMAD3,CKAP2,LEKR1"
"DEG_HVL_CRC29","281","0.94610000000000005","ZNF584","ZNF584","175","1442","1.00000000000000000000","1.000000000000000000","0.7158000000000000","ReMap--ChIP-seq","DDIT4,ORAI2,ZNF23,BTBD19,L1CAM,DUSP4,ALDH1L1,MAP3K8,KMT5A,MAP3K5,TSNAXIP1,SP6,KCNK5,KCP,CPLANE2,NOXO1,PLD1,FGF18,MKKS,SYNGR3,POLD4,ZSCAN31,DNAAF1,HCFC1,PLK3,ADAMTSL4,PLP2,INSIG1,CPQ,LBR,CKAP2L,WIPI1,SAPCD2,ABLIM3,MACC1,BRICD5,TANGO2,GINS3,SUSD1,ZCCHC8,COLGALT2,OPLAH,HES4,ZFYVE1,SCAMP5,RBCK1,CFAP74,NAPEPLD,HLA-DMA,HNMT,FHL2,SLC25A21,PCBP1,HYAL1,MMD,CDHR2,SLC6A9,TMEM187,TACR2,PLCD3,NAGLU,ZNF564,CEMIP,LSM5,LSM4,LSM3,PTBP1,PGPEP1,LCA5L,MROH6,METAP1,FAM20B,EOGT,ALDH3B1,ZC3H18,ASIC1,ACBD4,CXCL8,CXCL2,POLM,CDCA3,RNF213,CHAF1A,CENPA,NUDT21,YPEL3,ACP6,ITGA3,CDC45,HNRNPA1,HNRNPA3,TRIB3,PDIK1L,EMID1,BHLHE40,PINX1,TAPBP,ADGRD1,CDK5RAP2,LDHA,PLEK2,NFATC3,FOSL2,EHD1,HNRNPF,NRSN2,ZNF367,NSD2,RAB37,BRSK1,HSPBP1,WDR4,FTH1,SEPHS1,RALGDS,COL18A1,CBFA2T3,ITFG1,TLR1,AMN1,MYCL,CBX5,KDM5B,PCNX2,VSIR,MRPL48,PIM1,S100A2,S100A5,S100A4,S100A3,TMEM17,BIRC5,CXXC1,TP53INP1,MBOAT1,ERFE,PAG1,LRRN2,PAICS,ISG15,PHF13,PHF19,NUP62,NPHS1,SERPINE1,UNC13A,DAPK2,SERPINF2,ASF1B,RAD21,MTHFR,ITPKA,HCLS1,ZNF117,TOR3A,MINDY1,PSAP,RAD9B,XAF1,TRAF1,UNC93B1,CFLAR,MGAT4B,CCT6B,CDT1,ANP32B,KLLN,DAZAP1,GDF15,GOLT1A,APLP1,ARHGAP23,STN1,USP20"
"DEG_HVL_CRC29","282","0.94950000000000001","NFKB2","NFKB2","175","1449","1.00000000000000000000","1.000000000000000000","0.7119000000000000","ReMap--ChIP-seq","ZC3H12D,HEMK1,SCO2,DDIT4,SHMT2,KCNC3,SHB,TARBP1,GOLIM4,LY75,MAP3K8,NEK8,BCAS1,TSPOAP1,KCP,TRIM38,IKZF3,ICAM1,LGALS1,TNFSF10,RRAS,PTK6,TP73,MT-ATP6,RAC2,ZHX2,TLCD1,ORMDL3,MT-ATP8,PLAU,TMOD1,COX17,INAVA,LMNB2,SYNGR3,PLEC,MEX3A,BTG2,CDKN1B,ADAMTSL4,IL10RA,PLP2,BCL6,WIPI1,NOD1,BCOR,SLC35B2,SYNPO,SLC51A,TPX2,TYMP,FAM47E,EMC9,CDH24,MFSD1,PDXP,SLC4A8,MT-ND6,MT-ND4,MT-ND5,MT-ND1,RNASEK,PFKFB3,SOCS3,CDCA7L,PIK3CD,PCBP1,CCND2,CFAP45,MVP,PROB1,VIM,ENO2,MYB,CYP1B1,CDK18,WNT10B,GSDMB,SULF1,ZNFX1,COL16A1,ZFP36,TMSB10,ILDR1,LSM4,PGPEP1,TSHZ1,CLIC4,TMEM123,ZC3H18,DNAJC18,NFKBIA,PDE4A,MT-CO1,MT-CO2,MT-CO3,CHAF1A,RMI2,ZSWIM8,CENPO,YPEL5,CD274,DLX2,MT-CYB,SMIM14,MMS22L,DEPP1,CCDC102A,ALDH6A1,GEN1,EMID1,ADGRG5,RARRES1,UBXN10,BHLHE40,TCF3,ACTA2,FNDC3B,VASH2,VRK2,PKM,P2RX4,GFI1,RALGDS,IZUMO4,CBFA2T3,CBR3,MT-ND4L,MYL5,NCAPH,MRPL11,GPR19,LRRC32,TRABD2A,ARRB2,PPM1N,MBOAT1,SPATA20,RASSF4,TSPAN5,TSPAN3,KIF14,CD44,CD72,CD82,NXPH4,PHF13,NUP62,DAPK1,SYTL3,HOXB9,PRR11,SKA2,RAD21,HOXC8,CDC6,TNFSF9,FCRLB,TIGD3,BATF3,SERPINB1,MOB3B,DNMT1,DUSP12,SLC37A4,TRAF1,EFHC1,NFAT5,CFLAR,TPCN1,INPP4A,SMIM1,BCL11A,KIF13B,CKS1B"
"DEG_HVL_CRC29","283","0.95289999999999997","LHX2","LHX2","173","1443","1.00000000000000000000","1.000000000000000000","0.7059000000000000","ReMap--ChIP-seq","PBX3,CASP10,EFEMP2,MSH4,SMS,SRSF3,SPDL1,ATP10D,MT2A,ARL14,BTC,NKAIN2,MRNIP,MT-ATP6,SYNCRIP,KCNRG,MT-ATP8,PLAU,PLD1,ECT2,FGF18,ST3GAL6,PLK2,PAPSS2,CDKN2B,TTN,BCO2,IFIT2,ZNF814,C2CD3,AMIGO2,FAM47E,ATP1B1,LPP,COLGALT2,MFSD1,STPG4,ALDH1A1,RBKS,SLC4A8,MT-ND6,MT-ND4,MT-ND5,LIPA,MT-ND1,LACTB,LRSAM1,F3,FSCN2,STK31,SH2D4A,RCC1,TMEM87B,APH1B,MRPS6,G2E3,CAVIN2,SFR1,SFPQ,VIM,CRACR2B,FZD1,SLC2A12,ZNF587,CARD6,ZNFX1,TMSB10,ANKRD42,PTBP3,ASPM,DDX60L,ZNF608,MTUS1,MYL6B,ANKRD1,CC2D2A,AKAP7,KRT13,KRT19,KRT15,LTBP2,TGFB2,DLG4,TGFBI,CXCL8,TSEN15,KRT80,MT-CO1,MT-CO2,MT-CO3,ATF4,ATL1,ZNF462,COL3A1,FTL,COL17A1,MT-CYB,ELFN2,ACP6,ITGB8,ITGA1,HNRNPA1,HNRNPA3,NUDT6,EEF1E1,OSM,SH3RF2,HNRNPA2B1,PNPLA2,GEM,RARRES1,NABP1,RND3,ADGRF1,TRA2B,HNRNPU,AP1S2,GNE,LDHA,HNRNPC,GRAMD2A,TAF9B,NUCB2,ZNF326,TLE4,TLE3,SRGAP3,PKM,KRT7,PM20D2,FUBP1,CITED2,HNRNPH3,PTGER2,KBTBD8,CBX5,CBX3,MT-ND4L,LETM2,MYOF,LRRC17,SQSTM1,TRABD2A,SLC38A2,NTN4,TSPAN4,TSPAN5,RASSF9,PPP1R1C,ID3,SPTLC2,CD44,EXOSC9,CD55,COL5A2,SERPINE1,CCL20,TM9SF1,RTKN2,AHR,TOR3A,ADAM9,LSMEM1,SEMA3C,CTNNAL1,ADRM1,MGAT4B,PBLD,PLCXD2,ABCC4,ARHGAP10,LEKR1,BAX"
"DEG_HVL_CRC29","284","0.95620000000000005","HOXB13","HOXB13","173","1443","1.00000000000000000000","1.000000000000000000","0.7059000000000000","ReMap--ChIP-seq","HEXIM1,HEXIM2,JAG1,SHB,DUSP5,ATAD5,TARBP1,MAP3K4,NEK9,TRIM54,C1S,SLC36A4,TRIM38,TNFSF10,GOLPH3L,BTD,MT-ATP6,CNTRL,PHGDH,FILIP1L,MT-ATP8,MKKS,SLC3A2,GANC,ARMC1,NUP93,CDKN1B,CDKN2B,CSGALNACT1,TOM1L2,FANCC,DRC3,LBR,DNAJC1,MCM2,MGME1,TXK,C2CD3,EDN1,ZDHHC13,VWA2,AMIGO2,FAM47E,ALDH1A3,MT-ND6,MT-ND4,MT-ND5,MT-ND1,LIPH,HES7,GBP5,EML5,LXN,CFAP69,EXPH5,F3,FSTL1,UBE2D1,ST6GALNAC1,SH2D4A,SLC25A16,PPP1R15B,HSD17B11,SLC25A21,PPP1R14C,DHFR2,BCAP29,ASRGL1,DSN1,MICAL1,IMMP2L,MMD,IMMP1L,IFI44L,NPNT,CFAP45,FAM98B,EHF,PA2G4,PLCH1,PFAS,HBEGF,GPR158,PLCD3,TMSB10,RNF183,ASPM,ZNF507,IRX2,RNF24,DTNB,SIAH2,ALDH3A2,RELL1,TMEM123,ACBD4,CTDSPL2,KYNU,MT-CO1,MNX1,MT-CO2,MT-CO3,ATF4,CDCA2,LIN54,HOXC10,SLC7A5,CENPC,FRK,MT-CYB,SNRPD1,DEPDC1,XDH,LOXL1,MANSC1,DNAH5,DNAH6,ATG12,TM7SF2,SNRPB,CCDC15,CNIH3,RFC4,SNRNP40,PPIL6,PCLAF,CITED2,NT5C,SORBS2,RASEF,HOXA11,POU2F1,CBX1,MT-ND4L,TDP1,TRABD2A,EFCAB11,MAK16,TP53INP1,DOP1A,IFI35,SPATA17,ANKH,XRCC4,EAF2,ACER2,STX19,TMPRSS2,CD55,JADE1,AURKB,MAPK10,DAPK1,HOXB9,HOXC8,HBP1,ING3,AGBL3,LPCAT2,PUS10,RTKN2,ADAM9,NFAT5,ANP32E,KLLN,AUH,TUBG1,IL17RB,RAD51C,PTCHD4,PRAG1,KCTD9,TFPI"
"DEG_HVL_CRC29","285","0.95960000000000001","CBX2","CBX2","170","1441","1.00000000000000000000","1.000000000000000000","0.6932000000000000","ReMap--ChIP-seq","ZC3H12D,DPYSL2,PBX3,FXYD3,MMP25,MMP28,DUSP9,FBXO43,TRIM54,KCP,MT1X,IKZF3,MT2A,ATXN7L2,MT1F,TGFA,MSX1,TMEM176B,IGIP,KLHL2,CARD14,INAVA,ZIC2,MYBL1,CD6,CDA,FRMPD1,DNAAF1,NUP93,PRKD3,PLAC9,CDKN1A,SLC26A11,INSIG1,MAP3K20,LHX4,WIPI1,C1QL1,SMC1B,MKI67,HMCN2,SYNPO,GSAP,GRHL3,THPO,FHAD1,SNCG,SCAMP5,SAMD11,CFAP74,RIPK4,F3,MDFI,HLA-DMA,HLA-DMB,TTLL9,TNFRSF10C,BCDIN3D,TUBGCP3,FOXL1,SLC25A18,CECR2,EIF4A3,EPHA10,FOXD1,CCND2,ACACB,EVX1,ABHD12B,LAMC3,SOBP,IRF8,CCDC170,CYP1A1,CHN1,GPR155,ZFP36,ANKRD29,CALCOCO1,RBBP7,ZNF608,OVOL2,DTNB,QRFP,KRT19,TPPP3,KRT15,ANGEL1,HSPA2,NXN,RGS12,MNX1,AIF1L,HOXC10,WNT8B,YPEL5,ITGB2,SPACA9,CDC5L,GREB1,AKAP12,GAA,RIBC2,GPRIN2,SYT8,MUC20,DMKN,TENT4A,TTI2,CUEDC1,FBP1,PKD1L2,GRAMD2A,TCP1,GPNMB,VASH2,RAB36,PLXNA2,TMEM132B,TRPC1,HAUS5,CCDC40,DENND3,LMF1,SNRNP48,PPL,CBR3,HOXA11,MCF2L,RHBDL3,IL22RA1,TMEM106C,PELI2,SLC9A3,TMEM18,CRYBG1,ANK1,PPP1R36,ANKH,IFITM10,ARMC12,CTSD,KIF26B,RAMP1,KNDC1,RGS9,CLN6,NPHS1,HOXA1,ACOT7,SYTL3,SERPING1,TERT,SLC19A1,BATF3,BACE1,STK32C,AK8,DUSP15,TNNI1,AHNAK2,SPAG1,SLC6A20,BCL11A,BICDL2,NME5,TFF2,PRAG1,APLP1,ARHGAP10"
"DEG_HVL_CRC29","286","0.96299999999999997","NCOA3","NCOA3","171","1449","1.00000000000000000000","1.000000000000000000","0.6934000000000000","ReMap--ChIP-seq","ORAI2,PBX3,AGO2,NCAPG2,ATAD2,LGR5,SRSF3,FBXO45,FBXO43,BCAS1,TRIM46,TRIM37,ICAM2,TNFSF10,BRI3BP,POLA2,MT-ATP6,CNTRL,CACYBP,FILIP1L,MT-ATP8,CA2,MYBL2,ELF3,POLE3,NAMPT,DNAAF1,CGN,CIT,TMEM179B,FANCA,WIPI1,ESPL1,CEBPB,HDAC11,NIPAL2,TMEM184A,STRADA,MATN2,CHRAC1,STX16-NPEPL1,MKRN2OS,ZCCHC8,CRYL1,COLGALT2,MT-ND6,MT-ND4,MT-ND5,MT-ND1,SAMD12,C5,MLLT11,SIRT4,KPNA2,FAM227B,BCL2L15,MDM2,SLC25A19,PPP1R15B,CTHRC1,BCAP29,PEX11B,N4BP3,MR1,CCNE2,BMP4,APPBP2,TBC1D2,GLDN,SULT2B1,CHKA,SLC28A3,CLIP2,STIP1,PTBP3,MROH1,SIAH2,GLIPR1,TNFAIP8L3,STRBP,TGFB2,KRT80,SPG7,MT-CO1,ARPIN,MT-CO2,MT-CO3,ACHE,ATL1,CENPN,CENPP,MT-CYB,ACP6,RRM2B,BRIP1,REG4,WFDC2,TTF2,TBC1D31,GEM,PRR15L,BHLHE40,FBP1,LDHD,SNAI1,CSAD,ZNF367,SNRPE,ADAMTS9,THSD4,KRT7,GPR37L1,PPL,ZER1,KIAA0513,LIMA1,RASEF,NR2E3,AXIN1,MT-ND4L,KRTCAP2,ABCA5,PTGR1,LYPLAL1,TMEM67,ZBTB26,ARRB1,ZBTB46,PARD6B,TP53INP1,ATP9A,SLC12A9,ANKH,TSPAN8,TECR,CTSS,CTSK,TMPRSS2,CD55,DCLRE1B,RGS3,RGS9,SLC1A5,CALB1,SERPINE1,GABPB1,SYTL2,PRR11,SKA2,TRIP6,MRC2,FMO5,MORN3,DGKA,ABHD11,MINDY1,PSAP,CDK2,TRAF2,REXO5,METTL27,CTNNAL1,SPAG1,CMC2,TMTC2,RAD51C,TFF2,TUBD1,KCTD3,KLF10,LEKR1"
"DEG_HVL_CRC29","287","0.96630000000000005","PDX1","PDX1","171","1453","1.00000000000000000000","1.000000000000000000","0.6913000000000000","ReMap--ChIP-seq","ORAI3,HEXIM1,KCND3,ZKSCAN1,VPS13C,ARL15,GIPR,PCK1,CPLANE2,CACYBP,FILIP1L,SGSM1,PLD1,LPXN,TNFAIP8,MKKS,ELF3,TBX19,CGN,TK2,PRUNE2,TOM1L2,DRC3,MCM7,C1QL1,MCM3,MACC1,SLC35B2,NIPAL2,SLC22A4,PUM3,TPX2,C2CD5,KISS1R,FAM47E,GINS2,STX16-NPEPL1,LIG4,ATP1B1,CFAP221,SCAMP5,LIPH,SAMD11,HES7,GABARAPL1,SIRT4,FOXP2,GLIS3,DHX58,PCBP1,ZNF703,STBD1,TMEM150A,MMD,FOXA2,RTN1,ACACB,ANKHD1,YWHAH,EHF,ENO1,WSB1,PA2G4,SLC2A12,GCNT3,LSM5,PTBP3,ZNF608,MTUS1,MTUS2,TSHZ1,NUAK1,MYL6B,AMPD3,B3GNT5,CA11,TPPP3,TMEM143,ANGEL1,ELMO3,RELL1,DNAJC12,ACSF2,TMEM107,TRNP1,KRT80,HPGD,MNX1,LRRC10B,BHLHE41,TCP11L2,ZNF462,YPEL2,EXOC3L1,INO80B,OGT,PBXIP1,SYT13,ACTN4,TRIB1,MRAP2,DHRS12,OXGR1,PRR15L,CACNA1D,ADGRG1,MANSC1,RSPH1,CDK5RAP3,OTULINL,ZNF395,HNRNPL,GRAMD2B,KAT2B,NSD2,CEP128,TLE3,HSPBP1,SRGAP3,CNIH3,PPIL1,C2CD4A,FUBP1,CITED2,CLDN16,LMO2,MYCL,POU2F1,RASD1,TTYH2,ABCA5,LETM2,PELI2,TMEM17,PPM1N,CXXC4,ATP9A,TMPO,SPATA17,ANKH,TSPAN2,XRCC4,PPP1R1A,LMCD1,CD55,RPA3,GPD2,GEMIN7,SPATA6L,CLN6,GALNT7,HOXA1,DAPK1,DAPK2,TEP1,CDC6,SSPN,ABHD11,SLC37A1,GPX2,SPAG8,TPCN1,KLLN,DAZAP1,VLDLR,KIF13B,CKS1B,KLF11,TOB1,LEKR1,STN1"
"DEG_HVL_CRC29","288","0.96970000000000001","SATB1","SATB1","155","1343","1.00000000000000000000","1.000000000000000000","0.6762000000000000","ReMap--ChIP-seq","SMCO4,MTHFD1,L1CAM,ADAM28,STX4,NCAPD2,FBXO43,AMDHD2,TRIM66,SLPI,DHX9,SPDYC,BST2,FILIP1L,PLD3,FRMPD1,ALCAM,KNSTRN,SDSL,NUP85,RALGAPA2,OBSCN,INSIG2,FGGY,ZNF773,DNAJC1,MCM5,CEBPB,NOD1,MKI67,SLC22A4,TRANK1,ZDHHC13,GINS4,TIMELESS,SMKR1,ALDH1A3,SAMD12,CYP2E1,CFAP74,DCHS2,STAT2,CASTOR1,SLC25A45,MDM2,CNTNAP2,FOXL1,HSD17B13,HSD17B11,SLC25A35,ZDHHC6,ZNF703,TAS2R38,CCDC157,NPNT,IL17REL,YWHAH,CCDC191,CCDC194,MX2,MX1,QRICH2,NHLRC3,CDK18,PFAS,FAM234B,CCDC90B,ASAH1,ZG16B,LSM8,TADA1,ZNF519,NADSYN1,MCCC1,OVOL2,NECAB3,PTPRN2,PDE2A,CC2D2A,DISC1,TRIP13,AMY2B,UPK3A,GDAP1,PMP22,ACCS,PXDN,ZNF462,CENPE,SLC27A1,ITGB6,MYO7A,TRIB1,IL32,GPRIN2,PRR15L,PRR5-ARHGAP8,MGAM,TMEM221,DNAH6,CDK5RAP3,GNE,RNPC3,HMOX1,LAMP3,ZNF326,VASH2,PI3,NBEA,PLEKHG5,KRT4,SPTBN4,CYP2S1,PRX,TOP3A,LMLN,CHRNB4,FAM161A,SAE1,PCED1A,MRPL51,PIGF,FRMD8,GGCT,BEND3,STX1B,SPATA18,TSPAN2,LRRN2,KIF12,CTSV,CD70,HNRNPUL1,CALD1,COL5A2,PRSS22,TIGD3,IVD,SF3A2,DNALI1,AMH,RPL36A,ADRM1,SPAG1,LMAN2L,TMTC2,ARHGAP18,ESR2,MAVS,PCDHGB2,PCDHGA6,PCDHGA4,PCDHGA1,PCDHGB1,ITGB1BP2"
"DEG_HVL_CRC29","289","0.97309999999999997","MAFG","MAFG","162","1446","1.00000000000000000000","1.000000000000000000","0.6539000000000000","ReMap--ChIP-seq","SMCO4,MTHFD2,DDIT4,KCNC3,NHSL1,DUSP1,MAP3K8,KMT5A,SDF2L1,TRIM38,ARL15,KEL,ZBTB2,RACGAP1,CACYBP,TMOD1,PLD1,NUP160,NUP153,IGF2R,ZSCAN31,TK2,CDKN2C,IL10RA,MTNR1A,INSIG1,MAP3K14,NOD1,TULP2,ABLIM3,BCO2,MGME1,APOC1,IFIT3,TANGO2,FPGS,ALOX12,OPLAH,RBCK1,CFAP99,LXN,UCK2,NAPEPLD,RNASEK,STAT4,SLC16A5,NRARP,SH2D3C,RCC1,GLB1L,NDRG4,TAF4B,NAA15,SULT2B1,SLC6A9,CARD6,ZFP36,PGPEP1,PATL2,ASPM,SSX2IP,RNF24,RHEBL1,ARL6IP6,CCDC88B,FAF1,AMPD3,FAM20B,SGK3,CA12,KRT19,KRT15,CXCL8,CXCL2,TMEM107,EGFL8,PMP22,RNF215,SPHK2,CORO1C,MYO19,CRKL,TRIB3,PDIK1L,ADGRG1,TTI2,PKD1L2,ANAPC11,LDHA,NFATC3,EHD1,HNRNPF,NRSN2,TEAD1,CLCF1,CCDC12,RFC5,SLC13A4,CCDC34,HMGCS1,CHPF2,BPGM,FTH1,SLC44A5,COL18A1,CITED2,CHMP1B,AMN1,COTL1,FAM83E,IDH2,MRPL48,LYPLAL1,PIM1,SLC38A6,MAK16,PARD6B,MBOAT1,SLC12A7,RSAD2,TSPAN5,LRRN2,PAICS,TECR,SLC43A3,EXOSC4,EXOSC9,CD55,DCLRE1A,SCN9A,GPD2,NUP62,ZP3,AURKA,NUP43,GALNT7,CLCN4,BACH2,DAPK1,DAPK2,FMO5,ADAM9,PSAP,RHEB,METTL27,CFLAR,TPCN1,DPF3,INPP4A,ATM,KLLN,BTN3A1,BTN3A3,GDF15,SSC4D,STIL,SMAD3,ALYREF,CKS1B,ABCC3,ABCC4,ZNF184"
"DEG_HVL_CRC29","290","0.97640000000000005","EOMES","EOMES","159","1443","1.00000000000000000000","1.000000000000000000","0.6417000000000000","ReMap--ChIP-seq","SET,SHB,DUSP4,DUSP5,CASP8AP2,MBD2,LGR5,GOLIM4,NEK2,NEK8,SP5,KCNK5,IKZF2,ARL14,TMEM63A,SDC4,TNFSF15,DMBX1,TLCD1,KCNS3,ETS1,ZNF81,DMBT1,PLAU,ZGRF1,AUTS2,FGF17,LMNB1,ZIC2,CA2,ACOX1,CD4,SMC3,GJB4,GJB5,BTG2,CDKN1B,LBR,NOD1,AQP6,CSTF2,HEG1,STX16-NPEPL1,DIAPH3,CFAP221,BUB1,HACD2,VWA5A,F3,SLC16A5,CDCA7L,AUNIP,FOXA2,CAPN3,TANC1,KLHL14,EVX1,HMGCR,SOD3,PROB1,ENO1,CYP1B1,TYRO3,TMEM198,GLI2,FAM234B,CCDC90B,CHN2,CHPF,TMSB10,CLIP2,ANKRD42,ILDR1,CNGA1,DNMT3B,LCA5L,SMARCD3,GLRX,KCNJ12,ZNF608,NUAK1,PDE2A,ANKRD1,B3GNT5,CXCR4,KRT19,KRT15,PTTG1,EHHADH,TBKBP1,BHLHE41,ZNF462,NUDT21,YPEL5,YPEL2,ITGB6,ITGA1,CEP192,NRP2,SYNC,HNRNPA2B1,SCNN1A,TTI2,AP1S2,ZNF396,GMEB1,TLE3,TLE2,RAB34,PLXNA2,ADAMTS9,CCDC34,PKM,FRRS1,CITED2,CHMP1B,SORBS1,CBX3,SNAPC5,PGAP3,GPR19,GPR39,FLNB,FABP5,PIM1,TRABD2A,ARRB1,CXXC4,NTN1,NDUFA7,DOP1A,ST6GAL1,PGBD1,TSPAN8,TSPAN5,PAG1,ID3,CTSK,LMCD1,CD55,CD8A,CALB1,CHURC1,UQCRHL,MAPK10,SSPN,FMN1,NUF2,FMOD,RCAN2,WRAP53,GPX2,CFLAR,TNS4,INPP4A,ANKEF1,PRAG1,SMAD3,CKS1B"
"DEG_HVL_CRC29","291","0.97980000000000000","PCGF2","PCGF2","156","1450","1.00000000000000000000","1.000000000000000000","0.6248000000000000","ReMap--ChIP-seq","MMP25,DUSP4,LGR5,NPAS3,SP5,ONECUT3,NKX3-2,TRIM54,KCP,MT1X,IKZF3,MT1F,TGFA,TP73,MSX1,ENPP5,TMOD1,FGF11,ZIC2,GRM8,CA8,DQX1,LHPP,CGN,SLC17A7,CDKN2B,CSGALNACT1,TMEM178A,THOC6,LHX4,HMSD,HMX3,VWA2,SUSD4,GRHL3,DDN,BUB3,EML5,CFAP99,NGFR,LYZ,FGFBP3,RIPK4,LYRM9,FOXP2,TROAP,NRARP,FOXL1,PPP1R14C,ZNF704,FOXD1,SATB1,NPM3,DBR1,CCND2,HFM1,OSR1,NPNT,RTN1,EVX1,SOBP,IRF8,FAM98B,PIH1D1,WNT10B,DNAH11,PLCH1,CHN1,NMNAT2,YEATS4,CALCOCO1,SKOR1,ZNF608,SOX9,MTUS1,RECQL,MTUS2,TNFAIP8L3,CXCR4,ALOX12B,DNAJC22,DOCK3,CHMP6,HPGD,GDAP1,MNX1,SKAP1,PLA2G7,HOXC10,DLX2,DLX4,ITGB2,ITGB8,SPTB,CCDC102A,HERC5,GREB1,PDIK1L,IL32,SH3RF2,SIDT1,ADGRG1,ADGRG5,GFY,HOOK1,ATG12,OTULINL,C1QTNF2,CEP128,LAMP3,GOLGA8B,TMEM132B,RFC4,GFI1,SLC22A31,HOXA11,LMO2,CHRNA5,CBX2,SIX2,RBMS3,LEF1,RUFY4,CYB5R1,KCNMB4,RHBDL3,ZBTB7C,CRYBG1,BARX2,CXXC4,NTN1,ANK1,TSPAN8,SCML2,RGMA,EXOSC2,CD70,CD8A,SLC1A3,NPHP1,CHURC1,BACH2,HOXA1,HOXB9,HOXC8,TRIM9,PAX8,TIGAR,RHCG,CDS1,SLC6A20,BCL11A,BICDL2,LRRIQ1,ULBP2,ULBP1"
"DEG_HVL_CRC29","292","0.98319999999999996","SIX2","SIX2","154","1451","1.00000000000000000000","1.000000000000000000","0.6153000000000000","ReMap--ChIP-seq","SCX,SMCO4,COL13A1,JAG1,PBX3,SFXN3,SLF2,RASL11A,FBXO15,VMAC,VPS13C,NNAT,MT2A,ARL14,SDC4,TMEM63C,TGFA,BST2,PHGDH,ORMDL3,ETS1,DAPP1,AUTS2,HUNK,ETV4,ELF3,TBX19,DNAAF1,CDKN1B,GAS1,TMEM178A,OSBPL6,BCL2,TIAM1,GSAP,PARP1,SUSD6,NFYB,SUSD1,CDH24,ALDH1A3,UBASH3B,HES6,NGFR,DCHS2,RIPK4,EMP1,LYRM4,MAF,TUBGCP3,ST6GALNAC1,SH2D4A,CDCA7L,RNFT2,SPON2,ZNF703,RETREG1,FKBP10,FOXD1,ADPRHL1,TANC1,ACACB,ZFHX2,SOBP,CCDC194,MARVELD1,PLCE1,CDK18,GSDMB,CHN1,MSRB2,GPR146,LZTS1,NES,LCA5L,GLRX,ZNF608,TSHZ1,CORO6,CA12,STAC3,KRT80,CRABP2,LRRC10B,HOXC10,RMI2,CRB2,SPTB,TTC39B,FSBP,NRP2,THTPA,OXGR1,DEPDC7,TAGLN,CAPS,SIDT2,CACNA1H,RHPN1,BHLHE40,LDB3,ACTA2,ADGRF1,SSRP1,NYNRIN,NFATC3,CATIP,PBK,TLE4,TLE3,VASH2,PLXNA2,AP1G2,PLEKHG5,C2CD4A,COL18A1,HOXA11,SHISA2,SIX2,WNT11,IQGAP3,ABCA5,FLNB,SLC38A1,FRMD3,TRABD2B,MYCBPAP,TMEM18,SPATA20,PPP1R36,TSPAN2,TSPAN3,RBBP8NL,JADE1,SLC1A5,SSTR5,HOXA1,HOXB9,HOXC8,SERPINB1,ANXA3,WWOX,BLCAP,TRAF1,SEMA3B,TPCN1,DSCC1,GALNT18,PDZD7,SMAD3,ARHGAP10,LEKR1,STN1,USP28"
"DEG_HVL_CRC29","293","0.98650000000000004","OTX2","OTX2","156","1443","1.00000000000000000000","1.000000000000000000","0.6282000000000000","ReMap--ChIP-seq","TARBP1,KCNH3,SPDL1,TRIM66,VPS13C,NKAIN2,TNFSF15,FBXL5,MT-ATP6,KLHL2,MT-ATP8,COX17,ECT2,CA2,ALCAM,NAMPT,GAR1,ST3GAL6,PLK2,CDKN1B,PLIN2,PAPSS2,MAP3K20,OSBPL6,SYNE3,BCO2,IFIT2,PUM3,MATN2,AMIGO2,ISYNA1,LPP,COLGALT2,TOPBP1,ALDH1A1,RBKS,SLC4A8,MT-ND6,MT-ND4,MT-ND5,MT-ND1,LACTB,STARD9,EXPH5,EMP1,F3,STK31,CDCA7L,LRR1,TMEM87B,APH1B,CCDC121,IMMP2L,L3HYPDH,FOXD1,MRPS6,IFI44L,CFAP45,CCNA2,VIM,EHF,PLCH1,SLC2A12,PLCB4,CCDC90B,NAGLU,PTBP3,ASPM,RBBP8,DDX60L,ZNF608,SOX9,SIAH2,CC2D2A,BBS12,AKAP7,SPNS2,RAI14,LTBP2,DOCK4,TSEN15,PRTFDC1,LCA5,MT-CO1,MT-CO2,MT-CO3,PLA2G7,RNF215,ATL1,MT-CYB,ACP6,ITGB8,ITGB6,ADORA2B,HNRNPA1,NUDT6,EEF1E1,GEM,TMEM201,HNRNPU,AP1S2,PRELID2,GRAMD2B,ADAMTS9,CCDC77,KRT7,C2CD4A,PM20D2,CITED2,PTGER2,KBTBD8,CBX5,POU2F1,MAPK8,MT-ND4L,GPR19,LETM2,MYOF,LRRC17,TCOF1,SLC38A2,SLCO1A2,CRYBG1,NTN4,PARD6B,RASSF9,PPP1R1C,KIF14,SPTLC2,KIF23,STAMBPL1,EXOSC9,CD55,DCLRE1A,GALNT7,BACH2,CDC6,ANXA3,ANXA4,RTKN2,AHR,ADAM9,EFHC1,SEMA3C,CTNNAL1,CFLAR,APP,CCT6A,KIF13B,BTN3A1,SCEL,ARHGAP18,SMAD3,KIF18A,LEKR1,AQP11"
"DEG_HVL_CRC29","294","0.98990000000000000","SOX10","SOX10","149","1448","1.00000000000000000000","1.000000000000000000","0.5944000000000000","ReMap--ChIP-seq","DDIT4,JAG1,FXYD3,PLSCR4,FADS2,BCAS1,LGALS1,PHGDH,RNF144A,CARD14,PLD1,NUP160,RALY,ST3GAL6,CGN,CIT,PRUNE2,TMEM229B,FKBP5,INSIG2,AKIRIN1,CPM,WIPI1,IFIT3,IFIT2,TECPR2,TMED8,AMIGO2,TYMS,MTHFD1L,FAM47E,COMT,COLGALT2,IQCK,PDXP,ZFYVE1,PADI2,FGFBP3,ACTL6A,FSTL1,TTLL1,CSE1L,KRCC1,CTHRC1,EIF4A3,TXNDC12,PCBP1,SLC52A1,TREH,CFAP43,HMGCR,MDH1B,TLNRD1,GLDN,GPR161,PA2G4,SLC2A12,PLCB4,CHN2,SAAL1,NMNAT2,NMNAT1,MSRB2,LZTS1,ENKUR,NES,ZNF608,KNOP1,NAALADL2,DISC1,DCPS,ANGEL1,TMEM139,RELL1,TMEM123,PTCH2,CXCL8,TSEN15,TRNP1,HPGD,POLQ,BHLHE41,PANX1,CHAF1B,SLC7A5,INCENP,ATL1,CENPN,SLC27A1,SHC4,ITGB8,FSBP,ACTN4,TRIB1,DHRS13,NRP2,SHQ1,CACNA1D,HP1BP3,ADGRD1,CEP97,CDK5RAP2,PLEK2,CEP85,KAT2B,MGLL,ZNF326,TLE4,PI3,LMF1,DNER,TLR1,AMN1,SORBS1,RASEF,GAS2L3,POU2F1,KDM5B,NR2E3,FABP5,PARD6B,LRRC8C,PLEKHB1,ST6GAL1,ARMC12,TECR,KIF23,PDZRN3,DCLRE1C,SLC1A4,CALD1,NUP54,LNX1,STMN1,SSPN,HBP1,FCRLB,ANXA3,PSAP,SCCPDH,CDK2,TRAF4,CTNNAL1,CFLAR,CMC2,ANP32B,FEN1,PRAG1,ARHGAP18"
"DEG_HVL_CRC29","295","0.99329999999999996","DUX4","DUX4","153","1441","1.00000000000000000000","1.000000000000000000","0.6156000000000000","ReMap--ChIP-seq","DPYSL2,TOE1,BTBD19,PBX3,PBX1,NEK2,SRSF7,SP5,NOP58,IKZF3,FBXL5,ECT2,CNTLN,GRM8,SMC3,PLK4,PLK3,PLK2,INSIG2,HMMR,NOD1,SVBP,NIPAL3,GSAP,TXK,C2CD5,SUSD6,UQCC1,COQ2,LIN9,POC1A,BUB1,CFAP99,HMGXB4,ELOVL5,SIRT4,SIRT2,FSTL1,FAM228B,ACAT2,TUBGCP4,PPP1R15B,HSD17B11,CCNL2,ZNF703,CCDC121,DBR1,MR1,BMP4,HMGB1,CCNA2,CFAP57,LAMB2,TAF5,VIM,GLDN,DNAH11,SLC2A12,CARD6,MSRB2,STIP1,ANKRD22,IRX5,PNRC1,ZNF608,SOX5,MCCC1,JMJD6,ANKRD1,CC2D2A,AMPD3,PTTG1,SGO2,NTS,TGFB2,PTCH2,HSPA2,KYNU,HPGD,PMP22,ATF4,CDCA2,MAGOHB,PANX1,ZNF473,CENPC,COL3A1,YPEL5,CDKN3,NRF1,ITGB8,SPTB,NUDCD2,MUC13,HSD17B1,LOXL4,TMEM232,TMEM234,NAV2,ACTA2,CEP97,ANAPC11,AIFM3,C1QTNF2,TEAD1,TUBB4B,TM7SF2,FCGRT,ILF2,SRGAP3,THSD4,P2RX6,SNRNP48,FUBP1,TOP2A,DNER,FAM161A,CLSPN,KDM5B,GNA14,CLDN4,PIGZ,LETM2,PTGR1,ZFP69B,BIRC6,PRC1,TSPAN5,IFI44,PPP1R1C,CTSS,KIF24,EXOSC9,GPD2,NUP54,HPRT1,PRSS22,ANXA3,ANXA4,MORN2,AGBL2,AHR,ADAM9,CDK1,RAD9B,EFHC1,METTL27,PRR5L,HIRIP3,CTNNAL1,PTGES,KCTD9,ALYREF"
"DEG_HVL_CRC29","296","0.99660000000000004","NME2","NME2","139","1448","1.00000000000000000000","1.000000000000000000","0.5503000000000000","ReMap--ChIP-seq","DHFR,FXYD3,KCND3,CCDC9,LY75,SP4,E2F2,ATXN7L2,ARL14,GRIK5,NMRK1,ZHX2,ORMDL3,DYNC1I1,ZNF81,COX17,DAPP1,FGF11,TNFAIP2,GRM2,GRM8,POLE4,PLK1,LEMD3,INSIG2,ZNF773,CEBPB,CEBPG,STRIP2,TMEM184A,TPX2,MEGF6,ARHGDIB,UBASH3B,HES7,EML5,RBP5,SIRT4,EMP2,FSTL1,BCDIN3D,MCM10,IL1RAPL1,RETREG1,SERTAD4,NEDD1,FOXA2,SFR1,INAFM1,VIM,EHF,MYB,CYP1B1,CDK18,GSDMB,SLC16A14,SULF1,ALMS1,STIP1,ZG16B,PTBP3,ZNF513,ZNF507,TSHZ1,NUAK1,ANKRD9,MAP4K1,B3GNT9,TLDC2,CA12,TMEM143,DNAJC18,TMEM109,UPK3A,TPRG1L,CDCA8,RNF213,CRB2,COL17A1,DLX4,ITGB6,ITGA1,TSPAN31,ACTN4,ZNF585A,VEGFA,BHLHE40,NAV2,NYNRIN,RNPC3,PROM2,ATG2A,CEP128,LAMP3,VASH2,SLCO2A1,CNIH2,CEACAM19,NECTIN4,SPTBN4,PRX,C1RL,AVEN,PPP2R5B,PFDN2,LEF1,AGAP2,ABCA5,FERMT3,CCSAP,KANK2,ZNF226,ANKH,PAG1,RASSF9,LMCD1,TMPRSS9,CD70,SCN9A,KIF4A,GALNT9,SSTR5,FMN1,NUF2,CLSTN3,AHR,LAGE3,SEMA4G,TNS4,SLC6A20,BCL11A,ANKEF1,STEAP4,PRAG1,PLCXD2,SMAD3,USP37,KLF11,STN1"
"DEG_HVL_CRC29","297","1.00000000000000000","HES1","HES1","80","787","1.00000000000000000000","1.000000000000000000","0.5864000000000000","ReMap--ChIP-seq","SLF2,MAP3K8,NOP58,TRIM37,TGFA,MT-ATP6,PTMA,MT-ATP8,IGF2R,SDK2,AP5Z1,IPO5,CPM,C1QL1,MT-ND6,MT-ND4,MT-ND5,MT-ND1,CYP2E1,CFAP69,NGFR,VWA5A,ARL14EPL,STK31,CNTNAP2,ARSA,ZNF714,TAS2R38,CCDC122,MCUR1,NHLRC3,GPRASP2,LSM5,SMARCD3,ARL6IP6,DTNB,LACC1,PDE6D,GDAP1,MT-CO1,ARPIN,MT-CO2,MT-CO3,RMI1,ZNF462,FRK,MT-CYB,OXGR1,DEPDC5,PCDHB12,PCDHB10,SPOCD1,MGAM,RND3,TTI1,PROM2,PCDHB9,CNIH3,HGFAC,CEMIP2,MAPK8IP2,CASP4,PPP2R3C,MT-ND4L,PID1,FRMD3,LRRC8C,MBOAT1,PPP1R1A,KIF14,KIF27,S100P,SYTL2,AGBL3,CACNG8,SLC6A14,INPP5D,LRRIQ3,KIF18B,USP13"
